{"type":"FeatureCollection","features":[{"type":"Feature","properties":{"code":"1302801"},"geometry":{"type":"Polygon","coordinates":[[[-64.05,-3.702],[-63.995,-3.7],[-63.97,-3.72],[-63.975,-3.774],[-63.942,-3.807],[-63.863,-3.817],[-63.788,-3.794],[-63.83,-3.78],[-63.851,-3.799],[-63.88,-3.793],[-63.926,-3.744],[-63.919,-3.696],[-63.928,-3.643],[-63.976,-3.605],[-64.02,-3.624],[-64.036,-3.581],[-64.104,-3.539],[-64.124,-3.518],[-64.159,-3.511],[-64.158,-3.477],[-64.139,-3.449],[-64.151,-3.419],[-64.112,-3.368],[-64.084,-3.352],[-64.109,-3.303],[-64.151,-3.271],[-64.163,-3.239],[-64.193,-3.253],[-64.206,-3.229],[-64.251,-3.186],[-64.255,-3.169],[-64.292,-3.153],[-64.263,-3.099],[-64.293,-3.08],[-64.319,-3.088],[-64.336,-3.066],[-64.334,-3.022],[-64.371,-3.004],[-64.41,-2.959],[-64.436,-2.947],[-64.453,-2.89],[-64.448,-2.862],[-64.465,-2.822],[-64.503,-2.777],[-64.51,-2.742],[-64.445,-2.744],[-64.403,-2.715],[-64.358,-2.721],[-64.338,-2.692],[-64.358,-2.651],[-64.425,-2.639],[-64.421,-2.608],[-64.438,-2.571],[-64.417,-2.534],[-64.424,-2.468],[-64.447,-2.438],[-64.49,-2.439],[-64.508,-2.411],[-64.529,-2.401],[-64.529,-2.337],[-64.521,-2.31],[-64.479,-2.265],[-64.425,-2.24],[-64.367,-2.265],[-64.368,-2.252],[-64.41,-2.207],[-64.492,-2.18],[-64.511,-2.234],[-64.534,-2.245],[-64.59,-2.224],[-64.624,-2.235],[-64.641,-2.213],[-64.699,-2.165],[-64.712,-2.139],[-64.689,-2.062],[-64.692,-2.038],[-64.718,-2.017],[-64.785,-2.046],[-64.812,-2.078],[-64.84,-2.077],[-64.928,-2.114],[-64.929,-2.026],[-64.948,-1.995],[-64.907,-1.976],[-64.92,-1.958],[-64.932,-1.898],[-64.964,-1.886],[-65.019,-1.909],[-65.06,-1.969],[-65.09,-1.962],[-65.135,-1.974],[-65.172,-1.959],[-65.182,-1.92],[-65.17,-1.865],[-65.192,-1.802],[-65.213,-1.781],[-65.295,-1.785],[-65.338,-1.77],[-65.356,-1.769],[-65.418,-1.733],[-65.468,-1.743],[-65.483,-1.792],[-65.528,-1.774],[-65.535,-1.751],[-65.519,-1.694],[-65.526,-1.673],[-65.617,-1.658],[-65.648,-1.645],[-65.65,-1.607],[-65.668,-1.582],[-65.67,-1.545],[-65.692,-1.496],[-65.731,-1.466],[-65.78,-1.481],[-65.818,-1.448],[-65.85,-1.462],[-65.876,-1.452],[-65.886,-1.423],[-65.918,-1.403],[-65.957,-1.414],[-66.0,-1.414],[-66.0,-1.703],[-66.0,-2.142],[-65.959,-2.161],[-65.947,-2.232],[-65.937,-2.257],[-65.905,-2.26],[-65.898,-2.305],[-65.868,-2.295],[-65.855,-2.252],[-65.801,-2.253],[-65.732,-2.264],[-65.699,-2.26],[-65.666,-2.276],[-65.65,-2.25],[-65.617,-2.238],[-65.585,-2.258],[-65.601,-2.281],[-65.595,-2.316],[-65.616,-2.36],[-65.588,-2.384],[-65.559,-2.36],[-65.54,-2.359],[-65.52,-2.387],[-65.487,-2.361],[-65.517,-2.346],[-65.515,-2.321],[-65.459,-2.329],[-65.473,-2.361],[-65.474,-2.397],[-65.428,-2.393],[-65.415,-2.352],[-65.371,-2.354],[-65.371,-2.332],[-65.328,-2.352],[-65.28,-2.319],[-65.273,-2.37],[-65.253,-2.385],[-65.211,-2.381],[-65.206,-2.357],[-65.219,-2.33],[-65.221,-2.288],[-65.194,-2.258],[-65.175,-2.267],[-65.163,-2.317],[-65.135,-2.348],[-65.121,-2.387],[-65.07,-2.475],[-65.056,-2.507],[-64.991,-2.574],[-64.982,-2.607],[-64.999,-2.662],[-65.002,-2.702],[-64.986,-2.724],[-64.89,-2.712],[-64.862,-2.744],[-64.88,-2.818],[-64.897,-2.857],[-64.862,-2.91],[-64.811,-2.949],[-64.808,-3.005],[-64.785,-3.05],[-64.746,-3.095],[-64.754,-3.128],[-64.781,-3.14],[-64.788,-3.164],[-64.753,-3.175],[-64.682,-3.239],[-64.66,-3.269],[-64.599,-3.296],[-64.543,-3.311],[-64.517,-3.332],[-64.465,-3.404],[-64.44,-3.466],[-64.399,-3.493],[-64.348,-3.54],[-64.322,-3.55],[-64.224,-3.609],[-64.171,-3.666],[-64.128,-3.687],[-64.05,-3.702]]]}},{"type":"Feature","properties":{"code":"1302702"},"geometry":{"type":"Polygon","coordinates":[[[-61.713,-8.688],[-61.667,-8.652],[-61.604,-8.653],[-61.551,-8.69],[-61.531,-8.696],[-61.5,-8.665],[-61.517,-8.626],[-61.517,-8.565],[-61.464,-8.532],[-61.459,-8.469],[-61.502,-8.439],[-61.46,-8.4],[-61.464,-8.361],[-61.477,-8.332],[-61.45,-8.295],[-61.45,-8.248],[-61.461,-8.187],[-61.5,-8.158],[-61.482,-8.148],[-61.493,-8.115],[-61.477,-8.091],[-61.507,-8.081],[-61.422,-8.004],[-61.388,-8.062],[-61.299,-8.149],[-61.293,-8.215],[-61.281,-8.257],[-61.264,-8.27],[-61.224,-8.255],[-61.174,-8.255],[-61.161,-8.268],[-61.103,-8.255],[-61.079,-8.23],[-61.072,-8.203],[-61.096,-8.179],[-61.132,-8.159],[-61.139,-8.118],[-61.127,-8.084],[-61.148,-8.06],[-61.144,-8.015],[-61.16,-7.989],[-61.205,-7.999],[-61.249,-7.987],[-61.321,-7.939],[-61.337,-7.912],[-61.341,-7.834],[-61.323,-7.752],[-61.306,-7.745],[-61.283,-7.678],[-61.303,-7.634],[-61.295,-7.548],[-61.301,-7.491],[-61.328,-7.406],[-61.328,-7.354],[-61.288,-7.32],[-61.241,-7.3],[-61.242,-7.273],[-61.204,-7.245],[-61.205,-7.191],[-61.245,-7.156],[-61.225,-7.13],[-61.155,-7.102],[-61.158,-7.057],[-61.179,-7.049],[-61.13,-7.001],[-61.104,-6.995],[-61.074,-6.936],[-60.531,-6.936],[-60.531,-6.497],[-60.531,-6.32],[-60.514,-6.289],[-60.555,-6.25],[-60.557,-6.197],[-60.535,-6.162],[-60.541,-6.127],[-60.585,-6.115],[-60.589,-6.069],[-60.612,-6.077],[-60.633,-6.056],[-60.617,-6.012],[-60.597,-6.001],[-60.579,-5.951],[-60.555,-5.945],[-60.542,-5.906],[-60.575,-5.876],[-60.576,-5.858],[-60.545,-5.813],[-60.536,-5.781],[-60.565,-5.766],[-60.555,-5.73],[-60.597,-5.707],[-60.63,-5.717],[-60.653,-5.68],[-60.621,-5.642],[-60.643,-5.618],[-60.629,-5.487],[-60.572,-5.441],[-60.603,-5.404],[-60.599,-5.358],[-60.573,-5.343],[-60.565,-5.312],[-60.577,-5.285],[-60.635,-5.298],[-60.7,-5.303],[-60.729,-5.315],[-60.744,-5.342],[-60.826,-5.402],[-60.862,-5.379],[-60.909,-5.38],[-60.936,-5.37],[-60.902,-5.343],[-60.892,-5.308],[-60.832,-5.297],[-60.809,-5.23],[-60.778,-5.195],[-60.741,-5.171],[-60.744,-5.142],[-60.726,-5.112],[-60.913,-5.112],[-61.293,-4.712],[-61.321,-4.766],[-61.419,-4.854],[-61.442,-4.889],[-61.491,-4.916],[-61.56,-4.969],[-61.709,-5.105],[-61.781,-5.165],[-61.863,-5.217],[-61.944,-5.296],[-62.016,-5.327],[-62.081,-5.415],[-62.102,-5.458],[-62.13,-5.515],[-62.159,-5.549],[-62.285,-5.75],[-62.328,-5.812],[-62.441,-5.933],[-62.488,-5.968],[-62.567,-6.095],[-62.652,-6.195],[-62.743,-6.277],[-62.789,-6.352],[-62.846,-6.406],[-62.864,-6.43],[-62.83,-6.436],[-62.822,-6.421],[-62.736,-6.417],[-62.713,-6.443],[-62.653,-6.458],[-62.621,-6.448],[-62.591,-6.422],[-62.578,-6.381],[-62.557,-6.383],[-62.535,-6.412],[-62.501,-6.412],[-62.486,-6.382],[-62.443,-6.356],[-62.401,-6.348],[-62.383,-6.326],[-62.346,-6.323],[-62.288,-6.335],[-62.272,-6.308],[-62.265,-6.251],[-62.226,-6.222],[-62.151,-6.19],[-62.116,-6.199],[-62.084,-6.223],[-61.972,-6.256],[-61.923,-6.279],[-61.877,-6.274],[-61.835,-6.237],[-61.827,-6.146],[-61.817,-6.137],[-61.777,-6.171],[-61.767,-6.203],[-61.742,-6.232],[-61.745,-6.255],[-61.836,-6.268],[-61.843,-6.289],[-61.805,-6.341],[-61.806,-6.376],[-61.792,-6.422],[-61.767,-6.43],[-61.731,-6.407],[-61.698,-6.411],[-61.748,-6.474],[-61.693,-6.499],[-61.686,-6.541],[-61.662,-6.586],[-61.688,-6.625],[-61.691,-6.666],[-61.677,-6.702],[-61.637,-6.717],[-61.681,-6.737],[-61.675,-6.772],[-61.712,-6.803],[-61.714,-6.852],[-61.733,-6.875],[-61.776,-6.876],[-61.777,-6.913],[-61.801,-6.945],[-61.853,-6.982],[-61.843,-7.031],[-61.852,-7.066],[-61.878,-7.04],[-61.919,-7.063],[-61.915,-7.091],[-61.956,-7.162],[-62.027,-7.222],[-61.995,-7.243],[-61.961,-7.293],[-61.9,-7.289],[-61.888,-7.315],[-61.847,-7.322],[-61.837,-7.346],[-61.856,-7.393],[-61.824,-7.427],[-61.842,-7.484],[-61.879,-7.543],[-61.855,-7.586],[-61.847,-7.64],[-61.818,-7.652],[-61.82,-7.716],[-61.839,-7.705],[-61.851,-7.759],[-61.87,-7.755],[-61.921,-7.812],[-61.912,-7.832],[-61.949,-7.841],[-61.975,-7.882],[-62.025,-7.902],[-62.047,-7.957],[-62.062,-7.975],[-62.053,-8.011],[-62.01,-8.027],[-61.964,-8.075],[-61.963,-8.11],[-61.938,-8.128],[-61.94,-8.148],[-61.917,-8.177],[-61.918,-8.227],[-61.933,-8.264],[-61.909,-8.344],[-61.969,-8.436],[-61.982,-8.488],[-61.978,-8.543],[-61.989,-8.581],[-61.979,-8.62],[-61.962,-8.642],[-61.998,-8.687],[-61.998,-8.738],[-61.984,-8.778],[-61.944,-8.818],[-61.922,-8.861],[-61.902,-8.863],[-61.86,-8.853],[-61.861,-8.804],[-61.843,-8.779],[-61.841,-8.739],[-61.775,-8.748],[-61.749,-8.724],[-61.742,-8.695],[-61.713,-8.688]]]}},{"type":"Feature","properties":{"code":"1303007"},"geometry":{"type":"Polygon","coordinates":[[[-57.409,-2.381],[-57.265,-2.349],[-57.219,-2.392],[-57.167,-2.331],[-57.107,-2.333],[-57.054,-2.36],[-57.039,-2.378],[-56.968,-2.381],[-56.935,-2.388],[-56.927,-2.409],[-56.862,-2.423],[-56.825,-2.407],[-56.773,-2.421],[-56.78,-2.386],[-56.717,-2.373],[-56.679,-2.385],[-56.647,-2.359],[-56.622,-2.32],[-56.596,-2.325],[-56.537,-2.288],[-56.537,-2.258],[-56.514,-2.242],[-56.469,-2.26],[-56.448,-2.28],[-56.391,-2.276],[-56.364,-2.259],[-56.307,-2.243],[-56.204,-2.183],[-56.169,-2.146],[-56.098,-2.037],[-56.095,-2.0],[-56.099,-2.027],[-56.187,-2.043],[-56.228,-2.056],[-56.256,-2.088],[-56.297,-2.101],[-56.317,-2.14],[-56.351,-2.149],[-56.368,-2.137],[-56.414,-2.176],[-56.444,-2.154],[-56.478,-2.17],[-56.527,-2.139],[-56.57,-2.175],[-56.586,-2.176],[-56.613,-2.21],[-56.635,-2.204],[-56.679,-2.213],[-56.708,-2.184],[-56.761,-2.174],[-56.769,-2.141],[-56.733,-2.092],[-56.721,-2.059],[-56.727,-2.031],[-56.748,-2.011],[-56.793,-2.021],[-56.859,-2.016],[-56.876,-1.992],[-56.924,-1.964],[-56.961,-1.953],[-56.988,-1.907],[-57.028,-1.918],[-57.068,-1.855],[-57.079,-1.803],[-57.11,-1.792],[-57.125,-1.768],[-57.171,-1.751],[-57.202,-1.713],[-57.231,-1.728],[-57.292,-1.708],[-57.309,-1.732],[-57.328,-1.716],[-57.353,-1.737],[-57.386,-1.698],[-57.444,-1.665],[-57.473,-1.679],[-57.544,-1.611],[-57.622,-1.589],[-57.689,-1.587],[-57.718,-1.503],[-57.758,-1.502],[-57.795,-1.487],[-57.825,-1.438],[-57.877,-1.423],[-57.911,-1.405],[-57.96,-1.397],[-57.956,-1.378],[-57.999,-1.331],[-57.971,-1.228],[-57.969,-1.163],[-58.001,-1.148],[-58.017,-1.104],[-58.059,-1.107],[-58.093,-1.162],[-58.163,-1.23],[-58.258,-1.131],[-58.317,-1.148],[-58.348,-1.113],[-58.364,-1.071],[-58.428,-1.025],[-58.411,-0.982],[-58.452,-0.924],[-58.434,-0.892],[-58.461,-0.863],[-58.474,-0.869],[-58.498,-0.836],[-58.536,-0.822],[-58.609,-0.762],[-58.637,-0.72],[-58.706,-0.68],[-58.713,-0.645],[-58.736,-0.619],[-58.731,-0.581],[-58.709,-0.546],[-58.711,-0.518],[-58.736,-0.472],[-58.725,-0.438],[-58.783,-0.389],[-58.836,-0.373],[-58.87,-0.347],[-58.876,-0.311],[-58.865,-0.266],[-58.881,-0.197],[-58.865,-0.169],[-58.864,-0.078],[-58.887,-0.059],[-58.895,-0.011],[-58.895,0.264],[-59.192,0.264],[-59.172,0.227],[-59.133,0.221],[-59.108,0.16],[-59.072,0.133],[-59.043,0.125],[-59.045,0.078],[-59.036,0.052],[-59.01,0.05],[-58.987,0.023],[-58.947,0.003],[-58.907,0.001],[-58.897,-0.012],[-58.912,-0.051],[-58.885,-0.096],[-58.889,-0.17],[-58.927,-0.153],[-58.931,-0.206],[-58.943,-0.239],[-58.941,-0.275],[-58.895,-0.299],[-58.959,-0.372],[-58.935,-0.434],[-58.908,-0.455],[-58.878,-0.456],[-58.854,-0.474],[-58.84,-0.512],[-58.842,-0.54],[-58.8,-0.61],[-58.748,-0.672],[-58.779,-0.714],[-58.748,-0.734],[-58.736,-0.782],[-58.749,-0.801],[-58.736,-0.835],[-58.715,-0.836],[-58.672,-0.88],[-58.674,-0.901],[-58.635,-0.907],[-58.602,-0.939],[-58.616,-0.987],[-58.576,-1.01],[-58.553,-0.998],[-58.526,-1.036],[-58.526,-1.118],[-58.493,-1.17],[-58.434,-1.184],[-58.394,-1.17],[-58.37,-1.177],[-58.362,-1.236],[-58.374,-1.247],[-58.35,-1.323],[-58.276,-1.371],[-58.292,-1.411],[-58.288,-1.438],[-58.264,-1.469],[-58.272,-1.495],[-58.251,-1.522],[-58.252,-1.544],[-58.229,-1.558],[-58.193,-1.555],[-58.158,-1.602],[-58.091,-1.63],[-58.081,-1.653],[-58.051,-1.655],[-58.047,-1.681],[-58.023,-1.69],[-58.005,-1.752],[-58.009,-1.783],[-57.992,-1.796],[-57.977,-1.84],[-57.986,-1.891],[-57.946,-1.95],[-57.95,-2.026],[-57.929,-2.029],[-57.907,-2.056],[-57.87,-2.049],[-57.855,-2.083],[-57.824,-2.09],[-57.821,-2.124],[-57.803,-2.153],[-57.752,-2.208],[-57.728,-2.204],[-57.706,-2.227],[-57.663,-2.239],[-57.648,-2.279],[-57.619,-2.263],[-57.572,-2.29],[-57.554,-2.315],[-57.527,-2.321],[-57.5,-2.349],[-57.478,-2.332],[-57.427,-2.338],[-57.409,-2.381]]]}},{"type":"Feature","properties":{"code":"1303106"},"geometry":{"type":"Polygon","coordinates":[[[-59.203,-3.917],[-59.143,-3.917],[-59.173,-3.944],[-59.155,-3.972],[-59.051,-3.962],[-59.03,-3.937],[-58.993,-3.92],[-58.997,-3.896],[-58.969,-3.887],[-58.909,-3.904],[-58.88,-3.853],[-58.846,-3.849],[-58.787,-3.915],[-58.798,-3.969],[-58.819,-4.003],[-58.78,-4.045],[-58.773,-4.078],[-58.706,-4.1],[-58.678,-4.155],[-58.692,-4.188],[-58.682,-4.216],[-58.661,-4.236],[-58.659,-4.267],[-58.619,-4.262],[-58.617,-4.289],[-58.639,-4.332],[-58.648,-4.373],[-58.629,-4.437],[-58.645,-4.464],[-58.626,-4.475],[-58.602,-4.455],[-58.558,-4.494],[-58.526,-4.474],[-58.501,-4.474],[-58.439,-4.507],[-58.396,-4.503],[-58.385,-4.461],[-58.362,-4.466],[-58.338,-4.441],[-58.296,-4.428],[-58.28,-4.394],[-58.225,-4.36],[-58.193,-4.35],[-58.174,-4.362],[-58.123,-4.368],[-58.157,-4.234],[-58.17,-4.219],[-58.224,-4.232],[-58.252,-4.229],[-58.28,-4.165],[-58.319,-4.144],[-58.308,-4.122],[-58.337,-4.074],[-58.374,-4.038],[-58.383,-4.014],[-58.435,-3.99],[-58.457,-3.959],[-58.466,-3.926],[-58.419,-3.912],[-58.407,-3.895],[-58.344,-3.885],[-58.322,-3.842],[-58.286,-3.813],[-58.309,-3.751],[-58.298,-3.697],[-58.252,-3.687],[-58.211,-3.696],[-58.202,-3.666],[-58.226,-3.654],[-58.236,-3.612],[-58.349,-3.583],[-58.349,-3.61],[-58.38,-3.631],[-58.366,-3.656],[-58.4,-3.669],[-58.425,-3.731],[-58.46,-3.723],[-58.478,-3.751],[-58.515,-3.743],[-58.518,-3.712],[-58.561,-3.675],[-58.574,-3.65],[-58.647,-3.629],[-58.659,-3.661],[-58.679,-3.665],[-58.701,-3.645],[-58.707,-3.611],[-58.751,-3.591],[-58.789,-3.614],[-58.871,-3.604],[-58.9,-3.618],[-58.922,-3.599],[-58.896,-3.573],[-58.913,-3.542],[-58.979,-3.605],[-59.006,-3.611],[-59.094,-3.684],[-59.098,-3.704],[-59.059,-3.757],[-59.055,-3.8],[-59.09,-3.865],[-59.137,-3.885],[-59.171,-3.889],[-59.203,-3.917]]]}},{"type":"Feature","properties":{"code":"1302900"},"geometry":{"type":"Polygon","coordinates":[[[-58.138,-7.347],[-58.173,-7.303],[-58.168,-7.239],[-58.175,-7.202],[-58.232,-7.106],[-58.251,-7.082],[-58.284,-7.073],[-58.335,-6.986],[-58.38,-6.971],[-58.435,-6.909],[-58.482,-6.781],[-58.478,-6.7],[-58.465,-6.67],[-58.427,-6.616],[-58.35,-6.562],[-58.332,-6.533],[-58.327,-6.5],[-58.293,-6.494],[-58.267,-6.476],[-58.174,-6.279],[-58.034,-5.978],[-57.861,-5.601],[-57.772,-5.407],[-57.586,-5.001],[-57.35,-4.502],[-57.214,-4.212],[-57.001,-3.759],[-56.956,-3.659],[-56.914,-3.562],[-56.973,-3.585],[-56.993,-3.576],[-57.026,-3.607],[-57.042,-3.595],[-57.106,-3.591],[-57.123,-3.636],[-57.15,-3.665],[-57.195,-3.665],[-57.223,-3.682],[-57.261,-3.657],[-57.237,-3.631],[-57.294,-3.597],[-57.359,-3.541],[-57.37,-3.514],[-57.406,-3.512],[-57.447,-3.492],[-57.479,-3.459],[-57.503,-3.412],[-57.508,-3.349],[-57.524,-3.314],[-57.58,-3.318],[-57.594,-3.332],[-57.633,-3.296],[-57.624,-3.256],[-57.641,-3.24],[-57.642,-3.183],[-57.611,-3.166],[-57.616,-3.136],[-57.796,-3.136],[-57.782,-3.163],[-57.81,-3.215],[-57.829,-3.219],[-57.828,-3.272],[-57.886,-3.303],[-57.905,-3.285],[-57.939,-3.326],[-57.989,-3.346],[-58.013,-3.333],[-58.04,-3.346],[-58.067,-3.333],[-58.067,-3.295],[-58.104,-3.347],[-58.147,-3.344],[-58.177,-3.371],[-58.177,-3.45],[-58.197,-3.467],[-58.195,-3.5],[-58.37,-3.5],[-58.367,-3.525],[-58.385,-3.555],[-58.349,-3.583],[-58.236,-3.612],[-58.226,-3.654],[-58.202,-3.666],[-58.211,-3.696],[-58.252,-3.687],[-58.298,-3.697],[-58.309,-3.751],[-58.286,-3.813],[-58.322,-3.842],[-58.344,-3.885],[-58.407,-3.895],[-58.419,-3.912],[-58.466,-3.926],[-58.457,-3.959],[-58.435,-3.99],[-58.383,-4.014],[-58.374,-4.038],[-58.337,-4.074],[-58.308,-4.122],[-58.319,-4.144],[-58.28,-4.165],[-58.252,-4.229],[-58.224,-4.232],[-58.17,-4.219],[-58.157,-4.234],[-58.123,-4.368],[-58.133,-4.413],[-58.128,-4.431],[-58.184,-4.458],[-58.174,-4.478],[-58.215,-4.518],[-58.203,-4.545],[-58.234,-4.552],[-58.236,-4.603],[-58.271,-4.655],[-58.267,-4.706],[-58.296,-4.767],[-58.306,-4.817],[-58.351,-4.849],[-58.342,-4.893],[-58.361,-4.915],[-58.387,-4.919],[-58.384,-4.945],[-58.413,-4.991],[-58.408,-5.014],[-58.45,-5.042],[-58.469,-5.071],[-58.583,-5.178],[-58.634,-5.183],[-58.652,-5.204],[-58.65,-5.228],[-58.706,-5.238],[-58.698,-5.256],[-58.715,-5.282],[-58.74,-5.296],[-58.738,-5.331],[-58.771,-5.329],[-58.806,-5.345],[-58.803,-5.376],[-58.833,-5.446],[-58.828,-5.469],[-58.855,-5.526],[-58.851,-5.557],[-58.833,-5.565],[-58.824,-5.608],[-58.832,-5.653],[-58.846,-5.668],[-58.835,-5.708],[-58.812,-5.74],[-58.828,-5.823],[-58.828,-5.893],[-58.814,-5.928],[-58.833,-5.992],[-58.831,-6.014],[-58.801,-6.054],[-58.816,-6.116],[-58.833,-6.137],[-58.849,-6.213],[-58.907,-6.249],[-58.917,-6.294],[-58.907,-6.322],[-58.854,-6.373],[-58.849,-6.399],[-58.835,-6.422],[-58.835,-6.471],[-58.865,-6.541],[-58.874,-6.592],[-58.865,-6.617],[-58.868,-6.675],[-58.833,-6.745],[-58.796,-6.774],[-58.787,-6.824],[-58.746,-6.889],[-58.656,-6.945],[-58.602,-7.041],[-58.566,-7.031],[-58.52,-7.053],[-58.497,-7.053],[-58.504,-7.106],[-58.533,-7.159],[-58.53,-7.184],[-58.569,-7.203],[-58.527,-7.227],[-58.537,-7.254],[-58.576,-7.294],[-58.531,-7.347],[-58.138,-7.347]]]}},{"type":"Feature","properties":{"code":"1302207"},"geometry":{"type":"Polygon","coordinates":[[[-66.934,-4.287],[-66.525,-4.287],[-66.159,-4.287],[-65.918,-4.287],[-65.939,-4.267],[-65.947,-4.239],[-65.911,-4.192],[-65.874,-4.172],[-65.873,-4.123],[-65.895,-4.088],[-65.9,-4.057],[-65.962,-3.982],[-65.959,-3.954],[-65.977,-3.935],[-65.981,-3.882],[-65.998,-3.855],[-65.991,-3.788],[-65.947,-3.75],[-65.994,-3.708],[-65.999,-3.644],[-66.027,-3.635],[-66.006,-3.602],[-66.012,-3.579],[-65.982,-3.533],[-65.979,-3.476],[-65.961,-3.458],[-65.922,-3.447],[-65.906,-3.426],[-65.919,-3.392],[-65.901,-3.355],[-65.874,-3.352],[-65.858,-3.288],[-65.817,-3.254],[-65.801,-3.179],[-65.778,-3.171],[-65.72,-3.09],[-65.698,-3.03],[-65.668,-3.009],[-65.662,-2.969],[-65.638,-2.967],[-65.625,-2.921],[-65.587,-2.876],[-65.561,-2.886],[-65.527,-2.877],[-65.507,-2.859],[-65.476,-2.863],[-65.454,-2.85],[-65.412,-2.87],[-65.344,-2.811],[-65.335,-2.769],[-65.375,-2.721],[-65.385,-2.685],[-65.362,-2.649],[-65.326,-2.644],[-65.261,-2.605],[-65.254,-2.586],[-65.314,-2.502],[-65.387,-2.428],[-65.413,-2.457],[-65.438,-2.513],[-65.483,-2.527],[-65.551,-2.627],[-65.602,-2.657],[-65.666,-2.656],[-65.72,-2.619],[-65.72,-2.533],[-65.773,-2.481],[-65.82,-2.501],[-65.82,-2.532],[-65.764,-2.618],[-65.796,-2.615],[-65.811,-2.589],[-65.832,-2.606],[-65.881,-2.616],[-65.925,-2.604],[-65.96,-2.616],[-65.984,-2.67],[-66.018,-2.693],[-66.023,-2.713],[-66.053,-2.725],[-66.079,-2.797],[-66.1,-2.842],[-66.117,-2.851],[-66.125,-2.885],[-66.189,-2.953],[-66.192,-2.986],[-66.207,-3.001],[-66.215,-3.071],[-66.241,-3.094],[-66.247,-3.123],[-66.295,-3.138],[-66.306,-3.157],[-66.335,-3.159],[-66.368,-3.139],[-66.459,-3.131],[-66.484,-3.147],[-66.537,-3.149],[-66.598,-3.141],[-66.644,-3.143],[-66.689,-3.16],[-66.733,-3.156],[-66.776,-3.168],[-66.798,-3.143],[-66.855,-3.135],[-66.907,-3.163],[-66.927,-3.208],[-66.924,-3.267],[-66.963,-3.303],[-66.974,-3.325],[-67.001,-3.33],[-66.99,-3.359],[-67.042,-3.417],[-67.027,-3.429],[-67.037,-3.46],[-67.036,-3.53],[-67.008,-3.547],[-66.973,-3.551],[-66.942,-3.574],[-66.912,-3.582],[-66.945,-3.661],[-66.977,-3.681],[-67.001,-3.718],[-66.984,-3.742],[-66.971,-3.797],[-66.971,-3.866],[-66.99,-3.855],[-67.011,-3.885],[-66.98,-3.954],[-67.0,-3.988],[-67.043,-3.965],[-67.134,-3.933],[-67.187,-3.881],[-67.198,-3.922],[-67.184,-3.935],[-67.156,-4.008],[-67.123,-4.037],[-67.087,-4.047],[-67.06,-4.127],[-67.037,-4.144],[-67.0,-4.188],[-66.976,-4.189],[-66.937,-4.208],[-66.915,-4.231],[-66.934,-4.287]]]}},{"type":"Feature","properties":{"code":"1302504"},"geometry":{"type":"Polygon","coordinates":[[[-61.408,-3.625],[-61.333,-3.696],[-61.147,-3.701],[-61.142,-3.756],[-61.148,-3.79],[-61.062,-3.796],[-61.047,-3.82],[-60.993,-3.758],[-60.956,-3.756],[-60.941,-3.744],[-60.907,-3.76],[-60.891,-3.742],[-60.807,-3.736],[-60.776,-3.725],[-60.729,-3.721],[-60.672,-3.667],[-60.665,-3.612],[-60.646,-3.584],[-60.64,-3.507],[-60.622,-3.459],[-60.623,-3.426],[-60.393,-3.304],[-60.341,-3.295],[-60.316,-3.271],[-60.356,-3.182],[-60.379,-3.151],[-60.366,-3.134],[-60.428,-3.121],[-60.534,-3.115],[-60.546,-3.124],[-60.59,-3.115],[-60.647,-3.139],[-60.688,-3.144],[-60.706,-3.116],[-60.736,-3.098],[-60.774,-3.095],[-60.802,-3.103],[-60.871,-3.047],[-60.903,-3.05],[-60.916,-3.029],[-60.953,-3.004],[-60.985,-3.008],[-60.967,-2.927],[-60.991,-2.884],[-61.011,-2.887],[-61.023,-2.844],[-61.042,-2.812],[-61.079,-2.792],[-61.086,-2.773],[-61.13,-2.774],[-61.173,-2.801],[-61.197,-2.77],[-61.228,-2.763],[-61.249,-2.744],[-61.294,-2.74],[-61.394,-2.744],[-61.409,-2.753],[-61.418,-2.792],[-61.464,-2.819],[-61.407,-2.883],[-61.382,-2.993],[-61.366,-3.003],[-61.366,-3.247],[-61.308,-3.192],[-61.279,-3.189],[-61.253,-3.215],[-61.223,-3.218],[-61.172,-3.251],[-61.117,-3.252],[-61.099,-3.269],[-61.117,-3.32],[-61.074,-3.385],[-61.076,-3.445],[-61.142,-3.409],[-61.184,-3.428],[-61.198,-3.449],[-61.209,-3.5],[-61.302,-3.5],[-61.291,-3.541],[-61.288,-3.6],[-61.369,-3.599],[-61.408,-3.625]]]}},{"type":"Feature","properties":{"code":"1302553"},"geometry":{"type":"Polygon","coordinates":[[[-60.807,-4.182],[-60.801,-4.171],[-60.606,-4.025],[-60.606,-3.981],[-60.592,-3.951],[-60.592,-3.904],[-60.575,-3.87],[-60.574,-3.836],[-60.542,-3.809],[-60.536,-3.791],[-60.475,-3.759],[-60.447,-3.715],[-60.425,-3.7],[-60.449,-3.679],[-60.455,-3.629],[-60.435,-3.604],[-60.409,-3.59],[-60.311,-3.648],[-60.304,-3.612],[-60.314,-3.597],[-60.292,-3.55],[-60.297,-3.528],[-60.264,-3.501],[-60.3,-3.446],[-60.226,-3.383],[-60.227,-3.362],[-60.289,-3.301],[-60.341,-3.295],[-60.393,-3.304],[-60.623,-3.426],[-60.622,-3.459],[-60.64,-3.507],[-60.646,-3.584],[-60.665,-3.612],[-60.672,-3.667],[-60.729,-3.721],[-60.776,-3.725],[-60.807,-3.736],[-60.891,-3.742],[-60.907,-3.76],[-60.941,-3.744],[-60.956,-3.756],[-60.993,-3.758],[-61.047,-3.82],[-61.051,-3.865],[-61.088,-3.918],[-61.123,-3.939],[-61.163,-3.975],[-61.163,-4.14],[-61.14,-4.125],[-61.094,-4.134],[-61.054,-4.129],[-61.016,-4.079],[-60.994,-4.103],[-60.968,-4.105],[-60.965,-4.135],[-60.939,-4.125],[-60.903,-4.149],[-60.89,-4.17],[-60.836,-4.153],[-60.807,-4.182]]]}},{"type":"Feature","properties":{"code":"1301704"},"geometry":{"type":"Polygon","coordinates":[[[-61.902,-8.863],[-61.922,-8.861],[-61.944,-8.818],[-61.984,-8.778],[-61.998,-8.738],[-61.998,-8.687],[-61.962,-8.642],[-61.979,-8.62],[-61.989,-8.581],[-61.978,-8.543],[-61.982,-8.488],[-61.969,-8.436],[-61.909,-8.344],[-61.933,-8.264],[-61.918,-8.227],[-61.917,-8.177],[-61.94,-8.148],[-61.938,-8.128],[-61.963,-8.11],[-61.964,-8.075],[-62.01,-8.027],[-62.053,-8.011],[-62.062,-7.975],[-62.047,-7.957],[-62.025,-7.902],[-61.975,-7.882],[-61.949,-7.841],[-61.912,-7.832],[-61.921,-7.812],[-61.87,-7.755],[-61.851,-7.759],[-61.839,-7.705],[-61.82,-7.716],[-61.818,-7.652],[-61.847,-7.64],[-61.855,-7.586],[-61.879,-7.543],[-61.842,-7.484],[-61.824,-7.427],[-61.856,-7.393],[-61.837,-7.346],[-61.847,-7.322],[-61.888,-7.315],[-61.9,-7.289],[-61.961,-7.293],[-61.995,-7.243],[-62.027,-7.222],[-61.956,-7.162],[-61.915,-7.091],[-61.919,-7.063],[-61.878,-7.04],[-61.852,-7.066],[-61.843,-7.031],[-61.853,-6.982],[-61.801,-6.945],[-61.777,-6.913],[-61.776,-6.876],[-61.733,-6.875],[-61.714,-6.852],[-61.712,-6.803],[-61.675,-6.772],[-61.681,-6.737],[-61.637,-6.717],[-61.677,-6.702],[-61.691,-6.666],[-61.688,-6.625],[-61.662,-6.586],[-61.686,-6.541],[-61.693,-6.499],[-61.748,-6.474],[-61.698,-6.411],[-61.731,-6.407],[-61.767,-6.43],[-61.792,-6.422],[-61.806,-6.376],[-61.805,-6.341],[-61.843,-6.289],[-61.836,-6.268],[-61.745,-6.255],[-61.742,-6.232],[-61.767,-6.203],[-61.777,-6.171],[-61.817,-6.137],[-61.827,-6.146],[-61.835,-6.237],[-61.877,-6.274],[-61.923,-6.279],[-61.972,-6.256],[-62.084,-6.223],[-62.116,-6.199],[-62.151,-6.19],[-62.226,-6.222],[-62.265,-6.251],[-62.272,-6.308],[-62.288,-6.335],[-62.346,-6.323],[-62.383,-6.326],[-62.401,-6.348],[-62.443,-6.356],[-62.486,-6.382],[-62.501,-6.412],[-62.535,-6.412],[-62.557,-6.383],[-62.578,-6.381],[-62.591,-6.422],[-62.621,-6.448],[-62.653,-6.458],[-62.713,-6.443],[-62.736,-6.417],[-62.822,-6.421],[-62.83,-6.436],[-62.864,-6.43],[-62.896,-6.488],[-62.944,-6.551],[-62.97,-6.688],[-63.01,-6.783],[-63.045,-6.838],[-63.182,-6.838],[-63.154,-6.881],[-63.156,-6.921],[-63.132,-6.966],[-63.22,-7.037],[-63.208,-7.058],[-63.271,-7.094],[-63.307,-7.104],[-63.305,-7.203],[-63.297,-7.237],[-63.281,-7.247],[-63.305,-7.292],[-63.289,-7.332],[-63.295,-7.348],[-63.25,-7.358],[-63.256,-7.403],[-63.343,-7.41],[-63.33,-7.436],[-63.308,-7.442],[-63.318,-7.477],[-63.348,-7.523],[-63.374,-7.529],[-63.423,-7.597],[-63.415,-7.631],[-63.38,-7.663],[-63.397,-7.721],[-63.443,-7.748],[-63.469,-7.746],[-63.532,-7.803],[-63.553,-7.838],[-63.623,-7.861],[-63.62,-7.976],[-63.118,-7.977],[-62.877,-7.976],[-62.841,-7.988],[-62.812,-8.024],[-62.752,-8.04],[-62.707,-8.086],[-62.671,-8.142],[-62.688,-8.173],[-62.661,-8.197],[-62.655,-8.23],[-62.6,-8.271],[-62.557,-8.286],[-62.548,-8.348],[-62.519,-8.385],[-62.465,-8.34],[-62.425,-8.375],[-62.384,-8.378],[-62.361,-8.399],[-62.369,-8.446],[-62.366,-8.494],[-62.337,-8.517],[-62.326,-8.564],[-62.336,-8.61],[-62.289,-8.639],[-62.289,-8.589],[-62.266,-8.577],[-62.184,-8.599],[-62.175,-8.628],[-62.2,-8.644],[-62.165,-8.679],[-62.149,-8.718],[-62.155,-8.74],[-62.125,-8.802],[-62.098,-8.809],[-62.074,-8.799],[-62.031,-8.8],[-62.004,-8.83],[-61.979,-8.873],[-61.938,-8.881],[-61.902,-8.863]]]}},{"type":"Feature","properties":{"code":"1301803"},"geometry":{"type":"Polygon","coordinates":[[[-71.381,-7.692],[-71.365,-7.669],[-71.329,-7.662],[-71.311,-7.633],[-71.272,-7.612],[-71.223,-7.554],[-71.199,-7.542],[-71.163,-7.488],[-71.129,-7.472],[-71.06,-7.401],[-71.049,-7.359],[-70.998,-7.317],[-70.99,-7.27],[-70.954,-7.251],[-70.897,-7.242],[-70.895,-7.222],[-70.861,-7.209],[-70.787,-7.153],[-70.738,-7.053],[-70.721,-7.045],[-70.706,-6.992],[-70.703,-6.903],[-70.68,-6.89],[-70.668,-6.85],[-70.641,-6.814],[-70.641,-6.604],[-70.678,-6.607],[-70.687,-6.633],[-70.753,-6.654],[-70.794,-6.681],[-70.816,-6.712],[-70.868,-6.72],[-70.952,-6.694],[-70.95,-6.676],[-70.983,-6.644],[-71.019,-6.651],[-71.058,-6.634],[-71.075,-6.657],[-71.109,-6.678],[-71.107,-6.693],[-71.15,-6.702],[-71.189,-6.695],[-71.229,-6.712],[-71.252,-6.691],[-71.283,-6.719],[-71.314,-6.694],[-71.329,-6.686],[-71.359,-6.709],[-71.374,-6.748],[-71.391,-6.756],[-71.426,-6.801],[-71.468,-6.807],[-71.506,-6.825],[-71.506,-6.854],[-71.536,-6.857],[-71.567,-6.893],[-71.588,-6.862],[-71.623,-6.857],[-71.66,-6.84],[-71.681,-6.863],[-71.707,-6.87],[-71.706,-6.893],[-71.748,-6.883],[-71.768,-6.901],[-71.815,-6.907],[-71.847,-6.929],[-71.854,-6.957],[-71.897,-6.933],[-71.912,-6.98],[-71.959,-7.004],[-71.992,-7.002],[-71.999,-7.038],[-71.986,-7.096],[-72.053,-7.1],[-72.053,-7.205],[-72.079,-7.269],[-72.129,-7.278],[-72.134,-7.296],[-72.172,-7.319],[-72.15,-7.356],[-72.142,-7.504],[-72.167,-7.508],[-72.177,-7.529],[-72.17,-7.601],[-71.945,-7.627],[-71.646,-7.662],[-71.381,-7.692]]]}},{"type":"Feature","properties":{"code":"1301654"},"geometry":{"type":"Polygon","coordinates":[[[-72.9,-7.438],[-72.585,-7.552],[-72.17,-7.601],[-72.177,-7.529],[-72.167,-7.508],[-72.142,-7.504],[-72.15,-7.356],[-72.172,-7.319],[-72.134,-7.296],[-72.129,-7.278],[-72.079,-7.269],[-72.053,-7.205],[-72.053,-7.1],[-72.115,-7.12],[-72.168,-7.122],[-72.252,-7.186],[-72.285,-7.178],[-72.372,-7.218],[-72.372,-7.176],[-72.398,-7.16],[-72.431,-7.113],[-72.516,-7.135],[-72.54,-7.106],[-72.578,-7.112],[-72.645,-7.099],[-72.688,-7.062],[-72.707,-7.004],[-72.685,-6.966],[-72.661,-6.954],[-72.69,-6.907],[-72.714,-6.927],[-72.778,-6.945],[-72.792,-6.975],[-72.846,-6.983],[-72.918,-7.008],[-72.962,-6.991],[-73.018,-6.999],[-73.069,-6.987],[-73.082,-6.996],[-73.118,-6.985],[-73.161,-7.004],[-73.216,-6.96],[-73.272,-6.952],[-73.314,-6.997],[-73.382,-6.989],[-73.399,-6.953],[-73.42,-6.968],[-73.486,-6.957],[-73.504,-6.941],[-73.528,-6.958],[-73.582,-6.947],[-73.621,-6.949],[-73.67,-7.008],[-73.713,-7.044],[-73.722,-7.081],[-73.748,-7.131],[-73.293,-7.296],[-72.9,-7.438]]]}},{"type":"Feature","properties":{"code":"1302009"},"geometry":{"type":"Polygon","coordinates":[[[-58.105,-2.849],[-58.057,-2.81],[-58.027,-2.798],[-57.958,-2.796],[-57.902,-2.757],[-57.944,-2.762],[-57.932,-2.728],[-57.942,-2.704],[-57.929,-2.675],[-57.962,-2.666],[-57.934,-2.617],[-57.889,-2.608],[-57.886,-2.577],[-57.98,-2.602],[-57.972,-2.634],[-58.015,-2.649],[-58.064,-2.635],[-58.179,-2.573],[-58.209,-2.523],[-58.225,-2.518],[-58.284,-2.467],[-58.257,-2.435],[-58.26,-2.398],[-58.284,-2.389],[-58.301,-2.412],[-58.326,-2.413],[-58.351,-2.377],[-58.356,-2.346],[-58.391,-2.337],[-58.4,-2.32],[-58.442,-2.312],[-58.477,-2.295],[-58.514,-2.31],[-58.574,-2.314],[-58.589,-2.284],[-58.655,-2.313],[-58.684,-2.343],[-58.721,-2.347],[-58.743,-2.338],[-58.721,-2.279],[-58.759,-2.29],[-58.779,-2.263],[-58.819,-2.269],[-58.884,-2.23],[-58.925,-2.256],[-58.933,-2.279],[-58.98,-2.251],[-59.015,-2.255],[-59.05,-2.234],[-59.082,-2.277],[-59.105,-2.295],[-59.172,-2.386],[-59.27,-2.446],[-59.254,-2.479],[-59.249,-2.47],[-59.193,-2.472],[-59.171,-2.483],[-59.156,-2.518],[-59.136,-2.523],[-59.09,-2.571],[-59.047,-2.592],[-59.02,-2.606],[-59.01,-2.573],[-58.989,-2.561],[-58.9,-2.589],[-58.885,-2.57],[-58.85,-2.601],[-58.813,-2.588],[-58.791,-2.6],[-58.753,-2.597],[-58.722,-2.614],[-58.686,-2.664],[-58.666,-2.658],[-58.643,-2.677],[-58.585,-2.678],[-58.504,-2.704],[-58.454,-2.653],[-58.394,-2.648],[-58.379,-2.619],[-58.354,-2.601],[-58.338,-2.625],[-58.308,-2.61],[-58.286,-2.625],[-58.248,-2.63],[-58.194,-2.663],[-58.178,-2.697],[-58.188,-2.714],[-58.177,-2.753],[-58.105,-2.849]]]}},{"type":"Feature","properties":{"code":"1301951"},"geometry":{"type":"Polygon","coordinates":[[[-69.49,-7.21],[-69.482,-7.179],[-69.451,-7.162],[-69.483,-7.129],[-69.486,-7.107],[-69.437,-7.09],[-69.414,-7.071],[-69.391,-7.026],[-69.365,-7.013],[-69.289,-7.012],[-69.167,-6.953],[-69.134,-6.959],[-69.12,-6.988],[-69.124,-7.024],[-69.068,-7.034],[-69.032,-7.077],[-68.996,-7.075],[-68.968,-7.096],[-68.95,-7.074],[-68.875,-7.101],[-68.827,-7.111],[-68.804,-7.093],[-68.72,-7.124],[-68.708,-7.106],[-68.654,-7.103],[-68.6,-7.144],[-68.582,-7.184],[-68.507,-7.25],[-68.479,-7.219],[-68.493,-7.186],[-68.468,-7.142],[-68.432,-7.171],[-68.365,-7.179],[-68.317,-7.16],[-68.268,-7.173],[-68.219,-7.146],[-68.182,-7.143],[-68.164,-7.17],[-68.146,-7.157],[-68.088,-7.148],[-68.049,-7.117],[-67.999,-7.152],[-67.981,-7.146],[-67.906,-7.164],[-67.89,-7.185],[-67.882,-7.237],[-67.888,-7.272],[-67.838,-7.251],[-67.769,-7.262],[-67.733,-7.257],[-67.711,-7.267],[-67.696,-7.304],[-67.697,-7.332],[-67.669,-7.336],[-67.646,-7.38],[-67.617,-7.404],[-67.576,-7.377],[-67.567,-7.351],[-67.524,-7.323],[-67.504,-7.289],[-67.511,-7.254],[-67.516,-7.215],[-67.503,-7.179],[-67.487,-7.172],[-67.455,-7.148],[-67.432,-7.118],[-67.435,-7.072],[-67.405,-7.013],[-67.426,-6.966],[-67.414,-6.941],[-67.422,-6.916],[-67.417,-6.875],[-67.386,-6.865],[-67.387,-6.841],[-67.341,-6.812],[-67.322,-6.826],[-67.233,-6.835],[-67.168,-6.823],[-67.159,-6.785],[-67.129,-6.775],[-67.102,-6.781],[-67.049,-6.775],[-67.027,-6.755],[-66.925,-6.797],[-66.829,-6.798],[-66.798,-6.812],[-66.758,-6.787],[-66.742,-6.802],[-66.687,-6.794],[-66.621,-6.772],[-66.578,-6.73],[-66.539,-6.742],[-66.465,-6.737],[-66.425,-6.718],[-66.4,-6.636],[-66.432,-6.601],[-66.475,-6.57],[-66.524,-6.577],[-66.535,-6.566],[-66.621,-6.552],[-66.647,-6.527],[-66.706,-6.509],[-66.779,-6.497],[-66.811,-6.468],[-66.824,-6.439],[-66.867,-6.409],[-67.003,-6.377],[-67.046,-6.387],[-67.092,-6.333],[-67.129,-6.342],[-67.158,-6.334],[-67.219,-6.341],[-67.259,-6.419],[-67.287,-6.415],[-67.352,-6.452],[-67.374,-6.493],[-67.435,-6.519],[-67.447,-6.503],[-67.509,-6.543],[-67.536,-6.537],[-67.615,-6.565],[-67.649,-6.553],[-67.682,-6.558],[-67.711,-6.545],[-67.745,-6.508],[-67.794,-6.517],[-67.776,-6.482],[-67.78,-6.439],[-67.76,-6.391],[-67.728,-6.338],[-67.703,-6.326],[-67.672,-6.258],[-67.624,-6.239],[-67.628,-6.212],[-67.66,-6.162],[-67.677,-6.151],[-67.681,-6.093],[-67.671,-6.032],[-67.905,-6.032],[-68.305,-6.032],[-68.316,-6.057],[-68.349,-6.091],[-68.383,-6.109],[-68.428,-6.158],[-68.493,-6.174],[-68.502,-6.189],[-68.544,-6.191],[-68.57,-6.202],[-68.609,-6.236],[-68.612,-6.264],[-68.662,-6.285],[-68.678,-6.358],[-68.661,-6.377],[-68.665,-6.402],[-68.709,-6.403],[-68.729,-6.425],[-68.779,-6.388],[-68.808,-6.388],[-68.82,-6.413],[-68.844,-6.421],[-68.915,-6.368],[-68.967,-6.374],[-68.991,-6.352],[-69.021,-6.365],[-69.044,-6.343],[-69.077,-6.349],[-69.15,-6.382],[-69.19,-6.39],[-69.219,-6.372],[-69.249,-6.337],[-69.233,-6.308],[-69.269,-6.287],[-69.307,-6.319],[-69.327,-6.359],[-69.327,-6.582],[-69.321,-6.614],[-69.333,-6.629],[-69.33,-6.665],[-69.375,-6.793],[-69.367,-6.857],[-69.375,-6.909],[-69.413,-6.939],[-69.445,-7.004],[-69.469,-7.024],[-69.519,-7.036],[-69.538,-7.059],[-69.531,-7.094],[-69.515,-7.114],[-69.517,-7.162],[-69.531,-7.185],[-69.49,-7.21]]]}},{"type":"Feature","properties":{"code":"1301902"},"geometry":{"type":"Polygon","coordinates":[[[-58.349,-3.583],[-58.385,-3.555],[-58.367,-3.525],[-58.37,-3.5],[-58.195,-3.5],[-58.197,-3.467],[-58.177,-3.45],[-58.177,-3.371],[-58.147,-3.344],[-58.104,-3.347],[-58.067,-3.295],[-58.066,-3.21],[-58.082,-3.187],[-58.192,-3.187],[-58.174,-3.125],[-58.168,-3.026],[-58.214,-3.066],[-58.242,-3.083],[-58.303,-3.103],[-58.38,-3.137],[-58.384,-3.083],[-58.372,-3.066],[-58.389,-3.008],[-58.471,-2.977],[-58.503,-2.997],[-58.547,-3.01],[-58.569,-3.007],[-58.596,-3.029],[-58.627,-3.038],[-58.705,-3.006],[-58.871,-2.908],[-58.861,-2.858],[-58.879,-2.853],[-58.915,-2.801],[-58.914,-2.764],[-58.961,-2.762],[-58.988,-2.775],[-58.981,-2.709],[-59.017,-2.703],[-59.033,-2.667],[-59.023,-2.638],[-59.049,-2.624],[-59.047,-2.592],[-59.09,-2.571],[-59.136,-2.523],[-59.156,-2.518],[-59.174,-2.551],[-59.2,-2.563],[-59.189,-2.597],[-59.228,-2.649],[-59.229,-2.697],[-59.268,-2.739],[-59.307,-2.762],[-59.356,-2.823],[-59.361,-2.88],[-59.38,-2.868],[-59.407,-2.878],[-59.431,-2.927],[-59.486,-2.964],[-59.5,-2.981],[-59.454,-3.032],[-59.402,-3.055],[-59.358,-3.085],[-59.342,-3.109],[-59.309,-3.13],[-59.269,-3.127],[-59.176,-3.164],[-59.203,-3.179],[-59.252,-3.156],[-59.327,-3.147],[-59.36,-3.15],[-59.384,-3.181],[-59.233,-3.239],[-59.15,-3.28],[-59.121,-3.282],[-59.01,-3.244],[-58.974,-3.259],[-58.941,-3.294],[-58.94,-3.313],[-58.906,-3.359],[-58.852,-3.4],[-58.826,-3.401],[-58.771,-3.374],[-58.796,-3.44],[-58.84,-3.451],[-58.891,-3.498],[-58.913,-3.542],[-58.896,-3.573],[-58.922,-3.599],[-58.9,-3.618],[-58.871,-3.604],[-58.789,-3.614],[-58.751,-3.591],[-58.707,-3.611],[-58.701,-3.645],[-58.679,-3.665],[-58.659,-3.661],[-58.647,-3.629],[-58.574,-3.65],[-58.561,-3.675],[-58.518,-3.712],[-58.515,-3.743],[-58.478,-3.751],[-58.46,-3.723],[-58.425,-3.731],[-58.4,-3.669],[-58.366,-3.656],[-58.38,-3.631],[-58.349,-3.61],[-58.349,-3.583]]]}},{"type":"Feature","properties":{"code":"1301209"},"geometry":{"type":"Polygon","coordinates":[[[-65.93,-5.419],[-65.859,-5.484],[-65.803,-5.502],[-65.713,-5.496],[-65.687,-5.532],[-65.67,-5.537],[-65.625,-5.525],[-65.599,-5.552],[-65.581,-5.593],[-65.534,-5.601],[-65.513,-5.634],[-65.468,-5.634],[-65.465,-5.66],[-65.444,-5.676],[-65.403,-5.685],[-65.351,-5.678],[-65.237,-5.715],[-65.219,-5.743],[-65.191,-5.753],[-65.162,-5.715],[-65.138,-5.704],[-65.115,-5.728],[-64.989,-5.748],[-64.963,-5.742],[-64.94,-5.783],[-64.896,-5.777],[-64.883,-5.786],[-64.774,-5.795],[-64.748,-5.805],[-64.71,-5.796],[-64.68,-5.8],[-64.668,-5.765],[-64.639,-5.741],[-64.622,-5.707],[-64.598,-5.691],[-64.547,-5.702],[-64.522,-5.661],[-64.483,-5.642],[-64.466,-5.61],[-64.409,-5.601],[-64.391,-5.535],[-64.349,-5.527],[-64.315,-5.471],[-64.265,-5.473],[-64.226,-5.486],[-64.223,-5.455],[-64.135,-5.406],[-64.114,-5.418],[-64.086,-5.395],[-64.072,-5.367],[-64.078,-5.309],[-64.053,-5.29],[-64.035,-5.248],[-63.976,-5.24],[-63.92,-5.197],[-63.865,-5.17],[-63.843,-5.152],[-63.803,-5.15],[-63.746,-5.119],[-63.701,-5.149],[-63.633,-5.163],[-63.579,-5.186],[-63.547,-5.153],[-63.465,-5.163],[-63.438,-5.123],[-63.363,-5.071],[-63.283,-5.045],[-63.276,-4.992],[-63.282,-4.949],[-63.247,-4.902],[-63.233,-4.865],[-63.241,-4.833],[-63.209,-4.817],[-63.219,-4.78],[-63.19,-4.76],[-63.164,-4.759],[-63.127,-4.731],[-63.088,-4.725],[-63.06,-4.731],[-63.031,-4.697],[-62.996,-4.668],[-63.007,-4.549],[-62.942,-4.503],[-62.912,-4.493],[-62.905,-4.467],[-62.864,-4.489],[-62.804,-4.469],[-62.774,-4.499],[-62.757,-4.458],[-62.737,-4.484],[-62.719,-4.45],[-62.694,-4.431],[-62.697,-4.398],[-62.657,-4.389],[-62.653,-4.415],[-62.616,-4.442],[-62.537,-4.407],[-62.553,-4.373],[-62.476,-4.304],[-62.475,-4.263],[-62.441,-4.231],[-62.407,-4.235],[-62.378,-4.251],[-62.296,-4.248],[-62.262,-4.232],[-62.287,-4.205],[-62.286,-4.164],[-62.356,-4.108],[-62.361,-4.091],[-62.393,-4.077],[-62.445,-4.078],[-62.495,-4.038],[-62.522,-4.036],[-62.571,-4.002],[-62.562,-3.948],[-62.579,-3.921],[-62.581,-3.858],[-63.025,-3.566],[-63.143,-3.616],[-63.179,-3.614],[-63.24,-3.536],[-63.261,-3.524],[-63.331,-3.508],[-63.398,-3.476],[-63.461,-3.417],[-63.478,-3.392],[-63.584,-3.352],[-63.607,-3.359],[-63.651,-3.338],[-63.666,-3.302],[-63.724,-3.265],[-63.718,-3.245],[-63.782,-3.209],[-63.775,-3.184],[-63.814,-3.165],[-63.817,-3.137],[-63.843,-3.115],[-63.862,-3.064],[-63.882,-3.037],[-63.869,-3.0],[-63.873,-2.978],[-63.9,-2.956],[-63.905,-2.905],[-63.948,-2.879],[-63.938,-2.859],[-63.968,-2.809],[-63.96,-2.708],[-63.975,-2.658],[-64.019,-2.661],[-64.047,-2.607],[-64.085,-2.55],[-64.084,-2.507],[-64.101,-2.497],[-64.104,-2.462],[-64.169,-2.431],[-64.231,-2.43],[-64.297,-2.383],[-64.369,-2.36],[-64.394,-2.36],[-64.433,-2.321],[-64.46,-2.327],[-64.521,-2.31],[-64.529,-2.337],[-64.529,-2.401],[-64.508,-2.411],[-64.49,-2.439],[-64.447,-2.438],[-64.424,-2.468],[-64.417,-2.534],[-64.438,-2.571],[-64.421,-2.608],[-64.425,-2.639],[-64.358,-2.651],[-64.338,-2.692],[-64.358,-2.721],[-64.403,-2.715],[-64.445,-2.744],[-64.51,-2.742],[-64.503,-2.777],[-64.465,-2.822],[-64.448,-2.862],[-64.453,-2.89],[-64.436,-2.947],[-64.41,-2.959],[-64.371,-3.004],[-64.334,-3.022],[-64.336,-3.066],[-64.319,-3.088],[-64.293,-3.08],[-64.263,-3.099],[-64.292,-3.153],[-64.255,-3.169],[-64.251,-3.186],[-64.206,-3.229],[-64.193,-3.253],[-64.163,-3.239],[-64.151,-3.271],[-64.109,-3.303],[-64.084,-3.352],[-64.112,-3.368],[-64.151,-3.419],[-64.139,-3.449],[-64.158,-3.477],[-64.159,-3.511],[-64.124,-3.518],[-64.104,-3.539],[-64.036,-3.581],[-64.02,-3.624],[-63.976,-3.605],[-63.928,-3.643],[-63.919,-3.696],[-63.926,-3.744],[-63.88,-3.793],[-63.851,-3.799],[-63.83,-3.78],[-63.788,-3.794],[-63.863,-3.817],[-63.942,-3.807],[-63.975,-3.774],[-63.97,-3.72],[-63.995,-3.7],[-64.05,-3.702],[-64.05,-3.787],[-64.103,-3.747],[-64.134,-3.768],[-64.163,-3.802],[-64.172,-3.861],[-64.24,-3.892],[-64.252,-3.888],[-64.289,-3.947],[-64.316,-3.952],[-64.336,-3.972],[-64.385,-3.967],[-64.445,-4.001],[-64.466,-4.0],[-64.512,-4.043],[-64.537,-4.053],[-64.595,-4.095],[-64.697,-4.114],[-64.73,-4.153],[-64.739,-4.183],[-64.778,-4.199],[-64.793,-4.229],[-64.821,-4.256],[-64.846,-4.258],[-64.862,-4.283],[-64.941,-4.292],[-64.973,-4.272],[-64.995,-4.284],[-65.016,-4.336],[-65.038,-4.368],[-65.018,-4.399],[-65.066,-4.445],[-65.094,-4.445],[-65.118,-4.489],[-65.161,-4.503],[-65.186,-4.551],[-65.218,-4.559],[-65.291,-4.609],[-65.33,-4.617],[-65.34,-4.601],[-65.373,-4.611],[-65.375,-4.641],[-65.41,-4.662],[-65.437,-4.664],[-65.454,-4.689],[-65.466,-4.747],[-65.54,-4.8],[-65.553,-4.831],[-65.549,-4.87],[-65.576,-4.896],[-65.576,-4.94],[-65.598,-4.969],[-65.603,-4.997],[-65.695,-5.036],[-65.704,-5.058],[-65.695,-5.112],[-65.675,-5.103],[-65.649,-5.114],[-65.668,-5.154],[-65.655,-5.216],[-65.629,-5.262],[-65.645,-5.283],[-65.693,-5.303],[-65.738,-5.299],[-65.753,-5.315],[-65.777,-5.3],[-65.818,-5.306],[-65.903,-5.377],[-65.909,-5.403],[-65.93,-5.419]]]}},{"type":"Feature","properties":{"code":"1301308"},"geometry":{"type":"Polygon","coordinates":[[[-62.361,-4.091],[-62.31,-4.087],[-62.268,-4.062],[-62.203,-4.111],[-62.177,-4.114],[-62.141,-4.086],[-62.119,-4.093],[-62.073,-4.081],[-62.031,-4.08],[-61.98,-4.093],[-61.948,-4.121],[-61.891,-4.131],[-61.852,-4.111],[-61.839,-4.144],[-61.808,-4.093],[-61.861,-4.085],[-61.879,-4.101],[-61.921,-4.087],[-61.936,-4.063],[-61.923,-4.024],[-61.903,-4.044],[-61.87,-4.029],[-61.839,-4.033],[-61.841,-3.989],[-61.89,-3.962],[-61.819,-3.884],[-61.819,-3.662],[-61.872,-3.667],[-61.896,-3.66],[-61.929,-3.628],[-61.962,-3.61],[-62.012,-3.594],[-62.033,-3.572],[-62.026,-3.505],[-62.032,-3.471],[-62.08,-3.418],[-62.087,-3.391],[-62.077,-3.32],[-62.088,-3.278],[-62.117,-3.275],[-62.152,-3.323],[-62.194,-3.353],[-62.267,-3.373],[-62.291,-3.451],[-62.379,-3.436],[-62.401,-3.412],[-62.394,-3.35],[-62.405,-3.326],[-62.442,-3.284],[-62.525,-3.228],[-62.556,-3.139],[-62.583,-3.108],[-62.627,-3.093],[-62.7,-3.092],[-62.747,-3.061],[-62.769,-3.029],[-62.828,-3.004],[-62.878,-3.001],[-62.929,-3.009],[-62.932,-2.986],[-62.918,-2.934],[-62.929,-2.897],[-62.965,-2.854],[-62.981,-2.821],[-63.01,-2.801],[-63.067,-2.8],[-63.147,-2.824],[-63.212,-2.825],[-63.245,-2.809],[-63.272,-2.765],[-63.282,-2.716],[-63.303,-2.703],[-63.417,-2.711],[-63.451,-2.696],[-63.512,-2.737],[-63.543,-2.75],[-63.557,-2.789],[-63.602,-2.798],[-63.678,-2.833],[-63.71,-2.838],[-63.733,-2.759],[-63.697,-2.707],[-63.692,-2.683],[-63.714,-2.634],[-63.72,-2.597],[-63.763,-2.58],[-63.788,-2.558],[-63.886,-2.53],[-63.922,-2.504],[-63.957,-2.447],[-63.979,-2.35],[-64.02,-2.297],[-64.037,-2.264],[-64.037,-2.232],[-64.062,-2.197],[-64.097,-2.182],[-64.145,-2.178],[-64.165,-2.167],[-64.176,-2.129],[-64.198,-2.107],[-64.225,-2.103],[-64.279,-2.198],[-64.308,-2.209],[-64.326,-2.264],[-64.367,-2.265],[-64.425,-2.24],[-64.479,-2.265],[-64.521,-2.31],[-64.46,-2.327],[-64.433,-2.321],[-64.394,-2.36],[-64.369,-2.36],[-64.297,-2.383],[-64.231,-2.43],[-64.169,-2.431],[-64.104,-2.462],[-64.101,-2.497],[-64.084,-2.507],[-64.085,-2.55],[-64.047,-2.607],[-64.019,-2.661],[-63.975,-2.658],[-63.96,-2.708],[-63.968,-2.809],[-63.938,-2.859],[-63.948,-2.879],[-63.905,-2.905],[-63.9,-2.956],[-63.873,-2.978],[-63.869,-3.0],[-63.882,-3.037],[-63.862,-3.064],[-63.843,-3.115],[-63.817,-3.137],[-63.814,-3.165],[-63.775,-3.184],[-63.782,-3.209],[-63.718,-3.245],[-63.724,-3.265],[-63.666,-3.302],[-63.651,-3.338],[-63.607,-3.359],[-63.584,-3.352],[-63.478,-3.392],[-63.461,-3.417],[-63.398,-3.476],[-63.331,-3.508],[-63.261,-3.524],[-63.24,-3.536],[-63.179,-3.614],[-63.143,-3.616],[-63.025,-3.566],[-62.581,-3.858],[-62.579,-3.921],[-62.562,-3.948],[-62.571,-4.002],[-62.522,-4.036],[-62.495,-4.038],[-62.445,-4.078],[-62.393,-4.077],[-62.361,-4.091]]]}},{"type":"Feature","properties":{"code":"1301100"},"geometry":{"type":"Polygon","coordinates":[[[-60.807,-4.182],[-60.767,-4.198],[-60.75,-4.191],[-60.69,-4.223],[-60.639,-4.2],[-60.619,-4.175],[-60.578,-4.18],[-60.54,-4.149],[-60.482,-4.135],[-60.448,-4.174],[-60.388,-4.178],[-60.315,-4.191],[-60.304,-4.162],[-60.267,-4.162],[-60.167,-4.141],[-60.139,-4.192],[-60.121,-4.191],[-60.1,-4.153],[-60.101,-4.123],[-60.12,-4.095],[-60.118,-4.027],[-60.085,-4.002],[-60.065,-3.962],[-59.953,-3.963],[-59.928,-3.979],[-59.904,-3.977],[-59.908,-3.947],[-59.873,-3.91],[-59.855,-3.866],[-59.828,-3.838],[-59.836,-3.788],[-59.822,-3.704],[-59.812,-3.697],[-59.775,-3.464],[-59.691,-3.434],[-59.684,-3.406],[-59.691,-3.345],[-59.73,-3.352],[-59.746,-3.335],[-59.796,-3.341],[-59.849,-3.365],[-59.879,-3.369],[-59.878,-3.296],[-59.935,-3.295],[-60.028,-3.38],[-60.039,-3.372],[-60.195,-3.372],[-60.226,-3.383],[-60.3,-3.446],[-60.264,-3.501],[-60.297,-3.528],[-60.292,-3.55],[-60.314,-3.597],[-60.304,-3.612],[-60.311,-3.648],[-60.409,-3.59],[-60.435,-3.604],[-60.455,-3.629],[-60.449,-3.679],[-60.425,-3.7],[-60.447,-3.715],[-60.475,-3.759],[-60.536,-3.791],[-60.542,-3.809],[-60.574,-3.836],[-60.575,-3.87],[-60.592,-3.904],[-60.592,-3.951],[-60.606,-3.981],[-60.606,-4.025],[-60.801,-4.171],[-60.807,-4.182]]]}},{"type":"Feature","properties":{"code":"1301159"},"geometry":{"type":"Polygon","coordinates":[[[-59.775,-3.464],[-59.737,-3.47],[-59.714,-3.46],[-59.675,-3.472],[-59.668,-3.486],[-59.623,-3.509],[-59.586,-3.549],[-59.551,-3.542],[-59.541,-3.514],[-59.511,-3.493],[-59.474,-3.5],[-59.428,-3.499],[-59.389,-3.461],[-59.347,-3.441],[-59.326,-3.407],[-59.249,-3.372],[-59.233,-3.35],[-59.233,-3.239],[-59.384,-3.181],[-59.36,-3.15],[-59.397,-3.159],[-59.471,-3.132],[-59.549,-3.12],[-59.607,-3.094],[-59.705,-3.062],[-59.77,-3.064],[-59.821,-3.079],[-59.87,-3.104],[-59.896,-3.128],[-59.885,-3.2],[-59.9,-3.247],[-59.926,-3.262],[-59.942,-3.286],[-59.997,-3.291],[-60.062,-3.326],[-60.114,-3.345],[-60.18,-3.35],[-60.227,-3.362],[-60.226,-3.383],[-60.195,-3.372],[-60.039,-3.372],[-60.028,-3.38],[-59.935,-3.295],[-59.878,-3.296],[-59.879,-3.369],[-59.849,-3.365],[-59.796,-3.341],[-59.746,-3.335],[-59.73,-3.352],[-59.691,-3.345],[-59.684,-3.406],[-59.691,-3.434],[-59.775,-3.464]]]}},{"type":"Feature","properties":{"code":"1301506"},"geometry":{"type":"Polygon","coordinates":[[[-69.802,-8.061],[-69.803,-8.032],[-69.788,-8.008],[-69.799,-7.987],[-69.799,-7.947],[-69.786,-7.903],[-69.797,-7.87],[-69.767,-7.865],[-69.763,-7.839],[-69.685,-7.787],[-69.64,-7.749],[-69.615,-7.741],[-69.616,-7.715],[-69.571,-7.652],[-69.6,-7.608],[-69.581,-7.603],[-69.555,-7.574],[-69.565,-7.545],[-69.527,-7.482],[-69.532,-7.43],[-69.508,-7.416],[-69.5,-7.352],[-69.483,-7.334],[-69.493,-7.273],[-69.472,-7.255],[-69.49,-7.21],[-69.531,-7.185],[-69.859,-7.185],[-69.877,-7.203],[-69.867,-7.246],[-69.895,-7.288],[-69.948,-7.293],[-69.974,-7.274],[-69.97,-7.25],[-69.99,-7.234],[-69.996,-7.198],[-70.033,-7.173],[-70.04,-7.23],[-70.067,-7.276],[-70.118,-7.278],[-70.147,-7.308],[-70.183,-7.359],[-70.202,-7.356],[-70.223,-7.385],[-70.274,-7.405],[-70.316,-7.458],[-70.359,-7.49],[-70.402,-7.492],[-70.45,-7.52],[-70.502,-7.519],[-70.559,-7.555],[-70.613,-7.548],[-70.645,-7.597],[-70.681,-7.609],[-70.738,-7.586],[-70.802,-7.611],[-70.813,-7.64],[-70.866,-7.627],[-70.9,-7.668],[-70.939,-7.656],[-70.967,-7.673],[-71.011,-7.681],[-71.034,-7.702],[-71.088,-7.726],[-70.515,-7.792],[-70.055,-7.845],[-69.802,-8.061]]]}},{"type":"Feature","properties":{"code":"1301407"},"geometry":{"type":"Polygon","coordinates":[[[-71.088,-7.726],[-71.034,-7.702],[-71.011,-7.681],[-70.967,-7.673],[-70.939,-7.656],[-70.9,-7.668],[-70.866,-7.627],[-70.813,-7.64],[-70.802,-7.611],[-70.738,-7.586],[-70.681,-7.609],[-70.645,-7.597],[-70.613,-7.548],[-70.559,-7.555],[-70.502,-7.519],[-70.45,-7.52],[-70.402,-7.492],[-70.359,-7.49],[-70.316,-7.458],[-70.274,-7.405],[-70.223,-7.385],[-70.202,-7.356],[-70.183,-7.359],[-70.147,-7.308],[-70.118,-7.278],[-70.067,-7.276],[-70.04,-7.23],[-70.033,-7.173],[-69.996,-7.198],[-69.99,-7.234],[-69.97,-7.25],[-69.974,-7.274],[-69.948,-7.293],[-69.895,-7.288],[-69.867,-7.246],[-69.877,-7.203],[-69.859,-7.185],[-69.531,-7.185],[-69.517,-7.162],[-69.515,-7.114],[-69.531,-7.094],[-69.538,-7.059],[-69.519,-7.036],[-69.469,-7.024],[-69.445,-7.004],[-69.413,-6.939],[-69.375,-6.909],[-69.367,-6.857],[-69.375,-6.793],[-69.33,-6.665],[-69.333,-6.629],[-69.321,-6.614],[-69.327,-6.582],[-69.327,-6.359],[-69.349,-6.343],[-69.384,-6.351],[-69.423,-6.344],[-69.444,-6.382],[-69.466,-6.378],[-69.515,-6.442],[-69.576,-6.445],[-69.597,-6.428],[-69.645,-6.411],[-69.686,-6.425],[-69.72,-6.413],[-69.77,-6.428],[-69.786,-6.46],[-69.776,-6.477],[-69.84,-6.537],[-69.88,-6.533],[-69.972,-6.571],[-70.038,-6.558],[-70.078,-6.592],[-70.126,-6.624],[-70.153,-6.606],[-70.206,-6.593],[-70.229,-6.602],[-70.261,-6.585],[-70.287,-6.606],[-70.346,-6.636],[-70.362,-6.601],[-70.393,-6.602],[-70.408,-6.575],[-70.459,-6.558],[-70.496,-6.572],[-70.504,-6.552],[-70.53,-6.551],[-70.551,-6.513],[-70.566,-6.557],[-70.596,-6.581],[-70.612,-6.611],[-70.641,-6.604],[-70.641,-6.814],[-70.668,-6.85],[-70.68,-6.89],[-70.703,-6.903],[-70.706,-6.992],[-70.721,-7.045],[-70.738,-7.053],[-70.787,-7.153],[-70.861,-7.209],[-70.895,-7.222],[-70.897,-7.242],[-70.954,-7.251],[-70.99,-7.27],[-70.998,-7.317],[-71.049,-7.359],[-71.06,-7.401],[-71.129,-7.472],[-71.163,-7.488],[-71.199,-7.542],[-71.223,-7.554],[-71.272,-7.612],[-71.311,-7.633],[-71.329,-7.662],[-71.365,-7.669],[-71.381,-7.692],[-71.088,-7.726]]]}},{"type":"Feature","properties":{"code":"1300680"},"geometry":{"type":"Polygon","coordinates":[[[-58.067,-3.295],[-58.067,-3.333],[-58.04,-3.346],[-58.013,-3.333],[-57.989,-3.346],[-57.939,-3.326],[-57.905,-3.285],[-57.886,-3.303],[-57.828,-3.272],[-57.829,-3.219],[-57.81,-3.215],[-57.782,-3.163],[-57.796,-3.136],[-57.616,-3.136],[-57.611,-3.166],[-57.642,-3.183],[-57.641,-3.24],[-57.624,-3.256],[-57.633,-3.296],[-57.594,-3.332],[-57.58,-3.318],[-57.524,-3.314],[-57.508,-3.349],[-57.503,-3.412],[-57.479,-3.459],[-57.447,-3.492],[-57.406,-3.512],[-57.37,-3.514],[-57.36,-3.436],[-57.364,-3.368],[-57.35,-3.347],[-57.376,-3.327],[-57.38,-3.302],[-57.42,-3.296],[-57.459,-3.257],[-57.459,-3.022],[-57.384,-2.981],[-57.356,-2.946],[-57.352,-2.912],[-57.397,-2.917],[-57.411,-2.942],[-57.467,-2.95],[-57.478,-2.865],[-57.438,-2.842],[-57.483,-2.807],[-57.555,-2.824],[-57.577,-2.84],[-57.603,-2.892],[-57.632,-2.914],[-57.647,-2.942],[-57.699,-2.949],[-57.71,-2.964],[-57.746,-2.959],[-57.761,-2.985],[-57.79,-2.987],[-57.817,-2.955],[-57.878,-2.964],[-57.885,-2.947],[-57.945,-3.049],[-58.014,-3.15],[-58.02,-3.178],[-58.044,-3.21],[-58.066,-3.21],[-58.067,-3.295]]]}},{"type":"Feature","properties":{"code":"1300805"},"geometry":{"type":"Polygon","coordinates":[[[-59.848,-6.868],[-59.491,-6.652],[-59.296,-6.535],[-59.077,-6.389],[-58.849,-6.399],[-58.854,-6.373],[-58.907,-6.322],[-58.917,-6.294],[-58.907,-6.249],[-58.849,-6.213],[-58.833,-6.137],[-58.816,-6.116],[-58.801,-6.054],[-58.831,-6.014],[-58.833,-5.992],[-58.814,-5.928],[-58.828,-5.893],[-58.828,-5.823],[-58.812,-5.74],[-58.835,-5.708],[-58.846,-5.668],[-58.832,-5.653],[-58.824,-5.608],[-58.833,-5.565],[-58.851,-5.557],[-58.855,-5.526],[-58.828,-5.469],[-58.833,-5.446],[-58.803,-5.376],[-58.806,-5.345],[-58.771,-5.329],[-58.738,-5.331],[-58.74,-5.296],[-58.715,-5.282],[-58.698,-5.256],[-58.706,-5.238],[-58.65,-5.228],[-58.652,-5.204],[-58.634,-5.183],[-58.583,-5.178],[-58.469,-5.071],[-58.45,-5.042],[-58.408,-5.014],[-58.413,-4.991],[-58.384,-4.945],[-58.387,-4.919],[-58.361,-4.915],[-58.342,-4.893],[-58.351,-4.849],[-58.306,-4.817],[-58.296,-4.767],[-58.267,-4.706],[-58.271,-4.655],[-58.236,-4.603],[-58.234,-4.552],[-58.203,-4.545],[-58.215,-4.518],[-58.174,-4.478],[-58.184,-4.458],[-58.128,-4.431],[-58.133,-4.413],[-58.123,-4.368],[-58.174,-4.362],[-58.193,-4.35],[-58.225,-4.36],[-58.28,-4.394],[-58.296,-4.428],[-58.338,-4.441],[-58.362,-4.466],[-58.385,-4.461],[-58.396,-4.503],[-58.439,-4.507],[-58.501,-4.474],[-58.526,-4.474],[-58.558,-4.494],[-58.602,-4.455],[-58.626,-4.475],[-58.645,-4.464],[-58.629,-4.437],[-58.648,-4.373],[-58.639,-4.332],[-58.617,-4.289],[-58.619,-4.262],[-58.659,-4.267],[-58.661,-4.236],[-58.682,-4.216],[-58.692,-4.188],[-58.678,-4.155],[-58.706,-4.1],[-58.773,-4.078],[-58.78,-4.045],[-58.819,-4.003],[-58.798,-3.969],[-58.787,-3.915],[-58.846,-3.849],[-58.88,-3.853],[-58.909,-3.904],[-58.969,-3.887],[-58.997,-3.896],[-58.993,-3.92],[-59.03,-3.937],[-59.051,-3.962],[-59.155,-3.972],[-59.173,-3.944],[-59.143,-3.917],[-59.203,-3.917],[-59.504,-3.917],[-59.528,-3.929],[-59.573,-3.968],[-59.576,-3.993],[-59.597,-4.022],[-59.584,-4.039],[-59.576,-4.086],[-59.584,-4.142],[-59.614,-4.184],[-59.663,-4.2],[-59.926,-4.2],[-59.946,-4.224],[-59.94,-4.247],[-59.989,-4.261],[-59.971,-4.306],[-59.968,-4.339],[-59.948,-4.364],[-59.95,-4.384],[-59.998,-4.397],[-60.034,-4.423],[-60.051,-4.413],[-60.048,-4.382],[-60.076,-4.383],[-60.084,-4.406],[-60.13,-4.389],[-60.127,-4.337],[-60.165,-4.338],[-60.171,-4.318],[-60.218,-4.294],[-60.276,-4.235],[-60.267,-4.162],[-60.304,-4.162],[-60.315,-4.191],[-60.388,-4.178],[-60.448,-4.174],[-60.482,-4.135],[-60.54,-4.149],[-60.578,-4.18],[-60.619,-4.175],[-60.639,-4.2],[-60.69,-4.223],[-60.75,-4.191],[-60.767,-4.198],[-60.807,-4.182],[-60.852,-4.284],[-61.009,-4.424],[-61.169,-4.546],[-61.248,-4.627],[-61.293,-4.712],[-60.913,-5.112],[-60.726,-5.112],[-60.729,-5.052],[-60.293,-5.052],[-60.256,-4.989],[-60.233,-4.929],[-60.199,-4.902],[-60.174,-4.901],[-60.098,-4.924],[-59.978,-4.874],[-59.943,-4.868],[-59.671,-5.282],[-59.693,-5.313],[-59.7,-5.356],[-59.727,-5.407],[-59.727,-5.452],[-59.706,-5.497],[-59.671,-5.501],[-59.602,-5.479],[-59.589,-5.503],[-59.555,-5.51],[-59.544,-5.554],[-59.572,-5.621],[-59.591,-5.636],[-59.615,-5.692],[-59.616,-5.722],[-59.6,-5.752],[-59.605,-5.779],[-59.564,-5.816],[-59.562,-5.844],[-59.521,-5.865],[-59.494,-5.914],[-59.45,-5.963],[-59.452,-5.995],[-59.411,-6.008],[-59.4,-6.048],[-59.359,-6.109],[-59.359,-6.168],[-59.336,-6.195],[-59.346,-6.279],[-59.365,-6.304],[-59.35,-6.321],[-59.346,-6.358],[-59.328,-6.373],[-59.31,-6.445],[-59.315,-6.461],[-59.614,-6.461],[-59.628,-6.477],[-59.663,-6.464],[-59.708,-6.462],[-59.74,-6.444],[-59.764,-6.47],[-59.82,-6.439],[-59.844,-6.476],[-59.856,-6.522],[-59.876,-6.52],[-59.93,-6.553],[-59.926,-6.571],[-59.956,-6.622],[-59.928,-6.639],[-59.939,-6.716],[-59.923,-6.746],[-59.905,-6.749],[-59.905,-6.792],[-59.864,-6.822],[-59.848,-6.868]]]}},{"type":"Feature","properties":{"code":"1300607"},"geometry":{"type":"Polygon","coordinates":[[[-70.13,-4.284],[-70.141,-4.283],[-70.142,-4.363],[-70.129,-4.388],[-70.154,-4.423],[-70.156,-4.45],[-70.26,-4.65],[-70.228,-4.659],[-70.219,-4.718],[-70.151,-4.789],[-70.156,-4.844],[-70.126,-4.866],[-70.161,-4.895],[-70.147,-4.95],[-70.152,-5.002],[-70.18,-5.037],[-70.163,-5.062],[-70.21,-5.115],[-70.235,-5.121],[-70.254,-5.171],[-70.282,-5.187],[-70.291,-5.235],[-70.329,-5.264],[-70.332,-5.302],[-70.352,-5.365],[-70.388,-5.41],[-70.397,-5.462],[-70.445,-5.497],[-70.445,-5.55],[-70.455,-5.571],[-70.453,-5.653],[-70.464,-5.66],[-70.473,-5.716],[-70.489,-5.728],[-70.48,-5.756],[-70.494,-5.77],[-70.498,-5.805],[-70.518,-5.813],[-70.574,-5.911],[-70.575,-5.927],[-70.617,-5.951],[-70.624,-5.981],[-70.611,-6.004],[-70.631,-6.024],[-70.611,-6.043],[-70.594,-6.09],[-70.598,-6.13],[-70.579,-6.158],[-70.595,-6.189],[-70.61,-6.244],[-70.647,-6.286],[-70.693,-6.314],[-70.733,-6.371],[-70.761,-6.379],[-70.808,-6.433],[-70.82,-6.463],[-70.854,-6.494],[-70.902,-6.492],[-70.926,-6.522],[-70.976,-6.517],[-70.989,-6.535],[-71.046,-6.542],[-71.082,-6.603],[-71.112,-6.613],[-71.219,-6.622],[-71.258,-6.635],[-71.299,-6.685],[-71.314,-6.694],[-71.283,-6.719],[-71.252,-6.691],[-71.229,-6.712],[-71.189,-6.695],[-71.15,-6.702],[-71.107,-6.693],[-71.109,-6.678],[-71.075,-6.657],[-71.058,-6.634],[-71.019,-6.651],[-70.983,-6.644],[-70.95,-6.676],[-70.952,-6.694],[-70.868,-6.72],[-70.816,-6.712],[-70.794,-6.681],[-70.753,-6.654],[-70.687,-6.633],[-70.678,-6.607],[-70.641,-6.604],[-70.612,-6.611],[-70.596,-6.581],[-70.566,-6.557],[-70.551,-6.513],[-70.525,-6.496],[-70.491,-6.4],[-70.414,-6.377],[-70.382,-6.341],[-70.373,-6.301],[-70.349,-6.296],[-70.342,-6.273],[-70.368,-6.244],[-70.374,-6.192],[-70.409,-6.172],[-70.403,-6.131],[-70.413,-6.109],[-70.36,-6.057],[-70.35,-6.037],[-70.305,-6.013],[-70.298,-5.955],[-70.265,-5.888],[-70.288,-5.859],[-70.283,-5.83],[-70.237,-5.79],[-70.228,-5.757],[-70.241,-5.739],[-70.222,-5.674],[-70.248,-5.668],[-70.249,-5.63],[-70.225,-5.58],[-70.23,-5.557],[-70.204,-5.541],[-70.188,-5.508],[-70.168,-5.505],[-70.153,-5.473],[-70.173,-5.413],[-70.141,-5.362],[-70.151,-5.323],[-70.091,-5.222],[-70.085,-5.178],[-70.031,-5.123],[-70.038,-5.1],[-70.016,-5.082],[-69.977,-4.988],[-69.978,-4.957],[-69.947,-4.914],[-69.919,-4.916],[-69.924,-4.845],[-69.913,-4.813],[-69.922,-4.757],[-69.914,-4.746],[-69.871,-4.745],[-69.838,-4.723],[-69.82,-4.683],[-69.758,-4.674],[-69.724,-4.646],[-69.661,-4.648],[-69.656,-4.615],[-69.61,-4.585],[-69.599,-4.567],[-69.605,-4.533],[-69.593,-4.495],[-69.607,-4.443],[-69.587,-4.415],[-69.534,-4.419],[-69.521,-4.4],[-69.49,-4.405],[-69.438,-4.363],[-69.482,-4.356],[-69.515,-4.334],[-69.53,-4.279],[-69.563,-4.302],[-69.622,-4.308],[-69.669,-4.324],[-69.709,-4.352],[-69.79,-4.375],[-69.944,-4.28],[-69.947,-4.315],[-69.977,-4.342],[-69.989,-4.321],[-70.037,-4.356],[-70.051,-4.326],[-70.075,-4.321],[-70.075,-4.285],[-70.13,-4.284]]]}},{"type":"Feature","properties":{"code":"1300631"},"geometry":{"type":"Polygon","coordinates":[[[-62.102,-5.458],[-62.081,-5.415],[-62.016,-5.327],[-61.944,-5.296],[-61.863,-5.217],[-61.781,-5.165],[-61.709,-5.105],[-61.56,-4.969],[-61.491,-4.916],[-61.442,-4.889],[-61.419,-4.854],[-61.321,-4.766],[-61.293,-4.712],[-61.248,-4.627],[-61.169,-4.546],[-61.009,-4.424],[-60.852,-4.284],[-60.807,-4.182],[-60.836,-4.153],[-60.89,-4.17],[-60.903,-4.149],[-60.939,-4.125],[-60.965,-4.135],[-60.968,-4.105],[-60.994,-4.103],[-61.016,-4.079],[-61.054,-4.129],[-61.094,-4.134],[-61.14,-4.125],[-61.163,-4.14],[-61.163,-3.975],[-61.123,-3.939],[-61.088,-3.918],[-61.051,-3.865],[-61.047,-3.82],[-61.062,-3.796],[-61.148,-3.79],[-61.142,-3.756],[-61.147,-3.701],[-61.333,-3.696],[-61.408,-3.625],[-61.477,-3.685],[-61.433,-3.764],[-61.42,-3.804],[-61.371,-3.874],[-61.396,-3.903],[-61.429,-3.914],[-61.491,-3.993],[-61.511,-4.007],[-61.57,-4.072],[-61.593,-4.141],[-61.672,-4.244],[-61.687,-4.252],[-61.739,-4.24],[-61.797,-4.274],[-61.841,-4.276],[-61.871,-4.248],[-61.912,-4.263],[-61.956,-4.263],[-61.968,-4.284],[-61.999,-4.282],[-62.056,-4.318],[-62.059,-4.371],[-62.068,-4.388],[-62.13,-4.414],[-62.227,-4.533],[-62.261,-4.518],[-62.301,-4.545],[-62.33,-4.54],[-62.355,-4.593],[-62.397,-4.624],[-62.447,-4.609],[-62.494,-4.565],[-62.57,-4.595],[-62.616,-4.638],[-62.648,-4.645],[-62.658,-4.676],[-62.686,-4.693],[-62.781,-4.679],[-62.809,-4.639],[-62.859,-4.657],[-62.909,-4.647],[-62.94,-4.672],[-62.996,-4.668],[-63.031,-4.697],[-63.012,-4.731],[-62.99,-4.742],[-63.004,-4.768],[-62.996,-4.797],[-62.944,-4.821],[-62.92,-4.786],[-62.89,-4.801],[-62.825,-4.793],[-62.804,-4.796],[-62.761,-4.845],[-62.718,-4.848],[-62.705,-4.903],[-62.752,-4.949],[-62.743,-4.973],[-62.706,-4.968],[-62.683,-4.916],[-62.657,-4.902],[-62.351,-5.209],[-62.102,-5.458]]]}},{"type":"Feature","properties":{"code":"1301001"},"geometry":{"type":"Polygon","coordinates":[[[-67.671,-6.032],[-67.689,-6.026],[-67.706,-5.962],[-67.7,-5.944],[-67.657,-5.939],[-67.589,-5.98],[-67.562,-5.967],[-67.559,-5.927],[-67.545,-5.913],[-67.501,-5.919],[-67.467,-5.904],[-67.429,-5.919],[-67.386,-5.91],[-67.361,-5.891],[-67.381,-5.838],[-67.345,-5.805],[-67.29,-5.838],[-67.243,-5.8],[-67.249,-5.782],[-67.229,-5.746],[-67.186,-5.728],[-67.185,-5.705],[-67.205,-5.684],[-67.205,-5.649],[-67.184,-5.631],[-67.126,-5.62],[-67.104,-5.566],[-67.07,-5.549],[-67.032,-5.501],[-67.001,-5.51],[-66.955,-5.419],[-66.964,-5.372],[-66.959,-5.345],[-66.939,-5.337],[-66.94,-5.282],[-66.912,-5.268],[-66.9,-5.24],[-66.825,-5.166],[-66.799,-5.156],[-66.78,-5.109],[-66.755,-5.068],[-66.692,-5.056],[-66.66,-5.074],[-66.618,-5.079],[-66.581,-5.05],[-66.57,-4.984],[-66.529,-4.967],[-66.524,-4.93],[-66.498,-4.932],[-66.473,-4.905],[-66.469,-4.878],[-66.394,-4.856],[-66.396,-4.832],[-66.368,-4.824],[-66.293,-4.776],[-66.266,-4.771],[-66.267,-4.742],[-66.244,-4.714],[-66.25,-4.685],[-66.226,-4.661],[-66.192,-4.598],[-66.203,-4.57],[-66.194,-4.549],[-66.206,-4.509],[-66.171,-4.441],[-66.136,-4.392],[-66.105,-4.402],[-66.07,-4.376],[-66.013,-4.365],[-65.995,-4.353],[-65.989,-4.319],[-65.958,-4.295],[-65.918,-4.287],[-66.159,-4.287],[-66.525,-4.287],[-66.934,-4.287],[-66.92,-4.331],[-66.892,-4.368],[-66.887,-4.426],[-66.9,-4.481],[-67.024,-4.511],[-67.063,-4.489],[-67.127,-4.482],[-67.147,-4.493],[-67.208,-4.475],[-67.234,-4.476],[-67.266,-4.452],[-67.298,-4.477],[-67.301,-4.505],[-67.32,-4.526],[-67.35,-4.522],[-67.362,-4.551],[-67.4,-4.519],[-67.43,-4.506],[-67.478,-4.512],[-67.506,-4.54],[-67.542,-4.537],[-67.577,-4.544],[-67.602,-4.589],[-67.648,-4.571],[-67.685,-4.581],[-67.725,-4.606],[-67.748,-4.653],[-67.796,-4.657],[-67.85,-4.712],[-67.859,-4.763],[-67.874,-4.781],[-67.913,-4.775],[-67.93,-4.795],[-67.979,-4.759],[-67.998,-4.784],[-67.995,-4.828],[-68.009,-4.854],[-67.987,-4.888],[-68.007,-4.911],[-67.999,-4.939],[-68.039,-4.978],[-68.033,-5.015],[-68.058,-5.036],[-68.085,-5.041],[-68.098,-5.07],[-68.138,-5.112],[-68.176,-5.196],[-68.203,-5.245],[-68.183,-5.27],[-68.226,-5.368],[-68.211,-5.411],[-68.228,-5.468],[-68.261,-5.488],[-68.27,-5.543],[-68.229,-5.584],[-68.244,-5.618],[-68.274,-5.611],[-68.275,-5.658],[-68.219,-5.713],[-68.245,-5.725],[-68.242,-5.779],[-68.225,-5.813],[-68.212,-5.885],[-68.238,-5.926],[-68.267,-5.909],[-68.287,-5.915],[-68.304,-5.942],[-68.312,-5.979],[-68.3,-5.995],[-68.305,-6.032],[-67.905,-6.032],[-67.671,-6.032]]]}},{"type":"Feature","properties":{"code":"1300839"},"geometry":{"type":"Polygon","coordinates":[[[-62.088,-3.278],[-62.06,-3.263],[-62.043,-3.31],[-62.02,-3.329],[-61.966,-3.334],[-61.928,-3.289],[-61.883,-3.275],[-61.84,-3.283],[-61.827,-3.296],[-61.775,-3.304],[-61.775,-3.368],[-61.74,-3.375],[-61.687,-3.414],[-61.65,-3.42],[-61.622,-3.383],[-61.591,-3.401],[-61.517,-3.414],[-61.494,-3.443],[-61.452,-3.469],[-61.406,-3.471],[-61.417,-3.538],[-61.36,-3.539],[-61.347,-3.481],[-61.307,-3.469],[-61.302,-3.5],[-61.209,-3.5],[-61.198,-3.449],[-61.184,-3.428],[-61.142,-3.409],[-61.076,-3.445],[-61.074,-3.385],[-61.117,-3.32],[-61.099,-3.269],[-61.117,-3.252],[-61.172,-3.251],[-61.223,-3.218],[-61.253,-3.215],[-61.279,-3.189],[-61.308,-3.192],[-61.366,-3.247],[-61.366,-3.003],[-61.382,-2.993],[-61.407,-2.883],[-61.464,-2.819],[-61.502,-2.804],[-61.569,-2.791],[-61.612,-2.731],[-61.684,-2.718],[-61.678,-2.685],[-61.695,-2.663],[-61.746,-2.67],[-61.774,-2.623],[-61.821,-2.614],[-61.875,-2.627],[-61.936,-2.598],[-61.981,-2.639],[-62.039,-2.648],[-62.061,-2.663],[-62.083,-2.704],[-62.148,-2.743],[-62.187,-2.744],[-62.255,-2.767],[-62.355,-2.773],[-62.382,-2.805],[-62.417,-2.812],[-62.453,-2.833],[-62.463,-2.89],[-62.479,-2.929],[-62.511,-2.952],[-62.517,-2.974],[-62.56,-3.012],[-62.599,-3.03],[-62.615,-3.071],[-62.583,-3.108],[-62.556,-3.139],[-62.525,-3.228],[-62.442,-3.284],[-62.405,-3.326],[-62.394,-3.35],[-62.401,-3.412],[-62.379,-3.436],[-62.291,-3.451],[-62.267,-3.373],[-62.194,-3.353],[-62.152,-3.323],[-62.117,-3.275],[-62.088,-3.278]]]}},{"type":"Feature","properties":{"code":"1300904"},"geometry":{"type":"Polygon","coordinates":[[[-64.541,-8.977],[-64.447,-8.977],[-64.38,-8.947],[-64.323,-8.929],[-64.31,-8.934],[-64.326,-8.98],[-64.311,-8.996],[-64.257,-8.988],[-64.233,-8.992],[-64.142,-8.945],[-64.158,-8.843],[-64.129,-8.805],[-64.145,-8.776],[-64.143,-8.743],[-64.125,-8.717],[-64.095,-8.728],[-64.035,-8.694],[-64.016,-8.668],[-63.986,-8.586],[-63.946,-8.61],[-63.925,-8.575],[-63.946,-8.55],[-63.944,-8.527],[-63.971,-8.499],[-63.973,-8.478],[-63.941,-8.452],[-63.977,-8.41],[-63.945,-8.388],[-63.944,-8.331],[-63.911,-8.329],[-63.895,-8.302],[-63.871,-8.289],[-63.825,-8.306],[-63.791,-8.333],[-63.773,-8.321],[-63.747,-8.27],[-63.723,-8.249],[-63.749,-8.208],[-63.742,-8.19],[-63.693,-8.158],[-63.662,-8.101],[-63.667,-8.082],[-63.622,-8.03],[-63.62,-7.976],[-63.623,-7.861],[-63.553,-7.838],[-63.532,-7.803],[-63.469,-7.746],[-63.443,-7.748],[-63.397,-7.721],[-63.38,-7.663],[-63.415,-7.631],[-63.423,-7.597],[-63.374,-7.529],[-63.348,-7.523],[-63.318,-7.477],[-63.308,-7.442],[-63.33,-7.436],[-63.343,-7.41],[-63.256,-7.403],[-63.25,-7.358],[-63.295,-7.348],[-63.289,-7.332],[-63.305,-7.292],[-63.281,-7.247],[-63.297,-7.237],[-63.305,-7.203],[-63.307,-7.104],[-63.271,-7.094],[-63.208,-7.058],[-63.22,-7.037],[-63.132,-6.966],[-63.156,-6.921],[-63.154,-6.881],[-63.182,-6.838],[-63.347,-6.703],[-63.7,-6.412],[-63.959,-6.198],[-64.273,-5.939],[-64.363,-5.915],[-64.388,-5.927],[-64.388,-6.097],[-64.43,-6.1],[-64.452,-6.131],[-64.457,-6.16],[-64.478,-6.186],[-64.515,-6.208],[-64.54,-6.305],[-64.564,-6.335],[-64.624,-6.378],[-64.633,-6.393],[-64.637,-6.462],[-64.665,-6.489],[-64.677,-6.561],[-64.69,-6.587],[-64.727,-6.612],[-64.744,-6.683],[-64.78,-6.732],[-64.811,-6.742],[-64.823,-6.713],[-64.857,-6.709],[-64.891,-6.743],[-64.908,-6.682],[-64.921,-6.678],[-64.949,-6.707],[-64.966,-6.747],[-65.003,-6.79],[-64.99,-6.83],[-64.984,-6.889],[-65.022,-6.953],[-65.007,-6.988],[-65.014,-7.075],[-64.57,-7.075],[-64.582,-7.139],[-64.577,-7.182],[-64.561,-7.202],[-64.548,-7.298],[-64.559,-7.322],[-64.531,-7.348],[-64.543,-7.39],[-64.496,-7.455],[-64.494,-7.491],[-64.508,-7.533],[-64.501,-7.558],[-64.422,-7.604],[-64.407,-7.636],[-64.417,-7.652],[-64.397,-7.696],[-64.427,-7.766],[-64.413,-7.8],[-64.438,-7.839],[-64.444,-7.896],[-64.42,-7.932],[-64.41,-7.987],[-64.417,-8.015],[-64.4,-8.054],[-64.396,-8.158],[-64.407,-8.207],[-64.441,-8.233],[-64.466,-8.266],[-64.48,-8.304],[-64.508,-8.337],[-64.513,-8.412],[-64.539,-8.478],[-64.519,-8.509],[-64.496,-8.519],[-64.486,-8.561],[-64.498,-8.597],[-64.442,-8.652],[-64.397,-8.654],[-64.383,-8.69],[-64.335,-8.745],[-64.354,-8.77],[-64.392,-8.78],[-64.4,-8.806],[-64.425,-8.832],[-64.455,-8.829],[-64.487,-8.811],[-64.521,-8.813],[-64.534,-8.836],[-64.534,-8.886],[-64.522,-8.905],[-64.523,-8.941],[-64.541,-8.977]]]}},{"type":"Feature","properties":{"code":"1300201"},"geometry":{"type":"Polygon","coordinates":[[[-73.748,-7.131],[-73.722,-7.081],[-73.713,-7.044],[-73.67,-7.008],[-73.621,-6.949],[-73.582,-6.947],[-73.528,-6.958],[-73.504,-6.941],[-73.486,-6.957],[-73.42,-6.968],[-73.399,-6.953],[-73.382,-6.989],[-73.314,-6.997],[-73.272,-6.952],[-73.216,-6.96],[-73.161,-7.004],[-73.118,-6.985],[-73.082,-6.996],[-73.069,-6.987],[-73.018,-6.999],[-72.962,-6.991],[-72.918,-7.008],[-72.846,-6.983],[-72.792,-6.975],[-72.778,-6.945],[-72.714,-6.927],[-72.69,-6.907],[-72.661,-6.954],[-72.685,-6.966],[-72.707,-7.004],[-72.688,-7.062],[-72.645,-7.099],[-72.578,-7.112],[-72.54,-7.106],[-72.516,-7.135],[-72.431,-7.113],[-72.398,-7.16],[-72.372,-7.176],[-72.372,-7.218],[-72.285,-7.178],[-72.252,-7.186],[-72.168,-7.122],[-72.115,-7.12],[-72.053,-7.1],[-71.986,-7.096],[-71.999,-7.038],[-71.992,-7.002],[-71.959,-7.004],[-71.912,-6.98],[-71.897,-6.933],[-71.854,-6.957],[-71.847,-6.929],[-71.815,-6.907],[-71.768,-6.901],[-71.748,-6.883],[-71.706,-6.893],[-71.707,-6.87],[-71.681,-6.863],[-71.66,-6.84],[-71.623,-6.857],[-71.588,-6.862],[-71.567,-6.893],[-71.536,-6.857],[-71.506,-6.854],[-71.506,-6.825],[-71.468,-6.807],[-71.426,-6.801],[-71.391,-6.756],[-71.374,-6.748],[-71.359,-6.709],[-71.329,-6.686],[-71.314,-6.694],[-71.299,-6.685],[-71.258,-6.635],[-71.219,-6.622],[-71.112,-6.613],[-71.082,-6.603],[-71.046,-6.542],[-70.989,-6.535],[-70.976,-6.517],[-70.926,-6.522],[-70.902,-6.492],[-70.854,-6.494],[-70.82,-6.463],[-70.808,-6.433],[-70.761,-6.379],[-70.733,-6.371],[-70.693,-6.314],[-70.647,-6.286],[-70.61,-6.244],[-70.595,-6.189],[-70.579,-6.158],[-70.598,-6.13],[-70.594,-6.09],[-70.611,-6.043],[-70.631,-6.024],[-70.611,-6.004],[-70.624,-5.981],[-70.617,-5.951],[-70.575,-5.927],[-70.574,-5.911],[-70.518,-5.813],[-70.498,-5.805],[-70.494,-5.77],[-70.48,-5.756],[-70.489,-5.728],[-70.473,-5.716],[-70.464,-5.66],[-70.453,-5.653],[-70.455,-5.571],[-70.445,-5.55],[-70.445,-5.497],[-70.397,-5.462],[-70.388,-5.41],[-70.352,-5.365],[-70.332,-5.302],[-70.329,-5.264],[-70.291,-5.235],[-70.282,-5.187],[-70.254,-5.171],[-70.235,-5.121],[-70.21,-5.115],[-70.163,-5.062],[-70.18,-5.037],[-70.152,-5.002],[-70.147,-4.95],[-70.161,-4.895],[-70.126,-4.866],[-70.156,-4.844],[-70.151,-4.789],[-70.219,-4.718],[-70.228,-4.659],[-70.26,-4.65],[-70.156,-4.45],[-70.154,-4.423],[-70.129,-4.388],[-70.142,-4.363],[-70.141,-4.283],[-70.13,-4.284],[-70.15,-4.271],[-70.172,-4.302],[-70.156,-4.316],[-70.201,-4.357],[-70.204,-4.326],[-70.26,-4.309],[-70.303,-4.243],[-70.281,-4.234],[-70.286,-4.172],[-70.323,-4.142],[-70.333,-4.177],[-70.384,-4.134],[-70.433,-4.131],[-70.467,-4.175],[-70.493,-4.193],[-70.521,-4.139],[-70.584,-4.184],[-70.616,-4.193],[-70.633,-4.168],[-70.617,-4.133],[-70.643,-4.127],[-70.666,-4.164],[-70.673,-4.196],[-70.727,-4.185],[-70.763,-4.16],[-70.783,-4.182],[-70.816,-4.197],[-70.817,-4.231],[-70.846,-4.279],[-70.874,-4.29],[-70.875,-4.318],[-70.902,-4.329],[-70.933,-4.38],[-71.043,-4.379],[-71.076,-4.397],[-71.107,-4.4],[-71.151,-4.383],[-71.207,-4.397],[-71.234,-4.384],[-71.261,-4.397],[-71.263,-4.427],[-71.288,-4.442],[-71.35,-4.427],[-71.397,-4.433],[-71.478,-4.452],[-71.554,-4.477],[-71.568,-4.507],[-71.595,-4.527],[-71.633,-4.517],[-71.626,-4.49],[-71.707,-4.511],[-71.74,-4.492],[-71.769,-4.505],[-71.782,-4.484],[-71.829,-4.496],[-71.859,-4.513],[-71.905,-4.515],[-71.919,-4.529],[-71.92,-4.562],[-71.955,-4.61],[-71.982,-4.627],[-72.037,-4.638],[-72.081,-4.669],[-72.081,-4.684],[-72.126,-4.718],[-72.192,-4.745],[-72.231,-4.775],[-72.258,-4.774],[-72.338,-4.805],[-72.367,-4.803],[-72.376,-4.842],[-72.416,-4.901],[-72.458,-4.925],[-72.504,-4.94],[-72.522,-4.934],[-72.566,-4.973],[-72.599,-4.984],[-72.618,-5.045],[-72.714,-5.056],[-72.755,-5.077],[-72.769,-5.1],[-72.801,-5.111],[-72.825,-5.144],[-72.86,-5.139],[-72.888,-5.166],[-72.87,-5.178],[-72.867,-5.287],[-72.898,-5.35],[-72.92,-5.376],[-72.924,-5.408],[-72.956,-5.462],[-72.961,-5.52],[-72.943,-5.546],[-72.974,-5.614],[-72.959,-5.656],[-72.983,-5.679],[-73.018,-5.739],[-73.046,-5.775],[-73.116,-5.843],[-73.129,-5.871],[-73.156,-5.874],[-73.166,-5.914],[-73.18,-5.926],[-73.188,-6.005],[-73.208,-6.008],[-73.233,-6.036],[-73.23,-6.079],[-73.25,-6.123],[-73.237,-6.163],[-73.217,-6.183],[-73.216,-6.225],[-73.193,-6.255],[-73.161,-6.276],[-73.157,-6.327],[-73.13,-6.387],[-73.106,-6.405],[-73.121,-6.431],[-73.111,-6.452],[-73.135,-6.483],[-73.138,-6.514],[-73.179,-6.524],[-73.2,-6.569],[-73.231,-6.586],[-73.286,-6.585],[-73.32,-6.596],[-73.352,-6.593],[-73.379,-6.633],[-73.44,-6.651],[-73.465,-6.669],[-73.538,-6.684],[-73.564,-6.722],[-73.585,-6.724],[-73.639,-6.755],[-73.644,-6.776],[-73.711,-6.84],[-73.723,-6.886],[-73.747,-6.908],[-73.761,-6.939],[-73.758,-7.06],[-73.798,-7.113],[-73.748,-7.131]]]}},{"type":"Feature","properties":{"code":"1300102"},"geometry":{"type":"Polygon","coordinates":[[[-62.996,-4.668],[-62.94,-4.672],[-62.909,-4.647],[-62.859,-4.657],[-62.809,-4.639],[-62.781,-4.679],[-62.686,-4.693],[-62.658,-4.676],[-62.648,-4.645],[-62.616,-4.638],[-62.57,-4.595],[-62.494,-4.565],[-62.447,-4.609],[-62.397,-4.624],[-62.355,-4.593],[-62.33,-4.54],[-62.301,-4.545],[-62.261,-4.518],[-62.227,-4.533],[-62.13,-4.414],[-62.068,-4.388],[-62.059,-4.371],[-62.056,-4.318],[-61.999,-4.282],[-61.968,-4.284],[-61.956,-4.263],[-61.912,-4.263],[-61.871,-4.248],[-61.841,-4.276],[-61.797,-4.274],[-61.739,-4.24],[-61.687,-4.252],[-61.672,-4.244],[-61.593,-4.141],[-61.57,-4.072],[-61.511,-4.007],[-61.491,-3.993],[-61.429,-3.914],[-61.396,-3.903],[-61.371,-3.874],[-61.42,-3.804],[-61.433,-3.764],[-61.477,-3.685],[-61.539,-3.685],[-61.555,-3.656],[-61.588,-3.649],[-61.608,-3.662],[-61.67,-3.667],[-61.67,-3.642],[-61.706,-3.648],[-61.736,-3.638],[-61.752,-3.649],[-61.811,-3.63],[-61.819,-3.662],[-61.819,-3.884],[-61.89,-3.962],[-61.841,-3.989],[-61.839,-4.033],[-61.87,-4.029],[-61.903,-4.044],[-61.923,-4.024],[-61.936,-4.063],[-61.921,-4.087],[-61.879,-4.101],[-61.861,-4.085],[-61.808,-4.093],[-61.839,-4.144],[-61.852,-4.111],[-61.891,-4.131],[-61.948,-4.121],[-61.98,-4.093],[-62.031,-4.08],[-62.073,-4.081],[-62.119,-4.093],[-62.141,-4.086],[-62.177,-4.114],[-62.203,-4.111],[-62.268,-4.062],[-62.31,-4.087],[-62.361,-4.091],[-62.356,-4.108],[-62.286,-4.164],[-62.287,-4.205],[-62.262,-4.232],[-62.296,-4.248],[-62.378,-4.251],[-62.407,-4.235],[-62.441,-4.231],[-62.475,-4.263],[-62.476,-4.304],[-62.553,-4.373],[-62.537,-4.407],[-62.616,-4.442],[-62.653,-4.415],[-62.657,-4.389],[-62.697,-4.398],[-62.694,-4.431],[-62.719,-4.45],[-62.737,-4.484],[-62.757,-4.458],[-62.774,-4.499],[-62.804,-4.469],[-62.864,-4.489],[-62.905,-4.467],[-62.912,-4.493],[-62.942,-4.503],[-63.007,-4.549],[-62.996,-4.668]]]}},{"type":"Feature","properties":{"code":"1300086"},"geometry":{"type":"Polygon","coordinates":[[[-61.408,-3.625],[-61.369,-3.599],[-61.288,-3.6],[-61.291,-3.541],[-61.302,-3.5],[-61.307,-3.469],[-61.347,-3.481],[-61.36,-3.539],[-61.417,-3.538],[-61.406,-3.471],[-61.452,-3.469],[-61.494,-3.443],[-61.517,-3.414],[-61.591,-3.401],[-61.622,-3.383],[-61.65,-3.42],[-61.687,-3.414],[-61.74,-3.375],[-61.775,-3.368],[-61.775,-3.304],[-61.827,-3.296],[-61.84,-3.283],[-61.883,-3.275],[-61.928,-3.289],[-61.966,-3.334],[-62.02,-3.329],[-62.043,-3.31],[-62.06,-3.263],[-62.088,-3.278],[-62.077,-3.32],[-62.087,-3.391],[-62.08,-3.418],[-62.032,-3.471],[-62.026,-3.505],[-62.033,-3.572],[-62.012,-3.594],[-61.962,-3.61],[-61.929,-3.628],[-61.896,-3.66],[-61.872,-3.667],[-61.819,-3.662],[-61.811,-3.63],[-61.752,-3.649],[-61.736,-3.638],[-61.706,-3.648],[-61.67,-3.642],[-61.67,-3.667],[-61.608,-3.662],[-61.588,-3.649],[-61.555,-3.656],[-61.539,-3.685],[-61.477,-3.685],[-61.408,-3.625]]]}},{"type":"Feature","properties":{"code":"1300060"},"geometry":{"type":"Polygon","coordinates":[[[-68.609,-3.678],[-68.597,-3.659],[-68.563,-3.659],[-68.514,-3.701],[-68.511,-3.717],[-68.448,-3.772],[-68.406,-3.767],[-68.382,-3.725],[-68.326,-3.719],[-68.262,-3.697],[-68.213,-3.719],[-68.191,-3.76],[-68.167,-3.77],[-68.1,-3.765],[-68.084,-3.749],[-68.05,-3.748],[-68.035,-3.735],[-68.041,-3.707],[-68.026,-3.66],[-68.031,-3.61],[-68.002,-3.57],[-68.037,-3.55],[-68.055,-3.519],[-68.034,-3.502],[-68.013,-3.464],[-68.073,-3.432],[-68.047,-3.413],[-67.967,-3.428],[-67.945,-3.424],[-67.926,-3.392],[-67.868,-3.396],[-67.847,-3.385],[-67.854,-3.358],[-67.83,-3.316],[-67.931,-3.316],[-67.924,-3.235],[-67.966,-3.151],[-67.969,-3.13],[-68.028,-3.147],[-68.069,-3.115],[-68.099,-3.14],[-68.116,-3.112],[-68.144,-3.13],[-68.18,-3.087],[-68.221,-3.074],[-68.23,-3.107],[-68.25,-3.127],[-68.285,-3.103],[-68.363,-3.094],[-68.397,-3.082],[-68.42,-3.095],[-68.419,-3.161],[-68.494,-3.173],[-68.523,-3.193],[-68.567,-3.178],[-68.613,-3.201],[-68.609,-3.237],[-68.609,-3.678]]]}},{"type":"Feature","properties":{"code":"1300144"},"geometry":{"type":"Polygon","coordinates":[[[-58.442,-8.799],[-58.388,-8.775],[-58.328,-8.712],[-58.376,-8.704],[-58.412,-8.721],[-58.437,-8.703],[-58.389,-8.595],[-58.41,-8.57],[-58.405,-8.538],[-58.418,-8.489],[-58.39,-8.439],[-58.355,-8.393],[-58.345,-8.341],[-58.315,-8.323],[-58.328,-8.286],[-58.313,-8.209],[-58.322,-8.17],[-58.29,-8.136],[-58.293,-8.071],[-58.322,-8.025],[-58.331,-7.969],[-58.355,-7.944],[-58.375,-7.899],[-58.378,-7.827],[-58.34,-7.808],[-58.3,-7.777],[-58.283,-7.741],[-58.276,-7.7],[-58.24,-7.654],[-58.202,-7.621],[-58.204,-7.589],[-58.223,-7.524],[-58.213,-7.458],[-58.138,-7.349],[-58.138,-7.347],[-58.531,-7.347],[-58.576,-7.294],[-58.537,-7.254],[-58.527,-7.227],[-58.569,-7.203],[-58.53,-7.184],[-58.533,-7.159],[-58.504,-7.106],[-58.497,-7.053],[-58.52,-7.053],[-58.566,-7.031],[-58.602,-7.041],[-58.656,-6.945],[-58.746,-6.889],[-58.787,-6.824],[-58.796,-6.774],[-58.833,-6.745],[-58.868,-6.675],[-58.865,-6.617],[-58.874,-6.592],[-58.865,-6.541],[-58.835,-6.471],[-58.835,-6.422],[-58.849,-6.399],[-59.077,-6.389],[-59.296,-6.535],[-59.491,-6.652],[-59.848,-6.868],[-60.148,-6.957],[-60.68,-7.147],[-60.648,-7.206],[-60.656,-7.236],[-60.633,-7.286],[-60.649,-7.367],[-60.653,-7.414],[-60.644,-7.438],[-60.675,-7.53],[-60.669,-7.565],[-60.679,-7.615],[-60.663,-7.649],[-60.672,-7.681],[-60.648,-7.703],[-60.592,-7.706],[-60.588,-7.727],[-60.563,-7.757],[-60.574,-7.773],[-60.544,-7.796],[-60.55,-7.824],[-60.516,-7.865],[-60.523,-7.929],[-60.516,-7.955],[-60.49,-7.982],[-60.449,-8.055],[-60.437,-8.115],[-60.463,-8.188],[-60.461,-8.241],[-60.486,-8.293],[-60.454,-8.303],[-60.469,-8.333],[-60.446,-8.388],[-60.492,-8.401],[-60.484,-8.438],[-60.51,-8.469],[-60.523,-8.516],[-60.502,-8.541],[-60.498,-8.575],[-60.455,-8.628],[-60.424,-8.652],[-60.434,-8.679],[-60.422,-8.797],[-60.001,-8.801],[-59.481,-8.803],[-59.127,-8.803],[-58.963,-8.803],[-58.442,-8.799]]]}},{"type":"Feature","properties":{"code":"1300508"},"geometry":{"type":"Polygon","coordinates":[[[-56.914,-3.562],[-56.81,-3.333],[-56.866,-3.297],[-56.913,-3.302],[-56.932,-3.272],[-56.95,-3.281],[-56.976,-3.264],[-57.031,-3.256],[-57.05,-3.176],[-57.02,-3.132],[-57.002,-3.089],[-56.995,-3.04],[-57.028,-3.006],[-57.015,-2.947],[-57.021,-2.933],[-56.955,-2.904],[-56.92,-2.897],[-56.857,-2.917],[-56.834,-2.87],[-56.851,-2.844],[-56.825,-2.824],[-56.807,-2.779],[-56.763,-2.726],[-56.801,-2.736],[-56.821,-2.764],[-56.84,-2.743],[-56.894,-2.775],[-56.947,-2.75],[-56.926,-2.729],[-56.914,-2.678],[-56.939,-2.667],[-57.022,-2.691],[-57.035,-2.711],[-57.094,-2.729],[-57.139,-2.716],[-57.182,-2.719],[-57.197,-2.681],[-57.225,-2.694],[-57.266,-2.675],[-57.303,-2.633],[-57.374,-2.644],[-57.45,-2.597],[-57.431,-2.644],[-57.459,-2.681],[-57.417,-2.726],[-57.419,-2.739],[-57.462,-2.748],[-57.487,-2.78],[-57.483,-2.807],[-57.438,-2.842],[-57.478,-2.865],[-57.467,-2.95],[-57.411,-2.942],[-57.397,-2.917],[-57.352,-2.912],[-57.356,-2.946],[-57.384,-2.981],[-57.459,-3.022],[-57.459,-3.257],[-57.42,-3.296],[-57.38,-3.302],[-57.376,-3.327],[-57.35,-3.347],[-57.364,-3.368],[-57.36,-3.436],[-57.37,-3.514],[-57.359,-3.541],[-57.294,-3.597],[-57.237,-3.631],[-57.261,-3.657],[-57.223,-3.682],[-57.195,-3.665],[-57.15,-3.665],[-57.123,-3.636],[-57.106,-3.591],[-57.042,-3.595],[-57.026,-3.607],[-56.993,-3.576],[-56.973,-3.585],[-56.914,-3.562]]]}},{"type":"Feature","properties":{"code":"1300300"},"geometry":{"type":"Polygon","coordinates":[[[-60.267,-4.162],[-60.276,-4.235],[-60.218,-4.294],[-60.171,-4.318],[-60.165,-4.338],[-60.127,-4.337],[-60.13,-4.389],[-60.084,-4.406],[-60.076,-4.383],[-60.048,-4.382],[-60.051,-4.413],[-60.034,-4.423],[-59.998,-4.397],[-59.95,-4.384],[-59.948,-4.364],[-59.968,-4.339],[-59.971,-4.306],[-59.989,-4.261],[-59.94,-4.247],[-59.946,-4.224],[-59.926,-4.2],[-59.663,-4.2],[-59.614,-4.184],[-59.584,-4.142],[-59.576,-4.086],[-59.584,-4.039],[-59.597,-4.022],[-59.576,-3.993],[-59.573,-3.968],[-59.528,-3.929],[-59.504,-3.917],[-59.203,-3.917],[-59.171,-3.889],[-59.137,-3.885],[-59.09,-3.865],[-59.055,-3.8],[-59.059,-3.757],[-59.098,-3.704],[-59.094,-3.684],[-59.006,-3.611],[-58.979,-3.605],[-58.913,-3.542],[-58.891,-3.498],[-58.84,-3.451],[-58.796,-3.44],[-58.771,-3.374],[-58.826,-3.401],[-58.852,-3.4],[-58.906,-3.359],[-58.94,-3.313],[-58.941,-3.294],[-58.974,-3.259],[-59.01,-3.244],[-59.121,-3.282],[-59.15,-3.28],[-59.233,-3.239],[-59.233,-3.35],[-59.249,-3.372],[-59.326,-3.407],[-59.347,-3.441],[-59.389,-3.461],[-59.428,-3.499],[-59.474,-3.5],[-59.511,-3.493],[-59.541,-3.514],[-59.551,-3.542],[-59.586,-3.549],[-59.623,-3.509],[-59.668,-3.486],[-59.675,-3.472],[-59.714,-3.46],[-59.737,-3.47],[-59.775,-3.464],[-59.812,-3.697],[-59.822,-3.704],[-59.836,-3.788],[-59.828,-3.838],[-59.855,-3.866],[-59.873,-3.91],[-59.908,-3.947],[-59.904,-3.977],[-59.928,-3.979],[-59.953,-3.963],[-60.065,-3.962],[-60.085,-4.002],[-60.118,-4.027],[-60.12,-4.095],[-60.101,-4.123],[-60.1,-4.153],[-60.121,-4.191],[-60.139,-4.192],[-60.167,-4.141],[-60.267,-4.162]]]}},{"type":"Feature","properties":{"code":"1300409"},"geometry":{"type":"Polygon","coordinates":[[[-63.957,-2.447],[-63.906,-2.44],[-63.867,-2.445],[-63.832,-2.43],[-63.807,-2.438],[-63.749,-2.437],[-63.694,-2.378],[-63.65,-2.393],[-63.607,-2.363],[-63.58,-2.357],[-63.535,-2.389],[-63.49,-2.383],[-63.464,-2.389],[-63.441,-2.448],[-63.424,-2.47],[-63.369,-2.49],[-63.332,-2.463],[-63.305,-2.431],[-63.279,-2.436],[-63.234,-2.483],[-63.15,-2.493],[-63.075,-2.477],[-63.047,-2.483],[-63.039,-2.448],[-62.992,-2.43],[-62.903,-2.413],[-62.883,-2.395],[-62.854,-2.336],[-62.795,-2.321],[-62.759,-2.292],[-62.715,-2.277],[-62.64,-2.288],[-62.544,-2.272],[-62.514,-2.244],[-62.492,-2.244],[-62.462,-2.223],[-62.375,-2.201],[-62.336,-2.162],[-62.305,-2.144],[-62.294,-2.157],[-62.252,-2.131],[-62.218,-2.14],[-62.211,-2.12],[-62.158,-2.132],[-62.147,-2.103],[-62.123,-2.091],[-62.11,-2.055],[-62.074,-2.061],[-62.081,-2.023],[-62.072,-1.999],[-62.046,-1.993],[-62.023,-2.022],[-61.979,-2.01],[-61.953,-1.969],[-61.934,-1.966],[-61.922,-1.933],[-61.892,-1.924],[-61.883,-1.944],[-61.855,-1.944],[-61.843,-1.925],[-61.818,-1.951],[-61.758,-1.91],[-61.738,-1.888],[-61.718,-1.899],[-61.681,-1.891],[-61.649,-1.86],[-61.653,-1.836],[-61.594,-1.841],[-61.573,-1.865],[-61.537,-1.868],[-61.538,-1.89],[-61.506,-1.957],[-61.448,-1.946],[-61.462,-1.904],[-61.382,-1.895],[-61.386,-1.863],[-61.419,-1.793],[-61.424,-1.757],[-61.413,-1.703],[-61.414,-1.637],[-61.423,-1.62],[-61.462,-1.607],[-61.475,-1.579],[-61.483,-1.581],[-61.545,-1.526],[-61.56,-1.495],[-61.605,-1.448],[-61.718,-1.41],[-61.741,-1.392],[-61.798,-1.381],[-61.84,-1.401],[-61.897,-1.395],[-61.907,-1.356],[-61.95,-1.297],[-61.967,-1.243],[-62.017,-1.142],[-62.062,-1.1],[-62.1,-1.097],[-62.118,-1.077],[-62.126,-1.037],[-62.143,-1.037],[-62.172,-1.006],[-62.2,-1.0],[-62.227,-0.973],[-62.259,-0.976],[-62.272,-0.952],[-62.313,-0.93],[-62.365,-0.877],[-62.376,-0.837],[-62.433,-0.804],[-62.462,-0.802],[-62.501,-0.781],[-62.495,-0.751],[-62.508,-0.714],[-62.487,-0.681],[-62.445,-0.686],[-62.413,-0.703],[-62.375,-0.708],[-62.352,-0.673],[-62.308,-0.658],[-62.287,-0.632],[-62.291,-0.599],[-62.312,-0.576],[-62.307,-0.508],[-62.285,-0.493],[-62.28,-0.451],[-62.233,-0.424],[-62.197,-0.363],[-62.189,-0.322],[-62.24,-0.301],[-62.253,-0.27],[-62.242,-0.171],[-62.278,-0.15],[-62.32,-0.096],[-62.326,-0.003],[-62.337,0.022],[-62.37,0.058],[-62.409,0.075],[-62.428,0.128],[-62.424,0.153],[-62.439,0.195],[-62.453,0.207],[-62.467,0.268],[-62.459,0.314],[-62.467,0.333],[-62.446,0.379],[-62.459,0.418],[-62.485,0.454],[-62.519,0.444],[-62.533,0.509],[-62.519,0.594],[-62.538,0.675],[-62.533,0.701],[-62.501,0.748],[-62.463,0.777],[-62.466,0.829],[-62.481,0.843],[-62.485,0.876],[-62.467,0.924],[-62.443,0.959],[-62.446,0.977],[-62.475,1.016],[-62.479,1.048],[-62.472,1.086],[-62.521,1.084],[-62.545,1.121],[-62.559,1.188],[-62.597,1.29],[-62.602,1.326],[-62.62,1.363],[-62.62,1.404],[-62.64,1.438],[-62.677,1.455],[-62.731,1.5],[-62.736,1.53],[-62.805,1.591],[-62.793,1.635],[-62.729,1.7],[-62.722,1.722],[-62.731,1.818],[-62.704,1.874],[-62.703,1.934],[-62.73,1.96],[-62.813,1.992],[-62.839,2.016],[-62.949,2.031],[-62.98,2.018],[-63.024,2.015],[-63.077,2.046],[-63.12,2.096],[-63.146,2.173],[-63.194,2.181],[-63.276,2.154],[-63.311,2.165],[-63.372,2.212],[-63.385,2.202],[-63.396,2.157],[-63.42,2.132],[-63.475,2.124],[-63.511,2.112],[-63.535,2.132],[-63.594,2.122],[-63.619,2.104],[-63.638,2.07],[-63.663,2.059],[-63.661,2.023],[-63.691,2.022],[-63.719,2.037],[-63.74,2.005],[-63.814,1.989],[-63.848,1.964],[-63.903,1.993],[-63.923,1.982],[-63.972,1.991],[-64.028,1.943],[-64.058,1.929],[-64.058,1.879],[-64.069,1.853],[-64.05,1.827],[-64.06,1.781],[-64.076,1.751],[-64.061,1.701],[-64.076,1.65],[-64.101,1.609],[-64.131,1.576],[-64.168,1.58],[-64.192,1.547],[-64.197,1.52],[-64.263,1.496],[-64.302,1.464],[-64.328,1.421],[-64.326,1.395],[-64.355,1.38],[-64.391,1.389],[-64.402,1.411],[-64.378,1.464],[-64.348,1.495],[-64.347,1.517],[-64.394,1.528],[-64.436,1.47],[-64.466,1.475],[-64.485,1.455],[-64.555,1.415],[-64.589,1.336],[-64.608,1.338],[-64.645,1.301],[-64.701,1.28],[-64.719,1.241],[-64.757,1.228],[-64.79,1.274],[-64.82,1.295],[-64.864,1.198],[-64.834,1.179],[-64.818,1.15],[-64.78,1.121],[-64.768,1.1],[-64.695,1.033],[-64.617,1.027],[-64.609,0.996],[-64.585,0.976],[-64.569,0.933],[-64.543,0.904],[-64.508,0.897],[-64.494,0.878],[-64.46,0.866],[-64.432,0.803],[-64.397,0.797],[-64.394,0.778],[-64.309,0.723],[-64.275,0.71],[-64.243,0.714],[-64.241,0.681],[-64.186,0.662],[-64.159,0.66],[-64.151,0.631],[-64.123,0.617],[-64.1,0.58],[-64.07,0.559],[-64.073,0.525],[-64.047,0.458],[-64.05,0.406],[-64.039,0.37],[-64.006,0.331],[-64.025,0.314],[-64.015,0.261],[-63.996,0.239],[-63.972,0.166],[-63.966,0.124],[-63.983,0.115],[-63.989,0.063],[-63.986,-0.001],[-64.017,-0.042],[-64.015,-0.07],[-64.078,-0.141],[-64.108,-0.141],[-64.114,-0.163],[-64.079,-0.191],[-64.086,-0.236],[-64.073,-0.255],[-64.115,-0.297],[-64.144,-0.302],[-64.186,-0.329],[-64.234,-0.342],[-64.339,-0.336],[-64.423,-0.348],[-64.449,-0.36],[-64.478,-0.391],[-64.5,-0.385],[-64.536,-0.393],[-64.607,-0.427],[-64.656,-0.424],[-64.709,-0.453],[-64.763,-0.458],[-64.807,-0.483],[-64.831,-0.519],[-64.808,-0.569],[-64.824,-0.59],[-64.808,-0.609],[-64.814,-0.665],[-64.798,-0.696],[-64.794,-0.787],[-64.834,-0.823],[-64.846,-0.854],[-64.84,-0.906],[-64.862,-0.936],[-64.86,-0.966],[-64.893,-1.027],[-64.917,-1.015],[-64.955,-1.019],[-64.954,-1.037],[-64.975,-1.075],[-64.969,-1.146],[-65.013,-1.171],[-65.037,-1.2],[-65.06,-1.25],[-65.076,-1.36],[-65.045,-1.383],[-65.058,-1.42],[-65.088,-1.458],[-65.123,-1.451],[-65.188,-1.464],[-65.208,-1.48],[-65.254,-1.492],[-65.272,-1.48],[-65.298,-1.506],[-65.325,-1.579],[-65.356,-1.621],[-65.359,-1.651],[-65.38,-1.671],[-65.373,-1.708],[-65.358,-1.714],[-65.338,-1.77],[-65.295,-1.785],[-65.213,-1.781],[-65.192,-1.802],[-65.17,-1.865],[-65.182,-1.92],[-65.172,-1.959],[-65.135,-1.974],[-65.09,-1.962],[-65.06,-1.969],[-65.019,-1.909],[-64.964,-1.886],[-64.932,-1.898],[-64.92,-1.958],[-64.907,-1.976],[-64.948,-1.995],[-64.929,-2.026],[-64.928,-2.114],[-64.84,-2.077],[-64.812,-2.078],[-64.785,-2.046],[-64.718,-2.017],[-64.692,-2.038],[-64.689,-2.062],[-64.712,-2.139],[-64.699,-2.165],[-64.641,-2.213],[-64.624,-2.235],[-64.59,-2.224],[-64.534,-2.245],[-64.511,-2.234],[-64.492,-2.18],[-64.41,-2.207],[-64.368,-2.252],[-64.367,-2.265],[-64.326,-2.264],[-64.308,-2.209],[-64.279,-2.198],[-64.225,-2.103],[-64.198,-2.107],[-64.176,-2.129],[-64.165,-2.167],[-64.145,-2.178],[-64.097,-2.182],[-64.062,-2.197],[-64.037,-2.232],[-64.037,-2.264],[-64.02,-2.297],[-63.979,-2.35],[-63.957,-2.447]]]}},{"type":"Feature","properties":{"code":"1300029"},"geometry":{"type":"Polygon","coordinates":[[[-65.918,-4.287],[-65.883,-4.25],[-65.852,-4.246],[-65.822,-4.218],[-65.785,-4.22],[-65.668,-4.155],[-65.666,-4.139],[-65.596,-4.111],[-65.516,-4.088],[-65.48,-4.051],[-65.423,-4.027],[-65.41,-4.033],[-65.365,-3.994],[-65.299,-3.961],[-65.283,-3.962],[-65.225,-3.933],[-65.138,-3.875],[-65.117,-3.832],[-65.077,-3.788],[-65.052,-3.795],[-65.02,-3.784],[-65.03,-3.728],[-65.015,-3.686],[-65.014,-3.656],[-64.977,-3.63],[-64.99,-3.579],[-64.965,-3.529],[-64.973,-3.49],[-64.951,-3.488],[-64.914,-3.438],[-64.903,-3.435],[-64.886,-3.381],[-64.855,-3.378],[-64.822,-3.349],[-64.8,-3.311],[-64.756,-3.3],[-64.707,-3.271],[-64.68,-3.28],[-64.66,-3.269],[-64.682,-3.239],[-64.753,-3.175],[-64.788,-3.164],[-64.816,-3.159],[-64.859,-3.135],[-64.908,-3.068],[-64.972,-3.058],[-64.978,-3.098],[-65.009,-3.126],[-65.038,-3.131],[-65.066,-3.187],[-65.041,-3.226],[-65.041,-3.246],[-65.081,-3.314],[-65.116,-3.349],[-65.127,-3.386],[-65.156,-3.385],[-65.185,-3.418],[-65.204,-3.454],[-65.249,-3.465],[-65.3,-3.488],[-65.355,-3.484],[-65.406,-3.533],[-65.416,-3.577],[-65.44,-3.576],[-65.477,-3.597],[-65.51,-3.586],[-65.528,-3.61],[-65.566,-3.625],[-65.582,-3.617],[-65.644,-3.615],[-65.658,-3.647],[-65.657,-3.699],[-65.697,-3.717],[-65.718,-3.822],[-65.787,-3.828],[-65.802,-3.841],[-65.808,-3.887],[-65.875,-3.952],[-65.86,-4.005],[-65.837,-4.044],[-65.867,-4.096],[-65.873,-4.123],[-65.874,-4.172],[-65.911,-4.192],[-65.947,-4.239],[-65.939,-4.267],[-65.918,-4.287]]]}},{"type":"Feature","properties":{"code":"1304302"},"geometry":{"type":"Polygon","coordinates":[[[-57.902,-2.757],[-57.878,-2.751],[-57.834,-2.756],[-57.779,-2.727],[-57.711,-2.659],[-57.664,-2.591],[-57.605,-2.492],[-57.592,-2.457],[-57.33,-2.457],[-57.346,-2.424],[-57.409,-2.381],[-57.427,-2.338],[-57.478,-2.332],[-57.5,-2.349],[-57.527,-2.321],[-57.554,-2.315],[-57.572,-2.29],[-57.619,-2.263],[-57.648,-2.279],[-57.663,-2.239],[-57.706,-2.227],[-57.728,-2.204],[-57.752,-2.208],[-57.803,-2.153],[-57.821,-2.124],[-57.824,-2.09],[-57.855,-2.083],[-57.87,-2.049],[-57.907,-2.056],[-57.929,-2.029],[-57.95,-2.026],[-57.946,-1.95],[-57.986,-1.891],[-57.977,-1.84],[-57.992,-1.796],[-58.009,-1.783],[-58.005,-1.752],[-58.023,-1.69],[-58.047,-1.681],[-58.051,-1.655],[-58.081,-1.653],[-58.091,-1.63],[-58.158,-1.602],[-58.193,-1.555],[-58.229,-1.558],[-58.252,-1.544],[-58.251,-1.522],[-58.272,-1.495],[-58.264,-1.469],[-58.288,-1.438],[-58.292,-1.411],[-58.276,-1.371],[-58.35,-1.323],[-58.374,-1.247],[-58.362,-1.236],[-58.37,-1.177],[-58.394,-1.17],[-58.434,-1.184],[-58.493,-1.17],[-58.526,-1.118],[-58.526,-1.036],[-58.553,-0.998],[-58.576,-1.01],[-58.616,-0.987],[-58.602,-0.939],[-58.635,-0.907],[-58.674,-0.901],[-58.672,-0.88],[-58.715,-0.836],[-58.736,-0.835],[-58.749,-0.801],[-58.736,-0.782],[-58.748,-0.734],[-58.779,-0.714],[-58.748,-0.672],[-58.8,-0.61],[-58.842,-0.54],[-58.84,-0.512],[-58.854,-0.474],[-58.878,-0.456],[-58.908,-0.455],[-58.935,-0.434],[-58.959,-0.372],[-58.895,-0.299],[-58.941,-0.275],[-58.943,-0.239],[-58.931,-0.206],[-58.927,-0.153],[-58.889,-0.17],[-58.885,-0.096],[-58.912,-0.051],[-58.897,-0.012],[-58.907,0.001],[-58.947,0.003],[-58.987,0.023],[-59.01,0.05],[-59.036,0.052],[-59.045,0.078],[-59.043,0.125],[-59.072,0.133],[-59.108,0.16],[-59.133,0.221],[-59.172,0.227],[-59.192,0.264],[-59.434,0.264],[-59.857,0.264],[-60.038,0.264],[-60.059,0.163],[-60.134,0.103],[-60.121,0.088],[-60.14,0.027],[-60.204,-0.03],[-60.211,-0.063],[-60.237,-0.109],[-60.23,-0.12],[-60.19,-0.086],[-60.129,-0.079],[-60.089,-0.046],[-60.042,-0.041],[-60.005,-0.048],[-59.972,-0.033],[-59.932,-0.032],[-59.944,0.015],[-59.925,0.036],[-59.898,0.018],[-59.872,-0.028],[-59.868,-0.06],[-59.887,-0.105],[-59.916,-0.13],[-59.873,-0.163],[-59.811,-0.229],[-59.807,-0.253],[-59.835,-0.263],[-59.847,-0.289],[-59.846,-0.34],[-59.86,-0.367],[-59.829,-0.411],[-59.858,-0.45],[-59.891,-0.459],[-59.951,-0.517],[-59.962,-0.567],[-60.007,-0.572],[-60.033,-0.585],[-60.022,-0.622],[-60.026,-0.664],[-60.052,-0.659],[-60.035,-0.743],[-60.011,-0.793],[-59.977,-0.834],[-59.945,-0.855],[-59.926,-0.853],[-59.857,-0.911],[-59.841,-0.943],[-59.842,-0.97],[-59.801,-1.03],[-59.743,-1.077],[-59.718,-1.08],[-59.7,-1.105],[-59.672,-1.087],[-59.669,-1.066],[-59.607,-1.112],[-59.38,-1.112],[-59.373,-1.139],[-59.281,-1.156],[-59.267,-1.184],[-59.16,-1.277],[-59.121,-1.279],[-59.093,-1.31],[-59.059,-1.319],[-59.05,-1.335],[-59.017,-1.32],[-58.985,-1.347],[-58.971,-1.383],[-58.946,-1.403],[-58.921,-1.45],[-58.88,-1.448],[-58.856,-1.464],[-58.857,-1.484],[-58.823,-1.504],[-58.808,-1.498],[-58.74,-1.504],[-58.711,-1.527],[-58.693,-1.576],[-58.641,-1.563],[-58.629,-1.594],[-58.596,-1.616],[-58.584,-1.668],[-58.569,-1.69],[-58.578,-1.712],[-58.559,-1.735],[-58.589,-1.757],[-58.546,-1.788],[-58.464,-1.806],[-58.454,-1.828],[-58.413,-1.872],[-58.396,-1.905],[-58.372,-1.922],[-58.31,-1.914],[-58.285,-1.941],[-58.251,-1.941],[-58.251,-1.971],[-58.183,-2.021],[-58.175,-2.07],[-58.185,-2.117],[-58.148,-2.135],[-58.116,-2.203],[-58.114,-2.22],[-58.033,-2.22],[-58.001,-2.262],[-57.977,-2.308],[-57.984,-2.38],[-57.841,-2.38],[-57.858,-2.47],[-57.837,-2.486],[-57.833,-2.513],[-57.811,-2.531],[-57.769,-2.538],[-57.827,-2.596],[-57.889,-2.608],[-57.934,-2.617],[-57.962,-2.666],[-57.929,-2.675],[-57.942,-2.704],[-57.932,-2.728],[-57.944,-2.762],[-57.902,-2.757]]]}},{"type":"Feature","properties":{"code":"1304260"},"geometry":{"type":"Polygon","coordinates":[[[-65.387,-2.428],[-65.314,-2.502],[-65.254,-2.586],[-65.261,-2.605],[-65.326,-2.644],[-65.362,-2.649],[-65.385,-2.685],[-65.375,-2.721],[-65.335,-2.769],[-65.344,-2.811],[-65.412,-2.87],[-65.454,-2.85],[-65.476,-2.863],[-65.507,-2.859],[-65.527,-2.877],[-65.561,-2.886],[-65.587,-2.876],[-65.625,-2.921],[-65.638,-2.967],[-65.662,-2.969],[-65.668,-3.009],[-65.698,-3.03],[-65.72,-3.09],[-65.778,-3.171],[-65.801,-3.179],[-65.817,-3.254],[-65.858,-3.288],[-65.874,-3.352],[-65.901,-3.355],[-65.919,-3.392],[-65.906,-3.426],[-65.922,-3.447],[-65.961,-3.458],[-65.979,-3.476],[-65.982,-3.533],[-66.012,-3.579],[-66.006,-3.602],[-66.027,-3.635],[-65.999,-3.644],[-65.994,-3.708],[-65.947,-3.75],[-65.991,-3.788],[-65.998,-3.855],[-65.981,-3.882],[-65.977,-3.935],[-65.959,-3.954],[-65.962,-3.982],[-65.9,-4.057],[-65.895,-4.088],[-65.873,-4.123],[-65.867,-4.096],[-65.837,-4.044],[-65.86,-4.005],[-65.875,-3.952],[-65.808,-3.887],[-65.802,-3.841],[-65.787,-3.828],[-65.718,-3.822],[-65.697,-3.717],[-65.657,-3.699],[-65.658,-3.647],[-65.644,-3.615],[-65.582,-3.617],[-65.566,-3.625],[-65.528,-3.61],[-65.51,-3.586],[-65.477,-3.597],[-65.44,-3.576],[-65.416,-3.577],[-65.406,-3.533],[-65.355,-3.484],[-65.3,-3.488],[-65.249,-3.465],[-65.204,-3.454],[-65.185,-3.418],[-65.156,-3.385],[-65.127,-3.386],[-65.116,-3.349],[-65.081,-3.314],[-65.041,-3.246],[-65.041,-3.226],[-65.066,-3.187],[-65.038,-3.131],[-65.009,-3.126],[-64.978,-3.098],[-64.972,-3.058],[-64.908,-3.068],[-64.859,-3.135],[-64.816,-3.159],[-64.788,-3.164],[-64.781,-3.14],[-64.754,-3.128],[-64.746,-3.095],[-64.785,-3.05],[-64.808,-3.005],[-64.811,-2.949],[-64.862,-2.91],[-64.897,-2.857],[-64.88,-2.818],[-64.862,-2.744],[-64.89,-2.712],[-64.986,-2.724],[-65.002,-2.702],[-64.999,-2.662],[-64.982,-2.607],[-64.991,-2.574],[-65.056,-2.507],[-65.07,-2.475],[-65.121,-2.387],[-65.135,-2.348],[-65.163,-2.317],[-65.175,-2.267],[-65.194,-2.258],[-65.221,-2.288],[-65.219,-2.33],[-65.206,-2.357],[-65.211,-2.381],[-65.253,-2.385],[-65.326,-2.36],[-65.359,-2.363],[-65.386,-2.384],[-65.387,-2.428]]]}},{"type":"Feature","properties":{"code":"1304203"},"geometry":{"type":"Polygon","coordinates":[[[-66.955,-5.419],[-66.907,-5.454],[-66.908,-5.505],[-66.789,-5.549],[-66.689,-5.551],[-66.606,-5.465],[-66.583,-5.463],[-66.562,-5.438],[-66.495,-5.453],[-66.451,-5.429],[-66.416,-5.43],[-66.397,-5.411],[-66.357,-5.398],[-66.309,-5.367],[-66.267,-5.378],[-66.23,-5.353],[-66.167,-5.37],[-66.137,-5.387],[-66.095,-5.378],[-66.072,-5.413],[-66.033,-5.443],[-65.998,-5.437],[-65.985,-5.406],[-65.93,-5.419],[-65.909,-5.403],[-65.903,-5.377],[-65.818,-5.306],[-65.777,-5.3],[-65.753,-5.315],[-65.738,-5.299],[-65.693,-5.303],[-65.645,-5.283],[-65.629,-5.262],[-65.655,-5.216],[-65.668,-5.154],[-65.649,-5.114],[-65.675,-5.103],[-65.695,-5.112],[-65.704,-5.058],[-65.695,-5.036],[-65.603,-4.997],[-65.598,-4.969],[-65.576,-4.94],[-65.576,-4.896],[-65.549,-4.87],[-65.553,-4.831],[-65.54,-4.8],[-65.466,-4.747],[-65.454,-4.689],[-65.437,-4.664],[-65.41,-4.662],[-65.375,-4.641],[-65.373,-4.611],[-65.34,-4.601],[-65.33,-4.617],[-65.291,-4.609],[-65.218,-4.559],[-65.186,-4.551],[-65.161,-4.503],[-65.118,-4.489],[-65.094,-4.445],[-65.066,-4.445],[-65.018,-4.399],[-65.038,-4.368],[-65.016,-4.336],[-64.995,-4.284],[-64.973,-4.272],[-64.941,-4.292],[-64.862,-4.283],[-64.846,-4.258],[-64.821,-4.256],[-64.793,-4.229],[-64.778,-4.199],[-64.739,-4.183],[-64.73,-4.153],[-64.697,-4.114],[-64.595,-4.095],[-64.537,-4.053],[-64.512,-4.043],[-64.466,-4.0],[-64.445,-4.001],[-64.385,-3.967],[-64.336,-3.972],[-64.316,-3.952],[-64.289,-3.947],[-64.252,-3.888],[-64.24,-3.892],[-64.172,-3.861],[-64.163,-3.802],[-64.134,-3.768],[-64.103,-3.747],[-64.05,-3.787],[-64.05,-3.702],[-64.128,-3.687],[-64.171,-3.666],[-64.224,-3.609],[-64.322,-3.55],[-64.348,-3.54],[-64.399,-3.493],[-64.44,-3.466],[-64.465,-3.404],[-64.517,-3.332],[-64.543,-3.311],[-64.599,-3.296],[-64.66,-3.269],[-64.68,-3.28],[-64.707,-3.271],[-64.756,-3.3],[-64.8,-3.311],[-64.822,-3.349],[-64.855,-3.378],[-64.886,-3.381],[-64.903,-3.435],[-64.914,-3.438],[-64.951,-3.488],[-64.973,-3.49],[-64.965,-3.529],[-64.99,-3.579],[-64.977,-3.63],[-65.014,-3.656],[-65.015,-3.686],[-65.03,-3.728],[-65.02,-3.784],[-65.052,-3.795],[-65.077,-3.788],[-65.117,-3.832],[-65.138,-3.875],[-65.225,-3.933],[-65.283,-3.962],[-65.299,-3.961],[-65.365,-3.994],[-65.41,-4.033],[-65.423,-4.027],[-65.48,-4.051],[-65.516,-4.088],[-65.596,-4.111],[-65.666,-4.139],[-65.668,-4.155],[-65.785,-4.22],[-65.822,-4.218],[-65.852,-4.246],[-65.883,-4.25],[-65.918,-4.287],[-65.958,-4.295],[-65.989,-4.319],[-65.995,-4.353],[-66.013,-4.365],[-66.07,-4.376],[-66.105,-4.402],[-66.136,-4.392],[-66.171,-4.441],[-66.206,-4.509],[-66.194,-4.549],[-66.203,-4.57],[-66.192,-4.598],[-66.226,-4.661],[-66.25,-4.685],[-66.244,-4.714],[-66.267,-4.742],[-66.266,-4.771],[-66.293,-4.776],[-66.368,-4.824],[-66.396,-4.832],[-66.394,-4.856],[-66.469,-4.878],[-66.473,-4.905],[-66.498,-4.932],[-66.524,-4.93],[-66.529,-4.967],[-66.57,-4.984],[-66.581,-5.05],[-66.618,-5.079],[-66.66,-5.074],[-66.692,-5.056],[-66.755,-5.068],[-66.78,-5.109],[-66.799,-5.156],[-66.825,-5.166],[-66.9,-5.24],[-66.912,-5.268],[-66.94,-5.282],[-66.939,-5.337],[-66.959,-5.345],[-66.964,-5.372],[-66.955,-5.419]]]}},{"type":"Feature","properties":{"code":"1304401"},"geometry":{"type":"Polygon","coordinates":[[[-58.066,-3.21],[-58.044,-3.21],[-58.02,-3.178],[-58.014,-3.15],[-57.945,-3.049],[-57.885,-2.947],[-57.878,-2.964],[-57.817,-2.955],[-57.79,-2.987],[-57.761,-2.985],[-57.746,-2.959],[-57.71,-2.964],[-57.699,-2.949],[-57.647,-2.942],[-57.632,-2.914],[-57.603,-2.892],[-57.577,-2.84],[-57.555,-2.824],[-57.483,-2.807],[-57.487,-2.78],[-57.462,-2.748],[-57.419,-2.739],[-57.417,-2.726],[-57.459,-2.681],[-57.431,-2.644],[-57.45,-2.597],[-57.289,-2.489],[-57.33,-2.457],[-57.592,-2.457],[-57.605,-2.492],[-57.664,-2.591],[-57.711,-2.659],[-57.779,-2.727],[-57.834,-2.756],[-57.878,-2.751],[-57.902,-2.757],[-57.958,-2.796],[-58.027,-2.798],[-58.057,-2.81],[-58.105,-2.849],[-58.133,-2.914],[-58.145,-2.981],[-58.168,-3.026],[-58.174,-3.125],[-58.192,-3.187],[-58.082,-3.187],[-58.066,-3.21]]]}},{"type":"Feature","properties":{"code":"1303809"},"geometry":{"type":"Polygon","coordinates":[[[-67.661,-1.494],[-67.598,-1.465],[-67.549,-1.458],[-67.52,-1.433],[-67.499,-1.357],[-67.478,-1.335],[-67.391,-1.288],[-67.356,-1.291],[-67.322,-1.306],[-67.284,-1.299],[-67.228,-1.255],[-67.197,-1.193],[-67.128,-1.136],[-67.076,-1.139],[-67.02,-1.166],[-66.95,-1.149],[-66.915,-1.123],[-66.928,-1.073],[-66.902,-0.995],[-66.879,-0.974],[-66.838,-0.971],[-66.799,-0.988],[-66.767,-0.99],[-66.742,-0.952],[-66.737,-0.893],[-66.697,-0.827],[-66.731,-0.808],[-66.701,-0.78],[-66.652,-0.747],[-66.614,-0.745],[-66.577,-0.703],[-66.555,-0.657],[-66.576,-0.633],[-66.572,-0.609],[-66.525,-0.594],[-66.484,-0.557],[-66.456,-0.559],[-66.411,-0.6],[-66.386,-0.598],[-66.328,-0.575],[-66.282,-0.532],[-66.268,-0.488],[-66.189,-0.483],[-66.128,-0.469],[-66.118,-0.427],[-66.097,-0.411],[-66.088,-0.37],[-66.062,-0.355],[-66.027,-0.357],[-65.99,-0.328],[-65.939,-0.331],[-65.883,-0.307],[-65.883,-0.26],[-65.902,-0.214],[-65.922,-0.189],[-65.956,-0.197],[-65.975,-0.183],[-65.997,-0.206],[-66.003,-0.237],[-66.046,-0.246],[-66.057,-0.2],[-66.117,-0.115],[-66.082,-0.085],[-66.123,-0.065],[-66.11,-0.018],[-66.115,0.033],[-66.136,0.046],[-66.159,0.082],[-66.189,0.111],[-66.245,0.105],[-66.271,0.125],[-66.33,0.147],[-66.339,0.165],[-66.377,0.168],[-66.41,0.222],[-66.369,0.267],[-66.346,0.269],[-66.325,0.297],[-66.312,0.334],[-66.292,0.347],[-66.311,0.419],[-66.309,0.451],[-66.27,0.497],[-66.163,0.555],[-66.123,0.569],[-66.122,0.6],[-66.139,0.629],[-66.202,0.673],[-66.227,0.678],[-66.257,0.713],[-66.305,0.729],[-66.319,0.752],[-66.593,0.995],[-66.857,1.228],[-67.089,1.166],[-67.09,1.227],[-67.098,1.255],[-67.147,1.304],[-67.15,1.346],[-67.111,1.336],[-67.09,1.349],[-67.08,1.396],[-67.087,1.415],[-67.077,1.469],[-67.101,1.509],[-67.099,1.552],[-67.112,1.591],[-67.133,1.599],[-67.142,1.701],[-67.138,1.764],[-67.126,1.777],[-67.175,1.841],[-67.202,1.857],[-67.24,1.865],[-67.259,1.855],[-67.321,1.914],[-67.318,1.93],[-67.335,1.979],[-67.352,2.0],[-67.344,2.036],[-67.349,2.083],[-67.376,2.159],[-67.372,2.219],[-67.398,2.235],[-67.444,2.217],[-67.456,2.168],[-67.508,2.166],[-67.543,2.153],[-67.562,2.11],[-67.588,2.087],[-67.606,2.04],[-67.656,1.992],[-67.691,2.001],[-67.748,2.036],[-67.807,1.986],[-67.834,1.94],[-67.85,1.94],[-67.874,1.901],[-67.922,1.891],[-67.917,1.811],[-67.937,1.819],[-68.021,1.819],[-68.047,1.842],[-68.065,1.894],[-68.093,1.897],[-68.129,1.958],[-68.168,1.963],[-68.205,1.984],[-68.245,1.925],[-68.247,1.899],[-68.285,1.836],[-68.275,1.819],[-68.247,1.825],[-68.245,1.787],[-68.212,1.773],[-68.191,1.779],[-68.163,1.728],[-68.697,1.727],[-69.001,1.727],[-69.393,1.727],[-69.407,1.741],[-69.475,1.744],[-69.517,1.772],[-69.546,1.776],[-69.604,1.74],[-69.644,1.73],[-69.745,1.73],[-69.781,1.703],[-69.822,1.699],[-69.846,1.714],[-69.846,1.294],[-69.847,1.077],[-69.82,1.065],[-69.797,1.073],[-69.772,1.105],[-69.703,1.118],[-69.706,1.08],[-69.668,1.082],[-69.624,1.096],[-69.598,1.095],[-69.575,1.074],[-69.524,1.071],[-69.487,1.079],[-69.44,1.075],[-69.416,1.043],[-69.372,1.08],[-69.321,1.088],[-69.287,1.053],[-69.246,1.046],[-69.198,0.998],[-69.204,0.962],[-69.173,0.952],[-69.191,0.917],[-69.136,0.87],[-69.167,0.846],[-69.147,0.77],[-69.191,0.74],[-69.18,0.716],[-69.154,0.708],[-69.116,0.644],[-69.181,0.653],[-69.197,0.649],[-69.212,0.611],[-69.269,0.607],[-69.299,0.648],[-69.349,0.615],[-69.404,0.664],[-69.464,0.736],[-69.48,0.736],[-69.532,0.703],[-69.535,0.679],[-69.566,0.681],[-69.587,0.641],[-69.618,0.632],[-69.671,0.668],[-69.714,0.641],[-69.724,0.615],[-69.749,0.62],[-69.795,0.58],[-69.823,0.591],[-69.888,0.577],[-69.917,0.579],[-69.936,0.553],[-69.978,0.578],[-69.995,0.551],[-70.046,0.563],[-70.047,0.068],[-70.041,0.109],[-69.984,0.044],[-69.992,0.009],[-69.946,-0.021],[-69.92,-0.085],[-69.897,-0.121],[-69.858,-0.128],[-69.82,-0.101],[-69.81,-0.114],[-69.775,-0.089],[-69.738,-0.081],[-69.696,-0.092],[-69.645,-0.171],[-69.611,-0.195],[-69.586,-0.227],[-69.543,-0.348],[-69.502,-0.356],[-69.479,-0.389],[-69.455,-0.381],[-69.404,-0.406],[-69.365,-0.452],[-69.325,-0.461],[-69.313,-0.475],[-69.232,-0.49],[-69.152,-0.537],[-69.114,-0.531],[-69.107,-0.517],[-69.061,-0.499],[-69.038,-0.503],[-69.01,-0.481],[-68.961,-0.477],[-68.92,-0.485],[-68.844,-0.527],[-68.821,-0.528],[-68.784,-0.549],[-68.697,-0.571],[-68.671,-0.617],[-68.627,-0.662],[-68.621,-0.696],[-68.596,-0.723],[-68.547,-0.748],[-68.426,-0.758],[-68.4,-0.733],[-68.362,-0.733],[-68.287,-0.68],[-68.249,-0.674],[-68.211,-0.659],[-68.161,-0.672],[-68.161,-0.999],[-68.161,-1.483],[-68.127,-1.5],[-68.089,-1.499],[-68.035,-1.475],[-67.963,-1.49],[-67.934,-1.513],[-67.905,-1.517],[-67.832,-1.482],[-67.8,-1.487],[-67.764,-1.509],[-67.717,-1.514],[-67.661,-1.494]]]}},{"type":"Feature","properties":{"code":"1303700"},"geometry":{"type":"Polygon","coordinates":[[[-69.626,-3.683],[-69.626,-3.657],[-69.605,-3.631],[-69.596,-3.601],[-69.557,-3.586],[-69.518,-3.6],[-69.502,-3.584],[-69.513,-3.533],[-69.489,-3.507],[-69.419,-3.492],[-69.379,-3.453],[-69.36,-3.454],[-69.342,-3.406],[-69.309,-3.411],[-69.246,-3.404],[-69.232,-3.366],[-69.188,-3.336],[-69.17,-3.288],[-69.116,-3.29],[-69.085,-3.31],[-69.03,-3.274],[-69.015,-3.236],[-68.938,-3.224],[-68.911,-3.208],[-68.88,-3.217],[-68.853,-3.187],[-68.778,-3.19],[-68.74,-3.167],[-68.705,-3.203],[-68.704,-3.232],[-68.647,-3.224],[-68.609,-3.237],[-68.613,-3.201],[-68.567,-3.178],[-68.523,-3.193],[-68.494,-3.173],[-68.419,-3.161],[-68.42,-3.095],[-68.397,-3.082],[-68.363,-3.094],[-68.285,-3.103],[-68.25,-3.127],[-68.23,-3.107],[-68.221,-3.074],[-68.18,-3.087],[-68.144,-3.13],[-68.116,-3.112],[-68.099,-3.14],[-68.069,-3.115],[-68.028,-3.147],[-67.969,-3.13],[-67.966,-3.151],[-67.924,-3.235],[-67.931,-3.316],[-67.83,-3.316],[-67.833,-3.271],[-67.859,-3.237],[-67.823,-3.191],[-67.789,-3.126],[-67.766,-3.116],[-67.748,-3.085],[-67.786,-3.063],[-67.768,-3.023],[-67.777,-2.996],[-67.754,-2.969],[-68.043,-2.969],[-68.058,-2.982],[-68.134,-2.946],[-68.141,-2.962],[-68.175,-2.97],[-68.236,-2.946],[-68.25,-2.9],[-68.264,-2.891],[-68.306,-2.901],[-68.377,-2.861],[-68.426,-2.843],[-68.473,-2.85],[-68.525,-2.835],[-68.573,-2.848],[-68.624,-2.815],[-68.65,-2.786],[-68.688,-2.771],[-68.7,-2.731],[-68.712,-2.744],[-68.783,-2.775],[-68.824,-2.778],[-68.844,-2.8],[-68.885,-2.795],[-68.938,-2.814],[-68.968,-2.812],[-69.009,-2.759],[-69.061,-2.826],[-69.081,-2.794],[-69.12,-2.776],[-69.105,-2.745],[-69.17,-2.722],[-69.197,-2.686],[-69.178,-2.663],[-69.208,-2.605],[-69.225,-2.596],[-69.301,-2.61],[-69.345,-2.549],[-69.397,-2.538],[-69.422,-2.513],[-69.419,-2.477],[-69.459,-2.437],[-69.489,-2.443],[-69.527,-2.417],[-69.548,-2.388],[-69.578,-2.42],[-69.61,-2.419],[-69.691,-2.872],[-69.744,-3.167],[-69.838,-3.687],[-69.799,-3.711],[-69.693,-3.725],[-69.658,-3.694],[-69.626,-3.683]]]}},{"type":"Feature","properties":{"code":"1304062"},"geometry":{"type":"Polygon","coordinates":[[[-69.944,-4.28],[-69.79,-4.375],[-69.709,-4.352],[-69.669,-4.324],[-69.622,-4.308],[-69.563,-4.302],[-69.53,-4.279],[-69.506,-4.258],[-69.481,-4.213],[-69.456,-4.193],[-69.451,-4.166],[-69.401,-4.157],[-69.43,-4.128],[-69.506,-4.109],[-69.529,-4.071],[-69.523,-4.05],[-69.424,-3.994],[-69.397,-3.909],[-69.397,-3.824],[-69.423,-3.8],[-69.413,-3.758],[-69.435,-3.714],[-69.465,-3.732],[-69.537,-3.751],[-69.594,-3.775],[-69.636,-3.785],[-69.673,-3.777],[-69.649,-3.746],[-69.647,-3.72],[-69.626,-3.683],[-69.658,-3.694],[-69.693,-3.725],[-69.799,-3.711],[-69.838,-3.687],[-69.933,-4.219],[-69.948,-4.226],[-69.944,-4.28]]]}},{"type":"Feature","properties":{"code":"1304104"},"geometry":{"type":"Polygon","coordinates":[[[-67.487,-7.172],[-67.448,-7.167],[-67.405,-7.141],[-67.407,-7.12],[-67.36,-7.092],[-67.343,-7.073],[-67.343,-7.037],[-67.264,-7.002],[-67.223,-7.003],[-67.212,-6.954],[-67.172,-6.969],[-67.111,-6.956],[-67.074,-6.958],[-67.001,-6.985],[-66.968,-7.026],[-66.923,-7.037],[-66.93,-7.065],[-66.895,-7.115],[-66.858,-7.15],[-66.829,-7.152],[-66.777,-7.175],[-66.734,-7.175],[-66.721,-7.164],[-66.681,-7.192],[-66.687,-7.234],[-66.673,-7.246],[-66.614,-7.261],[-66.593,-7.211],[-66.558,-7.21],[-66.532,-7.244],[-66.505,-7.255],[-66.47,-7.229],[-66.454,-7.25],[-66.41,-7.253],[-66.311,-7.282],[-66.252,-7.325],[-66.225,-7.304],[-66.15,-7.321],[-66.12,-7.344],[-66.09,-7.323],[-66.058,-7.335],[-66.013,-7.312],[-65.986,-7.312],[-65.944,-7.283],[-65.868,-7.268],[-65.838,-7.283],[-65.768,-7.243],[-65.734,-7.213],[-65.714,-7.233],[-65.635,-7.258],[-65.595,-7.246],[-65.529,-7.259],[-65.487,-7.253],[-65.459,-7.288],[-65.388,-7.267],[-65.358,-7.245],[-65.302,-7.234],[-65.239,-7.187],[-65.189,-7.177],[-65.163,-7.159],[-65.13,-7.155],[-65.133,-7.129],[-65.091,-7.096],[-65.08,-7.059],[-65.038,-7.078],[-65.014,-7.075],[-65.007,-6.988],[-65.022,-6.953],[-64.984,-6.889],[-64.99,-6.83],[-65.003,-6.79],[-64.966,-6.747],[-64.949,-6.707],[-64.921,-6.678],[-64.908,-6.682],[-64.891,-6.743],[-64.857,-6.709],[-64.823,-6.713],[-64.811,-6.742],[-64.78,-6.732],[-64.744,-6.683],[-64.727,-6.612],[-64.69,-6.587],[-64.677,-6.561],[-64.665,-6.489],[-64.637,-6.462],[-64.633,-6.393],[-64.624,-6.378],[-64.564,-6.335],[-64.54,-6.305],[-64.515,-6.208],[-64.478,-6.186],[-64.457,-6.16],[-64.452,-6.131],[-64.43,-6.1],[-64.388,-6.097],[-64.388,-5.927],[-64.363,-5.915],[-64.273,-5.939],[-63.959,-6.198],[-63.7,-6.412],[-63.347,-6.703],[-63.182,-6.838],[-63.045,-6.838],[-63.01,-6.783],[-62.97,-6.688],[-62.944,-6.551],[-62.896,-6.488],[-62.864,-6.43],[-62.846,-6.406],[-62.789,-6.352],[-62.743,-6.277],[-62.652,-6.195],[-62.567,-6.095],[-62.488,-5.968],[-62.441,-5.933],[-62.328,-5.812],[-62.285,-5.75],[-62.159,-5.549],[-62.13,-5.515],[-62.102,-5.458],[-62.351,-5.209],[-62.657,-4.902],[-62.683,-4.916],[-62.706,-4.968],[-62.743,-4.973],[-62.752,-4.949],[-62.705,-4.903],[-62.718,-4.848],[-62.761,-4.845],[-62.804,-4.796],[-62.825,-4.793],[-62.89,-4.801],[-62.92,-4.786],[-62.944,-4.821],[-62.996,-4.797],[-63.004,-4.768],[-62.99,-4.742],[-63.012,-4.731],[-63.031,-4.697],[-63.06,-4.731],[-63.088,-4.725],[-63.127,-4.731],[-63.164,-4.759],[-63.19,-4.76],[-63.219,-4.78],[-63.209,-4.817],[-63.241,-4.833],[-63.233,-4.865],[-63.247,-4.902],[-63.282,-4.949],[-63.276,-4.992],[-63.283,-5.045],[-63.363,-5.071],[-63.438,-5.123],[-63.465,-5.163],[-63.547,-5.153],[-63.579,-5.186],[-63.633,-5.163],[-63.701,-5.149],[-63.746,-5.119],[-63.803,-5.15],[-63.843,-5.152],[-63.865,-5.17],[-63.92,-5.197],[-63.976,-5.24],[-64.035,-5.248],[-64.053,-5.29],[-64.078,-5.309],[-64.072,-5.367],[-64.086,-5.395],[-64.114,-5.418],[-64.135,-5.406],[-64.223,-5.455],[-64.226,-5.486],[-64.265,-5.473],[-64.315,-5.471],[-64.349,-5.527],[-64.391,-5.535],[-64.409,-5.601],[-64.466,-5.61],[-64.483,-5.642],[-64.522,-5.661],[-64.547,-5.702],[-64.598,-5.691],[-64.622,-5.707],[-64.639,-5.741],[-64.668,-5.765],[-64.68,-5.8],[-64.71,-5.796],[-64.748,-5.805],[-64.774,-5.795],[-64.883,-5.786],[-64.896,-5.777],[-64.94,-5.783],[-64.963,-5.742],[-64.989,-5.748],[-65.115,-5.728],[-65.138,-5.704],[-65.162,-5.715],[-65.191,-5.753],[-65.219,-5.743],[-65.237,-5.715],[-65.351,-5.678],[-65.403,-5.685],[-65.444,-5.676],[-65.465,-5.66],[-65.468,-5.634],[-65.513,-5.634],[-65.534,-5.601],[-65.581,-5.593],[-65.599,-5.552],[-65.625,-5.525],[-65.67,-5.537],[-65.687,-5.532],[-65.713,-5.496],[-65.803,-5.502],[-65.859,-5.484],[-65.93,-5.419],[-65.985,-5.406],[-65.998,-5.437],[-66.033,-5.443],[-66.072,-5.413],[-66.095,-5.378],[-66.137,-5.387],[-66.167,-5.37],[-66.23,-5.353],[-66.267,-5.378],[-66.309,-5.367],[-66.357,-5.398],[-66.397,-5.411],[-66.416,-5.43],[-66.451,-5.429],[-66.495,-5.453],[-66.562,-5.438],[-66.583,-5.463],[-66.606,-5.465],[-66.689,-5.551],[-66.789,-5.549],[-66.908,-5.505],[-66.907,-5.454],[-66.955,-5.419],[-67.001,-5.51],[-67.032,-5.501],[-67.07,-5.549],[-67.104,-5.566],[-67.126,-5.62],[-67.184,-5.631],[-67.205,-5.649],[-67.205,-5.684],[-67.185,-5.705],[-67.186,-5.728],[-67.229,-5.746],[-67.249,-5.782],[-67.243,-5.8],[-67.29,-5.838],[-67.345,-5.805],[-67.381,-5.838],[-67.361,-5.891],[-67.386,-5.91],[-67.429,-5.919],[-67.467,-5.904],[-67.501,-5.919],[-67.545,-5.913],[-67.559,-5.927],[-67.562,-5.967],[-67.589,-5.98],[-67.657,-5.939],[-67.7,-5.944],[-67.706,-5.962],[-67.689,-6.026],[-67.671,-6.032],[-67.681,-6.093],[-67.677,-6.151],[-67.66,-6.162],[-67.628,-6.212],[-67.624,-6.239],[-67.672,-6.258],[-67.703,-6.326],[-67.728,-6.338],[-67.76,-6.391],[-67.78,-6.439],[-67.776,-6.482],[-67.794,-6.517],[-67.745,-6.508],[-67.711,-6.545],[-67.682,-6.558],[-67.649,-6.553],[-67.615,-6.565],[-67.536,-6.537],[-67.509,-6.543],[-67.447,-6.503],[-67.435,-6.519],[-67.374,-6.493],[-67.352,-6.452],[-67.287,-6.415],[-67.259,-6.419],[-67.219,-6.341],[-67.158,-6.334],[-67.129,-6.342],[-67.092,-6.333],[-67.046,-6.387],[-67.003,-6.377],[-66.867,-6.409],[-66.824,-6.439],[-66.811,-6.468],[-66.779,-6.497],[-66.706,-6.509],[-66.647,-6.527],[-66.621,-6.552],[-66.535,-6.566],[-66.524,-6.577],[-66.475,-6.57],[-66.432,-6.601],[-66.4,-6.636],[-66.425,-6.718],[-66.465,-6.737],[-66.539,-6.742],[-66.578,-6.73],[-66.621,-6.772],[-66.687,-6.794],[-66.742,-6.802],[-66.758,-6.787],[-66.798,-6.812],[-66.829,-6.798],[-66.925,-6.797],[-67.027,-6.755],[-67.049,-6.775],[-67.102,-6.781],[-67.129,-6.775],[-67.159,-6.785],[-67.168,-6.823],[-67.233,-6.835],[-67.322,-6.826],[-67.341,-6.812],[-67.387,-6.841],[-67.386,-6.865],[-67.417,-6.875],[-67.422,-6.916],[-67.414,-6.941],[-67.426,-6.966],[-67.405,-7.013],[-67.435,-7.072],[-67.432,-7.118],[-67.455,-7.148],[-67.487,-7.172]]]}},{"type":"Feature","properties":{"code":"1303908"},"geometry":{"type":"Polygon","coordinates":[[[-70.349,-6.296],[-70.326,-6.302],[-70.288,-6.284],[-70.281,-6.264],[-70.246,-6.263],[-70.141,-6.185],[-70.137,-6.16],[-70.115,-6.139],[-70.105,-6.05],[-70.063,-6.017],[-70.041,-6.011],[-70.008,-5.942],[-70.02,-5.917],[-69.998,-5.881],[-69.999,-5.843],[-69.988,-5.808],[-69.959,-5.771],[-69.907,-5.757],[-69.916,-5.735],[-69.9,-5.71],[-69.918,-5.654],[-69.893,-5.57],[-69.884,-5.521],[-69.864,-5.489],[-69.872,-5.449],[-69.891,-5.406],[-69.919,-5.371],[-69.899,-5.348],[-69.786,-5.333],[-69.771,-5.285],[-69.682,-5.254],[-69.651,-5.236],[-69.62,-5.204],[-69.593,-5.203],[-69.565,-5.229],[-69.541,-5.23],[-69.504,-5.213],[-69.494,-5.193],[-69.495,-5.153],[-69.463,-5.127],[-69.473,-5.113],[-69.389,-5.043],[-69.406,-4.988],[-69.365,-4.986],[-69.322,-4.954],[-69.32,-4.914],[-69.306,-4.887],[-69.281,-4.88],[-69.266,-4.856],[-69.278,-4.829],[-69.263,-4.801],[-69.211,-4.807],[-69.207,-4.784],[-69.166,-4.776],[-69.143,-4.719],[-69.127,-4.72],[-69.104,-4.689],[-69.09,-4.625],[-69.065,-4.59],[-69.044,-4.543],[-68.985,-4.534],[-68.973,-4.475],[-68.985,-4.438],[-69.005,-4.431],[-69.019,-4.387],[-69.001,-4.378],[-69.003,-4.341],[-68.954,-4.324],[-68.942,-4.286],[-68.95,-4.255],[-68.92,-4.206],[-68.927,-4.18],[-68.904,-4.112],[-68.871,-4.08],[-68.832,-4.021],[-68.816,-3.967],[-68.814,-3.921],[-68.827,-3.895],[-68.825,-3.841],[-68.81,-3.832],[-68.819,-3.757],[-68.792,-3.756],[-68.765,-3.739],[-68.758,-3.704],[-68.733,-3.698],[-68.678,-3.716],[-68.609,-3.678],[-68.609,-3.237],[-68.647,-3.224],[-68.704,-3.232],[-68.705,-3.203],[-68.74,-3.167],[-68.778,-3.19],[-68.853,-3.187],[-68.88,-3.217],[-68.911,-3.208],[-68.938,-3.224],[-69.015,-3.236],[-69.03,-3.274],[-69.085,-3.31],[-69.116,-3.29],[-69.17,-3.288],[-69.188,-3.336],[-69.232,-3.366],[-69.246,-3.404],[-69.309,-3.411],[-69.342,-3.406],[-69.36,-3.454],[-69.379,-3.453],[-69.419,-3.492],[-69.489,-3.507],[-69.513,-3.533],[-69.502,-3.584],[-69.518,-3.6],[-69.557,-3.586],[-69.596,-3.601],[-69.605,-3.631],[-69.626,-3.657],[-69.626,-3.683],[-69.647,-3.72],[-69.649,-3.746],[-69.673,-3.777],[-69.636,-3.785],[-69.594,-3.775],[-69.537,-3.751],[-69.465,-3.732],[-69.435,-3.714],[-69.413,-3.758],[-69.423,-3.8],[-69.397,-3.824],[-69.397,-3.909],[-69.424,-3.994],[-69.523,-4.05],[-69.529,-4.071],[-69.506,-4.109],[-69.43,-4.128],[-69.401,-4.157],[-69.451,-4.166],[-69.456,-4.193],[-69.481,-4.213],[-69.506,-4.258],[-69.53,-4.279],[-69.515,-4.334],[-69.482,-4.356],[-69.438,-4.363],[-69.49,-4.405],[-69.521,-4.4],[-69.534,-4.419],[-69.587,-4.415],[-69.607,-4.443],[-69.593,-4.495],[-69.605,-4.533],[-69.599,-4.567],[-69.61,-4.585],[-69.656,-4.615],[-69.661,-4.648],[-69.724,-4.646],[-69.758,-4.674],[-69.82,-4.683],[-69.838,-4.723],[-69.871,-4.745],[-69.914,-4.746],[-69.922,-4.757],[-69.913,-4.813],[-69.924,-4.845],[-69.919,-4.916],[-69.947,-4.914],[-69.978,-4.957],[-69.977,-4.988],[-70.016,-5.082],[-70.038,-5.1],[-70.031,-5.123],[-70.085,-5.178],[-70.091,-5.222],[-70.151,-5.323],[-70.141,-5.362],[-70.173,-5.413],[-70.153,-5.473],[-70.168,-5.505],[-70.188,-5.508],[-70.204,-5.541],[-70.23,-5.557],[-70.225,-5.58],[-70.249,-5.63],[-70.248,-5.668],[-70.222,-5.674],[-70.241,-5.739],[-70.228,-5.757],[-70.237,-5.79],[-70.283,-5.83],[-70.288,-5.859],[-70.265,-5.888],[-70.298,-5.955],[-70.305,-6.013],[-70.35,-6.037],[-70.36,-6.057],[-70.413,-6.109],[-70.403,-6.131],[-70.409,-6.172],[-70.374,-6.192],[-70.368,-6.244],[-70.342,-6.273],[-70.349,-6.296]]]}},{"type":"Feature","properties":{"code":"1304005"},"geometry":{"type":"Polygon","coordinates":[[[-59.047,-2.592],[-59.049,-2.624],[-59.023,-2.638],[-59.033,-2.667],[-59.017,-2.703],[-58.981,-2.709],[-58.988,-2.775],[-58.961,-2.762],[-58.914,-2.764],[-58.915,-2.801],[-58.879,-2.853],[-58.861,-2.858],[-58.871,-2.908],[-58.705,-3.006],[-58.627,-3.038],[-58.596,-3.029],[-58.569,-3.007],[-58.547,-3.01],[-58.503,-2.997],[-58.471,-2.977],[-58.389,-3.008],[-58.372,-3.066],[-58.384,-3.083],[-58.38,-3.137],[-58.303,-3.103],[-58.242,-3.083],[-58.214,-3.066],[-58.168,-3.026],[-58.145,-2.981],[-58.133,-2.914],[-58.105,-2.849],[-58.177,-2.753],[-58.188,-2.714],[-58.178,-2.697],[-58.194,-2.663],[-58.248,-2.63],[-58.286,-2.625],[-58.308,-2.61],[-58.338,-2.625],[-58.354,-2.601],[-58.379,-2.619],[-58.394,-2.648],[-58.454,-2.653],[-58.504,-2.704],[-58.585,-2.678],[-58.643,-2.677],[-58.666,-2.658],[-58.686,-2.664],[-58.722,-2.614],[-58.753,-2.597],[-58.791,-2.6],[-58.813,-2.588],[-58.85,-2.601],[-58.885,-2.57],[-58.9,-2.589],[-58.989,-2.561],[-59.01,-2.573],[-59.02,-2.606],[-59.047,-2.592]]]}},{"type":"Feature","properties":{"code":"1303957"},"geometry":{"type":"Polygon","coordinates":[[[-59.082,-2.277],[-59.05,-2.234],[-59.015,-2.255],[-58.98,-2.251],[-58.933,-2.279],[-58.925,-2.256],[-58.884,-2.23],[-58.819,-2.269],[-58.779,-2.263],[-58.759,-2.29],[-58.721,-2.279],[-58.743,-2.338],[-58.721,-2.347],[-58.684,-2.343],[-58.655,-2.313],[-58.589,-2.284],[-58.574,-2.314],[-58.514,-2.31],[-58.477,-2.295],[-58.442,-2.312],[-58.4,-2.32],[-58.391,-2.337],[-58.356,-2.346],[-58.351,-2.377],[-58.326,-2.413],[-58.301,-2.412],[-58.284,-2.389],[-58.26,-2.398],[-58.257,-2.435],[-58.284,-2.467],[-58.225,-2.518],[-58.209,-2.523],[-58.179,-2.573],[-58.064,-2.635],[-58.015,-2.649],[-57.972,-2.634],[-57.98,-2.602],[-57.886,-2.577],[-57.889,-2.608],[-57.827,-2.596],[-57.769,-2.538],[-57.811,-2.531],[-57.833,-2.513],[-57.837,-2.486],[-57.858,-2.47],[-57.841,-2.38],[-57.984,-2.38],[-57.977,-2.308],[-58.001,-2.262],[-58.033,-2.22],[-58.114,-2.22],[-58.116,-2.203],[-58.148,-2.135],[-58.185,-2.117],[-58.175,-2.07],[-58.183,-2.021],[-58.251,-1.971],[-58.251,-1.941],[-58.285,-1.941],[-58.31,-1.914],[-58.372,-1.922],[-58.396,-1.905],[-58.413,-1.872],[-58.454,-1.828],[-58.464,-1.806],[-58.546,-1.788],[-58.589,-1.757],[-58.559,-1.735],[-58.578,-1.712],[-58.569,-1.69],[-58.584,-1.668],[-58.596,-1.616],[-58.629,-1.594],[-58.641,-1.563],[-58.693,-1.576],[-58.711,-1.527],[-58.74,-1.504],[-58.808,-1.498],[-58.823,-1.504],[-58.857,-1.484],[-58.856,-1.464],[-58.88,-1.448],[-58.921,-1.45],[-58.946,-1.403],[-58.971,-1.383],[-58.985,-1.347],[-59.017,-1.32],[-59.05,-1.335],[-59.059,-1.319],[-59.093,-1.31],[-59.121,-1.279],[-59.16,-1.277],[-59.267,-1.184],[-59.281,-1.156],[-59.373,-1.139],[-59.384,-1.174],[-59.373,-1.192],[-59.367,-1.268],[-59.402,-1.261],[-59.436,-1.28],[-59.446,-1.323],[-59.469,-1.339],[-59.52,-1.42],[-59.503,-1.447],[-59.449,-1.42],[-59.422,-1.449],[-59.337,-1.458],[-59.328,-1.484],[-59.298,-1.478],[-59.286,-1.446],[-59.262,-1.424],[-59.193,-1.479],[-59.169,-1.488],[-59.15,-1.524],[-59.142,-1.587],[-59.123,-1.605],[-59.136,-1.636],[-59.166,-1.663],[-59.197,-1.718],[-59.19,-1.783],[-59.213,-1.797],[-59.224,-1.828],[-59.255,-1.835],[-59.221,-1.902],[-59.192,-1.91],[-59.146,-2.002],[-59.129,-1.998],[-59.115,-2.031],[-59.113,-2.076],[-59.131,-2.111],[-59.143,-2.171],[-59.176,-2.18],[-59.182,-2.202],[-59.107,-2.242],[-59.082,-2.277]]]}},{"type":"Feature","properties":{"code":"1303304"},"geometry":{"type":"Polygon","coordinates":[[[-61.583,-8.799],[-61.31,-8.799],[-60.835,-8.798],[-60.422,-8.797],[-60.434,-8.679],[-60.424,-8.652],[-60.455,-8.628],[-60.498,-8.575],[-60.502,-8.541],[-60.523,-8.516],[-60.51,-8.469],[-60.484,-8.438],[-60.492,-8.401],[-60.446,-8.388],[-60.469,-8.333],[-60.454,-8.303],[-60.486,-8.293],[-60.461,-8.241],[-60.463,-8.188],[-60.437,-8.115],[-60.449,-8.055],[-60.49,-7.982],[-60.516,-7.955],[-60.523,-7.929],[-60.516,-7.865],[-60.55,-7.824],[-60.544,-7.796],[-60.574,-7.773],[-60.563,-7.757],[-60.588,-7.727],[-60.592,-7.706],[-60.648,-7.703],[-60.672,-7.681],[-60.663,-7.649],[-60.679,-7.615],[-60.669,-7.565],[-60.675,-7.53],[-60.644,-7.438],[-60.653,-7.414],[-60.649,-7.367],[-60.633,-7.286],[-60.656,-7.236],[-60.648,-7.206],[-60.68,-7.147],[-60.148,-6.957],[-59.848,-6.868],[-59.864,-6.822],[-59.905,-6.792],[-59.905,-6.749],[-59.923,-6.746],[-59.939,-6.716],[-59.928,-6.639],[-59.956,-6.622],[-59.926,-6.571],[-59.93,-6.553],[-59.876,-6.52],[-59.856,-6.522],[-59.844,-6.476],[-59.82,-6.439],[-59.764,-6.47],[-59.74,-6.444],[-59.708,-6.462],[-59.663,-6.464],[-59.628,-6.477],[-59.614,-6.461],[-59.315,-6.461],[-59.31,-6.445],[-59.328,-6.373],[-59.346,-6.358],[-59.35,-6.321],[-59.365,-6.304],[-59.346,-6.279],[-59.336,-6.195],[-59.359,-6.168],[-59.359,-6.109],[-59.4,-6.048],[-59.411,-6.008],[-59.452,-5.995],[-59.45,-5.963],[-59.494,-5.914],[-59.521,-5.865],[-59.562,-5.844],[-59.564,-5.816],[-59.605,-5.779],[-59.6,-5.752],[-59.616,-5.722],[-59.615,-5.692],[-59.591,-5.636],[-59.572,-5.621],[-59.544,-5.554],[-59.555,-5.51],[-59.589,-5.503],[-59.602,-5.479],[-59.671,-5.501],[-59.706,-5.497],[-59.727,-5.452],[-59.727,-5.407],[-59.7,-5.356],[-59.693,-5.313],[-59.671,-5.282],[-59.943,-4.868],[-59.978,-4.874],[-60.098,-4.924],[-60.174,-4.901],[-60.199,-4.902],[-60.233,-4.929],[-60.256,-4.989],[-60.293,-5.052],[-60.729,-5.052],[-60.726,-5.112],[-60.744,-5.142],[-60.741,-5.171],[-60.778,-5.195],[-60.809,-5.23],[-60.832,-5.297],[-60.892,-5.308],[-60.902,-5.343],[-60.936,-5.37],[-60.909,-5.38],[-60.862,-5.379],[-60.826,-5.402],[-60.744,-5.342],[-60.729,-5.315],[-60.7,-5.303],[-60.635,-5.298],[-60.577,-5.285],[-60.565,-5.312],[-60.573,-5.343],[-60.599,-5.358],[-60.603,-5.404],[-60.572,-5.441],[-60.629,-5.487],[-60.643,-5.618],[-60.621,-5.642],[-60.653,-5.68],[-60.63,-5.717],[-60.597,-5.707],[-60.555,-5.73],[-60.565,-5.766],[-60.536,-5.781],[-60.545,-5.813],[-60.576,-5.858],[-60.575,-5.876],[-60.542,-5.906],[-60.555,-5.945],[-60.579,-5.951],[-60.597,-6.001],[-60.617,-6.012],[-60.633,-6.056],[-60.612,-6.077],[-60.589,-6.069],[-60.585,-6.115],[-60.541,-6.127],[-60.535,-6.162],[-60.557,-6.197],[-60.555,-6.25],[-60.514,-6.289],[-60.531,-6.32],[-60.531,-6.497],[-60.531,-6.936],[-61.074,-6.936],[-61.104,-6.995],[-61.13,-7.001],[-61.179,-7.049],[-61.158,-7.057],[-61.155,-7.102],[-61.225,-7.13],[-61.245,-7.156],[-61.205,-7.191],[-61.204,-7.245],[-61.242,-7.273],[-61.241,-7.3],[-61.288,-7.32],[-61.328,-7.354],[-61.328,-7.406],[-61.301,-7.491],[-61.295,-7.548],[-61.303,-7.634],[-61.283,-7.678],[-61.306,-7.745],[-61.323,-7.752],[-61.341,-7.834],[-61.337,-7.912],[-61.321,-7.939],[-61.249,-7.987],[-61.205,-7.999],[-61.16,-7.989],[-61.144,-8.015],[-61.148,-8.06],[-61.127,-8.084],[-61.139,-8.118],[-61.132,-8.159],[-61.096,-8.179],[-61.072,-8.203],[-61.079,-8.23],[-61.103,-8.255],[-61.161,-8.268],[-61.174,-8.255],[-61.224,-8.255],[-61.264,-8.27],[-61.281,-8.257],[-61.293,-8.215],[-61.299,-8.149],[-61.388,-8.062],[-61.422,-8.004],[-61.507,-8.081],[-61.477,-8.091],[-61.493,-8.115],[-61.482,-8.148],[-61.5,-8.158],[-61.461,-8.187],[-61.45,-8.248],[-61.45,-8.295],[-61.477,-8.332],[-61.464,-8.361],[-61.46,-8.4],[-61.502,-8.439],[-61.459,-8.469],[-61.464,-8.532],[-61.517,-8.565],[-61.517,-8.626],[-61.5,-8.665],[-61.531,-8.696],[-61.551,-8.69],[-61.604,-8.653],[-61.667,-8.652],[-61.713,-8.688],[-61.705,-8.707],[-61.674,-8.705],[-61.627,-8.729],[-61.63,-8.753],[-61.606,-8.795],[-61.583,-8.799]]]}},{"type":"Feature","properties":{"code":"1303205"},"geometry":{"type":"Polygon","coordinates":[[[-63.957,-2.447],[-63.922,-2.504],[-63.886,-2.53],[-63.788,-2.558],[-63.763,-2.58],[-63.72,-2.597],[-63.714,-2.634],[-63.692,-2.683],[-63.697,-2.707],[-63.733,-2.759],[-63.71,-2.838],[-63.678,-2.833],[-63.602,-2.798],[-63.557,-2.789],[-63.543,-2.75],[-63.512,-2.737],[-63.451,-2.696],[-63.417,-2.711],[-63.303,-2.703],[-63.282,-2.716],[-63.272,-2.765],[-63.245,-2.809],[-63.212,-2.825],[-63.147,-2.824],[-63.067,-2.8],[-63.01,-2.801],[-62.981,-2.821],[-62.965,-2.854],[-62.929,-2.897],[-62.918,-2.934],[-62.932,-2.986],[-62.929,-3.009],[-62.878,-3.001],[-62.828,-3.004],[-62.769,-3.029],[-62.747,-3.061],[-62.7,-3.092],[-62.627,-3.093],[-62.583,-3.108],[-62.615,-3.071],[-62.599,-3.03],[-62.56,-3.012],[-62.517,-2.974],[-62.511,-2.952],[-62.479,-2.929],[-62.463,-2.89],[-62.453,-2.833],[-62.417,-2.812],[-62.382,-2.805],[-62.355,-2.773],[-62.255,-2.767],[-62.187,-2.744],[-62.148,-2.743],[-62.083,-2.704],[-62.061,-2.663],[-62.039,-2.648],[-61.981,-2.639],[-61.936,-2.598],[-61.875,-2.627],[-61.821,-2.614],[-61.774,-2.623],[-61.746,-2.67],[-61.695,-2.663],[-61.678,-2.685],[-61.684,-2.718],[-61.612,-2.731],[-61.569,-2.791],[-61.502,-2.804],[-61.464,-2.819],[-61.418,-2.792],[-61.409,-2.753],[-61.394,-2.744],[-61.294,-2.74],[-61.249,-2.744],[-61.228,-2.763],[-61.197,-2.77],[-61.173,-2.801],[-61.13,-2.774],[-61.086,-2.773],[-61.079,-2.792],[-61.042,-2.812],[-61.023,-2.844],[-61.011,-2.887],[-60.991,-2.884],[-60.983,-2.866],[-60.937,-2.841],[-60.915,-2.812],[-60.872,-2.822],[-60.85,-2.843],[-60.812,-2.828],[-60.754,-2.821],[-60.803,-2.541],[-60.782,-2.466],[-60.749,-2.449],[-60.764,-2.396],[-60.732,-2.384],[-60.696,-2.341],[-60.704,-2.283],[-60.691,-2.242],[-60.724,-2.212],[-60.719,-2.179],[-60.676,-2.15],[-60.673,-2.087],[-60.622,-2.048],[-60.596,-1.998],[-60.546,-2.003],[-60.501,-2.018],[-60.44,-2.008],[-60.342,-1.952],[-60.472,-1.95],[-60.489,-1.92],[-60.554,-1.921],[-60.573,-1.914],[-60.617,-1.861],[-60.624,-1.744],[-60.616,-1.723],[-60.626,-1.691],[-60.611,-1.634],[-60.582,-1.605],[-60.572,-1.506],[-60.505,-1.458],[-60.509,-1.412],[-60.491,-1.361],[-60.559,-1.377],[-60.609,-1.38],[-60.649,-1.359],[-60.688,-1.351],[-60.731,-1.363],[-60.766,-1.359],[-60.845,-1.369],[-60.883,-1.333],[-60.89,-1.309],[-60.923,-1.315],[-60.963,-1.308],[-60.947,-1.278],[-60.904,-1.251],[-60.886,-1.264],[-60.855,-1.26],[-60.849,-1.163],[-60.825,-1.125],[-60.822,-1.09],[-60.759,-1.076],[-60.78,-1.031],[-60.794,-1.024],[-60.799,-0.986],[-60.783,-0.898],[-60.785,-0.864],[-60.764,-0.831],[-60.763,-0.813],[-60.787,-0.785],[-60.772,-0.758],[-60.805,-0.74],[-60.807,-0.697],[-60.856,-0.685],[-60.87,-0.639],[-60.893,-0.645],[-60.928,-0.607],[-60.922,-0.582],[-60.932,-0.549],[-60.984,-0.562],[-61.064,-0.536],[-61.07,-0.513],[-61.096,-0.499],[-61.133,-0.497],[-61.171,-0.515],[-61.214,-0.499],[-61.234,-0.562],[-61.309,-0.579],[-61.329,-0.597],[-61.359,-0.597],[-61.429,-0.649],[-61.458,-0.655],[-61.485,-0.717],[-61.536,-0.754],[-61.547,-0.795],[-61.557,-0.865],[-61.552,-0.889],[-61.577,-0.911],[-61.581,-0.978],[-61.551,-0.983],[-61.544,-1.004],[-61.543,-1.062],[-61.573,-1.076],[-61.579,-1.114],[-61.566,-1.129],[-61.581,-1.157],[-61.587,-1.194],[-61.608,-1.252],[-61.607,-1.274],[-61.627,-1.294],[-61.586,-1.339],[-61.582,-1.353],[-61.619,-1.395],[-61.548,-1.429],[-61.524,-1.491],[-61.473,-1.528],[-61.475,-1.579],[-61.462,-1.607],[-61.423,-1.62],[-61.414,-1.637],[-61.413,-1.703],[-61.424,-1.757],[-61.419,-1.793],[-61.386,-1.863],[-61.382,-1.895],[-61.462,-1.904],[-61.448,-1.946],[-61.506,-1.957],[-61.538,-1.89],[-61.537,-1.868],[-61.573,-1.865],[-61.594,-1.841],[-61.653,-1.836],[-61.649,-1.86],[-61.681,-1.891],[-61.718,-1.899],[-61.738,-1.888],[-61.758,-1.91],[-61.818,-1.951],[-61.843,-1.925],[-61.855,-1.944],[-61.883,-1.944],[-61.892,-1.924],[-61.922,-1.933],[-61.934,-1.966],[-61.953,-1.969],[-61.979,-2.01],[-62.023,-2.022],[-62.046,-1.993],[-62.072,-1.999],[-62.081,-2.023],[-62.074,-2.061],[-62.11,-2.055],[-62.123,-2.091],[-62.147,-2.103],[-62.158,-2.132],[-62.211,-2.12],[-62.218,-2.14],[-62.252,-2.131],[-62.294,-2.157],[-62.305,-2.144],[-62.336,-2.162],[-62.375,-2.201],[-62.462,-2.223],[-62.492,-2.244],[-62.514,-2.244],[-62.544,-2.272],[-62.64,-2.288],[-62.715,-2.277],[-62.759,-2.292],[-62.795,-2.321],[-62.854,-2.336],[-62.883,-2.395],[-62.903,-2.413],[-62.992,-2.43],[-63.039,-2.448],[-63.047,-2.483],[-63.075,-2.477],[-63.15,-2.493],[-63.234,-2.483],[-63.279,-2.436],[-63.305,-2.431],[-63.332,-2.463],[-63.369,-2.49],[-63.424,-2.47],[-63.441,-2.448],[-63.464,-2.389],[-63.49,-2.383],[-63.535,-2.389],[-63.58,-2.357],[-63.607,-2.363],[-63.65,-2.393],[-63.694,-2.378],[-63.749,-2.437],[-63.807,-2.438],[-63.832,-2.43],[-63.867,-2.445],[-63.906,-2.44],[-63.957,-2.447]]]}},{"type":"Feature","properties":{"code":"1303536"},"geometry":{"type":"Polygon","coordinates":[[[-59.082,-2.277],[-59.107,-2.242],[-59.182,-2.202],[-59.176,-2.18],[-59.143,-2.171],[-59.131,-2.111],[-59.113,-2.076],[-59.115,-2.031],[-59.129,-1.998],[-59.146,-2.002],[-59.192,-1.91],[-59.221,-1.902],[-59.255,-1.835],[-59.224,-1.828],[-59.213,-1.797],[-59.19,-1.783],[-59.197,-1.718],[-59.166,-1.663],[-59.136,-1.636],[-59.123,-1.605],[-59.142,-1.587],[-59.15,-1.524],[-59.169,-1.488],[-59.193,-1.479],[-59.262,-1.424],[-59.286,-1.446],[-59.298,-1.478],[-59.328,-1.484],[-59.337,-1.458],[-59.422,-1.449],[-59.449,-1.42],[-59.503,-1.447],[-59.52,-1.42],[-59.469,-1.339],[-59.446,-1.323],[-59.436,-1.28],[-59.402,-1.261],[-59.367,-1.268],[-59.373,-1.192],[-59.384,-1.174],[-59.373,-1.139],[-59.38,-1.112],[-59.607,-1.112],[-59.669,-1.066],[-59.672,-1.087],[-59.7,-1.105],[-59.718,-1.08],[-59.743,-1.077],[-59.801,-1.03],[-59.842,-0.97],[-59.841,-0.943],[-59.857,-0.911],[-59.926,-0.853],[-59.945,-0.855],[-59.977,-0.834],[-60.011,-0.793],[-60.035,-0.743],[-60.052,-0.659],[-60.026,-0.664],[-60.022,-0.622],[-60.033,-0.585],[-60.007,-0.572],[-59.962,-0.567],[-59.951,-0.517],[-59.891,-0.459],[-59.858,-0.45],[-59.829,-0.411],[-59.86,-0.367],[-59.846,-0.34],[-59.847,-0.289],[-59.835,-0.263],[-59.807,-0.253],[-59.811,-0.229],[-59.873,-0.163],[-59.916,-0.13],[-59.887,-0.105],[-59.868,-0.06],[-59.872,-0.028],[-59.898,0.018],[-59.925,0.036],[-59.944,0.015],[-59.932,-0.032],[-59.972,-0.033],[-60.005,-0.048],[-60.042,-0.041],[-60.089,-0.046],[-60.129,-0.079],[-60.19,-0.086],[-60.23,-0.12],[-60.224,-0.138],[-60.259,-0.173],[-60.294,-0.23],[-60.302,-0.271],[-60.292,-0.294],[-60.325,-0.333],[-60.325,-0.378],[-60.344,-0.396],[-60.347,-0.438],[-60.385,-0.464],[-60.4,-0.517],[-60.383,-0.554],[-60.379,-0.589],[-60.361,-0.597],[-60.31,-0.658],[-60.304,-0.7],[-60.347,-0.74],[-60.373,-0.731],[-60.426,-0.771],[-60.475,-0.762],[-60.498,-0.781],[-60.502,-0.84],[-60.536,-0.869],[-60.587,-0.843],[-60.619,-0.851],[-60.664,-0.881],[-60.685,-0.866],[-60.75,-0.855],[-60.764,-0.831],[-60.785,-0.864],[-60.783,-0.898],[-60.799,-0.986],[-60.794,-1.024],[-60.78,-1.031],[-60.759,-1.076],[-60.822,-1.09],[-60.825,-1.125],[-60.849,-1.163],[-60.855,-1.26],[-60.886,-1.264],[-60.904,-1.251],[-60.947,-1.278],[-60.963,-1.308],[-60.923,-1.315],[-60.89,-1.309],[-60.883,-1.333],[-60.845,-1.369],[-60.766,-1.359],[-60.731,-1.363],[-60.688,-1.351],[-60.649,-1.359],[-60.609,-1.38],[-60.559,-1.377],[-60.491,-1.361],[-60.509,-1.412],[-60.505,-1.458],[-60.572,-1.506],[-60.582,-1.605],[-60.611,-1.634],[-60.626,-1.691],[-60.616,-1.723],[-60.624,-1.744],[-60.617,-1.861],[-60.573,-1.914],[-60.554,-1.921],[-60.489,-1.92],[-60.472,-1.95],[-60.342,-1.952],[-60.296,-1.954],[-60.267,-1.986],[-60.218,-1.999],[-60.156,-2.03],[-60.149,-2.043],[-60.092,-2.059],[-60.055,-2.1],[-60.027,-2.098],[-59.992,-2.114],[-59.899,-2.134],[-59.803,-2.161],[-59.752,-2.215],[-59.715,-2.19],[-59.7,-2.167],[-59.713,-2.054],[-59.686,-2.044],[-59.669,-2.078],[-59.676,-2.108],[-59.626,-2.14],[-59.626,-2.163],[-59.568,-2.186],[-59.525,-2.242],[-59.505,-2.313],[-59.47,-2.309],[-59.446,-2.326],[-59.425,-2.371],[-59.388,-2.364],[-59.347,-2.371],[-59.306,-2.413],[-59.285,-2.45],[-59.3,-2.468],[-59.254,-2.479],[-59.27,-2.446],[-59.172,-2.386],[-59.105,-2.295],[-59.082,-2.277]]]}},{"type":"Feature","properties":{"code":"1303502"},"geometry":{"type":"Polygon","coordinates":[[[-69.213,-8.565],[-69.186,-8.577],[-69.132,-8.574],[-69.097,-8.552],[-69.066,-8.57],[-69.041,-8.553],[-69.022,-8.568],[-68.987,-8.528],[-68.962,-8.522],[-68.913,-8.444],[-68.911,-8.392],[-68.873,-8.357],[-68.86,-8.356],[-68.857,-8.28],[-68.873,-8.256],[-68.873,-8.218],[-68.862,-8.199],[-68.874,-8.169],[-68.85,-8.157],[-68.818,-8.16],[-68.793,-8.111],[-68.688,-8.07],[-68.634,-8.069],[-68.614,-8.084],[-68.533,-8.074],[-68.497,-8.05],[-68.48,-8.063],[-68.451,-8.052],[-68.405,-8.063],[-68.37,-8.082],[-68.341,-8.075],[-68.306,-8.095],[-68.256,-8.094],[-68.219,-8.081],[-68.18,-8.092],[-68.16,-8.14],[-68.122,-8.124],[-68.069,-8.143],[-67.979,-8.2],[-67.975,-8.229],[-67.945,-8.247],[-67.947,-8.264],[-67.914,-8.31],[-67.909,-8.342],[-67.868,-8.374],[-67.843,-8.369],[-67.821,-8.384],[-67.789,-8.387],[-67.751,-8.431],[-67.702,-8.438],[-67.659,-8.462],[-67.662,-8.482],[-67.61,-8.489],[-67.583,-8.537],[-67.539,-8.547],[-67.507,-8.577],[-67.475,-8.567],[-67.459,-8.546],[-67.421,-8.537],[-67.412,-8.503],[-67.058,-8.503],[-66.952,-8.471],[-66.909,-8.39],[-66.939,-8.303],[-66.908,-8.238],[-66.859,-8.191],[-66.887,-8.134],[-66.862,-8.08],[-66.867,-8.044],[-66.883,-8.023],[-66.866,-7.938],[-66.816,-7.869],[-66.813,-7.839],[-66.833,-7.825],[-66.789,-7.79],[-66.762,-7.784],[-66.715,-7.736],[-66.71,-7.703],[-66.626,-7.675],[-66.63,-7.651],[-66.607,-7.641],[-66.575,-7.646],[-66.535,-7.601],[-66.503,-7.601],[-66.467,-7.566],[-66.406,-7.573],[-66.372,-7.56],[-66.364,-7.541],[-66.382,-7.486],[-66.411,-7.482],[-66.426,-7.5],[-66.487,-7.515],[-66.544,-7.489],[-66.562,-7.495],[-66.609,-7.489],[-66.617,-7.472],[-66.675,-7.446],[-66.718,-7.392],[-66.722,-7.372],[-66.753,-7.351],[-66.785,-7.345],[-66.797,-7.32],[-66.873,-7.283],[-66.881,-7.268],[-66.938,-7.253],[-66.958,-7.223],[-66.942,-7.192],[-66.963,-7.133],[-66.998,-7.115],[-67.024,-7.09],[-67.034,-7.046],[-67.072,-7.008],[-67.126,-7.024],[-67.14,-7.051],[-67.208,-7.059],[-67.266,-7.089],[-67.322,-7.141],[-67.35,-7.181],[-67.338,-7.266],[-67.348,-7.277],[-67.402,-7.29],[-67.452,-7.283],[-67.475,-7.255],[-67.511,-7.254],[-67.504,-7.289],[-67.524,-7.323],[-67.567,-7.351],[-67.576,-7.377],[-67.617,-7.404],[-67.646,-7.38],[-67.669,-7.336],[-67.697,-7.332],[-67.696,-7.304],[-67.711,-7.267],[-67.733,-7.257],[-67.769,-7.262],[-67.838,-7.251],[-67.888,-7.272],[-67.882,-7.237],[-67.89,-7.185],[-67.906,-7.164],[-67.981,-7.146],[-67.999,-7.152],[-68.049,-7.117],[-68.088,-7.148],[-68.146,-7.157],[-68.164,-7.17],[-68.182,-7.143],[-68.219,-7.146],[-68.268,-7.173],[-68.317,-7.16],[-68.365,-7.179],[-68.432,-7.171],[-68.468,-7.142],[-68.493,-7.186],[-68.479,-7.219],[-68.507,-7.25],[-68.582,-7.184],[-68.6,-7.144],[-68.654,-7.103],[-68.708,-7.106],[-68.72,-7.124],[-68.804,-7.093],[-68.827,-7.111],[-68.875,-7.101],[-68.95,-7.074],[-68.968,-7.096],[-68.996,-7.075],[-69.032,-7.077],[-69.068,-7.034],[-69.124,-7.024],[-69.12,-6.988],[-69.134,-6.959],[-69.167,-6.953],[-69.289,-7.012],[-69.365,-7.013],[-69.391,-7.026],[-69.414,-7.071],[-69.437,-7.09],[-69.486,-7.107],[-69.483,-7.129],[-69.451,-7.162],[-69.482,-7.179],[-69.49,-7.21],[-69.472,-7.255],[-69.493,-7.273],[-69.483,-7.334],[-69.5,-7.352],[-69.508,-7.416],[-69.532,-7.43],[-69.527,-7.482],[-69.565,-7.545],[-69.555,-7.574],[-69.581,-7.603],[-69.6,-7.608],[-69.571,-7.652],[-69.616,-7.715],[-69.615,-7.741],[-69.64,-7.749],[-69.685,-7.787],[-69.763,-7.839],[-69.767,-7.865],[-69.797,-7.87],[-69.786,-7.903],[-69.799,-7.947],[-69.799,-7.987],[-69.788,-8.008],[-69.803,-8.032],[-69.802,-8.061],[-69.444,-8.367],[-69.213,-8.565]]]}},{"type":"Feature","properties":{"code":"1303601"},"geometry":{"type":"Polygon","coordinates":[[[-66.0,-1.414],[-65.957,-1.414],[-65.918,-1.403],[-65.886,-1.423],[-65.876,-1.452],[-65.85,-1.462],[-65.818,-1.448],[-65.78,-1.481],[-65.731,-1.466],[-65.692,-1.496],[-65.67,-1.545],[-65.668,-1.582],[-65.65,-1.607],[-65.648,-1.645],[-65.617,-1.658],[-65.526,-1.673],[-65.519,-1.694],[-65.535,-1.751],[-65.528,-1.774],[-65.483,-1.792],[-65.468,-1.743],[-65.418,-1.733],[-65.356,-1.769],[-65.338,-1.77],[-65.358,-1.714],[-65.373,-1.708],[-65.38,-1.671],[-65.359,-1.651],[-65.356,-1.621],[-65.325,-1.579],[-65.298,-1.506],[-65.272,-1.48],[-65.254,-1.492],[-65.208,-1.48],[-65.188,-1.464],[-65.123,-1.451],[-65.088,-1.458],[-65.058,-1.42],[-65.045,-1.383],[-65.076,-1.36],[-65.06,-1.25],[-65.037,-1.2],[-65.013,-1.171],[-64.969,-1.146],[-64.975,-1.075],[-64.954,-1.037],[-64.955,-1.019],[-64.917,-1.015],[-64.893,-1.027],[-64.86,-0.966],[-64.862,-0.936],[-64.84,-0.906],[-64.846,-0.854],[-64.834,-0.823],[-64.794,-0.787],[-64.798,-0.696],[-64.814,-0.665],[-64.808,-0.609],[-64.824,-0.59],[-64.808,-0.569],[-64.831,-0.519],[-64.807,-0.483],[-64.763,-0.458],[-64.709,-0.453],[-64.656,-0.424],[-64.607,-0.427],[-64.536,-0.393],[-64.5,-0.385],[-64.478,-0.391],[-64.449,-0.36],[-64.423,-0.348],[-64.339,-0.336],[-64.234,-0.342],[-64.186,-0.329],[-64.144,-0.302],[-64.115,-0.297],[-64.073,-0.255],[-64.086,-0.236],[-64.079,-0.191],[-64.114,-0.163],[-64.108,-0.141],[-64.078,-0.141],[-64.015,-0.07],[-64.017,-0.042],[-63.986,-0.001],[-63.989,0.063],[-63.983,0.115],[-63.966,0.124],[-63.972,0.166],[-63.996,0.239],[-64.015,0.261],[-64.025,0.314],[-64.006,0.331],[-64.039,0.37],[-64.05,0.406],[-64.047,0.458],[-64.073,0.525],[-64.07,0.559],[-64.1,0.58],[-64.123,0.617],[-64.151,0.631],[-64.159,0.66],[-64.186,0.662],[-64.241,0.681],[-64.243,0.714],[-64.275,0.71],[-64.309,0.723],[-64.394,0.778],[-64.397,0.797],[-64.432,0.803],[-64.46,0.866],[-64.494,0.878],[-64.508,0.897],[-64.543,0.904],[-64.569,0.933],[-64.585,0.976],[-64.609,0.996],[-64.617,1.027],[-64.695,1.033],[-64.768,1.1],[-64.78,1.121],[-64.818,1.15],[-64.834,1.179],[-64.864,1.198],[-64.82,1.295],[-64.843,1.279],[-64.865,1.229],[-64.904,1.251],[-64.915,1.222],[-64.947,1.222],[-64.974,1.191],[-64.968,1.178],[-64.992,1.138],[-65.022,1.107],[-65.066,1.117],[-65.06,1.139],[-65.106,1.155],[-65.152,1.109],[-65.156,1.06],[-65.175,1.016],[-65.162,0.981],[-65.174,0.941],[-65.198,0.913],[-65.233,0.928],[-65.25,0.917],[-65.304,0.941],[-65.332,0.923],[-65.356,0.865],[-65.396,0.841],[-65.404,0.805],[-65.4,0.751],[-65.424,0.73],[-65.446,0.688],[-65.484,0.685],[-65.506,0.668],[-65.53,0.668],[-65.543,0.647],[-65.571,0.681],[-65.591,0.722],[-65.575,0.763],[-65.552,0.774],[-65.526,0.827],[-65.505,0.835],[-65.497,0.874],[-65.512,0.895],[-65.543,0.97],[-65.613,1.011],[-65.677,1.001],[-65.743,1.001],[-65.77,0.961],[-65.821,0.956],[-65.838,0.942],[-65.887,0.934],[-65.89,0.907],[-65.942,0.887],[-65.958,0.842],[-66.014,0.804],[-66.034,0.816],[-66.067,0.806],[-66.077,0.762],[-66.108,0.765],[-66.146,0.748],[-66.186,0.781],[-66.204,0.78],[-66.311,0.745],[-66.319,0.752],[-66.305,0.729],[-66.257,0.713],[-66.227,0.678],[-66.202,0.673],[-66.139,0.629],[-66.122,0.6],[-66.123,0.569],[-66.163,0.555],[-66.27,0.497],[-66.309,0.451],[-66.311,0.419],[-66.292,0.347],[-66.312,0.334],[-66.325,0.297],[-66.346,0.269],[-66.369,0.267],[-66.41,0.222],[-66.377,0.168],[-66.339,0.165],[-66.33,0.147],[-66.271,0.125],[-66.245,0.105],[-66.189,0.111],[-66.159,0.082],[-66.136,0.046],[-66.115,0.033],[-66.11,-0.018],[-66.123,-0.065],[-66.082,-0.085],[-66.117,-0.115],[-66.057,-0.2],[-66.046,-0.246],[-66.003,-0.237],[-65.997,-0.206],[-65.975,-0.183],[-65.956,-0.197],[-65.922,-0.189],[-65.902,-0.214],[-65.883,-0.26],[-65.883,-0.307],[-65.939,-0.331],[-65.99,-0.328],[-66.027,-0.357],[-66.062,-0.355],[-66.088,-0.37],[-66.097,-0.411],[-66.118,-0.427],[-66.128,-0.469],[-66.189,-0.483],[-66.268,-0.488],[-66.282,-0.532],[-66.328,-0.575],[-66.386,-0.598],[-66.411,-0.6],[-66.456,-0.559],[-66.484,-0.557],[-66.525,-0.594],[-66.572,-0.609],[-66.576,-0.633],[-66.555,-0.657],[-66.577,-0.703],[-66.614,-0.745],[-66.652,-0.747],[-66.701,-0.78],[-66.731,-0.808],[-66.697,-0.827],[-66.737,-0.893],[-66.742,-0.952],[-66.767,-0.99],[-66.799,-0.988],[-66.838,-0.971],[-66.879,-0.974],[-66.902,-0.995],[-66.928,-1.073],[-66.915,-1.123],[-66.95,-1.149],[-67.02,-1.166],[-67.076,-1.139],[-67.128,-1.136],[-67.197,-1.193],[-67.228,-1.255],[-67.284,-1.299],[-67.322,-1.306],[-67.356,-1.291],[-67.391,-1.288],[-67.478,-1.335],[-67.499,-1.357],[-67.52,-1.433],[-67.549,-1.458],[-67.598,-1.465],[-67.661,-1.494],[-67.642,-1.536],[-67.6,-1.563],[-67.588,-1.586],[-67.584,-1.635],[-67.531,-1.634],[-67.508,-1.664],[-67.43,-1.646],[-67.391,-1.669],[-67.373,-1.634],[-67.313,-1.614],[-67.294,-1.598],[-67.266,-1.597],[-67.243,-1.613],[-67.188,-1.595],[-67.14,-1.597],[-67.123,-1.587],[-67.057,-1.592],[-67.038,-1.609],[-66.971,-1.602],[-66.942,-1.612],[-66.886,-1.603],[-66.76,-1.605],[-66.741,-1.619],[-66.668,-1.613],[-66.637,-1.584],[-66.615,-1.579],[-66.545,-1.535],[-66.513,-1.536],[-66.465,-1.487],[-66.443,-1.48],[-66.413,-1.449],[-66.346,-1.503],[-66.349,-1.541],[-66.328,-1.561],[-66.261,-1.524],[-66.249,-1.502],[-66.16,-1.443],[-66.081,-1.423],[-66.0,-1.414]]]}},{"type":"Feature","properties":{"code":"1303569"},"geometry":{"type":"Polygon","coordinates":[[[-59.992,-2.114],[-60.028,-2.242],[-60.039,-2.262],[-60.048,-2.329],[-60.025,-2.448],[-60.038,-2.519],[-60.035,-2.55],[-59.998,-2.554],[-59.939,-2.571],[-59.944,-2.619],[-59.913,-2.615],[-59.906,-2.654],[-59.874,-2.683],[-59.876,-2.722],[-59.83,-2.738],[-59.832,-2.771],[-59.818,-2.81],[-59.781,-2.829],[-59.76,-2.819],[-59.739,-2.86],[-59.717,-2.88],[-59.736,-2.899],[-59.706,-2.939],[-59.669,-2.939],[-59.635,-2.962],[-59.542,-2.958],[-59.507,-2.964],[-59.5,-2.981],[-59.486,-2.964],[-59.431,-2.927],[-59.407,-2.878],[-59.38,-2.868],[-59.361,-2.88],[-59.356,-2.823],[-59.307,-2.762],[-59.268,-2.739],[-59.229,-2.697],[-59.228,-2.649],[-59.189,-2.597],[-59.2,-2.563],[-59.174,-2.551],[-59.156,-2.518],[-59.171,-2.483],[-59.193,-2.472],[-59.249,-2.47],[-59.254,-2.479],[-59.3,-2.468],[-59.285,-2.45],[-59.306,-2.413],[-59.347,-2.371],[-59.388,-2.364],[-59.425,-2.371],[-59.446,-2.326],[-59.47,-2.309],[-59.505,-2.313],[-59.525,-2.242],[-59.568,-2.186],[-59.626,-2.163],[-59.626,-2.14],[-59.676,-2.108],[-59.669,-2.078],[-59.686,-2.044],[-59.713,-2.054],[-59.7,-2.167],[-59.715,-2.19],[-59.752,-2.215],[-59.803,-2.161],[-59.899,-2.134],[-59.992,-2.114]]]}},{"type":"Feature","properties":{"code":"1303403"},"geometry":{"type":"Polygon","coordinates":[[[-57.45,-2.597],[-57.374,-2.644],[-57.303,-2.633],[-57.266,-2.675],[-57.225,-2.694],[-57.197,-2.681],[-57.182,-2.719],[-57.139,-2.716],[-57.094,-2.729],[-57.035,-2.711],[-57.022,-2.691],[-56.939,-2.667],[-56.914,-2.678],[-56.926,-2.729],[-56.947,-2.75],[-56.894,-2.775],[-56.84,-2.743],[-56.821,-2.764],[-56.801,-2.736],[-56.763,-2.726],[-56.807,-2.779],[-56.825,-2.824],[-56.851,-2.844],[-56.834,-2.87],[-56.857,-2.917],[-56.92,-2.897],[-56.955,-2.904],[-57.021,-2.933],[-57.015,-2.947],[-57.028,-3.006],[-56.995,-3.04],[-57.002,-3.089],[-57.02,-3.132],[-57.05,-3.176],[-57.031,-3.256],[-56.976,-3.264],[-56.95,-3.281],[-56.932,-3.272],[-56.913,-3.302],[-56.866,-3.297],[-56.81,-3.333],[-56.768,-3.243],[-56.61,-2.896],[-56.426,-2.502],[-56.402,-2.457],[-56.461,-2.434],[-56.464,-2.421],[-56.426,-2.369],[-56.411,-2.317],[-56.391,-2.276],[-56.448,-2.28],[-56.469,-2.26],[-56.514,-2.242],[-56.537,-2.258],[-56.537,-2.288],[-56.596,-2.325],[-56.622,-2.32],[-56.647,-2.359],[-56.679,-2.385],[-56.717,-2.373],[-56.78,-2.386],[-56.773,-2.421],[-56.825,-2.407],[-56.862,-2.423],[-56.927,-2.409],[-56.935,-2.388],[-56.968,-2.381],[-57.039,-2.378],[-57.054,-2.36],[-57.107,-2.333],[-57.167,-2.331],[-57.219,-2.392],[-57.265,-2.349],[-57.409,-2.381],[-57.346,-2.424],[-57.33,-2.457],[-57.289,-2.489],[-57.45,-2.597]]]}},{"type":"Feature","properties":{"code":"1304237"},"geometry":{"type":"Polygon","coordinates":[[[-68.7,-2.731],[-68.688,-2.771],[-68.65,-2.786],[-68.624,-2.815],[-68.573,-2.848],[-68.525,-2.835],[-68.473,-2.85],[-68.426,-2.843],[-68.377,-2.861],[-68.306,-2.901],[-68.264,-2.891],[-68.25,-2.9],[-68.236,-2.946],[-68.175,-2.97],[-68.141,-2.962],[-68.134,-2.946],[-68.058,-2.982],[-68.043,-2.969],[-67.754,-2.969],[-67.743,-2.934],[-67.711,-2.904],[-67.662,-2.895],[-67.615,-2.94],[-67.58,-2.918],[-67.575,-2.892],[-67.534,-2.89],[-67.507,-2.875],[-67.464,-2.867],[-67.436,-2.89],[-67.336,-2.862],[-67.29,-2.881],[-67.29,-2.55],[-67.253,-2.57],[-67.224,-2.599],[-67.202,-2.597],[-67.213,-2.564],[-67.215,-2.522],[-67.246,-2.476],[-67.195,-2.41],[-67.17,-2.393],[-67.22,-2.316],[-67.275,-2.301],[-67.242,-2.265],[-67.246,-2.237],[-67.279,-2.24],[-67.292,-2.221],[-67.341,-2.222],[-67.347,-2.266],[-67.387,-2.283],[-67.467,-2.339],[-67.539,-2.363],[-67.557,-2.393],[-67.561,-2.454],[-67.631,-2.492],[-67.638,-2.545],[-67.666,-2.582],[-67.694,-2.585],[-67.743,-2.63],[-67.733,-2.66],[-67.763,-2.71],[-67.808,-2.713],[-67.828,-2.731],[-67.889,-2.69],[-67.932,-2.689],[-68.009,-2.667],[-68.055,-2.618],[-68.068,-2.59],[-68.059,-2.553],[-68.1,-2.544],[-68.172,-2.55],[-68.189,-2.57],[-68.215,-2.565],[-68.244,-2.542],[-68.268,-2.551],[-68.307,-2.542],[-68.326,-2.556],[-68.346,-2.614],[-68.376,-2.608],[-68.421,-2.614],[-68.484,-2.593],[-68.507,-2.598],[-68.528,-2.628],[-68.57,-2.651],[-68.625,-2.658],[-68.664,-2.724],[-68.7,-2.731]]]}},{"type":"Feature","properties":{"code":"1301605"},"geometry":{"type":"Polygon","coordinates":[[[-67.202,-2.597],[-67.174,-2.596],[-67.128,-2.62],[-67.077,-2.604],[-67.036,-2.621],[-67.025,-2.656],[-67.062,-2.741],[-67.046,-2.771],[-66.959,-2.771],[-66.936,-2.757],[-66.897,-2.659],[-66.873,-2.642],[-66.84,-2.652],[-66.779,-2.713],[-66.739,-2.724],[-66.654,-2.676],[-66.609,-2.633],[-66.601,-2.601],[-66.62,-2.538],[-66.617,-2.505],[-66.651,-2.426],[-66.626,-2.376],[-66.605,-2.373],[-66.559,-2.398],[-66.523,-2.4],[-66.431,-2.387],[-66.405,-2.401],[-66.395,-2.425],[-66.404,-2.501],[-66.386,-2.539],[-66.364,-2.561],[-66.338,-2.562],[-66.338,-2.602],[-66.375,-2.635],[-66.34,-2.679],[-66.313,-2.676],[-66.292,-2.698],[-66.355,-2.721],[-66.39,-2.715],[-66.42,-2.693],[-66.46,-2.686],[-66.484,-2.728],[-66.515,-2.739],[-66.569,-2.778],[-66.6,-2.784],[-66.602,-2.808],[-66.569,-2.883],[-66.612,-2.909],[-66.622,-2.945],[-66.596,-2.978],[-66.589,-3.004],[-66.618,-3.052],[-66.592,-3.115],[-66.598,-3.141],[-66.537,-3.149],[-66.484,-3.147],[-66.459,-3.131],[-66.368,-3.139],[-66.335,-3.159],[-66.306,-3.157],[-66.295,-3.138],[-66.247,-3.123],[-66.241,-3.094],[-66.215,-3.071],[-66.207,-3.001],[-66.192,-2.986],[-66.189,-2.953],[-66.125,-2.885],[-66.117,-2.851],[-66.1,-2.842],[-66.079,-2.797],[-66.053,-2.725],[-66.023,-2.713],[-66.018,-2.693],[-65.984,-2.67],[-65.96,-2.616],[-65.925,-2.604],[-65.881,-2.616],[-65.832,-2.606],[-65.811,-2.589],[-65.796,-2.615],[-65.764,-2.618],[-65.82,-2.532],[-65.82,-2.501],[-65.773,-2.481],[-65.72,-2.533],[-65.72,-2.619],[-65.666,-2.656],[-65.602,-2.657],[-65.551,-2.627],[-65.483,-2.527],[-65.438,-2.513],[-65.413,-2.457],[-65.387,-2.428],[-65.386,-2.384],[-65.359,-2.363],[-65.326,-2.36],[-65.253,-2.385],[-65.273,-2.37],[-65.28,-2.319],[-65.328,-2.352],[-65.371,-2.332],[-65.371,-2.354],[-65.415,-2.352],[-65.428,-2.393],[-65.474,-2.397],[-65.473,-2.361],[-65.459,-2.329],[-65.515,-2.321],[-65.517,-2.346],[-65.487,-2.361],[-65.52,-2.387],[-65.54,-2.359],[-65.559,-2.36],[-65.588,-2.384],[-65.616,-2.36],[-65.595,-2.316],[-65.601,-2.281],[-65.585,-2.258],[-65.617,-2.238],[-65.65,-2.25],[-65.666,-2.276],[-65.699,-2.26],[-65.732,-2.264],[-65.801,-2.253],[-65.855,-2.252],[-65.868,-2.295],[-65.898,-2.305],[-65.905,-2.26],[-65.937,-2.257],[-65.947,-2.232],[-65.959,-2.161],[-66.0,-2.142],[-66.018,-2.142],[-66.04,-2.087],[-66.055,-2.075],[-66.137,-2.075],[-66.18,-2.041],[-66.162,-2.02],[-66.172,-1.986],[-66.257,-2.025],[-66.305,-2.022],[-66.358,-2.042],[-66.41,-1.988],[-66.466,-1.955],[-66.501,-1.976],[-66.532,-2.046],[-66.564,-2.1],[-66.6,-2.115],[-66.63,-2.145],[-66.676,-2.147],[-66.744,-2.161],[-66.783,-2.202],[-66.823,-2.202],[-66.865,-2.22],[-66.881,-2.216],[-66.965,-2.251],[-67.035,-2.252],[-67.057,-2.267],[-67.143,-2.243],[-67.191,-2.256],[-67.237,-2.195],[-67.292,-2.173],[-67.322,-2.188],[-67.341,-2.222],[-67.292,-2.221],[-67.279,-2.24],[-67.246,-2.237],[-67.242,-2.265],[-67.275,-2.301],[-67.22,-2.316],[-67.17,-2.393],[-67.195,-2.41],[-67.246,-2.476],[-67.215,-2.522],[-67.213,-2.564],[-67.202,-2.597]]]}},{"type":"Feature","properties":{"code":"1302306"},"geometry":{"type":"Polygon","coordinates":[[[-70.551,-6.513],[-70.53,-6.551],[-70.504,-6.552],[-70.496,-6.572],[-70.459,-6.558],[-70.408,-6.575],[-70.393,-6.602],[-70.362,-6.601],[-70.346,-6.636],[-70.287,-6.606],[-70.261,-6.585],[-70.229,-6.602],[-70.206,-6.593],[-70.153,-6.606],[-70.126,-6.624],[-70.078,-6.592],[-70.038,-6.558],[-69.972,-6.571],[-69.88,-6.533],[-69.84,-6.537],[-69.776,-6.477],[-69.786,-6.46],[-69.77,-6.428],[-69.72,-6.413],[-69.686,-6.425],[-69.645,-6.411],[-69.597,-6.428],[-69.576,-6.445],[-69.515,-6.442],[-69.466,-6.378],[-69.444,-6.382],[-69.423,-6.344],[-69.384,-6.351],[-69.349,-6.343],[-69.327,-6.359],[-69.307,-6.319],[-69.269,-6.287],[-69.233,-6.308],[-69.249,-6.337],[-69.219,-6.372],[-69.19,-6.39],[-69.15,-6.382],[-69.077,-6.349],[-69.044,-6.343],[-69.021,-6.365],[-68.991,-6.352],[-68.967,-6.374],[-68.915,-6.368],[-68.844,-6.421],[-68.82,-6.413],[-68.808,-6.388],[-68.779,-6.388],[-68.729,-6.425],[-68.709,-6.403],[-68.665,-6.402],[-68.661,-6.377],[-68.678,-6.358],[-68.662,-6.285],[-68.612,-6.264],[-68.609,-6.236],[-68.57,-6.202],[-68.544,-6.191],[-68.502,-6.189],[-68.493,-6.174],[-68.428,-6.158],[-68.383,-6.109],[-68.349,-6.091],[-68.316,-6.057],[-68.305,-6.032],[-68.3,-5.995],[-68.312,-5.979],[-68.304,-5.942],[-68.287,-5.915],[-68.267,-5.909],[-68.238,-5.926],[-68.212,-5.885],[-68.225,-5.813],[-68.242,-5.779],[-68.245,-5.725],[-68.219,-5.713],[-68.275,-5.658],[-68.274,-5.611],[-68.244,-5.618],[-68.229,-5.584],[-68.27,-5.543],[-68.261,-5.488],[-68.228,-5.468],[-68.211,-5.411],[-68.226,-5.368],[-68.183,-5.27],[-68.203,-5.245],[-68.176,-5.196],[-68.138,-5.112],[-68.098,-5.07],[-68.085,-5.041],[-68.058,-5.036],[-68.033,-5.015],[-68.039,-4.978],[-67.999,-4.939],[-68.007,-4.911],[-67.987,-4.888],[-68.009,-4.854],[-67.995,-4.828],[-67.998,-4.784],[-67.979,-4.759],[-67.93,-4.795],[-67.913,-4.775],[-67.874,-4.781],[-67.859,-4.763],[-67.85,-4.712],[-67.796,-4.657],[-67.748,-4.653],[-67.725,-4.606],[-67.685,-4.581],[-67.648,-4.571],[-67.602,-4.589],[-67.577,-4.544],[-67.542,-4.537],[-67.506,-4.54],[-67.478,-4.512],[-67.43,-4.506],[-67.4,-4.519],[-67.362,-4.551],[-67.35,-4.522],[-67.32,-4.526],[-67.301,-4.505],[-67.298,-4.477],[-67.266,-4.452],[-67.234,-4.476],[-67.208,-4.475],[-67.147,-4.493],[-67.127,-4.482],[-67.063,-4.489],[-67.024,-4.511],[-66.9,-4.481],[-66.887,-4.426],[-66.892,-4.368],[-66.92,-4.331],[-66.934,-4.287],[-66.915,-4.231],[-66.937,-4.208],[-66.976,-4.189],[-67.0,-4.188],[-67.037,-4.144],[-67.06,-4.127],[-67.087,-4.047],[-67.123,-4.037],[-67.156,-4.008],[-67.184,-3.935],[-67.198,-3.922],[-67.187,-3.881],[-67.134,-3.933],[-67.043,-3.965],[-67.0,-3.988],[-66.98,-3.954],[-67.011,-3.885],[-66.99,-3.855],[-66.971,-3.866],[-66.971,-3.797],[-66.984,-3.742],[-67.001,-3.718],[-66.977,-3.681],[-66.945,-3.661],[-66.912,-3.582],[-66.942,-3.574],[-66.973,-3.551],[-67.008,-3.547],[-67.036,-3.53],[-67.037,-3.46],[-67.027,-3.429],[-67.042,-3.417],[-66.99,-3.359],[-67.001,-3.33],[-66.974,-3.325],[-66.963,-3.303],[-66.924,-3.267],[-66.927,-3.208],[-66.907,-3.163],[-66.855,-3.135],[-66.798,-3.143],[-66.776,-3.168],[-66.733,-3.156],[-66.689,-3.16],[-66.644,-3.143],[-66.598,-3.141],[-66.592,-3.115],[-66.618,-3.052],[-66.589,-3.004],[-66.596,-2.978],[-66.622,-2.945],[-66.612,-2.909],[-66.569,-2.883],[-66.602,-2.808],[-66.6,-2.784],[-66.569,-2.778],[-66.515,-2.739],[-66.484,-2.728],[-66.46,-2.686],[-66.42,-2.693],[-66.39,-2.715],[-66.355,-2.721],[-66.292,-2.698],[-66.313,-2.676],[-66.34,-2.679],[-66.375,-2.635],[-66.338,-2.602],[-66.338,-2.562],[-66.364,-2.561],[-66.386,-2.539],[-66.404,-2.501],[-66.395,-2.425],[-66.405,-2.401],[-66.431,-2.387],[-66.523,-2.4],[-66.559,-2.398],[-66.605,-2.373],[-66.626,-2.376],[-66.651,-2.426],[-66.617,-2.505],[-66.62,-2.538],[-66.601,-2.601],[-66.609,-2.633],[-66.654,-2.676],[-66.739,-2.724],[-66.779,-2.713],[-66.84,-2.652],[-66.873,-2.642],[-66.897,-2.659],[-66.936,-2.757],[-66.959,-2.771],[-67.046,-2.771],[-67.062,-2.741],[-67.025,-2.656],[-67.036,-2.621],[-67.077,-2.604],[-67.128,-2.62],[-67.174,-2.596],[-67.202,-2.597],[-67.224,-2.599],[-67.253,-2.57],[-67.29,-2.55],[-67.29,-2.881],[-67.336,-2.862],[-67.436,-2.89],[-67.464,-2.867],[-67.507,-2.875],[-67.534,-2.89],[-67.575,-2.892],[-67.58,-2.918],[-67.615,-2.94],[-67.662,-2.895],[-67.711,-2.904],[-67.743,-2.934],[-67.754,-2.969],[-67.777,-2.996],[-67.768,-3.023],[-67.786,-3.063],[-67.748,-3.085],[-67.766,-3.116],[-67.789,-3.126],[-67.823,-3.191],[-67.859,-3.237],[-67.833,-3.271],[-67.83,-3.316],[-67.854,-3.358],[-67.847,-3.385],[-67.868,-3.396],[-67.926,-3.392],[-67.945,-3.424],[-67.967,-3.428],[-68.047,-3.413],[-68.073,-3.432],[-68.013,-3.464],[-68.034,-3.502],[-68.055,-3.519],[-68.037,-3.55],[-68.002,-3.57],[-68.031,-3.61],[-68.026,-3.66],[-68.041,-3.707],[-68.035,-3.735],[-68.05,-3.748],[-68.084,-3.749],[-68.1,-3.765],[-68.167,-3.77],[-68.191,-3.76],[-68.213,-3.719],[-68.262,-3.697],[-68.326,-3.719],[-68.382,-3.725],[-68.406,-3.767],[-68.448,-3.772],[-68.511,-3.717],[-68.514,-3.701],[-68.563,-3.659],[-68.597,-3.659],[-68.609,-3.678],[-68.678,-3.716],[-68.733,-3.698],[-68.758,-3.704],[-68.765,-3.739],[-68.792,-3.756],[-68.819,-3.757],[-68.81,-3.832],[-68.825,-3.841],[-68.827,-3.895],[-68.814,-3.921],[-68.816,-3.967],[-68.832,-4.021],[-68.871,-4.08],[-68.904,-4.112],[-68.927,-4.18],[-68.92,-4.206],[-68.95,-4.255],[-68.942,-4.286],[-68.954,-4.324],[-69.003,-4.341],[-69.001,-4.378],[-69.019,-4.387],[-69.005,-4.431],[-68.985,-4.438],[-68.973,-4.475],[-68.985,-4.534],[-69.044,-4.543],[-69.065,-4.59],[-69.09,-4.625],[-69.104,-4.689],[-69.127,-4.72],[-69.143,-4.719],[-69.166,-4.776],[-69.207,-4.784],[-69.211,-4.807],[-69.263,-4.801],[-69.278,-4.829],[-69.266,-4.856],[-69.281,-4.88],[-69.306,-4.887],[-69.32,-4.914],[-69.322,-4.954],[-69.365,-4.986],[-69.406,-4.988],[-69.389,-5.043],[-69.473,-5.113],[-69.463,-5.127],[-69.495,-5.153],[-69.494,-5.193],[-69.504,-5.213],[-69.541,-5.23],[-69.565,-5.229],[-69.593,-5.203],[-69.62,-5.204],[-69.651,-5.236],[-69.682,-5.254],[-69.771,-5.285],[-69.786,-5.333],[-69.899,-5.348],[-69.919,-5.371],[-69.891,-5.406],[-69.872,-5.449],[-69.864,-5.489],[-69.884,-5.521],[-69.893,-5.57],[-69.918,-5.654],[-69.9,-5.71],[-69.916,-5.735],[-69.907,-5.757],[-69.959,-5.771],[-69.988,-5.808],[-69.999,-5.843],[-69.998,-5.881],[-70.02,-5.917],[-70.008,-5.942],[-70.041,-6.011],[-70.063,-6.017],[-70.105,-6.05],[-70.115,-6.139],[-70.137,-6.16],[-70.141,-6.185],[-70.246,-6.263],[-70.281,-6.264],[-70.288,-6.284],[-70.326,-6.302],[-70.349,-6.296],[-70.373,-6.301],[-70.382,-6.341],[-70.414,-6.377],[-70.491,-6.4],[-70.525,-6.496],[-70.551,-6.513]]]}},{"type":"Feature","properties":{"code":"1302108"},"geometry":{"type":"Polygon","coordinates":[[[-69.61,-2.419],[-69.578,-2.42],[-69.548,-2.388],[-69.527,-2.417],[-69.489,-2.443],[-69.459,-2.437],[-69.419,-2.477],[-69.422,-2.513],[-69.397,-2.538],[-69.345,-2.549],[-69.301,-2.61],[-69.225,-2.596],[-69.208,-2.605],[-69.178,-2.663],[-69.197,-2.686],[-69.17,-2.722],[-69.105,-2.745],[-69.12,-2.776],[-69.081,-2.794],[-69.061,-2.826],[-69.009,-2.759],[-68.968,-2.812],[-68.938,-2.814],[-68.885,-2.795],[-68.844,-2.8],[-68.824,-2.778],[-68.783,-2.775],[-68.712,-2.744],[-68.7,-2.731],[-68.664,-2.724],[-68.625,-2.658],[-68.57,-2.651],[-68.528,-2.628],[-68.507,-2.598],[-68.484,-2.593],[-68.421,-2.614],[-68.376,-2.608],[-68.346,-2.614],[-68.326,-2.556],[-68.307,-2.542],[-68.268,-2.551],[-68.244,-2.542],[-68.215,-2.565],[-68.189,-2.57],[-68.172,-2.55],[-68.1,-2.544],[-68.059,-2.553],[-68.068,-2.59],[-68.055,-2.618],[-68.009,-2.667],[-67.932,-2.689],[-67.889,-2.69],[-67.828,-2.731],[-67.808,-2.713],[-67.763,-2.71],[-67.733,-2.66],[-67.743,-2.63],[-67.694,-2.585],[-67.666,-2.582],[-67.638,-2.545],[-67.631,-2.492],[-67.561,-2.454],[-67.557,-2.393],[-67.539,-2.363],[-67.467,-2.339],[-67.387,-2.283],[-67.347,-2.266],[-67.341,-2.222],[-67.322,-2.188],[-67.292,-2.173],[-67.237,-2.195],[-67.191,-2.256],[-67.143,-2.243],[-67.057,-2.267],[-67.035,-2.252],[-66.965,-2.251],[-66.881,-2.216],[-66.865,-2.22],[-66.823,-2.202],[-66.783,-2.202],[-66.744,-2.161],[-66.676,-2.147],[-66.63,-2.145],[-66.6,-2.115],[-66.564,-2.1],[-66.532,-2.046],[-66.501,-1.976],[-66.466,-1.955],[-66.41,-1.988],[-66.358,-2.042],[-66.305,-2.022],[-66.257,-2.025],[-66.172,-1.986],[-66.162,-2.02],[-66.18,-2.041],[-66.137,-2.075],[-66.055,-2.075],[-66.04,-2.087],[-66.018,-2.142],[-66.0,-2.142],[-66.0,-1.703],[-66.0,-1.414],[-66.081,-1.423],[-66.16,-1.443],[-66.249,-1.502],[-66.261,-1.524],[-66.328,-1.561],[-66.349,-1.541],[-66.346,-1.503],[-66.413,-1.449],[-66.443,-1.48],[-66.465,-1.487],[-66.513,-1.536],[-66.545,-1.535],[-66.615,-1.579],[-66.637,-1.584],[-66.668,-1.613],[-66.741,-1.619],[-66.76,-1.605],[-66.886,-1.603],[-66.942,-1.612],[-66.971,-1.602],[-67.038,-1.609],[-67.057,-1.592],[-67.123,-1.587],[-67.14,-1.597],[-67.188,-1.595],[-67.243,-1.613],[-67.266,-1.597],[-67.294,-1.598],[-67.313,-1.614],[-67.373,-1.634],[-67.391,-1.669],[-67.43,-1.646],[-67.508,-1.664],[-67.531,-1.634],[-67.584,-1.635],[-67.588,-1.586],[-67.6,-1.563],[-67.642,-1.536],[-67.661,-1.494],[-67.717,-1.514],[-67.764,-1.509],[-67.8,-1.487],[-67.832,-1.482],[-67.905,-1.517],[-67.934,-1.513],[-67.963,-1.49],[-68.035,-1.475],[-68.089,-1.499],[-68.127,-1.5],[-68.161,-1.483],[-68.161,-0.999],[-68.161,-0.672],[-68.211,-0.659],[-68.249,-0.674],[-68.287,-0.68],[-68.362,-0.733],[-68.4,-0.733],[-68.426,-0.758],[-68.547,-0.748],[-68.596,-0.723],[-68.621,-0.696],[-68.627,-0.662],[-68.671,-0.617],[-68.697,-0.571],[-68.784,-0.549],[-68.821,-0.528],[-68.844,-0.527],[-68.92,-0.485],[-68.961,-0.477],[-69.01,-0.481],[-69.038,-0.503],[-69.061,-0.499],[-69.107,-0.517],[-69.114,-0.531],[-69.152,-0.537],[-69.232,-0.49],[-69.313,-0.475],[-69.325,-0.461],[-69.365,-0.452],[-69.404,-0.406],[-69.455,-0.381],[-69.479,-0.389],[-69.502,-0.356],[-69.543,-0.348],[-69.586,-0.227],[-69.611,-0.195],[-69.645,-0.171],[-69.696,-0.092],[-69.738,-0.081],[-69.775,-0.089],[-69.81,-0.114],[-69.82,-0.101],[-69.858,-0.128],[-69.897,-0.121],[-69.92,-0.085],[-69.946,-0.021],[-69.992,0.009],[-69.984,0.044],[-70.041,0.109],[-70.047,0.068],[-70.049,-0.142],[-70.065,-0.164],[-70.055,-0.188],[-70.0,-0.222],[-69.971,-0.268],[-69.951,-0.279],[-69.92,-0.326],[-69.887,-0.34],[-69.845,-0.337],[-69.828,-0.374],[-69.774,-0.391],[-69.719,-0.449],[-69.655,-0.472],[-69.64,-0.493],[-69.612,-0.5],[-69.614,-0.528],[-69.592,-0.557],[-69.598,-0.596],[-69.573,-0.618],[-69.576,-0.666],[-69.618,-0.731],[-69.612,-0.765],[-69.574,-0.81],[-69.573,-0.839],[-69.534,-0.863],[-69.522,-0.886],[-69.527,-0.926],[-69.484,-0.948],[-69.437,-0.992],[-69.422,-1.048],[-69.427,-1.075],[-69.4,-1.11],[-69.397,-1.14],[-69.412,-1.152],[-69.431,-1.227],[-69.41,-1.278],[-69.407,-1.333],[-69.398,-1.365],[-69.436,-1.403],[-69.433,-1.453],[-69.457,-1.492],[-69.452,-1.539],[-69.535,-2.001],[-69.61,-2.419]]]}},{"type":"Feature","properties":{"code":"1300706"},"geometry":{"type":"Polygon","coordinates":[[[-67.326,-9.592],[-67.304,-9.562],[-67.282,-9.511],[-67.294,-9.44],[-67.276,-9.393],[-67.287,-9.366],[-67.277,-9.335],[-67.315,-9.31],[-67.295,-9.284],[-67.286,-9.251],[-67.291,-9.214],[-67.281,-9.187],[-67.295,-9.165],[-67.286,-9.133],[-67.258,-9.114],[-67.242,-9.069],[-67.203,-9.046],[-67.181,-9.014],[-67.194,-8.98],[-67.161,-8.953],[-67.139,-8.956],[-67.109,-8.929],[-67.088,-8.93],[-67.085,-8.878],[-67.102,-8.839],[-67.079,-8.815],[-67.149,-8.721],[-67.145,-8.698],[-67.093,-8.644],[-67.096,-8.578],[-67.066,-8.555],[-67.058,-8.503],[-67.412,-8.503],[-67.421,-8.537],[-67.459,-8.546],[-67.475,-8.567],[-67.507,-8.577],[-67.539,-8.547],[-67.583,-8.537],[-67.61,-8.489],[-67.662,-8.482],[-67.659,-8.462],[-67.702,-8.438],[-67.751,-8.431],[-67.789,-8.387],[-67.821,-8.384],[-67.843,-8.369],[-67.868,-8.374],[-67.909,-8.342],[-67.914,-8.31],[-67.947,-8.264],[-67.945,-8.247],[-67.975,-8.229],[-67.979,-8.2],[-68.069,-8.143],[-68.122,-8.124],[-68.16,-8.14],[-68.18,-8.092],[-68.219,-8.081],[-68.256,-8.094],[-68.306,-8.095],[-68.341,-8.075],[-68.37,-8.082],[-68.405,-8.063],[-68.451,-8.052],[-68.48,-8.063],[-68.497,-8.05],[-68.533,-8.074],[-68.614,-8.084],[-68.634,-8.069],[-68.688,-8.07],[-68.793,-8.111],[-68.818,-8.16],[-68.85,-8.157],[-68.874,-8.169],[-68.862,-8.199],[-68.873,-8.218],[-68.873,-8.256],[-68.857,-8.28],[-68.86,-8.356],[-68.873,-8.357],[-68.911,-8.392],[-68.913,-8.444],[-68.962,-8.522],[-68.987,-8.528],[-69.022,-8.568],[-69.041,-8.553],[-69.066,-8.57],[-69.097,-8.552],[-69.132,-8.574],[-69.186,-8.577],[-69.213,-8.565],[-68.921,-8.814],[-68.647,-9.049],[-68.22,-9.243],[-67.977,-9.353],[-67.517,-9.561],[-67.326,-9.592]]]}},{"type":"Feature","properties":{"code":"1302405"},"geometry":{"type":"Polygon","coordinates":[[[-66.81,-9.818],[-66.781,-9.791],[-66.775,-9.753],[-66.725,-9.756],[-66.692,-9.734],[-66.685,-9.715],[-66.624,-9.681],[-66.586,-9.674],[-66.537,-9.643],[-66.501,-9.634],[-66.495,-9.602],[-66.439,-9.554],[-66.429,-9.533],[-66.392,-9.501],[-66.389,-9.464],[-66.409,-9.407],[-66.375,-9.426],[-66.26,-9.411],[-66.243,-9.429],[-66.205,-9.426],[-66.174,-9.434],[-66.124,-9.409],[-66.06,-9.418],[-66.042,-9.402],[-65.97,-9.413],[-65.932,-9.448],[-65.918,-9.478],[-65.881,-9.488],[-65.848,-9.532],[-65.825,-9.53],[-65.818,-9.562],[-65.8,-9.585],[-65.73,-9.563],[-65.696,-9.508],[-65.681,-9.5],[-65.679,-9.451],[-65.588,-9.414],[-65.548,-9.426],[-65.503,-9.47],[-65.457,-9.47],[-65.432,-9.459],[-65.457,-9.401],[-65.447,-9.379],[-65.44,-9.312],[-65.377,-9.324],[-65.307,-9.291],[-65.27,-9.264],[-65.247,-9.258],[-65.212,-9.279],[-65.209,-9.31],[-65.188,-9.345],[-65.196,-9.375],[-65.174,-9.385],[-65.186,-9.427],[-65.143,-9.447],[-65.089,-9.425],[-65.078,-9.401],[-65.053,-9.402],[-65.001,-9.305],[-64.963,-9.293],[-64.92,-9.22],[-64.94,-9.125],[-64.916,-9.075],[-64.917,-9.043],[-64.894,-9.044],[-64.871,-9.012],[-64.808,-8.986],[-64.778,-8.995],[-64.761,-9.021],[-64.731,-9.012],[-64.714,-8.994],[-64.683,-8.994],[-64.671,-9.015],[-64.641,-9.007],[-64.611,-9.017],[-64.588,-9.009],[-64.541,-8.977],[-64.523,-8.941],[-64.522,-8.905],[-64.534,-8.886],[-64.534,-8.836],[-64.521,-8.813],[-64.487,-8.811],[-64.455,-8.829],[-64.425,-8.832],[-64.4,-8.806],[-64.392,-8.78],[-64.354,-8.77],[-64.335,-8.745],[-64.383,-8.69],[-64.397,-8.654],[-64.442,-8.652],[-64.498,-8.597],[-64.486,-8.561],[-64.496,-8.519],[-64.519,-8.509],[-64.539,-8.478],[-64.513,-8.412],[-64.508,-8.337],[-64.48,-8.304],[-64.466,-8.266],[-64.441,-8.233],[-64.407,-8.207],[-64.396,-8.158],[-64.4,-8.054],[-64.417,-8.015],[-64.41,-7.987],[-64.42,-7.932],[-64.444,-7.896],[-64.438,-7.839],[-64.413,-7.8],[-64.427,-7.766],[-64.397,-7.696],[-64.417,-7.652],[-64.407,-7.636],[-64.422,-7.604],[-64.501,-7.558],[-64.508,-7.533],[-64.494,-7.491],[-64.496,-7.455],[-64.543,-7.39],[-64.531,-7.348],[-64.559,-7.322],[-64.548,-7.298],[-64.561,-7.202],[-64.577,-7.182],[-64.582,-7.139],[-64.57,-7.075],[-65.014,-7.075],[-65.038,-7.078],[-65.08,-7.059],[-65.091,-7.096],[-65.133,-7.129],[-65.13,-7.155],[-65.163,-7.159],[-65.189,-7.177],[-65.239,-7.187],[-65.302,-7.234],[-65.358,-7.245],[-65.388,-7.267],[-65.459,-7.288],[-65.487,-7.253],[-65.529,-7.259],[-65.595,-7.246],[-65.635,-7.258],[-65.714,-7.233],[-65.734,-7.213],[-65.768,-7.243],[-65.838,-7.283],[-65.868,-7.268],[-65.944,-7.283],[-65.986,-7.312],[-66.013,-7.312],[-66.058,-7.335],[-66.09,-7.323],[-66.12,-7.344],[-66.15,-7.321],[-66.225,-7.304],[-66.252,-7.325],[-66.311,-7.282],[-66.41,-7.253],[-66.454,-7.25],[-66.47,-7.229],[-66.505,-7.255],[-66.532,-7.244],[-66.558,-7.21],[-66.593,-7.211],[-66.614,-7.261],[-66.673,-7.246],[-66.687,-7.234],[-66.681,-7.192],[-66.721,-7.164],[-66.734,-7.175],[-66.777,-7.175],[-66.829,-7.152],[-66.858,-7.15],[-66.895,-7.115],[-66.93,-7.065],[-66.923,-7.037],[-66.968,-7.026],[-67.001,-6.985],[-67.074,-6.958],[-67.111,-6.956],[-67.172,-6.969],[-67.212,-6.954],[-67.223,-7.003],[-67.264,-7.002],[-67.343,-7.037],[-67.343,-7.073],[-67.36,-7.092],[-67.407,-7.12],[-67.405,-7.141],[-67.448,-7.167],[-67.487,-7.172],[-67.503,-7.179],[-67.516,-7.215],[-67.511,-7.254],[-67.475,-7.255],[-67.452,-7.283],[-67.402,-7.29],[-67.348,-7.277],[-67.338,-7.266],[-67.35,-7.181],[-67.322,-7.141],[-67.266,-7.089],[-67.208,-7.059],[-67.14,-7.051],[-67.126,-7.024],[-67.072,-7.008],[-67.034,-7.046],[-67.024,-7.09],[-66.998,-7.115],[-66.963,-7.133],[-66.942,-7.192],[-66.958,-7.223],[-66.938,-7.253],[-66.881,-7.268],[-66.873,-7.283],[-66.797,-7.32],[-66.785,-7.345],[-66.753,-7.351],[-66.722,-7.372],[-66.718,-7.392],[-66.675,-7.446],[-66.617,-7.472],[-66.609,-7.489],[-66.562,-7.495],[-66.544,-7.489],[-66.487,-7.515],[-66.426,-7.5],[-66.411,-7.482],[-66.382,-7.486],[-66.364,-7.541],[-66.372,-7.56],[-66.406,-7.573],[-66.467,-7.566],[-66.503,-7.601],[-66.535,-7.601],[-66.575,-7.646],[-66.607,-7.641],[-66.63,-7.651],[-66.626,-7.675],[-66.71,-7.703],[-66.715,-7.736],[-66.762,-7.784],[-66.789,-7.79],[-66.833,-7.825],[-66.813,-7.839],[-66.816,-7.869],[-66.866,-7.938],[-66.883,-8.023],[-66.867,-8.044],[-66.862,-8.08],[-66.887,-8.134],[-66.859,-8.191],[-66.908,-8.238],[-66.939,-8.303],[-66.909,-8.39],[-66.952,-8.471],[-67.058,-8.503],[-67.066,-8.555],[-67.096,-8.578],[-67.093,-8.644],[-67.145,-8.698],[-67.149,-8.721],[-67.079,-8.815],[-67.102,-8.839],[-67.085,-8.878],[-67.088,-8.93],[-67.109,-8.929],[-67.139,-8.956],[-67.161,-8.953],[-67.194,-8.98],[-67.181,-9.014],[-67.203,-9.046],[-67.242,-9.069],[-67.258,-9.114],[-67.286,-9.133],[-67.295,-9.165],[-67.281,-9.187],[-67.291,-9.214],[-67.286,-9.251],[-67.295,-9.284],[-67.315,-9.31],[-67.277,-9.335],[-67.287,-9.366],[-67.276,-9.393],[-67.294,-9.44],[-67.282,-9.511],[-67.304,-9.562],[-67.326,-9.592],[-67.135,-9.676],[-66.81,-9.818]]]}},{"type":"Feature","properties":{"code":"1301852"},"geometry":{"type":"Polygon","coordinates":[[[-60.991,-2.884],[-60.967,-2.927],[-60.985,-3.008],[-60.953,-3.004],[-60.916,-3.029],[-60.903,-3.05],[-60.871,-3.047],[-60.802,-3.103],[-60.774,-3.095],[-60.736,-3.098],[-60.706,-3.116],[-60.688,-3.144],[-60.647,-3.139],[-60.59,-3.115],[-60.546,-3.124],[-60.534,-3.115],[-60.428,-3.121],[-60.366,-3.134],[-60.379,-3.151],[-60.356,-3.182],[-60.316,-3.271],[-60.341,-3.295],[-60.289,-3.301],[-60.227,-3.362],[-60.18,-3.35],[-60.114,-3.345],[-60.062,-3.326],[-59.997,-3.291],[-59.942,-3.286],[-59.926,-3.262],[-59.9,-3.247],[-59.885,-3.2],[-59.896,-3.128],[-59.955,-3.175],[-59.996,-3.181],[-60.08,-3.134],[-60.103,-3.143],[-60.169,-3.117],[-60.19,-3.096],[-60.228,-3.078],[-60.273,-3.08],[-60.313,-3.065],[-60.344,-3.094],[-60.463,-3.079],[-60.481,-3.084],[-60.511,-3.05],[-60.543,-3.028],[-60.567,-3.024],[-60.612,-2.956],[-60.647,-2.931],[-60.679,-2.894],[-60.687,-2.872],[-60.754,-2.821],[-60.812,-2.828],[-60.85,-2.843],[-60.872,-2.822],[-60.915,-2.812],[-60.937,-2.841],[-60.983,-2.866],[-60.991,-2.884]]]}},{"type":"Feature","properties":{"code":"1302603"},"geometry":{"type":"Polygon","coordinates":[[[-59.36,-3.15],[-59.327,-3.147],[-59.252,-3.156],[-59.203,-3.179],[-59.176,-3.164],[-59.269,-3.127],[-59.309,-3.13],[-59.342,-3.109],[-59.358,-3.085],[-59.402,-3.055],[-59.454,-3.032],[-59.5,-2.981],[-59.507,-2.964],[-59.542,-2.958],[-59.635,-2.962],[-59.669,-2.939],[-59.706,-2.939],[-59.736,-2.899],[-59.717,-2.88],[-59.739,-2.86],[-59.76,-2.819],[-59.781,-2.829],[-59.818,-2.81],[-59.832,-2.771],[-59.83,-2.738],[-59.876,-2.722],[-59.874,-2.683],[-59.906,-2.654],[-59.913,-2.615],[-59.944,-2.619],[-59.939,-2.571],[-59.998,-2.554],[-60.035,-2.55],[-60.038,-2.519],[-60.025,-2.448],[-60.048,-2.329],[-60.039,-2.262],[-60.028,-2.242],[-59.992,-2.114],[-60.027,-2.098],[-60.055,-2.1],[-60.092,-2.059],[-60.149,-2.043],[-60.156,-2.03],[-60.218,-1.999],[-60.267,-1.986],[-60.296,-1.954],[-60.342,-1.952],[-60.44,-2.008],[-60.501,-2.018],[-60.546,-2.003],[-60.596,-1.998],[-60.622,-2.048],[-60.673,-2.087],[-60.676,-2.15],[-60.719,-2.179],[-60.724,-2.212],[-60.691,-2.242],[-60.704,-2.283],[-60.696,-2.341],[-60.732,-2.384],[-60.764,-2.396],[-60.749,-2.449],[-60.782,-2.466],[-60.803,-2.541],[-60.754,-2.821],[-60.687,-2.872],[-60.679,-2.894],[-60.647,-2.931],[-60.612,-2.956],[-60.567,-3.024],[-60.543,-3.028],[-60.511,-3.05],[-60.481,-3.084],[-60.463,-3.079],[-60.344,-3.094],[-60.313,-3.065],[-60.273,-3.08],[-60.228,-3.078],[-60.19,-3.096],[-60.169,-3.117],[-60.103,-3.143],[-60.08,-3.134],[-59.996,-3.181],[-59.955,-3.175],[-59.896,-3.128],[-59.87,-3.104],[-59.821,-3.079],[-59.77,-3.064],[-59.705,-3.062],[-59.607,-3.094],[-59.549,-3.12],[-59.471,-3.132],[-59.397,-3.159],[-59.36,-3.15]]]}}]}