{"type":"FeatureCollection","features":[{"type":"Feature","properties":{"code":"1507706"},"geometry":{"type":"Polygon","coordinates":[[[-49.608,-1.76],[-49.586,-1.78],[-49.54,-1.78],[-49.51,-1.758],[-49.416,-1.719],[-49.451,-1.652],[-49.496,-1.618],[-49.505,-1.52],[-49.52,-1.495],[-49.52,-1.456],[-49.496,-1.421],[-49.544,-1.38],[-49.601,-1.368],[-49.623,-1.346],[-49.59,-1.332],[-49.527,-1.188],[-49.563,-1.208],[-49.6,-1.267],[-49.629,-1.271],[-49.682,-1.263],[-49.714,-1.233],[-49.764,-1.262],[-49.819,-1.234],[-49.84,-1.199],[-49.877,-1.162],[-49.88,-1.108],[-49.911,-1.083],[-49.932,-1.096],[-49.93,-1.115],[-49.97,-1.136],[-49.988,-1.18],[-49.984,-1.298],[-49.975,-1.301],[-49.85,-1.341],[-49.82,-1.318],[-49.772,-1.361],[-49.724,-1.371],[-49.708,-1.433],[-49.707,-1.504],[-49.719,-1.53],[-49.711,-1.602],[-49.683,-1.643],[-49.633,-1.677],[-49.584,-1.68],[-49.589,-1.736],[-49.608,-1.76]]]}},{"type":"Feature","properties":{"code":"1507755"},"geometry":{"type":"Polygon","coordinates":[[[-49.733,-6.718],[-49.734,-7.016],[-49.685,-7.031],[-49.647,-7.009],[-49.586,-7.002],[-49.568,-7.009],[-49.493,-6.989],[-49.463,-6.997],[-49.417,-6.991],[-49.426,-6.942],[-49.445,-6.927],[-49.427,-6.856],[-49.389,-6.811],[-49.341,-6.829],[-49.338,-6.73],[-49.376,-6.728],[-49.418,-6.699],[-49.543,-6.727],[-49.585,-6.659],[-49.638,-6.637],[-49.73,-6.715],[-49.733,-6.718]]]}},{"type":"Feature","properties":{"code":"1507102"},"geometry":{"type":"Polygon","coordinates":[[[-47.943,-1.039],[-47.919,-0.973],[-47.989,-0.945],[-47.999,-0.932],[-48.002,-0.885],[-48.02,-0.862],[-48.013,-0.812],[-48.022,-0.78],[-47.984,-0.761],[-47.952,-0.777],[-47.962,-0.699],[-47.977,-0.686],[-48.02,-0.687],[-48.051,-0.659],[-48.142,-0.754],[-48.11,-0.757],[-48.075,-0.776],[-48.061,-0.799],[-48.069,-0.906],[-48.072,-1.065],[-47.943,-1.039]]]}},{"type":"Feature","properties":{"code":"1506906"},"geometry":{"type":"Polygon","coordinates":[[[-47.294,-0.969],[-47.225,-0.964],[-47.243,-0.919],[-47.276,-0.916],[-47.264,-0.886],[-47.294,-0.843],[-47.334,-0.842],[-47.358,-0.855],[-47.381,-0.837],[-47.384,-0.872],[-47.425,-0.9],[-47.402,-0.952],[-47.413,-0.977],[-47.403,-0.977],[-47.294,-0.969]]]}},{"type":"Feature","properties":{"code":"1507003"},"geometry":{"type":"Polygon","coordinates":[[[-48.138,-1.2],[-48.104,-1.194],[-48.086,-1.207],[-48.036,-1.208],[-47.969,-1.203],[-48.022,-1.134],[-48.111,-1.015],[-48.128,-1.033],[-48.177,-1.026],[-48.214,-1.007],[-48.275,-1.021],[-48.307,-1.019],[-48.439,-0.983],[-48.469,-1.019],[-48.324,-1.06],[-48.302,-1.106],[-48.277,-1.109],[-48.242,-1.089],[-48.224,-1.111],[-48.217,-1.145],[-48.153,-1.167],[-48.138,-1.2]]]}},{"type":"Feature","properties":{"code":"1507300"},"geometry":{"type":"Polygon","coordinates":[[[-52.257,-9.708],[-51.724,-9.745],[-51.304,-9.773],[-51.285,-9.699],[-51.318,-9.678],[-51.325,-9.643],[-51.323,-9.592],[-51.367,-9.552],[-51.386,-9.513],[-51.412,-9.499],[-51.436,-9.47],[-51.438,-9.44],[-51.472,-9.41],[-51.489,-9.381],[-51.464,-9.341],[-51.487,-9.31],[-51.484,-9.263],[-51.513,-9.2],[-51.544,-9.184],[-51.546,-9.165],[-51.573,-9.143],[-51.564,-9.082],[-51.595,-9.089],[-51.633,-9.062],[-51.696,-9.032],[-51.704,-9.009],[-51.736,-8.984],[-51.728,-8.95],[-51.732,-8.9],[-51.742,-8.887],[-51.784,-8.883],[-51.858,-8.906],[-51.881,-8.897],[-51.922,-8.853],[-51.917,-8.812],[-51.824,-8.762],[-51.779,-8.725],[-51.786,-8.68],[-51.775,-8.672],[-51.771,-8.607],[-51.806,-8.545],[-51.783,-8.456],[-51.764,-8.432],[-51.782,-8.38],[-51.856,-8.426],[-51.892,-8.427],[-51.938,-8.441],[-51.955,-8.421],[-51.997,-8.424],[-52.025,-8.407],[-52.033,-8.337],[-52.078,-8.314],[-52.083,-8.278],[-52.072,-8.215],[-52.119,-8.18],[-52.145,-8.06],[-52.164,-8.034],[-52.142,-7.994],[-52.166,-7.974],[-52.173,-7.91],[-52.166,-7.883],[-52.131,-7.867],[-52.148,-7.839],[-52.146,-7.814],[-52.103,-7.767],[-52.038,-7.729],[-51.999,-7.742],[-51.962,-7.771],[-51.934,-7.723],[-51.883,-7.702],[-51.883,-7.589],[-51.867,-7.53],[-51.839,-7.492],[-51.819,-7.482],[-51.819,-7.453],[-51.8,-7.415],[-51.765,-7.37],[-51.776,-7.324],[-51.754,-7.308],[-51.749,-7.274],[-51.725,-7.245],[-51.661,-7.191],[-51.654,-7.152],[-51.664,-7.112],[-51.657,-7.087],[-51.684,-7.023],[-51.725,-6.969],[-51.725,-6.933],[-51.694,-6.932],[-51.694,-6.852],[-51.72,-6.845],[-51.731,-6.799],[-51.666,-6.807],[-51.587,-6.748],[-51.589,-6.707],[-51.55,-6.671],[-51.506,-6.646],[-51.442,-6.638],[-51.429,-6.625],[-51.312,-6.574],[-51.276,-6.603],[-51.237,-6.621],[-51.177,-6.615],[-51.155,-6.629],[-51.125,-6.624],[-51.144,-6.591],[-51.151,-6.551],[-51.146,-6.515],[-51.184,-6.467],[-51.158,-6.454],[-51.142,-6.423],[-51.152,-6.35],[-51.182,-6.32],[-51.199,-6.287],[-51.191,-6.269],[-51.16,-6.266],[-51.149,-6.217],[-51.147,-6.207],[-51.204,-6.171],[-51.246,-6.172],[-51.281,-6.103],[-51.348,-6.055],[-51.392,-6.055],[-51.393,-6.016],[-51.357,-5.967],[-51.33,-5.964],[-51.264,-5.995],[-51.222,-5.963],[-51.178,-5.966],[-51.164,-5.928],[-51.126,-5.919],[-51.106,-5.85],[-51.111,-5.815],[-51.086,-5.781],[-51.032,-5.769],[-51.022,-5.787],[-50.986,-5.794],[-50.962,-5.784],[-50.946,-5.804],[-50.92,-5.793],[-50.929,-5.77],[-50.899,-5.694],[-50.847,-5.706],[-50.878,-5.633],[-50.925,-5.631],[-50.953,-5.614],[-50.945,-5.587],[-50.956,-5.54],[-50.947,-5.526],[-50.874,-5.492],[-50.879,-5.449],[-50.864,-5.423],[-50.787,-5.4],[-50.799,-5.362],[-50.792,-5.315],[-50.754,-5.308],[-50.767,-5.224],[-50.724,-5.218],[-50.72,-5.175],[-50.753,-5.176],[-50.813,-5.152],[-50.846,-5.165],[-50.93,-5.151],[-51.448,-5.15],[-51.835,-5.151],[-52.051,-5.151],[-52.076,-5.216],[-52.069,-5.243],[-52.105,-5.271],[-52.12,-5.314],[-52.148,-5.316],[-52.214,-5.291],[-52.284,-5.258],[-52.274,-5.229],[-52.295,-5.194],[-52.346,-5.18],[-52.375,-5.205],[-52.408,-5.184],[-52.426,-5.154],[-52.45,-5.185],[-52.486,-5.198],[-52.493,-5.215],[-52.527,-5.23],[-52.561,-5.217],[-52.577,-5.235],[-52.612,-5.243],[-52.658,-5.298],[-52.655,-5.335],[-52.642,-5.356],[-52.644,-5.397],[-52.673,-5.433],[-52.673,-5.476],[-52.692,-5.516],[-52.683,-5.582],[-52.699,-5.623],[-52.69,-5.654],[-52.743,-5.684],[-52.772,-5.722],[-52.802,-5.716],[-52.832,-5.69],[-52.851,-5.71],[-52.896,-5.706],[-52.939,-5.744],[-52.932,-5.791],[-52.952,-5.799],[-52.976,-5.845],[-53.02,-5.857],[-53.059,-5.886],[-53.109,-5.872],[-53.149,-5.938],[-53.202,-5.959],[-53.218,-5.943],[-53.279,-5.982],[-53.271,-6.02],[-53.369,-6.058],[-53.383,-6.082],[-53.371,-6.118],[-53.341,-6.132],[-53.351,-6.172],[-53.307,-6.166],[-53.288,-6.21],[-53.286,-6.234],[-53.267,-6.254],[-53.26,-6.289],[-53.227,-6.295],[-53.208,-6.363],[-53.191,-6.401],[-53.213,-6.424],[-53.182,-6.459],[-53.215,-6.47],[-53.237,-6.5],[-53.257,-6.465],[-53.297,-6.458],[-53.326,-6.477],[-53.314,-6.5],[-53.342,-6.553],[-53.374,-6.594],[-53.407,-6.562],[-53.442,-6.562],[-53.467,-6.61],[-53.468,-6.635],[-53.45,-6.686],[-53.428,-6.674],[-53.395,-6.718],[-53.368,-6.723],[-53.344,-6.749],[-53.274,-6.768],[-53.247,-6.787],[-53.248,-6.832],[-53.289,-6.865],[-53.312,-6.916],[-53.283,-6.937],[-53.279,-6.966],[-53.317,-7.027],[-53.308,-7.075],[-53.281,-7.102],[-53.254,-7.115],[-53.272,-7.159],[-53.315,-7.203],[-53.281,-7.233],[-53.235,-7.298],[-53.208,-7.314],[-53.165,-7.357],[-53.178,-7.38],[-53.148,-7.399],[-53.12,-7.396],[-53.124,-7.446],[-53.092,-7.478],[-53.138,-7.546],[-53.168,-7.554],[-53.113,-7.629],[-53.1,-7.682],[-53.058,-7.688],[-53.037,-7.721],[-53.035,-7.776],[-52.996,-7.797],[-52.992,-7.828],[-53.031,-7.86],[-53.027,-7.881],[-53.066,-7.912],[-53.038,-7.931],[-53.01,-7.998],[-52.97,-8.015],[-52.984,-8.034],[-52.956,-8.071],[-52.965,-8.121],[-52.925,-8.163],[-52.94,-8.206],[-52.963,-8.236],[-52.991,-8.307],[-52.98,-8.338],[-52.941,-8.347],[-52.943,-8.388],[-52.917,-8.414],[-52.92,-8.434],[-52.955,-8.441],[-52.946,-8.487],[-52.921,-8.496],[-52.915,-8.532],[-52.888,-8.583],[-52.897,-8.628],[-52.929,-8.63],[-52.944,-8.687],[-52.924,-8.705],[-52.932,-8.73],[-53.006,-8.705],[-53.037,-8.729],[-53.035,-8.752],[-52.999,-8.804],[-52.993,-8.851],[-53.017,-8.922],[-53.055,-8.954],[-53.04,-8.975],[-53.052,-9.003],[-53.038,-9.042],[-53.016,-9.064],[-53.085,-9.116],[-53.081,-9.143],[-53.023,-9.157],[-52.992,-9.198],[-52.972,-9.21],[-52.975,-9.244],[-52.923,-9.38],[-52.94,-9.421],[-52.93,-9.455],[-52.966,-9.45],[-52.995,-9.475],[-53.042,-9.477],[-53.057,-9.53],[-53.112,-9.552],[-53.133,-9.645],[-52.619,-9.682],[-52.257,-9.708]]]}},{"type":"Feature","properties":{"code":"1507201"},"geometry":{"type":"Polygon","coordinates":[[[-47.967,-2.222],[-47.943,-2.226],[-47.932,-2.191],[-47.85,-2.172],[-47.839,-2.13],[-47.812,-2.094],[-47.794,-2.039],[-47.766,-2.03],[-47.746,-2.001],[-47.587,-2.0],[-47.601,-1.98],[-47.615,-1.923],[-47.589,-1.877],[-47.579,-1.857],[-47.587,-1.813],[-47.562,-1.783],[-47.57,-1.727],[-47.584,-1.689],[-47.601,-1.677],[-47.62,-1.632],[-47.659,-1.649],[-47.686,-1.636],[-47.774,-1.672],[-47.782,-1.654],[-47.824,-1.629],[-47.858,-1.629],[-47.881,-1.662],[-47.87,-1.7],[-47.871,-1.74],[-47.889,-1.77],[-47.893,-1.789],[-47.879,-1.842],[-47.899,-1.877],[-47.908,-1.967],[-47.89,-1.983],[-47.926,-2.007],[-47.981,-2.07],[-47.989,-2.097],[-47.979,-2.118],[-47.994,-2.159],[-47.967,-2.222]]]}},{"type":"Feature","properties":{"code":"1507151"},"geometry":{"type":"Polygon","coordinates":[[[-48.731,-5.86],[-48.685,-5.891],[-48.636,-5.876],[-48.623,-5.888],[-48.612,-5.875],[-48.633,-5.827],[-48.608,-5.802],[-48.601,-5.731],[-48.587,-5.7],[-48.504,-5.647],[-48.462,-5.601],[-48.558,-5.559],[-48.58,-5.537],[-48.615,-5.544],[-48.658,-5.536],[-48.728,-5.493],[-48.807,-5.473],[-48.853,-5.48],[-48.945,-5.553],[-48.944,-5.616],[-48.934,-5.654],[-48.89,-5.689],[-48.859,-5.752],[-48.817,-5.806],[-48.731,-5.86]]]}},{"type":"Feature","properties":{"code":"1506559"},"geometry":{"type":"Polygon","coordinates":[[[-47.015,-1.858],[-47.015,-1.87],[-46.971,-1.926],[-46.913,-1.974],[-46.9,-2.011],[-46.935,-2.075],[-46.911,-2.113],[-46.905,-2.156],[-46.867,-2.124],[-46.869,-2.097],[-46.851,-2.064],[-46.848,-1.943],[-46.858,-1.914],[-46.844,-1.9],[-46.833,-1.865],[-46.834,-1.805],[-46.846,-1.754],[-46.847,-1.716],[-46.793,-1.716],[-46.802,-1.664],[-46.795,-1.591],[-46.818,-1.548],[-46.876,-1.563],[-46.845,-1.466],[-46.861,-1.442],[-46.91,-1.427],[-46.941,-1.294],[-46.997,-1.308],[-47.021,-1.331],[-47.081,-1.296],[-47.134,-1.313],[-47.153,-1.365],[-47.069,-1.386],[-47.055,-1.383],[-47.038,-1.419],[-47.058,-1.456],[-46.976,-1.508],[-46.98,-1.597],[-46.988,-1.622],[-46.927,-1.674],[-46.952,-1.702],[-46.944,-1.748],[-46.99,-1.841],[-47.015,-1.858]]]}},{"type":"Feature","properties":{"code":"1506609"},"geometry":{"type":"Polygon","coordinates":[[[-47.419,-1.495],[-47.416,-1.478],[-47.436,-1.446],[-47.428,-1.37],[-47.429,-1.301],[-47.481,-1.264],[-47.496,-1.237],[-47.561,-1.286],[-47.601,-1.323],[-47.638,-1.375],[-47.638,-1.375],[-47.653,-1.431],[-47.419,-1.495]]]}},{"type":"Feature","properties":{"code":"1506583"},"geometry":{"type":"Polygon","coordinates":[[[-49.851,-9.064],[-49.843,-9.027],[-49.794,-8.979],[-49.768,-8.934],[-49.684,-8.857],[-49.592,-8.839],[-49.543,-8.761],[-49.49,-8.692],[-49.482,-8.674],[-49.54,-8.704],[-49.547,-8.732],[-49.584,-8.788],[-49.632,-8.795],[-49.658,-8.771],[-49.703,-8.761],[-49.735,-8.723],[-49.732,-8.707],[-49.759,-8.674],[-49.763,-8.627],[-49.778,-8.573],[-49.702,-8.503],[-49.659,-8.501],[-49.659,-8.286],[-49.684,-8.279],[-49.715,-8.294],[-49.74,-8.335],[-49.76,-8.343],[-49.827,-8.332],[-49.845,-8.356],[-49.867,-8.358],[-49.881,-8.386],[-49.92,-8.394],[-49.949,-8.377],[-49.996,-8.396],[-50.038,-8.388],[-50.07,-8.36],[-50.088,-8.37],[-50.163,-8.346],[-50.188,-8.36],[-50.214,-8.345],[-50.233,-8.291],[-50.25,-8.283],[-50.273,-8.245],[-50.313,-8.219],[-50.346,-8.186],[-50.404,-8.2],[-50.424,-8.216],[-50.462,-8.204],[-50.481,-8.179],[-50.526,-8.178],[-50.599,-8.21],[-50.6,-8.191],[-50.629,-8.201],[-50.662,-8.246],[-50.704,-8.246],[-50.746,-8.264],[-50.734,-8.295],[-50.766,-8.32],[-50.818,-8.296],[-50.834,-8.326],[-50.867,-8.337],[-50.886,-8.393],[-50.87,-8.413],[-50.91,-8.446],[-50.927,-8.5],[-50.946,-8.531],[-50.935,-8.572],[-50.979,-8.623],[-51.021,-8.641],[-51.047,-8.677],[-51.027,-8.732],[-50.973,-8.715],[-50.886,-8.759],[-50.902,-8.806],[-50.879,-8.879],[-50.876,-8.954],[-50.865,-8.996],[-50.84,-8.967],[-50.807,-8.958],[-50.759,-8.967],[-50.733,-8.962],[-50.694,-8.983],[-50.679,-8.927],[-50.636,-8.92],[-50.599,-8.928],[-50.578,-8.958],[-50.52,-8.973],[-50.44,-8.963],[-50.382,-8.971],[-50.334,-8.967],[-50.303,-8.938],[-50.255,-8.922],[-50.21,-8.938],[-50.143,-8.98],[-50.117,-8.977],[-50.078,-8.992],[-50.002,-9.073],[-49.986,-9.075],[-49.959,-9.109],[-49.885,-9.097],[-49.863,-9.082],[-49.851,-9.064]]]}},{"type":"Feature","properties":{"code":"1506401"},"geometry":{"type":"Polygon","coordinates":[[[-49.192,-0.74],[-49.154,-0.706],[-49.138,-0.654],[-49.148,-0.609],[-49.184,-0.582],[-49.207,-0.535],[-49.208,-0.51],[-49.219,-0.483],[-49.268,-0.453],[-49.306,-0.37],[-49.336,-0.337],[-49.367,-0.352],[-49.394,-0.378],[-49.418,-0.502],[-49.449,-0.529],[-49.457,-0.571],[-49.449,-0.588],[-49.489,-0.667],[-49.486,-0.669],[-49.362,-0.738],[-49.321,-0.726],[-49.318,-0.755],[-49.299,-0.772],[-49.276,-0.757],[-49.249,-0.768],[-49.214,-0.733],[-49.192,-0.74]]]}},{"type":"Feature","properties":{"code":"1506500"},"geometry":{"type":"Polygon","coordinates":[[[-48.102,-1.54],[-48.134,-1.515],[-48.0,-1.436],[-47.986,-1.422],[-48.026,-1.413],[-48.036,-1.208],[-48.086,-1.207],[-48.104,-1.194],[-48.138,-1.2],[-48.203,-1.236],[-48.207,-1.257],[-48.232,-1.375],[-48.246,-1.4],[-48.235,-1.429],[-48.26,-1.467],[-48.205,-1.492],[-48.185,-1.524],[-48.128,-1.547],[-48.102,-1.54]]]}},{"type":"Feature","properties":{"code":"1506807"},"geometry":{"type":"Polygon","coordinates":[[[-55.234,-3.242],[-55.187,-3.091],[-55.162,-2.979],[-55.127,-2.901],[-55.102,-2.82],[-55.094,-2.752],[-55.058,-2.549],[-54.956,-2.549],[-54.958,-2.571],[-54.83,-2.571],[-54.809,-2.64],[-54.832,-2.661],[-54.776,-2.661],[-54.739,-2.65],[-54.718,-2.594],[-54.625,-2.621],[-54.6,-2.654],[-54.565,-2.673],[-54.55,-2.702],[-54.524,-2.724],[-54.478,-2.782],[-54.367,-2.788],[-54.33,-2.874],[-54.294,-2.886],[-54.25,-2.952],[-54.26,-2.999],[-54.225,-3.075],[-54.228,-3.138],[-54.247,-3.143],[-54.249,-3.267],[-54.214,-3.233],[-54.208,-3.209],[-54.11,-3.17],[-54.103,-3.132],[-54.07,-3.114],[-54.051,-3.083],[-54.046,-2.999],[-54.089,-2.961],[-54.102,-2.921],[-54.103,-2.886],[-54.112,-2.886],[-54.112,-2.755],[-54.159,-2.723],[-54.148,-2.702],[-54.185,-2.652],[-54.183,-2.629],[-54.212,-2.617],[-54.255,-2.579],[-54.226,-2.482],[-54.252,-2.452],[-54.266,-2.415],[-54.328,-2.4],[-54.512,-2.109],[-54.567,-2.083],[-54.606,-2.078],[-54.693,-2.083],[-54.739,-2.071],[-54.755,-2.098],[-54.784,-2.118],[-54.843,-2.142],[-54.922,-2.128],[-54.974,-2.148],[-54.989,-2.162],[-55.095,-2.167],[-55.07,-2.233],[-55.128,-2.263],[-55.161,-2.256],[-55.198,-2.227],[-55.235,-2.217],[-55.284,-2.216],[-55.359,-2.174],[-55.371,-2.138],[-55.407,-2.13],[-55.469,-2.132],[-55.524,-2.155],[-55.577,-2.17],[-55.589,-2.156],[-55.622,-2.158],[-55.619,-2.183],[-55.66,-2.197],[-55.668,-2.227],[-55.692,-2.262],[-55.774,-2.298],[-55.813,-2.334],[-55.819,-2.377],[-56.091,-2.836],[-56.345,-3.265],[-55.886,-3.251],[-55.375,-3.236],[-55.347,-3.222],[-55.292,-3.24],[-55.234,-3.242]]]}},{"type":"Feature","properties":{"code":"1506708"},"geometry":{"type":"Polygon","coordinates":[[[-50.225,-9.841],[-50.199,-9.762],[-50.15,-9.693],[-50.138,-9.625],[-50.107,-9.594],[-50.09,-9.546],[-50.105,-9.475],[-50.09,-9.432],[-50.053,-9.373],[-50.056,-9.335],[-50.038,-9.289],[-50.003,-9.265],[-49.997,-9.238],[-49.967,-9.231],[-49.946,-9.204],[-49.905,-9.17],[-49.863,-9.082],[-49.885,-9.097],[-49.959,-9.109],[-49.986,-9.075],[-50.002,-9.073],[-50.078,-8.992],[-50.117,-8.977],[-50.143,-8.98],[-50.21,-8.938],[-50.255,-8.922],[-50.303,-8.938],[-50.334,-8.967],[-50.382,-8.971],[-50.44,-8.963],[-50.52,-8.973],[-50.578,-8.958],[-50.599,-8.928],[-50.636,-8.92],[-50.679,-8.927],[-50.694,-8.983],[-50.733,-8.962],[-50.759,-8.967],[-50.807,-8.958],[-50.84,-8.967],[-50.865,-8.996],[-50.876,-8.954],[-50.879,-8.879],[-50.902,-8.806],[-50.886,-8.759],[-50.973,-8.715],[-51.027,-8.732],[-51.024,-8.77],[-51.04,-8.83],[-51.036,-8.854],[-51.075,-8.902],[-51.103,-8.899],[-51.112,-8.927],[-51.084,-8.937],[-51.056,-8.981],[-51.084,-9.008],[-51.101,-9.042],[-51.09,-9.07],[-51.123,-9.127],[-51.056,-9.189],[-51.064,-9.249],[-51.084,-9.262],[-51.071,-9.293],[-51.078,-9.334],[-51.059,-9.366],[-51.066,-9.43],[-51.088,-9.484],[-51.119,-9.493],[-51.125,-9.532],[-51.14,-9.559],[-51.161,-9.534],[-51.186,-9.524],[-51.258,-9.576],[-51.261,-9.615],[-51.285,-9.699],[-51.304,-9.773],[-50.846,-9.801],[-50.501,-9.824],[-50.225,-9.841]]]}},{"type":"Feature","properties":{"code":"1506005"},"geometry":{"type":"Polygon","coordinates":[[[-53.855,-2.888],[-53.608,-2.865],[-53.594,-2.813],[-53.565,-2.792],[-53.487,-2.765],[-53.454,-2.776],[-53.408,-2.75],[-53.358,-2.737],[-53.31,-2.743],[-53.253,-2.774],[-53.208,-2.721],[-53.17,-2.695],[-53.146,-2.665],[-53.107,-2.686],[-53.029,-2.682],[-53.002,-2.672],[-52.967,-2.657],[-53.384,-2.505],[-53.325,-2.454],[-53.294,-2.45],[-53.271,-2.405],[-53.226,-2.365],[-53.253,-2.167],[-53.272,-2.145],[-53.277,-2.088],[-53.305,-2.082],[-53.345,-2.053],[-53.36,-2.025],[-53.301,-1.988],[-53.263,-1.976],[-53.218,-1.995],[-53.173,-1.978],[-53.138,-1.95],[-53.117,-1.918],[-53.06,-1.881],[-53.029,-1.783],[-52.999,-1.772],[-53.0,-1.743],[-53.047,-1.769],[-53.118,-1.781],[-53.216,-1.759],[-53.311,-1.769],[-53.32,-1.749],[-53.354,-1.749],[-53.361,-1.688],[-53.383,-1.626],[-53.427,-1.528],[-53.464,-1.454],[-53.484,-1.432],[-53.486,-1.378],[-53.495,-1.342],[-53.55,-1.262],[-53.564,-1.223],[-53.613,-1.205],[-53.633,-1.188],[-53.628,-1.153],[-53.675,-1.091],[-53.684,-1.016],[-53.706,-0.981],[-53.727,-0.98],[-53.796,-0.95],[-53.817,-0.951],[-53.915,-0.997],[-53.959,-0.995],[-53.944,-1.036],[-53.902,-1.048],[-53.893,-1.072],[-53.903,-1.093],[-53.879,-1.205],[-53.855,-1.244],[-53.88,-1.285],[-53.876,-1.305],[-53.83,-1.341],[-53.817,-1.379],[-53.824,-1.429],[-53.885,-1.508],[-53.885,-1.555],[-53.864,-1.59],[-53.864,-1.611],[-53.898,-1.639],[-53.927,-1.644],[-53.927,-1.665],[-53.904,-1.687],[-53.822,-1.7],[-53.791,-1.724],[-53.918,-1.909],[-53.897,-1.898],[-53.834,-1.885],[-53.788,-1.884],[-53.791,-1.922],[-53.846,-1.964],[-53.92,-2.001],[-53.959,-2.025],[-54.024,-2.09],[-54.036,-2.113],[-54.035,-2.177],[-54.049,-2.233],[-54.069,-2.271],[-54.119,-2.337],[-54.148,-2.36],[-54.266,-2.415],[-54.252,-2.452],[-54.226,-2.482],[-54.255,-2.579],[-54.212,-2.617],[-54.183,-2.629],[-54.185,-2.652],[-54.148,-2.702],[-54.159,-2.723],[-54.112,-2.755],[-54.112,-2.886],[-54.103,-2.886],[-53.855,-2.888]]]}},{"type":"Feature","properties":{"code":"1506112"},"geometry":{"type":"Polygon","coordinates":[[[-47.084,-0.832],[-47.071,-0.945],[-47.073,-0.98],[-47.032,-0.991],[-47.014,-1.014],[-47.002,-1.012],[-47.004,-0.972],[-46.995,-0.948],[-47.006,-0.919],[-46.983,-0.9],[-46.974,-0.873],[-46.943,-0.859],[-46.942,-0.807],[-46.97,-0.767],[-46.946,-0.731],[-46.975,-0.704],[-46.989,-0.719],[-47.008,-0.769],[-47.035,-0.791],[-47.063,-0.792],[-47.084,-0.832]]]}},{"type":"Feature","properties":{"code":"1506104"},"geometry":{"type":"Polygon","coordinates":[[[-47.014,-1.014],[-47.032,-0.991],[-47.073,-0.98],[-47.071,-0.945],[-47.084,-0.832],[-47.102,-0.844],[-47.13,-0.899],[-47.188,-0.895],[-47.243,-0.919],[-47.225,-0.964],[-47.212,-1.001],[-47.145,-0.987],[-47.096,-1.04],[-47.045,-1.034],[-47.014,-1.014]]]}},{"type":"Feature","properties":{"code":"1505908"},"geometry":{"type":"Polygon","coordinates":[[[-52.044,-2.792],[-52.062,-2.767],[-52.065,-2.738],[-52.055,-2.686],[-52.002,-2.631],[-51.989,-2.576],[-51.957,-2.522],[-51.92,-2.493],[-51.872,-2.549],[-51.855,-2.553],[-51.848,-2.508],[-51.874,-2.461],[-51.879,-2.419],[-51.862,-2.387],[-51.867,-2.364],[-51.92,-2.332],[-51.923,-2.278],[-51.94,-2.257],[-51.94,-2.108],[-51.916,-2.074],[-51.906,-2.003],[-51.875,-1.945],[-51.882,-1.926],[-51.912,-1.917],[-51.966,-1.876],[-51.964,-1.826],[-51.977,-1.806],[-51.99,-1.743],[-51.986,-1.701],[-51.952,-1.647],[-51.97,-1.61],[-52.025,-1.597],[-52.093,-1.607],[-52.2,-1.604],[-52.242,-1.543],[-52.252,-1.504],[-52.289,-1.524],[-52.353,-1.54],[-52.416,-1.563],[-52.642,-1.579],[-52.683,-1.584],[-52.746,-1.612],[-52.811,-1.631],[-52.939,-1.656],[-52.951,-1.666],[-53.0,-1.743],[-52.999,-1.772],[-53.029,-1.783],[-53.06,-1.881],[-53.117,-1.918],[-53.138,-1.95],[-53.173,-1.978],[-53.218,-1.995],[-53.263,-1.976],[-53.301,-1.988],[-53.36,-2.025],[-53.345,-2.053],[-53.305,-2.082],[-53.277,-2.088],[-53.272,-2.145],[-53.253,-2.167],[-53.226,-2.365],[-53.271,-2.405],[-53.294,-2.45],[-53.325,-2.454],[-53.384,-2.505],[-52.967,-2.657],[-53.002,-2.672],[-53.001,-2.672],[-52.904,-2.715],[-52.83,-2.762],[-52.803,-2.764],[-52.763,-2.744],[-52.684,-2.723],[-52.623,-2.716],[-52.557,-2.725],[-52.501,-2.774],[-52.39,-2.77],[-52.331,-2.783],[-52.29,-2.808],[-52.276,-2.83],[-52.234,-2.81],[-52.158,-2.811],[-52.108,-2.795],[-52.044,-2.792]]]}},{"type":"Feature","properties":{"code":"1506302"},"geometry":{"type":"Polygon","coordinates":[[[-48.962,-0.651],[-48.757,-0.751],[-48.691,-0.878],[-48.638,-0.896],[-48.63,-0.931],[-48.529,-0.973],[-48.463,-0.971],[-48.44,-0.979],[-48.41,-0.906],[-48.475,-0.874],[-48.506,-0.81],[-48.506,-0.751],[-48.572,-0.68],[-48.598,-0.682],[-48.622,-0.665],[-48.693,-0.658],[-48.721,-0.667],[-48.824,-0.65],[-48.962,-0.651]]]}},{"type":"Feature","properties":{"code":"1506351"},"geometry":{"type":"Polygon","coordinates":[[[-48.336,-1.25],[-48.264,-1.271],[-48.242,-1.295],[-48.225,-1.264],[-48.207,-1.257],[-48.203,-1.236],[-48.138,-1.2],[-48.153,-1.167],[-48.217,-1.145],[-48.224,-1.111],[-48.242,-1.089],[-48.277,-1.109],[-48.302,-1.106],[-48.296,-1.127],[-48.31,-1.163],[-48.353,-1.221],[-48.336,-1.25]]]}},{"type":"Feature","properties":{"code":"1506161"},"geometry":{"type":"Polygon","coordinates":[[[-49.828,-7.7],[-49.828,-7.372],[-49.801,-7.335],[-49.775,-7.349],[-49.742,-7.338],[-49.689,-7.339],[-49.665,-7.323],[-49.616,-7.322],[-49.602,-7.304],[-49.547,-7.295],[-49.52,-7.31],[-49.489,-7.304],[-49.485,-7.286],[-49.423,-7.275],[-49.396,-7.245],[-49.406,-7.233],[-49.342,-7.205],[-49.328,-7.176],[-49.305,-7.19],[-49.263,-7.178],[-49.25,-7.192],[-49.213,-7.175],[-49.194,-7.13],[-49.194,-7.041],[-49.588,-7.112],[-49.988,-7.185],[-50.376,-7.253],[-50.379,-7.288],[-50.404,-7.319],[-50.385,-7.344],[-50.391,-7.431],[-50.359,-7.452],[-50.348,-7.484],[-50.306,-7.516],[-50.232,-7.551],[-50.211,-7.58],[-50.155,-7.614],[-50.155,-7.653],[-50.125,-7.661],[-50.09,-7.684],[-50.04,-7.647],[-50.029,-7.656],[-49.973,-7.642],[-49.954,-7.66],[-49.9,-7.654],[-49.886,-7.67],[-49.846,-7.676],[-49.828,-7.7]]]}},{"type":"Feature","properties":{"code":"1506138"},"geometry":{"type":"Polygon","coordinates":[[[-49.827,-8.332],[-49.846,-8.309],[-49.857,-8.267],[-49.873,-8.245],[-49.866,-8.179],[-49.874,-8.145],[-49.9,-8.131],[-49.914,-8.097],[-49.905,-8.056],[-49.86,-8.003],[-49.832,-7.987],[-49.827,-7.968],[-49.856,-7.973],[-49.881,-7.949],[-49.927,-7.941],[-49.934,-7.921],[-49.979,-7.894],[-49.999,-7.862],[-50.026,-7.864],[-50.034,-7.842],[-50.115,-7.813],[-50.149,-7.837],[-50.22,-7.865],[-50.236,-7.881],[-50.294,-7.866],[-50.314,-7.822],[-50.346,-7.792],[-50.343,-7.779],[-50.39,-7.762],[-50.45,-7.715],[-50.469,-7.724],[-50.512,-7.766],[-50.543,-7.8],[-50.572,-7.869],[-50.551,-7.898],[-50.538,-7.956],[-50.517,-7.954],[-50.506,-8.023],[-50.523,-8.054],[-50.526,-8.098],[-50.56,-8.103],[-50.552,-8.145],[-50.6,-8.191],[-50.599,-8.21],[-50.526,-8.178],[-50.481,-8.179],[-50.462,-8.204],[-50.424,-8.216],[-50.404,-8.2],[-50.346,-8.186],[-50.313,-8.219],[-50.273,-8.245],[-50.25,-8.283],[-50.233,-8.291],[-50.214,-8.345],[-50.188,-8.36],[-50.163,-8.346],[-50.088,-8.37],[-50.07,-8.36],[-50.038,-8.388],[-49.996,-8.396],[-49.949,-8.377],[-49.92,-8.394],[-49.881,-8.386],[-49.867,-8.358],[-49.845,-8.356],[-49.827,-8.332]]]}},{"type":"Feature","properties":{"code":"1506203"},"geometry":{"type":"Polygon","coordinates":[[[-47.377,-0.823],[-47.349,-0.709],[-47.319,-0.712],[-47.299,-0.689],[-47.256,-0.666],[-47.262,-0.648],[-47.281,-0.638],[-47.286,-0.603],[-47.316,-0.592],[-47.386,-0.605],[-47.395,-0.654],[-47.426,-0.657],[-47.418,-0.691],[-47.395,-0.727],[-47.432,-0.733],[-47.401,-0.765],[-47.397,-0.815],[-47.377,-0.823]]]}},{"type":"Feature","properties":{"code":"1506195"},"geometry":{"type":"Polygon","coordinates":[[[-55.498,-4.62],[-55.461,-4.609],[-55.427,-4.616],[-55.379,-4.639],[-55.338,-4.63],[-55.31,-4.665],[-55.269,-4.667],[-55.222,-4.643],[-55.155,-4.642],[-55.128,-4.604],[-55.058,-4.599],[-55.044,-4.585],[-55.005,-4.578],[-54.981,-4.592],[-54.92,-4.537],[-54.916,-4.513],[-54.929,-4.49],[-54.901,-4.46],[-54.856,-4.44],[-54.842,-4.41],[-54.838,-4.39],[-54.876,-4.34],[-54.858,-4.312],[-54.848,-4.259],[-54.827,-4.234],[-54.795,-4.226],[-54.795,-4.202],[-54.818,-4.178],[-54.813,-4.137],[-54.788,-4.132],[-54.773,-4.046],[-54.741,-4.037],[-54.761,-3.989],[-54.754,-3.939],[-54.785,-3.939],[-54.747,-3.887],[-54.756,-3.851],[-54.717,-3.845],[-54.699,-3.812],[-54.7,-3.791],[-54.735,-3.771],[-54.755,-3.782],[-54.822,-3.774],[-54.854,-3.73],[-54.902,-3.724],[-54.903,-3.757],[-54.944,-3.809],[-54.963,-3.816],[-54.981,-3.848],[-55.016,-3.859],[-55.002,-3.892],[-55.018,-3.921],[-55.073,-3.938],[-55.094,-3.909],[-55.093,-3.873],[-55.147,-3.866],[-55.219,-3.895],[-55.242,-3.89],[-55.282,-3.922],[-55.326,-3.925],[-55.315,-3.983],[-55.299,-4.0],[-55.317,-4.078],[-55.532,-4.154],[-55.565,-4.141],[-55.565,-4.078],[-55.558,-4.025],[-55.575,-4.005],[-55.604,-4.022],[-55.623,-4.06],[-55.654,-4.091],[-55.728,-4.126],[-55.874,-4.216],[-55.846,-4.27],[-55.8,-4.29],[-55.735,-4.244],[-55.68,-4.303],[-55.657,-4.306],[-55.626,-4.372],[-55.624,-4.409],[-55.669,-4.455],[-55.651,-4.518],[-55.606,-4.505],[-55.571,-4.538],[-55.553,-4.532],[-55.526,-4.604],[-55.498,-4.62]]]}},{"type":"Feature","properties":{"code":"1506187"},"geometry":{"type":"Polygon","coordinates":[[[-48.058,-4.804],[-48.025,-4.778],[-47.816,-4.615],[-48.161,-4.201],[-48.213,-4.222],[-48.27,-4.215],[-48.306,-4.156],[-48.372,-4.084],[-48.388,-4.017],[-48.41,-4.033],[-48.439,-4.077],[-48.468,-4.071],[-48.514,-4.082],[-48.575,-4.122],[-48.605,-4.13],[-48.626,-4.119],[-48.68,-4.123],[-48.71,-4.106],[-48.746,-4.146],[-48.763,-4.232],[-48.773,-4.251],[-48.814,-4.27],[-48.846,-4.308],[-48.871,-4.308],[-48.92,-4.338],[-48.993,-4.369],[-49.017,-4.368],[-49.0,-4.409],[-49.001,-4.833],[-49.0,-4.833],[-48.953,-4.92],[-48.932,-4.946],[-48.912,-4.902],[-48.898,-4.836],[-48.873,-4.824],[-48.861,-4.749],[-48.827,-4.716],[-48.791,-4.708],[-48.772,-4.734],[-48.693,-4.781],[-48.675,-4.77],[-48.65,-4.806],[-48.613,-4.814],[-48.549,-4.829],[-48.507,-4.824],[-48.493,-4.859],[-48.455,-4.893],[-48.426,-4.862],[-48.378,-4.881],[-48.339,-4.885],[-48.306,-4.91],[-48.27,-4.923],[-48.195,-4.911],[-48.058,-4.804]]]}},{"type":"Feature","properties":{"code":"1505536"},"geometry":{"type":"Polygon","coordinates":[[[-51.037,-6.475],[-51.026,-6.457],[-50.964,-6.431],[-50.936,-6.405],[-50.947,-6.373],[-50.939,-6.329],[-50.893,-6.3],[-50.85,-6.292],[-50.817,-6.272],[-50.8,-6.307],[-50.822,-6.321],[-50.827,-6.376],[-50.791,-6.435],[-50.764,-6.46],[-50.758,-6.498],[-50.724,-6.494],[-50.716,-6.542],[-50.668,-6.544],[-50.603,-6.536],[-50.59,-6.522],[-50.542,-6.532],[-50.522,-6.508],[-50.483,-6.514],[-50.494,-6.482],[-50.479,-6.448],[-50.505,-6.421],[-50.508,-6.397],[-50.492,-6.35],[-50.522,-6.34],[-50.542,-6.266],[-50.568,-6.25],[-50.314,-6.25],[-49.823,-6.249],[-49.829,-6.218],[-49.788,-6.22],[-49.736,-6.208],[-49.736,-6.181],[-49.782,-6.114],[-49.773,-6.041],[-49.791,-6.022],[-49.791,-5.983],[-49.805,-5.904],[-49.802,-5.867],[-49.826,-5.856],[-49.867,-5.868],[-49.905,-5.855],[-49.933,-5.86],[-49.981,-5.92],[-50.012,-5.907],[-50.017,-5.945],[-50.059,-5.942],[-50.056,-5.906],[-50.071,-5.892],[-50.105,-5.924],[-50.146,-5.906],[-50.169,-5.91],[-50.195,-5.883],[-50.247,-5.917],[-50.299,-5.903],[-50.344,-5.864],[-50.39,-5.877],[-50.416,-5.856],[-50.455,-5.856],[-50.473,-5.875],[-50.531,-5.881],[-50.576,-5.919],[-50.65,-5.909],[-50.682,-5.919],[-50.715,-5.907],[-50.723,-5.955],[-50.75,-5.978],[-50.784,-5.987],[-50.802,-5.972],[-50.854,-5.983],[-50.913,-5.985],[-50.937,-5.971],[-50.978,-5.989],[-51.072,-6.122],[-51.092,-6.125],[-51.12,-6.171],[-51.127,-6.2],[-51.149,-6.217],[-51.16,-6.266],[-51.191,-6.269],[-51.199,-6.287],[-51.182,-6.32],[-51.152,-6.35],[-51.142,-6.423],[-51.158,-6.454],[-51.184,-6.467],[-51.147,-6.483],[-51.07,-6.491],[-51.037,-6.475]]]}},{"type":"Feature","properties":{"code":"1505502"},"geometry":{"type":"Polygon","coordinates":[[[-48.884,-3.568],[-48.87,-3.584],[-48.89,-3.637],[-48.871,-3.661],[-48.82,-3.688],[-48.816,-3.713],[-48.728,-3.726],[-48.686,-3.759],[-48.672,-3.749],[-48.622,-3.777],[-48.576,-3.811],[-48.517,-3.808],[-48.496,-3.824],[-48.451,-3.806],[-48.389,-3.837],[-48.341,-3.832],[-48.323,-3.814],[-48.29,-3.814],[-48.269,-3.795],[-48.211,-3.795],[-48.16,-3.804],[-48.105,-3.789],[-48.078,-3.807],[-48.032,-3.822],[-48.029,-3.802],[-47.999,-3.788],[-47.959,-3.734],[-47.919,-3.739],[-47.882,-3.732],[-47.861,-3.702],[-47.825,-3.683],[-47.776,-3.687],[-47.737,-3.699],[-47.681,-3.636],[-47.66,-3.584],[-47.594,-3.573],[-47.494,-3.544],[-47.441,-3.522],[-47.353,-3.473],[-47.338,-3.45],[-47.299,-3.457],[-47.208,-3.449],[-47.193,-3.513],[-47.224,-3.522],[-47.147,-3.619],[-47.094,-3.622],[-47.038,-3.564],[-47.016,-3.554],[-46.97,-3.513],[-46.982,-3.496],[-46.942,-3.449],[-46.956,-3.426],[-46.927,-3.376],[-46.884,-3.337],[-46.859,-3.343],[-46.832,-3.313],[-46.815,-3.312],[-46.802,-3.266],[-46.779,-3.241],[-46.77,-3.199],[-46.723,-3.159],[-46.75,-3.124],[-46.689,-3.093],[-46.673,-3.067],[-46.677,-3.034],[-46.669,-2.993],[-46.647,-2.97],[-46.673,-2.945],[-46.655,-2.932],[-46.673,-2.893],[-46.639,-2.884],[-46.641,-2.854],[-46.59,-2.846],[-46.599,-2.796],[-46.626,-2.807],[-46.631,-2.771],[-46.67,-2.735],[-46.671,-2.706],[-46.619,-2.665],[-46.622,-2.645],[-46.567,-2.627],[-46.507,-2.617],[-46.509,-2.591],[-46.474,-2.547],[-46.43,-2.537],[-46.436,-2.471],[-46.48,-2.482],[-46.485,-2.501],[-46.571,-2.496],[-46.629,-2.473],[-46.731,-2.417],[-46.775,-2.41],[-46.839,-2.424],[-46.863,-2.417],[-46.909,-2.422],[-46.975,-2.475],[-47.027,-2.497],[-47.051,-2.554],[-47.046,-2.581],[-47.057,-2.619],[-47.392,-2.89],[-47.411,-2.896],[-47.465,-2.876],[-47.499,-2.874],[-47.629,-2.799],[-47.664,-2.745],[-47.685,-2.734],[-47.675,-2.673],[-47.714,-2.566],[-47.729,-2.563],[-47.737,-2.525],[-47.765,-2.523],[-47.78,-2.582],[-47.831,-2.59],[-47.828,-2.622],[-47.871,-2.612],[-47.865,-2.646],[-47.9,-2.67],[-47.886,-2.706],[-47.907,-2.738],[-47.883,-2.747],[-47.88,-2.779],[-47.855,-2.772],[-47.851,-2.815],[-47.864,-2.83],[-47.841,-2.859],[-47.8,-2.844],[-47.786,-2.913],[-47.816,-2.937],[-47.791,-2.959],[-47.799,-2.979],[-47.853,-3.01],[-47.873,-2.998],[-47.92,-3.036],[-47.916,-3.066],[-47.953,-3.085],[-47.985,-3.07],[-48.001,-3.113],[-48.056,-3.105],[-48.069,-3.142],[-48.099,-3.154],[-48.09,-3.18],[-48.112,-3.209],[-48.138,-3.189],[-48.164,-3.204],[-48.158,-3.224],[-48.223,-3.223],[-48.259,-3.209],[-48.289,-3.222],[-48.305,-3.251],[-48.353,-3.23],[-48.409,-3.28],[-48.421,-3.261],[-48.474,-3.276],[-48.503,-3.26],[-48.54,-3.278],[-48.559,-3.303],[-48.609,-3.315],[-48.626,-3.308],[-48.653,-3.355],[-48.7,-3.335],[-48.697,-3.36],[-48.719,-3.385],[-48.761,-3.395],[-48.818,-3.469],[-48.837,-3.469],[-48.84,-3.521],[-48.861,-3.57],[-48.884,-3.568]]]}},{"type":"Feature","properties":{"code":"1505494"},"geometry":{"type":"Polygon","coordinates":[[[-48.391,-6.147],[-48.365,-6.147],[-48.325,-6.133],[-48.288,-6.098],[-48.298,-6.05],[-48.33,-6.04],[-48.335,-6.004],[-48.297,-5.97],[-48.233,-5.948],[-48.23,-5.923],[-48.292,-5.837],[-48.3,-5.796],[-48.29,-5.744],[-48.276,-5.726],[-48.231,-5.729],[-48.172,-5.709],[-48.239,-5.673],[-48.361,-5.699],[-48.482,-5.924],[-48.505,-5.942],[-48.511,-5.972],[-48.533,-6.013],[-48.531,-6.035],[-48.483,-6.094],[-48.44,-6.118],[-48.397,-6.129],[-48.391,-6.147]]]}},{"type":"Feature","properties":{"code":"1505486"},"geometry":{"type":"Polygon","coordinates":[[[-50.994,-4.271],[-50.938,-4.27],[-50.883,-4.289],[-50.818,-4.295],[-50.762,-4.25],[-50.716,-4.242],[-50.673,-4.209],[-50.794,-4.0],[-50.881,-3.854],[-50.5,-3.964],[-50.108,-4.078],[-50.107,-4.032],[-50.131,-4.027],[-50.121,-3.985],[-50.088,-3.958],[-50.071,-3.961],[-50.056,-3.922],[-50.018,-3.905],[-50.013,-3.859],[-49.983,-3.848],[-49.958,-3.788],[-49.989,-3.742],[-49.998,-3.714],[-49.968,-3.684],[-49.965,-3.661],[-49.937,-3.651],[-49.93,-3.62],[-49.898,-3.591],[-49.847,-3.576],[-49.806,-3.533],[-49.818,-3.509],[-49.808,-3.481],[-49.839,-3.436],[-49.834,-3.404],[-49.903,-3.368],[-49.909,-3.326],[-49.973,-3.32],[-50.006,-3.332],[-50.07,-3.301],[-50.08,-3.283],[-50.113,-3.27],[-50.157,-3.3],[-50.193,-3.273],[-50.21,-3.237],[-50.248,-3.243],[-50.255,-3.274],[-50.283,-3.301],[-50.321,-3.322],[-50.329,-3.351],[-50.363,-3.384],[-50.423,-3.413],[-50.437,-3.395],[-50.476,-3.399],[-50.496,-3.429],[-50.486,-3.458],[-50.809,-3.495],[-50.812,-3.425],[-50.841,-3.368],[-50.839,-3.317],[-50.85,-3.294],[-50.936,-3.231],[-50.935,-3.215],[-50.966,-3.189],[-50.975,-3.122],[-51.011,-3.129],[-51.03,-3.106],[-51.083,-3.107],[-51.114,-3.136],[-51.147,-3.116],[-51.175,-3.158],[-51.209,-3.156],[-51.239,-3.202],[-51.246,-3.247],[-51.261,-3.271],[-51.267,-3.309],[-51.224,-3.414],[-51.196,-3.449],[-51.167,-3.449],[-51.167,-3.667],[-51.201,-3.667],[-51.215,-3.732],[-51.229,-3.743],[-51.229,-3.782],[-51.257,-3.872],[-51.294,-3.906],[-51.283,-3.954],[-51.248,-3.985],[-51.249,-4.03],[-51.228,-4.031],[-51.207,-4.072],[-51.189,-4.082],[-51.16,-4.073],[-51.116,-4.082],[-51.07,-4.2],[-51.049,-4.23],[-51.019,-4.211],[-50.997,-4.213],[-50.986,-4.239],[-50.994,-4.271]]]}},{"type":"Feature","properties":{"code":"1505601"},"geometry":{"type":"Polygon","coordinates":[[[-47.206,-1.225],[-47.196,-1.18],[-47.212,-1.001],[-47.225,-0.964],[-47.294,-0.969],[-47.286,-0.987],[-47.301,-1.021],[-47.321,-1.031],[-47.319,-1.064],[-47.345,-1.107],[-47.343,-1.287],[-47.296,-1.28],[-47.206,-1.225]]]}},{"type":"Feature","properties":{"code":"1505551"},"geometry":{"type":"Polygon","coordinates":[[[-49.856,-7.973],[-49.828,-7.717],[-49.828,-7.7],[-49.846,-7.676],[-49.886,-7.67],[-49.9,-7.654],[-49.954,-7.66],[-49.973,-7.642],[-50.029,-7.656],[-50.04,-7.647],[-50.09,-7.684],[-50.125,-7.661],[-50.155,-7.653],[-50.155,-7.614],[-50.211,-7.58],[-50.232,-7.551],[-50.306,-7.516],[-50.348,-7.484],[-50.367,-7.532],[-50.368,-7.575],[-50.341,-7.601],[-50.346,-7.659],[-50.393,-7.651],[-50.394,-7.675],[-50.45,-7.715],[-50.39,-7.762],[-50.343,-7.779],[-50.346,-7.792],[-50.314,-7.822],[-50.294,-7.866],[-50.236,-7.881],[-50.22,-7.865],[-50.149,-7.837],[-50.115,-7.813],[-50.034,-7.842],[-50.026,-7.864],[-49.999,-7.862],[-49.979,-7.894],[-49.934,-7.921],[-49.927,-7.941],[-49.881,-7.949],[-49.856,-7.973]]]}},{"type":"Feature","properties":{"code":"1505403"},"geometry":{"type":"Polygon","coordinates":[[[-47.307,-1.611],[-47.28,-1.585],[-47.241,-1.593],[-47.2,-1.589],[-47.19,-1.575],[-47.15,-1.574],[-47.139,-1.557],[-47.096,-1.561],[-47.07,-1.539],[-47.042,-1.55],[-47.028,-1.577],[-46.98,-1.597],[-46.976,-1.508],[-47.058,-1.456],[-47.038,-1.419],[-47.055,-1.383],[-47.069,-1.386],[-47.153,-1.365],[-47.188,-1.394],[-47.247,-1.488],[-47.286,-1.537],[-47.325,-1.564],[-47.328,-1.606],[-47.307,-1.611]]]}},{"type":"Feature","properties":{"code":"1505437"},"geometry":{"type":"Polygon","coordinates":[[[-51.782,-8.38],[-51.796,-8.351],[-51.888,-8.309],[-51.911,-8.249],[-51.881,-8.218],[-51.866,-8.244],[-51.776,-8.274],[-51.754,-8.23],[-51.719,-8.227],[-51.658,-8.247],[-51.598,-8.192],[-51.56,-8.193],[-51.547,-8.207],[-51.491,-8.153],[-51.466,-8.106],[-51.435,-8.077],[-51.442,-8.028],[-51.422,-8.004],[-51.403,-8.017],[-51.343,-8.001],[-51.333,-7.973],[-51.308,-7.977],[-51.252,-7.956],[-51.231,-7.905],[-51.177,-7.876],[-51.136,-7.769],[-51.185,-7.732],[-51.199,-7.687],[-51.213,-7.677],[-51.216,-7.629],[-51.24,-7.611],[-51.233,-7.585],[-51.194,-7.566],[-51.184,-7.544],[-51.2,-7.519],[-51.2,-7.472],[-51.212,-7.428],[-51.23,-7.404],[-51.213,-7.373],[-51.204,-7.327],[-51.141,-7.361],[-51.116,-7.34],[-51.063,-7.321],[-51.025,-7.36],[-50.972,-7.373],[-50.953,-7.375],[-50.922,-7.332],[-50.895,-7.338],[-50.82,-7.316],[-50.764,-7.35],[-50.725,-7.343],[-50.699,-7.323],[-50.661,-7.312],[-50.611,-7.23],[-50.576,-7.237],[-50.509,-7.193],[-50.531,-7.142],[-50.538,-7.098],[-50.563,-7.076],[-50.648,-7.056],[-50.651,-7.042],[-50.735,-6.999],[-50.765,-6.995],[-50.754,-6.934],[-50.754,-6.874],[-50.828,-6.828],[-50.857,-6.766],[-50.897,-6.747],[-50.901,-6.71],[-50.947,-6.698],[-50.994,-6.667],[-51.013,-6.636],[-51.01,-6.591],[-51.048,-6.556],[-51.062,-6.524],[-51.044,-6.507],[-51.037,-6.475],[-51.07,-6.491],[-51.147,-6.483],[-51.184,-6.467],[-51.146,-6.515],[-51.151,-6.551],[-51.144,-6.591],[-51.125,-6.624],[-51.134,-6.638],[-51.083,-6.66],[-51.075,-6.679],[-51.088,-6.72],[-51.103,-6.736],[-51.103,-6.878],[-51.17,-6.915],[-51.207,-6.962],[-51.266,-6.972],[-51.302,-7.002],[-51.334,-7.044],[-51.388,-7.048],[-51.422,-7.033],[-51.447,-7.007],[-51.541,-7.003],[-51.612,-7.01],[-51.669,-6.997],[-51.684,-7.023],[-51.657,-7.087],[-51.664,-7.112],[-51.654,-7.152],[-51.661,-7.191],[-51.725,-7.245],[-51.749,-7.274],[-51.754,-7.308],[-51.776,-7.324],[-51.765,-7.37],[-51.8,-7.415],[-51.819,-7.453],[-51.819,-7.482],[-51.839,-7.492],[-51.867,-7.53],[-51.883,-7.589],[-51.883,-7.702],[-51.934,-7.723],[-51.962,-7.771],[-51.999,-7.742],[-52.038,-7.729],[-52.103,-7.767],[-52.146,-7.814],[-52.148,-7.839],[-52.131,-7.867],[-52.166,-7.883],[-52.173,-7.91],[-52.166,-7.974],[-52.142,-7.994],[-52.164,-8.034],[-52.145,-8.06],[-52.119,-8.18],[-52.072,-8.215],[-52.083,-8.278],[-52.078,-8.314],[-52.033,-8.337],[-52.025,-8.407],[-51.997,-8.424],[-51.955,-8.421],[-51.938,-8.441],[-51.892,-8.427],[-51.856,-8.426],[-51.782,-8.38]]]}},{"type":"Feature","properties":{"code":"1505809"},"geometry":{"type":"Polygon","coordinates":[[[-51.147,-3.116],[-51.114,-3.136],[-51.083,-3.107],[-51.03,-3.106],[-51.011,-3.129],[-50.975,-3.122],[-50.966,-3.189],[-50.935,-3.215],[-50.936,-3.231],[-50.85,-3.294],[-50.839,-3.317],[-50.841,-3.368],[-50.812,-3.425],[-50.809,-3.495],[-50.486,-3.458],[-50.496,-3.429],[-50.476,-3.399],[-50.437,-3.395],[-50.423,-3.413],[-50.363,-3.384],[-50.329,-3.351],[-50.321,-3.322],[-50.283,-3.301],[-50.255,-3.274],[-50.248,-3.243],[-50.21,-3.237],[-50.193,-3.273],[-50.157,-3.3],[-50.113,-3.27],[-50.08,-3.283],[-50.07,-3.301],[-50.006,-3.332],[-49.973,-3.32],[-49.909,-3.326],[-49.923,-3.305],[-49.935,-3.257],[-49.931,-3.228],[-49.973,-3.191],[-49.971,-3.163],[-50.007,-3.127],[-50.007,-3.097],[-50.021,-3.074],[-50.069,-3.036],[-50.086,-3.032],[-50.111,-2.994],[-50.086,-2.961],[-50.116,-2.948],[-50.094,-2.885],[-50.119,-2.872],[-50.142,-2.824],[-50.148,-2.681],[-50.132,-2.646],[-50.163,-2.59],[-50.206,-2.527],[-50.276,-2.506],[-50.312,-2.457],[-50.35,-2.384],[-50.367,-2.331],[-50.391,-2.307],[-50.413,-2.258],[-50.448,-2.22],[-50.506,-2.193],[-50.52,-2.126],[-50.542,-2.065],[-50.572,-2.012],[-50.558,-1.986],[-50.519,-1.961],[-50.484,-1.96],[-50.455,-1.932],[-50.503,-1.921],[-50.526,-1.923],[-50.581,-1.861],[-50.611,-1.807],[-50.639,-1.791],[-50.675,-1.796],[-50.736,-1.866],[-50.74,-1.889],[-50.798,-1.913],[-50.845,-1.893],[-50.876,-1.868],[-50.912,-1.887],[-50.941,-1.859],[-50.983,-1.841],[-51.035,-1.845],[-51.053,-1.821],[-51.114,-1.825],[-51.158,-1.81],[-51.219,-1.799],[-51.272,-1.757],[-51.301,-1.748],[-51.346,-1.777],[-51.433,-1.797],[-51.48,-1.836],[-51.516,-1.842],[-51.554,-1.867],[-51.599,-1.88],[-51.642,-1.873],[-51.673,-1.858],[-51.732,-1.891],[-51.755,-1.938],[-51.826,-1.963],[-51.875,-1.945],[-51.906,-2.003],[-51.916,-2.074],[-51.94,-2.108],[-51.94,-2.257],[-51.923,-2.278],[-51.92,-2.332],[-51.867,-2.364],[-51.862,-2.387],[-51.879,-2.419],[-51.874,-2.461],[-51.848,-2.508],[-51.855,-2.553],[-51.856,-2.595],[-51.84,-2.628],[-51.82,-2.698],[-51.798,-2.728],[-51.758,-2.833],[-51.748,-2.845],[-51.72,-2.796],[-51.645,-2.77],[-51.572,-2.765],[-51.533,-2.744],[-51.504,-2.746],[-51.449,-2.77],[-51.441,-2.808],[-51.415,-2.841],[-51.398,-2.889],[-51.351,-2.915],[-51.327,-2.94],[-51.309,-2.931],[-51.275,-2.959],[-51.234,-2.977],[-51.21,-2.999],[-51.161,-3.019],[-51.155,-3.042],[-51.17,-3.066],[-51.198,-3.068],[-51.147,-3.116]]]}},{"type":"Feature","properties":{"code":"1505650"},"geometry":{"type":"Polygon","coordinates":[[[-54.1,-4.232],[-54.111,-4.212],[-54.083,-4.183],[-54.094,-4.159],[-54.086,-4.099],[-54.054,-4.072],[-54.137,-4.032],[-54.135,-3.988],[-54.11,-3.974],[-54.117,-3.93],[-54.108,-3.898],[-54.118,-3.874],[-54.11,-3.826],[-54.148,-3.837],[-54.169,-3.824],[-54.153,-3.777],[-54.189,-3.755],[-54.205,-3.732],[-54.254,-3.693],[-54.254,-3.662],[-54.224,-3.643],[-54.247,-3.592],[-54.269,-3.568],[-54.263,-3.49],[-54.276,-3.478],[-54.258,-3.449],[-54.288,-3.417],[-54.286,-3.402],[-54.327,-3.392],[-54.341,-3.378],[-54.389,-3.371],[-54.455,-3.391],[-54.498,-3.395],[-54.517,-3.371],[-54.543,-3.36],[-54.572,-3.366],[-54.576,-3.388],[-54.605,-3.413],[-54.647,-3.42],[-54.679,-3.446],[-54.712,-3.488],[-54.701,-3.523],[-54.802,-3.527],[-54.834,-3.556],[-54.895,-3.563],[-54.917,-3.6],[-54.905,-3.654],[-54.924,-3.701],[-54.953,-3.727],[-54.944,-3.809],[-54.903,-3.757],[-54.902,-3.724],[-54.854,-3.73],[-54.822,-3.774],[-54.755,-3.782],[-54.735,-3.771],[-54.7,-3.791],[-54.699,-3.812],[-54.717,-3.845],[-54.756,-3.851],[-54.747,-3.887],[-54.785,-3.939],[-54.754,-3.939],[-54.761,-3.989],[-54.741,-4.037],[-54.773,-4.046],[-54.788,-4.132],[-54.813,-4.137],[-54.818,-4.178],[-54.795,-4.202],[-54.795,-4.226],[-54.827,-4.234],[-54.848,-4.259],[-54.858,-4.312],[-54.876,-4.34],[-54.838,-4.39],[-54.842,-4.41],[-54.813,-4.428],[-54.797,-4.464],[-54.736,-4.425],[-54.724,-4.384],[-54.675,-4.316],[-54.643,-4.327],[-54.609,-4.356],[-54.609,-4.377],[-54.582,-4.393],[-54.558,-4.378],[-54.503,-4.359],[-54.498,-4.338],[-54.534,-4.333],[-54.516,-4.28],[-54.49,-4.251],[-54.451,-4.243],[-54.413,-4.291],[-54.391,-4.295],[-54.367,-4.265],[-54.305,-4.28],[-54.302,-4.312],[-54.226,-4.304],[-54.244,-4.285],[-54.221,-4.268],[-54.2,-4.203],[-54.171,-4.191],[-54.1,-4.232]]]}},{"type":"Feature","properties":{"code":"1505635"},"geometry":{"type":"Polygon","coordinates":[[[-48.853,-6.749],[-48.826,-6.755],[-48.769,-6.731],[-48.729,-6.689],[-48.683,-6.678],[-48.666,-6.664],[-48.652,-6.64],[-48.664,-6.568],[-48.646,-6.509],[-48.634,-6.491],[-48.626,-6.479],[-48.75,-6.378],[-48.796,-6.379],[-48.817,-6.361],[-48.856,-6.351],[-48.884,-6.311],[-48.96,-6.312],[-48.964,-6.342],[-48.941,-6.406],[-48.946,-6.429],[-49.0,-6.385],[-49.051,-6.377],[-49.055,-6.35],[-49.08,-6.324],[-49.106,-6.318],[-49.162,-6.267],[-49.199,-6.264],[-49.203,-6.263],[-49.411,-6.445],[-49.125,-6.822],[-49.083,-6.843],[-49.038,-6.809],[-49.019,-6.784],[-48.964,-6.779],[-48.914,-6.757],[-48.853,-6.749]]]}},{"type":"Feature","properties":{"code":"1505700"},"geometry":{"type":"Polygon","coordinates":[[[-49.524,-0.971],[-49.479,-0.99],[-49.445,-0.956],[-49.452,-0.936],[-49.437,-0.913],[-49.401,-0.927],[-49.329,-0.938],[-49.327,-0.972],[-49.22,-1.0],[-49.2,-1.024],[-49.2,-1.049],[-49.177,-1.063],[-49.191,-1.093],[-49.213,-1.107],[-49.194,-1.156],[-49.166,-1.156],[-49.13,-1.201],[-49.115,-1.24],[-49.095,-1.253],[-49.089,-1.28],[-49.105,-1.318],[-49.11,-1.377],[-49.102,-1.404],[-48.99,-1.484],[-48.969,-1.49],[-48.964,-1.524],[-48.948,-1.551],[-48.837,-1.521],[-48.776,-1.474],[-48.702,-1.322],[-48.652,-1.232],[-48.624,-1.192],[-48.608,-1.172],[-48.673,-1.175],[-48.714,-1.188],[-48.745,-1.188],[-48.801,-1.213],[-48.865,-1.2],[-48.893,-1.158],[-48.918,-1.14],[-48.914,-1.089],[-48.928,-1.04],[-48.967,-1.034],[-48.962,-0.98],[-48.996,-0.978],[-49.03,-0.959],[-49.05,-0.901],[-49.085,-0.89],[-49.143,-0.841],[-49.15,-0.819],[-49.191,-0.82],[-49.186,-0.774],[-49.192,-0.74],[-49.214,-0.733],[-49.249,-0.768],[-49.276,-0.757],[-49.299,-0.772],[-49.318,-0.755],[-49.321,-0.726],[-49.362,-0.738],[-49.486,-0.669],[-49.483,-0.713],[-49.501,-0.749],[-49.544,-0.876],[-49.524,-0.971]]]}},{"type":"Feature","properties":{"code":"1505007"},"geometry":{"type":"Polygon","coordinates":[[[-47.343,-1.287],[-47.345,-1.107],[-47.319,-1.064],[-47.321,-1.031],[-47.301,-1.021],[-47.286,-0.987],[-47.294,-0.969],[-47.403,-0.977],[-47.4,-1.016],[-47.412,-1.062],[-47.446,-1.114],[-47.452,-1.151],[-47.467,-1.162],[-47.476,-1.203],[-47.496,-1.237],[-47.481,-1.264],[-47.429,-1.301],[-47.428,-1.37],[-47.343,-1.287]]]}},{"type":"Feature","properties":{"code":"1504976"},"geometry":{"type":"Polygon","coordinates":[[[-49.311,-5.193],[-49.245,-5.284],[-49.183,-5.337],[-49.146,-5.312],[-49.128,-5.278],[-49.165,-5.257],[-49.148,-5.218],[-49.152,-5.18],[-49.134,-5.126],[-49.142,-5.078],[-49.116,-5.058],[-49.102,-5.024],[-49.054,-4.978],[-49.058,-4.96],[-49.033,-4.919],[-49.0,-4.907],[-49.0,-4.833],[-49.001,-4.833],[-49.041,-4.854],[-49.181,-4.835],[-49.194,-4.847],[-49.226,-4.827],[-49.238,-4.78],[-49.258,-4.737],[-49.281,-4.708],[-49.324,-4.707],[-49.375,-4.743],[-49.418,-4.687],[-49.426,-4.781],[-49.406,-4.853],[-49.405,-4.903],[-49.366,-4.916],[-49.321,-4.981],[-49.328,-5.038],[-49.319,-5.08],[-49.319,-5.159],[-49.311,-5.193]]]}},{"type":"Feature","properties":{"code":"1505064"},"geometry":{"type":"Polygon","coordinates":[[[-50.516,-5.178],[-50.503,-5.136],[-50.51,-5.116],[-50.478,-5.082],[-50.482,-5.057],[-50.479,-4.965],[-50.392,-4.962],[-50.358,-4.934],[-50.307,-4.947],[-50.319,-4.919],[-50.287,-4.872],[-50.316,-4.827],[-50.0,-4.819],[-49.772,-4.813],[-49.5,-4.784],[-49.459,-4.764],[-49.425,-4.697],[-49.437,-4.658],[-49.407,-4.627],[-49.407,-4.607],[-49.467,-4.559],[-49.497,-4.5],[-49.495,-4.465],[-49.511,-4.406],[-49.506,-4.383],[-49.526,-4.319],[-49.559,-4.257],[-49.595,-4.148],[-49.607,-4.073],[-49.806,-4.071],[-49.81,-4.037],[-49.848,-3.968],[-49.901,-4.024],[-49.931,-4.072],[-49.983,-4.053],[-50.046,-4.075],[-50.108,-4.078],[-50.5,-3.964],[-50.881,-3.854],[-50.794,-4.0],[-50.673,-4.209],[-50.716,-4.242],[-50.762,-4.25],[-50.818,-4.295],[-50.883,-4.289],[-50.938,-4.27],[-50.994,-4.271],[-50.982,-4.29],[-50.996,-4.347],[-50.901,-4.412],[-50.88,-4.447],[-50.903,-4.471],[-50.907,-4.496],[-50.895,-4.582],[-50.92,-4.626],[-50.906,-4.675],[-50.93,-4.684],[-50.907,-4.729],[-50.94,-4.762],[-50.921,-4.817],[-50.912,-4.865],[-50.858,-4.869],[-50.855,-4.941],[-50.86,-5.0],[-50.889,-5.077],[-50.93,-5.151],[-50.846,-5.165],[-50.813,-5.152],[-50.753,-5.176],[-50.72,-5.175],[-50.634,-5.183],[-50.571,-5.197],[-50.516,-5.178]]]}},{"type":"Feature","properties":{"code":"1505031"},"geometry":{"type":"Polygon","coordinates":[[[-54.614,-9.536],[-54.632,-9.503],[-54.671,-9.485],[-54.687,-9.429],[-54.684,-9.405],[-54.718,-9.373],[-54.732,-9.316],[-54.772,-9.3],[-54.72,-9.239],[-54.711,-9.21],[-54.675,-9.186],[-54.681,-9.153],[-54.718,-9.156],[-54.751,-9.11],[-54.811,-9.092],[-54.874,-9.063],[-54.944,-9.051],[-54.968,-9.072],[-54.984,-9.053],[-55.112,-9.038],[-55.118,-8.987],[-55.172,-8.967],[-55.161,-8.915],[-55.182,-8.869],[-55.178,-8.843],[-55.222,-8.847],[-55.242,-8.827],[-55.236,-8.781],[-55.271,-8.738],[-55.258,-8.716],[-55.208,-8.732],[-55.177,-8.701],[-55.151,-8.743],[-55.119,-8.773],[-55.09,-8.776],[-55.069,-8.718],[-55.083,-8.693],[-55.12,-8.66],[-55.171,-8.632],[-55.166,-8.553],[-55.177,-8.515],[-55.208,-8.475],[-55.19,-8.421],[-55.214,-8.382],[-55.195,-8.347],[-55.215,-8.303],[-55.2,-8.283],[-55.238,-8.233],[-55.203,-8.169],[-55.213,-8.143],[-55.172,-8.114],[-55.127,-8.062],[-55.144,-8.005],[-55.114,-7.971],[-55.082,-7.965],[-55.064,-7.934],[-55.088,-7.877],[-55.055,-7.854],[-55.041,-7.832],[-55.007,-7.817],[-55.015,-7.752],[-55.079,-7.728],[-55.112,-7.695],[-55.08,-7.654],[-55.064,-7.588],[-55.065,-7.526],[-55.087,-7.52],[-55.108,-7.487],[-55.147,-7.491],[-55.176,-7.458],[-55.152,-7.439],[-55.21,-7.398],[-55.193,-7.353],[-55.21,-7.331],[-55.197,-7.299],[-55.2,-7.245],[-55.21,-7.223],[-55.245,-7.218],[-55.236,-7.195],[-55.252,-7.159],[-55.24,-7.109],[-55.252,-6.979],[-55.226,-6.972],[-55.236,-6.928],[-55.223,-6.905],[-55.194,-6.891],[-55.221,-6.848],[-55.203,-6.837],[-55.204,-6.774],[-55.196,-6.758],[-55.19,-6.695],[-55.206,-6.687],[-55.214,-6.642],[-55.25,-6.648],[-55.276,-6.619],[-55.283,-6.582],[-55.312,-6.553],[-55.415,-6.472],[-55.484,-6.455],[-55.492,-6.43],[-55.529,-6.409],[-55.593,-6.386],[-55.636,-6.39],[-55.696,-6.346],[-55.72,-6.295],[-55.742,-6.329],[-55.781,-6.358],[-55.765,-6.413],[-55.835,-6.484],[-55.852,-6.483],[-55.891,-6.537],[-55.914,-6.526],[-55.949,-6.562],[-55.996,-6.569],[-56.011,-6.601],[-56.047,-6.59],[-56.074,-6.62],[-56.064,-6.65],[-56.087,-6.685],[-56.148,-6.73],[-56.13,-6.771],[-56.154,-6.801],[-56.141,-6.826],[-56.14,-6.871],[-56.169,-6.899],[-56.175,-6.934],[-56.21,-6.94],[-56.205,-6.995],[-56.227,-7.027],[-56.228,-7.059],[-56.211,-7.079],[-56.218,-7.156],[-56.233,-7.18],[-56.211,-7.202],[-56.233,-7.254],[-56.206,-7.272],[-56.253,-7.321],[-56.24,-7.331],[-56.23,-7.421],[-56.194,-7.444],[-56.169,-7.49],[-56.166,-7.535],[-56.176,-7.557],[-56.165,-7.608],[-56.173,-7.655],[-56.144,-7.713],[-56.157,-7.753],[-56.139,-7.809],[-56.112,-7.841],[-56.102,-7.87],[-56.117,-7.918],[-56.065,-7.937],[-56.058,-7.992],[-56.083,-8.041],[-56.087,-8.094],[-56.13,-8.128],[-56.127,-8.167],[-56.159,-8.242],[-56.16,-8.406],[-56.157,-9.0],[-56.157,-9.41],[-55.867,-9.434],[-55.378,-9.474],[-54.998,-9.505],[-54.614,-9.536]]]}},{"type":"Feature","properties":{"code":"1504901"},"geometry":{"type":"Polygon","coordinates":[[[-49.416,-1.719],[-49.323,-1.704],[-49.233,-1.705],[-49.172,-1.716],[-49.154,-1.702],[-49.131,-1.685],[-49.064,-1.611],[-49.013,-1.573],[-48.948,-1.551],[-48.964,-1.524],[-48.969,-1.49],[-48.99,-1.484],[-49.102,-1.404],[-49.11,-1.377],[-49.105,-1.318],[-49.089,-1.28],[-49.095,-1.253],[-49.115,-1.24],[-49.13,-1.201],[-49.166,-1.156],[-49.194,-1.156],[-49.213,-1.107],[-49.191,-1.093],[-49.177,-1.063],[-49.2,-1.049],[-49.2,-1.024],[-49.22,-1.0],[-49.327,-0.972],[-49.329,-0.938],[-49.401,-0.927],[-49.437,-0.913],[-49.452,-0.936],[-49.445,-0.956],[-49.479,-0.99],[-49.524,-0.971],[-49.533,-1.005],[-49.483,-1.026],[-49.473,-1.055],[-49.506,-1.069],[-49.507,-1.114],[-49.527,-1.188],[-49.59,-1.332],[-49.623,-1.346],[-49.601,-1.368],[-49.544,-1.38],[-49.496,-1.421],[-49.52,-1.456],[-49.52,-1.495],[-49.505,-1.52],[-49.496,-1.618],[-49.451,-1.652],[-49.416,-1.719]]]}},{"type":"Feature","properties":{"code":"1504950"},"geometry":{"type":"Polygon","coordinates":[[[-47.392,-2.89],[-47.057,-2.619],[-47.046,-2.581],[-47.051,-2.554],[-47.027,-2.497],[-46.975,-2.475],[-46.909,-2.422],[-46.863,-2.417],[-46.839,-2.424],[-46.775,-2.41],[-46.731,-2.417],[-46.629,-2.473],[-46.571,-2.496],[-46.485,-2.501],[-46.48,-2.482],[-46.436,-2.471],[-46.439,-2.413],[-46.5,-2.381],[-46.605,-2.223],[-46.607,-2.237],[-46.844,-1.9],[-46.858,-1.914],[-46.848,-1.943],[-46.851,-2.064],[-46.869,-2.097],[-46.867,-2.124],[-46.905,-2.156],[-46.888,-2.21],[-46.925,-2.218],[-46.952,-2.248],[-47.001,-2.279],[-47.033,-2.29],[-47.04,-2.308],[-47.081,-2.325],[-47.071,-2.348],[-47.103,-2.358],[-47.111,-2.402],[-47.106,-2.453],[-47.09,-2.473],[-47.088,-2.505],[-47.105,-2.552],[-47.141,-2.553],[-47.157,-2.573],[-47.214,-2.593],[-47.27,-2.569],[-47.337,-2.576],[-47.339,-2.614],[-47.311,-2.65],[-47.346,-2.664],[-47.37,-2.686],[-47.371,-2.716],[-47.391,-2.749],[-47.406,-2.834],[-47.392,-2.89]]]}},{"type":"Feature","properties":{"code":"1505304"},"geometry":{"type":"Polygon","coordinates":[[[-55.903,-1.999],[-55.869,-1.968],[-55.85,-1.968],[-55.82,-1.916],[-55.802,-1.927],[-55.757,-1.886],[-55.73,-1.886],[-55.723,-1.857],[-55.752,-1.837],[-55.672,-1.785],[-55.685,-1.531],[-55.694,-1.498],[-55.718,-1.483],[-55.736,-1.439],[-55.732,-1.408],[-55.7,-1.356],[-55.71,-1.327],[-55.757,-1.324],[-55.794,-1.306],[-55.816,-1.278],[-55.865,-1.296],[-55.901,-1.292],[-55.955,-1.301],[-56.009,-1.289],[-56.036,-1.26],[-56.039,-1.224],[-56.069,-1.207],[-56.052,-1.105],[-56.041,-1.072],[-56.081,-1.028],[-56.074,-0.972],[-56.106,-0.915],[-56.14,-0.884],[-56.146,-0.854],[-56.209,-0.846],[-56.226,-0.857],[-56.25,-0.774],[-56.267,-0.752],[-56.246,-0.722],[-56.245,-0.696],[-56.216,-0.674],[-56.201,-0.597],[-56.214,-0.58],[-56.199,-0.545],[-56.155,-0.503],[-56.13,-0.517],[-56.111,-0.497],[-56.095,-0.441],[-56.067,-0.43],[-56.043,-0.403],[-56.052,-0.35],[-56.039,-0.326],[-56.055,-0.3],[-56.052,-0.267],[-56.023,-0.22],[-56.028,-0.087],[-56.045,-0.031],[-56.093,0.028],[-56.09,0.054],[-56.139,0.117],[-56.148,0.152],[-56.171,0.18],[-56.175,0.205],[-56.15,0.263],[-56.161,0.317],[-56.141,0.337],[-56.102,0.4],[-56.023,0.379],[-56.016,0.359],[-55.979,0.347],[-55.948,0.347],[-55.895,0.368],[-55.904,0.425],[-55.922,0.441],[-55.915,0.48],[-55.919,0.527],[-55.938,0.546],[-55.959,0.536],[-55.977,0.558],[-55.965,0.596],[-55.97,0.63],[-55.948,0.719],[-55.895,0.738],[-55.887,0.782],[-55.858,0.79],[-55.843,0.817],[-55.795,0.82],[-55.773,0.875],[-55.746,0.89],[-55.758,0.917],[-55.745,0.968],[-55.73,0.986],[-55.74,1.023],[-55.727,1.049],[-55.727,1.093],[-55.657,1.127],[-55.658,1.153],[-55.628,1.177],[-55.633,1.196],[-55.6,1.227],[-55.61,1.262],[-55.589,1.297],[-55.59,1.331],[-55.612,1.359],[-55.621,1.401],[-55.661,1.442],[-55.732,1.465],[-55.748,1.516],[-55.798,1.605],[-55.822,1.726],[-55.839,1.762],[-55.811,1.805],[-55.824,1.866],[-55.836,1.958],[-55.848,1.99],[-55.881,2.037],[-55.871,2.074],[-55.899,2.108],[-55.898,2.128],[-55.925,2.172],[-55.953,2.195],[-55.957,2.236],[-55.944,2.294],[-55.947,2.332],[-55.924,2.368],[-55.868,2.4],[-55.834,2.409],[-55.786,2.394],[-55.72,2.401],[-55.748,2.409],[-55.765,2.455],[-55.83,2.458],[-55.88,2.488],[-55.9,2.516],[-55.931,2.531],[-55.989,2.514],[-55.986,2.431],[-56.039,2.361],[-56.05,2.335],[-56.082,2.364],[-56.093,2.322],[-56.113,2.31],[-56.138,2.265],[-56.104,2.246],[-56.047,2.235],[-56.033,2.217],[-56.053,2.184],[-56.034,2.169],[-56.002,2.168],[-55.968,2.115],[-55.943,2.09],[-55.924,2.053],[-55.9,2.041],[-55.917,1.991],[-55.939,1.993],[-55.914,1.922],[-55.895,1.895],[-55.929,1.88],[-55.957,1.852],[-56.01,1.839],[-56.035,1.855],[-56.099,1.851],[-56.13,1.864],[-56.161,1.893],[-56.234,1.9],[-56.268,1.884],[-56.31,1.923],[-56.36,1.944],[-56.406,1.918],[-56.421,1.943],[-56.459,1.951],[-56.542,1.913],[-56.583,1.905],[-56.626,1.945],[-56.651,1.915],[-56.682,1.911],[-56.715,1.925],[-56.737,1.914],[-56.775,1.863],[-56.801,1.866],[-56.844,1.89],[-56.914,1.894],[-56.955,1.871],[-57.01,1.918],[-57.041,1.953],[-57.07,1.962],[-57.071,1.996],[-57.087,2.03],[-57.116,2.033],[-57.135,2.002],[-57.203,1.98],[-57.229,1.954],[-57.258,1.953],[-57.272,1.984],[-57.308,1.996],[-57.32,1.978],[-57.358,1.973],[-57.363,1.929],[-57.434,1.908],[-57.432,1.863],[-57.446,1.811],[-57.509,1.781],[-57.515,1.724],[-57.541,1.722],[-57.557,1.69],[-57.622,1.698],[-57.657,1.686],[-57.672,1.697],[-57.776,1.728],[-57.8,1.687],[-57.828,1.691],[-57.852,1.677],[-57.9,1.672],[-57.916,1.644],[-57.996,1.657],[-57.985,1.63],[-57.989,1.539],[-58.02,1.504],[-58.063,1.525],[-58.13,1.498],[-58.149,1.507],[-58.154,1.54],[-58.192,1.573],[-58.24,1.548],[-58.261,1.57],[-58.321,1.565],[-58.396,1.52],[-58.383,1.472],[-58.425,1.47],[-58.445,1.455],[-58.511,1.461],[-58.499,1.397],[-58.457,1.373],[-58.477,1.343],[-58.471,1.312],[-58.49,1.299],[-58.499,1.266],[-58.538,1.274],[-58.561,1.292],[-58.589,1.27],[-58.629,1.288],[-58.682,1.297],[-58.709,1.294],[-58.731,1.209],[-58.753,1.209],[-58.773,1.186],[-58.858,1.186],[-58.862,1.206],[-58.896,1.23],[-58.895,0.905],[-58.896,0.592],[-58.895,0.264],[-58.895,-0.011],[-58.873,-0.008],[-58.85,-0.032],[-58.824,-0.033],[-58.837,-0.075],[-58.795,-0.074],[-58.771,-0.057],[-58.715,-0.066],[-58.706,-0.106],[-58.715,-0.122],[-58.667,-0.162],[-58.636,-0.216],[-58.631,-0.242],[-58.589,-0.272],[-58.533,-0.271],[-58.482,-0.29],[-58.453,-0.28],[-58.441,-0.295],[-58.474,-0.332],[-58.448,-0.361],[-58.491,-0.38],[-58.52,-0.376],[-58.513,-0.407],[-58.522,-0.433],[-58.509,-0.45],[-58.441,-0.439],[-58.413,-0.447],[-58.398,-0.475],[-58.346,-0.482],[-58.327,-0.53],[-58.317,-0.616],[-58.286,-0.65],[-58.266,-0.687],[-58.223,-0.739],[-58.234,-0.77],[-58.203,-0.807],[-58.187,-0.79],[-58.146,-0.793],[-58.091,-0.813],[-58.072,-0.793],[-58.0,-0.792],[-57.984,-0.806],[-57.982,-0.843],[-57.914,-0.86],[-57.876,-0.888],[-57.855,-0.924],[-57.822,-0.926],[-57.77,-0.95],[-57.758,-0.989],[-57.716,-0.989],[-57.716,-1.023],[-57.679,-1.051],[-57.678,-1.081],[-57.652,-1.095],[-57.591,-1.099],[-57.581,-1.124],[-57.553,-1.126],[-57.529,-1.173],[-57.521,-1.21],[-57.492,-1.259],[-57.477,-1.266],[-57.466,-1.31],[-57.429,-1.348],[-57.406,-1.35],[-57.384,-1.333],[-57.329,-1.339],[-57.3,-1.391],[-57.237,-1.433],[-57.213,-1.419],[-57.186,-1.436],[-57.144,-1.423],[-57.147,-1.496],[-57.127,-1.516],[-57.063,-1.518],[-57.039,-1.538],[-57.001,-1.55],[-56.995,-1.581],[-56.964,-1.581],[-56.918,-1.648],[-56.873,-1.655],[-56.842,-1.648],[-56.793,-1.599],[-56.749,-1.608],[-56.749,-1.652],[-56.698,-1.631],[-56.673,-1.65],[-56.639,-1.646],[-56.604,-1.67],[-56.561,-1.677],[-56.549,-1.709],[-56.551,-1.766],[-56.514,-1.803],[-56.484,-1.8],[-56.459,-1.849],[-56.436,-1.838],[-56.376,-1.866],[-56.345,-1.911],[-56.285,-1.908],[-56.268,-1.915],[-56.235,-1.9],[-56.201,-1.946],[-56.177,-1.964],[-56.15,-1.935],[-56.122,-1.93],[-56.089,-1.978],[-56.061,-1.945],[-56.024,-1.942],[-55.956,-1.968],[-55.903,-1.999]]]}},{"type":"Feature","properties":{"code":"1505106"},"geometry":{"type":"Polygon","coordinates":[[[-55.622,-2.158],[-55.589,-2.156],[-55.577,-2.17],[-55.524,-2.155],[-55.469,-2.132],[-55.407,-2.13],[-55.371,-2.138],[-55.359,-2.174],[-55.284,-2.216],[-55.235,-2.217],[-55.198,-2.227],[-55.161,-2.256],[-55.128,-2.263],[-55.07,-2.233],[-55.095,-2.167],[-55.142,-2.165],[-55.251,-2.131],[-55.267,-2.106],[-55.209,-2.104],[-55.185,-2.047],[-55.186,-1.991],[-55.16,-1.966],[-55.157,-1.944],[-55.177,-1.922],[-55.166,-1.731],[-55.174,-1.679],[-55.413,-1.399],[-55.414,-0.92],[-55.414,-0.374],[-55.414,0.213],[-55.413,0.79],[-55.413,1.001],[-55.414,1.546],[-55.445,1.553],[-55.47,1.585],[-55.432,1.643],[-55.428,1.669],[-55.455,1.721],[-55.456,1.745],[-55.439,1.767],[-55.462,1.828],[-55.492,1.847],[-55.551,1.867],[-55.586,1.899],[-55.584,1.96],[-55.517,2.023],[-55.512,2.057],[-55.555,2.079],[-55.556,2.102],[-55.59,2.113],[-55.615,2.135],[-55.607,2.164],[-55.623,2.186],[-55.627,2.223],[-55.659,2.266],[-55.69,2.34],[-55.707,2.401],[-55.72,2.401],[-55.786,2.394],[-55.834,2.409],[-55.868,2.4],[-55.924,2.368],[-55.947,2.332],[-55.944,2.294],[-55.957,2.236],[-55.953,2.195],[-55.925,2.172],[-55.898,2.128],[-55.899,2.108],[-55.871,2.074],[-55.881,2.037],[-55.848,1.99],[-55.836,1.958],[-55.824,1.866],[-55.811,1.805],[-55.839,1.762],[-55.822,1.726],[-55.798,1.605],[-55.748,1.516],[-55.732,1.465],[-55.661,1.442],[-55.621,1.401],[-55.612,1.359],[-55.59,1.331],[-55.589,1.297],[-55.61,1.262],[-55.6,1.227],[-55.633,1.196],[-55.628,1.177],[-55.658,1.153],[-55.657,1.127],[-55.727,1.093],[-55.727,1.049],[-55.74,1.023],[-55.73,0.986],[-55.745,0.968],[-55.758,0.917],[-55.746,0.89],[-55.773,0.875],[-55.795,0.82],[-55.843,0.817],[-55.858,0.79],[-55.887,0.782],[-55.895,0.738],[-55.948,0.719],[-55.97,0.63],[-55.965,0.596],[-55.977,0.558],[-55.959,0.536],[-55.938,0.546],[-55.919,0.527],[-55.915,0.48],[-55.922,0.441],[-55.904,0.425],[-55.895,0.368],[-55.948,0.347],[-55.979,0.347],[-56.016,0.359],[-56.023,0.379],[-56.102,0.4],[-56.141,0.337],[-56.161,0.317],[-56.15,0.263],[-56.175,0.205],[-56.171,0.18],[-56.148,0.152],[-56.139,0.117],[-56.09,0.054],[-56.093,0.028],[-56.045,-0.031],[-56.028,-0.087],[-56.023,-0.22],[-56.052,-0.267],[-56.055,-0.3],[-56.039,-0.326],[-56.052,-0.35],[-56.043,-0.403],[-56.067,-0.43],[-56.095,-0.441],[-56.111,-0.497],[-56.13,-0.517],[-56.155,-0.503],[-56.199,-0.545],[-56.214,-0.58],[-56.201,-0.597],[-56.216,-0.674],[-56.245,-0.696],[-56.246,-0.722],[-56.267,-0.752],[-56.25,-0.774],[-56.226,-0.857],[-56.209,-0.846],[-56.146,-0.854],[-56.14,-0.884],[-56.106,-0.915],[-56.074,-0.972],[-56.081,-1.028],[-56.041,-1.072],[-56.052,-1.105],[-56.069,-1.207],[-56.039,-1.224],[-56.036,-1.26],[-56.009,-1.289],[-55.955,-1.301],[-55.901,-1.292],[-55.865,-1.296],[-55.816,-1.278],[-55.794,-1.306],[-55.757,-1.324],[-55.71,-1.327],[-55.7,-1.356],[-55.732,-1.408],[-55.736,-1.439],[-55.718,-1.483],[-55.694,-1.498],[-55.685,-1.531],[-55.672,-1.785],[-55.752,-1.837],[-55.723,-1.857],[-55.73,-1.886],[-55.757,-1.886],[-55.802,-1.927],[-55.82,-1.916],[-55.85,-1.968],[-55.869,-1.968],[-55.903,-1.999],[-55.821,-2.007],[-55.77,-2.003],[-55.643,-2.079],[-55.619,-2.117],[-55.622,-2.158]]]}},{"type":"Feature","properties":{"code":"1505205"},"geometry":{"type":"Polygon","coordinates":[[[-49.897,-2.989],[-49.814,-2.963],[-49.799,-2.937],[-49.778,-2.805],[-49.77,-2.788],[-49.79,-2.753],[-49.765,-2.71],[-49.739,-2.707],[-49.733,-2.666],[-49.75,-2.647],[-49.742,-2.597],[-49.745,-2.535],[-49.725,-2.458],[-49.743,-2.38],[-49.724,-2.301],[-49.735,-2.25],[-49.779,-2.221],[-49.806,-2.228],[-49.822,-2.2],[-49.83,-2.149],[-49.795,-2.164],[-49.706,-2.069],[-49.739,-2.032],[-49.715,-1.939],[-49.737,-1.933],[-49.747,-1.894],[-49.718,-1.836],[-49.752,-1.815],[-49.797,-1.828],[-49.848,-1.833],[-49.885,-1.825],[-49.931,-1.802],[-49.992,-1.783],[-50.065,-1.792],[-50.132,-1.815],[-50.108,-1.86],[-50.057,-1.909],[-50.072,-1.955],[-50.07,-2.031],[-50.075,-2.069],[-50.06,-2.103],[-50.115,-2.14],[-50.102,-2.177],[-50.108,-2.205],[-50.08,-2.243],[-50.084,-2.287],[-50.105,-2.32],[-50.109,-2.411],[-50.074,-2.463],[-50.054,-2.516],[-50.001,-2.508],[-49.969,-2.546],[-49.975,-2.622],[-49.967,-2.65],[-49.946,-2.67],[-49.942,-2.76],[-49.914,-2.808],[-49.881,-2.841],[-49.849,-2.858],[-49.848,-2.931],[-49.897,-2.989]]]}},{"type":"Feature","properties":{"code":"1504505"},"geometry":{"type":"Polygon","coordinates":[[[-51.964,-1.826],[-51.966,-1.876],[-51.912,-1.917],[-51.882,-1.926],[-51.875,-1.945],[-51.826,-1.963],[-51.755,-1.938],[-51.732,-1.891],[-51.673,-1.858],[-51.642,-1.873],[-51.599,-1.88],[-51.554,-1.867],[-51.516,-1.842],[-51.48,-1.836],[-51.433,-1.797],[-51.346,-1.777],[-51.301,-1.748],[-51.272,-1.757],[-51.219,-1.799],[-51.158,-1.81],[-51.114,-1.825],[-51.053,-1.821],[-51.035,-1.845],[-50.983,-1.841],[-50.941,-1.859],[-50.912,-1.887],[-50.876,-1.868],[-50.845,-1.893],[-50.798,-1.913],[-50.74,-1.889],[-50.736,-1.866],[-50.675,-1.796],[-50.639,-1.791],[-50.611,-1.807],[-50.581,-1.861],[-50.526,-1.923],[-50.503,-1.921],[-50.455,-1.932],[-50.41,-1.933],[-50.288,-1.847],[-50.3,-1.806],[-50.338,-1.806],[-50.477,-1.774],[-50.503,-1.749],[-50.533,-1.747],[-50.574,-1.72],[-50.615,-1.651],[-50.731,-1.559],[-50.751,-1.504],[-50.798,-1.432],[-50.825,-1.44],[-50.84,-1.425],[-50.876,-1.446],[-50.897,-1.397],[-50.842,-1.298],[-50.805,-1.274],[-50.8,-1.253],[-50.815,-1.203],[-50.875,-1.166],[-50.937,-1.119],[-51.003,-1.116],[-51.067,-1.151],[-51.133,-1.171],[-51.166,-1.151],[-51.191,-1.118],[-51.217,-1.108],[-51.236,-1.164],[-51.276,-1.221],[-51.237,-1.238],[-51.209,-1.227],[-51.458,-1.643],[-51.504,-1.64],[-51.566,-1.693],[-51.7,-1.716],[-51.761,-1.723],[-51.86,-1.758],[-51.89,-1.73],[-51.952,-1.798],[-51.964,-1.826]]]}},{"type":"Feature","properties":{"code":"1504455"},"geometry":{"type":"Polygon","coordinates":[[[-53.157,-3.665],[-53.117,-3.629],[-53.052,-3.657],[-53.034,-3.65],[-53.024,-3.609],[-52.997,-3.631],[-52.979,-3.618],[-52.945,-3.618],[-52.898,-3.633],[-52.856,-3.618],[-52.819,-3.627],[-52.787,-3.578],[-52.764,-3.578],[-52.749,-3.532],[-52.728,-3.51],[-52.695,-3.5],[-52.669,-3.465],[-52.698,-3.354],[-52.718,-3.333],[-52.755,-3.265],[-52.82,-3.186],[-52.843,-3.167],[-52.877,-3.101],[-52.885,-3.06],[-52.876,-2.973],[-52.89,-2.958],[-52.874,-2.811],[-52.955,-2.769],[-52.959,-2.742],[-53.001,-2.672],[-53.002,-2.672],[-53.029,-2.682],[-53.107,-2.686],[-53.146,-2.665],[-53.17,-2.695],[-53.208,-2.721],[-53.253,-2.774],[-53.31,-2.743],[-53.358,-2.737],[-53.408,-2.75],[-53.454,-2.776],[-53.487,-2.765],[-53.565,-2.792],[-53.594,-2.813],[-53.608,-2.865],[-53.855,-2.888],[-53.831,-2.917],[-53.834,-2.971],[-53.794,-3.02],[-53.715,-3.016],[-53.711,-3.03],[-53.665,-3.042],[-53.646,-3.062],[-53.635,-3.099],[-53.586,-3.175],[-53.558,-3.189],[-53.553,-3.215],[-53.526,-3.229],[-53.509,-3.278],[-53.497,-3.374],[-53.487,-3.4],[-53.499,-3.438],[-53.477,-3.466],[-53.499,-3.516],[-53.474,-3.542],[-53.434,-3.536],[-53.4,-3.514],[-53.331,-3.511],[-53.264,-3.496],[-53.251,-3.514],[-53.224,-3.596],[-53.188,-3.641],[-53.157,-3.665]]]}},{"type":"Feature","properties":{"code":"1504422"},"geometry":{"type":"Polygon","coordinates":[[[-48.346,-1.451],[-48.332,-1.467],[-48.293,-1.47],[-48.277,-1.394],[-48.301,-1.337],[-48.34,-1.329],[-48.365,-1.365],[-48.364,-1.407],[-48.337,-1.411],[-48.346,-1.451]]]}},{"type":"Feature","properties":{"code":"1504406"},"geometry":{"type":"Polygon","coordinates":[[[-47.61,-1.032],[-47.586,-0.948],[-47.644,-0.878],[-47.712,-0.862],[-47.705,-0.836],[-47.727,-0.826],[-47.72,-0.745],[-47.688,-0.722],[-47.632,-0.706],[-47.637,-0.635],[-47.633,-0.602],[-47.666,-0.576],[-47.702,-0.593],[-47.691,-0.553],[-47.704,-0.535],[-47.754,-0.543],[-47.771,-0.564],[-47.756,-0.606],[-47.771,-0.667],[-47.755,-0.68],[-47.815,-0.893],[-47.815,-0.922],[-47.81,-0.955],[-47.769,-0.973],[-47.778,-1.061],[-47.707,-1.057],[-47.62,-1.066],[-47.61,-1.032]]]}},{"type":"Feature","properties":{"code":"1504752"},"geometry":{"type":"Polygon","coordinates":[[[-54.834,-3.556],[-54.802,-3.527],[-54.701,-3.523],[-54.712,-3.488],[-54.679,-3.446],[-54.647,-3.42],[-54.605,-3.413],[-54.576,-3.388],[-54.572,-3.366],[-54.543,-3.36],[-54.517,-3.371],[-54.498,-3.395],[-54.455,-3.391],[-54.389,-3.371],[-54.341,-3.378],[-54.327,-3.392],[-54.286,-3.402],[-54.289,-3.378],[-54.256,-3.355],[-54.264,-3.31],[-54.249,-3.267],[-54.247,-3.143],[-54.228,-3.138],[-54.225,-3.075],[-54.26,-2.999],[-54.25,-2.952],[-54.294,-2.886],[-54.33,-2.874],[-54.367,-2.788],[-54.478,-2.782],[-54.524,-2.724],[-54.55,-2.702],[-54.565,-2.673],[-54.6,-2.654],[-54.625,-2.621],[-54.718,-2.594],[-54.739,-2.65],[-54.776,-2.661],[-54.832,-2.661],[-54.833,-2.981],[-54.834,-3.283],[-54.834,-3.556]]]}},{"type":"Feature","properties":{"code":"1504802"},"geometry":{"type":"Polygon","coordinates":[[[-54.266,-2.415],[-54.148,-2.36],[-54.119,-2.337],[-54.069,-2.271],[-54.049,-2.233],[-54.035,-2.177],[-54.036,-2.113],[-54.024,-2.09],[-53.959,-2.025],[-53.92,-2.001],[-53.846,-1.964],[-53.791,-1.922],[-53.788,-1.884],[-53.834,-1.885],[-53.897,-1.898],[-53.918,-1.909],[-53.791,-1.724],[-53.822,-1.7],[-53.904,-1.687],[-53.927,-1.665],[-53.927,-1.644],[-53.898,-1.639],[-53.864,-1.611],[-53.864,-1.59],[-53.885,-1.555],[-53.885,-1.508],[-53.824,-1.429],[-53.817,-1.379],[-53.83,-1.341],[-53.876,-1.305],[-53.88,-1.285],[-53.855,-1.244],[-53.879,-1.205],[-53.903,-1.093],[-53.893,-1.072],[-53.902,-1.048],[-53.944,-1.036],[-53.959,-0.995],[-54.035,-0.902],[-54.078,-0.89],[-54.121,-0.849],[-54.123,-0.828],[-54.071,-0.783],[-54.056,-0.729],[-54.029,-0.662],[-54.026,-0.63],[-54.067,-0.629],[-54.088,-0.609],[-54.13,-0.618],[-54.124,-0.586],[-54.155,-0.582],[-54.18,-0.596],[-54.183,-0.535],[-54.214,-0.518],[-54.233,-0.478],[-54.271,-0.491],[-54.32,-0.471],[-54.344,-0.445],[-54.323,-0.429],[-54.329,-0.396],[-54.319,-0.358],[-54.35,-0.299],[-54.39,-0.253],[-54.368,-0.223],[-54.382,-0.17],[-54.402,-0.146],[-54.431,-0.14],[-54.424,-0.112],[-54.435,-0.07],[-54.402,-0.072],[-54.391,-0.052],[-54.388,-0.008],[-54.404,0.034],[-54.442,0.051],[-54.447,0.086],[-54.536,0.087],[-54.602,0.138],[-54.641,0.134],[-54.684,0.245],[-54.745,0.304],[-54.797,0.33],[-54.814,0.358],[-54.846,0.355],[-54.862,0.372],[-54.873,0.35],[-54.905,0.328],[-54.9,0.246],[-54.909,0.203],[-54.903,0.176],[-54.926,0.142],[-54.9,0.09],[-54.89,0.049],[-54.852,0.028],[-54.869,-0.014],[-54.87,-0.054],[-54.91,-0.098],[-54.924,-0.159],[-54.915,-0.223],[-54.926,-0.254],[-54.917,-0.283],[-54.895,-0.284],[-54.872,-0.326],[-54.858,-0.374],[-54.834,-0.367],[-54.818,-0.383],[-54.823,-0.43],[-54.8,-0.48],[-54.798,-0.51],[-54.755,-0.566],[-54.694,-0.604],[-54.677,-0.621],[-54.691,-0.696],[-54.677,-0.764],[-54.648,-0.778],[-54.657,-0.799],[-54.647,-0.858],[-54.629,-0.858],[-54.605,-0.882],[-54.602,-0.948],[-54.615,-1.009],[-54.666,-1.023],[-54.688,-1.094],[-54.686,-1.156],[-54.699,-1.179],[-54.694,-1.22],[-54.671,-1.25],[-54.648,-1.241],[-54.624,-1.256],[-54.631,-1.309],[-54.624,-1.337],[-54.636,-1.361],[-54.63,-1.402],[-54.645,-1.429],[-54.61,-1.475],[-54.575,-1.484],[-54.554,-1.521],[-54.502,-1.518],[-54.459,-1.493],[-54.437,-1.493],[-54.409,-1.534],[-54.377,-1.558],[-54.367,-1.607],[-54.383,-1.639],[-54.367,-1.669],[-54.362,-1.721],[-54.396,-1.723],[-54.399,-1.775],[-54.389,-1.799],[-54.42,-1.823],[-54.409,-1.884],[-54.444,-1.917],[-54.473,-1.962],[-54.495,-2.017],[-54.51,-2.023],[-54.535,-2.059],[-54.512,-2.072],[-54.512,-2.109],[-54.328,-2.4],[-54.266,-2.415]]]}},{"type":"Feature","properties":{"code":"1504604"},"geometry":{"type":"Polygon","coordinates":[[[-49.733,-2.666],[-49.675,-2.663],[-49.386,-2.664],[-49.358,-2.657],[-49.311,-2.668],[-49.303,-2.623],[-49.281,-2.609],[-49.262,-2.573],[-49.266,-2.543],[-49.204,-2.486],[-49.202,-2.463],[-49.232,-2.413],[-49.297,-2.451],[-49.371,-2.494],[-49.373,-2.517],[-49.399,-2.539],[-49.428,-2.532],[-49.463,-2.564],[-49.479,-2.535],[-49.508,-2.553],[-49.534,-2.514],[-49.58,-2.491],[-49.584,-2.513],[-49.61,-2.527],[-49.676,-2.59],[-49.694,-2.583],[-49.7,-2.545],[-49.745,-2.535],[-49.742,-2.597],[-49.75,-2.647],[-49.733,-2.666]]]}},{"type":"Feature","properties":{"code":"1504703"},"geometry":{"type":"Polygon","coordinates":[[[-48.926,-3.407],[-48.933,-3.408],[-48.953,-3.312],[-48.961,-3.23],[-48.967,-3.217],[-48.912,-3.151],[-48.947,-3.086],[-48.99,-3.063],[-48.992,-2.984],[-49.005,-2.948],[-49.023,-2.945],[-49.037,-2.91],[-49.032,-2.858],[-48.98,-2.832],[-48.991,-2.796],[-48.945,-2.754],[-48.94,-2.73],[-48.894,-2.684],[-48.862,-2.667],[-48.835,-2.639],[-48.828,-2.602],[-48.855,-2.579],[-48.86,-2.535],[-48.878,-2.5],[-48.859,-2.392],[-48.804,-2.378],[-48.788,-2.323],[-48.748,-2.287],[-48.746,-2.261],[-48.71,-2.237],[-48.711,-2.197],[-48.685,-2.195],[-48.655,-2.164],[-48.631,-2.156],[-48.623,-2.121],[-48.597,-2.1],[-48.585,-2.046],[-48.543,-2.022],[-48.511,-1.978],[-48.512,-1.953],[-48.492,-1.909],[-48.465,-1.876],[-48.472,-1.838],[-48.451,-1.795],[-48.443,-1.723],[-48.441,-1.656],[-48.49,-1.677],[-48.516,-1.673],[-48.53,-1.699],[-48.906,-1.957],[-48.875,-1.995],[-48.926,-2.022],[-48.963,-2.062],[-48.949,-2.102],[-48.96,-2.157],[-49.013,-2.198],[-49.091,-2.241],[-49.11,-2.305],[-49.139,-2.32],[-49.158,-2.367],[-49.232,-2.413],[-49.202,-2.463],[-49.204,-2.486],[-49.266,-2.543],[-49.262,-2.573],[-49.281,-2.609],[-49.303,-2.623],[-49.311,-2.668],[-49.358,-2.657],[-49.386,-2.664],[-49.403,-2.715],[-49.437,-2.715],[-49.461,-2.735],[-49.471,-2.761],[-49.465,-2.858],[-49.454,-2.891],[-49.491,-2.925],[-49.562,-2.939],[-49.623,-3.001],[-49.629,-3.05],[-49.616,-3.089],[-49.564,-3.121],[-49.548,-3.159],[-49.526,-3.171],[-49.532,-3.196],[-49.523,-3.26],[-49.506,-3.289],[-49.485,-3.352],[-49.461,-3.371],[-49.473,-3.415],[-49.001,-3.412],[-48.926,-3.413],[-48.926,-3.407]]]}},{"type":"Feature","properties":{"code":"1504000"},"geometry":{"type":"Polygon","coordinates":[[[-49.706,-2.069],[-49.652,-2.01],[-49.611,-1.993],[-49.594,-1.972],[-49.469,-2.0],[-49.417,-1.956],[-49.404,-1.924],[-49.366,-1.938],[-49.383,-1.982],[-49.365,-2.002],[-49.318,-1.994],[-49.297,-1.965],[-49.264,-1.945],[-49.243,-1.858],[-49.209,-1.794],[-49.2,-1.753],[-49.172,-1.716],[-49.233,-1.705],[-49.323,-1.704],[-49.416,-1.719],[-49.51,-1.758],[-49.54,-1.78],[-49.586,-1.78],[-49.608,-1.76],[-49.622,-1.765],[-49.708,-1.824],[-49.718,-1.836],[-49.747,-1.894],[-49.737,-1.933],[-49.715,-1.939],[-49.739,-2.032],[-49.706,-2.069]]]}},{"type":"Feature","properties":{"code":"1504059"},"geometry":{"type":"Polygon","coordinates":[[[-47.511,-2.13],[-47.47,-2.087],[-47.45,-2.079],[-47.399,-2.079],[-47.403,-2.049],[-47.432,-1.986],[-47.441,-1.946],[-47.433,-1.918],[-47.466,-1.914],[-47.469,-1.883],[-47.491,-1.864],[-47.589,-1.877],[-47.615,-1.923],[-47.601,-1.98],[-47.587,-2.0],[-47.579,-2.067],[-47.582,-2.107],[-47.555,-2.101],[-47.533,-2.131],[-47.511,-2.13]]]}},{"type":"Feature","properties":{"code":"1503903"},"geometry":{"type":"Polygon","coordinates":[[[-56.768,-3.243],[-56.725,-3.344],[-56.702,-3.357],[-56.501,-3.307],[-56.345,-3.265],[-56.091,-2.836],[-55.819,-2.377],[-55.813,-2.334],[-55.774,-2.298],[-55.692,-2.262],[-55.668,-2.227],[-55.66,-2.197],[-55.619,-2.183],[-55.622,-2.158],[-55.619,-2.117],[-55.643,-2.079],[-55.77,-2.003],[-55.821,-2.007],[-55.903,-1.999],[-55.956,-1.968],[-56.024,-1.942],[-56.061,-1.945],[-56.089,-1.978],[-56.095,-2.0],[-56.098,-2.037],[-56.169,-2.146],[-56.204,-2.183],[-56.307,-2.243],[-56.364,-2.259],[-56.391,-2.276],[-56.411,-2.317],[-56.426,-2.369],[-56.464,-2.421],[-56.461,-2.434],[-56.402,-2.457],[-56.426,-2.502],[-56.61,-2.896],[-56.768,-3.243]]]}},{"type":"Feature","properties":{"code":"1504208"},"geometry":{"type":"Polygon","coordinates":[[[-51.149,-6.217],[-51.127,-6.2],[-51.12,-6.171],[-51.092,-6.125],[-51.072,-6.122],[-50.978,-5.989],[-50.937,-5.971],[-50.913,-5.985],[-50.854,-5.983],[-50.802,-5.972],[-50.784,-5.987],[-50.75,-5.978],[-50.723,-5.955],[-50.715,-5.907],[-50.682,-5.919],[-50.65,-5.909],[-50.576,-5.919],[-50.531,-5.881],[-50.473,-5.875],[-50.455,-5.856],[-50.416,-5.856],[-50.39,-5.877],[-50.344,-5.864],[-50.299,-5.903],[-50.247,-5.917],[-50.195,-5.883],[-50.169,-5.91],[-50.146,-5.906],[-50.105,-5.924],[-50.071,-5.892],[-50.056,-5.906],[-50.059,-5.942],[-50.017,-5.945],[-50.012,-5.907],[-49.981,-5.92],[-49.933,-5.86],[-49.905,-5.855],[-49.867,-5.868],[-49.826,-5.856],[-49.832,-5.836],[-49.792,-5.785],[-49.78,-5.835],[-49.763,-5.847],[-49.769,-5.888],[-49.755,-5.931],[-49.719,-5.946],[-49.673,-5.931],[-49.634,-5.906],[-49.608,-5.911],[-49.58,-5.896],[-49.511,-5.883],[-49.458,-5.902],[-49.415,-5.899],[-49.375,-5.864],[-49.336,-5.851],[-49.299,-5.825],[-49.268,-5.82],[-49.234,-5.796],[-49.052,-5.838],[-49.034,-5.831],[-48.989,-5.84],[-48.958,-5.856],[-48.894,-5.905],[-48.878,-5.943],[-48.852,-5.965],[-48.731,-5.86],[-48.817,-5.806],[-48.859,-5.752],[-48.89,-5.689],[-48.934,-5.654],[-48.944,-5.616],[-48.945,-5.553],[-48.941,-5.524],[-49.015,-5.46],[-49.005,-5.41],[-49.01,-5.369],[-49.036,-5.337],[-48.993,-5.283],[-48.983,-5.27],[-49.022,-5.176],[-49.002,-5.123],[-49.006,-5.067],[-49.026,-5.045],[-49.014,-4.987],[-48.997,-4.973],[-48.935,-4.971],[-48.932,-4.946],[-48.953,-4.92],[-49.0,-4.833],[-49.0,-4.907],[-49.033,-4.919],[-49.058,-4.96],[-49.054,-4.978],[-49.102,-5.024],[-49.116,-5.058],[-49.142,-5.078],[-49.134,-5.126],[-49.152,-5.18],[-49.148,-5.218],[-49.165,-5.257],[-49.128,-5.278],[-49.146,-5.312],[-49.183,-5.337],[-49.245,-5.284],[-49.311,-5.193],[-49.34,-5.213],[-49.331,-5.264],[-49.361,-5.288],[-49.353,-5.31],[-49.386,-5.349],[-49.385,-5.374],[-49.404,-5.397],[-49.384,-5.419],[-49.421,-5.45],[-49.477,-5.456],[-49.487,-5.467],[-49.537,-5.436],[-49.552,-5.447],[-49.602,-5.415],[-49.635,-5.431],[-49.669,-5.418],[-49.755,-5.45],[-49.813,-5.439],[-49.826,-5.403],[-49.85,-5.392],[-49.908,-5.416],[-50.0,-5.427],[-50.028,-5.413],[-50.057,-5.429],[-50.099,-5.399],[-50.134,-5.395],[-50.15,-5.377],[-50.173,-5.382],[-50.207,-5.368],[-50.264,-5.36],[-50.296,-5.328],[-50.31,-5.332],[-50.349,-5.306],[-50.406,-5.295],[-50.429,-5.271],[-50.477,-5.277],[-50.507,-5.225],[-50.516,-5.178],[-50.571,-5.197],[-50.634,-5.183],[-50.72,-5.175],[-50.724,-5.218],[-50.767,-5.224],[-50.754,-5.308],[-50.792,-5.315],[-50.799,-5.362],[-50.787,-5.4],[-50.864,-5.423],[-50.879,-5.449],[-50.874,-5.492],[-50.947,-5.526],[-50.956,-5.54],[-50.945,-5.587],[-50.953,-5.614],[-50.925,-5.631],[-50.878,-5.633],[-50.847,-5.706],[-50.899,-5.694],[-50.929,-5.77],[-50.92,-5.793],[-50.946,-5.804],[-50.962,-5.784],[-50.986,-5.794],[-51.022,-5.787],[-51.032,-5.769],[-51.086,-5.781],[-51.111,-5.815],[-51.106,-5.85],[-51.126,-5.919],[-51.164,-5.928],[-51.178,-5.966],[-51.222,-5.963],[-51.264,-5.995],[-51.33,-5.964],[-51.357,-5.967],[-51.393,-6.016],[-51.392,-6.055],[-51.348,-6.055],[-51.281,-6.103],[-51.246,-6.172],[-51.204,-6.171],[-51.147,-6.207],[-51.149,-6.217]]]}},{"type":"Feature","properties":{"code":"1504307"},"geometry":{"type":"Polygon","coordinates":[[[-47.61,-1.032],[-47.426,-0.983],[-47.413,-0.977],[-47.402,-0.952],[-47.425,-0.9],[-47.384,-0.872],[-47.381,-0.837],[-47.377,-0.823],[-47.397,-0.815],[-47.401,-0.765],[-47.432,-0.733],[-47.395,-0.727],[-47.418,-0.691],[-47.426,-0.657],[-47.431,-0.641],[-47.411,-0.604],[-47.421,-0.585],[-47.474,-0.592],[-47.479,-0.657],[-47.47,-0.694],[-47.474,-0.735],[-47.502,-0.709],[-47.532,-0.616],[-47.564,-0.582],[-47.589,-0.576],[-47.587,-0.638],[-47.608,-0.698],[-47.58,-0.75],[-47.584,-0.766],[-47.55,-0.827],[-47.568,-0.911],[-47.586,-0.948],[-47.61,-1.032]]]}},{"type":"Feature","properties":{"code":"1504109"},"geometry":{"type":"Polygon","coordinates":[[[-47.586,-0.948],[-47.568,-0.911],[-47.55,-0.827],[-47.584,-0.766],[-47.58,-0.75],[-47.608,-0.698],[-47.632,-0.706],[-47.688,-0.722],[-47.72,-0.745],[-47.727,-0.826],[-47.705,-0.836],[-47.712,-0.862],[-47.644,-0.878],[-47.586,-0.948]]]}},{"type":"Feature","properties":{"code":"1503457"},"geometry":{"type":"Polygon","coordinates":[[[-48.926,-3.413],[-48.928,-3.433],[-48.974,-3.457],[-49.025,-3.511],[-49.029,-3.547],[-48.966,-3.547],[-48.944,-3.568],[-48.884,-3.568],[-48.861,-3.57],[-48.84,-3.521],[-48.837,-3.469],[-48.818,-3.469],[-48.761,-3.395],[-48.719,-3.385],[-48.697,-3.36],[-48.7,-3.335],[-48.653,-3.355],[-48.626,-3.308],[-48.609,-3.315],[-48.559,-3.303],[-48.54,-3.278],[-48.503,-3.26],[-48.474,-3.276],[-48.421,-3.261],[-48.409,-3.28],[-48.353,-3.23],[-48.305,-3.251],[-48.289,-3.222],[-48.259,-3.209],[-48.223,-3.223],[-48.158,-3.224],[-48.164,-3.204],[-48.138,-3.189],[-48.112,-3.209],[-48.09,-3.18],[-48.099,-3.154],[-48.069,-3.142],[-48.056,-3.105],[-48.001,-3.113],[-47.985,-3.07],[-47.953,-3.085],[-47.916,-3.066],[-47.92,-3.036],[-47.873,-2.998],[-47.853,-3.01],[-47.799,-2.979],[-47.791,-2.959],[-47.816,-2.937],[-47.786,-2.913],[-47.8,-2.844],[-47.841,-2.859],[-47.864,-2.83],[-47.851,-2.815],[-47.855,-2.772],[-47.88,-2.779],[-47.883,-2.747],[-47.907,-2.738],[-47.886,-2.706],[-47.9,-2.67],[-47.865,-2.646],[-47.871,-2.612],[-47.828,-2.622],[-47.831,-2.59],[-47.78,-2.582],[-47.765,-2.523],[-47.737,-2.525],[-47.729,-2.563],[-47.714,-2.566],[-47.675,-2.673],[-47.685,-2.734],[-47.664,-2.745],[-47.629,-2.799],[-47.499,-2.874],[-47.465,-2.876],[-47.411,-2.896],[-47.392,-2.89],[-47.406,-2.834],[-47.391,-2.749],[-47.371,-2.716],[-47.37,-2.686],[-47.346,-2.664],[-47.311,-2.65],[-47.339,-2.614],[-47.337,-2.576],[-47.407,-2.519],[-47.391,-2.471],[-47.406,-2.466],[-47.439,-2.407],[-47.469,-2.369],[-47.531,-2.374],[-47.566,-2.345],[-47.606,-2.356],[-47.621,-2.374],[-47.655,-2.346],[-47.705,-2.317],[-47.737,-2.323],[-47.787,-2.347],[-47.795,-2.334],[-47.858,-2.321],[-47.931,-2.327],[-47.951,-2.34],[-47.959,-2.38],[-47.986,-2.421],[-47.956,-2.448],[-47.946,-2.488],[-47.952,-2.517],[-47.932,-2.543],[-47.979,-2.598],[-48.029,-2.625],[-48.047,-2.648],[-48.039,-2.711],[-48.074,-2.775],[-48.089,-2.843],[-48.091,-2.9],[-48.129,-2.947],[-48.18,-2.949],[-48.202,-2.97],[-48.215,-3.012],[-48.248,-3.073],[-48.253,-3.117],[-48.286,-3.094],[-48.305,-3.101],[-48.32,-3.144],[-48.309,-3.164],[-48.332,-3.197],[-48.362,-3.199],[-48.392,-3.216],[-48.415,-3.201],[-48.448,-3.238],[-48.486,-3.234],[-48.531,-3.196],[-48.546,-3.194],[-48.591,-3.225],[-48.633,-3.23],[-48.667,-3.254],[-48.69,-3.293],[-48.757,-3.344],[-48.8,-3.359],[-48.819,-3.38],[-48.874,-3.389],[-48.895,-3.376],[-48.926,-3.407],[-48.926,-3.413]]]}},{"type":"Feature","properties":{"code":"1503507"},"geometry":{"type":"Polygon","coordinates":[[[-47.589,-1.877],[-47.491,-1.864],[-47.469,-1.883],[-47.466,-1.914],[-47.433,-1.918],[-47.441,-1.946],[-47.432,-1.986],[-47.403,-2.049],[-47.399,-2.079],[-47.356,-2.075],[-47.299,-2.02],[-47.291,-1.998],[-47.26,-1.99],[-47.222,-1.946],[-47.217,-1.914],[-47.23,-1.885],[-47.213,-1.839],[-47.193,-1.82],[-47.22,-1.794],[-47.253,-1.804],[-47.285,-1.767],[-47.295,-1.722],[-47.309,-1.71],[-47.315,-1.664],[-47.307,-1.611],[-47.328,-1.606],[-47.358,-1.621],[-47.426,-1.634],[-47.439,-1.622],[-47.482,-1.634],[-47.51,-1.63],[-47.551,-1.599],[-47.578,-1.612],[-47.618,-1.607],[-47.62,-1.632],[-47.601,-1.677],[-47.584,-1.689],[-47.57,-1.727],[-47.562,-1.783],[-47.587,-1.813],[-47.579,-1.857],[-47.589,-1.877]]]}},{"type":"Feature","properties":{"code":"1503309"},"geometry":{"type":"Polygon","coordinates":[[[-49.318,-1.994],[-49.309,-2.018],[-49.315,-2.06],[-49.264,-2.025],[-49.19,-2.104],[-49.227,-2.147],[-49.255,-2.221],[-49.292,-2.253],[-49.317,-2.311],[-49.339,-2.325],[-49.357,-2.36],[-49.278,-2.395],[-49.297,-2.451],[-49.232,-2.413],[-49.158,-2.367],[-49.139,-2.32],[-49.11,-2.305],[-49.091,-2.241],[-49.013,-2.198],[-48.96,-2.157],[-48.949,-2.102],[-48.963,-2.062],[-48.926,-2.022],[-48.875,-1.995],[-48.906,-1.957],[-48.98,-1.897],[-49.0,-1.809],[-49.018,-1.828],[-49.045,-1.815],[-49.074,-1.819],[-49.113,-1.802],[-49.101,-1.762],[-49.154,-1.702],[-49.172,-1.716],[-49.2,-1.753],[-49.209,-1.794],[-49.243,-1.858],[-49.264,-1.945],[-49.297,-1.965],[-49.318,-1.994]]]}},{"type":"Feature","properties":{"code":"1503408"},"geometry":{"type":"Polygon","coordinates":[[[-47.944,-1.579],[-47.95,-1.57],[-47.76,-1.453],[-47.787,-1.401],[-47.854,-1.397],[-47.877,-1.318],[-47.986,-1.422],[-48.0,-1.436],[-48.134,-1.515],[-48.102,-1.54],[-48.056,-1.528],[-48.036,-1.478],[-48.013,-1.475],[-47.988,-1.501],[-48.003,-1.539],[-48.002,-1.57],[-47.979,-1.592],[-47.944,-1.579]]]}},{"type":"Feature","properties":{"code":"1503705"},"geometry":{"type":"Polygon","coordinates":[[[-50.516,-5.178],[-50.507,-5.225],[-50.477,-5.277],[-50.429,-5.271],[-50.406,-5.295],[-50.349,-5.306],[-50.31,-5.332],[-50.296,-5.328],[-50.264,-5.36],[-50.207,-5.368],[-50.173,-5.382],[-50.15,-5.377],[-50.134,-5.395],[-50.099,-5.399],[-50.057,-5.429],[-50.028,-5.413],[-50.0,-5.427],[-49.908,-5.416],[-49.85,-5.392],[-49.826,-5.403],[-49.813,-5.439],[-49.755,-5.45],[-49.669,-5.418],[-49.635,-5.431],[-49.602,-5.415],[-49.552,-5.447],[-49.537,-5.436],[-49.487,-5.467],[-49.477,-5.456],[-49.421,-5.45],[-49.384,-5.419],[-49.404,-5.397],[-49.385,-5.374],[-49.386,-5.349],[-49.353,-5.31],[-49.361,-5.288],[-49.331,-5.264],[-49.34,-5.213],[-49.311,-5.193],[-49.319,-5.159],[-49.319,-5.08],[-49.328,-5.038],[-49.321,-4.981],[-49.366,-4.916],[-49.405,-4.903],[-49.406,-4.853],[-49.426,-4.781],[-49.418,-4.687],[-49.425,-4.697],[-49.459,-4.764],[-49.5,-4.784],[-49.772,-4.813],[-50.0,-4.819],[-50.316,-4.827],[-50.287,-4.872],[-50.319,-4.919],[-50.307,-4.947],[-50.358,-4.934],[-50.392,-4.962],[-50.479,-4.965],[-50.482,-5.057],[-50.478,-5.082],[-50.51,-5.116],[-50.503,-5.136],[-50.516,-5.178]]]}},{"type":"Feature","properties":{"code":"1503804"},"geometry":{"type":"Polygon","coordinates":[[[-49.418,-4.687],[-49.375,-4.743],[-49.324,-4.707],[-49.281,-4.708],[-49.258,-4.737],[-49.238,-4.78],[-49.226,-4.827],[-49.194,-4.847],[-49.181,-4.835],[-49.041,-4.854],[-49.001,-4.833],[-49.0,-4.409],[-49.017,-4.368],[-49.017,-4.335],[-49.044,-4.319],[-49.109,-4.324],[-49.132,-4.354],[-49.165,-4.366],[-49.194,-4.423],[-49.229,-4.407],[-49.265,-4.435],[-49.323,-4.501],[-49.497,-4.5],[-49.467,-4.559],[-49.407,-4.607],[-49.407,-4.627],[-49.437,-4.658],[-49.425,-4.697],[-49.418,-4.687]]]}},{"type":"Feature","properties":{"code":"1503754"},"geometry":{"type":"Polygon","coordinates":[[[-58.138,-7.349],[-58.121,-7.352],[-58.061,-7.395],[-58.04,-7.446],[-58.002,-7.488],[-57.973,-7.535],[-57.952,-7.58],[-57.934,-7.657],[-57.897,-7.678],[-57.88,-7.782],[-57.835,-7.881],[-57.832,-7.962],[-57.776,-8.052],[-57.733,-8.089],[-57.719,-8.151],[-57.705,-8.168],[-57.673,-8.173],[-57.642,-8.22],[-57.663,-8.268],[-57.68,-8.327],[-57.668,-8.364],[-57.687,-8.407],[-57.683,-8.43],[-57.652,-8.479],[-57.659,-8.5],[-57.633,-8.527],[-57.651,-8.553],[-57.645,-8.582],[-57.622,-8.591],[-57.623,-8.645],[-57.605,-8.663],[-57.594,-8.707],[-57.593,-8.757],[-57.562,-8.761],[-57.523,-8.75],[-57.464,-8.785],[-57.417,-8.793],[-57.416,-8.859],[-57.384,-8.88],[-57.318,-8.886],[-57.289,-8.916],[-57.236,-8.907],[-57.204,-8.921],[-57.138,-8.995],[-57.095,-9.017],[-57.09,-9.038],[-57.06,-9.064],[-57.039,-9.098],[-57.06,-9.137],[-57.06,-9.182],[-57.023,-9.22],[-56.995,-9.234],[-56.942,-9.229],[-56.872,-9.239],[-56.86,-9.232],[-56.82,-9.246],[-56.803,-9.268],[-56.776,-9.329],[-56.772,-9.391],[-56.754,-9.406],[-56.708,-9.373],[-56.672,-9.367],[-56.272,-9.401],[-56.157,-9.41],[-56.157,-9.0],[-56.16,-8.406],[-56.198,-8.359],[-56.191,-8.339],[-56.235,-8.313],[-56.294,-8.309],[-56.313,-8.266],[-56.34,-8.244],[-56.368,-8.245],[-56.387,-8.29],[-56.421,-8.313],[-56.441,-8.313],[-56.478,-8.275],[-56.533,-8.261],[-56.592,-8.267],[-56.635,-8.249],[-56.631,-8.207],[-56.662,-8.191],[-56.691,-8.201],[-56.696,-8.178],[-56.728,-8.142],[-56.796,-8.102],[-56.839,-8.055],[-56.87,-8.048],[-56.895,-8.024],[-56.897,-7.96],[-56.936,-7.912],[-56.943,-7.875],[-56.915,-7.821],[-56.884,-7.802],[-56.924,-7.745],[-56.951,-7.725],[-56.964,-7.685],[-56.988,-7.654],[-57.014,-7.66],[-57.037,-7.647],[-57.038,-7.591],[-57.065,-7.555],[-57.089,-7.555],[-57.155,-7.525],[-57.195,-7.497],[-57.194,-7.435],[-57.2,-7.398],[-57.179,-7.343],[-57.155,-7.322],[-57.133,-7.266],[-57.063,-7.218],[-57.04,-7.181],[-57.032,-7.149],[-56.997,-7.09],[-56.948,-7.063],[-56.948,-7.049],[-56.913,-7.026],[-56.892,-6.991],[-56.907,-6.96],[-56.893,-6.945],[-56.885,-6.898],[-56.861,-6.888],[-56.844,-6.85],[-56.848,-6.808],[-56.866,-6.776],[-56.862,-6.748],[-56.884,-6.669],[-56.854,-6.645],[-56.835,-6.616],[-56.857,-6.578],[-56.839,-6.521],[-56.837,-6.487],[-56.808,-6.457],[-56.801,-6.415],[-56.783,-6.374],[-56.769,-6.365],[-56.743,-6.317],[-56.724,-6.301],[-56.735,-6.263],[-56.742,-6.208],[-56.726,-6.19],[-56.755,-6.154],[-56.729,-6.113],[-56.724,-6.073],[-56.678,-6.062],[-56.603,-6.02],[-56.598,-5.999],[-56.692,-5.969],[-56.728,-5.966],[-56.783,-5.981],[-56.828,-5.981],[-56.835,-6.0],[-56.915,-6.013],[-56.942,-5.99],[-56.971,-5.99],[-56.965,-5.932],[-57.062,-5.906],[-57.097,-5.879],[-57.187,-5.865],[-57.221,-5.835],[-57.269,-5.813],[-57.293,-5.753],[-57.32,-5.723],[-57.301,-5.677],[-57.286,-5.664],[-57.279,-5.625],[-57.358,-5.62],[-57.424,-5.587],[-57.445,-5.558],[-57.472,-5.548],[-57.521,-5.545],[-57.582,-5.569],[-57.608,-5.589],[-57.645,-5.637],[-57.659,-5.626],[-57.702,-5.636],[-57.725,-5.622],[-57.7,-5.573],[-57.714,-5.548],[-57.758,-5.581],[-57.781,-5.562],[-57.821,-5.558],[-57.861,-5.601],[-58.034,-5.978],[-58.174,-6.279],[-58.267,-6.476],[-58.293,-6.494],[-58.327,-6.5],[-58.332,-6.533],[-58.35,-6.562],[-58.427,-6.616],[-58.465,-6.67],[-58.478,-6.7],[-58.482,-6.781],[-58.435,-6.909],[-58.38,-6.971],[-58.335,-6.986],[-58.284,-7.073],[-58.251,-7.082],[-58.232,-7.106],[-58.175,-7.202],[-58.168,-7.239],[-58.173,-7.303],[-58.138,-7.347],[-58.138,-7.349]]]}},{"type":"Feature","properties":{"code":"1503606"},"geometry":{"type":"Polygon","coordinates":[[[-56.16,-8.406],[-56.159,-8.242],[-56.127,-8.167],[-56.13,-8.128],[-56.087,-8.094],[-56.083,-8.041],[-56.058,-7.992],[-56.065,-7.937],[-56.117,-7.918],[-56.102,-7.87],[-56.112,-7.841],[-56.139,-7.809],[-56.157,-7.753],[-56.144,-7.713],[-56.173,-7.655],[-56.165,-7.608],[-56.176,-7.557],[-56.166,-7.535],[-56.169,-7.49],[-56.194,-7.444],[-56.23,-7.421],[-56.24,-7.331],[-56.253,-7.321],[-56.206,-7.272],[-56.233,-7.254],[-56.211,-7.202],[-56.233,-7.18],[-56.218,-7.156],[-56.211,-7.079],[-56.228,-7.059],[-56.227,-7.027],[-56.205,-6.995],[-56.21,-6.94],[-56.175,-6.934],[-56.169,-6.899],[-56.14,-6.871],[-56.141,-6.826],[-56.154,-6.801],[-56.13,-6.771],[-56.148,-6.73],[-56.087,-6.685],[-56.064,-6.65],[-56.074,-6.62],[-56.047,-6.59],[-56.011,-6.601],[-55.996,-6.569],[-55.949,-6.562],[-55.914,-6.526],[-55.891,-6.537],[-55.852,-6.483],[-55.835,-6.484],[-55.765,-6.413],[-55.781,-6.358],[-55.742,-6.329],[-55.72,-6.295],[-55.696,-6.346],[-55.636,-6.39],[-55.593,-6.386],[-55.529,-6.409],[-55.492,-6.43],[-55.484,-6.455],[-55.415,-6.472],[-55.312,-6.553],[-55.283,-6.582],[-55.276,-6.619],[-55.25,-6.648],[-55.214,-6.642],[-55.206,-6.687],[-55.19,-6.695],[-55.196,-6.758],[-55.204,-6.774],[-55.191,-6.772],[-55.174,-6.728],[-55.167,-6.685],[-55.188,-6.659],[-55.175,-6.627],[-55.196,-6.603],[-55.192,-6.548],[-55.255,-6.442],[-55.246,-6.412],[-55.243,-6.356],[-55.302,-6.314],[-55.335,-6.249],[-55.332,-6.198],[-55.295,-6.175],[-55.298,-6.146],[-55.322,-6.139],[-55.339,-6.096],[-55.321,-6.042],[-55.289,-6.022],[-55.286,-6.057],[-55.25,-6.08],[-55.219,-6.081],[-55.2,-6.097],[-55.166,-6.08],[-55.133,-6.039],[-55.071,-6.009],[-55.044,-6.011],[-55.024,-5.936],[-55.047,-5.925],[-55.087,-5.846],[-55.212,-5.738],[-55.221,-5.701],[-55.269,-5.616],[-55.282,-5.58],[-55.272,-5.549],[-55.28,-5.516],[-55.596,-5.514],[-55.66,-5.568],[-55.704,-5.582],[-55.714,-5.541],[-55.749,-5.489],[-55.788,-5.483],[-55.822,-5.461],[-55.861,-5.405],[-55.897,-5.408],[-55.931,-5.368],[-55.958,-5.364],[-55.974,-5.394],[-55.928,-5.447],[-55.943,-5.475],[-55.938,-5.586],[-56.025,-5.622],[-55.999,-5.663],[-56.042,-5.679],[-56.057,-5.652],[-56.121,-5.619],[-56.13,-5.643],[-56.193,-5.614],[-56.223,-5.623],[-56.264,-5.609],[-56.288,-5.612],[-56.368,-5.586],[-56.408,-5.618],[-56.408,-5.642],[-56.449,-5.644],[-56.47,-5.628],[-56.484,-5.583],[-56.521,-5.589],[-56.555,-5.553],[-56.595,-5.545],[-56.596,-5.504],[-56.613,-5.465],[-56.611,-5.397],[-56.603,-5.38],[-56.647,-5.335],[-56.664,-5.29],[-56.619,-5.221],[-56.56,-5.204],[-56.541,-5.149],[-56.513,-5.147],[-56.484,-5.121],[-56.473,-5.084],[-56.444,-5.041],[-56.45,-5.005],[-56.491,-4.972],[-56.497,-4.92],[-56.452,-4.902],[-56.457,-4.847],[-56.44,-4.762],[-56.407,-4.723],[-56.388,-4.679],[-56.285,-4.606],[-56.276,-4.57],[-56.261,-4.567],[-56.2,-4.603],[-56.174,-4.603],[-56.158,-4.674],[-56.182,-4.711],[-56.159,-4.753],[-56.178,-4.782],[-56.162,-4.83],[-56.127,-4.844],[-56.082,-4.819],[-56.046,-4.85],[-56.04,-4.811],[-56.024,-4.786],[-56.048,-4.767],[-56.07,-4.726],[-56.057,-4.705],[-56.092,-4.621],[-56.023,-4.586],[-56.017,-4.557],[-55.974,-4.537],[-55.942,-4.549],[-55.882,-4.595],[-55.793,-4.629],[-55.759,-4.629],[-55.718,-4.652],[-55.711,-4.673],[-55.635,-4.69],[-55.528,-4.696],[-55.483,-4.736],[-55.465,-4.691],[-55.493,-4.65],[-55.498,-4.62],[-55.526,-4.604],[-55.553,-4.532],[-55.571,-4.538],[-55.606,-4.505],[-55.651,-4.518],[-55.669,-4.455],[-55.624,-4.409],[-55.626,-4.372],[-55.657,-4.306],[-55.68,-4.303],[-55.735,-4.244],[-55.8,-4.29],[-55.846,-4.27],[-55.874,-4.216],[-55.728,-4.126],[-55.654,-4.091],[-55.698,-4.056],[-55.721,-4.05],[-55.743,-4.003],[-55.79,-4.005],[-55.827,-4.017],[-55.847,-3.999],[-55.852,-3.947],[-55.868,-3.916],[-55.897,-3.935],[-55.929,-3.908],[-56.011,-3.855],[-56.038,-3.911],[-56.059,-3.919],[-56.114,-3.962],[-56.155,-3.983],[-56.153,-4.007],[-56.19,-4.045],[-56.199,-4.073],[-56.189,-4.097],[-56.242,-4.128],[-56.238,-4.156],[-56.28,-4.159],[-56.311,-4.173],[-56.361,-4.133],[-56.426,-4.134],[-56.468,-4.129],[-56.518,-4.151],[-56.533,-4.176],[-56.527,-4.234],[-56.556,-4.254],[-56.552,-4.277],[-56.591,-4.305],[-56.629,-4.301],[-56.652,-4.25],[-56.679,-4.233],[-56.709,-4.246],[-56.732,-4.158],[-56.721,-4.083],[-56.749,-4.058],[-56.752,-4.025],[-56.776,-4.01],[-56.825,-4.01],[-56.824,-3.955],[-56.839,-3.933],[-56.877,-3.919],[-56.876,-3.822],[-56.893,-3.818],[-56.906,-3.745],[-56.888,-3.705],[-56.902,-3.686],[-56.956,-3.659],[-57.001,-3.759],[-57.214,-4.212],[-57.35,-4.502],[-57.586,-5.001],[-57.772,-5.407],[-57.861,-5.601],[-57.821,-5.558],[-57.781,-5.562],[-57.758,-5.581],[-57.714,-5.548],[-57.7,-5.573],[-57.725,-5.622],[-57.702,-5.636],[-57.659,-5.626],[-57.645,-5.637],[-57.608,-5.589],[-57.582,-5.569],[-57.521,-5.545],[-57.472,-5.548],[-57.445,-5.558],[-57.424,-5.587],[-57.358,-5.62],[-57.279,-5.625],[-57.286,-5.664],[-57.301,-5.677],[-57.32,-5.723],[-57.293,-5.753],[-57.269,-5.813],[-57.221,-5.835],[-57.187,-5.865],[-57.097,-5.879],[-57.062,-5.906],[-56.965,-5.932],[-56.971,-5.99],[-56.942,-5.99],[-56.915,-6.013],[-56.835,-6.0],[-56.828,-5.981],[-56.783,-5.981],[-56.728,-5.966],[-56.692,-5.969],[-56.598,-5.999],[-56.603,-6.02],[-56.678,-6.062],[-56.724,-6.073],[-56.729,-6.113],[-56.755,-6.154],[-56.726,-6.19],[-56.742,-6.208],[-56.735,-6.263],[-56.724,-6.301],[-56.743,-6.317],[-56.769,-6.365],[-56.783,-6.374],[-56.801,-6.415],[-56.808,-6.457],[-56.837,-6.487],[-56.839,-6.521],[-56.857,-6.578],[-56.835,-6.616],[-56.854,-6.645],[-56.884,-6.669],[-56.862,-6.748],[-56.866,-6.776],[-56.848,-6.808],[-56.844,-6.85],[-56.861,-6.888],[-56.885,-6.898],[-56.893,-6.945],[-56.907,-6.96],[-56.892,-6.991],[-56.913,-7.026],[-56.948,-7.049],[-56.948,-7.063],[-56.997,-7.09],[-57.032,-7.149],[-57.04,-7.181],[-57.063,-7.218],[-57.133,-7.266],[-57.155,-7.322],[-57.179,-7.343],[-57.2,-7.398],[-57.194,-7.435],[-57.195,-7.497],[-57.155,-7.525],[-57.089,-7.555],[-57.065,-7.555],[-57.038,-7.591],[-57.037,-7.647],[-57.014,-7.66],[-56.988,-7.654],[-56.964,-7.685],[-56.951,-7.725],[-56.924,-7.745],[-56.884,-7.802],[-56.915,-7.821],[-56.943,-7.875],[-56.936,-7.912],[-56.897,-7.96],[-56.895,-8.024],[-56.87,-8.048],[-56.839,-8.055],[-56.796,-8.102],[-56.728,-8.142],[-56.696,-8.178],[-56.691,-8.201],[-56.662,-8.191],[-56.631,-8.207],[-56.635,-8.249],[-56.592,-8.267],[-56.533,-8.261],[-56.478,-8.275],[-56.441,-8.313],[-56.421,-8.313],[-56.387,-8.29],[-56.368,-8.245],[-56.34,-8.244],[-56.313,-8.266],[-56.294,-8.309],[-56.235,-8.313],[-56.191,-8.339],[-56.198,-8.359],[-56.16,-8.406]]]}},{"type":"Feature","properties":{"code":"1502954"},"geometry":{"type":"Polygon","coordinates":[[[-49.411,-6.445],[-49.203,-6.263],[-49.199,-6.264],[-48.852,-5.965],[-48.878,-5.943],[-48.894,-5.905],[-48.958,-5.856],[-48.989,-5.84],[-49.034,-5.831],[-49.052,-5.838],[-49.234,-5.796],[-49.268,-5.82],[-49.299,-5.825],[-49.336,-5.851],[-49.375,-5.864],[-49.415,-5.899],[-49.458,-5.902],[-49.468,-5.993],[-49.459,-6.018],[-49.482,-6.08],[-49.476,-6.101],[-49.558,-6.212],[-49.573,-6.26],[-49.562,-6.286],[-49.528,-6.302],[-49.52,-6.333],[-49.433,-6.33],[-49.411,-6.358],[-49.421,-6.373],[-49.411,-6.445]]]}},{"type":"Feature","properties":{"code":"1502939"},"geometry":{"type":"Polygon","coordinates":[[[-47.68,-4.609],[-47.615,-4.56],[-47.584,-4.523],[-47.562,-4.472],[-47.537,-4.452],[-47.476,-4.356],[-47.48,-4.329],[-47.442,-4.287],[-47.373,-4.245],[-47.376,-4.223],[-47.357,-4.177],[-47.347,-4.109],[-47.372,-4.11],[-47.417,-4.14],[-47.464,-4.156],[-47.505,-4.138],[-47.569,-4.093],[-47.679,-4.069],[-47.698,-4.038],[-47.721,-4.029],[-47.783,-4.06],[-47.852,-4.047],[-47.899,-4.013],[-47.918,-3.968],[-47.956,-3.946],[-47.977,-3.919],[-47.993,-3.855],[-48.01,-3.83],[-48.032,-3.822],[-48.078,-3.807],[-48.105,-3.789],[-48.16,-3.804],[-48.211,-3.795],[-48.269,-3.795],[-48.29,-3.814],[-48.323,-3.814],[-48.341,-3.832],[-48.389,-3.837],[-48.369,-3.88],[-48.37,-3.922],[-48.383,-3.946],[-48.388,-4.017],[-48.372,-4.084],[-48.306,-4.156],[-48.27,-4.215],[-48.213,-4.222],[-48.161,-4.201],[-47.816,-4.615],[-47.793,-4.586],[-47.754,-4.591],[-47.725,-4.606],[-47.68,-4.609]]]}},{"type":"Feature","properties":{"code":"1503044"},"geometry":{"type":"Polygon","coordinates":[[[-49.828,-7.7],[-49.828,-7.717],[-49.856,-7.973],[-49.827,-7.968],[-49.815,-7.952],[-49.743,-7.905],[-49.695,-7.902],[-49.663,-7.92],[-49.603,-7.867],[-49.569,-7.818],[-49.519,-7.844],[-49.509,-7.805],[-49.475,-7.758],[-49.418,-7.723],[-49.425,-7.699],[-49.411,-7.65],[-49.386,-7.641],[-49.361,-7.615],[-49.382,-7.569],[-49.378,-7.496],[-49.301,-7.411],[-49.264,-7.364],[-49.234,-7.329],[-49.185,-7.235],[-49.186,-7.197],[-49.194,-7.13],[-49.213,-7.175],[-49.25,-7.192],[-49.263,-7.178],[-49.305,-7.19],[-49.328,-7.176],[-49.342,-7.205],[-49.406,-7.233],[-49.396,-7.245],[-49.423,-7.275],[-49.485,-7.286],[-49.489,-7.304],[-49.52,-7.31],[-49.547,-7.295],[-49.602,-7.304],[-49.616,-7.322],[-49.665,-7.323],[-49.689,-7.339],[-49.742,-7.338],[-49.775,-7.349],[-49.801,-7.335],[-49.828,-7.372],[-49.828,-7.7]]]}},{"type":"Feature","properties":{"code":"1503002"},"geometry":{"type":"Polygon","coordinates":[[[-58.895,-0.011],[-58.887,-0.059],[-58.864,-0.078],[-58.865,-0.169],[-58.881,-0.197],[-58.865,-0.266],[-58.876,-0.311],[-58.87,-0.347],[-58.836,-0.373],[-58.783,-0.389],[-58.725,-0.438],[-58.736,-0.472],[-58.711,-0.518],[-58.709,-0.546],[-58.731,-0.581],[-58.736,-0.619],[-58.713,-0.645],[-58.706,-0.68],[-58.637,-0.72],[-58.609,-0.762],[-58.536,-0.822],[-58.498,-0.836],[-58.474,-0.869],[-58.461,-0.863],[-58.434,-0.892],[-58.452,-0.924],[-58.411,-0.982],[-58.428,-1.025],[-58.364,-1.071],[-58.348,-1.113],[-58.317,-1.148],[-58.258,-1.131],[-58.163,-1.23],[-58.093,-1.162],[-58.059,-1.107],[-58.017,-1.104],[-58.001,-1.148],[-57.969,-1.163],[-57.971,-1.228],[-57.999,-1.331],[-57.956,-1.378],[-57.96,-1.397],[-57.911,-1.405],[-57.877,-1.423],[-57.825,-1.438],[-57.795,-1.487],[-57.758,-1.502],[-57.718,-1.503],[-57.689,-1.587],[-57.622,-1.589],[-57.544,-1.611],[-57.473,-1.679],[-57.444,-1.665],[-57.386,-1.698],[-57.353,-1.737],[-57.328,-1.716],[-57.309,-1.732],[-57.292,-1.708],[-57.231,-1.728],[-57.202,-1.713],[-57.171,-1.751],[-57.125,-1.768],[-57.11,-1.792],[-57.079,-1.803],[-57.068,-1.855],[-57.028,-1.918],[-56.988,-1.907],[-56.961,-1.953],[-56.924,-1.964],[-56.876,-1.992],[-56.859,-2.016],[-56.793,-2.021],[-56.748,-2.011],[-56.727,-2.031],[-56.721,-2.059],[-56.733,-2.092],[-56.769,-2.141],[-56.761,-2.174],[-56.708,-2.184],[-56.679,-2.213],[-56.635,-2.204],[-56.613,-2.21],[-56.586,-2.176],[-56.596,-2.156],[-56.625,-2.166],[-56.633,-2.132],[-56.619,-2.07],[-56.645,-2.041],[-56.629,-1.981],[-56.599,-1.954],[-56.592,-1.917],[-56.598,-1.877],[-56.615,-1.859],[-56.66,-1.845],[-56.682,-1.804],[-56.674,-1.758],[-56.727,-1.727],[-56.724,-1.679],[-56.749,-1.652],[-56.749,-1.608],[-56.793,-1.599],[-56.842,-1.648],[-56.873,-1.655],[-56.918,-1.648],[-56.964,-1.581],[-56.995,-1.581],[-57.001,-1.55],[-57.039,-1.538],[-57.063,-1.518],[-57.127,-1.516],[-57.147,-1.496],[-57.144,-1.423],[-57.186,-1.436],[-57.213,-1.419],[-57.237,-1.433],[-57.3,-1.391],[-57.329,-1.339],[-57.384,-1.333],[-57.406,-1.35],[-57.429,-1.348],[-57.466,-1.31],[-57.477,-1.266],[-57.492,-1.259],[-57.521,-1.21],[-57.529,-1.173],[-57.553,-1.126],[-57.581,-1.124],[-57.591,-1.099],[-57.652,-1.095],[-57.678,-1.081],[-57.679,-1.051],[-57.716,-1.023],[-57.716,-0.989],[-57.758,-0.989],[-57.77,-0.95],[-57.822,-0.926],[-57.855,-0.924],[-57.876,-0.888],[-57.914,-0.86],[-57.982,-0.843],[-57.984,-0.806],[-58.0,-0.792],[-58.072,-0.793],[-58.091,-0.813],[-58.146,-0.793],[-58.187,-0.79],[-58.203,-0.807],[-58.234,-0.77],[-58.223,-0.739],[-58.266,-0.687],[-58.286,-0.65],[-58.317,-0.616],[-58.327,-0.53],[-58.346,-0.482],[-58.398,-0.475],[-58.413,-0.447],[-58.441,-0.439],[-58.509,-0.45],[-58.522,-0.433],[-58.513,-0.407],[-58.52,-0.376],[-58.491,-0.38],[-58.448,-0.361],[-58.474,-0.332],[-58.441,-0.295],[-58.453,-0.28],[-58.482,-0.29],[-58.533,-0.271],[-58.589,-0.272],[-58.631,-0.242],[-58.636,-0.216],[-58.667,-0.162],[-58.715,-0.122],[-58.706,-0.106],[-58.715,-0.066],[-58.771,-0.057],[-58.795,-0.074],[-58.837,-0.075],[-58.824,-0.033],[-58.85,-0.032],[-58.873,-0.008],[-58.895,-0.011]]]}},{"type":"Feature","properties":{"code":"1502806"},"geometry":{"type":"Polygon","coordinates":[[[-50.254,-1.806],[-50.209,-1.809],[-50.179,-1.831],[-50.132,-1.815],[-50.065,-1.792],[-49.992,-1.783],[-49.931,-1.802],[-49.885,-1.825],[-49.848,-1.833],[-49.797,-1.828],[-49.752,-1.815],[-49.718,-1.836],[-49.708,-1.824],[-49.622,-1.765],[-49.608,-1.76],[-49.589,-1.736],[-49.584,-1.68],[-49.633,-1.677],[-49.683,-1.643],[-49.711,-1.602],[-49.719,-1.53],[-49.707,-1.504],[-49.708,-1.433],[-49.724,-1.371],[-49.772,-1.361],[-49.82,-1.318],[-49.85,-1.341],[-49.975,-1.301],[-49.973,-1.318],[-50.007,-1.342],[-50.016,-1.368],[-50.057,-1.337],[-50.101,-1.345],[-50.132,-1.321],[-50.207,-1.339],[-50.248,-1.361],[-50.245,-1.384],[-50.286,-1.402],[-50.287,-1.478],[-50.279,-1.49],[-50.291,-1.531],[-50.436,-1.595],[-50.403,-1.596],[-50.333,-1.626],[-50.301,-1.669],[-50.306,-1.716],[-50.291,-1.73],[-50.254,-1.806]]]}},{"type":"Feature","properties":{"code":"1502905"},"geometry":{"type":"Polygon","coordinates":[[[-47.815,-0.922],[-47.815,-0.893],[-47.755,-0.68],[-47.771,-0.667],[-47.756,-0.606],[-47.778,-0.582],[-47.809,-0.584],[-47.831,-0.61],[-47.821,-0.637],[-47.836,-0.68],[-47.851,-0.669],[-47.849,-0.588],[-47.87,-0.561],[-47.892,-0.558],[-47.909,-0.577],[-47.917,-0.623],[-47.965,-0.642],[-47.977,-0.686],[-47.962,-0.699],[-47.952,-0.777],[-47.959,-0.792],[-47.924,-0.828],[-47.92,-0.862],[-47.932,-0.903],[-47.901,-0.931],[-47.839,-0.947],[-47.815,-0.922]]]}},{"type":"Feature","properties":{"code":"1502855"},"geometry":{"type":"Polygon","coordinates":[[[-55.413,-1.399],[-55.174,-1.679],[-55.166,-1.731],[-55.177,-1.922],[-55.157,-1.944],[-55.16,-1.966],[-55.186,-1.991],[-55.185,-2.047],[-55.209,-2.104],[-55.267,-2.106],[-55.251,-2.131],[-55.142,-2.165],[-55.095,-2.167],[-55.064,-2.14],[-55.035,-2.069],[-55.004,-2.034],[-54.949,-2.017],[-54.87,-1.976],[-54.902,-1.963],[-54.966,-1.964],[-54.981,-1.914],[-55.033,-1.92],[-55.045,-1.905],[-54.951,-1.903],[-54.931,-1.839],[-54.95,-1.814],[-55.017,-1.794],[-55.075,-1.758],[-55.056,-1.695],[-55.084,-1.648],[-55.081,-1.634],[-55.177,-1.536],[-55.199,-1.486],[-55.222,-1.496],[-55.266,-1.463],[-55.285,-1.47],[-55.317,-1.443],[-55.337,-1.446],[-55.386,-1.424],[-55.413,-1.399]]]}},{"type":"Feature","properties":{"code":"1503200"},"geometry":{"type":"Polygon","coordinates":[[[-47.638,-1.375],[-47.601,-1.323],[-47.561,-1.286],[-47.496,-1.237],[-47.476,-1.203],[-47.467,-1.162],[-47.452,-1.151],[-47.446,-1.114],[-47.412,-1.062],[-47.4,-1.016],[-47.403,-0.977],[-47.413,-0.977],[-47.426,-0.983],[-47.61,-1.032],[-47.62,-1.066],[-47.707,-1.057],[-47.691,-1.111],[-47.696,-1.135],[-47.68,-1.183],[-47.692,-1.212],[-47.731,-1.245],[-47.709,-1.258],[-47.655,-1.24],[-47.638,-1.375]]]}},{"type":"Feature","properties":{"code":"1503101"},"geometry":{"type":"Polygon","coordinates":[[[-51.964,-1.826],[-51.952,-1.798],[-51.89,-1.73],[-51.86,-1.758],[-51.761,-1.723],[-51.7,-1.716],[-51.566,-1.693],[-51.504,-1.64],[-51.458,-1.643],[-51.209,-1.227],[-51.237,-1.238],[-51.276,-1.221],[-51.236,-1.164],[-51.217,-1.108],[-51.192,-1.04],[-51.172,-0.942],[-51.169,-0.896],[-51.187,-0.83],[-51.193,-0.776],[-51.185,-0.726],[-51.15,-0.683],[-51.094,-0.662],[-51.12,-0.647],[-51.122,-0.625],[-51.093,-0.563],[-51.104,-0.541],[-51.145,-0.548],[-51.181,-0.506],[-51.15,-0.486],[-51.144,-0.421],[-51.155,-0.403],[-51.23,-0.429],[-51.292,-0.434],[-51.372,-0.464],[-51.432,-0.473],[-51.458,-0.513],[-51.515,-0.566],[-51.596,-0.65],[-51.684,-0.795],[-51.696,-0.925],[-51.686,-1.013],[-51.7,-1.063],[-51.778,-1.14],[-51.783,-1.184],[-51.816,-1.217],[-51.864,-1.242],[-51.889,-1.275],[-51.891,-1.31],[-51.91,-1.353],[-51.956,-1.406],[-51.991,-1.435],[-52.062,-1.45],[-52.112,-1.47],[-52.23,-1.486],[-52.252,-1.504],[-52.242,-1.543],[-52.2,-1.604],[-52.093,-1.607],[-52.025,-1.597],[-51.97,-1.61],[-51.952,-1.647],[-51.986,-1.701],[-51.99,-1.743],[-51.977,-1.806],[-51.964,-1.826]]]}},{"type":"Feature","properties":{"code":"1503093"},"geometry":{"type":"Polygon","coordinates":[[[-49.497,-4.5],[-49.323,-4.501],[-49.265,-4.435],[-49.229,-4.407],[-49.194,-4.423],[-49.165,-4.366],[-49.132,-4.354],[-49.109,-4.324],[-49.044,-4.319],[-49.017,-4.335],[-49.017,-4.368],[-48.993,-4.369],[-48.92,-4.338],[-48.871,-4.308],[-48.846,-4.308],[-48.814,-4.27],[-48.773,-4.251],[-48.763,-4.232],[-48.746,-4.146],[-48.71,-4.106],[-48.68,-4.123],[-48.626,-4.119],[-48.605,-4.13],[-48.575,-4.122],[-48.514,-4.082],[-48.468,-4.071],[-48.439,-4.077],[-48.41,-4.033],[-48.388,-4.017],[-48.383,-3.946],[-48.37,-3.922],[-48.369,-3.88],[-48.389,-3.837],[-48.451,-3.806],[-48.496,-3.824],[-48.517,-3.808],[-48.576,-3.811],[-48.622,-3.777],[-48.672,-3.749],[-48.686,-3.759],[-48.728,-3.726],[-48.816,-3.713],[-48.82,-3.688],[-48.871,-3.661],[-48.89,-3.637],[-48.87,-3.584],[-48.884,-3.568],[-48.944,-3.568],[-48.966,-3.547],[-49.029,-3.547],[-49.038,-3.59],[-49.068,-3.593],[-49.101,-3.578],[-49.123,-3.543],[-49.172,-3.537],[-49.173,-3.562],[-49.201,-3.6],[-49.227,-3.607],[-49.257,-3.635],[-49.262,-3.681],[-49.274,-3.706],[-49.269,-3.781],[-49.221,-3.798],[-49.188,-3.797],[-49.18,-3.832],[-49.134,-3.842],[-49.149,-3.879],[-49.134,-3.936],[-49.114,-3.944],[-49.093,-3.994],[-49.073,-3.996],[-49.072,-4.058],[-49.051,-4.084],[-49.08,-4.102],[-49.114,-4.073],[-49.133,-4.033],[-49.149,-4.021],[-49.184,-4.03],[-49.213,-4.063],[-49.239,-4.077],[-49.607,-4.073],[-49.595,-4.148],[-49.559,-4.257],[-49.526,-4.319],[-49.506,-4.383],[-49.511,-4.406],[-49.495,-4.465],[-49.497,-4.5]]]}},{"type":"Feature","properties":{"code":"1503077"},"geometry":{"type":"Polygon","coordinates":[[[-47.214,-2.593],[-47.157,-2.573],[-47.141,-2.553],[-47.105,-2.552],[-47.088,-2.505],[-47.09,-2.473],[-47.106,-2.453],[-47.111,-2.402],[-47.103,-2.358],[-47.071,-2.348],[-47.081,-2.325],[-47.04,-2.308],[-47.033,-2.29],[-47.001,-2.279],[-46.952,-2.248],[-46.925,-2.218],[-46.888,-2.21],[-46.905,-2.156],[-46.911,-2.113],[-46.935,-2.075],[-46.9,-2.011],[-46.913,-1.974],[-46.971,-1.926],[-47.015,-1.87],[-47.015,-1.858],[-47.036,-1.86],[-47.082,-1.886],[-47.092,-1.879],[-47.163,-1.931],[-47.15,-1.961],[-47.148,-2.005],[-47.171,-2.073],[-47.167,-2.092],[-47.204,-2.186],[-47.229,-2.21],[-47.239,-2.269],[-47.211,-2.359],[-47.193,-2.394],[-47.212,-2.414],[-47.2,-2.447],[-47.164,-2.495],[-47.177,-2.552],[-47.218,-2.582],[-47.214,-2.593]]]}},{"type":"Feature","properties":{"code":"1502509"},"geometry":{"type":"MultiPolygon","coordinates":[[[[-49.507,0.124],[-49.452,0.112],[-49.477,0.148],[-49.507,0.124]]],[[[-49.626,0.19],[-49.661,0.187],[-49.678,0.156],[-49.654,0.145],[-49.615,0.153],[-49.602,0.17],[-49.626,0.19]]],[[[-49.618,0.199],[-49.576,0.22],[-49.602,0.243],[-49.632,0.21],[-49.618,0.199]]],[[[-48.936,-0.177],[-48.947,-0.206],[-48.925,-0.214],[-48.865,-0.191],[-48.877,-0.161],[-48.916,-0.151],[-48.936,-0.177]]],[[[-49.489,-0.667],[-49.449,-0.588],[-49.457,-0.571],[-49.449,-0.529],[-49.418,-0.502],[-49.394,-0.378],[-49.367,-0.352],[-49.336,-0.337],[-49.306,-0.37],[-49.268,-0.453],[-49.219,-0.483],[-49.208,-0.51],[-49.172,-0.474],[-49.145,-0.489],[-49.119,-0.473],[-49.106,-0.444],[-49.086,-0.439],[-49.059,-0.454],[-49.021,-0.421],[-49.007,-0.445],[-48.923,-0.291],[-48.927,-0.257],[-48.918,-0.23],[-48.94,-0.226],[-48.997,-0.186],[-49.017,-0.16],[-49.039,-0.169],[-49.066,-0.161],[-49.137,-0.168],[-49.196,-0.131],[-49.256,-0.16],[-49.329,-0.158],[-49.379,-0.191],[-49.422,-0.168],[-49.439,-0.127],[-49.432,-0.088],[-49.416,-0.066],[-49.388,-0.057],[-49.359,-0.026],[-49.37,0.038],[-49.397,0.062],[-49.479,0.081],[-49.532,0.081],[-49.583,0.09],[-49.632,0.075],[-49.666,0.097],[-49.7,0.15],[-49.693,0.178],[-49.644,0.217],[-49.633,0.241],[-49.584,0.273],[-49.534,0.289],[-49.495,0.319],[-49.489,0.334],[-49.503,0.372],[-49.548,0.39],[-49.582,0.419],[-49.618,0.392],[-49.661,0.393],[-49.725,0.378],[-49.778,0.341],[-49.808,0.332],[-49.828,0.355],[-49.889,0.323],[-49.922,0.358],[-49.946,0.366],[-49.98,0.36],[-49.993,0.338],[-50.051,0.337],[-50.098,0.344],[-50.132,0.331],[-50.168,0.34],[-50.173,0.398],[-50.077,0.463],[-50.036,0.534],[-50.028,0.568],[-50.037,0.602],[-50.073,0.636],[-50.104,0.64],[-50.133,0.62],[-50.179,0.635],[-50.214,0.656],[-50.226,0.696],[-50.329,0.674],[-50.41,0.623],[-50.437,0.6],[-50.467,0.531],[-50.476,0.481],[-50.504,0.435],[-50.524,0.372],[-50.553,0.312],[-50.6,0.249],[-50.58,0.227],[-50.523,0.188],[-50.471,0.177],[-50.433,0.15],[-50.413,0.113],[-50.396,0.051],[-50.38,0.026],[-50.332,-0.013],[-50.299,-0.068],[-50.299,-0.102],[-50.196,-0.213],[-50.107,-0.471],[-50.081,-0.48],[-50.007,-0.479],[-49.965,-0.493],[-49.902,-0.531],[-49.852,-0.58],[-49.821,-0.6],[-49.775,-0.605],[-49.742,-0.595],[-49.679,-0.558],[-49.652,-0.556],[-49.62,-0.586],[-49.538,-0.625],[-49.489,-0.667]]]]}},{"type":"Feature","properties":{"code":"1502301"},"geometry":{"type":"Polygon","coordinates":[[[-47.439,-2.407],[-47.406,-2.466],[-47.391,-2.471],[-47.407,-2.519],[-47.337,-2.576],[-47.27,-2.569],[-47.214,-2.593],[-47.218,-2.582],[-47.177,-2.552],[-47.164,-2.495],[-47.2,-2.447],[-47.212,-2.414],[-47.193,-2.394],[-47.211,-2.359],[-47.239,-2.269],[-47.229,-2.21],[-47.204,-2.186],[-47.167,-2.092],[-47.171,-2.073],[-47.148,-2.005],[-47.15,-1.961],[-47.163,-1.931],[-47.092,-1.879],[-47.082,-1.886],[-47.036,-1.86],[-47.015,-1.858],[-46.99,-1.841],[-46.944,-1.748],[-46.952,-1.702],[-46.927,-1.674],[-46.988,-1.622],[-46.98,-1.597],[-47.028,-1.577],[-47.042,-1.55],[-47.07,-1.539],[-47.096,-1.561],[-47.139,-1.557],[-47.15,-1.574],[-47.19,-1.575],[-47.2,-1.589],[-47.241,-1.593],[-47.28,-1.585],[-47.307,-1.611],[-47.315,-1.664],[-47.309,-1.71],[-47.295,-1.722],[-47.285,-1.767],[-47.253,-1.804],[-47.22,-1.794],[-47.193,-1.82],[-47.213,-1.839],[-47.23,-1.885],[-47.217,-1.914],[-47.222,-1.946],[-47.26,-1.99],[-47.291,-1.998],[-47.299,-2.02],[-47.356,-2.075],[-47.399,-2.079],[-47.45,-2.079],[-47.47,-2.087],[-47.511,-2.13],[-47.515,-2.184],[-47.492,-2.209],[-47.458,-2.216],[-47.424,-2.244],[-47.432,-2.303],[-47.455,-2.336],[-47.437,-2.367],[-47.439,-2.407]]]}},{"type":"Feature","properties":{"code":"1502400"},"geometry":{"type":"Polygon","coordinates":[[[-47.638,-1.375],[-47.779,-1.305],[-47.846,-1.287],[-47.831,-1.23],[-47.808,-1.208],[-47.835,-1.16],[-47.838,-1.131],[-47.81,-1.081],[-47.811,-1.066],[-47.871,-1.06],[-47.891,-1.046],[-47.943,-1.039],[-47.975,-1.062],[-47.992,-1.103],[-48.022,-1.134],[-47.969,-1.203],[-48.036,-1.208],[-48.026,-1.413],[-47.986,-1.422],[-47.877,-1.318],[-47.854,-1.397],[-47.787,-1.401],[-47.76,-1.453],[-47.748,-1.481],[-47.697,-1.483],[-47.667,-1.47],[-47.653,-1.431],[-47.638,-1.375]]]}},{"type":"Feature","properties":{"code":"1502707"},"geometry":{"type":"Polygon","coordinates":[[[-49.482,-8.674],[-49.452,-8.613],[-49.41,-8.58],[-49.4,-8.545],[-49.392,-8.49],[-49.377,-8.455],[-49.349,-8.418],[-49.299,-8.395],[-49.283,-8.38],[-49.267,-8.334],[-49.249,-8.255],[-49.221,-8.204],[-49.21,-8.175],[-49.207,-8.127],[-49.193,-8.076],[-49.177,-8.062],[-49.176,-8.009],[-49.182,-7.977],[-49.163,-7.921],[-49.167,-7.856],[-49.15,-7.812],[-49.161,-7.791],[-49.221,-7.762],[-49.297,-7.696],[-49.323,-7.682],[-49.342,-7.656],[-49.361,-7.615],[-49.386,-7.641],[-49.411,-7.65],[-49.425,-7.699],[-49.418,-7.723],[-49.475,-7.758],[-49.509,-7.805],[-49.519,-7.844],[-49.569,-7.818],[-49.603,-7.867],[-49.663,-7.92],[-49.695,-7.902],[-49.743,-7.905],[-49.815,-7.952],[-49.827,-7.968],[-49.832,-7.987],[-49.86,-8.003],[-49.905,-8.056],[-49.914,-8.097],[-49.9,-8.131],[-49.874,-8.145],[-49.866,-8.179],[-49.873,-8.245],[-49.857,-8.267],[-49.846,-8.309],[-49.827,-8.332],[-49.76,-8.343],[-49.74,-8.335],[-49.715,-8.294],[-49.684,-8.279],[-49.659,-8.286],[-49.659,-8.501],[-49.702,-8.503],[-49.778,-8.573],[-49.763,-8.627],[-49.759,-8.674],[-49.732,-8.707],[-49.735,-8.723],[-49.703,-8.761],[-49.658,-8.771],[-49.632,-8.795],[-49.584,-8.788],[-49.547,-8.732],[-49.54,-8.704],[-49.482,-8.674]]]}},{"type":"Feature","properties":{"code":"1502772"},"geometry":{"type":"Polygon","coordinates":[[[-49.73,-6.715],[-49.638,-6.637],[-49.411,-6.445],[-49.421,-6.373],[-49.411,-6.358],[-49.433,-6.33],[-49.52,-6.333],[-49.528,-6.302],[-49.562,-6.286],[-49.573,-6.26],[-49.558,-6.212],[-49.476,-6.101],[-49.482,-6.08],[-49.459,-6.018],[-49.468,-5.993],[-49.458,-5.902],[-49.511,-5.883],[-49.58,-5.896],[-49.608,-5.911],[-49.634,-5.906],[-49.673,-5.931],[-49.719,-5.946],[-49.755,-5.931],[-49.769,-5.888],[-49.763,-5.847],[-49.78,-5.835],[-49.792,-5.785],[-49.832,-5.836],[-49.826,-5.856],[-49.802,-5.867],[-49.805,-5.904],[-49.791,-5.983],[-49.791,-6.022],[-49.773,-6.041],[-49.782,-6.114],[-49.736,-6.181],[-49.736,-6.208],[-49.788,-6.22],[-49.829,-6.218],[-49.823,-6.249],[-49.788,-6.28],[-49.793,-6.339],[-49.761,-6.37],[-49.736,-6.376],[-49.71,-6.443],[-49.725,-6.47],[-49.696,-6.485],[-49.664,-6.538],[-49.706,-6.597],[-49.703,-6.636],[-49.73,-6.715]]]}},{"type":"Feature","properties":{"code":"1502764"},"geometry":{"type":"Polygon","coordinates":[[[-51.285,-9.699],[-51.261,-9.615],[-51.258,-9.576],[-51.186,-9.524],[-51.161,-9.534],[-51.14,-9.559],[-51.125,-9.532],[-51.119,-9.493],[-51.088,-9.484],[-51.066,-9.43],[-51.059,-9.366],[-51.078,-9.334],[-51.071,-9.293],[-51.084,-9.262],[-51.064,-9.249],[-51.056,-9.189],[-51.123,-9.127],[-51.09,-9.07],[-51.101,-9.042],[-51.084,-9.008],[-51.056,-8.981],[-51.084,-8.937],[-51.112,-8.927],[-51.103,-8.899],[-51.075,-8.902],[-51.036,-8.854],[-51.04,-8.83],[-51.024,-8.77],[-51.027,-8.732],[-51.047,-8.677],[-51.021,-8.641],[-50.979,-8.623],[-50.935,-8.572],[-50.946,-8.531],[-50.927,-8.5],[-50.91,-8.446],[-50.87,-8.413],[-50.886,-8.393],[-50.867,-8.337],[-50.834,-8.326],[-50.818,-8.296],[-50.766,-8.32],[-50.734,-8.295],[-50.746,-8.264],[-50.704,-8.246],[-50.662,-8.246],[-50.629,-8.201],[-50.6,-8.191],[-50.552,-8.145],[-50.56,-8.103],[-50.526,-8.098],[-50.523,-8.054],[-50.506,-8.023],[-50.517,-7.954],[-50.538,-7.956],[-50.551,-7.898],[-50.572,-7.869],[-50.543,-7.8],[-50.512,-7.766],[-50.56,-7.747],[-50.636,-7.701],[-50.684,-7.736],[-50.716,-7.731],[-50.735,-7.744],[-50.772,-7.676],[-50.779,-7.637],[-50.807,-7.654],[-50.832,-7.612],[-50.917,-7.604],[-50.962,-7.583],[-50.964,-7.554],[-50.996,-7.495],[-50.986,-7.449],[-50.994,-7.421],[-50.974,-7.4],[-50.972,-7.373],[-51.025,-7.36],[-51.063,-7.321],[-51.116,-7.34],[-51.141,-7.361],[-51.204,-7.327],[-51.213,-7.373],[-51.23,-7.404],[-51.212,-7.428],[-51.2,-7.472],[-51.2,-7.519],[-51.184,-7.544],[-51.194,-7.566],[-51.233,-7.585],[-51.24,-7.611],[-51.216,-7.629],[-51.213,-7.677],[-51.199,-7.687],[-51.185,-7.732],[-51.136,-7.769],[-51.177,-7.876],[-51.231,-7.905],[-51.252,-7.956],[-51.308,-7.977],[-51.333,-7.973],[-51.343,-8.001],[-51.403,-8.017],[-51.422,-8.004],[-51.442,-8.028],[-51.435,-8.077],[-51.466,-8.106],[-51.491,-8.153],[-51.547,-8.207],[-51.56,-8.193],[-51.598,-8.192],[-51.658,-8.247],[-51.719,-8.227],[-51.754,-8.23],[-51.776,-8.274],[-51.866,-8.244],[-51.881,-8.218],[-51.911,-8.249],[-51.888,-8.309],[-51.796,-8.351],[-51.782,-8.38],[-51.764,-8.432],[-51.783,-8.456],[-51.806,-8.545],[-51.771,-8.607],[-51.775,-8.672],[-51.786,-8.68],[-51.779,-8.725],[-51.824,-8.762],[-51.917,-8.812],[-51.922,-8.853],[-51.881,-8.897],[-51.858,-8.906],[-51.784,-8.883],[-51.742,-8.887],[-51.732,-8.9],[-51.728,-8.95],[-51.736,-8.984],[-51.704,-9.009],[-51.696,-9.032],[-51.633,-9.062],[-51.595,-9.089],[-51.564,-9.082],[-51.573,-9.143],[-51.546,-9.165],[-51.544,-9.184],[-51.513,-9.2],[-51.484,-9.263],[-51.487,-9.31],[-51.464,-9.341],[-51.489,-9.381],[-51.472,-9.41],[-51.438,-9.44],[-51.436,-9.47],[-51.412,-9.499],[-51.386,-9.513],[-51.367,-9.552],[-51.323,-9.592],[-51.325,-9.643],[-51.318,-9.678],[-51.285,-9.699]]]}},{"type":"Feature","properties":{"code":"1502756"},"geometry":{"type":"Polygon","coordinates":[[[-47.989,-2.097],[-47.981,-2.07],[-47.926,-2.007],[-47.89,-1.983],[-47.908,-1.967],[-47.899,-1.877],[-47.879,-1.842],[-47.893,-1.789],[-47.889,-1.77],[-47.886,-1.683],[-47.901,-1.665],[-47.955,-1.67],[-47.962,-1.706],[-47.98,-1.716],[-48.007,-1.765],[-48.043,-1.774],[-48.078,-1.83],[-48.043,-1.929],[-48.076,-2.042],[-48.054,-2.084],[-47.989,-2.097]]]}},{"type":"Feature","properties":{"code":"1502608"},"geometry":{"type":"Polygon","coordinates":[[[-48.214,-1.007],[-48.193,-0.996],[-48.193,-0.948],[-48.176,-0.95],[-48.149,-0.838],[-48.172,-0.816],[-48.23,-0.828],[-48.269,-0.903],[-48.294,-0.92],[-48.366,-0.919],[-48.41,-0.906],[-48.44,-0.979],[-48.439,-0.983],[-48.307,-1.019],[-48.275,-1.021],[-48.214,-1.007]]]}},{"type":"Feature","properties":{"code":"1501956"},"geometry":{"type":"Polygon","coordinates":[[[-46.439,-2.413],[-46.413,-2.379],[-46.432,-2.365],[-46.433,-2.301],[-46.416,-2.274],[-46.431,-2.235],[-46.411,-2.229],[-46.391,-2.25],[-46.347,-2.222],[-46.327,-2.186],[-46.283,-2.154],[-46.273,-2.12],[-46.275,-2.055],[-46.263,-2.049],[-46.223,-1.915],[-46.243,-1.879],[-46.211,-1.831],[-46.23,-1.803],[-46.259,-1.795],[-46.31,-1.806],[-46.325,-1.773],[-46.315,-1.742],[-46.391,-1.721],[-46.423,-1.699],[-46.446,-1.703],[-46.468,-1.681],[-46.508,-1.664],[-46.532,-1.615],[-46.572,-1.667],[-46.561,-1.697],[-46.588,-1.711],[-46.635,-1.772],[-46.611,-1.875],[-46.609,-1.917],[-46.581,-1.944],[-46.581,-2.001],[-46.595,-2.08],[-46.589,-2.152],[-46.594,-2.176],[-46.616,-2.191],[-46.605,-2.223],[-46.5,-2.381],[-46.439,-2.413]]]}},{"type":"Feature","properties":{"code":"1501907"},"geometry":{"type":"Polygon","coordinates":[[[-48.078,-1.83],[-48.043,-1.774],[-48.007,-1.765],[-47.98,-1.716],[-47.962,-1.706],[-47.955,-1.67],[-47.901,-1.665],[-47.886,-1.683],[-47.889,-1.77],[-47.871,-1.74],[-47.87,-1.7],[-47.881,-1.662],[-47.858,-1.629],[-47.874,-1.593],[-47.913,-1.567],[-47.944,-1.579],[-47.979,-1.592],[-48.002,-1.57],[-48.003,-1.539],[-47.988,-1.501],[-48.013,-1.475],[-48.036,-1.478],[-48.056,-1.528],[-48.102,-1.54],[-48.128,-1.547],[-48.185,-1.524],[-48.205,-1.492],[-48.26,-1.467],[-48.293,-1.47],[-48.3,-1.492],[-48.276,-1.541],[-48.291,-1.565],[-48.269,-1.582],[-48.251,-1.62],[-48.231,-1.631],[-48.236,-1.657],[-48.228,-1.694],[-48.201,-1.694],[-48.178,-1.73],[-48.175,-1.774],[-48.137,-1.773],[-48.109,-1.818],[-48.078,-1.83]]]}},{"type":"Feature","properties":{"code":"1502004"},"geometry":{"type":"Polygon","coordinates":[[[-49.192,-0.74],[-49.186,-0.774],[-49.191,-0.82],[-49.15,-0.819],[-49.143,-0.841],[-49.085,-0.89],[-49.05,-0.901],[-49.03,-0.959],[-48.996,-0.978],[-48.962,-0.98],[-48.967,-1.034],[-48.928,-1.04],[-48.914,-1.089],[-48.918,-1.14],[-48.893,-1.158],[-48.865,-1.2],[-48.801,-1.213],[-48.745,-1.188],[-48.714,-1.188],[-48.673,-1.175],[-48.608,-1.172],[-48.525,-1.084],[-48.493,-1.038],[-48.469,-1.019],[-48.439,-0.983],[-48.44,-0.979],[-48.463,-0.971],[-48.529,-0.973],[-48.63,-0.931],[-48.638,-0.896],[-48.691,-0.878],[-48.757,-0.751],[-48.962,-0.651],[-48.998,-0.501],[-49.007,-0.445],[-49.021,-0.421],[-49.059,-0.454],[-49.086,-0.439],[-49.106,-0.444],[-49.119,-0.473],[-49.145,-0.489],[-49.172,-0.474],[-49.208,-0.51],[-49.207,-0.535],[-49.184,-0.582],[-49.148,-0.609],[-49.138,-0.654],[-49.154,-0.706],[-49.192,-0.74]]]}},{"type":"Feature","properties":{"code":"1501808"},"geometry":{"type":"Polygon","coordinates":[[[-51.217,-1.108],[-51.191,-1.118],[-51.166,-1.151],[-51.133,-1.171],[-51.067,-1.151],[-51.003,-1.116],[-50.937,-1.119],[-50.875,-1.166],[-50.815,-1.203],[-50.8,-1.253],[-50.805,-1.274],[-50.842,-1.298],[-50.897,-1.397],[-50.876,-1.446],[-50.84,-1.425],[-50.825,-1.44],[-50.798,-1.432],[-50.751,-1.504],[-50.731,-1.559],[-50.615,-1.651],[-50.574,-1.72],[-50.533,-1.747],[-50.503,-1.749],[-50.477,-1.774],[-50.338,-1.806],[-50.3,-1.806],[-50.254,-1.806],[-50.291,-1.73],[-50.306,-1.716],[-50.301,-1.669],[-50.333,-1.626],[-50.403,-1.596],[-50.436,-1.595],[-50.291,-1.531],[-50.279,-1.49],[-50.287,-1.478],[-50.286,-1.402],[-50.245,-1.384],[-50.248,-1.361],[-50.207,-1.339],[-50.132,-1.321],[-50.101,-1.345],[-50.057,-1.337],[-50.016,-1.368],[-50.007,-1.342],[-49.973,-1.318],[-49.975,-1.301],[-49.984,-1.298],[-49.988,-1.18],[-49.97,-1.136],[-49.93,-1.115],[-49.932,-1.096],[-50.194,-1.074],[-50.215,-1.043],[-50.247,-0.973],[-50.29,-0.974],[-50.314,-0.96],[-50.38,-0.975],[-50.406,-0.971],[-50.435,-1.024],[-50.473,-1.027],[-50.526,-1.012],[-50.534,-0.998],[-50.522,-0.957],[-50.489,-0.97],[-50.469,-0.94],[-50.476,-0.884],[-50.502,-0.864],[-50.497,-0.832],[-50.509,-0.815],[-50.483,-0.791],[-50.467,-0.751],[-50.477,-0.724],[-50.542,-0.672],[-50.605,-0.67],[-50.624,-0.644],[-50.664,-0.637],[-50.684,-0.622],[-50.711,-0.557],[-50.746,-0.515],[-50.766,-0.507],[-50.793,-0.522],[-50.836,-0.53],[-50.958,-0.574],[-50.986,-0.597],[-51.011,-0.631],[-51.045,-0.653],[-51.094,-0.662],[-51.15,-0.683],[-51.185,-0.726],[-51.193,-0.776],[-51.187,-0.83],[-51.169,-0.896],[-51.172,-0.942],[-51.192,-1.04],[-51.217,-1.108]]]}},{"type":"Feature","properties":{"code":"1501782"},"geometry":{"type":"Polygon","coordinates":[[[-49.607,-4.073],[-49.239,-4.077],[-49.213,-4.063],[-49.184,-4.03],[-49.149,-4.021],[-49.133,-4.033],[-49.114,-4.073],[-49.08,-4.102],[-49.051,-4.084],[-49.072,-4.058],[-49.073,-3.996],[-49.093,-3.994],[-49.114,-3.944],[-49.134,-3.936],[-49.149,-3.879],[-49.134,-3.842],[-49.18,-3.832],[-49.188,-3.797],[-49.221,-3.798],[-49.269,-3.781],[-49.274,-3.706],[-49.262,-3.681],[-49.257,-3.635],[-49.227,-3.607],[-49.201,-3.6],[-49.173,-3.562],[-49.172,-3.537],[-49.123,-3.543],[-49.101,-3.578],[-49.068,-3.593],[-49.038,-3.59],[-49.029,-3.547],[-49.025,-3.511],[-48.974,-3.457],[-48.928,-3.433],[-48.926,-3.413],[-49.001,-3.412],[-49.473,-3.415],[-49.596,-3.415],[-49.613,-3.446],[-49.598,-3.513],[-49.636,-3.626],[-49.66,-3.685],[-49.661,-3.74],[-49.639,-3.802],[-49.641,-3.835],[-49.615,-3.873],[-49.614,-3.983],[-49.617,-4.051],[-49.607,-4.073]]]}},{"type":"Feature","properties":{"code":"1502202"},"geometry":{"type":"Polygon","coordinates":[[[-47.187,-1.389],[-47.183,-1.386],[-47.058,-1.196],[-47.054,-1.157],[-47.014,-1.139],[-46.978,-1.104],[-46.985,-1.077],[-46.965,-1.043],[-46.984,-1.013],[-47.002,-1.012],[-47.014,-1.014],[-47.045,-1.034],[-47.096,-1.04],[-47.145,-0.987],[-47.212,-1.001],[-47.196,-1.18],[-47.206,-1.225],[-47.214,-1.25],[-47.195,-1.268],[-47.187,-1.389]]]}},{"type":"Feature","properties":{"code":"1502152"},"geometry":{"type":"Polygon","coordinates":[[[-50.483,-6.514],[-50.455,-6.505],[-50.42,-6.51],[-50.405,-6.478],[-50.364,-6.481],[-50.354,-6.536],[-50.331,-6.551],[-50.313,-6.582],[-50.301,-6.629],[-50.269,-6.596],[-50.232,-6.577],[-50.208,-6.588],[-50.136,-6.58],[-50.071,-6.538],[-49.998,-6.55],[-49.958,-6.591],[-49.895,-6.633],[-49.844,-6.659],[-49.815,-6.661],[-49.791,-6.642],[-49.738,-6.676],[-49.73,-6.715],[-49.703,-6.636],[-49.706,-6.597],[-49.664,-6.538],[-49.696,-6.485],[-49.725,-6.47],[-49.71,-6.443],[-49.736,-6.376],[-49.761,-6.37],[-49.793,-6.339],[-49.788,-6.28],[-49.823,-6.249],[-50.314,-6.25],[-50.568,-6.25],[-50.542,-6.266],[-50.522,-6.34],[-50.492,-6.35],[-50.508,-6.397],[-50.505,-6.421],[-50.479,-6.448],[-50.494,-6.482],[-50.483,-6.514]]]}},{"type":"Feature","properties":{"code":"1502103"},"geometry":{"type":"Polygon","coordinates":[[[-49.745,-2.535],[-49.7,-2.545],[-49.694,-2.583],[-49.676,-2.59],[-49.61,-2.527],[-49.584,-2.513],[-49.58,-2.491],[-49.534,-2.514],[-49.508,-2.553],[-49.479,-2.535],[-49.463,-2.564],[-49.428,-2.532],[-49.399,-2.539],[-49.373,-2.517],[-49.371,-2.494],[-49.297,-2.451],[-49.278,-2.395],[-49.357,-2.36],[-49.339,-2.325],[-49.317,-2.311],[-49.292,-2.253],[-49.255,-2.221],[-49.227,-2.147],[-49.19,-2.104],[-49.264,-2.025],[-49.315,-2.06],[-49.309,-2.018],[-49.318,-1.994],[-49.365,-2.002],[-49.383,-1.982],[-49.366,-1.938],[-49.404,-1.924],[-49.417,-1.956],[-49.469,-2.0],[-49.594,-1.972],[-49.611,-1.993],[-49.652,-2.01],[-49.706,-2.069],[-49.795,-2.164],[-49.83,-2.149],[-49.822,-2.2],[-49.806,-2.228],[-49.779,-2.221],[-49.735,-2.25],[-49.724,-2.301],[-49.743,-2.38],[-49.725,-2.458],[-49.745,-2.535]]]}},{"type":"Feature","properties":{"code":"1501402"},"geometry":{"type":"Polygon","coordinates":[[[-48.506,-1.527],[-48.492,-1.505],[-48.465,-1.523],[-48.41,-1.509],[-48.332,-1.467],[-48.346,-1.451],[-48.369,-1.464],[-48.384,-1.444],[-48.375,-1.412],[-48.43,-1.404],[-48.421,-1.369],[-48.435,-1.346],[-48.422,-1.313],[-48.429,-1.286],[-48.408,-1.228],[-48.381,-1.239],[-48.353,-1.221],[-48.31,-1.163],[-48.296,-1.127],[-48.302,-1.106],[-48.324,-1.06],[-48.469,-1.019],[-48.493,-1.038],[-48.525,-1.084],[-48.608,-1.172],[-48.624,-1.192],[-48.6,-1.246],[-48.554,-1.314],[-48.545,-1.354],[-48.515,-1.394],[-48.519,-1.456],[-48.506,-1.527]]]}},{"type":"Feature","properties":{"code":"1501501"},"geometry":{"type":"Polygon","coordinates":[[[-48.34,-1.329],[-48.301,-1.337],[-48.277,-1.394],[-48.293,-1.47],[-48.26,-1.467],[-48.235,-1.429],[-48.246,-1.4],[-48.232,-1.375],[-48.207,-1.257],[-48.225,-1.264],[-48.242,-1.295],[-48.264,-1.271],[-48.336,-1.25],[-48.353,-1.264],[-48.352,-1.316],[-48.34,-1.329]]]}},{"type":"Feature","properties":{"code":"1501451"},"geometry":{"type":"Polygon","coordinates":[[[-55.234,-3.242],[-55.137,-3.25],[-55.051,-3.233],[-55.037,-3.255],[-55.056,-3.311],[-55.086,-3.326],[-55.079,-3.344],[-55.088,-3.4],[-55.119,-3.428],[-55.114,-3.493],[-55.092,-3.51],[-55.115,-3.542],[-55.116,-3.574],[-55.138,-3.589],[-55.143,-3.62],[-55.161,-3.631],[-55.152,-3.675],[-55.174,-3.697],[-55.138,-3.733],[-55.12,-3.789],[-55.151,-3.811],[-55.147,-3.866],[-55.093,-3.873],[-55.094,-3.909],[-55.073,-3.938],[-55.018,-3.921],[-55.002,-3.892],[-55.016,-3.859],[-54.981,-3.848],[-54.963,-3.816],[-54.944,-3.809],[-54.953,-3.727],[-54.924,-3.701],[-54.905,-3.654],[-54.917,-3.6],[-54.895,-3.563],[-54.834,-3.556],[-54.834,-3.283],[-54.833,-2.981],[-54.832,-2.661],[-54.809,-2.64],[-54.83,-2.571],[-54.958,-2.571],[-54.956,-2.549],[-55.058,-2.549],[-55.094,-2.752],[-55.102,-2.82],[-55.127,-2.901],[-55.162,-2.979],[-55.187,-3.091],[-55.234,-3.242]]]}},{"type":"Feature","properties":{"code":"1501303"},"geometry":{"type":"Polygon","coordinates":[[[-48.837,-1.521],[-48.818,-1.594],[-48.804,-1.608],[-48.766,-1.602],[-48.743,-1.614],[-48.702,-1.681],[-48.66,-1.692],[-48.53,-1.699],[-48.516,-1.673],[-48.49,-1.677],[-48.441,-1.656],[-48.483,-1.567],[-48.506,-1.527],[-48.519,-1.456],[-48.515,-1.394],[-48.545,-1.354],[-48.554,-1.314],[-48.6,-1.246],[-48.624,-1.192],[-48.652,-1.232],[-48.702,-1.322],[-48.776,-1.474],[-48.837,-1.521]]]}},{"type":"Feature","properties":{"code":"1501758"},"geometry":{"type":"Polygon","coordinates":[[[-48.623,-5.888],[-48.64,-5.943],[-48.661,-5.984],[-48.645,-5.997],[-48.584,-5.992],[-48.549,-6.028],[-48.531,-6.035],[-48.533,-6.013],[-48.511,-5.972],[-48.505,-5.942],[-48.482,-5.924],[-48.361,-5.699],[-48.239,-5.673],[-48.172,-5.709],[-48.141,-5.654],[-48.138,-5.603],[-48.195,-5.563],[-48.279,-5.54],[-48.328,-5.497],[-48.363,-5.522],[-48.386,-5.557],[-48.428,-5.575],[-48.462,-5.601],[-48.504,-5.647],[-48.587,-5.7],[-48.601,-5.731],[-48.608,-5.802],[-48.633,-5.827],[-48.612,-5.875],[-48.623,-5.888]]]}},{"type":"Feature","properties":{"code":"1501725"},"geometry":{"type":"Polygon","coordinates":[[[-53.179,-3.674],[-53.172,-3.716],[-53.209,-3.745],[-53.208,-3.786],[-53.168,-3.808],[-53.164,-3.858],[-53.124,-3.864],[-53.096,-3.897],[-53.071,-3.898],[-53.045,-3.926],[-53.002,-3.936],[-52.99,-3.921],[-52.938,-3.909],[-52.932,-3.876],[-52.862,-3.821],[-52.835,-3.852],[-52.789,-3.858],[-52.757,-3.84],[-52.727,-3.841],[-52.698,-3.819],[-52.649,-3.821],[-52.613,-3.783],[-52.565,-3.75],[-52.549,-3.72],[-52.511,-3.696],[-52.489,-3.695],[-52.452,-3.663],[-52.447,-3.614],[-52.425,-3.573],[-52.381,-3.533],[-52.364,-3.534],[-52.36,-3.494],[-52.376,-3.489],[-52.403,-3.436],[-52.471,-3.412],[-52.534,-3.436],[-52.52,-3.406],[-52.489,-3.385],[-52.499,-3.366],[-52.496,-3.315],[-52.485,-3.306],[-52.497,-3.264],[-52.483,-3.224],[-52.441,-3.163],[-52.4,-3.161],[-52.394,-3.131],[-52.37,-3.119],[-52.359,-3.075],[-52.37,-3.052],[-52.349,-3.006],[-52.318,-2.972],[-52.324,-2.906],[-52.278,-2.865],[-52.276,-2.83],[-52.29,-2.808],[-52.331,-2.783],[-52.39,-2.77],[-52.501,-2.774],[-52.557,-2.725],[-52.623,-2.716],[-52.684,-2.723],[-52.763,-2.744],[-52.803,-2.764],[-52.83,-2.762],[-52.904,-2.715],[-53.001,-2.672],[-52.959,-2.742],[-52.955,-2.769],[-52.874,-2.811],[-52.89,-2.958],[-52.876,-2.973],[-52.885,-3.06],[-52.877,-3.101],[-52.843,-3.167],[-52.82,-3.186],[-52.755,-3.265],[-52.718,-3.333],[-52.698,-3.354],[-52.669,-3.465],[-52.695,-3.5],[-52.728,-3.51],[-52.749,-3.532],[-52.764,-3.578],[-52.787,-3.578],[-52.819,-3.627],[-52.856,-3.618],[-52.898,-3.633],[-52.945,-3.618],[-52.979,-3.618],[-52.997,-3.631],[-53.024,-3.609],[-53.034,-3.65],[-53.052,-3.657],[-53.117,-3.629],[-53.157,-3.665],[-53.179,-3.674]]]}},{"type":"Feature","properties":{"code":"1501709"},"geometry":{"type":"Polygon","coordinates":[[[-46.997,-1.308],[-46.941,-1.294],[-46.91,-1.427],[-46.861,-1.442],[-46.845,-1.466],[-46.876,-1.563],[-46.818,-1.548],[-46.824,-1.543],[-46.548,-1.335],[-46.635,-1.226],[-46.616,-1.183],[-46.652,-1.11],[-46.659,-1.023],[-46.636,-0.969],[-46.642,-0.949],[-46.625,-0.921],[-46.635,-0.896],[-46.616,-0.859],[-46.596,-0.842],[-46.613,-0.816],[-46.645,-0.793],[-46.665,-0.791],[-46.677,-0.821],[-46.716,-0.844],[-46.766,-0.84],[-46.796,-0.871],[-46.814,-0.894],[-46.806,-0.927],[-46.836,-0.935],[-46.845,-0.959],[-46.84,-0.998],[-46.857,-1.09],[-46.959,-1.257],[-46.984,-1.215],[-47.026,-1.206],[-47.002,-1.253],[-46.997,-1.308]]]}},{"type":"Feature","properties":{"code":"1501600"},"geometry":{"type":"Polygon","coordinates":[[[-47.419,-1.495],[-47.363,-1.463],[-47.351,-1.5],[-47.331,-1.5],[-47.308,-1.476],[-47.286,-1.486],[-47.296,-1.513],[-47.34,-1.534],[-47.325,-1.564],[-47.286,-1.537],[-47.247,-1.488],[-47.188,-1.394],[-47.187,-1.389],[-47.195,-1.268],[-47.214,-1.25],[-47.206,-1.225],[-47.296,-1.28],[-47.343,-1.287],[-47.428,-1.37],[-47.436,-1.446],[-47.416,-1.478],[-47.419,-1.495]]]}},{"type":"Feature","properties":{"code":"1501576"},"geometry":{"type":"Polygon","coordinates":[[[-48.755,-5.349],[-48.452,-5.112],[-48.483,-5.095],[-48.505,-5.066],[-48.531,-5.0],[-48.527,-4.923],[-48.613,-4.814],[-48.65,-4.806],[-48.675,-4.77],[-48.693,-4.781],[-48.772,-4.734],[-48.791,-4.708],[-48.827,-4.716],[-48.861,-4.749],[-48.873,-4.824],[-48.898,-4.836],[-48.912,-4.902],[-48.932,-4.946],[-48.935,-4.971],[-48.997,-4.973],[-49.014,-4.987],[-49.026,-5.045],[-49.006,-5.067],[-49.002,-5.123],[-49.022,-5.176],[-48.983,-5.27],[-48.993,-5.283],[-48.962,-5.285],[-48.926,-5.301],[-48.863,-5.341],[-48.755,-5.349]]]}},{"type":"Feature","properties":{"code":"1500909"},"geometry":{"type":"Polygon","coordinates":[[[-46.548,-1.335],[-46.385,-1.212],[-46.386,-1.194],[-46.361,-1.154],[-46.343,-1.103],[-46.346,-1.071],[-46.333,-1.049],[-46.337,-1.022],[-46.362,-1.011],[-46.389,-1.021],[-46.416,-1.001],[-46.428,-1.024],[-46.469,-1.025],[-46.465,-0.998],[-46.477,-0.964],[-46.463,-0.946],[-46.48,-0.924],[-46.41,-0.888],[-46.424,-0.867],[-46.496,-0.872],[-46.533,-0.909],[-46.557,-0.919],[-46.576,-0.981],[-46.601,-0.957],[-46.636,-0.969],[-46.659,-1.023],[-46.652,-1.11],[-46.616,-1.183],[-46.635,-1.226],[-46.548,-1.335]]]}},{"type":"Feature","properties":{"code":"1500958"},"geometry":{"type":"Polygon","coordinates":[[[-47.439,-2.407],[-47.437,-2.367],[-47.455,-2.336],[-47.432,-2.303],[-47.424,-2.244],[-47.458,-2.216],[-47.492,-2.209],[-47.515,-2.184],[-47.511,-2.13],[-47.533,-2.131],[-47.555,-2.101],[-47.582,-2.107],[-47.579,-2.067],[-47.587,-2.0],[-47.746,-2.001],[-47.766,-2.03],[-47.794,-2.039],[-47.812,-2.094],[-47.839,-2.13],[-47.85,-2.172],[-47.932,-2.191],[-47.943,-2.226],[-47.967,-2.222],[-47.995,-2.224],[-47.986,-2.254],[-48.004,-2.265],[-48.024,-2.313],[-48.053,-2.34],[-48.055,-2.36],[-48.032,-2.408],[-48.033,-2.451],[-48.047,-2.473],[-48.011,-2.515],[-47.987,-2.507],[-47.952,-2.517],[-47.946,-2.488],[-47.956,-2.448],[-47.986,-2.421],[-47.959,-2.38],[-47.951,-2.34],[-47.931,-2.327],[-47.858,-2.321],[-47.795,-2.334],[-47.787,-2.347],[-47.737,-2.323],[-47.705,-2.317],[-47.655,-2.346],[-47.621,-2.374],[-47.606,-2.356],[-47.566,-2.345],[-47.531,-2.374],[-47.469,-2.369],[-47.439,-2.407]]]}},{"type":"Feature","properties":{"code":"1500800"},"geometry":{"type":"Polygon","coordinates":[[[-48.353,-1.221],[-48.381,-1.239],[-48.408,-1.228],[-48.429,-1.286],[-48.422,-1.313],[-48.435,-1.346],[-48.421,-1.369],[-48.43,-1.404],[-48.375,-1.412],[-48.384,-1.444],[-48.369,-1.464],[-48.346,-1.451],[-48.337,-1.411],[-48.364,-1.407],[-48.365,-1.365],[-48.34,-1.329],[-48.352,-1.316],[-48.353,-1.264],[-48.336,-1.25],[-48.353,-1.221]]]}},{"type":"Feature","properties":{"code":"1500859"},"geometry":{"type":"Polygon","coordinates":[[[-50.994,-4.271],[-50.986,-4.239],[-50.997,-4.213],[-51.019,-4.211],[-51.049,-4.23],[-51.07,-4.2],[-51.116,-4.082],[-51.16,-4.073],[-51.189,-4.082],[-51.207,-4.072],[-51.228,-4.031],[-51.249,-4.03],[-51.248,-3.985],[-51.283,-3.954],[-51.294,-3.906],[-51.257,-3.872],[-51.229,-3.782],[-51.229,-3.743],[-51.215,-3.732],[-51.201,-3.667],[-51.167,-3.667],[-51.167,-3.449],[-51.196,-3.449],[-51.224,-3.414],[-51.267,-3.309],[-51.261,-3.271],[-51.246,-3.247],[-51.239,-3.202],[-51.209,-3.156],[-51.175,-3.158],[-51.147,-3.116],[-51.198,-3.068],[-51.17,-3.066],[-51.155,-3.042],[-51.161,-3.019],[-51.21,-2.999],[-51.234,-2.977],[-51.275,-2.959],[-51.309,-2.931],[-51.327,-2.94],[-51.351,-2.915],[-51.398,-2.889],[-51.415,-2.841],[-51.441,-2.808],[-51.449,-2.77],[-51.504,-2.746],[-51.533,-2.744],[-51.572,-2.765],[-51.645,-2.77],[-51.72,-2.796],[-51.748,-2.845],[-51.694,-2.859],[-51.686,-2.908],[-51.652,-2.957],[-51.632,-2.97],[-51.627,-3.001],[-51.645,-3.016],[-51.679,-3.011],[-51.751,-3.108],[-51.72,-3.122],[-51.67,-3.132],[-51.684,-3.156],[-51.609,-3.152],[-51.632,-3.253],[-51.658,-3.258],[-51.702,-3.249],[-51.709,-3.28],[-51.734,-3.32],[-51.752,-3.394],[-51.751,-3.425],[-51.718,-3.452],[-51.724,-3.487],[-51.796,-3.484],[-51.802,-3.505],[-51.714,-3.505],[-51.698,-3.534],[-51.66,-3.571],[-51.585,-3.586],[-51.576,-3.651],[-51.553,-3.663],[-51.548,-3.698],[-51.573,-3.73],[-51.595,-3.78],[-51.565,-3.798],[-51.518,-3.77],[-51.509,-3.807],[-51.524,-3.825],[-51.501,-3.861],[-51.463,-3.883],[-51.435,-3.884],[-51.407,-3.913],[-51.423,-3.951],[-51.384,-4.029],[-51.418,-4.081],[-51.396,-4.115],[-51.37,-4.196],[-51.377,-4.248],[-51.344,-4.31],[-51.356,-4.336],[-51.322,-4.412],[-51.365,-4.428],[-51.383,-4.454],[-51.36,-4.485],[-51.385,-4.549],[-51.344,-4.605],[-51.352,-4.632],[-51.316,-4.667],[-51.312,-4.716],[-51.337,-4.74],[-51.35,-4.793],[-51.399,-4.867],[-51.421,-4.913],[-51.442,-4.921],[-51.466,-4.973],[-51.453,-5.006],[-51.432,-5.029],[-51.427,-5.068],[-51.413,-5.075],[-51.413,-5.126],[-51.448,-5.15],[-50.93,-5.151],[-50.889,-5.077],[-50.86,-5.0],[-50.855,-4.941],[-50.858,-4.869],[-50.912,-4.865],[-50.921,-4.817],[-50.94,-4.762],[-50.907,-4.729],[-50.93,-4.684],[-50.906,-4.675],[-50.92,-4.626],[-50.895,-4.582],[-50.907,-4.496],[-50.903,-4.471],[-50.88,-4.447],[-50.901,-4.412],[-50.996,-4.347],[-50.982,-4.29],[-50.994,-4.271]]]}},{"type":"Feature","properties":{"code":"1501253"},"geometry":{"type":"Polygon","coordinates":[[[-50.972,-7.373],[-50.974,-7.4],[-50.994,-7.421],[-50.986,-7.449],[-50.996,-7.495],[-50.964,-7.554],[-50.962,-7.583],[-50.917,-7.604],[-50.832,-7.612],[-50.807,-7.654],[-50.779,-7.637],[-50.772,-7.676],[-50.735,-7.744],[-50.716,-7.731],[-50.684,-7.736],[-50.636,-7.701],[-50.56,-7.747],[-50.512,-7.766],[-50.469,-7.724],[-50.45,-7.715],[-50.394,-7.675],[-50.393,-7.651],[-50.346,-7.659],[-50.341,-7.601],[-50.368,-7.575],[-50.367,-7.532],[-50.348,-7.484],[-50.359,-7.452],[-50.391,-7.431],[-50.385,-7.344],[-50.404,-7.319],[-50.379,-7.288],[-50.376,-7.253],[-50.402,-7.221],[-50.428,-7.23],[-50.493,-7.193],[-50.509,-7.193],[-50.576,-7.237],[-50.611,-7.23],[-50.661,-7.312],[-50.699,-7.323],[-50.725,-7.343],[-50.764,-7.35],[-50.82,-7.316],[-50.895,-7.338],[-50.922,-7.332],[-50.953,-7.375],[-50.972,-7.373]]]}},{"type":"Feature","properties":{"code":"1501204"},"geometry":{"type":"Polygon","coordinates":[[[-49.965,-3.661],[-49.954,-3.674],[-49.91,-3.66],[-49.873,-3.665],[-49.858,-3.644],[-49.807,-3.626],[-49.782,-3.628],[-49.742,-3.593],[-49.722,-3.599],[-49.675,-3.586],[-49.662,-3.536],[-49.598,-3.513],[-49.613,-3.446],[-49.596,-3.415],[-49.473,-3.415],[-49.461,-3.371],[-49.485,-3.352],[-49.506,-3.289],[-49.523,-3.26],[-49.532,-3.196],[-49.526,-3.171],[-49.548,-3.159],[-49.564,-3.121],[-49.616,-3.089],[-49.629,-3.05],[-49.623,-3.001],[-49.562,-2.939],[-49.491,-2.925],[-49.454,-2.891],[-49.465,-2.858],[-49.471,-2.761],[-49.461,-2.735],[-49.437,-2.715],[-49.403,-2.715],[-49.386,-2.664],[-49.675,-2.663],[-49.733,-2.666],[-49.739,-2.707],[-49.765,-2.71],[-49.79,-2.753],[-49.77,-2.788],[-49.778,-2.805],[-49.799,-2.937],[-49.814,-2.963],[-49.897,-2.989],[-49.909,-3.038],[-49.91,-3.091],[-49.931,-3.098],[-49.969,-3.14],[-49.971,-3.163],[-49.973,-3.191],[-49.931,-3.228],[-49.935,-3.257],[-49.923,-3.305],[-49.909,-3.326],[-49.903,-3.368],[-49.834,-3.404],[-49.839,-3.436],[-49.808,-3.481],[-49.818,-3.509],[-49.806,-3.533],[-49.847,-3.576],[-49.898,-3.591],[-49.93,-3.62],[-49.937,-3.651],[-49.965,-3.661]]]}},{"type":"Feature","properties":{"code":"1501006"},"geometry":{"type":"Polygon","coordinates":[[[-56.956,-3.659],[-56.902,-3.686],[-56.888,-3.705],[-56.906,-3.745],[-56.893,-3.818],[-56.876,-3.822],[-56.877,-3.919],[-56.839,-3.933],[-56.824,-3.955],[-56.825,-4.01],[-56.776,-4.01],[-56.752,-4.025],[-56.749,-4.058],[-56.721,-4.083],[-56.732,-4.158],[-56.709,-4.246],[-56.679,-4.233],[-56.652,-4.25],[-56.629,-4.301],[-56.591,-4.305],[-56.552,-4.277],[-56.556,-4.254],[-56.527,-4.234],[-56.533,-4.176],[-56.518,-4.151],[-56.468,-4.129],[-56.426,-4.134],[-56.361,-4.133],[-56.311,-4.173],[-56.28,-4.159],[-56.238,-4.156],[-56.242,-4.128],[-56.189,-4.097],[-56.199,-4.073],[-56.19,-4.045],[-56.153,-4.007],[-56.155,-3.983],[-56.114,-3.962],[-56.059,-3.919],[-56.038,-3.911],[-56.011,-3.855],[-55.929,-3.908],[-55.897,-3.935],[-55.868,-3.916],[-55.852,-3.947],[-55.847,-3.999],[-55.827,-4.017],[-55.79,-4.005],[-55.743,-4.003],[-55.721,-4.05],[-55.698,-4.056],[-55.654,-4.091],[-55.623,-4.06],[-55.604,-4.022],[-55.575,-4.005],[-55.558,-4.025],[-55.565,-4.078],[-55.565,-4.141],[-55.532,-4.154],[-55.317,-4.078],[-55.299,-4.0],[-55.315,-3.983],[-55.326,-3.925],[-55.282,-3.922],[-55.242,-3.89],[-55.219,-3.895],[-55.147,-3.866],[-55.151,-3.811],[-55.12,-3.789],[-55.138,-3.733],[-55.174,-3.697],[-55.152,-3.675],[-55.161,-3.631],[-55.143,-3.62],[-55.138,-3.589],[-55.116,-3.574],[-55.115,-3.542],[-55.092,-3.51],[-55.114,-3.493],[-55.119,-3.428],[-55.088,-3.4],[-55.079,-3.344],[-55.086,-3.326],[-55.056,-3.311],[-55.037,-3.255],[-55.051,-3.233],[-55.137,-3.25],[-55.234,-3.242],[-55.292,-3.24],[-55.347,-3.222],[-55.375,-3.236],[-55.886,-3.251],[-56.345,-3.265],[-56.501,-3.307],[-56.702,-3.357],[-56.725,-3.344],[-56.768,-3.243],[-56.81,-3.333],[-56.914,-3.562],[-56.956,-3.659]]]}},{"type":"Feature","properties":{"code":"1501105"},"geometry":{"type":"Polygon","coordinates":[[[-49.897,-2.989],[-49.848,-2.931],[-49.849,-2.858],[-49.881,-2.841],[-49.914,-2.808],[-49.942,-2.76],[-49.946,-2.67],[-49.967,-2.65],[-49.975,-2.622],[-49.969,-2.546],[-50.001,-2.508],[-50.054,-2.516],[-50.074,-2.463],[-50.109,-2.411],[-50.105,-2.32],[-50.084,-2.287],[-50.08,-2.243],[-50.108,-2.205],[-50.102,-2.177],[-50.115,-2.14],[-50.06,-2.103],[-50.075,-2.069],[-50.07,-2.031],[-50.072,-1.955],[-50.057,-1.909],[-50.108,-1.86],[-50.132,-1.815],[-50.179,-1.831],[-50.209,-1.809],[-50.254,-1.806],[-50.3,-1.806],[-50.288,-1.847],[-50.41,-1.933],[-50.455,-1.932],[-50.484,-1.96],[-50.519,-1.961],[-50.558,-1.986],[-50.572,-2.012],[-50.542,-2.065],[-50.52,-2.126],[-50.506,-2.193],[-50.448,-2.22],[-50.413,-2.258],[-50.391,-2.307],[-50.367,-2.331],[-50.35,-2.384],[-50.312,-2.457],[-50.276,-2.506],[-50.206,-2.527],[-50.163,-2.59],[-50.132,-2.646],[-50.148,-2.681],[-50.142,-2.824],[-50.119,-2.872],[-50.094,-2.885],[-50.116,-2.948],[-50.086,-2.961],[-50.111,-2.994],[-50.086,-3.032],[-50.069,-3.036],[-50.021,-3.074],[-50.007,-3.097],[-50.007,-3.127],[-49.971,-3.163],[-49.969,-3.14],[-49.931,-3.098],[-49.91,-3.091],[-49.909,-3.038],[-49.897,-2.989]]]}},{"type":"Feature","properties":{"code":"1500404"},"geometry":{"type":"Polygon","coordinates":[[[-55.095,-2.167],[-54.989,-2.162],[-54.974,-2.148],[-54.922,-2.128],[-54.843,-2.142],[-54.784,-2.118],[-54.755,-2.098],[-54.739,-2.071],[-54.693,-2.083],[-54.606,-2.078],[-54.567,-2.083],[-54.512,-2.109],[-54.512,-2.072],[-54.535,-2.059],[-54.51,-2.023],[-54.495,-2.017],[-54.473,-1.962],[-54.444,-1.917],[-54.409,-1.884],[-54.42,-1.823],[-54.389,-1.799],[-54.399,-1.775],[-54.396,-1.723],[-54.362,-1.721],[-54.367,-1.669],[-54.383,-1.639],[-54.367,-1.607],[-54.377,-1.558],[-54.409,-1.534],[-54.437,-1.493],[-54.459,-1.493],[-54.502,-1.518],[-54.554,-1.521],[-54.575,-1.484],[-54.61,-1.475],[-54.645,-1.429],[-54.63,-1.402],[-54.636,-1.361],[-54.624,-1.337],[-54.631,-1.309],[-54.624,-1.256],[-54.648,-1.241],[-54.671,-1.25],[-54.694,-1.22],[-54.699,-1.179],[-54.686,-1.156],[-54.688,-1.094],[-54.666,-1.023],[-54.615,-1.009],[-54.602,-0.948],[-54.605,-0.882],[-54.629,-0.858],[-54.647,-0.858],[-54.657,-0.799],[-54.648,-0.778],[-54.677,-0.764],[-54.691,-0.696],[-54.677,-0.621],[-54.694,-0.604],[-54.755,-0.566],[-54.798,-0.51],[-54.8,-0.48],[-54.823,-0.43],[-54.818,-0.383],[-54.834,-0.367],[-54.858,-0.374],[-54.872,-0.326],[-54.895,-0.284],[-54.917,-0.283],[-54.926,-0.254],[-54.915,-0.223],[-54.924,-0.159],[-54.91,-0.098],[-54.87,-0.054],[-54.869,-0.014],[-54.852,0.028],[-54.89,0.049],[-54.9,0.09],[-54.926,0.142],[-54.903,0.176],[-54.909,0.203],[-54.9,0.246],[-54.905,0.328],[-54.873,0.35],[-54.862,0.372],[-54.847,0.433],[-54.86,0.476],[-54.937,0.504],[-55.001,0.482],[-55.008,0.508],[-54.976,0.574],[-54.99,0.599],[-55.028,0.606],[-55.057,0.628],[-55.067,0.654],[-55.05,0.681],[-55.059,0.717],[-55.035,0.73],[-55.023,0.785],[-55.033,0.809],[-55.021,0.858],[-55.027,0.886],[-55.089,0.926],[-55.09,0.95],[-55.065,1.0],[-55.102,1.063],[-55.145,1.054],[-55.217,1.073],[-55.229,1.091],[-55.207,1.143],[-55.203,1.198],[-55.261,1.232],[-55.243,1.265],[-55.253,1.311],[-55.247,1.329],[-55.285,1.371],[-55.313,1.381],[-55.343,1.452],[-55.331,1.477],[-55.367,1.496],[-55.353,1.525],[-55.361,1.546],[-55.414,1.546],[-55.413,1.001],[-55.413,0.79],[-55.414,0.213],[-55.414,-0.374],[-55.414,-0.92],[-55.413,-1.399],[-55.386,-1.424],[-55.337,-1.446],[-55.317,-1.443],[-55.285,-1.47],[-55.266,-1.463],[-55.222,-1.496],[-55.199,-1.486],[-55.177,-1.536],[-55.081,-1.634],[-55.084,-1.648],[-55.056,-1.695],[-55.075,-1.758],[-55.017,-1.794],[-54.95,-1.814],[-54.931,-1.839],[-54.951,-1.903],[-55.045,-1.905],[-55.033,-1.92],[-54.981,-1.914],[-54.966,-1.964],[-54.902,-1.963],[-54.87,-1.976],[-54.949,-2.017],[-55.004,-2.034],[-55.035,-2.069],[-55.064,-2.14],[-55.095,-2.167]]]}},{"type":"Feature","properties":{"code":"1500347"},"geometry":{"type":"Polygon","coordinates":[[[-50.376,-7.253],[-50.071,-7.0],[-49.733,-6.718],[-49.73,-6.715],[-49.738,-6.676],[-49.791,-6.642],[-49.815,-6.661],[-49.844,-6.659],[-49.895,-6.633],[-49.958,-6.591],[-49.998,-6.55],[-50.071,-6.538],[-50.136,-6.58],[-50.208,-6.588],[-50.232,-6.577],[-50.269,-6.596],[-50.301,-6.629],[-50.313,-6.582],[-50.331,-6.551],[-50.354,-6.536],[-50.364,-6.481],[-50.405,-6.478],[-50.42,-6.51],[-50.455,-6.505],[-50.483,-6.514],[-50.522,-6.508],[-50.542,-6.532],[-50.59,-6.522],[-50.603,-6.536],[-50.668,-6.544],[-50.716,-6.542],[-50.724,-6.494],[-50.758,-6.498],[-50.764,-6.46],[-50.791,-6.435],[-50.827,-6.376],[-50.822,-6.321],[-50.8,-6.307],[-50.817,-6.272],[-50.85,-6.292],[-50.893,-6.3],[-50.939,-6.329],[-50.947,-6.373],[-50.936,-6.405],[-50.964,-6.431],[-51.026,-6.457],[-51.037,-6.475],[-51.044,-6.507],[-51.062,-6.524],[-51.048,-6.556],[-51.01,-6.591],[-51.013,-6.636],[-50.994,-6.667],[-50.947,-6.698],[-50.901,-6.71],[-50.897,-6.747],[-50.857,-6.766],[-50.828,-6.828],[-50.754,-6.874],[-50.754,-6.934],[-50.765,-6.995],[-50.735,-6.999],[-50.651,-7.042],[-50.648,-7.056],[-50.563,-7.076],[-50.538,-7.098],[-50.531,-7.142],[-50.509,-7.193],[-50.493,-7.193],[-50.428,-7.23],[-50.402,-7.221],[-50.376,-7.253]]]}},{"type":"Feature","properties":{"code":"1500305"},"geometry":{"type":"Polygon","coordinates":[[[-50.477,-0.724],[-50.462,-0.684],[-50.437,-0.7],[-50.406,-0.701],[-50.406,-0.665],[-50.387,-0.639],[-50.357,-0.628],[-50.327,-0.633],[-50.319,-0.585],[-50.334,-0.565],[-50.32,-0.536],[-50.323,-0.495],[-50.288,-0.472],[-50.287,-0.429],[-50.271,-0.401],[-50.273,-0.356],[-50.234,-0.313],[-50.107,-0.471],[-50.196,-0.213],[-50.299,-0.102],[-50.299,-0.068],[-50.332,-0.013],[-50.38,0.026],[-50.396,0.051],[-50.413,0.113],[-50.433,0.15],[-50.471,0.177],[-50.523,0.188],[-50.58,0.227],[-50.6,0.249],[-50.645,0.209],[-50.668,0.185],[-50.743,0.131],[-50.785,0.112],[-50.921,0.076],[-50.975,0.042],[-50.997,0.004],[-51.017,-0.011],[-51.069,-0.079],[-51.118,-0.098],[-51.172,-0.104],[-51.208,-0.117],[-51.235,-0.144],[-51.303,-0.253],[-51.323,-0.264],[-51.348,-0.3],[-51.362,-0.368],[-51.424,-0.437],[-51.432,-0.473],[-51.372,-0.464],[-51.292,-0.434],[-51.23,-0.429],[-51.155,-0.403],[-51.144,-0.421],[-51.15,-0.486],[-51.181,-0.506],[-51.145,-0.548],[-51.104,-0.541],[-51.093,-0.563],[-51.122,-0.625],[-51.12,-0.647],[-51.094,-0.662],[-51.045,-0.653],[-51.011,-0.631],[-50.986,-0.597],[-50.958,-0.574],[-50.836,-0.53],[-50.793,-0.522],[-50.766,-0.507],[-50.746,-0.515],[-50.711,-0.557],[-50.684,-0.622],[-50.664,-0.637],[-50.624,-0.644],[-50.605,-0.67],[-50.542,-0.672],[-50.477,-0.724]]]}},{"type":"Feature","properties":{"code":"1500701"},"geometry":{"type":"Polygon","coordinates":[[[-49.932,-1.096],[-49.911,-1.083],[-49.88,-1.108],[-49.877,-1.162],[-49.84,-1.199],[-49.819,-1.234],[-49.764,-1.262],[-49.714,-1.233],[-49.682,-1.263],[-49.629,-1.271],[-49.6,-1.267],[-49.563,-1.208],[-49.527,-1.188],[-49.507,-1.114],[-49.506,-1.069],[-49.473,-1.055],[-49.483,-1.026],[-49.533,-1.005],[-49.524,-0.971],[-49.544,-0.876],[-49.501,-0.749],[-49.483,-0.713],[-49.486,-0.669],[-49.489,-0.667],[-49.538,-0.625],[-49.62,-0.586],[-49.652,-0.556],[-49.679,-0.558],[-49.742,-0.595],[-49.775,-0.605],[-49.821,-0.6],[-49.852,-0.58],[-49.902,-0.531],[-49.965,-0.493],[-50.007,-0.479],[-50.081,-0.48],[-50.107,-0.471],[-50.234,-0.313],[-50.273,-0.356],[-50.271,-0.401],[-50.287,-0.429],[-50.288,-0.472],[-50.323,-0.495],[-50.32,-0.536],[-50.334,-0.565],[-50.319,-0.585],[-50.327,-0.633],[-50.357,-0.628],[-50.387,-0.639],[-50.406,-0.665],[-50.406,-0.701],[-50.437,-0.7],[-50.462,-0.684],[-50.477,-0.724],[-50.467,-0.751],[-50.483,-0.791],[-50.509,-0.815],[-50.497,-0.832],[-50.502,-0.864],[-50.476,-0.884],[-50.469,-0.94],[-50.489,-0.97],[-50.522,-0.957],[-50.534,-0.998],[-50.526,-1.012],[-50.473,-1.027],[-50.435,-1.024],[-50.406,-0.971],[-50.38,-0.975],[-50.314,-0.96],[-50.29,-0.974],[-50.247,-0.973],[-50.215,-1.043],[-50.194,-1.074],[-49.932,-1.096]]]}},{"type":"Feature","properties":{"code":"1500503"},"geometry":{"type":"Polygon","coordinates":[[[-53.0,-1.743],[-52.951,-1.666],[-52.939,-1.656],[-52.811,-1.631],[-52.746,-1.612],[-52.683,-1.584],[-52.642,-1.579],[-52.416,-1.563],[-52.353,-1.54],[-52.289,-1.524],[-52.252,-1.504],[-52.23,-1.486],[-52.112,-1.47],[-52.062,-1.45],[-51.991,-1.435],[-51.956,-1.406],[-51.91,-1.353],[-51.891,-1.31],[-51.889,-1.275],[-51.864,-1.242],[-51.816,-1.217],[-51.783,-1.184],[-51.778,-1.14],[-51.809,-1.157],[-51.882,-1.166],[-51.923,-1.133],[-51.949,-1.169],[-51.987,-1.165],[-52.055,-1.177],[-52.048,-1.214],[-52.071,-1.236],[-52.111,-1.215],[-52.107,-1.183],[-52.12,-1.146],[-52.147,-1.149],[-52.179,-1.13],[-52.215,-1.135],[-52.333,-1.116],[-52.358,-1.063],[-52.4,-1.044],[-52.417,-1.026],[-52.419,-0.972],[-52.439,-0.944],[-52.427,-0.919],[-52.405,-0.913],[-52.412,-0.863],[-52.456,-0.83],[-52.511,-0.857],[-52.542,-0.837],[-52.517,-0.809],[-52.518,-0.775],[-52.502,-0.747],[-52.497,-0.711],[-52.51,-0.679],[-52.513,-0.62],[-52.535,-0.574],[-52.576,-0.576],[-52.613,-0.595],[-52.64,-0.585],[-52.695,-0.496],[-52.703,-0.459],[-52.679,-0.424],[-52.697,-0.393],[-52.682,-0.34],[-52.684,-0.314],[-52.754,-0.262],[-52.76,-0.238],[-52.836,-0.186],[-52.852,-0.15],[-52.872,-0.143],[-52.904,-0.155],[-52.933,-0.142],[-52.969,-0.05],[-52.983,0.033],[-53.015,0.06],[-53.011,0.095],[-53.029,0.105],[-53.052,0.157],[-53.094,0.195],[-53.106,0.237],[-53.094,0.259],[-53.131,0.296],[-53.136,0.326],[-53.175,0.382],[-53.161,0.399],[-53.168,0.446],[-53.155,0.48],[-53.17,0.494],[-53.152,0.532],[-53.147,0.6],[-53.123,0.63],[-53.106,0.679],[-53.147,0.7],[-53.157,0.729],[-53.185,0.748],[-53.19,0.768],[-53.255,0.809],[-53.288,0.846],[-53.411,0.929],[-53.411,0.982],[-53.427,0.992],[-53.422,1.034],[-53.456,1.077],[-53.459,1.134],[-53.444,1.151],[-53.402,1.154],[-53.396,1.179],[-53.426,1.226],[-53.474,1.239],[-53.525,1.212],[-53.546,1.228],[-53.523,1.261],[-53.553,1.28],[-53.563,1.307],[-53.533,1.322],[-53.538,1.341],[-53.595,1.358],[-53.633,1.347],[-53.665,1.375],[-53.702,1.378],[-53.784,1.403],[-53.824,1.39],[-53.888,1.408],[-53.877,1.432],[-53.896,1.455],[-53.967,1.484],[-54.002,1.484],[-54.02,1.516],[-54.052,1.494],[-54.069,1.501],[-54.099,1.55],[-54.102,1.584],[-54.144,1.641],[-54.186,1.654],[-54.201,1.646],[-54.263,1.688],[-54.27,1.705],[-54.352,1.754],[-54.457,1.758],[-54.496,1.747],[-54.531,1.767],[-54.602,1.785],[-54.644,1.769],[-54.745,1.776],[-54.754,1.798],[-54.739,1.825],[-54.77,1.926],[-54.756,1.974],[-54.804,2.026],[-54.806,2.139],[-54.768,2.181],[-54.763,2.202],[-54.811,2.266],[-54.796,2.318],[-54.808,2.342],[-54.875,2.415],[-54.871,2.436],[-54.87,2.468],[-54.912,2.485],[-54.923,2.511],[-54.962,2.551],[-54.968,2.576],[-54.936,2.595],[-54.939,2.623],[-54.982,2.597],[-55.008,2.594],[-55.07,2.54],[-55.124,2.522],[-55.127,2.572],[-55.187,2.561],[-55.199,2.507],[-55.221,2.517],[-55.249,2.486],[-55.277,2.513],[-55.32,2.516],[-55.352,2.503],[-55.344,2.458],[-55.38,2.41],[-55.405,2.437],[-55.435,2.443],[-55.468,2.435],[-55.495,2.443],[-55.562,2.427],[-55.574,2.437],[-55.626,2.417],[-55.707,2.401],[-55.69,2.34],[-55.659,2.266],[-55.627,2.223],[-55.623,2.186],[-55.607,2.164],[-55.615,2.135],[-55.59,2.113],[-55.556,2.102],[-55.555,2.079],[-55.512,2.057],[-55.517,2.023],[-55.584,1.96],[-55.586,1.899],[-55.551,1.867],[-55.492,1.847],[-55.462,1.828],[-55.439,1.767],[-55.456,1.745],[-55.455,1.721],[-55.428,1.669],[-55.432,1.643],[-55.47,1.585],[-55.445,1.553],[-55.414,1.546],[-55.361,1.546],[-55.353,1.525],[-55.367,1.496],[-55.331,1.477],[-55.343,1.452],[-55.313,1.381],[-55.285,1.371],[-55.247,1.329],[-55.253,1.311],[-55.243,1.265],[-55.261,1.232],[-55.203,1.198],[-55.207,1.143],[-55.229,1.091],[-55.217,1.073],[-55.145,1.054],[-55.102,1.063],[-55.065,1.0],[-55.09,0.95],[-55.089,0.926],[-55.027,0.886],[-55.021,0.858],[-55.033,0.809],[-55.023,0.785],[-55.035,0.73],[-55.059,0.717],[-55.05,0.681],[-55.067,0.654],[-55.057,0.628],[-55.028,0.606],[-54.99,0.599],[-54.976,0.574],[-55.008,0.508],[-55.001,0.482],[-54.937,0.504],[-54.86,0.476],[-54.847,0.433],[-54.862,0.372],[-54.846,0.355],[-54.814,0.358],[-54.797,0.33],[-54.745,0.304],[-54.684,0.245],[-54.641,0.134],[-54.602,0.138],[-54.536,0.087],[-54.447,0.086],[-54.442,0.051],[-54.404,0.034],[-54.388,-0.008],[-54.391,-0.052],[-54.402,-0.072],[-54.435,-0.07],[-54.424,-0.112],[-54.431,-0.14],[-54.402,-0.146],[-54.382,-0.17],[-54.368,-0.223],[-54.39,-0.253],[-54.35,-0.299],[-54.319,-0.358],[-54.329,-0.396],[-54.323,-0.429],[-54.344,-0.445],[-54.32,-0.471],[-54.271,-0.491],[-54.233,-0.478],[-54.214,-0.518],[-54.183,-0.535],[-54.18,-0.596],[-54.155,-0.582],[-54.124,-0.586],[-54.13,-0.618],[-54.088,-0.609],[-54.067,-0.629],[-54.026,-0.63],[-54.029,-0.662],[-54.056,-0.729],[-54.071,-0.783],[-54.123,-0.828],[-54.121,-0.849],[-54.078,-0.89],[-54.035,-0.902],[-53.959,-0.995],[-53.915,-0.997],[-53.817,-0.951],[-53.796,-0.95],[-53.727,-0.98],[-53.706,-0.981],[-53.684,-1.016],[-53.675,-1.091],[-53.628,-1.153],[-53.633,-1.188],[-53.613,-1.205],[-53.564,-1.223],[-53.55,-1.262],[-53.495,-1.342],[-53.486,-1.378],[-53.484,-1.432],[-53.464,-1.454],[-53.427,-1.528],[-53.383,-1.626],[-53.361,-1.688],[-53.354,-1.749],[-53.32,-1.749],[-53.311,-1.769],[-53.216,-1.759],[-53.118,-1.781],[-53.047,-1.769],[-53.0,-1.743]]]}},{"type":"Feature","properties":{"code":"1500602"},"geometry":{"type":"Polygon","coordinates":[[[-54.107,-9.572],[-53.589,-9.611],[-53.133,-9.645],[-53.112,-9.552],[-53.057,-9.53],[-53.042,-9.477],[-52.995,-9.475],[-52.966,-9.45],[-52.93,-9.455],[-52.94,-9.421],[-52.923,-9.38],[-52.975,-9.244],[-52.972,-9.21],[-52.992,-9.198],[-53.023,-9.157],[-53.081,-9.143],[-53.085,-9.116],[-53.016,-9.064],[-53.038,-9.042],[-53.052,-9.003],[-53.04,-8.975],[-53.055,-8.954],[-53.017,-8.922],[-52.993,-8.851],[-52.999,-8.804],[-53.035,-8.752],[-53.037,-8.729],[-53.006,-8.705],[-52.932,-8.73],[-52.924,-8.705],[-52.944,-8.687],[-52.929,-8.63],[-52.897,-8.628],[-52.888,-8.583],[-52.915,-8.532],[-52.921,-8.496],[-52.946,-8.487],[-52.955,-8.441],[-52.92,-8.434],[-52.917,-8.414],[-52.943,-8.388],[-52.941,-8.347],[-52.98,-8.338],[-52.991,-8.307],[-52.963,-8.236],[-52.94,-8.206],[-52.925,-8.163],[-52.965,-8.121],[-52.956,-8.071],[-52.984,-8.034],[-52.97,-8.015],[-53.01,-7.998],[-53.038,-7.931],[-53.066,-7.912],[-53.027,-7.881],[-53.031,-7.86],[-52.992,-7.828],[-52.996,-7.797],[-53.035,-7.776],[-53.037,-7.721],[-53.058,-7.688],[-53.1,-7.682],[-53.113,-7.629],[-53.168,-7.554],[-53.138,-7.546],[-53.092,-7.478],[-53.124,-7.446],[-53.12,-7.396],[-53.148,-7.399],[-53.178,-7.38],[-53.165,-7.357],[-53.208,-7.314],[-53.235,-7.298],[-53.281,-7.233],[-53.315,-7.203],[-53.272,-7.159],[-53.254,-7.115],[-53.281,-7.102],[-53.308,-7.075],[-53.317,-7.027],[-53.279,-6.966],[-53.283,-6.937],[-53.312,-6.916],[-53.289,-6.865],[-53.248,-6.832],[-53.247,-6.787],[-53.274,-6.768],[-53.344,-6.749],[-53.368,-6.723],[-53.395,-6.718],[-53.428,-6.674],[-53.45,-6.686],[-53.468,-6.635],[-53.467,-6.61],[-53.442,-6.562],[-53.407,-6.562],[-53.374,-6.594],[-53.342,-6.553],[-53.314,-6.5],[-53.326,-6.477],[-53.297,-6.458],[-53.257,-6.465],[-53.237,-6.5],[-53.215,-6.47],[-53.182,-6.459],[-53.213,-6.424],[-53.191,-6.401],[-53.208,-6.363],[-53.227,-6.295],[-53.26,-6.289],[-53.267,-6.254],[-53.286,-6.234],[-53.288,-6.21],[-53.307,-6.166],[-53.351,-6.172],[-53.341,-6.132],[-53.371,-6.118],[-53.383,-6.082],[-53.369,-6.058],[-53.271,-6.02],[-53.279,-5.982],[-53.218,-5.943],[-53.202,-5.959],[-53.149,-5.938],[-53.109,-5.872],[-53.059,-5.886],[-53.02,-5.857],[-52.976,-5.845],[-52.952,-5.799],[-52.932,-5.791],[-52.939,-5.744],[-52.896,-5.706],[-52.851,-5.71],[-52.832,-5.69],[-52.802,-5.716],[-52.772,-5.722],[-52.743,-5.684],[-52.69,-5.654],[-52.699,-5.623],[-52.683,-5.582],[-52.692,-5.516],[-52.673,-5.476],[-52.673,-5.433],[-52.644,-5.397],[-52.642,-5.356],[-52.655,-5.335],[-52.658,-5.298],[-52.612,-5.243],[-52.577,-5.235],[-52.561,-5.217],[-52.527,-5.23],[-52.493,-5.215],[-52.486,-5.198],[-52.45,-5.185],[-52.426,-5.154],[-52.408,-5.184],[-52.375,-5.205],[-52.346,-5.18],[-52.295,-5.194],[-52.274,-5.229],[-52.284,-5.258],[-52.214,-5.291],[-52.148,-5.316],[-52.12,-5.314],[-52.105,-5.271],[-52.069,-5.243],[-52.076,-5.216],[-52.051,-5.151],[-52.073,-5.137],[-52.073,-5.097],[-52.043,-5.016],[-52.064,-4.988],[-52.059,-4.97],[-52.083,-4.911],[-52.116,-4.893],[-52.094,-4.827],[-52.089,-4.741],[-52.076,-4.694],[-52.08,-4.678],[-52.052,-4.655],[-52.05,-4.637],[-52.007,-4.623],[-51.957,-4.578],[-51.924,-4.511],[-51.881,-4.461],[-51.864,-4.428],[-51.829,-4.436],[-51.773,-4.474],[-51.742,-4.456],[-51.718,-4.455],[-51.662,-4.409],[-51.672,-4.37],[-51.701,-4.372],[-51.705,-4.328],[-51.741,-4.337],[-51.754,-4.322],[-51.801,-4.336],[-51.833,-4.286],[-51.817,-4.233],[-51.84,-4.215],[-51.876,-4.237],[-51.893,-4.277],[-51.915,-4.264],[-51.929,-4.213],[-51.966,-4.203],[-52.01,-4.177],[-52.057,-4.124],[-52.067,-4.075],[-52.094,-4.063],[-52.123,-4.066],[-52.147,-4.09],[-52.164,-4.06],[-52.277,-4.032],[-52.328,-4.011],[-52.337,-3.988],[-52.291,-3.971],[-52.278,-3.952],[-52.287,-3.908],[-52.281,-3.876],[-52.299,-3.848],[-52.303,-3.751],[-52.295,-3.732],[-52.258,-3.704],[-52.224,-3.7],[-52.204,-3.642],[-52.168,-3.564],[-52.111,-3.56],[-52.06,-3.527],[-52.036,-3.498],[-51.992,-3.502],[-51.958,-3.477],[-51.951,-3.414],[-51.976,-3.39],[-52.03,-3.304],[-52.059,-3.267],[-52.082,-3.257],[-52.116,-3.22],[-52.13,-3.176],[-52.167,-3.15],[-52.163,-3.117],[-52.184,-3.091],[-52.22,-3.066],[-52.228,-2.999],[-52.259,-2.99],[-52.28,-3.001],[-52.298,-3.034],[-52.344,-3.055],[-52.359,-3.075],[-52.37,-3.119],[-52.394,-3.131],[-52.4,-3.161],[-52.441,-3.163],[-52.483,-3.224],[-52.497,-3.264],[-52.485,-3.306],[-52.496,-3.315],[-52.499,-3.366],[-52.489,-3.385],[-52.52,-3.406],[-52.534,-3.436],[-52.471,-3.412],[-52.403,-3.436],[-52.376,-3.489],[-52.36,-3.494],[-52.364,-3.534],[-52.381,-3.533],[-52.425,-3.573],[-52.447,-3.614],[-52.452,-3.663],[-52.489,-3.695],[-52.511,-3.696],[-52.549,-3.72],[-52.565,-3.75],[-52.613,-3.783],[-52.649,-3.821],[-52.698,-3.819],[-52.727,-3.841],[-52.757,-3.84],[-52.789,-3.858],[-52.835,-3.852],[-52.862,-3.821],[-52.932,-3.876],[-52.938,-3.909],[-52.99,-3.921],[-53.002,-3.936],[-53.045,-3.926],[-53.071,-3.898],[-53.096,-3.897],[-53.124,-3.864],[-53.164,-3.858],[-53.168,-3.808],[-53.208,-3.786],[-53.209,-3.745],[-53.172,-3.716],[-53.179,-3.674],[-53.224,-3.723],[-53.246,-3.736],[-53.236,-3.79],[-53.268,-3.822],[-53.324,-3.845],[-53.335,-3.872],[-53.408,-3.901],[-53.431,-3.927],[-53.419,-3.955],[-53.436,-3.976],[-53.464,-3.978],[-53.483,-3.962],[-53.519,-3.965],[-53.525,-4.009],[-53.506,-4.056],[-53.571,-4.083],[-53.576,-4.105],[-53.637,-4.113],[-53.64,-4.096],[-53.758,-4.119],[-53.843,-4.15],[-53.852,-4.197],[-53.902,-4.183],[-53.946,-4.22],[-53.987,-4.215],[-53.987,-4.243],[-54.024,-4.267],[-54.048,-4.25],[-54.043,-4.219],[-54.1,-4.232],[-54.171,-4.191],[-54.2,-4.203],[-54.221,-4.268],[-54.244,-4.285],[-54.226,-4.304],[-54.302,-4.312],[-54.305,-4.28],[-54.367,-4.265],[-54.391,-4.295],[-54.413,-4.291],[-54.451,-4.243],[-54.49,-4.251],[-54.516,-4.28],[-54.534,-4.333],[-54.498,-4.338],[-54.503,-4.359],[-54.558,-4.378],[-54.582,-4.393],[-54.609,-4.377],[-54.609,-4.356],[-54.643,-4.327],[-54.675,-4.316],[-54.724,-4.384],[-54.736,-4.425],[-54.797,-4.464],[-54.813,-4.428],[-54.842,-4.41],[-54.856,-4.44],[-54.901,-4.46],[-54.929,-4.49],[-54.916,-4.513],[-54.92,-4.537],[-54.981,-4.592],[-55.005,-4.578],[-55.044,-4.585],[-55.058,-4.599],[-55.128,-4.604],[-55.155,-4.642],[-55.222,-4.643],[-55.269,-4.667],[-55.31,-4.665],[-55.338,-4.63],[-55.379,-4.639],[-55.427,-4.616],[-55.461,-4.609],[-55.498,-4.62],[-55.493,-4.65],[-55.465,-4.691],[-55.483,-4.736],[-55.529,-4.797],[-55.482,-4.816],[-55.446,-4.842],[-55.428,-4.933],[-55.412,-4.942],[-55.363,-5.014],[-55.357,-5.054],[-55.386,-5.073],[-55.389,-5.104],[-55.424,-5.124],[-55.45,-5.178],[-55.52,-5.188],[-55.536,-5.201],[-55.564,-5.19],[-55.593,-5.196],[-55.574,-5.232],[-55.614,-5.232],[-55.624,-5.252],[-55.582,-5.297],[-55.548,-5.285],[-55.504,-5.298],[-55.49,-5.317],[-55.475,-5.383],[-55.416,-5.42],[-55.39,-5.389],[-55.349,-5.383],[-55.341,-5.408],[-55.314,-5.431],[-55.321,-5.451],[-55.28,-5.516],[-55.272,-5.549],[-55.282,-5.58],[-55.269,-5.616],[-55.221,-5.701],[-55.212,-5.738],[-55.087,-5.846],[-55.047,-5.925],[-55.024,-5.936],[-55.044,-6.011],[-55.071,-6.009],[-55.133,-6.039],[-55.166,-6.08],[-55.2,-6.097],[-55.219,-6.081],[-55.25,-6.08],[-55.286,-6.057],[-55.289,-6.022],[-55.321,-6.042],[-55.339,-6.096],[-55.322,-6.139],[-55.298,-6.146],[-55.295,-6.175],[-55.332,-6.198],[-55.335,-6.249],[-55.302,-6.314],[-55.243,-6.356],[-55.246,-6.412],[-55.255,-6.442],[-55.192,-6.548],[-55.196,-6.603],[-55.175,-6.627],[-55.188,-6.659],[-55.167,-6.685],[-55.174,-6.728],[-55.191,-6.772],[-55.204,-6.774],[-55.203,-6.837],[-55.221,-6.848],[-55.194,-6.891],[-55.223,-6.905],[-55.236,-6.928],[-55.226,-6.972],[-55.252,-6.979],[-55.24,-7.109],[-55.252,-7.159],[-55.236,-7.195],[-55.245,-7.218],[-55.21,-7.223],[-55.2,-7.245],[-55.197,-7.299],[-55.21,-7.331],[-55.193,-7.353],[-55.21,-7.398],[-55.152,-7.439],[-55.176,-7.458],[-55.147,-7.491],[-55.108,-7.487],[-55.087,-7.52],[-55.065,-7.526],[-55.064,-7.588],[-55.08,-7.654],[-55.112,-7.695],[-55.079,-7.728],[-55.015,-7.752],[-55.007,-7.817],[-55.041,-7.832],[-55.055,-7.854],[-55.088,-7.877],[-55.064,-7.934],[-55.082,-7.965],[-55.114,-7.971],[-55.144,-8.005],[-55.127,-8.062],[-55.172,-8.114],[-55.213,-8.143],[-55.203,-8.169],[-55.238,-8.233],[-55.2,-8.283],[-55.215,-8.303],[-55.195,-8.347],[-55.214,-8.382],[-55.19,-8.421],[-55.208,-8.475],[-55.177,-8.515],[-55.166,-8.553],[-55.171,-8.632],[-55.12,-8.66],[-55.083,-8.693],[-55.069,-8.718],[-55.09,-8.776],[-55.119,-8.773],[-55.151,-8.743],[-55.177,-8.701],[-55.208,-8.732],[-55.258,-8.716],[-55.271,-8.738],[-55.236,-8.781],[-55.242,-8.827],[-55.222,-8.847],[-55.178,-8.843],[-55.182,-8.869],[-55.161,-8.915],[-55.172,-8.967],[-55.118,-8.987],[-55.112,-9.038],[-54.984,-9.053],[-54.968,-9.072],[-54.944,-9.051],[-54.874,-9.063],[-54.811,-9.092],[-54.751,-9.11],[-54.718,-9.156],[-54.681,-9.153],[-54.675,-9.186],[-54.711,-9.21],[-54.72,-9.239],[-54.772,-9.3],[-54.732,-9.316],[-54.718,-9.373],[-54.684,-9.405],[-54.687,-9.429],[-54.671,-9.485],[-54.632,-9.503],[-54.614,-9.536],[-54.107,-9.572]]]}},{"type":"Feature","properties":{"code":"1508100"},"geometry":{"type":"Polygon","coordinates":[[[-50.108,-4.078],[-50.046,-4.075],[-49.983,-4.053],[-49.931,-4.072],[-49.901,-4.024],[-49.848,-3.968],[-49.81,-4.037],[-49.806,-4.071],[-49.607,-4.073],[-49.617,-4.051],[-49.614,-3.983],[-49.615,-3.873],[-49.641,-3.835],[-49.639,-3.802],[-49.661,-3.74],[-49.66,-3.685],[-49.636,-3.626],[-49.598,-3.513],[-49.662,-3.536],[-49.675,-3.586],[-49.722,-3.599],[-49.742,-3.593],[-49.782,-3.628],[-49.807,-3.626],[-49.858,-3.644],[-49.873,-3.665],[-49.91,-3.66],[-49.954,-3.674],[-49.965,-3.661],[-49.968,-3.684],[-49.998,-3.714],[-49.989,-3.742],[-49.958,-3.788],[-49.983,-3.848],[-50.013,-3.859],[-50.018,-3.905],[-50.056,-3.922],[-50.071,-3.961],[-50.088,-3.958],[-50.121,-3.985],[-50.131,-4.027],[-50.107,-4.032],[-50.108,-4.078]]]}},{"type":"Feature","properties":{"code":"1508084"},"geometry":{"type":"Polygon","coordinates":[[[-51.684,-7.023],[-51.669,-6.997],[-51.612,-7.01],[-51.541,-7.003],[-51.447,-7.007],[-51.422,-7.033],[-51.388,-7.048],[-51.334,-7.044],[-51.302,-7.002],[-51.266,-6.972],[-51.207,-6.962],[-51.17,-6.915],[-51.103,-6.878],[-51.103,-6.736],[-51.088,-6.72],[-51.075,-6.679],[-51.083,-6.66],[-51.134,-6.638],[-51.125,-6.624],[-51.155,-6.629],[-51.177,-6.615],[-51.237,-6.621],[-51.276,-6.603],[-51.312,-6.574],[-51.429,-6.625],[-51.442,-6.638],[-51.506,-6.646],[-51.55,-6.671],[-51.589,-6.707],[-51.587,-6.748],[-51.666,-6.807],[-51.731,-6.799],[-51.72,-6.845],[-51.694,-6.852],[-51.694,-6.932],[-51.725,-6.933],[-51.725,-6.969],[-51.684,-7.023]]]}},{"type":"Feature","properties":{"code":"1508050"},"geometry":{"type":"Polygon","coordinates":[[[-55.28,-5.516],[-55.321,-5.451],[-55.314,-5.431],[-55.341,-5.408],[-55.349,-5.383],[-55.39,-5.389],[-55.416,-5.42],[-55.475,-5.383],[-55.49,-5.317],[-55.504,-5.298],[-55.548,-5.285],[-55.582,-5.297],[-55.624,-5.252],[-55.614,-5.232],[-55.574,-5.232],[-55.593,-5.196],[-55.564,-5.19],[-55.536,-5.201],[-55.52,-5.188],[-55.45,-5.178],[-55.424,-5.124],[-55.389,-5.104],[-55.386,-5.073],[-55.357,-5.054],[-55.363,-5.014],[-55.412,-4.942],[-55.428,-4.933],[-55.446,-4.842],[-55.482,-4.816],[-55.529,-4.797],[-55.483,-4.736],[-55.528,-4.696],[-55.635,-4.69],[-55.711,-4.673],[-55.718,-4.652],[-55.759,-4.629],[-55.793,-4.629],[-55.882,-4.595],[-55.942,-4.549],[-55.974,-4.537],[-56.017,-4.557],[-56.023,-4.586],[-56.092,-4.621],[-56.057,-4.705],[-56.07,-4.726],[-56.048,-4.767],[-56.024,-4.786],[-56.04,-4.811],[-56.046,-4.85],[-56.082,-4.819],[-56.127,-4.844],[-56.162,-4.83],[-56.178,-4.782],[-56.159,-4.753],[-56.182,-4.711],[-56.158,-4.674],[-56.174,-4.603],[-56.2,-4.603],[-56.261,-4.567],[-56.276,-4.57],[-56.285,-4.606],[-56.388,-4.679],[-56.407,-4.723],[-56.44,-4.762],[-56.457,-4.847],[-56.452,-4.902],[-56.497,-4.92],[-56.491,-4.972],[-56.45,-5.005],[-56.444,-5.041],[-56.473,-5.084],[-56.484,-5.121],[-56.513,-5.147],[-56.541,-5.149],[-56.56,-5.204],[-56.619,-5.221],[-56.664,-5.29],[-56.647,-5.335],[-56.603,-5.38],[-56.611,-5.397],[-56.613,-5.465],[-56.596,-5.504],[-56.595,-5.545],[-56.555,-5.553],[-56.521,-5.589],[-56.484,-5.583],[-56.47,-5.628],[-56.449,-5.644],[-56.408,-5.642],[-56.408,-5.618],[-56.368,-5.586],[-56.288,-5.612],[-56.264,-5.609],[-56.223,-5.623],[-56.193,-5.614],[-56.13,-5.643],[-56.121,-5.619],[-56.057,-5.652],[-56.042,-5.679],[-55.999,-5.663],[-56.025,-5.622],[-55.938,-5.586],[-55.943,-5.475],[-55.928,-5.447],[-55.974,-5.394],[-55.958,-5.364],[-55.931,-5.368],[-55.897,-5.408],[-55.861,-5.405],[-55.822,-5.461],[-55.788,-5.483],[-55.749,-5.489],[-55.714,-5.541],[-55.704,-5.582],[-55.66,-5.568],[-55.596,-5.514],[-55.28,-5.516]]]}},{"type":"Feature","properties":{"code":"1508159"},"geometry":{"type":"Polygon","coordinates":[[[-54.286,-3.402],[-54.288,-3.417],[-54.258,-3.449],[-54.276,-3.478],[-54.263,-3.49],[-54.269,-3.568],[-54.247,-3.592],[-54.224,-3.643],[-54.254,-3.662],[-54.254,-3.693],[-54.205,-3.732],[-54.189,-3.755],[-54.153,-3.777],[-54.169,-3.824],[-54.148,-3.837],[-54.11,-3.826],[-54.118,-3.874],[-54.108,-3.898],[-54.117,-3.93],[-54.11,-3.974],[-54.135,-3.988],[-54.137,-4.032],[-54.054,-4.072],[-54.086,-4.099],[-54.094,-4.159],[-54.083,-4.183],[-54.111,-4.212],[-54.1,-4.232],[-54.043,-4.219],[-54.048,-4.25],[-54.024,-4.267],[-53.987,-4.243],[-53.987,-4.215],[-53.946,-4.22],[-53.902,-4.183],[-53.852,-4.197],[-53.843,-4.15],[-53.758,-4.119],[-53.64,-4.096],[-53.637,-4.113],[-53.576,-4.105],[-53.571,-4.083],[-53.506,-4.056],[-53.525,-4.009],[-53.519,-3.965],[-53.483,-3.962],[-53.464,-3.978],[-53.436,-3.976],[-53.419,-3.955],[-53.431,-3.927],[-53.408,-3.901],[-53.335,-3.872],[-53.324,-3.845],[-53.268,-3.822],[-53.236,-3.79],[-53.246,-3.736],[-53.224,-3.723],[-53.179,-3.674],[-53.157,-3.665],[-53.188,-3.641],[-53.224,-3.596],[-53.251,-3.514],[-53.264,-3.496],[-53.331,-3.511],[-53.4,-3.514],[-53.434,-3.536],[-53.474,-3.542],[-53.499,-3.516],[-53.477,-3.466],[-53.499,-3.438],[-53.487,-3.4],[-53.497,-3.374],[-53.509,-3.278],[-53.526,-3.229],[-53.553,-3.215],[-53.558,-3.189],[-53.586,-3.175],[-53.635,-3.099],[-53.646,-3.062],[-53.665,-3.042],[-53.711,-3.03],[-53.715,-3.016],[-53.794,-3.02],[-53.834,-2.971],[-53.831,-2.917],[-53.855,-2.888],[-54.103,-2.886],[-54.102,-2.921],[-54.089,-2.961],[-54.046,-2.999],[-54.051,-3.083],[-54.07,-3.114],[-54.103,-3.132],[-54.11,-3.17],[-54.208,-3.209],[-54.214,-3.233],[-54.249,-3.267],[-54.264,-3.31],[-54.256,-3.355],[-54.289,-3.378],[-54.286,-3.402]]]}},{"type":"Feature","properties":{"code":"1508126"},"geometry":{"type":"Polygon","coordinates":[[[-48.032,-3.822],[-48.01,-3.83],[-47.993,-3.855],[-47.977,-3.919],[-47.956,-3.946],[-47.918,-3.968],[-47.899,-4.013],[-47.852,-4.047],[-47.783,-4.06],[-47.721,-4.029],[-47.698,-4.038],[-47.679,-4.069],[-47.569,-4.093],[-47.505,-4.138],[-47.464,-4.156],[-47.417,-4.14],[-47.372,-4.11],[-47.347,-4.109],[-47.319,-4.048],[-47.293,-4.052],[-47.24,-4.0],[-47.195,-3.986],[-47.169,-3.941],[-47.173,-3.924],[-47.135,-3.902],[-47.127,-3.877],[-47.085,-3.857],[-47.053,-3.747],[-47.039,-3.673],[-47.051,-3.653],[-47.031,-3.605],[-47.038,-3.564],[-47.094,-3.622],[-47.147,-3.619],[-47.224,-3.522],[-47.193,-3.513],[-47.208,-3.449],[-47.299,-3.457],[-47.338,-3.45],[-47.353,-3.473],[-47.441,-3.522],[-47.494,-3.544],[-47.594,-3.573],[-47.66,-3.584],[-47.681,-3.636],[-47.737,-3.699],[-47.776,-3.687],[-47.825,-3.683],[-47.861,-3.702],[-47.882,-3.732],[-47.919,-3.739],[-47.959,-3.734],[-47.999,-3.788],[-48.029,-3.802],[-48.032,-3.822]]]}},{"type":"Feature","properties":{"code":"1507961"},"geometry":{"type":"Polygon","coordinates":[[[-47.943,-1.039],[-47.891,-1.046],[-47.871,-1.06],[-47.811,-1.066],[-47.778,-1.061],[-47.769,-0.973],[-47.81,-0.955],[-47.815,-0.922],[-47.839,-0.947],[-47.901,-0.931],[-47.9,-0.975],[-47.919,-0.973],[-47.943,-1.039]]]}},{"type":"Feature","properties":{"code":"1507953"},"geometry":{"type":"Polygon","coordinates":[[[-48.926,-3.407],[-48.895,-3.376],[-48.874,-3.389],[-48.819,-3.38],[-48.8,-3.359],[-48.757,-3.344],[-48.69,-3.293],[-48.667,-3.254],[-48.633,-3.23],[-48.591,-3.225],[-48.546,-3.194],[-48.531,-3.196],[-48.517,-3.14],[-48.494,-3.098],[-48.528,-3.054],[-48.517,-3.043],[-48.557,-2.962],[-48.533,-2.919],[-48.528,-2.882],[-48.51,-2.854],[-48.479,-2.832],[-48.498,-2.811],[-48.484,-2.766],[-48.465,-2.743],[-48.455,-2.689],[-48.474,-2.656],[-48.463,-2.601],[-48.492,-2.591],[-48.495,-2.559],[-48.53,-2.529],[-48.567,-2.483],[-48.594,-2.483],[-48.628,-2.451],[-48.694,-2.468],[-48.687,-2.432],[-48.697,-2.398],[-48.737,-2.432],[-48.755,-2.431],[-48.808,-2.501],[-48.825,-2.536],[-48.816,-2.564],[-48.828,-2.602],[-48.835,-2.639],[-48.862,-2.667],[-48.894,-2.684],[-48.94,-2.73],[-48.945,-2.754],[-48.991,-2.796],[-48.98,-2.832],[-49.032,-2.858],[-49.037,-2.91],[-49.023,-2.945],[-49.005,-2.948],[-48.992,-2.984],[-48.99,-3.063],[-48.947,-3.086],[-48.912,-3.151],[-48.967,-3.217],[-48.961,-3.23],[-48.953,-3.312],[-48.933,-3.408],[-48.926,-3.407]]]}},{"type":"Feature","properties":{"code":"1508035"},"geometry":{"type":"Polygon","coordinates":[[[-47.188,-1.394],[-47.153,-1.365],[-47.134,-1.313],[-47.081,-1.296],[-47.021,-1.331],[-46.997,-1.308],[-47.002,-1.253],[-47.026,-1.206],[-46.984,-1.215],[-46.959,-1.257],[-46.857,-1.09],[-46.84,-0.998],[-46.845,-0.959],[-46.836,-0.935],[-46.806,-0.927],[-46.814,-0.894],[-46.796,-0.871],[-46.834,-0.826],[-46.824,-0.791],[-46.836,-0.747],[-46.862,-0.742],[-46.884,-0.767],[-46.884,-0.808],[-46.913,-0.821],[-46.916,-0.852],[-46.943,-0.859],[-46.974,-0.873],[-46.983,-0.9],[-47.006,-0.919],[-46.995,-0.948],[-47.004,-0.972],[-47.002,-1.012],[-46.984,-1.013],[-46.965,-1.043],[-46.985,-1.077],[-46.978,-1.104],[-47.014,-1.139],[-47.054,-1.157],[-47.058,-1.196],[-47.183,-1.386],[-47.187,-1.389],[-47.188,-1.394]]]}},{"type":"Feature","properties":{"code":"1508001"},"geometry":{"type":"Polygon","coordinates":[[[-47.952,-2.517],[-47.987,-2.507],[-48.011,-2.515],[-48.047,-2.473],[-48.033,-2.451],[-48.032,-2.408],[-48.055,-2.36],[-48.053,-2.34],[-48.024,-2.313],[-48.004,-2.265],[-47.986,-2.254],[-47.995,-2.224],[-47.967,-2.222],[-47.994,-2.159],[-47.979,-2.118],[-47.989,-2.097],[-48.054,-2.084],[-48.101,-2.096],[-48.126,-2.123],[-48.164,-2.127],[-48.181,-2.162],[-48.242,-2.186],[-48.257,-2.21],[-48.284,-2.222],[-48.287,-2.189],[-48.309,-2.172],[-48.33,-2.178],[-48.372,-2.235],[-48.379,-2.261],[-48.411,-2.288],[-48.441,-2.295],[-48.458,-2.323],[-48.452,-2.348],[-48.459,-2.39],[-48.484,-2.411],[-48.498,-2.453],[-48.497,-2.508],[-48.512,-2.52],[-48.495,-2.559],[-48.492,-2.591],[-48.463,-2.601],[-48.474,-2.656],[-48.455,-2.689],[-48.465,-2.743],[-48.484,-2.766],[-48.498,-2.811],[-48.479,-2.832],[-48.51,-2.854],[-48.528,-2.882],[-48.533,-2.919],[-48.557,-2.962],[-48.517,-3.043],[-48.528,-3.054],[-48.494,-3.098],[-48.517,-3.14],[-48.531,-3.196],[-48.486,-3.234],[-48.448,-3.238],[-48.415,-3.201],[-48.392,-3.216],[-48.362,-3.199],[-48.332,-3.197],[-48.309,-3.164],[-48.32,-3.144],[-48.305,-3.101],[-48.286,-3.094],[-48.253,-3.117],[-48.248,-3.073],[-48.215,-3.012],[-48.202,-2.97],[-48.18,-2.949],[-48.129,-2.947],[-48.091,-2.9],[-48.089,-2.843],[-48.074,-2.775],[-48.039,-2.711],[-48.047,-2.648],[-48.029,-2.625],[-47.979,-2.598],[-47.932,-2.543],[-47.952,-2.517]]]}},{"type":"Feature","properties":{"code":"1507979"},"geometry":{"type":"Polygon","coordinates":[[[-56.586,-2.176],[-56.57,-2.175],[-56.527,-2.139],[-56.478,-2.17],[-56.444,-2.154],[-56.414,-2.176],[-56.368,-2.137],[-56.351,-2.149],[-56.317,-2.14],[-56.297,-2.101],[-56.256,-2.088],[-56.228,-2.056],[-56.187,-2.043],[-56.099,-2.027],[-56.095,-2.0],[-56.089,-1.978],[-56.122,-1.93],[-56.15,-1.935],[-56.177,-1.964],[-56.201,-1.946],[-56.235,-1.9],[-56.268,-1.915],[-56.285,-1.908],[-56.345,-1.911],[-56.376,-1.866],[-56.436,-1.838],[-56.459,-1.849],[-56.484,-1.8],[-56.514,-1.803],[-56.551,-1.766],[-56.549,-1.709],[-56.561,-1.677],[-56.604,-1.67],[-56.639,-1.646],[-56.673,-1.65],[-56.698,-1.631],[-56.749,-1.652],[-56.724,-1.679],[-56.727,-1.727],[-56.674,-1.758],[-56.682,-1.804],[-56.66,-1.845],[-56.615,-1.859],[-56.598,-1.877],[-56.592,-1.917],[-56.599,-1.954],[-56.629,-1.981],[-56.645,-2.041],[-56.619,-2.07],[-56.633,-2.132],[-56.625,-2.166],[-56.596,-2.156],[-56.586,-2.176]]]}},{"type":"Feature","properties":{"code":"1508357"},"geometry":{"type":"Polygon","coordinates":[[[-51.802,-3.505],[-51.796,-3.484],[-51.724,-3.487],[-51.718,-3.452],[-51.751,-3.425],[-51.752,-3.394],[-51.734,-3.32],[-51.709,-3.28],[-51.702,-3.249],[-51.658,-3.258],[-51.632,-3.253],[-51.609,-3.152],[-51.684,-3.156],[-51.67,-3.132],[-51.72,-3.122],[-51.751,-3.108],[-51.782,-3.117],[-51.828,-3.082],[-51.831,-3.056],[-51.853,-3.044],[-51.85,-3.019],[-51.876,-2.985],[-51.891,-2.951],[-51.945,-2.88],[-51.993,-2.866],[-52.044,-2.792],[-52.108,-2.795],[-52.158,-2.811],[-52.234,-2.81],[-52.276,-2.83],[-52.278,-2.865],[-52.324,-2.906],[-52.318,-2.972],[-52.349,-3.006],[-52.37,-3.052],[-52.359,-3.075],[-52.344,-3.055],[-52.298,-3.034],[-52.28,-3.001],[-52.259,-2.99],[-52.228,-2.999],[-52.22,-3.066],[-52.184,-3.091],[-52.163,-3.117],[-52.167,-3.15],[-52.13,-3.176],[-52.116,-3.22],[-52.082,-3.257],[-52.059,-3.267],[-52.03,-3.304],[-51.976,-3.39],[-51.951,-3.414],[-51.958,-3.477],[-51.909,-3.51],[-51.916,-3.531],[-51.859,-3.553],[-51.802,-3.505]]]}},{"type":"Feature","properties":{"code":"1508308"},"geometry":{"type":"Polygon","coordinates":[[[-46.605,-2.223],[-46.616,-2.191],[-46.594,-2.176],[-46.589,-2.152],[-46.595,-2.08],[-46.581,-2.001],[-46.581,-1.944],[-46.609,-1.917],[-46.611,-1.875],[-46.635,-1.772],[-46.588,-1.711],[-46.561,-1.697],[-46.572,-1.667],[-46.532,-1.615],[-46.508,-1.664],[-46.468,-1.681],[-46.446,-1.703],[-46.423,-1.699],[-46.391,-1.721],[-46.315,-1.742],[-46.295,-1.727],[-46.266,-1.733],[-46.248,-1.721],[-46.221,-1.731],[-46.203,-1.705],[-46.174,-1.7],[-46.155,-1.675],[-46.161,-1.623],[-46.134,-1.582],[-46.144,-1.518],[-46.176,-1.477],[-46.144,-1.45],[-46.154,-1.426],[-46.115,-1.352],[-46.133,-1.31],[-46.162,-1.282],[-46.14,-1.248],[-46.133,-1.21],[-46.104,-1.202],[-46.087,-1.134],[-46.063,-1.106],[-46.095,-1.021],[-46.141,-1.058],[-46.16,-1.005],[-46.179,-1.003],[-46.184,-1.053],[-46.206,-1.064],[-46.215,-1.026],[-46.213,-0.979],[-46.176,-0.943],[-46.182,-0.909],[-46.201,-0.887],[-46.265,-0.913],[-46.267,-0.961],[-46.288,-0.999],[-46.324,-1.025],[-46.337,-1.022],[-46.333,-1.049],[-46.346,-1.071],[-46.343,-1.103],[-46.361,-1.154],[-46.386,-1.194],[-46.385,-1.212],[-46.548,-1.335],[-46.824,-1.543],[-46.818,-1.548],[-46.795,-1.591],[-46.802,-1.664],[-46.793,-1.716],[-46.847,-1.716],[-46.846,-1.754],[-46.834,-1.805],[-46.833,-1.865],[-46.844,-1.9],[-46.607,-2.237],[-46.605,-2.223]]]}},{"type":"Feature","properties":{"code":"1500131"},"geometry":{"type":"Polygon","coordinates":[[[-48.452,-5.112],[-48.212,-4.925],[-48.195,-4.911],[-48.27,-4.923],[-48.306,-4.91],[-48.339,-4.885],[-48.378,-4.881],[-48.426,-4.862],[-48.455,-4.893],[-48.493,-4.859],[-48.507,-4.824],[-48.549,-4.829],[-48.613,-4.814],[-48.527,-4.923],[-48.531,-5.0],[-48.505,-5.066],[-48.483,-5.095],[-48.452,-5.112]]]}},{"type":"Feature","properties":{"code":"1500107"},"geometry":{"type":"Polygon","coordinates":[[[-48.906,-1.957],[-48.53,-1.699],[-48.66,-1.692],[-48.702,-1.681],[-48.743,-1.614],[-48.766,-1.602],[-48.804,-1.608],[-48.818,-1.594],[-48.837,-1.521],[-48.948,-1.551],[-49.013,-1.573],[-49.064,-1.611],[-49.131,-1.685],[-49.154,-1.702],[-49.101,-1.762],[-49.113,-1.802],[-49.074,-1.819],[-49.045,-1.815],[-49.018,-1.828],[-49.0,-1.809],[-48.98,-1.897],[-48.906,-1.957]]]}},{"type":"Feature","properties":{"code":"1508407"},"geometry":{"type":"Polygon","coordinates":[[[-50.376,-7.253],[-49.988,-7.185],[-49.588,-7.112],[-49.194,-7.041],[-49.217,-6.962],[-49.209,-6.925],[-49.172,-6.893],[-49.115,-6.87],[-49.083,-6.843],[-49.125,-6.822],[-49.411,-6.445],[-49.638,-6.637],[-49.585,-6.659],[-49.543,-6.727],[-49.418,-6.699],[-49.376,-6.728],[-49.338,-6.73],[-49.341,-6.829],[-49.389,-6.811],[-49.427,-6.856],[-49.445,-6.927],[-49.426,-6.942],[-49.417,-6.991],[-49.463,-6.997],[-49.493,-6.989],[-49.568,-7.009],[-49.586,-7.002],[-49.647,-7.009],[-49.685,-7.031],[-49.734,-7.016],[-49.733,-6.718],[-50.071,-7.0],[-50.376,-7.253]]]}},{"type":"Feature","properties":{"code":"1500206"},"geometry":{"type":"Polygon","coordinates":[[[-48.441,-1.656],[-48.443,-1.723],[-48.451,-1.795],[-48.472,-1.838],[-48.465,-1.876],[-48.492,-1.909],[-48.512,-1.953],[-48.511,-1.978],[-48.543,-2.022],[-48.585,-2.046],[-48.597,-2.1],[-48.623,-2.121],[-48.631,-2.156],[-48.655,-2.164],[-48.685,-2.195],[-48.711,-2.197],[-48.71,-2.237],[-48.746,-2.261],[-48.748,-2.287],[-48.788,-2.323],[-48.804,-2.378],[-48.859,-2.392],[-48.878,-2.5],[-48.86,-2.535],[-48.855,-2.579],[-48.828,-2.602],[-48.816,-2.564],[-48.825,-2.536],[-48.808,-2.501],[-48.755,-2.431],[-48.737,-2.432],[-48.697,-2.398],[-48.687,-2.432],[-48.694,-2.468],[-48.628,-2.451],[-48.594,-2.483],[-48.567,-2.483],[-48.53,-2.529],[-48.495,-2.559],[-48.512,-2.52],[-48.497,-2.508],[-48.498,-2.453],[-48.484,-2.411],[-48.459,-2.39],[-48.452,-2.348],[-48.458,-2.323],[-48.441,-2.295],[-48.411,-2.288],[-48.379,-2.261],[-48.372,-2.235],[-48.33,-2.178],[-48.309,-2.172],[-48.287,-2.189],[-48.284,-2.222],[-48.257,-2.21],[-48.242,-2.186],[-48.181,-2.162],[-48.164,-2.127],[-48.126,-2.123],[-48.101,-2.096],[-48.054,-2.084],[-48.076,-2.042],[-48.043,-1.929],[-48.078,-1.83],[-48.109,-1.818],[-48.137,-1.773],[-48.175,-1.774],[-48.178,-1.73],[-48.201,-1.694],[-48.228,-1.694],[-48.236,-1.657],[-48.231,-1.631],[-48.251,-1.62],[-48.269,-1.582],[-48.291,-1.565],[-48.276,-1.541],[-48.3,-1.492],[-48.293,-1.47],[-48.332,-1.467],[-48.41,-1.509],[-48.465,-1.523],[-48.492,-1.505],[-48.506,-1.527],[-48.483,-1.567],[-48.441,-1.656]]]}},{"type":"Feature","properties":{"code":"1508209"},"geometry":{"type":"Polygon","coordinates":[[[-48.022,-1.134],[-47.992,-1.103],[-47.975,-1.062],[-47.943,-1.039],[-48.072,-1.065],[-48.069,-0.906],[-48.061,-0.799],[-48.075,-0.776],[-48.11,-0.757],[-48.142,-0.754],[-48.158,-0.774],[-48.172,-0.816],[-48.149,-0.838],[-48.176,-0.95],[-48.193,-0.948],[-48.193,-0.996],[-48.214,-1.007],[-48.177,-1.026],[-48.128,-1.033],[-48.111,-1.015],[-48.022,-1.134]]]}},{"type":"Feature","properties":{"code":"1507607"},"geometry":{"type":"Polygon","coordinates":[[[-47.62,-1.632],[-47.618,-1.607],[-47.578,-1.612],[-47.551,-1.599],[-47.51,-1.63],[-47.482,-1.634],[-47.439,-1.622],[-47.426,-1.634],[-47.358,-1.621],[-47.328,-1.606],[-47.325,-1.564],[-47.34,-1.534],[-47.296,-1.513],[-47.286,-1.486],[-47.308,-1.476],[-47.331,-1.5],[-47.351,-1.5],[-47.363,-1.463],[-47.419,-1.495],[-47.653,-1.431],[-47.667,-1.47],[-47.697,-1.483],[-47.748,-1.481],[-47.76,-1.453],[-47.95,-1.57],[-47.944,-1.579],[-47.913,-1.567],[-47.874,-1.593],[-47.858,-1.629],[-47.824,-1.629],[-47.782,-1.654],[-47.774,-1.672],[-47.686,-1.636],[-47.659,-1.649],[-47.62,-1.632]]]}},{"type":"Feature","properties":{"code":"1507458"},"geometry":{"type":"Polygon","coordinates":[[[-48.626,-6.479],[-48.607,-6.448],[-48.541,-6.401],[-48.5,-6.351],[-48.448,-6.351],[-48.383,-6.38],[-48.376,-6.345],[-48.417,-6.299],[-48.413,-6.281],[-48.436,-6.201],[-48.432,-6.177],[-48.391,-6.147],[-48.397,-6.129],[-48.44,-6.118],[-48.483,-6.094],[-48.531,-6.035],[-48.549,-6.028],[-48.584,-5.992],[-48.645,-5.997],[-48.661,-5.984],[-48.64,-5.943],[-48.623,-5.888],[-48.636,-5.876],[-48.685,-5.891],[-48.731,-5.86],[-48.852,-5.965],[-49.199,-6.264],[-49.162,-6.267],[-49.106,-6.318],[-49.08,-6.324],[-49.055,-6.35],[-49.051,-6.377],[-49.0,-6.385],[-48.946,-6.429],[-48.941,-6.406],[-48.964,-6.342],[-48.96,-6.312],[-48.884,-6.311],[-48.856,-6.351],[-48.817,-6.361],[-48.796,-6.379],[-48.75,-6.378],[-48.626,-6.479]]]}},{"type":"Feature","properties":{"code":"1507409"},"geometry":{"type":"Polygon","coordinates":[[[-47.638,-1.375],[-47.655,-1.24],[-47.709,-1.258],[-47.731,-1.245],[-47.692,-1.212],[-47.68,-1.183],[-47.696,-1.135],[-47.691,-1.111],[-47.707,-1.057],[-47.778,-1.061],[-47.811,-1.066],[-47.81,-1.081],[-47.838,-1.131],[-47.835,-1.16],[-47.808,-1.208],[-47.831,-1.23],[-47.846,-1.287],[-47.779,-1.305],[-47.638,-1.375],[-47.638,-1.375]]]}},{"type":"Feature","properties":{"code":"1507508"},"geometry":{"type":"Polygon","coordinates":[[[-48.945,-5.553],[-48.853,-5.48],[-48.807,-5.473],[-48.728,-5.493],[-48.658,-5.536],[-48.615,-5.544],[-48.58,-5.537],[-48.558,-5.559],[-48.462,-5.601],[-48.428,-5.575],[-48.386,-5.557],[-48.363,-5.522],[-48.328,-5.497],[-48.347,-5.435],[-48.373,-5.403],[-48.394,-5.394],[-48.441,-5.408],[-48.514,-5.43],[-48.557,-5.417],[-48.597,-5.423],[-48.629,-5.41],[-48.651,-5.385],[-48.737,-5.374],[-48.755,-5.349],[-48.863,-5.341],[-48.926,-5.301],[-48.962,-5.285],[-48.993,-5.283],[-49.036,-5.337],[-49.01,-5.369],[-49.005,-5.41],[-49.015,-5.46],[-48.941,-5.524],[-48.945,-5.553]]]}},{"type":"Feature","properties":{"code":"1507474"},"geometry":{"type":"Polygon","coordinates":[[[-47.243,-0.919],[-47.188,-0.895],[-47.13,-0.899],[-47.102,-0.844],[-47.084,-0.832],[-47.063,-0.792],[-47.086,-0.751],[-47.091,-0.719],[-47.074,-0.705],[-47.092,-0.674],[-47.121,-0.676],[-47.14,-0.698],[-47.133,-0.722],[-47.16,-0.762],[-47.171,-0.676],[-47.209,-0.696],[-47.205,-0.65],[-47.218,-0.633],[-47.262,-0.624],[-47.262,-0.648],[-47.256,-0.666],[-47.299,-0.689],[-47.319,-0.712],[-47.349,-0.709],[-47.377,-0.823],[-47.381,-0.837],[-47.358,-0.855],[-47.334,-0.842],[-47.294,-0.843],[-47.264,-0.886],[-47.276,-0.916],[-47.243,-0.919]]]}},{"type":"Feature","properties":{"code":"1507466"},"geometry":{"type":"Polygon","coordinates":[[[-47.901,-0.931],[-47.932,-0.903],[-47.92,-0.862],[-47.924,-0.828],[-47.959,-0.792],[-47.952,-0.777],[-47.984,-0.761],[-48.022,-0.78],[-48.013,-0.812],[-48.02,-0.862],[-48.002,-0.885],[-47.999,-0.932],[-47.989,-0.945],[-47.919,-0.973],[-47.9,-0.975],[-47.901,-0.931]]]}},{"type":"Feature","properties":{"code":"1507805"},"geometry":{"type":"MultiPolygon","coordinates":[[[[-51.958,-3.477],[-51.992,-3.502],[-52.036,-3.498],[-52.06,-3.527],[-52.111,-3.56],[-52.168,-3.564],[-52.204,-3.642],[-52.224,-3.7],[-52.258,-3.704],[-52.295,-3.732],[-52.303,-3.751],[-52.299,-3.848],[-52.281,-3.876],[-52.287,-3.908],[-52.278,-3.952],[-52.291,-3.971],[-52.337,-3.988],[-52.328,-4.011],[-52.277,-4.032],[-52.164,-4.06],[-52.147,-4.09],[-52.123,-4.066],[-52.094,-4.063],[-52.067,-4.075],[-52.057,-4.124],[-52.01,-4.177],[-51.966,-4.203],[-51.929,-4.213],[-51.915,-4.264],[-51.893,-4.277],[-51.876,-4.237],[-51.84,-4.215],[-51.817,-4.233],[-51.833,-4.286],[-51.801,-4.336],[-51.754,-4.322],[-51.741,-4.337],[-51.705,-4.328],[-51.701,-4.372],[-51.672,-4.37],[-51.662,-4.409],[-51.718,-4.455],[-51.742,-4.456],[-51.773,-4.474],[-51.829,-4.436],[-51.864,-4.428],[-51.881,-4.461],[-51.924,-4.511],[-51.957,-4.578],[-52.007,-4.623],[-52.05,-4.637],[-52.052,-4.655],[-52.08,-4.678],[-52.076,-4.694],[-52.089,-4.741],[-52.094,-4.827],[-52.116,-4.893],[-52.083,-4.911],[-52.059,-4.97],[-52.064,-4.988],[-52.043,-5.016],[-52.073,-5.097],[-52.073,-5.137],[-52.051,-5.151],[-51.835,-5.151],[-51.448,-5.15],[-51.413,-5.126],[-51.413,-5.075],[-51.427,-5.068],[-51.432,-5.029],[-51.453,-5.006],[-51.466,-4.973],[-51.442,-4.921],[-51.421,-4.913],[-51.399,-4.867],[-51.35,-4.793],[-51.337,-4.74],[-51.312,-4.716],[-51.316,-4.667],[-51.352,-4.632],[-51.344,-4.605],[-51.385,-4.549],[-51.36,-4.485],[-51.383,-4.454],[-51.365,-4.428],[-51.322,-4.412],[-51.356,-4.336],[-51.344,-4.31],[-51.377,-4.248],[-51.37,-4.196],[-51.396,-4.115],[-51.418,-4.081],[-51.384,-4.029],[-51.423,-3.951],[-51.407,-3.913],[-51.435,-3.884],[-51.463,-3.883],[-51.501,-3.861],[-51.524,-3.825],[-51.509,-3.807],[-51.518,-3.77],[-51.565,-3.798],[-51.595,-3.78],[-51.573,-3.73],[-51.548,-3.698],[-51.553,-3.663],[-51.576,-3.651],[-51.585,-3.586],[-51.66,-3.571],[-51.698,-3.534],[-51.714,-3.505],[-51.802,-3.505],[-51.859,-3.553],[-51.916,-3.531],[-51.909,-3.51],[-51.958,-3.477]]],[[[-51.751,-3.108],[-51.679,-3.011],[-51.645,-3.016],[-51.627,-3.001],[-51.632,-2.97],[-51.652,-2.957],[-51.686,-2.908],[-51.694,-2.859],[-51.748,-2.845],[-51.758,-2.833],[-51.798,-2.728],[-51.82,-2.698],[-51.84,-2.628],[-51.856,-2.595],[-51.855,-2.553],[-51.872,-2.549],[-51.92,-2.493],[-51.957,-2.522],[-51.989,-2.576],[-52.002,-2.631],[-52.055,-2.686],[-52.065,-2.738],[-52.062,-2.767],[-52.044,-2.792],[-51.993,-2.866],[-51.945,-2.88],[-51.891,-2.951],[-51.876,-2.985],[-51.85,-3.019],[-51.853,-3.044],[-51.831,-3.056],[-51.828,-3.082],[-51.782,-3.117],[-51.751,-3.108]]]]}},{"type":"Feature","properties":{"code":"1507904"},"geometry":{"type":"Polygon","coordinates":[[[-48.506,-0.751],[-48.488,-0.734],[-48.471,-0.614],[-48.477,-0.606],[-48.474,-0.527],[-48.441,-0.412],[-48.388,-0.353],[-48.375,-0.303],[-48.397,-0.252],[-48.429,-0.227],[-48.486,-0.232],[-48.504,-0.242],[-48.639,-0.232],[-48.712,-0.252],[-48.744,-0.25],[-48.81,-0.215],[-48.835,-0.223],[-48.903,-0.223],[-48.918,-0.23],[-48.927,-0.257],[-48.923,-0.291],[-49.007,-0.445],[-48.998,-0.501],[-48.962,-0.651],[-48.824,-0.65],[-48.721,-0.667],[-48.693,-0.658],[-48.622,-0.665],[-48.598,-0.682],[-48.572,-0.68],[-48.506,-0.751]]]}}]}