{"type":"FeatureCollection","features":[{"type":"Feature","properties":{"code":"1716109"},"geometry":{"type":"Polygon","coordinates":[[[-48.725,-10.407],[-48.648,-10.348],[-48.598,-10.324],[-48.614,-10.279],[-48.641,-10.248],[-48.67,-10.242],[-48.7,-10.191],[-48.691,-10.146],[-48.672,-10.091],[-48.707,-10.082],[-48.727,-10.041],[-48.777,-10.026],[-48.824,-10.057],[-48.881,-10.026],[-48.889,-10.063],[-48.949,-10.124],[-48.983,-10.133],[-49.024,-10.133],[-49.111,-10.15],[-49.041,-10.219],[-49.007,-10.28],[-48.992,-10.288],[-48.98,-10.359],[-48.977,-10.362],[-48.971,-10.372],[-48.974,-10.348],[-48.959,-10.304],[-48.915,-10.297],[-48.877,-10.32],[-48.856,-10.373],[-48.82,-10.396],[-48.791,-10.399],[-48.74,-10.389],[-48.725,-10.407]]]}},{"type":"Feature","properties":{"code":"1707207"},"geometry":{"type":"Polygon","coordinates":[[[-49.393,-9.15],[-49.372,-9.197],[-49.359,-9.256],[-49.338,-9.265],[-49.324,-9.296],[-49.269,-9.35],[-49.265,-9.412],[-49.222,-9.489],[-49.204,-9.493],[-49.155,-9.568],[-49.121,-9.562],[-49.048,-9.572],[-48.971,-9.598],[-48.942,-9.656],[-48.916,-9.659],[-48.884,-9.685],[-48.889,-9.707],[-48.869,-9.733],[-48.888,-9.771],[-48.861,-9.757],[-48.861,-9.73],[-48.87,-9.69],[-48.858,-9.674],[-48.858,-9.607],[-48.874,-9.583],[-48.87,-9.564],[-48.834,-9.537],[-48.815,-9.487],[-48.816,-9.451],[-48.786,-9.406],[-48.749,-9.407],[-48.762,-9.313],[-48.77,-9.297],[-48.748,-9.23],[-48.754,-9.198],[-48.784,-9.179],[-48.776,-9.139],[-48.805,-9.106],[-48.817,-9.076],[-48.876,-9.066],[-48.936,-9.075],[-49.023,-9.047],[-49.037,-9.021],[-49.061,-9.017],[-49.119,-8.984],[-49.148,-8.954],[-49.195,-8.934],[-49.223,-8.942],[-49.256,-8.953],[-49.299,-8.951],[-49.387,-8.91],[-49.402,-8.932],[-49.374,-8.949],[-49.383,-8.985],[-49.378,-9.025],[-49.383,-9.077],[-49.398,-9.125],[-49.393,-9.15]]]}},{"type":"Feature","properties":{"code":"1715507"},"geometry":{"type":"Polygon","coordinates":[[[-48.783,-10.696],[-48.809,-10.645],[-48.826,-10.635],[-48.828,-10.562],[-48.854,-10.576],[-48.865,-10.618],[-48.896,-10.648],[-48.922,-10.645],[-48.961,-10.665],[-48.97,-10.722],[-48.965,-10.76],[-48.921,-10.731],[-48.833,-10.727],[-48.783,-10.696]]]}},{"type":"Feature","properties":{"code":"1707306"},"geometry":{"type":"Polygon","coordinates":[[[-49.678,-11.389],[-49.658,-11.402],[-49.62,-11.379],[-49.579,-11.427],[-49.574,-11.447],[-49.583,-11.5],[-49.556,-11.505],[-49.536,-11.544],[-49.52,-11.548],[-49.498,-11.587],[-49.493,-11.651],[-49.473,-11.695],[-49.449,-11.724],[-49.428,-11.731],[-49.407,-11.76],[-49.334,-11.744],[-49.291,-11.753],[-49.254,-11.744],[-49.167,-11.744],[-49.176,-11.731],[-49.163,-11.675],[-49.131,-11.664],[-49.103,-11.637],[-49.096,-11.601],[-49.044,-11.603],[-49.044,-11.585],[-48.992,-11.586],[-48.989,-11.567],[-48.948,-11.532],[-48.95,-11.518],[-48.996,-11.486],[-49.02,-11.449],[-49.073,-11.397],[-49.11,-11.399],[-49.117,-11.373],[-49.145,-11.333],[-49.219,-11.327],[-49.238,-11.331],[-49.265,-11.304],[-49.296,-11.293],[-49.331,-11.251],[-49.369,-11.206],[-49.404,-11.18],[-49.443,-11.173],[-49.502,-11.187],[-49.586,-11.161],[-49.619,-11.131],[-49.656,-11.127],[-49.693,-11.1],[-49.722,-11.059],[-49.74,-11.052],[-49.773,-11.005],[-49.798,-10.996],[-49.824,-11.025],[-49.819,-11.096],[-49.771,-11.138],[-49.75,-11.222],[-49.757,-11.25],[-49.678,-11.389]]]}},{"type":"Feature","properties":{"code":"1707108"},"geometry":{"type":"Polygon","coordinates":[[[-49.398,-9.961],[-49.334,-9.931],[-49.318,-9.938],[-49.243,-9.928],[-49.192,-9.958],[-49.158,-9.957],[-49.143,-9.971],[-49.101,-9.969],[-49.047,-9.941],[-49.062,-9.884],[-49.011,-9.857],[-48.968,-9.853],[-48.972,-9.84],[-48.93,-9.745],[-48.888,-9.771],[-48.909,-9.734],[-48.977,-9.713],[-49.023,-9.729],[-49.094,-9.723],[-49.167,-9.743],[-49.225,-9.712],[-49.266,-9.71],[-49.317,-9.623],[-49.357,-9.577],[-49.386,-9.561],[-49.426,-9.514],[-49.433,-9.478],[-49.464,-9.441],[-49.517,-9.414],[-49.567,-9.402],[-49.57,-9.361],[-49.597,-9.315],[-49.662,-9.316],[-49.723,-9.349],[-49.729,-9.403],[-49.712,-9.452],[-49.709,-9.484],[-49.681,-9.54],[-49.627,-9.555],[-49.571,-9.585],[-49.567,-9.608],[-49.5,-9.649],[-49.481,-9.68],[-49.455,-9.7],[-49.479,-9.769],[-49.507,-9.783],[-49.523,-9.842],[-49.475,-9.863],[-49.464,-9.882],[-49.398,-9.901],[-49.404,-9.965],[-49.398,-9.961]]]}},{"type":"Feature","properties":{"code":"1715705"},"geometry":{"type":"Polygon","coordinates":[[[-48.153,-8.15],[-48.135,-8.115],[-48.104,-8.085],[-48.044,-8.088],[-47.983,-8.072],[-47.946,-8.049],[-47.959,-7.948],[-47.955,-7.926],[-47.941,-7.907],[-47.936,-7.869],[-47.919,-7.859],[-47.895,-7.793],[-47.83,-7.766],[-47.839,-7.737],[-47.864,-7.731],[-47.92,-7.66],[-47.955,-7.634],[-47.983,-7.627],[-47.984,-7.603],[-48.02,-7.597],[-48.086,-7.548],[-48.151,-7.528],[-48.146,-7.573],[-48.156,-7.629],[-48.177,-7.655],[-48.203,-7.668],[-48.2,-7.696],[-48.173,-7.72],[-48.167,-7.75],[-48.142,-7.773],[-48.143,-7.816],[-48.167,-7.834],[-48.188,-7.817],[-48.212,-7.827],[-48.27,-7.809],[-48.291,-7.79],[-48.357,-7.8],[-48.38,-7.787],[-48.411,-7.801],[-48.436,-7.831],[-48.438,-7.866],[-48.466,-7.857],[-48.452,-7.882],[-48.438,-7.993],[-48.453,-8.066],[-48.429,-8.094],[-48.427,-8.125],[-48.379,-8.138],[-48.349,-8.126],[-48.313,-8.131],[-48.296,-8.146],[-48.239,-8.124],[-48.184,-8.165],[-48.153,-8.15]]]}},{"type":"Feature","properties":{"code":"1715754"},"geometry":{"type":"Polygon","coordinates":[[[-48.516,-13.139],[-48.495,-13.137],[-48.469,-13.159],[-48.477,-13.178],[-48.462,-13.275],[-48.385,-13.264],[-48.342,-13.232],[-48.292,-13.22],[-48.25,-13.197],[-48.235,-13.176],[-48.18,-13.152],[-48.144,-13.152],[-48.129,-13.098],[-48.152,-13.059],[-48.14,-12.987],[-48.164,-12.959],[-48.188,-12.909],[-48.189,-12.883],[-48.221,-12.838],[-48.261,-12.832],[-48.327,-12.807],[-48.383,-12.812],[-48.431,-12.842],[-48.472,-12.8],[-48.502,-12.79],[-48.529,-12.811],[-48.517,-12.832],[-48.555,-12.868],[-48.546,-12.898],[-48.563,-12.931],[-48.53,-12.976],[-48.512,-12.986],[-48.514,-13.061],[-48.49,-13.079],[-48.498,-13.113],[-48.516,-13.139]]]}},{"type":"Feature","properties":{"code":"1707553"},"geometry":{"type":"Polygon","coordinates":[[[-48.789,-10.794],[-48.774,-10.756],[-48.783,-10.696],[-48.833,-10.727],[-48.921,-10.731],[-48.965,-10.76],[-49.015,-10.777],[-48.999,-10.841],[-48.905,-10.844],[-48.884,-10.851],[-48.869,-10.885],[-48.872,-10.916],[-48.851,-10.938],[-48.853,-10.968],[-48.833,-10.963],[-48.808,-10.929],[-48.794,-10.867],[-48.805,-10.854],[-48.789,-10.794]]]}},{"type":"Feature","properties":{"code":"1707405"},"geometry":{"type":"Polygon","coordinates":[[[-48.755,-5.349],[-48.737,-5.374],[-48.651,-5.385],[-48.629,-5.41],[-48.597,-5.423],[-48.557,-5.417],[-48.514,-5.43],[-48.441,-5.408],[-48.45,-5.335],[-48.406,-5.314],[-48.405,-5.295],[-48.395,-5.261],[-48.437,-5.238],[-48.462,-5.241],[-48.487,-5.194],[-48.52,-5.192],[-48.561,-5.23],[-48.569,-5.283],[-48.606,-5.337],[-48.63,-5.333],[-48.658,-5.308],[-48.699,-5.32],[-48.712,-5.353],[-48.755,-5.349]]]}},{"type":"Feature","properties":{"code":"1715002"},"geometry":{"type":"Polygon","coordinates":[[[-49.065,-10.504],[-49.073,-10.569],[-49.055,-10.598],[-49.077,-10.629],[-49.074,-10.653],[-49.028,-10.66],[-49.017,-10.686],[-48.984,-10.666],[-48.961,-10.665],[-48.922,-10.645],[-48.896,-10.648],[-48.865,-10.618],[-48.854,-10.576],[-48.828,-10.562],[-48.807,-10.542],[-48.805,-10.494],[-48.847,-10.515],[-48.877,-10.541],[-48.916,-10.537],[-48.939,-10.518],[-48.94,-10.478],[-48.981,-10.452],[-48.963,-10.425],[-48.982,-10.38],[-48.971,-10.372],[-48.977,-10.362],[-49.013,-10.39],[-49.068,-10.447],[-49.05,-10.468],[-49.065,-10.504]]]}},{"type":"Feature","properties":{"code":"1714880"},"geometry":{"type":"Polygon","coordinates":[[[-48.466,-7.857],[-48.438,-7.866],[-48.436,-7.831],[-48.411,-7.801],[-48.38,-7.787],[-48.357,-7.8],[-48.291,-7.79],[-48.27,-7.809],[-48.212,-7.827],[-48.188,-7.817],[-48.167,-7.834],[-48.143,-7.816],[-48.142,-7.773],[-48.167,-7.75],[-48.173,-7.72],[-48.2,-7.696],[-48.203,-7.668],[-48.177,-7.655],[-48.156,-7.629],[-48.146,-7.573],[-48.151,-7.528],[-48.185,-7.523],[-48.201,-7.503],[-48.282,-7.482],[-48.292,-7.453],[-48.331,-7.446],[-48.376,-7.472],[-48.399,-7.503],[-48.434,-7.504],[-48.471,-7.484],[-48.481,-7.45],[-48.519,-7.439],[-48.552,-7.448],[-48.59,-7.446],[-48.586,-7.491],[-48.6,-7.542],[-48.592,-7.562],[-48.576,-7.548],[-48.529,-7.592],[-48.514,-7.668],[-48.534,-7.7],[-48.518,-7.736],[-48.499,-7.817],[-48.498,-7.853],[-48.466,-7.857]]]}},{"type":"Feature","properties":{"code":"1707009"},"geometry":{"type":"Polygon","coordinates":[[[-46.749,-12.042],[-46.738,-12.019],[-46.754,-11.927],[-46.774,-11.881],[-46.788,-11.819],[-46.769,-11.796],[-46.747,-11.71],[-46.725,-11.685],[-46.695,-11.694],[-46.668,-11.675],[-46.567,-11.653],[-46.501,-11.651],[-46.462,-11.655],[-46.429,-11.628],[-46.393,-11.614],[-46.346,-11.576],[-46.319,-11.57],[-46.24,-11.587],[-46.195,-11.622],[-46.145,-11.624],[-46.081,-11.624],[-46.113,-11.606],[-46.209,-11.585],[-46.251,-11.537],[-46.35,-11.506],[-46.439,-11.521],[-46.524,-11.464],[-46.532,-11.377],[-46.56,-11.372],[-46.652,-11.418],[-46.666,-11.441],[-46.698,-11.462],[-46.749,-11.48],[-46.776,-11.468],[-46.83,-11.472],[-46.906,-11.396],[-46.926,-11.403],[-46.931,-11.454],[-46.961,-11.468],[-46.964,-11.515],[-46.996,-11.545],[-47.007,-11.519],[-47.037,-11.529],[-47.049,-11.592],[-47.042,-11.637],[-47.06,-11.648],[-47.079,-11.695],[-47.121,-11.745],[-47.154,-11.748],[-47.179,-11.773],[-47.183,-11.814],[-47.21,-11.844],[-47.057,-11.951],[-47.006,-11.942],[-46.95,-11.941],[-46.935,-11.96],[-46.889,-11.967],[-46.864,-11.992],[-46.845,-12.052],[-46.842,-12.085],[-46.867,-12.106],[-46.87,-12.146],[-46.86,-12.173],[-46.879,-12.187],[-46.877,-12.22],[-46.854,-12.213],[-46.817,-12.152],[-46.792,-12.133],[-46.749,-12.042]]]}},{"type":"Feature","properties":{"code":"1715150"},"geometry":{"type":"Polygon","coordinates":[[[-46.635,-12.97],[-46.455,-12.971],[-46.446,-12.936],[-46.493,-12.917],[-46.5,-12.902],[-46.538,-12.9],[-46.56,-12.872],[-46.56,-12.821],[-46.593,-12.805],[-46.624,-12.853],[-46.621,-12.886],[-46.635,-12.97]]]}},{"type":"Feature","properties":{"code":"1715259"},"geometry":{"type":"Polygon","coordinates":[[[-46.749,-12.042],[-46.683,-12.017],[-46.621,-11.961],[-46.591,-11.958],[-46.589,-11.917],[-46.567,-11.904],[-46.534,-11.857],[-46.538,-11.813],[-46.509,-11.78],[-46.479,-11.763],[-46.441,-11.756],[-46.362,-11.78],[-46.338,-11.813],[-46.356,-11.762],[-46.308,-11.687],[-46.328,-11.676],[-46.341,-11.61],[-46.244,-11.605],[-46.227,-11.636],[-46.199,-11.648],[-46.155,-11.65],[-46.145,-11.624],[-46.195,-11.622],[-46.24,-11.587],[-46.319,-11.57],[-46.346,-11.576],[-46.393,-11.614],[-46.429,-11.628],[-46.462,-11.655],[-46.501,-11.651],[-46.567,-11.653],[-46.668,-11.675],[-46.695,-11.694],[-46.725,-11.685],[-46.747,-11.71],[-46.769,-11.796],[-46.788,-11.819],[-46.774,-11.881],[-46.754,-11.927],[-46.738,-12.019],[-46.749,-12.042]]]}},{"type":"Feature","properties":{"code":"1715101"},"geometry":{"type":"Polygon","coordinates":[[[-47.303,-10.441],[-47.283,-10.405],[-47.227,-10.39],[-47.21,-10.407],[-47.147,-10.396],[-47.128,-10.384],[-47.101,-10.341],[-47.087,-10.369],[-47.049,-10.322],[-47.026,-10.337],[-47.011,-10.271],[-46.963,-10.209],[-46.949,-10.175],[-46.994,-10.136],[-47.048,-10.121],[-47.05,-10.102],[-47.094,-10.072],[-47.115,-10.042],[-47.172,-10.036],[-47.204,-10.02],[-47.278,-10.057],[-47.309,-10.039],[-47.414,-10.038],[-47.455,-9.998],[-47.52,-9.983],[-47.6,-9.979],[-47.614,-9.989],[-47.666,-9.964],[-47.717,-9.95],[-47.751,-9.927],[-47.789,-9.922],[-47.82,-9.884],[-47.841,-9.878],[-47.842,-9.906],[-47.861,-9.932],[-47.835,-9.959],[-47.833,-9.995],[-47.819,-10.019],[-47.803,-10.051],[-47.81,-10.098],[-47.794,-10.164],[-47.761,-10.167],[-47.754,-10.184],[-47.674,-10.197],[-47.621,-10.232],[-47.568,-10.246],[-47.582,-10.184],[-47.57,-10.165],[-47.543,-10.179],[-47.511,-10.175],[-47.474,-10.19],[-47.448,-10.159],[-47.411,-10.201],[-47.414,-10.239],[-47.367,-10.241],[-47.353,-10.282],[-47.377,-10.313],[-47.376,-10.353],[-47.363,-10.377],[-47.33,-10.383],[-47.323,-10.418],[-47.303,-10.441]]]}},{"type":"Feature","properties":{"code":"1706258"},"geometry":{"type":"Polygon","coordinates":[[[-48.858,-11.104],[-48.924,-11.095],[-48.944,-11.114],[-49.051,-11.131],[-49.099,-11.113],[-49.152,-11.104],[-49.167,-11.078],[-49.191,-11.074],[-49.213,-11.111],[-49.236,-11.103],[-49.287,-11.126],[-49.314,-11.098],[-49.377,-11.112],[-49.426,-11.168],[-49.443,-11.173],[-49.404,-11.18],[-49.369,-11.206],[-49.331,-11.251],[-49.294,-11.23],[-49.281,-11.238],[-49.21,-11.232],[-49.174,-11.206],[-49.15,-11.229],[-49.072,-11.252],[-48.985,-11.244],[-48.962,-11.25],[-48.923,-11.217],[-48.909,-11.253],[-48.852,-11.233],[-48.817,-11.234],[-48.803,-11.213],[-48.727,-11.196],[-48.716,-11.162],[-48.708,-11.134],[-48.749,-11.143],[-48.763,-11.127],[-48.79,-11.137],[-48.822,-11.115],[-48.858,-11.104]]]}},{"type":"Feature","properties":{"code":"1714302"},"geometry":{"type":"Polygon","coordinates":[[[-47.576,-6.416],[-47.568,-6.397],[-47.623,-6.381],[-47.651,-6.361],[-47.69,-6.307],[-47.722,-6.289],[-47.756,-6.283],[-47.829,-6.258],[-47.852,-6.256],[-47.876,-6.224],[-47.913,-6.219],[-47.938,-6.241],[-47.958,-6.227],[-47.946,-6.279],[-47.921,-6.287],[-47.865,-6.342],[-47.818,-6.336],[-47.801,-6.372],[-47.824,-6.427],[-47.77,-6.412],[-47.687,-6.404],[-47.651,-6.414],[-47.596,-6.407],[-47.584,-6.416],[-47.576,-6.416]]]}},{"type":"Feature","properties":{"code":"1706100"},"geometry":{"type":"Polygon","coordinates":[[[-49.065,-10.504],[-49.086,-10.537],[-49.127,-10.548],[-49.159,-10.53],[-49.231,-10.544],[-49.248,-10.526],[-49.316,-10.495],[-49.345,-10.47],[-49.406,-10.443],[-49.435,-10.44],[-49.507,-10.481],[-49.544,-10.487],[-49.566,-10.477],[-49.59,-10.5],[-49.665,-10.518],[-49.706,-10.518],[-49.719,-10.502],[-49.761,-10.513],[-49.701,-10.542],[-49.647,-10.551],[-49.621,-10.574],[-49.586,-10.569],[-49.547,-10.62],[-49.531,-10.678],[-49.493,-10.693],[-49.448,-10.723],[-49.476,-10.759],[-49.508,-10.764],[-49.526,-10.805],[-49.556,-10.827],[-49.515,-10.837],[-49.501,-10.822],[-49.441,-10.803],[-49.389,-10.759],[-49.338,-10.74],[-49.273,-10.757],[-49.242,-10.754],[-49.219,-10.77],[-49.203,-10.8],[-49.153,-10.793],[-49.113,-10.816],[-49.074,-10.815],[-49.015,-10.777],[-48.965,-10.76],[-48.97,-10.722],[-48.961,-10.665],[-48.984,-10.666],[-49.017,-10.686],[-49.028,-10.66],[-49.074,-10.653],[-49.077,-10.629],[-49.055,-10.598],[-49.073,-10.569],[-49.065,-10.504]]]}},{"type":"Feature","properties":{"code":"1706506"},"geometry":{"type":"Polygon","coordinates":[[[-47.547,-7.017],[-47.528,-6.971],[-47.53,-6.946],[-47.508,-6.907],[-47.507,-6.872],[-47.52,-6.84],[-47.529,-6.828],[-47.517,-6.79],[-47.494,-6.751],[-47.496,-6.697],[-47.514,-6.722],[-47.535,-6.707],[-47.586,-6.711],[-47.621,-6.701],[-47.67,-6.713],[-47.71,-6.708],[-47.747,-6.684],[-47.771,-6.643],[-47.837,-6.579],[-47.871,-6.587],[-47.862,-6.541],[-47.958,-6.554],[-48.015,-6.569],[-48.023,-6.587],[-48.058,-6.603],[-48.125,-6.585],[-48.129,-6.623],[-48.106,-6.653],[-48.061,-6.668],[-48.016,-6.703],[-47.994,-6.706],[-47.981,-6.731],[-47.929,-6.759],[-47.898,-6.793],[-47.878,-6.863],[-47.818,-6.907],[-47.755,-6.906],[-47.706,-6.91],[-47.635,-6.988],[-47.575,-6.997],[-47.547,-7.017]]]}},{"type":"Feature","properties":{"code":"1722107"},"geometry":{"type":"Polygon","coordinates":[[[-48.634,-6.491],[-48.625,-6.58],[-48.605,-6.583],[-48.574,-6.634],[-48.556,-6.636],[-48.515,-6.668],[-48.475,-6.662],[-48.456,-6.692],[-48.455,-6.725],[-48.471,-6.764],[-48.459,-6.805],[-48.427,-6.838],[-48.386,-6.852],[-48.358,-6.809],[-48.368,-6.788],[-48.387,-6.647],[-48.361,-6.589],[-48.318,-6.57],[-48.28,-6.507],[-48.275,-6.461],[-48.288,-6.449],[-48.305,-6.402],[-48.336,-6.377],[-48.346,-6.358],[-48.376,-6.345],[-48.383,-6.38],[-48.448,-6.351],[-48.5,-6.351],[-48.541,-6.401],[-48.607,-6.448],[-48.626,-6.479],[-48.634,-6.491]]]}},{"type":"Feature","properties":{"code":"1722081"},"geometry":{"type":"Polygon","coordinates":[[[-48.184,-7.015],[-48.197,-7.066],[-48.194,-7.109],[-48.181,-7.127],[-48.139,-7.123],[-47.871,-7.025],[-47.734,-6.984],[-47.755,-6.906],[-47.818,-6.907],[-47.878,-6.863],[-47.898,-6.793],[-47.929,-6.759],[-47.981,-6.731],[-47.994,-6.706],[-48.016,-6.703],[-48.061,-6.668],[-48.106,-6.653],[-48.129,-6.623],[-48.13,-7.034],[-48.184,-7.015]]]}},{"type":"Feature","properties":{"code":"1713957"},"geometry":{"type":"Polygon","coordinates":[[[-48.685,-7.282],[-48.562,-7.277],[-48.549,-7.258],[-48.563,-7.22],[-48.557,-7.147],[-48.564,-7.079],[-48.597,-7.065],[-48.622,-7.022],[-48.63,-6.946],[-48.655,-6.95],[-48.67,-6.989],[-48.869,-6.855],[-48.86,-6.825],[-48.873,-6.808],[-48.853,-6.749],[-48.914,-6.757],[-48.964,-6.779],[-49.019,-6.784],[-49.038,-6.809],[-49.019,-6.829],[-49.027,-6.862],[-49.014,-6.884],[-49.005,-6.952],[-48.932,-6.992],[-48.898,-7.048],[-48.811,-7.106],[-48.771,-7.089],[-48.761,-7.048],[-48.732,-7.055],[-48.704,-7.096],[-48.668,-7.117],[-48.667,-7.133],[-48.685,-7.282]]]}},{"type":"Feature","properties":{"code":"1705557"},"geometry":{"type":"Polygon","coordinates":[[[-46.593,-12.805],[-46.56,-12.821],[-46.56,-12.872],[-46.538,-12.9],[-46.5,-12.902],[-46.493,-12.917],[-46.446,-12.936],[-46.433,-12.929],[-46.418,-12.822],[-46.444,-12.823],[-46.476,-12.802],[-46.554,-12.783],[-46.573,-12.752],[-46.606,-12.732],[-46.593,-12.759],[-46.593,-12.805]]]}},{"type":"Feature","properties":{"code":"1713809"},"geometry":{"type":"Polygon","coordinates":[[[-47.465,-6.582],[-47.482,-6.588],[-47.635,-6.45],[-47.649,-6.47],[-47.687,-6.481],[-47.7,-6.5],[-47.731,-6.498],[-47.752,-6.513],[-47.771,-6.557],[-47.827,-6.569],[-47.862,-6.541],[-47.871,-6.587],[-47.837,-6.579],[-47.771,-6.643],[-47.747,-6.684],[-47.71,-6.708],[-47.67,-6.713],[-47.621,-6.701],[-47.586,-6.711],[-47.535,-6.707],[-47.514,-6.722],[-47.496,-6.697],[-47.499,-6.671],[-47.469,-6.621],[-47.465,-6.582]]]}},{"type":"Feature","properties":{"code":"1705607"},"geometry":{"type":"Polygon","coordinates":[[[-47.293,-12.449],[-47.266,-12.421],[-47.233,-12.432],[-47.17,-12.399],[-47.144,-12.369],[-47.117,-12.362],[-47.088,-12.303],[-47.121,-12.259],[-47.105,-12.203],[-47.103,-12.162],[-47.083,-12.13],[-47.071,-12.087],[-47.131,-12.024],[-47.128,-12.002],[-47.145,-11.975],[-47.123,-11.94],[-47.099,-11.955],[-47.057,-11.951],[-47.21,-11.844],[-47.27,-11.849],[-47.298,-11.881],[-47.329,-11.882],[-47.347,-11.905],[-47.379,-11.915],[-47.392,-11.943],[-47.444,-11.962],[-47.476,-11.964],[-47.447,-11.999],[-47.474,-12.062],[-47.483,-12.166],[-47.495,-12.186],[-47.556,-12.167],[-47.568,-12.19],[-47.535,-12.248],[-47.52,-12.25],[-47.535,-12.325],[-47.518,-12.441],[-47.474,-12.456],[-47.45,-12.425],[-47.409,-12.422],[-47.398,-12.448],[-47.361,-12.444],[-47.322,-12.454],[-47.293,-12.449]]]}},{"type":"Feature","properties":{"code":"1714203"},"geometry":{"type":"Polygon","coordinates":[[[-48.089,-11.723],[-48.082,-11.769],[-48.039,-11.783],[-48.021,-11.776],[-48.0,-11.819],[-47.948,-11.852],[-47.893,-11.864],[-47.868,-11.88],[-47.844,-11.956],[-47.871,-12.014],[-47.854,-12.056],[-47.831,-12.082],[-47.812,-12.065],[-47.768,-12.048],[-47.761,-12.083],[-47.807,-12.133],[-47.8,-12.153],[-47.781,-12.134],[-47.739,-12.142],[-47.675,-12.142],[-47.655,-12.132],[-47.632,-12.184],[-47.607,-12.193],[-47.568,-12.19],[-47.556,-12.167],[-47.495,-12.186],[-47.483,-12.166],[-47.474,-12.062],[-47.447,-11.999],[-47.476,-11.964],[-47.519,-11.917],[-47.553,-11.91],[-47.545,-11.88],[-47.505,-11.845],[-47.457,-11.838],[-47.426,-11.778],[-47.457,-11.706],[-47.433,-11.641],[-47.451,-11.618],[-47.423,-11.564],[-47.479,-11.516],[-47.472,-11.488],[-47.483,-11.464],[-47.47,-11.409],[-47.451,-11.374],[-47.428,-11.353],[-47.405,-11.311],[-47.413,-11.27],[-47.461,-11.248],[-47.482,-11.319],[-47.533,-11.37],[-47.569,-11.368],[-47.588,-11.383],[-47.595,-11.423],[-47.623,-11.442],[-47.667,-11.464],[-47.694,-11.499],[-47.687,-11.539],[-47.668,-11.55],[-47.694,-11.639],[-47.729,-11.669],[-47.814,-11.73],[-47.828,-11.761],[-47.914,-11.733],[-47.956,-11.739],[-47.965,-11.717],[-48.002,-11.721],[-48.047,-11.708],[-48.089,-11.723]]]}},{"type":"Feature","properties":{"code":"1706001"},"geometry":{"type":"Polygon","coordinates":[[[-49.123,-8.647],[-49.05,-8.545],[-49.016,-8.504],[-48.992,-8.496],[-48.969,-8.411],[-49.003,-8.375],[-48.957,-8.296],[-48.959,-8.261],[-48.978,-8.193],[-49.028,-8.221],[-49.09,-8.221],[-49.147,-8.255],[-49.172,-8.258],[-49.206,-8.241],[-49.221,-8.204],[-49.249,-8.255],[-49.267,-8.334],[-49.283,-8.38],[-49.299,-8.395],[-49.349,-8.418],[-49.377,-8.455],[-49.392,-8.49],[-49.4,-8.545],[-49.355,-8.544],[-49.316,-8.613],[-49.29,-8.642],[-49.254,-8.64],[-49.213,-8.649],[-49.187,-8.682],[-49.148,-8.674],[-49.123,-8.647]]]}},{"type":"Feature","properties":{"code":"1705102"},"geometry":{"type":"Polygon","coordinates":[[[-48.174,-11.605],[-48.146,-11.662],[-48.154,-11.687],[-48.138,-11.709],[-48.089,-11.723],[-48.047,-11.708],[-48.002,-11.721],[-47.965,-11.717],[-47.956,-11.739],[-47.914,-11.733],[-47.828,-11.761],[-47.814,-11.73],[-47.729,-11.669],[-47.694,-11.639],[-47.668,-11.55],[-47.687,-11.539],[-47.694,-11.499],[-47.667,-11.464],[-47.623,-11.442],[-47.597,-11.382],[-47.613,-11.367],[-47.606,-11.338],[-47.641,-11.306],[-47.687,-11.317],[-47.729,-11.293],[-47.746,-11.304],[-47.776,-11.272],[-47.81,-11.29],[-47.816,-11.33],[-47.805,-11.351],[-47.845,-11.373],[-47.909,-11.396],[-47.923,-11.415],[-47.931,-11.466],[-47.946,-11.48],[-47.99,-11.57],[-48.014,-11.595],[-48.071,-11.587],[-48.116,-11.594],[-48.14,-11.619],[-48.174,-11.605]]]}},{"type":"Feature","properties":{"code":"1705508"},"geometry":{"type":"Polygon","coordinates":[[[-48.498,-7.853],[-48.548,-7.904],[-48.592,-7.938],[-48.613,-7.94],[-48.63,-7.965],[-48.62,-7.985],[-48.633,-8.024],[-48.627,-8.073],[-48.651,-8.113],[-48.619,-8.132],[-48.63,-8.173],[-48.616,-8.205],[-48.639,-8.235],[-48.637,-8.276],[-48.596,-8.284],[-48.582,-8.263],[-48.54,-8.23],[-48.513,-8.263],[-48.49,-8.258],[-48.469,-8.215],[-48.437,-8.201],[-48.427,-8.18],[-48.397,-8.172],[-48.379,-8.138],[-48.427,-8.125],[-48.429,-8.094],[-48.453,-8.066],[-48.438,-7.993],[-48.452,-7.882],[-48.466,-7.857],[-48.498,-7.853]]]}},{"type":"Feature","properties":{"code":"1713304"},"geometry":{"type":"Polygon","coordinates":[[[-48.874,-9.583],[-48.739,-9.584],[-48.685,-9.611],[-48.623,-9.593],[-48.541,-9.533],[-48.517,-9.504],[-48.547,-9.497],[-48.579,-9.46],[-48.572,-9.421],[-48.579,-9.387],[-48.572,-9.319],[-48.593,-9.286],[-48.572,-9.255],[-48.565,-9.221],[-48.58,-9.208],[-48.613,-9.209],[-48.631,-9.19],[-48.651,-9.216],[-48.693,-9.205],[-48.716,-9.174],[-48.732,-9.183],[-48.737,-9.197],[-48.754,-9.198],[-48.748,-9.23],[-48.77,-9.297],[-48.762,-9.313],[-48.749,-9.407],[-48.786,-9.406],[-48.816,-9.451],[-48.815,-9.487],[-48.834,-9.537],[-48.87,-9.564],[-48.874,-9.583]]]}},{"type":"Feature","properties":{"code":"1713700"},"geometry":{"type":"Polygon","coordinates":[[[-49.111,-10.15],[-49.024,-10.133],[-48.983,-10.133],[-48.949,-10.124],[-48.889,-10.063],[-48.901,-10.027],[-48.882,-10.001],[-48.851,-9.899],[-48.895,-9.836],[-48.932,-9.828],[-48.968,-9.853],[-49.011,-9.857],[-49.062,-9.884],[-49.047,-9.941],[-49.101,-9.969],[-49.143,-9.971],[-49.158,-9.957],[-49.192,-9.958],[-49.243,-9.928],[-49.318,-9.938],[-49.334,-9.931],[-49.398,-9.961],[-49.354,-9.981],[-49.312,-10.01],[-49.301,-10.034],[-49.264,-10.058],[-49.21,-10.073],[-49.174,-10.097],[-49.135,-10.138],[-49.111,-10.15]]]}},{"type":"Feature","properties":{"code":"1713601"},"geometry":{"type":"Polygon","coordinates":[[[-48.22,-10.991],[-48.161,-11.054],[-48.155,-11.08],[-48.13,-11.1],[-48.121,-11.124],[-48.086,-11.13],[-48.069,-11.154],[-48.025,-11.173],[-47.983,-11.17],[-47.949,-11.153],[-47.921,-11.111],[-47.861,-11.104],[-47.884,-10.992],[-47.881,-10.972],[-47.827,-10.946],[-47.795,-10.95],[-47.742,-10.906],[-47.769,-10.832],[-47.798,-10.769],[-47.82,-10.756],[-47.807,-10.727],[-47.786,-10.716],[-47.804,-10.666],[-47.825,-10.646],[-47.855,-10.561],[-47.827,-10.478],[-47.842,-10.404],[-47.838,-10.395],[-47.865,-10.376],[-47.868,-10.331],[-47.856,-10.31],[-47.879,-10.319],[-47.917,-10.31],[-47.983,-10.332],[-48.008,-10.38],[-48.044,-10.39],[-48.063,-10.439],[-48.083,-10.46],[-48.157,-10.458],[-48.176,-10.453],[-48.209,-10.469],[-48.23,-10.495],[-48.254,-10.501],[-48.283,-10.487],[-48.3,-10.506],[-48.269,-10.527],[-48.308,-10.58],[-48.268,-10.62],[-48.245,-10.624],[-48.159,-10.677],[-48.169,-10.695],[-48.218,-10.719],[-48.267,-10.78],[-48.274,-10.803],[-48.259,-10.845],[-48.209,-10.849],[-48.178,-10.867],[-48.199,-10.893],[-48.2,-10.919],[-48.226,-10.918],[-48.251,-10.937],[-48.22,-10.991]]]}},{"type":"Feature","properties":{"code":"1721109"},"geometry":{"type":"Polygon","coordinates":[[[-47.895,-9.771],[-47.908,-9.653],[-47.919,-9.62],[-47.923,-9.56],[-47.937,-9.54],[-47.925,-9.515],[-47.93,-9.485],[-47.9,-9.398],[-47.905,-9.339],[-47.935,-9.306],[-47.985,-9.348],[-48.0,-9.386],[-48.032,-9.396],[-48.069,-9.389],[-48.079,-9.419],[-48.149,-9.445],[-48.188,-9.438],[-48.207,-9.351],[-48.234,-9.327],[-48.273,-9.344],[-48.306,-9.311],[-48.349,-9.287],[-48.367,-9.341],[-48.358,-9.388],[-48.377,-9.434],[-48.371,-9.492],[-48.383,-9.568],[-48.405,-9.616],[-48.401,-9.639],[-48.365,-9.696],[-48.336,-9.73],[-48.295,-9.755],[-48.257,-9.751],[-48.259,-9.772],[-48.232,-9.867],[-48.206,-9.884],[-48.189,-9.911],[-48.228,-9.951],[-48.184,-9.933],[-48.157,-9.943],[-48.104,-9.91],[-48.099,-9.892],[-47.959,-9.793],[-47.94,-9.799],[-47.895,-9.771]]]}},{"type":"Feature","properties":{"code":"1704600"},"geometry":{"type":"Polygon","coordinates":[[[-49.111,-10.15],[-49.135,-10.138],[-49.174,-10.097],[-49.21,-10.073],[-49.264,-10.058],[-49.301,-10.034],[-49.312,-10.01],[-49.354,-9.981],[-49.398,-9.961],[-49.404,-9.965],[-49.444,-10.008],[-49.398,-10.042],[-49.367,-10.074],[-49.351,-10.131],[-49.304,-10.156],[-49.273,-10.159],[-49.203,-10.204],[-49.198,-10.25],[-49.167,-10.274],[-49.121,-10.28],[-49.092,-10.273],[-49.09,-10.343],[-49.069,-10.334],[-49.047,-10.366],[-48.996,-10.371],[-48.98,-10.359],[-48.992,-10.288],[-49.007,-10.28],[-49.041,-10.219],[-49.111,-10.15]]]}},{"type":"Feature","properties":{"code":"1720937"},"geometry":{"type":"Polygon","coordinates":[[[-47.057,-11.951],[-47.099,-11.955],[-47.123,-11.94],[-47.145,-11.975],[-47.128,-12.002],[-47.131,-12.024],[-47.071,-12.087],[-47.083,-12.13],[-47.103,-12.162],[-47.105,-12.203],[-47.121,-12.259],[-47.088,-12.303],[-47.117,-12.362],[-47.086,-12.351],[-47.047,-12.37],[-46.981,-12.367],[-46.962,-12.358],[-46.948,-12.31],[-46.903,-12.275],[-46.877,-12.22],[-46.879,-12.187],[-46.86,-12.173],[-46.87,-12.146],[-46.867,-12.106],[-46.842,-12.085],[-46.845,-12.052],[-46.864,-11.992],[-46.889,-11.967],[-46.935,-11.96],[-46.95,-11.941],[-47.006,-11.942],[-47.057,-11.951]]]}},{"type":"Feature","properties":{"code":"1720903"},"geometry":{"type":"Polygon","coordinates":[[[-46.198,-12.504],[-46.266,-12.499],[-46.261,-12.474],[-46.28,-12.454],[-46.27,-12.432],[-46.323,-12.406],[-46.297,-12.381],[-46.3,-12.364],[-46.345,-12.366],[-46.37,-12.348],[-46.349,-12.299],[-46.388,-12.249],[-46.37,-12.232],[-46.381,-12.181],[-46.392,-12.171],[-46.372,-12.123],[-46.371,-12.1],[-46.42,-12.114],[-46.484,-12.098],[-46.535,-12.129],[-46.559,-12.179],[-46.591,-12.192],[-46.609,-12.227],[-46.662,-12.271],[-46.687,-12.277],[-46.738,-12.259],[-46.776,-12.275],[-46.79,-12.315],[-46.811,-12.301],[-46.848,-12.343],[-46.892,-12.343],[-46.947,-12.377],[-46.902,-12.402],[-46.894,-12.463],[-46.808,-12.494],[-46.776,-12.54],[-46.748,-12.552],[-46.738,-12.576],[-46.706,-12.585],[-46.684,-12.572],[-46.66,-12.597],[-46.616,-12.596],[-46.594,-12.582],[-46.572,-12.596],[-46.54,-12.576],[-46.52,-12.581],[-46.465,-12.565],[-46.439,-12.582],[-46.391,-12.578],[-46.339,-12.542],[-46.299,-12.528],[-46.268,-12.53],[-46.198,-12.504]]]}},{"type":"Feature","properties":{"code":"1721000"},"geometry":{"type":"Polygon","coordinates":[[[-48.157,-10.458],[-48.083,-10.46],[-48.063,-10.439],[-48.044,-10.39],[-48.008,-10.38],[-47.983,-10.332],[-47.917,-10.31],[-47.879,-10.319],[-47.856,-10.31],[-47.858,-10.289],[-47.831,-10.265],[-47.814,-10.206],[-47.794,-10.164],[-47.81,-10.098],[-47.803,-10.051],[-47.819,-10.019],[-47.853,-10.079],[-47.878,-10.092],[-47.896,-10.132],[-47.963,-10.176],[-48.014,-10.174],[-48.02,-10.117],[-48.069,-10.12],[-48.122,-10.11],[-48.169,-10.133],[-48.174,-10.037],[-48.199,-10.019],[-48.223,-9.963],[-48.268,-9.979],[-48.285,-9.965],[-48.289,-9.929],[-48.342,-9.936],[-48.368,-9.923],[-48.368,-9.948],[-48.337,-10.0],[-48.332,-10.041],[-48.359,-10.054],[-48.385,-10.082],[-48.422,-10.193],[-48.412,-10.225],[-48.386,-10.235],[-48.387,-10.264],[-48.404,-10.304],[-48.409,-10.357],[-48.402,-10.381],[-48.365,-10.41],[-48.266,-10.411],[-48.237,-10.388],[-48.188,-10.378],[-48.175,-10.399],[-48.157,-10.458]]]}},{"type":"Feature","properties":{"code":"1720978"},"geometry":{"type":"Polygon","coordinates":[[[-49.362,-12.533],[-49.345,-12.61],[-49.329,-12.628],[-49.35,-12.724],[-49.348,-12.79],[-49.292,-12.814],[-49.262,-12.84],[-49.254,-12.874],[-49.238,-12.884],[-49.211,-12.878],[-49.186,-12.848],[-49.118,-12.79],[-49.105,-12.835],[-49.073,-12.855],[-49.088,-12.891],[-49.05,-12.909],[-49.032,-12.902],[-48.976,-12.957],[-48.88,-12.817],[-48.87,-12.803],[-48.855,-12.785],[-48.812,-12.794],[-48.813,-12.77],[-48.836,-12.741],[-48.773,-12.722],[-48.79,-12.681],[-48.779,-12.657],[-48.84,-12.635],[-48.852,-12.593],[-48.836,-12.56],[-48.808,-12.554],[-48.814,-12.525],[-48.798,-12.512],[-48.782,-12.434],[-48.711,-12.4],[-48.753,-12.386],[-48.8,-12.388],[-48.843,-12.412],[-48.913,-12.477],[-48.997,-12.495],[-49.025,-12.498],[-49.03,-12.573],[-49.053,-12.617],[-49.095,-12.629],[-49.161,-12.552],[-49.205,-12.552],[-49.257,-12.564],[-49.287,-12.54],[-49.334,-12.532],[-49.362,-12.533]]]}},{"type":"Feature","properties":{"code":"1712801"},"geometry":{"type":"Polygon","coordinates":[[[-47.729,-6.183],[-47.697,-6.163],[-47.662,-6.168],[-47.603,-6.139],[-47.564,-6.13],[-47.507,-6.078],[-47.494,-6.058],[-47.467,-6.055],[-47.439,-6.012],[-47.448,-5.99],[-47.431,-5.938],[-47.432,-5.866],[-47.438,-5.857],[-47.454,-5.874],[-47.517,-5.88],[-47.588,-5.931],[-47.62,-5.926],[-47.7,-5.929],[-47.708,-5.999],[-47.692,-6.017],[-47.716,-6.037],[-47.738,-6.116],[-47.767,-6.149],[-47.729,-6.183]]]}},{"type":"Feature","properties":{"code":"1721307"},"geometry":{"type":"Polygon","coordinates":[[[-48.133,-8.544],[-48.1,-8.517],[-48.084,-8.469],[-48.086,-8.415],[-48.128,-8.367],[-48.133,-8.288],[-48.145,-8.231],[-48.162,-8.197],[-48.153,-8.15],[-48.184,-8.165],[-48.239,-8.124],[-48.296,-8.146],[-48.314,-8.171],[-48.333,-8.239],[-48.354,-8.255],[-48.323,-8.277],[-48.282,-8.338],[-48.265,-8.362],[-48.275,-8.403],[-48.295,-8.431],[-48.296,-8.458],[-48.277,-8.47],[-48.294,-8.5],[-48.293,-8.522],[-48.27,-8.551],[-48.215,-8.548],[-48.183,-8.582],[-48.155,-8.582],[-48.133,-8.544]]]}},{"type":"Feature","properties":{"code":"1713205"},"geometry":{"type":"Polygon","coordinates":[[[-48.672,-10.091],[-48.624,-10.077],[-48.569,-10.029],[-48.512,-10.043],[-48.438,-10.018],[-48.391,-10.052],[-48.359,-10.054],[-48.332,-10.041],[-48.337,-10.0],[-48.368,-9.948],[-48.368,-9.923],[-48.337,-9.885],[-48.338,-9.819],[-48.375,-9.792],[-48.362,-9.746],[-48.365,-9.696],[-48.401,-9.639],[-48.405,-9.616],[-48.383,-9.568],[-48.371,-9.492],[-48.377,-9.434],[-48.358,-9.388],[-48.367,-9.341],[-48.383,-9.362],[-48.426,-9.362],[-48.505,-9.399],[-48.525,-9.428],[-48.572,-9.421],[-48.579,-9.46],[-48.547,-9.497],[-48.517,-9.504],[-48.541,-9.533],[-48.623,-9.593],[-48.685,-9.611],[-48.739,-9.584],[-48.874,-9.583],[-48.858,-9.607],[-48.858,-9.674],[-48.87,-9.69],[-48.861,-9.73],[-48.83,-9.746],[-48.795,-9.747],[-48.765,-9.735],[-48.755,-9.754],[-48.705,-9.771],[-48.653,-9.756],[-48.658,-9.785],[-48.63,-9.831],[-48.625,-9.865],[-48.654,-9.903],[-48.697,-9.892],[-48.731,-9.907],[-48.745,-9.971],[-48.772,-10.014],[-48.824,-10.057],[-48.777,-10.026],[-48.727,-10.041],[-48.707,-10.082],[-48.672,-10.091]]]}},{"type":"Feature","properties":{"code":"1721208"},"geometry":{"type":"Polygon","coordinates":[[[-47.43,-6.423],[-47.41,-6.366],[-47.409,-6.328],[-47.379,-6.273],[-47.381,-6.25],[-47.423,-6.16],[-47.434,-6.093],[-47.43,-6.068],[-47.439,-6.012],[-47.467,-6.055],[-47.494,-6.058],[-47.507,-6.078],[-47.564,-6.13],[-47.603,-6.139],[-47.662,-6.168],[-47.697,-6.163],[-47.729,-6.183],[-47.722,-6.289],[-47.69,-6.307],[-47.651,-6.361],[-47.623,-6.381],[-47.568,-6.397],[-47.576,-6.416],[-47.546,-6.443],[-47.532,-6.43],[-47.451,-6.445],[-47.43,-6.423]]]}},{"type":"Feature","properties":{"code":"1721257"},"geometry":{"type":"Polygon","coordinates":[[[-48.394,-8.975],[-48.367,-8.975],[-48.36,-9.022],[-48.368,-9.075],[-48.352,-9.082],[-48.348,-9.119],[-48.283,-9.135],[-48.222,-9.056],[-48.194,-9.033],[-48.181,-8.992],[-48.179,-8.955],[-48.17,-8.897],[-48.139,-8.835],[-48.126,-8.821],[-48.112,-8.765],[-48.128,-8.741],[-48.143,-8.783],[-48.173,-8.771],[-48.237,-8.782],[-48.261,-8.773],[-48.295,-8.803],[-48.341,-8.906],[-48.393,-8.943],[-48.394,-8.975]]]}},{"type":"Feature","properties":{"code":"1712454"},"geometry":{"type":"Polygon","coordinates":[[[-47.767,-6.149],[-47.853,-6.149],[-47.889,-6.142],[-47.972,-6.184],[-47.979,-6.204],[-47.958,-6.227],[-47.938,-6.241],[-47.913,-6.219],[-47.876,-6.224],[-47.852,-6.256],[-47.829,-6.258],[-47.756,-6.283],[-47.722,-6.289],[-47.729,-6.183],[-47.767,-6.149]]]}},{"type":"Feature","properties":{"code":"1704105"},"geometry":{"type":"Polygon","coordinates":[[[-47.724,-9.319],[-47.685,-9.333],[-47.654,-9.355],[-47.638,-9.329],[-47.618,-9.331],[-47.596,-9.302],[-47.563,-9.316],[-47.519,-9.291],[-47.501,-9.261],[-47.468,-9.244],[-47.412,-9.236],[-47.381,-9.25],[-47.346,-9.287],[-47.332,-9.255],[-47.298,-9.252],[-47.284,-9.214],[-47.261,-9.183],[-47.269,-9.144],[-47.251,-9.09],[-47.252,-9.034],[-47.238,-8.959],[-47.231,-8.893],[-47.218,-8.86],[-47.249,-8.838],[-47.287,-8.828],[-47.37,-8.852],[-47.404,-8.795],[-47.428,-8.813],[-47.474,-8.797],[-47.543,-8.938],[-47.611,-9.028],[-47.606,-9.049],[-47.625,-9.081],[-47.617,-9.14],[-47.649,-9.173],[-47.685,-9.184],[-47.695,-9.253],[-47.685,-9.276],[-47.724,-9.319]]]}},{"type":"Feature","properties":{"code":"1712405"},"geometry":{"type":"Polygon","coordinates":[[[-47.346,-9.287],[-47.325,-9.322],[-47.263,-9.338],[-47.227,-9.396],[-47.198,-9.4],[-47.179,-9.422],[-47.153,-9.423],[-47.098,-9.459],[-47.082,-9.487],[-47.097,-9.515],[-47.089,-9.568],[-47.066,-9.645],[-47.1,-9.692],[-47.083,-9.745],[-47.091,-9.765],[-47.072,-9.8],[-47.079,-9.819],[-47.116,-9.843],[-47.143,-9.875],[-47.178,-9.954],[-47.199,-9.955],[-47.204,-10.02],[-47.172,-10.036],[-47.115,-10.042],[-47.094,-10.072],[-47.036,-10.032],[-47.016,-10.002],[-46.975,-9.989],[-46.886,-9.977],[-46.861,-9.966],[-46.813,-9.975],[-46.783,-9.95],[-46.734,-9.931],[-46.721,-9.914],[-46.658,-9.917],[-46.594,-9.895],[-46.553,-9.856],[-46.509,-9.864],[-46.475,-9.905],[-46.473,-9.877],[-46.513,-9.797],[-46.562,-9.811],[-46.58,-9.796],[-46.569,-9.77],[-46.596,-9.747],[-46.644,-9.74],[-46.653,-9.693],[-46.613,-9.666],[-46.606,-9.63],[-46.583,-9.586],[-46.539,-9.56],[-46.575,-9.521],[-46.56,-9.494],[-46.573,-9.478],[-46.625,-9.466],[-46.648,-9.447],[-46.633,-9.412],[-46.666,-9.392],[-46.723,-9.396],[-46.754,-9.414],[-46.759,-9.381],[-46.799,-9.339],[-46.819,-9.303],[-46.847,-9.292],[-46.819,-9.257],[-46.82,-9.212],[-46.852,-9.186],[-46.861,-9.146],[-46.9,-9.128],[-46.926,-9.135],[-46.93,-9.106],[-46.912,-9.083],[-46.94,-9.064],[-46.976,-9.082],[-47.007,-9.082],[-47.058,-9.053],[-47.038,-9.001],[-47.065,-8.953],[-47.139,-8.923],[-47.178,-8.931],[-47.194,-8.945],[-47.238,-8.959],[-47.252,-9.034],[-47.251,-9.09],[-47.269,-9.144],[-47.261,-9.183],[-47.284,-9.214],[-47.298,-9.252],[-47.332,-9.255],[-47.346,-9.287]]]}},{"type":"Feature","properties":{"code":"1720499"},"geometry":{"type":"Polygon","coordinates":[[[-47.8,-12.153],[-47.807,-12.133],[-47.761,-12.083],[-47.768,-12.048],[-47.812,-12.065],[-47.831,-12.082],[-47.854,-12.056],[-47.871,-12.014],[-47.844,-11.956],[-47.868,-11.88],[-47.893,-11.864],[-47.948,-11.852],[-48.0,-11.819],[-48.021,-11.776],[-48.039,-11.783],[-48.082,-11.769],[-48.089,-11.723],[-48.138,-11.709],[-48.154,-11.687],[-48.146,-11.662],[-48.174,-11.605],[-48.2,-11.578],[-48.214,-11.589],[-48.251,-11.548],[-48.285,-11.536],[-48.293,-11.496],[-48.338,-11.471],[-48.36,-11.446],[-48.344,-11.423],[-48.401,-11.367],[-48.436,-11.345],[-48.459,-11.307],[-48.479,-11.363],[-48.482,-11.394],[-48.462,-11.456],[-48.475,-11.477],[-48.459,-11.497],[-48.463,-11.528],[-48.448,-11.565],[-48.41,-11.598],[-48.41,-11.63],[-48.383,-11.648],[-48.38,-11.756],[-48.365,-11.796],[-48.349,-11.885],[-48.335,-11.92],[-48.302,-11.952],[-48.213,-12.005],[-48.211,-12.057],[-48.18,-12.065],[-48.171,-12.048],[-48.115,-12.087],[-48.074,-12.069],[-48.038,-12.064],[-48.02,-12.044],[-47.995,-12.057],[-47.941,-12.051],[-47.891,-12.09],[-47.864,-12.121],[-47.842,-12.168],[-47.855,-12.207],[-47.817,-12.215],[-47.813,-12.171],[-47.8,-12.153]]]}},{"type":"Feature","properties":{"code":"1720804"},"geometry":{"type":"Polygon","coordinates":[[[-47.84,-5.602],[-47.678,-5.596],[-47.694,-5.63],[-47.712,-5.639],[-47.753,-5.714],[-47.751,-5.768],[-47.593,-5.676],[-47.59,-5.565],[-47.653,-5.541],[-47.677,-5.569],[-47.748,-5.572],[-47.755,-5.555],[-47.794,-5.543],[-47.84,-5.602]]]}},{"type":"Feature","properties":{"code":"1712702"},"geometry":{"type":"Polygon","coordinates":[[[-46.553,-11.265],[-46.466,-11.134],[-46.342,-10.939],[-46.267,-10.935],[-46.261,-10.812],[-46.226,-10.783],[-46.206,-10.798],[-46.193,-10.743],[-46.165,-10.723],[-46.15,-10.692],[-46.161,-10.659],[-46.128,-10.621],[-46.061,-10.6],[-45.975,-10.552],[-45.929,-10.522],[-45.871,-10.503],[-45.82,-10.456],[-45.798,-10.323],[-45.727,-10.312],[-45.699,-10.259],[-45.702,-10.179],[-45.724,-10.155],[-45.735,-10.18],[-45.727,-10.203],[-45.744,-10.24],[-45.794,-10.268],[-45.867,-10.254],[-45.897,-10.264],[-45.916,-10.313],[-45.887,-10.341],[-45.911,-10.371],[-45.971,-10.359],[-46.0,-10.297],[-46.028,-10.277],[-46.012,-10.251],[-46.028,-10.177],[-46.058,-10.186],[-46.093,-10.21],[-46.163,-10.214],[-46.195,-10.183],[-46.218,-10.197],[-46.262,-10.197],[-46.283,-10.228],[-46.321,-10.209],[-46.37,-10.224],[-46.393,-10.213],[-46.428,-10.217],[-46.478,-10.204],[-46.535,-10.203],[-46.608,-10.226],[-46.653,-10.196],[-46.68,-10.163],[-46.753,-10.149],[-46.799,-10.164],[-46.817,-10.16],[-46.859,-10.193],[-46.902,-10.194],[-46.949,-10.175],[-46.963,-10.209],[-47.011,-10.271],[-47.026,-10.337],[-47.049,-10.322],[-47.087,-10.369],[-47.103,-10.439],[-47.052,-10.51],[-47.018,-10.5],[-47.0,-10.508],[-46.991,-10.577],[-46.96,-10.592],[-46.948,-10.661],[-46.888,-10.679],[-46.885,-10.702],[-46.899,-10.735],[-46.894,-10.774],[-46.874,-10.798],[-46.887,-10.831],[-46.888,-10.883],[-46.849,-10.89],[-46.812,-10.908],[-46.795,-10.954],[-46.828,-10.986],[-46.864,-11.045],[-46.851,-11.068],[-46.782,-11.064],[-46.742,-11.097],[-46.738,-11.119],[-46.704,-11.13],[-46.685,-11.169],[-46.69,-11.201],[-46.677,-11.217],[-46.637,-11.229],[-46.553,-11.265]]]}},{"type":"Feature","properties":{"code":"1720853"},"geometry":{"type":"Polygon","coordinates":[[[-48.911,-12.295],[-48.855,-12.281],[-48.819,-12.302],[-48.748,-12.309],[-48.734,-12.272],[-48.713,-12.277],[-48.671,-12.231],[-48.642,-12.232],[-48.627,-12.213],[-48.643,-12.167],[-48.643,-12.141],[-48.726,-12.148],[-48.75,-12.128],[-48.78,-12.133],[-48.773,-12.068],[-48.755,-11.993],[-48.775,-11.969],[-48.83,-11.962],[-48.895,-11.878],[-48.892,-11.866],[-48.915,-11.857],[-48.943,-11.902],[-48.988,-11.923],[-48.985,-11.942],[-48.968,-11.967],[-48.979,-12.008],[-48.967,-12.051],[-48.943,-12.075],[-48.927,-12.123],[-48.952,-12.139],[-48.97,-12.186],[-48.946,-12.187],[-48.915,-12.207],[-48.908,-12.239],[-48.921,-12.294],[-48.911,-12.295]]]}},{"type":"Feature","properties":{"code":"1712504"},"geometry":{"type":"Polygon","coordinates":[[[-49.995,-9.674],[-50.03,-9.701],[-50.009,-9.731],[-50.027,-9.774],[-49.989,-9.811],[-49.964,-9.863],[-49.935,-9.894],[-49.91,-9.894],[-49.905,-9.92],[-49.81,-9.898],[-49.79,-9.923],[-49.733,-9.974],[-49.639,-10.001],[-49.579,-9.958],[-49.556,-9.949],[-49.523,-9.972],[-49.481,-9.979],[-49.444,-10.008],[-49.404,-9.965],[-49.398,-9.901],[-49.464,-9.882],[-49.475,-9.863],[-49.523,-9.842],[-49.507,-9.783],[-49.479,-9.769],[-49.455,-9.7],[-49.481,-9.68],[-49.5,-9.649],[-49.567,-9.608],[-49.571,-9.585],[-49.627,-9.555],[-49.681,-9.54],[-49.684,-9.561],[-49.73,-9.591],[-49.745,-9.583],[-49.787,-9.61],[-49.803,-9.639],[-49.801,-9.667],[-49.85,-9.681],[-49.925,-9.684],[-49.956,-9.668],[-49.995,-9.674]]]}},{"type":"Feature","properties":{"code":"1720655"},"geometry":{"type":"Polygon","coordinates":[[[-47.742,-10.906],[-47.795,-10.95],[-47.827,-10.946],[-47.881,-10.972],[-47.884,-10.992],[-47.861,-11.104],[-47.921,-11.111],[-47.949,-11.153],[-47.983,-11.17],[-48.025,-11.173],[-48.069,-11.154],[-48.086,-11.13],[-48.121,-11.124],[-48.13,-11.1],[-48.155,-11.08],[-48.161,-11.054],[-48.22,-10.991],[-48.319,-11.068],[-48.311,-11.086],[-48.319,-11.133],[-48.27,-11.168],[-48.261,-11.193],[-48.218,-11.21],[-48.238,-11.265],[-48.259,-11.282],[-48.156,-11.27],[-48.134,-11.308],[-48.096,-11.319],[-48.072,-11.28],[-48.022,-11.266],[-47.994,-11.245],[-47.961,-11.253],[-47.903,-11.234],[-47.867,-11.204],[-47.851,-11.218],[-47.803,-11.209],[-47.691,-11.049],[-47.709,-11.033],[-47.726,-10.951],[-47.745,-10.938],[-47.742,-10.906]]]}},{"type":"Feature","properties":{"code":"1703701"},"geometry":{"type":"Polygon","coordinates":[[[-48.454,-11.262],[-48.489,-11.22],[-48.518,-11.159],[-48.521,-11.125],[-48.54,-11.097],[-48.559,-11.031],[-48.531,-10.995],[-48.517,-10.959],[-48.457,-10.927],[-48.416,-10.875],[-48.397,-10.829],[-48.396,-10.768],[-48.415,-10.751],[-48.451,-10.762],[-48.473,-10.782],[-48.504,-10.782],[-48.547,-10.834],[-48.547,-10.857],[-48.607,-10.846],[-48.636,-10.87],[-48.644,-10.842],[-48.69,-10.837],[-48.724,-10.803],[-48.75,-10.81],[-48.789,-10.794],[-48.805,-10.854],[-48.794,-10.867],[-48.808,-10.929],[-48.833,-10.963],[-48.853,-10.968],[-48.829,-11.055],[-48.858,-11.104],[-48.822,-11.115],[-48.79,-11.137],[-48.763,-11.127],[-48.749,-11.143],[-48.708,-11.134],[-48.716,-11.162],[-48.688,-11.187],[-48.652,-11.201],[-48.647,-11.239],[-48.626,-11.28],[-48.607,-11.276],[-48.548,-11.349],[-48.542,-11.383],[-48.518,-11.392],[-48.479,-11.363],[-48.459,-11.307],[-48.454,-11.262]]]}},{"type":"Feature","properties":{"code":"1720101"},"geometry":{"type":"Polygon","coordinates":[[[-47.991,-6.157],[-47.956,-6.133],[-47.956,-6.092],[-47.971,-6.065],[-47.909,-6.073],[-47.893,-6.02],[-47.862,-6.029],[-47.755,-6.015],[-47.692,-6.017],[-47.708,-5.999],[-47.7,-5.929],[-47.732,-5.902],[-47.717,-5.87],[-47.739,-5.854],[-47.735,-5.821],[-47.75,-5.807],[-47.759,-5.77],[-47.775,-5.774],[-47.827,-5.749],[-47.864,-5.753],[-47.851,-5.868],[-47.886,-5.879],[-47.88,-5.944],[-47.904,-5.964],[-47.939,-5.97],[-47.963,-5.939],[-48.0,-5.927],[-48.008,-5.906],[-48.078,-5.881],[-48.09,-5.921],[-48.074,-5.965],[-48.116,-5.973],[-48.148,-6.001],[-48.173,-6.009],[-48.224,-6.004],[-48.203,-6.087],[-48.156,-6.12],[-48.127,-6.113],[-48.091,-6.127],[-48.038,-6.127],[-47.991,-6.157]]]}},{"type":"Feature","properties":{"code":"1703602"},"geometry":{"type":"Polygon","coordinates":[[[-48.637,-8.276],[-48.616,-8.294],[-48.622,-8.334],[-48.598,-8.358],[-48.57,-8.361],[-48.482,-8.423],[-48.446,-8.39],[-48.431,-8.399],[-48.378,-8.391],[-48.36,-8.38],[-48.33,-8.337],[-48.282,-8.338],[-48.323,-8.277],[-48.354,-8.255],[-48.333,-8.239],[-48.314,-8.171],[-48.296,-8.146],[-48.313,-8.131],[-48.349,-8.126],[-48.379,-8.138],[-48.397,-8.172],[-48.427,-8.18],[-48.437,-8.201],[-48.469,-8.215],[-48.49,-8.258],[-48.513,-8.263],[-48.54,-8.23],[-48.582,-8.263],[-48.596,-8.284],[-48.637,-8.276]]]}},{"type":"Feature","properties":{"code":"1711902"},"geometry":{"type":"Polygon","coordinates":[[[-50.67,-11.582],[-50.294,-11.509],[-50.024,-11.456],[-49.678,-11.389],[-49.757,-11.25],[-49.75,-11.222],[-49.771,-11.138],[-49.819,-11.096],[-49.824,-11.025],[-49.798,-10.996],[-49.778,-10.95],[-49.78,-10.933],[-49.757,-10.902],[-49.709,-10.907],[-49.693,-10.926],[-49.665,-10.914],[-49.63,-10.927],[-49.578,-10.889],[-49.572,-10.852],[-49.556,-10.827],[-49.526,-10.805],[-49.508,-10.764],[-49.476,-10.759],[-49.448,-10.723],[-49.493,-10.693],[-49.531,-10.678],[-49.547,-10.62],[-49.586,-10.569],[-49.621,-10.574],[-49.647,-10.551],[-49.701,-10.542],[-49.761,-10.513],[-49.94,-10.57],[-50.244,-10.611],[-50.603,-10.66],[-50.603,-10.661],[-50.591,-10.681],[-50.571,-10.752],[-50.597,-10.805],[-50.612,-10.81],[-50.619,-10.864],[-50.601,-10.901],[-50.633,-10.932],[-50.609,-11.067],[-50.635,-11.097],[-50.664,-11.152],[-50.655,-11.215],[-50.671,-11.287],[-50.7,-11.313],[-50.712,-11.36],[-50.728,-11.383],[-50.728,-11.417],[-50.742,-11.46],[-50.735,-11.512],[-50.739,-11.544],[-50.716,-11.579],[-50.67,-11.582]]]}},{"type":"Feature","properties":{"code":"1703909"},"geometry":{"type":"Polygon","coordinates":[[[-49.995,-9.674],[-49.956,-9.668],[-49.925,-9.684],[-49.85,-9.681],[-49.801,-9.667],[-49.803,-9.639],[-49.787,-9.61],[-49.745,-9.583],[-49.73,-9.591],[-49.684,-9.561],[-49.681,-9.54],[-49.709,-9.484],[-49.712,-9.452],[-49.729,-9.403],[-49.723,-9.349],[-49.709,-9.293],[-49.725,-9.271],[-49.707,-9.243],[-49.712,-9.175],[-49.851,-9.064],[-49.863,-9.082],[-49.905,-9.17],[-49.946,-9.204],[-49.967,-9.231],[-49.973,-9.287],[-49.962,-9.306],[-49.976,-9.375],[-50.001,-9.39],[-49.983,-9.433],[-49.977,-9.479],[-49.994,-9.531],[-49.984,-9.578],[-49.998,-9.607],[-49.989,-9.638],[-49.995,-9.674]]]}},{"type":"Feature","properties":{"code":"1720002"},"geometry":{"type":"Polygon","coordinates":[[[-47.862,-6.541],[-47.827,-6.569],[-47.771,-6.557],[-47.752,-6.513],[-47.731,-6.498],[-47.7,-6.5],[-47.687,-6.481],[-47.649,-6.47],[-47.635,-6.45],[-47.584,-6.416],[-47.596,-6.407],[-47.651,-6.414],[-47.687,-6.404],[-47.77,-6.412],[-47.824,-6.427],[-47.862,-6.541]]]}},{"type":"Feature","properties":{"code":"1703891"},"geometry":{"type":"Polygon","coordinates":[[[-48.064,-5.38],[-47.979,-5.423],[-47.946,-5.383],[-47.937,-5.35],[-48.015,-5.238],[-48.069,-5.271],[-48.055,-5.317],[-48.061,-5.338],[-48.093,-5.366],[-48.064,-5.38]]]}},{"type":"Feature","properties":{"code":"1703883"},"geometry":{"type":"Polygon","coordinates":[[[-48.427,-7.152],[-48.395,-7.138],[-48.333,-7.139],[-48.306,-7.12],[-48.296,-7.047],[-48.309,-6.986],[-48.293,-6.941],[-48.316,-6.925],[-48.393,-6.954],[-48.424,-6.976],[-48.447,-7.023],[-48.444,-7.042],[-48.469,-7.077],[-48.457,-7.126],[-48.427,-7.152]]]}},{"type":"Feature","properties":{"code":"1711803"},"geometry":{"type":"Polygon","coordinates":[[[-49.221,-8.204],[-49.206,-8.241],[-49.172,-8.258],[-49.147,-8.255],[-49.09,-8.221],[-49.028,-8.221],[-48.978,-8.193],[-48.998,-8.154],[-48.985,-8.138],[-48.988,-8.107],[-49.01,-8.084],[-49.053,-8.085],[-49.078,-8.039],[-49.111,-8.012],[-49.176,-8.009],[-49.177,-8.062],[-49.193,-8.076],[-49.207,-8.127],[-49.21,-8.175],[-49.221,-8.204]]]}},{"type":"Feature","properties":{"code":"1720309"},"geometry":{"type":"Polygon","coordinates":[[[-48.405,-5.295],[-48.368,-5.28],[-48.331,-5.281],[-48.322,-5.299],[-48.274,-5.306],[-48.251,-5.318],[-48.171,-5.271],[-48.185,-5.257],[-48.225,-5.236],[-48.293,-5.204],[-48.329,-5.197],[-48.364,-5.168],[-48.473,-5.187],[-48.487,-5.194],[-48.462,-5.241],[-48.437,-5.238],[-48.395,-5.261],[-48.405,-5.295]]]}},{"type":"Feature","properties":{"code":"1703800"},"geometry":{"type":"Polygon","coordinates":[[[-48.251,-5.318],[-48.232,-5.324],[-48.212,-5.364],[-48.132,-5.409],[-48.123,-5.43],[-48.078,-5.438],[-48.064,-5.38],[-48.093,-5.366],[-48.061,-5.338],[-48.055,-5.317],[-48.069,-5.271],[-48.185,-5.257],[-48.171,-5.271],[-48.251,-5.318]]]}},{"type":"Feature","properties":{"code":"1703867"},"geometry":{"type":"Polygon","coordinates":[[[-49.385,-12.149],[-49.34,-12.159],[-49.246,-12.141],[-49.219,-12.115],[-49.197,-12.114],[-49.147,-12.069],[-49.09,-12.088],[-49.066,-12.071],[-49.06,-12.026],[-49.03,-12.005],[-49.024,-11.984],[-48.991,-11.956],[-49.065,-11.905],[-49.094,-11.902],[-49.108,-11.868],[-49.083,-11.801],[-49.111,-11.778],[-49.115,-11.75],[-49.158,-11.735],[-49.167,-11.744],[-49.254,-11.744],[-49.291,-11.753],[-49.334,-11.744],[-49.407,-11.76],[-49.382,-11.784],[-49.376,-11.808],[-49.35,-11.811],[-49.341,-11.839],[-49.283,-11.907],[-49.259,-11.967],[-49.273,-12.003],[-49.32,-12.035],[-49.325,-12.067],[-49.348,-12.11],[-49.385,-12.149]]]}},{"type":"Feature","properties":{"code":"1712157"},"geometry":{"type":"Polygon","coordinates":[[[-46.282,-12.764],[-46.345,-12.757],[-46.37,-12.767],[-46.396,-12.745],[-46.442,-12.771],[-46.488,-12.729],[-46.49,-12.681],[-46.538,-12.693],[-46.596,-12.66],[-46.625,-12.664],[-46.606,-12.732],[-46.573,-12.752],[-46.554,-12.783],[-46.476,-12.802],[-46.444,-12.823],[-46.418,-12.822],[-46.398,-12.851],[-46.366,-12.864],[-46.365,-12.935],[-46.373,-12.986],[-46.305,-12.979],[-46.229,-12.958],[-46.198,-12.957],[-46.113,-12.918],[-46.167,-12.928],[-46.221,-12.95],[-46.265,-12.94],[-46.288,-12.952],[-46.308,-12.942],[-46.312,-12.91],[-46.291,-12.9],[-46.3,-12.857],[-46.275,-12.84],[-46.274,-12.816],[-46.31,-12.796],[-46.282,-12.764]]]}},{"type":"Feature","properties":{"code":"1703842"},"geometry":{"type":"Polygon","coordinates":[[[-46.727,-8.383],[-46.703,-8.348],[-46.633,-8.318],[-46.594,-8.327],[-46.544,-8.317],[-46.508,-8.27],[-46.504,-8.222],[-46.492,-8.193],[-46.515,-8.171],[-46.483,-8.091],[-46.466,-8.073],[-46.48,-8.043],[-46.476,-8.015],[-46.501,-7.973],[-46.55,-7.951],[-46.581,-7.908],[-46.605,-7.897],[-46.723,-7.922],[-46.807,-7.951],[-46.829,-7.962],[-46.883,-7.964],[-46.941,-7.998],[-46.964,-8.039],[-47.015,-8.059],[-47.008,-8.11],[-47.034,-8.157],[-47.048,-8.207],[-47.044,-8.232],[-47.065,-8.268],[-47.14,-8.291],[-47.167,-8.393],[-47.151,-8.425],[-47.128,-8.436],[-47.125,-8.46],[-47.09,-8.474],[-47.06,-8.467],[-47.03,-8.502],[-46.982,-8.496],[-46.931,-8.503],[-46.846,-8.534],[-46.849,-8.475],[-46.824,-8.475],[-46.8,-8.454],[-46.803,-8.406],[-46.777,-8.368],[-46.727,-8.383]]]}},{"type":"Feature","properties":{"code":"1703826"},"geometry":{"type":"Polygon","coordinates":[[[-47.991,-6.157],[-47.972,-6.184],[-47.889,-6.142],[-47.853,-6.149],[-47.767,-6.149],[-47.738,-6.116],[-47.716,-6.037],[-47.692,-6.017],[-47.755,-6.015],[-47.862,-6.029],[-47.893,-6.02],[-47.909,-6.073],[-47.971,-6.065],[-47.956,-6.092],[-47.956,-6.133],[-47.991,-6.157]]]}},{"type":"Feature","properties":{"code":"1720150"},"geometry":{"type":"Polygon","coordinates":[[[-46.949,-10.175],[-46.902,-10.194],[-46.859,-10.193],[-46.817,-10.16],[-46.799,-10.164],[-46.753,-10.149],[-46.68,-10.163],[-46.653,-10.196],[-46.608,-10.226],[-46.535,-10.203],[-46.478,-10.204],[-46.428,-10.217],[-46.393,-10.213],[-46.37,-10.224],[-46.321,-10.209],[-46.283,-10.228],[-46.262,-10.197],[-46.218,-10.197],[-46.195,-10.183],[-46.211,-10.17],[-46.268,-10.181],[-46.325,-10.183],[-46.368,-10.169],[-46.384,-10.12],[-46.421,-10.081],[-46.445,-10.077],[-46.457,-10.018],[-46.477,-9.99],[-46.466,-9.937],[-46.475,-9.905],[-46.509,-9.864],[-46.553,-9.856],[-46.594,-9.895],[-46.658,-9.917],[-46.721,-9.914],[-46.734,-9.931],[-46.783,-9.95],[-46.813,-9.975],[-46.861,-9.966],[-46.886,-9.977],[-46.975,-9.989],[-47.016,-10.002],[-47.036,-10.032],[-47.094,-10.072],[-47.05,-10.102],[-47.048,-10.121],[-46.994,-10.136],[-46.949,-10.175]]]}},{"type":"Feature","properties":{"code":"1720259"},"geometry":{"type":"Polygon","coordinates":[[[-48.447,-12.437],[-48.459,-12.448],[-48.453,-12.495],[-48.47,-12.545],[-48.457,-12.569],[-48.475,-12.607],[-48.505,-12.609],[-48.518,-12.642],[-48.526,-12.707],[-48.546,-12.731],[-48.524,-12.779],[-48.502,-12.79],[-48.472,-12.8],[-48.431,-12.842],[-48.383,-12.812],[-48.327,-12.807],[-48.261,-12.832],[-48.221,-12.838],[-48.24,-12.804],[-48.226,-12.746],[-48.267,-12.744],[-48.244,-12.705],[-48.287,-12.675],[-48.272,-12.636],[-48.275,-12.606],[-48.255,-12.59],[-48.288,-12.567],[-48.233,-12.541],[-48.231,-12.495],[-48.212,-12.464],[-48.262,-12.462],[-48.261,-12.435],[-48.228,-12.391],[-48.257,-12.345],[-48.256,-12.312],[-48.313,-12.269],[-48.336,-12.253],[-48.387,-12.235],[-48.396,-12.328],[-48.387,-12.364],[-48.408,-12.42],[-48.447,-12.437]]]}},{"type":"Feature","properties":{"code":"1711951"},"geometry":{"type":"Polygon","coordinates":[[[-47.303,-10.441],[-47.323,-10.418],[-47.33,-10.383],[-47.363,-10.377],[-47.376,-10.353],[-47.377,-10.313],[-47.353,-10.282],[-47.367,-10.241],[-47.414,-10.239],[-47.411,-10.201],[-47.448,-10.159],[-47.474,-10.19],[-47.511,-10.175],[-47.543,-10.179],[-47.57,-10.165],[-47.582,-10.184],[-47.568,-10.246],[-47.645,-10.265],[-47.634,-10.293],[-47.642,-10.325],[-47.621,-10.339],[-47.67,-10.384],[-47.669,-10.393],[-47.54,-10.425],[-47.496,-10.461],[-47.463,-10.531],[-47.394,-10.51],[-47.303,-10.441]]]}},{"type":"Feature","properties":{"code":"1720200"},"geometry":{"type":"Polygon","coordinates":[[[-47.593,-5.676],[-47.546,-5.675],[-47.508,-5.637],[-47.477,-5.637],[-47.48,-5.622],[-47.483,-5.565],[-47.5,-5.526],[-47.56,-5.463],[-47.581,-5.47],[-47.619,-5.46],[-47.68,-5.415],[-47.706,-5.447],[-47.713,-5.505],[-47.726,-5.514],[-47.748,-5.572],[-47.677,-5.569],[-47.653,-5.541],[-47.59,-5.565],[-47.593,-5.676]]]}},{"type":"Feature","properties":{"code":"1703206"},"geometry":{"type":"Polygon","coordinates":[[[-48.786,-8.098],[-48.808,-8.005],[-48.797,-7.983],[-48.819,-7.942],[-48.82,-7.904],[-48.849,-7.887],[-48.881,-7.877],[-48.906,-7.849],[-48.938,-7.854],[-48.965,-7.871],[-49.031,-7.872],[-49.054,-7.882],[-49.167,-7.856],[-49.163,-7.921],[-49.182,-7.977],[-49.176,-8.009],[-49.111,-8.012],[-49.078,-8.039],[-49.053,-8.085],[-49.01,-8.084],[-48.979,-8.106],[-48.896,-8.104],[-48.861,-8.113],[-48.848,-8.13],[-48.811,-8.124],[-48.786,-8.098]]]}},{"type":"Feature","properties":{"code":"1712009"},"geometry":{"type":"Polygon","coordinates":[[[-48.228,-9.951],[-48.189,-9.911],[-48.206,-9.884],[-48.232,-9.867],[-48.259,-9.772],[-48.257,-9.751],[-48.295,-9.755],[-48.336,-9.73],[-48.365,-9.696],[-48.362,-9.746],[-48.375,-9.792],[-48.338,-9.819],[-48.337,-9.885],[-48.368,-9.923],[-48.342,-9.936],[-48.289,-9.929],[-48.285,-9.965],[-48.268,-9.979],[-48.223,-9.963],[-48.228,-9.951]]]}},{"type":"Feature","properties":{"code":"1703008"},"geometry":{"type":"Polygon","coordinates":[[[-47.684,-7.245],[-47.737,-7.217],[-47.75,-7.195],[-47.745,-7.162],[-47.711,-7.138],[-47.66,-7.151],[-47.627,-7.122],[-47.618,-7.091],[-47.547,-7.017],[-47.575,-6.997],[-47.635,-6.988],[-47.706,-6.91],[-47.755,-6.906],[-47.734,-6.984],[-47.871,-7.025],[-48.139,-7.123],[-48.103,-7.164],[-48.079,-7.17],[-48.096,-7.209],[-48.073,-7.223],[-48.075,-7.311],[-48.046,-7.358],[-47.983,-7.411],[-47.916,-7.385],[-47.898,-7.395],[-47.876,-7.373],[-47.849,-7.384],[-47.822,-7.369],[-47.765,-7.356],[-47.702,-7.287],[-47.684,-7.245]]]}},{"type":"Feature","properties":{"code":"1703107"},"geometry":{"type":"Polygon","coordinates":[[[-48.824,-10.057],[-48.772,-10.014],[-48.745,-9.971],[-48.731,-9.907],[-48.697,-9.892],[-48.654,-9.903],[-48.625,-9.865],[-48.63,-9.831],[-48.658,-9.785],[-48.653,-9.756],[-48.705,-9.771],[-48.755,-9.754],[-48.765,-9.735],[-48.795,-9.747],[-48.83,-9.746],[-48.861,-9.73],[-48.861,-9.757],[-48.888,-9.771],[-48.93,-9.745],[-48.972,-9.84],[-48.968,-9.853],[-48.932,-9.828],[-48.895,-9.836],[-48.851,-9.899],[-48.882,-10.001],[-48.901,-10.027],[-48.889,-10.063],[-48.881,-10.026],[-48.824,-10.057]]]}},{"type":"Feature","properties":{"code":"1703073"},"geometry":{"type":"Polygon","coordinates":[[[-47.719,-7.697],[-47.733,-7.745],[-47.714,-7.815],[-47.688,-7.825],[-47.695,-7.854],[-47.655,-7.912],[-47.62,-7.924],[-47.601,-7.964],[-47.581,-7.962],[-47.555,-7.992],[-47.51,-7.964],[-47.464,-7.97],[-47.465,-7.934],[-47.501,-7.912],[-47.505,-7.868],[-47.472,-7.83],[-47.482,-7.767],[-47.507,-7.768],[-47.525,-7.741],[-47.562,-7.728],[-47.51,-7.661],[-47.506,-7.634],[-47.471,-7.606],[-47.453,-7.563],[-47.43,-7.547],[-47.429,-7.525],[-47.462,-7.519],[-47.496,-7.481],[-47.503,-7.439],[-47.528,-7.433],[-47.561,-7.45],[-47.592,-7.44],[-47.634,-7.503],[-47.622,-7.524],[-47.632,-7.571],[-47.629,-7.617],[-47.651,-7.655],[-47.719,-7.697]]]}},{"type":"Feature","properties":{"code":"1703057"},"geometry":{"type":"Polygon","coordinates":[[[-48.637,-8.276],[-48.639,-8.235],[-48.616,-8.205],[-48.63,-8.173],[-48.619,-8.132],[-48.651,-8.113],[-48.627,-8.073],[-48.633,-8.024],[-48.62,-7.985],[-48.63,-7.965],[-48.613,-7.94],[-48.592,-7.938],[-48.548,-7.904],[-48.498,-7.853],[-48.499,-7.817],[-48.518,-7.736],[-48.556,-7.703],[-48.559,-7.678],[-48.601,-7.662],[-48.614,-7.623],[-48.661,-7.623],[-48.686,-7.587],[-48.706,-7.579],[-48.758,-7.604],[-48.741,-7.642],[-48.778,-7.792],[-48.806,-7.863],[-48.849,-7.887],[-48.82,-7.904],[-48.819,-7.942],[-48.797,-7.983],[-48.808,-8.005],[-48.786,-8.098],[-48.728,-8.183],[-48.711,-8.184],[-48.703,-8.219],[-48.69,-8.238],[-48.692,-8.277],[-48.668,-8.283],[-48.665,-8.316],[-48.637,-8.353],[-48.635,-8.4],[-48.622,-8.334],[-48.616,-8.294],[-48.637,-8.276]]]}},{"type":"Feature","properties":{"code":"1703305"},"geometry":{"type":"Polygon","coordinates":[[[-47.543,-8.938],[-47.59,-8.886],[-47.619,-8.951],[-47.689,-8.951],[-47.746,-8.969],[-47.793,-8.947],[-47.835,-8.958],[-47.921,-8.956],[-47.926,-8.937],[-48.0,-8.881],[-48.073,-8.873],[-48.096,-8.862],[-48.126,-8.821],[-48.139,-8.835],[-48.17,-8.897],[-48.179,-8.955],[-48.139,-9.005],[-48.114,-9.049],[-48.071,-9.079],[-48.051,-9.08],[-48.004,-9.127],[-47.955,-9.116],[-47.93,-9.137],[-47.891,-9.135],[-47.86,-9.113],[-47.801,-9.112],[-47.772,-9.12],[-47.718,-9.084],[-47.705,-9.119],[-47.719,-9.134],[-47.713,-9.169],[-47.685,-9.184],[-47.649,-9.173],[-47.617,-9.14],[-47.625,-9.081],[-47.606,-9.049],[-47.611,-9.028],[-47.543,-8.938]]]}},{"type":"Feature","properties":{"code":"1702703"},"geometry":{"type":"Polygon","coordinates":[[[-46.625,-12.664],[-46.596,-12.66],[-46.538,-12.693],[-46.49,-12.681],[-46.488,-12.729],[-46.442,-12.771],[-46.396,-12.745],[-46.37,-12.767],[-46.345,-12.757],[-46.282,-12.764],[-46.268,-12.716],[-46.292,-12.708],[-46.303,-12.685],[-46.268,-12.666],[-46.268,-12.651],[-46.307,-12.637],[-46.276,-12.594],[-46.27,-12.551],[-46.225,-12.528],[-46.198,-12.504],[-46.268,-12.53],[-46.299,-12.528],[-46.339,-12.542],[-46.391,-12.578],[-46.439,-12.582],[-46.465,-12.565],[-46.52,-12.581],[-46.54,-12.576],[-46.572,-12.596],[-46.594,-12.582],[-46.616,-12.596],[-46.66,-12.597],[-46.684,-12.572],[-46.706,-12.585],[-46.645,-12.658],[-46.625,-12.664]]]}},{"type":"Feature","properties":{"code":"1711506"},"geometry":{"type":"Polygon","coordinates":[[[-48.87,-12.803],[-48.847,-12.809],[-48.84,-12.843],[-48.775,-12.887],[-48.736,-12.921],[-48.732,-12.985],[-48.717,-13.002],[-48.67,-12.996],[-48.636,-13.02],[-48.628,-13.051],[-48.6,-13.059],[-48.576,-13.124],[-48.593,-13.158],[-48.579,-13.17],[-48.589,-13.255],[-48.6,-13.288],[-48.58,-13.313],[-48.554,-13.303],[-48.554,-13.204],[-48.53,-13.192],[-48.516,-13.139],[-48.498,-13.113],[-48.49,-13.079],[-48.514,-13.061],[-48.512,-12.986],[-48.53,-12.976],[-48.563,-12.931],[-48.546,-12.898],[-48.555,-12.868],[-48.517,-12.832],[-48.529,-12.811],[-48.502,-12.79],[-48.524,-12.779],[-48.546,-12.731],[-48.526,-12.707],[-48.518,-12.642],[-48.505,-12.609],[-48.475,-12.607],[-48.457,-12.569],[-48.47,-12.545],[-48.453,-12.495],[-48.459,-12.448],[-48.447,-12.437],[-48.481,-12.414],[-48.505,-12.421],[-48.53,-12.454],[-48.565,-12.462],[-48.579,-12.491],[-48.612,-12.498],[-48.653,-12.479],[-48.697,-12.443],[-48.682,-12.414],[-48.711,-12.4],[-48.782,-12.434],[-48.798,-12.512],[-48.814,-12.525],[-48.808,-12.554],[-48.836,-12.56],[-48.852,-12.593],[-48.84,-12.635],[-48.779,-12.657],[-48.79,-12.681],[-48.773,-12.722],[-48.836,-12.741],[-48.813,-12.77],[-48.812,-12.794],[-48.855,-12.785],[-48.87,-12.803]]]}},{"type":"Feature","properties":{"code":"1719004"},"geometry":{"type":"Polygon","coordinates":[[[-47.669,-10.393],[-47.67,-10.384],[-47.621,-10.339],[-47.642,-10.325],[-47.634,-10.293],[-47.645,-10.265],[-47.568,-10.246],[-47.621,-10.232],[-47.674,-10.197],[-47.754,-10.184],[-47.761,-10.167],[-47.794,-10.164],[-47.814,-10.206],[-47.831,-10.265],[-47.858,-10.289],[-47.856,-10.31],[-47.868,-10.331],[-47.865,-10.376],[-47.838,-10.395],[-47.823,-10.408],[-47.776,-10.407],[-47.762,-10.418],[-47.71,-10.399],[-47.669,-10.393]]]}},{"type":"Feature","properties":{"code":"1710904"},"geometry":{"type":"Polygon","coordinates":[[[-48.133,-8.544],[-48.13,-8.635],[-48.099,-8.661],[-48.029,-8.667],[-48.017,-8.651],[-48.024,-8.623],[-47.976,-8.606],[-47.946,-8.572],[-47.971,-8.537],[-47.995,-8.525],[-47.961,-8.489],[-47.947,-8.458],[-47.983,-8.414],[-47.992,-8.363],[-47.949,-8.323],[-47.966,-8.298],[-47.958,-8.28],[-47.977,-8.207],[-47.952,-8.179],[-47.932,-8.185],[-47.902,-8.165],[-47.884,-8.074],[-47.914,-7.978],[-47.955,-7.926],[-47.959,-7.948],[-47.946,-8.049],[-47.983,-8.072],[-48.044,-8.088],[-48.104,-8.085],[-48.135,-8.115],[-48.153,-8.15],[-48.162,-8.197],[-48.145,-8.231],[-48.133,-8.288],[-48.128,-8.367],[-48.086,-8.415],[-48.084,-8.469],[-48.1,-8.517],[-48.133,-8.544]]]}},{"type":"Feature","properties":{"code":"1718907"},"geometry":{"type":"Polygon","coordinates":[[[-48.174,-11.605],[-48.14,-11.619],[-48.116,-11.594],[-48.071,-11.587],[-48.014,-11.595],[-47.99,-11.57],[-47.946,-11.48],[-47.931,-11.466],[-47.923,-11.415],[-47.909,-11.396],[-47.845,-11.373],[-47.805,-11.351],[-47.816,-11.33],[-47.81,-11.29],[-47.776,-11.272],[-47.772,-11.236],[-47.803,-11.209],[-47.851,-11.218],[-47.867,-11.204],[-47.903,-11.234],[-47.961,-11.253],[-47.994,-11.245],[-48.022,-11.266],[-48.072,-11.28],[-48.096,-11.319],[-48.134,-11.308],[-48.156,-11.27],[-48.259,-11.282],[-48.284,-11.297],[-48.349,-11.289],[-48.385,-11.272],[-48.423,-11.273],[-48.454,-11.262],[-48.459,-11.307],[-48.436,-11.345],[-48.401,-11.367],[-48.344,-11.423],[-48.36,-11.446],[-48.338,-11.471],[-48.293,-11.496],[-48.285,-11.536],[-48.251,-11.548],[-48.214,-11.589],[-48.2,-11.578],[-48.174,-11.605]]]}},{"type":"Feature","properties":{"code":"1702554"},"geometry":{"type":"Polygon","coordinates":[[[-47.84,-5.602],[-47.86,-5.566],[-47.855,-5.46],[-47.831,-5.444],[-47.828,-5.387],[-47.87,-5.417],[-47.912,-5.406],[-47.936,-5.418],[-47.929,-5.449],[-47.979,-5.423],[-48.064,-5.38],[-48.078,-5.438],[-48.011,-5.481],[-48.007,-5.503],[-47.98,-5.527],[-47.968,-5.559],[-47.917,-5.585],[-47.886,-5.633],[-47.875,-5.666],[-47.839,-5.65],[-47.84,-5.602]]]}},{"type":"Feature","properties":{"code":"1718899"},"geometry":{"type":"Polygon","coordinates":[[[-49.556,-10.827],[-49.572,-10.852],[-49.578,-10.889],[-49.63,-10.927],[-49.665,-10.914],[-49.693,-10.926],[-49.709,-10.907],[-49.757,-10.902],[-49.78,-10.933],[-49.778,-10.95],[-49.798,-10.996],[-49.773,-11.005],[-49.74,-11.052],[-49.722,-11.059],[-49.693,-11.1],[-49.656,-11.127],[-49.619,-11.131],[-49.586,-11.161],[-49.502,-11.187],[-49.443,-11.173],[-49.426,-11.168],[-49.377,-11.112],[-49.314,-11.098],[-49.287,-11.126],[-49.236,-11.103],[-49.213,-11.111],[-49.191,-11.074],[-49.167,-11.078],[-49.152,-11.104],[-49.099,-11.113],[-49.051,-11.131],[-48.944,-11.114],[-48.924,-11.095],[-48.858,-11.104],[-48.829,-11.055],[-48.853,-10.968],[-48.851,-10.938],[-48.872,-10.916],[-48.869,-10.885],[-48.884,-10.851],[-48.905,-10.844],[-48.999,-10.841],[-49.015,-10.777],[-49.074,-10.815],[-49.113,-10.816],[-49.153,-10.793],[-49.203,-10.8],[-49.219,-10.77],[-49.242,-10.754],[-49.273,-10.757],[-49.338,-10.74],[-49.389,-10.759],[-49.441,-10.803],[-49.501,-10.822],[-49.515,-10.837],[-49.556,-10.827]]]}},{"type":"Feature","properties":{"code":"1718881"},"geometry":{"type":"Polygon","coordinates":[[[-48.126,-8.821],[-48.096,-8.862],[-48.073,-8.873],[-48.0,-8.881],[-47.926,-8.937],[-47.921,-8.956],[-47.835,-8.958],[-47.793,-8.947],[-47.746,-8.969],[-47.689,-8.951],[-47.619,-8.951],[-47.59,-8.886],[-47.543,-8.938],[-47.474,-8.797],[-47.518,-8.812],[-47.529,-8.831],[-47.559,-8.838],[-47.608,-8.811],[-47.685,-8.8],[-47.701,-8.762],[-47.68,-8.7],[-47.744,-8.73],[-47.786,-8.74],[-47.814,-8.736],[-47.858,-8.746],[-47.924,-8.734],[-47.944,-8.687],[-48.017,-8.651],[-48.029,-8.667],[-48.099,-8.661],[-48.13,-8.635],[-48.123,-8.674],[-48.128,-8.741],[-48.112,-8.765],[-48.126,-8.821]]]}},{"type":"Feature","properties":{"code":"1710706"},"geometry":{"type":"Polygon","coordinates":[[[-47.7,-5.929],[-47.62,-5.926],[-47.588,-5.931],[-47.517,-5.88],[-47.454,-5.874],[-47.438,-5.857],[-47.442,-5.831],[-47.483,-5.759],[-47.493,-5.71],[-47.474,-5.662],[-47.477,-5.637],[-47.508,-5.637],[-47.546,-5.675],[-47.593,-5.676],[-47.751,-5.768],[-47.759,-5.77],[-47.75,-5.807],[-47.735,-5.821],[-47.739,-5.854],[-47.717,-5.87],[-47.732,-5.902],[-47.7,-5.929]]]}},{"type":"Feature","properties":{"code":"1702901"},"geometry":{"type":"Polygon","coordinates":[[[-47.751,-5.768],[-47.753,-5.714],[-47.712,-5.639],[-47.694,-5.63],[-47.678,-5.596],[-47.84,-5.602],[-47.839,-5.65],[-47.8,-5.676],[-47.776,-5.706],[-47.759,-5.77],[-47.751,-5.768]]]}},{"type":"Feature","properties":{"code":"1718865"},"geometry":{"type":"Polygon","coordinates":[[[-49.186,-7.197],[-49.119,-7.208],[-49.071,-7.227],[-49.029,-7.254],[-48.997,-7.251],[-48.965,-7.231],[-48.931,-7.23],[-48.877,-7.254],[-48.803,-7.267],[-48.753,-7.263],[-48.685,-7.282],[-48.667,-7.133],[-48.668,-7.117],[-48.704,-7.096],[-48.732,-7.055],[-48.761,-7.048],[-48.771,-7.089],[-48.811,-7.106],[-48.898,-7.048],[-48.932,-6.992],[-49.005,-6.952],[-49.014,-6.884],[-49.027,-6.862],[-49.019,-6.829],[-49.038,-6.809],[-49.083,-6.843],[-49.115,-6.87],[-49.172,-6.893],[-49.209,-6.925],[-49.217,-6.962],[-49.194,-7.041],[-49.194,-7.13],[-49.186,-7.197]]]}},{"type":"Feature","properties":{"code":"1711100"},"geometry":{"type":"Polygon","coordinates":[[[-48.677,-8.688],[-48.634,-8.631],[-48.631,-8.6],[-48.654,-8.542],[-48.642,-8.52],[-48.672,-8.48],[-48.655,-8.418],[-48.635,-8.4],[-48.637,-8.353],[-48.665,-8.316],[-48.668,-8.283],[-48.692,-8.277],[-48.69,-8.238],[-48.703,-8.219],[-48.76,-8.191],[-48.857,-8.43],[-48.917,-8.495],[-48.907,-8.549],[-48.858,-8.598],[-48.821,-8.593],[-48.77,-8.607],[-48.737,-8.634],[-48.711,-8.629],[-48.7,-8.655],[-48.677,-8.666],[-48.677,-8.688]]]}},{"type":"Feature","properties":{"code":"1702109"},"geometry":{"type":"Polygon","coordinates":[[[-48.592,-7.562],[-48.6,-7.542],[-48.586,-7.491],[-48.59,-7.446],[-48.552,-7.448],[-48.519,-7.439],[-48.481,-7.45],[-48.471,-7.484],[-48.434,-7.504],[-48.399,-7.503],[-48.376,-7.472],[-48.331,-7.446],[-48.292,-7.453],[-48.282,-7.482],[-48.201,-7.503],[-48.185,-7.523],[-48.151,-7.528],[-48.086,-7.548],[-48.106,-7.478],[-48.079,-7.45],[-48.046,-7.358],[-48.075,-7.311],[-48.073,-7.223],[-48.096,-7.209],[-48.079,-7.17],[-48.103,-7.164],[-48.139,-7.123],[-48.181,-7.127],[-48.194,-7.109],[-48.197,-7.066],[-48.184,-7.015],[-48.227,-6.988],[-48.255,-6.991],[-48.29,-6.963],[-48.293,-6.941],[-48.309,-6.986],[-48.296,-7.047],[-48.306,-7.12],[-48.333,-7.139],[-48.395,-7.138],[-48.427,-7.152],[-48.44,-7.176],[-48.488,-7.212],[-48.482,-7.257],[-48.517,-7.301],[-48.544,-7.311],[-48.562,-7.277],[-48.685,-7.282],[-48.753,-7.263],[-48.803,-7.267],[-48.877,-7.254],[-48.931,-7.23],[-48.965,-7.231],[-48.997,-7.251],[-49.029,-7.254],[-49.071,-7.227],[-49.119,-7.208],[-49.186,-7.197],[-49.185,-7.235],[-49.234,-7.329],[-49.264,-7.364],[-49.258,-7.419],[-49.239,-7.445],[-49.241,-7.481],[-49.202,-7.503],[-49.188,-7.495],[-49.07,-7.502],[-49.012,-7.5],[-49.005,-7.477],[-48.952,-7.441],[-48.925,-7.481],[-48.884,-7.445],[-48.83,-7.456],[-48.803,-7.444],[-48.787,-7.485],[-48.74,-7.487],[-48.727,-7.497],[-48.674,-7.49],[-48.637,-7.497],[-48.628,-7.528],[-48.592,-7.562]]]}},{"type":"Feature","properties":{"code":"1702208"},"geometry":{"type":"Polygon","coordinates":[[[-48.233,-5.948],[-48.241,-5.989],[-48.224,-6.004],[-48.173,-6.009],[-48.148,-6.001],[-48.116,-5.973],[-48.074,-5.965],[-48.09,-5.921],[-48.078,-5.881],[-48.008,-5.906],[-48.0,-5.927],[-47.963,-5.939],[-47.939,-5.97],[-47.904,-5.964],[-47.88,-5.944],[-47.886,-5.879],[-47.851,-5.868],[-47.864,-5.753],[-47.827,-5.749],[-47.775,-5.774],[-47.759,-5.77],[-47.776,-5.706],[-47.8,-5.676],[-47.839,-5.65],[-47.875,-5.666],[-47.886,-5.633],[-47.917,-5.585],[-47.968,-5.559],[-47.98,-5.527],[-48.007,-5.503],[-48.011,-5.481],[-48.078,-5.438],[-48.123,-5.43],[-48.132,-5.409],[-48.212,-5.364],[-48.232,-5.324],[-48.251,-5.318],[-48.274,-5.306],[-48.322,-5.299],[-48.331,-5.281],[-48.368,-5.28],[-48.405,-5.295],[-48.406,-5.314],[-48.45,-5.335],[-48.441,-5.408],[-48.394,-5.394],[-48.373,-5.403],[-48.347,-5.435],[-48.328,-5.497],[-48.279,-5.54],[-48.195,-5.563],[-48.138,-5.603],[-48.141,-5.654],[-48.172,-5.709],[-48.231,-5.729],[-48.276,-5.726],[-48.29,-5.744],[-48.3,-5.796],[-48.292,-5.837],[-48.23,-5.923],[-48.233,-5.948]]]}},{"type":"Feature","properties":{"code":"1702158"},"geometry":{"type":"Polygon","coordinates":[[[-48.386,-6.852],[-48.427,-6.838],[-48.459,-6.805],[-48.471,-6.764],[-48.455,-6.725],[-48.456,-6.692],[-48.475,-6.662],[-48.515,-6.668],[-48.556,-6.636],[-48.574,-6.634],[-48.605,-6.583],[-48.625,-6.58],[-48.634,-6.491],[-48.646,-6.509],[-48.664,-6.568],[-48.652,-6.64],[-48.666,-6.664],[-48.643,-6.726],[-48.664,-6.754],[-48.631,-6.826],[-48.601,-6.834],[-48.59,-6.854],[-48.55,-6.859],[-48.549,-6.879],[-48.565,-6.945],[-48.499,-6.984],[-48.461,-6.958],[-48.424,-6.976],[-48.393,-6.954],[-48.316,-6.925],[-48.313,-6.899],[-48.341,-6.895],[-48.362,-6.861],[-48.386,-6.852]]]}},{"type":"Feature","properties":{"code":"1718501"},"geometry":{"type":"Polygon","coordinates":[[[-47.404,-8.795],[-47.37,-8.852],[-47.287,-8.828],[-47.249,-8.838],[-47.218,-8.86],[-47.231,-8.893],[-47.238,-8.959],[-47.194,-8.945],[-47.178,-8.931],[-47.139,-8.923],[-47.065,-8.953],[-47.038,-9.001],[-47.021,-8.988],[-47.011,-8.947],[-46.97,-8.915],[-46.993,-8.879],[-46.918,-8.857],[-46.903,-8.815],[-46.905,-8.775],[-46.926,-8.735],[-46.914,-8.709],[-46.887,-8.687],[-46.916,-8.648],[-46.898,-8.601],[-46.902,-8.586],[-46.846,-8.534],[-46.931,-8.503],[-46.982,-8.496],[-47.03,-8.502],[-47.06,-8.467],[-47.09,-8.474],[-47.125,-8.46],[-47.128,-8.436],[-47.151,-8.425],[-47.167,-8.393],[-47.231,-8.475],[-47.251,-8.48],[-47.269,-8.54],[-47.331,-8.637],[-47.316,-8.684],[-47.325,-8.719],[-47.303,-8.746],[-47.371,-8.774],[-47.404,-8.795]]]}},{"type":"Feature","properties":{"code":"1702000"},"geometry":{"type":"Polygon","coordinates":[[[-49.368,-13.272],[-49.339,-13.253],[-49.349,-13.217],[-49.342,-13.124],[-49.355,-13.107],[-49.336,-13.063],[-49.303,-13.029],[-49.28,-12.989],[-49.281,-12.97],[-49.251,-12.93],[-49.238,-12.884],[-49.254,-12.874],[-49.262,-12.84],[-49.292,-12.814],[-49.348,-12.79],[-49.35,-12.724],[-49.329,-12.628],[-49.345,-12.61],[-49.362,-12.533],[-49.411,-12.507],[-49.428,-12.486],[-49.493,-12.487],[-49.51,-12.447],[-49.557,-12.418],[-49.544,-12.487],[-49.523,-12.531],[-49.573,-12.569],[-49.615,-12.611],[-49.637,-12.609],[-49.708,-12.634],[-49.748,-12.693],[-49.788,-12.704],[-49.812,-12.684],[-49.836,-12.687],[-49.894,-12.659],[-49.915,-12.668],[-49.97,-12.642],[-50.042,-12.661],[-50.076,-12.622],[-50.11,-12.61],[-50.134,-12.622],[-50.168,-12.614],[-50.193,-12.564],[-50.245,-12.598],[-50.237,-12.624],[-50.268,-12.652],[-50.296,-12.711],[-50.311,-12.792],[-50.308,-12.817],[-50.286,-12.84],[-50.225,-12.86],[-50.224,-12.873],[-50.185,-12.894],[-50.09,-12.908],[-49.978,-12.941],[-49.909,-12.975],[-49.707,-13.086],[-49.368,-13.272]]]}},{"type":"Feature","properties":{"code":"1718550"},"geometry":{"type":"Polygon","coordinates":[[[-48.288,-6.449],[-48.27,-6.437],[-48.216,-6.451],[-48.191,-6.478],[-48.181,-6.505],[-48.136,-6.532],[-48.125,-6.585],[-48.058,-6.603],[-48.023,-6.587],[-48.015,-6.569],[-48.026,-6.525],[-48.018,-6.491],[-47.976,-6.472],[-47.966,-6.427],[-47.977,-6.417],[-48.018,-6.422],[-48.026,-6.435],[-48.072,-6.431],[-48.103,-6.442],[-48.128,-6.423],[-48.132,-6.366],[-48.167,-6.347],[-48.22,-6.347],[-48.279,-6.357],[-48.316,-6.38],[-48.336,-6.377],[-48.305,-6.402],[-48.288,-6.449]]]}},{"type":"Feature","properties":{"code":"1718402"},"geometry":{"type":"Polygon","coordinates":[[[-48.293,-8.522],[-48.294,-8.5],[-48.277,-8.47],[-48.296,-8.458],[-48.295,-8.431],[-48.275,-8.403],[-48.265,-8.362],[-48.282,-8.338],[-48.33,-8.337],[-48.36,-8.38],[-48.378,-8.391],[-48.431,-8.399],[-48.446,-8.39],[-48.482,-8.423],[-48.57,-8.361],[-48.598,-8.358],[-48.622,-8.334],[-48.635,-8.4],[-48.655,-8.418],[-48.672,-8.48],[-48.642,-8.52],[-48.569,-8.52],[-48.547,-8.544],[-48.488,-8.565],[-48.463,-8.594],[-48.394,-8.562],[-48.347,-8.552],[-48.293,-8.522]]]}},{"type":"Feature","properties":{"code":"1702406"},"geometry":{"type":"Polygon","coordinates":[[[-47.569,-13.117],[-47.565,-13.18],[-47.541,-13.192],[-47.477,-13.187],[-47.488,-13.212],[-47.454,-13.252],[-47.417,-13.271],[-47.393,-13.262],[-47.38,-13.231],[-47.327,-13.252],[-47.296,-13.249],[-47.281,-13.265],[-47.252,-13.213],[-47.225,-13.194],[-47.197,-13.194],[-47.155,-13.21],[-47.133,-13.178],[-47.092,-13.173],[-47.011,-13.141],[-46.978,-13.121],[-46.894,-13.054],[-46.855,-13.068],[-46.823,-13.007],[-46.751,-12.969],[-46.635,-12.97],[-46.621,-12.886],[-46.624,-12.853],[-46.593,-12.805],[-46.593,-12.759],[-46.606,-12.732],[-46.625,-12.664],[-46.645,-12.658],[-46.706,-12.585],[-46.738,-12.576],[-46.748,-12.552],[-46.776,-12.54],[-46.808,-12.494],[-46.894,-12.463],[-46.902,-12.402],[-46.947,-12.377],[-46.981,-12.367],[-47.047,-12.37],[-47.086,-12.351],[-47.117,-12.362],[-47.144,-12.369],[-47.17,-12.399],[-47.233,-12.432],[-47.266,-12.421],[-47.293,-12.449],[-47.233,-12.517],[-47.251,-12.563],[-47.21,-12.608],[-47.245,-12.635],[-47.27,-12.671],[-47.31,-12.688],[-47.372,-12.704],[-47.345,-12.76],[-47.293,-12.792],[-47.283,-12.817],[-47.257,-12.837],[-47.317,-12.855],[-47.32,-12.877],[-47.364,-12.929],[-47.407,-12.943],[-47.44,-12.934],[-47.456,-12.957],[-47.435,-12.979],[-47.435,-13.022],[-47.417,-13.025],[-47.395,-13.076],[-47.4,-13.12],[-47.49,-13.111],[-47.516,-13.135],[-47.569,-13.117]]]}},{"type":"Feature","properties":{"code":"1718451"},"geometry":{"type":"Polygon","coordinates":[[[-48.725,-10.407],[-48.74,-10.389],[-48.791,-10.399],[-48.82,-10.396],[-48.856,-10.373],[-48.877,-10.32],[-48.915,-10.297],[-48.959,-10.304],[-48.974,-10.348],[-48.971,-10.372],[-48.982,-10.38],[-48.963,-10.425],[-48.981,-10.452],[-48.94,-10.478],[-48.939,-10.518],[-48.916,-10.537],[-48.877,-10.541],[-48.847,-10.515],[-48.805,-10.494],[-48.81,-10.473],[-48.771,-10.459],[-48.755,-10.414],[-48.725,-10.407]]]}},{"type":"Feature","properties":{"code":"1718758"},"geometry":{"type":"Polygon","coordinates":[[[-47.841,-9.878],[-47.82,-9.884],[-47.789,-9.922],[-47.751,-9.927],[-47.717,-9.95],[-47.666,-9.964],[-47.614,-9.989],[-47.6,-9.979],[-47.52,-9.983],[-47.455,-9.998],[-47.414,-10.038],[-47.309,-10.039],[-47.278,-10.057],[-47.204,-10.02],[-47.199,-9.955],[-47.178,-9.954],[-47.143,-9.875],[-47.116,-9.843],[-47.079,-9.819],[-47.072,-9.8],[-47.091,-9.765],[-47.083,-9.745],[-47.1,-9.692],[-47.066,-9.645],[-47.089,-9.568],[-47.097,-9.515],[-47.082,-9.487],[-47.098,-9.459],[-47.153,-9.423],[-47.179,-9.422],[-47.198,-9.4],[-47.227,-9.396],[-47.263,-9.338],[-47.325,-9.322],[-47.346,-9.287],[-47.381,-9.25],[-47.412,-9.236],[-47.468,-9.244],[-47.501,-9.261],[-47.519,-9.291],[-47.563,-9.316],[-47.596,-9.302],[-47.618,-9.331],[-47.638,-9.329],[-47.654,-9.355],[-47.685,-9.333],[-47.724,-9.319],[-47.741,-9.335],[-47.766,-9.322],[-47.816,-9.322],[-47.836,-9.345],[-47.861,-9.351],[-47.878,-9.335],[-47.905,-9.339],[-47.9,-9.398],[-47.93,-9.485],[-47.925,-9.515],[-47.937,-9.54],[-47.923,-9.56],[-47.919,-9.62],[-47.908,-9.653],[-47.895,-9.771],[-47.88,-9.836],[-47.841,-9.878]]]}},{"type":"Feature","properties":{"code":"1718840"},"geometry":{"type":"Polygon","coordinates":[[[-50.193,-12.564],[-50.168,-12.614],[-50.134,-12.622],[-50.11,-12.61],[-50.076,-12.622],[-50.042,-12.661],[-49.97,-12.642],[-49.915,-12.668],[-49.894,-12.659],[-49.836,-12.687],[-49.812,-12.684],[-49.788,-12.704],[-49.748,-12.693],[-49.708,-12.634],[-49.637,-12.609],[-49.615,-12.611],[-49.573,-12.569],[-49.523,-12.531],[-49.544,-12.487],[-49.557,-12.418],[-49.593,-12.402],[-49.591,-12.374],[-49.611,-12.341],[-49.579,-12.31],[-49.596,-12.284],[-49.623,-12.268],[-49.646,-12.272],[-49.647,-12.225],[-49.673,-12.201],[-49.676,-12.182],[-49.721,-12.176],[-49.75,-12.12],[-50.014,-12.074],[-50.042,-12.084],[-50.068,-12.127],[-50.087,-12.142],[-50.083,-12.195],[-50.1,-12.223],[-50.128,-12.221],[-50.129,-12.257],[-50.112,-12.305],[-50.124,-12.352],[-50.115,-12.367],[-50.142,-12.395],[-50.215,-12.482],[-50.229,-12.532],[-50.193,-12.564]]]}},{"type":"Feature","properties":{"code":"1718808"},"geometry":{"type":"Polygon","coordinates":[[[-47.828,-5.387],[-47.868,-5.343],[-47.867,-5.305],[-47.886,-5.261],[-47.937,-5.24],[-48.015,-5.238],[-47.937,-5.35],[-47.946,-5.383],[-47.979,-5.423],[-47.929,-5.449],[-47.936,-5.418],[-47.912,-5.406],[-47.87,-5.417],[-47.828,-5.387],[-47.828,-5.387]]]}},{"type":"Feature","properties":{"code":"1702307"},"geometry":{"type":"Polygon","coordinates":[[[-49.167,-7.856],[-49.054,-7.882],[-49.031,-7.872],[-48.965,-7.871],[-48.938,-7.854],[-48.906,-7.849],[-48.881,-7.877],[-48.849,-7.887],[-48.806,-7.863],[-48.778,-7.792],[-48.741,-7.642],[-48.758,-7.604],[-48.779,-7.598],[-48.796,-7.572],[-48.844,-7.585],[-48.865,-7.577],[-48.917,-7.584],[-48.955,-7.604],[-48.992,-7.598],[-49.035,-7.621],[-49.081,-7.614],[-49.126,-7.597],[-49.151,-7.609],[-49.204,-7.614],[-49.227,-7.607],[-49.305,-7.652],[-49.342,-7.656],[-49.323,-7.682],[-49.297,-7.696],[-49.221,-7.762],[-49.161,-7.791],[-49.15,-7.812],[-49.167,-7.856]]]}},{"type":"Feature","properties":{"code":"1718659"},"geometry":{"type":"Polygon","coordinates":[[[-46.926,-11.403],[-46.906,-11.396],[-46.83,-11.472],[-46.776,-11.468],[-46.749,-11.48],[-46.698,-11.462],[-46.666,-11.441],[-46.652,-11.418],[-46.56,-11.372],[-46.577,-11.342],[-46.553,-11.265],[-46.637,-11.229],[-46.677,-11.217],[-46.69,-11.201],[-46.685,-11.169],[-46.704,-11.13],[-46.714,-11.209],[-46.741,-11.197],[-46.761,-11.217],[-46.785,-11.217],[-46.811,-11.234],[-46.814,-11.259],[-46.887,-11.298],[-46.901,-11.331],[-46.922,-11.348],[-46.926,-11.403]]]}},{"type":"Feature","properties":{"code":"1718709"},"geometry":{"type":"Polygon","coordinates":[[[-48.367,-9.341],[-48.349,-9.287],[-48.32,-9.225],[-48.315,-9.19],[-48.283,-9.135],[-48.348,-9.119],[-48.352,-9.082],[-48.368,-9.075],[-48.409,-9.075],[-48.497,-9.062],[-48.511,-9.117],[-48.534,-9.129],[-48.544,-9.22],[-48.565,-9.221],[-48.572,-9.255],[-48.593,-9.286],[-48.572,-9.319],[-48.579,-9.387],[-48.572,-9.421],[-48.525,-9.428],[-48.505,-9.399],[-48.426,-9.362],[-48.383,-9.362],[-48.367,-9.341]]]}},{"type":"Feature","properties":{"code":"1710508"},"geometry":{"type":"Polygon","coordinates":[[[-47.902,-8.165],[-47.932,-8.185],[-47.952,-8.179],[-47.977,-8.207],[-47.958,-8.28],[-47.966,-8.298],[-47.949,-8.323],[-47.992,-8.363],[-47.983,-8.414],[-47.947,-8.458],[-47.961,-8.489],[-47.995,-8.525],[-47.971,-8.537],[-47.946,-8.572],[-47.976,-8.606],[-48.024,-8.623],[-48.017,-8.651],[-47.944,-8.687],[-47.924,-8.734],[-47.858,-8.746],[-47.814,-8.736],[-47.786,-8.74],[-47.744,-8.73],[-47.68,-8.7],[-47.701,-8.762],[-47.685,-8.8],[-47.608,-8.811],[-47.559,-8.838],[-47.529,-8.831],[-47.518,-8.812],[-47.474,-8.797],[-47.428,-8.813],[-47.404,-8.795],[-47.371,-8.774],[-47.303,-8.746],[-47.325,-8.719],[-47.316,-8.684],[-47.331,-8.637],[-47.269,-8.54],[-47.251,-8.48],[-47.288,-8.455],[-47.308,-8.472],[-47.369,-8.482],[-47.406,-8.478],[-47.473,-8.486],[-47.498,-8.462],[-47.553,-8.469],[-47.576,-8.448],[-47.626,-8.435],[-47.698,-8.459],[-47.716,-8.452],[-47.746,-8.408],[-47.777,-8.384],[-47.8,-8.34],[-47.815,-8.34],[-47.849,-8.272],[-47.868,-8.254],[-47.902,-8.165]]]}},{"type":"Feature","properties":{"code":"1718006"},"geometry":{"type":"Polygon","coordinates":[[[-47.154,-11.748],[-47.121,-11.745],[-47.079,-11.695],[-47.06,-11.648],[-47.042,-11.637],[-47.049,-11.592],[-47.037,-11.529],[-47.007,-11.519],[-46.996,-11.545],[-46.964,-11.515],[-46.961,-11.468],[-46.931,-11.454],[-46.926,-11.403],[-46.922,-11.348],[-46.952,-11.346],[-46.979,-11.396],[-47.017,-11.354],[-47.092,-11.364],[-47.098,-11.385],[-47.082,-11.413],[-47.086,-11.438],[-47.111,-11.446],[-47.081,-11.527],[-47.149,-11.617],[-47.153,-11.653],[-47.135,-11.707],[-47.154,-11.748]]]}},{"type":"Feature","properties":{"code":"1709807"},"geometry":{"type":"Polygon","coordinates":[[[-48.259,-11.282],[-48.238,-11.265],[-48.218,-11.21],[-48.261,-11.193],[-48.27,-11.168],[-48.319,-11.133],[-48.311,-11.086],[-48.33,-11.071],[-48.325,-11.049],[-48.363,-11.013],[-48.407,-11.005],[-48.454,-10.974],[-48.473,-10.948],[-48.457,-10.927],[-48.517,-10.959],[-48.531,-10.995],[-48.559,-11.031],[-48.54,-11.097],[-48.521,-11.125],[-48.518,-11.159],[-48.489,-11.22],[-48.454,-11.262],[-48.423,-11.273],[-48.385,-11.272],[-48.349,-11.289],[-48.284,-11.297],[-48.259,-11.282]]]}},{"type":"Feature","properties":{"code":"1717909"},"geometry":{"type":"Polygon","coordinates":[[[-46.704,-11.13],[-46.738,-11.119],[-46.742,-11.097],[-46.782,-11.064],[-46.851,-11.068],[-46.864,-11.045],[-46.828,-10.986],[-46.795,-10.954],[-46.812,-10.908],[-46.849,-10.89],[-46.888,-10.883],[-46.887,-10.831],[-46.874,-10.798],[-46.894,-10.774],[-46.899,-10.735],[-46.885,-10.702],[-46.888,-10.679],[-46.948,-10.661],[-46.96,-10.592],[-46.991,-10.577],[-47.0,-10.508],[-47.018,-10.5],[-47.052,-10.51],[-47.103,-10.439],[-47.087,-10.369],[-47.101,-10.341],[-47.128,-10.384],[-47.147,-10.396],[-47.21,-10.407],[-47.227,-10.39],[-47.283,-10.405],[-47.303,-10.441],[-47.394,-10.51],[-47.463,-10.531],[-47.496,-10.461],[-47.54,-10.425],[-47.669,-10.393],[-47.71,-10.399],[-47.762,-10.418],[-47.776,-10.407],[-47.823,-10.408],[-47.838,-10.395],[-47.842,-10.404],[-47.827,-10.478],[-47.855,-10.561],[-47.825,-10.646],[-47.804,-10.666],[-47.786,-10.716],[-47.807,-10.727],[-47.82,-10.756],[-47.798,-10.769],[-47.769,-10.832],[-47.742,-10.906],[-47.745,-10.938],[-47.726,-10.951],[-47.662,-10.962],[-47.58,-10.992],[-47.568,-11.011],[-47.477,-11.016],[-47.465,-11.028],[-47.425,-11.011],[-47.399,-11.015],[-47.371,-11.001],[-47.334,-11.005],[-47.264,-10.978],[-47.254,-11.0],[-47.222,-11.009],[-47.189,-11.038],[-47.156,-11.048],[-47.13,-11.104],[-47.056,-11.132],[-47.031,-11.157],[-46.984,-11.164],[-46.922,-11.135],[-46.909,-11.122],[-46.844,-11.098],[-46.796,-11.09],[-46.756,-11.106],[-46.748,-11.12],[-46.704,-11.13]]]}},{"type":"Feature","properties":{"code":"1701903"},"geometry":{"type":"Polygon","coordinates":[[[-49.712,-9.175],[-49.681,-9.178],[-49.66,-9.202],[-49.613,-9.225],[-49.601,-9.257],[-49.558,-9.271],[-49.535,-9.258],[-49.46,-9.277],[-49.452,-9.238],[-49.403,-9.187],[-49.393,-9.15],[-49.398,-9.125],[-49.383,-9.077],[-49.378,-9.025],[-49.383,-8.985],[-49.374,-8.949],[-49.402,-8.932],[-49.387,-8.91],[-49.299,-8.951],[-49.256,-8.953],[-49.223,-8.942],[-49.228,-8.892],[-49.253,-8.888],[-49.269,-8.862],[-49.243,-8.836],[-49.243,-8.81],[-49.225,-8.769],[-49.246,-8.696],[-49.29,-8.642],[-49.316,-8.613],[-49.355,-8.544],[-49.4,-8.545],[-49.41,-8.58],[-49.452,-8.613],[-49.482,-8.674],[-49.49,-8.692],[-49.543,-8.761],[-49.592,-8.839],[-49.684,-8.857],[-49.768,-8.934],[-49.794,-8.979],[-49.843,-9.027],[-49.851,-9.064],[-49.712,-9.175]]]}},{"type":"Feature","properties":{"code":"1718303"},"geometry":{"type":"Polygon","coordinates":[[[-47.748,-5.572],[-47.726,-5.514],[-47.713,-5.505],[-47.706,-5.447],[-47.68,-5.415],[-47.744,-5.38],[-47.828,-5.387],[-47.828,-5.387],[-47.831,-5.444],[-47.855,-5.46],[-47.86,-5.566],[-47.84,-5.602],[-47.794,-5.543],[-47.755,-5.555],[-47.748,-5.572]]]}},{"type":"Feature","properties":{"code":"1701101"},"geometry":{"type":"Polygon","coordinates":[[[-47.819,-10.019],[-47.833,-9.995],[-47.835,-9.959],[-47.861,-9.932],[-47.842,-9.906],[-47.841,-9.878],[-47.88,-9.836],[-47.895,-9.771],[-47.94,-9.799],[-47.959,-9.793],[-48.099,-9.892],[-48.104,-9.91],[-48.157,-9.943],[-48.184,-9.933],[-48.228,-9.951],[-48.223,-9.963],[-48.199,-10.019],[-48.174,-10.037],[-48.169,-10.133],[-48.122,-10.11],[-48.069,-10.12],[-48.02,-10.117],[-48.014,-10.174],[-47.963,-10.176],[-47.896,-10.132],[-47.878,-10.092],[-47.853,-10.079],[-47.819,-10.019]]]}},{"type":"Feature","properties":{"code":"1718204"},"geometry":{"type":"Polygon","coordinates":[[[-48.789,-10.794],[-48.75,-10.81],[-48.724,-10.803],[-48.69,-10.837],[-48.644,-10.842],[-48.636,-10.87],[-48.607,-10.846],[-48.547,-10.857],[-48.547,-10.834],[-48.504,-10.782],[-48.473,-10.782],[-48.451,-10.762],[-48.415,-10.751],[-48.396,-10.768],[-48.397,-10.829],[-48.416,-10.875],[-48.457,-10.927],[-48.473,-10.948],[-48.454,-10.974],[-48.407,-11.005],[-48.363,-11.013],[-48.325,-11.049],[-48.33,-11.071],[-48.311,-11.086],[-48.319,-11.068],[-48.22,-10.991],[-48.251,-10.937],[-48.226,-10.918],[-48.2,-10.919],[-48.199,-10.893],[-48.178,-10.867],[-48.209,-10.849],[-48.259,-10.845],[-48.274,-10.803],[-48.267,-10.78],[-48.218,-10.719],[-48.169,-10.695],[-48.159,-10.677],[-48.245,-10.624],[-48.268,-10.62],[-48.308,-10.58],[-48.269,-10.527],[-48.3,-10.506],[-48.283,-10.487],[-48.254,-10.501],[-48.23,-10.495],[-48.209,-10.469],[-48.176,-10.453],[-48.157,-10.458],[-48.175,-10.399],[-48.188,-10.378],[-48.237,-10.388],[-48.266,-10.411],[-48.365,-10.41],[-48.402,-10.381],[-48.409,-10.357],[-48.404,-10.304],[-48.387,-10.264],[-48.386,-10.235],[-48.412,-10.225],[-48.422,-10.193],[-48.385,-10.082],[-48.359,-10.054],[-48.391,-10.052],[-48.438,-10.018],[-48.512,-10.043],[-48.569,-10.029],[-48.624,-10.077],[-48.672,-10.091],[-48.691,-10.146],[-48.7,-10.191],[-48.67,-10.242],[-48.641,-10.248],[-48.614,-10.279],[-48.598,-10.324],[-48.648,-10.348],[-48.725,-10.407],[-48.755,-10.414],[-48.771,-10.459],[-48.81,-10.473],[-48.805,-10.494],[-48.807,-10.542],[-48.828,-10.562],[-48.826,-10.635],[-48.809,-10.645],[-48.783,-10.696],[-48.774,-10.756],[-48.789,-10.794]]]}},{"type":"Feature","properties":{"code":"1717503"},"geometry":{"type":"Polygon","coordinates":[[[-50.603,-10.66],[-50.244,-10.611],[-49.94,-10.57],[-49.761,-10.513],[-49.719,-10.502],[-49.706,-10.518],[-49.665,-10.518],[-49.59,-10.5],[-49.566,-10.477],[-49.544,-10.487],[-49.507,-10.481],[-49.435,-10.44],[-49.406,-10.443],[-49.345,-10.47],[-49.316,-10.495],[-49.248,-10.526],[-49.231,-10.544],[-49.159,-10.53],[-49.127,-10.548],[-49.086,-10.537],[-49.065,-10.504],[-49.05,-10.468],[-49.068,-10.447],[-49.013,-10.39],[-48.977,-10.362],[-48.98,-10.359],[-48.996,-10.371],[-49.047,-10.366],[-49.069,-10.334],[-49.09,-10.343],[-49.092,-10.273],[-49.121,-10.28],[-49.167,-10.274],[-49.198,-10.25],[-49.203,-10.204],[-49.273,-10.159],[-49.304,-10.156],[-49.351,-10.131],[-49.367,-10.074],[-49.398,-10.042],[-49.444,-10.008],[-49.481,-9.979],[-49.523,-9.972],[-49.556,-9.949],[-49.579,-9.958],[-49.639,-10.001],[-49.733,-9.974],[-49.79,-9.923],[-49.81,-9.898],[-49.905,-9.92],[-49.91,-9.894],[-49.935,-9.894],[-49.964,-9.863],[-49.989,-9.811],[-50.027,-9.774],[-50.009,-9.731],[-50.03,-9.701],[-49.995,-9.674],[-49.989,-9.638],[-49.998,-9.607],[-49.984,-9.578],[-49.994,-9.531],[-49.977,-9.479],[-49.983,-9.433],[-50.001,-9.39],[-49.976,-9.375],[-49.962,-9.306],[-49.973,-9.287],[-49.967,-9.231],[-49.997,-9.238],[-50.003,-9.265],[-50.038,-9.289],[-50.056,-9.335],[-50.053,-9.373],[-50.09,-9.432],[-50.105,-9.475],[-50.09,-9.546],[-50.107,-9.594],[-50.138,-9.625],[-50.15,-9.693],[-50.199,-9.762],[-50.225,-9.841],[-50.266,-9.913],[-50.278,-9.971],[-50.303,-10.035],[-50.34,-10.061],[-50.378,-10.111],[-50.398,-10.155],[-50.382,-10.212],[-50.423,-10.327],[-50.418,-10.355],[-50.448,-10.392],[-50.474,-10.405],[-50.487,-10.462],[-50.483,-10.49],[-50.517,-10.505],[-50.52,-10.562],[-50.541,-10.609],[-50.563,-10.611],[-50.603,-10.66]]]}},{"type":"Feature","properties":{"code":"1709302"},"geometry":{"type":"Polygon","coordinates":[[[-48.394,-8.975],[-48.393,-8.943],[-48.341,-8.906],[-48.295,-8.803],[-48.261,-8.773],[-48.237,-8.782],[-48.173,-8.771],[-48.143,-8.783],[-48.128,-8.741],[-48.123,-8.674],[-48.13,-8.635],[-48.133,-8.544],[-48.155,-8.582],[-48.183,-8.582],[-48.215,-8.548],[-48.27,-8.551],[-48.293,-8.522],[-48.347,-8.552],[-48.394,-8.562],[-48.463,-8.594],[-48.488,-8.565],[-48.547,-8.544],[-48.569,-8.52],[-48.642,-8.52],[-48.654,-8.542],[-48.631,-8.6],[-48.634,-8.631],[-48.677,-8.688],[-48.708,-8.722],[-48.661,-8.748],[-48.627,-8.745],[-48.606,-8.762],[-48.596,-8.829],[-48.613,-8.854],[-48.621,-8.907],[-48.636,-8.928],[-48.644,-8.978],[-48.658,-8.993],[-48.615,-9.009],[-48.602,-8.996],[-48.549,-8.991],[-48.553,-8.964],[-48.456,-8.933],[-48.394,-8.975]]]}},{"type":"Feature","properties":{"code":"1701051"},"geometry":{"type":"Polygon","coordinates":[[[-47.977,-6.417],[-47.966,-6.427],[-47.976,-6.472],[-48.018,-6.491],[-48.026,-6.525],[-48.015,-6.569],[-47.958,-6.554],[-47.862,-6.541],[-47.824,-6.427],[-47.801,-6.372],[-47.818,-6.336],[-47.865,-6.342],[-47.921,-6.287],[-47.946,-6.279],[-47.97,-6.337],[-47.962,-6.361],[-47.977,-6.417]]]}},{"type":"Feature","properties":{"code":"1701002"},"geometry":{"type":"Polygon","coordinates":[[[-47.977,-6.417],[-47.962,-6.361],[-47.97,-6.337],[-47.946,-6.279],[-47.958,-6.227],[-47.979,-6.204],[-47.972,-6.184],[-47.991,-6.157],[-48.038,-6.127],[-48.091,-6.127],[-48.127,-6.113],[-48.156,-6.12],[-48.203,-6.087],[-48.224,-6.004],[-48.241,-5.989],[-48.233,-5.948],[-48.297,-5.97],[-48.335,-6.004],[-48.33,-6.04],[-48.298,-6.05],[-48.288,-6.098],[-48.325,-6.133],[-48.365,-6.147],[-48.391,-6.147],[-48.432,-6.177],[-48.436,-6.201],[-48.413,-6.281],[-48.417,-6.299],[-48.376,-6.345],[-48.346,-6.358],[-48.336,-6.377],[-48.316,-6.38],[-48.279,-6.357],[-48.22,-6.347],[-48.167,-6.347],[-48.132,-6.366],[-48.128,-6.423],[-48.103,-6.442],[-48.072,-6.431],[-48.026,-6.435],[-48.018,-6.422],[-47.977,-6.417]]]}},{"type":"Feature","properties":{"code":"1717800"},"geometry":{"type":"Polygon","coordinates":[[[-46.947,-12.377],[-46.892,-12.343],[-46.848,-12.343],[-46.811,-12.301],[-46.79,-12.315],[-46.776,-12.275],[-46.738,-12.259],[-46.687,-12.277],[-46.662,-12.271],[-46.609,-12.227],[-46.591,-12.192],[-46.559,-12.179],[-46.535,-12.129],[-46.484,-12.098],[-46.42,-12.114],[-46.371,-12.1],[-46.388,-12.076],[-46.389,-12.049],[-46.451,-12.054],[-46.456,-12.03],[-46.422,-12.029],[-46.364,-11.991],[-46.336,-11.954],[-46.248,-11.919],[-46.307,-11.914],[-46.38,-11.867],[-46.373,-11.832],[-46.338,-11.813],[-46.362,-11.78],[-46.441,-11.756],[-46.479,-11.763],[-46.509,-11.78],[-46.538,-11.813],[-46.534,-11.857],[-46.567,-11.904],[-46.589,-11.917],[-46.591,-11.958],[-46.621,-11.961],[-46.683,-12.017],[-46.749,-12.042],[-46.792,-12.133],[-46.817,-12.152],[-46.854,-12.213],[-46.877,-12.22],[-46.903,-12.275],[-46.948,-12.31],[-46.962,-12.358],[-46.981,-12.367],[-46.947,-12.377]]]}},{"type":"Feature","properties":{"code":"1701309"},"geometry":{"type":"Polygon","coordinates":[[[-48.562,-7.277],[-48.544,-7.311],[-48.517,-7.301],[-48.482,-7.257],[-48.488,-7.212],[-48.44,-7.176],[-48.427,-7.152],[-48.457,-7.126],[-48.469,-7.077],[-48.444,-7.042],[-48.447,-7.023],[-48.424,-6.976],[-48.461,-6.958],[-48.499,-6.984],[-48.565,-6.945],[-48.549,-6.879],[-48.55,-6.859],[-48.59,-6.854],[-48.601,-6.834],[-48.631,-6.826],[-48.664,-6.754],[-48.643,-6.726],[-48.666,-6.664],[-48.683,-6.678],[-48.729,-6.689],[-48.769,-6.731],[-48.826,-6.755],[-48.853,-6.749],[-48.873,-6.808],[-48.86,-6.825],[-48.869,-6.855],[-48.67,-6.989],[-48.655,-6.95],[-48.63,-6.946],[-48.622,-7.022],[-48.597,-7.065],[-48.564,-7.079],[-48.557,-7.147],[-48.563,-7.22],[-48.549,-7.258],[-48.562,-7.277]]]}},{"type":"Feature","properties":{"code":"1709500"},"geometry":{"type":"Polygon","coordinates":[[[-48.892,-11.866],[-48.856,-11.853],[-48.834,-11.811],[-48.843,-11.785],[-48.808,-11.743],[-48.764,-11.744],[-48.725,-11.662],[-48.722,-11.615],[-48.678,-11.523],[-48.628,-11.523],[-48.59,-11.479],[-48.582,-11.45],[-48.592,-11.426],[-48.57,-11.396],[-48.609,-11.381],[-48.638,-11.391],[-48.704,-11.379],[-48.731,-11.355],[-48.765,-11.367],[-48.783,-11.412],[-48.788,-11.448],[-48.861,-11.47],[-48.88,-11.508],[-48.883,-11.545],[-48.908,-11.555],[-48.95,-11.518],[-48.948,-11.532],[-48.989,-11.567],[-48.992,-11.586],[-49.044,-11.585],[-49.044,-11.603],[-49.096,-11.601],[-49.103,-11.637],[-49.131,-11.664],[-49.163,-11.675],[-49.176,-11.731],[-49.167,-11.744],[-49.158,-11.735],[-49.115,-11.75],[-49.111,-11.778],[-49.083,-11.801],[-49.108,-11.868],[-49.094,-11.902],[-49.065,-11.905],[-48.991,-11.956],[-48.985,-11.942],[-48.988,-11.923],[-48.943,-11.902],[-48.915,-11.857],[-48.892,-11.866]]]}},{"type":"Feature","properties":{"code":"1717008"},"geometry":{"type":"Polygon","coordinates":[[[-47.413,-11.27],[-47.383,-11.253],[-47.353,-11.179],[-47.315,-11.159],[-47.318,-11.121],[-47.34,-11.086],[-47.326,-11.057],[-47.334,-11.005],[-47.371,-11.001],[-47.399,-11.015],[-47.425,-11.011],[-47.465,-11.028],[-47.477,-11.016],[-47.568,-11.011],[-47.58,-10.992],[-47.662,-10.962],[-47.726,-10.951],[-47.709,-11.033],[-47.691,-11.049],[-47.803,-11.209],[-47.772,-11.236],[-47.776,-11.272],[-47.746,-11.304],[-47.729,-11.293],[-47.687,-11.317],[-47.641,-11.306],[-47.606,-11.338],[-47.613,-11.367],[-47.597,-11.382],[-47.623,-11.442],[-47.595,-11.423],[-47.588,-11.383],[-47.569,-11.368],[-47.533,-11.37],[-47.482,-11.319],[-47.461,-11.248],[-47.413,-11.27]]]}},{"type":"Feature","properties":{"code":"1717206"},"geometry":{"type":"Polygon","coordinates":[[[-48.184,-7.015],[-48.13,-7.034],[-48.129,-6.623],[-48.125,-6.585],[-48.136,-6.532],[-48.181,-6.505],[-48.191,-6.478],[-48.216,-6.451],[-48.27,-6.437],[-48.288,-6.449],[-48.275,-6.461],[-48.28,-6.507],[-48.318,-6.57],[-48.361,-6.589],[-48.387,-6.647],[-48.368,-6.788],[-48.358,-6.809],[-48.386,-6.852],[-48.362,-6.861],[-48.341,-6.895],[-48.313,-6.899],[-48.316,-6.925],[-48.293,-6.941],[-48.29,-6.963],[-48.255,-6.991],[-48.227,-6.988],[-48.184,-7.015]]]}},{"type":"Feature","properties":{"code":"1700707"},"geometry":{"type":"Polygon","coordinates":[[[-48.921,-12.294],[-48.97,-12.264],[-49.002,-12.259],[-49.034,-12.226],[-49.054,-12.177],[-49.094,-12.216],[-49.109,-12.253],[-49.137,-12.252],[-49.174,-12.219],[-49.195,-12.231],[-49.186,-12.257],[-49.207,-12.272],[-49.24,-12.319],[-49.228,-12.353],[-49.252,-12.39],[-49.268,-12.436],[-49.289,-12.469],[-49.332,-12.509],[-49.334,-12.532],[-49.287,-12.54],[-49.257,-12.564],[-49.205,-12.552],[-49.161,-12.552],[-49.095,-12.629],[-49.053,-12.617],[-49.03,-12.573],[-49.025,-12.498],[-48.997,-12.495],[-48.992,-12.473],[-49.007,-12.441],[-48.999,-12.423],[-48.93,-12.395],[-48.926,-12.343],[-48.902,-12.319],[-48.911,-12.295],[-48.921,-12.294]]]}},{"type":"Feature","properties":{"code":"1709005"},"geometry":{"type":"Polygon","coordinates":[[[-47.902,-8.165],[-47.868,-8.254],[-47.849,-8.272],[-47.815,-8.34],[-47.8,-8.34],[-47.777,-8.384],[-47.746,-8.408],[-47.716,-8.452],[-47.698,-8.459],[-47.626,-8.435],[-47.576,-8.448],[-47.553,-8.469],[-47.498,-8.462],[-47.473,-8.486],[-47.406,-8.478],[-47.369,-8.482],[-47.308,-8.472],[-47.288,-8.455],[-47.251,-8.48],[-47.231,-8.475],[-47.167,-8.393],[-47.14,-8.291],[-47.065,-8.268],[-47.044,-8.232],[-47.048,-8.207],[-47.034,-8.157],[-47.008,-8.11],[-47.015,-8.059],[-47.046,-8.053],[-47.063,-8.004],[-47.1,-7.985],[-47.106,-7.952],[-47.14,-7.926],[-47.181,-7.859],[-47.24,-7.814],[-47.246,-7.781],[-47.289,-7.729],[-47.313,-7.731],[-47.317,-7.704],[-47.358,-7.616],[-47.383,-7.6],[-47.4,-7.568],[-47.43,-7.547],[-47.453,-7.563],[-47.471,-7.606],[-47.506,-7.634],[-47.51,-7.661],[-47.562,-7.728],[-47.525,-7.741],[-47.507,-7.768],[-47.482,-7.767],[-47.472,-7.83],[-47.505,-7.868],[-47.501,-7.912],[-47.465,-7.934],[-47.464,-7.97],[-47.51,-7.964],[-47.555,-7.992],[-47.581,-7.962],[-47.601,-7.964],[-47.62,-7.924],[-47.655,-7.912],[-47.695,-7.854],[-47.688,-7.825],[-47.714,-7.815],[-47.733,-7.745],[-47.719,-7.697],[-47.793,-7.755],[-47.83,-7.766],[-47.895,-7.793],[-47.919,-7.859],[-47.936,-7.869],[-47.941,-7.907],[-47.955,-7.926],[-47.914,-7.978],[-47.884,-8.074],[-47.902,-8.165]]]}},{"type":"Feature","properties":{"code":"1708254"},"geometry":{"type":"Polygon","coordinates":[[[-48.658,-8.993],[-48.655,-9.016],[-48.675,-9.052],[-48.656,-9.081],[-48.66,-9.114],[-48.683,-9.146],[-48.732,-9.183],[-48.716,-9.174],[-48.693,-9.205],[-48.651,-9.216],[-48.631,-9.19],[-48.613,-9.209],[-48.58,-9.208],[-48.565,-9.221],[-48.544,-9.22],[-48.534,-9.129],[-48.511,-9.117],[-48.497,-9.062],[-48.409,-9.075],[-48.368,-9.075],[-48.36,-9.022],[-48.367,-8.975],[-48.394,-8.975],[-48.456,-8.933],[-48.553,-8.964],[-48.549,-8.991],[-48.602,-8.996],[-48.615,-9.009],[-48.658,-8.993]]]}},{"type":"Feature","properties":{"code":"1716505"},"geometry":{"type":"Polygon","coordinates":[[[-48.349,-9.287],[-48.306,-9.311],[-48.273,-9.344],[-48.234,-9.327],[-48.207,-9.351],[-48.188,-9.438],[-48.149,-9.445],[-48.079,-9.419],[-48.069,-9.389],[-48.032,-9.396],[-48.0,-9.386],[-47.985,-9.348],[-47.935,-9.306],[-47.905,-9.339],[-47.878,-9.335],[-47.861,-9.351],[-47.836,-9.345],[-47.816,-9.322],[-47.766,-9.322],[-47.741,-9.335],[-47.724,-9.319],[-47.685,-9.276],[-47.695,-9.253],[-47.685,-9.184],[-47.713,-9.169],[-47.719,-9.134],[-47.705,-9.119],[-47.718,-9.084],[-47.772,-9.12],[-47.801,-9.112],[-47.86,-9.113],[-47.891,-9.135],[-47.93,-9.137],[-47.955,-9.116],[-48.004,-9.127],[-48.051,-9.08],[-48.071,-9.079],[-48.114,-9.049],[-48.139,-9.005],[-48.179,-8.955],[-48.181,-8.992],[-48.194,-9.033],[-48.222,-9.056],[-48.283,-9.135],[-48.315,-9.19],[-48.32,-9.225],[-48.349,-9.287]]]}},{"type":"Feature","properties":{"code":"1708304"},"geometry":{"type":"Polygon","coordinates":[[[-48.737,-9.197],[-48.74,-9.151],[-48.767,-9.118],[-48.754,-9.086],[-48.752,-9.028],[-48.768,-9.011],[-48.78,-8.955],[-48.818,-8.903],[-48.814,-8.879],[-48.835,-8.823],[-48.881,-8.79],[-48.881,-8.769],[-48.919,-8.738],[-48.936,-8.712],[-48.972,-8.699],[-48.992,-8.677],[-49.03,-8.669],[-49.071,-8.647],[-49.123,-8.647],[-49.148,-8.674],[-49.187,-8.682],[-49.213,-8.649],[-49.254,-8.64],[-49.29,-8.642],[-49.246,-8.696],[-49.225,-8.769],[-49.243,-8.81],[-49.243,-8.836],[-49.269,-8.862],[-49.253,-8.888],[-49.228,-8.892],[-49.223,-8.942],[-49.195,-8.934],[-49.148,-8.954],[-49.119,-8.984],[-49.061,-9.017],[-49.037,-9.021],[-49.023,-9.047],[-48.936,-9.075],[-48.876,-9.066],[-48.817,-9.076],[-48.805,-9.106],[-48.776,-9.139],[-48.784,-9.179],[-48.754,-9.198],[-48.737,-9.197]]]}},{"type":"Feature","properties":{"code":"1700350"},"geometry":{"type":"Polygon","coordinates":[[[-48.95,-11.518],[-48.908,-11.555],[-48.883,-11.545],[-48.88,-11.508],[-48.861,-11.47],[-48.788,-11.448],[-48.783,-11.412],[-48.765,-11.367],[-48.731,-11.355],[-48.704,-11.379],[-48.638,-11.391],[-48.609,-11.381],[-48.57,-11.396],[-48.542,-11.383],[-48.548,-11.349],[-48.607,-11.276],[-48.626,-11.28],[-48.647,-11.239],[-48.652,-11.201],[-48.688,-11.187],[-48.716,-11.162],[-48.727,-11.196],[-48.803,-11.213],[-48.817,-11.234],[-48.852,-11.233],[-48.909,-11.253],[-48.923,-11.217],[-48.962,-11.25],[-48.985,-11.244],[-49.072,-11.252],[-49.15,-11.229],[-49.174,-11.206],[-49.21,-11.232],[-49.281,-11.238],[-49.294,-11.23],[-49.331,-11.251],[-49.296,-11.293],[-49.265,-11.304],[-49.238,-11.331],[-49.219,-11.327],[-49.145,-11.333],[-49.117,-11.373],[-49.11,-11.399],[-49.073,-11.397],[-49.02,-11.449],[-48.996,-11.486],[-48.95,-11.518]]]}},{"type":"Feature","properties":{"code":"1716307"},"geometry":{"type":"Polygon","coordinates":[[[-48.592,-7.562],[-48.628,-7.528],[-48.637,-7.497],[-48.674,-7.49],[-48.727,-7.497],[-48.74,-7.487],[-48.787,-7.485],[-48.803,-7.444],[-48.83,-7.456],[-48.884,-7.445],[-48.925,-7.481],[-48.952,-7.441],[-49.005,-7.477],[-49.012,-7.5],[-49.07,-7.502],[-49.188,-7.495],[-49.202,-7.503],[-49.241,-7.481],[-49.239,-7.445],[-49.258,-7.419],[-49.264,-7.364],[-49.301,-7.411],[-49.378,-7.496],[-49.382,-7.569],[-49.361,-7.615],[-49.342,-7.656],[-49.305,-7.652],[-49.227,-7.607],[-49.204,-7.614],[-49.151,-7.609],[-49.126,-7.597],[-49.081,-7.614],[-49.035,-7.621],[-48.992,-7.598],[-48.955,-7.604],[-48.917,-7.584],[-48.865,-7.577],[-48.844,-7.585],[-48.796,-7.572],[-48.779,-7.598],[-48.758,-7.604],[-48.706,-7.579],[-48.686,-7.587],[-48.661,-7.623],[-48.614,-7.623],[-48.601,-7.662],[-48.559,-7.678],[-48.556,-7.703],[-48.518,-7.736],[-48.534,-7.7],[-48.514,-7.668],[-48.529,-7.592],[-48.576,-7.548],[-48.592,-7.562]]]}},{"type":"Feature","properties":{"code":"1700301"},"geometry":{"type":"Polygon","coordinates":[[[-47.465,-6.582],[-47.456,-6.538],[-47.425,-6.497],[-47.416,-6.484],[-47.433,-6.44],[-47.43,-6.423],[-47.451,-6.445],[-47.532,-6.43],[-47.546,-6.443],[-47.576,-6.416],[-47.584,-6.416],[-47.635,-6.45],[-47.482,-6.588],[-47.465,-6.582]]]}},{"type":"Feature","properties":{"code":"1708205"},"geometry":{"type":"Polygon","coordinates":[[[-50.511,-12.861],[-50.484,-12.809],[-50.475,-12.771],[-50.487,-12.745],[-50.479,-12.713],[-50.432,-12.688],[-50.435,-12.658],[-50.417,-12.623],[-50.386,-12.59],[-50.37,-12.558],[-50.331,-12.536],[-50.334,-12.52],[-50.306,-12.492],[-50.262,-12.477],[-50.254,-12.462],[-50.206,-12.445],[-50.142,-12.395],[-50.115,-12.367],[-50.124,-12.352],[-50.112,-12.305],[-50.129,-12.257],[-50.128,-12.221],[-50.1,-12.223],[-50.083,-12.195],[-50.087,-12.142],[-50.068,-12.127],[-50.042,-12.084],[-50.014,-12.074],[-49.75,-12.12],[-49.721,-12.176],[-49.676,-12.182],[-49.673,-12.201],[-49.647,-12.225],[-49.609,-12.237],[-49.563,-12.23],[-49.54,-12.238],[-49.509,-12.224],[-49.474,-12.229],[-49.428,-12.195],[-49.408,-12.157],[-49.385,-12.149],[-49.348,-12.11],[-49.325,-12.067],[-49.32,-12.035],[-49.273,-12.003],[-49.259,-11.967],[-49.283,-11.907],[-49.341,-11.839],[-49.35,-11.811],[-49.376,-11.808],[-49.382,-11.784],[-49.407,-11.76],[-49.428,-11.731],[-49.449,-11.724],[-49.473,-11.695],[-49.493,-11.651],[-49.498,-11.587],[-49.52,-11.548],[-49.536,-11.544],[-49.556,-11.505],[-49.583,-11.5],[-49.574,-11.447],[-49.579,-11.427],[-49.62,-11.379],[-49.658,-11.402],[-49.678,-11.389],[-50.024,-11.456],[-50.294,-11.509],[-50.67,-11.582],[-50.657,-11.593],[-50.664,-11.678],[-50.717,-11.727],[-50.722,-11.74],[-50.691,-11.817],[-50.686,-11.859],[-50.639,-11.885],[-50.641,-11.903],[-50.668,-11.93],[-50.657,-11.967],[-50.682,-11.991],[-50.687,-12.036],[-50.668,-12.065],[-50.679,-12.155],[-50.681,-12.217],[-50.644,-12.223],[-50.651,-12.245],[-50.632,-12.269],[-50.649,-12.299],[-50.645,-12.346],[-50.627,-12.384],[-50.634,-12.414],[-50.618,-12.429],[-50.624,-12.455],[-50.653,-12.46],[-50.647,-12.486],[-50.662,-12.532],[-50.7,-12.595],[-50.701,-12.643],[-50.684,-12.648],[-50.656,-12.646],[-50.655,-12.679],[-50.623,-12.735],[-50.625,-12.8],[-50.567,-12.843],[-50.513,-12.845],[-50.511,-12.861]]]}},{"type":"Feature","properties":{"code":"1700400"},"geometry":{"type":"Polygon","coordinates":[[[-47.413,-11.27],[-47.405,-11.311],[-47.428,-11.353],[-47.451,-11.374],[-47.47,-11.409],[-47.483,-11.464],[-47.472,-11.488],[-47.479,-11.516],[-47.423,-11.564],[-47.451,-11.618],[-47.433,-11.641],[-47.457,-11.706],[-47.426,-11.778],[-47.457,-11.838],[-47.505,-11.845],[-47.545,-11.88],[-47.553,-11.91],[-47.519,-11.917],[-47.476,-11.964],[-47.444,-11.962],[-47.392,-11.943],[-47.379,-11.915],[-47.347,-11.905],[-47.329,-11.882],[-47.298,-11.881],[-47.27,-11.849],[-47.21,-11.844],[-47.183,-11.814],[-47.179,-11.773],[-47.154,-11.748],[-47.135,-11.707],[-47.153,-11.653],[-47.149,-11.617],[-47.081,-11.527],[-47.111,-11.446],[-47.086,-11.438],[-47.082,-11.413],[-47.098,-11.385],[-47.092,-11.364],[-47.017,-11.354],[-46.979,-11.396],[-46.952,-11.346],[-46.922,-11.348],[-46.901,-11.331],[-46.887,-11.298],[-46.814,-11.259],[-46.811,-11.234],[-46.785,-11.217],[-46.761,-11.217],[-46.741,-11.197],[-46.714,-11.209],[-46.704,-11.13],[-46.748,-11.12],[-46.756,-11.106],[-46.796,-11.09],[-46.844,-11.098],[-46.909,-11.122],[-46.922,-11.135],[-46.984,-11.164],[-47.031,-11.157],[-47.056,-11.132],[-47.13,-11.104],[-47.156,-11.048],[-47.189,-11.038],[-47.222,-11.009],[-47.254,-11.0],[-47.264,-10.978],[-47.334,-11.005],[-47.326,-11.057],[-47.34,-11.086],[-47.318,-11.121],[-47.315,-11.159],[-47.353,-11.179],[-47.383,-11.253],[-47.413,-11.27]]]}},{"type":"Feature","properties":{"code":"1716703"},"geometry":{"type":"Polygon","coordinates":[[[-48.936,-8.712],[-48.919,-8.738],[-48.881,-8.769],[-48.881,-8.79],[-48.835,-8.823],[-48.814,-8.879],[-48.818,-8.903],[-48.78,-8.955],[-48.768,-9.011],[-48.752,-9.028],[-48.754,-9.086],[-48.767,-9.118],[-48.74,-9.151],[-48.737,-9.197],[-48.732,-9.183],[-48.683,-9.146],[-48.66,-9.114],[-48.656,-9.081],[-48.675,-9.052],[-48.655,-9.016],[-48.658,-8.993],[-48.644,-8.978],[-48.636,-8.928],[-48.621,-8.907],[-48.613,-8.854],[-48.596,-8.829],[-48.606,-8.762],[-48.627,-8.745],[-48.661,-8.748],[-48.708,-8.722],[-48.677,-8.688],[-48.677,-8.666],[-48.7,-8.655],[-48.711,-8.629],[-48.737,-8.634],[-48.77,-8.607],[-48.821,-8.593],[-48.858,-8.598],[-48.936,-8.712]]]}},{"type":"Feature","properties":{"code":"1700251"},"geometry":{"type":"Polygon","coordinates":[[[-48.888,-9.771],[-48.869,-9.733],[-48.889,-9.707],[-48.884,-9.685],[-48.916,-9.659],[-48.942,-9.656],[-48.971,-9.598],[-49.048,-9.572],[-49.121,-9.562],[-49.155,-9.568],[-49.204,-9.493],[-49.222,-9.489],[-49.265,-9.412],[-49.269,-9.35],[-49.324,-9.296],[-49.338,-9.265],[-49.359,-9.256],[-49.372,-9.197],[-49.393,-9.15],[-49.403,-9.187],[-49.452,-9.238],[-49.46,-9.277],[-49.535,-9.258],[-49.558,-9.271],[-49.601,-9.257],[-49.613,-9.225],[-49.66,-9.202],[-49.681,-9.178],[-49.712,-9.175],[-49.707,-9.243],[-49.725,-9.271],[-49.709,-9.293],[-49.723,-9.349],[-49.662,-9.316],[-49.597,-9.315],[-49.57,-9.361],[-49.567,-9.402],[-49.517,-9.414],[-49.464,-9.441],[-49.433,-9.478],[-49.426,-9.514],[-49.386,-9.561],[-49.357,-9.577],[-49.317,-9.623],[-49.266,-9.71],[-49.225,-9.712],[-49.167,-9.743],[-49.094,-9.723],[-49.023,-9.729],[-48.977,-9.713],[-48.909,-9.734],[-48.888,-9.771]]]}},{"type":"Feature","properties":{"code":"1716604"},"geometry":{"type":"Polygon","coordinates":[[[-48.911,-12.295],[-48.902,-12.319],[-48.926,-12.343],[-48.93,-12.395],[-48.999,-12.423],[-49.007,-12.441],[-48.992,-12.473],[-48.997,-12.495],[-48.913,-12.477],[-48.843,-12.412],[-48.8,-12.388],[-48.753,-12.386],[-48.711,-12.4],[-48.682,-12.414],[-48.697,-12.443],[-48.653,-12.479],[-48.612,-12.498],[-48.579,-12.491],[-48.565,-12.462],[-48.53,-12.454],[-48.505,-12.421],[-48.481,-12.414],[-48.447,-12.437],[-48.408,-12.42],[-48.387,-12.364],[-48.396,-12.328],[-48.387,-12.235],[-48.336,-12.253],[-48.313,-12.269],[-48.288,-12.244],[-48.26,-12.172],[-48.22,-12.16],[-48.194,-12.184],[-48.155,-12.18],[-48.148,-12.156],[-48.123,-12.135],[-48.115,-12.087],[-48.171,-12.048],[-48.18,-12.065],[-48.211,-12.057],[-48.213,-12.005],[-48.302,-11.952],[-48.335,-11.92],[-48.349,-11.885],[-48.365,-11.796],[-48.38,-11.756],[-48.383,-11.648],[-48.41,-11.63],[-48.41,-11.598],[-48.448,-11.565],[-48.463,-11.528],[-48.459,-11.497],[-48.475,-11.477],[-48.462,-11.456],[-48.482,-11.394],[-48.479,-11.363],[-48.518,-11.392],[-48.542,-11.383],[-48.57,-11.396],[-48.592,-11.426],[-48.582,-11.45],[-48.59,-11.479],[-48.628,-11.523],[-48.678,-11.523],[-48.722,-11.615],[-48.725,-11.662],[-48.764,-11.744],[-48.808,-11.743],[-48.843,-11.785],[-48.834,-11.811],[-48.856,-11.853],[-48.892,-11.866],[-48.895,-11.878],[-48.83,-11.962],[-48.775,-11.969],[-48.755,-11.993],[-48.773,-12.068],[-48.78,-12.133],[-48.75,-12.128],[-48.726,-12.148],[-48.643,-12.141],[-48.643,-12.167],[-48.627,-12.213],[-48.642,-12.232],[-48.671,-12.231],[-48.713,-12.277],[-48.734,-12.272],[-48.748,-12.309],[-48.819,-12.302],[-48.855,-12.281],[-48.911,-12.295]]]}},{"type":"Feature","properties":{"code":"1716653"},"geometry":{"type":"Polygon","coordinates":[[[-48.858,-8.598],[-48.907,-8.549],[-48.917,-8.495],[-48.857,-8.43],[-48.76,-8.191],[-48.703,-8.219],[-48.711,-8.184],[-48.728,-8.183],[-48.786,-8.098],[-48.811,-8.124],[-48.848,-8.13],[-48.861,-8.113],[-48.896,-8.104],[-48.979,-8.106],[-49.01,-8.084],[-48.988,-8.107],[-48.985,-8.138],[-48.998,-8.154],[-48.978,-8.193],[-48.959,-8.261],[-48.957,-8.296],[-49.003,-8.375],[-48.969,-8.411],[-48.992,-8.496],[-49.016,-8.504],[-49.05,-8.545],[-49.123,-8.647],[-49.071,-8.647],[-49.03,-8.669],[-48.992,-8.677],[-48.972,-8.699],[-48.936,-8.712],[-48.858,-8.598]]]}},{"type":"Feature","properties":{"code":"1707652"},"geometry":{"type":"Polygon","coordinates":[[[-49.334,-12.532],[-49.332,-12.509],[-49.289,-12.469],[-49.268,-12.436],[-49.252,-12.39],[-49.228,-12.353],[-49.24,-12.319],[-49.207,-12.272],[-49.186,-12.257],[-49.195,-12.231],[-49.174,-12.219],[-49.137,-12.252],[-49.109,-12.253],[-49.094,-12.216],[-49.054,-12.177],[-49.034,-12.226],[-49.002,-12.259],[-48.97,-12.264],[-48.921,-12.294],[-48.908,-12.239],[-48.915,-12.207],[-48.946,-12.187],[-48.97,-12.186],[-48.952,-12.139],[-48.927,-12.123],[-48.943,-12.075],[-48.967,-12.051],[-48.979,-12.008],[-48.968,-11.967],[-48.985,-11.942],[-48.991,-11.956],[-49.024,-11.984],[-49.03,-12.005],[-49.06,-12.026],[-49.066,-12.071],[-49.09,-12.088],[-49.147,-12.069],[-49.197,-12.114],[-49.219,-12.115],[-49.246,-12.141],[-49.34,-12.159],[-49.385,-12.149],[-49.408,-12.157],[-49.428,-12.195],[-49.474,-12.229],[-49.509,-12.224],[-49.54,-12.238],[-49.563,-12.23],[-49.609,-12.237],[-49.647,-12.225],[-49.646,-12.272],[-49.623,-12.268],[-49.596,-12.284],[-49.579,-12.31],[-49.611,-12.341],[-49.591,-12.374],[-49.593,-12.402],[-49.557,-12.418],[-49.51,-12.447],[-49.493,-12.487],[-49.428,-12.486],[-49.411,-12.507],[-49.362,-12.533],[-49.334,-12.532]]]}},{"type":"Feature","properties":{"code":"1707702"},"geometry":{"type":"Polygon","coordinates":[[[-47.719,-7.697],[-47.651,-7.655],[-47.629,-7.617],[-47.632,-7.571],[-47.622,-7.524],[-47.634,-7.503],[-47.592,-7.44],[-47.58,-7.419],[-47.493,-7.376],[-47.478,-7.337],[-47.5,-7.294],[-47.543,-7.265],[-47.592,-7.264],[-47.627,-7.301],[-47.651,-7.302],[-47.684,-7.245],[-47.702,-7.287],[-47.765,-7.356],[-47.822,-7.369],[-47.849,-7.384],[-47.876,-7.373],[-47.898,-7.395],[-47.916,-7.385],[-47.983,-7.411],[-48.046,-7.358],[-48.079,-7.45],[-48.106,-7.478],[-48.086,-7.548],[-48.02,-7.597],[-47.984,-7.603],[-47.983,-7.627],[-47.955,-7.634],[-47.92,-7.66],[-47.864,-7.731],[-47.839,-7.737],[-47.83,-7.766],[-47.793,-7.755],[-47.719,-7.697]]]}},{"type":"Feature","properties":{"code":"1716208"},"geometry":{"type":"Polygon","coordinates":[[[-48.17,-13.3],[-48.165,-13.306],[-48.079,-13.285],[-48.076,-13.246],[-48.031,-13.257],[-48.025,-13.28],[-47.981,-13.284],[-47.966,-13.313],[-47.937,-13.291],[-47.886,-13.32],[-47.824,-13.312],[-47.798,-13.329],[-47.68,-13.468],[-47.624,-13.376],[-47.65,-13.349],[-47.658,-13.295],[-47.64,-13.264],[-47.667,-13.208],[-47.645,-13.15],[-47.646,-13.12],[-47.617,-13.104],[-47.569,-13.117],[-47.516,-13.135],[-47.49,-13.111],[-47.4,-13.12],[-47.395,-13.076],[-47.417,-13.025],[-47.435,-13.022],[-47.435,-12.979],[-47.456,-12.957],[-47.44,-12.934],[-47.407,-12.943],[-47.364,-12.929],[-47.32,-12.877],[-47.317,-12.855],[-47.257,-12.837],[-47.283,-12.817],[-47.293,-12.792],[-47.345,-12.76],[-47.372,-12.704],[-47.31,-12.688],[-47.27,-12.671],[-47.245,-12.635],[-47.21,-12.608],[-47.251,-12.563],[-47.233,-12.517],[-47.293,-12.449],[-47.322,-12.454],[-47.361,-12.444],[-47.398,-12.448],[-47.409,-12.422],[-47.45,-12.425],[-47.474,-12.456],[-47.518,-12.441],[-47.535,-12.325],[-47.52,-12.25],[-47.535,-12.248],[-47.568,-12.19],[-47.607,-12.193],[-47.632,-12.184],[-47.655,-12.132],[-47.675,-12.142],[-47.739,-12.142],[-47.781,-12.134],[-47.8,-12.153],[-47.813,-12.171],[-47.817,-12.215],[-47.855,-12.207],[-47.842,-12.168],[-47.864,-12.121],[-47.891,-12.09],[-47.941,-12.051],[-47.995,-12.057],[-48.02,-12.044],[-48.038,-12.064],[-48.074,-12.069],[-48.115,-12.087],[-48.123,-12.135],[-48.148,-12.156],[-48.155,-12.18],[-48.194,-12.184],[-48.22,-12.16],[-48.26,-12.172],[-48.288,-12.244],[-48.313,-12.269],[-48.256,-12.312],[-48.257,-12.345],[-48.228,-12.391],[-48.261,-12.435],[-48.262,-12.462],[-48.212,-12.464],[-48.231,-12.495],[-48.233,-12.541],[-48.288,-12.567],[-48.255,-12.59],[-48.275,-12.606],[-48.272,-12.636],[-48.287,-12.675],[-48.244,-12.705],[-48.267,-12.744],[-48.226,-12.746],[-48.24,-12.804],[-48.221,-12.838],[-48.189,-12.883],[-48.188,-12.909],[-48.164,-12.959],[-48.14,-12.987],[-48.152,-13.059],[-48.129,-13.098],[-48.144,-13.152],[-48.166,-13.189],[-48.153,-13.219],[-48.167,-13.233],[-48.153,-13.28],[-48.17,-13.3]]]}}]}