{"type":"FeatureCollection","features":[{"type":"Feature","properties":{"code":"2100402"},"geometry":{"type":"Polygon","coordinates":[[[-45.595,-4.196],[-45.595,-4.221],[-45.619,-4.236],[-45.626,-4.262],[-45.605,-4.288],[-45.577,-4.281],[-45.46,-4.281],[-45.426,-4.265],[-45.403,-4.187],[-45.364,-4.169],[-45.356,-4.131],[-45.403,-4.115],[-45.432,-4.141],[-45.448,-4.119],[-45.422,-4.067],[-45.446,-4.075],[-45.488,-4.064],[-45.55,-3.987],[-45.561,-3.987],[-45.573,-4.02],[-45.558,-4.06],[-45.581,-4.11],[-45.595,-4.196]]]}},{"type":"Feature","properties":{"code":"2108900"},"geometry":{"type":"Polygon","coordinates":[[[-44.644,-4.855],[-44.633,-4.816],[-44.609,-4.803],[-44.576,-4.767],[-44.757,-4.718],[-44.755,-4.711],[-44.951,-4.693],[-44.979,-4.671],[-45.04,-4.691],[-45.145,-4.741],[-45.156,-4.863],[-45.125,-4.913],[-45.118,-4.94],[-45.041,-4.912],[-45.036,-4.875],[-44.985,-4.825],[-44.821,-4.84],[-44.762,-4.878],[-44.724,-4.848],[-44.644,-4.855]]]}},{"type":"Feature","properties":{"code":"2100709"},"geometry":{"type":"Polygon","coordinates":[[[-44.594,-3.446],[-44.584,-3.451],[-44.535,-3.398],[-44.493,-3.335],[-44.422,-3.243],[-44.438,-3.216],[-44.549,-3.086],[-44.556,-3.05],[-44.58,-3.051],[-44.664,-3.146],[-44.674,-3.152],[-44.711,-3.189],[-44.766,-3.206],[-44.78,-3.225],[-44.748,-3.298],[-44.692,-3.379],[-44.634,-3.425],[-44.594,-3.446]]]}},{"type":"Feature","properties":{"code":"2108801"},"geometry":{"type":"Polygon","coordinates":[[[-44.323,-3.865],[-44.199,-3.927],[-44.166,-3.91],[-44.156,-3.837],[-43.993,-3.842],[-44.048,-3.704],[-44.098,-3.623],[-44.153,-3.651],[-44.184,-3.696],[-44.205,-3.71],[-44.261,-3.695],[-44.29,-3.716],[-44.261,-3.757],[-44.286,-3.765],[-44.312,-3.769],[-44.335,-3.792],[-44.354,-3.849],[-44.323,-3.865]]]}},{"type":"Feature","properties":{"code":"2100600"},"geometry":{"type":"Polygon","coordinates":[[[-46.47,-5.751],[-46.438,-5.724],[-46.41,-5.724],[-46.349,-5.678],[-46.33,-5.655],[-46.33,-5.334],[-46.348,-5.296],[-46.321,-5.264],[-46.313,-5.221],[-46.284,-5.185],[-46.22,-5.135],[-46.191,-5.072],[-46.167,-5.054],[-46.114,-5.046],[-46.071,-5.001],[-46.055,-4.967],[-46.026,-4.934],[-46.011,-4.863],[-46.017,-4.854],[-46.089,-4.855],[-46.465,-4.851],[-46.93,-4.851],[-46.926,-4.92],[-46.907,-4.998],[-46.9,-5.04],[-46.871,-5.096],[-46.87,-5.139],[-46.89,-5.207],[-46.912,-5.287],[-46.9,-5.346],[-46.906,-5.355],[-46.899,-5.386],[-46.91,-5.431],[-46.928,-5.45],[-46.933,-5.504],[-46.946,-5.513],[-46.954,-5.588],[-46.946,-5.625],[-46.933,-5.671],[-46.911,-5.696],[-46.921,-5.732],[-46.904,-5.788],[-46.878,-5.833],[-46.893,-5.89],[-46.877,-5.91],[-46.83,-5.892],[-46.782,-5.899],[-46.795,-5.872],[-46.782,-5.83],[-46.763,-5.818],[-46.73,-5.747],[-46.694,-5.744],[-46.68,-5.765],[-46.61,-5.75],[-46.603,-5.74],[-46.55,-5.735],[-46.47,-5.751]]]}},{"type":"Feature","properties":{"code":"2108108"},"geometry":{"type":"Polygon","coordinates":[[[-45.714,-4.559],[-45.68,-4.613],[-45.646,-4.626],[-45.61,-4.591],[-45.6,-4.606],[-45.54,-4.605],[-45.477,-4.613],[-45.437,-4.572],[-45.388,-4.585],[-45.366,-4.606],[-45.364,-4.636],[-45.345,-4.649],[-45.302,-4.667],[-45.26,-4.65],[-45.237,-4.623],[-45.206,-4.603],[-45.2,-4.57],[-45.214,-4.552],[-45.161,-4.519],[-45.094,-4.423],[-45.127,-4.413],[-45.239,-4.394],[-45.295,-4.424],[-45.335,-4.424],[-45.422,-4.441],[-45.526,-4.428],[-45.588,-4.47],[-45.594,-4.532],[-45.638,-4.486],[-45.698,-4.501],[-45.712,-4.553],[-45.714,-4.559]]]}},{"type":"Feature","properties":{"code":"2108207"},"geometry":{"type":"Polygon","coordinates":[[[-44.639,-4.862],[-44.633,-4.829],[-44.564,-4.767],[-44.579,-4.733],[-44.573,-4.709],[-44.486,-4.65],[-44.495,-4.619],[-44.52,-4.607],[-44.54,-4.572],[-44.543,-4.535],[-44.575,-4.519],[-44.577,-4.475],[-44.6,-4.452],[-44.61,-4.572],[-44.658,-4.606],[-44.66,-4.633],[-44.725,-4.651],[-44.691,-4.659],[-44.645,-4.649],[-44.594,-4.659],[-44.576,-4.767],[-44.609,-4.803],[-44.633,-4.816],[-44.644,-4.855],[-44.644,-4.856],[-44.643,-4.857],[-44.639,-4.862]]]}},{"type":"Feature","properties":{"code":"2108009"},"geometry":{"type":"Polygon","coordinates":[[[-44.507,-6.749],[-44.424,-6.796],[-44.402,-6.819],[-44.408,-6.836],[-44.389,-6.845],[-44.378,-6.877],[-44.335,-6.915],[-44.328,-6.935],[-44.215,-6.744],[-43.791,-6.545],[-43.821,-6.513],[-43.872,-6.51],[-43.927,-6.544],[-44.058,-6.37],[-44.306,-6.579],[-44.507,-6.749]]]}},{"type":"Feature","properties":{"code":"2108058"},"geometry":{"type":"Polygon","coordinates":[[[-42.642,-2.625],[-42.716,-2.889],[-42.75,-2.902],[-42.777,-3.002],[-42.756,-3.038],[-42.758,-3.056],[-42.687,-3.06],[-42.645,-3.04],[-42.608,-3.032],[-42.572,-3.0],[-42.593,-2.965],[-42.567,-2.947],[-42.573,-2.925],[-42.53,-2.926],[-42.501,-2.914],[-42.445,-2.831],[-42.468,-2.786],[-42.466,-2.749],[-42.442,-2.724],[-42.488,-2.703],[-42.504,-2.678],[-42.563,-2.678],[-42.587,-2.669],[-42.642,-2.625]]]}},{"type":"Feature","properties":{"code":"2108405"},"geometry":{"type":"Polygon","coordinates":[[[-45.041,-2.542],[-45.026,-2.564],[-44.944,-2.619],[-44.874,-2.627],[-44.879,-2.641],[-44.84,-2.659],[-44.82,-2.673],[-44.786,-2.67],[-44.738,-2.629],[-44.711,-2.627],[-44.75,-2.585],[-44.812,-2.587],[-44.813,-2.537],[-44.835,-2.516],[-44.915,-2.521],[-44.935,-2.513],[-44.959,-2.459],[-45.005,-2.464],[-45.04,-2.507],[-45.041,-2.542]]]}},{"type":"Feature","properties":{"code":"2100204"},"geometry":{"type":"Polygon","coordinates":[[[-44.555,-2.596],[-44.537,-2.545],[-44.487,-2.517],[-44.478,-2.488],[-44.443,-2.458],[-44.442,-2.414],[-44.388,-2.409],[-44.372,-2.381],[-44.38,-2.359],[-44.358,-2.337],[-44.384,-2.277],[-44.398,-2.215],[-44.435,-2.166],[-44.462,-2.146],[-44.53,-2.16],[-44.544,-2.196],[-44.623,-2.267],[-44.644,-2.296],[-44.667,-2.34],[-44.65,-2.367],[-44.659,-2.436],[-44.704,-2.463],[-44.721,-2.49],[-44.696,-2.514],[-44.684,-2.546],[-44.711,-2.627],[-44.672,-2.629],[-44.65,-2.604],[-44.587,-2.578],[-44.555,-2.596]]]}},{"type":"Feature","properties":{"code":"2108454"},"geometry":{"type":"Polygon","coordinates":[[[-44.093,-4.495],[-44.18,-4.337],[-44.268,-4.278],[-44.301,-4.269],[-44.356,-4.268],[-44.402,-4.3],[-44.407,-4.321],[-44.424,-4.415],[-44.431,-4.481],[-44.348,-4.558],[-44.196,-4.528],[-44.087,-4.506],[-44.093,-4.495]]]}},{"type":"Feature","properties":{"code":"2108256"},"geometry":{"type":"Polygon","coordinates":[[[-45.319,-3.126],[-45.279,-3.079],[-45.277,-3.059],[-45.231,-3.012],[-45.218,-2.953],[-45.216,-2.908],[-45.23,-2.833],[-45.22,-2.813],[-45.275,-2.809],[-45.331,-2.776],[-45.358,-2.746],[-45.403,-2.738],[-45.434,-2.753],[-45.465,-2.747],[-45.438,-2.79],[-45.453,-2.821],[-45.559,-2.862],[-45.594,-2.866],[-45.629,-2.884],[-45.638,-2.903],[-45.624,-3.053],[-45.6,-3.187],[-45.58,-3.239],[-45.359,-3.177],[-45.319,-3.126]]]}},{"type":"Feature","properties":{"code":"2100055"},"geometry":{"type":"Polygon","coordinates":[[[-47.136,-5.143],[-47.12,-5.089],[-47.081,-5.057],[-47.042,-5.061],[-46.959,-5.038],[-46.907,-4.998],[-46.926,-4.92],[-46.93,-4.851],[-46.92,-4.803],[-46.937,-4.753],[-46.934,-4.674],[-46.945,-4.617],[-46.939,-4.585],[-46.904,-4.533],[-46.898,-4.487],[-46.867,-4.468],[-46.842,-4.394],[-46.87,-4.428],[-46.933,-4.443],[-46.964,-4.426],[-47.0,-4.427],[-47.057,-4.368],[-47.088,-4.303],[-47.073,-4.274],[-47.073,-4.237],[-47.126,-4.284],[-47.139,-4.319],[-47.188,-4.389],[-47.242,-4.437],[-47.254,-4.508],[-47.225,-4.601],[-47.23,-4.637],[-47.287,-4.697],[-47.308,-4.699],[-47.396,-4.649],[-47.447,-4.636],[-47.495,-4.652],[-47.495,-4.701],[-47.574,-4.707],[-47.615,-4.702],[-47.646,-4.728],[-47.682,-4.713],[-47.693,-4.649],[-47.68,-4.609],[-47.725,-4.606],[-47.754,-4.591],[-47.793,-4.586],[-47.816,-4.615],[-48.025,-4.778],[-47.968,-4.791],[-47.92,-4.829],[-47.859,-4.857],[-47.837,-4.878],[-47.814,-4.921],[-47.717,-4.987],[-47.713,-5.008],[-47.679,-5.042],[-47.555,-5.095],[-47.514,-5.063],[-47.488,-5.076],[-47.477,-5.047],[-47.35,-5.026],[-47.325,-5.043],[-47.313,-5.076],[-47.271,-5.082],[-47.249,-5.104],[-47.22,-5.165],[-47.136,-5.143]]]}},{"type":"Feature","properties":{"code":"2100154"},"geometry":{"type":"Polygon","coordinates":[[[-42.309,-3.092],[-42.279,-3.079],[-42.242,-3.079],[-42.147,-3.057],[-42.127,-3.039],[-42.067,-3.016],[-42.049,-2.99],[-42.127,-2.987],[-42.13,-2.947],[-42.083,-2.914],[-42.096,-2.877],[-42.087,-2.836],[-42.071,-2.814],[-42.097,-2.759],[-42.117,-2.757],[-42.128,-2.801],[-42.174,-2.815],[-42.177,-2.844],[-42.309,-3.092]]]}},{"type":"Feature","properties":{"code":"2108306"},"geometry":{"type":"Polygon","coordinates":[[[-45.58,-3.241],[-45.451,-3.296],[-45.364,-3.366],[-45.335,-3.341],[-45.26,-3.371],[-45.255,-3.321],[-45.215,-3.332],[-45.13,-3.326],[-45.073,-3.264],[-45.136,-3.2],[-45.145,-3.181],[-45.195,-3.168],[-45.26,-3.142],[-45.319,-3.126],[-45.359,-3.177],[-45.58,-3.239],[-45.58,-3.241]]]}},{"type":"Feature","properties":{"code":"2100105"},"geometry":{"type":"Polygon","coordinates":[[[-43.21,-4.365],[-43.221,-4.304],[-43.235,-4.277],[-43.23,-4.225],[-43.235,-4.186],[-43.223,-4.146],[-43.234,-4.115],[-43.268,-4.075],[-43.429,-4.223],[-43.21,-4.365]]]}},{"type":"Feature","properties":{"code":"2107605"},"geometry":{"type":"Polygon","coordinates":[[[-45.184,-2.798],[-45.158,-2.837],[-45.146,-2.834],[-44.883,-2.702],[-44.84,-2.659],[-44.879,-2.641],[-44.874,-2.627],[-44.944,-2.619],[-45.026,-2.564],[-45.041,-2.542],[-45.074,-2.567],[-45.076,-2.61],[-45.105,-2.657],[-45.109,-2.692],[-45.129,-2.718],[-45.129,-2.745],[-45.165,-2.767],[-45.184,-2.798]]]}},{"type":"Feature","properties":{"code":"2107704"},"geometry":{"type":"Polygon","coordinates":[[[-44.058,-6.37],[-43.927,-6.544],[-43.872,-6.51],[-43.821,-6.513],[-43.809,-6.467],[-43.784,-6.455],[-43.816,-6.422],[-43.839,-6.379],[-43.837,-6.345],[-43.859,-6.284],[-43.901,-6.298],[-43.966,-6.296],[-44.1,-6.351],[-44.058,-6.37]]]}},{"type":"Feature","properties":{"code":"2107506"},"geometry":{"type":"Polygon","coordinates":[[[-44.187,-2.462],[-44.178,-2.507],[-44.187,-2.552],[-44.137,-2.554],[-44.077,-2.541],[-44.061,-2.523],[-44.061,-2.486],[-44.063,-2.46],[-44.092,-2.455],[-44.174,-2.458],[-44.187,-2.462]]]}},{"type":"Feature","properties":{"code":"2107902"},"geometry":{"type":"Polygon","coordinates":[[[-43.904,-6.005],[-43.93,-6.04],[-43.931,-6.116],[-43.945,-6.179],[-43.959,-6.192],[-43.954,-6.224],[-43.973,-6.278],[-43.966,-6.296],[-43.901,-6.298],[-43.859,-6.284],[-43.65,-6.317],[-43.613,-6.323],[-43.608,-6.3],[-43.578,-6.262],[-43.553,-6.19],[-43.539,-6.171],[-43.547,-6.137],[-43.593,-6.099],[-43.603,-6.075],[-43.64,-6.043],[-43.663,-6.009],[-43.671,-5.938],[-43.683,-5.909],[-43.711,-5.961],[-43.741,-5.982],[-43.803,-5.991],[-43.809,-5.999],[-43.904,-6.005]]]}},{"type":"Feature","properties":{"code":"2107803"},"geometry":{"type":"Polygon","coordinates":[[[-43.096,-5.91],[-43.075,-5.865],[-43.094,-5.835],[-43.09,-5.808],[-43.101,-5.759],[-43.076,-5.736],[-43.089,-5.672],[-43.08,-5.649],[-43.095,-5.615],[-43.184,-5.604],[-43.336,-5.564],[-43.377,-5.513],[-43.401,-5.46],[-43.457,-5.452],[-43.483,-5.412],[-43.531,-5.396],[-43.551,-5.403],[-43.58,-5.375],[-43.626,-5.349],[-43.723,-5.386],[-43.758,-5.316],[-43.74,-5.309],[-43.815,-5.285],[-43.856,-5.302],[-43.872,-5.321],[-43.883,-5.334],[-43.883,-5.385],[-43.86,-5.431],[-43.869,-5.473],[-43.854,-5.518],[-43.822,-5.549],[-43.786,-5.562],[-43.759,-5.59],[-43.666,-5.6],[-43.666,-5.631],[-43.614,-5.662],[-43.587,-5.702],[-43.606,-5.738],[-43.597,-5.773],[-43.56,-5.772],[-43.56,-5.805],[-43.536,-5.838],[-43.57,-5.904],[-43.566,-5.913],[-43.334,-5.911],[-43.096,-5.91]]]}},{"type":"Feature","properties":{"code":"2107100"},"geometry":{"type":"Polygon","coordinates":[[[-43.784,-3.213],[-43.775,-3.248],[-43.8,-3.293],[-43.783,-3.293],[-43.607,-3.172],[-43.542,-3.13],[-43.571,-3.038],[-43.599,-2.964],[-43.745,-2.638],[-43.745,-2.808],[-44.05,-2.808],[-44.049,-2.872],[-44.061,-2.9],[-44.035,-2.899],[-44.022,-2.922],[-44.028,-2.948],[-44.002,-2.983],[-43.941,-3.017],[-43.902,-3.032],[-43.886,-3.05],[-43.814,-3.079],[-43.783,-3.085],[-43.755,-3.127],[-43.76,-3.183],[-43.784,-3.213]]]}},{"type":"Feature","properties":{"code":"2107001"},"geometry":{"type":"Polygon","coordinates":[[[-47.191,-6.021],[-47.18,-6.035],[-47.098,-6.019],[-47.088,-6.029],[-47.041,-6.027],[-47.026,-6.046],[-46.986,-6.051],[-46.952,-6.039],[-46.92,-6.015],[-46.884,-6.01],[-46.843,-5.968],[-46.783,-5.967],[-46.791,-5.925],[-46.782,-5.899],[-46.83,-5.892],[-46.877,-5.91],[-46.893,-5.89],[-46.878,-5.833],[-46.904,-5.788],[-46.921,-5.732],[-46.911,-5.696],[-46.933,-5.671],[-46.946,-5.625],[-46.975,-5.641],[-47.086,-5.672],[-47.135,-5.729],[-47.17,-5.739],[-47.212,-5.774],[-47.288,-5.769],[-47.342,-5.816],[-47.329,-5.839],[-47.288,-5.857],[-47.255,-5.846],[-47.218,-5.865],[-47.174,-5.866],[-47.162,-5.893],[-47.194,-5.932],[-47.178,-5.963],[-47.191,-6.021]]]}},{"type":"Feature","properties":{"code":"2107357"},"geometry":{"type":"Polygon","coordinates":[[[-46.064,-2.686],[-46.081,-2.718],[-46.069,-2.741],[-46.092,-2.786],[-46.092,-2.808],[-46.124,-2.848],[-46.132,-2.872],[-46.125,-2.911],[-46.17,-2.946],[-46.187,-2.978],[-46.192,-3.015],[-46.23,-3.046],[-46.26,-3.058],[-46.306,-3.089],[-46.379,-3.166],[-46.397,-3.195],[-46.4,-3.228],[-46.391,-3.274],[-46.35,-3.214],[-46.311,-3.191],[-46.281,-3.193],[-46.265,-3.159],[-46.242,-3.166],[-46.152,-3.162],[-46.099,-3.148],[-46.093,-3.123],[-46.061,-3.111],[-46.053,-3.091],[-46.005,-3.067],[-45.946,-3.067],[-45.925,-3.034],[-45.902,-3.028],[-45.891,-3.004],[-45.848,-2.989],[-45.839,-2.954],[-45.789,-2.973],[-45.757,-2.961],[-45.733,-2.938],[-45.71,-2.949],[-45.638,-2.903],[-45.642,-2.655],[-45.755,-2.621],[-45.798,-2.649],[-45.99,-2.696],[-46.064,-2.686]]]}},{"type":"Feature","properties":{"code":"2107456"},"geometry":{"type":"Polygon","coordinates":[[[-45.096,-2.932],[-45.084,-2.931],[-45.071,-2.985],[-45.046,-3.014],[-45.013,-3.023],[-44.893,-3.078],[-44.909,-3.04],[-44.939,-2.977],[-44.96,-2.971],[-44.974,-2.939],[-44.996,-2.926],[-45.017,-2.936],[-45.028,-2.887],[-45.126,-2.921],[-45.096,-2.932]]]}},{"type":"Feature","properties":{"code":"2107407"},"geometry":{"type":"Polygon","coordinates":[[[-45.253,-4.149],[-45.216,-4.164],[-45.204,-4.197],[-45.107,-4.329],[-45.11,-4.287],[-45.087,-4.258],[-45.098,-4.24],[-45.087,-4.203],[-45.035,-4.182],[-45.012,-4.114],[-45.029,-4.041],[-45.01,-3.965],[-45.057,-3.949],[-45.074,-3.917],[-45.207,-3.972],[-45.209,-4.033],[-45.209,-4.066],[-45.253,-4.149]]]}},{"type":"Feature","properties":{"code":"2107258"},"geometry":{"type":"Polygon","coordinates":[[[-46.198,-7.258],[-46.072,-7.16],[-46.225,-7.037],[-46.342,-6.999],[-46.404,-6.998],[-46.451,-7.066],[-46.293,-7.2],[-46.312,-7.284],[-46.293,-7.338],[-46.245,-7.341],[-46.198,-7.258]]]}},{"type":"Feature","properties":{"code":"2107209"},"geometry":{"type":"Polygon","coordinates":[[[-43.607,-3.619],[-43.739,-3.431],[-43.714,-3.401],[-43.742,-3.382],[-43.768,-3.32],[-43.804,-3.315],[-43.8,-3.293],[-43.775,-3.248],[-43.784,-3.213],[-43.944,-3.418],[-43.959,-3.424],[-43.995,-3.479],[-43.984,-3.501],[-43.813,-3.477],[-43.788,-3.491],[-43.774,-3.527],[-43.742,-3.536],[-43.699,-3.579],[-43.66,-3.589],[-43.607,-3.619],[-43.607,-3.619]]]}},{"type":"Feature","properties":{"code":"2107308"},"geometry":{"type":"Polygon","coordinates":[[[-44.328,-6.935],[-44.275,-6.958],[-44.249,-7.0],[-44.208,-6.97],[-44.201,-6.933],[-44.174,-6.92],[-44.171,-6.885],[-44.141,-6.865],[-44.116,-6.806],[-44.059,-6.808],[-44.053,-6.768],[-43.988,-6.757],[-43.957,-6.743],[-43.931,-6.771],[-43.914,-6.753],[-43.884,-6.759],[-43.854,-6.736],[-43.82,-6.727],[-43.791,-6.702],[-43.754,-6.704],[-43.791,-6.545],[-44.215,-6.744],[-44.328,-6.935]]]}},{"type":"Feature","properties":{"code":"2106607"},"geometry":{"type":"Polygon","coordinates":[[[-43.095,-5.615],[-43.082,-5.599],[-43.033,-5.592],[-43.024,-5.562],[-43.004,-5.543],[-42.995,-5.508],[-42.974,-5.484],[-42.968,-5.454],[-43.059,-5.385],[-43.098,-5.385],[-43.151,-5.354],[-43.189,-5.287],[-43.164,-5.25],[-43.159,-5.201],[-43.206,-5.143],[-43.229,-5.143],[-43.229,-5.182],[-43.267,-5.206],[-43.353,-5.192],[-43.449,-5.224],[-43.437,-5.276],[-43.45,-5.287],[-43.529,-5.227],[-43.567,-5.23],[-43.701,-5.298],[-43.74,-5.309],[-43.758,-5.316],[-43.723,-5.386],[-43.626,-5.349],[-43.58,-5.375],[-43.551,-5.403],[-43.531,-5.396],[-43.483,-5.412],[-43.457,-5.452],[-43.401,-5.46],[-43.377,-5.513],[-43.336,-5.564],[-43.184,-5.604],[-43.095,-5.615]]]}},{"type":"Feature","properties":{"code":"2106672"},"geometry":{"type":"Polygon","coordinates":[[[-42.617,-3.611],[-42.61,-3.586],[-42.563,-3.559],[-42.567,-3.558],[-42.753,-3.414],[-42.932,-3.388],[-42.966,-3.423],[-42.988,-3.471],[-42.987,-3.553],[-42.797,-3.53],[-42.633,-3.632],[-42.617,-3.611]]]}},{"type":"Feature","properties":{"code":"2106631"},"geometry":{"type":"Polygon","coordinates":[[[-44.286,-3.765],[-44.378,-3.691],[-44.404,-3.693],[-44.422,-3.713],[-44.46,-3.664],[-44.449,-3.615],[-44.453,-3.562],[-44.532,-3.61],[-44.566,-3.605],[-44.61,-3.659],[-44.61,-3.839],[-44.61,-3.848],[-44.505,-3.849],[-44.48,-3.919],[-44.416,-3.934],[-44.416,-3.914],[-44.354,-3.849],[-44.335,-3.792],[-44.312,-3.769],[-44.286,-3.765]]]}},{"type":"Feature","properties":{"code":"2106508"},"geometry":{"type":"Polygon","coordinates":[[[-45.096,-2.932],[-45.146,-3.014],[-45.141,-3.068],[-45.12,-3.064],[-45.082,-3.09],[-45.072,-3.124],[-45.055,-3.141],[-44.992,-3.153],[-44.968,-3.187],[-44.949,-3.165],[-44.925,-3.16],[-44.865,-3.091],[-44.81,-3.066],[-44.858,-3.04],[-44.909,-3.04],[-44.893,-3.078],[-45.013,-3.023],[-45.046,-3.014],[-45.071,-2.985],[-45.084,-2.931],[-45.096,-2.932]]]}},{"type":"Feature","properties":{"code":"2106904"},"geometry":{"type":"Polygon","coordinates":[[[-45.319,-3.638],[-45.331,-3.673],[-45.324,-3.696],[-45.288,-3.718],[-45.256,-3.695],[-45.236,-3.654],[-45.199,-3.626],[-45.131,-3.588],[-45.123,-3.567],[-45.128,-3.508],[-45.086,-3.457],[-45.084,-3.42],[-45.272,-3.393],[-45.26,-3.371],[-45.335,-3.341],[-45.364,-3.366],[-45.451,-3.296],[-45.58,-3.241],[-45.552,-3.28],[-45.49,-3.307],[-45.444,-3.399],[-45.542,-3.485],[-45.543,-3.49],[-45.522,-3.538],[-45.52,-3.581],[-45.491,-3.611],[-45.465,-3.593],[-45.441,-3.594],[-45.404,-3.577],[-45.355,-3.578],[-45.345,-3.604],[-45.323,-3.603],[-45.289,-3.578],[-45.281,-3.599],[-45.319,-3.638]]]}},{"type":"Feature","properties":{"code":"2106755"},"geometry":{"type":"Polygon","coordinates":[[[-44.61,-3.659],[-44.566,-3.605],[-44.532,-3.61],[-44.453,-3.562],[-44.4,-3.53],[-44.407,-3.511],[-44.386,-3.476],[-44.404,-3.461],[-44.471,-3.485],[-44.501,-3.466],[-44.522,-3.471],[-44.584,-3.451],[-44.594,-3.446],[-44.626,-3.49],[-44.61,-3.659]]]}},{"type":"Feature","properties":{"code":"2106706"},"geometry":{"type":"Polygon","coordinates":[[[-44.791,-6.714],[-44.739,-6.711],[-44.699,-6.694],[-44.66,-6.697],[-44.63,-6.68],[-44.463,-6.526],[-44.172,-6.256],[-44.239,-6.167],[-44.314,-6.025],[-44.363,-6.002],[-44.41,-6.005],[-44.424,-6.015],[-44.493,-5.984],[-44.547,-5.997],[-44.564,-5.993],[-44.602,-6.017],[-44.691,-6.051],[-44.742,-6.09],[-44.8,-6.118],[-44.832,-6.146],[-44.866,-6.162],[-44.879,-6.202],[-44.912,-6.258],[-44.92,-6.294],[-44.965,-6.34],[-45.005,-6.352],[-45.073,-6.347],[-45.074,-6.325],[-45.104,-6.323],[-45.129,-6.306],[-45.165,-6.302],[-45.216,-6.318],[-45.238,-6.339],[-45.301,-6.374],[-45.305,-6.389],[-45.398,-6.429],[-45.498,-6.419],[-45.516,-6.437],[-45.579,-6.452],[-45.628,-6.477],[-45.706,-6.468],[-45.729,-6.515],[-45.722,-6.53],[-45.78,-6.59],[-45.841,-6.6],[-45.887,-6.632],[-45.926,-6.647],[-45.948,-6.674],[-45.851,-6.721],[-45.801,-6.719],[-45.746,-6.7],[-45.73,-6.715],[-45.68,-6.728],[-45.644,-6.756],[-45.605,-6.814],[-45.573,-6.819],[-45.546,-6.804],[-45.502,-6.804],[-45.432,-6.777],[-45.409,-6.76],[-45.368,-6.762],[-45.354,-6.78],[-45.322,-6.781],[-45.29,-6.797],[-45.254,-6.788],[-45.21,-6.803],[-45.171,-6.798],[-45.12,-6.816],[-45.063,-6.763],[-45.005,-6.73],[-44.958,-6.736],[-44.939,-6.716],[-44.902,-6.706],[-44.852,-6.703],[-44.791,-6.714]]]}},{"type":"Feature","properties":{"code":"2106805"},"geometry":{"type":"Polygon","coordinates":[[[-44.935,-2.233],[-44.906,-2.197],[-44.869,-2.166],[-44.868,-2.135],[-44.828,-2.152],[-44.796,-2.152],[-44.784,-2.187],[-44.783,-2.169],[-44.752,-2.137],[-44.754,-2.12],[-44.721,-2.075],[-44.71,-2.031],[-44.722,-1.975],[-44.705,-1.967],[-44.7,-1.95],[-44.729,-1.889],[-44.78,-1.944],[-44.925,-1.945],[-44.925,-2.015],[-44.97,-2.015],[-44.967,-2.171],[-44.961,-2.245],[-44.935,-2.233]]]}},{"type":"Feature","properties":{"code":"2106102"},"geometry":{"type":"Polygon","coordinates":[[[-45.322,-6.781],[-45.332,-6.821],[-45.278,-6.941],[-45.244,-6.956],[-45.247,-6.986],[-45.275,-7.011],[-45.276,-7.059],[-45.264,-7.09],[-45.291,-7.148],[-45.313,-7.148],[-45.322,-7.195],[-45.5,-7.42],[-45.645,-7.606],[-45.608,-7.589],[-45.538,-7.597],[-45.515,-7.629],[-45.487,-7.637],[-45.456,-7.67],[-45.398,-7.639],[-45.335,-7.578],[-45.262,-7.571],[-45.233,-7.549],[-45.215,-7.567],[-45.155,-7.513],[-45.086,-7.502],[-44.987,-7.102],[-44.971,-7.077],[-44.992,-7.024],[-44.936,-6.868],[-44.98,-6.791],[-44.958,-6.736],[-45.005,-6.73],[-45.063,-6.763],[-45.12,-6.816],[-45.171,-6.798],[-45.21,-6.803],[-45.254,-6.788],[-45.29,-6.797],[-45.322,-6.781]]]}},{"type":"Feature","properties":{"code":"2105989"},"geometry":{"type":"Polygon","coordinates":[[[-47.043,-6.197],[-47.039,-6.212],[-46.959,-6.231],[-46.855,-6.189],[-46.848,-6.195],[-46.801,-6.204],[-46.702,-6.19],[-46.672,-6.134],[-46.727,-6.086],[-46.713,-6.069],[-46.742,-6.034],[-46.735,-6.013],[-46.763,-5.978],[-46.783,-5.967],[-46.843,-5.968],[-46.884,-6.01],[-46.92,-6.015],[-46.952,-6.039],[-46.986,-6.051],[-47.026,-6.046],[-47.041,-6.027],[-47.088,-6.029],[-47.098,-6.019],[-47.18,-6.035],[-47.191,-6.021],[-47.235,-6.036],[-47.222,-6.078],[-47.242,-6.109],[-47.206,-6.118],[-47.165,-6.113],[-47.112,-6.156],[-47.089,-6.154],[-47.069,-6.183],[-47.043,-6.197]]]}},{"type":"Feature","properties":{"code":"2105963"},"geometry":{"type":"Polygon","coordinates":[[[-45.239,-5.015],[-45.238,-4.98],[-45.276,-4.958],[-45.281,-4.895],[-45.291,-4.853],[-45.317,-4.807],[-45.348,-4.794],[-45.408,-4.796],[-45.426,-4.77],[-45.456,-4.788],[-45.461,-4.814],[-45.489,-4.866],[-45.521,-4.873],[-45.555,-4.898],[-45.571,-4.944],[-45.606,-4.993],[-45.28,-5.055],[-45.239,-5.015]]]}},{"type":"Feature","properties":{"code":"2105948"},"geometry":{"type":"Polygon","coordinates":[[[-44.843,-4.505],[-44.871,-4.487],[-44.919,-4.495],[-44.928,-4.521],[-44.998,-4.593],[-44.998,-4.632],[-45.041,-4.686],[-45.04,-4.691],[-44.979,-4.671],[-44.951,-4.693],[-44.933,-4.667],[-44.903,-4.645],[-44.892,-4.585],[-44.851,-4.548],[-44.843,-4.505]]]}},{"type":"Feature","properties":{"code":"2106003"},"geometry":{"type":"Polygon","coordinates":[[[-44.398,-4.666],[-44.414,-4.618],[-44.348,-4.558],[-44.431,-4.481],[-44.577,-4.475],[-44.575,-4.519],[-44.543,-4.535],[-44.54,-4.572],[-44.52,-4.607],[-44.495,-4.619],[-44.486,-4.65],[-44.398,-4.666]]]}},{"type":"Feature","properties":{"code":"2106359"},"geometry":{"type":"Polygon","coordinates":[[[-45.426,-4.77],[-45.419,-4.691],[-45.402,-4.689],[-45.345,-4.649],[-45.364,-4.636],[-45.366,-4.606],[-45.388,-4.585],[-45.437,-4.572],[-45.477,-4.613],[-45.54,-4.605],[-45.6,-4.606],[-45.61,-4.591],[-45.646,-4.626],[-45.68,-4.613],[-45.714,-4.559],[-45.92,-4.559],[-45.922,-4.616],[-45.923,-4.64],[-45.867,-4.628],[-45.849,-4.744],[-45.712,-4.775],[-45.707,-4.834],[-45.598,-4.894],[-45.572,-4.92],[-45.571,-4.944],[-45.555,-4.898],[-45.521,-4.873],[-45.489,-4.866],[-45.461,-4.814],[-45.456,-4.788],[-45.426,-4.77]]]}},{"type":"Feature","properties":{"code":"2106326"},"geometry":{"type":"Polygon","coordinates":[[[-46.148,-2.223],[-46.126,-2.216],[-46.069,-2.151],[-46.051,-2.144],[-45.998,-2.157],[-45.984,-2.118],[-45.911,-2.009],[-45.909,-1.938],[-45.891,-1.916],[-45.872,-1.801],[-45.876,-1.784],[-45.948,-1.795],[-45.983,-1.824],[-46.051,-1.909],[-46.077,-1.921],[-46.082,-1.95],[-46.049,-2.001],[-46.059,-2.051],[-46.099,-2.093],[-46.108,-2.135],[-46.151,-2.195],[-46.148,-2.223]]]}},{"type":"Feature","properties":{"code":"2106409"},"geometry":{"type":"Polygon","coordinates":[[[-43.123,-3.69],[-43.113,-3.637],[-43.088,-3.586],[-43.097,-3.534],[-43.129,-3.528],[-43.149,-3.555],[-43.173,-3.553],[-43.194,-3.518],[-43.221,-3.52],[-43.238,-3.539],[-43.295,-3.551],[-43.312,-3.537],[-43.335,-3.56],[-43.388,-3.55],[-43.384,-3.584],[-43.364,-3.63],[-43.368,-3.65],[-43.34,-3.661],[-43.335,-3.683],[-43.231,-3.706],[-43.215,-3.76],[-43.198,-3.783],[-43.123,-3.69]]]}},{"type":"Feature","properties":{"code":"2106375"},"geometry":{"type":"Polygon","coordinates":[[[-45.998,-2.274],[-46.008,-2.296],[-46.001,-2.352],[-46.013,-2.419],[-46.032,-2.433],[-46.031,-2.461],[-46.052,-2.49],[-46.068,-2.561],[-46.054,-2.585],[-46.062,-2.668],[-46.075,-2.682],[-46.064,-2.686],[-45.99,-2.696],[-45.998,-2.666],[-45.984,-2.612],[-45.946,-2.579],[-45.912,-2.529],[-45.904,-2.429],[-45.901,-2.414],[-45.852,-2.345],[-45.839,-2.288],[-45.832,-2.229],[-45.776,-2.187],[-45.747,-2.189],[-45.8,-2.153],[-45.864,-2.182],[-45.947,-2.205],[-45.935,-2.251],[-45.998,-2.274]]]}},{"type":"Feature","properties":{"code":"2106201"},"geometry":{"type":"Polygon","coordinates":[[[-45.935,-1.576],[-45.916,-1.535],[-45.891,-1.51],[-45.873,-1.458],[-45.848,-1.428],[-45.825,-1.418],[-45.798,-1.362],[-45.802,-1.327],[-45.83,-1.315],[-45.847,-1.288],[-45.798,-1.254],[-45.781,-1.193],[-45.8,-1.18],[-45.849,-1.213],[-45.853,-1.238],[-45.886,-1.265],[-45.907,-1.3],[-46.016,-1.524],[-45.935,-1.576]]]}},{"type":"Feature","properties":{"code":"2106300"},"geometry":{"type":"Polygon","coordinates":[[[-42.202,-3.431],[-42.195,-3.399],[-42.151,-3.387],[-42.146,-3.356],[-42.126,-3.346],[-42.124,-3.267],[-42.069,-3.264],[-42.041,-3.247],[-42.013,-3.248],[-41.986,-3.223],[-42.245,-3.199],[-42.277,-3.267],[-42.273,-3.445],[-42.225,-3.427],[-42.202,-3.431]]]}},{"type":"Feature","properties":{"code":"2105658"},"geometry":{"type":"Polygon","coordinates":[[[-46.263,-2.049],[-46.059,-2.051],[-46.049,-2.001],[-46.082,-1.95],[-46.077,-1.921],[-46.051,-1.909],[-45.983,-1.824],[-45.948,-1.795],[-45.999,-1.788],[-46.056,-1.741],[-46.069,-1.728],[-46.113,-1.819],[-46.223,-1.915],[-46.263,-2.049]]]}},{"type":"Feature","properties":{"code":"2105609"},"geometry":{"type":"Polygon","coordinates":[[[-44.763,-5.181],[-44.753,-5.16],[-44.722,-5.15],[-44.659,-5.085],[-44.666,-5.057],[-44.639,-5.038],[-44.607,-4.981],[-44.618,-4.901],[-44.643,-4.857],[-44.644,-4.856],[-44.656,-4.874],[-44.696,-4.888],[-44.701,-4.905],[-44.78,-4.928],[-44.798,-4.924],[-44.867,-4.939],[-44.928,-4.992],[-44.933,-5.014],[-44.935,-5.022],[-44.919,-5.039],[-44.892,-5.032],[-44.87,-5.045],[-44.856,-5.106],[-44.834,-5.113],[-44.824,-5.146],[-44.763,-5.181]]]}},{"type":"Feature","properties":{"code":"2105476"},"geometry":{"type":"Polygon","coordinates":[[[-45.574,-5.731],[-45.549,-5.711],[-45.553,-5.694],[-45.503,-5.656],[-45.482,-5.621],[-45.427,-5.604],[-45.523,-5.509],[-45.421,-5.447],[-45.484,-5.298],[-45.46,-5.269],[-45.426,-5.29],[-45.37,-5.28],[-45.339,-5.247],[-45.359,-5.225],[-45.34,-5.207],[-45.345,-5.156],[-45.441,-5.118],[-45.483,-5.069],[-45.519,-5.141],[-45.532,-5.191],[-45.618,-5.154],[-45.684,-5.18],[-45.746,-5.285],[-45.776,-5.283],[-45.81,-5.311],[-45.74,-5.403],[-45.711,-5.59],[-45.608,-5.776],[-45.574,-5.731]]]}},{"type":"Feature","properties":{"code":"2105450"},"geometry":{"type":"Polygon","coordinates":[[[-44.472,-5.862],[-44.477,-5.881],[-44.458,-5.913],[-44.394,-5.905],[-44.304,-5.926],[-44.266,-5.955],[-44.158,-5.913],[-44.106,-5.872],[-44.091,-5.84],[-44.233,-5.764],[-44.498,-5.801],[-44.459,-5.826],[-44.472,-5.862]]]}},{"type":"Feature","properties":{"code":"2105427"},"geometry":{"type":"Polygon","coordinates":[[[-47.68,-4.609],[-47.693,-4.649],[-47.682,-4.713],[-47.646,-4.728],[-47.615,-4.702],[-47.574,-4.707],[-47.495,-4.701],[-47.495,-4.652],[-47.447,-4.636],[-47.396,-4.649],[-47.308,-4.699],[-47.287,-4.697],[-47.23,-4.637],[-47.225,-4.601],[-47.254,-4.508],[-47.242,-4.437],[-47.188,-4.389],[-47.139,-4.319],[-47.126,-4.284],[-47.073,-4.237],[-47.03,-4.221],[-47.01,-4.175],[-46.968,-4.119],[-46.962,-4.091],[-46.927,-4.087],[-46.912,-4.041],[-46.92,-3.992],[-46.945,-3.924],[-46.937,-3.87],[-46.984,-3.726],[-47.029,-3.682],[-47.025,-3.615],[-47.031,-3.605],[-47.051,-3.653],[-47.039,-3.673],[-47.053,-3.747],[-47.085,-3.857],[-47.127,-3.877],[-47.135,-3.902],[-47.173,-3.924],[-47.169,-3.941],[-47.195,-3.986],[-47.24,-4.0],[-47.293,-4.052],[-47.319,-4.048],[-47.347,-4.109],[-47.357,-4.177],[-47.376,-4.223],[-47.373,-4.245],[-47.442,-4.287],[-47.48,-4.329],[-47.476,-4.356],[-47.537,-4.452],[-47.562,-4.472],[-47.584,-4.523],[-47.615,-4.56],[-47.68,-4.609]]]}},{"type":"Feature","properties":{"code":"2105500"},"geometry":{"type":"Polygon","coordinates":[[[-47.398,-5.483],[-47.37,-5.457],[-47.336,-5.44],[-47.31,-5.386],[-47.227,-5.343],[-47.202,-5.355],[-47.175,-5.35],[-47.154,-5.331],[-47.111,-5.314],[-47.064,-5.314],[-47.032,-5.282],[-46.999,-5.265],[-46.946,-5.213],[-46.89,-5.207],[-46.87,-5.139],[-46.871,-5.096],[-46.9,-5.04],[-46.907,-4.998],[-46.959,-5.038],[-47.042,-5.061],[-47.081,-5.057],[-47.12,-5.089],[-47.136,-5.143],[-47.157,-5.179],[-47.179,-5.193],[-47.185,-5.221],[-47.276,-5.314],[-47.313,-5.307],[-47.336,-5.263],[-47.364,-5.259],[-47.431,-5.333],[-47.42,-5.448],[-47.398,-5.483]]]}},{"type":"Feature","properties":{"code":"2114007"},"geometry":{"type":"Polygon","coordinates":[[[-46.278,-3.346],[-46.264,-3.319],[-46.197,-3.363],[-46.061,-3.363],[-46.02,-3.378],[-45.94,-3.366],[-45.909,-3.379],[-45.879,-3.316],[-45.799,-3.336],[-45.66,-3.339],[-45.632,-3.369],[-45.593,-3.426],[-45.545,-3.47],[-45.542,-3.485],[-45.444,-3.399],[-45.49,-3.307],[-45.552,-3.28],[-45.58,-3.241],[-45.58,-3.239],[-45.6,-3.187],[-45.624,-3.053],[-45.639,-3.083],[-45.642,-3.119],[-45.711,-3.101],[-45.781,-3.217],[-45.808,-3.23],[-45.927,-3.236],[-45.951,-3.187],[-45.919,-3.125],[-45.931,-3.098],[-45.902,-3.028],[-45.925,-3.034],[-45.946,-3.067],[-46.005,-3.067],[-46.053,-3.091],[-46.061,-3.111],[-46.093,-3.123],[-46.099,-3.148],[-46.152,-3.162],[-46.242,-3.166],[-46.265,-3.159],[-46.281,-3.193],[-46.311,-3.191],[-46.35,-3.214],[-46.391,-3.274],[-46.396,-3.291],[-46.278,-3.346]]]}},{"type":"Feature","properties":{"code":"2105807"},"geometry":{"type":"Polygon","coordinates":[[[-45.041,-4.686],[-44.998,-4.632],[-44.998,-4.593],[-44.928,-4.521],[-44.919,-4.495],[-44.871,-4.487],[-44.843,-4.505],[-44.849,-4.456],[-44.873,-4.384],[-44.989,-4.459],[-45.046,-4.481],[-45.06,-4.57],[-45.082,-4.597],[-45.085,-4.624],[-45.045,-4.668],[-45.041,-4.686]]]}},{"type":"Feature","properties":{"code":"2105922"},"geometry":{"type":"Polygon","coordinates":[[[-43.398,-6.276],[-43.319,-6.261],[-43.313,-6.193],[-43.328,-6.108],[-43.314,-6.025],[-43.307,-6.021],[-43.334,-5.911],[-43.566,-5.913],[-43.57,-5.904],[-43.536,-5.838],[-43.56,-5.805],[-43.56,-5.772],[-43.597,-5.773],[-43.606,-5.738],[-43.677,-5.768],[-43.717,-5.802],[-43.719,-5.847],[-43.676,-5.871],[-43.683,-5.909],[-43.671,-5.938],[-43.663,-6.009],[-43.64,-6.043],[-43.603,-6.075],[-43.593,-6.099],[-43.547,-6.137],[-43.539,-6.171],[-43.553,-6.19],[-43.578,-6.262],[-43.553,-6.271],[-43.521,-6.26],[-43.491,-6.269],[-43.45,-6.26],[-43.398,-6.276]]]}},{"type":"Feature","properties":{"code":"2105906"},"geometry":{"type":"Polygon","coordinates":[[[-45.012,-4.114],[-44.842,-4.113],[-44.852,-4.081],[-44.83,-4.077],[-44.801,-4.047],[-44.803,-4.003],[-44.753,-3.945],[-44.715,-3.919],[-44.677,-3.882],[-44.661,-3.885],[-44.624,-3.859],[-44.622,-3.851],[-44.933,-3.916],[-44.957,-3.873],[-45.01,-3.965],[-45.029,-4.041],[-45.012,-4.114]]]}},{"type":"Feature","properties":{"code":"2105708"},"geometry":{"type":"Polygon","coordinates":[[[-45.041,-4.912],[-45.118,-4.94],[-45.125,-4.913],[-45.156,-4.863],[-45.145,-4.741],[-45.04,-4.691],[-45.041,-4.686],[-45.045,-4.668],[-45.085,-4.624],[-45.082,-4.597],[-45.06,-4.57],[-45.046,-4.481],[-45.061,-4.456],[-45.089,-4.45],[-45.094,-4.423],[-45.161,-4.519],[-45.214,-4.552],[-45.2,-4.57],[-45.206,-4.603],[-45.237,-4.623],[-45.26,-4.65],[-45.302,-4.667],[-45.345,-4.649],[-45.402,-4.689],[-45.419,-4.691],[-45.426,-4.77],[-45.408,-4.796],[-45.348,-4.794],[-45.317,-4.807],[-45.291,-4.853],[-45.281,-4.895],[-45.276,-4.958],[-45.238,-4.98],[-45.239,-5.015],[-45.193,-4.999],[-45.133,-4.997],[-45.104,-4.969],[-45.058,-4.947],[-45.04,-4.93],[-45.041,-4.912]]]}},{"type":"Feature","properties":{"code":"2105153"},"geometry":{"type":"Polygon","coordinates":[[[-45.146,-3.731],[-45.111,-3.749],[-45.089,-3.723],[-45.048,-3.717],[-44.997,-3.587],[-45.031,-3.571],[-45.058,-3.572],[-45.106,-3.558],[-45.123,-3.567],[-45.131,-3.588],[-45.199,-3.626],[-45.236,-3.654],[-45.256,-3.695],[-45.288,-3.718],[-45.146,-3.731]]]}},{"type":"Feature","properties":{"code":"2105104"},"geometry":{"type":"Polygon","coordinates":[[[-44.05,-2.808],[-43.745,-2.808],[-43.745,-2.638],[-43.69,-2.604],[-43.688,-2.569],[-43.706,-2.56],[-43.711,-2.52],[-43.697,-2.515],[-43.717,-2.476],[-43.748,-2.494],[-43.76,-2.466],[-43.741,-2.435],[-43.762,-2.419],[-43.798,-2.44],[-43.803,-2.391],[-43.838,-2.417],[-43.85,-2.51],[-43.89,-2.534],[-43.892,-2.555],[-43.931,-2.562],[-43.956,-2.622],[-44.004,-2.638],[-44.079,-2.744],[-44.05,-2.808]]]}},{"type":"Feature","properties":{"code":"2104909"},"geometry":{"type":"Polygon","coordinates":[[[-44.678,-2.28],[-44.682,-2.255],[-44.634,-2.228],[-44.587,-2.166],[-44.589,-2.137],[-44.567,-2.126],[-44.555,-2.098],[-44.498,-2.049],[-44.519,-2.035],[-44.566,-2.022],[-44.578,-2.029],[-44.616,-2.035],[-44.644,-2.059],[-44.721,-2.075],[-44.754,-2.12],[-44.752,-2.137],[-44.783,-2.169],[-44.784,-2.187],[-44.798,-2.222],[-44.761,-2.271],[-44.678,-2.28]]]}},{"type":"Feature","properties":{"code":"2105005"},"geometry":{"type":"MultiPolygon","coordinates":[[[[-43.571,-3.038],[-43.551,-3.022],[-43.499,-3.015],[-43.487,-2.989],[-43.457,-2.984],[-43.426,-2.948],[-43.417,-2.917],[-43.456,-2.885],[-43.462,-2.833],[-43.438,-2.779],[-43.446,-2.742],[-43.435,-2.646],[-43.444,-2.607],[-43.462,-2.593],[-43.45,-2.559],[-43.462,-2.486],[-43.507,-2.478],[-43.537,-2.422],[-43.555,-2.447],[-43.558,-2.48],[-43.624,-2.51],[-43.65,-2.493],[-43.697,-2.515],[-43.711,-2.52],[-43.706,-2.56],[-43.688,-2.569],[-43.69,-2.604],[-43.745,-2.638],[-43.599,-2.964],[-43.571,-3.038]]],[[[-43.613,-2.382],[-43.581,-2.423],[-43.562,-2.424],[-43.544,-2.387],[-43.558,-2.356],[-43.598,-2.367],[-43.613,-2.382]]],[[[-43.762,-2.419],[-43.741,-2.435],[-43.711,-2.427],[-43.686,-2.397],[-43.645,-2.401],[-43.629,-2.358],[-43.625,-2.307],[-43.594,-2.283],[-43.604,-2.258],[-43.627,-2.251],[-43.72,-2.291],[-43.722,-2.322],[-43.74,-2.35],[-43.727,-2.386],[-43.762,-2.419]]]]}},{"type":"Feature","properties":{"code":"2105302"},"geometry":{"type":"Polygon","coordinates":[[[-47.396,-5.645],[-47.441,-5.579],[-47.425,-5.523],[-47.407,-5.509],[-47.398,-5.483],[-47.42,-5.448],[-47.431,-5.333],[-47.364,-5.259],[-47.383,-5.271],[-47.416,-5.233],[-47.484,-5.177],[-47.502,-5.138],[-47.527,-5.177],[-47.539,-5.156],[-47.625,-5.16],[-47.667,-5.167],[-47.687,-5.156],[-47.705,-5.234],[-47.726,-5.229],[-47.753,-5.25],[-47.82,-5.326],[-47.84,-5.334],[-47.867,-5.305],[-47.868,-5.343],[-47.828,-5.387],[-47.744,-5.38],[-47.68,-5.415],[-47.619,-5.46],[-47.581,-5.47],[-47.56,-5.463],[-47.5,-5.526],[-47.483,-5.565],[-47.48,-5.622],[-47.396,-5.645]]]}},{"type":"Feature","properties":{"code":"2105401"},"geometry":{"type":"Polygon","coordinates":[[[-44.081,-3.48],[-44.063,-3.438],[-44.065,-3.398],[-44.057,-3.364],[-44.039,-3.336],[-44.047,-3.291],[-44.065,-3.188],[-44.102,-3.219],[-44.102,-3.253],[-44.17,-3.267],[-44.209,-3.253],[-44.243,-3.308],[-44.262,-3.29],[-44.293,-3.288],[-44.303,-3.265],[-44.333,-3.264],[-44.358,-3.248],[-44.371,-3.222],[-44.438,-3.216],[-44.422,-3.243],[-44.493,-3.335],[-44.535,-3.398],[-44.584,-3.451],[-44.522,-3.471],[-44.501,-3.466],[-44.471,-3.485],[-44.404,-3.461],[-44.386,-3.476],[-44.407,-3.511],[-44.4,-3.53],[-44.398,-3.538],[-44.088,-3.536],[-44.094,-3.522],[-44.081,-3.48]]]}},{"type":"Feature","properties":{"code":"2105351"},"geometry":{"type":"Polygon","coordinates":[[[-45.74,-5.403],[-45.81,-5.311],[-45.776,-5.283],[-45.746,-5.285],[-45.684,-5.18],[-45.618,-5.154],[-45.532,-5.191],[-45.519,-5.141],[-45.483,-5.069],[-45.441,-5.118],[-45.345,-5.156],[-45.34,-5.207],[-45.314,-5.164],[-45.331,-5.122],[-45.329,-5.096],[-45.28,-5.055],[-45.606,-4.993],[-45.62,-4.988],[-45.684,-5.039],[-45.725,-5.048],[-45.77,-5.113],[-45.795,-5.122],[-45.793,-5.147],[-45.867,-5.234],[-45.906,-5.255],[-45.932,-5.313],[-45.973,-5.336],[-46.002,-5.362],[-45.904,-5.427],[-45.886,-5.444],[-45.841,-5.412],[-45.799,-5.449],[-45.74,-5.403]]]}},{"type":"Feature","properties":{"code":"2105203"},"geometry":{"type":"Polygon","coordinates":[[[-44.951,-4.693],[-44.755,-4.711],[-44.798,-4.608],[-44.801,-4.569],[-44.748,-4.566],[-44.748,-4.455],[-44.849,-4.456],[-44.843,-4.505],[-44.851,-4.548],[-44.892,-4.585],[-44.903,-4.645],[-44.933,-4.667],[-44.951,-4.693]]]}},{"type":"Feature","properties":{"code":"2104552"},"geometry":{"type":"Polygon","coordinates":[[[-47.342,-5.816],[-47.288,-5.769],[-47.212,-5.774],[-47.17,-5.739],[-47.135,-5.729],[-47.086,-5.672],[-47.12,-5.654],[-47.303,-5.658],[-47.325,-5.639],[-47.356,-5.648],[-47.396,-5.645],[-47.48,-5.622],[-47.477,-5.637],[-47.474,-5.662],[-47.493,-5.71],[-47.483,-5.759],[-47.442,-5.831],[-47.423,-5.82],[-47.373,-5.83],[-47.342,-5.816]]]}},{"type":"Feature","properties":{"code":"2112803"},"geometry":{"type":"Polygon","coordinates":[[[-45.073,-3.264],[-45.033,-3.239],[-45.019,-3.279],[-45.02,-3.315],[-44.993,-3.335],[-44.953,-3.341],[-44.943,-3.306],[-44.898,-3.302],[-44.873,-3.284],[-44.748,-3.298],[-44.78,-3.225],[-44.766,-3.206],[-44.711,-3.189],[-44.674,-3.152],[-44.692,-3.132],[-44.744,-3.12],[-44.81,-3.075],[-44.81,-3.066],[-44.865,-3.091],[-44.925,-3.16],[-44.949,-3.165],[-44.968,-3.187],[-44.992,-3.153],[-45.055,-3.141],[-45.072,-3.124],[-45.082,-3.09],[-45.12,-3.064],[-45.141,-3.068],[-45.146,-3.014],[-45.096,-2.932],[-45.126,-2.921],[-45.218,-2.953],[-45.231,-3.012],[-45.277,-3.059],[-45.279,-3.079],[-45.319,-3.126],[-45.26,-3.142],[-45.195,-3.168],[-45.145,-3.181],[-45.136,-3.2],[-45.073,-3.264]]]}},{"type":"Feature","properties":{"code":"2104628"},"geometry":{"type":"Polygon","coordinates":[[[-44.209,-5.464],[-44.196,-5.545],[-44.157,-5.521],[-44.123,-5.588],[-44.125,-5.6],[-44.177,-5.65],[-44.183,-5.677],[-44.165,-5.707],[-44.147,-5.676],[-44.114,-5.642],[-44.043,-5.609],[-44.019,-5.554],[-44.022,-5.525],[-43.992,-5.508],[-43.974,-5.538],[-43.942,-5.535],[-43.96,-5.498],[-43.98,-5.496],[-44.002,-5.448],[-44.021,-5.425],[-44.025,-5.378],[-44.051,-5.389],[-44.068,-5.459],[-44.187,-5.451],[-44.207,-5.464],[-44.209,-5.464]]]}},{"type":"Feature","properties":{"code":"2104602"},"geometry":{"type":"Polygon","coordinates":[[[-44.207,-5.464],[-44.187,-5.451],[-44.068,-5.459],[-44.051,-5.389],[-44.025,-5.378],[-43.869,-5.473],[-43.86,-5.431],[-43.883,-5.385],[-43.883,-5.334],[-43.872,-5.321],[-43.909,-5.319],[-43.954,-5.332],[-44.01,-5.312],[-44.095,-5.349],[-44.131,-5.23],[-44.307,-5.331],[-44.207,-5.464]]]}},{"type":"Feature","properties":{"code":"2112605"},"geometry":{"type":"Polygon","coordinates":[[[-43.388,-3.55],[-43.335,-3.56],[-43.312,-3.537],[-43.235,-3.385],[-43.216,-3.394],[-43.182,-3.443],[-43.138,-3.466],[-43.163,-3.433],[-43.16,-3.359],[-43.127,-3.34],[-43.134,-3.294],[-43.112,-3.244],[-43.087,-3.244],[-43.087,-3.218],[-43.031,-3.173],[-43.043,-3.137],[-43.141,-3.078],[-43.151,-3.043],[-43.181,-2.995],[-43.222,-3.022],[-43.243,-2.992],[-43.298,-3.022],[-43.319,-3.022],[-43.269,-3.063],[-43.279,-3.081],[-43.345,-3.102],[-43.412,-3.15],[-43.451,-3.184],[-43.512,-3.224],[-43.518,-3.241],[-43.604,-3.236],[-43.458,-3.285],[-43.447,-3.317],[-43.423,-3.365],[-43.438,-3.412],[-43.415,-3.437],[-43.396,-3.501],[-43.4,-3.532],[-43.388,-3.55]]]}},{"type":"Feature","properties":{"code":"2104404"},"geometry":{"type":"Polygon","coordinates":[[[-44.307,-5.331],[-44.131,-5.23],[-44.017,-5.167],[-44.003,-5.164],[-43.96,-5.051],[-43.987,-5.011],[-44.021,-4.98],[-44.066,-4.994],[-44.21,-5.095],[-44.277,-5.092],[-44.327,-5.116],[-44.352,-5.118],[-44.341,-5.196],[-44.37,-5.227],[-44.358,-5.277],[-44.346,-5.278],[-44.307,-5.331]]]}},{"type":"Feature","properties":{"code":"2112704"},"geometry":{"type":"Polygon","coordinates":[[[-43.895,-3.969],[-43.729,-3.935],[-43.607,-3.619],[-43.66,-3.589],[-43.699,-3.579],[-43.742,-3.536],[-43.774,-3.527],[-43.788,-3.491],[-43.813,-3.477],[-43.984,-3.501],[-44.016,-3.507],[-44.051,-3.482],[-44.081,-3.48],[-44.094,-3.522],[-44.088,-3.536],[-44.051,-3.587],[-44.032,-3.688],[-44.048,-3.704],[-43.993,-3.842],[-43.938,-4.0],[-43.895,-3.969]]]}},{"type":"Feature","properties":{"code":"2104503"},"geometry":{"type":"Polygon","coordinates":[[[-44.352,-5.118],[-44.327,-5.116],[-44.277,-5.092],[-44.21,-5.095],[-44.066,-4.994],[-44.108,-4.988],[-44.135,-4.949],[-44.116,-4.923],[-44.122,-4.904],[-44.17,-4.912],[-44.186,-4.879],[-44.208,-4.883],[-44.217,-4.908],[-44.307,-4.912],[-44.312,-5.024],[-44.35,-5.11],[-44.352,-5.118]]]}},{"type":"Feature","properties":{"code":"2113009"},"geometry":{"type":"Polygon","coordinates":[[[-45.422,-4.441],[-45.335,-4.424],[-45.295,-4.424],[-45.239,-4.394],[-45.127,-4.413],[-45.127,-4.367],[-45.107,-4.329],[-45.204,-4.197],[-45.216,-4.164],[-45.253,-4.149],[-45.27,-4.121],[-45.313,-4.094],[-45.32,-4.068],[-45.294,-4.024],[-45.323,-3.966],[-45.312,-3.912],[-45.335,-3.905],[-45.34,-3.87],[-45.373,-3.908],[-45.358,-3.985],[-45.387,-3.996],[-45.403,-4.024],[-45.403,-4.055],[-45.422,-4.067],[-45.448,-4.119],[-45.432,-4.141],[-45.403,-4.115],[-45.356,-4.131],[-45.364,-4.169],[-45.403,-4.187],[-45.426,-4.265],[-45.449,-4.296],[-45.421,-4.326],[-45.47,-4.347],[-45.481,-4.37],[-45.512,-4.396],[-45.47,-4.428],[-45.423,-4.417],[-45.422,-4.441]]]}},{"type":"Feature","properties":{"code":"2104800"},"geometry":{"type":"Polygon","coordinates":[[[-45.839,-6.302],[-45.782,-6.232],[-45.763,-6.238],[-45.742,-6.202],[-45.702,-6.191],[-45.662,-6.167],[-45.66,-6.152],[-45.615,-6.12],[-45.613,-6.106],[-45.562,-6.077],[-45.526,-6.022],[-45.525,-6.001],[-45.416,-5.939],[-45.376,-5.933],[-45.574,-5.731],[-45.608,-5.776],[-45.711,-5.59],[-45.74,-5.403],[-45.799,-5.449],[-45.841,-5.412],[-45.886,-5.444],[-45.904,-5.427],[-46.002,-5.362],[-45.973,-5.336],[-45.932,-5.313],[-45.986,-5.289],[-46.01,-5.305],[-46.097,-5.292],[-46.187,-5.271],[-46.205,-5.326],[-46.25,-5.351],[-46.308,-5.362],[-46.33,-5.334],[-46.33,-5.655],[-46.349,-5.678],[-46.41,-5.724],[-46.438,-5.724],[-46.47,-5.751],[-46.464,-6.0],[-46.465,-6.282],[-46.451,-6.267],[-46.067,-6.246],[-46.023,-6.264],[-45.98,-6.257],[-45.903,-6.295],[-45.886,-6.344],[-45.842,-6.324],[-45.839,-6.302]]]}},{"type":"Feature","properties":{"code":"2112902"},"geometry":{"type":"Polygon","coordinates":[[[-45.043,-3.723],[-44.946,-3.695],[-44.924,-3.709],[-44.912,-3.748],[-44.88,-3.746],[-44.845,-3.678],[-44.818,-3.678],[-44.793,-3.658],[-44.814,-3.639],[-44.808,-3.595],[-44.84,-3.574],[-44.831,-3.547],[-44.854,-3.498],[-44.819,-3.474],[-44.864,-3.346],[-44.894,-3.372],[-44.9,-3.425],[-44.917,-3.43],[-44.931,-3.463],[-44.974,-3.428],[-45.009,-3.432],[-45.013,-3.458],[-45.05,-3.512],[-45.016,-3.536],[-45.031,-3.571],[-44.997,-3.587],[-45.048,-3.717],[-45.043,-3.723]]]}},{"type":"Feature","properties":{"code":"2104701"},"geometry":{"type":"Polygon","coordinates":[[[-44.358,-5.277],[-44.345,-5.312],[-44.356,-5.337],[-44.399,-5.388],[-44.402,-5.448],[-44.428,-5.471],[-44.381,-5.47],[-44.352,-5.459],[-44.307,-5.478],[-44.298,-5.502],[-44.249,-5.501],[-44.237,-5.475],[-44.209,-5.464],[-44.207,-5.464],[-44.307,-5.331],[-44.346,-5.278],[-44.358,-5.277]]]}},{"type":"Feature","properties":{"code":"2112852"},"geometry":{"type":"Polygon","coordinates":[[[-47.937,-5.24],[-47.917,-5.221],[-47.89,-5.173],[-47.985,-5.046],[-47.98,-5.01],[-48.017,-4.949],[-48.015,-4.864],[-48.058,-4.804],[-48.195,-4.911],[-48.212,-4.925],[-48.187,-4.982],[-48.193,-5.021],[-48.223,-5.074],[-48.21,-5.097],[-48.2,-5.152],[-48.221,-5.195],[-48.225,-5.236],[-48.185,-5.257],[-48.069,-5.271],[-48.015,-5.238],[-47.937,-5.24]]]}},{"type":"Feature","properties":{"code":"2104677"},"geometry":{"type":"Polygon","coordinates":[[[-45.633,-2.179],[-45.651,-2.164],[-45.662,-2.111],[-45.687,-2.087],[-45.675,-2.06],[-45.691,-1.971],[-45.728,-1.939],[-45.796,-1.894],[-45.819,-1.834],[-45.872,-1.801],[-45.891,-1.916],[-45.909,-1.938],[-45.911,-2.009],[-45.984,-2.118],[-45.998,-2.157],[-45.993,-2.174],[-46.005,-2.214],[-45.998,-2.274],[-45.935,-2.251],[-45.947,-2.205],[-45.864,-2.182],[-45.8,-2.153],[-45.747,-2.189],[-45.71,-2.244],[-45.684,-2.227],[-45.639,-2.197],[-45.633,-2.179]]]}},{"type":"Feature","properties":{"code":"2104651"},"geometry":{"type":"Polygon","coordinates":[[[-46.109,-3.486],[-45.688,-3.487],[-45.543,-3.49],[-45.542,-3.485],[-45.545,-3.47],[-45.593,-3.426],[-45.632,-3.369],[-45.66,-3.339],[-45.799,-3.336],[-45.879,-3.316],[-45.909,-3.379],[-45.94,-3.366],[-46.02,-3.378],[-46.061,-3.363],[-46.197,-3.363],[-46.264,-3.319],[-46.278,-3.346],[-46.279,-3.408],[-46.292,-3.433],[-46.262,-3.467],[-46.273,-3.486],[-46.109,-3.486]]]}},{"type":"Feature","properties":{"code":"2112233"},"geometry":{"type":"Polygon","coordinates":[[[-44.725,-4.651],[-44.66,-4.633],[-44.658,-4.606],[-44.61,-4.572],[-44.6,-4.452],[-44.748,-4.455],[-44.748,-4.566],[-44.748,-4.604],[-44.725,-4.651]]]}},{"type":"Feature","properties":{"code":"2104057"},"geometry":{"type":"Polygon","coordinates":[[[-46.941,-7.019],[-46.91,-6.965],[-46.929,-6.938],[-46.93,-6.873],[-46.921,-6.825],[-46.893,-6.807],[-46.883,-6.776],[-46.84,-6.723],[-46.877,-6.677],[-46.941,-6.684],[-46.977,-6.657],[-47.033,-6.67],[-47.152,-6.648],[-47.167,-6.62],[-47.209,-6.586],[-47.213,-6.573],[-47.271,-6.563],[-47.29,-6.539],[-47.315,-6.542],[-47.351,-6.511],[-47.384,-6.518],[-47.425,-6.497],[-47.456,-6.538],[-47.465,-6.582],[-47.469,-6.621],[-47.499,-6.671],[-47.496,-6.697],[-47.494,-6.751],[-47.517,-6.79],[-47.529,-6.828],[-47.52,-6.84],[-47.485,-6.843],[-47.456,-6.874],[-47.399,-6.907],[-47.383,-6.931],[-47.312,-6.95],[-47.274,-6.985],[-47.206,-6.983],[-47.143,-6.996],[-47.058,-7.027],[-46.981,-7.011],[-46.961,-7.03],[-46.941,-7.019]]]}},{"type":"Feature","properties":{"code":"2112209"},"geometry":{"type":"Polygon","coordinates":[[[-42.968,-5.454],[-42.931,-5.439],[-42.911,-5.396],[-42.887,-5.392],[-42.865,-5.369],[-42.825,-5.346],[-42.816,-5.318],[-42.812,-5.282],[-42.83,-5.239],[-42.799,-5.19],[-42.817,-5.102],[-42.835,-5.074],[-42.845,-5.024],[-42.863,-4.968],[-42.854,-4.937],[-42.89,-4.895],[-43.039,-4.927],[-43.043,-5.076],[-43.063,-5.081],[-43.106,-5.07],[-43.132,-5.087],[-43.132,-5.107],[-43.206,-5.143],[-43.159,-5.201],[-43.164,-5.25],[-43.189,-5.287],[-43.151,-5.354],[-43.098,-5.385],[-43.059,-5.385],[-42.968,-5.454]]]}},{"type":"Feature","properties":{"code":"2104008"},"geometry":{"type":"Polygon","coordinates":[[[-45.04,-4.93],[-45.029,-4.961],[-45.006,-4.967],[-44.933,-5.014],[-44.928,-4.992],[-44.867,-4.939],[-44.798,-4.924],[-44.78,-4.928],[-44.701,-4.905],[-44.696,-4.888],[-44.656,-4.874],[-44.644,-4.856],[-44.644,-4.855],[-44.724,-4.848],[-44.762,-4.878],[-44.821,-4.84],[-44.985,-4.825],[-45.036,-4.875],[-45.041,-4.912],[-45.04,-4.93]]]}},{"type":"Feature","properties":{"code":"2112308"},"geometry":{"type":"Polygon","coordinates":[[[-44.8,-6.118],[-44.742,-6.09],[-44.691,-6.051],[-44.602,-6.017],[-44.602,-5.829],[-44.541,-5.82],[-44.544,-5.783],[-44.52,-5.749],[-44.465,-5.736],[-44.453,-5.693],[-44.447,-5.614],[-44.472,-5.576],[-44.481,-5.575],[-44.607,-5.606],[-44.666,-5.661],[-44.727,-5.645],[-44.721,-5.609],[-44.754,-5.59],[-44.743,-5.535],[-44.745,-5.5],[-44.688,-5.432],[-44.649,-5.397],[-44.635,-5.4],[-44.588,-5.378],[-44.549,-5.397],[-44.564,-5.362],[-44.545,-5.343],[-44.569,-5.251],[-44.539,-5.22],[-44.544,-5.17],[-44.596,-5.136],[-44.626,-5.127],[-44.631,-5.104],[-44.659,-5.085],[-44.722,-5.15],[-44.753,-5.16],[-44.763,-5.181],[-44.775,-5.203],[-44.805,-5.22],[-44.816,-5.259],[-44.87,-5.344],[-44.895,-5.355],[-44.926,-5.387],[-44.92,-5.403],[-44.94,-5.444],[-44.944,-5.481],[-44.966,-5.512],[-44.957,-5.57],[-44.968,-5.626],[-44.924,-5.674],[-44.919,-5.702],[-44.925,-5.789],[-44.91,-5.833],[-44.869,-5.887],[-44.852,-5.898],[-44.834,-5.945],[-44.846,-5.983],[-44.8,-6.118]]]}},{"type":"Feature","properties":{"code":"2104107"},"geometry":{"type":"Polygon","coordinates":[[[-45.87,-7.289],[-45.959,-7.051],[-45.907,-7.056],[-45.856,-7.016],[-45.823,-6.963],[-45.879,-6.942],[-45.932,-6.96],[-45.991,-6.922],[-45.993,-6.88],[-46.022,-6.809],[-45.999,-6.793],[-45.98,-6.76],[-45.934,-6.718],[-45.912,-6.726],[-45.851,-6.721],[-45.948,-6.674],[-45.926,-6.647],[-45.94,-6.638],[-45.981,-6.643],[-45.996,-6.671],[-46.04,-6.693],[-46.06,-6.67],[-46.082,-6.686],[-46.111,-6.671],[-46.155,-6.712],[-46.151,-6.768],[-46.231,-6.788],[-46.248,-6.829],[-46.295,-6.854],[-46.292,-6.876],[-46.306,-6.907],[-46.34,-6.939],[-46.404,-6.998],[-46.342,-6.999],[-46.225,-7.037],[-46.072,-7.16],[-45.87,-7.289]]]}},{"type":"Feature","properties":{"code":"2104099"},"geometry":{"type":"Polygon","coordinates":[[[-46.306,-6.907],[-46.292,-6.876],[-46.295,-6.854],[-46.248,-6.829],[-46.231,-6.788],[-46.151,-6.768],[-46.155,-6.712],[-46.111,-6.671],[-46.082,-6.686],[-46.06,-6.67],[-46.04,-6.693],[-45.996,-6.671],[-45.981,-6.643],[-45.94,-6.638],[-45.926,-6.647],[-45.887,-6.632],[-45.841,-6.6],[-45.836,-6.492],[-45.822,-6.379],[-45.839,-6.302],[-45.842,-6.324],[-45.886,-6.344],[-45.903,-6.295],[-45.98,-6.257],[-46.023,-6.264],[-46.067,-6.246],[-46.451,-6.267],[-46.465,-6.282],[-46.466,-6.812],[-46.451,-6.796],[-46.407,-6.832],[-46.37,-6.844],[-46.371,-6.878],[-46.345,-6.912],[-46.306,-6.907]]]}},{"type":"Feature","properties":{"code":"2112274"},"geometry":{"type":"Polygon","coordinates":[[[-45.528,-3.852],[-45.528,-3.794],[-45.537,-3.701],[-45.499,-3.698],[-45.522,-3.661],[-45.555,-3.659],[-45.608,-3.682],[-45.642,-3.626],[-45.661,-3.746],[-45.624,-3.733],[-45.598,-3.915],[-45.564,-3.878],[-45.528,-3.852]]]}},{"type":"Feature","properties":{"code":"2104081"},"geometry":{"type":"Polygon","coordinates":[[[-45.841,-6.6],[-45.78,-6.59],[-45.722,-6.53],[-45.729,-6.515],[-45.706,-6.468],[-45.628,-6.477],[-45.579,-6.452],[-45.516,-6.437],[-45.498,-6.419],[-45.398,-6.429],[-45.305,-6.389],[-45.301,-6.374],[-45.238,-6.339],[-45.216,-6.318],[-45.165,-6.302],[-45.129,-6.306],[-45.104,-6.323],[-45.074,-6.325],[-45.073,-6.347],[-45.005,-6.352],[-44.965,-6.34],[-44.92,-6.294],[-44.912,-6.258],[-44.879,-6.202],[-44.866,-6.162],[-44.832,-6.146],[-44.8,-6.118],[-44.846,-5.983],[-44.834,-5.945],[-44.852,-5.898],[-44.869,-5.887],[-44.91,-5.833],[-44.925,-5.789],[-45.09,-5.853],[-45.182,-5.877],[-45.271,-5.996],[-45.289,-5.977],[-45.296,-5.92],[-45.313,-5.917],[-45.376,-5.933],[-45.416,-5.939],[-45.525,-6.001],[-45.526,-6.022],[-45.562,-6.077],[-45.613,-6.106],[-45.615,-6.12],[-45.66,-6.152],[-45.662,-6.167],[-45.702,-6.191],[-45.742,-6.202],[-45.763,-6.238],[-45.782,-6.232],[-45.839,-6.302],[-45.822,-6.379],[-45.836,-6.492],[-45.841,-6.6]]]}},{"type":"Feature","properties":{"code":"2104073"},"geometry":{"type":"Polygon","coordinates":[[[-46.714,-7.237],[-46.735,-7.263],[-46.723,-7.279],[-46.599,-7.249],[-46.559,-7.227],[-46.552,-7.189],[-46.56,-7.17],[-46.537,-7.112],[-46.509,-7.104],[-46.451,-7.066],[-46.404,-6.998],[-46.34,-6.939],[-46.374,-6.92],[-46.416,-6.932],[-46.426,-6.864],[-46.5,-6.863],[-46.528,-6.834],[-46.579,-6.814],[-46.622,-6.82],[-46.661,-6.848],[-46.682,-6.839],[-46.753,-6.889],[-46.76,-6.906],[-46.839,-6.93],[-46.885,-6.99],[-46.887,-7.017],[-46.865,-7.045],[-46.837,-7.064],[-46.788,-7.076],[-46.767,-7.1],[-46.774,-7.13],[-46.729,-7.164],[-46.73,-7.186],[-46.71,-7.21],[-46.714,-7.237]]]}},{"type":"Feature","properties":{"code":"2112100"},"geometry":{"type":"Polygon","coordinates":[[[-43.895,-3.969],[-43.999,-4.252],[-44.042,-4.273],[-44.065,-4.293],[-44.065,-4.356],[-44.052,-4.387],[-43.937,-4.335],[-43.921,-4.31],[-43.873,-4.356],[-43.835,-4.346],[-43.808,-4.325],[-43.752,-4.242],[-43.595,-4.228],[-43.598,-4.184],[-43.588,-4.147],[-43.606,-4.125],[-43.6,-4.052],[-43.646,-4.006],[-43.723,-3.946],[-43.729,-3.935],[-43.895,-3.969]]]}},{"type":"Feature","properties":{"code":"2103901"},"geometry":{"type":"Polygon","coordinates":[[[-42.943,-4.167],[-42.924,-4.153],[-42.89,-4.155],[-42.901,-4.117],[-42.87,-4.104],[-42.856,-4.079],[-43.001,-4.051],[-43.181,-4.027],[-43.159,-4.064],[-43.14,-4.079],[-43.118,-4.119],[-43.055,-4.092],[-43.06,-4.119],[-43.043,-4.172],[-43.022,-4.181],[-42.943,-4.167]]]}},{"type":"Feature","properties":{"code":"2112506"},"geometry":{"type":"Polygon","coordinates":[[[-42.687,-3.06],[-42.697,-3.063],[-42.696,-3.176],[-42.535,-3.092],[-42.309,-3.092],[-42.177,-2.844],[-42.174,-2.815],[-42.128,-2.801],[-42.117,-2.757],[-42.153,-2.72],[-42.195,-2.71],[-42.223,-2.692],[-42.255,-2.676],[-42.264,-2.758],[-42.339,-2.749],[-42.365,-2.715],[-42.422,-2.714],[-42.488,-2.703],[-42.442,-2.724],[-42.466,-2.749],[-42.468,-2.786],[-42.445,-2.831],[-42.501,-2.914],[-42.53,-2.926],[-42.573,-2.925],[-42.567,-2.947],[-42.593,-2.965],[-42.572,-3.0],[-42.608,-3.032],[-42.645,-3.04],[-42.687,-3.06]]]}},{"type":"Feature","properties":{"code":"2104305"},"geometry":{"type":"MultiPolygon","coordinates":[[[[-45.935,-1.576],[-45.829,-1.61],[-45.804,-1.57],[-45.784,-1.581],[-45.763,-1.56],[-45.776,-1.524],[-45.766,-1.445],[-45.695,-1.389],[-45.694,-1.37],[-45.638,-1.372],[-45.616,-1.343],[-45.62,-1.296],[-45.611,-1.275],[-45.642,-1.27],[-45.638,-1.196],[-45.614,-1.157],[-45.635,-1.148],[-45.646,-1.232],[-45.69,-1.274],[-45.706,-1.27],[-45.734,-1.235],[-45.736,-1.207],[-45.691,-1.149],[-45.723,-1.128],[-45.742,-1.141],[-45.769,-1.199],[-45.781,-1.193],[-45.798,-1.254],[-45.847,-1.288],[-45.83,-1.315],[-45.802,-1.327],[-45.798,-1.362],[-45.825,-1.418],[-45.848,-1.428],[-45.873,-1.458],[-45.891,-1.51],[-45.916,-1.535],[-45.935,-1.576]]],[[[-45.711,-1.228],[-45.693,-1.265],[-45.671,-1.252],[-45.676,-1.191],[-45.697,-1.195],[-45.711,-1.228]]]]}},{"type":"Feature","properties":{"code":"2112456"},"geometry":{"type":"Polygon","coordinates":[[[-45.639,-2.36],[-45.586,-2.384],[-45.547,-2.361],[-45.517,-2.364],[-45.47,-2.318],[-45.43,-2.305],[-45.39,-2.277],[-45.38,-2.309],[-45.347,-2.336],[-45.34,-2.289],[-45.31,-2.232],[-45.288,-2.212],[-45.286,-2.167],[-45.24,-2.108],[-45.25,-2.079],[-45.19,-2.04],[-45.185,-1.993],[-45.143,-1.904],[-45.175,-1.884],[-45.178,-1.857],[-45.221,-1.862],[-45.217,-1.9],[-45.253,-1.963],[-45.287,-1.98],[-45.313,-2.031],[-45.353,-2.035],[-45.405,-2.022],[-45.422,-2.038],[-45.448,-2.022],[-45.474,-2.022],[-45.539,-2.049],[-45.604,-2.104],[-45.632,-2.106],[-45.633,-2.179],[-45.639,-2.197],[-45.684,-2.227],[-45.684,-2.329],[-45.639,-2.36]]]}},{"type":"Feature","properties":{"code":"2112407"},"geometry":{"type":"Polygon","coordinates":[[[-45.475,-1.48],[-45.526,-1.515],[-45.587,-1.546],[-45.603,-1.562],[-45.712,-1.77],[-45.622,-1.951],[-45.64,-1.965],[-45.651,-2.001],[-45.632,-2.106],[-45.604,-2.104],[-45.539,-2.049],[-45.474,-2.022],[-45.448,-2.022],[-45.422,-2.038],[-45.405,-2.022],[-45.353,-2.035],[-45.313,-2.031],[-45.287,-1.98],[-45.253,-1.963],[-45.217,-1.9],[-45.221,-1.862],[-45.247,-1.821],[-45.236,-1.794],[-45.273,-1.732],[-45.319,-1.741],[-45.347,-1.732],[-45.356,-1.713],[-45.324,-1.597],[-45.343,-1.587],[-45.322,-1.546],[-45.308,-1.497],[-45.316,-1.486],[-45.383,-1.467],[-45.299,-1.433],[-45.308,-1.367],[-45.305,-1.336],[-45.339,-1.315],[-45.375,-1.366],[-45.372,-1.397],[-45.404,-1.421],[-45.436,-1.428],[-45.458,-1.47],[-45.475,-1.48]]]}},{"type":"Feature","properties":{"code":"2111748"},"geometry":{"type":"Polygon","coordinates":[[[-44.131,-5.23],[-44.095,-5.349],[-44.01,-5.312],[-43.954,-5.332],[-43.909,-5.319],[-43.872,-5.321],[-43.856,-5.302],[-43.815,-5.285],[-43.784,-5.274],[-44.017,-5.167],[-44.131,-5.23]]]}},{"type":"Feature","properties":{"code":"2104206"},"geometry":{"type":"Polygon","coordinates":[[[-44.075,-5.816],[-44.03,-5.787],[-44.029,-5.77],[-43.98,-5.743],[-43.972,-5.724],[-43.898,-5.648],[-43.887,-5.59],[-43.841,-5.569],[-43.822,-5.549],[-43.854,-5.518],[-43.869,-5.473],[-44.025,-5.378],[-44.021,-5.425],[-44.002,-5.448],[-43.98,-5.496],[-43.96,-5.498],[-43.942,-5.535],[-43.974,-5.538],[-43.992,-5.508],[-44.022,-5.525],[-44.019,-5.554],[-44.043,-5.609],[-44.114,-5.642],[-44.147,-5.676],[-44.165,-5.707],[-44.203,-5.716],[-44.222,-5.733],[-44.233,-5.764],[-44.091,-5.84],[-44.075,-5.816]]]}},{"type":"Feature","properties":{"code":"2103554"},"geometry":{"type":"Polygon","coordinates":[[[-44.61,-3.839],[-44.636,-3.831],[-44.653,-3.799],[-44.715,-3.736],[-44.749,-3.719],[-44.741,-3.696],[-44.806,-3.704],[-44.818,-3.678],[-44.845,-3.678],[-44.88,-3.746],[-44.912,-3.748],[-44.924,-3.709],[-44.946,-3.695],[-45.043,-3.723],[-44.957,-3.873],[-44.933,-3.916],[-44.622,-3.851],[-44.61,-3.848],[-44.61,-3.839]]]}},{"type":"Feature","properties":{"code":"2111722"},"geometry":{"type":"Polygon","coordinates":[[[-45.253,-4.149],[-45.209,-4.066],[-45.209,-4.033],[-45.22,-4.032],[-45.199,-3.809],[-45.176,-3.788],[-45.147,-3.732],[-45.204,-3.785],[-45.22,-3.772],[-45.256,-3.799],[-45.299,-3.8],[-45.326,-3.845],[-45.34,-3.87],[-45.335,-3.905],[-45.312,-3.912],[-45.323,-3.966],[-45.294,-4.024],[-45.32,-4.068],[-45.313,-4.094],[-45.27,-4.121],[-45.253,-4.149]]]}},{"type":"Feature","properties":{"code":"2111706"},"geometry":{"type":"Polygon","coordinates":[[[-44.974,-2.939],[-44.932,-2.919],[-44.903,-2.937],[-44.862,-2.946],[-44.792,-2.888],[-44.78,-2.846],[-44.786,-2.82],[-44.819,-2.799],[-44.844,-2.809],[-44.904,-2.793],[-44.935,-2.807],[-44.961,-2.841],[-45.019,-2.855],[-45.196,-2.911],[-45.216,-2.908],[-45.218,-2.953],[-45.126,-2.921],[-45.028,-2.887],[-45.017,-2.936],[-44.996,-2.926],[-44.974,-2.939]]]}},{"type":"Feature","properties":{"code":"2103505"},"geometry":{"type":"Polygon","coordinates":[[[-43.966,-6.296],[-43.973,-6.278],[-43.954,-6.224],[-43.959,-6.192],[-43.945,-6.179],[-43.931,-6.116],[-43.93,-6.04],[-43.904,-6.005],[-44.058,-5.875],[-44.074,-5.851],[-44.075,-5.816],[-44.091,-5.84],[-44.106,-5.872],[-44.158,-5.913],[-44.266,-5.955],[-44.304,-5.926],[-44.394,-5.905],[-44.458,-5.913],[-44.477,-5.881],[-44.472,-5.862],[-44.49,-5.87],[-44.531,-5.846],[-44.541,-5.82],[-44.602,-5.829],[-44.602,-6.017],[-44.564,-5.993],[-44.547,-5.997],[-44.493,-5.984],[-44.424,-6.015],[-44.41,-6.005],[-44.363,-6.002],[-44.314,-6.025],[-44.239,-6.167],[-44.172,-6.256],[-44.1,-6.351],[-43.966,-6.296]]]}},{"type":"Feature","properties":{"code":"2111805"},"geometry":{"type":"Polygon","coordinates":[[[-46.466,-6.812],[-46.465,-6.282],[-46.464,-6.0],[-46.47,-5.751],[-46.55,-5.735],[-46.603,-5.74],[-46.61,-5.75],[-46.68,-5.765],[-46.694,-5.744],[-46.73,-5.747],[-46.763,-5.818],[-46.782,-5.83],[-46.795,-5.872],[-46.782,-5.899],[-46.791,-5.925],[-46.783,-5.967],[-46.763,-5.978],[-46.735,-6.013],[-46.742,-6.034],[-46.713,-6.069],[-46.727,-6.086],[-46.672,-6.134],[-46.702,-6.19],[-46.683,-6.202],[-46.613,-6.21],[-46.62,-6.247],[-46.645,-6.277],[-46.687,-6.295],[-46.693,-6.343],[-46.679,-6.373],[-46.717,-6.416],[-46.727,-6.454],[-46.719,-6.505],[-46.753,-6.566],[-46.762,-6.597],[-46.739,-6.651],[-46.733,-6.683],[-46.689,-6.7],[-46.647,-6.728],[-46.617,-6.705],[-46.575,-6.707],[-46.555,-6.738],[-46.524,-6.744],[-46.501,-6.778],[-46.496,-6.807],[-46.466,-6.812]]]}},{"type":"Feature","properties":{"code":"2111789"},"geometry":{"type":"Polygon","coordinates":[[[-44.967,-2.171],[-44.97,-2.015],[-44.925,-2.015],[-44.925,-1.945],[-44.914,-1.919],[-44.929,-1.878],[-44.971,-1.845],[-44.971,-1.827],[-44.904,-1.818],[-44.889,-1.766],[-44.924,-1.718],[-44.881,-1.708],[-44.843,-1.68],[-44.823,-1.693],[-44.814,-1.649],[-44.854,-1.617],[-44.89,-1.604],[-44.928,-1.608],[-44.903,-1.64],[-44.978,-1.663],[-45.025,-1.687],[-45.082,-1.694],[-45.1,-1.744],[-45.13,-1.768],[-45.091,-1.788],[-45.091,-1.808],[-45.127,-1.835],[-45.178,-1.857],[-45.175,-1.884],[-45.143,-1.904],[-45.185,-1.993],[-45.19,-2.04],[-45.095,-2.05],[-44.967,-2.171],[-44.967,-2.171]]]}},{"type":"Feature","properties":{"code":"2103604"},"geometry":{"type":"Polygon","coordinates":[[[-43.937,-4.335],[-44.052,-4.387],[-44.065,-4.356],[-44.065,-4.293],[-44.042,-4.273],[-43.999,-4.252],[-43.895,-3.969],[-43.938,-4.0],[-43.993,-3.842],[-44.156,-3.837],[-44.166,-3.91],[-44.199,-3.927],[-44.323,-3.865],[-44.319,-3.881],[-44.366,-3.929],[-44.354,-3.972],[-44.388,-4.007],[-44.407,-4.043],[-44.402,-4.086],[-44.452,-4.086],[-44.447,-4.129],[-44.343,-4.1],[-44.268,-4.278],[-44.18,-4.337],[-44.093,-4.495],[-44.0,-4.396],[-43.937,-4.335]]]}},{"type":"Feature","properties":{"code":"2111763"},"geometry":{"type":"Polygon","coordinates":[[[-47.281,-5.54],[-47.256,-5.512],[-47.174,-5.451],[-47.045,-5.403],[-46.98,-5.368],[-46.906,-5.355],[-46.9,-5.346],[-46.912,-5.287],[-46.89,-5.207],[-46.946,-5.213],[-46.999,-5.265],[-47.032,-5.282],[-47.064,-5.314],[-47.111,-5.314],[-47.154,-5.331],[-47.175,-5.35],[-47.202,-5.355],[-47.227,-5.343],[-47.31,-5.386],[-47.336,-5.44],[-47.37,-5.457],[-47.398,-5.483],[-47.407,-5.509],[-47.374,-5.537],[-47.319,-5.556],[-47.281,-5.54]]]}},{"type":"Feature","properties":{"code":"2111607"},"geometry":{"type":"Polygon","coordinates":[[[-45.673,-7.407],[-45.656,-7.401],[-45.596,-7.319],[-45.557,-7.318],[-45.524,-7.271],[-45.369,-6.9],[-45.381,-6.821],[-45.354,-6.78],[-45.368,-6.762],[-45.409,-6.76],[-45.432,-6.777],[-45.502,-6.804],[-45.546,-6.804],[-45.573,-6.819],[-45.605,-6.814],[-45.644,-6.756],[-45.68,-6.728],[-45.73,-6.715],[-45.746,-6.7],[-45.801,-6.719],[-45.851,-6.721],[-45.912,-6.726],[-45.934,-6.718],[-45.98,-6.76],[-45.999,-6.793],[-46.022,-6.809],[-45.993,-6.88],[-45.991,-6.922],[-45.932,-6.96],[-45.879,-6.942],[-45.823,-6.963],[-45.856,-7.016],[-45.907,-7.056],[-45.959,-7.051],[-45.87,-7.289],[-45.805,-7.328],[-45.767,-7.338],[-45.718,-7.369],[-45.673,-7.407]]]}},{"type":"Feature","properties":{"code":"2103406"},"geometry":{"type":"Polygon","coordinates":[[[-43.21,-4.365],[-43.083,-4.446],[-42.949,-4.386],[-42.964,-4.361],[-42.965,-4.322],[-42.985,-4.284],[-42.986,-4.221],[-42.943,-4.167],[-43.022,-4.181],[-43.043,-4.172],[-43.06,-4.119],[-43.055,-4.092],[-43.118,-4.119],[-43.14,-4.079],[-43.159,-4.064],[-43.181,-4.027],[-43.209,-4.018],[-43.268,-4.075],[-43.234,-4.115],[-43.223,-4.146],[-43.235,-4.186],[-43.23,-4.225],[-43.235,-4.277],[-43.221,-4.304],[-43.21,-4.365]]]}},{"type":"Feature","properties":{"code":"2111573"},"geometry":{"type":"Polygon","coordinates":[[[-46.941,-7.019],[-46.923,-7.028],[-46.887,-7.017],[-46.885,-6.99],[-46.839,-6.93],[-46.76,-6.906],[-46.753,-6.889],[-46.682,-6.839],[-46.661,-6.848],[-46.622,-6.82],[-46.579,-6.814],[-46.528,-6.834],[-46.5,-6.863],[-46.426,-6.864],[-46.416,-6.932],[-46.374,-6.92],[-46.34,-6.939],[-46.306,-6.907],[-46.345,-6.912],[-46.371,-6.878],[-46.37,-6.844],[-46.407,-6.832],[-46.451,-6.796],[-46.466,-6.812],[-46.496,-6.807],[-46.501,-6.778],[-46.524,-6.744],[-46.555,-6.738],[-46.575,-6.707],[-46.617,-6.705],[-46.647,-6.728],[-46.689,-6.7],[-46.733,-6.683],[-46.791,-6.69],[-46.847,-6.671],[-46.877,-6.677],[-46.84,-6.723],[-46.883,-6.776],[-46.893,-6.807],[-46.921,-6.825],[-46.93,-6.873],[-46.929,-6.938],[-46.91,-6.965],[-46.941,-7.019]]]}},{"type":"Feature","properties":{"code":"2111672"},"geometry":{"type":"Polygon","coordinates":[[[-44.97,-5.115],[-44.969,-5.083],[-44.935,-5.022],[-44.933,-5.014],[-45.006,-4.967],[-45.029,-4.961],[-45.04,-4.93],[-45.058,-4.947],[-45.104,-4.969],[-45.133,-4.997],[-45.193,-4.999],[-45.163,-5.026],[-45.15,-5.006],[-45.034,-5.059],[-45.029,-5.085],[-44.97,-5.115]]]}},{"type":"Feature","properties":{"code":"2111631"},"geometry":{"type":"Polygon","coordinates":[[[-45.331,-5.122],[-45.125,-5.123],[-45.021,-5.209],[-44.999,-5.151],[-44.97,-5.115],[-45.029,-5.085],[-45.034,-5.059],[-45.15,-5.006],[-45.163,-5.026],[-45.193,-4.999],[-45.239,-5.015],[-45.28,-5.055],[-45.329,-5.096],[-45.331,-5.122]]]}},{"type":"Feature","properties":{"code":"2112001"},"geometry":{"type":"Polygon","coordinates":[[[-46.287,-8.758],[-46.261,-8.801],[-46.2,-8.806],[-46.134,-8.837],[-46.097,-8.831],[-46.07,-8.81],[-45.996,-8.8],[-45.938,-8.787],[-45.89,-8.741],[-45.841,-8.716],[-45.795,-8.592],[-45.772,-8.575],[-45.739,-8.501],[-45.745,-8.453],[-45.725,-8.395],[-45.706,-8.388],[-45.69,-8.336],[-45.667,-8.289],[-45.664,-8.251],[-45.609,-8.205],[-45.615,-8.191],[-45.584,-8.157],[-45.586,-8.095],[-45.563,-8.044],[-45.577,-8.03],[-45.539,-7.918],[-45.52,-7.885],[-45.538,-7.862],[-45.625,-7.806],[-45.686,-7.788],[-45.751,-7.78],[-45.829,-7.82],[-45.837,-7.851],[-45.828,-7.923],[-45.785,-7.943],[-45.772,-7.992],[-45.794,-8.017],[-45.766,-8.047],[-45.761,-8.071],[-45.779,-8.102],[-45.842,-8.106],[-45.888,-8.13],[-45.915,-8.135],[-45.913,-8.186],[-45.926,-8.197],[-46.003,-8.163],[-46.024,-8.093],[-46.057,-8.066],[-46.062,-8.045],[-46.092,-8.025],[-46.101,-8.057],[-46.145,-8.077],[-46.148,-8.114],[-46.135,-8.14],[-46.12,-8.227],[-46.103,-8.236],[-46.106,-8.296],[-46.083,-8.34],[-46.097,-8.359],[-46.096,-8.477],[-46.116,-8.524],[-46.112,-8.571],[-46.144,-8.626],[-46.204,-8.653],[-46.238,-8.678],[-46.249,-8.714],[-46.274,-8.727],[-46.287,-8.758]]]}},{"type":"Feature","properties":{"code":"2103802"},"geometry":{"type":"Polygon","coordinates":[[[-44.35,-5.11],[-44.312,-5.024],[-44.307,-4.912],[-44.358,-4.895],[-44.383,-4.931],[-44.412,-4.949],[-44.412,-4.976],[-44.496,-4.976],[-44.485,-5.016],[-44.497,-5.043],[-44.486,-5.087],[-44.488,-5.127],[-44.461,-5.123],[-44.455,-5.081],[-44.423,-5.123],[-44.391,-5.103],[-44.35,-5.11]]]}},{"type":"Feature","properties":{"code":"2111953"},"geometry":{"type":"Polygon","coordinates":[[[-43.402,-6.609],[-43.382,-6.591],[-43.379,-6.535],[-43.369,-6.529],[-43.407,-6.45],[-43.408,-6.415],[-43.376,-6.39],[-43.344,-6.391],[-43.356,-6.349],[-43.319,-6.328],[-43.338,-6.283],[-43.369,-6.295],[-43.398,-6.276],[-43.45,-6.26],[-43.491,-6.269],[-43.521,-6.26],[-43.553,-6.271],[-43.578,-6.262],[-43.608,-6.3],[-43.613,-6.323],[-43.65,-6.317],[-43.65,-6.342],[-43.626,-6.378],[-43.606,-6.487],[-43.586,-6.479],[-43.494,-6.578],[-43.472,-6.572],[-43.402,-6.609]]]}},{"type":"Feature","properties":{"code":"2103752"},"geometry":{"type":"Polygon","coordinates":[[[-47.396,-5.645],[-47.356,-5.648],[-47.325,-5.639],[-47.303,-5.658],[-47.12,-5.654],[-47.136,-5.648],[-47.162,-5.597],[-47.199,-5.578],[-47.215,-5.581],[-47.281,-5.54],[-47.319,-5.556],[-47.374,-5.537],[-47.407,-5.509],[-47.425,-5.523],[-47.441,-5.579],[-47.396,-5.645]]]}},{"type":"Feature","properties":{"code":"2111904"},"geometry":{"type":"Polygon","coordinates":[[[-44.63,-6.68],[-44.507,-6.749],[-44.306,-6.579],[-44.058,-6.37],[-44.1,-6.351],[-44.172,-6.256],[-44.463,-6.526],[-44.63,-6.68]]]}},{"type":"Feature","properties":{"code":"2103703"},"geometry":{"type":"MultiPolygon","coordinates":[[[[-45.034,-1.338],[-45.015,-1.354],[-45.021,-1.384],[-45.005,-1.401],[-44.968,-1.391],[-44.901,-1.337],[-44.867,-1.329],[-44.878,-1.286],[-44.929,-1.267],[-44.987,-1.266],[-45.002,-1.292],[-44.987,-1.323],[-45.029,-1.318],[-45.034,-1.338]]],[[[-44.925,-1.945],[-44.78,-1.944],[-44.729,-1.889],[-44.667,-1.863],[-44.655,-1.835],[-44.619,-1.815],[-44.626,-1.782],[-44.615,-1.763],[-44.601,-1.74],[-44.653,-1.715],[-44.648,-1.759],[-44.752,-1.789],[-44.759,-1.783],[-44.7,-1.731],[-44.754,-1.718],[-44.778,-1.68],[-44.739,-1.651],[-44.675,-1.641],[-44.658,-1.66],[-44.636,-1.617],[-44.657,-1.588],[-44.705,-1.554],[-44.723,-1.557],[-44.758,-1.592],[-44.777,-1.577],[-44.803,-1.589],[-44.836,-1.574],[-44.854,-1.617],[-44.814,-1.649],[-44.823,-1.693],[-44.843,-1.68],[-44.881,-1.708],[-44.924,-1.718],[-44.889,-1.766],[-44.904,-1.818],[-44.971,-1.827],[-44.971,-1.845],[-44.929,-1.878],[-44.914,-1.919],[-44.925,-1.945]]],[[[-44.763,-1.579],[-44.734,-1.554],[-44.753,-1.537],[-44.763,-1.579]]],[[[-44.89,-1.604],[-44.913,-1.594],[-44.916,-1.547],[-44.9,-1.535],[-44.874,-1.49],[-44.843,-1.478],[-44.831,-1.428],[-44.86,-1.411],[-44.885,-1.419],[-44.899,-1.446],[-44.936,-1.48],[-44.974,-1.5],[-44.948,-1.538],[-44.953,-1.56],[-44.95,-1.567],[-44.928,-1.608],[-44.89,-1.604]]]]}},{"type":"Feature","properties":{"code":"2111201"},"geometry":{"type":"Polygon","coordinates":[[[-44.221,-2.474],[-44.192,-2.523],[-44.205,-2.552],[-44.162,-2.608],[-44.178,-2.623],[-44.17,-2.658],[-44.176,-2.702],[-44.138,-2.682],[-44.132,-2.656],[-44.106,-2.629],[-44.102,-2.597],[-44.081,-2.564],[-44.034,-2.55],[-44.024,-2.512],[-44.052,-2.466],[-44.061,-2.486],[-44.061,-2.523],[-44.077,-2.541],[-44.137,-2.554],[-44.187,-2.552],[-44.178,-2.507],[-44.187,-2.462],[-44.221,-2.474]]]}},{"type":"Feature","properties":{"code":"2103000"},"geometry":{"type":"Polygon","coordinates":[[[-43.74,-5.309],[-43.701,-5.298],[-43.567,-5.23],[-43.529,-5.227],[-43.45,-5.287],[-43.437,-5.276],[-43.449,-5.224],[-43.353,-5.192],[-43.267,-5.206],[-43.229,-5.182],[-43.229,-5.143],[-43.206,-5.143],[-43.132,-5.107],[-43.132,-5.087],[-43.106,-5.07],[-43.063,-5.081],[-43.043,-5.076],[-43.039,-4.927],[-42.89,-4.895],[-42.893,-4.888],[-42.897,-4.843],[-42.939,-4.809],[-42.95,-4.769],[-42.926,-4.751],[-42.927,-4.717],[-42.953,-4.687],[-42.916,-4.651],[-42.867,-4.566],[-42.875,-4.539],[-42.85,-4.498],[-42.854,-4.474],[-42.877,-4.462],[-42.872,-4.428],[-42.897,-4.402],[-42.949,-4.386],[-43.083,-4.446],[-43.122,-4.51],[-43.134,-4.562],[-43.204,-4.629],[-43.212,-4.677],[-43.254,-4.717],[-43.284,-4.694],[-43.338,-4.67],[-43.366,-4.644],[-43.398,-4.63],[-43.471,-4.645],[-43.509,-4.684],[-43.561,-4.674],[-43.585,-4.66],[-43.606,-4.679],[-43.632,-4.74],[-43.658,-4.755],[-43.7,-4.732],[-43.722,-4.739],[-43.835,-4.756],[-43.827,-4.79],[-43.795,-4.833],[-43.757,-4.853],[-43.713,-4.864],[-43.664,-4.85],[-43.596,-4.883],[-43.565,-4.879],[-43.548,-4.986],[-43.611,-5.077],[-43.593,-5.104],[-43.621,-5.12],[-43.639,-5.113],[-43.666,-5.152],[-43.707,-5.171],[-43.736,-5.201],[-43.761,-5.202],[-43.784,-5.274],[-43.815,-5.285],[-43.74,-5.309]]]}},{"type":"Feature","properties":{"code":"2111300"},"geometry":{"type":"Polygon","coordinates":[[[-44.41,-2.799],[-44.39,-2.797],[-44.388,-2.765],[-44.368,-2.756],[-44.33,-2.781],[-44.282,-2.766],[-44.266,-2.76],[-44.251,-2.732],[-44.215,-2.723],[-44.176,-2.702],[-44.17,-2.658],[-44.178,-2.623],[-44.162,-2.608],[-44.205,-2.552],[-44.192,-2.523],[-44.221,-2.474],[-44.305,-2.487],[-44.321,-2.527],[-44.355,-2.532],[-44.378,-2.566],[-44.354,-2.603],[-44.391,-2.721],[-44.389,-2.754],[-44.41,-2.799]]]}},{"type":"Feature","properties":{"code":"2103109"},"geometry":{"type":"Polygon","coordinates":[[[-44.705,-1.967],[-44.722,-1.975],[-44.71,-2.031],[-44.721,-2.075],[-44.644,-2.059],[-44.616,-2.035],[-44.578,-2.029],[-44.564,-2.015],[-44.536,-2.02],[-44.482,-1.988],[-44.513,-1.889],[-44.552,-1.889],[-44.599,-1.896],[-44.632,-1.943],[-44.616,-1.968],[-44.651,-1.99],[-44.691,-1.985],[-44.705,-1.967]]]}},{"type":"Feature","properties":{"code":"2111250"},"geometry":{"type":"Polygon","coordinates":[[[-44.544,-5.17],[-44.524,-5.125],[-44.488,-5.127],[-44.486,-5.087],[-44.497,-5.043],[-44.485,-5.016],[-44.496,-4.976],[-44.514,-4.976],[-44.639,-4.862],[-44.643,-4.857],[-44.618,-4.901],[-44.607,-4.981],[-44.639,-5.038],[-44.666,-5.057],[-44.659,-5.085],[-44.631,-5.104],[-44.626,-5.127],[-44.596,-5.136],[-44.544,-5.17]]]}},{"type":"Feature","properties":{"code":"2111102"},"geometry":{"type":"Polygon","coordinates":[[[-43.402,-6.609],[-43.472,-6.572],[-43.494,-6.578],[-43.586,-6.479],[-43.606,-6.487],[-43.626,-6.378],[-43.65,-6.342],[-43.65,-6.317],[-43.859,-6.284],[-43.837,-6.345],[-43.839,-6.379],[-43.816,-6.422],[-43.784,-6.455],[-43.809,-6.467],[-43.821,-6.513],[-43.791,-6.545],[-43.754,-6.704],[-43.715,-6.699],[-43.638,-6.72],[-43.584,-6.758],[-43.562,-6.748],[-43.542,-6.789],[-43.508,-6.799],[-43.489,-6.822],[-43.455,-6.846],[-43.402,-6.609]]]}},{"type":"Feature","properties":{"code":"2102903"},"geometry":{"type":"Polygon","coordinates":[[[-46.104,-1.202],[-46.133,-1.21],[-46.14,-1.248],[-46.162,-1.282],[-46.133,-1.31],[-46.115,-1.352],[-46.154,-1.426],[-46.144,-1.45],[-46.176,-1.477],[-46.144,-1.518],[-46.134,-1.582],[-46.161,-1.623],[-46.109,-1.645],[-46.093,-1.676],[-46.069,-1.677],[-46.069,-1.728],[-46.056,-1.741],[-46.034,-1.667],[-46.024,-1.519],[-46.016,-1.524],[-45.907,-1.3],[-45.886,-1.265],[-45.853,-1.238],[-45.849,-1.213],[-45.883,-1.149],[-45.865,-1.108],[-45.843,-1.083],[-45.871,-1.052],[-45.895,-1.113],[-45.947,-1.196],[-45.958,-1.195],[-45.963,-1.11],[-45.976,-1.067],[-46.018,-1.081],[-46.075,-1.161],[-46.077,-1.196],[-46.104,-1.202]]]}},{"type":"Feature","properties":{"code":"2111078"},"geometry":{"type":"Polygon","coordinates":[[[-44.017,-5.167],[-43.784,-5.274],[-43.761,-5.202],[-43.736,-5.201],[-43.707,-5.171],[-43.666,-5.152],[-43.639,-5.113],[-43.621,-5.12],[-43.593,-5.104],[-43.611,-5.077],[-43.548,-4.986],[-43.565,-4.879],[-43.596,-4.883],[-43.664,-4.85],[-43.713,-4.864],[-43.757,-4.853],[-43.795,-4.833],[-43.827,-4.79],[-43.842,-4.814],[-43.843,-4.862],[-43.853,-4.882],[-43.831,-4.898],[-43.831,-4.932],[-43.848,-4.944],[-43.871,-5.001],[-43.926,-5.026],[-43.96,-5.051],[-44.003,-5.164],[-44.017,-5.167]]]}},{"type":"Feature","properties":{"code":"2111052"},"geometry":{"type":"Polygon","coordinates":[[[-46.733,-6.683],[-46.739,-6.651],[-46.762,-6.597],[-46.753,-6.566],[-46.719,-6.505],[-46.727,-6.454],[-46.717,-6.416],[-46.679,-6.373],[-46.693,-6.343],[-46.687,-6.295],[-46.645,-6.277],[-46.62,-6.247],[-46.613,-6.21],[-46.683,-6.202],[-46.702,-6.19],[-46.801,-6.204],[-46.848,-6.195],[-46.843,-6.212],[-46.806,-6.236],[-46.811,-6.28],[-46.783,-6.339],[-46.844,-6.319],[-46.865,-6.287],[-46.908,-6.297],[-46.971,-6.269],[-47.02,-6.289],[-47.022,-6.316],[-47.055,-6.359],[-47.06,-6.379],[-47.125,-6.384],[-47.139,-6.417],[-47.108,-6.437],[-47.069,-6.546],[-47.135,-6.522],[-47.163,-6.528],[-47.213,-6.573],[-47.209,-6.586],[-47.167,-6.62],[-47.152,-6.648],[-47.033,-6.67],[-46.977,-6.657],[-46.941,-6.684],[-46.877,-6.677],[-46.847,-6.671],[-46.791,-6.69],[-46.733,-6.683]]]}},{"type":"Feature","properties":{"code":"2103257"},"geometry":{"type":"Polygon","coordinates":[[[-47.867,-5.305],[-47.84,-5.334],[-47.82,-5.326],[-47.753,-5.25],[-47.726,-5.229],[-47.705,-5.234],[-47.687,-5.156],[-47.667,-5.167],[-47.625,-5.16],[-47.539,-5.156],[-47.555,-5.095],[-47.679,-5.042],[-47.713,-5.008],[-47.717,-4.987],[-47.814,-4.921],[-47.837,-4.878],[-47.859,-4.857],[-47.92,-4.829],[-47.968,-4.791],[-48.025,-4.778],[-48.058,-4.804],[-48.015,-4.864],[-48.017,-4.949],[-47.98,-5.01],[-47.985,-5.046],[-47.89,-5.173],[-47.917,-5.221],[-47.937,-5.24],[-47.886,-5.261],[-47.867,-5.305]]]}},{"type":"Feature","properties":{"code":"2111532"},"geometry":{"type":"Polygon","coordinates":[[[-48.755,-5.349],[-48.712,-5.353],[-48.699,-5.32],[-48.658,-5.308],[-48.63,-5.333],[-48.606,-5.337],[-48.569,-5.283],[-48.561,-5.23],[-48.52,-5.192],[-48.487,-5.194],[-48.473,-5.187],[-48.364,-5.168],[-48.329,-5.197],[-48.293,-5.204],[-48.225,-5.236],[-48.221,-5.195],[-48.2,-5.152],[-48.21,-5.097],[-48.223,-5.074],[-48.193,-5.021],[-48.187,-4.982],[-48.212,-4.925],[-48.452,-5.112],[-48.755,-5.349]]]}},{"type":"Feature","properties":{"code":"2111508"},"geometry":{"type":"Polygon","coordinates":[[[-44.624,-3.859],[-44.611,-3.895],[-44.622,-3.931],[-44.637,-3.94],[-44.63,-4.019],[-44.684,-4.019],[-44.725,-4.04],[-44.747,-4.061],[-44.753,-4.095],[-44.699,-4.095],[-44.684,-4.076],[-44.633,-4.115],[-44.573,-4.115],[-44.578,-4.093],[-44.487,-4.091],[-44.487,-4.13],[-44.447,-4.129],[-44.452,-4.086],[-44.402,-4.086],[-44.407,-4.043],[-44.388,-4.007],[-44.354,-3.972],[-44.366,-3.929],[-44.319,-3.881],[-44.323,-3.865],[-44.354,-3.849],[-44.416,-3.914],[-44.416,-3.934],[-44.48,-3.919],[-44.505,-3.849],[-44.61,-3.848],[-44.622,-3.851],[-44.624,-3.859]]]}},{"type":"Feature","properties":{"code":"2103307"},"geometry":{"type":"Polygon","coordinates":[[[-43.96,-5.051],[-43.926,-5.026],[-43.871,-5.001],[-43.848,-4.944],[-43.831,-4.932],[-43.831,-4.898],[-43.853,-4.882],[-43.843,-4.862],[-43.842,-4.814],[-43.827,-4.79],[-43.835,-4.756],[-43.722,-4.739],[-43.7,-4.732],[-43.658,-4.755],[-43.632,-4.74],[-43.606,-4.679],[-43.585,-4.66],[-43.611,-4.637],[-43.641,-4.583],[-43.679,-4.55],[-43.742,-4.476],[-43.724,-4.471],[-43.696,-4.492],[-43.368,-4.302],[-43.429,-4.223],[-43.516,-4.187],[-43.595,-4.228],[-43.752,-4.242],[-43.808,-4.325],[-43.835,-4.346],[-43.873,-4.356],[-43.921,-4.31],[-43.937,-4.335],[-44.0,-4.396],[-44.093,-4.495],[-44.087,-4.506],[-44.196,-4.528],[-44.218,-4.55],[-44.234,-4.622],[-44.208,-4.655],[-44.198,-4.729],[-44.253,-4.813],[-44.311,-4.844],[-44.322,-4.835],[-44.345,-4.849],[-44.358,-4.895],[-44.307,-4.912],[-44.217,-4.908],[-44.208,-4.883],[-44.186,-4.879],[-44.17,-4.912],[-44.122,-4.904],[-44.116,-4.923],[-44.135,-4.949],[-44.108,-4.988],[-44.066,-4.994],[-44.021,-4.98],[-43.987,-5.011],[-43.96,-5.051]]]}},{"type":"Feature","properties":{"code":"2103174"},"geometry":{"type":"Polygon","coordinates":[[[-47.031,-3.605],[-47.025,-3.615],[-47.029,-3.682],[-46.984,-3.726],[-46.937,-3.87],[-46.945,-3.924],[-46.92,-3.992],[-46.912,-4.041],[-46.927,-4.087],[-46.9,-4.076],[-46.892,-4.044],[-46.844,-4.003],[-46.805,-3.999],[-46.761,-3.976],[-46.757,-3.905],[-46.709,-3.878],[-46.697,-3.855],[-46.724,-3.839],[-46.737,-3.776],[-46.712,-3.744],[-46.696,-3.705],[-46.699,-3.686],[-46.631,-3.613],[-46.58,-3.579],[-46.548,-3.543],[-46.495,-3.496],[-46.459,-3.486],[-46.414,-3.401],[-46.398,-3.347],[-46.396,-3.291],[-46.391,-3.274],[-46.4,-3.228],[-46.397,-3.195],[-46.379,-3.166],[-46.306,-3.089],[-46.26,-3.058],[-46.23,-3.046],[-46.192,-3.015],[-46.187,-2.978],[-46.17,-2.946],[-46.125,-2.911],[-46.132,-2.872],[-46.124,-2.848],[-46.092,-2.808],[-46.092,-2.786],[-46.069,-2.741],[-46.081,-2.718],[-46.064,-2.686],[-46.075,-2.682],[-46.182,-2.682],[-46.205,-2.645],[-46.252,-2.61],[-46.244,-2.588],[-46.279,-2.51],[-46.282,-2.486],[-46.229,-2.462],[-46.228,-2.43],[-46.19,-2.372],[-46.187,-2.318],[-46.173,-2.272],[-46.148,-2.223],[-46.151,-2.195],[-46.108,-2.135],[-46.099,-2.093],[-46.059,-2.051],[-46.263,-2.049],[-46.275,-2.055],[-46.273,-2.12],[-46.283,-2.154],[-46.327,-2.186],[-46.347,-2.222],[-46.391,-2.25],[-46.411,-2.229],[-46.431,-2.235],[-46.416,-2.274],[-46.433,-2.301],[-46.432,-2.365],[-46.413,-2.379],[-46.439,-2.413],[-46.436,-2.471],[-46.43,-2.537],[-46.474,-2.547],[-46.509,-2.591],[-46.507,-2.617],[-46.567,-2.627],[-46.622,-2.645],[-46.619,-2.665],[-46.671,-2.706],[-46.67,-2.735],[-46.631,-2.771],[-46.626,-2.807],[-46.599,-2.796],[-46.59,-2.846],[-46.641,-2.854],[-46.639,-2.884],[-46.673,-2.893],[-46.655,-2.932],[-46.673,-2.945],[-46.647,-2.97],[-46.669,-2.993],[-46.677,-3.034],[-46.673,-3.067],[-46.689,-3.093],[-46.75,-3.124],[-46.723,-3.159],[-46.77,-3.199],[-46.779,-3.241],[-46.802,-3.266],[-46.815,-3.312],[-46.832,-3.313],[-46.859,-3.343],[-46.884,-3.337],[-46.927,-3.376],[-46.956,-3.426],[-46.942,-3.449],[-46.982,-3.496],[-46.97,-3.513],[-47.016,-3.554],[-47.038,-3.564],[-47.031,-3.605]]]}},{"type":"Feature","properties":{"code":"2103158"},"geometry":{"type":"Polygon","coordinates":[[[-46.075,-2.682],[-46.062,-2.668],[-46.054,-2.585],[-46.068,-2.561],[-46.052,-2.49],[-46.031,-2.461],[-46.032,-2.433],[-46.013,-2.419],[-46.001,-2.352],[-46.008,-2.296],[-45.998,-2.274],[-46.005,-2.214],[-45.993,-2.174],[-45.998,-2.157],[-46.051,-2.144],[-46.069,-2.151],[-46.126,-2.216],[-46.148,-2.223],[-46.173,-2.272],[-46.187,-2.318],[-46.19,-2.372],[-46.228,-2.43],[-46.229,-2.462],[-46.282,-2.486],[-46.279,-2.51],[-46.244,-2.588],[-46.252,-2.61],[-46.205,-2.645],[-46.182,-2.682],[-46.075,-2.682]]]}},{"type":"Feature","properties":{"code":"2103125"},"geometry":{"type":"Polygon","coordinates":[[[-44.898,-2.385],[-44.863,-2.358],[-44.869,-2.338],[-44.816,-2.299],[-44.78,-2.293],[-44.761,-2.271],[-44.798,-2.222],[-44.784,-2.187],[-44.796,-2.152],[-44.828,-2.152],[-44.868,-2.135],[-44.869,-2.166],[-44.906,-2.197],[-44.935,-2.233],[-44.935,-2.33],[-44.924,-2.36],[-44.898,-2.385]]]}},{"type":"Feature","properties":{"code":"2111409"},"geometry":{"type":"Polygon","coordinates":[[[-44.431,-4.481],[-44.424,-4.415],[-44.407,-4.321],[-44.473,-4.305],[-44.477,-4.279],[-44.506,-4.279],[-44.74,-4.281],[-44.873,-4.384],[-44.849,-4.456],[-44.748,-4.455],[-44.6,-4.452],[-44.577,-4.475],[-44.431,-4.481]]]}},{"type":"Feature","properties":{"code":"2103208"},"geometry":{"type":"Polygon","coordinates":[[[-43.429,-4.223],[-43.268,-4.075],[-43.209,-4.018],[-43.198,-3.783],[-43.215,-3.76],[-43.231,-3.706],[-43.335,-3.683],[-43.34,-3.661],[-43.368,-3.65],[-43.364,-3.63],[-43.384,-3.584],[-43.388,-3.55],[-43.4,-3.532],[-43.396,-3.501],[-43.415,-3.437],[-43.438,-3.412],[-43.423,-3.365],[-43.447,-3.317],[-43.607,-3.619],[-43.607,-3.619],[-43.729,-3.935],[-43.723,-3.946],[-43.646,-4.006],[-43.6,-4.052],[-43.606,-4.125],[-43.588,-4.147],[-43.598,-4.184],[-43.595,-4.228],[-43.516,-4.187],[-43.429,-4.223]]]}},{"type":"Feature","properties":{"code":"2110708"},"geometry":{"type":"Polygon","coordinates":[[[-44.472,-5.862],[-44.459,-5.826],[-44.498,-5.801],[-44.233,-5.764],[-44.222,-5.733],[-44.203,-5.716],[-44.165,-5.707],[-44.183,-5.677],[-44.177,-5.65],[-44.125,-5.6],[-44.123,-5.588],[-44.157,-5.521],[-44.196,-5.545],[-44.209,-5.464],[-44.237,-5.475],[-44.249,-5.501],[-44.298,-5.502],[-44.307,-5.478],[-44.352,-5.459],[-44.381,-5.47],[-44.428,-5.471],[-44.449,-5.497],[-44.477,-5.497],[-44.488,-5.533],[-44.472,-5.576],[-44.447,-5.614],[-44.453,-5.693],[-44.465,-5.736],[-44.52,-5.749],[-44.544,-5.783],[-44.541,-5.82],[-44.531,-5.846],[-44.49,-5.87],[-44.472,-5.862]]]}},{"type":"Feature","properties":{"code":"2102507"},"geometry":{"type":"Polygon","coordinates":[[[-45.031,-3.571],[-45.016,-3.536],[-45.05,-3.512],[-45.013,-3.458],[-45.009,-3.432],[-44.974,-3.428],[-44.931,-3.463],[-44.917,-3.43],[-44.9,-3.425],[-44.894,-3.372],[-44.864,-3.346],[-44.879,-3.298],[-44.873,-3.284],[-44.898,-3.302],[-44.943,-3.306],[-44.953,-3.341],[-44.993,-3.335],[-45.02,-3.315],[-45.019,-3.279],[-45.033,-3.239],[-45.073,-3.264],[-45.13,-3.326],[-45.215,-3.332],[-45.255,-3.321],[-45.26,-3.371],[-45.272,-3.393],[-45.084,-3.42],[-45.086,-3.457],[-45.128,-3.508],[-45.123,-3.567],[-45.106,-3.558],[-45.058,-3.572],[-45.031,-3.571]]]}},{"type":"Feature","properties":{"code":"2102556"},"geometry":{"type":"Polygon","coordinates":[[[-47.043,-6.197],[-47.069,-6.183],[-47.089,-6.154],[-47.112,-6.156],[-47.165,-6.113],[-47.206,-6.118],[-47.242,-6.109],[-47.295,-6.087],[-47.313,-6.071],[-47.339,-6.086],[-47.397,-6.079],[-47.43,-6.068],[-47.434,-6.093],[-47.423,-6.16],[-47.381,-6.25],[-47.342,-6.242],[-47.303,-6.251],[-47.27,-6.288],[-47.222,-6.268],[-47.186,-6.261],[-47.114,-6.233],[-47.096,-6.215],[-47.043,-6.197]]]}},{"type":"Feature","properties":{"code":"2102374"},"geometry":{"type":"Polygon","coordinates":[[[-44.06,-2.905],[-44.071,-2.942],[-44.068,-2.983],[-44.088,-3.022],[-44.044,-3.042],[-44.039,-3.064],[-43.989,-3.075],[-44.015,-3.099],[-43.994,-3.126],[-44.01,-3.183],[-44.044,-3.21],[-44.03,-3.291],[-43.76,-3.183],[-43.755,-3.127],[-43.783,-3.085],[-43.814,-3.079],[-43.886,-3.05],[-43.902,-3.032],[-43.941,-3.017],[-44.002,-2.983],[-44.028,-2.948],[-44.022,-2.922],[-44.035,-2.899],[-44.061,-2.9],[-44.06,-2.905]]]}},{"type":"Feature","properties":{"code":"2102358"},"geometry":{"type":"Polygon","coordinates":[[[-46.946,-5.625],[-46.954,-5.588],[-46.946,-5.513],[-46.933,-5.504],[-46.928,-5.45],[-46.91,-5.431],[-46.899,-5.386],[-46.906,-5.355],[-46.98,-5.368],[-47.045,-5.403],[-47.174,-5.451],[-47.256,-5.512],[-47.281,-5.54],[-47.215,-5.581],[-47.199,-5.578],[-47.162,-5.597],[-47.136,-5.648],[-47.12,-5.654],[-47.086,-5.672],[-46.975,-5.641],[-46.946,-5.625]]]}},{"type":"Feature","properties":{"code":"2110658"},"geometry":{"type":"Polygon","coordinates":[[[-44.408,-6.836],[-44.402,-6.819],[-44.424,-6.796],[-44.507,-6.749],[-44.63,-6.68],[-44.66,-6.697],[-44.699,-6.694],[-44.739,-6.711],[-44.791,-6.714],[-44.769,-6.885],[-44.739,-6.928],[-44.71,-6.941],[-44.697,-6.974],[-44.614,-6.962],[-44.535,-7.015],[-44.513,-6.925],[-44.494,-6.884],[-44.461,-6.896],[-44.442,-6.862],[-44.408,-6.836]]]}},{"type":"Feature","properties":{"code":"2110609"},"geometry":{"type":"Polygon","coordinates":[[[-42.47,-3.484],[-42.448,-3.478],[-42.425,-3.453],[-42.4,-3.475],[-42.389,-3.449],[-42.356,-3.451],[-42.334,-3.434],[-42.302,-3.452],[-42.273,-3.445],[-42.277,-3.267],[-42.245,-3.199],[-42.309,-3.092],[-42.641,-3.361],[-42.496,-3.446],[-42.47,-3.484]]]}},{"type":"Feature","properties":{"code":"2102408"},"geometry":{"type":"MultiPolygon","coordinates":[[[[-44.592,-3.041],[-44.58,-3.051],[-44.556,-3.05],[-44.548,-3.045],[-44.592,-3.041]]],[[[-44.792,-2.888],[-44.734,-2.886],[-44.652,-2.893],[-44.633,-2.846],[-44.65,-2.805],[-44.67,-2.792],[-44.808,-2.794],[-44.819,-2.798],[-44.819,-2.799],[-44.786,-2.82],[-44.78,-2.846],[-44.792,-2.888]]],[[[-44.642,-2.973],[-44.592,-3.015],[-44.561,-3.022],[-44.49,-2.971],[-44.479,-2.958],[-44.476,-2.888],[-44.482,-2.808],[-44.476,-2.735],[-44.492,-2.724],[-44.536,-2.754],[-44.586,-2.815],[-44.58,-2.856],[-44.614,-2.951],[-44.642,-2.973]]]]}},{"type":"Feature","properties":{"code":"2102754"},"geometry":{"type":"Polygon","coordinates":[[[-44.322,-4.835],[-44.311,-4.844],[-44.253,-4.813],[-44.198,-4.729],[-44.208,-4.655],[-44.234,-4.622],[-44.218,-4.55],[-44.196,-4.528],[-44.348,-4.558],[-44.414,-4.618],[-44.398,-4.666],[-44.45,-4.697],[-44.419,-4.721],[-44.407,-4.743],[-44.354,-4.78],[-44.352,-4.808],[-44.322,-4.835]]]}},{"type":"Feature","properties":{"code":"2111029"},"geometry":{"type":"Polygon","coordinates":[[[-46.396,-3.291],[-46.398,-3.347],[-46.414,-3.401],[-46.459,-3.486],[-46.495,-3.496],[-46.548,-3.543],[-46.58,-3.579],[-46.631,-3.613],[-46.699,-3.686],[-46.696,-3.705],[-46.66,-3.696],[-46.627,-3.702],[-46.575,-3.649],[-46.54,-3.627],[-46.489,-3.618],[-46.441,-3.575],[-46.404,-3.592],[-46.367,-3.56],[-46.312,-3.546],[-46.259,-3.567],[-46.222,-3.589],[-46.191,-3.575],[-46.112,-3.606],[-46.127,-3.558],[-46.109,-3.486],[-46.273,-3.486],[-46.262,-3.467],[-46.292,-3.433],[-46.279,-3.408],[-46.278,-3.346],[-46.396,-3.291]]]}},{"type":"Feature","properties":{"code":"2111003"},"geometry":{"type":"Polygon","coordinates":[[[-44.592,-3.041],[-44.663,-3.013],[-44.679,-2.979],[-44.68,-2.919],[-44.652,-2.893],[-44.734,-2.886],[-44.792,-2.888],[-44.862,-2.946],[-44.903,-2.937],[-44.932,-2.919],[-44.974,-2.939],[-44.96,-2.971],[-44.939,-2.977],[-44.909,-3.04],[-44.858,-3.04],[-44.81,-3.066],[-44.81,-3.075],[-44.744,-3.12],[-44.692,-3.132],[-44.674,-3.152],[-44.664,-3.146],[-44.58,-3.051],[-44.592,-3.041]]]}},{"type":"Feature","properties":{"code":"2102804"},"geometry":{"type":"Polygon","coordinates":[[[-46.807,-7.951],[-46.846,-7.88],[-46.834,-7.822],[-46.804,-7.804],[-46.795,-7.767],[-46.837,-7.732],[-46.892,-7.747],[-46.918,-7.714],[-47.026,-7.696],[-47.057,-7.657],[-47.107,-7.649],[-47.127,-7.657],[-47.169,-7.644],[-47.201,-7.645],[-47.212,-7.622],[-47.194,-7.575],[-47.144,-7.544],[-47.124,-7.519],[-47.109,-7.435],[-47.086,-7.406],[-47.027,-7.383],[-47.008,-7.357],[-46.983,-7.355],[-46.968,-7.333],[-46.989,-7.277],[-46.983,-7.258],[-46.927,-7.216],[-46.714,-7.237],[-46.71,-7.21],[-46.73,-7.186],[-46.729,-7.164],[-46.774,-7.13],[-46.767,-7.1],[-46.788,-7.076],[-46.837,-7.064],[-46.865,-7.045],[-46.887,-7.017],[-46.923,-7.028],[-46.941,-7.019],[-46.961,-7.03],[-46.981,-7.011],[-47.058,-7.027],[-47.143,-6.996],[-47.206,-6.983],[-47.274,-6.985],[-47.312,-6.95],[-47.383,-6.931],[-47.399,-6.907],[-47.456,-6.874],[-47.485,-6.843],[-47.52,-6.84],[-47.507,-6.872],[-47.508,-6.907],[-47.53,-6.946],[-47.528,-6.971],[-47.547,-7.017],[-47.618,-7.091],[-47.627,-7.122],[-47.66,-7.151],[-47.711,-7.138],[-47.745,-7.162],[-47.75,-7.195],[-47.737,-7.217],[-47.684,-7.245],[-47.651,-7.302],[-47.627,-7.301],[-47.592,-7.264],[-47.543,-7.265],[-47.5,-7.294],[-47.478,-7.337],[-47.493,-7.376],[-47.58,-7.419],[-47.592,-7.44],[-47.561,-7.45],[-47.528,-7.433],[-47.503,-7.439],[-47.496,-7.481],[-47.462,-7.519],[-47.429,-7.525],[-47.43,-7.547],[-47.4,-7.568],[-47.383,-7.6],[-47.358,-7.616],[-47.317,-7.704],[-47.313,-7.731],[-47.289,-7.729],[-47.246,-7.781],[-47.24,-7.814],[-47.181,-7.859],[-47.14,-7.926],[-47.106,-7.952],[-47.1,-7.985],[-47.063,-8.004],[-47.046,-8.053],[-47.015,-8.059],[-46.964,-8.039],[-46.941,-7.998],[-46.883,-7.964],[-46.829,-7.962],[-46.807,-7.951]]]}},{"type":"Feature","properties":{"code":"2110807"},"geometry":{"type":"Polygon","coordinates":[[[-45.086,-7.502],[-45.05,-7.513],[-44.989,-7.482],[-44.788,-7.249],[-44.698,-7.255],[-44.705,-7.236],[-44.686,-7.189],[-44.719,-7.186],[-44.718,-7.15],[-44.772,-7.125],[-44.783,-7.099],[-44.711,-7.044],[-44.697,-6.974],[-44.71,-6.941],[-44.739,-6.928],[-44.769,-6.885],[-44.791,-6.714],[-44.852,-6.703],[-44.902,-6.706],[-44.939,-6.716],[-44.958,-6.736],[-44.98,-6.791],[-44.936,-6.868],[-44.992,-7.024],[-44.971,-7.077],[-44.987,-7.102],[-45.086,-7.502]]]}},{"type":"Feature","properties":{"code":"2102606"},"geometry":{"type":"MultiPolygon","coordinates":[[[[-45.596,-1.24],[-45.533,-1.226],[-45.539,-1.205],[-45.568,-1.192],[-45.596,-1.24]]],[[[-45.633,-2.179],[-45.632,-2.106],[-45.651,-2.001],[-45.64,-1.965],[-45.622,-1.951],[-45.712,-1.77],[-45.603,-1.562],[-45.587,-1.546],[-45.526,-1.515],[-45.475,-1.48],[-45.489,-1.469],[-45.475,-1.372],[-45.422,-1.353],[-45.41,-1.302],[-45.476,-1.325],[-45.505,-1.377],[-45.527,-1.359],[-45.519,-1.318],[-45.573,-1.287],[-45.611,-1.275],[-45.62,-1.296],[-45.616,-1.343],[-45.638,-1.372],[-45.694,-1.37],[-45.695,-1.389],[-45.766,-1.445],[-45.776,-1.524],[-45.763,-1.56],[-45.784,-1.581],[-45.804,-1.57],[-45.829,-1.61],[-45.827,-1.646],[-45.863,-1.679],[-45.852,-1.714],[-45.878,-1.756],[-45.876,-1.784],[-45.872,-1.801],[-45.819,-1.834],[-45.796,-1.894],[-45.728,-1.939],[-45.691,-1.971],[-45.675,-2.06],[-45.687,-2.087],[-45.662,-2.111],[-45.651,-2.164],[-45.633,-2.179]]]]}},{"type":"Feature","properties":{"code":"2110906"},"geometry":{"type":"Polygon","coordinates":[[[-42.886,-6.505],[-42.865,-6.482],[-42.877,-6.417],[-42.855,-6.383],[-42.852,-6.359],[-42.829,-6.341],[-42.849,-6.308],[-42.855,-6.25],[-42.876,-6.226],[-42.899,-6.223],[-42.933,-6.193],[-42.97,-6.177],[-42.978,-6.138],[-42.992,-6.118],[-43.049,-6.102],[-43.076,-6.043],[-43.049,-6.014],[-43.051,-5.99],[-43.084,-5.957],[-43.096,-5.91],[-43.334,-5.911],[-43.307,-6.021],[-43.314,-6.025],[-43.328,-6.108],[-43.313,-6.193],[-43.319,-6.261],[-43.398,-6.276],[-43.369,-6.295],[-43.338,-6.283],[-43.319,-6.328],[-43.356,-6.349],[-43.297,-6.342],[-43.099,-6.425],[-42.9,-6.504],[-42.886,-6.505]]]}},{"type":"Feature","properties":{"code":"2102705"},"geometry":{"type":"Polygon","coordinates":[[[-44.286,-3.765],[-44.261,-3.757],[-44.29,-3.716],[-44.261,-3.695],[-44.205,-3.71],[-44.184,-3.696],[-44.153,-3.651],[-44.098,-3.623],[-44.048,-3.704],[-44.032,-3.688],[-44.051,-3.587],[-44.088,-3.536],[-44.398,-3.538],[-44.4,-3.53],[-44.453,-3.562],[-44.449,-3.615],[-44.46,-3.664],[-44.422,-3.713],[-44.404,-3.693],[-44.378,-3.691],[-44.286,-3.765]]]}},{"type":"Feature","properties":{"code":"2110856"},"geometry":{"type":"Polygon","coordinates":[[[-47.364,-5.259],[-47.336,-5.263],[-47.313,-5.307],[-47.276,-5.314],[-47.185,-5.221],[-47.179,-5.193],[-47.157,-5.179],[-47.136,-5.143],[-47.22,-5.165],[-47.249,-5.104],[-47.271,-5.082],[-47.313,-5.076],[-47.325,-5.043],[-47.35,-5.026],[-47.477,-5.047],[-47.488,-5.076],[-47.514,-5.063],[-47.555,-5.095],[-47.539,-5.156],[-47.527,-5.177],[-47.502,-5.138],[-47.484,-5.177],[-47.416,-5.233],[-47.383,-5.271],[-47.364,-5.259]]]}},{"type":"Feature","properties":{"code":"2110203"},"geometry":{"type":"Polygon","coordinates":[[[-44.438,-3.216],[-44.371,-3.222],[-44.358,-3.248],[-44.333,-3.264],[-44.303,-3.265],[-44.293,-3.288],[-44.262,-3.29],[-44.243,-3.308],[-44.209,-3.253],[-44.17,-3.267],[-44.102,-3.253],[-44.102,-3.219],[-44.093,-3.197],[-44.123,-3.184],[-44.215,-3.184],[-44.214,-3.134],[-44.252,-3.074],[-44.241,-3.044],[-44.285,-3.044],[-44.316,-3.032],[-44.322,-3.105],[-44.495,-3.026],[-44.548,-3.045],[-44.556,-3.05],[-44.549,-3.086],[-44.438,-3.216]]]}},{"type":"Feature","properties":{"code":"2102002"},"geometry":{"type":"Polygon","coordinates":[[[-47.073,-4.237],[-47.073,-4.274],[-47.088,-4.303],[-47.057,-4.368],[-47.0,-4.427],[-46.964,-4.426],[-46.933,-4.443],[-46.87,-4.428],[-46.842,-4.394],[-46.811,-4.375],[-46.767,-4.372],[-46.739,-4.383],[-46.681,-4.344],[-46.632,-4.335],[-46.539,-4.269],[-46.533,-4.241],[-46.479,-4.199],[-46.45,-4.169],[-46.425,-4.12],[-46.373,-4.086],[-46.358,-4.055],[-46.303,-4.02],[-46.268,-3.989],[-46.259,-3.967],[-46.205,-3.928],[-46.204,-3.874],[-46.183,-3.844],[-46.165,-3.784],[-46.101,-3.717],[-46.068,-3.717],[-46.042,-3.701],[-46.013,-3.706],[-45.982,-3.683],[-45.95,-3.706],[-45.914,-3.691],[-45.882,-3.658],[-45.865,-3.663],[-45.813,-3.636],[-45.751,-3.644],[-45.705,-3.642],[-45.642,-3.626],[-45.608,-3.682],[-45.555,-3.659],[-45.522,-3.661],[-45.499,-3.698],[-45.477,-3.682],[-45.464,-3.637],[-45.433,-3.618],[-45.399,-3.611],[-45.404,-3.577],[-45.441,-3.594],[-45.465,-3.593],[-45.491,-3.611],[-45.52,-3.581],[-45.522,-3.538],[-45.543,-3.49],[-45.688,-3.487],[-46.109,-3.486],[-46.127,-3.558],[-46.112,-3.606],[-46.191,-3.575],[-46.222,-3.589],[-46.259,-3.567],[-46.312,-3.546],[-46.367,-3.56],[-46.404,-3.592],[-46.441,-3.575],[-46.489,-3.618],[-46.54,-3.627],[-46.575,-3.649],[-46.627,-3.702],[-46.66,-3.696],[-46.696,-3.705],[-46.712,-3.744],[-46.737,-3.776],[-46.724,-3.839],[-46.697,-3.855],[-46.709,-3.878],[-46.757,-3.905],[-46.761,-3.976],[-46.805,-3.999],[-46.844,-4.003],[-46.892,-4.044],[-46.9,-4.076],[-46.927,-4.087],[-46.962,-4.091],[-46.968,-4.119],[-47.01,-4.175],[-47.03,-4.221],[-47.073,-4.237]]]}},{"type":"Feature","properties":{"code":"2110278"},"geometry":{"type":"Polygon","coordinates":[[[-43.186,-2.959],[-43.099,-2.916],[-43.069,-2.884],[-43.09,-2.867],[-43.1,-2.818],[-43.122,-2.775],[-43.091,-2.771],[-43.055,-2.75],[-43.036,-2.71],[-43.037,-2.654],[-43.068,-2.627],[-43.051,-2.583],[-43.046,-2.511],[-43.017,-2.498],[-43.015,-2.457],[-43.237,-2.359],[-43.312,-2.339],[-43.378,-2.342],[-43.33,-2.343],[-43.318,-2.385],[-43.305,-2.476],[-43.341,-2.5],[-43.337,-2.547],[-43.347,-2.555],[-43.322,-2.605],[-43.319,-2.643],[-43.258,-2.734],[-43.285,-2.793],[-43.26,-2.845],[-43.227,-2.894],[-43.213,-2.934],[-43.186,-2.959]]]}},{"type":"Feature","properties":{"code":"2101970"},"geometry":{"type":"Polygon","coordinates":[[[-46.223,-1.915],[-46.113,-1.819],[-46.069,-1.728],[-46.069,-1.677],[-46.093,-1.676],[-46.109,-1.645],[-46.161,-1.623],[-46.155,-1.675],[-46.174,-1.7],[-46.203,-1.705],[-46.221,-1.731],[-46.248,-1.721],[-46.266,-1.733],[-46.295,-1.727],[-46.315,-1.742],[-46.325,-1.773],[-46.31,-1.806],[-46.259,-1.795],[-46.23,-1.803],[-46.211,-1.831],[-46.243,-1.879],[-46.223,-1.915]]]}},{"type":"Feature","properties":{"code":"2102077"},"geometry":{"type":"Polygon","coordinates":[[[-45.046,-4.481],[-44.989,-4.459],[-44.873,-4.384],[-44.881,-4.353],[-45.078,-4.3],[-45.078,-4.25],[-45.064,-4.244],[-44.963,-4.172],[-45.012,-4.114],[-45.035,-4.182],[-45.087,-4.203],[-45.098,-4.24],[-45.087,-4.258],[-45.11,-4.287],[-45.107,-4.329],[-45.127,-4.367],[-45.127,-4.413],[-45.094,-4.423],[-45.089,-4.45],[-45.061,-4.456],[-45.046,-4.481]]]}},{"type":"Feature","properties":{"code":"2110237"},"geometry":{"type":"Polygon","coordinates":[[[-42.641,-3.361],[-42.309,-3.092],[-42.535,-3.092],[-42.696,-3.176],[-42.697,-3.063],[-42.687,-3.06],[-42.758,-3.056],[-42.763,-3.123],[-42.798,-3.149],[-42.825,-3.216],[-42.852,-3.235],[-42.641,-3.361]]]}},{"type":"Feature","properties":{"code":"2102036"},"geometry":{"type":"Polygon","coordinates":[[[-46.93,-4.851],[-46.465,-4.851],[-46.484,-4.809],[-46.46,-4.759],[-46.492,-4.667],[-46.477,-4.653],[-46.491,-4.612],[-46.492,-4.529],[-46.498,-4.495],[-46.505,-4.379],[-46.49,-4.325],[-46.494,-4.288],[-46.475,-4.277],[-46.485,-4.248],[-46.479,-4.199],[-46.533,-4.241],[-46.539,-4.269],[-46.632,-4.335],[-46.681,-4.344],[-46.739,-4.383],[-46.767,-4.372],[-46.811,-4.375],[-46.842,-4.394],[-46.867,-4.468],[-46.898,-4.487],[-46.904,-4.533],[-46.939,-4.585],[-46.945,-4.617],[-46.934,-4.674],[-46.937,-4.753],[-46.92,-4.803],[-46.93,-4.851]]]}},{"type":"Feature","properties":{"code":"2110039"},"geometry":{"type":"Polygon","coordinates":[[[-45.904,-2.429],[-45.912,-2.529],[-45.946,-2.579],[-45.984,-2.612],[-45.998,-2.666],[-45.99,-2.696],[-45.798,-2.649],[-45.755,-2.621],[-45.642,-2.655],[-45.594,-2.606],[-45.594,-2.557],[-45.561,-2.482],[-45.642,-2.458],[-45.642,-2.361],[-45.803,-2.427],[-45.904,-2.429]]]}},{"type":"Feature","properties":{"code":"2101939"},"geometry":{"type":"Polygon","coordinates":[[[-44.576,-4.767],[-44.594,-4.659],[-44.645,-4.649],[-44.691,-4.659],[-44.725,-4.651],[-44.748,-4.604],[-44.748,-4.566],[-44.801,-4.569],[-44.798,-4.608],[-44.755,-4.711],[-44.757,-4.718],[-44.576,-4.767]]]}},{"type":"Feature","properties":{"code":"2110104"},"geometry":{"type":"Polygon","coordinates":[[[-42.563,-3.559],[-42.53,-3.511],[-42.527,-3.486],[-42.496,-3.446],[-42.641,-3.361],[-42.852,-3.235],[-42.825,-3.216],[-43.041,-3.13],[-43.043,-3.137],[-43.031,-3.173],[-43.087,-3.218],[-43.087,-3.244],[-43.112,-3.244],[-43.134,-3.294],[-43.127,-3.34],[-43.16,-3.359],[-43.163,-3.433],[-43.138,-3.466],[-43.129,-3.478],[-42.966,-3.423],[-42.932,-3.388],[-42.753,-3.414],[-42.567,-3.558],[-42.563,-3.559]]]}},{"type":"Feature","properties":{"code":"2101905"},"geometry":{"type":"Polygon","coordinates":[[[-44.711,-2.627],[-44.684,-2.546],[-44.696,-2.514],[-44.721,-2.49],[-44.704,-2.463],[-44.659,-2.436],[-44.65,-2.367],[-44.667,-2.34],[-44.644,-2.296],[-44.678,-2.28],[-44.761,-2.271],[-44.78,-2.293],[-44.816,-2.299],[-44.869,-2.338],[-44.863,-2.358],[-44.898,-2.385],[-44.916,-2.391],[-44.955,-2.427],[-44.959,-2.459],[-44.935,-2.513],[-44.915,-2.521],[-44.835,-2.516],[-44.813,-2.537],[-44.812,-2.587],[-44.75,-2.585],[-44.711,-2.627]]]}},{"type":"Feature","properties":{"code":"2110500"},"geometry":{"type":"Polygon","coordinates":[[[-45.216,-2.908],[-45.196,-2.911],[-45.019,-2.855],[-44.961,-2.841],[-44.935,-2.807],[-44.904,-2.793],[-44.844,-2.809],[-44.819,-2.799],[-44.819,-2.798],[-44.805,-2.721],[-44.811,-2.702],[-44.786,-2.67],[-44.82,-2.673],[-44.84,-2.659],[-44.883,-2.702],[-45.146,-2.834],[-45.158,-2.837],[-45.184,-2.798],[-45.22,-2.813],[-45.23,-2.833],[-45.216,-2.908]]]}},{"type":"Feature","properties":{"code":"2102325"},"geometry":{"type":"Polygon","coordinates":[[[-46.089,-4.855],[-46.115,-4.8],[-46.202,-4.753],[-46.228,-4.623],[-46.209,-4.624],[-46.178,-4.6],[-46.159,-4.561],[-46.193,-4.512],[-46.203,-4.472],[-46.233,-4.445],[-46.223,-4.39],[-46.241,-4.374],[-46.265,-4.308],[-46.274,-4.302],[-46.292,-4.279],[-46.299,-4.244],[-46.284,-4.228],[-46.283,-4.178],[-46.267,-4.129],[-46.213,-4.05],[-46.226,-4.01],[-46.268,-3.989],[-46.303,-4.02],[-46.358,-4.055],[-46.373,-4.086],[-46.425,-4.12],[-46.45,-4.169],[-46.479,-4.199],[-46.485,-4.248],[-46.475,-4.277],[-46.494,-4.288],[-46.49,-4.325],[-46.505,-4.379],[-46.498,-4.495],[-46.492,-4.529],[-46.491,-4.612],[-46.477,-4.653],[-46.492,-4.667],[-46.46,-4.759],[-46.484,-4.809],[-46.465,-4.851],[-46.089,-4.855]]]}},{"type":"Feature","properties":{"code":"2102309"},"geometry":{"type":"Polygon","coordinates":[[[-43.904,-6.005],[-43.809,-5.999],[-43.803,-5.991],[-43.741,-5.982],[-43.711,-5.961],[-43.683,-5.909],[-43.676,-5.871],[-43.719,-5.847],[-43.717,-5.802],[-43.677,-5.768],[-43.606,-5.738],[-43.587,-5.702],[-43.614,-5.662],[-43.666,-5.631],[-43.666,-5.6],[-43.759,-5.59],[-43.786,-5.562],[-43.822,-5.549],[-43.841,-5.569],[-43.887,-5.59],[-43.898,-5.648],[-43.972,-5.724],[-43.98,-5.743],[-44.029,-5.77],[-44.03,-5.787],[-44.075,-5.816],[-44.074,-5.851],[-44.058,-5.875],[-43.904,-6.005]]]}},{"type":"Feature","properties":{"code":"2102150"},"geometry":{"type":"Polygon","coordinates":[[[-45.712,-4.553],[-45.698,-4.501],[-45.638,-4.486],[-45.594,-4.532],[-45.588,-4.47],[-45.526,-4.428],[-45.422,-4.441],[-45.423,-4.417],[-45.47,-4.428],[-45.512,-4.396],[-45.481,-4.37],[-45.47,-4.347],[-45.421,-4.326],[-45.449,-4.296],[-45.426,-4.265],[-45.46,-4.281],[-45.577,-4.281],[-45.605,-4.288],[-45.626,-4.262],[-45.619,-4.236],[-45.595,-4.221],[-45.595,-4.196],[-45.626,-4.192],[-45.782,-4.25],[-45.801,-4.281],[-45.79,-4.324],[-45.804,-4.382],[-45.822,-4.428],[-45.79,-4.453],[-45.787,-4.489],[-45.761,-4.529],[-45.712,-4.553]]]}},{"type":"Feature","properties":{"code":"2110302"},"geometry":{"type":"Polygon","coordinates":[[[-44.496,-4.976],[-44.412,-4.976],[-44.412,-4.949],[-44.383,-4.931],[-44.358,-4.895],[-44.345,-4.849],[-44.322,-4.835],[-44.352,-4.808],[-44.354,-4.78],[-44.407,-4.743],[-44.419,-4.721],[-44.45,-4.697],[-44.398,-4.666],[-44.486,-4.65],[-44.573,-4.709],[-44.579,-4.733],[-44.564,-4.767],[-44.633,-4.829],[-44.639,-4.862],[-44.514,-4.976],[-44.496,-4.976]]]}},{"type":"Feature","properties":{"code":"2102101"},"geometry":{"type":"Polygon","coordinates":[[[-43.017,-3.738],[-42.722,-3.884],[-42.684,-3.803],[-42.672,-3.792],[-42.684,-3.765],[-42.67,-3.728],[-42.684,-3.695],[-42.675,-3.673],[-42.633,-3.632],[-42.797,-3.53],[-42.987,-3.553],[-43.002,-3.589],[-42.984,-3.629],[-43.016,-3.696],[-43.017,-3.738]]]}},{"type":"Feature","properties":{"code":"2110401"},"geometry":{"type":"Polygon","coordinates":[[[-43.607,-3.619],[-43.447,-3.317],[-43.458,-3.285],[-43.604,-3.236],[-43.607,-3.172],[-43.783,-3.293],[-43.8,-3.293],[-43.804,-3.315],[-43.768,-3.32],[-43.742,-3.382],[-43.714,-3.401],[-43.739,-3.431],[-43.607,-3.619]]]}},{"type":"Feature","properties":{"code":"2102200"},"geometry":{"type":"Polygon","coordinates":[[[-43.181,-4.027],[-43.001,-4.051],[-42.856,-4.079],[-42.845,-4.037],[-42.817,-3.993],[-42.791,-3.979],[-42.781,-3.955],[-42.739,-3.927],[-42.722,-3.884],[-43.017,-3.738],[-43.123,-3.69],[-43.198,-3.783],[-43.209,-4.018],[-43.181,-4.027]]]}},{"type":"Feature","properties":{"code":"2109700"},"geometry":{"type":"Polygon","coordinates":[[[-45.915,-8.135],[-45.888,-8.13],[-45.842,-8.106],[-45.779,-8.102],[-45.761,-8.071],[-45.766,-8.047],[-45.794,-8.017],[-45.772,-7.992],[-45.785,-7.943],[-45.828,-7.923],[-45.837,-7.851],[-45.829,-7.82],[-45.751,-7.78],[-45.686,-7.788],[-45.625,-7.806],[-45.538,-7.862],[-45.49,-7.787],[-45.456,-7.67],[-45.487,-7.637],[-45.515,-7.629],[-45.538,-7.597],[-45.608,-7.589],[-45.645,-7.606],[-45.5,-7.42],[-45.322,-7.195],[-45.313,-7.148],[-45.291,-7.148],[-45.264,-7.09],[-45.276,-7.059],[-45.275,-7.011],[-45.247,-6.986],[-45.244,-6.956],[-45.278,-6.941],[-45.332,-6.821],[-45.322,-6.781],[-45.354,-6.78],[-45.381,-6.821],[-45.369,-6.9],[-45.524,-7.271],[-45.557,-7.318],[-45.596,-7.319],[-45.656,-7.401],[-45.673,-7.407],[-45.688,-7.43],[-45.717,-7.447],[-45.745,-7.439],[-45.816,-7.454],[-45.832,-7.479],[-45.822,-7.495],[-45.815,-7.548],[-45.841,-7.624],[-45.854,-7.645],[-45.861,-7.694],[-45.885,-7.722],[-45.902,-7.723],[-45.912,-7.764],[-45.899,-7.84],[-45.915,-7.866],[-45.908,-7.888],[-45.938,-7.934],[-45.914,-7.945],[-45.885,-7.982],[-45.894,-8.042],[-45.955,-8.121],[-45.942,-8.167],[-45.915,-8.135]]]}},{"type":"Feature","properties":{"code":"2101509"},"geometry":{"type":"Polygon","coordinates":[[[-43.391,-6.834],[-43.344,-6.798],[-43.316,-6.801],[-43.271,-6.793],[-43.248,-6.768],[-43.178,-6.767],[-43.148,-6.784],[-43.101,-6.768],[-43.087,-6.751],[-43.048,-6.762],[-42.993,-6.749],[-42.977,-6.718],[-42.947,-6.702],[-42.919,-6.669],[-42.915,-6.648],[-42.908,-6.606],[-42.887,-6.578],[-42.886,-6.505],[-42.9,-6.504],[-43.099,-6.425],[-43.297,-6.342],[-43.356,-6.349],[-43.344,-6.391],[-43.376,-6.39],[-43.408,-6.415],[-43.407,-6.45],[-43.369,-6.529],[-43.379,-6.535],[-43.382,-6.591],[-43.402,-6.609],[-43.455,-6.846],[-43.391,-6.834]]]}},{"type":"Feature","properties":{"code":"2109759"},"geometry":{"type":"Polygon","coordinates":[[[-44.549,-5.397],[-44.588,-5.378],[-44.635,-5.4],[-44.649,-5.397],[-44.688,-5.432],[-44.745,-5.5],[-44.743,-5.535],[-44.754,-5.59],[-44.721,-5.609],[-44.727,-5.645],[-44.666,-5.661],[-44.607,-5.606],[-44.481,-5.575],[-44.472,-5.576],[-44.488,-5.533],[-44.477,-5.497],[-44.449,-5.497],[-44.461,-5.452],[-44.506,-5.449],[-44.528,-5.471],[-44.542,-5.445],[-44.549,-5.397]]]}},{"type":"Feature","properties":{"code":"2109551"},"geometry":{"type":"Polygon","coordinates":[[[-47.43,-6.068],[-47.397,-6.079],[-47.339,-6.086],[-47.313,-6.071],[-47.295,-6.087],[-47.242,-6.109],[-47.222,-6.078],[-47.235,-6.036],[-47.191,-6.021],[-47.178,-5.963],[-47.194,-5.932],[-47.162,-5.893],[-47.174,-5.866],[-47.218,-5.865],[-47.255,-5.846],[-47.288,-5.857],[-47.329,-5.839],[-47.342,-5.816],[-47.373,-5.83],[-47.423,-5.82],[-47.442,-5.831],[-47.438,-5.857],[-47.432,-5.866],[-47.431,-5.938],[-47.448,-5.99],[-47.439,-6.012],[-47.43,-6.068]]]}},{"type":"Feature","properties":{"code":"2101350"},"geometry":{"type":"Polygon","coordinates":[[[-44.65,-2.805],[-44.623,-2.737],[-44.627,-2.703],[-44.586,-2.659],[-44.555,-2.596],[-44.587,-2.578],[-44.65,-2.604],[-44.672,-2.629],[-44.711,-2.627],[-44.738,-2.629],[-44.786,-2.67],[-44.811,-2.702],[-44.805,-2.721],[-44.819,-2.798],[-44.808,-2.794],[-44.67,-2.792],[-44.65,-2.805]]]}},{"type":"Feature","properties":{"code":"2109601"},"geometry":{"type":"Polygon","coordinates":[[[-44.285,-3.044],[-44.241,-3.044],[-44.252,-3.074],[-44.214,-3.134],[-44.215,-3.184],[-44.123,-3.184],[-44.132,-3.154],[-44.134,-3.075],[-44.144,-3.056],[-44.144,-2.99],[-44.137,-2.948],[-44.145,-2.919],[-44.128,-2.899],[-44.131,-2.822],[-44.148,-2.768],[-44.192,-2.765],[-44.257,-2.778],[-44.266,-2.76],[-44.282,-2.766],[-44.279,-2.789],[-44.294,-2.831],[-44.274,-2.85],[-44.273,-2.874],[-44.292,-2.954],[-44.257,-2.967],[-44.285,-3.044]]]}},{"type":"Feature","properties":{"code":"2101400"},"geometry":{"type":"Polygon","coordinates":[[[-47.038,-9.001],[-47.058,-9.053],[-47.007,-9.082],[-46.976,-9.082],[-46.94,-9.064],[-46.912,-9.083],[-46.93,-9.106],[-46.926,-9.135],[-46.9,-9.128],[-46.861,-9.146],[-46.852,-9.186],[-46.82,-9.212],[-46.819,-9.257],[-46.847,-9.292],[-46.819,-9.303],[-46.799,-9.339],[-46.759,-9.381],[-46.754,-9.414],[-46.723,-9.396],[-46.666,-9.392],[-46.633,-9.412],[-46.641,-9.4],[-46.617,-9.357],[-46.652,-9.339],[-46.667,-9.306],[-46.667,-9.277],[-46.646,-9.264],[-46.644,-9.207],[-46.607,-9.15],[-46.614,-9.088],[-46.578,-9.082],[-46.541,-9.058],[-46.523,-8.955],[-46.504,-8.93],[-46.419,-8.91],[-46.393,-8.891],[-46.338,-8.828],[-46.336,-8.813],[-46.287,-8.758],[-46.274,-8.727],[-46.249,-8.714],[-46.238,-8.678],[-46.204,-8.653],[-46.144,-8.626],[-46.112,-8.571],[-46.116,-8.524],[-46.096,-8.477],[-46.097,-8.359],[-46.083,-8.34],[-46.106,-8.296],[-46.103,-8.236],[-46.12,-8.227],[-46.135,-8.14],[-46.148,-8.114],[-46.145,-8.077],[-46.101,-8.057],[-46.092,-8.025],[-46.062,-8.045],[-46.057,-8.066],[-46.024,-8.093],[-46.003,-8.163],[-45.926,-8.197],[-45.913,-8.186],[-45.915,-8.135],[-45.942,-8.167],[-45.955,-8.121],[-45.894,-8.042],[-45.885,-7.982],[-45.914,-7.945],[-45.938,-7.934],[-45.908,-7.888],[-45.915,-7.866],[-45.899,-7.84],[-45.912,-7.764],[-45.902,-7.723],[-45.885,-7.722],[-45.861,-7.694],[-45.854,-7.645],[-45.841,-7.624],[-45.815,-7.548],[-45.822,-7.495],[-45.832,-7.479],[-45.816,-7.454],[-45.745,-7.439],[-45.717,-7.447],[-45.688,-7.43],[-45.673,-7.407],[-45.718,-7.369],[-45.767,-7.338],[-45.805,-7.328],[-45.87,-7.289],[-46.072,-7.16],[-46.198,-7.258],[-46.166,-7.365],[-46.388,-7.466],[-46.418,-7.695],[-46.449,-7.717],[-46.452,-7.75],[-46.467,-7.766],[-46.439,-7.805],[-46.456,-7.826],[-46.437,-7.852],[-46.424,-7.891],[-46.443,-7.94],[-46.422,-7.947],[-46.406,-7.986],[-46.411,-8.001],[-46.405,-8.063],[-46.421,-8.086],[-46.402,-8.112],[-46.395,-8.149],[-46.406,-8.164],[-46.401,-8.225],[-46.421,-8.297],[-46.412,-8.325],[-46.426,-8.377],[-46.47,-8.42],[-46.515,-8.427],[-46.522,-8.411],[-46.567,-8.402],[-46.617,-8.421],[-46.633,-8.406],[-46.706,-8.412],[-46.727,-8.383],[-46.777,-8.368],[-46.803,-8.406],[-46.8,-8.454],[-46.824,-8.475],[-46.849,-8.475],[-46.846,-8.534],[-46.902,-8.586],[-46.898,-8.601],[-46.916,-8.648],[-46.887,-8.687],[-46.914,-8.709],[-46.926,-8.735],[-46.905,-8.775],[-46.903,-8.815],[-46.918,-8.857],[-46.993,-8.879],[-46.97,-8.915],[-47.011,-8.947],[-47.021,-8.988],[-47.038,-9.001]]]}},{"type":"Feature","properties":{"code":"2101731"},"geometry":{"type":"Polygon","coordinates":[[[-43.604,-3.236],[-43.518,-3.241],[-43.512,-3.224],[-43.451,-3.184],[-43.412,-3.15],[-43.345,-3.102],[-43.279,-3.081],[-43.269,-3.063],[-43.319,-3.022],[-43.457,-2.984],[-43.487,-2.989],[-43.499,-3.015],[-43.551,-3.022],[-43.571,-3.038],[-43.542,-3.13],[-43.607,-3.172],[-43.604,-3.236]]]}},{"type":"Feature","properties":{"code":"2109908"},"geometry":{"type":"Polygon","coordinates":[[[-45.561,-3.987],[-45.55,-3.987],[-45.488,-4.064],[-45.446,-4.075],[-45.422,-4.067],[-45.403,-4.055],[-45.403,-4.024],[-45.387,-3.996],[-45.358,-3.985],[-45.373,-3.908],[-45.34,-3.87],[-45.326,-3.845],[-45.318,-3.781],[-45.324,-3.696],[-45.331,-3.673],[-45.319,-3.638],[-45.384,-3.631],[-45.408,-3.658],[-45.424,-3.723],[-45.491,-3.824],[-45.528,-3.852],[-45.564,-3.878],[-45.598,-3.915],[-45.581,-3.947],[-45.578,-3.987],[-45.561,-3.987]]]}},{"type":"Feature","properties":{"code":"2101707"},"geometry":{"type":"Polygon","coordinates":[[[-42.825,-3.216],[-42.798,-3.149],[-42.763,-3.123],[-42.758,-3.056],[-42.756,-3.038],[-42.777,-3.002],[-42.75,-2.902],[-42.716,-2.889],[-42.642,-2.625],[-42.696,-2.574],[-42.727,-2.555],[-42.761,-2.546],[-42.829,-2.543],[-42.965,-2.475],[-43.015,-2.457],[-43.017,-2.498],[-43.046,-2.511],[-43.051,-2.583],[-43.068,-2.627],[-43.037,-2.654],[-43.036,-2.71],[-43.055,-2.75],[-43.091,-2.771],[-43.122,-2.775],[-43.1,-2.818],[-43.09,-2.867],[-43.069,-2.884],[-43.099,-2.916],[-43.186,-2.959],[-43.243,-2.992],[-43.222,-3.022],[-43.181,-2.995],[-43.151,-3.043],[-43.141,-3.078],[-43.043,-3.137],[-43.041,-3.13],[-42.825,-3.216]]]}},{"type":"Feature","properties":{"code":"2110005"},"geometry":{"type":"Polygon","coordinates":[[[-46.017,-4.854],[-46.039,-4.79],[-46.0,-4.734],[-45.975,-4.723],[-45.958,-4.679],[-45.928,-4.662],[-45.922,-4.616],[-45.92,-4.559],[-45.714,-4.559],[-45.712,-4.553],[-45.761,-4.529],[-45.787,-4.489],[-45.79,-4.453],[-45.822,-4.428],[-45.804,-4.382],[-45.79,-4.324],[-45.801,-4.281],[-45.782,-4.25],[-45.626,-4.192],[-45.595,-4.196],[-45.581,-4.11],[-45.558,-4.06],[-45.573,-4.02],[-45.561,-3.987],[-45.578,-3.987],[-45.581,-3.947],[-45.598,-3.915],[-45.624,-3.733],[-45.661,-3.746],[-45.704,-3.803],[-45.785,-3.833],[-45.839,-3.817],[-45.846,-3.88],[-45.901,-3.904],[-45.928,-3.952],[-45.979,-3.982],[-46.05,-4.0],[-46.093,-4.035],[-46.274,-4.302],[-46.265,-4.308],[-46.241,-4.374],[-46.223,-4.39],[-46.233,-4.445],[-46.203,-4.472],[-46.193,-4.512],[-46.159,-4.561],[-46.178,-4.6],[-46.209,-4.624],[-46.228,-4.623],[-46.202,-4.753],[-46.115,-4.8],[-46.089,-4.855],[-46.017,-4.854]]]}},{"type":"Feature","properties":{"code":"2101806"},"geometry":{"type":"Polygon","coordinates":[[[-44.989,-7.482],[-44.985,-7.481],[-44.923,-7.467],[-44.899,-7.425],[-44.868,-7.422],[-44.847,-7.386],[-44.817,-7.362],[-44.78,-7.378],[-44.742,-7.362],[-44.73,-7.39],[-44.69,-7.396],[-44.66,-7.329],[-44.616,-7.309],[-44.565,-7.229],[-44.522,-7.219],[-44.512,-7.194],[-44.473,-7.166],[-44.431,-7.152],[-44.386,-7.121],[-44.327,-7.11],[-44.313,-7.119],[-44.276,-7.074],[-44.276,-7.058],[-44.278,-7.038],[-44.249,-7.0],[-44.275,-6.958],[-44.328,-6.935],[-44.335,-6.915],[-44.378,-6.877],[-44.389,-6.845],[-44.408,-6.836],[-44.442,-6.862],[-44.461,-6.896],[-44.494,-6.884],[-44.513,-6.925],[-44.535,-7.015],[-44.614,-6.962],[-44.697,-6.974],[-44.711,-7.044],[-44.783,-7.099],[-44.772,-7.125],[-44.718,-7.15],[-44.719,-7.186],[-44.686,-7.189],[-44.705,-7.236],[-44.698,-7.255],[-44.788,-7.249],[-44.989,-7.482]]]}},{"type":"Feature","properties":{"code":"2101772"},"geometry":{"type":"Polygon","coordinates":[[[-45.324,-3.696],[-45.318,-3.781],[-45.326,-3.845],[-45.299,-3.8],[-45.256,-3.799],[-45.22,-3.772],[-45.204,-3.785],[-45.147,-3.732],[-45.146,-3.731],[-45.288,-3.718],[-45.324,-3.696]]]}},{"type":"Feature","properties":{"code":"2109809"},"geometry":{"type":"Polygon","coordinates":[[[-45.638,-2.903],[-45.629,-2.884],[-45.594,-2.866],[-45.559,-2.862],[-45.453,-2.821],[-45.438,-2.79],[-45.465,-2.747],[-45.457,-2.714],[-45.47,-2.7],[-45.461,-2.651],[-45.444,-2.624],[-45.44,-2.59],[-45.449,-2.564],[-45.47,-2.551],[-45.494,-2.503],[-45.482,-2.492],[-45.3,-2.411],[-45.16,-2.347],[-45.027,-2.208],[-44.967,-2.171],[-45.095,-2.05],[-45.19,-2.04],[-45.25,-2.079],[-45.24,-2.108],[-45.286,-2.167],[-45.288,-2.212],[-45.31,-2.232],[-45.34,-2.289],[-45.347,-2.336],[-45.38,-2.309],[-45.39,-2.277],[-45.43,-2.305],[-45.47,-2.318],[-45.517,-2.364],[-45.547,-2.361],[-45.586,-2.384],[-45.639,-2.36],[-45.642,-2.361],[-45.642,-2.458],[-45.561,-2.482],[-45.594,-2.557],[-45.594,-2.606],[-45.642,-2.655],[-45.638,-2.903]]]}},{"type":"Feature","properties":{"code":"2101608"},"geometry":{"type":"Polygon","coordinates":[[[-44.925,-5.789],[-44.919,-5.702],[-44.924,-5.674],[-44.968,-5.626],[-44.957,-5.57],[-44.966,-5.512],[-44.944,-5.481],[-44.94,-5.444],[-44.92,-5.403],[-44.926,-5.387],[-44.895,-5.355],[-44.87,-5.344],[-44.816,-5.259],[-44.805,-5.22],[-44.775,-5.203],[-44.763,-5.181],[-44.824,-5.146],[-44.834,-5.113],[-44.856,-5.106],[-44.87,-5.045],[-44.892,-5.032],[-44.919,-5.039],[-44.935,-5.022],[-44.969,-5.083],[-44.97,-5.115],[-44.999,-5.151],[-45.021,-5.209],[-45.125,-5.123],[-45.331,-5.122],[-45.314,-5.164],[-45.34,-5.207],[-45.359,-5.225],[-45.339,-5.247],[-45.37,-5.28],[-45.426,-5.29],[-45.46,-5.269],[-45.484,-5.298],[-45.421,-5.447],[-45.523,-5.509],[-45.427,-5.604],[-45.482,-5.621],[-45.503,-5.656],[-45.553,-5.694],[-45.549,-5.711],[-45.574,-5.731],[-45.376,-5.933],[-45.313,-5.917],[-45.296,-5.92],[-45.289,-5.977],[-45.271,-5.996],[-45.182,-5.877],[-45.09,-5.853],[-44.925,-5.789]]]}},{"type":"Feature","properties":{"code":"2100956"},"geometry":{"type":"Polygon","coordinates":[[[-46.33,-5.334],[-46.308,-5.362],[-46.25,-5.351],[-46.205,-5.326],[-46.187,-5.271],[-46.097,-5.292],[-46.01,-5.305],[-45.986,-5.289],[-45.932,-5.313],[-45.906,-5.255],[-45.867,-5.234],[-45.793,-5.147],[-45.795,-5.122],[-45.77,-5.113],[-45.725,-5.048],[-45.684,-5.039],[-45.62,-4.988],[-45.606,-4.993],[-45.571,-4.944],[-45.572,-4.92],[-45.598,-4.894],[-45.707,-4.834],[-45.712,-4.775],[-45.849,-4.744],[-45.867,-4.628],[-45.923,-4.64],[-45.922,-4.616],[-45.928,-4.662],[-45.958,-4.679],[-45.975,-4.723],[-46.0,-4.734],[-46.039,-4.79],[-46.017,-4.854],[-46.011,-4.863],[-46.026,-4.934],[-46.055,-4.967],[-46.071,-5.001],[-46.114,-5.046],[-46.167,-5.054],[-46.191,-5.072],[-46.22,-5.135],[-46.284,-5.185],[-46.313,-5.221],[-46.321,-5.264],[-46.348,-5.296],[-46.33,-5.334]]]}},{"type":"Feature","properties":{"code":"2109239"},"geometry":{"type":"Polygon","coordinates":[[[-45.904,-2.429],[-45.803,-2.427],[-45.642,-2.361],[-45.639,-2.36],[-45.684,-2.329],[-45.684,-2.227],[-45.71,-2.244],[-45.747,-2.189],[-45.776,-2.187],[-45.832,-2.229],[-45.839,-2.288],[-45.852,-2.345],[-45.901,-2.414],[-45.904,-2.429]]]}},{"type":"Feature","properties":{"code":"2109205"},"geometry":{"type":"Polygon","coordinates":[[[-44.03,-3.291],[-44.044,-3.21],[-44.01,-3.183],[-43.994,-3.126],[-44.015,-3.099],[-43.989,-3.075],[-44.039,-3.064],[-44.044,-3.042],[-44.088,-3.022],[-44.068,-2.983],[-44.071,-2.942],[-44.06,-2.905],[-44.137,-2.948],[-44.144,-2.99],[-44.144,-3.056],[-44.134,-3.075],[-44.132,-3.154],[-44.123,-3.184],[-44.093,-3.197],[-44.102,-3.219],[-44.065,-3.188],[-44.047,-3.291],[-44.03,-3.291]]]}},{"type":"Feature","properties":{"code":"2109056"},"geometry":{"type":"Polygon","coordinates":[[[-44.705,-1.967],[-44.691,-1.985],[-44.651,-1.99],[-44.616,-1.968],[-44.632,-1.943],[-44.599,-1.896],[-44.552,-1.889],[-44.539,-1.85],[-44.568,-1.825],[-44.564,-1.804],[-44.615,-1.763],[-44.626,-1.782],[-44.619,-1.815],[-44.655,-1.835],[-44.667,-1.863],[-44.729,-1.889],[-44.7,-1.95],[-44.705,-1.967]]]}},{"type":"Feature","properties":{"code":"2101004"},"geometry":{"type":"Polygon","coordinates":[[[-44.864,-3.346],[-44.819,-3.474],[-44.854,-3.498],[-44.831,-3.547],[-44.84,-3.574],[-44.808,-3.595],[-44.814,-3.639],[-44.793,-3.658],[-44.818,-3.678],[-44.806,-3.704],[-44.741,-3.696],[-44.749,-3.719],[-44.715,-3.736],[-44.653,-3.799],[-44.636,-3.831],[-44.61,-3.839],[-44.61,-3.659],[-44.626,-3.49],[-44.594,-3.446],[-44.634,-3.425],[-44.692,-3.379],[-44.748,-3.298],[-44.873,-3.284],[-44.879,-3.298],[-44.864,-3.346]]]}},{"type":"Feature","properties":{"code":"2109007"},"geometry":{"type":"Polygon","coordinates":[[[-47.213,-6.573],[-47.163,-6.528],[-47.135,-6.522],[-47.069,-6.546],[-47.108,-6.437],[-47.139,-6.417],[-47.125,-6.384],[-47.06,-6.379],[-47.055,-6.359],[-47.022,-6.316],[-47.02,-6.289],[-46.971,-6.269],[-46.908,-6.297],[-46.865,-6.287],[-46.844,-6.319],[-46.783,-6.339],[-46.811,-6.28],[-46.806,-6.236],[-46.843,-6.212],[-46.848,-6.195],[-46.855,-6.189],[-46.959,-6.231],[-47.039,-6.212],[-47.043,-6.197],[-47.096,-6.215],[-47.114,-6.233],[-47.186,-6.261],[-47.222,-6.268],[-47.27,-6.288],[-47.303,-6.251],[-47.342,-6.242],[-47.381,-6.25],[-47.379,-6.273],[-47.409,-6.328],[-47.41,-6.366],[-47.43,-6.423],[-47.433,-6.44],[-47.416,-6.484],[-47.425,-6.497],[-47.384,-6.518],[-47.351,-6.511],[-47.315,-6.542],[-47.29,-6.539],[-47.271,-6.563],[-47.213,-6.573]]]}},{"type":"Feature","properties":{"code":"2100832"},"geometry":{"type":"Polygon","coordinates":[[[-45.196,-1.488],[-45.152,-1.574],[-45.167,-1.599],[-45.122,-1.644],[-45.079,-1.624],[-45.074,-1.607],[-45.04,-1.601],[-45.008,-1.581],[-44.95,-1.567],[-44.953,-1.56],[-44.964,-1.536],[-45.008,-1.486],[-45.028,-1.493],[-45.103,-1.473],[-45.133,-1.485],[-45.159,-1.475],[-45.177,-1.496],[-45.196,-1.488]]]}},{"type":"Feature","properties":{"code":"2100808"},"geometry":{"type":"Polygon","coordinates":[[[-43.017,-3.738],[-43.016,-3.696],[-42.984,-3.629],[-43.002,-3.589],[-42.987,-3.553],[-42.988,-3.471],[-42.966,-3.423],[-43.129,-3.478],[-43.138,-3.466],[-43.182,-3.443],[-43.216,-3.394],[-43.235,-3.385],[-43.312,-3.537],[-43.295,-3.551],[-43.238,-3.539],[-43.221,-3.52],[-43.194,-3.518],[-43.173,-3.553],[-43.149,-3.555],[-43.129,-3.528],[-43.097,-3.534],[-43.088,-3.586],[-43.113,-3.637],[-43.123,-3.69],[-43.017,-3.738]]]}},{"type":"Feature","properties":{"code":"2109106"},"geometry":{"type":"Polygon","coordinates":[[[-44.549,-5.397],[-44.542,-5.445],[-44.528,-5.471],[-44.506,-5.449],[-44.461,-5.452],[-44.449,-5.497],[-44.428,-5.471],[-44.402,-5.448],[-44.399,-5.388],[-44.356,-5.337],[-44.345,-5.312],[-44.358,-5.277],[-44.37,-5.227],[-44.341,-5.196],[-44.352,-5.118],[-44.35,-5.11],[-44.391,-5.103],[-44.423,-5.123],[-44.455,-5.081],[-44.461,-5.123],[-44.488,-5.127],[-44.524,-5.125],[-44.544,-5.17],[-44.539,-5.22],[-44.569,-5.251],[-44.545,-5.343],[-44.564,-5.362],[-44.549,-5.397]]]}},{"type":"Feature","properties":{"code":"2100907"},"geometry":{"type":"Polygon","coordinates":[[[-41.98,-3.216],[-41.972,-3.204],[-41.972,-3.193],[-41.936,-3.151],[-41.925,-3.113],[-41.901,-3.097],[-41.896,-3.094],[-41.869,-3.06],[-41.823,-3.018],[-41.797,-2.961],[-41.806,-2.938],[-41.834,-2.916],[-41.866,-2.87],[-41.845,-2.814],[-41.849,-2.784],[-41.826,-2.757],[-41.807,-2.73],[-41.91,-2.719],[-41.984,-2.723],[-42.019,-2.714],[-42.043,-2.73],[-42.071,-2.687],[-42.138,-2.695],[-42.213,-2.687],[-42.223,-2.692],[-42.195,-2.71],[-42.153,-2.72],[-42.117,-2.757],[-42.097,-2.759],[-42.071,-2.814],[-42.087,-2.836],[-42.096,-2.877],[-42.083,-2.914],[-42.13,-2.947],[-42.127,-2.987],[-42.049,-2.99],[-42.067,-3.016],[-42.127,-3.039],[-42.147,-3.057],[-42.242,-3.079],[-42.279,-3.079],[-42.309,-3.092],[-42.245,-3.199],[-41.986,-3.223],[-41.98,-3.216]]]}},{"type":"Feature","properties":{"code":"2100873"},"geometry":{"type":"Polygon","coordinates":[[[-45.902,-3.028],[-45.931,-3.098],[-45.919,-3.125],[-45.951,-3.187],[-45.927,-3.236],[-45.808,-3.23],[-45.781,-3.217],[-45.711,-3.101],[-45.642,-3.119],[-45.639,-3.083],[-45.624,-3.053],[-45.638,-2.903],[-45.71,-2.949],[-45.733,-2.938],[-45.757,-2.961],[-45.789,-2.973],[-45.839,-2.954],[-45.848,-2.989],[-45.891,-3.004],[-45.902,-3.028]]]}},{"type":"Feature","properties":{"code":"2101251"},"geometry":{"type":"Polygon","coordinates":[[[-44.495,-3.026],[-44.322,-3.105],[-44.316,-3.032],[-44.285,-3.044],[-44.257,-2.967],[-44.292,-2.954],[-44.273,-2.874],[-44.274,-2.85],[-44.294,-2.831],[-44.279,-2.789],[-44.282,-2.766],[-44.33,-2.781],[-44.368,-2.756],[-44.388,-2.765],[-44.39,-2.797],[-44.41,-2.799],[-44.406,-2.882],[-44.425,-2.944],[-44.449,-2.981],[-44.495,-3.026]]]}},{"type":"Feature","properties":{"code":"2109403"},"geometry":{"type":"Polygon","coordinates":[[[-43.319,-3.022],[-43.298,-3.022],[-43.243,-2.992],[-43.186,-2.959],[-43.213,-2.934],[-43.227,-2.894],[-43.26,-2.845],[-43.285,-2.793],[-43.258,-2.734],[-43.319,-2.643],[-43.322,-2.605],[-43.347,-2.555],[-43.337,-2.547],[-43.341,-2.5],[-43.305,-2.476],[-43.318,-2.385],[-43.33,-2.343],[-43.378,-2.342],[-43.405,-2.336],[-43.461,-2.35],[-43.483,-2.385],[-43.452,-2.444],[-43.462,-2.486],[-43.45,-2.559],[-43.462,-2.593],[-43.444,-2.607],[-43.435,-2.646],[-43.446,-2.742],[-43.438,-2.779],[-43.462,-2.833],[-43.456,-2.885],[-43.417,-2.917],[-43.426,-2.948],[-43.457,-2.984],[-43.319,-3.022]]]}},{"type":"Feature","properties":{"code":"2101202"},"geometry":{"type":"Polygon","coordinates":[[[-44.506,-4.279],[-44.48,-4.234],[-44.487,-4.13],[-44.487,-4.091],[-44.578,-4.093],[-44.573,-4.115],[-44.633,-4.115],[-44.684,-4.076],[-44.699,-4.095],[-44.753,-4.095],[-44.747,-4.061],[-44.725,-4.04],[-44.684,-4.019],[-44.63,-4.019],[-44.637,-3.94],[-44.622,-3.931],[-44.611,-3.895],[-44.624,-3.859],[-44.661,-3.885],[-44.677,-3.882],[-44.715,-3.919],[-44.753,-3.945],[-44.803,-4.003],[-44.801,-4.047],[-44.83,-4.077],[-44.852,-4.081],[-44.842,-4.113],[-45.012,-4.114],[-44.963,-4.172],[-45.064,-4.244],[-45.078,-4.25],[-45.078,-4.3],[-44.881,-4.353],[-44.873,-4.384],[-44.74,-4.281],[-44.506,-4.279]]]}},{"type":"Feature","properties":{"code":"2109502"},"geometry":{"type":"Polygon","coordinates":[[[-46.807,-7.951],[-46.723,-7.922],[-46.605,-7.897],[-46.581,-7.908],[-46.55,-7.951],[-46.501,-7.973],[-46.476,-8.015],[-46.48,-8.043],[-46.466,-8.073],[-46.483,-8.091],[-46.515,-8.171],[-46.492,-8.193],[-46.504,-8.222],[-46.508,-8.27],[-46.544,-8.317],[-46.594,-8.327],[-46.633,-8.318],[-46.703,-8.348],[-46.727,-8.383],[-46.706,-8.412],[-46.633,-8.406],[-46.617,-8.421],[-46.567,-8.402],[-46.522,-8.411],[-46.515,-8.427],[-46.47,-8.42],[-46.426,-8.377],[-46.412,-8.325],[-46.421,-8.297],[-46.401,-8.225],[-46.406,-8.164],[-46.395,-8.149],[-46.402,-8.112],[-46.421,-8.086],[-46.405,-8.063],[-46.411,-8.001],[-46.406,-7.986],[-46.422,-7.947],[-46.443,-7.94],[-46.424,-7.891],[-46.437,-7.852],[-46.456,-7.826],[-46.439,-7.805],[-46.467,-7.766],[-46.452,-7.75],[-46.449,-7.717],[-46.418,-7.695],[-46.388,-7.466],[-46.166,-7.365],[-46.198,-7.258],[-46.245,-7.341],[-46.293,-7.338],[-46.312,-7.284],[-46.293,-7.2],[-46.451,-7.066],[-46.509,-7.104],[-46.537,-7.112],[-46.56,-7.17],[-46.552,-7.189],[-46.559,-7.227],[-46.599,-7.249],[-46.723,-7.279],[-46.735,-7.263],[-46.714,-7.237],[-46.927,-7.216],[-46.983,-7.258],[-46.989,-7.277],[-46.968,-7.333],[-46.983,-7.355],[-47.008,-7.357],[-47.027,-7.383],[-47.086,-7.406],[-47.109,-7.435],[-47.124,-7.519],[-47.144,-7.544],[-47.194,-7.575],[-47.212,-7.622],[-47.201,-7.645],[-47.169,-7.644],[-47.127,-7.657],[-47.107,-7.649],[-47.057,-7.657],[-47.026,-7.696],[-46.918,-7.714],[-46.892,-7.747],[-46.837,-7.732],[-46.795,-7.767],[-46.804,-7.804],[-46.834,-7.822],[-46.846,-7.88],[-46.807,-7.951]]]}},{"type":"Feature","properties":{"code":"2101301"},"geometry":{"type":"Polygon","coordinates":[[[-45.324,-1.597],[-45.356,-1.713],[-45.347,-1.732],[-45.319,-1.741],[-45.273,-1.732],[-45.236,-1.794],[-45.247,-1.821],[-45.221,-1.862],[-45.178,-1.857],[-45.127,-1.835],[-45.091,-1.808],[-45.091,-1.788],[-45.13,-1.768],[-45.1,-1.744],[-45.082,-1.694],[-45.025,-1.687],[-44.978,-1.663],[-44.903,-1.64],[-44.928,-1.608],[-44.95,-1.567],[-45.008,-1.581],[-45.04,-1.601],[-45.074,-1.607],[-45.079,-1.624],[-45.122,-1.644],[-45.167,-1.599],[-45.152,-1.574],[-45.196,-1.488],[-45.212,-1.531],[-45.236,-1.554],[-45.25,-1.587],[-45.268,-1.599],[-45.324,-1.597]]]}},{"type":"Feature","properties":{"code":"2109452"},"geometry":{"type":"Polygon","coordinates":[[[-44.174,-2.458],[-44.092,-2.455],[-44.063,-2.46],[-44.061,-2.486],[-44.052,-2.466],[-44.026,-2.451],[-44.032,-2.406],[-44.095,-2.407],[-44.154,-2.436],[-44.174,-2.458]]]}},{"type":"Feature","properties":{"code":"2109304"},"geometry":{"type":"Polygon","coordinates":[[[-44.047,-3.291],[-44.039,-3.336],[-44.057,-3.364],[-44.065,-3.398],[-44.063,-3.438],[-44.081,-3.48],[-44.051,-3.482],[-44.016,-3.507],[-43.984,-3.501],[-43.995,-3.479],[-43.959,-3.424],[-43.944,-3.418],[-43.784,-3.213],[-43.76,-3.183],[-44.03,-3.291],[-44.047,-3.291]]]}},{"type":"Feature","properties":{"code":"2101103"},"geometry":{"type":"Polygon","coordinates":[[[-44.137,-2.948],[-44.06,-2.905],[-44.061,-2.9],[-44.049,-2.872],[-44.05,-2.808],[-44.079,-2.744],[-44.116,-2.749],[-44.148,-2.768],[-44.131,-2.822],[-44.128,-2.899],[-44.145,-2.919],[-44.137,-2.948]]]}},{"type":"Feature","properties":{"code":"2109270"},"geometry":{"type":"Polygon","coordinates":[[[-45.465,-2.747],[-45.434,-2.753],[-45.403,-2.738],[-45.358,-2.746],[-45.276,-2.701],[-45.243,-2.488],[-45.3,-2.411],[-45.482,-2.492],[-45.494,-2.503],[-45.47,-2.551],[-45.449,-2.564],[-45.44,-2.59],[-45.444,-2.624],[-45.461,-2.651],[-45.47,-2.7],[-45.457,-2.714],[-45.465,-2.747]]]}},{"type":"Feature","properties":{"code":"2100477"},"geometry":{"type":"Polygon","coordinates":[[[-46.268,-3.989],[-46.226,-4.01],[-46.213,-4.05],[-46.267,-4.129],[-46.283,-4.178],[-46.284,-4.228],[-46.299,-4.244],[-46.292,-4.279],[-46.274,-4.302],[-46.093,-4.035],[-46.05,-4.0],[-45.979,-3.982],[-45.928,-3.952],[-45.901,-3.904],[-45.846,-3.88],[-45.839,-3.817],[-45.785,-3.833],[-45.704,-3.803],[-45.661,-3.746],[-45.642,-3.626],[-45.705,-3.642],[-45.751,-3.644],[-45.813,-3.636],[-45.865,-3.663],[-45.882,-3.658],[-45.914,-3.691],[-45.95,-3.706],[-45.982,-3.683],[-46.013,-3.706],[-46.042,-3.701],[-46.068,-3.717],[-46.101,-3.717],[-46.165,-3.784],[-46.183,-3.844],[-46.204,-3.874],[-46.205,-3.928],[-46.259,-3.967],[-46.268,-3.989]]]}},{"type":"Feature","properties":{"code":"2100436"},"geometry":{"type":"Polygon","coordinates":[[[-44.268,-4.278],[-44.343,-4.1],[-44.447,-4.129],[-44.487,-4.13],[-44.48,-4.234],[-44.506,-4.279],[-44.477,-4.279],[-44.473,-4.305],[-44.407,-4.321],[-44.402,-4.3],[-44.356,-4.268],[-44.301,-4.269],[-44.268,-4.278]]]}},{"type":"Feature","properties":{"code":"2100550"},"geometry":{"type":"Polygon","coordinates":[[[-45.876,-1.784],[-45.878,-1.756],[-45.852,-1.714],[-45.863,-1.679],[-45.827,-1.646],[-45.829,-1.61],[-45.935,-1.576],[-46.016,-1.524],[-46.024,-1.519],[-46.034,-1.667],[-46.056,-1.741],[-45.999,-1.788],[-45.948,-1.795],[-45.876,-1.784]]]}},{"type":"Feature","properties":{"code":"2108702"},"geometry":{"type":"Polygon","coordinates":[[[-45.209,-4.033],[-45.207,-3.972],[-45.074,-3.917],[-45.057,-3.949],[-45.01,-3.965],[-44.957,-3.873],[-45.043,-3.723],[-45.048,-3.717],[-45.089,-3.723],[-45.111,-3.749],[-45.146,-3.731],[-45.147,-3.732],[-45.176,-3.788],[-45.199,-3.809],[-45.22,-4.032],[-45.209,-4.033]]]}},{"type":"Feature","properties":{"code":"2100501"},"geometry":{"type":"Polygon","coordinates":[[[-46.012,-10.251],[-45.974,-10.248],[-45.946,-10.196],[-45.9,-10.153],[-45.879,-10.11],[-45.88,-10.061],[-45.855,-9.996],[-45.843,-9.94],[-45.858,-9.908],[-45.864,-9.861],[-45.839,-9.797],[-45.821,-9.773],[-45.821,-9.739],[-45.839,-9.696],[-45.83,-9.68],[-45.834,-9.652],[-45.82,-9.618],[-45.838,-9.595],[-45.842,-9.563],[-45.812,-9.504],[-45.791,-9.483],[-45.799,-9.417],[-45.848,-9.356],[-45.887,-9.349],[-45.908,-9.298],[-45.897,-9.233],[-45.898,-9.185],[-45.929,-9.128],[-45.923,-9.09],[-45.941,-9.055],[-45.936,-9.038],[-45.968,-8.977],[-45.991,-8.949],[-45.995,-8.927],[-45.949,-8.845],[-45.96,-8.816],[-45.938,-8.787],[-45.996,-8.8],[-46.07,-8.81],[-46.097,-8.831],[-46.134,-8.837],[-46.2,-8.806],[-46.261,-8.801],[-46.287,-8.758],[-46.336,-8.813],[-46.338,-8.828],[-46.393,-8.891],[-46.419,-8.91],[-46.504,-8.93],[-46.523,-8.955],[-46.541,-9.058],[-46.578,-9.082],[-46.614,-9.088],[-46.607,-9.15],[-46.644,-9.207],[-46.646,-9.264],[-46.667,-9.277],[-46.667,-9.306],[-46.652,-9.339],[-46.617,-9.357],[-46.641,-9.4],[-46.633,-9.412],[-46.648,-9.447],[-46.625,-9.466],[-46.573,-9.478],[-46.56,-9.494],[-46.575,-9.521],[-46.539,-9.56],[-46.583,-9.586],[-46.606,-9.63],[-46.613,-9.666],[-46.653,-9.693],[-46.644,-9.74],[-46.596,-9.747],[-46.569,-9.77],[-46.58,-9.796],[-46.562,-9.811],[-46.513,-9.797],[-46.473,-9.877],[-46.475,-9.905],[-46.466,-9.937],[-46.477,-9.99],[-46.457,-10.018],[-46.445,-10.077],[-46.421,-10.081],[-46.384,-10.12],[-46.368,-10.169],[-46.325,-10.183],[-46.268,-10.181],[-46.211,-10.17],[-46.195,-10.183],[-46.163,-10.214],[-46.093,-10.21],[-46.058,-10.186],[-46.028,-10.177],[-46.012,-10.251]]]}},{"type":"Feature","properties":{"code":"2108504"},"geometry":{"type":"Polygon","coordinates":[[[-45.528,-3.852],[-45.491,-3.824],[-45.424,-3.723],[-45.408,-3.658],[-45.384,-3.631],[-45.319,-3.638],[-45.281,-3.599],[-45.289,-3.578],[-45.323,-3.603],[-45.345,-3.604],[-45.355,-3.578],[-45.404,-3.577],[-45.399,-3.611],[-45.433,-3.618],[-45.464,-3.637],[-45.477,-3.682],[-45.499,-3.698],[-45.537,-3.701],[-45.528,-3.794],[-45.528,-3.852]]]}},{"type":"Feature","properties":{"code":"2100303"},"geometry":{"type":"Polygon","coordinates":[[[-43.585,-4.66],[-43.561,-4.674],[-43.509,-4.684],[-43.471,-4.645],[-43.398,-4.63],[-43.366,-4.644],[-43.338,-4.67],[-43.284,-4.694],[-43.254,-4.717],[-43.212,-4.677],[-43.204,-4.629],[-43.134,-4.562],[-43.122,-4.51],[-43.083,-4.446],[-43.21,-4.365],[-43.429,-4.223],[-43.368,-4.302],[-43.696,-4.492],[-43.724,-4.471],[-43.742,-4.476],[-43.679,-4.55],[-43.641,-4.583],[-43.611,-4.637],[-43.585,-4.66]]]}},{"type":"Feature","properties":{"code":"2108603"},"geometry":{"type":"Polygon","coordinates":[[[-45.184,-2.798],[-45.165,-2.767],[-45.129,-2.745],[-45.129,-2.718],[-45.109,-2.692],[-45.105,-2.657],[-45.076,-2.61],[-45.074,-2.567],[-45.041,-2.542],[-45.04,-2.507],[-45.005,-2.464],[-44.959,-2.459],[-44.955,-2.427],[-44.916,-2.391],[-44.898,-2.385],[-44.924,-2.36],[-44.935,-2.33],[-44.935,-2.233],[-44.961,-2.245],[-44.967,-2.171],[-44.967,-2.171],[-45.027,-2.208],[-45.16,-2.347],[-45.3,-2.411],[-45.243,-2.488],[-45.276,-2.701],[-45.358,-2.746],[-45.331,-2.776],[-45.275,-2.809],[-45.22,-2.813],[-45.184,-2.798]]]}}]}