{"type":"FeatureCollection","features":[{"type":"Feature","properties":{"code":"2206001"},"geometry":{"type":"Polygon","coordinates":[[[-44.048,-7.22],[-44.038,-7.231],[-43.881,-7.198],[-43.842,-7.135],[-43.774,-7.139],[-43.779,-7.114],[-43.76,-7.094],[-43.797,-7.066],[-43.782,-7.05],[-43.724,-6.954],[-43.819,-6.934],[-43.868,-6.944],[-43.915,-6.966],[-43.935,-6.99],[-43.981,-6.99],[-43.99,-7.005],[-44.007,-7.09],[-44.048,-7.22]]]}},{"type":"Feature","properties":{"code":"2205805"},"geometry":{"type":"Polygon","coordinates":[[[-42.37,-3.76],[-42.319,-3.705],[-42.31,-3.673],[-42.269,-3.652],[-42.247,-3.591],[-42.224,-3.542],[-42.224,-3.447],[-42.202,-3.431],[-42.225,-3.427],[-42.273,-3.445],[-42.302,-3.452],[-42.334,-3.434],[-42.356,-3.451],[-42.389,-3.449],[-42.4,-3.475],[-42.367,-3.509],[-42.383,-3.54],[-42.377,-3.594],[-42.386,-3.614],[-42.422,-3.628],[-42.454,-3.624],[-42.48,-3.601],[-42.526,-3.617],[-42.556,-3.642],[-42.554,-3.666],[-42.518,-3.683],[-42.489,-3.757],[-42.471,-3.771],[-42.442,-3.746],[-42.37,-3.76]]]}},{"type":"Feature","properties":{"code":"2205854"},"geometry":{"type":"Polygon","coordinates":[[[-42.617,-3.611],[-42.554,-3.666],[-42.556,-3.642],[-42.526,-3.617],[-42.48,-3.601],[-42.459,-3.545],[-42.489,-3.51],[-42.47,-3.484],[-42.496,-3.446],[-42.527,-3.486],[-42.53,-3.511],[-42.563,-3.559],[-42.61,-3.586],[-42.617,-3.611]]]}},{"type":"Feature","properties":{"code":"2206209"},"geometry":{"type":"Polygon","coordinates":[[[-42.548,-4.345],[-42.616,-4.238],[-42.647,-4.131],[-42.659,-4.078],[-42.684,-4.093],[-42.71,-4.089],[-42.749,-4.053],[-42.791,-3.979],[-42.817,-3.993],[-42.845,-4.037],[-42.856,-4.079],[-42.87,-4.104],[-42.901,-4.117],[-42.89,-4.155],[-42.924,-4.153],[-42.943,-4.167],[-42.986,-4.221],[-42.985,-4.284],[-42.965,-4.322],[-42.964,-4.361],[-42.886,-4.364],[-42.812,-4.399],[-42.711,-4.398],[-42.582,-4.427],[-42.581,-4.387],[-42.557,-4.366],[-42.548,-4.345]]]}},{"type":"Feature","properties":{"code":"2206050"},"geometry":{"type":"Polygon","coordinates":[[[-41.227,-7.573],[-41.195,-7.576],[-41.173,-7.609],[-41.145,-7.629],[-41.064,-7.646],[-41.006,-7.635],[-40.994,-7.613],[-40.963,-7.613],[-40.942,-7.598],[-40.965,-7.591],[-40.987,-7.532],[-41.008,-7.485],[-41.017,-7.437],[-41.006,-7.425],[-41.087,-7.426],[-41.106,-7.42],[-41.156,-7.428],[-41.158,-7.447],[-41.189,-7.477],[-41.238,-7.485],[-41.227,-7.527],[-41.227,-7.573]]]}},{"type":"Feature","properties":{"code":"2206100"},"geometry":{"type":"Polygon","coordinates":[[[-42.489,-3.757],[-42.518,-3.683],[-42.554,-3.666],[-42.617,-3.611],[-42.633,-3.632],[-42.675,-3.673],[-42.684,-3.695],[-42.656,-3.723],[-42.592,-3.758],[-42.548,-3.804],[-42.527,-3.773],[-42.489,-3.757]]]}},{"type":"Feature","properties":{"code":"2205409"},"geometry":{"type":"Polygon","coordinates":[[[-42.05,-3.68],[-41.962,-3.679],[-41.923,-3.673],[-41.925,-3.639],[-41.941,-3.614],[-41.934,-3.571],[-41.911,-3.547],[-41.913,-3.528],[-41.974,-3.522],[-41.975,-3.506],[-42.021,-3.504],[-42.059,-3.452],[-42.086,-3.449],[-42.079,-3.41],[-42.064,-3.395],[-42.126,-3.346],[-42.146,-3.356],[-42.151,-3.387],[-42.195,-3.399],[-42.202,-3.431],[-42.224,-3.447],[-42.224,-3.542],[-42.247,-3.591],[-42.159,-3.606],[-42.116,-3.591],[-42.117,-3.673],[-42.05,-3.68]]]}},{"type":"Feature","properties":{"code":"2205508"},"geometry":{"type":"Polygon","coordinates":[[[-42.602,-4.904],[-42.37,-4.832],[-42.336,-4.673],[-42.296,-4.551],[-42.435,-4.478],[-42.48,-4.504],[-42.482,-4.521],[-42.541,-4.548],[-42.553,-4.589],[-42.614,-4.606],[-42.688,-4.672],[-42.722,-4.712],[-42.778,-4.764],[-42.789,-4.818],[-42.731,-4.824],[-42.713,-4.906],[-42.634,-4.913],[-42.602,-4.904]]]}},{"type":"Feature","properties":{"code":"2205458"},"geometry":{"type":"Polygon","coordinates":[[[-42.48,-3.601],[-42.454,-3.624],[-42.422,-3.628],[-42.386,-3.614],[-42.377,-3.594],[-42.383,-3.54],[-42.367,-3.509],[-42.4,-3.475],[-42.425,-3.453],[-42.448,-3.478],[-42.47,-3.484],[-42.489,-3.51],[-42.459,-3.545],[-42.48,-3.601]]]}},{"type":"Feature","properties":{"code":"2205300"},"geometry":{"type":"Polygon","coordinates":[[[-43.718,-7.263],[-43.669,-7.245],[-43.622,-7.262],[-43.584,-7.261],[-43.518,-7.284],[-43.393,-7.283],[-43.387,-7.321],[-43.404,-7.353],[-43.325,-7.404],[-43.225,-7.283],[-43.356,-7.204],[-43.306,-6.991],[-43.442,-6.945],[-43.417,-6.89],[-43.4,-6.877],[-43.391,-6.834],[-43.455,-6.846],[-43.489,-6.822],[-43.582,-6.986],[-43.661,-6.981],[-43.724,-6.954],[-43.782,-7.05],[-43.797,-7.066],[-43.76,-7.094],[-43.74,-7.113],[-43.684,-7.133],[-43.718,-7.263]]]}},{"type":"Feature","properties":{"code":"2205276"},"geometry":{"type":"Polygon","coordinates":[[[-41.946,-5.028],[-41.874,-4.901],[-41.874,-4.884],[-41.828,-4.856],[-41.811,-4.804],[-41.776,-4.787],[-41.773,-4.754],[-41.747,-4.703],[-41.747,-4.703],[-41.777,-4.69],[-41.819,-4.697],[-41.864,-4.681],[-41.909,-4.681],[-41.887,-4.714],[-41.93,-4.761],[-41.979,-4.763],[-42.014,-4.804],[-42.001,-4.842],[-42.024,-4.867],[-42.082,-4.848],[-42.084,-4.862],[-42.05,-4.911],[-42.04,-4.985],[-41.983,-4.998],[-41.946,-5.028]]]}},{"type":"Feature","properties":{"code":"2205359"},"geometry":{"type":"Polygon","coordinates":[[[-42.726,-8.685],[-42.733,-8.801],[-42.604,-8.729],[-42.475,-8.657],[-42.311,-8.663],[-42.291,-8.63],[-42.21,-8.649],[-42.189,-8.584],[-42.159,-8.59],[-42.191,-8.509],[-42.296,-8.449],[-42.333,-8.398],[-42.608,-8.303],[-42.644,-8.416],[-42.638,-8.493],[-42.694,-8.55],[-42.707,-8.578],[-42.726,-8.685]]]}},{"type":"Feature","properties":{"code":"2205706"},"geometry":{"type":"Polygon","coordinates":[[[-41.414,-3.35],[-41.396,-3.304],[-41.322,-3.179],[-41.311,-3.136],[-41.256,-3.088],[-41.261,-3.054],[-41.321,-3.05],[-41.379,-3.057],[-41.441,-3.079],[-41.429,-3.039],[-41.445,-2.965],[-41.436,-2.906],[-41.478,-2.896],[-41.51,-2.912],[-41.556,-2.899],[-41.578,-2.907],[-41.612,-2.897],[-41.65,-2.864],[-41.67,-2.88],[-41.662,-2.914],[-41.683,-2.947],[-41.68,-2.978],[-41.712,-3.007],[-41.697,-3.039],[-41.672,-3.011],[-41.603,-3.063],[-41.598,-3.122],[-41.465,-3.125],[-41.463,-3.16],[-41.511,-3.186],[-41.482,-3.233],[-41.503,-3.283],[-41.486,-3.316],[-41.446,-3.34],[-41.414,-3.35]]]}},{"type":"Feature","properties":{"code":"2205573"},"geometry":{"type":"Polygon","coordinates":[[[-41.605,-4.41],[-41.568,-4.415],[-41.511,-4.4],[-41.502,-4.357],[-41.513,-4.332],[-41.541,-4.329],[-41.561,-4.31],[-41.608,-4.302],[-41.617,-4.339],[-41.667,-4.354],[-41.658,-4.395],[-41.641,-4.409],[-41.605,-4.41]]]}},{"type":"Feature","properties":{"code":"2205565"},"geometry":{"type":"Polygon","coordinates":[[[-41.381,-8.707],[-41.401,-8.705],[-41.426,-8.668],[-41.49,-8.734],[-41.518,-8.725],[-41.509,-8.659],[-41.483,-8.601],[-41.468,-8.532],[-41.495,-8.505],[-41.486,-8.475],[-41.494,-8.455],[-41.493,-8.391],[-41.486,-8.368],[-41.523,-8.373],[-41.573,-8.324],[-41.611,-8.319],[-41.657,-8.299],[-41.677,-8.329],[-41.673,-8.393],[-41.727,-8.4],[-41.755,-8.423],[-41.712,-8.5],[-41.751,-8.605],[-41.737,-8.733],[-41.704,-8.73],[-41.646,-8.758],[-41.6,-8.795],[-41.545,-8.78],[-41.514,-8.792],[-41.472,-8.779],[-41.455,-8.756],[-41.411,-8.774],[-41.381,-8.707]]]}},{"type":"Feature","properties":{"code":"2205557"},"geometry":{"type":"Polygon","coordinates":[[[-42.614,-4.606],[-42.553,-4.589],[-42.541,-4.548],[-42.482,-4.521],[-42.48,-4.504],[-42.435,-4.478],[-42.445,-4.441],[-42.474,-4.434],[-42.546,-4.363],[-42.557,-4.366],[-42.581,-4.387],[-42.582,-4.427],[-42.672,-4.477],[-42.681,-4.542],[-42.614,-4.606]]]}},{"type":"Feature","properties":{"code":"2205540"},"geometry":{"type":"Polygon","coordinates":[[[-42.677,-5.897],[-42.66,-5.864],[-42.602,-5.853],[-42.586,-5.83],[-42.609,-5.788],[-42.599,-5.765],[-42.609,-5.73],[-42.617,-5.758],[-42.644,-5.786],[-42.656,-5.832],[-42.677,-5.897]]]}},{"type":"Feature","properties":{"code":"2205532"},"geometry":{"type":"Polygon","coordinates":[[[-43.219,-9.401],[-43.194,-9.421],[-43.173,-9.41],[-43.161,-9.379],[-43.122,-9.373],[-43.075,-9.4],[-43.088,-9.289],[-43.107,-9.243],[-43.083,-9.198],[-43.086,-9.167],[-43.107,-9.147],[-43.103,-9.096],[-43.114,-8.993],[-43.08,-8.812],[-43.017,-8.816],[-43.02,-8.701],[-43.059,-8.698],[-43.077,-8.74],[-43.261,-8.747],[-43.283,-8.75],[-43.279,-9.0],[-43.189,-9.195],[-43.216,-9.246],[-43.223,-9.313],[-43.205,-9.318],[-43.219,-9.401]]]}},{"type":"Feature","properties":{"code":"2205524"},"geometry":{"type":"Polygon","coordinates":[[[-44.083,-10.589],[-44.072,-10.58],[-44.051,-10.506],[-44.026,-10.476],[-44.036,-10.445],[-44.028,-10.412],[-43.99,-10.418],[-44.067,-10.218],[-44.093,-10.192],[-44.307,-10.29],[-44.286,-10.324],[-44.348,-10.472],[-44.344,-10.55],[-44.315,-10.557],[-44.267,-10.623],[-44.218,-10.615],[-44.166,-10.643],[-44.139,-10.64],[-44.111,-10.597],[-44.083,-10.589]]]}},{"type":"Feature","properties":{"code":"2205516"},"geometry":{"type":"Polygon","coordinates":[[[-41.739,-5.079],[-41.733,-5.117],[-41.742,-5.155],[-41.73,-5.189],[-41.701,-5.19],[-41.657,-5.156],[-41.599,-5.081],[-41.564,-5.073],[-41.512,-5.039],[-41.498,-5.014],[-41.44,-4.979],[-41.429,-4.925],[-41.384,-4.884],[-41.435,-4.861],[-41.451,-4.825],[-41.473,-4.833],[-41.525,-4.828],[-41.543,-4.759],[-41.56,-4.745],[-41.619,-4.76],[-41.655,-4.776],[-41.643,-4.811],[-41.666,-4.903],[-41.689,-4.991],[-41.721,-4.991],[-41.743,-5.059],[-41.739,-5.079]]]}},{"type":"Feature","properties":{"code":"2205607"},"geometry":{"type":"Polygon","coordinates":[[[-44.184,-7.418],[-44.134,-7.534],[-44.123,-7.5],[-44.036,-7.423],[-43.833,-7.353],[-43.784,-7.366],[-43.733,-7.301],[-43.718,-7.263],[-43.684,-7.133],[-43.74,-7.113],[-43.76,-7.094],[-43.779,-7.114],[-43.774,-7.139],[-43.842,-7.135],[-43.881,-7.198],[-44.038,-7.231],[-44.048,-7.22],[-44.069,-7.199],[-44.091,-7.219],[-44.071,-7.269],[-44.184,-7.418]]]}},{"type":"Feature","properties":{"code":"2205599"},"geometry":{"type":"Polygon","coordinates":[[[-41.282,-6.651],[-41.264,-6.613],[-41.281,-6.559],[-41.317,-6.525],[-41.315,-6.5],[-41.374,-6.503],[-41.406,-6.436],[-41.389,-6.366],[-41.447,-6.348],[-41.528,-6.376],[-41.562,-6.381],[-41.575,-6.339],[-41.665,-6.46],[-41.67,-6.502],[-41.69,-6.532],[-41.511,-6.608],[-41.508,-6.557],[-41.426,-6.566],[-41.371,-6.594],[-41.282,-6.651]]]}},{"type":"Feature","properties":{"code":"2205581"},"geometry":{"type":"Polygon","coordinates":[[[-42.76,-5.529],[-42.743,-5.538],[-42.634,-5.513],[-42.591,-5.516],[-42.559,-5.502],[-42.504,-5.554],[-42.462,-5.535],[-42.457,-5.49],[-42.471,-5.459],[-42.496,-5.458],[-42.529,-5.394],[-42.6,-5.351],[-42.623,-5.373],[-42.709,-5.415],[-42.748,-5.466],[-42.745,-5.497],[-42.76,-5.529]]]}},{"type":"Feature","properties":{"code":"2204907"},"geometry":{"type":"Polygon","coordinates":[[[-41.67,-7.837],[-41.618,-7.796],[-41.596,-7.759],[-41.553,-7.759],[-41.507,-7.804],[-41.458,-7.782],[-41.477,-7.75],[-41.469,-7.698],[-41.512,-7.673],[-41.647,-7.622],[-41.628,-7.547],[-41.629,-7.495],[-41.639,-7.421],[-41.629,-7.394],[-41.78,-7.424],[-41.742,-7.461],[-41.728,-7.524],[-41.753,-7.559],[-41.73,-7.593],[-41.726,-7.693],[-41.758,-7.728],[-41.756,-7.816],[-41.773,-7.817],[-41.67,-7.837]]]}},{"type":"Feature","properties":{"code":"2204808"},"geometry":{"type":"Polygon","coordinates":[[[-41.607,-6.833],[-41.661,-6.83],[-41.66,-6.796],[-41.766,-6.79],[-41.816,-6.715],[-41.865,-6.691],[-41.898,-6.686],[-41.922,-6.647],[-41.933,-6.67],[-41.917,-6.74],[-41.916,-6.83],[-41.877,-6.859],[-41.808,-6.929],[-41.703,-6.901],[-41.7,-6.915],[-41.623,-6.899],[-41.614,-6.907],[-41.613,-6.879],[-41.608,-6.839],[-41.607,-6.833]]]}},{"type":"Feature","properties":{"code":"2205151"},"geometry":{"type":"Polygon","coordinates":[[[-41.455,-8.096],[-41.426,-8.106],[-41.381,-8.082],[-41.385,-8.053],[-41.309,-8.019],[-41.268,-8.022],[-41.226,-8.011],[-41.161,-8.019],[-41.149,-7.984],[-41.113,-7.98],[-41.077,-7.938],[-41.062,-7.944],[-41.031,-7.918],[-41.048,-7.886],[-41.017,-7.851],[-40.993,-7.865],[-40.959,-7.848],[-40.952,-7.825],[-41.017,-7.793],[-41.092,-7.77],[-41.099,-7.739],[-41.125,-7.741],[-41.15,-7.761],[-41.188,-7.746],[-41.208,-7.719],[-41.23,-7.736],[-41.257,-7.727],[-41.311,-7.734],[-41.319,-7.792],[-41.379,-7.813],[-41.38,-7.846],[-41.439,-7.9],[-41.508,-7.908],[-41.526,-7.942],[-41.468,-7.99],[-41.491,-8.021],[-41.467,-8.032],[-41.444,-8.065],[-41.455,-8.096]]]}},{"type":"Feature","properties":{"code":"2205250"},"geometry":{"type":"Polygon","coordinates":[[[-42.394,-6.137],[-42.436,-6.15],[-42.5,-6.091],[-42.502,-6.06],[-42.526,-6.048],[-42.576,-6.043],[-42.59,-6.016],[-42.63,-6.04],[-42.64,-6.09],[-42.675,-6.072],[-42.703,-6.085],[-42.683,-6.139],[-42.685,-6.178],[-42.622,-6.173],[-42.545,-6.203],[-42.536,-6.221],[-42.443,-6.219],[-42.439,-6.255],[-42.319,-6.238],[-42.343,-6.194],[-42.385,-6.155],[-42.394,-6.137]]]}},{"type":"Feature","properties":{"code":"2205201"},"geometry":{"type":"Polygon","coordinates":[[[-41.379,-7.516],[-41.302,-7.54],[-41.296,-7.578],[-41.276,-7.58],[-41.267,-7.613],[-41.227,-7.573],[-41.227,-7.527],[-41.238,-7.485],[-41.189,-7.477],[-41.158,-7.447],[-41.156,-7.428],[-41.106,-7.42],[-41.087,-7.426],[-41.006,-7.425],[-41.042,-7.301],[-41.043,-7.277],[-41.085,-7.284],[-41.134,-7.274],[-41.143,-7.207],[-41.196,-7.218],[-41.205,-7.258],[-41.209,-7.275],[-41.283,-7.267],[-41.31,-7.287],[-41.31,-7.307],[-41.348,-7.426],[-41.377,-7.496],[-41.379,-7.516]]]}},{"type":"Feature","properties":{"code":"2205003"},"geometry":{"type":"Polygon","coordinates":[[[-41.628,-7.547],[-41.547,-7.519],[-41.532,-7.541],[-41.491,-7.526],[-41.428,-7.538],[-41.399,-7.551],[-41.379,-7.516],[-41.377,-7.496],[-41.348,-7.426],[-41.31,-7.307],[-41.39,-7.26],[-41.397,-7.263],[-41.428,-7.275],[-41.469,-7.313],[-41.555,-7.306],[-41.605,-7.291],[-41.614,-7.328],[-41.606,-7.352],[-41.629,-7.394],[-41.639,-7.421],[-41.629,-7.495],[-41.628,-7.547]]]}},{"type":"Feature","properties":{"code":"2205102"},"geometry":{"type":"Polygon","coordinates":[[[-43.035,-7.734],[-42.886,-7.62],[-42.861,-7.619],[-42.804,-7.561],[-42.824,-7.434],[-42.798,-7.386],[-42.842,-7.354],[-42.885,-7.359],[-43.075,-7.314],[-43.148,-7.222],[-43.225,-7.283],[-43.325,-7.404],[-43.474,-7.554],[-43.507,-7.679],[-43.304,-7.712],[-43.286,-7.696],[-43.196,-7.614],[-43.087,-7.671],[-43.035,-7.734]]]}},{"type":"Feature","properties":{"code":"2204402"},"geometry":{"type":"Polygon","coordinates":[[[-45.379,-9.981],[-45.272,-9.985],[-45.257,-9.936],[-45.14,-9.936],[-45.028,-9.975],[-44.956,-9.824],[-44.99,-9.809],[-45.038,-9.819],[-45.087,-9.807],[-45.1,-9.795],[-45.155,-9.804],[-45.181,-9.801],[-45.251,-9.822],[-45.276,-9.803],[-45.306,-9.797],[-45.326,-9.772],[-45.331,-9.74],[-45.3,-9.693],[-45.335,-9.68],[-45.115,-9.331],[-45.312,-9.243],[-45.512,-9.172],[-45.41,-9.459],[-45.513,-9.459],[-45.531,-9.496],[-45.584,-9.517],[-45.614,-9.513],[-45.668,-9.535],[-45.688,-9.557],[-45.715,-9.546],[-45.742,-9.513],[-45.791,-9.483],[-45.812,-9.504],[-45.842,-9.563],[-45.838,-9.595],[-45.82,-9.618],[-45.834,-9.652],[-45.83,-9.68],[-45.806,-9.688],[-45.757,-9.727],[-45.735,-9.752],[-45.665,-9.803],[-45.557,-9.739],[-45.541,-9.749],[-45.544,-9.783],[-45.514,-9.811],[-45.458,-9.852],[-45.413,-9.91],[-45.395,-9.918],[-45.379,-9.981]]]}},{"type":"Feature","properties":{"code":"2204352"},"geometry":{"type":"Polygon","coordinates":[[[-41.205,-7.258],[-41.264,-7.226],[-41.193,-7.115],[-41.233,-7.111],[-41.333,-7.099],[-41.387,-7.107],[-41.395,-7.127],[-41.461,-7.122],[-41.462,-7.188],[-41.397,-7.263],[-41.39,-7.26],[-41.31,-7.307],[-41.31,-7.287],[-41.283,-7.267],[-41.209,-7.275],[-41.205,-7.258]]]}},{"type":"Feature","properties":{"code":"2204303"},"geometry":{"type":"Polygon","coordinates":[[[-40.692,-7.16],[-40.717,-7.208],[-40.7,-7.226],[-40.671,-7.21],[-40.604,-7.215],[-40.506,-7.211],[-40.484,-7.133],[-40.49,-7.119],[-40.459,-7.079],[-40.428,-7.034],[-40.425,-6.935],[-40.463,-6.937],[-40.489,-6.952],[-40.505,-6.939],[-40.605,-6.956],[-40.607,-6.976],[-40.695,-7.03],[-40.79,-7.002],[-40.762,-7.022],[-40.729,-7.103],[-40.693,-7.144],[-40.692,-7.16]]]}},{"type":"Feature","properties":{"code":"2204659"},"geometry":{"type":"Polygon","coordinates":[[[-41.834,-2.916],[-41.816,-2.886],[-41.785,-2.873],[-41.755,-2.842],[-41.785,-2.77],[-41.782,-2.758],[-41.826,-2.757],[-41.849,-2.784],[-41.845,-2.814],[-41.866,-2.87],[-41.834,-2.916]]]}},{"type":"Feature","properties":{"code":"2204709"},"geometry":{"type":"Polygon","coordinates":[[[-41.495,-6.668],[-41.511,-6.608],[-41.69,-6.532],[-41.724,-6.529],[-41.729,-6.559],[-41.84,-6.57],[-41.861,-6.605],[-41.888,-6.608],[-41.928,-6.644],[-41.922,-6.647],[-41.898,-6.686],[-41.865,-6.691],[-41.816,-6.715],[-41.766,-6.79],[-41.66,-6.796],[-41.661,-6.83],[-41.607,-6.833],[-41.543,-6.738],[-41.48,-6.745],[-41.495,-6.668]]]}},{"type":"Feature","properties":{"code":"2204550"},"geometry":{"type":"Polygon","coordinates":[[[-43.782,-9.453],[-43.751,-9.434],[-43.689,-9.42],[-43.622,-9.371],[-43.606,-9.352],[-43.579,-9.32],[-43.541,-9.308],[-43.541,-9.237],[-43.459,-9.126],[-43.419,-9.139],[-43.415,-9.079],[-43.45,-9.022],[-43.445,-8.974],[-43.452,-8.919],[-43.447,-8.866],[-43.419,-8.808],[-43.428,-8.765],[-43.467,-8.73],[-43.704,-8.732],[-43.702,-8.717],[-43.792,-8.814],[-43.814,-8.871],[-43.869,-9.018],[-43.957,-9.174],[-43.87,-9.314],[-43.782,-9.453]]]}},{"type":"Feature","properties":{"code":"2204501"},"geometry":{"type":"Polygon","coordinates":[[[-43.489,-6.822],[-43.508,-6.799],[-43.542,-6.789],[-43.562,-6.748],[-43.584,-6.758],[-43.638,-6.72],[-43.715,-6.699],[-43.754,-6.704],[-43.791,-6.702],[-43.82,-6.727],[-43.854,-6.736],[-43.884,-6.759],[-43.914,-6.753],[-43.931,-6.771],[-43.9,-6.778],[-43.883,-6.802],[-43.833,-6.843],[-43.862,-6.876],[-43.899,-6.9],[-43.921,-6.933],[-43.915,-6.966],[-43.868,-6.944],[-43.819,-6.934],[-43.724,-6.954],[-43.661,-6.981],[-43.582,-6.986],[-43.489,-6.822]]]}},{"type":"Feature","properties":{"code":"2204600"},"geometry":{"type":"Polygon","coordinates":[[[-42.59,-6.016],[-42.576,-6.043],[-42.526,-6.048],[-42.502,-6.06],[-42.5,-6.091],[-42.436,-6.15],[-42.394,-6.137],[-42.412,-6.122],[-42.436,-6.034],[-42.5,-5.977],[-42.49,-5.937],[-42.548,-5.944],[-42.58,-5.948],[-42.59,-6.016]]]}},{"type":"Feature","properties":{"code":"2203909"},"geometry":{"type":"Polygon","coordinates":[[[-43.225,-7.283],[-43.148,-7.222],[-43.075,-7.314],[-42.885,-7.359],[-42.842,-7.354],[-42.816,-7.28],[-42.852,-7.215],[-42.931,-7.193],[-42.945,-7.133],[-42.799,-6.915],[-42.793,-6.775],[-42.842,-6.706],[-42.857,-6.662],[-42.915,-6.648],[-42.919,-6.669],[-42.947,-6.702],[-42.977,-6.718],[-42.993,-6.749],[-43.048,-6.762],[-43.087,-6.751],[-43.101,-6.768],[-43.148,-6.784],[-43.178,-6.767],[-43.248,-6.768],[-43.271,-6.793],[-43.316,-6.801],[-43.344,-6.798],[-43.391,-6.834],[-43.4,-6.877],[-43.417,-6.89],[-43.442,-6.945],[-43.306,-6.991],[-43.356,-7.204],[-43.225,-7.283]]]}},{"type":"Feature","properties":{"code":"2203859"},"geometry":{"type":"Polygon","coordinates":[[[-41.753,-7.559],[-41.728,-7.524],[-41.742,-7.461],[-41.78,-7.424],[-41.818,-7.361],[-41.836,-7.357],[-41.862,-7.417],[-41.854,-7.43],[-41.864,-7.488],[-41.861,-7.536],[-41.829,-7.552],[-41.753,-7.559]]]}},{"type":"Feature","properties":{"code":"2203750"},"geometry":{"type":"Polygon","coordinates":[[[-42.959,-9.428],[-42.959,-9.48],[-42.944,-9.521],[-42.904,-9.527],[-42.877,-9.562],[-42.851,-9.551],[-42.828,-9.56],[-42.821,-9.619],[-42.77,-9.619],[-42.758,-9.589],[-42.716,-9.554],[-42.69,-9.546],[-42.62,-9.539],[-42.603,-9.517],[-42.627,-9.445],[-42.677,-9.402],[-42.723,-9.341],[-42.731,-9.359],[-42.776,-9.366],[-42.828,-9.37],[-42.863,-9.385],[-42.891,-9.408],[-42.942,-9.411],[-42.959,-9.428]]]}},{"type":"Feature","properties":{"code":"2203800"},"geometry":{"type":"Polygon","coordinates":[[[-43.059,-7.911],[-42.898,-7.884],[-42.803,-7.649],[-42.756,-7.702],[-42.729,-7.655],[-42.679,-7.623],[-42.678,-7.591],[-42.682,-7.47],[-42.798,-7.386],[-42.824,-7.434],[-42.804,-7.561],[-42.861,-7.619],[-42.886,-7.62],[-43.035,-7.734],[-43.042,-7.739],[-43.049,-7.875],[-43.059,-7.911]]]}},{"type":"Feature","properties":{"code":"2204154"},"geometry":{"type":"Polygon","coordinates":[[[-40.728,-7.35],[-40.73,-7.245],[-40.799,-7.261],[-40.848,-7.285],[-40.852,-7.327],[-40.837,-7.36],[-40.797,-7.391],[-40.794,-7.421],[-40.774,-7.406],[-40.728,-7.35]]]}},{"type":"Feature","properties":{"code":"2204105"},"geometry":{"type":"Polygon","coordinates":[[[-42.615,-6.792],[-42.613,-6.777],[-42.644,-6.722],[-42.614,-6.683],[-42.612,-6.644],[-42.655,-6.602],[-42.611,-6.549],[-42.613,-6.532],[-42.707,-6.511],[-42.791,-6.522],[-42.842,-6.706],[-42.793,-6.775],[-42.666,-6.852],[-42.615,-6.792]]]}},{"type":"Feature","properties":{"code":"2204204"},"geometry":{"type":"Polygon","coordinates":[[[-41.205,-7.258],[-41.196,-7.218],[-41.143,-7.207],[-41.143,-7.166],[-41.132,-7.122],[-41.105,-7.125],[-41.081,-6.997],[-41.095,-6.757],[-41.143,-6.75],[-41.158,-6.864],[-41.187,-6.993],[-41.193,-7.115],[-41.264,-7.226],[-41.205,-7.258]]]}},{"type":"Feature","properties":{"code":"2204006"},"geometry":{"type":"Polygon","coordinates":[[[-42.349,-6.507],[-42.31,-6.507],[-42.19,-6.461],[-42.175,-6.45],[-42.138,-6.473],[-42.127,-6.431],[-42.126,-6.391],[-42.29,-6.326],[-42.291,-6.397],[-42.349,-6.507]]]}},{"type":"Feature","properties":{"code":"2203354"},"geometry":{"type":"Polygon","coordinates":[[[-42.603,-9.517],[-42.59,-9.498],[-42.515,-9.502],[-42.493,-9.495],[-42.481,-9.459],[-42.449,-9.461],[-42.419,-9.409],[-42.365,-9.382],[-42.357,-9.353],[-42.316,-9.317],[-42.269,-9.31],[-42.226,-9.283],[-42.21,-9.203],[-42.305,-9.185],[-42.329,-9.185],[-42.37,-9.188],[-42.403,-9.177],[-42.463,-9.172],[-42.494,-9.257],[-42.642,-9.332],[-42.723,-9.341],[-42.677,-9.402],[-42.627,-9.445],[-42.603,-9.517]]]}},{"type":"Feature","properties":{"code":"2203453"},"geometry":{"type":"Polygon","coordinates":[[[-41.855,-9.241],[-41.838,-9.242],[-41.8,-9.148],[-41.743,-9.104],[-41.733,-9.088],[-41.731,-9.028],[-41.689,-9.014],[-41.669,-8.99],[-41.633,-8.986],[-41.606,-8.957],[-41.546,-8.962],[-41.541,-8.934],[-41.488,-8.844],[-41.472,-8.843],[-41.411,-8.774],[-41.455,-8.756],[-41.472,-8.779],[-41.514,-8.792],[-41.545,-8.78],[-41.6,-8.795],[-41.646,-8.758],[-41.704,-8.73],[-41.737,-8.733],[-41.758,-8.732],[-41.807,-8.688],[-41.84,-8.702],[-41.88,-8.672],[-41.931,-8.644],[-41.968,-8.636],[-41.997,-8.598],[-42.025,-8.586],[-42.054,-8.598],[-42.08,-8.573],[-42.111,-8.582],[-42.126,-8.567],[-42.159,-8.59],[-42.189,-8.584],[-42.21,-8.649],[-42.13,-8.728],[-42.202,-8.832],[-42.236,-8.863],[-42.237,-8.927],[-42.225,-9.013],[-42.18,-9.134],[-42.142,-9.153],[-42.069,-9.258],[-42.019,-9.251],[-42.0,-9.266],[-41.972,-9.249],[-41.922,-9.279],[-41.87,-9.237],[-41.855,-9.241]]]}},{"type":"Feature","properties":{"code":"2211605"},"geometry":{"type":"Polygon","coordinates":[[[-40.992,-7.253],[-40.972,-7.305],[-40.873,-7.262],[-40.883,-7.241],[-40.864,-7.175],[-40.882,-7.157],[-40.911,-7.125],[-40.96,-7.108],[-40.998,-7.137],[-40.992,-7.2],[-40.98,-7.216],[-40.992,-7.253]]]}},{"type":"Feature","properties":{"code":"2203420"},"geometry":{"type":"Polygon","coordinates":[[[-41.525,-4.257],[-41.495,-4.274],[-41.488,-4.304],[-41.453,-4.301],[-41.428,-4.321],[-41.381,-4.434],[-41.357,-4.343],[-41.24,-4.376],[-41.229,-4.34],[-41.119,-4.324],[-41.136,-4.234],[-41.099,-4.181],[-41.098,-4.181],[-41.135,-4.177],[-41.165,-4.188],[-41.196,-4.148],[-41.295,-4.166],[-41.313,-4.147],[-41.343,-4.14],[-41.394,-4.161],[-41.41,-4.149],[-41.432,-4.181],[-41.474,-4.187],[-41.497,-4.18],[-41.525,-4.257]]]}},{"type":"Feature","properties":{"code":"2203404"},"geometry":{"type":"Polygon","coordinates":[[[-41.731,-7.017],[-41.716,-7.0],[-41.662,-7.031],[-41.615,-7.034],[-41.63,-6.989],[-41.614,-6.907],[-41.623,-6.899],[-41.7,-6.915],[-41.703,-6.901],[-41.808,-6.929],[-41.731,-7.017]]]}},{"type":"Feature","properties":{"code":"2203255"},"geometry":{"type":"Polygon","coordinates":[[[-42.942,-5.587],[-42.915,-5.626],[-42.972,-5.628],[-42.953,-5.652],[-42.975,-5.683],[-42.936,-5.705],[-42.814,-5.678],[-42.739,-5.662],[-42.725,-5.647],[-42.757,-5.628],[-42.75,-5.586],[-42.76,-5.529],[-42.789,-5.519],[-42.846,-5.536],[-42.862,-5.561],[-42.915,-5.556],[-42.942,-5.587]]]}},{"type":"Feature","properties":{"code":"2211407"},"geometry":{"type":"Polygon","coordinates":[[[-42.145,-6.643],[-42.164,-6.556],[-42.146,-6.547],[-42.187,-6.488],[-42.19,-6.461],[-42.31,-6.507],[-42.306,-6.59],[-42.206,-6.625],[-42.183,-6.647],[-42.146,-6.643],[-42.145,-6.643]]]}},{"type":"Feature","properties":{"code":"2203230"},"geometry":{"type":"Polygon","coordinates":[[[-44.304,-8.944],[-44.354,-8.833],[-44.305,-8.799],[-44.728,-8.532],[-44.828,-8.427],[-44.849,-8.499],[-44.877,-8.533],[-44.874,-8.563],[-44.884,-8.607],[-44.887,-8.744],[-44.922,-8.84],[-44.955,-8.868],[-44.978,-8.916],[-45.015,-8.952],[-45.06,-8.973],[-45.085,-8.996],[-45.062,-9.029],[-44.798,-9.031],[-44.395,-9.034],[-44.355,-9.041],[-44.333,-8.982],[-44.304,-8.944]]]}},{"type":"Feature","properties":{"code":"2211506"},"geometry":{"type":"Polygon","coordinates":[[[-41.469,-7.698],[-41.458,-7.695],[-41.431,-7.621],[-41.397,-7.58],[-41.399,-7.551],[-41.428,-7.538],[-41.491,-7.526],[-41.532,-7.541],[-41.547,-7.519],[-41.628,-7.547],[-41.647,-7.622],[-41.512,-7.673],[-41.469,-7.698]]]}},{"type":"Feature","properties":{"code":"2203305"},"geometry":{"type":"Polygon","coordinates":[[[-42.602,-5.252],[-42.634,-5.247],[-42.66,-5.276],[-42.679,-5.273],[-42.749,-5.339],[-42.748,-5.466],[-42.709,-5.415],[-42.623,-5.373],[-42.6,-5.351],[-42.599,-5.35],[-42.602,-5.252]]]}},{"type":"Feature","properties":{"code":"2203271"},"geometry":{"type":"Polygon","coordinates":[[[-40.544,-7.962],[-40.554,-7.949],[-40.597,-7.955],[-40.648,-7.94],[-40.684,-7.92],[-40.692,-7.897],[-40.678,-7.869],[-40.695,-7.853],[-40.69,-7.815],[-40.703,-7.786],[-40.778,-7.777],[-40.807,-7.767],[-40.827,-7.742],[-40.853,-7.731],[-40.901,-7.734],[-40.916,-7.774],[-40.952,-7.825],[-40.959,-7.848],[-40.941,-7.88],[-40.908,-7.903],[-40.855,-7.923],[-40.852,-7.941],[-40.794,-7.98],[-40.765,-7.985],[-40.706,-8.025],[-40.624,-8.036],[-40.576,-8.03],[-40.561,-7.997],[-40.544,-7.962]]]}},{"type":"Feature","properties":{"code":"2203602"},"geometry":{"type":"Polygon","coordinates":[[[-43.519,-8.148],[-43.492,-8.121],[-43.493,-8.064],[-43.538,-7.923],[-43.55,-7.883],[-43.766,-7.723],[-43.802,-7.779],[-43.783,-7.831],[-43.798,-7.916],[-43.786,-7.935],[-43.793,-7.982],[-43.8,-8.024],[-43.795,-8.068],[-43.733,-8.044],[-43.724,-8.157],[-43.612,-8.149],[-43.586,-8.135],[-43.572,-8.158],[-43.519,-8.148]]]}},{"type":"Feature","properties":{"code":"2203701"},"geometry":{"type":"Polygon","coordinates":[[[-42.389,-3.986],[-42.359,-3.974],[-42.309,-3.998],[-42.267,-3.939],[-42.244,-3.927],[-42.219,-3.899],[-42.204,-3.919],[-42.169,-3.89],[-42.149,-3.904],[-42.119,-3.899],[-42.105,-3.917],[-42.072,-3.918],[-42.044,-3.877],[-41.991,-3.87],[-41.974,-3.809],[-41.995,-3.8],[-42.02,-3.81],[-42.05,-3.791],[-42.05,-3.68],[-42.117,-3.673],[-42.116,-3.591],[-42.159,-3.606],[-42.177,-3.692],[-42.211,-3.711],[-42.198,-3.729],[-42.244,-3.776],[-42.297,-3.791],[-42.336,-3.821],[-42.384,-3.837],[-42.376,-3.876],[-42.399,-3.898],[-42.389,-3.986]]]}},{"type":"Feature","properties":{"code":"2211704"},"geometry":{"type":"Polygon","coordinates":[[[-41.818,-7.361],[-41.787,-7.358],[-41.778,-7.339],[-41.791,-7.271],[-41.786,-7.246],[-41.853,-7.18],[-41.875,-7.171],[-41.919,-7.185],[-41.958,-7.224],[-42.002,-7.239],[-42.001,-7.278],[-41.966,-7.328],[-41.938,-7.305],[-41.873,-7.31],[-41.842,-7.332],[-41.836,-7.357],[-41.818,-7.361]]]}},{"type":"Feature","properties":{"code":"2203503"},"geometry":{"type":"Polygon","coordinates":[[[-42.29,-6.326],[-42.126,-6.391],[-42.127,-6.431],[-42.101,-6.434],[-42.093,-6.457],[-42.037,-6.39],[-42.016,-6.311],[-42.046,-6.284],[-42.022,-6.208],[-42.045,-6.185],[-42.037,-6.113],[-42.061,-6.052],[-42.085,-6.067],[-42.142,-6.047],[-42.257,-5.955],[-42.372,-5.942],[-42.391,-5.974],[-42.303,-6.036],[-42.314,-6.071],[-42.355,-6.069],[-42.393,-6.108],[-42.371,-6.136],[-42.385,-6.155],[-42.343,-6.194],[-42.319,-6.238],[-42.312,-6.297],[-42.29,-6.326]]]}},{"type":"Feature","properties":{"code":"2202851"},"geometry":{"type":"Polygon","coordinates":[[[-42.226,-9.283],[-42.135,-9.287],[-42.095,-9.279],[-42.069,-9.258],[-42.142,-9.153],[-42.18,-9.134],[-42.225,-9.013],[-42.237,-8.927],[-42.236,-8.863],[-42.202,-8.832],[-42.13,-8.728],[-42.21,-8.649],[-42.291,-8.63],[-42.311,-8.663],[-42.475,-8.657],[-42.604,-8.729],[-42.574,-8.907],[-42.559,-8.938],[-42.522,-8.907],[-42.49,-8.93],[-42.404,-8.953],[-42.367,-8.909],[-42.342,-8.945],[-42.322,-8.996],[-42.337,-9.034],[-42.368,-9.085],[-42.376,-9.121],[-42.359,-9.169],[-42.329,-9.185],[-42.305,-9.185],[-42.21,-9.203],[-42.226,-9.283]]]}},{"type":"Feature","properties":{"code":"2211100"},"geometry":{"type":"Polygon","coordinates":[[[-42.789,-4.818],[-42.778,-4.764],[-42.722,-4.712],[-42.688,-4.672],[-42.614,-4.606],[-42.681,-4.542],[-42.672,-4.477],[-42.582,-4.427],[-42.711,-4.398],[-42.812,-4.399],[-42.886,-4.364],[-42.964,-4.361],[-42.949,-4.386],[-42.897,-4.402],[-42.872,-4.428],[-42.877,-4.462],[-42.854,-4.474],[-42.85,-4.498],[-42.875,-4.539],[-42.867,-4.566],[-42.916,-4.651],[-42.953,-4.687],[-42.927,-4.717],[-42.926,-4.751],[-42.95,-4.769],[-42.939,-4.809],[-42.897,-4.843],[-42.893,-4.888],[-42.816,-4.786],[-42.789,-4.818]]]}},{"type":"Feature","properties":{"code":"2202901"},"geometry":{"type":"Polygon","coordinates":[[[-45.024,-10.655],[-45.029,-10.615],[-44.965,-10.616],[-44.892,-10.51],[-44.854,-10.5],[-44.844,-10.47],[-44.812,-10.45],[-44.806,-10.429],[-44.8,-10.406],[-44.831,-10.341],[-44.794,-10.328],[-45.001,-10.131],[-45.106,-10.138],[-45.192,-10.145],[-45.286,-10.202],[-45.389,-10.245],[-45.491,-10.301],[-45.43,-10.36],[-45.429,-10.414],[-45.396,-10.445],[-45.4,-10.463],[-45.447,-10.509],[-45.446,-10.562],[-45.437,-10.616],[-45.414,-10.645],[-45.304,-10.607],[-45.191,-10.59],[-45.024,-10.655]]]}},{"type":"Feature","properties":{"code":"2210938"},"geometry":{"type":"Polygon","coordinates":[[[-41.311,-6.99],[-41.347,-6.986],[-41.393,-6.95],[-41.399,-6.906],[-41.411,-6.902],[-41.442,-6.912],[-41.435,-6.958],[-41.417,-6.999],[-41.439,-7.0],[-41.406,-7.04],[-41.372,-7.068],[-41.332,-7.062],[-41.333,-7.099],[-41.233,-7.111],[-41.255,-7.079],[-41.317,-7.007],[-41.311,-6.99]]]}},{"type":"Feature","properties":{"code":"2202752"},"geometry":{"type":"Polygon","coordinates":[[[-43.519,-8.148],[-43.572,-8.158],[-43.586,-8.135],[-43.612,-8.149],[-43.724,-8.157],[-43.733,-8.044],[-43.795,-8.068],[-43.818,-8.154],[-43.813,-8.234],[-43.823,-8.254],[-43.648,-8.252],[-43.631,-8.264],[-43.58,-8.256],[-43.522,-8.168],[-43.519,-8.148]]]}},{"type":"Feature","properties":{"code":"2202737"},"geometry":{"type":"Polygon","coordinates":[[[-42.327,-5.297],[-42.312,-5.235],[-42.28,-5.235],[-42.254,-5.191],[-42.199,-5.147],[-42.192,-5.12],[-42.172,-5.069],[-42.151,-5.065],[-42.313,-4.939],[-42.39,-5.139],[-42.379,-5.152],[-42.351,-5.185],[-42.327,-5.297]]]}},{"type":"Feature","properties":{"code":"2210904"},"geometry":{"type":"Polygon","coordinates":[[[-42.338,-7.949],[-42.358,-7.811],[-42.416,-7.757],[-42.477,-7.702],[-42.482,-7.836],[-42.509,-7.843],[-42.584,-7.68],[-42.599,-7.694],[-42.596,-7.814],[-42.556,-8.066],[-42.523,-8.081],[-42.442,-8.066],[-42.423,-8.001],[-42.379,-7.993],[-42.362,-7.95],[-42.338,-7.949]]]}},{"type":"Feature","properties":{"code":"2202729"},"geometry":{"type":"Polygon","coordinates":[[[-41.524,-3.606],[-41.487,-3.654],[-41.458,-3.67],[-41.45,-3.742],[-41.418,-3.753],[-41.376,-3.712],[-41.335,-3.692],[-41.334,-3.684],[-41.331,-3.625],[-41.344,-3.591],[-41.367,-3.562],[-41.431,-3.538],[-41.518,-3.566],[-41.524,-3.606]]]}},{"type":"Feature","properties":{"code":"2202711"},"geometry":{"type":"Polygon","coordinates":[[[-42.062,-4.661],[-42.034,-4.688],[-42.003,-4.701],[-41.909,-4.681],[-41.864,-4.681],[-41.857,-4.643],[-41.84,-4.625],[-41.922,-4.544],[-41.964,-4.529],[-42.034,-4.529],[-42.044,-4.558],[-42.015,-4.569],[-42.036,-4.603],[-42.03,-4.623],[-42.059,-4.642],[-42.062,-4.661]]]}},{"type":"Feature","properties":{"code":"2202703"},"geometry":{"type":"Polygon","coordinates":[[[-41.747,-3.587],[-41.745,-3.673],[-41.678,-3.665],[-41.649,-3.64],[-41.524,-3.606],[-41.518,-3.566],[-41.431,-3.538],[-41.367,-3.562],[-41.337,-3.554],[-41.321,-3.498],[-41.303,-3.492],[-41.32,-3.484],[-41.327,-3.446],[-41.324,-3.386],[-41.375,-3.399],[-41.4,-3.385],[-41.414,-3.35],[-41.446,-3.34],[-41.486,-3.316],[-41.503,-3.283],[-41.482,-3.233],[-41.511,-3.186],[-41.517,-3.212],[-41.555,-3.231],[-41.616,-3.279],[-41.616,-3.291],[-41.626,-3.295],[-41.694,-3.308],[-41.677,-3.317],[-41.663,-3.379],[-41.673,-3.438],[-41.674,-3.482],[-41.701,-3.546],[-41.747,-3.587]]]}},{"type":"Feature","properties":{"code":"2211001"},"geometry":{"type":"Polygon","coordinates":[[[-42.971,-5.562],[-42.942,-5.587],[-42.915,-5.556],[-42.862,-5.561],[-42.846,-5.536],[-42.789,-5.519],[-42.76,-5.529],[-42.745,-5.497],[-42.748,-5.466],[-42.749,-5.339],[-42.679,-5.273],[-42.66,-5.276],[-42.634,-5.247],[-42.602,-5.252],[-42.599,-5.194],[-42.602,-4.904],[-42.634,-4.913],[-42.713,-4.906],[-42.731,-4.824],[-42.789,-4.818],[-42.816,-4.786],[-42.893,-4.888],[-42.89,-4.895],[-42.854,-4.937],[-42.863,-4.968],[-42.845,-5.024],[-42.835,-5.074],[-42.817,-5.102],[-42.799,-5.19],[-42.83,-5.239],[-42.812,-5.282],[-42.816,-5.318],[-42.763,-5.337],[-42.753,-5.355],[-42.769,-5.432],[-42.811,-5.498],[-42.851,-5.491],[-42.847,-5.525],[-42.943,-5.535],[-42.971,-5.562]]]}},{"type":"Feature","properties":{"code":"2210979"},"geometry":{"type":"Polygon","coordinates":[[[-42.138,-6.732],[-42.146,-6.643],[-42.183,-6.647],[-42.206,-6.625],[-42.306,-6.59],[-42.31,-6.507],[-42.349,-6.507],[-42.373,-6.525],[-42.347,-6.577],[-42.384,-6.618],[-42.373,-6.661],[-42.365,-6.714],[-42.335,-6.729],[-42.317,-6.705],[-42.254,-6.75],[-42.163,-6.767],[-42.138,-6.732]]]}},{"type":"Feature","properties":{"code":"2202802"},"geometry":{"type":"Polygon","coordinates":[[[-41.693,-8.069],[-41.633,-8.078],[-41.51,-8.022],[-41.491,-8.021],[-41.468,-7.99],[-41.526,-7.942],[-41.508,-7.908],[-41.439,-7.9],[-41.38,-7.846],[-41.379,-7.813],[-41.43,-7.787],[-41.458,-7.782],[-41.507,-7.804],[-41.553,-7.759],[-41.596,-7.759],[-41.618,-7.796],[-41.67,-7.837],[-41.716,-7.853],[-41.705,-7.939],[-41.73,-7.961],[-41.739,-7.987],[-41.715,-8.056],[-41.693,-8.069]]]}},{"type":"Feature","properties":{"code":"2210953"},"geometry":{"type":"Polygon","coordinates":[[[-42.912,-8.225],[-42.939,-8.226],[-43.002,-8.271],[-43.226,-8.362],[-43.237,-8.377],[-43.242,-8.473],[-43.276,-8.541],[-43.26,-8.596],[-43.266,-8.679],[-43.254,-8.728],[-43.261,-8.747],[-43.077,-8.74],[-43.059,-8.698],[-43.062,-8.619],[-43.044,-8.578],[-43.005,-8.519],[-42.982,-8.508],[-42.956,-8.519],[-42.906,-8.508],[-42.854,-8.511],[-42.841,-8.487],[-42.839,-8.451],[-42.87,-8.419],[-42.894,-8.357],[-42.881,-8.275],[-42.911,-8.249],[-42.912,-8.225]]]}},{"type":"Feature","properties":{"code":"2202778"},"geometry":{"type":"Polygon","coordinates":[[[-42.001,-7.278],[-42.052,-7.319],[-42.096,-7.155],[-42.168,-7.105],[-42.231,-7.138],[-42.266,-7.177],[-42.296,-7.175],[-42.31,-7.223],[-42.361,-7.418],[-42.312,-7.431],[-42.218,-7.438],[-42.188,-7.44],[-41.966,-7.328],[-42.001,-7.278]]]}},{"type":"Feature","properties":{"code":"2211308"},"geometry":{"type":"Polygon","coordinates":[[[-41.69,-6.532],[-41.67,-6.502],[-41.665,-6.46],[-41.575,-6.339],[-41.521,-6.313],[-41.522,-6.286],[-41.608,-6.26],[-41.634,-6.272],[-41.672,-6.276],[-41.72,-6.268],[-41.749,-6.253],[-41.798,-6.257],[-41.827,-6.233],[-41.859,-6.221],[-41.873,-6.202],[-41.914,-6.198],[-41.953,-6.181],[-42.009,-6.194],[-42.022,-6.208],[-42.046,-6.284],[-42.016,-6.311],[-41.898,-6.411],[-41.894,-6.541],[-41.861,-6.605],[-41.84,-6.57],[-41.729,-6.559],[-41.724,-6.529],[-41.69,-6.532]]]}},{"type":"Feature","properties":{"code":"2203107"},"geometry":{"type":"Polygon","coordinates":[[[-43.869,-9.018],[-43.814,-8.871],[-43.792,-8.814],[-43.702,-8.717],[-43.683,-8.599],[-43.726,-8.598],[-43.778,-8.585],[-44.025,-8.604],[-44.028,-8.611],[-44.02,-8.622],[-44.05,-8.662],[-44.083,-8.668],[-44.108,-8.692],[-44.135,-8.697],[-44.154,-8.744],[-44.239,-8.799],[-44.305,-8.799],[-44.27,-8.823],[-44.301,-8.847],[-44.245,-8.883],[-43.869,-9.018]]]}},{"type":"Feature","properties":{"code":"2203206"},"geometry":{"type":"Polygon","coordinates":[[[-44.093,-10.192],[-44.157,-10.131],[-44.088,-10.05],[-44.12,-10.028],[-44.112,-9.95],[-44.132,-9.936],[-44.111,-9.899],[-44.139,-9.833],[-44.106,-9.81],[-44.119,-9.787],[-44.114,-9.736],[-44.188,-9.659],[-44.304,-9.718],[-44.348,-9.729],[-44.411,-9.717],[-44.439,-9.7],[-44.471,-9.725],[-44.624,-9.767],[-44.626,-9.791],[-44.606,-9.819],[-44.608,-9.839],[-44.575,-9.863],[-44.552,-9.903],[-44.503,-9.914],[-44.484,-9.93],[-44.483,-9.962],[-44.441,-9.979],[-44.443,-10.012],[-44.411,-10.05],[-44.414,-10.107],[-44.393,-10.113],[-44.393,-10.141],[-44.363,-10.168],[-44.36,-10.222],[-44.335,-10.24],[-44.307,-10.29],[-44.093,-10.192]]]}},{"type":"Feature","properties":{"code":"2211357"},"geometry":{"type":"Polygon","coordinates":[[[-42.959,-9.428],[-42.942,-9.411],[-42.891,-9.408],[-42.863,-9.385],[-42.828,-9.37],[-42.776,-9.366],[-42.767,-9.288],[-42.829,-9.28],[-42.835,-9.251],[-42.866,-9.3],[-42.916,-9.248],[-42.906,-9.216],[-42.976,-9.157],[-42.967,-9.183],[-42.986,-9.205],[-42.986,-9.265],[-42.966,-9.308],[-43.023,-9.319],[-43.053,-9.334],[-43.059,-9.397],[-43.04,-9.415],[-42.988,-9.401],[-42.959,-9.428]]]}},{"type":"Feature","properties":{"code":"2203008"},"geometry":{"type":"Polygon","coordinates":[[[-44.864,-10.885],[-44.882,-10.752],[-44.994,-10.666],[-45.024,-10.655],[-45.191,-10.59],[-45.304,-10.607],[-45.414,-10.645],[-45.385,-10.652],[-45.369,-10.68],[-45.358,-10.732],[-45.33,-10.756],[-45.269,-10.776],[-45.246,-10.822],[-45.158,-10.839],[-45.082,-10.839],[-45.051,-10.851],[-45.017,-10.885],[-44.973,-10.892],[-44.945,-10.919],[-44.931,-10.929],[-44.864,-10.885]]]}},{"type":"Feature","properties":{"code":"2211209"},"geometry":{"type":"Polygon","coordinates":[[[-44.363,-8.296],[-44.262,-7.936],[-44.145,-7.544],[-44.353,-7.425],[-44.359,-7.369],[-44.355,-7.329],[-44.339,-7.299],[-44.297,-7.263],[-44.352,-7.228],[-44.333,-7.208],[-44.329,-7.161],[-44.313,-7.119],[-44.327,-7.11],[-44.386,-7.121],[-44.431,-7.152],[-44.473,-7.166],[-44.512,-7.194],[-44.522,-7.219],[-44.565,-7.229],[-44.616,-7.309],[-44.66,-7.329],[-44.69,-7.396],[-44.73,-7.39],[-44.742,-7.362],[-44.78,-7.378],[-44.817,-7.362],[-44.847,-7.386],[-44.868,-7.422],[-44.899,-7.425],[-44.923,-7.467],[-44.985,-7.481],[-44.974,-7.539],[-44.918,-7.87],[-44.847,-8.263],[-44.842,-8.265],[-44.408,-8.462],[-44.383,-8.366],[-44.363,-8.296]]]}},{"type":"Feature","properties":{"code":"2210508"},"geometry":{"type":"Polygon","coordinates":[[[-42.686,-5.959],[-42.677,-5.897],[-42.656,-5.832],[-42.72,-5.817],[-42.725,-5.747],[-42.745,-5.718],[-42.767,-5.689],[-42.808,-5.698],[-42.814,-5.678],[-42.936,-5.705],[-42.941,-5.72],[-42.854,-5.848],[-42.851,-5.87],[-42.778,-5.847],[-42.744,-5.85],[-42.78,-5.963],[-42.785,-6.016],[-42.736,-6.012],[-42.723,-6.011],[-42.715,-5.966],[-42.686,-5.959]]]}},{"type":"Feature","properties":{"code":"2210623"},"geometry":{"type":"Polygon","coordinates":[[[-44.864,-10.885],[-44.847,-10.901],[-44.808,-10.866],[-44.81,-10.847],[-44.788,-10.809],[-44.715,-10.762],[-44.667,-10.759],[-44.72,-10.678],[-44.77,-10.566],[-44.708,-10.508],[-44.806,-10.429],[-44.812,-10.45],[-44.844,-10.47],[-44.854,-10.5],[-44.892,-10.51],[-44.965,-10.616],[-45.029,-10.615],[-45.024,-10.655],[-44.994,-10.666],[-44.882,-10.752],[-44.864,-10.885]]]}},{"type":"Feature","properties":{"code":"2210607"},"geometry":{"type":"Polygon","coordinates":[[[-42.835,-9.251],[-42.829,-9.28],[-42.767,-9.288],[-42.776,-9.366],[-42.731,-9.359],[-42.723,-9.341],[-42.642,-9.332],[-42.685,-9.29],[-42.679,-9.231],[-42.684,-9.202],[-42.673,-9.15],[-42.631,-9.087],[-42.596,-9.115],[-42.591,-9.066],[-42.519,-9.08],[-42.481,-9.053],[-42.459,-9.143],[-42.439,-9.084],[-42.413,-9.034],[-42.378,-9.018],[-42.337,-9.034],[-42.322,-8.996],[-42.342,-8.945],[-42.367,-8.909],[-42.404,-8.953],[-42.49,-8.93],[-42.522,-8.907],[-42.559,-8.938],[-42.574,-8.907],[-42.604,-8.729],[-42.733,-8.801],[-42.726,-8.685],[-42.894,-8.699],[-42.956,-8.714],[-42.983,-8.71],[-42.977,-8.811],[-42.964,-8.844],[-42.953,-8.918],[-42.958,-8.946],[-42.922,-8.982],[-42.901,-9.026],[-42.846,-9.07],[-42.819,-9.091],[-42.795,-9.137],[-42.811,-9.168],[-42.799,-9.195],[-42.835,-9.251]]]}},{"type":"Feature","properties":{"code":"2202406"},"geometry":{"type":"Polygon","coordinates":[[[-41.864,-4.681],[-41.819,-4.697],[-41.777,-4.69],[-41.749,-4.591],[-41.739,-4.57],[-41.756,-4.545],[-41.807,-4.51],[-41.85,-4.46],[-41.889,-4.447],[-41.903,-4.428],[-41.959,-4.425],[-41.968,-4.405],[-42.008,-4.381],[-42.025,-4.356],[-42.067,-4.378],[-42.06,-4.433],[-42.055,-4.53],[-42.034,-4.529],[-41.964,-4.529],[-41.922,-4.544],[-41.84,-4.625],[-41.857,-4.643],[-41.864,-4.681]]]}},{"type":"Feature","properties":{"code":"2210409"},"geometry":{"type":"Polygon","coordinates":[[[-41.259,-6.11],[-41.259,-5.875],[-41.168,-5.786],[-41.168,-5.641],[-40.908,-5.642],[-40.902,-5.608],[-40.916,-5.564],[-40.932,-5.549],[-40.93,-5.494],[-40.916,-5.468],[-40.937,-5.439],[-40.959,-5.439],[-40.978,-5.41],[-41.01,-5.417],[-41.036,-5.407],[-41.081,-5.408],[-41.142,-5.423],[-41.188,-5.396],[-41.245,-5.407],[-41.295,-5.415],[-41.329,-5.454],[-41.428,-5.48],[-41.447,-5.537],[-41.519,-5.577],[-41.523,-5.599],[-41.563,-5.59],[-41.614,-5.597],[-41.663,-5.566],[-41.708,-5.559],[-41.746,-5.543],[-41.756,-5.557],[-41.802,-5.578],[-41.767,-5.633],[-41.768,-5.739],[-41.814,-5.706],[-41.914,-5.694],[-41.957,-5.672],[-42.117,-5.6],[-42.139,-5.617],[-42.157,-5.652],[-42.117,-5.669],[-42.098,-5.703],[-42.106,-5.742],[-42.073,-5.747],[-41.981,-5.774],[-41.978,-5.795],[-41.951,-5.807],[-41.902,-5.801],[-41.875,-5.819],[-41.813,-5.816],[-41.788,-5.803],[-41.715,-5.792],[-41.656,-5.936],[-41.667,-5.972],[-41.678,-6.033],[-41.64,-6.073],[-41.596,-6.092],[-41.5,-6.113],[-41.509,-6.15],[-41.416,-6.129],[-41.368,-6.147],[-41.363,-6.178],[-41.318,-6.159],[-41.331,-6.133],[-41.259,-6.11]]]}},{"type":"Feature","properties":{"code":"2210391"},"geometry":{"type":"Polygon","coordinates":[[[-42.189,-7.722],[-42.299,-7.627],[-42.219,-7.63],[-42.216,-7.623],[-42.17,-7.521],[-42.218,-7.438],[-42.312,-7.431],[-42.319,-7.456],[-42.347,-7.48],[-42.369,-7.517],[-42.392,-7.535],[-42.42,-7.524],[-42.449,-7.535],[-42.489,-7.526],[-42.485,-7.617],[-42.477,-7.702],[-42.416,-7.757],[-42.355,-7.724],[-42.189,-7.722]]]}},{"type":"Feature","properties":{"code":"2210383"},"geometry":{"type":"Polygon","coordinates":[[[-42.372,-5.942],[-42.257,-5.955],[-42.232,-5.918],[-42.228,-5.892],[-42.156,-5.881],[-42.158,-5.835],[-42.204,-5.825],[-42.203,-5.8],[-42.233,-5.774],[-42.227,-5.743],[-42.228,-5.671],[-42.228,-5.671],[-42.272,-5.645],[-42.308,-5.665],[-42.33,-5.708],[-42.325,-5.731],[-42.35,-5.797],[-42.337,-5.822],[-42.311,-5.84],[-42.37,-5.911],[-42.372,-5.942]]]}},{"type":"Feature","properties":{"code":"2202208"},"geometry":{"type":"Polygon","coordinates":[[[-41.946,-5.028],[-41.983,-4.998],[-42.04,-4.985],[-42.05,-4.911],[-42.084,-4.862],[-42.082,-4.848],[-42.024,-4.867],[-42.001,-4.842],[-42.014,-4.804],[-41.979,-4.763],[-41.93,-4.761],[-41.887,-4.714],[-41.909,-4.681],[-42.003,-4.701],[-42.034,-4.688],[-42.062,-4.661],[-42.078,-4.673],[-42.103,-4.725],[-42.14,-4.706],[-42.16,-4.727],[-42.178,-4.708],[-42.205,-4.726],[-42.217,-4.672],[-42.246,-4.667],[-42.257,-4.744],[-42.283,-4.746],[-42.317,-4.728],[-42.282,-4.679],[-42.286,-4.625],[-42.278,-4.549],[-42.296,-4.551],[-42.336,-4.673],[-42.37,-4.832],[-42.313,-4.939],[-42.151,-5.065],[-42.172,-5.069],[-42.192,-5.12],[-42.141,-5.125],[-42.12,-5.138],[-42.079,-5.123],[-42.038,-5.159],[-41.995,-5.168],[-41.981,-5.17],[-41.946,-5.028]]]}},{"type":"Feature","properties":{"code":"2210375"},"geometry":{"type":"Polygon","coordinates":[[[-41.28,-6.675],[-41.306,-6.702],[-41.316,-6.73],[-41.314,-6.794],[-41.333,-6.809],[-41.337,-6.863],[-41.318,-6.853],[-41.269,-6.852],[-41.258,-6.83],[-41.214,-6.818],[-41.221,-6.788],[-41.196,-6.767],[-41.18,-6.708],[-41.201,-6.684],[-41.213,-6.668],[-41.28,-6.675]]]}},{"type":"Feature","properties":{"code":"2202307"},"geometry":{"type":"Polygon","coordinates":[[[-43.702,-8.717],[-43.704,-8.732],[-43.467,-8.73],[-43.254,-8.728],[-43.266,-8.679],[-43.26,-8.596],[-43.276,-8.541],[-43.242,-8.473],[-43.237,-8.377],[-43.226,-8.362],[-43.002,-8.271],[-42.939,-8.226],[-42.912,-8.225],[-42.886,-8.172],[-42.881,-8.121],[-42.857,-8.078],[-42.935,-8.063],[-42.966,-8.046],[-42.995,-7.984],[-43.041,-7.944],[-43.063,-7.935],[-43.072,-7.957],[-43.138,-7.937],[-43.126,-7.969],[-43.321,-8.079],[-43.413,-8.039],[-43.492,-8.121],[-43.519,-8.148],[-43.522,-8.168],[-43.58,-8.256],[-43.631,-8.264],[-43.683,-8.599],[-43.702,-8.717]]]}},{"type":"Feature","properties":{"code":"2202251"},"geometry":{"type":"Polygon","coordinates":[[[-43.766,-7.723],[-43.55,-7.883],[-43.538,-7.923],[-43.304,-7.712],[-43.507,-7.679],[-43.474,-7.554],[-43.325,-7.404],[-43.404,-7.353],[-43.387,-7.321],[-43.393,-7.283],[-43.518,-7.284],[-43.584,-7.261],[-43.622,-7.262],[-43.669,-7.245],[-43.718,-7.263],[-43.733,-7.301],[-43.784,-7.366],[-43.692,-7.327],[-43.663,-7.435],[-43.74,-7.516],[-43.754,-7.574],[-43.702,-7.644],[-43.766,-7.723]]]}},{"type":"Feature","properties":{"code":"2210805"},"geometry":{"type":"Polygon","coordinates":[[[-42.022,-7.936],[-42.024,-7.909],[-41.937,-7.904],[-41.914,-7.876],[-41.88,-7.896],[-41.856,-7.939],[-41.82,-7.931],[-41.775,-7.934],[-41.73,-7.961],[-41.705,-7.939],[-41.716,-7.853],[-41.67,-7.837],[-41.773,-7.817],[-41.806,-7.827],[-41.84,-7.813],[-41.87,-7.774],[-41.933,-7.757],[-41.951,-7.743],[-41.969,-7.705],[-42.018,-7.651],[-42.061,-7.582],[-42.216,-7.623],[-42.219,-7.63],[-42.299,-7.627],[-42.189,-7.722],[-42.161,-7.747],[-42.199,-7.796],[-42.228,-7.885],[-42.225,-7.906],[-42.172,-7.918],[-42.128,-7.958],[-42.096,-7.95],[-42.056,-7.974],[-42.022,-7.936]]]}},{"type":"Feature","properties":{"code":"2202604"},"geometry":{"type":"Polygon","coordinates":[[[-41.746,-5.543],[-41.708,-5.559],[-41.663,-5.566],[-41.614,-5.597],[-41.563,-5.59],[-41.523,-5.599],[-41.519,-5.577],[-41.447,-5.537],[-41.428,-5.48],[-41.329,-5.454],[-41.295,-5.415],[-41.245,-5.407],[-41.252,-5.388],[-41.287,-5.358],[-41.3,-5.325],[-41.322,-5.319],[-41.349,-5.278],[-41.39,-5.27],[-41.409,-5.246],[-41.392,-5.21],[-41.354,-5.18],[-41.376,-5.15],[-41.395,-5.155],[-41.444,-5.134],[-41.442,-5.098],[-41.476,-5.048],[-41.471,-5.024],[-41.498,-5.014],[-41.512,-5.039],[-41.564,-5.073],[-41.599,-5.081],[-41.657,-5.156],[-41.701,-5.19],[-41.73,-5.189],[-41.742,-5.155],[-41.733,-5.117],[-41.739,-5.079],[-41.778,-5.095],[-41.787,-5.162],[-41.783,-5.193],[-41.802,-5.2],[-41.818,-5.215],[-41.851,-5.28],[-41.799,-5.304],[-41.799,-5.322],[-41.849,-5.338],[-41.862,-5.361],[-41.754,-5.416],[-41.695,-5.457],[-41.699,-5.482],[-41.734,-5.504],[-41.746,-5.543]]]}},{"type":"Feature","properties":{"code":"2202653"},"geometry":{"type":"Polygon","coordinates":[[[-41.913,-3.528],[-41.871,-3.533],[-41.886,-3.477],[-41.864,-3.46],[-41.821,-3.456],[-41.783,-3.467],[-41.745,-3.463],[-41.739,-3.434],[-41.736,-3.348],[-41.731,-3.334],[-41.796,-3.253],[-41.841,-3.266],[-41.854,-3.294],[-41.883,-3.307],[-41.883,-3.334],[-41.928,-3.326],[-42.004,-3.338],[-41.979,-3.362],[-41.956,-3.362],[-41.952,-3.393],[-41.916,-3.412],[-41.908,-3.454],[-41.925,-3.468],[-41.976,-3.45],[-41.975,-3.506],[-41.974,-3.522],[-41.913,-3.528]]]}},{"type":"Feature","properties":{"code":"2210656"},"geometry":{"type":"Polygon","coordinates":[[[-41.739,-5.079],[-41.743,-5.059],[-41.721,-4.991],[-41.689,-4.991],[-41.666,-4.903],[-41.643,-4.811],[-41.655,-4.776],[-41.695,-4.766],[-41.747,-4.703],[-41.773,-4.754],[-41.776,-4.787],[-41.811,-4.804],[-41.828,-4.856],[-41.874,-4.884],[-41.874,-4.901],[-41.946,-5.028],[-41.981,-5.17],[-41.801,-5.194],[-41.802,-5.2],[-41.783,-5.193],[-41.787,-5.162],[-41.778,-5.095],[-41.739,-5.079]]]}},{"type":"Feature","properties":{"code":"2210631"},"geometry":{"type":"Polygon","coordinates":[[[-44.363,-8.296],[-44.13,-8.275],[-44.099,-8.029],[-43.975,-8.003],[-44.008,-7.594],[-43.965,-7.602],[-43.906,-7.513],[-43.886,-7.497],[-43.858,-7.515],[-43.82,-7.501],[-43.819,-7.538],[-43.754,-7.574],[-43.74,-7.516],[-43.663,-7.435],[-43.692,-7.327],[-43.784,-7.366],[-43.833,-7.353],[-44.036,-7.423],[-44.123,-7.5],[-44.134,-7.534],[-44.184,-7.418],[-44.257,-7.274],[-44.266,-7.243],[-44.297,-7.263],[-44.339,-7.299],[-44.355,-7.329],[-44.359,-7.369],[-44.353,-7.425],[-44.145,-7.544],[-44.262,-7.936],[-44.363,-8.296]]]}},{"type":"Feature","properties":{"code":"2202455"},"geometry":{"type":"Polygon","coordinates":[[[-41.737,-8.733],[-41.751,-8.605],[-41.712,-8.5],[-41.755,-8.423],[-41.727,-8.4],[-41.937,-8.4],[-41.958,-8.373],[-41.985,-8.326],[-42.034,-8.462],[-42.153,-8.473],[-42.126,-8.567],[-42.111,-8.582],[-42.08,-8.573],[-42.054,-8.598],[-42.025,-8.586],[-41.997,-8.598],[-41.968,-8.636],[-41.931,-8.644],[-41.88,-8.672],[-41.84,-8.702],[-41.807,-8.688],[-41.758,-8.732],[-41.737,-8.733]]]}},{"type":"Feature","properties":{"code":"2202554"},"geometry":{"type":"Polygon","coordinates":[[[-41.099,-7.739],[-41.092,-7.77],[-41.017,-7.793],[-40.952,-7.825],[-40.916,-7.774],[-40.901,-7.734],[-40.853,-7.731],[-40.827,-7.742],[-40.807,-7.767],[-40.797,-7.693],[-40.828,-7.667],[-40.852,-7.626],[-40.885,-7.623],[-40.9,-7.601],[-40.942,-7.598],[-40.963,-7.613],[-40.994,-7.613],[-41.006,-7.635],[-41.064,-7.646],[-41.068,-7.675],[-41.098,-7.716],[-41.099,-7.739]]]}},{"type":"Feature","properties":{"code":"2202539"},"geometry":{"type":"Polygon","coordinates":[[[-41.86,-3.712],[-41.794,-3.624],[-41.773,-3.573],[-41.747,-3.587],[-41.701,-3.546],[-41.674,-3.482],[-41.69,-3.453],[-41.712,-3.468],[-41.745,-3.463],[-41.783,-3.467],[-41.821,-3.456],[-41.864,-3.46],[-41.886,-3.477],[-41.871,-3.533],[-41.913,-3.528],[-41.911,-3.547],[-41.934,-3.571],[-41.941,-3.614],[-41.925,-3.639],[-41.923,-3.673],[-41.86,-3.712]]]}},{"type":"Feature","properties":{"code":"2210706"},"geometry":{"type":"Polygon","coordinates":[[[-40.544,-7.962],[-40.538,-7.857],[-40.555,-7.818],[-40.578,-7.805],[-40.645,-7.787],[-40.674,-7.762],[-40.667,-7.726],[-40.636,-7.7],[-40.622,-7.658],[-40.646,-7.595],[-40.681,-7.558],[-40.704,-7.519],[-40.715,-7.481],[-40.766,-7.476],[-40.804,-7.484],[-40.871,-7.448],[-40.908,-7.489],[-40.935,-7.497],[-40.987,-7.532],[-40.965,-7.591],[-40.942,-7.598],[-40.9,-7.601],[-40.885,-7.623],[-40.852,-7.626],[-40.828,-7.667],[-40.797,-7.693],[-40.807,-7.767],[-40.778,-7.777],[-40.703,-7.786],[-40.69,-7.815],[-40.695,-7.853],[-40.678,-7.869],[-40.692,-7.897],[-40.684,-7.92],[-40.648,-7.94],[-40.597,-7.955],[-40.554,-7.949],[-40.544,-7.962]]]}},{"type":"Feature","properties":{"code":"2210052"},"geometry":{"type":"Polygon","coordinates":[[[-41.904,-3.894],[-41.857,-3.866],[-41.837,-3.885],[-41.8,-3.886],[-41.771,-3.855],[-41.77,-3.826],[-41.734,-3.819],[-41.687,-3.788],[-41.729,-3.765],[-41.807,-3.752],[-41.846,-3.731],[-41.86,-3.712],[-41.923,-3.673],[-41.962,-3.679],[-41.978,-3.731],[-41.971,-3.783],[-41.926,-3.788],[-41.905,-3.805],[-41.904,-3.894]]]}},{"type":"Feature","properties":{"code":"2202505"},"geometry":{"type":"Polygon","coordinates":[[[-43.219,-9.401],[-43.205,-9.318],[-43.223,-9.313],[-43.216,-9.246],[-43.189,-9.195],[-43.279,-9.0],[-43.283,-8.75],[-43.261,-8.747],[-43.254,-8.728],[-43.467,-8.73],[-43.428,-8.765],[-43.419,-8.808],[-43.447,-8.866],[-43.452,-8.919],[-43.445,-8.974],[-43.45,-9.022],[-43.415,-9.079],[-43.419,-9.139],[-43.459,-9.126],[-43.541,-9.237],[-43.541,-9.308],[-43.498,-9.273],[-43.469,-9.261],[-43.438,-9.266],[-43.395,-9.314],[-43.376,-9.349],[-43.336,-9.368],[-43.293,-9.401],[-43.285,-9.42],[-43.219,-9.401]]]}},{"type":"Feature","properties":{"code":"2210003"},"geometry":{"type":"Polygon","coordinates":[[[-42.126,-8.567],[-42.153,-8.473],[-42.034,-8.462],[-41.985,-8.326],[-41.958,-8.373],[-41.924,-8.257],[-41.987,-8.296],[-42.048,-8.276],[-42.137,-8.206],[-42.142,-8.247],[-42.166,-8.273],[-42.263,-8.258],[-42.247,-8.22],[-42.282,-8.194],[-42.346,-8.165],[-42.396,-8.133],[-42.42,-8.108],[-42.401,-8.086],[-42.442,-8.066],[-42.523,-8.081],[-42.469,-8.105],[-42.461,-8.235],[-42.492,-8.242],[-42.533,-8.225],[-42.547,-8.247],[-42.543,-8.291],[-42.608,-8.303],[-42.333,-8.398],[-42.296,-8.449],[-42.191,-8.509],[-42.159,-8.59],[-42.126,-8.567]]]}},{"type":"Feature","properties":{"code":"2201804"},"geometry":{"type":"Polygon","coordinates":[[[-41.311,-6.99],[-41.284,-6.96],[-41.243,-6.95],[-41.24,-6.929],[-41.201,-6.89],[-41.214,-6.818],[-41.258,-6.83],[-41.269,-6.852],[-41.318,-6.853],[-41.337,-6.863],[-41.369,-6.871],[-41.397,-6.861],[-41.411,-6.902],[-41.399,-6.906],[-41.393,-6.95],[-41.347,-6.986],[-41.311,-6.99]]]}},{"type":"Feature","properties":{"code":"2210102"},"geometry":{"type":"Polygon","coordinates":[[[-42.477,-7.702],[-42.485,-7.617],[-42.489,-7.526],[-42.449,-7.535],[-42.42,-7.524],[-42.392,-7.535],[-42.369,-7.517],[-42.347,-7.48],[-42.319,-7.456],[-42.312,-7.431],[-42.361,-7.418],[-42.532,-7.375],[-42.569,-7.393],[-42.605,-7.38],[-42.623,-7.353],[-42.66,-7.352],[-42.675,-7.31],[-42.698,-7.292],[-42.688,-7.263],[-42.706,-7.192],[-42.726,-7.191],[-42.785,-7.295],[-42.816,-7.28],[-42.842,-7.354],[-42.798,-7.386],[-42.682,-7.47],[-42.678,-7.591],[-42.581,-7.584],[-42.584,-7.68],[-42.509,-7.843],[-42.482,-7.836],[-42.477,-7.702]]]}},{"type":"Feature","properties":{"code":"2201919"},"geometry":{"type":"Polygon","coordinates":[[[-41.616,-3.291],[-41.616,-3.279],[-41.555,-3.231],[-41.517,-3.212],[-41.511,-3.186],[-41.463,-3.16],[-41.465,-3.125],[-41.598,-3.122],[-41.603,-3.063],[-41.672,-3.011],[-41.697,-3.039],[-41.772,-3.121],[-41.666,-3.248],[-41.694,-3.308],[-41.626,-3.295],[-41.616,-3.291]]]}},{"type":"Feature","properties":{"code":"2201903"},"geometry":{"type":"Polygon","coordinates":[[[-43.782,-9.453],[-43.87,-9.314],[-44.238,-9.093],[-44.312,-9.03],[-44.309,-8.988],[-44.291,-8.969],[-44.304,-8.944],[-44.333,-8.982],[-44.355,-9.041],[-44.395,-9.034],[-44.798,-9.031],[-45.062,-9.029],[-45.085,-8.996],[-45.13,-9.033],[-45.181,-9.085],[-45.209,-9.138],[-45.241,-9.163],[-45.259,-9.198],[-45.312,-9.243],[-45.115,-9.331],[-44.818,-9.462],[-44.726,-9.269],[-44.523,-9.378],[-44.508,-9.316],[-44.428,-9.345],[-44.393,-9.363],[-44.218,-9.429],[-44.043,-9.586],[-43.786,-9.458],[-43.782,-9.453]]]}},{"type":"Feature","properties":{"code":"2209906"},"geometry":{"type":"Polygon","coordinates":[[[-42.117,-5.6],[-41.957,-5.672],[-41.914,-5.694],[-41.814,-5.706],[-41.768,-5.739],[-41.767,-5.633],[-41.802,-5.578],[-41.756,-5.557],[-41.746,-5.543],[-41.734,-5.504],[-41.699,-5.482],[-41.695,-5.457],[-41.754,-5.416],[-41.862,-5.361],[-41.887,-5.377],[-41.926,-5.381],[-41.944,-5.407],[-41.958,-5.443],[-42.028,-5.555],[-42.053,-5.561],[-42.117,-5.6]]]}},{"type":"Feature","properties":{"code":"2201705"},"geometry":{"type":"Polygon","coordinates":[[[-43.754,-7.574],[-43.819,-7.538],[-43.82,-7.501],[-43.858,-7.515],[-43.886,-7.497],[-43.906,-7.513],[-43.965,-7.602],[-44.008,-7.594],[-43.975,-8.003],[-43.866,-7.976],[-43.793,-7.982],[-43.786,-7.935],[-43.798,-7.916],[-43.783,-7.831],[-43.802,-7.779],[-43.766,-7.723],[-43.702,-7.644],[-43.754,-7.574]]]}},{"type":"Feature","properties":{"code":"2209872"},"geometry":{"type":"Polygon","coordinates":[[[-41.183,-4.018],[-41.239,-4.017],[-41.249,-3.99],[-41.229,-3.968],[-41.22,-3.942],[-41.246,-3.896],[-41.288,-3.822],[-41.254,-3.775],[-41.261,-3.746],[-41.239,-3.713],[-41.308,-3.685],[-41.334,-3.684],[-41.335,-3.692],[-41.313,-3.739],[-41.279,-3.77],[-41.366,-3.885],[-41.451,-3.997],[-41.485,-4.042],[-41.336,-4.051],[-41.313,-4.147],[-41.295,-4.166],[-41.196,-4.148],[-41.165,-4.188],[-41.135,-4.177],[-41.098,-4.181],[-41.118,-4.165],[-41.139,-4.121],[-41.113,-4.05],[-41.12,-4.036],[-41.169,-4.033],[-41.183,-4.018]]]}},{"type":"Feature","properties":{"code":"2209971"},"geometry":{"type":"Polygon","coordinates":[[[-42.399,-3.898],[-42.376,-3.876],[-42.384,-3.837],[-42.388,-3.784],[-42.37,-3.76],[-42.442,-3.746],[-42.471,-3.771],[-42.489,-3.757],[-42.527,-3.773],[-42.548,-3.804],[-42.49,-3.872],[-42.414,-3.899],[-42.399,-3.898]]]}},{"type":"Feature","properties":{"code":"2209955"},"geometry":{"type":"Polygon","coordinates":[[[-41.898,-7.051],[-41.861,-7.045],[-41.816,-7.066],[-41.778,-7.037],[-41.731,-7.017],[-41.808,-6.929],[-41.877,-6.859],[-41.916,-6.83],[-41.961,-6.857],[-42.003,-6.952],[-41.964,-6.99],[-41.968,-7.012],[-41.88,-7.023],[-41.898,-7.051]]]}},{"type":"Feature","properties":{"code":"2201770"},"geometry":{"type":"Polygon","coordinates":[[[-42.196,-4.381],[-42.167,-4.423],[-42.167,-4.452],[-42.151,-4.482],[-42.06,-4.433],[-42.067,-4.378],[-42.025,-4.356],[-42.001,-4.344],[-42.001,-4.272],[-42.063,-4.274],[-42.111,-4.266],[-42.179,-4.27],[-42.194,-4.297],[-42.178,-4.326],[-42.174,-4.373],[-42.196,-4.381]]]}},{"type":"Feature","properties":{"code":"2201739"},"geometry":{"type":"Polygon","coordinates":[[[-40.783,-8.254],[-40.711,-8.225],[-40.701,-8.203],[-40.645,-8.158],[-40.633,-8.139],[-40.605,-8.15],[-40.59,-8.138],[-40.604,-8.104],[-40.576,-8.03],[-40.576,-8.03],[-40.624,-8.036],[-40.706,-8.025],[-40.793,-8.023],[-40.86,-8.05],[-40.874,-8.093],[-40.904,-8.077],[-40.929,-8.097],[-40.959,-8.088],[-40.956,-8.128],[-40.922,-8.171],[-40.841,-8.211],[-40.818,-8.241],[-40.783,-8.254]]]}},{"type":"Feature","properties":{"code":"2210300"},"geometry":{"type":"Polygon","coordinates":[[[-40.692,-7.16],[-40.693,-7.144],[-40.729,-7.103],[-40.762,-7.022],[-40.79,-7.002],[-40.85,-6.985],[-40.854,-7.02],[-40.913,-7.077],[-40.96,-7.108],[-40.911,-7.125],[-40.882,-7.157],[-40.844,-7.126],[-40.776,-7.135],[-40.73,-7.16],[-40.692,-7.16]]]}},{"type":"Feature","properties":{"code":"2202117"},"geometry":{"type":"Polygon","coordinates":[[[-41.958,-8.373],[-41.937,-8.4],[-41.727,-8.4],[-41.673,-8.393],[-41.677,-8.329],[-41.657,-8.299],[-41.696,-8.284],[-41.749,-8.312],[-41.772,-8.29],[-41.783,-8.222],[-41.743,-8.181],[-41.777,-8.121],[-41.74,-8.088],[-41.777,-8.117],[-41.84,-8.119],[-41.892,-8.134],[-41.924,-8.257],[-41.958,-8.373]]]}},{"type":"Feature","properties":{"code":"2202109"},"geometry":{"type":"Polygon","coordinates":[[[-41.773,-7.817],[-41.756,-7.816],[-41.758,-7.728],[-41.726,-7.693],[-41.73,-7.593],[-41.753,-7.559],[-41.829,-7.552],[-41.861,-7.536],[-41.889,-7.531],[-41.91,-7.55],[-41.945,-7.553],[-41.963,-7.532],[-42.006,-7.539],[-42.046,-7.555],[-42.061,-7.582],[-42.018,-7.651],[-41.969,-7.705],[-41.951,-7.743],[-41.933,-7.757],[-41.87,-7.774],[-41.84,-7.813],[-41.806,-7.827],[-41.773,-7.817]]]}},{"type":"Feature","properties":{"code":"2202091"},"geometry":{"type":"Polygon","coordinates":[[[-40.652,-7.433],[-40.548,-7.393],[-40.541,-7.332],[-40.524,-7.319],[-40.512,-7.299],[-40.516,-7.264],[-40.506,-7.211],[-40.604,-7.215],[-40.671,-7.21],[-40.7,-7.226],[-40.73,-7.245],[-40.728,-7.35],[-40.709,-7.387],[-40.652,-7.433]]]}},{"type":"Feature","properties":{"code":"2202083"},"geometry":{"type":"Polygon","coordinates":[[[-41.436,-2.906],[-41.445,-2.965],[-41.429,-3.039],[-41.441,-3.079],[-41.379,-3.057],[-41.321,-3.05],[-41.261,-3.054],[-41.253,-3.035],[-41.271,-2.972],[-41.322,-2.952],[-41.323,-2.921],[-41.34,-2.927],[-41.398,-2.904],[-41.436,-2.906]]]}},{"type":"Feature","properties":{"code":"2202075"},"geometry":{"type":"Polygon","coordinates":[[[-42.36,-6.805],[-42.334,-6.799],[-42.32,-6.771],[-42.335,-6.729],[-42.365,-6.714],[-42.373,-6.661],[-42.41,-6.662],[-42.471,-6.68],[-42.489,-6.708],[-42.53,-6.706],[-42.556,-6.728],[-42.57,-6.784],[-42.598,-6.799],[-42.606,-6.825],[-42.567,-6.869],[-42.541,-6.863],[-42.49,-6.878],[-42.462,-6.91],[-42.433,-6.902],[-42.393,-6.832],[-42.36,-6.805]]]}},{"type":"Feature","properties":{"code":"2202059"},"geometry":{"type":"Polygon","coordinates":[[[-42.251,-4.535],[-42.151,-4.482],[-42.167,-4.452],[-42.167,-4.423],[-42.196,-4.381],[-42.448,-4.334],[-42.483,-4.344],[-42.548,-4.345],[-42.557,-4.366],[-42.546,-4.363],[-42.474,-4.434],[-42.445,-4.441],[-42.435,-4.478],[-42.296,-4.551],[-42.278,-4.549],[-42.251,-4.535]]]}},{"type":"Feature","properties":{"code":"2210359"},"geometry":{"type":"Polygon","coordinates":[[[-42.642,-9.332],[-42.494,-9.257],[-42.463,-9.172],[-42.403,-9.177],[-42.37,-9.188],[-42.329,-9.185],[-42.359,-9.169],[-42.376,-9.121],[-42.368,-9.085],[-42.337,-9.034],[-42.378,-9.018],[-42.413,-9.034],[-42.439,-9.084],[-42.459,-9.143],[-42.481,-9.053],[-42.519,-9.08],[-42.591,-9.066],[-42.596,-9.115],[-42.631,-9.087],[-42.673,-9.15],[-42.684,-9.202],[-42.679,-9.231],[-42.685,-9.29],[-42.642,-9.332]]]}},{"type":"Feature","properties":{"code":"2202174"},"geometry":{"type":"Polygon","coordinates":[[[-42.623,-3.904],[-42.613,-3.897],[-42.533,-3.966],[-42.526,-4.019],[-42.513,-4.042],[-42.456,-3.997],[-42.439,-3.969],[-42.389,-3.986],[-42.399,-3.898],[-42.414,-3.899],[-42.49,-3.872],[-42.548,-3.804],[-42.592,-3.758],[-42.656,-3.723],[-42.684,-3.695],[-42.67,-3.728],[-42.684,-3.765],[-42.672,-3.792],[-42.656,-3.806],[-42.672,-3.851],[-42.647,-3.896],[-42.623,-3.904]]]}},{"type":"Feature","properties":{"code":"2202133"},"geometry":{"type":"Polygon","coordinates":[[[-41.143,-7.207],[-41.134,-7.274],[-41.085,-7.284],[-41.043,-7.277],[-41.041,-7.256],[-40.992,-7.253],[-40.98,-7.216],[-40.992,-7.2],[-40.998,-7.137],[-41.001,-7.089],[-41.066,-7.07],[-41.105,-7.125],[-41.132,-7.122],[-41.143,-7.166],[-41.143,-7.207]]]}},{"type":"Feature","properties":{"code":"2201988"},"geometry":{"type":"Polygon","coordinates":[[[-42.726,-8.685],[-42.707,-8.578],[-42.694,-8.55],[-42.638,-8.493],[-42.644,-8.416],[-42.608,-8.303],[-42.586,-8.234],[-42.59,-8.168],[-42.583,-8.124],[-42.608,-8.114],[-42.639,-8.071],[-42.659,-8.031],[-42.712,-8.02],[-42.733,-8.017],[-42.756,-8.041],[-42.786,-8.046],[-42.827,-8.071],[-42.857,-8.078],[-42.881,-8.121],[-42.886,-8.172],[-42.912,-8.225],[-42.911,-8.249],[-42.881,-8.275],[-42.894,-8.357],[-42.87,-8.419],[-42.839,-8.451],[-42.841,-8.487],[-42.854,-8.511],[-42.906,-8.508],[-42.956,-8.519],[-42.982,-8.508],[-43.005,-8.519],[-43.044,-8.578],[-43.062,-8.619],[-43.059,-8.698],[-43.02,-8.701],[-42.983,-8.71],[-42.956,-8.714],[-42.894,-8.699],[-42.726,-8.685]]]}},{"type":"Feature","properties":{"code":"2201960"},"geometry":{"type":"Polygon","coordinates":[[[-41.485,-4.042],[-41.555,-4.057],[-41.622,-4.06],[-41.632,-4.136],[-41.761,-4.098],[-41.738,-4.072],[-41.738,-4.045],[-41.772,-4.034],[-41.856,-4.041],[-41.906,-4.042],[-41.92,-4.062],[-41.897,-4.086],[-41.921,-4.184],[-41.804,-4.202],[-41.8,-4.173],[-41.761,-4.209],[-41.657,-4.22],[-41.578,-4.146],[-41.575,-4.159],[-41.525,-4.164],[-41.497,-4.18],[-41.474,-4.187],[-41.432,-4.181],[-41.41,-4.149],[-41.394,-4.161],[-41.343,-4.14],[-41.313,-4.147],[-41.336,-4.051],[-41.485,-4.042]]]}},{"type":"Feature","properties":{"code":"2201945"},"geometry":{"type":"Polygon","coordinates":[[[-42.059,-4.642],[-42.03,-4.623],[-42.036,-4.603],[-42.015,-4.569],[-42.044,-4.558],[-42.034,-4.529],[-42.055,-4.53],[-42.06,-4.433],[-42.151,-4.482],[-42.251,-4.535],[-42.174,-4.566],[-42.174,-4.603],[-42.086,-4.606],[-42.059,-4.642]]]}},{"type":"Feature","properties":{"code":"2201929"},"geometry":{"type":"Polygon","coordinates":[[[-42.835,-9.251],[-42.799,-9.195],[-42.811,-9.168],[-42.795,-9.137],[-42.819,-9.091],[-42.846,-9.07],[-42.922,-9.107],[-42.982,-9.13],[-42.976,-9.157],[-42.906,-9.216],[-42.916,-9.248],[-42.866,-9.3],[-42.835,-9.251]]]}},{"type":"Feature","properties":{"code":"2210201"},"geometry":{"type":"Polygon","coordinates":[[[-41.397,-6.861],[-41.415,-6.798],[-41.404,-6.778],[-41.425,-6.748],[-41.458,-6.743],[-41.442,-6.671],[-41.495,-6.668],[-41.48,-6.745],[-41.543,-6.738],[-41.607,-6.833],[-41.608,-6.839],[-41.582,-6.871],[-41.51,-6.912],[-41.442,-6.912],[-41.411,-6.902],[-41.397,-6.861]]]}},{"type":"Feature","properties":{"code":"2202026"},"geometry":{"type":"Polygon","coordinates":[[[-40.937,-5.439],[-40.938,-5.416],[-40.911,-5.407],[-40.936,-5.366],[-40.919,-5.338],[-40.927,-5.297],[-40.912,-5.267],[-40.936,-5.243],[-40.922,-5.226],[-40.929,-5.172],[-40.989,-5.139],[-41.026,-5.11],[-41.082,-5.088],[-41.097,-5.054],[-41.132,-5.049],[-41.122,-5.026],[-41.124,-5.006],[-41.151,-4.992],[-41.189,-4.941],[-41.22,-4.939],[-41.228,-4.891],[-41.25,-4.87],[-41.233,-4.81],[-41.268,-4.812],[-41.278,-4.853],[-41.314,-4.868],[-41.348,-4.865],[-41.384,-4.884],[-41.429,-4.925],[-41.44,-4.979],[-41.498,-5.014],[-41.471,-5.024],[-41.476,-5.048],[-41.442,-5.098],[-41.444,-5.134],[-41.395,-5.155],[-41.376,-5.15],[-41.354,-5.18],[-41.392,-5.21],[-41.409,-5.246],[-41.39,-5.27],[-41.349,-5.278],[-41.322,-5.319],[-41.3,-5.325],[-41.287,-5.358],[-41.252,-5.388],[-41.245,-5.407],[-41.188,-5.396],[-41.142,-5.423],[-41.081,-5.408],[-41.036,-5.407],[-41.01,-5.417],[-40.978,-5.41],[-40.959,-5.439],[-40.937,-5.439]]]}},{"type":"Feature","properties":{"code":"2202000"},"geometry":{"type":"Polygon","coordinates":[[[-41.928,-3.326],[-41.883,-3.334],[-41.883,-3.307],[-41.854,-3.294],[-41.841,-3.266],[-41.796,-3.253],[-41.731,-3.334],[-41.736,-3.348],[-41.739,-3.434],[-41.745,-3.463],[-41.712,-3.468],[-41.69,-3.453],[-41.674,-3.482],[-41.673,-3.438],[-41.663,-3.379],[-41.677,-3.317],[-41.694,-3.308],[-41.666,-3.248],[-41.772,-3.121],[-41.78,-3.115],[-41.803,-3.101],[-41.869,-3.06],[-41.896,-3.094],[-41.901,-3.097],[-41.925,-3.113],[-41.936,-3.151],[-41.972,-3.193],[-41.972,-3.204],[-41.974,-3.208],[-41.98,-3.216],[-41.978,-3.218],[-41.968,-3.228],[-41.929,-3.236],[-41.928,-3.239],[-41.911,-3.281],[-41.932,-3.299],[-41.928,-3.326]]]}},{"type":"Feature","properties":{"code":"2209500"},"geometry":{"type":"Polygon","coordinates":[[[-42.218,-7.438],[-42.17,-7.521],[-42.216,-7.623],[-42.061,-7.582],[-42.046,-7.555],[-42.006,-7.539],[-41.963,-7.532],[-41.945,-7.553],[-41.91,-7.55],[-41.889,-7.531],[-41.861,-7.536],[-41.864,-7.488],[-41.854,-7.43],[-41.862,-7.417],[-41.836,-7.357],[-41.842,-7.332],[-41.873,-7.31],[-41.938,-7.305],[-41.966,-7.328],[-42.188,-7.44],[-42.218,-7.438]]]}},{"type":"Feature","properties":{"code":"2201309"},"geometry":{"type":"Polygon","coordinates":[[[-46.012,-10.251],[-46.028,-10.277],[-46.0,-10.297],[-45.971,-10.359],[-45.911,-10.371],[-45.887,-10.341],[-45.916,-10.313],[-45.897,-10.264],[-45.867,-10.254],[-45.794,-10.268],[-45.744,-10.24],[-45.727,-10.203],[-45.735,-10.18],[-45.724,-10.155],[-45.69,-10.155],[-45.648,-10.127],[-45.603,-10.108],[-45.568,-10.139],[-45.572,-10.181],[-45.557,-10.217],[-45.545,-10.175],[-45.511,-10.162],[-45.515,-10.093],[-45.558,-10.014],[-45.55,-9.974],[-45.379,-9.981],[-45.395,-9.918],[-45.413,-9.91],[-45.458,-9.852],[-45.514,-9.811],[-45.544,-9.783],[-45.541,-9.749],[-45.557,-9.739],[-45.665,-9.803],[-45.735,-9.752],[-45.757,-9.727],[-45.806,-9.688],[-45.83,-9.68],[-45.839,-9.696],[-45.821,-9.739],[-45.821,-9.773],[-45.839,-9.797],[-45.864,-9.861],[-45.858,-9.908],[-45.843,-9.94],[-45.855,-9.996],[-45.88,-10.061],[-45.879,-10.11],[-45.9,-10.153],[-45.946,-10.196],[-45.974,-10.248],[-46.012,-10.251]]]}},{"type":"Feature","properties":{"code":"2201408"},"geometry":{"type":"Polygon","coordinates":[[[-42.466,-5.895],[-42.452,-5.871],[-42.457,-5.83],[-42.442,-5.8],[-42.449,-5.76],[-42.505,-5.752],[-42.522,-5.726],[-42.572,-5.736],[-42.576,-5.767],[-42.539,-5.799],[-42.545,-5.842],[-42.486,-5.871],[-42.466,-5.895]]]}},{"type":"Feature","properties":{"code":"2209559"},"geometry":{"type":"Polygon","coordinates":[[[-42.982,-9.13],[-42.922,-9.107],[-42.846,-9.07],[-42.901,-9.026],[-42.922,-8.982],[-42.958,-8.946],[-42.953,-8.918],[-42.964,-8.844],[-42.977,-8.811],[-42.983,-8.71],[-43.02,-8.701],[-43.017,-8.816],[-43.08,-8.812],[-43.114,-8.993],[-43.103,-9.096],[-43.092,-9.089],[-43.017,-9.088],[-42.982,-9.13]]]}},{"type":"Feature","properties":{"code":"2209401"},"geometry":{"type":"Polygon","coordinates":[[[-41.233,-7.111],[-41.193,-7.115],[-41.187,-6.993],[-41.158,-6.864],[-41.143,-6.75],[-41.13,-6.655],[-41.19,-6.664],[-41.201,-6.684],[-41.18,-6.708],[-41.196,-6.767],[-41.221,-6.788],[-41.214,-6.818],[-41.201,-6.89],[-41.24,-6.929],[-41.243,-6.95],[-41.284,-6.96],[-41.311,-6.99],[-41.317,-7.007],[-41.255,-7.079],[-41.233,-7.111]]]}},{"type":"Feature","properties":{"code":"2201200"},"geometry":{"type":"Polygon","coordinates":[[[-42.196,-4.381],[-42.174,-4.373],[-42.178,-4.326],[-42.194,-4.297],[-42.179,-4.27],[-42.111,-4.266],[-42.063,-4.274],[-42.001,-4.272],[-41.997,-4.245],[-41.997,-4.208],[-42.051,-4.181],[-42.077,-4.205],[-42.116,-4.207],[-42.156,-4.22],[-42.193,-4.217],[-42.238,-4.224],[-42.242,-4.167],[-42.267,-4.161],[-42.251,-4.127],[-42.264,-4.09],[-42.255,-4.078],[-42.264,-4.011],[-42.237,-3.998],[-42.23,-3.974],[-42.244,-3.927],[-42.267,-3.939],[-42.309,-3.998],[-42.359,-3.974],[-42.389,-3.986],[-42.439,-3.969],[-42.456,-3.997],[-42.513,-4.042],[-42.534,-4.1],[-42.556,-4.105],[-42.59,-4.133],[-42.647,-4.131],[-42.616,-4.238],[-42.548,-4.345],[-42.483,-4.344],[-42.448,-4.334],[-42.196,-4.381]]]}},{"type":"Feature","properties":{"code":"2209377"},"geometry":{"type":"Polygon","coordinates":[[[-42.36,-6.805],[-42.358,-6.82],[-42.309,-6.84],[-42.288,-6.837],[-42.291,-6.878],[-42.25,-6.864],[-42.228,-6.914],[-42.179,-6.898],[-42.16,-6.853],[-42.116,-6.835],[-42.111,-6.755],[-42.138,-6.732],[-42.163,-6.767],[-42.254,-6.75],[-42.317,-6.705],[-42.335,-6.729],[-42.32,-6.771],[-42.334,-6.799],[-42.36,-6.805]]]}},{"type":"Feature","properties":{"code":"2209351"},"geometry":{"type":"Polygon","coordinates":[[[-41.613,-6.879],[-41.541,-6.9],[-41.548,-6.937],[-41.515,-6.979],[-41.474,-6.996],[-41.439,-7.0],[-41.417,-6.999],[-41.435,-6.958],[-41.442,-6.912],[-41.51,-6.912],[-41.582,-6.871],[-41.608,-6.839],[-41.613,-6.879]]]}},{"type":"Feature","properties":{"code":"2201176"},"geometry":{"type":"Polygon","coordinates":[[[-42.19,-6.461],[-42.187,-6.488],[-42.146,-6.547],[-42.164,-6.556],[-42.145,-6.643],[-42.123,-6.644],[-42.087,-6.636],[-42.082,-6.613],[-42.057,-6.602],[-42.061,-6.527],[-42.05,-6.494],[-42.014,-6.474],[-42.014,-6.444],[-42.067,-6.445],[-42.093,-6.457],[-42.101,-6.434],[-42.127,-6.431],[-42.138,-6.473],[-42.175,-6.45],[-42.19,-6.461]]]}},{"type":"Feature","properties":{"code":"2209450"},"geometry":{"type":"Polygon","coordinates":[[[-42.703,-6.085],[-42.675,-6.072],[-42.689,-6.022],[-42.733,-6.019],[-42.737,-6.034],[-42.703,-6.085]]]}},{"type":"Feature","properties":{"code":"2201606"},"geometry":{"type":"Polygon","coordinates":[[[-42.325,-5.731],[-42.33,-5.708],[-42.308,-5.665],[-42.272,-5.645],[-42.228,-5.671],[-42.236,-5.641],[-42.257,-5.621],[-42.273,-5.544],[-42.368,-5.32],[-42.411,-5.303],[-42.434,-5.311],[-42.463,-5.301],[-42.485,-5.311],[-42.543,-5.302],[-42.586,-5.318],[-42.599,-5.35],[-42.6,-5.351],[-42.529,-5.394],[-42.496,-5.458],[-42.471,-5.459],[-42.457,-5.49],[-42.462,-5.535],[-42.504,-5.554],[-42.478,-5.584],[-42.472,-5.608],[-42.445,-5.639],[-42.435,-5.674],[-42.408,-5.678],[-42.405,-5.702],[-42.38,-5.723],[-42.325,-5.731]]]}},{"type":"Feature","properties":{"code":"2209757"},"geometry":{"type":"Polygon","coordinates":[[[-45.557,-10.217],[-45.523,-10.244],[-45.522,-10.277],[-45.491,-10.301],[-45.389,-10.245],[-45.286,-10.202],[-45.192,-10.145],[-45.106,-10.138],[-45.028,-9.975],[-45.14,-9.936],[-45.257,-9.936],[-45.272,-9.985],[-45.379,-9.981],[-45.55,-9.974],[-45.558,-10.014],[-45.515,-10.093],[-45.511,-10.162],[-45.545,-10.175],[-45.557,-10.217]]]}},{"type":"Feature","properties":{"code":"2201572"},"geometry":{"type":"Polygon","coordinates":[[[-41.006,-7.425],[-41.017,-7.437],[-41.008,-7.485],[-40.987,-7.532],[-40.935,-7.497],[-40.922,-7.465],[-40.931,-7.441],[-40.937,-7.343],[-40.971,-7.32],[-40.972,-7.305],[-40.992,-7.253],[-41.041,-7.256],[-41.043,-7.277],[-41.042,-7.301],[-41.006,-7.425]]]}},{"type":"Feature","properties":{"code":"2201556"},"geometry":{"type":"Polygon","coordinates":[[[-41.73,-7.961],[-41.775,-7.934],[-41.82,-7.931],[-41.856,-7.939],[-41.88,-7.896],[-41.914,-7.876],[-41.937,-7.904],[-42.024,-7.909],[-42.022,-7.936],[-42.032,-7.975],[-41.994,-7.987],[-41.948,-8.013],[-41.903,-8.014],[-41.856,-8.066],[-41.86,-8.114],[-41.84,-8.119],[-41.777,-8.117],[-41.74,-8.088],[-41.693,-8.069],[-41.715,-8.056],[-41.739,-7.987],[-41.73,-7.961]]]}},{"type":"Feature","properties":{"code":"2209856"},"geometry":{"type":"Polygon","coordinates":[[[-41.337,-6.863],[-41.333,-6.809],[-41.314,-6.794],[-41.316,-6.73],[-41.306,-6.702],[-41.28,-6.675],[-41.282,-6.651],[-41.371,-6.594],[-41.426,-6.566],[-41.508,-6.557],[-41.511,-6.608],[-41.495,-6.668],[-41.442,-6.671],[-41.458,-6.743],[-41.425,-6.748],[-41.404,-6.778],[-41.415,-6.798],[-41.397,-6.861],[-41.369,-6.871],[-41.337,-6.863]]]}},{"type":"Feature","properties":{"code":"2209807"},"geometry":{"type":"Polygon","coordinates":[[[-42.737,-6.034],[-42.733,-6.019],[-42.689,-6.022],[-42.675,-6.072],[-42.64,-6.09],[-42.63,-6.04],[-42.59,-6.016],[-42.58,-5.948],[-42.662,-5.952],[-42.686,-5.959],[-42.715,-5.966],[-42.723,-6.011],[-42.736,-6.012],[-42.737,-6.034]]]}},{"type":"Feature","properties":{"code":"2209658"},"geometry":{"type":"Polygon","coordinates":[[[-41.417,-8.296],[-41.403,-8.267],[-41.374,-8.247],[-41.372,-8.217],[-41.399,-8.201],[-41.448,-8.19],[-41.476,-8.175],[-41.437,-8.124],[-41.455,-8.096],[-41.444,-8.065],[-41.467,-8.032],[-41.491,-8.021],[-41.51,-8.022],[-41.633,-8.078],[-41.693,-8.069],[-41.74,-8.088],[-41.777,-8.121],[-41.743,-8.181],[-41.783,-8.222],[-41.772,-8.29],[-41.749,-8.312],[-41.696,-8.284],[-41.657,-8.299],[-41.611,-8.319],[-41.573,-8.324],[-41.523,-8.373],[-41.486,-8.368],[-41.467,-8.338],[-41.474,-8.297],[-41.451,-8.28],[-41.417,-8.296]]]}},{"type":"Feature","properties":{"code":"2209609"},"geometry":{"type":"Polygon","coordinates":[[[-42.061,-6.052],[-41.999,-6.053],[-41.972,-6.045],[-41.966,-5.935],[-42.031,-5.902],[-42.069,-5.835],[-42.054,-5.802],[-42.093,-5.777],[-42.087,-5.788],[-42.203,-5.787],[-42.203,-5.8],[-42.204,-5.825],[-42.158,-5.835],[-42.156,-5.881],[-42.228,-5.892],[-42.232,-5.918],[-42.257,-5.955],[-42.142,-6.047],[-42.085,-6.067],[-42.061,-6.052]]]}},{"type":"Feature","properties":{"code":"2209708"},"geometry":{"type":"Polygon","coordinates":[[[-42.361,-7.418],[-42.31,-7.223],[-42.404,-7.17],[-42.412,-7.143],[-42.407,-7.096],[-42.416,-7.055],[-42.421,-6.967],[-42.594,-6.995],[-42.625,-6.997],[-42.644,-6.986],[-42.655,-7.095],[-42.638,-7.159],[-42.662,-7.202],[-42.605,-7.38],[-42.569,-7.393],[-42.532,-7.375],[-42.361,-7.418]]]}},{"type":"Feature","properties":{"code":"2201507"},"geometry":{"type":"Polygon","coordinates":[[[-41.997,-4.245],[-41.979,-4.246],[-41.954,-4.221],[-41.919,-4.224],[-41.921,-4.184],[-41.897,-4.086],[-41.92,-4.062],[-41.906,-4.042],[-41.856,-4.041],[-41.848,-3.974],[-41.911,-3.941],[-41.904,-3.894],[-41.905,-3.805],[-41.926,-3.788],[-41.971,-3.783],[-41.978,-3.731],[-41.962,-3.679],[-42.05,-3.68],[-42.05,-3.791],[-42.02,-3.81],[-41.995,-3.8],[-41.974,-3.809],[-41.991,-3.87],[-42.044,-3.877],[-42.072,-3.918],[-42.105,-3.917],[-42.119,-3.899],[-42.149,-3.904],[-42.169,-3.89],[-42.204,-3.919],[-42.219,-3.899],[-42.244,-3.927],[-42.23,-3.974],[-42.237,-3.998],[-42.264,-4.011],[-42.255,-4.078],[-42.264,-4.09],[-42.251,-4.127],[-42.267,-4.161],[-42.242,-4.167],[-42.238,-4.224],[-42.193,-4.217],[-42.156,-4.22],[-42.116,-4.207],[-42.077,-4.205],[-42.051,-4.181],[-41.997,-4.208],[-41.997,-4.245]]]}},{"type":"Feature","properties":{"code":"2209005"},"geometry":{"type":"Polygon","coordinates":[[[-43.059,-7.911],[-43.049,-7.875],[-43.042,-7.739],[-43.035,-7.734],[-43.087,-7.671],[-43.196,-7.614],[-43.286,-7.696],[-43.237,-7.869],[-43.2,-7.867],[-43.176,-7.854],[-43.108,-7.905],[-43.138,-7.937],[-43.072,-7.957],[-43.063,-7.935],[-43.059,-7.911]]]}},{"type":"Feature","properties":{"code":"2200806"},"geometry":{"type":"Polygon","coordinates":[[[-44.313,-7.119],[-44.329,-7.161],[-44.333,-7.208],[-44.352,-7.228],[-44.297,-7.263],[-44.266,-7.243],[-44.257,-7.274],[-44.184,-7.418],[-44.071,-7.269],[-44.091,-7.219],[-44.069,-7.199],[-44.151,-7.117],[-44.168,-7.12],[-44.2,-7.088],[-44.233,-7.082],[-44.249,-7.058],[-44.276,-7.058],[-44.276,-7.074],[-44.313,-7.119]]]}},{"type":"Feature","properties":{"code":"2200707"},"geometry":{"type":"Polygon","coordinates":[[[-43.059,-9.397],[-43.053,-9.334],[-43.023,-9.319],[-42.966,-9.308],[-42.986,-9.265],[-42.986,-9.205],[-42.967,-9.183],[-42.976,-9.157],[-42.982,-9.13],[-43.017,-9.088],[-43.092,-9.089],[-43.103,-9.096],[-43.107,-9.147],[-43.086,-9.167],[-43.083,-9.198],[-43.107,-9.243],[-43.088,-9.289],[-43.075,-9.4],[-43.059,-9.397]]]}},{"type":"Feature","properties":{"code":"2208874"},"geometry":{"type":"Polygon","coordinates":[[[-42.523,-8.081],[-42.556,-8.066],[-42.596,-7.814],[-42.599,-7.694],[-42.584,-7.68],[-42.581,-7.584],[-42.678,-7.591],[-42.679,-7.623],[-42.729,-7.655],[-42.756,-7.702],[-42.686,-7.779],[-42.712,-7.977],[-42.712,-8.02],[-42.659,-8.031],[-42.639,-8.071],[-42.608,-8.114],[-42.583,-8.124],[-42.59,-8.168],[-42.586,-8.234],[-42.608,-8.303],[-42.543,-8.291],[-42.547,-8.247],[-42.533,-8.225],[-42.492,-8.242],[-42.461,-8.235],[-42.469,-8.105],[-42.523,-8.081]]]}},{"type":"Feature","properties":{"code":"2208858"},"geometry":{"type":"Polygon","coordinates":[[[-44.794,-10.328],[-44.796,-10.211],[-44.778,-10.144],[-44.819,-10.009],[-44.772,-10.011],[-44.724,-10.048],[-44.658,-10.067],[-44.64,-10.031],[-44.623,-10.027],[-44.616,-9.982],[-44.585,-9.926],[-44.599,-9.886],[-44.575,-9.863],[-44.608,-9.839],[-44.606,-9.819],[-44.626,-9.791],[-44.624,-9.767],[-44.632,-9.744],[-44.62,-9.721],[-44.623,-9.577],[-44.642,-9.55],[-44.666,-9.563],[-44.659,-9.583],[-44.807,-9.681],[-44.824,-9.65],[-44.849,-9.671],[-44.851,-9.735],[-44.88,-9.78],[-44.906,-9.78],[-44.956,-9.824],[-45.028,-9.975],[-45.106,-10.138],[-45.001,-10.131],[-44.794,-10.328]]]}},{"type":"Feature","properties":{"code":"2208908"},"geometry":{"type":"Polygon","coordinates":[[[-45.706,-8.388],[-45.623,-8.496],[-45.575,-8.497],[-45.536,-8.517],[-45.504,-8.548],[-45.449,-8.571],[-45.406,-8.633],[-45.33,-8.344],[-45.426,-8.35],[-45.448,-8.279],[-45.385,-8.06],[-45.355,-8.076],[-45.316,-8.058],[-45.234,-7.984],[-45.231,-7.954],[-45.305,-7.911],[-45.247,-7.801],[-45.201,-7.788],[-45.163,-7.834],[-45.123,-7.831],[-44.918,-7.87],[-44.974,-7.539],[-44.985,-7.481],[-44.989,-7.482],[-45.05,-7.513],[-45.086,-7.502],[-45.155,-7.513],[-45.215,-7.567],[-45.233,-7.549],[-45.262,-7.571],[-45.335,-7.578],[-45.398,-7.639],[-45.456,-7.67],[-45.49,-7.787],[-45.538,-7.862],[-45.52,-7.885],[-45.539,-7.918],[-45.577,-8.03],[-45.563,-8.044],[-45.586,-8.095],[-45.584,-8.157],[-45.615,-8.191],[-45.609,-8.205],[-45.664,-8.251],[-45.667,-8.289],[-45.69,-8.336],[-45.706,-8.388]]]}},{"type":"Feature","properties":{"code":"2201051"},"geometry":{"type":"Polygon","coordinates":[[[-40.906,-6.046],[-40.904,-6.021],[-40.874,-5.973],[-40.88,-5.918],[-40.906,-5.849],[-40.91,-5.764],[-40.914,-5.725],[-40.939,-5.673],[-40.908,-5.642],[-41.168,-5.641],[-41.168,-5.786],[-41.259,-5.875],[-41.259,-6.11],[-40.906,-6.046]]]}},{"type":"Feature","properties":{"code":"2201150"},"geometry":{"type":"Polygon","coordinates":[[[-45.312,-9.243],[-45.259,-9.198],[-45.241,-9.163],[-45.209,-9.138],[-45.181,-9.085],[-45.13,-9.033],[-45.085,-8.996],[-45.06,-8.973],[-45.015,-8.952],[-44.978,-8.916],[-44.955,-8.868],[-44.922,-8.84],[-44.887,-8.744],[-44.884,-8.607],[-44.874,-8.563],[-44.877,-8.533],[-44.849,-8.499],[-44.828,-8.427],[-44.814,-8.38],[-44.822,-8.333],[-44.843,-8.313],[-44.842,-8.265],[-44.847,-8.263],[-44.918,-7.87],[-45.123,-7.831],[-45.163,-7.834],[-45.201,-7.788],[-45.247,-7.801],[-45.305,-7.911],[-45.231,-7.954],[-45.234,-7.984],[-45.316,-8.058],[-45.355,-8.076],[-45.385,-8.06],[-45.448,-8.279],[-45.426,-8.35],[-45.33,-8.344],[-45.406,-8.633],[-45.385,-8.656],[-45.381,-8.683],[-45.395,-8.715],[-45.399,-8.797],[-45.391,-8.824],[-45.402,-8.87],[-45.424,-8.883],[-45.474,-8.939],[-45.506,-8.997],[-45.563,-9.051],[-45.528,-9.105],[-45.534,-9.141],[-45.512,-9.172],[-45.312,-9.243]]]}},{"type":"Feature","properties":{"code":"2209302"},"geometry":{"type":"Polygon","coordinates":[[[-43.869,-9.018],[-44.245,-8.883],[-44.301,-8.847],[-44.27,-8.823],[-44.305,-8.799],[-44.354,-8.833],[-44.304,-8.944],[-44.291,-8.969],[-44.309,-8.988],[-44.312,-9.03],[-44.238,-9.093],[-43.87,-9.314],[-43.957,-9.174],[-43.869,-9.018]]]}},{"type":"Feature","properties":{"code":"2209153"},"geometry":{"type":"Polygon","coordinates":[[[-42.061,-6.052],[-41.972,-6.088],[-41.903,-6.062],[-41.883,-6.06],[-41.825,-5.991],[-41.799,-5.974],[-41.763,-6.03],[-41.667,-5.972],[-41.656,-5.936],[-41.715,-5.792],[-41.788,-5.803],[-41.813,-5.816],[-41.875,-5.819],[-41.902,-5.801],[-41.951,-5.807],[-41.978,-5.795],[-41.981,-5.774],[-42.073,-5.747],[-42.106,-5.742],[-42.093,-5.777],[-42.054,-5.802],[-42.069,-5.835],[-42.031,-5.902],[-41.966,-5.935],[-41.972,-6.045],[-41.999,-6.053],[-42.061,-6.052]]]}},{"type":"Feature","properties":{"code":"2201101"},"geometry":{"type":"Polygon","coordinates":[[[-43.916,-10.393],[-43.895,-10.354],[-43.837,-10.302],[-43.837,-10.25],[-43.785,-10.192],[-43.766,-10.121],[-43.773,-10.099],[-43.759,-10.075],[-43.699,-10.078],[-43.693,-10.059],[-43.725,-10.051],[-43.769,-10.024],[-43.833,-10.032],[-43.882,-10.058],[-43.919,-10.065],[-43.958,-10.028],[-43.968,-9.98],[-44.061,-10.016],[-44.088,-10.05],[-44.157,-10.131],[-44.093,-10.192],[-44.067,-10.218],[-43.99,-10.418],[-43.977,-10.431],[-43.937,-10.436],[-43.914,-10.418],[-43.916,-10.393]]]}},{"type":"Feature","properties":{"code":"2200954"},"geometry":{"type":"Polygon","coordinates":[[[-41.679,-7.304],[-41.67,-7.32],[-41.614,-7.328],[-41.605,-7.291],[-41.555,-7.306],[-41.469,-7.313],[-41.428,-7.275],[-41.397,-7.263],[-41.462,-7.188],[-41.522,-7.158],[-41.551,-7.167],[-41.577,-7.194],[-41.591,-7.228],[-41.61,-7.224],[-41.648,-7.238],[-41.657,-7.277],[-41.679,-7.304]]]}},{"type":"Feature","properties":{"code":"2209104"},"geometry":{"type":"Polygon","coordinates":[[[-41.919,-7.185],[-41.875,-7.171],[-41.853,-7.18],[-41.786,-7.246],[-41.791,-7.271],[-41.778,-7.339],[-41.787,-7.358],[-41.818,-7.361],[-41.78,-7.424],[-41.629,-7.394],[-41.606,-7.352],[-41.614,-7.328],[-41.67,-7.32],[-41.679,-7.304],[-41.71,-7.326],[-41.721,-7.299],[-41.698,-7.207],[-41.729,-7.19],[-41.727,-7.166],[-41.748,-7.147],[-41.765,-7.107],[-41.816,-7.066],[-41.861,-7.045],[-41.898,-7.051],[-41.918,-7.063],[-41.9,-7.124],[-41.919,-7.185]]]}},{"type":"Feature","properties":{"code":"2200905"},"geometry":{"type":"Polygon","coordinates":[[[-41.634,-6.272],[-41.735,-6.21],[-41.716,-6.16],[-41.64,-6.073],[-41.678,-6.033],[-41.667,-5.972],[-41.763,-6.03],[-41.799,-5.974],[-41.825,-5.991],[-41.883,-6.06],[-41.903,-6.062],[-41.972,-6.088],[-42.061,-6.052],[-42.037,-6.113],[-42.045,-6.185],[-42.022,-6.208],[-42.009,-6.194],[-41.953,-6.181],[-41.914,-6.198],[-41.873,-6.202],[-41.859,-6.221],[-41.827,-6.233],[-41.798,-6.257],[-41.749,-6.253],[-41.72,-6.268],[-41.672,-6.276],[-41.634,-6.272]]]}},{"type":"Feature","properties":{"code":"2209203"},"geometry":{"type":"Polygon","coordinates":[[[-45.938,-8.787],[-45.96,-8.816],[-45.949,-8.845],[-45.995,-8.927],[-45.991,-8.949],[-45.968,-8.977],[-45.936,-9.038],[-45.941,-9.055],[-45.923,-9.09],[-45.929,-9.128],[-45.898,-9.185],[-45.897,-9.233],[-45.908,-9.298],[-45.887,-9.349],[-45.848,-9.356],[-45.799,-9.417],[-45.791,-9.483],[-45.742,-9.513],[-45.715,-9.546],[-45.688,-9.557],[-45.668,-9.535],[-45.614,-9.513],[-45.584,-9.517],[-45.531,-9.496],[-45.513,-9.459],[-45.41,-9.459],[-45.512,-9.172],[-45.534,-9.141],[-45.528,-9.105],[-45.563,-9.051],[-45.506,-8.997],[-45.474,-8.939],[-45.424,-8.883],[-45.402,-8.87],[-45.391,-8.824],[-45.399,-8.797],[-45.395,-8.715],[-45.381,-8.683],[-45.385,-8.656],[-45.406,-8.633],[-45.449,-8.571],[-45.504,-8.548],[-45.536,-8.517],[-45.575,-8.497],[-45.623,-8.496],[-45.706,-8.388],[-45.725,-8.395],[-45.745,-8.453],[-45.739,-8.501],[-45.772,-8.575],[-45.795,-8.592],[-45.841,-8.716],[-45.89,-8.741],[-45.938,-8.787]]]}},{"type":"Feature","properties":{"code":"2201002"},"geometry":{"type":"Polygon","coordinates":[[[-42.613,-6.532],[-42.611,-6.549],[-42.655,-6.602],[-42.612,-6.644],[-42.614,-6.683],[-42.644,-6.722],[-42.613,-6.777],[-42.615,-6.792],[-42.598,-6.799],[-42.57,-6.784],[-42.556,-6.728],[-42.53,-6.706],[-42.489,-6.708],[-42.471,-6.68],[-42.41,-6.662],[-42.373,-6.661],[-42.384,-6.618],[-42.347,-6.577],[-42.373,-6.525],[-42.387,-6.504],[-42.432,-6.521],[-42.472,-6.524],[-42.51,-6.508],[-42.531,-6.532],[-42.559,-6.53],[-42.585,-6.512],[-42.613,-6.532]]]}},{"type":"Feature","properties":{"code":"2208502"},"geometry":{"type":"Polygon","coordinates":[[[-42.684,-4.093],[-42.7,-4.064],[-42.688,-4.039],[-42.696,-3.985],[-42.626,-3.927],[-42.623,-3.904],[-42.647,-3.896],[-42.672,-3.851],[-42.656,-3.806],[-42.672,-3.792],[-42.684,-3.803],[-42.722,-3.884],[-42.739,-3.927],[-42.781,-3.955],[-42.791,-3.979],[-42.749,-4.053],[-42.71,-4.089],[-42.684,-4.093]]]}},{"type":"Feature","properties":{"code":"2200301"},"geometry":{"type":"Polygon","coordinates":[[[-42.228,-5.671],[-42.202,-5.654],[-42.157,-5.652],[-42.139,-5.617],[-42.117,-5.6],[-42.053,-5.561],[-42.028,-5.555],[-41.958,-5.443],[-41.944,-5.407],[-41.99,-5.388],[-42.005,-5.348],[-42.032,-5.34],[-42.03,-5.307],[-41.993,-5.287],[-42.014,-5.263],[-41.995,-5.168],[-42.038,-5.159],[-42.079,-5.123],[-42.12,-5.138],[-42.141,-5.125],[-42.192,-5.12],[-42.199,-5.147],[-42.254,-5.191],[-42.28,-5.235],[-42.312,-5.235],[-42.327,-5.297],[-42.368,-5.32],[-42.273,-5.544],[-42.257,-5.621],[-42.236,-5.641],[-42.228,-5.671],[-42.228,-5.671]]]}},{"type":"Feature","properties":{"code":"2200277"},"geometry":{"type":"Polygon","coordinates":[[[-40.848,-7.285],[-40.799,-7.261],[-40.73,-7.245],[-40.7,-7.226],[-40.717,-7.208],[-40.692,-7.16],[-40.73,-7.16],[-40.776,-7.135],[-40.844,-7.126],[-40.882,-7.157],[-40.864,-7.175],[-40.883,-7.241],[-40.873,-7.262],[-40.848,-7.285]]]}},{"type":"Feature","properties":{"code":"2208551"},"geometry":{"type":"Polygon","coordinates":[[[-44.249,-7.0],[-44.278,-7.038],[-44.276,-7.058],[-44.249,-7.058],[-44.233,-7.082],[-44.2,-7.088],[-44.168,-7.12],[-44.151,-7.117],[-44.069,-7.199],[-44.048,-7.22],[-44.007,-7.09],[-43.99,-7.005],[-43.981,-6.99],[-43.935,-6.99],[-43.915,-6.966],[-43.921,-6.933],[-43.899,-6.9],[-43.862,-6.876],[-43.833,-6.843],[-43.883,-6.802],[-43.9,-6.778],[-43.931,-6.771],[-43.957,-6.743],[-43.988,-6.757],[-44.053,-6.768],[-44.059,-6.808],[-44.116,-6.806],[-44.141,-6.865],[-44.171,-6.885],[-44.174,-6.92],[-44.201,-6.933],[-44.208,-6.97],[-44.249,-7.0]]]}},{"type":"Feature","properties":{"code":"2200251"},"geometry":{"type":"Polygon","coordinates":[[[-40.998,-7.137],[-40.96,-7.108],[-40.913,-7.077],[-40.854,-7.02],[-40.85,-6.985],[-40.828,-6.928],[-40.839,-6.796],[-40.883,-6.793],[-40.897,-6.77],[-40.981,-6.772],[-40.981,-6.916],[-40.986,-6.99],[-41.001,-7.089],[-40.998,-7.137]]]}},{"type":"Feature","properties":{"code":"2208403"},"geometry":{"type":"Polygon","coordinates":[[[-41.605,-4.41],[-41.641,-4.409],[-41.658,-4.395],[-41.667,-4.354],[-41.617,-4.339],[-41.608,-4.302],[-41.561,-4.31],[-41.525,-4.257],[-41.497,-4.18],[-41.525,-4.164],[-41.575,-4.159],[-41.578,-4.146],[-41.657,-4.22],[-41.761,-4.209],[-41.8,-4.173],[-41.804,-4.202],[-41.921,-4.184],[-41.919,-4.224],[-41.954,-4.221],[-41.979,-4.246],[-41.997,-4.245],[-42.001,-4.272],[-42.001,-4.344],[-42.025,-4.356],[-42.008,-4.381],[-41.968,-4.405],[-41.959,-4.425],[-41.903,-4.428],[-41.889,-4.447],[-41.85,-4.46],[-41.807,-4.51],[-41.756,-4.545],[-41.739,-4.57],[-41.73,-4.547],[-41.639,-4.463],[-41.605,-4.41]]]}},{"type":"Feature","properties":{"code":"2200202"},"geometry":{"type":"Polygon","coordinates":[[[-42.548,-5.944],[-42.585,-5.92],[-42.614,-5.888],[-42.602,-5.853],[-42.66,-5.864],[-42.677,-5.897],[-42.686,-5.959],[-42.662,-5.952],[-42.58,-5.948],[-42.548,-5.944]]]}},{"type":"Feature","properties":{"code":"2208809"},"geometry":{"type":"Polygon","coordinates":[[[-42.585,-6.512],[-42.559,-6.53],[-42.531,-6.532],[-42.51,-6.508],[-42.472,-6.524],[-42.432,-6.521],[-42.387,-6.504],[-42.373,-6.525],[-42.349,-6.507],[-42.291,-6.397],[-42.29,-6.326],[-42.312,-6.297],[-42.319,-6.238],[-42.439,-6.255],[-42.443,-6.219],[-42.536,-6.221],[-42.545,-6.203],[-42.622,-6.173],[-42.685,-6.178],[-42.684,-6.214],[-42.72,-6.215],[-42.715,-6.263],[-42.67,-6.29],[-42.585,-6.512]]]}},{"type":"Feature","properties":{"code":"2200608"},"geometry":{"type":"Polygon","coordinates":[[[-42.685,-6.178],[-42.683,-6.139],[-42.703,-6.085],[-42.737,-6.034],[-42.736,-6.012],[-42.785,-6.016],[-42.78,-5.963],[-42.811,-5.994],[-42.792,-6.068],[-42.793,-6.1],[-42.801,-6.147],[-42.788,-6.202],[-42.77,-6.186],[-42.726,-6.175],[-42.72,-6.215],[-42.684,-6.214],[-42.685,-6.178]]]}},{"type":"Feature","properties":{"code":"2208601"},"geometry":{"type":"Polygon","coordinates":[[[-42.228,-5.671],[-42.227,-5.743],[-42.233,-5.774],[-42.203,-5.8],[-42.203,-5.787],[-42.087,-5.788],[-42.093,-5.777],[-42.106,-5.742],[-42.098,-5.703],[-42.117,-5.669],[-42.157,-5.652],[-42.202,-5.654],[-42.228,-5.671]]]}},{"type":"Feature","properties":{"code":"2200400"},"geometry":{"type":"Polygon","coordinates":[[[-42.379,-5.152],[-42.39,-5.139],[-42.313,-4.939],[-42.37,-4.832],[-42.602,-4.904],[-42.599,-5.194],[-42.579,-5.169],[-42.482,-5.168],[-42.465,-5.203],[-42.445,-5.213],[-42.429,-5.189],[-42.397,-5.174],[-42.379,-5.152]]]}},{"type":"Feature","properties":{"code":"2208700"},"geometry":{"type":"Polygon","coordinates":[[[-44.624,-9.767],[-44.471,-9.725],[-44.439,-9.7],[-44.411,-9.717],[-44.348,-9.729],[-44.304,-9.718],[-44.188,-9.659],[-44.043,-9.586],[-44.218,-9.429],[-44.393,-9.363],[-44.428,-9.345],[-44.508,-9.316],[-44.523,-9.378],[-44.726,-9.269],[-44.818,-9.462],[-44.67,-9.553],[-44.666,-9.563],[-44.642,-9.55],[-44.623,-9.577],[-44.62,-9.721],[-44.632,-9.744],[-44.624,-9.767]]]}},{"type":"Feature","properties":{"code":"2200509"},"geometry":{"type":"Polygon","coordinates":[[[-42.915,-6.648],[-42.857,-6.662],[-42.842,-6.706],[-42.791,-6.522],[-42.707,-6.511],[-42.613,-6.532],[-42.585,-6.512],[-42.67,-6.29],[-42.715,-6.263],[-42.72,-6.215],[-42.726,-6.175],[-42.77,-6.186],[-42.788,-6.202],[-42.801,-6.147],[-42.793,-6.1],[-42.978,-6.138],[-42.97,-6.177],[-42.933,-6.193],[-42.899,-6.223],[-42.876,-6.226],[-42.855,-6.25],[-42.849,-6.308],[-42.829,-6.341],[-42.852,-6.359],[-42.855,-6.383],[-42.877,-6.417],[-42.865,-6.482],[-42.886,-6.505],[-42.887,-6.578],[-42.908,-6.606],[-42.915,-6.648]]]}},{"type":"Feature","properties":{"code":"2208650"},"geometry":{"type":"Polygon","coordinates":[[[-41.358,-8.708],[-41.337,-8.708],[-41.3,-8.682],[-41.287,-8.661],[-41.251,-8.662],[-41.214,-8.644],[-41.199,-8.592],[-41.167,-8.581],[-41.15,-8.534],[-41.143,-8.522],[-41.163,-8.472],[-41.207,-8.46],[-41.218,-8.441],[-41.206,-8.39],[-41.265,-8.376],[-41.291,-8.349],[-41.388,-8.336],[-41.417,-8.296],[-41.451,-8.28],[-41.474,-8.297],[-41.467,-8.338],[-41.486,-8.368],[-41.493,-8.391],[-41.494,-8.455],[-41.486,-8.475],[-41.495,-8.505],[-41.468,-8.532],[-41.483,-8.601],[-41.509,-8.659],[-41.518,-8.725],[-41.49,-8.734],[-41.426,-8.668],[-41.401,-8.705],[-41.381,-8.707],[-41.358,-8.708]]]}},{"type":"Feature","properties":{"code":"2200459"},"geometry":{"type":"Polygon","coordinates":[[[-43.683,-8.599],[-43.631,-8.264],[-43.648,-8.252],[-43.823,-8.254],[-43.825,-8.315],[-43.879,-8.314],[-43.919,-8.387],[-44.013,-8.403],[-44.06,-8.381],[-44.107,-8.369],[-44.383,-8.366],[-44.408,-8.462],[-44.206,-8.554],[-44.209,-8.627],[-44.028,-8.611],[-44.025,-8.604],[-43.778,-8.585],[-43.726,-8.598],[-43.683,-8.599]]]}},{"type":"Feature","properties":{"code":"2207959"},"geometry":{"type":"Polygon","coordinates":[[[-41.924,-8.257],[-41.892,-8.134],[-41.84,-8.119],[-41.86,-8.114],[-41.856,-8.066],[-41.903,-8.014],[-41.948,-8.013],[-41.994,-7.987],[-42.032,-7.975],[-42.022,-7.936],[-42.056,-7.974],[-42.096,-7.95],[-42.128,-7.958],[-42.134,-7.989],[-42.164,-8.007],[-42.145,-8.049],[-42.165,-8.096],[-42.159,-8.135],[-42.178,-8.162],[-42.179,-8.198],[-42.137,-8.206],[-42.048,-8.276],[-41.987,-8.296],[-41.924,-8.257]]]}},{"type":"Feature","properties":{"code":"2208007"},"geometry":{"type":"Polygon","coordinates":[[[-41.61,-7.224],[-41.591,-7.228],[-41.577,-7.194],[-41.551,-7.167],[-41.522,-7.158],[-41.462,-7.188],[-41.461,-7.122],[-41.395,-7.127],[-41.387,-7.107],[-41.333,-7.099],[-41.332,-7.062],[-41.372,-7.068],[-41.406,-7.04],[-41.439,-7.0],[-41.474,-6.996],[-41.515,-6.979],[-41.548,-6.937],[-41.541,-6.9],[-41.613,-6.879],[-41.614,-6.907],[-41.63,-6.989],[-41.615,-7.034],[-41.585,-7.033],[-41.599,-7.101],[-41.635,-7.173],[-41.61,-7.224]]]}},{"type":"Feature","properties":{"code":"2207850"},"geometry":{"type":"Polygon","coordinates":[[[-43.492,-8.121],[-43.413,-8.039],[-43.321,-8.079],[-43.126,-7.969],[-43.138,-7.937],[-43.108,-7.905],[-43.176,-7.854],[-43.2,-7.867],[-43.237,-7.869],[-43.286,-7.696],[-43.304,-7.712],[-43.538,-7.923],[-43.493,-8.064],[-43.492,-8.121]]]}},{"type":"Feature","properties":{"code":"2207934"},"geometry":{"type":"Polygon","coordinates":[[[-42.442,-8.066],[-42.401,-8.086],[-42.42,-8.108],[-42.396,-8.133],[-42.346,-8.165],[-42.282,-8.194],[-42.247,-8.22],[-42.263,-8.258],[-42.166,-8.273],[-42.142,-8.247],[-42.137,-8.206],[-42.179,-8.198],[-42.178,-8.162],[-42.159,-8.135],[-42.165,-8.096],[-42.145,-8.049],[-42.164,-8.007],[-42.134,-7.989],[-42.128,-7.958],[-42.172,-7.918],[-42.225,-7.906],[-42.264,-7.91],[-42.286,-7.931],[-42.338,-7.949],[-42.362,-7.95],[-42.379,-7.993],[-42.423,-8.001],[-42.442,-8.066]]]}},{"type":"Feature","properties":{"code":"2207900"},"geometry":{"type":"Polygon","coordinates":[[[-41.729,-4.59],[-41.512,-4.581],[-41.294,-4.556],[-41.295,-4.815],[-41.268,-4.812],[-41.233,-4.81],[-41.213,-4.772],[-41.25,-4.757],[-41.181,-4.673],[-41.203,-4.638],[-41.233,-4.61],[-41.24,-4.574],[-41.221,-4.567],[-41.191,-4.516],[-41.178,-4.468],[-41.177,-4.443],[-41.16,-4.411],[-41.148,-4.367],[-41.119,-4.324],[-41.229,-4.34],[-41.24,-4.376],[-41.357,-4.343],[-41.381,-4.434],[-41.428,-4.321],[-41.453,-4.301],[-41.488,-4.304],[-41.495,-4.274],[-41.525,-4.257],[-41.561,-4.31],[-41.541,-4.329],[-41.513,-4.332],[-41.502,-4.357],[-41.511,-4.4],[-41.568,-4.415],[-41.605,-4.41],[-41.639,-4.463],[-41.73,-4.547],[-41.739,-4.57],[-41.749,-4.591],[-41.729,-4.59]]]}},{"type":"Feature","properties":{"code":"2200053"},"geometry":{"type":"Polygon","coordinates":[[[-41.206,-8.39],[-41.218,-8.441],[-41.207,-8.46],[-41.163,-8.472],[-41.143,-8.522],[-41.15,-8.534],[-41.127,-8.542],[-41.09,-8.513],[-41.077,-8.473],[-41.058,-8.478],[-41.039,-8.432],[-40.978,-8.399],[-40.927,-8.446],[-40.902,-8.423],[-40.908,-8.401],[-40.862,-8.371],[-40.837,-8.381],[-40.819,-8.361],[-40.818,-8.32],[-40.793,-8.32],[-40.78,-8.296],[-40.783,-8.254],[-40.818,-8.241],[-40.841,-8.211],[-40.922,-8.171],[-40.956,-8.128],[-41.014,-8.12],[-41.047,-8.136],[-41.094,-8.2],[-41.181,-8.268],[-41.16,-8.321],[-41.197,-8.357],[-41.206,-8.39]]]}},{"type":"Feature","properties":{"code":"2208205"},"geometry":{"type":"Polygon","coordinates":[[[-40.79,-7.002],[-40.695,-7.03],[-40.607,-6.976],[-40.605,-6.956],[-40.505,-6.939],[-40.489,-6.952],[-40.463,-6.937],[-40.425,-6.935],[-40.433,-6.909],[-40.428,-6.864],[-40.387,-6.83],[-40.37,-6.803],[-40.389,-6.797],[-40.432,-6.813],[-40.477,-6.733],[-40.602,-6.716],[-40.651,-6.678],[-40.71,-6.676],[-40.732,-6.654],[-40.722,-6.618],[-40.736,-6.6],[-40.754,-6.555],[-40.788,-6.524],[-40.79,-6.501],[-41.095,-6.757],[-41.03,-6.762],[-40.981,-6.772],[-40.897,-6.77],[-40.883,-6.793],[-40.839,-6.796],[-40.828,-6.928],[-40.85,-6.985],[-40.79,-7.002]]]}},{"type":"Feature","properties":{"code":"2208304"},"geometry":{"type":"Polygon","coordinates":[[[-41.856,-4.041],[-41.772,-4.034],[-41.738,-4.045],[-41.738,-4.072],[-41.761,-4.098],[-41.632,-4.136],[-41.622,-4.06],[-41.555,-4.057],[-41.485,-4.042],[-41.451,-3.997],[-41.366,-3.885],[-41.279,-3.77],[-41.313,-3.739],[-41.335,-3.692],[-41.376,-3.712],[-41.418,-3.753],[-41.45,-3.742],[-41.458,-3.67],[-41.487,-3.654],[-41.524,-3.606],[-41.649,-3.64],[-41.678,-3.665],[-41.745,-3.673],[-41.747,-3.587],[-41.773,-3.573],[-41.794,-3.624],[-41.86,-3.712],[-41.846,-3.731],[-41.807,-3.752],[-41.729,-3.765],[-41.687,-3.788],[-41.734,-3.819],[-41.77,-3.826],[-41.771,-3.855],[-41.8,-3.886],[-41.837,-3.885],[-41.857,-3.866],[-41.904,-3.894],[-41.911,-3.941],[-41.848,-3.974],[-41.856,-4.041]]]}},{"type":"Feature","properties":{"code":"2200103"},"geometry":{"type":"Polygon","coordinates":[[[-42.656,-5.832],[-42.644,-5.786],[-42.617,-5.758],[-42.633,-5.735],[-42.68,-5.742],[-42.701,-5.715],[-42.745,-5.718],[-42.725,-5.747],[-42.72,-5.817],[-42.656,-5.832]]]}},{"type":"Feature","properties":{"code":"2208106"},"geometry":{"type":"Polygon","coordinates":[[[-41.28,-6.675],[-41.213,-6.668],[-41.201,-6.684],[-41.19,-6.664],[-41.13,-6.655],[-41.143,-6.75],[-41.095,-6.757],[-40.79,-6.501],[-40.796,-6.428],[-40.805,-6.393],[-40.779,-6.341],[-40.787,-6.305],[-40.852,-6.224],[-40.853,-6.16],[-40.846,-6.138],[-40.858,-6.105],[-40.873,-6.057],[-40.906,-6.046],[-41.259,-6.11],[-41.331,-6.133],[-41.318,-6.159],[-41.363,-6.178],[-41.368,-6.147],[-41.416,-6.129],[-41.509,-6.15],[-41.5,-6.113],[-41.596,-6.092],[-41.64,-6.073],[-41.716,-6.16],[-41.735,-6.21],[-41.634,-6.272],[-41.608,-6.26],[-41.522,-6.286],[-41.521,-6.313],[-41.575,-6.339],[-41.562,-6.381],[-41.528,-6.376],[-41.447,-6.348],[-41.389,-6.366],[-41.406,-6.436],[-41.374,-6.503],[-41.315,-6.5],[-41.317,-6.525],[-41.281,-6.559],[-41.264,-6.613],[-41.282,-6.651],[-41.28,-6.675]]]}},{"type":"Feature","properties":{"code":"2207553"},"geometry":{"type":"Polygon","coordinates":[[[-41.816,-7.066],[-41.765,-7.107],[-41.748,-7.147],[-41.727,-7.166],[-41.729,-7.19],[-41.698,-7.207],[-41.721,-7.299],[-41.71,-7.326],[-41.679,-7.304],[-41.657,-7.277],[-41.648,-7.238],[-41.61,-7.224],[-41.635,-7.173],[-41.599,-7.101],[-41.585,-7.033],[-41.615,-7.034],[-41.662,-7.031],[-41.716,-7.0],[-41.731,-7.017],[-41.778,-7.037],[-41.816,-7.066]]]}},{"type":"Feature","properties":{"code":"2207504"},"geometry":{"type":"Polygon","coordinates":[[[-42.793,-6.1],[-42.792,-6.068],[-42.811,-5.994],[-42.78,-5.963],[-42.744,-5.85],[-42.778,-5.847],[-42.851,-5.87],[-42.854,-5.848],[-42.941,-5.72],[-42.936,-5.705],[-42.975,-5.683],[-42.953,-5.652],[-42.972,-5.628],[-42.915,-5.626],[-42.942,-5.587],[-42.971,-5.562],[-43.004,-5.543],[-43.024,-5.562],[-43.033,-5.592],[-43.082,-5.599],[-43.095,-5.615],[-43.08,-5.649],[-43.089,-5.672],[-43.076,-5.736],[-43.101,-5.759],[-43.09,-5.808],[-43.094,-5.835],[-43.075,-5.865],[-43.096,-5.91],[-43.084,-5.957],[-43.051,-5.99],[-43.049,-6.014],[-43.076,-6.043],[-43.049,-6.102],[-42.992,-6.118],[-42.978,-6.138],[-42.793,-6.1]]]}},{"type":"Feature","properties":{"code":"2207355"},"geometry":{"type":"Polygon","coordinates":[[[-42.712,-8.02],[-42.712,-7.977],[-42.686,-7.779],[-42.756,-7.702],[-42.803,-7.649],[-42.898,-7.884],[-43.059,-7.911],[-43.063,-7.935],[-43.041,-7.944],[-42.995,-7.984],[-42.966,-8.046],[-42.935,-8.063],[-42.857,-8.078],[-42.827,-8.071],[-42.786,-8.046],[-42.756,-8.041],[-42.733,-8.017],[-42.712,-8.02]]]}},{"type":"Feature","properties":{"code":"2207306"},"geometry":{"type":"Polygon","coordinates":[[[-42.338,-7.949],[-42.286,-7.931],[-42.264,-7.91],[-42.225,-7.906],[-42.228,-7.885],[-42.199,-7.796],[-42.161,-7.747],[-42.189,-7.722],[-42.355,-7.724],[-42.416,-7.757],[-42.358,-7.811],[-42.338,-7.949]]]}},{"type":"Feature","properties":{"code":"2207405"},"geometry":{"type":"Polygon","coordinates":[[[-44.305,-8.799],[-44.239,-8.799],[-44.154,-8.744],[-44.135,-8.697],[-44.108,-8.692],[-44.083,-8.668],[-44.05,-8.662],[-44.02,-8.622],[-44.028,-8.611],[-44.209,-8.627],[-44.206,-8.554],[-44.408,-8.462],[-44.842,-8.265],[-44.843,-8.313],[-44.822,-8.333],[-44.814,-8.38],[-44.828,-8.427],[-44.728,-8.532],[-44.305,-8.799]]]}},{"type":"Feature","properties":{"code":"2207702"},"geometry":{"type":"Polygon","coordinates":[[[-41.869,-3.06],[-41.803,-3.101],[-41.78,-3.115],[-41.772,-3.121],[-41.697,-3.039],[-41.712,-3.007],[-41.68,-2.978],[-41.683,-2.947],[-41.662,-2.914],[-41.67,-2.88],[-41.65,-2.864],[-41.681,-2.848],[-41.73,-2.803],[-41.741,-2.808],[-41.782,-2.758],[-41.785,-2.77],[-41.755,-2.842],[-41.785,-2.873],[-41.816,-2.886],[-41.834,-2.916],[-41.806,-2.938],[-41.797,-2.961],[-41.823,-3.018],[-41.869,-3.06]]]}},{"type":"Feature","properties":{"code":"2207801"},"geometry":{"type":"Polygon","coordinates":[[[-41.206,-8.39],[-41.197,-8.357],[-41.16,-8.321],[-41.181,-8.268],[-41.094,-8.2],[-41.047,-8.136],[-41.014,-8.12],[-40.956,-8.128],[-40.959,-8.088],[-40.929,-8.097],[-40.904,-8.077],[-40.874,-8.093],[-40.86,-8.05],[-40.793,-8.023],[-40.706,-8.025],[-40.765,-7.985],[-40.794,-7.98],[-40.852,-7.941],[-40.855,-7.923],[-40.908,-7.903],[-40.941,-7.88],[-40.959,-7.848],[-40.993,-7.865],[-41.017,-7.851],[-41.048,-7.886],[-41.031,-7.918],[-41.062,-7.944],[-41.077,-7.938],[-41.113,-7.98],[-41.149,-7.984],[-41.161,-8.019],[-41.226,-8.011],[-41.268,-8.022],[-41.309,-8.019],[-41.385,-8.053],[-41.381,-8.082],[-41.426,-8.106],[-41.455,-8.096],[-41.437,-8.124],[-41.476,-8.175],[-41.448,-8.19],[-41.399,-8.201],[-41.372,-8.217],[-41.374,-8.247],[-41.403,-8.267],[-41.417,-8.296],[-41.388,-8.336],[-41.291,-8.349],[-41.265,-8.376],[-41.206,-8.39]]]}},{"type":"Feature","properties":{"code":"2207793"},"geometry":{"type":"Polygon","coordinates":[[[-42.327,-5.297],[-42.351,-5.185],[-42.379,-5.152],[-42.397,-5.174],[-42.429,-5.189],[-42.445,-5.213],[-42.465,-5.203],[-42.482,-5.168],[-42.579,-5.169],[-42.599,-5.194],[-42.602,-5.252],[-42.599,-5.35],[-42.586,-5.318],[-42.543,-5.302],[-42.485,-5.311],[-42.463,-5.301],[-42.434,-5.311],[-42.411,-5.303],[-42.368,-5.32],[-42.327,-5.297]]]}},{"type":"Feature","properties":{"code":"2207777"},"geometry":{"type":"Polygon","coordinates":[[[-41.064,-7.646],[-41.145,-7.629],[-41.173,-7.609],[-41.195,-7.576],[-41.227,-7.573],[-41.267,-7.613],[-41.276,-7.58],[-41.296,-7.578],[-41.302,-7.54],[-41.379,-7.516],[-41.399,-7.551],[-41.397,-7.58],[-41.431,-7.621],[-41.458,-7.695],[-41.469,-7.698],[-41.477,-7.75],[-41.458,-7.782],[-41.43,-7.787],[-41.379,-7.813],[-41.319,-7.792],[-41.311,-7.734],[-41.257,-7.727],[-41.23,-7.736],[-41.208,-7.719],[-41.188,-7.746],[-41.15,-7.761],[-41.125,-7.741],[-41.099,-7.739],[-41.098,-7.716],[-41.068,-7.675],[-41.064,-7.646]]]}},{"type":"Feature","properties":{"code":"2207751"},"geometry":{"type":"Polygon","coordinates":[[[-42.49,-5.937],[-42.5,-5.977],[-42.436,-6.034],[-42.412,-6.122],[-42.394,-6.137],[-42.385,-6.155],[-42.371,-6.136],[-42.393,-6.108],[-42.355,-6.069],[-42.314,-6.071],[-42.303,-6.036],[-42.391,-5.974],[-42.372,-5.942],[-42.37,-5.911],[-42.311,-5.84],[-42.337,-5.822],[-42.35,-5.797],[-42.325,-5.731],[-42.38,-5.723],[-42.405,-5.702],[-42.408,-5.678],[-42.435,-5.674],[-42.445,-5.639],[-42.486,-5.647],[-42.526,-5.684],[-42.522,-5.726],[-42.505,-5.752],[-42.449,-5.76],[-42.442,-5.8],[-42.457,-5.83],[-42.452,-5.871],[-42.466,-5.895],[-42.463,-5.91],[-42.49,-5.937]]]}},{"type":"Feature","properties":{"code":"2207603"},"geometry":{"type":"Polygon","coordinates":[[[-44.344,-10.55],[-44.348,-10.472],[-44.286,-10.324],[-44.307,-10.29],[-44.335,-10.24],[-44.36,-10.222],[-44.363,-10.168],[-44.393,-10.141],[-44.393,-10.113],[-44.414,-10.107],[-44.411,-10.05],[-44.443,-10.012],[-44.441,-9.979],[-44.483,-9.962],[-44.484,-9.93],[-44.503,-9.914],[-44.552,-9.903],[-44.575,-9.863],[-44.599,-9.886],[-44.585,-9.926],[-44.616,-9.982],[-44.623,-10.027],[-44.64,-10.031],[-44.658,-10.067],[-44.724,-10.048],[-44.772,-10.011],[-44.819,-10.009],[-44.778,-10.144],[-44.796,-10.211],[-44.794,-10.328],[-44.831,-10.341],[-44.8,-10.406],[-44.806,-10.429],[-44.708,-10.508],[-44.77,-10.566],[-44.72,-10.678],[-44.667,-10.759],[-44.661,-10.73],[-44.669,-10.687],[-44.627,-10.676],[-44.578,-10.627],[-44.547,-10.63],[-44.501,-10.65],[-44.473,-10.635],[-44.452,-10.607],[-44.428,-10.612],[-44.392,-10.601],[-44.344,-10.55]]]}},{"type":"Feature","properties":{"code":"2206951"},"geometry":{"type":"Polygon","coordinates":[[[-41.995,-5.168],[-42.014,-5.263],[-41.993,-5.287],[-42.03,-5.307],[-42.032,-5.34],[-42.005,-5.348],[-41.99,-5.388],[-41.944,-5.407],[-41.926,-5.381],[-41.887,-5.377],[-41.862,-5.361],[-41.849,-5.338],[-41.799,-5.322],[-41.799,-5.304],[-41.851,-5.28],[-41.818,-5.215],[-41.802,-5.2],[-41.801,-5.194],[-41.981,-5.17],[-41.995,-5.168]]]}},{"type":"Feature","properties":{"code":"2207009"},"geometry":{"type":"Polygon","coordinates":[[[-42.31,-7.223],[-42.296,-7.175],[-42.266,-7.177],[-42.231,-7.138],[-42.168,-7.105],[-42.096,-7.155],[-42.052,-7.319],[-42.001,-7.278],[-42.002,-7.239],[-41.958,-7.224],[-41.919,-7.185],[-41.9,-7.124],[-41.918,-7.063],[-41.898,-7.051],[-41.88,-7.023],[-41.968,-7.012],[-41.964,-6.99],[-42.003,-6.952],[-41.961,-6.857],[-41.916,-6.83],[-41.917,-6.74],[-41.933,-6.67],[-41.922,-6.647],[-41.928,-6.644],[-41.998,-6.617],[-42.065,-6.638],[-42.123,-6.644],[-42.145,-6.643],[-42.146,-6.643],[-42.138,-6.732],[-42.111,-6.755],[-42.116,-6.835],[-42.16,-6.853],[-42.179,-6.898],[-42.228,-6.914],[-42.25,-6.864],[-42.291,-6.878],[-42.288,-6.837],[-42.309,-6.84],[-42.358,-6.82],[-42.36,-6.805],[-42.393,-6.832],[-42.433,-6.902],[-42.462,-6.91],[-42.49,-6.878],[-42.541,-6.863],[-42.567,-6.869],[-42.601,-6.968],[-42.625,-6.997],[-42.594,-6.995],[-42.421,-6.967],[-42.416,-7.055],[-42.407,-7.096],[-42.412,-7.143],[-42.404,-7.17],[-42.31,-7.223]]]}},{"type":"Feature","properties":{"code":"2206803"},"geometry":{"type":"Polygon","coordinates":[[[-42.647,-4.131],[-42.59,-4.133],[-42.556,-4.105],[-42.534,-4.1],[-42.513,-4.042],[-42.526,-4.019],[-42.533,-3.966],[-42.613,-3.897],[-42.623,-3.904],[-42.626,-3.927],[-42.696,-3.985],[-42.688,-4.039],[-42.7,-4.064],[-42.684,-4.093],[-42.659,-4.078],[-42.647,-4.131]]]}},{"type":"Feature","properties":{"code":"2206902"},"geometry":{"type":"Polygon","coordinates":[[[-41.861,-6.605],[-41.894,-6.541],[-41.898,-6.411],[-42.016,-6.311],[-42.037,-6.39],[-42.093,-6.457],[-42.067,-6.445],[-42.014,-6.444],[-42.014,-6.474],[-42.05,-6.494],[-42.061,-6.527],[-42.057,-6.602],[-42.082,-6.613],[-42.087,-6.636],[-42.123,-6.644],[-42.065,-6.638],[-41.998,-6.617],[-41.928,-6.644],[-41.888,-6.608],[-41.861,-6.605]]]}},{"type":"Feature","properties":{"code":"2207207"},"geometry":{"type":"Polygon","coordinates":[[[-40.794,-7.421],[-40.797,-7.391],[-40.837,-7.36],[-40.852,-7.327],[-40.848,-7.285],[-40.873,-7.262],[-40.972,-7.305],[-40.971,-7.32],[-40.937,-7.343],[-40.931,-7.441],[-40.922,-7.465],[-40.935,-7.497],[-40.908,-7.489],[-40.871,-7.448],[-40.804,-7.484],[-40.805,-7.435],[-40.794,-7.421]]]}},{"type":"Feature","properties":{"code":"2207108"},"geometry":{"type":"Polygon","coordinates":[[[-42.466,-5.895],[-42.486,-5.871],[-42.545,-5.842],[-42.539,-5.799],[-42.576,-5.767],[-42.572,-5.736],[-42.605,-5.72],[-42.609,-5.73],[-42.599,-5.765],[-42.609,-5.788],[-42.586,-5.83],[-42.602,-5.853],[-42.614,-5.888],[-42.585,-5.92],[-42.548,-5.944],[-42.49,-5.937],[-42.463,-5.91],[-42.466,-5.895]]]}},{"type":"Feature","properties":{"code":"2206407"},"geometry":{"type":"Polygon","coordinates":[[[-42.605,-5.72],[-42.572,-5.736],[-42.522,-5.726],[-42.526,-5.684],[-42.486,-5.647],[-42.445,-5.639],[-42.472,-5.608],[-42.478,-5.584],[-42.504,-5.554],[-42.559,-5.502],[-42.591,-5.516],[-42.634,-5.513],[-42.743,-5.538],[-42.76,-5.529],[-42.75,-5.586],[-42.757,-5.628],[-42.725,-5.647],[-42.605,-5.72]]]}},{"type":"Feature","properties":{"code":"2206506"},"geometry":{"type":"Polygon","coordinates":[[[-41.105,-7.125],[-41.066,-7.07],[-41.001,-7.089],[-40.986,-6.99],[-40.981,-6.916],[-40.981,-6.772],[-41.03,-6.762],[-41.095,-6.757],[-41.081,-6.997],[-41.105,-7.125]]]}},{"type":"Feature","properties":{"code":"2206308"},"geometry":{"type":"Polygon","coordinates":[[[-42.605,-5.72],[-42.725,-5.647],[-42.739,-5.662],[-42.814,-5.678],[-42.808,-5.698],[-42.767,-5.689],[-42.745,-5.718],[-42.701,-5.715],[-42.68,-5.742],[-42.633,-5.735],[-42.617,-5.758],[-42.609,-5.73],[-42.605,-5.72]]]}},{"type":"Feature","properties":{"code":"2206357"},"geometry":{"type":"Polygon","coordinates":[[[-41.268,-4.812],[-41.295,-4.815],[-41.294,-4.556],[-41.512,-4.581],[-41.729,-4.59],[-41.749,-4.591],[-41.777,-4.69],[-41.747,-4.703],[-41.695,-4.766],[-41.655,-4.776],[-41.619,-4.76],[-41.56,-4.745],[-41.543,-4.759],[-41.525,-4.828],[-41.473,-4.833],[-41.451,-4.825],[-41.435,-4.861],[-41.384,-4.884],[-41.348,-4.865],[-41.314,-4.868],[-41.278,-4.853],[-41.268,-4.812]]]}},{"type":"Feature","properties":{"code":"2206720"},"geometry":{"type":"Polygon","coordinates":[[[-42.971,-5.562],[-42.943,-5.535],[-42.847,-5.525],[-42.851,-5.491],[-42.811,-5.498],[-42.769,-5.432],[-42.753,-5.355],[-42.763,-5.337],[-42.816,-5.318],[-42.825,-5.346],[-42.865,-5.369],[-42.887,-5.392],[-42.911,-5.396],[-42.931,-5.439],[-42.968,-5.454],[-42.974,-5.484],[-42.995,-5.508],[-43.004,-5.543],[-42.971,-5.562]]]}},{"type":"Feature","properties":{"code":"2206704"},"geometry":{"type":"Polygon","coordinates":[[[-42.605,-7.38],[-42.662,-7.202],[-42.638,-7.159],[-42.655,-7.095],[-42.644,-6.986],[-42.625,-6.997],[-42.601,-6.968],[-42.567,-6.869],[-42.606,-6.825],[-42.598,-6.799],[-42.615,-6.792],[-42.666,-6.852],[-42.793,-6.775],[-42.799,-6.915],[-42.945,-7.133],[-42.931,-7.193],[-42.852,-7.215],[-42.816,-7.28],[-42.785,-7.295],[-42.726,-7.191],[-42.706,-7.192],[-42.688,-7.263],[-42.698,-7.292],[-42.675,-7.31],[-42.66,-7.352],[-42.623,-7.353],[-42.605,-7.38]]]}},{"type":"Feature","properties":{"code":"2206696"},"geometry":{"type":"Polygon","coordinates":[[[-42.126,-3.346],[-42.064,-3.395],[-42.079,-3.41],[-42.086,-3.449],[-42.059,-3.452],[-42.021,-3.504],[-41.975,-3.506],[-41.976,-3.45],[-41.925,-3.468],[-41.908,-3.454],[-41.916,-3.412],[-41.952,-3.393],[-41.956,-3.362],[-41.979,-3.362],[-42.004,-3.338],[-41.928,-3.326],[-41.932,-3.299],[-41.911,-3.281],[-41.928,-3.239],[-41.929,-3.236],[-41.968,-3.228],[-41.978,-3.218],[-41.98,-3.216],[-41.986,-3.223],[-42.013,-3.248],[-42.041,-3.247],[-42.069,-3.264],[-42.124,-3.267],[-42.126,-3.346]]]}},{"type":"Feature","properties":{"code":"2206670"},"geometry":{"type":"Polygon","coordinates":[[[-42.37,-3.76],[-42.388,-3.784],[-42.384,-3.837],[-42.336,-3.821],[-42.297,-3.791],[-42.244,-3.776],[-42.198,-3.729],[-42.211,-3.711],[-42.177,-3.692],[-42.159,-3.606],[-42.247,-3.591],[-42.269,-3.652],[-42.31,-3.673],[-42.319,-3.705],[-42.37,-3.76]]]}},{"type":"Feature","properties":{"code":"2206753"},"geometry":{"type":"Polygon","coordinates":[[[-42.278,-4.549],[-42.286,-4.625],[-42.282,-4.679],[-42.317,-4.728],[-42.283,-4.746],[-42.257,-4.744],[-42.246,-4.667],[-42.217,-4.672],[-42.205,-4.726],[-42.178,-4.708],[-42.16,-4.727],[-42.14,-4.706],[-42.103,-4.725],[-42.078,-4.673],[-42.062,-4.661],[-42.059,-4.642],[-42.086,-4.606],[-42.174,-4.603],[-42.174,-4.566],[-42.251,-4.535],[-42.278,-4.549]]]}},{"type":"Feature","properties":{"code":"2206654"},"geometry":{"type":"Polygon","coordinates":[[[-44.088,-10.05],[-44.061,-10.016],[-43.968,-9.98],[-43.958,-10.028],[-43.919,-10.065],[-43.882,-10.058],[-43.833,-10.032],[-43.769,-10.024],[-43.725,-10.051],[-43.693,-10.059],[-43.669,-10.031],[-43.665,-9.991],[-43.697,-9.974],[-43.691,-9.942],[-43.709,-9.913],[-43.677,-9.886],[-43.653,-9.844],[-43.665,-9.824],[-43.785,-9.762],[-43.794,-9.705],[-43.828,-9.647],[-43.842,-9.637],[-43.842,-9.586],[-43.853,-9.562],[-43.838,-9.525],[-43.786,-9.458],[-44.043,-9.586],[-44.188,-9.659],[-44.114,-9.736],[-44.119,-9.787],[-44.106,-9.81],[-44.139,-9.833],[-44.111,-9.899],[-44.132,-9.936],[-44.112,-9.95],[-44.12,-10.028],[-44.088,-10.05]]]}},{"type":"Feature","properties":{"code":"2206605"},"geometry":{"type":"Polygon","coordinates":[[[-45.115,-9.331],[-45.335,-9.68],[-45.3,-9.693],[-45.331,-9.74],[-45.326,-9.772],[-45.306,-9.797],[-45.276,-9.803],[-45.251,-9.822],[-45.181,-9.801],[-45.155,-9.804],[-45.1,-9.795],[-45.087,-9.807],[-45.038,-9.819],[-44.99,-9.809],[-44.956,-9.824],[-44.906,-9.78],[-44.88,-9.78],[-44.851,-9.735],[-44.849,-9.671],[-44.824,-9.65],[-44.807,-9.681],[-44.659,-9.583],[-44.666,-9.563],[-44.67,-9.553],[-44.818,-9.462],[-45.115,-9.331]]]}},{"type":"Feature","properties":{"code":"2205953"},"geometry":{"type":"Polygon","coordinates":[[[-40.715,-7.481],[-40.701,-7.456],[-40.663,-7.449],[-40.652,-7.433],[-40.709,-7.387],[-40.728,-7.35],[-40.774,-7.406],[-40.794,-7.421],[-40.805,-7.435],[-40.804,-7.484],[-40.766,-7.476],[-40.715,-7.481]]]}},{"type":"Feature","properties":{"code":"2205904"},"geometry":{"type":"Polygon","coordinates":[[[-44.383,-8.366],[-44.107,-8.369],[-44.06,-8.381],[-44.013,-8.403],[-43.919,-8.387],[-43.879,-8.314],[-43.825,-8.315],[-43.823,-8.254],[-43.813,-8.234],[-43.818,-8.154],[-43.795,-8.068],[-43.8,-8.024],[-43.793,-7.982],[-43.866,-7.976],[-43.975,-8.003],[-44.099,-8.029],[-44.13,-8.275],[-44.363,-8.296],[-44.383,-8.366]]]}}]}