{"type":"FeatureCollection","features":[{"type":"Feature","properties":{"code":"2905909"},"geometry":{"type":"Polygon","coordinates":[[[-43.606,-9.352],[-43.545,-9.41],[-43.511,-9.429],[-43.471,-9.53],[-43.408,-9.625],[-43.377,-9.732],[-43.183,-9.725],[-43.058,-9.767],[-42.917,-9.827],[-42.837,-9.746],[-42.767,-9.725],[-42.718,-9.652],[-42.71,-9.585],[-42.69,-9.546],[-42.716,-9.554],[-42.758,-9.589],[-42.77,-9.619],[-42.821,-9.619],[-42.828,-9.56],[-42.851,-9.551],[-42.877,-9.562],[-42.904,-9.527],[-42.944,-9.521],[-42.959,-9.48],[-42.959,-9.428],[-42.988,-9.401],[-43.04,-9.415],[-43.059,-9.397],[-43.075,-9.4],[-43.122,-9.373],[-43.161,-9.379],[-43.173,-9.41],[-43.194,-9.421],[-43.219,-9.401],[-43.285,-9.42],[-43.293,-9.401],[-43.336,-9.368],[-43.376,-9.349],[-43.395,-9.314],[-43.438,-9.266],[-43.469,-9.261],[-43.498,-9.273],[-43.541,-9.308],[-43.579,-9.32],[-43.606,-9.352]]]}},{"type":"Feature","properties":{"code":"2922052"},"geometry":{"type":"Polygon","coordinates":[[[-41.355,-12.168],[-41.372,-12.119],[-41.368,-12.083],[-41.393,-12.076],[-41.408,-12.048],[-41.417,-11.998],[-41.456,-11.97],[-41.425,-11.934],[-41.421,-11.868],[-41.588,-11.857],[-41.622,-11.832],[-41.649,-11.886],[-41.68,-11.922],[-41.689,-11.968],[-41.681,-11.991],[-41.652,-12.014],[-41.63,-12.012],[-41.454,-12.099],[-41.469,-12.108],[-41.417,-12.145],[-41.355,-12.168]]]}},{"type":"Feature","properties":{"code":"2913903"},"geometry":{"type":"Polygon","coordinates":[[[-39.812,-14.102],[-39.777,-14.106],[-39.77,-14.123],[-39.7,-14.153],[-39.69,-14.176],[-39.664,-14.185],[-39.667,-14.162],[-39.653,-14.132],[-39.666,-14.117],[-39.667,-14.057],[-39.677,-14.033],[-39.664,-14.007],[-39.701,-13.967],[-39.71,-13.942],[-39.689,-13.917],[-39.694,-13.892],[-39.705,-13.909],[-39.735,-13.932],[-39.761,-13.992],[-39.794,-14.011],[-39.8,-14.06],[-39.812,-14.102]]]}},{"type":"Feature","properties":{"code":"2930204"},"geometry":{"type":"Polygon","coordinates":[[[-41.278,-10.347],[-41.243,-10.323],[-41.242,-10.308],[-41.206,-10.275],[-41.18,-10.264],[-41.144,-10.223],[-41.171,-10.196],[-41.158,-10.156],[-41.193,-10.066],[-41.169,-10.032],[-41.192,-10.009],[-41.256,-9.974],[-41.249,-9.95],[-41.185,-9.956],[-41.144,-9.927],[-41.121,-9.924],[-41.084,-9.946],[-41.054,-9.916],[-41.066,-9.879],[-41.058,-9.853],[-41.028,-9.82],[-41.031,-9.803],[-40.996,-9.777],[-40.968,-9.737],[-40.975,-9.608],[-40.984,-9.587],[-40.964,-9.553],[-41.005,-9.492],[-41.007,-9.468],[-40.954,-9.398],[-41.017,-9.384],[-41.067,-9.403],[-41.117,-9.404],[-41.144,-9.496],[-41.189,-9.56],[-41.213,-9.622],[-41.247,-9.647],[-41.346,-9.684],[-41.4,-9.695],[-41.477,-9.671],[-41.513,-9.666],[-41.559,-9.676],[-41.637,-9.715],[-41.684,-9.768],[-41.84,-9.732],[-41.903,-9.704],[-41.964,-9.687],[-41.992,-9.666],[-42.041,-9.67],[-42.081,-9.734],[-42.075,-9.803],[-42.097,-9.834],[-42.119,-9.888],[-42.159,-9.923],[-42.163,-9.941],[-42.2,-9.972],[-42.227,-10.029],[-42.258,-10.054],[-42.292,-10.053],[-42.355,-10.032],[-42.393,-10.052],[-42.415,-10.079],[-42.435,-10.13],[-42.406,-10.185],[-42.16,-10.258],[-42.133,-10.313],[-42.134,-10.344],[-42.092,-10.382],[-42.094,-10.409],[-42.069,-10.495],[-42.065,-10.53],[-42.048,-10.544],[-42.036,-10.584],[-41.998,-10.642],[-41.916,-10.643],[-41.822,-10.698],[-41.769,-10.722],[-41.745,-10.708],[-41.714,-10.742],[-41.695,-10.793],[-41.663,-10.811],[-41.606,-10.809],[-41.575,-10.779],[-41.571,-10.756],[-41.591,-10.731],[-41.533,-10.679],[-41.509,-10.671],[-41.503,-10.632],[-41.472,-10.628],[-41.463,-10.603],[-41.401,-10.574],[-41.382,-10.519],[-41.451,-10.489],[-41.473,-10.465],[-41.447,-10.442],[-41.379,-10.417],[-41.361,-10.37],[-41.288,-10.336],[-41.278,-10.347]]]}},{"type":"Feature","properties":{"code":"2905701"},"geometry":{"type":"Polygon","coordinates":[[[-38.28,-12.881],[-38.244,-12.852],[-38.104,-12.688],[-38.048,-12.636],[-38.03,-12.597],[-38.068,-12.537],[-38.078,-12.469],[-38.123,-12.508],[-38.177,-12.488],[-38.194,-12.453],[-38.248,-12.498],[-38.224,-12.525],[-38.215,-12.567],[-38.178,-12.541],[-38.138,-12.577],[-38.132,-12.602],[-38.176,-12.597],[-38.182,-12.616],[-38.219,-12.643],[-38.288,-12.635],[-38.314,-12.623],[-38.35,-12.639],[-38.376,-12.677],[-38.346,-12.739],[-38.332,-12.812],[-38.328,-12.832],[-38.28,-12.881]]]}},{"type":"Feature","properties":{"code":"2922003"},"geometry":{"type":"Polygon","coordinates":[[[-39.668,-18.337],[-39.635,-18.232],[-39.588,-18.151],[-39.549,-18.102],[-39.545,-18.086],[-39.491,-17.998],[-39.513,-17.984],[-39.575,-17.978],[-39.637,-18.0],[-39.711,-17.998],[-39.74,-17.989],[-40.01,-17.987],[-40.063,-17.952],[-40.068,-17.849],[-40.122,-17.788],[-40.179,-17.769],[-40.2,-17.736],[-40.221,-17.738],[-40.218,-17.796],[-40.174,-17.852],[-40.212,-17.895],[-40.264,-17.922],[-40.26,-17.94],[-40.227,-17.958],[-40.222,-17.98],[-40.22,-17.982],[-39.912,-18.179],[-39.689,-18.321],[-39.668,-18.337]]]}},{"type":"Feature","properties":{"code":"2930006"},"geometry":{"type":"Polygon","coordinates":[[[-43.487,-14.79],[-43.461,-14.746],[-43.424,-14.72],[-43.354,-14.698],[-43.311,-14.67],[-43.298,-14.676],[-43.245,-14.656],[-43.175,-14.651],[-43.092,-14.683],[-43.037,-14.683],[-43.011,-14.702],[-42.953,-14.708],[-42.911,-14.746],[-42.872,-14.765],[-42.852,-14.764],[-42.805,-14.657],[-42.793,-14.626],[-42.8,-14.595],[-42.835,-14.562],[-42.871,-14.509],[-42.891,-14.5],[-42.955,-14.396],[-43.008,-14.349],[-43.049,-14.332],[-43.093,-14.371],[-43.102,-14.392],[-43.181,-14.446],[-43.248,-14.469],[-43.263,-14.457],[-43.42,-14.496],[-43.53,-14.816],[-43.487,-14.79]]]}},{"type":"Feature","properties":{"code":"2921807"},"geometry":{"type":"Polygon","coordinates":[[[-42.278,-15.114],[-42.293,-15.088],[-42.279,-15.055],[-42.227,-15.045],[-42.209,-15.023],[-42.21,-14.991],[-42.239,-14.942],[-42.23,-14.912],[-42.2,-14.873],[-42.176,-14.822],[-42.178,-14.819],[-42.346,-14.869],[-42.353,-14.901],[-42.381,-14.948],[-42.466,-14.957],[-42.479,-15.014],[-42.444,-15.021],[-42.443,-15.061],[-42.401,-15.077],[-42.372,-15.074],[-42.355,-15.098],[-42.324,-15.094],[-42.278,-15.114]]]}},{"type":"Feature","properties":{"code":"2914307"},"geometry":{"type":"Polygon","coordinates":[[[-40.656,-13.839],[-40.701,-13.801],[-40.714,-13.76],[-40.725,-13.692],[-40.707,-13.681],[-40.704,-13.635],[-40.684,-13.581],[-40.697,-13.508],[-40.737,-13.465],[-40.727,-13.432],[-40.754,-13.414],[-40.784,-13.367],[-40.835,-13.316],[-40.862,-13.318],[-40.886,-13.269],[-40.918,-13.23],[-41.01,-13.261],[-41.089,-13.256],[-41.079,-13.273],[-41.106,-13.294],[-41.105,-13.319],[-41.132,-13.364],[-41.156,-13.377],[-41.161,-13.403],[-41.189,-13.406],[-41.218,-13.429],[-41.237,-13.461],[-41.256,-13.47],[-41.241,-13.506],[-41.216,-13.492],[-41.22,-13.47],[-41.038,-13.556],[-40.955,-13.546],[-40.942,-13.567],[-40.858,-13.582],[-40.837,-13.636],[-40.715,-13.841],[-40.678,-13.85],[-40.656,-13.839]]]}},{"type":"Feature","properties":{"code":"2930105"},"geometry":{"type":"Polygon","coordinates":[[[-40.161,-10.617],[-40.143,-10.638],[-40.018,-10.621],[-39.948,-10.55],[-39.973,-10.51],[-40.011,-10.485],[-40.029,-10.447],[-40.021,-10.392],[-40.048,-10.374],[-40.058,-10.323],[-40.124,-10.344],[-40.136,-10.324],[-40.171,-10.358],[-40.201,-10.343],[-40.231,-10.371],[-40.251,-10.398],[-40.234,-10.463],[-40.27,-10.501],[-40.248,-10.517],[-40.161,-10.617]]]}},{"type":"Feature","properties":{"code":"2921906"},"geometry":{"type":"Polygon","coordinates":[[[-41.547,-13.426],[-41.446,-13.384],[-41.437,-13.329],[-41.454,-13.296],[-41.446,-13.251],[-41.415,-13.246],[-41.383,-13.271],[-41.349,-13.281],[-41.335,-13.299],[-41.291,-13.322],[-41.185,-13.23],[-41.199,-13.192],[-41.235,-13.163],[-41.28,-13.157],[-41.281,-13.138],[-41.252,-13.121],[-41.256,-13.097],[-41.3,-13.056],[-41.33,-12.931],[-41.356,-12.89],[-41.38,-12.88],[-41.411,-12.802],[-41.438,-12.71],[-41.605,-12.711],[-41.616,-12.76],[-41.636,-12.781],[-41.621,-12.829],[-41.64,-12.898],[-41.7,-12.995],[-41.664,-13.071],[-41.649,-13.081],[-41.626,-13.13],[-41.654,-13.168],[-41.599,-13.23],[-41.59,-13.267],[-41.609,-13.326],[-41.605,-13.425],[-41.569,-13.411],[-41.547,-13.426]]]}},{"type":"Feature","properties":{"code":"2906105"},"geometry":{"type":"Polygon","coordinates":[[[-44.342,-13.118],[-44.286,-13.129],[-44.239,-13.195],[-44.201,-13.202],[-44.152,-13.196],[-44.106,-13.229],[-44.098,-13.075],[-44.112,-13.041],[-44.131,-13.038],[-44.202,-12.989],[-44.211,-12.97],[-44.256,-12.981],[-44.284,-12.997],[-44.306,-13.027],[-44.307,-13.075],[-44.342,-13.118]]]}},{"type":"Feature","properties":{"code":"2929404"},"geometry":{"type":"Polygon","coordinates":[[[-39.285,-13.059],[-39.342,-13.057],[-39.393,-13.015],[-39.402,-12.997],[-39.443,-12.993],[-39.464,-12.953],[-39.474,-12.985],[-39.532,-13.022],[-39.511,-13.069],[-39.48,-13.089],[-39.47,-13.124],[-39.375,-13.111],[-39.322,-13.094],[-39.276,-13.07],[-39.256,-13.07],[-39.285,-13.059]]]}},{"type":"Feature","properties":{"code":"2921203"},"geometry":{"type":"Polygon","coordinates":[[[-40.371,-11.616],[-40.384,-11.505],[-40.369,-11.482],[-40.309,-11.435],[-40.383,-11.401],[-40.394,-11.384],[-40.413,-11.364],[-40.442,-11.358],[-40.456,-11.383],[-40.483,-11.386],[-40.507,-11.372],[-40.546,-11.304],[-40.582,-11.308],[-40.612,-11.275],[-40.686,-11.212],[-40.726,-11.246],[-40.746,-11.267],[-40.828,-11.26],[-40.891,-11.265],[-40.946,-11.285],[-40.864,-11.415],[-40.798,-11.477],[-40.738,-11.504],[-40.727,-11.533],[-40.703,-11.548],[-40.645,-11.561],[-40.6,-11.553],[-40.556,-11.578],[-40.529,-11.578],[-40.523,-11.631],[-40.499,-11.632],[-40.467,-11.602],[-40.447,-11.617],[-40.371,-11.616]]]}},{"type":"Feature","properties":{"code":"2929370"},"geometry":{"type":"Polygon","coordinates":[[[-40.077,-11.528],[-39.969,-11.491],[-39.898,-11.491],[-39.883,-11.481],[-39.825,-11.5],[-39.771,-11.458],[-39.758,-11.421],[-39.787,-11.404],[-39.849,-11.35],[-39.875,-11.317],[-39.911,-11.363],[-39.914,-11.416],[-39.987,-11.439],[-40.07,-11.434],[-40.081,-11.448],[-40.086,-11.496],[-40.077,-11.528]]]}},{"type":"Feature","properties":{"code":"2929354"},"geometry":{"type":"Polygon","coordinates":[[[-39.406,-15.133],[-39.33,-15.113],[-39.306,-15.099],[-39.294,-15.072],[-39.279,-15.058],[-39.307,-15.021],[-39.367,-15.02],[-39.412,-15.033],[-39.403,-15.097],[-39.406,-15.133]]]}},{"type":"Feature","properties":{"code":"2929255"},"geometry":{"type":"Polygon","coordinates":[[[-41.942,-11.228],[-41.878,-11.261],[-41.74,-11.223],[-41.717,-11.197],[-41.648,-11.168],[-41.633,-11.14],[-41.607,-11.145],[-41.597,-11.122],[-41.565,-11.097],[-41.526,-11.092],[-41.498,-11.059],[-41.435,-11.007],[-41.438,-10.977],[-41.482,-10.988],[-41.508,-10.969],[-41.54,-10.968],[-41.562,-10.941],[-41.567,-10.904],[-41.641,-10.857],[-41.663,-10.811],[-41.697,-10.863],[-41.653,-10.886],[-41.645,-10.913],[-41.713,-10.938],[-41.753,-10.94],[-41.813,-11.02],[-41.856,-11.116],[-41.898,-11.129],[-41.926,-11.182],[-41.942,-11.228]]]}},{"type":"Feature","properties":{"code":"2914208"},"geometry":{"type":"Polygon","coordinates":[[[-40.151,-13.337],[-40.077,-13.334],[-40.046,-13.313],[-39.997,-13.312],[-39.982,-13.326],[-39.976,-13.315],[-39.934,-13.292],[-39.914,-13.259],[-39.944,-13.215],[-39.985,-13.168],[-40.054,-13.114],[-40.121,-13.121],[-40.152,-13.107],[-40.142,-13.152],[-40.153,-13.173],[-40.137,-13.234],[-40.138,-13.29],[-40.156,-13.312],[-40.151,-13.337]]]}},{"type":"Feature","properties":{"code":"2921054"},"geometry":{"type":"Polygon","coordinates":[[[-42.952,-13.957],[-42.918,-13.957],[-42.894,-13.945],[-42.808,-13.974],[-42.78,-13.898],[-42.773,-13.746],[-42.944,-13.753],[-43.029,-13.734],[-43.071,-13.775],[-43.102,-13.795],[-43.139,-13.844],[-43.133,-13.888],[-43.105,-13.932],[-43.052,-13.917],[-43.022,-13.92],[-42.993,-13.943],[-42.952,-13.957]]]}},{"type":"Feature","properties":{"code":"2906006"},"geometry":{"type":"Polygon","coordinates":[[[-40.935,-10.605],[-40.913,-10.608],[-40.879,-10.591],[-40.763,-10.592],[-40.747,-10.634],[-40.631,-10.669],[-40.596,-10.684],[-40.546,-10.662],[-40.458,-10.579],[-40.385,-10.545],[-40.285,-10.525],[-40.27,-10.501],[-40.234,-10.463],[-40.251,-10.398],[-40.231,-10.371],[-40.237,-10.354],[-40.227,-10.31],[-40.255,-10.228],[-40.247,-10.206],[-40.299,-10.128],[-40.351,-10.113],[-40.367,-10.14],[-40.416,-10.113],[-40.389,-10.062],[-40.341,-10.031],[-40.319,-9.975],[-40.329,-9.959],[-40.316,-9.908],[-40.383,-9.944],[-40.412,-9.973],[-40.503,-9.971],[-40.643,-9.887],[-40.814,-9.871],[-40.832,-9.864],[-40.892,-9.914],[-40.962,-9.885],[-41.033,-9.915],[-41.054,-9.916],[-41.084,-9.946],[-41.121,-9.924],[-41.144,-9.927],[-41.185,-9.956],[-41.249,-9.95],[-41.256,-9.974],[-41.192,-10.009],[-41.169,-10.032],[-41.193,-10.066],[-41.158,-10.156],[-41.171,-10.196],[-41.144,-10.223],[-41.18,-10.264],[-41.206,-10.275],[-41.242,-10.308],[-41.243,-10.323],[-41.278,-10.347],[-41.256,-10.362],[-41.256,-10.414],[-41.225,-10.454],[-41.182,-10.431],[-41.107,-10.467],[-41.038,-10.451],[-40.967,-10.451],[-40.964,-10.478],[-40.941,-10.51],[-40.878,-10.523],[-40.895,-10.549],[-40.917,-10.553],[-40.935,-10.605]]]}},{"type":"Feature","properties":{"code":"2913507"},"geometry":{"type":"Polygon","coordinates":[[[-40.025,-14.819],[-40.015,-14.787],[-40.034,-14.755],[-40.022,-14.731],[-39.992,-14.726],[-39.975,-14.685],[-39.957,-14.673],[-39.926,-14.686],[-39.9,-14.67],[-39.873,-14.591],[-39.963,-14.483],[-39.988,-14.508],[-40.031,-14.535],[-40.077,-14.538],[-40.094,-14.521],[-40.127,-14.488],[-40.166,-14.479],[-40.188,-14.514],[-40.201,-14.569],[-40.229,-14.645],[-40.221,-14.673],[-40.208,-14.743],[-40.152,-14.765],[-40.136,-14.759],[-40.112,-14.787],[-40.089,-14.769],[-40.025,-14.819]]]}},{"type":"Feature","properties":{"code":"2929305"},"geometry":{"type":"Polygon","coordinates":[[[-38.877,-12.511],[-38.838,-12.514],[-38.852,-12.484],[-38.838,-12.409],[-38.908,-12.386],[-38.956,-12.301],[-38.996,-12.311],[-39.024,-12.409],[-39.053,-12.41],[-39.053,-12.447],[-39.023,-12.442],[-39.008,-12.472],[-38.972,-12.47],[-38.877,-12.511]]]}},{"type":"Feature","properties":{"code":"2921104"},"geometry":{"type":"Polygon","coordinates":[[[-40.257,-17.409],[-40.221,-17.409],[-40.218,-17.435],[-40.186,-17.432],[-40.172,-17.45],[-40.119,-17.448],[-40.057,-17.462],[-40.032,-17.479],[-39.968,-17.458],[-39.936,-17.465],[-39.933,-17.434],[-39.973,-17.38],[-40.009,-17.351],[-40.014,-17.329],[-40.046,-17.309],[-40.065,-17.263],[-40.077,-17.273],[-40.132,-17.247],[-40.163,-17.249],[-40.197,-17.23],[-40.218,-17.247],[-40.281,-17.247],[-40.298,-17.26],[-40.391,-17.263],[-40.548,-17.284],[-40.572,-17.295],[-40.595,-17.324],[-40.605,-17.356],[-40.597,-17.421],[-40.578,-17.414],[-40.554,-17.436],[-40.52,-17.447],[-40.483,-17.488],[-40.463,-17.499],[-40.392,-17.453],[-40.353,-17.45],[-40.34,-17.406],[-40.313,-17.416],[-40.257,-17.409]]]}},{"type":"Feature","properties":{"code":"2905305"},"geometry":{"type":"Polygon","coordinates":[[[-41.421,-11.868],[-41.399,-11.813],[-41.393,-11.772],[-41.364,-11.701],[-41.435,-11.636],[-41.557,-11.559],[-41.593,-11.614],[-41.589,-11.669],[-41.605,-11.741],[-41.606,-11.773],[-41.622,-11.832],[-41.588,-11.857],[-41.421,-11.868]]]}},{"type":"Feature","properties":{"code":"2913606"},"geometry":{"type":"Polygon","coordinates":[[[-38.996,-15.085],[-38.998,-14.987],[-39.018,-14.923],[-39.024,-14.805],[-39.062,-14.747],[-39.065,-14.674],[-39.062,-14.625],[-39.034,-14.515],[-39.145,-14.53],[-39.177,-14.569],[-39.194,-14.61],[-39.272,-14.638],[-39.347,-14.622],[-39.364,-14.609],[-39.358,-14.579],[-39.401,-14.556],[-39.391,-14.514],[-39.364,-14.45],[-39.49,-14.42],[-39.515,-14.461],[-39.525,-14.519],[-39.551,-14.562],[-39.511,-14.548],[-39.45,-14.613],[-39.404,-14.628],[-39.291,-14.693],[-39.262,-14.756],[-39.247,-14.758],[-39.236,-14.848],[-39.201,-14.888],[-39.211,-14.909],[-39.221,-14.947],[-39.201,-15.006],[-39.17,-15.023],[-39.163,-15.053],[-39.127,-15.039],[-39.119,-15.057],[-39.078,-15.086],[-39.063,-15.112],[-38.996,-15.085]]]}},{"type":"Feature","properties":{"code":"2905404"},"geometry":{"type":"Polygon","coordinates":[[[-38.968,-13.672],[-38.936,-13.658],[-38.898,-13.666],[-38.891,-13.64],[-38.901,-13.602],[-38.927,-13.577],[-38.933,-13.546],[-38.917,-13.484],[-38.892,-13.461],[-38.906,-13.427],[-38.905,-13.386],[-38.951,-13.39],[-38.989,-13.372],[-39.042,-13.388],[-39.072,-13.462],[-39.071,-13.488],[-39.093,-13.537],[-39.08,-13.563],[-39.058,-13.581],[-39.02,-13.575],[-38.998,-13.594],[-38.97,-13.64],[-38.968,-13.672]]]}},{"type":"Feature","properties":{"code":"2921450"},"geometry":{"type":"Polygon","coordinates":[[[-40.388,-14.266],[-40.408,-14.274],[-40.466,-14.265],[-40.471,-14.236],[-40.496,-14.203],[-40.576,-14.18],[-40.651,-14.14],[-40.679,-14.146],[-40.687,-14.119],[-40.869,-14.031],[-40.872,-13.999],[-40.889,-13.984],[-40.93,-13.983],[-40.946,-13.955],[-40.95,-13.906],[-40.96,-13.936],[-40.981,-13.944],[-40.978,-14.022],[-41.008,-14.047],[-41.001,-14.069],[-41.026,-14.095],[-41.015,-14.131],[-41.04,-14.159],[-41.004,-14.165],[-40.872,-14.216],[-40.818,-14.254],[-40.7,-14.299],[-40.678,-14.309],[-40.635,-14.299],[-40.541,-14.317],[-40.505,-14.338],[-40.441,-14.293],[-40.388,-14.266]]]}},{"type":"Feature","properties":{"code":"2913408"},"geometry":{"type":"Polygon","coordinates":[[[-42.8,-14.037],[-42.556,-13.946],[-42.511,-13.921],[-42.517,-13.905],[-42.553,-13.883],[-42.559,-13.856],[-42.587,-13.835],[-42.593,-13.807],[-42.619,-13.76],[-42.656,-13.73],[-42.664,-13.701],[-42.689,-13.68],[-42.705,-13.633],[-42.741,-13.631],[-42.771,-13.656],[-42.778,-13.698],[-42.773,-13.746],[-42.78,-13.898],[-42.808,-13.974],[-42.894,-13.945],[-42.918,-13.957],[-42.952,-13.957],[-42.918,-13.983],[-42.891,-13.992],[-42.859,-14.019],[-42.813,-14.019],[-42.8,-14.037]]]}},{"type":"Feature","properties":{"code":"2929701"},"geometry":{"type":"Polygon","coordinates":[[[-38.542,-11.755],[-38.435,-11.725],[-38.428,-11.651],[-38.442,-11.606],[-38.425,-11.593],[-38.425,-11.566],[-38.398,-11.557],[-38.427,-11.544],[-38.499,-11.491],[-38.556,-11.485],[-38.571,-11.464],[-38.664,-11.431],[-38.644,-11.41],[-38.774,-11.356],[-38.782,-11.365],[-38.674,-11.693],[-38.647,-11.691],[-38.542,-11.755]]]}},{"type":"Feature","properties":{"code":"2905206"},"geometry":{"type":"Polygon","coordinates":[[[-42.62,-14.296],[-42.567,-14.337],[-42.524,-14.41],[-42.504,-14.381],[-42.461,-14.352],[-42.431,-14.305],[-42.347,-14.195],[-42.352,-14.095],[-42.376,-13.99],[-42.361,-13.977],[-42.367,-13.944],[-42.337,-13.903],[-42.272,-13.888],[-42.221,-13.909],[-42.18,-13.867],[-42.152,-13.861],[-42.173,-13.846],[-42.214,-13.851],[-42.251,-13.802],[-42.335,-13.773],[-42.308,-13.748],[-42.221,-13.7],[-42.185,-13.695],[-42.137,-13.701],[-42.137,-13.685],[-42.179,-13.66],[-42.193,-13.668],[-42.257,-13.608],[-42.31,-13.603],[-42.358,-13.626],[-42.352,-13.691],[-42.387,-13.696],[-42.402,-13.675],[-42.455,-13.665],[-42.47,-13.675],[-42.518,-13.677],[-42.559,-13.653],[-42.577,-13.597],[-42.672,-13.627],[-42.7,-13.566],[-42.72,-13.563],[-42.724,-13.603],[-42.705,-13.633],[-42.689,-13.68],[-42.664,-13.701],[-42.656,-13.73],[-42.619,-13.76],[-42.593,-13.807],[-42.587,-13.835],[-42.559,-13.856],[-42.553,-13.883],[-42.517,-13.905],[-42.511,-13.921],[-42.556,-13.946],[-42.8,-14.037],[-42.783,-14.073],[-42.755,-14.091],[-42.689,-14.107],[-42.629,-14.14],[-42.602,-14.14],[-42.598,-14.175],[-42.581,-14.199],[-42.596,-14.273],[-42.62,-14.296]]]}},{"type":"Feature","properties":{"code":"2921500"},"geometry":{"type":"Polygon","coordinates":[[[-39.768,-10.539],[-39.645,-10.543],[-39.594,-10.554],[-39.554,-10.582],[-39.526,-10.571],[-39.468,-10.573],[-39.433,-10.619],[-39.368,-10.655],[-39.27,-10.678],[-39.272,-10.697],[-39.259,-10.678],[-39.221,-10.598],[-39.165,-10.573],[-39.156,-10.556],[-39.147,-10.484],[-39.156,-10.445],[-39.187,-10.423],[-39.143,-10.409],[-39.172,-10.329],[-39.168,-10.298],[-39.185,-10.256],[-39.228,-10.226],[-39.236,-10.194],[-39.267,-10.193],[-39.322,-10.197],[-39.371,-10.172],[-39.455,-10.172],[-39.526,-10.188],[-39.541,-10.149],[-39.564,-10.124],[-39.637,-10.121],[-39.654,-10.1],[-39.716,-10.067],[-39.734,-10.089],[-39.729,-10.116],[-39.737,-10.229],[-39.744,-10.243],[-39.717,-10.278],[-39.714,-10.319],[-39.739,-10.349],[-39.731,-10.41],[-39.752,-10.439],[-39.768,-10.539]]]}},{"type":"Feature","properties":{"code":"2913457"},"geometry":{"type":"Polygon","coordinates":[[[-39.355,-14.046],[-39.329,-13.942],[-39.297,-13.934],[-39.258,-13.942],[-39.217,-13.93],[-39.198,-13.911],[-39.144,-13.889],[-39.084,-13.892],[-39.07,-13.915],[-39.043,-13.918],[-38.968,-13.849],[-38.972,-13.842],[-39.014,-13.846],[-39.037,-13.832],[-39.071,-13.76],[-39.101,-13.749],[-39.125,-13.718],[-39.148,-13.768],[-39.182,-13.8],[-39.255,-13.814],[-39.261,-13.841],[-39.289,-13.844],[-39.318,-13.829],[-39.356,-13.836],[-39.383,-13.894],[-39.399,-13.909],[-39.376,-13.915],[-39.405,-13.99],[-39.404,-14.024],[-39.355,-14.046]]]}},{"type":"Feature","properties":{"code":"2929503"},"geometry":{"type":"Polygon","coordinates":[[[-38.393,-12.609],[-38.367,-12.59],[-38.387,-12.557],[-38.378,-12.539],[-38.367,-12.515],[-38.385,-12.483],[-38.337,-12.451],[-38.387,-12.431],[-38.409,-12.422],[-38.446,-12.432],[-38.459,-12.418],[-38.504,-12.424],[-38.526,-12.416],[-38.562,-12.422],[-38.611,-12.497],[-38.638,-12.477],[-38.644,-12.513],[-38.651,-12.554],[-38.621,-12.554],[-38.579,-12.632],[-38.561,-12.63],[-38.556,-12.621],[-38.49,-12.592],[-38.464,-12.608],[-38.393,-12.609]]]}},{"type":"Feature","properties":{"code":"2921302"},"geometry":{"type":"Polygon","coordinates":[[[-39.679,-12.887],[-39.713,-12.862],[-39.727,-12.877],[-39.834,-12.821],[-39.856,-12.796],[-39.894,-12.753],[-39.928,-12.817],[-39.9,-12.875],[-39.9,-12.934],[-39.878,-12.937],[-39.85,-12.964],[-39.801,-12.984],[-39.739,-13.01],[-39.711,-12.976],[-39.689,-13.0],[-39.672,-12.959],[-39.638,-12.93],[-39.666,-12.915],[-39.679,-12.887]]]}},{"type":"Feature","properties":{"code":"2929602"},"geometry":{"type":"Polygon","coordinates":[[[-39.232,-12.655],[-39.231,-12.674],[-39.262,-12.696],[-39.273,-12.744],[-39.226,-12.81],[-39.22,-12.787],[-39.192,-12.754],[-39.165,-12.759],[-39.145,-12.741],[-39.145,-12.72],[-39.212,-12.649],[-39.232,-12.655]]]}},{"type":"Feature","properties":{"code":"2921401"},"geometry":{"type":"Polygon","coordinates":[[[-40.482,-11.049],[-40.458,-10.958],[-40.49,-10.942],[-40.463,-10.868],[-40.45,-10.852],[-40.459,-10.822],[-40.445,-10.752],[-40.476,-10.764],[-40.478,-10.691],[-40.507,-10.713],[-40.549,-10.7],[-40.546,-10.662],[-40.596,-10.684],[-40.631,-10.669],[-40.747,-10.634],[-40.763,-10.592],[-40.879,-10.591],[-40.913,-10.608],[-40.935,-10.605],[-40.942,-10.602],[-41.111,-10.658],[-41.112,-10.676],[-41.079,-10.692],[-41.101,-10.713],[-41.006,-10.73],[-40.93,-10.775],[-40.89,-10.803],[-40.836,-10.792],[-40.81,-10.834],[-40.774,-10.854],[-40.759,-10.88],[-40.708,-10.917],[-40.688,-10.942],[-40.585,-10.99],[-40.548,-11.019],[-40.529,-11.015],[-40.482,-11.049]]]}},{"type":"Feature","properties":{"code":"2905602"},"geometry":{"type":"Polygon","coordinates":[[[-39.64,-15.294],[-39.625,-15.35],[-39.599,-15.357],[-39.577,-15.426],[-39.614,-15.47],[-39.6,-15.499],[-39.58,-15.501],[-39.571,-15.544],[-39.619,-15.553],[-39.59,-15.6],[-39.575,-15.595],[-39.525,-15.614],[-39.489,-15.557],[-39.446,-15.582],[-39.404,-15.558],[-39.434,-15.524],[-39.435,-15.488],[-39.42,-15.464],[-39.364,-15.472],[-39.38,-15.426],[-39.412,-15.422],[-39.428,-15.404],[-39.459,-15.409],[-39.46,-15.365],[-39.481,-15.342],[-39.485,-15.307],[-39.579,-15.288],[-39.594,-15.273],[-39.617,-15.27],[-39.64,-15.294]]]}},{"type":"Feature","properties":{"code":"2928901"},"geometry":{"type":"Polygon","coordinates":[[[-46.299,-13.064],[-46.329,-13.1],[-46.3,-13.128],[-46.306,-13.252],[-46.292,-13.317],[-46.175,-13.277],[-46.103,-13.258],[-46.068,-13.295],[-46.073,-13.311],[-46.136,-13.376],[-46.159,-13.381],[-46.192,-13.41],[-46.232,-13.419],[-46.209,-13.466],[-45.932,-13.296],[-45.827,-13.253],[-45.731,-13.235],[-45.688,-13.21],[-45.609,-13.185],[-45.556,-13.192],[-45.491,-13.164],[-45.445,-13.154],[-45.411,-13.168],[-45.368,-13.152],[-45.324,-13.15],[-45.269,-13.131],[-45.195,-13.124],[-45.129,-13.092],[-45.034,-13.061],[-44.992,-13.051],[-44.941,-13.026],[-44.877,-13.014],[-44.825,-12.995],[-44.787,-12.99],[-44.778,-13.011],[-44.722,-13.05],[-44.707,-13.083],[-44.703,-13.073],[-44.62,-13.014],[-44.62,-12.972],[-44.601,-12.96],[-44.569,-12.977],[-44.551,-12.943],[-44.61,-12.726],[-44.625,-12.572],[-44.673,-12.564],[-44.694,-12.53],[-44.716,-12.518],[-44.72,-12.476],[-44.741,-12.438],[-44.738,-12.409],[-44.781,-12.395],[-44.828,-12.395],[-44.927,-12.293],[-45.022,-12.32],[-45.043,-12.316],[-45.078,-12.335],[-45.125,-12.323],[-45.15,-12.333],[-45.168,-12.368],[-45.205,-12.384],[-45.227,-12.426],[-45.284,-12.422],[-45.349,-12.389],[-45.406,-12.37],[-45.487,-12.365],[-45.54,-12.391],[-45.578,-12.4],[-45.648,-12.393],[-45.719,-12.397],[-45.765,-12.411],[-45.841,-12.418],[-45.873,-12.43],[-45.91,-12.46],[-46.008,-12.491],[-46.1,-12.528],[-46.142,-12.531],[-46.155,-12.499],[-46.198,-12.504],[-46.225,-12.528],[-46.27,-12.551],[-46.276,-12.594],[-46.307,-12.637],[-46.268,-12.651],[-46.268,-12.666],[-46.303,-12.685],[-46.292,-12.708],[-46.268,-12.716],[-46.282,-12.764],[-46.31,-12.796],[-46.274,-12.816],[-46.275,-12.84],[-46.3,-12.857],[-46.291,-12.9],[-46.312,-12.91],[-46.308,-12.942],[-46.288,-12.952],[-46.265,-12.94],[-46.221,-12.95],[-46.167,-12.928],[-46.113,-12.918],[-46.125,-12.96],[-46.194,-12.997],[-46.276,-13.02],[-46.299,-13.064]]]}},{"type":"Feature","properties":{"code":"2920700"},"geometry":{"type":"Polygon","coordinates":[[[-39.444,-14.242],[-39.413,-14.236],[-39.323,-14.255],[-39.265,-14.291],[-39.223,-14.264],[-39.161,-14.275],[-39.119,-14.253],[-39.074,-14.246],[-39.028,-14.247],[-38.989,-14.217],[-38.976,-14.143],[-38.955,-14.077],[-38.943,-13.997],[-38.928,-13.94],[-38.929,-13.907],[-38.952,-13.872],[-38.986,-13.892],[-39.001,-13.936],[-38.986,-13.973],[-39.005,-14.032],[-38.986,-14.042],[-38.983,-14.074],[-39.021,-14.1],[-39.097,-14.111],[-39.143,-14.092],[-39.198,-14.104],[-39.285,-14.138],[-39.346,-14.148],[-39.372,-14.175],[-39.393,-14.176],[-39.444,-14.2],[-39.444,-14.242]]]}},{"type":"Feature","properties":{"code":"2913804"},"geometry":{"type":"Polygon","coordinates":[[[-39.431,-12.328],[-39.397,-12.349],[-39.394,-12.388],[-39.373,-12.436],[-39.361,-12.419],[-39.281,-12.393],[-39.264,-12.374],[-39.229,-12.386],[-39.242,-12.365],[-39.245,-12.324],[-39.237,-12.29],[-39.284,-12.216],[-39.293,-12.187],[-39.341,-12.197],[-39.408,-12.266],[-39.409,-12.292],[-39.432,-12.308],[-39.431,-12.328]]]}},{"type":"Feature","properties":{"code":"2928950"},"geometry":{"type":"Polygon","coordinates":[[[-39.489,-11.476],[-39.49,-11.44],[-39.564,-11.401],[-39.609,-11.346],[-39.699,-11.399],[-39.656,-11.431],[-39.654,-11.473],[-39.619,-11.505],[-39.536,-11.57],[-39.477,-11.485],[-39.489,-11.476]]]}},{"type":"Feature","properties":{"code":"2913705"},"geometry":{"type":"Polygon","coordinates":[[[-38.273,-11.963],[-38.191,-11.91],[-38.192,-11.887],[-38.295,-11.866],[-38.31,-11.839],[-38.282,-11.792],[-38.297,-11.77],[-38.277,-11.752],[-38.265,-11.71],[-38.302,-11.636],[-38.301,-11.626],[-38.338,-11.593],[-38.356,-11.59],[-38.398,-11.557],[-38.425,-11.566],[-38.425,-11.593],[-38.442,-11.606],[-38.428,-11.651],[-38.435,-11.725],[-38.542,-11.755],[-38.578,-11.801],[-38.579,-11.839],[-38.605,-11.905],[-38.597,-11.953],[-38.57,-11.961],[-38.521,-11.936],[-38.475,-11.949],[-38.44,-11.931],[-38.387,-11.932],[-38.374,-11.96],[-38.349,-11.969],[-38.309,-11.955],[-38.273,-11.963]]]}},{"type":"Feature","properties":{"code":"2905503"},"geometry":{"type":"Polygon","coordinates":[[[-39.99,-11.163],[-40.059,-11.095],[-40.09,-11.08],[-40.14,-11.018],[-40.186,-10.976],[-40.211,-10.966],[-40.248,-10.911],[-40.328,-10.967],[-40.348,-10.965],[-40.365,-11.017],[-40.389,-11.062],[-40.275,-11.095],[-40.237,-11.095],[-40.179,-11.106],[-40.106,-11.13],[-39.99,-11.163]]]}},{"type":"Feature","properties":{"code":"2928802"},"geometry":{"type":"Polygon","coordinates":[[[-39.319,-12.547],[-39.276,-12.537],[-39.227,-12.546],[-39.206,-12.513],[-39.127,-12.498],[-39.15,-12.479],[-39.162,-12.431],[-39.195,-12.387],[-39.229,-12.386],[-39.264,-12.374],[-39.281,-12.393],[-39.361,-12.419],[-39.373,-12.436],[-39.384,-12.515],[-39.364,-12.542],[-39.344,-12.53],[-39.319,-12.547]]]}},{"type":"Feature","properties":{"code":"2913002"},"geometry":{"type":"Polygon","coordinates":[[[-42.028,-12.658],[-42.03,-12.619],[-41.984,-12.601],[-42.007,-12.569],[-42.015,-12.505],[-42.07,-12.431],[-42.072,-12.415],[-42.104,-12.396],[-42.14,-12.401],[-42.195,-12.378],[-42.249,-12.39],[-42.254,-12.408],[-42.306,-12.404],[-42.353,-12.457],[-42.387,-12.482],[-42.443,-12.507],[-42.483,-12.54],[-42.533,-12.547],[-42.589,-12.51],[-42.639,-12.501],[-42.656,-12.519],[-42.63,-12.594],[-42.627,-12.627],[-42.574,-12.687],[-42.532,-12.691],[-42.517,-12.712],[-42.483,-12.712],[-42.449,-12.687],[-42.395,-12.697],[-42.369,-12.713],[-42.327,-12.715],[-42.297,-12.704],[-42.265,-12.727],[-42.205,-12.728],[-42.173,-12.719],[-42.096,-12.715],[-42.018,-12.72],[-42.028,-12.658]]]}},{"type":"Feature","properties":{"code":"2904803"},"geometry":{"type":"Polygon","coordinates":[[[-40.551,-15.037],[-40.525,-15.036],[-40.513,-15.056],[-40.466,-15.031],[-40.424,-15.038],[-40.417,-15.08],[-40.36,-15.104],[-40.33,-15.082],[-40.302,-15.088],[-40.264,-15.073],[-40.233,-15.031],[-40.182,-15.01],[-40.139,-15.024],[-40.139,-15.008],[-40.3,-14.96],[-40.294,-14.933],[-40.311,-14.902],[-40.364,-14.912],[-40.373,-14.875],[-40.409,-14.853],[-40.434,-14.919],[-40.501,-14.978],[-40.551,-15.037]]]}},{"type":"Feature","properties":{"code":"2920601"},"geometry":{"type":"Polygon","coordinates":[[[-39.026,-12.939],[-39.052,-12.838],[-38.998,-12.837],[-38.925,-12.915],[-38.914,-12.932],[-38.885,-12.947],[-38.845,-12.944],[-38.811,-12.918],[-38.82,-12.889],[-38.802,-12.838],[-38.819,-12.851],[-38.846,-12.839],[-38.863,-12.823],[-38.86,-12.796],[-38.885,-12.755],[-38.929,-12.725],[-38.938,-12.701],[-38.965,-12.695],[-39.008,-12.711],[-39.007,-12.729],[-39.045,-12.735],[-39.046,-12.793],[-39.068,-12.813],[-39.075,-12.852],[-39.026,-12.939]]]}},{"type":"Feature","properties":{"code":"2904902"},"geometry":{"type":"Polygon","coordinates":[[[-38.846,-12.839],[-38.835,-12.827],[-38.827,-12.764],[-38.836,-12.726],[-38.821,-12.719],[-38.817,-12.665],[-38.796,-12.649],[-38.823,-12.567],[-38.85,-12.563],[-38.881,-12.523],[-38.911,-12.518],[-38.962,-12.541],[-39.007,-12.569],[-38.996,-12.588],[-38.962,-12.61],[-38.942,-12.66],[-38.938,-12.701],[-38.929,-12.725],[-38.885,-12.755],[-38.86,-12.796],[-38.863,-12.823],[-38.846,-12.839]]]}},{"type":"Feature","properties":{"code":"2929107"},"geometry":{"type":"Polygon","coordinates":[[[-39.113,-12.969],[-39.116,-12.957],[-39.042,-12.951],[-39.026,-12.939],[-39.075,-12.852],[-39.068,-12.813],[-39.046,-12.793],[-39.045,-12.735],[-39.058,-12.73],[-39.145,-12.741],[-39.142,-12.765],[-39.118,-12.798],[-39.119,-12.817],[-39.15,-12.826],[-39.162,-12.849],[-39.131,-12.885],[-39.137,-12.906],[-39.12,-12.963],[-39.113,-12.969]]]}},{"type":"Feature","properties":{"code":"2920908"},"geometry":{"type":"Polygon","coordinates":[[[-39.501,-15.818],[-39.484,-15.839],[-39.456,-15.812],[-39.399,-15.794],[-39.387,-15.825],[-39.356,-15.85],[-39.318,-15.825],[-39.341,-15.75],[-39.368,-15.738],[-39.363,-15.709],[-39.325,-15.662],[-39.298,-15.643],[-39.262,-15.634],[-39.308,-15.612],[-39.278,-15.557],[-39.364,-15.486],[-39.364,-15.472],[-39.42,-15.464],[-39.435,-15.488],[-39.434,-15.524],[-39.404,-15.558],[-39.446,-15.582],[-39.489,-15.557],[-39.525,-15.614],[-39.544,-15.666],[-39.536,-15.681],[-39.537,-15.752],[-39.568,-15.773],[-39.563,-15.801],[-39.525,-15.818],[-39.501,-15.818]]]}},{"type":"Feature","properties":{"code":"2904852"},"geometry":{"type":"Polygon","coordinates":[[[-39.232,-12.655],[-39.212,-12.649],[-39.178,-12.63],[-39.179,-12.588],[-39.122,-12.556],[-39.058,-12.54],[-39.074,-12.502],[-39.089,-12.496],[-39.127,-12.498],[-39.206,-12.513],[-39.227,-12.546],[-39.276,-12.537],[-39.319,-12.547],[-39.293,-12.584],[-39.232,-12.655]]]}},{"type":"Feature","properties":{"code":"2929206"},"geometry":{"type":"Polygon","coordinates":[[[-38.535,-12.739],[-38.557,-12.699],[-38.55,-12.661],[-38.561,-12.63],[-38.579,-12.632],[-38.621,-12.554],[-38.651,-12.554],[-38.686,-12.557],[-38.697,-12.591],[-38.718,-12.615],[-38.718,-12.642],[-38.685,-12.685],[-38.687,-12.726],[-38.61,-12.726],[-38.588,-12.734],[-38.535,-12.739]]]}},{"type":"Feature","properties":{"code":"2904704"},"geometry":{"type":"Polygon","coordinates":[[[-39.294,-15.072],[-39.263,-15.079],[-39.249,-15.054],[-39.205,-15.047],[-39.163,-15.053],[-39.17,-15.023],[-39.201,-15.006],[-39.221,-14.947],[-39.211,-14.909],[-39.231,-14.935],[-39.328,-14.932],[-39.35,-14.965],[-39.367,-15.02],[-39.307,-15.021],[-39.279,-15.058],[-39.294,-15.072]]]}},{"type":"Feature","properties":{"code":"2921005"},"geometry":{"type":"Polygon","coordinates":[[[-38.378,-12.539],[-38.355,-12.536],[-38.346,-12.574],[-38.32,-12.577],[-38.279,-12.611],[-38.253,-12.6],[-38.251,-12.577],[-38.215,-12.567],[-38.224,-12.525],[-38.248,-12.498],[-38.194,-12.453],[-38.177,-12.488],[-38.123,-12.508],[-38.078,-12.469],[-38.068,-12.537],[-38.03,-12.597],[-38.002,-12.578],[-37.973,-12.521],[-37.893,-12.408],[-37.905,-12.386],[-37.944,-12.377],[-37.951,-12.403],[-37.987,-12.414],[-38.041,-12.462],[-38.076,-12.457],[-38.097,-12.434],[-38.109,-12.397],[-38.143,-12.372],[-38.178,-12.409],[-38.262,-12.417],[-38.288,-12.447],[-38.337,-12.451],[-38.385,-12.483],[-38.367,-12.515],[-38.378,-12.539]]]}},{"type":"Feature","properties":{"code":"2929008"},"geometry":{"type":"Polygon","coordinates":[[[-39.045,-12.735],[-39.007,-12.729],[-39.008,-12.711],[-38.965,-12.695],[-38.938,-12.701],[-38.942,-12.66],[-38.962,-12.61],[-38.996,-12.588],[-38.99,-12.595],[-38.971,-12.632],[-39.02,-12.636],[-39.044,-12.649],[-39.058,-12.73],[-39.045,-12.735]]]}},{"type":"Feature","properties":{"code":"2920809"},"geometry":{"type":"Polygon","coordinates":[[[-40.525,-13.183],[-40.511,-13.177],[-40.469,-13.113],[-40.416,-13.088],[-40.456,-13.016],[-40.472,-13.0],[-40.481,-12.942],[-40.505,-12.945],[-40.547,-12.991],[-40.576,-13.003],[-40.654,-13.001],[-40.701,-13.024],[-40.715,-13.017],[-40.751,-13.043],[-40.841,-13.139],[-40.92,-13.209],[-40.918,-13.23],[-40.886,-13.269],[-40.862,-13.318],[-40.835,-13.316],[-40.784,-13.367],[-40.746,-13.313],[-40.721,-13.265],[-40.72,-13.239],[-40.627,-13.183],[-40.585,-13.215],[-40.525,-13.183]]]}},{"type":"Feature","properties":{"code":"2904753"},"geometry":{"type":"Polygon","coordinates":[[[-43.901,-10.857],[-43.842,-10.85],[-43.785,-10.908],[-43.759,-10.909],[-43.549,-10.87],[-43.388,-10.858],[-43.395,-10.796],[-43.377,-10.718],[-43.382,-10.65],[-43.371,-10.613],[-43.381,-10.584],[-43.378,-10.403],[-43.389,-10.342],[-43.373,-10.284],[-43.385,-10.24],[-43.468,-10.235],[-43.507,-10.249],[-43.584,-10.248],[-43.596,-10.268],[-43.651,-10.306],[-43.665,-10.326],[-43.661,-10.374],[-43.726,-10.356],[-43.771,-10.393],[-43.916,-10.393],[-43.914,-10.418],[-43.937,-10.436],[-43.977,-10.431],[-43.99,-10.418],[-44.028,-10.412],[-44.036,-10.445],[-44.026,-10.476],[-44.051,-10.506],[-44.072,-10.58],[-44.083,-10.589],[-44.058,-10.622],[-43.997,-10.64],[-43.989,-10.669],[-43.941,-10.716],[-43.92,-10.778],[-43.918,-10.838],[-43.901,-10.857]]]}},{"type":"Feature","properties":{"code":"2912905"},"geometry":{"type":"Polygon","coordinates":[[[-39.653,-14.132],[-39.61,-14.114],[-39.606,-14.063],[-39.546,-13.96],[-39.52,-13.966],[-39.514,-13.933],[-39.529,-13.915],[-39.556,-13.905],[-39.621,-13.857],[-39.631,-13.869],[-39.68,-13.871],[-39.694,-13.892],[-39.689,-13.917],[-39.71,-13.942],[-39.701,-13.967],[-39.664,-14.007],[-39.677,-14.033],[-39.667,-14.057],[-39.666,-14.117],[-39.653,-14.132]]]}},{"type":"Feature","properties":{"code":"2929057"},"geometry":{"type":"Polygon","coordinates":[[[-44.029,-13.793],[-43.968,-13.835],[-43.949,-13.794],[-43.92,-13.804],[-43.902,-13.761],[-43.837,-13.746],[-43.814,-13.708],[-43.933,-13.656],[-43.879,-13.605],[-43.822,-13.489],[-43.896,-13.473],[-43.908,-13.431],[-43.893,-13.364],[-43.864,-13.304],[-43.857,-13.262],[-43.882,-13.303],[-43.911,-13.294],[-44.001,-13.314],[-44.027,-13.336],[-44.06,-13.344],[-44.073,-13.362],[-44.115,-13.37],[-44.15,-13.395],[-44.194,-13.394],[-44.202,-13.419],[-44.225,-13.428],[-44.266,-13.469],[-44.261,-13.51],[-44.25,-13.514],[-44.239,-13.589],[-44.188,-13.658],[-44.18,-13.684],[-44.144,-13.69],[-44.063,-13.758],[-44.029,-13.793]]]}},{"type":"Feature","properties":{"code":"2905156"},"geometry":{"type":"Polygon","coordinates":[[[-41.094,-14.442],[-40.707,-14.363],[-40.7,-14.299],[-40.818,-14.254],[-40.872,-14.216],[-41.004,-14.165],[-41.019,-14.188],[-41.007,-14.211],[-41.047,-14.229],[-41.046,-14.247],[-41.092,-14.287],[-41.091,-14.343],[-41.108,-14.367],[-41.075,-14.382],[-41.069,-14.404],[-41.094,-14.442]]]}},{"type":"Feature","properties":{"code":"2913309"},"geometry":{"type":"Polygon","coordinates":[[[-39.061,-11.77],[-39.093,-11.716],[-39.159,-11.646],[-39.152,-11.676],[-39.178,-11.685],[-39.209,-11.713],[-39.234,-11.762],[-39.253,-11.753],[-39.24,-11.774],[-39.218,-11.768],[-39.061,-11.77]]]}},{"type":"Feature","properties":{"code":"2905107"},"geometry":{"type":"Polygon","coordinates":[[[-40.482,-11.049],[-40.452,-11.19],[-40.412,-11.217],[-40.364,-11.212],[-40.345,-11.229],[-40.302,-11.203],[-40.208,-11.184],[-40.145,-11.182],[-40.065,-11.194],[-39.99,-11.163],[-40.106,-11.13],[-40.179,-11.106],[-40.237,-11.095],[-40.275,-11.095],[-40.389,-11.062],[-40.482,-11.049]]]}},{"type":"Feature","properties":{"code":"2928406"},"geometry":{"type":"Polygon","coordinates":[[[-44.496,-11.403],[-44.347,-11.224],[-44.272,-11.163],[-44.219,-11.087],[-44.223,-11.044],[-44.201,-10.998],[-44.162,-10.956],[-44.147,-10.923],[-44.149,-10.896],[-44.135,-10.829],[-44.108,-10.808],[-44.166,-10.643],[-44.218,-10.615],[-44.267,-10.623],[-44.315,-10.557],[-44.344,-10.55],[-44.392,-10.601],[-44.428,-10.612],[-44.452,-10.607],[-44.473,-10.635],[-44.501,-10.65],[-44.547,-10.63],[-44.578,-10.627],[-44.627,-10.676],[-44.669,-10.687],[-44.661,-10.73],[-44.667,-10.759],[-44.715,-10.762],[-44.788,-10.809],[-44.81,-10.847],[-44.808,-10.866],[-44.847,-10.901],[-44.864,-10.885],[-44.931,-10.929],[-44.945,-10.919],[-44.98,-10.969],[-44.97,-11.005],[-44.978,-11.035],[-44.959,-11.07],[-45.008,-11.122],[-44.983,-11.159],[-44.959,-11.215],[-44.959,-11.312],[-44.991,-11.347],[-44.993,-11.362],[-44.983,-11.383],[-44.944,-11.341],[-44.909,-11.354],[-44.873,-11.346],[-44.839,-11.385],[-44.819,-11.384],[-44.793,-11.417],[-44.771,-11.422],[-44.713,-11.397],[-44.685,-11.408],[-44.609,-11.409],[-44.555,-11.403],[-44.531,-11.419],[-44.496,-11.403]]]}},{"type":"Feature","properties":{"code":"2913101"},"geometry":{"type":"Polygon","coordinates":[[[-41.911,-11.76],[-41.886,-11.745],[-41.861,-11.71],[-41.813,-11.682],[-41.773,-11.682],[-41.787,-11.625],[-41.873,-11.493],[-41.922,-11.448],[-41.941,-11.415],[-41.943,-11.381],[-41.978,-11.428],[-42.008,-11.457],[-42.036,-11.518],[-42.044,-11.552],[-42.044,-11.571],[-41.978,-11.625],[-41.929,-11.673],[-41.923,-11.739],[-41.911,-11.76]]]}},{"type":"Feature","properties":{"code":"2920205"},"geometry":{"type":"Polygon","coordinates":[[[-43.712,-14.716],[-43.691,-14.716],[-43.658,-14.675],[-43.632,-14.572],[-43.673,-14.539],[-43.672,-14.495],[-43.697,-14.422],[-43.716,-14.402],[-43.697,-14.349],[-43.596,-14.286],[-43.575,-14.284],[-43.579,-14.238],[-43.57,-14.182],[-43.481,-14.177],[-43.456,-14.166],[-43.488,-14.091],[-43.443,-13.893],[-43.44,-13.876],[-43.482,-13.851],[-43.49,-13.828],[-43.538,-13.774],[-43.505,-13.743],[-43.484,-13.658],[-43.459,-13.597],[-43.45,-13.542],[-43.471,-13.569],[-43.51,-13.576],[-43.557,-13.645],[-43.548,-13.712],[-43.559,-13.737],[-43.593,-13.763],[-43.587,-13.806],[-43.614,-13.838],[-43.614,-13.895],[-43.627,-13.96],[-43.653,-14.003],[-43.657,-14.047],[-43.671,-14.091],[-43.697,-14.21],[-43.783,-14.339],[-43.818,-14.388],[-43.832,-14.443],[-43.87,-14.513],[-43.881,-14.562],[-43.875,-14.637],[-43.883,-14.652],[-43.847,-14.672],[-43.755,-14.701],[-43.726,-14.698],[-43.712,-14.716]]]}},{"type":"Feature","properties":{"code":"2913200"},"geometry":{"type":"Polygon","coordinates":[[[-42.972,-12.332],[-42.964,-12.269],[-42.991,-12.194],[-43.064,-12.14],[-43.059,-12.095],[-43.115,-12.046],[-43.137,-12.02],[-43.14,-11.973],[-43.171,-11.937],[-43.165,-11.9],[-43.186,-11.89],[-43.196,-11.806],[-43.227,-11.782],[-43.245,-11.705],[-43.226,-11.677],[-43.276,-11.636],[-43.292,-11.591],[-43.284,-11.561],[-43.304,-11.582],[-43.353,-11.589],[-43.379,-11.628],[-43.382,-11.689],[-43.348,-11.736],[-43.349,-11.798],[-43.323,-11.835],[-43.315,-11.875],[-43.353,-11.904],[-43.359,-11.963],[-43.349,-12.016],[-43.299,-12.056],[-43.282,-12.136],[-43.233,-12.171],[-43.226,-12.192],[-43.263,-12.221],[-43.282,-12.269],[-43.286,-12.331],[-43.253,-12.381],[-43.204,-12.353],[-43.12,-12.328],[-43.087,-12.312],[-43.063,-12.348],[-43.036,-12.331],[-42.972,-12.332]]]}},{"type":"Feature","properties":{"code":"2905008"},"geometry":{"type":"Polygon","coordinates":[[[-42.337,-14.62],[-42.313,-14.631],[-42.269,-14.631],[-42.248,-14.609],[-42.216,-14.599],[-42.195,-14.607],[-42.157,-14.597],[-42.155,-14.526],[-42.178,-14.514],[-42.151,-14.489],[-42.173,-14.408],[-42.231,-14.378],[-42.357,-14.377],[-42.376,-14.392],[-42.433,-14.355],[-42.461,-14.352],[-42.504,-14.381],[-42.524,-14.41],[-42.502,-14.4],[-42.447,-14.418],[-42.393,-14.426],[-42.354,-14.467],[-42.334,-14.543],[-42.351,-14.563],[-42.331,-14.596],[-42.337,-14.62]]]}},{"type":"Feature","properties":{"code":"2928208"},"geometry":{"type":"Polygon","coordinates":[[[-44.001,-13.314],[-43.911,-13.294],[-43.882,-13.303],[-43.857,-13.262],[-43.804,-13.22],[-43.772,-13.219],[-43.732,-13.192],[-43.706,-13.188],[-43.678,-13.169],[-43.64,-13.185],[-43.647,-13.137],[-43.682,-13.116],[-43.686,-12.933],[-43.831,-12.986],[-43.878,-12.967],[-43.913,-12.907],[-44.003,-12.853],[-44.066,-12.875],[-44.123,-12.847],[-44.171,-12.852],[-44.182,-12.877],[-44.238,-12.886],[-44.241,-12.953],[-44.256,-12.981],[-44.211,-12.97],[-44.202,-12.989],[-44.131,-13.038],[-44.112,-13.041],[-44.098,-13.075],[-44.106,-13.229],[-44.076,-13.213],[-44.042,-13.222],[-43.993,-13.254],[-44.007,-13.295],[-44.001,-13.314]]]}},{"type":"Feature","properties":{"code":"2920007"},"geometry":{"type":"Polygon","coordinates":[[[-40.45,-15.762],[-40.425,-15.806],[-40.378,-15.818],[-40.294,-15.817],[-40.236,-15.803],[-40.233,-15.757],[-40.199,-15.759],[-40.185,-15.685],[-40.169,-15.651],[-40.17,-15.619],[-40.134,-15.597],[-40.136,-15.513],[-40.171,-15.544],[-40.202,-15.544],[-40.235,-15.525],[-40.251,-15.482],[-40.27,-15.514],[-40.285,-15.597],[-40.315,-15.61],[-40.346,-15.653],[-40.355,-15.702],[-40.374,-15.758],[-40.419,-15.776],[-40.45,-15.762]]]}},{"type":"Feature","properties":{"code":"2928307"},"geometry":{"type":"Polygon","coordinates":[[[-38.842,-12.103],[-38.806,-12.023],[-38.808,-11.976],[-38.825,-11.948],[-38.869,-11.816],[-38.915,-11.9],[-38.898,-11.978],[-38.904,-12.028],[-38.875,-12.097],[-38.842,-12.103]]]}},{"type":"Feature","properties":{"code":"2912509"},"geometry":{"type":"Polygon","coordinates":[[[-42.381,-13.048],[-42.355,-13.034],[-42.287,-13.031],[-42.248,-12.977],[-42.212,-12.983],[-42.202,-12.965],[-42.168,-12.96],[-42.21,-12.916],[-42.265,-12.727],[-42.297,-12.704],[-42.327,-12.715],[-42.369,-12.713],[-42.395,-12.697],[-42.449,-12.687],[-42.483,-12.712],[-42.517,-12.712],[-42.501,-12.761],[-42.53,-12.823],[-42.5,-12.868],[-42.458,-12.94],[-42.427,-12.966],[-42.414,-13.026],[-42.381,-13.048]]]}},{"type":"Feature","properties":{"code":"2904308"},"geometry":{"type":"Polygon","coordinates":[[[-39.831,-13.206],[-39.839,-13.19],[-39.742,-13.179],[-39.758,-13.131],[-39.703,-13.112],[-39.71,-13.097],[-39.767,-13.048],[-39.801,-12.984],[-39.85,-12.964],[-39.878,-12.937],[-39.9,-12.934],[-39.954,-12.996],[-39.968,-13.039],[-39.957,-13.06],[-39.963,-13.095],[-39.923,-13.162],[-39.869,-13.18],[-39.831,-13.206]]]}},{"type":"Feature","properties":{"code":"2920106"},"geometry":{"type":"Polygon","coordinates":[[[-40.038,-11.85],[-40.016,-11.829],[-40.019,-11.806],[-39.971,-11.755],[-39.909,-11.721],[-39.92,-11.687],[-39.936,-11.697],[-40.039,-11.697],[-40.07,-11.663],[-40.138,-11.643],[-40.177,-11.643],[-40.231,-11.605],[-40.371,-11.616],[-40.358,-11.743],[-40.369,-11.759],[-40.357,-11.83],[-40.315,-11.823],[-40.297,-11.81],[-40.193,-11.828],[-40.162,-11.849],[-40.038,-11.85]]]}},{"type":"Feature","properties":{"code":"2920452"},"geometry":{"type":"Polygon","coordinates":[[[-44.496,-11.403],[-44.437,-11.388],[-44.417,-11.364],[-44.381,-11.415],[-44.377,-11.442],[-44.353,-11.444],[-44.332,-11.483],[-44.266,-11.479],[-44.252,-11.462],[-44.215,-11.469],[-44.122,-11.439],[-44.121,-11.419],[-44.08,-11.421],[-44.069,-11.44],[-44.005,-11.412],[-43.975,-11.375],[-43.955,-11.377],[-43.879,-11.354],[-43.837,-11.353],[-43.83,-11.349],[-43.862,-11.281],[-43.908,-11.124],[-43.926,-11.082],[-43.96,-11.051],[-44.0,-10.998],[-44.025,-10.956],[-44.017,-10.941],[-43.957,-10.928],[-43.923,-10.897],[-43.901,-10.857],[-43.918,-10.838],[-43.92,-10.778],[-43.941,-10.716],[-43.989,-10.669],[-43.997,-10.64],[-44.058,-10.622],[-44.083,-10.589],[-44.111,-10.597],[-44.139,-10.64],[-44.166,-10.643],[-44.108,-10.808],[-44.135,-10.829],[-44.149,-10.896],[-44.147,-10.923],[-44.162,-10.956],[-44.201,-10.998],[-44.223,-11.044],[-44.219,-11.087],[-44.272,-11.163],[-44.347,-11.224],[-44.496,-11.403]]]}},{"type":"Feature","properties":{"code":"2928604"},"geometry":{"type":"Polygon","coordinates":[[[-38.821,-12.719],[-38.781,-12.727],[-38.767,-12.716],[-38.687,-12.726],[-38.685,-12.685],[-38.718,-12.642],[-38.718,-12.615],[-38.697,-12.591],[-38.686,-12.557],[-38.651,-12.554],[-38.644,-12.513],[-38.656,-12.484],[-38.721,-12.481],[-38.742,-12.473],[-38.773,-12.431],[-38.789,-12.422],[-38.814,-12.38],[-38.795,-12.37],[-38.834,-12.368],[-38.838,-12.409],[-38.852,-12.484],[-38.838,-12.514],[-38.877,-12.511],[-38.881,-12.523],[-38.85,-12.563],[-38.823,-12.567],[-38.796,-12.649],[-38.817,-12.665],[-38.821,-12.719]]]}},{"type":"Feature","properties":{"code":"2920403"},"geometry":{"type":"Polygon","coordinates":[[[-40.388,-14.266],[-40.38,-14.3],[-40.298,-14.276],[-40.196,-14.239],[-40.181,-14.224],[-40.189,-14.201],[-40.175,-14.135],[-40.211,-14.126],[-40.221,-14.096],[-40.205,-14.054],[-40.232,-14.031],[-40.247,-14.042],[-40.319,-14.006],[-40.349,-14.033],[-40.51,-13.95],[-40.517,-13.941],[-40.505,-13.887],[-40.535,-13.866],[-40.576,-13.872],[-40.656,-13.839],[-40.678,-13.85],[-40.715,-13.841],[-40.79,-13.834],[-40.856,-13.85],[-40.879,-13.844],[-40.906,-13.886],[-40.921,-13.891],[-40.95,-13.906],[-40.946,-13.955],[-40.93,-13.983],[-40.889,-13.984],[-40.872,-13.999],[-40.869,-14.031],[-40.687,-14.119],[-40.679,-14.146],[-40.651,-14.14],[-40.576,-14.18],[-40.496,-14.203],[-40.471,-14.236],[-40.466,-14.265],[-40.408,-14.274],[-40.388,-14.266]]]}},{"type":"Feature","properties":{"code":"2928703"},"geometry":{"type":"Polygon","coordinates":[[[-39.256,-13.07],[-39.246,-13.095],[-39.202,-13.078],[-39.175,-13.082],[-39.153,-13.041],[-39.146,-13.001],[-39.113,-12.969],[-39.12,-12.963],[-39.155,-12.966],[-39.18,-12.947],[-39.224,-12.94],[-39.279,-12.952],[-39.317,-12.948],[-39.326,-12.977],[-39.313,-12.996],[-39.32,-13.043],[-39.285,-13.059],[-39.256,-13.07]]]}},{"type":"Feature","properties":{"code":"2920502"},"geometry":{"type":"Polygon","coordinates":[[[-40.505,-13.887],[-40.44,-13.865],[-40.519,-13.789],[-40.538,-13.729],[-40.499,-13.716],[-40.474,-13.678],[-40.5,-13.653],[-40.447,-13.631],[-40.428,-13.632],[-40.44,-13.584],[-40.403,-13.574],[-40.36,-13.509],[-40.332,-13.487],[-40.298,-13.415],[-40.29,-13.356],[-40.278,-13.346],[-40.406,-13.29],[-40.525,-13.183],[-40.585,-13.215],[-40.627,-13.183],[-40.72,-13.239],[-40.721,-13.265],[-40.746,-13.313],[-40.784,-13.367],[-40.754,-13.414],[-40.727,-13.432],[-40.737,-13.465],[-40.697,-13.508],[-40.684,-13.581],[-40.704,-13.635],[-40.707,-13.681],[-40.725,-13.692],[-40.714,-13.76],[-40.701,-13.801],[-40.656,-13.839],[-40.576,-13.872],[-40.535,-13.866],[-40.505,-13.887]]]}},{"type":"Feature","properties":{"code":"2928505"},"geometry":{"type":"Polygon","coordinates":[[[-39.476,-12.854],[-39.503,-12.813],[-39.497,-12.74],[-39.467,-12.699],[-39.435,-12.676],[-39.44,-12.615],[-39.539,-12.579],[-39.547,-12.56],[-39.577,-12.55],[-39.606,-12.576],[-39.635,-12.583],[-39.671,-12.635],[-39.651,-12.668],[-39.66,-12.693],[-39.647,-12.729],[-39.674,-12.755],[-39.679,-12.887],[-39.666,-12.915],[-39.638,-12.93],[-39.623,-12.913],[-39.533,-12.883],[-39.476,-12.854]]]}},{"type":"Feature","properties":{"code":"2920304"},"geometry":{"type":"Polygon","coordinates":[[[-41.694,-14.476],[-41.721,-14.446],[-41.764,-14.256],[-41.799,-14.261],[-41.845,-14.253],[-41.923,-14.228],[-41.968,-14.234],[-41.98,-14.287],[-41.967,-14.293],[-41.951,-14.372],[-41.932,-14.419],[-41.836,-14.465],[-41.793,-14.468],[-41.694,-14.476]]]}},{"type":"Feature","properties":{"code":"2912400"},"geometry":{"type":"Polygon","coordinates":[[[-41.971,-11.802],[-41.944,-11.806],[-41.911,-11.76],[-41.923,-11.739],[-41.929,-11.673],[-41.978,-11.625],[-42.044,-11.571],[-42.044,-11.552],[-42.067,-11.588],[-42.086,-11.542],[-42.12,-11.519],[-42.126,-11.494],[-42.164,-11.48],[-42.16,-11.405],[-42.176,-11.397],[-42.181,-11.346],[-42.209,-11.323],[-42.24,-11.261],[-42.326,-11.29],[-42.3,-11.346],[-42.3,-11.404],[-42.336,-11.456],[-42.362,-11.481],[-42.33,-11.571],[-42.354,-11.633],[-42.36,-11.714],[-42.136,-11.741],[-42.037,-11.728],[-41.989,-11.743],[-41.967,-11.762],[-41.971,-11.802]]]}},{"type":"Feature","properties":{"code":"2904209"},"geometry":{"type":"Polygon","coordinates":[[[-42.406,-13.402],[-42.409,-13.348],[-42.434,-13.286],[-42.42,-13.275],[-42.444,-13.233],[-42.444,-13.185],[-42.502,-13.183],[-42.523,-13.22],[-42.61,-13.229],[-42.608,-13.247],[-42.682,-13.269],[-42.68,-13.326],[-42.653,-13.335],[-42.676,-13.378],[-42.626,-13.405],[-42.583,-13.44],[-42.559,-13.435],[-42.549,-13.46],[-42.463,-13.44],[-42.406,-13.402]]]}},{"type":"Feature","properties":{"code":"2912806"},"geometry":{"type":"Polygon","coordinates":[[[-40.221,-17.738],[-40.2,-17.736],[-40.179,-17.769],[-40.122,-17.788],[-40.068,-17.849],[-40.033,-17.851],[-39.992,-17.829],[-39.889,-17.849],[-39.858,-17.826],[-39.825,-17.827],[-39.777,-17.809],[-39.736,-17.777],[-39.712,-17.774],[-39.759,-17.749],[-39.806,-17.744],[-39.856,-17.764],[-39.891,-17.716],[-39.901,-17.688],[-39.931,-17.671],[-40.015,-17.655],[-40.031,-17.629],[-40.12,-17.64],[-40.161,-17.625],[-40.2,-17.636],[-40.224,-17.682],[-40.218,-17.712],[-40.24,-17.735],[-40.221,-17.738]]]}},{"type":"Feature","properties":{"code":"2904605"},"geometry":{"type":"Polygon","coordinates":[[[-41.638,-14.509],[-41.551,-14.489],[-41.569,-14.387],[-41.561,-14.359],[-41.571,-14.305],[-41.532,-14.219],[-41.531,-14.198],[-41.493,-14.148],[-41.402,-14.102],[-41.381,-14.102],[-41.318,-14.085],[-41.377,-14.045],[-41.418,-14.03],[-41.464,-14.0],[-41.48,-13.94],[-41.494,-13.916],[-41.559,-13.944],[-41.66,-14.001],[-41.718,-13.977],[-41.768,-13.983],[-41.785,-13.993],[-41.83,-13.974],[-41.846,-13.985],[-41.9,-14.054],[-41.947,-14.053],[-41.981,-14.071],[-42.014,-14.071],[-42.065,-14.055],[-42.087,-14.057],[-42.016,-14.119],[-41.994,-14.167],[-41.98,-14.226],[-41.968,-14.234],[-41.923,-14.228],[-41.845,-14.253],[-41.799,-14.261],[-41.764,-14.256],[-41.721,-14.446],[-41.694,-14.476],[-41.655,-14.49],[-41.638,-14.509]]]}},{"type":"Feature","properties":{"code":"2927903"},"geometry":{"type":"Polygon","coordinates":[[[-39.747,-13.375],[-39.729,-13.316],[-39.757,-13.271],[-39.76,-13.249],[-39.8,-13.236],[-39.831,-13.206],[-39.869,-13.18],[-39.923,-13.162],[-39.946,-13.166],[-39.935,-13.2],[-39.944,-13.215],[-39.914,-13.259],[-39.934,-13.292],[-39.976,-13.315],[-39.952,-13.326],[-39.877,-13.391],[-39.813,-13.337],[-39.779,-13.375],[-39.747,-13.375]]]}},{"type":"Feature","properties":{"code":"2912608"},"geometry":{"type":"Polygon","coordinates":[[[-41.007,-12.621],[-40.983,-12.701],[-40.982,-12.737],[-40.967,-12.793],[-40.957,-12.772],[-40.921,-12.741],[-40.894,-12.738],[-40.875,-12.758],[-40.851,-12.749],[-40.844,-12.718],[-40.778,-12.685],[-40.756,-12.653],[-40.78,-12.585],[-40.78,-12.507],[-40.791,-12.473],[-40.781,-12.451],[-40.95,-12.469],[-40.981,-12.46],[-40.964,-12.493],[-40.977,-12.517],[-40.978,-12.566],[-41.007,-12.621]]]}},{"type":"Feature","properties":{"code":"2919702"},"geometry":{"type":"Polygon","coordinates":[[[-40.45,-15.762],[-40.419,-15.776],[-40.374,-15.758],[-40.355,-15.702],[-40.346,-15.653],[-40.315,-15.61],[-40.285,-15.597],[-40.27,-15.514],[-40.251,-15.482],[-40.235,-15.525],[-40.202,-15.544],[-40.171,-15.544],[-40.136,-15.513],[-40.189,-15.474],[-40.196,-15.451],[-40.165,-15.409],[-40.201,-15.424],[-40.271,-15.41],[-40.314,-15.426],[-40.315,-15.403],[-40.35,-15.376],[-40.373,-15.321],[-40.371,-15.277],[-40.434,-15.317],[-40.471,-15.301],[-40.501,-15.416],[-40.481,-15.605],[-40.492,-15.646],[-40.512,-15.677],[-40.52,-15.687],[-40.585,-15.698],[-40.636,-15.696],[-40.701,-15.667],[-40.681,-15.7],[-40.645,-15.729],[-40.626,-15.718],[-40.579,-15.773],[-40.561,-15.804],[-40.52,-15.798],[-40.506,-15.767],[-40.484,-15.776],[-40.45,-15.762]]]}},{"type":"Feature","properties":{"code":"2904407"},"geometry":{"type":"Polygon","coordinates":[[[-43.958,-12.238],[-43.956,-12.267],[-43.988,-12.297],[-43.987,-12.335],[-44.004,-12.348],[-44.02,-12.408],[-44.071,-12.471],[-44.111,-12.48],[-44.074,-12.544],[-44.083,-12.645],[-44.068,-12.697],[-44.016,-12.695],[-43.979,-12.676],[-43.955,-12.682],[-43.945,-12.705],[-43.831,-12.687],[-43.536,-12.637],[-43.444,-12.551],[-43.553,-12.507],[-43.679,-12.389],[-43.707,-12.371],[-43.685,-12.319],[-43.711,-12.322],[-43.737,-12.284],[-43.767,-12.281],[-43.782,-12.258],[-43.852,-12.242],[-43.913,-12.256],[-43.929,-12.243],[-43.958,-12.238]]]}},{"type":"Feature","properties":{"code":"2912707"},"geometry":{"type":"Polygon","coordinates":[[[-39.514,-13.933],[-39.488,-13.935],[-39.48,-13.981],[-39.488,-14.055],[-39.499,-14.084],[-39.487,-14.119],[-39.516,-14.221],[-39.496,-14.238],[-39.462,-14.229],[-39.444,-14.242],[-39.444,-14.2],[-39.393,-14.176],[-39.372,-14.175],[-39.346,-14.148],[-39.333,-14.101],[-39.355,-14.046],[-39.404,-14.024],[-39.405,-13.99],[-39.376,-13.915],[-39.399,-13.909],[-39.448,-13.892],[-39.488,-13.881],[-39.503,-13.905],[-39.529,-13.915],[-39.514,-13.933]]]}},{"type":"Feature","properties":{"code":"2919553"},"geometry":{"type":"Polygon","coordinates":[[[-46.371,-12.1],[-46.372,-12.123],[-46.392,-12.171],[-46.381,-12.181],[-46.37,-12.232],[-46.388,-12.249],[-46.349,-12.299],[-46.37,-12.348],[-46.345,-12.366],[-46.3,-12.364],[-46.297,-12.381],[-46.323,-12.406],[-46.27,-12.432],[-46.28,-12.454],[-46.261,-12.474],[-46.266,-12.499],[-46.198,-12.504],[-46.155,-12.499],[-46.142,-12.531],[-46.1,-12.528],[-46.008,-12.491],[-45.91,-12.46],[-45.873,-12.43],[-45.841,-12.418],[-45.765,-12.411],[-45.661,-11.914],[-45.767,-11.869],[-45.793,-11.869],[-45.823,-11.887],[-45.847,-11.877],[-45.89,-11.881],[-45.946,-11.864],[-45.991,-11.919],[-46.078,-11.976],[-46.106,-11.999],[-46.146,-12.015],[-46.148,-12.033],[-46.389,-12.049],[-46.388,-12.076],[-46.371,-12.1]]]}},{"type":"Feature","properties":{"code":"2904506"},"geometry":{"type":"Polygon","coordinates":[[[-42.089,-12.291],[-42.088,-12.228],[-42.094,-12.178],[-42.245,-11.948],[-42.461,-11.966],[-42.584,-11.909],[-42.669,-11.867],[-42.7,-11.876],[-42.772,-11.809],[-42.748,-11.731],[-42.784,-11.745],[-42.861,-11.794],[-42.813,-11.941],[-42.798,-11.962],[-42.757,-11.985],[-42.777,-12.034],[-42.731,-12.1],[-42.709,-12.108],[-42.669,-12.062],[-42.629,-12.08],[-42.615,-12.162],[-42.574,-12.171],[-42.578,-12.196],[-42.561,-12.258],[-42.378,-12.234],[-42.372,-12.278],[-42.356,-12.309],[-42.333,-12.384],[-42.338,-12.41],[-42.362,-12.42],[-42.353,-12.457],[-42.306,-12.404],[-42.254,-12.408],[-42.249,-12.39],[-42.27,-12.311],[-42.124,-12.278],[-42.114,-12.306],[-42.089,-12.291]]]}},{"type":"Feature","properties":{"code":"2927705"},"geometry":{"type":"Polygon","coordinates":[[[-39.009,-16.346],[-39.022,-16.285],[-39.011,-16.246],[-38.972,-16.199],[-38.948,-16.156],[-38.956,-16.136],[-38.948,-16.092],[-39.151,-16.052],[-39.163,-16.066],[-39.23,-16.091],[-39.279,-16.132],[-39.303,-16.111],[-39.369,-16.124],[-39.403,-16.098],[-39.421,-16.233],[-39.392,-16.265],[-39.396,-16.282],[-39.439,-16.283],[-39.442,-16.327],[-39.457,-16.392],[-39.331,-16.386],[-39.307,-16.373],[-39.241,-16.374],[-39.195,-16.395],[-39.114,-16.362],[-39.009,-16.346]]]}},{"type":"Feature","properties":{"code":"2919504"},"geometry":{"type":"Polygon","coordinates":[[[-42.152,-13.861],[-42.152,-13.928],[-42.135,-13.976],[-42.087,-14.057],[-42.065,-14.055],[-42.014,-14.071],[-41.981,-14.071],[-41.947,-14.053],[-41.9,-14.054],[-41.846,-13.985],[-41.83,-13.974],[-41.785,-13.993],[-41.768,-13.983],[-41.8,-13.925],[-41.824,-13.903],[-41.812,-13.87],[-41.843,-13.869],[-41.864,-13.826],[-41.824,-13.755],[-41.799,-13.761],[-41.776,-13.724],[-41.751,-13.702],[-41.749,-13.661],[-41.802,-13.632],[-41.86,-13.572],[-41.907,-13.548],[-41.929,-13.553],[-41.968,-13.527],[-42.001,-13.54],[-42.022,-13.563],[-42.019,-13.624],[-42.049,-13.639],[-42.07,-13.715],[-42.115,-13.725],[-42.156,-13.725],[-42.185,-13.695],[-42.221,-13.7],[-42.308,-13.748],[-42.335,-13.773],[-42.251,-13.802],[-42.214,-13.851],[-42.173,-13.846],[-42.152,-13.861]]]}},{"type":"Feature","properties":{"code":"2927804"},"geometry":{"type":"Polygon","coordinates":[[[-39.875,-14.818],[-39.882,-14.866],[-39.863,-14.978],[-39.885,-15.013],[-39.831,-14.998],[-39.812,-14.971],[-39.767,-14.991],[-39.688,-14.972],[-39.689,-14.953],[-39.725,-14.966],[-39.728,-14.933],[-39.751,-14.909],[-39.797,-14.884],[-39.801,-14.831],[-39.784,-14.805],[-39.779,-14.742],[-39.822,-14.748],[-39.831,-14.775],[-39.862,-14.786],[-39.875,-14.818]]]}},{"type":"Feature","properties":{"code":"2912004"},"geometry":{"type":"Polygon","coordinates":[[[-42.231,-14.378],[-42.194,-14.375],[-42.206,-14.336],[-42.186,-14.261],[-42.172,-14.246],[-42.215,-14.203],[-42.229,-14.199],[-42.303,-14.175],[-42.347,-14.195],[-42.431,-14.305],[-42.461,-14.352],[-42.433,-14.355],[-42.376,-14.392],[-42.357,-14.377],[-42.231,-14.378]]]}},{"type":"Feature","properties":{"code":"2919603"},"geometry":{"type":"Polygon","coordinates":[[[-40.038,-12.153],[-40.05,-12.125],[-40.08,-12.108],[-40.223,-12.097],[-40.23,-12.075],[-40.266,-12.06],[-40.276,-12.04],[-40.334,-11.977],[-40.385,-12.028],[-40.455,-12.038],[-40.463,-12.069],[-40.444,-12.095],[-40.456,-12.111],[-40.424,-12.131],[-40.403,-12.166],[-40.357,-12.195],[-40.341,-12.19],[-40.285,-12.216],[-40.178,-12.226],[-40.141,-12.247],[-40.09,-12.203],[-40.05,-12.196],[-40.038,-12.153]]]}},{"type":"Feature","properties":{"code":"2903805"},"geometry":{"type":"Polygon","coordinates":[[[-40.751,-13.043],[-40.715,-13.017],[-40.701,-13.024],[-40.654,-13.001],[-40.576,-13.003],[-40.547,-12.991],[-40.505,-12.945],[-40.481,-12.942],[-40.464,-12.95],[-40.425,-12.921],[-40.421,-12.887],[-40.403,-12.882],[-40.359,-12.792],[-40.426,-12.667],[-40.42,-12.64],[-40.451,-12.616],[-40.466,-12.581],[-40.459,-12.558],[-40.471,-12.509],[-40.494,-12.51],[-40.575,-12.438],[-40.598,-12.453],[-40.687,-12.448],[-40.714,-12.445],[-40.781,-12.451],[-40.791,-12.473],[-40.78,-12.507],[-40.78,-12.585],[-40.756,-12.653],[-40.778,-12.685],[-40.844,-12.718],[-40.851,-12.749],[-40.875,-12.758],[-40.894,-12.738],[-40.921,-12.741],[-40.957,-12.772],[-40.967,-12.793],[-41.02,-12.915],[-40.99,-12.912],[-40.985,-12.977],[-40.959,-12.977],[-40.96,-13.009],[-40.945,-13.038],[-40.914,-13.028],[-40.888,-13.006],[-40.837,-13.015],[-40.786,-13.044],[-40.751,-13.043]]]}},{"type":"Feature","properties":{"code":"2928109"},"geometry":{"type":"Polygon","coordinates":[[[-44.225,-13.428],[-44.202,-13.419],[-44.194,-13.394],[-44.15,-13.395],[-44.115,-13.37],[-44.073,-13.362],[-44.06,-13.344],[-44.027,-13.336],[-44.001,-13.314],[-44.007,-13.295],[-43.993,-13.254],[-44.042,-13.222],[-44.076,-13.213],[-44.106,-13.229],[-44.152,-13.196],[-44.201,-13.202],[-44.239,-13.195],[-44.286,-13.129],[-44.342,-13.118],[-44.551,-12.943],[-44.569,-12.977],[-44.601,-12.96],[-44.62,-12.972],[-44.62,-13.014],[-44.703,-13.073],[-44.707,-13.083],[-44.695,-13.113],[-44.644,-13.168],[-44.623,-13.183],[-44.584,-13.229],[-44.56,-13.275],[-44.559,-13.331],[-44.545,-13.35],[-44.483,-13.383],[-44.391,-13.383],[-44.369,-13.398],[-44.331,-13.397],[-44.286,-13.401],[-44.225,-13.428]]]}},{"type":"Feature","properties":{"code":"2919926"},"geometry":{"type":"Polygon","coordinates":[[[-38.695,-12.754],[-38.588,-12.754],[-38.588,-12.734],[-38.61,-12.726],[-38.687,-12.726],[-38.695,-12.754]]]}},{"type":"Feature","properties":{"code":"2919900"},"geometry":{"type":"Polygon","coordinates":[[[-39.17,-9.639],[-39.143,-9.653],[-39.11,-9.626],[-38.965,-9.639],[-38.861,-9.631],[-38.809,-9.655],[-38.785,-9.647],[-38.785,-9.538],[-38.721,-9.481],[-38.717,-9.46],[-38.683,-9.427],[-38.707,-9.389],[-38.683,-9.355],[-38.648,-9.324],[-38.675,-9.293],[-38.684,-9.216],[-38.843,-9.039],[-38.982,-8.87],[-39.096,-9.017],[-39.111,-9.061],[-39.074,-9.096],[-39.065,-9.13],[-39.082,-9.202],[-39.055,-9.254],[-39.024,-9.353],[-39.0,-9.368],[-38.957,-9.464],[-38.986,-9.513],[-38.99,-9.549],[-39.004,-9.571],[-39.071,-9.564],[-39.092,-9.594],[-39.14,-9.602],[-39.147,-9.628],[-39.17,-9.639]]]}},{"type":"Feature","properties":{"code":"2911857"},"geometry":{"type":"Polygon","coordinates":[[[-38.237,-10.808],[-38.209,-10.758],[-38.215,-10.725],[-38.246,-10.71],[-38.268,-10.675],[-38.297,-10.651],[-38.398,-10.633],[-38.395,-10.707],[-38.377,-10.708],[-38.377,-10.84],[-38.353,-10.84],[-38.343,-10.816],[-38.288,-10.827],[-38.237,-10.808]]]}},{"type":"Feature","properties":{"code":"2919959"},"geometry":{"type":"Polygon","coordinates":[[[-41.449,-14.796],[-41.463,-14.783],[-41.421,-14.753],[-41.394,-14.768],[-41.388,-14.681],[-41.4,-14.64],[-41.447,-14.595],[-41.434,-14.551],[-41.638,-14.509],[-41.665,-14.545],[-41.655,-14.578],[-41.61,-14.61],[-41.587,-14.696],[-41.585,-14.729],[-41.565,-14.786],[-41.546,-14.814],[-41.51,-14.824],[-41.477,-14.795],[-41.449,-14.796]]]}},{"type":"Feature","properties":{"code":"2928000"},"geometry":{"type":"Polygon","coordinates":[[[-39.609,-11.346],[-39.499,-11.29],[-39.479,-11.299],[-39.332,-11.341],[-39.311,-11.367],[-39.273,-11.337],[-39.234,-11.335],[-39.206,-11.274],[-39.242,-11.229],[-39.257,-11.155],[-39.26,-11.069],[-39.311,-11.065],[-39.275,-11.022],[-39.278,-10.987],[-39.326,-10.978],[-39.415,-11.008],[-39.421,-11.029],[-39.477,-11.07],[-39.493,-11.095],[-39.572,-11.132],[-39.634,-11.181],[-39.662,-11.212],[-39.703,-11.224],[-39.742,-11.25],[-39.824,-11.29],[-39.862,-11.313],[-39.875,-11.317],[-39.849,-11.35],[-39.787,-11.404],[-39.758,-11.421],[-39.717,-11.395],[-39.699,-11.399],[-39.609,-11.346]]]}},{"type":"Feature","properties":{"code":"2919801"},"geometry":{"type":"Polygon","coordinates":[[[-42.913,-13.295],[-42.782,-13.364],[-42.768,-13.405],[-42.718,-13.43],[-42.68,-13.479],[-42.626,-13.405],[-42.676,-13.378],[-42.653,-13.335],[-42.68,-13.326],[-42.682,-13.269],[-42.608,-13.247],[-42.61,-13.229],[-42.523,-13.22],[-42.502,-13.183],[-42.444,-13.185],[-42.432,-13.141],[-42.401,-13.137],[-42.392,-13.085],[-42.37,-13.06],[-42.381,-13.048],[-42.414,-13.026],[-42.427,-12.966],[-42.458,-12.94],[-42.5,-12.868],[-42.681,-12.9],[-42.72,-12.885],[-42.782,-12.912],[-42.826,-12.95],[-42.882,-12.931],[-42.933,-12.932],[-42.973,-12.952],[-42.981,-12.971],[-42.974,-13.028],[-42.935,-13.077],[-42.926,-13.129],[-42.903,-13.16],[-42.913,-13.18],[-42.923,-13.246],[-42.913,-13.295]]]}},{"type":"Feature","properties":{"code":"2911907"},"geometry":{"type":"Polygon","coordinates":[[[-40.481,-12.942],[-40.472,-13.0],[-40.456,-13.016],[-40.416,-13.088],[-40.401,-13.066],[-40.36,-13.084],[-40.344,-13.055],[-40.306,-13.043],[-40.199,-13.049],[-40.144,-12.982],[-40.067,-12.993],[-40.033,-12.985],[-39.991,-12.963],[-39.988,-12.931],[-39.9,-12.875],[-39.928,-12.817],[-39.894,-12.753],[-39.856,-12.796],[-39.797,-12.705],[-39.806,-12.687],[-39.787,-12.615],[-39.792,-12.558],[-39.853,-12.512],[-39.893,-12.524],[-39.91,-12.517],[-39.926,-12.522],[-39.939,-12.55],[-39.973,-12.562],[-40.002,-12.557],[-40.048,-12.565],[-40.055,-12.611],[-40.09,-12.637],[-40.12,-12.688],[-40.181,-12.698],[-40.183,-12.733],[-40.217,-12.766],[-40.309,-12.748],[-40.344,-12.769],[-40.359,-12.792],[-40.403,-12.882],[-40.421,-12.887],[-40.425,-12.921],[-40.464,-12.95],[-40.481,-12.942]]]}},{"type":"Feature","properties":{"code":"2928059"},"geometry":{"type":"Polygon","coordinates":[[[-39.364,-15.472],[-39.364,-15.486],[-39.278,-15.557],[-39.308,-15.612],[-39.262,-15.634],[-39.233,-15.621],[-39.202,-15.592],[-39.16,-15.603],[-39.154,-15.573],[-39.164,-15.544],[-39.195,-15.532],[-39.142,-15.493],[-39.044,-15.458],[-39.021,-15.437],[-39.017,-15.391],[-39.08,-15.365],[-39.164,-15.374],[-39.237,-15.354],[-39.275,-15.351],[-39.315,-15.308],[-39.325,-15.329],[-39.365,-15.353],[-39.434,-15.333],[-39.44,-15.31],[-39.481,-15.342],[-39.46,-15.365],[-39.459,-15.409],[-39.428,-15.404],[-39.412,-15.422],[-39.38,-15.426],[-39.364,-15.472]]]}},{"type":"Feature","properties":{"code":"2903706"},"geometry":{"type":"Polygon","coordinates":[[[-40.094,-14.521],[-40.08,-14.486],[-40.059,-14.486],[-40.041,-14.388],[-40.068,-14.378],[-40.069,-14.315],[-40.099,-14.303],[-40.098,-14.267],[-40.113,-14.228],[-40.163,-14.253],[-40.181,-14.224],[-40.196,-14.239],[-40.298,-14.276],[-40.38,-14.3],[-40.388,-14.266],[-40.441,-14.293],[-40.505,-14.338],[-40.399,-14.394],[-40.314,-14.426],[-40.274,-14.446],[-40.238,-14.442],[-40.166,-14.479],[-40.127,-14.488],[-40.094,-14.521]]]}},{"type":"Feature","properties":{"code":"2904050"},"geometry":{"type":"Polygon","coordinates":[[[-41.223,-11.919],[-41.254,-11.903],[-41.245,-11.845],[-41.248,-11.816],[-41.323,-11.798],[-41.349,-11.776],[-41.393,-11.772],[-41.399,-11.813],[-41.421,-11.868],[-41.425,-11.934],[-41.456,-11.97],[-41.417,-11.998],[-41.408,-12.048],[-41.393,-12.076],[-41.368,-12.083],[-41.372,-12.119],[-41.355,-12.168],[-41.275,-12.149],[-41.229,-12.137],[-41.237,-12.114],[-41.221,-12.093],[-41.231,-12.04],[-41.196,-12.012],[-41.19,-11.961],[-41.223,-11.919]]]}},{"type":"Feature","properties":{"code":"2912202"},"geometry":{"type":"Polygon","coordinates":[[[-41.256,-13.47],[-41.237,-13.461],[-41.218,-13.429],[-41.189,-13.406],[-41.161,-13.403],[-41.156,-13.377],[-41.132,-13.364],[-41.105,-13.319],[-41.106,-13.294],[-41.143,-13.299],[-41.185,-13.23],[-41.291,-13.322],[-41.335,-13.299],[-41.349,-13.281],[-41.383,-13.271],[-41.415,-13.246],[-41.446,-13.251],[-41.454,-13.296],[-41.437,-13.329],[-41.446,-13.384],[-41.547,-13.426],[-41.511,-13.449],[-41.499,-13.518],[-41.487,-13.524],[-41.353,-13.49],[-41.31,-13.496],[-41.256,-13.47]]]}},{"type":"Feature","properties":{"code":"2919157"},"geometry":{"type":"Polygon","coordinates":[[[-41.623,-11.611],[-41.623,-11.558],[-41.694,-11.479],[-41.7,-11.411],[-41.752,-11.414],[-41.746,-11.392],[-41.773,-11.365],[-41.878,-11.362],[-41.883,-11.372],[-41.943,-11.381],[-41.941,-11.415],[-41.922,-11.448],[-41.873,-11.493],[-41.787,-11.625],[-41.773,-11.682],[-41.739,-11.665],[-41.67,-11.618],[-41.623,-11.611]]]}},{"type":"Feature","properties":{"code":"2912301"},"geometry":{"type":"Polygon","coordinates":[[[-39.977,-14.959],[-39.944,-14.909],[-39.941,-14.856],[-39.921,-14.847],[-39.906,-14.811],[-39.875,-14.818],[-39.862,-14.786],[-39.831,-14.775],[-39.822,-14.748],[-39.779,-14.742],[-39.753,-14.717],[-39.746,-14.659],[-39.719,-14.602],[-39.729,-14.561],[-39.733,-14.517],[-39.708,-14.452],[-39.715,-14.416],[-39.697,-14.37],[-39.742,-14.372],[-39.79,-14.351],[-39.824,-14.383],[-39.837,-14.443],[-39.902,-14.436],[-39.922,-14.468],[-39.963,-14.483],[-39.873,-14.591],[-39.9,-14.67],[-39.926,-14.686],[-39.957,-14.673],[-39.975,-14.685],[-39.992,-14.726],[-40.022,-14.731],[-40.034,-14.755],[-40.015,-14.787],[-40.025,-14.819],[-40.046,-14.874],[-40.036,-14.897],[-40.045,-14.95],[-39.994,-14.973],[-39.977,-14.959]]]}},{"type":"Feature","properties":{"code":"2927309"},"geometry":{"type":"Polygon","coordinates":[[[-38.811,-12.918],[-38.794,-12.949],[-38.752,-12.967],[-38.723,-12.924],[-38.705,-12.871],[-38.721,-12.856],[-38.699,-12.801],[-38.802,-12.838],[-38.82,-12.889],[-38.811,-12.918]]]}},{"type":"Feature","properties":{"code":"2904100"},"geometry":{"type":"Polygon","coordinates":[[[-42.933,-12.932],[-42.882,-12.931],[-42.826,-12.95],[-42.782,-12.912],[-42.72,-12.885],[-42.681,-12.9],[-42.5,-12.868],[-42.53,-12.823],[-42.501,-12.761],[-42.517,-12.712],[-42.532,-12.691],[-42.574,-12.687],[-42.627,-12.627],[-42.63,-12.594],[-42.656,-12.519],[-42.639,-12.501],[-42.772,-12.558],[-42.825,-12.57],[-42.889,-12.542],[-42.879,-12.725],[-42.887,-12.797],[-42.891,-12.889],[-42.933,-12.932]]]}},{"type":"Feature","properties":{"code":"2927408"},"geometry":{"type":"Polygon","coordinates":[[[-38.586,-13.013],[-38.528,-13.01],[-38.469,-13.015],[-38.385,-12.956],[-38.353,-12.957],[-38.304,-12.911],[-38.355,-12.895],[-38.353,-12.839],[-38.374,-12.824],[-38.39,-12.854],[-38.416,-12.867],[-38.464,-12.829],[-38.462,-12.791],[-38.504,-12.779],[-38.508,-12.748],[-38.535,-12.739],[-38.588,-12.734],[-38.588,-12.754],[-38.695,-12.754],[-38.699,-12.801],[-38.675,-12.845],[-38.589,-12.893],[-38.561,-12.933],[-38.565,-12.966],[-38.586,-13.013]]]}},{"type":"Feature","properties":{"code":"2912103"},"geometry":{"type":"Polygon","coordinates":[[[-39.638,-14.917],[-39.603,-14.904],[-39.496,-14.909],[-39.471,-14.891],[-39.477,-14.851],[-39.475,-14.834],[-39.553,-14.797],[-39.554,-14.778],[-39.584,-14.784],[-39.617,-14.789],[-39.658,-14.77],[-39.638,-14.857],[-39.638,-14.917]]]}},{"type":"Feature","properties":{"code":"2919207"},"geometry":{"type":"Polygon","coordinates":[[[-38.374,-12.824],[-38.353,-12.839],[-38.355,-12.895],[-38.304,-12.911],[-38.28,-12.881],[-38.328,-12.832],[-38.332,-12.812],[-38.374,-12.824]]]}},{"type":"Feature","properties":{"code":"2903904"},"geometry":{"type":"Polygon","coordinates":[[[-43.44,-13.876],[-43.241,-13.61],[-43.188,-13.519],[-43.163,-13.441],[-43.129,-13.428],[-43.117,-13.324],[-42.96,-13.334],[-42.947,-13.29],[-42.913,-13.295],[-42.923,-13.246],[-42.913,-13.18],[-42.914,-13.157],[-42.971,-13.096],[-43.029,-13.093],[-43.074,-13.065],[-43.092,-13.038],[-43.119,-13.026],[-43.126,-13.003],[-43.165,-12.976],[-43.191,-12.924],[-43.224,-12.888],[-43.251,-12.876],[-43.287,-12.841],[-43.218,-12.735],[-43.206,-12.7],[-43.222,-12.691],[-43.254,-12.704],[-43.28,-12.743],[-43.333,-12.793],[-43.347,-12.821],[-43.346,-12.855],[-43.395,-12.873],[-43.404,-12.895],[-43.4,-12.932],[-43.406,-12.998],[-43.454,-13.04],[-43.453,-13.095],[-43.463,-13.133],[-43.517,-13.129],[-43.545,-13.151],[-43.591,-13.147],[-43.64,-13.185],[-43.678,-13.169],[-43.706,-13.188],[-43.705,-13.29],[-43.629,-13.268],[-43.44,-13.256],[-43.467,-13.33],[-43.462,-13.357],[-43.428,-13.425],[-43.45,-13.542],[-43.459,-13.597],[-43.484,-13.658],[-43.505,-13.743],[-43.538,-13.774],[-43.49,-13.828],[-43.482,-13.851],[-43.44,-13.876]]]}},{"type":"Feature","properties":{"code":"2904001"},"geometry":{"type":"Polygon","coordinates":[[[-41.7,-12.995],[-41.64,-12.898],[-41.621,-12.829],[-41.636,-12.781],[-41.616,-12.76],[-41.605,-12.711],[-41.649,-12.68],[-41.846,-12.676],[-41.898,-12.684],[-41.98,-12.663],[-42.028,-12.658],[-42.018,-12.72],[-42.031,-12.764],[-42.019,-12.856],[-41.994,-12.856],[-41.978,-12.83],[-41.915,-12.819],[-41.895,-12.804],[-41.859,-12.825],[-41.798,-12.809],[-41.764,-12.866],[-41.7,-12.995]]]}},{"type":"Feature","properties":{"code":"2927200"},"geometry":{"type":"Polygon","coordinates":[[[-40.687,-12.448],[-40.598,-12.453],[-40.575,-12.438],[-40.524,-12.392],[-40.498,-12.331],[-40.462,-12.315],[-40.435,-12.278],[-40.36,-12.257],[-40.306,-12.258],[-40.212,-12.282],[-40.168,-12.353],[-40.13,-12.348],[-40.112,-12.329],[-40.133,-12.3],[-40.141,-12.247],[-40.178,-12.226],[-40.285,-12.216],[-40.341,-12.19],[-40.357,-12.195],[-40.403,-12.166],[-40.424,-12.131],[-40.456,-12.111],[-40.526,-12.091],[-40.585,-12.083],[-40.724,-12.107],[-40.779,-12.111],[-40.874,-12.126],[-40.894,-12.155],[-40.972,-12.129],[-40.997,-12.149],[-41.041,-12.148],[-41.049,-12.182],[-41.041,-12.211],[-41.015,-12.242],[-40.983,-12.263],[-40.876,-12.265],[-40.835,-12.299],[-40.778,-12.383],[-40.765,-12.379],[-40.687,-12.448]]]}},{"type":"Feature","properties":{"code":"2919009"},"geometry":{"type":"Polygon","coordinates":[[[-41.159,-12.386],[-41.145,-12.393],[-41.17,-12.448],[-41.204,-12.477],[-41.207,-12.505],[-41.084,-12.466],[-41.052,-12.476],[-40.981,-12.46],[-40.95,-12.469],[-40.781,-12.451],[-40.714,-12.445],[-40.687,-12.448],[-40.765,-12.379],[-40.778,-12.383],[-40.835,-12.299],[-40.876,-12.265],[-40.983,-12.263],[-41.061,-12.265],[-41.063,-12.285],[-41.159,-12.386]]]}},{"type":"Feature","properties":{"code":"2903953"},"geometry":{"type":"Polygon","coordinates":[[[-40.399,-14.394],[-40.505,-14.338],[-40.541,-14.317],[-40.635,-14.299],[-40.678,-14.309],[-40.7,-14.299],[-40.707,-14.363],[-40.72,-14.384],[-40.721,-14.426],[-40.705,-14.444],[-40.66,-14.463],[-40.494,-14.449],[-40.448,-14.464],[-40.405,-14.45],[-40.399,-14.394]]]}},{"type":"Feature","properties":{"code":"2919108"},"geometry":{"type":"Polygon","coordinates":[[[-38.869,-11.816],[-38.834,-11.773],[-38.841,-11.741],[-38.873,-11.714],[-38.872,-11.699],[-38.898,-11.722],[-38.935,-11.74],[-38.986,-11.753],[-38.978,-11.816],[-38.935,-11.838],[-38.915,-11.9],[-38.869,-11.816]]]}},{"type":"Feature","properties":{"code":"2903300"},"geometry":{"type":"Polygon","coordinates":[[[-39.554,-14.778],[-39.553,-14.797],[-39.475,-14.834],[-39.477,-14.851],[-39.405,-14.837],[-39.395,-14.811],[-39.358,-14.764],[-39.343,-14.724],[-39.375,-14.702],[-39.399,-14.703],[-39.431,-14.733],[-39.449,-14.766],[-39.51,-14.732],[-39.533,-14.742],[-39.554,-14.778]]]}},{"type":"Feature","properties":{"code":"2903276"},"geometry":{"type":"Polygon","coordinates":[[[-39.141,-11.493],[-39.158,-11.529],[-39.145,-11.567],[-39.158,-11.633],[-39.111,-11.615],[-39.073,-11.616],[-39.032,-11.584],[-39.021,-11.551],[-39.05,-11.523],[-39.066,-11.488],[-39.049,-11.444],[-39.074,-11.421],[-39.141,-11.493]]]}},{"type":"Feature","properties":{"code":"2919058"},"geometry":{"type":"Polygon","coordinates":[[[-40.44,-13.584],[-40.428,-13.6],[-40.37,-13.613],[-40.276,-13.556],[-40.254,-13.518],[-40.235,-13.534],[-40.2,-13.5],[-40.216,-13.43],[-40.232,-13.408],[-40.201,-13.385],[-40.173,-13.347],[-40.151,-13.337],[-40.225,-13.314],[-40.25,-13.282],[-40.285,-13.316],[-40.278,-13.346],[-40.29,-13.356],[-40.298,-13.415],[-40.332,-13.487],[-40.36,-13.509],[-40.403,-13.574],[-40.44,-13.584]]]}},{"type":"Feature","properties":{"code":"2927606"},"geometry":{"type":"Polygon","coordinates":[[[-38.004,-9.905],[-38.007,-9.869],[-37.995,-9.846],[-38.001,-9.816],[-38.033,-9.77],[-38.045,-9.698],[-38.02,-9.637],[-38.048,-9.632],[-38.061,-9.588],[-38.123,-9.62],[-38.148,-9.65],[-38.157,-9.678],[-38.225,-9.675],[-38.285,-9.691],[-38.308,-9.661],[-38.351,-9.679],[-38.364,-9.707],[-38.443,-9.699],[-38.333,-9.785],[-38.267,-9.86],[-38.205,-9.909],[-38.194,-9.9],[-38.116,-9.922],[-38.102,-9.884],[-38.083,-9.897],[-38.03,-9.908],[-38.004,-9.905]]]}},{"type":"Feature","properties":{"code":"2919405"},"geometry":{"type":"Polygon","coordinates":[[[-42.559,-14.824],[-42.529,-14.806],[-42.529,-14.765],[-42.484,-14.737],[-42.443,-14.758],[-42.418,-14.724],[-42.382,-14.707],[-42.377,-14.662],[-42.356,-14.627],[-42.337,-14.62],[-42.331,-14.596],[-42.351,-14.563],[-42.334,-14.543],[-42.354,-14.467],[-42.393,-14.426],[-42.447,-14.418],[-42.502,-14.4],[-42.524,-14.41],[-42.563,-14.453],[-42.579,-14.45],[-42.586,-14.509],[-42.57,-14.514],[-42.582,-14.55],[-42.583,-14.591],[-42.552,-14.616],[-42.559,-14.671],[-42.574,-14.705],[-42.581,-14.761],[-42.559,-14.824]]]}},{"type":"Feature","properties":{"code":"2911501"},"geometry":{"type":"Polygon","coordinates":[[[-39.697,-14.37],[-39.686,-14.361],[-39.675,-14.291],[-39.626,-14.287],[-39.6,-14.311],[-39.574,-14.298],[-39.552,-14.306],[-39.549,-14.347],[-39.463,-14.325],[-39.443,-14.304],[-39.492,-14.281],[-39.576,-14.252],[-39.575,-14.233],[-39.576,-14.216],[-39.661,-14.201],[-39.664,-14.185],[-39.688,-14.295],[-39.697,-14.37]]]}},{"type":"Feature","properties":{"code":"2911303"},"geometry":{"type":"Polygon","coordinates":[[[-42.748,-11.731],[-42.681,-11.72],[-42.582,-11.714],[-42.565,-11.736],[-42.539,-11.74],[-42.488,-11.775],[-42.472,-11.725],[-42.446,-11.755],[-42.419,-11.765],[-42.392,-11.752],[-42.364,-11.756],[-42.36,-11.714],[-42.354,-11.633],[-42.33,-11.571],[-42.362,-11.481],[-42.336,-11.456],[-42.3,-11.404],[-42.3,-11.346],[-42.326,-11.29],[-42.379,-11.276],[-42.426,-11.285],[-42.44,-11.266],[-42.451,-11.217],[-42.487,-11.149],[-42.517,-11.129],[-42.5,-11.096],[-42.511,-11.058],[-42.538,-11.005],[-42.62,-11.088],[-42.625,-11.057],[-42.671,-11.015],[-42.722,-11.003],[-42.763,-11.016],[-42.758,-11.044],[-42.791,-11.058],[-42.766,-11.092],[-42.786,-11.117],[-42.839,-11.159],[-42.833,-11.198],[-42.837,-11.271],[-42.822,-11.308],[-42.913,-11.277],[-42.837,-11.527],[-42.861,-11.541],[-42.864,-11.599],[-42.855,-11.612],[-42.814,-11.65],[-42.805,-11.673],[-42.771,-11.7],[-42.744,-11.705],[-42.748,-11.731]]]}},{"type":"Feature","properties":{"code":"2903235"},"geometry":{"type":"Polygon","coordinates":[[[-41.681,-11.991],[-41.689,-11.968],[-41.68,-11.922],[-41.751,-11.878],[-41.782,-11.829],[-41.789,-11.798],[-41.824,-11.739],[-41.861,-11.71],[-41.886,-11.745],[-41.911,-11.76],[-41.944,-11.806],[-41.971,-11.802],[-41.985,-11.795],[-42.022,-11.815],[-41.882,-11.891],[-41.681,-11.991]]]}},{"type":"Feature","properties":{"code":"2911402"},"geometry":{"type":"Polygon","coordinates":[[[-38.493,-9.49],[-38.509,-9.354],[-38.441,-9.413],[-38.383,-9.399],[-38.364,-9.382],[-38.282,-9.384],[-38.215,-9.353],[-38.238,-9.33],[-38.251,-9.29],[-38.288,-9.217],[-38.289,-9.172],[-38.313,-9.148],[-38.326,-9.081],[-38.29,-9.036],[-38.324,-8.99],[-38.362,-9.001],[-38.404,-9.037],[-38.449,-9.026],[-38.504,-8.981],[-38.514,-8.96],[-38.537,-8.96],[-38.548,-8.991],[-38.584,-9.037],[-38.584,-9.175],[-38.603,-9.265],[-38.564,-9.259],[-38.574,-9.29],[-38.562,-9.315],[-38.57,-9.413],[-38.624,-9.459],[-38.64,-9.53],[-38.493,-9.49]]]}},{"type":"Feature","properties":{"code":"2903201"},"geometry":{"type":"Polygon","coordinates":[[[-46.389,-12.049],[-46.148,-12.033],[-46.146,-12.015],[-46.106,-11.999],[-46.078,-11.976],[-45.991,-11.919],[-45.946,-11.864],[-45.89,-11.881],[-45.847,-11.877],[-45.823,-11.887],[-45.793,-11.869],[-45.767,-11.869],[-45.661,-11.914],[-45.765,-12.411],[-45.719,-12.397],[-45.648,-12.393],[-45.578,-12.4],[-45.54,-12.391],[-45.487,-12.365],[-45.406,-12.37],[-45.349,-12.389],[-45.284,-12.422],[-45.227,-12.426],[-45.205,-12.384],[-45.168,-12.368],[-45.15,-12.333],[-45.125,-12.323],[-45.078,-12.335],[-45.043,-12.316],[-45.022,-12.32],[-44.927,-12.293],[-44.868,-12.262],[-44.852,-12.261],[-44.786,-12.221],[-44.751,-12.229],[-44.725,-12.22],[-44.676,-12.179],[-44.623,-12.174],[-44.58,-12.155],[-44.618,-12.141],[-44.705,-12.169],[-44.717,-12.125],[-44.736,-12.111],[-44.774,-12.115],[-44.798,-12.105],[-44.816,-12.136],[-44.841,-12.119],[-44.882,-12.051],[-44.916,-12.034],[-44.93,-12.006],[-44.965,-12.001],[-44.972,-11.982],[-45.032,-11.904],[-45.068,-11.871],[-45.098,-11.857],[-45.169,-11.845],[-45.177,-11.815],[-45.247,-11.771],[-45.279,-11.742],[-45.323,-11.732],[-45.371,-11.748],[-45.408,-11.777],[-45.45,-11.778],[-45.474,-11.766],[-45.522,-11.771],[-45.592,-11.789],[-45.669,-11.77],[-45.679,-11.75],[-45.823,-11.687],[-45.841,-11.656],[-45.961,-11.627],[-46.054,-11.619],[-46.081,-11.624],[-46.145,-11.624],[-46.155,-11.65],[-46.199,-11.648],[-46.227,-11.636],[-46.244,-11.605],[-46.341,-11.61],[-46.328,-11.676],[-46.308,-11.687],[-46.356,-11.762],[-46.338,-11.813],[-46.373,-11.832],[-46.38,-11.867],[-46.307,-11.914],[-46.248,-11.919],[-46.336,-11.954],[-46.364,-11.991],[-46.422,-12.029],[-46.456,-12.03],[-46.451,-12.054],[-46.389,-12.049]]]}},{"type":"Feature","properties":{"code":"2927507"},"geometry":{"type":"Polygon","coordinates":[[[-39.063,-12.026],[-39.042,-12.053],[-38.981,-12.055],[-38.971,-12.025],[-38.904,-12.028],[-38.898,-11.978],[-38.915,-11.9],[-38.935,-11.838],[-38.978,-11.816],[-38.992,-11.809],[-39.066,-11.83],[-39.026,-11.869],[-39.014,-11.912],[-39.044,-11.935],[-39.059,-11.977],[-39.063,-12.026]]]}},{"type":"Feature","properties":{"code":"2911709"},"geometry":{"type":"Polygon","coordinates":[[[-42.955,-14.396],[-42.926,-14.341],[-42.881,-14.322],[-42.751,-14.296],[-42.713,-14.325],[-42.709,-14.389],[-42.62,-14.296],[-42.596,-14.273],[-42.581,-14.199],[-42.598,-14.175],[-42.602,-14.14],[-42.629,-14.14],[-42.689,-14.107],[-42.755,-14.091],[-42.783,-14.073],[-42.8,-14.037],[-42.813,-14.019],[-42.859,-14.019],[-42.891,-13.992],[-42.918,-13.983],[-42.946,-14.015],[-42.938,-14.103],[-42.97,-14.161],[-42.975,-14.191],[-43.07,-14.322],[-43.049,-14.332],[-43.008,-14.349],[-42.955,-14.396]]]}},{"type":"Feature","properties":{"code":"2903508"},"geometry":{"type":"Polygon","coordinates":[[[-41.164,-15.2],[-41.13,-15.167],[-41.116,-15.132],[-41.094,-15.114],[-41.088,-15.042],[-41.125,-14.995],[-41.14,-14.964],[-41.136,-14.934],[-41.153,-14.862],[-41.172,-14.854],[-41.162,-14.826],[-41.162,-14.769],[-41.222,-14.711],[-41.221,-14.739],[-41.26,-14.729],[-41.28,-14.764],[-41.269,-14.798],[-41.264,-14.913],[-41.239,-14.932],[-41.219,-14.998],[-41.302,-15.024],[-41.289,-15.053],[-41.295,-15.079],[-41.333,-15.127],[-41.273,-15.189],[-41.191,-15.21],[-41.164,-15.2]]]}},{"type":"Feature","properties":{"code":"2911808"},"geometry":{"type":"Polygon","coordinates":[[[-39.768,-16.734],[-39.742,-16.745],[-39.721,-16.731],[-39.685,-16.748],[-39.661,-16.781],[-39.676,-16.732],[-39.668,-16.695],[-39.677,-16.675],[-39.648,-16.572],[-39.698,-16.548],[-39.741,-16.503],[-39.721,-16.441],[-39.755,-16.452],[-39.773,-16.416],[-39.756,-16.394],[-39.779,-16.354],[-39.843,-16.295],[-39.864,-16.253],[-39.889,-16.244],[-39.903,-16.285],[-39.918,-16.284],[-39.951,-16.297],[-39.961,-16.322],[-39.99,-16.312],[-40.017,-16.348],[-40.046,-16.422],[-40.066,-16.457],[-40.11,-16.449],[-40.142,-16.498],[-40.17,-16.525],[-40.154,-16.56],[-40.173,-16.577],[-40.23,-16.561],[-40.276,-16.573],[-40.313,-16.679],[-40.307,-16.697],[-40.279,-16.675],[-40.248,-16.716],[-40.203,-16.696],[-40.167,-16.695],[-40.135,-16.709],[-40.127,-16.679],[-40.078,-16.687],[-40.072,-16.712],[-40.036,-16.704],[-39.976,-16.707],[-39.954,-16.734],[-39.927,-16.727],[-39.844,-16.762],[-39.809,-16.76],[-39.768,-16.734]]]}},{"type":"Feature","properties":{"code":"2919306"},"geometry":{"type":"Polygon","coordinates":[[[-41.438,-12.71],[-41.337,-12.694],[-41.324,-12.671],[-41.345,-12.566],[-41.306,-12.55],[-41.278,-12.559],[-41.216,-12.53],[-41.207,-12.505],[-41.204,-12.477],[-41.17,-12.448],[-41.145,-12.393],[-41.159,-12.386],[-41.194,-12.366],[-41.208,-12.339],[-41.222,-12.284],[-41.249,-12.239],[-41.275,-12.149],[-41.355,-12.168],[-41.4,-12.2],[-41.412,-12.247],[-41.434,-12.264],[-41.442,-12.31],[-41.425,-12.378],[-41.441,-12.413],[-41.462,-12.473],[-41.485,-12.489],[-41.486,-12.515],[-41.471,-12.585],[-41.445,-12.623],[-41.479,-12.644],[-41.452,-12.674],[-41.438,-12.71]]]}},{"type":"Feature","properties":{"code":"2903607"},"geometry":{"type":"Polygon","coordinates":[[[-38.834,-11.773],[-38.792,-11.724],[-38.747,-11.693],[-38.674,-11.693],[-38.782,-11.365],[-38.823,-11.414],[-38.861,-11.484],[-38.87,-11.537],[-38.853,-11.606],[-38.888,-11.628],[-38.872,-11.699],[-38.873,-11.714],[-38.841,-11.741],[-38.834,-11.773]]]}},{"type":"Feature","properties":{"code":"2926806"},"geometry":{"type":"Polygon","coordinates":[[[-41.932,-14.419],[-41.951,-14.372],[-41.967,-14.293],[-41.98,-14.287],[-41.968,-14.234],[-41.98,-14.226],[-41.994,-14.167],[-42.145,-14.16],[-42.185,-14.173],[-42.221,-14.172],[-42.229,-14.199],[-42.215,-14.203],[-42.172,-14.246],[-42.186,-14.261],[-42.206,-14.336],[-42.194,-14.375],[-42.231,-14.378],[-42.173,-14.408],[-42.151,-14.489],[-42.071,-14.448],[-41.932,-14.419]]]}},{"type":"Feature","properties":{"code":"2918605"},"geometry":{"type":"Polygon","coordinates":[[[-41.487,-13.524],[-41.499,-13.518],[-41.511,-13.449],[-41.547,-13.426],[-41.569,-13.411],[-41.605,-13.425],[-41.633,-13.414],[-41.672,-13.353],[-41.7,-13.371],[-41.747,-13.325],[-41.742,-13.367],[-41.77,-13.418],[-41.7,-13.474],[-41.694,-13.523],[-41.67,-13.528],[-41.647,-13.572],[-41.616,-13.544],[-41.604,-13.626],[-41.608,-13.66],[-41.511,-13.665],[-41.474,-13.66],[-41.432,-13.668],[-41.457,-13.628],[-41.472,-13.622],[-41.487,-13.524]]]}},{"type":"Feature","properties":{"code":"2926905"},"geometry":{"type":"Polygon","coordinates":[[[-41.909,-13.311],[-41.913,-13.264],[-41.974,-13.242],[-42.032,-13.178],[-42.059,-13.181],[-42.074,-13.151],[-42.104,-13.133],[-42.103,-13.068],[-42.125,-13.018],[-42.147,-13.015],[-42.169,-12.982],[-42.168,-12.96],[-42.202,-12.965],[-42.212,-12.983],[-42.248,-12.977],[-42.287,-13.031],[-42.355,-13.034],[-42.381,-13.048],[-42.37,-13.06],[-42.34,-13.075],[-42.337,-13.101],[-42.297,-13.136],[-42.277,-13.116],[-42.248,-13.108],[-42.204,-13.13],[-42.171,-13.184],[-42.158,-13.227],[-42.126,-13.259],[-42.096,-13.261],[-42.033,-13.294],[-42.009,-13.287],[-41.909,-13.311]]]}},{"type":"Feature","properties":{"code":"2911600"},"geometry":{"type":"Polygon","coordinates":[[[-39.179,-12.588],[-39.108,-12.592],[-39.058,-12.635],[-39.014,-12.617],[-38.99,-12.595],[-38.996,-12.588],[-39.007,-12.569],[-39.058,-12.54],[-39.122,-12.556],[-39.179,-12.588]]]}},{"type":"Feature","properties":{"code":"2918704"},"geometry":{"type":"Polygon","coordinates":[[[-40.097,-13.669],[-40.118,-13.669],[-40.148,-13.639],[-40.171,-13.599],[-40.19,-13.539],[-40.235,-13.534],[-40.254,-13.518],[-40.276,-13.556],[-40.37,-13.613],[-40.428,-13.6],[-40.44,-13.584],[-40.428,-13.632],[-40.447,-13.631],[-40.5,-13.653],[-40.474,-13.678],[-40.467,-13.717],[-40.45,-13.725],[-40.417,-13.709],[-40.37,-13.71],[-40.291,-13.701],[-40.239,-13.715],[-40.196,-13.71],[-40.173,-13.685],[-40.095,-13.684],[-40.097,-13.669]]]}},{"type":"Feature","properties":{"code":"2903409"},"geometry":{"type":"Polygon","coordinates":[[[-39.403,-16.098],[-39.369,-16.124],[-39.303,-16.111],[-39.279,-16.132],[-39.23,-16.091],[-39.163,-16.066],[-39.151,-16.052],[-38.948,-16.092],[-38.905,-15.97],[-38.853,-15.849],[-38.894,-15.767],[-39.106,-15.787],[-39.11,-15.825],[-39.14,-15.799],[-39.171,-15.809],[-39.209,-15.793],[-39.238,-15.797],[-39.287,-15.844],[-39.356,-15.85],[-39.387,-15.825],[-39.399,-15.794],[-39.456,-15.812],[-39.484,-15.839],[-39.501,-15.818],[-39.515,-15.853],[-39.493,-15.882],[-39.495,-15.9],[-39.464,-15.947],[-39.471,-15.977],[-39.45,-15.987],[-39.397,-16.04],[-39.433,-16.077],[-39.403,-16.098]]]}},{"type":"Feature","properties":{"code":"2926707"},"geometry":{"type":"Polygon","coordinates":[[[-41.494,-13.916],[-41.517,-13.869],[-41.524,-13.817],[-41.542,-13.803],[-41.538,-13.771],[-41.572,-13.758],[-41.578,-13.727],[-41.608,-13.66],[-41.604,-13.626],[-41.616,-13.544],[-41.647,-13.572],[-41.67,-13.528],[-41.694,-13.523],[-41.7,-13.474],[-41.77,-13.418],[-41.742,-13.367],[-41.747,-13.325],[-41.795,-13.385],[-41.804,-13.419],[-41.869,-13.366],[-41.869,-13.347],[-41.909,-13.311],[-41.916,-13.334],[-41.948,-13.343],[-41.949,-13.403],[-41.969,-13.465],[-41.955,-13.492],[-41.968,-13.527],[-41.929,-13.553],[-41.907,-13.548],[-41.86,-13.572],[-41.802,-13.632],[-41.749,-13.661],[-41.711,-13.685],[-41.686,-13.716],[-41.69,-13.735],[-41.655,-13.762],[-41.637,-13.799],[-41.619,-13.811],[-41.6,-13.85],[-41.572,-13.882],[-41.559,-13.944],[-41.494,-13.916]]]}},{"type":"Feature","properties":{"code":"2911659"},"geometry":{"type":"Polygon","coordinates":[[[-41.901,-14.739],[-41.895,-14.705],[-41.876,-14.692],[-41.868,-14.648],[-41.845,-14.576],[-41.874,-14.569],[-41.854,-14.534],[-41.809,-14.533],[-41.793,-14.468],[-41.836,-14.465],[-41.932,-14.419],[-42.071,-14.448],[-42.151,-14.489],[-42.178,-14.514],[-42.155,-14.526],[-42.157,-14.597],[-42.087,-14.675],[-42.053,-14.691],[-42.031,-14.661],[-42.004,-14.683],[-41.966,-14.699],[-41.927,-14.704],[-41.925,-14.74],[-41.901,-14.739]]]}},{"type":"Feature","properties":{"code":"2918506"},"geometry":{"type":"Polygon","coordinates":[[[-41.926,-11.182],[-41.898,-11.129],[-41.856,-11.116],[-41.813,-11.02],[-41.753,-10.94],[-41.713,-10.938],[-41.645,-10.913],[-41.653,-10.886],[-41.697,-10.863],[-41.663,-10.811],[-41.695,-10.793],[-41.714,-10.742],[-41.745,-10.708],[-41.769,-10.722],[-41.822,-10.698],[-42.089,-10.933],[-42.076,-11.03],[-42.016,-11.112],[-41.986,-11.143],[-41.957,-11.154],[-41.926,-11.182]]]}},{"type":"Feature","properties":{"code":"2918555"},"geometry":{"type":"Polygon","coordinates":[[[-39.569,-15.048],[-39.572,-15.11],[-39.568,-15.19],[-39.586,-15.222],[-39.594,-15.273],[-39.579,-15.288],[-39.571,-15.232],[-39.543,-15.242],[-39.489,-15.246],[-39.482,-15.21],[-39.46,-15.206],[-39.454,-15.174],[-39.406,-15.133],[-39.403,-15.097],[-39.412,-15.033],[-39.419,-15.012],[-39.447,-15.035],[-39.52,-15.076],[-39.547,-15.077],[-39.569,-15.048]]]}},{"type":"Feature","properties":{"code":"2927101"},"geometry":{"type":"Polygon","coordinates":[[[-38.549,-9.685],[-38.532,-9.65],[-38.508,-9.63],[-38.493,-9.49],[-38.64,-9.53],[-38.624,-9.459],[-38.57,-9.413],[-38.562,-9.315],[-38.574,-9.29],[-38.564,-9.259],[-38.603,-9.265],[-38.584,-9.175],[-38.584,-9.037],[-38.548,-8.991],[-38.537,-8.96],[-38.514,-8.96],[-38.511,-8.925],[-38.479,-8.902],[-38.47,-8.866],[-38.512,-8.831],[-38.552,-8.823],[-38.57,-8.83],[-38.608,-8.893],[-38.61,-8.957],[-38.635,-8.987],[-38.674,-8.972],[-38.694,-8.919],[-38.706,-8.862],[-38.74,-8.845],[-38.807,-8.788],[-38.855,-8.784],[-38.952,-8.805],[-38.982,-8.87],[-38.843,-9.039],[-38.684,-9.216],[-38.675,-9.293],[-38.648,-9.324],[-38.683,-9.355],[-38.707,-9.389],[-38.683,-9.427],[-38.717,-9.46],[-38.721,-9.481],[-38.785,-9.538],[-38.785,-9.647],[-38.549,-9.685]]]}},{"type":"Feature","properties":{"code":"2918902"},"geometry":{"type":"Polygon","coordinates":[[[-40.12,-17.64],[-40.138,-17.604],[-40.19,-17.564],[-40.238,-17.546],[-40.257,-17.409],[-40.313,-17.416],[-40.34,-17.406],[-40.353,-17.45],[-40.392,-17.453],[-40.463,-17.499],[-40.483,-17.488],[-40.489,-17.52],[-40.459,-17.57],[-40.414,-17.574],[-40.418,-17.599],[-40.397,-17.626],[-40.38,-17.611],[-40.344,-17.616],[-40.323,-17.661],[-40.299,-17.675],[-40.295,-17.7],[-40.273,-17.727],[-40.24,-17.735],[-40.218,-17.712],[-40.224,-17.682],[-40.2,-17.636],[-40.161,-17.625],[-40.12,-17.64]]]}},{"type":"Feature","properties":{"code":"2911006"},"geometry":{"type":"Polygon","coordinates":[[[-39.678,-14.939],[-39.638,-14.917],[-39.638,-14.857],[-39.658,-14.77],[-39.753,-14.717],[-39.779,-14.742],[-39.784,-14.805],[-39.801,-14.831],[-39.797,-14.884],[-39.751,-14.909],[-39.728,-14.933],[-39.725,-14.966],[-39.689,-14.953],[-39.678,-14.939]]]}},{"type":"Feature","properties":{"code":"2902807"},"geometry":{"type":"Polygon","coordinates":[[[-40.921,-13.891],[-40.906,-13.886],[-40.879,-13.844],[-40.856,-13.85],[-40.79,-13.834],[-40.715,-13.841],[-40.837,-13.636],[-40.858,-13.582],[-40.942,-13.567],[-40.955,-13.546],[-41.038,-13.556],[-41.22,-13.47],[-41.216,-13.492],[-41.241,-13.506],[-41.256,-13.47],[-41.31,-13.496],[-41.353,-13.49],[-41.487,-13.524],[-41.472,-13.622],[-41.457,-13.628],[-41.432,-13.668],[-41.372,-13.672],[-41.328,-13.7],[-41.298,-13.703],[-41.285,-13.682],[-41.249,-13.718],[-41.218,-13.705],[-41.158,-13.677],[-41.106,-13.626],[-41.082,-13.613],[-41.04,-13.616],[-41.028,-13.676],[-41.028,-13.749],[-41.035,-13.78],[-40.991,-13.792],[-40.983,-13.836],[-40.966,-13.84],[-40.946,-13.88],[-40.921,-13.891]]]}},{"type":"Feature","properties":{"code":"2902658"},"geometry":{"type":"Polygon","coordinates":[[[-38.733,-10.718],[-38.677,-10.727],[-38.666,-10.707],[-38.632,-10.717],[-38.59,-10.7],[-38.572,-10.675],[-38.547,-10.564],[-38.578,-10.53],[-38.613,-10.546],[-38.628,-10.514],[-38.656,-10.485],[-38.701,-10.506],[-38.705,-10.565],[-38.74,-10.607],[-38.775,-10.626],[-38.777,-10.646],[-38.74,-10.647],[-38.733,-10.718]]]}},{"type":"Feature","properties":{"code":"2910800"},"geometry":{"type":"Polygon","coordinates":[[[-38.838,-12.409],[-38.834,-12.368],[-38.812,-12.338],[-38.839,-12.309],[-38.85,-12.268],[-38.842,-12.243],[-38.858,-12.22],[-38.884,-12.156],[-38.892,-12.117],[-38.875,-12.097],[-38.904,-12.028],[-38.971,-12.025],[-38.981,-12.055],[-39.042,-12.053],[-39.063,-12.026],[-39.06,-12.058],[-39.111,-12.053],[-39.144,-12.034],[-39.178,-12.029],[-39.175,-11.981],[-39.297,-11.991],[-39.287,-12.022],[-39.26,-12.042],[-39.215,-12.096],[-39.177,-12.118],[-39.176,-12.157],[-39.187,-12.182],[-39.117,-12.191],[-39.077,-12.232],[-39.151,-12.264],[-39.192,-12.224],[-39.264,-12.2],[-39.286,-12.178],[-39.293,-12.187],[-39.284,-12.216],[-39.237,-12.29],[-39.2,-12.295],[-39.149,-12.27],[-39.121,-12.31],[-39.11,-12.345],[-39.071,-12.36],[-39.08,-12.379],[-39.053,-12.41],[-39.024,-12.409],[-38.996,-12.311],[-38.956,-12.301],[-38.908,-12.386],[-38.838,-12.409]]]}},{"type":"Feature","properties":{"code":"2902609"},"geometry":{"type":"Polygon","coordinates":[[[-40.038,-12.153],[-40.025,-12.071],[-40.029,-12.055],[-39.971,-12.055],[-39.958,-11.977],[-39.97,-11.955],[-40.028,-11.904],[-40.047,-11.871],[-40.038,-11.85],[-40.162,-11.849],[-40.193,-11.828],[-40.297,-11.81],[-40.315,-11.823],[-40.357,-11.83],[-40.35,-11.858],[-40.326,-11.886],[-40.275,-11.908],[-40.302,-11.96],[-40.334,-11.977],[-40.276,-12.04],[-40.266,-12.06],[-40.23,-12.075],[-40.223,-12.097],[-40.08,-12.108],[-40.05,-12.125],[-40.038,-12.153]]]}},{"type":"Feature","properties":{"code":"2910909"},"geometry":{"type":"Polygon","coordinates":[[[-39.91,-15.033],[-39.885,-15.013],[-39.863,-14.978],[-39.882,-14.866],[-39.875,-14.818],[-39.906,-14.811],[-39.921,-14.847],[-39.941,-14.856],[-39.944,-14.909],[-39.977,-14.959],[-39.91,-15.033]]]}},{"type":"Feature","properties":{"code":"2902708"},"geometry":{"type":"Polygon","coordinates":[[[-43.284,-11.561],[-43.286,-11.548],[-43.264,-11.483],[-43.223,-11.372],[-43.173,-11.316],[-43.191,-11.28],[-43.199,-11.238],[-43.181,-11.192],[-43.149,-11.164],[-43.121,-11.077],[-43.1,-11.057],[-43.095,-11.026],[-43.051,-11.006],[-43.038,-10.969],[-42.998,-10.947],[-42.988,-10.908],[-42.949,-10.886],[-42.921,-10.848],[-42.874,-10.835],[-42.863,-10.81],[-42.781,-10.818],[-42.738,-10.773],[-42.703,-10.715],[-42.698,-10.668],[-42.661,-10.588],[-42.619,-10.569],[-42.942,-10.407],[-43.279,-10.237],[-43.385,-10.24],[-43.373,-10.284],[-43.389,-10.342],[-43.378,-10.403],[-43.381,-10.584],[-43.371,-10.613],[-43.382,-10.65],[-43.377,-10.718],[-43.395,-10.796],[-43.388,-10.858],[-43.549,-10.87],[-43.759,-10.909],[-43.785,-10.908],[-43.842,-10.85],[-43.901,-10.857],[-43.923,-10.897],[-43.957,-10.928],[-44.017,-10.941],[-44.025,-10.956],[-44.0,-10.998],[-43.96,-11.051],[-43.926,-11.082],[-43.908,-11.124],[-43.862,-11.281],[-43.83,-11.349],[-43.797,-11.459],[-43.77,-11.587],[-43.738,-11.676],[-43.707,-11.729],[-43.678,-11.794],[-43.662,-11.865],[-43.632,-11.931],[-43.511,-11.931],[-43.492,-11.854],[-43.462,-11.827],[-43.461,-11.807],[-43.38,-11.786],[-43.391,-11.734],[-43.348,-11.736],[-43.382,-11.689],[-43.379,-11.628],[-43.353,-11.589],[-43.304,-11.582],[-43.284,-11.561]]]}},{"type":"Feature","properties":{"code":"2918753"},"geometry":{"type":"Polygon","coordinates":[[[-42.087,-14.057],[-42.135,-13.976],[-42.152,-13.928],[-42.152,-13.861],[-42.18,-13.867],[-42.221,-13.909],[-42.272,-13.888],[-42.337,-13.903],[-42.367,-13.944],[-42.361,-13.977],[-42.376,-13.99],[-42.352,-14.095],[-42.347,-14.195],[-42.303,-14.175],[-42.229,-14.199],[-42.221,-14.172],[-42.185,-14.173],[-42.145,-14.16],[-41.994,-14.167],[-42.016,-14.119],[-42.087,-14.057]]]}},{"type":"Feature","properties":{"code":"2910859"},"geometry":{"type":"Polygon","coordinates":[[[-40.204,-10.818],[-40.157,-10.858],[-40.102,-10.852],[-40.058,-10.858],[-40.024,-10.71],[-40.004,-10.672],[-39.995,-10.632],[-40.018,-10.621],[-40.143,-10.638],[-40.161,-10.617],[-40.196,-10.635],[-40.221,-10.611],[-40.256,-10.609],[-40.281,-10.621],[-40.282,-10.673],[-40.258,-10.732],[-40.218,-10.758],[-40.204,-10.818]]]}},{"type":"Feature","properties":{"code":"2911204"},"geometry":{"type":"Polygon","coordinates":[[[-39.448,-13.892],[-39.432,-13.843],[-39.439,-13.802],[-39.406,-13.765],[-39.38,-13.714],[-39.44,-13.725],[-39.48,-13.711],[-39.554,-13.727],[-39.565,-13.755],[-39.53,-13.804],[-39.556,-13.838],[-39.538,-13.862],[-39.504,-13.862],[-39.488,-13.881],[-39.448,-13.892]]]}},{"type":"Feature","properties":{"code":"2927002"},"geometry":{"type":"Polygon","coordinates":[[[-37.747,-11.663],[-37.764,-11.638],[-37.822,-11.597],[-37.829,-11.559],[-37.8,-11.521],[-37.809,-11.496],[-37.833,-11.482],[-37.853,-11.467],[-37.87,-11.435],[-37.898,-11.438],[-37.917,-11.403],[-37.936,-11.422],[-37.968,-11.389],[-37.982,-11.348],[-37.994,-11.343],[-38.036,-11.39],[-38.045,-11.426],[-38.08,-11.442],[-38.08,-11.465],[-38.048,-11.497],[-38.057,-11.526],[-37.98,-11.595],[-37.947,-11.616],[-37.936,-11.668],[-37.912,-11.681],[-37.865,-11.684],[-37.86,-11.713],[-37.836,-11.735],[-37.813,-11.737],[-37.778,-11.707],[-37.732,-11.708],[-37.747,-11.663]]]}},{"type":"Feature","properties":{"code":"2918803"},"geometry":{"type":"Polygon","coordinates":[[[-39.438,-13.237],[-39.381,-13.233],[-39.347,-13.251],[-39.334,-13.218],[-39.315,-13.206],[-39.27,-13.263],[-39.248,-13.266],[-39.232,-13.292],[-39.204,-13.285],[-39.219,-13.24],[-39.171,-13.233],[-39.207,-13.197],[-39.231,-13.208],[-39.25,-13.189],[-39.303,-13.164],[-39.296,-13.143],[-39.245,-13.131],[-39.214,-13.109],[-39.178,-13.117],[-39.123,-13.108],[-39.134,-13.091],[-39.179,-13.107],[-39.202,-13.078],[-39.246,-13.095],[-39.256,-13.07],[-39.276,-13.07],[-39.322,-13.094],[-39.375,-13.111],[-39.47,-13.124],[-39.503,-13.117],[-39.538,-13.124],[-39.549,-13.153],[-39.539,-13.176],[-39.526,-13.181],[-39.49,-13.176],[-39.467,-13.2],[-39.447,-13.186],[-39.438,-13.237]]]}},{"type":"Feature","properties":{"code":"2903003"},"geometry":{"type":"Polygon","coordinates":[[[-42.089,-12.291],[-42.04,-12.291],[-42.058,-12.245],[-42.029,-12.234],[-41.985,-12.291],[-41.968,-12.266],[-41.989,-12.232],[-41.967,-12.223],[-41.97,-12.092],[-41.945,-12.079],[-41.983,-12.044],[-41.979,-12.021],[-41.95,-12.022],[-41.962,-11.97],[-41.993,-11.965],[-41.997,-11.907],[-42.024,-11.893],[-42.026,-11.87],[-42.007,-11.832],[-42.022,-11.815],[-41.985,-11.795],[-41.971,-11.802],[-41.967,-11.762],[-41.989,-11.743],[-42.037,-11.728],[-42.136,-11.741],[-42.36,-11.714],[-42.337,-11.749],[-42.31,-11.77],[-42.292,-11.812],[-42.291,-11.854],[-42.245,-11.948],[-42.094,-12.178],[-42.088,-12.228],[-42.089,-12.291]]]}},{"type":"Feature","properties":{"code":"2903102"},"geometry":{"type":"Polygon","coordinates":[[[-39.664,-14.185],[-39.661,-14.201],[-39.576,-14.216],[-39.543,-14.058],[-39.527,-14.052],[-39.523,-14.012],[-39.546,-13.96],[-39.606,-14.063],[-39.61,-14.114],[-39.653,-14.132],[-39.667,-14.162],[-39.664,-14.185]]]}},{"type":"Feature","properties":{"code":"2926301"},"geometry":{"type":"Polygon","coordinates":[[[-39.297,-11.991],[-39.286,-11.967],[-39.308,-11.94],[-39.276,-11.893],[-39.28,-11.832],[-39.24,-11.774],[-39.253,-11.753],[-39.262,-11.738],[-39.363,-11.647],[-39.486,-11.601],[-39.509,-11.577],[-39.536,-11.57],[-39.554,-11.591],[-39.55,-11.634],[-39.557,-11.676],[-39.641,-11.725],[-39.541,-11.758],[-39.534,-11.832],[-39.519,-11.825],[-39.467,-11.872],[-39.505,-11.901],[-39.51,-11.941],[-39.559,-12.009],[-39.537,-12.025],[-39.413,-12.003],[-39.368,-11.97],[-39.346,-11.968],[-39.297,-11.991]]]}},{"type":"Feature","properties":{"code":"2911253"},"geometry":{"type":"Polygon","coordinates":[[[-39.766,-11.591],[-39.733,-11.588],[-39.675,-11.554],[-39.619,-11.505],[-39.654,-11.473],[-39.656,-11.431],[-39.699,-11.399],[-39.717,-11.395],[-39.758,-11.421],[-39.771,-11.458],[-39.825,-11.5],[-39.883,-11.481],[-39.898,-11.491],[-39.898,-11.556],[-39.865,-11.581],[-39.846,-11.576],[-39.766,-11.591]]]}},{"type":"Feature","properties":{"code":"2918100"},"geometry":{"type":"Polygon","coordinates":[[[-38.31,-10.28],[-38.303,-10.258],[-38.256,-10.247],[-38.219,-10.219],[-38.196,-10.188],[-38.166,-10.184],[-38.151,-10.216],[-38.125,-10.227],[-38.107,-10.216],[-38.09,-10.148],[-38.08,-10.087],[-38.088,-10.047],[-38.109,-10.003],[-38.1,-9.968],[-38.14,-9.941],[-38.116,-9.922],[-38.194,-9.9],[-38.205,-9.909],[-38.267,-9.86],[-38.333,-9.785],[-38.443,-9.699],[-38.488,-9.713],[-38.549,-9.685],[-38.785,-9.647],[-38.773,-9.674],[-38.786,-9.747],[-38.829,-9.755],[-38.865,-9.781],[-38.861,-9.824],[-38.919,-9.855],[-38.932,-9.874],[-38.919,-9.96],[-38.899,-9.979],[-38.879,-9.967],[-38.855,-9.996],[-38.805,-10.011],[-38.78,-10.061],[-38.744,-10.103],[-38.713,-10.127],[-38.734,-10.164],[-38.694,-10.19],[-38.67,-10.183],[-38.601,-10.219],[-38.577,-10.252],[-38.582,-10.282],[-38.56,-10.276],[-38.521,-10.308],[-38.478,-10.311],[-38.407,-10.294],[-38.384,-10.279],[-38.345,-10.266],[-38.31,-10.28]]]}},{"type":"Feature","properties":{"code":"2926400"},"geometry":{"type":"Polygon","coordinates":[[[-43.443,-13.893],[-43.377,-13.96],[-43.374,-13.977],[-43.276,-13.993],[-43.214,-13.982],[-43.128,-13.981],[-43.105,-13.932],[-43.133,-13.888],[-43.139,-13.844],[-43.102,-13.795],[-43.071,-13.775],[-43.029,-13.734],[-42.944,-13.753],[-42.773,-13.746],[-42.778,-13.698],[-42.771,-13.656],[-42.741,-13.631],[-42.705,-13.633],[-42.724,-13.603],[-42.72,-13.563],[-42.711,-13.503],[-42.68,-13.479],[-42.718,-13.43],[-42.768,-13.405],[-42.782,-13.364],[-42.913,-13.295],[-42.947,-13.29],[-42.96,-13.334],[-43.117,-13.324],[-43.129,-13.428],[-43.163,-13.441],[-43.188,-13.519],[-43.241,-13.61],[-43.44,-13.876],[-43.443,-13.893]]]}},{"type":"Feature","properties":{"code":"2911105"},"geometry":{"type":"Polygon","coordinates":[[[-46.113,-11.606],[-46.109,-11.56],[-46.024,-11.552],[-45.966,-11.531],[-45.913,-11.534],[-45.874,-11.524],[-45.854,-11.491],[-45.773,-11.462],[-45.72,-11.46],[-45.659,-11.437],[-45.632,-11.494],[-45.557,-11.477],[-45.381,-11.384],[-45.319,-11.397],[-45.276,-11.398],[-45.257,-11.421],[-45.23,-11.423],[-45.185,-11.403],[-45.078,-11.394],[-45.059,-11.401],[-45.029,-11.362],[-44.993,-11.362],[-44.991,-11.347],[-44.959,-11.312],[-44.959,-11.215],[-44.983,-11.159],[-45.008,-11.122],[-44.959,-11.07],[-44.978,-11.035],[-44.97,-11.005],[-44.98,-10.969],[-44.945,-10.919],[-44.973,-10.892],[-45.017,-10.885],[-45.051,-10.851],[-45.082,-10.839],[-45.158,-10.839],[-45.246,-10.822],[-45.269,-10.776],[-45.33,-10.756],[-45.358,-10.732],[-45.369,-10.68],[-45.385,-10.652],[-45.414,-10.645],[-45.437,-10.616],[-45.446,-10.562],[-45.447,-10.509],[-45.4,-10.463],[-45.396,-10.445],[-45.429,-10.414],[-45.43,-10.36],[-45.491,-10.301],[-45.522,-10.277],[-45.523,-10.244],[-45.557,-10.217],[-45.572,-10.181],[-45.568,-10.139],[-45.603,-10.108],[-45.648,-10.127],[-45.69,-10.155],[-45.724,-10.155],[-45.702,-10.179],[-45.699,-10.259],[-45.727,-10.312],[-45.798,-10.323],[-45.82,-10.456],[-45.871,-10.503],[-45.929,-10.522],[-45.975,-10.552],[-46.061,-10.6],[-46.128,-10.621],[-46.161,-10.659],[-46.15,-10.692],[-46.165,-10.723],[-46.193,-10.743],[-46.206,-10.798],[-46.226,-10.783],[-46.261,-10.812],[-46.267,-10.935],[-46.342,-10.939],[-46.466,-11.134],[-46.553,-11.265],[-46.577,-11.342],[-46.56,-11.372],[-46.532,-11.377],[-46.524,-11.464],[-46.439,-11.521],[-46.35,-11.506],[-46.251,-11.537],[-46.209,-11.585],[-46.113,-11.606]]]}},{"type":"Feature","properties":{"code":"2918209"},"geometry":{"type":"Polygon","coordinates":[[[-39.598,-13.471],[-39.59,-13.426],[-39.56,-13.422],[-39.543,-13.338],[-39.538,-13.249],[-39.526,-13.181],[-39.539,-13.176],[-39.566,-13.188],[-39.608,-13.19],[-39.592,-13.251],[-39.613,-13.269],[-39.606,-13.297],[-39.639,-13.36],[-39.63,-13.406],[-39.645,-13.426],[-39.632,-13.471],[-39.598,-13.471]]]}},{"type":"Feature","properties":{"code":"2902906"},"geometry":{"type":"Polygon","coordinates":[[[-40.551,-15.037],[-40.501,-14.978],[-40.434,-14.919],[-40.409,-14.853],[-40.444,-14.807],[-40.526,-14.756],[-40.669,-14.828],[-40.717,-14.884],[-40.713,-14.94],[-40.74,-15.001],[-40.706,-15.015],[-40.702,-15.076],[-40.551,-15.037]]]}},{"type":"Feature","properties":{"code":"2926202"},"geometry":{"type":"Polygon","coordinates":[[[-46.081,-11.624],[-46.054,-11.619],[-45.961,-11.627],[-45.841,-11.656],[-45.823,-11.687],[-45.679,-11.75],[-45.669,-11.77],[-45.592,-11.789],[-45.522,-11.771],[-45.474,-11.766],[-45.45,-11.778],[-45.408,-11.777],[-45.371,-11.748],[-45.323,-11.732],[-45.279,-11.742],[-45.247,-11.771],[-45.177,-11.815],[-45.169,-11.845],[-45.098,-11.857],[-45.068,-11.871],[-45.032,-11.904],[-44.972,-11.982],[-44.965,-12.001],[-44.93,-12.006],[-44.913,-12.011],[-44.88,-11.983],[-44.869,-11.941],[-44.829,-11.909],[-44.82,-11.882],[-44.754,-11.866],[-44.728,-11.83],[-44.697,-11.807],[-44.662,-11.748],[-44.642,-11.709],[-44.685,-11.66],[-44.685,-11.408],[-44.713,-11.397],[-44.771,-11.422],[-44.793,-11.417],[-44.819,-11.384],[-44.839,-11.385],[-44.873,-11.346],[-44.909,-11.354],[-44.944,-11.341],[-44.983,-11.383],[-44.993,-11.362],[-45.029,-11.362],[-45.059,-11.401],[-45.078,-11.394],[-45.185,-11.403],[-45.23,-11.423],[-45.257,-11.421],[-45.276,-11.398],[-45.319,-11.397],[-45.381,-11.384],[-45.557,-11.477],[-45.632,-11.494],[-45.659,-11.437],[-45.72,-11.46],[-45.773,-11.462],[-45.854,-11.491],[-45.874,-11.524],[-45.913,-11.534],[-45.966,-11.531],[-46.024,-11.552],[-46.109,-11.56],[-46.113,-11.606],[-46.081,-11.624]]]}},{"type":"Feature","properties":{"code":"2918001"},"geometry":{"type":"Polygon","coordinates":[[[-40.098,-14.267],[-40.082,-14.214],[-40.113,-14.17],[-40.102,-14.135],[-40.078,-14.119],[-40.055,-14.071],[-40.028,-14.049],[-39.991,-14.05],[-39.937,-14.079],[-39.913,-14.063],[-39.9,-14.027],[-39.907,-14.026],[-39.975,-13.943],[-39.94,-13.894],[-39.829,-13.892],[-39.827,-13.924],[-39.784,-13.939],[-39.761,-13.992],[-39.735,-13.932],[-39.705,-13.909],[-39.741,-13.913],[-39.784,-13.849],[-39.783,-13.816],[-39.813,-13.803],[-39.813,-13.765],[-39.846,-13.745],[-39.85,-13.711],[-39.852,-13.656],[-39.887,-13.66],[-39.895,-13.695],[-39.925,-13.675],[-39.957,-13.673],[-39.989,-13.642],[-40.041,-13.634],[-40.087,-13.64],[-40.097,-13.669],[-40.095,-13.684],[-40.173,-13.685],[-40.196,-13.71],[-40.239,-13.715],[-40.291,-13.701],[-40.37,-13.71],[-40.417,-13.709],[-40.45,-13.725],[-40.467,-13.717],[-40.474,-13.678],[-40.499,-13.716],[-40.538,-13.729],[-40.519,-13.789],[-40.44,-13.865],[-40.505,-13.887],[-40.517,-13.941],[-40.51,-13.95],[-40.349,-14.033],[-40.319,-14.006],[-40.247,-14.042],[-40.232,-14.031],[-40.205,-14.054],[-40.221,-14.096],[-40.211,-14.126],[-40.175,-14.135],[-40.189,-14.201],[-40.181,-14.224],[-40.163,-14.253],[-40.113,-14.228],[-40.098,-14.267]]]}},{"type":"Feature","properties":{"code":"2902252"},"geometry":{"type":"Polygon","coordinates":[[[-39.325,-15.329],[-39.333,-15.291],[-39.306,-15.261],[-39.298,-15.204],[-39.33,-15.133],[-39.33,-15.113],[-39.406,-15.133],[-39.454,-15.174],[-39.46,-15.206],[-39.482,-15.21],[-39.489,-15.246],[-39.543,-15.242],[-39.571,-15.232],[-39.579,-15.288],[-39.485,-15.307],[-39.481,-15.342],[-39.44,-15.31],[-39.434,-15.333],[-39.365,-15.353],[-39.325,-15.329]]]}},{"type":"Feature","properties":{"code":"2910503"},"geometry":{"type":"Polygon","coordinates":[[[-37.944,-12.377],[-37.905,-12.386],[-37.893,-12.408],[-37.813,-12.293],[-37.77,-12.239],[-37.761,-12.22],[-37.797,-12.189],[-37.837,-12.216],[-37.876,-12.209],[-37.905,-12.223],[-37.953,-12.191],[-37.935,-12.14],[-37.98,-12.117],[-38.023,-12.081],[-38.009,-12.046],[-38.015,-12.008],[-37.983,-11.955],[-37.951,-11.934],[-37.977,-11.908],[-37.989,-11.876],[-38.026,-11.848],[-38.046,-11.853],[-38.1,-11.843],[-38.142,-11.803],[-38.2,-11.792],[-38.192,-11.887],[-38.191,-11.91],[-38.273,-11.963],[-38.283,-12.04],[-38.239,-12.015],[-38.198,-12.019],[-38.211,-12.051],[-38.198,-12.111],[-38.146,-12.125],[-38.138,-12.143],[-38.104,-12.141],[-38.082,-12.158],[-38.069,-12.138],[-38.019,-12.183],[-38.017,-12.218],[-37.922,-12.264],[-37.913,-12.309],[-37.971,-12.37],[-37.944,-12.377]]]}},{"type":"Feature","properties":{"code":"2918357"},"geometry":{"type":"Polygon","coordinates":[[[-41.746,-11.392],[-41.752,-11.414],[-41.7,-11.411],[-41.64,-11.395],[-41.591,-11.36],[-41.571,-11.322],[-41.521,-11.273],[-41.496,-11.271],[-41.452,-11.244],[-41.422,-11.243],[-41.365,-11.184],[-41.368,-11.143],[-41.395,-11.103],[-41.437,-11.022],[-41.435,-11.007],[-41.498,-11.059],[-41.526,-11.092],[-41.565,-11.097],[-41.597,-11.122],[-41.607,-11.145],[-41.633,-11.14],[-41.648,-11.168],[-41.717,-11.197],[-41.74,-11.223],[-41.742,-11.271],[-41.733,-11.332],[-41.749,-11.372],[-41.746,-11.392]]]}},{"type":"Feature","properties":{"code":"2902302"},"geometry":{"type":"Polygon","coordinates":[[[-39.123,-13.108],[-39.116,-13.132],[-39.09,-13.144],[-39.009,-13.128],[-38.983,-13.091],[-38.956,-13.09],[-38.957,-13.062],[-39.053,-13.048],[-39.109,-13.038],[-39.117,-13.058],[-39.153,-13.041],[-39.175,-13.082],[-39.202,-13.078],[-39.179,-13.107],[-39.134,-13.091],[-39.123,-13.108]]]}},{"type":"Feature","properties":{"code":"2926657"},"geometry":{"type":"Polygon","coordinates":[[[-40.512,-15.677],[-40.492,-15.646],[-40.481,-15.605],[-40.501,-15.416],[-40.471,-15.301],[-40.49,-15.28],[-40.562,-15.271],[-40.606,-15.284],[-40.666,-15.268],[-40.691,-15.241],[-40.748,-15.249],[-40.79,-15.247],[-40.817,-15.285],[-40.836,-15.298],[-40.886,-15.298],[-40.875,-15.327],[-40.893,-15.362],[-40.872,-15.411],[-40.852,-15.437],[-40.803,-15.475],[-40.773,-15.486],[-40.749,-15.479],[-40.739,-15.533],[-40.683,-15.577],[-40.661,-15.607],[-40.642,-15.601],[-40.593,-15.634],[-40.563,-15.663],[-40.512,-15.677]]]}},{"type":"Feature","properties":{"code":"2918456"},"geometry":{"type":"Polygon","coordinates":[[[-40.077,-17.082],[-40.068,-17.067],[-40.079,-17.025],[-40.063,-16.984],[-40.027,-16.936],[-40.011,-16.94],[-39.99,-16.893],[-39.944,-16.848],[-39.916,-16.874],[-39.866,-16.839],[-39.811,-16.848],[-39.772,-16.844],[-39.77,-16.788],[-39.76,-16.762],[-39.768,-16.734],[-39.809,-16.76],[-39.844,-16.762],[-39.927,-16.727],[-39.954,-16.734],[-39.976,-16.707],[-40.036,-16.704],[-40.072,-16.712],[-40.078,-16.687],[-40.127,-16.679],[-40.135,-16.709],[-40.167,-16.695],[-40.203,-16.696],[-40.248,-16.716],[-40.279,-16.675],[-40.307,-16.697],[-40.31,-16.733],[-40.333,-16.77],[-40.324,-16.801],[-40.269,-16.796],[-40.251,-16.831],[-40.282,-16.901],[-40.331,-16.908],[-40.365,-16.875],[-40.401,-16.89],[-40.404,-16.93],[-40.372,-16.942],[-40.23,-16.973],[-40.182,-17.017],[-40.181,-17.043],[-40.156,-17.077],[-40.088,-17.067],[-40.077,-17.082]]]}},{"type":"Feature","properties":{"code":"2910305"},"geometry":{"type":"Polygon","coordinates":[[[-39.532,-13.022],[-39.474,-12.985],[-39.464,-12.953],[-39.459,-12.933],[-39.476,-12.854],[-39.533,-12.883],[-39.623,-12.913],[-39.546,-12.996],[-39.532,-13.022]]]}},{"type":"Feature","properties":{"code":"2926608"},"geometry":{"type":"Polygon","coordinates":[[[-38.558,-11.021],[-38.53,-10.977],[-38.531,-10.96],[-38.469,-10.939],[-38.443,-10.911],[-38.41,-10.917],[-38.411,-10.88],[-38.377,-10.876],[-38.377,-10.84],[-38.377,-10.708],[-38.395,-10.707],[-38.398,-10.633],[-38.437,-10.609],[-38.482,-10.609],[-38.547,-10.564],[-38.572,-10.675],[-38.59,-10.7],[-38.632,-10.717],[-38.666,-10.707],[-38.677,-10.727],[-38.733,-10.718],[-38.767,-10.747],[-38.775,-10.774],[-38.711,-10.89],[-38.668,-10.899],[-38.625,-10.94],[-38.594,-10.988],[-38.594,-11.02],[-38.558,-11.021]]]}},{"type":"Feature","properties":{"code":"2902104"},"geometry":{"type":"Polygon","coordinates":[[[-39.206,-11.274],[-39.18,-11.27],[-39.13,-11.3],[-39.136,-11.323],[-39.12,-11.373],[-39.12,-11.407],[-39.141,-11.493],[-39.074,-11.421],[-39.054,-11.399],[-38.98,-11.423],[-38.865,-11.382],[-38.823,-11.414],[-38.782,-11.365],[-38.774,-11.356],[-38.804,-11.347],[-38.858,-11.353],[-38.872,-11.346],[-38.941,-11.08],[-38.945,-11.052],[-39.006,-11.053],[-39.013,-11.035],[-39.047,-11.021],[-39.07,-11.043],[-39.115,-11.018],[-39.211,-10.998],[-39.278,-10.987],[-39.275,-11.022],[-39.311,-11.065],[-39.26,-11.069],[-39.257,-11.155],[-39.242,-11.229],[-39.206,-11.274]]]}},{"type":"Feature","properties":{"code":"2910404"},"geometry":{"type":"Polygon","coordinates":[[[-41.142,-15.772],[-41.122,-15.743],[-41.098,-15.741],[-41.079,-15.72],[-41.048,-15.724],[-41.006,-15.714],[-40.978,-15.688],[-40.963,-15.648],[-40.914,-15.661],[-40.903,-15.692],[-40.841,-15.682],[-40.817,-15.648],[-40.78,-15.68],[-40.768,-15.714],[-40.744,-15.684],[-40.701,-15.667],[-40.636,-15.696],[-40.585,-15.698],[-40.52,-15.687],[-40.512,-15.677],[-40.563,-15.663],[-40.593,-15.634],[-40.642,-15.601],[-40.661,-15.607],[-40.683,-15.577],[-40.739,-15.533],[-40.749,-15.479],[-40.773,-15.486],[-40.803,-15.475],[-40.852,-15.437],[-40.872,-15.411],[-40.893,-15.362],[-40.875,-15.327],[-40.886,-15.298],[-40.934,-15.339],[-40.936,-15.444],[-40.975,-15.476],[-41.034,-15.473],[-41.052,-15.509],[-41.174,-15.536],[-41.214,-15.495],[-41.257,-15.515],[-41.362,-15.495],[-41.356,-15.5],[-41.342,-15.639],[-41.33,-15.743],[-41.293,-15.739],[-41.269,-15.749],[-41.215,-15.737],[-41.142,-15.772]]]}},{"type":"Feature","properties":{"code":"2918407"},"geometry":{"type":"Polygon","coordinates":[[[-40.316,-9.908],[-40.286,-9.946],[-40.226,-9.921],[-40.182,-9.887],[-39.982,-9.805],[-39.903,-9.782],[-39.898,-9.741],[-39.889,-9.673],[-39.898,-9.635],[-39.881,-9.552],[-39.868,-9.527],[-39.871,-9.415],[-39.886,-9.33],[-39.88,-9.269],[-39.861,-9.231],[-39.869,-9.2],[-39.89,-9.19],[-39.908,-9.156],[-39.902,-9.13],[-39.922,-9.112],[-39.969,-9.12],[-39.984,-9.095],[-39.978,-9.055],[-40.005,-9.06],[-40.066,-9.063],[-40.077,-9.078],[-40.13,-9.11],[-40.16,-9.108],[-40.209,-9.064],[-40.239,-9.054],[-40.273,-9.082],[-40.293,-9.147],[-40.286,-9.186],[-40.309,-9.275],[-40.356,-9.377],[-40.391,-9.372],[-40.418,-9.352],[-40.439,-9.368],[-40.468,-9.421],[-40.511,-9.407],[-40.542,-9.426],[-40.556,-9.458],[-40.623,-9.483],[-40.681,-9.467],[-40.714,-9.445],[-40.732,-9.461],[-40.743,-9.518],[-40.77,-9.569],[-40.769,-9.651],[-40.742,-9.7],[-40.768,-9.778],[-40.755,-9.799],[-40.787,-9.851],[-40.814,-9.871],[-40.643,-9.887],[-40.503,-9.971],[-40.412,-9.973],[-40.383,-9.944],[-40.316,-9.908]]]}},{"type":"Feature","properties":{"code":"2902203"},"geometry":{"type":"Polygon","coordinates":[[[-38.58,-12.082],[-38.571,-12.124],[-38.587,-12.194],[-38.49,-12.161],[-38.491,-12.127],[-38.444,-12.104],[-38.434,-12.077],[-38.448,-12.002],[-38.475,-11.949],[-38.521,-11.936],[-38.57,-11.961],[-38.597,-11.953],[-38.631,-11.933],[-38.607,-11.994],[-38.606,-12.022],[-38.586,-12.045],[-38.58,-12.082]]]}},{"type":"Feature","properties":{"code":"2926509"},"geometry":{"type":"Polygon","coordinates":[[[-38.438,-11.118],[-38.402,-11.097],[-38.322,-11.072],[-38.246,-10.921],[-38.21,-10.931],[-38.228,-10.914],[-38.236,-10.882],[-38.237,-10.808],[-38.288,-10.827],[-38.343,-10.816],[-38.353,-10.84],[-38.377,-10.84],[-38.377,-10.876],[-38.411,-10.88],[-38.41,-10.917],[-38.443,-10.911],[-38.469,-10.939],[-38.531,-10.96],[-38.53,-10.977],[-38.558,-11.021],[-38.506,-11.054],[-38.475,-11.089],[-38.438,-11.118]]]}},{"type":"Feature","properties":{"code":"2910701"},"geometry":{"type":"Polygon","coordinates":[[[-39.259,-10.678],[-39.231,-10.678],[-39.038,-10.631],[-39.013,-10.647],[-38.95,-10.655],[-38.939,-10.623],[-38.779,-10.604],[-38.775,-10.626],[-38.74,-10.607],[-38.705,-10.565],[-38.701,-10.506],[-38.656,-10.485],[-38.633,-10.467],[-38.622,-10.439],[-38.644,-10.364],[-38.579,-10.333],[-38.581,-10.305],[-38.882,-10.27],[-39.077,-10.38],[-39.185,-10.256],[-39.168,-10.298],[-39.172,-10.329],[-39.143,-10.409],[-39.187,-10.423],[-39.156,-10.445],[-39.147,-10.484],[-39.156,-10.556],[-39.165,-10.573],[-39.221,-10.598],[-39.259,-10.678]]]}},{"type":"Feature","properties":{"code":"2918308"},"geometry":{"type":"Polygon","coordinates":[[[-39.8,-14.06],[-39.794,-14.011],[-39.761,-13.992],[-39.784,-13.939],[-39.827,-13.924],[-39.829,-13.892],[-39.94,-13.894],[-39.975,-13.943],[-39.907,-14.026],[-39.9,-14.027],[-39.876,-14.012],[-39.843,-14.018],[-39.8,-14.06]]]}},{"type":"Feature","properties":{"code":"2902500"},"geometry":{"type":"Polygon","coordinates":[[[-44.342,-13.118],[-44.307,-13.075],[-44.306,-13.027],[-44.284,-12.997],[-44.256,-12.981],[-44.241,-12.953],[-44.238,-12.886],[-44.182,-12.877],[-44.171,-12.852],[-44.174,-12.821],[-44.154,-12.804],[-44.152,-12.776],[-44.179,-12.741],[-44.265,-12.634],[-44.233,-12.571],[-44.315,-12.523],[-44.33,-12.467],[-44.313,-12.307],[-44.396,-12.288],[-44.465,-12.308],[-44.535,-12.301],[-44.501,-12.222],[-44.534,-12.245],[-44.543,-12.288],[-44.575,-12.306],[-44.674,-12.33],[-44.726,-12.405],[-44.738,-12.409],[-44.741,-12.438],[-44.72,-12.476],[-44.716,-12.518],[-44.694,-12.53],[-44.673,-12.564],[-44.625,-12.572],[-44.61,-12.726],[-44.551,-12.943],[-44.342,-13.118]]]}},{"type":"Feature","properties":{"code":"2910776"},"geometry":{"type":"Polygon","coordinates":[[[-44.046,-14.284],[-44.066,-14.137],[-44.029,-14.093],[-44.087,-14.02],[-44.078,-13.995],[-44.107,-13.985],[-44.195,-13.926],[-44.253,-13.972],[-44.277,-14.031],[-44.316,-14.044],[-44.38,-14.044],[-44.391,-14.076],[-44.419,-14.101],[-44.428,-14.134],[-44.45,-14.161],[-44.462,-14.194],[-44.427,-14.27],[-44.412,-14.282],[-44.362,-14.273],[-44.341,-14.249],[-44.296,-14.253],[-44.209,-14.247],[-44.17,-14.269],[-44.107,-14.259],[-44.046,-14.284]]]}},{"type":"Feature","properties":{"code":"2910750"},"geometry":{"type":"Polygon","coordinates":[[[-38.215,-10.725],[-38.177,-10.706],[-38.145,-10.718],[-38.13,-10.579],[-38.15,-10.457],[-38.187,-10.482],[-38.22,-10.477],[-38.251,-10.525],[-38.284,-10.538],[-38.268,-10.675],[-38.246,-10.71],[-38.215,-10.725]]]}},{"type":"Feature","properties":{"code":"2925808"},"geometry":{"type":"Polygon","coordinates":[[[-39.862,-11.313],[-39.824,-11.29],[-39.742,-11.25],[-39.703,-11.224],[-39.662,-11.212],[-39.634,-11.181],[-39.572,-11.132],[-39.493,-11.095],[-39.477,-11.07],[-39.421,-11.029],[-39.415,-11.008],[-39.461,-10.991],[-39.48,-10.95],[-39.518,-10.945],[-39.535,-10.915],[-39.537,-10.86],[-39.579,-10.818],[-39.586,-10.777],[-39.682,-10.786],[-39.626,-10.875],[-39.628,-10.915],[-39.669,-10.947],[-39.782,-10.955],[-39.826,-10.939],[-39.87,-10.903],[-39.889,-10.9],[-39.923,-10.918],[-39.999,-10.884],[-40.019,-10.884],[-40.008,-10.917],[-40.025,-10.981],[-39.982,-11.151],[-39.953,-11.157],[-39.955,-11.249],[-39.862,-11.313]]]}},{"type":"Feature","properties":{"code":"2910727"},"geometry":{"type":"Polygon","coordinates":[[[-39.698,-16.548],[-39.698,-16.513],[-39.651,-16.505],[-39.608,-16.469],[-39.548,-16.478],[-39.519,-16.495],[-39.505,-16.444],[-39.483,-16.407],[-39.457,-16.392],[-39.442,-16.327],[-39.439,-16.283],[-39.396,-16.282],[-39.392,-16.265],[-39.421,-16.233],[-39.403,-16.098],[-39.433,-16.077],[-39.469,-16.094],[-39.493,-16.083],[-39.524,-16.121],[-39.543,-16.116],[-39.595,-16.154],[-39.753,-16.197],[-39.864,-16.253],[-39.843,-16.295],[-39.779,-16.354],[-39.756,-16.394],[-39.773,-16.416],[-39.755,-16.452],[-39.721,-16.441],[-39.741,-16.503],[-39.698,-16.548]]]}},{"type":"Feature","properties":{"code":"2902401"},"geometry":{"type":"Polygon","coordinates":[[[-39.323,-14.46],[-39.329,-14.434],[-39.318,-14.349],[-39.291,-14.312],[-39.347,-14.313],[-39.379,-14.294],[-39.408,-14.31],[-39.443,-14.304],[-39.463,-14.325],[-39.549,-14.347],[-39.552,-14.306],[-39.574,-14.298],[-39.6,-14.311],[-39.626,-14.287],[-39.675,-14.291],[-39.686,-14.361],[-39.697,-14.37],[-39.59,-14.395],[-39.536,-14.393],[-39.526,-14.412],[-39.49,-14.42],[-39.364,-14.45],[-39.323,-14.46]]]}},{"type":"Feature","properties":{"code":"2910602"},"geometry":{"type":"Polygon","coordinates":[[[-37.686,-12.099],[-37.702,-12.064],[-37.733,-12.04],[-37.721,-12.021],[-37.748,-12.006],[-37.74,-11.975],[-37.763,-11.965],[-37.738,-11.908],[-37.801,-11.828],[-37.864,-11.77],[-37.813,-11.737],[-37.836,-11.735],[-37.86,-11.713],[-37.865,-11.684],[-37.912,-11.681],[-37.923,-11.677],[-37.989,-11.737],[-38.011,-11.769],[-38.047,-11.68],[-38.066,-11.689],[-38.139,-11.764],[-38.142,-11.803],[-38.1,-11.843],[-38.046,-11.853],[-38.026,-11.848],[-37.989,-11.876],[-37.977,-11.908],[-37.951,-11.934],[-37.926,-11.958],[-37.87,-11.972],[-37.865,-12.014],[-37.874,-12.087],[-37.885,-12.106],[-37.888,-12.157],[-37.935,-12.14],[-37.953,-12.191],[-37.905,-12.223],[-37.876,-12.209],[-37.837,-12.216],[-37.797,-12.189],[-37.761,-12.22],[-37.77,-12.239],[-37.686,-12.099]]]}},{"type":"Feature","properties":{"code":"2925758"},"geometry":{"type":"Polygon","coordinates":[[[-39.349,-13.573],[-39.342,-13.538],[-39.303,-13.485],[-39.325,-13.439],[-39.312,-13.391],[-39.361,-13.355],[-39.411,-13.327],[-39.446,-13.368],[-39.465,-13.368],[-39.488,-13.402],[-39.546,-13.45],[-39.569,-13.477],[-39.539,-13.513],[-39.517,-13.505],[-39.495,-13.532],[-39.444,-13.51],[-39.371,-13.544],[-39.349,-13.573]]]}},{"type":"Feature","properties":{"code":"2909901"},"geometry":{"type":"Polygon","coordinates":[[[-39.796,-9.844],[-39.686,-9.763],[-39.669,-9.729],[-39.644,-9.707],[-39.6,-9.7],[-39.36,-9.616],[-39.386,-9.578],[-39.406,-9.58],[-39.413,-9.542],[-39.445,-9.51],[-39.434,-9.457],[-39.404,-9.445],[-39.408,-9.362],[-39.389,-9.318],[-39.357,-9.287],[-39.372,-9.226],[-39.351,-9.157],[-39.408,-9.133],[-39.468,-8.976],[-39.492,-8.836],[-39.374,-8.563],[-39.357,-8.547],[-39.38,-8.533],[-39.416,-8.542],[-39.452,-8.563],[-39.476,-8.593],[-39.519,-8.604],[-39.569,-8.637],[-39.614,-8.658],[-39.646,-8.66],[-39.689,-8.661],[-39.693,-8.681],[-39.674,-8.745],[-39.673,-8.785],[-39.695,-8.8],[-39.748,-8.794],[-39.789,-8.819],[-39.82,-8.813],[-39.893,-8.829],[-39.901,-8.864],[-39.879,-8.902],[-39.874,-8.937],[-39.889,-8.966],[-39.956,-9.046],[-39.978,-9.055],[-39.984,-9.095],[-39.969,-9.12],[-39.922,-9.112],[-39.902,-9.13],[-39.908,-9.156],[-39.89,-9.19],[-39.869,-9.2],[-39.861,-9.231],[-39.88,-9.269],[-39.886,-9.33],[-39.871,-9.415],[-39.868,-9.527],[-39.881,-9.552],[-39.898,-9.635],[-39.889,-9.673],[-39.898,-9.741],[-39.882,-9.746],[-39.852,-9.807],[-39.796,-9.844]]]}},{"type":"Feature","properties":{"code":"2910008"},"geometry":{"type":"Polygon","coordinates":[[[-40.094,-14.521],[-40.077,-14.538],[-40.031,-14.535],[-39.988,-14.508],[-39.963,-14.483],[-39.922,-14.468],[-39.902,-14.436],[-39.837,-14.443],[-39.824,-14.383],[-39.872,-14.386],[-39.908,-14.364],[-39.948,-14.363],[-39.982,-14.322],[-40.005,-14.266],[-40.014,-14.288],[-40.054,-14.283],[-40.068,-14.246],[-40.098,-14.267],[-40.099,-14.303],[-40.069,-14.315],[-40.068,-14.378],[-40.041,-14.388],[-40.059,-14.486],[-40.08,-14.486],[-40.094,-14.521]]]}},{"type":"Feature","properties":{"code":"2925709"},"geometry":{"type":"Polygon","coordinates":[[[-41.632,-14.902],[-41.609,-14.874],[-41.568,-14.855],[-41.546,-14.814],[-41.565,-14.786],[-41.585,-14.729],[-41.587,-14.696],[-41.61,-14.61],[-41.655,-14.578],[-41.665,-14.545],[-41.638,-14.509],[-41.655,-14.49],[-41.694,-14.476],[-41.793,-14.468],[-41.809,-14.533],[-41.854,-14.534],[-41.874,-14.569],[-41.845,-14.576],[-41.868,-14.648],[-41.876,-14.692],[-41.895,-14.705],[-41.901,-14.739],[-41.868,-14.78],[-41.829,-14.794],[-41.806,-14.871],[-41.771,-14.883],[-41.744,-14.866],[-41.687,-14.913],[-41.641,-14.918],[-41.632,-14.902]]]}},{"type":"Feature","properties":{"code":"2901809"},"geometry":{"type":"Polygon","coordinates":[[[-40.478,-10.691],[-40.462,-10.673],[-40.395,-10.651],[-40.401,-10.595],[-40.364,-10.59],[-40.336,-10.604],[-40.295,-10.608],[-40.281,-10.621],[-40.256,-10.609],[-40.221,-10.611],[-40.196,-10.635],[-40.161,-10.617],[-40.248,-10.517],[-40.27,-10.501],[-40.285,-10.525],[-40.385,-10.545],[-40.458,-10.579],[-40.546,-10.662],[-40.549,-10.7],[-40.507,-10.713],[-40.478,-10.691]]]}},{"type":"Feature","properties":{"code":"2909802"},"geometry":{"type":"Polygon","coordinates":[[[-39.212,-12.649],[-39.145,-12.72],[-39.145,-12.741],[-39.058,-12.73],[-39.044,-12.649],[-39.073,-12.653],[-39.178,-12.63],[-39.212,-12.649]]]}},{"type":"Feature","properties":{"code":"2901601"},"geometry":{"type":"Polygon","coordinates":[[[-38.15,-10.457],[-38.232,-10.406],[-38.264,-10.348],[-38.257,-10.325],[-38.275,-10.301],[-38.311,-10.304],[-38.31,-10.28],[-38.345,-10.266],[-38.384,-10.279],[-38.356,-10.327],[-38.345,-10.37],[-38.38,-10.41],[-38.404,-10.423],[-38.415,-10.463],[-38.367,-10.476],[-38.296,-10.476],[-38.249,-10.46],[-38.22,-10.477],[-38.187,-10.482],[-38.15,-10.457]]]}},{"type":"Feature","properties":{"code":"2926103"},"geometry":{"type":"Polygon","coordinates":[[[-39.486,-11.601],[-39.431,-11.582],[-39.419,-11.565],[-39.346,-11.506],[-39.285,-11.375],[-39.291,-11.372],[-39.399,-11.457],[-39.443,-11.461],[-39.489,-11.476],[-39.477,-11.485],[-39.536,-11.57],[-39.509,-11.577],[-39.486,-11.601]]]}},{"type":"Feature","properties":{"code":"2901700"},"geometry":{"type":"Polygon","coordinates":[[[-39.053,-12.41],[-39.08,-12.379],[-39.071,-12.36],[-39.11,-12.345],[-39.121,-12.31],[-39.149,-12.27],[-39.2,-12.295],[-39.237,-12.29],[-39.245,-12.324],[-39.242,-12.365],[-39.229,-12.386],[-39.195,-12.387],[-39.162,-12.431],[-39.15,-12.479],[-39.127,-12.498],[-39.089,-12.496],[-39.067,-12.453],[-39.053,-12.447],[-39.053,-12.41]]]}},{"type":"Feature","properties":{"code":"2925956"},"geometry":{"type":"Polygon","coordinates":[[[-39.44,-12.615],[-39.417,-12.616],[-39.319,-12.547],[-39.344,-12.53],[-39.364,-12.542],[-39.384,-12.515],[-39.373,-12.436],[-39.394,-12.388],[-39.397,-12.349],[-39.431,-12.328],[-39.463,-12.346],[-39.505,-12.334],[-39.537,-12.341],[-39.591,-12.377],[-39.667,-12.408],[-39.739,-12.41],[-39.807,-12.445],[-39.915,-12.508],[-39.91,-12.517],[-39.893,-12.524],[-39.853,-12.512],[-39.792,-12.558],[-39.762,-12.549],[-39.693,-12.562],[-39.663,-12.557],[-39.635,-12.583],[-39.606,-12.576],[-39.577,-12.55],[-39.547,-12.56],[-39.539,-12.579],[-39.44,-12.615]]]}},{"type":"Feature","properties":{"code":"2925931"},"geometry":{"type":"Polygon","coordinates":[[[-40.077,-11.528],[-40.086,-11.496],[-40.081,-11.448],[-40.07,-11.434],[-40.075,-11.355],[-40.048,-11.342],[-40.035,-11.28],[-40.022,-11.276],[-40.028,-11.223],[-40.066,-11.231],[-40.084,-11.252],[-40.108,-11.303],[-40.188,-11.339],[-40.204,-11.382],[-40.193,-11.436],[-40.196,-11.5],[-40.166,-11.522],[-40.121,-11.522],[-40.106,-11.539],[-40.077,-11.528]]]}},{"type":"Feature","properties":{"code":"2925907"},"geometry":{"type":"Polygon","coordinates":[[[-39.115,-11.018],[-38.965,-10.839],[-38.959,-10.785],[-38.913,-10.779],[-38.879,-10.746],[-38.844,-10.732],[-38.792,-10.726],[-38.767,-10.747],[-38.733,-10.718],[-38.74,-10.647],[-38.777,-10.646],[-38.775,-10.626],[-38.779,-10.604],[-38.939,-10.623],[-38.95,-10.655],[-39.013,-10.647],[-39.038,-10.631],[-39.231,-10.678],[-39.259,-10.678],[-39.272,-10.697],[-39.255,-10.742],[-39.224,-10.896],[-39.241,-10.925],[-39.214,-10.971],[-39.211,-10.998],[-39.115,-11.018]]]}},{"type":"Feature","properties":{"code":"2910206"},"geometry":{"type":"Polygon","coordinates":[[[-39.12,-12.963],[-39.137,-12.906],[-39.131,-12.885],[-39.162,-12.849],[-39.185,-12.873],[-39.215,-12.871],[-39.224,-12.94],[-39.18,-12.947],[-39.155,-12.966],[-39.12,-12.963]]]}},{"type":"Feature","properties":{"code":"2902005"},"geometry":{"type":"Polygon","coordinates":[[[-41.108,-14.367],[-41.295,-14.279],[-41.403,-14.261],[-41.368,-14.136],[-41.381,-14.102],[-41.402,-14.102],[-41.493,-14.148],[-41.531,-14.198],[-41.532,-14.219],[-41.571,-14.305],[-41.561,-14.359],[-41.569,-14.387],[-41.551,-14.489],[-41.638,-14.509],[-41.434,-14.551],[-41.4,-14.559],[-41.385,-14.535],[-41.35,-14.528],[-41.329,-14.503],[-41.287,-14.51],[-41.251,-14.489],[-41.245,-14.515],[-41.183,-14.48],[-41.155,-14.497],[-41.129,-14.489],[-41.132,-14.449],[-41.094,-14.442],[-41.069,-14.404],[-41.075,-14.382],[-41.108,-14.367]]]}},{"type":"Feature","properties":{"code":"2926004"},"geometry":{"type":"Polygon","coordinates":[[[-41.903,-9.704],[-41.855,-9.241],[-41.87,-9.237],[-41.922,-9.279],[-41.972,-9.249],[-42.0,-9.266],[-42.019,-9.251],[-42.069,-9.258],[-42.095,-9.279],[-42.135,-9.287],[-42.226,-9.283],[-42.269,-9.31],[-42.316,-9.317],[-42.357,-9.353],[-42.365,-9.382],[-42.419,-9.409],[-42.449,-9.461],[-42.481,-9.459],[-42.493,-9.495],[-42.515,-9.502],[-42.59,-9.498],[-42.603,-9.517],[-42.62,-9.539],[-42.69,-9.546],[-42.71,-9.585],[-42.718,-9.652],[-42.685,-9.659],[-42.664,-9.715],[-42.664,-9.735],[-42.619,-9.722],[-42.523,-9.812],[-42.507,-9.858],[-42.476,-9.877],[-42.452,-9.873],[-42.405,-9.895],[-42.393,-9.914],[-42.355,-9.91],[-42.313,-9.944],[-42.227,-10.029],[-42.2,-9.972],[-42.163,-9.941],[-42.159,-9.923],[-42.119,-9.888],[-42.097,-9.834],[-42.075,-9.803],[-42.081,-9.734],[-42.041,-9.67],[-41.992,-9.666],[-41.964,-9.687],[-41.903,-9.704]]]}},{"type":"Feature","properties":{"code":"2933505"},"geometry":{"type":"Polygon","coordinates":[[[-39.44,-13.725],[-39.447,-13.69],[-39.425,-13.654],[-39.391,-13.646],[-39.425,-13.596],[-39.467,-13.609],[-39.498,-13.587],[-39.621,-13.56],[-39.669,-13.537],[-39.695,-13.512],[-39.727,-13.503],[-39.773,-13.518],[-39.814,-13.564],[-39.777,-13.6],[-39.776,-13.619],[-39.74,-13.695],[-39.714,-13.735],[-39.644,-13.691],[-39.609,-13.703],[-39.598,-13.719],[-39.554,-13.727],[-39.48,-13.711],[-39.44,-13.725]]]}},{"type":"Feature","properties":{"code":"2925303"},"geometry":{"type":"Polygon","coordinates":[[[-39.505,-16.872],[-39.488,-16.928],[-39.469,-16.924],[-39.441,-16.894],[-39.405,-16.915],[-39.34,-16.894],[-39.291,-16.888],[-39.24,-16.918],[-39.185,-16.919],[-39.166,-16.929],[-39.141,-16.896],[-39.117,-16.892],[-39.142,-16.869],[-39.145,-16.809],[-39.14,-16.753],[-39.104,-16.698],[-39.09,-16.628],[-39.086,-16.555],[-39.062,-16.473],[-39.062,-16.436],[-39.028,-16.382],[-39.009,-16.375],[-39.009,-16.346],[-39.114,-16.362],[-39.195,-16.395],[-39.241,-16.374],[-39.307,-16.373],[-39.331,-16.386],[-39.457,-16.392],[-39.483,-16.407],[-39.505,-16.444],[-39.519,-16.495],[-39.453,-16.541],[-39.42,-16.554],[-39.45,-16.578],[-39.473,-16.58],[-39.483,-16.611],[-39.445,-16.638],[-39.392,-16.713],[-39.375,-16.721],[-39.349,-16.771],[-39.441,-16.745],[-39.469,-16.762],[-39.486,-16.796],[-39.48,-16.831],[-39.505,-16.872]]]}},{"type":"Feature","properties":{"code":"2902054"},"geometry":{"type":"Polygon","coordinates":[[[-38.174,-12.261],[-38.077,-12.239],[-38.082,-12.158],[-38.104,-12.141],[-38.138,-12.143],[-38.146,-12.125],[-38.198,-12.111],[-38.211,-12.051],[-38.198,-12.019],[-38.239,-12.015],[-38.283,-12.04],[-38.275,-12.083],[-38.282,-12.133],[-38.305,-12.13],[-38.321,-12.174],[-38.323,-12.222],[-38.356,-12.23],[-38.31,-12.249],[-38.273,-12.278],[-38.174,-12.261]]]}},{"type":"Feature","properties":{"code":"2933455"},"geometry":{"type":"Polygon","coordinates":[[[-43.929,-12.243],[-43.911,-12.205],[-43.865,-12.161],[-43.823,-12.149],[-43.824,-12.125],[-43.798,-12.112],[-43.795,-12.092],[-43.732,-12.048],[-43.724,-12.016],[-43.76,-12.004],[-43.694,-11.9],[-43.712,-11.871],[-43.662,-11.865],[-43.678,-11.794],[-43.707,-11.729],[-43.738,-11.676],[-43.77,-11.587],[-43.797,-11.459],[-43.83,-11.349],[-43.837,-11.353],[-43.841,-11.376],[-43.871,-11.399],[-43.87,-11.443],[-43.918,-11.446],[-43.94,-11.438],[-44.005,-11.503],[-44.024,-11.5],[-44.033,-11.547],[-44.071,-11.559],[-44.096,-11.582],[-44.151,-11.607],[-44.169,-11.65],[-44.165,-11.701],[-44.149,-11.737],[-44.112,-11.756],[-44.059,-11.763],[-44.036,-11.811],[-44.012,-11.808],[-44.015,-11.881],[-44.027,-11.929],[-44.053,-11.973],[-44.067,-12.014],[-44.112,-12.033],[-44.114,-12.046],[-44.048,-12.076],[-44.081,-12.154],[-44.054,-12.158],[-44.044,-12.182],[-44.01,-12.171],[-43.99,-12.19],[-43.965,-12.182],[-43.973,-12.23],[-43.958,-12.238],[-43.929,-12.243]]]}},{"type":"Feature","properties":{"code":"2910057"},"geometry":{"type":"Polygon","coordinates":[[[-38.399,-12.661],[-38.376,-12.677],[-38.35,-12.639],[-38.314,-12.623],[-38.288,-12.635],[-38.219,-12.643],[-38.182,-12.616],[-38.176,-12.597],[-38.132,-12.602],[-38.138,-12.577],[-38.178,-12.541],[-38.215,-12.567],[-38.251,-12.577],[-38.253,-12.6],[-38.279,-12.611],[-38.32,-12.577],[-38.346,-12.574],[-38.355,-12.536],[-38.378,-12.539],[-38.387,-12.557],[-38.367,-12.59],[-38.393,-12.609],[-38.399,-12.661]]]}},{"type":"Feature","properties":{"code":"2901957"},"geometry":{"type":"Polygon","coordinates":[[[-39.85,-13.711],[-39.846,-13.745],[-39.813,-13.765],[-39.813,-13.803],[-39.783,-13.816],[-39.784,-13.849],[-39.741,-13.913],[-39.705,-13.909],[-39.694,-13.892],[-39.68,-13.871],[-39.701,-13.835],[-39.688,-13.815],[-39.702,-13.785],[-39.741,-13.776],[-39.77,-13.785],[-39.786,-13.747],[-39.847,-13.723],[-39.85,-13.711]]]}},{"type":"Feature","properties":{"code":"2910107"},"geometry":{"type":"Polygon","coordinates":[[[-41.768,-13.983],[-41.718,-13.977],[-41.66,-14.001],[-41.559,-13.944],[-41.572,-13.882],[-41.6,-13.85],[-41.619,-13.811],[-41.637,-13.799],[-41.655,-13.762],[-41.69,-13.735],[-41.686,-13.716],[-41.711,-13.685],[-41.749,-13.661],[-41.751,-13.702],[-41.776,-13.724],[-41.799,-13.761],[-41.824,-13.755],[-41.864,-13.826],[-41.843,-13.869],[-41.812,-13.87],[-41.824,-13.903],[-41.8,-13.925],[-41.768,-13.983]]]}},{"type":"Feature","properties":{"code":"2901908"},"geometry":{"type":"Polygon","coordinates":[[[-38.192,-11.887],[-38.2,-11.792],[-38.142,-11.803],[-38.139,-11.764],[-38.066,-11.689],[-38.049,-11.649],[-38.082,-11.61],[-38.117,-11.617],[-38.151,-11.61],[-38.155,-11.632],[-38.224,-11.641],[-38.246,-11.626],[-38.275,-11.647],[-38.302,-11.636],[-38.265,-11.71],[-38.277,-11.752],[-38.297,-11.77],[-38.282,-11.792],[-38.31,-11.839],[-38.295,-11.866],[-38.192,-11.887]]]}},{"type":"Feature","properties":{"code":"2925253"},"geometry":{"type":"Polygon","coordinates":[[[-40.248,-10.911],[-40.211,-10.966],[-40.186,-10.976],[-40.14,-11.018],[-40.09,-11.08],[-40.059,-11.095],[-39.99,-11.163],[-39.982,-11.151],[-40.025,-10.981],[-40.008,-10.917],[-40.019,-10.884],[-40.028,-10.863],[-40.058,-10.858],[-40.102,-10.852],[-40.157,-10.858],[-40.204,-10.818],[-40.242,-10.847],[-40.248,-10.911]]]}},{"type":"Feature","properties":{"code":"2917607"},"geometry":{"type":"Polygon","coordinates":[[[-39.85,-13.711],[-39.847,-13.723],[-39.786,-13.747],[-39.77,-13.785],[-39.741,-13.776],[-39.714,-13.735],[-39.74,-13.695],[-39.776,-13.619],[-39.777,-13.6],[-39.814,-13.564],[-39.888,-13.515],[-39.921,-13.521],[-39.931,-13.496],[-40.006,-13.473],[-39.987,-13.408],[-39.995,-13.365],[-39.982,-13.326],[-39.997,-13.312],[-40.046,-13.313],[-40.077,-13.334],[-40.151,-13.337],[-40.12,-13.41],[-40.094,-13.431],[-40.072,-13.495],[-40.122,-13.527],[-40.11,-13.584],[-40.114,-13.619],[-40.097,-13.669],[-40.087,-13.64],[-40.041,-13.634],[-39.989,-13.642],[-39.957,-13.673],[-39.925,-13.675],[-39.895,-13.695],[-39.887,-13.66],[-39.852,-13.656],[-39.85,-13.711]]]}},{"type":"Feature","properties":{"code":"2933406"},"geometry":{"type":"Polygon","coordinates":[[[-41.275,-12.149],[-41.249,-12.239],[-41.222,-12.284],[-41.208,-12.339],[-41.194,-12.366],[-41.159,-12.386],[-41.063,-12.285],[-41.061,-12.265],[-40.983,-12.263],[-41.015,-12.242],[-41.041,-12.211],[-41.049,-12.182],[-41.041,-12.148],[-41.121,-12.114],[-41.229,-12.137],[-41.275,-12.149]]]}},{"type":"Feature","properties":{"code":"2925204"},"geometry":{"type":"Polygon","coordinates":[[[-38.337,-12.451],[-38.288,-12.447],[-38.262,-12.417],[-38.178,-12.409],[-38.143,-12.372],[-38.163,-12.328],[-38.154,-12.298],[-38.174,-12.261],[-38.273,-12.278],[-38.283,-12.342],[-38.314,-12.338],[-38.355,-12.378],[-38.387,-12.431],[-38.337,-12.451]]]}},{"type":"Feature","properties":{"code":"2909406"},"geometry":{"type":"Polygon","coordinates":[[[-44.345,-12.103],[-44.3,-12.107],[-44.297,-12.125],[-44.251,-12.128],[-44.221,-12.118],[-44.114,-12.046],[-44.112,-12.033],[-44.067,-12.014],[-44.053,-11.973],[-44.027,-11.929],[-44.015,-11.881],[-44.012,-11.808],[-44.036,-11.811],[-44.059,-11.763],[-44.112,-11.756],[-44.149,-11.737],[-44.165,-11.701],[-44.169,-11.65],[-44.151,-11.607],[-44.096,-11.582],[-44.071,-11.559],[-44.033,-11.547],[-44.024,-11.5],[-44.005,-11.503],[-43.94,-11.438],[-43.918,-11.446],[-43.87,-11.443],[-43.871,-11.399],[-43.841,-11.376],[-43.837,-11.353],[-43.879,-11.354],[-43.955,-11.377],[-43.975,-11.375],[-44.005,-11.412],[-44.069,-11.44],[-44.08,-11.421],[-44.121,-11.419],[-44.122,-11.439],[-44.215,-11.469],[-44.252,-11.462],[-44.266,-11.479],[-44.332,-11.483],[-44.353,-11.444],[-44.377,-11.442],[-44.381,-11.415],[-44.417,-11.364],[-44.437,-11.388],[-44.496,-11.403],[-44.531,-11.419],[-44.555,-11.403],[-44.609,-11.409],[-44.685,-11.408],[-44.685,-11.66],[-44.642,-11.709],[-44.662,-11.748],[-44.654,-11.753],[-44.349,-12.081],[-44.345,-12.103]]]}},{"type":"Feature","properties":{"code":"2901205"},"geometry":{"type":"Polygon","coordinates":[[[-41.222,-14.711],[-41.162,-14.769],[-41.162,-14.826],[-41.172,-14.854],[-40.964,-14.789],[-40.959,-14.674],[-40.749,-14.675],[-40.615,-14.671],[-40.633,-14.659],[-40.641,-14.608],[-40.637,-14.578],[-40.647,-14.547],[-40.651,-14.514],[-40.678,-14.476],[-40.66,-14.463],[-40.705,-14.444],[-40.721,-14.426],[-40.72,-14.384],[-40.707,-14.363],[-41.094,-14.442],[-41.069,-14.466],[-41.093,-14.489],[-41.144,-14.587],[-41.131,-14.605],[-41.182,-14.614],[-41.192,-14.65],[-41.218,-14.669],[-41.222,-14.711]]]}},{"type":"Feature","properties":{"code":"2909505"},"geometry":{"type":"Polygon","coordinates":[[[-39.773,-13.518],[-39.727,-13.503],[-39.695,-13.512],[-39.729,-13.489],[-39.711,-13.46],[-39.724,-13.412],[-39.742,-13.413],[-39.747,-13.375],[-39.779,-13.375],[-39.813,-13.337],[-39.877,-13.391],[-39.846,-13.439],[-39.794,-13.457],[-39.772,-13.483],[-39.773,-13.518]]]}},{"type":"Feature","properties":{"code":"2901304"},"geometry":{"type":"Polygon","coordinates":[[[-41.252,-13.121],[-41.23,-13.129],[-41.18,-13.128],[-41.151,-13.107],[-41.166,-13.075],[-41.192,-12.986],[-41.225,-12.936],[-41.233,-12.912],[-41.223,-12.892],[-41.26,-12.807],[-41.225,-12.806],[-41.207,-12.784],[-41.186,-12.786],[-41.15,-12.745],[-41.149,-12.711],[-41.047,-12.689],[-41.007,-12.621],[-40.978,-12.566],[-40.977,-12.517],[-40.964,-12.493],[-40.981,-12.46],[-41.052,-12.476],[-41.084,-12.466],[-41.207,-12.505],[-41.216,-12.53],[-41.278,-12.559],[-41.306,-12.55],[-41.345,-12.566],[-41.324,-12.671],[-41.337,-12.694],[-41.438,-12.71],[-41.411,-12.802],[-41.38,-12.88],[-41.356,-12.89],[-41.33,-12.931],[-41.3,-13.056],[-41.256,-13.097],[-41.252,-13.121]]]}},{"type":"Feature","properties":{"code":"2917508"},"geometry":{"type":"Polygon","coordinates":[[[-40.726,-11.246],[-40.686,-11.212],[-40.612,-11.275],[-40.582,-11.308],[-40.546,-11.304],[-40.507,-11.372],[-40.483,-11.386],[-40.456,-11.383],[-40.442,-11.358],[-40.413,-11.364],[-40.394,-11.384],[-40.316,-11.348],[-40.273,-11.337],[-40.209,-11.331],[-40.188,-11.339],[-40.108,-11.303],[-40.084,-11.252],[-40.11,-11.246],[-40.145,-11.182],[-40.208,-11.184],[-40.302,-11.203],[-40.345,-11.229],[-40.364,-11.212],[-40.412,-11.217],[-40.452,-11.19],[-40.482,-11.049],[-40.529,-11.015],[-40.548,-11.019],[-40.585,-10.99],[-40.688,-10.942],[-40.708,-10.917],[-40.759,-10.88],[-40.774,-10.854],[-40.81,-10.834],[-40.836,-10.792],[-40.89,-10.803],[-40.93,-10.775],[-40.908,-10.816],[-40.901,-10.86],[-40.878,-10.896],[-40.905,-10.944],[-40.899,-10.965],[-40.924,-10.992],[-40.916,-11.023],[-40.801,-11.113],[-40.726,-11.246]]]}},{"type":"Feature","properties":{"code":"2909307"},"geometry":{"type":"Polygon","coordinates":[[[-46.212,-14.01],[-46.169,-13.98],[-46.122,-13.977],[-46.093,-13.957],[-46.048,-13.952],[-46.009,-13.936],[-45.975,-13.899],[-45.904,-13.875],[-45.861,-13.827],[-45.816,-13.813],[-45.784,-13.786],[-45.715,-13.762],[-45.674,-13.739],[-45.613,-13.753],[-45.598,-13.764],[-45.533,-13.768],[-45.48,-13.738],[-45.435,-13.731],[-45.364,-13.736],[-45.337,-13.721],[-45.302,-13.734],[-45.241,-13.745],[-45.116,-13.674],[-44.892,-13.671],[-44.724,-13.586],[-44.667,-13.537],[-44.619,-13.541],[-44.511,-13.511],[-44.503,-13.467],[-44.483,-13.423],[-44.455,-13.417],[-44.431,-13.432],[-44.403,-13.429],[-44.379,-13.411],[-44.339,-13.416],[-44.331,-13.397],[-44.369,-13.398],[-44.391,-13.383],[-44.483,-13.383],[-44.545,-13.35],[-44.559,-13.331],[-44.56,-13.275],[-44.584,-13.229],[-44.623,-13.183],[-44.644,-13.168],[-44.695,-13.113],[-44.707,-13.083],[-44.722,-13.05],[-44.778,-13.011],[-44.787,-12.99],[-44.825,-12.995],[-44.877,-13.014],[-44.941,-13.026],[-44.992,-13.051],[-45.034,-13.061],[-45.129,-13.092],[-45.195,-13.124],[-45.269,-13.131],[-45.324,-13.15],[-45.368,-13.152],[-45.411,-13.168],[-45.445,-13.154],[-45.491,-13.164],[-45.556,-13.192],[-45.609,-13.185],[-45.688,-13.21],[-45.731,-13.235],[-45.827,-13.253],[-45.932,-13.296],[-46.209,-13.466],[-46.233,-13.482],[-46.225,-13.505],[-46.247,-13.522],[-46.232,-13.583],[-46.2,-13.572],[-46.163,-13.604],[-46.216,-13.636],[-46.256,-13.684],[-46.236,-13.708],[-46.254,-13.735],[-46.223,-13.765],[-46.278,-13.791],[-46.233,-13.849],[-46.257,-13.887],[-46.264,-13.947],[-46.255,-13.967],[-46.22,-13.975],[-46.212,-14.01]]]}},{"type":"Feature","properties":{"code":"2925600"},"geometry":{"type":"Polygon","coordinates":[[[-41.943,-11.381],[-41.971,-11.344],[-41.927,-11.28],[-41.942,-11.228],[-42.022,-11.209],[-42.054,-11.233],[-42.059,-11.258],[-42.049,-11.331],[-42.026,-11.387],[-41.978,-11.428],[-41.943,-11.381]]]}},{"type":"Feature","properties":{"code":"2901106"},"geometry":{"type":"Polygon","coordinates":[[[-38.638,-12.477],[-38.676,-12.414],[-38.656,-12.373],[-38.775,-12.364],[-38.795,-12.37],[-38.814,-12.38],[-38.789,-12.422],[-38.773,-12.431],[-38.742,-12.473],[-38.721,-12.481],[-38.656,-12.484],[-38.644,-12.513],[-38.638,-12.477]]]}},{"type":"Feature","properties":{"code":"2933604"},"geometry":{"type":"Polygon","coordinates":[[[-42.855,-11.612],[-42.864,-11.599],[-42.861,-11.541],[-42.837,-11.527],[-42.913,-11.277],[-42.822,-11.308],[-42.837,-11.271],[-42.833,-11.198],[-42.839,-11.159],[-42.786,-11.117],[-42.766,-11.092],[-42.791,-11.058],[-42.758,-11.044],[-42.763,-11.016],[-42.722,-11.003],[-42.671,-11.015],[-42.625,-11.057],[-42.62,-11.088],[-42.538,-11.005],[-42.523,-10.904],[-42.423,-10.774],[-42.364,-10.771],[-42.344,-10.731],[-42.343,-10.683],[-42.323,-10.659],[-42.329,-10.588],[-42.355,-10.534],[-42.358,-10.512],[-42.313,-10.444],[-42.329,-10.437],[-42.333,-10.401],[-42.366,-10.364],[-42.361,-10.345],[-42.399,-10.312],[-42.368,-10.278],[-42.391,-10.203],[-42.406,-10.185],[-42.405,-10.253],[-42.437,-10.272],[-42.459,-10.311],[-42.454,-10.344],[-42.465,-10.382],[-42.57,-10.47],[-42.587,-10.545],[-42.619,-10.569],[-42.661,-10.588],[-42.698,-10.668],[-42.703,-10.715],[-42.738,-10.773],[-42.781,-10.818],[-42.863,-10.81],[-42.874,-10.835],[-42.921,-10.848],[-42.949,-10.886],[-42.988,-10.908],[-42.998,-10.947],[-43.038,-10.969],[-43.051,-11.006],[-43.095,-11.026],[-43.1,-11.057],[-43.121,-11.077],[-43.149,-11.164],[-43.181,-11.192],[-43.199,-11.238],[-43.191,-11.28],[-43.173,-11.316],[-43.223,-11.372],[-43.264,-11.483],[-43.225,-11.499],[-43.057,-11.528],[-43.046,-11.553],[-43.004,-11.597],[-42.981,-11.597],[-42.954,-11.624],[-42.94,-11.586],[-42.855,-11.612]]]}},{"type":"Feature","properties":{"code":"2925402"},"geometry":{"type":"Polygon","coordinates":[[[-39.911,-15.867],[-39.888,-15.884],[-39.815,-15.866],[-39.817,-15.847],[-39.788,-15.812],[-39.749,-15.801],[-39.733,-15.779],[-39.677,-15.765],[-39.648,-15.742],[-39.622,-15.773],[-39.568,-15.773],[-39.537,-15.752],[-39.536,-15.681],[-39.544,-15.666],[-39.525,-15.614],[-39.575,-15.595],[-39.59,-15.6],[-39.635,-15.618],[-39.651,-15.591],[-39.675,-15.622],[-39.714,-15.59],[-39.734,-15.556],[-39.773,-15.559],[-39.791,-15.542],[-39.83,-15.532],[-39.886,-15.521],[-39.923,-15.464],[-39.961,-15.506],[-39.97,-15.549],[-39.934,-15.562],[-39.895,-15.615],[-39.889,-15.635],[-39.937,-15.688],[-39.909,-15.747],[-39.922,-15.819],[-39.911,-15.867]]]}},{"type":"Feature","properties":{"code":"2901155"},"geometry":{"type":"Polygon","coordinates":[[[-41.365,-11.184],[-41.422,-11.243],[-41.452,-11.244],[-41.496,-11.271],[-41.521,-11.273],[-41.571,-11.322],[-41.591,-11.36],[-41.64,-11.395],[-41.7,-11.411],[-41.694,-11.479],[-41.623,-11.558],[-41.623,-11.611],[-41.593,-11.614],[-41.557,-11.559],[-41.51,-11.53],[-41.457,-11.47],[-41.431,-11.449],[-41.404,-11.446],[-41.387,-11.39],[-41.389,-11.362],[-41.373,-11.331],[-41.379,-11.303],[-41.356,-11.228],[-41.365,-11.184]]]}},{"type":"Feature","properties":{"code":"2925501"},"geometry":{"type":"Polygon","coordinates":[[[-39.192,-17.446],[-39.218,-17.335],[-39.219,-17.266],[-39.213,-17.239],[-39.212,-17.161],[-39.182,-17.112],[-39.172,-17.013],[-39.156,-16.98],[-39.151,-16.942],[-39.117,-16.892],[-39.141,-16.896],[-39.166,-16.929],[-39.185,-16.919],[-39.24,-16.918],[-39.291,-16.888],[-39.34,-16.894],[-39.405,-16.915],[-39.441,-16.894],[-39.447,-16.951],[-39.48,-16.956],[-39.489,-16.99],[-39.491,-17.084],[-39.478,-17.099],[-39.499,-17.141],[-39.529,-17.119],[-39.57,-17.134],[-39.58,-17.183],[-39.619,-17.226],[-39.636,-17.269],[-39.632,-17.313],[-39.632,-17.313],[-39.618,-17.284],[-39.562,-17.286],[-39.559,-17.258],[-39.483,-17.272],[-39.468,-17.268],[-39.401,-17.297],[-39.333,-17.352],[-39.29,-17.365],[-39.254,-17.401],[-39.243,-17.425],[-39.192,-17.446]]]}},{"type":"Feature","properties":{"code":"2901502"},"geometry":{"type":"Polygon","coordinates":[[[-39.286,-12.178],[-39.264,-12.2],[-39.192,-12.224],[-39.151,-12.264],[-39.077,-12.232],[-39.117,-12.191],[-39.187,-12.182],[-39.176,-12.157],[-39.177,-12.118],[-39.215,-12.096],[-39.248,-12.106],[-39.286,-12.178]]]}},{"type":"Feature","properties":{"code":"2924801"},"geometry":{"type":"Polygon","coordinates":[[[-40.625,-11.846],[-40.615,-11.835],[-40.484,-11.825],[-40.434,-11.747],[-40.45,-11.699],[-40.371,-11.616],[-40.447,-11.617],[-40.467,-11.602],[-40.499,-11.632],[-40.523,-11.631],[-40.529,-11.578],[-40.556,-11.578],[-40.6,-11.553],[-40.645,-11.561],[-40.703,-11.548],[-40.728,-11.566],[-40.793,-11.694],[-40.801,-11.743],[-40.798,-11.764],[-40.699,-11.798],[-40.666,-11.795],[-40.649,-11.837],[-40.625,-11.846]]]}},{"type":"Feature","properties":{"code":"2917904"},"geometry":{"type":"Polygon","coordinates":[[[-37.513,-11.741],[-37.406,-11.537],[-37.349,-11.462],[-37.341,-11.442],[-37.368,-11.459],[-37.432,-11.511],[-37.458,-11.524],[-37.505,-11.525],[-37.52,-11.549],[-37.603,-11.54],[-37.632,-11.518],[-37.663,-11.536],[-37.682,-11.562],[-37.729,-11.552],[-37.759,-11.525],[-37.8,-11.521],[-37.829,-11.559],[-37.822,-11.597],[-37.764,-11.638],[-37.747,-11.663],[-37.741,-11.629],[-37.714,-11.633],[-37.691,-11.659],[-37.659,-11.674],[-37.634,-11.66],[-37.607,-11.667],[-37.558,-11.705],[-37.521,-11.711],[-37.513,-11.741]]]}},{"type":"Feature","properties":{"code":"2933059"},"geometry":{"type":"Polygon","coordinates":[[[-39.92,-11.687],[-39.947,-11.658],[-39.958,-11.615],[-39.969,-11.491],[-40.077,-11.528],[-40.106,-11.539],[-40.121,-11.522],[-40.166,-11.522],[-40.226,-11.564],[-40.231,-11.605],[-40.177,-11.643],[-40.138,-11.643],[-40.07,-11.663],[-40.039,-11.697],[-39.936,-11.697],[-39.92,-11.687]]]}},{"type":"Feature","properties":{"code":"2909703"},"geometry":{"type":"Polygon","coordinates":[[[-43.958,-12.238],[-43.973,-12.23],[-43.965,-12.182],[-43.99,-12.19],[-44.01,-12.171],[-44.044,-12.182],[-44.054,-12.158],[-44.081,-12.154],[-44.048,-12.076],[-44.114,-12.046],[-44.221,-12.118],[-44.251,-12.128],[-44.297,-12.125],[-44.3,-12.107],[-44.345,-12.103],[-44.444,-12.093],[-44.466,-12.144],[-44.501,-12.222],[-44.535,-12.301],[-44.465,-12.308],[-44.396,-12.288],[-44.313,-12.307],[-44.292,-12.305],[-44.244,-12.265],[-44.081,-12.253],[-44.05,-12.273],[-43.958,-12.238]]]}},{"type":"Feature","properties":{"code":"2933000"},"geometry":{"type":"Polygon","coordinates":[[[-39.489,-11.476],[-39.443,-11.461],[-39.399,-11.457],[-39.291,-11.372],[-39.285,-11.375],[-39.273,-11.337],[-39.311,-11.367],[-39.332,-11.341],[-39.479,-11.299],[-39.499,-11.29],[-39.609,-11.346],[-39.564,-11.401],[-39.49,-11.44],[-39.489,-11.476]]]}},{"type":"Feature","properties":{"code":"2917706"},"geometry":{"type":"Polygon","coordinates":[[[-40.231,-10.371],[-40.201,-10.343],[-40.171,-10.358],[-40.136,-10.324],[-40.124,-10.344],[-40.058,-10.323],[-40.023,-10.302],[-40.057,-10.275],[-39.999,-10.22],[-39.986,-10.179],[-39.937,-10.14],[-39.868,-10.132],[-39.858,-10.089],[-39.839,-10.074],[-39.841,-10.046],[-39.784,-9.942],[-39.767,-9.97],[-39.75,-9.954],[-39.738,-9.901],[-39.748,-9.881],[-39.779,-9.871],[-39.796,-9.844],[-39.852,-9.807],[-39.882,-9.746],[-39.898,-9.741],[-39.903,-9.782],[-39.982,-9.805],[-40.182,-9.887],[-40.226,-9.921],[-40.286,-9.946],[-40.316,-9.908],[-40.329,-9.959],[-40.319,-9.975],[-40.341,-10.031],[-40.389,-10.062],[-40.416,-10.113],[-40.367,-10.14],[-40.351,-10.113],[-40.299,-10.128],[-40.247,-10.206],[-40.255,-10.228],[-40.227,-10.31],[-40.237,-10.354],[-40.231,-10.371]]]}},{"type":"Feature","properties":{"code":"2901353"},"geometry":{"type":"Polygon","coordinates":[[[-39.752,-10.439],[-39.731,-10.41],[-39.739,-10.349],[-39.714,-10.319],[-39.717,-10.278],[-39.744,-10.243],[-39.737,-10.229],[-39.729,-10.116],[-39.734,-10.089],[-39.758,-10.074],[-39.766,-10.032],[-39.76,-9.992],[-39.767,-9.97],[-39.784,-9.942],[-39.841,-10.046],[-39.839,-10.074],[-39.858,-10.089],[-39.868,-10.132],[-39.937,-10.14],[-39.986,-10.179],[-39.999,-10.22],[-40.057,-10.275],[-40.023,-10.302],[-40.058,-10.323],[-40.048,-10.374],[-40.021,-10.392],[-40.029,-10.447],[-40.011,-10.485],[-39.973,-10.51],[-39.948,-10.55],[-39.928,-10.541],[-39.923,-10.495],[-39.836,-10.448],[-39.815,-10.462],[-39.804,-10.427],[-39.752,-10.439]]]}},{"type":"Feature","properties":{"code":"2924678"},"geometry":{"type":"Polygon","coordinates":[[[-39.318,-13.829],[-39.318,-13.77],[-39.288,-13.737],[-39.319,-13.726],[-39.364,-13.734],[-39.38,-13.714],[-39.406,-13.765],[-39.439,-13.802],[-39.432,-13.843],[-39.448,-13.892],[-39.399,-13.909],[-39.383,-13.894],[-39.356,-13.836],[-39.318,-13.829]]]}},{"type":"Feature","properties":{"code":"2917805"},"geometry":{"type":"Polygon","coordinates":[[[-38.919,-13.214],[-38.867,-13.186],[-38.856,-13.171],[-38.797,-13.137],[-38.805,-13.122],[-38.801,-13.062],[-38.778,-13.0],[-38.752,-12.967],[-38.794,-12.949],[-38.811,-12.918],[-38.845,-12.944],[-38.885,-12.947],[-38.914,-12.932],[-38.894,-12.961],[-38.883,-12.997],[-38.929,-13.01],[-38.957,-13.062],[-38.956,-13.09],[-38.983,-13.091],[-39.009,-13.128],[-39.09,-13.144],[-39.116,-13.132],[-39.123,-13.108],[-39.178,-13.117],[-39.214,-13.109],[-39.245,-13.131],[-39.296,-13.143],[-39.303,-13.164],[-39.25,-13.189],[-39.231,-13.208],[-39.207,-13.197],[-39.171,-13.233],[-39.151,-13.225],[-39.102,-13.258],[-39.05,-13.241],[-38.997,-13.249],[-38.963,-13.232],[-38.94,-13.206],[-38.919,-13.214]]]}},{"type":"Feature","properties":{"code":"2924652"},"geometry":{"type":"Polygon","coordinates":[[[-39.73,-11.906],[-39.747,-11.894],[-39.741,-11.842],[-39.713,-11.824],[-39.745,-11.819],[-39.805,-11.825],[-39.845,-11.774],[-39.841,-11.755],[-39.885,-11.74],[-39.909,-11.721],[-39.971,-11.755],[-40.019,-11.806],[-40.016,-11.829],[-40.038,-11.85],[-40.047,-11.871],[-40.028,-11.904],[-39.97,-11.955],[-39.958,-11.977],[-39.921,-12.002],[-39.905,-12.029],[-39.85,-11.994],[-39.812,-11.934],[-39.774,-11.915],[-39.73,-11.906]]]}},{"type":"Feature","properties":{"code":"2909604"},"geometry":{"type":"Polygon","coordinates":[[[-38.302,-11.636],[-38.275,-11.647],[-38.246,-11.626],[-38.224,-11.641],[-38.155,-11.632],[-38.151,-11.61],[-38.117,-11.617],[-38.082,-11.61],[-38.048,-11.588],[-38.033,-11.604],[-37.98,-11.595],[-38.057,-11.526],[-38.048,-11.497],[-38.08,-11.465],[-38.106,-11.426],[-38.121,-11.426],[-38.178,-11.366],[-38.212,-11.351],[-38.239,-11.373],[-38.264,-11.424],[-38.278,-11.49],[-38.291,-11.587],[-38.301,-11.626],[-38.302,-11.636]]]}},{"type":"Feature","properties":{"code":"2901403"},"geometry":{"type":"Polygon","coordinates":[[[-44.93,-12.006],[-44.916,-12.034],[-44.882,-12.051],[-44.841,-12.119],[-44.816,-12.136],[-44.798,-12.105],[-44.774,-12.115],[-44.736,-12.111],[-44.717,-12.125],[-44.705,-12.169],[-44.618,-12.141],[-44.58,-12.155],[-44.466,-12.144],[-44.444,-12.093],[-44.345,-12.103],[-44.349,-12.081],[-44.654,-11.753],[-44.662,-11.748],[-44.697,-11.807],[-44.728,-11.83],[-44.754,-11.866],[-44.82,-11.882],[-44.829,-11.909],[-44.869,-11.941],[-44.88,-11.983],[-44.913,-12.011],[-44.93,-12.006]]]}},{"type":"Feature","properties":{"code":"2932903"},"geometry":{"type":"Polygon","coordinates":[[[-39.303,-13.485],[-39.279,-13.476],[-39.266,-13.521],[-39.222,-13.523],[-39.209,-13.501],[-39.175,-13.506],[-39.142,-13.475],[-39.115,-13.484],[-39.093,-13.475],[-39.071,-13.488],[-39.072,-13.462],[-39.042,-13.388],[-38.989,-13.372],[-38.951,-13.39],[-38.967,-13.321],[-38.956,-13.264],[-38.919,-13.214],[-38.94,-13.206],[-38.963,-13.232],[-38.997,-13.249],[-39.05,-13.241],[-39.102,-13.258],[-39.151,-13.225],[-39.171,-13.233],[-39.219,-13.24],[-39.204,-13.285],[-39.232,-13.292],[-39.248,-13.266],[-39.27,-13.263],[-39.315,-13.206],[-39.334,-13.218],[-39.347,-13.251],[-39.381,-13.233],[-39.438,-13.237],[-39.426,-13.266],[-39.452,-13.301],[-39.471,-13.307],[-39.465,-13.368],[-39.446,-13.368],[-39.411,-13.327],[-39.361,-13.355],[-39.312,-13.391],[-39.325,-13.439],[-39.303,-13.485]]]}},{"type":"Feature","properties":{"code":"2917102"},"geometry":{"type":"Polygon","coordinates":[[[-40.094,-15.105],[-40.042,-15.124],[-39.995,-15.112],[-39.969,-15.124],[-39.936,-15.108],[-39.895,-15.102],[-39.896,-15.053],[-39.91,-15.033],[-39.977,-14.959],[-39.994,-14.973],[-40.045,-14.95],[-40.083,-15.029],[-40.102,-15.045],[-40.139,-15.008],[-40.139,-15.024],[-40.111,-15.054],[-40.094,-15.105]]]}},{"type":"Feature","properties":{"code":"2908903"},"geometry":{"type":"Polygon","coordinates":[[[-38.875,-12.097],[-38.892,-12.117],[-38.884,-12.156],[-38.858,-12.22],[-38.842,-12.243],[-38.85,-12.268],[-38.839,-12.309],[-38.812,-12.338],[-38.79,-12.33],[-38.763,-12.291],[-38.723,-12.285],[-38.711,-12.312],[-38.69,-12.303],[-38.698,-12.279],[-38.678,-12.221],[-38.658,-12.193],[-38.733,-12.155],[-38.752,-12.165],[-38.763,-12.119],[-38.842,-12.103],[-38.875,-12.097]]]}},{"type":"Feature","properties":{"code":"2924702"},"geometry":{"type":"Polygon","coordinates":[[[-41.76,-15.138],[-41.73,-15.113],[-41.705,-15.116],[-41.652,-15.1],[-41.594,-15.055],[-41.586,-15.035],[-41.594,-14.993],[-41.633,-14.971],[-41.648,-14.935],[-41.632,-14.902],[-41.641,-14.918],[-41.687,-14.913],[-41.744,-14.866],[-41.771,-14.883],[-41.806,-14.871],[-41.83,-14.893],[-41.794,-14.925],[-41.782,-14.96],[-41.787,-14.989],[-41.835,-15.007],[-41.815,-15.036],[-41.828,-15.052],[-41.809,-15.08],[-41.81,-15.101],[-41.802,-15.1],[-41.76,-15.138]]]}},{"type":"Feature","properties":{"code":"2900702"},"geometry":{"type":"Polygon","coordinates":[[[-38.527,-12.275],[-38.469,-12.285],[-38.394,-12.249],[-38.378,-12.219],[-38.356,-12.23],[-38.323,-12.222],[-38.321,-12.174],[-38.305,-12.13],[-38.282,-12.133],[-38.275,-12.083],[-38.283,-12.04],[-38.273,-11.963],[-38.309,-11.955],[-38.349,-11.969],[-38.374,-11.96],[-38.387,-11.932],[-38.44,-11.931],[-38.475,-11.949],[-38.448,-12.002],[-38.434,-12.077],[-38.444,-12.104],[-38.491,-12.127],[-38.49,-12.161],[-38.587,-12.194],[-38.527,-12.275]]]}},{"type":"Feature","properties":{"code":"2933208"},"geometry":{"type":"Polygon","coordinates":[[[-38.797,-13.137],[-38.762,-13.119],[-38.713,-13.061],[-38.656,-13.032],[-38.643,-13.015],[-38.586,-13.013],[-38.565,-12.966],[-38.561,-12.933],[-38.628,-12.941],[-38.723,-12.924],[-38.752,-12.967],[-38.778,-13.0],[-38.801,-13.062],[-38.805,-13.122],[-38.797,-13.137]]]}},{"type":"Feature","properties":{"code":"2900801"},"geometry":{"type":"Polygon","coordinates":[[[-39.605,-17.558],[-39.532,-17.579],[-39.49,-17.57],[-39.465,-17.592],[-39.461,-17.635],[-39.443,-17.652],[-39.25,-17.637],[-39.154,-17.673],[-39.137,-17.685],[-39.184,-17.615],[-39.192,-17.446],[-39.243,-17.425],[-39.254,-17.401],[-39.29,-17.365],[-39.333,-17.352],[-39.401,-17.297],[-39.468,-17.268],[-39.483,-17.272],[-39.559,-17.258],[-39.562,-17.286],[-39.618,-17.284],[-39.632,-17.313],[-39.629,-17.353],[-39.607,-17.411],[-39.605,-17.558]]]}},{"type":"Feature","properties":{"code":"2933307"},"geometry":{"type":"Polygon","coordinates":[[[-41.034,-15.473],[-40.975,-15.476],[-40.936,-15.444],[-40.934,-15.339],[-40.886,-15.298],[-40.836,-15.298],[-40.817,-15.285],[-40.848,-15.269],[-40.82,-15.203],[-40.702,-15.076],[-40.706,-15.015],[-40.74,-15.001],[-40.713,-14.94],[-40.717,-14.884],[-40.669,-14.828],[-40.526,-14.756],[-40.615,-14.671],[-40.749,-14.675],[-40.959,-14.674],[-40.964,-14.789],[-41.172,-14.854],[-41.153,-14.862],[-41.136,-14.934],[-41.14,-14.964],[-41.125,-14.995],[-41.088,-15.042],[-41.094,-15.114],[-41.116,-15.132],[-41.13,-15.167],[-41.164,-15.2],[-41.148,-15.232],[-41.158,-15.265],[-41.145,-15.304],[-41.145,-15.345],[-41.133,-15.372],[-41.14,-15.402],[-41.097,-15.422],[-41.078,-15.46],[-41.034,-15.473]]]}},{"type":"Feature","properties":{"code":"2925006"},"geometry":{"type":"Polygon","coordinates":[[[-40.294,-14.933],[-40.278,-14.9],[-40.282,-14.856],[-40.317,-14.819],[-40.32,-14.744],[-40.332,-14.728],[-40.333,-14.679],[-40.369,-14.662],[-40.439,-14.604],[-40.462,-14.578],[-40.489,-14.57],[-40.532,-14.54],[-40.572,-14.542],[-40.63,-14.563],[-40.647,-14.547],[-40.637,-14.578],[-40.641,-14.608],[-40.633,-14.659],[-40.615,-14.671],[-40.526,-14.756],[-40.444,-14.807],[-40.409,-14.853],[-40.373,-14.875],[-40.364,-14.912],[-40.311,-14.902],[-40.294,-14.933]]]}},{"type":"Feature","properties":{"code":"2908804"},"geometry":{"type":"Polygon","coordinates":[[[-41.008,-14.047],[-40.978,-14.022],[-40.981,-13.944],[-40.96,-13.936],[-40.95,-13.906],[-40.921,-13.891],[-40.946,-13.88],[-40.966,-13.84],[-40.983,-13.836],[-40.991,-13.792],[-41.035,-13.78],[-41.028,-13.749],[-41.028,-13.676],[-41.04,-13.616],[-41.082,-13.613],[-41.106,-13.626],[-41.158,-13.677],[-41.218,-13.705],[-41.242,-13.739],[-41.234,-13.79],[-41.222,-13.814],[-41.216,-13.91],[-41.177,-13.952],[-41.148,-13.97],[-41.121,-14.035],[-41.068,-14.026],[-41.03,-14.049],[-41.008,-14.047]]]}},{"type":"Feature","properties":{"code":"2925105"},"geometry":{"type":"Polygon","coordinates":[[[-40.32,-14.744],[-40.293,-14.723],[-40.303,-14.694],[-40.296,-14.662],[-40.246,-14.664],[-40.221,-14.673],[-40.229,-14.645],[-40.201,-14.569],[-40.188,-14.514],[-40.166,-14.479],[-40.238,-14.442],[-40.274,-14.446],[-40.314,-14.426],[-40.399,-14.394],[-40.405,-14.45],[-40.448,-14.464],[-40.494,-14.449],[-40.66,-14.463],[-40.678,-14.476],[-40.651,-14.514],[-40.647,-14.547],[-40.63,-14.563],[-40.572,-14.542],[-40.532,-14.54],[-40.489,-14.57],[-40.462,-14.578],[-40.439,-14.604],[-40.369,-14.662],[-40.333,-14.679],[-40.332,-14.728],[-40.32,-14.744]]]}},{"type":"Feature","properties":{"code":"2900603"},"geometry":{"type":"Polygon","coordinates":[[[-39.937,-14.079],[-39.95,-14.152],[-39.936,-14.174],[-39.92,-14.183],[-39.889,-14.139],[-39.86,-14.146],[-39.812,-14.102],[-39.8,-14.06],[-39.843,-14.018],[-39.876,-14.012],[-39.9,-14.027],[-39.913,-14.063],[-39.937,-14.079]]]}},{"type":"Feature","properties":{"code":"2933257"},"geometry":{"type":"Polygon","coordinates":[[[-39.58,-17.183],[-39.622,-17.159],[-39.66,-17.182],[-39.695,-17.176],[-39.718,-17.207],[-39.748,-17.207],[-39.771,-17.224],[-39.819,-17.226],[-39.836,-17.242],[-39.902,-17.229],[-39.937,-17.201],[-39.957,-17.208],[-39.983,-17.187],[-39.988,-17.165],[-40.066,-17.102],[-40.077,-17.082],[-40.088,-17.067],[-40.156,-17.077],[-40.181,-17.043],[-40.182,-17.017],[-40.23,-16.973],[-40.372,-16.942],[-40.404,-16.93],[-40.401,-16.89],[-40.408,-16.899],[-40.418,-16.928],[-40.394,-16.961],[-40.369,-16.964],[-40.353,-16.988],[-40.292,-17.007],[-40.275,-16.995],[-40.181,-17.078],[-40.128,-17.114],[-40.15,-17.135],[-40.153,-17.169],[-40.126,-17.187],[-40.139,-17.232],[-40.132,-17.247],[-40.077,-17.273],[-40.065,-17.263],[-40.031,-17.239],[-39.974,-17.252],[-39.943,-17.27],[-39.947,-17.331],[-39.914,-17.354],[-39.859,-17.363],[-39.854,-17.335],[-39.829,-17.305],[-39.832,-17.27],[-39.797,-17.262],[-39.777,-17.275],[-39.673,-17.279],[-39.632,-17.313],[-39.636,-17.269],[-39.619,-17.226],[-39.58,-17.183]]]}},{"type":"Feature","properties":{"code":"2933109"},"geometry":{"type":"Polygon","coordinates":[[[-40.371,-11.616],[-40.231,-11.605],[-40.226,-11.564],[-40.272,-11.527],[-40.309,-11.435],[-40.369,-11.482],[-40.384,-11.505],[-40.371,-11.616]]]}},{"type":"Feature","properties":{"code":"2924900"},"geometry":{"type":"Polygon","coordinates":[[[-40.151,-13.337],[-40.156,-13.312],[-40.138,-13.29],[-40.137,-13.234],[-40.153,-13.173],[-40.142,-13.152],[-40.152,-13.107],[-40.178,-13.065],[-40.199,-13.049],[-40.306,-13.043],[-40.344,-13.055],[-40.36,-13.084],[-40.401,-13.066],[-40.416,-13.088],[-40.469,-13.113],[-40.511,-13.177],[-40.525,-13.183],[-40.406,-13.29],[-40.278,-13.346],[-40.285,-13.316],[-40.25,-13.282],[-40.225,-13.314],[-40.151,-13.337]]]}},{"type":"Feature","properties":{"code":"2917003"},"geometry":{"type":"Polygon","coordinates":[[[-40.019,-10.884],[-39.999,-10.884],[-39.923,-10.918],[-39.889,-10.9],[-39.87,-10.903],[-39.826,-10.939],[-39.782,-10.955],[-39.669,-10.947],[-39.628,-10.915],[-39.626,-10.875],[-39.682,-10.786],[-39.683,-10.766],[-39.709,-10.72],[-39.698,-10.671],[-39.744,-10.643],[-39.768,-10.539],[-39.752,-10.439],[-39.804,-10.427],[-39.815,-10.462],[-39.836,-10.448],[-39.923,-10.495],[-39.928,-10.541],[-39.948,-10.55],[-40.018,-10.621],[-39.995,-10.632],[-40.004,-10.672],[-40.024,-10.71],[-40.058,-10.858],[-40.028,-10.863],[-40.019,-10.884]]]}},{"type":"Feature","properties":{"code":"2933174"},"geometry":{"type":"Polygon","coordinates":[[[-39.285,-13.059],[-39.32,-13.043],[-39.313,-12.996],[-39.326,-12.977],[-39.356,-12.919],[-39.351,-12.902],[-39.376,-12.888],[-39.427,-12.884],[-39.445,-12.853],[-39.476,-12.854],[-39.459,-12.933],[-39.464,-12.953],[-39.443,-12.993],[-39.402,-12.997],[-39.393,-13.015],[-39.342,-13.057],[-39.285,-13.059]]]}},{"type":"Feature","properties":{"code":"2917359"},"geometry":{"type":"Polygon","coordinates":[[[-46.025,-14.678],[-46.005,-14.689],[-45.997,-14.741],[-46.003,-14.796],[-46.041,-14.826],[-46.025,-14.856],[-46.039,-14.875],[-46.038,-14.875],[-45.996,-14.823],[-45.964,-14.811],[-45.935,-14.772],[-45.886,-14.731],[-45.859,-14.697],[-45.746,-14.601],[-45.728,-14.571],[-45.684,-14.548],[-45.674,-14.518],[-45.625,-14.505],[-45.584,-14.455],[-45.561,-14.444],[-45.541,-14.414],[-45.494,-14.373],[-45.495,-14.358],[-45.418,-14.317],[-45.375,-14.257],[-45.334,-14.246],[-45.302,-14.209],[-45.267,-14.202],[-45.199,-14.144],[-45.192,-14.127],[-45.114,-14.114],[-45.076,-14.076],[-45.011,-14.046],[-44.954,-14.033],[-44.916,-14.005],[-44.906,-13.975],[-44.904,-13.925],[-44.865,-13.903],[-44.834,-13.853],[-44.795,-13.826],[-44.799,-13.8],[-44.702,-13.754],[-44.669,-13.727],[-44.649,-13.73],[-44.599,-13.702],[-44.587,-13.684],[-44.502,-13.666],[-44.452,-13.625],[-44.422,-13.621],[-44.379,-13.595],[-44.357,-13.595],[-44.315,-13.564],[-44.285,-13.556],[-44.284,-13.534],[-44.261,-13.51],[-44.266,-13.469],[-44.225,-13.428],[-44.286,-13.401],[-44.331,-13.397],[-44.339,-13.416],[-44.379,-13.411],[-44.403,-13.429],[-44.431,-13.432],[-44.455,-13.417],[-44.483,-13.423],[-44.503,-13.467],[-44.511,-13.511],[-44.619,-13.541],[-44.667,-13.537],[-44.724,-13.586],[-44.892,-13.671],[-45.116,-13.674],[-45.241,-13.745],[-45.302,-13.734],[-45.337,-13.721],[-45.364,-13.736],[-45.435,-13.731],[-45.48,-13.738],[-45.533,-13.768],[-45.598,-13.764],[-45.613,-13.753],[-45.674,-13.739],[-45.715,-13.762],[-45.784,-13.786],[-45.816,-13.813],[-45.861,-13.827],[-45.904,-13.875],[-45.975,-13.899],[-46.009,-13.936],[-46.048,-13.952],[-46.093,-13.957],[-46.122,-13.977],[-46.169,-13.98],[-46.212,-14.01],[-46.227,-14.049],[-46.221,-14.107],[-46.187,-14.153],[-46.116,-14.162],[-46.098,-14.197],[-46.061,-14.195],[-46.06,-14.232],[-46.03,-14.259],[-45.995,-14.256],[-45.964,-14.284],[-45.942,-14.343],[-45.907,-14.355],[-45.932,-14.409],[-46.0,-14.447],[-46.019,-14.472],[-45.996,-14.488],[-46.004,-14.515],[-45.981,-14.532],[-45.998,-14.604],[-45.985,-14.619],[-45.992,-14.662],[-46.021,-14.67],[-46.025,-14.678]]]}},{"type":"Feature","properties":{"code":"2933158"},"geometry":{"type":"Polygon","coordinates":[[[-40.946,-11.285],[-40.891,-11.265],[-40.828,-11.26],[-40.746,-11.267],[-40.726,-11.246],[-40.801,-11.113],[-40.916,-11.023],[-41.089,-11.017],[-41.103,-11.025],[-41.134,-10.995],[-41.234,-10.957],[-41.241,-10.992],[-41.277,-10.988],[-41.297,-11.004],[-41.317,-11.073],[-41.295,-11.115],[-41.26,-11.121],[-41.24,-11.146],[-41.134,-11.153],[-40.946,-11.285]]]}},{"type":"Feature","properties":{"code":"2917334"},"geometry":{"type":"Polygon","coordinates":[[[-43.53,-14.816],[-43.42,-14.496],[-43.374,-14.362],[-43.456,-14.166],[-43.481,-14.177],[-43.57,-14.182],[-43.579,-14.238],[-43.575,-14.284],[-43.596,-14.286],[-43.697,-14.349],[-43.716,-14.402],[-43.697,-14.422],[-43.672,-14.495],[-43.673,-14.539],[-43.632,-14.572],[-43.658,-14.675],[-43.691,-14.716],[-43.712,-14.716],[-43.657,-14.746],[-43.615,-14.76],[-43.586,-14.75],[-43.542,-14.779],[-43.531,-14.815],[-43.53,-14.816]]]}},{"type":"Feature","properties":{"code":"2932457"},"geometry":{"type":"Polygon","coordinates":[[[-41.443,-10.802],[-41.281,-10.738],[-41.307,-10.681],[-41.281,-10.643],[-41.193,-10.645],[-41.194,-10.688],[-41.176,-10.723],[-41.101,-10.713],[-41.079,-10.692],[-41.112,-10.676],[-41.111,-10.658],[-40.942,-10.602],[-40.935,-10.605],[-40.917,-10.553],[-40.895,-10.549],[-40.878,-10.523],[-40.941,-10.51],[-40.964,-10.478],[-40.967,-10.451],[-41.038,-10.451],[-41.107,-10.467],[-41.182,-10.431],[-41.225,-10.454],[-41.256,-10.414],[-41.256,-10.362],[-41.278,-10.347],[-41.288,-10.336],[-41.361,-10.37],[-41.379,-10.417],[-41.447,-10.442],[-41.473,-10.465],[-41.451,-10.489],[-41.382,-10.519],[-41.401,-10.574],[-41.463,-10.603],[-41.472,-10.628],[-41.503,-10.632],[-41.509,-10.671],[-41.533,-10.679],[-41.591,-10.731],[-41.571,-10.756],[-41.556,-10.743],[-41.504,-10.745],[-41.478,-10.756],[-41.443,-10.802]]]}},{"type":"Feature","properties":{"code":"2917409"},"geometry":{"type":"Polygon","coordinates":[[[-42.479,-15.014],[-42.466,-14.957],[-42.381,-14.948],[-42.353,-14.901],[-42.346,-14.869],[-42.178,-14.819],[-42.176,-14.822],[-42.129,-14.812],[-42.089,-14.825],[-42.061,-14.85],[-42.047,-14.806],[-42.056,-14.78],[-42.051,-14.747],[-42.068,-14.717],[-42.053,-14.691],[-42.087,-14.675],[-42.157,-14.597],[-42.195,-14.607],[-42.216,-14.599],[-42.248,-14.609],[-42.269,-14.631],[-42.313,-14.631],[-42.337,-14.62],[-42.356,-14.627],[-42.377,-14.662],[-42.382,-14.707],[-42.418,-14.724],[-42.443,-14.758],[-42.484,-14.737],[-42.529,-14.765],[-42.529,-14.806],[-42.559,-14.824],[-42.574,-14.874],[-42.609,-14.889],[-42.619,-14.94],[-42.586,-14.932],[-42.561,-14.962],[-42.516,-14.983],[-42.479,-15.014]]]}},{"type":"Feature","properties":{"code":"2909208"},"geometry":{"type":"Polygon","coordinates":[[[-37.848,-10.444],[-37.853,-10.406],[-37.839,-10.381],[-37.786,-10.348],[-37.743,-10.338],[-37.745,-10.314],[-37.769,-10.289],[-37.793,-10.247],[-37.836,-10.23],[-37.917,-10.162],[-37.953,-10.161],[-37.965,-10.147],[-38.018,-10.123],[-38.044,-10.141],[-38.09,-10.148],[-38.107,-10.216],[-38.065,-10.236],[-38.071,-10.275],[-38.056,-10.29],[-38.055,-10.328],[-38.042,-10.363],[-38.023,-10.384],[-38.002,-10.375],[-37.98,-10.4],[-37.936,-10.395],[-37.915,-10.442],[-37.909,-10.449],[-37.848,-10.444]]]}},{"type":"Feature","properties":{"code":"2901007"},"geometry":{"type":"Polygon","coordinates":[[[-39.549,-13.153],[-39.538,-13.124],[-39.503,-13.117],[-39.47,-13.124],[-39.48,-13.089],[-39.511,-13.069],[-39.532,-13.022],[-39.546,-12.996],[-39.623,-12.913],[-39.638,-12.93],[-39.672,-12.959],[-39.689,-13.0],[-39.711,-12.976],[-39.739,-13.01],[-39.801,-12.984],[-39.767,-13.048],[-39.71,-13.097],[-39.703,-13.112],[-39.653,-13.109],[-39.632,-13.096],[-39.598,-13.097],[-39.586,-13.142],[-39.549,-13.153]]]}},{"type":"Feature","properties":{"code":"2932507"},"geometry":{"type":"Polygon","coordinates":[[[-39.325,-15.329],[-39.315,-15.308],[-39.275,-15.351],[-39.237,-15.354],[-39.164,-15.374],[-39.08,-15.365],[-39.017,-15.391],[-39.008,-15.376],[-38.973,-15.386],[-38.991,-15.288],[-38.996,-15.219],[-38.996,-15.085],[-39.063,-15.112],[-39.078,-15.086],[-39.119,-15.057],[-39.127,-15.039],[-39.163,-15.053],[-39.205,-15.047],[-39.249,-15.054],[-39.263,-15.079],[-39.294,-15.072],[-39.306,-15.099],[-39.33,-15.113],[-39.33,-15.133],[-39.298,-15.204],[-39.306,-15.261],[-39.333,-15.291],[-39.325,-15.329]]]}},{"type":"Feature","properties":{"code":"2917201"},"geometry":{"type":"Polygon","coordinates":[[[-41.318,-14.085],[-41.28,-14.074],[-41.297,-14.004],[-41.278,-13.962],[-41.279,-13.92],[-41.244,-13.893],[-41.216,-13.91],[-41.222,-13.814],[-41.234,-13.79],[-41.242,-13.739],[-41.218,-13.705],[-41.249,-13.718],[-41.285,-13.682],[-41.298,-13.703],[-41.328,-13.7],[-41.372,-13.672],[-41.432,-13.668],[-41.474,-13.66],[-41.511,-13.665],[-41.608,-13.66],[-41.578,-13.727],[-41.572,-13.758],[-41.538,-13.771],[-41.542,-13.803],[-41.524,-13.817],[-41.517,-13.869],[-41.494,-13.916],[-41.48,-13.94],[-41.464,-14.0],[-41.418,-14.03],[-41.377,-14.045],[-41.318,-14.085]]]}},{"type":"Feature","properties":{"code":"2924306"},"geometry":{"type":"Polygon","coordinates":[[[-41.913,-13.264],[-41.919,-13.249],[-41.889,-13.211],[-41.858,-13.189],[-41.806,-13.266],[-41.788,-13.28],[-41.735,-13.253],[-41.726,-13.236],[-41.69,-13.216],[-41.671,-13.179],[-41.654,-13.168],[-41.626,-13.13],[-41.649,-13.081],[-41.664,-13.071],[-41.7,-12.995],[-41.764,-12.866],[-41.798,-12.809],[-41.859,-12.825],[-41.895,-12.804],[-41.915,-12.819],[-41.978,-12.83],[-41.994,-12.856],[-42.019,-12.856],[-42.025,-12.889],[-42.014,-12.91],[-42.055,-12.915],[-42.067,-12.952],[-42.095,-13.002],[-42.125,-13.018],[-42.103,-13.068],[-42.104,-13.133],[-42.074,-13.151],[-42.059,-13.181],[-42.032,-13.178],[-41.974,-13.242],[-41.913,-13.264]]]}},{"type":"Feature","properties":{"code":"2909000"},"geometry":{"type":"Polygon","coordinates":[[[-42.048,-15.171],[-41.995,-15.159],[-41.953,-15.176],[-41.897,-15.152],[-41.873,-15.117],[-41.81,-15.101],[-41.809,-15.08],[-41.828,-15.052],[-41.815,-15.036],[-41.835,-15.007],[-41.787,-14.989],[-41.782,-14.96],[-41.794,-14.925],[-41.83,-14.893],[-41.891,-14.895],[-41.927,-14.913],[-41.934,-14.947],[-41.978,-14.992],[-41.974,-15.023],[-41.986,-15.067],[-42.026,-15.096],[-42.07,-15.141],[-42.048,-15.171]]]}},{"type":"Feature","properties":{"code":"2917300"},"geometry":{"type":"Polygon","coordinates":[[[-39.318,-13.829],[-39.289,-13.844],[-39.261,-13.841],[-39.255,-13.814],[-39.182,-13.8],[-39.148,-13.768],[-39.125,-13.718],[-39.101,-13.749],[-39.071,-13.76],[-39.037,-13.832],[-39.014,-13.846],[-38.972,-13.842],[-39.0,-13.776],[-38.988,-13.717],[-39.066,-13.692],[-39.133,-13.651],[-39.23,-13.684],[-39.232,-13.697],[-39.273,-13.712],[-39.288,-13.737],[-39.318,-13.77],[-39.318,-13.829]]]}},{"type":"Feature","properties":{"code":"2909109"},"geometry":{"type":"Polygon","coordinates":[[[-44.38,-14.044],[-44.316,-14.044],[-44.277,-14.031],[-44.253,-13.972],[-44.195,-13.926],[-44.107,-13.985],[-44.111,-13.953],[-44.094,-13.915],[-44.066,-13.945],[-44.037,-13.904],[-44.04,-13.878],[-44.013,-13.854],[-44.029,-13.793],[-44.063,-13.758],[-44.144,-13.69],[-44.18,-13.684],[-44.188,-13.658],[-44.239,-13.589],[-44.25,-13.514],[-44.261,-13.51],[-44.284,-13.534],[-44.285,-13.556],[-44.315,-13.564],[-44.357,-13.595],[-44.379,-13.595],[-44.422,-13.621],[-44.452,-13.625],[-44.502,-13.666],[-44.587,-13.684],[-44.599,-13.702],[-44.649,-13.73],[-44.669,-13.727],[-44.702,-13.754],[-44.799,-13.8],[-44.795,-13.826],[-44.767,-13.84],[-44.749,-13.866],[-44.712,-13.889],[-44.671,-13.889],[-44.518,-14.004],[-44.468,-14.034],[-44.38,-14.044]]]}},{"type":"Feature","properties":{"code":"2932309"},"geometry":{"type":"Polygon","coordinates":[[[-39.516,-14.221],[-39.487,-14.119],[-39.499,-14.084],[-39.488,-14.055],[-39.48,-13.981],[-39.488,-13.935],[-39.514,-13.933],[-39.52,-13.966],[-39.546,-13.96],[-39.523,-14.012],[-39.527,-14.052],[-39.543,-14.058],[-39.576,-14.216],[-39.575,-14.233],[-39.546,-14.21],[-39.516,-14.221]]]}},{"type":"Feature","properties":{"code":"2924108"},"geometry":{"type":"Polygon","coordinates":[[[-38.587,-12.194],[-38.571,-12.124],[-38.58,-12.082],[-38.604,-12.082],[-38.658,-12.053],[-38.688,-12.105],[-38.7,-12.139],[-38.733,-12.155],[-38.658,-12.193],[-38.632,-12.17],[-38.587,-12.194]]]}},{"type":"Feature","properties":{"code":"2900900"},"geometry":{"type":"Polygon","coordinates":[[[-39.584,-14.784],[-39.57,-14.721],[-39.62,-14.662],[-39.698,-14.605],[-39.719,-14.602],[-39.746,-14.659],[-39.753,-14.717],[-39.658,-14.77],[-39.617,-14.789],[-39.584,-14.784]]]}},{"type":"Feature","properties":{"code":"2932408"},"geometry":{"type":"Polygon","coordinates":[[[-42.24,-11.261],[-42.209,-11.323],[-42.181,-11.346],[-42.176,-11.397],[-42.16,-11.405],[-42.164,-11.48],[-42.126,-11.494],[-42.12,-11.519],[-42.086,-11.542],[-42.067,-11.588],[-42.044,-11.552],[-42.036,-11.518],[-42.008,-11.457],[-41.978,-11.428],[-42.026,-11.387],[-42.049,-11.331],[-42.059,-11.258],[-42.054,-11.233],[-42.107,-11.222],[-42.24,-11.261]]]}},{"type":"Feature","properties":{"code":"2916609"},"geometry":{"type":"Polygon","coordinates":[[[-39.551,-14.562],[-39.525,-14.519],[-39.515,-14.461],[-39.49,-14.42],[-39.526,-14.412],[-39.536,-14.393],[-39.59,-14.395],[-39.697,-14.37],[-39.715,-14.416],[-39.708,-14.452],[-39.733,-14.517],[-39.729,-14.561],[-39.551,-14.562]]]}},{"type":"Feature","properties":{"code":"2924207"},"geometry":{"type":"Polygon","coordinates":[[[-38.09,-10.148],[-38.044,-10.141],[-38.018,-10.123],[-37.965,-10.147],[-37.953,-10.161],[-37.917,-10.162],[-37.836,-10.23],[-37.793,-10.247],[-37.769,-10.289],[-37.75,-10.289],[-37.747,-10.238],[-37.766,-10.196],[-37.782,-10.186],[-37.78,-10.134],[-37.802,-10.113],[-37.783,-10.044],[-37.791,-10.033],[-37.833,-10.019],[-37.909,-9.94],[-37.902,-9.919],[-37.945,-9.943],[-37.975,-9.937],[-38.004,-9.905],[-38.03,-9.908],[-38.083,-9.897],[-38.102,-9.884],[-38.116,-9.922],[-38.14,-9.941],[-38.1,-9.968],[-38.109,-10.003],[-38.088,-10.047],[-38.08,-10.087],[-38.09,-10.148]]]}},{"type":"Feature","properties":{"code":"2908408"},"geometry":{"type":"Polygon","coordinates":[[[-39.253,-11.753],[-39.234,-11.762],[-39.209,-11.713],[-39.178,-11.685],[-39.152,-11.676],[-39.159,-11.646],[-39.158,-11.633],[-39.145,-11.567],[-39.158,-11.529],[-39.141,-11.493],[-39.12,-11.407],[-39.12,-11.373],[-39.136,-11.323],[-39.13,-11.3],[-39.18,-11.27],[-39.206,-11.274],[-39.234,-11.335],[-39.273,-11.337],[-39.285,-11.375],[-39.346,-11.506],[-39.419,-11.565],[-39.431,-11.582],[-39.486,-11.601],[-39.363,-11.647],[-39.262,-11.738],[-39.253,-11.753]]]}},{"type":"Feature","properties":{"code":"2900207"},"geometry":{"type":"Polygon","coordinates":[[[-39.351,-9.157],[-39.309,-9.051],[-39.279,-9.029],[-39.264,-8.987],[-39.271,-8.944],[-39.105,-8.846],[-39.065,-8.732],[-39.144,-8.713],[-39.167,-8.693],[-39.201,-8.711],[-39.234,-8.705],[-39.245,-8.684],[-39.248,-8.625],[-39.273,-8.584],[-39.286,-8.564],[-39.345,-8.559],[-39.357,-8.547],[-39.374,-8.563],[-39.492,-8.836],[-39.468,-8.976],[-39.408,-9.133],[-39.351,-9.157]]]}},{"type":"Feature","properties":{"code":"2932705"},"geometry":{"type":"Polygon","coordinates":[[[-39.364,-14.45],[-39.391,-14.514],[-39.401,-14.556],[-39.358,-14.579],[-39.364,-14.609],[-39.347,-14.622],[-39.272,-14.638],[-39.194,-14.61],[-39.177,-14.569],[-39.145,-14.53],[-39.034,-14.515],[-39.018,-14.418],[-39.05,-14.406],[-39.091,-14.432],[-39.132,-14.489],[-39.323,-14.46],[-39.364,-14.45]]]}},{"type":"Feature","properties":{"code":"2924504"},"geometry":{"type":"Polygon","coordinates":[[[-42.57,-14.514],[-42.586,-14.509],[-42.579,-14.45],[-42.563,-14.453],[-42.524,-14.41],[-42.567,-14.337],[-42.62,-14.296],[-42.709,-14.389],[-42.752,-14.412],[-42.835,-14.562],[-42.8,-14.595],[-42.793,-14.626],[-42.805,-14.657],[-42.788,-14.657],[-42.764,-14.613],[-42.719,-14.596],[-42.671,-14.592],[-42.64,-14.571],[-42.629,-14.541],[-42.586,-14.537],[-42.57,-14.514]]]}},{"type":"Feature","properties":{"code":"2932804"},"geometry":{"type":"Polygon","coordinates":[[[-40.874,-12.126],[-40.909,-12.06],[-40.897,-11.99],[-40.92,-12.014],[-40.972,-12.016],[-41.025,-12.002],[-41.049,-11.97],[-41.063,-11.933],[-41.086,-11.919],[-41.11,-11.947],[-41.223,-11.919],[-41.19,-11.961],[-41.196,-12.012],[-41.231,-12.04],[-41.221,-12.093],[-41.237,-12.114],[-41.229,-12.137],[-41.121,-12.114],[-41.041,-12.148],[-40.997,-12.149],[-40.972,-12.129],[-40.894,-12.155],[-40.874,-12.126]]]}},{"type":"Feature","properties":{"code":"2924603"},"geometry":{"type":"Polygon","coordinates":[[[-40.204,-10.818],[-40.218,-10.758],[-40.258,-10.732],[-40.282,-10.673],[-40.281,-10.621],[-40.295,-10.608],[-40.336,-10.604],[-40.364,-10.59],[-40.401,-10.595],[-40.395,-10.651],[-40.462,-10.673],[-40.478,-10.691],[-40.476,-10.764],[-40.445,-10.752],[-40.409,-10.795],[-40.303,-10.815],[-40.268,-10.843],[-40.242,-10.847],[-40.204,-10.818]]]}},{"type":"Feature","properties":{"code":"2932606"},"geometry":{"type":"Polygon","coordinates":[[[-42.619,-14.94],[-42.609,-14.889],[-42.574,-14.874],[-42.559,-14.824],[-42.581,-14.761],[-42.574,-14.705],[-42.559,-14.671],[-42.552,-14.616],[-42.583,-14.591],[-42.582,-14.55],[-42.57,-14.514],[-42.586,-14.537],[-42.629,-14.541],[-42.64,-14.571],[-42.671,-14.592],[-42.719,-14.596],[-42.764,-14.613],[-42.788,-14.657],[-42.805,-14.657],[-42.852,-14.764],[-42.872,-14.765],[-42.872,-14.775],[-42.795,-14.837],[-42.755,-14.846],[-42.747,-14.868],[-42.707,-14.881],[-42.649,-14.93],[-42.619,-14.94]]]}},{"type":"Feature","properties":{"code":"2924405"},"geometry":{"type":"Polygon","coordinates":[[[-43.916,-10.393],[-43.771,-10.393],[-43.726,-10.356],[-43.661,-10.374],[-43.665,-10.326],[-43.651,-10.306],[-43.596,-10.268],[-43.584,-10.248],[-43.507,-10.249],[-43.468,-10.235],[-43.385,-10.24],[-43.279,-10.237],[-42.942,-10.407],[-42.619,-10.569],[-42.587,-10.545],[-42.57,-10.47],[-42.465,-10.382],[-42.454,-10.344],[-42.459,-10.311],[-42.437,-10.272],[-42.405,-10.253],[-42.406,-10.185],[-42.435,-10.13],[-42.415,-10.079],[-42.393,-10.052],[-42.355,-10.032],[-42.292,-10.053],[-42.258,-10.054],[-42.227,-10.029],[-42.313,-9.944],[-42.355,-9.91],[-42.393,-9.914],[-42.405,-9.895],[-42.452,-9.873],[-42.476,-9.877],[-42.507,-9.858],[-42.523,-9.812],[-42.619,-9.722],[-42.664,-9.735],[-42.664,-9.715],[-42.685,-9.659],[-42.718,-9.652],[-42.767,-9.725],[-42.837,-9.746],[-42.917,-9.827],[-43.058,-9.767],[-43.183,-9.725],[-43.377,-9.732],[-43.408,-9.625],[-43.471,-9.53],[-43.511,-9.429],[-43.545,-9.41],[-43.606,-9.352],[-43.622,-9.371],[-43.689,-9.42],[-43.751,-9.434],[-43.782,-9.453],[-43.786,-9.458],[-43.838,-9.525],[-43.853,-9.562],[-43.842,-9.586],[-43.842,-9.637],[-43.828,-9.647],[-43.794,-9.705],[-43.785,-9.762],[-43.665,-9.824],[-43.653,-9.844],[-43.677,-9.886],[-43.709,-9.913],[-43.691,-9.942],[-43.697,-9.974],[-43.665,-9.991],[-43.669,-10.031],[-43.693,-10.059],[-43.699,-10.078],[-43.759,-10.075],[-43.773,-10.099],[-43.766,-10.121],[-43.785,-10.192],[-43.837,-10.25],[-43.837,-10.302],[-43.895,-10.354],[-43.916,-10.393]]]}},{"type":"Feature","properties":{"code":"2916500"},"geometry":{"type":"Polygon","coordinates":[[[-38.08,-11.465],[-38.08,-11.442],[-38.045,-11.426],[-38.036,-11.39],[-37.994,-11.343],[-37.992,-11.313],[-38.006,-11.286],[-37.987,-11.271],[-37.994,-11.24],[-37.981,-11.199],[-38.023,-11.178],[-38.047,-11.182],[-38.089,-11.116],[-38.075,-11.077],[-38.102,-11.044],[-38.102,-11.017],[-38.169,-10.99],[-38.186,-10.961],[-38.181,-10.943],[-38.21,-10.931],[-38.246,-10.921],[-38.322,-11.072],[-38.402,-11.097],[-38.438,-11.118],[-38.445,-11.17],[-38.373,-11.264],[-38.345,-11.264],[-38.308,-11.31],[-38.258,-11.32],[-38.212,-11.351],[-38.178,-11.366],[-38.121,-11.426],[-38.106,-11.426],[-38.08,-11.465]]]}},{"type":"Feature","properties":{"code":"2908309"},"geometry":{"type":"Polygon","coordinates":[[[-39.326,-12.977],[-39.317,-12.948],[-39.279,-12.952],[-39.224,-12.94],[-39.215,-12.871],[-39.185,-12.873],[-39.162,-12.849],[-39.15,-12.826],[-39.119,-12.817],[-39.118,-12.798],[-39.142,-12.765],[-39.145,-12.741],[-39.165,-12.759],[-39.192,-12.754],[-39.22,-12.787],[-39.226,-12.81],[-39.278,-12.846],[-39.298,-12.822],[-39.322,-12.82],[-39.339,-12.841],[-39.351,-12.902],[-39.356,-12.919],[-39.326,-12.977]]]}},{"type":"Feature","properties":{"code":"2916856"},"geometry":{"type":"Polygon","coordinates":[[[-39.679,-12.887],[-39.674,-12.755],[-39.647,-12.729],[-39.66,-12.693],[-39.651,-12.668],[-39.671,-12.635],[-39.635,-12.583],[-39.663,-12.557],[-39.693,-12.562],[-39.762,-12.549],[-39.792,-12.558],[-39.787,-12.615],[-39.806,-12.687],[-39.797,-12.705],[-39.856,-12.796],[-39.834,-12.821],[-39.727,-12.877],[-39.713,-12.862],[-39.679,-12.887]]]}},{"type":"Feature","properties":{"code":"2900108"},"geometry":{"type":"Polygon","coordinates":[[[-41.605,-13.425],[-41.609,-13.326],[-41.59,-13.267],[-41.599,-13.23],[-41.654,-13.168],[-41.671,-13.179],[-41.69,-13.216],[-41.726,-13.236],[-41.735,-13.253],[-41.788,-13.28],[-41.806,-13.266],[-41.858,-13.189],[-41.889,-13.211],[-41.919,-13.249],[-41.913,-13.264],[-41.909,-13.311],[-41.869,-13.347],[-41.869,-13.366],[-41.804,-13.419],[-41.795,-13.385],[-41.747,-13.325],[-41.7,-13.371],[-41.672,-13.353],[-41.633,-13.414],[-41.605,-13.425]]]}},{"type":"Feature","properties":{"code":"2916807"},"geometry":{"type":"Polygon","coordinates":[[[-39.843,-15.977],[-39.871,-15.953],[-39.908,-15.947],[-39.949,-15.895],[-39.911,-15.867],[-39.922,-15.819],[-39.909,-15.747],[-39.937,-15.688],[-39.889,-15.635],[-39.895,-15.615],[-39.934,-15.562],[-39.97,-15.549],[-39.961,-15.506],[-39.923,-15.464],[-39.964,-15.452],[-39.964,-15.43],[-40.014,-15.424],[-40.032,-15.437],[-40.046,-15.388],[-40.092,-15.399],[-40.107,-15.36],[-40.166,-15.371],[-40.147,-15.389],[-40.165,-15.409],[-40.196,-15.451],[-40.189,-15.474],[-40.136,-15.513],[-40.134,-15.597],[-40.17,-15.619],[-40.169,-15.651],[-40.185,-15.685],[-40.199,-15.759],[-40.233,-15.757],[-40.236,-15.803],[-40.207,-15.854],[-40.174,-15.87],[-40.16,-15.909],[-40.127,-15.907],[-40.075,-15.92],[-40.066,-15.959],[-40.046,-15.962],[-40.004,-16.002],[-39.958,-15.992],[-39.915,-16.0],[-39.864,-15.996],[-39.843,-15.977]]]}},{"type":"Feature","properties":{"code":"2916906"},"geometry":{"type":"Polygon","coordinates":[[[-40.235,-13.534],[-40.19,-13.539],[-40.171,-13.599],[-40.148,-13.639],[-40.118,-13.669],[-40.097,-13.669],[-40.114,-13.619],[-40.11,-13.584],[-40.122,-13.527],[-40.072,-13.495],[-40.094,-13.431],[-40.12,-13.41],[-40.151,-13.337],[-40.173,-13.347],[-40.201,-13.385],[-40.232,-13.408],[-40.216,-13.43],[-40.2,-13.5],[-40.235,-13.534]]]}},{"type":"Feature","properties":{"code":"2908705"},"geometry":{"type":"Polygon","coordinates":[[[-42.048,-15.171],[-42.07,-15.141],[-42.026,-15.096],[-41.986,-15.067],[-41.974,-15.023],[-41.978,-14.992],[-41.934,-14.947],[-41.927,-14.913],[-41.891,-14.895],[-41.83,-14.893],[-41.806,-14.871],[-41.829,-14.794],[-41.868,-14.78],[-41.901,-14.739],[-41.925,-14.74],[-41.927,-14.704],[-41.966,-14.699],[-42.004,-14.683],[-42.031,-14.661],[-42.053,-14.691],[-42.068,-14.717],[-42.051,-14.747],[-42.056,-14.78],[-42.047,-14.806],[-42.061,-14.85],[-42.089,-14.825],[-42.129,-14.812],[-42.176,-14.822],[-42.2,-14.873],[-42.23,-14.912],[-42.239,-14.942],[-42.21,-14.991],[-42.209,-15.023],[-42.227,-15.045],[-42.279,-15.055],[-42.293,-15.088],[-42.278,-15.114],[-42.266,-15.125],[-42.223,-15.1],[-42.155,-15.098],[-42.151,-15.118],[-42.125,-15.135],[-42.096,-15.182],[-42.048,-15.171]]]}},{"type":"Feature","properties":{"code":"2900504"},"geometry":{"type":"Polygon","coordinates":[[[-41.968,-13.527],[-41.955,-13.492],[-41.969,-13.465],[-41.949,-13.403],[-41.948,-13.343],[-41.916,-13.334],[-41.909,-13.311],[-42.009,-13.287],[-42.033,-13.294],[-42.096,-13.261],[-42.126,-13.259],[-42.158,-13.227],[-42.179,-13.226],[-42.193,-13.27],[-42.19,-13.311],[-42.174,-13.366],[-42.194,-13.376],[-42.213,-13.413],[-42.175,-13.425],[-42.163,-13.473],[-42.094,-13.52],[-42.067,-13.574],[-42.041,-13.584],[-42.019,-13.624],[-42.022,-13.563],[-42.001,-13.54],[-41.968,-13.527]]]}},{"type":"Feature","properties":{"code":"2932002"},"geometry":{"type":"Polygon","coordinates":[[[-39.267,-10.193],[-39.255,-10.147],[-39.263,-10.087],[-39.235,-10.031],[-39.221,-10.025],[-39.202,-9.972],[-39.205,-9.863],[-39.201,-9.839],[-39.222,-9.792],[-39.214,-9.765],[-39.235,-9.72],[-39.212,-9.646],[-39.224,-9.635],[-39.281,-9.635],[-39.331,-9.594],[-39.36,-9.616],[-39.6,-9.7],[-39.644,-9.707],[-39.669,-9.729],[-39.686,-9.763],[-39.796,-9.844],[-39.779,-9.871],[-39.748,-9.881],[-39.738,-9.901],[-39.75,-9.954],[-39.767,-9.97],[-39.76,-9.992],[-39.766,-10.032],[-39.758,-10.074],[-39.734,-10.089],[-39.716,-10.067],[-39.654,-10.1],[-39.637,-10.121],[-39.564,-10.124],[-39.541,-10.149],[-39.526,-10.188],[-39.455,-10.172],[-39.371,-10.172],[-39.322,-10.197],[-39.267,-10.193]]]}},{"type":"Feature","properties":{"code":"2916708"},"geometry":{"type":"Polygon","coordinates":[[[-39.814,-13.564],[-39.773,-13.518],[-39.772,-13.483],[-39.794,-13.457],[-39.846,-13.439],[-39.877,-13.391],[-39.952,-13.326],[-39.976,-13.315],[-39.982,-13.326],[-39.995,-13.365],[-39.987,-13.408],[-40.006,-13.473],[-39.931,-13.496],[-39.921,-13.521],[-39.888,-13.515],[-39.814,-13.564]]]}},{"type":"Feature","properties":{"code":"2900355"},"geometry":{"type":"Polygon","coordinates":[[[-38.145,-10.718],[-38.068,-10.716],[-38.042,-10.701],[-38.017,-10.695],[-37.979,-10.652],[-37.984,-10.638],[-37.918,-10.584],[-37.908,-10.513],[-37.921,-10.476],[-37.909,-10.449],[-37.915,-10.442],[-37.938,-10.447],[-37.979,-10.434],[-38.025,-10.451],[-38.059,-10.435],[-38.15,-10.457],[-38.13,-10.579],[-38.145,-10.718]]]}},{"type":"Feature","properties":{"code":"2923803"},"geometry":{"type":"Polygon","coordinates":[[[-37.972,-10.757],[-37.946,-10.757],[-37.91,-10.716],[-37.847,-10.699],[-37.804,-10.651],[-37.806,-10.601],[-37.831,-10.585],[-37.829,-10.54],[-37.815,-10.517],[-37.821,-10.483],[-37.848,-10.444],[-37.909,-10.449],[-37.921,-10.476],[-37.908,-10.513],[-37.918,-10.584],[-37.984,-10.638],[-37.979,-10.652],[-38.017,-10.695],[-38.042,-10.701],[-38.026,-10.726],[-37.972,-10.757]]]}},{"type":"Feature","properties":{"code":"2908507"},"geometry":{"type":"Polygon","coordinates":[[[-38.657,-12.361],[-38.69,-12.303],[-38.711,-12.312],[-38.723,-12.285],[-38.763,-12.291],[-38.79,-12.33],[-38.812,-12.338],[-38.834,-12.368],[-38.795,-12.37],[-38.775,-12.364],[-38.656,-12.373],[-38.657,-12.361]]]}},{"type":"Feature","properties":{"code":"2900306"},"geometry":{"type":"Polygon","coordinates":[[[-38.066,-11.689],[-38.047,-11.68],[-38.011,-11.769],[-37.989,-11.737],[-37.923,-11.677],[-37.912,-11.681],[-37.936,-11.668],[-37.947,-11.616],[-37.98,-11.595],[-38.033,-11.604],[-38.048,-11.588],[-38.082,-11.61],[-38.049,-11.649],[-38.066,-11.689]]]}},{"type":"Feature","properties":{"code":"2908606"},"geometry":{"type":"Polygon","coordinates":[[[-37.813,-11.737],[-37.864,-11.77],[-37.801,-11.828],[-37.738,-11.908],[-37.763,-11.965],[-37.74,-11.975],[-37.748,-12.006],[-37.721,-12.021],[-37.733,-12.04],[-37.702,-12.064],[-37.686,-12.099],[-37.61,-11.956],[-37.513,-11.741],[-37.521,-11.711],[-37.558,-11.705],[-37.607,-11.667],[-37.634,-11.66],[-37.659,-11.674],[-37.691,-11.659],[-37.714,-11.633],[-37.741,-11.629],[-37.747,-11.663],[-37.732,-11.708],[-37.778,-11.707],[-37.813,-11.737]]]}},{"type":"Feature","properties":{"code":"2931806"},"geometry":{"type":"Polygon","coordinates":[[[-41.456,-15.41],[-41.457,-15.379],[-41.416,-15.328],[-41.424,-15.307],[-41.395,-15.253],[-41.413,-15.165],[-41.379,-15.164],[-41.367,-15.14],[-41.333,-15.127],[-41.295,-15.079],[-41.289,-15.053],[-41.302,-15.024],[-41.219,-14.998],[-41.239,-14.932],[-41.264,-14.913],[-41.269,-14.798],[-41.309,-14.783],[-41.351,-14.815],[-41.382,-14.825],[-41.425,-14.791],[-41.449,-14.796],[-41.477,-14.795],[-41.51,-14.824],[-41.546,-14.814],[-41.568,-14.855],[-41.609,-14.874],[-41.632,-14.902],[-41.648,-14.935],[-41.633,-14.971],[-41.594,-14.993],[-41.586,-15.035],[-41.594,-15.055],[-41.652,-15.1],[-41.705,-15.116],[-41.73,-15.113],[-41.76,-15.138],[-41.456,-15.41]]]}},{"type":"Feature","properties":{"code":"2900405"},"geometry":{"type":"Polygon","coordinates":[[[-38.825,-11.948],[-38.755,-11.941],[-38.68,-11.946],[-38.631,-11.933],[-38.597,-11.953],[-38.605,-11.905],[-38.579,-11.839],[-38.578,-11.801],[-38.542,-11.755],[-38.647,-11.691],[-38.674,-11.693],[-38.747,-11.693],[-38.792,-11.724],[-38.834,-11.773],[-38.869,-11.816],[-38.825,-11.948]]]}},{"type":"Feature","properties":{"code":"2923605"},"geometry":{"type":"Polygon","coordinates":[[[-42.185,-13.695],[-42.156,-13.725],[-42.115,-13.725],[-42.07,-13.715],[-42.049,-13.639],[-42.019,-13.624],[-42.041,-13.584],[-42.067,-13.574],[-42.094,-13.52],[-42.163,-13.473],[-42.175,-13.425],[-42.213,-13.413],[-42.194,-13.376],[-42.174,-13.366],[-42.19,-13.311],[-42.193,-13.27],[-42.251,-13.31],[-42.27,-13.337],[-42.266,-13.37],[-42.406,-13.402],[-42.463,-13.44],[-42.439,-13.49],[-42.435,-13.524],[-42.415,-13.538],[-42.405,-13.58],[-42.366,-13.593],[-42.358,-13.626],[-42.31,-13.603],[-42.257,-13.608],[-42.193,-13.668],[-42.179,-13.66],[-42.137,-13.685],[-42.137,-13.701],[-42.185,-13.695]]]}},{"type":"Feature","properties":{"code":"2931905"},"geometry":{"type":"Polygon","coordinates":[[[-38.774,-11.356],[-38.626,-11.186],[-38.617,-11.162],[-38.611,-11.137],[-38.573,-11.141],[-38.559,-11.127],[-38.594,-11.02],[-38.594,-10.988],[-38.625,-10.94],[-38.668,-10.899],[-38.711,-10.89],[-38.775,-10.774],[-38.767,-10.747],[-38.792,-10.726],[-38.844,-10.732],[-38.879,-10.746],[-38.913,-10.779],[-38.959,-10.785],[-38.965,-10.839],[-39.115,-11.018],[-39.07,-11.043],[-39.047,-11.021],[-39.013,-11.035],[-39.006,-11.053],[-38.945,-11.052],[-38.941,-11.08],[-38.872,-11.346],[-38.858,-11.353],[-38.804,-11.347],[-38.774,-11.356]]]}},{"type":"Feature","properties":{"code":"2923704"},"geometry":{"type":"Polygon","coordinates":[[[-42.913,-13.18],[-42.903,-13.16],[-42.926,-13.129],[-42.935,-13.077],[-42.974,-13.028],[-42.981,-12.971],[-42.973,-12.952],[-42.933,-12.932],[-42.891,-12.889],[-42.887,-12.797],[-42.879,-12.725],[-42.889,-12.542],[-42.912,-12.534],[-42.939,-12.504],[-42.953,-12.471],[-42.928,-12.448],[-42.971,-12.376],[-42.972,-12.332],[-43.036,-12.331],[-43.063,-12.348],[-43.087,-12.312],[-43.12,-12.328],[-43.204,-12.353],[-43.253,-12.381],[-43.258,-12.431],[-43.207,-12.543],[-43.206,-12.59],[-43.188,-12.62],[-43.201,-12.674],[-43.222,-12.691],[-43.206,-12.7],[-43.218,-12.735],[-43.287,-12.841],[-43.251,-12.876],[-43.224,-12.888],[-43.191,-12.924],[-43.165,-12.976],[-43.126,-13.003],[-43.119,-13.026],[-43.092,-13.038],[-43.074,-13.065],[-43.029,-13.093],[-42.971,-13.096],[-42.914,-13.157],[-42.913,-13.18]]]}},{"type":"Feature","properties":{"code":"2907905"},"geometry":{"type":"Polygon","coordinates":[[[-38.445,-11.17],[-38.438,-11.118],[-38.475,-11.089],[-38.506,-11.054],[-38.558,-11.021],[-38.594,-11.02],[-38.559,-11.127],[-38.573,-11.141],[-38.611,-11.137],[-38.617,-11.162],[-38.482,-11.163],[-38.445,-11.17]]]}},{"type":"Feature","properties":{"code":"2932200"},"geometry":{"type":"Polygon","coordinates":[[[-39.443,-14.304],[-39.408,-14.31],[-39.379,-14.294],[-39.347,-14.313],[-39.291,-14.312],[-39.265,-14.291],[-39.323,-14.255],[-39.413,-14.236],[-39.444,-14.242],[-39.462,-14.229],[-39.496,-14.238],[-39.516,-14.221],[-39.546,-14.21],[-39.575,-14.233],[-39.576,-14.252],[-39.492,-14.281],[-39.443,-14.304]]]}},{"type":"Feature","properties":{"code":"2924009"},"geometry":{"type":"Polygon","coordinates":[[[-38.443,-9.699],[-38.364,-9.707],[-38.351,-9.679],[-38.308,-9.661],[-38.285,-9.691],[-38.225,-9.675],[-38.157,-9.678],[-38.148,-9.65],[-38.123,-9.62],[-38.061,-9.588],[-38.021,-9.565],[-38.023,-9.54],[-38.003,-9.515],[-37.998,-9.499],[-38.022,-9.47],[-38.069,-9.456],[-38.078,-9.441],[-38.157,-9.44],[-38.203,-9.42],[-38.194,-9.394],[-38.215,-9.353],[-38.282,-9.384],[-38.364,-9.382],[-38.383,-9.399],[-38.441,-9.413],[-38.509,-9.354],[-38.493,-9.49],[-38.508,-9.63],[-38.532,-9.65],[-38.549,-9.685],[-38.488,-9.713],[-38.443,-9.699]]]}},{"type":"Feature","properties":{"code":"2916104"},"geometry":{"type":"Polygon","coordinates":[[[-38.723,-12.924],[-38.628,-12.941],[-38.561,-12.933],[-38.589,-12.893],[-38.675,-12.845],[-38.699,-12.801],[-38.721,-12.856],[-38.705,-12.871],[-38.723,-12.924]]]}},{"type":"Feature","properties":{"code":"2924058"},"geometry":{"type":"Polygon","coordinates":[[[-39.594,-12.061],[-39.577,-12.039],[-39.537,-12.025],[-39.559,-12.009],[-39.51,-11.941],[-39.505,-11.901],[-39.467,-11.872],[-39.519,-11.825],[-39.534,-11.832],[-39.541,-11.758],[-39.641,-11.725],[-39.696,-11.728],[-39.691,-11.788],[-39.713,-11.824],[-39.741,-11.842],[-39.747,-11.894],[-39.73,-11.906],[-39.678,-11.924],[-39.642,-11.954],[-39.636,-11.997],[-39.607,-12.027],[-39.594,-12.061]]]}},{"type":"Feature","properties":{"code":"2932101"},"geometry":{"type":"Polygon","coordinates":[[[-39.695,-13.512],[-39.669,-13.537],[-39.64,-13.505],[-39.632,-13.471],[-39.645,-13.426],[-39.63,-13.406],[-39.639,-13.36],[-39.606,-13.297],[-39.613,-13.269],[-39.592,-13.251],[-39.608,-13.19],[-39.566,-13.188],[-39.539,-13.176],[-39.549,-13.153],[-39.586,-13.142],[-39.598,-13.097],[-39.632,-13.096],[-39.653,-13.109],[-39.703,-13.112],[-39.758,-13.131],[-39.742,-13.179],[-39.839,-13.19],[-39.831,-13.206],[-39.8,-13.236],[-39.76,-13.249],[-39.757,-13.271],[-39.729,-13.316],[-39.747,-13.375],[-39.742,-13.413],[-39.724,-13.412],[-39.711,-13.46],[-39.729,-13.489],[-39.695,-13.512]]]}},{"type":"Feature","properties":{"code":"2923902"},"geometry":{"type":"Polygon","coordinates":[[[-39.59,-15.6],[-39.619,-15.553],[-39.571,-15.544],[-39.58,-15.501],[-39.6,-15.499],[-39.614,-15.47],[-39.577,-15.426],[-39.599,-15.357],[-39.625,-15.35],[-39.64,-15.294],[-39.685,-15.315],[-39.685,-15.337],[-39.747,-15.371],[-39.766,-15.367],[-39.791,-15.424],[-39.83,-15.459],[-39.842,-15.482],[-39.83,-15.532],[-39.791,-15.542],[-39.773,-15.559],[-39.734,-15.556],[-39.714,-15.59],[-39.675,-15.622],[-39.651,-15.591],[-39.635,-15.618],[-39.59,-15.6]]]}},{"type":"Feature","properties":{"code":"2916005"},"geometry":{"type":"Polygon","coordinates":[[[-40.132,-17.247],[-40.139,-17.232],[-40.126,-17.187],[-40.153,-17.169],[-40.15,-17.135],[-40.128,-17.114],[-40.181,-17.078],[-40.275,-16.995],[-40.292,-17.007],[-40.353,-16.988],[-40.369,-16.964],[-40.394,-16.961],[-40.418,-16.928],[-40.408,-16.899],[-40.434,-16.887],[-40.48,-16.877],[-40.516,-16.963],[-40.544,-16.983],[-40.572,-17.066],[-40.557,-17.09],[-40.579,-17.15],[-40.572,-17.182],[-40.554,-17.189],[-40.559,-17.232],[-40.571,-17.253],[-40.548,-17.284],[-40.391,-17.263],[-40.298,-17.26],[-40.281,-17.247],[-40.218,-17.247],[-40.197,-17.23],[-40.163,-17.249],[-40.132,-17.247]]]}},{"type":"Feature","properties":{"code":"2907806"},"geometry":{"type":"Polygon","coordinates":[[[-38.398,-10.633],[-38.297,-10.651],[-38.268,-10.675],[-38.284,-10.538],[-38.251,-10.525],[-38.22,-10.477],[-38.249,-10.46],[-38.296,-10.476],[-38.367,-10.476],[-38.415,-10.463],[-38.452,-10.445],[-38.485,-10.448],[-38.506,-10.409],[-38.503,-10.377],[-38.543,-10.346],[-38.579,-10.333],[-38.644,-10.364],[-38.622,-10.439],[-38.633,-10.467],[-38.656,-10.485],[-38.628,-10.514],[-38.613,-10.546],[-38.578,-10.53],[-38.547,-10.564],[-38.482,-10.609],[-38.437,-10.609],[-38.398,-10.633]]]}},{"type":"Feature","properties":{"code":"2916302"},"geometry":{"type":"Polygon","coordinates":[[[-39.433,-16.077],[-39.397,-16.04],[-39.45,-15.987],[-39.471,-15.977],[-39.464,-15.947],[-39.495,-15.9],[-39.493,-15.882],[-39.515,-15.853],[-39.501,-15.818],[-39.525,-15.818],[-39.563,-15.801],[-39.568,-15.773],[-39.622,-15.773],[-39.648,-15.742],[-39.677,-15.765],[-39.733,-15.779],[-39.749,-15.801],[-39.788,-15.812],[-39.817,-15.847],[-39.815,-15.866],[-39.888,-15.884],[-39.911,-15.867],[-39.949,-15.895],[-39.908,-15.947],[-39.871,-15.953],[-39.843,-15.977],[-39.785,-15.969],[-39.75,-15.972],[-39.616,-16.007],[-39.609,-16.022],[-39.556,-16.032],[-39.486,-16.06],[-39.469,-16.094],[-39.433,-16.077]]]}},{"type":"Feature","properties":{"code":"2916401"},"geometry":{"type":"Polygon","coordinates":[[[-39.83,-15.532],[-39.842,-15.482],[-39.83,-15.459],[-39.791,-15.424],[-39.766,-15.367],[-39.788,-15.375],[-39.81,-15.325],[-39.848,-15.311],[-39.895,-15.102],[-39.936,-15.108],[-39.969,-15.124],[-39.995,-15.112],[-40.042,-15.124],[-40.094,-15.105],[-40.132,-15.224],[-40.262,-15.176],[-40.369,-15.251],[-40.371,-15.277],[-40.373,-15.321],[-40.35,-15.376],[-40.315,-15.403],[-40.314,-15.426],[-40.271,-15.41],[-40.201,-15.424],[-40.165,-15.409],[-40.147,-15.389],[-40.166,-15.371],[-40.107,-15.36],[-40.092,-15.399],[-40.046,-15.388],[-40.032,-15.437],[-40.014,-15.424],[-39.964,-15.43],[-39.964,-15.452],[-39.923,-15.464],[-39.886,-15.521],[-39.83,-15.532]]]}},{"type":"Feature","properties":{"code":"2908200"},"geometry":{"type":"Polygon","coordinates":[[[-38.877,-12.511],[-38.972,-12.47],[-39.008,-12.472],[-39.023,-12.442],[-39.053,-12.447],[-39.067,-12.453],[-39.089,-12.496],[-39.074,-12.502],[-39.058,-12.54],[-39.007,-12.569],[-38.962,-12.541],[-38.911,-12.518],[-38.881,-12.523],[-38.877,-12.511]]]}},{"type":"Feature","properties":{"code":"2931400"},"geometry":{"type":"Polygon","coordinates":[[[-38.532,-12.343],[-38.527,-12.275],[-38.587,-12.194],[-38.632,-12.17],[-38.658,-12.193],[-38.678,-12.221],[-38.698,-12.279],[-38.69,-12.303],[-38.657,-12.361],[-38.62,-12.319],[-38.59,-12.313],[-38.532,-12.343]]]}},{"type":"Feature","properties":{"code":"2923209"},"geometry":{"type":"Polygon","coordinates":[[[-42.353,-12.457],[-42.362,-12.42],[-42.338,-12.41],[-42.333,-12.384],[-42.356,-12.309],[-42.372,-12.278],[-42.378,-12.234],[-42.561,-12.258],[-42.578,-12.196],[-42.574,-12.171],[-42.615,-12.162],[-42.629,-12.08],[-42.669,-12.062],[-42.709,-12.108],[-42.731,-12.1],[-42.777,-12.034],[-42.757,-11.985],[-42.798,-11.962],[-42.813,-11.941],[-42.873,-11.964],[-42.902,-11.962],[-42.946,-11.977],[-43.137,-12.02],[-43.115,-12.046],[-43.059,-12.095],[-43.064,-12.14],[-42.991,-12.194],[-42.964,-12.269],[-42.972,-12.332],[-42.971,-12.376],[-42.928,-12.448],[-42.953,-12.471],[-42.939,-12.504],[-42.912,-12.534],[-42.889,-12.542],[-42.825,-12.57],[-42.772,-12.558],[-42.639,-12.501],[-42.589,-12.51],[-42.533,-12.547],[-42.483,-12.54],[-42.443,-12.507],[-42.387,-12.482],[-42.353,-12.457]]]}},{"type":"Feature","properties":{"code":"2931509"},"geometry":{"type":"Polygon","coordinates":[[[-38.87,-11.537],[-38.861,-11.484],[-38.823,-11.414],[-38.865,-11.382],[-38.98,-11.423],[-39.054,-11.399],[-39.074,-11.421],[-39.049,-11.444],[-39.066,-11.488],[-39.05,-11.523],[-39.021,-11.551],[-38.98,-11.553],[-38.87,-11.537]]]}},{"type":"Feature","properties":{"code":"2916203"},"geometry":{"type":"Polygon","coordinates":[[[-39.569,-15.048],[-39.547,-15.077],[-39.52,-15.076],[-39.447,-15.035],[-39.419,-15.012],[-39.393,-14.973],[-39.359,-14.876],[-39.365,-14.851],[-39.405,-14.837],[-39.477,-14.851],[-39.471,-14.891],[-39.496,-14.909],[-39.603,-14.904],[-39.638,-14.917],[-39.678,-14.939],[-39.645,-14.97],[-39.597,-14.989],[-39.569,-15.048]]]}},{"type":"Feature","properties":{"code":"2923308"},"geometry":{"type":"Polygon","coordinates":[[[-38.58,-12.082],[-38.586,-12.045],[-38.606,-12.022],[-38.607,-11.994],[-38.631,-11.933],[-38.68,-11.946],[-38.71,-11.961],[-38.724,-12.013],[-38.701,-12.053],[-38.658,-12.053],[-38.604,-12.082],[-38.58,-12.082]]]}},{"type":"Feature","properties":{"code":"2908002"},"geometry":{"type":"Polygon","coordinates":[[[-39.584,-14.784],[-39.554,-14.778],[-39.533,-14.742],[-39.521,-14.601],[-39.511,-14.548],[-39.551,-14.562],[-39.729,-14.561],[-39.719,-14.602],[-39.698,-14.605],[-39.62,-14.662],[-39.57,-14.721],[-39.584,-14.784]]]}},{"type":"Feature","properties":{"code":"2908101"},"geometry":{"type":"Polygon","coordinates":[[[-46.038,-14.875],[-46.004,-14.902],[-45.996,-14.928],[-45.966,-14.966],[-45.975,-15.037],[-46.019,-15.081],[-46.044,-15.118],[-46.048,-15.164],[-46.079,-15.175],[-46.117,-15.205],[-46.097,-15.243],[-46.058,-15.263],[-46.029,-15.202],[-45.984,-15.196],[-45.961,-15.144],[-45.919,-15.133],[-45.872,-15.159],[-45.812,-15.113],[-45.74,-15.12],[-45.673,-15.078],[-45.65,-15.024],[-45.617,-15.014],[-45.594,-14.979],[-45.536,-14.938],[-45.49,-14.961],[-45.455,-14.949],[-45.435,-14.923],[-45.41,-14.923],[-45.369,-14.89],[-45.364,-14.872],[-45.322,-14.852],[-45.306,-14.834],[-45.243,-14.786],[-45.206,-14.745],[-45.166,-14.735],[-45.096,-14.753],[-45.065,-14.731],[-45.048,-14.691],[-44.996,-14.668],[-44.981,-14.646],[-44.917,-14.62],[-44.869,-14.593],[-44.811,-14.503],[-44.741,-14.467],[-44.659,-14.396],[-44.599,-14.368],[-44.566,-14.341],[-44.511,-14.323],[-44.488,-14.329],[-44.412,-14.282],[-44.427,-14.27],[-44.462,-14.194],[-44.45,-14.161],[-44.428,-14.134],[-44.419,-14.101],[-44.391,-14.076],[-44.38,-14.044],[-44.468,-14.034],[-44.518,-14.004],[-44.671,-13.889],[-44.712,-13.889],[-44.749,-13.866],[-44.767,-13.84],[-44.795,-13.826],[-44.834,-13.853],[-44.865,-13.903],[-44.904,-13.925],[-44.906,-13.975],[-44.916,-14.005],[-44.954,-14.033],[-45.011,-14.046],[-45.076,-14.076],[-45.114,-14.114],[-45.192,-14.127],[-45.199,-14.144],[-45.267,-14.202],[-45.302,-14.209],[-45.334,-14.246],[-45.375,-14.257],[-45.418,-14.317],[-45.495,-14.358],[-45.494,-14.373],[-45.541,-14.414],[-45.561,-14.444],[-45.584,-14.455],[-45.625,-14.505],[-45.674,-14.518],[-45.684,-14.548],[-45.728,-14.571],[-45.746,-14.601],[-45.859,-14.697],[-45.886,-14.731],[-45.935,-14.772],[-45.964,-14.811],[-45.996,-14.823],[-46.038,-14.875]]]}},{"type":"Feature","properties":{"code":"2931301"},"geometry":{"type":"Polygon","coordinates":[[[-40.625,-11.846],[-40.649,-11.837],[-40.666,-11.795],[-40.699,-11.798],[-40.798,-11.764],[-40.801,-11.743],[-40.849,-11.776],[-40.885,-11.758],[-40.902,-11.811],[-40.942,-11.819],[-40.959,-11.843],[-40.974,-11.889],[-40.9,-11.978],[-40.897,-11.99],[-40.854,-11.964],[-40.794,-11.963],[-40.772,-11.994],[-40.745,-12.001],[-40.671,-11.938],[-40.578,-11.898],[-40.625,-11.846]]]}},{"type":"Feature","properties":{"code":"2923100"},"geometry":{"type":"Polygon","coordinates":[[[-38.301,-11.626],[-38.291,-11.587],[-38.278,-11.49],[-38.264,-11.424],[-38.239,-11.373],[-38.212,-11.351],[-38.258,-11.32],[-38.308,-11.31],[-38.345,-11.264],[-38.373,-11.264],[-38.391,-11.298],[-38.413,-11.314],[-38.437,-11.373],[-38.433,-11.396],[-38.449,-11.421],[-38.49,-11.449],[-38.499,-11.491],[-38.427,-11.544],[-38.398,-11.557],[-38.356,-11.59],[-38.338,-11.593],[-38.301,-11.626]]]}},{"type":"Feature","properties":{"code":"2931350"},"geometry":{"type":"Polygon","coordinates":[[[-39.605,-17.558],[-39.607,-17.411],[-39.629,-17.353],[-39.632,-17.313],[-39.632,-17.313],[-39.673,-17.279],[-39.777,-17.275],[-39.797,-17.262],[-39.832,-17.27],[-39.829,-17.305],[-39.854,-17.335],[-39.859,-17.363],[-39.914,-17.354],[-39.947,-17.331],[-39.943,-17.27],[-39.974,-17.252],[-40.031,-17.239],[-40.065,-17.263],[-40.046,-17.309],[-40.014,-17.329],[-40.009,-17.351],[-39.973,-17.38],[-39.933,-17.434],[-39.936,-17.465],[-39.937,-17.474],[-39.768,-17.627],[-39.605,-17.558]]]}},{"type":"Feature","properties":{"code":"2931707"},"geometry":{"type":"Polygon","coordinates":[[[-38.656,-12.373],[-38.676,-12.414],[-38.638,-12.477],[-38.611,-12.497],[-38.562,-12.422],[-38.526,-12.416],[-38.539,-12.396],[-38.532,-12.343],[-38.59,-12.313],[-38.62,-12.319],[-38.657,-12.361],[-38.656,-12.373]]]}},{"type":"Feature","properties":{"code":"2923506"},"geometry":{"type":"Polygon","coordinates":[[[-41.605,-12.711],[-41.438,-12.71],[-41.452,-12.674],[-41.479,-12.644],[-41.445,-12.623],[-41.471,-12.585],[-41.486,-12.515],[-41.485,-12.489],[-41.462,-12.473],[-41.441,-12.413],[-41.453,-12.383],[-41.479,-12.371],[-41.508,-12.375],[-41.541,-12.357],[-41.588,-12.397],[-41.618,-12.453],[-41.677,-12.524],[-41.656,-12.585],[-41.679,-12.626],[-41.649,-12.68],[-41.605,-12.711]]]}},{"type":"Feature","properties":{"code":"2915601"},"geometry":{"type":"Polygon","coordinates":[[[-40.077,-17.082],[-40.066,-17.102],[-39.988,-17.165],[-39.983,-17.187],[-39.957,-17.208],[-39.937,-17.201],[-39.902,-17.229],[-39.836,-17.242],[-39.819,-17.226],[-39.771,-17.224],[-39.748,-17.207],[-39.718,-17.207],[-39.695,-17.176],[-39.66,-17.182],[-39.622,-17.159],[-39.58,-17.183],[-39.57,-17.134],[-39.529,-17.119],[-39.499,-17.141],[-39.478,-17.099],[-39.491,-17.084],[-39.489,-16.99],[-39.48,-16.956],[-39.447,-16.951],[-39.441,-16.894],[-39.469,-16.924],[-39.488,-16.928],[-39.505,-16.872],[-39.513,-16.841],[-39.55,-16.837],[-39.584,-16.853],[-39.647,-16.785],[-39.661,-16.781],[-39.685,-16.748],[-39.721,-16.731],[-39.742,-16.745],[-39.768,-16.734],[-39.76,-16.762],[-39.77,-16.788],[-39.772,-16.844],[-39.811,-16.848],[-39.866,-16.839],[-39.916,-16.874],[-39.944,-16.848],[-39.99,-16.893],[-40.011,-16.94],[-40.027,-16.936],[-40.063,-16.984],[-40.079,-17.025],[-40.068,-17.067],[-40.077,-17.082]]]}},{"type":"Feature","properties":{"code":"2907400"},"geometry":{"type":"Polygon","coordinates":[[[-44.738,-12.409],[-44.726,-12.405],[-44.674,-12.33],[-44.575,-12.306],[-44.543,-12.288],[-44.534,-12.245],[-44.501,-12.222],[-44.466,-12.144],[-44.58,-12.155],[-44.623,-12.174],[-44.676,-12.179],[-44.725,-12.22],[-44.751,-12.229],[-44.786,-12.221],[-44.852,-12.261],[-44.868,-12.262],[-44.927,-12.293],[-44.828,-12.395],[-44.781,-12.395],[-44.738,-12.409]]]}},{"type":"Feature","properties":{"code":"2915403"},"geometry":{"type":"Polygon","coordinates":[[[-39.64,-15.294],[-39.617,-15.27],[-39.594,-15.273],[-39.586,-15.222],[-39.568,-15.19],[-39.572,-15.11],[-39.569,-15.048],[-39.597,-14.989],[-39.645,-14.97],[-39.678,-14.939],[-39.689,-14.953],[-39.688,-14.972],[-39.767,-14.991],[-39.812,-14.971],[-39.831,-14.998],[-39.885,-15.013],[-39.91,-15.033],[-39.896,-15.053],[-39.895,-15.102],[-39.848,-15.311],[-39.81,-15.325],[-39.788,-15.375],[-39.766,-15.367],[-39.747,-15.371],[-39.685,-15.337],[-39.685,-15.315],[-39.64,-15.294]]]}},{"type":"Feature","properties":{"code":"2915502"},"geometry":{"type":"Polygon","coordinates":[[[-39.291,-14.693],[-39.404,-14.628],[-39.45,-14.613],[-39.511,-14.548],[-39.521,-14.601],[-39.533,-14.742],[-39.51,-14.732],[-39.449,-14.766],[-39.431,-14.733],[-39.399,-14.703],[-39.375,-14.702],[-39.343,-14.724],[-39.291,-14.693]]]}},{"type":"Feature","properties":{"code":"2923357"},"geometry":{"type":"Polygon","coordinates":[[[-40.916,-11.023],[-40.924,-10.992],[-40.899,-10.965],[-40.905,-10.944],[-40.878,-10.896],[-40.901,-10.86],[-40.908,-10.816],[-40.93,-10.775],[-41.006,-10.73],[-41.101,-10.713],[-41.176,-10.723],[-41.194,-10.688],[-41.193,-10.645],[-41.281,-10.643],[-41.307,-10.681],[-41.281,-10.738],[-41.443,-10.802],[-41.461,-10.832],[-41.428,-10.866],[-41.289,-10.909],[-41.234,-10.957],[-41.134,-10.995],[-41.103,-11.025],[-41.089,-11.017],[-40.916,-11.023]]]}},{"type":"Feature","properties":{"code":"2907301"},"geometry":{"type":"Polygon","coordinates":[[[-39.351,-12.902],[-39.339,-12.841],[-39.322,-12.82],[-39.298,-12.822],[-39.278,-12.846],[-39.226,-12.81],[-39.273,-12.744],[-39.262,-12.696],[-39.231,-12.674],[-39.232,-12.655],[-39.293,-12.584],[-39.319,-12.547],[-39.417,-12.616],[-39.44,-12.615],[-39.435,-12.676],[-39.467,-12.699],[-39.497,-12.74],[-39.503,-12.813],[-39.476,-12.854],[-39.445,-12.853],[-39.427,-12.884],[-39.376,-12.888],[-39.351,-12.902]]]}},{"type":"Feature","properties":{"code":"2931608"},"geometry":{"type":"Polygon","coordinates":[[[-39.355,-13.668],[-39.36,-13.624],[-39.349,-13.573],[-39.371,-13.544],[-39.444,-13.51],[-39.495,-13.532],[-39.517,-13.505],[-39.539,-13.513],[-39.569,-13.477],[-39.598,-13.471],[-39.632,-13.471],[-39.64,-13.505],[-39.669,-13.537],[-39.621,-13.56],[-39.498,-13.587],[-39.467,-13.609],[-39.425,-13.596],[-39.391,-13.646],[-39.355,-13.668]]]}},{"type":"Feature","properties":{"code":"2915809"},"geometry":{"type":"Polygon","coordinates":[[[-40.371,-15.277],[-40.369,-15.251],[-40.262,-15.176],[-40.132,-15.224],[-40.094,-15.105],[-40.111,-15.054],[-40.139,-15.024],[-40.182,-15.01],[-40.233,-15.031],[-40.264,-15.073],[-40.302,-15.088],[-40.33,-15.082],[-40.36,-15.104],[-40.417,-15.08],[-40.424,-15.038],[-40.466,-15.031],[-40.513,-15.056],[-40.525,-15.036],[-40.551,-15.037],[-40.702,-15.076],[-40.82,-15.203],[-40.848,-15.269],[-40.817,-15.285],[-40.79,-15.247],[-40.748,-15.249],[-40.691,-15.241],[-40.666,-15.268],[-40.606,-15.284],[-40.562,-15.271],[-40.49,-15.28],[-40.471,-15.301],[-40.434,-15.317],[-40.371,-15.277]]]}},{"type":"Feature","properties":{"code":"2923407"},"geometry":{"type":"Polygon","coordinates":[[[-43.42,-14.496],[-43.263,-14.457],[-43.248,-14.469],[-43.181,-14.446],[-43.102,-14.392],[-43.093,-14.371],[-43.049,-14.332],[-43.07,-14.322],[-42.975,-14.191],[-42.97,-14.161],[-42.938,-14.103],[-42.946,-14.015],[-42.918,-13.983],[-42.952,-13.957],[-42.993,-13.943],[-43.022,-13.92],[-43.052,-13.917],[-43.105,-13.932],[-43.128,-13.981],[-43.214,-13.982],[-43.276,-13.993],[-43.374,-13.977],[-43.377,-13.96],[-43.443,-13.893],[-43.488,-14.091],[-43.456,-14.166],[-43.374,-14.362],[-43.42,-14.496]]]}},{"type":"Feature","properties":{"code":"2907608"},"geometry":{"type":"Polygon","coordinates":[[[-41.942,-11.228],[-41.926,-11.182],[-41.957,-11.154],[-41.986,-11.143],[-42.016,-11.112],[-42.076,-11.03],[-42.089,-11.022],[-42.145,-11.023],[-42.146,-11.047],[-42.19,-11.075],[-42.258,-11.142],[-42.24,-11.261],[-42.107,-11.222],[-42.054,-11.233],[-42.022,-11.209],[-41.942,-11.228]]]}},{"type":"Feature","properties":{"code":"2915908"},"geometry":{"type":"Polygon","coordinates":[[[-37.944,-12.377],[-37.971,-12.37],[-37.913,-12.309],[-37.922,-12.264],[-38.017,-12.218],[-38.019,-12.183],[-38.069,-12.138],[-38.082,-12.158],[-38.077,-12.239],[-38.174,-12.261],[-38.154,-12.298],[-38.163,-12.328],[-38.143,-12.372],[-38.109,-12.397],[-38.097,-12.434],[-38.076,-12.457],[-38.041,-12.462],[-37.987,-12.414],[-37.951,-12.403],[-37.944,-12.377]]]}},{"type":"Feature","properties":{"code":"2922755"},"geometry":{"type":"Polygon","coordinates":[[[-39.488,-13.881],[-39.504,-13.862],[-39.538,-13.862],[-39.556,-13.838],[-39.53,-13.804],[-39.565,-13.755],[-39.554,-13.727],[-39.598,-13.719],[-39.64,-13.786],[-39.66,-13.849],[-39.68,-13.871],[-39.631,-13.869],[-39.621,-13.857],[-39.556,-13.905],[-39.529,-13.915],[-39.503,-13.905],[-39.488,-13.881]]]}},{"type":"Feature","properties":{"code":"2907707"},"geometry":{"type":"Polygon","coordinates":[[[-39.17,-9.639],[-39.147,-9.628],[-39.14,-9.602],[-39.092,-9.594],[-39.071,-9.564],[-39.004,-9.571],[-38.99,-9.549],[-38.986,-9.513],[-38.957,-9.464],[-39.0,-9.368],[-39.024,-9.353],[-39.055,-9.254],[-39.082,-9.202],[-39.065,-9.13],[-39.074,-9.096],[-39.111,-9.061],[-39.096,-9.017],[-38.982,-8.87],[-38.952,-8.805],[-38.977,-8.793],[-38.999,-8.761],[-39.033,-8.736],[-39.065,-8.732],[-39.105,-8.846],[-39.271,-8.944],[-39.264,-8.987],[-39.279,-9.029],[-39.309,-9.051],[-39.351,-9.157],[-39.372,-9.226],[-39.357,-9.287],[-39.389,-9.318],[-39.408,-9.362],[-39.404,-9.445],[-39.434,-9.457],[-39.445,-9.51],[-39.413,-9.542],[-39.406,-9.58],[-39.386,-9.578],[-39.36,-9.616],[-39.331,-9.594],[-39.281,-9.635],[-39.224,-9.635],[-39.212,-9.646],[-39.17,-9.639]]]}},{"type":"Feature","properties":{"code":"2930907"},"geometry":{"type":"Polygon","coordinates":[[[-44.179,-12.741],[-44.081,-12.77],[-44.013,-12.745],[-43.945,-12.705],[-43.955,-12.682],[-43.979,-12.676],[-44.016,-12.695],[-44.068,-12.697],[-44.083,-12.645],[-44.074,-12.544],[-44.111,-12.48],[-44.071,-12.471],[-44.02,-12.408],[-44.004,-12.348],[-43.987,-12.335],[-43.988,-12.297],[-43.956,-12.267],[-43.958,-12.238],[-44.05,-12.273],[-44.081,-12.253],[-44.244,-12.265],[-44.292,-12.305],[-44.313,-12.307],[-44.33,-12.467],[-44.315,-12.523],[-44.233,-12.571],[-44.265,-12.634],[-44.179,-12.741]]]}},{"type":"Feature","properties":{"code":"2922730"},"geometry":{"type":"Polygon","coordinates":[[[-39.696,-11.728],[-39.641,-11.725],[-39.557,-11.676],[-39.55,-11.634],[-39.554,-11.591],[-39.536,-11.57],[-39.619,-11.505],[-39.675,-11.554],[-39.733,-11.588],[-39.766,-11.591],[-39.717,-11.627],[-39.696,-11.728]]]}},{"type":"Feature","properties":{"code":"2922706"},"geometry":{"type":"Polygon","coordinates":[[[-40.139,-15.008],[-40.102,-15.045],[-40.083,-15.029],[-40.045,-14.95],[-40.036,-14.897],[-40.046,-14.874],[-40.025,-14.819],[-40.089,-14.769],[-40.112,-14.787],[-40.136,-14.759],[-40.152,-14.765],[-40.208,-14.743],[-40.221,-14.673],[-40.246,-14.664],[-40.296,-14.662],[-40.303,-14.694],[-40.293,-14.723],[-40.32,-14.744],[-40.317,-14.819],[-40.282,-14.856],[-40.278,-14.9],[-40.294,-14.933],[-40.3,-14.96],[-40.139,-15.008]]]}},{"type":"Feature","properties":{"code":"2931004"},"geometry":{"type":"Polygon","coordinates":[[[-41.108,-14.367],[-41.091,-14.343],[-41.092,-14.287],[-41.046,-14.247],[-41.047,-14.229],[-41.007,-14.211],[-41.019,-14.188],[-41.004,-14.165],[-41.04,-14.159],[-41.015,-14.131],[-41.026,-14.095],[-41.001,-14.069],[-41.008,-14.047],[-41.03,-14.049],[-41.068,-14.026],[-41.121,-14.035],[-41.148,-13.97],[-41.177,-13.952],[-41.216,-13.91],[-41.244,-13.893],[-41.279,-13.92],[-41.278,-13.962],[-41.297,-14.004],[-41.28,-14.074],[-41.318,-14.085],[-41.381,-14.102],[-41.368,-14.136],[-41.403,-14.261],[-41.295,-14.279],[-41.108,-14.367]]]}},{"type":"Feature","properties":{"code":"2915700"},"geometry":{"type":"Polygon","coordinates":[[[-39.741,-13.776],[-39.702,-13.785],[-39.688,-13.815],[-39.701,-13.835],[-39.68,-13.871],[-39.66,-13.849],[-39.64,-13.786],[-39.598,-13.719],[-39.609,-13.703],[-39.644,-13.691],[-39.714,-13.735],[-39.741,-13.776]]]}},{"type":"Feature","properties":{"code":"2922805"},"geometry":{"type":"Polygon","coordinates":[[[-39.923,-13.162],[-39.963,-13.095],[-39.957,-13.06],[-39.968,-13.039],[-39.954,-12.996],[-39.9,-12.934],[-39.9,-12.875],[-39.988,-12.931],[-39.991,-12.963],[-40.033,-12.985],[-40.067,-12.993],[-40.144,-12.982],[-40.199,-13.049],[-40.178,-13.065],[-40.152,-13.107],[-40.121,-13.121],[-40.054,-13.114],[-39.985,-13.168],[-39.944,-13.215],[-39.935,-13.2],[-39.946,-13.166],[-39.923,-13.162]]]}},{"type":"Feature","properties":{"code":"2907509"},"geometry":{"type":"Polygon","coordinates":[[[-38.526,-12.416],[-38.504,-12.424],[-38.459,-12.418],[-38.446,-12.432],[-38.409,-12.422],[-38.387,-12.431],[-38.355,-12.378],[-38.314,-12.338],[-38.283,-12.342],[-38.273,-12.278],[-38.31,-12.249],[-38.356,-12.23],[-38.378,-12.219],[-38.394,-12.249],[-38.469,-12.285],[-38.527,-12.275],[-38.532,-12.343],[-38.539,-12.396],[-38.526,-12.416]]]}},{"type":"Feature","properties":{"code":"2930808"},"geometry":{"type":"Polygon","coordinates":[[[-41.469,-12.108],[-41.454,-12.099],[-41.63,-12.012],[-41.652,-12.014],[-41.681,-11.991],[-41.882,-11.891],[-42.022,-11.815],[-42.007,-11.832],[-42.026,-11.87],[-42.024,-11.893],[-41.997,-11.907],[-41.993,-11.965],[-41.962,-11.97],[-41.95,-12.022],[-41.979,-12.021],[-41.983,-12.044],[-41.945,-12.079],[-41.97,-12.092],[-41.937,-12.111],[-41.916,-12.106],[-41.89,-12.123],[-41.81,-12.153],[-41.771,-12.138],[-41.604,-12.145],[-41.487,-12.118],[-41.469,-12.108]]]}},{"type":"Feature","properties":{"code":"2922607"},"geometry":{"type":"Polygon","coordinates":[[[-39.288,-13.737],[-39.273,-13.712],[-39.232,-13.697],[-39.23,-13.684],[-39.133,-13.651],[-39.066,-13.692],[-38.988,-13.717],[-38.963,-13.687],[-38.968,-13.672],[-38.97,-13.64],[-38.998,-13.594],[-39.02,-13.575],[-39.058,-13.581],[-39.08,-13.563],[-39.086,-13.601],[-39.117,-13.596],[-39.152,-13.605],[-39.206,-13.638],[-39.243,-13.644],[-39.263,-13.687],[-39.294,-13.675],[-39.355,-13.668],[-39.391,-13.646],[-39.425,-13.654],[-39.447,-13.69],[-39.44,-13.725],[-39.38,-13.714],[-39.364,-13.734],[-39.319,-13.726],[-39.288,-13.737]]]}},{"type":"Feature","properties":{"code":"2930774"},"geometry":{"type":"Polygon","coordinates":[[[-40.814,-9.871],[-40.787,-9.851],[-40.755,-9.799],[-40.768,-9.778],[-40.742,-9.7],[-40.769,-9.651],[-40.77,-9.569],[-40.743,-9.518],[-40.732,-9.461],[-40.714,-9.445],[-40.767,-9.445],[-40.795,-9.445],[-40.838,-9.423],[-40.863,-9.394],[-40.954,-9.398],[-41.007,-9.468],[-41.005,-9.492],[-40.964,-9.553],[-40.984,-9.587],[-40.975,-9.608],[-40.968,-9.737],[-40.996,-9.777],[-41.031,-9.803],[-41.028,-9.82],[-41.058,-9.853],[-41.066,-9.879],[-41.054,-9.916],[-41.033,-9.915],[-40.962,-9.885],[-40.892,-9.914],[-40.832,-9.864],[-40.814,-9.871]]]}},{"type":"Feature","properties":{"code":"2930766"},"geometry":{"type":"Polygon","coordinates":[[[-38.15,-10.457],[-38.059,-10.435],[-38.025,-10.451],[-37.979,-10.434],[-37.938,-10.447],[-37.915,-10.442],[-37.936,-10.395],[-37.98,-10.4],[-38.002,-10.375],[-38.023,-10.384],[-38.042,-10.363],[-38.055,-10.328],[-38.056,-10.29],[-38.071,-10.275],[-38.065,-10.236],[-38.107,-10.216],[-38.125,-10.227],[-38.151,-10.216],[-38.166,-10.184],[-38.196,-10.188],[-38.219,-10.219],[-38.256,-10.247],[-38.303,-10.258],[-38.31,-10.28],[-38.311,-10.304],[-38.275,-10.301],[-38.257,-10.325],[-38.264,-10.348],[-38.232,-10.406],[-38.15,-10.457]]]}},{"type":"Feature","properties":{"code":"2907558"},"geometry":{"type":"Polygon","coordinates":[[[-42.406,-13.402],[-42.266,-13.37],[-42.27,-13.337],[-42.251,-13.31],[-42.193,-13.27],[-42.179,-13.226],[-42.158,-13.227],[-42.171,-13.184],[-42.204,-13.13],[-42.248,-13.108],[-42.277,-13.116],[-42.297,-13.136],[-42.337,-13.101],[-42.34,-13.075],[-42.37,-13.06],[-42.392,-13.085],[-42.401,-13.137],[-42.432,-13.141],[-42.444,-13.185],[-42.444,-13.233],[-42.42,-13.275],[-42.434,-13.286],[-42.409,-13.348],[-42.406,-13.402]]]}},{"type":"Feature","properties":{"code":"2906873"},"geometry":{"type":"Polygon","coordinates":[[[-40.07,-11.434],[-39.987,-11.439],[-39.914,-11.416],[-39.911,-11.363],[-39.875,-11.317],[-39.862,-11.313],[-39.955,-11.249],[-39.953,-11.157],[-39.982,-11.151],[-39.99,-11.163],[-40.065,-11.194],[-40.145,-11.182],[-40.11,-11.246],[-40.084,-11.252],[-40.066,-11.231],[-40.028,-11.223],[-40.022,-11.276],[-40.035,-11.28],[-40.048,-11.342],[-40.075,-11.355],[-40.07,-11.434]]]}},{"type":"Feature","properties":{"code":"2922656"},"geometry":{"type":"Polygon","coordinates":[[[-39.586,-10.777],[-39.579,-10.818],[-39.537,-10.86],[-39.535,-10.915],[-39.518,-10.945],[-39.48,-10.95],[-39.461,-10.991],[-39.415,-11.008],[-39.326,-10.978],[-39.35,-10.948],[-39.373,-10.95],[-39.374,-10.865],[-39.363,-10.814],[-39.37,-10.765],[-39.444,-10.77],[-39.501,-10.787],[-39.527,-10.777],[-39.586,-10.777]]]}},{"type":"Feature","properties":{"code":"2906857"},"geometry":{"type":"Polygon","coordinates":[[[-39.713,-11.824],[-39.691,-11.788],[-39.696,-11.728],[-39.717,-11.627],[-39.766,-11.591],[-39.846,-11.576],[-39.865,-11.581],[-39.898,-11.556],[-39.898,-11.491],[-39.969,-11.491],[-39.958,-11.615],[-39.947,-11.658],[-39.92,-11.687],[-39.909,-11.721],[-39.885,-11.74],[-39.841,-11.755],[-39.845,-11.774],[-39.805,-11.825],[-39.745,-11.819],[-39.713,-11.824]]]}},{"type":"Feature","properties":{"code":"2931202"},"geometry":{"type":"Polygon","coordinates":[[[-39.355,-13.668],[-39.294,-13.675],[-39.263,-13.687],[-39.243,-13.644],[-39.206,-13.638],[-39.152,-13.605],[-39.117,-13.596],[-39.086,-13.601],[-39.08,-13.563],[-39.093,-13.537],[-39.071,-13.488],[-39.093,-13.475],[-39.115,-13.484],[-39.142,-13.475],[-39.175,-13.506],[-39.209,-13.501],[-39.222,-13.523],[-39.266,-13.521],[-39.279,-13.476],[-39.303,-13.485],[-39.342,-13.538],[-39.349,-13.573],[-39.36,-13.624],[-39.355,-13.668]]]}},{"type":"Feature","properties":{"code":"2906824"},"geometry":{"type":"Polygon","coordinates":[[[-39.185,-10.256],[-39.077,-10.38],[-38.882,-10.27],[-38.581,-10.305],[-38.582,-10.282],[-38.577,-10.252],[-38.601,-10.219],[-38.67,-10.183],[-38.694,-10.19],[-38.734,-10.164],[-38.713,-10.127],[-38.744,-10.103],[-38.78,-10.061],[-38.805,-10.011],[-38.855,-9.996],[-38.879,-9.967],[-38.899,-9.979],[-38.919,-9.96],[-38.932,-9.874],[-38.919,-9.855],[-38.861,-9.824],[-38.865,-9.781],[-38.829,-9.755],[-38.786,-9.747],[-38.773,-9.674],[-38.785,-9.647],[-38.809,-9.655],[-38.861,-9.631],[-38.965,-9.639],[-39.11,-9.626],[-39.143,-9.653],[-39.17,-9.639],[-39.212,-9.646],[-39.235,-9.72],[-39.214,-9.765],[-39.222,-9.792],[-39.201,-9.839],[-39.205,-9.863],[-39.202,-9.972],[-39.221,-10.025],[-39.235,-10.031],[-39.263,-10.087],[-39.255,-10.147],[-39.267,-10.193],[-39.236,-10.194],[-39.228,-10.226],[-39.185,-10.256]]]}},{"type":"Feature","properties":{"code":"2923001"},"geometry":{"type":"Polygon","coordinates":[[[-40.068,-17.849],[-40.063,-17.952],[-40.01,-17.987],[-39.74,-17.989],[-39.711,-17.998],[-39.637,-18.0],[-39.575,-17.978],[-39.513,-17.984],[-39.491,-17.998],[-39.46,-17.962],[-39.407,-17.922],[-39.318,-17.891],[-39.268,-17.863],[-39.258,-17.828],[-39.277,-17.855],[-39.44,-17.857],[-39.448,-17.841],[-39.5,-17.832],[-39.535,-17.811],[-39.569,-17.813],[-39.587,-17.797],[-39.629,-17.788],[-39.653,-17.801],[-39.712,-17.774],[-39.736,-17.777],[-39.777,-17.809],[-39.825,-17.827],[-39.858,-17.826],[-39.889,-17.849],[-39.992,-17.829],[-40.033,-17.851],[-40.068,-17.849]]]}},{"type":"Feature","properties":{"code":"2915106"},"geometry":{"type":"Polygon","coordinates":[[[-40.098,-14.267],[-40.068,-14.246],[-40.054,-14.283],[-40.014,-14.288],[-40.005,-14.266],[-39.984,-14.221],[-39.974,-14.163],[-39.936,-14.174],[-39.95,-14.152],[-39.937,-14.079],[-39.991,-14.05],[-40.028,-14.049],[-40.055,-14.071],[-40.078,-14.119],[-40.102,-14.135],[-40.113,-14.17],[-40.082,-14.214],[-40.098,-14.267]]]}},{"type":"Feature","properties":{"code":"2906907"},"geometry":{"type":"Polygon","coordinates":[[[-39.712,-17.774],[-39.653,-17.801],[-39.629,-17.788],[-39.587,-17.797],[-39.569,-17.813],[-39.535,-17.811],[-39.5,-17.832],[-39.448,-17.841],[-39.44,-17.857],[-39.277,-17.855],[-39.258,-17.828],[-39.207,-17.774],[-39.191,-17.742],[-39.137,-17.685],[-39.154,-17.673],[-39.25,-17.637],[-39.443,-17.652],[-39.461,-17.635],[-39.465,-17.592],[-39.49,-17.57],[-39.532,-17.579],[-39.605,-17.558],[-39.768,-17.627],[-39.937,-17.474],[-39.936,-17.465],[-39.968,-17.458],[-40.032,-17.479],[-40.057,-17.462],[-40.119,-17.448],[-40.172,-17.45],[-40.186,-17.432],[-40.218,-17.435],[-40.221,-17.409],[-40.257,-17.409],[-40.238,-17.546],[-40.19,-17.564],[-40.138,-17.604],[-40.12,-17.64],[-40.031,-17.629],[-40.015,-17.655],[-39.931,-17.671],[-39.901,-17.688],[-39.891,-17.716],[-39.856,-17.764],[-39.806,-17.744],[-39.759,-17.749],[-39.712,-17.774]]]}},{"type":"Feature","properties":{"code":"2906899"},"geometry":{"type":"Polygon","coordinates":[[[-41.434,-14.551],[-41.447,-14.595],[-41.4,-14.64],[-41.388,-14.681],[-41.394,-14.768],[-41.421,-14.753],[-41.463,-14.783],[-41.449,-14.796],[-41.425,-14.791],[-41.382,-14.825],[-41.351,-14.815],[-41.309,-14.783],[-41.269,-14.798],[-41.28,-14.764],[-41.26,-14.729],[-41.221,-14.739],[-41.222,-14.711],[-41.218,-14.669],[-41.192,-14.65],[-41.182,-14.614],[-41.131,-14.605],[-41.144,-14.587],[-41.093,-14.489],[-41.069,-14.466],[-41.094,-14.442],[-41.132,-14.449],[-41.129,-14.489],[-41.155,-14.497],[-41.183,-14.48],[-41.245,-14.515],[-41.251,-14.489],[-41.287,-14.51],[-41.329,-14.503],[-41.35,-14.528],[-41.385,-14.535],[-41.4,-14.559],[-41.434,-14.551]]]}},{"type":"Feature","properties":{"code":"2923050"},"geometry":{"type":"Polygon","coordinates":[[[-38.579,-10.333],[-38.543,-10.346],[-38.503,-10.377],[-38.506,-10.409],[-38.485,-10.448],[-38.452,-10.445],[-38.415,-10.463],[-38.404,-10.423],[-38.38,-10.41],[-38.345,-10.37],[-38.356,-10.327],[-38.384,-10.279],[-38.407,-10.294],[-38.478,-10.311],[-38.521,-10.308],[-38.56,-10.276],[-38.582,-10.282],[-38.581,-10.305],[-38.579,-10.333]]]}},{"type":"Feature","properties":{"code":"2923035"},"geometry":{"type":"Polygon","coordinates":[[[-42.168,-12.96],[-42.169,-12.982],[-42.147,-13.015],[-42.125,-13.018],[-42.095,-13.002],[-42.067,-12.952],[-42.055,-12.915],[-42.014,-12.91],[-42.025,-12.889],[-42.019,-12.856],[-42.031,-12.764],[-42.018,-12.72],[-42.096,-12.715],[-42.173,-12.719],[-42.205,-12.728],[-42.265,-12.727],[-42.21,-12.916],[-42.168,-12.96]]]}},{"type":"Feature","properties":{"code":"2914901"},"geometry":{"type":"Polygon","coordinates":[[[-39.323,-14.46],[-39.132,-14.489],[-39.091,-14.432],[-39.05,-14.406],[-39.018,-14.418],[-39.001,-14.346],[-38.981,-14.299],[-38.995,-14.266],[-38.989,-14.217],[-39.028,-14.247],[-39.074,-14.246],[-39.119,-14.253],[-39.161,-14.275],[-39.223,-14.264],[-39.265,-14.291],[-39.291,-14.312],[-39.318,-14.349],[-39.329,-14.434],[-39.323,-14.46]]]}},{"type":"Feature","properties":{"code":"2906709"},"geometry":{"type":"Polygon","coordinates":[[[-41.362,-15.495],[-41.257,-15.515],[-41.214,-15.495],[-41.174,-15.536],[-41.052,-15.509],[-41.034,-15.473],[-41.078,-15.46],[-41.097,-15.422],[-41.14,-15.402],[-41.133,-15.372],[-41.145,-15.345],[-41.145,-15.304],[-41.158,-15.265],[-41.148,-15.232],[-41.164,-15.2],[-41.191,-15.21],[-41.273,-15.189],[-41.333,-15.127],[-41.367,-15.14],[-41.379,-15.164],[-41.413,-15.165],[-41.395,-15.253],[-41.424,-15.307],[-41.416,-15.328],[-41.457,-15.379],[-41.456,-15.41],[-41.364,-15.493],[-41.362,-15.495]]]}},{"type":"Feature","properties":{"code":"2915007"},"geometry":{"type":"Polygon","coordinates":[[[-41.106,-13.294],[-41.079,-13.273],[-41.089,-13.256],[-41.01,-13.261],[-40.918,-13.23],[-40.92,-13.209],[-40.841,-13.139],[-40.751,-13.043],[-40.786,-13.044],[-40.837,-13.015],[-40.888,-13.006],[-40.914,-13.028],[-40.945,-13.038],[-40.96,-13.009],[-40.959,-12.977],[-40.985,-12.977],[-40.99,-12.912],[-41.02,-12.915],[-41.051,-12.924],[-41.074,-12.894],[-41.108,-12.888],[-41.233,-12.912],[-41.225,-12.936],[-41.192,-12.986],[-41.166,-13.075],[-41.151,-13.107],[-41.18,-13.128],[-41.23,-13.129],[-41.252,-13.121],[-41.281,-13.138],[-41.28,-13.157],[-41.235,-13.163],[-41.199,-13.192],[-41.185,-13.23],[-41.143,-13.299],[-41.106,-13.294]]]}},{"type":"Feature","properties":{"code":"2931053"},"geometry":{"type":"Polygon","coordinates":[[[-42.72,-13.563],[-42.7,-13.566],[-42.672,-13.627],[-42.577,-13.597],[-42.559,-13.653],[-42.518,-13.677],[-42.47,-13.675],[-42.455,-13.665],[-42.402,-13.675],[-42.387,-13.696],[-42.352,-13.691],[-42.358,-13.626],[-42.366,-13.593],[-42.405,-13.58],[-42.415,-13.538],[-42.435,-13.524],[-42.439,-13.49],[-42.463,-13.44],[-42.549,-13.46],[-42.559,-13.435],[-42.583,-13.44],[-42.626,-13.405],[-42.68,-13.479],[-42.711,-13.503],[-42.72,-13.563]]]}},{"type":"Feature","properties":{"code":"2906808"},"geometry":{"type":"Polygon","coordinates":[[[-39.278,-10.987],[-39.211,-10.998],[-39.214,-10.971],[-39.241,-10.925],[-39.224,-10.896],[-39.255,-10.742],[-39.272,-10.697],[-39.27,-10.678],[-39.368,-10.655],[-39.433,-10.619],[-39.468,-10.573],[-39.526,-10.571],[-39.554,-10.582],[-39.594,-10.554],[-39.645,-10.543],[-39.768,-10.539],[-39.744,-10.643],[-39.698,-10.671],[-39.709,-10.72],[-39.683,-10.766],[-39.682,-10.786],[-39.586,-10.777],[-39.527,-10.777],[-39.501,-10.787],[-39.444,-10.77],[-39.37,-10.765],[-39.363,-10.814],[-39.374,-10.865],[-39.373,-10.95],[-39.35,-10.948],[-39.326,-10.978],[-39.278,-10.987]]]}},{"type":"Feature","properties":{"code":"2922854"},"geometry":{"type":"Polygon","coordinates":[[[-41.02,-12.915],[-40.967,-12.793],[-40.982,-12.737],[-40.983,-12.701],[-41.007,-12.621],[-41.047,-12.689],[-41.149,-12.711],[-41.15,-12.745],[-41.186,-12.786],[-41.207,-12.784],[-41.225,-12.806],[-41.26,-12.807],[-41.223,-12.892],[-41.233,-12.912],[-41.108,-12.888],[-41.074,-12.894],[-41.051,-12.924],[-41.02,-12.915]]]}},{"type":"Feature","properties":{"code":"2931103"},"geometry":{"type":"Polygon","coordinates":[[[-39.063,-12.026],[-39.059,-11.977],[-39.044,-11.935],[-39.014,-11.912],[-39.026,-11.869],[-39.066,-11.83],[-39.077,-11.829],[-39.083,-11.859],[-39.12,-11.925],[-39.164,-11.951],[-39.175,-11.981],[-39.178,-12.029],[-39.144,-12.034],[-39.111,-12.053],[-39.06,-12.058],[-39.063,-12.026]]]}},{"type":"Feature","properties":{"code":"2915304"},"geometry":{"type":"Polygon","coordinates":[[[-39.915,-16.0],[-39.922,-16.029],[-39.884,-16.066],[-39.857,-16.114],[-39.884,-16.145],[-39.883,-16.195],[-39.936,-16.244],[-39.918,-16.284],[-39.903,-16.285],[-39.889,-16.244],[-39.864,-16.253],[-39.753,-16.197],[-39.595,-16.154],[-39.543,-16.116],[-39.524,-16.121],[-39.493,-16.083],[-39.469,-16.094],[-39.486,-16.06],[-39.556,-16.032],[-39.609,-16.022],[-39.616,-16.007],[-39.75,-15.972],[-39.785,-15.969],[-39.843,-15.977],[-39.864,-15.996],[-39.915,-16.0]]]}},{"type":"Feature","properties":{"code":"2922904"},"geometry":{"type":"Polygon","coordinates":[[[-38.499,-11.491],[-38.49,-11.449],[-38.449,-11.421],[-38.433,-11.396],[-38.437,-11.373],[-38.413,-11.314],[-38.391,-11.298],[-38.373,-11.264],[-38.445,-11.17],[-38.482,-11.163],[-38.617,-11.162],[-38.626,-11.186],[-38.774,-11.356],[-38.644,-11.41],[-38.664,-11.431],[-38.571,-11.464],[-38.556,-11.485],[-38.499,-11.491]]]}},{"type":"Feature","properties":{"code":"2907103"},"geometry":{"type":"Polygon","coordinates":[[[-43.783,-14.339],[-43.697,-14.21],[-43.671,-14.091],[-43.657,-14.047],[-43.653,-14.003],[-43.627,-13.96],[-43.614,-13.895],[-43.614,-13.838],[-43.587,-13.806],[-43.814,-13.708],[-43.837,-13.746],[-43.902,-13.761],[-43.92,-13.804],[-43.949,-13.794],[-43.968,-13.835],[-44.029,-13.793],[-44.013,-13.854],[-44.04,-13.878],[-44.037,-13.904],[-44.066,-13.945],[-44.094,-13.915],[-44.111,-13.953],[-44.107,-13.985],[-44.078,-13.995],[-44.087,-14.02],[-44.029,-14.093],[-44.066,-14.137],[-44.046,-14.284],[-43.997,-14.266],[-43.962,-14.291],[-43.897,-14.299],[-43.881,-14.312],[-43.828,-14.316],[-43.783,-14.339]]]}},{"type":"Feature","properties":{"code":"2907202"},"geometry":{"type":"Polygon","coordinates":[[[-41.903,-9.704],[-41.84,-9.732],[-41.684,-9.768],[-41.637,-9.715],[-41.559,-9.676],[-41.513,-9.666],[-41.477,-9.671],[-41.4,-9.695],[-41.346,-9.684],[-41.247,-9.647],[-41.213,-9.622],[-41.189,-9.56],[-41.144,-9.496],[-41.117,-9.404],[-41.067,-9.403],[-41.017,-9.384],[-40.954,-9.398],[-40.863,-9.394],[-40.838,-9.423],[-40.795,-9.445],[-40.767,-9.445],[-40.765,-9.416],[-40.743,-9.403],[-40.746,-9.371],[-40.72,-9.306],[-40.687,-9.278],[-40.68,-9.259],[-40.693,-9.231],[-40.67,-9.186],[-40.667,-9.159],[-40.685,-9.138],[-40.71,-9.141],[-40.758,-9.119],[-40.775,-9.101],[-40.804,-9.098],[-40.821,-9.08],[-40.834,-9.011],[-40.852,-8.98],[-40.851,-8.954],[-40.881,-8.916],[-40.896,-8.871],[-40.921,-8.835],[-40.959,-8.842],[-40.979,-8.823],[-41.021,-8.844],[-41.036,-8.786],[-41.103,-8.78],[-41.129,-8.743],[-41.131,-8.704],[-41.176,-8.711],[-41.225,-8.705],[-41.278,-8.735],[-41.334,-8.728],[-41.358,-8.708],[-41.381,-8.707],[-41.411,-8.774],[-41.472,-8.843],[-41.488,-8.844],[-41.541,-8.934],[-41.546,-8.962],[-41.606,-8.957],[-41.633,-8.986],[-41.669,-8.99],[-41.689,-9.014],[-41.731,-9.028],[-41.733,-9.088],[-41.743,-9.104],[-41.8,-9.148],[-41.838,-9.242],[-41.855,-9.241],[-41.903,-9.704]]]}},{"type":"Feature","properties":{"code":"2930402"},"geometry":{"type":"Polygon","coordinates":[[[-39.408,-12.266],[-39.341,-12.197],[-39.293,-12.187],[-39.286,-12.178],[-39.248,-12.106],[-39.215,-12.096],[-39.26,-12.042],[-39.287,-12.022],[-39.297,-11.991],[-39.346,-11.968],[-39.368,-11.97],[-39.413,-12.003],[-39.537,-12.025],[-39.577,-12.039],[-39.594,-12.061],[-39.522,-12.037],[-39.408,-12.266]]]}},{"type":"Feature","properties":{"code":"2915353"},"geometry":{"type":"Polygon","coordinates":[[[-42.24,-11.261],[-42.258,-11.142],[-42.19,-11.075],[-42.146,-11.047],[-42.145,-11.023],[-42.089,-11.022],[-42.076,-11.03],[-42.089,-10.933],[-41.822,-10.698],[-41.916,-10.643],[-41.998,-10.642],[-42.036,-10.584],[-42.048,-10.544],[-42.065,-10.53],[-42.069,-10.495],[-42.094,-10.409],[-42.092,-10.382],[-42.134,-10.344],[-42.133,-10.313],[-42.16,-10.258],[-42.406,-10.185],[-42.391,-10.203],[-42.368,-10.278],[-42.399,-10.312],[-42.361,-10.345],[-42.366,-10.364],[-42.333,-10.401],[-42.329,-10.437],[-42.313,-10.444],[-42.358,-10.512],[-42.355,-10.534],[-42.329,-10.588],[-42.323,-10.659],[-42.343,-10.683],[-42.344,-10.731],[-42.364,-10.771],[-42.423,-10.774],[-42.523,-10.904],[-42.538,-11.005],[-42.511,-11.058],[-42.5,-11.096],[-42.517,-11.129],[-42.487,-11.149],[-42.451,-11.217],[-42.44,-11.266],[-42.426,-11.285],[-42.379,-11.276],[-42.326,-11.29],[-42.24,-11.261]]]}},{"type":"Feature","properties":{"code":"2922201"},"geometry":{"type":"Polygon","coordinates":[[[-39.053,-13.048],[-39.048,-13.015],[-39.026,-12.983],[-39.042,-12.951],[-39.116,-12.957],[-39.113,-12.969],[-39.146,-13.001],[-39.153,-13.041],[-39.117,-13.058],[-39.109,-13.038],[-39.053,-13.048]]]}},{"type":"Feature","properties":{"code":"2930501"},"geometry":{"type":"Polygon","coordinates":[[[-39.061,-11.77],[-39.077,-11.829],[-39.066,-11.83],[-38.992,-11.809],[-38.978,-11.816],[-38.986,-11.753],[-38.935,-11.74],[-38.898,-11.722],[-38.872,-11.699],[-38.888,-11.628],[-38.853,-11.606],[-38.87,-11.537],[-38.98,-11.553],[-39.021,-11.551],[-39.032,-11.584],[-39.073,-11.616],[-39.111,-11.615],[-39.158,-11.633],[-39.159,-11.646],[-39.093,-11.716],[-39.061,-11.77]]]}},{"type":"Feature","properties":{"code":"2915205"},"geometry":{"type":"Polygon","coordinates":[[[-40.005,-14.266],[-39.982,-14.322],[-39.948,-14.363],[-39.908,-14.364],[-39.872,-14.386],[-39.824,-14.383],[-39.79,-14.351],[-39.742,-14.372],[-39.697,-14.37],[-39.688,-14.295],[-39.664,-14.185],[-39.69,-14.176],[-39.7,-14.153],[-39.77,-14.123],[-39.777,-14.106],[-39.812,-14.102],[-39.86,-14.146],[-39.889,-14.139],[-39.92,-14.183],[-39.936,-14.174],[-39.974,-14.163],[-39.984,-14.221],[-40.005,-14.266]]]}},{"type":"Feature","properties":{"code":"2922300"},"geometry":{"type":"Polygon","coordinates":[[[-39.044,-12.649],[-39.02,-12.636],[-38.971,-12.632],[-38.99,-12.595],[-39.014,-12.617],[-39.058,-12.635],[-39.108,-12.592],[-39.179,-12.588],[-39.178,-12.63],[-39.073,-12.653],[-39.044,-12.649]]]}},{"type":"Feature","properties":{"code":"2907004"},"geometry":{"type":"Polygon","coordinates":[[[-37.951,-11.934],[-37.983,-11.955],[-38.015,-12.008],[-38.009,-12.046],[-38.023,-12.081],[-37.98,-12.117],[-37.935,-12.14],[-37.888,-12.157],[-37.885,-12.106],[-37.874,-12.087],[-37.865,-12.014],[-37.87,-11.972],[-37.926,-11.958],[-37.951,-11.934]]]}},{"type":"Feature","properties":{"code":"2930303"},"geometry":{"type":"Polygon","coordinates":[[[-44.171,-12.852],[-44.123,-12.847],[-44.066,-12.875],[-44.003,-12.853],[-43.913,-12.907],[-43.878,-12.967],[-43.831,-12.986],[-43.686,-12.933],[-43.66,-12.937],[-43.571,-12.915],[-43.55,-12.887],[-43.551,-12.863],[-43.536,-12.637],[-43.831,-12.687],[-43.945,-12.705],[-44.013,-12.745],[-44.081,-12.77],[-44.179,-12.741],[-44.152,-12.776],[-44.154,-12.804],[-44.174,-12.821],[-44.171,-12.852]]]}},{"type":"Feature","properties":{"code":"2922250"},"geometry":{"type":"Polygon","coordinates":[[[-43.222,-12.691],[-43.201,-12.674],[-43.188,-12.62],[-43.206,-12.59],[-43.207,-12.543],[-43.258,-12.431],[-43.253,-12.381],[-43.286,-12.331],[-43.282,-12.269],[-43.263,-12.221],[-43.226,-12.192],[-43.233,-12.171],[-43.282,-12.136],[-43.299,-12.056],[-43.349,-12.016],[-43.359,-11.963],[-43.353,-11.904],[-43.315,-11.875],[-43.323,-11.835],[-43.349,-11.798],[-43.348,-11.736],[-43.391,-11.734],[-43.38,-11.786],[-43.461,-11.807],[-43.462,-11.827],[-43.492,-11.854],[-43.511,-11.931],[-43.632,-11.931],[-43.662,-11.865],[-43.712,-11.871],[-43.694,-11.9],[-43.76,-12.004],[-43.724,-12.016],[-43.732,-12.048],[-43.795,-12.092],[-43.798,-12.112],[-43.824,-12.125],[-43.823,-12.149],[-43.865,-12.161],[-43.911,-12.205],[-43.929,-12.243],[-43.913,-12.256],[-43.852,-12.242],[-43.782,-12.258],[-43.767,-12.281],[-43.737,-12.284],[-43.711,-12.322],[-43.685,-12.319],[-43.707,-12.371],[-43.679,-12.389],[-43.553,-12.507],[-43.444,-12.551],[-43.239,-12.63],[-43.222,-12.691]]]}},{"type":"Feature","properties":{"code":"2922102"},"geometry":{"type":"Polygon","coordinates":[[[-40.456,-12.111],[-40.444,-12.095],[-40.463,-12.069],[-40.455,-12.038],[-40.385,-12.028],[-40.334,-11.977],[-40.302,-11.96],[-40.275,-11.908],[-40.326,-11.886],[-40.35,-11.858],[-40.357,-11.83],[-40.369,-11.759],[-40.358,-11.743],[-40.371,-11.616],[-40.45,-11.699],[-40.434,-11.747],[-40.484,-11.825],[-40.615,-11.835],[-40.625,-11.846],[-40.578,-11.898],[-40.671,-11.938],[-40.745,-12.001],[-40.772,-11.994],[-40.794,-11.963],[-40.854,-11.964],[-40.897,-11.99],[-40.909,-12.06],[-40.874,-12.126],[-40.779,-12.111],[-40.724,-12.107],[-40.585,-12.083],[-40.526,-12.091],[-40.456,-12.111]]]}},{"type":"Feature","properties":{"code":"2914505"},"geometry":{"type":"Polygon","coordinates":[[[-38.733,-12.155],[-38.7,-12.139],[-38.688,-12.105],[-38.658,-12.053],[-38.701,-12.053],[-38.724,-12.013],[-38.71,-11.961],[-38.68,-11.946],[-38.755,-11.941],[-38.825,-11.948],[-38.808,-11.976],[-38.806,-12.023],[-38.842,-12.103],[-38.763,-12.119],[-38.752,-12.165],[-38.733,-12.155]]]}},{"type":"Feature","properties":{"code":"2914604"},"geometry":{"type":"Polygon","coordinates":[[[-41.746,-11.392],[-41.749,-11.372],[-41.733,-11.332],[-41.742,-11.271],[-41.74,-11.223],[-41.878,-11.261],[-41.942,-11.228],[-41.927,-11.28],[-41.971,-11.344],[-41.943,-11.381],[-41.883,-11.372],[-41.878,-11.362],[-41.773,-11.365],[-41.746,-11.392]]]}},{"type":"Feature","properties":{"code":"2906402"},"geometry":{"type":"Polygon","coordinates":[[[-39.24,-11.774],[-39.28,-11.832],[-39.276,-11.893],[-39.308,-11.94],[-39.286,-11.967],[-39.297,-11.991],[-39.175,-11.981],[-39.164,-11.951],[-39.12,-11.925],[-39.083,-11.859],[-39.077,-11.829],[-39.061,-11.77],[-39.218,-11.768],[-39.24,-11.774]]]}},{"type":"Feature","properties":{"code":"2930758"},"geometry":{"type":"Polygon","coordinates":[[[-43.64,-13.185],[-43.591,-13.147],[-43.545,-13.151],[-43.517,-13.129],[-43.463,-13.133],[-43.453,-13.095],[-43.454,-13.04],[-43.406,-12.998],[-43.4,-12.932],[-43.404,-12.895],[-43.395,-12.873],[-43.346,-12.855],[-43.347,-12.821],[-43.333,-12.793],[-43.28,-12.743],[-43.254,-12.704],[-43.222,-12.691],[-43.239,-12.63],[-43.444,-12.551],[-43.536,-12.637],[-43.551,-12.863],[-43.55,-12.887],[-43.571,-12.915],[-43.66,-12.937],[-43.686,-12.933],[-43.682,-13.116],[-43.647,-13.137],[-43.64,-13.185]]]}},{"type":"Feature","properties":{"code":"2914406"},"geometry":{"type":"Polygon","coordinates":[[[-41.81,-12.153],[-41.783,-12.161],[-41.743,-12.237],[-41.765,-12.273],[-41.729,-12.369],[-41.666,-12.383],[-41.618,-12.38],[-41.541,-12.357],[-41.508,-12.375],[-41.479,-12.371],[-41.453,-12.383],[-41.441,-12.413],[-41.425,-12.378],[-41.442,-12.31],[-41.434,-12.264],[-41.412,-12.247],[-41.4,-12.2],[-41.355,-12.168],[-41.417,-12.145],[-41.469,-12.108],[-41.487,-12.118],[-41.604,-12.145],[-41.771,-12.138],[-41.81,-12.153]]]}},{"type":"Feature","properties":{"code":"2930709"},"geometry":{"type":"Polygon","coordinates":[[[-38.462,-12.791],[-38.464,-12.829],[-38.416,-12.867],[-38.39,-12.854],[-38.374,-12.824],[-38.332,-12.812],[-38.346,-12.739],[-38.376,-12.677],[-38.399,-12.661],[-38.419,-12.669],[-38.462,-12.791]]]}},{"type":"Feature","properties":{"code":"2906204"},"geometry":{"type":"Polygon","coordinates":[[[-41.68,-11.922],[-41.649,-11.886],[-41.622,-11.832],[-41.606,-11.773],[-41.605,-11.741],[-41.589,-11.669],[-41.593,-11.614],[-41.623,-11.611],[-41.67,-11.618],[-41.739,-11.665],[-41.773,-11.682],[-41.813,-11.682],[-41.861,-11.71],[-41.824,-11.739],[-41.789,-11.798],[-41.782,-11.829],[-41.751,-11.878],[-41.68,-11.922]]]}},{"type":"Feature","properties":{"code":"2922508"},"geometry":{"type":"Polygon","coordinates":[[[-38.957,-13.062],[-38.929,-13.01],[-38.883,-12.997],[-38.894,-12.961],[-38.914,-12.932],[-38.925,-12.915],[-38.998,-12.837],[-39.052,-12.838],[-39.026,-12.939],[-39.042,-12.951],[-39.026,-12.983],[-39.048,-13.015],[-39.053,-13.048],[-38.957,-13.062]]]}},{"type":"Feature","properties":{"code":"2906303"},"geometry":{"type":"Polygon","coordinates":[[[-39.356,-15.85],[-39.287,-15.844],[-39.238,-15.797],[-39.209,-15.793],[-39.171,-15.809],[-39.14,-15.799],[-39.11,-15.825],[-39.106,-15.787],[-38.894,-15.767],[-38.935,-15.665],[-38.942,-15.539],[-38.952,-15.469],[-38.973,-15.386],[-39.008,-15.376],[-39.017,-15.391],[-39.021,-15.437],[-39.044,-15.458],[-39.142,-15.493],[-39.195,-15.532],[-39.164,-15.544],[-39.154,-15.573],[-39.16,-15.603],[-39.202,-15.592],[-39.233,-15.621],[-39.262,-15.634],[-39.298,-15.643],[-39.325,-15.662],[-39.363,-15.709],[-39.368,-15.738],[-39.341,-15.75],[-39.318,-15.825],[-39.356,-15.85]]]}},{"type":"Feature","properties":{"code":"2930600"},"geometry":{"type":"Polygon","coordinates":[[[-40.166,-11.522],[-40.196,-11.5],[-40.193,-11.436],[-40.204,-11.382],[-40.188,-11.339],[-40.209,-11.331],[-40.273,-11.337],[-40.316,-11.348],[-40.394,-11.384],[-40.383,-11.401],[-40.309,-11.435],[-40.272,-11.527],[-40.226,-11.564],[-40.166,-11.522]]]}},{"type":"Feature","properties":{"code":"2914802"},"geometry":{"type":"Polygon","coordinates":[[[-39.367,-15.02],[-39.35,-14.965],[-39.328,-14.932],[-39.231,-14.935],[-39.211,-14.909],[-39.201,-14.888],[-39.236,-14.848],[-39.247,-14.758],[-39.262,-14.756],[-39.291,-14.693],[-39.343,-14.724],[-39.358,-14.764],[-39.395,-14.811],[-39.405,-14.837],[-39.365,-14.851],[-39.359,-14.876],[-39.393,-14.973],[-39.419,-15.012],[-39.412,-15.033],[-39.367,-15.02]]]}},{"type":"Feature","properties":{"code":"2922409"},"geometry":{"type":"Polygon","coordinates":[[[-39.569,-13.477],[-39.546,-13.45],[-39.488,-13.402],[-39.465,-13.368],[-39.471,-13.307],[-39.452,-13.301],[-39.426,-13.266],[-39.438,-13.237],[-39.447,-13.186],[-39.467,-13.2],[-39.49,-13.176],[-39.526,-13.181],[-39.538,-13.249],[-39.543,-13.338],[-39.56,-13.422],[-39.59,-13.426],[-39.598,-13.471],[-39.569,-13.477]]]}},{"type":"Feature","properties":{"code":"2906600"},"geometry":{"type":"Polygon","coordinates":[[[-42.835,-14.562],[-42.752,-14.412],[-42.709,-14.389],[-42.713,-14.325],[-42.751,-14.296],[-42.881,-14.322],[-42.926,-14.341],[-42.955,-14.396],[-42.891,-14.5],[-42.871,-14.509],[-42.835,-14.562]]]}},{"type":"Feature","properties":{"code":"2929909"},"geometry":{"type":"Polygon","coordinates":[[[-42.028,-12.658],[-41.98,-12.663],[-41.898,-12.684],[-41.846,-12.676],[-41.649,-12.68],[-41.679,-12.626],[-41.656,-12.585],[-41.677,-12.524],[-41.618,-12.453],[-41.588,-12.397],[-41.541,-12.357],[-41.618,-12.38],[-41.666,-12.383],[-41.729,-12.369],[-41.765,-12.273],[-41.743,-12.237],[-41.783,-12.161],[-41.81,-12.153],[-41.89,-12.123],[-41.916,-12.106],[-41.937,-12.111],[-41.97,-12.092],[-41.967,-12.223],[-41.989,-12.232],[-41.968,-12.266],[-41.985,-12.291],[-42.029,-12.234],[-42.058,-12.245],[-42.04,-12.291],[-42.089,-12.291],[-42.114,-12.306],[-42.124,-12.278],[-42.27,-12.311],[-42.249,-12.39],[-42.195,-12.378],[-42.14,-12.401],[-42.104,-12.396],[-42.072,-12.415],[-42.07,-12.431],[-42.015,-12.505],[-42.007,-12.569],[-41.984,-12.601],[-42.03,-12.619],[-42.028,-12.658]]]}},{"type":"Feature","properties":{"code":"2921708"},"geometry":{"type":"Polygon","coordinates":[[[-41.393,-11.772],[-41.349,-11.776],[-41.323,-11.798],[-41.248,-11.816],[-41.245,-11.845],[-41.254,-11.903],[-41.223,-11.919],[-41.11,-11.947],[-41.086,-11.919],[-41.063,-11.933],[-41.049,-11.97],[-41.025,-12.002],[-40.972,-12.016],[-40.92,-12.014],[-40.897,-11.99],[-40.9,-11.978],[-40.974,-11.889],[-40.959,-11.843],[-40.942,-11.819],[-40.902,-11.811],[-40.885,-11.758],[-40.849,-11.776],[-40.801,-11.743],[-40.793,-11.694],[-40.728,-11.566],[-40.703,-11.548],[-40.727,-11.533],[-40.738,-11.504],[-40.798,-11.477],[-40.864,-11.415],[-40.946,-11.285],[-41.134,-11.153],[-41.24,-11.146],[-41.26,-11.121],[-41.295,-11.115],[-41.317,-11.073],[-41.297,-11.004],[-41.277,-10.988],[-41.241,-10.992],[-41.234,-10.957],[-41.289,-10.909],[-41.428,-10.866],[-41.461,-10.832],[-41.443,-10.802],[-41.478,-10.756],[-41.504,-10.745],[-41.556,-10.743],[-41.571,-10.756],[-41.575,-10.779],[-41.606,-10.809],[-41.663,-10.811],[-41.641,-10.857],[-41.567,-10.904],[-41.562,-10.941],[-41.54,-10.968],[-41.508,-10.969],[-41.482,-10.988],[-41.438,-10.977],[-41.435,-11.007],[-41.437,-11.022],[-41.395,-11.103],[-41.368,-11.143],[-41.365,-11.184],[-41.356,-11.228],[-41.379,-11.303],[-41.373,-11.331],[-41.389,-11.362],[-41.387,-11.39],[-41.404,-11.446],[-41.431,-11.449],[-41.457,-11.47],[-41.51,-11.53],[-41.557,-11.559],[-41.435,-11.636],[-41.364,-11.701],[-41.393,-11.772]]]}},{"type":"Feature","properties":{"code":"2906501"},"geometry":{"type":"Polygon","coordinates":[[[-38.462,-12.791],[-38.419,-12.669],[-38.399,-12.661],[-38.393,-12.609],[-38.464,-12.608],[-38.49,-12.592],[-38.556,-12.621],[-38.561,-12.63],[-38.55,-12.661],[-38.557,-12.699],[-38.535,-12.739],[-38.508,-12.748],[-38.504,-12.779],[-38.462,-12.791]]]}},{"type":"Feature","properties":{"code":"2914653"},"geometry":{"type":"Polygon","coordinates":[[[-39.505,-16.872],[-39.48,-16.831],[-39.486,-16.796],[-39.469,-16.762],[-39.441,-16.745],[-39.349,-16.771],[-39.375,-16.721],[-39.392,-16.713],[-39.445,-16.638],[-39.483,-16.611],[-39.473,-16.58],[-39.45,-16.578],[-39.42,-16.554],[-39.453,-16.541],[-39.519,-16.495],[-39.548,-16.478],[-39.608,-16.469],[-39.651,-16.505],[-39.698,-16.513],[-39.698,-16.548],[-39.648,-16.572],[-39.677,-16.675],[-39.668,-16.695],[-39.676,-16.732],[-39.661,-16.781],[-39.647,-16.785],[-39.584,-16.853],[-39.55,-16.837],[-39.513,-16.841],[-39.505,-16.872]]]}},{"type":"Feature","properties":{"code":"2929750"},"geometry":{"type":"Polygon","coordinates":[[[-38.802,-12.838],[-38.699,-12.801],[-38.695,-12.754],[-38.687,-12.726],[-38.767,-12.716],[-38.781,-12.727],[-38.821,-12.719],[-38.836,-12.726],[-38.827,-12.764],[-38.835,-12.827],[-38.846,-12.839],[-38.819,-12.851],[-38.802,-12.838]]]}},{"type":"Feature","properties":{"code":"2914703"},"geometry":{"type":"Polygon","coordinates":[[[-40.359,-12.792],[-40.344,-12.769],[-40.309,-12.748],[-40.217,-12.766],[-40.183,-12.733],[-40.181,-12.698],[-40.12,-12.688],[-40.09,-12.637],[-40.055,-12.611],[-40.048,-12.565],[-40.002,-12.557],[-39.973,-12.562],[-39.939,-12.55],[-39.926,-12.522],[-39.94,-12.484],[-39.975,-12.467],[-39.987,-12.43],[-40.022,-12.403],[-40.027,-12.382],[-40.061,-12.341],[-40.112,-12.329],[-40.13,-12.348],[-40.168,-12.353],[-40.212,-12.282],[-40.306,-12.258],[-40.36,-12.257],[-40.435,-12.278],[-40.462,-12.315],[-40.498,-12.331],[-40.524,-12.392],[-40.575,-12.438],[-40.494,-12.51],[-40.471,-12.509],[-40.459,-12.558],[-40.466,-12.581],[-40.451,-12.616],[-40.42,-12.64],[-40.426,-12.667],[-40.359,-12.792]]]}},{"type":"Feature","properties":{"code":"2929800"},"geometry":{"type":"Polygon","coordinates":[[[-40.482,-11.049],[-40.389,-11.062],[-40.365,-11.017],[-40.348,-10.965],[-40.328,-10.967],[-40.248,-10.911],[-40.242,-10.847],[-40.268,-10.843],[-40.303,-10.815],[-40.409,-10.795],[-40.445,-10.752],[-40.459,-10.822],[-40.45,-10.852],[-40.463,-10.868],[-40.49,-10.942],[-40.458,-10.958],[-40.482,-11.049]]]}},{"type":"Feature","properties":{"code":"2914000"},"geometry":{"type":"Polygon","coordinates":[[[-39.91,-12.517],[-39.915,-12.508],[-39.807,-12.445],[-39.739,-12.41],[-39.667,-12.408],[-39.591,-12.377],[-39.537,-12.341],[-39.505,-12.334],[-39.463,-12.346],[-39.431,-12.328],[-39.432,-12.308],[-39.409,-12.292],[-39.408,-12.266],[-39.522,-12.037],[-39.594,-12.061],[-39.607,-12.027],[-39.636,-11.997],[-39.642,-11.954],[-39.678,-11.924],[-39.73,-11.906],[-39.774,-11.915],[-39.812,-11.934],[-39.85,-11.994],[-39.905,-12.029],[-39.921,-12.002],[-39.958,-11.977],[-39.971,-12.055],[-40.029,-12.055],[-40.025,-12.071],[-40.038,-12.153],[-40.05,-12.196],[-40.09,-12.203],[-40.141,-12.247],[-40.133,-12.3],[-40.112,-12.329],[-40.061,-12.341],[-40.027,-12.382],[-40.022,-12.403],[-39.987,-12.43],[-39.975,-12.467],[-39.94,-12.484],[-39.926,-12.522],[-39.91,-12.517]]]}},{"type":"Feature","properties":{"code":"2921609"},"geometry":{"type":"Polygon","coordinates":[[[-42.813,-11.941],[-42.861,-11.794],[-42.784,-11.745],[-42.748,-11.731],[-42.744,-11.705],[-42.771,-11.7],[-42.805,-11.673],[-42.814,-11.65],[-42.855,-11.612],[-42.94,-11.586],[-42.954,-11.624],[-42.981,-11.597],[-43.004,-11.597],[-43.046,-11.553],[-43.057,-11.528],[-43.225,-11.499],[-43.264,-11.483],[-43.286,-11.548],[-43.284,-11.561],[-43.292,-11.591],[-43.276,-11.636],[-43.226,-11.677],[-43.245,-11.705],[-43.227,-11.782],[-43.196,-11.806],[-43.186,-11.89],[-43.165,-11.9],[-43.171,-11.937],[-43.14,-11.973],[-43.137,-12.02],[-42.946,-11.977],[-42.902,-11.962],[-42.873,-11.964],[-42.813,-11.941]]]}},{"type":"Feature","properties":{"code":"2914109"},"geometry":{"type":"Polygon","coordinates":[[[-42.36,-11.714],[-42.364,-11.756],[-42.392,-11.752],[-42.419,-11.765],[-42.446,-11.755],[-42.472,-11.725],[-42.488,-11.775],[-42.539,-11.74],[-42.565,-11.736],[-42.582,-11.714],[-42.681,-11.72],[-42.748,-11.731],[-42.772,-11.809],[-42.7,-11.876],[-42.669,-11.867],[-42.584,-11.909],[-42.461,-11.966],[-42.245,-11.948],[-42.291,-11.854],[-42.292,-11.812],[-42.31,-11.77],[-42.337,-11.749],[-42.36,-11.714]]]}},{"type":"Feature","properties":{"code":"2905800"},"geometry":{"type":"Polygon","coordinates":[[[-39.346,-14.148],[-39.285,-14.138],[-39.198,-14.104],[-39.143,-14.092],[-39.097,-14.111],[-39.021,-14.1],[-38.983,-14.074],[-38.986,-14.042],[-39.005,-14.032],[-38.986,-13.973],[-39.001,-13.936],[-38.986,-13.892],[-38.952,-13.872],[-38.968,-13.849],[-39.043,-13.918],[-39.07,-13.915],[-39.084,-13.892],[-39.144,-13.889],[-39.198,-13.911],[-39.217,-13.93],[-39.258,-13.942],[-39.297,-13.934],[-39.329,-13.942],[-39.355,-14.046],[-39.333,-14.101],[-39.346,-14.148]]]}},{"type":"Feature","properties":{"code":"2930154"},"geometry":{"type":"Polygon","coordinates":[[[-43.587,-13.806],[-43.593,-13.763],[-43.559,-13.737],[-43.548,-13.712],[-43.557,-13.645],[-43.51,-13.576],[-43.471,-13.569],[-43.45,-13.542],[-43.428,-13.425],[-43.462,-13.357],[-43.467,-13.33],[-43.44,-13.256],[-43.629,-13.268],[-43.705,-13.29],[-43.706,-13.188],[-43.732,-13.192],[-43.772,-13.219],[-43.804,-13.22],[-43.857,-13.262],[-43.864,-13.304],[-43.893,-13.364],[-43.908,-13.431],[-43.896,-13.473],[-43.822,-13.489],[-43.879,-13.605],[-43.933,-13.656],[-43.814,-13.708],[-43.587,-13.806]]]}}]}