{"type":"FeatureCollection","features":[{"type":"Feature","properties":{"code":"3543402"},"geometry":{"type":"Polygon","coordinates":[[[-47.906,-21.368],[-47.851,-21.358],[-47.818,-21.343],[-47.787,-21.298],[-47.732,-21.263],[-47.659,-21.196],[-47.665,-21.161],[-47.647,-21.148],[-47.667,-21.119],[-47.697,-21.132],[-47.719,-21.12],[-47.751,-21.113],[-47.785,-21.081],[-47.821,-21.068],[-47.872,-21.064],[-47.883,-21.098],[-47.913,-21.119],[-47.902,-21.16],[-47.917,-21.201],[-47.943,-21.2],[-47.922,-21.242],[-47.926,-21.267],[-47.989,-21.309],[-47.939,-21.359],[-47.906,-21.368]]]}},{"type":"Feature","properties":{"code":"3518859"},"geometry":{"type":"Polygon","coordinates":[[[-47.927,-21.576],[-47.887,-21.501],[-47.902,-21.461],[-47.895,-21.44],[-47.895,-21.38],[-47.906,-21.368],[-47.939,-21.359],[-47.989,-21.309],[-47.994,-21.305],[-48.02,-21.329],[-48.05,-21.388],[-48.109,-21.429],[-48.102,-21.454],[-48.074,-21.479],[-48.031,-21.515],[-48.027,-21.539],[-47.991,-21.566],[-47.964,-21.598],[-47.927,-21.576]]]}},{"type":"Feature","properties":{"code":"3518206"},"geometry":{"type":"Polygon","coordinates":[[[-50.874,-21.489],[-50.868,-21.526],[-50.816,-21.54],[-50.809,-21.56],[-50.773,-21.545],[-50.749,-21.524],[-50.7,-21.527],[-50.653,-21.493],[-50.622,-21.452],[-50.604,-21.416],[-50.603,-21.365],[-50.573,-21.296],[-50.544,-21.271],[-50.545,-21.252],[-50.577,-21.203],[-50.572,-21.192],[-50.639,-21.071],[-50.641,-21.047],[-50.695,-21.032],[-50.797,-20.985],[-50.802,-21.06],[-50.746,-21.095],[-50.756,-21.136],[-50.795,-21.187],[-50.776,-21.183],[-50.736,-21.199],[-50.754,-21.263],[-50.72,-21.247],[-50.694,-21.262],[-50.694,-21.309],[-50.722,-21.381],[-50.752,-21.385],[-50.796,-21.44],[-50.842,-21.454],[-50.874,-21.489]]]}},{"type":"Feature","properties":{"code":"3510005"},"geometry":{"type":"Polygon","coordinates":[[[-50.359,-22.916],[-50.333,-22.88],[-50.34,-22.842],[-50.329,-22.805],[-50.291,-22.774],[-50.291,-22.755],[-50.262,-22.701],[-50.276,-22.673],[-50.325,-22.677],[-50.402,-22.705],[-50.482,-22.696],[-50.508,-22.703],[-50.503,-22.736],[-50.521,-22.782],[-50.524,-22.833],[-50.552,-22.841],[-50.578,-22.883],[-50.577,-22.904],[-50.53,-22.919],[-50.527,-22.935],[-50.426,-22.944],[-50.416,-22.913],[-50.379,-22.905],[-50.359,-22.916]]]}},{"type":"Feature","properties":{"code":"3502606"},"geometry":{"type":"Polygon","coordinates":[[[-50.873,-20.542],[-50.863,-20.526],[-50.858,-20.439],[-50.839,-20.412],[-50.844,-20.415],[-50.881,-20.423],[-50.967,-20.4],[-50.97,-20.403],[-50.991,-20.432],[-50.981,-20.457],[-50.982,-20.497],[-50.966,-20.549],[-50.937,-20.555],[-50.913,-20.541],[-50.873,-20.542]]]}},{"type":"Feature","properties":{"code":"3534609"},"geometry":{"type":"Polygon","coordinates":[[[-50.904,-21.87],[-50.867,-21.837],[-50.839,-21.829],[-50.824,-21.801],[-50.857,-21.778],[-50.827,-21.689],[-50.777,-21.588],[-50.78,-21.568],[-50.773,-21.545],[-50.809,-21.56],[-50.823,-21.618],[-50.861,-21.651],[-50.88,-21.689],[-50.915,-21.669],[-50.94,-21.71],[-50.944,-21.74],[-50.93,-21.762],[-50.935,-21.796],[-50.961,-21.823],[-50.904,-21.87]]]}},{"type":"Feature","properties":{"code":"3502408"},"geometry":{"type":"Polygon","coordinates":[[[-51.453,-22.516],[-51.434,-22.482],[-51.413,-22.473],[-51.393,-22.41],[-51.364,-22.38],[-51.349,-22.349],[-51.352,-22.324],[-51.346,-22.3],[-51.356,-22.259],[-51.399,-22.203],[-51.434,-22.206],[-51.413,-22.245],[-51.45,-22.274],[-51.461,-22.308],[-51.493,-22.362],[-51.52,-22.459],[-51.467,-22.485],[-51.453,-22.516]]]}},{"type":"Feature","properties":{"code":"3526407"},"geometry":{"type":"Polygon","coordinates":[[[-47.819,-23.133],[-47.809,-23.098],[-47.821,-23.072],[-47.792,-23.049],[-47.757,-22.998],[-47.773,-22.976],[-47.806,-22.983],[-47.827,-22.942],[-47.806,-22.9],[-47.809,-22.878],[-47.845,-22.902],[-47.869,-22.899],[-47.867,-22.861],[-47.931,-22.883],[-47.952,-22.924],[-47.934,-22.945],[-47.937,-23.015],[-47.915,-23.055],[-47.907,-23.126],[-47.91,-23.161],[-47.839,-23.174],[-47.817,-23.153],[-47.819,-23.133]]]}},{"type":"Feature","properties":{"code":"3502507"},"geometry":{"type":"Polygon","coordinates":[[[-45.278,-22.852],[-45.255,-22.897],[-45.278,-22.932],[-45.258,-23.008],[-45.234,-23.001],[-45.195,-22.977],[-45.212,-22.942],[-45.208,-22.863],[-45.2,-22.841],[-45.237,-22.824],[-45.278,-22.852]]]}},{"type":"Feature","properties":{"code":"3551009"},"geometry":{"type":"Polygon","coordinates":[[[-46.65,-24.002],[-46.644,-24.011],[-46.593,-23.997],[-46.568,-23.969],[-46.527,-23.946],[-46.509,-23.988],[-46.476,-24.005],[-46.446,-23.982],[-46.422,-23.978],[-46.392,-23.999],[-46.384,-23.972],[-46.355,-23.971],[-46.386,-23.933],[-46.445,-23.942],[-46.45,-23.919],[-46.48,-23.917],[-46.496,-23.899],[-46.53,-23.916],[-46.56,-23.946],[-46.612,-23.969],[-46.65,-24.002]]]}},{"type":"Feature","properties":{"code":"3534500"},"geometry":{"type":"Polygon","coordinates":[[[-50.299,-22.209],[-50.325,-22.271],[-50.333,-22.339],[-50.324,-22.359],[-50.237,-22.379],[-50.229,-22.354],[-50.169,-22.32],[-50.183,-22.263],[-50.173,-22.246],[-50.228,-22.238],[-50.255,-22.213],[-50.299,-22.209]]]}},{"type":"Feature","properties":{"code":"3501806"},"geometry":{"type":"Polygon","coordinates":[[[-49.812,-20.195],[-49.843,-20.212],[-49.847,-20.246],[-49.867,-20.297],[-49.852,-20.353],[-49.81,-20.366],[-49.803,-20.385],[-49.769,-20.378],[-49.752,-20.356],[-49.694,-20.317],[-49.678,-20.282],[-49.648,-20.26],[-49.687,-20.224],[-49.687,-20.201],[-49.727,-20.209],[-49.725,-20.229],[-49.764,-20.272],[-49.821,-20.283],[-49.825,-20.266],[-49.8,-20.236],[-49.812,-20.195]]]}},{"type":"Feature","properties":{"code":"3542800"},"geometry":{"type":"Polygon","coordinates":[[[-49.13,-24.682],[-49.112,-24.688],[-49.01,-24.654],[-48.962,-24.674],[-48.912,-24.674],[-48.912,-24.633],[-48.949,-24.618],[-48.901,-24.556],[-48.979,-24.535],[-48.982,-24.524],[-49.055,-24.554],[-49.09,-24.54],[-49.132,-24.538],[-49.136,-24.587],[-49.171,-24.612],[-49.151,-24.64],[-49.158,-24.672],[-49.13,-24.682]]]}},{"type":"Feature","properties":{"code":"3526308"},"geometry":{"type":"Polygon","coordinates":[[[-45.3,-23.091],[-45.273,-23.093],[-45.268,-23.121],[-45.227,-23.128],[-45.23,-23.157],[-45.198,-23.172],[-45.185,-23.198],[-45.146,-23.186],[-45.131,-23.167],[-45.144,-23.111],[-45.132,-23.084],[-45.156,-23.015],[-45.197,-22.998],[-45.234,-23.001],[-45.258,-23.008],[-45.294,-23.027],[-45.312,-23.059],[-45.3,-23.091]]]}},{"type":"Feature","properties":{"code":"3509957"},"geometry":{"type":"Polygon","coordinates":[[[-44.975,-22.808],[-45.017,-22.751],[-45.022,-22.699],[-45.046,-22.676],[-45.069,-22.676],[-45.075,-22.725],[-45.061,-22.75],[-45.011,-22.773],[-44.975,-22.808]]]}},{"type":"Feature","properties":{"code":"3518107"},"geometry":{"type":"Polygon","coordinates":[[[-49.741,-22.026],[-49.696,-22.044],[-49.691,-22.031],[-49.585,-21.985],[-49.55,-22.01],[-49.534,-21.957],[-49.506,-21.92],[-49.422,-21.864],[-49.403,-21.826],[-49.431,-21.779],[-49.456,-21.784],[-49.546,-21.857],[-49.566,-21.832],[-49.611,-21.87],[-49.659,-21.86],[-49.734,-21.941],[-49.755,-22.009],[-49.741,-22.026]]]}},{"type":"Feature","properties":{"code":"3550803"},"geometry":{"type":"Polygon","coordinates":[[[-46.631,-21.769],[-46.662,-21.751],[-46.691,-21.714],[-46.734,-21.708],[-46.756,-21.692],[-46.796,-21.686],[-46.805,-21.66],[-46.842,-21.697],[-46.872,-21.709],[-46.843,-21.759],[-46.772,-21.824],[-46.751,-21.834],[-46.721,-21.821],[-46.691,-21.838],[-46.631,-21.769]]]}},{"type":"Feature","properties":{"code":"3509908"},"geometry":{"type":"Polygon","coordinates":[[[-48.24,-24.991],[-48.209,-25.032],[-48.216,-25.077],[-48.182,-25.134],[-48.158,-25.15],[-48.182,-25.205],[-48.113,-25.251],[-48.099,-25.241],[-48.023,-25.231],[-48.097,-25.297],[-48.097,-25.31],[-48.096,-25.309],[-48.047,-25.259],[-47.946,-25.174],[-47.924,-25.16],[-47.908,-25.118],[-47.91,-25.053],[-47.912,-25.01],[-47.898,-24.973],[-47.862,-24.962],[-47.855,-24.937],[-47.804,-24.907],[-47.734,-24.836],[-47.774,-24.817],[-47.822,-24.777],[-47.83,-24.756],[-47.867,-24.797],[-47.943,-24.767],[-47.927,-24.781],[-47.968,-24.872],[-47.992,-24.847],[-48.043,-24.862],[-48.026,-24.944],[-48.045,-24.96],[-48.078,-24.954],[-48.124,-24.981],[-48.162,-24.965],[-48.211,-24.957],[-48.24,-24.991]]]}},{"type":"Feature","properties":{"code":"3534807"},"geometry":{"type":"Polygon","coordinates":[[[-51.714,-21.596],[-51.671,-21.549],[-51.647,-21.511],[-51.68,-21.477],[-51.669,-21.433],[-51.723,-21.395],[-51.773,-21.388],[-51.753,-21.45],[-51.797,-21.519],[-51.82,-21.525],[-51.843,-21.578],[-51.782,-21.603],[-51.746,-21.592],[-51.714,-21.596]]]}},{"type":"Feature","properties":{"code":"3542602"},"geometry":{"type":"Polygon","coordinates":[[[-48.085,-24.581],[-48.069,-24.585],[-48.001,-24.573],[-47.976,-24.59],[-47.953,-24.638],[-47.918,-24.628],[-47.866,-24.579],[-47.817,-24.566],[-47.778,-24.574],[-47.77,-24.591],[-47.728,-24.622],[-47.694,-24.602],[-47.685,-24.551],[-47.627,-24.513],[-47.645,-24.493],[-47.64,-24.464],[-47.684,-24.379],[-47.717,-24.398],[-47.755,-24.383],[-47.779,-24.356],[-47.8,-24.352],[-47.834,-24.371],[-47.824,-24.405],[-47.869,-24.421],[-47.91,-24.469],[-47.972,-24.502],[-48.013,-24.51],[-48.02,-24.529],[-48.053,-24.533],[-48.085,-24.581]]]}},{"type":"Feature","properties":{"code":"3550902"},"geometry":{"type":"Polygon","coordinates":[[[-47.446,-21.584],[-47.446,-21.555],[-47.427,-21.527],[-47.444,-21.495],[-47.43,-21.45],[-47.38,-21.395],[-47.415,-21.343],[-47.459,-21.367],[-47.49,-21.398],[-47.541,-21.414],[-47.581,-21.368],[-47.631,-21.359],[-47.663,-21.382],[-47.684,-21.379],[-47.714,-21.415],[-47.776,-21.42],[-47.813,-21.411],[-47.83,-21.423],[-47.797,-21.447],[-47.746,-21.458],[-47.661,-21.498],[-47.64,-21.544],[-47.643,-21.592],[-47.608,-21.582],[-47.592,-21.548],[-47.571,-21.559],[-47.45,-21.578],[-47.446,-21.584]]]}},{"type":"Feature","properties":{"code":"3526605"},"geometry":{"type":"Polygon","coordinates":[[[-44.906,-22.612],[-44.873,-22.621],[-44.848,-22.602],[-44.852,-22.559],[-44.832,-22.544],[-44.852,-22.486],[-44.844,-22.428],[-44.89,-22.432],[-44.898,-22.449],[-44.94,-22.453],[-44.966,-22.475],[-44.936,-22.491],[-44.921,-22.534],[-44.932,-22.569],[-44.906,-22.612]]]}},{"type":"Feature","properties":{"code":"3534906"},"geometry":{"type":"Polygon","coordinates":[[[-51.355,-21.636],[-51.323,-21.657],[-51.265,-21.675],[-51.233,-21.629],[-51.246,-21.593],[-51.231,-21.576],[-51.236,-21.52],[-51.235,-21.45],[-51.207,-21.415],[-51.214,-21.355],[-51.225,-21.342],[-51.238,-21.327],[-51.286,-21.319],[-51.312,-21.368],[-51.305,-21.394],[-51.319,-21.451],[-51.308,-21.521],[-51.325,-21.585],[-51.355,-21.636]]]}},{"type":"Feature","properties":{"code":"3542701"},"geometry":{"type":"Polygon","coordinates":[[[-47.598,-20.693],[-47.567,-20.739],[-47.509,-20.725],[-47.488,-20.72],[-47.468,-20.689],[-47.413,-20.666],[-47.42,-20.643],[-47.398,-20.614],[-47.449,-20.599],[-47.469,-20.564],[-47.529,-20.563],[-47.553,-20.587],[-47.598,-20.693]]]}},{"type":"Feature","properties":{"code":"3526704"},"geometry":{"type":"Polygon","coordinates":[[[-47.47,-22.245],[-47.447,-22.265],[-47.404,-22.265],[-47.362,-22.236],[-47.347,-22.247],[-47.304,-22.229],[-47.262,-22.226],[-47.252,-22.201],[-47.224,-22.206],[-47.191,-22.174],[-47.199,-22.15],[-47.197,-22.099],[-47.255,-22.091],[-47.301,-22.103],[-47.328,-22.09],[-47.378,-22.096],[-47.4,-22.085],[-47.42,-22.145],[-47.49,-22.188],[-47.47,-22.245]]]}},{"type":"Feature","properties":{"code":"3518503"},"geometry":{"type":"Polygon","coordinates":[[[-48.193,-23.49],[-48.174,-23.495],[-48.151,-23.466],[-48.117,-23.457],[-48.078,-23.419],[-48.049,-23.424],[-48.054,-23.389],[-48.083,-23.373],[-48.081,-23.328],[-48.137,-23.283],[-48.139,-23.271],[-48.155,-23.262],[-48.195,-23.295],[-48.226,-23.299],[-48.241,-23.28],[-48.303,-23.258],[-48.341,-23.272],[-48.359,-23.303],[-48.38,-23.316],[-48.356,-23.375],[-48.37,-23.408],[-48.332,-23.424],[-48.308,-23.417],[-48.289,-23.448],[-48.262,-23.467],[-48.193,-23.49]]]}},{"type":"Feature","properties":{"code":"3551207"},"geometry":{"type":"Polygon","coordinates":[[[-49.442,-23.336],[-49.422,-23.312],[-49.422,-23.254],[-49.445,-23.241],[-49.458,-23.192],[-49.512,-23.182],[-49.538,-23.196],[-49.522,-23.206],[-49.549,-23.244],[-49.54,-23.281],[-49.521,-23.306],[-49.442,-23.336]]]}},{"type":"Feature","properties":{"code":"3534708"},"geometry":{"type":"Polygon","coordinates":[[[-49.834,-23.066],[-49.837,-23.046],[-49.807,-23.003],[-49.793,-22.967],[-49.763,-22.97],[-49.763,-22.89],[-49.779,-22.877],[-49.814,-22.855],[-49.884,-22.838],[-49.886,-22.904],[-49.898,-22.92],[-49.933,-22.93],[-49.946,-22.952],[-49.972,-22.959],[-49.955,-22.978],[-49.902,-22.999],[-49.912,-23.051],[-49.867,-23.072],[-49.834,-23.066]]]}},{"type":"Feature","properties":{"code":"3510302"},"geometry":{"type":"Polygon","coordinates":[[[-47.78,-23.532],[-47.761,-23.561],[-47.718,-23.534],[-47.697,-23.494],[-47.651,-23.459],[-47.655,-23.433],[-47.688,-23.401],[-47.726,-23.386],[-47.758,-23.399],[-47.807,-23.489],[-47.78,-23.532]]]}},{"type":"Feature","properties":{"code":"3543006"},"geometry":{"type":"Polygon","coordinates":[[[-48.645,-24.332],[-48.634,-24.307],[-48.65,-24.238],[-48.626,-24.198],[-48.661,-24.143],[-48.73,-24.116],[-48.762,-24.132],[-48.799,-24.12],[-48.822,-24.128],[-48.827,-24.174],[-48.865,-24.161],[-48.887,-24.181],[-48.886,-24.204],[-48.943,-24.256],[-48.987,-24.312],[-48.98,-24.347],[-48.949,-24.329],[-48.883,-24.331],[-48.866,-24.344],[-48.782,-24.358],[-48.69,-24.391],[-48.671,-24.356],[-48.645,-24.332]]]}},{"type":"Feature","properties":{"code":"3526506"},"geometry":{"type":"Polygon","coordinates":[[[-51.145,-21.374],[-51.092,-21.308],[-51.082,-21.273],[-51.054,-21.229],[-51.004,-21.192],[-50.981,-21.194],[-50.95,-21.171],[-50.948,-21.131],[-50.928,-21.106],[-50.914,-21.043],[-50.875,-20.978],[-50.876,-20.945],[-50.85,-20.936],[-50.9,-20.91],[-50.952,-20.977],[-51.009,-21.019],[-51.053,-21.069],[-51.043,-21.095],[-51.054,-21.143],[-51.097,-21.151],[-51.142,-21.215],[-51.148,-21.242],[-51.174,-21.265],[-51.183,-21.309],[-51.225,-21.342],[-51.214,-21.355],[-51.164,-21.384],[-51.145,-21.374]]]}},{"type":"Feature","properties":{"code":"3543105"},"geometry":{"type":"Polygon","coordinates":[[[-47.615,-20.482],[-47.575,-20.514],[-47.553,-20.513],[-47.509,-20.488],[-47.5,-20.456],[-47.522,-20.45],[-47.529,-20.391],[-47.595,-20.393],[-47.626,-20.407],[-47.664,-20.422],[-47.634,-20.442],[-47.615,-20.482]]]}},{"type":"Feature","properties":{"code":"3501707"},"geometry":{"type":"Polygon","coordinates":[[[-48.146,-21.702],[-48.145,-21.72],[-48.102,-21.77],[-48.044,-21.758],[-48.028,-21.741],[-47.968,-21.742],[-47.923,-21.72],[-47.91,-21.678],[-47.944,-21.689],[-48.037,-21.695],[-48.095,-21.715],[-48.146,-21.702]]]}},{"type":"Feature","properties":{"code":"3518305"},"geometry":{"type":"Polygon","coordinates":[[[-45.993,-23.52],[-45.962,-23.497],[-45.952,-23.451],[-45.987,-23.42],[-46.002,-23.385],[-46.029,-23.392],[-46.068,-23.348],[-46.099,-23.326],[-46.102,-23.309],[-46.157,-23.343],[-46.16,-23.388],[-46.14,-23.44],[-46.106,-23.455],[-46.074,-23.452],[-46.054,-23.489],[-46.077,-23.515],[-46.057,-23.542],[-45.993,-23.52]]]}},{"type":"Feature","properties":{"code":"3510104"},"geometry":{"type":"Polygon","coordinates":[[[-48.685,-21.383],[-48.653,-21.365],[-48.636,-21.388],[-48.61,-21.394],[-48.602,-21.367],[-48.577,-21.34],[-48.619,-21.287],[-48.67,-21.338],[-48.685,-21.383]]]}},{"type":"Feature","properties":{"code":"3534757"},"geometry":{"type":"Polygon","coordinates":[[[-50.433,-19.984],[-50.423,-20.055],[-50.377,-20.056],[-50.363,-20.033],[-50.332,-20.036],[-50.352,-19.917],[-50.337,-19.869],[-50.373,-19.845],[-50.417,-19.801],[-50.454,-19.786],[-50.48,-19.827],[-50.474,-19.869],[-50.441,-19.932],[-50.447,-19.954],[-50.433,-19.984]]]}},{"type":"Feature","properties":{"code":"3518404"},"geometry":{"type":"Polygon","coordinates":[[[-45.156,-23.015],[-45.136,-23.0],[-45.111,-23.008],[-45.082,-22.965],[-45.029,-22.921],[-45.06,-22.885],[-45.101,-22.878],[-45.132,-22.821],[-45.145,-22.743],[-45.179,-22.712],[-45.179,-22.692],[-45.204,-22.656],[-45.253,-22.632],[-45.269,-22.611],[-45.333,-22.618],[-45.4,-22.654],[-45.439,-22.703],[-45.397,-22.749],[-45.398,-22.782],[-45.346,-22.789],[-45.298,-22.806],[-45.302,-22.821],[-45.237,-22.824],[-45.2,-22.841],[-45.208,-22.863],[-45.212,-22.942],[-45.195,-22.977],[-45.234,-23.001],[-45.197,-22.998],[-45.156,-23.015]]]}},{"type":"Feature","properties":{"code":"3551108"},"geometry":{"type":"Polygon","coordinates":[[[-47.849,-23.75],[-47.824,-23.762],[-47.79,-23.755],[-47.71,-23.714],[-47.665,-23.743],[-47.635,-23.707],[-47.658,-23.679],[-47.682,-23.692],[-47.685,-23.64],[-47.706,-23.629],[-47.764,-23.589],[-47.761,-23.561],[-47.78,-23.532],[-47.79,-23.568],[-47.81,-23.587],[-47.855,-23.591],[-47.886,-23.608],[-47.91,-23.606],[-47.888,-23.666],[-47.885,-23.696],[-47.857,-23.721],[-47.849,-23.75]]]}},{"type":"Feature","properties":{"code":"3510203"},"geometry":{"type":"Polygon","coordinates":[[[-48.421,-24.18],[-48.424,-24.138],[-48.407,-24.086],[-48.377,-24.066],[-48.351,-24.073],[-48.308,-24.052],[-48.315,-24.114],[-48.302,-24.141],[-48.303,-24.18],[-48.288,-24.197],[-48.278,-24.25],[-48.281,-24.282],[-48.241,-24.263],[-48.205,-24.263],[-48.144,-24.222],[-48.139,-24.194],[-48.106,-24.201],[-48.058,-24.177],[-48.049,-24.138],[-48.009,-24.135],[-47.981,-24.113],[-47.953,-24.12],[-47.98,-24.076],[-47.998,-24.074],[-48.04,-24.031],[-48.085,-24.008],[-48.125,-24.014],[-48.121,-23.968],[-48.167,-23.922],[-48.188,-23.857],[-48.208,-23.849],[-48.24,-23.861],[-48.271,-23.852],[-48.295,-23.826],[-48.331,-23.841],[-48.349,-23.831],[-48.431,-23.892],[-48.475,-23.89],[-48.552,-23.935],[-48.582,-23.983],[-48.55,-24.004],[-48.569,-24.027],[-48.569,-24.091],[-48.475,-24.16],[-48.421,-24.18]]]}},{"type":"Feature","properties":{"code":"3542909"},"geometry":{"type":"Polygon","coordinates":[[[-48.045,-22.073],[-48.07,-22.077],[-48.091,-22.06],[-48.166,-21.972],[-48.188,-21.966],[-48.202,-21.933],[-48.23,-21.925],[-48.254,-21.893],[-48.289,-21.955],[-48.291,-21.99],[-48.307,-22.031],[-48.299,-22.064],[-48.251,-22.121],[-48.256,-22.155],[-48.216,-22.159],[-48.198,-22.148],[-48.135,-22.183],[-48.108,-22.18],[-48.044,-22.129],[-48.045,-22.073]]]}},{"type":"Feature","properties":{"code":"3510153"},"geometry":{"type":"Polygon","coordinates":[[[-49.763,-22.97],[-49.793,-22.967],[-49.807,-23.003],[-49.837,-23.046],[-49.834,-23.066],[-49.819,-23.077],[-49.793,-23.043],[-49.77,-23.033],[-49.747,-22.992],[-49.757,-22.971],[-49.763,-22.97]]]}},{"type":"Feature","properties":{"code":"3525854"},"geometry":{"type":"Polygon","coordinates":[[[-47.819,-23.133],[-47.79,-23.152],[-47.751,-23.122],[-47.75,-23.092],[-47.792,-23.049],[-47.821,-23.072],[-47.809,-23.098],[-47.819,-23.133]]]}},{"type":"Feature","properties":{"code":"3502101"},"geometry":{"type":"Polygon","coordinates":[[[-51.402,-21.075],[-51.383,-21.037],[-51.344,-20.982],[-51.306,-20.976],[-51.289,-20.954],[-51.283,-20.919],[-51.297,-20.906],[-51.291,-20.869],[-51.242,-20.858],[-51.227,-20.849],[-51.188,-20.864],[-51.143,-20.855],[-51.135,-20.794],[-51.168,-20.723],[-51.199,-20.686],[-51.2,-20.651],[-51.233,-20.646],[-51.315,-20.674],[-51.343,-20.682],[-51.372,-20.69],[-51.419,-20.681],[-51.448,-20.771],[-51.452,-20.891],[-51.477,-20.968],[-51.466,-20.995],[-51.476,-21.05],[-51.444,-21.081],[-51.402,-21.075]]]}},{"type":"Feature","properties":{"code":"3509502"},"geometry":{"type":"Polygon","coordinates":[[[-47.233,-23.007],[-47.205,-23.032],[-47.182,-23.03],[-47.109,-23.061],[-47.088,-23.055],[-47.049,-23.051],[-47.072,-23.023],[-47.064,-22.992],[-47.029,-22.97],[-46.992,-22.928],[-46.982,-22.904],[-46.951,-22.91],[-46.94,-22.928],[-46.879,-22.927],[-46.879,-22.927],[-46.851,-22.877],[-46.858,-22.836],[-46.891,-22.817],[-46.905,-22.763],[-46.957,-22.729],[-46.967,-22.745],[-47.069,-22.73],[-47.101,-22.75],[-47.095,-22.78],[-47.12,-22.81],[-47.164,-22.805],[-47.158,-22.861],[-47.157,-22.888],[-47.179,-22.912],[-47.247,-22.91],[-47.202,-22.93],[-47.207,-22.995],[-47.233,-23.007]]]}},{"type":"Feature","properties":{"code":"3509452"},"geometry":{"type":"Polygon","coordinates":[[[-48.371,-23.631],[-48.397,-23.618],[-48.398,-23.577],[-48.414,-23.535],[-48.469,-23.529],[-48.52,-23.509],[-48.535,-23.541],[-48.506,-23.549],[-48.479,-23.609],[-48.478,-23.647],[-48.408,-23.715],[-48.367,-23.673],[-48.371,-23.631]]]}},{"type":"Feature","properties":{"code":"3534104"},"geometry":{"type":"Polygon","coordinates":[[[-50.15,-22.261],[-50.072,-22.215],[-50.041,-22.156],[-50.059,-22.124],[-50.039,-22.088],[-50.014,-22.081],[-50.004,-22.032],[-50.049,-22.045],[-50.088,-22.027],[-50.139,-22.125],[-50.135,-22.147],[-50.17,-22.191],[-50.158,-22.225],[-50.173,-22.246],[-50.15,-22.261]]]}},{"type":"Feature","properties":{"code":"3501905"},"geometry":{"type":"Polygon","coordinates":[[[-46.761,-22.848],[-46.756,-22.824],[-46.73,-22.817],[-46.708,-22.779],[-46.683,-22.737],[-46.728,-22.682],[-46.728,-22.655],[-46.743,-22.651],[-46.766,-22.604],[-46.757,-22.57],[-46.798,-22.541],[-46.833,-22.579],[-46.869,-22.584],[-46.864,-22.602],[-46.899,-22.628],[-46.898,-22.657],[-46.931,-22.682],[-46.887,-22.686],[-46.885,-22.716],[-46.864,-22.728],[-46.835,-22.776],[-46.837,-22.843],[-46.798,-22.834],[-46.761,-22.848]]]}},{"type":"Feature","properties":{"code":"3525904"},"geometry":{"type":"Polygon","coordinates":[[[-46.808,-23.255],[-46.849,-23.24],[-46.854,-23.211],[-46.825,-23.182],[-46.799,-23.188],[-46.786,-23.153],[-46.808,-23.139],[-46.793,-23.103],[-46.847,-23.098],[-46.865,-23.076],[-46.878,-23.092],[-46.939,-23.096],[-46.947,-23.111],[-46.997,-23.117],[-47.024,-23.151],[-47.015,-23.182],[-47.029,-23.204],[-47.028,-23.237],[-47.014,-23.264],[-46.97,-23.26],[-46.972,-23.301],[-46.959,-23.327],[-46.938,-23.322],[-46.902,-23.308],[-46.867,-23.278],[-46.838,-23.288],[-46.814,-23.282],[-46.803,-23.257],[-46.808,-23.255]]]}},{"type":"Feature","properties":{"code":"3517703"},"geometry":{"type":"Polygon","coordinates":[[[-47.743,-20.596],[-47.712,-20.559],[-47.645,-20.515],[-47.627,-20.48],[-47.634,-20.467],[-47.698,-20.455],[-47.744,-20.434],[-47.802,-20.392],[-47.891,-20.391],[-47.914,-20.416],[-47.917,-20.434],[-47.881,-20.435],[-47.857,-20.49],[-47.858,-20.511],[-47.837,-20.535],[-47.809,-20.543],[-47.788,-20.581],[-47.743,-20.596]]]}},{"type":"Feature","properties":{"code":"3550407"},"geometry":{"type":"Polygon","coordinates":[[[-48.071,-22.644],[-47.971,-22.667],[-47.92,-22.669],[-47.88,-22.648],[-47.821,-22.674],[-47.802,-22.666],[-47.801,-22.635],[-47.782,-22.598],[-47.803,-22.582],[-47.824,-22.539],[-47.81,-22.499],[-47.787,-22.474],[-47.793,-22.448],[-47.813,-22.457],[-47.857,-22.431],[-47.916,-22.425],[-47.954,-22.444],[-47.994,-22.477],[-47.995,-22.494],[-48.041,-22.506],[-48.059,-22.513],[-48.069,-22.593],[-48.081,-22.619],[-48.071,-22.644]],[[-47.883,-22.588],[-47.863,-22.604],[-47.882,-22.602],[-47.883,-22.588]]]}},{"type":"Feature","properties":{"code":"3502002"},"geometry":{"type":"Polygon","coordinates":[[[-47.8,-22.128],[-47.76,-22.163],[-47.76,-22.184],[-47.731,-22.203],[-47.713,-22.24],[-47.707,-22.211],[-47.675,-22.194],[-47.599,-22.179],[-47.59,-22.152],[-47.55,-22.151],[-47.578,-22.089],[-47.627,-22.044],[-47.658,-22.052],[-47.676,-22.014],[-47.726,-22.041],[-47.744,-22.055],[-47.752,-22.089],[-47.789,-22.098],[-47.8,-22.128]]]}},{"type":"Feature","properties":{"code":"3533908"},"geometry":{"type":"Polygon","coordinates":[[[-49.078,-20.811],[-49.064,-20.812],[-49.022,-20.851],[-48.984,-20.849],[-48.949,-20.869],[-48.92,-20.813],[-48.892,-20.824],[-48.842,-20.772],[-48.821,-20.772],[-48.812,-20.74],[-48.792,-20.725],[-48.787,-20.689],[-48.805,-20.653],[-48.841,-20.652],[-48.846,-20.625],[-48.831,-20.571],[-48.852,-20.545],[-48.883,-20.546],[-48.958,-20.576],[-48.99,-20.582],[-49.015,-20.65],[-49.05,-20.628],[-49.081,-20.623],[-49.088,-20.602],[-49.119,-20.604],[-49.125,-20.637],[-49.108,-20.65],[-49.129,-20.676],[-49.118,-20.74],[-49.099,-20.748],[-49.093,-20.787],[-49.078,-20.811]]]}},{"type":"Feature","properties":{"code":"3550506"},"geometry":{"type":"Polygon","coordinates":[[[-49.886,-22.814],[-49.884,-22.838],[-49.814,-22.855],[-49.779,-22.877],[-49.772,-22.836],[-49.745,-22.792],[-49.682,-22.767],[-49.645,-22.76],[-49.607,-22.71],[-49.599,-22.665],[-49.625,-22.65],[-49.631,-22.624],[-49.688,-22.601],[-49.707,-22.619],[-49.736,-22.588],[-49.748,-22.54],[-49.772,-22.501],[-49.818,-22.526],[-49.849,-22.523],[-49.885,-22.506],[-49.888,-22.526],[-49.891,-22.655],[-49.902,-22.667],[-49.892,-22.699],[-49.848,-22.73],[-49.837,-22.763],[-49.866,-22.803],[-49.886,-22.814]]]}},{"type":"Feature","properties":{"code":"3525706"},"geometry":{"type":"Polygon","coordinates":[[[-49.992,-21.227],[-49.915,-21.238],[-49.856,-21.26],[-49.828,-21.242],[-49.811,-21.203],[-49.789,-21.209],[-49.764,-21.154],[-49.736,-21.135],[-49.66,-21.135],[-49.661,-21.161],[-49.618,-21.128],[-49.582,-21.118],[-49.562,-21.062],[-49.557,-21.025],[-49.604,-21.022],[-49.604,-21.002],[-49.635,-20.972],[-49.696,-20.966],[-49.726,-20.932],[-49.766,-20.941],[-49.792,-20.934],[-49.827,-20.954],[-49.859,-21.005],[-49.862,-21.03],[-49.897,-21.066],[-49.925,-21.076],[-49.96,-21.133],[-49.992,-21.227]]]}},{"type":"Feature","properties":{"code":"3534005"},"geometry":{"type":"Polygon","coordinates":[[[-49.352,-20.635],[-49.345,-20.663],[-49.293,-20.685],[-49.267,-20.68],[-49.221,-20.679],[-49.179,-20.662],[-49.131,-20.595],[-49.158,-20.574],[-49.176,-20.546],[-49.2,-20.536],[-49.248,-20.566],[-49.299,-20.582],[-49.34,-20.608],[-49.364,-20.606],[-49.352,-20.635]]]}},{"type":"Feature","properties":{"code":"3542305"},"geometry":{"type":"Polygon","coordinates":[[[-45.566,-23.332],[-45.55,-23.339],[-45.513,-23.318],[-45.468,-23.312],[-45.445,-23.293],[-45.382,-23.288],[-45.382,-23.262],[-45.417,-23.253],[-45.425,-23.225],[-45.395,-23.201],[-45.397,-23.18],[-45.426,-23.206],[-45.467,-23.225],[-45.504,-23.219],[-45.522,-23.176],[-45.568,-23.16],[-45.588,-23.179],[-45.609,-23.163],[-45.641,-23.196],[-45.612,-23.247],[-45.646,-23.291],[-45.566,-23.332]]]}},{"type":"Feature","properties":{"code":"3501301"},"geometry":{"type":"Polygon","coordinates":[[[-51.621,-22.285],[-51.6,-22.281],[-51.57,-22.261],[-51.513,-22.251],[-51.476,-22.198],[-51.484,-22.124],[-51.448,-22.112],[-51.439,-22.087],[-51.412,-22.067],[-51.418,-22.046],[-51.393,-22.001],[-51.422,-22.0],[-51.468,-21.959],[-51.475,-21.952],[-51.528,-22.09],[-51.565,-22.107],[-51.578,-22.135],[-51.605,-22.152],[-51.621,-22.285]]]}},{"type":"Feature","properties":{"code":"3525805"},"geometry":{"type":"Polygon","coordinates":[[[-49.882,-21.97],[-49.854,-21.991],[-49.814,-22.003],[-49.768,-22.047],[-49.741,-22.026],[-49.755,-22.009],[-49.734,-21.941],[-49.772,-21.927],[-49.809,-21.89],[-49.828,-21.919],[-49.827,-21.946],[-49.882,-21.97]]]}},{"type":"Feature","properties":{"code":"3517604"},"geometry":{"type":"Polygon","coordinates":[[[-48.431,-24.264],[-48.448,-24.215],[-48.421,-24.18],[-48.475,-24.16],[-48.569,-24.091],[-48.597,-24.09],[-48.646,-24.117],[-48.661,-24.143],[-48.626,-24.198],[-48.65,-24.238],[-48.634,-24.307],[-48.645,-24.332],[-48.605,-24.332],[-48.556,-24.287],[-48.535,-24.32],[-48.476,-24.29],[-48.452,-24.263],[-48.431,-24.264]]]}},{"type":"Feature","properties":{"code":"3550308"},"geometry":{"type":"Polygon","coordinates":[[[-46.806,-23.94],[-46.789,-23.941],[-46.742,-23.992],[-46.691,-23.985],[-46.65,-24.002],[-46.612,-23.969],[-46.607,-23.954],[-46.616,-23.863],[-46.632,-23.851],[-46.621,-23.785],[-46.654,-23.73],[-46.618,-23.712],[-46.632,-23.697],[-46.617,-23.658],[-46.583,-23.641],[-46.579,-23.604],[-46.548,-23.606],[-46.506,-23.626],[-46.485,-23.623],[-46.472,-23.639],[-46.415,-23.639],[-46.395,-23.612],[-46.383,-23.599],[-46.395,-23.532],[-46.366,-23.512],[-46.387,-23.475],[-46.412,-23.47],[-46.461,-23.483],[-46.494,-23.477],[-46.562,-23.5],[-46.571,-23.459],[-46.567,-23.416],[-46.536,-23.364],[-46.554,-23.362],[-46.601,-23.389],[-46.612,-23.417],[-46.655,-23.431],[-46.67,-23.418],[-46.7,-23.423],[-46.736,-23.388],[-46.823,-23.401],[-46.823,-23.422],[-46.8,-23.47],[-46.799,-23.471],[-46.776,-23.466],[-46.76,-23.555],[-46.806,-23.588],[-46.808,-23.609],[-46.751,-23.604],[-46.793,-23.647],[-46.801,-23.686],[-46.796,-23.739],[-46.777,-23.767],[-46.801,-23.802],[-46.763,-23.827],[-46.776,-23.856],[-46.777,-23.893],[-46.804,-23.892],[-46.811,-23.92],[-46.806,-23.94]]]}},{"type":"Feature","properties":{"code":"3509403"},"geometry":{"type":"Polygon","coordinates":[[[-47.241,-21.443],[-47.215,-21.427],[-47.192,-21.348],[-47.227,-21.341],[-47.212,-21.292],[-47.232,-21.267],[-47.2,-21.259],[-47.19,-21.212],[-47.223,-21.201],[-47.244,-21.159],[-47.283,-21.138],[-47.309,-21.102],[-47.35,-21.136],[-47.389,-21.138],[-47.429,-21.154],[-47.472,-21.183],[-47.478,-21.205],[-47.452,-21.222],[-47.421,-21.224],[-47.404,-21.21],[-47.379,-21.255],[-47.368,-21.294],[-47.415,-21.343],[-47.38,-21.395],[-47.333,-21.415],[-47.298,-21.448],[-47.264,-21.451],[-47.241,-21.443]]]}},{"type":"Feature","properties":{"code":"3542107"},"geometry":{"type":"Polygon","coordinates":[[[-47.509,-23.092],[-47.53,-23.052],[-47.52,-23.021],[-47.531,-23.004],[-47.576,-23.017],[-47.623,-22.994],[-47.66,-22.997],[-47.66,-23.031],[-47.629,-23.044],[-47.609,-23.099],[-47.562,-23.091],[-47.529,-23.101],[-47.509,-23.092]]]}},{"type":"Feature","properties":{"code":"3534302"},"geometry":{"type":"Polygon","coordinates":[[[-47.989,-20.617],[-47.972,-20.683],[-47.981,-20.727],[-47.965,-20.78],[-47.962,-20.814],[-47.899,-20.796],[-47.867,-20.758],[-47.825,-20.745],[-47.809,-20.706],[-47.832,-20.683],[-47.801,-20.644],[-47.807,-20.613],[-47.881,-20.647],[-47.929,-20.613],[-47.931,-20.587],[-47.989,-20.617]]]}},{"type":"Feature","properties":{"code":"3542206"},"geometry":{"type":"Polygon","coordinates":[[[-51.1,-22.486],[-51.063,-22.474],[-51.028,-22.48],[-51.032,-22.512],[-50.986,-22.518],[-50.973,-22.544],[-50.962,-22.633],[-50.945,-22.675],[-50.906,-22.638],[-50.888,-22.656],[-50.828,-22.645],[-50.846,-22.618],[-50.842,-22.55],[-50.857,-22.53],[-50.831,-22.484],[-50.844,-22.447],[-50.83,-22.428],[-50.88,-22.421],[-50.922,-22.445],[-50.934,-22.427],[-50.906,-22.348],[-50.843,-22.342],[-50.859,-22.282],[-50.838,-22.239],[-50.823,-22.239],[-50.751,-22.058],[-50.706,-22.022],[-50.705,-22.022],[-50.71,-22.015],[-50.78,-22.003],[-50.865,-21.969],[-50.938,-21.951],[-50.974,-21.978],[-50.973,-22.044],[-51.001,-22.082],[-51.005,-22.141],[-51.035,-22.156],[-51.047,-22.2],[-51.04,-22.22],[-51.078,-22.258],[-51.072,-22.323],[-51.086,-22.349],[-51.111,-22.358],[-51.1,-22.39],[-51.104,-22.451],[-51.1,-22.486]]]}},{"type":"Feature","properties":{"code":"3526100"},"geometry":{"type":"Polygon","coordinates":[[[-47.558,-24.368],[-47.575,-24.268],[-47.549,-24.227],[-47.565,-24.185],[-47.526,-24.162],[-47.516,-24.144],[-47.482,-24.129],[-47.477,-24.081],[-47.499,-24.053],[-47.563,-24.04],[-47.584,-24.076],[-47.62,-24.105],[-47.636,-24.101],[-47.614,-24.045],[-47.637,-24.038],[-47.68,-24.045],[-47.734,-24.099],[-47.722,-24.113],[-47.773,-24.134],[-47.78,-24.141],[-47.777,-24.204],[-47.762,-24.224],[-47.761,-24.263],[-47.8,-24.352],[-47.779,-24.356],[-47.755,-24.383],[-47.717,-24.398],[-47.684,-24.379],[-47.658,-24.38],[-47.583,-24.366],[-47.558,-24.368]]]}},{"type":"Feature","properties":{"code":"3534401"},"geometry":{"type":"Polygon","coordinates":[[[-46.808,-23.609],[-46.806,-23.588],[-46.76,-23.555],[-46.776,-23.466],[-46.799,-23.471],[-46.818,-23.52],[-46.817,-23.582],[-46.808,-23.609]]]}},{"type":"Feature","properties":{"code":"3526209"},"geometry":{"type":"Polygon","coordinates":[[[-47.127,-24.009],[-47.092,-24.016],[-47.056,-24.01],[-47.027,-24.052],[-46.976,-24.064],[-46.946,-24.04],[-46.9,-24.044],[-46.868,-24.02],[-46.883,-23.985],[-46.806,-23.94],[-46.811,-23.92],[-46.859,-23.938],[-46.912,-23.934],[-46.951,-23.922],[-46.972,-23.888],[-47.029,-23.846],[-47.084,-23.845],[-47.129,-23.861],[-47.142,-23.911],[-47.159,-23.935],[-47.184,-23.93],[-47.206,-23.961],[-47.2,-24.001],[-47.127,-24.009]]]}},{"type":"Feature","properties":{"code":"3517901"},"geometry":{"type":"Polygon","coordinates":[[[-48.852,-20.545],[-48.887,-20.49],[-48.886,-20.437],[-48.904,-20.439],[-48.963,-20.403],[-48.966,-20.279],[-48.972,-20.208],[-48.986,-20.171],[-49.033,-20.15],[-49.066,-20.154],[-49.089,-20.212],[-49.121,-20.27],[-49.094,-20.29],[-49.09,-20.338],[-49.075,-20.356],[-49.089,-20.419],[-49.087,-20.439],[-49.054,-20.457],[-49.039,-20.488],[-49.011,-20.512],[-49.015,-20.57],[-48.99,-20.582],[-48.958,-20.576],[-48.883,-20.546],[-48.852,-20.545]]]}},{"type":"Feature","properties":{"code":"3518008"},"geometry":{"type":"Polygon","coordinates":[[[-50.389,-20.106],[-50.328,-20.105],[-50.309,-20.089],[-50.285,-20.064],[-50.295,-20.017],[-50.332,-20.036],[-50.363,-20.033],[-50.377,-20.056],[-50.423,-20.055],[-50.394,-20.104],[-50.389,-20.106]]]}},{"type":"Feature","properties":{"code":"3501152"},"geometry":{"type":"Polygon","coordinates":[[[-47.277,-23.597],[-47.264,-23.57],[-47.24,-23.561],[-47.23,-23.513],[-47.252,-23.508],[-47.282,-23.477],[-47.317,-23.463],[-47.324,-23.514],[-47.303,-23.524],[-47.307,-23.561],[-47.297,-23.604],[-47.277,-23.597]]]}},{"type":"Feature","properties":{"code":"3550704"},"geometry":{"type":"Polygon","coordinates":[[[-45.842,-23.758],[-45.792,-23.769],[-45.763,-23.763],[-45.664,-23.779],[-45.624,-23.796],[-45.555,-23.795],[-45.533,-23.823],[-45.502,-23.841],[-45.465,-23.819],[-45.431,-23.832],[-45.396,-23.808],[-45.397,-23.781],[-45.427,-23.708],[-45.452,-23.725],[-45.507,-23.73],[-45.531,-23.756],[-45.576,-23.726],[-45.618,-23.719],[-45.68,-23.723],[-45.664,-23.699],[-45.679,-23.667],[-45.72,-23.649],[-45.742,-23.668],[-45.796,-23.683],[-45.795,-23.716],[-45.842,-23.758]]]}},{"type":"Feature","properties":{"code":"3534203"},"geometry":{"type":"Polygon","coordinates":[[[-49.306,-20.117],[-49.333,-20.12],[-49.377,-20.145],[-49.45,-20.129],[-49.443,-20.159],[-49.46,-20.186],[-49.458,-20.218],[-49.425,-20.217],[-49.402,-20.24],[-49.349,-20.251],[-49.307,-20.302],[-49.308,-20.311],[-49.278,-20.267],[-49.26,-20.259],[-49.265,-20.23],[-49.299,-20.167],[-49.306,-20.117]]]}},{"type":"Feature","properties":{"code":"3509809"},"geometry":{"type":"Polygon","coordinates":[[[-49.902,-22.667],[-49.891,-22.655],[-49.888,-22.526],[-49.926,-22.541],[-49.963,-22.524],[-49.982,-22.53],[-49.999,-22.498],[-50.027,-22.511],[-50.061,-22.499],[-50.069,-22.493],[-50.088,-22.491],[-50.119,-22.559],[-50.139,-22.574],[-50.101,-22.61],[-50.092,-22.642],[-50.106,-22.681],[-50.079,-22.692],[-50.023,-22.75],[-50.01,-22.784],[-50.001,-22.772],[-49.974,-22.688],[-49.902,-22.667]]]}},{"type":"Feature","properties":{"code":"3542503"},"geometry":{"type":"Polygon","coordinates":[[[-49.213,-21.671],[-49.189,-21.712],[-49.2,-21.737],[-49.185,-21.771],[-49.225,-21.86],[-49.262,-21.883],[-49.25,-21.921],[-49.239,-22.02],[-49.25,-22.044],[-49.21,-22.059],[-49.161,-22.066],[-49.131,-22.062],[-49.134,-22.05],[-49.118,-21.999],[-49.142,-21.947],[-49.123,-21.922],[-49.152,-21.86],[-49.151,-21.829],[-49.129,-21.776],[-49.105,-21.751],[-49.151,-21.685],[-49.164,-21.647],[-49.206,-21.654],[-49.213,-21.671]]]}},{"type":"Feature","properties":{"code":"3526001"},"geometry":{"type":"Polygon","coordinates":[[[-51.537,-21.684],[-51.512,-21.702],[-51.495,-21.709],[-51.414,-21.643],[-51.417,-21.614],[-51.384,-21.571],[-51.396,-21.552],[-51.359,-21.459],[-51.356,-21.415],[-51.364,-21.37],[-51.335,-21.334],[-51.328,-21.292],[-51.385,-21.284],[-51.434,-21.246],[-51.486,-21.233],[-51.496,-21.22],[-51.491,-21.24],[-51.498,-21.312],[-51.492,-21.369],[-51.483,-21.38],[-51.485,-21.427],[-51.485,-21.505],[-51.476,-21.516],[-51.508,-21.59],[-51.495,-21.636],[-51.537,-21.684]]]}},{"type":"Feature","properties":{"code":"3517802"},"geometry":{"type":"Polygon","coordinates":[[[-51.486,-21.233],[-51.434,-21.246],[-51.385,-21.284],[-51.328,-21.292],[-51.311,-21.245],[-51.307,-21.172],[-51.267,-21.148],[-51.249,-21.105],[-51.207,-21.093],[-51.168,-21.041],[-51.135,-21.035],[-51.117,-20.989],[-51.13,-20.945],[-51.143,-20.855],[-51.188,-20.864],[-51.227,-20.849],[-51.242,-20.858],[-51.217,-20.901],[-51.198,-20.95],[-51.227,-20.982],[-51.266,-21.041],[-51.297,-21.041],[-51.32,-21.065],[-51.33,-21.111],[-51.376,-21.116],[-51.405,-21.135],[-51.422,-21.173],[-51.479,-21.209],[-51.486,-21.233]]]}},{"type":"Feature","properties":{"code":"3501202"},"geometry":{"type":"Polygon","coordinates":[[[-49.803,-20.385],[-49.81,-20.366],[-49.852,-20.353],[-49.867,-20.297],[-49.847,-20.246],[-49.843,-20.212],[-49.812,-20.195],[-49.827,-20.187],[-49.881,-20.198],[-49.921,-20.215],[-49.942,-20.175],[-49.992,-20.186],[-50.028,-20.182],[-50.013,-20.204],[-50.016,-20.239],[-50.002,-20.279],[-50.008,-20.332],[-49.952,-20.36],[-49.938,-20.391],[-49.892,-20.396],[-49.852,-20.417],[-49.803,-20.385]]]}},{"type":"Feature","properties":{"code":"3509601"},"geometry":{"type":"Polygon","coordinates":[[[-46.784,-23.265],[-46.744,-23.25],[-46.704,-23.252],[-46.711,-23.212],[-46.715,-23.192],[-46.773,-23.175],[-46.786,-23.153],[-46.799,-23.188],[-46.797,-23.224],[-46.808,-23.255],[-46.803,-23.257],[-46.784,-23.265]]]}},{"type":"Feature","properties":{"code":"3509700"},"geometry":{"type":"Polygon","coordinates":[[[-45.614,-22.797],[-45.579,-22.777],[-45.542,-22.769],[-45.476,-22.72],[-45.439,-22.703],[-45.4,-22.654],[-45.42,-22.621],[-45.48,-22.59],[-45.489,-22.629],[-45.525,-22.647],[-45.58,-22.653],[-45.631,-22.731],[-45.659,-22.738],[-45.676,-22.788],[-45.614,-22.797]]]}},{"type":"Feature","properties":{"code":"3542404"},"geometry":{"type":"Polygon","coordinates":[[[-51.23,-22.221],[-51.268,-22.206],[-51.287,-22.16],[-51.316,-22.129],[-51.325,-22.152],[-51.359,-22.177],[-51.371,-22.198],[-51.399,-22.203],[-51.356,-22.259],[-51.346,-22.3],[-51.352,-22.324],[-51.257,-22.332],[-51.219,-22.356],[-51.206,-22.265],[-51.23,-22.221]]]}},{"type":"Feature","properties":{"code":"3501608"},"geometry":{"type":"Polygon","coordinates":[[[-47.388,-22.699],[-47.355,-22.735],[-47.351,-22.785],[-47.288,-22.754],[-47.268,-22.767],[-47.211,-22.743],[-47.194,-22.73],[-47.204,-22.698],[-47.279,-22.663],[-47.335,-22.713],[-47.36,-22.688],[-47.388,-22.699]]]}},{"type":"Feature","properties":{"code":"3550605"},"geometry":{"type":"Polygon","coordinates":[[[-47.081,-23.653],[-47.059,-23.628],[-47.028,-23.581],[-46.992,-23.529],[-46.995,-23.507],[-46.997,-23.507],[-47.044,-23.516],[-47.067,-23.478],[-47.121,-23.481],[-47.141,-23.448],[-47.138,-23.412],[-47.187,-23.418],[-47.176,-23.445],[-47.187,-23.483],[-47.158,-23.54],[-47.183,-23.602],[-47.205,-23.617],[-47.179,-23.641],[-47.139,-23.639],[-47.081,-23.653]]]}},{"type":"Feature","properties":{"code":"3533601"},"geometry":{"type":"Polygon","coordinates":[[[-47.612,-20.7],[-47.639,-20.671],[-47.714,-20.626],[-47.743,-20.596],[-47.788,-20.581],[-47.807,-20.613],[-47.801,-20.644],[-47.832,-20.683],[-47.809,-20.706],[-47.825,-20.745],[-47.788,-20.75],[-47.781,-20.779],[-47.755,-20.787],[-47.718,-20.815],[-47.663,-20.82],[-47.65,-20.771],[-47.651,-20.721],[-47.612,-20.7]]]}},{"type":"Feature","properties":{"code":"3549953"},"geometry":{"type":"Polygon","coordinates":[[[-46.912,-23.934],[-46.889,-23.901],[-46.861,-23.886],[-46.849,-23.863],[-46.886,-23.841],[-46.875,-23.798],[-46.936,-23.774],[-46.989,-23.801],[-47.017,-23.818],[-47.029,-23.846],[-46.972,-23.888],[-46.951,-23.922],[-46.912,-23.934]]]}},{"type":"Feature","properties":{"code":"3525409"},"geometry":{"type":"Polygon","coordinates":[[[-47.529,-20.391],[-47.504,-20.36],[-47.498,-20.316],[-47.594,-20.288],[-47.611,-20.277],[-47.645,-20.288],[-47.618,-20.363],[-47.626,-20.407],[-47.595,-20.393],[-47.529,-20.391]]]}},{"type":"Feature","properties":{"code":"3501400"},"geometry":{"type":"Polygon","coordinates":[[[-49.696,-22.044],[-49.741,-22.026],[-49.768,-22.047],[-49.82,-22.064],[-49.849,-22.097],[-49.825,-22.113],[-49.761,-22.11],[-49.707,-22.142],[-49.646,-22.123],[-49.634,-22.076],[-49.696,-22.044]]]}},{"type":"Feature","properties":{"code":"3501509"},"geometry":{"type":"Polygon","coordinates":[[[-49.736,-22.382],[-49.773,-22.43],[-49.796,-22.438],[-49.818,-22.526],[-49.772,-22.501],[-49.72,-22.462],[-49.704,-22.439],[-49.703,-22.422],[-49.729,-22.377],[-49.736,-22.382]]]}},{"type":"Feature","properties":{"code":"3517208"},"geometry":{"type":"Polygon","coordinates":[[[-49.913,-21.706],[-49.869,-21.741],[-49.833,-21.7],[-49.788,-21.694],[-49.79,-21.651],[-49.765,-21.622],[-49.727,-21.604],[-49.73,-21.589],[-49.687,-21.523],[-49.633,-21.489],[-49.637,-21.46],[-49.67,-21.436],[-49.696,-21.402],[-49.697,-21.363],[-49.714,-21.375],[-49.716,-21.452],[-49.706,-21.466],[-49.741,-21.507],[-49.762,-21.553],[-49.814,-21.559],[-49.843,-21.618],[-49.85,-21.675],[-49.895,-21.682],[-49.913,-21.706]]]}},{"type":"Feature","properties":{"code":"3549904"},"geometry":{"type":"Polygon","coordinates":[[[-45.794,-23.292],[-45.777,-23.264],[-45.721,-23.238],[-45.751,-23.193],[-45.76,-23.129],[-45.784,-23.112],[-45.842,-23.041],[-45.891,-23.012],[-45.929,-23.013],[-45.881,-22.965],[-45.895,-22.94],[-45.864,-22.893],[-45.871,-22.872],[-45.887,-22.872],[-45.909,-22.83],[-45.956,-22.85],[-46.008,-22.89],[-46.051,-22.897],[-46.041,-22.914],[-46.052,-22.968],[-46.08,-22.984],[-46.079,-23.021],[-46.096,-23.084],[-46.108,-23.098],[-46.091,-23.143],[-46.099,-23.161],[-46.075,-23.181],[-46.02,-23.203],[-45.998,-23.187],[-45.956,-23.204],[-45.966,-23.235],[-45.954,-23.256],[-45.921,-23.263],[-45.904,-23.295],[-45.847,-23.307],[-45.835,-23.294],[-45.794,-23.292]]]}},{"type":"Feature","properties":{"code":"3509007"},"geometry":{"type":"Polygon","coordinates":[[[-46.823,-23.401],[-46.736,-23.388],[-46.7,-23.423],[-46.67,-23.418],[-46.655,-23.395],[-46.67,-23.363],[-46.691,-23.368],[-46.781,-23.349],[-46.824,-23.331],[-46.823,-23.401]]]}},{"type":"Feature","properties":{"code":"3533403"},"geometry":{"type":"Polygon","coordinates":[[[-47.358,-22.817],[-47.304,-22.822],[-47.283,-22.801],[-47.211,-22.795],[-47.211,-22.743],[-47.268,-22.767],[-47.288,-22.754],[-47.351,-22.785],[-47.358,-22.817]]]}},{"type":"Feature","properties":{"code":"3541703"},"geometry":{"type":"Polygon","coordinates":[[[-50.706,-22.022],[-50.705,-22.044],[-50.725,-22.091],[-50.71,-22.139],[-50.725,-22.167],[-50.729,-22.236],[-50.717,-22.25],[-50.759,-22.303],[-50.77,-22.35],[-50.764,-22.387],[-50.786,-22.411],[-50.783,-22.435],[-50.753,-22.433],[-50.695,-22.4],[-50.696,-22.371],[-50.681,-22.294],[-50.646,-22.312],[-50.621,-22.294],[-50.57,-22.304],[-50.559,-22.295],[-50.552,-22.233],[-50.524,-22.22],[-50.485,-22.152],[-50.511,-22.136],[-50.521,-22.111],[-50.547,-22.087],[-50.655,-22.035],[-50.705,-22.022],[-50.706,-22.022]]]}},{"type":"Feature","properties":{"code":"3550001"},"geometry":{"type":"Polygon","coordinates":[[[-45.382,-23.288],[-45.348,-23.303],[-45.328,-23.326],[-45.278,-23.319],[-45.227,-23.332],[-45.196,-23.325],[-45.204,-23.396],[-45.175,-23.395],[-45.144,-23.366],[-45.073,-23.35],[-45.079,-23.308],[-45.124,-23.316],[-45.1,-23.246],[-45.141,-23.217],[-45.146,-23.186],[-45.185,-23.198],[-45.198,-23.172],[-45.23,-23.157],[-45.227,-23.128],[-45.268,-23.121],[-45.273,-23.093],[-45.3,-23.091],[-45.328,-23.085],[-45.347,-23.125],[-45.397,-23.18],[-45.395,-23.201],[-45.425,-23.225],[-45.417,-23.253],[-45.382,-23.262],[-45.382,-23.288]]]}},{"type":"Feature","properties":{"code":"3525201"},"geometry":{"type":"Polygon","coordinates":[[[-46.711,-23.212],[-46.67,-23.207],[-46.654,-23.164],[-46.67,-23.142],[-46.686,-23.067],[-46.676,-23.041],[-46.696,-23.011],[-46.716,-22.977],[-46.761,-23.002],[-46.732,-23.014],[-46.728,-23.039],[-46.766,-23.099],[-46.793,-23.103],[-46.808,-23.139],[-46.786,-23.153],[-46.773,-23.175],[-46.715,-23.192],[-46.711,-23.212]]]}},{"type":"Feature","properties":{"code":"3533502"},"geometry":{"type":"Polygon","coordinates":[[[-49.213,-21.671],[-49.241,-21.624],[-49.188,-21.596],[-49.156,-21.556],[-49.15,-21.53],[-49.082,-21.465],[-49.068,-21.436],[-49.081,-21.408],[-49.172,-21.412],[-49.186,-21.364],[-49.22,-21.357],[-49.234,-21.324],[-49.229,-21.315],[-49.271,-21.286],[-49.285,-21.289],[-49.321,-21.315],[-49.329,-21.35],[-49.367,-21.348],[-49.396,-21.372],[-49.422,-21.387],[-49.434,-21.416],[-49.467,-21.44],[-49.522,-21.448],[-49.547,-21.423],[-49.484,-21.503],[-49.446,-21.524],[-49.412,-21.544],[-49.379,-21.535],[-49.328,-21.559],[-49.312,-21.617],[-49.273,-21.659],[-49.239,-21.671],[-49.213,-21.671]]]}},{"type":"Feature","properties":{"code":"3541802"},"geometry":{"type":"Polygon","coordinates":[[[-50.128,-21.817],[-50.153,-21.786],[-50.259,-21.738],[-50.273,-21.709],[-50.309,-21.715],[-50.329,-21.755],[-50.338,-21.806],[-50.309,-21.853],[-50.27,-21.842],[-50.25,-21.883],[-50.223,-21.861],[-50.159,-21.858],[-50.128,-21.817]]]}},{"type":"Feature","properties":{"code":"3517000"},"geometry":{"type":"Polygon","coordinates":[[[-50.06,-21.875],[-50.016,-21.909],[-50.011,-21.925],[-49.967,-21.94],[-49.947,-21.903],[-49.915,-21.873],[-49.897,-21.871],[-49.866,-21.825],[-49.839,-21.761],[-49.869,-21.741],[-49.913,-21.706],[-49.944,-21.698],[-50.024,-21.701],[-50.073,-21.684],[-50.108,-21.684],[-50.159,-21.682],[-50.173,-21.695],[-50.209,-21.688],[-50.246,-21.697],[-50.273,-21.709],[-50.259,-21.738],[-50.153,-21.786],[-50.128,-21.817],[-50.06,-21.875]]]}},{"type":"Feature","properties":{"code":"3525300"},"geometry":{"type":"Polygon","coordinates":[[[-48.642,-22.482],[-48.602,-22.442],[-48.586,-22.412],[-48.51,-22.436],[-48.515,-22.411],[-48.489,-22.39],[-48.481,-22.356],[-48.456,-22.331],[-48.426,-22.273],[-48.394,-22.192],[-48.342,-22.181],[-48.388,-22.159],[-48.396,-22.122],[-48.418,-22.163],[-48.439,-22.157],[-48.508,-22.194],[-48.572,-22.199],[-48.633,-22.167],[-48.65,-22.165],[-48.674,-22.193],[-48.631,-22.261],[-48.7,-22.319],[-48.733,-22.317],[-48.703,-22.369],[-48.668,-22.411],[-48.664,-22.465],[-48.642,-22.482]]]}},{"type":"Feature","properties":{"code":"3517109"},"geometry":{"type":"Polygon","coordinates":[[[-50.3,-21.457],[-50.259,-21.494],[-50.234,-21.464],[-50.151,-21.418],[-50.152,-21.371],[-50.164,-21.329],[-50.141,-21.312],[-50.139,-21.208],[-50.129,-21.195],[-50.151,-21.14],[-50.157,-21.136],[-50.181,-21.184],[-50.185,-21.239],[-50.206,-21.258],[-50.205,-21.282],[-50.241,-21.312],[-50.254,-21.401],[-50.3,-21.457]]]}},{"type":"Feature","properties":{"code":"3500758"},"geometry":{"type":"Polygon","coordinates":[[[-47.91,-23.606],[-47.886,-23.608],[-47.855,-23.591],[-47.81,-23.587],[-47.79,-23.568],[-47.78,-23.532],[-47.807,-23.489],[-47.841,-23.51],[-47.967,-23.522],[-47.953,-23.554],[-47.934,-23.561],[-47.933,-23.605],[-47.91,-23.606]]]}},{"type":"Feature","properties":{"code":"3549805"},"geometry":{"type":"Polygon","coordinates":[[[-49.437,-20.879],[-49.404,-20.907],[-49.346,-20.932],[-49.317,-20.911],[-49.289,-20.875],[-49.257,-20.851],[-49.282,-20.771],[-49.267,-20.68],[-49.293,-20.685],[-49.345,-20.663],[-49.352,-20.635],[-49.347,-20.678],[-49.368,-20.723],[-49.395,-20.704],[-49.412,-20.716],[-49.461,-20.685],[-49.459,-20.732],[-49.443,-20.745],[-49.459,-20.787],[-49.433,-20.853],[-49.437,-20.879]]]}},{"type":"Feature","properties":{"code":"3508900"},"geometry":{"type":"Polygon","coordinates":[[[-51.208,-22.068],[-51.19,-22.008],[-51.172,-21.997],[-51.185,-21.956],[-51.161,-21.915],[-51.156,-21.863],[-51.182,-21.833],[-51.224,-21.829],[-51.265,-21.886],[-51.267,-21.932],[-51.289,-22.045],[-51.265,-22.067],[-51.208,-22.068]]]}},{"type":"Feature","properties":{"code":"3533809"},"geometry":{"type":"Polygon","coordinates":[[[-49.459,-22.913],[-49.457,-22.975],[-49.412,-23.052],[-49.388,-23.054],[-49.369,-22.985],[-49.319,-22.97],[-49.304,-22.953],[-49.292,-22.93],[-49.309,-22.898],[-49.37,-22.883],[-49.397,-22.882],[-49.459,-22.913]]]}},{"type":"Feature","properties":{"code":"3541604"},"geometry":{"type":"Polygon","coordinates":[[[-49.913,-21.706],[-49.895,-21.682],[-49.85,-21.675],[-49.843,-21.618],[-49.814,-21.559],[-49.762,-21.553],[-49.741,-21.507],[-49.706,-21.466],[-49.716,-21.452],[-49.714,-21.375],[-49.697,-21.363],[-49.728,-21.345],[-49.746,-21.297],[-49.769,-21.306],[-49.832,-21.275],[-49.818,-21.303],[-49.843,-21.355],[-49.869,-21.393],[-49.861,-21.43],[-49.872,-21.469],[-49.893,-21.471],[-49.909,-21.505],[-49.916,-21.558],[-49.994,-21.591],[-50.061,-21.584],[-50.1,-21.621],[-50.108,-21.684],[-50.073,-21.684],[-50.024,-21.701],[-49.944,-21.698],[-49.913,-21.706]]]}},{"type":"Feature","properties":{"code":"3525607"},"geometry":{"type":"Polygon","coordinates":[[[-50.783,-22.435],[-50.786,-22.411],[-50.764,-22.387],[-50.77,-22.35],[-50.759,-22.303],[-50.717,-22.25],[-50.729,-22.236],[-50.725,-22.167],[-50.71,-22.139],[-50.725,-22.091],[-50.705,-22.044],[-50.706,-22.022],[-50.751,-22.058],[-50.823,-22.239],[-50.838,-22.239],[-50.859,-22.282],[-50.843,-22.342],[-50.906,-22.348],[-50.934,-22.427],[-50.922,-22.445],[-50.88,-22.421],[-50.83,-22.428],[-50.783,-22.435]]]}},{"type":"Feature","properties":{"code":"3509254"},"geometry":{"type":"Polygon","coordinates":[[[-48.296,-24.801],[-48.31,-24.825],[-48.283,-24.879],[-48.264,-24.894],[-48.211,-24.907],[-48.169,-24.875],[-48.157,-24.848],[-48.13,-24.838],[-48.128,-24.796],[-48.093,-24.761],[-48.065,-24.75],[-48.048,-24.72],[-48.095,-24.686],[-48.129,-24.649],[-48.162,-24.643],[-48.226,-24.678],[-48.24,-24.697],[-48.307,-24.732],[-48.29,-24.777],[-48.296,-24.801]]]}},{"type":"Feature","properties":{"code":"3500808"},"geometry":{"type":"Polygon","coordinates":[[[-51.424,-21.877],[-51.422,-21.921],[-51.431,-21.939],[-51.464,-21.937],[-51.468,-21.959],[-51.422,-22.0],[-51.393,-22.001],[-51.368,-21.951],[-51.33,-21.917],[-51.326,-21.872],[-51.386,-21.887],[-51.424,-21.877]]]}},{"type":"Feature","properties":{"code":"3517406"},"geometry":{"type":"Polygon","coordinates":[[[-48.211,-20.455],[-48.179,-20.39],[-48.189,-20.34],[-48.15,-20.29],[-48.156,-20.236],[-48.177,-20.223],[-48.217,-20.22],[-48.228,-20.2],[-48.266,-20.208],[-48.349,-20.186],[-48.362,-20.149],[-48.431,-20.148],[-48.452,-20.126],[-48.491,-20.138],[-48.537,-20.134],[-48.593,-20.136],[-48.647,-20.167],[-48.593,-20.175],[-48.576,-20.205],[-48.52,-20.246],[-48.51,-20.299],[-48.482,-20.351],[-48.486,-20.386],[-48.478,-20.428],[-48.447,-20.46],[-48.404,-20.525],[-48.384,-20.537],[-48.352,-20.524],[-48.326,-20.532],[-48.284,-20.499],[-48.281,-20.471],[-48.211,-20.455]]]}},{"type":"Feature","properties":{"code":"3509205"},"geometry":{"type":"Polygon","coordinates":[[[-46.929,-23.388],[-46.871,-23.401],[-46.863,-23.419],[-46.823,-23.422],[-46.823,-23.401],[-46.824,-23.331],[-46.838,-23.288],[-46.867,-23.278],[-46.902,-23.308],[-46.938,-23.322],[-46.938,-23.348],[-46.902,-23.366],[-46.929,-23.388]]]}},{"type":"Feature","properties":{"code":"3517505"},"geometry":{"type":"Polygon","coordinates":[[[-49.257,-20.851],[-49.172,-20.814],[-49.142,-20.824],[-49.093,-20.787],[-49.099,-20.748],[-49.118,-20.74],[-49.129,-20.676],[-49.108,-20.65],[-49.125,-20.637],[-49.119,-20.604],[-49.131,-20.595],[-49.179,-20.662],[-49.221,-20.679],[-49.267,-20.68],[-49.282,-20.771],[-49.257,-20.851]]]}},{"type":"Feature","properties":{"code":"3541653"},"geometry":{"type":"Polygon","coordinates":[[[-48.139,-23.271],[-48.137,-23.283],[-48.081,-23.328],[-48.083,-23.373],[-48.03,-23.383],[-47.988,-23.363],[-47.959,-23.327],[-47.95,-23.279],[-47.976,-23.276],[-47.986,-23.243],[-48.009,-23.224],[-48.057,-23.233],[-48.139,-23.271]]]}},{"type":"Feature","properties":{"code":"3550209"},"geometry":{"type":"Polygon","coordinates":[[[-47.895,-24.079],[-47.857,-24.017],[-47.827,-23.988],[-47.815,-23.958],[-47.861,-23.953],[-47.877,-23.922],[-47.866,-23.88],[-47.834,-23.866],[-47.864,-23.813],[-47.866,-23.783],[-47.923,-23.793],[-47.944,-23.754],[-47.997,-23.743],[-48.029,-23.767],[-48.052,-23.756],[-48.095,-23.799],[-48.152,-23.84],[-48.208,-23.849],[-48.188,-23.857],[-48.167,-23.922],[-48.121,-23.968],[-48.125,-24.014],[-48.085,-24.008],[-48.04,-24.031],[-47.998,-24.074],[-47.98,-24.076],[-47.953,-24.12],[-47.895,-24.079]]]}},{"type":"Feature","properties":{"code":"3509304"},"geometry":{"type":"Polygon","coordinates":[[[-48.745,-20.84],[-48.797,-20.836],[-48.843,-20.843],[-48.892,-20.824],[-48.92,-20.813],[-48.949,-20.869],[-48.907,-20.892],[-48.883,-20.913],[-48.842,-20.913],[-48.796,-20.936],[-48.786,-20.934],[-48.744,-20.894],[-48.745,-20.84]]]}},{"type":"Feature","properties":{"code":"3533700"},"geometry":{"type":"Polygon","coordinates":[[[-49.885,-22.506],[-49.855,-22.429],[-49.855,-22.357],[-49.913,-22.336],[-49.982,-22.328],[-49.963,-22.4],[-49.999,-22.413],[-50.041,-22.459],[-50.031,-22.476],[-50.061,-22.499],[-50.027,-22.511],[-49.999,-22.498],[-49.982,-22.53],[-49.963,-22.524],[-49.926,-22.541],[-49.888,-22.526],[-49.885,-22.506]]]}},{"type":"Feature","properties":{"code":"3542008"},"geometry":{"type":"Polygon","coordinates":[[[-50.346,-22.189],[-50.294,-22.15],[-50.277,-22.118],[-50.288,-22.084],[-50.259,-22.056],[-50.29,-22.04],[-50.248,-21.991],[-50.285,-21.959],[-50.309,-21.977],[-50.318,-22.01],[-50.343,-22.015],[-50.345,-22.062],[-50.376,-22.064],[-50.408,-22.081],[-50.484,-22.081],[-50.521,-22.111],[-50.511,-22.136],[-50.485,-22.152],[-50.452,-22.173],[-50.394,-22.187],[-50.346,-22.189]]]}},{"type":"Feature","properties":{"code":"3525508"},"geometry":{"type":"Polygon","coordinates":[[[-46.08,-22.984],[-46.052,-22.968],[-46.041,-22.914],[-46.051,-22.897],[-46.095,-22.894],[-46.139,-22.923],[-46.141,-22.868],[-46.192,-22.865],[-46.257,-22.891],[-46.279,-22.878],[-46.345,-22.905],[-46.396,-22.945],[-46.398,-22.969],[-46.36,-22.964],[-46.34,-22.978],[-46.262,-22.997],[-46.231,-22.99],[-46.193,-23.003],[-46.087,-22.985],[-46.08,-22.984]]]}},{"type":"Feature","properties":{"code":"3517307"},"geometry":{"type":"Polygon","coordinates":[[[-49.967,-21.94],[-49.882,-21.97],[-49.827,-21.946],[-49.828,-21.919],[-49.809,-21.89],[-49.772,-21.804],[-49.839,-21.761],[-49.866,-21.825],[-49.897,-21.871],[-49.915,-21.873],[-49.947,-21.903],[-49.967,-21.94]]]}},{"type":"Feature","properties":{"code":"3500709"},"geometry":{"type":"Polygon","coordinates":[[[-49.38,-22.734],[-49.376,-22.777],[-49.347,-22.783],[-49.325,-22.764],[-49.28,-22.772],[-49.249,-22.749],[-49.227,-22.76],[-49.199,-22.724],[-49.183,-22.724],[-49.166,-22.719],[-49.151,-22.684],[-49.095,-22.667],[-49.076,-22.646],[-49.055,-22.652],[-49.016,-22.631],[-49.0,-22.577],[-49.002,-22.547],[-48.963,-22.53],[-48.932,-22.53],[-48.861,-22.484],[-48.855,-22.409],[-48.881,-22.384],[-48.915,-22.398],[-48.911,-22.338],[-48.934,-22.341],[-48.976,-22.361],[-48.996,-22.384],[-49.063,-22.402],[-49.08,-22.417],[-49.066,-22.442],[-49.081,-22.489],[-49.099,-22.508],[-49.151,-22.52],[-49.179,-22.579],[-49.239,-22.585],[-49.276,-22.596],[-49.314,-22.633],[-49.351,-22.643],[-49.34,-22.666],[-49.371,-22.707],[-49.38,-22.734]]]}},{"type":"Feature","properties":{"code":"3509106"},"geometry":{"type":"Polygon","coordinates":[[[-52.023,-21.949],[-52.003,-21.912],[-51.964,-21.907],[-51.931,-21.826],[-51.915,-21.822],[-51.888,-21.764],[-51.901,-21.73],[-51.883,-21.687],[-51.865,-21.672],[-51.843,-21.612],[-51.86,-21.581],[-51.88,-21.581],[-51.941,-21.547],[-51.977,-21.767],[-52.016,-21.802],[-52.067,-21.829],[-52.091,-21.863],[-52.126,-21.881],[-52.144,-21.998],[-52.111,-21.981],[-52.088,-21.987],[-52.059,-22.03],[-52.038,-22.027],[-52.023,-21.949]]]}},{"type":"Feature","properties":{"code":"3501004"},"geometry":{"type":"Polygon","coordinates":[[[-47.628,-21.148],[-47.611,-21.182],[-47.583,-21.173],[-47.541,-21.183],[-47.528,-21.201],[-47.502,-21.208],[-47.478,-21.205],[-47.472,-21.183],[-47.429,-21.154],[-47.389,-21.138],[-47.35,-21.136],[-47.309,-21.102],[-47.232,-21.079],[-47.254,-21.008],[-47.247,-20.987],[-47.194,-20.969],[-47.181,-20.954],[-47.24,-20.885],[-47.227,-20.857],[-47.246,-20.865],[-47.289,-20.837],[-47.327,-20.859],[-47.343,-20.83],[-47.412,-20.809],[-47.417,-20.842],[-47.407,-20.872],[-47.437,-20.918],[-47.44,-20.96],[-47.488,-20.998],[-47.503,-21.023],[-47.541,-21.035],[-47.518,-21.098],[-47.559,-21.108],[-47.628,-21.148]]]}},{"type":"Feature","properties":{"code":"3501103"},"geometry":{"type":"Polygon","coordinates":[[[-50.061,-21.584],[-50.107,-21.589],[-50.104,-21.558],[-50.145,-21.551],[-50.147,-21.528],[-50.24,-21.536],[-50.274,-21.559],[-50.296,-21.573],[-50.3,-21.625],[-50.26,-21.661],[-50.246,-21.697],[-50.209,-21.688],[-50.173,-21.695],[-50.159,-21.682],[-50.108,-21.684],[-50.1,-21.621],[-50.061,-21.584]]]}},{"type":"Feature","properties":{"code":"3533007"},"geometry":{"type":"Polygon","coordinates":[[[-49.364,-20.606],[-49.34,-20.608],[-49.299,-20.582],[-49.248,-20.566],[-49.2,-20.536],[-49.22,-20.472],[-49.228,-20.412],[-49.267,-20.421],[-49.273,-20.341],[-49.308,-20.311],[-49.307,-20.302],[-49.336,-20.319],[-49.398,-20.378],[-49.409,-20.4],[-49.398,-20.436],[-49.463,-20.501],[-49.478,-20.505],[-49.446,-20.543],[-49.364,-20.606]]]}},{"type":"Feature","properties":{"code":"3524808"},"geometry":{"type":"Polygon","coordinates":[[[-50.613,-20.376],[-50.613,-20.394],[-50.576,-20.398],[-50.542,-20.377],[-50.51,-20.395],[-50.469,-20.39],[-50.468,-20.315],[-50.481,-20.3],[-50.458,-20.274],[-50.466,-20.237],[-50.487,-20.245],[-50.516,-20.216],[-50.52,-20.176],[-50.544,-20.155],[-50.585,-20.141],[-50.611,-20.131],[-50.603,-20.162],[-50.612,-20.192],[-50.592,-20.262],[-50.619,-20.275],[-50.638,-20.313],[-50.657,-20.327],[-50.652,-20.358],[-50.613,-20.376]]]}},{"type":"Feature","properties":{"code":"3550100"},"geometry":{"type":"Polygon","coordinates":[[[-48.567,-22.853],[-48.548,-22.859],[-48.527,-22.807],[-48.501,-22.805],[-48.474,-22.773],[-48.475,-22.727],[-48.446,-22.724],[-48.411,-22.677],[-48.42,-22.663],[-48.406,-22.623],[-48.365,-22.609],[-48.385,-22.58],[-48.415,-22.555],[-48.452,-22.539],[-48.49,-22.546],[-48.516,-22.55],[-48.526,-22.574],[-48.561,-22.587],[-48.617,-22.574],[-48.645,-22.537],[-48.65,-22.589],[-48.625,-22.612],[-48.608,-22.656],[-48.644,-22.689],[-48.689,-22.694],[-48.698,-22.735],[-48.729,-22.765],[-48.666,-22.788],[-48.613,-22.779],[-48.606,-22.81],[-48.567,-22.853]]]}},{"type":"Feature","properties":{"code":"3533106"},"geometry":{"type":"Polygon","coordinates":[[[-51.678,-21.348],[-51.62,-21.356],[-51.616,-21.327],[-51.62,-21.298],[-51.653,-21.284],[-51.681,-21.303],[-51.678,-21.348]]]}},{"type":"Feature","properties":{"code":"3500907"},"geometry":{"type":"Polygon","coordinates":[[[-48.99,-20.582],[-49.015,-20.57],[-49.011,-20.512],[-49.039,-20.488],[-49.054,-20.457],[-49.087,-20.439],[-49.089,-20.419],[-49.114,-20.429],[-49.124,-20.458],[-49.176,-20.474],[-49.22,-20.472],[-49.2,-20.536],[-49.176,-20.546],[-49.158,-20.574],[-49.131,-20.595],[-49.119,-20.604],[-49.088,-20.602],[-49.081,-20.623],[-49.05,-20.628],[-49.015,-20.65],[-48.99,-20.582]]]}},{"type":"Feature","properties":{"code":"3524907"},"geometry":{"type":"Polygon","coordinates":[[[-45.782,-23.356],[-45.706,-23.338],[-45.677,-23.307],[-45.646,-23.291],[-45.612,-23.247],[-45.641,-23.196],[-45.721,-23.238],[-45.777,-23.264],[-45.794,-23.292],[-45.803,-23.329],[-45.782,-23.356]]]}},{"type":"Feature","properties":{"code":"3541901"},"geometry":{"type":"Polygon","coordinates":[[[-44.848,-22.602],[-44.816,-22.614],[-44.79,-22.587],[-44.733,-22.575],[-44.716,-22.539],[-44.688,-22.521],[-44.724,-22.476],[-44.719,-22.463],[-44.755,-22.415],[-44.809,-22.406],[-44.844,-22.428],[-44.852,-22.486],[-44.832,-22.544],[-44.852,-22.559],[-44.848,-22.602]]]}},{"type":"Feature","properties":{"code":"3516705"},"geometry":{"type":"Polygon","coordinates":[[[-49.729,-22.377],[-49.656,-22.373],[-49.633,-22.332],[-49.633,-22.306],[-49.653,-22.268],[-49.555,-22.221],[-49.53,-22.182],[-49.528,-22.152],[-49.556,-22.13],[-49.569,-22.139],[-49.634,-22.076],[-49.646,-22.123],[-49.707,-22.142],[-49.761,-22.11],[-49.825,-22.113],[-49.798,-22.177],[-49.774,-22.179],[-49.75,-22.203],[-49.757,-22.252],[-49.743,-22.293],[-49.8,-22.298],[-49.845,-22.322],[-49.855,-22.357],[-49.788,-22.351],[-49.75,-22.357],[-49.736,-22.382],[-49.729,-22.377]]]}},{"type":"Feature","properties":{"code":"3549409"},"geometry":{"type":"Polygon","coordinates":[[[-47.989,-20.617],[-47.931,-20.587],[-47.929,-20.613],[-47.881,-20.647],[-47.807,-20.613],[-47.788,-20.581],[-47.809,-20.543],[-47.837,-20.535],[-47.858,-20.511],[-47.857,-20.49],[-47.881,-20.435],[-47.917,-20.434],[-47.927,-20.465],[-48.008,-20.532],[-48.063,-20.498],[-48.134,-20.494],[-48.084,-20.585],[-48.019,-20.599],[-47.989,-20.617]]]}},{"type":"Feature","properties":{"code":"3508504"},"geometry":{"type":"Polygon","coordinates":[[[-45.842,-23.041],[-45.784,-23.112],[-45.76,-23.129],[-45.751,-23.193],[-45.721,-23.238],[-45.641,-23.196],[-45.609,-23.163],[-45.594,-23.134],[-45.629,-23.116],[-45.631,-23.081],[-45.663,-23.034],[-45.684,-23.036],[-45.713,-23.008],[-45.725,-22.969],[-45.842,-23.041]]]}},{"type":"Feature","properties":{"code":"3532900"},"geometry":{"type":"Polygon","coordinates":[[[-48.67,-21.832],[-48.658,-21.845],[-48.636,-21.836],[-48.594,-21.846],[-48.595,-21.829],[-48.539,-21.796],[-48.504,-21.794],[-48.448,-21.753],[-48.444,-21.724],[-48.479,-21.708],[-48.526,-21.716],[-48.553,-21.743],[-48.63,-21.774],[-48.648,-21.818],[-48.67,-21.832]]]}},{"type":"Feature","properties":{"code":"3541208"},"geometry":{"type":"Polygon","coordinates":[[[-51.712,-22.352],[-51.66,-22.307],[-51.621,-22.285],[-51.605,-22.152],[-51.578,-22.135],[-51.565,-22.107],[-51.528,-22.09],[-51.475,-21.952],[-51.468,-21.959],[-51.464,-21.937],[-51.431,-21.939],[-51.422,-21.921],[-51.424,-21.877],[-51.423,-21.874],[-51.444,-21.876],[-51.528,-21.866],[-51.574,-21.851],[-51.588,-21.901],[-51.56,-21.922],[-51.585,-21.971],[-51.607,-21.978],[-51.619,-22.004],[-51.657,-22.051],[-51.731,-22.099],[-51.73,-22.113],[-51.683,-22.143],[-51.64,-22.188],[-51.698,-22.193],[-51.739,-22.18],[-51.773,-22.217],[-51.754,-22.234],[-51.764,-22.275],[-51.791,-22.269],[-51.838,-22.358],[-51.786,-22.359],[-51.773,-22.322],[-51.742,-22.345],[-51.712,-22.352]]]}},{"type":"Feature","properties":{"code":"3549508"},"geometry":{"type":"Polygon","coordinates":[[[-47.598,-20.693],[-47.553,-20.587],[-47.529,-20.563],[-47.546,-20.552],[-47.553,-20.513],[-47.575,-20.514],[-47.615,-20.482],[-47.627,-20.48],[-47.645,-20.515],[-47.712,-20.559],[-47.743,-20.596],[-47.714,-20.626],[-47.639,-20.671],[-47.612,-20.7],[-47.598,-20.693]]]}},{"type":"Feature","properties":{"code":"3524709"},"geometry":{"type":"Polygon","coordinates":[[[-47.101,-22.75],[-47.069,-22.73],[-46.967,-22.745],[-46.957,-22.729],[-46.931,-22.683],[-46.939,-22.658],[-46.978,-22.654],[-47.015,-22.609],[-47.031,-22.619],[-47.024,-22.661],[-47.056,-22.647],[-47.074,-22.68],[-47.067,-22.703],[-47.103,-22.724],[-47.101,-22.75]]]}},{"type":"Feature","properties":{"code":"3541307"},"geometry":{"type":"Polygon","coordinates":[[[-52.456,-22.185],[-52.434,-22.181],[-52.407,-22.202],[-52.321,-22.239],[-52.285,-22.273],[-52.221,-22.259],[-52.225,-22.159],[-52.208,-22.151],[-52.202,-22.117],[-52.177,-22.074],[-52.193,-22.058],[-52.144,-21.998],[-52.126,-21.881],[-52.091,-21.863],[-52.067,-21.829],[-52.016,-21.802],[-51.977,-21.767],[-51.941,-21.547],[-51.964,-21.523],[-51.962,-21.493],[-52.0,-21.517],[-52.057,-21.504],[-52.078,-21.515],[-52.102,-21.57],[-52.069,-21.598],[-52.05,-21.643],[-52.056,-21.677],[-52.104,-21.746],[-52.161,-21.771],[-52.184,-21.814],[-52.189,-21.844],[-52.248,-21.902],[-52.275,-21.915],[-52.319,-21.972],[-52.339,-22.048],[-52.377,-22.107],[-52.392,-22.115],[-52.408,-22.142],[-52.456,-22.185]]]}},{"type":"Feature","properties":{"code":"3516507"},"geometry":{"type":"Polygon","coordinates":[[[-50.653,-21.493],[-50.607,-21.507],[-50.587,-21.539],[-50.549,-21.555],[-50.541,-21.574],[-50.496,-21.536],[-50.493,-21.522],[-50.517,-21.464],[-50.554,-21.45],[-50.582,-21.442],[-50.622,-21.452],[-50.653,-21.493]]]}},{"type":"Feature","properties":{"code":"3508306"},"geometry":{"type":"Polygon","coordinates":[[[-49.503,-22.514],[-49.49,-22.542],[-49.452,-22.576],[-49.358,-22.549],[-49.347,-22.533],[-49.267,-22.494],[-49.3,-22.392],[-49.317,-22.389],[-49.355,-22.408],[-49.367,-22.439],[-49.394,-22.45],[-49.45,-22.493],[-49.485,-22.503],[-49.503,-22.514]]]}},{"type":"Feature","properties":{"code":"3516606"},"geometry":{"type":"Polygon","coordinates":[[[-49.704,-22.439],[-49.684,-22.466],[-49.651,-22.44],[-49.629,-22.469],[-49.604,-22.443],[-49.6,-22.369],[-49.585,-22.364],[-49.571,-22.325],[-49.481,-22.32],[-49.459,-22.337],[-49.423,-22.294],[-49.459,-22.241],[-49.489,-22.235],[-49.512,-22.189],[-49.53,-22.182],[-49.555,-22.221],[-49.653,-22.268],[-49.633,-22.306],[-49.633,-22.332],[-49.656,-22.373],[-49.729,-22.377],[-49.703,-22.422],[-49.704,-22.439]]]}},{"type":"Feature","properties":{"code":"3549300"},"geometry":{"type":"Polygon","coordinates":[[[-51.653,-21.284],[-51.637,-21.255],[-51.621,-21.19],[-51.64,-21.163],[-51.64,-21.163],[-51.682,-21.149],[-51.732,-21.225],[-51.683,-21.284],[-51.681,-21.303],[-51.653,-21.284]]]}},{"type":"Feature","properties":{"code":"3508405"},"geometry":{"type":"Polygon","coordinates":[[[-47.133,-23.381],[-47.043,-23.352],[-46.959,-23.327],[-46.972,-23.301],[-46.97,-23.26],[-47.014,-23.264],[-47.028,-23.237],[-47.051,-23.241],[-47.113,-23.226],[-47.116,-23.225],[-47.146,-23.256],[-47.191,-23.27],[-47.169,-23.294],[-47.174,-23.326],[-47.143,-23.348],[-47.133,-23.381]]]}},{"type":"Feature","properties":{"code":"3541109"},"geometry":{"type":"Polygon","coordinates":[[[-49.459,-22.241],[-49.437,-22.219],[-49.401,-22.143],[-49.375,-22.134],[-49.355,-22.09],[-49.294,-22.053],[-49.25,-22.044],[-49.303,-22.014],[-49.337,-22.023],[-49.378,-22.064],[-49.452,-22.066],[-49.46,-22.085],[-49.508,-22.087],[-49.556,-22.13],[-49.528,-22.152],[-49.53,-22.182],[-49.512,-22.189],[-49.489,-22.235],[-49.459,-22.241]]]}},{"type":"Feature","properties":{"code":"3533304"},"geometry":{"type":"Polygon","coordinates":[[[-50.263,-20.905],[-50.223,-20.889],[-50.181,-20.901],[-50.164,-20.875],[-50.213,-20.866],[-50.24,-20.837],[-50.291,-20.836],[-50.336,-20.846],[-50.323,-20.873],[-50.277,-20.884],[-50.263,-20.905]]]}},{"type":"Feature","properties":{"code":"3525102"},"geometry":{"type":"Polygon","coordinates":[[[-47.872,-21.064],[-47.821,-21.068],[-47.785,-21.081],[-47.751,-21.113],[-47.719,-21.12],[-47.674,-21.075],[-47.687,-21.003],[-47.726,-20.974],[-47.718,-20.938],[-47.766,-20.931],[-47.78,-20.894],[-47.818,-20.894],[-47.84,-20.911],[-47.871,-20.895],[-47.89,-20.91],[-47.923,-20.883],[-47.94,-20.9],[-48.002,-20.968],[-47.988,-20.992],[-47.945,-21.031],[-47.89,-21.032],[-47.872,-21.064]]]}},{"type":"Feature","properties":{"code":"3516903"},"geometry":{"type":"Polygon","coordinates":[[[-50.506,-20.761],[-50.456,-20.779],[-50.432,-20.797],[-50.414,-20.739],[-50.398,-20.723],[-50.338,-20.722],[-50.296,-20.713],[-50.285,-20.651],[-50.303,-20.634],[-50.286,-20.586],[-50.315,-20.571],[-50.396,-20.568],[-50.414,-20.561],[-50.451,-20.52],[-50.449,-20.486],[-50.528,-20.509],[-50.554,-20.528],[-50.51,-20.546],[-50.512,-20.623],[-50.489,-20.646],[-50.477,-20.688],[-50.495,-20.707],[-50.506,-20.761]]]}},{"type":"Feature","properties":{"code":"3500303"},"geometry":{"type":"Polygon","coordinates":[[[-46.892,-22.086],[-46.861,-22.05],[-46.903,-22.006],[-46.931,-22.011],[-46.94,-21.978],[-46.982,-21.968],[-47.038,-21.991],[-47.107,-21.976],[-47.158,-21.984],[-47.196,-21.974],[-47.216,-21.976],[-47.202,-22.034],[-47.234,-22.057],[-47.197,-22.099],[-47.166,-22.093],[-47.148,-22.109],[-47.1,-22.067],[-47.046,-22.116],[-47.017,-22.115],[-46.937,-22.146],[-46.893,-22.13],[-46.875,-22.113],[-46.892,-22.086]]]}},{"type":"Feature","properties":{"code":"3508702"},"geometry":{"type":"Polygon","coordinates":[[[-46.76,-21.572],[-46.727,-21.577],[-46.694,-21.612],[-46.641,-21.602],[-46.61,-21.648],[-46.614,-21.677],[-46.565,-21.679],[-46.555,-21.653],[-46.512,-21.565],[-46.523,-21.53],[-46.509,-21.489],[-46.519,-21.449],[-46.558,-21.443],[-46.577,-21.427],[-46.616,-21.429],[-46.673,-21.434],[-46.716,-21.454],[-46.719,-21.478],[-46.699,-21.496],[-46.762,-21.548],[-46.76,-21.572]]]}},{"type":"Feature","properties":{"code":"3508801"},"geometry":{"type":"Polygon","coordinates":[[[-49.809,-21.89],[-49.772,-21.927],[-49.734,-21.941],[-49.659,-21.86],[-49.611,-21.87],[-49.566,-21.832],[-49.546,-21.857],[-49.456,-21.784],[-49.431,-21.779],[-49.414,-21.757],[-49.405,-21.695],[-49.383,-21.669],[-49.332,-21.651],[-49.312,-21.617],[-49.328,-21.559],[-49.379,-21.535],[-49.412,-21.544],[-49.446,-21.524],[-49.459,-21.547],[-49.496,-21.571],[-49.518,-21.602],[-49.568,-21.626],[-49.561,-21.662],[-49.574,-21.705],[-49.629,-21.732],[-49.659,-21.727],[-49.726,-21.746],[-49.755,-21.799],[-49.772,-21.804],[-49.809,-21.89]]]}},{"type":"Feature","properties":{"code":"3541505"},"geometry":{"type":"Polygon","coordinates":[[[-51.915,-22.007],[-51.881,-21.972],[-51.836,-21.956],[-51.796,-21.881],[-51.776,-21.873],[-51.748,-21.827],[-51.746,-21.787],[-51.712,-21.753],[-51.719,-21.713],[-51.702,-21.69],[-51.698,-21.634],[-51.714,-21.596],[-51.746,-21.592],[-51.782,-21.603],[-51.843,-21.578],[-51.86,-21.581],[-51.843,-21.612],[-51.865,-21.672],[-51.883,-21.687],[-51.901,-21.73],[-51.888,-21.764],[-51.915,-21.822],[-51.931,-21.826],[-51.964,-21.907],[-52.003,-21.912],[-52.023,-21.949],[-51.972,-21.976],[-51.963,-21.99],[-51.915,-22.007]]]}},{"type":"Feature","properties":{"code":"3500105"},"geometry":{"type":"Polygon","coordinates":[[[-51.177,-21.692],[-51.13,-21.738],[-51.092,-21.766],[-51.077,-21.723],[-51.04,-21.705],[-51.034,-21.65],[-50.978,-21.591],[-50.967,-21.543],[-50.966,-21.484],[-50.993,-21.437],[-51.026,-21.426],[-51.059,-21.399],[-51.087,-21.431],[-51.083,-21.45],[-51.1,-21.484],[-51.109,-21.529],[-51.105,-21.564],[-51.08,-21.591],[-51.08,-21.615],[-51.11,-21.647],[-51.162,-21.661],[-51.177,-21.692]]]}},{"type":"Feature","properties":{"code":"3516804"},"geometry":{"type":"Polygon","coordinates":[[[-50.121,-20.831],[-50.127,-20.807],[-50.114,-20.764],[-50.143,-20.78],[-50.166,-20.755],[-50.239,-20.745],[-50.251,-20.737],[-50.265,-20.752],[-50.291,-20.836],[-50.24,-20.837],[-50.213,-20.866],[-50.164,-20.875],[-50.121,-20.831]]]}},{"type":"Feature","properties":{"code":"3500204"},"geometry":{"type":"Polygon","coordinates":[[[-49.572,-21.271],[-49.612,-21.261],[-49.609,-21.208],[-49.684,-21.204],[-49.681,-21.223],[-49.726,-21.256],[-49.711,-21.288],[-49.746,-21.297],[-49.728,-21.345],[-49.697,-21.363],[-49.679,-21.353],[-49.628,-21.354],[-49.587,-21.362],[-49.584,-21.304],[-49.572,-21.271]]]}},{"type":"Feature","properties":{"code":"3508603"},"geometry":{"type":"Polygon","coordinates":[[[-44.895,-22.845],[-44.921,-22.751],[-44.927,-22.655],[-44.941,-22.66],[-44.99,-22.639],[-45.005,-22.606],[-45.039,-22.597],[-45.085,-22.599],[-45.104,-22.563],[-45.122,-22.582],[-45.102,-22.61],[-45.112,-22.635],[-45.095,-22.665],[-45.069,-22.676],[-45.046,-22.676],[-45.022,-22.699],[-45.017,-22.751],[-44.975,-22.808],[-44.913,-22.855],[-44.895,-22.845]]]}},{"type":"Feature","properties":{"code":"3533254"},"geometry":{"type":"Polygon","coordinates":[[[-48.909,-20.915],[-48.96,-20.944],[-48.955,-20.982],[-48.961,-21.031],[-48.94,-21.06],[-48.889,-21.035],[-48.86,-21.006],[-48.909,-20.915]]]}},{"type":"Feature","properties":{"code":"3500550"},"geometry":{"type":"Polygon","coordinates":[[[-49.172,-22.94],[-49.172,-22.909],[-49.21,-22.87],[-49.178,-22.838],[-49.173,-22.772],[-49.183,-22.724],[-49.199,-22.724],[-49.227,-22.76],[-49.249,-22.749],[-49.28,-22.772],[-49.325,-22.764],[-49.347,-22.783],[-49.376,-22.777],[-49.368,-22.82],[-49.378,-22.858],[-49.37,-22.883],[-49.309,-22.898],[-49.292,-22.93],[-49.304,-22.953],[-49.256,-22.976],[-49.246,-23.012],[-49.222,-23.037],[-49.216,-22.977],[-49.172,-22.94]]]}},{"type":"Feature","properties":{"code":"3549706"},"geometry":{"type":"Polygon","coordinates":[[[-46.805,-21.66],[-46.777,-21.647],[-46.761,-21.606],[-46.76,-21.572],[-46.762,-21.548],[-46.81,-21.525],[-46.829,-21.497],[-46.911,-21.485],[-46.932,-21.541],[-46.979,-21.611],[-47.038,-21.623],[-47.029,-21.647],[-46.998,-21.654],[-46.98,-21.7],[-46.885,-21.697],[-46.872,-21.709],[-46.842,-21.697],[-46.805,-21.66]]]}},{"type":"Feature","properties":{"code":"3533205"},"geometry":{"type":"Polygon","coordinates":[[[-51.496,-21.22],[-51.486,-21.233],[-51.479,-21.209],[-51.422,-21.173],[-51.405,-21.135],[-51.402,-21.075],[-51.444,-21.081],[-51.476,-21.05],[-51.511,-21.067],[-51.535,-21.095],[-51.591,-21.087],[-51.642,-21.147],[-51.64,-21.163],[-51.64,-21.163],[-51.614,-21.142],[-51.574,-21.187],[-51.523,-21.2],[-51.496,-21.22]]]}},{"type":"Feature","properties":{"code":"3516853"},"geometry":{"type":"Polygon","coordinates":[[[-48.594,-21.846],[-48.569,-21.865],[-48.517,-21.869],[-48.45,-21.845],[-48.397,-21.854],[-48.396,-21.836],[-48.368,-21.797],[-48.361,-21.754],[-48.343,-21.747],[-48.331,-21.697],[-48.346,-21.689],[-48.444,-21.724],[-48.448,-21.753],[-48.504,-21.794],[-48.539,-21.796],[-48.595,-21.829],[-48.594,-21.846]]]}},{"type":"Feature","properties":{"code":"3500501"},"geometry":{"type":"Polygon","coordinates":[[[-46.6,-22.515],[-46.585,-22.493],[-46.55,-22.47],[-46.555,-22.447],[-46.616,-22.439],[-46.657,-22.473],[-46.631,-22.507],[-46.6,-22.515]]]}},{"type":"Feature","properties":{"code":"3525003"},"geometry":{"type":"Polygon","coordinates":[[[-46.911,-23.563],[-46.876,-23.565],[-46.861,-23.545],[-46.886,-23.554],[-46.894,-23.526],[-46.929,-23.514],[-46.911,-23.563]]]}},{"type":"Feature","properties":{"code":"3500600"},"geometry":{"type":"Polygon","coordinates":[[[-47.883,-22.588],[-47.882,-22.602],[-47.863,-22.604],[-47.883,-22.588]]]}},{"type":"Feature","properties":{"code":"3532504"},"geometry":{"type":"Polygon","coordinates":[[[-49.701,-20.861],[-49.701,-20.879],[-49.726,-20.932],[-49.696,-20.966],[-49.635,-20.972],[-49.625,-20.922],[-49.627,-20.88],[-49.573,-20.864],[-49.563,-20.822],[-49.576,-20.789],[-49.626,-20.758],[-49.656,-20.772],[-49.632,-20.801],[-49.684,-20.833],[-49.701,-20.861]]]}},{"type":"Feature","properties":{"code":"3549607"},"geometry":{"type":"Polygon","coordinates":[[[-44.724,-22.833],[-44.695,-22.89],[-44.63,-22.905],[-44.607,-22.885],[-44.555,-22.888],[-44.495,-22.847],[-44.496,-22.809],[-44.467,-22.782],[-44.508,-22.769],[-44.533,-22.74],[-44.473,-22.685],[-44.452,-22.644],[-44.464,-22.616],[-44.48,-22.611],[-44.511,-22.64],[-44.546,-22.607],[-44.584,-22.624],[-44.597,-22.61],[-44.646,-22.604],[-44.686,-22.641],[-44.678,-22.653],[-44.672,-22.728],[-44.652,-22.757],[-44.65,-22.798],[-44.67,-22.821],[-44.724,-22.833]]]}},{"type":"Feature","properties":{"code":"3524303"},"geometry":{"type":"Polygon","coordinates":[[[-48.45,-21.211],[-48.428,-21.231],[-48.44,-21.25],[-48.425,-21.275],[-48.427,-21.319],[-48.352,-21.321],[-48.312,-21.361],[-48.274,-21.353],[-48.26,-21.32],[-48.208,-21.335],[-48.175,-21.314],[-48.141,-21.318],[-48.135,-21.27],[-48.171,-21.216],[-48.178,-21.187],[-48.169,-21.161],[-48.187,-21.13],[-48.188,-21.086],[-48.271,-21.081],[-48.318,-21.061],[-48.354,-21.082],[-48.347,-21.128],[-48.386,-21.169],[-48.422,-21.173],[-48.45,-21.211]]]}},{"type":"Feature","properties":{"code":"3532603"},"geometry":{"type":"Polygon","coordinates":[[[-50.024,-20.824],[-50.029,-20.794],[-50.019,-20.76],[-49.992,-20.74],[-49.949,-20.746],[-49.925,-20.723],[-49.948,-20.699],[-49.956,-20.662],[-49.972,-20.658],[-49.986,-20.608],[-49.983,-20.572],[-50.017,-20.539],[-50.071,-20.541],[-50.12,-20.522],[-50.129,-20.557],[-50.114,-20.6],[-50.089,-20.631],[-50.123,-20.683],[-50.114,-20.764],[-50.127,-20.807],[-50.121,-20.831],[-50.093,-20.811],[-50.024,-20.824]]]}},{"type":"Feature","properties":{"code":"3541406"},"geometry":{"type":"Polygon","coordinates":[[[-51.476,-22.198],[-51.434,-22.206],[-51.399,-22.203],[-51.371,-22.198],[-51.359,-22.177],[-51.325,-22.152],[-51.316,-22.129],[-51.32,-22.096],[-51.289,-22.045],[-51.267,-21.932],[-51.265,-21.886],[-51.224,-21.829],[-51.249,-21.782],[-51.224,-21.745],[-51.242,-21.736],[-51.271,-21.743],[-51.284,-21.722],[-51.343,-21.775],[-51.333,-21.787],[-51.335,-21.833],[-51.326,-21.872],[-51.33,-21.917],[-51.368,-21.951],[-51.393,-22.001],[-51.418,-22.046],[-51.412,-22.067],[-51.439,-22.087],[-51.448,-22.112],[-51.484,-22.124],[-51.476,-22.198]]]}},{"type":"Feature","properties":{"code":"3500402"},"geometry":{"type":"Polygon","coordinates":[[[-46.618,-21.995],[-46.643,-21.977],[-46.674,-21.911],[-46.648,-21.881],[-46.666,-21.848],[-46.691,-21.838],[-46.721,-21.821],[-46.751,-21.834],[-46.758,-21.847],[-46.732,-21.874],[-46.735,-21.93],[-46.702,-21.978],[-46.65,-22.009],[-46.618,-21.995]]]}},{"type":"Feature","properties":{"code":"3524402"},"geometry":{"type":"Polygon","coordinates":[[[-45.794,-23.292],[-45.835,-23.294],[-45.847,-23.307],[-45.904,-23.295],[-45.921,-23.263],[-45.954,-23.256],[-45.966,-23.235],[-45.956,-23.204],[-45.998,-23.187],[-46.02,-23.203],[-46.075,-23.181],[-46.076,-23.193],[-46.136,-23.255],[-46.146,-23.257],[-46.135,-23.288],[-46.102,-23.309],[-46.099,-23.326],[-46.068,-23.348],[-46.029,-23.392],[-46.002,-23.385],[-45.987,-23.42],[-45.974,-23.401],[-45.924,-23.391],[-45.931,-23.367],[-45.861,-23.376],[-45.839,-23.335],[-45.803,-23.329],[-45.794,-23.292]]]}},{"type":"Feature","properties":{"code":"3557105"},"geometry":{"type":"Polygon","coordinates":[[[-49.852,-20.417],[-49.892,-20.396],[-49.938,-20.391],[-49.952,-20.36],[-50.008,-20.332],[-50.037,-20.317],[-50.053,-20.336],[-50.032,-20.425],[-50.054,-20.451],[-50.131,-20.479],[-50.154,-20.505],[-50.138,-20.521],[-50.12,-20.522],[-50.071,-20.541],[-50.017,-20.539],[-49.983,-20.572],[-49.956,-20.576],[-49.923,-20.562],[-49.92,-20.509],[-49.895,-20.478],[-49.856,-20.464],[-49.852,-20.417]]]}},{"type":"Feature","properties":{"code":"3516200"},"geometry":{"type":"Polygon","coordinates":[[[-47.529,-20.563],[-47.469,-20.564],[-47.449,-20.599],[-47.398,-20.614],[-47.42,-20.643],[-47.413,-20.666],[-47.468,-20.689],[-47.488,-20.72],[-47.509,-20.725],[-47.495,-20.748],[-47.453,-20.76],[-47.424,-20.736],[-47.367,-20.712],[-47.347,-20.671],[-47.358,-20.624],[-47.331,-20.582],[-47.299,-20.552],[-47.263,-20.548],[-47.24,-20.523],[-47.197,-20.558],[-47.182,-20.54],[-47.144,-20.541],[-47.154,-20.52],[-47.212,-20.502],[-47.224,-20.491],[-47.291,-20.451],[-47.294,-20.419],[-47.351,-20.437],[-47.394,-20.436],[-47.414,-20.459],[-47.463,-20.463],[-47.5,-20.456],[-47.509,-20.488],[-47.553,-20.513],[-47.546,-20.552],[-47.529,-20.563]]]}},{"type":"Feature","properties":{"code":"3548906"},"geometry":{"type":"Polygon","coordinates":[[[-47.9,-22.158],[-47.809,-22.148],[-47.8,-22.128],[-47.789,-22.098],[-47.752,-22.089],[-47.744,-22.055],[-47.726,-22.041],[-47.721,-22.023],[-47.754,-21.991],[-47.747,-21.953],[-47.756,-21.919],[-47.792,-21.878],[-47.771,-21.831],[-47.775,-21.802],[-47.737,-21.712],[-47.768,-21.692],[-47.812,-21.699],[-47.83,-21.669],[-47.811,-21.648],[-47.818,-21.616],[-47.853,-21.598],[-47.863,-21.612],[-47.873,-21.639],[-47.91,-21.678],[-47.923,-21.72],[-47.968,-21.742],[-47.947,-21.783],[-47.969,-21.82],[-47.929,-21.845],[-47.924,-21.897],[-47.966,-21.984],[-47.996,-22.03],[-48.047,-22.025],[-48.091,-22.06],[-48.07,-22.077],[-48.045,-22.073],[-48.027,-22.077],[-47.993,-22.116],[-47.948,-22.111],[-47.92,-22.149],[-47.9,-22.158]]]}},{"type":"Feature","properties":{"code":"3508009"},"geometry":{"type":"Polygon","coordinates":[[[-48.552,-23.935],[-48.475,-23.89],[-48.431,-23.892],[-48.349,-23.831],[-48.369,-23.797],[-48.393,-23.781],[-48.395,-23.725],[-48.408,-23.715],[-48.478,-23.647],[-48.479,-23.609],[-48.506,-23.549],[-48.535,-23.541],[-48.577,-23.576],[-48.609,-23.582],[-48.622,-23.594],[-48.678,-23.588],[-48.694,-23.601],[-48.765,-23.613],[-48.781,-23.643],[-48.767,-23.677],[-48.721,-23.721],[-48.745,-23.736],[-48.744,-23.761],[-48.724,-23.785],[-48.745,-23.841],[-48.734,-23.854],[-48.716,-23.851],[-48.692,-23.882],[-48.664,-23.9],[-48.666,-23.923],[-48.632,-23.936],[-48.566,-23.941],[-48.552,-23.935]]]}},{"type":"Feature","properties":{"code":"3532405"},"geometry":{"type":"Polygon","coordinates":[[[-46.515,-23.238],[-46.47,-23.283],[-46.448,-23.27],[-46.419,-23.316],[-46.395,-23.286],[-46.364,-23.274],[-46.311,-23.227],[-46.31,-23.205],[-46.262,-23.186],[-46.257,-23.16],[-46.215,-23.108],[-46.28,-23.115],[-46.33,-23.1],[-46.396,-23.122],[-46.415,-23.121],[-46.44,-23.199],[-46.472,-23.233],[-46.509,-23.233],[-46.515,-23.238]]]}},{"type":"Feature","properties":{"code":"3540705"},"geometry":{"type":"Polygon","coordinates":[[[-47.522,-21.804],[-47.555,-21.836],[-47.552,-21.854],[-47.511,-21.879],[-47.512,-21.935],[-47.496,-21.917],[-47.402,-21.91],[-47.404,-21.878],[-47.385,-21.849],[-47.343,-21.84],[-47.347,-21.806],[-47.358,-21.786],[-47.426,-21.755],[-47.456,-21.781],[-47.511,-21.808],[-47.522,-21.804]]]}},{"type":"Feature","properties":{"code":"3524204"},"geometry":{"type":"Polygon","coordinates":[[[-48.437,-20.753],[-48.42,-20.75],[-48.338,-20.695],[-48.334,-20.665],[-48.35,-20.646],[-48.32,-20.589],[-48.345,-20.575],[-48.41,-20.576],[-48.432,-20.561],[-48.478,-20.583],[-48.526,-20.635],[-48.488,-20.637],[-48.492,-20.694],[-48.437,-20.753]]]}},{"type":"Feature","properties":{"code":"3540804"},"geometry":{"type":"Polygon","coordinates":[[[-49.496,-21.138],[-49.46,-21.177],[-49.442,-21.189],[-49.397,-21.18],[-49.377,-21.157],[-49.342,-21.154],[-49.316,-21.127],[-49.292,-21.093],[-49.311,-21.009],[-49.338,-20.982],[-49.375,-20.96],[-49.446,-20.985],[-49.456,-21.001],[-49.464,-21.07],[-49.483,-21.132],[-49.496,-21.138]]]}},{"type":"Feature","properties":{"code":"3557154"},"geometry":{"type":"Polygon","coordinates":[[[-49.96,-21.133],[-49.997,-21.099],[-49.981,-21.088],[-49.985,-21.046],[-50.055,-20.997],[-50.109,-21.073],[-50.11,-21.103],[-50.151,-21.14],[-50.129,-21.195],[-50.091,-21.22],[-50.027,-21.211],[-49.992,-21.227],[-49.96,-21.133]]]}},{"type":"Feature","properties":{"code":"3516002"},"geometry":{"type":"Polygon","coordinates":[[[-51.265,-21.675],[-51.284,-21.722],[-51.271,-21.743],[-51.242,-21.736],[-51.208,-21.702],[-51.177,-21.692],[-51.162,-21.661],[-51.11,-21.647],[-51.08,-21.615],[-51.08,-21.591],[-51.105,-21.564],[-51.109,-21.529],[-51.1,-21.484],[-51.083,-21.45],[-51.087,-21.431],[-51.059,-21.399],[-51.1,-21.37],[-51.145,-21.374],[-51.164,-21.384],[-51.214,-21.355],[-51.207,-21.415],[-51.235,-21.45],[-51.236,-21.52],[-51.231,-21.576],[-51.246,-21.593],[-51.233,-21.629],[-51.265,-21.675]]]}},{"type":"Feature","properties":{"code":"3507803"},"geometry":{"type":"Polygon","coordinates":[[[-47.719,-21.12],[-47.697,-21.132],[-47.667,-21.119],[-47.647,-21.148],[-47.628,-21.148],[-47.559,-21.108],[-47.518,-21.098],[-47.541,-21.035],[-47.567,-21.025],[-47.607,-20.985],[-47.612,-20.962],[-47.644,-20.963],[-47.675,-20.936],[-47.718,-20.938],[-47.726,-20.974],[-47.687,-21.003],[-47.674,-21.075],[-47.719,-21.12]]]}},{"type":"Feature","properties":{"code":"3516101"},"geometry":{"type":"Polygon","coordinates":[[[-50.824,-22.866],[-50.793,-22.905],[-50.796,-22.951],[-50.759,-22.948],[-50.73,-22.962],[-50.71,-22.953],[-50.682,-22.906],[-50.637,-22.907],[-50.604,-22.923],[-50.577,-22.904],[-50.578,-22.883],[-50.552,-22.841],[-50.605,-22.873],[-50.645,-22.839],[-50.677,-22.797],[-50.706,-22.773],[-50.718,-22.801],[-50.716,-22.827],[-50.761,-22.881],[-50.824,-22.866]]]}},{"type":"Feature","properties":{"code":"3540754"},"geometry":{"type":"Polygon","coordinates":[[[-45.278,-22.852],[-45.237,-22.824],[-45.302,-22.821],[-45.298,-22.806],[-45.346,-22.789],[-45.324,-22.856],[-45.311,-22.838],[-45.278,-22.852]]]}},{"type":"Feature","properties":{"code":"3507902"},"geometry":{"type":"Polygon","coordinates":[[[-47.916,-22.425],[-47.954,-22.398],[-47.949,-22.321],[-47.927,-22.305],[-47.906,-22.231],[-47.882,-22.201],[-47.9,-22.158],[-47.92,-22.149],[-47.948,-22.111],[-47.993,-22.116],[-48.027,-22.077],[-48.045,-22.073],[-48.044,-22.129],[-48.108,-22.18],[-48.135,-22.183],[-48.198,-22.148],[-48.216,-22.159],[-48.256,-22.155],[-48.256,-22.177],[-48.314,-22.199],[-48.328,-22.265],[-48.293,-22.267],[-48.239,-22.367],[-48.155,-22.362],[-48.111,-22.375],[-48.063,-22.412],[-48.041,-22.506],[-47.995,-22.494],[-47.994,-22.477],[-47.954,-22.444],[-47.916,-22.425]]]}},{"type":"Feature","properties":{"code":"3556958"},"geometry":{"type":"Polygon","coordinates":[[[-50.52,-20.176],[-50.516,-20.216],[-50.487,-20.245],[-50.466,-20.237],[-50.451,-20.214],[-50.466,-20.196],[-50.451,-20.159],[-50.481,-20.154],[-50.52,-20.176]]]}},{"type":"Feature","properties":{"code":"3540606"},"geometry":{"type":"Polygon","coordinates":[[[-47.578,-23.364],[-47.565,-23.383],[-47.504,-23.36],[-47.45,-23.352],[-47.418,-23.358],[-47.423,-23.316],[-47.404,-23.299],[-47.434,-23.241],[-47.426,-23.224],[-47.439,-23.193],[-47.419,-23.169],[-47.412,-23.119],[-47.428,-23.101],[-47.489,-23.108],[-47.509,-23.092],[-47.529,-23.101],[-47.562,-23.091],[-47.609,-23.099],[-47.629,-23.125],[-47.612,-23.151],[-47.63,-23.192],[-47.616,-23.208],[-47.609,-23.299],[-47.575,-23.343],[-47.578,-23.364]]]}},{"type":"Feature","properties":{"code":"3532801"},"geometry":{"type":"Polygon","coordinates":[[[-49.618,-21.128],[-49.581,-21.137],[-49.55,-21.159],[-49.514,-21.158],[-49.496,-21.138],[-49.483,-21.132],[-49.464,-21.07],[-49.456,-21.001],[-49.446,-20.985],[-49.482,-20.949],[-49.507,-20.945],[-49.523,-20.975],[-49.538,-21.012],[-49.557,-21.025],[-49.562,-21.062],[-49.582,-21.118],[-49.618,-21.128]]]}},{"type":"Feature","properties":{"code":"3524600"},"geometry":{"type":"Polygon","coordinates":[[[-48.211,-24.957],[-48.162,-24.965],[-48.124,-24.981],[-48.078,-24.954],[-48.045,-24.96],[-48.026,-24.944],[-48.043,-24.862],[-47.992,-24.847],[-47.968,-24.872],[-47.927,-24.781],[-47.943,-24.767],[-47.964,-24.721],[-47.927,-24.673],[-47.918,-24.628],[-47.953,-24.638],[-47.976,-24.59],[-48.001,-24.573],[-48.069,-24.585],[-48.085,-24.581],[-48.126,-24.596],[-48.129,-24.649],[-48.095,-24.686],[-48.048,-24.72],[-48.065,-24.75],[-48.093,-24.761],[-48.128,-24.796],[-48.13,-24.838],[-48.157,-24.848],[-48.169,-24.875],[-48.211,-24.907],[-48.211,-24.957]]]}},{"type":"Feature","properties":{"code":"3516408"},"geometry":{"type":"Polygon","coordinates":[[[-46.824,-23.331],[-46.781,-23.349],[-46.691,-23.368],[-46.67,-23.363],[-46.637,-23.306],[-46.648,-23.275],[-46.637,-23.258],[-46.638,-23.258],[-46.677,-23.273],[-46.718,-23.302],[-46.752,-23.302],[-46.784,-23.265],[-46.803,-23.257],[-46.814,-23.282],[-46.838,-23.288],[-46.824,-23.331]]]}},{"type":"Feature","properties":{"code":"3532868"},"geometry":{"type":"Polygon","coordinates":[[[-50.296,-20.713],[-50.338,-20.722],[-50.398,-20.723],[-50.414,-20.739],[-50.432,-20.797],[-50.412,-20.813],[-50.384,-20.809],[-50.373,-20.854],[-50.336,-20.846],[-50.291,-20.836],[-50.265,-20.752],[-50.296,-20.713]]]}},{"type":"Feature","properties":{"code":"3508207"},"geometry":{"type":"Polygon","coordinates":[[[-47.609,-20.16],[-47.621,-20.14],[-47.675,-20.126],[-47.687,-20.14],[-47.742,-20.152],[-47.794,-20.2],[-47.791,-20.224],[-47.837,-20.242],[-47.792,-20.262],[-47.771,-20.248],[-47.733,-20.249],[-47.699,-20.277],[-47.645,-20.288],[-47.611,-20.277],[-47.603,-20.253],[-47.619,-20.219],[-47.593,-20.18],[-47.609,-20.16]]]}},{"type":"Feature","properties":{"code":"3557006"},"geometry":{"type":"Polygon","coordinates":[[[-47.494,-23.65],[-47.454,-23.625],[-47.404,-23.621],[-47.368,-23.634],[-47.337,-23.612],[-47.311,-23.622],[-47.297,-23.604],[-47.307,-23.561],[-47.354,-23.561],[-47.365,-23.524],[-47.429,-23.522],[-47.503,-23.536],[-47.492,-23.584],[-47.493,-23.607],[-47.467,-23.625],[-47.494,-23.65]]]}},{"type":"Feature","properties":{"code":"3532843"},"geometry":{"type":"Polygon","coordinates":[[[-50.854,-20.386],[-50.88,-20.318],[-50.925,-20.297],[-50.933,-20.311],[-50.947,-20.343],[-50.977,-20.369],[-50.967,-20.4],[-50.881,-20.423],[-50.844,-20.415],[-50.854,-20.386]]]}},{"type":"Feature","properties":{"code":"3548807"},"geometry":{"type":"Polygon","coordinates":[[[-46.583,-23.641],[-46.567,-23.65],[-46.552,-23.642],[-46.548,-23.606],[-46.579,-23.604],[-46.583,-23.641]]]}},{"type":"Feature","properties":{"code":"3532827"},"geometry":{"type":"Polygon","coordinates":[[[-48.987,-24.312],[-48.943,-24.256],[-48.886,-24.204],[-48.887,-24.181],[-48.865,-24.161],[-48.827,-24.174],[-48.822,-24.128],[-48.857,-24.1],[-48.983,-24.101],[-49.015,-24.154],[-49.06,-24.19],[-49.137,-24.186],[-49.148,-24.258],[-49.108,-24.251],[-49.063,-24.243],[-49.025,-24.271],[-48.987,-24.312]]]}},{"type":"Feature","properties":{"code":"3549250"},"geometry":{"type":"Polygon","coordinates":[[[-50.373,-20.473],[-50.446,-20.483],[-50.449,-20.486],[-50.451,-20.52],[-50.414,-20.561],[-50.396,-20.568],[-50.315,-20.571],[-50.286,-20.586],[-50.272,-20.522],[-50.285,-20.47],[-50.311,-20.469],[-50.373,-20.473]]]}},{"type":"Feature","properties":{"code":"3541059"},"geometry":{"type":"Polygon","coordinates":[[[-48.567,-22.853],[-48.606,-22.81],[-48.613,-22.779],[-48.666,-22.788],[-48.729,-22.765],[-48.778,-22.762],[-48.78,-22.827],[-48.803,-22.845],[-48.743,-22.873],[-48.69,-22.874],[-48.664,-22.847],[-48.567,-22.853]]]}},{"type":"Feature","properties":{"code":"3549201"},"geometry":{"type":"Polygon","coordinates":[[[-50.43,-20.412],[-50.446,-20.483],[-50.373,-20.473],[-50.376,-20.452],[-50.322,-20.407],[-50.323,-20.373],[-50.339,-20.338],[-50.39,-20.344],[-50.42,-20.381],[-50.43,-20.412]]]}},{"type":"Feature","properties":{"code":"3532702"},"geometry":{"type":"Polygon","coordinates":[[[-49.701,-20.861],[-49.715,-20.848],[-49.77,-20.847],[-49.811,-20.834],[-49.834,-20.849],[-49.838,-20.899],[-49.851,-20.932],[-49.827,-20.954],[-49.792,-20.934],[-49.766,-20.941],[-49.726,-20.932],[-49.701,-20.879],[-49.701,-20.861]]]}},{"type":"Feature","properties":{"code":"3541000"},"geometry":{"type":"Polygon","coordinates":[[[-46.593,-23.997],[-46.609,-24.038],[-46.604,-24.09],[-46.493,-24.038],[-46.416,-24.016],[-46.392,-23.999],[-46.422,-23.978],[-46.446,-23.982],[-46.476,-24.005],[-46.509,-23.988],[-46.527,-23.946],[-46.568,-23.969],[-46.593,-23.997]]]}},{"type":"Feature","properties":{"code":"3524501"},"geometry":{"type":"Polygon","coordinates":[[[-49.523,-20.975],[-49.566,-20.923],[-49.534,-20.873],[-49.573,-20.864],[-49.627,-20.88],[-49.625,-20.922],[-49.635,-20.972],[-49.604,-21.002],[-49.604,-21.022],[-49.557,-21.025],[-49.538,-21.012],[-49.523,-20.975]]]}},{"type":"Feature","properties":{"code":"3557204"},"geometry":{"type":"Polygon","coordinates":[[[-49.666,-23.113],[-49.679,-23.084],[-49.677,-23.009],[-49.686,-22.949],[-49.757,-22.971],[-49.747,-22.992],[-49.77,-23.033],[-49.793,-23.043],[-49.819,-23.077],[-49.81,-23.088],[-49.789,-23.103],[-49.751,-23.098],[-49.726,-23.109],[-49.735,-23.133],[-49.717,-23.148],[-49.683,-23.116],[-49.666,-23.113]]]}},{"type":"Feature","properties":{"code":"3540853"},"geometry":{"type":"Polygon","coordinates":[[[-51.141,-21.857],[-51.104,-21.889],[-51.083,-21.882],[-51.08,-21.866],[-51.03,-21.834],[-51.008,-21.804],[-51.076,-21.788],[-51.095,-21.835],[-51.141,-21.857]]]}},{"type":"Feature","properties":{"code":"3516309"},"geometry":{"type":"Polygon","coordinates":[[[-46.784,-23.265],[-46.752,-23.302],[-46.718,-23.302],[-46.677,-23.273],[-46.638,-23.258],[-46.704,-23.252],[-46.744,-23.25],[-46.784,-23.265]]]}},{"type":"Feature","properties":{"code":"3549003"},"geometry":{"type":"Polygon","coordinates":[[[-50.613,-20.376],[-50.652,-20.358],[-50.657,-20.327],[-50.734,-20.312],[-50.742,-20.324],[-50.715,-20.34],[-50.704,-20.381],[-50.68,-20.395],[-50.672,-20.438],[-50.632,-20.404],[-50.613,-20.376]]]}},{"type":"Feature","properties":{"code":"3557303"},"geometry":{"type":"Polygon","coordinates":[[[-46.897,-22.205],[-46.927,-22.185],[-46.984,-22.2],[-46.97,-22.295],[-46.957,-22.296],[-46.9,-22.246],[-46.897,-22.205]]]}},{"type":"Feature","properties":{"code":"3508108"},"geometry":{"type":"Polygon","coordinates":[[[-50.253,-21.117],[-50.218,-21.123],[-50.176,-21.114],[-50.157,-21.136],[-50.151,-21.14],[-50.11,-21.103],[-50.109,-21.073],[-50.055,-20.997],[-50.096,-21.002],[-50.11,-20.989],[-50.157,-20.978],[-50.18,-20.983],[-50.232,-20.98],[-50.248,-21.007],[-50.3,-21.001],[-50.323,-21.008],[-50.358,-21.044],[-50.347,-21.06],[-50.312,-21.077],[-50.273,-21.074],[-50.272,-21.104],[-50.253,-21.117]]]}},{"type":"Feature","properties":{"code":"3540200"},"geometry":{"type":"Polygon","coordinates":[[[-47.988,-20.992],[-48.002,-20.968],[-47.94,-20.9],[-47.985,-20.876],[-48.035,-20.905],[-48.058,-20.93],[-48.104,-20.9],[-48.179,-20.887],[-48.174,-20.919],[-48.143,-21.001],[-48.127,-21.027],[-48.134,-21.046],[-48.125,-21.089],[-48.112,-21.105],[-48.073,-21.09],[-48.008,-21.078],[-47.986,-21.056],[-47.978,-21.026],[-47.988,-20.992]]]}},{"type":"Feature","properties":{"code":"3532009"},"geometry":{"type":"Polygon","coordinates":[[[-46.858,-22.836],[-46.851,-22.877],[-46.879,-22.927],[-46.871,-22.94],[-46.823,-22.93],[-46.758,-22.936],[-46.704,-22.926],[-46.682,-22.93],[-46.682,-22.885],[-46.761,-22.848],[-46.798,-22.834],[-46.837,-22.843],[-46.858,-22.836]]]}},{"type":"Feature","properties":{"code":"3549102"},"geometry":{"type":"Polygon","coordinates":[[[-46.719,-22.083],[-46.665,-22.069],[-46.685,-22.037],[-46.65,-22.009],[-46.702,-21.978],[-46.735,-21.93],[-46.732,-21.874],[-46.758,-21.847],[-46.789,-21.839],[-46.862,-21.886],[-46.889,-21.873],[-46.935,-21.922],[-46.917,-21.965],[-46.94,-21.978],[-46.931,-22.011],[-46.903,-22.006],[-46.861,-22.05],[-46.892,-22.086],[-46.843,-22.095],[-46.802,-22.083],[-46.747,-22.092],[-46.719,-22.083]]]}},{"type":"Feature","properties":{"code":"3540903"},"geometry":{"type":"Polygon","coordinates":[[[-48.109,-21.429],[-48.05,-21.388],[-48.02,-21.329],[-47.994,-21.305],[-48.032,-21.317],[-48.07,-21.298],[-48.092,-21.262],[-48.135,-21.27],[-48.141,-21.318],[-48.147,-21.367],[-48.114,-21.42],[-48.109,-21.429]]]}},{"type":"Feature","properties":{"code":"3523800"},"geometry":{"type":"Polygon","coordinates":[[[-46.843,-21.759],[-46.872,-21.709],[-46.885,-21.697],[-46.98,-21.7],[-46.986,-21.742],[-46.968,-21.761],[-46.954,-21.799],[-46.963,-21.817],[-46.923,-21.814],[-46.895,-21.785],[-46.854,-21.779],[-46.843,-21.759]]]}},{"type":"Feature","properties":{"code":"3515608"},"geometry":{"type":"Polygon","coordinates":[[[-48.741,-21.246],[-48.733,-21.295],[-48.754,-21.421],[-48.726,-21.42],[-48.714,-21.398],[-48.685,-21.383],[-48.67,-21.338],[-48.619,-21.287],[-48.654,-21.231],[-48.696,-21.221],[-48.741,-21.246]]]}},{"type":"Feature","properties":{"code":"3540259"},"geometry":{"type":"Polygon","coordinates":[[[-50.625,-20.508],[-50.554,-20.528],[-50.528,-20.509],[-50.449,-20.486],[-50.446,-20.483],[-50.43,-20.412],[-50.469,-20.39],[-50.51,-20.395],[-50.542,-20.377],[-50.576,-20.398],[-50.589,-20.422],[-50.596,-20.471],[-50.625,-20.508]]]}},{"type":"Feature","properties":{"code":"3523909"},"geometry":{"type":"Polygon","coordinates":[[[-47.418,-23.358],[-47.381,-23.39],[-47.34,-23.437],[-47.326,-23.44],[-47.298,-23.417],[-47.284,-23.432],[-47.187,-23.418],[-47.138,-23.412],[-47.133,-23.381],[-47.143,-23.348],[-47.174,-23.326],[-47.169,-23.294],[-47.191,-23.27],[-47.146,-23.256],[-47.116,-23.225],[-47.129,-23.204],[-47.196,-23.187],[-47.212,-23.191],[-47.245,-23.23],[-47.326,-23.234],[-47.39,-23.155],[-47.419,-23.169],[-47.439,-23.193],[-47.426,-23.224],[-47.434,-23.241],[-47.404,-23.299],[-47.423,-23.316],[-47.418,-23.358]]]}},{"type":"Feature","properties":{"code":"3556602"},"geometry":{"type":"Polygon","coordinates":[[[-49.913,-22.336],[-49.855,-22.357],[-49.845,-22.322],[-49.8,-22.298],[-49.743,-22.293],[-49.757,-22.252],[-49.75,-22.203],[-49.774,-22.179],[-49.798,-22.177],[-49.825,-22.113],[-49.849,-22.097],[-49.864,-22.132],[-49.891,-22.143],[-49.863,-22.214],[-49.861,-22.263],[-49.889,-22.31],[-49.913,-22.336]]]}},{"type":"Feature","properties":{"code":"3515707"},"geometry":{"type":"Polygon","coordinates":[[[-46.383,-23.618],[-46.35,-23.573],[-46.366,-23.512],[-46.395,-23.532],[-46.383,-23.599],[-46.395,-23.612],[-46.384,-23.618],[-46.383,-23.618]]]}},{"type":"Feature","properties":{"code":"3532058"},"geometry":{"type":"Polygon","coordinates":[[[-48.26,-21.539],[-48.192,-21.618],[-48.166,-21.606],[-48.143,-21.554],[-48.096,-21.525],[-48.074,-21.479],[-48.102,-21.454],[-48.109,-21.429],[-48.114,-21.42],[-48.182,-21.448],[-48.198,-21.465],[-48.235,-21.474],[-48.263,-21.534],[-48.26,-21.539]]]}},{"type":"Feature","properties":{"code":"3540101"},"geometry":{"type":"Polygon","coordinates":[[[-49.312,-21.617],[-49.332,-21.651],[-49.383,-21.669],[-49.405,-21.695],[-49.414,-21.757],[-49.431,-21.779],[-49.403,-21.826],[-49.391,-21.831],[-49.366,-21.82],[-49.321,-21.778],[-49.319,-21.703],[-49.273,-21.659],[-49.312,-21.617]]]}},{"type":"Feature","properties":{"code":"3548401"},"geometry":{"type":"Polygon","coordinates":[[[-50.61,-21.657],[-50.571,-21.692],[-50.517,-21.71],[-50.496,-21.715],[-50.454,-21.688],[-50.445,-21.662],[-50.462,-21.645],[-50.468,-21.607],[-50.52,-21.619],[-50.556,-21.611],[-50.568,-21.64],[-50.61,-21.657]]]}},{"type":"Feature","properties":{"code":"3531902"},"geometry":{"type":"Polygon","coordinates":[[[-47.962,-20.814],[-47.965,-20.78],[-47.981,-20.727],[-47.972,-20.683],[-47.989,-20.617],[-48.019,-20.599],[-48.084,-20.585],[-48.134,-20.494],[-48.159,-20.461],[-48.211,-20.455],[-48.281,-20.471],[-48.284,-20.499],[-48.326,-20.532],[-48.352,-20.524],[-48.384,-20.537],[-48.345,-20.575],[-48.32,-20.589],[-48.35,-20.646],[-48.334,-20.665],[-48.338,-20.695],[-48.32,-20.726],[-48.297,-20.72],[-48.261,-20.738],[-48.243,-20.777],[-48.255,-20.806],[-48.234,-20.829],[-48.24,-20.851],[-48.208,-20.875],[-48.179,-20.887],[-48.104,-20.9],[-48.058,-20.93],[-48.035,-20.905],[-47.985,-20.876],[-47.962,-20.814]]]}},{"type":"Feature","properties":{"code":"3515657"},"geometry":{"type":"Polygon","coordinates":[[[-49.459,-22.337],[-49.481,-22.32],[-49.571,-22.325],[-49.585,-22.364],[-49.6,-22.369],[-49.604,-22.443],[-49.556,-22.392],[-49.513,-22.396],[-49.459,-22.337]]]}},{"type":"Feature","properties":{"code":"3523701"},"geometry":{"type":"Polygon","coordinates":[[[-47.101,-20.682],[-47.097,-20.644],[-47.123,-20.613],[-47.143,-20.566],[-47.153,-20.599],[-47.184,-20.603],[-47.252,-20.648],[-47.237,-20.686],[-47.186,-20.731],[-47.169,-20.703],[-47.127,-20.709],[-47.101,-20.682]]]}},{"type":"Feature","properties":{"code":"3515509"},"geometry":{"type":"Polygon","coordinates":[[[-50.339,-20.338],[-50.323,-20.373],[-50.322,-20.407],[-50.376,-20.452],[-50.373,-20.473],[-50.311,-20.469],[-50.285,-20.448],[-50.261,-20.413],[-50.22,-20.381],[-50.23,-20.362],[-50.209,-20.329],[-50.145,-20.314],[-50.164,-20.242],[-50.23,-20.219],[-50.222,-20.205],[-50.225,-20.177],[-50.27,-20.135],[-50.258,-20.107],[-50.309,-20.089],[-50.328,-20.105],[-50.389,-20.106],[-50.354,-20.234],[-50.362,-20.259],[-50.331,-20.302],[-50.339,-20.338]]]}},{"type":"Feature","properties":{"code":"3507456"},"geometry":{"type":"Polygon","coordinates":[[[-48.948,-22.826],[-48.964,-22.79],[-48.956,-22.753],[-48.939,-22.739],[-48.935,-22.68],[-48.945,-22.621],[-48.89,-22.554],[-48.932,-22.53],[-48.963,-22.53],[-49.002,-22.547],[-49.0,-22.577],[-49.016,-22.631],[-49.055,-22.652],[-49.076,-22.646],[-49.095,-22.667],[-49.095,-22.698],[-49.031,-22.763],[-49.031,-22.834],[-48.983,-22.84],[-48.948,-22.826]]]}},{"type":"Feature","properties":{"code":"3507407"},"geometry":{"type":"Polygon","coordinates":[[[-48.911,-21.674],[-48.972,-21.661],[-48.962,-21.635],[-48.974,-21.588],[-48.964,-21.542],[-49.0,-21.485],[-48.991,-21.456],[-49.019,-21.482],[-49.055,-21.488],[-49.082,-21.465],[-49.15,-21.53],[-49.156,-21.556],[-49.188,-21.596],[-49.241,-21.624],[-49.213,-21.671],[-49.206,-21.654],[-49.164,-21.647],[-49.151,-21.685],[-49.105,-21.751],[-49.084,-21.756],[-49.005,-21.699],[-48.96,-21.699],[-48.911,-21.674]]]}},{"type":"Feature","properties":{"code":"3556453"},"geometry":{"type":"Polygon","coordinates":[[[-47.059,-23.628],[-46.988,-23.665],[-46.981,-23.602],[-47.008,-23.578],[-47.028,-23.581],[-47.059,-23.628]]]}},{"type":"Feature","properties":{"code":"3507506"},"geometry":{"type":"Polygon","coordinates":[[[-48.291,-22.958],[-48.302,-22.914],[-48.293,-22.877],[-48.26,-22.866],[-48.257,-22.828],[-48.264,-22.767],[-48.285,-22.736],[-48.248,-22.733],[-48.25,-22.678],[-48.24,-22.649],[-48.246,-22.619],[-48.261,-22.605],[-48.278,-22.596],[-48.334,-22.625],[-48.365,-22.609],[-48.406,-22.623],[-48.42,-22.663],[-48.411,-22.677],[-48.446,-22.724],[-48.475,-22.727],[-48.474,-22.773],[-48.501,-22.805],[-48.527,-22.807],[-48.548,-22.859],[-48.567,-22.853],[-48.664,-22.847],[-48.69,-22.874],[-48.743,-22.873],[-48.803,-22.845],[-48.799,-22.873],[-48.829,-22.892],[-48.828,-22.912],[-48.852,-22.932],[-48.827,-22.949],[-48.778,-22.965],[-48.705,-22.943],[-48.645,-22.966],[-48.636,-23.021],[-48.617,-23.039],[-48.566,-23.037],[-48.547,-23.052],[-48.502,-23.063],[-48.476,-23.082],[-48.459,-23.081],[-48.417,-22.999],[-48.351,-23.011],[-48.295,-22.981],[-48.291,-22.958]]]}},{"type":"Feature","properties":{"code":"3515905"},"geometry":{"type":"Polygon","coordinates":[[[-50.251,-20.737],[-50.239,-20.745],[-50.166,-20.755],[-50.143,-20.78],[-50.114,-20.764],[-50.123,-20.683],[-50.089,-20.631],[-50.114,-20.6],[-50.129,-20.557],[-50.12,-20.522],[-50.138,-20.521],[-50.16,-20.561],[-50.171,-20.616],[-50.212,-20.68],[-50.213,-20.705],[-50.251,-20.737]]]}},{"type":"Feature","properties":{"code":"3556503"},"geometry":{"type":"Polygon","coordinates":[[[-46.808,-23.255],[-46.797,-23.224],[-46.799,-23.188],[-46.825,-23.182],[-46.854,-23.211],[-46.849,-23.24],[-46.808,-23.255]]]}},{"type":"Feature","properties":{"code":"3507308"},"geometry":{"type":"Polygon","coordinates":[[[-48.844,-22.129],[-48.856,-22.167],[-48.819,-22.192],[-48.825,-22.213],[-48.803,-22.232],[-48.772,-22.227],[-48.745,-22.224],[-48.715,-22.18],[-48.754,-22.154],[-48.767,-22.105],[-48.794,-22.125],[-48.818,-22.107],[-48.844,-22.129]]]}},{"type":"Feature","properties":{"code":"3540507"},"geometry":{"type":"Polygon","coordinates":[[[-48.139,-23.271],[-48.057,-23.233],[-48.025,-23.202],[-48.021,-23.166],[-48.061,-23.148],[-48.057,-23.104],[-48.092,-23.087],[-48.16,-23.086],[-48.191,-23.127],[-48.189,-23.176],[-48.226,-23.196],[-48.174,-23.232],[-48.155,-23.262],[-48.139,-23.271]]]}},{"type":"Feature","properties":{"code":"3548302"},"geometry":{"type":"Polygon","coordinates":[[[-51.424,-21.877],[-51.386,-21.887],[-51.326,-21.872],[-51.335,-21.833],[-51.333,-21.787],[-51.343,-21.775],[-51.373,-21.741],[-51.395,-21.745],[-51.386,-21.761],[-51.391,-21.808],[-51.423,-21.874],[-51.424,-21.877]]]}},{"type":"Feature","properties":{"code":"3532306"},"geometry":{"type":"Polygon","coordinates":[[[-45.566,-23.332],[-45.577,-23.363],[-45.539,-23.376],[-45.562,-23.414],[-45.553,-23.453],[-45.522,-23.459],[-45.52,-23.483],[-45.483,-23.56],[-45.457,-23.577],[-45.444,-23.556],[-45.386,-23.556],[-45.349,-23.548],[-45.307,-23.496],[-45.273,-23.483],[-45.176,-23.439],[-45.175,-23.395],[-45.204,-23.396],[-45.196,-23.325],[-45.227,-23.332],[-45.278,-23.319],[-45.328,-23.326],[-45.348,-23.303],[-45.382,-23.288],[-45.445,-23.293],[-45.468,-23.312],[-45.513,-23.318],[-45.55,-23.339],[-45.566,-23.332]]]}},{"type":"Feature","properties":{"code":"3532157"},"geometry":{"type":"Polygon","coordinates":[[[-51.214,-22.724],[-51.182,-22.692],[-51.159,-22.637],[-51.135,-22.604],[-51.125,-22.558],[-51.1,-22.486],[-51.157,-22.484],[-51.217,-22.535],[-51.271,-22.545],[-51.288,-22.622],[-51.282,-22.643],[-51.298,-22.674],[-51.265,-22.668],[-51.214,-22.724]]]}},{"type":"Feature","properties":{"code":"3524105"},"geometry":{"type":"Polygon","coordinates":[[[-47.615,-20.482],[-47.634,-20.442],[-47.664,-20.422],[-47.626,-20.407],[-47.618,-20.363],[-47.645,-20.288],[-47.699,-20.277],[-47.733,-20.249],[-47.771,-20.248],[-47.792,-20.262],[-47.837,-20.242],[-47.86,-20.224],[-47.857,-20.194],[-47.889,-20.156],[-47.91,-20.175],[-47.91,-20.203],[-47.929,-20.214],[-47.924,-20.243],[-47.945,-20.265],[-47.983,-20.28],[-47.998,-20.309],[-48.04,-20.353],[-48.039,-20.363],[-47.952,-20.381],[-47.914,-20.416],[-47.891,-20.391],[-47.802,-20.392],[-47.744,-20.434],[-47.698,-20.455],[-47.634,-20.467],[-47.627,-20.48],[-47.615,-20.482]]]}},{"type":"Feature","properties":{"code":"3540309"},"geometry":{"type":"Polygon","coordinates":[[[-49.812,-20.195],[-49.8,-20.236],[-49.825,-20.266],[-49.821,-20.283],[-49.764,-20.272],[-49.725,-20.229],[-49.727,-20.209],[-49.687,-20.201],[-49.654,-20.171],[-49.68,-20.137],[-49.739,-20.114],[-49.749,-20.09],[-49.788,-20.087],[-49.806,-20.074],[-49.816,-20.094],[-49.803,-20.156],[-49.812,-20.195]]]}},{"type":"Feature","properties":{"code":"3556909"},"geometry":{"type":"Polygon","coordinates":[[[-48.707,-21.207],[-48.652,-21.211],[-48.626,-21.196],[-48.585,-21.213],[-48.581,-21.166],[-48.598,-21.143],[-48.64,-21.139],[-48.729,-21.165],[-48.707,-21.207]]]}},{"type":"Feature","properties":{"code":"3532108"},"geometry":{"type":"Polygon","coordinates":[[[-51.402,-21.075],[-51.405,-21.135],[-51.376,-21.116],[-51.33,-21.111],[-51.32,-21.065],[-51.297,-21.041],[-51.266,-21.041],[-51.227,-20.982],[-51.198,-20.95],[-51.217,-20.901],[-51.242,-20.858],[-51.291,-20.869],[-51.297,-20.906],[-51.283,-20.919],[-51.289,-20.954],[-51.306,-20.976],[-51.344,-20.982],[-51.383,-21.037],[-51.402,-21.075]]]}},{"type":"Feature","properties":{"code":"3540408"},"geometry":{"type":"Polygon","coordinates":[[[-50.614,-19.861],[-50.552,-19.992],[-50.518,-20.029],[-50.496,-20.037],[-50.466,-20.022],[-50.433,-19.984],[-50.447,-19.954],[-50.441,-19.932],[-50.474,-19.869],[-50.48,-19.827],[-50.454,-19.786],[-50.469,-19.78],[-50.562,-19.814],[-50.578,-19.816],[-50.614,-19.861]]]}},{"type":"Feature","properties":{"code":"3548708"},"geometry":{"type":"Polygon","coordinates":[[[-46.654,-23.73],[-46.621,-23.785],[-46.632,-23.851],[-46.616,-23.863],[-46.607,-23.954],[-46.612,-23.969],[-46.56,-23.946],[-46.53,-23.916],[-46.496,-23.899],[-46.456,-23.855],[-46.441,-23.828],[-46.41,-23.814],[-46.426,-23.813],[-46.491,-23.758],[-46.518,-23.743],[-46.522,-23.715],[-46.567,-23.65],[-46.583,-23.641],[-46.617,-23.658],[-46.579,-23.68],[-46.62,-23.739],[-46.654,-23.73]]]}},{"type":"Feature","properties":{"code":"3507704"},"geometry":{"type":"Polygon","coordinates":[[[-50.425,-21.631],[-50.364,-21.623],[-50.336,-21.635],[-50.3,-21.625],[-50.296,-21.573],[-50.274,-21.559],[-50.28,-21.532],[-50.259,-21.494],[-50.3,-21.457],[-50.343,-21.495],[-50.385,-21.49],[-50.409,-21.589],[-50.425,-21.631]]]}},{"type":"Feature","properties":{"code":"3532207"},"geometry":{"type":"Polygon","coordinates":[[[-51.628,-22.658],[-51.56,-22.697],[-51.517,-22.69],[-51.475,-22.679],[-51.446,-22.653],[-51.455,-22.636],[-51.458,-22.569],[-51.453,-22.516],[-51.467,-22.485],[-51.52,-22.459],[-51.493,-22.362],[-51.524,-22.356],[-51.553,-22.399],[-51.56,-22.434],[-51.551,-22.456],[-51.552,-22.525],[-51.578,-22.575],[-51.592,-22.624],[-51.628,-22.658]]]}},{"type":"Feature","properties":{"code":"3524006"},"geometry":{"type":"Polygon","coordinates":[[[-47.113,-23.226],[-47.051,-23.241],[-47.028,-23.237],[-47.029,-23.204],[-47.015,-23.182],[-47.024,-23.151],[-46.997,-23.117],[-47.037,-23.057],[-47.049,-23.051],[-47.088,-23.055],[-47.087,-23.091],[-47.144,-23.101],[-47.138,-23.133],[-47.114,-23.179],[-47.113,-23.226]]]}},{"type":"Feature","properties":{"code":"3539707"},"geometry":{"type":"Polygon","coordinates":[[[-50.106,-22.681],[-50.092,-22.642],[-50.101,-22.61],[-50.139,-22.574],[-50.169,-22.593],[-50.186,-22.544],[-50.224,-22.527],[-50.264,-22.563],[-50.301,-22.546],[-50.319,-22.555],[-50.31,-22.598],[-50.325,-22.677],[-50.276,-22.673],[-50.262,-22.701],[-50.245,-22.689],[-50.123,-22.715],[-50.106,-22.681]]]}},{"type":"Feature","properties":{"code":"3556701"},"geometry":{"type":"Polygon","coordinates":[[[-47.037,-23.057],[-46.997,-23.117],[-46.998,-23.092],[-46.977,-23.066],[-46.943,-23.067],[-46.916,-23.046],[-46.91,-23.018],[-46.957,-23.007],[-47.001,-23.015],[-47.032,-23.036],[-47.037,-23.057]]]}},{"type":"Feature","properties":{"code":"3515806"},"geometry":{"type":"Polygon","coordinates":[[[-51.284,-21.722],[-51.265,-21.675],[-51.323,-21.657],[-51.355,-21.636],[-51.393,-21.629],[-51.414,-21.643],[-51.495,-21.709],[-51.457,-21.742],[-51.395,-21.745],[-51.373,-21.741],[-51.343,-21.775],[-51.284,-21.722]]]}},{"type":"Feature","properties":{"code":"3548500"},"geometry":{"type":"Polygon","coordinates":[[[-46.355,-23.971],[-46.32,-23.977],[-46.306,-23.993],[-46.29,-23.984],[-46.312,-23.928],[-46.297,-23.916],[-46.238,-23.922],[-46.212,-23.916],[-46.178,-23.889],[-46.2,-23.88],[-46.236,-23.836],[-46.21,-23.813],[-46.236,-23.8],[-46.202,-23.751],[-46.24,-23.736],[-46.26,-23.768],[-46.278,-23.77],[-46.32,-23.803],[-46.375,-23.868],[-46.37,-23.914],[-46.386,-23.933],[-46.355,-23.971]]]}},{"type":"Feature","properties":{"code":"3531506"},"geometry":{"type":"Polygon","coordinates":[[[-48.786,-20.934],[-48.718,-20.978],[-48.694,-21.007],[-48.686,-21.01],[-48.633,-20.977],[-48.608,-20.948],[-48.589,-20.897],[-48.633,-20.85],[-48.636,-20.819],[-48.651,-20.834],[-48.697,-20.837],[-48.719,-20.813],[-48.745,-20.84],[-48.744,-20.894],[-48.786,-20.934]]]}},{"type":"Feature","properties":{"code":"3507753"},"geometry":{"type":"Polygon","coordinates":[[[-50.253,-21.117],[-50.239,-21.189],[-50.249,-21.213],[-50.235,-21.24],[-50.206,-21.258],[-50.185,-21.239],[-50.181,-21.184],[-50.157,-21.136],[-50.176,-21.114],[-50.218,-21.123],[-50.253,-21.117]]]}},{"type":"Feature","properties":{"code":"3556800"},"geometry":{"type":"Polygon","coordinates":[[[-48.409,-20.854],[-48.403,-20.881],[-48.378,-20.905],[-48.367,-20.949],[-48.286,-20.953],[-48.258,-20.931],[-48.208,-20.875],[-48.24,-20.851],[-48.234,-20.829],[-48.255,-20.806],[-48.295,-20.833],[-48.343,-20.833],[-48.359,-20.82],[-48.409,-20.854]]]}},{"type":"Feature","properties":{"code":"3548609"},"geometry":{"type":"Polygon","coordinates":[[[-45.676,-22.788],[-45.659,-22.738],[-45.631,-22.731],[-45.58,-22.653],[-45.56,-22.628],[-45.577,-22.602],[-45.618,-22.638],[-45.666,-22.651],[-45.681,-22.636],[-45.66,-22.599],[-45.679,-22.573],[-45.727,-22.587],[-45.73,-22.619],[-45.698,-22.65],[-45.743,-22.659],[-45.788,-22.693],[-45.812,-22.699],[-45.805,-22.737],[-45.757,-22.721],[-45.733,-22.722],[-45.712,-22.77],[-45.676,-22.788]]]}},{"type":"Feature","properties":{"code":"3523305"},"geometry":{"type":"Polygon","coordinates":[[[-47.066,-24.201],[-47.104,-24.225],[-47.131,-24.216],[-47.196,-24.244],[-47.193,-24.264],[-47.209,-24.31],[-47.247,-24.362],[-47.226,-24.377],[-47.12,-24.365],[-47.044,-24.335],[-47.021,-24.283],[-47.056,-24.265],[-47.029,-24.222],[-47.066,-24.201]]]}},{"type":"Feature","properties":{"code":"3515129"},"geometry":{"type":"Polygon","coordinates":[[[-51.423,-21.874],[-51.391,-21.808],[-51.386,-21.761],[-51.395,-21.745],[-51.457,-21.742],[-51.495,-21.709],[-51.512,-21.702],[-51.532,-21.743],[-51.525,-21.774],[-51.553,-21.835],[-51.574,-21.851],[-51.528,-21.866],[-51.444,-21.876],[-51.423,-21.874]]]}},{"type":"Feature","properties":{"code":"3515103"},"geometry":{"type":"Polygon","coordinates":[[[-46.912,-23.934],[-46.859,-23.938],[-46.811,-23.92],[-46.804,-23.892],[-46.777,-23.893],[-46.776,-23.856],[-46.763,-23.827],[-46.801,-23.802],[-46.777,-23.767],[-46.823,-23.768],[-46.875,-23.798],[-46.886,-23.841],[-46.849,-23.863],[-46.861,-23.886],[-46.889,-23.901],[-46.912,-23.934]]]}},{"type":"Feature","properties":{"code":"3547908"},"geometry":{"type":"Polygon","coordinates":[[[-47.118,-21.153],[-47.133,-21.133],[-47.115,-21.105],[-47.141,-21.086],[-47.148,-21.035],[-47.157,-21.019],[-47.144,-20.982],[-47.181,-20.954],[-47.194,-20.969],[-47.247,-20.987],[-47.254,-21.008],[-47.232,-21.079],[-47.309,-21.102],[-47.283,-21.138],[-47.244,-21.159],[-47.223,-21.201],[-47.19,-21.212],[-47.17,-21.194],[-47.118,-21.186],[-47.118,-21.153]]]}},{"type":"Feature","properties":{"code":"3515202"},"geometry":{"type":"Polygon","coordinates":[[[-50.43,-20.412],[-50.42,-20.381],[-50.39,-20.344],[-50.339,-20.338],[-50.331,-20.302],[-50.362,-20.259],[-50.354,-20.234],[-50.389,-20.106],[-50.394,-20.104],[-50.414,-20.144],[-50.451,-20.159],[-50.466,-20.196],[-50.451,-20.214],[-50.466,-20.237],[-50.458,-20.274],[-50.481,-20.3],[-50.468,-20.315],[-50.469,-20.39],[-50.43,-20.412]]]}},{"type":"Feature","properties":{"code":"3515194"},"geometry":{"type":"Polygon","coordinates":[[[-49.351,-22.643],[-49.419,-22.621],[-49.454,-22.584],[-49.507,-22.646],[-49.507,-22.683],[-49.495,-22.727],[-49.417,-22.739],[-49.38,-22.734],[-49.371,-22.707],[-49.34,-22.666],[-49.351,-22.643]]]}},{"type":"Feature","properties":{"code":"3515186"},"geometry":{"type":"Polygon","coordinates":[[[-46.791,-22.297],[-46.768,-22.286],[-46.723,-22.307],[-46.707,-22.258],[-46.68,-22.216],[-46.672,-22.178],[-46.713,-22.174],[-46.751,-22.13],[-46.747,-22.092],[-46.802,-22.083],[-46.843,-22.095],[-46.892,-22.086],[-46.875,-22.113],[-46.865,-22.131],[-46.9,-22.176],[-46.897,-22.205],[-46.9,-22.246],[-46.823,-22.267],[-46.791,-22.297]]]}},{"type":"Feature","properties":{"code":"3523206"},"geometry":{"type":"Polygon","coordinates":[[[-49.2,-24.098],[-49.193,-24.031],[-49.211,-23.981],[-49.246,-23.942],[-49.252,-23.906],[-49.289,-23.892],[-49.328,-23.903],[-49.43,-23.906],[-49.457,-23.919],[-49.502,-23.907],[-49.522,-23.917],[-49.512,-23.926],[-49.492,-23.993],[-49.458,-24.049],[-49.43,-24.069],[-49.409,-24.107],[-49.337,-24.138],[-49.351,-24.221],[-49.305,-24.251],[-49.287,-24.303],[-49.254,-24.318],[-49.227,-24.293],[-49.205,-24.303],[-49.145,-24.269],[-49.148,-24.258],[-49.137,-24.186],[-49.142,-24.146],[-49.167,-24.117],[-49.2,-24.098]]]}},{"type":"Feature","properties":{"code":"3515152"},"geometry":{"type":"Polygon","coordinates":[[[-47.236,-22.52],[-47.219,-22.527],[-47.169,-22.517],[-47.14,-22.526],[-47.104,-22.517],[-47.087,-22.475],[-47.136,-22.47],[-47.154,-22.482],[-47.189,-22.433],[-47.212,-22.431],[-47.253,-22.477],[-47.236,-22.52]]]}},{"type":"Feature","properties":{"code":"3515004"},"geometry":{"type":"Polygon","coordinates":[[[-46.801,-23.686],[-46.793,-23.647],[-46.819,-23.636],[-46.81,-23.61],[-46.837,-23.626],[-46.88,-23.619],[-46.907,-23.633],[-46.918,-23.657],[-46.892,-23.668],[-46.849,-23.685],[-46.801,-23.686]]]}},{"type":"Feature","properties":{"code":"3507605"},"geometry":{"type":"Polygon","coordinates":[[[-46.432,-23.038],[-46.411,-22.981],[-46.466,-22.913],[-46.479,-22.879],[-46.444,-22.841],[-46.443,-22.825],[-46.528,-22.827],[-46.583,-22.851],[-46.606,-22.826],[-46.624,-22.833],[-46.648,-22.884],[-46.682,-22.885],[-46.682,-22.93],[-46.716,-22.977],[-46.696,-23.011],[-46.663,-22.998],[-46.637,-23.018],[-46.587,-23.018],[-46.568,-23.043],[-46.537,-23.026],[-46.48,-23.031],[-46.465,-23.052],[-46.432,-23.038]]]}},{"type":"Feature","properties":{"code":"3556107"},"geometry":{"type":"Polygon","coordinates":[[[-50.154,-20.505],[-50.131,-20.479],[-50.054,-20.451],[-50.032,-20.425],[-50.053,-20.336],[-50.078,-20.305],[-50.081,-20.31],[-50.092,-20.375],[-50.139,-20.387],[-50.136,-20.424],[-50.203,-20.481],[-50.154,-20.505]]]}},{"type":"Feature","properties":{"code":"3514957"},"geometry":{"type":"Polygon","coordinates":[[[-48.796,-20.936],[-48.842,-20.913],[-48.883,-20.913],[-48.907,-20.892],[-48.909,-20.915],[-48.86,-21.006],[-48.844,-21.015],[-48.805,-20.987],[-48.796,-20.936]]]}},{"type":"Feature","properties":{"code":"3539608"},"geometry":{"type":"Polygon","coordinates":[[[-50.055,-20.997],[-49.985,-21.046],[-49.981,-21.088],[-49.997,-21.099],[-49.96,-21.133],[-49.925,-21.076],[-49.897,-21.066],[-49.862,-21.03],[-49.859,-21.005],[-49.827,-20.954],[-49.851,-20.932],[-49.882,-20.917],[-49.923,-20.92],[-49.957,-20.907],[-49.975,-20.911],[-49.994,-20.95],[-50.033,-20.978],[-50.055,-20.997]]]}},{"type":"Feature","properties":{"code":"3506904"},"geometry":{"type":"Polygon","coordinates":[[[-48.492,-23.261],[-48.451,-23.272],[-48.417,-23.263],[-48.402,-23.287],[-48.359,-23.303],[-48.341,-23.272],[-48.303,-23.258],[-48.241,-23.28],[-48.26,-23.23],[-48.226,-23.196],[-48.189,-23.176],[-48.191,-23.127],[-48.16,-23.086],[-48.145,-23.074],[-48.126,-23.029],[-48.133,-22.985],[-48.163,-22.998],[-48.178,-22.978],[-48.213,-22.994],[-48.247,-22.97],[-48.291,-22.958],[-48.295,-22.981],[-48.351,-23.011],[-48.355,-23.107],[-48.32,-23.131],[-48.363,-23.154],[-48.38,-23.183],[-48.428,-23.203],[-48.455,-23.214],[-48.492,-23.261]]]}},{"type":"Feature","properties":{"code":"3531407"},"geometry":{"type":"Polygon","coordinates":[[[-49.701,-20.861],[-49.684,-20.833],[-49.632,-20.801],[-49.656,-20.772],[-49.626,-20.758],[-49.605,-20.707],[-49.643,-20.709],[-49.649,-20.69],[-49.709,-20.637],[-49.734,-20.637],[-49.775,-20.616],[-49.791,-20.593],[-49.839,-20.614],[-49.828,-20.633],[-49.876,-20.669],[-49.904,-20.71],[-49.948,-20.699],[-49.925,-20.723],[-49.905,-20.76],[-49.88,-20.725],[-49.852,-20.734],[-49.82,-20.674],[-49.8,-20.679],[-49.762,-20.718],[-49.777,-20.812],[-49.8,-20.817],[-49.858,-20.802],[-49.872,-20.763],[-49.905,-20.762],[-49.913,-20.814],[-49.907,-20.86],[-49.882,-20.845],[-49.834,-20.849],[-49.811,-20.834],[-49.77,-20.847],[-49.715,-20.848],[-49.701,-20.861]]]}},{"type":"Feature","properties":{"code":"3507001"},"geometry":{"type":"Polygon","coordinates":[[[-47.737,-23.331],[-47.683,-23.335],[-47.676,-23.368],[-47.635,-23.369],[-47.61,-23.357],[-47.578,-23.364],[-47.575,-23.343],[-47.609,-23.299],[-47.616,-23.208],[-47.63,-23.192],[-47.681,-23.22],[-47.704,-23.216],[-47.742,-23.23],[-47.772,-23.252],[-47.772,-23.296],[-47.762,-23.321],[-47.737,-23.331]]]}},{"type":"Feature","properties":{"code":"3556008"},"geometry":{"type":"Polygon","coordinates":[[[-49.229,-21.315],[-49.221,-21.293],[-49.145,-21.216],[-49.145,-21.187],[-49.153,-21.185],[-49.171,-21.181],[-49.185,-21.145],[-49.227,-21.125],[-49.255,-21.135],[-49.316,-21.127],[-49.342,-21.154],[-49.377,-21.157],[-49.397,-21.18],[-49.388,-21.212],[-49.363,-21.24],[-49.334,-21.236],[-49.291,-21.268],[-49.285,-21.289],[-49.271,-21.286],[-49.229,-21.315]]]}},{"type":"Feature","properties":{"code":"3547809"},"geometry":{"type":"Polygon","coordinates":[[[-46.567,-23.65],[-46.522,-23.715],[-46.518,-23.743],[-46.491,-23.758],[-46.426,-23.813],[-46.41,-23.814],[-46.339,-23.782],[-46.32,-23.803],[-46.278,-23.77],[-46.322,-23.744],[-46.328,-23.728],[-46.387,-23.764],[-46.429,-23.766],[-46.45,-23.771],[-46.475,-23.718],[-46.492,-23.709],[-46.481,-23.674],[-46.485,-23.623],[-46.506,-23.626],[-46.548,-23.606],[-46.552,-23.642],[-46.567,-23.65]]]}},{"type":"Feature","properties":{"code":"3506805"},"geometry":{"type":"Polygon","coordinates":[[[-48.607,-21.988],[-48.615,-22.089],[-48.644,-22.117],[-48.624,-22.153],[-48.633,-22.167],[-48.572,-22.199],[-48.508,-22.194],[-48.439,-22.157],[-48.418,-22.163],[-48.396,-22.122],[-48.445,-22.063],[-48.503,-22.019],[-48.544,-22.035],[-48.564,-22.005],[-48.607,-21.988]]]}},{"type":"Feature","properties":{"code":"3515350"},"geometry":{"type":"Polygon","coordinates":[[[-52.62,-22.408],[-52.654,-22.446],[-52.684,-22.458],[-52.732,-22.524],[-52.764,-22.609],[-52.697,-22.627],[-52.663,-22.612],[-52.589,-22.566],[-52.538,-22.616],[-52.499,-22.634],[-52.447,-22.608],[-52.452,-22.555],[-52.468,-22.529],[-52.474,-22.446],[-52.466,-22.419],[-52.553,-22.391],[-52.582,-22.414],[-52.62,-22.408]]]}},{"type":"Feature","properties":{"code":"3540002"},"geometry":{"type":"Polygon","coordinates":[[[-50.173,-22.246],[-50.158,-22.225],[-50.17,-22.191],[-50.135,-22.147],[-50.139,-22.125],[-50.088,-22.027],[-50.049,-22.045],[-50.047,-22.015],[-50.086,-21.931],[-50.06,-21.875],[-50.128,-21.817],[-50.159,-21.858],[-50.223,-21.861],[-50.25,-21.883],[-50.27,-21.842],[-50.285,-21.959],[-50.248,-21.991],[-50.29,-22.04],[-50.259,-22.056],[-50.288,-22.084],[-50.277,-22.118],[-50.294,-22.15],[-50.346,-22.189],[-50.299,-22.209],[-50.255,-22.213],[-50.228,-22.238],[-50.173,-22.246]]]}},{"type":"Feature","properties":{"code":"3556354"},"geometry":{"type":"Polygon","coordinates":[[[-46.398,-22.969],[-46.396,-22.945],[-46.345,-22.905],[-46.376,-22.877],[-46.374,-22.82],[-46.404,-22.807],[-46.443,-22.825],[-46.444,-22.841],[-46.479,-22.879],[-46.466,-22.913],[-46.411,-22.981],[-46.398,-22.969]]]}},{"type":"Feature","properties":{"code":"3531803"},"geometry":{"type":"Polygon","coordinates":[[[-47.233,-23.007],[-47.207,-22.995],[-47.202,-22.93],[-47.247,-22.91],[-47.258,-22.899],[-47.275,-22.907],[-47.329,-22.892],[-47.342,-22.86],[-47.382,-22.88],[-47.396,-22.904],[-47.389,-22.984],[-47.291,-23.044],[-47.255,-22.998],[-47.233,-23.007]]]}},{"type":"Feature","properties":{"code":"3523602"},"geometry":{"type":"Polygon","coordinates":[[[-47.777,-22.444],[-47.794,-22.434],[-47.788,-22.395],[-47.76,-22.34],[-47.731,-22.299],[-47.714,-22.302],[-47.723,-22.273],[-47.713,-22.24],[-47.731,-22.203],[-47.76,-22.184],[-47.76,-22.163],[-47.8,-22.128],[-47.809,-22.148],[-47.9,-22.158],[-47.882,-22.201],[-47.906,-22.231],[-47.927,-22.305],[-47.949,-22.321],[-47.954,-22.398],[-47.916,-22.425],[-47.857,-22.431],[-47.813,-22.457],[-47.793,-22.448],[-47.777,-22.444]]]}},{"type":"Feature","properties":{"code":"3556305"},"geometry":{"type":"Polygon","coordinates":[[[-50.985,-21.433],[-50.985,-21.407],[-50.951,-21.36],[-50.946,-21.323],[-50.916,-21.317],[-50.903,-21.339],[-50.838,-21.236],[-50.804,-21.23],[-50.795,-21.187],[-50.756,-21.136],[-50.746,-21.095],[-50.802,-21.06],[-50.797,-20.985],[-50.798,-20.963],[-50.85,-20.936],[-50.876,-20.945],[-50.875,-20.978],[-50.914,-21.043],[-50.928,-21.106],[-50.948,-21.131],[-50.95,-21.171],[-50.981,-21.194],[-51.004,-21.192],[-51.054,-21.229],[-51.082,-21.273],[-51.092,-21.308],[-51.145,-21.374],[-51.1,-21.37],[-51.059,-21.399],[-51.026,-21.426],[-50.993,-21.437],[-50.985,-21.433]]]}},{"type":"Feature","properties":{"code":"3539806"},"geometry":{"type":"Polygon","coordinates":[[[-46.366,-23.512],[-46.35,-23.573],[-46.331,-23.539],[-46.33,-23.506],[-46.366,-23.512]]]}},{"type":"Feature","properties":{"code":"3515400"},"geometry":{"type":"Polygon","coordinates":[[[-49.476,-23.541],[-49.44,-23.489],[-49.452,-23.474],[-49.448,-23.421],[-49.395,-23.395],[-49.395,-23.358],[-49.418,-23.337],[-49.442,-23.336],[-49.521,-23.306],[-49.54,-23.281],[-49.56,-23.259],[-49.627,-23.282],[-49.622,-23.332],[-49.638,-23.35],[-49.595,-23.367],[-49.602,-23.409],[-49.582,-23.429],[-49.598,-23.458],[-49.567,-23.494],[-49.514,-23.508],[-49.476,-23.541]]]}},{"type":"Feature","properties":{"code":"3548104"},"geometry":{"type":"Polygon","coordinates":[[[-46.646,-22.181],[-46.641,-22.158],[-46.613,-22.15],[-46.624,-22.108],[-46.647,-22.092],[-46.7,-22.095],[-46.719,-22.083],[-46.747,-22.092],[-46.751,-22.13],[-46.713,-22.174],[-46.672,-22.178],[-46.646,-22.181]]]}},{"type":"Feature","properties":{"code":"3556404"},"geometry":{"type":"Polygon","coordinates":[[[-46.963,-21.817],[-46.988,-21.848],[-47.004,-21.918],[-46.982,-21.968],[-46.94,-21.978],[-46.917,-21.965],[-46.935,-21.922],[-46.889,-21.873],[-46.862,-21.886],[-46.789,-21.839],[-46.758,-21.847],[-46.751,-21.834],[-46.772,-21.824],[-46.843,-21.759],[-46.854,-21.779],[-46.895,-21.785],[-46.923,-21.814],[-46.963,-21.817]]]}},{"type":"Feature","properties":{"code":"3531605"},"geometry":{"type":"Polygon","coordinates":[[[-51.653,-21.284],[-51.62,-21.298],[-51.616,-21.327],[-51.61,-21.341],[-51.507,-21.332],[-51.498,-21.312],[-51.491,-21.24],[-51.496,-21.22],[-51.523,-21.2],[-51.574,-21.187],[-51.614,-21.142],[-51.64,-21.163],[-51.621,-21.19],[-51.637,-21.255],[-51.653,-21.284]]]}},{"type":"Feature","properties":{"code":"3539905"},"geometry":{"type":"Polygon","coordinates":[[[-49.905,-20.762],[-49.872,-20.763],[-49.858,-20.802],[-49.8,-20.817],[-49.777,-20.812],[-49.762,-20.718],[-49.8,-20.679],[-49.82,-20.674],[-49.852,-20.734],[-49.88,-20.725],[-49.905,-20.76],[-49.905,-20.762]]]}},{"type":"Feature","properties":{"code":"3548203"},"geometry":{"type":"Polygon","coordinates":[[[-45.768,-22.837],[-45.74,-22.889],[-45.667,-22.876],[-45.629,-22.834],[-45.614,-22.797],[-45.676,-22.788],[-45.712,-22.77],[-45.771,-22.806],[-45.768,-22.837]]]}},{"type":"Feature","properties":{"code":"3523404"},"geometry":{"type":"Polygon","coordinates":[[[-46.865,-23.076],[-46.847,-23.098],[-46.793,-23.103],[-46.766,-23.099],[-46.728,-23.039],[-46.732,-23.014],[-46.761,-23.002],[-46.716,-22.977],[-46.682,-22.93],[-46.704,-22.926],[-46.758,-22.936],[-46.823,-22.93],[-46.871,-22.94],[-46.879,-22.927],[-46.879,-22.927],[-46.926,-22.974],[-46.91,-23.018],[-46.916,-23.046],[-46.865,-23.076]]]}},{"type":"Feature","properties":{"code":"3531704"},"geometry":{"type":"Polygon","coordinates":[[[-45.871,-22.872],[-45.864,-22.893],[-45.895,-22.94],[-45.881,-22.965],[-45.929,-23.013],[-45.891,-23.012],[-45.842,-23.041],[-45.725,-22.969],[-45.705,-22.948],[-45.675,-22.927],[-45.666,-22.882],[-45.667,-22.876],[-45.74,-22.889],[-45.768,-22.837],[-45.848,-22.838],[-45.871,-22.872]]]}},{"type":"Feature","properties":{"code":"3523503"},"geometry":{"type":"Polygon","coordinates":[[[-48.476,-23.082],[-48.502,-23.063],[-48.547,-23.052],[-48.566,-23.037],[-48.617,-23.039],[-48.636,-23.021],[-48.645,-22.966],[-48.705,-22.943],[-48.778,-22.965],[-48.761,-22.993],[-48.778,-23.047],[-48.771,-23.069],[-48.741,-23.09],[-48.751,-23.114],[-48.734,-23.148],[-48.745,-23.166],[-48.736,-23.208],[-48.746,-23.251],[-48.772,-23.266],[-48.774,-23.302],[-48.704,-23.342],[-48.648,-23.329],[-48.593,-23.315],[-48.554,-23.279],[-48.492,-23.261],[-48.455,-23.214],[-48.428,-23.203],[-48.45,-23.174],[-48.476,-23.082]]]}},{"type":"Feature","properties":{"code":"3507159"},"geometry":{"type":"Polygon","coordinates":[[[-49.254,-24.318],[-49.245,-24.332],[-49.201,-24.345],[-49.254,-24.405],[-49.187,-24.376],[-49.137,-24.334],[-49.12,-24.33],[-49.093,-24.319],[-49.075,-24.284],[-49.108,-24.251],[-49.148,-24.258],[-49.145,-24.269],[-49.205,-24.303],[-49.227,-24.293],[-49.254,-24.318]]]}},{"type":"Feature","properties":{"code":"3556206"},"geometry":{"type":"Polygon","coordinates":[[[-47.049,-23.051],[-47.037,-23.057],[-47.032,-23.036],[-47.001,-23.015],[-46.957,-23.007],[-46.91,-23.018],[-46.926,-22.974],[-46.879,-22.927],[-46.94,-22.928],[-46.951,-22.91],[-46.982,-22.904],[-46.992,-22.928],[-47.029,-22.97],[-47.064,-22.992],[-47.072,-23.023],[-47.049,-23.051]]]}},{"type":"Feature","properties":{"code":"3539202"},"geometry":{"type":"Polygon","coordinates":[[[-51.89,-22.613],[-51.857,-22.632],[-51.772,-22.614],[-51.733,-22.629],[-51.718,-22.669],[-51.629,-22.658],[-51.628,-22.658],[-51.592,-22.624],[-51.578,-22.575],[-51.552,-22.525],[-51.551,-22.456],[-51.56,-22.434],[-51.553,-22.399],[-51.524,-22.356],[-51.493,-22.362],[-51.461,-22.308],[-51.45,-22.274],[-51.413,-22.245],[-51.434,-22.206],[-51.476,-22.198],[-51.513,-22.251],[-51.57,-22.261],[-51.6,-22.281],[-51.534,-22.293],[-51.555,-22.346],[-51.559,-22.39],[-51.571,-22.399],[-51.573,-22.489],[-51.592,-22.494],[-51.618,-22.558],[-51.65,-22.572],[-51.685,-22.549],[-51.761,-22.534],[-51.784,-22.535],[-51.855,-22.61],[-51.89,-22.613]]]}},{"type":"Feature","properties":{"code":"3515301"},"geometry":{"type":"Polygon","coordinates":[[[-51.784,-22.535],[-51.761,-22.534],[-51.685,-22.549],[-51.65,-22.572],[-51.618,-22.558],[-51.592,-22.494],[-51.573,-22.489],[-51.571,-22.399],[-51.59,-22.399],[-51.657,-22.443],[-51.681,-22.434],[-51.711,-22.392],[-51.73,-22.421],[-51.729,-22.45],[-51.755,-22.471],[-51.784,-22.535]]]}},{"type":"Feature","properties":{"code":"3548005"},"geometry":{"type":"Polygon","coordinates":[[[-46.931,-22.682],[-46.898,-22.657],[-46.899,-22.628],[-46.864,-22.602],[-46.869,-22.584],[-46.872,-22.548],[-46.888,-22.547],[-46.918,-22.576],[-46.933,-22.562],[-46.987,-22.544],[-46.999,-22.559],[-47.048,-22.57],[-47.031,-22.619],[-47.015,-22.609],[-46.978,-22.654],[-46.939,-22.658],[-46.931,-22.683],[-46.931,-22.682]]]}},{"type":"Feature","properties":{"code":"3531001"},"geometry":{"type":"Polygon","coordinates":[[[-50.024,-20.824],[-50.093,-20.811],[-50.121,-20.831],[-50.164,-20.875],[-50.092,-20.887],[-50.051,-20.931],[-50.031,-20.89],[-50.024,-20.824]]]}},{"type":"Feature","properties":{"code":"3522802"},"geometry":{"type":"Polygon","coordinates":[[[-49.56,-23.794],[-49.508,-23.792],[-49.469,-23.771],[-49.414,-23.784],[-49.387,-23.759],[-49.358,-23.761],[-49.334,-23.782],[-49.343,-23.758],[-49.301,-23.738],[-49.327,-23.681],[-49.357,-23.677],[-49.359,-23.652],[-49.404,-23.628],[-49.4,-23.58],[-49.476,-23.541],[-49.514,-23.508],[-49.567,-23.494],[-49.549,-23.52],[-49.555,-23.541],[-49.517,-23.618],[-49.49,-23.63],[-49.496,-23.652],[-49.539,-23.653],[-49.575,-23.676],[-49.549,-23.704],[-49.567,-23.737],[-49.56,-23.794]]]}},{"type":"Feature","properties":{"code":"3507209"},"geometry":{"type":"Polygon","coordinates":[[[-50.465,-22.316],[-50.479,-22.258],[-50.453,-22.215],[-50.452,-22.173],[-50.485,-22.152],[-50.524,-22.22],[-50.552,-22.233],[-50.559,-22.295],[-50.49,-22.319],[-50.465,-22.316]]]}},{"type":"Feature","properties":{"code":"3514601"},"geometry":{"type":"Polygon","coordinates":[[[-47.994,-21.305],[-47.989,-21.309],[-47.926,-21.267],[-47.922,-21.242],[-47.943,-21.2],[-47.989,-21.217],[-48.042,-21.203],[-48.052,-21.229],[-48.028,-21.277],[-47.994,-21.305]]]}},{"type":"Feature","properties":{"code":"3548054"},"geometry":{"type":"Polygon","coordinates":[[[-50.3,-21.001],[-50.276,-20.927],[-50.263,-20.905],[-50.277,-20.884],[-50.323,-20.873],[-50.336,-20.846],[-50.373,-20.854],[-50.384,-20.809],[-50.412,-20.813],[-50.432,-20.797],[-50.456,-20.779],[-50.506,-20.761],[-50.602,-20.773],[-50.643,-20.753],[-50.686,-20.708],[-50.721,-20.706],[-50.745,-20.721],[-50.757,-20.682],[-50.8,-20.672],[-50.814,-20.734],[-50.851,-20.803],[-50.873,-20.827],[-50.867,-20.831],[-50.763,-20.892],[-50.678,-20.892],[-50.634,-20.951],[-50.613,-20.968],[-50.573,-20.977],[-50.53,-21.019],[-50.526,-21.033],[-50.456,-21.045],[-50.425,-21.035],[-50.395,-21.063],[-50.358,-21.044],[-50.323,-21.008],[-50.3,-21.001]]]}},{"type":"Feature","properties":{"code":"3507100"},"geometry":{"type":"Polygon","coordinates":[[[-46.509,-23.233],[-46.472,-23.233],[-46.44,-23.199],[-46.415,-23.121],[-46.483,-23.112],[-46.543,-23.208],[-46.509,-23.233]]]}},{"type":"Feature","properties":{"code":"3514502"},"geometry":{"type":"Polygon","coordinates":[[[-49.513,-22.396],[-49.484,-22.394],[-49.477,-22.418],[-49.503,-22.479],[-49.485,-22.503],[-49.45,-22.493],[-49.394,-22.45],[-49.367,-22.439],[-49.355,-22.408],[-49.317,-22.389],[-49.324,-22.369],[-49.285,-22.345],[-49.324,-22.321],[-49.408,-22.319],[-49.423,-22.294],[-49.459,-22.337],[-49.513,-22.396]]]}},{"type":"Feature","properties":{"code":"3522653"},"geometry":{"type":"Polygon","coordinates":[[[-49.251,-24.445],[-49.245,-24.465],[-49.296,-24.5],[-49.28,-24.536],[-49.316,-24.555],[-49.304,-24.597],[-49.312,-24.663],[-49.278,-24.693],[-49.208,-24.701],[-49.186,-24.673],[-49.158,-24.672],[-49.151,-24.64],[-49.171,-24.612],[-49.136,-24.587],[-49.132,-24.538],[-49.123,-24.495],[-49.193,-24.446],[-49.206,-24.41],[-49.251,-24.445]]]}},{"type":"Feature","properties":{"code":"3555604"},"geometry":{"type":"Polygon","coordinates":[[[-49.257,-20.962],[-49.213,-20.986],[-49.181,-21.026],[-49.181,-21.047],[-49.142,-21.08],[-49.13,-21.07],[-49.131,-21.044],[-49.111,-21.028],[-49.13,-20.998],[-49.133,-20.968],[-49.105,-20.928],[-49.106,-20.889],[-49.078,-20.811],[-49.093,-20.787],[-49.142,-20.824],[-49.15,-20.848],[-49.194,-20.904],[-49.252,-20.918],[-49.257,-20.962]]]}},{"type":"Feature","properties":{"code":"3539103"},"geometry":{"type":"Polygon","coordinates":[[[-47.038,-23.436],[-46.985,-23.433],[-46.929,-23.388],[-46.902,-23.366],[-46.938,-23.348],[-46.938,-23.322],[-46.959,-23.327],[-47.043,-23.352],[-47.031,-23.372],[-47.038,-23.436]]]}},{"type":"Feature","properties":{"code":"3506409"},"geometry":{"type":"Polygon","coordinates":[[[-50.422,-21.446],[-50.418,-21.418],[-50.446,-21.392],[-50.466,-21.308],[-50.484,-21.351],[-50.523,-21.39],[-50.539,-21.437],[-50.554,-21.45],[-50.517,-21.464],[-50.493,-21.522],[-50.459,-21.51],[-50.441,-21.488],[-50.422,-21.446]]]}},{"type":"Feature","properties":{"code":"3547403"},"geometry":{"type":"Polygon","coordinates":[[[-50.76,-20.165],[-50.744,-20.135],[-50.74,-20.113],[-50.762,-20.081],[-50.767,-20.05],[-50.797,-20.02],[-50.811,-19.986],[-50.844,-19.968],[-50.886,-19.99],[-50.839,-20.028],[-50.825,-20.053],[-50.871,-20.132],[-50.865,-20.166],[-50.823,-20.217],[-50.792,-20.162],[-50.76,-20.165]]]}},{"type":"Feature","properties":{"code":"3530904"},"geometry":{"type":"Polygon","coordinates":[[[-47.701,-22.919],[-47.66,-22.997],[-47.623,-22.994],[-47.572,-22.968],[-47.525,-22.963],[-47.51,-22.896],[-47.519,-22.887],[-47.55,-22.907],[-47.609,-22.902],[-47.619,-22.923],[-47.701,-22.919]]]}},{"type":"Feature","properties":{"code":"3522703"},"geometry":{"type":"Polygon","coordinates":[[[-48.727,-21.687],[-48.677,-21.684],[-48.677,-21.628],[-48.624,-21.617],[-48.584,-21.628],[-48.574,-21.579],[-48.629,-21.559],[-48.655,-21.544],[-48.663,-21.491],[-48.706,-21.49],[-48.726,-21.42],[-48.754,-21.421],[-48.773,-21.428],[-48.848,-21.391],[-48.873,-21.394],[-48.9,-21.371],[-48.979,-21.416],[-48.991,-21.456],[-49.0,-21.485],[-48.964,-21.542],[-48.974,-21.588],[-48.962,-21.635],[-48.972,-21.661],[-48.911,-21.674],[-48.875,-21.655],[-48.838,-21.674],[-48.795,-21.716],[-48.776,-21.699],[-48.727,-21.687]]]}},{"type":"Feature","properties":{"code":"3555406"},"geometry":{"type":"Polygon","coordinates":[[[-45.277,-23.578],[-45.244,-23.594],[-45.212,-23.566],[-45.219,-23.529],[-45.159,-23.538],[-45.174,-23.496],[-45.123,-23.501],[-45.103,-23.49],[-45.072,-23.497],[-45.056,-23.459],[-45.069,-23.433],[-45.054,-23.417],[-45.015,-23.419],[-44.977,-23.4],[-44.942,-23.357],[-44.906,-23.334],[-44.837,-23.37],[-44.84,-23.388],[-44.751,-23.366],[-44.724,-23.368],[-44.778,-23.338],[-44.787,-23.299],[-44.825,-23.292],[-44.828,-23.271],[-44.889,-23.227],[-44.883,-23.203],[-44.932,-23.209],[-44.957,-23.242],[-44.984,-23.23],[-45.014,-23.264],[-45.01,-23.306],[-45.034,-23.315],[-45.079,-23.308],[-45.073,-23.35],[-45.144,-23.366],[-45.175,-23.395],[-45.176,-23.439],[-45.273,-23.483],[-45.277,-23.578]]]}},{"type":"Feature","properties":{"code":"3555505"},"geometry":{"type":"Polygon","coordinates":[[[-49.566,-22.575],[-49.607,-22.536],[-49.608,-22.497],[-49.629,-22.469],[-49.651,-22.44],[-49.684,-22.466],[-49.704,-22.439],[-49.72,-22.462],[-49.772,-22.501],[-49.748,-22.54],[-49.736,-22.588],[-49.707,-22.619],[-49.688,-22.601],[-49.631,-22.624],[-49.625,-22.65],[-49.599,-22.665],[-49.585,-22.606],[-49.566,-22.575]]]}},{"type":"Feature","properties":{"code":"3539400"},"geometry":{"type":"Polygon","coordinates":[[[-49.08,-22.417],[-49.108,-22.397],[-49.131,-22.351],[-49.17,-22.345],[-49.223,-22.304],[-49.258,-22.343],[-49.285,-22.345],[-49.324,-22.369],[-49.317,-22.389],[-49.3,-22.392],[-49.267,-22.494],[-49.214,-22.52],[-49.151,-22.52],[-49.099,-22.508],[-49.081,-22.489],[-49.066,-22.442],[-49.08,-22.417]]]}},{"type":"Feature","properties":{"code":"3531209"},"geometry":{"type":"Polygon","coordinates":[[[-46.728,-22.655],[-46.728,-22.682],[-46.683,-22.737],[-46.708,-22.779],[-46.661,-22.769],[-46.613,-22.753],[-46.622,-22.723],[-46.629,-22.654],[-46.658,-22.664],[-46.679,-22.646],[-46.728,-22.655]]]}},{"type":"Feature","properties":{"code":"3539509"},"geometry":{"type":"Polygon","coordinates":[[[-48.125,-21.089],[-48.134,-21.046],[-48.127,-21.027],[-48.143,-21.001],[-48.174,-20.919],[-48.179,-20.887],[-48.208,-20.875],[-48.258,-20.931],[-48.286,-20.953],[-48.367,-20.949],[-48.383,-20.983],[-48.378,-21.009],[-48.433,-21.037],[-48.389,-21.044],[-48.371,-21.058],[-48.318,-21.061],[-48.271,-21.081],[-48.188,-21.086],[-48.187,-21.13],[-48.154,-21.097],[-48.125,-21.089]]]}},{"type":"Feature","properties":{"code":"3547304"},"geometry":{"type":"Polygon","coordinates":[[[-46.966,-23.498],[-46.953,-23.484],[-46.9,-23.492],[-46.862,-23.483],[-46.811,-23.485],[-46.8,-23.47],[-46.823,-23.422],[-46.863,-23.419],[-46.871,-23.401],[-46.929,-23.388],[-46.985,-23.433],[-47.038,-23.436],[-47.012,-23.446],[-47.017,-23.473],[-46.997,-23.507],[-46.995,-23.507],[-46.966,-23.498]]]}},{"type":"Feature","properties":{"code":"3506300"},"geometry":{"type":"Polygon","coordinates":[[[-49.547,-23.129],[-49.515,-23.143],[-49.457,-23.136],[-49.442,-23.111],[-49.442,-23.056],[-49.412,-23.052],[-49.457,-22.975],[-49.459,-22.913],[-49.523,-22.907],[-49.511,-22.951],[-49.518,-22.977],[-49.554,-22.973],[-49.558,-23.0],[-49.553,-23.048],[-49.529,-23.101],[-49.547,-23.129]]]}},{"type":"Feature","properties":{"code":"3531308"},"geometry":{"type":"Polygon","coordinates":[[[-48.577,-21.34],[-48.545,-21.352],[-48.485,-21.334],[-48.451,-21.347],[-48.427,-21.319],[-48.425,-21.275],[-48.44,-21.25],[-48.428,-21.231],[-48.45,-21.211],[-48.453,-21.185],[-48.477,-21.179],[-48.536,-21.186],[-48.538,-21.17],[-48.581,-21.166],[-48.585,-21.213],[-48.626,-21.196],[-48.652,-21.211],[-48.707,-21.207],[-48.696,-21.221],[-48.654,-21.231],[-48.619,-21.287],[-48.577,-21.34]]]}},{"type":"Feature","properties":{"code":"3547650"},"geometry":{"type":"Polygon","coordinates":[[[-50.785,-20.336],[-50.742,-20.324],[-50.734,-20.312],[-50.701,-20.272],[-50.671,-20.254],[-50.669,-20.221],[-50.683,-20.193],[-50.712,-20.2],[-50.728,-20.229],[-50.748,-20.234],[-50.759,-20.259],[-50.754,-20.295],[-50.785,-20.336]]]}},{"type":"Feature","properties":{"code":"3523107"},"geometry":{"type":"Polygon","coordinates":[[[-46.387,-23.475],[-46.366,-23.512],[-46.33,-23.506],[-46.288,-23.49],[-46.271,-23.43],[-46.354,-23.422],[-46.358,-23.437],[-46.394,-23.449],[-46.387,-23.475]]]}},{"type":"Feature","properties":{"code":"3514924"},"geometry":{"type":"Polygon","coordinates":[[[-49.091,-21.221],[-49.059,-21.192],[-49.021,-21.18],[-49.046,-21.133],[-49.065,-21.133],[-49.118,-21.087],[-49.123,-21.136],[-49.153,-21.185],[-49.145,-21.187],[-49.109,-21.197],[-49.091,-21.221]]]}},{"type":"Feature","properties":{"code":"3555802"},"geometry":{"type":"Polygon","coordinates":[[[-50.683,-20.193],[-50.669,-20.221],[-50.671,-20.254],[-50.701,-20.272],[-50.734,-20.312],[-50.657,-20.327],[-50.638,-20.313],[-50.619,-20.275],[-50.592,-20.262],[-50.612,-20.192],[-50.603,-20.162],[-50.611,-20.131],[-50.628,-20.105],[-50.661,-20.087],[-50.663,-20.061],[-50.704,-20.13],[-50.682,-20.157],[-50.683,-20.193]]]}},{"type":"Feature","properties":{"code":"3506359"},"geometry":{"type":"Polygon","coordinates":[[[-46.202,-23.751],[-46.236,-23.8],[-46.21,-23.813],[-46.236,-23.836],[-46.2,-23.88],[-46.178,-23.889],[-46.133,-23.857],[-46.089,-23.822],[-46.039,-23.816],[-45.973,-23.785],[-45.898,-23.765],[-45.842,-23.758],[-45.795,-23.716],[-45.796,-23.683],[-45.833,-23.67],[-45.845,-23.644],[-45.916,-23.667],[-45.936,-23.701],[-45.977,-23.694],[-46.034,-23.721],[-46.077,-23.733],[-46.101,-23.718],[-46.17,-23.732],[-46.202,-23.751]]]}},{"type":"Feature","properties":{"code":"3514908"},"geometry":{"type":"Polygon","coordinates":[[[-47.301,-23.113],[-47.278,-23.071],[-47.291,-23.044],[-47.389,-22.984],[-47.446,-23.022],[-47.428,-23.101],[-47.412,-23.119],[-47.419,-23.169],[-47.39,-23.155],[-47.301,-23.113]]]}},{"type":"Feature","properties":{"code":"3539301"},"geometry":{"type":"Polygon","coordinates":[[[-47.216,-21.976],[-47.25,-21.966],[-47.282,-21.921],[-47.278,-21.883],[-47.31,-21.873],[-47.343,-21.84],[-47.385,-21.849],[-47.404,-21.878],[-47.402,-21.91],[-47.496,-21.917],[-47.512,-21.935],[-47.545,-21.981],[-47.583,-21.992],[-47.575,-22.014],[-47.602,-22.052],[-47.627,-22.044],[-47.578,-22.089],[-47.515,-22.082],[-47.459,-22.083],[-47.442,-22.064],[-47.4,-22.085],[-47.378,-22.096],[-47.328,-22.09],[-47.301,-22.103],[-47.255,-22.091],[-47.197,-22.099],[-47.234,-22.057],[-47.202,-22.034],[-47.216,-21.976]]]}},{"type":"Feature","properties":{"code":"3547601"},"geometry":{"type":"Polygon","coordinates":[[[-47.38,-21.395],[-47.43,-21.45],[-47.444,-21.495],[-47.427,-21.527],[-47.446,-21.555],[-47.446,-21.584],[-47.399,-21.614],[-47.364,-21.593],[-47.357,-21.57],[-47.306,-21.551],[-47.278,-21.528],[-47.279,-21.468],[-47.264,-21.451],[-47.298,-21.448],[-47.333,-21.415],[-47.38,-21.395]]]}},{"type":"Feature","properties":{"code":"3555901"},"geometry":{"type":"Polygon","coordinates":[[[-49.391,-21.831],[-49.377,-21.843],[-49.34,-21.838],[-49.285,-21.86],[-49.259,-21.816],[-49.267,-21.783],[-49.263,-21.727],[-49.242,-21.71],[-49.239,-21.671],[-49.273,-21.659],[-49.319,-21.703],[-49.321,-21.778],[-49.366,-21.82],[-49.391,-21.831]]]}},{"type":"Feature","properties":{"code":"3531100"},"geometry":{"type":"Polygon","coordinates":[[[-46.709,-24.144],[-46.604,-24.09],[-46.609,-24.038],[-46.593,-23.997],[-46.644,-24.011],[-46.725,-24.05],[-46.733,-24.087],[-46.727,-24.13],[-46.709,-24.144]]]}},{"type":"Feature","properties":{"code":"3547700"},"geometry":{"type":"Polygon","coordinates":[[[-51.739,-22.18],[-51.698,-22.193],[-51.64,-22.188],[-51.683,-22.143],[-51.73,-22.113],[-51.731,-22.099],[-51.657,-22.051],[-51.619,-22.004],[-51.607,-21.978],[-51.585,-21.971],[-51.56,-21.922],[-51.588,-21.901],[-51.654,-21.832],[-51.668,-21.826],[-51.681,-21.866],[-51.679,-21.898],[-51.742,-21.951],[-51.736,-21.976],[-51.774,-22.0],[-51.796,-22.041],[-51.83,-22.058],[-51.864,-22.043],[-51.881,-22.103],[-51.874,-22.177],[-51.822,-22.151],[-51.809,-22.177],[-51.772,-22.191],[-51.739,-22.18]]]}},{"type":"Feature","properties":{"code":"3522901"},"geometry":{"type":"Polygon","coordinates":[[[-48.733,-22.317],[-48.7,-22.319],[-48.631,-22.261],[-48.674,-22.193],[-48.715,-22.18],[-48.745,-22.224],[-48.772,-22.227],[-48.733,-22.317]]]}},{"type":"Feature","properties":{"code":"3523008"},"geometry":{"type":"Polygon","coordinates":[[[-51.343,-20.682],[-51.367,-20.627],[-51.366,-20.585],[-51.402,-20.564],[-51.386,-20.548],[-51.38,-20.506],[-51.419,-20.465],[-51.449,-20.483],[-51.493,-20.547],[-51.5,-20.568],[-51.568,-20.618],[-51.575,-20.623],[-51.522,-20.64],[-51.497,-20.669],[-51.457,-20.668],[-51.419,-20.681],[-51.372,-20.69],[-51.343,-20.682]]]}},{"type":"Feature","properties":{"code":"3514700"},"geometry":{"type":"Polygon","coordinates":[[[-50.069,-22.493],[-50.107,-22.416],[-50.117,-22.377],[-50.099,-22.364],[-50.138,-22.338],[-50.126,-22.287],[-50.15,-22.261],[-50.173,-22.246],[-50.183,-22.263],[-50.169,-22.32],[-50.229,-22.354],[-50.237,-22.379],[-50.276,-22.398],[-50.283,-22.415],[-50.336,-22.455],[-50.35,-22.479],[-50.328,-22.526],[-50.301,-22.546],[-50.264,-22.563],[-50.224,-22.527],[-50.186,-22.544],[-50.169,-22.593],[-50.139,-22.574],[-50.119,-22.559],[-50.088,-22.491],[-50.069,-22.493]]]}},{"type":"Feature","properties":{"code":"3555703"},"geometry":{"type":"Polygon","coordinates":[[[-49.907,-20.86],[-49.957,-20.907],[-49.923,-20.92],[-49.882,-20.917],[-49.851,-20.932],[-49.838,-20.899],[-49.834,-20.849],[-49.882,-20.845],[-49.907,-20.86]]]}},{"type":"Feature","properties":{"code":"3514809"},"geometry":{"type":"Polygon","coordinates":[[[-48.296,-24.801],[-48.29,-24.777],[-48.307,-24.732],[-48.24,-24.697],[-48.226,-24.678],[-48.162,-24.643],[-48.129,-24.649],[-48.126,-24.596],[-48.085,-24.581],[-48.053,-24.533],[-48.02,-24.529],[-48.013,-24.51],[-48.007,-24.452],[-48.014,-24.378],[-48.038,-24.364],[-48.065,-24.325],[-48.117,-24.319],[-48.104,-24.281],[-48.123,-24.234],[-48.115,-24.212],[-48.139,-24.194],[-48.144,-24.222],[-48.205,-24.263],[-48.241,-24.263],[-48.281,-24.282],[-48.275,-24.296],[-48.317,-24.313],[-48.361,-24.283],[-48.383,-24.304],[-48.354,-24.327],[-48.368,-24.39],[-48.352,-24.459],[-48.393,-24.49],[-48.398,-24.524],[-48.429,-24.532],[-48.427,-24.554],[-48.402,-24.571],[-48.447,-24.599],[-48.465,-24.66],[-48.444,-24.652],[-48.404,-24.666],[-48.422,-24.687],[-48.391,-24.734],[-48.378,-24.767],[-48.341,-24.802],[-48.296,-24.801]]]}},{"type":"Feature","properties":{"code":"3547502"},"geometry":{"type":"Polygon","coordinates":[[[-47.522,-21.804],[-47.511,-21.808],[-47.456,-21.781],[-47.426,-21.755],[-47.358,-21.786],[-47.347,-21.806],[-47.293,-21.752],[-47.323,-21.715],[-47.338,-21.681],[-47.329,-21.645],[-47.372,-21.65],[-47.399,-21.614],[-47.446,-21.584],[-47.45,-21.578],[-47.571,-21.559],[-47.592,-21.548],[-47.608,-21.582],[-47.643,-21.592],[-47.671,-21.603],[-47.679,-21.657],[-47.724,-21.706],[-47.682,-21.716],[-47.664,-21.742],[-47.632,-21.726],[-47.62,-21.745],[-47.588,-21.735],[-47.57,-21.784],[-47.522,-21.804]]]}},{"type":"Feature","properties":{"code":"3522307"},"geometry":{"type":"Polygon","coordinates":[[[-48.208,-23.849],[-48.152,-23.84],[-48.095,-23.799],[-48.052,-23.756],[-48.029,-23.767],[-47.997,-23.743],[-47.944,-23.754],[-47.923,-23.793],[-47.866,-23.783],[-47.849,-23.75],[-47.857,-23.721],[-47.885,-23.696],[-47.888,-23.666],[-47.91,-23.606],[-47.933,-23.605],[-47.934,-23.561],[-47.953,-23.554],[-47.967,-23.522],[-47.841,-23.51],[-47.807,-23.489],[-47.87,-23.445],[-47.9,-23.444],[-47.923,-23.462],[-47.95,-23.409],[-48.0,-23.431],[-48.049,-23.424],[-48.078,-23.419],[-48.117,-23.457],[-48.151,-23.466],[-48.174,-23.495],[-48.193,-23.49],[-48.237,-23.519],[-48.275,-23.572],[-48.304,-23.59],[-48.343,-23.575],[-48.38,-23.578],[-48.371,-23.631],[-48.367,-23.673],[-48.408,-23.715],[-48.395,-23.725],[-48.393,-23.781],[-48.369,-23.797],[-48.349,-23.831],[-48.331,-23.841],[-48.295,-23.826],[-48.271,-23.852],[-48.24,-23.861],[-48.208,-23.849]]]}},{"type":"Feature","properties":{"code":"3514106"},"geometry":{"type":"Polygon","coordinates":[[[-48.261,-22.605],[-48.248,-22.578],[-48.26,-22.54],[-48.235,-22.52],[-48.272,-22.529],[-48.279,-22.498],[-48.243,-22.479],[-48.279,-22.427],[-48.239,-22.367],[-48.293,-22.267],[-48.328,-22.265],[-48.314,-22.199],[-48.342,-22.181],[-48.394,-22.192],[-48.426,-22.273],[-48.456,-22.331],[-48.481,-22.356],[-48.468,-22.353],[-48.413,-22.381],[-48.399,-22.439],[-48.364,-22.495],[-48.36,-22.563],[-48.385,-22.58],[-48.365,-22.609],[-48.334,-22.625],[-48.278,-22.596],[-48.261,-22.605]]]}},{"type":"Feature","properties":{"code":"3506706"},"geometry":{"type":"Polygon","coordinates":[[[-48.441,-22.061],[-48.414,-22.035],[-48.349,-22.009],[-48.322,-21.989],[-48.291,-21.99],[-48.289,-21.955],[-48.254,-21.893],[-48.263,-21.872],[-48.313,-21.868],[-48.345,-21.853],[-48.397,-21.854],[-48.45,-21.845],[-48.517,-21.869],[-48.569,-21.865],[-48.594,-21.846],[-48.636,-21.836],[-48.658,-21.845],[-48.643,-21.905],[-48.679,-21.928],[-48.679,-21.929],[-48.642,-21.97],[-48.607,-21.988],[-48.564,-22.005],[-48.544,-22.035],[-48.503,-22.019],[-48.445,-22.063],[-48.441,-22.061]]]}},{"type":"Feature","properties":{"code":"3538709"},"geometry":{"type":"Polygon","coordinates":[[[-47.667,-22.799],[-47.63,-22.789],[-47.597,-22.796],[-47.545,-22.767],[-47.522,-22.779],[-47.495,-22.767],[-47.51,-22.736],[-47.49,-22.724],[-47.512,-22.692],[-47.549,-22.614],[-47.552,-22.58],[-47.579,-22.564],[-47.583,-22.542],[-47.631,-22.548],[-47.654,-22.521],[-47.669,-22.54],[-47.705,-22.593],[-47.803,-22.582],[-47.782,-22.598],[-47.801,-22.635],[-47.802,-22.666],[-47.821,-22.674],[-47.88,-22.648],[-47.92,-22.669],[-47.971,-22.667],[-48.071,-22.644],[-48.089,-22.652],[-48.099,-22.688],[-48.072,-22.736],[-48.032,-22.719],[-48.028,-22.753],[-48.032,-22.826],[-48.047,-22.832],[-48.014,-22.852],[-47.988,-22.888],[-47.931,-22.883],[-47.867,-22.861],[-47.869,-22.899],[-47.845,-22.902],[-47.809,-22.878],[-47.806,-22.877],[-47.794,-22.849],[-47.746,-22.828],[-47.719,-22.846],[-47.667,-22.799]]]}},{"type":"Feature","properties":{"code":"3506508"},"geometry":{"type":"Polygon","coordinates":[[[-50.422,-21.446],[-50.419,-21.465],[-50.354,-21.45],[-50.346,-21.402],[-50.313,-21.354],[-50.312,-21.299],[-50.288,-21.262],[-50.257,-21.246],[-50.249,-21.213],[-50.239,-21.189],[-50.253,-21.117],[-50.272,-21.104],[-50.273,-21.074],[-50.312,-21.077],[-50.347,-21.06],[-50.356,-21.126],[-50.38,-21.154],[-50.404,-21.233],[-50.39,-21.252],[-50.467,-21.297],[-50.466,-21.308],[-50.446,-21.392],[-50.418,-21.418],[-50.422,-21.446]]]}},{"type":"Feature","properties":{"code":"3530508"},"geometry":{"type":"Polygon","coordinates":[[[-47.241,-21.443],[-47.199,-21.491],[-47.166,-21.484],[-47.131,-21.494],[-47.103,-21.539],[-47.097,-21.568],[-47.081,-21.61],[-47.038,-21.623],[-46.979,-21.611],[-46.932,-21.541],[-46.911,-21.485],[-46.829,-21.497],[-46.83,-21.461],[-46.807,-21.428],[-46.773,-21.414],[-46.78,-21.37],[-46.836,-21.371],[-46.842,-21.389],[-46.885,-21.407],[-46.933,-21.425],[-47.013,-21.419],[-47.016,-21.396],[-46.997,-21.357],[-47.017,-21.342],[-47.044,-21.267],[-47.066,-21.269],[-47.108,-21.316],[-47.13,-21.328],[-47.157,-21.302],[-47.192,-21.348],[-47.215,-21.427],[-47.241,-21.443]]]}},{"type":"Feature","properties":{"code":"3506607"},"geometry":{"type":"Polygon","coordinates":[[[-46.101,-23.718],[-46.077,-23.733],[-46.034,-23.721],[-45.977,-23.694],[-45.936,-23.701],[-45.916,-23.667],[-45.939,-23.632],[-45.929,-23.599],[-45.965,-23.581],[-45.965,-23.554],[-45.993,-23.52],[-46.057,-23.542],[-46.077,-23.515],[-46.112,-23.541],[-46.088,-23.575],[-46.082,-23.68],[-46.101,-23.718]]]}},{"type":"Feature","properties":{"code":"3522158"},"geometry":{"type":"Polygon","coordinates":[[[-48.912,-24.674],[-48.84,-24.665],[-48.811,-24.675],[-48.76,-24.646],[-48.733,-24.641],[-48.755,-24.588],[-48.789,-24.558],[-48.887,-24.586],[-48.901,-24.556],[-48.949,-24.618],[-48.912,-24.633],[-48.912,-24.674]]]}},{"type":"Feature","properties":{"code":"3555109"},"geometry":{"type":"Polygon","coordinates":[[[-51.485,-21.427],[-51.483,-21.38],[-51.492,-21.369],[-51.498,-21.312],[-51.507,-21.332],[-51.61,-21.341],[-51.616,-21.327],[-51.62,-21.356],[-51.678,-21.348],[-51.723,-21.395],[-51.669,-21.433],[-51.644,-21.443],[-51.584,-21.44],[-51.544,-21.454],[-51.485,-21.427]]]}},{"type":"Feature","properties":{"code":"3538600"},"geometry":{"type":"Polygon","coordinates":[[[-46.483,-23.112],[-46.415,-23.121],[-46.396,-23.122],[-46.33,-23.1],[-46.28,-23.115],[-46.215,-23.108],[-46.205,-23.085],[-46.181,-23.08],[-46.14,-23.038],[-46.126,-23.009],[-46.087,-22.985],[-46.193,-23.003],[-46.231,-22.99],[-46.262,-22.997],[-46.34,-22.978],[-46.36,-22.964],[-46.398,-22.969],[-46.411,-22.981],[-46.432,-23.038],[-46.444,-23.093],[-46.483,-23.112]]]}},{"type":"Feature","properties":{"code":"3505906"},"geometry":{"type":"Polygon","coordinates":[[[-47.541,-21.035],[-47.503,-21.023],[-47.488,-20.998],[-47.44,-20.96],[-47.437,-20.918],[-47.407,-20.872],[-47.417,-20.842],[-47.412,-20.809],[-47.453,-20.76],[-47.495,-20.748],[-47.509,-20.725],[-47.567,-20.739],[-47.598,-20.693],[-47.612,-20.7],[-47.651,-20.721],[-47.65,-20.771],[-47.663,-20.82],[-47.718,-20.815],[-47.773,-20.856],[-47.78,-20.894],[-47.766,-20.931],[-47.718,-20.938],[-47.675,-20.936],[-47.644,-20.963],[-47.612,-20.962],[-47.607,-20.985],[-47.567,-21.025],[-47.541,-21.035]]]}},{"type":"Feature","properties":{"code":"3546900"},"geometry":{"type":"Polygon","coordinates":[[[-48.146,-21.702],[-48.095,-21.715],[-48.037,-21.695],[-47.944,-21.689],[-47.91,-21.678],[-47.998,-21.635],[-48.136,-21.644],[-48.17,-21.654],[-48.181,-21.684],[-48.146,-21.702]]]}},{"type":"Feature","properties":{"code":"3530409"},"geometry":{"type":"Polygon","coordinates":[[[-49.544,-20.617],[-49.531,-20.653],[-49.49,-20.666],[-49.484,-20.694],[-49.465,-20.682],[-49.448,-20.64],[-49.423,-20.608],[-49.443,-20.572],[-49.446,-20.543],[-49.478,-20.505],[-49.497,-20.497],[-49.531,-20.534],[-49.536,-20.595],[-49.544,-20.617]]]}},{"type":"Feature","properties":{"code":"3522208"},"geometry":{"type":"Polygon","coordinates":[[[-46.875,-23.798],[-46.823,-23.768],[-46.777,-23.767],[-46.796,-23.739],[-46.801,-23.686],[-46.849,-23.685],[-46.892,-23.668],[-46.904,-23.712],[-46.934,-23.739],[-46.936,-23.774],[-46.875,-23.798]]]}},{"type":"Feature","properties":{"code":"3554904"},"geometry":{"type":"Polygon","coordinates":[[[-50.827,-20.331],[-50.858,-20.313],[-50.837,-20.283],[-50.823,-20.217],[-50.865,-20.166],[-50.906,-20.224],[-50.938,-20.289],[-50.933,-20.311],[-50.925,-20.297],[-50.88,-20.318],[-50.854,-20.386],[-50.823,-20.374],[-50.827,-20.331]]]}},{"type":"Feature","properties":{"code":"3514007"},"geometry":{"type":"Polygon","coordinates":[[[-48.471,-21.513],[-48.447,-21.546],[-48.351,-21.543],[-48.322,-21.55],[-48.263,-21.534],[-48.235,-21.474],[-48.283,-21.481],[-48.324,-21.484],[-48.369,-21.505],[-48.394,-21.492],[-48.464,-21.49],[-48.471,-21.513]]]}},{"type":"Feature","properties":{"code":"3538907"},"geometry":{"type":"Polygon","coordinates":[[[-49.556,-22.13],[-49.508,-22.087],[-49.46,-22.085],[-49.452,-22.066],[-49.378,-22.064],[-49.337,-22.023],[-49.303,-22.014],[-49.25,-22.044],[-49.239,-22.02],[-49.25,-21.921],[-49.262,-21.883],[-49.225,-21.86],[-49.185,-21.771],[-49.2,-21.737],[-49.189,-21.712],[-49.213,-21.671],[-49.239,-21.671],[-49.242,-21.71],[-49.263,-21.727],[-49.267,-21.783],[-49.259,-21.816],[-49.285,-21.86],[-49.27,-21.875],[-49.317,-21.937],[-49.388,-21.936],[-49.383,-21.886],[-49.34,-21.838],[-49.377,-21.843],[-49.391,-21.831],[-49.403,-21.826],[-49.422,-21.864],[-49.506,-21.92],[-49.534,-21.957],[-49.55,-22.01],[-49.585,-21.985],[-49.691,-22.031],[-49.696,-22.044],[-49.634,-22.076],[-49.569,-22.139],[-49.556,-22.13]]]}},{"type":"Feature","properties":{"code":"3546702"},"geometry":{"type":"Polygon","coordinates":[[[-47.49,-22.524],[-47.493,-22.486],[-47.468,-22.454],[-47.465,-22.419],[-47.466,-22.412],[-47.537,-22.438],[-47.578,-22.47],[-47.578,-22.511],[-47.564,-22.527],[-47.49,-22.524]]]}},{"type":"Feature","properties":{"code":"3555000"},"geometry":{"type":"Polygon","coordinates":[[[-50.705,-22.022],[-50.655,-22.035],[-50.547,-22.087],[-50.521,-22.111],[-50.484,-22.081],[-50.498,-22.014],[-50.439,-21.987],[-50.415,-21.964],[-50.405,-21.86],[-50.361,-21.856],[-50.362,-21.828],[-50.426,-21.804],[-50.495,-21.849],[-50.507,-21.826],[-50.54,-21.815],[-50.557,-21.832],[-50.599,-21.844],[-50.622,-21.917],[-50.665,-21.935],[-50.71,-22.015],[-50.705,-22.022]]]}},{"type":"Feature","properties":{"code":"3530706"},"geometry":{"type":"Polygon","coordinates":[[[-47.084,-22.3],[-47.032,-22.308],[-46.983,-22.378],[-46.94,-22.401],[-46.913,-22.377],[-46.872,-22.388],[-46.843,-22.34],[-46.791,-22.297],[-46.823,-22.267],[-46.9,-22.246],[-46.957,-22.296],[-46.97,-22.295],[-46.984,-22.2],[-46.927,-22.185],[-46.897,-22.205],[-46.9,-22.176],[-46.865,-22.131],[-46.875,-22.113],[-46.893,-22.13],[-46.937,-22.146],[-47.017,-22.115],[-47.046,-22.116],[-47.1,-22.067],[-47.148,-22.109],[-47.166,-22.093],[-47.197,-22.099],[-47.199,-22.15],[-47.191,-22.174],[-47.224,-22.206],[-47.23,-22.257],[-47.184,-22.292],[-47.169,-22.284],[-47.134,-22.3],[-47.084,-22.3]]]}},{"type":"Feature","properties":{"code":"3539004"},"geometry":{"type":"Polygon","coordinates":[[[-48.774,-21.109],[-48.729,-21.165],[-48.64,-21.139],[-48.598,-21.143],[-48.568,-21.076],[-48.615,-21.041],[-48.658,-21.031],[-48.686,-21.01],[-48.694,-21.007],[-48.725,-21.073],[-48.777,-21.099],[-48.774,-21.109]]]}},{"type":"Feature","properties":{"code":"3546801"},"geometry":{"type":"Polygon","coordinates":[[[-46.339,-23.334],[-46.304,-23.322],[-46.294,-23.369],[-46.248,-23.406],[-46.202,-23.368],[-46.157,-23.343],[-46.102,-23.309],[-46.135,-23.288],[-46.146,-23.257],[-46.153,-23.237],[-46.189,-23.225],[-46.229,-23.189],[-46.262,-23.186],[-46.31,-23.205],[-46.311,-23.227],[-46.364,-23.274],[-46.358,-23.317],[-46.339,-23.334]]]}},{"type":"Feature","properties":{"code":"3522505"},"geometry":{"type":"Polygon","coordinates":[[[-46.981,-23.602],[-46.962,-23.602],[-46.94,-23.571],[-46.911,-23.563],[-46.929,-23.514],[-46.966,-23.498],[-46.995,-23.507],[-46.992,-23.529],[-47.028,-23.581],[-47.008,-23.578],[-46.981,-23.602]]]}},{"type":"Feature","properties":{"code":"3530805"},"geometry":{"type":"Polygon","coordinates":[[[-46.872,-22.548],[-46.863,-22.506],[-46.885,-22.465],[-46.864,-22.444],[-46.861,-22.394],[-46.872,-22.388],[-46.913,-22.377],[-46.94,-22.401],[-46.983,-22.378],[-47.032,-22.308],[-47.084,-22.3],[-47.077,-22.329],[-47.09,-22.386],[-47.117,-22.447],[-47.136,-22.47],[-47.087,-22.475],[-47.053,-22.517],[-47.042,-22.551],[-47.055,-22.57],[-47.048,-22.57],[-46.999,-22.559],[-46.987,-22.544],[-46.933,-22.562],[-46.918,-22.576],[-46.888,-22.547],[-46.872,-22.548]]]}},{"type":"Feature","properties":{"code":"3554953"},"geometry":{"type":"Polygon","coordinates":[[[-46.761,-22.848],[-46.682,-22.885],[-46.648,-22.884],[-46.624,-22.833],[-46.623,-22.806],[-46.654,-22.789],[-46.661,-22.769],[-46.708,-22.779],[-46.73,-22.817],[-46.756,-22.824],[-46.761,-22.848]]]}},{"type":"Feature","properties":{"code":"3522604"},"geometry":{"type":"Polygon","coordinates":[[[-46.872,-22.548],[-46.869,-22.584],[-46.833,-22.579],[-46.798,-22.541],[-46.772,-22.536],[-46.737,-22.547],[-46.712,-22.504],[-46.657,-22.473],[-46.616,-22.439],[-46.666,-22.415],[-46.661,-22.366],[-46.675,-22.369],[-46.701,-22.322],[-46.723,-22.307],[-46.768,-22.286],[-46.791,-22.297],[-46.843,-22.34],[-46.872,-22.388],[-46.861,-22.394],[-46.864,-22.444],[-46.885,-22.465],[-46.863,-22.506],[-46.872,-22.548]]]}},{"type":"Feature","properties":{"code":"3555307"},"geometry":{"type":"Polygon","coordinates":[[[-50.451,-20.159],[-50.414,-20.144],[-50.394,-20.104],[-50.423,-20.055],[-50.433,-19.984],[-50.466,-20.022],[-50.496,-20.037],[-50.518,-20.029],[-50.519,-20.036],[-50.519,-20.067],[-50.481,-20.154],[-50.451,-20.159]]]}},{"type":"Feature","properties":{"code":"3538808"},"geometry":{"type":"Polygon","coordinates":[[[-49.442,-23.336],[-49.418,-23.337],[-49.403,-23.33],[-49.383,-23.265],[-49.324,-23.264],[-49.303,-23.28],[-49.252,-23.271],[-49.217,-23.299],[-49.2,-23.291],[-49.211,-23.245],[-49.243,-23.207],[-49.245,-23.145],[-49.26,-23.122],[-49.288,-23.129],[-49.33,-23.113],[-49.359,-23.084],[-49.382,-23.079],[-49.388,-23.054],[-49.412,-23.052],[-49.442,-23.056],[-49.442,-23.111],[-49.457,-23.136],[-49.515,-23.143],[-49.547,-23.129],[-49.573,-23.139],[-49.552,-23.153],[-49.538,-23.196],[-49.512,-23.182],[-49.458,-23.192],[-49.445,-23.241],[-49.422,-23.254],[-49.422,-23.312],[-49.442,-23.336]]]}},{"type":"Feature","properties":{"code":"3514403"},"geometry":{"type":"Polygon","coordinates":[[[-51.714,-21.596],[-51.698,-21.634],[-51.654,-21.643],[-51.611,-21.675],[-51.537,-21.684],[-51.495,-21.636],[-51.508,-21.59],[-51.476,-21.516],[-51.485,-21.505],[-51.485,-21.427],[-51.544,-21.454],[-51.584,-21.44],[-51.644,-21.443],[-51.669,-21.433],[-51.68,-21.477],[-51.647,-21.511],[-51.671,-21.549],[-51.714,-21.596]]]}},{"type":"Feature","properties":{"code":"3547106"},"geometry":{"type":"Polygon","coordinates":[[[-51.678,-21.348],[-51.681,-21.303],[-51.683,-21.284],[-51.732,-21.225],[-51.773,-21.237],[-51.796,-21.267],[-51.757,-21.288],[-51.788,-21.331],[-51.809,-21.375],[-51.773,-21.388],[-51.723,-21.395],[-51.678,-21.348]]]}},{"type":"Feature","properties":{"code":"3530607"},"geometry":{"type":"Polygon","coordinates":[[[-46.278,-23.77],[-46.26,-23.768],[-46.24,-23.736],[-46.202,-23.751],[-46.17,-23.732],[-46.101,-23.718],[-46.082,-23.68],[-46.088,-23.575],[-46.112,-23.541],[-46.077,-23.515],[-46.054,-23.489],[-46.074,-23.452],[-46.106,-23.455],[-46.14,-23.44],[-46.16,-23.388],[-46.157,-23.343],[-46.202,-23.368],[-46.248,-23.406],[-46.271,-23.43],[-46.288,-23.49],[-46.262,-23.524],[-46.285,-23.566],[-46.259,-23.612],[-46.254,-23.65],[-46.267,-23.686],[-46.298,-23.705],[-46.322,-23.744],[-46.278,-23.77]]]}},{"type":"Feature","properties":{"code":"3547205"},"geometry":{"type":"Polygon","coordinates":[[[-50.785,-20.336],[-50.754,-20.295],[-50.759,-20.259],[-50.748,-20.234],[-50.776,-20.229],[-50.76,-20.165],[-50.792,-20.162],[-50.823,-20.217],[-50.837,-20.283],[-50.858,-20.313],[-50.827,-20.331],[-50.785,-20.336]]]}},{"type":"Feature","properties":{"code":"3505807"},"geometry":{"type":"Polygon","coordinates":[[[-50.665,-21.935],[-50.669,-21.894],[-50.731,-21.888],[-50.737,-21.878],[-50.774,-21.904],[-50.814,-21.951],[-50.865,-21.969],[-50.78,-22.003],[-50.71,-22.015],[-50.665,-21.935]]]}},{"type":"Feature","properties":{"code":"3522406"},"geometry":{"type":"Polygon","coordinates":[[[-48.569,-24.091],[-48.569,-24.027],[-48.55,-24.004],[-48.582,-23.983],[-48.628,-24.023],[-48.662,-24.03],[-48.691,-24.022],[-48.715,-23.969],[-48.763,-23.985],[-48.779,-23.953],[-48.767,-23.898],[-48.784,-23.862],[-48.734,-23.854],[-48.745,-23.841],[-48.724,-23.785],[-48.744,-23.761],[-48.745,-23.736],[-48.721,-23.721],[-48.767,-23.677],[-48.781,-23.643],[-48.8,-23.639],[-48.833,-23.598],[-48.925,-23.626],[-48.978,-23.623],[-48.992,-23.642],[-49.026,-23.65],[-49.033,-23.678],[-49.054,-23.686],[-49.023,-23.748],[-48.949,-23.8],[-48.97,-23.834],[-49.017,-23.843],[-48.997,-23.895],[-49.009,-23.93],[-49.011,-24.008],[-49.053,-24.028],[-49.102,-24.064],[-49.121,-24.125],[-49.186,-24.095],[-49.2,-24.098],[-49.167,-24.117],[-49.142,-24.146],[-49.137,-24.186],[-49.06,-24.19],[-49.015,-24.154],[-48.983,-24.101],[-48.857,-24.1],[-48.822,-24.128],[-48.799,-24.12],[-48.762,-24.132],[-48.73,-24.116],[-48.661,-24.143],[-48.646,-24.117],[-48.597,-24.09],[-48.569,-24.091]]]}},{"type":"Feature","properties":{"code":"3555356"},"geometry":{"type":"Polygon","coordinates":[[[-49.856,-21.26],[-49.832,-21.275],[-49.769,-21.306],[-49.746,-21.297],[-49.711,-21.288],[-49.726,-21.256],[-49.681,-21.223],[-49.684,-21.204],[-49.688,-21.184],[-49.661,-21.161],[-49.66,-21.135],[-49.736,-21.135],[-49.764,-21.154],[-49.789,-21.209],[-49.811,-21.203],[-49.828,-21.242],[-49.856,-21.26]]]}},{"type":"Feature","properties":{"code":"3514205"},"geometry":{"type":"Polygon","coordinates":[[[-50.585,-20.141],[-50.544,-20.155],[-50.52,-20.176],[-50.481,-20.154],[-50.519,-20.067],[-50.519,-20.036],[-50.537,-20.049],[-50.56,-20.092],[-50.551,-20.113],[-50.585,-20.141]]]}},{"type":"Feature","properties":{"code":"3514304"},"geometry":{"type":"Polygon","coordinates":[[[-48.396,-22.122],[-48.388,-22.159],[-48.342,-22.181],[-48.314,-22.199],[-48.256,-22.177],[-48.256,-22.155],[-48.251,-22.121],[-48.299,-22.064],[-48.323,-22.078],[-48.348,-22.047],[-48.395,-22.043],[-48.425,-22.067],[-48.441,-22.061],[-48.445,-22.063],[-48.396,-22.122]]]}},{"type":"Feature","properties":{"code":"3547007"},"geometry":{"type":"Polygon","coordinates":[[[-48.071,-22.644],[-48.081,-22.619],[-48.069,-22.593],[-48.059,-22.513],[-48.104,-22.509],[-48.173,-22.476],[-48.199,-22.509],[-48.235,-22.52],[-48.26,-22.54],[-48.248,-22.578],[-48.261,-22.605],[-48.246,-22.619],[-48.214,-22.615],[-48.156,-22.638],[-48.096,-22.623],[-48.089,-22.652],[-48.071,-22.644]]]}},{"type":"Feature","properties":{"code":"3513603"},"geometry":{"type":"Polygon","coordinates":[[[-45.146,-23.186],[-45.141,-23.217],[-45.1,-23.246],[-45.124,-23.316],[-45.079,-23.308],[-45.034,-23.315],[-45.01,-23.306],[-45.014,-23.264],[-44.984,-23.23],[-44.957,-23.242],[-44.932,-23.209],[-44.883,-23.203],[-44.875,-23.185],[-44.824,-23.163],[-44.811,-23.115],[-44.819,-23.091],[-44.802,-23.049],[-44.792,-22.982],[-44.765,-22.983],[-44.743,-22.947],[-44.639,-22.914],[-44.63,-22.905],[-44.695,-22.89],[-44.724,-22.833],[-44.705,-22.803],[-44.754,-22.788],[-44.772,-22.819],[-44.823,-22.859],[-44.881,-22.89],[-44.91,-22.886],[-44.947,-22.913],[-45.029,-22.921],[-45.082,-22.965],[-45.111,-23.008],[-45.136,-23.0],[-45.156,-23.015],[-45.132,-23.084],[-45.144,-23.111],[-45.131,-23.167],[-45.146,-23.186]]]}},{"type":"Feature","properties":{"code":"3506201"},"geometry":{"type":"Polygon","coordinates":[[[-50.795,-21.187],[-50.804,-21.23],[-50.838,-21.236],[-50.903,-21.339],[-50.916,-21.317],[-50.946,-21.323],[-50.951,-21.36],[-50.985,-21.407],[-50.985,-21.433],[-50.948,-21.447],[-50.924,-21.442],[-50.87,-21.416],[-50.82,-21.375],[-50.769,-21.292],[-50.783,-21.282],[-50.767,-21.23],[-50.736,-21.199],[-50.776,-21.183],[-50.795,-21.187]]]}},{"type":"Feature","properties":{"code":"3555208"},"geometry":{"type":"Polygon","coordinates":[[[-50.055,-20.997],[-50.033,-20.978],[-50.022,-20.944],[-50.051,-20.931],[-50.092,-20.887],[-50.164,-20.875],[-50.181,-20.901],[-50.169,-20.957],[-50.18,-20.983],[-50.157,-20.978],[-50.11,-20.989],[-50.096,-21.002],[-50.055,-20.997]]]}},{"type":"Feature","properties":{"code":"3538204"},"geometry":{"type":"Polygon","coordinates":[[[-46.528,-22.827],[-46.533,-22.807],[-46.487,-22.764],[-46.509,-22.757],[-46.507,-22.728],[-46.537,-22.721],[-46.622,-22.723],[-46.613,-22.753],[-46.661,-22.769],[-46.654,-22.789],[-46.623,-22.806],[-46.624,-22.833],[-46.606,-22.826],[-46.583,-22.851],[-46.528,-22.827]]]}},{"type":"Feature","properties":{"code":"3506003"},"geometry":{"type":"Polygon","coordinates":[[[-49.285,-22.345],[-49.258,-22.343],[-49.223,-22.304],[-49.17,-22.345],[-49.131,-22.351],[-49.108,-22.397],[-49.08,-22.417],[-49.063,-22.402],[-48.996,-22.384],[-48.976,-22.361],[-48.934,-22.341],[-49.037,-22.274],[-49.054,-22.238],[-49.034,-22.207],[-49.07,-22.167],[-49.07,-22.129],[-49.109,-22.105],[-49.131,-22.062],[-49.161,-22.066],[-49.206,-22.107],[-49.215,-22.189],[-49.231,-22.223],[-49.259,-22.242],[-49.291,-22.317],[-49.285,-22.345]]]}},{"type":"Feature","properties":{"code":"3530003"},"geometry":{"type":"Polygon","coordinates":[[[-50.19,-19.986],[-50.157,-20.037],[-50.131,-20.049],[-50.111,-20.038],[-50.111,-20.02],[-50.075,-20.007],[-50.056,-19.981],[-50.044,-19.916],[-50.106,-19.874],[-50.172,-19.875],[-50.184,-19.895],[-50.19,-19.986]]]}},{"type":"Feature","properties":{"code":"3521804"},"geometry":{"type":"Polygon","coordinates":[[[-49.14,-23.702],[-49.133,-23.721],[-49.054,-23.686],[-49.033,-23.678],[-49.026,-23.65],[-48.992,-23.642],[-48.978,-23.623],[-48.925,-23.626],[-48.833,-23.598],[-48.853,-23.539],[-48.898,-23.508],[-48.92,-23.471],[-48.978,-23.411],[-49.001,-23.378],[-48.985,-23.288],[-49.013,-23.262],[-49.053,-23.257],[-49.09,-23.266],[-49.151,-23.26],[-49.211,-23.245],[-49.2,-23.291],[-49.217,-23.299],[-49.204,-23.307],[-49.217,-23.346],[-49.207,-23.405],[-49.213,-23.418],[-49.189,-23.441],[-49.162,-23.486],[-49.161,-23.543],[-49.118,-23.56],[-49.127,-23.581],[-49.122,-23.646],[-49.136,-23.662],[-49.14,-23.702]]]}},{"type":"Feature","properties":{"code":"3506102"},"geometry":{"type":"Polygon","coordinates":[[[-48.458,-21.078],[-48.456,-21.053],[-48.433,-21.037],[-48.378,-21.009],[-48.383,-20.983],[-48.367,-20.949],[-48.378,-20.905],[-48.403,-20.881],[-48.409,-20.854],[-48.448,-20.788],[-48.473,-20.8],[-48.549,-20.797],[-48.609,-20.834],[-48.636,-20.819],[-48.633,-20.85],[-48.589,-20.897],[-48.608,-20.948],[-48.633,-20.977],[-48.686,-21.01],[-48.658,-21.031],[-48.615,-21.041],[-48.568,-21.076],[-48.532,-21.09],[-48.492,-21.081],[-48.458,-21.078]]]}},{"type":"Feature","properties":{"code":"3554508"},"geometry":{"type":"Polygon","coordinates":[[[-47.751,-23.122],[-47.714,-23.141],[-47.688,-23.172],[-47.684,-23.195],[-47.704,-23.216],[-47.681,-23.22],[-47.63,-23.192],[-47.612,-23.151],[-47.629,-23.125],[-47.609,-23.099],[-47.629,-23.044],[-47.66,-23.031],[-47.66,-22.997],[-47.701,-22.919],[-47.713,-22.912],[-47.746,-22.933],[-47.763,-22.903],[-47.806,-22.877],[-47.809,-22.878],[-47.806,-22.9],[-47.827,-22.942],[-47.806,-22.983],[-47.773,-22.976],[-47.757,-22.998],[-47.792,-23.049],[-47.75,-23.092],[-47.751,-23.122]]]}},{"type":"Feature","properties":{"code":"3538006"},"geometry":{"type":"Polygon","coordinates":[[[-45.307,-23.025],[-45.329,-23.013],[-45.322,-22.976],[-45.337,-22.951],[-45.333,-22.91],[-45.351,-22.869],[-45.324,-22.856],[-45.346,-22.789],[-45.398,-22.782],[-45.397,-22.749],[-45.439,-22.703],[-45.476,-22.72],[-45.542,-22.769],[-45.579,-22.777],[-45.614,-22.797],[-45.629,-22.834],[-45.667,-22.876],[-45.666,-22.882],[-45.631,-22.875],[-45.553,-22.899],[-45.524,-22.93],[-45.504,-22.979],[-45.494,-23.015],[-45.439,-23.072],[-45.354,-23.007],[-45.34,-23.03],[-45.307,-23.025]]]}},{"type":"Feature","properties":{"code":"3554607"},"geometry":{"type":"Polygon","coordinates":[[[-49.538,-23.196],[-49.552,-23.153],[-49.573,-23.139],[-49.593,-23.146],[-49.651,-23.128],[-49.666,-23.113],[-49.683,-23.116],[-49.717,-23.148],[-49.678,-23.175],[-49.654,-23.212],[-49.627,-23.282],[-49.56,-23.259],[-49.54,-23.281],[-49.549,-23.244],[-49.522,-23.206],[-49.538,-23.196]]]}},{"type":"Feature","properties":{"code":"3529807"},"geometry":{"type":"Polygon","coordinates":[[[-48.385,-22.58],[-48.36,-22.563],[-48.364,-22.495],[-48.399,-22.439],[-48.413,-22.381],[-48.468,-22.353],[-48.481,-22.356],[-48.489,-22.39],[-48.515,-22.411],[-48.51,-22.436],[-48.503,-22.457],[-48.472,-22.483],[-48.448,-22.523],[-48.452,-22.539],[-48.415,-22.555],[-48.385,-22.58]]]}},{"type":"Feature","properties":{"code":"3538105"},"geometry":{"type":"Polygon","coordinates":[[[-49.011,-21.253],[-48.994,-21.286],[-48.959,-21.279],[-48.92,-21.3],[-48.899,-21.263],[-48.869,-21.267],[-48.845,-21.219],[-48.859,-21.161],[-48.847,-21.137],[-48.873,-21.134],[-48.883,-21.105],[-48.92,-21.116],[-48.927,-21.166],[-48.972,-21.202],[-48.968,-21.245],[-49.011,-21.253]]]}},{"type":"Feature","properties":{"code":"3546405"},"geometry":{"type":"Polygon","coordinates":[[[-49.757,-22.971],[-49.686,-22.949],[-49.677,-23.009],[-49.651,-22.982],[-49.633,-23.002],[-49.595,-22.978],[-49.558,-23.0],[-49.554,-22.973],[-49.518,-22.977],[-49.511,-22.951],[-49.523,-22.907],[-49.459,-22.913],[-49.397,-22.882],[-49.37,-22.883],[-49.378,-22.858],[-49.368,-22.82],[-49.376,-22.777],[-49.38,-22.734],[-49.417,-22.739],[-49.495,-22.727],[-49.507,-22.683],[-49.507,-22.646],[-49.454,-22.584],[-49.452,-22.576],[-49.49,-22.542],[-49.503,-22.514],[-49.545,-22.564],[-49.566,-22.575],[-49.585,-22.606],[-49.599,-22.665],[-49.607,-22.71],[-49.645,-22.76],[-49.682,-22.767],[-49.745,-22.792],[-49.772,-22.836],[-49.779,-22.877],[-49.763,-22.89],[-49.763,-22.97],[-49.757,-22.971]]]}},{"type":"Feature","properties":{"code":"3505401"},"geometry":{"type":"Polygon","coordinates":[[[-48.529,-25.101],[-48.481,-25.037],[-48.474,-25.013],[-48.412,-24.98],[-48.38,-24.996],[-48.351,-25.037],[-48.285,-25.039],[-48.27,-24.997],[-48.24,-24.991],[-48.211,-24.957],[-48.211,-24.907],[-48.264,-24.894],[-48.283,-24.879],[-48.31,-24.825],[-48.296,-24.801],[-48.341,-24.802],[-48.378,-24.767],[-48.391,-24.734],[-48.422,-24.687],[-48.404,-24.666],[-48.444,-24.652],[-48.465,-24.66],[-48.529,-24.688],[-48.538,-24.726],[-48.502,-24.746],[-48.518,-24.781],[-48.556,-24.806],[-48.568,-24.849],[-48.55,-24.867],[-48.566,-24.917],[-48.567,-24.972],[-48.598,-25.003],[-48.58,-25.053],[-48.556,-25.087],[-48.529,-25.101]]]}},{"type":"Feature","properties":{"code":"3529906"},"geometry":{"type":"Polygon","coordinates":[[[-47.319,-24.34],[-47.332,-24.288],[-47.287,-24.278],[-47.295,-24.222],[-47.273,-24.183],[-47.288,-24.162],[-47.267,-24.115],[-47.227,-24.082],[-47.16,-24.053],[-47.163,-24.024],[-47.127,-24.009],[-47.2,-24.001],[-47.257,-24.021],[-47.312,-24.01],[-47.355,-24.022],[-47.368,-24.041],[-47.425,-24.068],[-47.449,-24.05],[-47.477,-24.081],[-47.482,-24.129],[-47.516,-24.144],[-47.526,-24.162],[-47.565,-24.185],[-47.549,-24.227],[-47.575,-24.268],[-47.558,-24.368],[-47.542,-24.358],[-47.463,-24.373],[-47.367,-24.385],[-47.319,-24.34]]]}},{"type":"Feature","properties":{"code":"3521705"},"geometry":{"type":"Polygon","coordinates":[[[-49.2,-24.098],[-49.186,-24.095],[-49.121,-24.125],[-49.102,-24.064],[-49.053,-24.028],[-49.011,-24.008],[-49.009,-23.93],[-48.997,-23.895],[-49.017,-23.843],[-48.97,-23.834],[-48.949,-23.8],[-49.023,-23.748],[-49.054,-23.686],[-49.133,-23.721],[-49.14,-23.702],[-49.168,-23.694],[-49.202,-23.713],[-49.245,-23.705],[-49.301,-23.738],[-49.343,-23.758],[-49.334,-23.782],[-49.301,-23.825],[-49.319,-23.881],[-49.289,-23.892],[-49.252,-23.906],[-49.246,-23.942],[-49.211,-23.981],[-49.193,-24.031],[-49.2,-24.098]]]}},{"type":"Feature","properties":{"code":"3554409"},"geometry":{"type":"Polygon","coordinates":[[[-48.255,-20.806],[-48.243,-20.777],[-48.261,-20.738],[-48.297,-20.72],[-48.32,-20.726],[-48.338,-20.695],[-48.42,-20.75],[-48.437,-20.753],[-48.448,-20.788],[-48.409,-20.854],[-48.359,-20.82],[-48.343,-20.833],[-48.295,-20.833],[-48.255,-20.806]]]}},{"type":"Feature","properties":{"code":"3505351"},"geometry":{"type":"Polygon","coordinates":[[[-48.982,-24.524],[-48.942,-24.485],[-48.952,-24.453],[-49.023,-24.376],[-49.058,-24.375],[-49.12,-24.33],[-49.137,-24.334],[-49.187,-24.376],[-49.254,-24.405],[-49.252,-24.434],[-49.251,-24.445],[-49.206,-24.41],[-49.193,-24.446],[-49.123,-24.495],[-49.132,-24.538],[-49.09,-24.54],[-49.055,-24.554],[-48.982,-24.524]]]}},{"type":"Feature","properties":{"code":"3513504"},"geometry":{"type":"Polygon","coordinates":[[[-46.496,-23.899],[-46.48,-23.917],[-46.45,-23.919],[-46.445,-23.942],[-46.386,-23.933],[-46.37,-23.914],[-46.375,-23.868],[-46.32,-23.803],[-46.339,-23.782],[-46.41,-23.814],[-46.441,-23.828],[-46.456,-23.855],[-46.496,-23.899]]]}},{"type":"Feature","properties":{"code":"3546207"},"geometry":{"type":"Polygon","coordinates":[[[-47.55,-22.151],[-47.543,-22.171],[-47.491,-22.162],[-47.49,-22.188],[-47.42,-22.145],[-47.4,-22.085],[-47.442,-22.064],[-47.459,-22.083],[-47.515,-22.082],[-47.578,-22.089],[-47.55,-22.151]]]}},{"type":"Feature","properties":{"code":"3546306"},"geometry":{"type":"Polygon","coordinates":[[[-47.343,-21.84],[-47.31,-21.873],[-47.278,-21.883],[-47.282,-21.921],[-47.25,-21.966],[-47.216,-21.976],[-47.196,-21.974],[-47.16,-21.947],[-47.195,-21.915],[-47.185,-21.848],[-47.187,-21.79],[-47.211,-21.756],[-47.241,-21.758],[-47.28,-21.742],[-47.293,-21.752],[-47.347,-21.806],[-47.343,-21.84]]]}},{"type":"Feature","properties":{"code":"3530201"},"geometry":{"type":"Polygon","coordinates":[[[-52.033,-22.539],[-52.017,-22.502],[-51.948,-22.515],[-51.918,-22.489],[-51.88,-22.424],[-51.846,-22.394],[-51.838,-22.358],[-51.791,-22.269],[-51.764,-22.275],[-51.754,-22.234],[-51.773,-22.217],[-51.739,-22.18],[-51.772,-22.191],[-51.809,-22.177],[-51.822,-22.151],[-51.874,-22.177],[-51.902,-22.198],[-51.934,-22.178],[-51.969,-22.195],[-51.97,-22.211],[-52.015,-22.238],[-52.054,-22.273],[-52.106,-22.275],[-52.195,-22.26],[-52.209,-22.286],[-52.213,-22.322],[-52.229,-22.333],[-52.227,-22.375],[-52.183,-22.477],[-52.136,-22.527],[-52.109,-22.516],[-52.052,-22.539],[-52.033,-22.539]]]}},{"type":"Feature","properties":{"code":"3538501"},"geometry":{"type":"Polygon","coordinates":[[[-45.112,-22.635],[-45.102,-22.61],[-45.122,-22.582],[-45.104,-22.563],[-45.108,-22.525],[-45.124,-22.497],[-45.167,-22.531],[-45.177,-22.547],[-45.255,-22.582],[-45.269,-22.611],[-45.253,-22.632],[-45.204,-22.656],[-45.157,-22.636],[-45.112,-22.635]]]}},{"type":"Feature","properties":{"code":"3513850"},"geometry":{"type":"Polygon","coordinates":[[[-50.672,-20.438],[-50.656,-20.517],[-50.625,-20.508],[-50.596,-20.471],[-50.589,-20.422],[-50.576,-20.398],[-50.613,-20.394],[-50.613,-20.376],[-50.632,-20.404],[-50.672,-20.438]]]}},{"type":"Feature","properties":{"code":"3522000"},"geometry":{"type":"Polygon","coordinates":[[[-48.679,-21.928],[-48.721,-21.908],[-48.727,-21.891],[-48.833,-21.895],[-48.878,-21.921],[-48.892,-21.907],[-48.903,-21.933],[-48.862,-21.959],[-48.888,-22.006],[-48.867,-22.024],[-48.833,-22.013],[-48.773,-22.021],[-48.764,-22.006],[-48.722,-21.983],[-48.679,-21.929],[-48.679,-21.928]]]}},{"type":"Feature","properties":{"code":"3530300"},"geometry":{"type":"Polygon","coordinates":[[[-49.573,-20.864],[-49.534,-20.873],[-49.566,-20.923],[-49.523,-20.975],[-49.507,-20.945],[-49.509,-20.903],[-49.437,-20.879],[-49.433,-20.853],[-49.459,-20.787],[-49.443,-20.745],[-49.459,-20.732],[-49.461,-20.685],[-49.465,-20.682],[-49.484,-20.694],[-49.495,-20.739],[-49.547,-20.764],[-49.576,-20.789],[-49.563,-20.822],[-49.573,-20.864]]]}},{"type":"Feature","properties":{"code":"3546256"},"geometry":{"type":"Polygon","coordinates":[[[-47.415,-21.343],[-47.368,-21.294],[-47.379,-21.255],[-47.404,-21.21],[-47.421,-21.224],[-47.452,-21.222],[-47.478,-21.205],[-47.502,-21.208],[-47.504,-21.24],[-47.475,-21.299],[-47.48,-21.313],[-47.459,-21.367],[-47.415,-21.343]]]}},{"type":"Feature","properties":{"code":"3522109"},"geometry":{"type":"Polygon","coordinates":[[[-46.898,-24.253],[-46.845,-24.218],[-46.709,-24.144],[-46.727,-24.13],[-46.733,-24.087],[-46.725,-24.05],[-46.644,-24.011],[-46.65,-24.002],[-46.691,-23.985],[-46.742,-23.992],[-46.789,-23.941],[-46.806,-23.94],[-46.883,-23.985],[-46.868,-24.02],[-46.9,-24.044],[-46.946,-24.04],[-46.976,-24.064],[-46.968,-24.108],[-46.984,-24.123],[-46.949,-24.14],[-46.952,-24.186],[-46.927,-24.232],[-46.898,-24.253]]]}},{"type":"Feature","properties":{"code":"3513801"},"geometry":{"type":"Polygon","coordinates":[[[-46.654,-23.73],[-46.62,-23.739],[-46.579,-23.68],[-46.617,-23.658],[-46.632,-23.697],[-46.618,-23.712],[-46.654,-23.73]]]}},{"type":"Feature","properties":{"code":"3554805"},"geometry":{"type":"Polygon","coordinates":[[[-45.705,-22.948],[-45.679,-22.975],[-45.634,-23.001],[-45.57,-22.987],[-45.546,-22.999],[-45.504,-22.979],[-45.524,-22.93],[-45.553,-22.899],[-45.631,-22.875],[-45.666,-22.882],[-45.675,-22.927],[-45.705,-22.948]]]}},{"type":"Feature","properties":{"code":"3538303"},"geometry":{"type":"Polygon","coordinates":[[[-51.915,-22.007],[-51.895,-22.011],[-51.864,-22.043],[-51.83,-22.058],[-51.796,-22.041],[-51.774,-22.0],[-51.736,-21.976],[-51.742,-21.951],[-51.679,-21.898],[-51.681,-21.866],[-51.668,-21.826],[-51.587,-21.759],[-51.618,-21.707],[-51.611,-21.675],[-51.654,-21.643],[-51.698,-21.634],[-51.702,-21.69],[-51.719,-21.713],[-51.712,-21.753],[-51.746,-21.787],[-51.748,-21.827],[-51.776,-21.873],[-51.796,-21.881],[-51.836,-21.956],[-51.881,-21.972],[-51.915,-22.007]]]}},{"type":"Feature","properties":{"code":"3513900"},"geometry":{"type":"Polygon","coordinates":[[[-46.631,-21.769],[-46.614,-21.677],[-46.61,-21.648],[-46.641,-21.602],[-46.694,-21.612],[-46.727,-21.577],[-46.76,-21.572],[-46.761,-21.606],[-46.777,-21.647],[-46.805,-21.66],[-46.796,-21.686],[-46.756,-21.692],[-46.734,-21.708],[-46.691,-21.714],[-46.662,-21.751],[-46.631,-21.769]]]}},{"type":"Feature","properties":{"code":"3546603"},"geometry":{"type":"Polygon","coordinates":[[[-50.918,-20.131],[-50.952,-20.159],[-50.974,-20.16],[-50.977,-20.228],[-51.012,-20.25],[-51.026,-20.278],[-51.011,-20.322],[-50.97,-20.403],[-50.967,-20.4],[-50.977,-20.369],[-50.947,-20.343],[-50.933,-20.311],[-50.938,-20.289],[-50.906,-20.224],[-50.865,-20.166],[-50.871,-20.132],[-50.918,-20.131]]]}},{"type":"Feature","properties":{"code":"3530102"},"geometry":{"type":"Polygon","coordinates":[[[-51.143,-20.855],[-51.13,-20.945],[-51.117,-20.989],[-51.135,-21.035],[-51.168,-21.041],[-51.207,-21.093],[-51.249,-21.105],[-51.267,-21.148],[-51.307,-21.172],[-51.311,-21.245],[-51.328,-21.292],[-51.286,-21.319],[-51.238,-21.327],[-51.225,-21.342],[-51.183,-21.309],[-51.174,-21.265],[-51.148,-21.242],[-51.142,-21.215],[-51.097,-21.151],[-51.054,-21.143],[-51.043,-21.095],[-51.053,-21.069],[-51.009,-21.019],[-50.952,-20.977],[-50.9,-20.91],[-50.932,-20.9],[-51.071,-20.831],[-51.118,-20.864],[-51.143,-20.855]]]}},{"type":"Feature","properties":{"code":"3521903"},"geometry":{"type":"Polygon","coordinates":[[[-48.991,-21.456],[-48.979,-21.416],[-48.9,-21.371],[-48.923,-21.345],[-48.92,-21.3],[-48.959,-21.279],[-48.994,-21.286],[-49.011,-21.253],[-49.059,-21.242],[-49.093,-21.28],[-49.124,-21.299],[-49.16,-21.287],[-49.234,-21.324],[-49.22,-21.357],[-49.186,-21.364],[-49.172,-21.412],[-49.081,-21.408],[-49.068,-21.436],[-49.082,-21.465],[-49.055,-21.488],[-49.019,-21.482],[-48.991,-21.456]]]}},{"type":"Feature","properties":{"code":"3505302"},"geometry":{"type":"Polygon","coordinates":[[[-48.452,-22.539],[-48.448,-22.523],[-48.472,-22.483],[-48.503,-22.457],[-48.51,-22.436],[-48.586,-22.412],[-48.602,-22.442],[-48.642,-22.482],[-48.621,-22.502],[-48.606,-22.51],[-48.56,-22.5],[-48.49,-22.546],[-48.452,-22.539]]]}},{"type":"Feature","properties":{"code":"3513702"},"geometry":{"type":"Polygon","coordinates":[[[-47.627,-22.044],[-47.602,-22.052],[-47.575,-22.014],[-47.583,-21.992],[-47.545,-21.981],[-47.512,-21.935],[-47.511,-21.879],[-47.552,-21.854],[-47.555,-21.836],[-47.522,-21.804],[-47.57,-21.784],[-47.588,-21.735],[-47.62,-21.745],[-47.632,-21.726],[-47.664,-21.742],[-47.682,-21.716],[-47.724,-21.706],[-47.737,-21.712],[-47.775,-21.802],[-47.771,-21.831],[-47.792,-21.878],[-47.756,-21.919],[-47.747,-21.953],[-47.754,-21.991],[-47.721,-22.023],[-47.726,-22.041],[-47.676,-22.014],[-47.658,-22.052],[-47.627,-22.044]]]}},{"type":"Feature","properties":{"code":"3505609"},"geometry":{"type":"Polygon","coordinates":[[[-47.994,-21.305],[-48.028,-21.277],[-48.052,-21.229],[-48.042,-21.203],[-48.081,-21.184],[-48.113,-21.184],[-48.169,-21.161],[-48.178,-21.187],[-48.171,-21.216],[-48.135,-21.27],[-48.092,-21.262],[-48.07,-21.298],[-48.032,-21.317],[-47.994,-21.305]]]}},{"type":"Feature","properties":{"code":"3554656"},"geometry":{"type":"Polygon","coordinates":[[[-48.226,-23.196],[-48.26,-23.23],[-48.241,-23.28],[-48.226,-23.299],[-48.195,-23.295],[-48.155,-23.262],[-48.174,-23.232],[-48.226,-23.196]]]}},{"type":"Feature","properties":{"code":"3505708"},"geometry":{"type":"Polygon","coordinates":[[[-46.929,-23.514],[-46.894,-23.526],[-46.886,-23.554],[-46.861,-23.545],[-46.862,-23.524],[-46.818,-23.52],[-46.799,-23.471],[-46.8,-23.47],[-46.811,-23.485],[-46.862,-23.483],[-46.9,-23.492],[-46.953,-23.484],[-46.966,-23.498],[-46.929,-23.514]]]}},{"type":"Feature","properties":{"code":"3554755"},"geometry":{"type":"Polygon","coordinates":[[[-48.441,-22.061],[-48.425,-22.067],[-48.395,-22.043],[-48.348,-22.047],[-48.323,-22.078],[-48.299,-22.064],[-48.307,-22.031],[-48.291,-21.99],[-48.322,-21.989],[-48.349,-22.009],[-48.414,-22.035],[-48.441,-22.061]]]}},{"type":"Feature","properties":{"code":"3554706"},"geometry":{"type":"Polygon","coordinates":[[[-48.041,-22.506],[-48.063,-22.412],[-48.111,-22.375],[-48.155,-22.362],[-48.239,-22.367],[-48.279,-22.427],[-48.243,-22.479],[-48.279,-22.498],[-48.272,-22.529],[-48.235,-22.52],[-48.199,-22.509],[-48.173,-22.476],[-48.104,-22.509],[-48.059,-22.513],[-48.041,-22.506]]]}},{"type":"Feature","properties":{"code":"3537701"},"geometry":{"type":"Polygon","coordinates":[[[-50.61,-21.657],[-50.568,-21.64],[-50.556,-21.611],[-50.541,-21.574],[-50.549,-21.555],[-50.587,-21.539],[-50.607,-21.507],[-50.653,-21.493],[-50.7,-21.527],[-50.749,-21.524],[-50.773,-21.545],[-50.78,-21.568],[-50.734,-21.572],[-50.67,-21.606],[-50.647,-21.65],[-50.615,-21.659],[-50.61,-21.657]]]}},{"type":"Feature","properties":{"code":"3546504"},"geometry":{"type":"Polygon","coordinates":[[[-48.464,-21.49],[-48.394,-21.492],[-48.369,-21.505],[-48.324,-21.484],[-48.283,-21.481],[-48.286,-21.436],[-48.337,-21.426],[-48.336,-21.385],[-48.402,-21.416],[-48.428,-21.435],[-48.464,-21.49]]]}},{"type":"Feature","properties":{"code":"3505500"},"geometry":{"type":"Polygon","coordinates":[[[-48.754,-20.743],[-48.739,-20.729],[-48.662,-20.689],[-48.595,-20.697],[-48.569,-20.678],[-48.566,-20.654],[-48.526,-20.635],[-48.478,-20.583],[-48.432,-20.561],[-48.41,-20.576],[-48.345,-20.575],[-48.384,-20.537],[-48.404,-20.525],[-48.447,-20.46],[-48.478,-20.428],[-48.486,-20.386],[-48.482,-20.351],[-48.51,-20.299],[-48.56,-20.298],[-48.587,-20.328],[-48.622,-20.32],[-48.657,-20.335],[-48.682,-20.362],[-48.715,-20.358],[-48.736,-20.377],[-48.836,-20.383],[-48.867,-20.399],[-48.886,-20.437],[-48.887,-20.49],[-48.852,-20.545],[-48.831,-20.571],[-48.846,-20.625],[-48.841,-20.652],[-48.805,-20.653],[-48.787,-20.689],[-48.792,-20.725],[-48.754,-20.743]]]}},{"type":"Feature","properties":{"code":"3529500"},"geometry":{"type":"Polygon","coordinates":[[[-49.518,-21.228],[-49.502,-21.206],[-49.462,-21.196],[-49.46,-21.177],[-49.496,-21.138],[-49.514,-21.158],[-49.55,-21.159],[-49.581,-21.137],[-49.618,-21.128],[-49.661,-21.161],[-49.688,-21.184],[-49.684,-21.204],[-49.609,-21.208],[-49.612,-21.261],[-49.572,-21.271],[-49.518,-21.228]]]}},{"type":"Feature","properties":{"code":"3521309"},"geometry":{"type":"Polygon","coordinates":[[[-47.917,-20.434],[-47.914,-20.416],[-47.952,-20.381],[-48.039,-20.363],[-48.04,-20.353],[-48.055,-20.35],[-48.093,-20.309],[-48.131,-20.317],[-48.15,-20.29],[-48.189,-20.34],[-48.179,-20.39],[-48.211,-20.455],[-48.159,-20.461],[-48.134,-20.494],[-48.063,-20.498],[-48.008,-20.532],[-47.927,-20.465],[-47.917,-20.434]]]}},{"type":"Feature","properties":{"code":"3554003"},"geometry":{"type":"Polygon","coordinates":[[[-47.807,-23.489],[-47.758,-23.399],[-47.726,-23.386],[-47.737,-23.331],[-47.762,-23.321],[-47.772,-23.296],[-47.772,-23.252],[-47.78,-23.233],[-47.815,-23.228],[-47.851,-23.238],[-47.876,-23.262],[-47.95,-23.279],[-47.959,-23.327],[-47.988,-23.363],[-48.03,-23.383],[-48.083,-23.373],[-48.054,-23.389],[-48.049,-23.424],[-48.0,-23.431],[-47.95,-23.409],[-47.923,-23.462],[-47.9,-23.444],[-47.87,-23.445],[-47.807,-23.489]]]}},{"type":"Feature","properties":{"code":"3513108"},"geometry":{"type":"Polygon","coordinates":[[[-47.83,-21.423],[-47.813,-21.411],[-47.776,-21.42],[-47.714,-21.415],[-47.684,-21.379],[-47.663,-21.382],[-47.631,-21.359],[-47.651,-21.34],[-47.661,-21.303],[-47.652,-21.28],[-47.661,-21.248],[-47.659,-21.196],[-47.732,-21.263],[-47.787,-21.298],[-47.818,-21.343],[-47.851,-21.358],[-47.906,-21.368],[-47.895,-21.38],[-47.863,-21.393],[-47.83,-21.423]]]}},{"type":"Feature","properties":{"code":"3537503"},"geometry":{"type":"Polygon","coordinates":[[[-48.057,-23.233],[-48.009,-23.224],[-47.981,-23.219],[-47.98,-23.192],[-47.91,-23.161],[-47.907,-23.126],[-47.915,-23.055],[-47.937,-23.015],[-47.968,-23.03],[-48.006,-23.07],[-48.034,-23.069],[-48.057,-23.104],[-48.061,-23.148],[-48.021,-23.166],[-48.025,-23.202],[-48.057,-23.233]]]}},{"type":"Feature","properties":{"code":"3521150"},"geometry":{"type":"Polygon","coordinates":[[[-49.461,-20.685],[-49.412,-20.716],[-49.395,-20.704],[-49.368,-20.723],[-49.347,-20.678],[-49.352,-20.635],[-49.364,-20.606],[-49.446,-20.543],[-49.443,-20.572],[-49.423,-20.608],[-49.448,-20.64],[-49.465,-20.682],[-49.461,-20.685]]]}},{"type":"Feature","properties":{"code":"3545803"},"geometry":{"type":"Polygon","coordinates":[[[-47.342,-22.86],[-47.369,-22.845],[-47.358,-22.817],[-47.351,-22.785],[-47.355,-22.735],[-47.388,-22.699],[-47.44,-22.715],[-47.474,-22.738],[-47.49,-22.724],[-47.51,-22.736],[-47.495,-22.767],[-47.53,-22.846],[-47.507,-22.852],[-47.465,-22.858],[-47.442,-22.889],[-47.396,-22.904],[-47.382,-22.88],[-47.342,-22.86]]]}},{"type":"Feature","properties":{"code":"3554102"},"geometry":{"type":"Polygon","coordinates":[[[-45.609,-23.163],[-45.588,-23.179],[-45.568,-23.16],[-45.522,-23.176],[-45.504,-23.219],[-45.467,-23.225],[-45.426,-23.206],[-45.397,-23.18],[-45.347,-23.125],[-45.328,-23.085],[-45.3,-23.091],[-45.312,-23.059],[-45.294,-23.027],[-45.307,-23.025],[-45.34,-23.03],[-45.354,-23.007],[-45.439,-23.072],[-45.494,-23.015],[-45.504,-22.979],[-45.546,-22.999],[-45.57,-22.987],[-45.634,-23.001],[-45.679,-22.975],[-45.705,-22.948],[-45.725,-22.969],[-45.713,-23.008],[-45.684,-23.036],[-45.663,-23.034],[-45.631,-23.081],[-45.629,-23.116],[-45.594,-23.134],[-45.609,-23.163]]]}},{"type":"Feature","properties":{"code":"3529302"},"geometry":{"type":"Polygon","coordinates":[[[-48.331,-21.697],[-48.306,-21.691],[-48.272,-21.645],[-48.285,-21.597],[-48.26,-21.539],[-48.263,-21.534],[-48.322,-21.55],[-48.351,-21.543],[-48.447,-21.546],[-48.471,-21.513],[-48.529,-21.52],[-48.562,-21.532],[-48.596,-21.514],[-48.629,-21.559],[-48.574,-21.579],[-48.584,-21.628],[-48.556,-21.62],[-48.512,-21.623],[-48.502,-21.697],[-48.479,-21.708],[-48.444,-21.724],[-48.346,-21.689],[-48.331,-21.697]]]}},{"type":"Feature","properties":{"code":"3537602"},"geometry":{"type":"Polygon","coordinates":[[[-47.12,-24.365],[-47.118,-24.418],[-47.078,-24.448],[-47.004,-24.409],[-47.018,-24.379],[-46.994,-24.325],[-46.898,-24.253],[-46.927,-24.232],[-46.952,-24.186],[-46.949,-24.14],[-46.984,-24.123],[-47.031,-24.148],[-47.066,-24.201],[-47.029,-24.222],[-47.056,-24.265],[-47.021,-24.283],[-47.044,-24.335],[-47.12,-24.365]]]}},{"type":"Feature","properties":{"code":"3521101"},"geometry":{"type":"Polygon","coordinates":[[[-47.777,-22.444],[-47.724,-22.493],[-47.694,-22.483],[-47.669,-22.51],[-47.669,-22.54],[-47.654,-22.521],[-47.639,-22.488],[-47.659,-22.452],[-47.65,-22.436],[-47.666,-22.38],[-47.698,-22.383],[-47.721,-22.335],[-47.76,-22.34],[-47.788,-22.395],[-47.794,-22.434],[-47.777,-22.444]]]}},{"type":"Feature","properties":{"code":"3529401"},"geometry":{"type":"Polygon","coordinates":[[[-46.485,-23.623],[-46.481,-23.674],[-46.492,-23.709],[-46.475,-23.718],[-46.426,-23.678],[-46.393,-23.669],[-46.4,-23.645],[-46.384,-23.618],[-46.395,-23.612],[-46.415,-23.639],[-46.472,-23.639],[-46.485,-23.623]]]}},{"type":"Feature","properties":{"code":"3521200"},"geometry":{"type":"Polygon","coordinates":[[[-48.811,-24.675],[-48.777,-24.696],[-48.704,-24.68],[-48.675,-24.702],[-48.617,-24.669],[-48.572,-24.691],[-48.538,-24.726],[-48.529,-24.688],[-48.465,-24.66],[-48.447,-24.599],[-48.402,-24.571],[-48.427,-24.554],[-48.429,-24.532],[-48.398,-24.524],[-48.393,-24.49],[-48.352,-24.459],[-48.368,-24.39],[-48.354,-24.327],[-48.383,-24.304],[-48.411,-24.267],[-48.431,-24.264],[-48.452,-24.263],[-48.476,-24.29],[-48.535,-24.32],[-48.556,-24.287],[-48.605,-24.332],[-48.589,-24.342],[-48.514,-24.338],[-48.492,-24.378],[-48.55,-24.441],[-48.586,-24.435],[-48.613,-24.453],[-48.655,-24.456],[-48.688,-24.501],[-48.789,-24.558],[-48.755,-24.588],[-48.733,-24.641],[-48.76,-24.646],[-48.811,-24.675]]]}},{"type":"Feature","properties":{"code":"3553906"},"geometry":{"type":"Polygon","coordinates":[[[-51.571,-22.399],[-51.559,-22.39],[-51.555,-22.346],[-51.534,-22.293],[-51.6,-22.281],[-51.621,-22.285],[-51.66,-22.307],[-51.712,-22.352],[-51.711,-22.392],[-51.681,-22.434],[-51.657,-22.443],[-51.59,-22.399],[-51.571,-22.399]]]}},{"type":"Feature","properties":{"code":"3513009"},"geometry":{"type":"Polygon","coordinates":[[[-47.081,-23.653],[-47.076,-23.681],[-47.036,-23.748],[-47.019,-23.788],[-46.989,-23.801],[-46.936,-23.774],[-46.934,-23.739],[-46.904,-23.712],[-46.892,-23.668],[-46.918,-23.657],[-46.907,-23.633],[-46.88,-23.619],[-46.837,-23.626],[-46.81,-23.61],[-46.808,-23.609],[-46.817,-23.582],[-46.848,-23.583],[-46.876,-23.565],[-46.911,-23.563],[-46.94,-23.571],[-46.962,-23.602],[-46.981,-23.602],[-46.988,-23.665],[-47.059,-23.628],[-47.081,-23.653]]]}},{"type":"Feature","properties":{"code":"3537909"},"geometry":{"type":"Polygon","coordinates":[[[-47.574,-23.863],[-47.604,-23.838],[-47.597,-23.794],[-47.619,-23.757],[-47.635,-23.707],[-47.665,-23.743],[-47.71,-23.714],[-47.79,-23.755],[-47.824,-23.762],[-47.849,-23.75],[-47.866,-23.783],[-47.864,-23.813],[-47.834,-23.866],[-47.866,-23.88],[-47.877,-23.922],[-47.861,-23.953],[-47.815,-23.958],[-47.779,-23.989],[-47.742,-23.988],[-47.726,-24.002],[-47.684,-23.992],[-47.601,-23.908],[-47.614,-23.892],[-47.602,-23.866],[-47.574,-23.863]]]}},{"type":"Feature","properties":{"code":"3545704"},"geometry":{"type":"Polygon","coordinates":[[[-50.663,-20.061],[-50.65,-20.004],[-50.662,-19.958],[-50.686,-19.916],[-50.784,-19.937],[-50.844,-19.968],[-50.811,-19.986],[-50.797,-20.02],[-50.767,-20.05],[-50.762,-20.081],[-50.74,-20.113],[-50.744,-20.135],[-50.704,-20.13],[-50.663,-20.061]]]}},{"type":"Feature","properties":{"code":"3529708"},"geometry":{"type":"Polygon","coordinates":[[[-48.15,-20.29],[-48.131,-20.317],[-48.093,-20.309],[-48.055,-20.35],[-48.04,-20.353],[-47.998,-20.309],[-47.983,-20.28],[-47.945,-20.265],[-47.924,-20.243],[-47.929,-20.214],[-47.91,-20.203],[-47.91,-20.175],[-47.889,-20.156],[-47.899,-20.126],[-47.931,-20.11],[-47.946,-20.061],[-47.981,-20.036],[-48.001,-20.101],[-48.02,-20.124],[-48.077,-20.148],[-48.105,-20.146],[-48.148,-20.124],[-48.179,-20.096],[-48.203,-20.046],[-48.228,-20.028],[-48.253,-20.078],[-48.219,-20.128],[-48.265,-20.144],[-48.315,-20.114],[-48.375,-20.123],[-48.406,-20.113],[-48.452,-20.126],[-48.431,-20.148],[-48.362,-20.149],[-48.349,-20.186],[-48.266,-20.208],[-48.228,-20.2],[-48.217,-20.22],[-48.177,-20.223],[-48.156,-20.236],[-48.15,-20.29]]]}},{"type":"Feature","properties":{"code":"3521507"},"geometry":{"type":"Polygon","coordinates":[[[-49.285,-21.289],[-49.291,-21.268],[-49.334,-21.236],[-49.363,-21.24],[-49.388,-21.212],[-49.397,-21.18],[-49.442,-21.189],[-49.46,-21.177],[-49.462,-21.196],[-49.502,-21.206],[-49.518,-21.228],[-49.433,-21.311],[-49.41,-21.328],[-49.396,-21.372],[-49.367,-21.348],[-49.329,-21.35],[-49.321,-21.315],[-49.285,-21.289]]]}},{"type":"Feature","properties":{"code":"3504909"},"geometry":{"type":"Polygon","coordinates":[[[-44.361,-22.613],[-44.383,-22.633],[-44.407,-22.715],[-44.481,-22.742],[-44.508,-22.769],[-44.467,-22.782],[-44.496,-22.809],[-44.495,-22.847],[-44.467,-22.885],[-44.423,-22.851],[-44.381,-22.858],[-44.318,-22.845],[-44.296,-22.828],[-44.268,-22.829],[-44.24,-22.791],[-44.258,-22.767],[-44.227,-22.734],[-44.174,-22.702],[-44.166,-22.673],[-44.184,-22.637],[-44.246,-22.606],[-44.342,-22.589],[-44.361,-22.613]]]}},{"type":"Feature","properties":{"code":"3553955"},"geometry":{"type":"Polygon","coordinates":[[[-50.552,-22.841],[-50.524,-22.833],[-50.521,-22.782],[-50.503,-22.736],[-50.508,-22.703],[-50.535,-22.709],[-50.572,-22.692],[-50.585,-22.674],[-50.635,-22.675],[-50.652,-22.685],[-50.702,-22.738],[-50.706,-22.773],[-50.677,-22.797],[-50.645,-22.839],[-50.605,-22.873],[-50.552,-22.841]]]}},{"type":"Feature","properties":{"code":"3513306"},"geometry":{"type":"Polygon","coordinates":[[[-50.854,-22.745],[-50.836,-22.782],[-50.799,-22.796],[-50.766,-22.773],[-50.718,-22.801],[-50.706,-22.773],[-50.702,-22.738],[-50.652,-22.685],[-50.738,-22.723],[-50.75,-22.675],[-50.796,-22.677],[-50.823,-22.718],[-50.854,-22.745]]]}},{"type":"Feature","properties":{"code":"3521606"},"geometry":{"type":"Polygon","coordinates":[[[-51.355,-21.636],[-51.325,-21.585],[-51.308,-21.521],[-51.319,-21.451],[-51.305,-21.394],[-51.312,-21.368],[-51.286,-21.319],[-51.328,-21.292],[-51.335,-21.334],[-51.364,-21.37],[-51.356,-21.415],[-51.359,-21.459],[-51.396,-21.552],[-51.384,-21.571],[-51.417,-21.614],[-51.414,-21.643],[-51.393,-21.629],[-51.355,-21.636]]]}},{"type":"Feature","properties":{"code":"3554300"},"geometry":{"type":"Polygon","coordinates":[[[-52.62,-22.408],[-52.582,-22.414],[-52.553,-22.391],[-52.466,-22.419],[-52.474,-22.446],[-52.468,-22.529],[-52.452,-22.555],[-52.447,-22.608],[-52.423,-22.61],[-52.38,-22.627],[-52.3,-22.635],[-52.29,-22.628],[-52.25,-22.615],[-52.228,-22.642],[-52.223,-22.675],[-52.183,-22.655],[-52.157,-22.645],[-52.161,-22.59],[-52.152,-22.569],[-52.136,-22.527],[-52.183,-22.477],[-52.227,-22.375],[-52.229,-22.333],[-52.213,-22.322],[-52.209,-22.286],[-52.239,-22.291],[-52.285,-22.273],[-52.321,-22.239],[-52.407,-22.202],[-52.434,-22.181],[-52.456,-22.185],[-52.488,-22.217],[-52.587,-22.257],[-52.655,-22.303],[-52.656,-22.343],[-52.644,-22.383],[-52.62,-22.408]]]}},{"type":"Feature","properties":{"code":"3513405"},"geometry":{"type":"Polygon","coordinates":[[[-45.104,-22.563],[-45.085,-22.599],[-45.039,-22.597],[-45.005,-22.606],[-44.99,-22.639],[-44.941,-22.66],[-44.927,-22.655],[-44.903,-22.637],[-44.906,-22.612],[-44.932,-22.569],[-44.921,-22.534],[-44.936,-22.491],[-44.966,-22.475],[-44.991,-22.466],[-45.055,-22.471],[-45.103,-22.49],[-45.124,-22.497],[-45.108,-22.525],[-45.104,-22.563]]]}},{"type":"Feature","properties":{"code":"3546108"},"geometry":{"type":"Polygon","coordinates":[[[-50.918,-20.131],[-50.871,-20.132],[-50.825,-20.053],[-50.839,-20.028],[-50.886,-19.99],[-50.908,-19.994],[-50.946,-20.03],[-50.969,-20.036],[-51.001,-20.085],[-51.001,-20.096],[-50.918,-20.131]]]}},{"type":"Feature","properties":{"code":"3521408"},"geometry":{"type":"Polygon","coordinates":[[[-47.583,-22.542],[-47.579,-22.564],[-47.552,-22.58],[-47.549,-22.614],[-47.512,-22.692],[-47.487,-22.642],[-47.497,-22.618],[-47.488,-22.554],[-47.477,-22.526],[-47.49,-22.524],[-47.564,-22.527],[-47.583,-22.542]]]}},{"type":"Feature","properties":{"code":"3504800"},"geometry":{"type":"Polygon","coordinates":[[[-49.576,-20.789],[-49.547,-20.764],[-49.495,-20.739],[-49.484,-20.694],[-49.49,-20.666],[-49.531,-20.653],[-49.544,-20.617],[-49.58,-20.662],[-49.605,-20.707],[-49.626,-20.758],[-49.576,-20.789]]]}},{"type":"Feature","properties":{"code":"3513207"},"geometry":{"type":"Polygon","coordinates":[[[-47.5,-20.456],[-47.463,-20.463],[-47.414,-20.459],[-47.394,-20.436],[-47.351,-20.437],[-47.294,-20.419],[-47.285,-20.406],[-47.298,-20.348],[-47.277,-20.292],[-47.302,-20.273],[-47.346,-20.27],[-47.373,-20.282],[-47.421,-20.319],[-47.465,-20.308],[-47.498,-20.316],[-47.504,-20.36],[-47.529,-20.391],[-47.522,-20.45],[-47.5,-20.456]]]}},{"type":"Feature","properties":{"code":"3529658"},"geometry":{"type":"Polygon","coordinates":[[[-50.552,-19.992],[-50.614,-19.861],[-50.658,-19.907],[-50.686,-19.916],[-50.662,-19.958],[-50.65,-20.004],[-50.619,-20.032],[-50.585,-20.036],[-50.552,-19.992]]]}},{"type":"Feature","properties":{"code":"3537800"},"geometry":{"type":"Polygon","coordinates":[[[-47.389,-23.983],[-47.365,-23.914],[-47.372,-23.889],[-47.278,-23.836],[-47.301,-23.808],[-47.297,-23.754],[-47.328,-23.712],[-47.346,-23.705],[-47.368,-23.634],[-47.404,-23.621],[-47.454,-23.625],[-47.494,-23.65],[-47.488,-23.685],[-47.553,-23.723],[-47.579,-23.717],[-47.578,-23.757],[-47.619,-23.757],[-47.597,-23.794],[-47.604,-23.838],[-47.574,-23.863],[-47.542,-23.867],[-47.51,-23.892],[-47.44,-23.901],[-47.425,-23.945],[-47.389,-23.983]]]}},{"type":"Feature","properties":{"code":"3505104"},"geometry":{"type":"Polygon","coordinates":[[[-49.843,-21.355],[-49.818,-21.303],[-49.832,-21.275],[-49.856,-21.26],[-49.915,-21.238],[-49.992,-21.227],[-50.025,-21.273],[-49.986,-21.319],[-49.978,-21.35],[-49.884,-21.337],[-49.843,-21.355]]]}},{"type":"Feature","properties":{"code":"3537156"},"geometry":{"type":"Polygon","coordinates":[[[-50.718,-22.801],[-50.766,-22.773],[-50.799,-22.796],[-50.836,-22.782],[-50.854,-22.745],[-50.928,-22.798],[-50.895,-22.794],[-50.842,-22.831],[-50.824,-22.866],[-50.761,-22.881],[-50.716,-22.827],[-50.718,-22.801]]]}},{"type":"Feature","properties":{"code":"3529609"},"geometry":{"type":"Polygon","coordinates":[[[-50.203,-20.481],[-50.136,-20.424],[-50.139,-20.387],[-50.092,-20.375],[-50.081,-20.31],[-50.114,-20.321],[-50.145,-20.314],[-50.209,-20.329],[-50.23,-20.362],[-50.22,-20.381],[-50.261,-20.413],[-50.285,-20.448],[-50.311,-20.469],[-50.285,-20.47],[-50.226,-20.495],[-50.203,-20.481]]]}},{"type":"Feature","properties":{"code":"3505203"},"geometry":{"type":"Polygon","coordinates":[[[-48.633,-22.167],[-48.624,-22.153],[-48.644,-22.117],[-48.615,-22.089],[-48.607,-21.988],[-48.642,-21.97],[-48.679,-21.929],[-48.722,-21.983],[-48.764,-22.006],[-48.773,-22.021],[-48.833,-22.013],[-48.867,-22.024],[-48.856,-22.034],[-48.861,-22.091],[-48.844,-22.129],[-48.818,-22.107],[-48.794,-22.125],[-48.767,-22.105],[-48.754,-22.154],[-48.715,-22.18],[-48.674,-22.193],[-48.65,-22.165],[-48.633,-22.167]]]}},{"type":"Feature","properties":{"code":"3537107"},"geometry":{"type":"Polygon","coordinates":[[[-46.957,-22.729],[-46.905,-22.763],[-46.891,-22.817],[-46.858,-22.836],[-46.837,-22.843],[-46.835,-22.776],[-46.864,-22.728],[-46.885,-22.716],[-46.887,-22.686],[-46.931,-22.682],[-46.931,-22.683],[-46.957,-22.729]]]}},{"type":"Feature","properties":{"code":"3528908"},"geometry":{"type":"Polygon","coordinates":[[[-51.156,-21.863],[-51.141,-21.857],[-51.095,-21.835],[-51.113,-21.801],[-51.092,-21.766],[-51.13,-21.738],[-51.177,-21.692],[-51.208,-21.702],[-51.242,-21.736],[-51.224,-21.745],[-51.249,-21.782],[-51.224,-21.829],[-51.182,-21.833],[-51.156,-21.863]]]}},{"type":"Feature","properties":{"code":"3537206"},"geometry":{"type":"Polygon","coordinates":[[[-47.247,-24.362],[-47.209,-24.31],[-47.193,-24.264],[-47.196,-24.244],[-47.131,-24.216],[-47.104,-24.225],[-47.066,-24.201],[-47.031,-24.148],[-46.984,-24.123],[-46.968,-24.108],[-46.976,-24.064],[-47.027,-24.052],[-47.056,-24.01],[-47.092,-24.016],[-47.127,-24.009],[-47.163,-24.024],[-47.16,-24.053],[-47.227,-24.082],[-47.267,-24.115],[-47.288,-24.162],[-47.273,-24.183],[-47.295,-24.222],[-47.287,-24.278],[-47.332,-24.288],[-47.319,-24.34],[-47.3,-24.36],[-47.247,-24.362]]]}},{"type":"Feature","properties":{"code":"3554201"},"geometry":{"type":"Polygon","coordinates":[[[-49.395,-23.395],[-49.361,-23.435],[-49.317,-23.401],[-49.292,-23.417],[-49.258,-23.408],[-49.213,-23.418],[-49.207,-23.405],[-49.217,-23.346],[-49.204,-23.307],[-49.217,-23.299],[-49.252,-23.271],[-49.303,-23.28],[-49.324,-23.264],[-49.383,-23.265],[-49.403,-23.33],[-49.418,-23.337],[-49.395,-23.358],[-49.395,-23.395]]]}},{"type":"Feature","properties":{"code":"3546009"},"geometry":{"type":"Polygon","coordinates":[[[-45.962,-23.497],[-45.904,-23.505],[-45.841,-23.472],[-45.814,-23.499],[-45.789,-23.493],[-45.786,-23.46],[-45.764,-23.441],[-45.778,-23.415],[-45.755,-23.389],[-45.782,-23.356],[-45.803,-23.329],[-45.839,-23.335],[-45.861,-23.376],[-45.931,-23.367],[-45.924,-23.391],[-45.974,-23.401],[-45.987,-23.42],[-45.952,-23.451],[-45.962,-23.497]]]}},{"type":"Feature","properties":{"code":"3505005"},"geometry":{"type":"Polygon","coordinates":[[[-49.575,-23.676],[-49.539,-23.653],[-49.496,-23.652],[-49.49,-23.63],[-49.517,-23.618],[-49.555,-23.541],[-49.549,-23.52],[-49.567,-23.494],[-49.598,-23.458],[-49.621,-23.493],[-49.624,-23.523],[-49.6,-23.536],[-49.603,-23.584],[-49.621,-23.611],[-49.602,-23.652],[-49.575,-23.676]]]}},{"type":"Feature","properties":{"code":"3529005"},"geometry":{"type":"Polygon","coordinates":[[[-50.15,-22.261],[-50.126,-22.287],[-50.138,-22.338],[-50.099,-22.364],[-50.117,-22.377],[-50.107,-22.416],[-50.069,-22.493],[-50.061,-22.499],[-50.031,-22.476],[-50.041,-22.459],[-49.999,-22.413],[-49.963,-22.4],[-49.982,-22.328],[-49.913,-22.336],[-49.889,-22.31],[-49.861,-22.263],[-49.863,-22.214],[-49.891,-22.143],[-49.864,-22.132],[-49.849,-22.097],[-49.82,-22.064],[-49.768,-22.047],[-49.814,-22.003],[-49.854,-21.991],[-49.882,-21.97],[-49.967,-21.94],[-50.011,-21.925],[-50.016,-21.909],[-50.06,-21.875],[-50.086,-21.931],[-50.047,-22.015],[-50.049,-22.045],[-50.004,-22.032],[-50.014,-22.081],[-50.039,-22.088],[-50.059,-22.124],[-50.041,-22.156],[-50.072,-22.215],[-50.15,-22.261]]]}},{"type":"Feature","properties":{"code":"3520806"},"geometry":{"type":"Polygon","coordinates":[[[-50.922,-21.632],[-50.96,-21.67],[-50.977,-21.701],[-50.98,-21.745],[-51.008,-21.804],[-50.987,-21.8],[-50.961,-21.823],[-50.935,-21.796],[-50.93,-21.762],[-50.944,-21.74],[-50.94,-21.71],[-50.915,-21.669],[-50.922,-21.632]]]}},{"type":"Feature","properties":{"code":"3553500"},"geometry":{"type":"Polygon","coordinates":[[[-47.895,-24.079],[-47.859,-24.094],[-47.863,-24.114],[-47.773,-24.134],[-47.722,-24.113],[-47.734,-24.099],[-47.68,-24.045],[-47.637,-24.038],[-47.614,-24.045],[-47.636,-24.101],[-47.62,-24.105],[-47.584,-24.076],[-47.563,-24.04],[-47.499,-24.053],[-47.477,-24.081],[-47.449,-24.05],[-47.425,-24.068],[-47.368,-24.041],[-47.355,-24.022],[-47.389,-23.983],[-47.425,-23.945],[-47.44,-23.901],[-47.51,-23.892],[-47.542,-23.867],[-47.574,-23.863],[-47.602,-23.866],[-47.614,-23.892],[-47.601,-23.908],[-47.684,-23.992],[-47.726,-24.002],[-47.742,-23.988],[-47.779,-23.989],[-47.815,-23.958],[-47.827,-23.988],[-47.857,-24.017],[-47.895,-24.079]]]}},{"type":"Feature","properties":{"code":"3537008"},"geometry":{"type":"Polygon","coordinates":[[[-47.277,-20.292],[-47.247,-20.259],[-47.233,-20.227],[-47.231,-20.219],[-47.251,-20.2],[-47.262,-20.16],[-47.296,-20.146],[-47.329,-20.115],[-47.35,-20.163],[-47.398,-20.141],[-47.411,-20.117],[-47.444,-20.126],[-47.473,-20.061],[-47.542,-20.013],[-47.509,-20.06],[-47.52,-20.107],[-47.542,-20.134],[-47.609,-20.16],[-47.593,-20.18],[-47.619,-20.219],[-47.603,-20.253],[-47.611,-20.277],[-47.594,-20.288],[-47.498,-20.316],[-47.465,-20.308],[-47.421,-20.319],[-47.373,-20.282],[-47.346,-20.27],[-47.302,-20.273],[-47.277,-20.292]]]}},{"type":"Feature","properties":{"code":"3512605"},"geometry":{"type":"Polygon","coordinates":[[[-49.136,-23.662],[-49.191,-23.652],[-49.223,-23.667],[-49.245,-23.655],[-49.258,-23.612],[-49.338,-23.551],[-49.331,-23.525],[-49.384,-23.526],[-49.402,-23.537],[-49.453,-23.528],[-49.476,-23.541],[-49.4,-23.58],[-49.404,-23.628],[-49.359,-23.652],[-49.357,-23.677],[-49.327,-23.681],[-49.301,-23.738],[-49.245,-23.705],[-49.202,-23.713],[-49.168,-23.694],[-49.14,-23.702],[-49.136,-23.662]]]}},{"type":"Feature","properties":{"code":"3545308"},"geometry":{"type":"Polygon","coordinates":[[[-47.619,-23.757],[-47.578,-23.757],[-47.579,-23.717],[-47.553,-23.723],[-47.488,-23.685],[-47.494,-23.65],[-47.467,-23.625],[-47.493,-23.607],[-47.492,-23.584],[-47.556,-23.573],[-47.582,-23.585],[-47.623,-23.572],[-47.64,-23.581],[-47.641,-23.616],[-47.669,-23.631],[-47.706,-23.629],[-47.685,-23.64],[-47.682,-23.692],[-47.658,-23.679],[-47.635,-23.707],[-47.619,-23.757]]]}},{"type":"Feature","properties":{"code":"3528809"},"geometry":{"type":"Polygon","coordinates":[[[-50.854,-22.745],[-50.823,-22.718],[-50.796,-22.677],[-50.75,-22.675],[-50.738,-22.723],[-50.652,-22.685],[-50.635,-22.675],[-50.585,-22.674],[-50.572,-22.692],[-50.573,-22.643],[-50.514,-22.604],[-50.525,-22.593],[-50.579,-22.58],[-50.613,-22.544],[-50.637,-22.563],[-50.674,-22.513],[-50.692,-22.547],[-50.771,-22.582],[-50.828,-22.645],[-50.888,-22.656],[-50.906,-22.638],[-50.945,-22.675],[-50.952,-22.696],[-50.934,-22.726],[-50.964,-22.754],[-50.979,-22.783],[-50.946,-22.804],[-50.928,-22.798],[-50.854,-22.745]]]}},{"type":"Feature","properties":{"code":"3545407"},"geometry":{"type":"Polygon","coordinates":[[[-49.972,-22.959],[-49.946,-22.952],[-49.933,-22.93],[-49.898,-22.92],[-49.886,-22.904],[-49.884,-22.838],[-49.886,-22.814],[-49.939,-22.833],[-50.009,-22.787],[-50.053,-22.905],[-50.015,-22.911],[-49.986,-22.898],[-49.961,-22.931],[-49.974,-22.954],[-49.972,-22.959]]]}},{"type":"Feature","properties":{"code":"3520608"},"geometry":{"type":"Polygon","coordinates":[[[-51.23,-22.221],[-51.205,-22.176],[-51.243,-22.127],[-51.23,-22.091],[-51.208,-22.068],[-51.265,-22.067],[-51.289,-22.045],[-51.32,-22.096],[-51.316,-22.129],[-51.287,-22.16],[-51.268,-22.206],[-51.23,-22.221]]]}},{"type":"Feature","properties":{"code":"3512407"},"geometry":{"type":"Polygon","coordinates":[[[-47.477,-22.526],[-47.434,-22.52],[-47.41,-22.529],[-47.368,-22.502],[-47.335,-22.498],[-47.302,-22.445],[-47.366,-22.459],[-47.383,-22.445],[-47.465,-22.419],[-47.468,-22.454],[-47.493,-22.486],[-47.49,-22.524],[-47.477,-22.526]]]}},{"type":"Feature","properties":{"code":"3520707"},"geometry":{"type":"Polygon","coordinates":[[[-50.19,-19.986],[-50.184,-19.895],[-50.172,-19.875],[-50.216,-19.867],[-50.245,-19.877],[-50.291,-19.868],[-50.337,-19.869],[-50.352,-19.917],[-50.332,-20.036],[-50.295,-20.017],[-50.24,-20.045],[-50.206,-20.031],[-50.19,-19.986]]]}},{"type":"Feature","properties":{"code":"3553401"},"geometry":{"type":"Polygon","coordinates":[[[-49.605,-20.707],[-49.58,-20.662],[-49.544,-20.617],[-49.536,-20.595],[-49.531,-20.534],[-49.497,-20.497],[-49.525,-20.48],[-49.575,-20.351],[-49.617,-20.323],[-49.663,-20.362],[-49.681,-20.393],[-49.681,-20.429],[-49.705,-20.487],[-49.751,-20.528],[-49.79,-20.528],[-49.823,-20.55],[-49.839,-20.574],[-49.871,-20.591],[-49.839,-20.614],[-49.791,-20.593],[-49.775,-20.616],[-49.734,-20.637],[-49.709,-20.637],[-49.649,-20.69],[-49.643,-20.709],[-49.605,-20.707]]]}},{"type":"Feature","properties":{"code":"3528858"},"geometry":{"type":"Polygon","coordinates":[[[-49.234,-21.324],[-49.16,-21.287],[-49.124,-21.299],[-49.093,-21.28],[-49.059,-21.242],[-49.091,-21.221],[-49.109,-21.197],[-49.145,-21.187],[-49.145,-21.216],[-49.221,-21.293],[-49.229,-21.315],[-49.234,-21.324]]]}},{"type":"Feature","properties":{"code":"3512506"},"geometry":{"type":"Polygon","coordinates":[[[-50.422,-21.446],[-50.441,-21.488],[-50.419,-21.512],[-50.385,-21.49],[-50.343,-21.495],[-50.3,-21.457],[-50.254,-21.401],[-50.241,-21.312],[-50.205,-21.282],[-50.206,-21.258],[-50.235,-21.24],[-50.249,-21.213],[-50.257,-21.246],[-50.288,-21.262],[-50.312,-21.299],[-50.313,-21.354],[-50.346,-21.402],[-50.354,-21.45],[-50.419,-21.465],[-50.422,-21.446]]]}},{"type":"Feature","properties":{"code":"3545209"},"geometry":{"type":"Polygon","coordinates":[[[-47.39,-23.155],[-47.326,-23.234],[-47.245,-23.23],[-47.212,-23.191],[-47.196,-23.187],[-47.245,-23.183],[-47.269,-23.145],[-47.305,-23.135],[-47.301,-23.113],[-47.39,-23.155]]]}},{"type":"Feature","properties":{"code":"3537404"},"geometry":{"type":"Polygon","coordinates":[[[-51.143,-20.855],[-51.118,-20.864],[-51.071,-20.831],[-50.932,-20.9],[-50.9,-20.91],[-50.864,-20.845],[-50.867,-20.831],[-50.873,-20.827],[-50.915,-20.796],[-51.001,-20.768],[-51.058,-20.726],[-51.023,-20.693],[-50.991,-20.648],[-50.996,-20.611],[-50.978,-20.565],[-50.986,-20.549],[-51.033,-20.559],[-51.068,-20.555],[-51.149,-20.52],[-51.203,-20.489],[-51.231,-20.457],[-51.264,-20.489],[-51.275,-20.534],[-51.297,-20.542],[-51.314,-20.587],[-51.325,-20.641],[-51.315,-20.674],[-51.233,-20.646],[-51.2,-20.651],[-51.199,-20.686],[-51.168,-20.723],[-51.135,-20.794],[-51.143,-20.855]]]}},{"type":"Feature","properties":{"code":"3529203"},"geometry":{"type":"Polygon","coordinates":[[[-51.271,-22.545],[-51.217,-22.535],[-51.157,-22.484],[-51.1,-22.486],[-51.104,-22.451],[-51.1,-22.39],[-51.111,-22.358],[-51.086,-22.349],[-51.072,-22.323],[-51.078,-22.258],[-51.04,-22.22],[-51.047,-22.2],[-51.035,-22.156],[-51.005,-22.141],[-51.001,-22.082],[-50.973,-22.044],[-50.974,-21.978],[-50.938,-21.951],[-50.966,-21.926],[-51.005,-21.92],[-51.052,-21.89],[-51.083,-21.882],[-51.104,-21.889],[-51.141,-21.857],[-51.156,-21.863],[-51.161,-21.915],[-51.185,-21.956],[-51.172,-21.997],[-51.19,-22.008],[-51.208,-22.068],[-51.23,-22.091],[-51.243,-22.127],[-51.205,-22.176],[-51.23,-22.221],[-51.206,-22.265],[-51.219,-22.356],[-51.252,-22.459],[-51.273,-22.505],[-51.271,-22.545]]]}},{"type":"Feature","properties":{"code":"3545159"},"geometry":{"type":"Polygon","coordinates":[[[-47.667,-22.799],[-47.719,-22.846],[-47.746,-22.828],[-47.794,-22.849],[-47.806,-22.877],[-47.763,-22.903],[-47.746,-22.933],[-47.713,-22.912],[-47.708,-22.887],[-47.664,-22.876],[-47.667,-22.799]]]}},{"type":"Feature","properties":{"code":"3504404"},"geometry":{"type":"Polygon","coordinates":[[[-50.061,-21.584],[-49.994,-21.591],[-49.916,-21.558],[-49.909,-21.505],[-49.893,-21.471],[-49.872,-21.469],[-49.861,-21.43],[-49.869,-21.393],[-49.843,-21.355],[-49.884,-21.337],[-49.978,-21.35],[-49.98,-21.378],[-50.005,-21.424],[-50.004,-21.465],[-49.987,-21.487],[-50.061,-21.584]]]}},{"type":"Feature","properties":{"code":"3521002"},"geometry":{"type":"Polygon","coordinates":[[[-47.651,-23.459],[-47.606,-23.471],[-47.565,-23.468],[-47.535,-23.429],[-47.544,-23.399],[-47.565,-23.383],[-47.578,-23.364],[-47.61,-23.357],[-47.635,-23.369],[-47.676,-23.368],[-47.683,-23.335],[-47.737,-23.331],[-47.726,-23.386],[-47.688,-23.401],[-47.655,-23.433],[-47.651,-23.459]]]}},{"type":"Feature","properties":{"code":"3512803"},"geometry":{"type":"Polygon","coordinates":[[[-47.194,-22.73],[-47.169,-22.695],[-47.138,-22.684],[-47.103,-22.69],[-47.109,-22.665],[-47.097,-22.635],[-47.168,-22.604],[-47.211,-22.603],[-47.228,-22.572],[-47.227,-22.603],[-47.254,-22.625],[-47.279,-22.663],[-47.204,-22.698],[-47.194,-22.73]]]}},{"type":"Feature","properties":{"code":"3512902"},"geometry":{"type":"Polygon","coordinates":[[[-49.923,-20.562],[-49.871,-20.591],[-49.839,-20.574],[-49.823,-20.55],[-49.79,-20.528],[-49.751,-20.528],[-49.705,-20.487],[-49.681,-20.429],[-49.681,-20.393],[-49.663,-20.362],[-49.617,-20.323],[-49.648,-20.26],[-49.678,-20.282],[-49.694,-20.317],[-49.752,-20.356],[-49.769,-20.378],[-49.803,-20.385],[-49.852,-20.417],[-49.856,-20.464],[-49.895,-20.478],[-49.92,-20.509],[-49.923,-20.562]]]}},{"type":"Feature","properties":{"code":"3545605"},"geometry":{"type":"Polygon","coordinates":[[[-48.754,-21.421],[-48.733,-21.295],[-48.741,-21.246],[-48.815,-21.215],[-48.845,-21.219],[-48.869,-21.267],[-48.899,-21.263],[-48.92,-21.3],[-48.923,-21.345],[-48.9,-21.371],[-48.873,-21.394],[-48.848,-21.391],[-48.773,-21.428],[-48.754,-21.421]]]}},{"type":"Feature","properties":{"code":"3504206"},"geometry":{"type":"Polygon","coordinates":[[[-50.686,-20.708],[-50.643,-20.753],[-50.602,-20.773],[-50.506,-20.761],[-50.495,-20.707],[-50.477,-20.688],[-50.489,-20.646],[-50.512,-20.623],[-50.51,-20.546],[-50.554,-20.528],[-50.625,-20.508],[-50.656,-20.517],[-50.679,-20.53],[-50.678,-20.569],[-50.642,-20.615],[-50.617,-20.66],[-50.664,-20.705],[-50.686,-20.708]]]}},{"type":"Feature","properties":{"code":"3504305"},"geometry":{"type":"Polygon","coordinates":[[[-49.285,-22.345],[-49.291,-22.317],[-49.259,-22.242],[-49.231,-22.223],[-49.215,-22.189],[-49.206,-22.107],[-49.161,-22.066],[-49.21,-22.059],[-49.25,-22.044],[-49.294,-22.053],[-49.355,-22.09],[-49.375,-22.134],[-49.401,-22.143],[-49.437,-22.219],[-49.459,-22.241],[-49.423,-22.294],[-49.408,-22.319],[-49.324,-22.321],[-49.285,-22.345]]]}},{"type":"Feature","properties":{"code":"3553856"},"geometry":{"type":"Polygon","coordinates":[[[-48.734,-23.854],[-48.784,-23.862],[-48.767,-23.898],[-48.779,-23.953],[-48.763,-23.985],[-48.715,-23.969],[-48.691,-24.022],[-48.662,-24.03],[-48.628,-24.023],[-48.582,-23.983],[-48.552,-23.935],[-48.566,-23.941],[-48.632,-23.936],[-48.666,-23.923],[-48.664,-23.9],[-48.692,-23.882],[-48.716,-23.851],[-48.734,-23.854]]]}},{"type":"Feature","properties":{"code":"3512704"},"geometry":{"type":"Polygon","coordinates":[[[-47.714,-22.302],[-47.672,-22.335],[-47.634,-22.335],[-47.595,-22.279],[-47.594,-22.249],[-47.554,-22.244],[-47.47,-22.245],[-47.49,-22.188],[-47.491,-22.162],[-47.543,-22.171],[-47.55,-22.151],[-47.59,-22.152],[-47.599,-22.179],[-47.675,-22.194],[-47.707,-22.211],[-47.713,-22.24],[-47.723,-22.273],[-47.714,-22.302]]]}},{"type":"Feature","properties":{"code":"3553807"},"geometry":{"type":"Polygon","coordinates":[[[-49.331,-23.525],[-49.338,-23.551],[-49.258,-23.612],[-49.245,-23.655],[-49.223,-23.667],[-49.191,-23.652],[-49.136,-23.662],[-49.122,-23.646],[-49.127,-23.581],[-49.118,-23.56],[-49.161,-23.543],[-49.162,-23.486],[-49.189,-23.441],[-49.213,-23.418],[-49.258,-23.408],[-49.292,-23.417],[-49.317,-23.401],[-49.361,-23.435],[-49.323,-23.469],[-49.349,-23.514],[-49.331,-23.525]]]}},{"type":"Feature","properties":{"code":"3537305"},"geometry":{"type":"Polygon","coordinates":[[[-50.274,-21.559],[-50.24,-21.536],[-50.147,-21.528],[-50.145,-21.551],[-50.104,-21.558],[-50.107,-21.589],[-50.061,-21.584],[-49.987,-21.487],[-50.004,-21.465],[-50.005,-21.424],[-49.98,-21.378],[-49.978,-21.35],[-49.986,-21.319],[-50.025,-21.273],[-49.992,-21.227],[-50.027,-21.211],[-50.091,-21.22],[-50.129,-21.195],[-50.139,-21.208],[-50.141,-21.312],[-50.164,-21.329],[-50.152,-21.371],[-50.151,-21.418],[-50.234,-21.464],[-50.259,-21.494],[-50.28,-21.532],[-50.274,-21.559]]]}},{"type":"Feature","properties":{"code":"3553658"},"geometry":{"type":"Polygon","coordinates":[[[-48.433,-21.037],[-48.456,-21.053],[-48.458,-21.078],[-48.431,-21.095],[-48.384,-21.098],[-48.354,-21.082],[-48.318,-21.061],[-48.371,-21.058],[-48.389,-21.044],[-48.433,-21.037]]]}},{"type":"Feature","properties":{"code":"3504602"},"geometry":{"type":"Polygon","coordinates":[[[-49.346,-20.932],[-49.404,-20.907],[-49.437,-20.879],[-49.509,-20.903],[-49.507,-20.945],[-49.482,-20.949],[-49.446,-20.985],[-49.375,-20.96],[-49.346,-20.932]]]}},{"type":"Feature","properties":{"code":"3529104"},"geometry":{"type":"Polygon","coordinates":[[[-50.873,-20.542],[-50.812,-20.531],[-50.8,-20.42],[-50.839,-20.412],[-50.858,-20.439],[-50.863,-20.526],[-50.873,-20.542]]]}},{"type":"Feature","properties":{"code":"3504701"},"geometry":{"type":"Polygon","coordinates":[[[-49.34,-21.838],[-49.383,-21.886],[-49.388,-21.936],[-49.317,-21.937],[-49.27,-21.875],[-49.285,-21.86],[-49.34,-21.838]]]}},{"type":"Feature","properties":{"code":"3520905"},"geometry":{"type":"Polygon","coordinates":[[[-49.677,-23.009],[-49.679,-23.084],[-49.666,-23.113],[-49.651,-23.128],[-49.593,-23.146],[-49.573,-23.139],[-49.547,-23.129],[-49.529,-23.101],[-49.553,-23.048],[-49.558,-23.0],[-49.595,-22.978],[-49.633,-23.002],[-49.651,-22.982],[-49.677,-23.009]]]}},{"type":"Feature","properties":{"code":"3553609"},"geometry":{"type":"Polygon","coordinates":[[[-46.829,-21.497],[-46.81,-21.525],[-46.762,-21.548],[-46.699,-21.496],[-46.719,-21.478],[-46.716,-21.454],[-46.673,-21.434],[-46.616,-21.429],[-46.637,-21.411],[-46.648,-21.38],[-46.675,-21.375],[-46.739,-21.393],[-46.765,-21.36],[-46.78,-21.37],[-46.773,-21.414],[-46.807,-21.428],[-46.83,-21.461],[-46.829,-21.497]]]}},{"type":"Feature","properties":{"code":"3536604"},"geometry":{"type":"Polygon","coordinates":[[[-49.458,-20.218],[-49.46,-20.186],[-49.443,-20.159],[-49.45,-20.129],[-49.377,-20.145],[-49.333,-20.12],[-49.306,-20.117],[-49.307,-20.06],[-49.297,-20.017],[-49.248,-20.0],[-49.25,-19.969],[-49.297,-19.96],[-49.356,-19.987],[-49.454,-19.978],[-49.493,-19.95],[-49.514,-19.914],[-49.551,-19.906],[-49.613,-19.92],[-49.55,-20.023],[-49.551,-20.068],[-49.567,-20.086],[-49.593,-20.079],[-49.599,-20.116],[-49.624,-20.177],[-49.574,-20.208],[-49.516,-20.213],[-49.496,-20.23],[-49.458,-20.218]]]}},{"type":"Feature","properties":{"code":"3553708"},"geometry":{"type":"Polygon","coordinates":[[[-48.726,-21.42],[-48.706,-21.49],[-48.663,-21.491],[-48.655,-21.544],[-48.629,-21.559],[-48.596,-21.514],[-48.562,-21.532],[-48.529,-21.52],[-48.471,-21.513],[-48.464,-21.49],[-48.428,-21.435],[-48.402,-21.416],[-48.336,-21.385],[-48.312,-21.361],[-48.352,-21.321],[-48.427,-21.319],[-48.451,-21.347],[-48.485,-21.334],[-48.545,-21.352],[-48.577,-21.34],[-48.602,-21.367],[-48.61,-21.394],[-48.636,-21.388],[-48.653,-21.365],[-48.685,-21.383],[-48.714,-21.398],[-48.726,-21.42]]]}},{"type":"Feature","properties":{"code":"3528403"},"geometry":{"type":"Polygon","coordinates":[[[-47.205,-23.617],[-47.183,-23.602],[-47.158,-23.54],[-47.187,-23.483],[-47.176,-23.445],[-47.187,-23.418],[-47.284,-23.432],[-47.298,-23.417],[-47.326,-23.44],[-47.317,-23.463],[-47.282,-23.477],[-47.252,-23.508],[-47.23,-23.513],[-47.24,-23.561],[-47.264,-23.57],[-47.277,-23.597],[-47.25,-23.62],[-47.205,-23.617]]]}},{"type":"Feature","properties":{"code":"3536703"},"geometry":{"type":"Polygon","coordinates":[[[-48.861,-22.484],[-48.827,-22.488],[-48.773,-22.48],[-48.741,-22.453],[-48.731,-22.395],[-48.703,-22.369],[-48.733,-22.317],[-48.772,-22.227],[-48.803,-22.232],[-48.825,-22.213],[-48.819,-22.192],[-48.856,-22.167],[-48.844,-22.129],[-48.861,-22.091],[-48.908,-22.125],[-48.917,-22.147],[-48.992,-22.217],[-49.034,-22.207],[-49.054,-22.238],[-49.037,-22.274],[-48.934,-22.341],[-48.911,-22.338],[-48.915,-22.398],[-48.881,-22.384],[-48.855,-22.409],[-48.861,-22.484]]]}},{"type":"Feature","properties":{"code":"3504503"},"geometry":{"type":"Polygon","coordinates":[[[-48.774,-23.302],[-48.772,-23.266],[-48.746,-23.251],[-48.736,-23.208],[-48.745,-23.166],[-48.734,-23.148],[-48.751,-23.114],[-48.741,-23.09],[-48.771,-23.069],[-48.778,-23.047],[-48.761,-22.993],[-48.778,-22.965],[-48.827,-22.949],[-48.852,-22.932],[-48.828,-22.912],[-48.829,-22.892],[-48.799,-22.873],[-48.803,-22.845],[-48.88,-22.852],[-48.91,-22.834],[-48.948,-22.826],[-48.983,-22.84],[-49.005,-22.887],[-48.981,-22.902],[-49.033,-22.959],[-49.081,-23.064],[-49.068,-23.093],[-48.993,-23.087],[-48.979,-23.144],[-48.992,-23.201],[-48.989,-23.225],[-49.013,-23.262],[-48.985,-23.288],[-48.929,-23.299],[-48.883,-23.281],[-48.848,-23.283],[-48.809,-23.268],[-48.774,-23.302]]]}},{"type":"Feature","properties":{"code":"3545506"},"geometry":{"type":"Polygon","coordinates":[[[-52.033,-22.539],[-52.028,-22.54],[-51.941,-22.567],[-51.906,-22.598],[-51.89,-22.613],[-51.855,-22.61],[-51.784,-22.535],[-51.755,-22.471],[-51.729,-22.45],[-51.73,-22.421],[-51.711,-22.392],[-51.712,-22.352],[-51.742,-22.345],[-51.773,-22.322],[-51.786,-22.359],[-51.838,-22.358],[-51.846,-22.394],[-51.88,-22.424],[-51.918,-22.489],[-51.948,-22.515],[-52.017,-22.502],[-52.033,-22.539]]]}},{"type":"Feature","properties":{"code":"3520202"},"geometry":{"type":"Polygon","coordinates":[[[-46.146,-23.257],[-46.136,-23.255],[-46.076,-23.193],[-46.075,-23.181],[-46.099,-23.161],[-46.091,-23.143],[-46.108,-23.098],[-46.096,-23.084],[-46.079,-23.021],[-46.08,-22.984],[-46.087,-22.985],[-46.126,-23.009],[-46.14,-23.038],[-46.181,-23.08],[-46.205,-23.085],[-46.215,-23.108],[-46.257,-23.16],[-46.262,-23.186],[-46.229,-23.189],[-46.189,-23.225],[-46.153,-23.237],[-46.146,-23.257]]]}},{"type":"Feature","properties":{"code":"3528502"},"geometry":{"type":"Polygon","coordinates":[[[-46.67,-23.418],[-46.655,-23.431],[-46.612,-23.417],[-46.601,-23.389],[-46.554,-23.362],[-46.536,-23.364],[-46.521,-23.354],[-46.452,-23.358],[-46.419,-23.316],[-46.448,-23.27],[-46.47,-23.283],[-46.515,-23.238],[-46.545,-23.241],[-46.615,-23.227],[-46.637,-23.258],[-46.648,-23.275],[-46.637,-23.306],[-46.67,-23.363],[-46.655,-23.395],[-46.67,-23.418]]]}},{"type":"Feature","properties":{"code":"3520301"},"geometry":{"type":"Polygon","coordinates":[[[-47.83,-24.756],[-47.822,-24.777],[-47.774,-24.817],[-47.734,-24.836],[-47.688,-24.815],[-47.626,-24.762],[-47.551,-24.722],[-47.541,-24.706],[-47.474,-24.705],[-47.431,-24.674],[-47.415,-24.676],[-47.245,-24.574],[-47.145,-24.492],[-47.078,-24.448],[-47.118,-24.418],[-47.12,-24.365],[-47.226,-24.377],[-47.247,-24.362],[-47.3,-24.36],[-47.319,-24.34],[-47.367,-24.385],[-47.463,-24.373],[-47.542,-24.358],[-47.558,-24.368],[-47.583,-24.366],[-47.658,-24.38],[-47.684,-24.379],[-47.64,-24.464],[-47.645,-24.493],[-47.627,-24.513],[-47.685,-24.551],[-47.694,-24.602],[-47.728,-24.622],[-47.747,-24.642],[-47.772,-24.698],[-47.812,-24.77],[-47.83,-24.756]]]}},{"type":"Feature","properties":{"code":"3553005"},"geometry":{"type":"Polygon","coordinates":[[[-49.395,-23.395],[-49.448,-23.421],[-49.452,-23.474],[-49.44,-23.489],[-49.476,-23.541],[-49.453,-23.528],[-49.402,-23.537],[-49.384,-23.526],[-49.331,-23.525],[-49.349,-23.514],[-49.323,-23.469],[-49.361,-23.435],[-49.395,-23.395]]]}},{"type":"Feature","properties":{"code":"3536505"},"geometry":{"type":"Polygon","coordinates":[[[-47.164,-22.805],[-47.12,-22.81],[-47.095,-22.78],[-47.101,-22.75],[-47.103,-22.724],[-47.067,-22.703],[-47.074,-22.68],[-47.103,-22.69],[-47.138,-22.684],[-47.169,-22.695],[-47.194,-22.73],[-47.211,-22.743],[-47.211,-22.795],[-47.164,-22.805]]]}},{"type":"Feature","properties":{"code":"3512100"},"geometry":{"type":"Polygon","coordinates":[[[-48.51,-20.299],[-48.52,-20.246],[-48.576,-20.205],[-48.593,-20.175],[-48.647,-20.167],[-48.707,-20.16],[-48.73,-20.15],[-48.781,-20.164],[-48.822,-20.162],[-48.855,-20.18],[-48.853,-20.215],[-48.887,-20.275],[-48.876,-20.318],[-48.878,-20.356],[-48.867,-20.399],[-48.836,-20.383],[-48.736,-20.377],[-48.715,-20.358],[-48.682,-20.362],[-48.657,-20.335],[-48.622,-20.32],[-48.587,-20.328],[-48.56,-20.298],[-48.51,-20.299]]]}},{"type":"Feature","properties":{"code":"3544806"},"geometry":{"type":"Polygon","coordinates":[[[-49.396,-21.372],[-49.41,-21.328],[-49.433,-21.311],[-49.518,-21.228],[-49.572,-21.271],[-49.584,-21.304],[-49.587,-21.362],[-49.628,-21.354],[-49.583,-21.38],[-49.547,-21.423],[-49.522,-21.448],[-49.467,-21.44],[-49.434,-21.416],[-49.422,-21.387],[-49.396,-21.372]]]}},{"type":"Feature","properties":{"code":"3528304"},"geometry":{"type":"Polygon","coordinates":[[[-50.286,-20.586],[-50.303,-20.634],[-50.285,-20.651],[-50.296,-20.713],[-50.265,-20.752],[-50.251,-20.737],[-50.213,-20.705],[-50.212,-20.68],[-50.171,-20.616],[-50.16,-20.561],[-50.138,-20.521],[-50.154,-20.505],[-50.203,-20.481],[-50.226,-20.495],[-50.285,-20.47],[-50.272,-20.522],[-50.286,-20.586]]]}},{"type":"Feature","properties":{"code":"3520103"},"geometry":{"type":"Polygon","coordinates":[[[-47.542,-20.013],[-47.549,-19.994],[-47.584,-19.997],[-47.595,-20.026],[-47.64,-20.047],[-47.671,-20.023],[-47.676,-20.002],[-47.713,-19.978],[-47.763,-19.986],[-47.851,-19.99],[-47.875,-20.019],[-47.861,-20.045],[-47.87,-20.076],[-47.785,-20.069],[-47.739,-20.128],[-47.742,-20.152],[-47.687,-20.14],[-47.675,-20.126],[-47.621,-20.14],[-47.609,-20.16],[-47.542,-20.134],[-47.52,-20.107],[-47.509,-20.06],[-47.542,-20.013]]]}},{"type":"Feature","properties":{"code":"3536570"},"geometry":{"type":"Polygon","coordinates":[[[-49.452,-22.576],[-49.454,-22.584],[-49.419,-22.621],[-49.351,-22.643],[-49.314,-22.633],[-49.276,-22.596],[-49.239,-22.585],[-49.179,-22.579],[-49.151,-22.52],[-49.214,-22.52],[-49.267,-22.494],[-49.347,-22.533],[-49.358,-22.549],[-49.452,-22.576]]]}},{"type":"Feature","properties":{"code":"3511904"},"geometry":{"type":"Polygon","coordinates":[[[-50.541,-21.574],[-50.556,-21.611],[-50.52,-21.619],[-50.468,-21.607],[-50.462,-21.645],[-50.445,-21.662],[-50.425,-21.631],[-50.409,-21.589],[-50.385,-21.49],[-50.419,-21.512],[-50.441,-21.488],[-50.459,-21.51],[-50.493,-21.522],[-50.496,-21.536],[-50.541,-21.574]]]}},{"type":"Feature","properties":{"code":"3544707"},"geometry":{"type":"Polygon","coordinates":[[[-51.083,-21.882],[-51.052,-21.89],[-51.005,-21.92],[-50.966,-21.926],[-50.904,-21.87],[-50.961,-21.823],[-50.987,-21.8],[-51.008,-21.804],[-51.03,-21.834],[-51.08,-21.866],[-51.083,-21.882]]]}},{"type":"Feature","properties":{"code":"3512001"},"geometry":{"type":"Polygon","coordinates":[[[-48.437,-20.753],[-48.492,-20.694],[-48.488,-20.637],[-48.526,-20.635],[-48.566,-20.654],[-48.569,-20.678],[-48.595,-20.697],[-48.662,-20.689],[-48.739,-20.729],[-48.754,-20.743],[-48.726,-20.766],[-48.719,-20.813],[-48.697,-20.837],[-48.651,-20.834],[-48.636,-20.819],[-48.609,-20.834],[-48.549,-20.797],[-48.473,-20.8],[-48.448,-20.788],[-48.437,-20.753]]]}},{"type":"Feature","properties":{"code":"3536901"},"geometry":{"type":"Polygon","coordinates":[[[-50.222,-20.205],[-50.23,-20.219],[-50.164,-20.242],[-50.145,-20.314],[-50.114,-20.321],[-50.081,-20.31],[-50.078,-20.305],[-50.072,-20.246],[-50.032,-20.203],[-50.028,-20.182],[-50.023,-20.136],[-50.041,-20.105],[-50.035,-20.084],[-50.05,-20.1],[-50.097,-20.118],[-50.107,-20.146],[-50.148,-20.162],[-50.158,-20.191],[-50.202,-20.19],[-50.222,-20.205]]]}},{"type":"Feature","properties":{"code":"3528700"},"geometry":{"type":"Polygon","coordinates":[[[-52.144,-21.998],[-52.193,-22.058],[-52.177,-22.074],[-52.202,-22.117],[-52.208,-22.151],[-52.225,-22.159],[-52.221,-22.259],[-52.285,-22.273],[-52.239,-22.291],[-52.209,-22.286],[-52.195,-22.26],[-52.106,-22.275],[-52.054,-22.273],[-52.015,-22.238],[-51.97,-22.211],[-51.969,-22.195],[-51.934,-22.178],[-51.902,-22.198],[-51.874,-22.177],[-51.881,-22.103],[-51.864,-22.043],[-51.895,-22.011],[-51.915,-22.007],[-51.963,-21.99],[-51.972,-21.976],[-52.023,-21.949],[-52.038,-22.027],[-52.059,-22.03],[-52.088,-21.987],[-52.111,-21.981],[-52.144,-21.998]]]}},{"type":"Feature","properties":{"code":"3520509"},"geometry":{"type":"Polygon","coordinates":[[[-47.113,-23.226],[-47.114,-23.179],[-47.138,-23.133],[-47.144,-23.101],[-47.087,-23.091],[-47.088,-23.055],[-47.109,-23.061],[-47.182,-23.03],[-47.205,-23.032],[-47.233,-23.007],[-47.255,-22.998],[-47.291,-23.044],[-47.278,-23.071],[-47.301,-23.113],[-47.305,-23.135],[-47.269,-23.145],[-47.245,-23.183],[-47.196,-23.187],[-47.129,-23.204],[-47.116,-23.225],[-47.113,-23.226]]]}},{"type":"Feature","properties":{"code":"3503901"},"geometry":{"type":"Polygon","coordinates":[[[-46.358,-23.437],[-46.354,-23.422],[-46.271,-23.43],[-46.248,-23.406],[-46.294,-23.369],[-46.304,-23.322],[-46.339,-23.334],[-46.371,-23.371],[-46.377,-23.394],[-46.358,-23.437]]]}},{"type":"Feature","properties":{"code":"3512308"},"geometry":{"type":"Polygon","coordinates":[[[-48.16,-23.086],[-48.092,-23.087],[-48.057,-23.104],[-48.034,-23.069],[-48.006,-23.07],[-47.968,-23.03],[-47.937,-23.015],[-47.934,-22.945],[-47.952,-22.924],[-47.931,-22.883],[-47.988,-22.888],[-48.014,-22.852],[-48.047,-22.832],[-48.086,-22.821],[-48.105,-22.829],[-48.132,-22.881],[-48.139,-22.917],[-48.123,-22.93],[-48.139,-22.964],[-48.133,-22.985],[-48.126,-23.029],[-48.145,-23.074],[-48.16,-23.086]]]}},{"type":"Feature","properties":{"code":"3552908"},"geometry":{"type":"Polygon","coordinates":[[[-51.453,-22.516],[-51.458,-22.569],[-51.455,-22.636],[-51.446,-22.653],[-51.402,-22.668],[-51.374,-22.658],[-51.333,-22.667],[-51.298,-22.674],[-51.282,-22.643],[-51.288,-22.622],[-51.271,-22.545],[-51.273,-22.505],[-51.252,-22.459],[-51.219,-22.356],[-51.257,-22.332],[-51.352,-22.324],[-51.349,-22.349],[-51.364,-22.38],[-51.393,-22.41],[-51.413,-22.473],[-51.434,-22.482],[-51.453,-22.516]]]}},{"type":"Feature","properties":{"code":"3503703"},"geometry":{"type":"Polygon","coordinates":[[[-48.845,-21.219],[-48.815,-21.215],[-48.741,-21.246],[-48.696,-21.221],[-48.707,-21.207],[-48.729,-21.165],[-48.774,-21.109],[-48.799,-21.15],[-48.833,-21.154],[-48.847,-21.137],[-48.859,-21.161],[-48.845,-21.219]]]}},{"type":"Feature","properties":{"code":"3503802"},"geometry":{"type":"Polygon","coordinates":[[[-47.097,-22.635],[-47.08,-22.608],[-47.088,-22.587],[-47.055,-22.57],[-47.042,-22.551],[-47.053,-22.517],[-47.087,-22.475],[-47.104,-22.517],[-47.14,-22.526],[-47.169,-22.517],[-47.219,-22.527],[-47.236,-22.52],[-47.215,-22.534],[-47.228,-22.572],[-47.211,-22.603],[-47.168,-22.604],[-47.097,-22.635]]]}},{"type":"Feature","properties":{"code":"3553302"},"geometry":{"type":"Polygon","coordinates":[[[-47.241,-21.758],[-47.23,-21.732],[-47.165,-21.666],[-47.147,-21.623],[-47.124,-21.624],[-47.124,-21.592],[-47.097,-21.568],[-47.103,-21.539],[-47.131,-21.494],[-47.166,-21.484],[-47.199,-21.491],[-47.241,-21.443],[-47.264,-21.451],[-47.279,-21.468],[-47.278,-21.528],[-47.306,-21.551],[-47.357,-21.57],[-47.364,-21.593],[-47.399,-21.614],[-47.372,-21.65],[-47.329,-21.645],[-47.338,-21.681],[-47.323,-21.715],[-47.293,-21.752],[-47.28,-21.742],[-47.241,-21.758]]]}},{"type":"Feature","properties":{"code":"3504107"},"geometry":{"type":"Polygon","coordinates":[[[-46.637,-23.258],[-46.615,-23.227],[-46.545,-23.241],[-46.515,-23.238],[-46.509,-23.233],[-46.543,-23.208],[-46.483,-23.112],[-46.444,-23.093],[-46.432,-23.038],[-46.465,-23.052],[-46.48,-23.031],[-46.537,-23.026],[-46.568,-23.043],[-46.587,-23.018],[-46.637,-23.018],[-46.663,-22.998],[-46.696,-23.011],[-46.676,-23.041],[-46.686,-23.067],[-46.67,-23.142],[-46.654,-23.164],[-46.67,-23.207],[-46.711,-23.212],[-46.704,-23.252],[-46.638,-23.258],[-46.637,-23.258]]]}},{"type":"Feature","properties":{"code":"3536802"},"geometry":{"type":"Polygon","coordinates":[[[-46.374,-22.82],[-46.362,-22.789],[-46.333,-22.766],[-46.373,-22.747],[-46.453,-22.728],[-46.473,-22.705],[-46.507,-22.728],[-46.509,-22.757],[-46.487,-22.764],[-46.533,-22.807],[-46.528,-22.827],[-46.443,-22.825],[-46.404,-22.807],[-46.374,-22.82]]]}},{"type":"Feature","properties":{"code":"3545100"},"geometry":{"type":"Polygon","coordinates":[[[-50.922,-21.632],[-50.915,-21.669],[-50.88,-21.689],[-50.861,-21.651],[-50.823,-21.618],[-50.809,-21.56],[-50.816,-21.54],[-50.868,-21.526],[-50.874,-21.489],[-50.898,-21.491],[-50.904,-21.517],[-50.94,-21.559],[-50.927,-21.587],[-50.922,-21.632]]]}},{"type":"Feature","properties":{"code":"3520442"},"geometry":{"type":"Polygon","coordinates":[[[-51.343,-20.682],[-51.315,-20.674],[-51.325,-20.641],[-51.314,-20.587],[-51.297,-20.542],[-51.275,-20.534],[-51.264,-20.489],[-51.231,-20.457],[-51.204,-20.44],[-51.157,-20.435],[-51.131,-20.417],[-51.039,-20.371],[-51.079,-20.328],[-51.096,-20.285],[-51.109,-20.28],[-51.161,-20.305],[-51.296,-20.328],[-51.343,-20.356],[-51.378,-20.402],[-51.399,-20.446],[-51.419,-20.465],[-51.38,-20.506],[-51.386,-20.548],[-51.402,-20.564],[-51.366,-20.585],[-51.367,-20.627],[-51.343,-20.682]]]}},{"type":"Feature","properties":{"code":"3528601"},"geometry":{"type":"Polygon","coordinates":[[[-49.222,-23.037],[-49.246,-23.012],[-49.256,-22.976],[-49.304,-22.953],[-49.319,-22.97],[-49.369,-22.985],[-49.388,-23.054],[-49.382,-23.079],[-49.359,-23.084],[-49.33,-23.113],[-49.288,-23.129],[-49.26,-23.122],[-49.245,-23.145],[-49.236,-23.092],[-49.241,-23.073],[-49.222,-23.037]]]}},{"type":"Feature","properties":{"code":"3520426"},"geometry":{"type":"Polygon","coordinates":[[[-47.91,-25.053],[-47.843,-24.977],[-47.731,-24.881],[-47.623,-24.799],[-47.561,-24.758],[-47.425,-24.685],[-47.415,-24.676],[-47.431,-24.674],[-47.474,-24.705],[-47.541,-24.706],[-47.551,-24.722],[-47.626,-24.762],[-47.688,-24.815],[-47.734,-24.836],[-47.804,-24.907],[-47.855,-24.937],[-47.862,-24.962],[-47.898,-24.973],[-47.912,-25.01],[-47.91,-25.053]]]}},{"type":"Feature","properties":{"code":"3520400"},"geometry":{"type":"Polygon","coordinates":[[[-45.27,-23.875],[-45.289,-23.857],[-45.27,-23.837],[-45.233,-23.836],[-45.242,-23.811],[-45.233,-23.785],[-45.263,-23.741],[-45.34,-23.727],[-45.366,-23.809],[-45.418,-23.859],[-45.46,-23.89],[-45.444,-23.934],[-45.408,-23.939],[-45.303,-23.909],[-45.269,-23.965],[-45.233,-23.948],[-45.238,-23.909],[-45.27,-23.875]]]}},{"type":"Feature","properties":{"code":"3536109"},"geometry":{"type":"Polygon","coordinates":[[[-48.428,-23.203],[-48.38,-23.183],[-48.363,-23.154],[-48.32,-23.131],[-48.355,-23.107],[-48.351,-23.011],[-48.417,-22.999],[-48.459,-23.081],[-48.476,-23.082],[-48.45,-23.174],[-48.428,-23.203]]]}},{"type":"Feature","properties":{"code":"3553104"},"geometry":{"type":"Polygon","coordinates":[[[-48.598,-21.143],[-48.581,-21.166],[-48.538,-21.17],[-48.536,-21.186],[-48.477,-21.179],[-48.481,-21.109],[-48.492,-21.081],[-48.532,-21.09],[-48.568,-21.076],[-48.598,-21.143]]]}},{"type":"Feature","properties":{"code":"3512209"},"geometry":{"type":"Polygon","coordinates":[[[-47.136,-22.47],[-47.117,-22.447],[-47.09,-22.386],[-47.077,-22.329],[-47.084,-22.3],[-47.134,-22.3],[-47.169,-22.284],[-47.184,-22.292],[-47.21,-22.322],[-47.175,-22.41],[-47.189,-22.433],[-47.154,-22.482],[-47.136,-22.47]]]}},{"type":"Feature","properties":{"code":"3544905"},"geometry":{"type":"Polygon","coordinates":[[[-47.78,-20.894],[-47.773,-20.856],[-47.718,-20.815],[-47.755,-20.787],[-47.781,-20.779],[-47.788,-20.75],[-47.825,-20.745],[-47.867,-20.758],[-47.899,-20.796],[-47.962,-20.814],[-47.985,-20.876],[-47.94,-20.9],[-47.923,-20.883],[-47.89,-20.91],[-47.871,-20.895],[-47.84,-20.911],[-47.818,-20.894],[-47.78,-20.894]]]}},{"type":"Feature","properties":{"code":"3553203"},"geometry":{"type":"Polygon","coordinates":[[[-48.45,-21.211],[-48.422,-21.173],[-48.386,-21.169],[-48.347,-21.128],[-48.354,-21.082],[-48.384,-21.098],[-48.431,-21.095],[-48.458,-21.078],[-48.492,-21.081],[-48.481,-21.109],[-48.477,-21.179],[-48.453,-21.185],[-48.45,-21.211]]]}},{"type":"Feature","properties":{"code":"3527900"},"geometry":{"type":"Polygon","coordinates":[[[-50.237,-22.379],[-50.324,-22.359],[-50.333,-22.339],[-50.325,-22.271],[-50.299,-22.209],[-50.346,-22.189],[-50.394,-22.187],[-50.452,-22.173],[-50.453,-22.215],[-50.479,-22.258],[-50.465,-22.316],[-50.442,-22.356],[-50.452,-22.394],[-50.47,-22.419],[-50.468,-22.46],[-50.45,-22.459],[-50.398,-22.445],[-50.35,-22.479],[-50.336,-22.455],[-50.283,-22.415],[-50.276,-22.398],[-50.237,-22.379]]]}},{"type":"Feature","properties":{"code":"3519709"},"geometry":{"type":"Polygon","coordinates":[[[-47.2,-24.001],[-47.206,-23.961],[-47.184,-23.93],[-47.159,-23.935],[-47.142,-23.911],[-47.129,-23.861],[-47.084,-23.845],[-47.029,-23.846],[-47.017,-23.818],[-46.989,-23.801],[-47.019,-23.788],[-47.036,-23.748],[-47.076,-23.681],[-47.081,-23.653],[-47.139,-23.639],[-47.179,-23.641],[-47.205,-23.617],[-47.25,-23.62],[-47.277,-23.597],[-47.297,-23.604],[-47.311,-23.622],[-47.337,-23.612],[-47.368,-23.634],[-47.346,-23.705],[-47.328,-23.712],[-47.297,-23.754],[-47.301,-23.808],[-47.278,-23.836],[-47.372,-23.889],[-47.365,-23.914],[-47.389,-23.983],[-47.355,-24.022],[-47.312,-24.01],[-47.257,-24.021],[-47.2,-24.001]]]}},{"type":"Feature","properties":{"code":"3545001"},"geometry":{"type":"Polygon","coordinates":[[[-45.703,-23.637],[-45.74,-23.583],[-45.746,-23.539],[-45.789,-23.493],[-45.814,-23.499],[-45.841,-23.472],[-45.904,-23.505],[-45.962,-23.497],[-45.993,-23.52],[-45.965,-23.554],[-45.965,-23.581],[-45.929,-23.599],[-45.939,-23.632],[-45.916,-23.667],[-45.845,-23.644],[-45.833,-23.67],[-45.796,-23.683],[-45.742,-23.668],[-45.72,-23.649],[-45.703,-23.637]]]}},{"type":"Feature","properties":{"code":"3511508"},"geometry":{"type":"Polygon","coordinates":[[[-47.704,-23.216],[-47.684,-23.195],[-47.688,-23.172],[-47.714,-23.141],[-47.751,-23.122],[-47.79,-23.152],[-47.819,-23.133],[-47.817,-23.153],[-47.827,-23.203],[-47.815,-23.228],[-47.78,-23.233],[-47.772,-23.252],[-47.742,-23.23],[-47.704,-23.216]]]}},{"type":"Feature","properties":{"code":"3519808"},"geometry":{"type":"Polygon","coordinates":[[[-49.121,-20.27],[-49.184,-20.315],[-49.225,-20.305],[-49.26,-20.259],[-49.278,-20.267],[-49.308,-20.311],[-49.273,-20.341],[-49.267,-20.421],[-49.228,-20.412],[-49.22,-20.472],[-49.176,-20.474],[-49.124,-20.458],[-49.114,-20.429],[-49.089,-20.419],[-49.075,-20.356],[-49.09,-20.338],[-49.094,-20.29],[-49.121,-20.27]]]}},{"type":"Feature","properties":{"code":"3552502"},"geometry":{"type":"Polygon","coordinates":[[[-46.322,-23.744],[-46.298,-23.705],[-46.267,-23.686],[-46.254,-23.65],[-46.259,-23.612],[-46.285,-23.566],[-46.262,-23.524],[-46.288,-23.49],[-46.33,-23.506],[-46.331,-23.539],[-46.35,-23.573],[-46.383,-23.618],[-46.372,-23.644],[-46.339,-23.678],[-46.331,-23.709],[-46.328,-23.728],[-46.322,-23.744]]]}},{"type":"Feature","properties":{"code":"3511607"},"geometry":{"type":"Polygon","coordinates":[[[-47.95,-23.279],[-47.876,-23.262],[-47.851,-23.238],[-47.815,-23.228],[-47.827,-23.203],[-47.817,-23.153],[-47.839,-23.174],[-47.91,-23.161],[-47.98,-23.192],[-47.981,-23.219],[-48.009,-23.224],[-47.986,-23.243],[-47.976,-23.276],[-47.95,-23.279]]]}},{"type":"Feature","properties":{"code":"3536000"},"geometry":{"type":"Polygon","coordinates":[[[-50.966,-21.926],[-50.938,-21.951],[-50.865,-21.969],[-50.814,-21.951],[-50.774,-21.904],[-50.737,-21.878],[-50.711,-21.847],[-50.718,-21.799],[-50.777,-21.733],[-50.809,-21.718],[-50.827,-21.689],[-50.857,-21.778],[-50.824,-21.801],[-50.839,-21.829],[-50.867,-21.837],[-50.904,-21.87],[-50.966,-21.926]]]}},{"type":"Feature","properties":{"code":"3503950"},"geometry":{"type":"Polygon","coordinates":[[[-50.76,-20.165],[-50.776,-20.229],[-50.748,-20.234],[-50.728,-20.229],[-50.712,-20.2],[-50.683,-20.193],[-50.682,-20.157],[-50.704,-20.13],[-50.744,-20.135],[-50.76,-20.165]]]}},{"type":"Feature","properties":{"code":"3544301"},"geometry":{"type":"Polygon","coordinates":[[[-45.258,-23.008],[-45.278,-22.932],[-45.255,-22.897],[-45.278,-22.852],[-45.311,-22.838],[-45.324,-22.856],[-45.351,-22.869],[-45.333,-22.91],[-45.337,-22.951],[-45.322,-22.976],[-45.329,-23.013],[-45.307,-23.025],[-45.294,-23.027],[-45.258,-23.008]]]}},{"type":"Feature","properties":{"code":"3527801"},"geometry":{"type":"Polygon","coordinates":[[[-49.855,-22.357],[-49.855,-22.429],[-49.885,-22.506],[-49.849,-22.523],[-49.818,-22.526],[-49.796,-22.438],[-49.773,-22.43],[-49.736,-22.382],[-49.75,-22.357],[-49.788,-22.351],[-49.855,-22.357]]]}},{"type":"Feature","properties":{"code":"3519600"},"geometry":{"type":"Polygon","coordinates":[[[-48.67,-21.832],[-48.705,-21.831],[-48.741,-21.776],[-48.741,-21.697],[-48.727,-21.687],[-48.776,-21.699],[-48.795,-21.716],[-48.838,-21.674],[-48.875,-21.655],[-48.911,-21.674],[-48.96,-21.699],[-49.005,-21.699],[-49.084,-21.756],[-49.04,-21.774],[-48.973,-21.759],[-48.964,-21.789],[-48.99,-21.827],[-48.965,-21.85],[-48.906,-21.868],[-48.892,-21.907],[-48.878,-21.921],[-48.833,-21.895],[-48.727,-21.891],[-48.721,-21.908],[-48.679,-21.928],[-48.643,-21.905],[-48.658,-21.845],[-48.67,-21.832]]]}},{"type":"Feature","properties":{"code":"3552551"},"geometry":{"type":"Polygon","coordinates":[[[-51.231,-20.457],[-51.203,-20.489],[-51.149,-20.52],[-51.068,-20.555],[-51.033,-20.559],[-50.986,-20.549],[-50.978,-20.565],[-50.966,-20.549],[-50.982,-20.497],[-50.981,-20.457],[-50.991,-20.432],[-51.039,-20.371],[-51.131,-20.417],[-51.157,-20.435],[-51.204,-20.44],[-51.231,-20.457]]]}},{"type":"Feature","properties":{"code":"3504008"},"geometry":{"type":"Polygon","coordinates":[[[-50.508,-22.703],[-50.482,-22.696],[-50.402,-22.705],[-50.325,-22.677],[-50.31,-22.598],[-50.319,-22.555],[-50.301,-22.546],[-50.328,-22.526],[-50.35,-22.479],[-50.398,-22.445],[-50.45,-22.459],[-50.439,-22.491],[-50.414,-22.517],[-50.46,-22.53],[-50.459,-22.551],[-50.514,-22.604],[-50.573,-22.643],[-50.572,-22.692],[-50.535,-22.709],[-50.508,-22.703]]]}},{"type":"Feature","properties":{"code":"3511409"},"geometry":{"type":"Polygon","coordinates":[[[-49.151,-23.26],[-49.143,-23.159],[-49.122,-23.097],[-49.068,-23.093],[-49.081,-23.064],[-49.033,-22.959],[-48.981,-22.902],[-49.005,-22.887],[-49.039,-22.887],[-49.05,-22.912],[-49.121,-22.929],[-49.15,-22.959],[-49.172,-22.94],[-49.216,-22.977],[-49.222,-23.037],[-49.241,-23.073],[-49.236,-23.092],[-49.245,-23.145],[-49.243,-23.207],[-49.211,-23.245],[-49.151,-23.26]]]}},{"type":"Feature","properties":{"code":"3503356"},"geometry":{"type":"Polygon","coordinates":[[[-50.54,-21.815],[-50.507,-21.826],[-50.495,-21.849],[-50.426,-21.804],[-50.362,-21.828],[-50.338,-21.806],[-50.329,-21.755],[-50.309,-21.715],[-50.361,-21.724],[-50.4,-21.717],[-50.454,-21.688],[-50.496,-21.715],[-50.517,-21.71],[-50.512,-21.732],[-50.527,-21.757],[-50.54,-21.815]]]}},{"type":"Feature","properties":{"code":"3503307"},"geometry":{"type":"Polygon","coordinates":[[[-47.189,-22.433],[-47.175,-22.41],[-47.21,-22.322],[-47.184,-22.292],[-47.23,-22.257],[-47.224,-22.206],[-47.252,-22.201],[-47.262,-22.226],[-47.304,-22.229],[-47.347,-22.247],[-47.362,-22.236],[-47.404,-22.265],[-47.447,-22.265],[-47.47,-22.245],[-47.462,-22.311],[-47.483,-22.377],[-47.466,-22.412],[-47.465,-22.419],[-47.383,-22.445],[-47.366,-22.459],[-47.302,-22.445],[-47.253,-22.477],[-47.212,-22.431],[-47.189,-22.433]]]}},{"type":"Feature","properties":{"code":"3520004"},"geometry":{"type":"Polygon","coordinates":[[[-48.621,-22.502],[-48.653,-22.532],[-48.645,-22.537],[-48.617,-22.574],[-48.561,-22.587],[-48.526,-22.574],[-48.516,-22.55],[-48.49,-22.546],[-48.56,-22.5],[-48.606,-22.51],[-48.621,-22.502]]]}},{"type":"Feature","properties":{"code":"3503406"},"geometry":{"type":"Polygon","coordinates":[[[-49.034,-22.207],[-48.992,-22.217],[-48.917,-22.147],[-48.908,-22.125],[-48.861,-22.091],[-48.856,-22.034],[-48.867,-22.024],[-48.888,-22.006],[-48.862,-21.959],[-48.903,-21.933],[-48.961,-21.963],[-48.966,-21.982],[-49.024,-22.016],[-49.053,-22.004],[-49.068,-22.018],[-49.107,-22.023],[-49.134,-22.05],[-49.131,-22.062],[-49.109,-22.105],[-49.07,-22.129],[-49.07,-22.167],[-49.034,-22.207]]]}},{"type":"Feature","properties":{"code":"3544251"},"geometry":{"type":"Polygon","coordinates":[[[-52.764,-22.609],[-52.732,-22.524],[-52.684,-22.458],[-52.654,-22.446],[-52.62,-22.408],[-52.644,-22.383],[-52.656,-22.343],[-52.655,-22.303],[-52.695,-22.315],[-52.798,-22.378],[-52.84,-22.415],[-52.855,-22.439],[-52.948,-22.473],[-52.999,-22.493],[-53.014,-22.521],[-53.074,-22.549],[-53.108,-22.596],[-53.105,-22.622],[-53.092,-22.645],[-53.045,-22.625],[-53.012,-22.599],[-52.972,-22.57],[-52.925,-22.566],[-52.858,-22.608],[-52.815,-22.597],[-52.783,-22.602],[-52.764,-22.609]]]}},{"type":"Feature","properties":{"code":"3552403"},"geometry":{"type":"Polygon","coordinates":[[[-47.342,-22.86],[-47.329,-22.892],[-47.275,-22.907],[-47.258,-22.899],[-47.242,-22.877],[-47.228,-22.827],[-47.189,-22.858],[-47.158,-22.861],[-47.164,-22.805],[-47.211,-22.795],[-47.283,-22.801],[-47.304,-22.822],[-47.358,-22.817],[-47.369,-22.845],[-47.342,-22.86]]]}},{"type":"Feature","properties":{"code":"3503208"},"geometry":{"type":"Polygon","coordinates":[[[-47.968,-21.742],[-48.028,-21.741],[-48.044,-21.758],[-48.102,-21.77],[-48.145,-21.72],[-48.146,-21.702],[-48.181,-21.684],[-48.17,-21.654],[-48.166,-21.606],[-48.192,-21.618],[-48.26,-21.539],[-48.285,-21.597],[-48.272,-21.645],[-48.306,-21.691],[-48.331,-21.697],[-48.343,-21.747],[-48.361,-21.754],[-48.368,-21.797],[-48.396,-21.836],[-48.397,-21.854],[-48.345,-21.853],[-48.313,-21.868],[-48.263,-21.872],[-48.254,-21.893],[-48.23,-21.925],[-48.202,-21.933],[-48.188,-21.966],[-48.166,-21.972],[-48.103,-21.952],[-48.07,-21.953],[-48.046,-21.905],[-48.04,-21.873],[-48.013,-21.887],[-47.979,-21.87],[-47.991,-21.848],[-47.969,-21.82],[-47.947,-21.783],[-47.968,-21.742]]]}},{"type":"Feature","properties":{"code":"3536406"},"geometry":{"type":"Polygon","coordinates":[[[-51.809,-21.375],[-51.788,-21.331],[-51.757,-21.288],[-51.796,-21.267],[-51.773,-21.237],[-51.732,-21.225],[-51.682,-21.149],[-51.695,-21.132],[-51.698,-21.092],[-51.725,-21.07],[-51.773,-21.051],[-51.79,-21.102],[-51.824,-21.127],[-51.865,-21.131],[-51.879,-21.148],[-51.88,-21.198],[-51.849,-21.267],[-51.861,-21.337],[-51.833,-21.337],[-51.834,-21.364],[-51.809,-21.375]]]}},{"type":"Feature","properties":{"code":"3544202"},"geometry":{"type":"Polygon","coordinates":[[[-49.624,-20.177],[-49.599,-20.116],[-49.593,-20.079],[-49.567,-20.086],[-49.551,-20.068],[-49.55,-20.023],[-49.613,-19.92],[-49.634,-19.932],[-49.712,-19.931],[-49.749,-19.925],[-49.835,-19.933],[-49.854,-19.947],[-49.906,-19.937],[-49.886,-19.98],[-49.892,-20.037],[-49.84,-20.03],[-49.806,-20.074],[-49.788,-20.087],[-49.749,-20.09],[-49.739,-20.114],[-49.68,-20.137],[-49.654,-20.171],[-49.624,-20.177]]]}},{"type":"Feature","properties":{"code":"3536257"},"geometry":{"type":"Polygon","coordinates":[[[-50.008,-20.332],[-50.002,-20.279],[-50.016,-20.239],[-50.013,-20.204],[-50.028,-20.182],[-50.032,-20.203],[-50.072,-20.246],[-50.078,-20.305],[-50.053,-20.336],[-50.037,-20.317],[-50.008,-20.332]]]}},{"type":"Feature","properties":{"code":"3528205"},"geometry":{"type":"Polygon","coordinates":[[[-50.222,-20.205],[-50.202,-20.19],[-50.158,-20.191],[-50.148,-20.162],[-50.107,-20.146],[-50.097,-20.118],[-50.05,-20.1],[-50.035,-20.084],[-50.046,-20.06],[-50.074,-20.072],[-50.09,-20.043],[-50.111,-20.038],[-50.131,-20.049],[-50.157,-20.037],[-50.19,-19.986],[-50.206,-20.031],[-50.24,-20.045],[-50.295,-20.017],[-50.285,-20.064],[-50.309,-20.089],[-50.258,-20.107],[-50.27,-20.135],[-50.225,-20.177],[-50.222,-20.205]]]}},{"type":"Feature","properties":{"code":"3536208"},"geometry":{"type":"Polygon","coordinates":[[[-47.83,-24.756],[-47.812,-24.77],[-47.772,-24.698],[-47.747,-24.642],[-47.728,-24.622],[-47.77,-24.591],[-47.778,-24.574],[-47.817,-24.566],[-47.866,-24.579],[-47.918,-24.628],[-47.927,-24.673],[-47.964,-24.721],[-47.943,-24.767],[-47.867,-24.797],[-47.83,-24.756]]]}},{"type":"Feature","properties":{"code":"3552809"},"geometry":{"type":"Polygon","coordinates":[[[-46.793,-23.647],[-46.751,-23.604],[-46.808,-23.609],[-46.81,-23.61],[-46.819,-23.636],[-46.793,-23.647]]]}},{"type":"Feature","properties":{"code":"3528007"},"geometry":{"type":"Polygon","coordinates":[[[-48.827,-22.488],[-48.816,-22.541],[-48.793,-22.538],[-48.764,-22.559],[-48.674,-22.552],[-48.653,-22.532],[-48.621,-22.502],[-48.642,-22.482],[-48.664,-22.465],[-48.668,-22.411],[-48.703,-22.369],[-48.731,-22.395],[-48.741,-22.453],[-48.773,-22.48],[-48.827,-22.488]]]}},{"type":"Feature","properties":{"code":"3536307"},"geometry":{"type":"Polygon","coordinates":[[[-47.453,-20.76],[-47.412,-20.809],[-47.343,-20.83],[-47.327,-20.859],[-47.289,-20.837],[-47.246,-20.865],[-47.227,-20.857],[-47.227,-20.855],[-47.215,-20.827],[-47.225,-20.801],[-47.189,-20.771],[-47.186,-20.731],[-47.237,-20.686],[-47.252,-20.648],[-47.184,-20.603],[-47.153,-20.599],[-47.143,-20.566],[-47.138,-20.561],[-47.144,-20.541],[-47.182,-20.54],[-47.197,-20.558],[-47.24,-20.523],[-47.263,-20.548],[-47.299,-20.552],[-47.331,-20.582],[-47.358,-20.624],[-47.347,-20.671],[-47.367,-20.712],[-47.424,-20.736],[-47.453,-20.76]]]}},{"type":"Feature","properties":{"code":"3544608"},"geometry":{"type":"Polygon","coordinates":[[[-49.547,-21.423],[-49.583,-21.38],[-49.628,-21.354],[-49.679,-21.353],[-49.697,-21.363],[-49.696,-21.402],[-49.67,-21.436],[-49.637,-21.46],[-49.633,-21.489],[-49.619,-21.495],[-49.568,-21.555],[-49.547,-21.569],[-49.539,-21.6],[-49.518,-21.602],[-49.496,-21.571],[-49.459,-21.547],[-49.446,-21.524],[-49.484,-21.503],[-49.547,-21.423]]]}},{"type":"Feature","properties":{"code":"3503604"},"geometry":{"type":"Polygon","coordinates":[[[-48.689,-22.694],[-48.644,-22.689],[-48.608,-22.656],[-48.625,-22.612],[-48.65,-22.589],[-48.645,-22.537],[-48.653,-22.532],[-48.674,-22.552],[-48.683,-22.585],[-48.665,-22.623],[-48.689,-22.647],[-48.689,-22.694]]]}},{"type":"Feature","properties":{"code":"3528106"},"geometry":{"type":"Polygon","coordinates":[[[-50.051,-20.931],[-50.022,-20.944],[-50.033,-20.978],[-49.994,-20.95],[-49.975,-20.911],[-49.957,-20.907],[-49.907,-20.86],[-49.913,-20.814],[-49.905,-20.762],[-49.905,-20.76],[-49.925,-20.723],[-49.949,-20.746],[-49.992,-20.74],[-50.019,-20.76],[-50.029,-20.794],[-50.024,-20.824],[-50.031,-20.89],[-50.051,-20.931]]]}},{"type":"Feature","properties":{"code":"3519907"},"geometry":{"type":"Polygon","coordinates":[[[-50.945,-22.675],[-50.962,-22.633],[-50.973,-22.544],[-50.986,-22.518],[-51.032,-22.512],[-51.028,-22.48],[-51.063,-22.474],[-51.1,-22.486],[-51.125,-22.558],[-51.135,-22.604],[-51.159,-22.637],[-51.182,-22.692],[-51.214,-22.724],[-51.176,-22.739],[-51.128,-22.76],[-51.058,-22.766],[-51.004,-22.794],[-50.979,-22.783],[-50.964,-22.754],[-50.934,-22.726],[-50.952,-22.696],[-50.945,-22.675]]]}},{"type":"Feature","properties":{"code":"3535606"},"geometry":{"type":"Polygon","coordinates":[[[-45.703,-23.637],[-45.637,-23.622],[-45.631,-23.657],[-45.581,-23.646],[-45.54,-23.597],[-45.524,-23.605],[-45.487,-23.573],[-45.457,-23.577],[-45.483,-23.56],[-45.52,-23.483],[-45.522,-23.459],[-45.553,-23.453],[-45.562,-23.414],[-45.539,-23.376],[-45.577,-23.363],[-45.566,-23.332],[-45.646,-23.291],[-45.677,-23.307],[-45.706,-23.338],[-45.782,-23.356],[-45.755,-23.389],[-45.778,-23.415],[-45.764,-23.441],[-45.786,-23.46],[-45.789,-23.493],[-45.746,-23.539],[-45.74,-23.583],[-45.703,-23.637]]]}},{"type":"Feature","properties":{"code":"3552601"},"geometry":{"type":"Polygon","coordinates":[[[-49.111,-21.028],[-49.044,-21.004],[-48.988,-21.021],[-48.966,-21.055],[-48.94,-21.06],[-48.961,-21.031],[-48.955,-20.982],[-48.96,-20.944],[-48.909,-20.915],[-48.907,-20.892],[-48.949,-20.869],[-48.984,-20.849],[-49.022,-20.851],[-49.064,-20.812],[-49.078,-20.811],[-49.106,-20.889],[-49.105,-20.928],[-49.133,-20.968],[-49.13,-20.998],[-49.111,-21.028]]]}},{"type":"Feature","properties":{"code":"3511706"},"geometry":{"type":"Polygon","coordinates":[[[-47.803,-22.582],[-47.705,-22.593],[-47.669,-22.54],[-47.669,-22.51],[-47.694,-22.483],[-47.724,-22.493],[-47.777,-22.444],[-47.793,-22.448],[-47.787,-22.474],[-47.81,-22.499],[-47.824,-22.539],[-47.803,-22.582]]]}},{"type":"Feature","properties":{"code":"3527405"},"geometry":{"type":"Polygon","coordinates":[[[-51.092,-21.766],[-51.113,-21.801],[-51.095,-21.835],[-51.076,-21.788],[-51.008,-21.804],[-50.98,-21.745],[-50.977,-21.701],[-50.96,-21.67],[-50.922,-21.632],[-50.927,-21.587],[-50.94,-21.559],[-50.904,-21.517],[-50.898,-21.491],[-50.924,-21.442],[-50.948,-21.447],[-50.985,-21.433],[-50.993,-21.437],[-50.966,-21.484],[-50.967,-21.543],[-50.978,-21.591],[-51.034,-21.65],[-51.04,-21.705],[-51.077,-21.723],[-51.092,-21.766]]]}},{"type":"Feature","properties":{"code":"3544400"},"geometry":{"type":"Polygon","coordinates":[[[-50.924,-21.442],[-50.898,-21.491],[-50.874,-21.489],[-50.842,-21.454],[-50.796,-21.44],[-50.752,-21.385],[-50.722,-21.381],[-50.694,-21.309],[-50.694,-21.262],[-50.72,-21.247],[-50.754,-21.263],[-50.736,-21.199],[-50.767,-21.23],[-50.783,-21.282],[-50.769,-21.292],[-50.82,-21.375],[-50.87,-21.416],[-50.924,-21.442]]]}},{"type":"Feature","properties":{"code":"3552700"},"geometry":{"type":"Polygon","coordinates":[[[-48.727,-21.687],[-48.741,-21.697],[-48.741,-21.776],[-48.705,-21.831],[-48.67,-21.832],[-48.648,-21.818],[-48.63,-21.774],[-48.553,-21.743],[-48.526,-21.716],[-48.479,-21.708],[-48.502,-21.697],[-48.512,-21.623],[-48.556,-21.62],[-48.584,-21.628],[-48.624,-21.617],[-48.677,-21.628],[-48.677,-21.684],[-48.727,-21.687]]]}},{"type":"Feature","properties":{"code":"3544509"},"geometry":{"type":"Polygon","coordinates":[[[-50.97,-20.403],[-51.011,-20.322],[-51.026,-20.278],[-51.012,-20.25],[-50.977,-20.228],[-50.974,-20.16],[-50.952,-20.159],[-50.918,-20.131],[-51.001,-20.096],[-51.022,-20.133],[-51.069,-20.25],[-51.109,-20.28],[-51.096,-20.285],[-51.079,-20.328],[-51.039,-20.371],[-50.991,-20.432],[-50.97,-20.403]]]}},{"type":"Feature","properties":{"code":"3519204"},"geometry":{"type":"Polygon","coordinates":[[[-50.665,-21.935],[-50.622,-21.917],[-50.599,-21.844],[-50.557,-21.832],[-50.54,-21.815],[-50.527,-21.757],[-50.512,-21.732],[-50.517,-21.71],[-50.571,-21.692],[-50.61,-21.657],[-50.615,-21.659],[-50.61,-21.69],[-50.638,-21.745],[-50.635,-21.767],[-50.718,-21.799],[-50.711,-21.847],[-50.737,-21.878],[-50.731,-21.888],[-50.669,-21.894],[-50.665,-21.935]]]}},{"type":"Feature","properties":{"code":"3511003"},"geometry":{"type":"Polygon","coordinates":[[[-51.773,-21.051],[-51.725,-21.07],[-51.698,-21.092],[-51.695,-21.132],[-51.682,-21.149],[-51.64,-21.163],[-51.642,-21.147],[-51.591,-21.087],[-51.535,-21.095],[-51.511,-21.067],[-51.476,-21.05],[-51.466,-20.995],[-51.477,-20.968],[-51.452,-20.891],[-51.448,-20.771],[-51.419,-20.681],[-51.457,-20.668],[-51.497,-20.669],[-51.522,-20.64],[-51.575,-20.623],[-51.603,-20.662],[-51.635,-20.755],[-51.622,-20.777],[-51.633,-20.822],[-51.628,-20.869],[-51.615,-20.886],[-51.624,-20.944],[-51.667,-20.971],[-51.714,-20.971],[-51.76,-21.022],[-51.773,-21.051]]]}},{"type":"Feature","properties":{"code":"3543808"},"geometry":{"type":"Polygon","coordinates":[[[-50.718,-21.799],[-50.635,-21.767],[-50.638,-21.745],[-50.61,-21.69],[-50.615,-21.659],[-50.647,-21.65],[-50.67,-21.606],[-50.734,-21.572],[-50.78,-21.568],[-50.777,-21.588],[-50.827,-21.689],[-50.809,-21.718],[-50.777,-21.733],[-50.718,-21.799]]]}},{"type":"Feature","properties":{"code":"3511102"},"geometry":{"type":"Polygon","coordinates":[[[-49.011,-21.253],[-48.968,-21.245],[-48.972,-21.202],[-48.927,-21.166],[-48.92,-21.116],[-48.883,-21.105],[-48.86,-21.071],[-48.819,-21.042],[-48.844,-21.015],[-48.86,-21.006],[-48.889,-21.035],[-48.94,-21.06],[-48.966,-21.055],[-48.99,-21.082],[-49.017,-21.085],[-49.046,-21.133],[-49.021,-21.18],[-49.059,-21.192],[-49.091,-21.221],[-49.059,-21.242],[-49.011,-21.253]]]}},{"type":"Feature","properties":{"code":"3519253"},"geometry":{"type":"Polygon","coordinates":[[[-49.183,-22.724],[-49.173,-22.772],[-49.178,-22.838],[-49.21,-22.87],[-49.172,-22.909],[-49.172,-22.94],[-49.15,-22.959],[-49.121,-22.929],[-49.05,-22.912],[-49.039,-22.887],[-49.005,-22.887],[-48.983,-22.84],[-49.031,-22.834],[-49.031,-22.763],[-49.095,-22.698],[-49.095,-22.667],[-49.151,-22.684],[-49.166,-22.719],[-49.183,-22.724]]]}},{"type":"Feature","properties":{"code":"3519105"},"geometry":{"type":"Polygon","coordinates":[[[-49.105,-21.751],[-49.129,-21.776],[-49.151,-21.829],[-49.152,-21.86],[-49.123,-21.922],[-49.142,-21.947],[-49.118,-21.999],[-49.134,-22.05],[-49.107,-22.023],[-49.068,-22.018],[-49.053,-22.004],[-49.024,-22.016],[-48.966,-21.982],[-48.961,-21.963],[-48.903,-21.933],[-48.892,-21.907],[-48.906,-21.868],[-48.965,-21.85],[-48.99,-21.827],[-48.964,-21.789],[-48.973,-21.759],[-49.04,-21.774],[-49.084,-21.756],[-49.105,-21.751]]]}},{"type":"Feature","properties":{"code":"3527256"},"geometry":{"type":"Polygon","coordinates":[[[-50.3,-21.001],[-50.248,-21.007],[-50.232,-20.98],[-50.18,-20.983],[-50.169,-20.957],[-50.181,-20.901],[-50.223,-20.889],[-50.263,-20.905],[-50.276,-20.927],[-50.3,-21.001]]]}},{"type":"Feature","properties":{"code":"3503505"},"geometry":{"type":"Polygon","coordinates":[[[-44.724,-22.833],[-44.67,-22.821],[-44.65,-22.798],[-44.652,-22.757],[-44.672,-22.728],[-44.678,-22.653],[-44.686,-22.641],[-44.646,-22.604],[-44.644,-22.556],[-44.668,-22.554],[-44.688,-22.521],[-44.716,-22.539],[-44.733,-22.575],[-44.79,-22.587],[-44.816,-22.614],[-44.779,-22.61],[-44.761,-22.648],[-44.773,-22.705],[-44.747,-22.73],[-44.754,-22.788],[-44.705,-22.803],[-44.724,-22.833]]]}},{"type":"Feature","properties":{"code":"3510906"},"geometry":{"type":"Polygon","coordinates":[[[-47.19,-21.212],[-47.2,-21.259],[-47.232,-21.267],[-47.212,-21.292],[-47.227,-21.341],[-47.192,-21.348],[-47.157,-21.302],[-47.13,-21.328],[-47.108,-21.316],[-47.066,-21.269],[-47.044,-21.267],[-47.076,-21.241],[-47.118,-21.186],[-47.17,-21.194],[-47.19,-21.212]]]}},{"type":"Feature","properties":{"code":"3519071"},"geometry":{"type":"Polygon","coordinates":[[[-47.247,-22.91],[-47.179,-22.912],[-47.157,-22.888],[-47.158,-22.861],[-47.189,-22.858],[-47.228,-22.827],[-47.242,-22.877],[-47.258,-22.899],[-47.247,-22.91]]]}},{"type":"Feature","properties":{"code":"3519055"},"geometry":{"type":"Polygon","coordinates":[[[-47.103,-22.69],[-47.074,-22.68],[-47.056,-22.647],[-47.024,-22.661],[-47.031,-22.619],[-47.048,-22.57],[-47.055,-22.57],[-47.088,-22.587],[-47.08,-22.608],[-47.097,-22.635],[-47.109,-22.665],[-47.103,-22.69]]]}},{"type":"Feature","properties":{"code":"3552007"},"geometry":{"type":"Polygon","coordinates":[[[-44.91,-22.886],[-44.881,-22.89],[-44.823,-22.859],[-44.772,-22.819],[-44.754,-22.788],[-44.747,-22.73],[-44.773,-22.705],[-44.761,-22.648],[-44.779,-22.61],[-44.816,-22.614],[-44.848,-22.602],[-44.873,-22.621],[-44.906,-22.612],[-44.903,-22.637],[-44.927,-22.655],[-44.921,-22.751],[-44.895,-22.845],[-44.91,-22.886]]]}},{"type":"Feature","properties":{"code":"3535507"},"geometry":{"type":"Polygon","coordinates":[[[-50.83,-22.428],[-50.844,-22.447],[-50.831,-22.484],[-50.857,-22.53],[-50.842,-22.55],[-50.846,-22.618],[-50.828,-22.645],[-50.771,-22.582],[-50.692,-22.547],[-50.674,-22.513],[-50.637,-22.563],[-50.613,-22.544],[-50.579,-22.58],[-50.525,-22.593],[-50.514,-22.604],[-50.459,-22.551],[-50.46,-22.53],[-50.414,-22.517],[-50.439,-22.491],[-50.45,-22.459],[-50.468,-22.46],[-50.47,-22.419],[-50.452,-22.394],[-50.442,-22.356],[-50.465,-22.316],[-50.49,-22.319],[-50.559,-22.295],[-50.57,-22.304],[-50.621,-22.294],[-50.646,-22.312],[-50.681,-22.294],[-50.696,-22.371],[-50.695,-22.4],[-50.753,-22.433],[-50.783,-22.435],[-50.83,-22.428]]]}},{"type":"Feature","properties":{"code":"3502804"},"geometry":{"type":"Polygon","coordinates":[[[-50.554,-21.45],[-50.539,-21.437],[-50.523,-21.39],[-50.484,-21.351],[-50.466,-21.308],[-50.467,-21.297],[-50.39,-21.252],[-50.404,-21.233],[-50.38,-21.154],[-50.356,-21.126],[-50.347,-21.06],[-50.358,-21.044],[-50.395,-21.063],[-50.425,-21.035],[-50.456,-21.045],[-50.526,-21.033],[-50.53,-21.019],[-50.573,-20.977],[-50.613,-20.968],[-50.634,-20.951],[-50.678,-20.892],[-50.763,-20.892],[-50.867,-20.831],[-50.864,-20.845],[-50.9,-20.91],[-50.85,-20.936],[-50.798,-20.963],[-50.797,-20.985],[-50.695,-21.032],[-50.641,-21.047],[-50.639,-21.071],[-50.572,-21.192],[-50.577,-21.203],[-50.545,-21.252],[-50.544,-21.271],[-50.573,-21.296],[-50.603,-21.365],[-50.604,-21.416],[-50.622,-21.452],[-50.582,-21.442],[-50.554,-21.45]]]}},{"type":"Feature","properties":{"code":"3527306"},"geometry":{"type":"Polygon","coordinates":[[[-46.916,-23.046],[-46.943,-23.067],[-46.977,-23.066],[-46.998,-23.092],[-46.997,-23.117],[-46.947,-23.111],[-46.939,-23.096],[-46.878,-23.092],[-46.865,-23.076],[-46.916,-23.046]]]}},{"type":"Feature","properties":{"code":"3502903"},"geometry":{"type":"Polygon","coordinates":[[[-47.761,-23.561],[-47.764,-23.589],[-47.706,-23.629],[-47.669,-23.631],[-47.641,-23.616],[-47.64,-23.581],[-47.623,-23.572],[-47.582,-23.585],[-47.556,-23.573],[-47.552,-23.488],[-47.565,-23.468],[-47.606,-23.471],[-47.651,-23.459],[-47.697,-23.494],[-47.718,-23.534],[-47.761,-23.561]]]}},{"type":"Feature","properties":{"code":"3511300"},"geometry":{"type":"Polygon","coordinates":[[[-49.311,-21.009],[-49.275,-21.007],[-49.273,-20.969],[-49.257,-20.962],[-49.252,-20.918],[-49.194,-20.904],[-49.15,-20.848],[-49.142,-20.824],[-49.172,-20.814],[-49.257,-20.851],[-49.289,-20.875],[-49.317,-20.911],[-49.346,-20.932],[-49.375,-20.96],[-49.338,-20.982],[-49.311,-21.009]]]}},{"type":"Feature","properties":{"code":"3551900"},"geometry":{"type":"Polygon","coordinates":[[[-48.892,-20.824],[-48.843,-20.843],[-48.797,-20.836],[-48.745,-20.84],[-48.719,-20.813],[-48.726,-20.766],[-48.754,-20.743],[-48.792,-20.725],[-48.812,-20.74],[-48.821,-20.772],[-48.842,-20.772],[-48.892,-20.824]]]}},{"type":"Feature","properties":{"code":"3543709"},"geometry":{"type":"Polygon","coordinates":[[[-47.863,-21.612],[-47.886,-21.591],[-47.927,-21.576],[-47.964,-21.598],[-47.991,-21.566],[-48.027,-21.539],[-48.031,-21.515],[-48.074,-21.479],[-48.096,-21.525],[-48.143,-21.554],[-48.166,-21.606],[-48.17,-21.654],[-48.136,-21.644],[-47.998,-21.635],[-47.91,-21.678],[-47.873,-21.639],[-47.863,-21.612]]]}},{"type":"Feature","properties":{"code":"3502705"},"geometry":{"type":"Polygon","coordinates":[[[-48.789,-24.558],[-48.688,-24.501],[-48.655,-24.456],[-48.613,-24.453],[-48.586,-24.435],[-48.55,-24.441],[-48.492,-24.378],[-48.514,-24.338],[-48.589,-24.342],[-48.605,-24.332],[-48.645,-24.332],[-48.671,-24.356],[-48.69,-24.391],[-48.782,-24.358],[-48.866,-24.344],[-48.883,-24.331],[-48.949,-24.329],[-48.98,-24.347],[-48.987,-24.312],[-49.025,-24.271],[-49.063,-24.243],[-49.108,-24.251],[-49.075,-24.284],[-49.093,-24.319],[-49.12,-24.33],[-49.058,-24.375],[-49.023,-24.376],[-48.952,-24.453],[-48.942,-24.485],[-48.982,-24.524],[-48.979,-24.535],[-48.901,-24.556],[-48.887,-24.586],[-48.789,-24.558]]]}},{"type":"Feature","properties":{"code":"3535903"},"geometry":{"type":"Polygon","coordinates":[[[-50.585,-20.141],[-50.551,-20.113],[-50.56,-20.092],[-50.537,-20.049],[-50.519,-20.036],[-50.518,-20.029],[-50.552,-19.992],[-50.585,-20.036],[-50.619,-20.032],[-50.65,-20.004],[-50.663,-20.061],[-50.661,-20.087],[-50.628,-20.105],[-50.611,-20.131],[-50.585,-20.141]]]}},{"type":"Feature","properties":{"code":"3527702"},"geometry":{"type":"Polygon","coordinates":[[[-50.445,-21.662],[-50.454,-21.688],[-50.4,-21.717],[-50.361,-21.724],[-50.309,-21.715],[-50.273,-21.709],[-50.246,-21.697],[-50.26,-21.661],[-50.3,-21.625],[-50.336,-21.635],[-50.364,-21.623],[-50.425,-21.631],[-50.445,-21.662]]]}},{"type":"Feature","properties":{"code":"3519501"},"geometry":{"type":"Polygon","coordinates":[[[-50.133,-22.94],[-50.093,-22.922],[-50.072,-22.928],[-50.053,-22.905],[-50.009,-22.787],[-50.01,-22.784],[-50.023,-22.75],[-50.079,-22.692],[-50.106,-22.681],[-50.123,-22.715],[-50.113,-22.768],[-50.099,-22.782],[-50.109,-22.825],[-50.127,-22.848],[-50.133,-22.94]]]}},{"type":"Feature","properties":{"code":"3552205"},"geometry":{"type":"Polygon","coordinates":[[[-47.492,-23.584],[-47.503,-23.536],[-47.429,-23.522],[-47.365,-23.524],[-47.354,-23.561],[-47.307,-23.561],[-47.303,-23.524],[-47.324,-23.514],[-47.317,-23.463],[-47.326,-23.44],[-47.34,-23.437],[-47.381,-23.39],[-47.418,-23.358],[-47.45,-23.352],[-47.504,-23.36],[-47.565,-23.383],[-47.544,-23.399],[-47.535,-23.429],[-47.565,-23.468],[-47.552,-23.488],[-47.556,-23.573],[-47.492,-23.584]]]}},{"type":"Feature","properties":{"code":"3535705"},"geometry":{"type":"Polygon","coordinates":[[[-48.819,-21.042],[-48.777,-21.099],[-48.725,-21.073],[-48.694,-21.007],[-48.718,-20.978],[-48.786,-20.934],[-48.796,-20.936],[-48.805,-20.987],[-48.844,-21.015],[-48.819,-21.042]]]}},{"type":"Feature","properties":{"code":"3502754"},"geometry":{"type":"Polygon","coordinates":[[[-46.997,-23.507],[-47.017,-23.473],[-47.012,-23.446],[-47.038,-23.436],[-47.031,-23.372],[-47.043,-23.352],[-47.133,-23.381],[-47.138,-23.412],[-47.141,-23.448],[-47.121,-23.481],[-47.067,-23.478],[-47.044,-23.516],[-46.997,-23.507]]]}},{"type":"Feature","properties":{"code":"3552304"},"geometry":{"type":"Polygon","coordinates":[[[-50.978,-20.565],[-50.996,-20.611],[-50.991,-20.648],[-51.023,-20.693],[-51.058,-20.726],[-51.001,-20.768],[-50.915,-20.796],[-50.873,-20.827],[-50.851,-20.803],[-50.814,-20.734],[-50.8,-20.672],[-50.804,-20.61],[-50.765,-20.62],[-50.768,-20.547],[-50.812,-20.531],[-50.873,-20.542],[-50.913,-20.541],[-50.937,-20.555],[-50.966,-20.549],[-50.978,-20.565]]]}},{"type":"Feature","properties":{"code":"3527504"},"geometry":{"type":"Polygon","coordinates":[[[-49.629,-22.469],[-49.608,-22.497],[-49.607,-22.536],[-49.566,-22.575],[-49.545,-22.564],[-49.503,-22.514],[-49.485,-22.503],[-49.503,-22.479],[-49.477,-22.418],[-49.484,-22.394],[-49.513,-22.396],[-49.556,-22.392],[-49.604,-22.443],[-49.629,-22.469]]]}},{"type":"Feature","properties":{"code":"3535804"},"geometry":{"type":"Polygon","coordinates":[[[-48.781,-23.643],[-48.765,-23.613],[-48.694,-23.601],[-48.678,-23.588],[-48.622,-23.594],[-48.609,-23.582],[-48.628,-23.562],[-48.637,-23.526],[-48.624,-23.482],[-48.643,-23.472],[-48.653,-23.429],[-48.633,-23.398],[-48.628,-23.356],[-48.648,-23.329],[-48.704,-23.342],[-48.774,-23.302],[-48.809,-23.268],[-48.848,-23.283],[-48.883,-23.281],[-48.929,-23.299],[-48.985,-23.288],[-49.001,-23.378],[-48.978,-23.411],[-48.92,-23.471],[-48.898,-23.508],[-48.853,-23.539],[-48.833,-23.598],[-48.8,-23.639],[-48.781,-23.643]]]}},{"type":"Feature","properties":{"code":"3503109"},"geometry":{"type":"Polygon","coordinates":[[[-49.013,-23.262],[-48.989,-23.225],[-48.992,-23.201],[-48.979,-23.144],[-48.993,-23.087],[-49.068,-23.093],[-49.122,-23.097],[-49.143,-23.159],[-49.151,-23.26],[-49.09,-23.266],[-49.053,-23.257],[-49.013,-23.262]]]}},{"type":"Feature","properties":{"code":"3544103"},"geometry":{"type":"Polygon","coordinates":[[[-46.429,-23.766],[-46.387,-23.764],[-46.328,-23.728],[-46.331,-23.709],[-46.411,-23.733],[-46.429,-23.766]]]}},{"type":"Feature","properties":{"code":"3519303"},"geometry":{"type":"Polygon","coordinates":[[[-48.166,-21.972],[-48.091,-22.06],[-48.047,-22.025],[-47.996,-22.03],[-47.966,-21.984],[-47.924,-21.897],[-47.929,-21.845],[-47.969,-21.82],[-47.991,-21.848],[-47.979,-21.87],[-48.013,-21.887],[-48.04,-21.873],[-48.046,-21.905],[-48.07,-21.953],[-48.103,-21.952],[-48.166,-21.972]]]}},{"type":"Feature","properties":{"code":"3527603"},"geometry":{"type":"Polygon","coordinates":[[[-47.724,-21.706],[-47.679,-21.657],[-47.671,-21.603],[-47.643,-21.592],[-47.64,-21.544],[-47.661,-21.498],[-47.746,-21.458],[-47.797,-21.447],[-47.83,-21.423],[-47.863,-21.393],[-47.895,-21.38],[-47.895,-21.44],[-47.902,-21.461],[-47.887,-21.501],[-47.927,-21.576],[-47.886,-21.591],[-47.863,-21.612],[-47.853,-21.598],[-47.818,-21.616],[-47.811,-21.648],[-47.83,-21.669],[-47.812,-21.699],[-47.768,-21.692],[-47.737,-21.712],[-47.724,-21.706]]]}},{"type":"Feature","properties":{"code":"3519402"},"geometry":{"type":"Polygon","coordinates":[[[-49.153,-21.185],[-49.123,-21.136],[-49.118,-21.087],[-49.13,-21.07],[-49.142,-21.08],[-49.181,-21.047],[-49.181,-21.026],[-49.213,-20.986],[-49.257,-20.962],[-49.273,-20.969],[-49.275,-21.007],[-49.311,-21.009],[-49.292,-21.093],[-49.316,-21.127],[-49.255,-21.135],[-49.227,-21.125],[-49.185,-21.145],[-49.171,-21.181],[-49.153,-21.185]]]}},{"type":"Feature","properties":{"code":"3552106"},"geometry":{"type":"Polygon","coordinates":[[[-46.622,-22.723],[-46.537,-22.721],[-46.507,-22.728],[-46.473,-22.705],[-46.469,-22.673],[-46.428,-22.661],[-46.393,-22.663],[-46.406,-22.622],[-46.424,-22.599],[-46.433,-22.571],[-46.415,-22.558],[-46.456,-22.522],[-46.542,-22.494],[-46.55,-22.47],[-46.585,-22.493],[-46.6,-22.515],[-46.614,-22.547],[-46.602,-22.632],[-46.629,-22.654],[-46.622,-22.723]]]}},{"type":"Feature","properties":{"code":"3535101"},"geometry":{"type":"Polygon","coordinates":[[[-48.847,-21.137],[-48.833,-21.154],[-48.799,-21.15],[-48.774,-21.109],[-48.777,-21.099],[-48.819,-21.042],[-48.86,-21.071],[-48.883,-21.105],[-48.873,-21.134],[-48.847,-21.137]]]}},{"type":"Feature","properties":{"code":"3543907"},"geometry":{"type":"Polygon","coordinates":[[[-47.564,-22.527],[-47.578,-22.511],[-47.578,-22.47],[-47.537,-22.438],[-47.466,-22.412],[-47.483,-22.377],[-47.462,-22.311],[-47.47,-22.245],[-47.554,-22.244],[-47.594,-22.249],[-47.595,-22.279],[-47.634,-22.335],[-47.672,-22.335],[-47.714,-22.302],[-47.731,-22.299],[-47.76,-22.34],[-47.721,-22.335],[-47.698,-22.383],[-47.666,-22.38],[-47.65,-22.436],[-47.659,-22.452],[-47.639,-22.488],[-47.654,-22.521],[-47.631,-22.548],[-47.583,-22.542],[-47.564,-22.527]]]}},{"type":"Feature","properties":{"code":"3511201"},"geometry":{"type":"Polygon","coordinates":[[[-49.046,-21.133],[-49.017,-21.085],[-48.99,-21.082],[-48.966,-21.055],[-48.988,-21.021],[-49.044,-21.004],[-49.111,-21.028],[-49.131,-21.044],[-49.13,-21.07],[-49.118,-21.087],[-49.065,-21.133],[-49.046,-21.133]]]}},{"type":"Feature","properties":{"code":"3503158"},"geometry":{"type":"Polygon","coordinates":[[[-44.508,-22.769],[-44.481,-22.742],[-44.407,-22.715],[-44.383,-22.633],[-44.361,-22.613],[-44.36,-22.581],[-44.382,-22.573],[-44.406,-22.599],[-44.464,-22.616],[-44.452,-22.644],[-44.473,-22.685],[-44.533,-22.74],[-44.508,-22.769]]]}},{"type":"Feature","properties":{"code":"3526902"},"geometry":{"type":"Polygon","coordinates":[[[-47.49,-22.724],[-47.474,-22.738],[-47.44,-22.715],[-47.388,-22.699],[-47.36,-22.688],[-47.335,-22.713],[-47.279,-22.663],[-47.254,-22.625],[-47.227,-22.603],[-47.228,-22.572],[-47.215,-22.534],[-47.236,-22.52],[-47.253,-22.477],[-47.302,-22.445],[-47.335,-22.498],[-47.368,-22.502],[-47.41,-22.529],[-47.434,-22.52],[-47.477,-22.526],[-47.488,-22.554],[-47.497,-22.618],[-47.487,-22.642],[-47.512,-22.692],[-47.49,-22.724]]]}},{"type":"Feature","properties":{"code":"3544004"},"geometry":{"type":"Polygon","coordinates":[[[-47.507,-22.852],[-47.53,-22.846],[-47.495,-22.767],[-47.522,-22.779],[-47.545,-22.767],[-47.597,-22.796],[-47.63,-22.789],[-47.667,-22.799],[-47.664,-22.876],[-47.708,-22.887],[-47.713,-22.912],[-47.701,-22.919],[-47.619,-22.923],[-47.609,-22.902],[-47.55,-22.907],[-47.519,-22.887],[-47.507,-22.852]]]}},{"type":"Feature","properties":{"code":"3518701"},"geometry":{"type":"Polygon","coordinates":[[[-46.306,-23.993],[-46.32,-24.024],[-46.24,-23.991],[-46.198,-23.995],[-46.166,-23.944],[-46.179,-23.924],[-46.156,-23.907],[-46.133,-23.857],[-46.178,-23.889],[-46.212,-23.916],[-46.238,-23.922],[-46.297,-23.916],[-46.312,-23.928],[-46.29,-23.984],[-46.306,-23.993]]]}},{"type":"Feature","properties":{"code":"3510500"},"geometry":{"type":"Polygon","coordinates":[[[-45.72,-23.649],[-45.679,-23.667],[-45.664,-23.699],[-45.68,-23.723],[-45.618,-23.719],[-45.576,-23.726],[-45.531,-23.756],[-45.507,-23.73],[-45.452,-23.725],[-45.427,-23.708],[-45.428,-23.658],[-45.407,-23.624],[-45.388,-23.634],[-45.357,-23.623],[-45.311,-23.576],[-45.277,-23.578],[-45.273,-23.483],[-45.307,-23.496],[-45.349,-23.548],[-45.386,-23.556],[-45.444,-23.556],[-45.457,-23.577],[-45.487,-23.573],[-45.524,-23.605],[-45.54,-23.597],[-45.581,-23.646],[-45.631,-23.657],[-45.637,-23.622],[-45.703,-23.637],[-45.72,-23.649]]]}},{"type":"Feature","properties":{"code":"3543253"},"geometry":{"type":"Polygon","coordinates":[[[-48.383,-24.304],[-48.361,-24.283],[-48.317,-24.313],[-48.275,-24.296],[-48.281,-24.282],[-48.278,-24.25],[-48.288,-24.197],[-48.303,-24.18],[-48.302,-24.141],[-48.315,-24.114],[-48.308,-24.052],[-48.351,-24.073],[-48.377,-24.066],[-48.407,-24.086],[-48.424,-24.138],[-48.421,-24.18],[-48.448,-24.215],[-48.431,-24.264],[-48.411,-24.267],[-48.383,-24.304]]]}},{"type":"Feature","properties":{"code":"3503000"},"geometry":{"type":"Polygon","coordinates":[[[-47.837,-20.242],[-47.791,-20.224],[-47.794,-20.2],[-47.742,-20.152],[-47.739,-20.128],[-47.785,-20.069],[-47.87,-20.076],[-47.899,-20.126],[-47.889,-20.156],[-47.857,-20.194],[-47.86,-20.224],[-47.837,-20.242]]]}},{"type":"Feature","properties":{"code":"3510401"},"geometry":{"type":"Polygon","coordinates":[[[-47.389,-22.984],[-47.396,-22.904],[-47.442,-22.889],[-47.465,-22.858],[-47.507,-22.852],[-47.519,-22.887],[-47.51,-22.896],[-47.525,-22.963],[-47.572,-22.968],[-47.623,-22.994],[-47.576,-23.017],[-47.531,-23.004],[-47.52,-23.021],[-47.53,-23.052],[-47.509,-23.092],[-47.489,-23.108],[-47.428,-23.101],[-47.446,-23.022],[-47.389,-22.984]]]}},{"type":"Feature","properties":{"code":"3551504"},"geometry":{"type":"Polygon","coordinates":[[[-47.659,-21.196],[-47.661,-21.248],[-47.652,-21.28],[-47.591,-21.276],[-47.528,-21.201],[-47.541,-21.183],[-47.583,-21.173],[-47.611,-21.182],[-47.628,-21.148],[-47.647,-21.148],[-47.665,-21.161],[-47.659,-21.196]]]}},{"type":"Feature","properties":{"code":"3502309"},"geometry":{"type":"Polygon","coordinates":[[[-48.291,-22.958],[-48.247,-22.97],[-48.213,-22.994],[-48.178,-22.978],[-48.163,-22.998],[-48.133,-22.985],[-48.139,-22.964],[-48.123,-22.93],[-48.139,-22.917],[-48.132,-22.881],[-48.105,-22.829],[-48.086,-22.821],[-48.047,-22.832],[-48.032,-22.826],[-48.028,-22.753],[-48.032,-22.719],[-48.072,-22.736],[-48.099,-22.688],[-48.089,-22.652],[-48.096,-22.623],[-48.156,-22.638],[-48.214,-22.615],[-48.246,-22.619],[-48.24,-22.649],[-48.25,-22.678],[-48.248,-22.733],[-48.285,-22.736],[-48.264,-22.767],[-48.257,-22.828],[-48.26,-22.866],[-48.293,-22.877],[-48.302,-22.914],[-48.291,-22.958]]]}},{"type":"Feature","properties":{"code":"3535002"},"geometry":{"type":"Polygon","coordinates":[[[-49.617,-20.323],[-49.575,-20.351],[-49.525,-20.48],[-49.497,-20.497],[-49.478,-20.505],[-49.463,-20.501],[-49.398,-20.436],[-49.409,-20.4],[-49.398,-20.378],[-49.336,-20.319],[-49.307,-20.302],[-49.349,-20.251],[-49.402,-20.24],[-49.425,-20.217],[-49.458,-20.218],[-49.496,-20.23],[-49.516,-20.213],[-49.574,-20.208],[-49.624,-20.177],[-49.654,-20.171],[-49.687,-20.201],[-49.687,-20.224],[-49.648,-20.26],[-49.617,-20.323]]]}},{"type":"Feature","properties":{"code":"3543303"},"geometry":{"type":"Polygon","coordinates":[[[-46.475,-23.718],[-46.45,-23.771],[-46.429,-23.766],[-46.411,-23.733],[-46.331,-23.709],[-46.339,-23.678],[-46.372,-23.644],[-46.383,-23.618],[-46.384,-23.618],[-46.4,-23.645],[-46.393,-23.669],[-46.426,-23.678],[-46.475,-23.718]]]}},{"type":"Feature","properties":{"code":"3526803"},"geometry":{"type":"Polygon","coordinates":[[[-48.932,-22.53],[-48.89,-22.554],[-48.945,-22.621],[-48.935,-22.68],[-48.939,-22.739],[-48.956,-22.753],[-48.964,-22.79],[-48.948,-22.826],[-48.91,-22.834],[-48.88,-22.852],[-48.803,-22.845],[-48.78,-22.827],[-48.778,-22.762],[-48.729,-22.765],[-48.698,-22.735],[-48.689,-22.694],[-48.689,-22.647],[-48.665,-22.623],[-48.683,-22.585],[-48.674,-22.552],[-48.764,-22.559],[-48.793,-22.538],[-48.816,-22.541],[-48.827,-22.488],[-48.861,-22.484],[-48.932,-22.53]]]}},{"type":"Feature","properties":{"code":"3518602"},"geometry":{"type":"Polygon","coordinates":[[[-48.336,-21.385],[-48.337,-21.426],[-48.286,-21.436],[-48.283,-21.481],[-48.235,-21.474],[-48.198,-21.465],[-48.182,-21.448],[-48.114,-21.42],[-48.147,-21.367],[-48.141,-21.318],[-48.175,-21.314],[-48.208,-21.335],[-48.26,-21.32],[-48.274,-21.353],[-48.312,-21.361],[-48.336,-21.385]]]}},{"type":"Feature","properties":{"code":"3551306"},"geometry":{"type":"Polygon","coordinates":[[[-49.983,-20.572],[-49.986,-20.608],[-49.972,-20.658],[-49.956,-20.662],[-49.948,-20.699],[-49.904,-20.71],[-49.876,-20.669],[-49.828,-20.633],[-49.839,-20.614],[-49.871,-20.591],[-49.923,-20.562],[-49.956,-20.576],[-49.983,-20.572]]]}},{"type":"Feature","properties":{"code":"3535309"},"geometry":{"type":"Polygon","coordinates":[[[-50.133,-22.94],[-50.127,-22.848],[-50.109,-22.825],[-50.099,-22.782],[-50.113,-22.768],[-50.123,-22.715],[-50.245,-22.689],[-50.262,-22.701],[-50.291,-22.755],[-50.291,-22.774],[-50.329,-22.805],[-50.34,-22.842],[-50.333,-22.88],[-50.359,-22.916],[-50.34,-22.948],[-50.323,-22.951],[-50.276,-22.932],[-50.243,-22.951],[-50.206,-22.952],[-50.153,-22.936],[-50.133,-22.94]]]}},{"type":"Feature","properties":{"code":"3543238"},"geometry":{"type":"Polygon","coordinates":[[[-51.574,-21.851],[-51.553,-21.835],[-51.525,-21.774],[-51.532,-21.743],[-51.512,-21.702],[-51.537,-21.684],[-51.611,-21.675],[-51.618,-21.707],[-51.587,-21.759],[-51.668,-21.826],[-51.654,-21.832],[-51.588,-21.901],[-51.574,-21.851]]]}},{"type":"Feature","properties":{"code":"3551405"},"geometry":{"type":"Polygon","coordinates":[[[-47.459,-21.367],[-47.48,-21.313],[-47.475,-21.299],[-47.504,-21.24],[-47.502,-21.208],[-47.528,-21.201],[-47.591,-21.276],[-47.652,-21.28],[-47.661,-21.303],[-47.651,-21.34],[-47.631,-21.359],[-47.581,-21.368],[-47.541,-21.414],[-47.49,-21.398],[-47.459,-21.367]]]}},{"type":"Feature","properties":{"code":"3535408"},"geometry":{"type":"Polygon","coordinates":[[[-51.809,-21.375],[-51.834,-21.364],[-51.833,-21.337],[-51.861,-21.337],[-51.9,-21.378],[-51.918,-21.412],[-51.929,-21.456],[-51.962,-21.493],[-51.964,-21.523],[-51.941,-21.547],[-51.88,-21.581],[-51.86,-21.581],[-51.843,-21.578],[-51.82,-21.525],[-51.797,-21.519],[-51.753,-21.45],[-51.773,-21.388],[-51.809,-21.375]]]}},{"type":"Feature","properties":{"code":"3543204"},"geometry":{"type":"Polygon","coordinates":[[[-50.009,-22.787],[-49.939,-22.833],[-49.886,-22.814],[-49.866,-22.803],[-49.837,-22.763],[-49.848,-22.73],[-49.892,-22.699],[-49.902,-22.667],[-49.974,-22.688],[-50.001,-22.772],[-50.01,-22.784],[-50.009,-22.787]]]}},{"type":"Feature","properties":{"code":"3502200"},"geometry":{"type":"Polygon","coordinates":[[[-48.535,-23.541],[-48.52,-23.509],[-48.469,-23.529],[-48.414,-23.535],[-48.398,-23.577],[-48.397,-23.618],[-48.371,-23.631],[-48.38,-23.578],[-48.343,-23.575],[-48.304,-23.59],[-48.275,-23.572],[-48.237,-23.519],[-48.193,-23.49],[-48.262,-23.467],[-48.289,-23.448],[-48.308,-23.417],[-48.332,-23.424],[-48.37,-23.408],[-48.356,-23.375],[-48.38,-23.316],[-48.359,-23.303],[-48.402,-23.287],[-48.417,-23.263],[-48.451,-23.272],[-48.492,-23.261],[-48.554,-23.279],[-48.593,-23.315],[-48.648,-23.329],[-48.628,-23.356],[-48.633,-23.398],[-48.653,-23.429],[-48.643,-23.472],[-48.624,-23.482],[-48.637,-23.526],[-48.628,-23.562],[-48.609,-23.582],[-48.577,-23.576],[-48.535,-23.541]]]}},{"type":"Feature","properties":{"code":"3527207"},"geometry":{"type":"Polygon","coordinates":[[[-44.895,-22.845],[-44.913,-22.855],[-44.975,-22.808],[-45.011,-22.773],[-45.061,-22.75],[-45.075,-22.725],[-45.069,-22.676],[-45.095,-22.665],[-45.112,-22.635],[-45.157,-22.636],[-45.204,-22.656],[-45.179,-22.692],[-45.179,-22.712],[-45.145,-22.743],[-45.132,-22.821],[-45.101,-22.878],[-45.06,-22.885],[-45.029,-22.921],[-44.947,-22.913],[-44.91,-22.886],[-44.895,-22.845]]]}},{"type":"Feature","properties":{"code":"3519006"},"geometry":{"type":"Polygon","coordinates":[[[-50.484,-22.081],[-50.408,-22.081],[-50.376,-22.064],[-50.345,-22.062],[-50.343,-22.015],[-50.318,-22.01],[-50.309,-21.977],[-50.285,-21.959],[-50.27,-21.842],[-50.309,-21.853],[-50.338,-21.806],[-50.362,-21.828],[-50.361,-21.856],[-50.405,-21.86],[-50.415,-21.964],[-50.439,-21.987],[-50.498,-22.014],[-50.484,-22.081]]]}},{"type":"Feature","properties":{"code":"3551702"},"geometry":{"type":"Polygon","coordinates":[[[-47.943,-21.2],[-47.917,-21.201],[-47.902,-21.16],[-47.913,-21.119],[-47.883,-21.098],[-47.872,-21.064],[-47.89,-21.032],[-47.945,-21.031],[-47.988,-20.992],[-47.978,-21.026],[-47.986,-21.056],[-48.008,-21.078],[-48.073,-21.09],[-48.112,-21.105],[-48.125,-21.089],[-48.154,-21.097],[-48.187,-21.13],[-48.169,-21.161],[-48.113,-21.184],[-48.081,-21.184],[-48.042,-21.203],[-47.989,-21.217],[-47.943,-21.2]]]}},{"type":"Feature","properties":{"code":"3510807"},"geometry":{"type":"Polygon","coordinates":[[[-46.982,-21.968],[-47.004,-21.918],[-46.988,-21.848],[-46.963,-21.817],[-46.954,-21.799],[-46.968,-21.761],[-46.986,-21.742],[-46.98,-21.7],[-46.998,-21.654],[-47.029,-21.647],[-47.038,-21.623],[-47.081,-21.61],[-47.097,-21.568],[-47.124,-21.592],[-47.124,-21.624],[-47.147,-21.623],[-47.165,-21.666],[-47.23,-21.732],[-47.241,-21.758],[-47.211,-21.756],[-47.187,-21.79],[-47.185,-21.848],[-47.195,-21.915],[-47.16,-21.947],[-47.196,-21.974],[-47.158,-21.984],[-47.107,-21.976],[-47.038,-21.991],[-46.982,-21.968]]]}},{"type":"Feature","properties":{"code":"3535200"},"geometry":{"type":"Polygon","coordinates":[[[-50.768,-20.547],[-50.739,-20.545],[-50.725,-20.527],[-50.679,-20.53],[-50.656,-20.517],[-50.672,-20.438],[-50.68,-20.395],[-50.704,-20.381],[-50.715,-20.34],[-50.742,-20.324],[-50.785,-20.336],[-50.827,-20.331],[-50.823,-20.374],[-50.854,-20.386],[-50.844,-20.415],[-50.839,-20.412],[-50.8,-20.42],[-50.812,-20.531],[-50.768,-20.547]]]}},{"type":"Feature","properties":{"code":"3543501"},"geometry":{"type":"Polygon","coordinates":[[[-49.608,-23.839],[-49.587,-23.889],[-49.557,-23.921],[-49.536,-23.928],[-49.522,-23.917],[-49.502,-23.907],[-49.457,-23.919],[-49.43,-23.906],[-49.328,-23.903],[-49.289,-23.892],[-49.319,-23.881],[-49.301,-23.825],[-49.334,-23.782],[-49.358,-23.761],[-49.387,-23.759],[-49.414,-23.784],[-49.469,-23.771],[-49.508,-23.792],[-49.56,-23.794],[-49.573,-23.827],[-49.608,-23.839]]]}},{"type":"Feature","properties":{"code":"3551801"},"geometry":{"type":"Polygon","coordinates":[[[-48.013,-24.51],[-47.972,-24.502],[-47.91,-24.469],[-47.869,-24.421],[-47.824,-24.405],[-47.834,-24.371],[-47.8,-24.352],[-47.761,-24.263],[-47.762,-24.224],[-47.777,-24.204],[-47.78,-24.141],[-47.773,-24.134],[-47.863,-24.114],[-47.859,-24.094],[-47.895,-24.079],[-47.953,-24.12],[-47.981,-24.113],[-48.009,-24.135],[-48.049,-24.138],[-48.058,-24.177],[-48.106,-24.201],[-48.139,-24.194],[-48.115,-24.212],[-48.123,-24.234],[-48.104,-24.281],[-48.117,-24.319],[-48.065,-24.325],[-48.038,-24.364],[-48.014,-24.378],[-48.007,-24.452],[-48.013,-24.51]]]}},{"type":"Feature","properties":{"code":"3527009"},"geometry":{"type":"Polygon","coordinates":[[[-46.712,-22.504],[-46.679,-22.507],[-46.674,-22.537],[-46.614,-22.547],[-46.6,-22.515],[-46.631,-22.507],[-46.657,-22.473],[-46.712,-22.504]]]}},{"type":"Feature","properties":{"code":"3543600"},"geometry":{"type":"Polygon","coordinates":[[[-47.542,-20.013],[-47.473,-20.061],[-47.444,-20.126],[-47.411,-20.117],[-47.398,-20.141],[-47.35,-20.163],[-47.329,-20.115],[-47.372,-20.086],[-47.408,-20.08],[-47.44,-20.049],[-47.424,-20.015],[-47.463,-19.966],[-47.49,-19.969],[-47.549,-19.994],[-47.542,-20.013]]]}},{"type":"Feature","properties":{"code":"3527108"},"geometry":{"type":"Polygon","coordinates":[[[-49.839,-21.761],[-49.772,-21.804],[-49.755,-21.799],[-49.726,-21.746],[-49.659,-21.727],[-49.629,-21.732],[-49.574,-21.705],[-49.561,-21.662],[-49.568,-21.626],[-49.518,-21.602],[-49.539,-21.6],[-49.547,-21.569],[-49.568,-21.555],[-49.619,-21.495],[-49.633,-21.489],[-49.687,-21.523],[-49.73,-21.589],[-49.727,-21.604],[-49.765,-21.622],[-49.79,-21.651],[-49.788,-21.694],[-49.833,-21.7],[-49.869,-21.741],[-49.839,-21.761]]]}},{"type":"Feature","properties":{"code":"3518800"},"geometry":{"type":"Polygon","coordinates":[[[-46.536,-23.364],[-46.567,-23.416],[-46.571,-23.459],[-46.562,-23.5],[-46.494,-23.477],[-46.461,-23.483],[-46.412,-23.47],[-46.387,-23.475],[-46.394,-23.449],[-46.358,-23.437],[-46.377,-23.394],[-46.371,-23.371],[-46.339,-23.334],[-46.358,-23.317],[-46.364,-23.274],[-46.395,-23.286],[-46.419,-23.316],[-46.452,-23.358],[-46.521,-23.354],[-46.536,-23.364]]]}},{"type":"Feature","properties":{"code":"3510609"},"geometry":{"type":"Polygon","coordinates":[[[-46.876,-23.565],[-46.848,-23.583],[-46.817,-23.582],[-46.818,-23.52],[-46.862,-23.524],[-46.861,-23.545],[-46.876,-23.565]]]}},{"type":"Feature","properties":{"code":"3518909"},"geometry":{"type":"Polygon","coordinates":[[[-50.8,-20.672],[-50.757,-20.682],[-50.745,-20.721],[-50.721,-20.706],[-50.686,-20.708],[-50.664,-20.705],[-50.617,-20.66],[-50.642,-20.615],[-50.678,-20.569],[-50.679,-20.53],[-50.725,-20.527],[-50.739,-20.545],[-50.768,-20.547],[-50.765,-20.62],[-50.804,-20.61],[-50.8,-20.672]]]}},{"type":"Feature","properties":{"code":"3551603"},"geometry":{"type":"Polygon","coordinates":[[[-46.728,-22.655],[-46.679,-22.646],[-46.658,-22.664],[-46.629,-22.654],[-46.602,-22.632],[-46.614,-22.547],[-46.674,-22.537],[-46.679,-22.507],[-46.712,-22.504],[-46.737,-22.547],[-46.772,-22.536],[-46.798,-22.541],[-46.757,-22.57],[-46.766,-22.604],[-46.743,-22.651],[-46.728,-22.655]]]}},{"type":"Feature","properties":{"code":"3510708"},"geometry":{"type":"Polygon","coordinates":[[[-50.035,-20.084],[-50.041,-20.105],[-50.023,-20.136],[-50.028,-20.182],[-49.992,-20.186],[-49.942,-20.175],[-49.921,-20.215],[-49.881,-20.198],[-49.827,-20.187],[-49.812,-20.195],[-49.803,-20.156],[-49.816,-20.094],[-49.806,-20.074],[-49.84,-20.03],[-49.892,-20.037],[-49.886,-19.98],[-49.906,-19.937],[-49.97,-19.92],[-50.003,-19.926],[-50.044,-19.916],[-50.056,-19.981],[-50.075,-20.007],[-50.111,-20.02],[-50.111,-20.038],[-50.09,-20.043],[-50.074,-20.072],[-50.046,-20.06],[-50.035,-20.084]]]}}]}