{"type":"FeatureCollection","features":[{"type":"Feature","properties":{"code":"4120408"},"geometry":{"type":"Polygon","coordinates":[[[-52.178,-23.349],[-52.145,-23.304],[-52.114,-23.298],[-52.082,-23.255],[-52.061,-23.205],[-52.069,-23.189],[-52.108,-23.19],[-52.144,-23.212],[-52.188,-23.262],[-52.219,-23.248],[-52.244,-23.268],[-52.219,-23.289],[-52.239,-23.314],[-52.189,-23.334],[-52.179,-23.35],[-52.178,-23.349]]]}},{"type":"Feature","properties":{"code":"4104055"},"geometry":{"type":"Polygon","coordinates":[[[-52.979,-25.102],[-52.949,-25.091],[-52.959,-25.057],[-52.952,-25.033],[-52.984,-24.974],[-52.988,-24.932],[-52.966,-24.913],[-52.961,-24.875],[-52.98,-24.864],[-52.935,-24.778],[-52.92,-24.762],[-52.913,-24.717],[-52.964,-24.705],[-52.992,-24.77],[-53.037,-24.796],[-53.058,-24.84],[-53.058,-24.869],[-53.083,-24.919],[-53.104,-24.96],[-53.076,-25.003],[-53.101,-25.096],[-53.082,-25.097],[-52.979,-25.102]]]}},{"type":"Feature","properties":{"code":"4128708"},"geometry":{"type":"Polygon","coordinates":[[[-52.908,-26.36],[-52.866,-26.358],[-52.847,-26.344],[-52.763,-26.354],[-52.738,-26.342],[-52.701,-26.358],[-52.688,-26.313],[-52.66,-26.3],[-52.688,-26.268],[-52.736,-26.274],[-52.751,-26.25],[-52.797,-26.213],[-52.799,-26.163],[-52.82,-26.147],[-52.848,-26.181],[-52.852,-26.207],[-52.898,-26.26],[-52.897,-26.307],[-52.908,-26.36]]]}},{"type":"Feature","properties":{"code":"4112207"},"geometry":{"type":"Polygon","coordinates":[[[-52.869,-24.316],[-52.814,-24.288],[-52.837,-24.258],[-52.824,-24.214],[-52.798,-24.186],[-52.727,-24.179],[-52.702,-24.14],[-52.747,-24.082],[-52.767,-24.029],[-52.782,-24.012],[-52.836,-23.995],[-52.873,-23.992],[-52.886,-24.043],[-52.855,-24.117],[-52.864,-24.139],[-52.869,-24.142],[-52.869,-24.316]]]}},{"type":"Feature","properties":{"code":"4120507"},"geometry":{"type":"Polygon","coordinates":[[[-51.167,-22.945],[-51.147,-22.965],[-51.104,-22.945],[-51.011,-22.945],[-50.98,-22.937],[-50.933,-22.909],[-50.937,-22.874],[-50.977,-22.824],[-51.007,-22.815],[-51.004,-22.794],[-51.058,-22.766],[-51.128,-22.76],[-51.176,-22.739],[-51.184,-22.771],[-51.155,-22.855],[-51.178,-22.9],[-51.167,-22.945]]]}},{"type":"Feature","properties":{"code":"4128658"},"geometry":{"type":"Polygon","coordinates":[[[-52.259,-25.256],[-52.256,-25.31],[-52.287,-25.338],[-52.29,-25.377],[-52.278,-25.442],[-52.265,-25.473],[-52.299,-25.484],[-52.269,-25.499],[-52.275,-25.577],[-52.242,-25.565],[-52.217,-25.485],[-52.193,-25.478],[-52.206,-25.454],[-52.181,-25.432],[-52.164,-25.395],[-52.172,-25.365],[-52.205,-25.327],[-52.221,-25.293],[-52.219,-25.256],[-52.259,-25.256]]]}},{"type":"Feature","properties":{"code":"4112306"},"geometry":{"type":"Polygon","coordinates":[[[-50.244,-23.577],[-50.224,-23.608],[-50.236,-23.635],[-50.205,-23.663],[-50.203,-23.698],[-50.212,-23.736],[-50.182,-23.773],[-50.174,-23.817],[-50.121,-23.857],[-50.076,-23.818],[-50.094,-23.791],[-50.133,-23.716],[-50.156,-23.709],[-50.169,-23.679],[-50.186,-23.662],[-50.175,-23.634],[-50.193,-23.57],[-50.244,-23.577]]]}},{"type":"Feature","properties":{"code":"4128005"},"geometry":{"type":"Polygon","coordinates":[[[-52.979,-24.67],[-52.944,-24.63],[-52.951,-24.614],[-52.922,-24.584],[-52.919,-24.561],[-52.873,-24.51],[-52.885,-24.423],[-52.975,-24.413],[-52.975,-24.347],[-53.037,-24.378],[-53.062,-24.405],[-53.078,-24.399],[-53.12,-24.406],[-53.159,-24.395],[-53.152,-24.417],[-53.163,-24.49],[-53.179,-24.521],[-53.136,-24.537],[-53.107,-24.57],[-53.085,-24.611],[-53.044,-24.61],[-53.044,-24.65],[-53.025,-24.667],[-52.979,-24.67]]]}},{"type":"Feature","properties":{"code":"4104105"},"geometry":{"type":"Polygon","coordinates":[[[-49.541,-25.946],[-49.565,-25.928],[-49.598,-25.926],[-49.606,-25.896],[-49.644,-25.893],[-49.704,-25.928],[-49.751,-25.943],[-49.792,-25.946],[-49.789,-26.012],[-49.755,-26.023],[-49.679,-26.026],[-49.618,-26.046],[-49.585,-26.025],[-49.571,-26.049],[-49.539,-26.071],[-49.532,-26.044],[-49.547,-26.025],[-49.541,-25.946]]]}},{"type":"Feature","properties":{"code":"4119806"},"geometry":{"type":"Polygon","coordinates":[[[-53.577,-25.799],[-53.573,-25.783],[-53.613,-25.718],[-53.612,-25.653],[-53.622,-25.648],[-53.658,-25.641],[-53.712,-25.674],[-53.732,-25.665],[-53.781,-25.704],[-53.82,-25.709],[-53.85,-25.691],[-53.879,-25.707],[-53.849,-25.741],[-53.843,-25.77],[-53.81,-25.794],[-53.778,-25.796],[-53.742,-25.785],[-53.69,-25.82],[-53.664,-25.808],[-53.596,-25.802],[-53.577,-25.799]]]}},{"type":"Feature","properties":{"code":"4127965"},"geometry":{"type":"Polygon","coordinates":[[[-51.297,-25.064],[-51.325,-25.021],[-51.341,-24.941],[-51.37,-24.943],[-51.399,-24.91],[-51.394,-24.877],[-51.365,-24.807],[-51.316,-24.784],[-51.333,-24.76],[-51.374,-24.773],[-51.411,-24.755],[-51.443,-24.801],[-51.442,-24.823],[-51.493,-24.916],[-51.52,-24.943],[-51.592,-24.984],[-51.62,-24.984],[-51.658,-25.013],[-51.687,-25.053],[-51.767,-25.035],[-51.774,-25.023],[-51.777,-25.044],[-51.753,-25.069],[-51.704,-25.071],[-51.672,-25.094],[-51.652,-25.095],[-51.608,-25.122],[-51.623,-25.162],[-51.561,-25.177],[-51.543,-25.164],[-51.468,-25.15],[-51.424,-25.151],[-51.387,-25.113],[-51.292,-25.112],[-51.297,-25.064]]]}},{"type":"Feature","properties":{"code":"4127957"},"geometry":{"type":"Polygon","coordinates":[[[-53.537,-24.744],[-53.457,-24.744],[-53.441,-24.706],[-53.448,-24.689],[-53.427,-24.642],[-53.438,-24.574],[-53.548,-24.533],[-53.575,-24.601],[-53.563,-24.62],[-53.601,-24.651],[-53.595,-24.69],[-53.537,-24.744]]]}},{"type":"Feature","properties":{"code":"4111605"},"geometry":{"type":"Polygon","coordinates":[[[-52.264,-23.643],[-52.243,-23.635],[-52.208,-23.655],[-52.188,-23.645],[-52.155,-23.625],[-52.092,-23.556],[-52.109,-23.529],[-52.14,-23.54],[-52.156,-23.568],[-52.197,-23.575],[-52.242,-23.613],[-52.27,-23.625],[-52.264,-23.643]]]}},{"type":"Feature","properties":{"code":"4103404"},"geometry":{"type":"Polygon","coordinates":[[[-51.632,-22.888],[-51.653,-22.862],[-51.64,-22.831],[-51.661,-22.797],[-51.697,-22.789],[-51.689,-22.745],[-51.704,-22.713],[-51.725,-22.701],[-51.76,-22.739],[-51.77,-22.778],[-51.759,-22.831],[-51.801,-22.831],[-51.762,-22.851],[-51.727,-22.888],[-51.632,-22.888]]]}},{"type":"Feature","properties":{"code":"4103370"},"geometry":{"type":"Polygon","coordinates":[[[-53.481,-24.218],[-53.436,-24.112],[-53.519,-24.05],[-53.556,-24.091],[-53.667,-24.209],[-53.642,-24.239],[-53.592,-24.241],[-53.556,-24.259],[-53.489,-24.23],[-53.481,-24.218]]]}},{"type":"Feature","properties":{"code":"4103479"},"geometry":{"type":"Polygon","coordinates":[[[-53.519,-24.05],[-53.458,-23.98],[-53.532,-23.865],[-53.5,-23.839],[-53.536,-23.82],[-53.605,-23.837],[-53.619,-23.848],[-53.658,-23.88],[-53.68,-23.911],[-53.648,-23.935],[-53.645,-23.962],[-53.606,-23.957],[-53.581,-23.994],[-53.604,-24.032],[-53.556,-24.074],[-53.556,-24.091],[-53.519,-24.05]]]}},{"type":"Feature","properties":{"code":"4127858"},"geometry":{"type":"Polygon","coordinates":[[[-53.144,-25.514],[-53.152,-25.497],[-53.115,-25.48],[-53.106,-25.388],[-53.083,-25.354],[-53.125,-25.326],[-53.182,-25.33],[-53.231,-25.313],[-53.269,-25.374],[-53.312,-25.367],[-53.333,-25.364],[-53.358,-25.411],[-53.365,-25.452],[-53.344,-25.48],[-53.303,-25.497],[-53.329,-25.539],[-53.28,-25.544],[-53.262,-25.592],[-53.238,-25.575],[-53.195,-25.563],[-53.201,-25.528],[-53.189,-25.516],[-53.144,-25.514]]]}},{"type":"Feature","properties":{"code":"4103453"},"geometry":{"type":"Polygon","coordinates":[[[-53.346,-24.791],[-53.36,-24.767],[-53.353,-24.737],[-53.3,-24.683],[-53.241,-24.638],[-53.243,-24.625],[-53.263,-24.623],[-53.292,-24.585],[-53.314,-24.598],[-53.347,-24.588],[-53.385,-24.653],[-53.427,-24.642],[-53.448,-24.689],[-53.441,-24.706],[-53.457,-24.744],[-53.454,-24.801],[-53.346,-24.791]]]}},{"type":"Feature","properties":{"code":"4119657"},"geometry":{"type":"Polygon","coordinates":[[[-51.606,-23.284],[-51.562,-23.278],[-51.538,-23.264],[-51.52,-23.196],[-51.552,-23.158],[-51.555,-23.137],[-51.593,-23.13],[-51.61,-23.152],[-51.613,-23.206],[-51.622,-23.229],[-51.607,-23.253],[-51.606,-23.284]]]}},{"type":"Feature","properties":{"code":"4127908"},"geometry":{"type":"Polygon","coordinates":[[[-52.694,-23.931],[-52.742,-23.857],[-52.724,-23.827],[-52.734,-23.785],[-52.731,-23.744],[-52.742,-23.689],[-52.771,-23.698],[-52.801,-23.745],[-52.836,-23.779],[-52.915,-23.801],[-52.96,-23.785],[-53.026,-23.864],[-52.964,-23.965],[-52.923,-23.988],[-52.873,-23.992],[-52.836,-23.995],[-52.782,-24.012],[-52.767,-24.029],[-52.752,-24.024],[-52.733,-23.987],[-52.689,-23.947],[-52.694,-23.931]]]}},{"type":"Feature","properties":{"code":"4111555"},"geometry":{"type":"Polygon","coordinates":[[[-53.557,-23.216],[-53.525,-23.224],[-53.528,-23.244],[-53.511,-23.291],[-53.463,-23.344],[-53.442,-23.401],[-53.457,-23.433],[-53.455,-23.472],[-53.443,-23.516],[-53.414,-23.517],[-53.409,-23.565],[-53.367,-23.55],[-53.364,-23.505],[-53.383,-23.456],[-53.363,-23.449],[-53.332,-23.404],[-53.339,-23.377],[-53.362,-23.355],[-53.373,-23.324],[-53.364,-23.261],[-53.378,-23.241],[-53.414,-23.191],[-53.477,-23.228],[-53.515,-23.198],[-53.539,-23.188],[-53.557,-23.216]]]}},{"type":"Feature","properties":{"code":"4119707"},"geometry":{"type":"Polygon","coordinates":[[[-52.93,-23.24],[-52.91,-23.226],[-52.904,-23.178],[-52.918,-23.083],[-52.884,-23.023],[-52.827,-23.055],[-52.789,-23.006],[-52.816,-22.968],[-52.835,-22.984],[-52.886,-22.941],[-52.896,-22.96],[-52.946,-22.989],[-52.968,-23.014],[-52.976,-23.056],[-53.033,-23.105],[-53.027,-23.195],[-53.033,-23.214],[-52.998,-23.236],[-52.956,-23.229],[-52.93,-23.24]]]}},{"type":"Feature","properties":{"code":"4127882"},"geometry":{"type":"Polygon","coordinates":[[[-49.103,-24.893],[-49.127,-24.908],[-49.107,-24.953],[-49.095,-25.032],[-49.052,-25.052],[-49.023,-25.039],[-48.935,-25.047],[-48.925,-25.034],[-48.846,-25.033],[-48.796,-25.005],[-48.741,-24.988],[-48.708,-24.968],[-48.688,-24.972],[-48.651,-24.944],[-48.685,-24.918],[-48.711,-24.916],[-48.732,-24.866],[-48.837,-24.869],[-48.853,-24.827],[-48.929,-24.879],[-48.968,-24.912],[-48.995,-24.924],[-49.103,-24.893]]]}},{"type":"Feature","properties":{"code":"4103354"},"geometry":{"type":"Polygon","coordinates":[[[-53.135,-24.746],[-53.184,-24.785],[-53.194,-24.824],[-53.173,-24.874],[-53.19,-24.906],[-53.184,-24.939],[-53.16,-24.918],[-53.092,-24.912],[-53.083,-24.919],[-53.058,-24.869],[-53.058,-24.84],[-53.037,-24.796],[-52.992,-24.77],[-52.964,-24.705],[-52.979,-24.67],[-53.025,-24.667],[-53.044,-24.65],[-53.045,-24.68],[-53.063,-24.743],[-53.075,-24.754],[-53.135,-24.746]]]}},{"type":"Feature","properties":{"code":"4111506"},"geometry":{"type":"Polygon","coordinates":[[[-51.66,-24.394],[-51.639,-24.379],[-51.648,-24.33],[-51.624,-24.316],[-51.568,-24.336],[-51.526,-24.32],[-51.489,-24.329],[-51.486,-24.301],[-51.501,-24.261],[-51.496,-24.242],[-51.559,-24.157],[-51.578,-24.187],[-51.624,-24.209],[-51.689,-24.209],[-51.717,-24.255],[-51.766,-24.244],[-51.759,-24.306],[-51.772,-24.327],[-51.73,-24.362],[-51.739,-24.404],[-51.66,-24.394]]]}},{"type":"Feature","properties":{"code":"4103305"},"geometry":{"type":"Polygon","coordinates":[[[-51.619,-24.026],[-51.563,-24.031],[-51.528,-23.995],[-51.522,-23.967],[-51.479,-23.937],[-51.459,-23.883],[-51.458,-23.88],[-51.507,-23.857],[-51.558,-23.869],[-51.587,-23.862],[-51.653,-23.867],[-51.679,-23.884],[-51.688,-23.93],[-51.731,-23.939],[-51.684,-23.976],[-51.676,-24.002],[-51.641,-24.046],[-51.619,-24.026]]]}},{"type":"Feature","properties":{"code":"4128203"},"geometry":{"type":"Polygon","coordinates":[[[-51.278,-26.143],[-51.24,-26.157],[-51.18,-26.166],[-51.172,-26.184],[-51.135,-26.186],[-51.124,-26.212],[-51.158,-26.24],[-51.182,-26.279],[-51.207,-26.296],[-51.192,-26.302],[-51.148,-26.279],[-51.102,-26.273],[-51.077,-26.231],[-51.057,-26.244],[-51.001,-26.23],[-50.989,-26.236],[-50.993,-26.189],[-50.976,-26.153],[-50.893,-26.058],[-50.898,-26.052],[-50.929,-26.013],[-50.948,-25.969],[-50.929,-25.958],[-50.937,-25.938],[-50.937,-25.95],[-51.029,-25.962],[-51.054,-26.011],[-51.101,-26.004],[-51.122,-26.032],[-51.16,-26.027],[-51.216,-26.043],[-51.244,-26.094],[-51.264,-26.096],[-51.278,-26.143]]]}},{"type":"Feature","properties":{"code":"4128302"},"geometry":{"type":"Polygon","coordinates":[[[-52.149,-23.105],[-52.083,-23.09],[-52.028,-23.06],[-52.037,-23.022],[-52.052,-23.019],[-52.164,-23.065],[-52.182,-23.043],[-52.186,-23.107],[-52.149,-23.105]]]}},{"type":"Feature","properties":{"code":"4120101"},"geometry":{"type":"Polygon","coordinates":[[[-49.767,-25.467],[-49.846,-25.476],[-49.861,-25.497],[-49.91,-25.449],[-49.933,-25.503],[-49.961,-25.507],[-49.99,-25.562],[-49.986,-25.6],[-49.938,-25.607],[-49.879,-25.572],[-49.877,-25.544],[-49.809,-25.554],[-49.799,-25.497],[-49.767,-25.467]]]}},{"type":"Feature","properties":{"code":"4111902"},"geometry":{"type":"Polygon","coordinates":[[[-51.398,-23.09],[-51.492,-23.067],[-51.532,-22.93],[-51.55,-22.901],[-51.578,-22.913],[-51.59,-22.95],[-51.591,-22.991],[-51.623,-23.006],[-51.669,-22.995],[-51.75,-23.028],[-51.749,-23.039],[-51.672,-23.087],[-51.595,-23.116],[-51.593,-23.13],[-51.555,-23.137],[-51.552,-23.158],[-51.52,-23.196],[-51.484,-23.191],[-51.474,-23.167],[-51.418,-23.169],[-51.396,-23.13],[-51.398,-23.09]]]}},{"type":"Feature","properties":{"code":"4128104"},"geometry":{"type":"Polygon","coordinates":[[[-53.207,-23.92],[-53.212,-23.865],[-53.222,-23.834],[-53.186,-23.778],[-53.166,-23.77],[-53.185,-23.726],[-53.176,-23.712],[-53.336,-23.653],[-53.344,-23.638],[-53.311,-23.602],[-53.323,-23.546],[-53.352,-23.511],[-53.352,-23.485],[-53.363,-23.449],[-53.383,-23.456],[-53.364,-23.505],[-53.367,-23.55],[-53.409,-23.565],[-53.414,-23.517],[-53.443,-23.516],[-53.455,-23.472],[-53.503,-23.487],[-53.512,-23.519],[-53.532,-23.536],[-53.58,-23.518],[-53.588,-23.505],[-53.664,-23.456],[-53.654,-23.473],[-53.664,-23.585],[-53.651,-23.619],[-53.657,-23.654],[-53.593,-23.663],[-53.582,-23.674],[-53.487,-23.68],[-53.461,-23.715],[-53.46,-23.751],[-53.495,-23.77],[-53.536,-23.82],[-53.5,-23.839],[-53.463,-23.858],[-53.398,-23.825],[-53.366,-23.839],[-53.316,-23.833],[-53.279,-23.871],[-53.265,-23.904],[-53.237,-23.934],[-53.238,-23.96],[-53.207,-23.92]]]}},{"type":"Feature","properties":{"code":"4103701"},"geometry":{"type":"Polygon","coordinates":[[[-51.31,-23.383],[-51.262,-23.398],[-51.257,-23.374],[-51.22,-23.315],[-51.248,-23.267],[-51.221,-23.242],[-51.198,-23.24],[-51.193,-23.208],[-51.207,-23.172],[-51.17,-23.172],[-51.169,-23.118],[-51.231,-23.118],[-51.232,-23.052],[-51.283,-23.044],[-51.32,-23.013],[-51.344,-23.027],[-51.383,-23.082],[-51.398,-23.09],[-51.396,-23.13],[-51.418,-23.169],[-51.308,-23.172],[-51.3,-23.199],[-51.311,-23.243],[-51.329,-23.256],[-51.334,-23.292],[-51.29,-23.331],[-51.31,-23.383]]]}},{"type":"Feature","properties":{"code":"4119905"},"geometry":{"type":"Polygon","coordinates":[[[-50.368,-25.098],[-50.324,-25.135],[-50.277,-25.137],[-50.271,-25.181],[-50.279,-25.213],[-50.268,-25.24],[-50.276,-25.289],[-50.243,-25.32],[-50.255,-25.337],[-50.234,-25.386],[-50.201,-25.383],[-50.101,-25.319],[-50.055,-25.263],[-50.036,-25.299],[-50.015,-25.299],[-49.981,-25.322],[-49.941,-25.328],[-49.924,-25.311],[-49.862,-25.284],[-49.82,-25.272],[-49.844,-25.239],[-49.815,-25.228],[-49.778,-25.195],[-49.731,-25.224],[-49.686,-25.184],[-49.688,-25.158],[-49.725,-25.134],[-49.743,-25.078],[-49.711,-25.034],[-49.744,-25.04],[-49.802,-25.07],[-49.838,-25.043],[-49.87,-25.037],[-49.899,-25.045],[-49.933,-25.072],[-49.972,-25.079],[-49.975,-25.021],[-50.002,-25.004],[-50.056,-24.989],[-50.151,-25.01],[-50.179,-24.962],[-50.24,-24.962],[-50.268,-24.933],[-50.299,-24.925],[-50.321,-24.893],[-50.337,-24.894],[-50.39,-24.957],[-50.39,-24.979],[-50.428,-25.005],[-50.392,-25.08],[-50.368,-25.098]]]}},{"type":"Feature","properties":{"code":"4111704"},"geometry":{"type":"Polygon","coordinates":[[[-50.094,-23.791],[-50.035,-23.772],[-50.02,-23.738],[-50.007,-23.72],[-50.038,-23.693],[-50.049,-23.651],[-50.092,-23.68],[-50.169,-23.679],[-50.156,-23.709],[-50.133,-23.716],[-50.094,-23.791]]]}},{"type":"Feature","properties":{"code":"4120002"},"geometry":{"type":"Polygon","coordinates":[[[-51.484,-22.798],[-51.456,-22.8],[-51.447,-22.828],[-51.408,-22.819],[-51.379,-22.829],[-51.362,-22.807],[-51.318,-22.83],[-51.312,-22.785],[-51.344,-22.734],[-51.333,-22.667],[-51.374,-22.658],[-51.402,-22.668],[-51.446,-22.653],[-51.475,-22.679],[-51.517,-22.69],[-51.513,-22.729],[-51.483,-22.759],[-51.484,-22.798]]]}},{"type":"Feature","properties":{"code":"4103503"},"geometry":{"type":"Polygon","coordinates":[[[-51.429,-23.699],[-51.404,-23.712],[-51.36,-23.716],[-51.346,-23.706],[-51.301,-23.715],[-51.249,-23.664],[-51.24,-23.625],[-51.256,-23.619],[-51.302,-23.633],[-51.388,-23.628],[-51.429,-23.699]]]}},{"type":"Feature","properties":{"code":"4111803"},"geometry":{"type":"Polygon","coordinates":[[[-49.891,-23.335],[-49.834,-23.327],[-49.822,-23.3],[-49.883,-23.27],[-49.892,-23.236],[-49.861,-23.216],[-49.863,-23.173],[-49.809,-23.116],[-49.81,-23.088],[-49.819,-23.077],[-49.834,-23.066],[-49.867,-23.072],[-49.912,-23.051],[-49.902,-22.999],[-49.955,-22.978],[-49.972,-22.959],[-49.974,-22.954],[-49.971,-23.017],[-50.006,-23.038],[-50.063,-23.093],[-50.097,-23.135],[-50.134,-23.145],[-50.114,-23.177],[-50.039,-23.19],[-50.037,-23.206],[-49.988,-23.228],[-49.956,-23.251],[-49.933,-23.306],[-49.891,-23.335]]]}},{"type":"Feature","properties":{"code":"4119954"},"geometry":{"type":"Polygon","coordinates":[[[-48.477,-25.714],[-48.436,-25.649],[-48.404,-25.614],[-48.353,-25.586],[-48.348,-25.569],[-48.375,-25.545],[-48.422,-25.557],[-48.464,-25.544],[-48.49,-25.59],[-48.485,-25.628],[-48.516,-25.661],[-48.533,-25.641],[-48.585,-25.653],[-48.573,-25.702],[-48.591,-25.734],[-48.559,-25.724],[-48.519,-25.697],[-48.477,-25.714]]]}},{"type":"Feature","properties":{"code":"4103602"},"geometry":{"type":"Polygon","coordinates":[[[-50.063,-23.093],[-50.006,-23.038],[-49.971,-23.017],[-49.974,-22.954],[-49.961,-22.931],[-49.986,-22.898],[-50.015,-22.911],[-50.053,-22.905],[-50.072,-22.928],[-50.093,-22.922],[-50.133,-22.94],[-50.153,-22.936],[-50.206,-22.952],[-50.197,-22.99],[-50.21,-23.03],[-50.172,-23.078],[-50.108,-23.069],[-50.063,-23.093]]]}},{"type":"Feature","properties":{"code":"4119301"},"geometry":{"type":"Polygon","coordinates":[[[-51.62,-26.004],[-51.55,-25.987],[-51.521,-25.969],[-51.503,-25.943],[-51.449,-25.951],[-51.413,-25.925],[-51.382,-25.934],[-51.381,-25.895],[-51.303,-25.833],[-51.323,-25.787],[-51.349,-25.773],[-51.367,-25.734],[-51.346,-25.687],[-51.378,-25.655],[-51.405,-25.644],[-51.484,-25.668],[-51.481,-25.633],[-51.526,-25.617],[-51.55,-25.619],[-51.603,-25.646],[-51.607,-25.619],[-51.632,-25.593],[-51.662,-25.603],[-51.702,-25.592],[-51.762,-25.614],[-51.798,-25.596],[-51.839,-25.617],[-51.869,-25.607],[-51.891,-25.639],[-51.929,-25.63],[-51.941,-25.653],[-51.974,-25.65],[-52.01,-25.721],[-52.026,-25.735],[-52.0,-25.76],[-51.914,-25.728],[-51.839,-25.768],[-51.838,-25.799],[-51.804,-25.842],[-51.812,-25.864],[-51.818,-25.961],[-51.796,-25.999],[-51.759,-26.009],[-51.74,-25.994],[-51.743,-25.971],[-51.714,-25.922],[-51.681,-25.933],[-51.71,-25.978],[-51.668,-26.01],[-51.62,-26.004]]]}},{"type":"Feature","properties":{"code":"4111100"},"geometry":{"type":"Polygon","coordinates":[[[-51.996,-23.791],[-51.976,-23.797],[-51.949,-23.774],[-51.916,-23.724],[-51.922,-23.71],[-51.964,-23.695],[-51.94,-23.673],[-51.935,-23.652],[-51.964,-23.616],[-52.004,-23.619],[-52.053,-23.662],[-52.062,-23.651],[-52.116,-23.673],[-52.111,-23.706],[-52.061,-23.731],[-52.034,-23.772],[-52.043,-23.812],[-51.996,-23.791]]]}},{"type":"Feature","properties":{"code":"4119251"},"geometry":{"type":"Polygon","coordinates":[[[-53.52,-26.054],[-53.49,-26.052],[-53.393,-26.034],[-53.365,-26.02],[-53.43,-25.995],[-53.482,-25.992],[-53.517,-25.964],[-53.539,-25.971],[-53.546,-25.993],[-53.537,-26.045],[-53.52,-26.054]]]}},{"type":"Feature","properties":{"code":"4102901"},"geometry":{"type":"Polygon","coordinates":[[[-51.577,-26.294],[-51.503,-26.305],[-51.453,-26.329],[-51.459,-26.353],[-51.442,-26.382],[-51.417,-26.347],[-51.38,-26.329],[-51.352,-26.283],[-51.285,-26.244],[-51.276,-26.204],[-51.292,-26.167],[-51.278,-26.143],[-51.264,-26.096],[-51.308,-26.124],[-51.339,-26.115],[-51.357,-26.076],[-51.404,-26.059],[-51.418,-26.087],[-51.442,-26.071],[-51.476,-26.081],[-51.53,-26.066],[-51.589,-26.013],[-51.62,-26.004],[-51.668,-26.01],[-51.71,-25.978],[-51.681,-25.933],[-51.714,-25.922],[-51.743,-25.971],[-51.74,-25.994],[-51.723,-26.006],[-51.739,-26.049],[-51.698,-26.112],[-51.752,-26.122],[-51.765,-26.16],[-51.741,-26.173],[-51.789,-26.205],[-51.772,-26.25],[-51.726,-26.259],[-51.694,-26.245],[-51.629,-26.29],[-51.577,-26.294]]]}},{"type":"Feature","properties":{"code":"4127502"},"geometry":{"type":"Polygon","coordinates":[[[-50.849,-24.857],[-50.815,-24.847],[-50.778,-24.852],[-50.748,-24.833],[-50.731,-24.85],[-50.688,-24.857],[-50.653,-24.85],[-50.628,-24.881],[-50.597,-24.88],[-50.559,-24.864],[-50.526,-24.833],[-50.51,-24.837],[-50.474,-24.808],[-50.527,-24.938],[-50.495,-24.976],[-50.428,-25.005],[-50.39,-24.979],[-50.39,-24.957],[-50.337,-24.894],[-50.321,-24.893],[-50.357,-24.842],[-50.297,-24.856],[-50.293,-24.82],[-50.305,-24.791],[-50.245,-24.766],[-50.155,-24.694],[-50.178,-24.653],[-50.154,-24.633],[-50.176,-24.606],[-50.161,-24.593],[-50.181,-24.567],[-50.138,-24.554],[-50.135,-24.54],[-50.099,-24.521],[-50.103,-24.491],[-50.18,-24.45],[-50.21,-24.426],[-50.246,-24.42],[-50.312,-24.362],[-50.359,-24.376],[-50.431,-24.418],[-50.482,-24.47],[-50.531,-24.436],[-50.549,-24.41],[-50.581,-24.419],[-50.606,-24.394],[-50.654,-24.43],[-50.664,-24.48],[-50.694,-24.49],[-50.682,-24.513],[-50.72,-24.56],[-50.75,-24.589],[-50.737,-24.621],[-50.761,-24.64],[-50.783,-24.688],[-50.769,-24.709],[-50.786,-24.753],[-50.811,-24.747],[-50.836,-24.782],[-50.863,-24.794],[-50.875,-24.83],[-50.849,-24.857]]]}},{"type":"Feature","properties":{"code":"4119152"},"geometry":{"type":"Polygon","coordinates":[[[-49.185,-25.472],[-49.176,-25.463],[-49.155,-25.445],[-49.116,-25.44],[-49.104,-25.394],[-49.12,-25.378],[-49.142,-25.389],[-49.194,-25.39],[-49.203,-25.436],[-49.185,-25.472]]]}},{"type":"Feature","properties":{"code":"4127304"},"geometry":{"type":"Polygon","coordinates":[[[-52.849,-22.782],[-52.812,-22.801],[-52.782,-22.842],[-52.761,-22.825],[-52.74,-22.855],[-52.712,-22.863],[-52.687,-22.852],[-52.614,-22.873],[-52.595,-22.873],[-52.559,-22.766],[-52.57,-22.671],[-52.538,-22.616],[-52.589,-22.566],[-52.663,-22.612],[-52.697,-22.627],[-52.764,-22.609],[-52.783,-22.602],[-52.789,-22.637],[-52.778,-22.662],[-52.801,-22.703],[-52.816,-22.709],[-52.844,-22.751],[-52.849,-22.781],[-52.849,-22.782]]]}},{"type":"Feature","properties":{"code":"4110953"},"geometry":{"type":"Polygon","coordinates":[[[-54.474,-25.212],[-54.461,-25.227],[-54.392,-25.236],[-54.317,-25.221],[-54.3,-25.2],[-54.23,-25.23],[-54.193,-25.215],[-54.202,-25.194],[-54.216,-25.172],[-54.289,-25.118],[-54.327,-25.12],[-54.396,-25.064],[-54.412,-25.037],[-54.455,-25.034],[-54.459,-25.102],[-54.425,-25.153],[-54.448,-25.169],[-54.474,-25.212]]]}},{"type":"Feature","properties":{"code":"4102752"},"geometry":{"type":"Polygon","coordinates":[[[-53.575,-25.93],[-53.57,-25.86],[-53.587,-25.817],[-53.603,-25.813],[-53.631,-25.831],[-53.694,-25.825],[-53.68,-25.864],[-53.714,-25.86],[-53.697,-25.901],[-53.684,-25.924],[-53.61,-25.952],[-53.575,-25.93]]]}},{"type":"Feature","properties":{"code":"4127403"},"geometry":{"type":"Polygon","coordinates":[[[-54.121,-24.39],[-53.967,-24.39],[-53.967,-24.37],[-53.959,-24.12],[-53.989,-24.127],[-53.99,-24.065],[-53.968,-24.024],[-53.966,-24.002],[-53.998,-23.986],[-54.017,-24.015],[-54.056,-24.037],[-54.098,-24.025],[-54.167,-24.059],[-54.163,-24.243],[-54.177,-24.278],[-54.142,-24.292],[-54.148,-24.317],[-54.175,-24.341],[-54.172,-24.378],[-54.121,-24.39]]]}},{"type":"Feature","properties":{"code":"4119202"},"geometry":{"type":"Polygon","coordinates":[[[-49.973,-23.902],[-50.059,-23.891],[-50.02,-23.738],[-50.035,-23.772],[-50.094,-23.791],[-50.076,-23.818],[-50.121,-23.857],[-50.115,-23.884],[-50.157,-23.925],[-50.161,-23.941],[-50.118,-23.962],[-50.081,-23.961],[-50.065,-23.986],[-50.042,-23.99],[-49.993,-23.976],[-49.97,-23.956],[-49.973,-23.902]]]}},{"type":"Feature","properties":{"code":"4111001"},"geometry":{"type":"Polygon","coordinates":[[[-50.37,-23.059],[-50.348,-23.039],[-50.336,-22.979],[-50.34,-22.948],[-50.359,-22.916],[-50.379,-22.905],[-50.416,-22.913],[-50.426,-22.944],[-50.527,-22.935],[-50.528,-22.961],[-50.499,-22.977],[-50.448,-23.031],[-50.414,-23.046],[-50.403,-23.069],[-50.37,-23.059]]]}},{"type":"Feature","properties":{"code":"4102802"},"geometry":{"type":"Polygon","coordinates":[[[-51.169,-23.118],[-51.167,-22.945],[-51.178,-22.9],[-51.197,-22.916],[-51.203,-22.945],[-51.224,-22.957],[-51.272,-22.925],[-51.316,-22.916],[-51.324,-22.953],[-51.344,-22.962],[-51.32,-23.013],[-51.283,-23.044],[-51.232,-23.052],[-51.231,-23.118],[-51.169,-23.118]]]}},{"type":"Feature","properties":{"code":"4127700"},"geometry":{"type":"Polygon","coordinates":[[[-53.849,-24.876],[-53.819,-24.915],[-53.779,-24.907],[-53.742,-24.935],[-53.684,-24.94],[-53.637,-24.934],[-53.636,-24.882],[-53.626,-24.872],[-53.671,-24.852],[-53.698,-24.803],[-53.685,-24.779],[-53.632,-24.787],[-53.61,-24.802],[-53.575,-24.802],[-53.537,-24.744],[-53.595,-24.69],[-53.715,-24.575],[-53.77,-24.55],[-53.776,-24.526],[-53.806,-24.508],[-53.812,-24.483],[-53.846,-24.455],[-53.882,-24.468],[-53.866,-24.474],[-53.854,-24.512],[-53.892,-24.527],[-53.916,-24.513],[-53.959,-24.507],[-53.932,-24.566],[-53.918,-24.576],[-53.961,-24.629],[-53.961,-24.65],[-54.006,-24.658],[-54.032,-24.656],[-54.029,-24.741],[-53.988,-24.723],[-53.977,-24.734],[-53.924,-24.718],[-53.854,-24.743],[-53.808,-24.77],[-53.787,-24.828],[-53.849,-24.876]]]}},{"type":"Feature","properties":{"code":"4119509"},"geometry":{"type":"Polygon","coordinates":[[[-49.176,-25.463],[-49.145,-25.471],[-49.121,-25.502],[-49.066,-25.541],[-49.024,-25.549],[-48.97,-25.523],[-48.964,-25.492],[-48.944,-25.477],[-48.964,-25.444],[-49.001,-25.442],[-49.038,-25.417],[-49.046,-25.399],[-49.104,-25.394],[-49.116,-25.44],[-49.155,-25.445],[-49.176,-25.463]]]}},{"type":"Feature","properties":{"code":"4103156"},"geometry":{"type":"Polygon","coordinates":[[[-53.672,-26.176],[-53.653,-26.205],[-53.603,-26.218],[-53.544,-26.198],[-53.506,-26.219],[-53.474,-26.198],[-53.462,-26.165],[-53.482,-26.124],[-53.536,-26.093],[-53.568,-26.097],[-53.585,-26.126],[-53.645,-26.172],[-53.672,-26.176]]]}},{"type":"Feature","properties":{"code":"4127809"},"geometry":{"type":"Polygon","coordinates":[[[-50.02,-23.738],[-50.059,-23.891],[-49.973,-23.902],[-49.965,-23.87],[-49.923,-23.845],[-49.88,-23.835],[-49.83,-23.765],[-49.86,-23.718],[-49.851,-23.692],[-49.859,-23.66],[-49.903,-23.6],[-49.954,-23.599],[-50.024,-23.567],[-50.038,-23.549],[-50.083,-23.537],[-50.094,-23.562],[-50.087,-23.602],[-50.049,-23.651],[-50.038,-23.693],[-50.007,-23.72],[-50.02,-23.738]]]}},{"type":"Feature","properties":{"code":"4111308"},"geometry":{"type":"Polygon","coordinates":[[[-52.849,-22.781],[-52.844,-22.751],[-52.816,-22.709],[-52.84,-22.69],[-52.908,-22.689],[-52.914,-22.678],[-52.966,-22.679],[-52.963,-22.731],[-52.949,-22.77],[-52.849,-22.781]]]}},{"type":"Feature","properties":{"code":"4119608"},"geometry":{"type":"Polygon","coordinates":[[[-52.107,-24.784],[-52.079,-24.773],[-52.052,-24.788],[-52.031,-24.763],[-51.992,-24.779],[-51.929,-24.753],[-51.917,-24.796],[-51.875,-24.839],[-51.819,-24.85],[-51.78,-24.878],[-51.761,-24.872],[-51.732,-24.889],[-51.691,-24.896],[-51.64,-24.867],[-51.614,-24.825],[-51.547,-24.784],[-51.532,-24.719],[-51.518,-24.705],[-51.512,-24.657],[-51.472,-24.648],[-51.489,-24.626],[-51.455,-24.581],[-51.468,-24.555],[-51.502,-24.575],[-51.532,-24.554],[-51.554,-24.571],[-51.604,-24.555],[-51.661,-24.584],[-51.689,-24.581],[-51.722,-24.597],[-51.758,-24.54],[-51.825,-24.449],[-51.83,-24.477],[-51.86,-24.492],[-51.838,-24.533],[-51.877,-24.553],[-51.87,-24.569],[-51.914,-24.606],[-51.948,-24.601],[-51.975,-24.62],[-52.001,-24.591],[-52.047,-24.567],[-52.079,-24.575],[-52.095,-24.597],[-52.104,-24.647],[-52.084,-24.668],[-52.069,-24.717],[-52.086,-24.724],[-52.12,-24.779],[-52.107,-24.784]]]}},{"type":"Feature","properties":{"code":"4111407"},"geometry":{"type":"Polygon","coordinates":[[[-50.938,-25.073],[-50.877,-25.076],[-50.828,-25.116],[-50.82,-25.146],[-50.769,-25.159],[-50.779,-25.127],[-50.74,-25.076],[-50.699,-25.038],[-50.703,-24.998],[-50.78,-24.954],[-50.805,-24.926],[-50.812,-24.899],[-50.849,-24.857],[-50.875,-24.83],[-50.913,-24.853],[-50.971,-24.853],[-50.98,-24.898],[-50.974,-24.937],[-50.987,-24.964],[-51.018,-24.969],[-51.001,-25.004],[-50.971,-25.006],[-50.953,-25.072],[-50.938,-25.073]]]}},{"type":"Feature","properties":{"code":"4103222"},"geometry":{"type":"Polygon","coordinates":[[[-52.799,-26.163],[-52.723,-26.148],[-52.72,-26.124],[-52.743,-26.109],[-52.808,-26.075],[-52.809,-26.024],[-52.849,-26.017],[-52.88,-25.997],[-52.905,-25.998],[-52.94,-26.055],[-52.929,-26.071],[-52.933,-26.089],[-52.877,-26.123],[-52.825,-26.131],[-52.82,-26.147],[-52.799,-26.163]]]}},{"type":"Feature","properties":{"code":"4127601"},"geometry":{"type":"Polygon","coordinates":[[[-48.963,-25.98],[-48.992,-25.92],[-48.975,-25.889],[-48.963,-25.831],[-48.985,-25.828],[-49.002,-25.788],[-49.058,-25.791],[-49.081,-25.778],[-49.079,-25.752],[-49.141,-25.748],[-49.161,-25.779],[-49.167,-25.814],[-49.193,-25.804],[-49.208,-25.825],[-49.208,-25.864],[-49.254,-25.891],[-49.26,-25.923],[-49.294,-25.924],[-49.306,-25.945],[-49.293,-25.968],[-49.237,-25.979],[-49.234,-26.031],[-49.167,-26.001],[-49.139,-26.014],[-49.124,-25.996],[-49.092,-26.01],[-49.074,-26.001],[-49.043,-26.005],[-49.029,-26.005],[-49.02,-26.016],[-48.975,-25.989],[-48.95,-25.99],[-48.963,-25.98]]]}},{"type":"Feature","properties":{"code":"4103206"},"geometry":{"type":"Polygon","coordinates":[[[-51.695,-23.704],[-51.696,-23.68],[-51.766,-23.658],[-51.767,-23.635],[-51.796,-23.631],[-51.836,-23.632],[-51.888,-23.645],[-51.94,-23.673],[-51.964,-23.695],[-51.922,-23.71],[-51.916,-23.724],[-51.883,-23.807],[-51.795,-23.782],[-51.766,-23.794],[-51.751,-23.753],[-51.695,-23.704]]]}},{"type":"Feature","properties":{"code":"4119400"},"geometry":{"type":"Polygon","coordinates":[[[-50.135,-24.54],[-50.078,-24.605],[-50.023,-24.623],[-50.008,-24.637],[-49.94,-24.629],[-49.908,-24.583],[-49.874,-24.58],[-49.838,-24.593],[-49.761,-24.601],[-49.732,-24.61],[-49.666,-24.605],[-49.64,-24.642],[-49.592,-24.636],[-49.567,-24.608],[-49.621,-24.604],[-49.634,-24.497],[-49.738,-24.445],[-49.797,-24.46],[-49.812,-24.425],[-49.894,-24.361],[-49.939,-24.371],[-49.973,-24.338],[-49.961,-24.309],[-49.985,-24.246],[-50.032,-24.259],[-50.082,-24.289],[-50.124,-24.301],[-50.169,-24.29],[-50.147,-24.307],[-50.152,-24.36],[-50.141,-24.401],[-50.174,-24.424],[-50.21,-24.426],[-50.18,-24.45],[-50.103,-24.491],[-50.099,-24.521],[-50.135,-24.54]]]}},{"type":"Feature","properties":{"code":"4103040"},"geometry":{"type":"Polygon","coordinates":[[[-51.658,-25.013],[-51.62,-24.984],[-51.592,-24.984],[-51.52,-24.943],[-51.493,-24.916],[-51.442,-24.823],[-51.443,-24.801],[-51.411,-24.755],[-51.417,-24.722],[-51.446,-24.687],[-51.451,-24.658],[-51.472,-24.648],[-51.512,-24.657],[-51.518,-24.705],[-51.532,-24.719],[-51.547,-24.784],[-51.614,-24.825],[-51.64,-24.867],[-51.691,-24.896],[-51.732,-24.889],[-51.737,-24.946],[-51.752,-24.984],[-51.711,-25.011],[-51.658,-25.013]]]}},{"type":"Feature","properties":{"code":"4111209"},"geometry":{"type":"Polygon","coordinates":[[[-52.905,-25.998],[-52.88,-25.997],[-52.849,-26.017],[-52.809,-26.024],[-52.808,-26.075],[-52.743,-26.109],[-52.733,-26.072],[-52.753,-26.036],[-52.735,-26.01],[-52.746,-25.989],[-52.741,-25.955],[-52.799,-25.939],[-52.808,-25.907],[-52.821,-25.876],[-52.867,-25.866],[-52.843,-25.912],[-52.869,-25.923],[-52.887,-25.95],[-52.918,-25.942],[-52.953,-25.963],[-52.942,-26.007],[-52.905,-25.998]]]}},{"type":"Feature","properties":{"code":"4103024"},"geometry":{"type":"Polygon","coordinates":[[[-53.26,-25.699],[-53.205,-25.704],[-53.159,-25.67],[-53.169,-25.655],[-53.157,-25.626],[-53.195,-25.563],[-53.238,-25.575],[-53.262,-25.592],[-53.302,-25.671],[-53.26,-25.699]]]}},{"type":"Feature","properties":{"code":"4103008"},"geometry":{"type":"Polygon","coordinates":[[[-52.701,-24.299],[-52.653,-24.292],[-52.629,-24.244],[-52.649,-24.209],[-52.702,-24.14],[-52.727,-24.179],[-52.798,-24.186],[-52.824,-24.214],[-52.837,-24.258],[-52.814,-24.288],[-52.869,-24.316],[-52.869,-24.316],[-52.869,-24.385],[-52.8,-24.347],[-52.747,-24.298],[-52.701,-24.299]]]}},{"type":"Feature","properties":{"code":"4103107"},"geometry":{"type":"Polygon","coordinates":[[[-49.094,-25.275],[-49.062,-25.265],[-48.98,-25.268],[-48.944,-25.199],[-48.922,-25.201],[-48.875,-25.167],[-48.866,-25.109],[-48.825,-25.096],[-48.795,-25.064],[-48.729,-25.038],[-48.695,-25.053],[-48.671,-25.017],[-48.634,-24.999],[-48.598,-25.003],[-48.567,-24.972],[-48.566,-24.917],[-48.631,-24.927],[-48.651,-24.944],[-48.688,-24.972],[-48.708,-24.968],[-48.741,-24.988],[-48.796,-25.005],[-48.846,-25.033],[-48.925,-25.034],[-48.935,-25.047],[-49.023,-25.039],[-49.052,-25.052],[-49.094,-25.079],[-49.074,-25.123],[-49.124,-25.13],[-49.133,-25.148],[-49.176,-25.165],[-49.189,-25.235],[-49.153,-25.259],[-49.094,-25.275]]]}},{"type":"Feature","properties":{"code":"4111258"},"geometry":{"type":"Polygon","coordinates":[[[-49.321,-25.231],[-49.352,-25.198],[-49.417,-25.172],[-49.451,-25.165],[-49.43,-25.125],[-49.479,-25.087],[-49.508,-25.032],[-49.499,-25.018],[-49.575,-24.96],[-49.604,-24.987],[-49.599,-25.011],[-49.551,-25.037],[-49.58,-25.074],[-49.602,-25.087],[-49.574,-25.125],[-49.555,-25.178],[-49.466,-25.186],[-49.448,-25.202],[-49.451,-25.245],[-49.386,-25.261],[-49.321,-25.231]]]}},{"type":"Feature","properties":{"code":"4103057"},"geometry":{"type":"Polygon","coordinates":[[[-53.515,-25.441],[-53.48,-25.461],[-53.467,-25.494],[-53.477,-25.532],[-53.448,-25.529],[-53.438,-25.505],[-53.387,-25.506],[-53.37,-25.532],[-53.339,-25.514],[-53.344,-25.48],[-53.365,-25.452],[-53.358,-25.411],[-53.333,-25.364],[-53.478,-25.343],[-53.511,-25.395],[-53.496,-25.408],[-53.515,-25.441]]]}},{"type":"Feature","properties":{"code":"4102406"},"geometry":{"type":"Polygon","coordinates":[[[-50.225,-23.224],[-50.209,-23.188],[-50.215,-23.164],[-50.241,-23.136],[-50.25,-23.101],[-50.261,-23.106],[-50.311,-23.076],[-50.37,-23.059],[-50.403,-23.069],[-50.414,-23.046],[-50.448,-23.031],[-50.454,-23.145],[-50.465,-23.194],[-50.468,-23.209],[-50.45,-23.21],[-50.393,-23.248],[-50.358,-23.247],[-50.33,-23.276],[-50.304,-23.259],[-50.251,-23.246],[-50.225,-23.224]]]}},{"type":"Feature","properties":{"code":"4127007"},"geometry":{"type":"Polygon","coordinates":[[[-50.359,-25.528],[-50.342,-25.452],[-50.354,-25.434],[-50.322,-25.418],[-50.3,-25.377],[-50.277,-25.377],[-50.287,-25.318],[-50.276,-25.289],[-50.268,-25.24],[-50.279,-25.213],[-50.271,-25.181],[-50.277,-25.137],[-50.324,-25.135],[-50.368,-25.098],[-50.378,-25.134],[-50.408,-25.151],[-50.429,-25.216],[-50.447,-25.214],[-50.492,-25.207],[-50.543,-25.215],[-50.575,-25.244],[-50.563,-25.309],[-50.547,-25.335],[-50.552,-25.398],[-50.526,-25.412],[-50.529,-25.466],[-50.433,-25.467],[-50.431,-25.5],[-50.408,-25.525],[-50.359,-25.528]]]}},{"type":"Feature","properties":{"code":"4110656"},"geometry":{"type":"Polygon","coordinates":[[[-53.352,-24.498],[-53.328,-24.486],[-53.311,-24.446],[-53.318,-24.429],[-53.345,-24.365],[-53.389,-24.409],[-53.38,-24.494],[-53.352,-24.498]]]}},{"type":"Feature","properties":{"code":"4118808"},"geometry":{"type":"Polygon","coordinates":[[[-52.462,-23.955],[-52.461,-23.986],[-52.421,-24.007],[-52.371,-23.99],[-52.232,-23.995],[-52.231,-24.032],[-52.19,-24.056],[-52.186,-24.052],[-52.175,-24.004],[-52.118,-23.956],[-52.146,-23.942],[-52.265,-23.889],[-52.352,-23.843],[-52.397,-23.854],[-52.446,-23.808],[-52.484,-23.838],[-52.508,-23.859],[-52.433,-23.919],[-52.424,-23.933],[-52.462,-23.955]]]}},{"type":"Feature","properties":{"code":"4110607"},"geometry":{"type":"Polygon","coordinates":[[[-53.667,-24.209],[-53.556,-24.091],[-53.556,-24.074],[-53.604,-24.032],[-53.581,-23.994],[-53.606,-23.957],[-53.645,-23.962],[-53.648,-23.935],[-53.68,-23.911],[-53.739,-23.951],[-53.86,-23.949],[-53.885,-23.942],[-53.923,-23.959],[-53.952,-24.0],[-53.966,-24.002],[-53.968,-24.024],[-53.877,-24.026],[-53.833,-24.008],[-53.788,-24.012],[-53.794,-24.05],[-53.766,-24.16],[-53.709,-24.179],[-53.692,-24.202],[-53.667,-24.209]]]}},{"type":"Feature","properties":{"code":"4126801"},"geometry":{"type":"Polygon","coordinates":[[[-53.04,-23.493],[-53.048,-23.547],[-53.015,-23.621],[-53.02,-23.677],[-53.0,-23.707],[-52.971,-23.709],[-52.958,-23.743],[-52.96,-23.785],[-52.915,-23.801],[-52.836,-23.779],[-52.801,-23.745],[-52.771,-23.698],[-52.742,-23.689],[-52.738,-23.645],[-52.696,-23.567],[-52.748,-23.555],[-52.826,-23.617],[-52.904,-23.609],[-52.918,-23.587],[-52.971,-23.568],[-52.987,-23.541],[-53.003,-23.497],[-53.023,-23.476],[-53.04,-23.493]]]}},{"type":"Feature","properties":{"code":"4118600"},"geometry":{"type":"Polygon","coordinates":[[[-50.697,-26.181],[-50.748,-26.163],[-50.75,-26.143],[-50.804,-26.068],[-50.85,-26.095],[-50.897,-26.094],[-50.893,-26.058],[-50.976,-26.153],[-50.993,-26.189],[-50.989,-26.236],[-50.971,-26.261],[-50.944,-26.244],[-50.91,-26.249],[-50.9,-26.289],[-50.847,-26.266],[-50.8,-26.231],[-50.763,-26.222],[-50.746,-26.247],[-50.716,-26.245],[-50.73,-26.203],[-50.703,-26.188],[-50.697,-26.181]]]}},{"type":"Feature","properties":{"code":"4126900"},"geometry":{"type":"Polygon","coordinates":[[[-53.116,-23.471],[-53.104,-23.344],[-53.028,-23.356],[-53.026,-23.291],[-52.998,-23.236],[-53.033,-23.214],[-53.027,-23.195],[-53.055,-23.195],[-53.047,-23.231],[-53.093,-23.244],[-53.13,-23.241],[-53.129,-23.221],[-53.208,-23.211],[-53.204,-23.195],[-53.225,-23.209],[-53.202,-23.242],[-53.195,-23.286],[-53.23,-23.333],[-53.219,-23.371],[-53.234,-23.393],[-53.216,-23.454],[-53.147,-23.482],[-53.116,-23.471]]]}},{"type":"Feature","properties":{"code":"4110409"},"geometry":{"type":"Polygon","coordinates":[[[-52.669,-23.398],[-52.748,-23.555],[-52.696,-23.567],[-52.671,-23.538],[-52.654,-23.506],[-52.601,-23.477],[-52.595,-23.465],[-52.616,-23.415],[-52.651,-23.44],[-52.669,-23.398]]]}},{"type":"Feature","properties":{"code":"4118709"},"geometry":{"type":"Polygon","coordinates":[[[-50.697,-26.181],[-50.683,-26.154],[-50.65,-26.133],[-50.656,-26.101],[-50.629,-26.063],[-50.627,-26.034],[-50.652,-26.017],[-50.669,-25.967],[-50.707,-25.995],[-50.744,-25.988],[-50.821,-25.992],[-50.887,-26.009],[-50.898,-26.052],[-50.893,-26.058],[-50.897,-26.094],[-50.85,-26.095],[-50.804,-26.068],[-50.75,-26.143],[-50.748,-26.163],[-50.697,-26.181]]]}},{"type":"Feature","properties":{"code":"4110508"},"geometry":{"type":"Polygon","coordinates":[[[-50.368,-25.098],[-50.392,-25.08],[-50.428,-25.005],[-50.495,-24.976],[-50.527,-24.938],[-50.474,-24.808],[-50.51,-24.837],[-50.526,-24.833],[-50.559,-24.864],[-50.597,-24.88],[-50.628,-24.881],[-50.653,-24.85],[-50.688,-24.857],[-50.731,-24.85],[-50.748,-24.833],[-50.778,-24.852],[-50.815,-24.847],[-50.849,-24.857],[-50.812,-24.899],[-50.805,-24.926],[-50.78,-24.954],[-50.703,-24.998],[-50.699,-25.038],[-50.679,-25.088],[-50.621,-25.078],[-50.552,-25.112],[-50.468,-25.171],[-50.447,-25.214],[-50.429,-25.216],[-50.408,-25.151],[-50.378,-25.134],[-50.368,-25.098]]]}},{"type":"Feature","properties":{"code":"4102307"},"geometry":{"type":"Polygon","coordinates":[[[-49.586,-25.6],[-49.586,-25.574],[-49.563,-25.548],[-49.591,-25.495],[-49.574,-25.466],[-49.604,-25.449],[-49.647,-25.471],[-49.682,-25.473],[-49.695,-25.438],[-49.728,-25.424],[-49.74,-25.39],[-49.735,-25.363],[-49.757,-25.361],[-49.741,-25.367],[-49.741,-25.408],[-49.767,-25.467],[-49.799,-25.497],[-49.809,-25.554],[-49.764,-25.585],[-49.707,-25.605],[-49.672,-25.591],[-49.632,-25.588],[-49.601,-25.607],[-49.586,-25.6]]]}},{"type":"Feature","properties":{"code":"4127205"},"geometry":{"type":"Polygon","coordinates":[[[-52.446,-23.808],[-52.286,-23.678],[-52.264,-23.643],[-52.27,-23.625],[-52.294,-23.619],[-52.305,-23.573],[-52.325,-23.554],[-52.33,-23.552],[-52.519,-23.776],[-52.501,-23.827],[-52.484,-23.838],[-52.446,-23.808]]]}},{"type":"Feature","properties":{"code":"4119004"},"geometry":{"type":"Polygon","coordinates":[[[-53.819,-25.912],[-53.747,-25.929],[-53.697,-25.901],[-53.714,-25.86],[-53.68,-25.864],[-53.694,-25.825],[-53.631,-25.831],[-53.603,-25.813],[-53.596,-25.802],[-53.664,-25.808],[-53.69,-25.82],[-53.742,-25.785],[-53.778,-25.796],[-53.81,-25.794],[-53.843,-25.77],[-53.822,-25.799],[-53.849,-25.835],[-53.834,-25.895],[-53.819,-25.912]]]}},{"type":"Feature","properties":{"code":"4110805"},"geometry":{"type":"Polygon","coordinates":[[[-52.278,-24.456],[-52.211,-24.514],[-52.183,-24.506],[-52.147,-24.471],[-52.07,-24.448],[-52.034,-24.414],[-52.022,-24.412],[-52.007,-24.344],[-51.989,-24.321],[-51.997,-24.286],[-51.954,-24.247],[-51.96,-24.24],[-51.994,-24.203],[-52.016,-24.221],[-52.042,-24.216],[-52.094,-24.226],[-52.124,-24.233],[-52.133,-24.254],[-52.205,-24.276],[-52.24,-24.316],[-52.176,-24.365],[-52.216,-24.398],[-52.234,-24.425],[-52.278,-24.456]]]}},{"type":"Feature","properties":{"code":"4119103"},"geometry":{"type":"Polygon","coordinates":[[[-49.539,-26.071],[-49.509,-26.119],[-49.508,-26.171],[-49.486,-26.186],[-49.429,-26.171],[-49.418,-26.156],[-49.381,-26.157],[-49.361,-26.137],[-49.351,-26.071],[-49.379,-26.057],[-49.398,-26.038],[-49.439,-26.044],[-49.484,-26.01],[-49.516,-26.011],[-49.538,-25.974],[-49.541,-25.946],[-49.547,-26.025],[-49.532,-26.044],[-49.539,-26.071]]]}},{"type":"Feature","properties":{"code":"4102604"},"geometry":{"type":"Polygon","coordinates":[[[-53.431,-26.282],[-53.455,-26.246],[-53.439,-26.218],[-53.474,-26.198],[-53.506,-26.219],[-53.544,-26.198],[-53.603,-26.218],[-53.653,-26.205],[-53.639,-26.251],[-53.584,-26.259],[-53.557,-26.287],[-53.496,-26.303],[-53.431,-26.282]]]}},{"type":"Feature","properties":{"code":"4110904"},"geometry":{"type":"Polygon","coordinates":[[[-51.92,-22.804],[-51.92,-22.743],[-51.928,-22.716],[-51.919,-22.685],[-51.949,-22.657],[-51.937,-22.63],[-51.906,-22.598],[-51.941,-22.567],[-52.028,-22.54],[-52.004,-22.581],[-52.004,-22.615],[-52.011,-22.649],[-52.033,-22.677],[-51.998,-22.714],[-51.979,-22.748],[-51.92,-22.804]]]}},{"type":"Feature","properties":{"code":"4127106"},"geometry":{"type":"Polygon","coordinates":[[[-50.723,-24.313],[-50.685,-24.387],[-50.606,-24.394],[-50.581,-24.419],[-50.549,-24.41],[-50.531,-24.436],[-50.482,-24.47],[-50.431,-24.418],[-50.359,-24.376],[-50.304,-24.331],[-50.269,-24.294],[-50.3,-24.266],[-50.351,-24.246],[-50.333,-24.216],[-50.36,-24.169],[-50.331,-24.123],[-50.383,-24.105],[-50.482,-24.104],[-50.539,-24.068],[-50.598,-24.068],[-50.621,-24.078],[-50.661,-24.072],[-50.693,-24.037],[-50.699,-24.064],[-50.727,-24.099],[-50.709,-24.133],[-50.74,-24.138],[-50.71,-24.185],[-50.686,-24.205],[-50.678,-24.231],[-50.697,-24.285],[-50.723,-24.313]]]}},{"type":"Feature","properties":{"code":"4102703"},"geometry":{"type":"Polygon","coordinates":[[[-50.134,-23.145],[-50.097,-23.135],[-50.063,-23.093],[-50.108,-23.069],[-50.172,-23.078],[-50.25,-23.076],[-50.25,-23.101],[-50.241,-23.136],[-50.167,-23.135],[-50.134,-23.145]]]}},{"type":"Feature","properties":{"code":"4118907"},"geometry":{"type":"Polygon","coordinates":[[[-53.68,-23.911],[-53.658,-23.88],[-53.619,-23.848],[-53.637,-23.801],[-53.673,-23.751],[-53.705,-23.737],[-53.724,-23.71],[-53.752,-23.782],[-53.775,-23.786],[-53.769,-23.818],[-53.79,-23.827],[-53.751,-23.892],[-53.739,-23.951],[-53.68,-23.911]]]}},{"type":"Feature","properties":{"code":"4110706"},"geometry":{"type":"Polygon","coordinates":[[[-50.996,-25.589],[-50.944,-25.606],[-50.901,-25.596],[-50.845,-25.598],[-50.828,-25.616],[-50.788,-25.6],[-50.761,-25.567],[-50.719,-25.554],[-50.623,-25.584],[-50.58,-25.452],[-50.601,-25.411],[-50.67,-25.366],[-50.727,-25.355],[-50.788,-25.381],[-50.816,-25.391],[-50.85,-25.373],[-50.921,-25.389],[-50.984,-25.434],[-51.017,-25.444],[-51.026,-25.467],[-51.07,-25.481],[-51.081,-25.501],[-51.125,-25.514],[-51.139,-25.504],[-51.092,-25.553],[-50.988,-25.575],[-50.996,-25.589]]]}},{"type":"Feature","properties":{"code":"4118857"},"geometry":{"type":"Polygon","coordinates":[[[-53.238,-23.96],[-53.237,-23.934],[-53.265,-23.904],[-53.279,-23.871],[-53.316,-23.833],[-53.366,-23.839],[-53.398,-23.825],[-53.463,-23.858],[-53.5,-23.839],[-53.532,-23.865],[-53.458,-23.98],[-53.413,-23.93],[-53.353,-23.979],[-53.338,-24.01],[-53.34,-24.051],[-53.321,-24.091],[-53.294,-24.057],[-53.293,-24.036],[-53.238,-23.96]]]}},{"type":"Feature","properties":{"code":"4102505"},"geometry":{"type":"Polygon","coordinates":[[[-51.994,-24.203],[-51.951,-24.161],[-51.921,-24.163],[-51.928,-24.127],[-51.918,-24.103],[-51.946,-24.042],[-51.946,-23.974],[-51.968,-23.95],[-52.001,-23.968],[-52.073,-23.993],[-52.09,-23.935],[-52.118,-23.956],[-52.175,-24.004],[-52.186,-24.052],[-52.143,-24.08],[-52.096,-24.043],[-52.051,-24.12],[-52.051,-24.131],[-52.105,-24.151],[-52.154,-24.181],[-52.228,-24.178],[-52.222,-24.193],[-52.157,-24.199],[-52.144,-24.215],[-52.094,-24.226],[-52.042,-24.216],[-52.016,-24.221],[-51.994,-24.203]]]}},{"type":"Feature","properties":{"code":"4110078"},"geometry":{"type":"Polygon","coordinates":[[[-50.885,-24.411],[-50.838,-24.441],[-50.814,-24.468],[-50.799,-24.512],[-50.72,-24.56],[-50.682,-24.513],[-50.694,-24.49],[-50.664,-24.48],[-50.654,-24.43],[-50.606,-24.394],[-50.685,-24.387],[-50.723,-24.313],[-50.758,-24.343],[-50.78,-24.379],[-50.829,-24.4],[-50.857,-24.395],[-50.885,-24.411]]]}},{"type":"Feature","properties":{"code":"4110052"},"geometry":{"type":"Polygon","coordinates":[[[-53.135,-24.746],[-53.075,-24.754],[-53.063,-24.743],[-53.045,-24.68],[-53.044,-24.65],[-53.044,-24.61],[-53.085,-24.611],[-53.112,-24.679],[-53.141,-24.694],[-53.147,-24.715],[-53.135,-24.746]]]}},{"type":"Feature","properties":{"code":"4101853"},"geometry":{"type":"Polygon","coordinates":[[[-51.66,-24.394],[-51.611,-24.386],[-51.601,-24.448],[-51.48,-24.428],[-51.457,-24.441],[-51.426,-24.404],[-51.433,-24.359],[-51.452,-24.349],[-51.456,-24.319],[-51.489,-24.329],[-51.526,-24.32],[-51.568,-24.336],[-51.624,-24.316],[-51.648,-24.33],[-51.639,-24.379],[-51.66,-24.394]]]}},{"type":"Feature","properties":{"code":"4126504"},"geometry":{"type":"Polygon","coordinates":[[[-51.17,-23.196],[-51.132,-23.198],[-51.037,-23.158],[-51.001,-23.125],[-50.948,-23.106],[-50.977,-23.095],[-50.989,-23.048],[-50.941,-23.031],[-50.954,-23.015],[-50.946,-22.982],[-50.978,-22.963],[-50.98,-22.937],[-51.011,-22.945],[-51.104,-22.945],[-51.147,-22.965],[-51.167,-22.945],[-51.169,-23.118],[-51.17,-23.172],[-51.17,-23.196]]]}},{"type":"Feature","properties":{"code":"4118303"},"geometry":{"type":"Polygon","coordinates":[[[-52.004,-22.615],[-52.069,-22.614],[-52.08,-22.642],[-52.152,-22.569],[-52.161,-22.59],[-52.157,-22.645],[-52.183,-22.655],[-52.164,-22.712],[-52.121,-22.72],[-52.075,-22.718],[-52.056,-22.729],[-52.058,-22.695],[-52.033,-22.677],[-52.011,-22.649],[-52.004,-22.615]]]}},{"type":"Feature","properties":{"code":"4110102"},"geometry":{"type":"Polygon","coordinates":[[[-50.601,-25.411],[-50.599,-25.369],[-50.563,-25.309],[-50.575,-25.244],[-50.543,-25.215],[-50.492,-25.207],[-50.447,-25.214],[-50.468,-25.171],[-50.552,-25.112],[-50.621,-25.078],[-50.679,-25.088],[-50.699,-25.038],[-50.74,-25.076],[-50.779,-25.127],[-50.769,-25.159],[-50.729,-25.181],[-50.751,-25.237],[-50.752,-25.259],[-50.803,-25.274],[-50.812,-25.352],[-50.788,-25.381],[-50.727,-25.355],[-50.67,-25.366],[-50.601,-25.411]]]}},{"type":"Feature","properties":{"code":"4101903"},"geometry":{"type":"Polygon","coordinates":[[[-50.948,-23.52],[-50.924,-23.522],[-50.905,-23.553],[-50.883,-23.544],[-50.854,-23.529],[-50.811,-23.488],[-50.796,-23.492],[-50.784,-23.451],[-50.806,-23.427],[-50.8,-23.388],[-50.779,-23.385],[-50.767,-23.347],[-50.758,-23.339],[-50.761,-23.288],[-50.802,-23.305],[-50.846,-23.283],[-50.874,-23.332],[-50.898,-23.35],[-50.963,-23.303],[-50.993,-23.319],[-50.981,-23.343],[-50.996,-23.395],[-50.978,-23.419],[-50.953,-23.416],[-50.947,-23.458],[-50.948,-23.52]]]}},{"type":"Feature","properties":{"code":"4126306"},"geometry":{"type":"Polygon","coordinates":[[[-49.512,-24.612],[-49.502,-24.607],[-49.492,-24.543],[-49.472,-24.545],[-49.353,-24.472],[-49.311,-24.426],[-49.275,-24.417],[-49.252,-24.434],[-49.254,-24.405],[-49.201,-24.345],[-49.245,-24.332],[-49.254,-24.318],[-49.287,-24.303],[-49.305,-24.251],[-49.351,-24.221],[-49.337,-24.138],[-49.409,-24.107],[-49.43,-24.069],[-49.458,-24.049],[-49.492,-23.993],[-49.512,-23.926],[-49.522,-23.917],[-49.536,-23.928],[-49.571,-23.949],[-49.622,-23.997],[-49.621,-24.053],[-49.634,-24.07],[-49.614,-24.085],[-49.629,-24.148],[-49.581,-24.246],[-49.599,-24.366],[-49.463,-24.367],[-49.456,-24.391],[-49.478,-24.46],[-49.528,-24.523],[-49.51,-24.553],[-49.512,-24.612]]]}},{"type":"Feature","properties":{"code":"4118105"},"geometry":{"type":"Polygon","coordinates":[[[-52.257,-22.898],[-52.216,-22.936],[-52.162,-22.954],[-52.059,-22.953],[-52.075,-22.918],[-52.101,-22.91],[-52.066,-22.877],[-52.078,-22.867],[-52.069,-22.81],[-52.089,-22.77],[-52.054,-22.753],[-52.056,-22.729],[-52.075,-22.718],[-52.121,-22.72],[-52.164,-22.712],[-52.163,-22.764],[-52.177,-22.805],[-52.238,-22.816],[-52.231,-22.852],[-52.257,-22.898]]]}},{"type":"Feature","properties":{"code":"4126405"},"geometry":{"type":"Polygon","coordinates":[[[-50.843,-23.11],[-50.797,-23.08],[-50.775,-23.044],[-50.771,-23.009],[-50.796,-22.951],[-50.793,-22.905],[-50.824,-22.866],[-50.842,-22.831],[-50.895,-22.794],[-50.928,-22.798],[-50.946,-22.804],[-50.979,-22.783],[-51.004,-22.794],[-51.007,-22.815],[-50.977,-22.824],[-50.937,-22.874],[-50.933,-22.909],[-50.98,-22.937],[-50.978,-22.963],[-50.946,-22.982],[-50.896,-23.009],[-50.88,-23.045],[-50.855,-23.068],[-50.855,-23.111],[-50.843,-23.11]]]}},{"type":"Feature","properties":{"code":"4109906"},"geometry":{"type":"Polygon","coordinates":[[[-53.664,-23.456],[-53.588,-23.505],[-53.58,-23.518],[-53.532,-23.536],[-53.512,-23.519],[-53.503,-23.487],[-53.455,-23.472],[-53.457,-23.433],[-53.442,-23.401],[-53.463,-23.344],[-53.511,-23.291],[-53.528,-23.244],[-53.525,-23.224],[-53.557,-23.216],[-53.582,-23.226],[-53.615,-23.211],[-53.635,-23.241],[-53.629,-23.27],[-53.699,-23.306],[-53.715,-23.283],[-53.725,-23.31],[-53.762,-23.359],[-53.664,-23.456]]]}},{"type":"Feature","properties":{"code":"4118204"},"geometry":{"type":"Polygon","coordinates":[[[-48.591,-25.734],[-48.573,-25.702],[-48.585,-25.653],[-48.533,-25.641],[-48.516,-25.661],[-48.485,-25.628],[-48.49,-25.59],[-48.464,-25.544],[-48.422,-25.557],[-48.375,-25.545],[-48.348,-25.569],[-48.353,-25.586],[-48.32,-25.587],[-48.301,-25.566],[-48.277,-25.514],[-48.31,-25.493],[-48.428,-25.394],[-48.506,-25.392],[-48.517,-25.375],[-48.554,-25.39],[-48.597,-25.425],[-48.615,-25.451],[-48.684,-25.503],[-48.681,-25.533],[-48.704,-25.568],[-48.688,-25.627],[-48.628,-25.667],[-48.635,-25.704],[-48.591,-25.734]]]}},{"type":"Feature","properties":{"code":"4126355"},"geometry":{"type":"Polygon","coordinates":[[[-54.114,-25.361],[-54.107,-25.383],[-54.141,-25.408],[-54.126,-25.452],[-54.152,-25.504],[-54.144,-25.521],[-54.116,-25.498],[-54.097,-25.521],[-54.12,-25.553],[-54.12,-25.584],[-54.091,-25.617],[-54.084,-25.562],[-54.045,-25.585],[-54.011,-25.567],[-53.991,-25.586],[-53.94,-25.572],[-53.916,-25.583],[-53.905,-25.573],[-53.898,-25.519],[-53.905,-25.485],[-53.949,-25.427],[-53.962,-25.382],[-53.993,-25.363],[-54.014,-25.362],[-54.041,-25.336],[-54.083,-25.36],[-54.114,-25.361]]]}},{"type":"Feature","properties":{"code":"4101705"},"geometry":{"type":"Polygon","coordinates":[[[-52.544,-24.104],[-52.517,-24.092],[-52.516,-24.044],[-52.533,-24.018],[-52.508,-23.985],[-52.462,-23.955],[-52.424,-23.933],[-52.433,-23.919],[-52.508,-23.859],[-52.484,-23.838],[-52.501,-23.827],[-52.519,-23.776],[-52.545,-23.747],[-52.57,-23.811],[-52.562,-23.841],[-52.601,-23.925],[-52.62,-23.953],[-52.694,-23.931],[-52.689,-23.947],[-52.733,-23.987],[-52.752,-24.024],[-52.701,-24.035],[-52.678,-24.054],[-52.643,-24.049],[-52.58,-24.079],[-52.544,-24.104]]]}},{"type":"Feature","properties":{"code":"4110003"},"geometry":{"type":"Polygon","coordinates":[[[-51.733,-23.224],[-51.779,-23.209],[-51.795,-23.175],[-51.866,-23.133],[-51.865,-23.215],[-51.913,-23.22],[-51.939,-23.264],[-51.924,-23.287],[-51.892,-23.305],[-51.869,-23.288],[-51.824,-23.262],[-51.783,-23.253],[-51.763,-23.226],[-51.733,-23.224]]]}},{"type":"Feature","properties":{"code":"4101804"},"geometry":{"type":"Polygon","coordinates":[[[-49.37,-25.789],[-49.357,-25.724],[-49.355,-25.674],[-49.36,-25.643],[-49.357,-25.608],[-49.343,-25.58],[-49.338,-25.515],[-49.374,-25.513],[-49.389,-25.496],[-49.438,-25.48],[-49.469,-25.482],[-49.523,-25.526],[-49.563,-25.548],[-49.586,-25.574],[-49.586,-25.6],[-49.553,-25.599],[-49.538,-25.621],[-49.54,-25.657],[-49.477,-25.639],[-49.478,-25.693],[-49.454,-25.729],[-49.418,-25.745],[-49.385,-25.784],[-49.37,-25.789]]]}},{"type":"Feature","properties":{"code":"4126702"},"geometry":{"type":"Polygon","coordinates":[[[-52.42,-23.234],[-52.422,-23.14],[-52.422,-23.131],[-52.547,-23.131],[-52.547,-23.179],[-52.547,-23.268],[-52.421,-23.266],[-52.421,-23.25],[-52.42,-23.234]]]}},{"type":"Feature","properties":{"code":"4118501"},"geometry":{"type":"Polygon","coordinates":[[[-52.66,-26.3],[-52.619,-26.299],[-52.565,-26.28],[-52.533,-26.236],[-52.538,-26.169],[-52.574,-26.115],[-52.607,-26.11],[-52.59,-26.077],[-52.626,-26.064],[-52.67,-26.031],[-52.664,-26.013],[-52.701,-25.997],[-52.735,-26.01],[-52.753,-26.036],[-52.733,-26.072],[-52.743,-26.109],[-52.72,-26.124],[-52.723,-26.148],[-52.799,-26.163],[-52.797,-26.213],[-52.751,-26.25],[-52.736,-26.274],[-52.688,-26.268],[-52.66,-26.3]]]}},{"type":"Feature","properties":{"code":"4126678"},"geometry":{"type":"Polygon","coordinates":[[[-51.081,-23.907],[-51.02,-23.917],[-50.955,-23.884],[-50.937,-23.819],[-50.907,-23.818],[-50.899,-23.796],[-50.876,-23.767],[-50.894,-23.744],[-50.951,-23.745],[-50.966,-23.755],[-51.039,-23.743],[-51.046,-23.725],[-51.085,-23.721],[-51.146,-23.766],[-51.157,-23.792],[-51.186,-23.815],[-51.178,-23.84],[-51.184,-23.871],[-51.16,-23.93],[-51.081,-23.907]]]}},{"type":"Feature","properties":{"code":"4110300"},"geometry":{"type":"Polygon","coordinates":[[[-52.238,-22.816],[-52.177,-22.805],[-52.163,-22.764],[-52.164,-22.712],[-52.183,-22.655],[-52.223,-22.675],[-52.228,-22.642],[-52.25,-22.615],[-52.29,-22.628],[-52.292,-22.649],[-52.275,-22.73],[-52.238,-22.816]]]}},{"type":"Feature","properties":{"code":"4102109"},"geometry":{"type":"Polygon","coordinates":[[[-51.777,-23.335],[-51.728,-23.352],[-51.69,-23.378],[-51.677,-23.374],[-51.623,-23.316],[-51.606,-23.284],[-51.607,-23.253],[-51.622,-23.229],[-51.613,-23.206],[-51.61,-23.152],[-51.593,-23.13],[-51.595,-23.116],[-51.672,-23.087],[-51.68,-23.13],[-51.694,-23.157],[-51.724,-23.17],[-51.733,-23.224],[-51.763,-23.226],[-51.783,-23.253],[-51.824,-23.262],[-51.869,-23.288],[-51.842,-23.311],[-51.846,-23.328],[-51.812,-23.323],[-51.777,-23.335]]]}},{"type":"Feature","properties":{"code":"4102208"},"geometry":{"type":"Polygon","coordinates":[[[-52.108,-23.19],[-52.069,-23.189],[-52.021,-23.156],[-51.973,-23.156],[-51.99,-23.121],[-52.013,-23.098],[-52.012,-23.077],[-52.028,-23.06],[-52.083,-23.09],[-52.149,-23.105],[-52.108,-23.19]]]}},{"type":"Feature","properties":{"code":"4118402"},"geometry":{"type":"Polygon","coordinates":[[[-52.422,-23.14],[-52.38,-23.077],[-52.348,-23.038],[-52.373,-22.984],[-52.363,-22.968],[-52.371,-22.93],[-52.423,-22.9],[-52.423,-22.763],[-52.423,-22.61],[-52.447,-22.608],[-52.499,-22.634],[-52.538,-22.616],[-52.57,-22.671],[-52.559,-22.766],[-52.595,-22.873],[-52.603,-22.908],[-52.594,-22.956],[-52.621,-22.976],[-52.647,-23.02],[-52.689,-23.016],[-52.695,-23.044],[-52.715,-23.059],[-52.75,-23.108],[-52.686,-23.119],[-52.65,-23.117],[-52.602,-23.109],[-52.547,-23.131],[-52.422,-23.131],[-52.422,-23.14]]]}},{"type":"Feature","properties":{"code":"4110201"},"geometry":{"type":"Polygon","coordinates":[[[-51.405,-25.644],[-51.378,-25.655],[-51.346,-25.687],[-51.367,-25.734],[-51.349,-25.773],[-51.323,-25.787],[-51.303,-25.833],[-51.282,-25.792],[-51.258,-25.807],[-51.171,-25.746],[-51.132,-25.763],[-51.117,-25.72],[-51.053,-25.699],[-51.02,-25.706],[-51.01,-25.681],[-50.981,-25.666],[-50.958,-25.685],[-50.989,-25.645],[-50.982,-25.619],[-50.996,-25.589],[-50.988,-25.575],[-51.092,-25.553],[-51.139,-25.504],[-51.135,-25.476],[-51.17,-25.47],[-51.196,-25.486],[-51.23,-25.467],[-51.293,-25.478],[-51.338,-25.459],[-51.359,-25.487],[-51.335,-25.499],[-51.343,-25.523],[-51.297,-25.553],[-51.27,-25.549],[-51.274,-25.599],[-51.296,-25.639],[-51.328,-25.624],[-51.372,-25.628],[-51.405,-25.644]]]}},{"type":"Feature","properties":{"code":"4102000"},"geometry":{"type":"Polygon","coordinates":[[[-53.595,-24.69],[-53.601,-24.651],[-53.563,-24.62],[-53.575,-24.601],[-53.548,-24.533],[-53.438,-24.574],[-53.444,-24.538],[-53.456,-24.46],[-53.448,-24.408],[-53.47,-24.394],[-53.449,-24.356],[-53.473,-24.314],[-53.461,-24.285],[-53.459,-24.239],[-53.468,-24.221],[-53.481,-24.218],[-53.489,-24.23],[-53.556,-24.259],[-53.592,-24.241],[-53.642,-24.239],[-53.667,-24.209],[-53.692,-24.202],[-53.698,-24.239],[-53.672,-24.259],[-53.693,-24.284],[-53.704,-24.328],[-53.687,-24.37],[-53.668,-24.388],[-53.692,-24.44],[-53.715,-24.468],[-53.715,-24.575],[-53.595,-24.69]]]}},{"type":"Feature","properties":{"code":"4126652"},"geometry":{"type":"Polygon","coordinates":[[[-52.662,-25.759],[-52.643,-25.736],[-52.645,-25.704],[-52.677,-25.656],[-52.715,-25.665],[-52.722,-25.627],[-52.767,-25.611],[-52.783,-25.57],[-52.782,-25.737],[-52.704,-25.751],[-52.662,-25.759]]]}},{"type":"Feature","properties":{"code":"4118451"},"geometry":{"type":"Polygon","coordinates":[[[-54.179,-24.683],[-54.189,-24.634],[-54.171,-24.617],[-54.217,-24.59],[-54.267,-24.581],[-54.319,-24.59],[-54.327,-24.66],[-54.193,-24.691],[-54.179,-24.683]]]}},{"type":"Feature","properties":{"code":"4126603"},"geometry":{"type":"Polygon","coordinates":[[[-49.903,-23.6],[-49.859,-23.66],[-49.851,-23.692],[-49.86,-23.718],[-49.83,-23.765],[-49.763,-23.737],[-49.738,-23.714],[-49.74,-23.687],[-49.78,-23.612],[-49.742,-23.61],[-49.711,-23.594],[-49.673,-23.6],[-49.652,-23.546],[-49.674,-23.555],[-49.737,-23.56],[-49.819,-23.559],[-49.85,-23.571],[-49.903,-23.6]]]}},{"type":"Feature","properties":{"code":"4125902"},"geometry":{"type":"Polygon","coordinates":[[[-53.253,-22.896],[-53.225,-22.862],[-53.099,-22.836],[-53.115,-22.782],[-53.11,-22.715],[-53.128,-22.652],[-53.185,-22.719],[-53.24,-22.733],[-53.236,-22.794],[-53.264,-22.801],[-53.266,-22.833],[-53.289,-22.855],[-53.248,-22.867],[-53.253,-22.896]]]}},{"type":"Feature","properties":{"code":"4126009"},"geometry":{"type":"Polygon","coordinates":[[[-50.796,-23.492],[-50.697,-23.557],[-50.685,-23.552],[-50.688,-23.512],[-50.646,-23.489],[-50.63,-23.455],[-50.638,-23.419],[-50.663,-23.392],[-50.721,-23.416],[-50.74,-23.372],[-50.767,-23.347],[-50.779,-23.385],[-50.8,-23.388],[-50.806,-23.427],[-50.784,-23.451],[-50.796,-23.492]]]}},{"type":"Feature","properties":{"code":"4117800"},"geometry":{"type":"Polygon","coordinates":[[[-52.412,-25.019],[-52.406,-25.056],[-52.379,-25.071],[-52.353,-25.067],[-52.331,-25.025],[-52.305,-25.016],[-52.296,-24.992],[-52.247,-25.014],[-52.24,-24.991],[-52.188,-24.982],[-52.15,-24.968],[-52.144,-24.925],[-52.098,-24.887],[-52.037,-24.886],[-52.057,-24.83],[-52.094,-24.812],[-52.107,-24.784],[-52.12,-24.779],[-52.168,-24.797],[-52.184,-24.768],[-52.22,-24.76],[-52.25,-24.777],[-52.284,-24.779],[-52.299,-24.731],[-52.377,-24.755],[-52.394,-24.717],[-52.425,-24.713],[-52.426,-24.736],[-52.453,-24.746],[-52.431,-24.761],[-52.4,-24.832],[-52.382,-24.89],[-52.381,-24.961],[-52.412,-25.019]]]}},{"type":"Feature","properties":{"code":"4109609"},"geometry":{"type":"Polygon","coordinates":[[[-48.963,-25.98],[-48.678,-25.98],[-48.644,-25.956],[-48.634,-25.978],[-48.595,-25.977],[-48.55,-25.852],[-48.599,-25.769],[-48.632,-25.759],[-48.635,-25.704],[-48.628,-25.667],[-48.688,-25.627],[-48.76,-25.597],[-48.79,-25.623],[-48.847,-25.61],[-48.872,-25.658],[-48.904,-25.668],[-48.924,-25.7],[-48.973,-25.727],[-48.911,-25.757],[-48.876,-25.76],[-48.852,-25.797],[-48.963,-25.831],[-48.975,-25.889],[-48.992,-25.92],[-48.963,-25.98]]]}},{"type":"Feature","properties":{"code":"4101408"},"geometry":{"type":"Polygon","coordinates":[[[-51.481,-23.699],[-51.475,-23.725],[-51.438,-23.709],[-51.429,-23.699],[-51.388,-23.628],[-51.302,-23.633],[-51.256,-23.619],[-51.24,-23.625],[-51.22,-23.587],[-51.236,-23.555],[-51.29,-23.564],[-51.301,-23.548],[-51.331,-23.545],[-51.352,-23.526],[-51.406,-23.515],[-51.441,-23.5],[-51.508,-23.491],[-51.532,-23.458],[-51.593,-23.437],[-51.591,-23.426],[-51.626,-23.426],[-51.629,-23.447],[-51.61,-23.484],[-51.6,-23.52],[-51.578,-23.542],[-51.576,-23.573],[-51.529,-23.629],[-51.499,-23.647],[-51.478,-23.681],[-51.481,-23.699]]]}},{"type":"Feature","properties":{"code":"4125803"},"geometry":{"type":"Polygon","coordinates":[[[-51.796,-23.92],[-51.764,-23.89],[-51.734,-23.842],[-51.766,-23.839],[-51.766,-23.794],[-51.795,-23.782],[-51.883,-23.807],[-51.916,-23.724],[-51.949,-23.774],[-51.976,-23.797],[-51.996,-23.791],[-52.005,-23.823],[-51.959,-23.857],[-51.94,-23.908],[-51.927,-23.926],[-51.893,-23.901],[-51.879,-23.924],[-51.841,-23.933],[-51.796,-23.92]]]}},{"type":"Feature","properties":{"code":"4117602"},"geometry":{"type":"Polygon","coordinates":[[[-51.824,-26.582],[-51.784,-26.588],[-51.738,-26.573],[-51.693,-26.581],[-51.658,-26.565],[-51.633,-26.587],[-51.597,-26.584],[-51.536,-26.592],[-51.511,-26.581],[-51.529,-26.509],[-51.518,-26.474],[-51.541,-26.428],[-51.571,-26.397],[-51.565,-26.366],[-51.59,-26.306],[-51.577,-26.294],[-51.629,-26.29],[-51.694,-26.245],[-51.726,-26.259],[-51.717,-26.274],[-51.746,-26.332],[-51.811,-26.358],[-51.848,-26.401],[-51.906,-26.407],[-51.958,-26.368],[-52.001,-26.377],[-52.041,-26.345],[-52.044,-26.323],[-52.077,-26.31],[-52.118,-26.318],[-52.127,-26.343],[-52.176,-26.343],[-52.151,-26.358],[-52.167,-26.416],[-52.159,-26.466],[-52.112,-26.475],[-52.081,-26.525],[-52.029,-26.547],[-52.009,-26.567],[-51.948,-26.57],[-51.928,-26.584],[-51.9,-26.579],[-51.878,-26.598],[-51.824,-26.582]]]}},{"type":"Feature","properties":{"code":"4109401"},"geometry":{"type":"Polygon","coordinates":[[[-51.798,-25.596],[-51.762,-25.614],[-51.702,-25.592],[-51.662,-25.603],[-51.632,-25.593],[-51.607,-25.619],[-51.603,-25.646],[-51.55,-25.619],[-51.526,-25.617],[-51.481,-25.633],[-51.484,-25.668],[-51.405,-25.644],[-51.372,-25.628],[-51.328,-25.624],[-51.296,-25.639],[-51.274,-25.599],[-51.27,-25.549],[-51.297,-25.553],[-51.343,-25.523],[-51.335,-25.499],[-51.359,-25.487],[-51.338,-25.459],[-51.293,-25.478],[-51.23,-25.467],[-51.196,-25.486],[-51.17,-25.47],[-51.135,-25.476],[-51.114,-25.476],[-51.09,-25.451],[-51.123,-25.437],[-51.142,-25.406],[-51.135,-25.368],[-51.145,-25.334],[-51.197,-25.316],[-51.203,-25.279],[-51.184,-25.265],[-51.206,-25.211],[-51.183,-25.184],[-51.224,-25.136],[-51.24,-25.093],[-51.227,-25.082],[-51.284,-25.04],[-51.297,-25.064],[-51.292,-25.112],[-51.387,-25.113],[-51.424,-25.151],[-51.468,-25.15],[-51.543,-25.164],[-51.561,-25.177],[-51.623,-25.162],[-51.608,-25.122],[-51.652,-25.095],[-51.672,-25.094],[-51.652,-25.145],[-51.656,-25.168],[-51.638,-25.198],[-51.652,-25.22],[-51.702,-25.23],[-51.745,-25.202],[-51.787,-25.231],[-51.873,-25.222],[-51.866,-25.273],[-51.883,-25.289],[-51.953,-25.314],[-52.003,-25.31],[-52.015,-25.317],[-52.009,-25.364],[-51.965,-25.351],[-51.936,-25.332],[-51.882,-25.329],[-51.838,-25.312],[-51.801,-25.327],[-51.761,-25.301],[-51.738,-25.307],[-51.767,-25.36],[-51.758,-25.376],[-51.789,-25.407],[-51.751,-25.463],[-51.785,-25.497],[-51.798,-25.596]]]}},{"type":"Feature","properties":{"code":"4117701"},"geometry":{"type":"Polygon","coordinates":[[[-50.095,-25.635],[-50.065,-25.651],[-50.035,-25.63],[-50.027,-25.604],[-49.986,-25.6],[-49.99,-25.562],[-49.961,-25.507],[-49.933,-25.503],[-49.91,-25.449],[-49.861,-25.497],[-49.846,-25.476],[-49.767,-25.467],[-49.741,-25.408],[-49.741,-25.367],[-49.757,-25.361],[-49.82,-25.272],[-49.862,-25.284],[-49.924,-25.311],[-49.941,-25.328],[-49.981,-25.322],[-50.015,-25.299],[-50.036,-25.299],[-50.055,-25.263],[-50.101,-25.319],[-50.201,-25.383],[-50.234,-25.386],[-50.255,-25.337],[-50.243,-25.32],[-50.276,-25.289],[-50.287,-25.318],[-50.277,-25.377],[-50.3,-25.377],[-50.322,-25.418],[-50.354,-25.434],[-50.342,-25.452],[-50.359,-25.528],[-50.358,-25.528],[-50.324,-25.544],[-50.266,-25.549],[-50.247,-25.576],[-50.163,-25.588],[-50.157,-25.603],[-50.095,-25.635]]]}},{"type":"Feature","properties":{"code":"4101200"},"geometry":{"type":"Polygon","coordinates":[[[-48.845,-25.31],[-48.85,-25.366],[-48.829,-25.377],[-48.83,-25.419],[-48.797,-25.471],[-48.72,-25.484],[-48.684,-25.503],[-48.615,-25.451],[-48.597,-25.425],[-48.554,-25.39],[-48.579,-25.352],[-48.602,-25.351],[-48.577,-25.297],[-48.619,-25.274],[-48.64,-25.229],[-48.627,-25.189],[-48.653,-25.173],[-48.645,-25.131],[-48.697,-25.117],[-48.727,-25.09],[-48.757,-25.098],[-48.781,-25.124],[-48.82,-25.133],[-48.846,-25.164],[-48.844,-25.19],[-48.819,-25.223],[-48.845,-25.31]]]}},{"type":"Feature","properties":{"code":"4109500"},"geometry":{"type":"Polygon","coordinates":[[[-48.31,-25.493],[-48.239,-25.465],[-48.214,-25.473],[-48.192,-25.418],[-48.162,-25.375],[-48.097,-25.31],[-48.097,-25.297],[-48.023,-25.231],[-48.099,-25.241],[-48.113,-25.251],[-48.182,-25.205],[-48.158,-25.15],[-48.182,-25.134],[-48.216,-25.077],[-48.209,-25.032],[-48.24,-24.991],[-48.27,-24.997],[-48.285,-25.039],[-48.351,-25.037],[-48.38,-24.996],[-48.412,-24.98],[-48.474,-25.013],[-48.481,-25.037],[-48.529,-25.101],[-48.549,-25.109],[-48.576,-25.084],[-48.639,-25.109],[-48.645,-25.131],[-48.653,-25.173],[-48.627,-25.189],[-48.64,-25.229],[-48.619,-25.274],[-48.577,-25.297],[-48.602,-25.351],[-48.579,-25.352],[-48.554,-25.39],[-48.517,-25.375],[-48.506,-25.392],[-48.428,-25.394],[-48.31,-25.493]]]}},{"type":"Feature","properties":{"code":"4101309"},"geometry":{"type":"Polygon","coordinates":[[[-50.268,-26.043],[-50.248,-26.03],[-50.222,-26.06],[-50.19,-26.07],[-50.178,-26.079],[-50.14,-26.027],[-50.124,-26.051],[-49.995,-26.011],[-49.968,-26.005],[-49.974,-25.958],[-49.997,-25.933],[-50.026,-25.932],[-50.013,-25.895],[-50.036,-25.882],[-50.083,-25.9],[-50.175,-25.873],[-50.182,-25.849],[-50.211,-25.816],[-50.231,-25.825],[-50.264,-25.84],[-50.239,-25.856],[-50.215,-25.942],[-50.25,-25.999],[-50.268,-26.043]]]}},{"type":"Feature","properties":{"code":"4126207"},"geometry":{"type":"Polygon","coordinates":[[[-50.804,-23.877],[-50.787,-23.906],[-50.732,-23.948],[-50.755,-23.977],[-50.722,-24.028],[-50.703,-24.025],[-50.689,-24.003],[-50.649,-23.989],[-50.59,-23.99],[-50.578,-23.968],[-50.547,-23.961],[-50.534,-23.933],[-50.483,-23.951],[-50.479,-23.88],[-50.469,-23.855],[-50.432,-23.844],[-50.419,-23.784],[-50.45,-23.756],[-50.475,-23.75],[-50.519,-23.766],[-50.559,-23.748],[-50.6,-23.744],[-50.626,-23.8],[-50.644,-23.821],[-50.68,-23.815],[-50.736,-23.825],[-50.752,-23.853],[-50.804,-23.877]]]}},{"type":"Feature","properties":{"code":"4118006"},"geometry":{"type":"Polygon","coordinates":[[[-52.574,-23.332],[-52.557,-23.319],[-52.563,-23.273],[-52.547,-23.268],[-52.547,-23.179],[-52.612,-23.231],[-52.649,-23.215],[-52.701,-23.211],[-52.72,-23.224],[-52.715,-23.276],[-52.764,-23.296],[-52.723,-23.311],[-52.69,-23.311],[-52.638,-23.332],[-52.601,-23.317],[-52.574,-23.332]]]}},{"type":"Feature","properties":{"code":"4109807"},"geometry":{"type":"Polygon","coordinates":[[[-51.17,-23.196],[-51.171,-23.22],[-51.134,-23.223],[-51.107,-23.247],[-51.082,-23.329],[-51.044,-23.346],[-50.981,-23.343],[-50.993,-23.319],[-50.963,-23.303],[-50.988,-23.254],[-50.967,-23.237],[-50.969,-23.197],[-50.951,-23.172],[-50.96,-23.148],[-50.971,-23.129],[-50.948,-23.106],[-51.001,-23.125],[-51.037,-23.158],[-51.132,-23.198],[-51.17,-23.196]]]}},{"type":"Feature","properties":{"code":"4126272"},"geometry":{"type":"Polygon","coordinates":[[[-52.662,-25.759],[-52.643,-25.789],[-52.602,-25.797],[-52.604,-25.769],[-52.547,-25.777],[-52.555,-25.753],[-52.544,-25.696],[-52.575,-25.649],[-52.619,-25.63],[-52.628,-25.655],[-52.677,-25.656],[-52.645,-25.704],[-52.643,-25.736],[-52.662,-25.759]]]}},{"type":"Feature","properties":{"code":"4126256"},"geometry":{"type":"Polygon","coordinates":[[[-51.912,-23.477],[-51.91,-23.51],[-51.929,-23.535],[-51.911,-23.559],[-51.853,-23.511],[-51.853,-23.457],[-51.807,-23.445],[-51.801,-23.412],[-51.843,-23.393],[-51.884,-23.422],[-51.912,-23.477]]]}},{"type":"Feature","properties":{"code":"4101606"},"geometry":{"type":"Polygon","coordinates":[[[-49.985,-24.246],[-49.964,-24.222],[-49.91,-24.194],[-49.789,-24.238],[-49.739,-24.174],[-49.768,-24.14],[-49.756,-24.079],[-49.767,-24.043],[-49.795,-24.004],[-49.828,-23.981],[-49.841,-23.914],[-49.896,-23.877],[-49.923,-23.845],[-49.965,-23.87],[-49.973,-23.902],[-49.97,-23.956],[-49.993,-23.976],[-50.042,-23.99],[-50.065,-23.986],[-50.081,-23.961],[-50.118,-23.962],[-50.161,-23.941],[-50.221,-23.997],[-50.182,-24.029],[-50.132,-24.048],[-50.108,-24.077],[-50.097,-24.12],[-50.121,-24.143],[-50.185,-24.173],[-50.206,-24.244],[-50.191,-24.278],[-50.169,-24.29],[-50.124,-24.301],[-50.082,-24.289],[-50.032,-24.259],[-49.985,-24.246]]]}},{"type":"Feature","properties":{"code":"4101655"},"geometry":{"type":"Polygon","coordinates":[[[-51.916,-24.326],[-51.905,-24.334],[-51.889,-24.4],[-51.846,-24.419],[-51.739,-24.404],[-51.73,-24.362],[-51.772,-24.327],[-51.759,-24.306],[-51.766,-24.244],[-51.813,-24.242],[-51.825,-24.306],[-51.853,-24.303],[-51.916,-24.326]]]}},{"type":"Feature","properties":{"code":"4101507"},"geometry":{"type":"Polygon","coordinates":[[[-51.301,-23.548],[-51.309,-23.471],[-51.321,-23.432],[-51.31,-23.384],[-51.364,-23.394],[-51.396,-23.36],[-51.442,-23.363],[-51.454,-23.383],[-51.501,-23.343],[-51.591,-23.426],[-51.593,-23.437],[-51.532,-23.458],[-51.508,-23.491],[-51.441,-23.5],[-51.406,-23.515],[-51.352,-23.526],[-51.331,-23.545],[-51.301,-23.548]]]}},{"type":"Feature","properties":{"code":"4109658"},"geometry":{"type":"Polygon","coordinates":[[[-52.316,-26.271],[-52.291,-26.242],[-52.255,-26.228],[-52.213,-26.195],[-52.213,-26.137],[-52.254,-26.138],[-52.265,-26.106],[-52.295,-26.11],[-52.303,-26.045],[-52.336,-26.057],[-52.377,-26.041],[-52.359,-26.065],[-52.413,-26.104],[-52.459,-26.101],[-52.506,-26.085],[-52.517,-26.106],[-52.574,-26.115],[-52.538,-26.169],[-52.474,-26.168],[-52.471,-26.194],[-52.443,-26.206],[-52.44,-26.246],[-52.403,-26.275],[-52.386,-26.261],[-52.336,-26.28],[-52.316,-26.271]]]}},{"type":"Feature","properties":{"code":"4126108"},"geometry":{"type":"Polygon","coordinates":[[[-52.671,-23.538],[-52.64,-23.577],[-52.586,-23.59],[-52.546,-23.586],[-52.489,-23.52],[-52.453,-23.549],[-52.402,-23.536],[-52.39,-23.512],[-52.415,-23.499],[-52.422,-23.47],[-52.465,-23.455],[-52.519,-23.505],[-52.569,-23.509],[-52.601,-23.477],[-52.654,-23.506],[-52.671,-23.538]]]}},{"type":"Feature","properties":{"code":"4109757"},"geometry":{"type":"Polygon","coordinates":[[[-52.97,-25.209],[-52.968,-25.176],[-52.95,-25.16],[-52.958,-25.117],[-52.979,-25.102],[-53.082,-25.097],[-53.101,-25.194],[-52.97,-25.209]]]}},{"type":"Feature","properties":{"code":"4117909"},"geometry":{"type":"Polygon","coordinates":[[[-53.715,-24.468],[-53.692,-24.44],[-53.668,-24.388],[-53.687,-24.37],[-53.704,-24.328],[-53.693,-24.284],[-53.672,-24.259],[-53.698,-24.239],[-53.692,-24.202],[-53.709,-24.179],[-53.766,-24.16],[-53.836,-24.168],[-53.859,-24.191],[-53.901,-24.179],[-53.925,-24.158],[-53.91,-24.138],[-53.959,-24.12],[-53.967,-24.37],[-53.907,-24.37],[-53.715,-24.369],[-53.715,-24.468]]]}},{"type":"Feature","properties":{"code":"4109708"},"geometry":{"type":"Polygon","coordinates":[[[-50.221,-23.997],[-50.161,-23.941],[-50.157,-23.925],[-50.115,-23.884],[-50.121,-23.857],[-50.174,-23.817],[-50.182,-23.773],[-50.212,-23.736],[-50.203,-23.698],[-50.205,-23.663],[-50.236,-23.635],[-50.224,-23.608],[-50.244,-23.577],[-50.298,-23.584],[-50.388,-23.599],[-50.42,-23.623],[-50.441,-23.659],[-50.421,-23.678],[-50.419,-23.706],[-50.444,-23.748],[-50.475,-23.75],[-50.45,-23.756],[-50.416,-23.762],[-50.392,-23.789],[-50.4,-23.819],[-50.384,-23.859],[-50.356,-23.878],[-50.322,-23.944],[-50.29,-23.959],[-50.269,-23.955],[-50.233,-23.971],[-50.221,-23.997]]]}},{"type":"Feature","properties":{"code":"4125407"},"geometry":{"type":"Polygon","coordinates":[[[-49.756,-24.079],[-49.731,-24.083],[-49.697,-24.065],[-49.68,-24.078],[-49.634,-24.07],[-49.621,-24.053],[-49.622,-23.997],[-49.571,-23.949],[-49.536,-23.928],[-49.557,-23.921],[-49.587,-23.889],[-49.608,-23.839],[-49.678,-23.826],[-49.673,-23.847],[-49.706,-23.873],[-49.733,-23.879],[-49.769,-23.913],[-49.719,-23.967],[-49.75,-23.992],[-49.795,-24.004],[-49.767,-24.043],[-49.756,-24.079]]]}},{"type":"Feature","properties":{"code":"4117222"},"geometry":{"type":"Polygon","coordinates":[[[-53.882,-24.468],[-53.906,-24.457],[-53.902,-24.418],[-53.907,-24.37],[-53.967,-24.37],[-53.967,-24.39],[-54.121,-24.39],[-54.098,-24.419],[-54.071,-24.429],[-54.031,-24.416],[-54.014,-24.43],[-53.988,-24.485],[-53.959,-24.507],[-53.916,-24.513],[-53.892,-24.527],[-53.854,-24.512],[-53.866,-24.474],[-53.882,-24.468]]]}},{"type":"Feature","properties":{"code":"4117214"},"geometry":{"type":"Polygon","coordinates":[[[-50.858,-23.584],[-50.819,-23.611],[-50.751,-23.607],[-50.657,-23.623],[-50.652,-23.63],[-50.664,-23.591],[-50.685,-23.584],[-50.685,-23.552],[-50.697,-23.557],[-50.799,-23.583],[-50.858,-23.584]]]}},{"type":"Feature","properties":{"code":"4117206"},"geometry":{"type":"Polygon","coordinates":[[[-53.023,-23.476],[-53.036,-23.384],[-53.028,-23.356],[-53.104,-23.344],[-53.116,-23.471],[-53.12,-23.503],[-53.04,-23.493],[-53.023,-23.476]]]}},{"type":"Feature","properties":{"code":"4125506"},"geometry":{"type":"Polygon","coordinates":[[[-49.245,-25.754],[-49.242,-25.798],[-49.208,-25.825],[-49.193,-25.804],[-49.167,-25.814],[-49.161,-25.779],[-49.141,-25.748],[-49.079,-25.752],[-49.081,-25.778],[-49.058,-25.791],[-49.002,-25.788],[-48.985,-25.828],[-48.963,-25.831],[-48.852,-25.797],[-48.876,-25.76],[-48.911,-25.757],[-48.973,-25.727],[-48.954,-25.638],[-48.972,-25.546],[-48.97,-25.523],[-49.024,-25.549],[-49.066,-25.541],[-49.121,-25.502],[-49.145,-25.471],[-49.176,-25.463],[-49.185,-25.472],[-49.254,-25.59],[-49.274,-25.612],[-49.26,-25.616],[-49.26,-25.662],[-49.245,-25.754]]]}},{"type":"Feature","properties":{"code":"4109005"},"geometry":{"type":"Polygon","coordinates":[[[-50.004,-23.534],[-49.986,-23.498],[-50.021,-23.478],[-50.004,-23.445],[-50.046,-23.413],[-50.106,-23.393],[-50.142,-23.403],[-50.171,-23.398],[-50.165,-23.438],[-50.13,-23.464],[-50.141,-23.49],[-50.094,-23.506],[-50.083,-23.537],[-50.038,-23.549],[-50.004,-23.534]]]}},{"type":"Feature","properties":{"code":"4117305"},"geometry":{"type":"Polygon","coordinates":[[[-50.885,-24.411],[-50.857,-24.395],[-50.829,-24.4],[-50.78,-24.379],[-50.758,-24.343],[-50.723,-24.313],[-50.697,-24.285],[-50.678,-24.231],[-50.686,-24.205],[-50.71,-24.185],[-50.74,-24.138],[-50.709,-24.133],[-50.727,-24.099],[-50.699,-24.064],[-50.693,-24.037],[-50.703,-24.025],[-50.722,-24.028],[-50.755,-23.977],[-50.732,-23.948],[-50.787,-23.906],[-50.804,-23.877],[-50.844,-23.894],[-50.857,-23.868],[-50.896,-23.84],[-50.899,-23.796],[-50.907,-23.818],[-50.937,-23.819],[-50.955,-23.884],[-51.02,-23.917],[-51.081,-23.907],[-51.114,-23.956],[-51.1,-23.992],[-51.082,-24.044],[-51.086,-24.072],[-51.115,-24.084],[-51.134,-24.069],[-51.18,-24.099],[-51.209,-24.107],[-51.233,-24.086],[-51.318,-24.131],[-51.373,-24.143],[-51.334,-24.159],[-51.26,-24.212],[-51.207,-24.223],[-51.204,-24.246],[-51.132,-24.268],[-51.098,-24.3],[-51.098,-24.326],[-51.055,-24.344],[-50.997,-24.343],[-50.961,-24.355],[-50.952,-24.388],[-50.885,-24.411]]]}},{"type":"Feature","properties":{"code":"4117297"},"geometry":{"type":"Polygon","coordinates":[[[-51.593,-23.706],[-51.575,-23.741],[-51.565,-23.791],[-51.581,-23.797],[-51.59,-23.835],[-51.587,-23.862],[-51.558,-23.869],[-51.507,-23.857],[-51.475,-23.725],[-51.481,-23.699],[-51.546,-23.706],[-51.577,-23.692],[-51.593,-23.706]]]}},{"type":"Feature","properties":{"code":"4125456"},"geometry":{"type":"Polygon","coordinates":[[[-54.066,-24.873],[-54.054,-24.841],[-54.034,-24.831],[-54.036,-24.789],[-54.063,-24.763],[-54.096,-24.755],[-54.165,-24.756],[-54.203,-24.806],[-54.211,-24.867],[-54.143,-24.859],[-54.095,-24.879],[-54.066,-24.873]]]}},{"type":"Feature","properties":{"code":"4109104"},"geometry":{"type":"Polygon","coordinates":[[[-52.859,-23.39],[-52.807,-23.401],[-52.744,-23.348],[-52.723,-23.311],[-52.764,-23.296],[-52.786,-23.27],[-52.846,-23.278],[-52.863,-23.268],[-52.918,-23.272],[-52.935,-23.263],[-52.917,-23.328],[-52.879,-23.335],[-52.859,-23.39]]]}},{"type":"Feature","properties":{"code":"4117271"},"geometry":{"type":"Polygon","coordinates":[[[-52.047,-24.567],[-52.001,-24.591],[-51.975,-24.62],[-51.948,-24.601],[-51.914,-24.606],[-51.87,-24.569],[-51.877,-24.553],[-51.838,-24.533],[-51.86,-24.492],[-51.83,-24.477],[-51.825,-24.449],[-51.846,-24.419],[-51.889,-24.4],[-51.905,-24.334],[-51.916,-24.326],[-51.922,-24.289],[-51.954,-24.247],[-51.997,-24.286],[-51.989,-24.321],[-52.007,-24.344],[-52.022,-24.412],[-52.034,-24.414],[-52.017,-24.472],[-52.045,-24.534],[-52.047,-24.567]]]}},{"type":"Feature","properties":{"code":"4125308"},"geometry":{"type":"Polygon","coordinates":[[[-52.325,-23.554],[-52.295,-23.521],[-52.296,-23.501],[-52.276,-23.469],[-52.275,-23.44],[-52.179,-23.35],[-52.189,-23.334],[-52.239,-23.314],[-52.274,-23.322],[-52.3,-23.344],[-52.312,-23.379],[-52.358,-23.405],[-52.421,-23.413],[-52.422,-23.47],[-52.415,-23.499],[-52.39,-23.512],[-52.402,-23.536],[-52.363,-23.558],[-52.33,-23.552],[-52.325,-23.554]]]}},{"type":"Feature","properties":{"code":"4117255"},"geometry":{"type":"Polygon","coordinates":[[[-53.389,-25.692],[-53.341,-25.694],[-53.302,-25.671],[-53.262,-25.592],[-53.28,-25.544],[-53.329,-25.539],[-53.303,-25.497],[-53.344,-25.48],[-53.339,-25.514],[-53.37,-25.532],[-53.387,-25.506],[-53.438,-25.505],[-53.448,-25.529],[-53.477,-25.532],[-53.5,-25.55],[-53.505,-25.58],[-53.49,-25.595],[-53.479,-25.641],[-53.436,-25.628],[-53.405,-25.653],[-53.389,-25.692]]]}},{"type":"Feature","properties":{"code":"4100905"},"geometry":{"type":"Polygon","coordinates":[[[-52.789,-23.006],[-52.827,-23.055],[-52.884,-23.023],[-52.918,-23.083],[-52.904,-23.178],[-52.91,-23.226],[-52.93,-23.24],[-52.935,-23.263],[-52.918,-23.272],[-52.863,-23.268],[-52.85,-23.23],[-52.819,-23.222],[-52.773,-23.18],[-52.75,-23.108],[-52.715,-23.059],[-52.727,-23.032],[-52.761,-23.006],[-52.789,-23.006]]]}},{"type":"Feature","properties":{"code":"4117107"},"geometry":{"type":"Polygon","coordinates":[[[-52.877,-22.903],[-52.856,-22.88],[-52.858,-22.821],[-52.849,-22.782],[-52.849,-22.781],[-52.949,-22.77],[-52.963,-22.731],[-52.966,-22.679],[-53.008,-22.615],[-53.012,-22.599],[-53.045,-22.625],[-53.018,-22.651],[-52.993,-22.708],[-53.017,-22.748],[-53.039,-22.809],[-53.034,-22.855],[-52.997,-22.856],[-52.952,-22.881],[-52.917,-22.851],[-52.877,-22.903]]]}},{"type":"Feature","properties":{"code":"4108908"},"geometry":{"type":"Polygon","coordinates":[[[-52.715,-23.059],[-52.695,-23.044],[-52.689,-23.016],[-52.647,-23.02],[-52.621,-22.976],[-52.594,-22.956],[-52.603,-22.908],[-52.595,-22.873],[-52.614,-22.873],[-52.687,-22.852],[-52.712,-22.863],[-52.74,-22.855],[-52.761,-22.825],[-52.782,-22.842],[-52.812,-22.801],[-52.849,-22.782],[-52.858,-22.821],[-52.856,-22.88],[-52.877,-22.903],[-52.886,-22.941],[-52.835,-22.984],[-52.816,-22.968],[-52.789,-23.006],[-52.761,-23.006],[-52.727,-23.032],[-52.715,-23.059]]]}},{"type":"Feature","properties":{"code":"4100707"},"geometry":{"type":"Polygon","coordinates":[[[-53.468,-24.221],[-53.437,-24.238],[-53.362,-24.252],[-53.336,-24.228],[-53.321,-24.198],[-53.312,-24.171],[-53.326,-24.13],[-53.321,-24.091],[-53.34,-24.051],[-53.338,-24.01],[-53.353,-23.979],[-53.413,-23.93],[-53.458,-23.98],[-53.519,-24.05],[-53.436,-24.112],[-53.481,-24.218],[-53.468,-24.221]]]}},{"type":"Feature","properties":{"code":"4125357"},"geometry":{"type":"Polygon","coordinates":[[[-54.083,-23.802],[-54.004,-23.814],[-53.961,-23.803],[-53.935,-23.812],[-53.91,-23.791],[-53.835,-23.811],[-53.769,-23.818],[-53.775,-23.786],[-53.811,-23.75],[-53.844,-23.747],[-53.873,-23.696],[-53.88,-23.664],[-54.031,-23.628],[-54.051,-23.687],[-54.052,-23.721],[-54.076,-23.765],[-54.083,-23.802]]]}},{"type":"Feature","properties":{"code":"4100806"},"geometry":{"type":"Polygon","coordinates":[[[-51.318,-22.83],[-51.335,-22.836],[-51.342,-22.892],[-51.316,-22.916],[-51.272,-22.925],[-51.224,-22.957],[-51.203,-22.945],[-51.197,-22.916],[-51.178,-22.9],[-51.155,-22.855],[-51.184,-22.771],[-51.176,-22.739],[-51.214,-22.724],[-51.265,-22.668],[-51.298,-22.674],[-51.333,-22.667],[-51.344,-22.734],[-51.312,-22.785],[-51.318,-22.83]]]}},{"type":"Feature","properties":{"code":"4108957"},"geometry":{"type":"Polygon","coordinates":[[[-50.803,-25.274],[-50.752,-25.259],[-50.751,-25.237],[-50.729,-25.181],[-50.769,-25.159],[-50.82,-25.146],[-50.828,-25.116],[-50.877,-25.076],[-50.938,-25.073],[-50.932,-25.109],[-50.95,-25.157],[-50.904,-25.172],[-50.891,-25.201],[-50.812,-25.233],[-50.819,-25.263],[-50.803,-25.274]]]}},{"type":"Feature","properties":{"code":"4117503"},"geometry":{"type":"Polygon","coordinates":[[[-52.1,-23.52],[-52.07,-23.484],[-52.01,-23.457],[-52.046,-23.439],[-52.049,-23.422],[-52.095,-23.4],[-52.149,-23.414],[-52.213,-23.481],[-52.224,-23.523],[-52.206,-23.512],[-52.1,-23.52]]]}},{"type":"Feature","properties":{"code":"4109302"},"geometry":{"type":"Polygon","coordinates":[[[-52.97,-25.209],[-53.01,-25.242],[-53.032,-25.329],[-52.997,-25.323],[-52.972,-25.304],[-52.916,-25.279],[-52.877,-25.286],[-52.84,-25.273],[-52.831,-25.252],[-52.779,-25.249],[-52.722,-25.212],[-52.661,-25.206],[-52.658,-25.188],[-52.691,-25.164],[-52.669,-25.145],[-52.663,-25.098],[-52.719,-25.133],[-52.721,-25.112],[-52.764,-25.055],[-52.763,-25.015],[-52.795,-25.005],[-52.779,-24.902],[-52.747,-24.875],[-52.768,-24.865],[-52.85,-24.793],[-52.86,-24.759],[-52.877,-24.751],[-52.92,-24.762],[-52.935,-24.778],[-52.98,-24.864],[-52.961,-24.875],[-52.966,-24.913],[-52.988,-24.932],[-52.984,-24.974],[-52.952,-25.033],[-52.959,-25.057],[-52.949,-25.091],[-52.979,-25.102],[-52.958,-25.117],[-52.95,-25.16],[-52.968,-25.176],[-52.97,-25.209]]]}},{"type":"Feature","properties":{"code":"4117453"},"geometry":{"type":"Polygon","coordinates":[[[-53.849,-24.876],[-53.787,-24.828],[-53.808,-24.77],[-53.854,-24.743],[-53.924,-24.718],[-53.977,-24.734],[-53.988,-24.723],[-54.029,-24.741],[-54.063,-24.763],[-54.036,-24.789],[-54.001,-24.783],[-53.988,-24.826],[-53.924,-24.853],[-53.913,-24.879],[-53.849,-24.876]]]}},{"type":"Feature","properties":{"code":"4101101"},"geometry":{"type":"Polygon","coordinates":[[[-50.172,-23.078],[-50.21,-23.03],[-50.197,-22.99],[-50.206,-22.952],[-50.243,-22.951],[-50.276,-22.932],[-50.323,-22.951],[-50.34,-22.948],[-50.336,-22.979],[-50.348,-23.039],[-50.37,-23.059],[-50.311,-23.076],[-50.261,-23.106],[-50.25,-23.101],[-50.25,-23.076],[-50.172,-23.078]]]}},{"type":"Feature","properties":{"code":"4125753"},"geometry":{"type":"Polygon","coordinates":[[[-53.733,-25.0],[-53.674,-24.958],[-53.684,-24.94],[-53.742,-24.935],[-53.779,-24.907],[-53.819,-24.915],[-53.849,-24.876],[-53.913,-24.879],[-53.924,-24.853],[-53.988,-24.826],[-54.001,-24.783],[-54.036,-24.789],[-54.034,-24.831],[-54.054,-24.841],[-54.066,-24.873],[-54.045,-24.891],[-54.021,-24.91],[-53.956,-24.903],[-53.902,-24.915],[-53.916,-24.957],[-53.884,-24.992],[-53.831,-24.972],[-53.81,-24.976],[-53.772,-24.969],[-53.733,-25.0]]]}},{"type":"Feature","properties":{"code":"4125704"},"geometry":{"type":"Polygon","coordinates":[[[-54.144,-25.521],[-54.152,-25.504],[-54.126,-25.452],[-54.141,-25.408],[-54.107,-25.383],[-54.114,-25.361],[-54.149,-25.331],[-54.171,-25.334],[-54.179,-25.232],[-54.193,-25.215],[-54.23,-25.23],[-54.3,-25.2],[-54.317,-25.221],[-54.392,-25.236],[-54.388,-25.313],[-54.399,-25.377],[-54.387,-25.422],[-54.343,-25.454],[-54.364,-25.489],[-54.344,-25.5],[-54.327,-25.533],[-54.296,-25.558],[-54.279,-25.558],[-54.258,-25.594],[-54.203,-25.581],[-54.197,-25.535],[-54.163,-25.543],[-54.144,-25.521]]]}},{"type":"Feature","properties":{"code":"4125555"},"geometry":{"type":"Polygon","coordinates":[[[-52.669,-23.398],[-52.651,-23.44],[-52.616,-23.415],[-52.54,-23.367],[-52.574,-23.332],[-52.601,-23.317],[-52.638,-23.332],[-52.669,-23.398]]]}},{"type":"Feature","properties":{"code":"4101150"},"geometry":{"type":"Polygon","coordinates":[[[-51.962,-23.162],[-51.966,-23.254],[-51.939,-23.264],[-51.913,-23.22],[-51.865,-23.215],[-51.866,-23.133],[-51.914,-23.137],[-51.962,-23.162]]]}},{"type":"Feature","properties":{"code":"4125605"},"geometry":{"type":"Polygon","coordinates":[[[-50.268,-26.043],[-50.25,-25.999],[-50.215,-25.942],[-50.239,-25.856],[-50.264,-25.84],[-50.269,-25.805],[-50.294,-25.791],[-50.31,-25.76],[-50.361,-25.729],[-50.398,-25.75],[-50.416,-25.72],[-50.49,-25.735],[-50.515,-25.733],[-50.538,-25.758],[-50.593,-25.76],[-50.601,-25.784],[-50.637,-25.855],[-50.678,-25.876],[-50.657,-25.92],[-50.669,-25.967],[-50.652,-26.017],[-50.627,-26.034],[-50.629,-26.063],[-50.595,-26.07],[-50.553,-26.059],[-50.593,-26.027],[-50.57,-26.002],[-50.551,-26.038],[-50.513,-26.026],[-50.461,-26.026],[-50.429,-26.063],[-50.408,-26.058],[-50.372,-26.079],[-50.366,-26.112],[-50.322,-26.134],[-50.332,-26.085],[-50.299,-26.055],[-50.268,-26.043]]]}},{"type":"Feature","properties":{"code":"4117404"},"geometry":{"type":"Polygon","coordinates":[[[-52.224,-23.523],[-52.213,-23.481],[-52.149,-23.414],[-52.15,-23.371],[-52.178,-23.349],[-52.179,-23.35],[-52.275,-23.44],[-52.276,-23.469],[-52.296,-23.501],[-52.295,-23.521],[-52.325,-23.554],[-52.305,-23.573],[-52.266,-23.555],[-52.224,-23.523]]]}},{"type":"Feature","properties":{"code":"4101051"},"geometry":{"type":"Polygon","coordinates":[[[-53.147,-24.715],[-53.141,-24.694],[-53.112,-24.679],[-53.085,-24.611],[-53.107,-24.57],[-53.147,-24.59],[-53.182,-24.641],[-53.21,-24.663],[-53.193,-24.685],[-53.147,-24.715]]]}},{"type":"Feature","properties":{"code":"4109203"},"geometry":{"type":"Polygon","coordinates":[[[-51.795,-23.006],[-51.75,-23.028],[-51.669,-22.995],[-51.623,-23.006],[-51.591,-22.991],[-51.59,-22.95],[-51.578,-22.913],[-51.603,-22.918],[-51.632,-22.888],[-51.727,-22.888],[-51.719,-22.93],[-51.758,-22.951],[-51.761,-22.969],[-51.795,-23.006]]]}},{"type":"Feature","properties":{"code":"4124905"},"geometry":{"type":"Polygon","coordinates":[[[-52.423,-22.763],[-52.423,-22.9],[-52.371,-22.93],[-52.321,-22.91],[-52.27,-22.914],[-52.257,-22.898],[-52.231,-22.852],[-52.238,-22.816],[-52.275,-22.73],[-52.319,-22.777],[-52.397,-22.774],[-52.423,-22.763]]]}},{"type":"Feature","properties":{"code":"4101002"},"geometry":{"type":"Polygon","coordinates":[[[-53.365,-26.02],[-53.359,-26.017],[-53.378,-26.001],[-53.371,-25.967],[-53.345,-25.947],[-53.347,-25.927],[-53.422,-25.904],[-53.479,-25.864],[-53.504,-25.811],[-53.52,-25.836],[-53.577,-25.799],[-53.596,-25.802],[-53.603,-25.813],[-53.587,-25.817],[-53.57,-25.86],[-53.575,-25.93],[-53.566,-25.957],[-53.539,-25.971],[-53.517,-25.964],[-53.482,-25.992],[-53.43,-25.995],[-53.365,-26.02]]]}},{"type":"Feature","properties":{"code":"4116703"},"geometry":{"type":"Polygon","coordinates":[[[-53.427,-24.642],[-53.385,-24.653],[-53.347,-24.588],[-53.314,-24.598],[-53.292,-24.585],[-53.263,-24.623],[-53.243,-24.625],[-53.237,-24.589],[-53.205,-24.535],[-53.179,-24.521],[-53.163,-24.49],[-53.152,-24.417],[-53.159,-24.395],[-53.167,-24.364],[-53.247,-24.329],[-53.275,-24.338],[-53.249,-24.419],[-53.318,-24.429],[-53.311,-24.446],[-53.328,-24.486],[-53.352,-24.498],[-53.35,-24.542],[-53.444,-24.538],[-53.438,-24.574],[-53.427,-24.642]]]}},{"type":"Feature","properties":{"code":"4108502"},"geometry":{"type":"Polygon","coordinates":[[[-51.511,-26.581],[-51.495,-26.587],[-51.455,-26.641],[-51.435,-26.688],[-51.411,-26.717],[-51.391,-26.663],[-51.347,-26.649],[-51.283,-26.654],[-51.258,-26.625],[-51.239,-26.628],[-51.222,-26.594],[-51.228,-26.555],[-51.273,-26.498],[-51.253,-26.462],[-51.293,-26.434],[-51.292,-26.404],[-51.27,-26.387],[-51.253,-26.351],[-51.263,-26.29],[-51.285,-26.244],[-51.352,-26.283],[-51.38,-26.329],[-51.417,-26.347],[-51.442,-26.382],[-51.459,-26.353],[-51.453,-26.329],[-51.503,-26.305],[-51.577,-26.294],[-51.59,-26.306],[-51.565,-26.366],[-51.571,-26.397],[-51.541,-26.428],[-51.518,-26.474],[-51.529,-26.509],[-51.511,-26.581]]]}},{"type":"Feature","properties":{"code":"4116802"},"geometry":{"type":"Polygon","coordinates":[[[-52.541,-24.77],[-52.49,-24.74],[-52.453,-24.746],[-52.426,-24.736],[-52.425,-24.713],[-52.424,-24.642],[-52.477,-24.575],[-52.517,-24.548],[-52.509,-24.523],[-52.53,-24.528],[-52.559,-24.499],[-52.578,-24.513],[-52.635,-24.488],[-52.655,-24.498],[-52.626,-24.512],[-52.594,-24.546],[-52.596,-24.575],[-52.688,-24.677],[-52.687,-24.732],[-52.704,-24.747],[-52.667,-24.774],[-52.567,-24.761],[-52.541,-24.77]]]}},{"type":"Feature","properties":{"code":"4100301"},"geometry":{"type":"Polygon","coordinates":[[[-49.379,-26.057],[-49.351,-26.071],[-49.361,-26.137],[-49.322,-26.11],[-49.3,-26.111],[-49.287,-26.078],[-49.268,-26.077],[-49.234,-26.031],[-49.237,-25.979],[-49.293,-25.968],[-49.306,-25.945],[-49.361,-25.952],[-49.375,-25.968],[-49.379,-26.057]]]}},{"type":"Feature","properties":{"code":"4108601"},"geometry":{"type":"Polygon","coordinates":[[[-52.855,-24.117],[-53.039,-24.062],[-53.074,-24.093],[-53.132,-24.103],[-53.138,-24.153],[-53.204,-24.137],[-53.24,-24.166],[-53.264,-24.218],[-53.257,-24.233],[-53.217,-24.255],[-53.185,-24.239],[-53.09,-24.227],[-53.06,-24.238],[-53.039,-24.275],[-53.009,-24.281],[-52.95,-24.255],[-52.892,-24.187],[-52.906,-24.162],[-52.864,-24.139],[-52.855,-24.117]]]}},{"type":"Feature","properties":{"code":"4124806"},"geometry":{"type":"Polygon","coordinates":[[[-52.808,-25.907],[-52.77,-25.901],[-52.722,-25.871],[-52.675,-25.85],[-52.704,-25.751],[-52.782,-25.737],[-52.783,-25.57],[-52.785,-25.567],[-52.806,-25.604],[-52.836,-25.585],[-52.857,-25.603],[-52.84,-25.633],[-52.856,-25.659],[-52.849,-25.703],[-52.813,-25.742],[-52.867,-25.769],[-52.945,-25.782],[-52.905,-25.805],[-52.896,-25.831],[-52.854,-25.831],[-52.867,-25.866],[-52.821,-25.876],[-52.808,-25.907]]]}},{"type":"Feature","properties":{"code":"4100400"},"geometry":{"type":"Polygon","coordinates":[[[-49.342,-25.347],[-49.31,-25.384],[-49.28,-25.351],[-49.23,-25.35],[-49.253,-25.322],[-49.268,-25.256],[-49.254,-25.234],[-49.288,-25.225],[-49.321,-25.231],[-49.386,-25.261],[-49.451,-25.245],[-49.409,-25.273],[-49.406,-25.296],[-49.372,-25.341],[-49.342,-25.347]]]}},{"type":"Feature","properties":{"code":"4116604"},"geometry":{"type":"Polygon","coordinates":[[[-50.767,-23.347],[-50.74,-23.372],[-50.721,-23.416],[-50.663,-23.392],[-50.638,-23.419],[-50.657,-23.364],[-50.641,-23.345],[-50.691,-23.312],[-50.703,-23.29],[-50.735,-23.273],[-50.736,-23.251],[-50.761,-23.288],[-50.758,-23.339],[-50.767,-23.347]]]}},{"type":"Feature","properties":{"code":"4108551"},"geometry":{"type":"Polygon","coordinates":[[[-51.918,-24.103],[-51.928,-24.127],[-51.921,-24.163],[-51.951,-24.161],[-51.994,-24.203],[-51.96,-24.24],[-51.845,-24.17],[-51.85,-24.152],[-51.896,-24.14],[-51.841,-24.095],[-51.849,-24.072],[-51.918,-24.103]]]}},{"type":"Feature","properties":{"code":"4108403"},"geometry":{"type":"Polygon","coordinates":[[[-53.26,-26.192],[-53.165,-26.18],[-53.137,-26.168],[-53.104,-26.119],[-53.006,-26.116],[-52.993,-26.099],[-52.929,-26.071],[-52.94,-26.055],[-52.905,-25.998],[-52.942,-26.007],[-52.953,-25.963],[-52.918,-25.942],[-52.985,-25.952],[-53.028,-25.937],[-53.092,-25.949],[-53.122,-25.976],[-53.231,-25.99],[-53.257,-25.977],[-53.341,-25.963],[-53.345,-25.947],[-53.371,-25.967],[-53.378,-26.001],[-53.359,-26.017],[-53.328,-26.023],[-53.311,-26.056],[-53.245,-26.14],[-53.242,-26.174],[-53.26,-26.192]]]}},{"type":"Feature","properties":{"code":"4100202"},"geometry":{"type":"Polygon","coordinates":[[[-48.566,-24.917],[-48.55,-24.867],[-48.568,-24.849],[-48.556,-24.806],[-48.518,-24.781],[-48.502,-24.746],[-48.538,-24.726],[-48.572,-24.691],[-48.617,-24.669],[-48.675,-24.702],[-48.704,-24.68],[-48.777,-24.696],[-48.811,-24.675],[-48.84,-24.665],[-48.912,-24.674],[-48.962,-24.674],[-49.01,-24.654],[-49.112,-24.688],[-49.13,-24.682],[-49.136,-24.71],[-49.114,-24.721],[-49.095,-24.775],[-49.067,-24.779],[-49.058,-24.8],[-49.072,-24.848],[-49.103,-24.893],[-48.995,-24.924],[-48.968,-24.912],[-48.929,-24.879],[-48.853,-24.827],[-48.837,-24.869],[-48.732,-24.866],[-48.711,-24.916],[-48.685,-24.918],[-48.651,-24.944],[-48.631,-24.927],[-48.566,-24.917]]]}},{"type":"Feature","properties":{"code":"4108452"},"geometry":{"type":"Polygon","coordinates":[[[-52.21,-25.757],[-52.155,-25.753],[-52.123,-25.775],[-52.095,-25.774],[-52.068,-25.736],[-52.026,-25.735],[-52.01,-25.721],[-51.974,-25.65],[-51.996,-25.634],[-52.047,-25.624],[-52.056,-25.611],[-52.099,-25.632],[-52.126,-25.674],[-52.23,-25.74],[-52.21,-25.757]]]}},{"type":"Feature","properties":{"code":"4100608"},"geometry":{"type":"Polygon","coordinates":[[[-52.42,-23.234],[-52.383,-23.199],[-52.304,-23.192],[-52.255,-23.168],[-52.233,-23.14],[-52.252,-23.062],[-52.248,-23.026],[-52.258,-22.993],[-52.284,-22.968],[-52.27,-22.914],[-52.321,-22.91],[-52.371,-22.93],[-52.363,-22.968],[-52.373,-22.984],[-52.348,-23.038],[-52.38,-23.077],[-52.422,-23.14],[-52.42,-23.234]]]}},{"type":"Feature","properties":{"code":"4116950"},"geometry":{"type":"Polygon","coordinates":[[[-53.231,-25.99],[-53.239,-25.952],[-53.215,-25.942],[-53.211,-25.915],[-53.179,-25.884],[-53.178,-25.814],[-53.195,-25.782],[-53.232,-25.824],[-53.25,-25.858],[-53.287,-25.86],[-53.315,-25.88],[-53.353,-25.873],[-53.347,-25.927],[-53.345,-25.947],[-53.341,-25.963],[-53.257,-25.977],[-53.231,-25.99]]]}},{"type":"Feature","properties":{"code":"4117057"},"geometry":{"type":"Polygon","coordinates":[[[-52.762,-25.456],[-52.741,-25.457],[-52.7,-25.481],[-52.689,-25.46],[-52.638,-25.443],[-52.617,-25.465],[-52.588,-25.43],[-52.566,-25.431],[-52.524,-25.38],[-52.511,-25.329],[-52.467,-25.325],[-52.411,-25.288],[-52.41,-25.253],[-52.446,-25.235],[-52.423,-25.21],[-52.417,-25.153],[-52.397,-25.128],[-52.406,-25.056],[-52.412,-25.019],[-52.456,-25.028],[-52.514,-25.025],[-52.518,-25.05],[-52.555,-25.035],[-52.568,-24.966],[-52.592,-24.965],[-52.62,-24.981],[-52.605,-25.012],[-52.615,-25.038],[-52.662,-25.072],[-52.663,-25.098],[-52.669,-25.145],[-52.691,-25.164],[-52.658,-25.188],[-52.661,-25.206],[-52.722,-25.212],[-52.779,-25.249],[-52.831,-25.252],[-52.84,-25.273],[-52.693,-25.274],[-52.664,-25.297],[-52.698,-25.326],[-52.715,-25.401],[-52.745,-25.416],[-52.762,-25.456]]]}},{"type":"Feature","properties":{"code":"4125209"},"geometry":{"type":"Polygon","coordinates":[[[-52.945,-25.782],[-52.867,-25.769],[-52.813,-25.742],[-52.849,-25.703],[-52.856,-25.659],[-52.84,-25.633],[-52.857,-25.603],[-52.88,-25.609],[-52.907,-25.564],[-52.955,-25.555],[-52.986,-25.569],[-53.001,-25.535],[-53.069,-25.567],[-53.064,-25.616],[-53.002,-25.643],[-52.98,-25.695],[-52.952,-25.713],[-52.953,-25.738],[-52.982,-25.75],[-52.979,-25.782],[-52.945,-25.782]]]}},{"type":"Feature","properties":{"code":"4117008"},"geometry":{"type":"Polygon","coordinates":[[[-50.638,-23.419],[-50.63,-23.455],[-50.6,-23.494],[-50.566,-23.483],[-50.428,-23.483],[-50.412,-23.464],[-50.451,-23.427],[-50.449,-23.375],[-50.483,-23.326],[-50.534,-23.37],[-50.58,-23.366],[-50.59,-23.347],[-50.641,-23.345],[-50.657,-23.364],[-50.638,-23.419]]]}},{"type":"Feature","properties":{"code":"4108809"},"geometry":{"type":"Polygon","coordinates":[[[-54.172,-24.378],[-54.175,-24.341],[-54.148,-24.317],[-54.142,-24.292],[-54.177,-24.278],[-54.163,-24.243],[-54.167,-24.059],[-54.098,-24.025],[-54.169,-23.999],[-54.249,-24.056],[-54.286,-24.068],[-54.334,-24.116],[-54.346,-24.157],[-54.328,-24.196],[-54.323,-24.252],[-54.277,-24.291],[-54.258,-24.355],[-54.262,-24.375],[-54.236,-24.387],[-54.172,-24.378]]]}},{"type":"Feature","properties":{"code":"4125001"},"geometry":{"type":"Polygon","coordinates":[[[-51.918,-24.103],[-51.849,-24.072],[-51.684,-23.976],[-51.731,-23.939],[-51.758,-23.938],[-51.796,-23.92],[-51.841,-23.933],[-51.879,-23.924],[-51.893,-23.901],[-51.927,-23.926],[-51.94,-23.908],[-51.968,-23.95],[-51.946,-23.974],[-51.946,-24.042],[-51.918,-24.103]]]}},{"type":"Feature","properties":{"code":"4108650"},"geometry":{"type":"Polygon","coordinates":[[[-52.003,-25.31],[-51.953,-25.314],[-51.883,-25.289],[-51.866,-25.273],[-51.873,-25.222],[-51.887,-25.174],[-51.873,-25.104],[-51.895,-25.016],[-51.909,-25.027],[-51.947,-25.006],[-51.978,-25.021],[-52.027,-24.989],[-52.078,-24.997],[-52.106,-24.965],[-52.15,-24.968],[-52.188,-24.982],[-52.147,-25.043],[-52.118,-25.057],[-52.111,-25.101],[-52.087,-25.101],[-52.085,-25.136],[-52.073,-25.16],[-52.076,-25.21],[-52.057,-25.242],[-52.025,-25.246],[-51.996,-25.294],[-52.003,-25.31]]]}},{"type":"Feature","properties":{"code":"4100459"},"geometry":{"type":"Polygon","coordinates":[[[-52.747,-24.875],[-52.703,-24.877],[-52.662,-24.894],[-52.656,-24.929],[-52.637,-24.908],[-52.602,-24.896],[-52.602,-24.879],[-52.537,-24.84],[-52.541,-24.77],[-52.567,-24.761],[-52.667,-24.774],[-52.704,-24.747],[-52.764,-24.747],[-52.839,-24.731],[-52.86,-24.759],[-52.85,-24.793],[-52.768,-24.865],[-52.747,-24.875]]]}},{"type":"Feature","properties":{"code":"4125100"},"geometry":{"type":"Polygon","coordinates":[[[-50.231,-25.825],[-50.19,-25.765],[-50.163,-25.759],[-50.136,-25.696],[-50.131,-25.66],[-50.095,-25.635],[-50.157,-25.603],[-50.163,-25.588],[-50.247,-25.576],[-50.266,-25.549],[-50.324,-25.544],[-50.358,-25.528],[-50.424,-25.592],[-50.425,-25.632],[-50.475,-25.655],[-50.456,-25.683],[-50.481,-25.705],[-50.49,-25.735],[-50.416,-25.72],[-50.398,-25.75],[-50.361,-25.729],[-50.31,-25.76],[-50.294,-25.791],[-50.269,-25.805],[-50.264,-25.84],[-50.231,-25.825]]]}},{"type":"Feature","properties":{"code":"4116901"},"geometry":{"type":"Polygon","coordinates":[[[-52.421,-23.25],[-52.4,-23.28],[-52.346,-23.299],[-52.304,-23.291],[-52.244,-23.268],[-52.219,-23.248],[-52.188,-23.262],[-52.144,-23.212],[-52.108,-23.19],[-52.149,-23.105],[-52.186,-23.107],[-52.182,-23.043],[-52.248,-23.026],[-52.252,-23.062],[-52.233,-23.14],[-52.255,-23.168],[-52.304,-23.192],[-52.383,-23.199],[-52.42,-23.234],[-52.421,-23.25]]]}},{"type":"Feature","properties":{"code":"4108700"},"geometry":{"type":"Polygon","coordinates":[[[-51.486,-24.301],[-51.442,-24.255],[-51.417,-24.276],[-51.335,-24.251],[-51.35,-24.228],[-51.334,-24.159],[-51.373,-24.143],[-51.448,-24.139],[-51.453,-24.12],[-51.465,-24.096],[-51.499,-24.102],[-51.55,-24.094],[-51.58,-24.126],[-51.549,-24.128],[-51.559,-24.157],[-51.496,-24.242],[-51.501,-24.261],[-51.486,-24.301]]]}},{"type":"Feature","properties":{"code":"4124400"},"geometry":{"type":"Polygon","coordinates":[[[-53.739,-26.041],[-53.727,-26.065],[-53.741,-26.118],[-53.71,-26.131],[-53.672,-26.176],[-53.645,-26.172],[-53.585,-26.126],[-53.568,-26.097],[-53.536,-26.093],[-53.52,-26.054],[-53.537,-26.045],[-53.546,-25.993],[-53.539,-25.971],[-53.566,-25.957],[-53.591,-25.978],[-53.65,-25.986],[-53.739,-26.041]]]}},{"type":"Feature","properties":{"code":"4100509"},"geometry":{"type":"Polygon","coordinates":[[[-54.169,-23.999],[-54.098,-24.025],[-54.056,-24.037],[-54.017,-24.015],[-53.998,-23.986],[-53.966,-24.002],[-53.952,-24.0],[-53.923,-23.959],[-53.885,-23.942],[-53.86,-23.949],[-53.739,-23.951],[-53.751,-23.892],[-53.79,-23.827],[-53.769,-23.818],[-53.835,-23.811],[-53.91,-23.791],[-53.935,-23.812],[-53.961,-23.803],[-54.004,-23.814],[-54.083,-23.802],[-54.084,-23.865],[-54.081,-23.891],[-54.102,-23.952],[-54.14,-23.988],[-54.169,-23.999]]]}},{"type":"Feature","properties":{"code":"4116208"},"geometry":{"type":"Polygon","coordinates":[[[-48.97,-25.523],[-48.972,-25.546],[-48.954,-25.638],[-48.973,-25.727],[-48.924,-25.7],[-48.904,-25.668],[-48.872,-25.658],[-48.847,-25.61],[-48.79,-25.623],[-48.76,-25.597],[-48.688,-25.627],[-48.704,-25.568],[-48.681,-25.533],[-48.684,-25.503],[-48.72,-25.484],[-48.797,-25.471],[-48.83,-25.419],[-48.829,-25.377],[-48.85,-25.366],[-48.845,-25.31],[-48.887,-25.291],[-48.905,-25.302],[-48.906,-25.333],[-48.899,-25.345],[-48.968,-25.428],[-48.964,-25.444],[-48.944,-25.477],[-48.964,-25.492],[-48.97,-25.523]]]}},{"type":"Feature","properties":{"code":"4108007"},"geometry":{"type":"Polygon","coordinates":[[[-51.456,-22.978],[-51.416,-22.991],[-51.403,-22.977],[-51.344,-22.962],[-51.324,-22.953],[-51.316,-22.916],[-51.342,-22.892],[-51.335,-22.836],[-51.318,-22.83],[-51.362,-22.807],[-51.379,-22.829],[-51.408,-22.819],[-51.447,-22.828],[-51.456,-22.8],[-51.484,-22.798],[-51.476,-22.833],[-51.481,-22.917],[-51.437,-22.917],[-51.456,-22.978]]]}},{"type":"Feature","properties":{"code":"4107900"},"geometry":{"type":"Polygon","coordinates":[[[-52.116,-23.673],[-52.062,-23.651],[-52.0,-23.556],[-52.1,-23.52],[-52.109,-23.529],[-52.092,-23.556],[-52.155,-23.625],[-52.188,-23.645],[-52.161,-23.648],[-52.157,-23.681],[-52.116,-23.673]]]}},{"type":"Feature","properties":{"code":"4116059"},"geometry":{"type":"Polygon","coordinates":[[[-54.202,-25.194],[-54.162,-25.19],[-54.099,-25.166],[-54.098,-25.11],[-54.194,-25.114],[-54.169,-25.028],[-54.166,-25.016],[-54.31,-25.02],[-54.412,-25.037],[-54.396,-25.064],[-54.327,-25.12],[-54.289,-25.118],[-54.216,-25.172],[-54.202,-25.194]]]}},{"type":"Feature","properties":{"code":"4107850"},"geometry":{"type":"Polygon","coordinates":[[[-53.168,-26.349],[-53.19,-26.265],[-53.165,-26.18],[-53.26,-26.192],[-53.298,-26.188],[-53.333,-26.209],[-53.383,-26.213],[-53.41,-26.191],[-53.462,-26.165],[-53.474,-26.198],[-53.439,-26.218],[-53.455,-26.246],[-53.431,-26.282],[-53.376,-26.242],[-53.342,-26.249],[-53.304,-26.258],[-53.284,-26.246],[-53.264,-26.289],[-53.168,-26.349]]]}},{"type":"Feature","properties":{"code":"4124301"},"geometry":{"type":"Polygon","coordinates":[[[-50.685,-23.552],[-50.685,-23.584],[-50.664,-23.591],[-50.652,-23.63],[-50.639,-23.643],[-50.63,-23.687],[-50.581,-23.712],[-50.563,-23.695],[-50.582,-23.639],[-50.625,-23.615],[-50.605,-23.592],[-50.609,-23.528],[-50.6,-23.494],[-50.63,-23.455],[-50.646,-23.489],[-50.688,-23.512],[-50.685,-23.552]]]}},{"type":"Feature","properties":{"code":"4116109"},"geometry":{"type":"Polygon","coordinates":[[[-53.132,-24.103],[-53.074,-24.093],[-53.039,-24.062],[-52.855,-24.117],[-52.886,-24.043],[-52.873,-23.992],[-52.923,-23.988],[-52.964,-23.965],[-52.986,-23.976],[-53.003,-23.953],[-53.052,-23.937],[-53.111,-23.929],[-53.132,-24.103]]]}},{"type":"Feature","properties":{"code":"4124707"},"geometry":{"type":"Polygon","coordinates":[[[-50.581,-23.712],[-50.63,-23.687],[-50.639,-23.643],[-50.652,-23.63],[-50.657,-23.623],[-50.751,-23.607],[-50.819,-23.611],[-50.858,-23.584],[-50.883,-23.544],[-50.905,-23.553],[-50.924,-23.522],[-50.948,-23.52],[-50.953,-23.541],[-50.93,-23.565],[-50.933,-23.608],[-50.92,-23.665],[-50.886,-23.675],[-50.876,-23.695],[-50.915,-23.714],[-50.894,-23.744],[-50.876,-23.767],[-50.899,-23.796],[-50.896,-23.84],[-50.857,-23.868],[-50.844,-23.894],[-50.804,-23.877],[-50.752,-23.853],[-50.736,-23.825],[-50.68,-23.815],[-50.644,-23.821],[-50.626,-23.8],[-50.6,-23.744],[-50.559,-23.748],[-50.581,-23.712]]]}},{"type":"Feature","properties":{"code":"4116505"},"geometry":{"type":"Polygon","coordinates":[[[-52.701,-23.211],[-52.649,-23.215],[-52.612,-23.231],[-52.547,-23.179],[-52.547,-23.131],[-52.602,-23.109],[-52.65,-23.117],[-52.65,-23.162],[-52.701,-23.211]]]}},{"type":"Feature","properties":{"code":"4108320"},"geometry":{"type":"Polygon","coordinates":[[[-53.766,-24.16],[-53.794,-24.05],[-53.788,-24.012],[-53.833,-24.008],[-53.877,-24.026],[-53.968,-24.024],[-53.99,-24.065],[-53.989,-24.127],[-53.959,-24.12],[-53.91,-24.138],[-53.925,-24.158],[-53.901,-24.179],[-53.859,-24.191],[-53.836,-24.168],[-53.766,-24.16]]]}},{"type":"Feature","properties":{"code":"4108304"},"geometry":{"type":"Polygon","coordinates":[[[-54.327,-25.533],[-54.486,-25.552],[-54.486,-25.403],[-54.505,-25.403],[-54.502,-25.357],[-54.467,-25.325],[-54.399,-25.377],[-54.388,-25.313],[-54.392,-25.236],[-54.461,-25.227],[-54.474,-25.212],[-54.491,-25.278],[-54.525,-25.331],[-54.586,-25.397],[-54.603,-25.438],[-54.619,-25.451],[-54.604,-25.483],[-54.593,-25.592],[-54.553,-25.588],[-54.536,-25.621],[-54.502,-25.614],[-54.425,-25.659],[-54.397,-25.64],[-54.389,-25.6],[-54.346,-25.605],[-54.329,-25.572],[-54.296,-25.558],[-54.327,-25.533]]]}},{"type":"Feature","properties":{"code":"4124509"},"geometry":{"type":"Polygon","coordinates":[[[-51.801,-22.831],[-51.759,-22.831],[-51.77,-22.778],[-51.76,-22.739],[-51.725,-22.701],[-51.718,-22.669],[-51.733,-22.629],[-51.772,-22.614],[-51.857,-22.632],[-51.865,-22.687],[-51.866,-22.829],[-51.84,-22.83],[-51.801,-22.831]]]}},{"type":"Feature","properties":{"code":"4100103"},"geometry":{"type":"Polygon","coordinates":[[[-50.234,-23.357],[-50.194,-23.286],[-50.202,-23.248],[-50.225,-23.224],[-50.251,-23.246],[-50.304,-23.259],[-50.346,-23.297],[-50.383,-23.279],[-50.465,-23.287],[-50.467,-23.26],[-50.48,-23.266],[-50.457,-23.31],[-50.414,-23.324],[-50.405,-23.34],[-50.365,-23.356],[-50.314,-23.355],[-50.299,-23.371],[-50.259,-23.355],[-50.234,-23.357]]]}},{"type":"Feature","properties":{"code":"4116307"},"geometry":{"type":"Polygon","coordinates":[[[-51.795,-23.175],[-51.779,-23.209],[-51.733,-23.224],[-51.724,-23.17],[-51.694,-23.157],[-51.68,-23.13],[-51.672,-23.087],[-51.749,-23.039],[-51.759,-23.066],[-51.764,-23.123],[-51.788,-23.147],[-51.795,-23.175]]]}},{"type":"Feature","properties":{"code":"4124608"},"geometry":{"type":"Polygon","coordinates":[[[-52.421,-23.413],[-52.421,-23.266],[-52.547,-23.268],[-52.563,-23.273],[-52.557,-23.319],[-52.574,-23.332],[-52.54,-23.367],[-52.525,-23.366],[-52.475,-23.407],[-52.465,-23.455],[-52.422,-23.47],[-52.421,-23.413]]]}},{"type":"Feature","properties":{"code":"4108106"},"geometry":{"type":"Polygon","coordinates":[[[-51.914,-23.137],[-51.915,-23.049],[-51.988,-23.081],[-52.012,-23.077],[-52.013,-23.098],[-51.99,-23.121],[-51.973,-23.156],[-51.962,-23.162],[-51.914,-23.137]]]}},{"type":"Feature","properties":{"code":"4116406"},"geometry":{"type":"Polygon","coordinates":[[[-51.795,-23.006],[-51.761,-22.969],[-51.758,-22.951],[-51.719,-22.93],[-51.727,-22.888],[-51.762,-22.851],[-51.801,-22.831],[-51.84,-22.83],[-51.844,-22.89],[-51.873,-22.957],[-51.795,-23.006]]]}},{"type":"Feature","properties":{"code":"4108205"},"geometry":{"type":"Polygon","coordinates":[[[-53.318,-24.429],[-53.249,-24.419],[-53.275,-24.338],[-53.29,-24.306],[-53.278,-24.254],[-53.257,-24.233],[-53.264,-24.218],[-53.24,-24.166],[-53.305,-24.198],[-53.321,-24.198],[-53.336,-24.228],[-53.362,-24.252],[-53.437,-24.238],[-53.468,-24.221],[-53.459,-24.239],[-53.461,-24.285],[-53.429,-24.304],[-53.374,-24.292],[-53.345,-24.365],[-53.318,-24.429]]]}},{"type":"Feature","properties":{"code":"4123907"},"geometry":{"type":"Polygon","coordinates":[[[-50.621,-23.014],[-50.606,-23.056],[-50.627,-23.087],[-50.593,-23.139],[-50.539,-23.2],[-50.51,-23.207],[-50.465,-23.194],[-50.454,-23.145],[-50.448,-23.031],[-50.499,-22.977],[-50.528,-22.961],[-50.527,-22.935],[-50.53,-22.919],[-50.577,-22.904],[-50.604,-22.923],[-50.637,-22.907],[-50.631,-22.939],[-50.61,-22.973],[-50.621,-23.014]]]}},{"type":"Feature","properties":{"code":"4115705"},"geometry":{"type":"Polygon","coordinates":[[[-48.55,-25.852],[-48.477,-25.714],[-48.519,-25.697],[-48.559,-25.724],[-48.591,-25.734],[-48.635,-25.704],[-48.632,-25.759],[-48.599,-25.769],[-48.55,-25.852]]]}},{"type":"Feature","properties":{"code":"4107520"},"geometry":{"type":"Polygon","coordinates":[[[-53.775,-23.786],[-53.752,-23.782],[-53.724,-23.71],[-53.748,-23.672],[-53.856,-23.661],[-53.88,-23.664],[-53.873,-23.696],[-53.844,-23.747],[-53.811,-23.75],[-53.775,-23.786]]]}},{"type":"Feature","properties":{"code":"4123857"},"geometry":{"type":"Polygon","coordinates":[[[-51.774,-25.023],[-51.767,-25.035],[-51.687,-25.053],[-51.658,-25.013],[-51.711,-25.011],[-51.752,-24.984],[-51.737,-24.946],[-51.732,-24.889],[-51.761,-24.872],[-51.78,-24.878],[-51.819,-24.85],[-51.875,-24.839],[-51.917,-24.796],[-51.929,-24.753],[-51.992,-24.779],[-52.031,-24.763],[-52.052,-24.788],[-52.079,-24.773],[-52.107,-24.784],[-52.094,-24.812],[-52.057,-24.83],[-52.037,-24.886],[-52.098,-24.887],[-52.144,-24.925],[-52.15,-24.968],[-52.106,-24.965],[-52.078,-24.997],[-52.027,-24.989],[-51.978,-25.021],[-51.947,-25.006],[-51.909,-25.027],[-51.895,-25.016],[-51.834,-24.997],[-51.807,-25.019],[-51.774,-25.023]]]}},{"type":"Feature","properties":{"code":"4107504"},"geometry":{"type":"Polygon","coordinates":[[[-52.265,-23.889],[-52.253,-23.856],[-52.187,-23.799],[-52.169,-23.761],[-52.111,-23.706],[-52.116,-23.673],[-52.157,-23.681],[-52.161,-23.648],[-52.188,-23.645],[-52.208,-23.655],[-52.243,-23.635],[-52.264,-23.643],[-52.286,-23.678],[-52.446,-23.808],[-52.397,-23.854],[-52.352,-23.843],[-52.265,-23.889]]]}},{"type":"Feature","properties":{"code":"4123956"},"geometry":{"type":"Polygon","coordinates":[[[-53.027,-23.195],[-53.033,-23.105],[-53.13,-23.043],[-53.158,-23.103],[-53.186,-23.132],[-53.184,-23.154],[-53.204,-23.195],[-53.208,-23.211],[-53.129,-23.221],[-53.13,-23.241],[-53.093,-23.244],[-53.047,-23.231],[-53.055,-23.195],[-53.027,-23.195]]]}},{"type":"Feature","properties":{"code":"4115754"},"geometry":{"type":"Polygon","coordinates":[[[-51.1,-23.992],[-51.114,-23.956],[-51.081,-23.907],[-51.16,-23.93],[-51.184,-23.871],[-51.178,-23.84],[-51.213,-23.859],[-51.256,-23.846],[-51.275,-23.89],[-51.234,-23.916],[-51.201,-23.91],[-51.17,-23.931],[-51.172,-23.957],[-51.145,-23.981],[-51.1,-23.992]]]}},{"type":"Feature","properties":{"code":"4115739"},"geometry":{"type":"Polygon","coordinates":[[[-52.12,-24.779],[-52.086,-24.724],[-52.069,-24.717],[-52.084,-24.668],[-52.104,-24.647],[-52.095,-24.597],[-52.134,-24.625],[-52.208,-24.618],[-52.326,-24.681],[-52.37,-24.692],[-52.394,-24.717],[-52.377,-24.755],[-52.299,-24.731],[-52.284,-24.779],[-52.25,-24.777],[-52.22,-24.76],[-52.184,-24.768],[-52.168,-24.797],[-52.12,-24.779]]]}},{"type":"Feature","properties":{"code":"4107553"},"geometry":{"type":"Polygon","coordinates":[[[-52.544,-24.104],[-52.58,-24.079],[-52.643,-24.049],[-52.678,-24.054],[-52.701,-24.035],[-52.752,-24.024],[-52.767,-24.029],[-52.747,-24.082],[-52.702,-24.14],[-52.649,-24.209],[-52.584,-24.171],[-52.562,-24.186],[-52.559,-24.214],[-52.523,-24.224],[-52.506,-24.174],[-52.523,-24.126],[-52.544,-24.104]]]}},{"type":"Feature","properties":{"code":"4107546"},"geometry":{"type":"Polygon","coordinates":[[[-52.916,-25.279],[-52.903,-25.313],[-52.847,-25.348],[-52.842,-25.391],[-52.86,-25.408],[-52.859,-25.438],[-52.814,-25.445],[-52.788,-25.472],[-52.781,-25.496],[-52.76,-25.478],[-52.762,-25.456],[-52.745,-25.416],[-52.715,-25.401],[-52.698,-25.326],[-52.664,-25.297],[-52.693,-25.274],[-52.84,-25.273],[-52.877,-25.286],[-52.916,-25.279]]]}},{"type":"Feature","properties":{"code":"4107538"},"geometry":{"type":"Polygon","coordinates":[[[-54.333,-24.695],[-54.239,-24.732],[-54.237,-24.755],[-54.165,-24.756],[-54.096,-24.755],[-54.152,-24.725],[-54.179,-24.683],[-54.193,-24.691],[-54.327,-24.66],[-54.333,-24.695]]]}},{"type":"Feature","properties":{"code":"4123824"},"geometry":{"type":"Polygon","coordinates":[[[-53.515,-25.441],[-53.496,-25.408],[-53.511,-25.395],[-53.478,-25.343],[-53.48,-25.342],[-53.538,-25.333],[-53.627,-25.347],[-53.608,-25.419],[-53.595,-25.433],[-53.515,-25.441]]]}},{"type":"Feature","properties":{"code":"4123808"},"geometry":{"type":"Polygon","coordinates":[[[-53.504,-25.811],[-53.479,-25.864],[-53.422,-25.904],[-53.347,-25.927],[-53.353,-25.873],[-53.374,-25.829],[-53.376,-25.804],[-53.351,-25.782],[-53.389,-25.692],[-53.405,-25.653],[-53.436,-25.628],[-53.479,-25.641],[-53.477,-25.696],[-53.485,-25.727],[-53.468,-25.758],[-53.504,-25.811]]]}},{"type":"Feature","properties":{"code":"4115606"},"geometry":{"type":"Polygon","coordinates":[[[-53.993,-25.363],[-53.962,-25.382],[-53.949,-25.427],[-53.905,-25.485],[-53.898,-25.519],[-53.905,-25.573],[-53.916,-25.583],[-53.896,-25.595],[-53.809,-25.54],[-53.791,-25.508],[-53.808,-25.493],[-53.804,-25.428],[-53.816,-25.398],[-53.812,-25.365],[-53.791,-25.361],[-53.794,-25.319],[-53.904,-25.276],[-53.898,-25.243],[-53.905,-25.195],[-53.942,-25.178],[-53.945,-25.121],[-53.954,-25.103],[-53.966,-25.076],[-53.984,-25.078],[-53.981,-25.127],[-54.021,-25.176],[-54.012,-25.176],[-54.011,-25.317],[-53.993,-25.363]]]}},{"type":"Feature","properties":{"code":"4107405"},"geometry":{"type":"Polygon","coordinates":[[[-53.231,-25.99],[-53.122,-25.976],[-53.092,-25.949],[-53.072,-25.913],[-53.08,-25.877],[-53.12,-25.867],[-53.147,-25.821],[-53.152,-25.774],[-53.195,-25.782],[-53.178,-25.814],[-53.179,-25.884],[-53.211,-25.915],[-53.215,-25.942],[-53.239,-25.952],[-53.231,-25.99]]]}},{"type":"Feature","properties":{"code":"4124103"},"geometry":{"type":"Polygon","coordinates":[[[-50.004,-23.445],[-49.949,-23.432],[-49.925,-23.391],[-49.936,-23.373],[-49.933,-23.306],[-49.956,-23.251],[-49.988,-23.228],[-50.037,-23.206],[-50.039,-23.19],[-50.114,-23.177],[-50.134,-23.145],[-50.167,-23.135],[-50.241,-23.136],[-50.215,-23.164],[-50.209,-23.188],[-50.225,-23.224],[-50.202,-23.248],[-50.194,-23.286],[-50.234,-23.357],[-50.216,-23.379],[-50.171,-23.398],[-50.142,-23.403],[-50.106,-23.393],[-50.046,-23.413],[-50.004,-23.445]]]}},{"type":"Feature","properties":{"code":"4107751"},"geometry":{"type":"Polygon","coordinates":[[[-50.483,-23.951],[-50.426,-23.958],[-50.398,-23.921],[-50.403,-23.9],[-50.384,-23.859],[-50.4,-23.819],[-50.392,-23.789],[-50.416,-23.762],[-50.45,-23.756],[-50.419,-23.784],[-50.432,-23.844],[-50.469,-23.855],[-50.479,-23.88],[-50.483,-23.951]]]}},{"type":"Feature","properties":{"code":"4107736"},"geometry":{"type":"Polygon","coordinates":[[[-50.475,-25.655],[-50.425,-25.632],[-50.424,-25.592],[-50.358,-25.528],[-50.359,-25.528],[-50.408,-25.525],[-50.431,-25.5],[-50.433,-25.467],[-50.529,-25.466],[-50.526,-25.412],[-50.552,-25.398],[-50.547,-25.335],[-50.563,-25.309],[-50.599,-25.369],[-50.601,-25.411],[-50.58,-25.452],[-50.623,-25.584],[-50.585,-25.574],[-50.547,-25.578],[-50.525,-25.595],[-50.5,-25.647],[-50.475,-25.655]]]}},{"type":"Feature","properties":{"code":"4124202"},"geometry":{"type":"Polygon","coordinates":[[[-52.423,-22.763],[-52.397,-22.774],[-52.319,-22.777],[-52.275,-22.73],[-52.292,-22.649],[-52.29,-22.628],[-52.3,-22.635],[-52.38,-22.627],[-52.423,-22.61],[-52.423,-22.763]]]}},{"type":"Feature","properties":{"code":"4116000"},"geometry":{"type":"Polygon","coordinates":[[[-51.532,-22.93],[-51.492,-23.067],[-51.471,-23.049],[-51.456,-22.978],[-51.437,-22.917],[-51.481,-22.917],[-51.532,-22.93]]]}},{"type":"Feature","properties":{"code":"4107801"},"geometry":{"type":"Polygon","coordinates":[[[-52.421,-23.413],[-52.358,-23.405],[-52.312,-23.379],[-52.3,-23.344],[-52.274,-23.322],[-52.239,-23.314],[-52.219,-23.289],[-52.244,-23.268],[-52.304,-23.291],[-52.346,-23.299],[-52.4,-23.28],[-52.421,-23.25],[-52.421,-23.266],[-52.421,-23.413]]]}},{"type":"Feature","properties":{"code":"4124020"},"geometry":{"type":"Polygon","coordinates":[[[-53.533,-25.171],[-53.529,-25.141],[-53.542,-25.102],[-53.509,-25.06],[-53.549,-25.036],[-53.57,-24.986],[-53.551,-24.948],[-53.595,-24.926],[-53.626,-24.872],[-53.636,-24.882],[-53.637,-24.934],[-53.684,-24.94],[-53.674,-24.958],[-53.733,-25.0],[-53.698,-25.002],[-53.667,-25.018],[-53.632,-25.054],[-53.624,-25.08],[-53.655,-25.147],[-53.59,-25.169],[-53.533,-25.171]]]}},{"type":"Feature","properties":{"code":"4124004"},"geometry":{"type":"Polygon","coordinates":[[[-49.608,-23.839],[-49.573,-23.827],[-49.56,-23.794],[-49.567,-23.737],[-49.549,-23.704],[-49.575,-23.676],[-49.602,-23.652],[-49.651,-23.689],[-49.738,-23.714],[-49.763,-23.737],[-49.738,-23.748],[-49.698,-23.742],[-49.678,-23.826],[-49.608,-23.839]]]}},{"type":"Feature","properties":{"code":"4107652"},"geometry":{"type":"Polygon","coordinates":[[[-49.245,-25.754],[-49.26,-25.662],[-49.26,-25.616],[-49.274,-25.612],[-49.304,-25.616],[-49.36,-25.643],[-49.355,-25.674],[-49.335,-25.711],[-49.303,-25.734],[-49.265,-25.736],[-49.245,-25.754]]]}},{"type":"Feature","properties":{"code":"4115804"},"geometry":{"type":"Polygon","coordinates":[[[-54.114,-25.361],[-54.083,-25.36],[-54.041,-25.336],[-54.014,-25.362],[-53.993,-25.363],[-54.011,-25.317],[-54.012,-25.176],[-54.021,-25.176],[-54.099,-25.176],[-54.099,-25.166],[-54.162,-25.19],[-54.202,-25.194],[-54.193,-25.215],[-54.179,-25.232],[-54.171,-25.334],[-54.149,-25.331],[-54.114,-25.361]]]}},{"type":"Feature","properties":{"code":"4107603"},"geometry":{"type":"Polygon","coordinates":[[[-51.373,-24.143],[-51.318,-24.131],[-51.233,-24.086],[-51.209,-24.107],[-51.18,-24.099],[-51.134,-24.069],[-51.115,-24.084],[-51.086,-24.072],[-51.082,-24.044],[-51.1,-23.992],[-51.145,-23.981],[-51.172,-23.957],[-51.17,-23.931],[-51.201,-23.91],[-51.234,-23.916],[-51.275,-23.89],[-51.294,-23.899],[-51.334,-23.865],[-51.365,-23.858],[-51.423,-23.863],[-51.458,-23.88],[-51.459,-23.883],[-51.436,-23.893],[-51.425,-23.932],[-51.398,-23.953],[-51.384,-23.984],[-51.415,-24.021],[-51.381,-24.059],[-51.421,-24.111],[-51.453,-24.12],[-51.448,-24.139],[-51.373,-24.143]]]}},{"type":"Feature","properties":{"code":"4115903"},"geometry":{"type":"Polygon","coordinates":[[[-52.65,-23.117],[-52.686,-23.119],[-52.75,-23.108],[-52.773,-23.18],[-52.819,-23.222],[-52.85,-23.23],[-52.863,-23.268],[-52.846,-23.278],[-52.786,-23.27],[-52.764,-23.296],[-52.715,-23.276],[-52.72,-23.224],[-52.701,-23.211],[-52.65,-23.162],[-52.65,-23.117]]]}},{"type":"Feature","properties":{"code":"4124053"},"geometry":{"type":"Polygon","coordinates":[[[-54.399,-25.377],[-54.467,-25.325],[-54.502,-25.357],[-54.505,-25.403],[-54.486,-25.403],[-54.486,-25.552],[-54.327,-25.533],[-54.344,-25.5],[-54.364,-25.489],[-54.343,-25.454],[-54.387,-25.422],[-54.399,-25.377]]]}},{"type":"Feature","properties":{"code":"4107702"},"geometry":{"type":"Polygon","coordinates":[[[-52.118,-23.956],[-52.09,-23.935],[-52.073,-23.993],[-52.001,-23.968],[-51.968,-23.95],[-51.94,-23.908],[-51.959,-23.857],[-52.005,-23.823],[-51.996,-23.791],[-52.043,-23.812],[-52.049,-23.832],[-52.093,-23.874],[-52.146,-23.942],[-52.118,-23.956]]]}},{"type":"Feature","properties":{"code":"4115853"},"geometry":{"type":"Polygon","coordinates":[[[-54.296,-24.428],[-54.233,-24.468],[-54.207,-24.497],[-54.16,-24.496],[-54.098,-24.476],[-54.098,-24.419],[-54.121,-24.39],[-54.172,-24.378],[-54.236,-24.387],[-54.262,-24.375],[-54.296,-24.428]]]}},{"type":"Feature","properties":{"code":"4115200"},"geometry":{"type":"Polygon","coordinates":[[[-52.0,-23.556],[-51.981,-23.516],[-51.949,-23.485],[-51.912,-23.477],[-51.884,-23.422],[-51.843,-23.393],[-51.846,-23.328],[-51.842,-23.311],[-51.869,-23.288],[-51.892,-23.305],[-51.924,-23.287],[-51.939,-23.264],[-51.966,-23.254],[-51.978,-23.297],[-52.05,-23.339],[-52.095,-23.4],[-52.049,-23.422],[-52.046,-23.439],[-52.01,-23.457],[-52.07,-23.484],[-52.1,-23.52],[-52.1,-23.52],[-52.0,-23.556]]]}},{"type":"Feature","properties":{"code":"4107009"},"geometry":{"type":"Polygon","coordinates":[[[-50.331,-24.123],[-50.344,-24.067],[-50.336,-24.025],[-50.31,-24.022],[-50.289,-23.988],[-50.29,-23.959],[-50.322,-23.944],[-50.356,-23.878],[-50.384,-23.859],[-50.403,-23.9],[-50.398,-23.921],[-50.426,-23.958],[-50.483,-23.951],[-50.534,-23.933],[-50.547,-23.961],[-50.578,-23.968],[-50.59,-23.99],[-50.649,-23.989],[-50.689,-24.003],[-50.703,-24.025],[-50.693,-24.037],[-50.661,-24.072],[-50.621,-24.078],[-50.598,-24.068],[-50.539,-24.068],[-50.482,-24.104],[-50.383,-24.105],[-50.331,-24.123]]]}},{"type":"Feature","properties":{"code":"4123402"},"geometry":{"type":"Polygon","coordinates":[[[-51.866,-23.133],[-51.795,-23.175],[-51.788,-23.147],[-51.764,-23.123],[-51.759,-23.066],[-51.749,-23.039],[-51.75,-23.028],[-51.795,-23.006],[-51.873,-22.957],[-51.906,-22.95],[-51.893,-23.008],[-51.915,-23.049],[-51.914,-23.137],[-51.866,-23.133]]]}},{"type":"Feature","properties":{"code":"4106852"},"geometry":{"type":"Polygon","coordinates":[[[-51.453,-24.12],[-51.421,-24.111],[-51.381,-24.059],[-51.415,-24.021],[-51.384,-23.984],[-51.398,-23.953],[-51.425,-23.932],[-51.436,-23.893],[-51.459,-23.883],[-51.479,-23.937],[-51.522,-23.967],[-51.528,-23.995],[-51.563,-24.031],[-51.619,-24.026],[-51.55,-24.094],[-51.499,-24.102],[-51.465,-24.096],[-51.453,-24.12]]]}},{"type":"Feature","properties":{"code":"4123303"},"geometry":{"type":"Polygon","coordinates":[[[-53.515,-23.198],[-53.477,-23.228],[-53.414,-23.191],[-53.378,-23.241],[-53.348,-23.233],[-53.35,-23.207],[-53.321,-23.106],[-53.306,-23.078],[-53.26,-23.041],[-53.249,-22.994],[-53.23,-22.973],[-53.285,-22.935],[-53.318,-22.912],[-53.366,-22.974],[-53.455,-23.105],[-53.47,-23.179],[-53.515,-23.198]]]}},{"type":"Feature","properties":{"code":"4115101"},"geometry":{"type":"Polygon","coordinates":[[[-53.321,-24.091],[-53.326,-24.13],[-53.312,-24.171],[-53.321,-24.198],[-53.305,-24.198],[-53.24,-24.166],[-53.204,-24.137],[-53.138,-24.153],[-53.132,-24.103],[-53.111,-23.929],[-53.164,-23.912],[-53.207,-23.92],[-53.238,-23.96],[-53.293,-24.036],[-53.294,-24.057],[-53.321,-24.091]]]}},{"type":"Feature","properties":{"code":"4106902"},"geometry":{"type":"Polygon","coordinates":[[[-49.374,-25.513],[-49.338,-25.515],[-49.343,-25.58],[-49.357,-25.608],[-49.36,-25.643],[-49.304,-25.616],[-49.274,-25.612],[-49.254,-25.59],[-49.185,-25.472],[-49.203,-25.436],[-49.194,-25.39],[-49.23,-25.35],[-49.28,-25.351],[-49.31,-25.384],[-49.342,-25.347],[-49.347,-25.375],[-49.383,-25.418],[-49.383,-25.486],[-49.374,-25.513]]]}},{"type":"Feature","properties":{"code":"4115457"},"geometry":{"type":"Polygon","coordinates":[[[-52.219,-25.256],[-52.257,-25.221],[-52.238,-25.209],[-52.245,-25.153],[-52.155,-25.151],[-52.13,-25.134],[-52.113,-25.152],[-52.085,-25.136],[-52.087,-25.101],[-52.111,-25.101],[-52.118,-25.057],[-52.147,-25.043],[-52.188,-24.982],[-52.24,-24.991],[-52.247,-25.014],[-52.296,-24.992],[-52.305,-25.016],[-52.331,-25.025],[-52.353,-25.067],[-52.379,-25.071],[-52.406,-25.056],[-52.397,-25.128],[-52.323,-25.195],[-52.303,-25.198],[-52.3,-25.241],[-52.259,-25.256],[-52.219,-25.256]]]}},{"type":"Feature","properties":{"code":"4107256"},"geometry":{"type":"Polygon","coordinates":[[[-53.216,-23.454],[-53.234,-23.393],[-53.219,-23.371],[-53.23,-23.333],[-53.195,-23.286],[-53.202,-23.242],[-53.253,-23.231],[-53.298,-23.199],[-53.318,-23.2],[-53.348,-23.233],[-53.378,-23.241],[-53.364,-23.261],[-53.373,-23.324],[-53.362,-23.355],[-53.339,-23.377],[-53.332,-23.404],[-53.363,-23.449],[-53.352,-23.485],[-53.309,-23.503],[-53.274,-23.495],[-53.216,-23.454]]]}},{"type":"Feature","properties":{"code":"4123600"},"geometry":{"type":"Polygon","coordinates":[[[-51.866,-22.829],[-51.865,-22.687],[-51.857,-22.632],[-51.89,-22.613],[-51.906,-22.598],[-51.937,-22.63],[-51.949,-22.657],[-51.919,-22.685],[-51.928,-22.716],[-51.92,-22.743],[-51.92,-22.804],[-51.906,-22.836],[-51.866,-22.829]]]}},{"type":"Feature","properties":{"code":"4115408"},"geometry":{"type":"Polygon","coordinates":[[[-53.16,-26.351],[-53.093,-26.392],[-53.028,-26.37],[-53.022,-26.319],[-53.064,-26.277],[-53.068,-26.236],[-53.023,-26.206],[-52.985,-26.16],[-52.993,-26.099],[-53.006,-26.116],[-53.104,-26.119],[-53.137,-26.168],[-53.165,-26.18],[-53.19,-26.265],[-53.168,-26.349],[-53.16,-26.351]]]}},{"type":"Feature","properties":{"code":"4123709"},"geometry":{"type":"Polygon","coordinates":[[[-53.204,-23.195],[-53.184,-23.154],[-53.186,-23.132],[-53.158,-23.103],[-53.13,-23.043],[-53.23,-22.973],[-53.249,-22.994],[-53.26,-23.041],[-53.306,-23.078],[-53.321,-23.106],[-53.35,-23.207],[-53.348,-23.233],[-53.318,-23.2],[-53.298,-23.199],[-53.253,-23.231],[-53.202,-23.242],[-53.225,-23.209],[-53.204,-23.195]]]}},{"type":"Feature","properties":{"code":"4107207"},"geometry":{"type":"Polygon","coordinates":[[[-53.08,-25.877],[-53.026,-25.858],[-52.99,-25.814],[-52.979,-25.782],[-52.982,-25.75],[-52.953,-25.738],[-52.952,-25.713],[-52.98,-25.695],[-53.002,-25.643],[-53.064,-25.616],[-53.069,-25.649],[-53.12,-25.684],[-53.169,-25.655],[-53.159,-25.67],[-53.205,-25.704],[-53.26,-25.699],[-53.227,-25.722],[-53.172,-25.74],[-53.152,-25.774],[-53.147,-25.821],[-53.12,-25.867],[-53.08,-25.877]]]}},{"type":"Feature","properties":{"code":"4115507"},"geometry":{"type":"Polygon","coordinates":[[[-51.766,-23.839],[-51.71,-23.811],[-51.696,-23.783],[-51.675,-23.791],[-51.63,-23.779],[-51.62,-23.805],[-51.59,-23.835],[-51.581,-23.797],[-51.565,-23.791],[-51.575,-23.741],[-51.593,-23.706],[-51.61,-23.688],[-51.634,-23.667],[-51.695,-23.704],[-51.751,-23.753],[-51.766,-23.794],[-51.766,-23.839]]]}},{"type":"Feature","properties":{"code":"4107306"},"geometry":{"type":"Polygon","coordinates":[[[-52.305,-23.573],[-52.294,-23.619],[-52.27,-23.625],[-52.242,-23.613],[-52.197,-23.575],[-52.156,-23.568],[-52.14,-23.54],[-52.109,-23.529],[-52.1,-23.52],[-52.1,-23.52],[-52.206,-23.512],[-52.224,-23.523],[-52.266,-23.555],[-52.305,-23.573]]]}},{"type":"Feature","properties":{"code":"4123501"},"geometry":{"type":"Polygon","coordinates":[[[-54.166,-25.016],[-54.145,-24.984],[-54.201,-24.937],[-54.22,-24.899],[-54.211,-24.867],[-54.203,-24.806],[-54.165,-24.756],[-54.237,-24.755],[-54.239,-24.732],[-54.333,-24.695],[-54.39,-24.777],[-54.395,-24.811],[-54.437,-24.941],[-54.455,-25.034],[-54.412,-25.037],[-54.31,-25.02],[-54.166,-25.016]]]}},{"type":"Feature","properties":{"code":"4115309"},"geometry":{"type":"Polygon","coordinates":[[[-52.645,-26.381],[-52.596,-26.416],[-52.557,-26.408],[-52.523,-26.4],[-52.497,-26.327],[-52.496,-26.269],[-52.533,-26.236],[-52.565,-26.28],[-52.619,-26.299],[-52.66,-26.3],[-52.688,-26.313],[-52.701,-26.358],[-52.68,-26.353],[-52.645,-26.381]]]}},{"type":"Feature","properties":{"code":"4107124"},"geometry":{"type":"Polygon","coordinates":[[[-52.747,-24.875],[-52.779,-24.902],[-52.795,-25.005],[-52.763,-25.015],[-52.764,-25.055],[-52.721,-25.112],[-52.719,-25.133],[-52.663,-25.098],[-52.662,-25.072],[-52.615,-25.038],[-52.605,-25.012],[-52.62,-24.981],[-52.592,-24.965],[-52.656,-24.929],[-52.662,-24.894],[-52.703,-24.877],[-52.747,-24.875]]]}},{"type":"Feature","properties":{"code":"4107108"},"geometry":{"type":"Polygon","coordinates":[[[-52.816,-22.709],[-52.801,-22.703],[-52.778,-22.662],[-52.789,-22.637],[-52.783,-22.602],[-52.815,-22.597],[-52.858,-22.608],[-52.925,-22.566],[-52.972,-22.57],[-53.012,-22.599],[-53.008,-22.615],[-52.966,-22.679],[-52.914,-22.678],[-52.908,-22.689],[-52.84,-22.69],[-52.816,-22.709]]]}},{"type":"Feature","properties":{"code":"4115358"},"geometry":{"type":"Polygon","coordinates":[[[-53.882,-24.468],[-53.846,-24.455],[-53.812,-24.483],[-53.806,-24.508],[-53.776,-24.526],[-53.77,-24.55],[-53.715,-24.575],[-53.715,-24.468],[-53.715,-24.369],[-53.907,-24.37],[-53.902,-24.418],[-53.906,-24.457],[-53.882,-24.468]]]}},{"type":"Feature","properties":{"code":"4107157"},"geometry":{"type":"Polygon","coordinates":[[[-53.966,-25.076],[-54.034,-24.93],[-54.045,-24.891],[-54.066,-24.873],[-54.095,-24.879],[-54.143,-24.859],[-54.211,-24.867],[-54.22,-24.899],[-54.201,-24.937],[-54.145,-24.984],[-54.166,-25.016],[-54.169,-25.028],[-54.093,-25.045],[-54.073,-25.035],[-54.027,-25.035],[-53.984,-25.078],[-53.966,-25.076]]]}},{"type":"Feature","properties":{"code":"4106456"},"geometry":{"type":"Polygon","coordinates":[[[-51.726,-26.259],[-51.772,-26.25],[-51.789,-26.205],[-51.741,-26.173],[-51.765,-26.16],[-51.752,-26.122],[-51.698,-26.112],[-51.739,-26.049],[-51.723,-26.006],[-51.74,-25.994],[-51.759,-26.009],[-51.796,-25.999],[-51.865,-26.026],[-51.916,-25.997],[-51.966,-25.988],[-51.978,-26.013],[-52.008,-26.011],[-52.013,-25.979],[-52.049,-25.938],[-52.087,-25.938],[-52.081,-26.003],[-52.085,-26.041],[-52.107,-26.091],[-52.098,-26.136],[-52.111,-26.152],[-52.091,-26.197],[-52.111,-26.237],[-52.139,-26.262],[-52.161,-26.299],[-52.189,-26.32],[-52.176,-26.343],[-52.127,-26.343],[-52.118,-26.318],[-52.077,-26.31],[-52.044,-26.323],[-52.041,-26.345],[-52.001,-26.377],[-51.958,-26.368],[-51.906,-26.407],[-51.848,-26.401],[-51.811,-26.358],[-51.746,-26.332],[-51.717,-26.274],[-51.726,-26.259]]]}},{"type":"Feature","properties":{"code":"4122909"},"geometry":{"type":"Polygon","coordinates":[[[-49.738,-23.714],[-49.651,-23.689],[-49.602,-23.652],[-49.621,-23.611],[-49.603,-23.584],[-49.6,-23.536],[-49.624,-23.523],[-49.652,-23.546],[-49.673,-23.6],[-49.711,-23.594],[-49.742,-23.61],[-49.78,-23.612],[-49.74,-23.687],[-49.738,-23.714]]]}},{"type":"Feature","properties":{"code":"4106555"},"geometry":{"type":"Polygon","coordinates":[[[-52.228,-24.178],[-52.154,-24.181],[-52.105,-24.151],[-52.051,-24.131],[-52.051,-24.12],[-52.096,-24.043],[-52.143,-24.08],[-52.186,-24.052],[-52.19,-24.056],[-52.208,-24.106],[-52.199,-24.14],[-52.228,-24.178]]]}},{"type":"Feature","properties":{"code":"4114708"},"geometry":{"type":"Polygon","coordinates":[[[-53.176,-23.712],[-53.142,-23.728],[-53.12,-23.503],[-53.116,-23.471],[-53.147,-23.482],[-53.216,-23.454],[-53.274,-23.495],[-53.309,-23.503],[-53.352,-23.485],[-53.352,-23.511],[-53.323,-23.546],[-53.311,-23.602],[-53.344,-23.638],[-53.336,-23.653],[-53.176,-23.712]]]}},{"type":"Feature","properties":{"code":"4106506"},"geometry":{"type":"Polygon","coordinates":[[[-52.735,-26.01],[-52.701,-25.997],[-52.664,-26.013],[-52.67,-26.031],[-52.626,-26.064],[-52.59,-26.077],[-52.607,-26.11],[-52.574,-26.115],[-52.517,-26.106],[-52.506,-26.085],[-52.459,-26.101],[-52.413,-26.104],[-52.359,-26.065],[-52.377,-26.041],[-52.37,-26.025],[-52.387,-25.966],[-52.382,-25.945],[-52.448,-25.93],[-52.574,-25.925],[-52.622,-25.88],[-52.7,-25.89],[-52.722,-25.871],[-52.77,-25.901],[-52.808,-25.907],[-52.799,-25.939],[-52.741,-25.955],[-52.746,-25.989],[-52.735,-26.01]]]}},{"type":"Feature","properties":{"code":"4122701"},"geometry":{"type":"Polygon","coordinates":[[[-51.591,-23.426],[-51.501,-23.343],[-51.511,-23.304],[-51.538,-23.264],[-51.562,-23.278],[-51.606,-23.284],[-51.623,-23.316],[-51.677,-23.374],[-51.69,-23.378],[-51.628,-23.409],[-51.626,-23.426],[-51.591,-23.426]]]}},{"type":"Feature","properties":{"code":"4122800"},"geometry":{"type":"Polygon","coordinates":[[[-53.298,-26.188],[-53.318,-26.162],[-53.341,-26.156],[-53.348,-26.129],[-53.373,-26.107],[-53.411,-26.102],[-53.443,-26.069],[-53.493,-26.074],[-53.49,-26.052],[-53.52,-26.054],[-53.536,-26.093],[-53.482,-26.124],[-53.462,-26.165],[-53.41,-26.191],[-53.383,-26.213],[-53.333,-26.209],[-53.298,-26.188]]]}},{"type":"Feature","properties":{"code":"4114609"},"geometry":{"type":"Polygon","coordinates":[[[-54.029,-24.741],[-54.032,-24.656],[-54.006,-24.658],[-53.998,-24.605],[-54.011,-24.594],[-54.014,-24.512],[-53.988,-24.485],[-54.014,-24.43],[-54.031,-24.416],[-54.071,-24.429],[-54.098,-24.419],[-54.098,-24.476],[-54.16,-24.496],[-54.207,-24.497],[-54.233,-24.468],[-54.296,-24.428],[-54.327,-24.465],[-54.336,-24.508],[-54.319,-24.59],[-54.267,-24.581],[-54.217,-24.59],[-54.171,-24.617],[-54.189,-24.634],[-54.179,-24.683],[-54.152,-24.725],[-54.096,-24.755],[-54.063,-24.763],[-54.029,-24.741]]]}},{"type":"Feature","properties":{"code":"4106407"},"geometry":{"type":"Polygon","coordinates":[[[-50.736,-23.251],[-50.735,-23.273],[-50.703,-23.29],[-50.691,-23.312],[-50.641,-23.345],[-50.59,-23.347],[-50.58,-23.366],[-50.534,-23.37],[-50.483,-23.326],[-50.485,-23.305],[-50.472,-23.291],[-50.48,-23.281],[-50.481,-23.261],[-50.467,-23.26],[-50.468,-23.209],[-50.465,-23.194],[-50.51,-23.207],[-50.539,-23.2],[-50.593,-23.139],[-50.627,-23.087],[-50.606,-23.056],[-50.621,-23.014],[-50.637,-23.061],[-50.676,-23.101],[-50.734,-23.137],[-50.78,-23.124],[-50.802,-23.137],[-50.736,-23.251]]]}},{"type":"Feature","properties":{"code":"4123105"},"geometry":{"type":"Polygon","coordinates":[[[-50.467,-23.26],[-50.465,-23.287],[-50.383,-23.279],[-50.346,-23.297],[-50.304,-23.259],[-50.33,-23.276],[-50.358,-23.247],[-50.393,-23.248],[-50.45,-23.21],[-50.468,-23.209],[-50.467,-23.26]]]}},{"type":"Feature","properties":{"code":"4114906"},"geometry":{"type":"Polygon","coordinates":[[[-51.146,-23.766],[-51.167,-23.778],[-51.242,-23.736],[-51.236,-23.706],[-51.209,-23.661],[-51.22,-23.587],[-51.24,-23.625],[-51.249,-23.664],[-51.301,-23.715],[-51.346,-23.706],[-51.36,-23.716],[-51.404,-23.712],[-51.429,-23.699],[-51.438,-23.709],[-51.421,-23.725],[-51.373,-23.743],[-51.358,-23.82],[-51.395,-23.836],[-51.423,-23.863],[-51.365,-23.858],[-51.334,-23.865],[-51.294,-23.899],[-51.275,-23.89],[-51.256,-23.846],[-51.213,-23.859],[-51.178,-23.84],[-51.186,-23.815],[-51.157,-23.792],[-51.146,-23.766]]]}},{"type":"Feature","properties":{"code":"4123204"},"geometry":{"type":"Polygon","coordinates":[[[-50.883,-23.544],[-50.858,-23.584],[-50.799,-23.583],[-50.697,-23.557],[-50.796,-23.492],[-50.811,-23.488],[-50.854,-23.529],[-50.883,-23.544]]]}},{"type":"Feature","properties":{"code":"4106704"},"geometry":{"type":"Polygon","coordinates":[[[-52.182,-23.043],[-52.164,-23.065],[-52.052,-23.019],[-52.037,-23.022],[-52.024,-23.002],[-52.042,-22.949],[-52.059,-22.953],[-52.162,-22.954],[-52.216,-22.936],[-52.257,-22.898],[-52.27,-22.914],[-52.284,-22.968],[-52.258,-22.993],[-52.248,-23.026],[-52.182,-23.043]]]}},{"type":"Feature","properties":{"code":"4115002"},"geometry":{"type":"Polygon","coordinates":[[[-53.034,-22.855],[-53.039,-22.809],[-53.017,-22.748],[-52.993,-22.708],[-53.018,-22.651],[-53.045,-22.625],[-53.092,-22.645],[-53.105,-22.622],[-53.128,-22.652],[-53.11,-22.715],[-53.115,-22.782],[-53.099,-22.836],[-53.081,-22.854],[-53.034,-22.855]]]}},{"type":"Feature","properties":{"code":"4106803"},"geometry":{"type":"Polygon","coordinates":[[[-51.62,-26.004],[-51.589,-26.013],[-51.53,-26.066],[-51.476,-26.081],[-51.442,-26.071],[-51.418,-26.087],[-51.404,-26.059],[-51.357,-26.076],[-51.339,-26.115],[-51.308,-26.124],[-51.264,-26.096],[-51.244,-26.094],[-51.216,-26.043],[-51.16,-26.027],[-51.122,-26.032],[-51.101,-26.004],[-51.054,-26.011],[-51.029,-25.962],[-50.937,-25.95],[-50.937,-25.938],[-50.979,-25.935],[-51.008,-25.907],[-51.006,-25.869],[-51.04,-25.808],[-50.984,-25.784],[-50.989,-25.768],[-50.947,-25.741],[-50.958,-25.685],[-50.981,-25.666],[-51.01,-25.681],[-51.02,-25.706],[-51.053,-25.699],[-51.117,-25.72],[-51.132,-25.763],[-51.171,-25.746],[-51.258,-25.807],[-51.282,-25.792],[-51.303,-25.833],[-51.381,-25.895],[-51.382,-25.934],[-51.413,-25.925],[-51.449,-25.951],[-51.503,-25.943],[-51.521,-25.969],[-51.55,-25.987],[-51.62,-26.004]]]}},{"type":"Feature","properties":{"code":"4123006"},"geometry":{"type":"Polygon","coordinates":[[[-53.353,-25.873],[-53.315,-25.88],[-53.287,-25.86],[-53.25,-25.858],[-53.232,-25.824],[-53.195,-25.782],[-53.152,-25.774],[-53.172,-25.74],[-53.227,-25.722],[-53.26,-25.699],[-53.302,-25.671],[-53.341,-25.694],[-53.389,-25.692],[-53.351,-25.782],[-53.376,-25.804],[-53.374,-25.829],[-53.353,-25.873]]]}},{"type":"Feature","properties":{"code":"4114807"},"geometry":{"type":"Polygon","coordinates":[[[-51.836,-23.632],[-51.806,-23.606],[-51.769,-23.551],[-51.71,-23.504],[-51.763,-23.486],[-51.763,-23.432],[-51.775,-23.378],[-51.777,-23.335],[-51.812,-23.323],[-51.846,-23.328],[-51.843,-23.393],[-51.801,-23.412],[-51.807,-23.445],[-51.853,-23.457],[-51.853,-23.511],[-51.911,-23.559],[-51.929,-23.535],[-51.91,-23.51],[-51.912,-23.477],[-51.949,-23.485],[-51.981,-23.516],[-52.0,-23.556],[-52.062,-23.651],[-52.053,-23.662],[-52.004,-23.619],[-51.964,-23.616],[-51.935,-23.652],[-51.94,-23.673],[-51.888,-23.645],[-51.836,-23.632]]]}},{"type":"Feature","properties":{"code":"4106605"},"geometry":{"type":"Polygon","coordinates":[[[-52.964,-23.965],[-53.026,-23.864],[-52.96,-23.785],[-52.958,-23.743],[-52.971,-23.709],[-53.0,-23.707],[-53.02,-23.677],[-53.015,-23.621],[-53.048,-23.547],[-53.04,-23.493],[-53.12,-23.503],[-53.142,-23.728],[-53.176,-23.712],[-53.185,-23.726],[-53.166,-23.77],[-53.186,-23.778],[-53.222,-23.834],[-53.212,-23.865],[-53.207,-23.92],[-53.164,-23.912],[-53.111,-23.929],[-53.052,-23.937],[-53.003,-23.953],[-52.986,-23.976],[-52.964,-23.965]]]}},{"type":"Feature","properties":{"code":"4106571"},"geometry":{"type":"Polygon","coordinates":[[[-53.169,-25.655],[-53.12,-25.684],[-53.069,-25.649],[-53.064,-25.616],[-53.069,-25.567],[-53.078,-25.539],[-53.135,-25.558],[-53.144,-25.514],[-53.189,-25.516],[-53.201,-25.528],[-53.195,-25.563],[-53.157,-25.626],[-53.169,-25.655]]]}},{"type":"Feature","properties":{"code":"4122404"},"geometry":{"type":"Polygon","coordinates":[[[-51.501,-23.343],[-51.454,-23.383],[-51.442,-23.363],[-51.396,-23.36],[-51.364,-23.394],[-51.31,-23.384],[-51.31,-23.383],[-51.29,-23.331],[-51.334,-23.292],[-51.329,-23.256],[-51.311,-23.243],[-51.3,-23.199],[-51.308,-23.172],[-51.418,-23.169],[-51.474,-23.167],[-51.484,-23.191],[-51.52,-23.196],[-51.538,-23.264],[-51.511,-23.304],[-51.501,-23.343]]]}},{"type":"Feature","properties":{"code":"4114203"},"geometry":{"type":"Polygon","coordinates":[[[-51.777,-23.335],[-51.775,-23.378],[-51.763,-23.432],[-51.763,-23.486],[-51.71,-23.504],[-51.769,-23.551],[-51.806,-23.606],[-51.836,-23.632],[-51.796,-23.631],[-51.794,-23.607],[-51.756,-23.6],[-51.707,-23.573],[-51.645,-23.576],[-51.625,-23.549],[-51.631,-23.532],[-51.61,-23.484],[-51.629,-23.447],[-51.626,-23.426],[-51.628,-23.409],[-51.69,-23.378],[-51.728,-23.352],[-51.777,-23.335]]]}},{"type":"Feature","properties":{"code":"4106001"},"geometry":{"type":"Polygon","coordinates":[[[-50.6,-23.494],[-50.609,-23.528],[-50.605,-23.592],[-50.625,-23.615],[-50.582,-23.639],[-50.563,-23.695],[-50.581,-23.712],[-50.559,-23.748],[-50.519,-23.766],[-50.475,-23.75],[-50.444,-23.748],[-50.419,-23.706],[-50.421,-23.678],[-50.441,-23.659],[-50.42,-23.623],[-50.388,-23.599],[-50.398,-23.592],[-50.402,-23.541],[-50.428,-23.483],[-50.566,-23.483],[-50.6,-23.494]]]}},{"type":"Feature","properties":{"code":"4122206"},"geometry":{"type":"Polygon","coordinates":[[[-49.254,-25.234],[-49.189,-25.235],[-49.176,-25.165],[-49.133,-25.148],[-49.124,-25.13],[-49.074,-25.123],[-49.094,-25.079],[-49.139,-25.097],[-49.213,-25.073],[-49.238,-25.078],[-49.302,-25.042],[-49.355,-24.997],[-49.393,-24.975],[-49.373,-24.926],[-49.398,-24.877],[-49.45,-24.915],[-49.499,-24.904],[-49.539,-24.916],[-49.575,-24.96],[-49.499,-25.018],[-49.508,-25.032],[-49.479,-25.087],[-49.43,-25.125],[-49.451,-25.165],[-49.417,-25.172],[-49.352,-25.198],[-49.321,-25.231],[-49.288,-25.225],[-49.254,-25.234]]]}},{"type":"Feature","properties":{"code":"4114005"},"geometry":{"type":"Polygon","coordinates":[[[-52.655,-24.498],[-52.635,-24.488],[-52.578,-24.513],[-52.559,-24.499],[-52.53,-24.528],[-52.509,-24.523],[-52.516,-24.46],[-52.482,-24.425],[-52.426,-24.331],[-52.443,-24.298],[-52.474,-24.235],[-52.523,-24.224],[-52.559,-24.214],[-52.562,-24.186],[-52.584,-24.171],[-52.649,-24.209],[-52.629,-24.244],[-52.653,-24.292],[-52.701,-24.299],[-52.714,-24.322],[-52.712,-24.359],[-52.737,-24.388],[-52.733,-24.421],[-52.779,-24.479],[-52.767,-24.495],[-52.736,-24.473],[-52.708,-24.489],[-52.655,-24.498]]]}},{"type":"Feature","properties":{"code":"4122305"},"geometry":{"type":"Polygon","coordinates":[[[-49.486,-26.186],[-49.508,-26.171],[-49.509,-26.119],[-49.539,-26.071],[-49.571,-26.049],[-49.585,-26.025],[-49.618,-26.046],[-49.679,-26.026],[-49.755,-26.023],[-49.789,-26.012],[-49.792,-25.946],[-49.823,-25.96],[-49.859,-25.959],[-49.876,-25.984],[-49.926,-25.99],[-49.934,-26.019],[-49.869,-26.034],[-49.864,-26.055],[-49.828,-26.075],[-49.805,-26.108],[-49.749,-26.125],[-49.673,-26.19],[-49.654,-26.187],[-49.603,-26.227],[-49.55,-26.233],[-49.542,-26.214],[-49.502,-26.22],[-49.487,-26.194],[-49.486,-26.186]]]}},{"type":"Feature","properties":{"code":"4105805"},"geometry":{"type":"Polygon","coordinates":[[[-49.194,-25.39],[-49.142,-25.389],[-49.12,-25.378],[-49.124,-25.371],[-49.136,-25.341],[-49.123,-25.299],[-49.094,-25.275],[-49.153,-25.259],[-49.189,-25.235],[-49.254,-25.234],[-49.268,-25.256],[-49.253,-25.322],[-49.23,-25.35],[-49.194,-25.39]]]}},{"type":"Feature","properties":{"code":"4114104"},"geometry":{"type":"Polygon","coordinates":[[[-52.095,-23.4],[-52.05,-23.339],[-51.978,-23.297],[-51.966,-23.254],[-51.962,-23.162],[-51.973,-23.156],[-52.021,-23.156],[-52.069,-23.189],[-52.061,-23.205],[-52.082,-23.255],[-52.114,-23.298],[-52.145,-23.304],[-52.178,-23.349],[-52.15,-23.371],[-52.149,-23.414],[-52.095,-23.4]]]}},{"type":"Feature","properties":{"code":"4105904"},"geometry":{"type":"Polygon","coordinates":[[[-51.873,-22.957],[-51.844,-22.89],[-51.84,-22.83],[-51.866,-22.829],[-51.906,-22.836],[-51.92,-22.804],[-51.979,-22.748],[-51.998,-22.714],[-52.033,-22.677],[-52.058,-22.695],[-52.056,-22.729],[-52.054,-22.753],[-52.089,-22.77],[-52.069,-22.81],[-52.078,-22.867],[-52.066,-22.877],[-52.017,-22.898],[-51.971,-22.931],[-51.919,-22.955],[-51.906,-22.95],[-51.873,-22.957]]]}},{"type":"Feature","properties":{"code":"4122602"},"geometry":{"type":"Polygon","coordinates":[[[-52.987,-23.541],[-52.971,-23.568],[-52.918,-23.587],[-52.904,-23.609],[-52.826,-23.617],[-52.748,-23.555],[-52.669,-23.398],[-52.638,-23.332],[-52.69,-23.311],[-52.723,-23.311],[-52.744,-23.348],[-52.807,-23.401],[-52.859,-23.39],[-52.847,-23.42],[-52.892,-23.426],[-52.89,-23.453],[-52.935,-23.482],[-52.938,-23.533],[-52.987,-23.541]]]}},{"type":"Feature","properties":{"code":"4114401"},"geometry":{"type":"Polygon","coordinates":[[[-52.189,-26.32],[-52.161,-26.299],[-52.139,-26.262],[-52.111,-26.237],[-52.091,-26.197],[-52.111,-26.152],[-52.098,-26.136],[-52.107,-26.091],[-52.085,-26.041],[-52.081,-26.003],[-52.087,-25.938],[-52.109,-25.898],[-52.143,-25.891],[-52.169,-25.833],[-52.123,-25.775],[-52.155,-25.753],[-52.21,-25.757],[-52.225,-25.794],[-52.247,-25.812],[-52.259,-25.848],[-52.322,-25.906],[-52.348,-25.942],[-52.382,-25.945],[-52.387,-25.966],[-52.37,-26.025],[-52.377,-26.041],[-52.336,-26.057],[-52.303,-26.045],[-52.295,-26.11],[-52.265,-26.106],[-52.254,-26.138],[-52.213,-26.137],[-52.213,-26.195],[-52.255,-26.228],[-52.291,-26.242],[-52.316,-26.271],[-52.292,-26.288],[-52.256,-26.277],[-52.189,-26.32]]]}},{"type":"Feature","properties":{"code":"4106209"},"geometry":{"type":"Polygon","coordinates":[[[-49.519,-25.806],[-49.491,-25.796],[-49.448,-25.799],[-49.385,-25.784],[-49.418,-25.745],[-49.454,-25.729],[-49.478,-25.693],[-49.477,-25.639],[-49.54,-25.657],[-49.538,-25.621],[-49.553,-25.599],[-49.586,-25.6],[-49.601,-25.607],[-49.607,-25.646],[-49.605,-25.711],[-49.598,-25.726],[-49.613,-25.783],[-49.519,-25.806]]]}},{"type":"Feature","properties":{"code":"4114500"},"geometry":{"type":"Polygon","coordinates":[[[-51.825,-24.449],[-51.758,-24.54],[-51.722,-24.597],[-51.689,-24.581],[-51.661,-24.584],[-51.604,-24.555],[-51.554,-24.571],[-51.532,-24.554],[-51.502,-24.575],[-51.468,-24.555],[-51.45,-24.53],[-51.453,-24.482],[-51.473,-24.468],[-51.48,-24.428],[-51.601,-24.448],[-51.611,-24.386],[-51.66,-24.394],[-51.739,-24.404],[-51.846,-24.419],[-51.825,-24.449]]]}},{"type":"Feature","properties":{"code":"4106308"},"geometry":{"type":"Polygon","coordinates":[[[-53.346,-24.791],[-53.351,-24.806],[-53.402,-24.82],[-53.408,-24.836],[-53.283,-24.832],[-53.273,-24.838],[-53.274,-24.905],[-53.221,-24.926],[-53.208,-24.95],[-53.184,-24.939],[-53.19,-24.906],[-53.173,-24.874],[-53.194,-24.824],[-53.184,-24.785],[-53.135,-24.746],[-53.147,-24.715],[-53.193,-24.685],[-53.21,-24.663],[-53.182,-24.641],[-53.147,-24.59],[-53.107,-24.57],[-53.136,-24.537],[-53.179,-24.521],[-53.205,-24.535],[-53.237,-24.589],[-53.243,-24.625],[-53.241,-24.638],[-53.3,-24.683],[-53.353,-24.737],[-53.36,-24.767],[-53.346,-24.791]]]}},{"type":"Feature","properties":{"code":"4122651"},"geometry":{"type":"Polygon","coordinates":[[[-51.335,-24.251],[-51.214,-24.333],[-51.169,-24.382],[-51.212,-24.393],[-51.243,-24.382],[-51.256,-24.402],[-51.239,-24.435],[-51.139,-24.468],[-51.144,-24.441],[-51.104,-24.415],[-51.078,-24.352],[-51.098,-24.326],[-51.098,-24.3],[-51.132,-24.268],[-51.204,-24.246],[-51.207,-24.223],[-51.26,-24.212],[-51.334,-24.159],[-51.35,-24.228],[-51.335,-24.251]]]}},{"type":"Feature","properties":{"code":"4114302"},"geometry":{"type":"Polygon","coordinates":[[[-49.306,-25.945],[-49.294,-25.924],[-49.26,-25.923],[-49.254,-25.891],[-49.208,-25.864],[-49.208,-25.825],[-49.242,-25.798],[-49.245,-25.754],[-49.265,-25.736],[-49.303,-25.734],[-49.335,-25.711],[-49.355,-25.674],[-49.357,-25.724],[-49.37,-25.789],[-49.396,-25.851],[-49.427,-25.875],[-49.449,-25.918],[-49.404,-25.94],[-49.379,-25.93],[-49.361,-25.952],[-49.306,-25.945]]]}},{"type":"Feature","properties":{"code":"4106100"},"geometry":{"type":"Polygon","coordinates":[[[-50.169,-23.679],[-50.092,-23.68],[-50.049,-23.651],[-50.087,-23.602],[-50.094,-23.562],[-50.083,-23.537],[-50.094,-23.506],[-50.141,-23.49],[-50.16,-23.512],[-50.193,-23.57],[-50.175,-23.634],[-50.186,-23.662],[-50.169,-23.679]]]}},{"type":"Feature","properties":{"code":"4114351"},"geometry":{"type":"Polygon","coordinates":[[[-53.49,-26.052],[-53.493,-26.074],[-53.443,-26.069],[-53.411,-26.102],[-53.373,-26.107],[-53.348,-26.129],[-53.341,-26.156],[-53.318,-26.162],[-53.298,-26.188],[-53.26,-26.192],[-53.242,-26.174],[-53.245,-26.14],[-53.311,-26.056],[-53.328,-26.023],[-53.359,-26.017],[-53.365,-26.02],[-53.393,-26.034],[-53.49,-26.052]]]}},{"type":"Feature","properties":{"code":"4122503"},"geometry":{"type":"Polygon","coordinates":[[[-52.394,-24.717],[-52.37,-24.692],[-52.326,-24.681],[-52.208,-24.618],[-52.134,-24.625],[-52.095,-24.597],[-52.079,-24.575],[-52.047,-24.567],[-52.045,-24.534],[-52.017,-24.472],[-52.034,-24.414],[-52.07,-24.448],[-52.147,-24.471],[-52.183,-24.506],[-52.211,-24.514],[-52.278,-24.456],[-52.314,-24.502],[-52.328,-24.496],[-52.393,-24.535],[-52.509,-24.523],[-52.517,-24.548],[-52.477,-24.575],[-52.424,-24.642],[-52.425,-24.713],[-52.394,-24.717]]]}},{"type":"Feature","properties":{"code":"4121802"},"geometry":{"type":"Polygon","coordinates":[[[-49.841,-23.435],[-49.792,-23.39],[-49.753,-23.373],[-49.693,-23.361],[-49.643,-23.363],[-49.638,-23.35],[-49.622,-23.332],[-49.627,-23.282],[-49.654,-23.212],[-49.678,-23.175],[-49.717,-23.148],[-49.735,-23.133],[-49.726,-23.109],[-49.751,-23.098],[-49.789,-23.103],[-49.81,-23.088],[-49.809,-23.116],[-49.863,-23.173],[-49.861,-23.216],[-49.892,-23.236],[-49.883,-23.27],[-49.822,-23.3],[-49.834,-23.327],[-49.891,-23.335],[-49.865,-23.352],[-49.841,-23.435]]]}},{"type":"Feature","properties":{"code":"4113734"},"geometry":{"type":"Polygon","coordinates":[[[-52.509,-24.523],[-52.393,-24.535],[-52.328,-24.496],[-52.314,-24.502],[-52.278,-24.456],[-52.234,-24.425],[-52.216,-24.398],[-52.176,-24.365],[-52.24,-24.316],[-52.205,-24.276],[-52.133,-24.254],[-52.124,-24.233],[-52.094,-24.226],[-52.144,-24.215],[-52.157,-24.199],[-52.222,-24.193],[-52.326,-24.154],[-52.346,-24.16],[-52.391,-24.219],[-52.419,-24.284],[-52.443,-24.298],[-52.426,-24.331],[-52.482,-24.425],[-52.516,-24.46],[-52.509,-24.523]]]}},{"type":"Feature","properties":{"code":"4121901"},"geometry":{"type":"Polygon","coordinates":[[[-50.388,-23.599],[-50.298,-23.584],[-50.299,-23.371],[-50.314,-23.355],[-50.365,-23.356],[-50.405,-23.34],[-50.414,-23.324],[-50.457,-23.31],[-50.48,-23.266],[-50.467,-23.26],[-50.481,-23.261],[-50.48,-23.281],[-50.472,-23.291],[-50.485,-23.305],[-50.483,-23.326],[-50.449,-23.375],[-50.451,-23.427],[-50.412,-23.464],[-50.428,-23.483],[-50.402,-23.541],[-50.398,-23.592],[-50.388,-23.599]]]}},{"type":"Feature","properties":{"code":"4113700"},"geometry":{"type":"Polygon","coordinates":[[[-51.146,-23.766],[-51.085,-23.721],[-51.046,-23.725],[-51.039,-23.743],[-50.966,-23.755],[-50.951,-23.745],[-50.894,-23.744],[-50.915,-23.714],[-50.876,-23.695],[-50.886,-23.675],[-50.92,-23.665],[-50.933,-23.608],[-50.93,-23.565],[-50.953,-23.541],[-50.948,-23.52],[-50.947,-23.458],[-50.953,-23.416],[-50.978,-23.419],[-50.996,-23.395],[-50.981,-23.343],[-51.044,-23.346],[-51.082,-23.329],[-51.107,-23.247],[-51.134,-23.223],[-51.171,-23.22],[-51.17,-23.196],[-51.17,-23.172],[-51.207,-23.172],[-51.193,-23.208],[-51.198,-23.24],[-51.221,-23.242],[-51.248,-23.267],[-51.22,-23.315],[-51.257,-23.374],[-51.262,-23.398],[-51.31,-23.383],[-51.31,-23.384],[-51.321,-23.432],[-51.309,-23.471],[-51.301,-23.548],[-51.29,-23.564],[-51.236,-23.555],[-51.22,-23.587],[-51.209,-23.661],[-51.236,-23.706],[-51.242,-23.736],[-51.167,-23.778],[-51.146,-23.766]]]}},{"type":"Feature","properties":{"code":"4105508"},"geometry":{"type":"Polygon","coordinates":[[[-52.742,-23.689],[-52.731,-23.744],[-52.734,-23.785],[-52.724,-23.827],[-52.742,-23.857],[-52.694,-23.931],[-52.62,-23.953],[-52.601,-23.925],[-52.562,-23.841],[-52.57,-23.811],[-52.545,-23.747],[-52.511,-23.692],[-52.512,-23.66],[-52.453,-23.549],[-52.489,-23.52],[-52.546,-23.586],[-52.586,-23.59],[-52.64,-23.577],[-52.671,-23.538],[-52.696,-23.567],[-52.738,-23.645],[-52.742,-23.689]]]}},{"type":"Feature","properties":{"code":"4121703"},"geometry":{"type":"Polygon","coordinates":[[[-51.139,-24.468],[-51.166,-24.487],[-51.188,-24.547],[-51.183,-24.569],[-51.13,-24.581],[-51.131,-24.617],[-51.081,-24.638],[-51.081,-24.665],[-51.063,-24.692],[-51.067,-24.816],[-51.023,-24.861],[-50.971,-24.853],[-50.913,-24.853],[-50.875,-24.83],[-50.863,-24.794],[-50.836,-24.782],[-50.811,-24.747],[-50.786,-24.753],[-50.769,-24.709],[-50.783,-24.688],[-50.761,-24.64],[-50.737,-24.621],[-50.75,-24.589],[-50.72,-24.56],[-50.799,-24.512],[-50.814,-24.468],[-50.838,-24.441],[-50.885,-24.411],[-50.952,-24.388],[-50.961,-24.355],[-50.997,-24.343],[-51.055,-24.344],[-51.098,-24.326],[-51.078,-24.352],[-51.104,-24.415],[-51.144,-24.441],[-51.139,-24.468]]]}},{"type":"Feature","properties":{"code":"4113502"},"geometry":{"type":"Polygon","coordinates":[[[-53.13,-23.043],[-53.033,-23.105],[-52.976,-23.056],[-52.968,-23.014],[-52.946,-22.989],[-52.896,-22.96],[-52.886,-22.941],[-52.877,-22.903],[-52.917,-22.851],[-52.952,-22.881],[-52.997,-22.856],[-53.034,-22.855],[-53.081,-22.854],[-53.099,-22.836],[-53.225,-22.862],[-53.253,-22.896],[-53.285,-22.935],[-53.23,-22.973],[-53.13,-23.043]]]}},{"type":"Feature","properties":{"code":"4105300"},"geometry":{"type":"Polygon","coordinates":[[[-53.655,-25.147],[-53.624,-25.08],[-53.632,-25.054],[-53.667,-25.018],[-53.698,-25.002],[-53.733,-25.0],[-53.772,-24.969],[-53.81,-24.976],[-53.808,-25.096],[-53.954,-25.103],[-53.945,-25.121],[-53.942,-25.178],[-53.905,-25.195],[-53.898,-25.243],[-53.904,-25.276],[-53.794,-25.319],[-53.791,-25.361],[-53.812,-25.365],[-53.816,-25.398],[-53.804,-25.428],[-53.808,-25.493],[-53.791,-25.508],[-53.809,-25.54],[-53.798,-25.554],[-53.817,-25.596],[-53.782,-25.6],[-53.776,-25.556],[-53.758,-25.553],[-53.725,-25.586],[-53.718,-25.552],[-53.682,-25.505],[-53.699,-25.485],[-53.673,-25.43],[-53.676,-25.372],[-53.659,-25.352],[-53.638,-25.24],[-53.653,-25.197],[-53.655,-25.147]]]}},{"type":"Feature","properties":{"code":"4113601"},"geometry":{"type":"Polygon","coordinates":[[[-52.037,-23.022],[-52.028,-23.06],[-52.012,-23.077],[-51.988,-23.081],[-51.915,-23.049],[-51.893,-23.008],[-51.906,-22.95],[-51.919,-22.955],[-51.971,-22.931],[-52.017,-22.898],[-52.066,-22.877],[-52.101,-22.91],[-52.075,-22.918],[-52.059,-22.953],[-52.042,-22.949],[-52.024,-23.002],[-52.037,-23.022]]]}},{"type":"Feature","properties":{"code":"4105409"},"geometry":{"type":"Polygon","coordinates":[[[-52.722,-25.871],[-52.7,-25.89],[-52.622,-25.88],[-52.574,-25.925],[-52.448,-25.93],[-52.382,-25.945],[-52.348,-25.942],[-52.322,-25.906],[-52.259,-25.848],[-52.247,-25.812],[-52.225,-25.794],[-52.21,-25.757],[-52.23,-25.74],[-52.251,-25.745],[-52.286,-25.712],[-52.306,-25.709],[-52.318,-25.677],[-52.363,-25.708],[-52.39,-25.698],[-52.431,-25.679],[-52.467,-25.679],[-52.529,-25.647],[-52.522,-25.68],[-52.544,-25.696],[-52.555,-25.753],[-52.547,-25.777],[-52.604,-25.769],[-52.602,-25.797],[-52.643,-25.789],[-52.662,-25.759],[-52.704,-25.751],[-52.675,-25.85],[-52.722,-25.871]]]}},{"type":"Feature","properties":{"code":"4121752"},"geometry":{"type":"Polygon","coordinates":[[[-51.796,-25.999],[-51.818,-25.961],[-51.812,-25.864],[-51.804,-25.842],[-51.838,-25.799],[-51.839,-25.768],[-51.914,-25.728],[-52.0,-25.76],[-52.026,-25.735],[-52.068,-25.736],[-52.095,-25.774],[-52.123,-25.775],[-52.169,-25.833],[-52.143,-25.891],[-52.109,-25.898],[-52.087,-25.938],[-52.049,-25.938],[-52.013,-25.979],[-52.008,-26.011],[-51.978,-26.013],[-51.966,-25.988],[-51.916,-25.997],[-51.865,-26.026],[-51.796,-25.999]]]}},{"type":"Feature","properties":{"code":"4122107"},"geometry":{"type":"Polygon","coordinates":[[[-51.475,-23.725],[-51.507,-23.857],[-51.458,-23.88],[-51.423,-23.863],[-51.395,-23.836],[-51.358,-23.82],[-51.373,-23.743],[-51.421,-23.725],[-51.438,-23.709],[-51.475,-23.725]]]}},{"type":"Feature","properties":{"code":"4113908"},"geometry":{"type":"Polygon","coordinates":[[[-50.898,-26.052],[-50.887,-26.009],[-50.821,-25.992],[-50.744,-25.988],[-50.707,-25.995],[-50.669,-25.967],[-50.657,-25.92],[-50.678,-25.876],[-50.764,-25.834],[-50.787,-25.797],[-50.827,-25.787],[-50.958,-25.685],[-50.947,-25.741],[-50.989,-25.768],[-50.984,-25.784],[-51.04,-25.808],[-51.006,-25.869],[-51.008,-25.907],[-50.979,-25.935],[-50.937,-25.938],[-50.929,-25.958],[-50.948,-25.969],[-50.929,-26.013],[-50.898,-26.052]]]}},{"type":"Feature","properties":{"code":"4105706"},"geometry":{"type":"Polygon","coordinates":[[[-52.443,-26.438],[-52.403,-26.428],[-52.38,-26.439],[-52.304,-26.441],[-52.277,-26.461],[-52.23,-26.467],[-52.186,-26.445],[-52.159,-26.466],[-52.167,-26.416],[-52.151,-26.358],[-52.176,-26.343],[-52.189,-26.32],[-52.256,-26.277],[-52.292,-26.288],[-52.316,-26.271],[-52.336,-26.28],[-52.386,-26.261],[-52.403,-26.275],[-52.44,-26.246],[-52.443,-26.206],[-52.471,-26.194],[-52.474,-26.168],[-52.538,-26.169],[-52.533,-26.236],[-52.496,-26.269],[-52.497,-26.327],[-52.523,-26.4],[-52.464,-26.44],[-52.443,-26.438]]]}},{"type":"Feature","properties":{"code":"4122172"},"geometry":{"type":"Polygon","coordinates":[[[-51.239,-24.435],[-51.256,-24.402],[-51.243,-24.382],[-51.212,-24.393],[-51.169,-24.382],[-51.214,-24.333],[-51.335,-24.251],[-51.417,-24.276],[-51.442,-24.255],[-51.486,-24.301],[-51.489,-24.329],[-51.456,-24.319],[-51.452,-24.349],[-51.433,-24.359],[-51.426,-24.404],[-51.385,-24.438],[-51.349,-24.435],[-51.301,-24.415],[-51.239,-24.435]]]}},{"type":"Feature","properties":{"code":"4122156"},"geometry":{"type":"Polygon","coordinates":[[[-52.529,-25.647],[-52.518,-25.617],[-52.492,-25.612],[-52.444,-25.561],[-52.441,-25.539],[-52.412,-25.525],[-52.431,-25.505],[-52.471,-25.463],[-52.536,-25.419],[-52.566,-25.431],[-52.588,-25.43],[-52.617,-25.465],[-52.638,-25.443],[-52.689,-25.46],[-52.7,-25.481],[-52.741,-25.457],[-52.762,-25.456],[-52.76,-25.478],[-52.781,-25.496],[-52.765,-25.513],[-52.788,-25.545],[-52.785,-25.567],[-52.783,-25.57],[-52.767,-25.611],[-52.722,-25.627],[-52.715,-25.665],[-52.677,-25.656],[-52.628,-25.655],[-52.619,-25.63],[-52.575,-25.649],[-52.544,-25.696],[-52.522,-25.68],[-52.529,-25.647]]]}},{"type":"Feature","properties":{"code":"4113759"},"geometry":{"type":"Polygon","coordinates":[[[-51.849,-24.072],[-51.841,-24.095],[-51.896,-24.14],[-51.85,-24.152],[-51.845,-24.17],[-51.739,-24.111],[-51.712,-24.092],[-51.681,-24.052],[-51.676,-24.002],[-51.684,-23.976],[-51.849,-24.072]]]}},{"type":"Feature","properties":{"code":"4122008"},"geometry":{"type":"Polygon","coordinates":[[[-50.958,-25.685],[-50.827,-25.787],[-50.787,-25.797],[-50.764,-25.834],[-50.678,-25.876],[-50.637,-25.855],[-50.601,-25.784],[-50.616,-25.766],[-50.653,-25.762],[-50.675,-25.731],[-50.664,-25.693],[-50.712,-25.685],[-50.753,-25.656],[-50.791,-25.656],[-50.788,-25.6],[-50.828,-25.616],[-50.845,-25.598],[-50.901,-25.596],[-50.944,-25.606],[-50.996,-25.589],[-50.982,-25.619],[-50.989,-25.645],[-50.958,-25.685]]]}},{"type":"Feature","properties":{"code":"4113809"},"geometry":{"type":"Polygon","coordinates":[[[-51.64,-22.831],[-51.628,-22.831],[-51.629,-22.658],[-51.718,-22.669],[-51.725,-22.701],[-51.704,-22.713],[-51.689,-22.745],[-51.697,-22.789],[-51.661,-22.797],[-51.64,-22.831]]]}},{"type":"Feature","properties":{"code":"4105607"},"geometry":{"type":"Polygon","coordinates":[[[-53.023,-23.476],[-53.003,-23.497],[-52.987,-23.541],[-52.938,-23.533],[-52.935,-23.482],[-52.89,-23.453],[-52.892,-23.426],[-52.847,-23.42],[-52.859,-23.39],[-52.879,-23.335],[-52.917,-23.328],[-52.935,-23.263],[-52.93,-23.24],[-52.956,-23.229],[-52.998,-23.236],[-53.026,-23.291],[-53.028,-23.356],[-53.036,-23.384],[-53.023,-23.476]]]}},{"type":"Feature","properties":{"code":"4121307"},"geometry":{"type":"Polygon","coordinates":[[[-50.948,-23.106],[-50.971,-23.129],[-50.96,-23.148],[-50.905,-23.147],[-50.871,-23.147],[-50.855,-23.111],[-50.855,-23.068],[-50.88,-23.045],[-50.896,-23.009],[-50.946,-22.982],[-50.954,-23.015],[-50.941,-23.031],[-50.989,-23.048],[-50.977,-23.095],[-50.948,-23.106]]]}},{"type":"Feature","properties":{"code":"4113106"},"geometry":{"type":"Polygon","coordinates":[[[-51.731,-23.939],[-51.688,-23.93],[-51.679,-23.884],[-51.653,-23.867],[-51.587,-23.862],[-51.59,-23.835],[-51.62,-23.805],[-51.63,-23.779],[-51.675,-23.791],[-51.696,-23.783],[-51.71,-23.811],[-51.766,-23.839],[-51.734,-23.842],[-51.764,-23.89],[-51.796,-23.92],[-51.758,-23.938],[-51.731,-23.939]]]}},{"type":"Feature","properties":{"code":"4121406"},"geometry":{"type":"Polygon","coordinates":[[[-53.577,-25.799],[-53.52,-25.836],[-53.504,-25.811],[-53.468,-25.758],[-53.485,-25.727],[-53.477,-25.696],[-53.479,-25.641],[-53.49,-25.595],[-53.505,-25.58],[-53.5,-25.55],[-53.537,-25.546],[-53.55,-25.51],[-53.579,-25.526],[-53.576,-25.562],[-53.604,-25.562],[-53.619,-25.585],[-53.613,-25.636],[-53.622,-25.648],[-53.612,-25.653],[-53.613,-25.718],[-53.573,-25.783],[-53.577,-25.799]]]}},{"type":"Feature","properties":{"code":"4104907"},"geometry":{"type":"Polygon","coordinates":[[[-49.975,-25.021],[-49.972,-25.079],[-49.933,-25.072],[-49.899,-25.045],[-49.87,-25.037],[-49.838,-25.043],[-49.802,-25.07],[-49.744,-25.04],[-49.711,-25.034],[-49.659,-25.006],[-49.64,-25.01],[-49.604,-24.987],[-49.575,-24.96],[-49.539,-24.916],[-49.499,-24.904],[-49.529,-24.861],[-49.538,-24.819],[-49.571,-24.79],[-49.531,-24.713],[-49.572,-24.669],[-49.622,-24.682],[-49.64,-24.642],[-49.666,-24.605],[-49.732,-24.61],[-49.761,-24.601],[-49.838,-24.593],[-49.874,-24.58],[-49.908,-24.583],[-49.94,-24.629],[-50.008,-24.637],[-50.023,-24.623],[-50.078,-24.605],[-50.135,-24.54],[-50.138,-24.554],[-50.181,-24.567],[-50.161,-24.593],[-50.176,-24.606],[-50.154,-24.633],[-50.178,-24.653],[-50.155,-24.694],[-50.245,-24.766],[-50.192,-24.757],[-50.141,-24.787],[-50.126,-24.82],[-50.102,-24.807],[-50.077,-24.819],[-50.073,-24.855],[-50.032,-24.875],[-50.007,-24.917],[-49.957,-24.936],[-49.936,-24.958],[-49.962,-25.017],[-49.975,-25.021]]]}},{"type":"Feature","properties":{"code":"4113205"},"geometry":{"type":"Polygon","coordinates":[[[-50.231,-25.825],[-50.211,-25.816],[-50.182,-25.849],[-50.175,-25.873],[-50.083,-25.9],[-50.036,-25.882],[-50.013,-25.895],[-50.026,-25.932],[-49.997,-25.933],[-49.974,-25.958],[-49.968,-26.005],[-49.995,-26.011],[-49.934,-26.019],[-49.926,-25.99],[-49.876,-25.984],[-49.859,-25.959],[-49.823,-25.96],[-49.792,-25.946],[-49.751,-25.943],[-49.704,-25.928],[-49.644,-25.893],[-49.636,-25.868],[-49.588,-25.849],[-49.542,-25.843],[-49.519,-25.806],[-49.613,-25.783],[-49.598,-25.726],[-49.605,-25.711],[-49.607,-25.646],[-49.601,-25.607],[-49.632,-25.588],[-49.672,-25.591],[-49.707,-25.605],[-49.764,-25.585],[-49.809,-25.554],[-49.877,-25.544],[-49.879,-25.572],[-49.938,-25.607],[-49.986,-25.6],[-50.027,-25.604],[-50.035,-25.63],[-50.065,-25.651],[-50.095,-25.635],[-50.131,-25.66],[-50.136,-25.696],[-50.163,-25.759],[-50.19,-25.765],[-50.231,-25.825]]]}},{"type":"Feature","properties":{"code":"4121356"},"geometry":{"type":"Polygon","coordinates":[[[-53.078,-24.399],[-53.062,-24.405],[-53.037,-24.378],[-52.975,-24.347],[-52.946,-24.329],[-52.869,-24.316],[-52.869,-24.316],[-52.869,-24.142],[-52.864,-24.139],[-52.906,-24.162],[-52.892,-24.187],[-52.95,-24.255],[-53.009,-24.281],[-53.078,-24.318],[-53.078,-24.399]]]}},{"type":"Feature","properties":{"code":"4105003"},"geometry":{"type":"Polygon","coordinates":[[[-53.101,-25.096],[-53.14,-25.094],[-53.217,-25.127],[-53.227,-25.164],[-53.247,-25.178],[-53.28,-25.253],[-53.281,-25.28],[-53.327,-25.304],[-53.312,-25.367],[-53.269,-25.374],[-53.231,-25.313],[-53.182,-25.33],[-53.125,-25.326],[-53.083,-25.354],[-53.063,-25.354],[-53.032,-25.329],[-53.01,-25.242],[-52.97,-25.209],[-53.101,-25.194],[-53.082,-25.097],[-53.101,-25.096]]]}},{"type":"Feature","properties":{"code":"4121208"},"geometry":{"type":"Polygon","coordinates":[[[-49.379,-26.057],[-49.375,-25.968],[-49.361,-25.952],[-49.379,-25.93],[-49.404,-25.94],[-49.449,-25.918],[-49.427,-25.875],[-49.396,-25.851],[-49.37,-25.789],[-49.385,-25.784],[-49.448,-25.799],[-49.491,-25.796],[-49.519,-25.806],[-49.542,-25.843],[-49.588,-25.849],[-49.636,-25.868],[-49.644,-25.893],[-49.606,-25.896],[-49.598,-25.926],[-49.565,-25.928],[-49.541,-25.946],[-49.538,-25.974],[-49.516,-26.011],[-49.484,-26.01],[-49.439,-26.044],[-49.398,-26.038],[-49.379,-26.057]]]}},{"type":"Feature","properties":{"code":"4113007"},"geometry":{"type":"Polygon","coordinates":[[[-52.519,-23.776],[-52.33,-23.552],[-52.363,-23.558],[-52.402,-23.536],[-52.453,-23.549],[-52.512,-23.66],[-52.511,-23.692],[-52.545,-23.747],[-52.519,-23.776]]]}},{"type":"Feature","properties":{"code":"4104808"},"geometry":{"type":"Polygon","coordinates":[[[-53.478,-25.343],[-53.333,-25.364],[-53.312,-25.367],[-53.327,-25.304],[-53.281,-25.28],[-53.28,-25.253],[-53.247,-25.178],[-53.227,-25.164],[-53.217,-25.127],[-53.14,-25.094],[-53.101,-25.096],[-53.076,-25.003],[-53.104,-24.96],[-53.083,-24.919],[-53.092,-24.912],[-53.16,-24.918],[-53.184,-24.939],[-53.208,-24.95],[-53.221,-24.926],[-53.274,-24.905],[-53.273,-24.838],[-53.283,-24.832],[-53.408,-24.836],[-53.402,-24.82],[-53.351,-24.806],[-53.346,-24.791],[-53.454,-24.801],[-53.457,-24.744],[-53.537,-24.744],[-53.575,-24.802],[-53.61,-24.802],[-53.632,-24.787],[-53.685,-24.779],[-53.698,-24.803],[-53.671,-24.852],[-53.626,-24.872],[-53.595,-24.926],[-53.551,-24.948],[-53.57,-24.986],[-53.549,-25.036],[-53.509,-25.06],[-53.542,-25.102],[-53.529,-25.141],[-53.533,-25.171],[-53.534,-25.22],[-53.444,-25.225],[-53.426,-25.241],[-53.434,-25.293],[-53.48,-25.342],[-53.478,-25.343]]]}},{"type":"Feature","properties":{"code":"4121257"},"geometry":{"type":"Polygon","coordinates":[[[-54.099,-25.166],[-54.099,-25.176],[-54.021,-25.176],[-53.981,-25.127],[-53.984,-25.078],[-54.027,-25.035],[-54.073,-25.035],[-54.093,-25.045],[-54.169,-25.028],[-54.194,-25.114],[-54.098,-25.11],[-54.099,-25.166]]]}},{"type":"Feature","properties":{"code":"4121604"},"geometry":{"type":"Polygon","coordinates":[[[-52.993,-26.099],[-52.985,-26.16],[-53.023,-26.206],[-53.068,-26.236],[-53.064,-26.277],[-53.022,-26.319],[-53.028,-26.37],[-52.993,-26.348],[-52.938,-26.362],[-52.908,-26.36],[-52.897,-26.307],[-52.898,-26.26],[-52.852,-26.207],[-52.848,-26.181],[-52.82,-26.147],[-52.825,-26.131],[-52.877,-26.123],[-52.933,-26.089],[-52.929,-26.071],[-52.993,-26.099]]]}},{"type":"Feature","properties":{"code":"4113403"},"geometry":{"type":"Polygon","coordinates":[[[-50.843,-23.11],[-50.802,-23.137],[-50.78,-23.124],[-50.734,-23.137],[-50.676,-23.101],[-50.637,-23.061],[-50.621,-23.014],[-50.61,-22.973],[-50.631,-22.939],[-50.637,-22.907],[-50.682,-22.906],[-50.71,-22.953],[-50.73,-22.962],[-50.759,-22.948],[-50.796,-22.951],[-50.771,-23.009],[-50.775,-23.044],[-50.797,-23.08],[-50.843,-23.11]]]}},{"type":"Feature","properties":{"code":"4105201"},"geometry":{"type":"Polygon","coordinates":[[[-49.499,-24.904],[-49.45,-24.915],[-49.398,-24.877],[-49.373,-24.926],[-49.393,-24.975],[-49.355,-24.997],[-49.302,-25.042],[-49.238,-25.078],[-49.213,-25.073],[-49.139,-25.097],[-49.094,-25.079],[-49.052,-25.052],[-49.095,-25.032],[-49.107,-24.953],[-49.127,-24.908],[-49.103,-24.893],[-49.072,-24.848],[-49.058,-24.8],[-49.067,-24.779],[-49.095,-24.775],[-49.114,-24.721],[-49.136,-24.71],[-49.13,-24.682],[-49.158,-24.672],[-49.186,-24.673],[-49.208,-24.701],[-49.221,-24.738],[-49.202,-24.78],[-49.27,-24.794],[-49.394,-24.729],[-49.431,-24.726],[-49.474,-24.71],[-49.486,-24.72],[-49.531,-24.713],[-49.571,-24.79],[-49.538,-24.819],[-49.529,-24.861],[-49.499,-24.904]]]}},{"type":"Feature","properties":{"code":"4113452"},"geometry":{"type":"Polygon","coordinates":[[[-53.659,-25.352],[-53.627,-25.347],[-53.538,-25.333],[-53.48,-25.342],[-53.434,-25.293],[-53.426,-25.241],[-53.444,-25.225],[-53.534,-25.22],[-53.533,-25.171],[-53.59,-25.169],[-53.655,-25.147],[-53.653,-25.197],[-53.638,-25.24],[-53.659,-25.352]]]}},{"type":"Feature","properties":{"code":"4113429"},"geometry":{"type":"Polygon","coordinates":[[[-51.712,-24.092],[-51.701,-24.141],[-51.657,-24.149],[-51.58,-24.126],[-51.55,-24.094],[-51.619,-24.026],[-51.641,-24.046],[-51.676,-24.002],[-51.681,-24.052],[-51.712,-24.092]]]}},{"type":"Feature","properties":{"code":"4113254"},"geometry":{"type":"Polygon","coordinates":[[[-52.412,-25.019],[-52.381,-24.961],[-52.382,-24.89],[-52.4,-24.832],[-52.431,-24.761],[-52.453,-24.746],[-52.49,-24.74],[-52.541,-24.77],[-52.537,-24.84],[-52.602,-24.879],[-52.602,-24.896],[-52.637,-24.908],[-52.656,-24.929],[-52.592,-24.965],[-52.568,-24.966],[-52.555,-25.035],[-52.518,-25.05],[-52.514,-25.025],[-52.456,-25.028],[-52.412,-25.019]]]}},{"type":"Feature","properties":{"code":"4121505"},"geometry":{"type":"Polygon","coordinates":[[[-50.601,-25.784],[-50.593,-25.76],[-50.538,-25.758],[-50.515,-25.733],[-50.49,-25.735],[-50.481,-25.705],[-50.456,-25.683],[-50.475,-25.655],[-50.5,-25.647],[-50.525,-25.595],[-50.547,-25.578],[-50.585,-25.574],[-50.623,-25.584],[-50.719,-25.554],[-50.761,-25.567],[-50.788,-25.6],[-50.791,-25.656],[-50.753,-25.656],[-50.712,-25.685],[-50.664,-25.693],[-50.675,-25.731],[-50.653,-25.762],[-50.616,-25.766],[-50.601,-25.784]]]}},{"type":"Feature","properties":{"code":"4113304"},"geometry":{"type":"Polygon","coordinates":[[[-52.431,-25.505],[-52.405,-25.484],[-52.345,-25.492],[-52.299,-25.484],[-52.265,-25.473],[-52.278,-25.442],[-52.29,-25.377],[-52.287,-25.338],[-52.256,-25.31],[-52.259,-25.256],[-52.3,-25.241],[-52.303,-25.198],[-52.323,-25.195],[-52.397,-25.128],[-52.417,-25.153],[-52.423,-25.21],[-52.446,-25.235],[-52.41,-25.253],[-52.411,-25.288],[-52.467,-25.325],[-52.511,-25.329],[-52.524,-25.38],[-52.566,-25.431],[-52.536,-25.419],[-52.471,-25.463],[-52.431,-25.505]]]}},{"type":"Feature","properties":{"code":"4105102"},"geometry":{"type":"Polygon","coordinates":[[[-51.481,-22.917],[-51.476,-22.833],[-51.484,-22.798],[-51.483,-22.759],[-51.513,-22.729],[-51.517,-22.69],[-51.56,-22.697],[-51.628,-22.658],[-51.629,-22.658],[-51.628,-22.831],[-51.64,-22.831],[-51.653,-22.862],[-51.632,-22.888],[-51.603,-22.918],[-51.578,-22.913],[-51.55,-22.901],[-51.532,-22.93],[-51.481,-22.917]]]}},{"type":"Feature","properties":{"code":"4120804"},"geometry":{"type":"Polygon","coordinates":[[[-49.104,-25.394],[-49.046,-25.399],[-49.038,-25.417],[-49.001,-25.442],[-48.964,-25.444],[-48.968,-25.428],[-48.899,-25.345],[-48.906,-25.333],[-48.946,-25.306],[-49.015,-25.311],[-49.048,-25.347],[-49.124,-25.371],[-49.12,-25.378],[-49.104,-25.394]]]}},{"type":"Feature","properties":{"code":"4104451"},"geometry":{"type":"Polygon","coordinates":[[[-52.219,-25.256],[-52.221,-25.293],[-52.205,-25.327],[-52.172,-25.365],[-52.164,-25.395],[-52.181,-25.432],[-52.206,-25.454],[-52.193,-25.478],[-52.114,-25.452],[-52.062,-25.391],[-52.032,-25.386],[-52.009,-25.364],[-52.015,-25.317],[-52.003,-25.31],[-51.996,-25.294],[-52.025,-25.246],[-52.057,-25.242],[-52.076,-25.21],[-52.073,-25.16],[-52.085,-25.136],[-52.113,-25.152],[-52.13,-25.134],[-52.155,-25.151],[-52.245,-25.153],[-52.238,-25.209],[-52.257,-25.221],[-52.219,-25.256]]]}},{"type":"Feature","properties":{"code":"4112603"},"geometry":{"type":"Polygon","coordinates":[[[-52.004,-22.615],[-52.004,-22.581],[-52.028,-22.54],[-52.033,-22.539],[-52.052,-22.539],[-52.109,-22.516],[-52.136,-22.527],[-52.152,-22.569],[-52.08,-22.642],[-52.069,-22.614],[-52.004,-22.615]]]}},{"type":"Feature","properties":{"code":"4104428"},"geometry":{"type":"Polygon","coordinates":[[[-52.23,-25.74],[-52.126,-25.674],[-52.099,-25.632],[-52.056,-25.611],[-52.047,-25.624],[-51.996,-25.634],[-51.974,-25.65],[-51.941,-25.653],[-51.929,-25.63],[-51.891,-25.639],[-51.869,-25.607],[-51.839,-25.617],[-51.798,-25.596],[-51.785,-25.497],[-51.751,-25.463],[-51.789,-25.407],[-51.758,-25.376],[-51.767,-25.36],[-51.738,-25.307],[-51.761,-25.301],[-51.801,-25.327],[-51.838,-25.312],[-51.882,-25.329],[-51.936,-25.332],[-51.965,-25.351],[-52.009,-25.364],[-52.032,-25.386],[-52.062,-25.391],[-52.114,-25.452],[-52.193,-25.478],[-52.217,-25.485],[-52.242,-25.565],[-52.275,-25.577],[-52.288,-25.608],[-52.309,-25.618],[-52.305,-25.649],[-52.341,-25.645],[-52.373,-25.66],[-52.411,-25.663],[-52.39,-25.698],[-52.363,-25.708],[-52.318,-25.677],[-52.306,-25.709],[-52.286,-25.712],[-52.251,-25.745],[-52.23,-25.74]]]}},{"type":"Feature","properties":{"code":"4104402"},"geometry":{"type":"Polygon","coordinates":[[[-51.333,-24.76],[-51.257,-24.788],[-51.208,-24.767],[-51.194,-24.799],[-51.145,-24.824],[-51.145,-24.85],[-51.118,-24.9],[-51.087,-24.938],[-51.03,-24.955],[-51.018,-24.969],[-50.987,-24.964],[-50.974,-24.937],[-50.98,-24.898],[-50.971,-24.853],[-51.023,-24.861],[-51.067,-24.816],[-51.063,-24.692],[-51.081,-24.665],[-51.081,-24.638],[-51.131,-24.617],[-51.13,-24.581],[-51.183,-24.569],[-51.188,-24.547],[-51.166,-24.487],[-51.139,-24.468],[-51.239,-24.435],[-51.301,-24.415],[-51.349,-24.435],[-51.385,-24.438],[-51.426,-24.404],[-51.457,-24.441],[-51.48,-24.428],[-51.473,-24.468],[-51.453,-24.482],[-51.45,-24.53],[-51.468,-24.555],[-51.455,-24.581],[-51.489,-24.626],[-51.472,-24.648],[-51.451,-24.658],[-51.446,-24.687],[-51.417,-24.722],[-51.411,-24.755],[-51.374,-24.773],[-51.333,-24.76]]]}},{"type":"Feature","properties":{"code":"4112702"},"geometry":{"type":"Polygon","coordinates":[[[-50.846,-23.283],[-50.897,-23.281],[-50.905,-23.147],[-50.96,-23.148],[-50.951,-23.172],[-50.969,-23.197],[-50.967,-23.237],[-50.988,-23.254],[-50.963,-23.303],[-50.898,-23.35],[-50.874,-23.332],[-50.846,-23.283]]]}},{"type":"Feature","properties":{"code":"4120853"},"geometry":{"type":"Polygon","coordinates":[[[-53.988,-24.485],[-54.014,-24.512],[-54.011,-24.594],[-53.998,-24.605],[-54.006,-24.658],[-53.961,-24.65],[-53.961,-24.629],[-53.918,-24.576],[-53.932,-24.566],[-53.959,-24.507],[-53.988,-24.485]]]}},{"type":"Feature","properties":{"code":"4104501"},"geometry":{"type":"Polygon","coordinates":[[[-53.85,-25.691],[-53.82,-25.709],[-53.781,-25.704],[-53.732,-25.665],[-53.712,-25.674],[-53.658,-25.641],[-53.622,-25.648],[-53.613,-25.636],[-53.619,-25.585],[-53.604,-25.562],[-53.624,-25.533],[-53.682,-25.505],[-53.718,-25.552],[-53.725,-25.586],[-53.758,-25.553],[-53.776,-25.556],[-53.782,-25.6],[-53.817,-25.596],[-53.798,-25.554],[-53.809,-25.54],[-53.896,-25.595],[-53.916,-25.583],[-53.94,-25.572],[-53.991,-25.586],[-53.961,-25.629],[-53.932,-25.623],[-53.862,-25.659],[-53.85,-25.691]]]}},{"type":"Feature","properties":{"code":"4120705"},"geometry":{"type":"Polygon","coordinates":[[[-50.038,-23.549],[-50.024,-23.567],[-49.954,-23.599],[-49.903,-23.6],[-49.85,-23.571],[-49.865,-23.522],[-49.882,-23.505],[-49.923,-23.556],[-49.973,-23.533],[-50.004,-23.534],[-50.038,-23.549]]]}},{"type":"Feature","properties":{"code":"4112504"},"geometry":{"type":"Polygon","coordinates":[[[-51.916,-24.326],[-51.853,-24.303],[-51.825,-24.306],[-51.813,-24.242],[-51.766,-24.244],[-51.717,-24.255],[-51.689,-24.209],[-51.624,-24.209],[-51.578,-24.187],[-51.559,-24.157],[-51.549,-24.128],[-51.58,-24.126],[-51.657,-24.149],[-51.701,-24.141],[-51.712,-24.092],[-51.739,-24.111],[-51.845,-24.17],[-51.96,-24.24],[-51.954,-24.247],[-51.922,-24.289],[-51.916,-24.326]]]}},{"type":"Feature","properties":{"code":"4120655"},"geometry":{"type":"Polygon","coordinates":[[[-53.009,-24.281],[-53.039,-24.275],[-53.06,-24.238],[-53.09,-24.227],[-53.185,-24.239],[-53.217,-24.255],[-53.257,-24.233],[-53.278,-24.254],[-53.29,-24.306],[-53.275,-24.338],[-53.247,-24.329],[-53.167,-24.364],[-53.159,-24.395],[-53.12,-24.406],[-53.078,-24.399],[-53.078,-24.318],[-53.009,-24.281]]]}},{"type":"Feature","properties":{"code":"4104303"},"geometry":{"type":"Polygon","coordinates":[[[-52.443,-24.298],[-52.419,-24.284],[-52.391,-24.219],[-52.346,-24.16],[-52.326,-24.154],[-52.222,-24.193],[-52.228,-24.178],[-52.199,-24.14],[-52.208,-24.106],[-52.19,-24.056],[-52.231,-24.032],[-52.232,-23.995],[-52.371,-23.99],[-52.421,-24.007],[-52.461,-23.986],[-52.462,-23.955],[-52.508,-23.985],[-52.533,-24.018],[-52.516,-24.044],[-52.517,-24.092],[-52.544,-24.104],[-52.523,-24.126],[-52.506,-24.174],[-52.523,-24.224],[-52.474,-24.235],[-52.443,-24.298]]]}},{"type":"Feature","properties":{"code":"4112900"},"geometry":{"type":"Polygon","coordinates":[[[-50.298,-23.584],[-50.244,-23.577],[-50.193,-23.57],[-50.16,-23.512],[-50.141,-23.49],[-50.13,-23.464],[-50.165,-23.438],[-50.171,-23.398],[-50.216,-23.379],[-50.234,-23.357],[-50.259,-23.355],[-50.299,-23.371],[-50.298,-23.584]]]}},{"type":"Feature","properties":{"code":"4104709"},"geometry":{"type":"Polygon","coordinates":[[[-49.624,-23.523],[-49.621,-23.493],[-49.598,-23.458],[-49.582,-23.429],[-49.602,-23.409],[-49.595,-23.367],[-49.638,-23.35],[-49.643,-23.363],[-49.693,-23.361],[-49.753,-23.373],[-49.792,-23.39],[-49.841,-23.435],[-49.864,-23.465],[-49.833,-23.475],[-49.813,-23.498],[-49.826,-23.53],[-49.819,-23.559],[-49.737,-23.56],[-49.674,-23.555],[-49.652,-23.546],[-49.624,-23.523]]]}},{"type":"Feature","properties":{"code":"4104659"},"geometry":{"type":"Polygon","coordinates":[[[-49.975,-25.021],[-49.962,-25.017],[-49.936,-24.958],[-49.957,-24.936],[-50.007,-24.917],[-50.032,-24.875],[-50.073,-24.855],[-50.077,-24.819],[-50.102,-24.807],[-50.126,-24.82],[-50.141,-24.787],[-50.192,-24.757],[-50.245,-24.766],[-50.305,-24.791],[-50.293,-24.82],[-50.297,-24.856],[-50.357,-24.842],[-50.321,-24.893],[-50.299,-24.925],[-50.268,-24.933],[-50.24,-24.962],[-50.179,-24.962],[-50.151,-25.01],[-50.056,-24.989],[-50.002,-25.004],[-49.975,-25.021]]]}},{"type":"Feature","properties":{"code":"4112959"},"geometry":{"type":"Polygon","coordinates":[[[-52.873,-24.51],[-52.845,-24.493],[-52.821,-24.512],[-52.767,-24.495],[-52.779,-24.479],[-52.733,-24.421],[-52.737,-24.388],[-52.712,-24.359],[-52.714,-24.322],[-52.701,-24.299],[-52.747,-24.298],[-52.8,-24.347],[-52.869,-24.385],[-52.869,-24.316],[-52.946,-24.329],[-52.975,-24.347],[-52.975,-24.413],[-52.885,-24.423],[-52.873,-24.51]]]}},{"type":"Feature","properties":{"code":"4121109"},"geometry":{"type":"Polygon","coordinates":[[[-52.146,-23.942],[-52.093,-23.874],[-52.049,-23.832],[-52.043,-23.812],[-52.034,-23.772],[-52.061,-23.731],[-52.111,-23.706],[-52.169,-23.761],[-52.187,-23.799],[-52.253,-23.856],[-52.265,-23.889],[-52.146,-23.942]]]}},{"type":"Feature","properties":{"code":"4112751"},"geometry":{"type":"Polygon","coordinates":[[[-53.444,-24.538],[-53.35,-24.542],[-53.352,-24.498],[-53.38,-24.494],[-53.389,-24.409],[-53.345,-24.365],[-53.374,-24.292],[-53.429,-24.304],[-53.461,-24.285],[-53.473,-24.314],[-53.449,-24.356],[-53.47,-24.394],[-53.448,-24.408],[-53.456,-24.46],[-53.444,-24.538]]]}},{"type":"Feature","properties":{"code":"4120903"},"geometry":{"type":"Polygon","coordinates":[[[-52.857,-25.603],[-52.836,-25.585],[-52.806,-25.604],[-52.785,-25.567],[-52.788,-25.545],[-52.765,-25.513],[-52.781,-25.496],[-52.788,-25.472],[-52.814,-25.445],[-52.859,-25.438],[-52.86,-25.408],[-52.842,-25.391],[-52.847,-25.348],[-52.903,-25.313],[-52.916,-25.279],[-52.972,-25.304],[-52.997,-25.323],[-53.032,-25.329],[-53.063,-25.354],[-53.083,-25.354],[-53.106,-25.388],[-53.115,-25.48],[-53.152,-25.497],[-53.144,-25.514],[-53.135,-25.558],[-53.078,-25.539],[-53.069,-25.567],[-53.001,-25.535],[-52.986,-25.569],[-52.955,-25.555],[-52.907,-25.564],[-52.88,-25.609],[-52.857,-25.603]]]}},{"type":"Feature","properties":{"code":"4121000"},"geometry":{"type":"Polygon","coordinates":[[[-53.715,-23.283],[-53.699,-23.306],[-53.629,-23.27],[-53.635,-23.241],[-53.615,-23.211],[-53.582,-23.226],[-53.557,-23.216],[-53.539,-23.188],[-53.515,-23.198],[-53.47,-23.179],[-53.455,-23.105],[-53.366,-22.974],[-53.318,-22.912],[-53.337,-22.92],[-53.373,-22.895],[-53.37,-22.852],[-53.395,-22.84],[-53.41,-22.814],[-53.43,-22.833],[-53.485,-22.864],[-53.547,-22.89],[-53.571,-22.928],[-53.607,-22.951],[-53.634,-23.003],[-53.63,-23.014],[-53.637,-23.125],[-53.655,-23.144],[-53.669,-23.184],[-53.699,-23.235],[-53.715,-23.283]]]}},{"type":"Feature","properties":{"code":"4112801"},"geometry":{"type":"Polygon","coordinates":[[[-49.819,-23.559],[-49.826,-23.53],[-49.813,-23.498],[-49.833,-23.475],[-49.864,-23.465],[-49.841,-23.435],[-49.865,-23.352],[-49.891,-23.335],[-49.933,-23.306],[-49.936,-23.373],[-49.925,-23.391],[-49.949,-23.432],[-50.004,-23.445],[-50.021,-23.478],[-49.986,-23.498],[-50.004,-23.534],[-49.973,-23.533],[-49.923,-23.556],[-49.882,-23.505],[-49.865,-23.522],[-49.85,-23.571],[-49.819,-23.559]]]}},{"type":"Feature","properties":{"code":"4128500"},"geometry":{"type":"Polygon","coordinates":[[[-49.795,-24.004],[-49.75,-23.992],[-49.719,-23.967],[-49.769,-23.913],[-49.733,-23.879],[-49.706,-23.873],[-49.673,-23.847],[-49.678,-23.826],[-49.698,-23.742],[-49.738,-23.748],[-49.763,-23.737],[-49.83,-23.765],[-49.88,-23.835],[-49.923,-23.845],[-49.896,-23.877],[-49.841,-23.914],[-49.828,-23.981],[-49.795,-24.004]]]}},{"type":"Feature","properties":{"code":"4104600"},"geometry":{"type":"Polygon","coordinates":[[[-53.477,-25.532],[-53.467,-25.494],[-53.48,-25.461],[-53.515,-25.441],[-53.595,-25.433],[-53.608,-25.419],[-53.627,-25.347],[-53.659,-25.352],[-53.676,-25.372],[-53.673,-25.43],[-53.699,-25.485],[-53.682,-25.505],[-53.624,-25.533],[-53.604,-25.562],[-53.576,-25.562],[-53.579,-25.526],[-53.55,-25.51],[-53.537,-25.546],[-53.5,-25.55],[-53.477,-25.532]]]}},{"type":"Feature","properties":{"code":"4120309"},"geometry":{"type":"Polygon","coordinates":[[[-51.207,-26.296],[-51.182,-26.279],[-51.158,-26.24],[-51.124,-26.212],[-51.135,-26.186],[-51.172,-26.184],[-51.18,-26.166],[-51.24,-26.157],[-51.278,-26.143],[-51.292,-26.167],[-51.276,-26.204],[-51.285,-26.244],[-51.263,-26.29],[-51.253,-26.351],[-51.207,-26.296]]]}},{"type":"Feature","properties":{"code":"4112108"},"geometry":{"type":"Polygon","coordinates":[[[-51.61,-23.688],[-51.606,-23.657],[-51.614,-23.605],[-51.602,-23.581],[-51.625,-23.549],[-51.645,-23.576],[-51.707,-23.573],[-51.756,-23.6],[-51.794,-23.607],[-51.796,-23.631],[-51.767,-23.635],[-51.766,-23.658],[-51.696,-23.68],[-51.695,-23.704],[-51.634,-23.667],[-51.61,-23.688]]]}},{"type":"Feature","properties":{"code":"4128559"},"geometry":{"type":"Polygon","coordinates":[[[-53.954,-25.103],[-53.808,-25.096],[-53.81,-24.976],[-53.831,-24.972],[-53.884,-24.992],[-53.916,-24.957],[-53.902,-24.915],[-53.956,-24.903],[-54.021,-24.91],[-54.045,-24.891],[-54.034,-24.93],[-53.966,-25.076],[-53.954,-25.103]]]}},{"type":"Feature","properties":{"code":"4103909"},"geometry":{"type":"Polygon","coordinates":[[[-52.704,-24.747],[-52.687,-24.732],[-52.688,-24.677],[-52.596,-24.575],[-52.594,-24.546],[-52.626,-24.512],[-52.655,-24.498],[-52.708,-24.489],[-52.736,-24.473],[-52.767,-24.495],[-52.821,-24.512],[-52.845,-24.493],[-52.873,-24.51],[-52.919,-24.561],[-52.922,-24.584],[-52.951,-24.614],[-52.944,-24.63],[-52.979,-24.67],[-52.964,-24.705],[-52.913,-24.717],[-52.92,-24.762],[-52.877,-24.751],[-52.86,-24.759],[-52.839,-24.731],[-52.764,-24.747],[-52.704,-24.747]]]}},{"type":"Feature","properties":{"code":"4128534"},"geometry":{"type":"Polygon","coordinates":[[[-50.169,-24.29],[-50.191,-24.278],[-50.206,-24.244],[-50.185,-24.173],[-50.121,-24.143],[-50.097,-24.12],[-50.108,-24.077],[-50.132,-24.048],[-50.182,-24.029],[-50.221,-23.997],[-50.233,-23.971],[-50.269,-23.955],[-50.29,-23.959],[-50.289,-23.988],[-50.31,-24.022],[-50.336,-24.025],[-50.344,-24.067],[-50.331,-24.123],[-50.36,-24.169],[-50.333,-24.216],[-50.351,-24.246],[-50.3,-24.266],[-50.269,-24.294],[-50.304,-24.331],[-50.359,-24.376],[-50.312,-24.362],[-50.246,-24.42],[-50.21,-24.426],[-50.174,-24.424],[-50.141,-24.401],[-50.152,-24.36],[-50.147,-24.307],[-50.169,-24.29]]]}},{"type":"Feature","properties":{"code":"4120358"},"geometry":{"type":"Polygon","coordinates":[[[-53.739,-26.041],[-53.65,-25.986],[-53.591,-25.978],[-53.566,-25.957],[-53.575,-25.93],[-53.61,-25.952],[-53.684,-25.924],[-53.697,-25.901],[-53.747,-25.929],[-53.819,-25.912],[-53.842,-25.932],[-53.837,-25.97],[-53.819,-25.976],[-53.772,-26.032],[-53.739,-26.041]]]}},{"type":"Feature","properties":{"code":"4104006"},"geometry":{"type":"Polygon","coordinates":[[[-49.124,-25.371],[-49.048,-25.347],[-49.015,-25.311],[-48.946,-25.306],[-48.906,-25.333],[-48.905,-25.302],[-48.887,-25.291],[-48.845,-25.31],[-48.819,-25.223],[-48.844,-25.19],[-48.846,-25.164],[-48.82,-25.133],[-48.781,-25.124],[-48.757,-25.098],[-48.727,-25.09],[-48.697,-25.117],[-48.645,-25.131],[-48.639,-25.109],[-48.576,-25.084],[-48.549,-25.109],[-48.529,-25.101],[-48.556,-25.087],[-48.58,-25.053],[-48.598,-25.003],[-48.634,-24.999],[-48.671,-25.017],[-48.695,-25.053],[-48.729,-25.038],[-48.795,-25.064],[-48.825,-25.096],[-48.866,-25.109],[-48.875,-25.167],[-48.922,-25.201],[-48.944,-25.199],[-48.98,-25.268],[-49.062,-25.265],[-49.094,-25.275],[-49.123,-25.299],[-49.136,-25.341],[-49.124,-25.371]]]}},{"type":"Feature","properties":{"code":"4120333"},"geometry":{"type":"Polygon","coordinates":[[[-51.492,-23.067],[-51.398,-23.09],[-51.383,-23.082],[-51.344,-23.027],[-51.32,-23.013],[-51.344,-22.962],[-51.403,-22.977],[-51.416,-22.991],[-51.456,-22.978],[-51.471,-23.049],[-51.492,-23.067]]]}},{"type":"Feature","properties":{"code":"4103958"},"geometry":{"type":"Polygon","coordinates":[[[-51.672,-25.094],[-51.704,-25.071],[-51.753,-25.069],[-51.777,-25.044],[-51.774,-25.023],[-51.807,-25.019],[-51.834,-24.997],[-51.895,-25.016],[-51.873,-25.104],[-51.887,-25.174],[-51.873,-25.222],[-51.787,-25.231],[-51.745,-25.202],[-51.702,-25.23],[-51.652,-25.22],[-51.638,-25.198],[-51.656,-25.168],[-51.652,-25.145],[-51.672,-25.094]]]}},{"type":"Feature","properties":{"code":"4103800"},"geometry":{"type":"Polygon","coordinates":[[[-51.481,-23.699],[-51.478,-23.681],[-51.499,-23.647],[-51.529,-23.629],[-51.576,-23.573],[-51.578,-23.542],[-51.6,-23.52],[-51.61,-23.484],[-51.631,-23.532],[-51.625,-23.549],[-51.602,-23.581],[-51.614,-23.605],[-51.606,-23.657],[-51.61,-23.688],[-51.593,-23.706],[-51.577,-23.692],[-51.546,-23.706],[-51.481,-23.699]]]}},{"type":"Feature","properties":{"code":"4120150"},"geometry":{"type":"Polygon","coordinates":[[[-52.529,-25.647],[-52.467,-25.679],[-52.431,-25.679],[-52.39,-25.698],[-52.411,-25.663],[-52.373,-25.66],[-52.341,-25.645],[-52.305,-25.649],[-52.309,-25.618],[-52.288,-25.608],[-52.275,-25.577],[-52.269,-25.499],[-52.299,-25.484],[-52.345,-25.492],[-52.405,-25.484],[-52.431,-25.505],[-52.412,-25.525],[-52.441,-25.539],[-52.444,-25.561],[-52.492,-25.612],[-52.518,-25.617],[-52.529,-25.647]]]}},{"type":"Feature","properties":{"code":"4128401"},"geometry":{"type":"Polygon","coordinates":[[[-50.905,-23.147],[-50.897,-23.281],[-50.846,-23.283],[-50.802,-23.305],[-50.761,-23.288],[-50.736,-23.251],[-50.802,-23.137],[-50.843,-23.11],[-50.855,-23.111],[-50.871,-23.147],[-50.905,-23.147]]]}},{"type":"Feature","properties":{"code":"4120200"},"geometry":{"type":"Polygon","coordinates":[[[-53.253,-22.896],[-53.248,-22.867],[-53.289,-22.855],[-53.266,-22.833],[-53.264,-22.801],[-53.236,-22.794],[-53.24,-22.733],[-53.327,-22.765],[-53.364,-22.784],[-53.38,-22.804],[-53.41,-22.814],[-53.395,-22.84],[-53.37,-22.852],[-53.373,-22.895],[-53.337,-22.92],[-53.318,-22.912],[-53.285,-22.935],[-53.253,-22.896]]]}},{"type":"Feature","properties":{"code":"4112009"},"geometry":{"type":"Polygon","coordinates":[[[-49.512,-24.612],[-49.51,-24.553],[-49.528,-24.523],[-49.478,-24.46],[-49.456,-24.391],[-49.463,-24.367],[-49.599,-24.366],[-49.581,-24.246],[-49.629,-24.148],[-49.614,-24.085],[-49.634,-24.07],[-49.68,-24.078],[-49.697,-24.065],[-49.731,-24.083],[-49.756,-24.079],[-49.768,-24.14],[-49.739,-24.174],[-49.789,-24.238],[-49.91,-24.194],[-49.964,-24.222],[-49.985,-24.246],[-49.961,-24.309],[-49.973,-24.338],[-49.939,-24.371],[-49.894,-24.361],[-49.812,-24.425],[-49.797,-24.46],[-49.738,-24.445],[-49.634,-24.497],[-49.621,-24.604],[-49.567,-24.608],[-49.539,-24.572],[-49.512,-24.612]]]}},{"type":"Feature","properties":{"code":"4128807"},"geometry":{"type":"Polygon","coordinates":[[[-53.724,-23.71],[-53.705,-23.737],[-53.673,-23.751],[-53.637,-23.801],[-53.619,-23.848],[-53.605,-23.837],[-53.536,-23.82],[-53.495,-23.77],[-53.46,-23.751],[-53.461,-23.715],[-53.487,-23.68],[-53.582,-23.674],[-53.593,-23.663],[-53.657,-23.654],[-53.718,-23.674],[-53.748,-23.672],[-53.724,-23.71]]]}},{"type":"Feature","properties":{"code":"4120606"},"geometry":{"type":"Polygon","coordinates":[[[-51.139,-25.504],[-51.125,-25.514],[-51.081,-25.501],[-51.07,-25.481],[-51.026,-25.467],[-51.017,-25.444],[-50.984,-25.434],[-50.921,-25.389],[-50.85,-25.373],[-50.816,-25.391],[-50.788,-25.381],[-50.812,-25.352],[-50.803,-25.274],[-50.819,-25.263],[-50.812,-25.233],[-50.891,-25.201],[-50.904,-25.172],[-50.95,-25.157],[-50.932,-25.109],[-50.938,-25.073],[-50.953,-25.072],[-50.971,-25.006],[-51.001,-25.004],[-51.018,-24.969],[-51.03,-24.955],[-51.087,-24.938],[-51.118,-24.9],[-51.145,-24.85],[-51.145,-24.824],[-51.194,-24.799],[-51.208,-24.767],[-51.257,-24.788],[-51.333,-24.76],[-51.316,-24.784],[-51.365,-24.807],[-51.394,-24.877],[-51.399,-24.91],[-51.37,-24.943],[-51.341,-24.941],[-51.325,-25.021],[-51.297,-25.064],[-51.284,-25.04],[-51.227,-25.082],[-51.24,-25.093],[-51.224,-25.136],[-51.183,-25.184],[-51.206,-25.211],[-51.184,-25.265],[-51.203,-25.279],[-51.197,-25.316],[-51.145,-25.334],[-51.135,-25.368],[-51.142,-25.406],[-51.123,-25.437],[-51.09,-25.451],[-51.114,-25.476],[-51.135,-25.476],[-51.139,-25.504]]]}},{"type":"Feature","properties":{"code":"4104253"},"geometry":{"type":"Polygon","coordinates":[[[-49.383,-25.418],[-49.347,-25.375],[-49.342,-25.347],[-49.372,-25.341],[-49.406,-25.296],[-49.409,-25.273],[-49.451,-25.245],[-49.448,-25.202],[-49.466,-25.186],[-49.555,-25.178],[-49.574,-25.192],[-49.578,-25.232],[-49.559,-25.266],[-49.529,-25.27],[-49.518,-25.291],[-49.473,-25.325],[-49.481,-25.356],[-49.467,-25.377],[-49.383,-25.418]]]}},{"type":"Feature","properties":{"code":"4128633"},"geometry":{"type":"Polygon","coordinates":[[[-49.531,-24.713],[-49.486,-24.72],[-49.474,-24.71],[-49.431,-24.726],[-49.394,-24.729],[-49.27,-24.794],[-49.202,-24.78],[-49.221,-24.738],[-49.208,-24.701],[-49.278,-24.693],[-49.312,-24.663],[-49.304,-24.597],[-49.316,-24.555],[-49.28,-24.536],[-49.296,-24.5],[-49.245,-24.465],[-49.251,-24.445],[-49.252,-24.434],[-49.275,-24.417],[-49.311,-24.426],[-49.353,-24.472],[-49.472,-24.545],[-49.492,-24.543],[-49.502,-24.607],[-49.512,-24.612],[-49.539,-24.572],[-49.567,-24.608],[-49.592,-24.636],[-49.64,-24.642],[-49.622,-24.682],[-49.572,-24.669],[-49.531,-24.713]]]}},{"type":"Feature","properties":{"code":"4112405"},"geometry":{"type":"Polygon","coordinates":[[[-52.601,-23.477],[-52.569,-23.509],[-52.519,-23.505],[-52.465,-23.455],[-52.475,-23.407],[-52.525,-23.366],[-52.54,-23.367],[-52.616,-23.415],[-52.595,-23.465],[-52.601,-23.477]]]}},{"type":"Feature","properties":{"code":"4128625"},"geometry":{"type":"Polygon","coordinates":[[[-53.657,-23.654],[-53.651,-23.619],[-53.664,-23.585],[-53.654,-23.473],[-53.664,-23.456],[-53.762,-23.359],[-53.776,-23.375],[-53.816,-23.386],[-53.932,-23.446],[-53.96,-23.443],[-53.987,-23.467],[-54.004,-23.511],[-54.007,-23.545],[-54.024,-23.586],[-54.031,-23.628],[-53.88,-23.664],[-53.856,-23.661],[-53.748,-23.672],[-53.718,-23.674],[-53.657,-23.654]]]}},{"type":"Feature","properties":{"code":"4128609"},"geometry":{"type":"Polygon","coordinates":[[[-52.918,-25.942],[-52.887,-25.95],[-52.869,-25.923],[-52.843,-25.912],[-52.867,-25.866],[-52.854,-25.831],[-52.896,-25.831],[-52.905,-25.805],[-52.945,-25.782],[-52.979,-25.782],[-52.99,-25.814],[-53.026,-25.858],[-53.08,-25.877],[-53.072,-25.913],[-53.092,-25.949],[-53.028,-25.937],[-52.985,-25.952],[-52.918,-25.942]]]}},{"type":"Feature","properties":{"code":"4104204"},"geometry":{"type":"Polygon","coordinates":[[[-49.563,-25.548],[-49.523,-25.526],[-49.469,-25.482],[-49.438,-25.48],[-49.389,-25.496],[-49.374,-25.513],[-49.383,-25.486],[-49.383,-25.418],[-49.467,-25.377],[-49.481,-25.356],[-49.473,-25.325],[-49.518,-25.291],[-49.529,-25.27],[-49.559,-25.266],[-49.578,-25.232],[-49.574,-25.192],[-49.555,-25.178],[-49.574,-25.125],[-49.602,-25.087],[-49.58,-25.074],[-49.551,-25.037],[-49.599,-25.011],[-49.604,-24.987],[-49.64,-25.01],[-49.659,-25.006],[-49.711,-25.034],[-49.743,-25.078],[-49.725,-25.134],[-49.688,-25.158],[-49.686,-25.184],[-49.731,-25.224],[-49.778,-25.195],[-49.815,-25.228],[-49.844,-25.239],[-49.82,-25.272],[-49.757,-25.361],[-49.735,-25.363],[-49.74,-25.39],[-49.728,-25.424],[-49.695,-25.438],[-49.682,-25.473],[-49.647,-25.471],[-49.604,-25.449],[-49.574,-25.466],[-49.591,-25.495],[-49.563,-25.548]]]}}]}