{"type":"FeatureCollection","features":[{"type":"Feature","properties":{"code":"4202438"},"geometry":{"type":"Polygon","coordinates":[[[-50.067,-27.811],[-50.017,-27.808],[-50.001,-27.797],[-49.959,-27.848],[-49.909,-27.846],[-49.869,-27.901],[-49.809,-27.868],[-49.778,-27.804],[-49.768,-27.782],[-49.78,-27.733],[-49.806,-27.705],[-49.841,-27.702],[-49.839,-27.678],[-49.87,-27.68],[-49.902,-27.653],[-49.937,-27.648],[-49.971,-27.657],[-50.0,-27.641],[-50.022,-27.684],[-50.031,-27.757],[-50.077,-27.783],[-50.067,-27.811]]]}},{"type":"Feature","properties":{"code":"4210605"},"geometry":{"type":"Polygon","coordinates":[[[-49.114,-26.613],[-49.102,-26.66],[-49.049,-26.651],[-49.025,-26.685],[-49.049,-26.709],[-49.05,-26.743],[-49.036,-26.773],[-49.013,-26.746],[-48.98,-26.737],[-48.937,-26.693],[-48.92,-26.66],[-48.885,-26.657],[-48.856,-26.634],[-48.86,-26.562],[-48.899,-26.542],[-48.94,-26.544],[-48.978,-26.573],[-49.012,-26.572],[-49.016,-26.547],[-49.051,-26.515],[-49.061,-26.544],[-49.09,-26.548],[-49.114,-26.613]]]}},{"type":"Feature","properties":{"code":"4202404"},"geometry":{"type":"Polygon","coordinates":[[[-49.057,-27.061],[-49.056,-26.994],[-49.041,-26.977],[-49.057,-26.955],[-49.012,-26.907],[-49.044,-26.878],[-49.039,-26.839],[-49.05,-26.789],[-49.03,-26.778],[-49.036,-26.773],[-49.05,-26.743],[-49.049,-26.709],[-49.025,-26.685],[-49.049,-26.651],[-49.102,-26.66],[-49.114,-26.613],[-49.13,-26.636],[-49.133,-26.694],[-49.11,-26.744],[-49.128,-26.833],[-49.198,-26.836],[-49.194,-26.855],[-49.16,-26.886],[-49.177,-26.918],[-49.163,-26.934],[-49.163,-26.99],[-49.136,-27.015],[-49.131,-27.068],[-49.155,-27.12],[-49.139,-27.133],[-49.095,-27.116],[-49.057,-27.091],[-49.057,-27.061]]]}},{"type":"Feature","properties":{"code":"4218103"},"geometry":{"type":"Polygon","coordinates":[[[-49.868,-28.88],[-49.792,-28.854],[-49.749,-28.831],[-49.733,-28.804],[-49.799,-28.752],[-49.798,-28.715],[-49.84,-28.713],[-49.869,-28.701],[-49.961,-28.772],[-49.962,-28.854],[-49.951,-28.893],[-49.965,-28.925],[-49.956,-28.949],[-49.896,-28.89],[-49.868,-28.88]]]}},{"type":"Feature","properties":{"code":"4209904"},"geometry":{"type":"Polygon","coordinates":[[[-49.447,-27.255],[-49.462,-27.231],[-49.456,-27.153],[-49.467,-27.105],[-49.496,-27.079],[-49.537,-27.117],[-49.592,-27.128],[-49.572,-27.143],[-49.576,-27.171],[-49.552,-27.237],[-49.527,-27.272],[-49.492,-27.301],[-49.454,-27.274],[-49.447,-27.255]]]}},{"type":"Feature","properties":{"code":"4201703"},"geometry":{"type":"Polygon","coordinates":[[[-49.469,-27.005],[-49.449,-27.013],[-49.377,-27.012],[-49.373,-26.988],[-49.318,-27.022],[-49.3,-26.997],[-49.316,-26.959],[-49.338,-26.966],[-49.39,-26.931],[-49.43,-26.915],[-49.465,-26.94],[-49.46,-26.965],[-49.469,-27.005]]]}},{"type":"Feature","properties":{"code":"4217956"},"geometry":{"type":"Polygon","coordinates":[[[-53.194,-26.699],[-53.166,-26.718],[-53.128,-26.721],[-53.111,-26.68],[-53.137,-26.64],[-53.205,-26.642],[-53.187,-26.671],[-53.194,-26.699]]]}},{"type":"Feature","properties":{"code":"4201604"},"geometry":{"type":"Polygon","coordinates":[[[-51.352,-26.981],[-51.283,-26.924],[-51.282,-26.878],[-51.325,-26.866],[-51.368,-26.869],[-51.37,-26.929],[-51.406,-26.943],[-51.394,-26.97],[-51.352,-26.981]]]}},{"type":"Feature","properties":{"code":"4209854"},"geometry":{"type":"Polygon","coordinates":[[[-52.109,-26.954],[-52.106,-26.997],[-52.123,-27.041],[-52.091,-27.075],[-52.049,-27.097],[-52.046,-27.14],[-51.994,-27.119],[-52.0,-27.052],[-52.016,-27.012],[-51.998,-26.983],[-52.012,-26.948],[-52.067,-26.96],[-52.109,-26.954]]]}},{"type":"Feature","properties":{"code":"4218004"},"geometry":{"type":"Polygon","coordinates":[[[-48.794,-27.353],[-48.73,-27.341],[-48.705,-27.355],[-48.663,-27.347],[-48.654,-27.321],[-48.627,-27.325],[-48.595,-27.316],[-48.615,-27.272],[-48.603,-27.218],[-48.661,-27.216],[-48.684,-27.196],[-48.69,-27.142],[-48.69,-27.141],[-48.799,-27.155],[-48.804,-27.189],[-48.749,-27.235],[-48.738,-27.289],[-48.744,-27.307],[-48.794,-27.353]]]}},{"type":"Feature","properties":{"code":"4201653"},"geometry":{"type":"Polygon","coordinates":[[[-52.489,-27.114],[-52.468,-27.13],[-52.433,-27.114],[-52.405,-27.119],[-52.391,-27.09],[-52.404,-27.035],[-52.419,-27.006],[-52.453,-26.995],[-52.49,-27.091],[-52.509,-27.094],[-52.489,-27.114]]]}},{"type":"Feature","properties":{"code":"4209805"},"geometry":{"type":"Polygon","coordinates":[[[-49.301,-27.584],[-49.302,-27.614],[-49.283,-27.643],[-49.256,-27.655],[-49.202,-27.645],[-49.209,-27.629],[-49.228,-27.618],[-49.263,-27.572],[-49.246,-27.51],[-49.225,-27.491],[-49.221,-27.422],[-49.188,-27.408],[-49.161,-27.371],[-49.202,-27.328],[-49.224,-27.321],[-49.278,-27.334],[-49.311,-27.396],[-49.296,-27.428],[-49.293,-27.474],[-49.322,-27.518],[-49.319,-27.572],[-49.301,-27.584]]]}},{"type":"Feature","properties":{"code":"4218350"},"geometry":{"type":"Polygon","coordinates":[[[-49.569,-28.503],[-49.527,-28.551],[-49.492,-28.551],[-49.481,-28.571],[-49.45,-28.565],[-49.422,-28.537],[-49.428,-28.459],[-49.467,-28.438],[-49.535,-28.436],[-49.562,-28.468],[-49.569,-28.503]]]}},{"type":"Feature","properties":{"code":"4201950"},"geometry":{"type":"Polygon","coordinates":[[[-49.516,-29.096],[-49.434,-29.009],[-49.377,-28.956],[-49.408,-28.942],[-49.482,-28.997],[-49.536,-29.029],[-49.566,-29.059],[-49.516,-29.096]]]}},{"type":"Feature","properties":{"code":"4218400"},"geometry":{"type":"Polygon","coordinates":[[[-49.182,-28.641],[-49.103,-28.593],[-49.03,-28.55],[-49.055,-28.559],[-49.139,-28.498],[-49.18,-28.498],[-49.243,-28.59],[-49.182,-28.641]]]}},{"type":"Feature","properties":{"code":"4210209"},"geometry":{"type":"Polygon","coordinates":[[[-49.188,-27.408],[-49.221,-27.422],[-49.225,-27.491],[-49.182,-27.503],[-49.152,-27.491],[-49.122,-27.5],[-49.068,-27.447],[-49.013,-27.477],[-48.997,-27.456],[-48.965,-27.45],[-48.919,-27.462],[-48.884,-27.433],[-48.903,-27.427],[-48.901,-27.381],[-48.942,-27.339],[-49.011,-27.371],[-49.038,-27.375],[-49.085,-27.403],[-49.123,-27.401],[-49.131,-27.422],[-49.188,-27.408]]]}},{"type":"Feature","properties":{"code":"4202008"},"geometry":{"type":"Polygon","coordinates":[[[-48.589,-27.061],[-48.571,-27.009],[-48.619,-27.002],[-48.628,-26.96],[-48.683,-26.973],[-48.618,-27.032],[-48.611,-27.048],[-48.589,-27.061]]]}},{"type":"Feature","properties":{"code":"4210050"},"geometry":{"type":"Polygon","coordinates":[[[-51.284,-26.874],[-51.275,-26.849],[-51.236,-26.823],[-51.255,-26.774],[-51.339,-26.734],[-51.379,-26.737],[-51.412,-26.721],[-51.47,-26.802],[-51.432,-26.824],[-51.437,-26.856],[-51.368,-26.869],[-51.325,-26.866],[-51.282,-26.878],[-51.284,-26.874]]]}},{"type":"Feature","properties":{"code":"4210035"},"geometry":{"type":"Polygon","coordinates":[[[-51.48,-27.145],[-51.441,-27.134],[-51.431,-27.117],[-51.426,-27.084],[-51.457,-27.07],[-51.518,-27.046],[-51.535,-27.054],[-51.6,-27.052],[-51.591,-27.079],[-51.512,-27.136],[-51.48,-27.145]]]}},{"type":"Feature","properties":{"code":"4218202"},"geometry":{"type":"Polygon","coordinates":[[[-49.305,-26.848],[-49.285,-26.881],[-49.254,-26.87],[-49.207,-26.83],[-49.195,-26.793],[-49.214,-26.755],[-49.224,-26.773],[-49.335,-26.746],[-49.33,-26.808],[-49.305,-26.848]]]}},{"type":"Feature","properties":{"code":"4210001"},"geometry":{"type":"Polygon","coordinates":[[[-48.801,-26.713],[-48.802,-26.681],[-48.817,-26.639],[-48.856,-26.634],[-48.885,-26.657],[-48.92,-26.66],[-48.937,-26.693],[-48.98,-26.737],[-49.013,-26.746],[-49.036,-26.773],[-49.03,-26.778],[-49.006,-26.784],[-48.987,-26.809],[-48.898,-26.763],[-48.82,-26.823],[-48.811,-26.79],[-48.818,-26.741],[-48.801,-26.713]]]}},{"type":"Feature","properties":{"code":"4218301"},"geometry":{"type":"Polygon","coordinates":[[[-50.153,-26.209],[-50.126,-26.197],[-50.136,-26.17],[-50.185,-26.112],[-50.19,-26.07],[-50.222,-26.06],[-50.248,-26.03],[-50.268,-26.043],[-50.299,-26.055],[-50.332,-26.085],[-50.322,-26.134],[-50.366,-26.112],[-50.389,-26.151],[-50.361,-26.159],[-50.356,-26.203],[-50.325,-26.207],[-50.325,-26.252],[-50.296,-26.287],[-50.285,-26.308],[-50.207,-26.285],[-50.187,-26.271],[-50.179,-26.215],[-50.153,-26.209]]]}},{"type":"Feature","properties":{"code":"4201802"},"geometry":{"type":"Polygon","coordinates":[[[-49.762,-27.468],[-49.747,-27.477],[-49.675,-27.459],[-49.694,-27.391],[-49.751,-27.396],[-49.792,-27.424],[-49.817,-27.475],[-49.762,-27.468]]]}},{"type":"Feature","properties":{"code":"4210100"},"geometry":{"type":"Polygon","coordinates":[[[-50.098,-26.278],[-50.017,-26.265],[-49.979,-26.278],[-49.957,-26.256],[-49.908,-26.244],[-49.873,-26.251],[-49.849,-26.241],[-49.809,-26.303],[-49.801,-26.335],[-49.819,-26.368],[-49.782,-26.427],[-49.814,-26.469],[-49.81,-26.488],[-49.761,-26.471],[-49.737,-26.425],[-49.697,-26.396],[-49.635,-26.377],[-49.653,-26.352],[-49.611,-26.336],[-49.627,-26.296],[-49.603,-26.227],[-49.654,-26.187],[-49.673,-26.19],[-49.749,-26.125],[-49.805,-26.108],[-49.828,-26.075],[-49.864,-26.055],[-49.869,-26.034],[-49.934,-26.019],[-49.995,-26.011],[-50.124,-26.051],[-50.14,-26.027],[-50.178,-26.079],[-50.19,-26.07],[-50.185,-26.112],[-50.136,-26.17],[-50.126,-26.197],[-50.153,-26.209],[-50.135,-26.251],[-50.098,-26.278]]]}},{"type":"Feature","properties":{"code":"4218251"},"geometry":{"type":"Polygon","coordinates":[[[-50.529,-26.609],[-50.564,-26.61],[-50.579,-26.584],[-50.645,-26.511],[-50.699,-26.5],[-50.74,-26.525],[-50.797,-26.508],[-50.825,-26.548],[-50.856,-26.561],[-50.807,-26.655],[-50.783,-26.682],[-50.757,-26.692],[-50.717,-26.684],[-50.703,-26.661],[-50.658,-26.677],[-50.638,-26.712],[-50.591,-26.739],[-50.559,-26.771],[-50.527,-26.781],[-50.5,-26.769],[-50.516,-26.715],[-50.514,-26.688],[-50.493,-26.648],[-50.492,-26.643],[-50.519,-26.635],[-50.529,-26.609]]]}},{"type":"Feature","properties":{"code":"4201901"},"geometry":{"type":"Polygon","coordinates":[[[-49.66,-27.388],[-49.57,-27.4],[-49.503,-27.342],[-49.48,-27.305],[-49.492,-27.301],[-49.527,-27.272],[-49.565,-27.276],[-49.579,-27.26],[-49.62,-27.285],[-49.64,-27.276],[-49.682,-27.291],[-49.692,-27.304],[-49.669,-27.338],[-49.66,-27.388]]]}},{"type":"Feature","properties":{"code":"4217600"},"geometry":{"type":"Polygon","coordinates":[[[-49.369,-28.634],[-49.401,-28.601],[-49.386,-28.58],[-49.39,-28.556],[-49.422,-28.537],[-49.45,-28.565],[-49.481,-28.571],[-49.492,-28.551],[-49.527,-28.551],[-49.569,-28.503],[-49.65,-28.547],[-49.647,-28.59],[-49.685,-28.621],[-49.452,-28.634],[-49.369,-28.634]]]}},{"type":"Feature","properties":{"code":"4209409"},"geometry":{"type":"Polygon","coordinates":[[[-48.858,-28.616],[-48.828,-28.607],[-48.746,-28.505],[-48.766,-28.485],[-48.765,-28.46],[-48.746,-28.427],[-48.736,-28.379],[-48.706,-28.341],[-48.755,-28.325],[-48.775,-28.361],[-48.804,-28.356],[-48.852,-28.427],[-48.914,-28.467],[-48.923,-28.513],[-48.904,-28.533],[-48.945,-28.594],[-48.909,-28.606],[-48.867,-28.599],[-48.858,-28.616]]]}},{"type":"Feature","properties":{"code":"4201208"},"geometry":{"type":"Polygon","coordinates":[[[-48.921,-27.557],[-48.853,-27.576],[-48.795,-27.545],[-48.77,-27.557],[-48.727,-27.553],[-48.723,-27.537],[-48.753,-27.498],[-48.745,-27.478],[-48.801,-27.445],[-48.8,-27.403],[-48.835,-27.396],[-48.868,-27.433],[-48.884,-27.433],[-48.919,-27.462],[-48.898,-27.478],[-48.921,-27.557]]]}},{"type":"Feature","properties":{"code":"4217550"},"geometry":{"type":"Polygon","coordinates":[[[-52.974,-26.745],[-52.988,-26.722],[-52.98,-26.7],[-52.998,-26.635],[-53.063,-26.644],[-53.076,-26.67],[-53.059,-26.716],[-53.07,-26.737],[-53.049,-26.746],[-52.974,-26.745]]]}},{"type":"Feature","properties":{"code":"4209458"},"geometry":{"type":"Polygon","coordinates":[[[-52.621,-26.865],[-52.588,-26.893],[-52.471,-26.857],[-52.529,-26.827],[-52.535,-26.809],[-52.551,-26.801],[-52.553,-26.841],[-52.594,-26.84],[-52.621,-26.865]]]}},{"type":"Feature","properties":{"code":"4201273"},"geometry":{"type":"Polygon","coordinates":[[[-52.092,-27.157],[-52.139,-27.105],[-52.201,-27.094],[-52.228,-27.068],[-52.247,-27.097],[-52.253,-27.132],[-52.233,-27.181],[-52.193,-27.2],[-52.117,-27.184],[-52.092,-27.157]]]}},{"type":"Feature","properties":{"code":"4201257"},"geometry":{"type":"Polygon","coordinates":[[[-49.496,-27.079],[-49.467,-27.105],[-49.456,-27.153],[-49.462,-27.231],[-49.447,-27.255],[-49.374,-27.228],[-49.343,-27.239],[-49.31,-27.214],[-49.248,-27.198],[-49.221,-27.163],[-49.247,-27.129],[-49.264,-27.063],[-49.297,-27.056],[-49.318,-27.022],[-49.373,-26.988],[-49.377,-27.012],[-49.449,-27.013],[-49.469,-27.005],[-49.473,-27.088],[-49.496,-27.079]]]}},{"type":"Feature","properties":{"code":"4217501"},"geometry":{"type":"Polygon","coordinates":[[[-52.233,-27.181],[-52.253,-27.132],[-52.247,-27.097],[-52.228,-27.068],[-52.247,-27.037],[-52.251,-27.069],[-52.312,-27.091],[-52.345,-27.085],[-52.391,-27.09],[-52.405,-27.119],[-52.433,-27.114],[-52.468,-27.13],[-52.489,-27.114],[-52.489,-27.142],[-52.507,-27.16],[-52.461,-27.173],[-52.433,-27.199],[-52.402,-27.191],[-52.369,-27.193],[-52.357,-27.225],[-52.33,-27.236],[-52.282,-27.224],[-52.261,-27.23],[-52.233,-27.181]]]}},{"type":"Feature","properties":{"code":"4209300"},"geometry":{"type":"Polygon","coordinates":[[[-50.425,-28.433],[-50.407,-28.397],[-50.375,-28.371],[-50.337,-28.37],[-50.272,-28.343],[-50.279,-28.313],[-50.244,-28.29],[-50.226,-28.257],[-50.218,-28.207],[-50.192,-28.218],[-50.169,-28.197],[-50.174,-28.161],[-50.196,-28.125],[-50.192,-28.089],[-50.2,-27.993],[-50.181,-27.941],[-50.213,-27.897],[-50.2,-27.863],[-50.114,-27.856],[-50.082,-27.844],[-50.067,-27.811],[-50.077,-27.783],[-50.031,-27.757],[-50.022,-27.684],[-50.0,-27.641],[-50.013,-27.607],[-50.047,-27.579],[-50.061,-27.623],[-50.079,-27.631],[-50.138,-27.703],[-50.151,-27.653],[-50.184,-27.652],[-50.194,-27.633],[-50.273,-27.676],[-50.31,-27.678],[-50.296,-27.708],[-50.309,-27.749],[-50.39,-27.73],[-50.397,-27.75],[-50.448,-27.774],[-50.493,-27.77],[-50.513,-27.787],[-50.542,-27.765],[-50.562,-27.729],[-50.639,-27.714],[-50.63,-27.786],[-50.608,-27.795],[-50.605,-27.833],[-50.577,-27.84],[-50.544,-27.869],[-50.517,-27.873],[-50.467,-27.856],[-50.382,-27.88],[-50.366,-27.931],[-50.374,-27.966],[-50.414,-28.006],[-50.39,-28.019],[-50.448,-28.082],[-50.473,-28.084],[-50.525,-28.138],[-50.51,-28.18],[-50.514,-28.21],[-50.561,-28.252],[-50.624,-28.288],[-50.655,-28.293],[-50.677,-28.259],[-50.696,-28.27],[-50.695,-28.288],[-50.665,-28.313],[-50.665,-28.338],[-50.593,-28.382],[-50.544,-28.427],[-50.532,-28.408],[-50.47,-28.415],[-50.425,-28.433]]]}},{"type":"Feature","properties":{"code":"4201109"},"geometry":{"type":"Polygon","coordinates":[[[-49.052,-27.99],[-49.033,-27.953],[-49.043,-27.939],[-49.016,-27.909],[-49.017,-27.866],[-49.035,-27.824],[-49.031,-27.774],[-49.091,-27.751],[-49.158,-27.744],[-49.194,-27.787],[-49.195,-27.814],[-49.281,-27.873],[-49.299,-27.902],[-49.308,-27.941],[-49.171,-27.977],[-49.145,-27.997],[-49.103,-28.006],[-49.052,-27.99]]]}},{"type":"Feature","properties":{"code":"4217808"},"geometry":{"type":"Polygon","coordinates":[[[-50.315,-27.076],[-50.25,-27.1],[-50.227,-27.151],[-50.168,-27.149],[-50.153,-27.134],[-50.062,-27.15],[-50.051,-27.176],[-50.005,-27.173],[-50.004,-27.213],[-49.933,-27.189],[-49.915,-27.145],[-49.891,-27.143],[-49.898,-27.103],[-49.876,-27.021],[-49.896,-26.997],[-49.946,-26.995],[-49.976,-27.01],[-49.977,-27.047],[-50.048,-27.048],[-50.068,-27.033],[-50.101,-27.02],[-50.134,-26.985],[-50.236,-26.986],[-50.291,-26.97],[-50.319,-27.015],[-50.315,-27.076]]]}},{"type":"Feature","properties":{"code":"4209607"},"geometry":{"type":"Polygon","coordinates":[[[-49.428,-28.459],[-49.397,-28.465],[-49.336,-28.418],[-49.34,-28.365],[-49.361,-28.341],[-49.391,-28.337],[-49.433,-28.316],[-49.458,-28.321],[-49.483,-28.304],[-49.523,-28.307],[-49.558,-28.372],[-49.544,-28.388],[-49.567,-28.416],[-49.535,-28.436],[-49.467,-28.438],[-49.428,-28.459]]]}},{"type":"Feature","properties":{"code":"4217907"},"geometry":{"type":"Polygon","coordinates":[[[-51.322,-27.151],[-51.294,-27.162],[-51.259,-27.137],[-51.233,-27.139],[-51.186,-27.178],[-51.183,-27.196],[-51.113,-27.239],[-51.066,-27.252],[-51.036,-27.233],[-51.026,-27.195],[-51.006,-27.172],[-50.961,-27.155],[-50.93,-27.119],[-50.952,-27.132],[-51.009,-27.12],[-51.058,-27.104],[-51.131,-27.114],[-51.157,-27.09],[-51.213,-27.068],[-51.299,-27.058],[-51.336,-27.125],[-51.322,-27.151]]]}},{"type":"Feature","properties":{"code":"4209706"},"geometry":{"type":"Polygon","coordinates":[[[-50.658,-27.087],[-50.664,-27.059],[-50.63,-27.02],[-50.614,-26.975],[-50.618,-26.953],[-50.591,-26.928],[-50.587,-26.866],[-50.555,-26.832],[-50.52,-26.822],[-50.509,-26.796],[-50.527,-26.781],[-50.559,-26.771],[-50.591,-26.739],[-50.638,-26.712],[-50.658,-26.677],[-50.703,-26.661],[-50.717,-26.684],[-50.757,-26.692],[-50.783,-26.682],[-50.807,-26.655],[-50.83,-26.696],[-50.828,-26.723],[-50.8,-26.768],[-50.846,-26.873],[-50.848,-26.923],[-50.832,-26.948],[-50.825,-26.99],[-50.76,-26.994],[-50.733,-27.018],[-50.734,-27.068],[-50.708,-27.101],[-50.691,-27.084],[-50.658,-27.087]]]}},{"type":"Feature","properties":{"code":"4201505"},"geometry":{"type":"Polygon","coordinates":[[[-49.079,-28.274],[-49.074,-28.291],[-49.036,-28.304],[-48.994,-28.301],[-48.955,-28.319],[-48.956,-28.269],[-48.922,-28.235],[-48.962,-28.222],[-48.98,-28.185],[-49.031,-28.151],[-49.077,-28.19],[-49.069,-28.232],[-49.079,-28.274]]]}},{"type":"Feature","properties":{"code":"4217709"},"geometry":{"type":"Polygon","coordinates":[[[-49.656,-29.143],[-49.61,-29.115],[-49.596,-29.083],[-49.566,-29.059],[-49.624,-29.017],[-49.699,-29.02],[-49.743,-29.039],[-49.739,-29.074],[-49.703,-29.082],[-49.69,-29.113],[-49.656,-29.143]]]}},{"type":"Feature","properties":{"code":"4209508"},"geometry":{"type":"Polygon","coordinates":[[[-49.691,-27.245],[-49.717,-27.144],[-49.743,-27.145],[-49.761,-27.196],[-49.802,-27.248],[-49.778,-27.252],[-49.737,-27.263],[-49.691,-27.245]]]}},{"type":"Feature","properties":{"code":"4201307"},"geometry":{"type":"Polygon","coordinates":[[[-48.651,-26.547],[-48.71,-26.431],[-48.669,-26.413],[-48.663,-26.361],[-48.705,-26.342],[-48.727,-26.322],[-48.74,-26.286],[-48.757,-26.294],[-48.724,-26.343],[-48.765,-26.352],[-48.807,-26.376],[-48.839,-26.441],[-48.876,-26.451],[-48.881,-26.478],[-48.904,-26.502],[-48.873,-26.535],[-48.832,-26.531],[-48.807,-26.513],[-48.752,-26.54],[-48.741,-26.56],[-48.723,-26.598],[-48.689,-26.572],[-48.665,-26.581],[-48.651,-26.547]]]}},{"type":"Feature","properties":{"code":"4217758"},"geometry":{"type":"Polygon","coordinates":[[[-52.974,-26.745],[-52.958,-26.755],[-52.932,-26.777],[-52.918,-26.783],[-52.893,-26.717],[-52.9,-26.683],[-52.92,-26.672],[-52.941,-26.614],[-52.998,-26.635],[-52.98,-26.7],[-52.988,-26.722],[-52.974,-26.745]]]}},{"type":"Feature","properties":{"code":"4201406"},"geometry":{"type":"Polygon","coordinates":[[[-49.566,-29.059],[-49.536,-29.029],[-49.482,-28.997],[-49.408,-28.942],[-49.377,-28.956],[-49.29,-28.883],[-49.33,-28.865],[-49.352,-28.855],[-49.398,-28.834],[-49.433,-28.909],[-49.474,-28.885],[-49.514,-28.892],[-49.534,-28.917],[-49.606,-28.952],[-49.58,-28.984],[-49.624,-29.017],[-49.566,-29.059]]]}},{"type":"Feature","properties":{"code":"4200705"},"geometry":{"type":"Polygon","coordinates":[[[-49.158,-27.744],[-49.147,-27.688],[-49.165,-27.662],[-49.202,-27.645],[-49.256,-27.655],[-49.283,-27.643],[-49.302,-27.614],[-49.301,-27.584],[-49.323,-27.589],[-49.355,-27.563],[-49.404,-27.561],[-49.429,-27.584],[-49.473,-27.566],[-49.507,-27.601],[-49.504,-27.654],[-49.48,-27.673],[-49.458,-27.711],[-49.473,-27.73],[-49.459,-27.757],[-49.377,-27.814],[-49.314,-27.832],[-49.281,-27.873],[-49.195,-27.814],[-49.194,-27.787],[-49.158,-27.744]]]}},{"type":"Feature","properties":{"code":"4217154"},"geometry":{"type":"Polygon","coordinates":[[[-53.227,-26.639],[-53.231,-26.655],[-53.283,-26.695],[-53.306,-26.721],[-53.287,-26.735],[-53.255,-26.716],[-53.206,-26.724],[-53.194,-26.699],[-53.187,-26.671],[-53.205,-26.642],[-53.227,-26.639]]]}},{"type":"Feature","properties":{"code":"4208955"},"geometry":{"type":"Polygon","coordinates":[[[-52.92,-26.672],[-52.9,-26.683],[-52.893,-26.717],[-52.918,-26.783],[-52.879,-26.755],[-52.817,-26.734],[-52.846,-26.67],[-52.845,-26.669],[-52.92,-26.672]]]}},{"type":"Feature","properties":{"code":"4217105"},"geometry":{"type":"Polygon","coordinates":[[[-49.031,-28.151],[-48.98,-28.185],[-48.962,-28.222],[-48.922,-28.235],[-48.911,-28.216],[-48.939,-28.175],[-48.926,-28.141],[-48.884,-28.15],[-48.869,-28.08],[-48.894,-28.08],[-48.902,-28.061],[-48.975,-28.079],[-49.035,-28.035],[-49.052,-27.99],[-49.044,-28.012],[-49.063,-28.06],[-49.064,-28.116],[-49.031,-28.151]]]}},{"type":"Feature","properties":{"code":"4200754"},"geometry":{"type":"Polygon","coordinates":[[[-51.983,-27.375],[-51.996,-27.41],[-51.969,-27.411],[-51.936,-27.429],[-51.903,-27.491],[-51.858,-27.475],[-51.87,-27.45],[-51.882,-27.426],[-51.915,-27.39],[-51.939,-27.336],[-51.983,-27.375]]]}},{"type":"Feature","properties":{"code":"4208906"},"geometry":{"type":"Polygon","coordinates":[[[-49.114,-26.613],[-49.09,-26.548],[-49.061,-26.544],[-49.051,-26.515],[-49.017,-26.507],[-49.029,-26.457],[-49.064,-26.439],[-49.114,-26.392],[-49.109,-26.374],[-49.145,-26.316],[-49.176,-26.258],[-49.17,-26.218],[-49.203,-26.22],[-49.228,-26.235],[-49.228,-26.268],[-49.252,-26.268],[-49.169,-26.308],[-49.167,-26.38],[-49.188,-26.39],[-49.185,-26.435],[-49.206,-26.44],[-49.213,-26.486],[-49.254,-26.506],[-49.291,-26.547],[-49.299,-26.571],[-49.285,-26.607],[-49.223,-26.62],[-49.175,-26.614],[-49.164,-26.648],[-49.13,-26.636],[-49.114,-26.613]]]}},{"type":"Feature","properties":{"code":"4216909"},"geometry":{"type":"Polygon","coordinates":[[[-52.84,-26.593],[-52.761,-26.587],[-52.766,-26.551],[-52.795,-26.535],[-52.778,-26.507],[-52.8,-26.493],[-52.842,-26.5],[-52.866,-26.524],[-52.883,-26.491],[-52.871,-26.429],[-52.85,-26.404],[-52.777,-26.452],[-52.755,-26.454],[-52.761,-26.396],[-52.777,-26.382],[-52.763,-26.354],[-52.847,-26.344],[-52.866,-26.358],[-52.908,-26.36],[-52.938,-26.362],[-52.962,-26.401],[-52.968,-26.441],[-52.937,-26.443],[-52.92,-26.504],[-52.935,-26.52],[-52.926,-26.562],[-52.946,-26.567],[-52.926,-26.581],[-52.877,-26.595],[-52.84,-26.593]]]}},{"type":"Feature","properties":{"code":"4200556"},"geometry":{"type":"Polygon","coordinates":[[[-52.906,-26.862],[-52.872,-26.889],[-52.845,-26.893],[-52.803,-26.898],[-52.786,-26.886],[-52.805,-26.831],[-52.834,-26.836],[-52.872,-26.798],[-52.892,-26.808],[-52.919,-26.846],[-52.906,-26.862]]]}},{"type":"Feature","properties":{"code":"4217006"},"geometry":{"type":"Polygon","coordinates":[[[-49.101,-28.363],[-49.105,-28.359],[-49.124,-28.319],[-49.2,-28.288],[-49.218,-28.289],[-49.212,-28.335],[-49.224,-28.38],[-49.19,-28.389],[-49.181,-28.414],[-49.138,-28.414],[-49.101,-28.363]]]}},{"type":"Feature","properties":{"code":"4208807"},"geometry":{"type":"Polygon","coordinates":[[[-49.188,-28.802],[-49.075,-28.73],[-48.975,-28.672],[-48.858,-28.616],[-48.867,-28.599],[-48.909,-28.606],[-48.945,-28.594],[-48.994,-28.559],[-49.03,-28.55],[-49.103,-28.593],[-49.071,-28.628],[-49.099,-28.685],[-49.174,-28.699],[-49.176,-28.722],[-49.204,-28.75],[-49.205,-28.777],[-49.188,-28.802]]]}},{"type":"Feature","properties":{"code":"4200606"},"geometry":{"type":"Polygon","coordinates":[[[-49.031,-27.774],[-49.035,-27.824],[-49.017,-27.866],[-48.947,-27.816],[-48.882,-27.815],[-48.883,-27.783],[-48.859,-27.756],[-48.867,-27.719],[-48.832,-27.72],[-48.841,-27.688],[-48.863,-27.66],[-48.844,-27.625],[-48.95,-27.627],[-48.97,-27.634],[-48.961,-27.658],[-48.992,-27.699],[-49.007,-27.701],[-49.031,-27.774]]]}},{"type":"Feature","properties":{"code":"4209151"},"geometry":{"type":"Polygon","coordinates":[[[-49.601,-27.011],[-49.581,-27.002],[-49.577,-26.953],[-49.544,-26.913],[-49.544,-26.892],[-49.549,-26.857],[-49.563,-26.825],[-49.565,-26.786],[-49.645,-26.779],[-49.681,-26.703],[-49.718,-26.723],[-49.727,-26.761],[-49.75,-26.785],[-49.735,-26.817],[-49.706,-26.846],[-49.747,-26.882],[-49.769,-26.889],[-49.739,-26.913],[-49.709,-26.918],[-49.69,-26.925],[-49.633,-26.994],[-49.601,-27.011]]]}},{"type":"Feature","properties":{"code":"4217303"},"geometry":{"type":"Polygon","coordinates":[[[-52.965,-26.963],[-52.934,-26.948],[-52.947,-26.882],[-53.008,-26.887],[-53.036,-26.876],[-53.051,-26.847],[-53.042,-26.814],[-53.097,-26.806],[-53.116,-26.815],[-53.128,-26.842],[-53.112,-26.924],[-53.103,-26.939],[-53.047,-26.968],[-52.965,-26.963]]]}},{"type":"Feature","properties":{"code":"4209102"},"geometry":{"type":"Polygon","coordinates":[[[-48.839,-26.441],[-48.807,-26.376],[-48.765,-26.352],[-48.724,-26.343],[-48.757,-26.294],[-48.74,-26.286],[-48.742,-26.261],[-48.764,-26.215],[-48.76,-26.189],[-48.784,-26.153],[-48.794,-26.132],[-48.828,-26.123],[-48.975,-26.125],[-49.042,-26.114],[-49.057,-26.076],[-49.074,-26.075],[-49.159,-26.114],[-49.189,-26.145],[-49.171,-26.169],[-49.169,-26.198],[-49.203,-26.22],[-49.17,-26.218],[-49.176,-26.258],[-49.145,-26.316],[-49.111,-26.295],[-49.005,-26.309],[-49.021,-26.351],[-49.004,-26.389],[-48.931,-26.421],[-48.906,-26.373],[-48.876,-26.383],[-48.839,-26.441]]]}},{"type":"Feature","properties":{"code":"4217402"},"geometry":{"type":"Polygon","coordinates":[[[-49.029,-26.457],[-49.008,-26.439],[-49.02,-26.418],[-49.004,-26.389],[-49.021,-26.351],[-49.005,-26.309],[-49.111,-26.295],[-49.145,-26.316],[-49.109,-26.374],[-49.114,-26.392],[-49.064,-26.439],[-49.029,-26.457]]]}},{"type":"Feature","properties":{"code":"4200903"},"geometry":{"type":"Polygon","coordinates":[[[-48.95,-27.627],[-48.958,-27.612],[-48.927,-27.582],[-48.921,-27.557],[-48.898,-27.478],[-48.919,-27.462],[-48.965,-27.45],[-48.997,-27.456],[-49.013,-27.477],[-49.068,-27.447],[-49.122,-27.5],[-49.152,-27.491],[-49.182,-27.503],[-49.225,-27.491],[-49.246,-27.51],[-49.263,-27.572],[-49.228,-27.618],[-49.209,-27.629],[-49.205,-27.604],[-49.182,-27.591],[-49.089,-27.585],[-49.065,-27.649],[-49.01,-27.622],[-48.97,-27.634],[-48.95,-27.627]]]}},{"type":"Feature","properties":{"code":"4209201"},"geometry":{"type":"Polygon","coordinates":[[[-51.54,-27.282],[-51.53,-27.245],[-51.54,-27.238],[-51.657,-27.202],[-51.648,-27.236],[-51.597,-27.271],[-51.595,-27.298],[-51.573,-27.302],[-51.54,-27.282]]]}},{"type":"Feature","properties":{"code":"4201000"},"geometry":{"type":"Polygon","coordinates":[[[-51.053,-27.869],[-50.989,-27.819],[-50.934,-27.817],[-50.959,-27.782],[-50.96,-27.757],[-50.92,-27.732],[-50.91,-27.681],[-50.959,-27.646],[-51.051,-27.64],[-51.146,-27.615],[-51.179,-27.595],[-51.215,-27.619],[-51.193,-27.655],[-51.223,-27.723],[-51.273,-27.735],[-51.272,-27.752],[-51.188,-27.778],[-51.16,-27.802],[-51.135,-27.804],[-51.121,-27.833],[-51.098,-27.827],[-51.053,-27.869]]]}},{"type":"Feature","properties":{"code":"4209177"},"geometry":{"type":"Polygon","coordinates":[[[-52.763,-26.354],[-52.777,-26.382],[-52.761,-26.396],[-52.755,-26.454],[-52.74,-26.462],[-52.729,-26.44],[-52.645,-26.381],[-52.68,-26.353],[-52.701,-26.358],[-52.738,-26.342],[-52.763,-26.354]]]}},{"type":"Feature","properties":{"code":"4217204"},"geometry":{"type":"Polygon","coordinates":[[[-53.587,-26.802],[-53.509,-26.8],[-53.506,-26.776],[-53.389,-26.771],[-53.365,-26.766],[-53.394,-26.744],[-53.424,-26.728],[-53.495,-26.66],[-53.536,-26.647],[-53.598,-26.658],[-53.596,-26.688],[-53.587,-26.802]]]}},{"type":"Feature","properties":{"code":"4209003"},"geometry":{"type":"Polygon","coordinates":[[[-51.54,-27.238],[-51.514,-27.208],[-51.48,-27.145],[-51.512,-27.136],[-51.591,-27.079],[-51.6,-27.052],[-51.619,-27.041],[-51.661,-27.113],[-51.676,-27.117],[-51.692,-27.153],[-51.685,-27.183],[-51.657,-27.202],[-51.54,-27.238]]]}},{"type":"Feature","properties":{"code":"4200804"},"geometry":{"type":"Polygon","coordinates":[[[-53.459,-26.548],[-53.433,-26.574],[-53.425,-26.604],[-53.392,-26.621],[-53.345,-26.585],[-53.331,-26.589],[-53.254,-26.57],[-53.239,-26.543],[-53.243,-26.501],[-53.23,-26.474],[-53.241,-26.45],[-53.283,-26.452],[-53.306,-26.47],[-53.361,-26.488],[-53.377,-26.515],[-53.407,-26.518],[-53.433,-26.543],[-53.459,-26.548]]]}},{"type":"Feature","properties":{"code":"4217253"},"geometry":{"type":"Polygon","coordinates":[[[-48.844,-27.625],[-48.746,-27.615],[-48.727,-27.553],[-48.77,-27.557],[-48.795,-27.545],[-48.853,-27.576],[-48.921,-27.557],[-48.927,-27.582],[-48.958,-27.612],[-48.95,-27.627],[-48.844,-27.625]]]}},{"type":"Feature","properties":{"code":"4208450"},"geometry":{"type":"Polygon","coordinates":[[[-48.742,-26.128],[-48.627,-26.183],[-48.622,-26.207],[-48.569,-26.168],[-48.598,-26.129],[-48.608,-26.028],[-48.595,-25.977],[-48.634,-25.978],[-48.644,-25.956],[-48.678,-25.98],[-48.712,-26.008],[-48.716,-26.044],[-48.692,-26.083],[-48.742,-26.128]]]}},{"type":"Feature","properties":{"code":"4216602"},"geometry":{"type":"Polygon","coordinates":[[[-48.603,-27.663],[-48.594,-27.643],[-48.613,-27.618],[-48.597,-27.57],[-48.57,-27.549],[-48.576,-27.517],[-48.631,-27.53],[-48.649,-27.543],[-48.679,-27.523],[-48.723,-27.537],[-48.727,-27.553],[-48.746,-27.615],[-48.738,-27.615],[-48.706,-27.611],[-48.655,-27.621],[-48.637,-27.651],[-48.603,-27.663]]]}},{"type":"Feature","properties":{"code":"4208401"},"geometry":{"type":"Polygon","coordinates":[[[-53.548,-27.176],[-53.548,-27.156],[-53.588,-27.144],[-53.615,-27.166],[-53.641,-27.155],[-53.663,-27.108],[-53.643,-27.044],[-53.704,-27.011],[-53.733,-27.004],[-53.748,-27.032],[-53.797,-27.04],[-53.807,-27.111],[-53.8,-27.147],[-53.829,-27.146],[-53.837,-27.168],[-53.82,-27.176],[-53.776,-27.148],[-53.752,-27.188],[-53.718,-27.183],[-53.686,-27.164],[-53.651,-27.177],[-53.651,-27.21],[-53.631,-27.213],[-53.6,-27.189],[-53.548,-27.176]]]}},{"type":"Feature","properties":{"code":"4200200"},"geometry":{"type":"Polygon","coordinates":[[[-49.763,-27.581],[-49.77,-27.562],[-49.756,-27.517],[-49.787,-27.498],[-49.762,-27.468],[-49.817,-27.475],[-49.792,-27.424],[-49.751,-27.396],[-49.767,-27.375],[-49.807,-27.355],[-49.841,-27.349],[-49.865,-27.378],[-49.875,-27.41],[-49.907,-27.432],[-49.891,-27.464],[-49.894,-27.49],[-49.851,-27.505],[-49.828,-27.544],[-49.763,-27.581]]]}},{"type":"Feature","properties":{"code":"4216404"},"geometry":{"type":"Polygon","coordinates":[[[-49.792,-29.286],[-49.778,-29.237],[-49.74,-29.244],[-49.712,-29.206],[-49.764,-29.169],[-49.834,-29.095],[-49.832,-29.122],[-49.825,-29.149],[-49.891,-29.175],[-49.913,-29.196],[-49.958,-29.2],[-49.902,-29.215],[-49.857,-29.233],[-49.816,-29.286],[-49.792,-29.286]]]}},{"type":"Feature","properties":{"code":"4200051"},"geometry":{"type":"Polygon","coordinates":[[[-50.959,-27.646],[-50.992,-27.619],[-50.987,-27.605],[-50.935,-27.58],[-50.96,-27.555],[-50.966,-27.538],[-51.018,-27.531],[-51.042,-27.504],[-51.073,-27.511],[-51.122,-27.529],[-51.144,-27.578],[-51.179,-27.595],[-51.146,-27.615],[-51.051,-27.64],[-50.959,-27.646]]]}},{"type":"Feature","properties":{"code":"4208203"},"geometry":{"type":"Polygon","coordinates":[[[-48.789,-27.097],[-48.748,-27.023],[-48.721,-27.015],[-48.683,-26.973],[-48.628,-26.96],[-48.642,-26.913],[-48.743,-26.857],[-48.76,-26.855],[-48.762,-26.884],[-48.786,-26.915],[-48.761,-26.942],[-48.799,-26.967],[-48.843,-26.964],[-48.866,-27.003],[-48.863,-27.044],[-48.844,-27.068],[-48.789,-27.097]]]}},{"type":"Feature","properties":{"code":"4216503"},"geometry":{"type":"Polygon","coordinates":[[[-50.069,-28.479],[-50.027,-28.474],[-49.971,-28.44],[-49.9,-28.465],[-49.839,-28.497],[-49.817,-28.47],[-49.822,-28.421],[-49.784,-28.428],[-49.765,-28.35],[-49.773,-28.276],[-49.722,-28.222],[-49.672,-28.231],[-49.685,-28.212],[-49.743,-28.175],[-49.803,-28.118],[-49.85,-28.102],[-49.9,-28.093],[-49.988,-28.104],[-50.018,-28.091],[-50.054,-28.094],[-50.066,-28.111],[-50.104,-28.124],[-50.125,-28.159],[-50.174,-28.161],[-50.169,-28.197],[-50.192,-28.218],[-50.218,-28.207],[-50.226,-28.257],[-50.244,-28.29],[-50.279,-28.313],[-50.272,-28.343],[-50.337,-28.37],[-50.375,-28.371],[-50.407,-28.397],[-50.425,-28.433],[-50.368,-28.421],[-50.34,-28.441],[-50.301,-28.439],[-50.273,-28.457],[-50.242,-28.432],[-50.223,-28.463],[-50.199,-28.445],[-50.159,-28.465],[-50.147,-28.45],[-50.097,-28.484],[-50.069,-28.479]]]}},{"type":"Feature","properties":{"code":"4208302"},"geometry":{"type":"Polygon","coordinates":[[[-48.69,-27.142],[-48.658,-27.151],[-48.604,-27.137],[-48.586,-27.145],[-48.614,-27.101],[-48.589,-27.061],[-48.611,-27.048],[-48.615,-27.067],[-48.679,-27.1],[-48.661,-27.125],[-48.69,-27.141],[-48.69,-27.142]]]}},{"type":"Feature","properties":{"code":"4200101"},"geometry":{"type":"Polygon","coordinates":[[[-52.185,-26.713],[-52.171,-26.724],[-52.123,-26.725],[-52.145,-26.691],[-52.067,-26.678],[-52.041,-26.599],[-52.027,-26.581],[-52.029,-26.547],[-52.081,-26.525],[-52.112,-26.475],[-52.159,-26.466],[-52.186,-26.445],[-52.23,-26.467],[-52.277,-26.461],[-52.304,-26.441],[-52.38,-26.439],[-52.403,-26.428],[-52.443,-26.438],[-52.475,-26.458],[-52.48,-26.529],[-52.465,-26.57],[-52.418,-26.587],[-52.41,-26.65],[-52.393,-26.684],[-52.37,-26.67],[-52.281,-26.644],[-52.254,-26.676],[-52.233,-26.681],[-52.198,-26.664],[-52.185,-26.713]]]}},{"type":"Feature","properties":{"code":"4216800"},"geometry":{"type":"Polygon","coordinates":[[[-50.39,-27.73],[-50.426,-27.677],[-50.466,-27.666],[-50.506,-27.62],[-50.512,-27.596],[-50.569,-27.504],[-50.584,-27.469],[-50.633,-27.454],[-50.663,-27.463],[-50.674,-27.44],[-50.707,-27.434],[-50.724,-27.451],[-50.754,-27.422],[-50.788,-27.46],[-50.823,-27.452],[-50.847,-27.509],[-50.892,-27.557],[-50.96,-27.555],[-50.935,-27.58],[-50.9,-27.573],[-50.875,-27.602],[-50.854,-27.593],[-50.826,-27.611],[-50.786,-27.618],[-50.745,-27.648],[-50.677,-27.715],[-50.639,-27.714],[-50.562,-27.729],[-50.542,-27.765],[-50.513,-27.787],[-50.493,-27.77],[-50.448,-27.774],[-50.397,-27.75],[-50.39,-27.73]]]}},{"type":"Feature","properties":{"code":"4208609"},"geometry":{"type":"Polygon","coordinates":[[[-51.875,-27.122],[-51.826,-27.16],[-51.815,-27.188],[-51.772,-27.207],[-51.725,-27.207],[-51.685,-27.183],[-51.692,-27.153],[-51.676,-27.117],[-51.701,-27.105],[-51.757,-27.104],[-51.773,-27.079],[-51.803,-27.096],[-51.831,-27.086],[-51.875,-27.122]]]}},{"type":"Feature","properties":{"code":"4200408"},"geometry":{"type":"Polygon","coordinates":[[[-51.462,-27.029],[-51.494,-26.993],[-51.509,-26.941],[-51.532,-26.93],[-51.53,-26.88],[-51.51,-26.84],[-51.437,-26.856],[-51.432,-26.824],[-51.47,-26.802],[-51.412,-26.721],[-51.411,-26.717],[-51.435,-26.688],[-51.455,-26.641],[-51.495,-26.587],[-51.511,-26.581],[-51.536,-26.592],[-51.597,-26.584],[-51.633,-26.587],[-51.658,-26.565],[-51.693,-26.581],[-51.738,-26.573],[-51.784,-26.588],[-51.824,-26.582],[-51.833,-26.625],[-51.87,-26.691],[-51.779,-26.712],[-51.764,-26.738],[-51.784,-26.759],[-51.732,-26.79],[-51.702,-26.792],[-51.725,-26.846],[-51.696,-26.851],[-51.691,-26.89],[-51.672,-26.912],[-51.689,-26.93],[-51.633,-26.943],[-51.617,-26.993],[-51.619,-27.041],[-51.6,-27.052],[-51.535,-27.054],[-51.518,-27.046],[-51.457,-27.07],[-51.462,-27.029]]]}},{"type":"Feature","properties":{"code":"4208708"},"geometry":{"type":"Polygon","coordinates":[[[-49.834,-29.095],[-49.822,-29.08],[-49.743,-29.039],[-49.699,-29.02],[-49.726,-29.003],[-49.706,-28.967],[-49.733,-28.963],[-49.771,-28.939],[-49.783,-28.904],[-49.868,-28.88],[-49.896,-28.89],[-49.956,-28.949],[-49.934,-28.966],[-49.966,-29.022],[-49.958,-29.068],[-49.904,-29.103],[-49.877,-29.095],[-49.832,-29.122],[-49.834,-29.095]]]}},{"type":"Feature","properties":{"code":"4200507"},"geometry":{"type":"Polygon","coordinates":[[[-53.018,-27.093],[-53.041,-27.125],[-53.026,-27.159],[-52.992,-27.14],[-52.956,-27.101],[-52.898,-27.086],[-52.905,-26.974],[-52.934,-26.948],[-52.965,-26.963],[-52.979,-26.978],[-52.953,-27.008],[-52.982,-27.036],[-52.993,-27.099],[-53.018,-27.093]]]}},{"type":"Feature","properties":{"code":"4216701"},"geometry":{"type":"Polygon","coordinates":[[[-53.407,-26.518],[-53.41,-26.477],[-53.38,-26.449],[-53.403,-26.428],[-53.452,-26.424],[-53.541,-26.427],[-53.582,-26.477],[-53.625,-26.473],[-53.638,-26.449],[-53.688,-26.443],[-53.721,-26.538],[-53.691,-26.505],[-53.638,-26.516],[-53.581,-26.516],[-53.555,-26.529],[-53.494,-26.521],[-53.459,-26.548],[-53.433,-26.543],[-53.407,-26.518]]]}},{"type":"Feature","properties":{"code":"4208500"},"geometry":{"type":"Polygon","coordinates":[[[-49.404,-27.561],[-49.431,-27.517],[-49.455,-27.537],[-49.48,-27.523],[-49.465,-27.445],[-49.472,-27.374],[-49.458,-27.357],[-49.48,-27.305],[-49.503,-27.342],[-49.57,-27.4],[-49.66,-27.388],[-49.694,-27.391],[-49.675,-27.459],[-49.637,-27.452],[-49.582,-27.477],[-49.602,-27.52],[-49.592,-27.571],[-49.546,-27.512],[-49.491,-27.537],[-49.473,-27.566],[-49.429,-27.584],[-49.404,-27.561]]]}},{"type":"Feature","properties":{"code":"4200309"},"geometry":{"type":"Polygon","coordinates":[[[-49.767,-27.375],[-49.751,-27.396],[-49.694,-27.391],[-49.66,-27.388],[-49.669,-27.338],[-49.692,-27.304],[-49.682,-27.291],[-49.691,-27.245],[-49.737,-27.263],[-49.778,-27.252],[-49.759,-27.311],[-49.767,-27.375]]]}},{"type":"Feature","properties":{"code":"4216057"},"geometry":{"type":"Polygon","coordinates":[[[-50.243,-27.237],[-50.268,-27.268],[-50.304,-27.253],[-50.318,-27.269],[-50.395,-27.262],[-50.444,-27.227],[-50.502,-27.218],[-50.508,-27.259],[-50.492,-27.309],[-50.463,-27.329],[-50.464,-27.367],[-50.398,-27.361],[-50.359,-27.343],[-50.208,-27.346],[-50.188,-27.326],[-50.175,-27.269],[-50.204,-27.244],[-50.243,-27.237]]]}},{"type":"Feature","properties":{"code":"4207858"},"geometry":{"type":"Polygon","coordinates":[[[-52.941,-26.614],[-52.92,-26.672],[-52.845,-26.669],[-52.855,-26.655],[-52.838,-26.622],[-52.84,-26.593],[-52.877,-26.595],[-52.926,-26.581],[-52.941,-26.614]]]}},{"type":"Feature","properties":{"code":"4216008"},"geometry":{"type":"Polygon","coordinates":[[[-53.018,-27.093],[-52.993,-27.099],[-52.982,-27.036],[-52.953,-27.008],[-52.979,-26.978],[-52.965,-26.963],[-53.047,-26.968],[-53.09,-26.991],[-53.108,-27.031],[-53.113,-27.046],[-53.075,-27.092],[-53.077,-27.108],[-53.048,-27.084],[-53.018,-27.093]]]}},{"type":"Feature","properties":{"code":"4216107"},"geometry":{"type":"Polygon","coordinates":[[[-52.563,-26.672],[-52.519,-26.628],[-52.523,-26.613],[-52.465,-26.57],[-52.48,-26.529],[-52.475,-26.458],[-52.443,-26.438],[-52.464,-26.44],[-52.523,-26.4],[-52.557,-26.408],[-52.582,-26.456],[-52.611,-26.49],[-52.608,-26.541],[-52.649,-26.57],[-52.672,-26.602],[-52.663,-26.629],[-52.626,-26.646],[-52.607,-26.675],[-52.563,-26.672]]]}},{"type":"Feature","properties":{"code":"4207908"},"geometry":{"type":"Polygon","coordinates":[[[-50.797,-26.508],[-50.74,-26.525],[-50.699,-26.5],[-50.639,-26.378],[-50.657,-26.369],[-50.646,-26.33],[-50.679,-26.278],[-50.672,-26.244],[-50.703,-26.188],[-50.73,-26.203],[-50.716,-26.245],[-50.746,-26.247],[-50.763,-26.222],[-50.8,-26.231],[-50.847,-26.266],[-50.9,-26.289],[-50.9,-26.323],[-50.884,-26.38],[-50.843,-26.381],[-50.849,-26.428],[-50.815,-26.441],[-50.817,-26.477],[-50.797,-26.508]]]}},{"type":"Feature","properties":{"code":"4215901"},"geometry":{"type":"Polygon","coordinates":[[[-49.052,-27.99],[-49.035,-28.035],[-48.975,-28.079],[-48.902,-28.061],[-48.894,-28.08],[-48.864,-28.047],[-48.841,-27.998],[-48.837,-27.932],[-48.845,-27.908],[-48.842,-27.861],[-48.876,-27.861],[-48.914,-27.839],[-48.882,-27.815],[-48.947,-27.816],[-49.017,-27.866],[-49.016,-27.909],[-49.043,-27.939],[-49.033,-27.953],[-49.052,-27.99]]]}},{"type":"Feature","properties":{"code":"4207700"},"geometry":{"type":"Polygon","coordinates":[[[-52.046,-27.14],[-52.049,-27.097],[-52.091,-27.075],[-52.123,-27.041],[-52.106,-26.997],[-52.109,-26.954],[-52.148,-26.929],[-52.154,-26.926],[-52.154,-26.949],[-52.193,-26.959],[-52.234,-26.947],[-52.247,-27.037],[-52.228,-27.068],[-52.201,-27.094],[-52.139,-27.105],[-52.092,-27.157],[-52.046,-27.14]]]}},{"type":"Feature","properties":{"code":"4207809"},"geometry":{"type":"Polygon","coordinates":[[[-51.994,-27.119],[-51.903,-27.129],[-51.875,-27.122],[-51.831,-27.086],[-51.831,-27.066],[-51.802,-27.04],[-51.863,-26.981],[-51.82,-26.937],[-51.826,-26.923],[-51.844,-26.943],[-51.885,-26.946],[-51.917,-26.933],[-51.98,-26.937],[-52.012,-26.948],[-51.998,-26.983],[-52.016,-27.012],[-52.0,-27.052],[-51.994,-27.119]]]}},{"type":"Feature","properties":{"code":"4207759"},"geometry":{"type":"Polygon","coordinates":[[[-53.285,-26.924],[-53.288,-26.888],[-53.267,-26.856],[-53.242,-26.841],[-53.241,-26.813],[-53.296,-26.785],[-53.396,-26.807],[-53.385,-26.833],[-53.416,-26.863],[-53.408,-26.889],[-53.377,-26.887],[-53.335,-26.899],[-53.291,-26.928],[-53.285,-26.924]]]}},{"type":"Feature","properties":{"code":"4216305"},"geometry":{"type":"Polygon","coordinates":[[[-48.942,-27.339],[-48.901,-27.381],[-48.903,-27.427],[-48.884,-27.433],[-48.868,-27.433],[-48.835,-27.396],[-48.801,-27.358],[-48.809,-27.275],[-48.838,-27.229],[-48.865,-27.22],[-48.898,-27.25],[-48.884,-27.29],[-48.942,-27.339]]]}},{"type":"Feature","properties":{"code":"4208104"},"geometry":{"type":"Polygon","coordinates":[[[-49.75,-26.785],[-49.727,-26.761],[-49.718,-26.723],[-49.681,-26.703],[-49.652,-26.693],[-49.694,-26.687],[-49.708,-26.648],[-49.683,-26.622],[-49.693,-26.574],[-49.733,-26.549],[-49.734,-26.523],[-49.761,-26.471],[-49.81,-26.488],[-49.814,-26.469],[-49.782,-26.427],[-49.819,-26.368],[-49.801,-26.335],[-49.809,-26.303],[-49.849,-26.241],[-49.873,-26.251],[-49.908,-26.244],[-49.957,-26.256],[-49.979,-26.278],[-50.017,-26.265],[-50.098,-26.278],[-50.128,-26.295],[-50.113,-26.338],[-50.089,-26.371],[-50.072,-26.413],[-50.07,-26.451],[-50.086,-26.483],[-50.091,-26.524],[-50.032,-26.519],[-49.995,-26.506],[-49.956,-26.551],[-49.881,-26.619],[-49.882,-26.646],[-49.855,-26.654],[-49.829,-26.706],[-49.81,-26.712],[-49.792,-26.75],[-49.75,-26.785]]]}},{"type":"Feature","properties":{"code":"4216354"},"geometry":{"type":"Polygon","coordinates":[[[-48.856,-26.634],[-48.817,-26.639],[-48.802,-26.681],[-48.754,-26.659],[-48.743,-26.631],[-48.741,-26.56],[-48.752,-26.54],[-48.807,-26.513],[-48.832,-26.531],[-48.86,-26.562],[-48.856,-26.634]]]}},{"type":"Feature","properties":{"code":"4208005"},"geometry":{"type":"Polygon","coordinates":[[[-52.398,-27.293],[-52.378,-27.304],[-52.352,-27.289],[-52.3,-27.319],[-52.291,-27.305],[-52.306,-27.266],[-52.261,-27.257],[-52.208,-27.22],[-52.193,-27.2],[-52.233,-27.181],[-52.261,-27.23],[-52.282,-27.224],[-52.33,-27.236],[-52.357,-27.225],[-52.369,-27.193],[-52.402,-27.191],[-52.432,-27.218],[-52.442,-27.25],[-52.419,-27.282],[-52.398,-27.293]]]}},{"type":"Feature","properties":{"code":"4216255"},"geometry":{"type":"Polygon","coordinates":[[[-53.52,-27.082],[-53.542,-27.087],[-53.547,-27.025],[-53.587,-27.009],[-53.643,-27.044],[-53.663,-27.108],[-53.641,-27.155],[-53.615,-27.166],[-53.588,-27.144],[-53.548,-27.156],[-53.526,-27.131],[-53.52,-27.082]]]}},{"type":"Feature","properties":{"code":"4216206"},"geometry":{"type":"Polygon","coordinates":[[[-48.663,-26.361],[-48.637,-26.369],[-48.619,-26.399],[-48.626,-26.438],[-48.594,-26.452],[-48.599,-26.432],[-48.547,-26.311],[-48.504,-26.237],[-48.525,-26.21],[-48.532,-26.163],[-48.569,-26.168],[-48.622,-26.207],[-48.627,-26.183],[-48.742,-26.128],[-48.784,-26.153],[-48.76,-26.189],[-48.764,-26.215],[-48.742,-26.261],[-48.74,-26.286],[-48.727,-26.322],[-48.705,-26.342],[-48.663,-26.361]]]}},{"type":"Feature","properties":{"code":"4215554"},"geometry":{"type":"Polygon","coordinates":[[[-53.672,-26.943],[-53.583,-26.953],[-53.536,-26.946],[-53.561,-26.926],[-53.576,-26.896],[-53.626,-26.885],[-53.675,-26.893],[-53.672,-26.943]]]}},{"type":"Feature","properties":{"code":"4215505"},"geometry":{"type":"Polygon","coordinates":[[[-50.315,-27.076],[-50.319,-27.015],[-50.291,-26.97],[-50.255,-26.863],[-50.289,-26.836],[-50.342,-26.827],[-50.337,-26.78],[-50.354,-26.737],[-50.413,-26.73],[-50.473,-26.696],[-50.468,-26.664],[-50.493,-26.648],[-50.514,-26.688],[-50.516,-26.715],[-50.5,-26.769],[-50.527,-26.781],[-50.509,-26.796],[-50.52,-26.822],[-50.555,-26.832],[-50.587,-26.866],[-50.591,-26.928],[-50.618,-26.953],[-50.614,-26.975],[-50.63,-27.02],[-50.664,-27.059],[-50.658,-27.087],[-50.597,-27.051],[-50.565,-27.057],[-50.53,-27.09],[-50.526,-27.12],[-50.428,-27.109],[-50.386,-27.118],[-50.349,-27.094],[-50.315,-27.076]]]}},{"type":"Feature","properties":{"code":"4207304"},"geometry":{"type":"Polygon","coordinates":[[[-48.706,-28.341],[-48.695,-28.286],[-48.654,-28.232],[-48.663,-28.184],[-48.634,-28.113],[-48.667,-28.118],[-48.702,-28.102],[-48.707,-28.083],[-48.762,-28.09],[-48.731,-28.156],[-48.741,-28.209],[-48.725,-28.253],[-48.755,-28.325],[-48.706,-28.341]]]}},{"type":"Feature","properties":{"code":"4215604"},"geometry":{"type":"Polygon","coordinates":[[[-49.063,-28.06],[-49.044,-28.012],[-49.052,-27.99],[-49.103,-28.006],[-49.145,-27.997],[-49.171,-27.977],[-49.308,-27.941],[-49.308,-27.97],[-49.28,-28.023],[-49.239,-28.018],[-49.155,-28.09],[-49.082,-28.046],[-49.063,-28.06]]]}},{"type":"Feature","properties":{"code":"4207403"},"geometry":{"type":"Polygon","coordinates":[[[-49.319,-27.572],[-49.363,-27.551],[-49.355,-27.491],[-49.405,-27.449],[-49.465,-27.445],[-49.48,-27.523],[-49.455,-27.537],[-49.431,-27.517],[-49.404,-27.561],[-49.355,-27.563],[-49.323,-27.589],[-49.301,-27.584],[-49.319,-27.572]]]}},{"type":"Feature","properties":{"code":"4215406"},"geometry":{"type":"Polygon","coordinates":[[[-51.437,-26.856],[-51.51,-26.84],[-51.488,-26.859],[-51.479,-26.925],[-51.406,-26.943],[-51.37,-26.929],[-51.368,-26.869],[-51.437,-26.856]]]}},{"type":"Feature","properties":{"code":"4207205"},"geometry":{"type":"Polygon","coordinates":[[[-48.948,-28.359],[-48.927,-28.35],[-48.891,-28.361],[-48.804,-28.356],[-48.775,-28.361],[-48.755,-28.325],[-48.725,-28.253],[-48.741,-28.209],[-48.731,-28.156],[-48.762,-28.09],[-48.807,-28.093],[-48.838,-28.072],[-48.869,-28.08],[-48.884,-28.15],[-48.926,-28.141],[-48.939,-28.175],[-48.911,-28.216],[-48.922,-28.235],[-48.956,-28.269],[-48.955,-28.319],[-48.948,-28.359]]]}},{"type":"Feature","properties":{"code":"4215455"},"geometry":{"type":"Polygon","coordinates":[[[-49.174,-28.699],[-49.099,-28.685],[-49.071,-28.628],[-49.103,-28.593],[-49.182,-28.641],[-49.176,-28.684],[-49.174,-28.699]]]}},{"type":"Feature","properties":{"code":"4215802"},"geometry":{"type":"Polygon","coordinates":[[[-49.484,-26.42],[-49.446,-26.427],[-49.434,-26.369],[-49.403,-26.349],[-49.34,-26.379],[-49.291,-26.371],[-49.231,-26.397],[-49.176,-26.366],[-49.187,-26.345],[-49.169,-26.308],[-49.252,-26.268],[-49.317,-26.23],[-49.326,-26.201],[-49.373,-26.202],[-49.418,-26.187],[-49.429,-26.171],[-49.486,-26.186],[-49.487,-26.194],[-49.471,-26.241],[-49.464,-26.34],[-49.471,-26.362],[-49.454,-26.39],[-49.484,-26.42]]]}},{"type":"Feature","properties":{"code":"4207601"},"geometry":{"type":"Polygon","coordinates":[[[-51.882,-27.426],[-51.87,-27.45],[-51.804,-27.421],[-51.759,-27.415],[-51.733,-27.392],[-51.73,-27.357],[-51.731,-27.334],[-51.761,-27.307],[-51.756,-27.281],[-51.798,-27.291],[-51.823,-27.297],[-51.819,-27.37],[-51.838,-27.372],[-51.875,-27.406],[-51.882,-27.426]]]}},{"type":"Feature","properties":{"code":"4215752"},"geometry":{"type":"Polygon","coordinates":[[[-52.946,-26.567],[-52.926,-26.562],[-52.935,-26.52],[-52.92,-26.504],[-52.937,-26.443],[-52.968,-26.441],[-53.026,-26.407],[-53.066,-26.485],[-53.019,-26.532],[-52.977,-26.536],[-52.946,-26.567]]]}},{"type":"Feature","properties":{"code":"4207577"},"geometry":{"type":"Polygon","coordinates":[[[-51.196,-27.029],[-51.21,-26.983],[-51.232,-26.956],[-51.283,-26.924],[-51.352,-26.981],[-51.334,-27.02],[-51.318,-27.019],[-51.248,-27.034],[-51.196,-27.029]]]}},{"type":"Feature","properties":{"code":"4207684"},"geometry":{"type":"Polygon","coordinates":[[[-52.563,-26.672],[-52.535,-26.711],[-52.535,-26.809],[-52.501,-26.774],[-52.442,-26.749],[-52.429,-26.767],[-52.416,-26.698],[-52.393,-26.684],[-52.41,-26.65],[-52.418,-26.587],[-52.465,-26.57],[-52.523,-26.613],[-52.519,-26.628],[-52.563,-26.672]]]}},{"type":"Feature","properties":{"code":"4207650"},"geometry":{"type":"Polygon","coordinates":[[[-53.52,-27.082],[-53.489,-27.082],[-53.448,-27.039],[-53.45,-27.009],[-53.412,-27.019],[-53.375,-27.015],[-53.411,-26.952],[-53.436,-26.943],[-53.513,-26.936],[-53.536,-26.946],[-53.583,-26.953],[-53.556,-26.969],[-53.559,-26.993],[-53.587,-27.009],[-53.547,-27.025],[-53.542,-27.087],[-53.52,-27.082]]]}},{"type":"Feature","properties":{"code":"4215679"},"geometry":{"type":"Polygon","coordinates":[[[-50.091,-26.524],[-50.125,-26.523],[-50.132,-26.587],[-50.118,-26.618],[-50.135,-26.664],[-50.114,-26.71],[-50.1,-26.801],[-50.086,-26.81],[-50.072,-26.834],[-50.046,-26.813],[-49.978,-26.795],[-49.95,-26.808],[-49.898,-26.77],[-49.855,-26.715],[-49.829,-26.706],[-49.855,-26.654],[-49.882,-26.646],[-49.881,-26.619],[-49.956,-26.551],[-49.995,-26.506],[-50.032,-26.519],[-50.091,-26.524]]]}},{"type":"Feature","properties":{"code":"4215653"},"geometry":{"type":"Polygon","coordinates":[[[-49.712,-29.206],[-49.695,-29.176],[-49.656,-29.143],[-49.69,-29.113],[-49.703,-29.082],[-49.739,-29.074],[-49.743,-29.039],[-49.822,-29.08],[-49.834,-29.095],[-49.764,-29.169],[-49.712,-29.206]]]}},{"type":"Feature","properties":{"code":"4215703"},"geometry":{"type":"Polygon","coordinates":[[[-48.882,-27.815],[-48.914,-27.839],[-48.876,-27.861],[-48.842,-27.861],[-48.811,-27.829],[-48.766,-27.838],[-48.74,-27.795],[-48.682,-27.759],[-48.707,-27.695],[-48.731,-27.679],[-48.744,-27.642],[-48.738,-27.615],[-48.746,-27.615],[-48.844,-27.625],[-48.863,-27.66],[-48.841,-27.688],[-48.832,-27.72],[-48.867,-27.719],[-48.859,-27.756],[-48.883,-27.783],[-48.882,-27.815]]]}},{"type":"Feature","properties":{"code":"4215695"},"geometry":{"type":"Polygon","coordinates":[[[-52.748,-26.595],[-52.731,-26.635],[-52.744,-26.658],[-52.718,-26.672],[-52.678,-26.673],[-52.662,-26.655],[-52.626,-26.646],[-52.663,-26.629],[-52.672,-26.602],[-52.707,-26.584],[-52.748,-26.595]]]}},{"type":"Feature","properties":{"code":"4215687"},"geometry":{"type":"Polygon","coordinates":[[[-53.114,-26.63],[-53.093,-26.593],[-53.123,-26.573],[-53.145,-26.555],[-53.147,-26.528],[-53.18,-26.531],[-53.223,-26.579],[-53.234,-26.627],[-53.227,-26.639],[-53.205,-26.642],[-53.137,-26.64],[-53.114,-26.63]]]}},{"type":"Feature","properties":{"code":"4207502"},"geometry":{"type":"Polygon","coordinates":[[[-49.155,-27.12],[-49.131,-27.068],[-49.136,-27.015],[-49.163,-26.99],[-49.163,-26.934],[-49.177,-26.918],[-49.16,-26.886],[-49.194,-26.855],[-49.198,-26.836],[-49.207,-26.83],[-49.254,-26.87],[-49.285,-26.881],[-49.305,-26.848],[-49.315,-26.899],[-49.289,-26.951],[-49.316,-26.959],[-49.3,-26.997],[-49.318,-27.022],[-49.297,-27.056],[-49.264,-27.063],[-49.247,-27.129],[-49.221,-27.163],[-49.211,-27.158],[-49.155,-27.12]]]}},{"type":"Feature","properties":{"code":"4215000"},"geometry":{"type":"Polygon","coordinates":[[[-49.761,-26.471],[-49.734,-26.523],[-49.733,-26.549],[-49.693,-26.574],[-49.683,-26.622],[-49.708,-26.648],[-49.694,-26.687],[-49.652,-26.693],[-49.622,-26.704],[-49.616,-26.639],[-49.586,-26.625],[-49.58,-26.58],[-49.565,-26.566],[-49.547,-26.526],[-49.52,-26.526],[-49.441,-26.489],[-49.492,-26.44],[-49.484,-26.42],[-49.454,-26.39],[-49.471,-26.362],[-49.464,-26.34],[-49.471,-26.241],[-49.487,-26.194],[-49.502,-26.22],[-49.542,-26.214],[-49.55,-26.233],[-49.603,-26.227],[-49.627,-26.296],[-49.611,-26.336],[-49.653,-26.352],[-49.635,-26.377],[-49.697,-26.396],[-49.737,-26.425],[-49.761,-26.471]]]}},{"type":"Feature","properties":{"code":"4215109"},"geometry":{"type":"Polygon","coordinates":[[[-49.316,-26.959],[-49.289,-26.951],[-49.315,-26.899],[-49.305,-26.848],[-49.33,-26.808],[-49.404,-26.87],[-49.43,-26.915],[-49.39,-26.931],[-49.338,-26.966],[-49.316,-26.959]]]}},{"type":"Feature","properties":{"code":"4206801"},"geometry":{"type":"Polygon","coordinates":[[[-51.431,-27.117],[-51.408,-27.121],[-51.389,-27.146],[-51.281,-27.213],[-51.322,-27.151],[-51.336,-27.125],[-51.299,-27.058],[-51.318,-27.019],[-51.334,-27.02],[-51.345,-27.04],[-51.421,-27.039],[-51.462,-27.029],[-51.457,-27.07],[-51.426,-27.084],[-51.431,-27.117]]]}},{"type":"Feature","properties":{"code":"4215075"},"geometry":{"type":"Polygon","coordinates":[[[-53.33,-27.089],[-53.287,-27.046],[-53.291,-26.928],[-53.335,-26.899],[-53.377,-26.887],[-53.408,-26.889],[-53.411,-26.952],[-53.375,-27.015],[-53.367,-27.067],[-53.33,-27.089]]]}},{"type":"Feature","properties":{"code":"4206900"},"geometry":{"type":"Polygon","coordinates":[[[-49.592,-27.128],[-49.537,-27.117],[-49.496,-27.079],[-49.473,-27.088],[-49.469,-27.005],[-49.46,-26.965],[-49.465,-26.94],[-49.486,-26.938],[-49.51,-26.91],[-49.544,-26.892],[-49.544,-26.913],[-49.577,-26.953],[-49.581,-27.002],[-49.601,-27.011],[-49.586,-27.087],[-49.592,-27.128]]]}},{"type":"Feature","properties":{"code":"4215059"},"geometry":{"type":"Polygon","coordinates":[[[-49.745,-28.032],[-49.711,-28.007],[-49.715,-27.942],[-49.703,-27.918],[-49.607,-27.901],[-49.645,-27.88],[-49.687,-27.833],[-49.737,-27.836],[-49.778,-27.804],[-49.809,-27.868],[-49.869,-27.901],[-49.866,-27.912],[-49.842,-27.961],[-49.794,-27.982],[-49.745,-28.032]]]}},{"type":"Feature","properties":{"code":"4214904"},"geometry":{"type":"Polygon","coordinates":[[[-49.031,-28.151],[-49.064,-28.116],[-49.063,-28.06],[-49.082,-28.046],[-49.155,-28.09],[-49.239,-28.018],[-49.28,-28.023],[-49.308,-27.97],[-49.322,-27.984],[-49.342,-28.017],[-49.307,-28.057],[-49.289,-28.111],[-49.268,-28.112],[-49.248,-28.142],[-49.216,-28.163],[-49.199,-28.154],[-49.17,-28.15],[-49.13,-28.162],[-49.077,-28.19],[-49.031,-28.151]]]}},{"type":"Feature","properties":{"code":"4206702"},"geometry":{"type":"Polygon","coordinates":[[[-51.281,-27.213],[-51.389,-27.146],[-51.408,-27.121],[-51.431,-27.117],[-51.441,-27.134],[-51.48,-27.145],[-51.514,-27.208],[-51.54,-27.238],[-51.53,-27.245],[-51.467,-27.221],[-51.434,-27.242],[-51.414,-27.231],[-51.326,-27.261],[-51.281,-27.213]]]}},{"type":"Feature","properties":{"code":"4206751"},"geometry":{"type":"Polygon","coordinates":[[[-51.113,-27.239],[-51.183,-27.196],[-51.186,-27.178],[-51.233,-27.139],[-51.259,-27.137],[-51.294,-27.162],[-51.322,-27.151],[-51.281,-27.213],[-51.255,-27.233],[-51.221,-27.236],[-51.21,-27.26],[-51.158,-27.287],[-51.113,-27.239]]]}},{"type":"Feature","properties":{"code":"4207106"},"geometry":{"type":"Polygon","coordinates":[[[-48.843,-26.964],[-48.799,-26.967],[-48.761,-26.942],[-48.786,-26.915],[-48.762,-26.884],[-48.76,-26.855],[-48.773,-26.833],[-48.82,-26.823],[-48.898,-26.763],[-48.987,-26.809],[-48.982,-26.829],[-48.936,-26.843],[-48.894,-26.89],[-48.854,-26.921],[-48.843,-26.964]]]}},{"type":"Feature","properties":{"code":"4215356"},"geometry":{"type":"Polygon","coordinates":[[[-52.998,-26.635],[-52.941,-26.614],[-52.926,-26.581],[-52.946,-26.567],[-52.977,-26.536],[-53.019,-26.532],[-53.123,-26.573],[-53.093,-26.593],[-53.114,-26.63],[-53.063,-26.644],[-52.998,-26.635]]]}},{"type":"Feature","properties":{"code":"4215307"},"geometry":{"type":"Polygon","coordinates":[[[-49.969,-26.869],[-50.0,-26.876],[-50.024,-26.921],[-50.055,-26.936],[-50.092,-26.988],[-50.068,-27.033],[-50.048,-27.048],[-49.977,-27.047],[-49.976,-27.01],[-49.946,-26.995],[-49.96,-26.956],[-49.951,-26.927],[-49.95,-26.904],[-49.969,-26.869]]]}},{"type":"Feature","properties":{"code":"4215208"},"geometry":{"type":"Polygon","coordinates":[[[-53.392,-26.621],[-53.394,-26.663],[-53.383,-26.719],[-53.394,-26.744],[-53.365,-26.766],[-53.306,-26.721],[-53.283,-26.695],[-53.231,-26.655],[-53.227,-26.639],[-53.234,-26.627],[-53.223,-26.579],[-53.239,-26.543],[-53.254,-26.57],[-53.331,-26.589],[-53.345,-26.585],[-53.392,-26.621]]]}},{"type":"Feature","properties":{"code":"4207007"},"geometry":{"type":"Polygon","coordinates":[[[-49.33,-28.865],[-49.303,-28.848],[-49.242,-28.779],[-49.205,-28.777],[-49.204,-28.75],[-49.176,-28.722],[-49.174,-28.699],[-49.176,-28.684],[-49.214,-28.671],[-49.244,-28.675],[-49.333,-28.679],[-49.336,-28.754],[-49.357,-28.755],[-49.352,-28.855],[-49.33,-28.865]]]}},{"type":"Feature","properties":{"code":"4214508"},"geometry":{"type":"Polygon","coordinates":[[[-50.068,-27.033],[-50.092,-26.988],[-50.055,-26.936],[-50.024,-26.921],[-50.0,-26.876],[-49.969,-26.869],[-49.956,-26.852],[-49.95,-26.808],[-49.978,-26.795],[-50.046,-26.813],[-50.072,-26.834],[-50.086,-26.81],[-50.098,-26.817],[-50.162,-26.789],[-50.2,-26.814],[-50.22,-26.814],[-50.255,-26.863],[-50.291,-26.97],[-50.236,-26.986],[-50.134,-26.985],[-50.101,-27.02],[-50.068,-27.033]]]}},{"type":"Feature","properties":{"code":"4206306"},"geometry":{"type":"Polygon","coordinates":[[[-49.139,-27.133],[-49.103,-27.139],[-49.08,-27.175],[-49.04,-27.186],[-49.017,-27.165],[-48.95,-27.096],[-48.95,-27.07],[-48.934,-27.028],[-48.961,-27.023],[-49.037,-27.048],[-49.057,-27.061],[-49.057,-27.091],[-49.095,-27.116],[-49.139,-27.133]]]}},{"type":"Feature","properties":{"code":"4206405"},"geometry":{"type":"Polygon","coordinates":[[[-53.425,-26.604],[-53.433,-26.574],[-53.459,-26.548],[-53.494,-26.521],[-53.555,-26.529],[-53.581,-26.516],[-53.638,-26.516],[-53.691,-26.505],[-53.721,-26.538],[-53.731,-26.601],[-53.675,-26.579],[-53.631,-26.612],[-53.632,-26.629],[-53.598,-26.658],[-53.536,-26.647],[-53.495,-26.66],[-53.447,-26.634],[-53.425,-26.604]]]}},{"type":"Feature","properties":{"code":"4206207"},"geometry":{"type":"Polygon","coordinates":[[[-49.101,-28.363],[-49.072,-28.395],[-49.024,-28.401],[-48.979,-28.422],[-48.937,-28.384],[-48.948,-28.359],[-48.955,-28.319],[-48.994,-28.301],[-49.036,-28.304],[-49.074,-28.291],[-49.079,-28.274],[-49.105,-28.359],[-49.101,-28.363]]]}},{"type":"Feature","properties":{"code":"4214409"},"geometry":{"type":"Polygon","coordinates":[[[-51.192,-26.851],[-51.178,-26.868],[-51.179,-26.917],[-51.16,-26.954],[-51.126,-26.961],[-51.117,-26.984],[-51.045,-26.986],[-50.986,-26.979],[-50.99,-26.962],[-50.846,-26.873],[-50.974,-26.894],[-50.983,-26.87],[-51.039,-26.867],[-51.05,-26.843],[-51.184,-26.833],[-51.192,-26.851]]]}},{"type":"Feature","properties":{"code":"4206652"},"geometry":{"type":"Polygon","coordinates":[[[-52.852,-27.113],[-52.839,-27.157],[-52.851,-27.17],[-52.846,-27.207],[-52.801,-27.203],[-52.785,-27.206],[-52.776,-27.187],[-52.722,-27.153],[-52.708,-27.096],[-52.732,-27.084],[-52.722,-27.04],[-52.76,-27.014],[-52.779,-27.053],[-52.84,-27.044],[-52.829,-27.107],[-52.852,-27.113]]]}},{"type":"Feature","properties":{"code":"4214805"},"geometry":{"type":"Polygon","coordinates":[[[-49.691,-27.245],[-49.682,-27.291],[-49.64,-27.276],[-49.62,-27.285],[-49.579,-27.26],[-49.565,-27.276],[-49.527,-27.272],[-49.552,-27.237],[-49.576,-27.171],[-49.572,-27.143],[-49.592,-27.128],[-49.586,-27.087],[-49.616,-27.08],[-49.643,-27.108],[-49.694,-27.126],[-49.717,-27.144],[-49.691,-27.245]]]}},{"type":"Feature","properties":{"code":"4206603"},"geometry":{"type":"Polygon","coordinates":[[[-53.403,-26.428],[-53.404,-26.38],[-53.394,-26.366],[-53.56,-26.375],[-53.583,-26.413],[-53.541,-26.427],[-53.452,-26.424],[-53.403,-26.428]]]}},{"type":"Feature","properties":{"code":"4214607"},"geometry":{"type":"Polygon","coordinates":[[[-49.802,-27.248],[-49.761,-27.196],[-49.743,-27.145],[-49.803,-27.129],[-49.846,-27.069],[-49.845,-27.024],[-49.876,-27.021],[-49.898,-27.103],[-49.891,-27.143],[-49.915,-27.145],[-49.933,-27.189],[-49.913,-27.219],[-49.843,-27.236],[-49.823,-27.265],[-49.802,-27.248]]]}},{"type":"Feature","properties":{"code":"4214706"},"geometry":{"type":"Polygon","coordinates":[[[-49.214,-26.755],[-49.231,-26.751],[-49.234,-26.69],[-49.215,-26.655],[-49.223,-26.62],[-49.285,-26.607],[-49.299,-26.571],[-49.291,-26.547],[-49.332,-26.539],[-49.377,-26.488],[-49.417,-26.51],[-49.441,-26.489],[-49.52,-26.526],[-49.547,-26.526],[-49.565,-26.566],[-49.531,-26.565],[-49.508,-26.598],[-49.488,-26.66],[-49.482,-26.648],[-49.399,-26.671],[-49.341,-26.725],[-49.335,-26.746],[-49.224,-26.773],[-49.214,-26.755]]]}},{"type":"Feature","properties":{"code":"4206504"},"geometry":{"type":"Polygon","coordinates":[[[-48.832,-26.531],[-48.873,-26.535],[-48.904,-26.502],[-48.881,-26.478],[-48.876,-26.451],[-48.839,-26.441],[-48.876,-26.383],[-48.906,-26.373],[-48.931,-26.421],[-49.004,-26.389],[-49.02,-26.418],[-49.008,-26.439],[-49.029,-26.457],[-49.017,-26.507],[-49.051,-26.515],[-49.016,-26.547],[-49.012,-26.572],[-48.978,-26.573],[-48.94,-26.544],[-48.899,-26.542],[-48.86,-26.562],[-48.832,-26.531]]]}},{"type":"Feature","properties":{"code":"4214003"},"geometry":{"type":"Polygon","coordinates":[[[-49.586,-27.087],[-49.601,-27.011],[-49.633,-26.994],[-49.69,-26.925],[-49.681,-26.953],[-49.709,-27.016],[-49.697,-27.043],[-49.821,-27.014],[-49.845,-27.024],[-49.846,-27.069],[-49.803,-27.129],[-49.743,-27.145],[-49.717,-27.144],[-49.694,-27.126],[-49.643,-27.108],[-49.616,-27.08],[-49.586,-27.087]]]}},{"type":"Feature","properties":{"code":"4205803"},"geometry":{"type":"Polygon","coordinates":[[[-48.742,-26.128],[-48.692,-26.083],[-48.716,-26.044],[-48.712,-26.008],[-48.678,-25.98],[-48.963,-25.98],[-48.95,-25.99],[-48.956,-26.019],[-49.004,-26.026],[-49.03,-26.01],[-49.052,-26.028],[-49.057,-26.076],[-49.042,-26.114],[-48.975,-26.125],[-48.828,-26.123],[-48.794,-26.132],[-48.784,-26.153],[-48.742,-26.128]]]}},{"type":"Feature","properties":{"code":"4213906"},"geometry":{"type":"Polygon","coordinates":[[[-51.815,-27.188],[-51.812,-27.221],[-51.843,-27.236],[-51.79,-27.259],[-51.798,-27.291],[-51.756,-27.281],[-51.752,-27.257],[-51.72,-27.218],[-51.725,-27.207],[-51.772,-27.207],[-51.815,-27.188]]]}},{"type":"Feature","properties":{"code":"4205704"},"geometry":{"type":"Polygon","coordinates":[[[-48.634,-28.113],[-48.632,-28.085],[-48.609,-28.062],[-48.603,-28.033],[-48.632,-28.0],[-48.621,-27.945],[-48.65,-27.966],[-48.672,-28.004],[-48.72,-28.046],[-48.707,-28.083],[-48.702,-28.102],[-48.667,-28.118],[-48.634,-28.113]]]}},{"type":"Feature","properties":{"code":"4214300"},"geometry":{"type":"Polygon","coordinates":[[[-49.031,-27.774],[-49.007,-27.701],[-48.992,-27.699],[-48.961,-27.658],[-48.97,-27.634],[-49.01,-27.622],[-49.065,-27.649],[-49.089,-27.585],[-49.182,-27.591],[-49.205,-27.604],[-49.209,-27.629],[-49.202,-27.645],[-49.165,-27.662],[-49.147,-27.688],[-49.158,-27.744],[-49.091,-27.751],[-49.031,-27.774]]]}},{"type":"Feature","properties":{"code":"4206108"},"geometry":{"type":"Polygon","coordinates":[[[-49.276,-28.248],[-49.198,-28.228],[-49.189,-28.178],[-49.199,-28.154],[-49.216,-28.163],[-49.248,-28.142],[-49.268,-28.112],[-49.289,-28.111],[-49.307,-28.057],[-49.342,-28.017],[-49.322,-27.984],[-49.349,-27.996],[-49.372,-28.066],[-49.404,-28.082],[-49.393,-28.11],[-49.432,-28.114],[-49.44,-28.133],[-49.398,-28.158],[-49.396,-28.193],[-49.347,-28.239],[-49.292,-28.253],[-49.276,-28.248]]]}},{"type":"Feature","properties":{"code":"4214102"},"geometry":{"type":"Polygon","coordinates":[[[-49.458,-27.357],[-49.41,-27.352],[-49.397,-27.328],[-49.348,-27.314],[-49.318,-27.317],[-49.312,-27.277],[-49.273,-27.246],[-49.222,-27.231],[-49.191,-27.204],[-49.211,-27.158],[-49.221,-27.163],[-49.248,-27.198],[-49.31,-27.214],[-49.343,-27.239],[-49.374,-27.228],[-49.447,-27.255],[-49.454,-27.274],[-49.492,-27.301],[-49.48,-27.305],[-49.458,-27.357]]]}},{"type":"Feature","properties":{"code":"4205902"},"geometry":{"type":"Polygon","coordinates":[[[-49.03,-26.778],[-49.05,-26.789],[-49.039,-26.839],[-49.044,-26.878],[-49.012,-26.907],[-49.057,-26.955],[-49.041,-26.977],[-49.056,-26.994],[-49.057,-27.061],[-49.037,-27.048],[-48.961,-27.023],[-48.934,-27.028],[-48.887,-27.003],[-48.866,-27.003],[-48.843,-26.964],[-48.854,-26.921],[-48.894,-26.89],[-48.936,-26.843],[-48.982,-26.829],[-48.987,-26.809],[-49.006,-26.784],[-49.03,-26.778]]]}},{"type":"Feature","properties":{"code":"4214201"},"geometry":{"type":"Polygon","coordinates":[[[-52.817,-26.734],[-52.792,-26.789],[-52.764,-26.819],[-52.719,-26.822],[-52.717,-26.804],[-52.686,-26.807],[-52.685,-26.773],[-52.657,-26.753],[-52.623,-26.772],[-52.645,-26.751],[-52.598,-26.719],[-52.607,-26.675],[-52.626,-26.646],[-52.662,-26.655],[-52.678,-26.673],[-52.718,-26.672],[-52.744,-26.658],[-52.802,-26.686],[-52.846,-26.67],[-52.817,-26.734]]]}},{"type":"Feature","properties":{"code":"4206009"},"geometry":{"type":"Polygon","coordinates":[[[-48.526,-27.408],[-48.54,-27.32],[-48.595,-27.316],[-48.627,-27.325],[-48.634,-27.364],[-48.629,-27.403],[-48.585,-27.455],[-48.533,-27.428],[-48.526,-27.408]]]}},{"type":"Feature","properties":{"code":"4214151"},"geometry":{"type":"Polygon","coordinates":[[[-53.688,-26.443],[-53.638,-26.449],[-53.625,-26.473],[-53.582,-26.477],[-53.541,-26.427],[-53.583,-26.413],[-53.604,-26.376],[-53.65,-26.41],[-53.689,-26.429],[-53.688,-26.443]]]}},{"type":"Feature","properties":{"code":"4213500"},"geometry":{"type":"Polygon","coordinates":[[[-48.578,-27.212],[-48.576,-27.186],[-48.541,-27.173],[-48.508,-27.11],[-48.553,-27.157],[-48.586,-27.145],[-48.604,-27.137],[-48.658,-27.151],[-48.69,-27.142],[-48.684,-27.196],[-48.661,-27.216],[-48.603,-27.218],[-48.578,-27.212]]]}},{"type":"Feature","properties":{"code":"4205308"},"geometry":{"type":"Polygon","coordinates":[[[-52.338,-26.945],[-52.299,-26.961],[-52.234,-26.947],[-52.193,-26.959],[-52.154,-26.949],[-52.154,-26.926],[-52.163,-26.894],[-52.204,-26.867],[-52.189,-26.825],[-52.198,-26.796],[-52.155,-26.781],[-52.123,-26.725],[-52.171,-26.724],[-52.185,-26.713],[-52.233,-26.759],[-52.304,-26.764],[-52.362,-26.759],[-52.355,-26.785],[-52.322,-26.834],[-52.308,-26.9],[-52.322,-26.944],[-52.338,-26.945]]]}},{"type":"Feature","properties":{"code":"4205357"},"geometry":{"type":"Polygon","coordinates":[[[-53.389,-26.771],[-53.396,-26.807],[-53.296,-26.785],[-53.305,-26.765],[-53.287,-26.735],[-53.306,-26.721],[-53.365,-26.766],[-53.389,-26.771]]]}},{"type":"Feature","properties":{"code":"4213351"},"geometry":{"type":"Polygon","coordinates":[[[-50.349,-27.094],[-50.386,-27.118],[-50.428,-27.109],[-50.526,-27.12],[-50.541,-27.146],[-50.607,-27.145],[-50.61,-27.191],[-50.549,-27.21],[-50.502,-27.218],[-50.444,-27.227],[-50.395,-27.262],[-50.318,-27.269],[-50.304,-27.253],[-50.268,-27.268],[-50.243,-27.237],[-50.273,-27.211],[-50.287,-27.169],[-50.307,-27.164],[-50.32,-27.114],[-50.349,-27.094]]]}},{"type":"Feature","properties":{"code":"4205175"},"geometry":{"type":"Polygon","coordinates":[[[-52.535,-26.809],[-52.535,-26.711],[-52.563,-26.672],[-52.607,-26.675],[-52.598,-26.719],[-52.645,-26.751],[-52.623,-26.772],[-52.586,-26.801],[-52.551,-26.801],[-52.535,-26.809]]]}},{"type":"Feature","properties":{"code":"4205159"},"geometry":{"type":"Polygon","coordinates":[[[-49.549,-26.857],[-49.506,-26.789],[-49.454,-26.766],[-49.448,-26.715],[-49.475,-26.698],[-49.488,-26.66],[-49.508,-26.598],[-49.531,-26.565],[-49.565,-26.566],[-49.58,-26.58],[-49.586,-26.625],[-49.616,-26.639],[-49.622,-26.704],[-49.652,-26.693],[-49.681,-26.703],[-49.645,-26.779],[-49.565,-26.786],[-49.563,-26.825],[-49.549,-26.857]]]}},{"type":"Feature","properties":{"code":"4213401"},"geometry":{"type":"Polygon","coordinates":[[[-51.826,-26.923],[-51.814,-26.855],[-51.725,-26.846],[-51.702,-26.792],[-51.732,-26.79],[-51.784,-26.759],[-51.842,-26.765],[-51.923,-26.787],[-51.98,-26.778],[-51.98,-26.8],[-52.014,-26.846],[-52.044,-26.839],[-52.115,-26.859],[-52.143,-26.897],[-52.148,-26.929],[-52.109,-26.954],[-52.067,-26.96],[-52.012,-26.948],[-51.98,-26.937],[-51.917,-26.933],[-51.885,-26.946],[-51.844,-26.943],[-51.826,-26.923]]]}},{"type":"Feature","properties":{"code":"4205209"},"geometry":{"type":"Polygon","coordinates":[[[-51.54,-27.282],[-51.514,-27.317],[-51.459,-27.344],[-51.438,-27.316],[-51.412,-27.329],[-51.354,-27.325],[-51.312,-27.342],[-51.3,-27.293],[-51.326,-27.261],[-51.414,-27.231],[-51.434,-27.242],[-51.467,-27.221],[-51.53,-27.245],[-51.54,-27.282]]]}},{"type":"Feature","properties":{"code":"4205191"},"geometry":{"type":"Polygon","coordinates":[[[-49.624,-29.017],[-49.58,-28.984],[-49.606,-28.952],[-49.648,-28.959],[-49.653,-28.984],[-49.706,-28.967],[-49.726,-29.003],[-49.699,-29.02],[-49.624,-29.017]]]}},{"type":"Feature","properties":{"code":"4205555"},"geometry":{"type":"Polygon","coordinates":[[[-50.838,-27.184],[-50.818,-27.208],[-50.821,-27.23],[-50.778,-27.267],[-50.765,-27.306],[-50.73,-27.203],[-50.702,-27.189],[-50.681,-27.157],[-50.699,-27.137],[-50.735,-27.121],[-50.784,-27.118],[-50.828,-27.158],[-50.838,-27.184]]]}},{"type":"Feature","properties":{"code":"4213708"},"geometry":{"type":"Polygon","coordinates":[[[-49.957,-27.402],[-49.932,-27.37],[-49.931,-27.324],[-49.885,-27.306],[-49.857,-27.278],[-49.823,-27.265],[-49.843,-27.236],[-49.913,-27.219],[-49.933,-27.189],[-50.004,-27.213],[-50.051,-27.208],[-50.072,-27.239],[-50.1,-27.246],[-50.13,-27.274],[-50.076,-27.305],[-50.062,-27.321],[-50.026,-27.325],[-50.032,-27.372],[-49.996,-27.413],[-49.957,-27.402]]]}},{"type":"Feature","properties":{"code":"4213807"},"geometry":{"type":"Polygon","coordinates":[[[-50.145,-29.27],[-50.112,-29.304],[-50.072,-29.325],[-50.041,-29.355],[-50.034,-29.35],[-50.065,-29.311],[-50.108,-29.28],[-50.115,-29.262],[-50.01,-29.225],[-49.958,-29.2],[-49.913,-29.196],[-49.891,-29.175],[-49.825,-29.149],[-49.832,-29.122],[-49.877,-29.095],[-49.904,-29.103],[-49.958,-29.068],[-49.971,-29.101],[-49.992,-29.117],[-50.018,-29.163],[-50.075,-29.188],[-50.108,-29.211],[-50.146,-29.198],[-50.145,-29.27]]]}},{"type":"Feature","properties":{"code":"4205605"},"geometry":{"type":"Polygon","coordinates":[[[-52.74,-26.462],[-52.745,-26.506],[-52.691,-26.5],[-52.662,-26.483],[-52.63,-26.499],[-52.611,-26.49],[-52.582,-26.456],[-52.557,-26.408],[-52.596,-26.416],[-52.645,-26.381],[-52.729,-26.44],[-52.74,-26.462]]]}},{"type":"Feature","properties":{"code":"4205431"},"geometry":{"type":"Polygon","coordinates":[[[-52.84,-26.593],[-52.838,-26.622],[-52.855,-26.655],[-52.845,-26.669],[-52.846,-26.67],[-52.802,-26.686],[-52.744,-26.658],[-52.731,-26.635],[-52.748,-26.595],[-52.761,-26.587],[-52.84,-26.593]]]}},{"type":"Feature","properties":{"code":"4213609"},"geometry":{"type":"Polygon","coordinates":[[[-50.797,-26.508],[-50.817,-26.477],[-50.815,-26.441],[-50.849,-26.428],[-50.843,-26.381],[-50.884,-26.38],[-50.9,-26.323],[-50.9,-26.289],[-50.91,-26.249],[-50.944,-26.244],[-50.971,-26.261],[-50.989,-26.236],[-51.001,-26.23],[-51.057,-26.244],[-51.077,-26.231],[-51.102,-26.273],[-51.148,-26.279],[-51.192,-26.302],[-51.207,-26.296],[-51.253,-26.351],[-51.27,-26.387],[-51.201,-26.427],[-51.19,-26.452],[-51.115,-26.391],[-51.025,-26.406],[-50.985,-26.405],[-50.977,-26.442],[-51.008,-26.459],[-51.01,-26.494],[-50.957,-26.531],[-50.943,-26.55],[-50.908,-26.548],[-50.856,-26.561],[-50.825,-26.548],[-50.797,-26.508]]]}},{"type":"Feature","properties":{"code":"4205407"},"geometry":{"type":"Polygon","coordinates":[[[-48.577,-27.844],[-48.542,-27.828],[-48.534,-27.796],[-48.498,-27.795],[-48.478,-27.762],[-48.508,-27.744],[-48.467,-27.651],[-48.418,-27.589],[-48.429,-27.555],[-48.406,-27.507],[-48.374,-27.472],[-48.371,-27.45],[-48.396,-27.431],[-48.417,-27.381],[-48.483,-27.378],[-48.526,-27.408],[-48.533,-27.428],[-48.585,-27.455],[-48.591,-27.483],[-48.576,-27.517],[-48.57,-27.549],[-48.597,-27.57],[-48.613,-27.618],[-48.594,-27.643],[-48.603,-27.663],[-48.602,-27.778],[-48.577,-27.844]]]}},{"type":"Feature","properties":{"code":"4205506"},"geometry":{"type":"Polygon","coordinates":[[[-50.708,-27.101],[-50.734,-27.068],[-50.733,-27.018],[-50.76,-26.994],[-50.825,-26.99],[-50.832,-26.948],[-50.848,-26.923],[-50.846,-26.873],[-50.99,-26.962],[-50.986,-26.979],[-51.045,-26.986],[-51.014,-27.006],[-51.006,-27.035],[-50.976,-27.037],[-50.973,-27.084],[-51.009,-27.12],[-50.952,-27.132],[-50.93,-27.119],[-50.88,-27.127],[-50.877,-27.146],[-50.841,-27.166],[-50.838,-27.184],[-50.828,-27.158],[-50.784,-27.118],[-50.735,-27.121],[-50.699,-27.137],[-50.708,-27.101]]]}},{"type":"Feature","properties":{"code":"4205456"},"geometry":{"type":"Polygon","coordinates":[[[-49.596,-28.776],[-49.533,-28.832],[-49.517,-28.858],[-49.46,-28.846],[-49.425,-28.814],[-49.419,-28.794],[-49.433,-28.758],[-49.407,-28.738],[-49.423,-28.713],[-49.477,-28.713],[-49.513,-28.721],[-49.527,-28.751],[-49.569,-28.753],[-49.596,-28.776]]]}},{"type":"Feature","properties":{"code":"4204806"},"geometry":{"type":"Polygon","coordinates":[[[-50.464,-27.367],[-50.463,-27.329],[-50.492,-27.309],[-50.508,-27.259],[-50.502,-27.218],[-50.549,-27.21],[-50.61,-27.191],[-50.607,-27.145],[-50.541,-27.146],[-50.526,-27.12],[-50.53,-27.09],[-50.565,-27.057],[-50.597,-27.051],[-50.658,-27.087],[-50.691,-27.084],[-50.708,-27.101],[-50.699,-27.137],[-50.681,-27.157],[-50.702,-27.189],[-50.73,-27.203],[-50.765,-27.306],[-50.754,-27.422],[-50.724,-27.451],[-50.707,-27.434],[-50.674,-27.44],[-50.663,-27.463],[-50.633,-27.454],[-50.584,-27.469],[-50.569,-27.504],[-50.514,-27.457],[-50.487,-27.459],[-50.481,-27.402],[-50.464,-27.367]]]}},{"type":"Feature","properties":{"code":"4204756"},"geometry":{"type":"Polygon","coordinates":[[[-53.108,-27.031],[-53.09,-26.991],[-53.047,-26.968],[-53.103,-26.939],[-53.112,-26.924],[-53.143,-26.944],[-53.126,-26.975],[-53.125,-27.015],[-53.108,-27.031]]]}},{"type":"Feature","properties":{"code":"4213005"},"geometry":{"type":"Polygon","coordinates":[[[-51.196,-27.029],[-51.248,-27.034],[-51.318,-27.019],[-51.299,-27.058],[-51.213,-27.068],[-51.157,-27.09],[-51.184,-27.033],[-51.196,-27.029]]]}},{"type":"Feature","properties":{"code":"4212809"},"geometry":{"type":"Polygon","coordinates":[[[-48.709,-26.816],[-48.661,-26.771],[-48.682,-26.718],[-48.757,-26.741],[-48.773,-26.708],[-48.801,-26.713],[-48.818,-26.741],[-48.746,-26.787],[-48.745,-26.808],[-48.709,-26.816]]]}},{"type":"Feature","properties":{"code":"4212908"},"geometry":{"type":"Polygon","coordinates":[[[-52.947,-26.882],[-52.906,-26.862],[-52.919,-26.846],[-52.914,-26.825],[-52.932,-26.777],[-52.958,-26.755],[-52.991,-26.775],[-53.001,-26.804],[-53.042,-26.814],[-53.051,-26.847],[-53.036,-26.876],[-53.008,-26.887],[-52.947,-26.882]]]}},{"type":"Feature","properties":{"code":"4204707"},"geometry":{"type":"Polygon","coordinates":[[[-53.112,-26.924],[-53.128,-26.842],[-53.116,-26.815],[-53.121,-26.809],[-53.197,-26.802],[-53.241,-26.813],[-53.242,-26.841],[-53.267,-26.856],[-53.288,-26.888],[-53.285,-26.924],[-53.21,-26.94],[-53.191,-26.951],[-53.143,-26.944],[-53.112,-26.924]]]}},{"type":"Feature","properties":{"code":"4213203"},"geometry":{"type":"Polygon","coordinates":[[[-49.198,-26.836],[-49.128,-26.833],[-49.11,-26.744],[-49.133,-26.694],[-49.13,-26.636],[-49.164,-26.648],[-49.175,-26.614],[-49.223,-26.62],[-49.215,-26.655],[-49.234,-26.69],[-49.231,-26.751],[-49.214,-26.755],[-49.195,-26.793],[-49.207,-26.83],[-49.198,-26.836]]]}},{"type":"Feature","properties":{"code":"4205001"},"geometry":{"type":"Polygon","coordinates":[[[-53.639,-26.251],[-53.644,-26.282],[-53.686,-26.336],[-53.707,-26.395],[-53.689,-26.429],[-53.65,-26.41],[-53.604,-26.376],[-53.583,-26.413],[-53.56,-26.375],[-53.394,-26.366],[-53.365,-26.318],[-53.343,-26.297],[-53.342,-26.249],[-53.376,-26.242],[-53.431,-26.282],[-53.496,-26.303],[-53.557,-26.287],[-53.584,-26.259],[-53.639,-26.251]]]}},{"type":"Feature","properties":{"code":"4213302"},"geometry":{"type":"Polygon","coordinates":[[[-50.487,-27.459],[-50.46,-27.493],[-50.402,-27.475],[-50.376,-27.502],[-50.392,-27.525],[-50.388,-27.554],[-50.325,-27.526],[-50.27,-27.525],[-50.299,-27.496],[-50.268,-27.461],[-50.246,-27.475],[-50.182,-27.446],[-50.164,-27.438],[-50.145,-27.377],[-50.09,-27.33],[-50.076,-27.305],[-50.13,-27.274],[-50.175,-27.269],[-50.188,-27.326],[-50.208,-27.346],[-50.359,-27.343],[-50.398,-27.361],[-50.464,-27.367],[-50.481,-27.402],[-50.487,-27.459]]]}},{"type":"Feature","properties":{"code":"4205100"},"geometry":{"type":"Polygon","coordinates":[[[-49.845,-27.024],[-49.821,-27.014],[-49.697,-27.043],[-49.709,-27.016],[-49.681,-26.953],[-49.69,-26.925],[-49.709,-26.918],[-49.731,-26.96],[-49.833,-26.948],[-49.911,-26.963],[-49.896,-26.997],[-49.876,-27.021],[-49.845,-27.024]]]}},{"type":"Feature","properties":{"code":"4213104"},"geometry":{"type":"Polygon","coordinates":[[[-51.733,-27.392],[-51.759,-27.415],[-51.804,-27.421],[-51.87,-27.45],[-51.858,-27.475],[-51.844,-27.483],[-51.838,-27.523],[-51.788,-27.515],[-51.802,-27.494],[-51.752,-27.488],[-51.717,-27.511],[-51.701,-27.48],[-51.686,-27.432],[-51.706,-27.425],[-51.733,-27.392]]]}},{"type":"Feature","properties":{"code":"4204905"},"geometry":{"type":"Polygon","coordinates":[[[-53.411,-26.952],[-53.408,-26.889],[-53.416,-26.863],[-53.385,-26.833],[-53.396,-26.807],[-53.389,-26.771],[-53.506,-26.776],[-53.509,-26.8],[-53.587,-26.802],[-53.606,-26.818],[-53.546,-26.834],[-53.559,-26.894],[-53.576,-26.896],[-53.561,-26.926],[-53.536,-26.946],[-53.513,-26.936],[-53.436,-26.943],[-53.411,-26.952]]]}},{"type":"Feature","properties":{"code":"4213153"},"geometry":{"type":"Polygon","coordinates":[[[-52.84,-27.044],[-52.84,-27.018],[-52.892,-27.011],[-52.894,-26.975],[-52.905,-26.974],[-52.898,-27.086],[-52.852,-27.113],[-52.829,-27.107],[-52.84,-27.044]]]}},{"type":"Feature","properties":{"code":"4204251"},"geometry":{"type":"Polygon","coordinates":[[[-49.361,-28.636],[-49.292,-28.621],[-49.245,-28.591],[-49.253,-28.589],[-49.35,-28.562],[-49.386,-28.58],[-49.401,-28.601],[-49.369,-28.634],[-49.361,-28.636]]]}},{"type":"Feature","properties":{"code":"4204350"},"geometry":{"type":"Polygon","coordinates":[[[-52.586,-27.031],[-52.585,-26.974],[-52.615,-26.934],[-52.629,-26.948],[-52.665,-26.922],[-52.717,-26.974],[-52.691,-26.993],[-52.643,-26.994],[-52.61,-27.036],[-52.586,-27.031]]]}},{"type":"Feature","properties":{"code":"4212502"},"geometry":{"type":"Polygon","coordinates":[[[-48.709,-26.816],[-48.711,-26.842],[-48.669,-26.841],[-48.621,-26.826],[-48.604,-26.826],[-48.588,-26.791],[-48.62,-26.789],[-48.661,-26.771],[-48.709,-26.816]]]}},{"type":"Feature","properties":{"code":"4204301"},"geometry":{"type":"Polygon","coordinates":[[[-51.823,-27.297],[-51.798,-27.291],[-51.79,-27.259],[-51.843,-27.236],[-51.812,-27.221],[-51.815,-27.188],[-51.826,-27.16],[-51.875,-27.122],[-51.903,-27.129],[-51.994,-27.119],[-52.046,-27.14],[-52.092,-27.157],[-52.117,-27.184],[-52.193,-27.2],[-52.208,-27.22],[-52.261,-27.257],[-52.268,-27.283],[-52.225,-27.331],[-52.203,-27.323],[-52.18,-27.277],[-52.159,-27.282],[-52.161,-27.314],[-52.126,-27.302],[-52.106,-27.313],[-52.107,-27.343],[-52.049,-27.346],[-51.983,-27.375],[-51.939,-27.336],[-51.904,-27.301],[-51.859,-27.319],[-51.823,-27.297]]]}},{"type":"Feature","properties":{"code":"4204152"},"geometry":{"type":"Polygon","coordinates":[[[-51.457,-27.608],[-51.419,-27.655],[-51.381,-27.625],[-51.378,-27.66],[-51.36,-27.679],[-51.315,-27.675],[-51.309,-27.72],[-51.273,-27.735],[-51.223,-27.723],[-51.193,-27.655],[-51.215,-27.619],[-51.254,-27.631],[-51.286,-27.63],[-51.315,-27.602],[-51.347,-27.593],[-51.408,-27.594],[-51.416,-27.572],[-51.457,-27.608]]]}},{"type":"Feature","properties":{"code":"4212304"},"geometry":{"type":"Polygon","coordinates":[[[-48.707,-28.083],[-48.72,-28.046],[-48.672,-28.004],[-48.65,-27.966],[-48.621,-27.945],[-48.587,-27.904],[-48.609,-27.917],[-48.724,-27.895],[-48.745,-27.817],[-48.74,-27.795],[-48.766,-27.838],[-48.811,-27.829],[-48.842,-27.861],[-48.845,-27.908],[-48.837,-27.932],[-48.841,-27.998],[-48.864,-28.047],[-48.894,-28.08],[-48.869,-28.08],[-48.838,-28.072],[-48.807,-28.093],[-48.762,-28.09],[-48.707,-28.083]]]}},{"type":"Feature","properties":{"code":"4204103"},"geometry":{"type":"Polygon","coordinates":[[[-52.992,-27.14],[-52.985,-27.171],[-53.0,-27.207],[-52.971,-27.218],[-52.957,-27.163],[-52.929,-27.204],[-52.899,-27.197],[-52.851,-27.17],[-52.839,-27.157],[-52.852,-27.113],[-52.898,-27.086],[-52.956,-27.101],[-52.992,-27.14]]]}},{"type":"Feature","properties":{"code":"4212403"},"geometry":{"type":"Polygon","coordinates":[[[-49.243,-28.59],[-49.18,-28.498],[-49.144,-28.474],[-49.122,-28.475],[-49.112,-28.444],[-49.138,-28.414],[-49.181,-28.414],[-49.19,-28.389],[-49.211,-28.401],[-49.221,-28.433],[-49.235,-28.458],[-49.279,-28.485],[-49.286,-28.515],[-49.25,-28.567],[-49.253,-28.589],[-49.245,-28.591],[-49.243,-28.59]]]}},{"type":"Feature","properties":{"code":"4204202"},"geometry":{"type":"Polygon","coordinates":[[[-52.691,-27.284],[-52.676,-27.246],[-52.618,-27.266],[-52.583,-27.247],[-52.545,-27.241],[-52.523,-27.207],[-52.524,-27.166],[-52.507,-27.16],[-52.489,-27.142],[-52.489,-27.114],[-52.509,-27.094],[-52.552,-27.071],[-52.586,-27.031],[-52.61,-27.036],[-52.643,-26.994],[-52.691,-26.993],[-52.717,-26.974],[-52.739,-26.942],[-52.758,-26.941],[-52.769,-26.994],[-52.821,-27.019],[-52.84,-27.018],[-52.84,-27.044],[-52.779,-27.053],[-52.76,-27.014],[-52.722,-27.04],[-52.732,-27.084],[-52.708,-27.096],[-52.722,-27.153],[-52.776,-27.187],[-52.785,-27.206],[-52.761,-27.213],[-52.763,-27.249],[-52.739,-27.254],[-52.714,-27.238],[-52.691,-27.284]]]}},{"type":"Feature","properties":{"code":"4204194"},"geometry":{"type":"Polygon","coordinates":[[[-49.62,-27.619],[-49.635,-27.662],[-49.583,-27.639],[-49.556,-27.617],[-49.507,-27.601],[-49.473,-27.566],[-49.491,-27.537],[-49.546,-27.512],[-49.592,-27.571],[-49.613,-27.583],[-49.62,-27.619]]]}},{"type":"Feature","properties":{"code":"4204178"},"geometry":{"type":"Polygon","coordinates":[[[-51.057,-27.887],[-51.056,-27.904],[-51.02,-27.922],[-51.019,-27.957],[-51.002,-27.963],[-50.978,-27.948],[-50.928,-27.93],[-50.927,-27.904],[-50.89,-27.895],[-50.863,-27.802],[-50.842,-27.752],[-50.854,-27.731],[-50.847,-27.694],[-50.875,-27.602],[-50.9,-27.573],[-50.935,-27.58],[-50.987,-27.605],[-50.992,-27.619],[-50.959,-27.646],[-50.91,-27.681],[-50.92,-27.732],[-50.96,-27.757],[-50.959,-27.782],[-50.934,-27.817],[-50.989,-27.819],[-51.053,-27.869],[-51.057,-27.887]]]}},{"type":"Feature","properties":{"code":"4212700"},"geometry":{"type":"Polygon","coordinates":[[[-49.592,-27.571],[-49.602,-27.52],[-49.582,-27.477],[-49.637,-27.452],[-49.675,-27.459],[-49.747,-27.477],[-49.762,-27.468],[-49.787,-27.498],[-49.756,-27.517],[-49.77,-27.562],[-49.763,-27.581],[-49.732,-27.619],[-49.731,-27.656],[-49.714,-27.644],[-49.663,-27.649],[-49.62,-27.619],[-49.613,-27.583],[-49.592,-27.571]]]}},{"type":"Feature","properties":{"code":"4204509"},"geometry":{"type":"Polygon","coordinates":[[[-49.291,-26.547],[-49.254,-26.506],[-49.213,-26.486],[-49.206,-26.44],[-49.185,-26.435],[-49.188,-26.39],[-49.167,-26.38],[-49.169,-26.308],[-49.187,-26.345],[-49.176,-26.366],[-49.231,-26.397],[-49.291,-26.371],[-49.34,-26.379],[-49.403,-26.349],[-49.434,-26.369],[-49.446,-26.427],[-49.484,-26.42],[-49.492,-26.44],[-49.441,-26.489],[-49.417,-26.51],[-49.377,-26.488],[-49.332,-26.539],[-49.291,-26.547]]]}},{"type":"Feature","properties":{"code":"4204608"},"geometry":{"type":"Polygon","coordinates":[[[-49.352,-28.855],[-49.357,-28.755],[-49.336,-28.754],[-49.333,-28.679],[-49.244,-28.675],[-49.292,-28.637],[-49.361,-28.636],[-49.369,-28.634],[-49.452,-28.634],[-49.455,-28.663],[-49.477,-28.713],[-49.423,-28.713],[-49.407,-28.738],[-49.433,-28.758],[-49.419,-28.794],[-49.425,-28.814],[-49.398,-28.834],[-49.352,-28.855]]]}},{"type":"Feature","properties":{"code":"4204558"},"geometry":{"type":"Polygon","coordinates":[[[-50.569,-27.504],[-50.512,-27.596],[-50.506,-27.62],[-50.466,-27.666],[-50.426,-27.677],[-50.39,-27.73],[-50.309,-27.749],[-50.296,-27.708],[-50.31,-27.678],[-50.273,-27.676],[-50.194,-27.633],[-50.191,-27.594],[-50.224,-27.532],[-50.27,-27.525],[-50.325,-27.526],[-50.388,-27.554],[-50.392,-27.525],[-50.376,-27.502],[-50.402,-27.475],[-50.46,-27.493],[-50.487,-27.459],[-50.514,-27.457],[-50.569,-27.504]]]}},{"type":"Feature","properties":{"code":"4212601"},"geometry":{"type":"Polygon","coordinates":[[[-51.939,-27.336],[-51.915,-27.39],[-51.882,-27.426],[-51.875,-27.406],[-51.838,-27.372],[-51.819,-27.37],[-51.823,-27.297],[-51.859,-27.319],[-51.904,-27.301],[-51.939,-27.336]]]}},{"type":"Feature","properties":{"code":"4204400"},"geometry":{"type":"Polygon","coordinates":[[[-52.615,-26.934],[-52.628,-26.922],[-52.621,-26.865],[-52.656,-26.854],[-52.717,-26.804],[-52.719,-26.822],[-52.764,-26.819],[-52.792,-26.789],[-52.805,-26.831],[-52.786,-26.886],[-52.803,-26.898],[-52.845,-26.893],[-52.857,-26.917],[-52.806,-26.9],[-52.758,-26.941],[-52.739,-26.942],[-52.717,-26.974],[-52.665,-26.922],[-52.629,-26.948],[-52.615,-26.934]]]}},{"type":"Feature","properties":{"code":"4212650"},"geometry":{"type":"Polygon","coordinates":[[[-48.914,-28.467],[-48.852,-28.427],[-48.804,-28.356],[-48.891,-28.361],[-48.927,-28.35],[-48.948,-28.359],[-48.937,-28.384],[-48.94,-28.416],[-48.914,-28.467]]]}},{"type":"Feature","properties":{"code":"4204459"},"geometry":{"type":"Polygon","coordinates":[[[-52.707,-26.584],[-52.672,-26.602],[-52.649,-26.57],[-52.608,-26.541],[-52.611,-26.49],[-52.63,-26.499],[-52.662,-26.483],[-52.691,-26.5],[-52.745,-26.506],[-52.706,-26.566],[-52.707,-26.584]]]}},{"type":"Feature","properties":{"code":"4212007"},"geometry":{"type":"Polygon","coordinates":[[[-53.403,-26.428],[-53.38,-26.449],[-53.41,-26.477],[-53.407,-26.518],[-53.377,-26.515],[-53.361,-26.488],[-53.306,-26.47],[-53.283,-26.452],[-53.276,-26.401],[-53.252,-26.378],[-53.191,-26.369],[-53.16,-26.351],[-53.168,-26.349],[-53.264,-26.289],[-53.284,-26.246],[-53.304,-26.258],[-53.342,-26.249],[-53.343,-26.297],[-53.365,-26.318],[-53.394,-26.366],[-53.404,-26.38],[-53.403,-26.428]]]}},{"type":"Feature","properties":{"code":"4203808"},"geometry":{"type":"Polygon","coordinates":[[[-50.529,-26.609],[-50.513,-26.579],[-50.532,-26.549],[-50.547,-26.484],[-50.534,-26.478],[-50.573,-26.419],[-50.563,-26.4],[-50.583,-26.375],[-50.554,-26.321],[-50.559,-26.287],[-50.537,-26.254],[-50.463,-26.229],[-50.435,-26.237],[-50.404,-26.289],[-50.4,-26.345],[-50.371,-26.335],[-50.325,-26.296],[-50.296,-26.287],[-50.325,-26.252],[-50.325,-26.207],[-50.356,-26.203],[-50.361,-26.159],[-50.389,-26.151],[-50.366,-26.112],[-50.372,-26.079],[-50.408,-26.058],[-50.429,-26.063],[-50.461,-26.026],[-50.513,-26.026],[-50.551,-26.038],[-50.57,-26.002],[-50.593,-26.027],[-50.553,-26.059],[-50.595,-26.07],[-50.629,-26.063],[-50.656,-26.101],[-50.65,-26.133],[-50.683,-26.154],[-50.697,-26.181],[-50.703,-26.188],[-50.672,-26.244],[-50.679,-26.278],[-50.646,-26.33],[-50.657,-26.369],[-50.639,-26.378],[-50.699,-26.5],[-50.645,-26.511],[-50.579,-26.584],[-50.564,-26.61],[-50.529,-26.609]]]}},{"type":"Feature","properties":{"code":"4220000"},"geometry":{"type":"Polygon","coordinates":[[[-49.29,-28.883],[-49.188,-28.802],[-49.205,-28.777],[-49.242,-28.779],[-49.303,-28.848],[-49.33,-28.865],[-49.29,-28.883]]]}},{"type":"Feature","properties":{"code":"4211801"},"geometry":{"type":"Polygon","coordinates":[[[-51.592,-27.332],[-51.595,-27.298],[-51.597,-27.271],[-51.648,-27.236],[-51.657,-27.202],[-51.685,-27.183],[-51.725,-27.207],[-51.72,-27.218],[-51.752,-27.257],[-51.756,-27.281],[-51.761,-27.307],[-51.731,-27.334],[-51.73,-27.357],[-51.692,-27.369],[-51.67,-27.354],[-51.626,-27.352],[-51.592,-27.332]]]}},{"type":"Feature","properties":{"code":"4203600"},"geometry":{"type":"Polygon","coordinates":[[[-51.179,-27.595],[-51.144,-27.578],[-51.122,-27.529],[-51.073,-27.511],[-51.048,-27.494],[-51.07,-27.443],[-51.097,-27.433],[-51.069,-27.405],[-51.028,-27.389],[-50.98,-27.398],[-50.96,-27.379],[-50.97,-27.337],[-50.939,-27.331],[-50.933,-27.292],[-50.854,-27.247],[-50.893,-27.233],[-50.911,-27.207],[-50.952,-27.236],[-50.989,-27.25],[-51.036,-27.233],[-51.066,-27.252],[-51.113,-27.239],[-51.158,-27.287],[-51.21,-27.26],[-51.221,-27.236],[-51.255,-27.233],[-51.281,-27.213],[-51.326,-27.261],[-51.3,-27.293],[-51.312,-27.342],[-51.354,-27.325],[-51.412,-27.329],[-51.438,-27.316],[-51.459,-27.344],[-51.514,-27.317],[-51.54,-27.282],[-51.573,-27.302],[-51.595,-27.298],[-51.592,-27.332],[-51.565,-27.329],[-51.533,-27.377],[-51.553,-27.399],[-51.529,-27.39],[-51.465,-27.395],[-51.472,-27.426],[-51.441,-27.436],[-51.449,-27.465],[-51.497,-27.484],[-51.506,-27.527],[-51.548,-27.559],[-51.483,-27.563],[-51.475,-27.601],[-51.457,-27.608],[-51.416,-27.572],[-51.408,-27.594],[-51.347,-27.593],[-51.315,-27.602],[-51.286,-27.63],[-51.254,-27.631],[-51.215,-27.619],[-51.179,-27.595]]]}},{"type":"Feature","properties":{"code":"4211900"},"geometry":{"type":"Polygon","coordinates":[[[-48.74,-27.795],[-48.745,-27.817],[-48.724,-27.895],[-48.609,-27.917],[-48.587,-27.904],[-48.596,-27.851],[-48.577,-27.844],[-48.602,-27.778],[-48.603,-27.663],[-48.637,-27.651],[-48.655,-27.621],[-48.706,-27.611],[-48.738,-27.615],[-48.744,-27.642],[-48.731,-27.679],[-48.707,-27.695],[-48.682,-27.759],[-48.74,-27.795]]]}},{"type":"Feature","properties":{"code":"4211892"},"geometry":{"type":"Polygon","coordinates":[[[-50.067,-27.811],[-50.082,-27.844],[-50.114,-27.856],[-50.2,-27.863],[-50.213,-27.897],[-50.181,-27.941],[-50.2,-27.993],[-50.192,-28.089],[-50.196,-28.125],[-50.174,-28.161],[-50.125,-28.159],[-50.104,-28.124],[-50.066,-28.111],[-50.054,-28.094],[-50.04,-28.067],[-49.969,-27.997],[-49.934,-27.936],[-49.866,-27.912],[-49.869,-27.901],[-49.909,-27.846],[-49.959,-27.848],[-50.001,-27.797],[-50.017,-27.808],[-50.067,-27.811]]]}},{"type":"Feature","properties":{"code":"4203709"},"geometry":{"type":"Polygon","coordinates":[[[-48.865,-27.22],[-48.838,-27.229],[-48.809,-27.275],[-48.801,-27.358],[-48.794,-27.353],[-48.744,-27.307],[-48.738,-27.289],[-48.749,-27.235],[-48.804,-27.189],[-48.799,-27.155],[-48.812,-27.135],[-48.882,-27.184],[-48.897,-27.215],[-48.865,-27.22]]]}},{"type":"Feature","properties":{"code":"4211876"},"geometry":{"type":"Polygon","coordinates":[[[-52.536,-27.26],[-52.479,-27.266],[-52.48,-27.235],[-52.432,-27.218],[-52.402,-27.191],[-52.433,-27.199],[-52.461,-27.173],[-52.507,-27.16],[-52.524,-27.166],[-52.523,-27.207],[-52.545,-27.241],[-52.536,-27.26]]]}},{"type":"Feature","properties":{"code":"4211850"},"geometry":{"type":"Polygon","coordinates":[[[-52.185,-26.713],[-52.198,-26.664],[-52.233,-26.681],[-52.254,-26.676],[-52.281,-26.644],[-52.37,-26.67],[-52.354,-26.723],[-52.362,-26.759],[-52.304,-26.764],[-52.233,-26.759],[-52.185,-26.713]]]}},{"type":"Feature","properties":{"code":"4212205"},"geometry":{"type":"Polygon","coordinates":[[[-50.086,-26.81],[-50.1,-26.801],[-50.114,-26.71],[-50.135,-26.664],[-50.118,-26.618],[-50.132,-26.587],[-50.125,-26.523],[-50.091,-26.524],[-50.086,-26.483],[-50.07,-26.451],[-50.072,-26.413],[-50.089,-26.371],[-50.113,-26.338],[-50.128,-26.295],[-50.098,-26.278],[-50.135,-26.251],[-50.153,-26.209],[-50.179,-26.215],[-50.187,-26.271],[-50.207,-26.285],[-50.285,-26.308],[-50.28,-26.394],[-50.269,-26.444],[-50.196,-26.448],[-50.19,-26.48],[-50.206,-26.52],[-50.2,-26.539],[-50.205,-26.639],[-50.223,-26.68],[-50.247,-26.699],[-50.253,-26.735],[-50.216,-26.785],[-50.22,-26.814],[-50.2,-26.814],[-50.162,-26.789],[-50.098,-26.817],[-50.086,-26.81]]]}},{"type":"Feature","properties":{"code":"4204004"},"geometry":{"type":"Polygon","coordinates":[[[-51.676,-27.117],[-51.661,-27.113],[-51.619,-27.041],[-51.617,-26.993],[-51.633,-26.943],[-51.681,-26.958],[-51.701,-27.005],[-51.733,-27.04],[-51.787,-27.052],[-51.802,-27.04],[-51.831,-27.066],[-51.831,-27.086],[-51.803,-27.096],[-51.773,-27.079],[-51.757,-27.104],[-51.701,-27.105],[-51.676,-27.117]]]}},{"type":"Feature","properties":{"code":"4212270"},"geometry":{"type":"Polygon","coordinates":[[[-52.067,-26.678],[-52.048,-26.695],[-52.06,-26.728],[-52.039,-26.774],[-52.103,-26.777],[-52.141,-26.796],[-52.136,-26.853],[-52.115,-26.859],[-52.044,-26.839],[-52.014,-26.846],[-51.98,-26.8],[-51.98,-26.778],[-51.923,-26.787],[-51.842,-26.765],[-51.784,-26.759],[-51.764,-26.738],[-51.779,-26.712],[-51.87,-26.691],[-51.833,-26.625],[-51.824,-26.582],[-51.878,-26.598],[-51.9,-26.579],[-51.928,-26.584],[-51.948,-26.57],[-52.009,-26.567],[-52.029,-26.547],[-52.027,-26.581],[-52.041,-26.599],[-52.067,-26.678]]]}},{"type":"Feature","properties":{"code":"4212254"},"geometry":{"type":"Polygon","coordinates":[[[-49.713,-29.326],[-49.645,-29.238],[-49.661,-29.242],[-49.712,-29.206],[-49.74,-29.244],[-49.778,-29.237],[-49.792,-29.286],[-49.742,-29.299],[-49.713,-29.326]]]}},{"type":"Feature","properties":{"code":"4212239"},"geometry":{"type":"Polygon","coordinates":[[[-53.714,-26.751],[-53.673,-26.717],[-53.63,-26.713],[-53.596,-26.688],[-53.598,-26.658],[-53.632,-26.629],[-53.631,-26.612],[-53.675,-26.579],[-53.731,-26.601],[-53.723,-26.656],[-53.74,-26.742],[-53.714,-26.751]]]}},{"type":"Feature","properties":{"code":"4203907"},"geometry":{"type":"Polygon","coordinates":[[[-51.733,-27.392],[-51.706,-27.425],[-51.686,-27.432],[-51.701,-27.48],[-51.678,-27.505],[-51.647,-27.516],[-51.633,-27.489],[-51.56,-27.458],[-51.553,-27.399],[-51.533,-27.377],[-51.565,-27.329],[-51.592,-27.332],[-51.626,-27.352],[-51.67,-27.354],[-51.692,-27.369],[-51.73,-27.357],[-51.733,-27.392]]]}},{"type":"Feature","properties":{"code":"4212056"},"geometry":{"type":"Polygon","coordinates":[[[-50.27,-27.525],[-50.224,-27.532],[-50.191,-27.594],[-50.194,-27.633],[-50.184,-27.652],[-50.151,-27.653],[-50.138,-27.703],[-50.079,-27.631],[-50.061,-27.623],[-50.047,-27.579],[-50.1,-27.562],[-50.094,-27.543],[-50.139,-27.528],[-50.135,-27.498],[-50.179,-27.461],[-50.182,-27.446],[-50.246,-27.475],[-50.268,-27.461],[-50.299,-27.496],[-50.27,-27.525]]]}},{"type":"Feature","properties":{"code":"4203956"},"geometry":{"type":"Polygon","coordinates":[[[-48.979,-28.422],[-48.981,-28.463],[-48.923,-28.513],[-48.914,-28.467],[-48.94,-28.416],[-48.937,-28.384],[-48.979,-28.422]]]}},{"type":"Feature","properties":{"code":"4212106"},"geometry":{"type":"Polygon","coordinates":[[[-53.322,-27.21],[-53.232,-27.171],[-53.188,-27.192],[-53.169,-27.144],[-53.14,-27.176],[-53.071,-27.157],[-53.077,-27.108],[-53.075,-27.092],[-53.113,-27.046],[-53.108,-27.031],[-53.125,-27.015],[-53.126,-26.975],[-53.143,-26.944],[-53.191,-26.951],[-53.207,-26.989],[-53.232,-27.084],[-53.255,-27.091],[-53.279,-27.127],[-53.296,-27.132],[-53.322,-27.21]]]}},{"type":"Feature","properties":{"code":"4211454"},"geometry":{"type":"Polygon","coordinates":[[[-52.84,-27.018],[-52.821,-27.019],[-52.769,-26.994],[-52.758,-26.941],[-52.806,-26.9],[-52.857,-26.917],[-52.894,-26.975],[-52.892,-27.011],[-52.84,-27.018]]]}},{"type":"Feature","properties":{"code":"4219606"},"geometry":{"type":"Polygon","coordinates":[[[-52.247,-27.037],[-52.234,-26.947],[-52.299,-26.961],[-52.338,-26.945],[-52.351,-26.97],[-52.377,-26.973],[-52.419,-27.006],[-52.404,-27.035],[-52.391,-27.09],[-52.345,-27.085],[-52.312,-27.091],[-52.251,-27.069],[-52.247,-27.037]]]}},{"type":"Feature","properties":{"code":"4203253"},"geometry":{"type":"Polygon","coordinates":[[[-50.696,-28.27],[-50.677,-28.259],[-50.655,-28.293],[-50.624,-28.288],[-50.561,-28.252],[-50.514,-28.21],[-50.51,-28.18],[-50.525,-28.138],[-50.473,-28.084],[-50.448,-28.082],[-50.39,-28.019],[-50.414,-28.006],[-50.374,-27.966],[-50.366,-27.931],[-50.382,-27.88],[-50.467,-27.856],[-50.517,-27.873],[-50.544,-27.869],[-50.577,-27.84],[-50.605,-27.833],[-50.617,-27.846],[-50.649,-27.92],[-50.624,-27.93],[-50.655,-27.986],[-50.697,-27.994],[-50.742,-28.03],[-50.778,-28.028],[-50.805,-28.043],[-50.875,-28.041],[-50.899,-28.09],[-50.876,-28.095],[-50.859,-28.14],[-50.837,-28.119],[-50.818,-28.141],[-50.794,-28.139],[-50.783,-28.176],[-50.761,-28.195],[-50.749,-28.248],[-50.696,-28.27]]]}},{"type":"Feature","properties":{"code":"4211405"},"geometry":{"type":"Polygon","coordinates":[[[-52.934,-26.948],[-52.905,-26.974],[-52.894,-26.975],[-52.857,-26.917],[-52.845,-26.893],[-52.872,-26.889],[-52.906,-26.862],[-52.947,-26.882],[-52.934,-26.948]]]}},{"type":"Feature","properties":{"code":"4219705"},"geometry":{"type":"Polygon","coordinates":[[[-52.453,-26.995],[-52.479,-26.917],[-52.466,-26.892],[-52.471,-26.857],[-52.588,-26.893],[-52.621,-26.865],[-52.628,-26.922],[-52.615,-26.934],[-52.585,-26.974],[-52.586,-27.031],[-52.552,-27.071],[-52.509,-27.094],[-52.49,-27.091],[-52.453,-26.995]]]}},{"type":"Feature","properties":{"code":"4211504"},"geometry":{"type":"Polygon","coordinates":[[[-49.224,-27.321],[-49.202,-27.328],[-49.161,-27.371],[-49.188,-27.408],[-49.131,-27.422],[-49.123,-27.401],[-49.085,-27.403],[-49.038,-27.375],[-49.011,-27.371],[-48.942,-27.339],[-48.884,-27.29],[-48.898,-27.25],[-48.865,-27.22],[-48.897,-27.215],[-48.882,-27.184],[-48.895,-27.184],[-48.99,-27.249],[-49.019,-27.256],[-49.038,-27.272],[-49.122,-27.276],[-49.222,-27.309],[-49.224,-27.321]]]}},{"type":"Feature","properties":{"code":"4203303"},"geometry":{"type":"Polygon","coordinates":[[[-49.203,-26.22],[-49.169,-26.198],[-49.171,-26.169],[-49.189,-26.145],[-49.159,-26.114],[-49.074,-26.075],[-49.057,-26.076],[-49.052,-26.028],[-49.03,-26.01],[-49.004,-26.026],[-48.956,-26.019],[-48.95,-25.99],[-48.975,-25.989],[-49.02,-26.016],[-49.029,-26.005],[-49.043,-26.005],[-49.074,-26.001],[-49.092,-26.01],[-49.124,-25.996],[-49.139,-26.014],[-49.167,-26.001],[-49.234,-26.031],[-49.268,-26.077],[-49.287,-26.078],[-49.3,-26.111],[-49.322,-26.11],[-49.361,-26.137],[-49.381,-26.157],[-49.418,-26.156],[-49.429,-26.171],[-49.418,-26.187],[-49.373,-26.202],[-49.326,-26.201],[-49.317,-26.23],[-49.252,-26.268],[-49.228,-26.268],[-49.228,-26.235],[-49.203,-26.22]]]}},{"type":"Feature","properties":{"code":"4219507"},"geometry":{"type":"Polygon","coordinates":[[[-52.471,-26.857],[-52.466,-26.892],[-52.479,-26.917],[-52.453,-26.995],[-52.419,-27.006],[-52.377,-26.973],[-52.351,-26.97],[-52.338,-26.945],[-52.322,-26.944],[-52.308,-26.9],[-52.322,-26.834],[-52.355,-26.785],[-52.43,-26.779],[-52.429,-26.767],[-52.442,-26.749],[-52.501,-26.774],[-52.535,-26.809],[-52.529,-26.827],[-52.471,-26.857]]]}},{"type":"Feature","properties":{"code":"4211306"},"geometry":{"type":"Polygon","coordinates":[[[-48.642,-26.913],[-48.636,-26.86],[-48.621,-26.826],[-48.669,-26.841],[-48.711,-26.842],[-48.709,-26.816],[-48.745,-26.808],[-48.746,-26.787],[-48.818,-26.741],[-48.811,-26.79],[-48.82,-26.823],[-48.773,-26.833],[-48.76,-26.855],[-48.743,-26.857],[-48.642,-26.913]]]}},{"type":"Feature","properties":{"code":"4203105"},"geometry":{"type":"Polygon","coordinates":[[[-53.355,-27.111],[-53.296,-27.132],[-53.279,-27.127],[-53.255,-27.091],[-53.232,-27.084],[-53.207,-26.989],[-53.191,-26.951],[-53.21,-26.94],[-53.285,-26.924],[-53.291,-26.928],[-53.287,-27.046],[-53.33,-27.089],[-53.355,-27.111]]]}},{"type":"Feature","properties":{"code":"4203204"},"geometry":{"type":"Polygon","coordinates":[[[-48.799,-27.155],[-48.69,-27.141],[-48.661,-27.125],[-48.679,-27.1],[-48.615,-27.067],[-48.611,-27.048],[-48.618,-27.032],[-48.683,-26.973],[-48.721,-27.015],[-48.748,-27.023],[-48.789,-27.097],[-48.812,-27.135],[-48.799,-27.155]]]}},{"type":"Feature","properties":{"code":"4203154"},"geometry":{"type":"Polygon","coordinates":[[[-50.856,-26.561],[-50.908,-26.548],[-50.943,-26.55],[-50.957,-26.531],[-51.01,-26.494],[-51.076,-26.515],[-51.105,-26.558],[-51.137,-26.567],[-51.142,-26.602],[-51.222,-26.594],[-51.239,-26.628],[-51.233,-26.669],[-51.17,-26.678],[-51.129,-26.708],[-51.091,-26.696],[-51.051,-26.7],[-50.996,-26.655],[-50.927,-26.671],[-50.909,-26.697],[-50.85,-26.748],[-50.8,-26.768],[-50.828,-26.723],[-50.83,-26.696],[-50.807,-26.655],[-50.856,-26.561]]]}},{"type":"Feature","properties":{"code":"4211702"},"geometry":{"type":"Polygon","coordinates":[[[-49.19,-28.389],[-49.224,-28.38],[-49.212,-28.335],[-49.218,-28.289],[-49.2,-28.288],[-49.232,-28.256],[-49.276,-28.248],[-49.292,-28.253],[-49.347,-28.239],[-49.396,-28.193],[-49.398,-28.158],[-49.44,-28.133],[-49.475,-28.126],[-49.53,-28.187],[-49.541,-28.235],[-49.523,-28.276],[-49.523,-28.307],[-49.483,-28.304],[-49.458,-28.321],[-49.433,-28.316],[-49.391,-28.337],[-49.361,-28.341],[-49.34,-28.365],[-49.336,-28.418],[-49.309,-28.407],[-49.221,-28.433],[-49.211,-28.401],[-49.19,-28.389]]]}},{"type":"Feature","properties":{"code":"4219853"},"geometry":{"type":"Polygon","coordinates":[[[-51.633,-27.489],[-51.608,-27.541],[-51.578,-27.577],[-51.548,-27.559],[-51.506,-27.527],[-51.497,-27.484],[-51.449,-27.465],[-51.441,-27.436],[-51.472,-27.426],[-51.465,-27.395],[-51.529,-27.39],[-51.553,-27.399],[-51.56,-27.458],[-51.633,-27.489]]]}},{"type":"Feature","properties":{"code":"4203501"},"geometry":{"type":"Polygon","coordinates":[[[-53.223,-26.579],[-53.18,-26.531],[-53.147,-26.528],[-53.145,-26.555],[-53.123,-26.573],[-53.019,-26.532],[-53.066,-26.485],[-53.026,-26.407],[-52.968,-26.441],[-52.962,-26.401],[-52.938,-26.362],[-52.993,-26.348],[-53.028,-26.37],[-53.093,-26.392],[-53.16,-26.351],[-53.191,-26.369],[-53.252,-26.378],[-53.276,-26.401],[-53.283,-26.452],[-53.241,-26.45],[-53.23,-26.474],[-53.243,-26.501],[-53.239,-26.543],[-53.223,-26.579]]]}},{"type":"Feature","properties":{"code":"4211751"},"geometry":{"type":"Polygon","coordinates":[[[-49.763,-27.581],[-49.828,-27.544],[-49.851,-27.505],[-49.894,-27.49],[-49.891,-27.464],[-49.907,-27.432],[-49.957,-27.402],[-49.996,-27.413],[-50.032,-27.372],[-50.026,-27.325],[-50.062,-27.321],[-50.076,-27.305],[-50.09,-27.33],[-50.145,-27.377],[-50.164,-27.438],[-50.182,-27.446],[-50.179,-27.461],[-50.135,-27.498],[-50.139,-27.528],[-50.094,-27.543],[-50.1,-27.562],[-50.047,-27.579],[-50.013,-27.607],[-50.0,-27.641],[-49.971,-27.657],[-49.937,-27.648],[-49.902,-27.653],[-49.87,-27.68],[-49.839,-27.678],[-49.731,-27.656],[-49.732,-27.619],[-49.763,-27.581]]]}},{"type":"Feature","properties":{"code":"4211652"},"geometry":{"type":"Polygon","coordinates":[[[-52.707,-26.584],[-52.706,-26.566],[-52.745,-26.506],[-52.74,-26.462],[-52.755,-26.454],[-52.777,-26.452],[-52.85,-26.404],[-52.871,-26.429],[-52.883,-26.491],[-52.866,-26.524],[-52.842,-26.5],[-52.8,-26.493],[-52.778,-26.507],[-52.795,-26.535],[-52.766,-26.551],[-52.761,-26.587],[-52.748,-26.595],[-52.707,-26.584]]]}},{"type":"Feature","properties":{"code":"4211603"},"geometry":{"type":"Polygon","coordinates":[[[-49.704,-28.63],[-49.712,-28.666],[-49.674,-28.703],[-49.67,-28.754],[-49.605,-28.752],[-49.596,-28.776],[-49.569,-28.753],[-49.527,-28.751],[-49.513,-28.721],[-49.477,-28.713],[-49.455,-28.663],[-49.452,-28.634],[-49.685,-28.621],[-49.703,-28.629],[-49.704,-28.63]]]}},{"type":"Feature","properties":{"code":"4203402"},"geometry":{"type":"Polygon","coordinates":[[[-50.978,-27.948],[-50.924,-27.972],[-50.923,-28.012],[-50.875,-28.041],[-50.805,-28.043],[-50.778,-28.028],[-50.742,-28.03],[-50.697,-27.994],[-50.655,-27.986],[-50.624,-27.93],[-50.649,-27.92],[-50.617,-27.846],[-50.605,-27.833],[-50.608,-27.795],[-50.63,-27.786],[-50.639,-27.714],[-50.677,-27.715],[-50.745,-27.648],[-50.786,-27.618],[-50.826,-27.611],[-50.854,-27.593],[-50.875,-27.602],[-50.847,-27.694],[-50.854,-27.731],[-50.842,-27.752],[-50.863,-27.802],[-50.89,-27.895],[-50.927,-27.904],[-50.928,-27.93],[-50.978,-27.948]]]}},{"type":"Feature","properties":{"code":"4219101"},"geometry":{"type":"Polygon","coordinates":[[[-52.115,-26.859],[-52.136,-26.853],[-52.141,-26.796],[-52.103,-26.777],[-52.039,-26.774],[-52.06,-26.728],[-52.048,-26.695],[-52.067,-26.678],[-52.145,-26.691],[-52.123,-26.725],[-52.155,-26.781],[-52.198,-26.796],[-52.189,-26.825],[-52.204,-26.867],[-52.163,-26.894],[-52.154,-26.926],[-52.148,-26.929],[-52.143,-26.897],[-52.115,-26.859]]]}},{"type":"Feature","properties":{"code":"4210902"},"geometry":{"type":"Polygon","coordinates":[[[-53.109,-26.741],[-53.098,-26.773],[-53.121,-26.809],[-53.116,-26.815],[-53.097,-26.806],[-53.042,-26.814],[-53.001,-26.804],[-52.991,-26.775],[-52.958,-26.755],[-52.974,-26.745],[-53.049,-26.746],[-53.07,-26.737],[-53.109,-26.741]]]}},{"type":"Feature","properties":{"code":"4219200"},"geometry":{"type":"Polygon","coordinates":[[[-49.465,-27.445],[-49.405,-27.449],[-49.355,-27.491],[-49.363,-27.551],[-49.319,-27.572],[-49.322,-27.518],[-49.293,-27.474],[-49.296,-27.428],[-49.311,-27.396],[-49.278,-27.334],[-49.224,-27.321],[-49.222,-27.309],[-49.248,-27.279],[-49.222,-27.231],[-49.273,-27.246],[-49.312,-27.277],[-49.318,-27.317],[-49.348,-27.314],[-49.397,-27.328],[-49.41,-27.352],[-49.458,-27.357],[-49.472,-27.374],[-49.465,-27.445]]]}},{"type":"Feature","properties":{"code":"4211009"},"geometry":{"type":"Polygon","coordinates":[[[-53.548,-27.176],[-53.518,-27.202],[-53.488,-27.194],[-53.508,-27.151],[-53.476,-27.139],[-53.455,-27.157],[-53.406,-27.137],[-53.381,-27.094],[-53.355,-27.111],[-53.33,-27.089],[-53.367,-27.067],[-53.375,-27.015],[-53.412,-27.019],[-53.45,-27.009],[-53.448,-27.039],[-53.489,-27.082],[-53.52,-27.082],[-53.526,-27.131],[-53.548,-27.156],[-53.548,-27.176]]]}},{"type":"Feature","properties":{"code":"4202701"},"geometry":{"type":"Polygon","coordinates":[[[-49.222,-27.309],[-49.122,-27.276],[-49.038,-27.272],[-49.019,-27.256],[-49.007,-27.201],[-48.977,-27.169],[-49.017,-27.165],[-49.04,-27.186],[-49.08,-27.175],[-49.103,-27.139],[-49.139,-27.133],[-49.155,-27.12],[-49.211,-27.158],[-49.191,-27.204],[-49.222,-27.231],[-49.248,-27.279],[-49.222,-27.309]]]}},{"type":"Feature","properties":{"code":"4219176"},"geometry":{"type":"Polygon","coordinates":[[[-51.802,-27.04],[-51.787,-27.052],[-51.733,-27.04],[-51.701,-27.005],[-51.681,-26.958],[-51.633,-26.943],[-51.689,-26.93],[-51.672,-26.912],[-51.691,-26.89],[-51.696,-26.851],[-51.725,-26.846],[-51.814,-26.855],[-51.826,-26.923],[-51.82,-26.937],[-51.863,-26.981],[-51.802,-27.04]]]}},{"type":"Feature","properties":{"code":"4202800"},"geometry":{"type":"Polygon","coordinates":[[[-49.105,-28.359],[-49.079,-28.274],[-49.069,-28.232],[-49.077,-28.19],[-49.13,-28.162],[-49.17,-28.15],[-49.199,-28.154],[-49.189,-28.178],[-49.198,-28.228],[-49.276,-28.248],[-49.232,-28.256],[-49.2,-28.288],[-49.124,-28.319],[-49.105,-28.359]]]}},{"type":"Feature","properties":{"code":"4219150"},"geometry":{"type":"Polygon","coordinates":[[[-50.96,-27.555],[-50.892,-27.557],[-50.847,-27.509],[-50.823,-27.452],[-50.899,-27.414],[-50.904,-27.381],[-50.96,-27.379],[-50.98,-27.398],[-51.028,-27.389],[-51.069,-27.405],[-51.097,-27.433],[-51.07,-27.443],[-51.048,-27.494],[-51.073,-27.511],[-51.042,-27.504],[-51.018,-27.531],[-50.966,-27.538],[-50.96,-27.555]]]}},{"type":"Feature","properties":{"code":"4219002"},"geometry":{"type":"Polygon","coordinates":[[[-49.253,-28.589],[-49.25,-28.567],[-49.286,-28.515],[-49.279,-28.485],[-49.235,-28.458],[-49.221,-28.433],[-49.309,-28.407],[-49.336,-28.418],[-49.397,-28.465],[-49.428,-28.459],[-49.422,-28.537],[-49.39,-28.556],[-49.386,-28.58],[-49.35,-28.562],[-49.253,-28.589]]]}},{"type":"Feature","properties":{"code":"4210803"},"geometry":{"type":"Polygon","coordinates":[[[-49.677,-28.868],[-49.639,-28.899],[-49.534,-28.917],[-49.514,-28.892],[-49.517,-28.858],[-49.533,-28.832],[-49.596,-28.776],[-49.605,-28.752],[-49.67,-28.754],[-49.677,-28.868]]]}},{"type":"Feature","properties":{"code":"4218954"},"geometry":{"type":"Polygon","coordinates":[[[-50.054,-28.094],[-50.018,-28.091],[-49.988,-28.104],[-49.9,-28.093],[-49.85,-28.102],[-49.814,-28.059],[-49.771,-28.024],[-49.745,-28.032],[-49.794,-27.982],[-49.842,-27.961],[-49.866,-27.912],[-49.934,-27.936],[-49.969,-27.997],[-50.04,-28.067],[-50.054,-28.094]]]}},{"type":"Feature","properties":{"code":"4202602"},"geometry":{"type":"Polygon","coordinates":[[[-49.778,-27.804],[-49.737,-27.836],[-49.687,-27.833],[-49.645,-27.88],[-49.607,-27.901],[-49.524,-27.913],[-49.492,-27.932],[-49.466,-27.928],[-49.417,-27.953],[-49.381,-27.943],[-49.358,-27.924],[-49.323,-27.919],[-49.299,-27.902],[-49.281,-27.873],[-49.314,-27.832],[-49.377,-27.814],[-49.459,-27.757],[-49.473,-27.73],[-49.458,-27.711],[-49.48,-27.673],[-49.504,-27.654],[-49.507,-27.601],[-49.556,-27.617],[-49.583,-27.639],[-49.635,-27.662],[-49.62,-27.619],[-49.663,-27.649],[-49.714,-27.644],[-49.731,-27.656],[-49.839,-27.678],[-49.841,-27.702],[-49.806,-27.705],[-49.78,-27.733],[-49.768,-27.782],[-49.778,-27.804]]]}},{"type":"Feature","properties":{"code":"4202578"},"geometry":{"type":"Polygon","coordinates":[[[-53.109,-26.741],[-53.07,-26.737],[-53.059,-26.716],[-53.076,-26.67],[-53.063,-26.644],[-53.114,-26.63],[-53.137,-26.64],[-53.111,-26.68],[-53.128,-26.721],[-53.109,-26.741]]]}},{"type":"Feature","properties":{"code":"4210852"},"geometry":{"type":"Polygon","coordinates":[[[-50.004,-27.213],[-50.005,-27.173],[-50.051,-27.176],[-50.062,-27.15],[-50.153,-27.134],[-50.168,-27.149],[-50.227,-27.151],[-50.25,-27.1],[-50.315,-27.076],[-50.349,-27.094],[-50.32,-27.114],[-50.307,-27.164],[-50.287,-27.169],[-50.273,-27.211],[-50.243,-27.237],[-50.204,-27.244],[-50.175,-27.269],[-50.13,-27.274],[-50.1,-27.246],[-50.072,-27.239],[-50.051,-27.208],[-50.004,-27.213]]]}},{"type":"Feature","properties":{"code":"4219358"},"geometry":{"type":"Polygon","coordinates":[[[-49.969,-26.869],[-49.95,-26.904],[-49.951,-26.927],[-49.923,-26.913],[-49.869,-26.916],[-49.814,-26.891],[-49.769,-26.889],[-49.747,-26.882],[-49.706,-26.846],[-49.735,-26.817],[-49.75,-26.785],[-49.792,-26.75],[-49.81,-26.712],[-49.829,-26.706],[-49.855,-26.715],[-49.898,-26.77],[-49.95,-26.808],[-49.956,-26.852],[-49.969,-26.869]]]}},{"type":"Feature","properties":{"code":"4203006"},"geometry":{"type":"Polygon","coordinates":[[[-51.284,-26.874],[-51.247,-26.885],[-51.217,-26.858],[-51.192,-26.851],[-51.184,-26.833],[-51.05,-26.843],[-51.039,-26.867],[-50.983,-26.87],[-50.974,-26.894],[-50.846,-26.873],[-50.8,-26.768],[-50.85,-26.748],[-50.909,-26.697],[-50.927,-26.671],[-50.996,-26.655],[-51.051,-26.7],[-51.091,-26.696],[-51.129,-26.708],[-51.17,-26.678],[-51.233,-26.669],[-51.239,-26.628],[-51.258,-26.625],[-51.283,-26.654],[-51.347,-26.649],[-51.391,-26.663],[-51.411,-26.717],[-51.412,-26.721],[-51.379,-26.737],[-51.339,-26.734],[-51.255,-26.774],[-51.236,-26.823],[-51.275,-26.849],[-51.284,-26.874]]]}},{"type":"Feature","properties":{"code":"4211256"},"geometry":{"type":"Polygon","coordinates":[[[-49.84,-28.713],[-49.798,-28.715],[-49.799,-28.752],[-49.733,-28.804],[-49.677,-28.868],[-49.67,-28.754],[-49.674,-28.703],[-49.712,-28.666],[-49.704,-28.63],[-49.757,-28.616],[-49.839,-28.666],[-49.84,-28.713]]]}},{"type":"Feature","properties":{"code":"4219408"},"geometry":{"type":"Polygon","coordinates":[[[-49.896,-26.997],[-49.911,-26.963],[-49.833,-26.948],[-49.731,-26.96],[-49.709,-26.918],[-49.739,-26.913],[-49.769,-26.889],[-49.814,-26.891],[-49.869,-26.916],[-49.923,-26.913],[-49.951,-26.927],[-49.96,-26.956],[-49.946,-26.995],[-49.896,-26.997]]]}},{"type":"Feature","properties":{"code":"4211207"},"geometry":{"type":"Polygon","coordinates":[[[-49.244,-28.675],[-49.214,-28.671],[-49.176,-28.684],[-49.182,-28.641],[-49.243,-28.59],[-49.245,-28.591],[-49.292,-28.621],[-49.361,-28.636],[-49.292,-28.637],[-49.244,-28.675]]]}},{"type":"Feature","properties":{"code":"4211058"},"geometry":{"type":"Polygon","coordinates":[[[-50.838,-27.184],[-50.841,-27.166],[-50.877,-27.146],[-50.88,-27.127],[-50.93,-27.119],[-50.961,-27.155],[-51.006,-27.172],[-51.026,-27.195],[-51.036,-27.233],[-50.989,-27.25],[-50.952,-27.236],[-50.911,-27.207],[-50.893,-27.233],[-50.854,-27.247],[-50.821,-27.23],[-50.818,-27.208],[-50.838,-27.184]]]}},{"type":"Feature","properties":{"code":"4202875"},"geometry":{"type":"Polygon","coordinates":[[[-50.754,-27.422],[-50.765,-27.306],[-50.778,-27.267],[-50.821,-27.23],[-50.854,-27.247],[-50.933,-27.292],[-50.939,-27.331],[-50.97,-27.337],[-50.96,-27.379],[-50.904,-27.381],[-50.899,-27.414],[-50.823,-27.452],[-50.788,-27.46],[-50.754,-27.422]]]}},{"type":"Feature","properties":{"code":"4202859"},"geometry":{"type":"Polygon","coordinates":[[[-49.957,-27.402],[-49.907,-27.432],[-49.875,-27.41],[-49.865,-27.378],[-49.872,-27.351],[-49.849,-27.327],[-49.885,-27.306],[-49.931,-27.324],[-49.932,-27.37],[-49.957,-27.402]]]}},{"type":"Feature","properties":{"code":"4219309"},"geometry":{"type":"Polygon","coordinates":[[[-51.009,-27.12],[-50.973,-27.084],[-50.976,-27.037],[-51.006,-27.035],[-51.014,-27.006],[-51.045,-26.986],[-51.117,-26.984],[-51.126,-26.961],[-51.16,-26.954],[-51.179,-26.917],[-51.178,-26.868],[-51.192,-26.851],[-51.217,-26.858],[-51.247,-26.885],[-51.284,-26.874],[-51.282,-26.878],[-51.283,-26.924],[-51.232,-26.956],[-51.21,-26.983],[-51.196,-27.029],[-51.184,-27.033],[-51.157,-27.09],[-51.131,-27.114],[-51.058,-27.104],[-51.009,-27.12]]]}},{"type":"Feature","properties":{"code":"4211108"},"geometry":{"type":"Polygon","coordinates":[[[-50.22,-26.814],[-50.216,-26.785],[-50.253,-26.735],[-50.247,-26.699],[-50.223,-26.68],[-50.205,-26.639],[-50.2,-26.539],[-50.206,-26.52],[-50.19,-26.48],[-50.196,-26.448],[-50.269,-26.444],[-50.259,-26.492],[-50.235,-26.508],[-50.243,-26.534],[-50.271,-26.53],[-50.308,-26.561],[-50.365,-26.581],[-50.375,-26.627],[-50.398,-26.648],[-50.42,-26.642],[-50.437,-26.697],[-50.413,-26.73],[-50.354,-26.737],[-50.337,-26.78],[-50.342,-26.827],[-50.289,-26.836],[-50.255,-26.863],[-50.22,-26.814]]]}},{"type":"Feature","properties":{"code":"4202909"},"geometry":{"type":"Polygon","coordinates":[[[-49.017,-27.165],[-48.977,-27.169],[-49.007,-27.201],[-49.019,-27.256],[-48.99,-27.249],[-48.895,-27.184],[-48.882,-27.184],[-48.812,-27.135],[-48.789,-27.097],[-48.844,-27.068],[-48.863,-27.044],[-48.866,-27.003],[-48.887,-27.003],[-48.934,-27.028],[-48.95,-27.07],[-48.95,-27.096],[-49.017,-27.165]]]}},{"type":"Feature","properties":{"code":"4218608"},"geometry":{"type":"Polygon","coordinates":[[[-49.885,-27.306],[-49.849,-27.327],[-49.872,-27.351],[-49.865,-27.378],[-49.841,-27.349],[-49.807,-27.355],[-49.767,-27.375],[-49.759,-27.311],[-49.778,-27.252],[-49.802,-27.248],[-49.823,-27.265],[-49.857,-27.278],[-49.885,-27.306]]]}},{"type":"Feature","properties":{"code":"4210407"},"geometry":{"type":"Polygon","coordinates":[[[-49.514,-28.892],[-49.474,-28.885],[-49.433,-28.909],[-49.398,-28.834],[-49.425,-28.814],[-49.46,-28.846],[-49.517,-28.858],[-49.514,-28.892]]]}},{"type":"Feature","properties":{"code":"4202206"},"geometry":{"type":"Polygon","coordinates":[[[-49.43,-26.915],[-49.404,-26.87],[-49.33,-26.808],[-49.335,-26.746],[-49.341,-26.725],[-49.399,-26.671],[-49.482,-26.648],[-49.488,-26.66],[-49.475,-26.698],[-49.448,-26.715],[-49.454,-26.766],[-49.506,-26.789],[-49.549,-26.857],[-49.544,-26.892],[-49.51,-26.91],[-49.486,-26.938],[-49.465,-26.94],[-49.43,-26.915]]]}},{"type":"Feature","properties":{"code":"4202305"},"geometry":{"type":"Polygon","coordinates":[[[-48.576,-27.517],[-48.591,-27.483],[-48.585,-27.455],[-48.629,-27.403],[-48.634,-27.364],[-48.627,-27.325],[-48.654,-27.321],[-48.663,-27.347],[-48.705,-27.355],[-48.73,-27.341],[-48.794,-27.353],[-48.801,-27.358],[-48.835,-27.396],[-48.8,-27.403],[-48.801,-27.445],[-48.745,-27.478],[-48.753,-27.498],[-48.723,-27.537],[-48.679,-27.523],[-48.649,-27.543],[-48.631,-27.53],[-48.576,-27.517]]]}},{"type":"Feature","properties":{"code":"4210308"},"geometry":{"type":"Polygon","coordinates":[[[-50.492,-26.643],[-50.493,-26.648],[-50.468,-26.664],[-50.473,-26.696],[-50.413,-26.73],[-50.437,-26.697],[-50.42,-26.642],[-50.398,-26.648],[-50.375,-26.627],[-50.365,-26.581],[-50.308,-26.561],[-50.271,-26.53],[-50.243,-26.534],[-50.235,-26.508],[-50.259,-26.492],[-50.269,-26.444],[-50.28,-26.394],[-50.285,-26.308],[-50.296,-26.287],[-50.325,-26.296],[-50.371,-26.335],[-50.4,-26.345],[-50.423,-26.378],[-50.417,-26.411],[-50.454,-26.502],[-50.401,-26.561],[-50.422,-26.581],[-50.436,-26.615],[-50.492,-26.643]]]}},{"type":"Feature","properties":{"code":"4202107"},"geometry":{"type":"Polygon","coordinates":[[[-48.801,-26.713],[-48.773,-26.708],[-48.757,-26.741],[-48.682,-26.718],[-48.686,-26.66],[-48.665,-26.581],[-48.689,-26.572],[-48.723,-26.598],[-48.741,-26.56],[-48.743,-26.631],[-48.754,-26.659],[-48.802,-26.681],[-48.801,-26.713]]]}},{"type":"Feature","properties":{"code":"4202099"},"geometry":{"type":"Polygon","coordinates":[[[-53.394,-26.744],[-53.383,-26.719],[-53.394,-26.663],[-53.392,-26.621],[-53.425,-26.604],[-53.447,-26.634],[-53.495,-26.66],[-53.424,-26.728],[-53.394,-26.744]]]}},{"type":"Feature","properties":{"code":"4202081"},"geometry":{"type":"Polygon","coordinates":[[[-53.587,-26.802],[-53.596,-26.688],[-53.63,-26.713],[-53.673,-26.717],[-53.714,-26.751],[-53.718,-26.782],[-53.677,-26.844],[-53.662,-26.817],[-53.606,-26.818],[-53.587,-26.802]]]}},{"type":"Feature","properties":{"code":"4202073"},"geometry":{"type":"Polygon","coordinates":[[[-49.645,-29.238],[-49.516,-29.096],[-49.566,-29.059],[-49.596,-29.083],[-49.61,-29.115],[-49.656,-29.143],[-49.695,-29.176],[-49.712,-29.206],[-49.661,-29.242],[-49.645,-29.238]]]}},{"type":"Feature","properties":{"code":"4202057"},"geometry":{"type":"Polygon","coordinates":[[[-48.594,-26.452],[-48.626,-26.438],[-48.619,-26.399],[-48.637,-26.369],[-48.663,-26.361],[-48.669,-26.413],[-48.71,-26.431],[-48.651,-26.547],[-48.594,-26.452]]]}},{"type":"Feature","properties":{"code":"4218509"},"geometry":{"type":"Polygon","coordinates":[[[-51.334,-27.02],[-51.352,-26.981],[-51.394,-26.97],[-51.406,-26.943],[-51.479,-26.925],[-51.488,-26.859],[-51.51,-26.84],[-51.53,-26.88],[-51.532,-26.93],[-51.509,-26.941],[-51.494,-26.993],[-51.462,-27.029],[-51.421,-27.039],[-51.345,-27.04],[-51.334,-27.02]]]}},{"type":"Feature","properties":{"code":"4202156"},"geometry":{"type":"Polygon","coordinates":[[[-53.576,-26.896],[-53.559,-26.894],[-53.546,-26.834],[-53.606,-26.818],[-53.662,-26.817],[-53.677,-26.844],[-53.694,-26.889],[-53.675,-26.893],[-53.626,-26.885],[-53.576,-26.896]]]}},{"type":"Feature","properties":{"code":"4202131"},"geometry":{"type":"Polygon","coordinates":[[[-50.529,-26.609],[-50.519,-26.635],[-50.492,-26.643],[-50.436,-26.615],[-50.422,-26.581],[-50.401,-26.561],[-50.454,-26.502],[-50.417,-26.411],[-50.423,-26.378],[-50.4,-26.345],[-50.404,-26.289],[-50.435,-26.237],[-50.463,-26.229],[-50.537,-26.254],[-50.559,-26.287],[-50.554,-26.321],[-50.583,-26.375],[-50.563,-26.4],[-50.573,-26.419],[-50.534,-26.478],[-50.547,-26.484],[-50.532,-26.549],[-50.513,-26.579],[-50.529,-26.609]]]}},{"type":"Feature","properties":{"code":"4218855"},"geometry":{"type":"Polygon","coordinates":[[[-52.792,-26.789],[-52.817,-26.734],[-52.879,-26.755],[-52.918,-26.783],[-52.932,-26.777],[-52.914,-26.825],[-52.919,-26.846],[-52.892,-26.808],[-52.872,-26.798],[-52.834,-26.836],[-52.805,-26.831],[-52.792,-26.789]]]}},{"type":"Feature","properties":{"code":"4202453"},"geometry":{"type":"Polygon","coordinates":[[[-48.578,-27.212],[-48.542,-27.183],[-48.503,-27.194],[-48.488,-27.148],[-48.514,-27.131],[-48.508,-27.11],[-48.541,-27.173],[-48.576,-27.186],[-48.578,-27.212]]]}},{"type":"Feature","properties":{"code":"4218905"},"geometry":{"type":"Polygon","coordinates":[[[-49.85,-28.102],[-49.803,-28.118],[-49.743,-28.175],[-49.685,-28.212],[-49.672,-28.231],[-49.668,-28.189],[-49.634,-28.16],[-49.598,-28.16],[-49.544,-28.126],[-49.475,-28.126],[-49.44,-28.133],[-49.432,-28.114],[-49.393,-28.11],[-49.404,-28.082],[-49.372,-28.066],[-49.349,-27.996],[-49.322,-27.984],[-49.308,-27.97],[-49.308,-27.941],[-49.299,-27.902],[-49.323,-27.919],[-49.358,-27.924],[-49.381,-27.943],[-49.417,-27.953],[-49.466,-27.928],[-49.492,-27.932],[-49.524,-27.913],[-49.607,-27.901],[-49.703,-27.918],[-49.715,-27.942],[-49.711,-28.007],[-49.745,-28.032],[-49.771,-28.024],[-49.814,-28.059],[-49.85,-28.102]]]}},{"type":"Feature","properties":{"code":"4202537"},"geometry":{"type":"Polygon","coordinates":[[[-52.429,-26.767],[-52.43,-26.779],[-52.355,-26.785],[-52.362,-26.759],[-52.354,-26.723],[-52.37,-26.67],[-52.393,-26.684],[-52.416,-26.698],[-52.429,-26.767]]]}},{"type":"Feature","properties":{"code":"4218756"},"geometry":{"type":"Polygon","coordinates":[[[-53.587,-27.009],[-53.559,-26.993],[-53.556,-26.969],[-53.583,-26.953],[-53.672,-26.943],[-53.712,-26.965],[-53.733,-27.004],[-53.704,-27.011],[-53.643,-27.044],[-53.587,-27.009]]]}},{"type":"Feature","properties":{"code":"4210704"},"geometry":{"type":"Polygon","coordinates":[[[-51.222,-26.594],[-51.142,-26.602],[-51.137,-26.567],[-51.105,-26.558],[-51.076,-26.515],[-51.01,-26.494],[-51.008,-26.459],[-50.977,-26.442],[-50.985,-26.405],[-51.025,-26.406],[-51.115,-26.391],[-51.19,-26.452],[-51.201,-26.427],[-51.27,-26.387],[-51.292,-26.404],[-51.293,-26.434],[-51.253,-26.462],[-51.273,-26.498],[-51.228,-26.555],[-51.222,-26.594]]]}},{"type":"Feature","properties":{"code":"4210555"},"geometry":{"type":"Polygon","coordinates":[[[-52.717,-26.804],[-52.656,-26.854],[-52.621,-26.865],[-52.594,-26.84],[-52.553,-26.841],[-52.551,-26.801],[-52.586,-26.801],[-52.623,-26.772],[-52.657,-26.753],[-52.685,-26.773],[-52.686,-26.807],[-52.717,-26.804]]]}},{"type":"Feature","properties":{"code":"4202503"},"geometry":{"type":"Polygon","coordinates":[[[-49.817,-28.47],[-49.791,-28.496],[-49.748,-28.494],[-49.727,-28.519],[-49.747,-28.535],[-49.708,-28.582],[-49.703,-28.629],[-49.685,-28.621],[-49.647,-28.59],[-49.65,-28.547],[-49.569,-28.503],[-49.562,-28.468],[-49.535,-28.436],[-49.567,-28.416],[-49.544,-28.388],[-49.558,-28.372],[-49.523,-28.307],[-49.523,-28.276],[-49.541,-28.235],[-49.53,-28.187],[-49.475,-28.126],[-49.544,-28.126],[-49.598,-28.16],[-49.634,-28.16],[-49.668,-28.189],[-49.672,-28.231],[-49.722,-28.222],[-49.773,-28.276],[-49.765,-28.35],[-49.784,-28.428],[-49.822,-28.421],[-49.817,-28.47]]]}},{"type":"Feature","properties":{"code":"4218707"},"geometry":{"type":"Polygon","coordinates":[[[-48.945,-28.594],[-48.904,-28.533],[-48.923,-28.513],[-48.981,-28.463],[-48.979,-28.422],[-49.024,-28.401],[-49.072,-28.395],[-49.101,-28.363],[-49.138,-28.414],[-49.112,-28.444],[-49.122,-28.475],[-49.144,-28.474],[-49.18,-28.498],[-49.139,-28.498],[-49.055,-28.559],[-49.03,-28.55],[-48.994,-28.559],[-48.945,-28.594]]]}},{"type":"Feature","properties":{"code":"4210506"},"geometry":{"type":"Polygon","coordinates":[[[-53.121,-26.809],[-53.098,-26.773],[-53.109,-26.741],[-53.128,-26.721],[-53.166,-26.718],[-53.194,-26.699],[-53.206,-26.724],[-53.255,-26.716],[-53.287,-26.735],[-53.305,-26.765],[-53.296,-26.785],[-53.241,-26.813],[-53.197,-26.802],[-53.121,-26.809]]]}},{"type":"Feature","properties":{"code":"4218806"},"geometry":{"type":"Polygon","coordinates":[[[-49.534,-28.917],[-49.639,-28.899],[-49.677,-28.868],[-49.733,-28.804],[-49.749,-28.831],[-49.792,-28.854],[-49.868,-28.88],[-49.783,-28.904],[-49.771,-28.939],[-49.733,-28.963],[-49.706,-28.967],[-49.653,-28.984],[-49.648,-28.959],[-49.606,-28.952],[-49.534,-28.917]]]}}]}