{"type":"FeatureCollection","features":[{"type":"Feature","properties":{"code":"4316204"},"geometry":{"type":"Polygon","coordinates":[[[-52.772,-27.915],[-52.758,-27.88],[-52.78,-27.851],[-52.781,-27.826],[-52.819,-27.83],[-52.822,-27.808],[-52.855,-27.803],[-52.895,-27.751],[-52.912,-27.738],[-52.935,-27.766],[-52.984,-27.791],[-53.019,-27.805],[-52.99,-27.864],[-52.924,-27.887],[-52.857,-27.88],[-52.816,-27.888],[-52.772,-27.915]]]}},{"type":"Feature","properties":{"code":"4308003"},"geometry":{"type":"Polygon","coordinates":[[[-53.477,-29.612],[-53.469,-29.589],[-53.404,-29.611],[-53.383,-29.589],[-53.373,-29.547],[-53.387,-29.537],[-53.386,-29.489],[-53.429,-29.512],[-53.492,-29.525],[-53.507,-29.517],[-53.542,-29.513],[-53.568,-29.539],[-53.55,-29.574],[-53.509,-29.624],[-53.477,-29.612]]]}},{"type":"Feature","properties":{"code":"4307831"},"geometry":{"type":"Polygon","coordinates":[[[-54.378,-28.695],[-54.322,-28.723],[-54.309,-28.69],[-54.24,-28.648],[-54.196,-28.66],[-54.158,-28.609],[-54.157,-28.582],[-54.128,-28.555],[-54.128,-28.49],[-54.139,-28.466],[-54.303,-28.438],[-54.306,-28.457],[-54.273,-28.484],[-54.346,-28.553],[-54.316,-28.605],[-54.364,-28.637],[-54.378,-28.66],[-54.378,-28.695]]]}},{"type":"Feature","properties":{"code":"4316006"},"geometry":{"type":"Polygon","coordinates":[[[-50.684,-29.677],[-50.646,-29.681],[-50.603,-29.707],[-50.53,-29.714],[-50.491,-29.689],[-50.449,-29.679],[-50.486,-29.643],[-50.466,-29.607],[-50.483,-29.595],[-50.432,-29.556],[-50.433,-29.537],[-50.553,-29.539],[-50.59,-29.553],[-50.603,-29.589],[-50.634,-29.606],[-50.684,-29.677]]]}},{"type":"Feature","properties":{"code":"4307815"},"geometry":{"type":"Polygon","coordinates":[[[-53.168,-29.342],[-53.142,-29.313],[-53.147,-29.267],[-53.126,-29.265],[-53.13,-29.228],[-53.09,-29.212],[-53.064,-29.182],[-53.094,-29.14],[-53.115,-29.148],[-53.141,-29.131],[-53.191,-29.131],[-53.261,-29.144],[-53.267,-29.191],[-53.245,-29.194],[-53.247,-29.24],[-53.211,-29.264],[-53.246,-29.297],[-53.23,-29.309],[-53.231,-29.35],[-53.195,-29.364],[-53.168,-29.342]]]}},{"type":"Feature","properties":{"code":"4307807"},"geometry":{"type":"Polygon","coordinates":[[[-51.969,-29.497],[-51.975,-29.531],[-52.0,-29.584],[-51.952,-29.609],[-51.883,-29.56],[-51.873,-29.544],[-51.847,-29.465],[-51.842,-29.424],[-51.933,-29.426],[-51.95,-29.416],[-51.956,-29.422],[-51.926,-29.436],[-51.969,-29.497]]]}},{"type":"Feature","properties":{"code":"4307906"},"geometry":{"type":"Polygon","coordinates":[[[-51.491,-29.26],[-51.461,-29.255],[-51.439,-29.291],[-51.354,-29.291],[-51.353,-29.333],[-51.27,-29.313],[-51.267,-29.295],[-51.266,-29.246],[-51.289,-29.245],[-51.294,-29.113],[-51.343,-29.115],[-51.371,-29.069],[-51.422,-29.06],[-51.412,-29.127],[-51.423,-29.156],[-51.389,-29.156],[-51.391,-29.197],[-51.492,-29.198],[-51.491,-29.26]]]}},{"type":"Feature","properties":{"code":"4307864"},"geometry":{"type":"Polygon","coordinates":[[[-51.791,-28.884],[-51.808,-28.895],[-51.781,-28.936],[-51.781,-28.938],[-51.694,-28.932],[-51.646,-28.891],[-51.621,-28.886],[-51.65,-28.873],[-51.667,-28.835],[-51.705,-28.835],[-51.755,-28.836],[-51.758,-28.87],[-51.791,-28.884]]]}},{"type":"Feature","properties":{"code":"4307203"},"geometry":{"type":"Polygon","coordinates":[[[-52.522,-27.476],[-52.497,-27.393],[-52.507,-27.356],[-52.539,-27.309],[-52.527,-27.285],[-52.536,-27.26],[-52.545,-27.241],[-52.583,-27.247],[-52.618,-27.266],[-52.676,-27.246],[-52.691,-27.284],[-52.685,-27.296],[-52.662,-27.31],[-52.647,-27.341],[-52.613,-27.37],[-52.602,-27.409],[-52.618,-27.432],[-52.593,-27.468],[-52.57,-27.464],[-52.539,-27.492],[-52.522,-27.476]]]}},{"type":"Feature","properties":{"code":"4315354"},"geometry":{"type":"Polygon","coordinates":[[[-53.061,-28.83],[-53.064,-28.799],[-53.034,-28.764],[-53.033,-28.729],[-53.013,-28.715],[-53.03,-28.69],[-53.096,-28.701],[-53.191,-28.707],[-53.241,-28.682],[-53.265,-28.711],[-53.261,-28.73],[-53.239,-28.744],[-53.154,-28.752],[-53.139,-28.777],[-53.152,-28.797],[-53.113,-28.814],[-53.124,-28.847],[-53.133,-28.872],[-53.079,-28.863],[-53.061,-28.83]]]}},{"type":"Feature","properties":{"code":"4315453"},"geometry":{"type":"Polygon","coordinates":[[[-51.993,-29.144],[-52.046,-29.058],[-52.057,-29.093],[-52.09,-29.108],[-52.152,-29.088],[-52.137,-29.136],[-52.122,-29.148],[-52.018,-29.167],[-52.002,-29.166],[-51.993,-29.144]]]}},{"type":"Feature","properties":{"code":"4323606"},"geometry":{"type":"Polygon","coordinates":[[[-51.834,-28.778],[-51.87,-28.803],[-51.841,-28.828],[-51.83,-28.868],[-51.791,-28.884],[-51.758,-28.87],[-51.755,-28.836],[-51.705,-28.835],[-51.689,-28.792],[-51.713,-28.784],[-51.761,-28.796],[-51.763,-28.776],[-51.834,-28.778]]]}},{"type":"Feature","properties":{"code":"4323457"},"geometry":{"type":"Polygon","coordinates":[[[-54.001,-30.247],[-54.018,-30.266],[-53.967,-30.337],[-53.973,-30.348],[-53.942,-30.393],[-53.94,-30.424],[-53.968,-30.442],[-53.946,-30.489],[-53.887,-30.497],[-53.845,-30.483],[-53.827,-30.442],[-53.792,-30.404],[-53.758,-30.385],[-53.734,-30.356],[-53.742,-30.322],[-53.776,-30.328],[-53.789,-30.306],[-53.76,-30.279],[-53.787,-30.255],[-53.824,-30.246],[-53.834,-30.262],[-53.955,-30.207],[-53.988,-30.226],[-54.001,-30.247]]]}},{"type":"Feature","properties":{"code":"4315404"},"geometry":{"type":"Polygon","coordinates":[[[-53.734,-27.662],[-53.689,-27.673],[-53.632,-27.709],[-53.58,-27.681],[-53.587,-27.638],[-53.571,-27.617],[-53.582,-27.571],[-53.571,-27.546],[-53.572,-27.482],[-53.611,-27.464],[-53.648,-27.419],[-53.681,-27.448],[-53.7,-27.447],[-53.665,-27.549],[-53.681,-27.548],[-53.685,-27.59],[-53.673,-27.606],[-53.695,-27.64],[-53.734,-27.662]]]}},{"type":"Feature","properties":{"code":"4323408"},"geometry":{"type":"Polygon","coordinates":[[[-52.235,-28.548],[-52.202,-28.567],[-52.18,-28.562],[-52.139,-28.633],[-52.156,-28.652],[-52.133,-28.673],[-52.1,-28.669],[-52.11,-28.656],[-52.093,-28.616],[-52.099,-28.548],[-52.09,-28.536],[-52.089,-28.496],[-52.105,-28.502],[-52.165,-28.478],[-52.186,-28.5],[-52.212,-28.483],[-52.243,-28.514],[-52.235,-28.548]]]}},{"type":"Feature","properties":{"code":"4307054"},"geometry":{"type":"Polygon","coordinates":[[[-52.618,-28.518],[-52.604,-28.511],[-52.552,-28.53],[-52.545,-28.498],[-52.512,-28.476],[-52.486,-28.46],[-52.444,-28.404],[-52.469,-28.388],[-52.51,-28.405],[-52.508,-28.373],[-52.531,-28.339],[-52.557,-28.322],[-52.601,-28.333],[-52.644,-28.373],[-52.626,-28.411],[-52.589,-28.435],[-52.623,-28.491],[-52.618,-28.518]]]}},{"type":"Feature","properties":{"code":"4323507"},"geometry":{"type":"Polygon","coordinates":[[[-53.532,-27.387],[-53.481,-27.388],[-53.461,-27.351],[-53.491,-27.306],[-53.488,-27.29],[-53.554,-27.238],[-53.561,-27.245],[-53.547,-27.271],[-53.538,-27.337],[-53.512,-27.366],[-53.532,-27.387]]]}},{"type":"Feature","properties":{"code":"4315321"},"geometry":{"type":"Polygon","coordinates":[[[-54.1,-29.461],[-54.069,-29.447],[-54.052,-29.415],[-54.027,-29.405],[-54.0,-29.353],[-53.993,-29.318],[-53.948,-29.273],[-53.92,-29.221],[-53.978,-29.142],[-54.028,-29.106],[-54.042,-29.141],[-54.045,-29.179],[-54.07,-29.199],[-54.088,-29.239],[-54.113,-29.241],[-54.157,-29.285],[-54.152,-29.31],[-54.199,-29.392],[-54.209,-29.426],[-54.196,-29.439],[-54.191,-29.483],[-54.142,-29.48],[-54.1,-29.461]]]}},{"type":"Feature","properties":{"code":"4315313"},"geometry":{"type":"Polygon","coordinates":[[[-52.609,-27.937],[-52.58,-27.945],[-52.542,-27.956],[-52.524,-27.942],[-52.52,-27.924],[-52.463,-27.909],[-52.43,-27.865],[-52.409,-27.858],[-52.387,-27.85],[-52.378,-27.811],[-52.327,-27.77],[-52.328,-27.749],[-52.333,-27.75],[-52.369,-27.752],[-52.39,-27.775],[-52.412,-27.773],[-52.442,-27.737],[-52.466,-27.737],[-52.489,-27.769],[-52.495,-27.807],[-52.526,-27.84],[-52.597,-27.884],[-52.58,-27.925],[-52.609,-27.937]]]}},{"type":"Feature","properties":{"code":"4315305"},"geometry":{"type":"Polygon","coordinates":[[[-56.658,-30.201],[-56.596,-30.295],[-56.537,-30.334],[-56.491,-30.398],[-56.462,-30.384],[-56.44,-30.433],[-56.398,-30.448],[-56.406,-30.469],[-56.386,-30.496],[-56.336,-30.511],[-56.331,-30.529],[-56.29,-30.532],[-56.259,-30.525],[-56.245,-30.501],[-56.181,-30.482],[-56.132,-30.456],[-56.088,-30.454],[-56.066,-30.437],[-56.023,-30.442],[-55.948,-30.423],[-55.862,-30.433],[-55.786,-30.416],[-55.77,-30.397],[-55.701,-30.401],[-55.689,-30.376],[-55.668,-30.298],[-55.675,-30.278],[-55.692,-30.256],[-55.676,-30.227],[-55.745,-30.231],[-55.768,-30.169],[-55.813,-30.169],[-55.866,-30.134],[-55.878,-30.088],[-55.969,-30.09],[-56.02,-30.081],[-56.044,-30.05],[-56.083,-30.079],[-56.121,-30.08],[-56.15,-30.055],[-56.182,-30.086],[-56.231,-30.092],[-56.28,-30.114],[-56.321,-30.12],[-56.406,-30.116],[-56.44,-30.137],[-56.513,-30.159],[-56.547,-30.134],[-56.6,-30.148],[-56.625,-30.183],[-56.658,-30.201]]]}},{"type":"Feature","properties":{"code":"4307104"},"geometry":{"type":"Polygon","coordinates":[[[-53.306,-32.218],[-53.307,-32.189],[-53.257,-32.172],[-53.232,-32.099],[-53.182,-32.06],[-53.124,-32.003],[-53.101,-31.962],[-53.046,-31.915],[-52.96,-31.904],[-52.918,-31.888],[-52.936,-31.864],[-53.021,-31.87],[-53.049,-31.884],[-53.102,-31.869],[-53.158,-31.891],[-53.185,-31.881],[-53.239,-31.886],[-53.268,-31.864],[-53.331,-31.84],[-53.443,-31.839],[-53.472,-31.868],[-53.589,-31.943],[-53.642,-31.971],[-53.653,-31.988],[-53.714,-32.001],[-53.726,-32.098],[-53.744,-32.115],[-53.717,-32.156],[-53.724,-32.174],[-53.676,-32.238],[-53.648,-32.182],[-53.583,-32.148],[-53.496,-32.191],[-53.35,-32.185],[-53.321,-32.221],[-53.306,-32.218]]]}},{"type":"Feature","properties":{"code":"4323804"},"geometry":{"type":"Polygon","coordinates":[[[-50.064,-29.86],[-50.018,-29.773],[-50.055,-29.762],[-50.116,-29.788],[-50.111,-29.834],[-50.064,-29.86]]]}},{"type":"Feature","properties":{"code":"4307450"},"geometry":{"type":"Polygon","coordinates":[[[-54.025,-27.4],[-53.979,-27.39],[-53.936,-27.355],[-53.918,-27.323],[-53.959,-27.302],[-53.998,-27.263],[-54.026,-27.28],[-54.055,-27.264],[-54.082,-27.299],[-54.111,-27.302],[-54.079,-27.325],[-54.03,-27.379],[-54.025,-27.4]]]}},{"type":"Feature","properties":{"code":"4315602"},"geometry":{"type":"Polygon","coordinates":[[[-52.621,-32.638],[-52.585,-32.643],[-52.423,-32.629],[-52.386,-32.526],[-52.341,-32.425],[-52.293,-32.338],[-52.234,-32.26],[-52.199,-32.227],[-52.125,-32.169],[-52.097,-32.162],[-52.104,-32.133],[-52.099,-32.083],[-52.157,-32.096],[-52.139,-32.061],[-52.095,-32.049],[-52.108,-32.025],[-52.139,-32.047],[-52.194,-32.058],[-52.196,-32.028],[-52.157,-32.026],[-52.113,-32.009],[-52.113,-31.978],[-52.188,-31.982],[-52.228,-32.036],[-52.242,-31.992],[-52.224,-31.973],[-52.188,-31.963],[-52.139,-31.918],[-52.177,-31.907],[-52.22,-31.873],[-52.255,-31.865],[-52.251,-31.84],[-52.222,-31.834],[-52.224,-31.789],[-52.305,-31.774],[-52.373,-31.8],[-52.389,-31.815],[-52.389,-31.849],[-52.408,-31.863],[-52.381,-31.913],[-52.389,-31.943],[-52.417,-31.967],[-52.418,-32.016],[-52.41,-32.038],[-52.446,-32.064],[-52.492,-32.055],[-52.531,-32.093],[-52.563,-32.1],[-52.619,-32.131],[-52.623,-32.146],[-52.683,-32.273],[-52.688,-32.319],[-52.639,-32.393],[-52.602,-32.461],[-52.586,-32.509],[-52.588,-32.538],[-52.621,-32.638]]]}},{"type":"Feature","properties":{"code":"4307401"},"geometry":{"type":"Polygon","coordinates":[[[-51.081,-28.233],[-51.058,-28.235],[-51.023,-28.216],[-51.062,-28.184],[-51.041,-28.151],[-51.039,-28.069],[-51.023,-28.019],[-50.994,-27.991],[-51.002,-27.963],[-51.019,-27.957],[-51.02,-27.922],[-51.056,-27.904],[-51.057,-27.887],[-51.143,-27.936],[-51.167,-27.958],[-51.24,-27.98],[-51.263,-27.942],[-51.252,-27.903],[-51.267,-27.86],[-51.32,-27.875],[-51.359,-27.863],[-51.376,-27.878],[-51.362,-27.926],[-51.333,-27.931],[-51.335,-27.982],[-51.35,-27.999],[-51.344,-28.038],[-51.309,-28.059],[-51.278,-28.063],[-51.255,-28.092],[-51.261,-28.134],[-51.244,-28.154],[-51.197,-28.187],[-51.143,-28.181],[-51.081,-28.233]]]}},{"type":"Feature","properties":{"code":"4315701"},"geometry":{"type":"Polygon","coordinates":[[[-52.657,-30.209],[-52.626,-30.244],[-52.622,-30.275],[-52.595,-30.346],[-52.562,-30.36],[-52.555,-30.329],[-52.559,-30.285],[-52.531,-30.272],[-52.537,-30.193],[-52.558,-30.172],[-52.52,-30.118],[-52.489,-30.099],[-52.418,-30.081],[-52.387,-30.089],[-52.377,-30.128],[-52.351,-30.142],[-52.284,-30.137],[-52.294,-30.17],[-52.28,-30.188],[-52.286,-30.218],[-52.254,-30.27],[-52.21,-30.26],[-52.163,-30.322],[-52.175,-30.281],[-52.136,-30.228],[-52.159,-30.191],[-52.152,-30.146],[-52.17,-30.125],[-52.163,-30.066],[-52.146,-30.02],[-52.154,-29.984],[-52.148,-29.951],[-52.105,-29.946],[-52.141,-29.925],[-52.18,-29.933],[-52.195,-29.914],[-52.178,-29.827],[-52.254,-29.85],[-52.27,-29.866],[-52.306,-29.872],[-52.314,-29.835],[-52.4,-29.84],[-52.461,-29.903],[-52.478,-29.875],[-52.51,-29.873],[-52.505,-29.839],[-52.544,-29.833],[-52.581,-29.794],[-52.704,-29.793],[-52.741,-29.804],[-52.755,-29.843],[-52.755,-29.886],[-52.741,-29.905],[-52.705,-29.917],[-52.71,-29.957],[-52.685,-29.986],[-52.644,-29.994],[-52.611,-30.02],[-52.666,-30.025],[-52.691,-30.061],[-52.675,-30.079],[-52.672,-30.162],[-52.657,-30.209]]]}},{"type":"Feature","properties":{"code":"4307500"},"geometry":{"type":"Polygon","coordinates":[[[-52.805,-29.043],[-52.718,-29.01],[-52.709,-28.79],[-52.731,-28.762],[-52.725,-28.735],[-52.728,-28.685],[-52.769,-28.648],[-52.783,-28.681],[-52.833,-28.725],[-52.874,-28.706],[-52.886,-28.727],[-52.926,-28.73],[-52.953,-28.739],[-52.934,-28.748],[-52.934,-28.801],[-52.966,-28.813],[-52.939,-28.849],[-52.964,-28.87],[-52.92,-28.913],[-52.931,-28.934],[-52.976,-28.914],[-53.008,-28.92],[-53.016,-28.947],[-52.953,-28.956],[-52.855,-29.043],[-52.825,-29.032],[-52.805,-29.043]]]}},{"type":"Feature","properties":{"code":"4323705"},"geometry":{"type":"Polygon","coordinates":[[[-53.663,-27.316],[-53.64,-27.261],[-53.709,-27.215],[-53.707,-27.198],[-53.742,-27.233],[-53.741,-27.256],[-53.764,-27.279],[-53.729,-27.305],[-53.688,-27.321],[-53.663,-27.316]]]}},{"type":"Feature","properties":{"code":"4315503"},"geometry":{"type":"Polygon","coordinates":[[[-53.126,-29.968],[-53.095,-29.967],[-53.094,-29.928],[-53.12,-29.92],[-53.109,-29.852],[-53.12,-29.835],[-53.161,-29.813],[-53.175,-29.77],[-53.196,-29.831],[-53.277,-29.799],[-53.29,-29.786],[-53.266,-29.73],[-53.286,-29.717],[-53.282,-29.69],[-53.355,-29.668],[-53.362,-29.637],[-53.384,-29.632],[-53.53,-29.696],[-53.545,-29.704],[-53.535,-29.755],[-53.519,-29.765],[-53.565,-29.813],[-53.549,-29.835],[-53.549,-29.867],[-53.506,-29.883],[-53.468,-29.88],[-53.419,-29.925],[-53.365,-29.925],[-53.327,-29.944],[-53.299,-29.938],[-53.254,-29.958],[-53.126,-29.968]]]}},{"type":"Feature","properties":{"code":"4307302"},"geometry":{"type":"Polygon","coordinates":[[[-53.381,-27.61],[-53.411,-27.545],[-53.454,-27.497],[-53.47,-27.453],[-53.492,-27.45],[-53.506,-27.434],[-53.545,-27.429],[-53.551,-27.394],[-53.649,-27.354],[-53.642,-27.342],[-53.666,-27.371],[-53.65,-27.387],[-53.648,-27.419],[-53.611,-27.464],[-53.572,-27.482],[-53.571,-27.546],[-53.582,-27.571],[-53.571,-27.617],[-53.563,-27.607],[-53.497,-27.605],[-53.471,-27.631],[-53.431,-27.635],[-53.401,-27.62],[-53.381,-27.61]]]}},{"type":"Feature","properties":{"code":"4323770"},"geometry":{"type":"Polygon","coordinates":[[[-51.783,-29.388],[-51.783,-29.464],[-51.737,-29.449],[-51.738,-29.415],[-51.691,-29.415],[-51.692,-29.37],[-51.728,-29.362],[-51.751,-29.363],[-51.783,-29.388]]]}},{"type":"Feature","properties":{"code":"4323754"},"geometry":{"type":"Polygon","coordinates":[[[-54.463,-28.489],[-54.375,-28.436],[-54.376,-28.37],[-54.369,-28.349],[-54.415,-28.334],[-54.464,-28.335],[-54.459,-28.302],[-54.533,-28.277],[-54.569,-28.279],[-54.574,-28.299],[-54.555,-28.311],[-54.54,-28.356],[-54.552,-28.363],[-54.538,-28.404],[-54.478,-28.465],[-54.463,-28.489]]]}},{"type":"Feature","properties":{"code":"4315552"},"geometry":{"type":"Polygon","coordinates":[[[-52.934,-27.313],[-52.908,-27.312],[-52.848,-27.34],[-52.81,-27.298],[-52.783,-27.233],[-52.801,-27.203],[-52.846,-27.207],[-52.851,-27.17],[-52.899,-27.197],[-52.929,-27.204],[-52.957,-27.163],[-52.971,-27.218],[-52.95,-27.249],[-52.967,-27.262],[-52.959,-27.292],[-52.934,-27.313]]]}},{"type":"Feature","properties":{"code":"4323101"},"geometry":{"type":"Polygon","coordinates":[[[-53.322,-27.21],[-53.296,-27.132],[-53.355,-27.111],[-53.381,-27.094],[-53.406,-27.137],[-53.455,-27.157],[-53.476,-27.139],[-53.508,-27.151],[-53.488,-27.194],[-53.447,-27.2],[-53.401,-27.236],[-53.349,-27.24],[-53.327,-27.221],[-53.322,-27.21]]]}},{"type":"Feature","properties":{"code":"4306734"},"geometry":{"type":"Polygon","coordinates":[[[-54.399,-27.57],[-54.38,-27.554],[-54.329,-27.546],[-54.258,-27.499],[-54.261,-27.467],[-54.286,-27.448],[-54.342,-27.404],[-54.335,-27.451],[-54.357,-27.465],[-54.399,-27.412],[-54.472,-27.434],[-54.444,-27.46],[-54.475,-27.481],[-54.468,-27.523],[-54.424,-27.547],[-54.399,-27.57]]]}},{"type":"Feature","properties":{"code":"4314902"},"geometry":{"type":"Polygon","coordinates":[[[-51.063,-30.26],[-51.053,-30.231],[-51.011,-30.196],[-51.077,-30.175],[-51.096,-30.115],[-51.111,-30.104],[-51.118,-30.054],[-51.085,-30.046],[-51.087,-29.971],[-51.126,-29.954],[-51.201,-29.972],[-51.234,-29.938],[-51.267,-29.935],[-51.305,-29.95],[-51.262,-30.01],[-51.273,-30.039],[-51.243,-30.035],[-51.234,-30.058],[-51.261,-30.123],[-51.225,-30.146],[-51.227,-30.188],[-51.178,-30.218],[-51.185,-30.235],[-51.128,-30.248],[-51.095,-30.241],[-51.063,-30.26]]]}},{"type":"Feature","properties":{"code":"4314753"},"geometry":{"type":"Polygon","coordinates":[[[-51.602,-29.476],[-51.569,-29.458],[-51.608,-29.411],[-51.611,-29.401],[-51.657,-29.399],[-51.691,-29.424],[-51.691,-29.471],[-51.669,-29.481],[-51.602,-29.476]]]}},{"type":"Feature","properties":{"code":"4306700"},"geometry":{"type":"Polygon","coordinates":[[[-53.362,-29.637],[-53.33,-29.635],[-53.307,-29.616],[-53.306,-29.58],[-53.335,-29.556],[-53.31,-29.538],[-53.294,-29.486],[-53.386,-29.489],[-53.387,-29.537],[-53.373,-29.547],[-53.383,-29.589],[-53.404,-29.611],[-53.384,-29.632],[-53.362,-29.637]]]}},{"type":"Feature","properties":{"code":"4306551"},"geometry":{"type":"Polygon","coordinates":[[[-49.836,-29.424],[-49.803,-29.392],[-49.829,-29.357],[-49.815,-29.339],[-49.858,-29.313],[-49.889,-29.312],[-49.891,-29.372],[-49.882,-29.41],[-49.836,-29.424]]]}},{"type":"Feature","properties":{"code":"4322905"},"geometry":{"type":"Polygon","coordinates":[[[-52.041,-27.645],[-51.991,-27.649],[-52.001,-27.695],[-51.982,-27.72],[-51.974,-27.672],[-51.896,-27.652],[-51.884,-27.625],[-51.901,-27.603],[-51.892,-27.579],[-51.911,-27.595],[-51.937,-27.579],[-51.975,-27.577],[-51.956,-27.512],[-51.998,-27.487],[-51.998,-27.453],[-52.03,-27.436],[-52.067,-27.454],[-52.067,-27.48],[-52.089,-27.508],[-52.077,-27.534],[-52.054,-27.543],[-52.069,-27.585],[-52.041,-27.595],[-52.041,-27.645]]]}},{"type":"Feature","properties":{"code":"4314704"},"geometry":{"type":"Polygon","coordinates":[[[-53.143,-27.406],[-53.124,-27.434],[-53.076,-27.373],[-53.044,-27.394],[-53.034,-27.372],[-52.996,-27.387],[-52.956,-27.372],[-52.951,-27.308],[-53.01,-27.324],[-53.076,-27.27],[-53.159,-27.282],[-53.191,-27.286],[-53.202,-27.312],[-53.172,-27.34],[-53.131,-27.357],[-53.113,-27.377],[-53.143,-27.406]]]}},{"type":"Feature","properties":{"code":"4323002"},"geometry":{"type":"Polygon","coordinates":[[[-51.063,-30.26],[-51.023,-30.284],[-51.024,-30.316],[-51.047,-30.381],[-50.973,-30.408],[-50.93,-30.436],[-50.939,-30.375],[-50.915,-30.326],[-50.844,-30.321],[-50.797,-30.338],[-50.782,-30.285],[-50.751,-30.297],[-50.673,-30.297],[-50.656,-30.286],[-50.669,-30.255],[-50.659,-30.2],[-50.621,-30.198],[-50.623,-30.12],[-50.635,-30.058],[-50.654,-30.044],[-50.678,-30.054],[-50.7,-30.034],[-50.718,-29.979],[-50.821,-29.999],[-50.869,-30.016],[-50.914,-30.003],[-50.949,-29.966],[-50.962,-29.99],[-51.04,-30.006],[-51.085,-30.046],[-51.118,-30.054],[-51.111,-30.104],[-51.096,-30.115],[-51.077,-30.175],[-51.011,-30.196],[-51.053,-30.231],[-51.063,-30.26]]]}},{"type":"Feature","properties":{"code":"4314803"},"geometry":{"type":"Polygon","coordinates":[[[-51.307,-29.776],[-51.231,-29.781],[-51.193,-29.803],[-51.191,-29.778],[-51.21,-29.734],[-51.194,-29.68],[-51.22,-29.682],[-51.231,-29.617],[-51.245,-29.584],[-51.279,-29.584],[-51.288,-29.619],[-51.277,-29.656],[-51.288,-29.662],[-51.285,-29.722],[-51.307,-29.776]]]}},{"type":"Feature","properties":{"code":"4314787"},"geometry":{"type":"Polygon","coordinates":[[[-52.447,-27.663],[-52.477,-27.604],[-52.517,-27.615],[-52.557,-27.603],[-52.559,-27.679],[-52.574,-27.681],[-52.564,-27.689],[-52.501,-27.693],[-52.483,-27.719],[-52.478,-27.682],[-52.447,-27.663]]]}},{"type":"Feature","properties":{"code":"4314779"},"geometry":{"type":"Polygon","coordinates":[[[-52.828,-28.029],[-52.755,-28.037],[-52.724,-28.06],[-52.688,-28.115],[-52.66,-28.123],[-52.654,-28.169],[-52.632,-28.17],[-52.571,-28.124],[-52.531,-28.138],[-52.489,-28.12],[-52.507,-28.036],[-52.544,-27.992],[-52.552,-27.966],[-52.58,-27.945],[-52.609,-27.937],[-52.651,-27.948],[-52.704,-27.912],[-52.738,-27.926],[-52.745,-27.945],[-52.759,-27.969],[-52.8,-27.984],[-52.828,-28.029]]]}},{"type":"Feature","properties":{"code":"4306601"},"geometry":{"type":"Polygon","coordinates":[[[-54.701,-31.436],[-54.652,-31.393],[-54.631,-31.357],[-54.563,-31.369],[-54.556,-31.344],[-54.504,-31.308],[-54.425,-31.302],[-54.411,-31.279],[-54.405,-31.232],[-54.365,-31.2],[-54.32,-31.187],[-54.312,-31.161],[-54.266,-31.162],[-54.169,-31.143],[-54.146,-31.162],[-54.094,-31.126],[-54.097,-31.107],[-53.96,-31.035],[-53.942,-30.981],[-53.989,-30.989],[-54.035,-30.963],[-54.089,-30.96],[-54.136,-30.98],[-54.191,-30.948],[-54.279,-30.933],[-54.34,-30.905],[-54.347,-30.89],[-54.438,-30.89],[-54.449,-30.875],[-54.503,-30.878],[-54.612,-30.779],[-54.629,-30.787],[-54.686,-30.752],[-54.709,-30.759],[-54.723,-30.713],[-54.679,-30.694],[-54.676,-30.65],[-54.69,-30.629],[-54.704,-30.599],[-54.725,-30.599],[-54.733,-30.631],[-54.773,-30.664],[-54.772,-30.687],[-54.849,-30.735],[-54.927,-30.72],[-54.991,-30.731],[-55.011,-30.723],[-55.04,-30.799],[-55.03,-30.853],[-55.048,-30.885],[-55.107,-30.912],[-55.148,-30.981],[-55.116,-31.011],[-55.096,-31.118],[-55.069,-31.156],[-55.082,-31.205],[-55.036,-31.284],[-55.002,-31.269],[-54.983,-31.311],[-54.958,-31.324],[-54.932,-31.385],[-54.9,-31.376],[-54.837,-31.442],[-54.797,-31.43],[-54.739,-31.426],[-54.701,-31.436]]]}},{"type":"Feature","properties":{"code":"4315131"},"geometry":{"type":"Polygon","coordinates":[[[-52.292,-29.164],[-52.285,-29.187],[-52.249,-29.197],[-52.231,-29.193],[-52.174,-29.213],[-52.166,-29.227],[-52.159,-29.214],[-52.167,-29.175],[-52.185,-29.165],[-52.195,-29.117],[-52.212,-29.095],[-52.247,-29.102],[-52.291,-29.13],[-52.292,-29.164]]]}},{"type":"Feature","properties":{"code":"4323309"},"geometry":{"type":"Polygon","coordinates":[[[-51.621,-28.886],[-51.559,-28.88],[-51.533,-28.887],[-51.456,-28.886],[-51.463,-28.856],[-51.494,-28.824],[-51.575,-28.833],[-51.667,-28.835],[-51.65,-28.873],[-51.621,-28.886]]]}},{"type":"Feature","properties":{"code":"4315107"},"geometry":{"type":"Polygon","coordinates":[[[-55.073,-28.01],[-55.08,-27.942],[-55.049,-27.923],[-55.052,-27.852],[-55.091,-27.843],[-55.126,-27.86],[-55.139,-27.895],[-55.172,-27.861],[-55.203,-27.858],[-55.25,-27.914],[-55.278,-27.933],[-55.242,-27.96],[-55.213,-27.953],[-55.168,-27.992],[-55.158,-28.035],[-55.109,-28.033],[-55.073,-28.01]]]}},{"type":"Feature","properties":{"code":"4306932"},"geometry":{"type":"Polygon","coordinates":[[[-54.463,-28.489],[-54.42,-28.521],[-54.407,-28.55],[-54.448,-28.582],[-54.419,-28.61],[-54.438,-28.655],[-54.378,-28.66],[-54.364,-28.637],[-54.316,-28.605],[-54.346,-28.553],[-54.273,-28.484],[-54.306,-28.457],[-54.303,-28.438],[-54.139,-28.466],[-54.149,-28.433],[-54.094,-28.426],[-54.109,-28.374],[-54.133,-28.355],[-54.144,-28.337],[-54.181,-28.33],[-54.224,-28.339],[-54.241,-28.358],[-54.281,-28.357],[-54.344,-28.323],[-54.369,-28.349],[-54.376,-28.37],[-54.375,-28.436],[-54.463,-28.489]]]}},{"type":"Feature","properties":{"code":"4306924"},"geometry":{"type":"Polygon","coordinates":[[[-52.895,-27.751],[-52.896,-27.721],[-52.869,-27.672],[-52.888,-27.629],[-52.919,-27.609],[-52.906,-27.672],[-52.958,-27.686],[-52.946,-27.719],[-52.912,-27.738],[-52.895,-27.751]]]}},{"type":"Feature","properties":{"code":"4306908"},"geometry":{"type":"Polygon","coordinates":[[[-52.865,-30.922],[-52.829,-30.904],[-52.732,-30.895],[-52.674,-30.908],[-52.627,-30.945],[-52.596,-30.953],[-52.552,-30.931],[-52.514,-30.932],[-52.427,-30.915],[-52.419,-30.855],[-52.457,-30.797],[-52.43,-30.698],[-52.443,-30.659],[-52.413,-30.655],[-52.375,-30.687],[-52.336,-30.692],[-52.343,-30.629],[-52.358,-30.612],[-52.453,-30.576],[-52.403,-30.509],[-52.39,-30.472],[-52.356,-30.439],[-52.359,-30.392],[-52.343,-30.359],[-52.402,-30.381],[-52.419,-30.363],[-52.502,-30.362],[-52.505,-30.314],[-52.531,-30.272],[-52.559,-30.285],[-52.555,-30.329],[-52.562,-30.36],[-52.595,-30.346],[-52.622,-30.275],[-52.626,-30.244],[-52.657,-30.209],[-52.671,-30.257],[-52.688,-30.273],[-52.69,-30.341],[-52.727,-30.361],[-52.763,-30.343],[-52.839,-30.334],[-52.881,-30.352],[-52.87,-30.414],[-52.892,-30.45],[-52.884,-30.485],[-52.912,-30.543],[-52.906,-30.574],[-52.929,-30.605],[-52.973,-30.603],[-52.971,-30.655],[-52.989,-30.678],[-52.975,-30.728],[-52.954,-30.733],[-52.961,-30.859],[-52.983,-30.859],[-53.021,-30.92],[-52.922,-30.935],[-52.865,-30.922]]]}},{"type":"Feature","properties":{"code":"4315206"},"geometry":{"type":"Polygon","coordinates":[[[-52.152,-29.088],[-52.09,-29.108],[-52.057,-29.093],[-52.046,-29.058],[-52.049,-29.021],[-52.092,-28.98],[-52.194,-28.968],[-52.228,-28.97],[-52.219,-29.005],[-52.226,-29.038],[-52.205,-29.073],[-52.212,-29.095],[-52.195,-29.117],[-52.152,-29.088]]]}},{"type":"Feature","properties":{"code":"4323358"},"geometry":{"type":"Polygon","coordinates":[[[-52.204,-28.177],[-52.213,-28.193],[-52.194,-28.223],[-52.144,-28.243],[-52.168,-28.189],[-52.124,-28.183],[-52.083,-28.118],[-52.094,-28.098],[-52.085,-28.055],[-52.124,-28.024],[-52.165,-28.074],[-52.181,-28.086],[-52.176,-28.118],[-52.204,-28.177]]]}},{"type":"Feature","properties":{"code":"4307005"},"geometry":{"type":"Polygon","coordinates":[[[-52.149,-27.734],[-52.155,-27.669],[-52.182,-27.664],[-52.186,-27.568],[-52.237,-27.569],[-52.226,-27.51],[-52.239,-27.482],[-52.256,-27.511],[-52.344,-27.509],[-52.342,-27.661],[-52.322,-27.661],[-52.32,-27.721],[-52.333,-27.75],[-52.328,-27.749],[-52.3,-27.747],[-52.283,-27.775],[-52.237,-27.785],[-52.199,-27.75],[-52.149,-27.734]]]}},{"type":"Feature","properties":{"code":"4315172"},"geometry":{"type":"Polygon","coordinates":[[[-51.438,-28.806],[-51.426,-28.738],[-51.445,-28.674],[-51.477,-28.65],[-51.497,-28.667],[-51.531,-28.667],[-51.562,-28.693],[-51.547,-28.744],[-51.534,-28.753],[-51.494,-28.824],[-51.463,-28.856],[-51.465,-28.83],[-51.438,-28.806]]]}},{"type":"Feature","properties":{"code":"4315156"},"geometry":{"type":"Polygon","coordinates":[[[-52.289,-29.288],[-52.243,-29.314],[-52.188,-29.287],[-52.201,-29.243],[-52.249,-29.197],[-52.285,-29.187],[-52.292,-29.164],[-52.343,-29.141],[-52.427,-29.157],[-52.436,-29.214],[-52.417,-29.236],[-52.371,-29.263],[-52.355,-29.262],[-52.289,-29.288]]]}},{"type":"Feature","properties":{"code":"4323200"},"geometry":{"type":"Polygon","coordinates":[[[-52.661,-28.612],[-52.636,-28.586],[-52.645,-28.528],[-52.618,-28.518],[-52.623,-28.491],[-52.589,-28.435],[-52.626,-28.411],[-52.646,-28.442],[-52.693,-28.469],[-52.715,-28.501],[-52.727,-28.549],[-52.76,-28.543],[-52.767,-28.569],[-52.749,-28.598],[-52.763,-28.627],[-52.769,-28.648],[-52.728,-28.685],[-52.695,-28.666],[-52.69,-28.636],[-52.661,-28.612]]]}},{"type":"Feature","properties":{"code":"4315149"},"geometry":{"type":"Polygon","coordinates":[[[-51.178,-29.494],[-51.233,-29.521],[-51.224,-29.547],[-51.205,-29.557],[-51.158,-29.539],[-51.116,-29.544],[-51.112,-29.511],[-51.178,-29.494]]]}},{"type":"Feature","properties":{"code":"4306973"},"geometry":{"type":"Polygon","coordinates":[[[-52.409,-27.858],[-52.356,-27.885],[-52.35,-27.898],[-52.315,-27.894],[-52.278,-27.876],[-52.258,-27.807],[-52.237,-27.785],[-52.283,-27.775],[-52.3,-27.747],[-52.328,-27.749],[-52.327,-27.77],[-52.378,-27.811],[-52.387,-27.85],[-52.409,-27.858]]]}},{"type":"Feature","properties":{"code":"4315008"},"geometry":{"type":"Polygon","coordinates":[[[-54.94,-27.93],[-54.94,-27.911],[-54.891,-27.91],[-54.892,-27.855],[-54.855,-27.876],[-54.828,-27.87],[-54.831,-27.841],[-54.863,-27.834],[-54.853,-27.783],[-54.906,-27.799],[-54.921,-27.818],[-54.953,-27.794],[-55.001,-27.793],[-55.024,-27.794],[-55.058,-27.768],[-55.083,-27.797],[-55.025,-27.835],[-55.052,-27.852],[-55.049,-27.923],[-55.016,-27.925],[-54.988,-27.905],[-54.94,-27.93]]]}},{"type":"Feature","properties":{"code":"4306957"},"geometry":{"type":"Polygon","coordinates":[[[-52.67,-27.579],[-52.663,-27.534],[-52.691,-27.516],[-52.712,-27.485],[-52.701,-27.469],[-52.727,-27.436],[-52.8,-27.496],[-52.747,-27.538],[-52.74,-27.56],[-52.768,-27.585],[-52.734,-27.591],[-52.67,-27.579]]]}},{"type":"Feature","properties":{"code":"4306809"},"geometry":{"type":"Polygon","coordinates":[[[-51.9,-29.296],[-51.866,-29.277],[-51.871,-29.199],[-51.886,-29.171],[-51.897,-29.146],[-51.925,-29.142],[-51.959,-29.155],[-51.993,-29.144],[-52.002,-29.166],[-51.958,-29.202],[-51.965,-29.238],[-51.947,-29.272],[-51.919,-29.292],[-51.9,-29.296]]]}},{"type":"Feature","properties":{"code":"4306767"},"geometry":{"type":"Polygon","coordinates":[[[-51.583,-30.213],[-51.559,-30.203],[-51.539,-30.154],[-51.464,-30.117],[-51.44,-30.095],[-51.37,-30.097],[-51.344,-30.065],[-51.301,-30.054],[-51.273,-30.039],[-51.262,-30.01],[-51.305,-29.95],[-51.35,-29.962],[-51.404,-29.987],[-51.435,-29.983],[-51.45,-30.01],[-51.496,-30.038],[-51.538,-30.049],[-51.6,-30.014],[-51.62,-30.061],[-51.651,-30.08],[-51.688,-30.08],[-51.696,-30.133],[-51.682,-30.183],[-51.635,-30.174],[-51.603,-30.21],[-51.583,-30.213]]]}},{"type":"Feature","properties":{"code":"4315073"},"geometry":{"type":"Polygon","coordinates":[[[-55.001,-27.793],[-54.953,-27.794],[-54.921,-27.818],[-54.906,-27.799],[-54.853,-27.783],[-54.838,-27.785],[-54.822,-27.74],[-54.819,-27.704],[-54.867,-27.69],[-54.903,-27.699],[-54.907,-27.73],[-54.949,-27.779],[-54.978,-27.771],[-55.001,-27.793]]]}},{"type":"Feature","properties":{"code":"4306759"},"geometry":{"type":"Polygon","coordinates":[[[-51.908,-29.108],[-51.926,-29.075],[-51.955,-29.075],[-51.97,-29.039],[-52.021,-29.04],[-52.049,-29.021],[-52.046,-29.058],[-51.993,-29.144],[-51.959,-29.155],[-51.925,-29.142],[-51.897,-29.146],[-51.908,-29.108]]]}},{"type":"Feature","properties":{"code":"4315057"},"geometry":{"type":"Polygon","coordinates":[[[-54.668,-27.646],[-54.632,-27.651],[-54.6,-27.622],[-54.594,-27.598],[-54.637,-27.575],[-54.632,-27.546],[-54.68,-27.527],[-54.672,-27.566],[-54.723,-27.564],[-54.736,-27.58],[-54.668,-27.646]]]}},{"type":"Feature","properties":{"code":"4322558"},"geometry":{"type":"Polygon","coordinates":[[[-51.783,-28.472],[-51.794,-28.465],[-51.884,-28.458],[-51.906,-28.467],[-51.912,-28.484],[-51.876,-28.49],[-51.803,-28.538],[-51.797,-28.532],[-51.781,-28.511],[-51.783,-28.472]]]}},{"type":"Feature","properties":{"code":"4322541"},"geometry":{"type":"Polygon","coordinates":[[[-51.28,-29.405],[-51.226,-29.39],[-51.213,-29.357],[-51.217,-29.337],[-51.267,-29.295],[-51.27,-29.313],[-51.26,-29.351],[-51.282,-29.372],[-51.28,-29.405]]]}},{"type":"Feature","properties":{"code":"4322533"},"geometry":{"type":"Polygon","coordinates":[[[-52.599,-29.738],[-52.595,-29.696],[-52.614,-29.654],[-52.62,-29.581],[-52.617,-29.523],[-52.681,-29.527],[-52.68,-29.5],[-52.688,-29.464],[-52.722,-29.433],[-52.773,-29.444],[-52.798,-29.495],[-52.751,-29.504],[-52.736,-29.547],[-52.764,-29.603],[-52.74,-29.62],[-52.742,-29.65],[-52.709,-29.663],[-52.692,-29.713],[-52.599,-29.738]]]}},{"type":"Feature","properties":{"code":"4322525"},"geometry":{"type":"Polygon","coordinates":[[[-52.105,-29.946],[-52.07,-29.933],[-52.033,-29.957],[-52.018,-29.938],[-52.055,-29.923],[-52.042,-29.893],[-52.059,-29.814],[-52.014,-29.736],[-52.037,-29.704],[-52.058,-29.726],[-52.12,-29.724],[-52.136,-29.749],[-52.186,-29.758],[-52.233,-29.775],[-52.178,-29.827],[-52.195,-29.914],[-52.18,-29.933],[-52.141,-29.925],[-52.105,-29.946]]]}},{"type":"Feature","properties":{"code":"4322509"},"geometry":{"type":"Polygon","coordinates":[[[-50.958,-28.79],[-50.955,-28.775],[-50.909,-28.735],[-50.892,-28.7],[-50.913,-28.662],[-50.871,-28.609],[-50.864,-28.573],[-50.828,-28.553],[-50.786,-28.558],[-50.773,-28.583],[-50.727,-28.6],[-50.738,-28.557],[-50.738,-28.51],[-50.713,-28.435],[-50.722,-28.389],[-50.709,-28.363],[-50.739,-28.322],[-50.749,-28.248],[-50.761,-28.195],[-50.783,-28.176],[-50.794,-28.139],[-50.818,-28.141],[-50.837,-28.119],[-50.859,-28.14],[-50.876,-28.095],[-50.899,-28.09],[-50.875,-28.041],[-50.923,-28.012],[-50.924,-27.972],[-50.978,-27.948],[-51.002,-27.963],[-50.994,-27.991],[-51.023,-28.019],[-51.039,-28.069],[-51.041,-28.151],[-51.062,-28.184],[-51.023,-28.216],[-51.058,-28.235],[-51.081,-28.233],[-51.062,-28.254],[-51.063,-28.319],[-51.038,-28.376],[-51.084,-28.415],[-51.102,-28.459],[-51.156,-28.475],[-51.133,-28.493],[-51.152,-28.565],[-51.118,-28.556],[-51.071,-28.621],[-51.025,-28.624],[-51.016,-28.682],[-50.998,-28.736],[-50.975,-28.745],[-50.978,-28.781],[-50.958,-28.79]]]}},{"type":"Feature","properties":{"code":"4322608"},"geometry":{"type":"Polygon","coordinates":[[[-51.954,-29.713],[-51.982,-29.66],[-51.97,-29.634],[-52.009,-29.625],[-52.033,-29.596],[-52.101,-29.549],[-52.148,-29.564],[-52.167,-29.546],[-52.156,-29.477],[-52.218,-29.455],[-52.25,-29.448],[-52.284,-29.414],[-52.345,-29.378],[-52.377,-29.358],[-52.443,-29.346],[-52.462,-29.373],[-52.435,-29.378],[-52.391,-29.375],[-52.353,-29.429],[-52.357,-29.465],[-52.347,-29.505],[-52.331,-29.518],[-52.314,-29.666],[-52.299,-29.675],[-52.26,-29.702],[-52.21,-29.666],[-52.172,-29.677],[-52.156,-29.704],[-52.12,-29.724],[-52.058,-29.726],[-52.037,-29.704],[-51.962,-29.735],[-51.943,-29.759],[-51.954,-29.713]]]}},{"type":"Feature","properties":{"code":"4306130"},"geometry":{"type":"Polygon","coordinates":[[[-52.574,-27.681],[-52.559,-27.679],[-52.557,-27.603],[-52.62,-27.583],[-52.67,-27.579],[-52.734,-27.591],[-52.767,-27.609],[-52.74,-27.626],[-52.691,-27.651],[-52.67,-27.685],[-52.574,-27.681]]]}},{"type":"Feature","properties":{"code":"4314423"},"geometry":{"type":"Polygon","coordinates":[[[-51.112,-29.511],[-51.106,-29.477],[-51.063,-29.468],[-51.013,-29.476],[-51.008,-29.446],[-51.042,-29.439],[-51.087,-29.45],[-51.097,-29.41],[-51.127,-29.413],[-51.134,-29.437],[-51.169,-29.439],[-51.178,-29.494],[-51.112,-29.511]]]}},{"type":"Feature","properties":{"code":"4314407"},"geometry":{"type":"Polygon","coordinates":[[[-52.224,-31.789],[-52.226,-31.752],[-52.152,-31.699],[-52.104,-31.685],[-52.031,-31.692],[-52.014,-31.597],[-52.038,-31.587],[-52.04,-31.56],[-52.088,-31.55],[-52.12,-31.565],[-52.174,-31.519],[-52.173,-31.498],[-52.214,-31.48],[-52.238,-31.445],[-52.289,-31.475],[-52.309,-31.44],[-52.291,-31.428],[-52.277,-31.39],[-52.293,-31.368],[-52.386,-31.352],[-52.423,-31.336],[-52.479,-31.322],[-52.501,-31.328],[-52.612,-31.504],[-52.548,-31.559],[-52.589,-31.608],[-52.57,-31.666],[-52.579,-31.682],[-52.54,-31.688],[-52.503,-31.707],[-52.427,-31.733],[-52.373,-31.8],[-52.305,-31.774],[-52.224,-31.789]],[[-52.41,-31.506],[-52.443,-31.45],[-52.491,-31.45],[-52.482,-31.427],[-52.446,-31.417],[-52.436,-31.395],[-52.377,-31.391],[-52.348,-31.372],[-52.338,-31.41],[-52.35,-31.506],[-52.41,-31.506]]]}},{"type":"Feature","properties":{"code":"4306205"},"geometry":{"type":"Polygon","coordinates":[[[-52.101,-29.549],[-52.033,-29.596],[-52.009,-29.625],[-51.97,-29.634],[-51.952,-29.609],[-52.0,-29.584],[-51.975,-29.531],[-51.969,-29.497],[-52.048,-29.469],[-52.053,-29.485],[-52.142,-29.484],[-52.107,-29.498],[-52.101,-29.549]]]}},{"type":"Feature","properties":{"code":"4322400"},"geometry":{"type":"Polygon","coordinates":[[[-56.15,-30.055],[-56.156,-30.033],[-56.185,-30.001],[-56.245,-29.977],[-56.247,-29.958],[-56.278,-29.932],[-56.316,-29.86],[-56.351,-29.849],[-56.372,-29.81],[-56.371,-29.744],[-56.395,-29.722],[-56.4,-29.693],[-56.362,-29.67],[-56.383,-29.626],[-56.378,-29.589],[-56.408,-29.572],[-56.423,-29.543],[-56.457,-29.531],[-56.47,-29.47],[-56.521,-29.471],[-56.536,-29.454],[-56.627,-29.441],[-56.66,-29.423],[-56.703,-29.4],[-56.78,-29.42],[-56.822,-29.49],[-56.902,-29.534],[-56.968,-29.602],[-56.971,-29.643],[-57.001,-29.652],[-57.021,-29.683],[-57.132,-29.77],[-57.172,-29.781],[-57.235,-29.781],[-57.298,-29.835],[-57.33,-29.888],[-57.328,-29.972],[-57.281,-29.953],[-57.243,-30.005],[-57.185,-30.043],[-57.136,-30.064],[-57.115,-30.114],[-57.078,-30.091],[-57.045,-30.106],[-57.024,-30.087],[-56.984,-30.087],[-56.956,-30.101],[-56.85,-30.089],[-56.805,-30.106],[-56.78,-30.127],[-56.784,-30.151],[-56.73,-30.172],[-56.696,-30.205],[-56.658,-30.201],[-56.625,-30.183],[-56.6,-30.148],[-56.547,-30.134],[-56.513,-30.159],[-56.44,-30.137],[-56.406,-30.116],[-56.321,-30.12],[-56.28,-30.114],[-56.231,-30.092],[-56.182,-30.086],[-56.15,-30.055]]]}},{"type":"Feature","properties":{"code":"4314209"},"geometry":{"type":"Polygon","coordinates":[[[-53.124,-32.003],[-53.043,-32.003],[-53.028,-32.021],[-52.971,-32.032],[-52.858,-32.042],[-52.809,-32.071],[-52.781,-32.063],[-52.663,-31.901],[-52.665,-31.9],[-52.708,-31.87],[-52.774,-31.873],[-52.826,-31.858],[-52.878,-31.884],[-52.918,-31.888],[-52.96,-31.904],[-53.046,-31.915],[-53.101,-31.962],[-53.124,-32.003]]]}},{"type":"Feature","properties":{"code":"4322376"},"geometry":{"type":"Polygon","coordinates":[[[-55.293,-28.991],[-55.279,-29.01],[-55.273,-29.088],[-55.284,-29.108],[-55.268,-29.141],[-55.278,-29.181],[-55.313,-29.205],[-55.278,-29.211],[-55.242,-29.189],[-55.211,-29.189],[-55.19,-29.21],[-55.132,-29.198],[-55.067,-29.138],[-55.03,-29.076],[-54.989,-29.055],[-54.996,-29.018],[-55.017,-29.015],[-55.073,-28.932],[-55.102,-28.955],[-55.132,-28.946],[-55.197,-28.957],[-55.227,-28.985],[-55.32,-28.954],[-55.293,-28.991]]]}},{"type":"Feature","properties":{"code":"4306007"},"geometry":{"type":"Polygon","coordinates":[[[-54.072,-27.576],[-54.046,-27.581],[-53.992,-27.522],[-53.981,-27.524],[-53.974,-27.514],[-54.021,-27.479],[-54.038,-27.452],[-54.094,-27.448],[-54.148,-27.42],[-54.184,-27.412],[-54.217,-27.385],[-54.267,-27.404],[-54.286,-27.448],[-54.261,-27.467],[-54.258,-27.499],[-54.236,-27.529],[-54.199,-27.559],[-54.138,-27.564],[-54.071,-27.551],[-54.072,-27.576]]]}},{"type":"Feature","properties":{"code":"4314308"},"geometry":{"type":"Polygon","coordinates":[[[-53.46,-28.491],[-53.495,-28.477],[-53.481,-28.441],[-53.483,-28.391],[-53.546,-28.376],[-53.569,-28.397],[-53.61,-28.381],[-53.66,-28.319],[-53.683,-28.392],[-53.748,-28.42],[-53.759,-28.437],[-53.723,-28.479],[-53.706,-28.481],[-53.61,-28.526],[-53.573,-28.526],[-53.513,-28.571],[-53.464,-28.554],[-53.449,-28.511],[-53.46,-28.491]]]}},{"type":"Feature","properties":{"code":"4306106"},"geometry":{"type":"Polygon","coordinates":[[[-53.568,-28.954],[-53.546,-28.883],[-53.554,-28.843],[-53.586,-28.793],[-53.578,-28.762],[-53.547,-28.744],[-53.514,-28.774],[-53.464,-28.737],[-53.434,-28.756],[-53.408,-28.751],[-53.4,-28.781],[-53.364,-28.774],[-53.331,-28.786],[-53.319,-28.757],[-53.291,-28.726],[-53.261,-28.73],[-53.265,-28.711],[-53.241,-28.682],[-53.305,-28.637],[-53.339,-28.604],[-53.411,-28.603],[-53.42,-28.59],[-53.431,-28.566],[-53.464,-28.554],[-53.513,-28.571],[-53.573,-28.526],[-53.61,-28.526],[-53.706,-28.481],[-53.695,-28.51],[-53.781,-28.55],[-53.748,-28.573],[-53.717,-28.638],[-53.739,-28.655],[-53.722,-28.709],[-53.738,-28.717],[-53.745,-28.759],[-53.775,-28.796],[-53.796,-28.803],[-53.764,-28.861],[-53.734,-28.865],[-53.683,-28.901],[-53.668,-28.938],[-53.636,-28.947],[-53.606,-28.939],[-53.568,-28.954]]]}},{"type":"Feature","properties":{"code":"4306072"},"geometry":{"type":"Polygon","coordinates":[[[-53.288,-27.396],[-53.309,-27.429],[-53.274,-27.481],[-53.247,-27.496],[-53.207,-27.453],[-53.183,-27.409],[-53.202,-27.413],[-53.262,-27.374],[-53.288,-27.396]]]}},{"type":"Feature","properties":{"code":"4322806"},"geometry":{"type":"Polygon","coordinates":[[[-51.63,-29.02],[-51.634,-29.044],[-51.557,-29.046],[-51.504,-29.082],[-51.498,-29.054],[-51.513,-29.025],[-51.477,-29.019],[-51.464,-28.925],[-51.456,-28.886],[-51.533,-28.887],[-51.559,-28.88],[-51.621,-28.886],[-51.646,-28.891],[-51.694,-28.932],[-51.627,-28.927],[-51.618,-28.983],[-51.63,-29.02]]]}},{"type":"Feature","properties":{"code":"4306056"},"geometry":{"type":"Polygon","coordinates":[[[-51.79,-31.125],[-51.817,-31.048],[-51.81,-31.03],[-51.854,-31.005],[-51.882,-30.912],[-51.942,-30.943],[-51.975,-30.923],[-52.032,-30.916],[-52.066,-30.923],[-52.1,-30.909],[-52.208,-30.905],[-52.249,-30.884],[-52.244,-30.928],[-52.255,-30.959],[-52.245,-30.984],[-52.142,-31.006],[-52.118,-31.018],[-52.136,-31.049],[-52.114,-31.075],[-52.09,-31.145],[-52.055,-31.159],[-52.016,-31.141],[-52.017,-31.111],[-51.964,-31.103],[-51.932,-31.052],[-51.879,-31.038],[-51.86,-31.072],[-51.818,-31.121],[-51.79,-31.125]]]}},{"type":"Feature","properties":{"code":"4314605"},"geometry":{"type":"Polygon","coordinates":[[[-53.164,-31.024],[-53.192,-31.086],[-53.218,-31.107],[-53.236,-31.152],[-53.282,-31.152],[-53.341,-31.204],[-53.347,-31.256],[-53.387,-31.315],[-53.384,-31.358],[-53.356,-31.399],[-53.278,-31.429],[-53.292,-31.464],[-53.287,-31.49],[-53.232,-31.501],[-53.199,-31.522],[-53.224,-31.551],[-53.242,-31.59],[-53.269,-31.621],[-53.307,-31.637],[-53.332,-31.708],[-53.33,-31.746],[-53.303,-31.815],[-53.258,-31.844],[-53.268,-31.864],[-53.239,-31.886],[-53.185,-31.881],[-53.158,-31.891],[-53.102,-31.869],[-53.049,-31.884],[-53.021,-31.87],[-52.936,-31.864],[-52.918,-31.888],[-52.878,-31.884],[-52.826,-31.858],[-52.867,-31.808],[-52.868,-31.772],[-52.901,-31.723],[-52.903,-31.672],[-52.94,-31.645],[-52.929,-31.611],[-52.991,-31.559],[-52.959,-31.446],[-52.937,-31.437],[-52.918,-31.398],[-52.935,-31.385],[-52.907,-31.317],[-52.921,-31.246],[-52.909,-31.225],[-52.923,-31.178],[-52.931,-31.069],[-52.915,-31.057],[-52.906,-31.012],[-52.874,-30.961],[-52.865,-30.922],[-52.922,-30.935],[-53.021,-30.92],[-53.023,-30.986],[-53.083,-30.968],[-53.126,-30.986],[-53.124,-31.015],[-53.164,-31.024]]]}},{"type":"Feature","properties":{"code":"4306429"},"geometry":{"type":"Polygon","coordinates":[[[-53.392,-27.691],[-53.401,-27.62],[-53.431,-27.635],[-53.471,-27.631],[-53.497,-27.605],[-53.563,-27.607],[-53.571,-27.617],[-53.587,-27.638],[-53.58,-27.681],[-53.581,-27.712],[-53.56,-27.744],[-53.489,-27.738],[-53.46,-27.756],[-53.429,-27.728],[-53.42,-27.692],[-53.392,-27.691]]]}},{"type":"Feature","properties":{"code":"4306403"},"geometry":{"type":"Polygon","coordinates":[[[-51.098,-29.644],[-51.062,-29.647],[-51.056,-29.616],[-51.046,-29.561],[-51.118,-29.551],[-51.13,-29.639],[-51.098,-29.644]]]}},{"type":"Feature","properties":{"code":"4306379"},"geometry":{"type":"Polygon","coordinates":[[[-54.329,-29.927],[-54.299,-29.934],[-54.256,-29.907],[-54.166,-29.928],[-54.106,-29.926],[-54.074,-29.911],[-54.04,-29.917],[-54.077,-29.876],[-54.03,-29.87],[-54.002,-29.849],[-53.968,-29.797],[-54.025,-29.767],[-54.059,-29.773],[-54.09,-29.763],[-54.086,-29.724],[-54.132,-29.686],[-54.252,-29.693],[-54.305,-29.737],[-54.265,-29.815],[-54.287,-29.861],[-54.317,-29.889],[-54.329,-29.927]]]}},{"type":"Feature","properties":{"code":"4322855"},"geometry":{"type":"Polygon","coordinates":[[[-51.78,-29.094],[-51.808,-29.082],[-51.814,-29.015],[-51.918,-29.023],[-51.926,-29.075],[-51.908,-29.108],[-51.863,-29.116],[-51.831,-29.097],[-51.801,-29.116],[-51.78,-29.094]]]}},{"type":"Feature","properties":{"code":"4306502"},"geometry":{"type":"Polygon","coordinates":[[[-52.336,-30.692],[-52.316,-30.733],[-52.259,-30.799],[-52.24,-30.757],[-52.19,-30.764],[-52.178,-30.819],[-52.156,-30.863],[-52.12,-30.884],[-52.116,-30.848],[-52.098,-30.84],[-52.088,-30.789],[-52.062,-30.738],[-52.018,-30.73],[-51.983,-30.699],[-51.979,-30.66],[-51.972,-30.638],[-52.001,-30.596],[-51.982,-30.576],[-52.057,-30.51],[-52.08,-30.511],[-52.159,-30.443],[-52.213,-30.448],[-52.235,-30.433],[-52.29,-30.347],[-52.343,-30.359],[-52.359,-30.392],[-52.356,-30.439],[-52.39,-30.472],[-52.403,-30.509],[-52.453,-30.576],[-52.358,-30.612],[-52.343,-30.629],[-52.336,-30.692]]]}},{"type":"Feature","properties":{"code":"4306452"},"geometry":{"type":"Polygon","coordinates":[[[-51.914,-28.948],[-51.929,-28.99],[-51.918,-29.023],[-51.814,-29.015],[-51.76,-28.997],[-51.778,-28.97],[-51.781,-28.938],[-51.781,-28.936],[-51.89,-28.933],[-51.914,-28.948]]]}},{"type":"Feature","properties":{"code":"4314498"},"geometry":{"type":"Polygon","coordinates":[[[-53.554,-27.238],[-53.576,-27.203],[-53.6,-27.189],[-53.631,-27.213],[-53.651,-27.21],[-53.651,-27.177],[-53.686,-27.164],[-53.718,-27.183],[-53.707,-27.198],[-53.709,-27.215],[-53.64,-27.261],[-53.613,-27.285],[-53.561,-27.245],[-53.554,-27.238]]]}},{"type":"Feature","properties":{"code":"4306304"},"geometry":{"type":"Polygon","coordinates":[[[-51.716,-28.369],[-51.786,-28.382],[-51.833,-28.357],[-51.877,-28.379],[-51.907,-28.412],[-51.906,-28.467],[-51.884,-28.458],[-51.794,-28.465],[-51.783,-28.472],[-51.76,-28.449],[-51.723,-28.436],[-51.705,-28.378],[-51.716,-28.369]]]}},{"type":"Feature","properties":{"code":"4314472"},"geometry":{"type":"Polygon","coordinates":[[[-53.439,-29.339],[-53.417,-29.352],[-53.367,-29.357],[-53.347,-29.378],[-53.332,-29.419],[-53.313,-29.438],[-53.238,-29.412],[-53.22,-29.37],[-53.231,-29.35],[-53.23,-29.309],[-53.246,-29.297],[-53.211,-29.264],[-53.247,-29.24],[-53.245,-29.194],[-53.267,-29.191],[-53.284,-29.195],[-53.33,-29.17],[-53.351,-29.19],[-53.373,-29.179],[-53.434,-29.182],[-53.461,-29.207],[-53.465,-29.252],[-53.447,-29.287],[-53.468,-29.304],[-53.439,-29.339]]]}},{"type":"Feature","properties":{"code":"4314464"},"geometry":{"type":"Polygon","coordinates":[[[-51.053,-27.869],[-51.098,-27.827],[-51.121,-27.833],[-51.135,-27.804],[-51.16,-27.802],[-51.188,-27.778],[-51.272,-27.752],[-51.273,-27.735],[-51.309,-27.72],[-51.3,-27.754],[-51.33,-27.751],[-51.331,-27.786],[-51.363,-27.799],[-51.378,-27.849],[-51.359,-27.863],[-51.32,-27.875],[-51.267,-27.86],[-51.252,-27.903],[-51.263,-27.942],[-51.24,-27.98],[-51.167,-27.958],[-51.143,-27.936],[-51.057,-27.887],[-51.053,-27.869]]]}},{"type":"Feature","properties":{"code":"4314456"},"geometry":{"type":"Polygon","coordinates":[[[-53.276,-27.518],[-53.255,-27.581],[-53.231,-27.579],[-53.228,-27.561],[-53.182,-27.535],[-53.195,-27.52],[-53.207,-27.487],[-53.247,-27.496],[-53.274,-27.481],[-53.276,-27.518]]]}},{"type":"Feature","properties":{"code":"4314555"},"geometry":{"type":"Polygon","coordinates":[[[-55.112,-28.076],[-55.151,-28.045],[-55.174,-28.054],[-55.219,-28.002],[-55.34,-27.966],[-55.387,-27.986],[-55.376,-28.035],[-55.322,-28.054],[-55.314,-28.077],[-55.25,-28.1],[-55.252,-28.124],[-55.22,-28.147],[-55.19,-28.151],[-55.146,-28.187],[-55.127,-28.163],[-55.151,-28.102],[-55.112,-28.076]]]}},{"type":"Feature","properties":{"code":"4314548"},"geometry":{"type":"Polygon","coordinates":[[[-51.504,-29.082],[-51.497,-29.107],[-51.458,-29.169],[-51.423,-29.156],[-51.412,-29.127],[-51.422,-29.06],[-51.441,-29.059],[-51.461,-29.019],[-51.477,-29.019],[-51.513,-29.025],[-51.498,-29.054],[-51.504,-29.082]]]}},{"type":"Feature","properties":{"code":"4322707"},"geometry":{"type":"Polygon","coordinates":[[[-52.581,-29.794],[-52.544,-29.833],[-52.505,-29.839],[-52.51,-29.873],[-52.478,-29.875],[-52.474,-29.834],[-52.487,-29.802],[-52.473,-29.747],[-52.472,-29.694],[-52.511,-29.622],[-52.564,-29.584],[-52.62,-29.581],[-52.614,-29.654],[-52.595,-29.696],[-52.599,-29.738],[-52.574,-29.771],[-52.581,-29.794]]]}},{"type":"Feature","properties":{"code":"4306353"},"geometry":{"type":"Polygon","coordinates":[[[-55.057,-28.322],[-55.026,-28.295],[-54.995,-28.248],[-55.037,-28.216],[-55.024,-28.176],[-55.034,-28.139],[-55.07,-28.113],[-55.088,-28.127],[-55.112,-28.076],[-55.151,-28.102],[-55.127,-28.163],[-55.146,-28.187],[-55.131,-28.209],[-55.139,-28.253],[-55.081,-28.289],[-55.057,-28.322]]]}},{"type":"Feature","properties":{"code":"4314506"},"geometry":{"type":"Polygon","coordinates":[[[-53.268,-31.864],[-53.258,-31.844],[-53.303,-31.815],[-53.33,-31.746],[-53.332,-31.708],[-53.307,-31.637],[-53.269,-31.621],[-53.242,-31.59],[-53.224,-31.551],[-53.199,-31.522],[-53.232,-31.501],[-53.287,-31.49],[-53.292,-31.464],[-53.278,-31.429],[-53.356,-31.399],[-53.384,-31.358],[-53.387,-31.315],[-53.347,-31.256],[-53.341,-31.204],[-53.282,-31.152],[-53.236,-31.152],[-53.218,-31.107],[-53.192,-31.086],[-53.164,-31.024],[-53.226,-30.992],[-53.264,-31.01],[-53.359,-30.979],[-53.385,-30.988],[-53.418,-30.965],[-53.443,-30.964],[-53.459,-31.022],[-53.489,-31.036],[-53.481,-31.116],[-53.502,-31.156],[-53.53,-31.242],[-53.555,-31.237],[-53.569,-31.272],[-53.604,-31.289],[-53.606,-31.312],[-53.651,-31.338],[-53.615,-31.385],[-53.577,-31.389],[-53.561,-31.407],[-53.573,-31.442],[-53.602,-31.46],[-53.578,-31.537],[-53.623,-31.605],[-53.606,-31.635],[-53.574,-31.634],[-53.518,-31.653],[-53.5,-31.674],[-53.499,-31.751],[-53.468,-31.778],[-53.443,-31.839],[-53.331,-31.84],[-53.268,-31.864]]]}},{"type":"Feature","properties":{"code":"4306320"},"geometry":{"type":"Polygon","coordinates":[[[-53.906,-27.333],[-53.823,-27.32],[-53.787,-27.303],[-53.77,-27.262],[-53.785,-27.213],[-53.82,-27.176],[-53.837,-27.168],[-53.864,-27.126],[-53.879,-27.128],[-53.898,-27.17],[-53.917,-27.175],[-53.947,-27.151],[-53.96,-27.195],[-54.008,-27.198],[-54.028,-27.255],[-54.055,-27.264],[-54.026,-27.28],[-53.998,-27.263],[-53.959,-27.302],[-53.918,-27.323],[-53.906,-27.333]]]}},{"type":"Feature","properties":{"code":"4322004"},"geometry":{"type":"Polygon","coordinates":[[[-51.727,-29.947],[-51.628,-29.946],[-51.507,-29.927],[-51.462,-29.949],[-51.435,-29.983],[-51.404,-29.987],[-51.35,-29.962],[-51.305,-29.95],[-51.267,-29.935],[-51.305,-29.932],[-51.329,-29.908],[-51.368,-29.889],[-51.354,-29.846],[-51.366,-29.837],[-51.438,-29.844],[-51.452,-29.829],[-51.492,-29.823],[-51.522,-29.781],[-51.587,-29.776],[-51.566,-29.737],[-51.642,-29.636],[-51.659,-29.644],[-51.696,-29.672],[-51.724,-29.716],[-51.719,-29.743],[-51.758,-29.792],[-51.758,-29.819],[-51.716,-29.861],[-51.75,-29.888],[-51.727,-29.947]]]}},{"type":"Feature","properties":{"code":"4313805"},"geometry":{"type":"Polygon","coordinates":[[[-53.532,-27.387],[-53.512,-27.366],[-53.538,-27.337],[-53.547,-27.271],[-53.561,-27.245],[-53.613,-27.285],[-53.64,-27.261],[-53.663,-27.316],[-53.642,-27.342],[-53.649,-27.354],[-53.551,-27.394],[-53.532,-27.387]]]}},{"type":"Feature","properties":{"code":"4322103"},"geometry":{"type":"Polygon","coordinates":[[[-54.285,-27.675],[-54.325,-27.672],[-54.374,-27.645],[-54.381,-27.614],[-54.405,-27.591],[-54.399,-27.57],[-54.424,-27.547],[-54.444,-27.58],[-54.484,-27.602],[-54.548,-27.614],[-54.567,-27.631],[-54.539,-27.655],[-54.469,-27.662],[-54.446,-27.683],[-54.443,-27.707],[-54.421,-27.702],[-54.364,-27.691],[-54.325,-27.694],[-54.285,-27.675]]]}},{"type":"Feature","properties":{"code":"4313904"},"geometry":{"type":"Polygon","coordinates":[[[-53.66,-28.319],[-53.61,-28.381],[-53.569,-28.397],[-53.546,-28.376],[-53.483,-28.391],[-53.481,-28.441],[-53.495,-28.477],[-53.46,-28.491],[-53.411,-28.43],[-53.418,-28.412],[-53.373,-28.387],[-53.401,-28.242],[-53.536,-28.226],[-53.639,-28.27],[-53.641,-28.258],[-53.659,-28.282],[-53.705,-28.28],[-53.713,-28.298],[-53.668,-28.301],[-53.66,-28.319]]]}},{"type":"Feature","properties":{"code":"4305702"},"geometry":{"type":"Polygon","coordinates":[[[-53.62,-28.146],[-53.621,-28.206],[-53.637,-28.224],[-53.641,-28.258],[-53.639,-28.27],[-53.536,-28.226],[-53.401,-28.242],[-53.349,-28.241],[-53.312,-28.195],[-53.35,-28.155],[-53.353,-28.129],[-53.403,-28.136],[-53.418,-28.116],[-53.412,-28.087],[-53.455,-28.078],[-53.476,-28.088],[-53.507,-28.147],[-53.527,-28.066],[-53.586,-28.039],[-53.623,-28.093],[-53.62,-28.146]]]}},{"type":"Feature","properties":{"code":"4321907"},"geometry":{"type":"Polygon","coordinates":[[[-53.827,-27.489],[-53.826,-27.439],[-53.847,-27.415],[-53.874,-27.405],[-53.906,-27.333],[-53.918,-27.323],[-53.936,-27.355],[-53.979,-27.39],[-54.025,-27.4],[-54.014,-27.42],[-54.038,-27.452],[-54.021,-27.479],[-53.974,-27.514],[-53.981,-27.524],[-53.922,-27.519],[-53.906,-27.53],[-53.861,-27.499],[-53.827,-27.489]]]}},{"type":"Feature","properties":{"code":"4313706"},"geometry":{"type":"Polygon","coordinates":[[[-53.586,-28.039],[-53.527,-28.066],[-53.507,-28.147],[-53.476,-28.088],[-53.455,-28.078],[-53.412,-28.087],[-53.418,-28.116],[-53.403,-28.136],[-53.353,-28.129],[-53.35,-28.155],[-53.312,-28.195],[-53.291,-28.172],[-53.256,-28.164],[-53.249,-28.142],[-53.288,-28.11],[-53.302,-28.081],[-53.209,-28.074],[-53.191,-28.045],[-53.229,-28.035],[-53.238,-28.003],[-53.193,-27.994],[-53.211,-27.966],[-53.178,-27.914],[-53.119,-27.863],[-53.114,-27.836],[-53.156,-27.826],[-53.192,-27.829],[-53.203,-27.803],[-53.268,-27.838],[-53.292,-27.755],[-53.326,-27.8],[-53.368,-27.8],[-53.362,-27.775],[-53.392,-27.757],[-53.392,-27.691],[-53.42,-27.692],[-53.429,-27.728],[-53.46,-27.756],[-53.489,-27.738],[-53.56,-27.744],[-53.543,-27.781],[-53.512,-27.817],[-53.546,-27.894],[-53.594,-27.914],[-53.624,-27.945],[-53.619,-27.982],[-53.568,-28.001],[-53.586,-28.039]]]}},{"type":"Feature","properties":{"code":"4305504"},"geometry":{"type":"Polygon","coordinates":[[[-51.991,-28.439],[-51.927,-28.476],[-51.92,-28.494],[-51.912,-28.484],[-51.906,-28.467],[-51.907,-28.412],[-51.877,-28.379],[-51.833,-28.357],[-51.818,-28.338],[-51.832,-28.29],[-51.858,-28.252],[-51.884,-28.261],[-51.914,-28.241],[-51.946,-28.244],[-51.968,-28.278],[-52.02,-28.303],[-51.964,-28.331],[-51.968,-28.366],[-51.991,-28.439]]]}},{"type":"Feature","properties":{"code":"4321956"},"geometry":{"type":"Polygon","coordinates":[[[-52.819,-27.503],[-52.866,-27.471],[-52.904,-27.467],[-52.972,-27.486],[-53.017,-27.462],[-53.035,-27.454],[-53.023,-27.519],[-53.049,-27.53],[-53.007,-27.562],[-52.963,-27.581],[-52.892,-27.549],[-52.844,-27.564],[-52.82,-27.597],[-52.768,-27.585],[-52.74,-27.56],[-52.747,-27.538],[-52.8,-27.496],[-52.819,-27.503]]]}},{"type":"Feature","properties":{"code":"4305603"},"geometry":{"type":"Polygon","coordinates":[[[-53.079,-28.492],[-53.046,-28.548],[-53.018,-28.563],[-53.017,-28.589],[-52.962,-28.577],[-52.927,-28.585],[-52.921,-28.54],[-52.946,-28.496],[-52.927,-28.402],[-52.94,-28.38],[-52.955,-28.334],[-53.002,-28.368],[-53.008,-28.384],[-53.058,-28.397],[-53.048,-28.426],[-53.079,-28.492]]]}},{"type":"Feature","properties":{"code":"4305587"},"geometry":{"type":"Polygon","coordinates":[[[-51.95,-29.416],[-51.933,-29.426],[-51.842,-29.424],[-51.798,-29.39],[-51.84,-29.38],[-51.839,-29.344],[-51.909,-29.352],[-51.874,-29.387],[-51.909,-29.417],[-51.95,-29.416]]]}},{"type":"Feature","properties":{"code":"4322301"},"geometry":{"type":"Polygon","coordinates":[[[-54.594,-27.793],[-54.553,-27.788],[-54.543,-27.757],[-54.506,-27.765],[-54.471,-27.791],[-54.457,-27.784],[-54.434,-27.714],[-54.443,-27.707],[-54.446,-27.683],[-54.469,-27.662],[-54.539,-27.655],[-54.567,-27.631],[-54.564,-27.604],[-54.594,-27.598],[-54.6,-27.622],[-54.632,-27.651],[-54.668,-27.646],[-54.67,-27.686],[-54.632,-27.764],[-54.594,-27.793]]]}},{"type":"Feature","properties":{"code":"4314100"},"geometry":{"type":"Polygon","coordinates":[[[-52.444,-28.404],[-52.421,-28.405],[-52.373,-28.377],[-52.342,-28.394],[-52.295,-28.389],[-52.31,-28.361],[-52.282,-28.335],[-52.259,-28.366],[-52.214,-28.353],[-52.244,-28.331],[-52.281,-28.323],[-52.305,-28.302],[-52.267,-28.241],[-52.277,-28.228],[-52.303,-28.192],[-52.336,-28.201],[-52.411,-28.175],[-52.465,-28.168],[-52.489,-28.12],[-52.531,-28.138],[-52.571,-28.124],[-52.632,-28.17],[-52.638,-28.191],[-52.608,-28.206],[-52.608,-28.234],[-52.673,-28.27],[-52.634,-28.301],[-52.59,-28.31],[-52.601,-28.333],[-52.557,-28.322],[-52.531,-28.339],[-52.508,-28.373],[-52.51,-28.405],[-52.469,-28.388],[-52.444,-28.404]]]}},{"type":"Feature","properties":{"code":"4322251"},"geometry":{"type":"Polygon","coordinates":[[[-51.396,-29.525],[-51.388,-29.503],[-51.404,-29.433],[-51.435,-29.432],[-51.473,-29.438],[-51.455,-29.471],[-51.457,-29.496],[-51.453,-29.502],[-51.437,-29.518],[-51.396,-29.525]]]}},{"type":"Feature","properties":{"code":"4314076"},"geometry":{"type":"Polygon","coordinates":[[[-52.299,-29.675],[-52.335,-29.729],[-52.304,-29.809],[-52.314,-29.835],[-52.306,-29.872],[-52.27,-29.866],[-52.254,-29.85],[-52.178,-29.827],[-52.233,-29.775],[-52.186,-29.758],[-52.136,-29.749],[-52.12,-29.724],[-52.156,-29.704],[-52.172,-29.677],[-52.21,-29.666],[-52.26,-29.702],[-52.299,-29.675]]]}},{"type":"Feature","properties":{"code":"4305900"},"geometry":{"type":"Polygon","coordinates":[[[-53.78,-27.755],[-53.748,-27.769],[-53.723,-27.845],[-53.691,-27.877],[-53.688,-27.93],[-53.66,-27.929],[-53.624,-27.945],[-53.594,-27.914],[-53.546,-27.894],[-53.512,-27.817],[-53.543,-27.781],[-53.56,-27.744],[-53.581,-27.712],[-53.58,-27.681],[-53.632,-27.709],[-53.689,-27.673],[-53.734,-27.662],[-53.745,-27.656],[-53.769,-27.68],[-53.774,-27.707],[-53.759,-27.755],[-53.78,-27.755]]]}},{"type":"Feature","properties":{"code":"4314068"},"geometry":{"type":"Polygon","coordinates":[[[-53.014,-29.464],[-52.989,-29.48],[-52.962,-29.515],[-52.943,-29.52],[-52.888,-29.509],[-52.849,-29.512],[-52.798,-29.495],[-52.773,-29.444],[-52.758,-29.405],[-52.754,-29.364],[-52.816,-29.316],[-52.825,-29.328],[-52.814,-29.348],[-52.851,-29.386],[-52.939,-29.395],[-52.937,-29.41],[-52.99,-29.435],[-53.014,-29.464]]]}},{"type":"Feature","properties":{"code":"4314175"},"geometry":{"type":"Polygon","coordinates":[[[-53.947,-31.955],[-53.919,-31.964],[-53.892,-31.995],[-53.851,-32.0],[-53.851,-32.027],[-53.833,-32.055],[-53.804,-32.071],[-53.748,-32.078],[-53.726,-32.098],[-53.714,-32.001],[-53.653,-31.988],[-53.642,-31.971],[-53.589,-31.943],[-53.472,-31.868],[-53.443,-31.839],[-53.468,-31.778],[-53.499,-31.751],[-53.5,-31.674],[-53.518,-31.653],[-53.574,-31.634],[-53.606,-31.635],[-53.623,-31.605],[-53.669,-31.591],[-53.718,-31.645],[-53.772,-31.651],[-53.764,-31.71],[-53.77,-31.747],[-53.799,-31.761],[-53.8,-31.788],[-53.836,-31.828],[-53.914,-31.855],[-53.931,-31.874],[-53.936,-31.912],[-53.953,-31.921],[-53.947,-31.955]]]}},{"type":"Feature","properties":{"code":"4305871"},"geometry":{"type":"Polygon","coordinates":[[[-54.133,-28.355],[-54.109,-28.374],[-54.094,-28.426],[-54.149,-28.433],[-54.139,-28.466],[-54.128,-28.49],[-54.11,-28.468],[-54.047,-28.471],[-54.042,-28.439],[-54.021,-28.422],[-53.982,-28.442],[-53.985,-28.347],[-53.997,-28.334],[-54.067,-28.342],[-54.125,-28.346],[-54.133,-28.355]]]}},{"type":"Feature","properties":{"code":"4322350"},"geometry":{"type":"Polygon","coordinates":[[[-52.063,-28.81],[-52.043,-28.844],[-52.017,-28.842],[-52.015,-28.826],[-51.956,-28.822],[-51.959,-28.761],[-51.992,-28.748],[-51.986,-28.707],[-52.082,-28.712],[-52.078,-28.741],[-52.063,-28.81]]]}},{"type":"Feature","properties":{"code":"4322343"},"geometry":{"type":"Polygon","coordinates":[[[-54.697,-28.067],[-54.657,-28.08],[-54.64,-28.098],[-54.585,-28.094],[-54.585,-28.015],[-54.596,-27.944],[-54.616,-27.936],[-54.616,-28.012],[-54.718,-28.01],[-54.736,-28.01],[-54.738,-28.059],[-54.697,-28.067]]]}},{"type":"Feature","properties":{"code":"4314159"},"geometry":{"type":"Polygon","coordinates":[[[-51.663,-29.59],[-51.665,-29.501],[-51.691,-29.501],[-51.733,-29.523],[-51.789,-29.516],[-51.817,-29.529],[-51.796,-29.574],[-51.799,-29.614],[-51.776,-29.621],[-51.761,-29.649],[-51.751,-29.629],[-51.679,-29.614],[-51.659,-29.644],[-51.642,-29.636],[-51.663,-29.59]]]}},{"type":"Feature","properties":{"code":"4322327"},"geometry":{"type":"Polygon","coordinates":[[[-52.277,-31.39],[-52.291,-31.428],[-52.309,-31.44],[-52.289,-31.475],[-52.238,-31.445],[-52.214,-31.48],[-52.173,-31.498],[-52.174,-31.519],[-52.12,-31.565],[-52.088,-31.55],[-52.04,-31.56],[-52.038,-31.587],[-52.014,-31.597],[-52.018,-31.548],[-52.01,-31.501],[-52.052,-31.514],[-52.107,-31.463],[-52.124,-31.429],[-52.157,-31.415],[-52.181,-31.383],[-52.277,-31.39]]]}},{"type":"Feature","properties":{"code":"4305975"},"geometry":{"type":"Polygon","coordinates":[[[-52.204,-28.177],[-52.176,-28.118],[-52.181,-28.086],[-52.165,-28.074],[-52.214,-28.065],[-52.241,-28.079],[-52.289,-28.077],[-52.326,-28.029],[-52.376,-28.043],[-52.382,-28.081],[-52.477,-28.066],[-52.507,-28.036],[-52.489,-28.12],[-52.465,-28.168],[-52.411,-28.175],[-52.336,-28.201],[-52.303,-28.192],[-52.277,-28.228],[-52.233,-28.177],[-52.204,-28.177]]]}},{"type":"Feature","properties":{"code":"4305959"},"geometry":{"type":"Polygon","coordinates":[[[-51.713,-29.091],[-51.696,-29.097],[-51.682,-29.089],[-51.653,-29.015],[-51.63,-29.02],[-51.618,-28.983],[-51.627,-28.927],[-51.694,-28.932],[-51.781,-28.938],[-51.778,-28.97],[-51.76,-28.997],[-51.737,-29.019],[-51.713,-29.091]]]}},{"type":"Feature","properties":{"code":"4314134"},"geometry":{"type":"Polygon","coordinates":[[[-52.333,-27.75],[-52.32,-27.721],[-52.322,-27.661],[-52.342,-27.661],[-52.447,-27.663],[-52.478,-27.682],[-52.483,-27.719],[-52.466,-27.737],[-52.442,-27.737],[-52.412,-27.773],[-52.39,-27.775],[-52.369,-27.752],[-52.333,-27.75]]]}},{"type":"Feature","properties":{"code":"4322152"},"geometry":{"type":"Polygon","coordinates":[[[-52.884,-29.206],[-52.841,-29.14],[-52.817,-29.119],[-52.791,-29.117],[-52.817,-29.084],[-52.805,-29.043],[-52.825,-29.032],[-52.855,-29.043],[-52.889,-29.045],[-52.935,-29.067],[-52.948,-29.096],[-52.987,-29.106],[-52.999,-29.139],[-52.948,-29.177],[-52.917,-29.185],[-52.884,-29.206]]]}},{"type":"Feature","properties":{"code":"4305934"},"geometry":{"type":"Polygon","coordinates":[[[-51.78,-29.299],[-51.743,-29.309],[-51.701,-29.304],[-51.65,-29.294],[-51.646,-29.254],[-51.677,-29.247],[-51.685,-29.213],[-51.75,-29.208],[-51.755,-29.261],[-51.801,-29.26],[-51.78,-29.299]]]}},{"type":"Feature","properties":{"code":"4313953"},"geometry":{"type":"Polygon","coordinates":[[[-52.163,-30.322],[-52.21,-30.26],[-52.254,-30.27],[-52.286,-30.218],[-52.28,-30.188],[-52.294,-30.17],[-52.284,-30.137],[-52.351,-30.142],[-52.377,-30.128],[-52.387,-30.089],[-52.418,-30.081],[-52.489,-30.099],[-52.52,-30.118],[-52.558,-30.172],[-52.537,-30.193],[-52.531,-30.272],[-52.505,-30.314],[-52.502,-30.362],[-52.419,-30.363],[-52.402,-30.381],[-52.343,-30.359],[-52.29,-30.347],[-52.235,-30.433],[-52.213,-30.448],[-52.159,-30.443],[-52.18,-30.386],[-52.163,-30.322]]]}},{"type":"Feature","properties":{"code":"4314050"},"geometry":{"type":"Polygon","coordinates":[[[-50.927,-29.676],[-50.888,-29.701],[-50.869,-29.73],[-50.84,-29.725],[-50.824,-29.685],[-50.796,-29.668],[-50.806,-29.618],[-50.816,-29.598],[-50.857,-29.585],[-50.88,-29.637],[-50.906,-29.631],[-50.927,-29.676]]]}},{"type":"Feature","properties":{"code":"4314035"},"geometry":{"type":"Polygon","coordinates":[[[-51.428,-29.653],[-51.392,-29.653],[-51.387,-29.584],[-51.462,-29.569],[-51.467,-29.621],[-51.428,-29.634],[-51.428,-29.653]]]}},{"type":"Feature","properties":{"code":"4314027"},"geometry":{"type":"Polygon","coordinates":[[[-53.078,-29.794],[-53.056,-29.769],[-53.069,-29.728],[-53.042,-29.675],[-53.061,-29.605],[-53.058,-29.57],[-53.073,-29.559],[-53.136,-29.559],[-53.137,-29.608],[-53.154,-29.633],[-53.187,-29.632],[-53.204,-29.669],[-53.209,-29.759],[-53.175,-29.77],[-53.161,-29.813],[-53.12,-29.835],[-53.109,-29.852],[-53.078,-29.794]]]}},{"type":"Feature","properties":{"code":"4322202"},"geometry":{"type":"Polygon","coordinates":[[[-54.367,-29.188],[-54.343,-29.181],[-54.326,-29.142],[-54.294,-29.107],[-54.246,-29.152],[-54.197,-29.164],[-54.17,-29.192],[-54.082,-29.191],[-54.07,-29.199],[-54.045,-29.179],[-54.042,-29.141],[-54.028,-29.106],[-53.978,-29.142],[-53.92,-29.221],[-53.907,-29.195],[-53.849,-29.142],[-53.779,-29.154],[-53.758,-29.164],[-53.671,-29.102],[-53.664,-29.058],[-53.642,-29.027],[-53.623,-29.026],[-53.567,-28.962],[-53.568,-28.954],[-53.606,-28.939],[-53.636,-28.947],[-53.668,-28.938],[-53.683,-28.901],[-53.734,-28.865],[-53.764,-28.861],[-53.796,-28.803],[-53.844,-28.799],[-53.872,-28.816],[-53.906,-28.811],[-53.942,-28.862],[-53.953,-28.898],[-54.041,-28.909],[-54.096,-28.905],[-54.135,-28.883],[-54.189,-28.895],[-54.234,-28.925],[-54.268,-28.912],[-54.294,-28.928],[-54.331,-28.931],[-54.351,-28.973],[-54.378,-29.005],[-54.432,-29.042],[-54.46,-29.07],[-54.433,-29.09],[-54.41,-29.148],[-54.367,-29.188]]]}},{"type":"Feature","properties":{"code":"4305850"},"geometry":{"type":"Polygon","coordinates":[[[-52.654,-28.169],[-52.66,-28.123],[-52.688,-28.115],[-52.724,-28.06],[-52.755,-28.037],[-52.828,-28.029],[-52.866,-28.069],[-52.806,-28.122],[-52.827,-28.163],[-52.825,-28.196],[-52.799,-28.225],[-52.763,-28.241],[-52.73,-28.215],[-52.654,-28.169]]]}},{"type":"Feature","properties":{"code":"4305835"},"geometry":{"type":"Polygon","coordinates":[[[-52.159,-29.214],[-52.121,-29.217],[-52.113,-29.233],[-52.074,-29.196],[-52.046,-29.19],[-52.018,-29.167],[-52.122,-29.148],[-52.137,-29.136],[-52.152,-29.088],[-52.195,-29.117],[-52.185,-29.165],[-52.167,-29.175],[-52.159,-29.214]]]}},{"type":"Feature","properties":{"code":"4322186"},"geometry":{"type":"Polygon","coordinates":[[[-51.615,-27.969],[-51.574,-27.988],[-51.526,-27.984],[-51.509,-27.955],[-51.46,-27.949],[-51.458,-27.929],[-51.463,-27.893],[-51.476,-27.897],[-51.542,-27.875],[-51.588,-27.898],[-51.615,-27.969]]]}},{"type":"Feature","properties":{"code":"4314001"},"geometry":{"type":"Polygon","coordinates":[[[-51.854,-28.59],[-51.853,-28.644],[-51.84,-28.652],[-51.799,-28.653],[-51.79,-28.639],[-51.73,-28.628],[-51.707,-28.61],[-51.712,-28.585],[-51.74,-28.549],[-51.793,-28.546],[-51.797,-28.532],[-51.803,-28.538],[-51.809,-28.557],[-51.854,-28.59]]]}},{"type":"Feature","properties":{"code":"4305801"},"geometry":{"type":"Polygon","coordinates":[[[-53.075,-27.675],[-53.063,-27.698],[-53.025,-27.726],[-53.025,-27.76],[-53.006,-27.787],[-52.984,-27.791],[-52.935,-27.766],[-52.912,-27.738],[-52.946,-27.719],[-52.958,-27.686],[-52.906,-27.672],[-52.919,-27.609],[-52.947,-27.588],[-52.952,-27.626],[-52.986,-27.63],[-52.999,-27.61],[-53.055,-27.645],[-53.1,-27.646],[-53.113,-27.65],[-53.075,-27.675]]]}},{"type":"Feature","properties":{"code":"4313334"},"geometry":{"type":"Polygon","coordinates":[[[-53.62,-28.146],[-53.623,-28.093],[-53.586,-28.039],[-53.618,-28.031],[-53.659,-28.035],[-53.696,-27.987],[-53.749,-27.993],[-53.777,-28.04],[-53.814,-28.056],[-53.797,-28.063],[-53.802,-28.102],[-53.787,-28.129],[-53.755,-28.133],[-53.717,-28.151],[-53.668,-28.146],[-53.639,-28.133],[-53.62,-28.146]]]}},{"type":"Feature","properties":{"code":"4305157"},"geometry":{"type":"Polygon","coordinates":[[[-53.1,-27.646],[-53.101,-27.607],[-53.119,-27.588],[-53.148,-27.605],[-53.184,-27.588],[-53.206,-27.6],[-53.22,-27.653],[-53.183,-27.67],[-53.155,-27.662],[-53.113,-27.65],[-53.1,-27.646]]]}},{"type":"Feature","properties":{"code":"4321501"},"geometry":{"type":"Polygon","coordinates":[[[-49.803,-29.444],[-49.713,-29.326],[-49.742,-29.299],[-49.792,-29.286],[-49.816,-29.286],[-49.857,-29.233],[-49.902,-29.215],[-49.887,-29.258],[-49.897,-29.282],[-49.889,-29.312],[-49.858,-29.313],[-49.815,-29.339],[-49.829,-29.357],[-49.803,-29.392],[-49.836,-29.424],[-49.803,-29.444]]]}},{"type":"Feature","properties":{"code":"4321493"},"geometry":{"type":"Polygon","coordinates":[[[-54.395,-29.452],[-54.384,-29.499],[-54.342,-29.549],[-54.315,-29.548],[-54.232,-29.485],[-54.191,-29.483],[-54.196,-29.439],[-54.209,-29.426],[-54.225,-29.41],[-54.267,-29.41],[-54.308,-29.432],[-54.344,-29.429],[-54.371,-29.41],[-54.395,-29.452],[-54.395,-29.452]]]}},{"type":"Feature","properties":{"code":"4305132"},"geometry":{"type":"Polygon","coordinates":[[[-52.93,-29.719],[-52.934,-29.652],[-52.944,-29.647],[-52.98,-29.557],[-53.029,-29.553],[-53.058,-29.57],[-53.061,-29.605],[-53.042,-29.675],[-52.999,-29.701],[-52.973,-29.7],[-52.93,-29.719]]]}},{"type":"Feature","properties":{"code":"4313300"},"geometry":{"type":"Polygon","coordinates":[[[-51.667,-28.835],[-51.575,-28.833],[-51.494,-28.824],[-51.534,-28.753],[-51.547,-28.744],[-51.562,-28.693],[-51.596,-28.669],[-51.643,-28.654],[-51.67,-28.629],[-51.669,-28.657],[-51.66,-28.773],[-51.713,-28.784],[-51.689,-28.792],[-51.705,-28.835],[-51.667,-28.835]]]}},{"type":"Feature","properties":{"code":"4305124"},"geometry":{"type":"Polygon","coordinates":[[[-52.826,-31.858],[-52.774,-31.873],[-52.708,-31.87],[-52.665,-31.9],[-52.662,-31.879],[-52.735,-31.813],[-52.746,-31.776],[-52.737,-31.741],[-52.712,-31.711],[-52.699,-31.637],[-52.71,-31.611],[-52.733,-31.602],[-52.801,-31.61],[-52.854,-31.596],[-52.903,-31.672],[-52.901,-31.723],[-52.868,-31.772],[-52.867,-31.808],[-52.826,-31.858]]]}},{"type":"Feature","properties":{"code":"4321600"},"geometry":{"type":"Polygon","coordinates":[[[-50.17,-30.097],[-50.119,-29.976],[-50.155,-29.987],[-50.185,-29.995],[-50.221,-29.977],[-50.307,-30.021],[-50.349,-30.053],[-50.307,-30.067],[-50.274,-30.044],[-50.257,-30.065],[-50.2,-30.04],[-50.188,-30.057],[-50.211,-30.083],[-50.17,-30.097]]]}},{"type":"Feature","properties":{"code":"4305116"},"geometry":{"type":"Polygon","coordinates":[[[-52.085,-27.801],[-52.083,-27.819],[-51.95,-27.827],[-51.94,-27.791],[-51.925,-27.751],[-51.964,-27.748],[-51.982,-27.72],[-52.001,-27.695],[-52.027,-27.732],[-52.078,-27.779],[-52.085,-27.801]]]}},{"type":"Feature","properties":{"code":"4305108"},"geometry":{"type":"Polygon","coordinates":[[[-51.213,-29.357],[-51.179,-29.325],[-51.136,-29.337],[-51.119,-29.308],[-51.088,-29.29],[-51.049,-29.308],[-51.032,-29.294],[-50.985,-29.321],[-50.97,-29.297],[-50.94,-29.283],[-50.89,-29.288],[-50.859,-29.248],[-50.86,-29.225],[-50.836,-29.186],[-50.842,-29.127],[-50.904,-29.116],[-50.893,-29.067],[-50.823,-29.054],[-50.783,-29.0],[-50.784,-28.979],[-50.81,-28.959],[-50.811,-28.885],[-50.85,-28.833],[-50.879,-28.841],[-50.886,-28.812],[-50.963,-28.795],[-51.018,-28.842],[-51.044,-28.838],[-51.062,-28.865],[-51.097,-28.841],[-51.125,-28.877],[-51.074,-28.887],[-51.036,-28.922],[-50.958,-28.961],[-50.931,-29.024],[-50.97,-29.012],[-50.99,-29.023],[-51.106,-29.04],[-51.112,-29.033],[-51.111,-29.08],[-51.145,-29.09],[-51.236,-29.086],[-51.308,-29.088],[-51.294,-29.113],[-51.289,-29.245],[-51.266,-29.246],[-51.267,-29.295],[-51.217,-29.337],[-51.213,-29.357]]]}},{"type":"Feature","properties":{"code":"4313409"},"geometry":{"type":"Polygon","coordinates":[[[-51.177,-29.672],[-51.158,-29.716],[-51.132,-29.741],[-51.085,-29.735],[-51.087,-29.762],[-51.068,-29.811],[-51.081,-29.83],[-50.958,-29.789],[-50.934,-29.769],[-50.947,-29.693],[-50.996,-29.706],[-51.081,-29.715],[-51.076,-29.686],[-51.098,-29.644],[-51.13,-29.639],[-51.135,-29.638],[-51.143,-29.67],[-51.177,-29.672]]]}},{"type":"Feature","properties":{"code":"4313391"},"geometry":{"type":"Polygon","coordinates":[[[-52.9,-29.846],[-52.928,-29.771],[-52.93,-29.719],[-52.973,-29.7],[-52.999,-29.701],[-53.042,-29.675],[-53.069,-29.728],[-53.056,-29.769],[-53.078,-29.794],[-53.058,-29.823],[-52.999,-29.808],[-52.964,-29.834],[-52.924,-29.831],[-52.9,-29.846]]]}},{"type":"Feature","properties":{"code":"4305207"},"geometry":{"type":"Polygon","coordinates":[[[-54.746,-28.208],[-54.71,-28.208],[-54.676,-28.227],[-54.662,-28.195],[-54.634,-28.207],[-54.695,-28.16],[-54.697,-28.067],[-54.738,-28.059],[-54.75,-28.043],[-54.808,-28.047],[-54.806,-28.127],[-54.795,-28.177],[-54.746,-28.208]]]}},{"type":"Feature","properties":{"code":"4313375"},"geometry":{"type":"Polygon","coordinates":[[[-51.366,-29.837],[-51.354,-29.846],[-51.368,-29.889],[-51.329,-29.908],[-51.305,-29.932],[-51.267,-29.935],[-51.234,-29.938],[-51.25,-29.884],[-51.232,-29.862],[-51.181,-29.83],[-51.193,-29.803],[-51.231,-29.781],[-51.307,-29.776],[-51.334,-29.757],[-51.365,-29.788],[-51.35,-29.821],[-51.366,-29.837]]]}},{"type":"Feature","properties":{"code":"4313359"},"geometry":{"type":"Polygon","coordinates":[[[-51.422,-29.06],[-51.371,-29.069],[-51.358,-29.058],[-51.361,-29.016],[-51.384,-29.003],[-51.34,-28.965],[-51.355,-28.919],[-51.464,-28.925],[-51.477,-29.019],[-51.461,-29.019],[-51.441,-29.059],[-51.422,-29.06]]]}},{"type":"Feature","properties":{"code":"4321402"},"geometry":{"type":"Polygon","coordinates":[[[-53.906,-27.333],[-53.874,-27.405],[-53.847,-27.415],[-53.826,-27.439],[-53.752,-27.447],[-53.7,-27.447],[-53.681,-27.448],[-53.648,-27.419],[-53.65,-27.387],[-53.666,-27.371],[-53.642,-27.342],[-53.663,-27.316],[-53.688,-27.321],[-53.729,-27.305],[-53.764,-27.279],[-53.77,-27.262],[-53.787,-27.303],[-53.823,-27.32],[-53.906,-27.333]]]}},{"type":"Feature","properties":{"code":"4305173"},"geometry":{"type":"Polygon","coordinates":[[[-51.697,-30.69],[-51.676,-30.655],[-51.654,-30.642],[-51.649,-30.614],[-51.663,-30.59],[-51.658,-30.519],[-51.695,-30.527],[-51.757,-30.523],[-51.759,-30.505],[-51.767,-30.467],[-51.898,-30.572],[-51.872,-30.609],[-51.817,-30.649],[-51.801,-30.629],[-51.746,-30.657],[-51.744,-30.682],[-51.697,-30.69]]]}},{"type":"Feature","properties":{"code":"4313201"},"geometry":{"type":"Polygon","coordinates":[[[-51.169,-29.439],[-51.134,-29.437],[-51.127,-29.413],[-51.097,-29.41],[-51.087,-29.45],[-51.042,-29.439],[-51.019,-29.437],[-50.981,-29.39],[-50.955,-29.374],[-50.967,-29.339],[-50.985,-29.321],[-51.032,-29.294],[-51.049,-29.308],[-51.088,-29.29],[-51.119,-29.308],[-51.136,-29.337],[-51.179,-29.325],[-51.213,-29.357],[-51.226,-29.39],[-51.197,-29.409],[-51.169,-29.439]]]}},{"type":"Feature","properties":{"code":"4305009"},"geometry":{"type":"Polygon","coordinates":[[[-54.144,-28.337],[-54.133,-28.355],[-54.125,-28.346],[-54.067,-28.342],[-54.066,-28.305],[-54.033,-28.275],[-53.969,-28.29],[-53.961,-28.238],[-53.929,-28.238],[-53.917,-28.215],[-53.913,-28.16],[-53.931,-28.119],[-53.91,-28.115],[-53.904,-28.083],[-53.929,-28.062],[-53.971,-28.067],[-53.993,-28.049],[-54.034,-27.985],[-54.06,-28.022],[-54.078,-28.006],[-54.14,-28.019],[-54.075,-28.054],[-54.069,-28.108],[-54.122,-28.115],[-54.18,-28.138],[-54.131,-28.183],[-54.107,-28.242],[-54.105,-28.278],[-54.13,-28.286],[-54.144,-28.337]]]}},{"type":"Feature","properties":{"code":"4321352"},"geometry":{"type":"Polygon","coordinates":[[[-51.186,-31.504],[-51.04,-31.36],[-50.879,-31.227],[-50.842,-31.19],[-50.962,-31.183],[-50.986,-31.206],[-51.053,-31.164],[-51.117,-31.151],[-51.134,-31.123],[-51.179,-31.134],[-51.163,-31.197],[-51.157,-31.285],[-51.179,-31.365],[-51.204,-31.414],[-51.237,-31.457],[-51.186,-31.504]]]}},{"type":"Feature","properties":{"code":"4321477"},"geometry":{"type":"Polygon","coordinates":[[[-54.038,-27.452],[-54.014,-27.42],[-54.025,-27.4],[-54.03,-27.379],[-54.079,-27.325],[-54.111,-27.302],[-54.155,-27.297],[-54.162,-27.256],[-54.187,-27.265],[-54.193,-27.308],[-54.213,-27.351],[-54.217,-27.385],[-54.184,-27.412],[-54.148,-27.42],[-54.094,-27.448],[-54.038,-27.452]]]}},{"type":"Feature","properties":{"code":"4321469"},"geometry":{"type":"Polygon","coordinates":[[[-52.565,-28.654],[-52.544,-28.624],[-52.58,-28.601],[-52.581,-28.582],[-52.544,-28.564],[-52.546,-28.547],[-52.552,-28.53],[-52.604,-28.511],[-52.618,-28.518],[-52.645,-28.528],[-52.636,-28.586],[-52.661,-28.612],[-52.615,-28.637],[-52.565,-28.654]]]}},{"type":"Feature","properties":{"code":"4321451"},"geometry":{"type":"Polygon","coordinates":[[[-51.817,-29.529],[-51.789,-29.516],[-51.733,-29.523],[-51.691,-29.501],[-51.669,-29.481],[-51.691,-29.471],[-51.691,-29.424],[-51.691,-29.415],[-51.738,-29.415],[-51.737,-29.449],[-51.783,-29.464],[-51.783,-29.388],[-51.798,-29.39],[-51.842,-29.424],[-51.847,-29.465],[-51.873,-29.544],[-51.817,-29.529]]]}},{"type":"Feature","properties":{"code":"4321436"},"geometry":{"type":"Polygon","coordinates":[[[-50.049,-29.654],[-49.994,-29.62],[-49.99,-29.607],[-49.934,-29.625],[-49.922,-29.607],[-49.986,-29.601],[-50.031,-29.559],[-50.004,-29.537],[-50.075,-29.545],[-50.152,-29.6],[-50.163,-29.625],[-50.121,-29.648],[-50.049,-29.654]]]}},{"type":"Feature","properties":{"code":"4305405"},"geometry":{"type":"Polygon","coordinates":[[[-53.749,-27.993],[-53.798,-27.985],[-53.846,-27.955],[-53.898,-27.895],[-53.953,-27.852],[-53.999,-27.917],[-54.029,-27.947],[-54.034,-27.985],[-53.993,-28.049],[-53.971,-28.067],[-53.929,-28.062],[-53.904,-28.083],[-53.91,-28.115],[-53.868,-28.079],[-53.814,-28.056],[-53.777,-28.04],[-53.749,-27.993]]]}},{"type":"Feature","properties":{"code":"4321857"},"geometry":{"type":"Polygon","coordinates":[[[-52.869,-27.672],[-52.775,-27.681],[-52.76,-27.691],[-52.74,-27.626],[-52.767,-27.609],[-52.734,-27.591],[-52.768,-27.585],[-52.82,-27.597],[-52.844,-27.564],[-52.892,-27.549],[-52.963,-27.581],[-52.947,-27.588],[-52.919,-27.609],[-52.888,-27.629],[-52.869,-27.672]]]}},{"type":"Feature","properties":{"code":"4305371"},"geometry":{"type":"Polygon","coordinates":[[[-51.929,-27.991],[-51.91,-27.952],[-51.938,-27.884],[-52.018,-27.881],[-52.051,-27.906],[-52.082,-27.906],[-52.091,-27.936],[-52.089,-27.977],[-51.995,-28.014],[-51.963,-27.981],[-51.934,-28.0],[-51.929,-27.991]]]}},{"type":"Feature","properties":{"code":"4305355"},"geometry":{"type":"Polygon","coordinates":[[[-51.435,-29.983],[-51.462,-29.949],[-51.507,-29.927],[-51.628,-29.946],[-51.654,-29.996],[-51.682,-30.011],[-51.661,-30.048],[-51.62,-30.061],[-51.6,-30.014],[-51.538,-30.049],[-51.496,-30.038],[-51.45,-30.01],[-51.435,-29.983]]]}},{"type":"Feature","properties":{"code":"4321832"},"geometry":{"type":"Polygon","coordinates":[[[-50.075,-29.545],[-50.004,-29.537],[-50.025,-29.517],[-50.025,-29.483],[-50.078,-29.464],[-50.032,-29.422],[-50.01,-29.401],[-50.03,-29.343],[-50.034,-29.35],[-50.041,-29.355],[-50.084,-29.349],[-50.099,-29.339],[-50.155,-29.355],[-50.182,-29.391],[-50.17,-29.419],[-50.13,-29.442],[-50.101,-29.482],[-50.075,-29.545]]]}},{"type":"Feature","properties":{"code":"4313656"},"geometry":{"type":"Polygon","coordinates":[[[-50.686,-30.501],[-50.334,-30.501],[-50.306,-30.447],[-50.252,-30.305],[-50.289,-30.291],[-50.289,-30.261],[-50.269,-30.222],[-50.357,-30.197],[-50.405,-30.216],[-50.446,-30.201],[-50.51,-30.215],[-50.541,-30.208],[-50.543,-30.252],[-50.538,-30.274],[-50.555,-30.317],[-50.545,-30.356],[-50.566,-30.388],[-50.565,-30.438],[-50.574,-30.482],[-50.611,-30.486],[-50.649,-30.454],[-50.654,-30.418],[-50.597,-30.391],[-50.619,-30.361],[-50.643,-30.396],[-50.706,-30.348],[-50.73,-30.368],[-50.7,-30.425],[-50.686,-30.501]]]}},{"type":"Feature","properties":{"code":"4321808"},"geometry":{"type":"Polygon","coordinates":[[[-54.421,-27.702],[-54.424,-27.725],[-54.397,-27.754],[-54.365,-27.809],[-54.369,-27.835],[-54.333,-27.821],[-54.31,-27.832],[-54.274,-27.818],[-54.209,-27.822],[-54.16,-27.797],[-54.126,-27.769],[-54.169,-27.77],[-54.198,-27.731],[-54.169,-27.692],[-54.176,-27.667],[-54.144,-27.626],[-54.189,-27.614],[-54.2,-27.591],[-54.264,-27.631],[-54.285,-27.675],[-54.325,-27.694],[-54.364,-27.691],[-54.421,-27.702]]]}},{"type":"Feature","properties":{"code":"4305454"},"geometry":{"type":"Polygon","coordinates":[[[-50.224,-30.236],[-50.17,-30.097],[-50.211,-30.083],[-50.188,-30.057],[-50.2,-30.04],[-50.257,-30.065],[-50.274,-30.044],[-50.307,-30.067],[-50.349,-30.053],[-50.367,-30.076],[-50.394,-30.158],[-50.346,-30.16],[-50.307,-30.147],[-50.257,-30.173],[-50.251,-30.228],[-50.224,-30.236]]]}},{"type":"Feature","properties":{"code":"4305447"},"geometry":{"type":"Polygon","coordinates":[[[-51.979,-30.66],[-51.983,-30.699],[-52.018,-30.73],[-52.062,-30.738],[-52.088,-30.789],[-52.098,-30.84],[-52.062,-30.856],[-52.005,-30.857],[-51.989,-30.844],[-51.936,-30.848],[-51.951,-30.801],[-51.918,-30.755],[-51.941,-30.739],[-51.937,-30.711],[-51.956,-30.676],[-51.979,-30.66]]]}},{"type":"Feature","properties":{"code":"4321667"},"geometry":{"type":"Polygon","coordinates":[[[-49.986,-29.601],[-49.87,-29.447],[-49.836,-29.424],[-49.882,-29.41],[-49.891,-29.372],[-49.961,-29.406],[-49.981,-29.398],[-50.032,-29.422],[-50.078,-29.464],[-50.025,-29.483],[-50.025,-29.517],[-50.004,-29.537],[-50.031,-29.559],[-49.986,-29.601]]]}},{"type":"Feature","properties":{"code":"4305439"},"geometry":{"type":"Polygon","coordinates":[[[-53.422,-33.744],[-53.3,-33.662],[-53.358,-33.616],[-53.387,-33.578],[-53.414,-33.561],[-53.478,-33.617],[-53.523,-33.689],[-53.44,-33.694],[-53.422,-33.744]]]}},{"type":"Feature","properties":{"code":"4313607"},"geometry":{"type":"Polygon","coordinates":[[[-51.701,-27.69],[-51.755,-27.667],[-51.892,-27.679],[-51.881,-27.719],[-51.857,-27.75],[-51.777,-27.76],[-51.752,-27.782],[-51.717,-27.773],[-51.675,-27.73],[-51.709,-27.704],[-51.701,-27.69]]]}},{"type":"Feature","properties":{"code":"4313466"},"geometry":{"type":"Polygon","coordinates":[[[-52.984,-27.791],[-53.006,-27.787],[-53.025,-27.76],[-53.025,-27.726],[-53.063,-27.698],[-53.075,-27.675],[-53.1,-27.675],[-53.1,-27.735],[-53.113,-27.758],[-53.066,-27.775],[-53.056,-27.797],[-53.019,-27.805],[-52.984,-27.791]]]}},{"type":"Feature","properties":{"code":"4321634"},"geometry":{"type":"Polygon","coordinates":[[[-52.239,-27.482],[-52.226,-27.51],[-52.237,-27.569],[-52.186,-27.568],[-52.187,-27.544],[-52.132,-27.517],[-52.089,-27.508],[-52.067,-27.48],[-52.108,-27.481],[-52.169,-27.459],[-52.194,-27.408],[-52.229,-27.408],[-52.243,-27.446],[-52.239,-27.482]]]}},{"type":"Feature","properties":{"code":"4321626"},"geometry":{"type":"Polygon","coordinates":[[[-52.037,-29.268],[-52.112,-29.271],[-52.113,-29.233],[-52.121,-29.217],[-52.159,-29.214],[-52.166,-29.227],[-52.136,-29.277],[-52.12,-29.278],[-52.089,-29.333],[-52.064,-29.354],[-52.033,-29.329],[-52.037,-29.268]]]}},{"type":"Feature","properties":{"code":"4313441"},"geometry":{"type":"Polygon","coordinates":[[[-53.119,-27.588],[-53.101,-27.569],[-53.144,-27.523],[-53.18,-27.509],[-53.195,-27.52],[-53.182,-27.535],[-53.228,-27.561],[-53.231,-27.579],[-53.206,-27.6],[-53.184,-27.588],[-53.148,-27.605],[-53.119,-27.588]]]}},{"type":"Feature","properties":{"code":"4313425"},"geometry":{"type":"Polygon","coordinates":[[[-54.424,-27.547],[-54.468,-27.523],[-54.475,-27.481],[-54.501,-27.48],[-54.525,-27.506],[-54.573,-27.454],[-54.616,-27.532],[-54.632,-27.546],[-54.637,-27.575],[-54.594,-27.598],[-54.564,-27.604],[-54.567,-27.631],[-54.548,-27.614],[-54.484,-27.602],[-54.444,-27.58],[-54.424,-27.547]]]}},{"type":"Feature","properties":{"code":"4321709"},"geometry":{"type":"Polygon","coordinates":[[[-50.716,-29.517],[-50.688,-29.484],[-50.726,-29.448],[-50.685,-29.407],[-50.722,-29.404],[-50.788,-29.439],[-50.835,-29.476],[-50.867,-29.476],[-50.907,-29.5],[-50.908,-29.516],[-50.779,-29.533],[-50.741,-29.55],[-50.716,-29.517]]]}},{"type":"Feature","properties":{"code":"4313508"},"geometry":{"type":"Polygon","coordinates":[[[-50.349,-30.053],[-50.307,-30.021],[-50.221,-29.977],[-50.185,-29.995],[-50.155,-29.987],[-50.154,-29.965],[-50.129,-29.94],[-50.147,-29.919],[-50.109,-29.884],[-50.075,-29.884],[-50.064,-29.86],[-50.111,-29.834],[-50.116,-29.788],[-50.173,-29.794],[-50.186,-29.744],[-50.223,-29.726],[-50.256,-29.757],[-50.254,-29.802],[-50.276,-29.835],[-50.309,-29.848],[-50.373,-29.858],[-50.386,-29.885],[-50.399,-29.972],[-50.459,-30.017],[-50.457,-30.052],[-50.415,-30.103],[-50.367,-30.076],[-50.349,-30.053]]]}},{"type":"Feature","properties":{"code":"4313490"},"geometry":{"type":"Polygon","coordinates":[[[-53.114,-27.836],[-53.119,-27.863],[-53.178,-27.914],[-53.211,-27.966],[-53.193,-27.994],[-53.156,-27.943],[-53.072,-27.924],[-53.057,-27.942],[-53.049,-27.882],[-53.043,-27.865],[-53.069,-27.814],[-53.114,-27.836]]]}},{"type":"Feature","properties":{"code":"4305306"},"geometry":{"type":"Polygon","coordinates":[[[-53.017,-28.037],[-53.022,-28.004],[-53.043,-27.983],[-53.032,-27.962],[-53.057,-27.942],[-53.072,-27.924],[-53.156,-27.943],[-53.193,-27.994],[-53.238,-28.003],[-53.229,-28.035],[-53.191,-28.045],[-53.209,-28.074],[-53.302,-28.081],[-53.288,-28.11],[-53.249,-28.142],[-53.256,-28.164],[-53.223,-28.146],[-53.185,-28.184],[-53.154,-28.23],[-53.122,-28.255],[-53.073,-28.262],[-53.024,-28.226],[-53.018,-28.209],[-52.964,-28.178],[-52.978,-28.131],[-53.012,-28.097],[-52.999,-28.062],[-53.017,-28.037]]]}},{"type":"Feature","properties":{"code":"4321006"},"geometry":{"type":"Polygon","coordinates":[[[-52.926,-28.73],[-52.886,-28.727],[-52.874,-28.706],[-52.833,-28.725],[-52.783,-28.681],[-52.769,-28.648],[-52.763,-28.627],[-52.838,-28.612],[-52.864,-28.598],[-52.917,-28.596],[-52.938,-28.673],[-52.926,-28.73]]]}},{"type":"Feature","properties":{"code":"4312807"},"geometry":{"type":"Polygon","coordinates":[[[-51.836,-28.678],[-51.783,-28.665],[-51.727,-28.683],[-51.669,-28.657],[-51.67,-28.629],[-51.707,-28.61],[-51.73,-28.628],[-51.79,-28.639],[-51.799,-28.653],[-51.84,-28.652],[-51.848,-28.663],[-51.836,-28.678]]]}},{"type":"Feature","properties":{"code":"4304630"},"geometry":{"type":"Polygon","coordinates":[[[-50.018,-29.773],[-49.934,-29.625],[-49.99,-29.607],[-49.994,-29.62],[-50.049,-29.654],[-50.022,-29.691],[-50.055,-29.762],[-50.018,-29.773]]]}},{"type":"Feature","properties":{"code":"4304622"},"geometry":{"type":"Polygon","coordinates":[[[-51.35,-27.999],[-51.377,-28.016],[-51.425,-28.068],[-51.46,-28.056],[-51.512,-28.059],[-51.514,-28.077],[-51.494,-28.138],[-51.51,-28.17],[-51.45,-28.236],[-51.45,-28.273],[-51.466,-28.284],[-51.467,-28.329],[-51.431,-28.341],[-51.414,-28.295],[-51.389,-28.296],[-51.384,-28.241],[-51.327,-28.22],[-51.295,-28.191],[-51.255,-28.177],[-51.244,-28.154],[-51.261,-28.134],[-51.255,-28.092],[-51.278,-28.063],[-51.309,-28.059],[-51.344,-28.038],[-51.35,-27.999]]]}},{"type":"Feature","properties":{"code":"4304614"},"geometry":{"type":"Polygon","coordinates":[[[-52.192,-29.361],[-52.165,-29.351],[-52.164,-29.329],[-52.188,-29.287],[-52.243,-29.314],[-52.289,-29.288],[-52.308,-29.297],[-52.297,-29.35],[-52.192,-29.361]]]}},{"type":"Feature","properties":{"code":"4304606"},"geometry":{"type":"Polygon","coordinates":[[[-51.234,-29.938],[-51.201,-29.972],[-51.126,-29.954],[-51.106,-29.902],[-51.123,-29.866],[-51.232,-29.862],[-51.25,-29.884],[-51.234,-29.938]]]}},{"type":"Feature","properties":{"code":"4304705"},"geometry":{"type":"Polygon","coordinates":[[[-52.774,-28.371],[-52.758,-28.344],[-52.718,-28.337],[-52.709,-28.288],[-52.673,-28.27],[-52.608,-28.234],[-52.608,-28.206],[-52.638,-28.191],[-52.632,-28.17],[-52.654,-28.169],[-52.73,-28.215],[-52.763,-28.241],[-52.799,-28.225],[-52.825,-28.196],[-52.84,-28.24],[-52.882,-28.246],[-52.882,-28.222],[-52.912,-28.178],[-52.939,-28.188],[-52.964,-28.178],[-53.018,-28.209],[-53.024,-28.226],[-53.073,-28.262],[-53.122,-28.255],[-53.12,-28.298],[-53.1,-28.279],[-53.043,-28.305],[-53.023,-28.348],[-53.002,-28.368],[-52.955,-28.334],[-52.94,-28.38],[-52.923,-28.373],[-52.838,-28.386],[-52.794,-28.368],[-52.774,-28.371]]]}},{"type":"Feature","properties":{"code":"4304697"},"geometry":{"type":"Polygon","coordinates":[[[-52.033,-29.329],[-51.977,-29.301],[-51.962,-29.328],[-51.919,-29.292],[-51.947,-29.272],[-51.965,-29.238],[-51.994,-29.234],[-52.037,-29.268],[-52.033,-29.329]]]}},{"type":"Feature","properties":{"code":"4304689"},"geometry":{"type":"Polygon","coordinates":[[[-51.428,-29.653],[-51.423,-29.682],[-51.456,-29.706],[-51.434,-29.725],[-51.405,-29.772],[-51.365,-29.788],[-51.334,-29.757],[-51.307,-29.776],[-51.285,-29.722],[-51.288,-29.662],[-51.277,-29.656],[-51.309,-29.638],[-51.335,-29.648],[-51.364,-29.638],[-51.392,-29.653],[-51.428,-29.653]]]}},{"type":"Feature","properties":{"code":"4304671"},"geometry":{"type":"Polygon","coordinates":[[[-50.543,-30.252],[-50.541,-30.208],[-50.51,-30.215],[-50.446,-30.201],[-50.405,-30.216],[-50.357,-30.197],[-50.394,-30.158],[-50.367,-30.076],[-50.415,-30.103],[-50.457,-30.052],[-50.654,-30.044],[-50.635,-30.058],[-50.623,-30.12],[-50.621,-30.198],[-50.598,-30.196],[-50.575,-30.238],[-50.543,-30.252]]]}},{"type":"Feature","properties":{"code":"4304663"},"geometry":{"type":"Polygon","coordinates":[[[-52.418,-32.016],[-52.417,-31.967],[-52.389,-31.943],[-52.381,-31.913],[-52.408,-31.863],[-52.389,-31.849],[-52.389,-31.815],[-52.373,-31.8],[-52.427,-31.733],[-52.503,-31.707],[-52.54,-31.688],[-52.579,-31.682],[-52.611,-31.702],[-52.62,-31.728],[-52.669,-31.738],[-52.737,-31.741],[-52.746,-31.776],[-52.735,-31.813],[-52.662,-31.879],[-52.665,-31.9],[-52.663,-31.901],[-52.612,-31.919],[-52.605,-31.938],[-52.514,-31.954],[-52.513,-31.975],[-52.471,-31.999],[-52.418,-32.016]]]}},{"type":"Feature","properties":{"code":"4312708"},"geometry":{"type":"Polygon","coordinates":[[[-53.132,-27.444],[-53.099,-27.451],[-53.081,-27.436],[-53.035,-27.454],[-53.017,-27.462],[-52.974,-27.412],[-52.892,-27.387],[-52.868,-27.433],[-52.813,-27.45],[-52.819,-27.503],[-52.8,-27.496],[-52.727,-27.436],[-52.726,-27.432],[-52.719,-27.398],[-52.731,-27.374],[-52.728,-27.336],[-52.705,-27.298],[-52.685,-27.296],[-52.691,-27.284],[-52.714,-27.238],[-52.739,-27.254],[-52.763,-27.249],[-52.761,-27.213],[-52.785,-27.206],[-52.801,-27.203],[-52.783,-27.233],[-52.81,-27.298],[-52.848,-27.34],[-52.908,-27.312],[-52.934,-27.313],[-52.951,-27.308],[-52.956,-27.372],[-52.996,-27.387],[-53.034,-27.372],[-53.044,-27.394],[-53.076,-27.373],[-53.124,-27.434],[-53.132,-27.444]]]}},{"type":"Feature","properties":{"code":"4304655"},"geometry":{"type":"Polygon","coordinates":[[[-54.816,-28.869],[-54.777,-28.902],[-54.753,-28.941],[-54.711,-28.954],[-54.704,-29.006],[-54.673,-29.05],[-54.646,-29.047],[-54.641,-29.134],[-54.589,-29.122],[-54.573,-29.154],[-54.527,-29.178],[-54.512,-29.157],[-54.455,-29.128],[-54.433,-29.09],[-54.46,-29.07],[-54.432,-29.042],[-54.378,-29.005],[-54.434,-28.903],[-54.492,-28.868],[-54.528,-28.867],[-54.565,-28.838],[-54.59,-28.785],[-54.617,-28.753],[-54.653,-28.741],[-54.671,-28.716],[-54.675,-28.738],[-54.714,-28.795],[-54.708,-28.837],[-54.772,-28.872],[-54.816,-28.869]]]}},{"type":"Feature","properties":{"code":"4320859"},"geometry":{"type":"Polygon","coordinates":[[[-51.724,-29.716],[-51.696,-29.672],[-51.659,-29.644],[-51.679,-29.614],[-51.751,-29.629],[-51.761,-29.649],[-51.788,-29.673],[-51.779,-29.697],[-51.798,-29.713],[-51.756,-29.733],[-51.724,-29.716]]]}},{"type":"Feature","properties":{"code":"4304507"},"geometry":{"type":"Polygon","coordinates":[[[-52.612,-31.504],[-52.501,-31.328],[-52.479,-31.322],[-52.423,-31.336],[-52.44,-31.281],[-52.475,-31.245],[-52.444,-31.21],[-52.404,-31.148],[-52.367,-31.136],[-52.355,-31.109],[-52.289,-31.089],[-52.274,-31.071],[-52.279,-31.041],[-52.245,-30.984],[-52.255,-30.959],[-52.244,-30.928],[-52.249,-30.884],[-52.312,-30.887],[-52.364,-30.908],[-52.427,-30.915],[-52.514,-30.932],[-52.552,-30.931],[-52.596,-30.953],[-52.627,-30.945],[-52.674,-30.908],[-52.732,-30.895],[-52.829,-30.904],[-52.865,-30.922],[-52.874,-30.961],[-52.906,-31.012],[-52.915,-31.057],[-52.931,-31.069],[-52.923,-31.178],[-52.909,-31.225],[-52.921,-31.246],[-52.907,-31.317],[-52.935,-31.385],[-52.918,-31.398],[-52.937,-31.437],[-52.959,-31.446],[-52.991,-31.559],[-52.929,-31.611],[-52.94,-31.645],[-52.903,-31.672],[-52.854,-31.596],[-52.801,-31.61],[-52.733,-31.602],[-52.71,-31.611],[-52.66,-31.58],[-52.612,-31.504]]]}},{"type":"Feature","properties":{"code":"4312674"},"geometry":{"type":"Polygon","coordinates":[[[-52.546,-28.547],[-52.523,-28.544],[-52.458,-28.565],[-52.434,-28.549],[-52.391,-28.569],[-52.365,-28.564],[-52.349,-28.53],[-52.392,-28.468],[-52.432,-28.486],[-52.446,-28.473],[-52.512,-28.476],[-52.545,-28.498],[-52.552,-28.53],[-52.546,-28.547]]]}},{"type":"Feature","properties":{"code":"4312658"},"geometry":{"type":"Polygon","coordinates":[[[-52.76,-28.543],[-52.727,-28.549],[-52.715,-28.501],[-52.693,-28.469],[-52.715,-28.429],[-52.732,-28.428],[-52.774,-28.371],[-52.794,-28.368],[-52.838,-28.386],[-52.923,-28.373],[-52.94,-28.38],[-52.927,-28.402],[-52.946,-28.496],[-52.921,-28.54],[-52.88,-28.52],[-52.852,-28.535],[-52.795,-28.519],[-52.76,-28.543]]]}},{"type":"Feature","properties":{"code":"4312757"},"geometry":{"type":"Polygon","coordinates":[[[-52.257,-28.68],[-52.258,-28.721],[-52.248,-28.75],[-52.225,-28.762],[-52.198,-28.746],[-52.157,-28.753],[-52.137,-28.742],[-52.078,-28.741],[-52.082,-28.712],[-52.077,-28.687],[-52.1,-28.669],[-52.133,-28.673],[-52.156,-28.652],[-52.193,-28.656],[-52.203,-28.674],[-52.249,-28.662],[-52.257,-28.68]]]}},{"type":"Feature","properties":{"code":"4320909"},"geometry":{"type":"Polygon","coordinates":[[[-52.124,-28.024],[-52.085,-28.055],[-52.094,-28.098],[-52.083,-28.118],[-52.043,-28.117],[-52.022,-28.132],[-51.989,-28.129],[-51.964,-28.112],[-51.918,-28.112],[-51.909,-28.025],[-51.934,-28.0],[-51.963,-27.981],[-51.995,-28.014],[-52.089,-27.977],[-52.089,-27.994],[-52.124,-28.024]]]}},{"type":"Feature","properties":{"code":"4313086"},"geometry":{"type":"Polygon","coordinates":[[[-51.34,-28.965],[-51.384,-29.003],[-51.361,-29.016],[-51.358,-29.058],[-51.274,-29.029],[-51.27,-28.96],[-51.275,-28.926],[-51.317,-28.959],[-51.34,-28.965]]]}},{"type":"Feature","properties":{"code":"4313060"},"geometry":{"type":"Polygon","coordinates":[[[-50.906,-29.631],[-50.88,-29.637],[-50.857,-29.585],[-50.856,-29.556],[-50.9,-29.55],[-50.943,-29.547],[-50.947,-29.552],[-50.948,-29.595],[-50.912,-29.599],[-50.906,-29.631]]]}},{"type":"Feature","properties":{"code":"4313037"},"geometry":{"type":"Polygon","coordinates":[[[-54.835,-29.506],[-54.788,-29.487],[-54.751,-29.461],[-54.76,-29.41],[-54.751,-29.392],[-54.78,-29.345],[-54.835,-29.351],[-54.834,-29.319],[-54.927,-29.326],[-54.896,-29.349],[-54.866,-29.398],[-54.851,-29.477],[-54.835,-29.506]]]}},{"type":"Feature","properties":{"code":"4304853"},"geometry":{"type":"Polygon","coordinates":[[[-51.925,-27.751],[-51.907,-27.756],[-51.881,-27.719],[-51.892,-27.679],[-51.896,-27.652],[-51.974,-27.672],[-51.982,-27.72],[-51.964,-27.748],[-51.925,-27.751]]]}},{"type":"Feature","properties":{"code":"4321329"},"geometry":{"type":"Polygon","coordinates":[[[-53.425,-27.422],[-53.444,-27.363],[-53.461,-27.351],[-53.481,-27.388],[-53.532,-27.387],[-53.551,-27.394],[-53.545,-27.429],[-53.506,-27.434],[-53.492,-27.45],[-53.425,-27.422]]]}},{"type":"Feature","properties":{"code":"4321303"},"geometry":{"type":"Polygon","coordinates":[[[-51.716,-29.861],[-51.758,-29.819],[-51.758,-29.792],[-51.719,-29.743],[-51.724,-29.716],[-51.756,-29.733],[-51.798,-29.713],[-51.779,-29.697],[-51.788,-29.673],[-51.761,-29.649],[-51.776,-29.621],[-51.799,-29.614],[-51.827,-29.649],[-51.873,-29.643],[-51.881,-29.671],[-51.907,-29.668],[-51.954,-29.713],[-51.943,-29.759],[-51.91,-29.767],[-51.914,-29.808],[-51.886,-29.804],[-51.841,-29.824],[-51.816,-29.862],[-51.748,-29.852],[-51.716,-29.861]]]}},{"type":"Feature","properties":{"code":"4304952"},"geometry":{"type":"Polygon","coordinates":[[[-51.636,-28.252],[-51.652,-28.212],[-51.658,-28.173],[-51.694,-28.15],[-51.692,-28.191],[-51.736,-28.214],[-51.791,-28.194],[-51.798,-28.213],[-51.846,-28.239],[-51.892,-28.212],[-51.914,-28.241],[-51.884,-28.261],[-51.858,-28.252],[-51.808,-28.25],[-51.822,-28.298],[-51.764,-28.288],[-51.749,-28.308],[-51.705,-28.313],[-51.666,-28.324],[-51.628,-28.281],[-51.636,-28.252]]]}},{"type":"Feature","properties":{"code":"4313102"},"geometry":{"type":"Polygon","coordinates":[[[-53.518,-29.471],[-53.507,-29.517],[-53.492,-29.525],[-53.429,-29.512],[-53.386,-29.489],[-53.294,-29.486],[-53.294,-29.453],[-53.265,-29.449],[-53.238,-29.412],[-53.313,-29.438],[-53.332,-29.419],[-53.347,-29.378],[-53.367,-29.357],[-53.417,-29.352],[-53.439,-29.339],[-53.495,-29.358],[-53.526,-29.4],[-53.499,-29.455],[-53.518,-29.471]]]}},{"type":"Feature","properties":{"code":"4312955"},"geometry":{"type":"Polygon","coordinates":[[[-52.944,-28.044],[-52.909,-28.015],[-52.935,-27.961],[-52.976,-27.953],[-53.032,-27.962],[-53.043,-27.983],[-53.022,-28.004],[-53.017,-28.037],[-52.956,-28.036],[-52.944,-28.044]]]}},{"type":"Feature","properties":{"code":"4304903"},"geometry":{"type":"Polygon","coordinates":[[[-52.066,-28.614],[-51.996,-28.61],[-51.994,-28.672],[-51.848,-28.663],[-51.84,-28.652],[-51.853,-28.644],[-51.854,-28.59],[-51.916,-28.562],[-51.916,-28.51],[-51.925,-28.52],[-52.02,-28.528],[-52.035,-28.546],[-52.09,-28.536],[-52.099,-28.548],[-52.093,-28.616],[-52.066,-28.614]]]}},{"type":"Feature","properties":{"code":"4321105"},"geometry":{"type":"Polygon","coordinates":[[[-51.63,-30.745],[-51.59,-30.76],[-51.535,-30.802],[-51.523,-30.833],[-51.477,-30.882],[-51.449,-30.872],[-51.39,-30.88],[-51.391,-30.84],[-51.404,-30.783],[-51.401,-30.717],[-51.381,-30.643],[-51.335,-30.634],[-51.319,-30.646],[-51.315,-30.705],[-51.293,-30.708],[-51.302,-30.634],[-51.298,-30.559],[-51.265,-30.48],[-51.276,-30.471],[-51.397,-30.495],[-51.491,-30.503],[-51.539,-30.593],[-51.58,-30.703],[-51.63,-30.745]]]}},{"type":"Feature","properties":{"code":"4312906"},"geometry":{"type":"Polygon","coordinates":[[[-51.834,-28.778],[-51.763,-28.776],[-51.761,-28.796],[-51.713,-28.784],[-51.66,-28.773],[-51.669,-28.657],[-51.727,-28.683],[-51.783,-28.665],[-51.836,-28.678],[-51.856,-28.755],[-51.834,-28.778]]]}},{"type":"Feature","properties":{"code":"4321204"},"geometry":{"type":"Polygon","coordinates":[[[-50.958,-29.789],[-50.864,-29.789],[-50.836,-29.766],[-50.812,-29.774],[-50.728,-29.769],[-50.694,-29.79],[-50.707,-29.771],[-50.687,-29.747],[-50.699,-29.714],[-50.684,-29.677],[-50.634,-29.606],[-50.603,-29.589],[-50.59,-29.553],[-50.631,-29.559],[-50.651,-29.503],[-50.688,-29.484],[-50.716,-29.517],[-50.691,-29.566],[-50.695,-29.593],[-50.806,-29.618],[-50.796,-29.668],[-50.824,-29.685],[-50.84,-29.725],[-50.869,-29.73],[-50.888,-29.701],[-50.927,-29.676],[-50.942,-29.691],[-50.947,-29.693],[-50.934,-29.769],[-50.958,-29.789]]]}},{"type":"Feature","properties":{"code":"4304713"},"geometry":{"type":"Polygon","coordinates":[[[-50.373,-29.858],[-50.309,-29.848],[-50.276,-29.835],[-50.254,-29.802],[-50.256,-29.757],[-50.223,-29.726],[-50.275,-29.708],[-50.278,-29.688],[-50.316,-29.678],[-50.359,-29.716],[-50.404,-29.706],[-50.434,-29.751],[-50.467,-29.772],[-50.468,-29.793],[-50.435,-29.806],[-50.42,-29.831],[-50.373,-29.858]]]}},{"type":"Feature","properties":{"code":"4313011"},"geometry":{"type":"Polygon","coordinates":[[[-54.046,-27.652],[-54.053,-27.619],[-54.078,-27.601],[-54.072,-27.576],[-54.071,-27.551],[-54.138,-27.564],[-54.199,-27.559],[-54.2,-27.591],[-54.189,-27.614],[-54.144,-27.626],[-54.114,-27.635],[-54.085,-27.627],[-54.046,-27.652]]]}},{"type":"Feature","properties":{"code":"4313003"},"geometry":{"type":"Polygon","coordinates":[[[-52.113,-29.233],[-52.112,-29.271],[-52.037,-29.268],[-51.994,-29.234],[-51.965,-29.238],[-51.958,-29.202],[-52.002,-29.166],[-52.018,-29.167],[-52.046,-29.19],[-52.074,-29.196],[-52.113,-29.233]]]}},{"type":"Feature","properties":{"code":"4304804"},"geometry":{"type":"Polygon","coordinates":[[[-51.617,-29.378],[-51.561,-29.374],[-51.521,-29.351],[-51.398,-29.352],[-51.35,-29.352],[-51.353,-29.333],[-51.354,-29.291],[-51.439,-29.291],[-51.461,-29.255],[-51.491,-29.26],[-51.491,-29.276],[-51.541,-29.275],[-51.546,-29.293],[-51.632,-29.294],[-51.631,-29.333],[-51.646,-29.371],[-51.617,-29.378]]]}},{"type":"Feature","properties":{"code":"4320503"},"geometry":{"type":"Polygon","coordinates":[[[-52.507,-28.036],[-52.477,-28.066],[-52.382,-28.081],[-52.376,-28.043],[-52.326,-28.029],[-52.289,-28.077],[-52.241,-28.079],[-52.214,-28.065],[-52.165,-28.074],[-52.124,-28.024],[-52.089,-27.994],[-52.089,-27.977],[-52.091,-27.936],[-52.126,-27.953],[-52.17,-27.943],[-52.228,-27.972],[-52.269,-27.955],[-52.335,-27.977],[-52.404,-27.991],[-52.45,-27.984],[-52.524,-27.942],[-52.542,-27.956],[-52.58,-27.945],[-52.552,-27.966],[-52.544,-27.992],[-52.507,-28.036]]]}},{"type":"Feature","properties":{"code":"4312302"},"geometry":{"type":"Polygon","coordinates":[[[-53.681,-27.548],[-53.665,-27.549],[-53.7,-27.447],[-53.752,-27.447],[-53.826,-27.439],[-53.827,-27.489],[-53.811,-27.498],[-53.722,-27.551],[-53.681,-27.548]]]}},{"type":"Feature","properties":{"code":"4304101"},"geometry":{"type":"Polygon","coordinates":[[[-53.124,-28.847],[-53.144,-28.862],[-53.155,-28.902],[-53.13,-28.941],[-53.129,-28.987],[-53.076,-28.962],[-53.033,-28.968],[-53.016,-28.947],[-53.008,-28.92],[-52.976,-28.914],[-52.931,-28.934],[-52.92,-28.913],[-52.964,-28.87],[-53.061,-28.83],[-53.079,-28.863],[-53.133,-28.872],[-53.124,-28.847]]]}},{"type":"Feature","properties":{"code":"4320578"},"geometry":{"type":"Polygon","coordinates":[[[-54.544,-28.116],[-54.509,-28.116],[-54.492,-28.138],[-54.487,-28.246],[-54.451,-28.225],[-54.451,-28.194],[-54.411,-28.194],[-54.404,-28.139],[-54.396,-28.129],[-54.428,-28.091],[-54.427,-28.07],[-54.516,-28.093],[-54.544,-28.116]]]}},{"type":"Feature","properties":{"code":"4312385"},"geometry":{"type":"Polygon","coordinates":[[[-51.666,-29.188],[-51.617,-29.187],[-51.615,-29.125],[-51.649,-29.094],[-51.682,-29.089],[-51.696,-29.097],[-51.695,-29.158],[-51.665,-29.159],[-51.666,-29.188]]]}},{"type":"Feature","properties":{"code":"4320552"},"geometry":{"type":"Polygon","coordinates":[[[-51.759,-30.505],[-51.757,-30.523],[-51.695,-30.527],[-51.658,-30.519],[-51.641,-30.54],[-51.605,-30.524],[-51.547,-30.521],[-51.525,-30.51],[-51.536,-30.412],[-51.536,-30.4],[-51.651,-30.399],[-51.681,-30.384],[-51.681,-30.438],[-51.718,-30.448],[-51.713,-30.472],[-51.752,-30.485],[-51.759,-30.505]]]}},{"type":"Feature","properties":{"code":"4312377"},"geometry":{"type":"Polygon","coordinates":[[[-50.963,-28.795],[-50.886,-28.812],[-50.879,-28.841],[-50.85,-28.833],[-50.814,-28.826],[-50.798,-28.799],[-50.733,-28.785],[-50.706,-28.795],[-50.674,-28.739],[-50.685,-28.705],[-50.674,-28.648],[-50.683,-28.627],[-50.727,-28.6],[-50.773,-28.583],[-50.786,-28.558],[-50.828,-28.553],[-50.864,-28.573],[-50.871,-28.609],[-50.913,-28.662],[-50.892,-28.7],[-50.909,-28.735],[-50.955,-28.775],[-50.958,-28.79],[-50.963,-28.795]]]}},{"type":"Feature","properties":{"code":"4312351"},"geometry":{"type":"Polygon","coordinates":[[[-52.082,-28.712],[-51.986,-28.707],[-52.004,-28.66],[-52.066,-28.614],[-52.093,-28.616],[-52.11,-28.656],[-52.1,-28.669],[-52.077,-28.687],[-52.082,-28.712]]]}},{"type":"Feature","properties":{"code":"4312179"},"geometry":{"type":"Polygon","coordinates":[[[-54.585,-28.296],[-54.578,-28.235],[-54.634,-28.207],[-54.662,-28.195],[-54.676,-28.227],[-54.71,-28.208],[-54.746,-28.208],[-54.76,-28.247],[-54.699,-28.256],[-54.679,-28.275],[-54.62,-28.277],[-54.585,-28.296]]]}},{"type":"Feature","properties":{"code":"4320354"},"geometry":{"type":"Polygon","coordinates":[[[-51.697,-30.69],[-51.698,-30.745],[-51.635,-30.75],[-51.63,-30.745],[-51.58,-30.703],[-51.539,-30.593],[-51.491,-30.503],[-51.525,-30.51],[-51.547,-30.521],[-51.605,-30.524],[-51.641,-30.54],[-51.658,-30.519],[-51.663,-30.59],[-51.649,-30.614],[-51.654,-30.642],[-51.676,-30.655],[-51.697,-30.69]]]}},{"type":"Feature","properties":{"code":"4304002"},"geometry":{"type":"Polygon","coordinates":[[[-53.78,-27.755],[-53.759,-27.755],[-53.774,-27.707],[-53.769,-27.68],[-53.745,-27.656],[-53.76,-27.613],[-53.792,-27.603],[-53.811,-27.576],[-53.839,-27.594],[-53.898,-27.595],[-53.899,-27.625],[-53.881,-27.638],[-53.881,-27.67],[-53.917,-27.692],[-53.89,-27.722],[-53.844,-27.729],[-53.822,-27.764],[-53.78,-27.755]]]}},{"type":"Feature","properties":{"code":"4312153"},"geometry":{"type":"Polygon","coordinates":[[[-52.101,-29.549],[-52.107,-29.498],[-52.142,-29.484],[-52.156,-29.477],[-52.167,-29.546],[-52.148,-29.564],[-52.101,-29.549]]]}},{"type":"Feature","properties":{"code":"4320453"},"geometry":{"type":"Polygon","coordinates":[[[-52.218,-29.455],[-52.201,-29.425],[-52.179,-29.406],[-52.192,-29.361],[-52.297,-29.35],[-52.316,-29.371],[-52.345,-29.378],[-52.284,-29.414],[-52.25,-29.448],[-52.218,-29.455]]]}},{"type":"Feature","properties":{"code":"4312138"},"geometry":{"type":"Polygon","coordinates":[[[-52.214,-28.353],[-52.129,-28.333],[-52.109,-28.317],[-52.083,-28.345],[-52.074,-28.305],[-52.092,-28.306],[-52.144,-28.243],[-52.194,-28.223],[-52.213,-28.193],[-52.204,-28.177],[-52.233,-28.177],[-52.277,-28.228],[-52.267,-28.241],[-52.305,-28.302],[-52.281,-28.323],[-52.244,-28.331],[-52.214,-28.353]]]}},{"type":"Feature","properties":{"code":"4312252"},"geometry":{"type":"Polygon","coordinates":[[[-52.105,-29.946],[-52.148,-29.951],[-52.154,-29.984],[-52.146,-30.02],[-52.163,-30.066],[-52.17,-30.125],[-52.152,-30.146],[-52.159,-30.191],[-52.108,-30.191],[-52.08,-30.216],[-51.993,-30.2],[-52.017,-30.139],[-51.98,-30.067],[-51.971,-30.028],[-52.016,-30.042],[-52.007,-29.95],[-52.018,-29.938],[-52.033,-29.957],[-52.07,-29.933],[-52.105,-29.946]]]}},{"type":"Feature","properties":{"code":"4320404"},"geometry":{"type":"Polygon","coordinates":[[[-51.856,-28.755],[-51.836,-28.678],[-51.848,-28.663],[-51.994,-28.672],[-51.996,-28.61],[-52.066,-28.614],[-52.004,-28.66],[-51.986,-28.707],[-51.992,-28.748],[-51.959,-28.761],[-51.856,-28.755]]]}},{"type":"Feature","properties":{"code":"4312203"},"geometry":{"type":"Polygon","coordinates":[[[-51.892,-27.579],[-51.901,-27.603],[-51.884,-27.625],[-51.896,-27.652],[-51.892,-27.679],[-51.755,-27.667],[-51.739,-27.628],[-51.768,-27.554],[-51.76,-27.536],[-51.788,-27.515],[-51.838,-27.523],[-51.892,-27.579]]]}},{"type":"Feature","properties":{"code":"4304358"},"geometry":{"type":"Polygon","coordinates":[[[-53.914,-31.855],[-53.836,-31.828],[-53.8,-31.788],[-53.799,-31.761],[-53.77,-31.747],[-53.764,-31.71],[-53.772,-31.651],[-53.718,-31.645],[-53.669,-31.591],[-53.623,-31.605],[-53.578,-31.537],[-53.602,-31.46],[-53.573,-31.442],[-53.561,-31.407],[-53.577,-31.389],[-53.615,-31.385],[-53.651,-31.338],[-53.719,-31.327],[-53.765,-31.312],[-53.791,-31.344],[-53.801,-31.374],[-53.781,-31.439],[-53.833,-31.47],[-53.822,-31.515],[-53.839,-31.551],[-53.838,-31.588],[-53.849,-31.625],[-53.881,-31.662],[-53.914,-31.761],[-53.906,-31.808],[-53.914,-31.855]]]}},{"type":"Feature","properties":{"code":"4320800"},"geometry":{"type":"Polygon","coordinates":[[[-52.805,-29.043],[-52.817,-29.084],[-52.791,-29.117],[-52.751,-29.144],[-52.721,-29.073],[-52.692,-29.052],[-52.675,-28.978],[-52.635,-28.962],[-52.559,-28.975],[-52.54,-28.999],[-52.495,-29.034],[-52.491,-28.992],[-52.504,-28.95],[-52.487,-28.909],[-52.357,-28.876],[-52.299,-28.876],[-52.306,-28.841],[-52.327,-28.814],[-52.278,-28.735],[-52.279,-28.696],[-52.257,-28.68],[-52.249,-28.662],[-52.288,-28.642],[-52.314,-28.648],[-52.323,-28.679],[-52.346,-28.704],[-52.407,-28.689],[-52.438,-28.699],[-52.481,-28.675],[-52.565,-28.654],[-52.615,-28.637],[-52.596,-28.688],[-52.624,-28.759],[-52.71,-28.747],[-52.725,-28.735],[-52.731,-28.762],[-52.709,-28.79],[-52.718,-29.01],[-52.805,-29.043]]]}},{"type":"Feature","properties":{"code":"4312625"},"geometry":{"type":"Polygon","coordinates":[[[-51.833,-28.357],[-51.786,-28.382],[-51.716,-28.369],[-51.702,-28.355],[-51.705,-28.313],[-51.749,-28.308],[-51.764,-28.288],[-51.822,-28.298],[-51.808,-28.25],[-51.858,-28.252],[-51.832,-28.29],[-51.818,-28.338],[-51.833,-28.357]]]}},{"type":"Feature","properties":{"code":"4312617"},"geometry":{"type":"Polygon","coordinates":[[[-51.396,-28.54],[-51.403,-28.604],[-51.399,-28.639],[-51.369,-28.633],[-51.335,-28.584],[-51.256,-28.589],[-51.227,-28.581],[-51.193,-28.591],[-51.16,-28.583],[-51.152,-28.565],[-51.133,-28.493],[-51.156,-28.475],[-51.102,-28.459],[-51.084,-28.415],[-51.038,-28.376],[-51.063,-28.319],[-51.062,-28.254],[-51.081,-28.233],[-51.143,-28.181],[-51.197,-28.187],[-51.244,-28.154],[-51.255,-28.177],[-51.295,-28.191],[-51.327,-28.22],[-51.384,-28.241],[-51.389,-28.296],[-51.327,-28.333],[-51.349,-28.398],[-51.334,-28.419],[-51.372,-28.464],[-51.369,-28.503],[-51.396,-28.54]]]}},{"type":"Feature","properties":{"code":"4312609"},"geometry":{"type":"Polygon","coordinates":[[[-51.886,-29.171],[-51.843,-29.151],[-51.829,-29.176],[-51.758,-29.185],[-51.739,-29.137],[-51.739,-29.119],[-51.78,-29.094],[-51.801,-29.116],[-51.831,-29.097],[-51.863,-29.116],[-51.908,-29.108],[-51.897,-29.146],[-51.886,-29.171]]]}},{"type":"Feature","properties":{"code":"4304408"},"geometry":{"type":"Polygon","coordinates":[[[-50.788,-29.439],[-50.722,-29.404],[-50.685,-29.407],[-50.657,-29.422],[-50.645,-29.382],[-50.682,-29.36],[-50.675,-29.336],[-50.743,-29.327],[-50.763,-29.302],[-50.763,-29.276],[-50.796,-29.277],[-50.819,-29.258],[-50.859,-29.248],[-50.89,-29.288],[-50.857,-29.305],[-50.842,-29.36],[-50.853,-29.379],[-50.833,-29.412],[-50.788,-29.439]]]}},{"type":"Feature","properties":{"code":"4312450"},"geometry":{"type":"Polygon","coordinates":[[[-52.737,-31.741],[-52.669,-31.738],[-52.62,-31.728],[-52.611,-31.702],[-52.579,-31.682],[-52.57,-31.666],[-52.589,-31.608],[-52.548,-31.559],[-52.612,-31.504],[-52.66,-31.58],[-52.71,-31.611],[-52.699,-31.637],[-52.712,-31.711],[-52.737,-31.741]]]}},{"type":"Feature","properties":{"code":"4312443"},"geometry":{"type":"Polygon","coordinates":[[[-49.891,-29.372],[-49.889,-29.312],[-49.897,-29.282],[-49.887,-29.258],[-49.93,-29.253],[-49.955,-29.285],[-50.006,-29.302],[-50.035,-29.325],[-50.03,-29.343],[-50.01,-29.401],[-50.032,-29.422],[-49.981,-29.398],[-49.961,-29.406],[-49.891,-29.372]]]}},{"type":"Feature","properties":{"code":"4312427"},"geometry":{"type":"Polygon","coordinates":[[[-52.728,-28.685],[-52.725,-28.735],[-52.71,-28.747],[-52.624,-28.759],[-52.596,-28.688],[-52.615,-28.637],[-52.661,-28.612],[-52.69,-28.636],[-52.695,-28.666],[-52.728,-28.685]]]}},{"type":"Feature","properties":{"code":"4320602"},"geometry":{"type":"Polygon","coordinates":[[[-52.067,-27.48],[-52.067,-27.454],[-52.03,-27.436],[-52.062,-27.388],[-52.049,-27.346],[-52.107,-27.343],[-52.112,-27.374],[-52.173,-27.378],[-52.194,-27.408],[-52.169,-27.459],[-52.108,-27.481],[-52.067,-27.48]]]}},{"type":"Feature","properties":{"code":"4312401"},"geometry":{"type":"Polygon","coordinates":[[[-51.366,-29.837],[-51.35,-29.821],[-51.365,-29.788],[-51.405,-29.772],[-51.434,-29.725],[-51.456,-29.706],[-51.423,-29.682],[-51.428,-29.653],[-51.428,-29.634],[-51.467,-29.621],[-51.495,-29.602],[-51.503,-29.577],[-51.538,-29.613],[-51.576,-29.613],[-51.608,-29.592],[-51.663,-29.59],[-51.642,-29.636],[-51.566,-29.737],[-51.587,-29.776],[-51.522,-29.781],[-51.492,-29.823],[-51.452,-29.829],[-51.438,-29.844],[-51.366,-29.837]]]}},{"type":"Feature","properties":{"code":"4320701"},"geometry":{"type":"Polygon","coordinates":[[[-53.014,-29.464],[-52.99,-29.435],[-52.937,-29.41],[-52.939,-29.395],[-52.96,-29.396],[-52.974,-29.358],[-53.025,-29.337],[-53.083,-29.372],[-53.095,-29.467],[-53.047,-29.454],[-53.014,-29.464]]]}},{"type":"Feature","properties":{"code":"4304200"},"geometry":{"type":"Polygon","coordinates":[[[-52.741,-29.905],[-52.755,-29.886],[-52.755,-29.843],[-52.741,-29.804],[-52.704,-29.793],[-52.581,-29.794],[-52.574,-29.771],[-52.599,-29.738],[-52.692,-29.713],[-52.709,-29.663],[-52.742,-29.65],[-52.74,-29.62],[-52.764,-29.603],[-52.736,-29.547],[-52.751,-29.504],[-52.798,-29.495],[-52.849,-29.512],[-52.888,-29.509],[-52.943,-29.52],[-52.962,-29.515],[-52.98,-29.557],[-52.944,-29.647],[-52.934,-29.652],[-52.93,-29.719],[-52.928,-29.771],[-52.9,-29.846],[-52.851,-29.91],[-52.818,-29.923],[-52.788,-29.905],[-52.741,-29.905]]]}},{"type":"Feature","properties":{"code":"4312500"},"geometry":{"type":"Polygon","coordinates":[[[-50.842,-31.19],[-50.767,-31.11],[-50.668,-30.963],[-50.558,-30.818],[-50.465,-30.681],[-50.374,-30.563],[-50.334,-30.501],[-50.686,-30.501],[-50.679,-30.609],[-50.69,-30.707],[-50.721,-30.78],[-50.754,-30.819],[-50.816,-30.841],[-50.882,-30.892],[-50.92,-30.906],[-50.968,-30.898],[-50.951,-30.959],[-50.955,-31.003],[-50.995,-31.048],[-51.048,-31.062],[-51.104,-31.099],[-51.177,-31.08],[-51.179,-31.134],[-51.134,-31.123],[-51.117,-31.151],[-51.053,-31.164],[-50.986,-31.206],[-50.962,-31.183],[-50.842,-31.19]]]}},{"type":"Feature","properties":{"code":"4320677"},"geometry":{"type":"Polygon","coordinates":[[[-52.564,-29.584],[-52.527,-29.564],[-52.474,-29.56],[-52.439,-29.54],[-52.445,-29.516],[-52.432,-29.475],[-52.45,-29.451],[-52.457,-29.415],[-52.435,-29.378],[-52.462,-29.373],[-52.489,-29.344],[-52.535,-29.329],[-52.543,-29.376],[-52.602,-29.357],[-52.634,-29.33],[-52.71,-29.306],[-52.754,-29.364],[-52.758,-29.405],[-52.653,-29.39],[-52.571,-29.472],[-52.607,-29.473],[-52.613,-29.492],[-52.68,-29.5],[-52.681,-29.527],[-52.617,-29.523],[-52.62,-29.581],[-52.564,-29.584]]]}},{"type":"Feature","properties":{"code":"4304309"},"geometry":{"type":"Polygon","coordinates":[[[-54.616,-27.936],[-54.685,-27.889],[-54.703,-27.866],[-54.78,-27.863],[-54.831,-27.841],[-54.828,-27.87],[-54.819,-27.916],[-54.787,-27.936],[-54.786,-27.991],[-54.762,-27.98],[-54.718,-27.985],[-54.718,-28.01],[-54.616,-28.012],[-54.616,-27.936]]]}},{"type":"Feature","properties":{"code":"4320651"},"geometry":{"type":"Polygon","coordinates":[[[-53.53,-29.696],[-53.547,-29.661],[-53.526,-29.639],[-53.468,-29.64],[-53.477,-29.612],[-53.509,-29.624],[-53.55,-29.574],[-53.583,-29.577],[-53.627,-29.605],[-53.65,-29.623],[-53.619,-29.649],[-53.615,-29.671],[-53.586,-29.695],[-53.545,-29.704],[-53.53,-29.696]]]}},{"type":"Feature","properties":{"code":"4312476"},"geometry":{"type":"Polygon","coordinates":[[[-51.046,-29.561],[-51.043,-29.539],[-50.947,-29.552],[-50.943,-29.547],[-50.969,-29.52],[-51.017,-29.515],[-51.051,-29.492],[-51.063,-29.468],[-51.106,-29.477],[-51.112,-29.511],[-51.116,-29.544],[-51.118,-29.551],[-51.046,-29.561]]]}},{"type":"Feature","properties":{"code":"4311809"},"geometry":{"type":"Polygon","coordinates":[[[-52.288,-28.642],[-52.306,-28.602],[-52.295,-28.585],[-52.252,-28.587],[-52.235,-28.548],[-52.243,-28.514],[-52.212,-28.483],[-52.186,-28.5],[-52.165,-28.478],[-52.105,-28.502],[-52.089,-28.496],[-52.062,-28.474],[-52.084,-28.476],[-52.111,-28.399],[-52.097,-28.385],[-52.102,-28.352],[-52.083,-28.345],[-52.109,-28.317],[-52.129,-28.333],[-52.214,-28.353],[-52.259,-28.366],[-52.282,-28.335],[-52.31,-28.361],[-52.295,-28.389],[-52.342,-28.394],[-52.373,-28.377],[-52.421,-28.405],[-52.444,-28.404],[-52.486,-28.46],[-52.512,-28.476],[-52.446,-28.473],[-52.432,-28.486],[-52.392,-28.468],[-52.349,-28.53],[-52.365,-28.564],[-52.391,-28.569],[-52.361,-28.579],[-52.314,-28.648],[-52.288,-28.642]]]}},{"type":"Feature","properties":{"code":"4311791"},"geometry":{"type":"Polygon","coordinates":[[[-51.588,-29.477],[-51.571,-29.551],[-51.576,-29.613],[-51.538,-29.613],[-51.503,-29.577],[-51.522,-29.512],[-51.588,-29.477]]]}},{"type":"Feature","properties":{"code":"4303608"},"geometry":{"type":"Polygon","coordinates":[[[-50.145,-29.27],[-50.146,-29.198],[-50.108,-29.211],[-50.075,-29.188],[-50.018,-29.163],[-49.992,-29.117],[-49.971,-29.101],[-49.958,-29.068],[-49.966,-29.022],[-49.934,-28.966],[-49.956,-28.949],[-49.965,-28.925],[-49.951,-28.893],[-49.989,-28.897],[-50.023,-28.862],[-50.06,-28.838],[-50.089,-28.845],[-50.127,-28.82],[-50.181,-28.825],[-50.194,-28.84],[-50.183,-28.884],[-50.159,-28.907],[-50.191,-28.93],[-50.245,-28.934],[-50.245,-28.958],[-50.27,-29.014],[-50.23,-29.021],[-50.226,-29.043],[-50.189,-29.072],[-50.203,-29.103],[-50.241,-29.102],[-50.248,-29.132],[-50.271,-29.138],[-50.337,-29.11],[-50.358,-29.117],[-50.357,-29.191],[-50.324,-29.222],[-50.333,-29.239],[-50.287,-29.296],[-50.2,-29.257],[-50.145,-29.27]]]}},{"type":"Feature","properties":{"code":"4311775"},"geometry":{"type":"Polygon","coordinates":[[[-50.116,-29.788],[-50.055,-29.762],[-50.022,-29.691],[-50.049,-29.654],[-50.121,-29.648],[-50.163,-29.625],[-50.152,-29.6],[-50.168,-29.535],[-50.22,-29.513],[-50.227,-29.493],[-50.261,-29.496],[-50.267,-29.466],[-50.303,-29.448],[-50.348,-29.494],[-50.355,-29.551],[-50.34,-29.608],[-50.354,-29.65],[-50.316,-29.678],[-50.278,-29.688],[-50.275,-29.708],[-50.223,-29.726],[-50.186,-29.744],[-50.173,-29.794],[-50.116,-29.788]]]}},{"type":"Feature","properties":{"code":"4311759"},"geometry":{"type":"Polygon","coordinates":[[[-55.85,-29.412],[-55.827,-29.43],[-55.779,-29.42],[-55.751,-29.438],[-55.77,-29.461],[-55.759,-29.495],[-55.689,-29.494],[-55.658,-29.533],[-55.608,-29.582],[-55.549,-29.601],[-55.54,-29.654],[-55.464,-29.649],[-55.45,-29.664],[-55.413,-29.661],[-55.399,-29.615],[-55.377,-29.614],[-55.368,-29.557],[-55.327,-29.523],[-55.37,-29.462],[-55.392,-29.444],[-55.41,-29.402],[-55.461,-29.377],[-55.516,-29.381],[-55.516,-29.349],[-55.479,-29.322],[-55.432,-29.316],[-55.419,-29.275],[-55.44,-29.232],[-55.459,-29.215],[-55.48,-29.198],[-55.539,-29.197],[-55.569,-29.224],[-55.607,-29.222],[-55.642,-29.247],[-55.645,-29.277],[-55.695,-29.286],[-55.738,-29.337],[-55.799,-29.345],[-55.825,-29.395],[-55.85,-29.412]]]}},{"type":"Feature","properties":{"code":"4303673"},"geometry":{"type":"Polygon","coordinates":[[[-50.958,-28.79],[-50.978,-28.781],[-50.975,-28.745],[-50.998,-28.736],[-51.016,-28.682],[-51.025,-28.624],[-51.071,-28.621],[-51.118,-28.556],[-51.152,-28.565],[-51.16,-28.583],[-51.193,-28.591],[-51.227,-28.581],[-51.256,-28.589],[-51.217,-28.62],[-51.167,-28.629],[-51.143,-28.671],[-51.16,-28.699],[-51.207,-28.715],[-51.187,-28.782],[-51.211,-28.81],[-51.176,-28.817],[-51.177,-28.858],[-51.16,-28.874],[-51.125,-28.877],[-51.097,-28.841],[-51.062,-28.865],[-51.044,-28.838],[-51.018,-28.842],[-50.963,-28.795],[-50.958,-28.79]]]}},{"type":"Feature","properties":{"code":"4320008"},"geometry":{"type":"Polygon","coordinates":[[[-51.101,-29.869],[-51.081,-29.83],[-51.068,-29.811],[-51.166,-29.799],[-51.191,-29.778],[-51.193,-29.803],[-51.181,-29.83],[-51.101,-29.869],[-51.101,-29.869]]]}},{"type":"Feature","properties":{"code":"4311643"},"geometry":{"type":"Polygon","coordinates":[[[-51.197,-29.409],[-51.235,-29.423],[-51.273,-29.489],[-51.265,-29.503],[-51.226,-29.501],[-51.222,-29.483],[-51.178,-29.494],[-51.169,-29.439],[-51.197,-29.409]]]}},{"type":"Feature","properties":{"code":"4311627"},"geometry":{"type":"Polygon","coordinates":[[[-51.196,-29.616],[-51.19,-29.559],[-51.205,-29.557],[-51.224,-29.547],[-51.245,-29.584],[-51.231,-29.617],[-51.196,-29.616]]]}},{"type":"Feature","properties":{"code":"4311734"},"geometry":{"type":"Polygon","coordinates":[[[-50.034,-29.35],[-50.03,-29.343],[-50.035,-29.325],[-50.006,-29.302],[-49.955,-29.285],[-49.93,-29.253],[-49.887,-29.258],[-49.902,-29.215],[-49.958,-29.2],[-50.01,-29.225],[-50.115,-29.262],[-50.108,-29.28],[-50.065,-29.311],[-50.034,-29.35]]]}},{"type":"Feature","properties":{"code":"4303558"},"geometry":{"type":"Polygon","coordinates":[[[-52.249,-28.662],[-52.203,-28.674],[-52.193,-28.656],[-52.156,-28.652],[-52.139,-28.633],[-52.18,-28.562],[-52.202,-28.567],[-52.235,-28.548],[-52.252,-28.587],[-52.295,-28.585],[-52.306,-28.602],[-52.288,-28.642],[-52.249,-28.662]]]}},{"type":"Feature","properties":{"code":"4319901"},"geometry":{"type":"Polygon","coordinates":[[[-50.942,-29.691],[-50.956,-29.666],[-50.948,-29.595],[-50.947,-29.552],[-51.043,-29.539],[-51.046,-29.561],[-51.056,-29.616],[-51.039,-29.649],[-51.007,-29.65],[-51.014,-29.696],[-50.996,-29.706],[-50.947,-29.693],[-50.942,-29.691]]]}},{"type":"Feature","properties":{"code":"4311718"},"geometry":{"type":"Polygon","coordinates":[[[-55.48,-29.198],[-55.459,-29.215],[-55.393,-29.208],[-55.403,-29.233],[-55.336,-29.223],[-55.313,-29.205],[-55.278,-29.181],[-55.268,-29.141],[-55.284,-29.108],[-55.273,-29.088],[-55.279,-29.01],[-55.293,-28.991],[-55.374,-28.986],[-55.4,-29.01],[-55.413,-29.047],[-55.465,-29.082],[-55.493,-29.053],[-55.505,-29.001],[-55.575,-29.005],[-55.584,-29.02],[-55.623,-29.008],[-55.682,-29.016],[-55.726,-28.982],[-55.773,-28.98],[-55.818,-28.993],[-55.843,-28.969],[-55.866,-28.969],[-55.914,-28.949],[-55.995,-28.944],[-56.022,-28.917],[-56.052,-28.919],[-56.055,-28.892],[-56.082,-28.857],[-56.097,-28.92],[-56.269,-29.095],[-56.261,-29.109],[-56.18,-29.134],[-56.171,-29.161],[-56.051,-29.15],[-55.912,-29.156],[-55.809,-29.128],[-55.731,-29.123],[-55.693,-29.108],[-55.647,-29.108],[-55.627,-29.093],[-55.577,-29.094],[-55.532,-29.072],[-55.508,-29.103],[-55.477,-29.171],[-55.48,-29.198]]]}},{"type":"Feature","properties":{"code":"4311700"},"geometry":{"type":"Polygon","coordinates":[[[-51.695,-27.7],[-51.636,-27.679],[-51.612,-27.658],[-51.578,-27.661],[-51.562,-27.632],[-51.58,-27.606],[-51.578,-27.577],[-51.608,-27.541],[-51.633,-27.489],[-51.647,-27.516],[-51.678,-27.505],[-51.701,-27.48],[-51.717,-27.511],[-51.752,-27.488],[-51.802,-27.494],[-51.788,-27.515],[-51.76,-27.536],[-51.768,-27.554],[-51.739,-27.628],[-51.755,-27.667],[-51.701,-27.69],[-51.695,-27.7]]]}},{"type":"Feature","properties":{"code":"4303509"},"geometry":{"type":"Polygon","coordinates":[[[-51.812,-31.286],[-51.791,-31.273],[-51.757,-31.286],[-51.707,-31.266],[-51.639,-31.271],[-51.641,-31.188],[-51.629,-31.153],[-51.602,-31.132],[-51.538,-31.115],[-51.605,-31.048],[-51.592,-30.985],[-51.6,-30.953],[-51.657,-30.892],[-51.725,-30.882],[-51.744,-30.839],[-51.694,-30.813],[-51.635,-30.75],[-51.698,-30.745],[-51.697,-30.69],[-51.744,-30.682],[-51.746,-30.657],[-51.801,-30.629],[-51.817,-30.649],[-51.872,-30.609],[-51.898,-30.572],[-51.905,-30.577],[-51.972,-30.638],[-51.979,-30.66],[-51.956,-30.676],[-51.937,-30.711],[-51.941,-30.739],[-51.918,-30.755],[-51.951,-30.801],[-51.936,-30.848],[-51.989,-30.844],[-52.005,-30.857],[-52.062,-30.856],[-52.098,-30.84],[-52.116,-30.848],[-52.12,-30.884],[-52.1,-30.909],[-52.066,-30.923],[-52.032,-30.916],[-51.975,-30.923],[-51.942,-30.943],[-51.882,-30.912],[-51.854,-31.005],[-51.81,-31.03],[-51.817,-31.048],[-51.79,-31.125],[-51.821,-31.163],[-51.791,-31.174],[-51.78,-31.232],[-51.812,-31.286]]]}},{"type":"Feature","properties":{"code":"4320230"},"geometry":{"type":"Polygon","coordinates":[[[-54.028,-27.667],[-53.988,-27.663],[-53.956,-27.686],[-53.917,-27.692],[-53.881,-27.67],[-53.881,-27.638],[-53.899,-27.625],[-53.898,-27.595],[-54.031,-27.627],[-54.037,-27.655],[-54.028,-27.667]]]}},{"type":"Feature","properties":{"code":"4312054"},"geometry":{"type":"Polygon","coordinates":[[[-52.064,-29.354],[-52.089,-29.333],[-52.12,-29.278],[-52.136,-29.277],[-52.166,-29.227],[-52.174,-29.213],[-52.231,-29.193],[-52.249,-29.197],[-52.201,-29.243],[-52.188,-29.287],[-52.164,-29.329],[-52.112,-29.362],[-52.09,-29.36],[-52.04,-29.401],[-52.035,-29.401],[-52.064,-29.354]]]}},{"type":"Feature","properties":{"code":"4320206"},"geometry":{"type":"Polygon","coordinates":[[[-53.319,-27.601],[-53.291,-27.578],[-53.291,-27.53],[-53.276,-27.518],[-53.274,-27.481],[-53.309,-27.429],[-53.288,-27.396],[-53.352,-27.421],[-53.425,-27.422],[-53.492,-27.45],[-53.47,-27.453],[-53.454,-27.497],[-53.411,-27.545],[-53.381,-27.61],[-53.346,-27.619],[-53.319,-27.601]]]}},{"type":"Feature","properties":{"code":"4320321"},"geometry":{"type":"Polygon","coordinates":[[[-54.516,-28.093],[-54.457,-28.006],[-54.474,-27.983],[-54.557,-27.98],[-54.596,-27.944],[-54.585,-28.015],[-54.585,-28.094],[-54.544,-28.116],[-54.516,-28.093]]]}},{"type":"Feature","properties":{"code":"4320305"},"geometry":{"type":"Polygon","coordinates":[[[-53.034,-28.764],[-52.953,-28.739],[-52.926,-28.73],[-52.938,-28.673],[-52.917,-28.596],[-52.927,-28.585],[-52.962,-28.577],[-53.017,-28.589],[-53.029,-28.643],[-53.03,-28.69],[-53.013,-28.715],[-53.033,-28.729],[-53.034,-28.764]]]}},{"type":"Feature","properties":{"code":"4312104"},"geometry":{"type":"Polygon","coordinates":[[[-54.569,-29.531],[-54.543,-29.548],[-54.572,-29.585],[-54.478,-29.648],[-54.458,-29.612],[-54.413,-29.604],[-54.388,-29.582],[-54.35,-29.581],[-54.342,-29.549],[-54.384,-29.499],[-54.395,-29.452],[-54.445,-29.466],[-54.51,-29.444],[-54.568,-29.485],[-54.569,-29.531]]]}},{"type":"Feature","properties":{"code":"4320263"},"geometry":{"type":"Polygon","coordinates":[[[-53.025,-29.337],[-52.974,-29.358],[-52.96,-29.396],[-52.939,-29.395],[-52.851,-29.386],[-52.814,-29.348],[-52.825,-29.328],[-52.878,-29.321],[-52.896,-29.268],[-52.898,-29.216],[-52.884,-29.206],[-52.917,-29.185],[-52.959,-29.227],[-52.946,-29.262],[-53.021,-29.266],[-53.025,-29.337]]]}},{"type":"Feature","properties":{"code":"4303905"},"geometry":{"type":"Polygon","coordinates":[[[-51.098,-29.644],[-51.076,-29.686],[-51.081,-29.715],[-50.996,-29.706],[-51.014,-29.696],[-51.007,-29.65],[-51.039,-29.649],[-51.056,-29.616],[-51.062,-29.647],[-51.098,-29.644]]]}},{"type":"Feature","properties":{"code":"4320107"},"geometry":{"type":"Polygon","coordinates":[[[-52.944,-28.044],[-52.897,-28.069],[-52.866,-28.069],[-52.828,-28.029],[-52.8,-27.984],[-52.759,-27.969],[-52.745,-27.945],[-52.772,-27.915],[-52.816,-27.888],[-52.857,-27.88],[-52.924,-27.887],[-52.99,-27.864],[-53.019,-27.805],[-53.056,-27.797],[-53.069,-27.814],[-53.043,-27.865],[-53.049,-27.882],[-53.016,-27.885],[-52.967,-27.913],[-52.976,-27.953],[-52.935,-27.961],[-52.909,-28.015],[-52.944,-28.044]]]}},{"type":"Feature","properties":{"code":"4311908"},"geometry":{"type":"Polygon","coordinates":[[[-51.892,-27.579],[-51.838,-27.523],[-51.844,-27.483],[-51.858,-27.475],[-51.903,-27.491],[-51.936,-27.429],[-51.969,-27.411],[-51.996,-27.41],[-51.983,-27.375],[-52.049,-27.346],[-52.062,-27.388],[-52.03,-27.436],[-51.998,-27.453],[-51.998,-27.487],[-51.956,-27.512],[-51.975,-27.577],[-51.937,-27.579],[-51.911,-27.595],[-51.892,-27.579]]]}},{"type":"Feature","properties":{"code":"4303707"},"geometry":{"type":"Polygon","coordinates":[[[-54.718,-28.01],[-54.718,-27.985],[-54.762,-27.98],[-54.786,-27.991],[-54.787,-27.936],[-54.819,-27.916],[-54.828,-27.87],[-54.855,-27.876],[-54.892,-27.855],[-54.891,-27.91],[-54.94,-27.911],[-54.94,-27.93],[-54.941,-27.947],[-54.886,-27.989],[-54.87,-28.015],[-54.809,-28.023],[-54.808,-28.047],[-54.75,-28.043],[-54.738,-28.059],[-54.736,-28.01],[-54.718,-28.01]]]}},{"type":"Feature","properties":{"code":"4312005"},"geometry":{"type":"Polygon","coordinates":[[[-52.225,-27.331],[-52.213,-27.389],[-52.229,-27.408],[-52.194,-27.408],[-52.173,-27.378],[-52.112,-27.374],[-52.107,-27.343],[-52.106,-27.313],[-52.126,-27.302],[-52.161,-27.314],[-52.159,-27.282],[-52.18,-27.277],[-52.203,-27.323],[-52.225,-27.331]]]}},{"type":"Feature","properties":{"code":"4311981"},"geometry":{"type":"Polygon","coordinates":[[[-51.536,-30.412],[-51.493,-30.412],[-51.465,-30.386],[-51.432,-30.378],[-51.429,-30.354],[-51.495,-30.354],[-51.516,-30.273],[-51.566,-30.266],[-51.582,-30.249],[-51.583,-30.213],[-51.603,-30.21],[-51.635,-30.174],[-51.682,-30.183],[-51.67,-30.221],[-51.678,-30.289],[-51.654,-30.297],[-51.651,-30.339],[-51.681,-30.384],[-51.651,-30.399],[-51.536,-30.4],[-51.536,-30.412]]]}},{"type":"Feature","properties":{"code":"4303806"},"geometry":{"type":"Polygon","coordinates":[[[-52.645,-27.853],[-52.592,-27.82],[-52.595,-27.787],[-52.579,-27.776],[-52.56,-27.715],[-52.564,-27.689],[-52.574,-27.681],[-52.67,-27.685],[-52.691,-27.651],[-52.74,-27.626],[-52.76,-27.691],[-52.746,-27.692],[-52.747,-27.747],[-52.716,-27.761],[-52.68,-27.796],[-52.645,-27.853]]]}},{"type":"Feature","properties":{"code":"4303103"},"geometry":{"type":"Polygon","coordinates":[[[-51.074,-29.967],[-51.066,-29.891],[-51.101,-29.869],[-51.101,-29.869],[-51.123,-29.866],[-51.106,-29.902],[-51.126,-29.954],[-51.087,-29.971],[-51.074,-29.967]]]}},{"type":"Feature","properties":{"code":"4311270"},"geometry":{"type":"Polygon","coordinates":[[[-52.763,-28.627],[-52.749,-28.598],[-52.767,-28.569],[-52.76,-28.543],[-52.795,-28.519],[-52.852,-28.535],[-52.88,-28.52],[-52.921,-28.54],[-52.927,-28.585],[-52.917,-28.596],[-52.864,-28.598],[-52.838,-28.612],[-52.763,-28.627]]]}},{"type":"Feature","properties":{"code":"4311254"},"geometry":{"type":"Polygon","coordinates":[[[-52.71,-29.306],[-52.696,-29.263],[-52.674,-29.233],[-52.661,-29.194],[-52.699,-29.193],[-52.713,-29.173],[-52.752,-29.165],[-52.751,-29.144],[-52.791,-29.117],[-52.817,-29.119],[-52.841,-29.14],[-52.884,-29.206],[-52.898,-29.216],[-52.896,-29.268],[-52.878,-29.321],[-52.825,-29.328],[-52.816,-29.316],[-52.754,-29.364],[-52.71,-29.306]]]}},{"type":"Feature","properties":{"code":"4311239"},"geometry":{"type":"Polygon","coordinates":[[[-52.98,-29.557],[-52.962,-29.515],[-52.989,-29.48],[-53.014,-29.464],[-53.047,-29.454],[-53.095,-29.467],[-53.137,-29.495],[-53.029,-29.553],[-52.98,-29.557]]]}},{"type":"Feature","properties":{"code":"4319505"},"geometry":{"type":"Polygon","coordinates":[[[-51.277,-29.656],[-51.288,-29.619],[-51.279,-29.584],[-51.303,-29.58],[-51.303,-29.523],[-51.335,-29.524],[-51.375,-29.551],[-51.387,-29.584],[-51.392,-29.653],[-51.364,-29.638],[-51.335,-29.648],[-51.309,-29.638],[-51.277,-29.656]]]}},{"type":"Feature","properties":{"code":"4319364"},"geometry":{"type":"Polygon","coordinates":[[[-53.203,-27.803],[-53.183,-27.785],[-53.179,-27.757],[-53.197,-27.733],[-53.246,-27.741],[-53.257,-27.727],[-53.292,-27.755],[-53.268,-27.838],[-53.203,-27.803]]]}},{"type":"Feature","properties":{"code":"4319356"},"geometry":{"type":"Polygon","coordinates":[[[-51.592,-29.409],[-51.56,-29.431],[-51.473,-29.438],[-51.435,-29.432],[-51.47,-29.403],[-51.552,-29.401],[-51.592,-29.409]]]}},{"type":"Feature","properties":{"code":"4311304"},"geometry":{"type":"Polygon","coordinates":[[[-51.389,-28.296],[-51.414,-28.295],[-51.431,-28.341],[-51.467,-28.329],[-51.466,-28.284],[-51.45,-28.273],[-51.45,-28.236],[-51.51,-28.17],[-51.494,-28.138],[-51.514,-28.077],[-51.512,-28.059],[-51.46,-28.056],[-51.425,-28.068],[-51.377,-28.016],[-51.35,-27.999],[-51.335,-27.982],[-51.333,-27.931],[-51.362,-27.926],[-51.376,-27.878],[-51.359,-27.863],[-51.378,-27.849],[-51.392,-27.889],[-51.417,-27.916],[-51.458,-27.929],[-51.46,-27.949],[-51.509,-27.955],[-51.526,-27.984],[-51.574,-27.988],[-51.615,-27.969],[-51.637,-27.965],[-51.677,-27.983],[-51.646,-27.993],[-51.675,-28.022],[-51.634,-28.048],[-51.614,-28.063],[-51.632,-28.12],[-51.694,-28.15],[-51.658,-28.173],[-51.652,-28.212],[-51.636,-28.252],[-51.606,-28.291],[-51.544,-28.349],[-51.535,-28.373],[-51.503,-28.403],[-51.55,-28.422],[-51.575,-28.42],[-51.614,-28.447],[-51.62,-28.48],[-51.624,-28.515],[-51.599,-28.537],[-51.586,-28.52],[-51.537,-28.526],[-51.518,-28.542],[-51.474,-28.517],[-51.447,-28.486],[-51.421,-28.501],[-51.396,-28.54],[-51.369,-28.503],[-51.372,-28.464],[-51.334,-28.419],[-51.349,-28.398],[-51.327,-28.333],[-51.389,-28.296]]]}},{"type":"Feature","properties":{"code":"4311155"},"geometry":{"type":"Polygon","coordinates":[[[-54.378,-28.695],[-54.403,-28.71],[-54.389,-28.775],[-54.361,-28.798],[-54.354,-28.894],[-54.331,-28.931],[-54.294,-28.928],[-54.268,-28.912],[-54.234,-28.925],[-54.189,-28.895],[-54.135,-28.883],[-54.096,-28.905],[-54.041,-28.909],[-53.953,-28.898],[-53.942,-28.862],[-53.906,-28.811],[-53.947,-28.814],[-53.969,-28.796],[-53.979,-28.759],[-53.968,-28.721],[-53.981,-28.67],[-53.974,-28.648],[-54.008,-28.633],[-54.036,-28.594],[-54.084,-28.569],[-54.128,-28.555],[-54.157,-28.582],[-54.158,-28.609],[-54.196,-28.66],[-54.24,-28.648],[-54.309,-28.69],[-54.322,-28.723],[-54.378,-28.695]]]}},{"type":"Feature","properties":{"code":"4319307"},"geometry":{"type":"Polygon","coordinates":[[[-54.928,-28.058],[-54.908,-28.046],[-54.867,-28.046],[-54.87,-28.015],[-54.886,-27.989],[-54.941,-27.947],[-54.94,-27.93],[-54.988,-27.905],[-55.016,-27.925],[-55.049,-27.923],[-55.08,-27.942],[-55.073,-28.01],[-55.045,-28.003],[-55.016,-28.038],[-54.99,-28.055],[-54.928,-28.058]]]}},{"type":"Feature","properties":{"code":"4311130"},"geometry":{"type":"Polygon","coordinates":[[[-54.209,-29.426],[-54.199,-29.392],[-54.152,-29.31],[-54.157,-29.285],[-54.113,-29.241],[-54.088,-29.239],[-54.07,-29.199],[-54.082,-29.191],[-54.17,-29.192],[-54.197,-29.164],[-54.246,-29.152],[-54.294,-29.107],[-54.326,-29.142],[-54.343,-29.181],[-54.367,-29.188],[-54.432,-29.254],[-54.425,-29.293],[-54.468,-29.319],[-54.502,-29.328],[-54.502,-29.369],[-54.484,-29.409],[-54.431,-29.424],[-54.395,-29.452],[-54.371,-29.41],[-54.344,-29.429],[-54.308,-29.432],[-54.267,-29.41],[-54.225,-29.41],[-54.209,-29.426]]]}},{"type":"Feature","properties":{"code":"4311122"},"geometry":{"type":"Polygon","coordinates":[[[-50.358,-29.117],[-50.337,-29.11],[-50.271,-29.138],[-50.248,-29.132],[-50.241,-29.102],[-50.203,-29.103],[-50.189,-29.072],[-50.226,-29.043],[-50.23,-29.021],[-50.27,-29.014],[-50.245,-28.958],[-50.245,-28.934],[-50.191,-28.93],[-50.159,-28.907],[-50.183,-28.884],[-50.194,-28.84],[-50.211,-28.823],[-50.314,-28.84],[-50.333,-28.812],[-50.368,-28.835],[-50.443,-28.788],[-50.462,-28.819],[-50.496,-28.805],[-50.534,-28.809],[-50.573,-28.797],[-50.605,-28.81],[-50.579,-28.843],[-50.562,-28.887],[-50.529,-28.89],[-50.464,-28.96],[-50.453,-29.04],[-50.431,-29.076],[-50.444,-29.116],[-50.411,-29.119],[-50.373,-29.107],[-50.358,-29.117]]]}},{"type":"Feature","properties":{"code":"4319406"},"geometry":{"type":"Polygon","coordinates":[[[-54.478,-29.648],[-54.476,-29.69],[-54.492,-29.742],[-54.441,-29.747],[-54.34,-29.727],[-54.305,-29.737],[-54.252,-29.693],[-54.132,-29.686],[-54.076,-29.639],[-53.998,-29.636],[-53.979,-29.603],[-54.0,-29.567],[-54.042,-29.544],[-54.055,-29.509],[-54.1,-29.461],[-54.142,-29.48],[-54.191,-29.483],[-54.232,-29.485],[-54.315,-29.548],[-54.342,-29.549],[-54.35,-29.581],[-54.388,-29.582],[-54.413,-29.604],[-54.458,-29.612],[-54.478,-29.648]]]}},{"type":"Feature","properties":{"code":"4311205"},"geometry":{"type":"Polygon","coordinates":[[[-53.627,-29.605],[-53.583,-29.577],[-53.63,-29.568],[-53.655,-29.508],[-53.59,-29.466],[-53.555,-29.451],[-53.518,-29.471],[-53.499,-29.455],[-53.526,-29.4],[-53.495,-29.358],[-53.439,-29.339],[-53.468,-29.304],[-53.447,-29.287],[-53.465,-29.252],[-53.461,-29.207],[-53.434,-29.182],[-53.373,-29.179],[-53.351,-29.19],[-53.33,-29.17],[-53.284,-29.195],[-53.267,-29.191],[-53.261,-29.144],[-53.29,-29.128],[-53.349,-29.119],[-53.386,-29.124],[-53.446,-29.087],[-53.494,-29.073],[-53.511,-29.037],[-53.546,-28.975],[-53.567,-28.962],[-53.623,-29.026],[-53.642,-29.027],[-53.664,-29.058],[-53.671,-29.102],[-53.758,-29.164],[-53.779,-29.154],[-53.849,-29.142],[-53.907,-29.195],[-53.92,-29.221],[-53.948,-29.273],[-53.993,-29.318],[-54.0,-29.353],[-54.027,-29.405],[-53.946,-29.404],[-53.895,-29.384],[-53.835,-29.369],[-53.763,-29.362],[-53.697,-29.411],[-53.688,-29.466],[-53.687,-29.486],[-53.717,-29.522],[-53.701,-29.549],[-53.687,-29.576],[-53.627,-29.605]]]}},{"type":"Feature","properties":{"code":"4319372"},"geometry":{"type":"Polygon","coordinates":[[[-54.928,-28.058],[-54.925,-28.14],[-54.944,-28.183],[-54.856,-28.161],[-54.857,-28.088],[-54.867,-28.046],[-54.908,-28.046],[-54.928,-28.058]]]}},{"type":"Feature","properties":{"code":"4303004"},"geometry":{"type":"Polygon","coordinates":[[[-53.214,-30.451],[-53.186,-30.491],[-53.189,-30.532],[-53.156,-30.547],[-53.121,-30.602],[-53.09,-30.635],[-53.056,-30.647],[-53.035,-30.671],[-52.989,-30.678],[-52.971,-30.655],[-52.973,-30.603],[-52.929,-30.605],[-52.906,-30.574],[-52.912,-30.543],[-52.884,-30.485],[-52.892,-30.45],[-52.87,-30.414],[-52.881,-30.352],[-52.839,-30.334],[-52.763,-30.343],[-52.727,-30.361],[-52.69,-30.341],[-52.688,-30.273],[-52.671,-30.257],[-52.657,-30.209],[-52.672,-30.162],[-52.675,-30.079],[-52.691,-30.061],[-52.666,-30.025],[-52.611,-30.02],[-52.644,-29.994],[-52.685,-29.986],[-52.71,-29.957],[-52.705,-29.917],[-52.741,-29.905],[-52.788,-29.905],[-52.818,-29.923],[-52.851,-29.91],[-52.9,-29.846],[-52.924,-29.831],[-52.964,-29.834],[-52.999,-29.808],[-53.058,-29.823],[-53.078,-29.794],[-53.109,-29.852],[-53.12,-29.92],[-53.094,-29.928],[-53.095,-29.967],[-53.126,-29.968],[-53.167,-29.995],[-53.195,-30.043],[-53.245,-30.091],[-53.263,-30.09],[-53.303,-30.139],[-53.307,-30.173],[-53.352,-30.248],[-53.337,-30.319],[-53.268,-30.345],[-53.199,-30.313],[-53.184,-30.314],[-53.17,-30.374],[-53.2,-30.404],[-53.214,-30.451]]]}},{"type":"Feature","properties":{"code":"4319737"},"geometry":{"type":"Polygon","coordinates":[[[-53.898,-27.895],[-53.867,-27.838],[-53.877,-27.791],[-53.854,-27.766],[-53.893,-27.781],[-53.942,-27.771],[-53.979,-27.78],[-53.966,-27.824],[-53.953,-27.852],[-53.898,-27.895]]]}},{"type":"Feature","properties":{"code":"4319711"},"geometry":{"type":"Polygon","coordinates":[[[-51.713,-29.091],[-51.737,-29.019],[-51.76,-28.997],[-51.814,-29.015],[-51.808,-29.082],[-51.78,-29.094],[-51.739,-29.119],[-51.739,-29.137],[-51.713,-29.112],[-51.713,-29.091]]]}},{"type":"Feature","properties":{"code":"4319703"},"geometry":{"type":"Polygon","coordinates":[[[-52.477,-27.604],[-52.478,-27.546],[-52.527,-27.53],[-52.512,-27.487],[-52.522,-27.476],[-52.539,-27.492],[-52.57,-27.464],[-52.593,-27.468],[-52.56,-27.513],[-52.581,-27.536],[-52.623,-27.542],[-52.663,-27.534],[-52.67,-27.579],[-52.62,-27.583],[-52.557,-27.603],[-52.517,-27.615],[-52.477,-27.604]]]}},{"type":"Feature","properties":{"code":"4311502"},"geometry":{"type":"Polygon","coordinates":[[[-54.69,-30.629],[-54.676,-30.65],[-54.679,-30.694],[-54.723,-30.713],[-54.709,-30.759],[-54.686,-30.752],[-54.629,-30.787],[-54.612,-30.779],[-54.503,-30.878],[-54.449,-30.875],[-54.438,-30.89],[-54.347,-30.89],[-54.34,-30.905],[-54.279,-30.933],[-54.191,-30.948],[-54.136,-30.98],[-54.089,-30.96],[-54.035,-30.963],[-53.989,-30.989],[-53.942,-30.981],[-53.923,-30.94],[-53.895,-30.945],[-53.887,-30.917],[-53.813,-30.903],[-53.795,-30.909],[-53.759,-30.88],[-53.73,-30.876],[-53.667,-30.842],[-53.707,-30.801],[-53.747,-30.773],[-53.769,-30.798],[-53.805,-30.788],[-53.818,-30.739],[-53.797,-30.706],[-53.798,-30.631],[-53.741,-30.563],[-53.745,-30.514],[-53.821,-30.517],[-53.845,-30.483],[-53.887,-30.497],[-53.882,-30.516],[-53.921,-30.548],[-53.934,-30.574],[-53.987,-30.616],[-53.981,-30.639],[-54.013,-30.663],[-54.018,-30.694],[-54.059,-30.687],[-54.137,-30.711],[-54.142,-30.762],[-54.16,-30.777],[-54.232,-30.743],[-54.279,-30.73],[-54.346,-30.737],[-54.374,-30.677],[-54.39,-30.674],[-54.439,-30.623],[-54.504,-30.631],[-54.527,-30.614],[-54.581,-30.612],[-54.608,-30.623],[-54.676,-30.605],[-54.69,-30.629]]]}},{"type":"Feature","properties":{"code":"4319802"},"geometry":{"type":"Polygon","coordinates":[[[-55.122,-29.767],[-55.095,-29.777],[-55.056,-29.767],[-55.041,-29.785],[-54.958,-29.778],[-54.881,-29.807],[-54.832,-29.856],[-54.79,-29.83],[-54.705,-29.83],[-54.676,-29.808],[-54.6,-29.821],[-54.567,-29.81],[-54.546,-29.78],[-54.492,-29.742],[-54.476,-29.69],[-54.478,-29.648],[-54.572,-29.585],[-54.543,-29.548],[-54.569,-29.531],[-54.627,-29.55],[-54.633,-29.573],[-54.673,-29.563],[-54.702,-29.586],[-54.749,-29.592],[-54.754,-29.613],[-54.8,-29.623],[-54.849,-29.661],[-54.926,-29.664],[-54.965,-29.697],[-55.01,-29.711],[-55.039,-29.706],[-55.069,-29.681],[-55.085,-29.649],[-55.124,-29.66],[-55.131,-29.695],[-55.122,-29.767]]]}},{"type":"Feature","properties":{"code":"4311601"},"geometry":{"type":"Polygon","coordinates":[[[-53.119,-27.588],[-53.101,-27.607],[-53.1,-27.646],[-53.055,-27.645],[-52.999,-27.61],[-52.986,-27.63],[-52.952,-27.626],[-52.947,-27.588],[-52.963,-27.581],[-53.007,-27.562],[-53.049,-27.53],[-53.023,-27.519],[-53.035,-27.454],[-53.081,-27.436],[-53.099,-27.451],[-53.132,-27.444],[-53.144,-27.523],[-53.101,-27.569],[-53.119,-27.588]]]}},{"type":"Feature","properties":{"code":"4319752"},"geometry":{"type":"Polygon","coordinates":[[[-51.4,-29.417],[-51.364,-29.405],[-51.332,-29.41],[-51.355,-29.368],[-51.35,-29.352],[-51.398,-29.352],[-51.4,-29.417]]]}},{"type":"Feature","properties":{"code":"4303400"},"geometry":{"type":"Polygon","coordinates":[[[-53.488,-27.29],[-53.46,-27.295],[-53.425,-27.32],[-53.402,-27.32],[-53.355,-27.267],[-53.349,-27.24],[-53.401,-27.236],[-53.447,-27.2],[-53.488,-27.194],[-53.518,-27.202],[-53.548,-27.176],[-53.6,-27.189],[-53.576,-27.203],[-53.554,-27.238],[-53.488,-27.29]]]}},{"type":"Feature","properties":{"code":"4319604"},"geometry":{"type":"Polygon","coordinates":[[[-53.845,-30.483],[-53.821,-30.517],[-53.745,-30.514],[-53.711,-30.48],[-53.721,-30.422],[-53.656,-30.432],[-53.614,-30.378],[-53.548,-30.363],[-53.547,-30.393],[-53.528,-30.403],[-53.501,-30.38],[-53.466,-30.328],[-53.473,-30.272],[-53.39,-30.213],[-53.319,-30.143],[-53.303,-30.139],[-53.263,-30.09],[-53.245,-30.091],[-53.195,-30.043],[-53.167,-29.995],[-53.126,-29.968],[-53.254,-29.958],[-53.373,-30.021],[-53.419,-30.038],[-53.481,-30.044],[-53.526,-30.056],[-53.552,-30.082],[-53.593,-30.098],[-53.634,-30.094],[-53.671,-30.051],[-53.635,-29.989],[-53.652,-29.93],[-53.652,-29.893],[-53.711,-29.95],[-53.742,-29.964],[-53.784,-30.002],[-53.835,-29.986],[-53.869,-29.994],[-53.902,-30.044],[-53.916,-30.085],[-53.957,-30.124],[-53.974,-30.169],[-53.955,-30.207],[-53.834,-30.262],[-53.824,-30.246],[-53.787,-30.255],[-53.76,-30.279],[-53.789,-30.306],[-53.776,-30.328],[-53.742,-30.322],[-53.734,-30.356],[-53.758,-30.385],[-53.792,-30.404],[-53.827,-30.442],[-53.845,-30.483]]]}},{"type":"Feature","properties":{"code":"4311429"},"geometry":{"type":"Polygon","coordinates":[[[-53.26,-27.712],[-53.257,-27.727],[-53.246,-27.741],[-53.197,-27.733],[-53.152,-27.699],[-53.155,-27.662],[-53.183,-27.67],[-53.22,-27.653],[-53.234,-27.691],[-53.26,-27.712]]]}},{"type":"Feature","properties":{"code":"4311403"},"geometry":{"type":"Polygon","coordinates":[[[-51.969,-29.497],[-51.926,-29.436],[-51.956,-29.422],[-52.035,-29.401],[-52.04,-29.401],[-52.045,-29.415],[-52.128,-29.424],[-52.042,-29.445],[-52.048,-29.469],[-51.969,-29.497]]]}},{"type":"Feature","properties":{"code":"4303202"},"geometry":{"type":"Polygon","coordinates":[[[-51.764,-27.845],[-51.732,-27.89],[-51.697,-27.905],[-51.68,-27.878],[-51.648,-27.87],[-51.608,-27.882],[-51.601,-27.787],[-51.634,-27.739],[-51.695,-27.7],[-51.701,-27.69],[-51.709,-27.704],[-51.675,-27.73],[-51.717,-27.773],[-51.752,-27.782],[-51.765,-27.8],[-51.737,-27.843],[-51.764,-27.845]]]}},{"type":"Feature","properties":{"code":"4303301"},"geometry":{"type":"Polygon","coordinates":[[[-54.552,-28.363],[-54.54,-28.356],[-54.555,-28.311],[-54.574,-28.299],[-54.585,-28.296],[-54.62,-28.277],[-54.679,-28.275],[-54.699,-28.256],[-54.76,-28.247],[-54.748,-28.305],[-54.788,-28.363],[-54.728,-28.363],[-54.699,-28.338],[-54.675,-28.393],[-54.635,-28.432],[-54.602,-28.436],[-54.572,-28.363],[-54.552,-28.363]]]}},{"type":"Feature","properties":{"code":"4302584"},"geometry":{"type":"Polygon","coordinates":[[[-53.811,-28.285],[-53.822,-28.285],[-53.82,-28.369],[-53.836,-28.388],[-53.778,-28.436],[-53.759,-28.437],[-53.748,-28.42],[-53.683,-28.392],[-53.66,-28.319],[-53.668,-28.301],[-53.713,-28.298],[-53.75,-28.286],[-53.789,-28.296],[-53.811,-28.285]]]}},{"type":"Feature","properties":{"code":"4310751"},"geometry":{"type":"Polygon","coordinates":[[[-53.518,-29.471],[-53.555,-29.451],[-53.59,-29.466],[-53.655,-29.508],[-53.63,-29.568],[-53.583,-29.577],[-53.55,-29.574],[-53.568,-29.539],[-53.542,-29.513],[-53.507,-29.517],[-53.518,-29.471]]]}},{"type":"Feature","properties":{"code":"4310850"},"geometry":{"type":"Polygon","coordinates":[[[-53.26,-27.712],[-53.234,-27.691],[-53.22,-27.653],[-53.206,-27.6],[-53.231,-27.579],[-53.255,-27.581],[-53.276,-27.518],[-53.291,-27.53],[-53.291,-27.578],[-53.319,-27.601],[-53.3,-27.617],[-53.296,-27.649],[-53.308,-27.683],[-53.296,-27.706],[-53.26,-27.712]]]}},{"type":"Feature","properties":{"code":"4302659"},"geometry":{"type":"Polygon","coordinates":[[[-51.663,-29.59],[-51.608,-29.592],[-51.576,-29.613],[-51.571,-29.551],[-51.588,-29.477],[-51.602,-29.476],[-51.669,-29.481],[-51.691,-29.501],[-51.665,-29.501],[-51.663,-29.59]]]}},{"type":"Feature","properties":{"code":"4319000"},"geometry":{"type":"Polygon","coordinates":[[[-51.112,-29.033],[-51.106,-29.04],[-50.99,-29.023],[-50.97,-29.012],[-50.931,-29.024],[-50.958,-28.961],[-51.036,-28.922],[-51.074,-28.887],[-51.125,-28.877],[-51.16,-28.874],[-51.186,-28.942],[-51.153,-28.972],[-51.125,-28.981],[-51.128,-29.007],[-51.112,-29.033]]]}},{"type":"Feature","properties":{"code":"4310801"},"geometry":{"type":"Polygon","coordinates":[[[-51.13,-29.639],[-51.118,-29.551],[-51.116,-29.544],[-51.158,-29.539],[-51.205,-29.557],[-51.19,-29.559],[-51.196,-29.616],[-51.135,-29.638],[-51.13,-29.639]]]}},{"type":"Feature","properties":{"code":"4310652"},"geometry":{"type":"Polygon","coordinates":[[[-50.168,-29.535],[-50.152,-29.6],[-50.075,-29.545],[-50.101,-29.482],[-50.13,-29.442],[-50.17,-29.419],[-50.182,-29.391],[-50.155,-29.355],[-50.099,-29.339],[-50.084,-29.349],[-50.099,-29.334],[-50.194,-29.342],[-50.218,-29.329],[-50.249,-29.346],[-50.235,-29.394],[-50.244,-29.422],[-50.182,-29.49],[-50.168,-29.535]]]}},{"type":"Feature","properties":{"code":"4302600"},"geometry":{"type":"Polygon","coordinates":[[[-53.811,-27.576],[-53.792,-27.603],[-53.76,-27.613],[-53.745,-27.656],[-53.734,-27.662],[-53.695,-27.64],[-53.673,-27.606],[-53.685,-27.59],[-53.681,-27.548],[-53.722,-27.551],[-53.811,-27.498],[-53.818,-27.527],[-53.811,-27.576]]]}},{"type":"Feature","properties":{"code":"4318804"},"geometry":{"type":"Polygon","coordinates":[[[-52.277,-31.39],[-52.181,-31.383],[-52.157,-31.415],[-52.124,-31.429],[-52.107,-31.463],[-52.052,-31.514],[-52.01,-31.501],[-51.994,-31.414],[-51.96,-31.353],[-51.919,-31.311],[-51.875,-31.309],[-51.844,-31.323],[-51.812,-31.286],[-51.78,-31.232],[-51.791,-31.174],[-51.821,-31.163],[-51.79,-31.125],[-51.818,-31.121],[-51.86,-31.072],[-51.879,-31.038],[-51.932,-31.052],[-51.964,-31.103],[-52.017,-31.111],[-52.016,-31.141],[-52.055,-31.159],[-52.09,-31.145],[-52.114,-31.075],[-52.136,-31.049],[-52.118,-31.018],[-52.142,-31.006],[-52.245,-30.984],[-52.279,-31.041],[-52.274,-31.071],[-52.289,-31.089],[-52.355,-31.109],[-52.367,-31.136],[-52.404,-31.148],[-52.444,-31.21],[-52.475,-31.245],[-52.44,-31.281],[-52.423,-31.336],[-52.386,-31.352],[-52.293,-31.368],[-52.277,-31.39]]]}},{"type":"Feature","properties":{"code":"4302451"},"geometry":{"type":"Polygon","coordinates":[[[-52.297,-29.35],[-52.308,-29.297],[-52.289,-29.288],[-52.355,-29.262],[-52.371,-29.263],[-52.417,-29.236],[-52.436,-29.214],[-52.456,-29.24],[-52.501,-29.247],[-52.526,-29.263],[-52.535,-29.329],[-52.489,-29.344],[-52.462,-29.373],[-52.443,-29.346],[-52.377,-29.358],[-52.345,-29.378],[-52.316,-29.371],[-52.297,-29.35]]]}},{"type":"Feature","properties":{"code":"4310603"},"geometry":{"type":"Polygon","coordinates":[[[-55.48,-29.198],[-55.477,-29.171],[-55.508,-29.103],[-55.532,-29.072],[-55.577,-29.094],[-55.627,-29.093],[-55.647,-29.108],[-55.693,-29.108],[-55.731,-29.123],[-55.809,-29.128],[-55.912,-29.156],[-56.051,-29.15],[-56.171,-29.161],[-56.18,-29.134],[-56.261,-29.109],[-56.269,-29.095],[-56.097,-28.92],[-56.082,-28.857],[-56.103,-28.849],[-56.132,-28.866],[-56.167,-28.865],[-56.179,-28.901],[-56.232,-28.938],[-56.279,-28.941],[-56.323,-28.925],[-56.379,-28.948],[-56.406,-28.973],[-56.416,-29.001],[-56.399,-29.017],[-56.413,-29.062],[-56.43,-29.079],[-56.503,-29.089],[-56.55,-29.117],[-56.589,-29.12],[-56.617,-29.171],[-56.646,-29.2],[-56.649,-29.255],[-56.664,-29.295],[-56.713,-29.367],[-56.759,-29.371],[-56.78,-29.42],[-56.703,-29.4],[-56.66,-29.423],[-56.597,-29.393],[-56.482,-29.393],[-56.461,-29.421],[-56.43,-29.427],[-56.364,-29.398],[-56.291,-29.417],[-56.257,-29.4],[-56.22,-29.4],[-56.178,-29.377],[-56.182,-29.322],[-56.133,-29.327],[-56.122,-29.357],[-56.095,-29.37],[-56.078,-29.332],[-56.029,-29.301],[-55.998,-29.335],[-55.956,-29.362],[-55.936,-29.352],[-55.909,-29.388],[-55.866,-29.423],[-55.85,-29.412],[-55.825,-29.395],[-55.799,-29.345],[-55.738,-29.337],[-55.695,-29.286],[-55.645,-29.277],[-55.642,-29.247],[-55.607,-29.222],[-55.569,-29.224],[-55.539,-29.197],[-55.48,-29.198]]]}},{"type":"Feature","properties":{"code":"4318903"},"geometry":{"type":"Polygon","coordinates":[[[-55.164,-28.428],[-55.128,-28.465],[-55.103,-28.464],[-55.038,-28.486],[-55.016,-28.479],[-54.908,-28.498],[-54.905,-28.525],[-54.927,-28.559],[-54.91,-28.585],[-54.845,-28.586],[-54.821,-28.62],[-54.788,-28.608],[-54.752,-28.61],[-54.729,-28.587],[-54.683,-28.559],[-54.685,-28.538],[-54.668,-28.492],[-54.67,-28.443],[-54.587,-28.482],[-54.57,-28.454],[-54.575,-28.412],[-54.538,-28.404],[-54.552,-28.363],[-54.572,-28.363],[-54.602,-28.436],[-54.635,-28.432],[-54.675,-28.393],[-54.699,-28.338],[-54.728,-28.363],[-54.788,-28.363],[-54.82,-28.373],[-54.866,-28.349],[-54.848,-28.331],[-54.876,-28.277],[-54.914,-28.276],[-54.949,-28.227],[-54.959,-28.188],[-54.972,-28.163],[-54.998,-28.159],[-55.024,-28.176],[-55.037,-28.216],[-54.995,-28.248],[-55.026,-28.295],[-55.057,-28.322],[-55.068,-28.338],[-55.122,-28.337],[-55.185,-28.314],[-55.202,-28.338],[-55.184,-28.359],[-55.202,-28.398],[-55.164,-28.398],[-55.164,-28.428]]]}},{"type":"Feature","properties":{"code":"4310702"},"geometry":{"type":"Polygon","coordinates":[[[-52.437,-27.495],[-52.453,-27.437],[-52.453,-27.409],[-52.434,-27.368],[-52.437,-27.323],[-52.419,-27.282],[-52.442,-27.25],[-52.432,-27.218],[-52.48,-27.235],[-52.479,-27.266],[-52.536,-27.26],[-52.527,-27.285],[-52.539,-27.309],[-52.507,-27.356],[-52.497,-27.393],[-52.522,-27.476],[-52.512,-27.487],[-52.437,-27.495]]]}},{"type":"Feature","properties":{"code":"4302501"},"geometry":{"type":"Polygon","coordinates":[[[-54.816,-28.869],[-54.772,-28.872],[-54.708,-28.837],[-54.714,-28.795],[-54.675,-28.738],[-54.671,-28.716],[-54.689,-28.678],[-54.677,-28.634],[-54.723,-28.625],[-54.729,-28.587],[-54.752,-28.61],[-54.788,-28.608],[-54.821,-28.62],[-54.845,-28.586],[-54.91,-28.585],[-54.927,-28.559],[-54.905,-28.525],[-54.908,-28.498],[-55.016,-28.479],[-55.038,-28.486],[-55.103,-28.464],[-55.128,-28.465],[-55.164,-28.428],[-55.188,-28.442],[-55.193,-28.517],[-55.206,-28.544],[-55.239,-28.549],[-55.232,-28.579],[-55.254,-28.636],[-55.282,-28.654],[-55.316,-28.658],[-55.303,-28.671],[-55.255,-28.683],[-55.223,-28.669],[-55.208,-28.712],[-55.183,-28.749],[-55.155,-28.737],[-55.112,-28.742],[-55.056,-28.767],[-55.008,-28.797],[-54.961,-28.808],[-54.935,-28.823],[-54.902,-28.818],[-54.859,-28.832],[-54.816,-28.869]]]}},{"type":"Feature","properties":{"code":"4319208"},"geometry":{"type":"Polygon","coordinates":[[[-55.057,-28.322],[-55.081,-28.289],[-55.139,-28.253],[-55.131,-28.209],[-55.146,-28.187],[-55.19,-28.151],[-55.22,-28.147],[-55.252,-28.124],[-55.25,-28.1],[-55.314,-28.077],[-55.322,-28.054],[-55.376,-28.035],[-55.414,-28.055],[-55.44,-28.088],[-55.403,-28.114],[-55.355,-28.133],[-55.366,-28.165],[-55.319,-28.209],[-55.288,-28.256],[-55.328,-28.25],[-55.313,-28.306],[-55.279,-28.314],[-55.217,-28.302],[-55.202,-28.338],[-55.185,-28.314],[-55.122,-28.337],[-55.068,-28.338],[-55.057,-28.322]]]}},{"type":"Feature","properties":{"code":"4311007"},"geometry":{"type":"Polygon","coordinates":[[[-53.676,-32.238],[-53.678,-32.259],[-53.643,-32.302],[-53.653,-32.321],[-53.633,-32.354],[-53.644,-32.385],[-53.584,-32.451],[-53.523,-32.486],[-53.471,-32.481],[-53.437,-32.548],[-53.388,-32.587],[-53.37,-32.57],[-53.289,-32.621],[-53.246,-32.607],[-53.237,-32.63],[-53.167,-32.649],[-53.128,-32.639],[-53.084,-32.657],[-53.063,-32.618],[-53.02,-32.613],[-52.997,-32.591],[-52.983,-32.504],[-52.968,-32.49],[-52.977,-32.453],[-53.009,-32.424],[-53.032,-32.429],[-53.09,-32.393],[-53.1,-32.378],[-53.143,-32.364],[-53.186,-32.372],[-53.241,-32.347],[-53.261,-32.302],[-53.291,-32.275],[-53.29,-32.235],[-53.306,-32.218],[-53.321,-32.221],[-53.35,-32.185],[-53.496,-32.191],[-53.583,-32.148],[-53.648,-32.182],[-53.676,-32.238]]]}},{"type":"Feature","properties":{"code":"4302808"},"geometry":{"type":"Polygon","coordinates":[[[-53.418,-30.965],[-53.409,-30.922],[-53.432,-30.886],[-53.409,-30.839],[-53.414,-30.805],[-53.362,-30.776],[-53.307,-30.781],[-53.288,-30.767],[-53.26,-30.786],[-53.217,-30.769],[-53.207,-30.727],[-53.193,-30.715],[-53.187,-30.652],[-53.219,-30.624],[-53.248,-30.58],[-53.227,-30.57],[-53.216,-30.52],[-53.231,-30.474],[-53.214,-30.451],[-53.2,-30.404],[-53.17,-30.374],[-53.184,-30.314],[-53.199,-30.313],[-53.268,-30.345],[-53.337,-30.319],[-53.352,-30.248],[-53.307,-30.173],[-53.303,-30.139],[-53.319,-30.143],[-53.39,-30.213],[-53.473,-30.272],[-53.466,-30.328],[-53.501,-30.38],[-53.528,-30.403],[-53.547,-30.393],[-53.548,-30.363],[-53.614,-30.378],[-53.656,-30.432],[-53.721,-30.422],[-53.711,-30.48],[-53.745,-30.514],[-53.741,-30.563],[-53.798,-30.631],[-53.797,-30.706],[-53.818,-30.739],[-53.805,-30.788],[-53.769,-30.798],[-53.747,-30.773],[-53.707,-30.801],[-53.667,-30.842],[-53.645,-30.868],[-53.61,-30.863],[-53.573,-30.908],[-53.558,-30.942],[-53.501,-30.94],[-53.443,-30.964],[-53.418,-30.965]]]}},{"type":"Feature","properties":{"code":"4311106"},"geometry":{"type":"Polygon","coordinates":[[[-54.835,-29.506],[-54.861,-29.53],[-54.833,-29.574],[-54.797,-29.577],[-54.785,-29.605],[-54.8,-29.623],[-54.754,-29.613],[-54.749,-29.592],[-54.702,-29.586],[-54.673,-29.563],[-54.633,-29.573],[-54.627,-29.55],[-54.569,-29.531],[-54.568,-29.485],[-54.51,-29.444],[-54.445,-29.466],[-54.395,-29.452],[-54.395,-29.452],[-54.431,-29.424],[-54.484,-29.409],[-54.502,-29.369],[-54.502,-29.328],[-54.549,-29.31],[-54.592,-29.343],[-54.617,-29.349],[-54.645,-29.312],[-54.687,-29.325],[-54.686,-29.394],[-54.751,-29.392],[-54.76,-29.41],[-54.751,-29.461],[-54.788,-29.487],[-54.835,-29.506]]]}},{"type":"Feature","properties":{"code":"4302907"},"geometry":{"type":"Polygon","coordinates":[[[-54.329,-29.927],[-54.317,-29.889],[-54.287,-29.861],[-54.265,-29.815],[-54.305,-29.737],[-54.34,-29.727],[-54.441,-29.747],[-54.492,-29.742],[-54.546,-29.78],[-54.567,-29.81],[-54.6,-29.821],[-54.676,-29.808],[-54.705,-29.83],[-54.79,-29.83],[-54.832,-29.856],[-54.881,-29.807],[-54.958,-29.778],[-55.041,-29.785],[-55.056,-29.767],[-55.095,-29.777],[-55.122,-29.767],[-55.114,-29.801],[-55.151,-29.828],[-55.149,-29.87],[-55.174,-29.883],[-55.194,-29.916],[-55.23,-29.929],[-55.245,-29.988],[-55.269,-30.038],[-55.313,-30.081],[-55.188,-30.079],[-55.178,-30.046],[-55.137,-30.042],[-55.101,-30.053],[-55.077,-30.124],[-55.06,-30.145],[-55.007,-30.13],[-54.972,-30.087],[-54.919,-30.071],[-54.892,-30.1],[-54.871,-30.096],[-54.817,-30.108],[-54.79,-30.094],[-54.755,-30.021],[-54.703,-30.029],[-54.66,-30.032],[-54.586,-29.962],[-54.556,-29.958],[-54.5,-29.933],[-54.47,-29.959],[-54.405,-29.948],[-54.401,-29.939],[-54.329,-29.927]]]}},{"type":"Feature","properties":{"code":"4319109"},"geometry":{"type":"Polygon","coordinates":[[[-53.822,-27.764],[-53.844,-27.729],[-53.89,-27.722],[-53.917,-27.692],[-53.956,-27.686],[-53.988,-27.663],[-54.028,-27.667],[-54.029,-27.697],[-54.071,-27.736],[-54.067,-27.743],[-54.045,-27.738],[-53.979,-27.78],[-53.942,-27.771],[-53.893,-27.781],[-53.854,-27.766],[-53.822,-27.764]]]}},{"type":"Feature","properties":{"code":"4310900"},"geometry":{"type":"Polygon","coordinates":[[[-52.645,-27.853],[-52.597,-27.884],[-52.526,-27.84],[-52.495,-27.807],[-52.489,-27.769],[-52.466,-27.737],[-52.483,-27.719],[-52.501,-27.693],[-52.564,-27.689],[-52.56,-27.715],[-52.579,-27.776],[-52.595,-27.787],[-52.592,-27.82],[-52.645,-27.853]]]}},{"type":"Feature","properties":{"code":"4302709"},"geometry":{"type":"Polygon","coordinates":[[[-52.163,-30.322],[-52.18,-30.386],[-52.159,-30.443],[-52.096,-30.405],[-52.037,-30.397],[-52.032,-30.346],[-52.014,-30.326],[-51.985,-30.249],[-51.927,-30.227],[-51.922,-30.209],[-51.859,-30.175],[-51.858,-30.132],[-51.834,-30.114],[-51.912,-30.055],[-51.887,-30.03],[-51.858,-30.039],[-51.847,-29.97],[-51.782,-29.959],[-51.84,-29.954],[-51.868,-29.96],[-51.966,-29.938],[-52.007,-29.95],[-52.016,-30.042],[-51.971,-30.028],[-51.98,-30.067],[-52.017,-30.139],[-51.993,-30.2],[-52.08,-30.216],[-52.108,-30.191],[-52.159,-30.191],[-52.136,-30.228],[-52.175,-30.281],[-52.163,-30.322]]]}},{"type":"Feature","properties":{"code":"4310876"},"geometry":{"type":"Polygon","coordinates":[[[-52.999,-29.139],[-52.987,-29.106],[-52.948,-29.096],[-52.935,-29.067],[-52.889,-29.045],[-52.855,-29.043],[-52.953,-28.956],[-53.016,-28.947],[-53.033,-28.968],[-53.076,-28.962],[-53.129,-28.987],[-53.151,-29.025],[-53.106,-29.066],[-53.078,-29.076],[-53.076,-29.125],[-53.043,-29.132],[-53.017,-29.156],[-52.999,-29.139]]]}},{"type":"Feature","properties":{"code":"4319158"},"geometry":{"type":"Polygon","coordinates":[[[-54.331,-28.931],[-54.354,-28.894],[-54.361,-28.798],[-54.389,-28.775],[-54.403,-28.71],[-54.378,-28.695],[-54.378,-28.66],[-54.438,-28.655],[-54.419,-28.61],[-54.448,-28.582],[-54.407,-28.55],[-54.42,-28.521],[-54.463,-28.489],[-54.478,-28.465],[-54.538,-28.404],[-54.575,-28.412],[-54.57,-28.454],[-54.587,-28.482],[-54.67,-28.443],[-54.668,-28.492],[-54.685,-28.538],[-54.683,-28.559],[-54.729,-28.587],[-54.723,-28.625],[-54.677,-28.634],[-54.689,-28.678],[-54.671,-28.716],[-54.653,-28.741],[-54.617,-28.753],[-54.59,-28.785],[-54.565,-28.838],[-54.528,-28.867],[-54.492,-28.868],[-54.434,-28.903],[-54.378,-29.005],[-54.351,-28.973],[-54.331,-28.931]]]}},{"type":"Feature","properties":{"code":"4319125"},"geometry":{"type":"Polygon","coordinates":[[[-53.856,-29.592],[-53.841,-29.564],[-53.772,-29.526],[-53.739,-29.493],[-53.688,-29.466],[-53.697,-29.411],[-53.763,-29.362],[-53.835,-29.369],[-53.895,-29.384],[-53.946,-29.404],[-54.027,-29.405],[-54.052,-29.415],[-54.069,-29.447],[-54.1,-29.461],[-54.055,-29.509],[-54.042,-29.544],[-54.0,-29.567],[-53.968,-29.567],[-53.943,-29.596],[-53.859,-29.611],[-53.856,-29.592]]]}},{"type":"Feature","properties":{"code":"4318465"},"geometry":{"type":"Polygon","coordinates":[[[-52.226,-29.038],[-52.307,-29.014],[-52.33,-29.02],[-52.337,-29.059],[-52.297,-29.104],[-52.291,-29.13],[-52.247,-29.102],[-52.212,-29.095],[-52.205,-29.073],[-52.226,-29.038]]]}},{"type":"Feature","properties":{"code":"4318457"},"geometry":{"type":"Polygon","coordinates":[[[-53.069,-27.814],[-53.056,-27.797],[-53.066,-27.775],[-53.113,-27.758],[-53.146,-27.746],[-53.179,-27.757],[-53.183,-27.785],[-53.203,-27.803],[-53.192,-27.829],[-53.156,-27.826],[-53.114,-27.836],[-53.069,-27.814]]]}},{"type":"Feature","properties":{"code":"4318440"},"geometry":{"type":"Polygon","coordinates":[[[-51.797,-28.532],[-51.793,-28.546],[-51.74,-28.549],[-51.74,-28.531],[-51.699,-28.52],[-51.624,-28.515],[-51.62,-28.48],[-51.642,-28.465],[-51.687,-28.467],[-51.76,-28.449],[-51.783,-28.472],[-51.781,-28.511],[-51.797,-28.532]]]}},{"type":"Feature","properties":{"code":"4318432"},"geometry":{"type":"Polygon","coordinates":[[[-53.53,-29.696],[-53.384,-29.632],[-53.404,-29.611],[-53.469,-29.589],[-53.477,-29.612],[-53.468,-29.64],[-53.526,-29.639],[-53.547,-29.661],[-53.53,-29.696]]]}},{"type":"Feature","properties":{"code":"4318424"},"geometry":{"type":"Polygon","coordinates":[[[-51.764,-27.845],[-51.737,-27.843],[-51.765,-27.8],[-51.752,-27.782],[-51.777,-27.76],[-51.857,-27.75],[-51.881,-27.719],[-51.907,-27.756],[-51.925,-27.751],[-51.94,-27.791],[-51.912,-27.798],[-51.855,-27.844],[-51.8,-27.867],[-51.764,-27.845]]]}},{"type":"Feature","properties":{"code":"4318408"},"geometry":{"type":"Polygon","coordinates":[[[-51.972,-30.638],[-51.905,-30.577],[-51.906,-30.541],[-51.925,-30.498],[-51.902,-30.448],[-51.923,-30.406],[-51.872,-30.381],[-51.843,-30.347],[-51.86,-30.319],[-51.846,-30.285],[-51.85,-30.204],[-51.802,-30.148],[-51.823,-30.13],[-51.803,-30.092],[-51.734,-30.06],[-51.682,-30.011],[-51.654,-29.996],[-51.628,-29.946],[-51.727,-29.947],[-51.782,-29.959],[-51.847,-29.97],[-51.858,-30.039],[-51.887,-30.03],[-51.912,-30.055],[-51.834,-30.114],[-51.858,-30.132],[-51.859,-30.175],[-51.922,-30.209],[-51.927,-30.227],[-51.985,-30.249],[-52.014,-30.326],[-52.032,-30.346],[-52.037,-30.397],[-52.096,-30.405],[-52.159,-30.443],[-52.08,-30.511],[-52.057,-30.51],[-51.982,-30.576],[-52.001,-30.596],[-51.972,-30.638]]]}},{"type":"Feature","properties":{"code":"4302055"},"geometry":{"type":"Polygon","coordinates":[[[-52.663,-27.534],[-52.623,-27.542],[-52.581,-27.536],[-52.56,-27.513],[-52.593,-27.468],[-52.618,-27.432],[-52.672,-27.427],[-52.694,-27.444],[-52.726,-27.432],[-52.727,-27.436],[-52.701,-27.469],[-52.712,-27.485],[-52.691,-27.516],[-52.663,-27.534]]]}},{"type":"Feature","properties":{"code":"4318507"},"geometry":{"type":"Polygon","coordinates":[[[-51.237,-31.457],[-51.282,-31.497],[-51.361,-31.532],[-51.399,-31.52],[-51.428,-31.492],[-51.455,-31.529],[-51.462,-31.567],[-51.498,-31.583],[-51.547,-31.651],[-51.613,-31.729],[-51.659,-31.767],[-51.735,-31.789],[-51.802,-31.788],[-51.811,-31.845],[-51.86,-31.87],[-51.923,-31.863],[-52.008,-31.818],[-52.067,-31.818],[-52.098,-31.836],[-52.079,-31.869],[-52.015,-31.922],[-52.005,-31.951],[-52.054,-31.985],[-52.039,-32.03],[-52.05,-32.077],[-52.09,-32.136],[-52.077,-32.143],[-51.969,-32.032],[-51.921,-31.988],[-51.831,-31.919],[-51.748,-31.87],[-51.625,-31.809],[-51.502,-31.743],[-51.427,-31.696],[-51.267,-31.579],[-51.186,-31.504],[-51.237,-31.457]]]}},{"type":"Feature","properties":{"code":"4310330"},"geometry":{"type":"Polygon","coordinates":[[[-50.155,-29.987],[-50.119,-29.976],[-50.075,-29.884],[-50.109,-29.884],[-50.147,-29.919],[-50.129,-29.94],[-50.154,-29.965],[-50.155,-29.987]]]}},{"type":"Feature","properties":{"code":"4318499"},"geometry":{"type":"Polygon","coordinates":[[[-54.169,-27.692],[-54.198,-27.731],[-54.169,-27.77],[-54.126,-27.769],[-54.104,-27.786],[-54.06,-27.768],[-54.067,-27.743],[-54.071,-27.736],[-54.129,-27.697],[-54.169,-27.692]]]}},{"type":"Feature","properties":{"code":"4318481"},"geometry":{"type":"Polygon","coordinates":[[[-51.245,-29.584],[-51.224,-29.547],[-51.233,-29.521],[-51.178,-29.494],[-51.222,-29.483],[-51.226,-29.501],[-51.265,-29.503],[-51.303,-29.523],[-51.303,-29.58],[-51.279,-29.584],[-51.245,-29.584]]]}},{"type":"Feature","properties":{"code":"4310306"},"geometry":{"type":"Polygon","coordinates":[[[-52.092,-28.98],[-52.07,-28.98],[-52.071,-28.887],[-52.079,-28.878],[-52.148,-28.892],[-52.166,-28.886],[-52.21,-28.932],[-52.228,-28.97],[-52.194,-28.968],[-52.092,-28.98]]]}},{"type":"Feature","properties":{"code":"4302105"},"geometry":{"type":"Polygon","coordinates":[[[-51.492,-29.198],[-51.391,-29.197],[-51.389,-29.156],[-51.423,-29.156],[-51.458,-29.169],[-51.497,-29.107],[-51.504,-29.082],[-51.557,-29.046],[-51.634,-29.044],[-51.63,-29.02],[-51.653,-29.015],[-51.682,-29.089],[-51.649,-29.094],[-51.615,-29.125],[-51.617,-29.187],[-51.666,-29.188],[-51.654,-29.198],[-51.492,-29.198]]]}},{"type":"Feature","properties":{"code":"4318309"},"geometry":{"type":"Polygon","coordinates":[[[-54.69,-30.629],[-54.676,-30.605],[-54.608,-30.623],[-54.581,-30.612],[-54.527,-30.614],[-54.504,-30.631],[-54.439,-30.623],[-54.39,-30.674],[-54.374,-30.677],[-54.346,-30.737],[-54.279,-30.73],[-54.232,-30.743],[-54.16,-30.777],[-54.142,-30.762],[-54.137,-30.711],[-54.059,-30.687],[-54.018,-30.694],[-54.013,-30.663],[-53.981,-30.639],[-53.987,-30.616],[-53.934,-30.574],[-53.944,-30.56],[-54.048,-30.545],[-54.07,-30.526],[-54.061,-30.501],[-54.082,-30.464],[-54.14,-30.521],[-54.178,-30.499],[-54.231,-30.454],[-54.271,-30.397],[-54.267,-30.369],[-54.245,-30.347],[-54.251,-30.288],[-54.269,-30.264],[-54.253,-30.223],[-54.192,-30.206],[-54.164,-30.176],[-54.097,-30.189],[-54.022,-30.229],[-54.001,-30.247],[-53.988,-30.226],[-53.955,-30.207],[-53.974,-30.169],[-53.957,-30.124],[-53.916,-30.085],[-53.902,-30.044],[-53.869,-29.994],[-53.908,-29.983],[-53.952,-29.991],[-54.001,-29.986],[-54.033,-29.958],[-54.04,-29.917],[-54.074,-29.911],[-54.106,-29.926],[-54.166,-29.928],[-54.256,-29.907],[-54.299,-29.934],[-54.329,-29.927],[-54.401,-29.939],[-54.405,-29.948],[-54.47,-29.959],[-54.5,-29.933],[-54.556,-29.958],[-54.586,-29.962],[-54.66,-30.032],[-54.703,-30.029],[-54.701,-30.056],[-54.67,-30.096],[-54.63,-30.123],[-54.685,-30.199],[-54.708,-30.21],[-54.714,-30.264],[-54.761,-30.282],[-54.816,-30.268],[-54.872,-30.269],[-54.865,-30.291],[-54.829,-30.324],[-54.784,-30.35],[-54.77,-30.417],[-54.744,-30.421],[-54.742,-30.452],[-54.719,-30.458],[-54.715,-30.5],[-54.748,-30.516],[-54.725,-30.599],[-54.704,-30.599],[-54.69,-30.629]]]}},{"type":"Feature","properties":{"code":"4301958"},"geometry":{"type":"Polygon","coordinates":[[[-53.057,-27.942],[-53.032,-27.962],[-52.976,-27.953],[-52.967,-27.913],[-53.016,-27.885],[-53.049,-27.882],[-53.057,-27.942]]]}},{"type":"Feature","properties":{"code":"4310108"},"geometry":{"type":"Polygon","coordinates":[[[-50.806,-29.618],[-50.695,-29.593],[-50.691,-29.566],[-50.716,-29.517],[-50.741,-29.55],[-50.779,-29.533],[-50.908,-29.516],[-50.9,-29.55],[-50.856,-29.556],[-50.857,-29.585],[-50.816,-29.598],[-50.806,-29.618]]]}},{"type":"Feature","properties":{"code":"4301925"},"geometry":{"type":"Polygon","coordinates":[[[-52.364,-27.501],[-52.354,-27.472],[-52.367,-27.396],[-52.383,-27.365],[-52.383,-27.32],[-52.398,-27.293],[-52.419,-27.282],[-52.437,-27.323],[-52.434,-27.368],[-52.453,-27.409],[-52.453,-27.437],[-52.437,-27.495],[-52.399,-27.479],[-52.364,-27.501]]]}},{"type":"Feature","properties":{"code":"4301909"},"geometry":{"type":"Polygon","coordinates":[[[-51.491,-30.503],[-51.397,-30.495],[-51.276,-30.471],[-51.265,-30.48],[-51.223,-30.42],[-51.198,-30.408],[-51.154,-30.414],[-51.122,-30.397],[-51.129,-30.359],[-51.178,-30.386],[-51.207,-30.341],[-51.21,-30.301],[-51.239,-30.318],[-51.295,-30.303],[-51.299,-30.241],[-51.328,-30.226],[-51.406,-30.23],[-51.407,-30.265],[-51.446,-30.252],[-51.516,-30.273],[-51.495,-30.354],[-51.429,-30.354],[-51.432,-30.378],[-51.465,-30.386],[-51.493,-30.412],[-51.536,-30.412],[-51.525,-30.51],[-51.491,-30.503]]]}},{"type":"Feature","properties":{"code":"4310207"},"geometry":{"type":"Polygon","coordinates":[[[-53.881,-28.523],[-53.839,-28.513],[-53.822,-28.487],[-53.781,-28.488],[-53.778,-28.436],[-53.836,-28.388],[-53.82,-28.369],[-53.822,-28.285],[-53.811,-28.285],[-53.843,-28.258],[-53.832,-28.237],[-53.842,-28.189],[-53.802,-28.102],[-53.797,-28.063],[-53.814,-28.056],[-53.868,-28.079],[-53.91,-28.115],[-53.931,-28.119],[-53.913,-28.16],[-53.917,-28.215],[-53.929,-28.238],[-53.961,-28.238],[-53.969,-28.29],[-54.033,-28.275],[-54.066,-28.305],[-54.067,-28.342],[-53.997,-28.334],[-53.985,-28.347],[-53.982,-28.442],[-53.959,-28.489],[-53.935,-28.484],[-53.881,-28.523]]]}},{"type":"Feature","properties":{"code":"4302006"},"geometry":{"type":"Polygon","coordinates":[[[-52.674,-29.233],[-52.536,-29.224],[-52.501,-29.247],[-52.456,-29.24],[-52.436,-29.214],[-52.427,-29.157],[-52.478,-29.105],[-52.495,-29.034],[-52.54,-28.999],[-52.559,-28.975],[-52.635,-28.962],[-52.675,-28.978],[-52.692,-29.052],[-52.721,-29.073],[-52.751,-29.144],[-52.752,-29.165],[-52.713,-29.173],[-52.699,-29.193],[-52.661,-29.194],[-52.674,-29.233]]]}},{"type":"Feature","properties":{"code":"4318705"},"geometry":{"type":"Polygon","coordinates":[[[-51.068,-29.811],[-51.087,-29.762],[-51.085,-29.735],[-51.132,-29.741],[-51.158,-29.716],[-51.177,-29.672],[-51.194,-29.68],[-51.21,-29.734],[-51.191,-29.778],[-51.166,-29.799],[-51.068,-29.811]]]}},{"type":"Feature","properties":{"code":"4310504"},"geometry":{"type":"Polygon","coordinates":[[[-53.327,-27.221],[-53.311,-27.272],[-53.29,-27.281],[-53.258,-27.34],[-53.246,-27.321],[-53.202,-27.312],[-53.191,-27.286],[-53.159,-27.282],[-53.188,-27.192],[-53.232,-27.171],[-53.322,-27.21],[-53.327,-27.221]]]}},{"type":"Feature","properties":{"code":"4302303"},"geometry":{"type":"Polygon","coordinates":[[[-50.706,-28.795],[-50.662,-28.815],[-50.605,-28.81],[-50.573,-28.797],[-50.534,-28.809],[-50.496,-28.805],[-50.462,-28.819],[-50.443,-28.788],[-50.368,-28.835],[-50.333,-28.812],[-50.314,-28.84],[-50.211,-28.823],[-50.2,-28.781],[-50.159,-28.712],[-50.106,-28.681],[-50.101,-28.639],[-50.026,-28.635],[-50.069,-28.479],[-50.097,-28.484],[-50.147,-28.45],[-50.159,-28.465],[-50.199,-28.445],[-50.223,-28.463],[-50.242,-28.432],[-50.273,-28.457],[-50.301,-28.439],[-50.34,-28.441],[-50.368,-28.421],[-50.425,-28.433],[-50.47,-28.415],[-50.532,-28.408],[-50.544,-28.427],[-50.593,-28.382],[-50.665,-28.338],[-50.665,-28.313],[-50.695,-28.288],[-50.696,-28.27],[-50.749,-28.248],[-50.739,-28.322],[-50.709,-28.363],[-50.722,-28.389],[-50.713,-28.435],[-50.738,-28.51],[-50.738,-28.557],[-50.727,-28.6],[-50.683,-28.627],[-50.674,-28.648],[-50.685,-28.705],[-50.674,-28.739],[-50.706,-28.795]]]}},{"type":"Feature","properties":{"code":"4310579"},"geometry":{"type":"Polygon","coordinates":[[[-52.063,-28.81],[-52.078,-28.741],[-52.137,-28.742],[-52.157,-28.753],[-52.198,-28.746],[-52.225,-28.762],[-52.248,-28.75],[-52.258,-28.721],[-52.257,-28.68],[-52.279,-28.696],[-52.278,-28.735],[-52.327,-28.814],[-52.27,-28.808],[-52.182,-28.824],[-52.132,-28.805],[-52.063,-28.81]]]}},{"type":"Feature","properties":{"code":"4302402"},"geometry":{"type":"Polygon","coordinates":[[[-51.954,-29.713],[-51.907,-29.668],[-51.881,-29.671],[-51.873,-29.643],[-51.873,-29.573],[-51.883,-29.56],[-51.952,-29.609],[-51.97,-29.634],[-51.982,-29.66],[-51.954,-29.713]]]}},{"type":"Feature","properties":{"code":"4310553"},"geometry":{"type":"Polygon","coordinates":[[[-55.55,-28.707],[-55.508,-28.745],[-55.503,-28.765],[-55.466,-28.812],[-55.433,-28.827],[-55.431,-28.858],[-55.367,-28.88],[-55.373,-28.921],[-55.32,-28.954],[-55.227,-28.985],[-55.197,-28.957],[-55.132,-28.946],[-55.102,-28.955],[-55.073,-28.932],[-55.096,-28.904],[-55.047,-28.887],[-55.052,-28.848],[-54.961,-28.808],[-55.008,-28.797],[-55.056,-28.767],[-55.112,-28.742],[-55.155,-28.737],[-55.183,-28.749],[-55.208,-28.712],[-55.223,-28.669],[-55.255,-28.683],[-55.303,-28.671],[-55.316,-28.658],[-55.331,-28.667],[-55.395,-28.651],[-55.43,-28.651],[-55.526,-28.69],[-55.55,-28.707]]]}},{"type":"Feature","properties":{"code":"4302378"},"geometry":{"type":"Polygon","coordinates":[[[-53.898,-27.595],[-53.839,-27.594],[-53.811,-27.576],[-53.818,-27.527],[-53.811,-27.498],[-53.827,-27.489],[-53.861,-27.499],[-53.906,-27.53],[-53.89,-27.561],[-53.898,-27.595]]]}},{"type":"Feature","properties":{"code":"4310538"},"geometry":{"type":"Polygon","coordinates":[[[-53.856,-29.592],[-53.801,-29.646],[-53.767,-29.658],[-53.711,-29.631],[-53.699,-29.586],[-53.701,-29.549],[-53.717,-29.522],[-53.687,-29.486],[-53.688,-29.466],[-53.739,-29.493],[-53.772,-29.526],[-53.841,-29.564],[-53.856,-29.592]]]}},{"type":"Feature","properties":{"code":"4310405"},"geometry":{"type":"Polygon","coordinates":[[[-54.078,-28.006],[-54.042,-27.968],[-54.047,-27.94],[-54.076,-27.923],[-54.115,-27.883],[-54.115,-27.861],[-54.139,-27.829],[-54.124,-27.806],[-54.16,-27.797],[-54.209,-27.822],[-54.274,-27.818],[-54.31,-27.832],[-54.333,-27.821],[-54.339,-27.857],[-54.225,-27.926],[-54.194,-27.971],[-54.14,-28.019],[-54.078,-28.006]]]}},{"type":"Feature","properties":{"code":"4302352"},"geometry":{"type":"Polygon","coordinates":[[[-51.375,-29.551],[-51.335,-29.524],[-51.317,-29.485],[-51.337,-29.47],[-51.33,-29.427],[-51.332,-29.41],[-51.364,-29.405],[-51.4,-29.417],[-51.404,-29.433],[-51.388,-29.503],[-51.396,-29.525],[-51.375,-29.551]]]}},{"type":"Feature","properties":{"code":"4302204"},"geometry":{"type":"Polygon","coordinates":[[[-54.071,-27.736],[-54.029,-27.697],[-54.028,-27.667],[-54.037,-27.655],[-54.046,-27.652],[-54.085,-27.627],[-54.114,-27.635],[-54.144,-27.626],[-54.176,-27.667],[-54.169,-27.692],[-54.129,-27.697],[-54.071,-27.736]]]}},{"type":"Feature","properties":{"code":"4310363"},"geometry":{"type":"Polygon","coordinates":[[[-51.783,-29.388],[-51.751,-29.363],[-51.728,-29.362],[-51.702,-29.334],[-51.701,-29.304],[-51.743,-29.309],[-51.78,-29.299],[-51.776,-29.343],[-51.839,-29.344],[-51.84,-29.38],[-51.798,-29.39],[-51.783,-29.388]]]}},{"type":"Feature","properties":{"code":"4310462"},"geometry":{"type":"Polygon","coordinates":[[[-52.335,-27.977],[-52.339,-27.947],[-52.372,-27.928],[-52.35,-27.898],[-52.356,-27.885],[-52.409,-27.858],[-52.43,-27.865],[-52.463,-27.909],[-52.52,-27.924],[-52.524,-27.942],[-52.45,-27.984],[-52.404,-27.991],[-52.335,-27.977]]]}},{"type":"Feature","properties":{"code":"4302154"},"geometry":{"type":"Polygon","coordinates":[[[-53.292,-27.755],[-53.257,-27.727],[-53.26,-27.712],[-53.296,-27.706],[-53.308,-27.683],[-53.296,-27.649],[-53.3,-27.617],[-53.319,-27.601],[-53.346,-27.619],[-53.381,-27.61],[-53.401,-27.62],[-53.392,-27.691],[-53.392,-27.757],[-53.362,-27.775],[-53.368,-27.8],[-53.326,-27.8],[-53.292,-27.755]]]}},{"type":"Feature","properties":{"code":"4318622"},"geometry":{"type":"Polygon","coordinates":[[[-49.951,-28.893],[-49.962,-28.854],[-49.961,-28.772],[-49.869,-28.701],[-49.84,-28.713],[-49.839,-28.666],[-49.757,-28.616],[-49.704,-28.63],[-49.703,-28.629],[-49.708,-28.582],[-49.747,-28.535],[-49.727,-28.519],[-49.748,-28.494],[-49.791,-28.496],[-49.817,-28.47],[-49.839,-28.497],[-49.9,-28.465],[-49.971,-28.44],[-50.027,-28.474],[-50.069,-28.479],[-50.026,-28.635],[-50.101,-28.639],[-50.106,-28.681],[-50.159,-28.712],[-50.2,-28.781],[-50.211,-28.823],[-50.194,-28.84],[-50.181,-28.825],[-50.127,-28.82],[-50.089,-28.845],[-50.06,-28.838],[-50.023,-28.862],[-49.989,-28.897],[-49.951,-28.893]]]}},{"type":"Feature","properties":{"code":"4310439"},"geometry":{"type":"Polygon","coordinates":[[[-51.177,-28.858],[-51.176,-28.817],[-51.211,-28.81],[-51.187,-28.782],[-51.207,-28.715],[-51.16,-28.699],[-51.143,-28.671],[-51.167,-28.629],[-51.217,-28.62],[-51.256,-28.589],[-51.335,-28.584],[-51.369,-28.633],[-51.399,-28.639],[-51.422,-28.67],[-51.445,-28.674],[-51.426,-28.738],[-51.438,-28.806],[-51.41,-28.8],[-51.373,-28.831],[-51.33,-28.843],[-51.254,-28.817],[-51.228,-28.821],[-51.177,-28.858]]]}},{"type":"Feature","properties":{"code":"4318614"},"geometry":{"type":"Polygon","coordinates":[[[-51.462,-29.569],[-51.469,-29.549],[-51.453,-29.502],[-51.457,-29.496],[-51.522,-29.512],[-51.503,-29.577],[-51.495,-29.602],[-51.467,-29.621],[-51.462,-29.569]]]}},{"type":"Feature","properties":{"code":"4318606"},"geometry":{"type":"Polygon","coordinates":[[[-51.608,-27.882],[-51.588,-27.898],[-51.542,-27.875],[-51.476,-27.897],[-51.463,-27.893],[-51.447,-27.847],[-51.457,-27.825],[-51.494,-27.804],[-51.506,-27.75],[-51.5,-27.724],[-51.531,-27.709],[-51.534,-27.672],[-51.562,-27.632],[-51.578,-27.661],[-51.612,-27.658],[-51.636,-27.679],[-51.695,-27.7],[-51.634,-27.739],[-51.601,-27.787],[-51.608,-27.882]]]}},{"type":"Feature","properties":{"code":"4302253"},"geometry":{"type":"Polygon","coordinates":[[[-51.617,-29.378],[-51.646,-29.371],[-51.631,-29.333],[-51.632,-29.294],[-51.65,-29.294],[-51.701,-29.304],[-51.702,-29.334],[-51.728,-29.362],[-51.692,-29.37],[-51.691,-29.415],[-51.691,-29.424],[-51.657,-29.399],[-51.611,-29.401],[-51.617,-29.378]]]}},{"type":"Feature","properties":{"code":"4317954"},"geometry":{"type":"Polygon","coordinates":[[[-51.732,-27.89],[-51.736,-27.923],[-51.712,-27.968],[-51.677,-27.983],[-51.637,-27.965],[-51.615,-27.969],[-51.588,-27.898],[-51.608,-27.882],[-51.648,-27.87],[-51.68,-27.878],[-51.697,-27.905],[-51.732,-27.89]]]}},{"type":"Feature","properties":{"code":"4310413"},"geometry":{"type":"Polygon","coordinates":[[[-54.115,-27.883],[-54.076,-27.923],[-54.047,-27.94],[-54.042,-27.968],[-54.078,-28.006],[-54.06,-28.022],[-54.034,-27.985],[-54.029,-27.947],[-53.999,-27.917],[-53.953,-27.852],[-53.966,-27.824],[-54.005,-27.841],[-54.061,-27.879],[-54.115,-27.883]]]}},{"type":"Feature","properties":{"code":"4302238"},"geometry":{"type":"Polygon","coordinates":[[[-53.331,-28.786],[-53.364,-28.774],[-53.4,-28.781],[-53.408,-28.751],[-53.434,-28.756],[-53.464,-28.737],[-53.514,-28.774],[-53.547,-28.744],[-53.578,-28.762],[-53.586,-28.793],[-53.554,-28.843],[-53.546,-28.883],[-53.568,-28.954],[-53.567,-28.962],[-53.546,-28.975],[-53.511,-29.037],[-53.481,-29.018],[-53.471,-28.98],[-53.441,-28.987],[-53.397,-28.969],[-53.38,-28.944],[-53.388,-28.925],[-53.429,-28.901],[-53.415,-28.877],[-53.359,-28.869],[-53.319,-28.871],[-53.304,-28.824],[-53.331,-28.786]]]}},{"type":"Feature","properties":{"code":"4302220"},"geometry":{"type":"Polygon","coordinates":[[[-53.974,-28.648],[-53.981,-28.67],[-53.968,-28.721],[-53.979,-28.759],[-53.969,-28.796],[-53.947,-28.814],[-53.906,-28.811],[-53.872,-28.816],[-53.844,-28.799],[-53.796,-28.803],[-53.775,-28.796],[-53.745,-28.759],[-53.738,-28.717],[-53.722,-28.709],[-53.739,-28.655],[-53.717,-28.638],[-53.748,-28.573],[-53.781,-28.55],[-53.695,-28.51],[-53.706,-28.481],[-53.723,-28.479],[-53.759,-28.437],[-53.778,-28.436],[-53.781,-28.488],[-53.822,-28.487],[-53.839,-28.513],[-53.881,-28.523],[-53.891,-28.574],[-53.927,-28.602],[-53.938,-28.628],[-53.974,-28.648]]]}},{"type":"Feature","properties":{"code":"4309753"},"geometry":{"type":"Polygon","coordinates":[[[-53.095,-29.467],[-53.083,-29.372],[-53.155,-29.355],[-53.168,-29.342],[-53.195,-29.364],[-53.231,-29.35],[-53.22,-29.37],[-53.238,-29.412],[-53.265,-29.449],[-53.235,-29.465],[-53.184,-29.467],[-53.137,-29.495],[-53.095,-29.467]]]}},{"type":"Feature","properties":{"code":"4317905"},"geometry":{"type":"Polygon","coordinates":[[[-54.831,-27.841],[-54.78,-27.863],[-54.703,-27.866],[-54.685,-27.889],[-54.56,-27.841],[-54.565,-27.811],[-54.594,-27.793],[-54.632,-27.764],[-54.67,-27.686],[-54.709,-27.717],[-54.757,-27.723],[-54.785,-27.762],[-54.822,-27.74],[-54.838,-27.785],[-54.853,-27.783],[-54.863,-27.834],[-54.831,-27.841]]]}},{"type":"Feature","properties":{"code":"4301552"},"geometry":{"type":"Polygon","coordinates":[[[-52.155,-27.669],[-52.149,-27.734],[-52.097,-27.779],[-52.091,-27.794],[-52.085,-27.801],[-52.078,-27.779],[-52.027,-27.732],[-52.001,-27.695],[-51.991,-27.649],[-52.041,-27.645],[-52.078,-27.672],[-52.155,-27.669]]]}},{"type":"Feature","properties":{"code":"4309704"},"geometry":{"type":"Polygon","coordinates":[[[-54.072,-27.576],[-54.078,-27.601],[-54.053,-27.619],[-54.046,-27.652],[-54.037,-27.655],[-54.031,-27.627],[-53.898,-27.595],[-53.89,-27.561],[-53.906,-27.53],[-53.922,-27.519],[-53.981,-27.524],[-53.992,-27.522],[-54.046,-27.581],[-54.072,-27.576]]]}},{"type":"Feature","properties":{"code":"4318002"},"geometry":{"type":"Polygon","coordinates":[[[-55.32,-28.954],[-55.373,-28.921],[-55.367,-28.88],[-55.431,-28.858],[-55.433,-28.827],[-55.466,-28.812],[-55.503,-28.765],[-55.508,-28.745],[-55.55,-28.707],[-55.577,-28.681],[-55.593,-28.69],[-55.642,-28.669],[-55.676,-28.672],[-55.72,-28.653],[-55.733,-28.623],[-55.772,-28.585],[-55.734,-28.573],[-55.728,-28.55],[-55.697,-28.531],[-55.679,-28.498],[-55.59,-28.488],[-55.568,-28.469],[-55.529,-28.458],[-55.524,-28.415],[-55.507,-28.403],[-55.536,-28.39],[-55.583,-28.339],[-55.61,-28.372],[-55.636,-28.366],[-55.692,-28.416],[-55.72,-28.419],[-55.734,-28.381],[-55.757,-28.369],[-55.871,-28.357],[-55.9,-28.398],[-55.884,-28.479],[-55.988,-28.498],[-56.023,-28.523],[-56.021,-28.553],[-56.002,-28.578],[-56.018,-28.613],[-56.047,-28.624],[-56.119,-28.681],[-56.166,-28.747],[-56.194,-28.775],[-56.261,-28.779],[-56.3,-28.808],[-56.3,-28.896],[-56.323,-28.925],[-56.279,-28.941],[-56.232,-28.938],[-56.179,-28.901],[-56.167,-28.865],[-56.132,-28.866],[-56.103,-28.849],[-56.082,-28.857],[-56.055,-28.892],[-56.052,-28.919],[-56.022,-28.917],[-55.995,-28.944],[-55.914,-28.949],[-55.866,-28.969],[-55.843,-28.969],[-55.818,-28.993],[-55.773,-28.98],[-55.726,-28.982],[-55.682,-29.016],[-55.623,-29.008],[-55.584,-29.02],[-55.575,-29.005],[-55.505,-29.001],[-55.493,-29.053],[-55.465,-29.082],[-55.413,-29.047],[-55.4,-29.01],[-55.374,-28.986],[-55.293,-28.991],[-55.32,-28.954]]]}},{"type":"Feature","properties":{"code":"4301636"},"geometry":{"type":"Polygon","coordinates":[[[-50.252,-30.305],[-50.224,-30.236],[-50.251,-30.228],[-50.257,-30.173],[-50.307,-30.147],[-50.346,-30.16],[-50.394,-30.158],[-50.357,-30.197],[-50.269,-30.222],[-50.289,-30.261],[-50.289,-30.291],[-50.252,-30.305]]]}},{"type":"Feature","properties":{"code":"4309803"},"geometry":{"type":"Polygon","coordinates":[[[-51.694,-28.15],[-51.632,-28.12],[-51.614,-28.063],[-51.634,-28.048],[-51.692,-28.092],[-51.704,-28.138],[-51.769,-28.059],[-51.776,-28.027],[-51.809,-28.027],[-51.852,-28.009],[-51.927,-28.0],[-51.929,-27.991],[-51.934,-28.0],[-51.909,-28.025],[-51.918,-28.112],[-51.89,-28.115],[-51.85,-28.151],[-51.797,-28.166],[-51.791,-28.194],[-51.736,-28.214],[-51.692,-28.191],[-51.694,-28.15]]]}},{"type":"Feature","properties":{"code":"4301602"},"geometry":{"type":"Polygon","coordinates":[[[-53.958,-31.493],[-53.922,-31.456],[-53.984,-31.393],[-53.984,-31.369],[-53.954,-31.346],[-54.013,-31.314],[-53.984,-31.262],[-53.931,-31.247],[-53.904,-31.228],[-53.862,-31.221],[-53.82,-31.244],[-53.775,-31.232],[-53.734,-31.239],[-53.765,-31.312],[-53.719,-31.327],[-53.651,-31.338],[-53.606,-31.312],[-53.604,-31.289],[-53.569,-31.272],[-53.555,-31.237],[-53.53,-31.242],[-53.502,-31.156],[-53.481,-31.116],[-53.489,-31.036],[-53.459,-31.022],[-53.443,-30.964],[-53.501,-30.94],[-53.558,-30.942],[-53.573,-30.908],[-53.61,-30.863],[-53.645,-30.868],[-53.667,-30.842],[-53.73,-30.876],[-53.759,-30.88],[-53.795,-30.909],[-53.813,-30.903],[-53.887,-30.917],[-53.895,-30.945],[-53.923,-30.94],[-53.942,-30.981],[-53.96,-31.035],[-54.097,-31.107],[-54.094,-31.126],[-54.146,-31.162],[-54.169,-31.143],[-54.266,-31.162],[-54.312,-31.161],[-54.32,-31.187],[-54.365,-31.2],[-54.405,-31.232],[-54.411,-31.279],[-54.425,-31.302],[-54.504,-31.308],[-54.556,-31.344],[-54.563,-31.369],[-54.631,-31.357],[-54.652,-31.393],[-54.701,-31.436],[-54.67,-31.454],[-54.587,-31.456],[-54.577,-31.481],[-54.516,-31.51],[-54.473,-31.57],[-54.455,-31.653],[-54.404,-31.632],[-54.376,-31.592],[-54.326,-31.582],[-54.312,-31.552],[-54.274,-31.509],[-54.224,-31.515],[-54.186,-31.487],[-54.137,-31.476],[-54.12,-31.435],[-54.071,-31.456],[-54.041,-31.5],[-54.042,-31.523],[-54.014,-31.538],[-53.958,-31.493]]]}},{"type":"Feature","properties":{"code":"4317806"},"geometry":{"type":"Polygon","coordinates":[[[-53.624,-27.945],[-53.66,-27.929],[-53.688,-27.93],[-53.691,-27.877],[-53.723,-27.845],[-53.748,-27.769],[-53.78,-27.755],[-53.822,-27.764],[-53.854,-27.766],[-53.877,-27.791],[-53.867,-27.838],[-53.898,-27.895],[-53.846,-27.955],[-53.798,-27.985],[-53.749,-27.993],[-53.696,-27.987],[-53.659,-28.035],[-53.618,-28.031],[-53.586,-28.039],[-53.568,-28.001],[-53.619,-27.982],[-53.624,-27.945]]]}},{"type":"Feature","properties":{"code":"4309605"},"geometry":{"type":"Polygon","coordinates":[[[-54.285,-27.675],[-54.264,-27.631],[-54.2,-27.591],[-54.199,-27.559],[-54.236,-27.529],[-54.258,-27.499],[-54.329,-27.546],[-54.38,-27.554],[-54.399,-27.57],[-54.405,-27.591],[-54.381,-27.614],[-54.374,-27.645],[-54.325,-27.672],[-54.285,-27.675]]]}},{"type":"Feature","properties":{"code":"4301404"},"geometry":{"type":"Polygon","coordinates":[[[-52.299,-28.876],[-52.261,-28.933],[-52.25,-28.965],[-52.228,-28.97],[-52.21,-28.932],[-52.166,-28.886],[-52.148,-28.892],[-52.079,-28.878],[-52.01,-28.877],[-52.017,-28.842],[-52.043,-28.844],[-52.063,-28.81],[-52.132,-28.805],[-52.182,-28.824],[-52.27,-28.808],[-52.327,-28.814],[-52.306,-28.841],[-52.299,-28.876]]]}},{"type":"Feature","properties":{"code":"4301503"},"geometry":{"type":"Polygon","coordinates":[[[-53.974,-28.648],[-53.938,-28.628],[-53.927,-28.602],[-53.891,-28.574],[-53.881,-28.523],[-53.935,-28.484],[-53.959,-28.489],[-53.982,-28.442],[-54.021,-28.422],[-54.042,-28.439],[-54.047,-28.471],[-54.11,-28.468],[-54.128,-28.49],[-54.128,-28.555],[-54.084,-28.569],[-54.036,-28.594],[-54.008,-28.633],[-53.974,-28.648]]]}},{"type":"Feature","properties":{"code":"4309654"},"geometry":{"type":"Polygon","coordinates":[[[-53.958,-31.493],[-53.992,-31.538],[-53.958,-31.613],[-53.969,-31.655],[-53.958,-31.669],[-53.98,-31.749],[-53.93,-31.781],[-53.906,-31.808],[-53.914,-31.761],[-53.881,-31.662],[-53.849,-31.625],[-53.838,-31.588],[-53.839,-31.551],[-53.822,-31.515],[-53.833,-31.47],[-53.781,-31.439],[-53.801,-31.374],[-53.791,-31.344],[-53.765,-31.312],[-53.734,-31.239],[-53.775,-31.232],[-53.82,-31.244],[-53.862,-31.221],[-53.904,-31.228],[-53.931,-31.247],[-53.984,-31.262],[-54.013,-31.314],[-53.954,-31.346],[-53.984,-31.369],[-53.984,-31.393],[-53.922,-31.456],[-53.958,-31.493]]]}},{"type":"Feature","properties":{"code":"4318200"},"geometry":{"type":"Polygon","coordinates":[[[-50.688,-29.484],[-50.651,-29.503],[-50.631,-29.559],[-50.59,-29.553],[-50.553,-29.539],[-50.433,-29.537],[-50.407,-29.519],[-50.348,-29.494],[-50.303,-29.448],[-50.267,-29.466],[-50.261,-29.496],[-50.227,-29.493],[-50.22,-29.513],[-50.168,-29.535],[-50.182,-29.49],[-50.244,-29.422],[-50.235,-29.394],[-50.249,-29.346],[-50.218,-29.329],[-50.194,-29.342],[-50.099,-29.334],[-50.084,-29.349],[-50.041,-29.355],[-50.072,-29.325],[-50.112,-29.304],[-50.145,-29.27],[-50.2,-29.257],[-50.287,-29.296],[-50.333,-29.239],[-50.324,-29.222],[-50.357,-29.191],[-50.358,-29.117],[-50.373,-29.107],[-50.411,-29.119],[-50.444,-29.116],[-50.431,-29.076],[-50.453,-29.04],[-50.464,-28.96],[-50.529,-28.89],[-50.562,-28.887],[-50.579,-28.843],[-50.605,-28.81],[-50.662,-28.815],[-50.706,-28.795],[-50.733,-28.785],[-50.798,-28.799],[-50.814,-28.826],[-50.85,-28.833],[-50.811,-28.885],[-50.81,-28.959],[-50.784,-28.979],[-50.783,-29.0],[-50.823,-29.054],[-50.893,-29.067],[-50.904,-29.116],[-50.842,-29.127],[-50.836,-29.186],[-50.86,-29.225],[-50.859,-29.248],[-50.819,-29.258],[-50.796,-29.277],[-50.763,-29.276],[-50.763,-29.302],[-50.743,-29.327],[-50.675,-29.336],[-50.682,-29.36],[-50.645,-29.382],[-50.657,-29.422],[-50.685,-29.407],[-50.726,-29.448],[-50.688,-29.484]]]}},{"type":"Feature","properties":{"code":"4310009"},"geometry":{"type":"Polygon","coordinates":[[[-53.03,-28.69],[-53.029,-28.643],[-53.017,-28.589],[-53.018,-28.563],[-53.046,-28.548],[-53.079,-28.492],[-53.138,-28.48],[-53.165,-28.49],[-53.193,-28.464],[-53.245,-28.483],[-53.25,-28.538],[-53.263,-28.567],[-53.331,-28.559],[-53.385,-28.572],[-53.42,-28.59],[-53.411,-28.603],[-53.339,-28.604],[-53.305,-28.637],[-53.241,-28.682],[-53.191,-28.707],[-53.096,-28.701],[-53.03,-28.69]]]}},{"type":"Feature","properties":{"code":"4301800"},"geometry":{"type":"Polygon","coordinates":[[[-51.562,-27.632],[-51.534,-27.672],[-51.531,-27.709],[-51.5,-27.724],[-51.506,-27.75],[-51.494,-27.804],[-51.457,-27.825],[-51.447,-27.847],[-51.463,-27.893],[-51.458,-27.929],[-51.417,-27.916],[-51.392,-27.889],[-51.378,-27.849],[-51.363,-27.799],[-51.331,-27.786],[-51.33,-27.751],[-51.3,-27.754],[-51.309,-27.72],[-51.315,-27.675],[-51.36,-27.679],[-51.378,-27.66],[-51.381,-27.625],[-51.419,-27.655],[-51.457,-27.608],[-51.475,-27.601],[-51.483,-27.563],[-51.548,-27.559],[-51.578,-27.577],[-51.58,-27.606],[-51.562,-27.632]]]}},{"type":"Feature","properties":{"code":"4301875"},"geometry":{"type":"Polygon","coordinates":[[[-57.328,-29.972],[-57.352,-30.008],[-57.396,-30.023],[-57.454,-30.082],[-57.465,-30.11],[-57.526,-30.151],[-57.594,-30.179],[-57.558,-30.213],[-57.568,-30.252],[-57.551,-30.273],[-57.5,-30.289],[-57.49,-30.269],[-57.429,-30.275],[-57.419,-30.303],[-57.352,-30.285],[-57.311,-30.258],[-57.285,-30.294],[-57.204,-30.285],[-57.167,-30.248],[-57.167,-30.196],[-57.145,-30.172],[-57.115,-30.114],[-57.136,-30.064],[-57.185,-30.043],[-57.243,-30.005],[-57.281,-29.953],[-57.328,-29.972]]]}},{"type":"Feature","properties":{"code":"4301859"},"geometry":{"type":"Polygon","coordinates":[[[-53.764,-27.279],[-53.741,-27.256],[-53.742,-27.233],[-53.707,-27.198],[-53.718,-27.183],[-53.752,-27.188],[-53.776,-27.148],[-53.82,-27.176],[-53.785,-27.213],[-53.77,-27.262],[-53.764,-27.279]]]}},{"type":"Feature","properties":{"code":"4318051"},"geometry":{"type":"Polygon","coordinates":[[[-51.803,-28.538],[-51.876,-28.49],[-51.912,-28.484],[-51.92,-28.494],[-51.916,-28.51],[-51.916,-28.562],[-51.854,-28.59],[-51.809,-28.557],[-51.803,-28.538]]]}},{"type":"Feature","properties":{"code":"4301701"},"geometry":{"type":"Polygon","coordinates":[[[-52.342,-27.661],[-52.344,-27.509],[-52.364,-27.501],[-52.399,-27.479],[-52.437,-27.495],[-52.512,-27.487],[-52.527,-27.53],[-52.478,-27.546],[-52.477,-27.604],[-52.447,-27.663],[-52.342,-27.661]]]}},{"type":"Feature","properties":{"code":"4301651"},"geometry":{"type":"Polygon","coordinates":[[[-51.4,-29.417],[-51.398,-29.352],[-51.521,-29.351],[-51.561,-29.374],[-51.617,-29.378],[-51.611,-29.401],[-51.608,-29.411],[-51.592,-29.409],[-51.552,-29.401],[-51.47,-29.403],[-51.435,-29.432],[-51.404,-29.433],[-51.4,-29.417]]]}},{"type":"Feature","properties":{"code":"4309951"},"geometry":{"type":"Polygon","coordinates":[[[-52.314,-28.648],[-52.361,-28.579],[-52.391,-28.569],[-52.434,-28.549],[-52.458,-28.565],[-52.523,-28.544],[-52.546,-28.547],[-52.544,-28.564],[-52.581,-28.582],[-52.58,-28.601],[-52.544,-28.624],[-52.565,-28.654],[-52.481,-28.675],[-52.438,-28.699],[-52.407,-28.689],[-52.346,-28.704],[-52.323,-28.679],[-52.314,-28.648]]]}},{"type":"Feature","properties":{"code":"4318101"},"geometry":{"type":"Polygon","coordinates":[[[-54.8,-29.623],[-54.785,-29.605],[-54.797,-29.577],[-54.833,-29.574],[-54.861,-29.53],[-54.835,-29.506],[-54.851,-29.477],[-54.866,-29.398],[-54.896,-29.349],[-54.927,-29.326],[-54.973,-29.281],[-55.02,-29.256],[-55.044,-29.227],[-55.097,-29.216],[-55.132,-29.198],[-55.19,-29.21],[-55.211,-29.189],[-55.242,-29.189],[-55.278,-29.211],[-55.313,-29.205],[-55.336,-29.223],[-55.403,-29.233],[-55.393,-29.208],[-55.459,-29.215],[-55.44,-29.232],[-55.419,-29.275],[-55.432,-29.316],[-55.479,-29.322],[-55.516,-29.349],[-55.516,-29.381],[-55.461,-29.377],[-55.41,-29.402],[-55.392,-29.444],[-55.37,-29.462],[-55.327,-29.523],[-55.368,-29.557],[-55.377,-29.614],[-55.337,-29.637],[-55.258,-29.617],[-55.22,-29.632],[-55.197,-29.664],[-55.19,-29.696],[-55.131,-29.695],[-55.124,-29.66],[-55.085,-29.649],[-55.069,-29.681],[-55.039,-29.706],[-55.01,-29.711],[-54.965,-29.697],[-54.926,-29.664],[-54.849,-29.661],[-54.8,-29.623]]]}},{"type":"Feature","properties":{"code":"4301750"},"geometry":{"type":"Polygon","coordinates":[[[-51.898,-30.572],[-51.767,-30.467],[-51.759,-30.505],[-51.752,-30.485],[-51.713,-30.472],[-51.718,-30.448],[-51.681,-30.438],[-51.681,-30.384],[-51.651,-30.339],[-51.654,-30.297],[-51.678,-30.289],[-51.71,-30.303],[-51.733,-30.331],[-51.759,-30.343],[-51.827,-30.317],[-51.846,-30.285],[-51.86,-30.319],[-51.843,-30.347],[-51.872,-30.381],[-51.923,-30.406],[-51.902,-30.448],[-51.925,-30.498],[-51.906,-30.541],[-51.905,-30.577],[-51.898,-30.572]]]}},{"type":"Feature","properties":{"code":"4309902"},"geometry":{"type":"Polygon","coordinates":[[[-51.76,-28.449],[-51.687,-28.467],[-51.642,-28.465],[-51.62,-28.48],[-51.614,-28.447],[-51.575,-28.42],[-51.55,-28.422],[-51.503,-28.403],[-51.535,-28.373],[-51.544,-28.349],[-51.606,-28.291],[-51.636,-28.252],[-51.628,-28.281],[-51.666,-28.324],[-51.705,-28.313],[-51.702,-28.355],[-51.716,-28.369],[-51.705,-28.378],[-51.723,-28.436],[-51.76,-28.449]]]}},{"type":"Feature","properties":{"code":"4301057"},"geometry":{"type":"Polygon","coordinates":[[[-49.922,-29.607],[-49.803,-29.444],[-49.836,-29.424],[-49.87,-29.447],[-49.986,-29.601],[-49.922,-29.607]]]}},{"type":"Feature","properties":{"code":"4317400"},"geometry":{"type":"Polygon","coordinates":[[[-54.751,-29.392],[-54.686,-29.394],[-54.687,-29.325],[-54.645,-29.312],[-54.617,-29.349],[-54.592,-29.343],[-54.549,-29.31],[-54.502,-29.328],[-54.468,-29.319],[-54.425,-29.293],[-54.432,-29.254],[-54.367,-29.188],[-54.41,-29.148],[-54.433,-29.09],[-54.455,-29.128],[-54.512,-29.157],[-54.527,-29.178],[-54.573,-29.154],[-54.589,-29.122],[-54.641,-29.134],[-54.646,-29.047],[-54.673,-29.05],[-54.704,-29.006],[-54.711,-28.954],[-54.753,-28.941],[-54.777,-28.902],[-54.816,-28.869],[-54.859,-28.832],[-54.902,-28.818],[-54.935,-28.823],[-54.961,-28.808],[-55.052,-28.848],[-55.047,-28.887],[-55.096,-28.904],[-55.073,-28.932],[-55.017,-29.015],[-54.996,-29.018],[-54.989,-29.055],[-55.03,-29.076],[-55.067,-29.138],[-55.132,-29.198],[-55.097,-29.216],[-55.044,-29.227],[-55.02,-29.256],[-54.973,-29.281],[-54.927,-29.326],[-54.834,-29.319],[-54.835,-29.351],[-54.78,-29.345],[-54.751,-29.392]]]}},{"type":"Feature","properties":{"code":"4309209"},"geometry":{"type":"Polygon","coordinates":[[[-51.074,-29.967],[-50.949,-29.966],[-50.914,-30.003],[-50.869,-30.016],[-50.821,-29.999],[-50.84,-29.977],[-50.836,-29.947],[-50.855,-29.872],[-50.853,-29.835],[-50.812,-29.774],[-50.836,-29.766],[-50.864,-29.789],[-50.958,-29.789],[-51.081,-29.83],[-51.101,-29.869],[-51.066,-29.891],[-51.074,-29.967]]]}},{"type":"Feature","properties":{"code":"4317509"},"geometry":{"type":"Polygon","coordinates":[[[-54.369,-28.349],[-54.344,-28.323],[-54.281,-28.357],[-54.241,-28.358],[-54.224,-28.339],[-54.181,-28.33],[-54.144,-28.337],[-54.13,-28.286],[-54.105,-28.278],[-54.107,-28.242],[-54.131,-28.183],[-54.18,-28.138],[-54.222,-28.143],[-54.267,-28.164],[-54.304,-28.159],[-54.39,-28.161],[-54.404,-28.139],[-54.411,-28.194],[-54.451,-28.194],[-54.451,-28.225],[-54.487,-28.246],[-54.533,-28.277],[-54.459,-28.302],[-54.464,-28.335],[-54.415,-28.334],[-54.369,-28.349]]]}},{"type":"Feature","properties":{"code":"4301008"},"geometry":{"type":"Polygon","coordinates":[[[-51.956,-29.422],[-51.95,-29.416],[-51.909,-29.417],[-51.874,-29.387],[-51.909,-29.352],[-51.9,-29.296],[-51.919,-29.292],[-51.962,-29.328],[-51.977,-29.301],[-52.033,-29.329],[-52.064,-29.354],[-52.035,-29.401],[-51.956,-29.422]]]}},{"type":"Feature","properties":{"code":"4309308"},"geometry":{"type":"Polygon","coordinates":[[[-51.516,-30.273],[-51.446,-30.252],[-51.407,-30.265],[-51.406,-30.23],[-51.328,-30.226],[-51.31,-30.177],[-51.312,-30.072],[-51.301,-30.054],[-51.344,-30.065],[-51.37,-30.097],[-51.44,-30.095],[-51.464,-30.117],[-51.539,-30.154],[-51.559,-30.203],[-51.583,-30.213],[-51.582,-30.249],[-51.566,-30.266],[-51.516,-30.273]]]}},{"type":"Feature","properties":{"code":"4301107"},"geometry":{"type":"Polygon","coordinates":[[[-51.846,-30.285],[-51.827,-30.317],[-51.759,-30.343],[-51.733,-30.331],[-51.71,-30.303],[-51.678,-30.289],[-51.67,-30.221],[-51.682,-30.183],[-51.696,-30.133],[-51.688,-30.08],[-51.651,-30.08],[-51.62,-30.061],[-51.661,-30.048],[-51.682,-30.011],[-51.734,-30.06],[-51.803,-30.092],[-51.823,-30.13],[-51.802,-30.148],[-51.85,-30.204],[-51.846,-30.285]]]}},{"type":"Feature","properties":{"code":"4309258"},"geometry":{"type":"Polygon","coordinates":[[[-51.624,-28.515],[-51.699,-28.52],[-51.74,-28.531],[-51.74,-28.549],[-51.712,-28.585],[-51.707,-28.61],[-51.67,-28.629],[-51.643,-28.654],[-51.596,-28.669],[-51.616,-28.635],[-51.599,-28.537],[-51.624,-28.515]]]}},{"type":"Feature","properties":{"code":"4317301"},"geometry":{"type":"Polygon","coordinates":[[[-53.422,-33.744],[-53.37,-33.744],[-53.265,-33.671],[-53.156,-33.59],[-53.086,-33.531],[-52.777,-33.283],[-52.688,-33.188],[-52.624,-33.104],[-52.495,-32.867],[-52.464,-32.788],[-52.423,-32.629],[-52.585,-32.643],[-52.621,-32.638],[-52.688,-32.758],[-52.73,-32.847],[-52.77,-32.893],[-52.832,-32.915],[-52.867,-32.91],[-52.908,-32.888],[-52.963,-32.842],[-53.002,-32.797],[-53.002,-32.765],[-53.07,-32.834],[-53.101,-32.822],[-53.124,-32.794],[-53.147,-32.819],[-53.157,-32.859],[-53.155,-32.954],[-53.174,-33.004],[-53.277,-33.109],[-53.337,-33.083],[-53.403,-33.158],[-53.432,-33.162],[-53.469,-33.255],[-53.468,-33.28],[-53.425,-33.438],[-53.438,-33.516],[-53.466,-33.558],[-53.511,-33.544],[-53.513,-33.603],[-53.534,-33.651],[-53.523,-33.689],[-53.478,-33.617],[-53.414,-33.561],[-53.387,-33.578],[-53.358,-33.616],[-53.3,-33.662],[-53.422,-33.744]]]}},{"type":"Feature","properties":{"code":"4309126"},"geometry":{"type":"Polygon","coordinates":[[[-52.819,-27.503],[-52.813,-27.45],[-52.868,-27.433],[-52.892,-27.387],[-52.974,-27.412],[-53.017,-27.462],[-52.972,-27.486],[-52.904,-27.467],[-52.866,-27.471],[-52.819,-27.503]]]}},{"type":"Feature","properties":{"code":"4301073"},"geometry":{"type":"Polygon","coordinates":[[[-52.41,-31.506],[-52.35,-31.506],[-52.338,-31.41],[-52.348,-31.372],[-52.377,-31.391],[-52.436,-31.395],[-52.446,-31.417],[-52.482,-31.427],[-52.491,-31.45],[-52.443,-31.45],[-52.41,-31.506]]]}},{"type":"Feature","properties":{"code":"4309100"},"geometry":{"type":"Polygon","coordinates":[[[-50.788,-29.439],[-50.833,-29.412],[-50.853,-29.379],[-50.842,-29.36],[-50.857,-29.305],[-50.89,-29.288],[-50.94,-29.283],[-50.97,-29.297],[-50.985,-29.321],[-50.967,-29.339],[-50.955,-29.374],[-50.981,-29.39],[-50.957,-29.425],[-50.91,-29.451],[-50.907,-29.5],[-50.867,-29.476],[-50.835,-29.476],[-50.788,-29.439]]]}},{"type":"Feature","properties":{"code":"4300901"},"geometry":{"type":"Polygon","coordinates":[[[-52.239,-27.482],[-52.243,-27.446],[-52.229,-27.408],[-52.213,-27.389],[-52.225,-27.331],[-52.268,-27.283],[-52.261,-27.257],[-52.306,-27.266],[-52.291,-27.305],[-52.3,-27.319],[-52.352,-27.289],[-52.378,-27.304],[-52.398,-27.293],[-52.383,-27.32],[-52.383,-27.365],[-52.367,-27.396],[-52.354,-27.472],[-52.364,-27.501],[-52.344,-27.509],[-52.256,-27.511],[-52.239,-27.482]]]}},{"type":"Feature","properties":{"code":"4300877"},"geometry":{"type":"Polygon","coordinates":[[[-50.927,-29.676],[-50.906,-29.631],[-50.912,-29.599],[-50.948,-29.595],[-50.956,-29.666],[-50.942,-29.691],[-50.927,-29.676]]]}},{"type":"Feature","properties":{"code":"4309159"},"geometry":{"type":"Polygon","coordinates":[[[-52.535,-29.329],[-52.526,-29.263],[-52.501,-29.247],[-52.536,-29.224],[-52.674,-29.233],[-52.696,-29.263],[-52.71,-29.306],[-52.634,-29.33],[-52.602,-29.357],[-52.543,-29.376],[-52.535,-29.329]]]}},{"type":"Feature","properties":{"code":"4309506"},"geometry":{"type":"Polygon","coordinates":[[[-54.634,-28.207],[-54.578,-28.235],[-54.585,-28.296],[-54.574,-28.299],[-54.569,-28.279],[-54.533,-28.277],[-54.487,-28.246],[-54.492,-28.138],[-54.509,-28.116],[-54.544,-28.116],[-54.585,-28.094],[-54.64,-28.098],[-54.657,-28.08],[-54.697,-28.067],[-54.695,-28.16],[-54.634,-28.207]]]}},{"type":"Feature","properties":{"code":"4301305"},"geometry":{"type":"Polygon","coordinates":[[[-52.968,-32.49],[-52.892,-32.461],[-52.802,-32.447],[-52.766,-32.426],[-52.724,-32.382],[-52.772,-32.353],[-52.79,-32.379],[-52.821,-32.334],[-52.808,-32.319],[-52.778,-32.252],[-52.777,-32.231],[-52.738,-32.192],[-52.732,-32.16],[-52.675,-32.164],[-52.623,-32.146],[-52.619,-32.131],[-52.563,-32.1],[-52.531,-32.093],[-52.492,-32.055],[-52.446,-32.064],[-52.41,-32.038],[-52.418,-32.016],[-52.471,-31.999],[-52.513,-31.975],[-52.514,-31.954],[-52.605,-31.938],[-52.612,-31.919],[-52.663,-31.901],[-52.781,-32.063],[-52.809,-32.071],[-52.858,-32.042],[-52.971,-32.032],[-53.028,-32.021],[-53.043,-32.003],[-53.124,-32.003],[-53.182,-32.06],[-53.232,-32.099],[-53.257,-32.172],[-53.307,-32.189],[-53.306,-32.218],[-53.29,-32.235],[-53.291,-32.275],[-53.261,-32.302],[-53.241,-32.347],[-53.186,-32.372],[-53.143,-32.364],[-53.1,-32.378],[-53.09,-32.393],[-53.032,-32.429],[-53.009,-32.424],[-52.977,-32.453],[-52.968,-32.49]]]}},{"type":"Feature","properties":{"code":"4317756"},"geometry":{"type":"Polygon","coordinates":[[[-52.774,-28.371],[-52.732,-28.428],[-52.715,-28.429],[-52.693,-28.469],[-52.646,-28.442],[-52.626,-28.411],[-52.644,-28.373],[-52.601,-28.333],[-52.59,-28.31],[-52.634,-28.301],[-52.673,-28.27],[-52.709,-28.288],[-52.718,-28.337],[-52.758,-28.344],[-52.774,-28.371]]]}},{"type":"Feature","properties":{"code":"4309571"},"geometry":{"type":"Polygon","coordinates":[[[-52.68,-29.5],[-52.613,-29.492],[-52.607,-29.473],[-52.571,-29.472],[-52.653,-29.39],[-52.758,-29.405],[-52.773,-29.444],[-52.722,-29.433],[-52.688,-29.464],[-52.68,-29.5]]]}},{"type":"Feature","properties":{"code":"4309555"},"geometry":{"type":"Polygon","coordinates":[[[-51.387,-29.584],[-51.375,-29.551],[-51.396,-29.525],[-51.437,-29.518],[-51.453,-29.502],[-51.469,-29.549],[-51.462,-29.569],[-51.387,-29.584]]]}},{"type":"Feature","properties":{"code":"4317707"},"geometry":{"type":"Polygon","coordinates":[[[-55.316,-28.658],[-55.282,-28.654],[-55.254,-28.636],[-55.232,-28.579],[-55.239,-28.549],[-55.206,-28.544],[-55.193,-28.517],[-55.188,-28.442],[-55.164,-28.428],[-55.164,-28.398],[-55.202,-28.398],[-55.184,-28.359],[-55.202,-28.338],[-55.217,-28.302],[-55.279,-28.314],[-55.313,-28.306],[-55.328,-28.25],[-55.288,-28.256],[-55.319,-28.209],[-55.381,-28.287],[-55.41,-28.295],[-55.444,-28.249],[-55.486,-28.272],[-55.504,-28.331],[-55.507,-28.403],[-55.524,-28.415],[-55.529,-28.458],[-55.568,-28.469],[-55.59,-28.488],[-55.679,-28.498],[-55.697,-28.531],[-55.728,-28.55],[-55.734,-28.573],[-55.772,-28.585],[-55.733,-28.623],[-55.72,-28.653],[-55.676,-28.672],[-55.642,-28.669],[-55.593,-28.69],[-55.577,-28.681],[-55.55,-28.707],[-55.526,-28.69],[-55.43,-28.651],[-55.395,-28.651],[-55.331,-28.667],[-55.316,-28.658]]]}},{"type":"Feature","properties":{"code":"4317558"},"geometry":{"type":"Polygon","coordinates":[[[-52.089,-28.496],[-52.09,-28.536],[-52.035,-28.546],[-52.02,-28.528],[-51.925,-28.52],[-51.916,-28.51],[-51.92,-28.494],[-51.927,-28.476],[-51.991,-28.439],[-52.027,-28.45],[-52.062,-28.474],[-52.089,-28.496]]]}},{"type":"Feature","properties":{"code":"4317608"},"geometry":{"type":"Polygon","coordinates":[[[-50.457,-30.052],[-50.459,-30.017],[-50.399,-29.972],[-50.386,-29.885],[-50.373,-29.858],[-50.42,-29.831],[-50.435,-29.806],[-50.468,-29.793],[-50.467,-29.772],[-50.434,-29.751],[-50.404,-29.706],[-50.449,-29.679],[-50.491,-29.689],[-50.53,-29.714],[-50.603,-29.707],[-50.646,-29.681],[-50.684,-29.677],[-50.699,-29.714],[-50.687,-29.747],[-50.707,-29.771],[-50.694,-29.79],[-50.752,-29.789],[-50.734,-29.814],[-50.685,-29.84],[-50.679,-29.887],[-50.706,-29.926],[-50.687,-29.949],[-50.718,-29.979],[-50.7,-30.034],[-50.678,-30.054],[-50.654,-30.044],[-50.457,-30.052]]]}},{"type":"Feature","properties":{"code":"4309407"},"geometry":{"type":"Polygon","coordinates":[[[-51.914,-28.948],[-51.89,-28.933],[-51.781,-28.936],[-51.808,-28.895],[-51.791,-28.884],[-51.83,-28.868],[-51.841,-28.828],[-51.87,-28.803],[-51.834,-28.778],[-51.856,-28.755],[-51.959,-28.761],[-51.956,-28.822],[-52.015,-28.826],[-52.017,-28.842],[-52.01,-28.877],[-51.98,-28.911],[-51.944,-28.908],[-51.92,-28.921],[-51.914,-28.948]]]}},{"type":"Feature","properties":{"code":"4301206"},"geometry":{"type":"Polygon","coordinates":[[[-53.083,-29.372],[-53.025,-29.337],[-53.021,-29.266],[-52.946,-29.262],[-52.959,-29.227],[-52.917,-29.185],[-52.948,-29.177],[-52.999,-29.139],[-53.017,-29.156],[-53.064,-29.182],[-53.09,-29.212],[-53.13,-29.228],[-53.126,-29.265],[-53.147,-29.267],[-53.142,-29.313],[-53.168,-29.342],[-53.155,-29.355],[-53.083,-29.372]]]}},{"type":"Feature","properties":{"code":"4316907"},"geometry":{"type":"Polygon","coordinates":[[[-53.869,-29.994],[-53.835,-29.986],[-53.784,-30.002],[-53.742,-29.964],[-53.711,-29.95],[-53.652,-29.893],[-53.609,-29.872],[-53.549,-29.867],[-53.549,-29.835],[-53.565,-29.813],[-53.519,-29.765],[-53.535,-29.755],[-53.545,-29.704],[-53.586,-29.695],[-53.615,-29.671],[-53.619,-29.649],[-53.65,-29.623],[-53.627,-29.605],[-53.687,-29.576],[-53.701,-29.549],[-53.699,-29.586],[-53.711,-29.631],[-53.767,-29.658],[-53.801,-29.646],[-53.856,-29.592],[-53.859,-29.611],[-53.943,-29.596],[-53.968,-29.567],[-54.0,-29.567],[-53.979,-29.603],[-53.998,-29.636],[-54.076,-29.639],[-54.132,-29.686],[-54.086,-29.724],[-54.09,-29.763],[-54.059,-29.773],[-54.025,-29.767],[-53.968,-29.797],[-54.002,-29.849],[-54.03,-29.87],[-54.077,-29.876],[-54.04,-29.917],[-54.033,-29.958],[-54.001,-29.986],[-53.952,-29.991],[-53.908,-29.983],[-53.869,-29.994]]]}},{"type":"Feature","properties":{"code":"4308706"},"geometry":{"type":"Polygon","coordinates":[[[-52.155,-27.669],[-52.078,-27.672],[-52.041,-27.645],[-52.041,-27.595],[-52.069,-27.585],[-52.054,-27.543],[-52.077,-27.534],[-52.089,-27.508],[-52.132,-27.517],[-52.187,-27.544],[-52.186,-27.568],[-52.182,-27.664],[-52.155,-27.669]]]}},{"type":"Feature","properties":{"code":"4300505"},"geometry":{"type":"Polygon","coordinates":[[[-52.934,-27.313],[-52.959,-27.292],[-52.967,-27.262],[-52.95,-27.249],[-52.971,-27.218],[-53.0,-27.207],[-52.985,-27.171],[-52.992,-27.14],[-53.026,-27.159],[-53.041,-27.125],[-53.018,-27.093],[-53.048,-27.084],[-53.077,-27.108],[-53.071,-27.157],[-53.14,-27.176],[-53.169,-27.144],[-53.188,-27.192],[-53.159,-27.282],[-53.076,-27.27],[-53.01,-27.324],[-52.951,-27.308],[-52.934,-27.313]]]}},{"type":"Feature","properties":{"code":"4308805"},"geometry":{"type":"Polygon","coordinates":[[[-51.727,-29.947],[-51.75,-29.888],[-51.716,-29.861],[-51.748,-29.852],[-51.816,-29.862],[-51.841,-29.824],[-51.886,-29.804],[-51.914,-29.808],[-51.91,-29.767],[-51.943,-29.759],[-51.962,-29.735],[-52.037,-29.704],[-52.014,-29.736],[-52.059,-29.814],[-52.042,-29.893],[-52.055,-29.923],[-52.018,-29.938],[-52.007,-29.95],[-51.966,-29.938],[-51.868,-29.96],[-51.84,-29.954],[-51.782,-29.959],[-51.727,-29.947]]]}},{"type":"Feature","properties":{"code":"4316972"},"geometry":{"type":"Polygon","coordinates":[[[-53.887,-30.497],[-53.946,-30.489],[-53.968,-30.442],[-53.94,-30.424],[-53.942,-30.393],[-53.973,-30.348],[-53.967,-30.337],[-54.018,-30.266],[-54.001,-30.247],[-54.022,-30.229],[-54.097,-30.189],[-54.164,-30.176],[-54.192,-30.206],[-54.253,-30.223],[-54.269,-30.264],[-54.251,-30.288],[-54.245,-30.347],[-54.267,-30.369],[-54.271,-30.397],[-54.231,-30.454],[-54.178,-30.499],[-54.14,-30.521],[-54.082,-30.464],[-54.061,-30.501],[-54.07,-30.526],[-54.048,-30.545],[-53.944,-30.56],[-53.934,-30.574],[-53.921,-30.548],[-53.882,-30.516],[-53.887,-30.497]]]}},{"type":"Feature","properties":{"code":"4316956"},"geometry":{"type":"Polygon","coordinates":[[[-50.9,-29.55],[-50.908,-29.516],[-50.907,-29.5],[-50.91,-29.451],[-50.957,-29.425],[-50.981,-29.39],[-51.019,-29.437],[-51.042,-29.439],[-51.008,-29.446],[-51.013,-29.476],[-51.063,-29.468],[-51.051,-29.492],[-51.017,-29.515],[-50.969,-29.52],[-50.943,-29.547],[-50.9,-29.55]]]}},{"type":"Feature","properties":{"code":"4300604"},"geometry":{"type":"Polygon","coordinates":[[[-51.085,-30.046],[-51.04,-30.006],[-50.962,-29.99],[-50.949,-29.966],[-51.074,-29.967],[-51.087,-29.971],[-51.085,-30.046]]]}},{"type":"Feature","properties":{"code":"4300570"},"geometry":{"type":"Polygon","coordinates":[[[-51.28,-29.405],[-51.282,-29.372],[-51.26,-29.351],[-51.27,-29.313],[-51.353,-29.333],[-51.35,-29.352],[-51.355,-29.368],[-51.332,-29.41],[-51.33,-29.427],[-51.28,-29.405]]]}},{"type":"Feature","properties":{"code":"4308607"},"geometry":{"type":"Polygon","coordinates":[[[-51.491,-29.26],[-51.492,-29.198],[-51.654,-29.198],[-51.685,-29.213],[-51.677,-29.247],[-51.646,-29.254],[-51.65,-29.294],[-51.632,-29.294],[-51.546,-29.293],[-51.541,-29.275],[-51.491,-29.276],[-51.491,-29.26]]]}},{"type":"Feature","properties":{"code":"4300554"},"geometry":{"type":"Polygon","coordinates":[[[-52.964,-28.87],[-52.939,-28.849],[-52.966,-28.813],[-52.934,-28.801],[-52.934,-28.748],[-52.953,-28.739],[-53.034,-28.764],[-53.064,-28.799],[-53.061,-28.83],[-52.964,-28.87]]]}},{"type":"Feature","properties":{"code":"4316758"},"geometry":{"type":"Polygon","coordinates":[[[-52.048,-29.469],[-52.042,-29.445],[-52.128,-29.424],[-52.201,-29.425],[-52.218,-29.455],[-52.156,-29.477],[-52.142,-29.484],[-52.053,-29.485],[-52.048,-29.469]]]}},{"type":"Feature","properties":{"code":"4300406"},"geometry":{"type":"Polygon","coordinates":[[[-55.313,-30.081],[-55.269,-30.038],[-55.245,-29.988],[-55.23,-29.929],[-55.194,-29.916],[-55.174,-29.883],[-55.149,-29.87],[-55.151,-29.828],[-55.114,-29.801],[-55.122,-29.767],[-55.131,-29.695],[-55.19,-29.696],[-55.197,-29.664],[-55.22,-29.632],[-55.258,-29.617],[-55.337,-29.637],[-55.377,-29.614],[-55.399,-29.615],[-55.413,-29.661],[-55.45,-29.664],[-55.464,-29.649],[-55.54,-29.654],[-55.549,-29.601],[-55.608,-29.582],[-55.658,-29.533],[-55.689,-29.494],[-55.759,-29.495],[-55.77,-29.461],[-55.751,-29.438],[-55.779,-29.42],[-55.827,-29.43],[-55.85,-29.412],[-55.866,-29.423],[-55.909,-29.388],[-55.936,-29.352],[-55.956,-29.362],[-55.998,-29.335],[-56.029,-29.301],[-56.078,-29.332],[-56.095,-29.37],[-56.122,-29.357],[-56.133,-29.327],[-56.182,-29.322],[-56.178,-29.377],[-56.22,-29.4],[-56.257,-29.4],[-56.291,-29.417],[-56.364,-29.398],[-56.43,-29.427],[-56.461,-29.421],[-56.482,-29.393],[-56.597,-29.393],[-56.66,-29.423],[-56.627,-29.441],[-56.536,-29.454],[-56.521,-29.471],[-56.47,-29.47],[-56.457,-29.531],[-56.423,-29.543],[-56.408,-29.572],[-56.378,-29.589],[-56.383,-29.626],[-56.362,-29.67],[-56.4,-29.693],[-56.395,-29.722],[-56.371,-29.744],[-56.372,-29.81],[-56.351,-29.849],[-56.316,-29.86],[-56.278,-29.932],[-56.247,-29.958],[-56.245,-29.977],[-56.185,-30.001],[-56.156,-30.033],[-56.15,-30.055],[-56.121,-30.08],[-56.083,-30.079],[-56.044,-30.05],[-56.02,-30.081],[-55.969,-30.09],[-55.878,-30.088],[-55.866,-30.134],[-55.813,-30.169],[-55.768,-30.169],[-55.745,-30.231],[-55.676,-30.227],[-55.652,-30.147],[-55.676,-30.123],[-55.662,-30.103],[-55.606,-30.144],[-55.538,-30.163],[-55.471,-30.079],[-55.442,-30.093],[-55.383,-30.075],[-55.313,-30.081]]]}},{"type":"Feature","properties":{"code":"4308656"},"geometry":{"type":"Polygon","coordinates":[[[-55.507,-28.403],[-55.504,-28.331],[-55.486,-28.272],[-55.444,-28.249],[-55.41,-28.295],[-55.381,-28.287],[-55.319,-28.209],[-55.366,-28.165],[-55.355,-28.133],[-55.403,-28.114],[-55.44,-28.088],[-55.488,-28.076],[-55.513,-28.115],[-55.531,-28.116],[-55.564,-28.163],[-55.611,-28.117],[-55.634,-28.178],[-55.653,-28.182],[-55.693,-28.219],[-55.771,-28.241],[-55.773,-28.274],[-55.743,-28.282],[-55.68,-28.322],[-55.669,-28.341],[-55.692,-28.416],[-55.636,-28.366],[-55.61,-28.372],[-55.583,-28.339],[-55.536,-28.39],[-55.507,-28.403]]]}},{"type":"Feature","properties":{"code":"4300471"},"geometry":{"type":"Polygon","coordinates":[[[-53.017,-28.037],[-52.999,-28.062],[-53.012,-28.097],[-52.978,-28.131],[-52.964,-28.178],[-52.939,-28.188],[-52.912,-28.178],[-52.882,-28.222],[-52.882,-28.246],[-52.84,-28.24],[-52.825,-28.196],[-52.827,-28.163],[-52.806,-28.122],[-52.866,-28.069],[-52.897,-28.069],[-52.944,-28.044],[-52.956,-28.036],[-53.017,-28.037]]]}},{"type":"Feature","properties":{"code":"4316808"},"geometry":{"type":"Polygon","coordinates":[[[-52.478,-29.875],[-52.461,-29.903],[-52.4,-29.84],[-52.314,-29.835],[-52.304,-29.809],[-52.335,-29.729],[-52.299,-29.675],[-52.314,-29.666],[-52.331,-29.518],[-52.347,-29.505],[-52.357,-29.465],[-52.353,-29.429],[-52.391,-29.375],[-52.435,-29.378],[-52.457,-29.415],[-52.45,-29.451],[-52.432,-29.475],[-52.445,-29.516],[-52.439,-29.54],[-52.474,-29.56],[-52.527,-29.564],[-52.564,-29.584],[-52.511,-29.622],[-52.472,-29.694],[-52.473,-29.747],[-52.487,-29.802],[-52.474,-29.834],[-52.478,-29.875]]]}},{"type":"Feature","properties":{"code":"4300455"},"geometry":{"type":"Polygon","coordinates":[[[-54.115,-27.883],[-54.061,-27.879],[-54.005,-27.841],[-53.966,-27.824],[-53.979,-27.78],[-54.045,-27.738],[-54.067,-27.743],[-54.06,-27.768],[-54.104,-27.786],[-54.126,-27.769],[-54.16,-27.797],[-54.124,-27.806],[-54.139,-27.829],[-54.115,-27.861],[-54.115,-27.883]]]}},{"type":"Feature","properties":{"code":"4300802"},"geometry":{"type":"Polygon","coordinates":[[[-51.34,-28.965],[-51.317,-28.959],[-51.275,-28.926],[-51.27,-28.96],[-51.236,-28.939],[-51.186,-28.942],[-51.16,-28.874],[-51.177,-28.858],[-51.228,-28.821],[-51.254,-28.817],[-51.33,-28.843],[-51.373,-28.831],[-51.41,-28.8],[-51.438,-28.806],[-51.465,-28.83],[-51.463,-28.856],[-51.456,-28.886],[-51.464,-28.925],[-51.355,-28.919],[-51.34,-28.965]]]}},{"type":"Feature","properties":{"code":"4317251"},"geometry":{"type":"Polygon","coordinates":[[[-51.654,-29.198],[-51.666,-29.188],[-51.665,-29.159],[-51.695,-29.158],[-51.696,-29.097],[-51.713,-29.091],[-51.713,-29.112],[-51.739,-29.137],[-51.758,-29.185],[-51.75,-29.208],[-51.685,-29.213],[-51.654,-29.198]]]}},{"type":"Feature","properties":{"code":"4309050"},"geometry":{"type":"Polygon","coordinates":[[[-50.821,-29.999],[-50.718,-29.979],[-50.687,-29.949],[-50.706,-29.926],[-50.679,-29.887],[-50.685,-29.84],[-50.734,-29.814],[-50.752,-29.789],[-50.694,-29.79],[-50.728,-29.769],[-50.812,-29.774],[-50.853,-29.835],[-50.855,-29.872],[-50.836,-29.947],[-50.84,-29.977],[-50.821,-29.999]]]}},{"type":"Feature","properties":{"code":"4300851"},"geometry":{"type":"Polygon","coordinates":[[[-51.538,-31.115],[-51.446,-31.09],[-51.483,-31.031],[-51.501,-30.965],[-51.498,-30.918],[-51.449,-30.872],[-51.477,-30.882],[-51.523,-30.833],[-51.535,-30.802],[-51.59,-30.76],[-51.63,-30.745],[-51.635,-30.75],[-51.694,-30.813],[-51.744,-30.839],[-51.725,-30.882],[-51.657,-30.892],[-51.6,-30.953],[-51.592,-30.985],[-51.605,-31.048],[-51.538,-31.115]]]}},{"type":"Feature","properties":{"code":"4317202"},"geometry":{"type":"Polygon","coordinates":[[[-54.596,-27.944],[-54.557,-27.98],[-54.474,-27.983],[-54.425,-27.923],[-54.38,-27.917],[-54.383,-27.872],[-54.369,-27.835],[-54.365,-27.809],[-54.397,-27.754],[-54.424,-27.725],[-54.421,-27.702],[-54.443,-27.707],[-54.434,-27.714],[-54.457,-27.784],[-54.471,-27.791],[-54.506,-27.765],[-54.543,-27.757],[-54.553,-27.788],[-54.594,-27.793],[-54.565,-27.811],[-54.56,-27.841],[-54.685,-27.889],[-54.616,-27.936],[-54.596,-27.944]]]}},{"type":"Feature","properties":{"code":"4309001"},"geometry":{"type":"Polygon","coordinates":[[[-54.404,-28.139],[-54.39,-28.161],[-54.304,-28.159],[-54.267,-28.164],[-54.222,-28.143],[-54.18,-28.138],[-54.122,-28.115],[-54.069,-28.108],[-54.075,-28.054],[-54.14,-28.019],[-54.194,-27.971],[-54.225,-27.926],[-54.339,-27.857],[-54.333,-27.821],[-54.369,-27.835],[-54.383,-27.872],[-54.38,-27.917],[-54.425,-27.923],[-54.474,-27.983],[-54.457,-28.006],[-54.516,-28.093],[-54.427,-28.07],[-54.428,-28.091],[-54.396,-28.129],[-54.404,-28.139]]]}},{"type":"Feature","properties":{"code":"4308854"},"geometry":{"type":"Polygon","coordinates":[[[-52.083,-28.345],[-52.102,-28.352],[-52.097,-28.385],[-52.111,-28.399],[-52.084,-28.476],[-52.062,-28.474],[-52.027,-28.45],[-51.991,-28.439],[-51.968,-28.366],[-51.964,-28.331],[-52.02,-28.303],[-52.074,-28.305],[-52.083,-28.345]]]}},{"type":"Feature","properties":{"code":"4300661"},"geometry":{"type":"Polygon","coordinates":[[[-51.562,-28.693],[-51.531,-28.667],[-51.497,-28.667],[-51.477,-28.65],[-51.445,-28.674],[-51.422,-28.67],[-51.399,-28.639],[-51.403,-28.604],[-51.396,-28.54],[-51.421,-28.501],[-51.447,-28.486],[-51.474,-28.517],[-51.518,-28.542],[-51.537,-28.526],[-51.586,-28.52],[-51.599,-28.537],[-51.616,-28.635],[-51.596,-28.669],[-51.562,-28.693]]]}},{"type":"Feature","properties":{"code":"4317004"},"geometry":{"type":"Polygon","coordinates":[[[-53.164,-31.024],[-53.124,-31.015],[-53.126,-30.986],[-53.083,-30.968],[-53.023,-30.986],[-53.021,-30.92],[-52.983,-30.859],[-52.961,-30.859],[-52.954,-30.733],[-52.975,-30.728],[-52.989,-30.678],[-53.035,-30.671],[-53.056,-30.647],[-53.09,-30.635],[-53.121,-30.602],[-53.156,-30.547],[-53.189,-30.532],[-53.186,-30.491],[-53.214,-30.451],[-53.231,-30.474],[-53.216,-30.52],[-53.227,-30.57],[-53.248,-30.58],[-53.219,-30.624],[-53.187,-30.652],[-53.193,-30.715],[-53.207,-30.727],[-53.217,-30.769],[-53.26,-30.786],[-53.288,-30.767],[-53.307,-30.781],[-53.362,-30.776],[-53.414,-30.805],[-53.409,-30.839],[-53.432,-30.886],[-53.409,-30.922],[-53.418,-30.965],[-53.385,-30.988],[-53.359,-30.979],[-53.264,-31.01],[-53.226,-30.992],[-53.164,-31.024]]]}},{"type":"Feature","properties":{"code":"4300646"},"geometry":{"type":"Polygon","coordinates":[[[-53.183,-27.409],[-53.143,-27.406],[-53.113,-27.377],[-53.131,-27.357],[-53.172,-27.34],[-53.202,-27.312],[-53.246,-27.321],[-53.258,-27.34],[-53.262,-27.374],[-53.202,-27.413],[-53.183,-27.409]]]}},{"type":"Feature","properties":{"code":"4300638"},"geometry":{"type":"Polygon","coordinates":[[[-52.12,-30.884],[-52.156,-30.863],[-52.178,-30.819],[-52.19,-30.764],[-52.24,-30.757],[-52.259,-30.799],[-52.316,-30.733],[-52.336,-30.692],[-52.375,-30.687],[-52.413,-30.655],[-52.443,-30.659],[-52.43,-30.698],[-52.457,-30.797],[-52.419,-30.855],[-52.427,-30.915],[-52.364,-30.908],[-52.312,-30.887],[-52.249,-30.884],[-52.208,-30.905],[-52.1,-30.909],[-52.12,-30.884]]]}},{"type":"Feature","properties":{"code":"4317103"},"geometry":{"type":"Polygon","coordinates":[[[-55.036,-31.284],[-55.082,-31.205],[-55.069,-31.156],[-55.096,-31.118],[-55.116,-31.011],[-55.148,-30.981],[-55.107,-30.912],[-55.048,-30.885],[-55.03,-30.853],[-55.04,-30.799],[-55.011,-30.723],[-55.029,-30.65],[-55.054,-30.634],[-55.039,-30.586],[-55.054,-30.571],[-55.036,-30.527],[-55.055,-30.505],[-54.986,-30.488],[-55.042,-30.453],[-55.077,-30.441],[-55.125,-30.452],[-55.172,-30.49],[-55.232,-30.518],[-55.294,-30.52],[-55.352,-30.501],[-55.355,-30.488],[-55.404,-30.459],[-55.417,-30.43],[-55.456,-30.412],[-55.504,-30.407],[-55.519,-30.386],[-55.599,-30.385],[-55.636,-30.333],[-55.625,-30.305],[-55.675,-30.278],[-55.668,-30.298],[-55.689,-30.376],[-55.701,-30.401],[-55.77,-30.397],[-55.786,-30.416],[-55.862,-30.433],[-55.948,-30.423],[-56.023,-30.442],[-56.066,-30.437],[-56.088,-30.454],[-56.132,-30.456],[-56.181,-30.482],[-56.245,-30.501],[-56.259,-30.525],[-56.29,-30.532],[-56.277,-30.561],[-56.238,-30.573],[-56.214,-30.608],[-56.188,-30.605],[-56.165,-30.643],[-56.15,-30.706],[-56.107,-30.732],[-56.096,-30.754],[-56.024,-30.786],[-55.99,-30.86],[-56.011,-30.912],[-56.011,-30.978],[-56.019,-31.044],[-56.005,-31.082],[-55.979,-31.073],[-55.926,-31.077],[-55.871,-31.072],[-55.855,-31.045],[-55.83,-31.044],[-55.807,-31.017],[-55.781,-31.017],[-55.704,-30.955],[-55.666,-30.954],[-55.642,-30.912],[-55.663,-30.872],[-55.638,-30.846],[-55.579,-30.84],[-55.546,-30.89],[-55.51,-30.902],[-55.478,-30.954],[-55.457,-30.951],[-55.425,-30.986],[-55.437,-31.005],[-55.371,-31.023],[-55.349,-31.043],[-55.359,-31.063],[-55.328,-31.088],[-55.339,-31.134],[-55.29,-31.145],[-55.25,-31.206],[-55.247,-31.252],[-55.174,-31.268],[-55.152,-31.293],[-55.109,-31.308],[-55.075,-31.332],[-55.039,-31.3],[-55.036,-31.284]]]}},{"type":"Feature","properties":{"code":"4308904"},"geometry":{"type":"Polygon","coordinates":[[[-52.278,-27.876],[-52.241,-27.909],[-52.22,-27.912],[-52.228,-27.972],[-52.17,-27.943],[-52.126,-27.953],[-52.091,-27.936],[-52.082,-27.906],[-52.12,-27.911],[-52.149,-27.894],[-52.146,-27.846],[-52.091,-27.794],[-52.097,-27.779],[-52.149,-27.734],[-52.199,-27.75],[-52.237,-27.785],[-52.258,-27.807],[-52.278,-27.876]]]}},{"type":"Feature","properties":{"code":"4300703"},"geometry":{"type":"Polygon","coordinates":[[[-51.926,-29.075],[-51.918,-29.023],[-51.929,-28.99],[-51.914,-28.948],[-51.92,-28.921],[-51.944,-28.908],[-51.98,-28.911],[-52.01,-28.877],[-52.079,-28.878],[-52.071,-28.887],[-52.07,-28.98],[-52.092,-28.98],[-52.049,-29.021],[-52.021,-29.04],[-51.97,-29.039],[-51.955,-29.075],[-51.926,-29.075]]]}},{"type":"Feature","properties":{"code":"4316402"},"geometry":{"type":"Polygon","coordinates":[[[-54.725,-30.599],[-54.748,-30.516],[-54.715,-30.5],[-54.719,-30.458],[-54.742,-30.452],[-54.744,-30.421],[-54.77,-30.417],[-54.784,-30.35],[-54.829,-30.324],[-54.865,-30.291],[-54.872,-30.269],[-54.816,-30.268],[-54.761,-30.282],[-54.714,-30.264],[-54.708,-30.21],[-54.685,-30.199],[-54.63,-30.123],[-54.67,-30.096],[-54.701,-30.056],[-54.703,-30.029],[-54.755,-30.021],[-54.79,-30.094],[-54.817,-30.108],[-54.871,-30.096],[-54.892,-30.1],[-54.919,-30.071],[-54.972,-30.087],[-55.007,-30.13],[-55.06,-30.145],[-55.077,-30.124],[-55.101,-30.053],[-55.137,-30.042],[-55.178,-30.046],[-55.188,-30.079],[-55.313,-30.081],[-55.383,-30.075],[-55.442,-30.093],[-55.471,-30.079],[-55.538,-30.163],[-55.606,-30.144],[-55.662,-30.103],[-55.676,-30.123],[-55.652,-30.147],[-55.676,-30.227],[-55.692,-30.256],[-55.675,-30.278],[-55.625,-30.305],[-55.636,-30.333],[-55.599,-30.385],[-55.519,-30.386],[-55.504,-30.407],[-55.456,-30.412],[-55.417,-30.43],[-55.404,-30.459],[-55.355,-30.488],[-55.352,-30.501],[-55.294,-30.52],[-55.232,-30.518],[-55.172,-30.49],[-55.125,-30.452],[-55.077,-30.441],[-55.042,-30.453],[-54.986,-30.488],[-55.055,-30.505],[-55.036,-30.527],[-55.054,-30.571],[-55.039,-30.586],[-55.054,-30.634],[-55.029,-30.65],[-55.011,-30.723],[-54.991,-30.731],[-54.927,-30.72],[-54.849,-30.735],[-54.772,-30.687],[-54.773,-30.664],[-54.733,-30.631],[-54.725,-30.599]]]}},{"type":"Feature","properties":{"code":"4300034"},"geometry":{"type":"Polygon","coordinates":[[[-54.455,-31.653],[-54.081,-31.93],[-54.039,-31.897],[-53.963,-31.922],[-53.947,-31.955],[-53.953,-31.921],[-53.936,-31.912],[-53.931,-31.874],[-53.914,-31.855],[-53.906,-31.808],[-53.93,-31.781],[-53.98,-31.749],[-53.958,-31.669],[-53.969,-31.655],[-53.958,-31.613],[-53.992,-31.538],[-53.958,-31.493],[-54.014,-31.538],[-54.042,-31.523],[-54.041,-31.5],[-54.071,-31.456],[-54.12,-31.435],[-54.137,-31.476],[-54.186,-31.487],[-54.224,-31.515],[-54.274,-31.509],[-54.312,-31.552],[-54.326,-31.582],[-54.376,-31.592],[-54.404,-31.632],[-54.455,-31.653]]]}},{"type":"Feature","properties":{"code":"4308201"},"geometry":{"type":"Polygon","coordinates":[[[-51.371,-29.069],[-51.343,-29.115],[-51.294,-29.113],[-51.308,-29.088],[-51.236,-29.086],[-51.145,-29.09],[-51.111,-29.08],[-51.112,-29.033],[-51.128,-29.007],[-51.125,-28.981],[-51.153,-28.972],[-51.186,-28.942],[-51.236,-28.939],[-51.27,-28.96],[-51.274,-29.029],[-51.358,-29.058],[-51.371,-29.069]]]}},{"type":"Feature","properties":{"code":"4316477"},"geometry":{"type":"Polygon","coordinates":[[[-54.795,-28.177],[-54.806,-28.127],[-54.808,-28.047],[-54.809,-28.023],[-54.87,-28.015],[-54.867,-28.046],[-54.857,-28.088],[-54.856,-28.161],[-54.795,-28.177]]]}},{"type":"Feature","properties":{"code":"4316451"},"geometry":{"type":"Polygon","coordinates":[[[-53.017,-29.156],[-53.043,-29.132],[-53.076,-29.125],[-53.078,-29.076],[-53.106,-29.066],[-53.151,-29.025],[-53.171,-29.031],[-53.191,-28.992],[-53.235,-28.956],[-53.331,-29.009],[-53.371,-28.976],[-53.407,-29.002],[-53.416,-29.039],[-53.449,-29.047],[-53.446,-29.087],[-53.386,-29.124],[-53.349,-29.119],[-53.29,-29.128],[-53.261,-29.144],[-53.191,-29.131],[-53.141,-29.131],[-53.115,-29.148],[-53.094,-29.14],[-53.064,-29.182],[-53.017,-29.156]]]}},{"type":"Feature","properties":{"code":"4316436"},"geometry":{"type":"Polygon","coordinates":[[[-53.12,-28.298],[-53.123,-28.341],[-53.163,-28.366],[-53.171,-28.416],[-53.134,-28.456],[-53.138,-28.48],[-53.079,-28.492],[-53.048,-28.426],[-53.058,-28.397],[-53.008,-28.384],[-53.002,-28.368],[-53.023,-28.348],[-53.043,-28.305],[-53.1,-28.279],[-53.12,-28.298]]]}},{"type":"Feature","properties":{"code":"4316428"},"geometry":{"type":"Polygon","coordinates":[[[-53.113,-27.758],[-53.1,-27.735],[-53.1,-27.675],[-53.075,-27.675],[-53.113,-27.65],[-53.155,-27.662],[-53.152,-27.699],[-53.197,-27.733],[-53.179,-27.757],[-53.146,-27.746],[-53.113,-27.758]]]}},{"type":"Feature","properties":{"code":"4308250"},"geometry":{"type":"Polygon","coordinates":[[[-52.091,-27.794],[-52.146,-27.846],[-52.149,-27.894],[-52.12,-27.911],[-52.082,-27.906],[-52.051,-27.906],[-52.018,-27.881],[-51.938,-27.884],[-51.92,-27.845],[-51.95,-27.827],[-52.083,-27.819],[-52.085,-27.801],[-52.091,-27.794]]]}},{"type":"Feature","properties":{"code":"4300059"},"geometry":{"type":"Polygon","coordinates":[[[-51.968,-28.278],[-51.974,-28.241],[-51.962,-28.169],[-51.989,-28.129],[-52.022,-28.132],[-52.043,-28.117],[-52.083,-28.118],[-52.124,-28.183],[-52.168,-28.189],[-52.144,-28.243],[-52.092,-28.306],[-52.074,-28.305],[-52.02,-28.303],[-51.968,-28.278]]]}},{"type":"Feature","properties":{"code":"4308102"},"geometry":{"type":"Polygon","coordinates":[[[-51.303,-29.523],[-51.265,-29.503],[-51.273,-29.489],[-51.235,-29.423],[-51.197,-29.409],[-51.226,-29.39],[-51.28,-29.405],[-51.33,-29.427],[-51.337,-29.47],[-51.317,-29.485],[-51.335,-29.524],[-51.303,-29.523]]]}},{"type":"Feature","properties":{"code":"4308078"},"geometry":{"type":"Polygon","coordinates":[[[-51.873,-29.643],[-51.827,-29.649],[-51.799,-29.614],[-51.796,-29.574],[-51.817,-29.529],[-51.873,-29.544],[-51.883,-29.56],[-51.873,-29.573],[-51.873,-29.643]]]}},{"type":"Feature","properties":{"code":"4308052"},"geometry":{"type":"Polygon","coordinates":[[[-52.726,-27.432],[-52.694,-27.444],[-52.672,-27.427],[-52.618,-27.432],[-52.602,-27.409],[-52.613,-27.37],[-52.647,-27.341],[-52.662,-27.31],[-52.685,-27.296],[-52.705,-27.298],[-52.728,-27.336],[-52.731,-27.374],[-52.719,-27.398],[-52.726,-27.432]]]}},{"type":"Feature","properties":{"code":"4316303"},"geometry":{"type":"Polygon","coordinates":[[[-54.944,-28.183],[-54.925,-28.14],[-54.928,-28.058],[-54.99,-28.055],[-55.016,-28.038],[-55.045,-28.003],[-55.073,-28.01],[-55.109,-28.033],[-55.158,-28.035],[-55.168,-27.992],[-55.213,-27.953],[-55.242,-27.96],[-55.278,-27.933],[-55.327,-27.927],[-55.34,-27.966],[-55.219,-28.002],[-55.174,-28.054],[-55.151,-28.045],[-55.112,-28.076],[-55.088,-28.127],[-55.07,-28.113],[-55.034,-28.139],[-55.024,-28.176],[-54.998,-28.159],[-54.972,-28.163],[-54.959,-28.188],[-54.944,-28.183]]]}},{"type":"Feature","properties":{"code":"4308458"},"geometry":{"type":"Polygon","coordinates":[[[-53.511,-29.037],[-53.494,-29.073],[-53.446,-29.087],[-53.449,-29.047],[-53.416,-29.039],[-53.407,-29.002],[-53.371,-28.976],[-53.331,-29.009],[-53.235,-28.956],[-53.191,-28.992],[-53.171,-29.031],[-53.151,-29.025],[-53.129,-28.987],[-53.13,-28.941],[-53.155,-28.902],[-53.144,-28.862],[-53.124,-28.847],[-53.113,-28.814],[-53.152,-28.797],[-53.139,-28.777],[-53.154,-28.752],[-53.239,-28.744],[-53.261,-28.73],[-53.291,-28.726],[-53.319,-28.757],[-53.331,-28.786],[-53.304,-28.824],[-53.319,-28.871],[-53.359,-28.869],[-53.415,-28.877],[-53.429,-28.901],[-53.388,-28.925],[-53.38,-28.944],[-53.397,-28.969],[-53.441,-28.987],[-53.471,-28.98],[-53.481,-29.018],[-53.511,-29.037]]]}},{"type":"Feature","properties":{"code":"4308433"},"geometry":{"type":"Polygon","coordinates":[[[-52.128,-29.424],[-52.045,-29.415],[-52.04,-29.401],[-52.09,-29.36],[-52.112,-29.362],[-52.164,-29.329],[-52.165,-29.351],[-52.192,-29.361],[-52.179,-29.406],[-52.201,-29.425],[-52.128,-29.424]]]}},{"type":"Feature","properties":{"code":"4316733"},"geometry":{"type":"Polygon","coordinates":[[[-51.791,-28.194],[-51.797,-28.166],[-51.85,-28.151],[-51.89,-28.115],[-51.918,-28.112],[-51.964,-28.112],[-51.989,-28.129],[-51.962,-28.169],[-51.974,-28.241],[-51.968,-28.278],[-51.946,-28.244],[-51.914,-28.241],[-51.892,-28.212],[-51.846,-28.239],[-51.798,-28.213],[-51.791,-28.194]]]}},{"type":"Feature","properties":{"code":"4316709"},"geometry":{"type":"Polygon","coordinates":[[[-53.46,-28.491],[-53.449,-28.511],[-53.464,-28.554],[-53.431,-28.566],[-53.42,-28.59],[-53.385,-28.572],[-53.331,-28.559],[-53.263,-28.567],[-53.25,-28.538],[-53.245,-28.483],[-53.193,-28.464],[-53.165,-28.49],[-53.138,-28.48],[-53.134,-28.456],[-53.171,-28.416],[-53.163,-28.366],[-53.123,-28.341],[-53.12,-28.298],[-53.122,-28.255],[-53.154,-28.23],[-53.185,-28.184],[-53.223,-28.146],[-53.256,-28.164],[-53.291,-28.172],[-53.312,-28.195],[-53.349,-28.241],[-53.401,-28.242],[-53.373,-28.387],[-53.418,-28.412],[-53.411,-28.43],[-53.46,-28.491]]]}},{"type":"Feature","properties":{"code":"4308508"},"geometry":{"type":"Polygon","coordinates":[[[-53.425,-27.422],[-53.352,-27.421],[-53.288,-27.396],[-53.262,-27.374],[-53.258,-27.34],[-53.29,-27.281],[-53.311,-27.272],[-53.327,-27.221],[-53.349,-27.24],[-53.355,-27.267],[-53.402,-27.32],[-53.425,-27.32],[-53.46,-27.295],[-53.488,-27.29],[-53.491,-27.306],[-53.461,-27.351],[-53.444,-27.363],[-53.425,-27.422]]]}},{"type":"Feature","properties":{"code":"4300307"},"geometry":{"type":"Polygon","coordinates":[[[-54.822,-27.74],[-54.785,-27.762],[-54.757,-27.723],[-54.709,-27.717],[-54.67,-27.686],[-54.668,-27.646],[-54.736,-27.58],[-54.723,-27.564],[-54.759,-27.581],[-54.785,-27.579],[-54.795,-27.535],[-54.817,-27.536],[-54.84,-27.605],[-54.861,-27.629],[-54.903,-27.636],[-54.903,-27.699],[-54.867,-27.69],[-54.819,-27.704],[-54.822,-27.74]]]}},{"type":"Feature","properties":{"code":"4316501"},"geometry":{"type":"Polygon","coordinates":[[[-51.522,-29.512],[-51.457,-29.496],[-51.455,-29.471],[-51.473,-29.438],[-51.56,-29.431],[-51.592,-29.409],[-51.608,-29.411],[-51.569,-29.458],[-51.602,-29.476],[-51.588,-29.477],[-51.522,-29.512]]]}},{"type":"Feature","properties":{"code":"4308300"},"geometry":{"type":"Polygon","coordinates":[[[-52.291,-29.13],[-52.297,-29.104],[-52.337,-29.059],[-52.33,-29.02],[-52.307,-29.014],[-52.226,-29.038],[-52.219,-29.005],[-52.228,-28.97],[-52.25,-28.965],[-52.261,-28.933],[-52.299,-28.876],[-52.357,-28.876],[-52.487,-28.909],[-52.504,-28.95],[-52.491,-28.992],[-52.495,-29.034],[-52.478,-29.105],[-52.427,-29.157],[-52.343,-29.141],[-52.292,-29.164],[-52.291,-29.13]]]}},{"type":"Feature","properties":{"code":"4316600"},"geometry":{"type":"Polygon","coordinates":[[[-51.677,-27.983],[-51.712,-27.968],[-51.736,-27.923],[-51.732,-27.89],[-51.764,-27.845],[-51.8,-27.867],[-51.855,-27.844],[-51.912,-27.798],[-51.94,-27.791],[-51.95,-27.827],[-51.92,-27.845],[-51.938,-27.884],[-51.91,-27.952],[-51.929,-27.991],[-51.927,-28.0],[-51.852,-28.009],[-51.809,-28.027],[-51.776,-28.027],[-51.769,-28.059],[-51.704,-28.138],[-51.692,-28.092],[-51.634,-28.048],[-51.675,-28.022],[-51.646,-27.993],[-51.677,-27.983]]]}},{"type":"Feature","properties":{"code":"4300109"},"geometry":{"type":"Polygon","coordinates":[[[-53.362,-29.637],[-53.355,-29.668],[-53.282,-29.69],[-53.286,-29.717],[-53.266,-29.73],[-53.29,-29.786],[-53.277,-29.799],[-53.196,-29.831],[-53.175,-29.77],[-53.209,-29.759],[-53.204,-29.669],[-53.187,-29.632],[-53.154,-29.633],[-53.137,-29.608],[-53.136,-29.559],[-53.073,-29.559],[-53.058,-29.57],[-53.029,-29.553],[-53.137,-29.495],[-53.184,-29.467],[-53.235,-29.465],[-53.265,-29.449],[-53.294,-29.453],[-53.294,-29.486],[-53.31,-29.538],[-53.335,-29.556],[-53.306,-29.58],[-53.307,-29.616],[-53.33,-29.635],[-53.362,-29.637]]]}},{"type":"Feature","properties":{"code":"4308409"},"geometry":{"type":"Polygon","coordinates":[[[-53.652,-29.893],[-53.652,-29.93],[-53.635,-29.989],[-53.671,-30.051],[-53.634,-30.094],[-53.593,-30.098],[-53.552,-30.082],[-53.526,-30.056],[-53.481,-30.044],[-53.419,-30.038],[-53.373,-30.021],[-53.254,-29.958],[-53.299,-29.938],[-53.327,-29.944],[-53.365,-29.925],[-53.419,-29.925],[-53.468,-29.88],[-53.506,-29.883],[-53.549,-29.867],[-53.609,-29.872],[-53.652,-29.893]]]}},{"type":"Feature","properties":{"code":"4300208"},"geometry":{"type":"Polygon","coordinates":[[[-53.811,-28.285],[-53.789,-28.296],[-53.75,-28.286],[-53.713,-28.298],[-53.705,-28.28],[-53.659,-28.282],[-53.641,-28.258],[-53.637,-28.224],[-53.621,-28.206],[-53.62,-28.146],[-53.639,-28.133],[-53.668,-28.146],[-53.717,-28.151],[-53.755,-28.133],[-53.787,-28.129],[-53.802,-28.102],[-53.842,-28.189],[-53.832,-28.237],[-53.843,-28.258],[-53.811,-28.285]]]}},{"type":"Feature","properties":{"code":"4315909"},"geometry":{"type":"Polygon","coordinates":[[[-53.144,-27.523],[-53.132,-27.444],[-53.124,-27.434],[-53.143,-27.406],[-53.183,-27.409],[-53.207,-27.453],[-53.247,-27.496],[-53.207,-27.487],[-53.195,-27.52],[-53.18,-27.509],[-53.144,-27.523]]]}},{"type":"Feature","properties":{"code":"4307708"},"geometry":{"type":"Polygon","coordinates":[[[-51.101,-29.869],[-51.181,-29.83],[-51.232,-29.862],[-51.123,-29.866],[-51.101,-29.869]]]}},{"type":"Feature","properties":{"code":"4315958"},"geometry":{"type":"Polygon","coordinates":[[[-54.788,-28.363],[-54.748,-28.305],[-54.76,-28.247],[-54.746,-28.208],[-54.795,-28.177],[-54.856,-28.161],[-54.944,-28.183],[-54.959,-28.188],[-54.949,-28.227],[-54.914,-28.276],[-54.876,-28.277],[-54.848,-28.331],[-54.866,-28.349],[-54.82,-28.373],[-54.788,-28.363]]]}},{"type":"Feature","properties":{"code":"4315750"},"geometry":{"type":"Polygon","coordinates":[[[-50.404,-29.706],[-50.359,-29.716],[-50.316,-29.678],[-50.354,-29.65],[-50.34,-29.608],[-50.355,-29.551],[-50.348,-29.494],[-50.407,-29.519],[-50.433,-29.537],[-50.432,-29.556],[-50.483,-29.595],[-50.466,-29.607],[-50.486,-29.643],[-50.449,-29.679],[-50.404,-29.706]]]}},{"type":"Feature","properties":{"code":"4307559"},"geometry":{"type":"Polygon","coordinates":[[[-52.35,-27.898],[-52.372,-27.928],[-52.339,-27.947],[-52.335,-27.977],[-52.269,-27.955],[-52.228,-27.972],[-52.22,-27.912],[-52.241,-27.909],[-52.278,-27.876],[-52.315,-27.894],[-52.35,-27.898]]]}},{"type":"Feature","properties":{"code":"4315800"},"geometry":{"type":"Polygon","coordinates":[[[-51.839,-29.344],[-51.776,-29.343],[-51.78,-29.299],[-51.801,-29.26],[-51.755,-29.261],[-51.75,-29.208],[-51.758,-29.185],[-51.829,-29.176],[-51.843,-29.151],[-51.886,-29.171],[-51.871,-29.199],[-51.866,-29.277],[-51.9,-29.296],[-51.909,-29.352],[-51.839,-29.344]]]}},{"type":"Feature","properties":{"code":"4307609"},"geometry":{"type":"Polygon","coordinates":[[[-51.177,-29.672],[-51.143,-29.67],[-51.135,-29.638],[-51.196,-29.616],[-51.231,-29.617],[-51.22,-29.682],[-51.194,-29.68],[-51.177,-29.672]]]}},{"type":"Feature","properties":{"code":"4316105"},"geometry":{"type":"Polygon","coordinates":[[[-52.772,-27.915],[-52.745,-27.945],[-52.738,-27.926],[-52.704,-27.912],[-52.651,-27.948],[-52.609,-27.937],[-52.58,-27.925],[-52.597,-27.884],[-52.645,-27.853],[-52.68,-27.796],[-52.716,-27.761],[-52.747,-27.747],[-52.746,-27.692],[-52.76,-27.691],[-52.775,-27.681],[-52.869,-27.672],[-52.896,-27.721],[-52.895,-27.751],[-52.855,-27.803],[-52.822,-27.808],[-52.819,-27.83],[-52.781,-27.826],[-52.78,-27.851],[-52.758,-27.88],[-52.772,-27.915]]]}}]}