{"type":"FeatureCollection","features":[{"type":"Feature","properties":{"code":"5103700"},"geometry":{"type":"Polygon","coordinates":[[[-55.126,-12.178],[-55.138,-12.214],[-55.11,-12.249],[-55.107,-12.272],[-55.072,-12.367],[-55.093,-12.399],[-55.1,-12.473],[-55.118,-12.493],[-55.139,-12.55],[-55.157,-12.576],[-55.194,-12.593],[-55.232,-12.599],[-55.232,-12.635],[-55.265,-12.648],[-55.276,-12.667],[-55.242,-12.699],[-55.229,-12.737],[-55.092,-12.736],[-55.014,-12.729],[-54.953,-12.742],[-54.941,-12.704],[-54.916,-12.667],[-54.838,-12.638],[-54.791,-12.627],[-54.747,-12.601],[-54.719,-12.54],[-54.706,-12.497],[-54.668,-12.475],[-54.643,-12.482],[-54.593,-12.466],[-54.56,-12.468],[-54.536,-12.45],[-54.532,-12.415],[-54.478,-12.359],[-54.453,-12.363],[-54.311,-12.287],[-54.291,-12.288],[-54.239,-12.244],[-54.19,-12.234],[-54.144,-12.173],[-54.105,-12.155],[-54.057,-12.162],[-54.048,-12.131],[-54.007,-12.111],[-53.988,-12.127],[-53.959,-12.119],[-53.945,-12.087],[-53.911,-12.097],[-53.899,-12.083],[-53.856,-12.072],[-53.782,-12.094],[-53.752,-12.068],[-53.657,-12.04],[-53.628,-11.978],[-53.601,-11.96],[-53.548,-11.949],[-53.547,-11.937],[-53.587,-11.86],[-53.587,-11.825],[-53.608,-11.744],[-53.57,-11.654],[-53.572,-11.616],[-53.541,-11.598],[-53.547,-11.568],[-53.517,-11.544],[-53.485,-11.505],[-53.469,-11.5],[-53.442,-11.465],[-53.439,-11.432],[-53.4,-11.436],[-53.378,-11.391],[-53.326,-11.336],[-53.311,-11.312],[-53.251,-11.264],[-53.26,-11.229],[-53.245,-11.211],[-53.242,-11.148],[-53.267,-11.091],[-53.285,-11.083],[-53.285,-11.038],[-53.316,-11.0],[-53.318,-10.958],[-53.338,-10.99],[-53.342,-11.027],[-53.374,-11.021],[-53.373,-11.048],[-53.393,-11.057],[-53.436,-11.048],[-53.489,-11.057],[-53.517,-11.095],[-53.56,-11.085],[-53.593,-11.121],[-53.615,-11.122],[-53.643,-11.152],[-53.674,-11.148],[-53.688,-11.186],[-53.71,-11.191],[-53.727,-11.217],[-53.764,-11.242],[-53.779,-11.29],[-53.808,-11.354],[-53.824,-11.356],[-53.843,-11.413],[-53.838,-11.452],[-53.874,-11.511],[-53.92,-11.514],[-53.935,-11.535],[-53.968,-11.533],[-54.006,-11.585],[-54.035,-11.595],[-54.057,-11.619],[-54.087,-11.626],[-54.134,-11.672],[-54.156,-11.717],[-54.2,-11.773],[-54.202,-11.785],[-54.286,-11.872],[-54.331,-11.936],[-54.401,-11.995],[-54.443,-12.009],[-54.486,-12.002],[-54.578,-12.043],[-54.602,-12.044],[-54.654,-12.07],[-54.708,-12.064],[-54.734,-12.091],[-54.802,-12.118],[-54.868,-12.125],[-54.887,-12.12],[-54.932,-12.13],[-54.973,-12.165],[-54.971,-12.194],[-54.985,-12.225],[-55.013,-12.245],[-55.033,-12.199],[-55.029,-12.164],[-55.056,-12.154],[-55.085,-12.181],[-55.126,-12.178]]]}},{"type":"Feature","properties":{"code":"5103809"},"geometry":{"type":"Polygon","coordinates":[[[-58.581,-15.51],[-58.598,-15.498],[-58.607,-15.454],[-58.642,-15.39],[-58.655,-15.349],[-58.697,-15.314],[-58.735,-15.346],[-58.788,-15.377],[-58.77,-15.45],[-58.8,-15.454],[-58.856,-15.496],[-58.858,-15.538],[-58.87,-15.569],[-58.857,-15.6],[-58.8,-15.62],[-58.781,-15.641],[-58.739,-15.653],[-58.716,-15.689],[-58.56,-15.693],[-58.55,-15.673],[-58.569,-15.643],[-58.556,-15.586],[-58.582,-15.568],[-58.581,-15.51]]]}},{"type":"Feature","properties":{"code":"5104104"},"geometry":{"type":"Polygon","coordinates":[[[-55.138,-10.046],[-54.669,-10.055],[-54.639,-9.982],[-54.602,-9.986],[-54.592,-9.97],[-54.537,-9.966],[-54.522,-9.99],[-54.469,-9.999],[-54.42,-9.995],[-54.302,-9.977],[-54.267,-9.975],[-54.241,-9.935],[-54.239,-9.899],[-54.259,-9.871],[-54.256,-9.853],[-54.22,-9.8],[-54.191,-9.807],[-54.158,-9.793],[-54.155,-9.736],[-54.142,-9.727],[-54.15,-9.664],[-54.137,-9.646],[-54.144,-9.61],[-54.137,-9.588],[-54.107,-9.572],[-54.614,-9.536],[-54.998,-9.505],[-54.979,-9.569],[-54.981,-9.592],[-54.97,-9.651],[-54.957,-9.677],[-54.99,-9.78],[-54.995,-9.821],[-55.027,-9.833],[-55.051,-9.886],[-55.04,-9.909],[-55.033,-9.969],[-55.08,-10.027],[-55.138,-10.046]]]}},{"type":"Feature","properties":{"code":"5103957"},"geometry":{"type":"Polygon","coordinates":[[[-58.391,-15.885],[-58.342,-15.917],[-58.311,-15.923],[-58.293,-15.996],[-58.242,-16.034],[-58.152,-16.045],[-58.173,-15.931],[-58.155,-15.864],[-58.132,-15.847],[-58.175,-15.829],[-58.287,-15.817],[-58.267,-15.77],[-58.268,-15.739],[-58.247,-15.709],[-58.313,-15.702],[-58.56,-15.693],[-58.536,-15.764],[-58.506,-15.78],[-58.497,-15.802],[-58.462,-15.823],[-58.465,-15.85],[-58.431,-15.851],[-58.4,-15.866],[-58.391,-15.885]]]}},{"type":"Feature","properties":{"code":"5103361"},"geometry":{"type":"Polygon","coordinates":[[[-59.447,-14.959],[-59.389,-14.961],[-59.348,-14.912],[-59.335,-14.877],[-59.255,-14.832],[-59.203,-14.826],[-59.176,-14.787],[-59.149,-14.772],[-59.167,-14.735],[-59.162,-14.698],[-59.147,-14.669],[-59.108,-14.661],[-59.077,-14.659],[-59.037,-14.631],[-59.051,-14.59],[-59.05,-14.534],[-59.072,-14.525],[-59.072,-14.449],[-59.064,-14.383],[-59.056,-14.375],[-59.056,-14.316],[-59.091,-14.276],[-59.097,-14.299],[-59.159,-14.348],[-59.191,-14.347],[-59.274,-14.374],[-59.307,-14.433],[-59.299,-14.458],[-59.312,-14.51],[-59.335,-14.545],[-59.366,-14.524],[-59.42,-14.506],[-59.435,-14.482],[-59.509,-14.457],[-59.543,-14.458],[-59.566,-14.474],[-59.628,-14.499],[-59.637,-14.534],[-59.596,-14.556],[-59.587,-14.621],[-59.604,-14.652],[-59.6,-14.674],[-59.613,-14.739],[-59.566,-14.796],[-59.584,-14.82],[-59.447,-14.959]]]}},{"type":"Feature","properties":{"code":"5103353"},"geometry":{"type":"Polygon","coordinates":[[[-51.355,-10.749],[-51.348,-10.727],[-51.372,-10.644],[-51.338,-10.621],[-51.305,-10.629],[-51.325,-10.581],[-51.294,-10.571],[-51.281,-10.517],[-51.263,-10.501],[-51.285,-10.464],[-51.334,-10.428],[-51.291,-10.413],[-51.267,-10.386],[-51.262,-10.359],[-51.225,-10.286],[-51.173,-10.274],[-51.153,-10.254],[-51.242,-10.223],[-51.3,-10.251],[-51.338,-10.236],[-51.365,-10.207],[-51.366,-10.168],[-51.403,-10.174],[-51.447,-10.133],[-51.523,-10.121],[-51.564,-10.151],[-51.587,-10.15],[-51.625,-10.108],[-51.669,-10.101],[-51.673,-10.076],[-51.736,-10.075],[-51.753,-10.118],[-51.825,-10.105],[-51.858,-10.109],[-51.897,-10.096],[-51.916,-10.104],[-51.95,-10.096],[-51.978,-10.075],[-52.007,-10.092],[-52.022,-10.077],[-52.066,-10.098],[-52.063,-10.133],[-52.092,-10.214],[-52.131,-10.271],[-52.144,-10.271],[-52.168,-10.321],[-52.165,-10.36],[-52.197,-10.393],[-52.192,-10.46],[-52.18,-10.489],[-52.132,-10.516],[-52.114,-10.548],[-52.075,-10.538],[-52.056,-10.55],[-52.028,-10.539],[-51.966,-10.55],[-51.967,-10.612],[-51.941,-10.659],[-51.902,-10.647],[-51.837,-10.673],[-51.82,-10.696],[-51.817,-10.727],[-51.355,-10.749]]]}},{"type":"Feature","properties":{"code":"5103304"},"geometry":{"type":"Polygon","coordinates":[[[-59.371,-13.982],[-59.384,-13.928],[-59.37,-13.915],[-59.384,-13.876],[-59.412,-13.851],[-59.434,-13.857],[-59.45,-13.819],[-59.459,-13.761],[-59.451,-13.733],[-59.457,-13.696],[-59.424,-13.635],[-59.423,-13.514],[-59.388,-13.471],[-59.407,-13.432],[-59.397,-13.419],[-59.394,-13.357],[-59.428,-13.29],[-59.423,-13.262],[-59.39,-13.235],[-59.381,-13.174],[-59.343,-13.113],[-59.317,-13.105],[-59.286,-13.061],[-59.247,-13.045],[-59.25,-13.015],[-59.232,-12.995],[-59.246,-12.977],[-59.229,-12.921],[-59.185,-12.893],[-59.161,-12.856],[-59.109,-12.838],[-59.062,-12.78],[-59.032,-12.705],[-58.977,-12.686],[-58.968,-12.668],[-58.931,-12.642],[-58.925,-12.598],[-58.929,-12.566],[-58.908,-12.531],[-58.912,-12.501],[-58.863,-12.461],[-58.846,-12.335],[-58.876,-12.258],[-58.869,-12.213],[-58.964,-12.223],[-59.048,-12.259],[-59.105,-12.306],[-59.128,-12.354],[-59.171,-12.367],[-59.191,-12.337],[-59.229,-12.305],[-59.273,-12.29],[-59.351,-12.281],[-59.474,-12.291],[-59.498,-12.3],[-59.557,-12.297],[-59.598,-12.314],[-59.639,-12.305],[-59.688,-12.319],[-59.709,-12.31],[-59.729,-12.326],[-59.779,-12.341],[-59.819,-12.379],[-59.843,-12.425],[-59.844,-12.467],[-59.898,-12.502],[-59.896,-12.536],[-59.948,-12.599],[-59.982,-12.592],[-60.029,-12.619],[-60.06,-12.664],[-60.056,-12.705],[-60.075,-12.735],[-60.062,-12.757],[-60.066,-12.811],[-60.083,-12.853],[-60.079,-12.881],[-60.102,-12.913],[-60.117,-12.96],[-60.183,-12.968],[-60.214,-13.007],[-60.284,-13.085],[-60.269,-13.145],[-60.304,-13.178],[-60.333,-13.258],[-60.372,-13.319],[-60.38,-13.375],[-60.373,-13.412],[-60.388,-13.455],[-60.43,-13.482],[-60.511,-13.504],[-60.536,-13.537],[-60.578,-13.565],[-60.624,-13.569],[-60.686,-13.625],[-60.714,-13.676],[-60.709,-13.693],[-60.646,-13.739],[-60.623,-13.72],[-60.6,-13.749],[-60.569,-13.769],[-60.532,-13.772],[-60.466,-13.812],[-60.487,-13.819],[-60.468,-13.856],[-60.451,-13.927],[-60.429,-13.942],[-60.416,-13.98],[-60.383,-13.993],[-60.349,-14.01],[-60.31,-14.061],[-60.255,-14.048],[-60.167,-14.012],[-60.127,-14.027],[-60.097,-14.024],[-59.962,-14.046],[-59.95,-14.078],[-59.919,-14.083],[-59.903,-14.122],[-59.842,-14.173],[-59.826,-14.122],[-59.827,-14.083],[-59.807,-14.043],[-59.75,-14.033],[-59.737,-14.094],[-59.705,-14.109],[-59.67,-14.092],[-59.636,-14.09],[-59.58,-14.057],[-59.535,-14.01],[-59.481,-14.02],[-59.457,-14.042],[-59.371,-13.982]]]}},{"type":"Feature","properties":{"code":"5103403"},"geometry":{"type":"MultiPolygon","coordinates":[[[[-55.35,-16.317],[-55.363,-16.353],[-55.357,-16.374],[-55.381,-16.403],[-55.317,-16.421],[-55.293,-16.436],[-55.285,-16.483],[-55.285,-16.483],[-55.27,-16.523],[-55.254,-16.531],[-55.182,-16.527],[-55.141,-16.5],[-55.158,-16.442],[-55.2,-16.453],[-55.255,-16.173],[-55.285,-16.218],[-55.293,-16.262],[-55.324,-16.3],[-55.35,-16.317]]],[[[-55.309,-15.888],[-55.303,-15.854],[-55.362,-15.814],[-55.41,-15.82],[-55.386,-15.771],[-55.413,-15.762],[-55.421,-15.715],[-55.397,-15.692],[-55.425,-15.663],[-55.382,-15.634],[-55.448,-15.632],[-55.46,-15.618],[-55.502,-15.625],[-55.539,-15.564],[-55.566,-15.581],[-55.593,-15.514],[-55.651,-15.482],[-55.732,-15.488],[-55.768,-15.475],[-55.829,-15.478],[-55.856,-15.445],[-55.859,-15.414],[-55.814,-15.359],[-55.801,-15.329],[-55.889,-15.272],[-55.944,-15.279],[-55.955,-15.247],[-55.928,-15.237],[-55.902,-15.193],[-55.923,-15.103],[-55.919,-15.074],[-55.974,-15.093],[-56.023,-15.096],[-56.073,-15.081],[-56.111,-15.082],[-56.129,-15.097],[-56.123,-15.13],[-56.236,-15.197],[-56.275,-15.21],[-56.302,-15.254],[-56.277,-15.289],[-56.279,-15.34],[-56.247,-15.362],[-56.233,-15.411],[-56.249,-15.451],[-56.217,-15.472],[-56.193,-15.525],[-56.162,-15.56],[-56.133,-15.624],[-56.107,-15.616],[-56.07,-15.646],[-56.077,-15.685],[-56.113,-15.694],[-56.111,-15.742],[-56.146,-15.768],[-56.146,-15.77],[-56.096,-15.768],[-55.893,-15.699],[-55.709,-15.705],[-55.671,-15.727],[-55.633,-15.715],[-55.619,-15.737],[-55.539,-15.737],[-55.534,-15.759],[-55.57,-15.776],[-55.548,-15.861],[-55.572,-15.871],[-55.567,-15.921],[-55.518,-15.907],[-55.484,-15.887],[-55.47,-15.903],[-55.482,-15.931],[-55.516,-15.975],[-55.507,-15.988],[-55.459,-15.947],[-55.42,-15.931],[-55.383,-15.883],[-55.309,-15.888]]]]}},{"type":"Feature","properties":{"code":"5103379"},"geometry":{"type":"Polygon","coordinates":[[[-58.323,-10.128],[-58.299,-10.109],[-58.23,-9.998],[-58.235,-9.96],[-58.216,-9.927],[-58.223,-9.875],[-58.197,-9.849],[-58.196,-9.803],[-58.216,-9.724],[-58.26,-9.653],[-58.264,-9.601],[-58.253,-9.56],[-58.258,-9.508],[-58.276,-9.467],[-58.295,-9.445],[-58.346,-9.458],[-58.395,-9.452],[-58.421,-9.457],[-58.49,-9.408],[-58.527,-9.403],[-58.549,-9.369],[-58.6,-9.334],[-58.619,-9.288],[-58.628,-9.24],[-58.656,-9.189],[-58.656,-9.144],[-58.634,-9.107],[-58.6,-9.09],[-58.592,-9.048],[-58.605,-9.013],[-58.55,-8.94],[-58.568,-8.924],[-58.565,-8.899],[-58.544,-8.887],[-58.525,-8.903],[-58.462,-8.845],[-58.442,-8.799],[-58.963,-8.803],[-59.127,-8.803],[-59.091,-8.834],[-59.063,-8.838],[-59.018,-8.872],[-59.022,-8.904],[-58.996,-8.932],[-59.045,-8.977],[-59.009,-9.047],[-58.975,-9.05],[-58.971,-9.069],[-58.986,-9.118],[-59.017,-9.137],[-59.03,-9.161],[-59.022,-9.2],[-58.987,-9.211],[-58.999,-9.232],[-59.035,-9.231],[-59.037,-9.25],[-58.99,-9.267],[-58.949,-9.331],[-58.981,-9.342],[-58.991,-9.361],[-58.938,-9.439],[-58.995,-9.476],[-58.999,-9.511],[-58.978,-9.543],[-58.993,-9.559],[-59.037,-9.571],[-59.032,-9.612],[-59.043,-9.635],[-59.039,-9.673],[-59.016,-9.719],[-59.024,-9.729],[-58.997,-9.791],[-59.01,-9.854],[-58.988,-9.861],[-58.966,-9.89],[-58.966,-9.944],[-59.001,-9.98],[-59.023,-9.98],[-59.002,-10.0],[-58.974,-9.998],[-58.92,-10.034],[-58.894,-10.03],[-58.867,-10.067],[-58.818,-10.083],[-58.844,-10.131],[-58.323,-10.128]]]}},{"type":"Feature","properties":{"code":"5103205"},"geometry":{"type":"Polygon","coordinates":[[[-55.274,-10.875],[-55.254,-10.863],[-55.234,-10.826],[-55.169,-10.78],[-55.162,-10.723],[-55.158,-10.701],[-55.191,-10.665],[-55.193,-10.646],[-55.23,-10.601],[-55.24,-10.566],[-55.282,-10.541],[-55.308,-10.536],[-55.33,-10.502],[-55.34,-10.486],[-55.388,-10.458],[-55.416,-10.453],[-55.431,-10.432],[-55.468,-10.296],[-55.477,-10.251],[-55.465,-10.229],[-55.508,-10.189],[-55.517,-10.161],[-55.548,-10.132],[-55.57,-10.127],[-55.574,-10.182],[-55.592,-10.221],[-55.639,-10.249],[-55.69,-10.249],[-55.707,-10.296],[-55.65,-10.354],[-55.663,-10.388],[-55.645,-10.434],[-55.624,-10.527],[-55.636,-10.554],[-55.642,-10.599],[-55.62,-10.612],[-55.644,-10.636],[-55.663,-10.698],[-55.656,-10.787],[-55.675,-10.817],[-55.649,-10.904],[-55.633,-10.924],[-55.598,-10.937],[-55.617,-10.961],[-55.549,-10.959],[-55.532,-10.981],[-55.523,-11.015],[-55.482,-11.0],[-55.446,-11.014],[-55.431,-10.971],[-55.394,-10.924],[-55.274,-10.875]]]}},{"type":"Feature","properties":{"code":"5103254"},"geometry":{"type":"Polygon","coordinates":[[[-60.647,-9.637],[-60.657,-9.602],[-60.608,-9.559],[-60.591,-9.553],[-60.587,-9.477],[-60.616,-9.415],[-60.623,-9.365],[-60.663,-9.33],[-60.683,-9.288],[-60.478,-9.316],[-60.27,-9.321],[-60.26,-9.339],[-60.167,-9.401],[-60.117,-9.409],[-60.065,-9.425],[-60.022,-9.382],[-60.004,-9.384],[-59.991,-9.414],[-59.915,-9.415],[-59.891,-9.456],[-59.854,-9.453],[-59.845,-9.473],[-59.806,-9.484],[-59.773,-9.483],[-59.765,-9.517],[-59.781,-9.566],[-59.837,-9.617],[-59.785,-9.753],[-59.766,-9.78],[-59.741,-9.78],[-59.663,-9.826],[-59.647,-9.867],[-59.617,-9.879],[-59.569,-9.879],[-59.573,-9.842],[-59.487,-9.811],[-59.435,-9.769],[-59.403,-9.779],[-59.376,-9.772],[-59.354,-9.797],[-59.254,-9.775],[-59.228,-9.79],[-59.154,-9.787],[-59.168,-9.821],[-59.16,-9.868],[-59.167,-9.923],[-59.203,-9.939],[-59.209,-9.966],[-59.181,-9.996],[-59.121,-9.999],[-59.102,-9.972],[-59.073,-9.984],[-59.023,-9.98],[-59.001,-9.98],[-58.966,-9.944],[-58.966,-9.89],[-58.988,-9.861],[-59.01,-9.854],[-58.997,-9.791],[-59.024,-9.729],[-59.016,-9.719],[-59.039,-9.673],[-59.043,-9.635],[-59.032,-9.612],[-59.037,-9.571],[-58.993,-9.559],[-58.978,-9.543],[-58.999,-9.511],[-58.995,-9.476],[-58.938,-9.439],[-58.991,-9.361],[-58.981,-9.342],[-58.949,-9.331],[-58.99,-9.267],[-59.037,-9.25],[-59.035,-9.231],[-58.999,-9.232],[-58.987,-9.211],[-59.022,-9.2],[-59.03,-9.161],[-59.017,-9.137],[-58.986,-9.118],[-58.971,-9.069],[-58.975,-9.05],[-59.009,-9.047],[-59.045,-8.977],[-58.996,-8.932],[-59.022,-8.904],[-59.018,-8.872],[-59.063,-8.838],[-59.091,-8.834],[-59.127,-8.803],[-59.481,-8.803],[-60.001,-8.801],[-60.422,-8.797],[-60.835,-8.798],[-61.31,-8.799],[-61.583,-8.799],[-61.514,-8.837],[-61.513,-8.861],[-61.469,-8.92],[-61.506,-8.966],[-61.556,-9.092],[-61.555,-9.132],[-61.524,-9.179],[-61.525,-9.243],[-61.568,-9.237],[-61.6,-9.256],[-61.612,-9.281],[-61.616,-9.327],[-61.628,-9.352],[-61.559,-9.386],[-61.557,-9.436],[-61.582,-9.459],[-61.549,-9.512],[-61.508,-9.54],[-61.496,-9.574],[-61.497,-9.624],[-61.477,-9.63],[-61.502,-9.683],[-61.532,-9.712],[-61.575,-9.718],[-61.532,-9.74],[-61.546,-9.785],[-61.525,-9.796],[-61.508,-9.861],[-61.525,-9.907],[-61.523,-9.947],[-61.54,-10.0],[-61.43,-10.0],[-61.391,-10.015],[-61.364,-10.039],[-61.316,-10.024],[-61.279,-10.004],[-61.279,-9.966],[-61.248,-9.949],[-61.213,-9.972],[-61.212,-9.994],[-61.175,-10.021],[-61.136,-10.029],[-61.115,-9.989],[-61.061,-9.971],[-61.037,-9.973],[-60.985,-9.924],[-60.964,-9.89],[-60.909,-9.846],[-60.925,-9.838],[-60.877,-9.772],[-60.842,-9.764],[-60.788,-9.737],[-60.741,-9.702],[-60.702,-9.702],[-60.678,-9.672],[-60.678,-9.643],[-60.647,-9.637]]]}},{"type":"Feature","properties":{"code":"5103601"},"geometry":{"type":"Polygon","coordinates":[[[-54.912,-15.983],[-54.901,-15.951],[-54.863,-15.947],[-54.768,-15.918],[-54.746,-15.896],[-54.696,-15.889],[-54.653,-15.808],[-54.627,-15.788],[-54.59,-15.778],[-54.567,-15.748],[-54.616,-15.719],[-54.636,-15.648],[-54.662,-15.625],[-54.575,-15.59],[-54.547,-15.553],[-54.564,-15.506],[-54.507,-15.402],[-54.552,-15.366],[-54.625,-15.375],[-54.692,-15.4],[-54.709,-15.394],[-54.754,-15.429],[-54.789,-15.439],[-54.903,-15.496],[-54.952,-15.486],[-54.956,-15.531],[-54.974,-15.554],[-54.964,-15.604],[-54.977,-15.627],[-54.986,-15.667],[-55.005,-15.671],[-55.004,-15.705],[-55.015,-15.758],[-55.002,-15.773],[-54.963,-15.776],[-54.971,-15.805],[-54.959,-15.826],[-54.952,-15.918],[-54.942,-15.95],[-54.912,-15.983]]]}},{"type":"Feature","properties":{"code":"5103452"},"geometry":{"type":"Polygon","coordinates":[[[-56.927,-14.937],[-56.869,-14.871],[-56.857,-14.827],[-56.839,-14.83],[-56.802,-14.761],[-56.761,-14.74],[-56.758,-14.698],[-56.742,-14.694],[-56.726,-14.649],[-56.907,-14.592],[-56.921,-14.573],[-56.912,-14.548],[-56.95,-14.503],[-56.967,-14.525],[-57.022,-14.558],[-57.042,-14.552],[-57.058,-14.587],[-57.111,-14.608],[-57.081,-14.642],[-57.139,-14.701],[-57.159,-14.741],[-57.148,-14.802],[-57.119,-14.851],[-57.087,-14.836],[-57.078,-14.916],[-57.016,-14.906],[-57.001,-14.891],[-56.927,-14.937]]]}},{"type":"Feature","properties":{"code":"5103437"},"geometry":{"type":"Polygon","coordinates":[[[-57.895,-15.467],[-57.916,-15.514],[-57.906,-15.554],[-57.942,-15.549],[-57.959,-15.529],[-57.991,-15.562],[-57.988,-15.604],[-57.904,-15.65],[-57.9,-15.682],[-57.879,-15.72],[-57.89,-15.75],[-57.799,-15.774],[-57.813,-15.718],[-57.799,-15.656],[-57.783,-15.64],[-57.813,-15.611],[-57.82,-15.574],[-57.844,-15.542],[-57.832,-15.51],[-57.895,-15.467]]]}},{"type":"Feature","properties":{"code":"5103502"},"geometry":{"type":"Polygon","coordinates":[[[-56.478,-14.664],[-56.447,-14.633],[-56.394,-14.641],[-56.356,-14.613],[-56.313,-14.615],[-56.272,-14.632],[-56.222,-14.576],[-56.208,-14.536],[-56.103,-14.453],[-56.051,-14.421],[-56.041,-14.397],[-55.993,-14.354],[-55.996,-14.316],[-55.977,-14.292],[-55.998,-14.246],[-56.029,-14.223],[-56.041,-14.214],[-56.045,-14.169],[-56.062,-14.144],[-56.139,-14.16],[-56.196,-14.144],[-56.202,-14.166],[-56.268,-14.126],[-56.281,-14.09],[-56.309,-14.07],[-56.302,-14.047],[-56.331,-14.0],[-56.344,-13.954],[-56.359,-13.944],[-56.361,-13.907],[-56.38,-13.87],[-56.411,-13.838],[-56.454,-13.84],[-56.502,-13.86],[-56.53,-13.851],[-56.558,-13.894],[-56.615,-13.867],[-56.677,-13.872],[-56.696,-13.846],[-56.693,-13.758],[-56.667,-13.726],[-56.672,-13.697],[-56.742,-13.648],[-56.766,-13.664],[-56.781,-13.702],[-56.818,-13.745],[-56.865,-13.761],[-56.897,-13.793],[-56.931,-13.801],[-56.955,-13.79],[-57.008,-13.831],[-57.019,-13.824],[-57.06,-13.854],[-57.122,-13.856],[-57.154,-13.876],[-57.185,-13.877],[-57.212,-13.918],[-57.347,-13.888],[-57.327,-13.876],[-57.28,-13.808],[-57.353,-13.738],[-57.358,-13.697],[-57.346,-13.647],[-57.33,-13.624],[-57.334,-13.6],[-57.366,-13.586],[-57.395,-13.607],[-57.408,-13.643],[-57.453,-13.713],[-57.495,-13.757],[-57.502,-13.789],[-57.567,-13.867],[-57.584,-13.925],[-57.628,-13.963],[-57.691,-14.088],[-57.677,-14.097],[-57.68,-14.159],[-57.672,-14.174],[-57.685,-14.211],[-57.721,-14.278],[-57.735,-14.292],[-57.733,-14.303],[-57.676,-14.287],[-57.657,-14.236],[-57.624,-14.203],[-57.589,-14.194],[-57.56,-14.226],[-57.508,-14.223],[-57.453,-14.189],[-57.377,-14.156],[-57.366,-14.177],[-57.335,-14.186],[-57.306,-14.173],[-57.238,-14.168],[-57.197,-14.19],[-57.175,-14.187],[-57.146,-14.162],[-57.084,-14.182],[-57.064,-14.198],[-57.001,-14.193],[-56.958,-14.164],[-56.939,-14.165],[-56.891,-14.148],[-56.769,-14.151],[-56.728,-14.134],[-56.73,-14.171],[-56.709,-14.196],[-56.678,-14.199],[-56.656,-14.215],[-56.605,-14.201],[-56.52,-14.256],[-56.537,-14.262],[-56.575,-14.335],[-56.557,-14.342],[-56.553,-14.393],[-56.49,-14.444],[-56.488,-14.47],[-56.446,-14.457],[-56.408,-14.464],[-56.388,-14.486],[-56.399,-14.536],[-56.456,-14.576],[-56.527,-14.669],[-56.478,-14.664]]]}},{"type":"Feature","properties":{"code":"5102850"},"geometry":{"type":"Polygon","coordinates":[[[-58.909,-10.791],[-58.863,-10.797],[-58.868,-10.836],[-58.922,-10.862],[-58.993,-10.873],[-58.984,-10.893],[-58.937,-10.902],[-58.923,-10.915],[-58.948,-10.993],[-58.927,-11.011],[-58.899,-11.005],[-58.861,-11.019],[-58.802,-11.055],[-58.837,-11.088],[-58.832,-11.119],[-58.798,-11.166],[-58.8,-11.176],[-58.649,-11.248],[-58.587,-11.295],[-58.53,-11.297],[-58.491,-11.28],[-58.459,-11.254],[-58.38,-11.25],[-58.375,-11.239],[-58.364,-11.192],[-58.34,-11.175],[-58.352,-11.118],[-58.345,-11.097],[-58.356,-11.059],[-58.384,-11.022],[-58.385,-10.994],[-58.363,-10.961],[-58.343,-10.951],[-58.337,-10.913],[-58.353,-10.871],[-58.331,-10.796],[-58.37,-10.727],[-58.369,-10.696],[-58.391,-10.655],[-58.381,-10.625],[-58.419,-10.566],[-58.455,-10.582],[-58.459,-10.598],[-58.504,-10.627],[-58.534,-10.636],[-58.549,-10.621],[-58.624,-10.637],[-58.65,-10.664],[-58.727,-10.67],[-58.738,-10.691],[-58.835,-10.716],[-58.894,-10.75],[-58.909,-10.791]]]}},{"type":"Feature","properties":{"code":"5102793"},"geometry":{"type":"Polygon","coordinates":[[[-55.69,-10.249],[-55.639,-10.249],[-55.592,-10.221],[-55.574,-10.182],[-55.57,-10.127],[-55.558,-10.057],[-55.561,-9.988],[-55.575,-9.951],[-55.63,-9.882],[-55.671,-9.899],[-55.733,-9.788],[-55.782,-9.762],[-55.794,-9.742],[-55.832,-9.736],[-55.823,-9.771],[-55.84,-9.793],[-55.845,-9.844],[-55.861,-9.868],[-55.875,-9.957],[-55.902,-9.999],[-55.896,-10.037],[-55.938,-10.064],[-56.003,-10.124],[-56.042,-10.122],[-56.059,-10.107],[-56.101,-10.112],[-56.118,-10.148],[-56.174,-10.173],[-56.197,-10.202],[-56.24,-10.284],[-56.216,-10.287],[-56.205,-10.265],[-56.145,-10.25],[-56.132,-10.276],[-56.096,-10.286],[-56.062,-10.321],[-56.064,-10.34],[-56.056,-10.364],[-56.032,-10.37],[-56.021,-10.392],[-55.993,-10.394],[-55.942,-10.382],[-55.925,-10.389],[-55.907,-10.359],[-55.874,-10.328],[-55.859,-10.296],[-55.828,-10.275],[-55.808,-10.24],[-55.733,-10.232],[-55.69,-10.249]]]}},{"type":"Feature","properties":{"code":"5102702"},"geometry":{"type":"Polygon","coordinates":[[[-51.381,-13.453],[-51.436,-13.427],[-51.523,-13.404],[-51.545,-13.364],[-51.576,-13.355],[-51.646,-13.383],[-51.697,-13.427],[-51.728,-13.418],[-51.79,-13.43],[-51.817,-13.424],[-51.843,-13.447],[-51.87,-13.497],[-51.906,-13.462],[-51.912,-13.427],[-51.888,-13.391],[-51.905,-13.371],[-51.902,-13.323],[-51.915,-13.302],[-51.914,-13.263],[-51.931,-13.25],[-51.93,-13.216],[-51.956,-13.205],[-51.965,-13.181],[-52.036,-13.13],[-52.125,-13.107],[-52.142,-13.125],[-52.14,-13.15],[-52.165,-13.183],[-52.191,-13.181],[-52.28,-13.241],[-52.299,-13.21],[-52.328,-13.21],[-52.349,-13.186],[-52.358,-13.154],[-52.383,-13.152],[-52.41,-13.112],[-52.418,-13.071],[-52.449,-13.052],[-52.462,-13.019],[-52.46,-12.987],[-52.474,-12.963],[-52.468,-12.921],[-52.484,-12.903],[-52.468,-12.839],[-52.493,-12.824],[-52.506,-12.793],[-52.494,-12.761],[-52.5,-12.729],[-52.532,-12.713],[-52.57,-12.728],[-52.594,-12.723],[-52.616,-12.69],[-52.643,-12.67],[-52.713,-12.658],[-52.752,-12.639],[-52.767,-12.652],[-52.856,-12.614],[-52.875,-12.623],[-52.925,-12.603],[-52.92,-12.621],[-52.95,-12.637],[-52.953,-12.664],[-52.934,-12.682],[-52.917,-12.757],[-52.894,-12.787],[-52.85,-12.809],[-52.835,-12.838],[-52.813,-12.849],[-52.815,-12.884],[-52.832,-12.906],[-52.826,-12.926],[-52.879,-12.986],[-52.866,-13.034],[-52.885,-13.061],[-52.888,-13.092],[-52.928,-13.201],[-52.959,-13.231],[-52.964,-13.267],[-53.014,-13.329],[-53.04,-13.393],[-53.05,-13.439],[-53.069,-13.447],[-53.075,-13.509],[-53.088,-13.536],[-53.075,-13.56],[-53.088,-13.591],[-53.08,-13.621],[-53.101,-13.635],[-52.611,-13.658],[-52.418,-13.667],[-52.217,-13.716],[-52.197,-13.704],[-52.146,-13.707],[-52.111,-13.72],[-52.073,-13.752],[-52.042,-13.758],[-52.021,-13.775],[-51.971,-13.773],[-51.937,-13.749],[-51.895,-13.778],[-51.869,-13.767],[-51.842,-13.74],[-51.818,-13.735],[-51.758,-13.688],[-51.699,-13.666],[-51.647,-13.627],[-51.604,-13.611],[-51.558,-13.617],[-51.517,-13.608],[-51.487,-13.635],[-51.468,-13.617],[-51.48,-13.571],[-51.456,-13.542],[-51.428,-13.569],[-51.413,-13.544],[-51.417,-13.5],[-51.381,-13.453]]]}},{"type":"Feature","properties":{"code":"5102694"},"geometry":{"type":"Polygon","coordinates":[[[-52.223,-11.032],[-52.201,-11.065],[-52.195,-11.092],[-52.17,-11.118],[-52.11,-11.161],[-52.118,-11.222],[-52.106,-11.249],[-52.076,-11.273],[-52.045,-11.28],[-52.025,-11.313],[-52.034,-11.364],[-52.02,-11.402],[-51.966,-11.472],[-51.956,-11.495],[-51.924,-11.519],[-51.852,-11.507],[-51.79,-11.518],[-51.753,-11.486],[-51.715,-11.466],[-51.661,-11.461],[-51.632,-11.421],[-51.627,-11.367],[-51.582,-11.357],[-51.561,-11.312],[-51.522,-11.273],[-51.487,-11.252],[-51.484,-11.211],[-51.519,-11.178],[-51.499,-11.133],[-51.464,-11.081],[-51.412,-11.05],[-51.397,-11.024],[-51.442,-11.032],[-51.554,-11.039],[-51.571,-11.003],[-51.608,-11.004],[-51.63,-10.99],[-51.666,-10.995],[-51.702,-10.969],[-51.732,-10.967],[-51.744,-10.941],[-51.769,-10.937],[-51.833,-10.952],[-51.858,-10.947],[-51.891,-10.97],[-51.99,-11.021],[-52.031,-11.015],[-52.05,-10.995],[-52.112,-10.994],[-52.149,-10.978],[-52.189,-10.938],[-52.229,-10.988],[-52.211,-11.006],[-52.223,-11.032]]]}},{"type":"Feature","properties":{"code":"5102686"},"geometry":{"type":"Polygon","coordinates":[[[-59.091,-14.276],[-59.104,-14.23],[-59.092,-14.193],[-59.07,-14.173],[-59.071,-14.13],[-59.06,-14.086],[-59.038,-14.057],[-59.046,-14.0],[-59.019,-13.94],[-59.001,-13.867],[-58.983,-13.856],[-58.991,-13.8],[-59.017,-13.712],[-59.0,-13.686],[-59.021,-13.652],[-59.006,-13.632],[-59.03,-13.6],[-59.036,-13.553],[-59.015,-13.511],[-59.03,-13.501],[-58.998,-13.444],[-59.017,-13.388],[-59.02,-13.336],[-59.033,-13.319],[-59.026,-13.274],[-59.037,-13.243],[-59.021,-13.209],[-58.995,-13.219],[-58.982,-13.193],[-59.003,-13.18],[-58.96,-13.126],[-58.967,-13.022],[-58.959,-12.99],[-58.928,-12.958],[-58.915,-12.917],[-58.93,-12.853],[-58.935,-12.784],[-58.948,-12.756],[-58.952,-12.71],[-58.929,-12.668],[-58.931,-12.642],[-58.968,-12.668],[-58.977,-12.686],[-59.032,-12.705],[-59.062,-12.78],[-59.109,-12.838],[-59.161,-12.856],[-59.185,-12.893],[-59.229,-12.921],[-59.246,-12.977],[-59.232,-12.995],[-59.25,-13.015],[-59.247,-13.045],[-59.286,-13.061],[-59.317,-13.105],[-59.343,-13.113],[-59.381,-13.174],[-59.39,-13.235],[-59.423,-13.262],[-59.428,-13.29],[-59.394,-13.357],[-59.397,-13.419],[-59.407,-13.432],[-59.388,-13.471],[-59.423,-13.514],[-59.424,-13.635],[-59.457,-13.696],[-59.451,-13.733],[-59.459,-13.761],[-59.45,-13.819],[-59.434,-13.857],[-59.412,-13.851],[-59.384,-13.876],[-59.37,-13.915],[-59.384,-13.928],[-59.371,-13.982],[-59.344,-14.052],[-59.375,-14.13],[-59.407,-14.153],[-59.422,-14.207],[-59.419,-14.245],[-59.396,-14.29],[-59.387,-14.328],[-59.367,-14.344],[-59.343,-14.401],[-59.344,-14.418],[-59.312,-14.51],[-59.299,-14.458],[-59.307,-14.433],[-59.274,-14.374],[-59.191,-14.347],[-59.159,-14.348],[-59.097,-14.299],[-59.091,-14.276]]]}},{"type":"Feature","properties":{"code":"5102678"},"geometry":{"type":"Polygon","coordinates":[[[-55.382,-15.634],[-55.425,-15.663],[-55.397,-15.692],[-55.421,-15.715],[-55.413,-15.762],[-55.386,-15.771],[-55.41,-15.82],[-55.362,-15.814],[-55.303,-15.854],[-55.309,-15.888],[-55.303,-15.898],[-55.248,-15.776],[-55.242,-15.741],[-55.201,-15.711],[-55.13,-15.688],[-55.09,-15.659],[-55.084,-15.61],[-55.067,-15.602],[-54.977,-15.627],[-54.964,-15.604],[-54.974,-15.554],[-54.956,-15.531],[-54.952,-15.486],[-54.903,-15.496],[-54.789,-15.439],[-54.754,-15.429],[-54.709,-15.394],[-54.692,-15.4],[-54.625,-15.375],[-54.552,-15.366],[-54.55,-15.331],[-54.521,-15.284],[-54.487,-15.256],[-54.526,-15.239],[-54.456,-15.206],[-54.495,-15.137],[-54.443,-15.102],[-54.441,-15.065],[-54.455,-15.046],[-54.504,-15.036],[-54.567,-14.968],[-54.62,-14.981],[-54.667,-14.958],[-54.697,-14.953],[-54.737,-14.971],[-54.785,-15.009],[-54.844,-15.066],[-54.875,-15.063],[-54.946,-15.071],[-55.002,-15.087],[-55.099,-15.106],[-55.169,-15.206],[-55.334,-15.353],[-55.297,-15.359],[-55.266,-15.404],[-55.291,-15.432],[-55.287,-15.462],[-55.306,-15.516],[-55.344,-15.486],[-55.404,-15.509],[-55.443,-15.613],[-55.382,-15.634]]]}},{"type":"Feature","properties":{"code":"5103106"},"geometry":{"type":"Polygon","coordinates":[[[-51.339,-14.975],[-51.307,-14.981],[-51.295,-15.03],[-51.276,-15.044],[-51.216,-15.022],[-51.208,-15.009],[-51.157,-14.986],[-51.145,-14.943],[-51.087,-14.921],[-51.093,-14.893],[-51.09,-14.84],[-51.071,-14.81],[-51.045,-14.793],[-51.053,-14.739],[-51.03,-14.71],[-51.027,-14.659],[-50.993,-14.613],[-50.994,-14.57],[-50.964,-14.528],[-50.968,-14.482],[-50.989,-14.454],[-50.998,-14.414],[-50.987,-14.358],[-50.969,-14.336],[-50.977,-14.293],[-50.954,-14.232],[-50.942,-14.221],[-50.899,-14.115],[-50.852,-14.118],[-50.842,-14.104],[-50.831,-14.083],[-50.856,-14.019],[-50.866,-13.96],[-50.84,-13.924],[-50.841,-13.864],[-50.859,-13.829],[-50.855,-13.757],[-50.874,-13.735],[-50.848,-13.713],[-50.809,-13.697],[-50.772,-13.604],[-50.759,-13.52],[-50.715,-13.492],[-50.684,-13.445],[-50.664,-13.435],[-50.669,-13.395],[-50.611,-13.32],[-50.585,-13.215],[-50.605,-13.191],[-50.595,-13.097],[-50.61,-13.065],[-50.58,-13.055],[-50.571,-13.034],[-50.587,-12.998],[-50.549,-12.993],[-50.524,-12.971],[-50.526,-12.934],[-50.514,-12.913],[-50.511,-12.861],[-50.513,-12.845],[-50.567,-12.843],[-50.625,-12.8],[-50.623,-12.735],[-50.655,-12.679],[-50.656,-12.646],[-50.684,-12.648],[-50.709,-12.69],[-50.711,-12.723],[-50.734,-12.733],[-50.741,-12.761],[-50.73,-12.784],[-50.752,-12.797],[-50.788,-12.861],[-50.826,-12.872],[-50.843,-12.892],[-50.897,-12.849],[-50.946,-12.693],[-50.966,-12.716],[-50.994,-12.725],[-50.975,-12.75],[-51.023,-12.813],[-51.008,-12.854],[-51.032,-12.889],[-51.027,-12.918],[-51.067,-12.929],[-51.085,-12.956],[-51.111,-12.962],[-51.125,-13.017],[-51.1,-13.079],[-51.142,-13.1],[-51.139,-13.134],[-51.173,-13.15],[-51.188,-13.197],[-51.224,-13.24],[-51.272,-13.245],[-51.263,-13.284],[-51.277,-13.307],[-51.342,-13.341],[-51.308,-13.366],[-51.347,-13.397],[-51.35,-13.427],[-51.381,-13.453],[-51.417,-13.5],[-51.413,-13.544],[-51.428,-13.569],[-51.456,-13.542],[-51.48,-13.571],[-51.468,-13.617],[-51.47,-13.645],[-51.515,-13.663],[-51.555,-13.714],[-51.557,-13.775],[-51.59,-13.8],[-51.617,-13.862],[-51.628,-13.903],[-51.664,-13.985],[-51.682,-13.994],[-51.703,-14.038],[-51.697,-14.094],[-51.706,-14.143],[-51.731,-14.177],[-51.731,-14.217],[-51.714,-14.236],[-51.689,-14.316],[-51.697,-14.357],[-51.719,-14.372],[-51.704,-14.428],[-51.709,-14.492],[-51.691,-14.536],[-51.619,-14.518],[-51.593,-14.454],[-51.474,-14.355],[-51.438,-14.359],[-51.39,-14.398],[-51.389,-14.457],[-51.38,-14.496],[-51.437,-14.567],[-51.439,-14.593],[-51.467,-14.616],[-51.482,-14.671],[-51.532,-14.714],[-51.549,-14.775],[-51.545,-14.794],[-51.571,-14.872],[-51.588,-14.876],[-51.601,-14.912],[-51.593,-14.942],[-51.62,-14.991],[-51.35,-14.99],[-51.339,-14.975]]]}},{"type":"Feature","properties":{"code":"5103056"},"geometry":{"type":"Polygon","coordinates":[[[-54.728,-11.649],[-54.713,-11.57],[-54.731,-11.539],[-54.712,-11.502],[-54.717,-11.471],[-54.702,-11.453],[-54.704,-11.394],[-54.693,-11.304],[-54.699,-11.256],[-54.769,-11.252],[-54.824,-11.279],[-54.864,-11.287],[-54.914,-11.229],[-54.922,-11.176],[-54.947,-11.169],[-55.021,-11.186],[-55.057,-11.21],[-55.106,-11.212],[-55.15,-11.188],[-55.172,-11.236],[-55.173,-11.266],[-55.204,-11.303],[-55.228,-11.28],[-55.283,-11.278],[-55.322,-11.248],[-55.323,-11.211],[-55.339,-11.181],[-55.382,-11.146],[-55.435,-11.194],[-55.453,-11.233],[-55.449,-11.257],[-55.468,-11.319],[-55.463,-11.355],[-55.437,-11.373],[-55.424,-11.402],[-55.43,-11.455],[-55.413,-11.491],[-55.349,-11.51],[-55.31,-11.531],[-55.293,-11.59],[-55.285,-11.666],[-55.166,-11.671],[-55.13,-11.696],[-55.109,-11.683],[-55.067,-11.697],[-55.008,-11.669],[-54.97,-11.676],[-54.961,-11.692],[-54.862,-11.751],[-54.847,-11.736],[-54.818,-11.767],[-54.802,-11.81],[-54.756,-11.807],[-54.775,-11.759],[-54.767,-11.715],[-54.728,-11.649]]]}},{"type":"Feature","properties":{"code":"5103007"},"geometry":{"type":"Polygon","coordinates":[[[-56.129,-15.097],[-56.111,-15.082],[-56.073,-15.081],[-56.023,-15.096],[-55.974,-15.093],[-55.919,-15.074],[-55.923,-15.103],[-55.902,-15.193],[-55.928,-15.237],[-55.955,-15.247],[-55.944,-15.279],[-55.889,-15.272],[-55.801,-15.329],[-55.814,-15.359],[-55.859,-15.414],[-55.856,-15.445],[-55.829,-15.478],[-55.768,-15.475],[-55.732,-15.488],[-55.651,-15.482],[-55.593,-15.514],[-55.566,-15.581],[-55.539,-15.564],[-55.502,-15.625],[-55.46,-15.618],[-55.448,-15.632],[-55.382,-15.634],[-55.443,-15.613],[-55.404,-15.509],[-55.344,-15.486],[-55.306,-15.516],[-55.287,-15.462],[-55.291,-15.432],[-55.266,-15.404],[-55.297,-15.359],[-55.334,-15.353],[-55.169,-15.206],[-55.099,-15.106],[-55.002,-15.087],[-54.946,-15.071],[-54.875,-15.063],[-54.9,-15.044],[-54.975,-15.054],[-54.998,-15.045],[-54.993,-15.02],[-55.017,-15.002],[-55.11,-15.0],[-55.142,-14.983],[-55.106,-14.956],[-55.138,-14.913],[-55.152,-14.838],[-55.147,-14.802],[-55.168,-14.793],[-55.198,-14.826],[-55.219,-14.829],[-55.254,-14.811],[-55.34,-14.835],[-55.354,-14.821],[-55.424,-14.847],[-55.459,-14.87],[-55.494,-14.878],[-55.538,-14.875],[-55.553,-14.857],[-55.61,-14.837],[-55.641,-14.835],[-55.641,-14.809],[-55.513,-14.75],[-55.463,-14.663],[-55.44,-14.659],[-55.425,-14.635],[-55.401,-14.63],[-55.397,-14.568],[-55.681,-14.738],[-55.714,-14.75],[-55.744,-14.78],[-55.768,-14.787],[-55.77,-14.828],[-55.83,-14.86],[-55.86,-14.838],[-55.912,-14.866],[-55.952,-14.879],[-55.971,-14.874],[-56.015,-14.905],[-55.949,-15.003],[-55.943,-15.035],[-56.242,-14.976],[-56.208,-14.986],[-56.189,-15.034],[-56.21,-15.055],[-56.201,-15.085],[-56.174,-15.104],[-56.129,-15.097]]]}},{"type":"Feature","properties":{"code":"5102637"},"geometry":{"type":"Polygon","coordinates":[[[-58.084,-14.0],[-58.089,-14.052],[-58.099,-14.063],[-58.087,-14.108],[-58.112,-14.18],[-58.144,-14.204],[-58.177,-14.256],[-58.219,-14.306],[-58.232,-14.386],[-57.835,-14.299],[-57.814,-14.303],[-57.735,-14.292],[-57.721,-14.278],[-57.685,-14.211],[-57.672,-14.174],[-57.68,-14.159],[-57.677,-14.097],[-57.691,-14.088],[-57.628,-13.963],[-57.584,-13.925],[-57.567,-13.867],[-57.502,-13.789],[-57.495,-13.757],[-57.453,-13.713],[-57.408,-13.643],[-57.395,-13.607],[-57.366,-13.586],[-57.357,-13.552],[-57.452,-13.58],[-57.543,-13.582],[-57.545,-13.52],[-57.568,-13.452],[-57.63,-13.412],[-57.619,-13.341],[-57.576,-13.286],[-57.556,-13.274],[-57.538,-13.238],[-57.519,-13.224],[-57.487,-13.155],[-57.589,-13.152],[-57.67,-13.162],[-57.721,-13.211],[-57.749,-13.27],[-57.921,-13.207],[-58.062,-13.244],[-58.089,-13.234],[-58.133,-13.238],[-58.173,-13.181],[-58.185,-13.025],[-58.212,-12.973],[-58.236,-12.971],[-58.292,-12.93],[-58.279,-12.948],[-58.285,-12.976],[-58.282,-13.085],[-58.269,-13.109],[-58.283,-13.187],[-58.314,-13.285],[-58.333,-13.314],[-58.35,-13.462],[-58.377,-13.501],[-58.372,-13.518],[-58.408,-13.558],[-58.386,-13.585],[-58.317,-13.746],[-58.302,-13.849],[-58.237,-13.926],[-58.169,-13.961],[-58.077,-13.969],[-58.084,-14.0]]]}},{"type":"Feature","properties":{"code":"5102603"},"geometry":{"type":"Polygon","coordinates":[[[-53.292,-14.863],[-53.258,-14.875],[-53.207,-14.877],[-53.18,-14.864],[-53.098,-14.879],[-53.087,-14.854],[-53.041,-14.809],[-53.024,-14.739],[-52.995,-14.742],[-52.954,-14.726],[-52.902,-14.755],[-52.89,-14.745],[-52.853,-14.776],[-52.814,-14.779],[-52.793,-14.753],[-52.798,-14.731],[-52.777,-14.698],[-52.785,-14.678],[-52.755,-14.66],[-52.748,-14.61],[-52.687,-14.551],[-52.818,-14.392],[-52.8,-14.357],[-52.83,-14.343],[-52.864,-14.348],[-52.898,-14.325],[-52.906,-14.295],[-52.93,-14.255],[-52.972,-14.232],[-52.985,-14.198],[-53.013,-14.17],[-53.014,-14.147],[-53.039,-14.104],[-53.019,-14.086],[-53.033,-14.031],[-52.989,-14.005],[-53.0,-13.944],[-53.024,-13.921],[-53.053,-13.815],[-53.092,-13.781],[-53.094,-13.748],[-53.114,-13.73],[-53.101,-13.635],[-53.139,-13.656],[-53.165,-13.708],[-53.2,-13.731],[-53.224,-13.775],[-53.249,-13.8],[-53.258,-13.882],[-53.282,-13.906],[-53.3,-13.958],[-53.316,-13.96],[-53.327,-14.003],[-53.346,-14.002],[-53.362,-14.087],[-53.366,-14.139],[-53.377,-14.166],[-53.4,-14.184],[-53.419,-14.23],[-53.455,-14.265],[-53.463,-14.315],[-53.452,-14.351],[-53.467,-14.403],[-53.442,-14.444],[-53.444,-14.478],[-53.407,-14.482],[-53.388,-14.527],[-53.351,-14.579],[-53.352,-14.612],[-53.368,-14.639],[-53.378,-14.694],[-53.401,-14.726],[-53.371,-14.736],[-53.352,-14.757],[-53.359,-14.788],[-53.292,-14.863]]]}},{"type":"Feature","properties":{"code":"5102504"},"geometry":{"type":"Polygon","coordinates":[[[-57.693,-17.627],[-57.679,-17.606],[-57.627,-17.613],[-57.607,-17.583],[-57.543,-17.565],[-57.536,-17.547],[-57.497,-17.533],[-57.427,-17.419],[-57.37,-17.385],[-57.366,-17.353],[-57.337,-17.358],[-57.327,-17.321],[-57.348,-17.244],[-57.334,-17.21],[-57.363,-17.175],[-57.365,-17.13],[-57.403,-17.044],[-57.383,-17.023],[-57.385,-16.989],[-57.432,-16.921],[-57.406,-16.875],[-57.384,-16.878],[-57.363,-16.823],[-57.386,-16.786],[-57.405,-16.737],[-57.396,-16.679],[-57.403,-16.638],[-57.345,-16.614],[-57.331,-16.615],[-57.265,-16.578],[-57.24,-16.546],[-57.188,-16.528],[-57.187,-16.474],[-57.151,-16.435],[-57.076,-16.419],[-57.084,-16.337],[-57.072,-16.268],[-57.096,-16.174],[-57.126,-16.14],[-57.11,-16.099],[-57.117,-16.058],[-57.145,-16.039],[-57.154,-16.001],[-57.131,-15.982],[-57.09,-15.918],[-57.078,-15.881],[-57.008,-15.804],[-57.009,-15.742],[-57.225,-15.851],[-57.251,-15.795],[-57.272,-15.833],[-57.312,-15.81],[-57.307,-15.778],[-57.349,-15.725],[-57.379,-15.714],[-57.406,-15.72],[-57.451,-15.755],[-57.514,-15.749],[-57.517,-15.717],[-57.485,-15.659],[-57.497,-15.647],[-57.485,-15.57],[-57.508,-15.51],[-57.712,-15.454],[-57.701,-15.479],[-57.708,-15.519],[-57.696,-15.547],[-57.697,-15.599],[-57.713,-15.647],[-57.704,-15.7],[-57.719,-15.727],[-57.76,-15.68],[-57.799,-15.774],[-57.89,-15.75],[-57.928,-15.721],[-57.966,-15.714],[-57.967,-15.771],[-57.936,-15.797],[-57.944,-15.821],[-57.977,-15.813],[-58.004,-15.824],[-58.039,-15.821],[-58.132,-15.847],[-58.155,-15.864],[-58.173,-15.931],[-58.152,-16.045],[-58.242,-16.034],[-58.293,-15.996],[-58.311,-15.923],[-58.342,-15.917],[-58.391,-15.885],[-58.45,-15.92],[-58.508,-15.945],[-58.562,-15.949],[-58.631,-15.981],[-58.653,-16.014],[-58.695,-16.032],[-58.686,-16.071],[-58.704,-16.093],[-58.715,-16.142],[-58.761,-16.173],[-58.772,-16.215],[-58.796,-16.251],[-58.786,-16.308],[-58.431,-16.323],[-58.4,-16.304],[-58.389,-16.261],[-58.366,-16.274],[-58.327,-16.27],[-58.304,-16.309],[-58.307,-16.371],[-58.346,-16.393],[-58.356,-16.426],[-58.335,-16.479],[-58.344,-16.518],[-58.394,-16.564],[-58.436,-16.593],[-58.463,-16.653],[-58.473,-16.749],[-58.466,-16.777],[-58.479,-16.814],[-58.465,-16.835],[-58.461,-16.901],[-58.477,-16.937],[-58.432,-16.992],[-58.401,-16.998],[-58.392,-17.04],[-58.399,-17.184],[-58.368,-17.199],[-58.347,-17.234],[-58.276,-17.305],[-58.264,-17.345],[-58.22,-17.36],[-58.198,-17.386],[-58.153,-17.384],[-58.145,-17.414],[-58.123,-17.415],[-58.121,-17.448],[-58.091,-17.461],[-58.06,-17.451],[-58.043,-17.493],[-57.996,-17.516],[-57.963,-17.5],[-57.883,-17.45],[-57.752,-17.564],[-57.74,-17.536],[-57.712,-17.543],[-57.693,-17.627]]]}},{"type":"Feature","properties":{"code":"5101803"},"geometry":{"type":"Polygon","coordinates":[[[-52.751,-15.721],[-52.714,-15.74],[-52.689,-15.72],[-52.668,-15.728],[-52.606,-15.776],[-52.606,-15.801],[-52.538,-15.848],[-52.504,-15.863],[-52.425,-15.88],[-52.368,-15.888],[-52.313,-15.91],[-52.254,-15.894],[-52.195,-15.881],[-52.128,-15.895],[-52.111,-15.883],[-52.01,-15.886],[-51.972,-15.838],[-52.005,-15.849],[-52.066,-15.826],[-52.094,-15.807],[-52.163,-15.789],[-52.149,-15.695],[-52.168,-15.651],[-52.161,-15.633],[-52.176,-15.602],[-52.151,-15.578],[-52.148,-15.545],[-52.081,-15.503],[-52.054,-15.495],[-52.059,-15.453],[-52.053,-15.311],[-52.044,-15.28],[-52.056,-15.263],[-52.044,-15.232],[-52.056,-15.195],[-52.042,-15.17],[-52.047,-15.077],[-52.058,-15.037],[-52.052,-14.979],[-52.023,-14.965],[-52.007,-14.929],[-52.005,-14.894],[-52.016,-14.875],[-52.005,-14.844],[-52.016,-14.802],[-52.047,-14.82],[-52.09,-14.86],[-52.126,-14.842],[-52.239,-14.822],[-52.266,-14.869],[-52.282,-14.871],[-52.346,-14.934],[-52.402,-14.943],[-52.447,-14.928],[-52.489,-14.894],[-52.529,-15.177],[-52.55,-15.156],[-52.557,-15.124],[-52.59,-15.05],[-52.587,-15.035],[-52.607,-14.976],[-52.603,-14.937],[-52.636,-14.921],[-52.639,-14.882],[-52.678,-14.862],[-52.699,-14.919],[-52.722,-14.935],[-52.739,-15.023],[-52.769,-15.064],[-52.841,-15.125],[-52.9,-15.216],[-52.899,-15.24],[-52.939,-15.269],[-52.92,-15.294],[-52.863,-15.314],[-52.845,-15.335],[-52.876,-15.361],[-52.915,-15.38],[-52.978,-15.393],[-53.011,-15.39],[-53.034,-15.405],[-53.062,-15.44],[-53.149,-15.453],[-53.084,-15.548],[-53.052,-15.561],[-52.993,-15.518],[-52.953,-15.522],[-52.884,-15.507],[-52.841,-15.465],[-52.809,-15.452],[-52.727,-15.479],[-52.703,-15.556],[-52.754,-15.606],[-52.771,-15.643],[-52.767,-15.685],[-52.751,-15.721]]]}},{"type":"Feature","properties":{"code":"5101852"},"geometry":{"type":"Polygon","coordinates":[[[-52.066,-12.288],[-52.044,-12.273],[-52.004,-12.309],[-51.958,-12.247],[-51.926,-12.277],[-51.928,-12.315],[-51.909,-12.35],[-51.916,-12.369],[-51.914,-12.444],[-51.9,-12.473],[-51.902,-12.502],[-51.817,-12.547],[-51.776,-12.536],[-51.743,-12.545],[-51.703,-12.536],[-51.648,-12.5],[-51.65,-12.471],[-51.538,-12.444],[-51.383,-12.461],[-51.33,-12.424],[-51.275,-12.398],[-51.251,-12.414],[-51.196,-12.434],[-51.13,-12.435],[-51.194,-12.377],[-51.273,-12.34],[-51.283,-12.347],[-51.324,-12.328],[-51.35,-12.331],[-51.367,-12.31],[-51.371,-12.275],[-51.397,-12.229],[-51.388,-12.203],[-51.422,-12.179],[-51.442,-12.151],[-51.472,-12.136],[-51.542,-12.06],[-51.563,-12.022],[-51.588,-12.018],[-51.603,-11.981],[-51.659,-11.966],[-51.706,-11.964],[-51.729,-11.951],[-51.831,-11.86],[-51.84,-11.858],[-51.938,-11.89],[-51.968,-11.907],[-52.061,-11.995],[-52.099,-12.001],[-52.121,-11.988],[-52.108,-12.026],[-52.138,-12.092],[-52.149,-12.139],[-52.16,-12.145],[-52.168,-12.203],[-52.15,-12.251],[-52.066,-12.288]]]}},{"type":"Feature","properties":{"code":"5101837"},"geometry":{"type":"Polygon","coordinates":[[[-55.404,-13.418],[-55.392,-13.421],[-55.396,-13.494],[-55.375,-13.5],[-55.347,-13.481],[-55.34,-13.542],[-55.327,-13.564],[-55.293,-13.571],[-55.291,-13.591],[-55.254,-13.611],[-55.204,-13.611],[-55.178,-13.62],[-55.151,-13.653],[-55.105,-13.651],[-55.087,-13.662],[-55.099,-13.697],[-55.074,-13.741],[-55.046,-13.75],[-55.047,-13.779],[-55.009,-13.813],[-54.992,-13.795],[-54.958,-13.806],[-54.873,-13.791],[-54.864,-13.776],[-54.76,-13.871],[-54.697,-13.821],[-54.663,-13.814],[-54.643,-13.79],[-54.671,-13.729],[-54.662,-13.701],[-54.678,-13.628],[-54.654,-13.582],[-54.668,-13.512],[-54.646,-13.492],[-54.654,-13.466],[-54.628,-13.406],[-54.607,-13.392],[-54.569,-13.342],[-54.554,-13.339],[-54.542,-13.275],[-54.533,-13.262],[-54.473,-13.235],[-54.431,-13.101],[-54.467,-13.117],[-54.497,-13.152],[-54.537,-13.176],[-54.564,-13.171],[-54.623,-13.201],[-54.631,-13.155],[-54.67,-13.121],[-54.685,-13.198],[-54.703,-13.222],[-54.749,-13.244],[-54.807,-13.22],[-54.837,-13.225],[-54.855,-13.198],[-54.887,-13.23],[-55.005,-13.219],[-55.017,-13.167],[-55.051,-13.187],[-55.071,-13.241],[-55.096,-13.26],[-55.087,-13.309],[-55.22,-13.25],[-55.283,-13.252],[-55.282,-13.227],[-55.324,-13.205],[-55.314,-13.167],[-55.297,-13.154],[-55.295,-13.123],[-55.339,-13.09],[-55.361,-13.153],[-55.352,-13.177],[-55.362,-13.223],[-55.356,-13.266],[-55.388,-13.402],[-55.404,-13.418]]]}},{"type":"Feature","properties":{"code":"5101704"},"geometry":{"type":"MultiPolygon","coordinates":[[[[-57.677,-15.136],[-57.626,-15.174],[-57.599,-15.303],[-57.604,-15.327],[-57.572,-15.406],[-57.52,-15.463],[-57.508,-15.51],[-57.485,-15.57],[-57.497,-15.647],[-57.462,-15.63],[-57.438,-15.607],[-57.449,-15.572],[-57.413,-15.532],[-57.378,-15.536],[-57.367,-15.485],[-57.321,-15.466],[-57.323,-15.422],[-57.295,-15.403],[-57.296,-15.336],[-57.23,-15.325],[-57.251,-15.293],[-57.236,-15.268],[-57.185,-15.26],[-57.138,-15.233],[-57.108,-15.254],[-57.061,-15.27],[-57.025,-15.227],[-56.967,-15.238],[-56.988,-15.309],[-57.007,-15.335],[-56.983,-15.356],[-56.981,-15.382],[-56.967,-15.359],[-56.851,-15.203],[-56.814,-15.158],[-56.819,-15.145],[-56.806,-15.105],[-56.855,-15.043],[-56.859,-15.013],[-56.924,-15.01],[-56.96,-15.029],[-56.959,-14.972],[-56.932,-14.96],[-56.927,-14.937],[-57.001,-14.891],[-57.016,-14.906],[-57.078,-14.916],[-57.087,-14.836],[-57.119,-14.851],[-57.148,-14.802],[-57.192,-14.797],[-57.233,-14.819],[-57.236,-14.86],[-57.27,-14.898],[-57.253,-14.922],[-57.256,-14.954],[-57.315,-14.957],[-57.35,-14.95],[-57.381,-14.929],[-57.43,-14.922],[-57.42,-14.868],[-57.495,-14.878],[-57.532,-14.896],[-57.628,-14.925],[-57.648,-14.916],[-57.748,-14.913],[-57.726,-14.958],[-57.735,-14.976],[-57.786,-14.951],[-57.809,-14.922],[-57.832,-14.85],[-57.898,-14.816],[-57.906,-14.831],[-57.969,-14.79],[-57.984,-14.793],[-58.01,-14.763],[-58.102,-14.746],[-58.154,-14.715],[-58.191,-14.725],[-58.228,-14.77],[-58.214,-14.8],[-58.236,-14.834],[-58.246,-14.873],[-58.236,-14.912],[-58.128,-14.89],[-58.06,-14.924],[-58.058,-14.957],[-58.037,-14.969],[-58.018,-15.0],[-57.731,-15.0],[-57.701,-15.027],[-57.689,-15.082],[-57.667,-15.114],[-57.677,-15.136]]],[[[-58.757,-14.594],[-58.762,-14.657],[-58.775,-14.674],[-58.762,-14.72],[-58.8,-14.78],[-58.786,-14.814],[-58.828,-14.876],[-58.855,-14.937],[-58.854,-15.0],[-58.722,-15.0],[-58.717,-14.983],[-58.674,-14.963],[-58.642,-14.917],[-58.642,-14.878],[-58.624,-14.86],[-58.619,-14.828],[-58.645,-14.784],[-58.676,-14.713],[-58.722,-14.653],[-58.752,-14.634],[-58.757,-14.594]]]]}},{"type":"Feature","properties":{"code":"5101902"},"geometry":{"type":"Polygon","coordinates":[[[-57.487,-13.155],[-57.451,-13.138],[-57.347,-13.049],[-57.327,-13.044],[-57.293,-12.926],[-57.33,-12.884],[-57.37,-12.851],[-57.41,-12.767],[-57.396,-12.712],[-57.412,-12.682],[-57.417,-12.628],[-57.441,-12.578],[-57.433,-12.518],[-57.441,-12.466],[-57.472,-12.444],[-57.494,-12.413],[-57.536,-12.399],[-57.589,-12.354],[-57.626,-12.341],[-57.641,-12.259],[-57.67,-12.246],[-57.685,-12.224],[-57.734,-12.209],[-57.751,-12.174],[-57.777,-12.172],[-57.804,-12.142],[-57.83,-12.146],[-57.843,-12.116],[-57.871,-12.114],[-57.88,-12.095],[-57.867,-12.056],[-57.871,-12.005],[-57.89,-11.982],[-57.888,-11.938],[-57.93,-11.904],[-57.929,-11.879],[-57.966,-11.846],[-57.975,-11.808],[-58.034,-11.768],[-58.053,-11.737],[-58.046,-11.712],[-58.077,-11.69],[-58.066,-11.633],[-58.093,-11.579],[-58.123,-11.569],[-58.141,-11.514],[-58.172,-11.512],[-58.178,-11.488],[-58.14,-11.455],[-58.155,-11.422],[-58.128,-11.328],[-58.127,-11.287],[-58.153,-11.268],[-58.184,-11.289],[-58.199,-11.258],[-58.228,-11.244],[-58.235,-11.217],[-58.276,-11.164],[-58.249,-11.128],[-58.251,-11.052],[-58.288,-11.001],[-58.312,-11.004],[-58.318,-10.972],[-58.343,-10.951],[-58.363,-10.961],[-58.385,-10.994],[-58.384,-11.022],[-58.356,-11.059],[-58.345,-11.097],[-58.352,-11.118],[-58.34,-11.175],[-58.364,-11.192],[-58.375,-11.239],[-58.377,-11.261],[-58.333,-11.269],[-58.346,-11.296],[-58.33,-11.327],[-58.341,-11.359],[-58.34,-11.407],[-58.325,-11.449],[-58.335,-11.502],[-58.383,-11.541],[-58.389,-11.603],[-58.417,-11.614],[-58.391,-11.713],[-58.389,-11.774],[-58.402,-11.812],[-58.424,-11.83],[-58.434,-11.857],[-58.433,-11.911],[-58.448,-11.922],[-58.466,-11.958],[-58.462,-11.989],[-58.487,-12.034],[-58.492,-12.124],[-58.475,-12.168],[-58.528,-12.275],[-58.506,-12.302],[-58.489,-12.301],[-58.491,-12.354],[-58.471,-12.361],[-58.466,-12.398],[-58.444,-12.438],[-58.459,-12.461],[-58.439,-12.503],[-58.447,-12.541],[-58.428,-12.61],[-58.414,-12.626],[-58.411,-12.698],[-58.397,-12.748],[-58.398,-12.799],[-58.383,-12.823],[-58.355,-12.824],[-58.351,-12.861],[-58.292,-12.93],[-58.236,-12.971],[-58.212,-12.973],[-58.185,-13.025],[-58.173,-13.181],[-58.133,-13.238],[-58.089,-13.234],[-58.062,-13.244],[-57.921,-13.207],[-57.749,-13.27],[-57.721,-13.211],[-57.67,-13.162],[-57.589,-13.152],[-57.487,-13.155]]]}},{"type":"Feature","properties":{"code":"5101308"},"geometry":{"type":"Polygon","coordinates":[[[-56.95,-14.503],[-56.912,-14.548],[-56.921,-14.573],[-56.907,-14.592],[-56.726,-14.649],[-56.718,-14.618],[-56.748,-14.598],[-56.756,-14.56],[-56.793,-14.527],[-56.816,-14.444],[-56.849,-14.411],[-56.849,-14.389],[-56.887,-14.361],[-56.923,-14.39],[-56.973,-14.412],[-56.977,-14.436],[-56.949,-14.476],[-56.95,-14.503]]]}},{"type":"Feature","properties":{"code":"5101258"},"geometry":{"type":"Polygon","coordinates":[[[-58.484,-15.515],[-58.288,-15.525],[-58.221,-15.35],[-58.243,-15.334],[-58.261,-15.292],[-58.277,-15.285],[-58.258,-15.231],[-58.28,-15.184],[-58.318,-15.179],[-58.333,-15.142],[-58.361,-15.142],[-58.386,-15.125],[-58.426,-15.125],[-58.481,-15.102],[-58.522,-15.099],[-58.529,-15.05],[-58.505,-15.026],[-58.509,-15.0],[-58.722,-15.0],[-58.722,-15.024],[-58.753,-15.047],[-58.726,-15.156],[-58.649,-15.179],[-58.601,-15.218],[-58.552,-15.162],[-58.557,-15.207],[-58.547,-15.23],[-58.551,-15.27],[-58.536,-15.304],[-58.539,-15.357],[-58.491,-15.35],[-58.492,-15.405],[-58.481,-15.464],[-58.484,-15.515]]]}},{"type":"Feature","properties":{"code":"5101209"},"geometry":{"type":"Polygon","coordinates":[[[-53.362,-16.853],[-53.306,-16.819],[-53.243,-16.808],[-53.225,-16.819],[-53.173,-16.815],[-53.166,-16.827],[-53.083,-16.847],[-53.053,-16.863],[-53.014,-16.864],[-52.972,-16.87],[-52.929,-16.838],[-52.914,-16.813],[-52.958,-16.77],[-53.063,-16.695],[-53.09,-16.666],[-53.084,-16.623],[-53.116,-16.583],[-53.147,-16.586],[-53.179,-16.605],[-53.197,-16.642],[-53.362,-16.853]]]}},{"type":"Feature","properties":{"code":"5101605"},"geometry":{"type":"Polygon","coordinates":[[[-56.723,-17.308],[-56.683,-17.317],[-56.672,-17.335],[-56.62,-17.322],[-56.612,-17.332],[-56.551,-17.323],[-56.499,-17.29],[-56.451,-17.326],[-56.389,-17.302],[-56.361,-17.281],[-56.336,-17.29],[-56.251,-17.219],[-56.213,-17.226],[-56.184,-17.195],[-56.129,-17.179],[-56.112,-17.166],[-56.083,-17.178],[-56.044,-17.171],[-56.016,-17.19],[-56.012,-17.237],[-55.96,-17.25],[-55.887,-17.285],[-55.87,-17.275],[-55.845,-17.299],[-55.805,-17.309],[-55.79,-17.327],[-55.761,-17.323],[-55.72,-17.349],[-55.658,-17.339],[-55.649,-17.358],[-55.604,-17.367],[-55.577,-17.13],[-55.538,-16.781],[-55.494,-16.389],[-55.508,-16.374],[-55.597,-16.358],[-55.653,-16.321],[-55.66,-16.305],[-55.695,-16.298],[-55.889,-16.123],[-55.915,-16.126],[-55.955,-16.174],[-55.97,-16.194],[-56.013,-16.212],[-56.013,-16.252],[-56.066,-16.314],[-56.154,-16.34],[-56.158,-16.366],[-56.199,-16.354],[-56.218,-16.4],[-56.233,-16.389],[-56.291,-16.405],[-56.301,-16.397],[-56.322,-16.475],[-56.358,-16.51],[-56.398,-16.533],[-56.409,-16.567],[-56.437,-16.591],[-56.478,-16.663],[-56.469,-16.697],[-56.507,-16.725],[-56.497,-16.763],[-56.514,-16.791],[-56.544,-16.792],[-56.584,-16.84],[-56.619,-16.872],[-56.632,-16.98],[-56.587,-17.016],[-56.588,-17.049],[-56.611,-17.091],[-56.632,-17.102],[-56.657,-17.172],[-56.668,-17.228],[-56.717,-17.264],[-56.723,-17.308]]]}},{"type":"Feature","properties":{"code":"5101407"},"geometry":{"type":"Polygon","coordinates":[[[-60.647,-9.637],[-60.639,-9.671],[-60.661,-9.718],[-60.681,-9.737],[-60.672,-9.795],[-60.697,-9.834],[-60.675,-9.839],[-60.658,-9.89],[-60.69,-9.934],[-60.684,-9.966],[-60.632,-9.959],[-60.635,-9.99],[-60.611,-10.011],[-60.617,-10.036],[-60.617,-10.106],[-60.644,-10.13],[-60.648,-10.152],[-60.627,-10.198],[-60.638,-10.244],[-60.627,-10.259],[-60.637,-10.293],[-60.602,-10.333],[-60.599,-10.412],[-60.559,-10.433],[-60.524,-10.471],[-60.536,-10.491],[-60.519,-10.568],[-60.538,-10.593],[-60.518,-10.64],[-60.522,-10.671],[-60.487,-10.696],[-60.484,-10.714],[-60.447,-10.714],[-60.396,-10.764],[-60.418,-10.783],[-60.43,-10.816],[-60.404,-10.852],[-60.362,-10.876],[-60.36,-10.896],[-60.328,-10.912],[-60.261,-10.919],[-60.162,-10.905],[-60.134,-10.881],[-60.075,-10.877],[-59.996,-10.844],[-59.967,-10.819],[-59.939,-10.84],[-59.883,-10.858],[-59.853,-10.851],[-59.825,-10.825],[-59.769,-10.816],[-59.765,-10.805],[-59.714,-10.804],[-59.67,-10.779],[-59.661,-10.742],[-59.559,-10.736],[-59.53,-10.726],[-59.492,-10.742],[-59.461,-10.721],[-59.426,-10.749],[-59.394,-10.762],[-59.366,-10.802],[-59.329,-10.814],[-59.252,-10.816],[-59.216,-10.792],[-59.14,-10.813],[-59.114,-10.812],[-59.049,-10.773],[-59.003,-10.786],[-58.932,-10.736],[-58.915,-10.704],[-58.918,-10.635],[-58.882,-10.618],[-58.927,-10.557],[-58.906,-10.548],[-58.87,-10.432],[-58.881,-10.393],[-58.843,-10.356],[-58.837,-10.334],[-58.797,-10.281],[-58.819,-10.256],[-58.828,-10.204],[-58.842,-10.174],[-58.844,-10.131],[-58.818,-10.083],[-58.867,-10.067],[-58.894,-10.03],[-58.92,-10.034],[-58.974,-9.998],[-59.002,-10.0],[-59.023,-9.98],[-59.073,-9.984],[-59.102,-9.972],[-59.121,-9.999],[-59.181,-9.996],[-59.209,-9.966],[-59.203,-9.939],[-59.167,-9.923],[-59.16,-9.868],[-59.168,-9.821],[-59.154,-9.787],[-59.228,-9.79],[-59.254,-9.775],[-59.354,-9.797],[-59.376,-9.772],[-59.403,-9.779],[-59.435,-9.769],[-59.487,-9.811],[-59.573,-9.842],[-59.569,-9.879],[-59.617,-9.879],[-59.647,-9.867],[-59.663,-9.826],[-59.741,-9.78],[-59.766,-9.78],[-59.785,-9.753],[-59.837,-9.617],[-59.781,-9.566],[-59.765,-9.517],[-59.773,-9.483],[-59.806,-9.484],[-59.845,-9.473],[-59.854,-9.453],[-59.891,-9.456],[-59.915,-9.415],[-59.991,-9.414],[-60.004,-9.384],[-60.022,-9.382],[-60.065,-9.425],[-60.117,-9.409],[-60.167,-9.401],[-60.26,-9.339],[-60.27,-9.321],[-60.478,-9.316],[-60.683,-9.288],[-60.663,-9.33],[-60.623,-9.365],[-60.616,-9.415],[-60.587,-9.477],[-60.591,-9.553],[-60.608,-9.559],[-60.657,-9.602],[-60.647,-9.637]]]}},{"type":"Feature","properties":{"code":"5100805"},"geometry":{"type":"Polygon","coordinates":[[[-57.669,-9.717],[-57.629,-9.709],[-57.618,-9.741],[-57.572,-9.768],[-57.51,-9.751],[-57.497,-9.736],[-57.449,-9.729],[-57.426,-9.692],[-57.403,-9.696],[-57.373,-9.682],[-57.332,-9.698],[-57.329,-9.758],[-57.319,-9.78],[-57.272,-9.802],[-57.256,-9.788],[-57.189,-9.791],[-57.194,-9.756],[-57.168,-9.706],[-57.164,-9.668],[-57.144,-9.662],[-57.14,-9.634],[-57.111,-9.574],[-57.074,-9.559],[-57.054,-9.529],[-57.045,-9.5],[-57.132,-9.417],[-57.081,-9.393],[-57.086,-9.338],[-57.068,-9.308],[-57.087,-9.287],[-57.087,-9.239],[-57.1,-9.216],[-57.06,-9.182],[-57.06,-9.137],[-57.039,-9.098],[-57.06,-9.064],[-57.09,-9.038],[-57.095,-9.017],[-57.138,-8.995],[-57.204,-8.921],[-57.236,-8.907],[-57.289,-8.916],[-57.318,-8.886],[-57.384,-8.88],[-57.416,-8.859],[-57.417,-8.793],[-57.464,-8.785],[-57.523,-8.75],[-57.562,-8.761],[-57.593,-8.757],[-57.594,-8.707],[-57.605,-8.663],[-57.623,-8.645],[-57.622,-8.591],[-57.645,-8.582],[-57.651,-8.553],[-57.633,-8.527],[-57.659,-8.5],[-57.652,-8.479],[-57.683,-8.43],[-57.687,-8.407],[-57.668,-8.364],[-57.68,-8.327],[-57.663,-8.268],[-57.642,-8.22],[-57.673,-8.173],[-57.705,-8.168],[-57.719,-8.151],[-57.733,-8.089],[-57.776,-8.052],[-57.832,-7.962],[-57.835,-7.881],[-57.88,-7.782],[-57.897,-7.678],[-57.934,-7.657],[-57.952,-7.58],[-57.973,-7.535],[-58.002,-7.488],[-58.04,-7.446],[-58.061,-7.395],[-58.121,-7.352],[-58.138,-7.349],[-58.213,-7.458],[-58.223,-7.524],[-58.204,-7.589],[-58.202,-7.621],[-58.24,-7.654],[-58.276,-7.7],[-58.283,-7.741],[-58.3,-7.777],[-58.34,-7.808],[-58.378,-7.827],[-58.375,-7.899],[-58.355,-7.944],[-58.331,-7.969],[-58.322,-8.025],[-58.293,-8.071],[-58.29,-8.136],[-58.322,-8.17],[-58.313,-8.209],[-58.328,-8.286],[-58.315,-8.323],[-58.345,-8.341],[-58.355,-8.393],[-58.39,-8.439],[-58.418,-8.489],[-58.405,-8.538],[-58.41,-8.57],[-58.389,-8.595],[-58.437,-8.703],[-58.412,-8.721],[-58.376,-8.704],[-58.328,-8.712],[-58.388,-8.775],[-58.442,-8.799],[-58.462,-8.845],[-58.525,-8.903],[-58.544,-8.887],[-58.565,-8.899],[-58.568,-8.924],[-58.55,-8.94],[-58.52,-8.967],[-58.496,-8.95],[-58.434,-8.966],[-58.38,-8.99],[-58.358,-9.022],[-58.33,-9.012],[-58.3,-9.034],[-58.292,-9.082],[-58.244,-9.12],[-58.17,-9.144],[-58.166,-9.19],[-58.152,-9.196],[-58.075,-9.272],[-58.079,-9.338],[-58.001,-9.385],[-57.935,-9.47],[-57.885,-9.487],[-57.839,-9.479],[-57.786,-9.497],[-57.771,-9.491],[-57.729,-9.513],[-57.724,-9.569],[-57.735,-9.619],[-57.715,-9.642],[-57.728,-9.674],[-57.705,-9.705],[-57.669,-9.717]]]}},{"type":"Feature","properties":{"code":"5108956"},"geometry":{"type":"Polygon","coordinates":[[[-56.964,-10.284],[-56.931,-10.276],[-56.931,-10.243],[-56.944,-10.222],[-56.942,-10.166],[-56.962,-10.114],[-56.938,-10.069],[-56.904,-10.041],[-56.928,-10.0],[-56.924,-9.961],[-56.938,-9.936],[-56.898,-9.91],[-56.909,-9.871],[-56.879,-9.846],[-56.852,-9.852],[-56.853,-9.816],[-56.887,-9.771],[-56.883,-9.724],[-56.915,-9.67],[-56.942,-9.594],[-56.966,-9.588],[-57.02,-9.542],[-57.054,-9.529],[-57.074,-9.559],[-57.111,-9.574],[-57.14,-9.634],[-57.144,-9.662],[-57.164,-9.668],[-57.168,-9.706],[-57.194,-9.756],[-57.189,-9.791],[-57.256,-9.788],[-57.272,-9.802],[-57.319,-9.78],[-57.329,-9.758],[-57.332,-9.698],[-57.373,-9.682],[-57.403,-9.696],[-57.426,-9.692],[-57.449,-9.729],[-57.497,-9.736],[-57.51,-9.751],[-57.572,-9.768],[-57.618,-9.741],[-57.629,-9.709],[-57.669,-9.717],[-57.619,-9.747],[-57.614,-9.762],[-57.674,-9.825],[-57.694,-9.858],[-57.677,-9.881],[-57.645,-9.899],[-57.661,-9.961],[-57.598,-10.057],[-57.584,-10.094],[-57.588,-10.139],[-57.578,-10.153],[-57.6,-10.195],[-57.6,-10.249],[-57.541,-10.277],[-57.5,-10.273],[-57.452,-10.254],[-57.431,-10.267],[-57.351,-10.286],[-57.332,-10.277],[-57.27,-10.274],[-57.248,-10.293],[-57.209,-10.295],[-57.162,-10.325],[-57.153,-10.312],[-57.059,-10.311],[-56.964,-10.284]]]}},{"type":"Feature","properties":{"code":"5108857"},"geometry":{"type":"Polygon","coordinates":[[[-57.72,-14.375],[-57.68,-14.393],[-57.657,-14.424],[-57.643,-14.377],[-57.617,-14.396],[-57.586,-14.38],[-57.558,-14.34],[-57.544,-14.362],[-57.509,-14.326],[-57.443,-14.34],[-57.436,-14.308],[-57.393,-14.351],[-57.356,-14.33],[-57.34,-14.356],[-57.295,-14.388],[-57.289,-14.419],[-57.242,-14.421],[-57.201,-14.413],[-57.148,-14.393],[-57.131,-14.413],[-57.016,-14.425],[-56.977,-14.436],[-56.973,-14.412],[-56.923,-14.39],[-56.887,-14.361],[-56.881,-14.299],[-56.867,-14.264],[-56.877,-14.227],[-56.939,-14.165],[-56.958,-14.164],[-57.001,-14.193],[-57.064,-14.198],[-57.084,-14.182],[-57.146,-14.162],[-57.175,-14.187],[-57.197,-14.19],[-57.238,-14.168],[-57.306,-14.173],[-57.335,-14.186],[-57.366,-14.177],[-57.377,-14.156],[-57.453,-14.189],[-57.508,-14.223],[-57.56,-14.226],[-57.589,-14.194],[-57.624,-14.203],[-57.657,-14.236],[-57.676,-14.287],[-57.733,-14.303],[-57.72,-14.375]]]}},{"type":"Feature","properties":{"code":"5108808"},"geometry":{"type":"Polygon","coordinates":[[[-55.33,-10.502],[-55.281,-10.514],[-55.27,-10.488],[-55.227,-10.443],[-55.202,-10.38],[-55.168,-10.354],[-55.166,-10.218],[-55.202,-10.207],[-55.23,-10.187],[-55.242,-10.146],[-55.229,-10.117],[-55.24,-10.094],[-55.266,-10.116],[-55.276,-10.147],[-55.352,-10.187],[-55.375,-10.169],[-55.418,-10.163],[-55.497,-10.096],[-55.523,-10.097],[-55.558,-10.057],[-55.57,-10.127],[-55.548,-10.132],[-55.517,-10.161],[-55.508,-10.189],[-55.465,-10.229],[-55.477,-10.251],[-55.468,-10.296],[-55.431,-10.432],[-55.416,-10.453],[-55.388,-10.458],[-55.34,-10.486],[-55.33,-10.502]]]}},{"type":"Feature","properties":{"code":"5108907"},"geometry":{"type":"Polygon","coordinates":[[[-57.28,-13.808],[-57.281,-13.786],[-57.25,-13.748],[-57.253,-13.727],[-57.22,-13.704],[-57.191,-13.701],[-57.171,-13.67],[-57.141,-13.661],[-57.103,-13.579],[-57.068,-13.549],[-57.02,-13.558],[-56.995,-13.519],[-57.002,-13.479],[-57.023,-13.428],[-57.017,-13.367],[-56.989,-13.321],[-56.962,-13.292],[-56.952,-13.233],[-56.907,-13.208],[-56.871,-13.162],[-56.867,-13.128],[-56.834,-13.077],[-56.829,-13.043],[-56.74,-12.955],[-56.755,-12.933],[-56.763,-12.885],[-56.752,-12.868],[-56.773,-12.835],[-56.799,-12.79],[-56.798,-12.76],[-56.828,-12.738],[-56.847,-12.7],[-56.845,-12.681],[-56.903,-12.63],[-56.894,-12.604],[-56.901,-12.563],[-56.931,-12.56],[-56.931,-12.534],[-56.953,-12.47],[-56.942,-12.427],[-56.965,-12.375],[-56.978,-12.309],[-56.956,-12.299],[-57.008,-12.284],[-57.042,-12.251],[-57.037,-12.23],[-57.106,-12.082],[-57.136,-12.046],[-57.145,-12.007],[-57.165,-11.936],[-57.188,-11.891],[-57.196,-11.846],[-57.237,-11.825],[-57.28,-11.777],[-57.315,-11.754],[-57.351,-11.772],[-57.369,-11.741],[-57.371,-11.709],[-57.406,-11.72],[-57.415,-11.742],[-57.395,-11.793],[-57.397,-11.84],[-57.431,-11.864],[-57.437,-11.909],[-57.422,-11.963],[-57.424,-12.007],[-57.408,-12.021],[-57.423,-12.055],[-57.41,-12.096],[-57.46,-12.095],[-57.522,-12.081],[-57.544,-12.066],[-57.615,-12.102],[-57.616,-12.128],[-57.65,-12.138],[-57.688,-12.177],[-57.734,-12.209],[-57.685,-12.224],[-57.67,-12.246],[-57.641,-12.259],[-57.626,-12.341],[-57.589,-12.354],[-57.536,-12.399],[-57.494,-12.413],[-57.472,-12.444],[-57.441,-12.466],[-57.433,-12.518],[-57.441,-12.578],[-57.417,-12.628],[-57.412,-12.682],[-57.396,-12.712],[-57.41,-12.767],[-57.37,-12.851],[-57.33,-12.884],[-57.293,-12.926],[-57.327,-13.044],[-57.347,-13.049],[-57.451,-13.138],[-57.487,-13.155],[-57.519,-13.224],[-57.538,-13.238],[-57.556,-13.274],[-57.576,-13.286],[-57.619,-13.341],[-57.63,-13.412],[-57.568,-13.452],[-57.545,-13.52],[-57.543,-13.582],[-57.452,-13.58],[-57.357,-13.552],[-57.366,-13.586],[-57.334,-13.6],[-57.33,-13.624],[-57.346,-13.647],[-57.358,-13.697],[-57.353,-13.738],[-57.28,-13.808]]]}},{"type":"Feature","properties":{"code":"5101001"},"geometry":{"type":"Polygon","coordinates":[[[-51.88,-15.824],[-51.823,-15.731],[-51.768,-15.654],[-51.754,-15.615],[-51.781,-15.546],[-51.756,-15.557],[-51.726,-15.544],[-51.732,-15.504],[-51.699,-15.485],[-51.709,-15.462],[-51.691,-15.426],[-51.696,-15.406],[-51.669,-15.374],[-51.691,-15.325],[-51.677,-15.288],[-51.651,-15.273],[-51.668,-15.232],[-51.647,-15.174],[-51.606,-15.162],[-51.564,-15.109],[-51.547,-15.101],[-51.534,-15.065],[-51.462,-15.048],[-51.431,-15.01],[-51.402,-15.003],[-51.368,-15.01],[-51.35,-14.99],[-51.62,-14.991],[-51.593,-14.942],[-51.601,-14.912],[-51.588,-14.876],[-51.571,-14.872],[-51.545,-14.794],[-51.549,-14.775],[-51.532,-14.714],[-51.482,-14.671],[-51.467,-14.616],[-51.439,-14.593],[-51.437,-14.567],[-51.38,-14.496],[-51.389,-14.457],[-51.39,-14.398],[-51.438,-14.359],[-51.474,-14.355],[-51.593,-14.454],[-51.619,-14.518],[-51.691,-14.536],[-51.694,-14.576],[-51.721,-14.6],[-51.76,-14.598],[-51.797,-14.636],[-51.805,-14.665],[-51.847,-14.695],[-51.867,-14.726],[-51.938,-14.785],[-51.966,-14.773],[-52.016,-14.802],[-52.005,-14.844],[-52.016,-14.875],[-52.005,-14.894],[-52.007,-14.929],[-52.023,-14.965],[-52.052,-14.979],[-52.058,-15.037],[-52.047,-15.077],[-52.042,-15.17],[-52.056,-15.195],[-52.044,-15.232],[-52.056,-15.263],[-52.044,-15.28],[-52.053,-15.311],[-52.059,-15.453],[-52.054,-15.495],[-52.081,-15.503],[-52.148,-15.545],[-52.151,-15.578],[-52.176,-15.602],[-52.161,-15.633],[-52.168,-15.651],[-52.149,-15.695],[-52.163,-15.789],[-52.094,-15.807],[-52.066,-15.826],[-52.005,-15.849],[-51.972,-15.838],[-51.949,-15.81],[-51.88,-15.824]]]}},{"type":"Feature","properties":{"code":"5100250"},"geometry":{"type":"Polygon","coordinates":[[[-56.434,-10.683],[-56.402,-10.659],[-56.393,-10.637],[-56.411,-10.619],[-56.409,-10.58],[-56.354,-10.592],[-56.338,-10.578],[-56.309,-10.586],[-56.265,-10.579],[-56.241,-10.535],[-56.241,-10.492],[-56.285,-10.448],[-56.282,-10.406],[-56.16,-10.388],[-56.141,-10.369],[-56.064,-10.34],[-56.062,-10.321],[-56.096,-10.286],[-56.132,-10.276],[-56.145,-10.25],[-56.205,-10.265],[-56.216,-10.287],[-56.24,-10.284],[-56.197,-10.202],[-56.174,-10.173],[-56.118,-10.148],[-56.101,-10.112],[-56.059,-10.107],[-56.042,-10.122],[-56.003,-10.124],[-55.938,-10.064],[-55.896,-10.037],[-55.902,-9.999],[-55.875,-9.957],[-55.861,-9.868],[-55.845,-9.844],[-55.84,-9.793],[-55.823,-9.771],[-55.832,-9.736],[-55.865,-9.721],[-55.889,-9.677],[-55.911,-9.664],[-55.934,-9.608],[-55.892,-9.509],[-55.906,-9.489],[-55.903,-9.457],[-55.867,-9.434],[-56.157,-9.41],[-56.272,-9.401],[-56.253,-9.472],[-56.263,-9.496],[-56.3,-9.535],[-56.34,-9.631],[-56.341,-9.683],[-56.356,-9.724],[-56.343,-9.793],[-56.328,-9.81],[-56.348,-9.869],[-56.33,-9.902],[-56.379,-9.919],[-56.444,-9.908],[-56.489,-9.931],[-56.526,-9.935],[-56.589,-9.919],[-56.658,-9.936],[-56.898,-9.948],[-56.938,-9.936],[-56.924,-9.961],[-56.928,-10.0],[-56.904,-10.041],[-56.938,-10.069],[-56.962,-10.114],[-56.942,-10.166],[-56.944,-10.222],[-56.931,-10.243],[-56.931,-10.276],[-56.964,-10.284],[-56.97,-10.315],[-56.988,-10.327],[-56.979,-10.361],[-56.87,-10.374],[-56.805,-10.391],[-56.808,-10.411],[-56.765,-10.43],[-56.763,-10.449],[-56.715,-10.492],[-56.666,-10.562],[-56.629,-10.597],[-56.559,-10.612],[-56.532,-10.634],[-56.469,-10.669],[-56.434,-10.683]]]}},{"type":"Feature","properties":{"code":"5108501"},"geometry":{"type":"Polygon","coordinates":[[[-55.521,-12.153],[-55.535,-12.178],[-55.584,-12.181],[-55.589,-12.266],[-55.564,-12.274],[-55.571,-12.325],[-55.549,-12.38],[-55.524,-12.418],[-55.523,-12.454],[-55.543,-12.503],[-55.579,-12.539],[-55.578,-12.592],[-55.559,-12.647],[-55.504,-12.685],[-55.486,-12.738],[-55.447,-12.772],[-55.452,-12.797],[-55.429,-12.812],[-55.424,-12.847],[-55.377,-12.856],[-55.375,-12.831],[-55.397,-12.797],[-55.368,-12.74],[-55.337,-12.732],[-55.276,-12.667],[-55.265,-12.648],[-55.232,-12.635],[-55.232,-12.599],[-55.194,-12.593],[-55.157,-12.576],[-55.139,-12.55],[-55.118,-12.493],[-55.1,-12.473],[-55.093,-12.399],[-55.072,-12.367],[-55.107,-12.272],[-55.11,-12.249],[-55.138,-12.214],[-55.126,-12.178],[-55.139,-12.161],[-55.141,-12.12],[-55.189,-12.128],[-55.225,-12.115],[-55.248,-12.123],[-55.288,-12.113],[-55.307,-12.09],[-55.373,-12.187],[-55.392,-12.159],[-55.43,-12.15],[-55.446,-12.16],[-55.494,-12.147],[-55.521,-12.153]]]}},{"type":"Feature","properties":{"code":"5108352"},"geometry":{"type":"Polygon","coordinates":[[[-59.093,-15.467],[-59.067,-15.459],[-59.013,-15.418],[-59.019,-15.398],[-59.003,-15.365],[-59.025,-15.324],[-58.942,-15.297],[-58.926,-15.274],[-58.926,-15.243],[-58.949,-15.181],[-58.898,-15.156],[-58.883,-15.158],[-58.874,-15.063],[-58.883,-15.018],[-58.854,-15.0],[-58.855,-14.937],[-58.828,-14.876],[-58.786,-14.814],[-58.8,-14.78],[-58.762,-14.72],[-58.775,-14.674],[-58.762,-14.657],[-58.757,-14.594],[-58.774,-14.601],[-58.866,-14.599],[-58.962,-14.586],[-59.023,-14.625],[-59.053,-14.652],[-59.085,-14.665],[-59.029,-14.723],[-59.041,-14.817],[-59.028,-14.919],[-59.043,-14.956],[-59.035,-15.025],[-58.995,-15.058],[-58.965,-15.126],[-58.985,-15.142],[-59.012,-15.197],[-59.014,-15.233],[-59.041,-15.246],[-59.062,-15.226],[-59.106,-15.22],[-59.149,-15.229],[-59.173,-15.27],[-59.222,-15.25],[-59.213,-15.292],[-59.182,-15.299],[-59.197,-15.367],[-59.141,-15.402],[-59.104,-15.441],[-59.093,-15.467]]]}},{"type":"Feature","properties":{"code":"5100300"},"geometry":{"type":"Polygon","coordinates":[[[-53.404,-17.993],[-53.415,-17.946],[-53.494,-17.96],[-53.495,-17.937],[-53.516,-17.916],[-53.547,-17.944],[-53.569,-17.927],[-53.606,-17.932],[-53.629,-17.903],[-53.624,-17.876],[-53.562,-17.856],[-53.568,-17.828],[-53.563,-17.759],[-53.544,-17.738],[-53.527,-17.697],[-53.549,-17.666],[-53.535,-17.649],[-53.491,-17.649],[-53.459,-17.683],[-53.391,-17.709],[-53.37,-17.643],[-53.334,-17.574],[-53.292,-17.552],[-53.242,-17.504],[-53.224,-17.458],[-53.231,-17.44],[-53.197,-17.378],[-53.209,-17.316],[-53.166,-17.221],[-53.155,-17.187],[-53.128,-17.155],[-53.111,-17.108],[-53.089,-17.101],[-53.055,-17.064],[-53.064,-17.017],[-53.054,-16.968],[-53.035,-16.942],[-53.039,-16.912],[-53.019,-16.9],[-53.014,-16.864],[-53.053,-16.863],[-53.083,-16.847],[-53.166,-16.827],[-53.173,-16.815],[-53.225,-16.819],[-53.243,-16.808],[-53.306,-16.819],[-53.362,-16.853],[-53.326,-16.867],[-53.309,-16.892],[-53.289,-16.893],[-53.264,-16.92],[-53.353,-16.991],[-53.562,-17.25],[-53.683,-17.226],[-53.68,-17.254],[-53.693,-17.5],[-53.704,-17.661],[-53.757,-17.673],[-53.799,-17.671],[-53.856,-17.703],[-53.888,-17.749],[-53.913,-17.808],[-53.941,-17.84],[-53.956,-17.883],[-53.952,-17.916],[-53.899,-17.909],[-53.854,-17.926],[-53.812,-17.959],[-53.774,-18.001],[-53.737,-17.995],[-53.693,-18.007],[-53.652,-17.976],[-53.616,-17.979],[-53.59,-18.01],[-53.518,-18.021],[-53.486,-18.04],[-53.468,-18.035],[-53.435,-17.985],[-53.404,-17.993]]]}},{"type":"Feature","properties":{"code":"5108303"},"geometry":{"type":"Polygon","coordinates":[[[-54.728,-11.649],[-54.672,-11.666],[-54.658,-11.708],[-54.641,-11.714],[-54.603,-11.685],[-54.577,-11.68],[-54.589,-11.727],[-54.584,-11.754],[-54.595,-11.779],[-54.566,-11.803],[-54.582,-11.841],[-54.602,-11.846],[-54.626,-11.882],[-54.579,-11.877],[-54.56,-11.862],[-54.501,-11.864],[-54.474,-11.885],[-54.424,-11.875],[-54.365,-11.882],[-54.286,-11.872],[-54.202,-11.785],[-54.2,-11.773],[-54.156,-11.717],[-54.134,-11.672],[-54.087,-11.626],[-54.057,-11.619],[-54.035,-11.595],[-54.006,-11.585],[-53.968,-11.533],[-53.935,-11.535],[-53.92,-11.514],[-53.874,-11.511],[-53.838,-11.452],[-53.843,-11.413],[-53.824,-11.356],[-53.808,-11.354],[-53.779,-11.29],[-53.83,-11.255],[-53.912,-11.242],[-53.945,-11.244],[-53.965,-11.258],[-54.017,-11.248],[-54.083,-11.285],[-54.11,-11.284],[-54.129,-11.3],[-54.166,-11.292],[-54.202,-11.321],[-54.227,-11.328],[-54.269,-11.358],[-54.301,-11.369],[-54.338,-11.354],[-54.358,-11.327],[-54.421,-11.325],[-54.447,-11.365],[-54.481,-11.399],[-54.506,-11.413],[-54.53,-11.391],[-54.552,-11.353],[-54.544,-11.311],[-54.559,-11.286],[-54.569,-11.22],[-54.603,-11.184],[-54.622,-11.208],[-54.648,-11.206],[-54.673,-11.248],[-54.699,-11.256],[-54.693,-11.304],[-54.704,-11.394],[-54.702,-11.453],[-54.717,-11.471],[-54.712,-11.502],[-54.731,-11.539],[-54.713,-11.57],[-54.728,-11.649]]]}},{"type":"Feature","properties":{"code":"5108402"},"geometry":{"type":"Polygon","coordinates":[[[-56.146,-15.768],[-56.111,-15.742],[-56.113,-15.694],[-56.077,-15.685],[-56.07,-15.646],[-56.107,-15.616],[-56.133,-15.624],[-56.162,-15.56],[-56.193,-15.525],[-56.217,-15.472],[-56.249,-15.451],[-56.233,-15.411],[-56.247,-15.362],[-56.279,-15.34],[-56.355,-15.412],[-56.386,-15.412],[-56.4,-15.433],[-56.429,-15.434],[-56.465,-15.457],[-56.503,-15.511],[-56.545,-15.525],[-56.577,-15.568],[-56.556,-15.615],[-56.513,-15.568],[-56.493,-15.575],[-56.468,-15.559],[-56.429,-15.556],[-56.234,-15.61],[-56.22,-15.642],[-56.264,-15.684],[-56.264,-15.711],[-56.245,-15.734],[-56.245,-15.76],[-56.192,-15.777],[-56.173,-15.752],[-56.146,-15.768]]]}},{"type":"Feature","properties":{"code":"5100201"},"geometry":{"type":"Polygon","coordinates":[[[-52.93,-14.255],[-52.885,-14.256],[-52.767,-14.224],[-52.686,-14.211],[-52.651,-14.182],[-52.622,-14.188],[-52.608,-14.208],[-52.531,-14.191],[-52.461,-14.19],[-52.428,-14.178],[-52.382,-14.184],[-52.379,-14.245],[-52.396,-14.281],[-52.369,-14.302],[-52.324,-14.351],[-52.334,-14.404],[-52.312,-14.444],[-52.312,-14.47],[-52.329,-14.5],[-52.33,-14.535],[-52.31,-14.539],[-52.249,-14.424],[-52.172,-14.386],[-52.169,-14.317],[-52.121,-14.309],[-52.099,-14.295],[-52.068,-14.254],[-52.041,-14.236],[-51.99,-14.219],[-51.956,-14.226],[-51.931,-14.217],[-51.925,-14.189],[-51.88,-14.14],[-51.834,-14.042],[-51.843,-14.021],[-51.912,-13.987],[-51.949,-13.978],[-52.009,-13.977],[-52.022,-13.958],[-52.087,-13.925],[-52.061,-13.883],[-52.064,-13.867],[-52.038,-13.832],[-52.042,-13.758],[-52.073,-13.752],[-52.111,-13.72],[-52.146,-13.707],[-52.197,-13.704],[-52.217,-13.716],[-52.418,-13.667],[-52.611,-13.658],[-53.101,-13.635],[-53.114,-13.73],[-53.094,-13.748],[-53.092,-13.781],[-53.053,-13.815],[-53.024,-13.921],[-53.0,-13.944],[-52.989,-14.005],[-53.033,-14.031],[-53.019,-14.086],[-53.039,-14.104],[-53.014,-14.147],[-53.013,-14.17],[-52.985,-14.198],[-52.972,-14.232],[-52.93,-14.255]]]}},{"type":"Feature","properties":{"code":"5100508"},"geometry":{"type":"Polygon","coordinates":[[[-56.819,-15.145],[-56.792,-15.123],[-56.708,-14.981],[-56.66,-14.922],[-56.582,-14.85],[-56.519,-14.809],[-56.498,-14.79],[-56.443,-14.764],[-56.424,-14.743],[-56.451,-14.737],[-56.457,-14.682],[-56.478,-14.664],[-56.527,-14.669],[-56.456,-14.576],[-56.399,-14.536],[-56.388,-14.486],[-56.408,-14.464],[-56.446,-14.457],[-56.488,-14.47],[-56.49,-14.444],[-56.553,-14.393],[-56.544,-14.452],[-56.572,-14.472],[-56.645,-14.499],[-56.663,-14.563],[-56.658,-14.577],[-56.684,-14.612],[-56.726,-14.649],[-56.742,-14.694],[-56.758,-14.698],[-56.761,-14.74],[-56.802,-14.761],[-56.839,-14.83],[-56.857,-14.827],[-56.869,-14.871],[-56.927,-14.937],[-56.932,-14.96],[-56.959,-14.972],[-56.96,-15.029],[-56.924,-15.01],[-56.859,-15.013],[-56.855,-15.043],[-56.806,-15.105],[-56.819,-15.145]]]}},{"type":"Feature","properties":{"code":"5100607"},"geometry":{"type":"Polygon","coordinates":[[[-53.072,-18.034],[-53.065,-17.988],[-53.071,-17.966],[-53.105,-17.928],[-53.125,-17.918],[-53.132,-17.842],[-53.157,-17.797],[-53.16,-17.775],[-53.202,-17.726],[-53.234,-17.713],[-53.248,-17.627],[-53.24,-17.6],[-53.242,-17.504],[-53.292,-17.552],[-53.334,-17.574],[-53.37,-17.643],[-53.391,-17.709],[-53.459,-17.683],[-53.491,-17.649],[-53.535,-17.649],[-53.549,-17.666],[-53.527,-17.697],[-53.544,-17.738],[-53.563,-17.759],[-53.568,-17.828],[-53.562,-17.856],[-53.624,-17.876],[-53.629,-17.903],[-53.606,-17.932],[-53.569,-17.927],[-53.547,-17.944],[-53.516,-17.916],[-53.495,-17.937],[-53.494,-17.96],[-53.415,-17.946],[-53.404,-17.993],[-53.381,-18.009],[-53.336,-18.007],[-53.292,-17.996],[-53.238,-18.007],[-53.199,-18.02],[-53.174,-18.042],[-53.072,-18.034]]]}},{"type":"Feature","properties":{"code":"5108600"},"geometry":{"type":"Polygon","coordinates":[[[-51.153,-10.254],[-51.11,-10.268],[-51.022,-10.233],[-50.982,-10.208],[-50.943,-10.232],[-50.936,-10.264],[-50.881,-10.277],[-50.862,-10.266],[-50.816,-10.277],[-50.79,-10.266],[-50.752,-10.282],[-50.72,-10.306],[-50.7,-10.295],[-50.64,-10.3],[-50.609,-10.318],[-50.57,-10.325],[-50.594,-10.26],[-50.614,-10.257],[-50.656,-10.203],[-50.609,-10.076],[-50.77,-9.995],[-50.781,-9.94],[-50.803,-9.923],[-50.823,-9.873],[-50.844,-9.867],[-50.846,-9.801],[-51.304,-9.773],[-51.724,-9.745],[-52.257,-9.708],[-52.228,-9.729],[-52.218,-9.763],[-52.263,-9.762],[-52.25,-9.79],[-52.191,-9.798],[-52.19,-9.834],[-52.204,-9.851],[-52.242,-9.847],[-52.226,-9.887],[-52.224,-9.948],[-52.208,-9.985],[-52.213,-10.016],[-52.186,-10.027],[-52.154,-10.004],[-52.135,-10.035],[-52.103,-10.055],[-52.093,-10.085],[-52.066,-10.098],[-52.022,-10.077],[-52.007,-10.092],[-51.978,-10.075],[-51.95,-10.096],[-51.916,-10.104],[-51.897,-10.096],[-51.858,-10.109],[-51.825,-10.105],[-51.753,-10.118],[-51.736,-10.075],[-51.673,-10.076],[-51.669,-10.101],[-51.625,-10.108],[-51.587,-10.15],[-51.564,-10.151],[-51.523,-10.121],[-51.447,-10.133],[-51.403,-10.174],[-51.366,-10.168],[-51.365,-10.207],[-51.338,-10.236],[-51.3,-10.251],[-51.242,-10.223],[-51.153,-10.254]]]}},{"type":"Feature","properties":{"code":"5100409"},"geometry":{"type":"Polygon","coordinates":[[[-53.683,-17.226],[-53.562,-17.25],[-53.353,-16.991],[-53.264,-16.92],[-53.289,-16.893],[-53.309,-16.892],[-53.326,-16.867],[-53.362,-16.853],[-53.197,-16.642],[-53.179,-16.605],[-53.147,-16.586],[-53.166,-16.537],[-53.205,-16.493],[-53.211,-16.456],[-53.245,-16.477],[-53.297,-16.45],[-53.297,-16.473],[-53.365,-16.483],[-53.385,-16.522],[-53.428,-16.56],[-53.41,-16.59],[-53.42,-16.605],[-53.41,-16.642],[-53.416,-16.68],[-53.461,-16.683],[-53.498,-16.669],[-53.569,-16.698],[-53.583,-16.72],[-53.61,-16.729],[-53.67,-16.72],[-53.716,-16.732],[-53.729,-16.762],[-53.757,-16.779],[-53.821,-16.799],[-53.862,-16.758],[-53.883,-16.769],[-53.892,-16.803],[-53.941,-16.826],[-54.007,-16.89],[-54.001,-16.916],[-54.017,-16.933],[-53.975,-16.975],[-53.982,-17.002],[-53.944,-17.056],[-53.929,-17.095],[-53.951,-17.14],[-53.919,-17.151],[-53.892,-17.131],[-53.849,-17.133],[-53.809,-17.147],[-53.778,-17.181],[-53.721,-17.189],[-53.683,-17.226]]]}},{"type":"Feature","properties":{"code":"5100359"},"geometry":{"type":"Polygon","coordinates":[[[-51.659,-11.966],[-51.651,-11.926],[-51.611,-11.925],[-51.551,-11.904],[-51.564,-11.866],[-51.476,-11.923],[-51.401,-11.867],[-51.381,-11.87],[-51.335,-11.847],[-51.338,-11.819],[-51.362,-11.808],[-51.369,-11.744],[-51.349,-11.726],[-51.284,-11.716],[-51.285,-11.669],[-51.267,-11.648],[-51.317,-11.641],[-51.316,-11.616],[-51.367,-11.64],[-51.39,-11.609],[-51.413,-11.605],[-51.45,-11.644],[-51.453,-11.677],[-51.593,-11.686],[-51.605,-11.699],[-51.722,-11.729],[-51.762,-11.715],[-51.985,-11.727],[-51.999,-11.778],[-52.026,-11.79],[-52.073,-11.776],[-52.107,-11.752],[-52.156,-11.747],[-52.182,-11.76],[-52.229,-11.819],[-52.25,-11.829],[-52.245,-11.881],[-52.221,-11.895],[-52.192,-11.946],[-52.128,-11.975],[-52.121,-11.988],[-52.099,-12.001],[-52.061,-11.995],[-51.968,-11.907],[-51.938,-11.89],[-51.84,-11.858],[-51.831,-11.86],[-51.729,-11.951],[-51.706,-11.964],[-51.659,-11.966]]]}},{"type":"Feature","properties":{"code":"5107958"},"geometry":{"type":"Polygon","coordinates":[[[-58.757,-14.594],[-58.752,-14.634],[-58.722,-14.653],[-58.676,-14.713],[-58.645,-14.784],[-58.619,-14.828],[-58.543,-14.747],[-58.519,-14.739],[-58.491,-14.686],[-58.48,-14.684],[-58.393,-14.71],[-58.404,-14.739],[-58.372,-14.752],[-58.362,-14.783],[-58.335,-14.8],[-58.298,-14.804],[-58.258,-14.775],[-58.228,-14.77],[-58.191,-14.725],[-58.154,-14.715],[-58.102,-14.746],[-58.01,-14.763],[-57.984,-14.793],[-57.969,-14.79],[-57.906,-14.831],[-57.898,-14.816],[-57.832,-14.85],[-57.809,-14.922],[-57.786,-14.951],[-57.735,-14.976],[-57.726,-14.958],[-57.748,-14.913],[-57.772,-14.895],[-57.764,-14.86],[-57.724,-14.785],[-57.663,-14.754],[-57.628,-14.768],[-57.614,-14.753],[-57.571,-14.747],[-57.543,-14.76],[-57.518,-14.733],[-57.472,-14.728],[-57.442,-14.74],[-57.41,-14.703],[-57.348,-14.687],[-57.297,-14.702],[-57.29,-14.681],[-57.238,-14.644],[-57.203,-14.643],[-57.169,-14.665],[-57.107,-14.626],[-57.111,-14.608],[-57.058,-14.587],[-57.042,-14.552],[-57.022,-14.558],[-56.967,-14.525],[-56.95,-14.503],[-57.016,-14.531],[-57.029,-14.514],[-57.073,-14.519],[-57.128,-14.559],[-57.175,-14.54],[-57.196,-14.549],[-57.227,-14.54],[-57.283,-14.556],[-57.325,-14.531],[-57.33,-14.496],[-57.35,-14.483],[-57.376,-14.505],[-57.407,-14.486],[-57.432,-14.494],[-57.456,-14.439],[-57.484,-14.452],[-57.504,-14.44],[-57.526,-14.467],[-57.557,-14.474],[-57.581,-14.506],[-57.596,-14.505],[-57.626,-14.544],[-57.669,-14.556],[-57.714,-14.493],[-57.699,-14.456],[-57.702,-14.419],[-57.72,-14.375],[-57.733,-14.303],[-57.735,-14.292],[-57.814,-14.303],[-57.835,-14.299],[-58.232,-14.386],[-58.219,-14.306],[-58.177,-14.256],[-58.144,-14.204],[-58.112,-14.18],[-58.087,-14.108],[-58.099,-14.063],[-58.089,-14.052],[-58.084,-14.0],[-58.51,-14.0],[-59.046,-14.0],[-59.038,-14.057],[-59.06,-14.086],[-59.071,-14.13],[-59.07,-14.173],[-59.092,-14.193],[-59.104,-14.23],[-59.091,-14.276],[-59.056,-14.316],[-59.056,-14.375],[-59.064,-14.383],[-59.072,-14.449],[-59.072,-14.525],[-59.05,-14.534],[-59.051,-14.59],[-59.037,-14.631],[-59.077,-14.659],[-59.108,-14.661],[-59.085,-14.665],[-59.053,-14.652],[-59.023,-14.625],[-58.962,-14.586],[-58.866,-14.599],[-58.774,-14.601],[-58.757,-14.594]]]}},{"type":"Feature","properties":{"code":"5107941"},"geometry":{"type":"Polygon","coordinates":[[[-57.06,-11.359],[-57.03,-11.389],[-56.96,-11.384],[-56.94,-11.391],[-56.895,-11.369],[-56.899,-11.416],[-56.892,-11.45],[-56.91,-11.487],[-56.854,-11.508],[-56.847,-11.497],[-56.793,-11.5],[-56.762,-11.492],[-56.758,-11.532],[-56.664,-11.522],[-56.579,-11.553],[-56.535,-11.562],[-56.433,-11.548],[-56.387,-11.556],[-56.351,-11.576],[-56.313,-11.584],[-56.24,-11.623],[-56.192,-11.64],[-56.13,-11.645],[-56.05,-11.628],[-55.965,-11.616],[-55.929,-11.609],[-55.862,-11.579],[-55.841,-11.557],[-55.827,-11.48],[-55.78,-11.446],[-55.785,-11.421],[-55.829,-11.356],[-55.836,-11.311],[-55.84,-11.288],[-55.877,-11.278],[-55.924,-11.244],[-55.958,-11.245],[-55.994,-11.232],[-56.006,-11.213],[-56.041,-11.204],[-56.074,-11.172],[-56.114,-11.174],[-56.321,-11.093],[-56.401,-11.1],[-56.437,-11.086],[-56.509,-11.095],[-56.532,-11.062],[-56.592,-11.025],[-56.591,-11.001],[-56.562,-10.969],[-56.571,-10.95],[-56.522,-10.909],[-56.5,-10.869],[-56.475,-10.864],[-56.436,-10.838],[-56.404,-10.8],[-56.412,-10.703],[-56.434,-10.683],[-56.469,-10.669],[-56.532,-10.634],[-56.559,-10.612],[-56.629,-10.597],[-56.666,-10.562],[-56.715,-10.492],[-56.749,-10.525],[-56.75,-10.54],[-56.782,-10.569],[-56.787,-10.629],[-56.799,-10.652],[-56.804,-10.71],[-56.82,-10.737],[-56.803,-10.782],[-56.782,-10.799],[-56.732,-10.866],[-56.738,-10.904],[-56.782,-10.961],[-56.787,-10.984],[-56.847,-10.972],[-56.849,-10.95],[-56.934,-10.942],[-56.972,-10.977],[-57.035,-10.974],[-57.075,-10.994],[-57.051,-11.015],[-57.026,-11.055],[-57.02,-11.141],[-57.064,-11.184],[-57.076,-11.211],[-57.051,-11.253],[-57.093,-11.283],[-57.115,-11.309],[-57.139,-11.318],[-57.138,-11.346],[-57.106,-11.357],[-57.07,-11.339],[-57.06,-11.359]]]}},{"type":"Feature","properties":{"code":"5107925"},"geometry":{"type":"Polygon","coordinates":[[[-55.769,-13.342],[-55.74,-13.361],[-55.689,-13.355],[-55.644,-13.379],[-55.616,-13.367],[-55.612,-13.337],[-55.587,-13.312],[-55.553,-13.326],[-55.501,-13.334],[-55.498,-13.366],[-55.468,-13.394],[-55.448,-13.374],[-55.427,-13.388],[-55.439,-13.423],[-55.404,-13.418],[-55.388,-13.402],[-55.356,-13.266],[-55.362,-13.223],[-55.352,-13.177],[-55.361,-13.153],[-55.339,-13.09],[-55.354,-13.06],[-55.362,-13.012],[-55.352,-12.995],[-55.439,-12.893],[-55.468,-12.819],[-55.452,-12.797],[-55.447,-12.772],[-55.486,-12.738],[-55.504,-12.685],[-55.559,-12.647],[-55.578,-12.592],[-55.579,-12.539],[-55.543,-12.503],[-55.523,-12.454],[-55.524,-12.418],[-55.549,-12.38],[-55.571,-12.325],[-55.564,-12.274],[-55.589,-12.266],[-55.584,-12.181],[-55.535,-12.178],[-55.521,-12.153],[-55.552,-12.124],[-55.578,-12.114],[-55.602,-12.062],[-55.598,-12.026],[-55.623,-11.986],[-55.653,-11.961],[-55.663,-11.927],[-55.658,-11.897],[-55.671,-11.879],[-55.712,-11.871],[-55.672,-11.841],[-55.675,-11.805],[-55.701,-11.78],[-55.709,-11.748],[-55.733,-11.726],[-55.772,-11.725],[-55.827,-11.752],[-55.824,-11.781],[-55.837,-11.84],[-55.877,-11.871],[-55.88,-11.954],[-55.909,-12.034],[-55.898,-12.078],[-55.903,-12.105],[-55.887,-12.14],[-55.903,-12.162],[-55.892,-12.203],[-55.918,-12.214],[-55.971,-12.298],[-56.017,-12.328],[-56.017,-12.367],[-56.061,-12.399],[-56.06,-12.429],[-56.094,-12.519],[-56.069,-12.568],[-56.111,-12.614],[-56.117,-12.638],[-56.042,-12.699],[-56.031,-12.766],[-56.001,-12.794],[-56.0,-12.83],[-55.986,-12.85],[-55.993,-12.873],[-55.948,-12.917],[-55.948,-12.93],[-55.906,-13.006],[-55.89,-13.046],[-55.881,-13.155],[-55.893,-13.192],[-55.877,-13.22],[-55.879,-13.257],[-55.85,-13.286],[-55.814,-13.299],[-55.8,-13.334],[-55.769,-13.342]]]}},{"type":"Feature","properties":{"code":"5108006"},"geometry":{"type":"Polygon","coordinates":[[[-56.502,-12.883],[-56.461,-12.901],[-56.418,-12.849],[-56.402,-12.889],[-56.379,-12.88],[-56.37,-12.844],[-56.344,-12.818],[-56.334,-12.777],[-56.269,-12.702],[-56.23,-12.691],[-56.18,-12.69],[-56.158,-12.655],[-56.117,-12.638],[-56.111,-12.614],[-56.069,-12.568],[-56.094,-12.519],[-56.06,-12.429],[-56.121,-12.428],[-56.121,-12.403],[-56.152,-12.405],[-56.19,-12.382],[-56.244,-12.441],[-56.253,-12.412],[-56.282,-12.365],[-56.33,-12.327],[-56.357,-12.266],[-56.415,-12.248],[-56.48,-12.322],[-56.513,-12.329],[-56.529,-12.348],[-56.567,-12.349],[-56.594,-12.336],[-56.627,-12.367],[-56.671,-12.323],[-56.686,-12.318],[-56.763,-12.342],[-56.789,-12.368],[-56.847,-12.372],[-56.908,-12.325],[-56.933,-12.289],[-56.956,-12.299],[-56.978,-12.309],[-56.965,-12.375],[-56.942,-12.427],[-56.953,-12.47],[-56.931,-12.534],[-56.931,-12.56],[-56.901,-12.563],[-56.894,-12.604],[-56.903,-12.63],[-56.845,-12.681],[-56.847,-12.7],[-56.828,-12.738],[-56.798,-12.76],[-56.799,-12.79],[-56.773,-12.835],[-56.735,-12.821],[-56.708,-12.847],[-56.654,-12.857],[-56.64,-12.87],[-56.582,-12.883],[-56.541,-12.876],[-56.502,-12.883]]]}},{"type":"Feature","properties":{"code":"5107800"},"geometry":{"type":"Polygon","coordinates":[[[-55.604,-17.367],[-55.603,-17.367],[-55.591,-17.352],[-55.531,-17.328],[-55.486,-17.35],[-55.469,-17.347],[-55.434,-17.371],[-55.42,-17.359],[-55.361,-17.36],[-55.354,-17.339],[-55.327,-17.336],[-55.28,-17.295],[-55.221,-17.268],[-55.148,-17.191],[-55.116,-17.185],[-55.079,-17.134],[-55.025,-17.103],[-54.989,-17.117],[-54.947,-17.108],[-54.934,-17.086],[-54.895,-17.074],[-54.922,-17.057],[-54.905,-17.016],[-54.932,-17.016],[-54.927,-16.96],[-54.932,-16.904],[-54.887,-16.836],[-54.903,-16.815],[-54.898,-16.777],[-54.943,-16.753],[-54.957,-16.685],[-54.993,-16.662],[-54.958,-16.625],[-54.958,-16.541],[-54.937,-16.535],[-54.971,-16.471],[-55.017,-16.513],[-55.048,-16.451],[-55.099,-16.44],[-55.117,-16.449],[-55.158,-16.442],[-55.141,-16.5],[-55.182,-16.527],[-55.254,-16.531],[-55.27,-16.523],[-55.285,-16.483],[-55.285,-16.483],[-55.293,-16.436],[-55.317,-16.421],[-55.381,-16.403],[-55.357,-16.374],[-55.363,-16.353],[-55.35,-16.317],[-55.416,-16.307],[-55.478,-16.313],[-55.519,-16.309],[-55.518,-16.26],[-55.508,-16.229],[-55.475,-16.18],[-55.438,-16.163],[-55.382,-16.11],[-55.37,-16.086],[-55.371,-16.04],[-55.393,-16.003],[-55.433,-15.966],[-55.42,-15.931],[-55.459,-15.947],[-55.507,-15.988],[-55.516,-15.975],[-55.482,-15.931],[-55.47,-15.903],[-55.484,-15.887],[-55.518,-15.907],[-55.567,-15.921],[-55.572,-15.871],[-55.548,-15.861],[-55.57,-15.776],[-55.534,-15.759],[-55.539,-15.737],[-55.619,-15.737],[-55.633,-15.715],[-55.671,-15.727],[-55.709,-15.705],[-55.893,-15.699],[-56.096,-15.768],[-56.146,-15.77],[-56.118,-15.803],[-56.096,-15.929],[-56.053,-15.977],[-56.044,-16.032],[-56.0,-16.093],[-55.955,-16.174],[-55.915,-16.126],[-55.889,-16.123],[-55.695,-16.298],[-55.66,-16.305],[-55.653,-16.321],[-55.597,-16.358],[-55.508,-16.374],[-55.494,-16.389],[-55.538,-16.781],[-55.577,-17.13],[-55.604,-17.367]]]}},{"type":"Feature","properties":{"code":"5107792"},"geometry":{"type":"Polygon","coordinates":[[[-53.777,-14.635],[-53.795,-14.671],[-53.82,-14.675],[-53.862,-14.703],[-53.911,-14.747],[-53.99,-14.785],[-54.018,-14.793],[-54.042,-14.819],[-54.093,-14.825],[-54.197,-14.825],[-54.163,-14.848],[-54.11,-14.859],[-54.101,-14.869],[-54.027,-14.898],[-54.0,-14.942],[-53.969,-14.975],[-53.933,-14.992],[-53.947,-15.039],[-53.946,-15.073],[-53.925,-15.083],[-53.87,-15.086],[-53.859,-15.105],[-53.797,-15.13],[-53.762,-15.121],[-53.734,-15.133],[-53.679,-15.076],[-53.633,-15.046],[-53.567,-14.961],[-53.522,-14.956],[-53.292,-14.863],[-53.359,-14.788],[-53.352,-14.757],[-53.371,-14.736],[-53.401,-14.726],[-53.378,-14.694],[-53.368,-14.639],[-53.352,-14.612],[-53.351,-14.579],[-53.388,-14.527],[-53.407,-14.482],[-53.444,-14.478],[-53.442,-14.444],[-53.467,-14.403],[-53.499,-14.441],[-53.551,-14.484],[-53.551,-14.512],[-53.597,-14.557],[-53.632,-14.568],[-53.698,-14.575],[-53.722,-14.613],[-53.777,-14.635]]]}},{"type":"Feature","properties":{"code":"5107909"},"geometry":{"type":"Polygon","coordinates":[[[-55.307,-12.09],[-55.409,-12.089],[-55.379,-12.048],[-55.391,-11.999],[-55.379,-11.968],[-55.331,-11.947],[-55.303,-11.914],[-55.272,-11.904],[-55.258,-11.864],[-55.199,-11.808],[-55.17,-11.813],[-55.121,-11.805],[-55.105,-11.788],[-55.101,-11.75],[-55.083,-11.734],[-55.067,-11.697],[-55.109,-11.683],[-55.13,-11.696],[-55.166,-11.671],[-55.285,-11.666],[-55.293,-11.59],[-55.31,-11.531],[-55.349,-11.51],[-55.413,-11.491],[-55.43,-11.455],[-55.424,-11.402],[-55.437,-11.373],[-55.463,-11.355],[-55.512,-11.405],[-55.579,-11.369],[-55.617,-11.321],[-55.671,-11.298],[-55.693,-11.299],[-55.753,-11.33],[-55.798,-11.309],[-55.836,-11.311],[-55.829,-11.356],[-55.785,-11.421],[-55.78,-11.446],[-55.814,-11.498],[-55.797,-11.525],[-55.769,-11.598],[-55.747,-11.605],[-55.754,-11.65],[-55.704,-11.653],[-55.711,-11.685],[-55.733,-11.726],[-55.709,-11.748],[-55.701,-11.78],[-55.675,-11.805],[-55.672,-11.841],[-55.712,-11.871],[-55.671,-11.879],[-55.658,-11.897],[-55.663,-11.927],[-55.653,-11.961],[-55.623,-11.986],[-55.598,-12.026],[-55.602,-12.062],[-55.578,-12.114],[-55.552,-12.124],[-55.521,-12.153],[-55.494,-12.147],[-55.446,-12.16],[-55.43,-12.15],[-55.392,-12.159],[-55.373,-12.187],[-55.307,-12.09]]]}},{"type":"Feature","properties":{"code":"5107883"},"geometry":{"type":"Polygon","coordinates":[[[-51.659,-11.966],[-51.603,-11.981],[-51.588,-12.018],[-51.563,-12.022],[-51.542,-12.06],[-51.472,-12.136],[-51.442,-12.151],[-51.422,-12.179],[-51.388,-12.203],[-51.397,-12.229],[-51.371,-12.275],[-51.367,-12.31],[-51.35,-12.331],[-51.324,-12.328],[-51.283,-12.347],[-51.31,-12.318],[-51.288,-12.247],[-51.309,-12.22],[-51.306,-12.171],[-51.239,-12.114],[-51.166,-12.097],[-51.116,-12.07],[-51.085,-12.084],[-51.134,-12.041],[-51.14,-12.022],[-51.197,-11.988],[-51.225,-11.986],[-51.296,-12.043],[-51.299,-12.017],[-51.263,-11.996],[-51.257,-11.975],[-51.211,-11.943],[-51.2,-11.925],[-51.183,-11.852],[-51.168,-11.83],[-51.135,-11.816],[-51.156,-11.789],[-51.201,-11.815],[-51.272,-11.82],[-51.335,-11.847],[-51.381,-11.87],[-51.401,-11.867],[-51.476,-11.923],[-51.564,-11.866],[-51.551,-11.904],[-51.611,-11.925],[-51.651,-11.926],[-51.659,-11.966]]]}},{"type":"Feature","properties":{"code":"5107875"},"geometry":{"type":"Polygon","coordinates":[[[-59.046,-14.0],[-58.51,-14.0],[-58.084,-14.0],[-58.077,-13.969],[-58.169,-13.961],[-58.237,-13.926],[-58.302,-13.849],[-58.317,-13.746],[-58.386,-13.585],[-58.408,-13.558],[-58.372,-13.518],[-58.377,-13.501],[-58.35,-13.462],[-58.333,-13.314],[-58.314,-13.285],[-58.283,-13.187],[-58.269,-13.109],[-58.282,-13.085],[-58.285,-12.976],[-58.279,-12.948],[-58.292,-12.93],[-58.351,-12.861],[-58.355,-12.824],[-58.383,-12.823],[-58.398,-12.799],[-58.397,-12.748],[-58.411,-12.698],[-58.414,-12.626],[-58.428,-12.61],[-58.447,-12.541],[-58.439,-12.503],[-58.459,-12.461],[-58.444,-12.438],[-58.466,-12.398],[-58.471,-12.361],[-58.491,-12.354],[-58.489,-12.301],[-58.506,-12.302],[-58.528,-12.275],[-58.475,-12.168],[-58.492,-12.124],[-58.487,-12.034],[-58.462,-11.989],[-58.466,-11.958],[-58.448,-11.922],[-58.5,-11.937],[-58.522,-11.989],[-58.561,-12.017],[-58.581,-12.012],[-58.611,-12.05],[-58.627,-12.045],[-58.673,-12.066],[-58.684,-12.095],[-58.737,-12.141],[-58.788,-12.158],[-58.838,-12.203],[-58.869,-12.213],[-58.876,-12.258],[-58.846,-12.335],[-58.863,-12.461],[-58.912,-12.501],[-58.908,-12.531],[-58.929,-12.566],[-58.925,-12.598],[-58.931,-12.642],[-58.929,-12.668],[-58.952,-12.71],[-58.948,-12.756],[-58.935,-12.784],[-58.93,-12.853],[-58.915,-12.917],[-58.928,-12.958],[-58.959,-12.99],[-58.967,-13.022],[-58.96,-13.126],[-59.003,-13.18],[-58.982,-13.193],[-58.995,-13.219],[-59.021,-13.209],[-59.037,-13.243],[-59.026,-13.274],[-59.033,-13.319],[-59.02,-13.336],[-59.017,-13.388],[-58.998,-13.444],[-59.03,-13.501],[-59.015,-13.511],[-59.036,-13.553],[-59.03,-13.6],[-59.006,-13.632],[-59.021,-13.652],[-59.0,-13.686],[-59.017,-13.712],[-58.991,-13.8],[-58.983,-13.856],[-59.001,-13.867],[-59.019,-13.94],[-59.046,-14.0]]]}},{"type":"Feature","properties":{"code":"5107859"},"geometry":{"type":"Polygon","coordinates":[[[-51.085,-12.084],[-51.074,-12.11],[-51.05,-12.125],[-51.008,-12.121],[-50.95,-12.085],[-50.894,-12.031],[-50.874,-12.0],[-50.842,-11.888],[-50.806,-11.815],[-50.776,-11.81],[-50.763,-11.785],[-50.724,-11.757],[-50.74,-11.74],[-50.717,-11.727],[-50.664,-11.678],[-50.657,-11.593],[-50.67,-11.582],[-50.716,-11.579],[-50.739,-11.544],[-50.735,-11.512],[-50.742,-11.46],[-50.728,-11.417],[-50.728,-11.383],[-50.712,-11.36],[-50.7,-11.313],[-50.7,-11.31],[-51.086,-11.248],[-51.519,-11.178],[-51.484,-11.211],[-51.487,-11.252],[-51.522,-11.273],[-51.561,-11.312],[-51.582,-11.357],[-51.627,-11.367],[-51.632,-11.421],[-51.661,-11.461],[-51.715,-11.466],[-51.753,-11.486],[-51.79,-11.518],[-51.852,-11.507],[-51.924,-11.519],[-51.956,-11.495],[-51.966,-11.472],[-52.02,-11.402],[-52.034,-11.364],[-52.025,-11.313],[-52.045,-11.28],[-52.076,-11.273],[-52.106,-11.249],[-52.118,-11.222],[-52.11,-11.161],[-52.17,-11.118],[-52.195,-11.092],[-52.201,-11.065],[-52.223,-11.032],[-52.309,-11.055],[-52.386,-11.056],[-52.443,-11.098],[-52.455,-11.081],[-52.501,-11.095],[-52.535,-11.087],[-52.564,-11.068],[-52.641,-11.07],[-52.67,-11.081],[-52.708,-11.054],[-52.757,-11.044],[-52.791,-11.096],[-52.827,-11.106],[-52.871,-11.089],[-52.887,-11.051],[-52.908,-11.042],[-52.931,-10.955],[-52.994,-10.903],[-53.043,-10.893],[-53.1,-10.89],[-53.126,-10.857],[-53.123,-10.831],[-53.163,-10.859],[-53.194,-10.858],[-53.238,-10.871],[-53.299,-10.93],[-53.318,-10.958],[-53.316,-11.0],[-53.285,-11.038],[-53.285,-11.083],[-53.267,-11.091],[-53.242,-11.148],[-53.245,-11.211],[-53.224,-11.267],[-53.171,-11.337],[-53.12,-11.379],[-53.085,-11.462],[-53.063,-11.454],[-53.037,-11.501],[-53.007,-11.538],[-52.987,-11.52],[-52.96,-11.568],[-52.859,-11.603],[-52.804,-11.607],[-52.749,-11.647],[-52.721,-11.637],[-52.711,-11.657],[-52.679,-11.674],[-52.643,-11.679],[-52.583,-11.705],[-52.574,-11.682],[-52.544,-11.671],[-52.518,-11.707],[-52.505,-11.688],[-52.436,-11.701],[-52.41,-11.717],[-52.387,-11.714],[-52.322,-11.77],[-52.276,-11.779],[-52.25,-11.829],[-52.229,-11.819],[-52.182,-11.76],[-52.156,-11.747],[-52.107,-11.752],[-52.073,-11.776],[-52.026,-11.79],[-51.999,-11.778],[-51.985,-11.727],[-51.762,-11.715],[-51.722,-11.729],[-51.605,-11.699],[-51.593,-11.686],[-51.453,-11.677],[-51.45,-11.644],[-51.413,-11.605],[-51.39,-11.609],[-51.367,-11.64],[-51.316,-11.616],[-51.317,-11.641],[-51.267,-11.648],[-51.285,-11.669],[-51.284,-11.716],[-51.349,-11.726],[-51.369,-11.744],[-51.362,-11.808],[-51.338,-11.819],[-51.335,-11.847],[-51.272,-11.82],[-51.201,-11.815],[-51.156,-11.789],[-51.135,-11.816],[-51.168,-11.83],[-51.183,-11.852],[-51.2,-11.925],[-51.211,-11.943],[-51.257,-11.975],[-51.263,-11.996],[-51.299,-12.017],[-51.296,-12.043],[-51.225,-11.986],[-51.197,-11.988],[-51.14,-12.022],[-51.134,-12.041],[-51.085,-12.084]]]}},{"type":"Feature","properties":{"code":"5108204"},"geometry":{"type":"Polygon","coordinates":[[[-53.166,-16.537],[-53.133,-16.541],[-53.093,-16.53],[-53.08,-16.546],[-53.035,-16.558],[-52.98,-16.554],[-52.941,-16.566],[-52.894,-16.526],[-52.837,-16.456],[-52.778,-16.435],[-52.767,-16.411],[-52.781,-16.384],[-52.725,-16.312],[-52.681,-16.302],[-52.659,-16.281],[-52.625,-16.287],[-52.611,-16.272],[-52.546,-16.26],[-52.569,-16.234],[-52.545,-16.223],[-52.549,-16.165],[-52.472,-16.127],[-52.487,-16.091],[-52.559,-16.072],[-52.58,-16.096],[-52.617,-16.117],[-52.651,-16.109],[-52.669,-16.086],[-52.695,-16.098],[-52.716,-16.083],[-52.755,-16.092],[-52.806,-16.036],[-52.84,-16.035],[-52.891,-16.081],[-52.88,-16.101],[-52.897,-16.127],[-52.981,-16.133],[-52.978,-16.145],[-53.075,-16.195],[-53.101,-16.193],[-53.139,-16.221],[-53.168,-16.262],[-53.15,-16.345],[-53.148,-16.393],[-53.192,-16.418],[-53.211,-16.456],[-53.205,-16.493],[-53.166,-16.537]]]}},{"type":"Feature","properties":{"code":"5100102"},"geometry":{"type":"Polygon","coordinates":[[[-56.279,-15.34],[-56.277,-15.289],[-56.302,-15.254],[-56.275,-15.21],[-56.236,-15.197],[-56.123,-15.13],[-56.129,-15.097],[-56.174,-15.104],[-56.201,-15.085],[-56.21,-15.055],[-56.189,-15.034],[-56.208,-14.986],[-56.242,-14.976],[-56.272,-15.007],[-56.321,-15.039],[-56.372,-15.044],[-56.402,-15.065],[-56.432,-15.071],[-56.466,-15.097],[-56.45,-15.144],[-56.41,-15.162],[-56.392,-15.21],[-56.424,-15.214],[-56.451,-15.268],[-56.41,-15.364],[-56.39,-15.394],[-56.355,-15.412],[-56.279,-15.34]]]}},{"type":"Feature","properties":{"code":"5108055"},"geometry":{"type":"Polygon","coordinates":[[[-55.162,-10.723],[-55.111,-10.744],[-55.093,-10.718],[-54.996,-10.726],[-54.957,-10.717],[-54.936,-10.729],[-54.902,-10.718],[-54.883,-10.728],[-54.847,-10.708],[-54.819,-10.67],[-54.816,-10.636],[-54.798,-10.62],[-54.672,-10.594],[-54.673,-10.569],[-54.64,-10.537],[-54.655,-10.444],[-54.665,-10.43],[-54.721,-10.413],[-55.033,-10.303],[-55.154,-10.226],[-55.166,-10.218],[-55.168,-10.354],[-55.202,-10.38],[-55.227,-10.443],[-55.27,-10.488],[-55.281,-10.514],[-55.33,-10.502],[-55.308,-10.536],[-55.282,-10.541],[-55.24,-10.566],[-55.23,-10.601],[-55.193,-10.646],[-55.191,-10.665],[-55.158,-10.701],[-55.162,-10.723]]]}},{"type":"Feature","properties":{"code":"5108105"},"geometry":{"type":"Polygon","coordinates":[[[-53.804,-16.21],[-53.698,-16.187],[-53.672,-16.206],[-53.616,-16.228],[-53.605,-16.189],[-53.562,-16.123],[-53.54,-16.138],[-53.495,-16.143],[-53.459,-16.177],[-53.446,-16.21],[-53.392,-16.268],[-53.359,-16.277],[-53.347,-16.258],[-53.365,-16.239],[-53.295,-16.197],[-53.309,-16.117],[-53.291,-16.076],[-53.243,-16.012],[-53.202,-15.999],[-53.163,-15.999],[-53.145,-15.981],[-53.091,-15.956],[-53.057,-15.96],[-53.078,-15.91],[-53.068,-15.882],[-53.033,-15.86],[-53.027,-15.828],[-53.041,-15.738],[-53.095,-15.728],[-53.11,-15.745],[-53.154,-15.724],[-53.162,-15.696],[-53.192,-15.665],[-53.195,-15.638],[-53.242,-15.626],[-53.261,-15.594],[-53.312,-15.586],[-53.343,-15.59],[-53.364,-15.578],[-53.444,-15.573],[-53.496,-15.595],[-53.516,-15.64],[-53.566,-15.651],[-53.586,-15.688],[-53.63,-15.718],[-53.686,-15.724],[-53.752,-15.712],[-53.775,-15.72],[-53.768,-15.777],[-53.781,-15.815],[-53.748,-15.863],[-53.766,-15.885],[-53.784,-15.948],[-53.804,-15.958],[-53.812,-16.001],[-53.842,-16.01],[-53.879,-16.003],[-53.847,-16.059],[-53.812,-16.087],[-53.832,-16.119],[-53.855,-16.133],[-53.82,-16.166],[-53.804,-16.21]]]}},{"type":"Feature","properties":{"code":"5107404"},"geometry":{"type":"Polygon","coordinates":[[[-54.912,-15.983],[-54.946,-16.013],[-54.927,-16.056],[-54.891,-15.998],[-54.837,-16.011],[-54.785,-15.996],[-54.611,-15.981],[-54.588,-15.967],[-54.581,-15.935],[-54.562,-15.912],[-54.576,-15.882],[-54.67,-15.897],[-54.696,-15.889],[-54.746,-15.896],[-54.768,-15.918],[-54.863,-15.947],[-54.901,-15.951],[-54.912,-15.983]]]}},{"type":"Feature","properties":{"code":"5107305"},"geometry":{"type":"Polygon","coordinates":[[[-56.411,-13.838],[-56.401,-13.828],[-56.416,-13.761],[-56.383,-13.716],[-56.393,-13.671],[-56.425,-13.613],[-56.418,-13.588],[-56.507,-13.533],[-56.533,-13.497],[-56.545,-13.45],[-56.611,-13.4],[-56.615,-13.344],[-56.646,-13.282],[-56.644,-13.254],[-56.689,-13.193],[-56.69,-13.178],[-56.725,-13.119],[-56.741,-13.035],[-56.724,-13.026],[-56.74,-12.955],[-56.829,-13.043],[-56.834,-13.077],[-56.867,-13.128],[-56.871,-13.162],[-56.907,-13.208],[-56.952,-13.233],[-56.962,-13.292],[-56.989,-13.321],[-57.017,-13.367],[-57.023,-13.428],[-57.002,-13.479],[-56.995,-13.519],[-57.02,-13.558],[-57.068,-13.549],[-57.103,-13.579],[-57.141,-13.661],[-57.171,-13.67],[-57.191,-13.701],[-57.22,-13.704],[-57.253,-13.727],[-57.25,-13.748],[-57.281,-13.786],[-57.28,-13.808],[-57.327,-13.876],[-57.347,-13.888],[-57.212,-13.918],[-57.185,-13.877],[-57.154,-13.876],[-57.122,-13.856],[-57.06,-13.854],[-57.019,-13.824],[-57.008,-13.831],[-56.955,-13.79],[-56.931,-13.801],[-56.897,-13.793],[-56.865,-13.761],[-56.818,-13.745],[-56.781,-13.702],[-56.766,-13.664],[-56.742,-13.648],[-56.672,-13.697],[-56.667,-13.726],[-56.693,-13.758],[-56.696,-13.846],[-56.677,-13.872],[-56.615,-13.867],[-56.558,-13.894],[-56.53,-13.851],[-56.502,-13.86],[-56.454,-13.84],[-56.411,-13.838]]]}},{"type":"Feature","properties":{"code":"5107297"},"geometry":{"type":"Polygon","coordinates":[[[-54.189,-16.628],[-54.168,-16.506],[-54.209,-16.492],[-54.206,-16.45],[-54.22,-16.437],[-54.197,-16.405],[-54.166,-16.395],[-54.164,-16.37],[-54.206,-16.368],[-54.227,-16.323],[-54.267,-16.327],[-54.276,-16.345],[-54.309,-16.343],[-54.339,-16.325],[-54.335,-16.358],[-54.346,-16.383],[-54.332,-16.402],[-54.353,-16.426],[-54.356,-16.499],[-54.379,-16.518],[-54.345,-16.547],[-54.314,-16.597],[-54.266,-16.58],[-54.231,-16.613],[-54.189,-16.628]]]}},{"type":"Feature","properties":{"code":"5107354"},"geometry":{"type":"Polygon","coordinates":[[[-53.123,-10.831],[-53.126,-10.857],[-53.1,-10.89],[-53.043,-10.893],[-52.994,-10.903],[-52.931,-10.955],[-52.908,-11.042],[-52.887,-11.051],[-52.871,-11.089],[-52.827,-11.106],[-52.791,-11.096],[-52.757,-11.044],[-52.708,-11.054],[-52.67,-11.081],[-52.641,-11.07],[-52.564,-11.068],[-52.535,-11.087],[-52.501,-11.095],[-52.455,-11.081],[-52.443,-11.098],[-52.386,-11.056],[-52.309,-11.055],[-52.223,-11.032],[-52.211,-11.006],[-52.229,-10.988],[-52.189,-10.938],[-52.194,-10.893],[-52.182,-10.87],[-52.197,-10.827],[-52.173,-10.784],[-52.187,-10.752],[-52.172,-10.734],[-52.192,-10.711],[-52.205,-10.653],[-52.183,-10.602],[-52.196,-10.586],[-52.195,-10.547],[-52.18,-10.489],[-52.192,-10.46],[-52.197,-10.393],[-52.165,-10.36],[-52.168,-10.321],[-52.144,-10.271],[-52.175,-10.258],[-52.221,-10.274],[-52.237,-10.303],[-52.27,-10.31],[-52.316,-10.345],[-52.365,-10.326],[-52.382,-10.345],[-52.409,-10.35],[-52.423,-10.331],[-52.482,-10.324],[-52.502,-10.35],[-52.575,-10.348],[-52.659,-10.375],[-52.682,-10.371],[-52.736,-10.397],[-52.808,-10.378],[-52.869,-10.386],[-52.889,-10.4],[-52.909,-10.375],[-52.944,-10.357],[-52.952,-10.334],[-52.983,-10.316],[-53.021,-10.323],[-53.046,-10.364],[-53.066,-10.457],[-53.083,-10.5],[-53.086,-10.57],[-53.053,-10.586],[-53.052,-10.61],[-53.093,-10.653],[-53.084,-10.71],[-53.098,-10.778],[-53.123,-10.831]]]}},{"type":"Feature","properties":{"code":"5107701"},"geometry":{"type":"MultiPolygon","coordinates":[[[[-56.683,-15.479],[-56.652,-15.442],[-56.701,-15.408],[-56.745,-15.416],[-56.782,-15.395],[-56.866,-15.467],[-56.905,-15.517],[-56.821,-15.471],[-56.783,-15.515],[-56.743,-15.519],[-56.683,-15.479]]],[[[-56.981,-15.382],[-56.99,-15.408],[-56.975,-15.465],[-56.963,-15.528],[-56.937,-15.541],[-56.894,-15.469],[-56.745,-15.327],[-56.709,-15.282],[-56.685,-15.277],[-56.65,-15.232],[-56.61,-15.24],[-56.593,-15.226],[-56.541,-15.138],[-56.485,-15.119],[-56.45,-15.144],[-56.466,-15.097],[-56.432,-15.071],[-56.402,-15.065],[-56.372,-15.044],[-56.321,-15.039],[-56.272,-15.007],[-56.242,-14.976],[-55.943,-15.035],[-55.949,-15.003],[-56.015,-14.905],[-55.971,-14.874],[-55.952,-14.879],[-55.912,-14.866],[-55.86,-14.838],[-55.83,-14.86],[-55.77,-14.828],[-55.768,-14.787],[-55.744,-14.78],[-55.714,-14.75],[-55.681,-14.738],[-55.397,-14.568],[-55.375,-14.555],[-55.29,-14.608],[-55.233,-14.635],[-55.189,-14.637],[-55.159,-14.628],[-55.136,-14.574],[-55.073,-14.538],[-55.047,-14.544],[-55.02,-14.496],[-54.996,-14.479],[-54.998,-14.45],[-54.93,-14.419],[-54.914,-14.403],[-54.869,-14.382],[-54.866,-14.357],[-54.815,-14.294],[-54.809,-14.265],[-54.843,-14.255],[-54.85,-14.229],[-54.875,-14.211],[-54.94,-14.241],[-54.96,-14.221],[-54.984,-14.224],[-55.028,-14.25],[-55.069,-14.205],[-55.094,-14.214],[-55.119,-14.203],[-55.142,-14.222],[-55.163,-14.211],[-55.201,-14.218],[-55.241,-14.24],[-55.209,-14.245],[-55.222,-14.288],[-55.287,-14.302],[-55.309,-14.293],[-55.335,-14.326],[-55.391,-14.338],[-55.431,-14.322],[-55.437,-14.351],[-55.465,-14.341],[-55.499,-14.365],[-55.536,-14.406],[-55.607,-14.443],[-55.645,-14.442],[-55.695,-14.475],[-55.728,-14.459],[-55.745,-14.488],[-55.826,-14.515],[-55.855,-14.554],[-55.844,-14.564],[-55.839,-14.623],[-55.847,-14.648],[-55.902,-14.675],[-55.942,-14.682],[-56.015,-14.665],[-56.028,-14.681],[-56.101,-14.697],[-56.138,-14.652],[-56.172,-14.679],[-56.205,-14.668],[-56.25,-14.697],[-56.254,-14.732],[-56.298,-14.766],[-56.398,-14.755],[-56.424,-14.743],[-56.443,-14.764],[-56.498,-14.79],[-56.519,-14.809],[-56.582,-14.85],[-56.66,-14.922],[-56.708,-14.981],[-56.792,-15.123],[-56.819,-15.145],[-56.814,-15.158],[-56.851,-15.203],[-56.967,-15.359],[-56.981,-15.382]]]]}},{"type":"Feature","properties":{"code":"5107776"},"geometry":{"type":"Polygon","coordinates":[[[-51.153,-10.254],[-51.173,-10.274],[-51.225,-10.286],[-51.262,-10.359],[-51.267,-10.386],[-51.291,-10.413],[-51.334,-10.428],[-51.285,-10.464],[-51.263,-10.501],[-51.281,-10.517],[-51.294,-10.571],[-51.325,-10.581],[-51.305,-10.629],[-51.338,-10.621],[-51.372,-10.644],[-51.348,-10.727],[-51.355,-10.749],[-51.006,-10.764],[-50.98,-10.776],[-50.96,-10.755],[-50.915,-10.742],[-50.886,-10.711],[-50.837,-10.712],[-50.824,-10.675],[-50.775,-10.648],[-50.699,-10.651],[-50.696,-10.674],[-50.66,-10.672],[-50.636,-10.688],[-50.603,-10.661],[-50.603,-10.66],[-50.563,-10.611],[-50.541,-10.609],[-50.52,-10.562],[-50.517,-10.505],[-50.483,-10.49],[-50.487,-10.462],[-50.474,-10.405],[-50.448,-10.392],[-50.418,-10.355],[-50.423,-10.327],[-50.382,-10.212],[-50.398,-10.155],[-50.378,-10.111],[-50.34,-10.061],[-50.303,-10.035],[-50.278,-9.971],[-50.266,-9.913],[-50.225,-9.841],[-50.501,-9.824],[-50.846,-9.801],[-50.844,-9.867],[-50.823,-9.873],[-50.803,-9.923],[-50.781,-9.94],[-50.77,-9.995],[-50.609,-10.076],[-50.656,-10.203],[-50.614,-10.257],[-50.594,-10.26],[-50.57,-10.325],[-50.609,-10.318],[-50.64,-10.3],[-50.7,-10.295],[-50.72,-10.306],[-50.752,-10.282],[-50.79,-10.266],[-50.816,-10.277],[-50.862,-10.266],[-50.881,-10.277],[-50.936,-10.264],[-50.943,-10.232],[-50.982,-10.208],[-51.022,-10.233],[-51.11,-10.268],[-51.153,-10.254]]]}},{"type":"Feature","properties":{"code":"5107768"},"geometry":{"type":"Polygon","coordinates":[[[-54.875,-14.211],[-54.871,-14.168],[-54.891,-14.15],[-54.9,-14.109],[-54.927,-14.092],[-54.923,-14.043],[-54.91,-14.032],[-54.919,-14.0],[-54.911,-13.966],[-54.949,-13.954],[-54.975,-13.927],[-54.962,-13.895],[-54.973,-13.869],[-54.999,-13.851],[-55.009,-13.813],[-55.047,-13.779],[-55.046,-13.75],[-55.074,-13.741],[-55.099,-13.697],[-55.087,-13.662],[-55.105,-13.651],[-55.151,-13.653],[-55.178,-13.62],[-55.204,-13.611],[-55.254,-13.611],[-55.291,-13.591],[-55.293,-13.571],[-55.327,-13.564],[-55.34,-13.542],[-55.347,-13.481],[-55.375,-13.5],[-55.396,-13.494],[-55.392,-13.421],[-55.404,-13.418],[-55.439,-13.423],[-55.427,-13.388],[-55.448,-13.374],[-55.468,-13.394],[-55.498,-13.366],[-55.501,-13.334],[-55.553,-13.326],[-55.587,-13.312],[-55.612,-13.337],[-55.616,-13.367],[-55.644,-13.379],[-55.689,-13.355],[-55.74,-13.361],[-55.769,-13.342],[-55.74,-13.396],[-55.692,-13.414],[-55.669,-13.491],[-55.649,-13.507],[-55.645,-13.538],[-55.626,-13.563],[-55.602,-13.614],[-55.605,-13.695],[-55.565,-13.716],[-55.567,-13.745],[-55.541,-13.805],[-55.529,-13.814],[-55.524,-13.864],[-55.538,-13.904],[-55.513,-13.954],[-55.493,-13.963],[-55.476,-14.006],[-55.45,-14.034],[-55.431,-14.1],[-55.382,-14.144],[-55.358,-14.159],[-55.307,-14.243],[-55.241,-14.24],[-55.201,-14.218],[-55.163,-14.211],[-55.142,-14.222],[-55.119,-14.203],[-55.094,-14.214],[-55.069,-14.205],[-55.028,-14.25],[-54.984,-14.224],[-54.96,-14.221],[-54.94,-14.241],[-54.875,-14.211]]]}},{"type":"Feature","properties":{"code":"5107750"},"geometry":{"type":"Polygon","coordinates":[[[-57.961,-15.221],[-57.933,-15.237],[-57.837,-15.198],[-57.823,-15.142],[-57.742,-15.147],[-57.695,-15.132],[-57.677,-15.136],[-57.667,-15.114],[-57.689,-15.082],[-57.701,-15.027],[-57.731,-15.0],[-58.018,-15.0],[-58.037,-14.969],[-58.058,-14.957],[-58.06,-14.924],[-58.128,-14.89],[-58.236,-14.912],[-58.246,-14.873],[-58.236,-14.834],[-58.214,-14.8],[-58.228,-14.77],[-58.258,-14.775],[-58.298,-14.804],[-58.297,-14.834],[-58.336,-14.894],[-58.346,-14.919],[-58.326,-14.961],[-58.319,-15.042],[-58.31,-15.069],[-58.276,-15.104],[-58.253,-15.109],[-58.258,-15.151],[-58.247,-15.161],[-58.198,-15.162],[-58.136,-15.197],[-58.039,-15.192],[-58.018,-15.222],[-57.961,-15.221]]]}},{"type":"Feature","properties":{"code":"5107743"},"geometry":{"type":"Polygon","coordinates":[[[-52.066,-10.098],[-52.093,-10.085],[-52.103,-10.055],[-52.135,-10.035],[-52.154,-10.004],[-52.186,-10.027],[-52.213,-10.016],[-52.208,-9.985],[-52.224,-9.948],[-52.226,-9.887],[-52.242,-9.847],[-52.204,-9.851],[-52.19,-9.834],[-52.191,-9.798],[-52.25,-9.79],[-52.263,-9.762],[-52.218,-9.763],[-52.228,-9.729],[-52.257,-9.708],[-52.619,-9.682],[-52.63,-9.731],[-52.657,-9.782],[-52.71,-9.806],[-52.728,-9.803],[-52.776,-9.832],[-52.799,-9.88],[-52.827,-9.907],[-52.86,-9.922],[-52.888,-9.957],[-52.9,-9.997],[-52.919,-10.004],[-52.956,-10.043],[-52.979,-10.056],[-52.996,-10.084],[-53.003,-10.133],[-52.979,-10.17],[-52.978,-10.227],[-52.954,-10.274],[-52.959,-10.303],[-52.983,-10.316],[-52.952,-10.334],[-52.944,-10.357],[-52.909,-10.375],[-52.889,-10.4],[-52.869,-10.386],[-52.808,-10.378],[-52.736,-10.397],[-52.682,-10.371],[-52.659,-10.375],[-52.575,-10.348],[-52.502,-10.35],[-52.482,-10.324],[-52.423,-10.331],[-52.409,-10.35],[-52.382,-10.345],[-52.365,-10.326],[-52.316,-10.345],[-52.27,-10.31],[-52.237,-10.303],[-52.221,-10.274],[-52.175,-10.258],[-52.144,-10.271],[-52.131,-10.271],[-52.092,-10.214],[-52.063,-10.133],[-52.066,-10.098]]]}},{"type":"Feature","properties":{"code":"5107578"},"geometry":{"type":"Polygon","coordinates":[[[-61.001,-10.992],[-61.001,-10.988],[-60.46,-10.99],[-60.434,-10.932],[-60.449,-10.907],[-60.404,-10.852],[-60.43,-10.816],[-60.418,-10.783],[-60.396,-10.764],[-60.447,-10.714],[-60.484,-10.714],[-60.487,-10.696],[-60.522,-10.671],[-60.518,-10.64],[-60.538,-10.593],[-60.519,-10.568],[-60.536,-10.491],[-60.524,-10.471],[-60.559,-10.433],[-60.599,-10.412],[-60.602,-10.333],[-60.637,-10.293],[-60.627,-10.259],[-60.638,-10.244],[-60.627,-10.198],[-60.648,-10.152],[-60.644,-10.13],[-60.617,-10.106],[-60.617,-10.036],[-60.611,-10.011],[-60.635,-9.99],[-60.632,-9.959],[-60.684,-9.966],[-60.69,-9.934],[-60.658,-9.89],[-60.675,-9.839],[-60.697,-9.834],[-60.672,-9.795],[-60.681,-9.737],[-60.661,-9.718],[-60.639,-9.671],[-60.647,-9.637],[-60.678,-9.643],[-60.678,-9.672],[-60.702,-9.702],[-60.741,-9.702],[-60.788,-9.737],[-60.842,-9.764],[-60.877,-9.772],[-60.925,-9.838],[-60.909,-9.846],[-60.964,-9.89],[-60.985,-9.924],[-61.037,-9.973],[-61.061,-9.971],[-61.115,-9.989],[-61.136,-10.029],[-61.175,-10.021],[-61.212,-9.994],[-61.213,-9.972],[-61.248,-9.949],[-61.279,-9.966],[-61.279,-10.004],[-61.316,-10.024],[-61.364,-10.039],[-61.391,-10.015],[-61.43,-10.0],[-61.54,-10.0],[-61.556,-10.039],[-61.572,-10.046],[-61.601,-10.15],[-61.558,-10.182],[-61.574,-10.209],[-61.577,-10.249],[-61.53,-10.333],[-61.502,-10.354],[-61.503,-10.376],[-61.462,-10.42],[-61.481,-10.488],[-61.476,-10.608],[-61.484,-10.674],[-61.499,-10.699],[-61.476,-10.723],[-61.48,-10.788],[-61.505,-10.785],[-61.509,-10.832],[-61.525,-10.856],[-61.52,-10.919],[-61.53,-10.979],[-61.55,-10.986],[-61.429,-10.988],[-61.001,-10.992]]]}},{"type":"Feature","properties":{"code":"5107602"},"geometry":{"type":"Polygon","coordinates":[[[-54.583,-17.078],[-54.587,-16.756],[-54.599,-16.73],[-54.587,-16.672],[-54.547,-16.652],[-54.554,-16.61],[-54.522,-16.569],[-54.484,-16.575],[-54.453,-16.56],[-54.195,-16.66],[-54.189,-16.628],[-54.231,-16.613],[-54.266,-16.58],[-54.314,-16.597],[-54.345,-16.547],[-54.379,-16.518],[-54.356,-16.499],[-54.353,-16.426],[-54.332,-16.402],[-54.346,-16.383],[-54.335,-16.358],[-54.339,-16.325],[-54.389,-16.328],[-54.394,-16.299],[-54.416,-16.273],[-54.44,-16.276],[-54.464,-16.237],[-54.45,-16.192],[-54.421,-16.166],[-54.419,-16.143],[-54.46,-16.128],[-54.483,-16.104],[-54.479,-16.068],[-54.547,-16.09],[-54.596,-16.12],[-54.637,-16.13],[-54.676,-16.149],[-54.694,-16.172],[-54.719,-16.166],[-54.75,-16.189],[-54.79,-16.206],[-54.825,-16.262],[-54.871,-16.274],[-54.909,-16.269],[-54.909,-16.301],[-54.94,-16.331],[-54.935,-16.375],[-54.96,-16.411],[-54.978,-16.454],[-54.971,-16.471],[-54.937,-16.535],[-54.958,-16.541],[-54.958,-16.625],[-54.993,-16.662],[-54.957,-16.685],[-54.943,-16.753],[-54.898,-16.777],[-54.903,-16.815],[-54.887,-16.836],[-54.932,-16.904],[-54.927,-16.96],[-54.932,-17.016],[-54.905,-17.016],[-54.922,-17.057],[-54.895,-17.074],[-54.841,-17.073],[-54.724,-17.04],[-54.689,-17.083],[-54.646,-17.1],[-54.583,-17.078]]]}},{"type":"Feature","properties":{"code":"5107008"},"geometry":{"type":"Polygon","coordinates":[[[-54.339,-16.325],[-54.309,-16.343],[-54.276,-16.345],[-54.267,-16.327],[-54.227,-16.323],[-54.2,-16.309],[-54.15,-16.3],[-54.124,-16.318],[-54.095,-16.319],[-54.066,-16.334],[-54.028,-16.372],[-53.949,-16.356],[-53.952,-16.311],[-53.944,-16.267],[-53.924,-16.247],[-53.942,-16.207],[-53.888,-16.19],[-53.836,-16.192],[-53.804,-16.21],[-53.82,-16.166],[-53.855,-16.133],[-53.832,-16.119],[-53.812,-16.087],[-53.847,-16.059],[-53.879,-16.003],[-53.842,-16.01],[-53.812,-16.001],[-53.804,-15.958],[-53.784,-15.948],[-53.766,-15.885],[-53.802,-15.848],[-53.846,-15.834],[-53.89,-15.752],[-53.884,-15.723],[-53.913,-15.694],[-53.898,-15.671],[-53.938,-15.615],[-53.917,-15.586],[-53.91,-15.493],[-53.882,-15.485],[-53.843,-15.433],[-53.813,-15.409],[-53.805,-15.371],[-53.754,-15.362],[-53.733,-15.343],[-53.785,-15.308],[-53.795,-15.282],[-53.823,-15.261],[-53.874,-15.249],[-53.899,-15.261],[-53.96,-15.296],[-54.004,-15.306],[-54.035,-15.334],[-54.058,-15.391],[-54.033,-15.468],[-54.03,-15.542],[-54.048,-15.582],[-54.044,-15.616],[-54.115,-15.629],[-54.184,-15.676],[-54.194,-15.641],[-54.225,-15.645],[-54.221,-15.575],[-54.192,-15.562],[-54.204,-15.532],[-54.365,-15.598],[-54.402,-15.583],[-54.43,-15.56],[-54.416,-15.521],[-54.381,-15.496],[-54.358,-15.455],[-54.306,-15.438],[-54.282,-15.42],[-54.264,-15.338],[-54.322,-15.333],[-54.377,-15.37],[-54.41,-15.377],[-54.427,-15.412],[-54.467,-15.394],[-54.507,-15.402],[-54.564,-15.506],[-54.547,-15.553],[-54.575,-15.59],[-54.662,-15.625],[-54.636,-15.648],[-54.616,-15.719],[-54.567,-15.748],[-54.59,-15.778],[-54.627,-15.788],[-54.653,-15.808],[-54.696,-15.889],[-54.67,-15.897],[-54.576,-15.882],[-54.458,-15.922],[-54.439,-15.967],[-54.45,-16.007],[-54.474,-16.041],[-54.479,-16.068],[-54.483,-16.104],[-54.46,-16.128],[-54.419,-16.143],[-54.421,-16.166],[-54.45,-16.192],[-54.464,-16.237],[-54.44,-16.276],[-54.416,-16.273],[-54.394,-16.299],[-54.389,-16.328],[-54.339,-16.325]]]}},{"type":"Feature","properties":{"code":"5106802"},"geometry":{"type":"Polygon","coordinates":[[[-56.389,-12.185],[-56.313,-12.138],[-56.322,-12.118],[-56.258,-12.005],[-56.241,-11.954],[-56.214,-11.94],[-56.211,-11.918],[-56.153,-11.901],[-56.158,-11.858],[-56.099,-11.825],[-56.106,-11.8],[-56.099,-11.745],[-56.076,-11.722],[-56.072,-11.692],[-56.016,-11.669],[-55.999,-11.643],[-55.965,-11.616],[-56.05,-11.628],[-56.13,-11.645],[-56.192,-11.64],[-56.24,-11.623],[-56.313,-11.584],[-56.351,-11.576],[-56.387,-11.556],[-56.433,-11.548],[-56.535,-11.562],[-56.579,-11.553],[-56.664,-11.522],[-56.758,-11.532],[-56.762,-11.492],[-56.793,-11.5],[-56.847,-11.497],[-56.854,-11.508],[-56.91,-11.487],[-56.892,-11.45],[-56.899,-11.416],[-56.895,-11.369],[-56.94,-11.391],[-56.96,-11.384],[-57.03,-11.389],[-57.06,-11.359],[-57.057,-11.388],[-57.028,-11.41],[-57.043,-11.448],[-57.065,-11.435],[-57.125,-11.46],[-57.184,-11.429],[-57.213,-11.425],[-57.28,-11.502],[-57.326,-11.521],[-57.366,-11.524],[-57.408,-11.494],[-57.421,-11.533],[-57.443,-11.564],[-57.419,-11.61],[-57.391,-11.624],[-57.41,-11.655],[-57.394,-11.677],[-57.411,-11.701],[-57.406,-11.72],[-57.371,-11.709],[-57.369,-11.741],[-57.351,-11.772],[-57.315,-11.754],[-57.28,-11.777],[-57.237,-11.825],[-57.196,-11.846],[-57.188,-11.891],[-57.165,-11.936],[-57.145,-12.007],[-57.107,-11.998],[-57.064,-11.961],[-57.044,-11.971],[-56.98,-11.956],[-56.959,-11.96],[-56.906,-11.924],[-56.834,-11.926],[-56.787,-11.914],[-56.717,-11.976],[-56.689,-11.989],[-56.64,-11.99],[-56.635,-11.976],[-56.567,-11.961],[-56.55,-11.984],[-56.503,-11.981],[-56.461,-11.995],[-56.459,-12.026],[-56.407,-12.095],[-56.399,-12.161],[-56.389,-12.185]]]}},{"type":"Feature","properties":{"code":"5106778"},"geometry":{"type":"Polygon","coordinates":[[[-51.397,-11.024],[-51.365,-11.015],[-51.34,-10.989],[-51.323,-11.018],[-51.278,-11.006],[-51.246,-10.983],[-51.228,-10.946],[-51.203,-10.944],[-51.187,-10.922],[-51.164,-10.928],[-51.138,-10.899],[-51.072,-10.883],[-51.06,-10.837],[-51.035,-10.829],[-51.03,-10.784],[-51.006,-10.764],[-51.355,-10.749],[-51.817,-10.727],[-51.82,-10.696],[-51.837,-10.673],[-51.902,-10.647],[-51.941,-10.659],[-51.967,-10.612],[-51.966,-10.55],[-52.028,-10.539],[-52.056,-10.55],[-52.075,-10.538],[-52.114,-10.548],[-52.132,-10.516],[-52.18,-10.489],[-52.195,-10.547],[-52.196,-10.586],[-52.183,-10.602],[-52.205,-10.653],[-52.192,-10.711],[-52.172,-10.734],[-52.187,-10.752],[-52.173,-10.784],[-52.197,-10.827],[-52.182,-10.87],[-52.194,-10.893],[-52.189,-10.938],[-52.149,-10.978],[-52.112,-10.994],[-52.05,-10.995],[-52.031,-11.015],[-51.99,-11.021],[-51.891,-10.97],[-51.858,-10.947],[-51.833,-10.952],[-51.769,-10.937],[-51.744,-10.941],[-51.732,-10.967],[-51.702,-10.969],[-51.666,-10.995],[-51.63,-10.99],[-51.608,-11.004],[-51.571,-11.003],[-51.554,-11.039],[-51.442,-11.032],[-51.397,-11.024]]]}},{"type":"Feature","properties":{"code":"5106851"},"geometry":{"type":"Polygon","coordinates":[[[-56.981,-15.382],[-56.983,-15.356],[-57.007,-15.335],[-56.988,-15.309],[-56.967,-15.238],[-57.025,-15.227],[-57.061,-15.27],[-57.108,-15.254],[-57.138,-15.233],[-57.185,-15.26],[-57.236,-15.268],[-57.251,-15.293],[-57.23,-15.325],[-57.296,-15.336],[-57.295,-15.403],[-57.323,-15.422],[-57.321,-15.466],[-57.367,-15.485],[-57.378,-15.536],[-57.413,-15.532],[-57.449,-15.572],[-57.438,-15.607],[-57.462,-15.63],[-57.497,-15.647],[-57.485,-15.659],[-57.517,-15.717],[-57.514,-15.749],[-57.451,-15.755],[-57.406,-15.72],[-57.379,-15.714],[-57.349,-15.725],[-57.307,-15.778],[-57.312,-15.81],[-57.272,-15.833],[-57.251,-15.795],[-57.225,-15.851],[-57.223,-15.81],[-57.177,-15.775],[-57.175,-15.747],[-57.137,-15.692],[-57.136,-15.666],[-57.093,-15.584],[-57.069,-15.57],[-57.064,-15.538],[-57.042,-15.526],[-57.016,-15.485],[-56.975,-15.465],[-56.99,-15.408],[-56.981,-15.382]]]}},{"type":"Feature","properties":{"code":"5106828"},"geometry":{"type":"Polygon","coordinates":[[[-58.786,-16.308],[-58.796,-16.251],[-58.772,-16.215],[-58.761,-16.173],[-58.715,-16.142],[-58.704,-16.093],[-58.686,-16.071],[-58.695,-16.032],[-58.653,-16.014],[-58.631,-15.981],[-58.562,-15.949],[-58.508,-15.945],[-58.45,-15.92],[-58.391,-15.885],[-58.4,-15.866],[-58.431,-15.851],[-58.465,-15.85],[-58.462,-15.823],[-58.497,-15.802],[-58.506,-15.78],[-58.536,-15.764],[-58.56,-15.693],[-58.716,-15.689],[-58.739,-15.653],[-58.781,-15.641],[-58.8,-15.62],[-58.857,-15.6],[-58.896,-15.595],[-58.947,-15.573],[-59.008,-15.535],[-59.023,-15.498],[-59.088,-15.478],[-59.099,-15.5],[-59.117,-15.593],[-59.113,-15.613],[-59.138,-15.633],[-59.167,-15.635],[-59.155,-15.668],[-59.153,-15.724],[-59.164,-15.744],[-59.197,-15.765],[-59.288,-15.905],[-59.316,-15.959],[-59.352,-15.975],[-59.392,-16.006],[-59.401,-16.061],[-59.414,-16.069],[-59.488,-16.048],[-59.526,-16.071],[-59.519,-16.109],[-59.48,-16.122],[-59.473,-16.147],[-59.49,-16.172],[-59.465,-16.202],[-59.452,-16.268],[-59.469,-16.28],[-59.268,-16.288],[-58.786,-16.308]]]}},{"type":"Feature","properties":{"code":"5107206"},"geometry":{"type":"Polygon","coordinates":[[[-58.28,-15.184],[-58.258,-15.231],[-58.277,-15.285],[-58.261,-15.292],[-58.243,-15.334],[-58.221,-15.35],[-58.191,-15.387],[-58.126,-15.413],[-58.103,-15.406],[-58.089,-15.389],[-58.081,-15.332],[-58.031,-15.284],[-58.02,-15.262],[-57.966,-15.235],[-57.961,-15.221],[-58.018,-15.222],[-58.039,-15.192],[-58.136,-15.197],[-58.198,-15.162],[-58.247,-15.161],[-58.258,-15.151],[-58.28,-15.184]]]}},{"type":"Feature","properties":{"code":"5107198"},"geometry":{"type":"Polygon","coordinates":[[[-52.733,-16.586],[-52.703,-16.596],[-52.676,-16.585],[-52.626,-16.532],[-52.629,-16.518],[-52.606,-16.486],[-52.619,-16.446],[-52.641,-16.416],[-52.675,-16.412],[-52.693,-16.366],[-52.681,-16.302],[-52.725,-16.312],[-52.781,-16.384],[-52.767,-16.411],[-52.778,-16.435],[-52.837,-16.456],[-52.894,-16.526],[-52.941,-16.566],[-52.935,-16.614],[-52.891,-16.607],[-52.869,-16.619],[-52.767,-16.603],[-52.733,-16.586]]]}},{"type":"Feature","properties":{"code":"5107180"},"geometry":{"type":"Polygon","coordinates":[[[-51.381,-13.453],[-51.35,-13.427],[-51.347,-13.397],[-51.308,-13.366],[-51.342,-13.341],[-51.277,-13.307],[-51.263,-13.284],[-51.272,-13.245],[-51.224,-13.24],[-51.188,-13.197],[-51.173,-13.15],[-51.139,-13.134],[-51.142,-13.1],[-51.1,-13.079],[-51.125,-13.017],[-51.111,-12.962],[-51.085,-12.956],[-51.067,-12.929],[-51.027,-12.918],[-51.032,-12.889],[-51.008,-12.854],[-51.023,-12.813],[-50.975,-12.75],[-50.994,-12.725],[-50.966,-12.716],[-50.946,-12.693],[-50.924,-12.626],[-50.961,-12.562],[-50.949,-12.544],[-50.977,-12.527],[-50.993,-12.492],[-50.988,-12.441],[-50.977,-12.413],[-51.006,-12.392],[-51.042,-12.404],[-51.077,-12.435],[-51.13,-12.435],[-51.196,-12.434],[-51.251,-12.414],[-51.275,-12.398],[-51.33,-12.424],[-51.383,-12.461],[-51.538,-12.444],[-51.65,-12.471],[-51.648,-12.5],[-51.703,-12.536],[-51.743,-12.545],[-51.776,-12.536],[-51.817,-12.547],[-51.902,-12.502],[-51.9,-12.473],[-51.914,-12.444],[-51.916,-12.369],[-51.909,-12.35],[-51.928,-12.315],[-51.926,-12.277],[-51.958,-12.247],[-52.004,-12.309],[-52.044,-12.273],[-52.066,-12.288],[-52.061,-12.398],[-52.051,-12.449],[-52.055,-12.475],[-52.039,-12.509],[-52.06,-12.569],[-52.049,-12.589],[-52.062,-12.631],[-52.109,-12.661],[-52.106,-12.686],[-52.122,-12.713],[-52.114,-12.748],[-52.113,-12.828],[-52.135,-12.866],[-52.142,-12.906],[-52.131,-12.94],[-52.143,-12.972],[-52.139,-13.037],[-52.125,-13.107],[-52.036,-13.13],[-51.965,-13.181],[-51.956,-13.205],[-51.93,-13.216],[-51.931,-13.25],[-51.914,-13.263],[-51.915,-13.302],[-51.902,-13.323],[-51.905,-13.371],[-51.888,-13.391],[-51.912,-13.427],[-51.906,-13.462],[-51.87,-13.497],[-51.843,-13.447],[-51.817,-13.424],[-51.79,-13.43],[-51.728,-13.418],[-51.697,-13.427],[-51.646,-13.383],[-51.576,-13.355],[-51.545,-13.364],[-51.523,-13.404],[-51.436,-13.427],[-51.381,-13.453]]]}},{"type":"Feature","properties":{"code":"5107156"},"geometry":{"type":"Polygon","coordinates":[[[-58.722,-15.0],[-58.509,-15.0],[-58.505,-15.026],[-58.529,-15.05],[-58.522,-15.099],[-58.481,-15.102],[-58.426,-15.125],[-58.386,-15.125],[-58.361,-15.142],[-58.333,-15.142],[-58.318,-15.179],[-58.28,-15.184],[-58.258,-15.151],[-58.253,-15.109],[-58.276,-15.104],[-58.31,-15.069],[-58.319,-15.042],[-58.326,-14.961],[-58.346,-14.919],[-58.336,-14.894],[-58.297,-14.834],[-58.298,-14.804],[-58.335,-14.8],[-58.362,-14.783],[-58.372,-14.752],[-58.404,-14.739],[-58.393,-14.71],[-58.48,-14.684],[-58.491,-14.686],[-58.519,-14.739],[-58.543,-14.747],[-58.619,-14.828],[-58.624,-14.86],[-58.642,-14.878],[-58.642,-14.917],[-58.674,-14.963],[-58.717,-14.983],[-58.722,-15.0]]]}},{"type":"Feature","properties":{"code":"5107263"},"geometry":{"type":"Polygon","coordinates":[[[-57.72,-14.375],[-57.702,-14.419],[-57.699,-14.456],[-57.714,-14.493],[-57.669,-14.556],[-57.626,-14.544],[-57.596,-14.505],[-57.581,-14.506],[-57.557,-14.474],[-57.526,-14.467],[-57.504,-14.44],[-57.484,-14.452],[-57.456,-14.439],[-57.432,-14.494],[-57.407,-14.486],[-57.376,-14.505],[-57.35,-14.483],[-57.33,-14.496],[-57.325,-14.531],[-57.283,-14.556],[-57.227,-14.54],[-57.196,-14.549],[-57.175,-14.54],[-57.128,-14.559],[-57.073,-14.519],[-57.029,-14.514],[-57.016,-14.531],[-56.95,-14.503],[-56.949,-14.476],[-56.977,-14.436],[-57.016,-14.425],[-57.131,-14.413],[-57.148,-14.393],[-57.201,-14.413],[-57.242,-14.421],[-57.289,-14.419],[-57.295,-14.388],[-57.34,-14.356],[-57.356,-14.33],[-57.393,-14.351],[-57.436,-14.308],[-57.443,-14.34],[-57.509,-14.326],[-57.544,-14.362],[-57.558,-14.34],[-57.586,-14.38],[-57.617,-14.396],[-57.643,-14.377],[-57.657,-14.424],[-57.68,-14.393],[-57.72,-14.375]]]}},{"type":"Feature","properties":{"code":"5107248"},"geometry":{"type":"Polygon","coordinates":[[[-55.307,-12.09],[-55.288,-12.113],[-55.248,-12.123],[-55.225,-12.115],[-55.189,-12.128],[-55.141,-12.12],[-55.139,-12.161],[-55.126,-12.178],[-55.085,-12.181],[-55.056,-12.154],[-55.029,-12.164],[-55.033,-12.199],[-55.013,-12.245],[-54.985,-12.225],[-54.971,-12.194],[-54.973,-12.165],[-54.932,-12.13],[-54.887,-12.12],[-54.868,-12.125],[-54.802,-12.118],[-54.734,-12.091],[-54.708,-12.064],[-54.654,-12.07],[-54.602,-12.044],[-54.578,-12.043],[-54.486,-12.002],[-54.443,-12.009],[-54.401,-11.995],[-54.331,-11.936],[-54.286,-11.872],[-54.365,-11.882],[-54.424,-11.875],[-54.474,-11.885],[-54.501,-11.864],[-54.56,-11.862],[-54.579,-11.877],[-54.626,-11.882],[-54.602,-11.846],[-54.582,-11.841],[-54.566,-11.803],[-54.595,-11.779],[-54.584,-11.754],[-54.589,-11.727],[-54.577,-11.68],[-54.603,-11.685],[-54.641,-11.714],[-54.658,-11.708],[-54.672,-11.666],[-54.728,-11.649],[-54.767,-11.715],[-54.775,-11.759],[-54.756,-11.807],[-54.802,-11.81],[-54.818,-11.767],[-54.847,-11.736],[-54.862,-11.751],[-54.961,-11.692],[-54.97,-11.676],[-55.008,-11.669],[-55.067,-11.697],[-55.083,-11.734],[-55.101,-11.75],[-55.105,-11.788],[-55.121,-11.805],[-55.17,-11.813],[-55.199,-11.808],[-55.258,-11.864],[-55.272,-11.904],[-55.303,-11.914],[-55.331,-11.947],[-55.379,-11.968],[-55.391,-11.999],[-55.379,-12.048],[-55.409,-12.089],[-55.307,-12.09]]]}},{"type":"Feature","properties":{"code":"5107065"},"geometry":{"type":"Polygon","coordinates":[[[-52.125,-13.107],[-52.139,-13.037],[-52.143,-12.972],[-52.131,-12.94],[-52.142,-12.906],[-52.135,-12.866],[-52.113,-12.828],[-52.114,-12.748],[-52.122,-12.713],[-52.106,-12.686],[-52.109,-12.661],[-52.062,-12.631],[-52.049,-12.589],[-52.06,-12.569],[-52.039,-12.509],[-52.055,-12.475],[-52.051,-12.449],[-52.061,-12.398],[-52.066,-12.288],[-52.15,-12.251],[-52.168,-12.203],[-52.16,-12.145],[-52.149,-12.139],[-52.138,-12.092],[-52.108,-12.026],[-52.121,-11.988],[-52.128,-11.975],[-52.192,-11.946],[-52.221,-11.895],[-52.245,-11.881],[-52.25,-11.829],[-52.276,-11.779],[-52.322,-11.77],[-52.387,-11.714],[-52.41,-11.717],[-52.436,-11.701],[-52.505,-11.688],[-52.518,-11.707],[-52.544,-11.671],[-52.574,-11.682],[-52.583,-11.705],[-52.643,-11.679],[-52.679,-11.674],[-52.711,-11.657],[-52.721,-11.637],[-52.749,-11.647],[-52.804,-11.607],[-52.859,-11.603],[-52.96,-11.568],[-52.987,-11.52],[-53.007,-11.538],[-53.037,-11.501],[-53.063,-11.454],[-53.085,-11.462],[-53.12,-11.379],[-53.171,-11.337],[-53.224,-11.267],[-53.245,-11.211],[-53.26,-11.229],[-53.251,-11.264],[-53.311,-11.312],[-53.326,-11.336],[-53.378,-11.391],[-53.4,-11.436],[-53.439,-11.432],[-53.442,-11.465],[-53.469,-11.5],[-53.485,-11.505],[-53.517,-11.544],[-53.547,-11.568],[-53.541,-11.598],[-53.572,-11.616],[-53.57,-11.654],[-53.608,-11.744],[-53.587,-11.825],[-53.587,-11.86],[-53.547,-11.937],[-53.487,-11.949],[-53.481,-11.981],[-53.451,-11.976],[-53.388,-12.042],[-53.361,-12.053],[-53.362,-12.082],[-53.342,-12.097],[-53.343,-12.138],[-53.31,-12.155],[-53.3,-12.201],[-53.307,-12.229],[-53.26,-12.229],[-53.228,-12.267],[-53.191,-12.264],[-53.191,-12.308],[-53.162,-12.325],[-53.101,-12.376],[-53.112,-12.395],[-53.106,-12.434],[-53.019,-12.51],[-53.021,-12.541],[-52.986,-12.529],[-52.945,-12.585],[-52.925,-12.603],[-52.875,-12.623],[-52.856,-12.614],[-52.767,-12.652],[-52.752,-12.639],[-52.713,-12.658],[-52.643,-12.67],[-52.616,-12.69],[-52.594,-12.723],[-52.57,-12.728],[-52.532,-12.713],[-52.5,-12.729],[-52.494,-12.761],[-52.506,-12.793],[-52.493,-12.824],[-52.468,-12.839],[-52.484,-12.903],[-52.468,-12.921],[-52.474,-12.963],[-52.46,-12.987],[-52.462,-13.019],[-52.449,-13.052],[-52.418,-13.071],[-52.41,-13.112],[-52.383,-13.152],[-52.358,-13.154],[-52.349,-13.186],[-52.328,-13.21],[-52.299,-13.21],[-52.28,-13.241],[-52.191,-13.181],[-52.165,-13.183],[-52.14,-13.15],[-52.142,-13.125],[-52.125,-13.107]]]}},{"type":"Feature","properties":{"code":"5107040"},"geometry":{"type":"Polygon","coordinates":[[[-54.507,-15.402],[-54.467,-15.394],[-54.427,-15.412],[-54.41,-15.377],[-54.377,-15.37],[-54.322,-15.333],[-54.264,-15.338],[-54.282,-15.42],[-54.306,-15.438],[-54.358,-15.455],[-54.381,-15.496],[-54.416,-15.521],[-54.43,-15.56],[-54.402,-15.583],[-54.365,-15.598],[-54.204,-15.532],[-54.192,-15.562],[-54.221,-15.575],[-54.225,-15.645],[-54.194,-15.641],[-54.184,-15.676],[-54.115,-15.629],[-54.044,-15.616],[-54.048,-15.582],[-54.03,-15.542],[-54.033,-15.468],[-54.058,-15.391],[-54.035,-15.334],[-54.004,-15.306],[-53.96,-15.296],[-53.899,-15.261],[-53.944,-15.243],[-53.927,-15.183],[-53.94,-15.167],[-53.941,-15.11],[-53.925,-15.083],[-53.946,-15.073],[-53.947,-15.039],[-53.933,-14.992],[-53.969,-14.975],[-54.0,-14.942],[-54.027,-14.898],[-54.101,-14.869],[-54.11,-14.859],[-54.163,-14.848],[-54.197,-14.825],[-54.093,-14.825],[-54.042,-14.819],[-54.018,-14.793],[-53.99,-14.785],[-53.911,-14.747],[-53.862,-14.703],[-53.82,-14.675],[-53.795,-14.671],[-53.777,-14.635],[-53.849,-14.617],[-53.924,-14.635],[-53.961,-14.604],[-54.134,-14.628],[-54.145,-14.644],[-54.184,-14.653],[-54.201,-14.689],[-54.337,-14.733],[-54.402,-14.764],[-54.43,-14.76],[-54.506,-14.784],[-54.528,-14.78],[-54.515,-14.793],[-54.497,-14.842],[-54.498,-14.863],[-54.648,-14.916],[-54.697,-14.953],[-54.667,-14.958],[-54.62,-14.981],[-54.567,-14.968],[-54.504,-15.036],[-54.455,-15.046],[-54.441,-15.065],[-54.443,-15.102],[-54.495,-15.137],[-54.456,-15.206],[-54.526,-15.239],[-54.487,-15.256],[-54.521,-15.284],[-54.55,-15.331],[-54.552,-15.366],[-54.507,-15.402]]]}},{"type":"Feature","properties":{"code":"5107107"},"geometry":{"type":"Polygon","coordinates":[[[-58.247,-15.709],[-58.215,-15.696],[-58.175,-15.713],[-58.158,-15.695],[-58.018,-15.359],[-58.051,-15.361],[-58.103,-15.406],[-58.126,-15.413],[-58.191,-15.387],[-58.221,-15.35],[-58.288,-15.525],[-58.484,-15.515],[-58.581,-15.51],[-58.582,-15.568],[-58.556,-15.586],[-58.569,-15.643],[-58.55,-15.673],[-58.56,-15.693],[-58.313,-15.702],[-58.247,-15.709]]]}},{"type":"Feature","properties":{"code":"5106422"},"geometry":{"type":"Polygon","coordinates":[[[-54.608,-10.593],[-54.554,-10.607],[-54.523,-10.571],[-54.483,-10.567],[-54.429,-10.543],[-54.398,-10.493],[-54.351,-10.455],[-54.289,-10.455],[-54.246,-10.433],[-54.2,-10.444],[-54.078,-10.45],[-54.037,-10.496],[-53.973,-10.518],[-53.925,-10.565],[-53.864,-10.563],[-53.788,-10.539],[-53.737,-10.54],[-53.659,-10.516],[-53.319,-10.643],[-53.127,-10.774],[-53.098,-10.778],[-53.084,-10.71],[-53.093,-10.653],[-53.052,-10.61],[-53.053,-10.586],[-53.086,-10.57],[-53.083,-10.5],[-53.066,-10.457],[-53.046,-10.364],[-53.021,-10.323],[-52.983,-10.316],[-52.959,-10.303],[-52.954,-10.274],[-52.978,-10.227],[-52.979,-10.17],[-53.003,-10.133],[-52.996,-10.084],[-52.979,-10.056],[-52.956,-10.043],[-52.919,-10.004],[-52.9,-9.997],[-52.888,-9.957],[-52.86,-9.922],[-52.827,-9.907],[-52.799,-9.88],[-52.776,-9.832],[-52.728,-9.803],[-52.71,-9.806],[-52.657,-9.782],[-52.63,-9.731],[-52.619,-9.682],[-53.133,-9.645],[-53.589,-9.611],[-53.61,-9.626],[-53.6,-9.649],[-53.639,-9.658],[-53.659,-9.681],[-53.761,-9.71],[-53.752,-9.743],[-53.783,-9.769],[-53.805,-9.802],[-53.835,-9.804],[-53.839,-9.841],[-53.866,-9.838],[-53.944,-9.851],[-53.959,-9.886],[-53.975,-9.889],[-54.005,-9.975],[-54.02,-9.991],[-54.057,-9.998],[-54.07,-10.04],[-54.113,-10.095],[-54.09,-10.189],[-54.064,-10.2],[-54.062,-10.233],[-54.082,-10.249],[-54.144,-10.238],[-54.245,-10.258],[-54.269,-10.242],[-54.341,-10.284],[-54.362,-10.326],[-54.431,-10.324],[-54.525,-10.39],[-54.547,-10.372],[-54.655,-10.354],[-54.857,-10.24],[-54.896,-10.234],[-54.916,-10.248],[-54.952,-10.211],[-54.965,-10.222],[-54.986,-10.175],[-54.977,-10.144],[-55.001,-10.136],[-55.01,-10.167],[-55.036,-10.157],[-55.056,-10.13],[-55.079,-10.158],[-55.101,-10.153],[-55.147,-10.198],[-55.154,-10.226],[-55.033,-10.303],[-54.721,-10.413],[-54.665,-10.43],[-54.655,-10.444],[-54.64,-10.537],[-54.605,-10.567],[-54.608,-10.593]]]}},{"type":"Feature","properties":{"code":"5106455"},"geometry":{"type":"Polygon","coordinates":[[[-54.93,-14.419],[-54.901,-14.473],[-54.903,-14.495],[-54.929,-14.544],[-54.907,-14.652],[-54.927,-14.689],[-54.916,-14.714],[-54.95,-14.737],[-54.924,-14.794],[-54.856,-14.782],[-54.825,-14.796],[-54.747,-14.796],[-54.695,-14.78],[-54.678,-14.761],[-54.625,-14.736],[-54.607,-14.778],[-54.584,-14.791],[-54.528,-14.78],[-54.506,-14.784],[-54.43,-14.76],[-54.402,-14.764],[-54.337,-14.733],[-54.331,-14.64],[-54.376,-14.629],[-54.397,-14.586],[-54.389,-14.559],[-54.399,-14.532],[-54.446,-14.51],[-54.45,-14.485],[-54.55,-14.476],[-54.606,-14.396],[-54.636,-14.406],[-54.681,-14.377],[-54.709,-14.32],[-54.772,-14.322],[-54.8,-14.28],[-54.815,-14.294],[-54.866,-14.357],[-54.869,-14.382],[-54.914,-14.403],[-54.93,-14.419]]]}},{"type":"Feature","properties":{"code":"5106307"},"geometry":{"type":"Polygon","coordinates":[[[-54.337,-14.733],[-54.201,-14.689],[-54.184,-14.653],[-54.145,-14.644],[-54.134,-14.628],[-53.961,-14.604],[-53.924,-14.635],[-53.849,-14.617],[-53.777,-14.635],[-53.722,-14.613],[-53.698,-14.575],[-53.632,-14.568],[-53.597,-14.557],[-53.551,-14.512],[-53.551,-14.484],[-53.499,-14.441],[-53.467,-14.403],[-53.452,-14.351],[-53.463,-14.315],[-53.455,-14.265],[-53.419,-14.23],[-53.4,-14.184],[-53.377,-14.166],[-53.366,-14.139],[-53.362,-14.087],[-53.346,-14.002],[-53.327,-14.003],[-53.316,-13.96],[-53.3,-13.958],[-53.282,-13.906],[-53.258,-13.882],[-53.249,-13.8],[-53.224,-13.775],[-53.251,-13.772],[-53.289,-13.746],[-53.286,-13.721],[-53.325,-13.711],[-53.353,-13.716],[-53.407,-13.682],[-53.42,-13.653],[-53.469,-13.653],[-53.507,-13.721],[-53.566,-13.762],[-53.613,-13.779],[-53.657,-13.76],[-53.7,-13.767],[-53.721,-13.732],[-53.699,-13.707],[-53.706,-13.675],[-53.652,-13.6],[-53.64,-13.572],[-53.649,-13.552],[-53.633,-13.508],[-53.639,-13.467],[-53.657,-13.46],[-53.683,-13.52],[-53.715,-13.564],[-53.755,-13.586],[-53.783,-13.59],[-53.816,-13.649],[-53.854,-13.689],[-53.85,-13.701],[-53.886,-13.732],[-53.917,-13.742],[-53.927,-13.777],[-53.96,-13.797],[-53.986,-13.788],[-54.019,-13.803],[-54.043,-13.796],[-54.071,-13.814],[-54.078,-13.722],[-54.087,-13.701],[-54.053,-13.656],[-54.047,-13.574],[-54.031,-13.535],[-54.036,-13.508],[-54.02,-13.43],[-54.025,-13.375],[-54.007,-13.328],[-54.007,-13.293],[-54.025,-13.246],[-54.01,-13.211],[-54.004,-13.127],[-53.983,-13.104],[-53.977,-13.066],[-53.996,-13.014],[-53.966,-12.973],[-53.936,-12.954],[-53.933,-12.914],[-53.897,-12.886],[-53.892,-12.843],[-53.864,-12.823],[-53.835,-12.781],[-53.846,-12.718],[-53.805,-12.662],[-53.794,-12.594],[-53.774,-12.55],[-53.795,-12.529],[-53.798,-12.471],[-53.773,-12.426],[-53.728,-12.402],[-53.718,-12.359],[-53.701,-12.355],[-53.645,-12.242],[-53.602,-12.212],[-53.593,-12.133],[-53.581,-12.107],[-53.554,-12.089],[-53.541,-12.037],[-53.523,-11.995],[-53.548,-11.949],[-53.601,-11.96],[-53.628,-11.978],[-53.657,-12.04],[-53.752,-12.068],[-53.782,-12.094],[-53.782,-12.107],[-53.818,-12.168],[-53.881,-12.233],[-53.902,-12.241],[-53.931,-12.217],[-53.969,-12.213],[-53.987,-12.25],[-54.059,-12.295],[-54.156,-12.392],[-54.156,-12.425],[-54.175,-12.437],[-54.176,-12.472],[-54.218,-12.535],[-54.299,-12.574],[-54.324,-12.646],[-54.321,-12.679],[-54.342,-12.718],[-54.346,-12.77],[-54.33,-12.804],[-54.327,-12.854],[-54.355,-12.954],[-54.407,-13.007],[-54.401,-13.062],[-54.431,-13.101],[-54.473,-13.235],[-54.533,-13.262],[-54.542,-13.275],[-54.554,-13.339],[-54.569,-13.342],[-54.607,-13.392],[-54.628,-13.406],[-54.654,-13.466],[-54.646,-13.492],[-54.668,-13.512],[-54.654,-13.582],[-54.678,-13.628],[-54.662,-13.701],[-54.671,-13.729],[-54.643,-13.79],[-54.663,-13.814],[-54.697,-13.821],[-54.76,-13.871],[-54.864,-13.776],[-54.873,-13.791],[-54.958,-13.806],[-54.992,-13.795],[-55.009,-13.813],[-54.999,-13.851],[-54.973,-13.869],[-54.962,-13.895],[-54.975,-13.927],[-54.949,-13.954],[-54.911,-13.966],[-54.919,-14.0],[-54.91,-14.032],[-54.923,-14.043],[-54.927,-14.092],[-54.9,-14.109],[-54.891,-14.15],[-54.871,-14.168],[-54.875,-14.211],[-54.85,-14.229],[-54.843,-14.255],[-54.809,-14.265],[-54.815,-14.294],[-54.8,-14.28],[-54.772,-14.322],[-54.709,-14.32],[-54.681,-14.377],[-54.636,-14.406],[-54.606,-14.396],[-54.55,-14.476],[-54.45,-14.485],[-54.446,-14.51],[-54.399,-14.532],[-54.389,-14.559],[-54.397,-14.586],[-54.376,-14.629],[-54.331,-14.64],[-54.337,-14.733]]]}},{"type":"Feature","properties":{"code":"5106299"},"geometry":{"type":"Polygon","coordinates":[[[-56.938,-9.936],[-56.898,-9.948],[-56.658,-9.936],[-56.589,-9.919],[-56.526,-9.935],[-56.489,-9.931],[-56.444,-9.908],[-56.379,-9.919],[-56.33,-9.902],[-56.348,-9.869],[-56.328,-9.81],[-56.343,-9.793],[-56.356,-9.724],[-56.341,-9.683],[-56.34,-9.631],[-56.3,-9.535],[-56.263,-9.496],[-56.253,-9.472],[-56.272,-9.401],[-56.672,-9.367],[-56.708,-9.373],[-56.754,-9.406],[-56.772,-9.391],[-56.776,-9.329],[-56.803,-9.268],[-56.82,-9.246],[-56.86,-9.232],[-56.872,-9.239],[-56.942,-9.229],[-56.995,-9.234],[-57.023,-9.22],[-57.06,-9.182],[-57.1,-9.216],[-57.087,-9.239],[-57.087,-9.287],[-57.068,-9.308],[-57.086,-9.338],[-57.081,-9.393],[-57.132,-9.417],[-57.045,-9.5],[-57.054,-9.529],[-57.02,-9.542],[-56.966,-9.588],[-56.942,-9.594],[-56.915,-9.67],[-56.883,-9.724],[-56.887,-9.771],[-56.853,-9.816],[-56.852,-9.852],[-56.879,-9.846],[-56.909,-9.871],[-56.898,-9.91],[-56.938,-9.936]]]}},{"type":"Feature","properties":{"code":"5106281"},"geometry":{"type":"Polygon","coordinates":[[[-53.733,-15.343],[-53.658,-15.342],[-53.629,-15.358],[-53.608,-15.349],[-53.549,-15.376],[-53.514,-15.363],[-53.483,-15.369],[-53.443,-15.347],[-53.397,-15.348],[-53.381,-15.374],[-53.321,-15.366],[-53.303,-15.305],[-53.288,-15.292],[-53.255,-15.238],[-53.212,-15.223],[-53.166,-15.218],[-53.138,-15.236],[-53.116,-15.23],[-53.094,-15.246],[-53.049,-15.251],[-52.968,-15.279],[-52.939,-15.269],[-52.899,-15.24],[-52.9,-15.216],[-52.841,-15.125],[-52.769,-15.064],[-52.739,-15.023],[-52.722,-14.935],[-52.699,-14.919],[-52.678,-14.862],[-52.665,-14.785],[-52.705,-14.774],[-52.734,-14.777],[-52.77,-14.796],[-52.789,-14.773],[-52.814,-14.779],[-52.853,-14.776],[-52.89,-14.745],[-52.902,-14.755],[-52.954,-14.726],[-52.995,-14.742],[-53.024,-14.739],[-53.041,-14.809],[-53.087,-14.854],[-53.098,-14.879],[-53.18,-14.864],[-53.207,-14.877],[-53.258,-14.875],[-53.292,-14.863],[-53.522,-14.956],[-53.567,-14.961],[-53.633,-15.046],[-53.679,-15.076],[-53.734,-15.133],[-53.762,-15.121],[-53.797,-15.13],[-53.859,-15.105],[-53.87,-15.086],[-53.925,-15.083],[-53.941,-15.11],[-53.94,-15.167],[-53.927,-15.183],[-53.944,-15.243],[-53.899,-15.261],[-53.874,-15.249],[-53.823,-15.261],[-53.795,-15.282],[-53.785,-15.308],[-53.733,-15.343]]]}},{"type":"Feature","properties":{"code":"5106273"},"geometry":{"type":"Polygon","coordinates":[[[-57.06,-11.359],[-57.07,-11.339],[-57.106,-11.357],[-57.138,-11.346],[-57.139,-11.318],[-57.187,-11.316],[-57.237,-11.304],[-57.282,-11.284],[-57.319,-11.249],[-57.405,-11.293],[-57.434,-11.3],[-57.465,-11.291],[-57.557,-11.326],[-57.552,-11.352],[-57.516,-11.372],[-57.442,-11.441],[-57.438,-11.466],[-57.408,-11.494],[-57.366,-11.524],[-57.326,-11.521],[-57.28,-11.502],[-57.213,-11.425],[-57.184,-11.429],[-57.125,-11.46],[-57.065,-11.435],[-57.043,-11.448],[-57.028,-11.41],[-57.057,-11.388],[-57.06,-11.359]]]}},{"type":"Feature","properties":{"code":"5106265"},"geometry":{"type":"Polygon","coordinates":[[[-55.558,-10.057],[-55.523,-10.097],[-55.497,-10.096],[-55.418,-10.163],[-55.375,-10.169],[-55.352,-10.187],[-55.276,-10.147],[-55.266,-10.116],[-55.24,-10.094],[-55.229,-10.117],[-55.242,-10.146],[-55.208,-10.173],[-55.17,-10.191],[-55.158,-10.165],[-55.172,-10.131],[-55.161,-10.067],[-55.138,-10.046],[-55.08,-10.027],[-55.033,-9.969],[-55.04,-9.909],[-55.051,-9.886],[-55.027,-9.833],[-54.995,-9.821],[-54.99,-9.78],[-54.957,-9.677],[-54.97,-9.651],[-54.981,-9.592],[-54.979,-9.569],[-54.998,-9.505],[-55.378,-9.474],[-55.867,-9.434],[-55.903,-9.457],[-55.906,-9.489],[-55.892,-9.509],[-55.934,-9.608],[-55.911,-9.664],[-55.889,-9.677],[-55.865,-9.721],[-55.832,-9.736],[-55.794,-9.742],[-55.782,-9.762],[-55.733,-9.788],[-55.671,-9.899],[-55.63,-9.882],[-55.575,-9.951],[-55.561,-9.988],[-55.558,-10.057]]]}},{"type":"Feature","properties":{"code":"5106257"},"geometry":{"type":"Polygon","coordinates":[[[-51.719,-14.372],[-51.747,-14.38],[-51.733,-14.42],[-51.778,-14.472],[-51.798,-14.458],[-51.825,-14.481],[-51.876,-14.503],[-51.913,-14.545],[-51.926,-14.576],[-51.974,-14.599],[-52.01,-14.604],[-52.014,-14.638],[-52.058,-14.676],[-52.105,-14.682],[-52.148,-14.616],[-52.19,-14.606],[-52.214,-14.569],[-52.251,-14.56],[-52.273,-14.581],[-52.307,-14.566],[-52.338,-14.573],[-52.33,-14.535],[-52.329,-14.5],[-52.312,-14.47],[-52.312,-14.444],[-52.334,-14.404],[-52.324,-14.351],[-52.369,-14.302],[-52.396,-14.281],[-52.379,-14.245],[-52.382,-14.184],[-52.428,-14.178],[-52.461,-14.19],[-52.531,-14.191],[-52.608,-14.208],[-52.622,-14.188],[-52.651,-14.182],[-52.686,-14.211],[-52.767,-14.224],[-52.885,-14.256],[-52.93,-14.255],[-52.906,-14.295],[-52.898,-14.325],[-52.864,-14.348],[-52.83,-14.343],[-52.8,-14.357],[-52.818,-14.392],[-52.687,-14.551],[-52.748,-14.61],[-52.755,-14.66],[-52.785,-14.678],[-52.777,-14.698],[-52.798,-14.731],[-52.793,-14.753],[-52.814,-14.779],[-52.789,-14.773],[-52.77,-14.796],[-52.734,-14.777],[-52.705,-14.774],[-52.665,-14.785],[-52.678,-14.862],[-52.639,-14.882],[-52.636,-14.921],[-52.603,-14.937],[-52.607,-14.976],[-52.587,-15.035],[-52.59,-15.05],[-52.557,-15.124],[-52.55,-15.156],[-52.529,-15.177],[-52.489,-14.894],[-52.447,-14.928],[-52.402,-14.943],[-52.346,-14.934],[-52.282,-14.871],[-52.266,-14.869],[-52.239,-14.822],[-52.126,-14.842],[-52.09,-14.86],[-52.047,-14.82],[-52.016,-14.802],[-51.966,-14.773],[-51.938,-14.785],[-51.867,-14.726],[-51.847,-14.695],[-51.805,-14.665],[-51.797,-14.636],[-51.76,-14.598],[-51.721,-14.6],[-51.694,-14.576],[-51.691,-14.536],[-51.709,-14.492],[-51.704,-14.428],[-51.719,-14.372]]]}},{"type":"Feature","properties":{"code":"5106372"},"geometry":{"type":"Polygon","coordinates":[[[-54.583,-17.078],[-54.532,-17.079],[-54.468,-17.112],[-54.444,-17.103],[-54.377,-17.099],[-54.356,-17.089],[-54.291,-17.092],[-54.27,-17.07],[-54.22,-17.068],[-54.192,-17.032],[-54.157,-17.045],[-54.017,-16.933],[-54.001,-16.916],[-54.007,-16.89],[-53.941,-16.826],[-53.892,-16.803],[-53.883,-16.769],[-53.862,-16.758],[-53.829,-16.73],[-53.828,-16.706],[-53.85,-16.664],[-53.842,-16.607],[-53.856,-16.575],[-53.883,-16.594],[-53.917,-16.559],[-53.959,-16.529],[-53.98,-16.499],[-54.037,-16.468],[-54.11,-16.483],[-54.13,-16.5],[-54.168,-16.506],[-54.189,-16.628],[-54.195,-16.66],[-54.453,-16.56],[-54.484,-16.575],[-54.522,-16.569],[-54.554,-16.61],[-54.547,-16.652],[-54.587,-16.672],[-54.599,-16.73],[-54.587,-16.756],[-54.583,-17.078]]]}},{"type":"Feature","properties":{"code":"5106315"},"geometry":{"type":"Polygon","coordinates":[[[-50.684,-12.648],[-50.701,-12.643],[-50.7,-12.595],[-50.662,-12.532],[-50.647,-12.486],[-50.653,-12.46],[-50.624,-12.455],[-50.618,-12.429],[-50.634,-12.414],[-50.627,-12.384],[-50.645,-12.346],[-50.649,-12.299],[-50.632,-12.269],[-50.651,-12.245],[-50.644,-12.223],[-50.681,-12.217],[-50.679,-12.155],[-50.668,-12.065],[-50.687,-12.036],[-50.682,-11.991],[-50.657,-11.967],[-50.668,-11.93],[-50.641,-11.903],[-50.639,-11.885],[-50.686,-11.859],[-50.691,-11.817],[-50.722,-11.74],[-50.717,-11.727],[-50.74,-11.74],[-50.724,-11.757],[-50.763,-11.785],[-50.776,-11.81],[-50.806,-11.815],[-50.842,-11.888],[-50.874,-12.0],[-50.894,-12.031],[-50.95,-12.085],[-51.008,-12.121],[-51.05,-12.125],[-51.074,-12.11],[-51.085,-12.084],[-51.116,-12.07],[-51.166,-12.097],[-51.239,-12.114],[-51.306,-12.171],[-51.309,-12.22],[-51.288,-12.247],[-51.31,-12.318],[-51.283,-12.347],[-51.273,-12.34],[-51.194,-12.377],[-51.13,-12.435],[-51.077,-12.435],[-51.042,-12.404],[-51.006,-12.392],[-50.977,-12.413],[-50.988,-12.441],[-50.993,-12.492],[-50.977,-12.527],[-50.949,-12.544],[-50.961,-12.562],[-50.924,-12.626],[-50.946,-12.693],[-50.897,-12.849],[-50.843,-12.892],[-50.826,-12.872],[-50.788,-12.861],[-50.752,-12.797],[-50.73,-12.784],[-50.741,-12.761],[-50.734,-12.733],[-50.711,-12.723],[-50.709,-12.69],[-50.684,-12.648]]]}},{"type":"Feature","properties":{"code":"5106653"},"geometry":{"type":"Polygon","coordinates":[[[-52.361,-16.082],[-52.328,-16.07],[-52.311,-16.007],[-52.29,-15.965],[-52.257,-15.931],[-52.254,-15.894],[-52.313,-15.91],[-52.368,-15.888],[-52.425,-15.88],[-52.504,-15.863],[-52.538,-15.848],[-52.606,-15.801],[-52.606,-15.776],[-52.668,-15.728],[-52.689,-15.72],[-52.714,-15.74],[-52.751,-15.721],[-52.767,-15.735],[-52.869,-15.7],[-52.9,-15.716],[-53.0,-15.726],[-53.041,-15.738],[-53.027,-15.828],[-53.033,-15.86],[-53.068,-15.882],[-53.078,-15.91],[-53.057,-15.96],[-53.049,-16.019],[-53.072,-16.047],[-53.064,-16.076],[-53.04,-16.084],[-52.981,-16.133],[-52.897,-16.127],[-52.88,-16.101],[-52.891,-16.081],[-52.84,-16.035],[-52.806,-16.036],[-52.755,-16.092],[-52.716,-16.083],[-52.695,-16.098],[-52.669,-16.086],[-52.651,-16.109],[-52.617,-16.117],[-52.58,-16.096],[-52.559,-16.072],[-52.487,-16.091],[-52.472,-16.127],[-52.399,-16.093],[-52.361,-16.082]]]}},{"type":"Feature","properties":{"code":"5106752"},"geometry":{"type":"Polygon","coordinates":[[[-59.473,-16.147],[-59.48,-16.122],[-59.519,-16.109],[-59.526,-16.071],[-59.488,-16.048],[-59.414,-16.069],[-59.401,-16.061],[-59.392,-16.006],[-59.352,-15.975],[-59.316,-15.959],[-59.288,-15.905],[-59.197,-15.765],[-59.164,-15.744],[-59.153,-15.724],[-59.155,-15.668],[-59.167,-15.635],[-59.138,-15.633],[-59.113,-15.613],[-59.117,-15.593],[-59.099,-15.5],[-59.088,-15.478],[-59.093,-15.467],[-59.104,-15.441],[-59.141,-15.402],[-59.197,-15.367],[-59.182,-15.299],[-59.213,-15.292],[-59.222,-15.25],[-59.173,-15.27],[-59.149,-15.229],[-59.106,-15.22],[-59.062,-15.226],[-59.041,-15.246],[-59.014,-15.233],[-59.012,-15.197],[-58.985,-15.142],[-58.965,-15.126],[-58.995,-15.058],[-59.035,-15.025],[-59.043,-14.956],[-59.028,-14.919],[-59.041,-14.817],[-59.029,-14.723],[-59.085,-14.665],[-59.108,-14.661],[-59.147,-14.669],[-59.162,-14.698],[-59.167,-14.735],[-59.149,-14.772],[-59.176,-14.787],[-59.203,-14.826],[-59.255,-14.832],[-59.335,-14.877],[-59.348,-14.912],[-59.389,-14.961],[-59.447,-14.959],[-59.478,-14.983],[-59.512,-14.962],[-59.545,-14.963],[-59.571,-14.977],[-59.575,-15.002],[-59.539,-15.048],[-59.493,-15.143],[-59.447,-15.219],[-59.432,-15.227],[-59.49,-15.441],[-60.016,-15.561],[-60.048,-15.637],[-60.042,-15.68],[-60.003,-15.743],[-60.014,-15.781],[-59.987,-15.803],[-59.97,-15.834],[-59.977,-15.862],[-59.952,-15.879],[-59.955,-15.899],[-59.942,-15.948],[-59.923,-15.979],[-59.894,-15.985],[-59.825,-15.957],[-59.802,-15.991],[-59.791,-16.03],[-59.767,-16.042],[-59.763,-16.079],[-59.714,-16.112],[-59.669,-16.164],[-59.647,-16.161],[-59.596,-16.179],[-59.56,-16.181],[-59.509,-16.17],[-59.473,-16.147]]]}},{"type":"Feature","properties":{"code":"5106703"},"geometry":{"type":"Polygon","coordinates":[[[-52.832,-16.772],[-52.786,-16.714],[-52.762,-16.707],[-52.759,-16.671],[-52.726,-16.614],[-52.733,-16.586],[-52.767,-16.603],[-52.869,-16.619],[-52.891,-16.607],[-52.935,-16.614],[-52.941,-16.566],[-52.98,-16.554],[-53.035,-16.558],[-53.08,-16.546],[-53.093,-16.53],[-53.133,-16.541],[-53.166,-16.537],[-53.147,-16.586],[-53.116,-16.583],[-53.084,-16.623],[-53.09,-16.666],[-53.063,-16.695],[-52.958,-16.77],[-52.914,-16.813],[-52.885,-16.777],[-52.832,-16.772]]]}},{"type":"Feature","properties":{"code":"5106505"},"geometry":{"type":"Polygon","coordinates":[[[-57.693,-17.627],[-57.672,-17.664],[-57.685,-17.716],[-57.664,-17.73],[-57.64,-17.717],[-57.623,-17.736],[-57.609,-17.797],[-57.531,-17.839],[-57.516,-17.863],[-57.485,-17.862],[-57.46,-17.9],[-57.426,-17.856],[-57.35,-17.837],[-57.311,-17.818],[-57.265,-17.82],[-57.225,-17.783],[-57.102,-17.772],[-57.075,-17.737],[-57.048,-17.733],[-57.033,-17.695],[-56.988,-17.659],[-56.965,-17.622],[-56.982,-17.61],[-56.974,-17.58],[-56.91,-17.532],[-56.876,-17.533],[-56.846,-17.481],[-56.841,-17.442],[-56.824,-17.423],[-56.829,-17.39],[-56.786,-17.387],[-56.767,-17.365],[-56.758,-17.327],[-56.723,-17.308],[-56.717,-17.264],[-56.668,-17.228],[-56.657,-17.172],[-56.632,-17.102],[-56.611,-17.091],[-56.588,-17.049],[-56.587,-17.016],[-56.632,-16.98],[-56.619,-16.872],[-56.584,-16.84],[-56.544,-16.792],[-56.514,-16.791],[-56.497,-16.763],[-56.507,-16.725],[-56.469,-16.697],[-56.478,-16.663],[-56.437,-16.591],[-56.409,-16.567],[-56.398,-16.533],[-56.358,-16.51],[-56.322,-16.475],[-56.301,-16.397],[-56.297,-16.373],[-56.248,-16.317],[-56.243,-16.26],[-56.218,-16.229],[-56.216,-16.188],[-56.303,-16.195],[-56.328,-16.205],[-56.323,-16.231],[-56.372,-16.261],[-56.392,-16.255],[-56.455,-16.28],[-56.481,-16.271],[-56.499,-16.294],[-56.54,-16.302],[-56.516,-16.262],[-56.517,-16.24],[-56.457,-16.22],[-56.434,-16.161],[-56.384,-16.117],[-56.381,-16.075],[-56.39,-16.047],[-56.454,-16.015],[-56.509,-15.972],[-56.561,-15.941],[-56.555,-15.871],[-56.535,-15.831],[-56.601,-15.802],[-56.62,-15.783],[-56.652,-15.79],[-56.689,-15.783],[-56.737,-15.806],[-56.788,-15.785],[-56.815,-15.816],[-56.864,-15.819],[-56.87,-15.8],[-56.912,-15.764],[-56.96,-15.769],[-57.008,-15.804],[-57.078,-15.881],[-57.09,-15.918],[-57.131,-15.982],[-57.154,-16.001],[-57.145,-16.039],[-57.117,-16.058],[-57.11,-16.099],[-57.126,-16.14],[-57.096,-16.174],[-57.072,-16.268],[-57.084,-16.337],[-57.076,-16.419],[-57.151,-16.435],[-57.187,-16.474],[-57.188,-16.528],[-57.24,-16.546],[-57.265,-16.578],[-57.331,-16.615],[-57.345,-16.614],[-57.403,-16.638],[-57.396,-16.679],[-57.405,-16.737],[-57.386,-16.786],[-57.363,-16.823],[-57.384,-16.878],[-57.406,-16.875],[-57.432,-16.921],[-57.385,-16.989],[-57.383,-17.023],[-57.403,-17.044],[-57.365,-17.13],[-57.363,-17.175],[-57.334,-17.21],[-57.348,-17.244],[-57.327,-17.321],[-57.337,-17.358],[-57.366,-17.353],[-57.37,-17.385],[-57.427,-17.419],[-57.497,-17.533],[-57.536,-17.547],[-57.543,-17.565],[-57.607,-17.583],[-57.627,-17.613],[-57.679,-17.606],[-57.693,-17.627]]]}},{"type":"Feature","properties":{"code":"5105903"},"geometry":{"type":"Polygon","coordinates":[[[-56.424,-14.743],[-56.398,-14.755],[-56.298,-14.766],[-56.254,-14.732],[-56.25,-14.697],[-56.205,-14.668],[-56.172,-14.679],[-56.138,-14.652],[-56.101,-14.697],[-56.028,-14.681],[-56.015,-14.665],[-55.942,-14.682],[-55.902,-14.675],[-55.847,-14.648],[-55.839,-14.623],[-55.844,-14.564],[-55.855,-14.554],[-55.826,-14.515],[-55.745,-14.488],[-55.728,-14.459],[-55.695,-14.475],[-55.645,-14.442],[-55.607,-14.443],[-55.536,-14.406],[-55.499,-14.365],[-55.465,-14.341],[-55.437,-14.351],[-55.431,-14.322],[-55.391,-14.338],[-55.335,-14.326],[-55.309,-14.293],[-55.287,-14.302],[-55.222,-14.288],[-55.209,-14.245],[-55.241,-14.24],[-55.307,-14.243],[-55.358,-14.159],[-55.382,-14.144],[-55.434,-14.106],[-55.446,-14.08],[-55.502,-14.074],[-55.551,-14.022],[-55.622,-14.005],[-55.665,-14.017],[-55.712,-14.069],[-55.713,-14.115],[-55.772,-14.129],[-55.858,-14.161],[-55.858,-14.178],[-55.909,-14.181],[-55.949,-14.21],[-55.971,-14.204],[-56.029,-14.223],[-55.998,-14.246],[-55.977,-14.292],[-55.996,-14.316],[-55.993,-14.354],[-56.041,-14.397],[-56.051,-14.421],[-56.103,-14.453],[-56.208,-14.536],[-56.222,-14.576],[-56.272,-14.632],[-56.313,-14.615],[-56.356,-14.613],[-56.394,-14.641],[-56.447,-14.633],[-56.478,-14.664],[-56.457,-14.682],[-56.451,-14.737],[-56.424,-14.743]]]}},{"type":"Feature","properties":{"code":"5106182"},"geometry":{"type":"Polygon","coordinates":[[[-59.584,-14.82],[-59.566,-14.796],[-59.613,-14.739],[-59.6,-14.674],[-59.604,-14.652],[-59.587,-14.621],[-59.596,-14.556],[-59.637,-14.534],[-59.628,-14.499],[-59.566,-14.474],[-59.543,-14.458],[-59.509,-14.457],[-59.435,-14.482],[-59.42,-14.506],[-59.366,-14.524],[-59.335,-14.545],[-59.312,-14.51],[-59.344,-14.418],[-59.343,-14.401],[-59.367,-14.344],[-59.387,-14.328],[-59.396,-14.29],[-59.419,-14.245],[-59.422,-14.207],[-59.407,-14.153],[-59.375,-14.13],[-59.344,-14.052],[-59.371,-13.982],[-59.457,-14.042],[-59.481,-14.02],[-59.535,-14.01],[-59.58,-14.057],[-59.636,-14.09],[-59.67,-14.092],[-59.705,-14.109],[-59.737,-14.094],[-59.75,-14.033],[-59.807,-14.043],[-59.827,-14.083],[-59.826,-14.122],[-59.842,-14.173],[-59.903,-14.122],[-59.919,-14.083],[-59.95,-14.078],[-59.962,-14.046],[-60.097,-14.024],[-60.127,-14.027],[-60.167,-14.012],[-60.255,-14.048],[-60.31,-14.061],[-60.282,-14.109],[-60.273,-14.161],[-60.246,-14.172],[-60.231,-14.206],[-60.22,-14.268],[-60.196,-14.284],[-60.19,-14.321],[-60.15,-14.374],[-60.136,-14.407],[-60.107,-14.429],[-60.007,-14.409],[-59.978,-14.426],[-59.968,-14.45],[-59.931,-14.484],[-59.899,-14.498],[-59.873,-14.492],[-59.846,-14.513],[-59.836,-14.544],[-59.804,-14.556],[-59.798,-14.588],[-59.778,-14.608],[-59.773,-14.641],[-59.724,-14.671],[-59.684,-14.712],[-59.66,-14.751],[-59.681,-14.771],[-59.645,-14.819],[-59.584,-14.82]]]}},{"type":"Feature","properties":{"code":"5106174"},"geometry":{"type":"Polygon","coordinates":[[[-52.33,-14.535],[-52.338,-14.573],[-52.307,-14.566],[-52.273,-14.581],[-52.251,-14.56],[-52.214,-14.569],[-52.19,-14.606],[-52.148,-14.616],[-52.105,-14.682],[-52.058,-14.676],[-52.014,-14.638],[-52.01,-14.604],[-51.974,-14.599],[-51.926,-14.576],[-51.913,-14.545],[-51.876,-14.503],[-51.825,-14.481],[-51.798,-14.458],[-51.778,-14.472],[-51.733,-14.42],[-51.747,-14.38],[-51.719,-14.372],[-51.697,-14.357],[-51.689,-14.316],[-51.714,-14.236],[-51.731,-14.217],[-51.731,-14.177],[-51.706,-14.143],[-51.697,-14.094],[-51.703,-14.038],[-51.682,-13.994],[-51.664,-13.985],[-51.628,-13.903],[-51.617,-13.862],[-51.59,-13.8],[-51.557,-13.775],[-51.555,-13.714],[-51.515,-13.663],[-51.47,-13.645],[-51.468,-13.617],[-51.487,-13.635],[-51.517,-13.608],[-51.558,-13.617],[-51.604,-13.611],[-51.647,-13.627],[-51.699,-13.666],[-51.758,-13.688],[-51.818,-13.735],[-51.842,-13.74],[-51.869,-13.767],[-51.895,-13.778],[-51.937,-13.749],[-51.971,-13.773],[-52.021,-13.775],[-52.042,-13.758],[-52.038,-13.832],[-52.064,-13.867],[-52.061,-13.883],[-52.087,-13.925],[-52.022,-13.958],[-52.009,-13.977],[-51.949,-13.978],[-51.912,-13.987],[-51.843,-14.021],[-51.834,-14.042],[-51.88,-14.14],[-51.925,-14.189],[-51.931,-14.217],[-51.956,-14.226],[-51.99,-14.219],[-52.041,-14.236],[-52.068,-14.254],[-52.099,-14.295],[-52.121,-14.309],[-52.169,-14.317],[-52.172,-14.386],[-52.249,-14.424],[-52.31,-14.539],[-52.33,-14.535]]]}},{"type":"Feature","properties":{"code":"5106158"},"geometry":{"type":"Polygon","coordinates":[[[-58.338,-10.409],[-58.3,-10.439],[-58.255,-10.441],[-58.205,-10.409],[-58.168,-10.422],[-58.07,-10.384],[-58.007,-10.397],[-58.002,-10.433],[-57.908,-10.405],[-57.891,-10.409],[-57.849,-10.385],[-57.773,-10.376],[-57.741,-10.353],[-57.683,-10.346],[-57.675,-10.313],[-57.646,-10.313],[-57.603,-10.299],[-57.6,-10.249],[-57.6,-10.195],[-57.578,-10.153],[-57.588,-10.139],[-57.584,-10.094],[-57.598,-10.057],[-57.661,-9.961],[-57.645,-9.899],[-57.677,-9.881],[-57.694,-9.858],[-57.674,-9.825],[-57.614,-9.762],[-57.619,-9.747],[-57.669,-9.717],[-57.705,-9.705],[-57.728,-9.674],[-57.715,-9.642],[-57.735,-9.619],[-57.724,-9.569],[-57.729,-9.513],[-57.771,-9.491],[-57.786,-9.497],[-57.839,-9.479],[-57.885,-9.487],[-57.935,-9.47],[-58.001,-9.385],[-58.079,-9.338],[-58.075,-9.272],[-58.152,-9.196],[-58.166,-9.19],[-58.17,-9.144],[-58.244,-9.12],[-58.292,-9.082],[-58.3,-9.034],[-58.33,-9.012],[-58.358,-9.022],[-58.38,-8.99],[-58.434,-8.966],[-58.496,-8.95],[-58.52,-8.967],[-58.55,-8.94],[-58.605,-9.013],[-58.592,-9.048],[-58.6,-9.09],[-58.634,-9.107],[-58.656,-9.144],[-58.656,-9.189],[-58.628,-9.24],[-58.619,-9.288],[-58.6,-9.334],[-58.549,-9.369],[-58.527,-9.403],[-58.49,-9.408],[-58.421,-9.457],[-58.395,-9.452],[-58.346,-9.458],[-58.295,-9.445],[-58.276,-9.467],[-58.258,-9.508],[-58.253,-9.56],[-58.264,-9.601],[-58.26,-9.653],[-58.216,-9.724],[-58.196,-9.803],[-58.197,-9.849],[-58.223,-9.875],[-58.216,-9.927],[-58.235,-9.96],[-58.23,-9.998],[-58.299,-10.109],[-58.323,-10.128],[-58.321,-10.188],[-58.346,-10.228],[-58.358,-10.267],[-58.356,-10.348],[-58.337,-10.382],[-58.338,-10.409]]]}},{"type":"Feature","properties":{"code":"5106240"},"geometry":{"type":"Polygon","coordinates":[[[-55.339,-13.09],[-55.295,-13.123],[-55.297,-13.154],[-55.314,-13.167],[-55.324,-13.205],[-55.282,-13.227],[-55.283,-13.252],[-55.22,-13.25],[-55.087,-13.309],[-55.096,-13.26],[-55.071,-13.241],[-55.051,-13.187],[-55.017,-13.167],[-55.005,-13.219],[-54.887,-13.23],[-54.855,-13.198],[-54.837,-13.225],[-54.807,-13.22],[-54.749,-13.244],[-54.703,-13.222],[-54.685,-13.198],[-54.67,-13.121],[-54.631,-13.155],[-54.623,-13.201],[-54.564,-13.171],[-54.537,-13.176],[-54.497,-13.152],[-54.467,-13.117],[-54.431,-13.101],[-54.401,-13.062],[-54.407,-13.007],[-54.355,-12.954],[-54.327,-12.854],[-54.33,-12.804],[-54.346,-12.77],[-54.342,-12.718],[-54.321,-12.679],[-54.324,-12.646],[-54.299,-12.574],[-54.218,-12.535],[-54.176,-12.472],[-54.175,-12.437],[-54.156,-12.425],[-54.156,-12.392],[-54.059,-12.295],[-53.987,-12.25],[-53.969,-12.213],[-53.931,-12.217],[-53.902,-12.241],[-53.881,-12.233],[-53.818,-12.168],[-53.782,-12.107],[-53.782,-12.094],[-53.856,-12.072],[-53.899,-12.083],[-53.911,-12.097],[-53.945,-12.087],[-53.959,-12.119],[-53.988,-12.127],[-54.007,-12.111],[-54.048,-12.131],[-54.057,-12.162],[-54.105,-12.155],[-54.144,-12.173],[-54.19,-12.234],[-54.239,-12.244],[-54.291,-12.288],[-54.311,-12.287],[-54.453,-12.363],[-54.478,-12.359],[-54.532,-12.415],[-54.536,-12.45],[-54.56,-12.468],[-54.593,-12.466],[-54.643,-12.482],[-54.668,-12.475],[-54.706,-12.497],[-54.719,-12.54],[-54.747,-12.601],[-54.791,-12.627],[-54.838,-12.638],[-54.916,-12.667],[-54.941,-12.704],[-54.953,-12.742],[-55.014,-12.729],[-55.092,-12.736],[-55.229,-12.737],[-55.242,-12.699],[-55.276,-12.667],[-55.337,-12.732],[-55.368,-12.74],[-55.397,-12.797],[-55.375,-12.831],[-55.377,-12.856],[-55.424,-12.847],[-55.429,-12.812],[-55.452,-12.797],[-55.468,-12.819],[-55.439,-12.893],[-55.352,-12.995],[-55.362,-13.012],[-55.354,-13.06],[-55.339,-13.09]]]}},{"type":"Feature","properties":{"code":"5106232"},"geometry":{"type":"Polygon","coordinates":[[[-57.748,-14.913],[-57.648,-14.916],[-57.628,-14.925],[-57.532,-14.896],[-57.495,-14.878],[-57.42,-14.868],[-57.43,-14.922],[-57.381,-14.929],[-57.35,-14.95],[-57.315,-14.957],[-57.256,-14.954],[-57.253,-14.922],[-57.27,-14.898],[-57.236,-14.86],[-57.233,-14.819],[-57.192,-14.797],[-57.148,-14.802],[-57.159,-14.741],[-57.139,-14.701],[-57.081,-14.642],[-57.111,-14.608],[-57.107,-14.626],[-57.169,-14.665],[-57.203,-14.643],[-57.238,-14.644],[-57.29,-14.681],[-57.297,-14.702],[-57.348,-14.687],[-57.41,-14.703],[-57.442,-14.74],[-57.472,-14.728],[-57.518,-14.733],[-57.543,-14.76],[-57.571,-14.747],[-57.614,-14.753],[-57.628,-14.768],[-57.663,-14.754],[-57.724,-14.785],[-57.764,-14.86],[-57.772,-14.895],[-57.748,-14.913]]]}},{"type":"Feature","properties":{"code":"5106224"},"geometry":{"type":"Polygon","coordinates":[[[-56.029,-14.223],[-55.971,-14.204],[-55.949,-14.21],[-55.909,-14.181],[-55.858,-14.178],[-55.858,-14.161],[-55.772,-14.129],[-55.713,-14.115],[-55.712,-14.069],[-55.665,-14.017],[-55.622,-14.005],[-55.551,-14.022],[-55.502,-14.074],[-55.446,-14.08],[-55.434,-14.106],[-55.382,-14.144],[-55.431,-14.1],[-55.45,-14.034],[-55.476,-14.006],[-55.493,-13.963],[-55.513,-13.954],[-55.538,-13.904],[-55.524,-13.864],[-55.529,-13.814],[-55.541,-13.805],[-55.567,-13.745],[-55.565,-13.716],[-55.605,-13.695],[-55.602,-13.614],[-55.626,-13.563],[-55.645,-13.538],[-55.649,-13.507],[-55.669,-13.491],[-55.692,-13.414],[-55.74,-13.396],[-55.769,-13.342],[-55.8,-13.334],[-55.814,-13.299],[-55.85,-13.286],[-55.879,-13.257],[-55.925,-13.305],[-55.967,-13.33],[-55.963,-13.383],[-55.978,-13.431],[-55.977,-13.453],[-56.019,-13.448],[-56.051,-13.433],[-56.068,-13.455],[-56.11,-13.448],[-56.103,-13.419],[-56.166,-13.392],[-56.193,-13.349],[-56.197,-13.318],[-56.226,-13.284],[-56.24,-13.252],[-56.282,-13.21],[-56.296,-13.171],[-56.346,-13.111],[-56.387,-13.112],[-56.422,-13.094],[-56.46,-13.046],[-56.531,-13.028],[-56.556,-13.035],[-56.611,-13.021],[-56.651,-12.989],[-56.633,-12.964],[-56.546,-12.947],[-56.502,-12.883],[-56.541,-12.876],[-56.582,-12.883],[-56.64,-12.87],[-56.654,-12.857],[-56.708,-12.847],[-56.735,-12.821],[-56.773,-12.835],[-56.752,-12.868],[-56.763,-12.885],[-56.755,-12.933],[-56.74,-12.955],[-56.724,-13.026],[-56.741,-13.035],[-56.725,-13.119],[-56.69,-13.178],[-56.689,-13.193],[-56.644,-13.254],[-56.646,-13.282],[-56.615,-13.344],[-56.611,-13.4],[-56.545,-13.45],[-56.533,-13.497],[-56.507,-13.533],[-56.418,-13.588],[-56.425,-13.613],[-56.393,-13.671],[-56.383,-13.716],[-56.416,-13.761],[-56.401,-13.828],[-56.411,-13.838],[-56.38,-13.87],[-56.361,-13.907],[-56.359,-13.944],[-56.344,-13.954],[-56.331,-14.0],[-56.302,-14.047],[-56.309,-14.07],[-56.281,-14.09],[-56.268,-14.126],[-56.202,-14.166],[-56.196,-14.144],[-56.139,-14.16],[-56.062,-14.144],[-56.045,-14.169],[-56.041,-14.214],[-56.029,-14.223]]]}},{"type":"Feature","properties":{"code":"5106216"},"geometry":{"type":"Polygon","coordinates":[[[-56.321,-11.093],[-56.312,-11.07],[-56.275,-11.068],[-56.248,-11.042],[-56.178,-11.032],[-56.121,-10.986],[-56.078,-10.961],[-56.018,-10.939],[-55.94,-10.903],[-55.923,-10.869],[-55.883,-10.873],[-55.85,-10.931],[-55.851,-10.983],[-55.808,-10.968],[-55.765,-10.986],[-55.737,-10.975],[-55.691,-10.972],[-55.68,-10.982],[-55.617,-10.961],[-55.598,-10.937],[-55.633,-10.924],[-55.649,-10.904],[-55.675,-10.817],[-55.656,-10.787],[-55.663,-10.698],[-55.644,-10.636],[-55.62,-10.612],[-55.642,-10.599],[-55.636,-10.554],[-55.624,-10.527],[-55.645,-10.434],[-55.663,-10.388],[-55.65,-10.354],[-55.707,-10.296],[-55.69,-10.249],[-55.733,-10.232],[-55.808,-10.24],[-55.828,-10.275],[-55.859,-10.296],[-55.874,-10.328],[-55.907,-10.359],[-55.925,-10.389],[-55.942,-10.382],[-55.993,-10.394],[-56.021,-10.392],[-56.032,-10.37],[-56.056,-10.364],[-56.064,-10.34],[-56.141,-10.369],[-56.16,-10.388],[-56.282,-10.406],[-56.285,-10.448],[-56.241,-10.492],[-56.241,-10.535],[-56.265,-10.579],[-56.309,-10.586],[-56.338,-10.578],[-56.354,-10.592],[-56.409,-10.58],[-56.411,-10.619],[-56.393,-10.637],[-56.402,-10.659],[-56.434,-10.683],[-56.412,-10.703],[-56.404,-10.8],[-56.436,-10.838],[-56.475,-10.864],[-56.5,-10.869],[-56.522,-10.909],[-56.571,-10.95],[-56.562,-10.969],[-56.591,-11.001],[-56.592,-11.025],[-56.532,-11.062],[-56.509,-11.095],[-56.437,-11.086],[-56.401,-11.1],[-56.321,-11.093]]]}},{"type":"Feature","properties":{"code":"5106208"},"geometry":{"type":"Polygon","coordinates":[[[-54.875,-15.063],[-54.844,-15.066],[-54.785,-15.009],[-54.737,-14.971],[-54.697,-14.953],[-54.648,-14.916],[-54.498,-14.863],[-54.497,-14.842],[-54.515,-14.793],[-54.528,-14.78],[-54.584,-14.791],[-54.607,-14.778],[-54.625,-14.736],[-54.678,-14.761],[-54.695,-14.78],[-54.747,-14.796],[-54.825,-14.796],[-54.856,-14.782],[-54.924,-14.794],[-54.95,-14.737],[-54.916,-14.714],[-54.927,-14.689],[-54.907,-14.652],[-54.929,-14.544],[-54.903,-14.495],[-54.901,-14.473],[-54.93,-14.419],[-54.998,-14.45],[-54.996,-14.479],[-55.02,-14.496],[-55.047,-14.544],[-55.073,-14.538],[-55.136,-14.574],[-55.159,-14.628],[-55.189,-14.637],[-55.233,-14.635],[-55.29,-14.608],[-55.375,-14.555],[-55.397,-14.568],[-55.401,-14.63],[-55.425,-14.635],[-55.44,-14.659],[-55.463,-14.663],[-55.513,-14.75],[-55.641,-14.809],[-55.641,-14.835],[-55.61,-14.837],[-55.553,-14.857],[-55.538,-14.875],[-55.494,-14.878],[-55.459,-14.87],[-55.424,-14.847],[-55.354,-14.821],[-55.34,-14.835],[-55.254,-14.811],[-55.219,-14.829],[-55.198,-14.826],[-55.168,-14.793],[-55.147,-14.802],[-55.152,-14.838],[-55.138,-14.913],[-55.106,-14.956],[-55.142,-14.983],[-55.11,-15.0],[-55.017,-15.002],[-54.993,-15.02],[-54.998,-15.045],[-54.975,-15.054],[-54.9,-15.044],[-54.875,-15.063]]]}},{"type":"Feature","properties":{"code":"5106190"},"geometry":{"type":"Polygon","coordinates":[[[-55.274,-10.875],[-55.296,-10.904],[-55.272,-10.934],[-55.227,-10.921],[-55.166,-10.943],[-55.099,-10.976],[-55.076,-11.006],[-55.047,-11.003],[-55.03,-11.021],[-55.002,-11.015],[-54.942,-11.036],[-54.938,-11.09],[-54.922,-11.1],[-54.915,-11.143],[-54.922,-11.176],[-54.914,-11.229],[-54.864,-11.287],[-54.824,-11.279],[-54.769,-11.252],[-54.699,-11.256],[-54.673,-11.248],[-54.648,-11.206],[-54.622,-11.208],[-54.603,-11.184],[-54.621,-11.181],[-54.674,-11.116],[-54.747,-11.071],[-54.76,-11.048],[-54.847,-11.001],[-54.894,-10.969],[-54.86,-10.95],[-54.858,-10.927],[-54.836,-10.9],[-54.81,-10.895],[-54.782,-10.867],[-54.782,-10.851],[-54.751,-10.806],[-54.754,-10.778],[-54.735,-10.768],[-54.719,-10.72],[-54.67,-10.692],[-54.628,-10.652],[-54.633,-10.629],[-54.608,-10.593],[-54.605,-10.567],[-54.64,-10.537],[-54.673,-10.569],[-54.672,-10.594],[-54.798,-10.62],[-54.816,-10.636],[-54.819,-10.67],[-54.847,-10.708],[-54.883,-10.728],[-54.902,-10.718],[-54.936,-10.729],[-54.957,-10.717],[-54.996,-10.726],[-55.093,-10.718],[-55.111,-10.744],[-55.162,-10.723],[-55.169,-10.78],[-55.234,-10.826],[-55.254,-10.863],[-55.274,-10.875]]]}},{"type":"Feature","properties":{"code":"5106000"},"geometry":{"type":"Polygon","coordinates":[[[-56.726,-14.649],[-56.684,-14.612],[-56.658,-14.577],[-56.663,-14.563],[-56.645,-14.499],[-56.572,-14.472],[-56.544,-14.452],[-56.553,-14.393],[-56.557,-14.342],[-56.575,-14.335],[-56.537,-14.262],[-56.52,-14.256],[-56.605,-14.201],[-56.656,-14.215],[-56.678,-14.199],[-56.709,-14.196],[-56.73,-14.171],[-56.728,-14.134],[-56.769,-14.151],[-56.891,-14.148],[-56.939,-14.165],[-56.877,-14.227],[-56.867,-14.264],[-56.881,-14.299],[-56.887,-14.361],[-56.849,-14.389],[-56.849,-14.411],[-56.816,-14.444],[-56.793,-14.527],[-56.756,-14.56],[-56.748,-14.598],[-56.718,-14.618],[-56.726,-14.649]]]}},{"type":"Feature","properties":{"code":"5106109"},"geometry":{"type":"Polygon","coordinates":[[[-56.301,-16.397],[-56.291,-16.405],[-56.233,-16.389],[-56.218,-16.4],[-56.199,-16.354],[-56.158,-16.366],[-56.154,-16.34],[-56.066,-16.314],[-56.013,-16.252],[-56.013,-16.212],[-55.97,-16.194],[-55.955,-16.174],[-56.0,-16.093],[-56.044,-16.032],[-56.053,-15.977],[-56.096,-15.929],[-56.118,-15.803],[-56.146,-15.77],[-56.146,-15.768],[-56.173,-15.752],[-56.192,-15.777],[-56.245,-15.76],[-56.245,-15.734],[-56.264,-15.711],[-56.264,-15.684],[-56.22,-15.642],[-56.234,-15.61],[-56.429,-15.556],[-56.468,-15.559],[-56.493,-15.575],[-56.513,-15.568],[-56.556,-15.615],[-56.577,-15.568],[-56.545,-15.525],[-56.561,-15.481],[-56.683,-15.479],[-56.743,-15.519],[-56.783,-15.515],[-56.821,-15.471],[-56.905,-15.517],[-56.937,-15.541],[-56.963,-15.528],[-56.975,-15.465],[-57.016,-15.485],[-57.042,-15.526],[-57.064,-15.538],[-57.069,-15.57],[-57.093,-15.584],[-57.136,-15.666],[-57.137,-15.692],[-57.175,-15.747],[-57.177,-15.775],[-57.223,-15.81],[-57.225,-15.851],[-57.009,-15.742],[-57.008,-15.804],[-56.96,-15.769],[-56.912,-15.764],[-56.87,-15.8],[-56.864,-15.819],[-56.815,-15.816],[-56.788,-15.785],[-56.737,-15.806],[-56.689,-15.783],[-56.652,-15.79],[-56.62,-15.783],[-56.601,-15.802],[-56.535,-15.831],[-56.555,-15.871],[-56.561,-15.941],[-56.509,-15.972],[-56.454,-16.015],[-56.39,-16.047],[-56.381,-16.075],[-56.384,-16.117],[-56.434,-16.161],[-56.457,-16.22],[-56.517,-16.24],[-56.516,-16.262],[-56.54,-16.302],[-56.499,-16.294],[-56.481,-16.271],[-56.455,-16.28],[-56.392,-16.255],[-56.372,-16.261],[-56.323,-16.231],[-56.328,-16.205],[-56.303,-16.195],[-56.216,-16.188],[-56.218,-16.229],[-56.243,-16.26],[-56.248,-16.317],[-56.297,-16.373],[-56.301,-16.397]]]}},{"type":"Feature","properties":{"code":"5105259"},"geometry":{"type":"Polygon","coordinates":[[[-55.879,-13.257],[-55.877,-13.22],[-55.893,-13.192],[-55.881,-13.155],[-55.89,-13.046],[-55.906,-13.006],[-55.948,-12.93],[-55.948,-12.917],[-55.993,-12.873],[-55.986,-12.85],[-56.0,-12.83],[-56.001,-12.794],[-56.031,-12.766],[-56.042,-12.699],[-56.117,-12.638],[-56.158,-12.655],[-56.18,-12.69],[-56.23,-12.691],[-56.269,-12.702],[-56.334,-12.777],[-56.344,-12.818],[-56.37,-12.844],[-56.379,-12.88],[-56.402,-12.889],[-56.418,-12.849],[-56.461,-12.901],[-56.502,-12.883],[-56.546,-12.947],[-56.633,-12.964],[-56.651,-12.989],[-56.611,-13.021],[-56.556,-13.035],[-56.531,-13.028],[-56.46,-13.046],[-56.422,-13.094],[-56.387,-13.112],[-56.346,-13.111],[-56.296,-13.171],[-56.282,-13.21],[-56.24,-13.252],[-56.226,-13.284],[-56.197,-13.318],[-56.193,-13.349],[-56.166,-13.392],[-56.103,-13.419],[-56.11,-13.448],[-56.068,-13.455],[-56.051,-13.433],[-56.019,-13.448],[-55.977,-13.453],[-55.978,-13.431],[-55.963,-13.383],[-55.967,-13.33],[-55.925,-13.305],[-55.879,-13.257]]]}},{"type":"Feature","properties":{"code":"5105234"},"geometry":{"type":"Polygon","coordinates":[[[-57.895,-15.467],[-57.832,-15.51],[-57.844,-15.542],[-57.82,-15.574],[-57.813,-15.611],[-57.783,-15.64],[-57.799,-15.656],[-57.813,-15.718],[-57.799,-15.774],[-57.76,-15.68],[-57.719,-15.727],[-57.704,-15.7],[-57.713,-15.647],[-57.697,-15.599],[-57.696,-15.547],[-57.708,-15.519],[-57.701,-15.479],[-57.712,-15.454],[-57.508,-15.51],[-57.52,-15.463],[-57.572,-15.406],[-57.604,-15.327],[-57.599,-15.303],[-57.626,-15.174],[-57.677,-15.136],[-57.695,-15.132],[-57.742,-15.147],[-57.823,-15.142],[-57.837,-15.198],[-57.933,-15.237],[-57.961,-15.221],[-57.966,-15.235],[-58.02,-15.262],[-58.031,-15.284],[-58.081,-15.332],[-58.089,-15.389],[-58.103,-15.406],[-58.051,-15.361],[-58.018,-15.359],[-57.966,-15.395],[-57.973,-15.425],[-57.926,-15.429],[-57.895,-15.467]]]}},{"type":"Feature","properties":{"code":"5105309"},"geometry":{"type":"Polygon","coordinates":[[[-50.7,-11.313],[-50.671,-11.287],[-50.655,-11.215],[-50.664,-11.152],[-50.635,-11.097],[-50.609,-11.067],[-50.633,-10.932],[-50.601,-10.901],[-50.619,-10.864],[-50.612,-10.81],[-50.597,-10.805],[-50.571,-10.752],[-50.591,-10.681],[-50.603,-10.661],[-50.636,-10.688],[-50.66,-10.672],[-50.696,-10.674],[-50.699,-10.651],[-50.775,-10.648],[-50.824,-10.675],[-50.837,-10.712],[-50.886,-10.711],[-50.915,-10.742],[-50.96,-10.755],[-50.98,-10.776],[-51.006,-10.764],[-51.03,-10.784],[-51.035,-10.829],[-51.06,-10.837],[-51.072,-10.883],[-51.138,-10.899],[-51.164,-10.928],[-51.187,-10.922],[-51.203,-10.944],[-51.228,-10.946],[-51.246,-10.983],[-51.278,-11.006],[-51.323,-11.018],[-51.34,-10.989],[-51.365,-11.015],[-51.397,-11.024],[-51.412,-11.05],[-51.464,-11.081],[-51.499,-11.133],[-51.519,-11.178],[-51.086,-11.248],[-50.7,-11.31],[-50.7,-11.313]]]}},{"type":"Feature","properties":{"code":"5105622"},"geometry":{"type":"Polygon","coordinates":[[[-58.247,-15.709],[-58.268,-15.739],[-58.267,-15.77],[-58.287,-15.817],[-58.175,-15.829],[-58.132,-15.847],[-58.039,-15.821],[-58.004,-15.824],[-57.977,-15.813],[-57.944,-15.821],[-57.936,-15.797],[-57.967,-15.771],[-57.966,-15.714],[-57.928,-15.721],[-57.89,-15.75],[-57.879,-15.72],[-57.9,-15.682],[-57.904,-15.65],[-57.988,-15.604],[-57.991,-15.562],[-57.959,-15.529],[-57.942,-15.549],[-57.906,-15.554],[-57.916,-15.514],[-57.895,-15.467],[-57.926,-15.429],[-57.973,-15.425],[-57.966,-15.395],[-58.018,-15.359],[-58.158,-15.695],[-58.175,-15.713],[-58.215,-15.696],[-58.247,-15.709]]]}},{"type":"Feature","properties":{"code":"5105507"},"geometry":{"type":"Polygon","coordinates":[[[-59.473,-16.147],[-59.509,-16.17],[-59.56,-16.181],[-59.596,-16.179],[-59.647,-16.161],[-59.669,-16.164],[-59.714,-16.112],[-59.763,-16.079],[-59.767,-16.042],[-59.791,-16.03],[-59.802,-15.991],[-59.825,-15.957],[-59.894,-15.985],[-59.923,-15.979],[-59.942,-15.948],[-59.955,-15.899],[-59.952,-15.879],[-59.977,-15.862],[-59.97,-15.834],[-59.987,-15.803],[-60.014,-15.781],[-60.003,-15.743],[-60.042,-15.68],[-60.048,-15.637],[-60.016,-15.561],[-59.49,-15.441],[-59.432,-15.227],[-59.447,-15.219],[-59.493,-15.143],[-59.539,-15.048],[-59.575,-15.002],[-59.571,-14.977],[-59.545,-14.963],[-59.512,-14.962],[-59.478,-14.983],[-59.447,-14.959],[-59.584,-14.82],[-59.645,-14.819],[-59.681,-14.771],[-59.66,-14.751],[-59.684,-14.712],[-59.724,-14.671],[-59.773,-14.641],[-59.778,-14.608],[-59.798,-14.588],[-59.804,-14.556],[-59.836,-14.544],[-59.846,-14.513],[-59.873,-14.492],[-59.899,-14.498],[-59.931,-14.484],[-59.968,-14.45],[-59.978,-14.426],[-60.007,-14.409],[-60.107,-14.429],[-60.136,-14.407],[-60.15,-14.374],[-60.19,-14.321],[-60.196,-14.284],[-60.22,-14.268],[-60.231,-14.206],[-60.246,-14.172],[-60.273,-14.161],[-60.282,-14.109],[-60.31,-14.061],[-60.349,-14.01],[-60.383,-13.993],[-60.405,-13.998],[-60.407,-14.031],[-60.441,-14.079],[-60.481,-14.096],[-60.474,-14.191],[-60.45,-14.25],[-60.466,-14.264],[-60.454,-14.314],[-60.406,-14.36],[-60.407,-14.399],[-60.379,-14.464],[-60.34,-14.51],[-60.323,-14.611],[-60.274,-14.621],[-60.245,-15.098],[-60.576,-15.098],[-60.239,-15.475],[-60.213,-15.802],[-60.174,-16.267],[-59.705,-16.275],[-59.469,-16.28],[-59.452,-16.268],[-59.465,-16.202],[-59.49,-16.172],[-59.473,-16.147]]]}},{"type":"Feature","properties":{"code":"5105606"},"geometry":{"type":"Polygon","coordinates":[[[-55.154,-10.226],[-55.147,-10.198],[-55.101,-10.153],[-55.079,-10.158],[-55.056,-10.13],[-55.036,-10.157],[-55.01,-10.167],[-55.001,-10.136],[-54.977,-10.144],[-54.986,-10.175],[-54.965,-10.222],[-54.952,-10.211],[-54.916,-10.248],[-54.896,-10.234],[-54.857,-10.24],[-54.655,-10.354],[-54.547,-10.372],[-54.525,-10.39],[-54.431,-10.324],[-54.362,-10.326],[-54.341,-10.284],[-54.269,-10.242],[-54.245,-10.258],[-54.144,-10.238],[-54.082,-10.249],[-54.062,-10.233],[-54.064,-10.2],[-54.09,-10.189],[-54.113,-10.095],[-54.07,-10.04],[-54.057,-9.998],[-54.02,-9.991],[-54.005,-9.975],[-53.975,-9.889],[-53.959,-9.886],[-53.944,-9.851],[-53.866,-9.838],[-53.839,-9.841],[-53.835,-9.804],[-53.805,-9.802],[-53.783,-9.769],[-53.752,-9.743],[-53.761,-9.71],[-53.659,-9.681],[-53.639,-9.658],[-53.6,-9.649],[-53.61,-9.626],[-53.589,-9.611],[-54.107,-9.572],[-54.137,-9.588],[-54.144,-9.61],[-54.137,-9.646],[-54.15,-9.664],[-54.142,-9.727],[-54.155,-9.736],[-54.158,-9.793],[-54.191,-9.807],[-54.22,-9.8],[-54.256,-9.853],[-54.259,-9.871],[-54.239,-9.899],[-54.241,-9.935],[-54.267,-9.975],[-54.302,-9.977],[-54.42,-9.995],[-54.469,-9.999],[-54.522,-9.99],[-54.537,-9.966],[-54.592,-9.97],[-54.602,-9.986],[-54.639,-9.982],[-54.669,-10.055],[-55.138,-10.046],[-55.161,-10.067],[-55.172,-10.131],[-55.158,-10.165],[-55.17,-10.191],[-55.208,-10.173],[-55.242,-10.146],[-55.23,-10.187],[-55.202,-10.207],[-55.166,-10.218],[-55.154,-10.226]]]}},{"type":"Feature","properties":{"code":"5105580"},"geometry":{"type":"Polygon","coordinates":[[[-54.603,-11.184],[-54.569,-11.22],[-54.559,-11.286],[-54.544,-11.311],[-54.552,-11.353],[-54.53,-11.391],[-54.506,-11.413],[-54.481,-11.399],[-54.447,-11.365],[-54.421,-11.325],[-54.358,-11.327],[-54.338,-11.354],[-54.301,-11.369],[-54.269,-11.358],[-54.227,-11.328],[-54.202,-11.321],[-54.166,-11.292],[-54.129,-11.3],[-54.11,-11.284],[-54.083,-11.285],[-54.017,-11.248],[-53.965,-11.258],[-53.945,-11.244],[-53.912,-11.242],[-53.83,-11.255],[-53.779,-11.29],[-53.764,-11.242],[-53.727,-11.217],[-53.71,-11.191],[-53.688,-11.186],[-53.674,-11.148],[-53.643,-11.152],[-53.615,-11.122],[-53.593,-11.121],[-53.56,-11.085],[-53.517,-11.095],[-53.489,-11.057],[-53.436,-11.048],[-53.393,-11.057],[-53.373,-11.048],[-53.374,-11.021],[-53.342,-11.027],[-53.338,-10.99],[-53.318,-10.958],[-53.299,-10.93],[-53.238,-10.871],[-53.194,-10.858],[-53.163,-10.859],[-53.123,-10.831],[-53.098,-10.778],[-53.127,-10.774],[-53.319,-10.643],[-53.659,-10.516],[-53.737,-10.54],[-53.788,-10.539],[-53.864,-10.563],[-53.925,-10.565],[-53.973,-10.518],[-54.037,-10.496],[-54.078,-10.45],[-54.2,-10.444],[-54.246,-10.433],[-54.289,-10.455],[-54.351,-10.455],[-54.398,-10.493],[-54.429,-10.543],[-54.483,-10.567],[-54.523,-10.571],[-54.554,-10.607],[-54.608,-10.593],[-54.633,-10.629],[-54.628,-10.652],[-54.67,-10.692],[-54.719,-10.72],[-54.735,-10.768],[-54.754,-10.778],[-54.751,-10.806],[-54.782,-10.851],[-54.782,-10.867],[-54.81,-10.895],[-54.836,-10.9],[-54.858,-10.927],[-54.86,-10.95],[-54.894,-10.969],[-54.847,-11.001],[-54.76,-11.048],[-54.747,-11.071],[-54.674,-11.116],[-54.621,-11.181],[-54.603,-11.184]]]}},{"type":"Feature","properties":{"code":"5104906"},"geometry":{"type":"Polygon","coordinates":[[[-56.545,-15.525],[-56.503,-15.511],[-56.465,-15.457],[-56.429,-15.434],[-56.4,-15.433],[-56.386,-15.412],[-56.355,-15.412],[-56.39,-15.394],[-56.41,-15.364],[-56.451,-15.268],[-56.424,-15.214],[-56.392,-15.21],[-56.41,-15.162],[-56.45,-15.144],[-56.485,-15.119],[-56.541,-15.138],[-56.593,-15.226],[-56.61,-15.24],[-56.65,-15.232],[-56.685,-15.277],[-56.709,-15.282],[-56.745,-15.327],[-56.894,-15.469],[-56.937,-15.541],[-56.905,-15.517],[-56.866,-15.467],[-56.782,-15.395],[-56.745,-15.416],[-56.701,-15.408],[-56.652,-15.442],[-56.683,-15.479],[-56.561,-15.481],[-56.545,-15.525]]]}},{"type":"Feature","properties":{"code":"5104807"},"geometry":{"type":"Polygon","coordinates":[[[-55.42,-15.931],[-55.433,-15.966],[-55.393,-16.003],[-55.371,-16.04],[-55.37,-16.086],[-55.382,-16.11],[-55.438,-16.163],[-55.475,-16.18],[-55.508,-16.229],[-55.518,-16.26],[-55.519,-16.309],[-55.478,-16.313],[-55.416,-16.307],[-55.35,-16.317],[-55.324,-16.3],[-55.293,-16.262],[-55.285,-16.218],[-55.255,-16.173],[-55.223,-16.156],[-55.164,-16.14],[-55.123,-16.097],[-55.087,-16.089],[-55.051,-16.098],[-55.022,-16.092],[-54.975,-16.102],[-54.951,-16.119],[-54.927,-16.056],[-54.946,-16.013],[-54.912,-15.983],[-54.942,-15.95],[-54.952,-15.918],[-54.959,-15.826],[-54.971,-15.805],[-54.963,-15.776],[-55.002,-15.773],[-55.015,-15.758],[-55.004,-15.705],[-55.005,-15.671],[-54.986,-15.667],[-54.977,-15.627],[-55.067,-15.602],[-55.084,-15.61],[-55.09,-15.659],[-55.13,-15.688],[-55.201,-15.711],[-55.242,-15.741],[-55.248,-15.776],[-55.303,-15.898],[-55.309,-15.888],[-55.383,-15.883],[-55.42,-15.931]]]}},{"type":"Feature","properties":{"code":"5105150"},"geometry":{"type":"Polygon","coordinates":[[[-58.448,-11.922],[-58.433,-11.911],[-58.434,-11.857],[-58.424,-11.83],[-58.402,-11.812],[-58.389,-11.774],[-58.391,-11.713],[-58.417,-11.614],[-58.389,-11.603],[-58.383,-11.541],[-58.335,-11.502],[-58.325,-11.449],[-58.34,-11.407],[-58.341,-11.359],[-58.33,-11.327],[-58.346,-11.296],[-58.333,-11.269],[-58.377,-11.261],[-58.375,-11.239],[-58.38,-11.25],[-58.459,-11.254],[-58.491,-11.28],[-58.53,-11.297],[-58.587,-11.295],[-58.649,-11.248],[-58.8,-11.176],[-58.798,-11.166],[-58.832,-11.119],[-58.837,-11.088],[-58.802,-11.055],[-58.861,-11.019],[-58.899,-11.005],[-58.927,-11.011],[-58.948,-10.993],[-58.923,-10.915],[-58.937,-10.902],[-58.984,-10.893],[-58.993,-10.873],[-58.922,-10.862],[-58.868,-10.836],[-58.863,-10.797],[-58.909,-10.791],[-58.882,-10.618],[-58.918,-10.635],[-58.915,-10.704],[-58.932,-10.736],[-59.003,-10.786],[-59.049,-10.773],[-59.114,-10.812],[-59.14,-10.813],[-59.216,-10.792],[-59.252,-10.816],[-59.329,-10.814],[-59.366,-10.802],[-59.394,-10.762],[-59.426,-10.749],[-59.461,-10.721],[-59.492,-10.742],[-59.53,-10.726],[-59.559,-10.736],[-59.661,-10.742],[-59.67,-10.779],[-59.714,-10.804],[-59.765,-10.805],[-59.769,-10.816],[-59.825,-10.825],[-59.853,-10.851],[-59.883,-10.858],[-59.939,-10.84],[-59.967,-10.819],[-59.996,-10.844],[-60.075,-10.877],[-60.134,-10.881],[-60.162,-10.905],[-60.261,-10.919],[-60.328,-10.912],[-60.36,-10.896],[-60.362,-10.876],[-60.404,-10.852],[-60.449,-10.907],[-60.434,-10.932],[-60.46,-10.99],[-60.43,-11.037],[-60.411,-11.047],[-60.392,-11.094],[-60.35,-11.108],[-60.342,-11.083],[-60.301,-11.057],[-60.281,-11.091],[-60.241,-11.097],[-60.191,-11.114],[-60.176,-11.099],[-60.075,-11.105],[-60.066,-11.121],[-60.032,-11.128],[-59.977,-11.122],[-59.995,-11.148],[-59.981,-11.204],[-59.98,-11.239],[-59.959,-11.295],[-59.927,-11.311],[-59.917,-11.338],[-59.921,-11.398],[-59.934,-11.424],[-59.976,-11.439],[-59.985,-11.469],[-60.031,-11.497],[-60.057,-11.542],[-60.094,-11.563],[-60.115,-11.591],[-60.11,-11.616],[-60.122,-11.682],[-60.112,-11.759],[-60.097,-11.795],[-60.103,-11.819],[-60.089,-11.863],[-60.066,-11.891],[-60.007,-11.895],[-59.984,-11.915],[-59.987,-11.96],[-59.971,-11.97],[-59.97,-12.033],[-59.962,-12.056],[-59.929,-12.079],[-59.9,-12.117],[-59.9,-12.166],[-59.911,-12.187],[-59.887,-12.245],[-59.779,-12.341],[-59.729,-12.326],[-59.709,-12.31],[-59.688,-12.319],[-59.639,-12.305],[-59.598,-12.314],[-59.557,-12.297],[-59.498,-12.3],[-59.474,-12.291],[-59.351,-12.281],[-59.273,-12.29],[-59.229,-12.305],[-59.191,-12.337],[-59.171,-12.367],[-59.128,-12.354],[-59.105,-12.306],[-59.048,-12.259],[-58.964,-12.223],[-58.869,-12.213],[-58.838,-12.203],[-58.788,-12.158],[-58.737,-12.141],[-58.684,-12.095],[-58.673,-12.066],[-58.627,-12.045],[-58.611,-12.05],[-58.581,-12.012],[-58.561,-12.017],[-58.522,-11.989],[-58.5,-11.937],[-58.448,-11.922]]]}},{"type":"Feature","properties":{"code":"5105101"},"geometry":{"type":"Polygon","coordinates":[[[-57.734,-12.209],[-57.688,-12.177],[-57.65,-12.138],[-57.616,-12.128],[-57.615,-12.102],[-57.544,-12.066],[-57.522,-12.081],[-57.46,-12.095],[-57.41,-12.096],[-57.423,-12.055],[-57.408,-12.021],[-57.424,-12.007],[-57.422,-11.963],[-57.437,-11.909],[-57.431,-11.864],[-57.397,-11.84],[-57.395,-11.793],[-57.415,-11.742],[-57.406,-11.72],[-57.411,-11.701],[-57.394,-11.677],[-57.41,-11.655],[-57.391,-11.624],[-57.419,-11.61],[-57.443,-11.564],[-57.421,-11.533],[-57.408,-11.494],[-57.438,-11.466],[-57.442,-11.441],[-57.516,-11.372],[-57.552,-11.352],[-57.557,-11.326],[-57.465,-11.291],[-57.434,-11.3],[-57.405,-11.293],[-57.319,-11.249],[-57.282,-11.284],[-57.237,-11.304],[-57.187,-11.316],[-57.139,-11.318],[-57.115,-11.309],[-57.093,-11.283],[-57.051,-11.253],[-57.076,-11.211],[-57.064,-11.184],[-57.02,-11.141],[-57.026,-11.055],[-57.051,-11.015],[-57.075,-10.994],[-57.035,-10.974],[-56.972,-10.977],[-56.934,-10.942],[-56.849,-10.95],[-56.847,-10.972],[-56.787,-10.984],[-56.782,-10.961],[-56.738,-10.904],[-56.732,-10.866],[-56.782,-10.799],[-56.803,-10.782],[-56.82,-10.737],[-56.804,-10.71],[-56.799,-10.652],[-56.787,-10.629],[-56.782,-10.569],[-56.75,-10.54],[-56.749,-10.525],[-56.715,-10.492],[-56.763,-10.449],[-56.765,-10.43],[-56.808,-10.411],[-56.805,-10.391],[-56.87,-10.374],[-56.979,-10.361],[-56.988,-10.327],[-56.97,-10.315],[-56.964,-10.284],[-57.059,-10.311],[-57.153,-10.312],[-57.162,-10.325],[-57.209,-10.295],[-57.248,-10.293],[-57.27,-10.274],[-57.332,-10.277],[-57.351,-10.286],[-57.431,-10.267],[-57.452,-10.254],[-57.5,-10.273],[-57.541,-10.277],[-57.6,-10.249],[-57.603,-10.299],[-57.646,-10.313],[-57.675,-10.313],[-57.683,-10.346],[-57.741,-10.353],[-57.773,-10.376],[-57.849,-10.385],[-57.891,-10.409],[-57.908,-10.405],[-58.002,-10.433],[-58.007,-10.397],[-58.07,-10.384],[-58.168,-10.422],[-58.205,-10.409],[-58.255,-10.441],[-58.3,-10.439],[-58.338,-10.409],[-58.338,-10.438],[-58.355,-10.458],[-58.37,-10.505],[-58.41,-10.542],[-58.419,-10.566],[-58.381,-10.625],[-58.391,-10.655],[-58.369,-10.696],[-58.37,-10.727],[-58.331,-10.796],[-58.353,-10.871],[-58.337,-10.913],[-58.343,-10.951],[-58.318,-10.972],[-58.312,-11.004],[-58.288,-11.001],[-58.251,-11.052],[-58.249,-11.128],[-58.276,-11.164],[-58.235,-11.217],[-58.228,-11.244],[-58.199,-11.258],[-58.184,-11.289],[-58.153,-11.268],[-58.127,-11.287],[-58.128,-11.328],[-58.155,-11.422],[-58.14,-11.455],[-58.178,-11.488],[-58.172,-11.512],[-58.141,-11.514],[-58.123,-11.569],[-58.093,-11.579],[-58.066,-11.633],[-58.077,-11.69],[-58.046,-11.712],[-58.053,-11.737],[-58.034,-11.768],[-57.975,-11.808],[-57.966,-11.846],[-57.929,-11.879],[-57.93,-11.904],[-57.888,-11.938],[-57.89,-11.982],[-57.871,-12.005],[-57.867,-12.056],[-57.88,-12.095],[-57.871,-12.114],[-57.843,-12.116],[-57.83,-12.146],[-57.804,-12.142],[-57.777,-12.172],[-57.751,-12.174],[-57.734,-12.209]]]}},{"type":"Feature","properties":{"code":"5105200"},"geometry":{"type":"Polygon","coordinates":[[[-54.971,-16.471],[-54.978,-16.454],[-54.96,-16.411],[-54.935,-16.375],[-54.94,-16.331],[-54.909,-16.301],[-54.909,-16.269],[-54.871,-16.274],[-54.825,-16.262],[-54.79,-16.206],[-54.75,-16.189],[-54.719,-16.166],[-54.694,-16.172],[-54.676,-16.149],[-54.637,-16.13],[-54.596,-16.12],[-54.547,-16.09],[-54.479,-16.068],[-54.474,-16.041],[-54.45,-16.007],[-54.439,-15.967],[-54.458,-15.922],[-54.576,-15.882],[-54.562,-15.912],[-54.581,-15.935],[-54.588,-15.967],[-54.611,-15.981],[-54.785,-15.996],[-54.837,-16.011],[-54.891,-15.998],[-54.927,-16.056],[-54.951,-16.119],[-54.975,-16.102],[-55.022,-16.092],[-55.051,-16.098],[-55.087,-16.089],[-55.123,-16.097],[-55.164,-16.14],[-55.223,-16.156],[-55.255,-16.173],[-55.2,-16.453],[-55.158,-16.442],[-55.117,-16.449],[-55.099,-16.44],[-55.048,-16.451],[-55.017,-16.513],[-54.971,-16.471]]]}},{"type":"Feature","properties":{"code":"5105176"},"geometry":{"type":"Polygon","coordinates":[[[-58.909,-10.791],[-58.894,-10.75],[-58.835,-10.716],[-58.738,-10.691],[-58.727,-10.67],[-58.65,-10.664],[-58.624,-10.637],[-58.549,-10.621],[-58.534,-10.636],[-58.504,-10.627],[-58.459,-10.598],[-58.455,-10.582],[-58.419,-10.566],[-58.41,-10.542],[-58.37,-10.505],[-58.355,-10.458],[-58.338,-10.438],[-58.338,-10.409],[-58.337,-10.382],[-58.356,-10.348],[-58.358,-10.267],[-58.346,-10.228],[-58.321,-10.188],[-58.323,-10.128],[-58.844,-10.131],[-58.842,-10.174],[-58.828,-10.204],[-58.819,-10.256],[-58.797,-10.281],[-58.837,-10.334],[-58.843,-10.356],[-58.881,-10.393],[-58.87,-10.432],[-58.906,-10.548],[-58.927,-10.557],[-58.882,-10.618],[-58.909,-10.791]]]}},{"type":"Feature","properties":{"code":"5105002"},"geometry":{"type":"Polygon","coordinates":[[[-58.857,-15.6],[-58.87,-15.569],[-58.858,-15.538],[-58.856,-15.496],[-58.8,-15.454],[-58.77,-15.45],[-58.788,-15.377],[-58.735,-15.346],[-58.697,-15.314],[-58.716,-15.279],[-58.73,-15.221],[-58.726,-15.156],[-58.753,-15.047],[-58.722,-15.024],[-58.722,-15.0],[-58.854,-15.0],[-58.883,-15.018],[-58.874,-15.063],[-58.883,-15.158],[-58.898,-15.156],[-58.949,-15.181],[-58.926,-15.243],[-58.926,-15.274],[-58.942,-15.297],[-59.025,-15.324],[-59.003,-15.365],[-59.019,-15.398],[-59.013,-15.418],[-59.067,-15.459],[-59.093,-15.467],[-59.088,-15.478],[-59.023,-15.498],[-59.008,-15.535],[-58.947,-15.573],[-58.896,-15.595],[-58.857,-15.6]]]}},{"type":"Feature","properties":{"code":"5104203"},"geometry":{"type":"Polygon","coordinates":[[[-53.862,-16.758],[-53.821,-16.799],[-53.757,-16.779],[-53.729,-16.762],[-53.716,-16.732],[-53.67,-16.72],[-53.61,-16.729],[-53.583,-16.72],[-53.569,-16.698],[-53.498,-16.669],[-53.461,-16.683],[-53.416,-16.68],[-53.41,-16.642],[-53.42,-16.605],[-53.41,-16.59],[-53.428,-16.56],[-53.385,-16.522],[-53.365,-16.483],[-53.297,-16.473],[-53.297,-16.45],[-53.245,-16.477],[-53.211,-16.456],[-53.192,-16.418],[-53.148,-16.393],[-53.15,-16.345],[-53.168,-16.262],[-53.139,-16.221],[-53.101,-16.193],[-53.075,-16.195],[-52.978,-16.145],[-52.981,-16.133],[-53.04,-16.084],[-53.064,-16.076],[-53.072,-16.047],[-53.049,-16.019],[-53.057,-15.96],[-53.091,-15.956],[-53.145,-15.981],[-53.163,-15.999],[-53.202,-15.999],[-53.243,-16.012],[-53.291,-16.076],[-53.309,-16.117],[-53.295,-16.197],[-53.365,-16.239],[-53.347,-16.258],[-53.359,-16.277],[-53.392,-16.268],[-53.446,-16.21],[-53.459,-16.177],[-53.495,-16.143],[-53.54,-16.138],[-53.562,-16.123],[-53.605,-16.189],[-53.616,-16.228],[-53.672,-16.206],[-53.698,-16.187],[-53.804,-16.21],[-53.836,-16.192],[-53.888,-16.19],[-53.942,-16.207],[-53.924,-16.247],[-53.944,-16.267],[-53.952,-16.311],[-53.949,-16.356],[-54.028,-16.372],[-54.066,-16.334],[-54.095,-16.319],[-54.124,-16.318],[-54.15,-16.3],[-54.2,-16.309],[-54.227,-16.323],[-54.206,-16.368],[-54.164,-16.37],[-54.166,-16.395],[-54.197,-16.405],[-54.22,-16.437],[-54.206,-16.45],[-54.209,-16.492],[-54.168,-16.506],[-54.13,-16.5],[-54.11,-16.483],[-54.037,-16.468],[-53.98,-16.499],[-53.959,-16.529],[-53.917,-16.559],[-53.883,-16.594],[-53.856,-16.575],[-53.842,-16.607],[-53.85,-16.664],[-53.828,-16.706],[-53.829,-16.73],[-53.862,-16.758]]]}},{"type":"Feature","properties":{"code":"5104609"},"geometry":{"type":"Polygon","coordinates":[[[-55.137,-17.65],[-55.073,-17.632],[-55.047,-17.64],[-54.943,-17.609],[-54.861,-17.624],[-54.825,-17.61],[-54.801,-17.583],[-54.759,-17.566],[-54.747,-17.52],[-54.69,-17.503],[-54.636,-17.496],[-54.57,-17.473],[-54.502,-17.481],[-54.474,-17.498],[-54.469,-17.527],[-54.426,-17.537],[-54.392,-17.571],[-54.377,-17.607],[-54.388,-17.632],[-54.343,-17.656],[-54.302,-17.662],[-54.275,-17.654],[-54.244,-17.629],[-54.192,-17.606],[-54.157,-17.605],[-54.134,-17.619],[-54.085,-17.619],[-54.052,-17.563],[-54.046,-17.537],[-54.058,-17.513],[-54.023,-17.477],[-53.973,-17.472],[-53.931,-17.439],[-53.869,-17.369],[-53.831,-17.355],[-53.82,-17.295],[-53.786,-17.288],[-53.763,-17.247],[-53.705,-17.228],[-53.68,-17.254],[-53.683,-17.226],[-53.721,-17.189],[-53.778,-17.181],[-53.809,-17.147],[-53.849,-17.133],[-53.892,-17.131],[-53.919,-17.151],[-53.951,-17.14],[-53.929,-17.095],[-53.944,-17.056],[-53.982,-17.002],[-53.975,-16.975],[-54.017,-16.933],[-54.157,-17.045],[-54.192,-17.032],[-54.22,-17.068],[-54.27,-17.07],[-54.291,-17.092],[-54.356,-17.089],[-54.377,-17.099],[-54.444,-17.103],[-54.468,-17.112],[-54.532,-17.079],[-54.583,-17.078],[-54.646,-17.1],[-54.689,-17.083],[-54.724,-17.04],[-54.841,-17.073],[-54.895,-17.074],[-54.934,-17.086],[-54.947,-17.108],[-54.989,-17.117],[-55.025,-17.103],[-55.079,-17.134],[-55.116,-17.185],[-55.148,-17.191],[-55.221,-17.268],[-55.28,-17.295],[-55.327,-17.336],[-55.354,-17.339],[-55.361,-17.36],[-55.42,-17.359],[-55.434,-17.371],[-55.469,-17.347],[-55.486,-17.35],[-55.531,-17.328],[-55.591,-17.352],[-55.603,-17.367],[-55.584,-17.383],[-55.589,-17.414],[-55.515,-17.484],[-55.483,-17.479],[-55.433,-17.512],[-55.405,-17.512],[-55.354,-17.532],[-55.332,-17.549],[-55.3,-17.541],[-55.263,-17.565],[-55.252,-17.592],[-55.139,-17.648],[-55.137,-17.65]]]}},{"type":"Feature","properties":{"code":"5104500"},"geometry":{"type":"Polygon","coordinates":[[[-58.697,-15.314],[-58.655,-15.349],[-58.642,-15.39],[-58.607,-15.454],[-58.598,-15.498],[-58.581,-15.51],[-58.484,-15.515],[-58.481,-15.464],[-58.492,-15.405],[-58.491,-15.35],[-58.539,-15.357],[-58.536,-15.304],[-58.551,-15.27],[-58.547,-15.23],[-58.557,-15.207],[-58.552,-15.162],[-58.601,-15.218],[-58.649,-15.179],[-58.726,-15.156],[-58.73,-15.221],[-58.716,-15.279],[-58.697,-15.314]]]}},{"type":"Feature","properties":{"code":"5104559"},"geometry":{"type":"Polygon","coordinates":[[[-55.463,-11.355],[-55.468,-11.319],[-55.449,-11.257],[-55.453,-11.233],[-55.435,-11.194],[-55.382,-11.146],[-55.339,-11.181],[-55.323,-11.211],[-55.322,-11.248],[-55.283,-11.278],[-55.228,-11.28],[-55.204,-11.303],[-55.173,-11.266],[-55.172,-11.236],[-55.15,-11.188],[-55.106,-11.212],[-55.057,-11.21],[-55.021,-11.186],[-54.947,-11.169],[-54.922,-11.176],[-54.915,-11.143],[-54.922,-11.1],[-54.938,-11.09],[-54.942,-11.036],[-55.002,-11.015],[-55.03,-11.021],[-55.047,-11.003],[-55.076,-11.006],[-55.099,-10.976],[-55.166,-10.943],[-55.227,-10.921],[-55.272,-10.934],[-55.296,-10.904],[-55.274,-10.875],[-55.394,-10.924],[-55.431,-10.971],[-55.446,-11.014],[-55.482,-11.0],[-55.523,-11.015],[-55.532,-10.981],[-55.549,-10.959],[-55.617,-10.961],[-55.68,-10.982],[-55.691,-10.972],[-55.737,-10.975],[-55.765,-10.986],[-55.808,-10.968],[-55.851,-10.983],[-55.85,-10.931],[-55.883,-10.873],[-55.923,-10.869],[-55.94,-10.903],[-56.018,-10.939],[-56.078,-10.961],[-56.121,-10.986],[-56.178,-11.032],[-56.248,-11.042],[-56.275,-11.068],[-56.312,-11.07],[-56.321,-11.093],[-56.114,-11.174],[-56.074,-11.172],[-56.041,-11.204],[-56.006,-11.213],[-55.994,-11.232],[-55.958,-11.245],[-55.924,-11.244],[-55.877,-11.278],[-55.84,-11.288],[-55.836,-11.311],[-55.798,-11.309],[-55.753,-11.33],[-55.693,-11.299],[-55.671,-11.298],[-55.617,-11.321],[-55.579,-11.369],[-55.512,-11.405],[-55.463,-11.355]]]}},{"type":"Feature","properties":{"code":"5104542"},"geometry":{"type":"Polygon","coordinates":[[[-56.956,-12.299],[-56.933,-12.289],[-56.908,-12.325],[-56.847,-12.372],[-56.789,-12.368],[-56.763,-12.342],[-56.686,-12.318],[-56.671,-12.323],[-56.627,-12.367],[-56.594,-12.336],[-56.567,-12.349],[-56.529,-12.348],[-56.513,-12.329],[-56.48,-12.322],[-56.415,-12.248],[-56.404,-12.197],[-56.389,-12.185],[-56.399,-12.161],[-56.407,-12.095],[-56.459,-12.026],[-56.461,-11.995],[-56.503,-11.981],[-56.55,-11.984],[-56.567,-11.961],[-56.635,-11.976],[-56.64,-11.99],[-56.689,-11.989],[-56.717,-11.976],[-56.787,-11.914],[-56.834,-11.926],[-56.906,-11.924],[-56.959,-11.96],[-56.98,-11.956],[-57.044,-11.971],[-57.064,-11.961],[-57.107,-11.998],[-57.145,-12.007],[-57.136,-12.046],[-57.106,-12.082],[-57.037,-12.23],[-57.042,-12.251],[-57.008,-12.284],[-56.956,-12.299]]]}},{"type":"Feature","properties":{"code":"5104526"},"geometry":{"type":"Polygon","coordinates":[[[-56.06,-12.429],[-56.061,-12.399],[-56.017,-12.367],[-56.017,-12.328],[-55.971,-12.298],[-55.918,-12.214],[-55.892,-12.203],[-55.903,-12.162],[-55.887,-12.14],[-55.903,-12.105],[-55.898,-12.078],[-55.909,-12.034],[-55.88,-11.954],[-55.877,-11.871],[-55.837,-11.84],[-55.824,-11.781],[-55.827,-11.752],[-55.772,-11.725],[-55.733,-11.726],[-55.711,-11.685],[-55.704,-11.653],[-55.754,-11.65],[-55.747,-11.605],[-55.769,-11.598],[-55.797,-11.525],[-55.814,-11.498],[-55.78,-11.446],[-55.827,-11.48],[-55.841,-11.557],[-55.862,-11.579],[-55.929,-11.609],[-55.965,-11.616],[-55.999,-11.643],[-56.016,-11.669],[-56.072,-11.692],[-56.076,-11.722],[-56.099,-11.745],[-56.106,-11.8],[-56.099,-11.825],[-56.158,-11.858],[-56.153,-11.901],[-56.211,-11.918],[-56.214,-11.94],[-56.241,-11.954],[-56.258,-12.005],[-56.322,-12.118],[-56.313,-12.138],[-56.389,-12.185],[-56.404,-12.197],[-56.415,-12.248],[-56.357,-12.266],[-56.33,-12.327],[-56.282,-12.365],[-56.253,-12.412],[-56.244,-12.441],[-56.19,-12.382],[-56.152,-12.405],[-56.121,-12.403],[-56.121,-12.428],[-56.06,-12.429]]]}},{"type":"Feature","properties":{"code":"5103858"},"geometry":{"type":"Polygon","coordinates":[[[-53.548,-11.949],[-53.523,-11.995],[-53.541,-12.037],[-53.554,-12.089],[-53.581,-12.107],[-53.593,-12.133],[-53.602,-12.212],[-53.645,-12.242],[-53.701,-12.355],[-53.718,-12.359],[-53.728,-12.402],[-53.773,-12.426],[-53.798,-12.471],[-53.795,-12.529],[-53.774,-12.55],[-53.794,-12.594],[-53.805,-12.662],[-53.846,-12.718],[-53.835,-12.781],[-53.864,-12.823],[-53.892,-12.843],[-53.897,-12.886],[-53.933,-12.914],[-53.936,-12.954],[-53.966,-12.973],[-53.996,-13.014],[-53.977,-13.066],[-53.983,-13.104],[-54.004,-13.127],[-54.01,-13.211],[-54.025,-13.246],[-54.007,-13.293],[-54.007,-13.328],[-54.025,-13.375],[-54.02,-13.43],[-54.036,-13.508],[-54.031,-13.535],[-54.047,-13.574],[-54.053,-13.656],[-54.087,-13.701],[-54.078,-13.722],[-54.071,-13.814],[-54.043,-13.796],[-54.019,-13.803],[-53.986,-13.788],[-53.96,-13.797],[-53.927,-13.777],[-53.917,-13.742],[-53.886,-13.732],[-53.85,-13.701],[-53.854,-13.689],[-53.816,-13.649],[-53.783,-13.59],[-53.755,-13.586],[-53.715,-13.564],[-53.683,-13.52],[-53.657,-13.46],[-53.639,-13.467],[-53.633,-13.508],[-53.649,-13.552],[-53.64,-13.572],[-53.652,-13.6],[-53.706,-13.675],[-53.699,-13.707],[-53.721,-13.732],[-53.7,-13.767],[-53.657,-13.76],[-53.613,-13.779],[-53.566,-13.762],[-53.507,-13.721],[-53.469,-13.653],[-53.42,-13.653],[-53.407,-13.682],[-53.353,-13.716],[-53.325,-13.711],[-53.286,-13.721],[-53.289,-13.746],[-53.251,-13.772],[-53.224,-13.775],[-53.2,-13.731],[-53.165,-13.708],[-53.139,-13.656],[-53.101,-13.635],[-53.08,-13.621],[-53.088,-13.591],[-53.075,-13.56],[-53.088,-13.536],[-53.075,-13.509],[-53.069,-13.447],[-53.05,-13.439],[-53.04,-13.393],[-53.014,-13.329],[-52.964,-13.267],[-52.959,-13.231],[-52.928,-13.201],[-52.888,-13.092],[-52.885,-13.061],[-52.866,-13.034],[-52.879,-12.986],[-52.826,-12.926],[-52.832,-12.906],[-52.815,-12.884],[-52.813,-12.849],[-52.835,-12.838],[-52.85,-12.809],[-52.894,-12.787],[-52.917,-12.757],[-52.934,-12.682],[-52.953,-12.664],[-52.95,-12.637],[-52.92,-12.621],[-52.925,-12.603],[-52.945,-12.585],[-52.986,-12.529],[-53.021,-12.541],[-53.019,-12.51],[-53.106,-12.434],[-53.112,-12.395],[-53.101,-12.376],[-53.162,-12.325],[-53.191,-12.308],[-53.191,-12.264],[-53.228,-12.267],[-53.26,-12.229],[-53.307,-12.229],[-53.3,-12.201],[-53.31,-12.155],[-53.343,-12.138],[-53.342,-12.097],[-53.362,-12.082],[-53.361,-12.053],[-53.388,-12.042],[-53.451,-11.976],[-53.481,-11.981],[-53.487,-11.949],[-53.547,-11.937],[-53.548,-11.949]]]}},{"type":"Feature","properties":{"code":"5103908"},"geometry":{"type":"Polygon","coordinates":[[[-53.733,-15.343],[-53.754,-15.362],[-53.805,-15.371],[-53.813,-15.409],[-53.843,-15.433],[-53.882,-15.485],[-53.91,-15.493],[-53.917,-15.586],[-53.938,-15.615],[-53.898,-15.671],[-53.913,-15.694],[-53.884,-15.723],[-53.89,-15.752],[-53.846,-15.834],[-53.802,-15.848],[-53.766,-15.885],[-53.748,-15.863],[-53.781,-15.815],[-53.768,-15.777],[-53.775,-15.72],[-53.752,-15.712],[-53.686,-15.724],[-53.63,-15.718],[-53.586,-15.688],[-53.566,-15.651],[-53.516,-15.64],[-53.496,-15.595],[-53.444,-15.573],[-53.364,-15.578],[-53.343,-15.59],[-53.312,-15.586],[-53.261,-15.594],[-53.242,-15.626],[-53.195,-15.638],[-53.192,-15.665],[-53.162,-15.696],[-53.154,-15.724],[-53.11,-15.745],[-53.095,-15.728],[-53.041,-15.738],[-53.0,-15.726],[-52.9,-15.716],[-52.869,-15.7],[-52.767,-15.735],[-52.751,-15.721],[-52.767,-15.685],[-52.771,-15.643],[-52.754,-15.606],[-52.703,-15.556],[-52.727,-15.479],[-52.809,-15.452],[-52.841,-15.465],[-52.884,-15.507],[-52.953,-15.522],[-52.993,-15.518],[-53.052,-15.561],[-53.084,-15.548],[-53.149,-15.453],[-53.062,-15.44],[-53.034,-15.405],[-53.011,-15.39],[-52.978,-15.393],[-52.915,-15.38],[-52.876,-15.361],[-52.845,-15.335],[-52.863,-15.314],[-52.92,-15.294],[-52.939,-15.269],[-52.968,-15.279],[-53.049,-15.251],[-53.094,-15.246],[-53.116,-15.23],[-53.138,-15.236],[-53.166,-15.218],[-53.212,-15.223],[-53.255,-15.238],[-53.288,-15.292],[-53.303,-15.305],[-53.321,-15.366],[-53.381,-15.374],[-53.397,-15.348],[-53.443,-15.347],[-53.483,-15.369],[-53.514,-15.363],[-53.549,-15.376],[-53.608,-15.349],[-53.629,-15.358],[-53.658,-15.342],[-53.733,-15.343]]]}}]}