{"type":"FeatureCollection","features":[{"type":"Feature","properties":{"code":"5219357"},"geometry":{"type":"Polygon","coordinates":[[[-49.282,-15.438],[-49.298,-15.41],[-49.275,-15.388],[-49.286,-15.371],[-49.262,-15.351],[-49.282,-15.329],[-49.341,-15.344],[-49.355,-15.328],[-49.343,-15.276],[-49.322,-15.233],[-49.319,-15.189],[-49.305,-15.155],[-49.312,-15.123],[-49.29,-14.991],[-49.323,-14.989],[-49.348,-15.028],[-49.386,-15.049],[-49.398,-15.094],[-49.439,-15.116],[-49.453,-15.1],[-49.478,-15.139],[-49.481,-15.177],[-49.506,-15.176],[-49.498,-15.203],[-49.521,-15.27],[-49.483,-15.328],[-49.487,-15.357],[-49.454,-15.382],[-49.463,-15.432],[-49.422,-15.428],[-49.41,-15.439],[-49.362,-15.44],[-49.34,-15.492],[-49.314,-15.493],[-49.309,-15.466],[-49.282,-15.438]]]}},{"type":"Feature","properties":{"code":"5210802"},"geometry":{"type":"Polygon","coordinates":[[[-51.448,-19.16],[-51.462,-19.123],[-51.436,-19.066],[-51.386,-19.075],[-51.328,-19.076],[-51.321,-19.101],[-51.272,-19.121],[-51.265,-19.142],[-51.221,-19.152],[-51.203,-19.183],[-51.167,-19.19],[-51.157,-19.205],[-51.103,-19.215],[-51.089,-19.263],[-51.092,-19.308],[-51.045,-19.343],[-51.02,-19.387],[-50.988,-19.408],[-50.986,-19.429],[-50.952,-19.443],[-50.935,-19.468],[-50.849,-19.498],[-50.826,-19.473],[-50.875,-19.423],[-50.828,-19.311],[-50.879,-19.284],[-50.898,-19.257],[-50.905,-19.223],[-50.933,-19.224],[-50.991,-19.167],[-51.031,-19.171],[-51.082,-19.12],[-51.12,-19.117],[-51.125,-19.1],[-51.171,-19.063],[-51.186,-19.072],[-51.226,-19.034],[-51.256,-19.031],[-51.305,-19.009],[-51.3,-18.984],[-51.33,-18.951],[-51.432,-18.892],[-51.481,-18.882],[-51.523,-18.852],[-51.581,-18.829],[-51.596,-18.795],[-51.664,-18.782],[-51.724,-18.834],[-51.692,-19.066],[-51.692,-19.118],[-51.66,-19.134],[-51.609,-19.141],[-51.592,-19.127],[-51.539,-19.143],[-51.499,-19.161],[-51.448,-19.16]]]}},{"type":"Feature","properties":{"code":"5202601"},"geometry":{"type":"Polygon","coordinates":[[[-50.66,-16.613],[-50.606,-16.636],[-50.607,-16.671],[-50.584,-16.702],[-50.606,-16.726],[-50.614,-16.78],[-50.641,-16.835],[-50.576,-16.848],[-50.572,-16.832],[-50.528,-16.813],[-50.45,-16.798],[-50.429,-16.754],[-50.407,-16.732],[-50.376,-16.724],[-50.362,-16.7],[-50.364,-16.657],[-50.389,-16.63],[-50.429,-16.636],[-50.436,-16.655],[-50.478,-16.673],[-50.485,-16.637],[-50.523,-16.609],[-50.513,-16.592],[-50.541,-16.571],[-50.563,-16.518],[-50.602,-16.506],[-50.617,-16.591],[-50.653,-16.593],[-50.66,-16.613]]]}},{"type":"Feature","properties":{"code":"5219258"},"geometry":{"type":"Polygon","coordinates":[[[-51.232,-15.485],[-51.244,-15.54],[-51.219,-15.605],[-51.179,-15.646],[-51.243,-15.677],[-51.32,-15.624],[-51.373,-15.598],[-51.387,-15.632],[-51.416,-15.614],[-51.434,-15.631],[-51.43,-15.67],[-51.403,-15.685],[-51.384,-15.724],[-51.356,-15.725],[-51.307,-15.769],[-51.243,-15.808],[-51.212,-15.799],[-51.156,-15.798],[-51.154,-15.822],[-51.127,-15.855],[-51.124,-15.903],[-51.058,-15.881],[-51.049,-15.867],[-51.055,-15.825],[-51.028,-15.785],[-51.003,-15.776],[-50.993,-15.729],[-51.0,-15.716],[-51.019,-15.684],[-51.02,-15.64],[-51.049,-15.576],[-51.046,-15.557],[-51.062,-15.505],[-51.086,-15.495],[-51.1,-15.453],[-51.12,-15.437],[-51.125,-15.421],[-51.189,-15.451],[-51.232,-15.485]]]}},{"type":"Feature","properties":{"code":"5211206"},"geometry":{"type":"Polygon","coordinates":[[[-49.938,-15.749],[-49.9,-15.753],[-49.855,-15.701],[-49.816,-15.71],[-49.794,-15.683],[-49.747,-15.665],[-49.7,-15.614],[-49.693,-15.554],[-49.732,-15.526],[-49.772,-15.546],[-49.811,-15.532],[-49.857,-15.532],[-49.889,-15.508],[-49.887,-15.481],[-49.86,-15.45],[-49.862,-15.414],[-49.915,-15.383],[-49.908,-15.37],[-49.938,-15.357],[-49.977,-15.372],[-50.017,-15.36],[-50.112,-15.37],[-50.135,-15.398],[-50.16,-15.418],[-50.154,-15.495],[-50.166,-15.518],[-50.154,-15.562],[-50.131,-15.584],[-50.126,-15.61],[-50.069,-15.599],[-50.032,-15.577],[-49.989,-15.641],[-50.006,-15.709],[-49.997,-15.739],[-50.023,-15.781],[-49.966,-15.766],[-49.938,-15.749]]]}},{"type":"Feature","properties":{"code":"5219209"},"geometry":{"type":"Polygon","coordinates":[[[-48.414,-17.343],[-48.422,-17.32],[-48.409,-17.276],[-48.428,-17.26],[-48.404,-17.239],[-48.451,-17.214],[-48.456,-17.2],[-48.607,-17.222],[-48.704,-17.238],[-48.755,-17.279],[-48.795,-17.354],[-48.808,-17.412],[-48.801,-17.432],[-48.763,-17.462],[-48.755,-17.482],[-48.703,-17.497],[-48.616,-17.475],[-48.522,-17.48],[-48.499,-17.555],[-48.502,-17.572],[-48.468,-17.542],[-48.446,-17.507],[-48.437,-17.47],[-48.447,-17.436],[-48.414,-17.343]]]}},{"type":"Feature","properties":{"code":"5211008"},"geometry":{"type":"Polygon","coordinates":[[[-50.505,-16.006],[-50.489,-15.97],[-50.464,-15.942],[-50.515,-15.872],[-50.504,-15.822],[-50.524,-15.783],[-50.571,-15.76],[-50.579,-15.733],[-50.62,-15.723],[-50.61,-15.699],[-50.617,-15.646],[-50.637,-15.596],[-50.678,-15.576],[-50.738,-15.493],[-50.828,-15.473],[-50.843,-15.499],[-50.901,-15.473],[-50.927,-15.449],[-51.12,-15.437],[-51.1,-15.453],[-51.086,-15.495],[-51.062,-15.505],[-51.046,-15.557],[-51.049,-15.576],[-51.02,-15.64],[-51.019,-15.684],[-51.0,-15.716],[-50.944,-15.726],[-50.889,-15.785],[-50.829,-15.79],[-50.807,-15.802],[-50.782,-15.844],[-50.784,-15.869],[-50.764,-15.906],[-50.77,-15.928],[-50.742,-15.9],[-50.685,-15.902],[-50.683,-15.952],[-50.627,-15.961],[-50.591,-16.011],[-50.587,-16.037],[-50.561,-16.033],[-50.505,-16.006]]]}},{"type":"Feature","properties":{"code":"5202809"},"geometry":{"type":"Polygon","coordinates":[[[-49.73,-16.58],[-49.695,-16.522],[-49.69,-16.508],[-49.697,-16.471],[-49.738,-16.467],[-49.771,-16.434],[-49.815,-16.398],[-49.83,-16.445],[-49.82,-16.458],[-49.846,-16.492],[-49.83,-16.519],[-49.797,-16.517],[-49.764,-16.564],[-49.73,-16.58]]]}},{"type":"Feature","properties":{"code":"5218508"},"geometry":{"type":"Polygon","coordinates":[[[-50.352,-18.76],[-50.315,-18.701],[-50.27,-18.684],[-50.242,-18.625],[-50.26,-18.609],[-50.273,-18.531],[-50.256,-18.438],[-50.272,-18.379],[-50.239,-18.363],[-50.164,-18.342],[-50.131,-18.327],[-50.106,-18.331],[-50.116,-18.316],[-50.095,-18.249],[-50.127,-18.239],[-50.126,-18.213],[-50.159,-18.16],[-50.186,-18.14],[-50.224,-18.138],[-50.286,-18.196],[-50.322,-18.211],[-50.343,-18.203],[-50.371,-18.231],[-50.41,-18.233],[-50.509,-18.216],[-50.538,-18.183],[-50.563,-18.168],[-50.589,-18.136],[-50.602,-18.164],[-50.683,-18.195],[-50.718,-18.182],[-50.754,-18.191],[-50.81,-18.172],[-50.824,-18.195],[-50.8,-18.243],[-50.858,-18.298],[-50.846,-18.334],[-50.825,-18.359],[-50.773,-18.375],[-50.753,-18.419],[-50.79,-18.422],[-50.859,-18.453],[-50.892,-18.448],[-50.903,-18.481],[-50.961,-18.531],[-50.903,-18.569],[-50.864,-18.604],[-50.867,-18.62],[-50.827,-18.648],[-50.784,-18.656],[-50.756,-18.685],[-50.725,-18.694],[-50.704,-18.721],[-50.666,-18.742],[-50.604,-18.756],[-50.589,-18.733],[-50.592,-18.699],[-50.553,-18.617],[-50.523,-18.621],[-50.519,-18.644],[-50.494,-18.675],[-50.423,-18.707],[-50.428,-18.721],[-50.367,-18.761],[-50.352,-18.76]]]}},{"type":"Feature","properties":{"code":"5218607"},"geometry":{"type":"Polygon","coordinates":[[[-49.605,-15.409],[-49.587,-15.409],[-49.571,-15.455],[-49.539,-15.448],[-49.463,-15.432],[-49.454,-15.382],[-49.487,-15.357],[-49.483,-15.328],[-49.521,-15.27],[-49.498,-15.203],[-49.506,-15.176],[-49.549,-15.184],[-49.564,-15.238],[-49.551,-15.258],[-49.572,-15.302],[-49.575,-15.335],[-49.591,-15.354],[-49.586,-15.375],[-49.605,-15.409]]]}},{"type":"Feature","properties":{"code":"5218391"},"geometry":{"type":"Polygon","coordinates":[[[-49.276,-17.473],[-49.24,-17.455],[-49.223,-17.401],[-49.248,-17.362],[-49.247,-17.344],[-49.2,-17.354],[-49.202,-17.321],[-49.187,-17.307],[-49.172,-17.258],[-49.194,-17.177],[-49.21,-17.176],[-49.211,-17.12],[-49.224,-17.082],[-49.267,-17.095],[-49.32,-17.13],[-49.276,-17.159],[-49.257,-17.2],[-49.262,-17.228],[-49.293,-17.292],[-49.291,-17.361],[-49.3,-17.373],[-49.295,-17.455],[-49.276,-17.473]]]}},{"type":"Feature","properties":{"code":"5202155"},"geometry":{"type":"Polygon","coordinates":[[[-50.315,-14.944],[-50.401,-15.028],[-50.457,-15.048],[-50.5,-15.054],[-50.549,-15.045],[-50.595,-14.99],[-50.648,-14.984],[-50.668,-14.968],[-50.717,-14.95],[-50.771,-14.957],[-50.797,-14.926],[-50.8,-14.902],[-50.83,-14.939],[-50.822,-14.99],[-50.797,-15.025],[-50.748,-15.048],[-50.723,-15.084],[-50.713,-15.137],[-50.723,-15.163],[-50.746,-15.175],[-50.731,-15.256],[-50.705,-15.266],[-50.644,-15.247],[-50.606,-15.259],[-50.58,-15.283],[-50.537,-15.306],[-50.521,-15.303],[-50.492,-15.34],[-50.448,-15.35],[-50.44,-15.37],[-50.383,-15.326],[-50.358,-15.316],[-50.288,-15.247],[-50.239,-15.238],[-50.182,-15.249],[-50.143,-15.24],[-50.086,-15.248],[-50.066,-15.229],[-50.039,-15.198],[-50.056,-15.183],[-50.037,-15.149],[-50.054,-15.123],[-50.064,-15.135],[-50.109,-15.122],[-50.128,-15.081],[-50.154,-15.08],[-50.185,-15.056],[-50.185,-15.037],[-50.237,-15.014],[-50.243,-14.97],[-50.293,-14.943],[-50.315,-14.944]]]}},{"type":"Feature","properties":{"code":"5210406"},"geometry":{"type":"Polygon","coordinates":[[[-49.871,-16.266],[-49.848,-16.283],[-49.82,-16.275],[-49.797,-16.3],[-49.756,-16.32],[-49.743,-16.363],[-49.772,-16.372],[-49.8,-16.363],[-49.815,-16.398],[-49.771,-16.434],[-49.721,-16.442],[-49.724,-16.4],[-49.737,-16.377],[-49.724,-16.337],[-49.738,-16.284],[-49.756,-16.231],[-49.735,-16.192],[-49.642,-16.115],[-49.653,-16.078],[-49.68,-16.039],[-49.684,-16.007],[-49.682,-15.866],[-49.69,-15.827],[-49.693,-15.806],[-49.794,-15.789],[-49.825,-15.809],[-49.794,-15.868],[-49.795,-15.885],[-49.841,-15.913],[-49.833,-15.93],[-49.862,-15.977],[-49.953,-15.975],[-50.004,-16.014],[-50.043,-16.03],[-50.032,-16.055],[-50.04,-16.13],[-50.032,-16.184],[-50.001,-16.201],[-49.968,-16.203],[-49.941,-16.224],[-49.869,-16.232],[-49.871,-16.266]]]}},{"type":"Feature","properties":{"code":"5218805"},"geometry":{"type":"Polygon","coordinates":[[[-50.468,-17.951],[-50.525,-17.95],[-50.587,-17.983],[-50.643,-17.973],[-50.7,-17.972],[-50.723,-17.952],[-50.649,-17.88],[-50.675,-17.85],[-50.746,-17.83],[-50.785,-17.777],[-50.783,-17.747],[-50.721,-17.699],[-50.701,-17.66],[-50.709,-17.635],[-50.75,-17.582],[-50.75,-17.529],[-50.73,-17.509],[-50.673,-17.483],[-50.646,-17.457],[-50.655,-17.41],[-50.634,-17.404],[-50.618,-17.377],[-50.665,-17.36],[-50.702,-17.3],[-50.735,-17.264],[-50.727,-17.242],[-50.76,-17.221],[-50.765,-17.2],[-50.797,-17.181],[-50.87,-17.172],[-50.891,-17.155],[-50.926,-17.1],[-50.947,-17.09],[-50.988,-17.101],[-51.011,-17.126],[-51.014,-17.163],[-51.092,-17.19],[-51.127,-17.22],[-51.117,-17.238],[-51.116,-17.288],[-51.054,-17.287],[-51.005,-17.317],[-50.972,-17.319],[-50.988,-17.373],[-50.938,-17.414],[-51.059,-17.524],[-51.081,-17.529],[-51.155,-17.518],[-51.182,-17.53],[-51.241,-17.533],[-51.264,-17.519],[-51.343,-17.509],[-51.458,-17.471],[-51.437,-17.437],[-51.451,-17.409],[-51.5,-17.383],[-51.537,-17.379],[-51.527,-17.35],[-51.547,-17.324],[-51.604,-17.305],[-51.642,-17.284],[-51.686,-17.275],[-51.701,-17.295],[-51.73,-17.371],[-51.718,-17.415],[-51.722,-17.479],[-51.694,-17.497],[-51.703,-17.525],[-51.688,-17.548],[-51.607,-17.604],[-51.638,-17.652],[-51.631,-17.668],[-51.582,-17.687],[-51.555,-17.727],[-51.484,-17.748],[-51.465,-17.768],[-51.441,-17.817],[-51.386,-17.868],[-51.347,-17.875],[-51.327,-17.862],[-51.286,-17.864],[-51.282,-17.886],[-51.242,-17.886],[-51.233,-17.939],[-51.208,-17.973],[-51.214,-18.009],[-51.191,-18.029],[-51.191,-18.052],[-51.166,-18.07],[-51.156,-18.131],[-51.116,-18.199],[-51.138,-18.251],[-51.125,-18.277],[-51.146,-18.3],[-51.1,-18.346],[-51.045,-18.323],[-51.002,-18.331],[-50.983,-18.323],[-50.971,-18.286],[-50.945,-18.312],[-50.886,-18.32],[-50.858,-18.298],[-50.8,-18.243],[-50.824,-18.195],[-50.81,-18.172],[-50.754,-18.191],[-50.718,-18.182],[-50.683,-18.195],[-50.602,-18.164],[-50.589,-18.136],[-50.575,-18.129],[-50.524,-18.159],[-50.488,-18.161],[-50.48,-18.176],[-50.429,-18.199],[-50.387,-18.19],[-50.357,-18.16],[-50.376,-18.155],[-50.427,-18.095],[-50.438,-18.051],[-50.507,-18.02],[-50.48,-17.999],[-50.468,-17.951]]]}},{"type":"Feature","properties":{"code":"5218789"},"geometry":{"type":"Polygon","coordinates":[[[-48.838,-17.721],[-48.847,-17.745],[-48.826,-17.778],[-48.819,-17.822],[-48.847,-17.908],[-48.766,-17.934],[-48.709,-17.902],[-48.717,-17.852],[-48.748,-17.795],[-48.739,-17.751],[-48.779,-17.715],[-48.838,-17.721]]]}},{"type":"Feature","properties":{"code":"5210208"},"geometry":{"type":"Polygon","coordinates":[[[-50.998,-16.633],[-50.975,-16.627],[-50.947,-16.585],[-50.968,-16.531],[-50.989,-16.529],[-51.002,-16.503],[-50.978,-16.477],[-50.964,-16.422],[-50.947,-16.398],[-50.976,-16.417],[-51.014,-16.414],[-51.035,-16.4],[-51.029,-16.365],[-51.068,-16.334],[-51.066,-16.306],[-51.118,-16.307],[-51.369,-16.285],[-51.413,-16.276],[-51.41,-16.303],[-51.43,-16.32],[-51.433,-16.35],[-51.417,-16.393],[-51.397,-16.42],[-51.362,-16.44],[-51.334,-16.477],[-51.277,-16.448],[-51.265,-16.474],[-51.232,-16.505],[-51.183,-16.53],[-51.149,-16.511],[-51.077,-16.518],[-51.064,-16.549],[-51.027,-16.569],[-51.032,-16.625],[-50.998,-16.633]]]}},{"type":"Feature","properties":{"code":"5210307"},"geometry":{"type":"Polygon","coordinates":[[[-50.947,-16.398],[-50.92,-16.399],[-50.878,-16.435],[-50.855,-16.444],[-50.844,-16.471],[-50.777,-16.499],[-50.752,-16.454],[-50.704,-16.443],[-50.703,-16.414],[-50.754,-16.382],[-50.756,-16.343],[-50.778,-16.349],[-50.832,-16.25],[-50.866,-16.205],[-50.91,-16.201],[-50.901,-16.244],[-50.927,-16.279],[-50.934,-16.31],[-50.966,-16.303],[-50.996,-16.27],[-51.022,-16.273],[-51.066,-16.306],[-51.068,-16.334],[-51.029,-16.365],[-51.035,-16.4],[-51.014,-16.414],[-50.976,-16.417],[-50.947,-16.398]]]}},{"type":"Feature","properties":{"code":"5210604"},"geometry":{"type":"Polygon","coordinates":[[[-49.69,-15.827],[-49.682,-15.866],[-49.664,-15.89],[-49.643,-15.872],[-49.607,-15.883],[-49.577,-15.816],[-49.578,-15.79],[-49.545,-15.755],[-49.536,-15.714],[-49.557,-15.684],[-49.555,-15.637],[-49.646,-15.71],[-49.643,-15.738],[-49.658,-15.768],[-49.679,-15.778],[-49.69,-15.827]]]}},{"type":"Feature","properties":{"code":"5202502"},"geometry":{"type":"Polygon","coordinates":[[[-51.087,-14.921],[-51.105,-14.939],[-51.124,-14.989],[-51.147,-15.023],[-51.115,-15.053],[-51.116,-15.099],[-51.178,-15.205],[-51.162,-15.216],[-51.09,-15.229],[-51.065,-15.262],[-51.031,-15.281],[-51.002,-15.328],[-50.982,-15.318],[-50.923,-15.311],[-50.909,-15.3],[-50.905,-15.244],[-50.87,-15.196],[-50.801,-15.203],[-50.777,-15.176],[-50.741,-15.093],[-50.763,-15.06],[-50.797,-15.025],[-50.822,-14.99],[-50.83,-14.939],[-50.8,-14.902],[-50.804,-14.856],[-50.83,-14.82],[-50.826,-14.779],[-50.832,-14.733],[-50.855,-14.677],[-50.875,-14.668],[-50.848,-14.62],[-50.881,-14.599],[-50.86,-14.558],[-50.858,-14.491],[-50.84,-14.466],[-50.84,-14.426],[-50.807,-14.395],[-50.759,-14.313],[-50.769,-14.293],[-50.775,-14.242],[-50.785,-14.233],[-50.807,-14.168],[-50.849,-14.12],[-50.842,-14.104],[-50.852,-14.118],[-50.899,-14.115],[-50.942,-14.221],[-50.954,-14.232],[-50.977,-14.293],[-50.969,-14.336],[-50.987,-14.358],[-50.998,-14.414],[-50.989,-14.454],[-50.968,-14.482],[-50.964,-14.528],[-50.994,-14.57],[-50.993,-14.613],[-51.027,-14.659],[-51.03,-14.71],[-51.053,-14.739],[-51.045,-14.793],[-51.071,-14.81],[-51.09,-14.84],[-51.093,-14.893],[-51.087,-14.921]]]}},{"type":"Feature","properties":{"code":"5218706"},"geometry":{"type":"Polygon","coordinates":[[[-49.544,-15.468],[-49.526,-15.475],[-49.504,-15.516],[-49.456,-15.534],[-49.431,-15.495],[-49.352,-15.5],[-49.34,-15.492],[-49.362,-15.44],[-49.41,-15.439],[-49.422,-15.428],[-49.463,-15.432],[-49.539,-15.448],[-49.544,-15.468]]]}},{"type":"Feature","properties":{"code":"5218052"},"geometry":{"type":"Polygon","coordinates":[[[-50.209,-17.771],[-50.237,-17.792],[-50.26,-17.782],[-50.269,-17.814],[-50.242,-17.839],[-50.233,-17.868],[-50.24,-17.904],[-50.274,-17.915],[-50.296,-17.936],[-50.268,-17.973],[-50.211,-17.985],[-50.227,-18.014],[-50.188,-18.06],[-50.169,-18.074],[-50.136,-18.0],[-50.046,-17.942],[-50.017,-17.954],[-49.98,-17.927],[-50.022,-17.832],[-50.055,-17.825],[-50.073,-17.799],[-50.087,-17.785],[-50.151,-17.807],[-50.168,-17.787],[-50.209,-17.771]]]}},{"type":"Feature","properties":{"code":"5218003"},"geometry":{"type":"Polygon","coordinates":[[[-49.72,-13.728],[-49.651,-13.727],[-49.62,-13.755],[-49.575,-13.767],[-49.559,-13.769],[-49.537,-13.713],[-49.454,-13.667],[-49.43,-13.665],[-49.391,-13.7],[-49.372,-13.695],[-49.337,-13.711],[-49.308,-13.697],[-49.363,-13.569],[-49.317,-13.574],[-49.267,-13.564],[-49.24,-13.592],[-49.147,-13.585],[-49.12,-13.558],[-49.084,-13.557],[-49.062,-13.528],[-49.02,-13.506],[-49.002,-13.464],[-49.01,-13.451],[-48.998,-13.399],[-48.955,-13.346],[-48.94,-13.317],[-48.919,-13.307],[-48.9,-13.255],[-48.857,-13.244],[-48.855,-13.219],[-48.91,-13.165],[-48.907,-13.143],[-48.879,-13.124],[-48.885,-13.067],[-48.869,-13.005],[-48.825,-12.949],[-48.859,-12.915],[-48.842,-12.882],[-48.862,-12.871],[-48.88,-12.817],[-48.976,-12.957],[-49.032,-12.902],[-49.05,-12.909],[-49.088,-12.891],[-49.073,-12.855],[-49.105,-12.835],[-49.118,-12.79],[-49.186,-12.848],[-49.211,-12.878],[-49.238,-12.884],[-49.251,-12.93],[-49.281,-12.97],[-49.28,-12.989],[-49.303,-13.029],[-49.336,-13.063],[-49.355,-13.107],[-49.342,-13.124],[-49.349,-13.217],[-49.339,-13.253],[-49.368,-13.272],[-49.411,-13.266],[-49.443,-13.246],[-49.485,-13.249],[-49.535,-13.281],[-49.584,-13.292],[-49.592,-13.32],[-49.622,-13.346],[-49.647,-13.353],[-49.611,-13.376],[-49.6,-13.403],[-49.62,-13.433],[-49.572,-13.467],[-49.568,-13.49],[-49.542,-13.5],[-49.538,-13.531],[-49.588,-13.562],[-49.59,-13.586],[-49.618,-13.599],[-49.642,-13.628],[-49.649,-13.658],[-49.686,-13.672],[-49.701,-13.714],[-49.72,-13.728]]]}},{"type":"Feature","properties":{"code":"5218102"},"geometry":{"type":"Polygon","coordinates":[[[-52.657,-17.433],[-52.641,-17.457],[-52.611,-17.441],[-52.59,-17.404],[-52.554,-17.404],[-52.522,-17.343],[-52.607,-17.33],[-52.627,-17.299],[-52.646,-17.244],[-52.691,-17.206],[-52.726,-17.22],[-52.743,-17.246],[-52.816,-17.297],[-52.802,-17.335],[-52.863,-17.399],[-52.892,-17.411],[-52.885,-17.477],[-52.851,-17.432],[-52.765,-17.42],[-52.667,-17.449],[-52.657,-17.433]]]}},{"type":"Feature","properties":{"code":"5210562"},"geometry":{"type":"Polygon","coordinates":[[[-49.682,-15.866],[-49.684,-16.007],[-49.651,-15.984],[-49.562,-15.976],[-49.551,-15.969],[-49.541,-15.93],[-49.596,-15.911],[-49.607,-15.883],[-49.643,-15.872],[-49.664,-15.89],[-49.682,-15.866]]]}},{"type":"Feature","properties":{"code":"5202353"},"geometry":{"type":"Polygon","coordinates":[[[-51.43,-16.32],[-51.522,-16.287],[-51.541,-16.266],[-51.554,-16.228],[-51.597,-16.23],[-51.616,-16.184],[-51.645,-16.162],[-51.647,-16.139],[-51.674,-16.13],[-51.718,-16.094],[-51.757,-16.089],[-51.798,-16.03],[-51.821,-16.034],[-51.83,-16.083],[-51.796,-16.1],[-51.786,-16.143],[-51.709,-16.227],[-51.672,-16.258],[-51.666,-16.28],[-51.673,-16.323],[-51.648,-16.35],[-51.638,-16.385],[-51.674,-16.419],[-51.669,-16.444],[-51.61,-16.542],[-51.569,-16.553],[-51.574,-16.574],[-51.602,-16.602],[-51.581,-16.633],[-51.577,-16.663],[-51.542,-16.612],[-51.509,-16.582],[-51.51,-16.547],[-51.457,-16.529],[-51.401,-16.468],[-51.378,-16.465],[-51.398,-16.441],[-51.397,-16.42],[-51.417,-16.393],[-51.433,-16.35],[-51.43,-16.32]]]}},{"type":"Feature","properties":{"code":"5209804"},"geometry":{"type":"Polygon","coordinates":[[[-49.409,-14.849],[-49.355,-14.81],[-49.307,-14.82],[-49.25,-14.822],[-49.239,-14.865],[-49.206,-14.846],[-49.187,-14.814],[-49.194,-14.768],[-49.197,-14.748],[-49.275,-14.708],[-49.281,-14.681],[-49.32,-14.669],[-49.327,-14.637],[-49.358,-14.608],[-49.392,-14.637],[-49.436,-14.62],[-49.455,-14.635],[-49.491,-14.694],[-49.53,-14.73],[-49.528,-14.775],[-49.495,-14.778],[-49.427,-14.819],[-49.412,-14.848],[-49.409,-14.849]]]}},{"type":"Feature","properties":{"code":"5209903"},"geometry":{"type":"Polygon","coordinates":[[[-46.816,-14.35],[-46.786,-14.356],[-46.769,-14.332],[-46.771,-14.302],[-46.741,-14.286],[-46.74,-14.248],[-46.723,-14.192],[-46.667,-14.145],[-46.634,-14.129],[-46.55,-14.108],[-46.517,-14.114],[-46.493,-14.086],[-46.486,-14.053],[-46.431,-14.039],[-46.444,-13.996],[-46.477,-13.995],[-46.499,-14.011],[-46.539,-14.013],[-46.57,-13.986],[-46.582,-13.947],[-46.657,-13.932],[-46.699,-13.908],[-46.714,-13.878],[-46.754,-13.844],[-46.759,-13.824],[-46.769,-13.815],[-46.817,-13.829],[-46.825,-13.845],[-46.867,-13.888],[-46.837,-13.911],[-46.838,-13.968],[-46.851,-13.986],[-46.827,-14.032],[-46.876,-14.034],[-46.902,-14.079],[-46.923,-14.077],[-46.938,-14.103],[-46.931,-14.115],[-46.992,-14.195],[-46.958,-14.232],[-46.957,-14.25],[-46.901,-14.33],[-46.882,-14.317],[-46.844,-14.348],[-46.816,-14.35]]]}},{"type":"Feature","properties":{"code":"5218300"},"geometry":{"type":"Polygon","coordinates":[[[-46.432,-14.423],[-46.367,-14.398],[-46.346,-14.372],[-46.282,-14.372],[-46.196,-14.302],[-46.184,-14.275],[-46.15,-14.262],[-46.082,-14.265],[-46.06,-14.232],[-46.061,-14.195],[-46.098,-14.197],[-46.116,-14.162],[-46.187,-14.153],[-46.221,-14.107],[-46.227,-14.049],[-46.284,-14.053],[-46.298,-14.021],[-46.377,-14.026],[-46.417,-14.046],[-46.431,-14.039],[-46.486,-14.053],[-46.493,-14.086],[-46.517,-14.114],[-46.55,-14.108],[-46.634,-14.129],[-46.667,-14.145],[-46.723,-14.192],[-46.74,-14.248],[-46.741,-14.286],[-46.771,-14.302],[-46.769,-14.332],[-46.786,-14.356],[-46.816,-14.35],[-46.784,-14.391],[-46.739,-14.375],[-46.732,-14.391],[-46.684,-14.388],[-46.658,-14.369],[-46.629,-14.383],[-46.583,-14.386],[-46.563,-14.367],[-46.528,-14.389],[-46.425,-14.386],[-46.432,-14.423]]]}},{"type":"Feature","properties":{"code":"5201702"},"geometry":{"type":"Polygon","coordinates":[[[-52.361,-16.082],[-52.357,-16.13],[-52.302,-16.166],[-52.036,-15.915],[-51.865,-15.912],[-51.852,-15.884],[-51.88,-15.824],[-51.949,-15.81],[-51.972,-15.838],[-52.01,-15.886],[-52.111,-15.883],[-52.128,-15.895],[-52.195,-15.881],[-52.254,-15.894],[-52.257,-15.931],[-52.29,-15.965],[-52.311,-16.007],[-52.328,-16.07],[-52.361,-16.082]]]}},{"type":"Feature","properties":{"code":"5209705"},"geometry":{"type":"Polygon","coordinates":[[[-49.457,-17.15],[-49.407,-17.161],[-49.32,-17.13],[-49.267,-17.095],[-49.224,-17.082],[-49.193,-17.136],[-49.176,-17.12],[-49.11,-17.136],[-49.121,-17.106],[-49.108,-17.078],[-49.084,-17.061],[-49.093,-17.035],[-49.058,-16.984],[-49.075,-16.957],[-49.113,-16.949],[-49.117,-16.914],[-49.14,-16.889],[-49.177,-16.885],[-49.189,-16.866],[-49.258,-16.845],[-49.302,-16.867],[-49.35,-16.861],[-49.364,-16.892],[-49.362,-16.935],[-49.373,-16.979],[-49.368,-17.004],[-49.383,-17.041],[-49.423,-17.047],[-49.457,-17.041],[-49.484,-17.023],[-49.494,-17.06],[-49.473,-17.095],[-49.49,-17.119],[-49.49,-17.161],[-49.457,-17.15]]]}},{"type":"Feature","properties":{"code":"5201504"},"geometry":{"type":"Polygon","coordinates":[[[-52.412,-18.744],[-52.407,-18.757],[-52.354,-18.8],[-52.345,-18.823],[-52.305,-18.84],[-52.263,-18.828],[-52.252,-18.839],[-52.187,-18.846],[-52.151,-18.893],[-52.111,-18.899],[-52.106,-18.926],[-52.079,-18.951],[-52.044,-18.951],[-52.014,-18.976],[-51.951,-18.981],[-51.941,-18.968],[-51.897,-18.994],[-51.876,-19.031],[-51.852,-19.052],[-51.816,-19.055],[-51.727,-19.108],[-51.692,-19.118],[-51.692,-19.066],[-51.724,-18.834],[-51.664,-18.782],[-51.717,-18.755],[-51.767,-18.763],[-51.8,-18.724],[-51.858,-18.679],[-51.872,-18.677],[-51.897,-18.633],[-51.943,-18.615],[-51.953,-18.597],[-52.013,-18.567],[-52.053,-18.515],[-52.073,-18.505],[-52.111,-18.527],[-52.16,-18.495],[-52.172,-18.502],[-52.243,-18.505],[-52.296,-18.492],[-52.312,-18.501],[-52.331,-18.53],[-52.326,-18.563],[-52.291,-18.589],[-52.291,-18.615],[-52.382,-18.577],[-52.428,-18.635],[-52.502,-18.676],[-52.448,-18.692],[-52.412,-18.744]]]}},{"type":"Feature","properties":{"code":"5201603"},"geometry":{"type":"Polygon","coordinates":[[[-49.771,-16.434],[-49.738,-16.467],[-49.697,-16.471],[-49.696,-16.453],[-49.659,-16.428],[-49.664,-16.405],[-49.653,-16.331],[-49.666,-16.33],[-49.691,-16.27],[-49.731,-16.262],[-49.738,-16.284],[-49.724,-16.337],[-49.737,-16.377],[-49.724,-16.4],[-49.721,-16.442],[-49.771,-16.434]]]}},{"type":"Feature","properties":{"code":"5210109"},"geometry":{"type":"Polygon","coordinates":[[[-48.512,-17.881],[-48.47,-17.864],[-48.452,-17.839],[-48.412,-17.856],[-48.406,-17.899],[-48.388,-17.939],[-48.314,-17.943],[-48.248,-17.997],[-48.21,-17.997],[-48.174,-17.971],[-48.121,-17.921],[-48.088,-17.913],[-48.04,-17.923],[-47.982,-17.898],[-47.954,-17.841],[-47.934,-17.77],[-47.93,-17.723],[-47.945,-17.652],[-47.962,-17.63],[-47.965,-17.552],[-47.944,-17.533],[-47.947,-17.508],[-47.912,-17.431],[-47.914,-17.414],[-47.888,-17.378],[-47.884,-17.263],[-47.847,-17.259],[-47.791,-17.213],[-47.73,-17.183],[-47.714,-17.154],[-47.688,-17.191],[-47.676,-17.231],[-47.691,-17.258],[-47.657,-17.297],[-47.603,-17.333],[-47.555,-17.356],[-47.553,-17.378],[-47.525,-17.412],[-47.511,-17.326],[-47.501,-17.295],[-47.522,-17.286],[-47.538,-17.232],[-47.562,-17.213],[-47.598,-17.166],[-47.638,-17.145],[-47.665,-17.088],[-47.694,-17.078],[-47.719,-17.033],[-47.699,-17.0],[-47.684,-16.941],[-47.691,-16.907],[-47.734,-16.929],[-47.772,-16.918],[-47.832,-16.925],[-47.892,-16.918],[-47.899,-16.951],[-47.922,-16.983],[-47.918,-17.004],[-47.992,-17.089],[-47.998,-17.125],[-48.032,-17.193],[-48.055,-17.197],[-48.088,-17.235],[-48.087,-17.249],[-48.119,-17.274],[-48.089,-17.292],[-48.076,-17.366],[-48.045,-17.396],[-48.046,-17.415],[-48.087,-17.429],[-48.119,-17.458],[-48.105,-17.5],[-48.114,-17.543],[-48.159,-17.53],[-48.168,-17.554],[-48.223,-17.59],[-48.259,-17.543],[-48.297,-17.54],[-48.314,-17.522],[-48.364,-17.514],[-48.392,-17.573],[-48.405,-17.567],[-48.441,-17.613],[-48.466,-17.602],[-48.459,-17.629],[-48.472,-17.659],[-48.454,-17.686],[-48.463,-17.714],[-48.492,-17.711],[-48.499,-17.74],[-48.52,-17.754],[-48.513,-17.787],[-48.543,-17.793],[-48.558,-17.822],[-48.513,-17.85],[-48.512,-17.881]]]}},{"type":"Feature","properties":{"code":"5210158"},"geometry":{"type":"Polygon","coordinates":[[[-49.584,-15.19],[-49.604,-15.146],[-49.629,-15.122],[-49.636,-15.095],[-49.608,-15.041],[-49.649,-15.048],[-49.667,-15.066],[-49.771,-15.229],[-49.747,-15.24],[-49.696,-15.252],[-49.639,-15.243],[-49.584,-15.19]]]}},{"type":"Feature","properties":{"code":"5209952"},"geometry":{"type":"Polygon","coordinates":[[[-49.71,-17.193],[-49.73,-17.157],[-49.768,-17.137],[-49.794,-17.158],[-49.843,-17.164],[-49.849,-17.122],[-49.824,-17.098],[-49.822,-17.067],[-49.846,-17.043],[-49.844,-17.006],[-49.88,-16.974],[-49.9,-16.954],[-49.928,-16.961],[-49.95,-17.005],[-49.95,-17.03],[-49.991,-17.061],[-50.069,-17.084],[-50.101,-17.128],[-50.108,-17.165],[-50.099,-17.18],[-50.106,-17.243],[-50.148,-17.306],[-50.148,-17.341],[-50.127,-17.385],[-50.126,-17.424],[-50.075,-17.463],[-50.052,-17.431],[-50.056,-17.389],[-50.024,-17.358],[-50.003,-17.32],[-50.021,-17.253],[-50.017,-17.232],[-49.971,-17.23],[-49.919,-17.207],[-49.855,-17.205],[-49.822,-17.229],[-49.819,-17.268],[-49.795,-17.268],[-49.77,-17.224],[-49.71,-17.193]]]}},{"type":"Feature","properties":{"code":"5209937"},"geometry":{"type":"Polygon","coordinates":[[[-49.773,-18.496],[-49.824,-18.495],[-49.852,-18.422],[-49.921,-18.366],[-49.954,-18.353],[-49.978,-18.364],[-50.046,-18.385],[-50.064,-18.432],[-50.037,-18.484],[-50.044,-18.521],[-50.03,-18.54],[-50.051,-18.578],[-50.029,-18.602],[-49.981,-18.605],[-49.932,-18.624],[-49.889,-18.61],[-49.795,-18.644],[-49.758,-18.61],[-49.747,-18.567],[-49.773,-18.496]]]}},{"type":"Feature","properties":{"code":"5210000"},"geometry":{"type":"Polygon","coordinates":[[[-49.422,-16.406],[-49.45,-16.379],[-49.381,-16.317],[-49.378,-16.306],[-49.371,-16.204],[-49.403,-16.194],[-49.445,-16.219],[-49.548,-16.181],[-49.6,-16.225],[-49.644,-16.226],[-49.621,-16.29],[-49.627,-16.314],[-49.653,-16.331],[-49.664,-16.405],[-49.659,-16.428],[-49.629,-16.399],[-49.555,-16.409],[-49.545,-16.428],[-49.503,-16.428],[-49.488,-16.414],[-49.448,-16.438],[-49.422,-16.406]]]}},{"type":"Feature","properties":{"code":"5217401"},"geometry":{"type":"Polygon","coordinates":[[[-48.502,-17.572],[-48.466,-17.602],[-48.441,-17.613],[-48.405,-17.567],[-48.392,-17.573],[-48.364,-17.514],[-48.371,-17.474],[-48.349,-17.451],[-48.312,-17.449],[-48.268,-17.396],[-48.239,-17.327],[-48.205,-17.328],[-48.199,-17.31],[-48.209,-17.287],[-48.187,-17.274],[-48.222,-17.236],[-48.226,-17.199],[-48.269,-17.184],[-48.338,-17.143],[-48.355,-17.118],[-48.49,-17.002],[-48.538,-17.077],[-48.561,-17.1],[-48.573,-17.129],[-48.578,-17.162],[-48.607,-17.222],[-48.456,-17.2],[-48.451,-17.214],[-48.404,-17.239],[-48.374,-17.27],[-48.365,-17.336],[-48.414,-17.343],[-48.447,-17.436],[-48.437,-17.47],[-48.446,-17.507],[-48.468,-17.542],[-48.502,-17.572]]]}},{"type":"Feature","properties":{"code":"5201801"},"geometry":{"type":"Polygon","coordinates":[[[-49.484,-17.023],[-49.457,-17.041],[-49.423,-17.047],[-49.383,-17.041],[-49.368,-17.004],[-49.373,-16.979],[-49.362,-16.935],[-49.364,-16.892],[-49.383,-16.861],[-49.384,-16.832],[-49.438,-16.86],[-49.447,-16.901],[-49.482,-16.93],[-49.479,-16.981],[-49.484,-17.023]]]}},{"type":"Feature","properties":{"code":"5209291"},"geometry":{"type":"Polygon","coordinates":[[[-50.124,-15.648],[-50.081,-15.688],[-50.063,-15.724],[-50.086,-15.77],[-50.023,-15.781],[-49.997,-15.739],[-50.006,-15.709],[-49.989,-15.641],[-50.032,-15.577],[-50.069,-15.599],[-50.126,-15.61],[-50.131,-15.584],[-50.124,-15.648]]]}},{"type":"Feature","properties":{"code":"5201108"},"geometry":{"type":"Polygon","coordinates":[[[-49.144,-16.223],[-49.11,-16.224],[-49.042,-16.261],[-49.055,-16.349],[-49.102,-16.325],[-49.114,-16.342],[-49.162,-16.33],[-49.165,-16.314],[-49.193,-16.346],[-49.112,-16.427],[-49.097,-16.394],[-49.048,-16.377],[-49.025,-16.412],[-48.982,-16.405],[-48.997,-16.486],[-48.901,-16.419],[-48.875,-16.401],[-48.824,-16.4],[-48.8,-16.384],[-48.761,-16.386],[-48.752,-16.331],[-48.77,-16.289],[-48.771,-16.278],[-48.824,-16.254],[-48.848,-16.227],[-48.897,-16.237],[-48.929,-16.223],[-48.934,-16.192],[-48.924,-16.159],[-48.94,-16.134],[-48.964,-16.126],[-49.044,-16.135],[-49.127,-16.131],[-49.165,-16.138],[-49.189,-16.142],[-49.144,-16.223]]]}},{"type":"Feature","properties":{"code":"5209408"},"geometry":{"type":"Polygon","coordinates":[[[-46.212,-14.01],[-46.22,-13.975],[-46.255,-13.967],[-46.264,-13.947],[-46.257,-13.887],[-46.233,-13.849],[-46.278,-13.791],[-46.223,-13.765],[-46.254,-13.735],[-46.236,-13.708],[-46.269,-13.711],[-46.301,-13.7],[-46.32,-13.72],[-46.368,-13.742],[-46.413,-13.779],[-46.435,-13.782],[-46.459,-13.809],[-46.496,-13.814],[-46.541,-13.794],[-46.622,-13.819],[-46.641,-13.81],[-46.683,-13.815],[-46.731,-13.835],[-46.759,-13.824],[-46.754,-13.844],[-46.714,-13.878],[-46.699,-13.908],[-46.657,-13.932],[-46.582,-13.947],[-46.57,-13.986],[-46.539,-14.013],[-46.499,-14.011],[-46.477,-13.995],[-46.444,-13.996],[-46.431,-14.039],[-46.417,-14.046],[-46.377,-14.026],[-46.298,-14.021],[-46.284,-14.053],[-46.227,-14.049],[-46.212,-14.01]]]}},{"type":"Feature","properties":{"code":"5201207"},"geometry":{"type":"Polygon","coordinates":[[[-48.227,-18.346],[-48.179,-18.329],[-48.196,-18.281],[-48.23,-18.275],[-48.259,-18.287],[-48.272,-18.329],[-48.227,-18.346]]]}},{"type":"Feature","properties":{"code":"5209200"},"geometry":{"type":"Polygon","coordinates":[[[-49.742,-16.957],[-49.691,-16.953],[-49.644,-16.958],[-49.594,-16.952],[-49.633,-17.011],[-49.603,-17.066],[-49.528,-17.027],[-49.52,-17.001],[-49.479,-16.981],[-49.482,-16.93],[-49.447,-16.901],[-49.438,-16.86],[-49.465,-16.846],[-49.458,-16.82],[-49.475,-16.792],[-49.502,-16.8],[-49.533,-16.812],[-49.576,-16.772],[-49.599,-16.802],[-49.609,-16.842],[-49.664,-16.876],[-49.684,-16.874],[-49.733,-16.902],[-49.725,-16.933],[-49.749,-16.945],[-49.742,-16.957]]]}},{"type":"Feature","properties":{"code":"5209606"},"geometry":{"type":"Polygon","coordinates":[[[-49.747,-15.665],[-49.794,-15.683],[-49.816,-15.71],[-49.855,-15.701],[-49.9,-15.753],[-49.938,-15.749],[-49.925,-15.76],[-49.878,-15.759],[-49.825,-15.809],[-49.794,-15.789],[-49.693,-15.806],[-49.685,-15.764],[-49.696,-15.722],[-49.747,-15.665]]]}},{"type":"Feature","properties":{"code":"5201405"},"geometry":{"type":"Polygon","coordinates":[[[-49.154,-16.824],[-49.159,-16.791],[-49.221,-16.738],[-49.255,-16.732],[-49.288,-16.748],[-49.331,-16.75],[-49.35,-16.764],[-49.365,-16.818],[-49.384,-16.832],[-49.383,-16.861],[-49.364,-16.892],[-49.35,-16.861],[-49.302,-16.867],[-49.258,-16.845],[-49.189,-16.866],[-49.177,-16.885],[-49.14,-16.889],[-49.153,-16.862],[-49.154,-16.824]]]}},{"type":"Feature","properties":{"code":"5217609"},"geometry":{"type":"Polygon","coordinates":[[[-48.054,-15.502],[-47.493,-15.502],[-47.489,-15.44],[-47.473,-15.366],[-47.475,-15.326],[-47.496,-15.292],[-47.539,-15.291],[-47.506,-15.258],[-47.508,-15.233],[-47.528,-15.207],[-47.526,-15.173],[-47.569,-15.074],[-47.571,-15.047],[-47.678,-15.039],[-47.715,-15.02],[-47.762,-15.041],[-47.784,-15.075],[-47.823,-15.097],[-47.912,-15.088],[-47.925,-15.077],[-47.966,-15.102],[-47.988,-15.103],[-48.015,-15.133],[-48.072,-15.148],[-48.09,-15.136],[-48.107,-15.148],[-48.085,-15.19],[-48.026,-15.207],[-47.99,-15.268],[-47.972,-15.283],[-47.968,-15.328],[-47.925,-15.358],[-47.95,-15.407],[-47.956,-15.44],[-48.042,-15.47],[-48.054,-15.502]]]}},{"type":"Feature","properties":{"code":"5217708"},"geometry":{"type":"Polygon","coordinates":[[[-49.412,-17.655],[-49.408,-17.632],[-49.364,-17.609],[-49.346,-17.582],[-49.308,-17.568],[-49.302,-17.507],[-49.334,-17.472],[-49.446,-17.329],[-49.51,-17.351],[-49.594,-17.297],[-49.619,-17.292],[-49.646,-17.302],[-49.64,-17.366],[-49.654,-17.393],[-49.625,-17.435],[-49.65,-17.441],[-49.644,-17.487],[-49.696,-17.553],[-49.74,-17.561],[-49.747,-17.58],[-49.791,-17.577],[-49.825,-17.585],[-49.793,-17.605],[-49.762,-17.643],[-49.746,-17.639],[-49.694,-17.687],[-49.614,-17.753],[-49.564,-17.784],[-49.562,-17.741],[-49.538,-17.731],[-49.508,-17.75],[-49.513,-17.671],[-49.502,-17.656],[-49.434,-17.634],[-49.412,-17.655]]]}},{"type":"Feature","properties":{"code":"5201454"},"geometry":{"type":"Polygon","coordinates":[[[-51.238,-18.357],[-51.19,-18.315],[-51.181,-18.297],[-51.146,-18.3],[-51.125,-18.277],[-51.138,-18.251],[-51.116,-18.199],[-51.156,-18.131],[-51.225,-18.103],[-51.239,-18.082],[-51.286,-18.082],[-51.318,-18.124],[-51.323,-18.172],[-51.338,-18.196],[-51.372,-18.196],[-51.399,-18.172],[-51.436,-18.162],[-51.45,-18.177],[-51.437,-18.242],[-51.417,-18.244],[-51.366,-18.281],[-51.337,-18.299],[-51.301,-18.304],[-51.238,-18.357]]]}},{"type":"Feature","properties":{"code":"5209457"},"geometry":{"type":"Polygon","coordinates":[[[-49.775,-14.755],[-49.776,-14.783],[-49.813,-14.84],[-49.819,-14.933],[-49.805,-14.939],[-49.755,-14.907],[-49.737,-14.914],[-49.705,-14.879],[-49.646,-14.841],[-49.656,-14.731],[-49.689,-14.66],[-49.735,-14.609],[-49.635,-14.578],[-49.663,-14.525],[-49.66,-14.481],[-49.694,-14.466],[-49.753,-14.489],[-49.787,-14.533],[-49.821,-14.55],[-49.822,-14.602],[-49.779,-14.628],[-49.77,-14.65],[-49.743,-14.658],[-49.731,-14.693],[-49.753,-14.705],[-49.775,-14.755]]]}},{"type":"Feature","properties":{"code":"5201306"},"geometry":{"type":"Polygon","coordinates":[[[-49.983,-16.561],[-49.93,-16.534],[-49.842,-16.514],[-49.83,-16.519],[-49.846,-16.492],[-49.82,-16.458],[-49.83,-16.445],[-49.815,-16.398],[-49.8,-16.363],[-49.772,-16.372],[-49.743,-16.363],[-49.756,-16.32],[-49.797,-16.3],[-49.82,-16.275],[-49.848,-16.283],[-49.871,-16.266],[-49.927,-16.257],[-49.944,-16.244],[-49.986,-16.293],[-49.983,-16.329],[-50.021,-16.316],[-50.048,-16.266],[-50.066,-16.291],[-50.1,-16.283],[-50.13,-16.304],[-50.139,-16.328],[-50.13,-16.366],[-50.151,-16.373],[-50.166,-16.424],[-50.149,-16.442],[-50.166,-16.466],[-50.172,-16.483],[-50.129,-16.501],[-50.098,-16.492],[-50.014,-16.506],[-49.983,-16.561]]]}},{"type":"Feature","properties":{"code":"5208806"},"geometry":{"type":"Polygon","coordinates":[[[-49.62,-16.489],[-49.594,-16.528],[-49.459,-16.494],[-49.455,-16.536],[-49.426,-16.536],[-49.422,-16.557],[-49.392,-16.598],[-49.353,-16.564],[-49.328,-16.556],[-49.362,-16.483],[-49.341,-16.471],[-49.322,-16.438],[-49.355,-16.455],[-49.385,-16.456],[-49.422,-16.406],[-49.448,-16.438],[-49.484,-16.458],[-49.512,-16.495],[-49.558,-16.503],[-49.62,-16.489]]]}},{"type":"Feature","properties":{"code":"5200605"},"geometry":{"type":"Polygon","coordinates":[[[-47.828,-14.351],[-47.809,-14.38],[-47.763,-14.411],[-47.734,-14.412],[-47.705,-14.463],[-47.66,-14.459],[-47.648,-14.439],[-47.597,-14.427],[-47.581,-14.447],[-47.554,-14.455],[-47.55,-14.425],[-47.516,-14.432],[-47.482,-14.418],[-47.465,-14.363],[-47.425,-14.323],[-47.389,-14.314],[-47.403,-14.223],[-47.431,-14.211],[-47.455,-14.161],[-47.411,-14.168],[-47.402,-14.147],[-47.362,-14.132],[-47.325,-14.162],[-47.286,-14.16],[-47.247,-14.142],[-47.175,-14.148],[-47.155,-14.123],[-47.114,-14.097],[-47.127,-14.088],[-47.15,-14.016],[-47.194,-13.966],[-47.176,-13.953],[-47.171,-13.915],[-47.198,-13.862],[-47.238,-13.876],[-47.251,-13.898],[-47.242,-13.943],[-47.264,-13.977],[-47.505,-13.96],[-47.551,-14.016],[-47.592,-14.056],[-47.608,-14.047],[-47.663,-14.071],[-47.699,-14.069],[-47.728,-14.096],[-47.756,-14.094],[-47.807,-14.146],[-47.864,-14.176],[-47.9,-14.17],[-47.932,-14.177],[-47.903,-14.236],[-47.839,-14.331],[-47.828,-14.351]]]}},{"type":"Feature","properties":{"code":"5216908"},"geometry":{"type":"Polygon","coordinates":[[[-49.412,-14.848],[-49.427,-14.819],[-49.495,-14.778],[-49.528,-14.775],[-49.53,-14.73],[-49.491,-14.694],[-49.455,-14.635],[-49.436,-14.62],[-49.453,-14.588],[-49.442,-14.552],[-49.398,-14.521],[-49.37,-14.515],[-49.355,-14.502],[-49.403,-14.442],[-49.398,-14.403],[-49.425,-14.299],[-49.424,-14.268],[-49.458,-14.29],[-49.495,-14.23],[-49.561,-14.199],[-49.562,-14.233],[-49.497,-14.255],[-49.473,-14.463],[-49.5,-14.463],[-49.548,-14.499],[-49.538,-14.539],[-49.553,-14.589],[-49.571,-14.614],[-49.566,-14.642],[-49.626,-14.675],[-49.644,-14.628],[-49.635,-14.578],[-49.735,-14.609],[-49.689,-14.66],[-49.656,-14.731],[-49.646,-14.841],[-49.64,-14.823],[-49.59,-14.802],[-49.528,-14.816],[-49.511,-14.838],[-49.485,-14.84],[-49.475,-14.863],[-49.444,-14.865],[-49.412,-14.848]]]}},{"type":"Feature","properties":{"code":"5208707"},"geometry":{"type":"Polygon","coordinates":[[[-49.384,-16.832],[-49.365,-16.818],[-49.35,-16.764],[-49.331,-16.75],[-49.288,-16.748],[-49.255,-16.732],[-49.221,-16.738],[-49.159,-16.791],[-49.151,-16.747],[-49.194,-16.691],[-49.167,-16.651],[-49.148,-16.647],[-49.078,-16.593],[-49.103,-16.563],[-49.134,-16.579],[-49.166,-16.575],[-49.175,-16.54],[-49.195,-16.519],[-49.196,-16.494],[-49.174,-16.467],[-49.214,-16.454],[-49.25,-16.49],[-49.263,-16.516],[-49.31,-16.53],[-49.328,-16.556],[-49.353,-16.564],[-49.392,-16.598],[-49.38,-16.63],[-49.44,-16.671],[-49.445,-16.718],[-49.412,-16.741],[-49.384,-16.832]]]}},{"type":"Feature","properties":{"code":"5200506"},"geometry":{"type":"Polygon","coordinates":[[[-49.412,-17.655],[-49.434,-17.634],[-49.502,-17.656],[-49.513,-17.671],[-49.508,-17.75],[-49.46,-17.751],[-49.432,-17.74],[-49.419,-17.712],[-49.412,-17.655]]]}},{"type":"Feature","properties":{"code":"5217302"},"geometry":{"type":"Polygon","coordinates":[[[-48.94,-16.134],[-48.905,-16.066],[-48.898,-16.032],[-48.913,-16.018],[-48.907,-15.989],[-48.897,-15.979],[-48.904,-15.909],[-48.896,-15.876],[-48.868,-15.874],[-48.871,-15.849],[-48.844,-15.841],[-48.856,-15.802],[-48.837,-15.803],[-48.817,-15.749],[-48.836,-15.726],[-48.809,-15.667],[-48.811,-15.633],[-48.829,-15.625],[-48.792,-15.585],[-48.792,-15.555],[-48.831,-15.543],[-48.814,-15.518],[-48.895,-15.523],[-48.917,-15.531],[-48.957,-15.511],[-48.993,-15.537],[-49.019,-15.572],[-49.03,-15.54],[-49.066,-15.511],[-49.081,-15.511],[-49.129,-15.573],[-49.187,-15.602],[-49.167,-15.627],[-49.127,-15.624],[-49.216,-15.857],[-49.199,-15.887],[-49.197,-15.929],[-49.18,-15.959],[-49.134,-16.002],[-49.15,-16.03],[-49.151,-16.087],[-49.182,-16.125],[-49.165,-16.138],[-49.127,-16.131],[-49.044,-16.135],[-48.964,-16.126],[-48.94,-16.134]]]}},{"type":"Feature","properties":{"code":"5200555"},"geometry":{"type":"Polygon","coordinates":[[[-49.424,-14.268],[-49.382,-14.252],[-49.364,-14.263],[-49.325,-14.257],[-49.279,-14.221],[-49.276,-14.18],[-49.311,-14.136],[-49.364,-14.124],[-49.389,-14.084],[-49.388,-14.067],[-49.431,-14.067],[-49.455,-14.083],[-49.521,-14.082],[-49.571,-14.1],[-49.593,-14.126],[-49.573,-14.129],[-49.546,-14.169],[-49.561,-14.199],[-49.495,-14.23],[-49.458,-14.29],[-49.424,-14.268]]]}},{"type":"Feature","properties":{"code":"5200902"},"geometry":{"type":"Polygon","coordinates":[[[-51.232,-16.505],[-51.243,-16.556],[-51.215,-16.566],[-51.185,-16.645],[-51.137,-16.633],[-51.123,-16.698],[-51.102,-16.732],[-51.097,-16.794],[-51.053,-16.814],[-51.049,-16.749],[-51.025,-16.696],[-51.037,-16.661],[-50.998,-16.633],[-51.032,-16.625],[-51.027,-16.569],[-51.064,-16.549],[-51.077,-16.518],[-51.149,-16.511],[-51.183,-16.53],[-51.232,-16.505]]]}},{"type":"Feature","properties":{"code":"5217104"},"geometry":{"type":"Polygon","coordinates":[[[-48.703,-17.497],[-48.755,-17.482],[-48.763,-17.462],[-48.801,-17.432],[-48.808,-17.412],[-48.795,-17.354],[-48.805,-17.313],[-48.785,-17.278],[-48.811,-17.225],[-48.8,-17.18],[-48.843,-17.067],[-48.861,-17.049],[-48.923,-17.059],[-48.982,-17.092],[-49.014,-17.068],[-49.055,-17.053],[-49.084,-17.061],[-49.108,-17.078],[-49.121,-17.106],[-49.11,-17.136],[-49.176,-17.12],[-49.193,-17.136],[-49.224,-17.082],[-49.211,-17.12],[-49.21,-17.176],[-49.194,-17.177],[-49.172,-17.258],[-49.187,-17.307],[-49.202,-17.321],[-49.2,-17.354],[-49.247,-17.344],[-49.248,-17.362],[-49.223,-17.401],[-49.24,-17.455],[-49.276,-17.473],[-49.302,-17.507],[-49.258,-17.519],[-49.231,-17.509],[-49.194,-17.535],[-49.154,-17.544],[-49.125,-17.53],[-49.089,-17.543],[-49.059,-17.54],[-48.977,-17.573],[-48.962,-17.569],[-48.928,-17.6],[-48.925,-17.566],[-48.897,-17.532],[-48.856,-17.56],[-48.813,-17.572],[-48.76,-17.569],[-48.697,-17.527],[-48.703,-17.497]]]}},{"type":"Feature","properties":{"code":"5217203"},"geometry":{"type":"Polygon","coordinates":[[[-51.602,-16.602],[-51.574,-16.574],[-51.569,-16.553],[-51.61,-16.542],[-51.669,-16.444],[-51.674,-16.419],[-51.638,-16.385],[-51.648,-16.35],[-51.673,-16.323],[-51.666,-16.28],[-51.672,-16.258],[-51.709,-16.227],[-51.786,-16.143],[-51.796,-16.1],[-51.83,-16.083],[-51.86,-16.09],[-51.903,-16.123],[-51.904,-16.161],[-51.891,-16.197],[-51.911,-16.24],[-51.959,-16.259],[-51.972,-16.297],[-52.017,-16.311],[-52.041,-16.361],[-52.085,-16.392],[-52.141,-16.448],[-52.125,-16.471],[-52.088,-16.475],[-52.052,-16.49],[-52.046,-16.546],[-52.005,-16.566],[-51.975,-16.628],[-51.961,-16.625],[-51.917,-16.65],[-51.9,-16.634],[-51.866,-16.658],[-51.783,-16.608],[-51.75,-16.6],[-51.744,-16.621],[-51.709,-16.641],[-51.676,-16.626],[-51.668,-16.599],[-51.602,-16.602]]]}},{"type":"Feature","properties":{"code":"5200852"},"geometry":{"type":"Polygon","coordinates":[[[-49.941,-16.224],[-49.967,-16.238],[-50.093,-16.226],[-50.107,-16.251],[-50.1,-16.283],[-50.066,-16.291],[-50.048,-16.266],[-50.021,-16.316],[-49.983,-16.329],[-49.986,-16.293],[-49.944,-16.244],[-49.927,-16.257],[-49.871,-16.266],[-49.869,-16.232],[-49.941,-16.224]]]}},{"type":"Feature","properties":{"code":"5209150"},"geometry":{"type":"Polygon","coordinates":[[[-50.27,-18.684],[-50.199,-18.679],[-50.164,-18.664],[-50.08,-18.672],[-50.05,-18.643],[-50.029,-18.602],[-50.051,-18.578],[-50.03,-18.54],[-50.044,-18.521],[-50.037,-18.484],[-50.064,-18.432],[-50.046,-18.385],[-50.106,-18.331],[-50.131,-18.327],[-50.164,-18.342],[-50.239,-18.363],[-50.272,-18.379],[-50.256,-18.438],[-50.273,-18.531],[-50.26,-18.609],[-50.242,-18.625],[-50.27,-18.684]]]}},{"type":"Feature","properties":{"code":"5209101"},"geometry":{"type":"Polygon","coordinates":[[[-49.248,-18.168],[-49.203,-18.091],[-49.186,-18.081],[-49.173,-18.038],[-49.175,-17.988],[-49.289,-17.946],[-49.367,-17.956],[-49.399,-17.913],[-49.436,-17.916],[-49.455,-17.89],[-49.454,-17.851],[-49.497,-17.832],[-49.518,-17.855],[-49.561,-17.834],[-49.595,-17.84],[-49.645,-17.868],[-49.68,-17.86],[-49.76,-17.868],[-49.783,-17.886],[-49.803,-17.887],[-49.821,-17.85],[-49.857,-17.863],[-49.915,-17.796],[-49.941,-17.798],[-49.984,-17.783],[-50.017,-17.795],[-50.073,-17.799],[-50.055,-17.825],[-50.022,-17.832],[-49.98,-17.927],[-50.017,-17.954],[-50.046,-17.942],[-50.136,-18.0],[-50.169,-18.074],[-50.161,-18.121],[-50.095,-18.114],[-50.056,-18.098],[-50.0,-18.119],[-49.959,-18.075],[-49.935,-18.073],[-49.901,-18.029],[-49.88,-18.032],[-49.861,-18.003],[-49.835,-18.003],[-49.839,-18.035],[-49.803,-18.071],[-49.783,-18.062],[-49.722,-18.091],[-49.668,-18.08],[-49.631,-18.097],[-49.584,-18.145],[-49.579,-18.186],[-49.55,-18.206],[-49.511,-18.147],[-49.51,-18.083],[-49.469,-18.088],[-49.414,-18.139],[-49.368,-18.145],[-49.351,-18.182],[-49.29,-18.145],[-49.252,-18.179],[-49.248,-18.168]]]}},{"type":"Feature","properties":{"code":"5208905"},"geometry":{"type":"Polygon","coordinates":[[[-50.043,-16.03],[-50.004,-16.014],[-49.953,-15.975],[-49.862,-15.977],[-49.833,-15.93],[-49.841,-15.913],[-49.795,-15.885],[-49.794,-15.868],[-49.825,-15.809],[-49.878,-15.759],[-49.925,-15.76],[-49.938,-15.749],[-49.966,-15.766],[-50.023,-15.781],[-50.086,-15.77],[-50.063,-15.724],[-50.081,-15.688],[-50.124,-15.648],[-50.172,-15.626],[-50.276,-15.644],[-50.327,-15.643],[-50.352,-15.62],[-50.37,-15.638],[-50.429,-15.642],[-50.483,-15.638],[-50.528,-15.558],[-50.567,-15.576],[-50.59,-15.572],[-50.619,-15.599],[-50.637,-15.596],[-50.617,-15.646],[-50.61,-15.699],[-50.62,-15.723],[-50.579,-15.733],[-50.571,-15.76],[-50.524,-15.783],[-50.504,-15.822],[-50.515,-15.872],[-50.464,-15.942],[-50.489,-15.97],[-50.505,-16.006],[-50.512,-16.036],[-50.489,-16.041],[-50.474,-16.076],[-50.478,-16.12],[-50.44,-16.114],[-50.421,-16.088],[-50.355,-16.078],[-50.336,-16.092],[-50.296,-16.083],[-50.257,-16.094],[-50.139,-16.055],[-50.1,-16.033],[-50.043,-16.03]]]}},{"type":"Feature","properties":{"code":"5200829"},"geometry":{"type":"Polygon","coordinates":[[[-49.835,-13.904],[-49.757,-13.849],[-49.734,-13.861],[-49.7,-13.856],[-49.672,-13.838],[-49.624,-13.887],[-49.621,-13.902],[-49.587,-13.936],[-49.535,-13.969],[-49.52,-13.987],[-49.482,-13.976],[-49.456,-13.986],[-49.412,-13.953],[-49.368,-13.959],[-49.322,-14.0],[-49.294,-13.992],[-49.264,-13.962],[-49.258,-13.899],[-49.224,-13.865],[-49.334,-13.87],[-49.298,-13.806],[-49.3,-13.78],[-49.334,-13.765],[-49.37,-13.789],[-49.4,-13.793],[-49.41,-13.816],[-49.526,-13.835],[-49.563,-13.793],[-49.575,-13.767],[-49.62,-13.755],[-49.651,-13.727],[-49.72,-13.728],[-49.735,-13.718],[-49.784,-13.727],[-49.822,-13.692],[-49.887,-13.694],[-49.91,-13.681],[-49.964,-13.703],[-49.96,-13.744],[-49.921,-13.76],[-49.942,-13.802],[-49.941,-13.834],[-49.96,-13.849],[-49.975,-13.884],[-49.943,-13.914],[-49.936,-13.896],[-49.835,-13.904]]]}},{"type":"Feature","properties":{"code":"5200803"},"geometry":{"type":"Polygon","coordinates":[[[-46.458,-14.478],[-46.478,-14.47],[-46.543,-14.486],[-46.564,-14.472],[-46.598,-14.48],[-46.63,-14.507],[-46.718,-14.466],[-46.712,-14.428],[-46.732,-14.391],[-46.739,-14.375],[-46.784,-14.391],[-46.816,-14.35],[-46.844,-14.348],[-46.882,-14.317],[-46.901,-14.33],[-46.879,-14.361],[-46.876,-14.396],[-46.887,-14.437],[-46.862,-14.446],[-46.858,-14.491],[-46.869,-14.516],[-46.851,-14.543],[-46.748,-14.598],[-46.716,-14.597],[-46.682,-14.652],[-46.689,-14.687],[-46.669,-14.721],[-46.669,-14.761],[-46.631,-14.78],[-46.62,-14.819],[-46.56,-14.815],[-46.564,-14.783],[-46.544,-14.753],[-46.51,-14.738],[-46.503,-14.704],[-46.499,-14.665],[-46.463,-14.626],[-46.421,-14.634],[-46.381,-14.569],[-46.388,-14.54],[-46.379,-14.489],[-46.398,-14.476],[-46.426,-14.492],[-46.458,-14.478]]]}},{"type":"Feature","properties":{"code":"5200134"},"geometry":{"type":"Polygon","coordinates":[[[-50.477,-17.66],[-50.433,-17.617],[-50.395,-17.617],[-50.375,-17.604],[-50.327,-17.603],[-50.32,-17.618],[-50.278,-17.604],[-50.276,-17.58],[-50.23,-17.565],[-50.202,-17.574],[-50.163,-17.567],[-50.15,-17.601],[-50.111,-17.591],[-50.076,-17.538],[-50.066,-17.498],[-50.075,-17.463],[-50.126,-17.424],[-50.127,-17.385],[-50.148,-17.341],[-50.201,-17.293],[-50.238,-17.287],[-50.245,-17.271],[-50.262,-17.248],[-50.287,-17.253],[-50.354,-17.302],[-50.392,-17.189],[-50.42,-17.227],[-50.43,-17.287],[-50.458,-17.33],[-50.497,-17.345],[-50.507,-17.397],[-50.527,-17.43],[-50.525,-17.491],[-50.516,-17.522],[-50.56,-17.547],[-50.546,-17.581],[-50.56,-17.596],[-50.519,-17.648],[-50.477,-17.66]]]}},{"type":"Feature","properties":{"code":"5208301"},"geometry":{"type":"Polygon","coordinates":[[[-46.715,-13.385],[-46.383,-13.383],[-46.384,-13.332],[-46.395,-13.312],[-46.383,-13.28],[-46.377,-13.218],[-46.407,-13.123],[-46.449,-13.055],[-46.453,-13.054],[-46.46,-13.072],[-46.507,-13.097],[-46.532,-13.155],[-46.578,-13.204],[-46.648,-13.237],[-46.675,-13.239],[-46.677,-13.284],[-46.703,-13.298],[-46.708,-13.333],[-46.696,-13.354],[-46.715,-13.385]]]}},{"type":"Feature","properties":{"code":"5216452"},"geometry":{"type":"Polygon","coordinates":[[[-52.308,-17.586],[-52.234,-17.638],[-52.145,-17.637],[-52.096,-17.65],[-52.045,-17.633],[-51.993,-17.645],[-52.007,-17.597],[-51.99,-17.566],[-52.026,-17.491],[-52.042,-17.462],[-52.1,-17.411],[-52.132,-17.416],[-52.161,-17.438],[-52.215,-17.418],[-52.239,-17.392],[-52.263,-17.402],[-52.288,-17.376],[-52.298,-17.343],[-52.429,-17.323],[-52.474,-17.322],[-52.514,-17.349],[-52.51,-17.378],[-52.481,-17.409],[-52.454,-17.406],[-52.43,-17.42],[-52.375,-17.42],[-52.366,-17.453],[-52.379,-17.481],[-52.371,-17.512],[-52.344,-17.527],[-52.308,-17.564],[-52.308,-17.586]]]}},{"type":"Feature","properties":{"code":"5200100"},"geometry":{"type":"Polygon","coordinates":[[[-48.516,-16.339],[-48.495,-16.305],[-48.451,-16.286],[-48.412,-16.287],[-48.422,-16.244],[-48.443,-16.207],[-48.503,-16.195],[-48.543,-16.169],[-48.561,-16.171],[-48.613,-16.143],[-48.683,-16.147],[-48.722,-16.097],[-48.757,-16.071],[-48.792,-16.013],[-48.907,-15.989],[-48.913,-16.018],[-48.898,-16.032],[-48.905,-16.066],[-48.94,-16.134],[-48.924,-16.159],[-48.934,-16.192],[-48.929,-16.223],[-48.897,-16.237],[-48.848,-16.227],[-48.824,-16.254],[-48.771,-16.278],[-48.77,-16.289],[-48.717,-16.28],[-48.69,-16.292],[-48.629,-16.285],[-48.618,-16.309],[-48.549,-16.346],[-48.516,-16.339]]]}},{"type":"Feature","properties":{"code":"5216403"},"geometry":{"type":"Polygon","coordinates":[[[-50.245,-17.271],[-50.234,-17.237],[-50.297,-17.18],[-50.27,-17.156],[-50.285,-17.138],[-50.274,-17.114],[-50.299,-17.104],[-50.287,-17.048],[-50.299,-17.02],[-50.282,-16.971],[-50.284,-16.896],[-50.285,-16.891],[-50.329,-16.883],[-50.39,-16.897],[-50.419,-16.917],[-50.456,-16.888],[-50.458,-16.844],[-50.45,-16.798],[-50.528,-16.813],[-50.572,-16.832],[-50.576,-16.848],[-50.641,-16.835],[-50.661,-16.836],[-50.701,-16.81],[-50.73,-16.806],[-50.798,-16.821],[-50.79,-16.799],[-50.816,-16.729],[-50.812,-16.695],[-50.83,-16.685],[-50.849,-16.726],[-50.959,-16.794],[-50.986,-16.828],[-51.052,-16.872],[-51.056,-16.955],[-51.002,-17.023],[-50.98,-17.038],[-50.947,-17.09],[-50.926,-17.1],[-50.891,-17.155],[-50.87,-17.172],[-50.797,-17.181],[-50.765,-17.2],[-50.76,-17.221],[-50.727,-17.242],[-50.735,-17.264],[-50.702,-17.3],[-50.665,-17.36],[-50.618,-17.377],[-50.59,-17.409],[-50.571,-17.407],[-50.527,-17.43],[-50.507,-17.397],[-50.497,-17.345],[-50.458,-17.33],[-50.43,-17.287],[-50.42,-17.227],[-50.392,-17.189],[-50.354,-17.302],[-50.287,-17.253],[-50.262,-17.248],[-50.245,-17.271]]]}},{"type":"Feature","properties":{"code":"5200175"},"geometry":{"type":"Polygon","coordinates":[[[-48.08,-14.899],[-48.047,-14.923],[-48.036,-14.962],[-48.063,-15.024],[-48.056,-15.052],[-48.083,-15.084],[-48.09,-15.136],[-48.072,-15.148],[-48.015,-15.133],[-47.988,-15.103],[-47.966,-15.102],[-47.925,-15.077],[-47.912,-15.088],[-47.823,-15.097],[-47.784,-15.075],[-47.762,-15.041],[-47.715,-15.02],[-47.678,-15.039],[-47.571,-15.047],[-47.573,-14.961],[-47.548,-14.926],[-47.517,-14.923],[-47.499,-14.908],[-47.489,-14.84],[-47.477,-14.817],[-47.528,-14.77],[-47.535,-14.737],[-47.557,-14.732],[-47.584,-14.775],[-47.61,-14.79],[-47.635,-14.831],[-47.648,-14.833],[-47.64,-14.757],[-47.631,-14.744],[-47.666,-14.709],[-47.694,-14.744],[-47.706,-14.67],[-47.718,-14.653],[-47.772,-14.642],[-47.779,-14.678],[-47.808,-14.693],[-47.834,-14.741],[-47.867,-14.773],[-47.958,-14.802],[-47.989,-14.822],[-48.004,-14.805],[-48.061,-14.859],[-48.08,-14.899]]]}},{"type":"Feature","properties":{"code":"5200159"},"geometry":{"type":"Polygon","coordinates":[[[-50.246,-16.349],[-50.226,-16.362],[-50.227,-16.404],[-50.182,-16.421],[-50.166,-16.466],[-50.149,-16.442],[-50.166,-16.424],[-50.151,-16.373],[-50.13,-16.366],[-50.139,-16.328],[-50.187,-16.299],[-50.22,-16.307],[-50.214,-16.342],[-50.246,-16.349]]]}},{"type":"Feature","properties":{"code":"5208152"},"geometry":{"type":"Polygon","coordinates":[[[-48.875,-16.401],[-48.871,-16.421],[-48.822,-16.435],[-48.78,-16.464],[-48.75,-16.5],[-48.699,-16.493],[-48.644,-16.519],[-48.596,-16.528],[-48.59,-16.514],[-48.541,-16.5],[-48.559,-16.471],[-48.595,-16.462],[-48.605,-16.445],[-48.579,-16.419],[-48.541,-16.418],[-48.523,-16.394],[-48.516,-16.339],[-48.549,-16.346],[-48.618,-16.309],[-48.629,-16.285],[-48.69,-16.292],[-48.717,-16.28],[-48.77,-16.289],[-48.752,-16.331],[-48.761,-16.386],[-48.8,-16.384],[-48.824,-16.4],[-48.875,-16.401]]]}},{"type":"Feature","properties":{"code":"5216809"},"geometry":{"type":"Polygon","coordinates":[[[-49.311,-16.23],[-49.216,-16.191],[-49.189,-16.142],[-49.165,-16.138],[-49.182,-16.125],[-49.151,-16.087],[-49.15,-16.03],[-49.177,-16.084],[-49.215,-16.082],[-49.228,-16.051],[-49.247,-16.044],[-49.288,-16.006],[-49.365,-16.006],[-49.401,-16.015],[-49.432,-16.056],[-49.453,-16.113],[-49.447,-16.167],[-49.41,-16.175],[-49.403,-16.194],[-49.38,-16.195],[-49.315,-16.22],[-49.311,-16.23]]]}},{"type":"Feature","properties":{"code":"5200050"},"geometry":{"type":"Polygon","coordinates":[[[-49.384,-16.832],[-49.412,-16.741],[-49.445,-16.718],[-49.498,-16.747],[-49.517,-16.741],[-49.539,-16.764],[-49.502,-16.8],[-49.475,-16.792],[-49.458,-16.82],[-49.465,-16.846],[-49.438,-16.86],[-49.384,-16.832]]]}},{"type":"Feature","properties":{"code":"5208608"},"geometry":{"type":"Polygon","coordinates":[[[-49.081,-15.511],[-49.09,-15.468],[-49.067,-15.431],[-49.086,-15.382],[-49.078,-15.343],[-49.03,-15.28],[-48.99,-15.262],[-48.94,-15.261],[-48.919,-15.239],[-48.909,-15.167],[-48.969,-15.161],[-48.978,-15.134],[-49.038,-15.131],[-49.081,-15.15],[-49.159,-15.159],[-49.188,-15.135],[-49.178,-15.092],[-49.135,-14.999],[-49.29,-14.991],[-49.312,-15.123],[-49.305,-15.155],[-49.319,-15.189],[-49.322,-15.233],[-49.343,-15.276],[-49.355,-15.328],[-49.341,-15.344],[-49.282,-15.329],[-49.262,-15.351],[-49.286,-15.371],[-49.275,-15.388],[-49.298,-15.41],[-49.282,-15.438],[-49.222,-15.483],[-49.224,-15.524],[-49.239,-15.554],[-49.212,-15.567],[-49.187,-15.602],[-49.129,-15.573],[-49.081,-15.511]]]}},{"type":"Feature","properties":{"code":"5200258"},"geometry":{"type":"Polygon","coordinates":[[[-48.282,-15.831],[-48.243,-15.797],[-48.209,-15.75],[-48.208,-15.718],[-48.241,-15.706],[-48.235,-15.66],[-48.252,-15.659],[-48.3,-15.71],[-48.349,-15.726],[-48.35,-15.792],[-48.378,-15.822],[-48.313,-15.822],[-48.282,-15.831]]]}},{"type":"Feature","properties":{"code":"5208400"},"geometry":{"type":"Polygon","coordinates":[[[-49.078,-16.593],[-49.057,-16.562],[-48.997,-16.53],[-48.997,-16.486],[-48.982,-16.405],[-49.004,-16.413],[-49.02,-16.445],[-49.069,-16.468],[-49.08,-16.501],[-49.113,-16.537],[-49.127,-16.514],[-49.175,-16.54],[-49.166,-16.575],[-49.134,-16.579],[-49.103,-16.563],[-49.078,-16.593]]]}},{"type":"Feature","properties":{"code":"5200209"},"geometry":{"type":"Polygon","coordinates":[[[-48.811,-18.235],[-48.785,-18.242],[-48.721,-18.204],[-48.704,-18.152],[-48.708,-18.112],[-48.692,-18.095],[-48.711,-18.087],[-48.732,-18.042],[-48.74,-18.002],[-48.766,-17.934],[-48.847,-17.908],[-48.843,-17.94],[-48.863,-17.991],[-48.861,-18.046],[-48.886,-18.089],[-48.864,-18.141],[-48.819,-18.199],[-48.811,-18.235]]]}},{"type":"Feature","properties":{"code":"5208509"},"geometry":{"type":"Polygon","coordinates":[[[-48.062,-18.264],[-48.045,-18.223],[-48.009,-18.179],[-48.042,-18.157],[-48.023,-18.126],[-48.033,-18.063],[-48.074,-18.045],[-48.096,-18.0],[-48.129,-17.976],[-48.174,-17.971],[-48.21,-17.997],[-48.226,-18.035],[-48.208,-18.07],[-48.236,-18.083],[-48.231,-18.122],[-48.262,-18.125],[-48.278,-18.182],[-48.272,-18.223],[-48.228,-18.2],[-48.163,-18.231],[-48.131,-18.23],[-48.062,-18.264]]]}},{"type":"Feature","properties":{"code":"5200308"},"geometry":{"type":"Polygon","coordinates":[[[-48.412,-16.287],[-48.374,-16.31],[-48.324,-16.318],[-48.329,-16.26],[-48.363,-16.242],[-48.372,-16.199],[-48.353,-16.18],[-48.35,-16.119],[-48.369,-16.072],[-48.365,-16.027],[-48.372,-15.998],[-48.408,-15.977],[-48.424,-15.988],[-48.49,-15.934],[-48.529,-15.933],[-48.542,-15.914],[-48.591,-15.921],[-48.628,-15.941],[-48.647,-15.963],[-48.619,-16.055],[-48.623,-16.127],[-48.613,-16.143],[-48.561,-16.171],[-48.543,-16.169],[-48.503,-16.195],[-48.443,-16.207],[-48.422,-16.244],[-48.412,-16.287]]]}},{"type":"Feature","properties":{"code":"5216007"},"geometry":{"type":"Polygon","coordinates":[[[-49.252,-18.179],[-49.29,-18.145],[-49.351,-18.182],[-49.368,-18.145],[-49.414,-18.139],[-49.469,-18.088],[-49.51,-18.083],[-49.511,-18.147],[-49.55,-18.206],[-49.545,-18.218],[-49.509,-18.214],[-49.477,-18.271],[-49.426,-18.282],[-49.406,-18.341],[-49.367,-18.292],[-49.344,-18.289],[-49.286,-18.23],[-49.237,-18.218],[-49.252,-18.179]]]}},{"type":"Feature","properties":{"code":"5207808"},"geometry":{"type":"Polygon","coordinates":[[[-50.213,-16.703],[-50.212,-16.68],[-50.241,-16.636],[-50.233,-16.61],[-50.247,-16.545],[-50.233,-16.519],[-50.243,-16.489],[-50.228,-16.451],[-50.245,-16.45],[-50.282,-16.508],[-50.303,-16.559],[-50.347,-16.577],[-50.414,-16.586],[-50.445,-16.598],[-50.465,-16.632],[-50.485,-16.637],[-50.478,-16.673],[-50.436,-16.655],[-50.429,-16.636],[-50.389,-16.63],[-50.364,-16.657],[-50.362,-16.7],[-50.359,-16.741],[-50.285,-16.768],[-50.283,-16.804],[-50.258,-16.771],[-50.254,-16.734],[-50.213,-16.703]]]}},{"type":"Feature","properties":{"code":"5215900"},"geometry":{"type":"Polygon","coordinates":[[[-50.284,-16.896],[-50.227,-16.909],[-50.178,-16.934],[-50.143,-16.933],[-50.13,-16.902],[-50.104,-16.899],[-50.104,-16.798],[-50.159,-16.722],[-50.15,-16.681],[-50.193,-16.686],[-50.213,-16.703],[-50.254,-16.734],[-50.258,-16.771],[-50.283,-16.804],[-50.302,-16.826],[-50.303,-16.858],[-50.285,-16.891],[-50.284,-16.896]]]}},{"type":"Feature","properties":{"code":"5216304"},"geometry":{"type":"Polygon","coordinates":[[[-50.709,-18.995],[-50.682,-18.958],[-50.679,-18.913],[-50.617,-18.928],[-50.566,-18.907],[-50.539,-18.911],[-50.495,-18.893],[-50.473,-18.921],[-50.443,-18.894],[-50.423,-18.833],[-50.37,-18.804],[-50.352,-18.76],[-50.367,-18.761],[-50.428,-18.721],[-50.423,-18.707],[-50.494,-18.675],[-50.519,-18.644],[-50.523,-18.621],[-50.553,-18.617],[-50.592,-18.699],[-50.589,-18.733],[-50.604,-18.756],[-50.666,-18.742],[-50.704,-18.721],[-50.725,-18.694],[-50.756,-18.685],[-50.784,-18.656],[-50.825,-18.716],[-50.839,-18.747],[-50.818,-18.869],[-50.836,-18.917],[-50.814,-18.941],[-50.788,-18.94],[-50.771,-18.96],[-50.733,-18.974],[-50.709,-18.995]]]}},{"type":"Feature","properties":{"code":"5208103"},"geometry":{"type":"Polygon","coordinates":[[[-48.991,-13.742],[-48.977,-13.768],[-49.002,-13.792],[-48.992,-13.811],[-49.025,-13.851],[-49.024,-13.89],[-48.976,-13.903],[-48.936,-13.936],[-48.881,-13.932],[-48.867,-13.888],[-48.87,-13.864],[-48.799,-13.823],[-48.786,-13.799],[-48.807,-13.771],[-48.784,-13.732],[-48.789,-13.711],[-48.725,-13.667],[-48.701,-13.639],[-48.726,-13.607],[-48.732,-13.573],[-48.772,-13.53],[-48.788,-13.473],[-48.833,-13.478],[-48.836,-13.53],[-48.885,-13.6],[-48.922,-13.622],[-48.928,-13.668],[-48.959,-13.679],[-48.971,-13.721],[-48.991,-13.742]]]}},{"type":"Feature","properties":{"code":"5207907"},"geometry":{"type":"Polygon","coordinates":[[[-46.925,-15.057],[-46.857,-15.01],[-46.786,-15.018],[-46.682,-15.059],[-46.656,-15.082],[-46.625,-15.089],[-46.578,-15.084],[-46.526,-15.056],[-46.56,-15.026],[-46.567,-14.975],[-46.587,-14.935],[-46.62,-14.819],[-46.631,-14.78],[-46.669,-14.761],[-46.669,-14.721],[-46.689,-14.687],[-46.682,-14.652],[-46.716,-14.597],[-46.748,-14.598],[-46.851,-14.543],[-46.869,-14.516],[-46.858,-14.491],[-46.862,-14.446],[-46.887,-14.437],[-46.876,-14.396],[-46.879,-14.361],[-46.901,-14.33],[-46.957,-14.25],[-46.958,-14.232],[-46.992,-14.195],[-46.931,-14.115],[-46.938,-14.103],[-46.994,-14.082],[-47.031,-14.089],[-47.083,-14.141],[-47.084,-14.168],[-47.131,-14.205],[-47.14,-14.255],[-47.171,-14.264],[-47.174,-14.304],[-47.187,-14.326],[-47.19,-14.368],[-47.183,-14.44],[-47.157,-14.468],[-47.146,-14.54],[-47.094,-14.546],[-47.081,-14.599],[-47.086,-14.647],[-47.111,-14.677],[-47.109,-14.717],[-47.095,-14.725],[-47.115,-14.773],[-47.098,-14.804],[-47.081,-14.802],[-47.054,-14.903],[-46.984,-14.911],[-46.925,-15.057]]]}},{"type":"Feature","properties":{"code":"5208004"},"geometry":{"type":"Polygon","coordinates":[[[-47.493,-15.502],[-47.418,-15.502],[-47.418,-15.546],[-47.378,-15.576],[-47.348,-15.579],[-47.322,-15.598],[-47.334,-15.63],[-47.331,-15.684],[-47.312,-15.697],[-47.315,-15.746],[-47.34,-15.795],[-47.366,-15.827],[-47.379,-15.887],[-47.362,-15.929],[-47.377,-15.962],[-47.37,-16.001],[-47.31,-16.036],[-47.287,-16.009],[-47.226,-16.016],[-47.209,-15.99],[-47.17,-15.971],[-47.172,-15.954],[-47.137,-15.927],[-47.116,-15.898],[-47.119,-15.801],[-47.103,-15.738],[-47.131,-15.672],[-47.161,-15.65],[-47.178,-15.599],[-47.127,-15.586],[-47.103,-15.559],[-47.071,-15.556],[-47.047,-15.536],[-47.02,-15.546],[-47.015,-15.62],[-46.998,-15.652],[-46.962,-15.659],[-46.934,-15.65],[-46.912,-15.624],[-46.883,-15.61],[-46.946,-15.563],[-46.944,-15.518],[-46.931,-15.443],[-46.912,-15.412],[-46.849,-15.373],[-46.836,-15.326],[-46.874,-15.285],[-46.941,-15.315],[-46.97,-15.269],[-46.988,-15.258],[-46.999,-15.222],[-47.019,-15.197],[-47.008,-15.173],[-47.038,-15.125],[-47.048,-15.09],[-47.078,-15.064],[-47.133,-15.118],[-47.15,-15.075],[-47.186,-15.012],[-47.173,-14.975],[-47.216,-14.954],[-47.21,-14.905],[-47.228,-14.878],[-47.209,-14.826],[-47.22,-14.811],[-47.146,-14.696],[-47.111,-14.677],[-47.086,-14.647],[-47.081,-14.599],[-47.094,-14.546],[-47.146,-14.54],[-47.186,-14.56],[-47.232,-14.639],[-47.234,-14.688],[-47.247,-14.701],[-47.282,-14.694],[-47.315,-14.767],[-47.357,-14.776],[-47.36,-14.803],[-47.428,-14.831],[-47.477,-14.817],[-47.489,-14.84],[-47.499,-14.908],[-47.517,-14.923],[-47.548,-14.926],[-47.573,-14.961],[-47.571,-15.047],[-47.569,-15.074],[-47.526,-15.173],[-47.528,-15.207],[-47.508,-15.233],[-47.506,-15.258],[-47.539,-15.291],[-47.496,-15.292],[-47.475,-15.326],[-47.473,-15.366],[-47.489,-15.44],[-47.493,-15.502]]]}},{"type":"Feature","properties":{"code":"5215504"},"geometry":{"type":"Polygon","coordinates":[[[-47.607,-18.246],[-47.635,-18.241],[-47.64,-18.185],[-47.66,-18.162],[-47.712,-18.131],[-47.759,-18.118],[-47.797,-18.124],[-47.836,-18.15],[-47.862,-18.197],[-47.879,-18.246],[-47.875,-18.283],[-47.714,-18.29],[-47.61,-18.316],[-47.633,-18.292],[-47.607,-18.246]]]}},{"type":"Feature","properties":{"code":"5215306"},"geometry":{"type":"Polygon","coordinates":[[[-48.49,-17.002],[-48.355,-17.118],[-48.338,-17.143],[-48.269,-17.184],[-48.226,-17.199],[-48.222,-17.236],[-48.187,-17.274],[-48.209,-17.287],[-48.199,-17.31],[-48.119,-17.274],[-48.087,-17.249],[-48.088,-17.235],[-48.055,-17.197],[-48.032,-17.193],[-47.998,-17.125],[-47.992,-17.089],[-47.918,-17.004],[-48.003,-16.951],[-48.034,-16.922],[-48.065,-16.933],[-48.089,-16.892],[-48.078,-16.879],[-48.08,-16.785],[-48.105,-16.747],[-48.195,-16.734],[-48.257,-16.739],[-48.263,-16.799],[-48.302,-16.81],[-48.309,-16.841],[-48.341,-16.864],[-48.365,-16.896],[-48.415,-16.936],[-48.449,-16.93],[-48.471,-16.951],[-48.49,-17.002]]]}},{"type":"Feature","properties":{"code":"5207253"},"geometry":{"type":"Polygon","coordinates":[[[-52.832,-16.772],[-52.833,-16.818],[-52.824,-16.83],[-52.829,-16.878],[-52.749,-16.953],[-52.694,-16.969],[-52.631,-16.965],[-52.612,-16.975],[-52.634,-17.007],[-52.594,-17.041],[-52.545,-17.066],[-52.511,-17.128],[-52.506,-17.18],[-52.511,-17.209],[-52.478,-17.245],[-52.449,-17.259],[-52.444,-17.283],[-52.416,-17.282],[-52.406,-17.261],[-52.392,-17.223],[-52.414,-17.176],[-52.388,-17.141],[-52.421,-17.044],[-52.412,-17.03],[-52.429,-16.994],[-52.414,-16.969],[-52.384,-16.948],[-52.324,-16.941],[-52.293,-16.928],[-52.275,-16.878],[-52.26,-16.869],[-52.252,-16.83],[-52.209,-16.806],[-52.168,-16.803],[-52.159,-16.768],[-52.136,-16.737],[-52.13,-16.705],[-52.146,-16.673],[-52.139,-16.641],[-52.191,-16.599],[-52.245,-16.579],[-52.259,-16.599],[-52.336,-16.562],[-52.341,-16.544],[-52.374,-16.537],[-52.406,-16.555],[-52.418,-16.541],[-52.495,-16.563],[-52.507,-16.541],[-52.547,-16.552],[-52.629,-16.518],[-52.626,-16.532],[-52.676,-16.585],[-52.703,-16.596],[-52.733,-16.586],[-52.726,-16.614],[-52.759,-16.671],[-52.762,-16.707],[-52.786,-16.714],[-52.832,-16.772]]]}},{"type":"Feature","properties":{"code":"5215405"},"geometry":{"type":"Polygon","coordinates":[[[-49.165,-16.314],[-49.178,-16.264],[-49.153,-16.25],[-49.144,-16.223],[-49.189,-16.142],[-49.216,-16.191],[-49.311,-16.23],[-49.288,-16.233],[-49.276,-16.268],[-49.306,-16.309],[-49.288,-16.322],[-49.228,-16.32],[-49.193,-16.346],[-49.165,-16.314]]]}},{"type":"Feature","properties":{"code":"5207352"},"geometry":{"type":"Polygon","coordinates":[[[-49.795,-17.268],[-49.786,-17.287],[-49.797,-17.32],[-49.755,-17.32],[-49.741,-17.341],[-49.747,-17.378],[-49.767,-17.408],[-49.731,-17.413],[-49.727,-17.461],[-49.776,-17.457],[-49.799,-17.485],[-49.852,-17.499],[-49.888,-17.529],[-49.907,-17.588],[-49.925,-17.606],[-49.895,-17.612],[-49.849,-17.577],[-49.825,-17.585],[-49.791,-17.577],[-49.747,-17.58],[-49.74,-17.561],[-49.696,-17.553],[-49.644,-17.487],[-49.65,-17.441],[-49.625,-17.435],[-49.654,-17.393],[-49.64,-17.366],[-49.646,-17.302],[-49.658,-17.255],[-49.71,-17.193],[-49.77,-17.224],[-49.795,-17.268]]]}},{"type":"Feature","properties":{"code":"5215702"},"geometry":{"type":"Polygon","coordinates":[[[-50.143,-16.933],[-50.1,-16.951],[-50.071,-16.917],[-50.043,-16.93],[-50.039,-16.965],[-50.059,-16.994],[-50.076,-17.043],[-50.069,-17.084],[-49.991,-17.061],[-49.95,-17.03],[-49.95,-17.005],[-49.928,-16.961],[-49.9,-16.954],[-49.88,-16.974],[-49.855,-16.944],[-49.828,-16.959],[-49.823,-16.922],[-49.802,-16.903],[-49.749,-16.945],[-49.725,-16.933],[-49.733,-16.902],[-49.728,-16.873],[-49.752,-16.854],[-49.758,-16.817],[-49.782,-16.784],[-49.766,-16.734],[-49.727,-16.671],[-49.729,-16.638],[-49.741,-16.651],[-49.778,-16.638],[-49.884,-16.641],[-49.902,-16.619],[-49.974,-16.59],[-50.007,-16.621],[-50.15,-16.681],[-50.159,-16.722],[-50.104,-16.798],[-50.104,-16.899],[-50.13,-16.902],[-50.143,-16.933]]]}},{"type":"Feature","properties":{"code":"5215801"},"geometry":{"type":"Polygon","coordinates":[[[-48.404,-17.239],[-48.428,-17.26],[-48.409,-17.276],[-48.422,-17.32],[-48.414,-17.343],[-48.365,-17.336],[-48.374,-17.27],[-48.404,-17.239]]]}},{"type":"Feature","properties":{"code":"5215603"},"geometry":{"type":"Polygon","coordinates":[[[-48.235,-15.66],[-48.218,-15.623],[-48.2,-15.623],[-48.2,-15.502],[-48.054,-15.502],[-48.042,-15.47],[-47.956,-15.44],[-47.95,-15.407],[-47.925,-15.358],[-47.968,-15.328],[-47.972,-15.283],[-47.99,-15.268],[-48.026,-15.207],[-48.085,-15.19],[-48.107,-15.148],[-48.13,-15.136],[-48.182,-15.142],[-48.213,-15.117],[-48.256,-15.121],[-48.286,-15.101],[-48.303,-15.107],[-48.366,-15.09],[-48.413,-15.102],[-48.445,-15.099],[-48.489,-15.119],[-48.498,-15.15],[-48.554,-15.173],[-48.607,-15.153],[-48.618,-15.172],[-48.589,-15.197],[-48.569,-15.232],[-48.571,-15.266],[-48.592,-15.287],[-48.576,-15.36],[-48.593,-15.365],[-48.57,-15.378],[-48.571,-15.436],[-48.554,-15.456],[-48.58,-15.481],[-48.58,-15.546],[-48.548,-15.599],[-48.402,-15.655],[-48.375,-15.613],[-48.352,-15.631],[-48.315,-15.623],[-48.257,-15.646],[-48.252,-15.659],[-48.235,-15.66]]]}},{"type":"Feature","properties":{"code":"5207535"},"geometry":{"type":"Polygon","coordinates":[[[-50.131,-15.584],[-50.154,-15.562],[-50.166,-15.518],[-50.154,-15.495],[-50.16,-15.418],[-50.135,-15.398],[-50.123,-15.363],[-50.134,-15.343],[-50.11,-15.319],[-50.086,-15.248],[-50.143,-15.24],[-50.182,-15.249],[-50.239,-15.238],[-50.288,-15.247],[-50.358,-15.316],[-50.383,-15.326],[-50.44,-15.37],[-50.448,-15.35],[-50.492,-15.34],[-50.521,-15.303],[-50.537,-15.306],[-50.58,-15.283],[-50.606,-15.259],[-50.644,-15.247],[-50.705,-15.266],[-50.731,-15.256],[-50.691,-15.373],[-50.663,-15.419],[-50.608,-15.466],[-50.578,-15.475],[-50.535,-15.466],[-50.519,-15.519],[-50.528,-15.558],[-50.483,-15.638],[-50.429,-15.642],[-50.37,-15.638],[-50.352,-15.62],[-50.327,-15.643],[-50.276,-15.644],[-50.172,-15.626],[-50.124,-15.648],[-50.131,-15.584]]]}},{"type":"Feature","properties":{"code":"5207501"},"geometry":{"type":"Polygon","coordinates":[[[-49.024,-13.89],[-49.025,-13.851],[-48.992,-13.811],[-49.002,-13.792],[-48.977,-13.768],[-48.991,-13.742],[-49.029,-13.765],[-49.057,-13.745],[-49.084,-13.749],[-49.117,-13.772],[-49.137,-13.729],[-49.127,-13.682],[-49.161,-13.698],[-49.18,-13.734],[-49.173,-13.771],[-49.159,-13.782],[-49.159,-13.833],[-49.141,-13.861],[-49.111,-13.885],[-49.115,-13.928],[-49.099,-13.94],[-49.024,-13.89]]]}},{"type":"Feature","properties":{"code":"5215652"},"geometry":{"type":"Polygon","coordinates":[[[-51.577,-16.663],[-51.605,-16.669],[-51.611,-16.693],[-51.59,-16.733],[-51.659,-16.795],[-51.655,-16.813],[-51.659,-16.922],[-51.632,-16.919],[-51.611,-16.888],[-51.577,-16.875],[-51.549,-16.894],[-51.503,-16.885],[-51.428,-16.854],[-51.417,-16.828],[-51.368,-16.82],[-51.344,-16.8],[-51.303,-16.785],[-51.257,-16.782],[-51.222,-16.73],[-51.235,-16.674],[-51.26,-16.626],[-51.289,-16.6],[-51.289,-16.556],[-51.312,-16.525],[-51.339,-16.509],[-51.378,-16.465],[-51.401,-16.468],[-51.457,-16.529],[-51.51,-16.547],[-51.509,-16.582],[-51.542,-16.612],[-51.577,-16.663]]]}},{"type":"Feature","properties":{"code":"5207600"},"geometry":{"type":"Polygon","coordinates":[[[-50.91,-16.201],[-50.866,-16.205],[-50.832,-16.25],[-50.778,-16.349],[-50.756,-16.343],[-50.754,-16.382],[-50.703,-16.414],[-50.68,-16.407],[-50.686,-16.39],[-50.678,-16.337],[-50.649,-16.319],[-50.616,-16.322],[-50.601,-16.307],[-50.61,-16.274],[-50.595,-16.233],[-50.603,-16.192],[-50.618,-16.18],[-50.609,-16.148],[-50.631,-16.143],[-50.654,-16.109],[-50.679,-16.111],[-50.808,-16.089],[-50.824,-16.07],[-50.798,-16.029],[-50.796,-16.001],[-50.815,-16.023],[-50.837,-16.01],[-50.872,-16.012],[-50.887,-16.042],[-50.921,-16.051],[-50.928,-16.027],[-50.963,-16.013],[-50.986,-16.03],[-51.034,-15.988],[-51.069,-15.969],[-51.082,-15.979],[-51.234,-15.945],[-51.258,-15.969],[-51.236,-15.993],[-51.208,-16.003],[-51.213,-16.031],[-51.174,-16.031],[-51.145,-16.065],[-51.124,-16.064],[-51.094,-16.103],[-51.051,-16.12],[-51.005,-16.123],[-50.988,-16.158],[-50.965,-16.174],[-50.931,-16.174],[-50.91,-16.201]]]}},{"type":"Feature","properties":{"code":"5207402"},"geometry":{"type":"Polygon","coordinates":[[[-50.15,-17.601],[-50.173,-17.648],[-50.176,-17.675],[-50.204,-17.716],[-50.194,-17.742],[-50.209,-17.771],[-50.168,-17.787],[-50.151,-17.807],[-50.087,-17.785],[-50.066,-17.765],[-50.066,-17.732],[-50.026,-17.71],[-50.003,-17.66],[-49.981,-17.665],[-49.957,-17.628],[-49.932,-17.64],[-49.925,-17.606],[-49.907,-17.588],[-49.888,-17.529],[-49.852,-17.499],[-49.799,-17.485],[-49.776,-17.457],[-49.727,-17.461],[-49.731,-17.413],[-49.767,-17.408],[-49.747,-17.378],[-49.741,-17.341],[-49.755,-17.32],[-49.797,-17.32],[-49.786,-17.287],[-49.795,-17.268],[-49.819,-17.268],[-49.822,-17.229],[-49.855,-17.205],[-49.919,-17.207],[-49.971,-17.23],[-50.017,-17.232],[-50.021,-17.253],[-50.003,-17.32],[-50.024,-17.358],[-50.056,-17.389],[-50.052,-17.431],[-50.075,-17.463],[-50.066,-17.498],[-50.076,-17.538],[-50.111,-17.591],[-50.15,-17.601]]]}},{"type":"Feature","properties":{"code":"5215009"},"geometry":{"type":"Polygon","coordinates":[[[-49.333,-16.287],[-49.337,-16.31],[-49.368,-16.363],[-49.363,-16.382],[-49.298,-16.437],[-49.28,-16.399],[-49.258,-16.403],[-49.258,-16.345],[-49.228,-16.32],[-49.288,-16.322],[-49.306,-16.309],[-49.333,-16.287]]]}},{"type":"Feature","properties":{"code":"5214838"},"geometry":{"type":"Polygon","coordinates":[[[-50.445,-14.724],[-50.423,-14.736],[-50.333,-14.724],[-50.303,-14.739],[-50.275,-14.732],[-50.235,-14.649],[-50.239,-14.619],[-50.295,-14.582],[-50.269,-14.543],[-50.278,-14.512],[-50.302,-14.498],[-50.301,-14.443],[-50.312,-14.438],[-50.338,-14.375],[-50.355,-14.354],[-50.144,-14.126],[-50.148,-14.05],[-50.16,-14.001],[-50.286,-13.994],[-50.345,-13.967],[-50.384,-13.88],[-50.371,-13.853],[-50.423,-13.825],[-50.441,-13.771],[-50.457,-13.758],[-50.475,-13.71],[-50.459,-13.694],[-50.477,-13.671],[-50.46,-13.655],[-50.459,-13.589],[-50.469,-13.563],[-50.498,-13.551],[-50.532,-13.499],[-50.52,-13.464],[-50.545,-13.458],[-50.557,-13.421],[-50.593,-13.404],[-50.578,-13.386],[-50.609,-13.354],[-50.611,-13.32],[-50.669,-13.395],[-50.664,-13.435],[-50.684,-13.445],[-50.715,-13.492],[-50.759,-13.52],[-50.772,-13.604],[-50.809,-13.697],[-50.848,-13.713],[-50.874,-13.735],[-50.855,-13.757],[-50.859,-13.829],[-50.841,-13.864],[-50.84,-13.924],[-50.866,-13.96],[-50.856,-14.019],[-50.831,-14.083],[-50.842,-14.104],[-50.849,-14.12],[-50.807,-14.168],[-50.785,-14.233],[-50.775,-14.242],[-50.769,-14.293],[-50.759,-14.313],[-50.807,-14.395],[-50.84,-14.426],[-50.84,-14.466],[-50.858,-14.491],[-50.86,-14.558],[-50.881,-14.599],[-50.848,-14.62],[-50.784,-14.628],[-50.78,-14.685],[-50.72,-14.717],[-50.691,-14.699],[-50.666,-14.706],[-50.637,-14.674],[-50.617,-14.682],[-50.58,-14.669],[-50.571,-14.633],[-50.505,-14.665],[-50.486,-14.691],[-50.504,-14.715],[-50.445,-14.724]]]}},{"type":"Feature","properties":{"code":"5214804"},"geometry":{"type":"Polygon","coordinates":[[[-48.314,-17.943],[-48.319,-17.986],[-48.297,-18.035],[-48.335,-18.08],[-48.397,-18.128],[-48.336,-18.206],[-48.32,-18.25],[-48.272,-18.223],[-48.278,-18.182],[-48.262,-18.125],[-48.231,-18.122],[-48.236,-18.083],[-48.208,-18.07],[-48.226,-18.035],[-48.21,-17.997],[-48.248,-17.997],[-48.314,-17.943]]]}},{"type":"Feature","properties":{"code":"5214903"},"geometry":{"type":"Polygon","coordinates":[[[-46.938,-14.103],[-46.923,-14.077],[-46.902,-14.079],[-46.876,-14.034],[-46.827,-14.032],[-46.851,-13.986],[-46.838,-13.968],[-46.837,-13.911],[-46.867,-13.888],[-46.825,-13.845],[-46.848,-13.819],[-46.818,-13.799],[-46.837,-13.764],[-46.785,-13.703],[-46.808,-13.676],[-46.8,-13.656],[-46.852,-13.632],[-46.851,-13.615],[-46.885,-13.604],[-46.904,-13.586],[-46.928,-13.591],[-46.947,-13.561],[-47.051,-13.526],[-47.08,-13.495],[-47.068,-13.446],[-47.1,-13.432],[-47.127,-13.44],[-47.143,-13.51],[-47.138,-13.567],[-47.162,-13.631],[-47.158,-13.671],[-47.174,-13.707],[-47.194,-13.723],[-47.203,-13.773],[-47.191,-13.795],[-47.198,-13.862],[-47.171,-13.915],[-47.176,-13.953],[-47.194,-13.966],[-47.15,-14.016],[-47.127,-14.088],[-47.114,-14.097],[-47.089,-14.08],[-47.039,-14.032],[-46.986,-14.053],[-46.994,-14.082],[-46.938,-14.103]]]}},{"type":"Feature","properties":{"code":"5214879"},"geometry":{"type":"Polygon","coordinates":[[[-49.424,-14.268],[-49.425,-14.299],[-49.398,-14.403],[-49.403,-14.442],[-49.355,-14.502],[-49.37,-14.515],[-49.347,-14.51],[-49.334,-14.459],[-49.305,-14.44],[-49.302,-14.405],[-49.212,-14.392],[-49.196,-14.382],[-49.187,-14.337],[-49.164,-14.294],[-49.171,-14.273],[-49.16,-14.213],[-49.178,-14.199],[-49.187,-14.16],[-49.176,-14.133],[-49.203,-14.097],[-49.217,-14.105],[-49.239,-14.159],[-49.238,-14.182],[-49.279,-14.221],[-49.325,-14.257],[-49.364,-14.263],[-49.382,-14.252],[-49.424,-14.268]]]}},{"type":"Feature","properties":{"code":"5214861"},"geometry":{"type":"Polygon","coordinates":[[[-49.506,-15.176],[-49.481,-15.177],[-49.478,-15.139],[-49.453,-15.1],[-49.439,-15.116],[-49.398,-15.094],[-49.386,-15.049],[-49.348,-15.028],[-49.323,-14.989],[-49.369,-15.012],[-49.42,-14.999],[-49.428,-14.971],[-49.451,-14.999],[-49.506,-15.001],[-49.556,-14.994],[-49.591,-15.04],[-49.608,-15.041],[-49.636,-15.095],[-49.629,-15.122],[-49.604,-15.146],[-49.584,-15.19],[-49.549,-15.184],[-49.506,-15.176]]]}},{"type":"Feature","properties":{"code":"5215231"},"geometry":{"type":"Polygon","coordinates":[[[-48.141,-16.169],[-48.028,-16.204],[-48.002,-16.137],[-48.031,-16.087],[-48.018,-16.05],[-48.085,-16.05],[-48.101,-16.069],[-48.148,-16.096],[-48.141,-16.169]]]}},{"type":"Feature","properties":{"code":"5206800"},"geometry":{"type":"Polygon","coordinates":[[[-49.403,-16.194],[-49.371,-16.204],[-49.378,-16.306],[-49.333,-16.287],[-49.306,-16.309],[-49.276,-16.268],[-49.288,-16.233],[-49.311,-16.23],[-49.315,-16.22],[-49.38,-16.195],[-49.403,-16.194]]]}},{"type":"Feature","properties":{"code":"5215207"},"geometry":{"type":"Polygon","coordinates":[[[-50.796,-16.001],[-50.798,-16.029],[-50.824,-16.07],[-50.808,-16.089],[-50.679,-16.111],[-50.654,-16.109],[-50.631,-16.143],[-50.609,-16.148],[-50.618,-16.18],[-50.603,-16.192],[-50.595,-16.233],[-50.559,-16.2],[-50.539,-16.176],[-50.518,-16.176],[-50.489,-16.148],[-50.478,-16.12],[-50.474,-16.076],[-50.489,-16.041],[-50.512,-16.036],[-50.505,-16.006],[-50.561,-16.033],[-50.587,-16.037],[-50.591,-16.011],[-50.627,-15.961],[-50.683,-15.952],[-50.685,-15.902],[-50.742,-15.9],[-50.77,-15.928],[-50.796,-16.001]]]}},{"type":"Feature","properties":{"code":"5206602"},"geometry":{"type":"Polygon","coordinates":[[[-48.227,-18.346],[-48.221,-18.362],[-48.159,-18.375],[-48.147,-18.41],[-48.094,-18.431],[-48.047,-18.418],[-48.027,-18.436],[-47.988,-18.408],[-47.977,-18.384],[-47.938,-18.378],[-47.938,-18.328],[-47.963,-18.315],[-47.966,-18.293],[-47.998,-18.287],[-48.017,-18.303],[-48.055,-18.299],[-48.062,-18.264],[-48.131,-18.23],[-48.163,-18.231],[-48.228,-18.2],[-48.272,-18.223],[-48.32,-18.25],[-48.308,-18.284],[-48.356,-18.322],[-48.342,-18.371],[-48.318,-18.367],[-48.272,-18.329],[-48.259,-18.287],[-48.23,-18.275],[-48.196,-18.281],[-48.179,-18.329],[-48.227,-18.346]]]}},{"type":"Feature","properties":{"code":"5215256"},"geometry":{"type":"Polygon","coordinates":[[[-49.979,-13.487],[-49.921,-13.506],[-49.879,-13.494],[-49.849,-13.495],[-49.843,-13.474],[-49.784,-13.454],[-49.761,-13.426],[-49.732,-13.428],[-49.695,-13.401],[-49.681,-13.378],[-49.647,-13.353],[-49.622,-13.346],[-49.592,-13.32],[-49.584,-13.292],[-49.535,-13.281],[-49.485,-13.249],[-49.443,-13.246],[-49.411,-13.266],[-49.368,-13.272],[-49.707,-13.086],[-49.909,-12.975],[-49.843,-13.152],[-49.823,-13.189],[-49.818,-13.28],[-49.851,-13.327],[-49.862,-13.39],[-49.901,-13.45],[-49.946,-13.46],[-49.979,-13.487]]]}},{"type":"Feature","properties":{"code":"5206701"},"geometry":{"type":"Polygon","coordinates":[[[-46.021,-14.67],[-46.016,-14.645],[-46.066,-14.61],[-46.097,-14.622],[-46.123,-14.587],[-46.112,-14.559],[-46.151,-14.501],[-46.198,-14.454],[-46.276,-14.433],[-46.334,-14.453],[-46.317,-14.495],[-46.319,-14.523],[-46.292,-14.539],[-46.254,-14.604],[-46.213,-14.609],[-46.185,-14.627],[-46.164,-14.666],[-46.025,-14.678],[-46.021,-14.67]]]}},{"type":"Feature","properties":{"code":"5207105"},"geometry":{"type":"Polygon","coordinates":[[[-51.118,-16.307],[-51.135,-16.228],[-51.172,-16.189],[-51.164,-16.157],[-51.172,-16.126],[-51.197,-16.101],[-51.203,-16.07],[-51.224,-16.085],[-51.227,-16.13],[-51.258,-16.185],[-51.281,-16.166],[-51.309,-16.204],[-51.323,-16.195],[-51.36,-16.211],[-51.389,-16.189],[-51.405,-16.207],[-51.442,-16.198],[-51.44,-16.144],[-51.483,-16.113],[-51.499,-16.14],[-51.535,-16.147],[-51.591,-16.189],[-51.616,-16.184],[-51.597,-16.23],[-51.554,-16.228],[-51.541,-16.266],[-51.522,-16.287],[-51.43,-16.32],[-51.41,-16.303],[-51.413,-16.276],[-51.369,-16.285],[-51.118,-16.307]]]}},{"type":"Feature","properties":{"code":"5206909"},"geometry":{"type":"Polygon","coordinates":[[[-47.408,-18.142],[-47.433,-18.11],[-47.477,-18.079],[-47.498,-18.028],[-47.561,-17.983],[-47.593,-17.997],[-47.605,-18.029],[-47.633,-18.058],[-47.664,-18.074],[-47.686,-18.119],[-47.712,-18.131],[-47.66,-18.162],[-47.64,-18.185],[-47.635,-18.241],[-47.607,-18.246],[-47.568,-18.211],[-47.539,-18.217],[-47.497,-18.199],[-47.451,-18.16],[-47.43,-18.165],[-47.408,-18.142]]]}},{"type":"Feature","properties":{"code":"5214408"},"geometry":{"type":"Polygon","coordinates":[[[-49.73,-16.58],[-49.764,-16.564],[-49.797,-16.517],[-49.83,-16.519],[-49.842,-16.514],[-49.93,-16.534],[-49.983,-16.561],[-50.007,-16.621],[-49.974,-16.59],[-49.902,-16.619],[-49.884,-16.641],[-49.778,-16.638],[-49.741,-16.651],[-49.729,-16.638],[-49.73,-16.58]]]}},{"type":"Feature","properties":{"code":"5214507"},"geometry":{"type":"Polygon","coordinates":[[[-49.112,-16.427],[-49.193,-16.346],[-49.228,-16.32],[-49.258,-16.345],[-49.258,-16.403],[-49.28,-16.399],[-49.214,-16.454],[-49.174,-16.467],[-49.196,-16.494],[-49.195,-16.519],[-49.175,-16.54],[-49.127,-16.514],[-49.112,-16.474],[-49.112,-16.427]]]}},{"type":"Feature","properties":{"code":"5206305"},"geometry":{"type":"Polygon","coordinates":[[[-48.795,-17.354],[-48.755,-17.279],[-48.704,-17.238],[-48.607,-17.222],[-48.578,-17.162],[-48.573,-17.129],[-48.602,-17.131],[-48.638,-17.165],[-48.662,-17.177],[-48.705,-17.16],[-48.8,-17.18],[-48.811,-17.225],[-48.785,-17.278],[-48.805,-17.313],[-48.795,-17.354]]]}},{"type":"Feature","properties":{"code":"5214705"},"geometry":{"type":"Polygon","coordinates":[[[-50.054,-15.123],[-50.004,-15.084],[-49.957,-15.082],[-49.922,-15.094],[-49.824,-15.081],[-49.852,-15.049],[-49.841,-15.007],[-49.859,-14.983],[-49.906,-14.98],[-49.961,-14.996],[-49.969,-15.021],[-49.993,-15.023],[-50.05,-15.066],[-50.054,-15.123]]]}},{"type":"Feature","properties":{"code":"5206206"},"geometry":{"type":"Polygon","coordinates":[[[-47.511,-17.326],[-47.487,-17.349],[-47.438,-17.318],[-47.424,-17.324],[-47.411,-17.249],[-47.384,-17.248],[-47.349,-17.176],[-47.293,-17.139],[-47.278,-17.111],[-47.225,-17.078],[-47.198,-17.072],[-47.178,-17.041],[-47.147,-17.032],[-47.13,-16.975],[-47.154,-16.953],[-47.181,-16.902],[-47.208,-16.875],[-47.206,-16.838],[-47.22,-16.778],[-47.236,-16.755],[-47.226,-16.721],[-47.246,-16.701],[-47.252,-16.665],[-47.274,-16.662],[-47.347,-16.591],[-47.374,-16.593],[-47.431,-16.549],[-47.459,-16.504],[-47.455,-16.466],[-47.429,-16.437],[-47.427,-16.399],[-47.365,-16.33],[-47.352,-16.275],[-47.322,-16.231],[-47.323,-16.209],[-47.352,-16.134],[-47.313,-16.089],[-47.309,-16.05],[-47.684,-16.05],[-47.683,-16.07],[-47.723,-16.092],[-47.732,-16.166],[-47.658,-16.167],[-47.656,-16.217],[-47.664,-16.247],[-47.641,-16.283],[-47.654,-16.327],[-47.648,-16.372],[-47.687,-16.425],[-47.72,-16.488],[-47.72,-16.535],[-47.737,-16.552],[-47.776,-16.568],[-47.776,-16.538],[-47.803,-16.539],[-47.804,-16.601],[-47.819,-16.634],[-47.867,-16.68],[-47.88,-16.704],[-47.888,-16.753],[-47.88,-16.769],[-47.903,-16.813],[-47.889,-16.847],[-47.886,-16.906],[-47.892,-16.918],[-47.832,-16.925],[-47.772,-16.918],[-47.734,-16.929],[-47.691,-16.907],[-47.684,-16.941],[-47.699,-17.0],[-47.719,-17.033],[-47.694,-17.078],[-47.665,-17.088],[-47.638,-17.145],[-47.598,-17.166],[-47.562,-17.213],[-47.538,-17.232],[-47.522,-17.286],[-47.501,-17.295],[-47.511,-17.326]]]}},{"type":"Feature","properties":{"code":"5206503"},"geometry":{"type":"Polygon","coordinates":[[[-49.3,-17.373],[-49.291,-17.361],[-49.293,-17.292],[-49.262,-17.228],[-49.257,-17.2],[-49.276,-17.159],[-49.32,-17.13],[-49.407,-17.161],[-49.457,-17.15],[-49.408,-17.188],[-49.407,-17.203],[-49.47,-17.246],[-49.476,-17.289],[-49.456,-17.31],[-49.429,-17.305],[-49.351,-17.319],[-49.325,-17.361],[-49.3,-17.373]]]}},{"type":"Feature","properties":{"code":"5214606"},"geometry":{"type":"Polygon","coordinates":[[[-48.611,-15.002],[-48.595,-14.994],[-48.524,-15.017],[-48.474,-14.964],[-48.424,-14.939],[-48.385,-14.945],[-48.371,-14.928],[-48.322,-14.901],[-48.287,-14.9],[-48.256,-14.875],[-48.235,-14.882],[-48.184,-14.849],[-48.101,-14.849],[-48.081,-14.864],[-48.08,-14.899],[-48.061,-14.859],[-48.004,-14.805],[-47.989,-14.822],[-47.958,-14.802],[-47.867,-14.773],[-47.834,-14.741],[-47.808,-14.693],[-47.779,-14.678],[-47.772,-14.642],[-47.766,-14.599],[-47.772,-14.568],[-47.762,-14.544],[-47.824,-14.503],[-47.841,-14.429],[-47.864,-14.379],[-47.828,-14.351],[-47.839,-14.331],[-47.878,-14.343],[-47.914,-14.332],[-47.926,-14.304],[-47.958,-14.272],[-48.043,-14.233],[-48.085,-14.191],[-48.128,-14.169],[-48.12,-14.154],[-48.163,-14.118],[-48.172,-14.067],[-48.221,-13.997],[-48.245,-13.994],[-48.251,-13.961],[-48.281,-13.939],[-48.319,-13.939],[-48.321,-13.977],[-48.358,-13.975],[-48.398,-14.006],[-48.474,-14.02],[-48.501,-14.108],[-48.522,-14.125],[-48.542,-14.115],[-48.567,-14.135],[-48.582,-14.165],[-48.615,-14.179],[-48.708,-14.161],[-48.723,-14.128],[-48.764,-14.12],[-48.794,-14.139],[-48.81,-14.171],[-48.849,-14.158],[-48.894,-14.23],[-48.942,-14.251],[-48.965,-14.293],[-49.017,-14.321],[-48.989,-14.337],[-48.98,-14.363],[-48.993,-14.39],[-48.978,-14.416],[-48.993,-14.455],[-49.024,-14.471],[-49.025,-14.498],[-49.041,-14.528],[-49.008,-14.536],[-49.009,-14.56],[-49.04,-14.577],[-49.011,-14.575],[-48.985,-14.594],[-48.991,-14.63],[-48.95,-14.681],[-48.905,-14.672],[-48.872,-14.695],[-48.826,-14.686],[-48.774,-14.645],[-48.727,-14.676],[-48.731,-14.707],[-48.712,-14.73],[-48.757,-14.863],[-48.744,-14.886],[-48.75,-14.93],[-48.722,-14.952],[-48.704,-14.947],[-48.674,-14.979],[-48.656,-14.969],[-48.611,-15.002]]]}},{"type":"Feature","properties":{"code":"5206404"},"geometry":{"type":"Polygon","coordinates":[[[-50.054,-15.123],[-50.05,-15.066],[-49.993,-15.023],[-49.969,-15.021],[-49.961,-14.996],[-49.906,-14.98],[-49.859,-14.983],[-49.843,-14.968],[-49.85,-14.936],[-49.824,-14.783],[-49.775,-14.755],[-49.753,-14.705],[-49.731,-14.693],[-49.743,-14.658],[-49.77,-14.65],[-49.779,-14.628],[-49.822,-14.602],[-49.821,-14.55],[-49.787,-14.533],[-49.753,-14.489],[-49.694,-14.466],[-49.738,-14.444],[-49.728,-14.425],[-49.766,-14.406],[-49.778,-14.354],[-49.8,-14.319],[-49.792,-14.306],[-49.839,-14.344],[-49.874,-14.333],[-49.921,-14.353],[-49.928,-14.389],[-50.004,-14.316],[-50.035,-14.3],[-50.029,-14.275],[-50.072,-14.229],[-50.099,-14.228],[-50.122,-14.211],[-50.126,-14.136],[-50.144,-14.126],[-50.355,-14.354],[-50.338,-14.375],[-50.312,-14.438],[-50.301,-14.443],[-50.302,-14.498],[-50.278,-14.512],[-50.269,-14.543],[-50.295,-14.582],[-50.239,-14.619],[-50.235,-14.649],[-50.275,-14.732],[-50.303,-14.739],[-50.333,-14.724],[-50.423,-14.736],[-50.445,-14.724],[-50.408,-14.801],[-50.362,-14.811],[-50.344,-14.833],[-50.334,-14.873],[-50.304,-14.898],[-50.315,-14.944],[-50.293,-14.943],[-50.243,-14.97],[-50.237,-15.014],[-50.185,-15.037],[-50.185,-15.056],[-50.154,-15.08],[-50.128,-15.081],[-50.109,-15.122],[-50.064,-15.135],[-50.054,-15.123]]]}},{"type":"Feature","properties":{"code":"5213905"},"geometry":{"type":"Polygon","coordinates":[[[-50.37,-16.142],[-50.311,-16.16],[-50.28,-16.158],[-50.26,-16.178],[-50.212,-16.259],[-50.227,-16.283],[-50.22,-16.307],[-50.187,-16.299],[-50.139,-16.328],[-50.13,-16.304],[-50.1,-16.283],[-50.107,-16.251],[-50.093,-16.226],[-49.967,-16.238],[-49.941,-16.224],[-49.968,-16.203],[-50.001,-16.201],[-50.032,-16.184],[-50.04,-16.13],[-50.032,-16.055],[-50.043,-16.03],[-50.1,-16.033],[-50.139,-16.055],[-50.257,-16.094],[-50.296,-16.083],[-50.336,-16.092],[-50.355,-16.078],[-50.379,-16.101],[-50.37,-16.142]]]}},{"type":"Feature","properties":{"code":"5222203"},"geometry":{"type":"Polygon","coordinates":[[[-46.925,-15.057],[-46.984,-14.911],[-47.054,-14.903],[-47.081,-14.802],[-47.098,-14.804],[-47.115,-14.773],[-47.095,-14.725],[-47.109,-14.717],[-47.111,-14.677],[-47.146,-14.696],[-47.22,-14.811],[-47.209,-14.826],[-47.228,-14.878],[-47.21,-14.905],[-47.216,-14.954],[-47.173,-14.975],[-47.186,-15.012],[-47.15,-15.075],[-47.133,-15.118],[-47.078,-15.064],[-47.048,-15.09],[-47.038,-15.125],[-47.008,-15.173],[-47.019,-15.197],[-46.999,-15.222],[-46.988,-15.258],[-46.97,-15.269],[-46.941,-15.315],[-46.874,-15.285],[-46.889,-15.282],[-46.892,-15.235],[-46.928,-15.255],[-46.937,-15.205],[-46.888,-15.113],[-46.926,-15.074],[-46.925,-15.057]]]}},{"type":"Feature","properties":{"code":"5214002"},"geometry":{"type":"Polygon","coordinates":[[[-50.315,-14.944],[-50.304,-14.898],[-50.334,-14.873],[-50.344,-14.833],[-50.362,-14.811],[-50.408,-14.801],[-50.445,-14.724],[-50.504,-14.715],[-50.486,-14.691],[-50.505,-14.665],[-50.571,-14.633],[-50.58,-14.669],[-50.617,-14.682],[-50.637,-14.674],[-50.666,-14.706],[-50.691,-14.699],[-50.72,-14.717],[-50.78,-14.685],[-50.784,-14.628],[-50.848,-14.62],[-50.875,-14.668],[-50.855,-14.677],[-50.832,-14.733],[-50.826,-14.779],[-50.83,-14.82],[-50.804,-14.856],[-50.8,-14.902],[-50.797,-14.926],[-50.771,-14.957],[-50.717,-14.95],[-50.668,-14.968],[-50.648,-14.984],[-50.595,-14.99],[-50.549,-15.045],[-50.5,-15.054],[-50.457,-15.048],[-50.401,-15.028],[-50.315,-14.944]]]}},{"type":"Feature","properties":{"code":"5222005"},"geometry":{"type":"Polygon","coordinates":[[[-48.49,-17.002],[-48.471,-16.951],[-48.449,-16.93],[-48.415,-16.936],[-48.365,-16.896],[-48.341,-16.864],[-48.309,-16.841],[-48.302,-16.81],[-48.263,-16.799],[-48.257,-16.739],[-48.312,-16.684],[-48.32,-16.662],[-48.393,-16.633],[-48.432,-16.628],[-48.468,-16.644],[-48.508,-16.648],[-48.527,-16.692],[-48.545,-16.792],[-48.562,-16.814],[-48.575,-16.863],[-48.592,-16.893],[-48.596,-16.924],[-48.577,-16.955],[-48.548,-16.973],[-48.531,-17.015],[-48.555,-17.057],[-48.586,-17.09],[-48.573,-17.129],[-48.561,-17.1],[-48.538,-17.077],[-48.49,-17.002]]]}},{"type":"Feature","properties":{"code":"5213806"},"geometry":{"type":"Polygon","coordinates":[[[-48.847,-17.908],[-48.819,-17.822],[-48.826,-17.778],[-48.847,-17.745],[-48.838,-17.721],[-48.849,-17.681],[-48.891,-17.65],[-48.928,-17.6],[-48.962,-17.569],[-48.977,-17.573],[-49.059,-17.54],[-49.089,-17.543],[-49.125,-17.53],[-49.154,-17.544],[-49.194,-17.535],[-49.231,-17.509],[-49.258,-17.519],[-49.302,-17.507],[-49.308,-17.568],[-49.346,-17.582],[-49.364,-17.609],[-49.408,-17.632],[-49.412,-17.655],[-49.419,-17.712],[-49.432,-17.74],[-49.46,-17.751],[-49.428,-17.748],[-49.425,-17.789],[-49.454,-17.851],[-49.455,-17.89],[-49.436,-17.916],[-49.399,-17.913],[-49.367,-17.956],[-49.289,-17.946],[-49.175,-17.988],[-49.153,-17.969],[-49.132,-17.984],[-49.106,-17.979],[-49.062,-17.949],[-49.038,-17.975],[-48.96,-17.985],[-48.934,-18.025],[-48.932,-18.055],[-48.91,-18.09],[-48.886,-18.089],[-48.861,-18.046],[-48.863,-17.991],[-48.843,-17.94],[-48.847,-17.908]]]}},{"type":"Feature","properties":{"code":"5213772"},"geometry":{"type":"Polygon","coordinates":[[[-48.58,-13.313],[-48.6,-13.288],[-48.589,-13.255],[-48.579,-13.17],[-48.593,-13.158],[-48.576,-13.124],[-48.6,-13.059],[-48.628,-13.051],[-48.636,-13.02],[-48.67,-12.996],[-48.717,-13.002],[-48.732,-12.985],[-48.736,-12.921],[-48.775,-12.887],[-48.84,-12.843],[-48.847,-12.809],[-48.87,-12.803],[-48.88,-12.817],[-48.862,-12.871],[-48.842,-12.882],[-48.859,-12.915],[-48.825,-12.949],[-48.869,-13.005],[-48.885,-13.067],[-48.879,-13.124],[-48.907,-13.143],[-48.91,-13.165],[-48.855,-13.219],[-48.836,-13.217],[-48.794,-13.244],[-48.795,-13.258],[-48.764,-13.293],[-48.824,-13.319],[-48.789,-13.347],[-48.749,-13.345],[-48.716,-13.356],[-48.709,-13.374],[-48.636,-13.408],[-48.608,-13.392],[-48.56,-13.388],[-48.57,-13.327],[-48.58,-13.313]]]}},{"type":"Feature","properties":{"code":"5222054"},"geometry":{"type":"Polygon","coordinates":[[[-49.783,-17.886],[-49.784,-17.801],[-49.779,-17.776],[-49.684,-17.807],[-49.734,-17.761],[-49.732,-17.726],[-49.694,-17.687],[-49.746,-17.639],[-49.762,-17.643],[-49.793,-17.605],[-49.825,-17.585],[-49.849,-17.577],[-49.895,-17.612],[-49.925,-17.606],[-49.932,-17.64],[-49.957,-17.628],[-49.981,-17.665],[-50.003,-17.66],[-50.026,-17.71],[-50.066,-17.732],[-50.066,-17.765],[-50.087,-17.785],[-50.073,-17.799],[-50.017,-17.795],[-49.984,-17.783],[-49.941,-17.798],[-49.915,-17.796],[-49.857,-17.863],[-49.821,-17.85],[-49.803,-17.887],[-49.783,-17.886]]]}},{"type":"Feature","properties":{"code":"5205703"},"geometry":{"type":"Polygon","coordinates":[[[-50.602,-16.506],[-50.563,-16.518],[-50.538,-16.499],[-50.543,-16.471],[-50.54,-16.39],[-50.503,-16.356],[-50.476,-16.275],[-50.463,-16.262],[-50.514,-16.226],[-50.53,-16.237],[-50.559,-16.2],[-50.595,-16.233],[-50.61,-16.274],[-50.601,-16.307],[-50.616,-16.322],[-50.649,-16.319],[-50.678,-16.337],[-50.686,-16.39],[-50.68,-16.407],[-50.677,-16.447],[-50.655,-16.458],[-50.656,-16.495],[-50.602,-16.506]]]}},{"type":"Feature","properties":{"code":"5213855"},"geometry":{"type":"Polygon","coordinates":[[[-50.135,-15.398],[-50.112,-15.37],[-50.017,-15.36],[-49.977,-15.372],[-49.938,-15.357],[-49.908,-15.37],[-49.896,-15.325],[-49.922,-15.246],[-49.975,-15.267],[-50.006,-15.263],[-50.048,-15.222],[-50.066,-15.229],[-50.086,-15.248],[-50.11,-15.319],[-50.134,-15.343],[-50.123,-15.363],[-50.135,-15.398]]]}},{"type":"Feature","properties":{"code":"5205802"},"geometry":{"type":"Polygon","coordinates":[[[-48.418,-15.913],[-48.455,-15.89],[-48.462,-15.83],[-48.496,-15.828],[-48.524,-15.814],[-48.576,-15.764],[-48.623,-15.753],[-48.667,-15.768],[-48.697,-15.815],[-48.669,-15.836],[-48.675,-15.862],[-48.718,-15.865],[-48.763,-15.855],[-48.783,-15.82],[-48.836,-15.832],[-48.856,-15.802],[-48.844,-15.841],[-48.871,-15.849],[-48.868,-15.874],[-48.896,-15.876],[-48.904,-15.909],[-48.897,-15.979],[-48.907,-15.989],[-48.792,-16.013],[-48.757,-16.071],[-48.722,-16.097],[-48.683,-16.147],[-48.613,-16.143],[-48.623,-16.127],[-48.619,-16.055],[-48.647,-15.963],[-48.628,-15.941],[-48.591,-15.921],[-48.542,-15.914],[-48.529,-15.933],[-48.49,-15.934],[-48.424,-15.988],[-48.408,-15.977],[-48.422,-15.948],[-48.418,-15.913]]]}},{"type":"Feature","properties":{"code":"5214051"},"geometry":{"type":"Polygon","coordinates":[[[-49.943,-13.914],[-49.975,-13.884],[-49.96,-13.849],[-49.941,-13.834],[-49.942,-13.802],[-49.921,-13.76],[-49.96,-13.744],[-49.964,-13.703],[-49.974,-13.689],[-50.023,-13.686],[-50.054,-13.705],[-50.068,-13.684],[-50.101,-13.66],[-50.139,-13.679],[-50.143,-13.657],[-50.187,-13.641],[-50.199,-13.656],[-50.239,-13.653],[-50.236,-13.622],[-50.256,-13.545],[-50.281,-13.543],[-50.372,-13.557],[-50.385,-13.575],[-50.413,-13.543],[-50.444,-13.544],[-50.469,-13.563],[-50.459,-13.589],[-50.46,-13.655],[-50.477,-13.671],[-50.459,-13.694],[-50.475,-13.71],[-50.457,-13.758],[-50.441,-13.771],[-50.423,-13.825],[-50.371,-13.853],[-50.384,-13.88],[-50.345,-13.967],[-50.286,-13.994],[-50.16,-14.001],[-49.951,-14.022],[-49.92,-13.932],[-49.943,-13.914]]]}},{"type":"Feature","properties":{"code":"5222302"},"geometry":{"type":"Polygon","coordinates":[[[-48.909,-15.167],[-48.919,-15.239],[-48.94,-15.261],[-48.99,-15.262],[-49.03,-15.28],[-49.078,-15.343],[-49.086,-15.382],[-49.067,-15.431],[-49.09,-15.468],[-49.081,-15.511],[-49.066,-15.511],[-49.03,-15.54],[-49.019,-15.572],[-48.993,-15.537],[-48.957,-15.511],[-48.917,-15.531],[-48.895,-15.523],[-48.814,-15.518],[-48.81,-15.506],[-48.748,-15.473],[-48.723,-15.442],[-48.712,-15.403],[-48.694,-15.401],[-48.66,-15.37],[-48.618,-15.359],[-48.593,-15.365],[-48.576,-15.36],[-48.592,-15.287],[-48.571,-15.266],[-48.569,-15.232],[-48.589,-15.197],[-48.618,-15.172],[-48.607,-15.153],[-48.654,-15.101],[-48.643,-15.089],[-48.653,-15.043],[-48.606,-15.017],[-48.611,-15.002],[-48.656,-14.969],[-48.674,-14.979],[-48.704,-14.947],[-48.722,-14.952],[-48.75,-14.93],[-48.744,-14.886],[-48.757,-14.863],[-48.773,-14.908],[-48.794,-14.92],[-48.806,-14.954],[-48.807,-15.005],[-48.829,-15.022],[-48.855,-15.065],[-48.852,-15.088],[-48.884,-15.124],[-48.909,-15.167]]]}},{"type":"Feature","properties":{"code":"5214101"},"geometry":{"type":"Polygon","coordinates":[[[-49.141,-13.861],[-49.159,-13.833],[-49.159,-13.782],[-49.173,-13.771],[-49.18,-13.734],[-49.161,-13.698],[-49.127,-13.682],[-49.12,-13.639],[-49.095,-13.616],[-49.076,-13.576],[-49.084,-13.557],[-49.12,-13.558],[-49.147,-13.585],[-49.24,-13.592],[-49.267,-13.564],[-49.317,-13.574],[-49.363,-13.569],[-49.308,-13.697],[-49.337,-13.711],[-49.372,-13.695],[-49.391,-13.7],[-49.43,-13.665],[-49.454,-13.667],[-49.537,-13.713],[-49.559,-13.769],[-49.575,-13.767],[-49.563,-13.793],[-49.526,-13.835],[-49.41,-13.816],[-49.4,-13.793],[-49.37,-13.789],[-49.334,-13.765],[-49.3,-13.78],[-49.298,-13.806],[-49.334,-13.87],[-49.224,-13.865],[-49.141,-13.861]]]}},{"type":"Feature","properties":{"code":"5221601"},"geometry":{"type":"Polygon","coordinates":[[[-49.436,-14.62],[-49.392,-14.637],[-49.358,-14.608],[-49.327,-14.637],[-49.32,-14.669],[-49.281,-14.681],[-49.275,-14.708],[-49.197,-14.748],[-49.194,-14.768],[-49.151,-14.766],[-49.15,-14.735],[-49.091,-14.729],[-49.071,-14.743],[-49.037,-14.708],[-49.015,-14.67],[-49.03,-14.636],[-49.04,-14.577],[-49.009,-14.56],[-49.008,-14.536],[-49.041,-14.528],[-49.025,-14.498],[-49.024,-14.471],[-48.993,-14.455],[-48.978,-14.416],[-48.993,-14.39],[-48.98,-14.363],[-48.989,-14.337],[-49.017,-14.321],[-48.965,-14.293],[-48.942,-14.251],[-48.894,-14.23],[-48.849,-14.158],[-48.81,-14.171],[-48.794,-14.139],[-48.764,-14.12],[-48.723,-14.128],[-48.702,-14.108],[-48.72,-14.044],[-48.713,-14.02],[-48.734,-13.99],[-48.727,-13.96],[-48.761,-13.925],[-48.78,-13.879],[-48.799,-14.061],[-49.009,-14.091],[-49.086,-14.334],[-49.136,-14.374],[-49.196,-14.382],[-49.212,-14.392],[-49.302,-14.405],[-49.305,-14.44],[-49.334,-14.459],[-49.347,-14.51],[-49.37,-14.515],[-49.398,-14.521],[-49.442,-14.552],[-49.453,-14.588],[-49.436,-14.62]]]}},{"type":"Feature","properties":{"code":"5221577"},"geometry":{"type":"Polygon","coordinates":[[[-49.792,-14.306],[-49.825,-14.232],[-49.817,-14.2],[-49.849,-14.177],[-49.831,-14.149],[-49.837,-14.125],[-49.881,-14.098],[-49.897,-14.068],[-49.874,-14.044],[-49.882,-13.985],[-49.852,-13.972],[-49.819,-13.94],[-49.835,-13.904],[-49.936,-13.896],[-49.943,-13.914],[-49.92,-13.932],[-49.951,-14.022],[-50.16,-14.001],[-50.148,-14.05],[-50.144,-14.126],[-50.126,-14.136],[-50.122,-14.211],[-50.099,-14.228],[-50.072,-14.229],[-50.029,-14.275],[-50.035,-14.3],[-50.004,-14.316],[-49.928,-14.389],[-49.921,-14.353],[-49.874,-14.333],[-49.839,-14.344],[-49.792,-14.306]]]}},{"type":"Feature","properties":{"code":"5213400"},"geometry":{"type":"Polygon","coordinates":[[[-50.602,-16.506],[-50.656,-16.495],[-50.655,-16.458],[-50.677,-16.447],[-50.68,-16.407],[-50.703,-16.414],[-50.704,-16.443],[-50.752,-16.454],[-50.777,-16.499],[-50.844,-16.471],[-50.855,-16.444],[-50.878,-16.435],[-50.92,-16.399],[-50.947,-16.398],[-50.964,-16.422],[-50.978,-16.477],[-50.97,-16.502],[-50.941,-16.505],[-50.919,-16.527],[-50.876,-16.526],[-50.847,-16.511],[-50.817,-16.51],[-50.799,-16.532],[-50.792,-16.582],[-50.731,-16.586],[-50.712,-16.613],[-50.66,-16.613],[-50.653,-16.593],[-50.617,-16.591],[-50.602,-16.506]]]}},{"type":"Feature","properties":{"code":"5221700"},"geometry":{"type":"Polygon","coordinates":[[[-49.69,-15.827],[-49.679,-15.778],[-49.658,-15.768],[-49.643,-15.738],[-49.646,-15.71],[-49.555,-15.637],[-49.562,-15.535],[-49.574,-15.506],[-49.569,-15.478],[-49.544,-15.468],[-49.539,-15.448],[-49.571,-15.455],[-49.587,-15.409],[-49.605,-15.409],[-49.655,-15.407],[-49.687,-15.421],[-49.696,-15.446],[-49.683,-15.482],[-49.732,-15.526],[-49.693,-15.554],[-49.7,-15.614],[-49.747,-15.665],[-49.696,-15.722],[-49.685,-15.764],[-49.693,-15.806],[-49.69,-15.827]]]}},{"type":"Feature","properties":{"code":"5213509"},"geometry":{"type":"Polygon","coordinates":[[[-46.715,-13.385],[-46.696,-13.354],[-46.708,-13.333],[-46.703,-13.298],[-46.677,-13.284],[-46.675,-13.239],[-46.648,-13.237],[-46.578,-13.204],[-46.532,-13.155],[-46.507,-13.097],[-46.46,-13.072],[-46.453,-13.054],[-46.468,-13.011],[-46.502,-13.005],[-46.555,-13.025],[-46.577,-13.043],[-46.605,-13.04],[-46.623,-13.068],[-46.675,-13.062],[-46.737,-13.108],[-46.769,-13.09],[-46.804,-13.084],[-46.823,-13.059],[-46.855,-13.068],[-46.894,-13.054],[-46.978,-13.121],[-47.011,-13.141],[-47.092,-13.173],[-47.133,-13.178],[-47.155,-13.21],[-47.197,-13.194],[-47.225,-13.194],[-47.252,-13.213],[-47.281,-13.265],[-47.296,-13.249],[-47.327,-13.252],[-47.38,-13.231],[-47.393,-13.262],[-47.347,-13.316],[-47.352,-13.347],[-47.328,-13.36],[-47.312,-13.404],[-47.273,-13.432],[-47.257,-13.45],[-47.197,-13.452],[-47.148,-13.414],[-47.127,-13.44],[-47.1,-13.432],[-47.068,-13.446],[-47.08,-13.495],[-47.051,-13.526],[-46.947,-13.561],[-46.928,-13.591],[-46.904,-13.586],[-46.885,-13.604],[-46.851,-13.615],[-46.816,-13.587],[-46.791,-13.591],[-46.773,-13.541],[-46.782,-13.513],[-46.767,-13.497],[-46.765,-13.451],[-46.749,-13.408],[-46.715,-13.385]]]}},{"type":"Feature","properties":{"code":"5221502"},"geometry":{"type":"Polygon","coordinates":[[[-50.228,-16.451],[-50.243,-16.489],[-50.233,-16.519],[-50.247,-16.545],[-50.233,-16.61],[-50.241,-16.636],[-50.212,-16.68],[-50.213,-16.703],[-50.193,-16.686],[-50.15,-16.681],[-50.007,-16.621],[-49.983,-16.561],[-50.014,-16.506],[-50.098,-16.492],[-50.129,-16.501],[-50.172,-16.483],[-50.166,-16.466],[-50.222,-16.476],[-50.228,-16.451]]]}},{"type":"Feature","properties":{"code":"5205901"},"geometry":{"type":"Polygon","coordinates":[[[-48.654,-18.343],[-48.634,-18.328],[-48.602,-18.335],[-48.561,-18.324],[-48.554,-18.347],[-48.516,-18.366],[-48.493,-18.353],[-48.469,-18.371],[-48.442,-18.357],[-48.4,-18.373],[-48.342,-18.371],[-48.356,-18.322],[-48.308,-18.284],[-48.32,-18.25],[-48.336,-18.206],[-48.397,-18.128],[-48.335,-18.08],[-48.297,-18.035],[-48.319,-17.986],[-48.314,-17.943],[-48.388,-17.939],[-48.406,-17.899],[-48.412,-17.856],[-48.452,-17.839],[-48.47,-17.864],[-48.512,-17.881],[-48.52,-17.984],[-48.544,-17.993],[-48.539,-18.03],[-48.562,-18.053],[-48.616,-18.067],[-48.636,-18.048],[-48.659,-18.066],[-48.657,-18.088],[-48.692,-18.095],[-48.708,-18.112],[-48.704,-18.152],[-48.721,-18.204],[-48.785,-18.242],[-48.811,-18.235],[-48.824,-18.266],[-48.866,-18.296],[-48.878,-18.271],[-48.918,-18.306],[-48.873,-18.333],[-48.832,-18.346],[-48.828,-18.375],[-48.758,-18.345],[-48.742,-18.352],[-48.654,-18.343]]]}},{"type":"Feature","properties":{"code":"5221452"},"geometry":{"type":"Polygon","coordinates":[[[-48.701,-13.639],[-48.686,-13.594],[-48.644,-13.573],[-48.627,-13.535],[-48.611,-13.533],[-48.58,-13.496],[-48.551,-13.433],[-48.581,-13.413],[-48.56,-13.388],[-48.608,-13.392],[-48.636,-13.408],[-48.709,-13.374],[-48.716,-13.356],[-48.749,-13.345],[-48.789,-13.347],[-48.824,-13.319],[-48.764,-13.293],[-48.795,-13.258],[-48.794,-13.244],[-48.836,-13.217],[-48.855,-13.219],[-48.857,-13.244],[-48.9,-13.255],[-48.919,-13.307],[-48.94,-13.317],[-48.955,-13.346],[-48.895,-13.4],[-48.893,-13.424],[-48.859,-13.435],[-48.833,-13.478],[-48.788,-13.473],[-48.772,-13.53],[-48.732,-13.573],[-48.726,-13.607],[-48.701,-13.639]]]}},{"type":"Feature","properties":{"code":"5221551"},"geometry":{"type":"Polygon","coordinates":[[[-50.227,-18.014],[-50.211,-17.985],[-50.268,-17.973],[-50.296,-17.936],[-50.274,-17.915],[-50.24,-17.904],[-50.233,-17.868],[-50.242,-17.839],[-50.269,-17.814],[-50.26,-17.782],[-50.237,-17.792],[-50.209,-17.771],[-50.194,-17.742],[-50.204,-17.716],[-50.176,-17.675],[-50.173,-17.648],[-50.15,-17.601],[-50.163,-17.567],[-50.202,-17.574],[-50.23,-17.565],[-50.276,-17.58],[-50.278,-17.604],[-50.32,-17.618],[-50.327,-17.603],[-50.375,-17.604],[-50.395,-17.617],[-50.433,-17.617],[-50.477,-17.66],[-50.461,-17.721],[-50.423,-17.731],[-50.443,-17.792],[-50.413,-17.831],[-50.423,-17.883],[-50.373,-17.893],[-50.365,-17.93],[-50.344,-17.942],[-50.324,-17.987],[-50.298,-18.0],[-50.291,-18.03],[-50.251,-18.032],[-50.227,-18.014]]]}},{"type":"Feature","properties":{"code":"5205208"},"geometry":{"type":"Polygon","coordinates":[[[-49.62,-16.489],[-49.558,-16.503],[-49.512,-16.495],[-49.484,-16.458],[-49.448,-16.438],[-49.488,-16.414],[-49.503,-16.428],[-49.545,-16.428],[-49.555,-16.409],[-49.629,-16.399],[-49.659,-16.428],[-49.696,-16.453],[-49.697,-16.471],[-49.69,-16.508],[-49.654,-16.507],[-49.62,-16.489]]]}},{"type":"Feature","properties":{"code":"5205307"},"geometry":{"type":"Polygon","coordinates":[[[-47.264,-13.977],[-47.279,-13.952],[-47.336,-13.93],[-47.31,-13.892],[-47.309,-13.867],[-47.326,-13.827],[-47.354,-13.805],[-47.317,-13.772],[-47.312,-13.753],[-47.334,-13.709],[-47.307,-13.665],[-47.324,-13.632],[-47.292,-13.59],[-47.26,-13.534],[-47.25,-13.486],[-47.274,-13.448],[-47.273,-13.432],[-47.312,-13.404],[-47.328,-13.36],[-47.352,-13.347],[-47.347,-13.316],[-47.393,-13.262],[-47.417,-13.271],[-47.454,-13.252],[-47.488,-13.212],[-47.477,-13.187],[-47.541,-13.192],[-47.565,-13.18],[-47.569,-13.117],[-47.617,-13.104],[-47.646,-13.12],[-47.645,-13.15],[-47.667,-13.208],[-47.64,-13.264],[-47.658,-13.295],[-47.65,-13.349],[-47.624,-13.376],[-47.68,-13.468],[-47.798,-13.329],[-47.824,-13.312],[-47.886,-13.32],[-47.937,-13.291],[-47.966,-13.313],[-47.981,-13.284],[-48.025,-13.28],[-48.031,-13.257],[-48.076,-13.246],[-48.079,-13.285],[-48.165,-13.306],[-48.17,-13.3],[-48.167,-13.373],[-48.148,-13.379],[-48.148,-13.44],[-48.19,-13.456],[-48.199,-13.471],[-48.133,-13.504],[-48.107,-13.562],[-48.111,-13.617],[-48.12,-13.628],[-48.058,-13.702],[-48.054,-13.739],[-48.028,-13.744],[-48.016,-13.784],[-48.019,-13.813],[-47.998,-13.834],[-47.959,-13.853],[-47.948,-13.885],[-47.965,-13.906],[-47.96,-13.939],[-47.93,-13.957],[-47.91,-14.012],[-47.927,-14.035],[-47.898,-14.047],[-47.898,-14.093],[-47.916,-14.148],[-47.9,-14.17],[-47.864,-14.176],[-47.807,-14.146],[-47.756,-14.094],[-47.728,-14.096],[-47.699,-14.069],[-47.663,-14.071],[-47.608,-14.047],[-47.592,-14.056],[-47.551,-14.016],[-47.505,-13.96],[-47.264,-13.977]]]}},{"type":"Feature","properties":{"code":"5221858"},"geometry":{"type":"Polygon","coordinates":[[[-48.002,-16.137],[-47.963,-16.123],[-47.964,-16.105],[-47.939,-16.05],[-48.018,-16.05],[-48.031,-16.087],[-48.002,-16.137]]]}},{"type":"Feature","properties":{"code":"5205109"},"geometry":{"type":"Polygon","coordinates":[[[-48.062,-18.264],[-48.055,-18.299],[-48.017,-18.303],[-47.998,-18.287],[-47.966,-18.293],[-47.963,-18.315],[-47.938,-18.328],[-47.938,-18.378],[-47.977,-18.384],[-47.988,-18.408],[-48.027,-18.436],[-47.997,-18.453],[-47.955,-18.5],[-47.914,-18.467],[-47.888,-18.477],[-47.865,-18.449],[-47.861,-18.44],[-47.866,-18.404],[-47.852,-18.361],[-47.91,-18.327],[-47.875,-18.283],[-47.879,-18.246],[-47.862,-18.197],[-47.836,-18.15],[-47.797,-18.124],[-47.759,-18.118],[-47.712,-18.131],[-47.686,-18.119],[-47.664,-18.074],[-47.633,-18.058],[-47.605,-18.029],[-47.593,-17.997],[-47.561,-17.983],[-47.498,-18.028],[-47.477,-18.079],[-47.433,-18.11],[-47.408,-18.142],[-47.392,-18.117],[-47.37,-18.116],[-47.324,-18.07],[-47.283,-18.058],[-47.283,-18.041],[-47.297,-18.01],[-47.323,-17.983],[-47.342,-17.9],[-47.357,-17.894],[-47.357,-17.855],[-47.371,-17.83],[-47.355,-17.815],[-47.336,-17.763],[-47.342,-17.746],[-47.317,-17.725],[-47.314,-17.7],[-47.273,-17.674],[-47.279,-17.643],[-47.265,-17.611],[-47.313,-17.543],[-47.325,-17.524],[-47.375,-17.523],[-47.4,-17.512],[-47.467,-17.534],[-47.509,-17.501],[-47.513,-17.463],[-47.537,-17.457],[-47.543,-17.488],[-47.563,-17.511],[-47.556,-17.535],[-47.586,-17.545],[-47.629,-17.62],[-47.637,-17.667],[-47.619,-17.695],[-47.617,-17.734],[-47.644,-17.797],[-47.675,-17.836],[-47.711,-17.842],[-47.745,-17.83],[-47.754,-17.798],[-47.803,-17.858],[-47.863,-17.91],[-47.918,-17.913],[-47.939,-17.897],[-47.982,-17.898],[-48.04,-17.923],[-48.088,-17.913],[-48.121,-17.921],[-48.174,-17.971],[-48.129,-17.976],[-48.096,-18.0],[-48.074,-18.045],[-48.033,-18.063],[-48.023,-18.126],[-48.042,-18.157],[-48.009,-18.179],[-48.045,-18.223],[-48.062,-18.264]]]}},{"type":"Feature","properties":{"code":"5213756"},"geometry":{"type":"Polygon","coordinates":[[[-51.527,-17.35],[-51.537,-17.379],[-51.5,-17.383],[-51.451,-17.409],[-51.437,-17.437],[-51.458,-17.471],[-51.343,-17.509],[-51.264,-17.519],[-51.241,-17.533],[-51.182,-17.53],[-51.155,-17.518],[-51.081,-17.529],[-51.059,-17.524],[-50.938,-17.414],[-50.988,-17.373],[-50.972,-17.319],[-51.005,-17.317],[-51.054,-17.287],[-51.116,-17.288],[-51.117,-17.238],[-51.127,-17.22],[-51.092,-17.19],[-51.014,-17.163],[-51.011,-17.126],[-50.988,-17.101],[-50.947,-17.09],[-50.98,-17.038],[-51.002,-17.023],[-51.056,-16.955],[-51.108,-16.969],[-51.087,-17.014],[-51.099,-17.06],[-51.139,-17.089],[-51.133,-17.111],[-51.155,-17.124],[-51.236,-17.133],[-51.273,-17.162],[-51.265,-17.182],[-51.291,-17.212],[-51.324,-17.27],[-51.34,-17.269],[-51.407,-17.305],[-51.422,-17.334],[-51.476,-17.347],[-51.515,-17.333],[-51.527,-17.35]]]}},{"type":"Feature","properties":{"code":"5221908"},"geometry":{"type":"Polygon","coordinates":[[[-49.479,-16.981],[-49.52,-17.001],[-49.528,-17.027],[-49.603,-17.066],[-49.633,-17.011],[-49.594,-16.952],[-49.644,-16.958],[-49.691,-16.953],[-49.742,-16.957],[-49.748,-17.007],[-49.727,-17.067],[-49.701,-17.085],[-49.688,-17.127],[-49.658,-17.155],[-49.658,-17.181],[-49.632,-17.201],[-49.621,-17.229],[-49.503,-17.151],[-49.49,-17.161],[-49.49,-17.119],[-49.473,-17.095],[-49.494,-17.06],[-49.484,-17.023],[-49.479,-16.981]]]}},{"type":"Feature","properties":{"code":"5213707"},"geometry":{"type":"Polygon","coordinates":[[[-51.616,-16.184],[-51.591,-16.189],[-51.535,-16.147],[-51.499,-16.14],[-51.483,-16.113],[-51.44,-16.144],[-51.442,-16.198],[-51.405,-16.207],[-51.389,-16.189],[-51.36,-16.211],[-51.323,-16.195],[-51.309,-16.204],[-51.281,-16.166],[-51.258,-16.185],[-51.227,-16.13],[-51.224,-16.085],[-51.203,-16.07],[-51.213,-16.031],[-51.208,-16.003],[-51.236,-15.993],[-51.258,-15.969],[-51.347,-15.928],[-51.378,-15.931],[-51.433,-15.872],[-51.434,-15.845],[-51.468,-15.834],[-51.498,-15.81],[-51.528,-15.812],[-51.538,-15.765],[-51.535,-15.717],[-51.574,-15.706],[-51.568,-15.658],[-51.582,-15.647],[-51.594,-15.588],[-51.617,-15.586],[-51.644,-15.554],[-51.636,-15.524],[-51.649,-15.508],[-51.699,-15.485],[-51.732,-15.504],[-51.726,-15.544],[-51.756,-15.557],[-51.781,-15.546],[-51.754,-15.615],[-51.768,-15.654],[-51.823,-15.731],[-51.88,-15.824],[-51.852,-15.884],[-51.865,-15.912],[-51.847,-15.939],[-51.862,-15.965],[-51.836,-15.982],[-51.821,-16.034],[-51.798,-16.03],[-51.757,-16.089],[-51.718,-16.094],[-51.674,-16.13],[-51.647,-16.139],[-51.645,-16.162],[-51.616,-16.184]]]}},{"type":"Feature","properties":{"code":"5205497"},"geometry":{"type":"Polygon","coordinates":[[[-47.964,-16.105],[-47.952,-16.125],[-47.925,-16.13],[-47.862,-16.158],[-47.86,-16.186],[-47.838,-16.231],[-47.794,-16.253],[-47.742,-16.195],[-47.732,-16.166],[-47.723,-16.092],[-47.683,-16.07],[-47.684,-16.05],[-47.939,-16.05],[-47.964,-16.105]]]}},{"type":"Feature","properties":{"code":"5205471"},"geometry":{"type":"Polygon","coordinates":[[[-52.502,-18.676],[-52.428,-18.635],[-52.382,-18.577],[-52.291,-18.615],[-52.291,-18.589],[-52.326,-18.563],[-52.331,-18.53],[-52.312,-18.501],[-52.336,-18.47],[-52.37,-18.469],[-52.434,-18.433],[-52.462,-18.412],[-52.478,-18.36],[-52.522,-18.343],[-52.593,-18.268],[-52.598,-18.255],[-52.667,-18.2],[-52.753,-18.122],[-52.783,-18.07],[-52.821,-18.311],[-52.776,-18.329],[-52.759,-18.363],[-52.798,-18.415],[-52.839,-18.424],[-52.873,-18.646],[-52.846,-18.667],[-52.81,-18.668],[-52.748,-18.692],[-52.687,-18.678],[-52.635,-18.692],[-52.589,-18.687],[-52.566,-18.665],[-52.532,-18.657],[-52.502,-18.676]]]}},{"type":"Feature","properties":{"code":"5221809"},"geometry":{"type":"Polygon","coordinates":[[[-48.364,-17.514],[-48.314,-17.522],[-48.297,-17.54],[-48.259,-17.543],[-48.223,-17.59],[-48.168,-17.554],[-48.159,-17.53],[-48.114,-17.543],[-48.105,-17.5],[-48.119,-17.458],[-48.087,-17.429],[-48.046,-17.415],[-48.045,-17.396],[-48.076,-17.366],[-48.089,-17.292],[-48.119,-17.274],[-48.199,-17.31],[-48.205,-17.328],[-48.239,-17.327],[-48.268,-17.396],[-48.312,-17.449],[-48.349,-17.451],[-48.371,-17.474],[-48.364,-17.514]]]}},{"type":"Feature","properties":{"code":"5205455"},"geometry":{"type":"Polygon","coordinates":[[[-49.621,-17.229],[-49.632,-17.201],[-49.658,-17.181],[-49.658,-17.155],[-49.688,-17.127],[-49.701,-17.085],[-49.727,-17.067],[-49.748,-17.007],[-49.742,-16.957],[-49.749,-16.945],[-49.802,-16.903],[-49.823,-16.922],[-49.828,-16.959],[-49.855,-16.944],[-49.88,-16.974],[-49.844,-17.006],[-49.846,-17.043],[-49.822,-17.067],[-49.824,-17.098],[-49.849,-17.122],[-49.843,-17.164],[-49.794,-17.158],[-49.768,-17.137],[-49.73,-17.157],[-49.71,-17.193],[-49.658,-17.255],[-49.646,-17.302],[-49.619,-17.292],[-49.621,-17.229]]]}},{"type":"Feature","properties":{"code":"5205521"},"geometry":{"type":"Polygon","coordinates":[[[-47.839,-14.331],[-47.903,-14.236],[-47.932,-14.177],[-47.9,-14.17],[-47.916,-14.148],[-47.898,-14.093],[-47.898,-14.047],[-47.927,-14.035],[-47.91,-14.012],[-47.93,-13.957],[-47.96,-13.939],[-47.965,-13.906],[-47.948,-13.885],[-47.959,-13.853],[-47.998,-13.834],[-48.019,-13.813],[-48.016,-13.784],[-48.028,-13.744],[-48.054,-13.739],[-48.058,-13.702],[-48.12,-13.628],[-48.143,-13.653],[-48.148,-13.703],[-48.138,-13.755],[-48.197,-13.79],[-48.208,-13.822],[-48.251,-13.858],[-48.282,-13.832],[-48.332,-13.836],[-48.347,-13.862],[-48.319,-13.939],[-48.281,-13.939],[-48.251,-13.961],[-48.245,-13.994],[-48.221,-13.997],[-48.172,-14.067],[-48.163,-14.118],[-48.12,-14.154],[-48.128,-14.169],[-48.085,-14.191],[-48.043,-14.233],[-47.958,-14.272],[-47.926,-14.304],[-47.914,-14.332],[-47.878,-14.343],[-47.839,-14.331]]]}},{"type":"Feature","properties":{"code":"5205513"},"geometry":{"type":"Polygon","coordinates":[[[-48.856,-15.802],[-48.836,-15.832],[-48.783,-15.82],[-48.763,-15.855],[-48.718,-15.865],[-48.675,-15.862],[-48.669,-15.836],[-48.697,-15.815],[-48.667,-15.768],[-48.623,-15.753],[-48.576,-15.764],[-48.524,-15.814],[-48.496,-15.828],[-48.462,-15.83],[-48.455,-15.89],[-48.418,-15.913],[-48.378,-15.822],[-48.35,-15.792],[-48.349,-15.726],[-48.3,-15.71],[-48.252,-15.659],[-48.257,-15.646],[-48.315,-15.623],[-48.352,-15.631],[-48.375,-15.613],[-48.402,-15.655],[-48.548,-15.599],[-48.58,-15.546],[-48.58,-15.481],[-48.554,-15.456],[-48.571,-15.436],[-48.57,-15.378],[-48.593,-15.365],[-48.618,-15.359],[-48.66,-15.37],[-48.694,-15.401],[-48.712,-15.403],[-48.723,-15.442],[-48.748,-15.473],[-48.81,-15.506],[-48.814,-15.518],[-48.831,-15.543],[-48.792,-15.555],[-48.792,-15.585],[-48.829,-15.625],[-48.811,-15.633],[-48.809,-15.667],[-48.836,-15.726],[-48.817,-15.749],[-48.837,-15.803],[-48.856,-15.802]]]}},{"type":"Feature","properties":{"code":"5212907"},"geometry":{"type":"Polygon","coordinates":[[[-48.636,-18.048],[-48.62,-18.007],[-48.643,-17.932],[-48.674,-17.907],[-48.688,-17.869],[-48.717,-17.852],[-48.709,-17.902],[-48.766,-17.934],[-48.74,-18.002],[-48.732,-18.042],[-48.711,-18.087],[-48.692,-18.095],[-48.657,-18.088],[-48.659,-18.066],[-48.636,-18.048]]]}},{"type":"Feature","properties":{"code":"5221080"},"geometry":{"type":"Polygon","coordinates":[[[-47.273,-13.432],[-47.274,-13.448],[-47.25,-13.486],[-47.26,-13.534],[-47.292,-13.59],[-47.324,-13.632],[-47.307,-13.665],[-47.334,-13.709],[-47.312,-13.753],[-47.317,-13.772],[-47.354,-13.805],[-47.326,-13.827],[-47.309,-13.867],[-47.31,-13.892],[-47.336,-13.93],[-47.279,-13.952],[-47.264,-13.977],[-47.242,-13.943],[-47.251,-13.898],[-47.238,-13.876],[-47.198,-13.862],[-47.191,-13.795],[-47.203,-13.773],[-47.194,-13.723],[-47.174,-13.707],[-47.158,-13.671],[-47.162,-13.631],[-47.138,-13.567],[-47.143,-13.51],[-47.127,-13.44],[-47.148,-13.414],[-47.197,-13.452],[-47.257,-13.45],[-47.273,-13.432]]]}},{"type":"Feature","properties":{"code":"5212956"},"geometry":{"type":"Polygon","coordinates":[[[-50.927,-15.449],[-50.901,-15.473],[-50.843,-15.499],[-50.828,-15.473],[-50.738,-15.493],[-50.678,-15.576],[-50.637,-15.596],[-50.619,-15.599],[-50.59,-15.572],[-50.567,-15.576],[-50.528,-15.558],[-50.519,-15.519],[-50.535,-15.466],[-50.578,-15.475],[-50.608,-15.466],[-50.663,-15.419],[-50.691,-15.373],[-50.731,-15.256],[-50.746,-15.175],[-50.723,-15.163],[-50.713,-15.137],[-50.723,-15.084],[-50.748,-15.048],[-50.797,-15.025],[-50.763,-15.06],[-50.741,-15.093],[-50.777,-15.176],[-50.801,-15.203],[-50.87,-15.196],[-50.905,-15.244],[-50.909,-15.3],[-50.923,-15.311],[-50.982,-15.318],[-51.002,-15.328],[-51.031,-15.281],[-51.065,-15.262],[-51.043,-15.306],[-51.033,-15.345],[-50.976,-15.357],[-50.965,-15.371],[-50.956,-15.427],[-50.927,-15.449]]]}},{"type":"Feature","properties":{"code":"5205406"},"geometry":{"type":"Polygon","coordinates":[[[-49.591,-15.354],[-49.575,-15.335],[-49.572,-15.302],[-49.551,-15.258],[-49.564,-15.238],[-49.549,-15.184],[-49.584,-15.19],[-49.639,-15.243],[-49.696,-15.252],[-49.747,-15.24],[-49.771,-15.288],[-49.748,-15.294],[-49.719,-15.294],[-49.671,-15.309],[-49.661,-15.341],[-49.612,-15.359],[-49.591,-15.354]]]}},{"type":"Feature","properties":{"code":"5204706"},"geometry":{"type":"Polygon","coordinates":[[[-49.196,-14.382],[-49.136,-14.374],[-49.086,-14.334],[-49.009,-14.091],[-48.799,-14.061],[-48.78,-13.879],[-48.768,-13.844],[-48.785,-13.816],[-48.727,-13.775],[-48.71,-13.713],[-48.668,-13.682],[-48.662,-13.646],[-48.701,-13.639],[-48.725,-13.667],[-48.789,-13.711],[-48.784,-13.732],[-48.807,-13.771],[-48.786,-13.799],[-48.799,-13.823],[-48.87,-13.864],[-48.867,-13.888],[-48.881,-13.932],[-48.903,-13.959],[-48.929,-13.966],[-48.914,-14.004],[-48.966,-14.035],[-49.014,-14.025],[-49.025,-14.012],[-49.063,-14.018],[-49.113,-14.007],[-49.12,-14.019],[-49.175,-14.024],[-49.176,-14.133],[-49.187,-14.16],[-49.178,-14.199],[-49.16,-14.213],[-49.171,-14.273],[-49.164,-14.294],[-49.187,-14.337],[-49.196,-14.382]]]}},{"type":"Feature","properties":{"code":"5204805"},"geometry":{"type":"Polygon","coordinates":[[[-47.525,-17.412],[-47.553,-17.378],[-47.555,-17.356],[-47.603,-17.333],[-47.657,-17.297],[-47.691,-17.258],[-47.676,-17.231],[-47.688,-17.191],[-47.714,-17.154],[-47.73,-17.183],[-47.791,-17.213],[-47.847,-17.259],[-47.884,-17.263],[-47.888,-17.378],[-47.914,-17.414],[-47.912,-17.431],[-47.947,-17.508],[-47.944,-17.533],[-47.965,-17.552],[-47.962,-17.63],[-47.945,-17.652],[-47.93,-17.723],[-47.934,-17.77],[-47.954,-17.841],[-47.982,-17.898],[-47.939,-17.897],[-47.918,-17.913],[-47.863,-17.91],[-47.803,-17.858],[-47.754,-17.798],[-47.745,-17.83],[-47.711,-17.842],[-47.675,-17.836],[-47.644,-17.797],[-47.617,-17.734],[-47.619,-17.695],[-47.637,-17.667],[-47.629,-17.62],[-47.586,-17.545],[-47.556,-17.535],[-47.563,-17.511],[-47.543,-17.488],[-47.537,-17.457],[-47.525,-17.412]]]}},{"type":"Feature","properties":{"code":"5221007"},"geometry":{"type":"Polygon","coordinates":[[[-49.525,-16.114],[-49.539,-16.054],[-49.517,-15.997],[-49.532,-15.979],[-49.551,-15.969],[-49.562,-15.976],[-49.651,-15.984],[-49.684,-16.007],[-49.68,-16.039],[-49.653,-16.078],[-49.642,-16.115],[-49.574,-16.102],[-49.552,-16.128],[-49.525,-16.114]]]}},{"type":"Feature","properties":{"code":"5212808"},"geometry":{"type":"Polygon","coordinates":[[[-49.744,-14.08],[-49.699,-14.055],[-49.663,-14.083],[-49.638,-14.118],[-49.605,-14.137],[-49.593,-14.126],[-49.571,-14.1],[-49.521,-14.082],[-49.455,-14.083],[-49.431,-14.067],[-49.388,-14.067],[-49.389,-14.084],[-49.364,-14.124],[-49.311,-14.136],[-49.276,-14.18],[-49.279,-14.221],[-49.238,-14.182],[-49.239,-14.159],[-49.217,-14.105],[-49.203,-14.097],[-49.176,-14.133],[-49.175,-14.024],[-49.12,-14.019],[-49.113,-14.007],[-49.063,-14.018],[-49.025,-14.012],[-49.014,-14.025],[-48.966,-14.035],[-48.914,-14.004],[-48.929,-13.966],[-48.903,-13.959],[-48.881,-13.932],[-48.936,-13.936],[-48.976,-13.903],[-49.024,-13.89],[-49.099,-13.94],[-49.115,-13.928],[-49.111,-13.885],[-49.141,-13.861],[-49.224,-13.865],[-49.258,-13.899],[-49.264,-13.962],[-49.294,-13.992],[-49.322,-14.0],[-49.368,-13.959],[-49.412,-13.953],[-49.456,-13.986],[-49.482,-13.976],[-49.52,-13.987],[-49.535,-13.969],[-49.587,-13.936],[-49.621,-13.902],[-49.624,-13.887],[-49.672,-13.838],[-49.7,-13.856],[-49.734,-13.861],[-49.757,-13.849],[-49.835,-13.904],[-49.819,-13.94],[-49.798,-13.961],[-49.807,-13.979],[-49.796,-14.008],[-49.745,-14.046],[-49.744,-14.08]]]}},{"type":"Feature","properties":{"code":"5204607"},"geometry":{"type":"Polygon","coordinates":[[[-49.727,-16.671],[-49.766,-16.734],[-49.782,-16.784],[-49.758,-16.817],[-49.752,-16.854],[-49.728,-16.873],[-49.733,-16.902],[-49.684,-16.874],[-49.664,-16.876],[-49.609,-16.842],[-49.599,-16.802],[-49.635,-16.806],[-49.64,-16.771],[-49.655,-16.755],[-49.69,-16.692],[-49.687,-16.671],[-49.727,-16.671]]]}},{"type":"Feature","properties":{"code":"5204557"},"geometry":{"type":"Polygon","coordinates":[[[-49.062,-16.788],[-49.067,-16.815],[-49.022,-16.827],[-48.99,-16.8],[-48.934,-16.793],[-48.889,-16.796],[-48.868,-16.768],[-48.867,-16.754],[-48.916,-16.72],[-48.872,-16.657],[-48.852,-16.657],[-48.858,-16.631],[-48.903,-16.665],[-48.92,-16.692],[-48.975,-16.693],[-49.012,-16.66],[-49.053,-16.73],[-49.062,-16.788]]]}},{"type":"Feature","properties":{"code":"5221403"},"geometry":{"type":"Polygon","coordinates":[[[-49.445,-16.718],[-49.44,-16.671],[-49.38,-16.63],[-49.392,-16.598],[-49.422,-16.557],[-49.426,-16.536],[-49.455,-16.536],[-49.459,-16.494],[-49.594,-16.528],[-49.62,-16.489],[-49.654,-16.507],[-49.69,-16.508],[-49.695,-16.522],[-49.681,-16.536],[-49.64,-16.543],[-49.602,-16.569],[-49.633,-16.593],[-49.654,-16.631],[-49.656,-16.663],[-49.687,-16.671],[-49.69,-16.692],[-49.655,-16.755],[-49.64,-16.771],[-49.635,-16.806],[-49.599,-16.802],[-49.576,-16.772],[-49.533,-16.812],[-49.502,-16.8],[-49.539,-16.764],[-49.517,-16.741],[-49.498,-16.747],[-49.445,-16.718]]]}},{"type":"Feature","properties":{"code":"5204656"},"geometry":{"type":"Polygon","coordinates":[[[-48.723,-14.128],[-48.708,-14.161],[-48.615,-14.179],[-48.582,-14.165],[-48.567,-14.135],[-48.542,-14.115],[-48.522,-14.125],[-48.501,-14.108],[-48.474,-14.02],[-48.398,-14.006],[-48.358,-13.975],[-48.321,-13.977],[-48.319,-13.939],[-48.347,-13.862],[-48.36,-13.836],[-48.383,-13.825],[-48.394,-13.796],[-48.437,-13.758],[-48.434,-13.728],[-48.467,-13.663],[-48.462,-13.617],[-48.507,-13.614],[-48.533,-13.596],[-48.572,-13.595],[-48.592,-13.63],[-48.642,-13.619],[-48.662,-13.646],[-48.668,-13.682],[-48.71,-13.713],[-48.727,-13.775],[-48.785,-13.816],[-48.768,-13.844],[-48.78,-13.879],[-48.761,-13.925],[-48.727,-13.96],[-48.734,-13.99],[-48.713,-14.02],[-48.72,-14.044],[-48.702,-14.108],[-48.723,-14.128]]]}},{"type":"Feature","properties":{"code":"5213053"},"geometry":{"type":"Polygon","coordinates":[[[-48.607,-15.153],[-48.554,-15.173],[-48.498,-15.15],[-48.489,-15.119],[-48.445,-15.099],[-48.413,-15.102],[-48.366,-15.09],[-48.303,-15.107],[-48.286,-15.101],[-48.256,-15.121],[-48.213,-15.117],[-48.182,-15.142],[-48.13,-15.136],[-48.107,-15.148],[-48.09,-15.136],[-48.083,-15.084],[-48.056,-15.052],[-48.063,-15.024],[-48.036,-14.962],[-48.047,-14.923],[-48.08,-14.899],[-48.081,-14.864],[-48.101,-14.849],[-48.184,-14.849],[-48.235,-14.882],[-48.256,-14.875],[-48.287,-14.9],[-48.322,-14.901],[-48.371,-14.928],[-48.385,-14.945],[-48.424,-14.939],[-48.474,-14.964],[-48.524,-15.017],[-48.595,-14.994],[-48.611,-15.002],[-48.606,-15.017],[-48.653,-15.043],[-48.643,-15.089],[-48.654,-15.101],[-48.607,-15.153]]]}},{"type":"Feature","properties":{"code":"5221197"},"geometry":{"type":"Polygon","coordinates":[[[-49.112,-16.427],[-49.112,-16.474],[-49.127,-16.514],[-49.113,-16.537],[-49.08,-16.501],[-49.069,-16.468],[-49.02,-16.445],[-49.004,-16.413],[-48.982,-16.405],[-49.025,-16.412],[-49.048,-16.377],[-49.097,-16.394],[-49.112,-16.427]]]}},{"type":"Feature","properties":{"code":"5213004"},"geometry":{"type":"Polygon","coordinates":[[[-50.468,-17.951],[-50.48,-17.999],[-50.507,-18.02],[-50.438,-18.051],[-50.427,-18.095],[-50.376,-18.155],[-50.357,-18.16],[-50.326,-18.116],[-50.311,-18.114],[-50.282,-18.079],[-50.217,-18.075],[-50.188,-18.06],[-50.227,-18.014],[-50.251,-18.032],[-50.291,-18.03],[-50.298,-18.0],[-50.324,-17.987],[-50.344,-17.942],[-50.401,-17.929],[-50.468,-17.951]]]}},{"type":"Feature","properties":{"code":"5221304"},"geometry":{"type":"Polygon","coordinates":[[[-47.77,-18.418],[-47.737,-18.363],[-47.694,-18.375],[-47.68,-18.356],[-47.61,-18.316],[-47.714,-18.29],[-47.875,-18.283],[-47.91,-18.327],[-47.852,-18.361],[-47.866,-18.404],[-47.861,-18.44],[-47.837,-18.436],[-47.83,-18.411],[-47.77,-18.418]]]}},{"type":"Feature","properties":{"code":"5204953"},"geometry":{"type":"Polygon","coordinates":[[[-49.744,-14.08],[-49.733,-14.108],[-49.751,-14.164],[-49.705,-14.211],[-49.769,-14.253],[-49.753,-14.286],[-49.703,-14.305],[-49.697,-14.341],[-49.663,-14.301],[-49.575,-14.288],[-49.564,-14.277],[-49.562,-14.233],[-49.561,-14.199],[-49.546,-14.169],[-49.573,-14.129],[-49.593,-14.126],[-49.605,-14.137],[-49.638,-14.118],[-49.663,-14.083],[-49.699,-14.055],[-49.744,-14.08]]]}},{"type":"Feature","properties":{"code":"5213103"},"geometry":{"type":"MultiPolygon","coordinates":[[[[-52.839,-18.424],[-52.876,-18.431],[-52.881,-18.465],[-52.92,-18.511],[-52.962,-18.541],[-52.952,-18.577],[-52.921,-18.613],[-52.913,-18.642],[-52.873,-18.646],[-52.839,-18.424]]],[[[-52.783,-18.07],[-52.712,-17.972],[-52.666,-17.979],[-52.659,-17.959],[-52.544,-17.905],[-52.505,-17.914],[-52.467,-17.88],[-52.429,-17.871],[-52.396,-17.831],[-52.358,-17.852],[-52.315,-17.831],[-52.261,-17.843],[-52.224,-17.813],[-52.274,-17.791],[-52.231,-17.777],[-52.219,-17.76],[-52.243,-17.729],[-52.214,-17.677],[-52.303,-17.609],[-52.308,-17.586],[-52.308,-17.564],[-52.344,-17.527],[-52.371,-17.512],[-52.379,-17.481],[-52.366,-17.453],[-52.375,-17.42],[-52.43,-17.42],[-52.454,-17.406],[-52.481,-17.409],[-52.51,-17.378],[-52.514,-17.349],[-52.474,-17.322],[-52.429,-17.323],[-52.298,-17.343],[-52.288,-17.376],[-52.263,-17.402],[-52.239,-17.392],[-52.215,-17.418],[-52.161,-17.438],[-52.132,-17.416],[-52.1,-17.411],[-52.119,-17.369],[-52.146,-17.356],[-52.158,-17.315],[-52.246,-17.316],[-52.263,-17.327],[-52.295,-17.301],[-52.327,-17.294],[-52.35,-17.303],[-52.378,-17.268],[-52.406,-17.261],[-52.416,-17.282],[-52.444,-17.283],[-52.449,-17.259],[-52.478,-17.245],[-52.511,-17.209],[-52.506,-17.18],[-52.511,-17.128],[-52.545,-17.066],[-52.594,-17.041],[-52.634,-17.007],[-52.612,-16.975],[-52.631,-16.965],[-52.694,-16.969],[-52.749,-16.953],[-52.829,-16.878],[-52.824,-16.83],[-52.833,-16.818],[-52.832,-16.772],[-52.885,-16.777],[-52.914,-16.813],[-52.929,-16.838],[-52.916,-16.867],[-52.927,-16.886],[-52.909,-16.926],[-52.959,-16.973],[-52.953,-17.034],[-52.97,-17.053],[-52.953,-17.117],[-52.925,-17.148],[-52.916,-17.192],[-52.923,-17.22],[-52.891,-17.258],[-52.886,-17.282],[-52.936,-17.307],[-52.965,-17.308],[-53.045,-17.365],[-53.07,-17.371],[-53.098,-17.416],[-53.114,-17.475],[-53.134,-17.503],[-53.169,-17.513],[-53.179,-17.551],[-53.066,-17.664],[-53.116,-17.661],[-53.163,-17.644],[-53.196,-17.61],[-53.24,-17.6],[-53.248,-17.627],[-53.234,-17.713],[-53.202,-17.726],[-53.16,-17.775],[-53.157,-17.797],[-53.132,-17.842],[-53.125,-17.918],[-53.105,-17.928],[-53.071,-17.966],[-53.065,-17.988],[-53.072,-18.034],[-53.076,-18.051],[-53.124,-18.059],[-53.143,-18.084],[-53.13,-18.161],[-53.11,-18.22],[-53.1,-18.314],[-53.072,-18.341],[-53.023,-18.349],[-53.014,-18.326],[-52.965,-18.299],[-52.935,-18.297],[-52.873,-18.315],[-52.821,-18.311],[-52.783,-18.07]],[[-52.657,-17.433],[-52.667,-17.449],[-52.765,-17.42],[-52.851,-17.432],[-52.885,-17.477],[-52.892,-17.411],[-52.863,-17.399],[-52.802,-17.335],[-52.816,-17.297],[-52.743,-17.246],[-52.726,-17.22],[-52.691,-17.206],[-52.646,-17.244],[-52.627,-17.299],[-52.607,-17.33],[-52.522,-17.343],[-52.554,-17.404],[-52.59,-17.404],[-52.611,-17.441],[-52.641,-17.457],[-52.657,-17.433]]]]}},{"type":"Feature","properties":{"code":"5205059"},"geometry":{"type":"Polygon","coordinates":[[[-50.589,-18.136],[-50.563,-18.168],[-50.538,-18.183],[-50.509,-18.216],[-50.41,-18.233],[-50.371,-18.231],[-50.343,-18.203],[-50.322,-18.211],[-50.286,-18.196],[-50.224,-18.138],[-50.186,-18.14],[-50.161,-18.121],[-50.169,-18.074],[-50.188,-18.06],[-50.217,-18.075],[-50.282,-18.079],[-50.311,-18.114],[-50.326,-18.116],[-50.357,-18.16],[-50.387,-18.19],[-50.429,-18.199],[-50.48,-18.176],[-50.488,-18.161],[-50.524,-18.159],[-50.575,-18.129],[-50.589,-18.136]]]}},{"type":"Feature","properties":{"code":"5213087"},"geometry":{"type":"Polygon","coordinates":[[[-48.347,-13.862],[-48.332,-13.836],[-48.282,-13.832],[-48.251,-13.858],[-48.208,-13.822],[-48.197,-13.79],[-48.138,-13.755],[-48.148,-13.703],[-48.143,-13.653],[-48.12,-13.628],[-48.111,-13.617],[-48.107,-13.562],[-48.133,-13.504],[-48.199,-13.471],[-48.19,-13.456],[-48.148,-13.44],[-48.148,-13.379],[-48.167,-13.373],[-48.17,-13.3],[-48.153,-13.28],[-48.167,-13.233],[-48.153,-13.219],[-48.166,-13.189],[-48.144,-13.152],[-48.18,-13.152],[-48.235,-13.176],[-48.25,-13.197],[-48.292,-13.22],[-48.342,-13.232],[-48.385,-13.264],[-48.462,-13.275],[-48.477,-13.178],[-48.469,-13.159],[-48.495,-13.137],[-48.516,-13.139],[-48.53,-13.192],[-48.554,-13.204],[-48.554,-13.303],[-48.58,-13.313],[-48.57,-13.327],[-48.56,-13.388],[-48.581,-13.413],[-48.551,-13.433],[-48.58,-13.496],[-48.611,-13.533],[-48.627,-13.535],[-48.644,-13.573],[-48.686,-13.594],[-48.701,-13.639],[-48.662,-13.646],[-48.642,-13.619],[-48.592,-13.63],[-48.572,-13.595],[-48.533,-13.596],[-48.507,-13.614],[-48.462,-13.617],[-48.467,-13.663],[-48.434,-13.728],[-48.437,-13.758],[-48.394,-13.796],[-48.383,-13.825],[-48.36,-13.836],[-48.347,-13.862]]]}},{"type":"Feature","properties":{"code":"5220603"},"geometry":{"type":"Polygon","coordinates":[[[-48.596,-16.924],[-48.592,-16.893],[-48.575,-16.863],[-48.562,-16.814],[-48.545,-16.792],[-48.527,-16.692],[-48.508,-16.648],[-48.468,-16.644],[-48.432,-16.628],[-48.393,-16.633],[-48.32,-16.662],[-48.312,-16.684],[-48.257,-16.739],[-48.195,-16.734],[-48.185,-16.707],[-48.195,-16.642],[-48.241,-16.577],[-48.27,-16.489],[-48.309,-16.452],[-48.342,-16.444],[-48.358,-16.414],[-48.401,-16.384],[-48.401,-16.327],[-48.374,-16.31],[-48.412,-16.287],[-48.451,-16.286],[-48.495,-16.305],[-48.516,-16.339],[-48.523,-16.394],[-48.541,-16.418],[-48.579,-16.419],[-48.605,-16.445],[-48.595,-16.462],[-48.559,-16.471],[-48.541,-16.5],[-48.59,-16.514],[-48.596,-16.528],[-48.644,-16.519],[-48.699,-16.493],[-48.75,-16.5],[-48.78,-16.464],[-48.822,-16.435],[-48.871,-16.421],[-48.875,-16.401],[-48.901,-16.419],[-48.862,-16.455],[-48.861,-16.489],[-48.837,-16.505],[-48.785,-16.588],[-48.719,-16.618],[-48.722,-16.686],[-48.784,-16.632],[-48.804,-16.632],[-48.833,-16.659],[-48.852,-16.657],[-48.872,-16.657],[-48.916,-16.72],[-48.867,-16.754],[-48.868,-16.768],[-48.83,-16.766],[-48.827,-16.797],[-48.802,-16.797],[-48.788,-16.837],[-48.723,-16.845],[-48.687,-16.892],[-48.647,-16.886],[-48.629,-16.915],[-48.596,-16.924]]]}},{"type":"Feature","properties":{"code":"5205000"},"geometry":{"type":"Polygon","coordinates":[[[-49.732,-15.526],[-49.683,-15.482],[-49.696,-15.446],[-49.687,-15.421],[-49.655,-15.407],[-49.605,-15.409],[-49.586,-15.375],[-49.591,-15.354],[-49.612,-15.359],[-49.661,-15.341],[-49.671,-15.309],[-49.719,-15.294],[-49.748,-15.294],[-49.757,-15.339],[-49.788,-15.362],[-49.778,-15.385],[-49.786,-15.42],[-49.812,-15.451],[-49.86,-15.45],[-49.887,-15.481],[-49.889,-15.508],[-49.857,-15.532],[-49.811,-15.532],[-49.772,-15.546],[-49.732,-15.526]]]}},{"type":"Feature","properties":{"code":"5204854"},"geometry":{"type":"Polygon","coordinates":[[[-49.165,-16.314],[-49.162,-16.33],[-49.114,-16.342],[-49.102,-16.325],[-49.055,-16.349],[-49.042,-16.261],[-49.11,-16.224],[-49.144,-16.223],[-49.153,-16.25],[-49.178,-16.264],[-49.165,-16.314]]]}},{"type":"Feature","properties":{"code":"5204904"},"geometry":{"type":"Polygon","coordinates":[[[-46.855,-13.068],[-46.823,-13.059],[-46.804,-13.084],[-46.769,-13.09],[-46.737,-13.108],[-46.675,-13.062],[-46.623,-13.068],[-46.605,-13.04],[-46.577,-13.043],[-46.555,-13.025],[-46.502,-13.005],[-46.468,-13.011],[-46.453,-13.054],[-46.449,-13.055],[-46.299,-13.064],[-46.276,-13.02],[-46.194,-12.997],[-46.125,-12.96],[-46.113,-12.918],[-46.198,-12.957],[-46.229,-12.958],[-46.305,-12.979],[-46.373,-12.986],[-46.365,-12.935],[-46.366,-12.864],[-46.398,-12.851],[-46.418,-12.822],[-46.433,-12.929],[-46.446,-12.936],[-46.455,-12.971],[-46.635,-12.97],[-46.751,-12.969],[-46.823,-13.007],[-46.855,-13.068]]]}},{"type":"Feature","properties":{"code":"5220454"},"geometry":{"type":"Polygon","coordinates":[[[-49.159,-16.791],[-49.154,-16.824],[-49.085,-16.772],[-49.062,-16.788],[-49.053,-16.73],[-49.012,-16.66],[-49.044,-16.634],[-49.061,-16.641],[-49.078,-16.593],[-49.148,-16.647],[-49.167,-16.651],[-49.194,-16.691],[-49.151,-16.747],[-49.159,-16.791]]]}},{"type":"Feature","properties":{"code":"5212253"},"geometry":{"type":"Polygon","coordinates":[[[-51.092,-19.308],[-51.089,-19.263],[-51.103,-19.215],[-51.157,-19.205],[-51.167,-19.19],[-51.203,-19.183],[-51.221,-19.152],[-51.265,-19.142],[-51.272,-19.121],[-51.321,-19.101],[-51.328,-19.076],[-51.386,-19.075],[-51.436,-19.066],[-51.462,-19.123],[-51.448,-19.16],[-51.42,-19.166],[-51.364,-19.223],[-51.309,-19.218],[-51.277,-19.261],[-51.243,-19.269],[-51.225,-19.259],[-51.187,-19.27],[-51.169,-19.287],[-51.092,-19.308]]]}},{"type":"Feature","properties":{"code":"5204201"},"geometry":{"type":"Polygon","coordinates":[[[-50.641,-16.835],[-50.614,-16.78],[-50.606,-16.726],[-50.584,-16.702],[-50.607,-16.671],[-50.606,-16.636],[-50.66,-16.613],[-50.712,-16.613],[-50.731,-16.586],[-50.767,-16.682],[-50.812,-16.695],[-50.816,-16.729],[-50.79,-16.799],[-50.798,-16.821],[-50.73,-16.806],[-50.701,-16.81],[-50.661,-16.836],[-50.641,-16.835]]]}},{"type":"Feature","properties":{"code":"5220504"},"geometry":{"type":"Polygon","coordinates":[[[-51.897,-18.633],[-51.901,-18.587],[-51.927,-18.54],[-51.845,-18.571],[-51.799,-18.541],[-51.797,-18.488],[-51.765,-18.476],[-51.715,-18.476],[-51.64,-18.496],[-51.63,-18.472],[-51.652,-18.43],[-51.648,-18.391],[-51.684,-18.36],[-51.643,-18.33],[-51.654,-18.287],[-51.738,-18.243],[-51.786,-18.263],[-51.8,-18.212],[-51.826,-18.213],[-51.846,-18.139],[-51.9,-18.136],[-51.922,-18.157],[-51.978,-18.16],[-52.009,-18.152],[-52.039,-18.074],[-52.08,-18.046],[-52.14,-18.027],[-52.164,-18.002],[-52.159,-17.978],[-52.193,-17.943],[-52.202,-17.889],[-52.192,-17.827],[-52.224,-17.813],[-52.261,-17.843],[-52.315,-17.831],[-52.358,-17.852],[-52.396,-17.831],[-52.429,-17.871],[-52.467,-17.88],[-52.505,-17.914],[-52.544,-17.905],[-52.659,-17.959],[-52.666,-17.979],[-52.712,-17.972],[-52.783,-18.07],[-52.753,-18.122],[-52.667,-18.2],[-52.598,-18.255],[-52.593,-18.268],[-52.522,-18.343],[-52.478,-18.36],[-52.462,-18.412],[-52.434,-18.433],[-52.37,-18.469],[-52.336,-18.47],[-52.312,-18.501],[-52.296,-18.492],[-52.243,-18.505],[-52.172,-18.502],[-52.16,-18.495],[-52.111,-18.527],[-52.073,-18.505],[-52.053,-18.515],[-52.013,-18.567],[-51.953,-18.597],[-51.943,-18.615],[-51.897,-18.633]]]}},{"type":"Feature","properties":{"code":"5212303"},"geometry":{"type":"Polygon","coordinates":[[[-48.852,-16.657],[-48.833,-16.659],[-48.804,-16.632],[-48.784,-16.632],[-48.722,-16.686],[-48.719,-16.618],[-48.785,-16.588],[-48.837,-16.505],[-48.861,-16.489],[-48.862,-16.455],[-48.901,-16.419],[-48.997,-16.486],[-48.997,-16.53],[-49.008,-16.552],[-48.993,-16.58],[-48.964,-16.567],[-48.947,-16.606],[-48.95,-16.629],[-48.98,-16.651],[-49.012,-16.66],[-48.975,-16.693],[-48.92,-16.692],[-48.903,-16.665],[-48.858,-16.631],[-48.852,-16.657]]]}},{"type":"Feature","properties":{"code":"5204250"},"geometry":{"type":"Polygon","coordinates":[[[-49.548,-18.54],[-49.546,-18.5],[-49.5,-18.491],[-49.486,-18.532],[-49.443,-18.543],[-49.422,-18.525],[-49.421,-18.447],[-49.507,-18.406],[-49.559,-18.422],[-49.588,-18.445],[-49.627,-18.452],[-49.712,-18.409],[-49.741,-18.346],[-49.76,-18.4],[-49.759,-18.425],[-49.779,-18.446],[-49.773,-18.496],[-49.747,-18.567],[-49.758,-18.61],[-49.723,-18.609],[-49.653,-18.574],[-49.642,-18.555],[-49.548,-18.54]]]}},{"type":"Feature","properties":{"code":"5204102"},"geometry":{"type":"Polygon","coordinates":[[[-51.238,-18.357],[-51.222,-18.373],[-51.224,-18.409],[-51.206,-18.419],[-51.211,-18.451],[-51.187,-18.487],[-51.17,-18.491],[-51.142,-18.545],[-51.112,-18.564],[-51.08,-18.607],[-51.022,-18.703],[-50.994,-18.738],[-50.985,-18.793],[-50.939,-18.841],[-50.938,-18.879],[-50.878,-18.895],[-50.867,-18.913],[-50.836,-18.917],[-50.818,-18.869],[-50.839,-18.747],[-50.825,-18.716],[-50.784,-18.656],[-50.827,-18.648],[-50.867,-18.62],[-50.864,-18.604],[-50.903,-18.569],[-50.961,-18.531],[-50.903,-18.481],[-50.892,-18.448],[-50.859,-18.453],[-50.79,-18.422],[-50.753,-18.419],[-50.773,-18.375],[-50.825,-18.359],[-50.846,-18.334],[-50.858,-18.298],[-50.886,-18.32],[-50.945,-18.312],[-50.971,-18.286],[-50.983,-18.323],[-51.002,-18.331],[-51.045,-18.323],[-51.1,-18.346],[-51.146,-18.3],[-51.181,-18.297],[-51.19,-18.315],[-51.238,-18.357]]]}},{"type":"Feature","properties":{"code":"5212709"},"geometry":{"type":"Polygon","coordinates":[[[-46.198,-14.454],[-46.151,-14.501],[-46.112,-14.559],[-46.123,-14.587],[-46.097,-14.622],[-46.066,-14.61],[-46.016,-14.645],[-46.021,-14.67],[-45.992,-14.662],[-45.985,-14.619],[-45.998,-14.604],[-45.981,-14.532],[-46.004,-14.515],[-45.996,-14.488],[-46.019,-14.472],[-46.0,-14.447],[-45.932,-14.409],[-45.907,-14.355],[-45.942,-14.343],[-45.964,-14.284],[-45.995,-14.256],[-46.03,-14.259],[-46.06,-14.232],[-46.082,-14.265],[-46.15,-14.262],[-46.184,-14.275],[-46.196,-14.302],[-46.19,-14.324],[-46.201,-14.402],[-46.173,-14.438],[-46.198,-14.454]]]}},{"type":"Feature","properties":{"code":"5220702"},"geometry":{"type":"MultiPolygon","coordinates":[[[[-46.526,-15.056],[-46.503,-15.051],[-46.531,-15.005],[-46.518,-14.97],[-46.541,-14.952],[-46.54,-14.892],[-46.522,-14.851],[-46.532,-14.83],[-46.56,-14.815],[-46.62,-14.819],[-46.587,-14.935],[-46.567,-14.975],[-46.56,-15.026],[-46.526,-15.056]]],[[[-46.039,-14.875],[-46.025,-14.856],[-46.041,-14.826],[-46.003,-14.796],[-45.997,-14.741],[-46.005,-14.689],[-46.025,-14.678],[-46.164,-14.666],[-46.185,-14.627],[-46.213,-14.609],[-46.254,-14.604],[-46.292,-14.539],[-46.319,-14.523],[-46.317,-14.495],[-46.334,-14.453],[-46.381,-14.445],[-46.398,-14.476],[-46.379,-14.489],[-46.388,-14.54],[-46.381,-14.569],[-46.421,-14.634],[-46.463,-14.626],[-46.499,-14.665],[-46.503,-14.704],[-46.475,-14.705],[-46.424,-14.756],[-46.322,-14.815],[-46.325,-14.846],[-46.3,-14.858],[-46.319,-14.9],[-46.287,-14.928],[-46.232,-14.922],[-46.172,-14.947],[-46.162,-14.931],[-46.119,-14.921],[-46.088,-14.936],[-46.039,-14.875]]]]}},{"type":"Feature","properties":{"code":"5220686"},"geometry":{"type":"Polygon","coordinates":[[[-46.732,-14.391],[-46.712,-14.428],[-46.718,-14.466],[-46.63,-14.507],[-46.598,-14.48],[-46.564,-14.472],[-46.543,-14.486],[-46.478,-14.47],[-46.458,-14.478],[-46.437,-14.457],[-46.432,-14.423],[-46.425,-14.386],[-46.528,-14.389],[-46.563,-14.367],[-46.583,-14.386],[-46.629,-14.383],[-46.658,-14.369],[-46.684,-14.388],[-46.732,-14.391]]]}},{"type":"Feature","properties":{"code":"5212501"},"geometry":{"type":"Polygon","coordinates":[[[-47.918,-17.004],[-47.922,-16.983],[-47.899,-16.951],[-47.892,-16.918],[-47.886,-16.906],[-47.889,-16.847],[-47.903,-16.813],[-47.88,-16.769],[-47.888,-16.753],[-47.88,-16.704],[-47.867,-16.68],[-47.819,-16.634],[-47.804,-16.601],[-47.803,-16.539],[-47.776,-16.538],[-47.776,-16.568],[-47.737,-16.552],[-47.72,-16.535],[-47.72,-16.488],[-47.687,-16.425],[-47.648,-16.372],[-47.654,-16.327],[-47.641,-16.283],[-47.664,-16.247],[-47.656,-16.217],[-47.658,-16.167],[-47.732,-16.166],[-47.742,-16.195],[-47.794,-16.253],[-47.838,-16.231],[-47.86,-16.186],[-47.862,-16.158],[-47.925,-16.13],[-47.952,-16.125],[-47.964,-16.105],[-47.963,-16.123],[-48.002,-16.137],[-48.028,-16.204],[-48.141,-16.169],[-48.174,-16.215],[-48.189,-16.25],[-48.202,-16.312],[-48.241,-16.325],[-48.261,-16.315],[-48.324,-16.318],[-48.374,-16.31],[-48.401,-16.327],[-48.401,-16.384],[-48.358,-16.414],[-48.342,-16.444],[-48.309,-16.452],[-48.27,-16.489],[-48.241,-16.577],[-48.195,-16.642],[-48.185,-16.707],[-48.195,-16.734],[-48.105,-16.747],[-48.08,-16.785],[-48.078,-16.879],[-48.089,-16.892],[-48.065,-16.933],[-48.034,-16.922],[-48.003,-16.951],[-47.918,-17.004]]]}},{"type":"Feature","properties":{"code":"5212600"},"geometry":{"type":"Polygon","coordinates":[[[-49.619,-17.292],[-49.594,-17.297],[-49.51,-17.351],[-49.446,-17.329],[-49.334,-17.472],[-49.302,-17.507],[-49.276,-17.473],[-49.295,-17.455],[-49.3,-17.373],[-49.325,-17.361],[-49.351,-17.319],[-49.429,-17.305],[-49.456,-17.31],[-49.476,-17.289],[-49.47,-17.246],[-49.407,-17.203],[-49.408,-17.188],[-49.457,-17.15],[-49.49,-17.161],[-49.503,-17.151],[-49.621,-17.229],[-49.619,-17.292]]]}},{"type":"Feature","properties":{"code":"5204508"},"geometry":{"type":"Polygon","coordinates":[[[-48.636,-18.048],[-48.616,-18.067],[-48.562,-18.053],[-48.539,-18.03],[-48.544,-17.993],[-48.52,-17.984],[-48.512,-17.881],[-48.513,-17.85],[-48.558,-17.822],[-48.543,-17.793],[-48.513,-17.787],[-48.52,-17.754],[-48.499,-17.74],[-48.492,-17.711],[-48.463,-17.714],[-48.454,-17.686],[-48.472,-17.659],[-48.459,-17.629],[-48.466,-17.602],[-48.502,-17.572],[-48.499,-17.555],[-48.522,-17.48],[-48.616,-17.475],[-48.703,-17.497],[-48.697,-17.527],[-48.76,-17.569],[-48.813,-17.572],[-48.856,-17.56],[-48.897,-17.532],[-48.925,-17.566],[-48.928,-17.6],[-48.891,-17.65],[-48.849,-17.681],[-48.838,-17.721],[-48.779,-17.715],[-48.739,-17.751],[-48.748,-17.795],[-48.717,-17.852],[-48.688,-17.869],[-48.674,-17.907],[-48.643,-17.932],[-48.62,-18.007],[-48.636,-18.048]]]}},{"type":"Feature","properties":{"code":"5211909"},"geometry":{"type":"Polygon","coordinates":[[[-52.224,-17.813],[-52.192,-17.827],[-52.202,-17.889],[-52.193,-17.943],[-52.159,-17.978],[-52.164,-18.002],[-52.14,-18.027],[-52.08,-18.046],[-52.039,-18.074],[-52.009,-18.152],[-51.978,-18.16],[-51.922,-18.157],[-51.9,-18.136],[-51.846,-18.139],[-51.826,-18.213],[-51.8,-18.212],[-51.786,-18.263],[-51.738,-18.243],[-51.654,-18.287],[-51.643,-18.33],[-51.684,-18.36],[-51.648,-18.391],[-51.652,-18.43],[-51.63,-18.472],[-51.64,-18.496],[-51.598,-18.503],[-51.572,-18.526],[-51.53,-18.538],[-51.503,-18.495],[-51.382,-18.362],[-51.382,-18.317],[-51.366,-18.281],[-51.417,-18.244],[-51.437,-18.242],[-51.45,-18.177],[-51.436,-18.162],[-51.399,-18.172],[-51.372,-18.196],[-51.338,-18.196],[-51.323,-18.172],[-51.318,-18.124],[-51.286,-18.082],[-51.239,-18.082],[-51.225,-18.103],[-51.156,-18.131],[-51.166,-18.07],[-51.191,-18.052],[-51.191,-18.029],[-51.214,-18.009],[-51.208,-17.973],[-51.233,-17.939],[-51.242,-17.886],[-51.282,-17.886],[-51.286,-17.864],[-51.327,-17.862],[-51.347,-17.875],[-51.386,-17.868],[-51.441,-17.817],[-51.465,-17.768],[-51.484,-17.748],[-51.555,-17.727],[-51.582,-17.687],[-51.631,-17.668],[-51.638,-17.652],[-51.607,-17.604],[-51.688,-17.548],[-51.703,-17.525],[-51.694,-17.497],[-51.722,-17.479],[-51.718,-17.415],[-51.73,-17.371],[-51.701,-17.295],[-51.686,-17.275],[-51.758,-17.285],[-51.778,-17.318],[-51.813,-17.313],[-51.875,-17.332],[-51.894,-17.362],[-51.955,-17.358],[-51.95,-17.394],[-51.96,-17.432],[-51.996,-17.488],[-52.026,-17.491],[-51.99,-17.566],[-52.007,-17.597],[-51.993,-17.645],[-52.045,-17.633],[-52.096,-17.65],[-52.145,-17.637],[-52.234,-17.638],[-52.308,-17.586],[-52.303,-17.609],[-52.214,-17.677],[-52.243,-17.729],[-52.219,-17.76],[-52.231,-17.777],[-52.274,-17.791],[-52.224,-17.813]]]}},{"type":"Feature","properties":{"code":"5220058"},"geometry":{"type":"Polygon","coordinates":[[[-50.283,-16.804],[-50.285,-16.768],[-50.359,-16.741],[-50.362,-16.7],[-50.376,-16.724],[-50.407,-16.732],[-50.429,-16.754],[-50.45,-16.798],[-50.458,-16.844],[-50.456,-16.888],[-50.419,-16.917],[-50.39,-16.897],[-50.329,-16.883],[-50.285,-16.891],[-50.303,-16.858],[-50.302,-16.826],[-50.283,-16.804]]]}},{"type":"Feature","properties":{"code":"5220157"},"geometry":{"type":"Polygon","coordinates":[[[-49.29,-14.991],[-49.135,-14.999],[-49.12,-14.947],[-49.099,-14.932],[-49.09,-14.887],[-49.105,-14.853],[-49.157,-14.882],[-49.205,-14.899],[-49.185,-14.86],[-49.206,-14.846],[-49.239,-14.865],[-49.25,-14.822],[-49.307,-14.82],[-49.355,-14.81],[-49.409,-14.849],[-49.428,-14.971],[-49.42,-14.999],[-49.369,-15.012],[-49.323,-14.989],[-49.29,-14.991]]]}},{"type":"Feature","properties":{"code":"5204300"},"geometry":{"type":"Polygon","coordinates":[[[-51.53,-18.538],[-51.489,-18.574],[-51.432,-18.596],[-51.411,-18.62],[-51.386,-18.622],[-51.368,-18.643],[-51.307,-18.685],[-51.264,-18.73],[-51.229,-18.743],[-51.207,-18.785],[-51.149,-18.821],[-51.125,-18.872],[-51.077,-18.871],[-51.023,-18.898],[-50.995,-18.904],[-50.959,-18.961],[-50.935,-18.978],[-50.941,-18.998],[-50.849,-19.067],[-50.817,-19.073],[-50.786,-19.092],[-50.769,-19.145],[-50.726,-19.164],[-50.733,-19.187],[-50.682,-19.176],[-50.675,-19.136],[-50.646,-19.135],[-50.654,-19.077],[-50.678,-19.02],[-50.709,-18.995],[-50.733,-18.974],[-50.771,-18.96],[-50.788,-18.94],[-50.814,-18.941],[-50.836,-18.917],[-50.867,-18.913],[-50.878,-18.895],[-50.938,-18.879],[-50.939,-18.841],[-50.985,-18.793],[-50.994,-18.738],[-51.022,-18.703],[-51.08,-18.607],[-51.112,-18.564],[-51.142,-18.545],[-51.17,-18.491],[-51.187,-18.487],[-51.211,-18.451],[-51.206,-18.419],[-51.224,-18.409],[-51.222,-18.373],[-51.238,-18.357],[-51.301,-18.304],[-51.337,-18.299],[-51.366,-18.281],[-51.382,-18.317],[-51.382,-18.362],[-51.503,-18.495],[-51.53,-18.538]]]}},{"type":"Feature","properties":{"code":"5204409"},"geometry":{"type":"Polygon","coordinates":[[[-52.026,-17.491],[-51.996,-17.488],[-51.96,-17.432],[-51.95,-17.394],[-51.955,-17.358],[-51.894,-17.362],[-51.875,-17.332],[-51.813,-17.313],[-51.778,-17.318],[-51.758,-17.285],[-51.686,-17.275],[-51.642,-17.284],[-51.604,-17.305],[-51.547,-17.324],[-51.527,-17.35],[-51.515,-17.333],[-51.476,-17.347],[-51.422,-17.334],[-51.407,-17.305],[-51.34,-17.269],[-51.324,-17.27],[-51.291,-17.212],[-51.265,-17.182],[-51.273,-17.162],[-51.236,-17.133],[-51.155,-17.124],[-51.133,-17.111],[-51.139,-17.089],[-51.099,-17.06],[-51.087,-17.014],[-51.108,-16.969],[-51.056,-16.955],[-51.08,-16.941],[-51.105,-16.895],[-51.15,-16.889],[-51.181,-16.842],[-51.222,-16.809],[-51.228,-16.76],[-51.222,-16.73],[-51.257,-16.782],[-51.303,-16.785],[-51.344,-16.8],[-51.368,-16.82],[-51.417,-16.828],[-51.428,-16.854],[-51.503,-16.885],[-51.549,-16.894],[-51.577,-16.875],[-51.611,-16.888],[-51.632,-16.919],[-51.659,-16.922],[-51.655,-16.813],[-51.659,-16.795],[-51.59,-16.733],[-51.611,-16.693],[-51.605,-16.669],[-51.577,-16.663],[-51.581,-16.633],[-51.602,-16.602],[-51.668,-16.599],[-51.676,-16.626],[-51.709,-16.641],[-51.744,-16.621],[-51.75,-16.6],[-51.783,-16.608],[-51.866,-16.658],[-51.9,-16.634],[-51.917,-16.65],[-51.961,-16.625],[-51.975,-16.628],[-52.005,-16.566],[-52.046,-16.546],[-52.052,-16.49],[-52.088,-16.475],[-52.125,-16.471],[-52.197,-16.465],[-52.245,-16.579],[-52.191,-16.599],[-52.139,-16.641],[-52.146,-16.673],[-52.13,-16.705],[-52.136,-16.737],[-52.159,-16.768],[-52.168,-16.803],[-52.209,-16.806],[-52.252,-16.83],[-52.26,-16.869],[-52.275,-16.878],[-52.293,-16.928],[-52.324,-16.941],[-52.384,-16.948],[-52.414,-16.969],[-52.429,-16.994],[-52.412,-17.03],[-52.421,-17.044],[-52.388,-17.141],[-52.414,-17.176],[-52.392,-17.223],[-52.406,-17.261],[-52.378,-17.268],[-52.35,-17.303],[-52.327,-17.294],[-52.295,-17.301],[-52.263,-17.327],[-52.246,-17.316],[-52.158,-17.315],[-52.146,-17.356],[-52.119,-17.369],[-52.1,-17.411],[-52.042,-17.462],[-52.026,-17.491]]]}},{"type":"Feature","properties":{"code":"5220108"},"geometry":{"type":"Polygon","coordinates":[[[-50.563,-16.518],[-50.541,-16.571],[-50.513,-16.592],[-50.523,-16.609],[-50.485,-16.637],[-50.465,-16.632],[-50.445,-16.598],[-50.414,-16.586],[-50.347,-16.577],[-50.303,-16.559],[-50.282,-16.508],[-50.245,-16.45],[-50.228,-16.451],[-50.222,-16.476],[-50.166,-16.466],[-50.182,-16.421],[-50.227,-16.404],[-50.226,-16.362],[-50.246,-16.349],[-50.245,-16.321],[-50.293,-16.312],[-50.306,-16.325],[-50.368,-16.289],[-50.409,-16.287],[-50.442,-16.334],[-50.436,-16.359],[-50.461,-16.367],[-50.475,-16.433],[-50.508,-16.503],[-50.538,-16.499],[-50.563,-16.518]]]}},{"type":"Feature","properties":{"code":"5220009"},"geometry":{"type":"Polygon","coordinates":[[[-47.477,-14.817],[-47.428,-14.831],[-47.36,-14.803],[-47.357,-14.776],[-47.315,-14.767],[-47.282,-14.694],[-47.247,-14.701],[-47.234,-14.688],[-47.232,-14.639],[-47.186,-14.56],[-47.146,-14.54],[-47.157,-14.468],[-47.183,-14.44],[-47.19,-14.368],[-47.187,-14.326],[-47.174,-14.304],[-47.171,-14.264],[-47.14,-14.255],[-47.131,-14.205],[-47.084,-14.168],[-47.083,-14.141],[-47.031,-14.089],[-46.994,-14.082],[-46.986,-14.053],[-47.039,-14.032],[-47.089,-14.08],[-47.114,-14.097],[-47.155,-14.123],[-47.175,-14.148],[-47.247,-14.142],[-47.286,-14.16],[-47.325,-14.162],[-47.362,-14.132],[-47.402,-14.147],[-47.411,-14.168],[-47.455,-14.161],[-47.431,-14.211],[-47.403,-14.223],[-47.389,-14.314],[-47.425,-14.323],[-47.465,-14.363],[-47.482,-14.418],[-47.516,-14.432],[-47.55,-14.425],[-47.554,-14.455],[-47.581,-14.447],[-47.597,-14.427],[-47.648,-14.439],[-47.66,-14.459],[-47.705,-14.463],[-47.734,-14.412],[-47.763,-14.411],[-47.809,-14.38],[-47.828,-14.351],[-47.864,-14.379],[-47.841,-14.429],[-47.824,-14.503],[-47.762,-14.544],[-47.772,-14.568],[-47.766,-14.599],[-47.772,-14.642],[-47.718,-14.653],[-47.706,-14.67],[-47.694,-14.744],[-47.666,-14.709],[-47.631,-14.744],[-47.64,-14.757],[-47.648,-14.833],[-47.635,-14.831],[-47.61,-14.79],[-47.584,-14.775],[-47.557,-14.732],[-47.535,-14.737],[-47.528,-14.77],[-47.477,-14.817]]]}},{"type":"Feature","properties":{"code":"5211800"},"geometry":{"type":"Polygon","coordinates":[[[-49.465,-16.005],[-49.468,-15.946],[-49.393,-15.906],[-49.363,-15.903],[-49.344,-15.902],[-49.34,-15.857],[-49.305,-15.826],[-49.265,-15.828],[-49.216,-15.857],[-49.127,-15.624],[-49.167,-15.627],[-49.187,-15.602],[-49.212,-15.567],[-49.239,-15.554],[-49.224,-15.524],[-49.222,-15.483],[-49.282,-15.438],[-49.309,-15.466],[-49.314,-15.493],[-49.34,-15.492],[-49.352,-15.5],[-49.431,-15.495],[-49.456,-15.534],[-49.504,-15.516],[-49.526,-15.475],[-49.544,-15.468],[-49.569,-15.478],[-49.574,-15.506],[-49.562,-15.535],[-49.555,-15.637],[-49.557,-15.684],[-49.536,-15.714],[-49.545,-15.755],[-49.578,-15.79],[-49.577,-15.816],[-49.607,-15.883],[-49.596,-15.911],[-49.541,-15.93],[-49.551,-15.969],[-49.532,-15.979],[-49.509,-15.973],[-49.465,-16.005]]]}},{"type":"Feature","properties":{"code":"5203575"},"geometry":{"type":"Polygon","coordinates":[[[-49.72,-13.728],[-49.701,-13.714],[-49.686,-13.672],[-49.649,-13.658],[-49.642,-13.628],[-49.618,-13.599],[-49.59,-13.586],[-49.588,-13.562],[-49.538,-13.531],[-49.542,-13.5],[-49.568,-13.49],[-49.572,-13.467],[-49.62,-13.433],[-49.6,-13.403],[-49.611,-13.376],[-49.647,-13.353],[-49.681,-13.378],[-49.695,-13.401],[-49.732,-13.428],[-49.761,-13.426],[-49.784,-13.454],[-49.843,-13.474],[-49.849,-13.495],[-49.879,-13.494],[-49.921,-13.506],[-49.979,-13.487],[-50.003,-13.488],[-50.06,-13.525],[-50.109,-13.513],[-50.171,-13.553],[-50.211,-13.533],[-50.238,-13.557],[-50.256,-13.545],[-50.236,-13.622],[-50.239,-13.653],[-50.199,-13.656],[-50.187,-13.641],[-50.143,-13.657],[-50.139,-13.679],[-50.101,-13.66],[-50.068,-13.684],[-50.054,-13.705],[-50.023,-13.686],[-49.974,-13.689],[-49.964,-13.703],[-49.91,-13.681],[-49.887,-13.694],[-49.822,-13.692],[-49.784,-13.727],[-49.735,-13.718],[-49.72,-13.728]]]}},{"type":"Feature","properties":{"code":"5203559"},"geometry":{"type":"Polygon","coordinates":[[[-49.012,-16.66],[-48.98,-16.651],[-48.95,-16.629],[-48.947,-16.606],[-48.964,-16.567],[-48.993,-16.58],[-49.008,-16.552],[-48.997,-16.53],[-49.057,-16.562],[-49.078,-16.593],[-49.061,-16.641],[-49.044,-16.634],[-49.012,-16.66]]]}},{"type":"Feature","properties":{"code":"5212105"},"geometry":{"type":"Polygon","coordinates":[[[-49.694,-17.687],[-49.732,-17.726],[-49.734,-17.761],[-49.684,-17.807],[-49.779,-17.776],[-49.784,-17.801],[-49.783,-17.886],[-49.76,-17.868],[-49.68,-17.86],[-49.645,-17.868],[-49.595,-17.84],[-49.561,-17.834],[-49.518,-17.855],[-49.497,-17.832],[-49.454,-17.851],[-49.425,-17.789],[-49.428,-17.748],[-49.46,-17.751],[-49.508,-17.75],[-49.538,-17.731],[-49.562,-17.741],[-49.564,-17.784],[-49.614,-17.753],[-49.694,-17.687]]]}},{"type":"Feature","properties":{"code":"5220405"},"geometry":{"type":"Polygon","coordinates":[[[-50.709,-18.995],[-50.678,-19.02],[-50.654,-19.077],[-50.646,-19.135],[-50.587,-19.14],[-50.535,-19.099],[-50.503,-19.047],[-50.495,-19.013],[-50.512,-18.952],[-50.506,-18.932],[-50.473,-18.921],[-50.495,-18.893],[-50.539,-18.911],[-50.566,-18.907],[-50.617,-18.928],[-50.679,-18.913],[-50.682,-18.958],[-50.709,-18.995]]]}},{"type":"Feature","properties":{"code":"5212204"},"geometry":{"type":"Polygon","coordinates":[[[-50.77,-15.928],[-50.764,-15.906],[-50.784,-15.869],[-50.782,-15.844],[-50.807,-15.802],[-50.829,-15.79],[-50.889,-15.785],[-50.944,-15.726],[-51.0,-15.716],[-50.993,-15.729],[-51.003,-15.776],[-51.028,-15.785],[-51.055,-15.825],[-51.049,-15.867],[-51.058,-15.881],[-51.124,-15.903],[-51.127,-15.855],[-51.154,-15.822],[-51.156,-15.798],[-51.212,-15.799],[-51.243,-15.808],[-51.307,-15.769],[-51.356,-15.725],[-51.384,-15.724],[-51.403,-15.685],[-51.43,-15.67],[-51.434,-15.631],[-51.416,-15.614],[-51.387,-15.632],[-51.373,-15.598],[-51.32,-15.624],[-51.243,-15.677],[-51.179,-15.646],[-51.219,-15.605],[-51.244,-15.54],[-51.232,-15.485],[-51.244,-15.491],[-51.285,-15.471],[-51.311,-15.481],[-51.316,-15.412],[-51.302,-15.411],[-51.307,-15.323],[-51.213,-15.308],[-51.231,-15.271],[-51.272,-15.276],[-51.38,-15.244],[-51.388,-15.201],[-51.38,-15.182],[-51.408,-15.122],[-51.397,-15.041],[-51.356,-15.013],[-51.339,-14.975],[-51.35,-14.99],[-51.368,-15.01],[-51.402,-15.003],[-51.431,-15.01],[-51.462,-15.048],[-51.534,-15.065],[-51.547,-15.101],[-51.564,-15.109],[-51.606,-15.162],[-51.647,-15.174],[-51.668,-15.232],[-51.651,-15.273],[-51.677,-15.288],[-51.691,-15.325],[-51.669,-15.374],[-51.696,-15.406],[-51.691,-15.426],[-51.709,-15.462],[-51.699,-15.485],[-51.649,-15.508],[-51.636,-15.524],[-51.644,-15.554],[-51.617,-15.586],[-51.594,-15.588],[-51.582,-15.647],[-51.568,-15.658],[-51.574,-15.706],[-51.535,-15.717],[-51.538,-15.765],[-51.528,-15.812],[-51.498,-15.81],[-51.468,-15.834],[-51.434,-15.845],[-51.433,-15.872],[-51.378,-15.931],[-51.347,-15.928],[-51.258,-15.969],[-51.234,-15.945],[-51.082,-15.979],[-51.069,-15.969],[-51.034,-15.988],[-50.986,-16.03],[-50.963,-16.013],[-50.928,-16.027],[-50.921,-16.051],[-50.887,-16.042],[-50.872,-16.012],[-50.837,-16.01],[-50.815,-16.023],[-50.796,-16.001],[-50.77,-15.928]]]}},{"type":"Feature","properties":{"code":"5220207"},"geometry":{"type":"Polygon","coordinates":[[[-50.611,-13.32],[-50.609,-13.354],[-50.578,-13.386],[-50.593,-13.404],[-50.557,-13.421],[-50.545,-13.458],[-50.52,-13.464],[-50.532,-13.499],[-50.498,-13.551],[-50.469,-13.563],[-50.444,-13.544],[-50.413,-13.543],[-50.385,-13.575],[-50.372,-13.557],[-50.281,-13.543],[-50.256,-13.545],[-50.238,-13.557],[-50.211,-13.533],[-50.171,-13.553],[-50.109,-13.513],[-50.06,-13.525],[-50.003,-13.488],[-49.979,-13.487],[-49.946,-13.46],[-49.901,-13.45],[-49.862,-13.39],[-49.851,-13.327],[-49.818,-13.28],[-49.823,-13.189],[-49.843,-13.152],[-49.909,-12.975],[-49.978,-12.941],[-50.09,-12.908],[-50.185,-12.894],[-50.224,-12.873],[-50.225,-12.86],[-50.286,-12.84],[-50.308,-12.817],[-50.311,-12.792],[-50.296,-12.711],[-50.268,-12.652],[-50.237,-12.624],[-50.245,-12.598],[-50.193,-12.564],[-50.229,-12.532],[-50.215,-12.482],[-50.142,-12.395],[-50.206,-12.445],[-50.254,-12.462],[-50.262,-12.477],[-50.306,-12.492],[-50.334,-12.52],[-50.331,-12.536],[-50.37,-12.558],[-50.386,-12.59],[-50.417,-12.623],[-50.435,-12.658],[-50.432,-12.688],[-50.479,-12.713],[-50.487,-12.745],[-50.475,-12.771],[-50.484,-12.809],[-50.511,-12.861],[-50.514,-12.913],[-50.526,-12.934],[-50.524,-12.971],[-50.549,-12.993],[-50.587,-12.998],[-50.571,-13.034],[-50.58,-13.055],[-50.61,-13.065],[-50.595,-13.097],[-50.605,-13.191],[-50.585,-13.215],[-50.611,-13.32]]]}},{"type":"Feature","properties":{"code":"5203609"},"geometry":{"type":"Polygon","coordinates":[[[-49.422,-16.406],[-49.385,-16.456],[-49.355,-16.455],[-49.322,-16.438],[-49.298,-16.437],[-49.363,-16.382],[-49.368,-16.363],[-49.337,-16.31],[-49.333,-16.287],[-49.378,-16.306],[-49.381,-16.317],[-49.45,-16.379],[-49.422,-16.406]]]}},{"type":"Feature","properties":{"code":"5212006"},"geometry":{"type":"Polygon","coordinates":[[[-50.91,-16.201],[-50.931,-16.174],[-50.965,-16.174],[-50.988,-16.158],[-51.005,-16.123],[-51.051,-16.12],[-51.094,-16.103],[-51.124,-16.064],[-51.145,-16.065],[-51.174,-16.031],[-51.213,-16.031],[-51.203,-16.07],[-51.197,-16.101],[-51.172,-16.126],[-51.164,-16.157],[-51.172,-16.189],[-51.135,-16.228],[-51.118,-16.307],[-51.066,-16.306],[-51.022,-16.273],[-50.996,-16.27],[-50.966,-16.303],[-50.934,-16.31],[-50.927,-16.279],[-50.901,-16.244],[-50.91,-16.201]]]}},{"type":"Feature","properties":{"code":"5203962"},"geometry":{"type":"Polygon","coordinates":[[[-46.432,-14.423],[-46.437,-14.457],[-46.458,-14.478],[-46.426,-14.492],[-46.398,-14.476],[-46.381,-14.445],[-46.334,-14.453],[-46.276,-14.433],[-46.198,-14.454],[-46.173,-14.438],[-46.201,-14.402],[-46.19,-14.324],[-46.196,-14.302],[-46.282,-14.372],[-46.346,-14.372],[-46.367,-14.398],[-46.432,-14.423]]]}},{"type":"Feature","properties":{"code":"5203939"},"geometry":{"type":"Polygon","coordinates":[[[-50.559,-16.2],[-50.53,-16.237],[-50.514,-16.226],[-50.463,-16.262],[-50.458,-16.233],[-50.415,-16.212],[-50.394,-16.16],[-50.37,-16.142],[-50.379,-16.101],[-50.355,-16.078],[-50.421,-16.088],[-50.44,-16.114],[-50.478,-16.12],[-50.489,-16.148],[-50.518,-16.176],[-50.539,-16.176],[-50.559,-16.2]]]}},{"type":"Feature","properties":{"code":"5220280"},"geometry":{"type":"Polygon","coordinates":[[[-49.908,-15.37],[-49.915,-15.383],[-49.862,-15.414],[-49.86,-15.45],[-49.812,-15.451],[-49.786,-15.42],[-49.778,-15.385],[-49.788,-15.362],[-49.757,-15.339],[-49.748,-15.294],[-49.771,-15.288],[-49.831,-15.308],[-49.863,-15.334],[-49.896,-15.325],[-49.908,-15.37]]]}},{"type":"Feature","properties":{"code":"5220264"},"geometry":{"type":"Polygon","coordinates":[[[-48.638,-17.165],[-48.602,-17.131],[-48.573,-17.129],[-48.586,-17.09],[-48.555,-17.057],[-48.531,-17.015],[-48.548,-16.973],[-48.577,-16.955],[-48.596,-16.924],[-48.629,-16.915],[-48.647,-16.886],[-48.687,-16.892],[-48.723,-16.845],[-48.788,-16.837],[-48.8,-16.877],[-48.801,-16.911],[-48.767,-16.942],[-48.78,-16.973],[-48.776,-17.007],[-48.708,-17.049],[-48.709,-17.078],[-48.682,-17.118],[-48.638,-17.135],[-48.638,-17.165]]]}},{"type":"Feature","properties":{"code":"5212055"},"geometry":{"type":"Polygon","coordinates":[[[-49.363,-15.903],[-49.393,-15.906],[-49.468,-15.946],[-49.465,-16.005],[-49.401,-16.015],[-49.365,-16.006],[-49.348,-15.935],[-49.363,-15.903]]]}},{"type":"Feature","properties":{"code":"5204003"},"geometry":{"type":"Polygon","coordinates":[[[-47.137,-15.927],[-47.107,-15.958],[-47.077,-15.958],[-47.056,-15.938],[-46.953,-15.917],[-46.825,-15.886],[-46.806,-15.871],[-46.823,-15.825],[-46.813,-15.787],[-46.828,-15.729],[-46.856,-15.682],[-46.855,-15.618],[-46.883,-15.61],[-46.912,-15.624],[-46.934,-15.65],[-46.962,-15.659],[-46.998,-15.652],[-47.015,-15.62],[-47.02,-15.546],[-47.047,-15.536],[-47.071,-15.556],[-47.103,-15.559],[-47.127,-15.586],[-47.178,-15.599],[-47.161,-15.65],[-47.131,-15.672],[-47.103,-15.738],[-47.119,-15.801],[-47.116,-15.898],[-47.137,-15.927]]]}},{"type":"Feature","properties":{"code":"5203807"},"geometry":{"type":"Polygon","coordinates":[[[-50.927,-15.449],[-50.956,-15.427],[-50.965,-15.371],[-50.976,-15.357],[-51.033,-15.345],[-51.043,-15.306],[-51.065,-15.262],[-51.09,-15.229],[-51.162,-15.216],[-51.178,-15.205],[-51.116,-15.099],[-51.115,-15.053],[-51.147,-15.023],[-51.124,-14.989],[-51.105,-14.939],[-51.087,-14.921],[-51.145,-14.943],[-51.157,-14.986],[-51.208,-15.009],[-51.216,-15.022],[-51.276,-15.044],[-51.295,-15.03],[-51.307,-14.981],[-51.339,-14.975],[-51.356,-15.013],[-51.397,-15.041],[-51.408,-15.122],[-51.38,-15.182],[-51.388,-15.201],[-51.38,-15.244],[-51.272,-15.276],[-51.231,-15.271],[-51.213,-15.308],[-51.307,-15.323],[-51.302,-15.411],[-51.316,-15.412],[-51.311,-15.481],[-51.285,-15.471],[-51.244,-15.491],[-51.232,-15.485],[-51.189,-15.451],[-51.125,-15.421],[-51.12,-15.437],[-50.927,-15.449]]]}},{"type":"Feature","properties":{"code":"5203906"},"geometry":{"type":"Polygon","coordinates":[[[-48.811,-18.235],[-48.819,-18.199],[-48.864,-18.141],[-48.886,-18.089],[-48.91,-18.09],[-48.932,-18.055],[-48.934,-18.025],[-48.96,-17.985],[-49.038,-17.975],[-49.062,-17.949],[-49.106,-17.979],[-49.132,-17.984],[-49.153,-17.969],[-49.175,-17.988],[-49.173,-18.038],[-49.186,-18.081],[-49.203,-18.091],[-49.248,-18.168],[-49.221,-18.176],[-49.184,-18.169],[-49.155,-18.132],[-49.123,-18.107],[-49.101,-18.108],[-49.093,-18.155],[-49.051,-18.199],[-49.011,-18.208],[-48.98,-18.297],[-48.959,-18.323],[-48.918,-18.306],[-48.878,-18.271],[-48.866,-18.296],[-48.824,-18.266],[-48.811,-18.235]]]}},{"type":"Feature","properties":{"code":"5219605"},"geometry":{"type":"Polygon","coordinates":[[[-49.127,-13.682],[-49.137,-13.729],[-49.117,-13.772],[-49.084,-13.749],[-49.057,-13.745],[-49.029,-13.765],[-48.991,-13.742],[-48.971,-13.721],[-48.959,-13.679],[-48.928,-13.668],[-48.922,-13.622],[-48.885,-13.6],[-48.836,-13.53],[-48.833,-13.478],[-48.859,-13.435],[-48.893,-13.424],[-48.895,-13.4],[-48.955,-13.346],[-48.998,-13.399],[-49.01,-13.451],[-49.002,-13.464],[-49.02,-13.506],[-49.062,-13.528],[-49.084,-13.557],[-49.076,-13.576],[-49.095,-13.616],[-49.12,-13.639],[-49.127,-13.682]]]}},{"type":"Feature","properties":{"code":"5219456"},"geometry":{"type":"Polygon","coordinates":[[[-49.135,-14.999],[-49.178,-15.092],[-49.188,-15.135],[-49.159,-15.159],[-49.081,-15.15],[-49.027,-15.078],[-49.005,-15.074],[-48.995,-15.036],[-49.047,-15.001],[-49.043,-14.976],[-48.998,-14.925],[-48.977,-14.889],[-48.945,-14.853],[-48.913,-14.833],[-48.894,-14.782],[-48.891,-14.746],[-48.912,-14.736],[-48.95,-14.681],[-48.991,-14.63],[-48.985,-14.594],[-49.011,-14.575],[-49.04,-14.577],[-49.03,-14.636],[-49.015,-14.67],[-49.037,-14.708],[-49.071,-14.743],[-49.091,-14.729],[-49.15,-14.735],[-49.151,-14.766],[-49.194,-14.768],[-49.187,-14.814],[-49.206,-14.846],[-49.185,-14.86],[-49.205,-14.899],[-49.157,-14.882],[-49.105,-14.853],[-49.09,-14.887],[-49.099,-14.932],[-49.12,-14.947],[-49.135,-14.999]]]}},{"type":"Feature","properties":{"code":"5203203"},"geometry":{"type":"Polygon","coordinates":[[[-48.95,-14.681],[-48.912,-14.736],[-48.891,-14.746],[-48.894,-14.782],[-48.913,-14.833],[-48.945,-14.853],[-48.977,-14.889],[-48.998,-14.925],[-49.043,-14.976],[-49.047,-15.001],[-48.995,-15.036],[-49.005,-15.074],[-49.027,-15.078],[-49.081,-15.15],[-49.038,-15.131],[-48.978,-15.134],[-48.969,-15.161],[-48.909,-15.167],[-48.884,-15.124],[-48.852,-15.088],[-48.855,-15.065],[-48.829,-15.022],[-48.807,-15.005],[-48.806,-14.954],[-48.794,-14.92],[-48.773,-14.908],[-48.757,-14.863],[-48.712,-14.73],[-48.731,-14.707],[-48.727,-14.676],[-48.774,-14.645],[-48.826,-14.686],[-48.872,-14.695],[-48.905,-14.672],[-48.95,-14.681]]]}},{"type":"Feature","properties":{"code":"5219407"},"geometry":{"type":"Polygon","coordinates":[[[-53.242,-17.504],[-53.24,-17.6],[-53.196,-17.61],[-53.163,-17.644],[-53.116,-17.661],[-53.066,-17.664],[-53.179,-17.551],[-53.169,-17.513],[-53.134,-17.503],[-53.114,-17.475],[-53.098,-17.416],[-53.07,-17.371],[-53.045,-17.365],[-52.965,-17.308],[-52.936,-17.307],[-52.886,-17.282],[-52.891,-17.258],[-52.923,-17.22],[-52.916,-17.192],[-52.925,-17.148],[-52.953,-17.117],[-52.97,-17.053],[-52.953,-17.034],[-52.959,-16.973],[-52.909,-16.926],[-52.927,-16.886],[-52.916,-16.867],[-52.929,-16.838],[-52.972,-16.87],[-53.014,-16.864],[-53.019,-16.9],[-53.039,-16.912],[-53.035,-16.942],[-53.054,-16.968],[-53.064,-17.017],[-53.055,-17.064],[-53.089,-17.101],[-53.111,-17.108],[-53.128,-17.155],[-53.155,-17.187],[-53.166,-17.221],[-53.209,-17.316],[-53.197,-17.378],[-53.231,-17.44],[-53.224,-17.458],[-53.242,-17.504]]]}},{"type":"Feature","properties":{"code":"5219506"},"geometry":{"type":"Polygon","coordinates":[[[-49.532,-15.979],[-49.517,-15.997],[-49.539,-16.054],[-49.525,-16.114],[-49.487,-16.131],[-49.447,-16.167],[-49.453,-16.113],[-49.432,-16.056],[-49.401,-16.015],[-49.465,-16.005],[-49.509,-15.973],[-49.532,-15.979]]]}},{"type":"Feature","properties":{"code":"5211404"},"geometry":{"type":"Polygon","coordinates":[[[-49.653,-16.331],[-49.627,-16.314],[-49.621,-16.29],[-49.644,-16.226],[-49.6,-16.225],[-49.548,-16.181],[-49.445,-16.219],[-49.403,-16.194],[-49.41,-16.175],[-49.447,-16.167],[-49.487,-16.131],[-49.525,-16.114],[-49.552,-16.128],[-49.574,-16.102],[-49.642,-16.115],[-49.735,-16.192],[-49.756,-16.231],[-49.738,-16.284],[-49.731,-16.262],[-49.691,-16.27],[-49.666,-16.33],[-49.653,-16.331]]]}},{"type":"Feature","properties":{"code":"5219803"},"geometry":{"type":"Polygon","coordinates":[[[-46.236,-13.708],[-46.256,-13.684],[-46.216,-13.636],[-46.163,-13.604],[-46.2,-13.572],[-46.232,-13.583],[-46.247,-13.522],[-46.225,-13.505],[-46.233,-13.482],[-46.209,-13.466],[-46.232,-13.419],[-46.192,-13.41],[-46.159,-13.381],[-46.136,-13.376],[-46.073,-13.311],[-46.068,-13.295],[-46.103,-13.258],[-46.175,-13.277],[-46.292,-13.317],[-46.306,-13.252],[-46.3,-13.128],[-46.329,-13.1],[-46.299,-13.064],[-46.449,-13.055],[-46.407,-13.123],[-46.377,-13.218],[-46.383,-13.28],[-46.395,-13.312],[-46.384,-13.332],[-46.383,-13.383],[-46.715,-13.385],[-46.749,-13.408],[-46.765,-13.451],[-46.767,-13.497],[-46.782,-13.513],[-46.773,-13.541],[-46.791,-13.591],[-46.816,-13.587],[-46.851,-13.615],[-46.852,-13.632],[-46.8,-13.656],[-46.808,-13.676],[-46.785,-13.703],[-46.837,-13.764],[-46.818,-13.799],[-46.848,-13.819],[-46.825,-13.845],[-46.817,-13.829],[-46.769,-13.815],[-46.759,-13.824],[-46.731,-13.835],[-46.683,-13.815],[-46.641,-13.81],[-46.622,-13.819],[-46.541,-13.794],[-46.496,-13.814],[-46.459,-13.809],[-46.435,-13.782],[-46.413,-13.779],[-46.368,-13.742],[-46.32,-13.72],[-46.301,-13.7],[-46.269,-13.711],[-46.236,-13.708]]]}},{"type":"Feature","properties":{"code":"5219902"},"geometry":{"type":"Polygon","coordinates":[[[-49.15,-16.03],[-49.134,-16.002],[-49.18,-15.959],[-49.197,-15.929],[-49.199,-15.887],[-49.216,-15.857],[-49.265,-15.828],[-49.305,-15.826],[-49.34,-15.857],[-49.344,-15.902],[-49.363,-15.903],[-49.348,-15.935],[-49.365,-16.006],[-49.288,-16.006],[-49.247,-16.044],[-49.228,-16.051],[-49.215,-16.082],[-49.177,-16.084],[-49.15,-16.03]]]}},{"type":"Feature","properties":{"code":"5211305"},"geometry":{"type":"Polygon","coordinates":[[[-50.733,-19.187],[-50.726,-19.164],[-50.769,-19.145],[-50.786,-19.092],[-50.817,-19.073],[-50.849,-19.067],[-50.941,-18.998],[-50.935,-18.978],[-50.959,-18.961],[-50.995,-18.904],[-51.023,-18.898],[-51.077,-18.871],[-51.125,-18.872],[-51.149,-18.821],[-51.207,-18.785],[-51.229,-18.743],[-51.264,-18.73],[-51.307,-18.685],[-51.368,-18.643],[-51.386,-18.622],[-51.411,-18.62],[-51.432,-18.596],[-51.489,-18.574],[-51.53,-18.538],[-51.572,-18.526],[-51.598,-18.503],[-51.64,-18.496],[-51.715,-18.476],[-51.765,-18.476],[-51.797,-18.488],[-51.799,-18.541],[-51.845,-18.571],[-51.927,-18.54],[-51.901,-18.587],[-51.897,-18.633],[-51.872,-18.677],[-51.858,-18.679],[-51.8,-18.724],[-51.767,-18.763],[-51.717,-18.755],[-51.664,-18.782],[-51.596,-18.795],[-51.581,-18.829],[-51.523,-18.852],[-51.481,-18.882],[-51.432,-18.892],[-51.33,-18.951],[-51.3,-18.984],[-51.305,-19.009],[-51.256,-19.031],[-51.226,-19.034],[-51.186,-19.072],[-51.171,-19.063],[-51.125,-19.1],[-51.12,-19.117],[-51.082,-19.12],[-51.031,-19.171],[-50.991,-19.167],[-50.933,-19.224],[-50.905,-19.223],[-50.898,-19.257],[-50.879,-19.284],[-50.828,-19.311],[-50.817,-19.289],[-50.746,-19.24],[-50.74,-19.213],[-50.733,-19.187]]]}},{"type":"Feature","properties":{"code":"5219712"},"geometry":{"type":"Polygon","coordinates":[[[-50.56,-17.596],[-50.546,-17.581],[-50.56,-17.547],[-50.516,-17.522],[-50.525,-17.491],[-50.527,-17.43],[-50.571,-17.407],[-50.59,-17.409],[-50.618,-17.377],[-50.634,-17.404],[-50.655,-17.41],[-50.646,-17.457],[-50.673,-17.483],[-50.73,-17.509],[-50.75,-17.529],[-50.75,-17.582],[-50.709,-17.635],[-50.701,-17.66],[-50.673,-17.657],[-50.637,-17.625],[-50.61,-17.626],[-50.56,-17.596]]]}},{"type":"Feature","properties":{"code":"5219704"},"geometry":{"type":"Polygon","coordinates":[[[-49.635,-14.578],[-49.644,-14.628],[-49.626,-14.675],[-49.566,-14.642],[-49.571,-14.614],[-49.553,-14.589],[-49.538,-14.539],[-49.548,-14.499],[-49.5,-14.463],[-49.473,-14.463],[-49.497,-14.255],[-49.562,-14.233],[-49.564,-14.277],[-49.575,-14.288],[-49.663,-14.301],[-49.697,-14.341],[-49.703,-14.305],[-49.753,-14.286],[-49.769,-14.253],[-49.705,-14.211],[-49.751,-14.164],[-49.733,-14.108],[-49.744,-14.08],[-49.745,-14.046],[-49.796,-14.008],[-49.807,-13.979],[-49.798,-13.961],[-49.819,-13.94],[-49.852,-13.972],[-49.882,-13.985],[-49.874,-14.044],[-49.897,-14.068],[-49.881,-14.098],[-49.837,-14.125],[-49.831,-14.149],[-49.849,-14.177],[-49.817,-14.2],[-49.825,-14.232],[-49.792,-14.306],[-49.8,-14.319],[-49.778,-14.354],[-49.766,-14.406],[-49.728,-14.425],[-49.738,-14.444],[-49.694,-14.466],[-49.66,-14.481],[-49.663,-14.525],[-49.635,-14.578]]]}},{"type":"Feature","properties":{"code":"5203104"},"geometry":{"type":"Polygon","coordinates":[[[-52.197,-16.465],[-52.25,-16.449],[-52.266,-16.434],[-52.238,-16.386],[-52.232,-16.339],[-52.257,-16.345],[-52.321,-16.307],[-52.301,-16.28],[-52.307,-16.25],[-52.271,-16.198],[-52.302,-16.166],[-52.357,-16.13],[-52.361,-16.082],[-52.399,-16.093],[-52.472,-16.127],[-52.549,-16.165],[-52.545,-16.223],[-52.569,-16.234],[-52.546,-16.26],[-52.611,-16.272],[-52.625,-16.287],[-52.659,-16.281],[-52.681,-16.302],[-52.693,-16.366],[-52.675,-16.412],[-52.641,-16.416],[-52.619,-16.446],[-52.606,-16.486],[-52.629,-16.518],[-52.547,-16.552],[-52.507,-16.541],[-52.495,-16.563],[-52.418,-16.541],[-52.406,-16.555],[-52.374,-16.537],[-52.341,-16.544],[-52.336,-16.562],[-52.259,-16.599],[-52.245,-16.579],[-52.197,-16.465]]]}},{"type":"Feature","properties":{"code":"5211602"},"geometry":{"type":"Polygon","coordinates":[[[-51.378,-16.465],[-51.339,-16.509],[-51.312,-16.525],[-51.289,-16.556],[-51.289,-16.6],[-51.26,-16.626],[-51.235,-16.674],[-51.222,-16.73],[-51.228,-16.76],[-51.222,-16.809],[-51.181,-16.842],[-51.15,-16.889],[-51.105,-16.895],[-51.08,-16.941],[-51.056,-16.955],[-51.052,-16.872],[-50.986,-16.828],[-50.959,-16.794],[-50.849,-16.726],[-50.83,-16.685],[-50.812,-16.695],[-50.767,-16.682],[-50.731,-16.586],[-50.792,-16.582],[-50.799,-16.532],[-50.817,-16.51],[-50.847,-16.511],[-50.876,-16.526],[-50.919,-16.527],[-50.941,-16.505],[-50.97,-16.502],[-50.978,-16.477],[-51.002,-16.503],[-50.989,-16.529],[-50.968,-16.531],[-50.947,-16.585],[-50.975,-16.627],[-50.998,-16.633],[-51.037,-16.661],[-51.025,-16.696],[-51.049,-16.749],[-51.053,-16.814],[-51.097,-16.794],[-51.102,-16.732],[-51.123,-16.698],[-51.137,-16.633],[-51.185,-16.645],[-51.215,-16.566],[-51.243,-16.556],[-51.232,-16.505],[-51.265,-16.474],[-51.277,-16.448],[-51.334,-16.477],[-51.362,-16.44],[-51.397,-16.42],[-51.398,-16.441],[-51.378,-16.465]]]}},{"type":"Feature","properties":{"code":"5219753"},"geometry":{"type":"Polygon","coordinates":[[[-48.408,-15.977],[-48.372,-15.998],[-48.365,-16.027],[-48.369,-16.072],[-48.35,-16.119],[-48.353,-16.18],[-48.372,-16.199],[-48.363,-16.242],[-48.329,-16.26],[-48.324,-16.318],[-48.261,-16.315],[-48.241,-16.325],[-48.202,-16.312],[-48.189,-16.25],[-48.174,-16.215],[-48.141,-16.169],[-48.148,-16.096],[-48.101,-16.069],[-48.085,-16.05],[-48.278,-16.05],[-48.251,-15.938],[-48.275,-15.909],[-48.282,-15.831],[-48.313,-15.822],[-48.378,-15.822],[-48.418,-15.913],[-48.422,-15.948],[-48.408,-15.977]]]}},{"type":"Feature","properties":{"code":"5203401"},"geometry":{"type":"Polygon","coordinates":[[[-52.197,-16.465],[-52.125,-16.471],[-52.141,-16.448],[-52.085,-16.392],[-52.041,-16.361],[-52.017,-16.311],[-51.972,-16.297],[-51.959,-16.259],[-51.911,-16.24],[-51.891,-16.197],[-51.904,-16.161],[-51.903,-16.123],[-51.86,-16.09],[-51.83,-16.083],[-51.821,-16.034],[-51.836,-15.982],[-51.862,-15.965],[-51.847,-15.939],[-51.865,-15.912],[-52.036,-15.915],[-52.302,-16.166],[-52.271,-16.198],[-52.307,-16.25],[-52.301,-16.28],[-52.321,-16.307],[-52.257,-16.345],[-52.232,-16.339],[-52.238,-16.386],[-52.266,-16.434],[-52.25,-16.449],[-52.197,-16.465]]]}},{"type":"Feature","properties":{"code":"5211701"},"geometry":{"type":"Polygon","coordinates":[[[-50.148,-17.341],[-50.148,-17.306],[-50.106,-17.243],[-50.099,-17.18],[-50.108,-17.165],[-50.101,-17.128],[-50.069,-17.084],[-50.076,-17.043],[-50.059,-16.994],[-50.039,-16.965],[-50.043,-16.93],[-50.071,-16.917],[-50.1,-16.951],[-50.143,-16.933],[-50.178,-16.934],[-50.227,-16.909],[-50.284,-16.896],[-50.282,-16.971],[-50.299,-17.02],[-50.287,-17.048],[-50.299,-17.104],[-50.274,-17.114],[-50.285,-17.138],[-50.27,-17.156],[-50.297,-17.18],[-50.234,-17.237],[-50.245,-17.271],[-50.238,-17.287],[-50.201,-17.293],[-50.148,-17.341]]]}},{"type":"Feature","properties":{"code":"5219738"},"geometry":{"type":"Polygon","coordinates":[[[-49.328,-16.556],[-49.31,-16.53],[-49.263,-16.516],[-49.25,-16.49],[-49.214,-16.454],[-49.28,-16.399],[-49.298,-16.437],[-49.322,-16.438],[-49.341,-16.471],[-49.362,-16.483],[-49.328,-16.556]]]}},{"type":"Feature","properties":{"code":"5203500"},"geometry":{"type":"Polygon","coordinates":[[[-49.978,-18.364],[-49.944,-18.311],[-49.878,-18.289],[-49.858,-18.261],[-49.816,-18.236],[-49.753,-18.213],[-49.702,-18.244],[-49.7,-18.262],[-49.642,-18.275],[-49.603,-18.304],[-49.563,-18.264],[-49.564,-18.224],[-49.545,-18.218],[-49.55,-18.206],[-49.579,-18.186],[-49.584,-18.145],[-49.631,-18.097],[-49.668,-18.08],[-49.722,-18.091],[-49.783,-18.062],[-49.803,-18.071],[-49.839,-18.035],[-49.835,-18.003],[-49.861,-18.003],[-49.88,-18.032],[-49.901,-18.029],[-49.935,-18.073],[-49.959,-18.075],[-50.0,-18.119],[-50.056,-18.098],[-50.095,-18.114],[-50.161,-18.121],[-50.186,-18.14],[-50.159,-18.16],[-50.126,-18.213],[-50.127,-18.239],[-50.095,-18.249],[-50.116,-18.316],[-50.106,-18.331],[-50.046,-18.385],[-49.978,-18.364]]]}},{"type":"Feature","properties":{"code":"5211503"},"geometry":{"type":"Polygon","coordinates":[[[-49.486,-18.532],[-49.478,-18.564],[-49.456,-18.578],[-49.406,-18.645],[-49.373,-18.635],[-49.343,-18.596],[-49.328,-18.562],[-49.293,-18.564],[-49.286,-18.536],[-49.249,-18.523],[-49.228,-18.479],[-49.201,-18.461],[-49.211,-18.423],[-49.159,-18.417],[-49.126,-18.384],[-49.079,-18.417],[-49.054,-18.403],[-49.03,-18.369],[-49.006,-18.374],[-48.959,-18.323],[-48.98,-18.297],[-49.011,-18.208],[-49.051,-18.199],[-49.093,-18.155],[-49.101,-18.108],[-49.123,-18.107],[-49.155,-18.132],[-49.184,-18.169],[-49.221,-18.176],[-49.248,-18.168],[-49.252,-18.179],[-49.237,-18.218],[-49.286,-18.23],[-49.344,-18.289],[-49.367,-18.292],[-49.406,-18.341],[-49.426,-18.282],[-49.477,-18.271],[-49.509,-18.214],[-49.545,-18.218],[-49.564,-18.224],[-49.563,-18.264],[-49.603,-18.304],[-49.642,-18.275],[-49.7,-18.262],[-49.702,-18.244],[-49.753,-18.213],[-49.816,-18.236],[-49.858,-18.261],[-49.878,-18.289],[-49.944,-18.311],[-49.978,-18.364],[-49.954,-18.353],[-49.921,-18.366],[-49.852,-18.422],[-49.824,-18.495],[-49.773,-18.496],[-49.779,-18.446],[-49.759,-18.425],[-49.76,-18.4],[-49.741,-18.346],[-49.712,-18.409],[-49.627,-18.452],[-49.588,-18.445],[-49.559,-18.422],[-49.507,-18.406],[-49.421,-18.447],[-49.422,-18.525],[-49.443,-18.543],[-49.486,-18.532]]]}},{"type":"Feature","properties":{"code":"5203302"},"geometry":{"type":"Polygon","coordinates":[[[-48.638,-17.165],[-48.638,-17.135],[-48.682,-17.118],[-48.709,-17.078],[-48.708,-17.049],[-48.776,-17.007],[-48.78,-16.973],[-48.767,-16.942],[-48.801,-16.911],[-48.8,-16.877],[-48.788,-16.837],[-48.802,-16.797],[-48.827,-16.797],[-48.83,-16.766],[-48.868,-16.768],[-48.889,-16.796],[-48.934,-16.793],[-48.99,-16.8],[-49.022,-16.827],[-49.067,-16.815],[-49.062,-16.788],[-49.085,-16.772],[-49.154,-16.824],[-49.153,-16.862],[-49.14,-16.889],[-49.117,-16.914],[-49.113,-16.949],[-49.075,-16.957],[-49.058,-16.984],[-49.093,-17.035],[-49.084,-17.061],[-49.055,-17.053],[-49.014,-17.068],[-48.982,-17.092],[-48.923,-17.059],[-48.861,-17.049],[-48.843,-17.067],[-48.8,-17.18],[-48.705,-17.16],[-48.662,-17.177],[-48.638,-17.165]]]}},{"type":"Feature","properties":{"code":"5219100"},"geometry":{"type":"Polygon","coordinates":[[[-49.687,-16.671],[-49.656,-16.663],[-49.654,-16.631],[-49.633,-16.593],[-49.602,-16.569],[-49.64,-16.543],[-49.681,-16.536],[-49.695,-16.522],[-49.73,-16.58],[-49.729,-16.638],[-49.727,-16.671],[-49.687,-16.671]]]}},{"type":"Feature","properties":{"code":"5218904"},"geometry":{"type":"Polygon","coordinates":[[[-50.066,-15.229],[-50.048,-15.222],[-50.006,-15.263],[-49.975,-15.267],[-49.922,-15.246],[-49.896,-15.325],[-49.863,-15.334],[-49.831,-15.308],[-49.771,-15.288],[-49.747,-15.24],[-49.771,-15.229],[-49.667,-15.066],[-49.696,-15.062],[-49.751,-15.084],[-49.767,-15.073],[-49.824,-15.081],[-49.922,-15.094],[-49.957,-15.082],[-50.004,-15.084],[-50.054,-15.123],[-50.037,-15.149],[-50.056,-15.183],[-50.039,-15.198],[-50.066,-15.229]]]}},{"type":"Feature","properties":{"code":"5219001"},"geometry":{"type":"Polygon","coordinates":[[[-50.463,-16.262],[-50.476,-16.275],[-50.503,-16.356],[-50.54,-16.39],[-50.543,-16.471],[-50.538,-16.499],[-50.508,-16.503],[-50.475,-16.433],[-50.461,-16.367],[-50.436,-16.359],[-50.442,-16.334],[-50.409,-16.287],[-50.368,-16.289],[-50.306,-16.325],[-50.293,-16.312],[-50.245,-16.321],[-50.246,-16.349],[-50.214,-16.342],[-50.22,-16.307],[-50.227,-16.283],[-50.212,-16.259],[-50.26,-16.178],[-50.28,-16.158],[-50.311,-16.16],[-50.37,-16.142],[-50.394,-16.16],[-50.415,-16.212],[-50.458,-16.233],[-50.463,-16.262]]]}},{"type":"Feature","properties":{"code":"5210901"},"geometry":{"type":"Polygon","coordinates":[[[-49.608,-15.041],[-49.591,-15.04],[-49.556,-14.994],[-49.506,-15.001],[-49.451,-14.999],[-49.428,-14.971],[-49.409,-14.849],[-49.412,-14.848],[-49.444,-14.865],[-49.475,-14.863],[-49.485,-14.84],[-49.511,-14.838],[-49.528,-14.816],[-49.59,-14.802],[-49.64,-14.823],[-49.646,-14.841],[-49.705,-14.879],[-49.737,-14.914],[-49.755,-14.907],[-49.805,-14.939],[-49.819,-14.933],[-49.813,-14.84],[-49.776,-14.783],[-49.775,-14.755],[-49.824,-14.783],[-49.85,-14.936],[-49.843,-14.968],[-49.859,-14.983],[-49.841,-15.007],[-49.852,-15.049],[-49.824,-15.081],[-49.767,-15.073],[-49.751,-15.084],[-49.696,-15.062],[-49.667,-15.066],[-49.649,-15.048],[-49.608,-15.041]]]}},{"type":"Feature","properties":{"code":"5219308"},"geometry":{"type":"Polygon","coordinates":[[[-50.701,-17.66],[-50.721,-17.699],[-50.783,-17.747],[-50.785,-17.777],[-50.746,-17.83],[-50.675,-17.85],[-50.649,-17.88],[-50.723,-17.952],[-50.7,-17.972],[-50.643,-17.973],[-50.587,-17.983],[-50.525,-17.95],[-50.468,-17.951],[-50.401,-17.929],[-50.344,-17.942],[-50.365,-17.93],[-50.373,-17.893],[-50.423,-17.883],[-50.413,-17.831],[-50.443,-17.792],[-50.423,-17.731],[-50.461,-17.721],[-50.477,-17.66],[-50.519,-17.648],[-50.56,-17.596],[-50.61,-17.626],[-50.637,-17.625],[-50.673,-17.657],[-50.701,-17.66]]]}}]}