fluxo,ano,pais_parceiro,uf_produto,ncm,produto,peso_liquido_kg,valor_fob_usd
Exportação,2022,Alemanha,Pará,03011190,"Outros peixes ornamentais, vivos, de água doce",1210.0,198750.0
Exportação,2022,Alemanha,Pará,03048600,"Filés de arenques (Clupea harengus, Clupea pallasii), congelados",415.0,556.0
Exportação,2022,Alemanha,Pará,03061610,"Camarões de água fria (pandalus spp.) inteiros, congelados",9.0,117.0
Exportação,2022,Antígua e Barbuda,Pará,03024910,"Espadins, marlins, veleiros (Istiophoridae), frescos ou refrigerados",10.0,17.0
Exportação,2022,Bahamas,Pará,03028937,"Pirarucu (Arapaima gigas), fresco ou refrigerado",10.0,44.0
Exportação,2022,Bahamas,Pará,03031300,"Salmão-do-atlântico e salmão-do-danúbio, congelados",10.0,165.0
Exportação,2022,Bahamas,Pará,03049900,"Outras carnes de peixes, frescos, refrigerados ou congelados",262.0,1788.0
Exportação,2022,Bahamas,Pará,03054910,"Bacalhaus (gadus) defumados, mesmo em filés",5.0,70.0
Exportação,2022,Bahamas,Pará,03061790,"Outros camarões, que não inteiros, congelados",25.0,352.0
Exportação,2022,Bahamas,Pará,03063910,"Lagosta de água doce (Cherax quadricarinatus), vivo, fresco ou refrigerado",30.0,796.0
Exportação,2022,Bahamas,Pará,03073900,"Mexilhões (Mytilus spp., Perna spp.), congelados, secos, salgados, etc",5.0,60.0
Exportação,2022,Bolívia,Pará,03028910,"Pargo (Lutjanus purpureus), frescos ou refrigerados",948.0,7722.0
Exportação,2022,Bolívia,Pará,03028938,"Pescadas (cynocion spp.), fresca ou refrigerada",422.0,3175.0
Exportação,2022,Bélgica,Pará,03031300,"Salmão-do-atlântico e salmão-do-danúbio, congelados",10.0,173.0
Exportação,2022,Bélgica,Pará,03063910,"Lagosta de água doce (Cherax quadricarinatus), vivo, fresco ou refrigerado",10.0,168.0
Exportação,2022,Canadá,Pará,03011190,"Outros peixes ornamentais, vivos, de água doce",963.0,64927.0
Exportação,2022,Canadá,Pará,03032490,"Perca-do-nilo e cabeças-de-serpente, congelados",71580.0,284648.0
Exportação,2022,Canadá,Pará,03035990,"Outros peixes congelados, exceto os filés de peixes e outra carne de peixes da posição 03.04",31077.0,145176.0
Exportação,2022,Canadá,Pará,03038920,"Pescadas (Cynoscion spp.), congeladas",78720.0,513470.0
Exportação,2022,Canadá,Pará,03038932,"Pargo (Lutjanus purpureus), congelado",87077.0,610302.0
Exportação,2022,Canadá,Pará,03038961,"Piramutaba (Brachyplatystoma vaillantii), congelado, exceto  filés, outras carnes, etc",690.0,1383.0
Exportação,2022,Canadá,Pará,03038990,"Outros peixes congelados, exceto filés, outras carnes,etc.",97075.0,338825.0
Exportação,2022,Canadá,Pará,03048990,"Outros filés congelados, de peixes",13344.0,73364.0
Exportação,2022,"Cayman, Ilhas",Pará,03048990,"Outros filés congelados, de peixes",13.0,150.0
Exportação,2022,"Cayman, Ilhas",Pará,03049900,"Outras carnes de peixes, frescos, refrigerados ou congelados",20.0,170.0
Exportação,2022,China,Pará,03011190,"Outros peixes ornamentais, vivos, de água doce",3430.0,502591.0
Exportação,2022,China,Pará,03033900,"Outros peixes chatos, congelados, exceto filés, outras carnes, etc",608554.0,1512688.0
Exportação,2022,China,Pará,03038329,"Outras partes de merluza antártica, congeladas",224.0,212.0
Exportação,2022,China,Pará,03038920,"Pescadas (Cynoscion spp.), congeladas",62455.0,172884.0
Exportação,2022,China,Pará,03038990,"Outros peixes congelados, exceto filés, outras carnes,etc.",3644220.0,11114767.0
Exportação,2022,China,Pará,03039990,"Outros subprodutos comestíveis de peixes, congelado",4298.0,6531.0
Exportação,2022,China,Pará,03048600,"Filés de arenques (Clupea harengus, Clupea pallasii), congelados",90.0,107.0
Exportação,2022,China,Pará,03049900,"Outras carnes de peixes, frescos, refrigerados ou congelados",35.0,165.0
Exportação,2022,China,Pará,03057200,"Cabeças, caudas e bexigas natatórias, de peixes",50978.0,933506.0
Exportação,2022,China,Pará,03061190,"Outras lagostas (Palinurus spp., Panulirus spp., Jasus spp.), congeladas, exceto as inteiras",21031.0,344284.0
Exportação,2022,China,Pará,03074310,"Lulas, congeladas",403.0,1411.0
Exportação,2022,China,Pará,03075200,"Polvos (Octopus spp.), congelados",240967.0,830785.0
Exportação,2022,Chipre,Pará,03024910,"Espadins, marlins, veleiros (Istiophoridae), frescos ou refrigerados",10.0,19.0
Exportação,2022,Chipre,Pará,03043900,"Files/outras carnes de outros peixes, frescos, refrigerados ou congelados",20.0,129.0
Exportação,2022,Chipre,Pará,03045900,"Outros filés de peixes, frescos ou refrigerados",449.0,2587.0
Exportação,2022,Chipre,Pará,03048600,"Filés de arenques (Clupea harengus, Clupea pallasii), congelados",150.0,659.0
Exportação,2022,Chipre,Pará,03048990,"Outros filés congelados, de peixes",22.0,281.0
Exportação,2022,Chipre,Pará,03049900,"Outras carnes de peixes, frescos, refrigerados ou congelados",206.0,1571.0
Exportação,2022,Chipre,Pará,03061610,"Camarões de água fria (pandalus spp.) inteiros, congelados",35.0,448.0
Exportação,2022,Chipre,Pará,03061710,"Outros camarões inteiros, congelados",20.0,319.0
Exportação,2022,Colômbia,Pará,03034400,"Albacora-bandolim (Thunnus obesus), congelados, exceto filés, fígados, ovas e sêmen",2.0,61.0
Exportação,2022,Colômbia,Pará,03038990,"Outros peixes congelados, exceto filés, outras carnes,etc.",121457.0,372062.0
Exportação,2022,Colômbia,Pará,03061790,"Outros camarões, que não inteiros, congelados",5.0,57.0
Exportação,2022,Coreia do Sul,Pará,03011190,"Outros peixes ornamentais, vivos, de água doce",268.0,48100.0
Exportação,2022,Coreia do Sul,Pará,03038990,"Outros peixes congelados, exceto filés, outras carnes,etc.",697240.0,2476743.0
Exportação,2022,Coreia do Sul,Pará,03048990,"Outros filés congelados, de peixes",4.0,18.0
Exportação,2022,Espanha,Pará,03011190,"Outros peixes ornamentais, vivos, de água doce",34.0,1379.0
Exportação,2022,Espanha,Pará,03034400,"Albacora-bandolim (Thunnus obesus), congelados, exceto filés, fígados, ovas e sêmen",2.0,62.0
Exportação,2022,Espanha,Pará,03044700,"Filés de cação e outros tubarões, frescos ou refrigerados",5.0,14.0
Exportação,2022,Espanha,Pará,03049900,"Outras carnes de peixes, frescos, refrigerados ou congelados",68.0,179.0
Exportação,2022,Espanha,Pará,03061790,"Outros camarões, que não inteiros, congelados",8.0,97.0
Exportação,2022,Espanha,Pará,03074310,"Lulas, congeladas",8.0,90.0
Exportação,2022,Estados Unidos,Pará,03011190,"Outros peixes ornamentais, vivos, de água doce",5925.0,754736.0
Exportação,2022,Estados Unidos,Pará,03024600,"Bijupira (Rachycentron canadum), fresco ou refrigerado",1563.0,10692.0
Exportação,2022,Estados Unidos,Pará,03028910,"Pargo (Lutjanus purpureus), frescos ou refrigerados",53460.0,424664.0
Exportação,2022,Estados Unidos,Pará,03028922,"Garoupas (acanthistius spp.), fresco ou refrigerado",25043.0,252645.0
Exportação,2022,Estados Unidos,Pará,03028938,"Pescadas (cynocion spp.), fresca ou refrigerada",47134.0,334036.0
Exportação,2022,Estados Unidos,Pará,03028990,Outros peixes frescos ou refrigerados,8364.0,61984.0
Exportação,2022,Estados Unidos,Pará,03035400,"Cavalinhas (Scomber scombrus, Scomber australasicus, Scomber japonicus), congeladas",11370.0,42524.0
Exportação,2022,Estados Unidos,Pará,03038329,"Outras partes de merluza antártica, congeladas",268.0,354.0
Exportação,2022,Estados Unidos,Pará,03038910,"Corvina (Micropogonias furnieri), congelada",34557.0,115952.0
Exportação,2022,Estados Unidos,Pará,03038920,"Pescadas (Cynoscion spp.), congeladas",109935.0,613411.0
Exportação,2022,Estados Unidos,Pará,03038932,"Pargo (Lutjanus purpureus), congelado",2700161.0,22462973.0
Exportação,2022,Estados Unidos,Pará,03038990,"Outros peixes congelados, exceto filés, outras carnes,etc.",1245857.0,6876746.0
Exportação,2022,Estados Unidos,Pará,03039990,"Outros subprodutos comestíveis de peixes, congelado",1357.0,8156.0
Exportação,2022,Estados Unidos,Pará,03044920,"Filé de garoupa (Acanthistius spp), fresco/refrigerado",5441.0,112038.0
Exportação,2022,Estados Unidos,Pará,03044990,"Filés de outros peixes, frescos ou refrigerados",156.0,2865.0
Exportação,2022,Estados Unidos,Pará,03048890,"Filés de cação e outros tubarões, e filés de rais (Rajidae), congelado",19958.0,73924.0
Exportação,2022,Estados Unidos,Pará,03048910,Filé de pargo (Lutjanus purpureus),84632.0,1133501.0
Exportação,2022,Estados Unidos,Pará,03048930,"Filé de garoupa (Acanthistius spp.), congelados",15089.0,230000.0
Exportação,2022,Estados Unidos,Pará,03048990,"Outros filés congelados, de peixes",105815.0,952618.0
Exportação,2022,Estados Unidos,Pará,03057200,"Cabeças, caudas e bexigas natatórias, de peixes",127.0,1150.0
Exportação,2022,Estados Unidos,Pará,03061190,"Outras lagostas (Palinurus spp., Panulirus spp., Jasus spp.), congeladas, exceto as inteiras",10634.0,419124.0
Exportação,2022,Filipinas,Pará,03045900,"Outros filés de peixes, frescos ou refrigerados",80.0,364.0
Exportação,2022,Filipinas,Pará,03048600,"Filés de arenques (Clupea harengus, Clupea pallasii), congelados",80.0,111.0
Exportação,2022,Filipinas,Pará,03061610,"Camarões de água fria (pandalus spp.) inteiros, congelados",10.0,33.0
Exportação,2022,França,Pará,03011190,"Outros peixes ornamentais, vivos, de água doce",158.0,13978.0
Exportação,2022,Gibraltar,Pará,03043900,"Files/outras carnes de outros peixes, frescos, refrigerados ou congelados",20.0,143.0
Exportação,2022,Gibraltar,Pará,03049900,"Outras carnes de peixes, frescos, refrigerados ou congelados",40.0,257.0
Exportação,2022,Grécia,Pará,03048600,"Filés de arenques (Clupea harengus, Clupea pallasii), congelados",3299.0,4247.0
Exportação,2022,Grécia,Pará,03061610,"Camarões de água fria (pandalus spp.) inteiros, congelados",137.0,1536.0
Exportação,2022,Hong Kong,Pará,03011190,"Outros peixes ornamentais, vivos, de água doce",3811.0,660165.0
Exportação,2022,Hong Kong,Pará,03031300,"Salmão-do-atlântico e salmão-do-danúbio, congelados",5.0,72.0
Exportação,2022,Hong Kong,Pará,03043900,"Files/outras carnes de outros peixes, frescos, refrigerados ou congelados",30.0,208.0
Exportação,2022,Hong Kong,Pará,03048990,"Outros filés congelados, de peixes",9.0,63.0
Exportação,2022,Hong Kong,Pará,03049900,"Outras carnes de peixes, frescos, refrigerados ou congelados",229.0,1691.0
Exportação,2022,Hong Kong,Pará,03057200,"Cabeças, caudas e bexigas natatórias, de peixes",563597.0,18538232.0
Exportação,2022,Hong Kong,Pará,03061400,Caranguejos congelados,1.0,13.0
Exportação,2022,Hong Kong,Pará,03061790,"Outros camarões, que não inteiros, congelados",16.0,550.0
Exportação,2022,Hong Kong,Pará,03063910,"Lagosta de água doce (Cherax quadricarinatus), vivo, fresco ou refrigerado",20.0,347.0
Exportação,2022,Hong Kong,Pará,03073900,"Mexilhões (Mytilus spp., Perna spp.), congelados, secos, salgados, etc",10.0,176.0
Exportação,2022,Hong Kong,Pará,03075100,"Polvos (Octopus spp) vivos, frescos ou refrigerados",8.0,144.0
Exportação,2022,Hungria,Pará,03011190,"Outros peixes ornamentais, vivos, de água doce",60.0,3036.0
Exportação,2022,Israel,Pará,03011190,"Outros peixes ornamentais, vivos, de água doce",110.0,11646.0
Exportação,2022,Itália,Pará,03011190,"Outros peixes ornamentais, vivos, de água doce",181.0,36086.0
Exportação,2022,Itália,Pará,03034400,"Albacora-bandolim (Thunnus obesus), congelados, exceto filés, fígados, ovas e sêmen",1.0,46.0
Exportação,2022,Itália,Pará,03038920,"Pescadas (Cynoscion spp.), congeladas",30.0,156.0
Exportação,2022,Itália,Pará,03049900,"Outras carnes de peixes, frescos, refrigerados ou congelados",10.0,72.0
Exportação,2022,Itália,Pará,03069500,Camarões,5.0,83.0
Exportação,2022,Japão,Pará,03011190,"Outros peixes ornamentais, vivos, de água doce",2233.0,257969.0
Exportação,2022,Japão,Pará,03048600,"Filés de arenques (Clupea harengus, Clupea pallasii), congelados",236.0,284.0
Exportação,2022,Japão,Pará,03049900,"Outras carnes de peixes, frescos, refrigerados ou congelados",35.0,56.0
Exportação,2022,Japão,Pará,03061790,"Outros camarões, que não inteiros, congelados",124803.0,1860435.0
Exportação,2022,Japão,Pará,03074310,"Lulas, congeladas",14.0,92.0
Exportação,2022,Jordânia,Pará,03034400,"Albacora-bandolim (Thunnus obesus), congelados, exceto filés, fígados, ovas e sêmen",3.0,153.0
Exportação,2022,Jordânia,Pará,03038920,"Pescadas (Cynoscion spp.), congeladas",50.0,269.0
Exportação,2022,Libéria,Pará,03024400,"Cavalinhas, frescas ou refrigeradas",15.0,71.0
Exportação,2022,Libéria,Pará,03028990,Outros peixes frescos ou refrigerados,85.0,424.0
Exportação,2022,Libéria,Pará,03029900,"Cabeças, caudas, bexigas-natatórias e outros subprodutos comestíveis de peixes",40.0,123.0
Exportação,2022,Libéria,Pará,03031300,"Salmão-do-atlântico e salmão-do-danúbio, congelados",24.0,395.0
Exportação,2022,Libéria,Pará,03032300,"Tilápias (oreochromis spp.), congeladas",74.0,283.0
Exportação,2022,Libéria,Pará,03035300,"Sardinhas (Sardina pilchardus, Sardinops spp., Sardinella spp.), anchoveta (Sprattus sprattus), congeladas",50.0,213.0
Exportação,2022,Libéria,Pará,03035400,"Cavalinhas (Scomber scombrus, Scomber australasicus, Scomber japonicus), congeladas",165.0,834.0
Exportação,2022,Libéria,Pará,03038990,"Outros peixes congelados, exceto filés, outras carnes,etc.",445.0,2256.0
Exportação,2022,Libéria,Pará,03043900,"Files/outras carnes de outros peixes, frescos, refrigerados ou congelados",35.0,312.0
Exportação,2022,Libéria,Pará,03045900,"Outros filés de peixes, frescos ou refrigerados",20.0,316.0
Exportação,2022,Libéria,Pará,03048990,"Outros filés congelados, de peixes",170.0,1167.0
Exportação,2022,Libéria,Pará,03049900,"Outras carnes de peixes, frescos, refrigerados ou congelados",1039.0,7812.0
Exportação,2022,Libéria,Pará,03061710,"Outros camarões inteiros, congelados",25.0,443.0
Exportação,2022,Libéria,Pará,03061790,"Outros camarões, que não inteiros, congelados",30.0,565.0
Exportação,2022,Libéria,Pará,03063910,"Lagosta de água doce (Cherax quadricarinatus), vivo, fresco ou refrigerado",35.0,763.0
Exportação,2022,Libéria,Pará,03069500,Camarões,20.0,400.0
Exportação,2022,Libéria,Pará,03073200,"Mexilhões (Mytilus spp., Perna spp.), congelados",30.0,159.0
Exportação,2022,Libéria,Pará,03073900,"Mexilhões (Mytilus spp., Perna spp.), congelados, secos, salgados, etc",15.0,171.0
Exportação,2022,Libéria,Pará,03074310,"Lulas, congeladas",20.0,183.0
Exportação,2022,Líbano,Pará,03034400,"Albacora-bandolim (Thunnus obesus), congelados, exceto filés, fígados, ovas e sêmen",1.0,30.0
Exportação,2022,Líbano,Pará,03038920,"Pescadas (Cynoscion spp.), congeladas",20.0,94.0
Exportação,2022,Madagascar,Pará,03057200,"Cabeças, caudas e bexigas natatórias, de peixes",300.0,3450.0
Exportação,2022,Malta,Pará,03024210,"Anchoita (Engraulis anchoita), frescas ou refrigeradas",45.0,244.0
Exportação,2022,Malta,Pará,03024910,"Espadins, marlins, veleiros (Istiophoridae), frescos ou refrigerados",65.0,121.0
Exportação,2022,Malta,Pará,03035400,"Cavalinhas (Scomber scombrus, Scomber australasicus, Scomber japonicus), congeladas",35.0,190.0
Exportação,2022,Malta,Pará,03038952,"Tilápias (Tilapia spp., Sarotherodon spp., Danakilia spp.; seus híbridos), congeladas, exceto filés, outras carnes, etc",15.0,77.0
Exportação,2022,Malta,Pará,03038990,"Outros peixes congelados, exceto filés, outras carnes,etc.",102.0,438.0
Exportação,2022,Malta,Pará,03048990,"Outros filés congelados, de peixes",5.0,30.0
Exportação,2022,Malta,Pará,03049900,"Outras carnes de peixes, frescos, refrigerados ou congelados",120.0,795.0
Exportação,2022,Malta,Pará,03061790,"Outros camarões, que não inteiros, congelados",6.0,89.0
Exportação,2022,Malta,Pará,03063910,"Lagosta de água doce (Cherax quadricarinatus), vivo, fresco ou refrigerado",5.0,91.0
Exportação,2022,Malta,Pará,03074310,"Lulas, congeladas",3.0,37.0
Exportação,2022,Malásia,Pará,03011190,"Outros peixes ornamentais, vivos, de água doce",1470.0,161195.0
Exportação,2022,"Marshall, Ilhas",Pará,03024210,"Anchoita (Engraulis anchoita), frescas ou refrigeradas",15.0,93.0
Exportação,2022,"Marshall, Ilhas",Pará,03024300,"Sardinhas (sardina pilchardus, etc), anchoveta, fresca ou refrigerada",10.0,95.0
Exportação,2022,"Marshall, Ilhas",Pará,03024910,"Espadins, marlins, veleiros (Istiophoridae), frescos ou refrigerados",50.0,71.0
Exportação,2022,"Marshall, Ilhas",Pará,03027100,"Tilápias (oreochromis spp.), frescas ou refrigeradas",103.0,564.0
Exportação,2022,"Marshall, Ilhas",Pará,03028937,"Pirarucu (Arapaima gigas), fresco ou refrigerado",10.0,76.0
Exportação,2022,"Marshall, Ilhas",Pará,03031300,"Salmão-do-atlântico e salmão-do-danúbio, congelados",60.0,1009.0
Exportação,2022,"Marshall, Ilhas",Pará,03032300,"Tilápias (oreochromis spp.), congeladas",62.0,310.0
Exportação,2022,"Marshall, Ilhas",Pará,03035300,"Sardinhas (Sardina pilchardus, Sardinops spp., Sardinella spp.), anchoveta (Sprattus sprattus), congeladas",90.0,419.0
Exportação,2022,"Marshall, Ilhas",Pará,03035400,"Cavalinhas (Scomber scombrus, Scomber australasicus, Scomber japonicus), congeladas",204.0,985.0
Exportação,2022,"Marshall, Ilhas",Pará,03038952,"Tilápias (Tilapia spp., Sarotherodon spp., Danakilia spp.; seus híbridos), congeladas, exceto filés, outras carnes, etc",15.0,108.0
Exportação,2022,"Marshall, Ilhas",Pará,03038990,"Outros peixes congelados, exceto filés, outras carnes,etc.",279.0,1341.0
Exportação,2022,"Marshall, Ilhas",Pará,03043900,"Files/outras carnes de outros peixes, frescos, refrigerados ou congelados",76.0,594.0
Exportação,2022,"Marshall, Ilhas",Pará,03048600,"Filés de arenques (Clupea harengus, Clupea pallasii), congelados",100.0,283.0
Exportação,2022,"Marshall, Ilhas",Pará,03048990,"Outros filés congelados, de peixes",80.0,578.0
Exportação,2022,"Marshall, Ilhas",Pará,03049900,"Outras carnes de peixes, frescos, refrigerados ou congelados",2187.0,13530.0
Exportação,2022,"Marshall, Ilhas",Pará,03054910,"Bacalhaus (gadus) defumados, mesmo em filés",10.0,79.0
Exportação,2022,"Marshall, Ilhas",Pará,03061110,"Lagostas (Palinurus spp., Panulirus spp., Jasus spp.) inteiras, congeladas",9.0,246.0
Exportação,2022,"Marshall, Ilhas",Pará,03061400,Caranguejos congelados,15.0,256.0
Exportação,2022,"Marshall, Ilhas",Pará,03061710,"Outros camarões inteiros, congelados",30.0,315.0
Exportação,2022,"Marshall, Ilhas",Pará,03063910,"Lagosta de água doce (Cherax quadricarinatus), vivo, fresco ou refrigerado",172.0,4059.0
Exportação,2022,"Marshall, Ilhas",Pará,03073900,"Mexilhões (Mytilus spp., Perna spp.), congelados, secos, salgados, etc",4.0,49.0
Exportação,2022,"Marshall, Ilhas",Pará,03074310,"Lulas, congeladas",121.0,1101.0
Exportação,2022,Noruega,Pará,03049900,"Outras carnes de peixes, frescos, refrigerados ou congelados",133.0,963.0
Exportação,2022,Noruega,Pará,03063910,"Lagosta de água doce (Cherax quadricarinatus), vivo, fresco ou refrigerado",35.0,670.0
Exportação,2022,Panamá,Pará,03024400,"Cavalinhas, frescas ou refrigeradas",60.0,228.0
Exportação,2022,Panamá,Pará,03028990,Outros peixes frescos ou refrigerados,40.0,247.0
Exportação,2022,Panamá,Pará,03031300,"Salmão-do-atlântico e salmão-do-danúbio, congelados",80.0,1231.0
Exportação,2022,Panamá,Pará,03035300,"Sardinhas (Sardina pilchardus, Sardinops spp., Sardinella spp.), anchoveta (Sprattus sprattus), congeladas",50.0,234.0
Exportação,2022,Panamá,Pará,03035400,"Cavalinhas (Scomber scombrus, Scomber australasicus, Scomber japonicus), congeladas",61.0,294.0
Exportação,2022,Panamá,Pará,03038952,"Tilápias (Tilapia spp., Sarotherodon spp., Danakilia spp.; seus híbridos), congeladas, exceto filés, outras carnes, etc",45.0,209.0
Exportação,2022,Panamá,Pará,03038990,"Outros peixes congelados, exceto filés, outras carnes,etc.",284.0,1276.0
Exportação,2022,Panamá,Pará,03043900,"Files/outras carnes de outros peixes, frescos, refrigerados ou congelados",20.0,174.0
Exportação,2022,Panamá,Pará,03045900,"Outros filés de peixes, frescos ou refrigerados",140.0,1071.0
Exportação,2022,Panamá,Pará,03048990,"Outros filés congelados, de peixes",80.0,737.0
Exportação,2022,Panamá,Pará,03049900,"Outras carnes de peixes, frescos, refrigerados ou congelados",921.0,6335.0
Exportação,2022,Panamá,Pará,03054910,"Bacalhaus (gadus) defumados, mesmo em filés",25.0,419.0
Exportação,2022,Panamá,Pará,03061400,Caranguejos congelados,5.0,79.0
Exportação,2022,Panamá,Pará,03061710,"Outros camarões inteiros, congelados",45.0,804.0
Exportação,2022,Panamá,Pará,03061790,"Outros camarões, que não inteiros, congelados",7.0,101.0
Exportação,2022,Panamá,Pará,03063910,"Lagosta de água doce (Cherax quadricarinatus), vivo, fresco ou refrigerado",49.0,887.0
Exportação,2022,Panamá,Pará,03073200,"Mexilhões (Mytilus spp., Perna spp.), congelados",40.0,271.0
Exportação,2022,Panamá,Pará,03074310,"Lulas, congeladas",26.0,357.0
Exportação,2022,Panamá,Pará,03075100,"Polvos (Octopus spp) vivos, frescos ou refrigerados",20.0,344.0
Exportação,2022,Paquistão,Pará,03049900,"Outras carnes de peixes, frescos, refrigerados ou congelados",100.0,762.0
Exportação,2022,Países Baixos (Holanda),Pará,03011190,"Outros peixes ornamentais, vivos, de água doce",304.0,38671.0
Exportação,2022,Países Baixos (Holanda),Pará,03038920,"Pescadas (Cynoscion spp.), congeladas",30.0,157.0
Exportação,2022,Países Baixos (Holanda),Pará,03049900,"Outras carnes de peixes, frescos, refrigerados ou congelados",30.0,266.0
Exportação,2022,Polônia,Pará,03011190,"Outros peixes ornamentais, vivos, de água doce",53.0,7981.0
Exportação,2022,Porto Rico,Pará,03038932,"Pargo (Lutjanus purpureus), congelado",175814.0,1656925.0
Exportação,2022,Porto Rico,Pará,03061190,"Outras lagostas (Palinurus spp., Panulirus spp., Jasus spp.), congeladas, exceto as inteiras",4949.0,240074.0
Exportação,2022,Portugal,Pará,03011190,"Outros peixes ornamentais, vivos, de água doce",104.0,5748.0
Exportação,2022,Portugal,Pará,03035300,"Sardinhas (Sardina pilchardus, Sardinops spp., Sardinella spp.), anchoveta (Sprattus sprattus), congeladas",10.0,45.0
Exportação,2022,Portugal,Pará,03035400,"Cavalinhas (Scomber scombrus, Scomber australasicus, Scomber japonicus), congeladas",111.0,801.0
Exportação,2022,Portugal,Pará,03038990,"Outros peixes congelados, exceto filés, outras carnes,etc.",371.0,2732.0
Exportação,2022,Portugal,Pará,03048990,"Outros filés congelados, de peixes",10.0,77.0
Exportação,2022,Portugal,Pará,03049900,"Outras carnes de peixes, frescos, refrigerados ou congelados",130.0,781.0
Exportação,2022,Portugal,Pará,03074310,"Lulas, congeladas",20.0,338.0
Exportação,2022,Reino Unido,Pará,03011190,"Outros peixes ornamentais, vivos, de água doce",1672.0,153246.0
Exportação,2022,Reino Unido,Pará,03031300,"Salmão-do-atlântico e salmão-do-danúbio, congelados",30.0,492.0
Exportação,2022,Reino Unido,Pará,03048600,"Filés de arenques (Clupea harengus, Clupea pallasii), congelados",361.0,446.0
Exportação,2022,Reino Unido,Pará,03048990,"Outros filés congelados, de peixes",20.0,97.0
Exportação,2022,Reino Unido,Pará,03049900,"Outras carnes de peixes, frescos, refrigerados ou congelados",40.0,245.0
Exportação,2022,República Dominicana,Pará,03038932,"Pargo (Lutjanus purpureus), congelado",113488.0,923461.0
Exportação,2022,República Dominicana,Pará,03038990,"Outros peixes congelados, exceto filés, outras carnes,etc.",11036.0,81342.0
Exportação,2022,Rússia,Pará,03024910,"Espadins, marlins, veleiros (Istiophoridae), frescos ou refrigerados",20.0,37.0
Exportação,2022,Singapura,Pará,03011190,"Outros peixes ornamentais, vivos, de água doce",1413.0,224331.0
Exportação,2022,Singapura,Pará,03024910,"Espadins, marlins, veleiros (Istiophoridae), frescos ou refrigerados",10.0,19.0
Exportação,2022,Singapura,Pará,03028937,"Pirarucu (Arapaima gigas), fresco ou refrigerado",3.0,24.0
Exportação,2022,Singapura,Pará,03045900,"Outros filés de peixes, frescos ou refrigerados",500.0,2964.0
Exportação,2022,Singapura,Pará,03048990,"Outros filés congelados, de peixes",10.0,94.0
Exportação,2022,Singapura,Pará,03049900,"Outras carnes de peixes, frescos, refrigerados ou congelados",273.0,1620.0
Exportação,2022,Singapura,Pará,03061710,"Outros camarões inteiros, congelados",15.0,255.0
Exportação,2022,Singapura,Pará,03063910,"Lagosta de água doce (Cherax quadricarinatus), vivo, fresco ou refrigerado",32.0,753.0
Exportação,2022,Singapura,Pará,03073900,"Mexilhões (Mytilus spp., Perna spp.), congelados, secos, salgados, etc",10.0,104.0
Exportação,2022,Suriname,Pará,03038190,"Outros tubarões, congelados",19000.0,12217.0
Exportação,2022,Suriname,Pará,03038910,"Corvina (Micropogonias furnieri), congelada",32482.0,113624.0
Exportação,2022,Suriname,Pará,03038920,"Pescadas (Cynoscion spp.), congeladas",105713.0,399969.0
Exportação,2022,Suriname,Pará,03038954,"Traíra (Hoplias malabaricus e H. cf. lacerdae) (congeladas), exceto filés, outras carnes, etc",10.0,23.0
Exportação,2022,Suriname,Pará,03038990,"Outros peixes congelados, exceto filés, outras carnes,etc.",74843.0,272605.0
Exportação,2022,Suriname,Pará,03057200,"Cabeças, caudas e bexigas natatórias, de peixes",290.0,3761.0
Exportação,2022,Suécia,Pará,03011190,"Outros peixes ornamentais, vivos, de água doce",79.0,11072.0
Exportação,2022,Tailândia,Pará,03043900,"Files/outras carnes de outros peixes, frescos, refrigerados ou congelados",20.0,162.0
Exportação,2022,Tailândia,Pará,03049900,"Outras carnes de peixes, frescos, refrigerados ou congelados",41.0,317.0
Exportação,2022,Tailândia,Pará,03063910,"Lagosta de água doce (Cherax quadricarinatus), vivo, fresco ou refrigerado",20.0,647.0
Exportação,2022,Taiwan (Formosa),Pará,03011190,"Outros peixes ornamentais, vivos, de água doce",5290.0,747283.0
Exportação,2022,Turquia,Pará,03034400,"Albacora-bandolim (Thunnus obesus), congelados, exceto filés, fígados, ovas e sêmen",2.0,105.0
Exportação,2022,Turquia,Pará,03038962,"Dourada (Brachyplatystoma flavicans), congeladas, exceto filés, outras carnes, etc.",50.0,396.0
Exportação,2022,Turquia,Pará,03045900,"Outros filés de peixes, frescos ou refrigerados",160.0,722.0
Exportação,2022,Turquia,Pará,03061710,"Outros camarões inteiros, congelados",30.0,483.0
Exportação,2022,Áustria,Pará,03011190,"Outros peixes ornamentais, vivos, de água doce",127.0,15133.0
Exportação,2023,Alemanha,Pará,03011190,"Outros peixes ornamentais, vivos, de água doce",1279.0,151170.0
Exportação,2023,Alemanha,Pará,03048600,"Filés de arenques (Clupea harengus, Clupea pallasii), congelados",1991.0,4221.0
Exportação,2023,Alemanha,Pará,03061610,"Camarões de água fria (pandalus spp.) inteiros, congelados",20.0,268.0
Exportação,2023,Argélia,Pará,03034400,"Albacora-bandolim (Thunnus obesus), congelados, exceto filés, fígados, ovas e sêmen",1.0,31.0
Exportação,2023,Argélia,Pará,03038962,"Dourada (Brachyplatystoma flavicans), congeladas, exceto filés, outras carnes, etc.",90.0,526.0
Exportação,2023,Bahamas,Pará,03027290,Outros bagres frescos ou refrigerados,10.0,77.0
Exportação,2023,Bahamas,Pará,03031300,"Salmão-do-atlântico e salmão-do-danúbio, congelados",10.0,216.0
Exportação,2023,Bahamas,Pará,03038990,"Outros peixes congelados, exceto filés, outras carnes,etc.",20.0,177.0
Exportação,2023,Bahamas,Pará,03046290,"Outros filés de peixes, congelados",10.0,112.0
Exportação,2023,Bahamas,Pará,03048990,"Outros filés congelados, de peixes",35.0,357.0
Exportação,2023,Bahamas,Pará,03049900,"Outras carnes de peixes, frescos, refrigerados ou congelados",435.0,2951.0
Exportação,2023,Bahamas,Pará,03054910,"Bacalhaus (gadus) defumados, mesmo em filés",20.0,171.0
Exportação,2023,Bahamas,Pará,03063910,"Lagosta de água doce (Cherax quadricarinatus), vivo, fresco ou refrigerado",40.0,967.0
Exportação,2023,Bahamas,Pará,03073900,"Mexilhões (Mytilus spp., Perna spp.), congelados, secos, salgados, etc",10.0,170.0
Exportação,2023,Bahamas,Pará,03074310,"Lulas, congeladas",6.0,118.0
Exportação,2023,Barbados,Pará,03035300,"Sardinhas (Sardina pilchardus, Sardinops spp., Sardinella spp.), anchoveta (Sprattus sprattus), congeladas",25.0,180.0
Exportação,2023,Barbados,Pará,03035400,"Cavalinhas (Scomber scombrus, Scomber australasicus, Scomber japonicus), congeladas",10.0,78.0
Exportação,2023,Barbados,Pará,03038990,"Outros peixes congelados, exceto filés, outras carnes,etc.",6430.0,33357.0
Exportação,2023,Barbados,Pará,03047400,"Filés de merluzas e abroteas, congelados",10.0,80.0
Exportação,2023,Barbados,Pará,03049900,"Outras carnes de peixes, frescos, refrigerados ou congelados",30.0,230.0
Exportação,2023,Barein,Pará,03049900,"Outras carnes de peixes, frescos, refrigerados ou congelados",50.0,301.0
Exportação,2023,Barein,Pará,03073900,"Mexilhões (Mytilus spp., Perna spp.), congelados, secos, salgados, etc",5.0,56.0
Exportação,2023,Bulgária,Pará,03011190,"Outros peixes ornamentais, vivos, de água doce",55.0,8874.0
Exportação,2023,Bélgica,Pará,03031300,"Salmão-do-atlântico e salmão-do-danúbio, congelados",15.0,352.0
Exportação,2023,Bélgica,Pará,03049900,"Outras carnes de peixes, frescos, refrigerados ou congelados",16.0,146.0
Exportação,2023,Bélgica,Pará,03063910,"Lagosta de água doce (Cherax quadricarinatus), vivo, fresco ou refrigerado",12.0,278.0
Exportação,2023,Bélgica,Pará,03075100,"Polvos (Octopus spp) vivos, frescos ou refrigerados",5.0,99.0
Exportação,2023,Canadá,Pará,03011190,"Outros peixes ornamentais, vivos, de água doce",782.0,51763.0
Exportação,2023,Canadá,Pará,03032490,"Perca-do-nilo e cabeças-de-serpente, congelados",65919.0,371706.0
Exportação,2023,Canadá,Pará,03038920,"Pescadas (Cynoscion spp.), congeladas",40.0,200.0
Exportação,2023,Canadá,Pará,03038932,"Pargo (Lutjanus purpureus), congelado",67459.0,552257.0
Exportação,2023,Canadá,Pará,03038961,"Piramutaba (Brachyplatystoma vaillantii), congelado, exceto  filés, outras carnes, etc",599.0,1584.0
Exportação,2023,Canadá,Pará,03038990,"Outros peixes congelados, exceto filés, outras carnes,etc.",135697.0,639824.0
Exportação,2023,Canadá,Pará,03048990,"Outros filés congelados, de peixes",15216.0,111860.0
Exportação,2023,China,Pará,03011190,"Outros peixes ornamentais, vivos, de água doce",3629.0,400536.0
Exportação,2023,China,Pará,03024910,"Espadins, marlins, veleiros (Istiophoridae), frescos ou refrigerados",10.0,16.0
Exportação,2023,China,Pará,03033900,"Outros peixes chatos, congelados, exceto filés, outras carnes, etc",755353.0,1965973.0
Exportação,2023,China,Pará,03034200,"Albacora-laje (Thunnus albacares), congeladas, exceto filés, etc",58537.0,173683.0
Exportação,2023,China,Pará,03038920,"Pescadas (Cynoscion spp.), congeladas",25041.0,132345.0
Exportação,2023,China,Pará,03038990,"Outros peixes congelados, exceto filés, outras carnes,etc.",1949049.0,6927964.0
Exportação,2023,China,Pará,03043900,"Files/outras carnes de outros peixes, frescos, refrigerados ou congelados",560.0,1512.0
Exportação,2023,China,Pará,03049900,"Outras carnes de peixes, frescos, refrigerados ou congelados",20.0,92.0
Exportação,2023,China,Pará,03057200,"Cabeças, caudas e bexigas natatórias, de peixes",50556.0,984629.0
Exportação,2023,China,Pará,03061110,"Lagostas (Palinurus spp., Panulirus spp., Jasus spp.) inteiras, congeladas",2260.0,42396.0
Exportação,2023,China,Pará,03061710,"Outros camarões inteiros, congelados",10.0,115.0
Exportação,2023,Chipre,Pará,03028937,"Pirarucu (Arapaima gigas), fresco ou refrigerado",5.0,34.0
Exportação,2023,Chipre,Pará,03035300,"Sardinhas (Sardina pilchardus, Sardinops spp., Sardinella spp.), anchoveta (Sprattus sprattus), congeladas",15.0,91.0
Exportação,2023,Chipre,Pará,03038990,"Outros peixes congelados, exceto filés, outras carnes,etc.",68.0,431.0
Exportação,2023,Chipre,Pará,03043900,"Files/outras carnes de outros peixes, frescos, refrigerados ou congelados",80.0,614.0
Exportação,2023,Chipre,Pará,03045900,"Outros filés de peixes, frescos ou refrigerados",202.0,981.0
Exportação,2023,Chipre,Pará,03049900,"Outras carnes de peixes, frescos, refrigerados ou congelados",541.0,3756.0
Exportação,2023,Chipre,Pará,03061710,"Outros camarões inteiros, congelados",10.0,194.0
Exportação,2023,Chipre,Pará,03069500,Camarões,12.0,202.0
Exportação,2023,Coreia do Sul,Pará,03011190,"Outros peixes ornamentais, vivos, de água doce",264.0,42035.0
Exportação,2023,Coreia do Sul,Pará,03038920,"Pescadas (Cynoscion spp.), congeladas",23800.0,98133.0
Exportação,2023,Coreia do Sul,Pará,03038990,"Outros peixes congelados, exceto filés, outras carnes,etc.",668490.0,2545846.0
Exportação,2023,Coveite (Kuweit),Pará,03023300,"Bonitos-listrados, etc, frescos, refrigerados, exceto filés, etc.",20.0,98.0
Exportação,2023,Coveite (Kuweit),Pará,03035400,"Cavalinhas (Scomber scombrus, Scomber australasicus, Scomber japonicus), congeladas",20.0,157.0
Exportação,2023,Coveite (Kuweit),Pará,03046290,"Outros filés de peixes, congelados",20.0,181.0
Exportação,2023,Coveite (Kuweit),Pará,03049900,"Outras carnes de peixes, frescos, refrigerados ou congelados",70.0,425.0
Exportação,2023,Coveite (Kuweit),Pará,03061710,"Outros camarões inteiros, congelados",10.0,114.0
Exportação,2023,Curaçao,Pará,03038932,"Pargo (Lutjanus purpureus), congelado",20096.0,112945.0
Exportação,2023,Curaçao,Pará,03038990,"Outros peixes congelados, exceto filés, outras carnes,etc.",18109.0,98700.0
Exportação,2023,Dinamarca,Pará,03038990,"Outros peixes congelados, exceto filés, outras carnes,etc.",55.0,316.0
Exportação,2023,Dinamarca,Pará,03049900,"Outras carnes de peixes, frescos, refrigerados ou congelados",50.0,231.0
Exportação,2023,Dinamarca,Pará,03073900,"Mexilhões (Mytilus spp., Perna spp.), congelados, secos, salgados, etc",20.0,222.0
Exportação,2023,Dinamarca,Pará,03074310,"Lulas, congeladas",6.0,76.0
Exportação,2023,Emirados Árabes Unidos,Pará,03045900,"Outros filés de peixes, frescos ou refrigerados",300.0,1936.0
Exportação,2023,Emirados Árabes Unidos,Pará,03048600,"Filés de arenques (Clupea harengus, Clupea pallasii), congelados",79.0,251.0
Exportação,2023,Emirados Árabes Unidos,Pará,03061710,"Outros camarões inteiros, congelados",10.0,191.0
Exportação,2023,Espanha,Pará,03011190,"Outros peixes ornamentais, vivos, de água doce",36.0,19875.0
Exportação,2023,Espanha,Pará,03034400,"Albacora-bandolim (Thunnus obesus), congelados, exceto filés, fígados, ovas e sêmen",1.0,32.0
Exportação,2023,Espanha,Pará,03049900,"Outras carnes de peixes, frescos, refrigerados ou congelados",30.0,152.0
Exportação,2023,Estados Unidos,Pará,03011190,"Outros peixes ornamentais, vivos, de água doce",4087.0,453634.0
Exportação,2023,Estados Unidos,Pará,03024600,"Bijupira (Rachycentron canadum), fresco ou refrigerado",1568.0,10838.0
Exportação,2023,Estados Unidos,Pará,03028910,"Pargo (Lutjanus purpureus), frescos ou refrigerados",49438.0,396849.0
Exportação,2023,Estados Unidos,Pará,03028922,"Garoupas (acanthistius spp.), fresco ou refrigerado",26465.0,234953.0
Exportação,2023,Estados Unidos,Pará,03028938,"Pescadas (cynocion spp.), fresca ou refrigerada",24840.0,170546.0
Exportação,2023,Estados Unidos,Pará,03028990,Outros peixes frescos ou refrigerados,9961.0,68403.0
Exportação,2023,Estados Unidos,Pará,03035400,"Cavalinhas (Scomber scombrus, Scomber australasicus, Scomber japonicus), congeladas",110910.0,412636.0
Exportação,2023,Estados Unidos,Pará,03035990,"Outros peixes congelados, exceto os filés de peixes e outra carne de peixes da posição 03.04",5716.0,30250.0
Exportação,2023,Estados Unidos,Pará,03036990,"Outros peixes congelados, exceto filé e outras carnes",185.0,966.0
Exportação,2023,Estados Unidos,Pará,03038920,"Pescadas (Cynoscion spp.), congeladas",98661.0,459260.0
Exportação,2023,Estados Unidos,Pará,03038932,"Pargo (Lutjanus purpureus), congelado",2569862.0,20832092.0
Exportação,2023,Estados Unidos,Pará,03038954,"Traíra (Hoplias malabaricus e H. cf. lacerdae) (congeladas), exceto filés, outras carnes, etc",289.0,983.0
Exportação,2023,Estados Unidos,Pará,03038990,"Outros peixes congelados, exceto filés, outras carnes,etc.",1441031.0,7369316.0
Exportação,2023,Estados Unidos,Pará,03039990,"Outros subprodutos comestíveis de peixes, congelado",669.0,882.0
Exportação,2023,Estados Unidos,Pará,03044920,"Filé de garoupa (Acanthistius spp), fresco/refrigerado",6641.0,140858.0
Exportação,2023,Estados Unidos,Pará,03044990,"Filés de outros peixes, frescos ou refrigerados",15.0,347.0
Exportação,2023,Estados Unidos,Pará,03048600,"Filés de arenques (Clupea harengus, Clupea pallasii), congelados",225.0,735.0
Exportação,2023,Estados Unidos,Pará,03048910,Filé de pargo (Lutjanus purpureus),114410.0,1621315.0
Exportação,2023,Estados Unidos,Pará,03048930,"Filé de garoupa (Acanthistius spp.), congelados",40825.0,675960.0
Exportação,2023,Estados Unidos,Pará,03048990,"Outros filés congelados, de peixes",175179.0,1763337.0
Exportação,2023,Estados Unidos,Pará,03061190,"Outras lagostas (Palinurus spp., Panulirus spp., Jasus spp.), congeladas, exceto as inteiras",33194.0,1174552.0
Exportação,2023,Filipinas,Pará,03024910,"Espadins, marlins, veleiros (Istiophoridae), frescos ou refrigerados",10.0,16.0
Exportação,2023,Filipinas,Pará,03034900,"Outros atuns congelados, exceto filés, outras carnes, fígados, etc",18.0,146.0
Exportação,2023,Filipinas,Pará,03035400,"Cavalinhas (Scomber scombrus, Scomber australasicus, Scomber japonicus), congeladas",27.0,172.0
Exportação,2023,Filipinas,Pará,03045100,"Filés de tilápia, bagre, carpa, enguias, fresco ou refrigerado",21.0,231.0
Exportação,2023,Filipinas,Pará,03061790,"Outros camarões, que não inteiros, congelados",5.0,100.0
Exportação,2023,Filipinas,Pará,03074310,"Lulas, congeladas",5.0,71.0
Exportação,2023,França,Pará,03011190,"Outros peixes ornamentais, vivos, de água doce",40.0,3951.0
Exportação,2023,Grécia,Pará,03038990,"Outros peixes congelados, exceto filés, outras carnes,etc.",20.0,135.0
Exportação,2023,Grécia,Pará,03045900,"Outros filés de peixes, frescos ou refrigerados",490.0,2285.0
Exportação,2023,Grécia,Pará,03047400,"Filés de merluzas e abroteas, congelados",10.0,82.0
Exportação,2023,Grécia,Pará,03048600,"Filés de arenques (Clupea harengus, Clupea pallasii), congelados",4864.0,10374.0
Exportação,2023,Grécia,Pará,03049900,"Outras carnes de peixes, frescos, refrigerados ou congelados",30.0,181.0
Exportação,2023,Grécia,Pará,03061610,"Camarões de água fria (pandalus spp.) inteiros, congelados",3.0,95.0
Exportação,2023,Grécia,Pará,03061710,"Outros camarões inteiros, congelados",70.0,1315.0
Exportação,2023,Hong Kong,Pará,03011190,"Outros peixes ornamentais, vivos, de água doce",5267.0,625737.0
Exportação,2023,Hong Kong,Pará,03024910,"Espadins, marlins, veleiros (Istiophoridae), frescos ou refrigerados",61.0,122.0
Exportação,2023,Hong Kong,Pará,03027290,Outros bagres frescos ou refrigerados,20.0,77.0
Exportação,2023,Hong Kong,Pará,03028936,"Tainhas (mugil spp), fresco ou refrigerado",10.0,44.0
Exportação,2023,Hong Kong,Pará,03028937,"Pirarucu (Arapaima gigas), fresco ou refrigerado",3.0,48.0
Exportação,2023,Hong Kong,Pará,03031300,"Salmão-do-atlântico e salmão-do-danúbio, congelados",90.0,1948.0
Exportação,2023,Hong Kong,Pará,03033900,"Outros peixes chatos, congelados, exceto filés, outras carnes, etc",65.0,530.0
Exportação,2023,Hong Kong,Pará,03034900,"Outros atuns congelados, exceto filés, outras carnes, fígados, etc",30.0,226.0
Exportação,2023,Hong Kong,Pará,03035300,"Sardinhas (Sardina pilchardus, Sardinops spp., Sardinella spp.), anchoveta (Sprattus sprattus), congeladas",15.0,125.0
Exportação,2023,Hong Kong,Pará,03038910,"Corvina (Micropogonias furnieri), congelada",5.0,32.0
Exportação,2023,Hong Kong,Pará,03038961,"Piramutaba (Brachyplatystoma vaillantii), congelado, exceto  filés, outras carnes, etc",15.0,102.0
Exportação,2023,Hong Kong,Pará,03038964,"Tambaqui (Colossoma macropomum) congelado, exceto filés, outras carnes, etc",5.0,22.0
Exportação,2023,Hong Kong,Pará,03038990,"Outros peixes congelados, exceto filés, outras carnes,etc.",78.0,460.0
Exportação,2023,Hong Kong,Pará,03043290,"Filés de outros bagres, frescos, refrigerados ou congelados",21.0,224.0
Exportação,2023,Hong Kong,Pará,03043900,"Files/outras carnes de outros peixes, frescos, refrigerados ou congelados",40.0,313.0
Exportação,2023,Hong Kong,Pará,03045100,"Filés de tilápia, bagre, carpa, enguias, fresco ou refrigerado",30.0,240.0
Exportação,2023,Hong Kong,Pará,03048990,"Outros filés congelados, de peixes",35.0,369.0
Exportação,2023,Hong Kong,Pará,03049900,"Outras carnes de peixes, frescos, refrigerados ou congelados",605.0,4451.0
Exportação,2023,Hong Kong,Pará,03057200,"Cabeças, caudas e bexigas natatórias, de peixes",539884.0,15142176.0
Exportação,2023,Hong Kong,Pará,03061790,"Outros camarões, que não inteiros, congelados",15.0,438.0
Exportação,2023,Hong Kong,Pará,03063910,"Lagosta de água doce (Cherax quadricarinatus), vivo, fresco ou refrigerado",18.0,490.0
Exportação,2023,Hong Kong,Pará,03073200,"Mexilhões (Mytilus spp., Perna spp.), congelados",10.0,69.0
Exportação,2023,Hong Kong,Pará,03073900,"Mexilhões (Mytilus spp., Perna spp.), congelados, secos, salgados, etc",20.0,390.0
Exportação,2023,Hong Kong,Pará,03074310,"Lulas, congeladas",55.0,825.0
Exportação,2023,Hungria,Pará,03011190,"Outros peixes ornamentais, vivos, de água doce",10.0,1522.0
Exportação,2023,Indonésia,Pará,03011190,"Outros peixes ornamentais, vivos, de água doce",23.0,3134.0
Exportação,2023,Israel,Pará,03011190,"Outros peixes ornamentais, vivos, de água doce",21.0,5363.0
Exportação,2023,Itália,Pará,03011190,"Outros peixes ornamentais, vivos, de água doce",30.0,1286.0
Exportação,2023,Japão,Pará,03011190,"Outros peixes ornamentais, vivos, de água doce",1656.0,222524.0
Exportação,2023,Japão,Pará,03048600,"Filés de arenques (Clupea harengus, Clupea pallasii), congelados",30.0,38.0
Exportação,2023,Japão,Pará,03061790,"Outros camarões, que não inteiros, congelados",95518.0,1498599.0
Exportação,2023,Jordânia,Pará,03034400,"Albacora-bandolim (Thunnus obesus), congelados, exceto filés, fígados, ovas e sêmen",2.0,62.0
Exportação,2023,Jordânia,Pará,03038920,"Pescadas (Cynoscion spp.), congeladas",80.0,463.0
Exportação,2023,Jordânia,Pará,03038962,"Dourada (Brachyplatystoma flavicans), congeladas, exceto filés, outras carnes, etc.",100.0,608.0
Exportação,2023,Jordânia,Pará,03069500,Camarões,60.0,729.0
Exportação,2023,Letônia,Pará,03048600,"Filés de arenques (Clupea harengus, Clupea pallasii), congelados",63.0,168.0
Exportação,2023,Libéria,Pará,03024210,"Anchoita (Engraulis anchoita), frescas ou refrigeradas",45.0,330.0
Exportação,2023,Libéria,Pará,03024400,"Cavalinhas, frescas ou refrigeradas",30.0,236.0
Exportação,2023,Libéria,Pará,03024910,"Espadins, marlins, veleiros (Istiophoridae), frescos ou refrigerados",45.0,62.0
Exportação,2023,Libéria,Pará,03027290,Outros bagres frescos ou refrigerados,95.0,441.0
Exportação,2023,Libéria,Pará,03028935,"Piaus (leporinus spp.), fresco ou refrigerado",90.0,292.0
Exportação,2023,Libéria,Pará,03028937,"Pirarucu (Arapaima gigas), fresco ou refrigerado",10.0,68.0
Exportação,2023,Libéria,Pará,03031300,"Salmão-do-atlântico e salmão-do-danúbio, congelados",30.0,740.0
Exportação,2023,Libéria,Pará,03035300,"Sardinhas (Sardina pilchardus, Sardinops spp., Sardinella spp.), anchoveta (Sprattus sprattus), congeladas",30.0,266.0
Exportação,2023,Libéria,Pará,03035400,"Cavalinhas (Scomber scombrus, Scomber australasicus, Scomber japonicus), congeladas",60.0,371.0
Exportação,2023,Libéria,Pará,03038990,"Outros peixes congelados, exceto filés, outras carnes,etc.",168.0,1095.0
Exportação,2023,Libéria,Pará,03043290,"Filés de outros bagres, frescos, refrigerados ou congelados",30.0,188.0
Exportação,2023,Libéria,Pará,03043900,"Files/outras carnes de outros peixes, frescos, refrigerados ou congelados",31.0,255.0
Exportação,2023,Libéria,Pará,03048910,Filé de pargo (Lutjanus purpureus),10.0,82.0
Exportação,2023,Libéria,Pará,03048990,"Outros filés congelados, de peixes",30.0,241.0
Exportação,2023,Libéria,Pará,03049900,"Outras carnes de peixes, frescos, refrigerados ou congelados",1246.0,8672.0
Exportação,2023,Libéria,Pará,03061110,"Lagostas (Palinurus spp., Panulirus spp., Jasus spp.) inteiras, congeladas",5.0,16.0
Exportação,2023,Libéria,Pará,03061790,"Outros camarões, que não inteiros, congelados",16.0,382.0
Exportação,2023,Libéria,Pará,03063910,"Lagosta de água doce (Cherax quadricarinatus), vivo, fresco ou refrigerado",62.0,1443.0
Exportação,2023,Libéria,Pará,03073200,"Mexilhões (Mytilus spp., Perna spp.), congelados",20.0,217.0
Exportação,2023,Libéria,Pará,03073900,"Mexilhões (Mytilus spp., Perna spp.), congelados, secos, salgados, etc",10.0,201.0
Exportação,2023,Libéria,Pará,03074310,"Lulas, congeladas",20.0,370.0
Exportação,2023,Libéria,Pará,03075100,"Polvos (Octopus spp) vivos, frescos ou refrigerados",5.0,85.0
Exportação,2023,Luxemburgo,Pará,03031300,"Salmão-do-atlântico e salmão-do-danúbio, congelados",61.0,1427.0
Exportação,2023,Luxemburgo,Pará,03035300,"Sardinhas (Sardina pilchardus, Sardinops spp., Sardinella spp.), anchoveta (Sprattus sprattus), congeladas",20.0,85.0
Exportação,2023,Luxemburgo,Pará,03048990,"Outros filés congelados, de peixes",33.0,314.0
Exportação,2023,Luxemburgo,Pará,03049900,"Outras carnes de peixes, frescos, refrigerados ou congelados",20.0,197.0
Exportação,2023,Luxemburgo,Pará,03063910,"Lagosta de água doce (Cherax quadricarinatus), vivo, fresco ou refrigerado",90.0,2801.0
Exportação,2023,Luxemburgo,Pará,03075100,"Polvos (Octopus spp) vivos, frescos ou refrigerados",34.0,661.0
Exportação,2023,Líbano,Pará,03034400,"Albacora-bandolim (Thunnus obesus), congelados, exceto filés, fígados, ovas e sêmen",2.0,50.0
Exportação,2023,Malta,Pará,03024910,"Espadins, marlins, veleiros (Istiophoridae), frescos ou refrigerados",22.0,82.0
Exportação,2023,Malta,Pará,03027290,Outros bagres frescos ou refrigerados,20.0,107.0
Exportação,2023,Malta,Pará,03031300,"Salmão-do-atlântico e salmão-do-danúbio, congelados",26.0,548.0
Exportação,2023,Malta,Pará,03043900,"Files/outras carnes de outros peixes, frescos, refrigerados ou congelados",20.0,137.0
Exportação,2023,Malta,Pará,03049900,"Outras carnes de peixes, frescos, refrigerados ou congelados",435.0,2811.0
Exportação,2023,Malta,Pará,03061790,"Outros camarões, que não inteiros, congelados",5.0,98.0
Exportação,2023,Malta,Pará,03063910,"Lagosta de água doce (Cherax quadricarinatus), vivo, fresco ou refrigerado",23.0,612.0
Exportação,2023,Malta,Pará,03073900,"Mexilhões (Mytilus spp., Perna spp.), congelados, secos, salgados, etc",5.0,56.0
Exportação,2023,Malásia,Pará,03011190,"Outros peixes ornamentais, vivos, de água doce",668.0,83639.0
Exportação,2023,Marrocos,Pará,03034400,"Albacora-bandolim (Thunnus obesus), congelados, exceto filés, fígados, ovas e sêmen",1.0,30.0
Exportação,2023,"Marshall, Ilhas",Pará,03024210,"Anchoita (Engraulis anchoita), frescas ou refrigeradas",60.0,375.0
Exportação,2023,"Marshall, Ilhas",Pará,03024300,"Sardinhas (sardina pilchardus, etc), anchoveta, fresca ou refrigerada",20.0,66.0
Exportação,2023,"Marshall, Ilhas",Pará,03024400,"Cavalinhas, frescas ou refrigeradas",15.0,78.0
Exportação,2023,"Marshall, Ilhas",Pará,03024910,"Espadins, marlins, veleiros (Istiophoridae), frescos ou refrigerados",40.0,66.0
Exportação,2023,"Marshall, Ilhas",Pará,03027290,Outros bagres frescos ou refrigerados,198.0,1192.0
Exportação,2023,"Marshall, Ilhas",Pará,03028937,"Pirarucu (Arapaima gigas), fresco ou refrigerado",5.0,44.0
Exportação,2023,"Marshall, Ilhas",Pará,03028990,Outros peixes frescos ou refrigerados,30.0,210.0
Exportação,2023,"Marshall, Ilhas",Pará,03031300,"Salmão-do-atlântico e salmão-do-danúbio, congelados",88.0,1704.0
Exportação,2023,"Marshall, Ilhas",Pará,03033900,"Outros peixes chatos, congelados, exceto filés, outras carnes, etc",20.0,310.0
Exportação,2023,"Marshall, Ilhas",Pará,03034900,"Outros atuns congelados, exceto filés, outras carnes, fígados, etc",25.0,309.0
Exportação,2023,"Marshall, Ilhas",Pará,03035300,"Sardinhas (Sardina pilchardus, Sardinops spp., Sardinella spp.), anchoveta (Sprattus sprattus), congeladas",60.0,391.0
Exportação,2023,"Marshall, Ilhas",Pará,03035400,"Cavalinhas (Scomber scombrus, Scomber australasicus, Scomber japonicus), congeladas",60.0,378.0
Exportação,2023,"Marshall, Ilhas",Pará,03038990,"Outros peixes congelados, exceto filés, outras carnes,etc.",251.0,1563.0
Exportação,2023,"Marshall, Ilhas",Pará,03043290,"Filés de outros bagres, frescos, refrigerados ou congelados",25.0,194.0
Exportação,2023,"Marshall, Ilhas",Pará,03043900,"Files/outras carnes de outros peixes, frescos, refrigerados ou congelados",53.0,396.0
Exportação,2023,"Marshall, Ilhas",Pará,03048990,"Outros filés congelados, de peixes",85.0,735.0
Exportação,2023,"Marshall, Ilhas",Pará,03049900,"Outras carnes de peixes, frescos, refrigerados ou congelados",3071.0,21025.0
Exportação,2023,"Marshall, Ilhas",Pará,03061790,"Outros camarões, que não inteiros, congelados",15.0,307.0
Exportação,2023,"Marshall, Ilhas",Pará,03063910,"Lagosta de água doce (Cherax quadricarinatus), vivo, fresco ou refrigerado",217.0,4375.0
Exportação,2023,"Marshall, Ilhas",Pará,03069500,Camarões,10.0,304.0
Exportação,2023,"Marshall, Ilhas",Pará,03073200,"Mexilhões (Mytilus spp., Perna spp.), congelados",10.0,139.0
Exportação,2023,"Marshall, Ilhas",Pará,03073900,"Mexilhões (Mytilus spp., Perna spp.), congelados, secos, salgados, etc",10.0,132.0
Exportação,2023,"Marshall, Ilhas",Pará,03074310,"Lulas, congeladas",36.0,445.0
Exportação,2023,México,Pará,03049900,"Outras carnes de peixes, frescos, refrigerados ou congelados",50.0,218.0
Exportação,2023,México,Pará,03061190,"Outras lagostas (Palinurus spp., Panulirus spp., Jasus spp.), congeladas, exceto as inteiras",520.0,7096.0
Exportação,2023,México,Pará,03069500,Camarões,7.0,84.0
Exportação,2023,Noruega,Pará,03038990,"Outros peixes congelados, exceto filés, outras carnes,etc.",15.0,118.0
Exportação,2023,Noruega,Pará,03043900,"Files/outras carnes de outros peixes, frescos, refrigerados ou congelados",20.0,148.0
Exportação,2023,Noruega,Pará,03048990,"Outros filés congelados, de peixes",15.0,110.0
Exportação,2023,Noruega,Pará,03049900,"Outras carnes de peixes, frescos, refrigerados ou congelados",215.0,1403.0
Exportação,2023,Noruega,Pará,03063910,"Lagosta de água doce (Cherax quadricarinatus), vivo, fresco ou refrigerado",10.0,170.0
Exportação,2023,Panamá,Pará,03024210,"Anchoita (Engraulis anchoita), frescas ou refrigeradas",30.0,175.0
Exportação,2023,Panamá,Pará,03024300,"Sardinhas (sardina pilchardus, etc), anchoveta, fresca ou refrigerada",170.0,489.0
Exportação,2023,Panamá,Pará,03024400,"Cavalinhas, frescas ou refrigeradas",30.0,190.0
Exportação,2023,Panamá,Pará,03024910,"Espadins, marlins, veleiros (Istiophoridae), frescos ou refrigerados",30.0,48.0
Exportação,2023,Panamá,Pará,03027290,Outros bagres frescos ou refrigerados,25.0,114.0
Exportação,2023,Panamá,Pará,03028922,"Garoupas (acanthistius spp.), fresco ou refrigerado",40.0,342.0
Exportação,2023,Panamá,Pará,03028936,"Tainhas (mugil spp), fresco ou refrigerado",30.0,131.0
Exportação,2023,Panamá,Pará,03028937,"Pirarucu (Arapaima gigas), fresco ou refrigerado",15.0,113.0
Exportação,2023,Panamá,Pará,03028990,Outros peixes frescos ou refrigerados,10.0,55.0
Exportação,2023,Panamá,Pará,03031300,"Salmão-do-atlântico e salmão-do-danúbio, congelados",14.0,365.0
Exportação,2023,Panamá,Pará,03032300,"Tilápias (oreochromis spp.), congeladas",10.0,55.0
Exportação,2023,Panamá,Pará,03035300,"Sardinhas (Sardina pilchardus, Sardinops spp., Sardinella spp.), anchoveta (Sprattus sprattus), congeladas",35.0,176.0
Exportação,2023,Panamá,Pará,03035400,"Cavalinhas (Scomber scombrus, Scomber australasicus, Scomber japonicus), congeladas",105.0,632.0
Exportação,2023,Panamá,Pará,03038990,"Outros peixes congelados, exceto filés, outras carnes,etc.",76.0,319.0
Exportação,2023,Panamá,Pará,03043290,"Filés de outros bagres, frescos, refrigerados ou congelados",10.0,144.0
Exportação,2023,Panamá,Pará,03043900,"Files/outras carnes de outros peixes, frescos, refrigerados ou congelados",30.0,221.0
Exportação,2023,Panamá,Pará,03045100,"Filés de tilápia, bagre, carpa, enguias, fresco ou refrigerado",50.0,367.0
Exportação,2023,Panamá,Pará,03048990,"Outros filés congelados, de peixes",10.0,78.0
Exportação,2023,Panamá,Pará,03049900,"Outras carnes de peixes, frescos, refrigerados ou congelados",1694.0,10710.0
Exportação,2023,Panamá,Pará,03061400,Caranguejos congelados,5.0,84.0
Exportação,2023,Panamá,Pará,03061710,"Outros camarões inteiros, congelados",25.0,299.0
Exportação,2023,Panamá,Pará,03063910,"Lagosta de água doce (Cherax quadricarinatus), vivo, fresco ou refrigerado",126.0,2274.0
Exportação,2023,Panamá,Pará,03073900,"Mexilhões (Mytilus spp., Perna spp.), congelados, secos, salgados, etc",30.0,359.0
Exportação,2023,Panamá,Pará,03074310,"Lulas, congeladas",10.0,104.0
Exportação,2023,Países Baixos (Holanda),Pará,03011190,"Outros peixes ornamentais, vivos, de água doce",210.0,45279.0
Exportação,2023,Países Baixos (Holanda),Pará,03028935,"Piaus (leporinus spp.), fresco ou refrigerado",45.0,91.0
Exportação,2023,Países Baixos (Holanda),Pará,03048100,"Filé de salmão-do-pacífico, do-danúbio, do-atlântico, congelado",17.0,267.0
Exportação,2023,Polônia,Pará,03011190,"Outros peixes ornamentais, vivos, de água doce",35.0,5205.0
Exportação,2023,Polônia,Pará,03048600,"Filés de arenques (Clupea harengus, Clupea pallasii), congelados",476.0,687.0
Exportação,2023,Porto Rico,Pará,03038932,"Pargo (Lutjanus purpureus), congelado",20134.0,182543.0
Exportação,2023,Portugal,Pará,03011190,"Outros peixes ornamentais, vivos, de água doce",128.0,7236.0
Exportação,2023,Portugal,Pará,03024300,"Sardinhas (sardina pilchardus, etc), anchoveta, fresca ou refrigerada",30.0,79.0
Exportação,2023,Portugal,Pará,03049900,"Outras carnes de peixes, frescos, refrigerados ou congelados",100.0,651.0
Exportação,2023,Portugal,Pará,03063910,"Lagosta de água doce (Cherax quadricarinatus), vivo, fresco ou refrigerado",17.0,411.0
Exportação,2023,Reino Unido,Pará,03011190,"Outros peixes ornamentais, vivos, de água doce",1577.0,156174.0
Exportação,2023,Reino Unido,Pará,03024300,"Sardinhas (sardina pilchardus, etc), anchoveta, fresca ou refrigerada",25.0,69.0
Exportação,2023,Reino Unido,Pará,03027290,Outros bagres frescos ou refrigerados,40.0,158.0
Exportação,2023,Reino Unido,Pará,03028937,"Pirarucu (Arapaima gigas), fresco ou refrigerado",1.0,7.0
Exportação,2023,Reino Unido,Pará,03031300,"Salmão-do-atlântico e salmão-do-danúbio, congelados",5.0,132.0
Exportação,2023,Reino Unido,Pará,03045900,"Outros filés de peixes, frescos ou refrigerados",95.0,491.0
Exportação,2023,Reino Unido,Pará,03049900,"Outras carnes de peixes, frescos, refrigerados ou congelados",685.0,4167.0
Exportação,2023,Reino Unido,Pará,03061400,Caranguejos congelados,5.0,82.0
Exportação,2023,Reino Unido,Pará,03063910,"Lagosta de água doce (Cherax quadricarinatus), vivo, fresco ou refrigerado",20.0,420.0
Exportação,2023,República Dominicana,Pará,03038932,"Pargo (Lutjanus purpureus), congelado",80276.0,681860.0
Exportação,2023,República Dominicana,Pará,03038990,"Outros peixes congelados, exceto filés, outras carnes,etc.",65182.0,333762.0
Exportação,2023,Singapura,Pará,03011190,"Outros peixes ornamentais, vivos, de água doce",1375.0,215369.0
Exportação,2023,Singapura,Pará,03024910,"Espadins, marlins, veleiros (Istiophoridae), frescos ou refrigerados",30.0,46.0
Exportação,2023,Singapura,Pará,03028937,"Pirarucu (Arapaima gigas), fresco ou refrigerado",120.0,550.0
Exportação,2023,Singapura,Pará,03031300,"Salmão-do-atlântico e salmão-do-danúbio, congelados",28.0,627.0
Exportação,2023,Singapura,Pará,03035300,"Sardinhas (Sardina pilchardus, Sardinops spp., Sardinella spp.), anchoveta (Sprattus sprattus), congeladas",45.0,195.0
Exportação,2023,Singapura,Pará,03035400,"Cavalinhas (Scomber scombrus, Scomber australasicus, Scomber japonicus), congeladas",15.0,97.0
Exportação,2023,Singapura,Pará,03038910,"Corvina (Micropogonias furnieri), congelada",10.0,53.0
Exportação,2023,Singapura,Pará,03038964,"Tambaqui (Colossoma macropomum) congelado, exceto filés, outras carnes, etc",100.0,288.0
Exportação,2023,Singapura,Pará,03038990,"Outros peixes congelados, exceto filés, outras carnes,etc.",35.0,258.0
Exportação,2023,Singapura,Pará,03048990,"Outros filés congelados, de peixes",10.0,101.0
Exportação,2023,Singapura,Pará,03049900,"Outras carnes de peixes, frescos, refrigerados ou congelados",632.0,4129.0
Exportação,2023,Singapura,Pará,03061400,Caranguejos congelados,5.0,215.0
Exportação,2023,Singapura,Pará,03063910,"Lagosta de água doce (Cherax quadricarinatus), vivo, fresco ou refrigerado",33.0,659.0
Exportação,2023,Singapura,Pará,03073900,"Mexilhões (Mytilus spp., Perna spp.), congelados, secos, salgados, etc",9.0,104.0
Exportação,2023,Suriname,Pará,03038910,"Corvina (Micropogonias furnieri), congelada",26893.0,102195.0
Exportação,2023,Suriname,Pará,03038920,"Pescadas (Cynoscion spp.), congeladas",160202.0,618167.0
Exportação,2023,Suriname,Pará,03038990,"Outros peixes congelados, exceto filés, outras carnes,etc.",27023.0,104039.0
Exportação,2023,Suécia,Pará,03011190,"Outros peixes ornamentais, vivos, de água doce",100.0,10653.0
Exportação,2023,Suíça,Pará,03048600,"Filés de arenques (Clupea harengus, Clupea pallasii), congelados",390.0,484.0
Exportação,2023,Tailândia,Pará,03011190,"Outros peixes ornamentais, vivos, de água doce",30.0,1010.0
Exportação,2023,Tailândia,Pará,03024910,"Espadins, marlins, veleiros (Istiophoridae), frescos ou refrigerados",10.0,16.0
Exportação,2023,Tailândia,Pará,03033900,"Outros peixes chatos, congelados, exceto filés, outras carnes, etc",10.0,132.0
Exportação,2023,Tailândia,Pará,03035400,"Cavalinhas (Scomber scombrus, Scomber australasicus, Scomber japonicus), congeladas",10.0,56.0
Exportação,2023,Tailândia,Pará,03043290,"Filés de outros bagres, frescos, refrigerados ou congelados",30.0,205.0
Exportação,2023,Tailândia,Pará,03045100,"Filés de tilápia, bagre, carpa, enguias, fresco ou refrigerado",10.0,73.0
Exportação,2023,Tailândia,Pará,03049900,"Outras carnes de peixes, frescos, refrigerados ou congelados",90.0,475.0
Exportação,2023,Taiwan (Formosa),Pará,03011190,"Outros peixes ornamentais, vivos, de água doce",3677.0,531602.0
Exportação,2023,Taiwan (Formosa),Pará,03061190,"Outras lagostas (Palinurus spp., Panulirus spp., Jasus spp.), congeladas, exceto as inteiras",227.0,9933.0
Exportação,2023,"Tcheca, República",Pará,03011190,"Outros peixes ornamentais, vivos, de água doce",16.0,2363.0
Exportação,2023,Turquia,Pará,03028942,"Dourada (Brachyplatystoma flavicans), fresco ou refrigerado",40.0,232.0
Exportação,2023,Turquia,Pará,03034400,"Albacora-bandolim (Thunnus obesus), congelados, exceto filés, fígados, ovas e sêmen",17.0,555.0
Exportação,2023,Turquia,Pará,03038920,"Pescadas (Cynoscion spp.), congeladas",50.0,297.0
Exportação,2023,Turquia,Pará,03038962,"Dourada (Brachyplatystoma flavicans), congeladas, exceto filés, outras carnes, etc.",100.0,618.0
Exportação,2023,Turquia,Pará,03045900,"Outros filés de peixes, frescos ou refrigerados",95.0,515.0
Exportação,2023,Turquia,Pará,03048600,"Filés de arenques (Clupea harengus, Clupea pallasii), congelados",175.0,671.0
Exportação,2023,Turquia,Pará,03061610,"Camarões de água fria (pandalus spp.) inteiros, congelados",5.0,61.0
Exportação,2023,Turquia,Pará,03069500,Camarões,190.0,2304.0
Exportação,2023,Uruguai,Pará,03043290,"Filés de outros bagres, frescos, refrigerados ou congelados",10.0,79.0
Exportação,2023,Uruguai,Pará,03048600,"Filés de arenques (Clupea harengus, Clupea pallasii), congelados",520.0,628.0
Exportação,2023,Áustria,Pará,03011190,"Outros peixes ornamentais, vivos, de água doce",25.0,1285.0
Exportação,2023,Áustria,Pará,03048600,"Filés de arenques (Clupea harengus, Clupea pallasii), congelados",85.0,271.0
Exportação,2024,Alemanha,Pará,03011190,"Outros peixes ornamentais, vivos, de água doce",1017.0,112064.0
Exportação,2024,Alemanha,Pará,03048600,"Filés de arenques (Clupea harengus, Clupea pallasii), congelados",729.0,2332.0
Exportação,2024,Alemanha,Pará,03061610,"Camarões de água fria (pandalus spp.) inteiros, congelados",3.0,60.0
Exportação,2024,Bahamas,Pará,03023300,"Bonitos-listrados, etc, frescos, refrigerados, exceto filés, etc.",10.0,29.0
Exportação,2024,Bahamas,Pará,03024300,"Sardinhas (sardina pilchardus, etc), anchoveta, fresca ou refrigerada",40.0,113.0
Exportação,2024,Bahamas,Pará,03027100,"Tilápias (oreochromis spp.), frescas ou refrigeradas",10.0,44.0
Exportação,2024,Bahamas,Pará,03027290,Outros bagres frescos ou refrigerados,15.0,54.0
Exportação,2024,Bahamas,Pará,03034300,"Bonito-listrado, congelados, exceto filés, fígados, ovas e sêmen",25.0,156.0
Exportação,2024,Bahamas,Pará,03038990,"Outros peixes congelados, exceto filés, outras carnes,etc.",57.0,405.0
Exportação,2024,Bahamas,Pará,03043900,"Files/outras carnes de outros peixes, frescos, refrigerados ou congelados",10.0,83.0
Exportação,2024,Bahamas,Pará,03046290,"Outros filés de peixes, congelados",20.0,183.0
Exportação,2024,Bahamas,Pará,03047400,"Filés de merluzas e abroteas, congelados",40.0,226.0
Exportação,2024,Bahamas,Pará,03049900,"Outras carnes de peixes, frescos, refrigerados ou congelados",412.0,2437.0
Exportação,2024,Bahamas,Pará,03061710,"Outros camarões inteiros, congelados",10.0,117.0
Exportação,2024,Bahamas,Pará,03063910,"Lagosta de água doce (Cherax quadricarinatus), vivo, fresco ou refrigerado",44.0,676.0
Exportação,2024,Bahamas,Pará,03073200,"Mexilhões (Mytilus spp., Perna spp.), congelados",100.0,786.0
Exportação,2024,Bahamas,Pará,03074310,"Lulas, congeladas",36.0,442.0
Exportação,2024,Bahamas,Pará,03075100,"Polvos (Octopus spp) vivos, frescos ou refrigerados",5.0,79.0
Exportação,2024,Barbados,Pará,03021400,"Salmão-do-atlantico e salmão-do-danubio, fresco ou refrigerado",18.0,344.0
Exportação,2024,Barbados,Pará,03031300,"Salmão-do-atlântico e salmão-do-danúbio, congelados",6.0,160.0
Exportação,2024,Barbados,Pará,03035400,"Cavalinhas (Scomber scombrus, Scomber australasicus, Scomber japonicus), congeladas",30.0,131.0
Exportação,2024,Barbados,Pará,03049900,"Outras carnes de peixes, frescos, refrigerados ou congelados",128.0,919.0
Exportação,2024,Barbados,Pará,03069500,Camarões,15.0,148.0
Exportação,2024,Barbados,Pará,03074310,"Lulas, congeladas",12.0,164.0
Exportação,2024,Canadá,Pará,03011190,"Outros peixes ornamentais, vivos, de água doce",209.0,25897.0
Exportação,2024,Canadá,Pará,03032490,"Perca-do-nilo e cabeças-de-serpente, congelados",35822.0,199630.0
Exportação,2024,Canadá,Pará,03038920,"Pescadas (Cynoscion spp.), congeladas",19161.0,155662.0
Exportação,2024,Canadá,Pará,03038932,"Pargo (Lutjanus purpureus), congelado",29982.0,262903.0
Exportação,2024,Canadá,Pará,03038990,"Outros peixes congelados, exceto filés, outras carnes,etc.",211826.0,995877.0
Exportação,2024,Canadá,Pará,03048990,"Outros filés congelados, de peixes",11339.0,62880.0
Exportação,2024,Canadá,Pará,03057200,"Cabeças, caudas e bexigas natatórias, de peixes",337.0,2453.0
Exportação,2024,Canadá,Pará,03074310,"Lulas, congeladas",10.0,103.0
Exportação,2024,"Cayman, Ilhas",Pará,03034300,"Bonito-listrado, congelados, exceto filés, fígados, ovas e sêmen",15.0,68.0
Exportação,2024,"Cayman, Ilhas",Pará,03035400,"Cavalinhas (Scomber scombrus, Scomber australasicus, Scomber japonicus), congeladas",15.0,69.0
Exportação,2024,"Cayman, Ilhas",Pará,03035990,"Outros peixes congelados, exceto os filés de peixes e outra carne de peixes da posição 03.04",15.0,69.0
Exportação,2024,"Cayman, Ilhas",Pará,03069500,Camarões,5.0,66.0
Exportação,2024,"Cayman, Ilhas",Pará,03074310,"Lulas, congeladas",12.0,112.0
Exportação,2024,China,Pará,03011190,"Outros peixes ornamentais, vivos, de água doce",888.0,113959.0
Exportação,2024,China,Pará,03025900,"Outros peixes das famílias bregmacerotidae, gadidae, etc.",40.0,143.0
Exportação,2024,China,Pará,03033900,"Outros peixes chatos, congelados, exceto filés, outras carnes, etc",307622.0,761267.0
Exportação,2024,China,Pará,03035400,"Cavalinhas (Scomber scombrus, Scomber australasicus, Scomber japonicus), congeladas",30.0,139.0
Exportação,2024,China,Pará,03038920,"Pescadas (Cynoscion spp.), congeladas",4305.0,24218.0
Exportação,2024,China,Pará,03038990,"Outros peixes congelados, exceto filés, outras carnes,etc.",2027405.0,7108980.0
Exportação,2024,China,Pará,03057200,"Cabeças, caudas e bexigas natatórias, de peixes",15691.0,289245.0
Exportação,2024,Chipre,Pará,03024210,"Anchoita (Engraulis anchoita), frescas ou refrigeradas",15.0,109.0
Exportação,2024,Chipre,Pará,03024400,"Cavalinhas, frescas ou refrigeradas",15.0,103.0
Exportação,2024,Chipre,Pará,03027290,Outros bagres frescos ou refrigerados,30.0,113.0
Exportação,2024,Chipre,Pará,03031300,"Salmão-do-atlântico e salmão-do-danúbio, congelados",5.0,93.0
Exportação,2024,Chipre,Pará,03035300,"Sardinhas (Sardina pilchardus, Sardinops spp., Sardinella spp.), anchoveta (Sprattus sprattus), congeladas",15.0,82.0
Exportação,2024,Chipre,Pará,03035400,"Cavalinhas (Scomber scombrus, Scomber australasicus, Scomber japonicus), congeladas",15.0,85.0
Exportação,2024,Chipre,Pará,03035990,"Outros peixes congelados, exceto os filés de peixes e outra carne de peixes da posição 03.04",45.0,316.0
Exportação,2024,Chipre,Pará,03038990,"Outros peixes congelados, exceto filés, outras carnes,etc.",78.0,478.0
Exportação,2024,Chipre,Pará,03049900,"Outras carnes de peixes, frescos, refrigerados ou congelados",212.0,1087.0
Exportação,2024,Chipre,Pará,03074310,"Lulas, congeladas",22.0,278.0
Exportação,2024,Colômbia,Pará,03038951,"Curimatas (prochilodus spp.), congelados",53620.0,56301.0
Exportação,2024,Coreia do Sul,Pará,03038990,"Outros peixes congelados, exceto filés, outras carnes,etc.",575170.0,2105569.0
Exportação,2024,Curaçao,Pará,03038932,"Pargo (Lutjanus purpureus), congelado",17302.0,75920.0
Exportação,2024,Curaçao,Pará,03038990,"Outros peixes congelados, exceto filés, outras carnes,etc.",2041.0,8956.0
Exportação,2024,Dinamarca,Pará,03024400,"Cavalinhas, frescas ou refrigeradas",15.0,93.0
Exportação,2024,Dinamarca,Pará,03027290,Outros bagres frescos ou refrigerados,40.0,90.0
Exportação,2024,Dinamarca,Pará,03035400,"Cavalinhas (Scomber scombrus, Scomber australasicus, Scomber japonicus), congeladas",15.0,86.0
Exportação,2024,Dinamarca,Pará,03035990,"Outros peixes congelados, exceto os filés de peixes e outra carne de peixes da posição 03.04",15.0,93.0
Exportação,2024,Dinamarca,Pará,03049900,"Outras carnes de peixes, frescos, refrigerados ou congelados",75.0,287.0
Exportação,2024,Dinamarca,Pará,03063910,"Lagosta de água doce (Cherax quadricarinatus), vivo, fresco ou refrigerado",10.0,125.0
Exportação,2024,Dinamarca,Pará,03073900,"Mexilhões (Mytilus spp., Perna spp.), congelados, secos, salgados, etc",5.0,63.0
Exportação,2024,Espanha,Pará,03038920,"Pescadas (Cynoscion spp.), congeladas",90.0,322.0
Exportação,2024,Espanha,Pará,03049900,"Outras carnes de peixes, frescos, refrigerados ou congelados",477.0,1278.0
Exportação,2024,Espanha,Pará,03069500,Camarões,21.0,210.0
Exportação,2024,Estados Unidos,Pará,03011190,"Outros peixes ornamentais, vivos, de água doce",1633.0,257565.0
Exportação,2024,Estados Unidos,Pará,03024600,"Bijupira (Rachycentron canadum), fresco ou refrigerado",625.0,4044.0
Exportação,2024,Estados Unidos,Pará,03028910,"Pargo (Lutjanus purpureus), frescos ou refrigerados",6078.0,52247.0
Exportação,2024,Estados Unidos,Pará,03028922,"Garoupas (acanthistius spp.), fresco ou refrigerado",24976.0,247661.0
Exportação,2024,Estados Unidos,Pará,03028938,"Pescadas (cynocion spp.), fresca ou refrigerada",2140.0,12886.0
Exportação,2024,Estados Unidos,Pará,03028990,Outros peixes frescos ou refrigerados,20839.0,126329.0
Exportação,2024,Estados Unidos,Pará,03032300,"Tilápias (oreochromis spp.), congeladas",14560.0,38438.0
Exportação,2024,Estados Unidos,Pará,03035400,"Cavalinhas (Scomber scombrus, Scomber australasicus, Scomber japonicus), congeladas",81360.0,308001.0
Exportação,2024,Estados Unidos,Pará,03038910,"Corvina (Micropogonias furnieri), congelada",1724.0,6012.0
Exportação,2024,Estados Unidos,Pará,03038920,"Pescadas (Cynoscion spp.), congeladas",61749.0,393118.0
Exportação,2024,Estados Unidos,Pará,03038932,"Pargo (Lutjanus purpureus), congelado",2271000.0,20975716.0
Exportação,2024,Estados Unidos,Pará,03038990,"Outros peixes congelados, exceto filés, outras carnes,etc.",1582138.0,7889314.0
Exportação,2024,Estados Unidos,Pará,03039990,"Outros subprodutos comestíveis de peixes, congelado",1095.0,1451.0
Exportação,2024,Estados Unidos,Pará,03044920,"Filé de garoupa (Acanthistius spp), fresco/refrigerado",5833.0,136975.0
Exportação,2024,Estados Unidos,Pará,03044990,"Filés de outros peixes, frescos ou refrigerados",56.0,1412.0
Exportação,2024,Estados Unidos,Pará,03048600,"Filés de arenques (Clupea harengus, Clupea pallasii), congelados",5.0,14.0
Exportação,2024,Estados Unidos,Pará,03048910,Filé de pargo (Lutjanus purpureus),67116.0,1057453.0
Exportação,2024,Estados Unidos,Pará,03048930,"Filé de garoupa (Acanthistius spp.), congelados",64150.0,1122429.0
Exportação,2024,Estados Unidos,Pará,03048990,"Outros filés congelados, de peixes",111618.0,865364.0
Exportação,2024,Estados Unidos,Pará,03061110,"Lagostas (Palinurus spp., Panulirus spp., Jasus spp.) inteiras, congeladas",4460.0,98120.0
Exportação,2024,Estados Unidos,Pará,03061190,"Outras lagostas (Palinurus spp., Panulirus spp., Jasus spp.), congeladas, exceto as inteiras",34267.0,1185944.0
Exportação,2024,Filipinas,Pará,03011190,"Outros peixes ornamentais, vivos, de água doce",57.0,9254.0
Exportação,2024,Filipinas,Pará,03023300,"Bonitos-listrados, etc, frescos, refrigerados, exceto filés, etc.",40.0,169.0
Exportação,2024,Filipinas,Pará,03024300,"Sardinhas (sardina pilchardus, etc), anchoveta, fresca ou refrigerada",20.0,115.0
Exportação,2024,Filipinas,Pará,03027100,"Tilápias (oreochromis spp.), frescas ou refrigeradas",15.0,106.0
Exportação,2024,Filipinas,Pará,03028922,"Garoupas (acanthistius spp.), fresco ou refrigerado",10.0,39.0
Exportação,2024,Filipinas,Pará,03033900,"Outros peixes chatos, congelados, exceto filés, outras carnes, etc",10.0,58.0
Exportação,2024,Filipinas,Pará,03038990,"Outros peixes congelados, exceto filés, outras carnes,etc.",55.0,217.0
Exportação,2024,Filipinas,Pará,03048600,"Filés de arenques (Clupea harengus, Clupea pallasii), congelados",165.0,517.0
Exportação,2024,Filipinas,Pará,03048990,"Outros filés congelados, de peixes",20.0,112.0
Exportação,2024,Filipinas,Pará,03049900,"Outras carnes de peixes, frescos, refrigerados ou congelados",85.0,170.0
Exportação,2024,Grécia,Pará,03024910,"Espadins, marlins, veleiros (Istiophoridae), frescos ou refrigerados",40.0,67.0
Exportação,2024,Grécia,Pará,03033900,"Outros peixes chatos, congelados, exceto filés, outras carnes, etc",20.0,90.0
Exportação,2024,Grécia,Pará,03035400,"Cavalinhas (Scomber scombrus, Scomber australasicus, Scomber japonicus), congeladas",10.0,57.0
Exportação,2024,Grécia,Pará,03043290,"Filés de outros bagres, frescos, refrigerados ou congelados",20.0,133.0
Exportação,2024,Grécia,Pará,03048600,"Filés de arenques (Clupea harengus, Clupea pallasii), congelados",2641.0,8052.0
Exportação,2024,Grécia,Pará,03049900,"Outras carnes de peixes, frescos, refrigerados ou congelados",133.0,1096.0
Exportação,2024,Grécia,Pará,03061790,"Outros camarões, que não inteiros, congelados",15.0,317.0
Exportação,2024,Grécia,Pará,03063910,"Lagosta de água doce (Cherax quadricarinatus), vivo, fresco ou refrigerado",30.0,493.0
Exportação,2024,Grécia,Pará,03075100,"Polvos (Octopus spp) vivos, frescos ou refrigerados",10.0,167.0
Exportação,2024,Hong Kong,Pará,03011190,"Outros peixes ornamentais, vivos, de água doce",3623.0,455683.0
Exportação,2024,Hong Kong,Pará,03024910,"Espadins, marlins, veleiros (Istiophoridae), frescos ou refrigerados",15.0,24.0
Exportação,2024,Hong Kong,Pará,03027290,Outros bagres frescos ou refrigerados,45.0,168.0
Exportação,2024,Hong Kong,Pará,03028922,"Garoupas (acanthistius spp.), fresco ou refrigerado",45.0,132.0
Exportação,2024,Hong Kong,Pará,03028938,"Pescadas (cynocion spp.), fresca ou refrigerada",10.0,44.0
Exportação,2024,Hong Kong,Pará,03031300,"Salmão-do-atlântico e salmão-do-danúbio, congelados",5.0,109.0
Exportação,2024,Hong Kong,Pará,03033900,"Outros peixes chatos, congelados, exceto filés, outras carnes, etc",80.0,344.0
Exportação,2024,Hong Kong,Pará,03035300,"Sardinhas (Sardina pilchardus, Sardinops spp., Sardinella spp.), anchoveta (Sprattus sprattus), congeladas",7.0,23.0
Exportação,2024,Hong Kong,Pará,03038961,"Piramutaba (Brachyplatystoma vaillantii), congelado, exceto  filés, outras carnes, etc",10.0,62.0
Exportação,2024,Hong Kong,Pará,03038990,"Outros peixes congelados, exceto filés, outras carnes,etc.",60.0,362.0
Exportação,2024,Hong Kong,Pará,03049900,"Outras carnes de peixes, frescos, refrigerados ou congelados",250.0,1282.0
Exportação,2024,Hong Kong,Pará,03057200,"Cabeças, caudas e bexigas natatórias, de peixes",592325.0,20814594.0
Exportação,2024,Hong Kong,Pará,03061710,"Outros camarões inteiros, congelados",50.0,611.0
Exportação,2024,Hong Kong,Pará,03063910,"Lagosta de água doce (Cherax quadricarinatus), vivo, fresco ou refrigerado",70.0,1127.0
Exportação,2024,Hong Kong,Pará,03073900,"Mexilhões (Mytilus spp., Perna spp.), congelados, secos, salgados, etc",10.0,119.0
Exportação,2024,Ilha de Man,Pará,03038990,"Outros peixes congelados, exceto filés, outras carnes,etc.",20.0,124.0
Exportação,2024,Ilha de Man,Pará,03054910,"Bacalhaus (gadus) defumados, mesmo em filés",20.0,355.0
Exportação,2024,Ilha de Man,Pará,03061710,"Outros camarões inteiros, congelados",10.0,72.0
Exportação,2024,Ilha de Man,Pará,03074310,"Lulas, congeladas",15.0,86.0
Exportação,2024,Indonésia,Pará,03011190,"Outros peixes ornamentais, vivos, de água doce",64.0,8819.0
Exportação,2024,Iraque,Pará,03034400,"Albacora-bandolim (Thunnus obesus), congelados, exceto filés, fígados, ovas e sêmen",9.0,297.0
Exportação,2024,Japão,Pará,03011190,"Outros peixes ornamentais, vivos, de água doce",511.0,77066.0
Exportação,2024,Japão,Pará,03061790,"Outros camarões, que não inteiros, congelados",94398.0,1426148.0
Exportação,2024,Libéria,Pará,03023300,"Bonitos-listrados, etc, frescos, refrigerados, exceto filés, etc.",40.0,182.0
Exportação,2024,Libéria,Pará,03024290,"Outras anchovas, frescas ou refrigeradas",9.0,40.0
Exportação,2024,Libéria,Pará,03024300,"Sardinhas (sardina pilchardus, etc), anchoveta, fresca ou refrigerada",30.0,84.0
Exportação,2024,Libéria,Pará,03024400,"Cavalinhas, frescas ou refrigeradas",45.0,329.0
Exportação,2024,Libéria,Pará,03024910,"Espadins, marlins, veleiros (Istiophoridae), frescos ou refrigerados",120.0,207.0
Exportação,2024,Libéria,Pará,03027100,"Tilápias (oreochromis spp.), frescas ou refrigeradas",65.0,397.0
Exportação,2024,Libéria,Pará,03027290,Outros bagres frescos ou refrigerados,154.0,769.0
Exportação,2024,Libéria,Pará,03028922,"Garoupas (acanthistius spp.), fresco ou refrigerado",10.0,26.0
Exportação,2024,Libéria,Pará,03028937,"Pirarucu (Arapaima gigas), fresco ou refrigerado",15.0,169.0
Exportação,2024,Libéria,Pará,03028938,"Pescadas (cynocion spp.), fresca ou refrigerada",60.0,255.0
Exportação,2024,Libéria,Pará,03031300,"Salmão-do-atlântico e salmão-do-danúbio, congelados",49.0,1149.0
Exportação,2024,Libéria,Pará,03033900,"Outros peixes chatos, congelados, exceto filés, outras carnes, etc",20.0,94.0
Exportação,2024,Libéria,Pará,03034300,"Bonito-listrado, congelados, exceto filés, fígados, ovas e sêmen",49.0,266.0
Exportação,2024,Libéria,Pará,03035300,"Sardinhas (Sardina pilchardus, Sardinops spp., Sardinella spp.), anchoveta (Sprattus sprattus), congeladas",80.0,380.0
Exportação,2024,Libéria,Pará,03035400,"Cavalinhas (Scomber scombrus, Scomber australasicus, Scomber japonicus), congeladas",40.0,312.0
Exportação,2024,Libéria,Pará,03035990,"Outros peixes congelados, exceto os filés de peixes e outra carne de peixes da posição 03.04",45.0,289.0
Exportação,2024,Libéria,Pará,03038920,"Pescadas (Cynoscion spp.), congeladas",10.0,49.0
Exportação,2024,Libéria,Pará,03038990,"Outros peixes congelados, exceto filés, outras carnes,etc.",284.0,1262.0
Exportação,2024,Libéria,Pará,03043900,"Files/outras carnes de outros peixes, frescos, refrigerados ou congelados",75.0,501.0
Exportação,2024,Libéria,Pará,03047400,"Filés de merluzas e abroteas, congelados",80.0,605.0
Exportação,2024,Libéria,Pará,03048100,"Filé de salmão-do-pacífico, do-danúbio, do-atlântico, congelado",2.0,51.0
Exportação,2024,Libéria,Pará,03048990,"Outros filés congelados, de peixes",85.0,698.0
Exportação,2024,Libéria,Pará,03049900,"Outras carnes de peixes, frescos, refrigerados ou congelados",3219.0,18707.0
Exportação,2024,Libéria,Pará,03061400,Caranguejos congelados,5.0,54.0
Exportação,2024,Libéria,Pará,03061710,"Outros camarões inteiros, congelados",45.0,564.0
Exportação,2024,Libéria,Pará,03063910,"Lagosta de água doce (Cherax quadricarinatus), vivo, fresco ou refrigerado",197.0,3563.0
Exportação,2024,Libéria,Pará,03073900,"Mexilhões (Mytilus spp., Perna spp.), congelados, secos, salgados, etc",25.0,280.0
Exportação,2024,Libéria,Pará,03074310,"Lulas, congeladas",91.0,1295.0
Exportação,2024,Libéria,Pará,03075100,"Polvos (Octopus spp) vivos, frescos ou refrigerados",14.0,215.0
Exportação,2024,Luxemburgo,Pará,03049900,"Outras carnes de peixes, frescos, refrigerados ou congelados",125.0,707.0
Exportação,2024,Luxemburgo,Pará,03063910,"Lagosta de água doce (Cherax quadricarinatus), vivo, fresco ou refrigerado",8.0,113.0
Exportação,2024,Luxemburgo,Pará,03074900,Outras sépias (Chocos) (Chocos e chopos); lulas (potas e lulas),5.0,82.0
Exportação,2024,Malta,Pará,03027290,Outros bagres frescos ou refrigerados,20.0,72.0
Exportação,2024,Malta,Pará,03034300,"Bonito-listrado, congelados, exceto filés, fígados, ovas e sêmen",45.0,266.0
Exportação,2024,Malta,Pará,03035300,"Sardinhas (Sardina pilchardus, Sardinops spp., Sardinella spp.), anchoveta (Sprattus sprattus), congeladas",10.0,38.0
Exportação,2024,Malta,Pará,03035400,"Cavalinhas (Scomber scombrus, Scomber australasicus, Scomber japonicus), congeladas",45.0,274.0
Exportação,2024,Malta,Pará,03035990,"Outros peixes congelados, exceto os filés de peixes e outra carne de peixes da posição 03.04",45.0,261.0
Exportação,2024,Malta,Pará,03048990,"Outros filés congelados, de peixes",15.0,105.0
Exportação,2024,Malta,Pará,03049900,"Outras carnes de peixes, frescos, refrigerados ou congelados",500.0,2741.0
Exportação,2024,Malta,Pará,03063910,"Lagosta de água doce (Cherax quadricarinatus), vivo, fresco ou refrigerado",31.0,484.0
Exportação,2024,Malta,Pará,03073900,"Mexilhões (Mytilus spp., Perna spp.), congelados, secos, salgados, etc",6.0,70.0
Exportação,2024,Malta,Pará,03074310,"Lulas, congeladas",18.0,184.0
Exportação,2024,Malta,Pará,03075200,"Polvos (Octopus spp.), congelados",5.0,86.0
Exportação,2024,Malásia,Pará,03011190,"Outros peixes ornamentais, vivos, de água doce",124.0,23202.0
Exportação,2024,Malásia,Pará,03057200,"Cabeças, caudas e bexigas natatórias, de peixes",600.0,4146.0
Exportação,2024,"Marshall, Ilhas",Pará,03023300,"Bonitos-listrados, etc, frescos, refrigerados, exceto filés, etc.",190.0,859.0
Exportação,2024,"Marshall, Ilhas",Pará,03024300,"Sardinhas (sardina pilchardus, etc), anchoveta, fresca ou refrigerada",117.0,315.0
Exportação,2024,"Marshall, Ilhas",Pará,03027100,"Tilápias (oreochromis spp.), frescas ou refrigeradas",20.0,132.0
Exportação,2024,"Marshall, Ilhas",Pará,03027290,Outros bagres frescos ou refrigerados,486.0,2005.0
Exportação,2024,"Marshall, Ilhas",Pará,03028935,"Piaus (leporinus spp.), fresco ou refrigerado",70.0,497.0
Exportação,2024,"Marshall, Ilhas",Pará,03028990,Outros peixes frescos ou refrigerados,60.0,226.0
Exportação,2024,"Marshall, Ilhas",Pará,03031300,"Salmão-do-atlântico e salmão-do-danúbio, congelados",81.0,1284.0
Exportação,2024,"Marshall, Ilhas",Pará,03031900,"Outros tipos de salmões, congelados",30.0,332.0
Exportação,2024,"Marshall, Ilhas",Pará,03033900,"Outros peixes chatos, congelados, exceto filés, outras carnes, etc",35.0,121.0
Exportação,2024,"Marshall, Ilhas",Pará,03034300,"Bonito-listrado, congelados, exceto filés, fígados, ovas e sêmen",15.0,87.0
Exportação,2024,"Marshall, Ilhas",Pará,03035300,"Sardinhas (Sardina pilchardus, Sardinops spp., Sardinella spp.), anchoveta (Sprattus sprattus), congeladas",155.0,642.0
Exportação,2024,"Marshall, Ilhas",Pará,03035400,"Cavalinhas (Scomber scombrus, Scomber australasicus, Scomber japonicus), congeladas",50.0,317.0
Exportação,2024,"Marshall, Ilhas",Pará,03035990,"Outros peixes congelados, exceto os filés de peixes e outra carne de peixes da posição 03.04",15.0,79.0
Exportação,2024,"Marshall, Ilhas",Pará,03038990,"Outros peixes congelados, exceto filés, outras carnes,etc.",145.0,915.0
Exportação,2024,"Marshall, Ilhas",Pará,03043290,"Filés de outros bagres, frescos, refrigerados ou congelados",15.0,75.0
Exportação,2024,"Marshall, Ilhas",Pará,03043900,"Files/outras carnes de outros peixes, frescos, refrigerados ou congelados",135.0,871.0
Exportação,2024,"Marshall, Ilhas",Pará,03045900,"Outros filés de peixes, frescos ou refrigerados",260.0,1335.0
Exportação,2024,"Marshall, Ilhas",Pará,03047100,"Filé de bacalhau do Atlântico, da Groelândia e do Pacífico, congelado",30.0,583.0
Exportação,2024,"Marshall, Ilhas",Pará,03047400,"Filés de merluzas e abroteas, congelados",10.0,88.0
Exportação,2024,"Marshall, Ilhas",Pará,03048990,"Outros filés congelados, de peixes",135.0,1200.0
Exportação,2024,"Marshall, Ilhas",Pará,03049900,"Outras carnes de peixes, frescos, refrigerados ou congelados",3321.0,19634.0
Exportação,2024,"Marshall, Ilhas",Pará,03054910,"Bacalhaus (gadus) defumados, mesmo em filés",10.0,254.0
Exportação,2024,"Marshall, Ilhas",Pará,03061400,Caranguejos congelados,11.0,123.0
Exportação,2024,"Marshall, Ilhas",Pará,03061710,"Outros camarões inteiros, congelados",104.0,1484.0
Exportação,2024,"Marshall, Ilhas",Pará,03063910,"Lagosta de água doce (Cherax quadricarinatus), vivo, fresco ou refrigerado",242.0,3790.0
Exportação,2024,"Marshall, Ilhas",Pará,03073900,"Mexilhões (Mytilus spp., Perna spp.), congelados, secos, salgados, etc",30.0,336.0
Exportação,2024,"Marshall, Ilhas",Pará,03074310,"Lulas, congeladas",45.0,626.0
Exportação,2024,"Marshall, Ilhas",Pará,03074900,Outras sépias (Chocos) (Chocos e chopos); lulas (potas e lulas),10.0,149.0
Exportação,2024,Noruega,Pará,03011190,"Outros peixes ornamentais, vivos, de água doce",15.0,2173.0
Exportação,2024,Noruega,Pará,03043900,"Files/outras carnes de outros peixes, frescos, refrigerados ou congelados",20.0,146.0
Exportação,2024,Noruega,Pará,03049900,"Outras carnes de peixes, frescos, refrigerados ou congelados",121.0,651.0
Exportação,2024,Noruega,Pará,03063910,"Lagosta de água doce (Cherax quadricarinatus), vivo, fresco ou refrigerado",20.0,232.0
Exportação,2024,Panamá,Pará,03023300,"Bonitos-listrados, etc, frescos, refrigerados, exceto filés, etc.",85.0,339.0
Exportação,2024,Panamá,Pará,03024300,"Sardinhas (sardina pilchardus, etc), anchoveta, fresca ou refrigerada",40.0,115.0
Exportação,2024,Panamá,Pará,03024910,"Espadins, marlins, veleiros (Istiophoridae), frescos ou refrigerados",55.0,84.0
Exportação,2024,Panamá,Pará,03027290,Outros bagres frescos ou refrigerados,75.0,351.0
Exportação,2024,Panamá,Pará,03028922,"Garoupas (acanthistius spp.), fresco ou refrigerado",130.0,464.0
Exportação,2024,Panamá,Pará,03028936,"Tainhas (mugil spp), fresco ou refrigerado",20.0,97.0
Exportação,2024,Panamá,Pará,03028937,"Pirarucu (Arapaima gigas), fresco ou refrigerado",19.0,166.0
Exportação,2024,Panamá,Pará,03028990,Outros peixes frescos ou refrigerados,20.0,135.0
Exportação,2024,Panamá,Pará,03031300,"Salmão-do-atlântico e salmão-do-danúbio, congelados",27.0,572.0
Exportação,2024,Panamá,Pará,03033900,"Outros peixes chatos, congelados, exceto filés, outras carnes, etc",135.0,560.0
Exportação,2024,Panamá,Pará,03034300,"Bonito-listrado, congelados, exceto filés, fígados, ovas e sêmen",37.0,258.0
Exportação,2024,Panamá,Pará,03034900,"Outros atuns congelados, exceto filés, outras carnes, fígados, etc",10.0,76.0
Exportação,2024,Panamá,Pará,03035300,"Sardinhas (Sardina pilchardus, Sardinops spp., Sardinella spp.), anchoveta (Sprattus sprattus), congeladas",30.0,137.0
Exportação,2024,Panamá,Pará,03035400,"Cavalinhas (Scomber scombrus, Scomber australasicus, Scomber japonicus), congeladas",65.0,418.0
Exportação,2024,Panamá,Pará,03035990,"Outros peixes congelados, exceto os filés de peixes e outra carne de peixes da posição 03.04",30.0,204.0
Exportação,2024,Panamá,Pará,03038990,"Outros peixes congelados, exceto filés, outras carnes,etc.",186.0,867.0
Exportação,2024,Panamá,Pará,03043290,"Filés de outros bagres, frescos, refrigerados ou congelados",60.0,331.0
Exportação,2024,Panamá,Pará,03043900,"Files/outras carnes de outros peixes, frescos, refrigerados ou congelados",75.0,594.0
Exportação,2024,Panamá,Pará,03045100,"Filés de tilápia, bagre, carpa, enguias, fresco ou refrigerado",20.0,142.0
Exportação,2024,Panamá,Pará,03045900,"Outros filés de peixes, frescos ou refrigerados",75.0,433.0
Exportação,2024,Panamá,Pará,03047400,"Filés de merluzas e abroteas, congelados",30.0,176.0
Exportação,2024,Panamá,Pará,03048100,"Filé de salmão-do-pacífico, do-danúbio, do-atlântico, congelado",1.0,24.0
Exportação,2024,Panamá,Pará,03048990,"Outros filés congelados, de peixes",20.0,199.0
Exportação,2024,Panamá,Pará,03049900,"Outras carnes de peixes, frescos, refrigerados ou congelados",1418.0,7959.0
Exportação,2024,Panamá,Pará,03055900,"Outros peixes secos, exceto subprodutos comestíveis de peixes, mesmo salgados, mas não defumados",10.0,48.0
Exportação,2024,Panamá,Pará,03061400,Caranguejos congelados,17.0,185.0
Exportação,2024,Panamá,Pará,03061710,"Outros camarões inteiros, congelados",82.0,1032.0
Exportação,2024,Panamá,Pará,03063910,"Lagosta de água doce (Cherax quadricarinatus), vivo, fresco ou refrigerado",73.0,1111.0
Exportação,2024,Panamá,Pará,03069500,Camarões,22.0,238.0
Exportação,2024,Panamá,Pará,03073200,"Mexilhões (Mytilus spp., Perna spp.), congelados",20.0,210.0
Exportação,2024,Panamá,Pará,03073900,"Mexilhões (Mytilus spp., Perna spp.), congelados, secos, salgados, etc",28.0,391.0
Exportação,2024,Panamá,Pará,03074310,"Lulas, congeladas",104.0,1323.0
Exportação,2024,Países Baixos (Holanda),Pará,03011190,"Outros peixes ornamentais, vivos, de água doce",200.0,23029.0
Exportação,2024,Países Baixos (Holanda),Pará,03028937,"Pirarucu (Arapaima gigas), fresco ou refrigerado",3.0,24.0
Exportação,2024,Países Baixos (Holanda),Pará,03035500,"Chicharros (trachurus spp.), congelados",15.0,43.0
Exportação,2024,Países Baixos (Holanda),Pará,03048990,"Outros filés congelados, de peixes",10.0,84.0
Exportação,2024,Países Baixos (Holanda),Pará,03049900,"Outras carnes de peixes, frescos, refrigerados ou congelados",30.0,227.0
Exportação,2024,Países Baixos (Holanda),Pará,03063910,"Lagosta de água doce (Cherax quadricarinatus), vivo, fresco ou refrigerado",3.0,45.0
Exportação,2024,Países Baixos (Holanda),Pará,03069400,Lagosta norueguesa (Lagostim) (Nephrops norvegicus),8.0,67.0
Exportação,2024,Países Baixos (Holanda),Pará,03069500,Camarões,30.0,149.0
Exportação,2024,Países Baixos (Holanda),Pará,03074310,"Lulas, congeladas",5.0,114.0
Exportação,2024,Polônia,Pará,03011190,"Outros peixes ornamentais, vivos, de água doce",96.0,10417.0
Exportação,2024,Porto Rico,Pará,03038932,"Pargo (Lutjanus purpureus), congelado",20430.0,196500.0
Exportação,2024,Portugal,Pará,03011190,"Outros peixes ornamentais, vivos, de água doce",214.0,9688.0
Exportação,2024,Portugal,Pará,03024300,"Sardinhas (sardina pilchardus, etc), anchoveta, fresca ou refrigerada",40.0,102.0
Exportação,2024,Portugal,Pará,03027290,Outros bagres frescos ou refrigerados,20.0,70.0
Exportação,2024,Portugal,Pará,03035300,"Sardinhas (Sardina pilchardus, Sardinops spp., Sardinella spp.), anchoveta (Sprattus sprattus), congeladas",25.0,87.0
Exportação,2024,Portugal,Pará,03043900,"Files/outras carnes de outros peixes, frescos, refrigerados ou congelados",20.0,147.0
Exportação,2024,Portugal,Pará,03044100,Filés de salmões-do-pacífico e salmão-do-danúbio,10.0,211.0
Exportação,2024,Portugal,Pará,03049900,"Outras carnes de peixes, frescos, refrigerados ou congelados",705.0,3622.0
Exportação,2024,Portugal,Pará,03063910,"Lagosta de água doce (Cherax quadricarinatus), vivo, fresco ou refrigerado",25.0,415.0
Exportação,2024,Portugal,Pará,03074310,"Lulas, congeladas",10.0,171.0
Exportação,2024,Reino Unido,Pará,03011190,"Outros peixes ornamentais, vivos, de água doce",907.0,118981.0
Exportação,2024,Reino Unido,Pará,03024300,"Sardinhas (sardina pilchardus, etc), anchoveta, fresca ou refrigerada",30.0,70.0
Exportação,2024,Reino Unido,Pará,03027290,Outros bagres frescos ou refrigerados,30.0,100.0
Exportação,2024,Reino Unido,Pará,03031300,"Salmão-do-atlântico e salmão-do-danúbio, congelados",10.0,215.0
Exportação,2024,Reino Unido,Pará,03034200,"Albacora-laje (Thunnus albacares), congeladas, exceto filés, etc",20.0,22.0
Exportação,2024,Reino Unido,Pará,03049900,"Outras carnes de peixes, frescos, refrigerados ou congelados",325.0,1507.0
Exportação,2024,Reino Unido,Pará,03063910,"Lagosta de água doce (Cherax quadricarinatus), vivo, fresco ou refrigerado",45.0,537.0
Exportação,2024,Reino Unido,Pará,03075100,"Polvos (Octopus spp) vivos, frescos ou refrigerados",10.0,57.0
Exportação,2024,República Dominicana,Pará,03038932,"Pargo (Lutjanus purpureus), congelado",83308.0,800707.0
Exportação,2024,República Dominicana,Pará,03038990,"Outros peixes congelados, exceto filés, outras carnes,etc.",14293.0,116271.0
Exportação,2024,Rússia,Pará,03031300,"Salmão-do-atlântico e salmão-do-danúbio, congelados",10.0,230.0
Exportação,2024,Rússia,Pará,03043900,"Files/outras carnes de outros peixes, frescos, refrigerados ou congelados",10.0,78.0
Exportação,2024,Rússia,Pará,03049900,"Outras carnes de peixes, frescos, refrigerados ou congelados",10.0,78.0
Exportação,2024,Singapura,Pará,03011190,"Outros peixes ornamentais, vivos, de água doce",457.0,75887.0
Exportação,2024,Singapura,Pará,03024910,"Espadins, marlins, veleiros (Istiophoridae), frescos ou refrigerados",25.0,105.0
Exportação,2024,Singapura,Pará,03027290,Outros bagres frescos ou refrigerados,70.0,259.0
Exportação,2024,Singapura,Pará,03033900,"Outros peixes chatos, congelados, exceto filés, outras carnes, etc",60.0,232.0
Exportação,2024,Singapura,Pará,03035300,"Sardinhas (Sardina pilchardus, Sardinops spp., Sardinella spp.), anchoveta (Sprattus sprattus), congeladas",25.0,136.0
Exportação,2024,Singapura,Pará,03035400,"Cavalinhas (Scomber scombrus, Scomber australasicus, Scomber japonicus), congeladas",20.0,76.0
Exportação,2024,Singapura,Pará,03035990,"Outros peixes congelados, exceto os filés de peixes e outra carne de peixes da posição 03.04",15.0,89.0
Exportação,2024,Singapura,Pará,03038990,"Outros peixes congelados, exceto filés, outras carnes,etc.",15.0,90.0
Exportação,2024,Singapura,Pará,03045900,"Outros filés de peixes, frescos ou refrigerados",90.0,446.0
Exportação,2024,Singapura,Pará,03046100,"Filés de tilápias (Oreochromis spp.), congelados",30.0,192.0
Exportação,2024,Singapura,Pará,03049900,"Outras carnes de peixes, frescos, refrigerados ou congelados",155.0,1161.0
Exportação,2024,Singapura,Pará,03054910,"Bacalhaus (gadus) defumados, mesmo em filés",1.0,30.0
Exportação,2024,Singapura,Pará,03057200,"Cabeças, caudas e bexigas natatórias, de peixes",300.0,2173.0
Exportação,2024,Singapura,Pará,03061790,"Outros camarões, que não inteiros, congelados",9.0,100.0
Exportação,2024,Singapura,Pará,03063910,"Lagosta de água doce (Cherax quadricarinatus), vivo, fresco ou refrigerado",21.0,347.0
Exportação,2024,Singapura,Pará,03074310,"Lulas, congeladas",3.0,31.0
Exportação,2024,Suriname,Pará,03057200,"Cabeças, caudas e bexigas natatórias, de peixes",20.0,414.0
Exportação,2024,Suécia,Pará,03011190,"Outros peixes ornamentais, vivos, de água doce",142.0,15127.0
Exportação,2024,Tailândia,Pará,03049900,"Outras carnes de peixes, frescos, refrigerados ou congelados",20.0,18.0
Exportação,2024,Tailândia,Pará,03057200,"Cabeças, caudas e bexigas natatórias, de peixes",300.0,1917.0
Exportação,2024,Taiwan (Formosa),Pará,03011190,"Outros peixes ornamentais, vivos, de água doce",2067.0,300635.0
Exportação,2024,Taiwan (Formosa),Pará,03032300,"Tilápias (oreochromis spp.), congeladas",40.0,217.0
Exportação,2024,Taiwan (Formosa),Pará,03038990,"Outros peixes congelados, exceto filés, outras carnes,etc.",20.0,103.0
Exportação,2024,Taiwan (Formosa),Pará,03049900,"Outras carnes de peixes, frescos, refrigerados ou congelados",30.0,361.0
Exportação,2024,Taiwan (Formosa),Pará,03061190,"Outras lagostas (Palinurus spp., Panulirus spp., Jasus spp.), congeladas, exceto as inteiras",18471.0,687298.0
Exportação,2024,Tunísia,Pará,03024300,"Sardinhas (sardina pilchardus, etc), anchoveta, fresca ou refrigerada",40.0,394.0
Exportação,2024,Tunísia,Pará,03035300,"Sardinhas (Sardina pilchardus, Sardinops spp., Sardinella spp.), anchoveta (Sprattus sprattus), congeladas",40.0,374.0
Exportação,2024,Tunísia,Pará,03048990,"Outros filés congelados, de peixes",60.0,556.0
Exportação,2024,Turquia,Pará,03038920,"Pescadas (Cynoscion spp.), congeladas",130.0,785.0
Exportação,2024,Turquia,Pará,03069500,Camarões,85.0,1228.0
Exportação,2024,Áustria,Pará,03011190,"Outros peixes ornamentais, vivos, de água doce",31.0,4410.0
Exportação,2025,Alemanha,Pará,03011190,"Outros peixes ornamentais, vivos, de água doce",1524.0,171063.0
Exportação,2025,Alemanha,Pará,03048600,"Filés de arenques (Clupea harengus, Clupea pallasii), congelados",90.0,227.0
Exportação,2025,Antígua e Barbuda,Pará,03023300,"Bonitos-listrados, etc, frescos, refrigerados, exceto filés, etc.",20.0,69.0
Exportação,2025,Antígua e Barbuda,Pará,03028937,"Pirarucu (Arapaima gigas), fresco ou refrigerado",3.0,21.0
Exportação,2025,Antígua e Barbuda,Pará,03028944,Tambaqui (Colossoma macropomum),20.0,92.0
Exportação,2025,Antígua e Barbuda,Pará,03038961,"Piramutaba (Brachyplatystoma vaillantii), congelado, exceto  filés, outras carnes, etc",10.0,40.0
Exportação,2025,Antígua e Barbuda,Pará,03038962,"Dourada (Brachyplatystoma flavicans), congeladas, exceto filés, outras carnes, etc.",15.0,78.0
Exportação,2025,Antígua e Barbuda,Pará,03038990,"Outros peixes congelados, exceto filés, outras carnes,etc.",55.0,110.0
Exportação,2025,Antígua e Barbuda,Pará,03049900,"Outras carnes de peixes, frescos, refrigerados ou congelados",35.0,149.0
Exportação,2025,Antígua e Barbuda,Pará,03055900,"Outros peixes secos, exceto subprodutos comestíveis de peixes, mesmo salgados, mas não defumados",1.0,4.0
Exportação,2025,Antígua e Barbuda,Pará,03061790,"Outros camarões, que não inteiros, congelados",10.0,163.0
Exportação,2025,Antígua e Barbuda,Pará,03074310,"Lulas, congeladas",10.0,93.0
Exportação,2025,Bahamas,Pará,03022900,"Outros peixes chatos, frescos, refrigerados, exceto filés, etc.",16.0,155.0
Exportação,2025,Bahamas,Pará,03024990,"Outros peixes frescos ou refrigerados, exceto os filés de peixes e outra carne de peixes da posição 03.04",32.0,251.0
Exportação,2025,Bahamas,Pará,03031300,"Salmão-do-atlântico e salmão-do-danúbio, congelados",10.0,243.0
Exportação,2025,Bahamas,Pará,03035990,"Outros peixes congelados, exceto os filés de peixes e outra carne de peixes da posição 03.04",45.0,251.0
Exportação,2025,Bahamas,Pará,03049900,"Outras carnes de peixes, frescos, refrigerados ou congelados",90.0,721.0
Exportação,2025,Bahamas,Pará,03063910,"Lagosta de água doce (Cherax quadricarinatus), vivo, fresco ou refrigerado",15.0,263.0
Exportação,2025,Bahamas,Pará,03069500,Camarões,30.0,509.0
Exportação,2025,Barbados,Pará,03024400,"Cavalinhas, frescas ou refrigeradas",30.0,158.0
Exportação,2025,Barbados,Pará,03024910,"Espadins, marlins, veleiros (Istiophoridae), frescos ou refrigerados",7.0,11.0
Exportação,2025,Barbados,Pará,03027100,"Tilápias (oreochromis spp.), frescas ou refrigeradas",20.0,121.0
Exportação,2025,Barbados,Pará,03028922,"Garoupas (acanthistius spp.), fresco ou refrigerado",20.0,90.0
Exportação,2025,Barbados,Pará,03028990,Outros peixes frescos ou refrigerados,20.0,55.0
Exportação,2025,Barbados,Pará,03038990,"Outros peixes congelados, exceto filés, outras carnes,etc.",40.0,131.0
Exportação,2025,Barbados,Pará,03049900,"Outras carnes de peixes, frescos, refrigerados ou congelados",50.0,288.0
Exportação,2025,Barbados,Pará,03061710,"Outros camarões inteiros, congelados",5.0,69.0
Exportação,2025,Barbados,Pará,03074310,"Lulas, congeladas",22.0,227.0
Exportação,2025,Belize,Pará,03049900,"Outras carnes de peixes, frescos, refrigerados ou congelados",10.0,59.0
Exportação,2025,Bulgária,Pará,03045900,"Outros filés de peixes, frescos ou refrigerados",80.0,431.0
Exportação,2025,Bélgica,Pará,03046100,"Filés de tilápias (Oreochromis spp.), congelados",20.0,29.0
Exportação,2025,Bélgica,Pará,03049900,"Outras carnes de peixes, frescos, refrigerados ou congelados",30.0,42.0
Exportação,2025,Bélgica,Pará,03063910,"Lagosta de água doce (Cherax quadricarinatus), vivo, fresco ou refrigerado",10.0,11.0
Exportação,2025,Canadá,Pará,03011190,"Outros peixes ornamentais, vivos, de água doce",282.0,43297.0
Exportação,2025,Canadá,Pará,03032490,"Perca-do-nilo e cabeças-de-serpente, congelados",33728.0,191454.0
Exportação,2025,Canadá,Pará,03038920,"Pescadas (Cynoscion spp.), congeladas",32770.0,247035.0
Exportação,2025,Canadá,Pará,03038990,"Outros peixes congelados, exceto filés, outras carnes,etc.",139832.0,560066.0
Exportação,2025,Canadá,Pará,03048990,"Outros filés congelados, de peixes",640.0,5296.0
Exportação,2025,"Cayman, Ilhas",Pará,03024210,"Anchoita (Engraulis anchoita), frescas ou refrigeradas",15.0,96.0
Exportação,2025,"Cayman, Ilhas",Pará,03027290,Outros bagres frescos ou refrigerados,22.0,141.0
Exportação,2025,"Cayman, Ilhas",Pará,03049900,"Outras carnes de peixes, frescos, refrigerados ou congelados",30.0,151.0
Exportação,2025,China,Pará,03011190,"Outros peixes ornamentais, vivos, de água doce",1472.0,106212.0
Exportação,2025,China,Pará,03024400,"Cavalinhas, frescas ou refrigeradas",30.0,203.0
Exportação,2025,China,Pará,03024910,"Espadins, marlins, veleiros (Istiophoridae), frescos ou refrigerados",45.0,71.0
Exportação,2025,China,Pará,03028922,"Garoupas (acanthistius spp.), fresco ou refrigerado",2.0,13.0
Exportação,2025,China,Pará,03028938,"Pescadas (cynocion spp.), fresca ou refrigerada",20.0,73.0
Exportação,2025,China,Pará,03033900,"Outros peixes chatos, congelados, exceto filés, outras carnes, etc",30.0,108.0
Exportação,2025,China,Pará,03035990,"Outros peixes congelados, exceto os filés de peixes e outra carne de peixes da posição 03.04",3180.0,11447.0
Exportação,2025,China,Pará,03038920,"Pescadas (Cynoscion spp.), congeladas",94920.0,180005.0
Exportação,2025,China,Pará,03038961,"Piramutaba (Brachyplatystoma vaillantii), congelado, exceto  filés, outras carnes, etc",10.0,18.0
Exportação,2025,China,Pará,03038990,"Outros peixes congelados, exceto filés, outras carnes,etc.",2200830.0,6433515.0
Exportação,2025,China,Pará,03049900,"Outras carnes de peixes, frescos, refrigerados ou congelados",40.0,86.0
Exportação,2025,China,Pará,03061790,"Outros camarões, que não inteiros, congelados",15.0,251.0
Exportação,2025,Chipre,Pará,03021400,"Salmão-do-atlantico e salmão-do-danubio, fresco ou refrigerado",5.0,157.0
Exportação,2025,Chipre,Pará,03021900,"Outros salmonídeos frescos, refrigerados, exceto filés, etc.",37.0,209.0
Exportação,2025,Chipre,Pará,03022900,"Outros peixes chatos, frescos, refrigerados, exceto filés, etc.",14.0,165.0
Exportação,2025,Chipre,Pará,03024210,"Anchoita (Engraulis anchoita), frescas ou refrigeradas",15.0,102.0
Exportação,2025,Chipre,Pará,03024400,"Cavalinhas, frescas ou refrigeradas",75.0,485.0
Exportação,2025,Chipre,Pará,03024910,"Espadins, marlins, veleiros (Istiophoridae), frescos ou refrigerados",20.0,27.0
Exportação,2025,Chipre,Pará,03027290,Outros bagres frescos ou refrigerados,34.0,213.0
Exportação,2025,Chipre,Pará,03033900,"Outros peixes chatos, congelados, exceto filés, outras carnes, etc",30.0,140.0
Exportação,2025,Chipre,Pará,03034200,"Albacora-laje (Thunnus albacares), congeladas, exceto filés, etc",24.0,69.0
Exportação,2025,Chipre,Pará,03034300,"Bonito-listrado, congelados, exceto filés, fígados, ovas e sêmen",15.0,86.0
Exportação,2025,Chipre,Pará,03035300,"Sardinhas (Sardina pilchardus, Sardinops spp., Sardinella spp.), anchoveta (Sprattus sprattus), congeladas",2.0,17.0
Exportação,2025,Chipre,Pará,03035400,"Cavalinhas (Scomber scombrus, Scomber australasicus, Scomber japonicus), congeladas",15.0,82.0
Exportação,2025,Chipre,Pará,03035990,"Outros peixes congelados, exceto os filés de peixes e outra carne de peixes da posição 03.04",75.0,429.0
Exportação,2025,Chipre,Pará,03038964,"Tambaqui (Colossoma macropomum) congelado, exceto filés, outras carnes, etc",11.0,72.0
Exportação,2025,Chipre,Pará,03038990,"Outros peixes congelados, exceto filés, outras carnes,etc.",114.0,692.0
Exportação,2025,Chipre,Pará,03043900,"Files/outras carnes de outros peixes, frescos, refrigerados ou congelados",72.0,468.0
Exportação,2025,Chipre,Pará,03045100,"Filés de tilápia, bagre, carpa, enguias, fresco ou refrigerado",25.0,141.0
Exportação,2025,Chipre,Pará,03048990,"Outros filés congelados, de peixes",50.0,379.0
Exportação,2025,Chipre,Pará,03049900,"Outras carnes de peixes, frescos, refrigerados ou congelados",727.0,4757.0
Exportação,2025,Chipre,Pará,03063910,"Lagosta de água doce (Cherax quadricarinatus), vivo, fresco ou refrigerado",19.0,249.0
Exportação,2025,Chipre,Pará,03069500,Camarões,20.0,372.0
Exportação,2025,Chipre,Pará,03074900,Outras sépias (Chocos) (Chocos e chopos); lulas (potas e lulas),2.0,35.0
Exportação,2025,Chipre,Pará,03075100,"Polvos (Octopus spp) vivos, frescos ou refrigerados",25.0,132.0
Exportação,2025,Colômbia,Pará,03038920,"Pescadas (Cynoscion spp.), congeladas",21979.0,135910.0
Exportação,2025,Colômbia,Pará,03038961,"Piramutaba (Brachyplatystoma vaillantii), congelado, exceto  filés, outras carnes, etc",196770.0,276265.0
Exportação,2025,Colômbia,Pará,03038990,"Outros peixes congelados, exceto filés, outras carnes,etc.",174450.0,529348.0
Exportação,2025,Coreia do Sul,Pará,03011190,"Outros peixes ornamentais, vivos, de água doce",42.0,7804.0
Exportação,2025,Coreia do Sul,Pará,03038920,"Pescadas (Cynoscion spp.), congeladas",47600.0,162922.0
Exportação,2025,Coreia do Sul,Pará,03038990,"Outros peixes congelados, exceto filés, outras carnes,etc.",618050.0,2024844.0
Exportação,2025,Croácia,Pará,03027100,"Tilápias (oreochromis spp.), frescas ou refrigeradas",20.0,121.0
Exportação,2025,Croácia,Pará,03035400,"Cavalinhas (Scomber scombrus, Scomber australasicus, Scomber japonicus), congeladas",20.0,133.0
Exportação,2025,Croácia,Pará,03038990,"Outros peixes congelados, exceto filés, outras carnes,etc.",10.0,176.0
Exportação,2025,Croácia,Pará,03046290,"Outros filés de peixes, congelados",20.0,167.0
Exportação,2025,Croácia,Pará,03047400,"Filés de merluzas e abroteas, congelados",5.0,53.0
Exportação,2025,Dinamarca,Pará,03024210,"Anchoita (Engraulis anchoita), frescas ou refrigeradas",15.0,92.0
Exportação,2025,Dinamarca,Pará,03024400,"Cavalinhas, frescas ou refrigeradas",15.0,80.0
Exportação,2025,Dinamarca,Pará,03038990,"Outros peixes congelados, exceto filés, outras carnes,etc.",22.0,119.0
Exportação,2025,Dinamarca,Pará,03049900,"Outras carnes de peixes, frescos, refrigerados ou congelados",21.0,166.0
Exportação,2025,Dinamarca,Pará,03069500,Camarões,15.0,207.0
Exportação,2025,Egito,Pará,03049900,"Outras carnes de peixes, frescos, refrigerados ou congelados",50.0,442.0
Exportação,2025,Egito,Pará,03063910,"Lagosta de água doce (Cherax quadricarinatus), vivo, fresco ou refrigerado",20.0,326.0
Exportação,2025,Emirados Árabes Unidos,Pará,03048600,"Filés de arenques (Clupea harengus, Clupea pallasii), congelados",550.0,1517.0
Exportação,2025,Espanha,Pará,03011190,"Outros peixes ornamentais, vivos, de água doce",26.0,3326.0
Exportação,2025,Espanha,Pará,03027290,Outros bagres frescos ou refrigerados,20.0,30.0
Exportação,2025,Espanha,Pará,03038920,"Pescadas (Cynoscion spp.), congeladas",109.0,1164.0
Exportação,2025,Estados Unidos,Pará,03011190,"Outros peixes ornamentais, vivos, de água doce",1883.0,223178.0
Exportação,2025,Estados Unidos,Pará,03024600,"Bijupira (Rachycentron canadum), fresco ou refrigerado",1010.0,6246.0
Exportação,2025,Estados Unidos,Pará,03028910,"Pargo (Lutjanus purpureus), frescos ou refrigerados",4816.0,39401.0
Exportação,2025,Estados Unidos,Pará,03028938,"Pescadas (cynocion spp.), fresca ou refrigerada",21595.0,142235.0
Exportação,2025,Estados Unidos,Pará,03028990,Outros peixes frescos ou refrigerados,59847.0,484731.0
Exportação,2025,Estados Unidos,Pará,03032300,"Tilápias (oreochromis spp.), congeladas",29400.0,77616.0
Exportação,2025,Estados Unidos,Pará,03035400,"Cavalinhas (Scomber scombrus, Scomber australasicus, Scomber japonicus), congeladas",62130.0,223871.0
Exportação,2025,Estados Unidos,Pará,03038329,"Outras partes de merluza antártica, congeladas",764.0,1008.0
Exportação,2025,Estados Unidos,Pará,03038920,"Pescadas (Cynoscion spp.), congeladas",137810.0,869645.0
Exportação,2025,Estados Unidos,Pará,03038932,"Pargo (Lutjanus purpureus), congelado",1808316.0,16572033.0
Exportação,2025,Estados Unidos,Pará,03038990,"Outros peixes congelados, exceto filés, outras carnes,etc.",1507030.0,8388849.0
Exportação,2025,Estados Unidos,Pará,03039990,"Outros subprodutos comestíveis de peixes, congelado",5052.0,14435.0
Exportação,2025,Estados Unidos,Pará,03044920,"Filé de garoupa (Acanthistius spp), fresco/refrigerado",275.0,6047.0
Exportação,2025,Estados Unidos,Pará,03048600,"Filés de arenques (Clupea harengus, Clupea pallasii), congelados",834.0,2335.0
Exportação,2025,Estados Unidos,Pará,03048910,Filé de pargo (Lutjanus purpureus),22631.0,363703.0
Exportação,2025,Estados Unidos,Pará,03048930,"Filé de garoupa (Acanthistius spp.), congelados",31663.0,554231.0
Exportação,2025,Estados Unidos,Pará,03048990,"Outros filés congelados, de peixes",152575.0,1470694.0
Exportação,2025,Estados Unidos,Pará,03049900,"Outras carnes de peixes, frescos, refrigerados ou congelados",149.0,1740.0
Exportação,2025,Estados Unidos,Pará,03057200,"Cabeças, caudas e bexigas natatórias, de peixes",1101.0,7759.0
Exportação,2025,Estados Unidos,Pará,03061110,"Lagostas (Palinurus spp., Panulirus spp., Jasus spp.) inteiras, congeladas",5220.0,114840.0
Exportação,2025,Estados Unidos,Pará,03061190,"Outras lagostas (Palinurus spp., Panulirus spp., Jasus spp.), congeladas, exceto as inteiras",4365.0,137882.0
Exportação,2025,Filipinas,Pará,03011190,"Outros peixes ornamentais, vivos, de água doce",72.0,8407.0
Exportação,2025,Grécia,Pará,03045900,"Outros filés de peixes, frescos ou refrigerados",290.0,2177.0
Exportação,2025,Grécia,Pará,03048600,"Filés de arenques (Clupea harengus, Clupea pallasii), congelados",1576.0,4341.0
Exportação,2025,Grécia,Pará,03061610,"Camarões de água fria (pandalus spp.) inteiros, congelados",10.0,53.0
Exportação,2025,Grécia,Pará,03061710,"Outros camarões inteiros, congelados",20.0,406.0
Exportação,2025,Hong Kong,Pará,03011190,"Outros peixes ornamentais, vivos, de água doce",8123.0,680657.0
Exportação,2025,Hong Kong,Pará,03021900,"Outros salmonídeos frescos, refrigerados, exceto filés, etc.",16.0,89.0
Exportação,2025,Hong Kong,Pará,03022900,"Outros peixes chatos, frescos, refrigerados, exceto filés, etc.",27.0,170.0
Exportação,2025,Hong Kong,Pará,03024400,"Cavalinhas, frescas ou refrigeradas",45.0,250.0
Exportação,2025,Hong Kong,Pará,03024910,"Espadins, marlins, veleiros (Istiophoridae), frescos ou refrigerados",50.0,73.0
Exportação,2025,Hong Kong,Pará,03024990,"Outros peixes frescos ou refrigerados, exceto os filés de peixes e outra carne de peixes da posição 03.04",5.0,46.0
Exportação,2025,Hong Kong,Pará,03027100,"Tilápias (oreochromis spp.), frescas ou refrigeradas",10.0,71.0
Exportação,2025,Hong Kong,Pará,03027290,Outros bagres frescos ou refrigerados,32.0,199.0
Exportação,2025,Hong Kong,Pará,03033900,"Outros peixes chatos, congelados, exceto filés, outras carnes, etc",100.0,374.0
Exportação,2025,Hong Kong,Pará,03034900,"Outros atuns congelados, exceto filés, outras carnes, fígados, etc",15.0,91.0
Exportação,2025,Hong Kong,Pará,03035300,"Sardinhas (Sardina pilchardus, Sardinops spp., Sardinella spp.), anchoveta (Sprattus sprattus), congeladas",15.0,58.0
Exportação,2025,Hong Kong,Pará,03035400,"Cavalinhas (Scomber scombrus, Scomber australasicus, Scomber japonicus), congeladas",30.0,258.0
Exportação,2025,Hong Kong,Pará,03035990,"Outros peixes congelados, exceto os filés de peixes e outra carne de peixes da posição 03.04",15.0,89.0
Exportação,2025,Hong Kong,Pará,03038964,"Tambaqui (Colossoma macropomum) congelado, exceto filés, outras carnes, etc",20.0,134.0
Exportação,2025,Hong Kong,Pará,03038990,"Outros peixes congelados, exceto filés, outras carnes,etc.",65.0,505.0
Exportação,2025,Hong Kong,Pará,03045900,"Outros filés de peixes, frescos ou refrigerados",1003.0,8888.0
Exportação,2025,Hong Kong,Pará,03046290,"Outros filés de peixes, congelados",10.0,84.0
Exportação,2025,Hong Kong,Pará,03049900,"Outras carnes de peixes, frescos, refrigerados ou congelados",70.0,411.0
Exportação,2025,Hong Kong,Pará,03057200,"Cabeças, caudas e bexigas natatórias, de peixes",641799.0,27369432.0
Exportação,2025,Hong Kong,Pará,03057900,"Outros desperdicios comestiveis, de peixes",954.0,19600.0
Exportação,2025,Hong Kong,Pará,03061710,"Outros camarões inteiros, congelados",200.0,3583.0
Exportação,2025,Hong Kong,Pará,03063910,"Lagosta de água doce (Cherax quadricarinatus), vivo, fresco ou refrigerado",10.0,106.0
Exportação,2025,Hong Kong,Pará,03069500,Camarões,30.0,365.0
Exportação,2025,Hong Kong,Pará,03073200,"Mexilhões (Mytilus spp., Perna spp.), congelados",15.0,110.0
Exportação,2025,Hong Kong,Pará,03074310,"Lulas, congeladas",22.0,348.0
Exportação,2025,Indonésia,Pará,03011190,"Outros peixes ornamentais, vivos, de água doce",91.0,12112.0
Exportação,2025,Itália,Pará,03011190,"Outros peixes ornamentais, vivos, de água doce",58.0,6614.0
Exportação,2025,Itália,Pará,03038964,"Tambaqui (Colossoma macropomum) congelado, exceto filés, outras carnes, etc",20.0,112.0
Exportação,2025,Itália,Pará,03046100,"Filés de tilápias (Oreochromis spp.), congelados",15.0,128.0
Exportação,2025,Itália,Pará,03049900,"Outras carnes de peixes, frescos, refrigerados ou congelados",50.0,268.0
Exportação,2025,Itália,Pará,03063910,"Lagosta de água doce (Cherax quadricarinatus), vivo, fresco ou refrigerado",15.0,205.0
Exportação,2025,Iêmen,Pará,03034400,"Albacora-bandolim (Thunnus obesus), congelados, exceto filés, fígados, ovas e sêmen",5.0,204.0
Exportação,2025,Iêmen,Pará,03038920,"Pescadas (Cynoscion spp.), congeladas",200.0,1584.0
Exportação,2025,Japão,Pará,03011190,"Outros peixes ornamentais, vivos, de água doce",834.0,139270.0
Exportação,2025,Japão,Pará,03061790,"Outros camarões, que não inteiros, congelados",115000.0,1941379.0
Exportação,2025,Jordânia,Pará,03048600,"Filés de arenques (Clupea harengus, Clupea pallasii), congelados",390.0,1066.0
Exportação,2025,Libéria,Pará,03021400,"Salmão-do-atlantico e salmão-do-danubio, fresco ou refrigerado",10.0,177.0
Exportação,2025,Libéria,Pará,03021900,"Outros salmonídeos frescos, refrigerados, exceto filés, etc.",50.0,308.0
Exportação,2025,Libéria,Pará,03022900,"Outros peixes chatos, frescos, refrigerados, exceto filés, etc.",28.0,355.0
Exportação,2025,Libéria,Pará,03023300,"Bonitos-listrados, etc, frescos, refrigerados, exceto filés, etc.",80.0,431.0
Exportação,2025,Libéria,Pará,03024290,"Outras anchovas, frescas ou refrigeradas",138.0,940.0
Exportação,2025,Libéria,Pará,03024300,"Sardinhas (sardina pilchardus, etc), anchoveta, fresca ou refrigerada",20.0,61.0
Exportação,2025,Libéria,Pará,03024400,"Cavalinhas, frescas ou refrigeradas",225.0,1292.0
Exportação,2025,Libéria,Pará,03024910,"Espadins, marlins, veleiros (Istiophoridae), frescos ou refrigerados",30.0,44.0
Exportação,2025,Libéria,Pará,03024990,"Outros peixes frescos ou refrigerados, exceto os filés de peixes e outra carne de peixes da posição 03.04",466.0,3087.0
Exportação,2025,Libéria,Pará,03027100,"Tilápias (oreochromis spp.), frescas ou refrigeradas",40.0,209.0
Exportação,2025,Libéria,Pará,03027290,Outros bagres frescos ou refrigerados,138.0,595.0
Exportação,2025,Libéria,Pará,03028922,"Garoupas (acanthistius spp.), fresco ou refrigerado",60.0,182.0
Exportação,2025,Libéria,Pará,03028938,"Pescadas (cynocion spp.), fresca ou refrigerada",35.0,110.0
Exportação,2025,Libéria,Pará,03028944,Tambaqui (Colossoma macropomum),60.0,326.0
Exportação,2025,Libéria,Pará,03028990,Outros peixes frescos ou refrigerados,100.0,533.0
Exportação,2025,Libéria,Pará,03031300,"Salmão-do-atlântico e salmão-do-danúbio, congelados",94.0,2226.0
Exportação,2025,Libéria,Pará,03032300,"Tilápias (oreochromis spp.), congeladas",28.0,167.0
Exportação,2025,Libéria,Pará,03033900,"Outros peixes chatos, congelados, exceto filés, outras carnes, etc",20.0,72.0
Exportação,2025,Libéria,Pará,03035300,"Sardinhas (Sardina pilchardus, Sardinops spp., Sardinella spp.), anchoveta (Sprattus sprattus), congeladas",53.0,342.0
Exportação,2025,Libéria,Pará,03035400,"Cavalinhas (Scomber scombrus, Scomber australasicus, Scomber japonicus), congeladas",60.0,348.0
Exportação,2025,Libéria,Pará,03038920,"Pescadas (Cynoscion spp.), congeladas",180.0,403.0
Exportação,2025,Libéria,Pará,03038964,"Tambaqui (Colossoma macropomum) congelado, exceto filés, outras carnes, etc",177.0,1108.0
Exportação,2025,Libéria,Pará,03038990,"Outros peixes congelados, exceto filés, outras carnes,etc.",431.0,3234.0
Exportação,2025,Libéria,Pará,03043290,"Filés de outros bagres, frescos, refrigerados ou congelados",20.0,116.0
Exportação,2025,Libéria,Pará,03043900,"Files/outras carnes de outros peixes, frescos, refrigerados ou congelados",66.0,422.0
Exportação,2025,Libéria,Pará,03046100,"Filés de tilápias (Oreochromis spp.), congelados",18.0,342.0
Exportação,2025,Libéria,Pará,03046290,"Outros filés de peixes, congelados",15.0,127.0
Exportação,2025,Libéria,Pará,03047400,"Filés de merluzas e abroteas, congelados",30.0,198.0
Exportação,2025,Libéria,Pará,03048990,"Outros filés congelados, de peixes",50.0,296.0
Exportação,2025,Libéria,Pará,03049900,"Outras carnes de peixes, frescos, refrigerados ou congelados",1986.0,10563.0
Exportação,2025,Libéria,Pará,03055900,"Outros peixes secos, exceto subprodutos comestíveis de peixes, mesmo salgados, mas não defumados",12.0,51.0
Exportação,2025,Libéria,Pará,03061710,"Outros camarões inteiros, congelados",30.0,340.0
Exportação,2025,Libéria,Pará,03061790,"Outros camarões, que não inteiros, congelados",40.0,573.0
Exportação,2025,Libéria,Pará,03063910,"Lagosta de água doce (Cherax quadricarinatus), vivo, fresco ou refrigerado",137.0,2287.0
Exportação,2025,Libéria,Pará,03069500,Camarões,84.0,1591.0
Exportação,2025,Libéria,Pará,03073200,"Mexilhões (Mytilus spp., Perna spp.), congelados",20.0,203.0
Exportação,2025,Libéria,Pará,03073900,"Mexilhões (Mytilus spp., Perna spp.), congelados, secos, salgados, etc",15.0,214.0
Exportação,2025,Libéria,Pará,03074310,"Lulas, congeladas",102.0,1032.0
Exportação,2025,Libéria,Pará,03074900,Outras sépias (Chocos) (Chocos e chopos); lulas (potas e lulas),10.0,153.0
Exportação,2025,Líbano,Pará,03038920,"Pescadas (Cynoscion spp.), congeladas",40.0,135.0
Exportação,2025,Malta,Pará,03011190,"Outros peixes ornamentais, vivos, de água doce",16.0,2121.0
Exportação,2025,Malta,Pará,03021900,"Outros salmonídeos frescos, refrigerados, exceto filés, etc.",100.0,657.0
Exportação,2025,Malta,Pará,03024210,"Anchoita (Engraulis anchoita), frescas ou refrigeradas",60.0,306.0
Exportação,2025,Malta,Pará,03024400,"Cavalinhas, frescas ou refrigeradas",120.0,619.0
Exportação,2025,Malta,Pará,03024990,"Outros peixes frescos ou refrigerados, exceto os filés de peixes e outra carne de peixes da posição 03.04",147.0,962.0
Exportação,2025,Malta,Pará,03027290,Outros bagres frescos ou refrigerados,46.0,340.0
Exportação,2025,Malta,Pará,03028922,"Garoupas (acanthistius spp.), fresco ou refrigerado",30.0,149.0
Exportação,2025,Malta,Pará,03031300,"Salmão-do-atlântico e salmão-do-danúbio, congelados",11.0,238.0
Exportação,2025,Malta,Pará,03038964,"Tambaqui (Colossoma macropomum) congelado, exceto filés, outras carnes, etc",137.0,913.0
Exportação,2025,Malta,Pará,03038990,"Outros peixes congelados, exceto filés, outras carnes,etc.",126.0,691.0
Exportação,2025,Malta,Pará,03043290,"Filés de outros bagres, frescos, refrigerados ou congelados",20.0,116.0
Exportação,2025,Malta,Pará,03043900,"Files/outras carnes de outros peixes, frescos, refrigerados ou congelados",71.0,423.0
Exportação,2025,Malta,Pará,03046100,"Filés de tilápias (Oreochromis spp.), congelados",10.0,195.0
Exportação,2025,Malta,Pará,03049900,"Outras carnes de peixes, frescos, refrigerados ou congelados",831.0,5469.0
Exportação,2025,Malta,Pará,03063910,"Lagosta de água doce (Cherax quadricarinatus), vivo, fresco ou refrigerado",100.0,1449.0
Exportação,2025,Malta,Pará,03069500,Camarões,20.0,328.0
Exportação,2025,Malta,Pará,03074310,"Lulas, congeladas",48.0,439.0
Exportação,2025,Malásia,Pará,03011190,"Outros peixes ornamentais, vivos, de água doce",108.0,22167.0
Exportação,2025,Marrocos,Pará,03038920,"Pescadas (Cynoscion spp.), congeladas",44.0,166.0
Exportação,2025,Marrocos,Pará,03038962,"Dourada (Brachyplatystoma flavicans), congeladas, exceto filés, outras carnes, etc.",10.0,47.0
Exportação,2025,Marrocos,Pará,03038964,"Tambaqui (Colossoma macropomum) congelado, exceto filés, outras carnes, etc",10.0,37.0
Exportação,2025,Marrocos,Pará,03049900,"Outras carnes de peixes, frescos, refrigerados ou congelados",20.0,141.0
Exportação,2025,Marrocos,Pará,03063600,"Outros camarões, vivos, frescos ou refrigerados",10.0,102.0
Exportação,2025,"Marshall, Ilhas",Pará,03021400,"Salmão-do-atlantico e salmão-do-danubio, fresco ou refrigerado",10.0,86.0
Exportação,2025,"Marshall, Ilhas",Pará,03021900,"Outros salmonídeos frescos, refrigerados, exceto filés, etc.",394.0,2738.0
Exportação,2025,"Marshall, Ilhas",Pará,03022900,"Outros peixes chatos, frescos, refrigerados, exceto filés, etc.",94.0,1037.0
Exportação,2025,"Marshall, Ilhas",Pará,03023300,"Bonitos-listrados, etc, frescos, refrigerados, exceto filés, etc.",45.0,184.0
Exportação,2025,"Marshall, Ilhas",Pará,03024210,"Anchoita (Engraulis anchoita), frescas ou refrigeradas",60.0,339.0
Exportação,2025,"Marshall, Ilhas",Pará,03024290,"Outras anchovas, frescas ou refrigeradas",77.0,409.0
Exportação,2025,"Marshall, Ilhas",Pará,03024300,"Sardinhas (sardina pilchardus, etc), anchoveta, fresca ou refrigerada",20.0,57.0
Exportação,2025,"Marshall, Ilhas",Pará,03024400,"Cavalinhas, frescas ou refrigeradas",30.0,177.0
Exportação,2025,"Marshall, Ilhas",Pará,03024910,"Espadins, marlins, veleiros (Istiophoridae), frescos ou refrigerados",70.0,133.0
Exportação,2025,"Marshall, Ilhas",Pará,03024990,"Outros peixes frescos ou refrigerados, exceto os filés de peixes e outra carne de peixes da posição 03.04",543.0,3836.0
Exportação,2025,"Marshall, Ilhas",Pará,03027100,"Tilápias (oreochromis spp.), frescas ou refrigeradas",30.0,166.0
Exportação,2025,"Marshall, Ilhas",Pará,03027290,Outros bagres frescos ou refrigerados,140.0,812.0
Exportação,2025,"Marshall, Ilhas",Pará,03028937,"Pirarucu (Arapaima gigas), fresco ou refrigerado",25.0,143.0
Exportação,2025,"Marshall, Ilhas",Pará,03028938,"Pescadas (cynocion spp.), fresca ou refrigerada",20.0,77.0
Exportação,2025,"Marshall, Ilhas",Pará,03028944,Tambaqui (Colossoma macropomum),50.0,579.0
Exportação,2025,"Marshall, Ilhas",Pará,03028990,Outros peixes frescos ou refrigerados,80.0,365.0
Exportação,2025,"Marshall, Ilhas",Pará,03031300,"Salmão-do-atlântico e salmão-do-danúbio, congelados",51.0,946.0
Exportação,2025,"Marshall, Ilhas",Pará,03031900,"Outros tipos de salmões, congelados",25.0,394.0
Exportação,2025,"Marshall, Ilhas",Pará,03032300,"Tilápias (oreochromis spp.), congeladas",44.0,241.0
Exportação,2025,"Marshall, Ilhas",Pará,03033900,"Outros peixes chatos, congelados, exceto filés, outras carnes, etc",70.0,275.0
Exportação,2025,"Marshall, Ilhas",Pará,03034300,"Bonito-listrado, congelados, exceto filés, fígados, ovas e sêmen",60.0,347.0
Exportação,2025,"Marshall, Ilhas",Pará,03035300,"Sardinhas (Sardina pilchardus, Sardinops spp., Sardinella spp.), anchoveta (Sprattus sprattus), congeladas",76.0,503.0
Exportação,2025,"Marshall, Ilhas",Pará,03035400,"Cavalinhas (Scomber scombrus, Scomber australasicus, Scomber japonicus), congeladas",80.0,475.0
Exportação,2025,"Marshall, Ilhas",Pará,03035990,"Outros peixes congelados, exceto os filés de peixes e outra carne de peixes da posição 03.04",111.0,612.0
Exportação,2025,"Marshall, Ilhas",Pará,03038964,"Tambaqui (Colossoma macropomum) congelado, exceto filés, outras carnes, etc",527.0,3709.0
Exportação,2025,"Marshall, Ilhas",Pará,03038990,"Outros peixes congelados, exceto filés, outras carnes,etc.",318.0,1352.0
Exportação,2025,"Marshall, Ilhas",Pará,03043290,"Filés de outros bagres, frescos, refrigerados ou congelados",53.0,340.0
Exportação,2025,"Marshall, Ilhas",Pará,03043900,"Files/outras carnes de outros peixes, frescos, refrigerados ou congelados",147.0,1136.0
Exportação,2025,"Marshall, Ilhas",Pará,03045100,"Filés de tilápia, bagre, carpa, enguias, fresco ou refrigerado",60.0,829.0
Exportação,2025,"Marshall, Ilhas",Pará,03045900,"Outros filés de peixes, frescos ou refrigerados",60.0,379.0
Exportação,2025,"Marshall, Ilhas",Pará,03046100,"Filés de tilápias (Oreochromis spp.), congelados",12.0,140.0
Exportação,2025,"Marshall, Ilhas",Pará,03046290,"Outros filés de peixes, congelados",10.0,62.0
Exportação,2025,"Marshall, Ilhas",Pará,03047100,"Filé de bacalhau do Atlântico, da Groelândia e do Pacífico, congelado",10.0,154.0
Exportação,2025,"Marshall, Ilhas",Pará,03048990,"Outros filés congelados, de peixes",20.0,148.0
Exportação,2025,"Marshall, Ilhas",Pará,03049900,"Outras carnes de peixes, frescos, refrigerados ou congelados",2886.0,18100.0
Exportação,2025,"Marshall, Ilhas",Pará,03055900,"Outros peixes secos, exceto subprodutos comestíveis de peixes, mesmo salgados, mas não defumados",7.0,26.0
Exportação,2025,"Marshall, Ilhas",Pará,03061400,Caranguejos congelados,33.0,381.0
Exportação,2025,"Marshall, Ilhas",Pará,03061710,"Outros camarões inteiros, congelados",30.0,469.0
Exportação,2025,"Marshall, Ilhas",Pará,03061790,"Outros camarões, que não inteiros, congelados",40.0,592.0
Exportação,2025,"Marshall, Ilhas",Pará,03063910,"Lagosta de água doce (Cherax quadricarinatus), vivo, fresco ou refrigerado",137.0,2100.0
Exportação,2025,"Marshall, Ilhas",Pará,03069500,Camarões,115.0,2028.0
Exportação,2025,"Marshall, Ilhas",Pará,03073200,"Mexilhões (Mytilus spp., Perna spp.), congelados",20.0,283.0
Exportação,2025,"Marshall, Ilhas",Pará,03073900,"Mexilhões (Mytilus spp., Perna spp.), congelados, secos, salgados, etc",30.0,437.0
Exportação,2025,"Marshall, Ilhas",Pará,03074310,"Lulas, congeladas",106.0,1117.0
Exportação,2025,"Marshall, Ilhas",Pará,03074900,Outras sépias (Chocos) (Chocos e chopos); lulas (potas e lulas),4.0,78.0
Exportação,2025,"Marshall, Ilhas",Pará,03075100,"Polvos (Octopus spp) vivos, frescos ou refrigerados",10.0,250.0
Exportação,2025,Noruega,Pará,03011190,"Outros peixes ornamentais, vivos, de água doce",20.0,1807.0
Exportação,2025,Panamá,Pará,03021900,"Outros salmonídeos frescos, refrigerados, exceto filés, etc.",77.0,447.0
Exportação,2025,Panamá,Pará,03022900,"Outros peixes chatos, frescos, refrigerados, exceto filés, etc.",49.0,492.0
Exportação,2025,Panamá,Pará,03023300,"Bonitos-listrados, etc, frescos, refrigerados, exceto filés, etc.",120.0,565.0
Exportação,2025,Panamá,Pará,03024290,"Outras anchovas, frescas ou refrigeradas",50.0,347.0
Exportação,2025,Panamá,Pará,03024300,"Sardinhas (sardina pilchardus, etc), anchoveta, fresca ou refrigerada",30.0,84.0
Exportação,2025,Panamá,Pará,03024910,"Espadins, marlins, veleiros (Istiophoridae), frescos ou refrigerados",40.0,49.0
Exportação,2025,Panamá,Pará,03024990,"Outros peixes frescos ou refrigerados, exceto os filés de peixes e outra carne de peixes da posição 03.04",50.0,310.0
Exportação,2025,Panamá,Pará,03027100,"Tilápias (oreochromis spp.), frescas ou refrigeradas",30.0,244.0
Exportação,2025,Panamá,Pará,03027290,Outros bagres frescos ou refrigerados,96.0,399.0
Exportação,2025,Panamá,Pará,03028922,"Garoupas (acanthistius spp.), fresco ou refrigerado",45.0,158.0
Exportação,2025,Panamá,Pará,03028944,Tambaqui (Colossoma macropomum),20.0,86.0
Exportação,2025,Panamá,Pará,03028990,Outros peixes frescos ou refrigerados,20.0,55.0
Exportação,2025,Panamá,Pará,03031300,"Salmão-do-atlântico e salmão-do-danúbio, congelados",35.0,809.0
Exportação,2025,Panamá,Pará,03031900,"Outros tipos de salmões, congelados",15.0,174.0
Exportação,2025,Panamá,Pará,03033900,"Outros peixes chatos, congelados, exceto filés, outras carnes, etc",100.0,344.0
Exportação,2025,Panamá,Pará,03035300,"Sardinhas (Sardina pilchardus, Sardinops spp., Sardinella spp.), anchoveta (Sprattus sprattus), congeladas",35.0,130.0
Exportação,2025,Panamá,Pará,03035400,"Cavalinhas (Scomber scombrus, Scomber australasicus, Scomber japonicus), congeladas",30.0,226.0
Exportação,2025,Panamá,Pará,03038910,"Corvina (Micropogonias furnieri), congelada",20.0,107.0
Exportação,2025,Panamá,Pará,03038964,"Tambaqui (Colossoma macropomum) congelado, exceto filés, outras carnes, etc",113.0,698.0
Exportação,2025,Panamá,Pará,03038990,"Outros peixes congelados, exceto filés, outras carnes,etc.",240.0,1135.0
Exportação,2025,Panamá,Pará,03043290,"Filés de outros bagres, frescos, refrigerados ou congelados",80.0,273.0
Exportação,2025,Panamá,Pará,03043900,"Files/outras carnes de outros peixes, frescos, refrigerados ou congelados",80.0,523.0
Exportação,2025,Panamá,Pará,03046290,"Outros filés de peixes, congelados",30.0,265.0
Exportação,2025,Panamá,Pará,03047400,"Filés de merluzas e abroteas, congelados",20.0,43.0
Exportação,2025,Panamá,Pará,03048600,"Filés de arenques (Clupea harengus, Clupea pallasii), congelados",200.0,870.0
Exportação,2025,Panamá,Pará,03049900,"Outras carnes de peixes, frescos, refrigerados ou congelados",1097.0,5351.0
Exportação,2025,Panamá,Pará,03061710,"Outros camarões inteiros, congelados",65.0,527.0
Exportação,2025,Panamá,Pará,03061790,"Outros camarões, que não inteiros, congelados",42.0,507.0
Exportação,2025,Panamá,Pará,03061990,"Outros crustáceos congelados, inclusive farinhas, etc, para alimentação humana",5.0,23.0
Exportação,2025,Panamá,Pará,03063910,"Lagosta de água doce (Cherax quadricarinatus), vivo, fresco ou refrigerado",90.0,1252.0
Exportação,2025,Panamá,Pará,03069500,Camarões,25.0,456.0
Exportação,2025,Panamá,Pará,03074310,"Lulas, congeladas",51.0,407.0
Exportação,2025,Países Baixos (Holanda),Pará,03038932,"Pargo (Lutjanus purpureus), congelado",9072.0,96910.0
Exportação,2025,Polônia,Pará,03011190,"Outros peixes ornamentais, vivos, de água doce",110.0,19324.0
Exportação,2025,Portugal,Pará,03011190,"Outros peixes ornamentais, vivos, de água doce",70.0,2283.0
Exportação,2025,Portugal,Pará,03021900,"Outros salmonídeos frescos, refrigerados, exceto filés, etc.",21.0,125.0
Exportação,2025,Portugal,Pará,03022900,"Outros peixes chatos, frescos, refrigerados, exceto filés, etc.",30.0,325.0
Exportação,2025,Portugal,Pará,03024290,"Outras anchovas, frescas ou refrigeradas",20.0,118.0
Exportação,2025,Portugal,Pará,03024400,"Cavalinhas, frescas ou refrigeradas",45.0,266.0
Exportação,2025,Portugal,Pará,03027290,Outros bagres frescos ou refrigerados,25.0,97.0
Exportação,2025,Portugal,Pará,03028990,Outros peixes frescos ou refrigerados,10.0,57.0
Exportação,2025,Portugal,Pará,03031300,"Salmão-do-atlântico e salmão-do-danúbio, congelados",15.0,341.0
Exportação,2025,Portugal,Pará,03032300,"Tilápias (oreochromis spp.), congeladas",20.0,127.0
Exportação,2025,Portugal,Pará,03035300,"Sardinhas (Sardina pilchardus, Sardinops spp., Sardinella spp.), anchoveta (Sprattus sprattus), congeladas",25.0,103.0
Exportação,2025,Portugal,Pará,03038964,"Tambaqui (Colossoma macropomum) congelado, exceto filés, outras carnes, etc",20.0,121.0
Exportação,2025,Portugal,Pará,03038990,"Outros peixes congelados, exceto filés, outras carnes,etc.",60.0,381.0
Exportação,2025,Portugal,Pará,03045100,"Filés de tilápia, bagre, carpa, enguias, fresco ou refrigerado",20.0,185.0
Exportação,2025,Portugal,Pará,03049900,"Outras carnes de peixes, frescos, refrigerados ou congelados",446.0,3096.0
Exportação,2025,Portugal,Pará,03061400,Caranguejos congelados,10.0,169.0
Exportação,2025,Portugal,Pará,03063910,"Lagosta de água doce (Cherax quadricarinatus), vivo, fresco ou refrigerado",55.0,911.0
Exportação,2025,Portugal,Pará,03069500,Camarões,5.0,79.0
Exportação,2025,Portugal,Pará,03074310,"Lulas, congeladas",10.0,166.0
Exportação,2025,Reino Unido,Pará,03011190,"Outros peixes ornamentais, vivos, de água doce",995.0,126550.0
Exportação,2025,Reino Unido,Pará,03021900,"Outros salmonídeos frescos, refrigerados, exceto filés, etc.",40.0,255.0
Exportação,2025,Reino Unido,Pará,03024400,"Cavalinhas, frescas ou refrigeradas",15.0,94.0
Exportação,2025,Reino Unido,Pará,03024990,"Outros peixes frescos ou refrigerados, exceto os filés de peixes e outra carne de peixes da posição 03.04",20.0,120.0
Exportação,2025,Reino Unido,Pará,03028944,Tambaqui (Colossoma macropomum),10.0,61.0
Exportação,2025,Reino Unido,Pará,03034200,"Albacora-laje (Thunnus albacares), congeladas, exceto filés, etc",92.0,214.0
Exportação,2025,Reino Unido,Pará,03035300,"Sardinhas (Sardina pilchardus, Sardinops spp., Sardinella spp.), anchoveta (Sprattus sprattus), congeladas",22.0,88.0
Exportação,2025,Reino Unido,Pará,03038964,"Tambaqui (Colossoma macropomum) congelado, exceto filés, outras carnes, etc",30.0,166.0
Exportação,2025,Reino Unido,Pará,03049900,"Outras carnes de peixes, frescos, refrigerados ou congelados",506.0,2916.0
Exportação,2025,Reino Unido,Pará,03063910,"Lagosta de água doce (Cherax quadricarinatus), vivo, fresco ou refrigerado",28.0,391.0
Exportação,2025,Reino Unido,Pará,03069500,Camarões,20.0,271.0
Exportação,2025,Reino Unido,Pará,03075100,"Polvos (Octopus spp) vivos, frescos ou refrigerados",5.0,44.0
Exportação,2025,República Dominicana,Pará,03024910,"Espadins, marlins, veleiros (Istiophoridae), frescos ou refrigerados",50.0,79.0
Exportação,2025,República Dominicana,Pará,03038932,"Pargo (Lutjanus purpureus), congelado",60797.0,600302.0
Exportação,2025,República Dominicana,Pará,03038990,"Outros peixes congelados, exceto filés, outras carnes,etc.",19976.0,196840.0
Exportação,2025,Singapura,Pará,03011190,"Outros peixes ornamentais, vivos, de água doce",830.0,120769.0
Exportação,2025,Singapura,Pará,03021900,"Outros salmonídeos frescos, refrigerados, exceto filés, etc.",32.0,199.0
Exportação,2025,Singapura,Pará,03023300,"Bonitos-listrados, etc, frescos, refrigerados, exceto filés, etc.",40.0,293.0
Exportação,2025,Singapura,Pará,03027290,Outros bagres frescos ou refrigerados,55.0,185.0
Exportação,2025,Singapura,Pará,03028922,"Garoupas (acanthistius spp.), fresco ou refrigerado",6.0,16.0
Exportação,2025,Singapura,Pará,03028938,"Pescadas (cynocion spp.), fresca ou refrigerada",5.0,11.0
Exportação,2025,Singapura,Pará,03028990,Outros peixes frescos ou refrigerados,20.0,38.0
Exportação,2025,Singapura,Pará,03031300,"Salmão-do-atlântico e salmão-do-danúbio, congelados",33.0,611.0
Exportação,2025,Singapura,Pará,03035400,"Cavalinhas (Scomber scombrus, Scomber australasicus, Scomber japonicus), congeladas",10.0,49.0
Exportação,2025,Singapura,Pará,03038964,"Tambaqui (Colossoma macropomum) congelado, exceto filés, outras carnes, etc",134.0,1139.0
Exportação,2025,Singapura,Pará,03038990,"Outros peixes congelados, exceto filés, outras carnes,etc.",105.0,456.0
Exportação,2025,Singapura,Pará,03043900,"Files/outras carnes de outros peixes, frescos, refrigerados ou congelados",21.0,166.0
Exportação,2025,Singapura,Pará,03045900,"Outros filés de peixes, frescos ou refrigerados",610.0,3795.0
Exportação,2025,Singapura,Pará,03046290,"Outros filés de peixes, congelados",20.0,36.0
Exportação,2025,Singapura,Pará,03049900,"Outras carnes de peixes, frescos, refrigerados ou congelados",428.0,2327.0
Exportação,2025,Singapura,Pará,03055900,"Outros peixes secos, exceto subprodutos comestíveis de peixes, mesmo salgados, mas não defumados",15.0,15.0
Exportação,2025,Singapura,Pará,03061400,Caranguejos congelados,8.0,119.0
Exportação,2025,Singapura,Pará,03061710,"Outros camarões inteiros, congelados",45.0,476.0
Exportação,2025,Singapura,Pará,03063910,"Lagosta de água doce (Cherax quadricarinatus), vivo, fresco ou refrigerado",85.0,1329.0
Exportação,2025,Singapura,Pará,03073100,"Mexilhões (Mytilus spp., Perna spp.), vivos, frescos, refrigerados",10.0,76.0
Exportação,2025,Singapura,Pará,03074310,"Lulas, congeladas",20.0,239.0
Exportação,2025,Suriname,Pará,03038920,"Pescadas (Cynoscion spp.), congeladas",202355.0,819274.0
Exportação,2025,Suriname,Pará,03038954,"Traíra (Hoplias malabaricus e H. cf. lacerdae) (congeladas), exceto filés, outras carnes, etc",440.0,504.0
Exportação,2025,Suriname,Pará,03038990,"Outros peixes congelados, exceto filés, outras carnes,etc.",7000.0,8017.0
Exportação,2025,Suécia,Pará,03011190,"Outros peixes ornamentais, vivos, de água doce",121.0,14222.0
Exportação,2025,Tailândia,Pará,03011190,"Outros peixes ornamentais, vivos, de água doce",69.0,5420.0
Exportação,2025,Taiwan (Formosa),Pará,03011190,"Outros peixes ornamentais, vivos, de água doce",3056.0,435964.0
Exportação,2025,Taiwan (Formosa),Pará,03057200,"Cabeças, caudas e bexigas natatórias, de peixes",50.0,2004.0
Exportação,2025,Áustria,Pará,03011190,"Outros peixes ornamentais, vivos, de água doce",13.0,3147.0
Exportação,2025,Índia,Pará,03027290,Outros bagres frescos ou refrigerados,12.0,42.0
Exportação,2025,Índia,Pará,03038964,"Tambaqui (Colossoma macropomum) congelado, exceto filés, outras carnes, etc",20.0,110.0
Exportação,2025,Índia,Pará,03047100,"Filé de bacalhau do Atlântico, da Groelândia e do Pacífico, congelado",5.0,98.0
Exportação,2025,Índia,Pará,03049900,"Outras carnes de peixes, frescos, refrigerados ou congelados",30.0,126.0
Exportação,2025,Índia,Pará,03057200,"Cabeças, caudas e bexigas natatórias, de peixes",598.0,6012.0
Importação,2024,Chile,Pará,03021400,"Salmão-do-atlantico e salmão-do-danubio, fresco ou refrigerado",1728.0,9944.0
