ano,codigo_municipio,municipio,uf,codigo_produto,produto,producao_t
2024,1100015,Alta Floresta D'Oeste - RO,Rondônia,32867,"Jatuarana, piabanha e piracanjuba",3.05
2024,1100015,Alta Floresta D'Oeste - RO,Rondônia,32869,Matrinxã,0.38
2024,1100015,Alta Floresta D'Oeste - RO,Rondônia,32870,Pacu e patinga,2.85
2024,1100015,Alta Floresta D'Oeste - RO,Rondônia,32871,"Piau, piapara, piauçu, piava",2.85
2024,1100015,Alta Floresta D'Oeste - RO,Rondônia,32872,"Pintado, cachara, cachapira e pintachara, surubim",37.85
2024,1100015,Alta Floresta D'Oeste - RO,Rondônia,32873,Pirapitinga,1.12
2024,1100015,Alta Floresta D'Oeste - RO,Rondônia,32874,Pirarucu,4.85
2024,1100015,Alta Floresta D'Oeste - RO,Rondônia,32875,"Tambacu, tambatinga",176.52
2024,1100015,Alta Floresta D'Oeste - RO,Rondônia,32876,Tambaqui,1665.385
2024,1100015,Alta Floresta D'Oeste - RO,Rondônia,32877,Tilápia,5.48
2024,1100015,Alta Floresta D'Oeste - RO,Rondônia,32881,Outros peixes,3.0
2024,1100023,Ariquemes - RO,Rondônia,32865,"Curimatã, curimbatá",22.254
2024,1100023,Ariquemes - RO,Rondônia,32867,"Jatuarana, piabanha e piracanjuba",8.6
2024,1100023,Ariquemes - RO,Rondônia,32869,Matrinxã,16.128
2024,1100023,Ariquemes - RO,Rondônia,32870,Pacu e patinga,98.38
2024,1100023,Ariquemes - RO,Rondônia,32871,"Piau, piapara, piauçu, piava",1.698
2024,1100023,Ariquemes - RO,Rondônia,32872,"Pintado, cachara, cachapira e pintachara, surubim",645.25
2024,1100023,Ariquemes - RO,Rondônia,32873,Pirapitinga,11.25
2024,1100023,Ariquemes - RO,Rondônia,32874,Pirarucu,285.46
2024,1100023,Ariquemes - RO,Rondônia,32875,"Tambacu, tambatinga",1168.797
2024,1100023,Ariquemes - RO,Rondônia,32876,Tambaqui,11697.986
2024,1100023,Ariquemes - RO,Rondônia,32877,Tilápia,1.514
2024,1100031,Cabixi - RO,Rondônia,32867,"Jatuarana, piabanha e piracanjuba",0.16
2024,1100031,Cabixi - RO,Rondônia,32870,Pacu e patinga,1.23
2024,1100031,Cabixi - RO,Rondônia,32872,"Pintado, cachara, cachapira e pintachara, surubim",2.064
2024,1100031,Cabixi - RO,Rondônia,32874,Pirarucu,4.25
2024,1100031,Cabixi - RO,Rondônia,32875,"Tambacu, tambatinga",2.88
2024,1100031,Cabixi - RO,Rondônia,32876,Tambaqui,90.824
2024,1100031,Cabixi - RO,Rondônia,32877,Tilápia,1.95
2024,1100031,Cabixi - RO,Rondônia,32881,Outros peixes,2.2
2024,1100049,Cacoal - RO,Rondônia,32865,"Curimatã, curimbatá",1.78
2024,1100049,Cacoal - RO,Rondônia,32867,"Jatuarana, piabanha e piracanjuba",0.28
2024,1100049,Cacoal - RO,Rondônia,32870,Pacu e patinga,0.58
2024,1100049,Cacoal - RO,Rondônia,32871,"Piau, piapara, piauçu, piava",2.1
2024,1100049,Cacoal - RO,Rondônia,32872,"Pintado, cachara, cachapira e pintachara, surubim",9.289
2024,1100049,Cacoal - RO,Rondônia,32873,Pirapitinga,0.68
2024,1100049,Cacoal - RO,Rondônia,32874,Pirarucu,5.98
2024,1100049,Cacoal - RO,Rondônia,32875,"Tambacu, tambatinga",5.89
2024,1100049,Cacoal - RO,Rondônia,32876,Tambaqui,408.707
2024,1100049,Cacoal - RO,Rondônia,32877,Tilápia,4.0
2024,1100056,Cerejeiras - RO,Rondônia,32867,"Jatuarana, piabanha e piracanjuba",0.15
2024,1100056,Cerejeiras - RO,Rondônia,32870,Pacu e patinga,0.6
2024,1100056,Cerejeiras - RO,Rondônia,32872,"Pintado, cachara, cachapira e pintachara, surubim",1.053
2024,1100056,Cerejeiras - RO,Rondônia,32874,Pirarucu,0.75
2024,1100056,Cerejeiras - RO,Rondônia,32876,Tambaqui,41.914
2024,1100056,Cerejeiras - RO,Rondônia,32877,Tilápia,0.4
2024,1100064,Colorado do Oeste - RO,Rondônia,32867,"Jatuarana, piabanha e piracanjuba",0.35
2024,1100064,Colorado do Oeste - RO,Rondônia,32870,Pacu e patinga,1.62
2024,1100064,Colorado do Oeste - RO,Rondônia,32871,"Piau, piapara, piauçu, piava",0.4
2024,1100064,Colorado do Oeste - RO,Rondônia,32872,"Pintado, cachara, cachapira e pintachara, surubim",3.847
2024,1100064,Colorado do Oeste - RO,Rondônia,32874,Pirarucu,2.18
2024,1100064,Colorado do Oeste - RO,Rondônia,32875,"Tambacu, tambatinga",2.82
2024,1100064,Colorado do Oeste - RO,Rondônia,32876,Tambaqui,169.272
2024,1100064,Colorado do Oeste - RO,Rondônia,32877,Tilápia,2.54
2024,1100072,Corumbiara - RO,Rondônia,32865,"Curimatã, curimbatá",0.25
2024,1100072,Corumbiara - RO,Rondônia,32867,"Jatuarana, piabanha e piracanjuba",0.04
2024,1100072,Corumbiara - RO,Rondônia,32869,Matrinxã,0.085
2024,1100072,Corumbiara - RO,Rondônia,32870,Pacu e patinga,0.98
2024,1100072,Corumbiara - RO,Rondônia,32871,"Piau, piapara, piauçu, piava",0.21
2024,1100072,Corumbiara - RO,Rondônia,32872,"Pintado, cachara, cachapira e pintachara, surubim",4.95
2024,1100072,Corumbiara - RO,Rondônia,32874,Pirarucu,1.48
2024,1100072,Corumbiara - RO,Rondônia,32875,"Tambacu, tambatinga",3.98
2024,1100072,Corumbiara - RO,Rondônia,32876,Tambaqui,118.65
2024,1100072,Corumbiara - RO,Rondônia,32877,Tilápia,0.82
2024,1100080,Costa Marques - RO,Rondônia,32867,"Jatuarana, piabanha e piracanjuba",0.275
2024,1100080,Costa Marques - RO,Rondônia,32870,Pacu e patinga,1.42
2024,1100080,Costa Marques - RO,Rondônia,32871,"Piau, piapara, piauçu, piava",0.4
2024,1100080,Costa Marques - RO,Rondônia,32872,"Pintado, cachara, cachapira e pintachara, surubim",2.28
2024,1100080,Costa Marques - RO,Rondônia,32874,Pirarucu,1.28
2024,1100080,Costa Marques - RO,Rondônia,32876,Tambaqui,125.48
2024,1100080,Costa Marques - RO,Rondônia,32877,Tilápia,1.7
2024,1100098,Espigão D'Oeste - RO,Rondônia,32867,"Jatuarana, piabanha e piracanjuba",0.16
2024,1100098,Espigão D'Oeste - RO,Rondônia,32869,Matrinxã,0.34
2024,1100098,Espigão D'Oeste - RO,Rondônia,32870,Pacu e patinga,1.38
2024,1100098,Espigão D'Oeste - RO,Rondônia,32871,"Piau, piapara, piauçu, piava",0.3
2024,1100098,Espigão D'Oeste - RO,Rondônia,32872,"Pintado, cachara, cachapira e pintachara, surubim",7.98
2024,1100098,Espigão D'Oeste - RO,Rondônia,32874,Pirarucu,3.14
2024,1100098,Espigão D'Oeste - RO,Rondônia,32875,"Tambacu, tambatinga",6.12
2024,1100098,Espigão D'Oeste - RO,Rondônia,32876,Tambaqui,253.18
2024,1100098,Espigão D'Oeste - RO,Rondônia,32877,Tilápia,1.6
2024,1100106,Guajará-Mirim - RO,Rondônia,32865,"Curimatã, curimbatá",0.125
2024,1100106,Guajará-Mirim - RO,Rondônia,32867,"Jatuarana, piabanha e piracanjuba",0.28
2024,1100106,Guajará-Mirim - RO,Rondônia,32870,Pacu e patinga,0.54
2024,1100106,Guajará-Mirim - RO,Rondônia,32872,"Pintado, cachara, cachapira e pintachara, surubim",1.59
2024,1100106,Guajará-Mirim - RO,Rondônia,32874,Pirarucu,1.05
2024,1100106,Guajará-Mirim - RO,Rondônia,32875,"Tambacu, tambatinga",3.85
2024,1100106,Guajará-Mirim - RO,Rondônia,32876,Tambaqui,45.85
2024,1100106,Guajará-Mirim - RO,Rondônia,32877,Tilápia,0.8
2024,1100114,Jaru - RO,Rondônia,32867,"Jatuarana, piabanha e piracanjuba",0.26
2024,1100114,Jaru - RO,Rondônia,32869,Matrinxã,0.65
2024,1100114,Jaru - RO,Rondônia,32870,Pacu e patinga,1.58
2024,1100114,Jaru - RO,Rondônia,32871,"Piau, piapara, piauçu, piava",0.415
2024,1100114,Jaru - RO,Rondônia,32872,"Pintado, cachara, cachapira e pintachara, surubim",15.23
2024,1100114,Jaru - RO,Rondônia,32873,Pirapitinga,0.55
2024,1100114,Jaru - RO,Rondônia,32874,Pirarucu,13.58
2024,1100114,Jaru - RO,Rondônia,32875,"Tambacu, tambatinga",134.371
2024,1100114,Jaru - RO,Rondônia,32876,Tambaqui,1343.707
2024,1100114,Jaru - RO,Rondônia,32877,Tilápia,6.25
2024,1100122,Ji-Paraná - RO,Rondônia,32865,"Curimatã, curimbatá",0.1
2024,1100122,Ji-Paraná - RO,Rondônia,32867,"Jatuarana, piabanha e piracanjuba",0.23
2024,1100122,Ji-Paraná - RO,Rondônia,32869,Matrinxã,0.68
2024,1100122,Ji-Paraná - RO,Rondônia,32870,Pacu e patinga,2.97
2024,1100122,Ji-Paraná - RO,Rondônia,32871,"Piau, piapara, piauçu, piava",0.65
2024,1100122,Ji-Paraná - RO,Rondônia,32872,"Pintado, cachara, cachapira e pintachara, surubim",14.203
2024,1100122,Ji-Paraná - RO,Rondônia,32873,Pirapitinga,0.5
2024,1100122,Ji-Paraná - RO,Rondônia,32874,Pirarucu,12.58
2024,1100122,Ji-Paraná - RO,Rondônia,32875,"Tambacu, tambatinga",6.58
2024,1100122,Ji-Paraná - RO,Rondônia,32876,Tambaqui,1050.123
2024,1100122,Ji-Paraná - RO,Rondônia,32877,Tilápia,6.0
2024,1100122,Ji-Paraná - RO,Rondônia,32881,Outros peixes,3.0
2024,1100130,Machadinho D'Oeste - RO,Rondônia,32867,"Jatuarana, piabanha e piracanjuba",0.62
2024,1100130,Machadinho D'Oeste - RO,Rondônia,32870,Pacu e patinga,1.7
2024,1100130,Machadinho D'Oeste - RO,Rondônia,32871,"Piau, piapara, piauçu, piava",0.28
2024,1100130,Machadinho D'Oeste - RO,Rondônia,32872,"Pintado, cachara, cachapira e pintachara, surubim",5.05
2024,1100130,Machadinho D'Oeste - RO,Rondônia,32874,Pirarucu,33.14
2024,1100130,Machadinho D'Oeste - RO,Rondônia,32875,"Tambacu, tambatinga",197.544
2024,1100130,Machadinho D'Oeste - RO,Rondônia,32876,Tambaqui,2345.983
2024,1100130,Machadinho D'Oeste - RO,Rondônia,32877,Tilápia,2.0
2024,1100130,Machadinho D'Oeste - RO,Rondônia,32881,Outros peixes,5.12
2024,1100148,Nova Brasilândia D'Oeste - RO,Rondônia,32861,Carpa,0.02
2024,1100148,Nova Brasilândia D'Oeste - RO,Rondônia,32867,"Jatuarana, piabanha e piracanjuba",0.31
2024,1100148,Nova Brasilândia D'Oeste - RO,Rondônia,32869,Matrinxã,0.15
2024,1100148,Nova Brasilândia D'Oeste - RO,Rondônia,32870,Pacu e patinga,1.48
2024,1100148,Nova Brasilândia D'Oeste - RO,Rondônia,32871,"Piau, piapara, piauçu, piava",0.325
2024,1100148,Nova Brasilândia D'Oeste - RO,Rondônia,32872,"Pintado, cachara, cachapira e pintachara, surubim",10.431
2024,1100148,Nova Brasilândia D'Oeste - RO,Rondônia,32873,Pirapitinga,0.1
2024,1100148,Nova Brasilândia D'Oeste - RO,Rondônia,32874,Pirarucu,2.58
2024,1100148,Nova Brasilândia D'Oeste - RO,Rondônia,32875,"Tambacu, tambatinga",14.56
2024,1100148,Nova Brasilândia D'Oeste - RO,Rondônia,32876,Tambaqui,265.348
2024,1100148,Nova Brasilândia D'Oeste - RO,Rondônia,32877,Tilápia,1.4
2024,1100148,Nova Brasilândia D'Oeste - RO,Rondônia,32881,Outros peixes,1.2
2024,1100155,Ouro Preto do Oeste - RO,Rondônia,32867,"Jatuarana, piabanha e piracanjuba",0.3
2024,1100155,Ouro Preto do Oeste - RO,Rondônia,32870,Pacu e patinga,2.38
2024,1100155,Ouro Preto do Oeste - RO,Rondônia,32872,"Pintado, cachara, cachapira e pintachara, surubim",35.42
2024,1100155,Ouro Preto do Oeste - RO,Rondônia,32874,Pirarucu,10.14
2024,1100155,Ouro Preto do Oeste - RO,Rondônia,32876,Tambaqui,2655.868
2024,1100155,Ouro Preto do Oeste - RO,Rondônia,32877,Tilápia,3.85
2024,1100189,Pimenta Bueno - RO,Rondônia,32861,Carpa,0.05
2024,1100189,Pimenta Bueno - RO,Rondônia,32867,"Jatuarana, piabanha e piracanjuba",0.12
2024,1100189,Pimenta Bueno - RO,Rondônia,32869,Matrinxã,0.4
2024,1100189,Pimenta Bueno - RO,Rondônia,32870,Pacu e patinga,0.42
2024,1100189,Pimenta Bueno - RO,Rondônia,32871,"Piau, piapara, piauçu, piava",0.348
2024,1100189,Pimenta Bueno - RO,Rondônia,32872,"Pintado, cachara, cachapira e pintachara, surubim",18.56
2024,1100189,Pimenta Bueno - RO,Rondônia,32874,Pirarucu,6.27
2024,1100189,Pimenta Bueno - RO,Rondônia,32875,"Tambacu, tambatinga",22.85
2024,1100189,Pimenta Bueno - RO,Rondônia,32876,Tambaqui,438.45
2024,1100189,Pimenta Bueno - RO,Rondônia,32877,Tilápia,3.28
2024,1100189,Pimenta Bueno - RO,Rondônia,32881,Outros peixes,1.8
2024,1100205,Porto Velho - RO,Rondônia,32861,Carpa,0.38
2024,1100205,Porto Velho - RO,Rondônia,32865,"Curimatã, curimbatá",2.45
2024,1100205,Porto Velho - RO,Rondônia,32867,"Jatuarana, piabanha e piracanjuba",1.42
2024,1100205,Porto Velho - RO,Rondônia,32869,Matrinxã,1.589
2024,1100205,Porto Velho - RO,Rondônia,32870,Pacu e patinga,15.864
2024,1100205,Porto Velho - RO,Rondônia,32871,"Piau, piapara, piauçu, piava",2.503
2024,1100205,Porto Velho - RO,Rondônia,32872,"Pintado, cachara, cachapira e pintachara, surubim",58.756
2024,1100205,Porto Velho - RO,Rondônia,32873,Pirapitinga,1.469
2024,1100205,Porto Velho - RO,Rondônia,32874,Pirarucu,8.75
2024,1100205,Porto Velho - RO,Rondônia,32875,"Tambacu, tambatinga",13.85
2024,1100205,Porto Velho - RO,Rondônia,32876,Tambaqui,1618.575
2024,1100205,Porto Velho - RO,Rondônia,32877,Tilápia,12.28
2024,1100205,Porto Velho - RO,Rondônia,32881,Outros peixes,3.5
2024,1100254,Presidente Médici - RO,Rondônia,32867,"Jatuarana, piabanha e piracanjuba",4.12
2024,1100254,Presidente Médici - RO,Rondônia,32869,Matrinxã,0.58
2024,1100254,Presidente Médici - RO,Rondônia,32870,Pacu e patinga,3.28
2024,1100254,Presidente Médici - RO,Rondônia,32871,"Piau, piapara, piauçu, piava",1.15
2024,1100254,Presidente Médici - RO,Rondônia,32872,"Pintado, cachara, cachapira e pintachara, surubim",16.34
2024,1100254,Presidente Médici - RO,Rondônia,32874,Pirarucu,10.85
2024,1100254,Presidente Médici - RO,Rondônia,32875,"Tambacu, tambatinga",71.872
2024,1100254,Presidente Médici - RO,Rondônia,32876,Tambaqui,718.716
2024,1100254,Presidente Médici - RO,Rondônia,32877,Tilápia,6.2
2024,1100254,Presidente Médici - RO,Rondônia,32881,Outros peixes,2.2
2024,1100262,Rio Crespo - RO,Rondônia,32861,Carpa,0.05
2024,1100262,Rio Crespo - RO,Rondônia,32865,"Curimatã, curimbatá",2.28
2024,1100262,Rio Crespo - RO,Rondônia,32867,"Jatuarana, piabanha e piracanjuba",3.25
2024,1100262,Rio Crespo - RO,Rondônia,32869,Matrinxã,0.75
2024,1100262,Rio Crespo - RO,Rondônia,32870,Pacu e patinga,0.35
2024,1100262,Rio Crespo - RO,Rondônia,32871,"Piau, piapara, piauçu, piava",0.45
2024,1100262,Rio Crespo - RO,Rondônia,32872,"Pintado, cachara, cachapira e pintachara, surubim",46.814
2024,1100262,Rio Crespo - RO,Rondônia,32873,Pirapitinga,0.6
2024,1100262,Rio Crespo - RO,Rondônia,32874,Pirarucu,12.39
2024,1100262,Rio Crespo - RO,Rondônia,32875,"Tambacu, tambatinga",230.815
2024,1100262,Rio Crespo - RO,Rondônia,32876,Tambaqui,2328.15
2024,1100262,Rio Crespo - RO,Rondônia,32877,Tilápia,2.05
2024,1100262,Rio Crespo - RO,Rondônia,32881,Outros peixes,3.5
2024,1100288,Rolim de Moura - RO,Rondônia,32865,"Curimatã, curimbatá",0.15
2024,1100288,Rolim de Moura - RO,Rondônia,32867,"Jatuarana, piabanha e piracanjuba",0.3
2024,1100288,Rolim de Moura - RO,Rondônia,32870,Pacu e patinga,1.12
2024,1100288,Rolim de Moura - RO,Rondônia,32871,"Piau, piapara, piauçu, piava",0.9
2024,1100288,Rolim de Moura - RO,Rondônia,32872,"Pintado, cachara, cachapira e pintachara, surubim",17.416
2024,1100288,Rolim de Moura - RO,Rondônia,32874,Pirarucu,6.78
2024,1100288,Rolim de Moura - RO,Rondônia,32875,"Tambacu, tambatinga",10.12
2024,1100288,Rolim de Moura - RO,Rondônia,32876,Tambaqui,766.307
2024,1100288,Rolim de Moura - RO,Rondônia,32877,Tilápia,3.45
2024,1100288,Rolim de Moura - RO,Rondônia,32881,Outros peixes,1.5
2024,1100296,Santa Luzia D'Oeste - RO,Rondônia,32867,"Jatuarana, piabanha e piracanjuba",0.38
2024,1100296,Santa Luzia D'Oeste - RO,Rondônia,32870,Pacu e patinga,1.78
2024,1100296,Santa Luzia D'Oeste - RO,Rondônia,32871,"Piau, piapara, piauçu, piava",0.465
2024,1100296,Santa Luzia D'Oeste - RO,Rondônia,32872,"Pintado, cachara, cachapira e pintachara, surubim",14.39
2024,1100296,Santa Luzia D'Oeste - RO,Rondônia,32874,Pirarucu,2.85
2024,1100296,Santa Luzia D'Oeste - RO,Rondônia,32876,Tambaqui,287.771
2024,1100296,Santa Luzia D'Oeste - RO,Rondônia,32877,Tilápia,2.0
2024,1100304,Vilhena - RO,Rondônia,32865,"Curimatã, curimbatá",1.2
2024,1100304,Vilhena - RO,Rondônia,32867,"Jatuarana, piabanha e piracanjuba",2.85
2024,1100304,Vilhena - RO,Rondônia,32869,Matrinxã,7.65
2024,1100304,Vilhena - RO,Rondônia,32870,Pacu e patinga,5.85
2024,1100304,Vilhena - RO,Rondônia,32871,"Piau, piapara, piauçu, piava",0.48
2024,1100304,Vilhena - RO,Rondônia,32872,"Pintado, cachara, cachapira e pintachara, surubim",18.78
2024,1100304,Vilhena - RO,Rondônia,32873,Pirapitinga,1.8
2024,1100304,Vilhena - RO,Rondônia,32874,Pirarucu,9.78
2024,1100304,Vilhena - RO,Rondônia,32875,"Tambacu, tambatinga",8.98
2024,1100304,Vilhena - RO,Rondônia,32876,Tambaqui,281.529
2024,1100304,Vilhena - RO,Rondônia,32877,Tilápia,4.25
2024,1100320,São Miguel do Guaporé - RO,Rondônia,32867,"Jatuarana, piabanha e piracanjuba",0.815
2024,1100320,São Miguel do Guaporé - RO,Rondônia,32870,Pacu e patinga,1.58
2024,1100320,São Miguel do Guaporé - RO,Rondônia,32872,"Pintado, cachara, cachapira e pintachara, surubim",6.89
2024,1100320,São Miguel do Guaporé - RO,Rondônia,32874,Pirarucu,2.78
2024,1100320,São Miguel do Guaporé - RO,Rondônia,32875,"Tambacu, tambatinga",22.14
2024,1100320,São Miguel do Guaporé - RO,Rondônia,32876,Tambaqui,268.12
2024,1100320,São Miguel do Guaporé - RO,Rondônia,32877,Tilápia,1.68
2024,1100320,São Miguel do Guaporé - RO,Rondônia,32881,Outros peixes,3.1
2024,1100338,Nova Mamoré - RO,Rondônia,32861,Carpa,0.03
2024,1100338,Nova Mamoré - RO,Rondônia,32865,"Curimatã, curimbatá",0.19
2024,1100338,Nova Mamoré - RO,Rondônia,32867,"Jatuarana, piabanha e piracanjuba",0.575
2024,1100338,Nova Mamoré - RO,Rondônia,32870,Pacu e patinga,1.28
2024,1100338,Nova Mamoré - RO,Rondônia,32872,"Pintado, cachara, cachapira e pintachara, surubim",9.529
2024,1100338,Nova Mamoré - RO,Rondônia,32873,Pirapitinga,0.21
2024,1100338,Nova Mamoré - RO,Rondônia,32874,Pirarucu,2.55
2024,1100338,Nova Mamoré - RO,Rondônia,32875,"Tambacu, tambatinga",12.36
2024,1100338,Nova Mamoré - RO,Rondônia,32876,Tambaqui,420.0
2024,1100338,Nova Mamoré - RO,Rondônia,32877,Tilápia,2.68
2024,1100338,Nova Mamoré - RO,Rondônia,32881,Outros peixes,0.85
2024,1100346,Alvorada D'Oeste - RO,Rondônia,32865,"Curimatã, curimbatá",0.22
2024,1100346,Alvorada D'Oeste - RO,Rondônia,32867,"Jatuarana, piabanha e piracanjuba",0.2
2024,1100346,Alvorada D'Oeste - RO,Rondônia,32869,Matrinxã,0.41
2024,1100346,Alvorada D'Oeste - RO,Rondônia,32870,Pacu e patinga,2.987
2024,1100346,Alvorada D'Oeste - RO,Rondônia,32871,"Piau, piapara, piauçu, piava",0.22
2024,1100346,Alvorada D'Oeste - RO,Rondônia,32872,"Pintado, cachara, cachapira e pintachara, surubim",10.285
2024,1100346,Alvorada D'Oeste - RO,Rondônia,32874,Pirarucu,4.32
2024,1100346,Alvorada D'Oeste - RO,Rondônia,32875,"Tambacu, tambatinga",2.45
2024,1100346,Alvorada D'Oeste - RO,Rondônia,32876,Tambaqui,285.48
2024,1100346,Alvorada D'Oeste - RO,Rondônia,32877,Tilápia,3.45
2024,1100379,Alto Alegre dos Parecis - RO,Rondônia,32861,Carpa,0.2
2024,1100379,Alto Alegre dos Parecis - RO,Rondônia,32867,"Jatuarana, piabanha e piracanjuba",1.18
2024,1100379,Alto Alegre dos Parecis - RO,Rondônia,32870,Pacu e patinga,4.98
2024,1100379,Alto Alegre dos Parecis - RO,Rondônia,32871,"Piau, piapara, piauçu, piava",1.75
2024,1100379,Alto Alegre dos Parecis - RO,Rondônia,32872,"Pintado, cachara, cachapira e pintachara, surubim",17.881
2024,1100379,Alto Alegre dos Parecis - RO,Rondônia,32873,Pirapitinga,0.5
2024,1100379,Alto Alegre dos Parecis - RO,Rondônia,32874,Pirarucu,1.978
2024,1100379,Alto Alegre dos Parecis - RO,Rondônia,32875,"Tambacu, tambatinga",2.58
2024,1100379,Alto Alegre dos Parecis - RO,Rondônia,32876,Tambaqui,518.86
2024,1100379,Alto Alegre dos Parecis - RO,Rondônia,32877,Tilápia,2.8
2024,1100403,Alto Paraíso - RO,Rondônia,32867,"Jatuarana, piabanha e piracanjuba",0.197
2024,1100403,Alto Paraíso - RO,Rondônia,32869,Matrinxã,0.378
2024,1100403,Alto Paraíso - RO,Rondônia,32870,Pacu e patinga,2.85
2024,1100403,Alto Paraíso - RO,Rondônia,32871,"Piau, piapara, piauçu, piava",0.78
2024,1100403,Alto Paraíso - RO,Rondônia,32872,"Pintado, cachara, cachapira e pintachara, surubim",9.84
2024,1100403,Alto Paraíso - RO,Rondônia,32873,Pirapitinga,0.21
2024,1100403,Alto Paraíso - RO,Rondônia,32874,Pirarucu,6.78
2024,1100403,Alto Paraíso - RO,Rondônia,32875,"Tambacu, tambatinga",61.722
2024,1100403,Alto Paraíso - RO,Rondônia,32876,Tambaqui,609.246
2024,1100403,Alto Paraíso - RO,Rondônia,32877,Tilápia,2.885
2024,1100452,Buritis - RO,Rondônia,32867,"Jatuarana, piabanha e piracanjuba",0.714
2024,1100452,Buritis - RO,Rondônia,32869,Matrinxã,0.205
2024,1100452,Buritis - RO,Rondônia,32870,Pacu e patinga,9.857
2024,1100452,Buritis - RO,Rondônia,32871,"Piau, piapara, piauçu, piava",1.458
2024,1100452,Buritis - RO,Rondônia,32872,"Pintado, cachara, cachapira e pintachara, surubim",32.112
2024,1100452,Buritis - RO,Rondônia,32874,Pirarucu,16.58
2024,1100452,Buritis - RO,Rondônia,32875,"Tambacu, tambatinga",71.65
2024,1100452,Buritis - RO,Rondônia,32876,Tambaqui,735.45
2024,1100452,Buritis - RO,Rondônia,32877,Tilápia,10.225
2024,1100502,Novo Horizonte do Oeste - RO,Rondônia,32867,"Jatuarana, piabanha e piracanjuba",0.785
2024,1100502,Novo Horizonte do Oeste - RO,Rondônia,32870,Pacu e patinga,1.97
2024,1100502,Novo Horizonte do Oeste - RO,Rondônia,32871,"Piau, piapara, piauçu, piava",0.48
2024,1100502,Novo Horizonte do Oeste - RO,Rondônia,32872,"Pintado, cachara, cachapira e pintachara, surubim",5.334
2024,1100502,Novo Horizonte do Oeste - RO,Rondônia,32874,Pirarucu,1.62
2024,1100502,Novo Horizonte do Oeste - RO,Rondônia,32876,Tambaqui,320.215
2024,1100502,Novo Horizonte do Oeste - RO,Rondônia,32877,Tilápia,2.2
2024,1100601,Cacaulândia - RO,Rondônia,32861,Carpa,0.098
2024,1100601,Cacaulândia - RO,Rondônia,32865,"Curimatã, curimbatá",0.082
2024,1100601,Cacaulândia - RO,Rondônia,32867,"Jatuarana, piabanha e piracanjuba",1.78
2024,1100601,Cacaulândia - RO,Rondônia,32870,Pacu e patinga,2.48
2024,1100601,Cacaulândia - RO,Rondônia,32872,"Pintado, cachara, cachapira e pintachara, surubim",8.78
2024,1100601,Cacaulândia - RO,Rondônia,32874,Pirarucu,61.129
2024,1100601,Cacaulândia - RO,Rondônia,32875,"Tambacu, tambatinga",173.2
2024,1100601,Cacaulândia - RO,Rondônia,32876,Tambaqui,2235.42
2024,1100601,Cacaulândia - RO,Rondônia,32877,Tilápia,2.87
2024,1100700,Campo Novo de Rondônia - RO,Rondônia,32867,"Jatuarana, piabanha e piracanjuba",0.18
2024,1100700,Campo Novo de Rondônia - RO,Rondônia,32870,Pacu e patinga,1.45
2024,1100700,Campo Novo de Rondônia - RO,Rondônia,32871,"Piau, piapara, piauçu, piava",1.28
2024,1100700,Campo Novo de Rondônia - RO,Rondônia,32872,"Pintado, cachara, cachapira e pintachara, surubim",13.54
2024,1100700,Campo Novo de Rondônia - RO,Rondônia,32873,Pirapitinga,0.415
2024,1100700,Campo Novo de Rondônia - RO,Rondônia,32874,Pirarucu,3.0
2024,1100700,Campo Novo de Rondônia - RO,Rondônia,32875,"Tambacu, tambatinga",122.58
2024,1100700,Campo Novo de Rondônia - RO,Rondônia,32876,Tambaqui,1221.02
2024,1100700,Campo Novo de Rondônia - RO,Rondônia,32877,Tilápia,3.78
2024,1100809,Candeias do Jamari - RO,Rondônia,32867,"Jatuarana, piabanha e piracanjuba",32.88
2024,1100809,Candeias do Jamari - RO,Rondônia,32869,Matrinxã,0.48
2024,1100809,Candeias do Jamari - RO,Rondônia,32870,Pacu e patinga,8.28
2024,1100809,Candeias do Jamari - RO,Rondônia,32871,"Piau, piapara, piauçu, piava",0.48
2024,1100809,Candeias do Jamari - RO,Rondônia,32872,"Pintado, cachara, cachapira e pintachara, surubim",6.803
2024,1100809,Candeias do Jamari - RO,Rondônia,32873,Pirapitinga,0.8
2024,1100809,Candeias do Jamari - RO,Rondônia,32874,Pirarucu,4.12
2024,1100809,Candeias do Jamari - RO,Rondônia,32875,"Tambacu, tambatinga",29.933
2024,1100809,Candeias do Jamari - RO,Rondônia,32876,Tambaqui,299.329
2024,1100809,Candeias do Jamari - RO,Rondônia,32877,Tilápia,3.28
2024,1100809,Candeias do Jamari - RO,Rondônia,32881,Outros peixes,1.0
2024,1100908,Castanheiras - RO,Rondônia,32871,"Piau, piapara, piauçu, piava",0.14
2024,1100908,Castanheiras - RO,Rondônia,32872,"Pintado, cachara, cachapira e pintachara, surubim",2.42
2024,1100908,Castanheiras - RO,Rondônia,32874,Pirarucu,0.99
2024,1100908,Castanheiras - RO,Rondônia,32875,"Tambacu, tambatinga",3.646
2024,1100908,Castanheiras - RO,Rondônia,32876,Tambaqui,37.54
2024,1100908,Castanheiras - RO,Rondônia,32877,Tilápia,2.0
2024,1100924,Chupinguaia - RO,Rondônia,32867,"Jatuarana, piabanha e piracanjuba",0.185
2024,1100924,Chupinguaia - RO,Rondônia,32869,Matrinxã,0.25
2024,1100924,Chupinguaia - RO,Rondônia,32870,Pacu e patinga,0.48
2024,1100924,Chupinguaia - RO,Rondônia,32871,"Piau, piapara, piauçu, piava",0.34
2024,1100924,Chupinguaia - RO,Rondônia,32872,"Pintado, cachara, cachapira e pintachara, surubim",2.091
2024,1100924,Chupinguaia - RO,Rondônia,32874,Pirarucu,0.88
2024,1100924,Chupinguaia - RO,Rondônia,32875,"Tambacu, tambatinga",7.25
2024,1100924,Chupinguaia - RO,Rondônia,32876,Tambaqui,78.98
2024,1100924,Chupinguaia - RO,Rondônia,32877,Tilápia,0.75
2024,1100940,Cujubim - RO,Rondônia,32867,"Jatuarana, piabanha e piracanjuba",1.05
2024,1100940,Cujubim - RO,Rondônia,32869,Matrinxã,1.48
2024,1100940,Cujubim - RO,Rondônia,32870,Pacu e patinga,5.45
2024,1100940,Cujubim - RO,Rondônia,32871,"Piau, piapara, piauçu, piava",1.1
2024,1100940,Cujubim - RO,Rondônia,32872,"Pintado, cachara, cachapira e pintachara, surubim",90.105
2024,1100940,Cujubim - RO,Rondônia,32874,Pirarucu,28.78
2024,1100940,Cujubim - RO,Rondônia,32875,"Tambacu, tambatinga",459.89
2024,1100940,Cujubim - RO,Rondônia,32876,Tambaqui,4490.644
2024,1100940,Cujubim - RO,Rondônia,32877,Tilápia,7.84
2024,1101005,Governador Jorge Teixeira - RO,Rondônia,32867,"Jatuarana, piabanha e piracanjuba",1.25
2024,1101005,Governador Jorge Teixeira - RO,Rondônia,32870,Pacu e patinga,0.38
2024,1101005,Governador Jorge Teixeira - RO,Rondônia,32871,"Piau, piapara, piauçu, piava",0.098
2024,1101005,Governador Jorge Teixeira - RO,Rondônia,32872,"Pintado, cachara, cachapira e pintachara, surubim",2.98
2024,1101005,Governador Jorge Teixeira - RO,Rondônia,32873,Pirapitinga,0.04
2024,1101005,Governador Jorge Teixeira - RO,Rondônia,32874,Pirarucu,1.02
2024,1101005,Governador Jorge Teixeira - RO,Rondônia,32875,"Tambacu, tambatinga",28.1
2024,1101005,Governador Jorge Teixeira - RO,Rondônia,32876,Tambaqui,280.958
2024,1101005,Governador Jorge Teixeira - RO,Rondônia,32877,Tilápia,0.5
2024,1101104,Itapuã do Oeste - RO,Rondônia,32867,"Jatuarana, piabanha e piracanjuba",15.85
2024,1101104,Itapuã do Oeste - RO,Rondônia,32870,Pacu e patinga,7.75
2024,1101104,Itapuã do Oeste - RO,Rondônia,32871,"Piau, piapara, piauçu, piava",0.415
2024,1101104,Itapuã do Oeste - RO,Rondônia,32872,"Pintado, cachara, cachapira e pintachara, surubim",15.85
2024,1101104,Itapuã do Oeste - RO,Rondônia,32874,Pirarucu,1.28
2024,1101104,Itapuã do Oeste - RO,Rondônia,32875,"Tambacu, tambatinga",10.87
2024,1101104,Itapuã do Oeste - RO,Rondônia,32876,Tambaqui,382.49
2024,1101104,Itapuã do Oeste - RO,Rondônia,32877,Tilápia,1.68
2024,1101203,Ministro Andreazza - RO,Rondônia,32867,"Jatuarana, piabanha e piracanjuba",2.35
2024,1101203,Ministro Andreazza - RO,Rondônia,32869,Matrinxã,0.13
2024,1101203,Ministro Andreazza - RO,Rondônia,32870,Pacu e patinga,1.64
2024,1101203,Ministro Andreazza - RO,Rondônia,32871,"Piau, piapara, piauçu, piava",0.98
2024,1101203,Ministro Andreazza - RO,Rondônia,32872,"Pintado, cachara, cachapira e pintachara, surubim",4.26
2024,1101203,Ministro Andreazza - RO,Rondônia,32874,Pirarucu,0.88
2024,1101203,Ministro Andreazza - RO,Rondônia,32875,"Tambacu, tambatinga",2.8
2024,1101203,Ministro Andreazza - RO,Rondônia,32876,Tambaqui,69.38
2024,1101203,Ministro Andreazza - RO,Rondônia,32877,Tilápia,0.42
2024,1101302,Mirante da Serra - RO,Rondônia,32865,"Curimatã, curimbatá",0.85
2024,1101302,Mirante da Serra - RO,Rondônia,32867,"Jatuarana, piabanha e piracanjuba",2.45
2024,1101302,Mirante da Serra - RO,Rondônia,32870,Pacu e patinga,8.35
2024,1101302,Mirante da Serra - RO,Rondônia,32871,"Piau, piapara, piauçu, piava",1.83
2024,1101302,Mirante da Serra - RO,Rondônia,32872,"Pintado, cachara, cachapira e pintachara, surubim",35.68
2024,1101302,Mirante da Serra - RO,Rondônia,32874,Pirarucu,23.2
2024,1101302,Mirante da Serra - RO,Rondônia,32876,Tambaqui,1842.45
2024,1101302,Mirante da Serra - RO,Rondônia,32877,Tilápia,2.0
2024,1101302,Mirante da Serra - RO,Rondônia,32881,Outros peixes,5.2
2024,1101401,Monte Negro - RO,Rondônia,32867,"Jatuarana, piabanha e piracanjuba",0.23
2024,1101401,Monte Negro - RO,Rondônia,32869,Matrinxã,0.56
2024,1101401,Monte Negro - RO,Rondônia,32870,Pacu e patinga,3.58
2024,1101401,Monte Negro - RO,Rondônia,32871,"Piau, piapara, piauçu, piava",0.48
2024,1101401,Monte Negro - RO,Rondônia,32872,"Pintado, cachara, cachapira e pintachara, surubim",4.78
2024,1101401,Monte Negro - RO,Rondônia,32874,Pirarucu,12.32
2024,1101401,Monte Negro - RO,Rondônia,32875,"Tambacu, tambatinga",73.164
2024,1101401,Monte Negro - RO,Rondônia,32876,Tambaqui,731.638
2024,1101401,Monte Negro - RO,Rondônia,32877,Tilápia,1.35
2024,1101401,Monte Negro - RO,Rondônia,32881,Outros peixes,2.78
2024,1101435,Nova União - RO,Rondônia,32867,"Jatuarana, piabanha e piracanjuba",4.02
2024,1101435,Nova União - RO,Rondônia,32870,Pacu e patinga,1.05
2024,1101435,Nova União - RO,Rondônia,32872,"Pintado, cachara, cachapira e pintachara, surubim",6.28
2024,1101435,Nova União - RO,Rondônia,32874,Pirarucu,1.785
2024,1101435,Nova União - RO,Rondônia,32875,"Tambacu, tambatinga",18.38
2024,1101435,Nova União - RO,Rondônia,32876,Tambaqui,218.48
2024,1101435,Nova União - RO,Rondônia,32877,Tilápia,1.2
2024,1101435,Nova União - RO,Rondônia,32881,Outros peixes,1.05
2024,1101450,Parecis - RO,Rondônia,32867,"Jatuarana, piabanha e piracanjuba",0.32
2024,1101450,Parecis - RO,Rondônia,32869,Matrinxã,0.115
2024,1101450,Parecis - RO,Rondônia,32870,Pacu e patinga,0.59
2024,1101450,Parecis - RO,Rondônia,32871,"Piau, piapara, piauçu, piava",0.2
2024,1101450,Parecis - RO,Rondônia,32872,"Pintado, cachara, cachapira e pintachara, surubim",4.28
2024,1101450,Parecis - RO,Rondônia,32874,Pirarucu,1.08
2024,1101450,Parecis - RO,Rondônia,32875,"Tambacu, tambatinga",12.8
2024,1101450,Parecis - RO,Rondônia,32876,Tambaqui,115.214
2024,1101450,Parecis - RO,Rondônia,32877,Tilápia,1.2
2024,1101450,Parecis - RO,Rondônia,32881,Outros peixes,1.0
2024,1101468,Pimenteiras do Oeste - RO,Rondônia,32867,"Jatuarana, piabanha e piracanjuba",0.465
2024,1101468,Pimenteiras do Oeste - RO,Rondônia,32869,Matrinxã,0.2
2024,1101468,Pimenteiras do Oeste - RO,Rondônia,32870,Pacu e patinga,0.205
2024,1101468,Pimenteiras do Oeste - RO,Rondônia,32871,"Piau, piapara, piauçu, piava",0.1
2024,1101468,Pimenteiras do Oeste - RO,Rondônia,32872,"Pintado, cachara, cachapira e pintachara, surubim",1.05
2024,1101468,Pimenteiras do Oeste - RO,Rondônia,32873,Pirapitinga,0.14
2024,1101468,Pimenteiras do Oeste - RO,Rondônia,32874,Pirarucu,0.33
2024,1101468,Pimenteiras do Oeste - RO,Rondônia,32875,"Tambacu, tambatinga",0.045
2024,1101468,Pimenteiras do Oeste - RO,Rondônia,32876,Tambaqui,28.64
2024,1101468,Pimenteiras do Oeste - RO,Rondônia,32877,Tilápia,0.16
2024,1101468,Pimenteiras do Oeste - RO,Rondônia,32881,Outros peixes,0.42
2024,1101476,Primavera de Rondônia - RO,Rondônia,32861,Carpa,0.12
2024,1101476,Primavera de Rondônia - RO,Rondônia,32867,"Jatuarana, piabanha e piracanjuba",0.7
2024,1101476,Primavera de Rondônia - RO,Rondônia,32869,Matrinxã,1.78
2024,1101476,Primavera de Rondônia - RO,Rondônia,32870,Pacu e patinga,2.75
2024,1101476,Primavera de Rondônia - RO,Rondônia,32871,"Piau, piapara, piauçu, piava",1.5
2024,1101476,Primavera de Rondônia - RO,Rondônia,32872,"Pintado, cachara, cachapira e pintachara, surubim",23.88
2024,1101476,Primavera de Rondônia - RO,Rondônia,32873,Pirapitinga,2.05
2024,1101476,Primavera de Rondônia - RO,Rondônia,32874,Pirarucu,80.45
2024,1101476,Primavera de Rondônia - RO,Rondônia,32875,"Tambacu, tambatinga",4.28
2024,1101476,Primavera de Rondônia - RO,Rondônia,32876,Tambaqui,1871.5
2024,1101476,Primavera de Rondônia - RO,Rondônia,32877,Tilápia,3.15
2024,1101476,Primavera de Rondônia - RO,Rondônia,32881,Outros peixes,2.8
2024,1101484,São Felipe D'Oeste - RO,Rondônia,32867,"Jatuarana, piabanha e piracanjuba",1.48
2024,1101484,São Felipe D'Oeste - RO,Rondônia,32869,Matrinxã,0.2
2024,1101484,São Felipe D'Oeste - RO,Rondônia,32870,Pacu e patinga,0.9
2024,1101484,São Felipe D'Oeste - RO,Rondônia,32871,"Piau, piapara, piauçu, piava",0.24
2024,1101484,São Felipe D'Oeste - RO,Rondônia,32872,"Pintado, cachara, cachapira e pintachara, surubim",5.55
2024,1101484,São Felipe D'Oeste - RO,Rondônia,32874,Pirarucu,1.8
2024,1101484,São Felipe D'Oeste - RO,Rondônia,32875,"Tambacu, tambatinga",0.23
2024,1101484,São Felipe D'Oeste - RO,Rondônia,32876,Tambaqui,152.64
2024,1101484,São Felipe D'Oeste - RO,Rondônia,32877,Tilápia,1.15
2024,1101484,São Felipe D'Oeste - RO,Rondônia,32881,Outros peixes,0.5
2024,1101492,São Francisco do Guaporé - RO,Rondônia,32867,"Jatuarana, piabanha e piracanjuba",0.248
2024,1101492,São Francisco do Guaporé - RO,Rondônia,32869,Matrinxã,0.4
2024,1101492,São Francisco do Guaporé - RO,Rondônia,32870,Pacu e patinga,1.0
2024,1101492,São Francisco do Guaporé - RO,Rondônia,32871,"Piau, piapara, piauçu, piava",1.15
2024,1101492,São Francisco do Guaporé - RO,Rondônia,32872,"Pintado, cachara, cachapira e pintachara, surubim",15.0
2024,1101492,São Francisco do Guaporé - RO,Rondônia,32874,Pirarucu,8.12
2024,1101492,São Francisco do Guaporé - RO,Rondônia,32876,Tambaqui,286.32
2024,1101492,São Francisco do Guaporé - RO,Rondônia,32877,Tilápia,1.15
2024,1101500,Seringueiras - RO,Rondônia,32871,"Piau, piapara, piauçu, piava",0.26
2024,1101500,Seringueiras - RO,Rondônia,32872,"Pintado, cachara, cachapira e pintachara, surubim",3.54
2024,1101500,Seringueiras - RO,Rondônia,32874,Pirarucu,0.98
2024,1101500,Seringueiras - RO,Rondônia,32875,"Tambacu, tambatinga",14.36
2024,1101500,Seringueiras - RO,Rondônia,32876,Tambaqui,74.531
2024,1101500,Seringueiras - RO,Rondônia,32877,Tilápia,0.68
2024,1101559,Teixeirópolis - RO,Rondônia,32867,"Jatuarana, piabanha e piracanjuba",0.4
2024,1101559,Teixeirópolis - RO,Rondônia,32870,Pacu e patinga,0.9
2024,1101559,Teixeirópolis - RO,Rondônia,32872,"Pintado, cachara, cachapira e pintachara, surubim",4.72
2024,1101559,Teixeirópolis - RO,Rondônia,32874,Pirarucu,1.24
2024,1101559,Teixeirópolis - RO,Rondônia,32876,Tambaqui,126.55
2024,1101559,Teixeirópolis - RO,Rondônia,32877,Tilápia,0.95
2024,1101559,Teixeirópolis - RO,Rondônia,32881,Outros peixes,1.1
2024,1101609,Theobroma - RO,Rondônia,32865,"Curimatã, curimbatá",0.18
2024,1101609,Theobroma - RO,Rondônia,32867,"Jatuarana, piabanha e piracanjuba",0.45
2024,1101609,Theobroma - RO,Rondônia,32870,Pacu e patinga,8.65
2024,1101609,Theobroma - RO,Rondônia,32871,"Piau, piapara, piauçu, piava",0.52
2024,1101609,Theobroma - RO,Rondônia,32872,"Pintado, cachara, cachapira e pintachara, surubim",320.14
2024,1101609,Theobroma - RO,Rondônia,32874,Pirarucu,98.65
2024,1101609,Theobroma - RO,Rondônia,32875,"Tambacu, tambatinga",1.8
2024,1101609,Theobroma - RO,Rondônia,32876,Tambaqui,3333.757
2024,1101609,Theobroma - RO,Rondônia,32877,Tilápia,1.22
2024,1101708,Urupá - RO,Rondônia,32865,"Curimatã, curimbatá",0.45
2024,1101708,Urupá - RO,Rondônia,32867,"Jatuarana, piabanha e piracanjuba",0.44
2024,1101708,Urupá - RO,Rondônia,32869,Matrinxã,0.68
2024,1101708,Urupá - RO,Rondônia,32870,Pacu e patinga,0.62
2024,1101708,Urupá - RO,Rondônia,32871,"Piau, piapara, piauçu, piava",0.65
2024,1101708,Urupá - RO,Rondônia,32872,"Pintado, cachara, cachapira e pintachara, surubim",40.136
2024,1101708,Urupá - RO,Rondônia,32873,Pirapitinga,0.8
2024,1101708,Urupá - RO,Rondônia,32874,Pirarucu,12.2
2024,1101708,Urupá - RO,Rondônia,32875,"Tambacu, tambatinga",271.297
2024,1101708,Urupá - RO,Rondônia,32876,Tambaqui,2719.68
2024,1101708,Urupá - RO,Rondônia,32877,Tilápia,0.6
2024,1101708,Urupá - RO,Rondônia,32881,Outros peixes,1.0
2024,1101757,Vale do Anari - RO,Rondônia,32867,"Jatuarana, piabanha e piracanjuba",0.778
2024,1101757,Vale do Anari - RO,Rondônia,32870,Pacu e patinga,0.65
2024,1101757,Vale do Anari - RO,Rondônia,32872,"Pintado, cachara, cachapira e pintachara, surubim",3.548
2024,1101757,Vale do Anari - RO,Rondônia,32874,Pirarucu,1.32
2024,1101757,Vale do Anari - RO,Rondônia,32876,Tambaqui,110.355
2024,1101757,Vale do Anari - RO,Rondônia,32877,Tilápia,0.68
2024,1101757,Vale do Anari - RO,Rondônia,32881,Outros peixes,0.8
2024,1101807,Vale do Paraíso - RO,Rondônia,32867,"Jatuarana, piabanha e piracanjuba",0.55
2024,1101807,Vale do Paraíso - RO,Rondônia,32870,Pacu e patinga,1.88
2024,1101807,Vale do Paraíso - RO,Rondônia,32872,"Pintado, cachara, cachapira e pintachara, surubim",6.78
2024,1101807,Vale do Paraíso - RO,Rondônia,32874,Pirarucu,4.78
2024,1101807,Vale do Paraíso - RO,Rondônia,32875,"Tambacu, tambatinga",0.55
2024,1101807,Vale do Paraíso - RO,Rondônia,32876,Tambaqui,346.58
2024,1101807,Vale do Paraíso - RO,Rondônia,32877,Tilápia,2.405
2024,1101807,Vale do Paraíso - RO,Rondônia,32881,Outros peixes,1.0
2024,1200013,Acrelândia - AC,Acre,32865,"Curimatã, curimbatá",6.0
2024,1200013,Acrelândia - AC,Acre,32871,"Piau, piapara, piauçu, piava",8.4
2024,1200013,Acrelândia - AC,Acre,32873,Pirapitinga,24.0
2024,1200013,Acrelândia - AC,Acre,32875,"Tambacu, tambatinga",30.0
2024,1200013,Acrelândia - AC,Acre,32876,Tambaqui,51.6
2024,1200054,Assis Brasil - AC,Acre,32865,"Curimatã, curimbatá",1.8
2024,1200054,Assis Brasil - AC,Acre,32873,Pirapitinga,8.4
2024,1200054,Assis Brasil - AC,Acre,32875,"Tambacu, tambatinga",0.6
2024,1200054,Assis Brasil - AC,Acre,32876,Tambaqui,1.2
2024,1200104,Brasiléia - AC,Acre,32865,"Curimatã, curimbatá",21.6
2024,1200104,Brasiléia - AC,Acre,32873,Pirapitinga,147.6
2024,1200104,Brasiléia - AC,Acre,32875,"Tambacu, tambatinga",36.0
2024,1200104,Brasiléia - AC,Acre,32876,Tambaqui,154.8
2024,1200138,Bujari - AC,Acre,32865,"Curimatã, curimbatá",7.9
2024,1200138,Bujari - AC,Acre,32871,"Piau, piapara, piauçu, piava",5.53
2024,1200138,Bujari - AC,Acre,32873,Pirapitinga,15.8
2024,1200138,Bujari - AC,Acre,32874,Pirarucu,1.58
2024,1200138,Bujari - AC,Acre,32875,"Tambacu, tambatinga",14.22
2024,1200138,Bujari - AC,Acre,32876,Tambaqui,33.97
2024,1200179,Capixaba - AC,Acre,32873,Pirapitinga,10.44
2024,1200179,Capixaba - AC,Acre,32876,Tambaqui,7.56
2024,1200203,Cruzeiro do Sul - AC,Acre,32865,"Curimatã, curimbatá",24.0
2024,1200203,Cruzeiro do Sul - AC,Acre,32869,Matrinxã,78.686
2024,1200203,Cruzeiro do Sul - AC,Acre,32871,"Piau, piapara, piauçu, piava",60.87
2024,1200203,Cruzeiro do Sul - AC,Acre,32872,"Pintado, cachara, cachapira e pintachara, surubim",3.62
2024,1200203,Cruzeiro do Sul - AC,Acre,32873,Pirapitinga,8.3
2024,1200203,Cruzeiro do Sul - AC,Acre,32874,Pirarucu,17.0
2024,1200203,Cruzeiro do Sul - AC,Acre,32876,Tambaqui,46.0
2024,1200203,Cruzeiro do Sul - AC,Acre,32877,Tilápia,0.21
2024,1200252,Epitaciolândia - AC,Acre,32872,"Pintado, cachara, cachapira e pintachara, surubim",4.64
2024,1200252,Epitaciolândia - AC,Acre,32873,Pirapitinga,5.8
2024,1200252,Epitaciolândia - AC,Acre,32875,"Tambacu, tambatinga",8.7
2024,1200252,Epitaciolândia - AC,Acre,32876,Tambaqui,38.86
2024,1200302,Feijó - AC,Acre,32865,"Curimatã, curimbatá",37.7
2024,1200302,Feijó - AC,Acre,32869,Matrinxã,1.024
2024,1200302,Feijó - AC,Acre,32870,Pacu e patinga,5.9
2024,1200302,Feijó - AC,Acre,32871,"Piau, piapara, piauçu, piava",56.0
2024,1200302,Feijó - AC,Acre,32873,Pirapitinga,3.3
2024,1200302,Feijó - AC,Acre,32875,"Tambacu, tambatinga",32.13
2024,1200302,Feijó - AC,Acre,32876,Tambaqui,33.915
2024,1200302,Feijó - AC,Acre,32877,Tilápia,3.4
2024,1200328,Jordão - AC,Acre,32865,"Curimatã, curimbatá",2.8
2024,1200328,Jordão - AC,Acre,32871,"Piau, piapara, piauçu, piava",0.84
2024,1200328,Jordão - AC,Acre,32876,Tambaqui,1.9
2024,1200336,Mâncio Lima - AC,Acre,32865,"Curimatã, curimbatá",11.067
2024,1200336,Mâncio Lima - AC,Acre,32869,Matrinxã,64.226
2024,1200336,Mâncio Lima - AC,Acre,32871,"Piau, piapara, piauçu, piava",54.345
2024,1200336,Mâncio Lima - AC,Acre,32872,"Pintado, cachara, cachapira e pintachara, surubim",11.363
2024,1200336,Mâncio Lima - AC,Acre,32873,Pirapitinga,11.857
2024,1200336,Mâncio Lima - AC,Acre,32875,"Tambacu, tambatinga",1.976
2024,1200336,Mâncio Lima - AC,Acre,32876,Tambaqui,41.006
2024,1200336,Mâncio Lima - AC,Acre,32877,Tilápia,1.779
2024,1200344,Manoel Urbano - AC,Acre,32865,"Curimatã, curimbatá",0.575
2024,1200344,Manoel Urbano - AC,Acre,32873,Pirapitinga,0.725
2024,1200344,Manoel Urbano - AC,Acre,32876,Tambaqui,1.2
2024,1200351,Marechal Thaumaturgo - AC,Acre,32865,"Curimatã, curimbatá",26.977
2024,1200351,Marechal Thaumaturgo - AC,Acre,32869,Matrinxã,6.372
2024,1200351,Marechal Thaumaturgo - AC,Acre,32871,"Piau, piapara, piauçu, piava",23.298
2024,1200351,Marechal Thaumaturgo - AC,Acre,32873,Pirapitinga,4.292
2024,1200351,Marechal Thaumaturgo - AC,Acre,32875,"Tambacu, tambatinga",1.349
2024,1200351,Marechal Thaumaturgo - AC,Acre,32876,Tambaqui,39.239
2024,1200351,Marechal Thaumaturgo - AC,Acre,32877,Tilápia,0.2
2024,1200385,Plácido de Castro - AC,Acre,32871,"Piau, piapara, piauçu, piava",1.74
2024,1200385,Plácido de Castro - AC,Acre,32873,Pirapitinga,3.48
2024,1200385,Plácido de Castro - AC,Acre,32876,Tambaqui,9.28
2024,1200393,Porto Walter - AC,Acre,32865,"Curimatã, curimbatá",15.2
2024,1200393,Porto Walter - AC,Acre,32869,Matrinxã,9.5
2024,1200393,Porto Walter - AC,Acre,32871,"Piau, piapara, piauçu, piava",20.0
2024,1200393,Porto Walter - AC,Acre,32873,Pirapitinga,12.0
2024,1200393,Porto Walter - AC,Acre,32875,"Tambacu, tambatinga",5.5
2024,1200393,Porto Walter - AC,Acre,32876,Tambaqui,15.8
2024,1200401,Rio Branco - AC,Acre,32865,"Curimatã, curimbatá",45.234
2024,1200401,Rio Branco - AC,Acre,32871,"Piau, piapara, piauçu, piava",7.539
2024,1200401,Rio Branco - AC,Acre,32872,"Pintado, cachara, cachapira e pintachara, surubim",10.052
2024,1200401,Rio Branco - AC,Acre,32873,Pirapitinga,32.669
2024,1200401,Rio Branco - AC,Acre,32875,"Tambacu, tambatinga",26.387
2024,1200401,Rio Branco - AC,Acre,32876,Tambaqui,128.163
2024,1200401,Rio Branco - AC,Acre,32877,Tilápia,3.77
2024,1200427,Rodrigues Alves - AC,Acre,32865,"Curimatã, curimbatá",38.0
2024,1200427,Rodrigues Alves - AC,Acre,32869,Matrinxã,22.0
2024,1200427,Rodrigues Alves - AC,Acre,32871,"Piau, piapara, piauçu, piava",46.82
2024,1200427,Rodrigues Alves - AC,Acre,32872,"Pintado, cachara, cachapira e pintachara, surubim",2.5
2024,1200427,Rodrigues Alves - AC,Acre,32873,Pirapitinga,16.5
2024,1200427,Rodrigues Alves - AC,Acre,32874,Pirarucu,6.8
2024,1200427,Rodrigues Alves - AC,Acre,32876,Tambaqui,44.0
2024,1200427,Rodrigues Alves - AC,Acre,32877,Tilápia,1.45
2024,1200435,Santa Rosa do Purus - AC,Acre,32865,"Curimatã, curimbatá",3.1
2024,1200450,Senador Guiomard - AC,Acre,32865,"Curimatã, curimbatá",7.02
2024,1200450,Senador Guiomard - AC,Acre,32871,"Piau, piapara, piauçu, piava",2.925
2024,1200450,Senador Guiomard - AC,Acre,32873,Pirapitinga,12.285
2024,1200450,Senador Guiomard - AC,Acre,32876,Tambaqui,33.345
2024,1200450,Senador Guiomard - AC,Acre,32877,Tilápia,2.925
2024,1200500,Sena Madureira - AC,Acre,32865,"Curimatã, curimbatá",6.9
2024,1200500,Sena Madureira - AC,Acre,32871,"Piau, piapara, piauçu, piava",4.14
2024,1200500,Sena Madureira - AC,Acre,32873,Pirapitinga,29.67
2024,1200500,Sena Madureira - AC,Acre,32875,"Tambacu, tambatinga",5.52
2024,1200500,Sena Madureira - AC,Acre,32876,Tambaqui,22.77
2024,1200609,Tarauacá - AC,Acre,32865,"Curimatã, curimbatá",31.5
2024,1200609,Tarauacá - AC,Acre,32869,Matrinxã,1.6
2024,1200609,Tarauacá - AC,Acre,32871,"Piau, piapara, piauçu, piava",10.5
2024,1200609,Tarauacá - AC,Acre,32875,"Tambacu, tambatinga",2.7
2024,1200609,Tarauacá - AC,Acre,32876,Tambaqui,22.3
2024,1200609,Tarauacá - AC,Acre,32877,Tilápia,2.0
2024,1200708,Xapuri - AC,Acre,32871,"Piau, piapara, piauçu, piava",3.42
2024,1200708,Xapuri - AC,Acre,32873,Pirapitinga,2.85
2024,1200708,Xapuri - AC,Acre,32875,"Tambacu, tambatinga",3.99
2024,1200708,Xapuri - AC,Acre,32876,Tambaqui,46.74
2024,1200807,Porto Acre - AC,Acre,32865,"Curimatã, curimbatá",10.29
2024,1200807,Porto Acre - AC,Acre,32871,"Piau, piapara, piauçu, piava",5.88
2024,1200807,Porto Acre - AC,Acre,32873,Pirapitinga,22.05
2024,1200807,Porto Acre - AC,Acre,32875,"Tambacu, tambatinga",36.75
2024,1200807,Porto Acre - AC,Acre,32876,Tambaqui,72.03
2024,1300060,Amaturá - AM,Amazonas,32869,Matrinxã,38.0
2024,1300060,Amaturá - AM,Amazonas,32876,Tambaqui,45.0
2024,1300102,Anori - AM,Amazonas,32869,Matrinxã,1.8
2024,1300102,Anori - AM,Amazonas,32874,Pirarucu,0.47
2024,1300102,Anori - AM,Amazonas,32876,Tambaqui,4.0
2024,1300144,Apuí - AM,Amazonas,32876,Tambaqui,110.0
2024,1300201,Atalaia do Norte - AM,Amazonas,32865,"Curimatã, curimbatá",2.05
2024,1300201,Atalaia do Norte - AM,Amazonas,32869,Matrinxã,3.0
2024,1300201,Atalaia do Norte - AM,Amazonas,32876,Tambaqui,10.1
2024,1300300,Autazes - AM,Amazonas,32876,Tambaqui,120.0
2024,1300508,Barreirinha - AM,Amazonas,32869,Matrinxã,5.0
2024,1300508,Barreirinha - AM,Amazonas,32876,Tambaqui,16.0
2024,1300607,Benjamin Constant - AM,Amazonas,32865,"Curimatã, curimbatá",7.0
2024,1300607,Benjamin Constant - AM,Amazonas,32869,Matrinxã,50.0
2024,1300607,Benjamin Constant - AM,Amazonas,32876,Tambaqui,270.0
2024,1300680,Boa Vista do Ramos - AM,Amazonas,32876,Tambaqui,40.5
2024,1300706,Boca do Acre - AM,Amazonas,32876,Tambaqui,56.0
2024,1300805,Borba - AM,Amazonas,32876,Tambaqui,40.0
2024,1300839,Caapiranga - AM,Amazonas,32869,Matrinxã,2.0
2024,1300839,Caapiranga - AM,Amazonas,32873,Pirapitinga,40.0
2024,1300839,Caapiranga - AM,Amazonas,32876,Tambaqui,20.0
2024,1301001,Carauari - AM,Amazonas,32869,Matrinxã,32.0
2024,1301001,Carauari - AM,Amazonas,32874,Pirarucu,38.4
2024,1301001,Carauari - AM,Amazonas,32876,Tambaqui,6.5
2024,1301100,Careiro - AM,Amazonas,32876,Tambaqui,210.0
2024,1301159,Careiro da Várzea - AM,Amazonas,32876,Tambaqui,30.0
2024,1301209,Coari - AM,Amazonas,32869,Matrinxã,25.0
2024,1301209,Coari - AM,Amazonas,32874,Pirarucu,35.0
2024,1301209,Coari - AM,Amazonas,32876,Tambaqui,320.0
2024,1301308,Codajás - AM,Amazonas,32869,Matrinxã,1.8
2024,1301308,Codajás - AM,Amazonas,32874,Pirarucu,35.0
2024,1301308,Codajás - AM,Amazonas,32876,Tambaqui,50.0
2024,1301407,Eirunepé - AM,Amazonas,32869,Matrinxã,2.0
2024,1301407,Eirunepé - AM,Amazonas,32876,Tambaqui,3.0
2024,1301506,Envira - AM,Amazonas,32869,Matrinxã,23.0
2024,1301506,Envira - AM,Amazonas,32876,Tambaqui,235.2
2024,1301605,Fonte Boa - AM,Amazonas,32869,Matrinxã,2.0
2024,1301605,Fonte Boa - AM,Amazonas,32874,Pirarucu,1.6
2024,1301605,Fonte Boa - AM,Amazonas,32876,Tambaqui,3.5
2024,1301654,Guajará - AM,Amazonas,32869,Matrinxã,32.0
2024,1301654,Guajará - AM,Amazonas,32876,Tambaqui,20.0
2024,1301704,Humaitá - AM,Amazonas,32876,Tambaqui,150.0
2024,1301803,Ipixuna - AM,Amazonas,32869,Matrinxã,6.0
2024,1301803,Ipixuna - AM,Amazonas,32873,Pirapitinga,11.0
2024,1301803,Ipixuna - AM,Amazonas,32876,Tambaqui,20.4
2024,1301852,Iranduba - AM,Amazonas,32869,Matrinxã,85.0
2024,1301852,Iranduba - AM,Amazonas,32876,Tambaqui,1000.0
2024,1301902,Itacoatiara - AM,Amazonas,32876,Tambaqui,16.568
2024,1301951,Itamarati - AM,Amazonas,32876,Tambaqui,235.2
2024,1302108,Japurá - AM,Amazonas,32876,Tambaqui,4.0
2024,1302504,Manacapuru - AM,Amazonas,32869,Matrinxã,1401.966
2024,1302504,Manacapuru - AM,Amazonas,32873,Pirapitinga,159.79
2024,1302504,Manacapuru - AM,Amazonas,32874,Pirarucu,56.232
2024,1302504,Manacapuru - AM,Amazonas,32876,Tambaqui,1932.372
2024,1302553,Manaquiri - AM,Amazonas,32876,Tambaqui,150.0
2024,1302603,Manaus - AM,Amazonas,32869,Matrinxã,3.2
2024,1302603,Manaus - AM,Amazonas,32876,Tambaqui,800.0
2024,1302702,Manicoré - AM,Amazonas,32874,Pirarucu,21.5
2024,1302702,Manicoré - AM,Amazonas,32876,Tambaqui,24.0
2024,1302900,Maués - AM,Amazonas,32869,Matrinxã,7.15
2024,1302900,Maués - AM,Amazonas,32873,Pirapitinga,6.6
2024,1302900,Maués - AM,Amazonas,32874,Pirarucu,2.0
2024,1302900,Maués - AM,Amazonas,32876,Tambaqui,6.8
2024,1303007,Nhamundá - AM,Amazonas,32876,Tambaqui,11.0
2024,1303205,Novo Airão - AM,Amazonas,32869,Matrinxã,22.7
2024,1303205,Novo Airão - AM,Amazonas,32876,Tambaqui,31.2
2024,1303304,Novo Aripuanã - AM,Amazonas,32869,Matrinxã,15.0
2024,1303304,Novo Aripuanã - AM,Amazonas,32874,Pirarucu,5.0
2024,1303304,Novo Aripuanã - AM,Amazonas,32876,Tambaqui,67.0
2024,1303403,Parintins - AM,Amazonas,32876,Tambaqui,10.0
2024,1303502,Pauini - AM,Amazonas,32874,Pirarucu,12.0
2024,1303502,Pauini - AM,Amazonas,32876,Tambaqui,30.0
2024,1303536,Presidente Figueiredo - AM,Amazonas,32869,Matrinxã,77.85
2024,1303536,Presidente Figueiredo - AM,Amazonas,32876,Tambaqui,777.952
2024,1303569,Rio Preto da Eva - AM,Amazonas,32869,Matrinxã,1000.0
2024,1303569,Rio Preto da Eva - AM,Amazonas,32876,Tambaqui,1500.0
2024,1303601,Santa Isabel do Rio Negro - AM,Amazonas,32873,Pirapitinga,45.0
2024,1303601,Santa Isabel do Rio Negro - AM,Amazonas,32875,"Tambacu, tambatinga",2.5
2024,1303700,Santo Antônio do Içá - AM,Amazonas,32869,Matrinxã,20.0
2024,1303700,Santo Antônio do Içá - AM,Amazonas,32876,Tambaqui,22.0
2024,1303809,São Gabriel da Cachoeira - AM,Amazonas,32869,Matrinxã,7.0
2024,1303809,São Gabriel da Cachoeira - AM,Amazonas,32871,"Piau, piapara, piauçu, piava",100.8
2024,1303809,São Gabriel da Cachoeira - AM,Amazonas,32876,Tambaqui,90.0
2024,1304203,Tefé - AM,Amazonas,32869,Matrinxã,24.0
2024,1304203,Tefé - AM,Amazonas,32873,Pirapitinga,3.0
2024,1304203,Tefé - AM,Amazonas,32876,Tambaqui,50.0
2024,1304260,Uarini - AM,Amazonas,32869,Matrinxã,1.3
2024,1304260,Uarini - AM,Amazonas,32876,Tambaqui,1.3
2024,1400027,Amajari - RR,Roraima,32869,Matrinxã,255.0
2024,1400027,Amajari - RR,Roraima,32874,Pirarucu,17.0
2024,1400027,Amajari - RR,Roraima,32876,Tambaqui,6128.391
2024,1400050,Alto Alegre - RR,Roraima,32876,Tambaqui,2242.0
2024,1400100,Boa Vista - RR,Roraima,32869,Matrinxã,20.5
2024,1400100,Boa Vista - RR,Roraima,32876,Tambaqui,520.0
2024,1400159,Bonfim - RR,Roraima,32876,Tambaqui,527.287
2024,1400175,Cantá - RR,Roraima,32876,Tambaqui,1240.0
2024,1400209,Caracaraí - RR,Roraima,32876,Tambaqui,1065.1
2024,1400233,Caroebe - RR,Roraima,32876,Tambaqui,220.0
2024,1400282,Iracema - RR,Roraima,32876,Tambaqui,125.0
2024,1400308,Mucajaí - RR,Roraima,32869,Matrinxã,40.065
2024,1400308,Mucajaí - RR,Roraima,32876,Tambaqui,642.0
2024,1400407,Normandia - RR,Roraima,32876,Tambaqui,17.2
2024,1400506,São João da Baliza - RR,Roraima,32876,Tambaqui,92.0
2024,1400605,São Luiz do Anauá - RR,Roraima,32876,Tambaqui,89.0
2024,1400704,Uiramutã - RR,Roraima,32869,Matrinxã,2.8
2024,1400704,Uiramutã - RR,Roraima,32876,Tambaqui,25.0
2024,1500107,Abaetetuba - PA,Pará,32876,Tambaqui,23.0
2024,1500107,Abaetetuba - PA,Pará,32877,Tilápia,16.0
2024,1500131,Abel Figueiredo - PA,Pará,32876,Tambaqui,4.85
2024,1500206,Acará - PA,Pará,32876,Tambaqui,50.0
2024,1500206,Acará - PA,Pará,32877,Tilápia,4.5
2024,1500347,Água Azul do Norte - PA,Pará,32871,"Piau, piapara, piauçu, piava",12.0
2024,1500347,Água Azul do Norte - PA,Pará,32872,"Pintado, cachara, cachapira e pintachara, surubim",16.0
2024,1500347,Água Azul do Norte - PA,Pará,32873,Pirapitinga,8.5
2024,1500347,Água Azul do Norte - PA,Pará,32874,Pirarucu,3.1
2024,1500347,Água Azul do Norte - PA,Pará,32875,"Tambacu, tambatinga",50.0
2024,1500347,Água Azul do Norte - PA,Pará,32876,Tambaqui,30.0
2024,1500347,Água Azul do Norte - PA,Pará,32877,Tilápia,24.0
2024,1500404,Alenquer - PA,Pará,32875,"Tambacu, tambatinga",11.0
2024,1500404,Alenquer - PA,Pará,32876,Tambaqui,20.0
2024,1500602,Altamira - PA,Pará,32869,Matrinxã,120.0
2024,1500602,Altamira - PA,Pará,32871,"Piau, piapara, piauçu, piava",27.0
2024,1500602,Altamira - PA,Pará,32872,"Pintado, cachara, cachapira e pintachara, surubim",10.0
2024,1500602,Altamira - PA,Pará,32873,Pirapitinga,19.97
2024,1500602,Altamira - PA,Pará,32874,Pirarucu,5.5
2024,1500602,Altamira - PA,Pará,32875,"Tambacu, tambatinga",497.8
2024,1500602,Altamira - PA,Pará,32876,Tambaqui,442.6
2024,1500701,Anajás - PA,Pará,32873,Pirapitinga,25.0
2024,1500701,Anajás - PA,Pará,32874,Pirarucu,10.0
2024,1500701,Anajás - PA,Pará,32875,"Tambacu, tambatinga",50.0
2024,1500701,Anajás - PA,Pará,32877,Tilápia,30.0
2024,1500859,Anapu - PA,Pará,32867,"Jatuarana, piabanha e piracanjuba",8.0
2024,1500859,Anapu - PA,Pará,32875,"Tambacu, tambatinga",60.5
2024,1500859,Anapu - PA,Pará,32876,Tambaqui,39.0
2024,1500859,Anapu - PA,Pará,32877,Tilápia,15.5
2024,1500909,Augusto Corrêa - PA,Pará,32889,"Ostras, vieiras e mexilhões",36.019
2024,1501006,Aveiro - PA,Pará,32871,"Piau, piapara, piauçu, piava",0.5
2024,1501006,Aveiro - PA,Pará,32873,Pirapitinga,0.3
2024,1501006,Aveiro - PA,Pará,32875,"Tambacu, tambatinga",0.15
2024,1501006,Aveiro - PA,Pará,32876,Tambaqui,1.8
2024,1501006,Aveiro - PA,Pará,32877,Tilápia,0.2
2024,1501105,Bagre - PA,Pará,32876,Tambaqui,4.0
2024,1501105,Bagre - PA,Pará,32877,Tilápia,2.2
2024,1501204,Baião - PA,Pará,32870,Pacu e patinga,11.0
2024,1501204,Baião - PA,Pará,32871,"Piau, piapara, piauçu, piava",31.5
2024,1501204,Baião - PA,Pará,32873,Pirapitinga,10.2
2024,1501204,Baião - PA,Pará,32875,"Tambacu, tambatinga",10.3
2024,1501204,Baião - PA,Pará,32876,Tambaqui,62.0
2024,1501204,Baião - PA,Pará,32877,Tilápia,12.0
2024,1501253,Bannach - PA,Pará,32861,Carpa,2.0
2024,1501253,Bannach - PA,Pará,32872,"Pintado, cachara, cachapira e pintachara, surubim",41.0
2024,1501253,Bannach - PA,Pará,32876,Tambaqui,25.0
2024,1501253,Bannach - PA,Pará,32877,Tilápia,10.0
2024,1501303,Barcarena - PA,Pará,32875,"Tambacu, tambatinga",11.3
2024,1501303,Barcarena - PA,Pará,32876,Tambaqui,13.0
2024,1501303,Barcarena - PA,Pará,32877,Tilápia,2.5
2024,1501501,Benevides - PA,Pará,32876,Tambaqui,7.5
2024,1501501,Benevides - PA,Pará,32877,Tilápia,3.0
2024,1501576,Bom Jesus do Tocantins - PA,Pará,32874,Pirarucu,4.4
2024,1501576,Bom Jesus do Tocantins - PA,Pará,32876,Tambaqui,52.0
2024,1501600,Bonito - PA,Pará,32875,"Tambacu, tambatinga",7.92
2024,1501600,Bonito - PA,Pará,32876,Tambaqui,3.517
2024,1501600,Bonito - PA,Pará,32877,Tilápia,4.05
2024,1501600,Bonito - PA,Pará,32881,Outros peixes,4.75
2024,1501709,Bragança - PA,Pará,32871,"Piau, piapara, piauçu, piava",0.9
2024,1501709,Bragança - PA,Pará,32874,Pirarucu,60.0
2024,1501709,Bragança - PA,Pará,32875,"Tambacu, tambatinga",44.6
2024,1501709,Bragança - PA,Pará,32876,Tambaqui,1.4
2024,1501709,Bragança - PA,Pará,32877,Tilápia,3.8
2024,1501725,Brasil Novo - PA,Pará,32865,"Curimatã, curimbatá",0.2
2024,1501725,Brasil Novo - PA,Pará,32871,"Piau, piapara, piauçu, piava",0.8
2024,1501725,Brasil Novo - PA,Pará,32872,"Pintado, cachara, cachapira e pintachara, surubim",0.58
2024,1501725,Brasil Novo - PA,Pará,32874,Pirarucu,1.95
2024,1501725,Brasil Novo - PA,Pará,32875,"Tambacu, tambatinga",55.5
2024,1501725,Brasil Novo - PA,Pará,32876,Tambaqui,128.5
2024,1501725,Brasil Novo - PA,Pará,32877,Tilápia,5.5
2024,1501725,Brasil Novo - PA,Pará,32880,Tucunaré,0.68
2024,1501758,Brejo Grande do Araguaia - PA,Pará,32875,"Tambacu, tambatinga",2.3
2024,1501758,Brejo Grande do Araguaia - PA,Pará,32876,Tambaqui,3.65
2024,1501782,Breu Branco - PA,Pará,32867,"Jatuarana, piabanha e piracanjuba",19.2
2024,1501782,Breu Branco - PA,Pará,32869,Matrinxã,1.0
2024,1501782,Breu Branco - PA,Pará,32871,"Piau, piapara, piauçu, piava",5.0
2024,1501782,Breu Branco - PA,Pará,32875,"Tambacu, tambatinga",46.8
2024,1501782,Breu Branco - PA,Pará,32876,Tambaqui,70.6
2024,1501782,Breu Branco - PA,Pará,32877,Tilápia,6.2
2024,1501782,Breu Branco - PA,Pará,32881,Outros peixes,7.0
2024,1501808,Breves - PA,Pará,32865,"Curimatã, curimbatá",2.9
2024,1501808,Breves - PA,Pará,32873,Pirapitinga,1.4
2024,1501808,Breves - PA,Pará,32875,"Tambacu, tambatinga",35.0
2024,1501808,Breves - PA,Pará,32876,Tambaqui,2.8
2024,1501808,Breves - PA,Pará,32881,Outros peixes,2.2
2024,1501956,Cachoeira do Piriá - PA,Pará,32869,Matrinxã,3.5
2024,1501956,Cachoeira do Piriá - PA,Pará,32871,"Piau, piapara, piauçu, piava",4.0
2024,1501956,Cachoeira do Piriá - PA,Pará,32875,"Tambacu, tambatinga",2.0
2024,1501956,Cachoeira do Piriá - PA,Pará,32877,Tilápia,0.5
2024,1501956,Cachoeira do Piriá - PA,Pará,32881,Outros peixes,0.5
2024,1502004,Cachoeira do Arari - PA,Pará,32876,Tambaqui,7.8
2024,1502103,Cametá - PA,Pará,32865,"Curimatã, curimbatá",0.85
2024,1502103,Cametá - PA,Pará,32871,"Piau, piapara, piauçu, piava",2.9
2024,1502103,Cametá - PA,Pará,32875,"Tambacu, tambatinga",2.12
2024,1502103,Cametá - PA,Pará,32876,Tambaqui,37.0
2024,1502103,Cametá - PA,Pará,32881,Outros peixes,11.0
2024,1502152,Canaã dos Carajás - PA,Pará,32871,"Piau, piapara, piauçu, piava",1.42
2024,1502152,Canaã dos Carajás - PA,Pará,32875,"Tambacu, tambatinga",1.55
2024,1502152,Canaã dos Carajás - PA,Pará,32876,Tambaqui,27.6
2024,1502202,Capanema - PA,Pará,32871,"Piau, piapara, piauçu, piava",2.3
2024,1502202,Capanema - PA,Pará,32875,"Tambacu, tambatinga",20.0
2024,1502202,Capanema - PA,Pará,32876,Tambaqui,2.0
2024,1502202,Capanema - PA,Pará,32877,Tilápia,3.55
2024,1502301,Capitão Poço - PA,Pará,32874,Pirarucu,1.6
2024,1502301,Capitão Poço - PA,Pará,32875,"Tambacu, tambatinga",120.75
2024,1502301,Capitão Poço - PA,Pará,32876,Tambaqui,8.1
2024,1502301,Capitão Poço - PA,Pará,32877,Tilápia,81.0
2024,1502301,Capitão Poço - PA,Pará,32881,Outros peixes,4.0
2024,1502400,Castanhal - PA,Pará,32873,Pirapitinga,12.5
2024,1502400,Castanhal - PA,Pará,32876,Tambaqui,80.0
2024,1502400,Castanhal - PA,Pará,32877,Tilápia,43.0
2024,1502400,Castanhal - PA,Pará,32881,Outros peixes,7.0
2024,1502707,Conceição do Araguaia - PA,Pará,32869,Matrinxã,15.0
2024,1502707,Conceição do Araguaia - PA,Pará,32871,"Piau, piapara, piauçu, piava",10.0
2024,1502707,Conceição do Araguaia - PA,Pará,32872,"Pintado, cachara, cachapira e pintachara, surubim",95.0
2024,1502707,Conceição do Araguaia - PA,Pará,32873,Pirapitinga,80.0
2024,1502707,Conceição do Araguaia - PA,Pará,32874,Pirarucu,55.0
2024,1502707,Conceição do Araguaia - PA,Pará,32875,"Tambacu, tambatinga",100.0
2024,1502707,Conceição do Araguaia - PA,Pará,32876,Tambaqui,50.0
2024,1502756,Concórdia do Pará - PA,Pará,32876,Tambaqui,6.0
2024,1502764,Cumaru do Norte - PA,Pará,32876,Tambaqui,250.0
2024,1502772,Curionópolis - PA,Pará,32875,"Tambacu, tambatinga",2.28
2024,1502772,Curionópolis - PA,Pará,32876,Tambaqui,33.8
2024,1502806,Curralinho - PA,Pará,32874,Pirarucu,3.5
2024,1502806,Curralinho - PA,Pará,32876,Tambaqui,60.0
2024,1502855,Curuá - PA,Pará,32875,"Tambacu, tambatinga",0.42
2024,1502855,Curuá - PA,Pará,32876,Tambaqui,1.74
2024,1502905,Curuçá - PA,Pará,32875,"Tambacu, tambatinga",10.0
2024,1502905,Curuçá - PA,Pará,32887,Camarão,40.0
2024,1502905,Curuçá - PA,Pará,32889,"Ostras, vieiras e mexilhões",3.954
2024,1502939,Dom Eliseu - PA,Pará,32876,Tambaqui,320.0
2024,1502954,Eldorado do Carajás - PA,Pará,32875,"Tambacu, tambatinga",10.5
2024,1502954,Eldorado do Carajás - PA,Pará,32876,Tambaqui,47.0
2024,1503044,Floresta do Araguaia - PA,Pará,32875,"Tambacu, tambatinga",39.0
2024,1503044,Floresta do Araguaia - PA,Pará,32876,Tambaqui,25.0
2024,1503077,Garrafão do Norte - PA,Pará,32873,Pirapitinga,5.0
2024,1503077,Garrafão do Norte - PA,Pará,32875,"Tambacu, tambatinga",80.0
2024,1503077,Garrafão do Norte - PA,Pará,32876,Tambaqui,1.0
2024,1503077,Garrafão do Norte - PA,Pará,32877,Tilápia,10.0
2024,1503077,Garrafão do Norte - PA,Pará,32881,Outros peixes,4.0
2024,1503093,Goianésia do Pará - PA,Pará,32867,"Jatuarana, piabanha e piracanjuba",1.0
2024,1503093,Goianésia do Pará - PA,Pará,32875,"Tambacu, tambatinga",25.3
2024,1503093,Goianésia do Pará - PA,Pará,32876,Tambaqui,21.46
2024,1503093,Goianésia do Pará - PA,Pará,32881,Outros peixes,8.3
2024,1503200,Igarapé-Açu - PA,Pará,32876,Tambaqui,18.5
2024,1503200,Igarapé-Açu - PA,Pará,32877,Tilápia,5.2
2024,1503408,Inhangapi - PA,Pará,32875,"Tambacu, tambatinga",1.5
2024,1503408,Inhangapi - PA,Pará,32876,Tambaqui,4.56
2024,1503457,Ipixuna do Pará - PA,Pará,32874,Pirarucu,3.1
2024,1503457,Ipixuna do Pará - PA,Pará,32876,Tambaqui,850.0
2024,1503457,Ipixuna do Pará - PA,Pará,32877,Tilápia,120.0
2024,1503507,Irituia - PA,Pará,32876,Tambaqui,50.4
2024,1503606,Itaituba - PA,Pará,32869,Matrinxã,15.0
2024,1503606,Itaituba - PA,Pará,32871,"Piau, piapara, piauçu, piava",25.0
2024,1503606,Itaituba - PA,Pará,32875,"Tambacu, tambatinga",75.0
2024,1503606,Itaituba - PA,Pará,32876,Tambaqui,75.0
2024,1503705,Itupiranga - PA,Pará,32867,"Jatuarana, piabanha e piracanjuba",1.0
2024,1503705,Itupiranga - PA,Pará,32871,"Piau, piapara, piauçu, piava",7.8
2024,1503705,Itupiranga - PA,Pará,32875,"Tambacu, tambatinga",56.0
2024,1503705,Itupiranga - PA,Pará,32876,Tambaqui,145.0
2024,1503754,Jacareacanga - PA,Pará,32871,"Piau, piapara, piauçu, piava",0.8
2024,1503754,Jacareacanga - PA,Pará,32876,Tambaqui,6.2
2024,1503804,Jacundá - PA,Pará,32876,Tambaqui,29.0
2024,1503903,Juruti - PA,Pará,32869,Matrinxã,0.8
2024,1503903,Juruti - PA,Pará,32875,"Tambacu, tambatinga",0.7
2024,1503903,Juruti - PA,Pará,32876,Tambaqui,1.4
2024,1504000,Limoeiro do Ajuru - PA,Pará,32876,Tambaqui,32.0
2024,1504059,Mãe do Rio - PA,Pará,32876,Tambaqui,50.0
2024,1504109,Magalhães Barata - PA,Pará,32876,Tambaqui,14.2
2024,1504208,Marabá - PA,Pará,32865,"Curimatã, curimbatá",5.7
2024,1504208,Marabá - PA,Pará,32867,"Jatuarana, piabanha e piracanjuba",70.0
2024,1504208,Marabá - PA,Pará,32872,"Pintado, cachara, cachapira e pintachara, surubim",58.0
2024,1504208,Marabá - PA,Pará,32874,Pirarucu,7.1
2024,1504208,Marabá - PA,Pará,32875,"Tambacu, tambatinga",415.0
2024,1504208,Marabá - PA,Pará,32876,Tambaqui,520.0
2024,1504208,Marabá - PA,Pará,32877,Tilápia,12.1
2024,1504307,Maracanã - PA,Pará,32874,Pirarucu,0.098
2024,1504307,Maracanã - PA,Pará,32876,Tambaqui,4.76
2024,1504307,Maracanã - PA,Pará,32889,"Ostras, vieiras e mexilhões",9.6
2024,1504406,Marapanim - PA,Pará,32887,Camarão,72.0
2024,1504422,Marituba - PA,Pará,32876,Tambaqui,25.0
2024,1504455,Medicilândia - PA,Pará,32869,Matrinxã,7.2
2024,1504455,Medicilândia - PA,Pará,32871,"Piau, piapara, piauçu, piava",4.375
2024,1504455,Medicilândia - PA,Pará,32873,Pirapitinga,23.2
2024,1504455,Medicilândia - PA,Pará,32875,"Tambacu, tambatinga",75.0
2024,1504455,Medicilândia - PA,Pará,32876,Tambaqui,37.3
2024,1504455,Medicilândia - PA,Pará,32877,Tilápia,4.32
2024,1504505,Melgaço - PA,Pará,32876,Tambaqui,1.2
2024,1504604,Mocajuba - PA,Pará,32876,Tambaqui,26.0
2024,1504703,Moju - PA,Pará,32875,"Tambacu, tambatinga",12.3
2024,1504703,Moju - PA,Pará,32876,Tambaqui,12.4
2024,1504703,Moju - PA,Pará,32877,Tilápia,0.7
2024,1504752,Mojuí dos Campos - PA,Pará,32871,"Piau, piapara, piauçu, piava",1.2
2024,1504752,Mojuí dos Campos - PA,Pará,32876,Tambaqui,9.34
2024,1504802,Monte Alegre - PA,Pará,32874,Pirarucu,2.2
2024,1504802,Monte Alegre - PA,Pará,32875,"Tambacu, tambatinga",20.0
2024,1504802,Monte Alegre - PA,Pará,32876,Tambaqui,19.0
2024,1504950,Nova Esperança do Piriá - PA,Pará,32874,Pirarucu,0.085
2024,1504950,Nova Esperança do Piriá - PA,Pará,32875,"Tambacu, tambatinga",1.89
2024,1504950,Nova Esperança do Piriá - PA,Pará,32876,Tambaqui,1.95
2024,1504950,Nova Esperança do Piriá - PA,Pará,32877,Tilápia,4.275
2024,1504950,Nova Esperança do Piriá - PA,Pará,32881,Outros peixes,0.4
2024,1504976,Nova Ipixuna - PA,Pará,32875,"Tambacu, tambatinga",2.6
2024,1504976,Nova Ipixuna - PA,Pará,32876,Tambaqui,15.0
2024,1505007,Nova Timboteua - PA,Pará,32875,"Tambacu, tambatinga",2.25
2024,1505007,Nova Timboteua - PA,Pará,32876,Tambaqui,0.98
2024,1505007,Nova Timboteua - PA,Pará,32877,Tilápia,1.11
2024,1505007,Nova Timboteua - PA,Pará,32881,Outros peixes,1.8
2024,1505031,Novo Progresso - PA,Pará,32872,"Pintado, cachara, cachapira e pintachara, surubim",2.6
2024,1505031,Novo Progresso - PA,Pará,32873,Pirapitinga,29.5
2024,1505031,Novo Progresso - PA,Pará,32875,"Tambacu, tambatinga",44.95
2024,1505031,Novo Progresso - PA,Pará,32876,Tambaqui,41.0
2024,1505064,Novo Repartimento - PA,Pará,32861,Carpa,0.3
2024,1505064,Novo Repartimento - PA,Pará,32865,"Curimatã, curimbatá",0.5
2024,1505064,Novo Repartimento - PA,Pará,32867,"Jatuarana, piabanha e piracanjuba",7.0
2024,1505064,Novo Repartimento - PA,Pará,32868,Lambari,2.0
2024,1505064,Novo Repartimento - PA,Pará,32869,Matrinxã,10.0
2024,1505064,Novo Repartimento - PA,Pará,32870,Pacu e patinga,2.0
2024,1505064,Novo Repartimento - PA,Pará,32871,"Piau, piapara, piauçu, piava",3.0
2024,1505064,Novo Repartimento - PA,Pará,32872,"Pintado, cachara, cachapira e pintachara, surubim",4.0
2024,1505064,Novo Repartimento - PA,Pará,32873,Pirapitinga,10.0
2024,1505064,Novo Repartimento - PA,Pará,32874,Pirarucu,1.0
2024,1505064,Novo Repartimento - PA,Pará,32875,"Tambacu, tambatinga",270.0
2024,1505064,Novo Repartimento - PA,Pará,32876,Tambaqui,220.0
2024,1505064,Novo Repartimento - PA,Pará,32877,Tilápia,5.0
2024,1505064,Novo Repartimento - PA,Pará,32878,Traíra e trairão,3.0
2024,1505064,Novo Repartimento - PA,Pará,32880,Tucunaré,3.0
2024,1505064,Novo Repartimento - PA,Pará,32881,Outros peixes,4.0
2024,1505064,Novo Repartimento - PA,Pará,32887,Camarão,0.5
2024,1505106,Óbidos - PA,Pará,32865,"Curimatã, curimbatá",0.05
2024,1505106,Óbidos - PA,Pará,32867,"Jatuarana, piabanha e piracanjuba",0.02
2024,1505106,Óbidos - PA,Pará,32869,Matrinxã,0.45
2024,1505106,Óbidos - PA,Pará,32874,Pirarucu,1.8
2024,1505106,Óbidos - PA,Pará,32875,"Tambacu, tambatinga",0.38
2024,1505106,Óbidos - PA,Pará,32876,Tambaqui,2.8
2024,1505106,Óbidos - PA,Pará,32880,Tucunaré,0.05
2024,1505205,Oeiras do Pará - PA,Pará,32871,"Piau, piapara, piauçu, piava",0.66
2024,1505205,Oeiras do Pará - PA,Pará,32875,"Tambacu, tambatinga",2.3
2024,1505205,Oeiras do Pará - PA,Pará,32876,Tambaqui,32.0
2024,1505304,Oriximiná - PA,Pará,32869,Matrinxã,5.0
2024,1505304,Oriximiná - PA,Pará,32875,"Tambacu, tambatinga",10.0
2024,1505304,Oriximiná - PA,Pará,32876,Tambaqui,25.0
2024,1505403,Ourém - PA,Pará,32869,Matrinxã,6.5
2024,1505403,Ourém - PA,Pará,32871,"Piau, piapara, piauçu, piava",5.0
2024,1505403,Ourém - PA,Pará,32875,"Tambacu, tambatinga",35.0
2024,1505403,Ourém - PA,Pará,32876,Tambaqui,3.0
2024,1505403,Ourém - PA,Pará,32877,Tilápia,8.0
2024,1505403,Ourém - PA,Pará,32881,Outros peixes,6.0
2024,1505437,Ourilândia do Norte - PA,Pará,32875,"Tambacu, tambatinga",58.0
2024,1505437,Ourilândia do Norte - PA,Pará,32876,Tambaqui,20.0
2024,1505486,Pacajá - PA,Pará,32867,"Jatuarana, piabanha e piracanjuba",2.5
2024,1505486,Pacajá - PA,Pará,32871,"Piau, piapara, piauçu, piava",1.8
2024,1505486,Pacajá - PA,Pará,32872,"Pintado, cachara, cachapira e pintachara, surubim",5.0
2024,1505486,Pacajá - PA,Pará,32874,Pirarucu,2.0
2024,1505486,Pacajá - PA,Pará,32875,"Tambacu, tambatinga",35.0
2024,1505486,Pacajá - PA,Pará,32876,Tambaqui,43.0
2024,1505486,Pacajá - PA,Pará,32880,Tucunaré,1.2
2024,1505494,Palestina do Pará - PA,Pará,32875,"Tambacu, tambatinga",7.8
2024,1505494,Palestina do Pará - PA,Pará,32876,Tambaqui,14.8
2024,1505502,Paragominas - PA,Pará,32872,"Pintado, cachara, cachapira e pintachara, surubim",3.2
2024,1505502,Paragominas - PA,Pará,32874,Pirarucu,16.8
2024,1505502,Paragominas - PA,Pará,32875,"Tambacu, tambatinga",8.0
2024,1505502,Paragominas - PA,Pará,32876,Tambaqui,3200.0
2024,1505502,Paragominas - PA,Pará,32877,Tilápia,450.0
2024,1505536,Parauapebas - PA,Pará,32875,"Tambacu, tambatinga",82.0
2024,1505536,Parauapebas - PA,Pará,32876,Tambaqui,190.0
2024,1505551,Pau D'Arco - PA,Pará,32876,Tambaqui,123.0
2024,1505601,Peixe-Boi - PA,Pará,32875,"Tambacu, tambatinga",9.5
2024,1505601,Peixe-Boi - PA,Pará,32876,Tambaqui,1.0
2024,1505601,Peixe-Boi - PA,Pará,32877,Tilápia,5.0
2024,1505601,Peixe-Boi - PA,Pará,32881,Outros peixes,1.5
2024,1505635,Piçarra - PA,Pará,32873,Pirapitinga,3.0
2024,1505635,Piçarra - PA,Pará,32875,"Tambacu, tambatinga",48.0
2024,1505635,Piçarra - PA,Pará,32876,Tambaqui,60.0
2024,1505635,Piçarra - PA,Pará,32877,Tilápia,2.0
2024,1505650,Placas - PA,Pará,32876,Tambaqui,30.2
2024,1505809,Portel - PA,Pará,32869,Matrinxã,2.5
2024,1505809,Portel - PA,Pará,32874,Pirarucu,2.6
2024,1505809,Portel - PA,Pará,32876,Tambaqui,6.5
2024,1505809,Portel - PA,Pará,32877,Tilápia,3.5
2024,1505809,Portel - PA,Pará,32881,Outros peixes,2.0
2024,1506104,Primavera - PA,Pará,32875,"Tambacu, tambatinga",1.35
2024,1506104,Primavera - PA,Pará,32876,Tambaqui,0.34
2024,1506104,Primavera - PA,Pará,32877,Tilápia,1.075
2024,1506104,Primavera - PA,Pará,32881,Outros peixes,0.76
2024,1506112,Quatipuru - PA,Pará,32874,Pirarucu,0.51
2024,1506112,Quatipuru - PA,Pará,32875,"Tambacu, tambatinga",6.325
2024,1506112,Quatipuru - PA,Pará,32876,Tambaqui,1.7
2024,1506112,Quatipuru - PA,Pará,32877,Tilápia,1.08
2024,1506112,Quatipuru - PA,Pará,32881,Outros peixes,0.45
2024,1506138,Redenção - PA,Pará,32875,"Tambacu, tambatinga",6.56
2024,1506138,Redenção - PA,Pará,32876,Tambaqui,35.0
2024,1506138,Redenção - PA,Pará,32877,Tilápia,0.85
2024,1506161,Rio Maria - PA,Pará,32875,"Tambacu, tambatinga",28.0
2024,1506161,Rio Maria - PA,Pará,32876,Tambaqui,28.0
2024,1506187,Rondon do Pará - PA,Pará,32875,"Tambacu, tambatinga",4.9
2024,1506195,Rurópolis - PA,Pará,32875,"Tambacu, tambatinga",36.36
2024,1506195,Rurópolis - PA,Pará,32876,Tambaqui,51.4
2024,1506203,Salinópolis - PA,Pará,32889,"Ostras, vieiras e mexilhões",82.057
2024,1506351,Santa Bárbara do Pará - PA,Pará,32876,Tambaqui,5.0
2024,1506559,Santa Luzia do Pará - PA,Pará,32875,"Tambacu, tambatinga",12.5
2024,1506559,Santa Luzia do Pará - PA,Pará,32876,Tambaqui,2.36
2024,1506559,Santa Luzia do Pará - PA,Pará,32877,Tilápia,2.0
2024,1506559,Santa Luzia do Pará - PA,Pará,32881,Outros peixes,0.22
2024,1506583,Santa Maria das Barreiras - PA,Pará,32876,Tambaqui,55.0
2024,1506807,Santarém - PA,Pará,32865,"Curimatã, curimbatá",1.83
2024,1506807,Santarém - PA,Pará,32869,Matrinxã,7.76
2024,1506807,Santarém - PA,Pará,32874,Pirarucu,7.6
2024,1506807,Santarém - PA,Pará,32875,"Tambacu, tambatinga",19.75
2024,1506807,Santarém - PA,Pará,32876,Tambaqui,30.5
2024,1506807,Santarém - PA,Pará,32877,Tilápia,3.5
2024,1506807,Santarém - PA,Pará,32881,Outros peixes,0.9
2024,1507102,São Caetano de Odivelas - PA,Pará,32889,"Ostras, vieiras e mexilhões",7.0
2024,1507151,São Domingos do Araguaia - PA,Pará,32875,"Tambacu, tambatinga",8.7
2024,1507151,São Domingos do Araguaia - PA,Pará,32876,Tambaqui,23.0
2024,1507201,São Domingos do Capim - PA,Pará,32876,Tambaqui,5.2
2024,1507300,São Félix do Xingu - PA,Pará,32869,Matrinxã,1.25
2024,1507300,São Félix do Xingu - PA,Pará,32871,"Piau, piapara, piauçu, piava",0.8
2024,1507300,São Félix do Xingu - PA,Pará,32872,"Pintado, cachara, cachapira e pintachara, surubim",4.6
2024,1507300,São Félix do Xingu - PA,Pará,32875,"Tambacu, tambatinga",60.0
2024,1507300,São Félix do Xingu - PA,Pará,32876,Tambaqui,70.0
2024,1507409,São Francisco do Pará - PA,Pará,32873,Pirapitinga,7.2
2024,1507409,São Francisco do Pará - PA,Pará,32876,Tambaqui,46.15
2024,1507409,São Francisco do Pará - PA,Pará,32877,Tilápia,3.55
2024,1507458,São Geraldo do Araguaia - PA,Pará,32875,"Tambacu, tambatinga",25.5
2024,1507458,São Geraldo do Araguaia - PA,Pará,32876,Tambaqui,50.0
2024,1507474,São João de Pirabas - PA,Pará,32875,"Tambacu, tambatinga",5.2
2024,1507474,São João de Pirabas - PA,Pará,32876,Tambaqui,1.3
2024,1507508,São João do Araguaia - PA,Pará,32875,"Tambacu, tambatinga",135.0
2024,1507508,São João do Araguaia - PA,Pará,32876,Tambaqui,270.0
2024,1507607,São Miguel do Guamá - PA,Pará,32876,Tambaqui,90.18
2024,1507755,Sapucaia - PA,Pará,32875,"Tambacu, tambatinga",3.5
2024,1507755,Sapucaia - PA,Pará,32876,Tambaqui,5.2
2024,1507805,Senador José Porfírio - PA,Pará,32873,Pirapitinga,3.0
2024,1507805,Senador José Porfírio - PA,Pará,32875,"Tambacu, tambatinga",14.0
2024,1507805,Senador José Porfírio - PA,Pará,32876,Tambaqui,25.0
2024,1507805,Senador José Porfírio - PA,Pará,32877,Tilápia,5.6
2024,1507953,Tailândia - PA,Pará,32875,"Tambacu, tambatinga",13.5
2024,1507953,Tailândia - PA,Pará,32876,Tambaqui,120.0
2024,1507961,Terra Alta - PA,Pará,32876,Tambaqui,5.2
2024,1507979,Terra Santa - PA,Pará,32875,"Tambacu, tambatinga",0.35
2024,1507979,Terra Santa - PA,Pará,32876,Tambaqui,0.5
2024,1508001,Tomé-Açu - PA,Pará,32876,Tambaqui,45.0
2024,1508001,Tomé-Açu - PA,Pará,32877,Tilápia,2.5
2024,1508035,Tracuateua - PA,Pará,32869,Matrinxã,0.5
2024,1508035,Tracuateua - PA,Pará,32875,"Tambacu, tambatinga",1.75
2024,1508035,Tracuateua - PA,Pará,32876,Tambaqui,2.0
2024,1508035,Tracuateua - PA,Pará,32881,Outros peixes,1.0
2024,1508050,Trairão - PA,Pará,32871,"Piau, piapara, piauçu, piava",4.2
2024,1508050,Trairão - PA,Pará,32873,Pirapitinga,0.73
2024,1508050,Trairão - PA,Pará,32875,"Tambacu, tambatinga",6.0
2024,1508050,Trairão - PA,Pará,32876,Tambaqui,9.65
2024,1508084,Tucumã - PA,Pará,32865,"Curimatã, curimbatá",10.0
2024,1508084,Tucumã - PA,Pará,32867,"Jatuarana, piabanha e piracanjuba",6.0
2024,1508084,Tucumã - PA,Pará,32869,Matrinxã,7.5
2024,1508084,Tucumã - PA,Pará,32872,"Pintado, cachara, cachapira e pintachara, surubim",30.0
2024,1508084,Tucumã - PA,Pará,32874,Pirarucu,5.0
2024,1508084,Tucumã - PA,Pará,32875,"Tambacu, tambatinga",86.0
2024,1508084,Tucumã - PA,Pará,32876,Tambaqui,13.0
2024,1508084,Tucumã - PA,Pará,32877,Tilápia,30.0
2024,1508100,Tucuruí - PA,Pará,32867,"Jatuarana, piabanha e piracanjuba",1.0
2024,1508100,Tucuruí - PA,Pará,32869,Matrinxã,180.0
2024,1508100,Tucuruí - PA,Pará,32871,"Piau, piapara, piauçu, piava",7.0
2024,1508100,Tucuruí - PA,Pará,32875,"Tambacu, tambatinga",40.0
2024,1508100,Tucuruí - PA,Pará,32876,Tambaqui,2.0
2024,1508126,Ulianópolis - PA,Pará,32876,Tambaqui,530.0
2024,1508159,Uruará - PA,Pará,32869,Matrinxã,27.35
2024,1508159,Uruará - PA,Pará,32871,"Piau, piapara, piauçu, piava",19.7
2024,1508159,Uruará - PA,Pará,32874,Pirarucu,9.5
2024,1508159,Uruará - PA,Pará,32875,"Tambacu, tambatinga",592.0
2024,1508159,Uruará - PA,Pará,32876,Tambaqui,210.0
2024,1508209,Vigia - PA,Pará,32876,Tambaqui,6.5
2024,1508308,Viseu - PA,Pará,32865,"Curimatã, curimbatá",1.2
2024,1508308,Viseu - PA,Pará,32871,"Piau, piapara, piauçu, piava",0.6
2024,1508308,Viseu - PA,Pará,32875,"Tambacu, tambatinga",8.6
2024,1508308,Viseu - PA,Pará,32876,Tambaqui,1.75
2024,1508308,Viseu - PA,Pará,32877,Tilápia,0.8
2024,1508357,Vitória do Xingu - PA,Pará,32869,Matrinxã,3.7
2024,1508357,Vitória do Xingu - PA,Pará,32873,Pirapitinga,2.5
2024,1508357,Vitória do Xingu - PA,Pará,32874,Pirarucu,3.0
2024,1508357,Vitória do Xingu - PA,Pará,32875,"Tambacu, tambatinga",99.17
2024,1508357,Vitória do Xingu - PA,Pará,32876,Tambaqui,79.1
2024,1508357,Vitória do Xingu - PA,Pará,32877,Tilápia,4.5
2024,1508407,Xinguara - PA,Pará,32869,Matrinxã,3.6
2024,1508407,Xinguara - PA,Pará,32870,Pacu e patinga,25.0
2024,1508407,Xinguara - PA,Pará,32871,"Piau, piapara, piauçu, piava",8.0
2024,1508407,Xinguara - PA,Pará,32872,"Pintado, cachara, cachapira e pintachara, surubim",10.0
2024,1508407,Xinguara - PA,Pará,32874,Pirarucu,8.0
2024,1508407,Xinguara - PA,Pará,32875,"Tambacu, tambatinga",130.0
2024,1508407,Xinguara - PA,Pará,32876,Tambaqui,160.0
2024,1508407,Xinguara - PA,Pará,32877,Tilápia,40.0
2024,1508407,Xinguara - PA,Pará,32880,Tucunaré,4.0
2024,1508407,Xinguara - PA,Pará,32881,Outros peixes,5.1
2024,1600055,Serra do Navio - AP,Amapá,32875,"Tambacu, tambatinga",7.464
2024,1600055,Serra do Navio - AP,Amapá,32877,Tilápia,16.978
2024,1600105,Amapá - AP,Amapá,32875,"Tambacu, tambatinga",17.76
2024,1600105,Amapá - AP,Amapá,32876,Tambaqui,41.624
2024,1600154,Pedra Branca do Amapari - AP,Amapá,32873,Pirapitinga,63.247
2024,1600154,Pedra Branca do Amapari - AP,Amapá,32876,Tambaqui,92.912
2024,1600204,Calçoene - AP,Amapá,32875,"Tambacu, tambatinga",19.824
2024,1600238,Ferreira Gomes - AP,Amapá,32875,"Tambacu, tambatinga",41.658
2024,1600238,Ferreira Gomes - AP,Amapá,32876,Tambaqui,68.536
2024,1600238,Ferreira Gomes - AP,Amapá,32877,Tilápia,20.885
2024,1600279,Laranjal do Jari - AP,Amapá,32873,Pirapitinga,23.42
2024,1600279,Laranjal do Jari - AP,Amapá,32875,"Tambacu, tambatinga",33.517
2024,1600279,Laranjal do Jari - AP,Amapá,32876,Tambaqui,59.532
2024,1600303,Macapá - AP,Amapá,32873,Pirapitinga,43.808
2024,1600303,Macapá - AP,Amapá,32875,"Tambacu, tambatinga",63.85
2024,1600303,Macapá - AP,Amapá,32876,Tambaqui,266.327
2024,1600303,Macapá - AP,Amapá,32877,Tilápia,47.315
2024,1600501,Oiapoque - AP,Amapá,32874,Pirarucu,7.281
2024,1600501,Oiapoque - AP,Amapá,32876,Tambaqui,52.39
2024,1600709,Tartarugalzinho - AP,Amapá,32875,"Tambacu, tambatinga",13.744
2024,1600709,Tartarugalzinho - AP,Amapá,32876,Tambaqui,26.797
2024,1600808,Vitória do Jari - AP,Amapá,32876,Tambaqui,17.447
2024,1700251,Abreulândia - TO,Tocantins,32873,Pirapitinga,8.1
2024,1700251,Abreulândia - TO,Tocantins,32876,Tambaqui,2.64
2024,1700350,Aliança do Tocantins - TO,Tocantins,32875,"Tambacu, tambatinga",61.256
2024,1700350,Aliança do Tocantins - TO,Tocantins,32877,Tilápia,5.0
2024,1700400,Almas - TO,Tocantins,32865,"Curimatã, curimbatá",24.76
2024,1700400,Almas - TO,Tocantins,32869,Matrinxã,442.0
2024,1700400,Almas - TO,Tocantins,32871,"Piau, piapara, piauçu, piava",333.333
2024,1700400,Almas - TO,Tocantins,32872,"Pintado, cachara, cachapira e pintachara, surubim",783.333
2024,1700400,Almas - TO,Tocantins,32874,Pirarucu,2.667
2024,1700400,Almas - TO,Tocantins,32875,"Tambacu, tambatinga",150.0
2024,1700400,Almas - TO,Tocantins,32876,Tambaqui,5374.0
2024,1700400,Almas - TO,Tocantins,32878,Traíra e trairão,0.86
2024,1700707,Alvorada - TO,Tocantins,32872,"Pintado, cachara, cachapira e pintachara, surubim",1.0
2024,1700707,Alvorada - TO,Tocantins,32875,"Tambacu, tambatinga",10.0
2024,1701002,Ananás - TO,Tocantins,32872,"Pintado, cachara, cachapira e pintachara, surubim",0.577
2024,1701051,Angico - TO,Tocantins,32875,"Tambacu, tambatinga",13.243
2024,1701051,Angico - TO,Tocantins,32876,Tambaqui,3.271
2024,1701101,Aparecida do Rio Negro - TO,Tocantins,32871,"Piau, piapara, piauçu, piava",0.667
2024,1701101,Aparecida do Rio Negro - TO,Tocantins,32872,"Pintado, cachara, cachapira e pintachara, surubim",0.429
2024,1701101,Aparecida do Rio Negro - TO,Tocantins,32873,Pirapitinga,2.133
2024,1701101,Aparecida do Rio Negro - TO,Tocantins,32875,"Tambacu, tambatinga",10.133
2024,1701101,Aparecida do Rio Negro - TO,Tocantins,32876,Tambaqui,11.2
2024,1701309,Aragominas - TO,Tocantins,32872,"Pintado, cachara, cachapira e pintachara, surubim",0.8
2024,1701309,Aragominas - TO,Tocantins,32876,Tambaqui,11.2
2024,1701903,Araguacema - TO,Tocantins,32873,Pirapitinga,0.25
2024,1701903,Araguacema - TO,Tocantins,32875,"Tambacu, tambatinga",1.25
2024,1702109,Araguaína - TO,Tocantins,32871,"Piau, piapara, piauçu, piava",4.0
2024,1702109,Araguaína - TO,Tocantins,32872,"Pintado, cachara, cachapira e pintachara, surubim",13.253
2024,1702109,Araguaína - TO,Tocantins,32875,"Tambacu, tambatinga",0.68
2024,1702109,Araguaína - TO,Tocantins,32876,Tambaqui,11.347
2024,1702109,Araguaína - TO,Tocantins,32877,Tilápia,0.907
2024,1702158,Araguanã - TO,Tocantins,32869,Matrinxã,1.333
2024,1702158,Araguanã - TO,Tocantins,32870,Pacu e patinga,1.333
2024,1702158,Araguanã - TO,Tocantins,32871,"Piau, piapara, piauçu, piava",1.333
2024,1702158,Araguanã - TO,Tocantins,32872,"Pintado, cachara, cachapira e pintachara, surubim",1.333
2024,1702158,Araguanã - TO,Tocantins,32876,Tambaqui,38.733
2024,1702208,Araguatins - TO,Tocantins,32875,"Tambacu, tambatinga",34.5
2024,1702208,Araguatins - TO,Tocantins,32876,Tambaqui,111.271
2024,1702208,Araguatins - TO,Tocantins,32877,Tilápia,4.0
2024,1702307,Arapoema - TO,Tocantins,32876,Tambaqui,8.6
2024,1702406,Arraias - TO,Tocantins,32873,Pirapitinga,2.667
2024,1702406,Arraias - TO,Tocantins,32876,Tambaqui,8.0
2024,1702554,Augustinópolis - TO,Tocantins,32875,"Tambacu, tambatinga",4.2
2024,1702554,Augustinópolis - TO,Tocantins,32876,Tambaqui,12.3
2024,1702554,Augustinópolis - TO,Tocantins,32877,Tilápia,2.1
2024,1702703,Aurora do Tocantins - TO,Tocantins,32871,"Piau, piapara, piauçu, piava",0.42
2024,1702703,Aurora do Tocantins - TO,Tocantins,32876,Tambaqui,1.333
2024,1702901,Axixá do Tocantins - TO,Tocantins,32875,"Tambacu, tambatinga",36.6
2024,1702901,Axixá do Tocantins - TO,Tocantins,32876,Tambaqui,3.4
2024,1702901,Axixá do Tocantins - TO,Tocantins,32877,Tilápia,2.4
2024,1703008,Babaçulândia - TO,Tocantins,32872,"Pintado, cachara, cachapira e pintachara, surubim",0.667
2024,1703008,Babaçulândia - TO,Tocantins,32874,Pirarucu,1.333
2024,1703008,Babaçulândia - TO,Tocantins,32876,Tambaqui,5.533
2024,1703057,Bandeirantes do Tocantins - TO,Tocantins,32876,Tambaqui,2.0
2024,1703107,Barrolândia - TO,Tocantins,32871,"Piau, piapara, piauçu, piava",0.667
2024,1703107,Barrolândia - TO,Tocantins,32875,"Tambacu, tambatinga",12.0
2024,1703206,Bernardo Sayão - TO,Tocantins,32871,"Piau, piapara, piauçu, piava",0.5
2024,1703206,Bernardo Sayão - TO,Tocantins,32872,"Pintado, cachara, cachapira e pintachara, surubim",0.5
2024,1703206,Bernardo Sayão - TO,Tocantins,32873,Pirapitinga,5.0
2024,1703206,Bernardo Sayão - TO,Tocantins,32876,Tambaqui,3.533
2024,1703305,Bom Jesus do Tocantins - TO,Tocantins,32876,Tambaqui,2.667
2024,1703602,Brasilândia do Tocantins - TO,Tocantins,32873,Pirapitinga,0.5
2024,1703701,Brejinho de Nazaré - TO,Tocantins,32870,Pacu e patinga,1.0
2024,1703701,Brejinho de Nazaré - TO,Tocantins,32875,"Tambacu, tambatinga",1.0
2024,1703701,Brejinho de Nazaré - TO,Tocantins,32876,Tambaqui,1.5
2024,1703800,Buriti do Tocantins - TO,Tocantins,32875,"Tambacu, tambatinga",4.7
2024,1703800,Buriti do Tocantins - TO,Tocantins,32876,Tambaqui,3.3
2024,1703826,Cachoeirinha - TO,Tocantins,32876,Tambaqui,2.352
2024,1703842,Campos Lindos - TO,Tocantins,32871,"Piau, piapara, piauçu, piava",2.667
2024,1703842,Campos Lindos - TO,Tocantins,32872,"Pintado, cachara, cachapira e pintachara, surubim",4.0
2024,1703842,Campos Lindos - TO,Tocantins,32876,Tambaqui,8.667
2024,1703867,Cariri do Tocantins - TO,Tocantins,32872,"Pintado, cachara, cachapira e pintachara, surubim",20.0
2024,1703867,Cariri do Tocantins - TO,Tocantins,32875,"Tambacu, tambatinga",1.008
2024,1703867,Cariri do Tocantins - TO,Tocantins,32876,Tambaqui,1.5
2024,1703909,Caseara - TO,Tocantins,32876,Tambaqui,4.0
2024,1704105,Centenário - TO,Tocantins,32871,"Piau, piapara, piauçu, piava",0.3
2024,1704105,Centenário - TO,Tocantins,32876,Tambaqui,5.0
2024,1704105,Centenário - TO,Tocantins,32877,Tilápia,0.3
2024,1704600,Chapada de Areia - TO,Tocantins,32872,"Pintado, cachara, cachapira e pintachara, surubim",9.341
2024,1704600,Chapada de Areia - TO,Tocantins,32875,"Tambacu, tambatinga",54.533
2024,1704600,Chapada de Areia - TO,Tocantins,32881,Outros peixes,22.667
2024,1705102,Chapada da Natividade - TO,Tocantins,32869,Matrinxã,3.0
2024,1705102,Chapada da Natividade - TO,Tocantins,32872,"Pintado, cachara, cachapira e pintachara, surubim",9.341
2024,1705102,Chapada da Natividade - TO,Tocantins,32873,Pirapitinga,22.667
2024,1705102,Chapada da Natividade - TO,Tocantins,32875,"Tambacu, tambatinga",44.55
2024,1705102,Chapada da Natividade - TO,Tocantins,32876,Tambaqui,54.533
2024,1705508,Colinas do Tocantins - TO,Tocantins,32872,"Pintado, cachara, cachapira e pintachara, surubim",4.0
2024,1705508,Colinas do Tocantins - TO,Tocantins,32873,Pirapitinga,30.0
2024,1705508,Colinas do Tocantins - TO,Tocantins,32876,Tambaqui,20.0
2024,1705508,Colinas do Tocantins - TO,Tocantins,32877,Tilápia,2.0
2024,1705557,Combinado - TO,Tocantins,32876,Tambaqui,0.038
2024,1706001,Couto Magalhães - TO,Tocantins,32869,Matrinxã,0.4
2024,1706001,Couto Magalhães - TO,Tocantins,32871,"Piau, piapara, piauçu, piava",1.0
2024,1706001,Couto Magalhães - TO,Tocantins,32872,"Pintado, cachara, cachapira e pintachara, surubim",1.0
2024,1706001,Couto Magalhães - TO,Tocantins,32873,Pirapitinga,30.0
2024,1706001,Couto Magalhães - TO,Tocantins,32875,"Tambacu, tambatinga",9.333
2024,1706001,Couto Magalhães - TO,Tocantins,32876,Tambaqui,25.0
2024,1706100,Cristalândia - TO,Tocantins,32875,"Tambacu, tambatinga",55.0
2024,1706100,Cristalândia - TO,Tocantins,32876,Tambaqui,55.0
2024,1706506,Darcinópolis - TO,Tocantins,32876,Tambaqui,0.964
2024,1707009,Dianópolis - TO,Tocantins,32872,"Pintado, cachara, cachapira e pintachara, surubim",904.0
2024,1707009,Dianópolis - TO,Tocantins,32875,"Tambacu, tambatinga",4.85
2024,1707009,Dianópolis - TO,Tocantins,32876,Tambaqui,810.0
2024,1707009,Dianópolis - TO,Tocantins,32877,Tilápia,3.45
2024,1707108,Divinópolis do Tocantins - TO,Tocantins,32872,"Pintado, cachara, cachapira e pintachara, surubim",1.3
2024,1707108,Divinópolis do Tocantins - TO,Tocantins,32875,"Tambacu, tambatinga",12.5
2024,1707108,Divinópolis do Tocantins - TO,Tocantins,32876,Tambaqui,15.0
2024,1707207,Dois Irmãos do Tocantins - TO,Tocantins,32875,"Tambacu, tambatinga",8.6
2024,1707207,Dois Irmãos do Tocantins - TO,Tocantins,32876,Tambaqui,4.5
2024,1707207,Dois Irmãos do Tocantins - TO,Tocantins,32877,Tilápia,0.33
2024,1707306,Dueré - TO,Tocantins,32876,Tambaqui,25.0
2024,1707306,Dueré - TO,Tocantins,32877,Tilápia,0.8
2024,1707405,Esperantina - TO,Tocantins,32872,"Pintado, cachara, cachapira e pintachara, surubim",0.1
2024,1707405,Esperantina - TO,Tocantins,32875,"Tambacu, tambatinga",3.7
2024,1707405,Esperantina - TO,Tocantins,32876,Tambaqui,2.4
2024,1707405,Esperantina - TO,Tocantins,32877,Tilápia,0.5
2024,1707553,Fátima - TO,Tocantins,32870,Pacu e patinga,0.5
2024,1707553,Fátima - TO,Tocantins,32871,"Piau, piapara, piauçu, piava",2.2
2024,1707553,Fátima - TO,Tocantins,32872,"Pintado, cachara, cachapira e pintachara, surubim",0.25
2024,1707553,Fátima - TO,Tocantins,32876,Tambaqui,0.35
2024,1707652,Figueirópolis - TO,Tocantins,32871,"Piau, piapara, piauçu, piava",1.2
2024,1707652,Figueirópolis - TO,Tocantins,32875,"Tambacu, tambatinga",8.6
2024,1707652,Figueirópolis - TO,Tocantins,32876,Tambaqui,5.0
2024,1707702,Filadélfia - TO,Tocantins,32872,"Pintado, cachara, cachapira e pintachara, surubim",0.667
2024,1707702,Filadélfia - TO,Tocantins,32876,Tambaqui,7.333
2024,1708205,Formoso do Araguaia - TO,Tocantins,32871,"Piau, piapara, piauçu, piava",1.0
2024,1708205,Formoso do Araguaia - TO,Tocantins,32875,"Tambacu, tambatinga",15.6
2024,1708205,Formoso do Araguaia - TO,Tocantins,32876,Tambaqui,4.0
2024,1708254,Tabocão - TO,Tocantins,32872,"Pintado, cachara, cachapira e pintachara, surubim",0.053
2024,1708254,Tabocão - TO,Tocantins,32876,Tambaqui,6.667
2024,1708304,Goianorte - TO,Tocantins,32867,"Jatuarana, piabanha e piracanjuba",0.1
2024,1708304,Goianorte - TO,Tocantins,32871,"Piau, piapara, piauçu, piava",0.5
2024,1708304,Goianorte - TO,Tocantins,32872,"Pintado, cachara, cachapira e pintachara, surubim",2.0
2024,1708304,Goianorte - TO,Tocantins,32876,Tambaqui,2.0
2024,1708304,Goianorte - TO,Tocantins,32877,Tilápia,0.5
2024,1709005,Goiatins - TO,Tocantins,32876,Tambaqui,53.867
2024,1709302,Guaraí - TO,Tocantins,32861,Carpa,1.0
2024,1709302,Guaraí - TO,Tocantins,32869,Matrinxã,1.711
2024,1709302,Guaraí - TO,Tocantins,32870,Pacu e patinga,5.0
2024,1709302,Guaraí - TO,Tocantins,32871,"Piau, piapara, piauçu, piava",1.067
2024,1709302,Guaraí - TO,Tocantins,32872,"Pintado, cachara, cachapira e pintachara, surubim",3.0
2024,1709302,Guaraí - TO,Tocantins,32873,Pirapitinga,13.355
2024,1709302,Guaraí - TO,Tocantins,32875,"Tambacu, tambatinga",30.0
2024,1709302,Guaraí - TO,Tocantins,32876,Tambaqui,27.253
2024,1709302,Guaraí - TO,Tocantins,32877,Tilápia,1.4
2024,1709500,Gurupi - TO,Tocantins,32872,"Pintado, cachara, cachapira e pintachara, surubim",0.8
2024,1709500,Gurupi - TO,Tocantins,32875,"Tambacu, tambatinga",2.4
2024,1709500,Gurupi - TO,Tocantins,32877,Tilápia,20.8
2024,1710508,Itacajá - TO,Tocantins,32876,Tambaqui,17.333
2024,1710706,Itaguatins - TO,Tocantins,32865,"Curimatã, curimbatá",1.1
2024,1710706,Itaguatins - TO,Tocantins,32875,"Tambacu, tambatinga",178.05
2024,1710706,Itaguatins - TO,Tocantins,32876,Tambaqui,85.4
2024,1711100,Itaporã do Tocantins - TO,Tocantins,32871,"Piau, piapara, piauçu, piava",0.3
2024,1711100,Itaporã do Tocantins - TO,Tocantins,32872,"Pintado, cachara, cachapira e pintachara, surubim",0.3
2024,1711100,Itaporã do Tocantins - TO,Tocantins,32873,Pirapitinga,5.133
2024,1711100,Itaporã do Tocantins - TO,Tocantins,32876,Tambaqui,1.0
2024,1711100,Itaporã do Tocantins - TO,Tocantins,32877,Tilápia,0.15
2024,1711506,Jaú do Tocantins - TO,Tocantins,32871,"Piau, piapara, piauçu, piava",1.25
2024,1711506,Jaú do Tocantins - TO,Tocantins,32872,"Pintado, cachara, cachapira e pintachara, surubim",2.1
2024,1711506,Jaú do Tocantins - TO,Tocantins,32875,"Tambacu, tambatinga",17.025
2024,1711506,Jaú do Tocantins - TO,Tocantins,32877,Tilápia,3.0
2024,1711803,Juarina - TO,Tocantins,32873,Pirapitinga,0.3
2024,1711803,Juarina - TO,Tocantins,32876,Tambaqui,0.3
2024,1711951,Lagoa do Tocantins - TO,Tocantins,32870,Pacu e patinga,1.1
2024,1711951,Lagoa do Tocantins - TO,Tocantins,32876,Tambaqui,3.0
2024,1712009,Lajeado - TO,Tocantins,32869,Matrinxã,1.333
2024,1712009,Lajeado - TO,Tocantins,32872,"Pintado, cachara, cachapira e pintachara, surubim",1.153
2024,1712009,Lajeado - TO,Tocantins,32873,Pirapitinga,22.673
2024,1712009,Lajeado - TO,Tocantins,32875,"Tambacu, tambatinga",11.893
2024,1712009,Lajeado - TO,Tocantins,32876,Tambaqui,17.725
2024,1712009,Lajeado - TO,Tocantins,32877,Tilápia,523.0
2024,1712157,Lavandeira - TO,Tocantins,32869,Matrinxã,1.233
2024,1712157,Lavandeira - TO,Tocantins,32872,"Pintado, cachara, cachapira e pintachara, surubim",5.273
2024,1712157,Lavandeira - TO,Tocantins,32873,Pirapitinga,5.0
2024,1712157,Lavandeira - TO,Tocantins,32876,Tambaqui,8.467
2024,1712454,Luzinópolis - TO,Tocantins,32876,Tambaqui,0.856
2024,1712504,Marianópolis do Tocantins - TO,Tocantins,32875,"Tambacu, tambatinga",6.5
2024,1712504,Marianópolis do Tocantins - TO,Tocantins,32876,Tambaqui,8.5
2024,1712801,Maurilândia do Tocantins - TO,Tocantins,32875,"Tambacu, tambatinga",607.847
2024,1713205,Miracema do Tocantins - TO,Tocantins,32869,Matrinxã,5.733
2024,1713205,Miracema do Tocantins - TO,Tocantins,32871,"Piau, piapara, piauçu, piava",0.667
2024,1713205,Miracema do Tocantins - TO,Tocantins,32872,"Pintado, cachara, cachapira e pintachara, surubim",0.507
2024,1713205,Miracema do Tocantins - TO,Tocantins,32875,"Tambacu, tambatinga",15.8
2024,1713205,Miracema do Tocantins - TO,Tocantins,32876,Tambaqui,2.533
2024,1713205,Miracema do Tocantins - TO,Tocantins,32877,Tilápia,6.667
2024,1713304,Miranorte - TO,Tocantins,32869,Matrinxã,0.8
2024,1713304,Miranorte - TO,Tocantins,32871,"Piau, piapara, piauçu, piava",2.0
2024,1713304,Miranorte - TO,Tocantins,32872,"Pintado, cachara, cachapira e pintachara, surubim",8.748
2024,1713304,Miranorte - TO,Tocantins,32875,"Tambacu, tambatinga",16.8
2024,1713304,Miranorte - TO,Tocantins,32876,Tambaqui,31.067
2024,1713304,Miranorte - TO,Tocantins,32877,Tilápia,22.747
2024,1713601,Monte do Carmo - TO,Tocantins,32870,Pacu e patinga,6.0
2024,1713601,Monte do Carmo - TO,Tocantins,32871,"Piau, piapara, piauçu, piava",13.0
2024,1713601,Monte do Carmo - TO,Tocantins,32872,"Pintado, cachara, cachapira e pintachara, surubim",8.5
2024,1713601,Monte do Carmo - TO,Tocantins,32876,Tambaqui,25.0
2024,1713601,Monte do Carmo - TO,Tocantins,32877,Tilápia,15.0
2024,1713700,Monte Santo do Tocantins - TO,Tocantins,32871,"Piau, piapara, piauçu, piava",0.35
2024,1713700,Monte Santo do Tocantins - TO,Tocantins,32873,Pirapitinga,1.65
2024,1713700,Monte Santo do Tocantins - TO,Tocantins,32875,"Tambacu, tambatinga",2.9
2024,1713957,Muricilândia - TO,Tocantins,32872,"Pintado, cachara, cachapira e pintachara, surubim",6.0
2024,1713957,Muricilândia - TO,Tocantins,32876,Tambaqui,12.667
2024,1714203,Natividade - TO,Tocantins,32869,Matrinxã,2.667
2024,1714203,Natividade - TO,Tocantins,32871,"Piau, piapara, piauçu, piava",1.78
2024,1714203,Natividade - TO,Tocantins,32872,"Pintado, cachara, cachapira e pintachara, surubim",1.39
2024,1714203,Natividade - TO,Tocantins,32873,Pirapitinga,22.0
2024,1714203,Natividade - TO,Tocantins,32876,Tambaqui,28.4
2024,1714302,Nazaré - TO,Tocantins,32876,Tambaqui,0.832
2024,1714880,Nova Olinda - TO,Tocantins,32867,"Jatuarana, piabanha e piracanjuba",5.0
2024,1714880,Nova Olinda - TO,Tocantins,32872,"Pintado, cachara, cachapira e pintachara, surubim",0.4
2024,1715101,Novo Acordo - TO,Tocantins,32869,Matrinxã,0.2
2024,1715101,Novo Acordo - TO,Tocantins,32870,Pacu e patinga,1.0
2024,1715101,Novo Acordo - TO,Tocantins,32871,"Piau, piapara, piauçu, piava",1.2
2024,1715101,Novo Acordo - TO,Tocantins,32872,"Pintado, cachara, cachapira e pintachara, surubim",1.0
2024,1715101,Novo Acordo - TO,Tocantins,32875,"Tambacu, tambatinga",4.5
2024,1715101,Novo Acordo - TO,Tocantins,32876,Tambaqui,4.5
2024,1715150,Novo Alegre - TO,Tocantins,32877,Tilápia,0.137
2024,1715507,Oliveira de Fátima - TO,Tocantins,32870,Pacu e patinga,0.28
2024,1715705,Palmeirante - TO,Tocantins,32876,Tambaqui,4.667
2024,1715754,Palmeirópolis - TO,Tocantins,32875,"Tambacu, tambatinga",0.1
2024,1716307,Pau D'Arco - TO,Tocantins,32876,Tambaqui,0.5
2024,1716505,Pedro Afonso - TO,Tocantins,32869,Matrinxã,0.5
2024,1716505,Pedro Afonso - TO,Tocantins,32873,Pirapitinga,0.5
2024,1716505,Pedro Afonso - TO,Tocantins,32876,Tambaqui,12.0
2024,1716505,Pedro Afonso - TO,Tocantins,32877,Tilápia,0.5
2024,1716604,Peixe - TO,Tocantins,32875,"Tambacu, tambatinga",0.8
2024,1716604,Peixe - TO,Tocantins,32876,Tambaqui,0.2
2024,1716653,Pequizeiro - TO,Tocantins,32869,Matrinxã,1.0
2024,1716653,Pequizeiro - TO,Tocantins,32871,"Piau, piapara, piauçu, piava",2.8
2024,1716653,Pequizeiro - TO,Tocantins,32872,"Pintado, cachara, cachapira e pintachara, surubim",1.65
2024,1716653,Pequizeiro - TO,Tocantins,32873,Pirapitinga,18.467
2024,1716653,Pequizeiro - TO,Tocantins,32876,Tambaqui,12.0
2024,1716653,Pequizeiro - TO,Tocantins,32877,Tilápia,4.0
2024,1716703,Colméia - TO,Tocantins,32869,Matrinxã,0.3
2024,1716703,Colméia - TO,Tocantins,32871,"Piau, piapara, piauçu, piava",0.5
2024,1716703,Colméia - TO,Tocantins,32872,"Pintado, cachara, cachapira e pintachara, surubim",1.1
2024,1716703,Colméia - TO,Tocantins,32873,Pirapitinga,1.333
2024,1716703,Colméia - TO,Tocantins,32875,"Tambacu, tambatinga",0.6
2024,1716703,Colméia - TO,Tocantins,32876,Tambaqui,1.1
2024,1716703,Colméia - TO,Tocantins,32877,Tilápia,1.0
2024,1717503,Pium - TO,Tocantins,32869,Matrinxã,3.947
2024,1717503,Pium - TO,Tocantins,32871,"Piau, piapara, piauçu, piava",10.0
2024,1717503,Pium - TO,Tocantins,32872,"Pintado, cachara, cachapira e pintachara, surubim",2.267
2024,1717503,Pium - TO,Tocantins,32875,"Tambacu, tambatinga",25.733
2024,1717503,Pium - TO,Tocantins,32876,Tambaqui,10.0
2024,1717503,Pium - TO,Tocantins,32881,Outros peixes,9.653
2024,1717800,Ponte Alta do Bom Jesus - TO,Tocantins,32871,"Piau, piapara, piauçu, piava",0.025
2024,1717800,Ponte Alta do Bom Jesus - TO,Tocantins,32872,"Pintado, cachara, cachapira e pintachara, surubim",1.003
2024,1717800,Ponte Alta do Bom Jesus - TO,Tocantins,32873,Pirapitinga,4.667
2024,1717800,Ponte Alta do Bom Jesus - TO,Tocantins,32876,Tambaqui,6.18
2024,1717909,Ponte Alta do Tocantins - TO,Tocantins,32870,Pacu e patinga,15.0
2024,1718006,Porto Alegre do Tocantins - TO,Tocantins,32872,"Pintado, cachara, cachapira e pintachara, surubim",4.667
2024,1718006,Porto Alegre do Tocantins - TO,Tocantins,32876,Tambaqui,31.333
2024,1718204,Porto Nacional - TO,Tocantins,32869,Matrinxã,1.5
2024,1718204,Porto Nacional - TO,Tocantins,32870,Pacu e patinga,16.0
2024,1718204,Porto Nacional - TO,Tocantins,32871,"Piau, piapara, piauçu, piava",5.2
2024,1718204,Porto Nacional - TO,Tocantins,32872,"Pintado, cachara, cachapira e pintachara, surubim",10.0
2024,1718204,Porto Nacional - TO,Tocantins,32875,"Tambacu, tambatinga",530.0
2024,1718204,Porto Nacional - TO,Tocantins,32876,Tambaqui,10.0
2024,1718204,Porto Nacional - TO,Tocantins,32877,Tilápia,4.5
2024,1718303,Praia Norte - TO,Tocantins,32875,"Tambacu, tambatinga",9.8
2024,1718303,Praia Norte - TO,Tocantins,32876,Tambaqui,24.6
2024,1718402,Presidente Kennedy - TO,Tocantins,32872,"Pintado, cachara, cachapira e pintachara, surubim",4.533
2024,1718402,Presidente Kennedy - TO,Tocantins,32873,Pirapitinga,7.347
2024,1718402,Presidente Kennedy - TO,Tocantins,32876,Tambaqui,15.333
2024,1718451,Pugmil - TO,Tocantins,32869,Matrinxã,2.0
2024,1718451,Pugmil - TO,Tocantins,32871,"Piau, piapara, piauçu, piava",2.0
2024,1718451,Pugmil - TO,Tocantins,32875,"Tambacu, tambatinga",36.0
2024,1718501,Recursolândia - TO,Tocantins,32871,"Piau, piapara, piauçu, piava",0.6
2024,1718501,Recursolândia - TO,Tocantins,32872,"Pintado, cachara, cachapira e pintachara, surubim",0.333
2024,1718501,Recursolândia - TO,Tocantins,32873,Pirapitinga,0.533
2024,1718501,Recursolândia - TO,Tocantins,32876,Tambaqui,1.867
2024,1718550,Riachinho - TO,Tocantins,32876,Tambaqui,10.765
2024,1718659,Rio da Conceição - TO,Tocantins,32873,Pirapitinga,6.0
2024,1718659,Rio da Conceição - TO,Tocantins,32880,Tucunaré,3.0
2024,1718758,Rio Sono - TO,Tocantins,32871,"Piau, piapara, piauçu, piava",0.267
2024,1718758,Rio Sono - TO,Tocantins,32872,"Pintado, cachara, cachapira e pintachara, surubim",28.0
2024,1718758,Rio Sono - TO,Tocantins,32875,"Tambacu, tambatinga",81.333
2024,1718758,Rio Sono - TO,Tocantins,32876,Tambaqui,9.067
2024,1718808,Sampaio - TO,Tocantins,32869,Matrinxã,2.5
2024,1718808,Sampaio - TO,Tocantins,32876,Tambaqui,2.0
2024,1718808,Sampaio - TO,Tocantins,32877,Tilápia,2.0
2024,1718840,Sandolândia - TO,Tocantins,32875,"Tambacu, tambatinga",10.0
2024,1718865,Santa Fé do Araguaia - TO,Tocantins,32872,"Pintado, cachara, cachapira e pintachara, surubim",5.403
2024,1718865,Santa Fé do Araguaia - TO,Tocantins,32874,Pirarucu,0.096
2024,1718865,Santa Fé do Araguaia - TO,Tocantins,32876,Tambaqui,3.067
2024,1718881,Santa Maria do Tocantins - TO,Tocantins,32867,"Jatuarana, piabanha e piracanjuba",5.0
2024,1718881,Santa Maria do Tocantins - TO,Tocantins,32871,"Piau, piapara, piauçu, piava",0.3
2024,1718881,Santa Maria do Tocantins - TO,Tocantins,32872,"Pintado, cachara, cachapira e pintachara, surubim",1.0
2024,1718881,Santa Maria do Tocantins - TO,Tocantins,32873,Pirapitinga,1.067
2024,1718881,Santa Maria do Tocantins - TO,Tocantins,32876,Tambaqui,10.0
2024,1718881,Santa Maria do Tocantins - TO,Tocantins,32877,Tilápia,3.0
2024,1718907,Santa Rosa do Tocantins - TO,Tocantins,32869,Matrinxã,2.3
2024,1718907,Santa Rosa do Tocantins - TO,Tocantins,32870,Pacu e patinga,1.0
2024,1718907,Santa Rosa do Tocantins - TO,Tocantins,32871,"Piau, piapara, piauçu, piava",1.5
2024,1718907,Santa Rosa do Tocantins - TO,Tocantins,32872,"Pintado, cachara, cachapira e pintachara, surubim",1.3
2024,1718907,Santa Rosa do Tocantins - TO,Tocantins,32876,Tambaqui,3.7
2024,1720002,Santa Terezinha do Tocantins - TO,Tocantins,32873,Pirapitinga,3.632
2024,1720101,São Bento do Tocantins - TO,Tocantins,32869,Matrinxã,1.076
2024,1720101,São Bento do Tocantins - TO,Tocantins,32870,Pacu e patinga,1.434
2024,1720101,São Bento do Tocantins - TO,Tocantins,32871,"Piau, piapara, piauçu, piava",0.654
2024,1720101,São Bento do Tocantins - TO,Tocantins,32875,"Tambacu, tambatinga",1.235
2024,1720101,São Bento do Tocantins - TO,Tocantins,32876,Tambaqui,11.336
2024,1720150,São Félix do Tocantins - TO,Tocantins,32867,"Jatuarana, piabanha e piracanjuba",1.8
2024,1720150,São Félix do Tocantins - TO,Tocantins,32870,Pacu e patinga,1.8
2024,1720150,São Félix do Tocantins - TO,Tocantins,32875,"Tambacu, tambatinga",1.1
2024,1720200,São Miguel do Tocantins - TO,Tocantins,32875,"Tambacu, tambatinga",568.321
2024,1720200,São Miguel do Tocantins - TO,Tocantins,32876,Tambaqui,20.4
2024,1720200,São Miguel do Tocantins - TO,Tocantins,32877,Tilápia,2.3
2024,1720499,São Valério - TO,Tocantins,32875,"Tambacu, tambatinga",5.3
2024,1720499,São Valério - TO,Tocantins,32876,Tambaqui,1.0
2024,1720655,Silvanópolis - TO,Tocantins,32870,Pacu e patinga,5.5
2024,1720655,Silvanópolis - TO,Tocantins,32871,"Piau, piapara, piauçu, piava",0.6
2024,1720655,Silvanópolis - TO,Tocantins,32876,Tambaqui,3.0
2024,1720804,Sítio Novo do Tocantins - TO,Tocantins,32865,"Curimatã, curimbatá",15.0
2024,1720804,Sítio Novo do Tocantins - TO,Tocantins,32869,Matrinxã,7.56
2024,1720804,Sítio Novo do Tocantins - TO,Tocantins,32871,"Piau, piapara, piauçu, piava",5.567
2024,1720804,Sítio Novo do Tocantins - TO,Tocantins,32872,"Pintado, cachara, cachapira e pintachara, surubim",4.653
2024,1720804,Sítio Novo do Tocantins - TO,Tocantins,32874,Pirarucu,4.622
2024,1720804,Sítio Novo do Tocantins - TO,Tocantins,32875,"Tambacu, tambatinga",1125.7
2024,1720804,Sítio Novo do Tocantins - TO,Tocantins,32876,Tambaqui,30.0
2024,1720903,Taguatinga - TO,Tocantins,32869,Matrinxã,5.857
2024,1720903,Taguatinga - TO,Tocantins,32872,"Pintado, cachara, cachapira e pintachara, surubim",12.621
2024,1720903,Taguatinga - TO,Tocantins,32873,Pirapitinga,2.667
2024,1720903,Taguatinga - TO,Tocantins,32874,Pirarucu,2.4
2024,1720903,Taguatinga - TO,Tocantins,32876,Tambaqui,41.12
2024,1720903,Taguatinga - TO,Tocantins,32877,Tilápia,27.48
2024,1720903,Taguatinga - TO,Tocantins,32880,Tucunaré,12.0
2024,1720937,Taipas do Tocantins - TO,Tocantins,32876,Tambaqui,6.667
2024,1721000,Palmas - TO,Tocantins,32869,Matrinxã,3.333
2024,1721000,Palmas - TO,Tocantins,32871,"Piau, piapara, piauçu, piava",6.467
2024,1721000,Palmas - TO,Tocantins,32872,"Pintado, cachara, cachapira e pintachara, surubim",7.993
2024,1721000,Palmas - TO,Tocantins,32873,Pirapitinga,4.897
2024,1721000,Palmas - TO,Tocantins,32874,Pirarucu,34.467
2024,1721000,Palmas - TO,Tocantins,32875,"Tambacu, tambatinga",66.747
2024,1721000,Palmas - TO,Tocantins,32876,Tambaqui,44.46
2024,1721109,Tocantínia - TO,Tocantins,32875,"Tambacu, tambatinga",1.716
2024,1721109,Tocantínia - TO,Tocantins,32876,Tambaqui,1.316
2024,1721109,Tocantínia - TO,Tocantins,32877,Tilápia,0.542
2024,1721208,Tocantinópolis - TO,Tocantins,32876,Tambaqui,17.454
2024,1721257,Tupirama - TO,Tocantins,32872,"Pintado, cachara, cachapira e pintachara, surubim",1.0
2024,1721257,Tupirama - TO,Tocantins,32873,Pirapitinga,26.667
2024,1721307,Tupiratins - TO,Tocantins,32869,Matrinxã,0.6
2024,1721307,Tupiratins - TO,Tocantins,32872,"Pintado, cachara, cachapira e pintachara, surubim",0.3
2024,1721307,Tupiratins - TO,Tocantins,32873,Pirapitinga,3.067
2024,1721307,Tupiratins - TO,Tocantins,32876,Tambaqui,5.2
2024,1722081,Wanderlândia - TO,Tocantins,32870,Pacu e patinga,6.0
2024,1722081,Wanderlândia - TO,Tocantins,32872,"Pintado, cachara, cachapira e pintachara, surubim",6.667
2024,1722081,Wanderlândia - TO,Tocantins,32876,Tambaqui,6.667
2024,1722107,Xambioá - TO,Tocantins,32865,"Curimatã, curimbatá",1.334
2024,1722107,Xambioá - TO,Tocantins,32869,Matrinxã,0.4
2024,1722107,Xambioá - TO,Tocantins,32870,Pacu e patinga,5.2
2024,1722107,Xambioá - TO,Tocantins,32871,"Piau, piapara, piauçu, piava",0.667
2024,1722107,Xambioá - TO,Tocantins,32876,Tambaqui,26.667
2024,2100055,Açailândia - MA,Maranhão,32875,"Tambacu, tambatinga",40.0
2024,2100055,Açailândia - MA,Maranhão,32876,Tambaqui,6.1
2024,2100055,Açailândia - MA,Maranhão,32877,Tilápia,7.0
2024,2100055,Açailândia - MA,Maranhão,32881,Outros peixes,5.0
2024,2100154,Água Doce do Maranhão - MA,Maranhão,32876,Tambaqui,7.8
2024,2100154,Água Doce do Maranhão - MA,Maranhão,32887,Camarão,44.8
2024,2100204,Alcântara - MA,Maranhão,32875,"Tambacu, tambatinga",5.401
2024,2100204,Alcântara - MA,Maranhão,32876,Tambaqui,2.879
2024,2100204,Alcântara - MA,Maranhão,32877,Tilápia,0.122
2024,2100303,Aldeias Altas - MA,Maranhão,32876,Tambaqui,13.78
2024,2100402,Altamira do Maranhão - MA,Maranhão,32865,"Curimatã, curimbatá",29.0
2024,2100402,Altamira do Maranhão - MA,Maranhão,32875,"Tambacu, tambatinga",26.0
2024,2100402,Altamira do Maranhão - MA,Maranhão,32876,Tambaqui,297.0
2024,2100402,Altamira do Maranhão - MA,Maranhão,32877,Tilápia,10.0
2024,2100436,Alto Alegre do Maranhão - MA,Maranhão,32865,"Curimatã, curimbatá",3.4
2024,2100436,Alto Alegre do Maranhão - MA,Maranhão,32876,Tambaqui,150.0
2024,2100436,Alto Alegre do Maranhão - MA,Maranhão,32877,Tilápia,3.45
2024,2100477,Alto Alegre do Pindaré - MA,Maranhão,32865,"Curimatã, curimbatá",89.151
2024,2100477,Alto Alegre do Pindaré - MA,Maranhão,32870,Pacu e patinga,149.612
2024,2100477,Alto Alegre do Pindaré - MA,Maranhão,32871,"Piau, piapara, piauçu, piava",107.438
2024,2100477,Alto Alegre do Pindaré - MA,Maranhão,32876,Tambaqui,295.063
2024,2100501,Alto Parnaíba - MA,Maranhão,32875,"Tambacu, tambatinga",17.8
2024,2100550,Amapá do Maranhão - MA,Maranhão,32865,"Curimatã, curimbatá",2.1
2024,2100550,Amapá do Maranhão - MA,Maranhão,32871,"Piau, piapara, piauçu, piava",6.0
2024,2100550,Amapá do Maranhão - MA,Maranhão,32875,"Tambacu, tambatinga",15.84
2024,2100550,Amapá do Maranhão - MA,Maranhão,32877,Tilápia,3.0
2024,2100600,Amarante do Maranhão - MA,Maranhão,32875,"Tambacu, tambatinga",10.75
2024,2100709,Anajatuba - MA,Maranhão,32865,"Curimatã, curimbatá",70.522
2024,2100709,Anajatuba - MA,Maranhão,32871,"Piau, piapara, piauçu, piava",16.798
2024,2100709,Anajatuba - MA,Maranhão,32875,"Tambacu, tambatinga",132.991
2024,2100808,Anapurus - MA,Maranhão,32875,"Tambacu, tambatinga",37.0
2024,2100808,Anapurus - MA,Maranhão,32876,Tambaqui,2.3
2024,2100808,Anapurus - MA,Maranhão,32877,Tilápia,3.8
2024,2100873,Araguanã - MA,Maranhão,32865,"Curimatã, curimbatá",54.987
2024,2100873,Araguanã - MA,Maranhão,32870,Pacu e patinga,73.081
2024,2100873,Araguanã - MA,Maranhão,32876,Tambaqui,76.778
2024,2100907,Araioses - MA,Maranhão,32876,Tambaqui,36.0
2024,2100907,Araioses - MA,Maranhão,32877,Tilápia,6.2
2024,2100907,Araioses - MA,Maranhão,32887,Camarão,4.4
2024,2100956,Arame - MA,Maranhão,32873,Pirapitinga,2.0
2024,2100956,Arame - MA,Maranhão,32877,Tilápia,2.0
2024,2100956,Arame - MA,Maranhão,32881,Outros peixes,2.0
2024,2101004,Arari - MA,Maranhão,32865,"Curimatã, curimbatá",21.682
2024,2101004,Arari - MA,Maranhão,32875,"Tambacu, tambatinga",380.625
2024,2101004,Arari - MA,Maranhão,32877,Tilápia,11.613
2024,2101004,Arari - MA,Maranhão,32881,Outros peixes,12.81
2024,2101103,Axixá - MA,Maranhão,32875,"Tambacu, tambatinga",10.24
2024,2101103,Axixá - MA,Maranhão,32876,Tambaqui,23.455
2024,2101103,Axixá - MA,Maranhão,32877,Tilápia,24.59
2024,2101202,Bacabal - MA,Maranhão,32865,"Curimatã, curimbatá",16.8
2024,2101202,Bacabal - MA,Maranhão,32875,"Tambacu, tambatinga",135.16
2024,2101202,Bacabal - MA,Maranhão,32876,Tambaqui,618.233
2024,2101202,Bacabal - MA,Maranhão,32877,Tilápia,13.67
2024,2101251,Bacabeira - MA,Maranhão,32865,"Curimatã, curimbatá",26.34
2024,2101251,Bacabeira - MA,Maranhão,32870,Pacu e patinga,20.68
2024,2101251,Bacabeira - MA,Maranhão,32875,"Tambacu, tambatinga",42.405
2024,2101251,Bacabeira - MA,Maranhão,32876,Tambaqui,55.67
2024,2101251,Bacabeira - MA,Maranhão,32877,Tilápia,40.27
2024,2101251,Bacabeira - MA,Maranhão,32887,Camarão,119.78
2024,2101400,Balsas - MA,Maranhão,32875,"Tambacu, tambatinga",475.205
2024,2101509,Barão de Grajaú - MA,Maranhão,32876,Tambaqui,8.0
2024,2101509,Barão de Grajaú - MA,Maranhão,32881,Outros peixes,2.0
2024,2101608,Barra do Corda - MA,Maranhão,32875,"Tambacu, tambatinga",155.8
2024,2101608,Barra do Corda - MA,Maranhão,32876,Tambaqui,4.1
2024,2101608,Barra do Corda - MA,Maranhão,32881,Outros peixes,5.0
2024,2101707,Barreirinhas - MA,Maranhão,32865,"Curimatã, curimbatá",7.598
2024,2101707,Barreirinhas - MA,Maranhão,32875,"Tambacu, tambatinga",39.24
2024,2101707,Barreirinhas - MA,Maranhão,32876,Tambaqui,55.0
2024,2101707,Barreirinhas - MA,Maranhão,32877,Tilápia,67.2
2024,2101731,Belágua - MA,Maranhão,32875,"Tambacu, tambatinga",5.2
2024,2101731,Belágua - MA,Maranhão,32876,Tambaqui,3.2
2024,2101731,Belágua - MA,Maranhão,32877,Tilápia,4.7
2024,2101772,Bela Vista do Maranhão - MA,Maranhão,32870,Pacu e patinga,85.468
2024,2101772,Bela Vista do Maranhão - MA,Maranhão,32876,Tambaqui,100.254
2024,2101772,Bela Vista do Maranhão - MA,Maranhão,32877,Tilápia,55.874
2024,2101905,Bequimão - MA,Maranhão,32865,"Curimatã, curimbatá",4.212
2024,2101905,Bequimão - MA,Maranhão,32875,"Tambacu, tambatinga",19.619
2024,2101939,Bernardo do Mearim - MA,Maranhão,32865,"Curimatã, curimbatá",2.0
2024,2101939,Bernardo do Mearim - MA,Maranhão,32873,Pirapitinga,8.15
2024,2101939,Bernardo do Mearim - MA,Maranhão,32881,Outros peixes,0.27
2024,2101970,Boa Vista do Gurupi - MA,Maranhão,32875,"Tambacu, tambatinga",1.1
2024,2101970,Boa Vista do Gurupi - MA,Maranhão,32877,Tilápia,0.95
2024,2102002,Bom Jardim - MA,Maranhão,32865,"Curimatã, curimbatá",166.112
2024,2102002,Bom Jardim - MA,Maranhão,32870,Pacu e patinga,299.436
2024,2102002,Bom Jardim - MA,Maranhão,32871,"Piau, piapara, piauçu, piava",153.684
2024,2102002,Bom Jardim - MA,Maranhão,32872,"Pintado, cachara, cachapira e pintachara, surubim",165.2
2024,2102002,Bom Jardim - MA,Maranhão,32876,Tambaqui,615.872
2024,2102002,Bom Jardim - MA,Maranhão,32877,Tilápia,154.987
2024,2102036,Bom Jesus das Selvas - MA,Maranhão,32865,"Curimatã, curimbatá",40.463
2024,2102036,Bom Jesus das Selvas - MA,Maranhão,32870,Pacu e patinga,33.797
2024,2102036,Bom Jesus das Selvas - MA,Maranhão,32871,"Piau, piapara, piauçu, piava",49.166
2024,2102036,Bom Jesus das Selvas - MA,Maranhão,32876,Tambaqui,70.453
2024,2102036,Bom Jesus das Selvas - MA,Maranhão,32877,Tilápia,30.2
2024,2102077,Bom Lugar - MA,Maranhão,32876,Tambaqui,225.59
2024,2102101,Brejo - MA,Maranhão,32871,"Piau, piapara, piauçu, piava",1.8
2024,2102101,Brejo - MA,Maranhão,32872,"Pintado, cachara, cachapira e pintachara, surubim",2.5
2024,2102101,Brejo - MA,Maranhão,32875,"Tambacu, tambatinga",68.9
2024,2102101,Brejo - MA,Maranhão,32876,Tambaqui,10.9
2024,2102101,Brejo - MA,Maranhão,32877,Tilápia,18.4
2024,2102150,Brejo de Areia - MA,Maranhão,32876,Tambaqui,450.0
2024,2102200,Buriti - MA,Maranhão,32872,"Pintado, cachara, cachapira e pintachara, surubim",0.65
2024,2102200,Buriti - MA,Maranhão,32875,"Tambacu, tambatinga",31.1
2024,2102200,Buriti - MA,Maranhão,32876,Tambaqui,8.45
2024,2102200,Buriti - MA,Maranhão,32877,Tilápia,8.5
2024,2102325,Buriticupu - MA,Maranhão,32865,"Curimatã, curimbatá",48.765
2024,2102325,Buriticupu - MA,Maranhão,32870,Pacu e patinga,38.923
2024,2102325,Buriticupu - MA,Maranhão,32871,"Piau, piapara, piauçu, piava",36.633
2024,2102325,Buriticupu - MA,Maranhão,32876,Tambaqui,91.066
2024,2102325,Buriticupu - MA,Maranhão,32877,Tilápia,45.321
2024,2102358,Buritirana - MA,Maranhão,32873,Pirapitinga,0.4
2024,2102358,Buritirana - MA,Maranhão,32875,"Tambacu, tambatinga",8.3
2024,2102358,Buritirana - MA,Maranhão,32876,Tambaqui,1.55
2024,2102358,Buritirana - MA,Maranhão,32877,Tilápia,0.9
2024,2102358,Buritirana - MA,Maranhão,32881,Outros peixes,0.4
2024,2102374,Cachoeira Grande - MA,Maranhão,32865,"Curimatã, curimbatá",4.07
2024,2102374,Cachoeira Grande - MA,Maranhão,32875,"Tambacu, tambatinga",10.35
2024,2102374,Cachoeira Grande - MA,Maranhão,32876,Tambaqui,15.3
2024,2102374,Cachoeira Grande - MA,Maranhão,32877,Tilápia,20.12
2024,2102408,Cajapió - MA,Maranhão,32865,"Curimatã, curimbatá",1.2
2024,2102408,Cajapió - MA,Maranhão,32875,"Tambacu, tambatinga",4.2
2024,2102408,Cajapió - MA,Maranhão,32877,Tilápia,0.51
2024,2102507,Cajari - MA,Maranhão,32865,"Curimatã, curimbatá",3.9
2024,2102507,Cajari - MA,Maranhão,32875,"Tambacu, tambatinga",49.1
2024,2102507,Cajari - MA,Maranhão,32877,Tilápia,0.98
2024,2102507,Cajari - MA,Maranhão,32881,Outros peixes,2.0
2024,2102556,Campestre do Maranhão - MA,Maranhão,32875,"Tambacu, tambatinga",15.263
2024,2102556,Campestre do Maranhão - MA,Maranhão,32876,Tambaqui,4.75
2024,2102556,Campestre do Maranhão - MA,Maranhão,32881,Outros peixes,3.0
2024,2102606,Cândido Mendes - MA,Maranhão,32875,"Tambacu, tambatinga",3.0
2024,2102705,Cantanhede - MA,Maranhão,32865,"Curimatã, curimbatá",29.067
2024,2102705,Cantanhede - MA,Maranhão,32875,"Tambacu, tambatinga",69.812
2024,2102754,Capinzal do Norte - MA,Maranhão,32865,"Curimatã, curimbatá",1.5
2024,2102754,Capinzal do Norte - MA,Maranhão,32875,"Tambacu, tambatinga",205.0
2024,2102754,Capinzal do Norte - MA,Maranhão,32876,Tambaqui,10.0
2024,2102804,Carolina - MA,Maranhão,32875,"Tambacu, tambatinga",242.0
2024,2102903,Carutapera - MA,Maranhão,32865,"Curimatã, curimbatá",3.887
2024,2102903,Carutapera - MA,Maranhão,32867,"Jatuarana, piabanha e piracanjuba",10.581
2024,2102903,Carutapera - MA,Maranhão,32871,"Piau, piapara, piauçu, piava",2.1
2024,2102903,Carutapera - MA,Maranhão,32875,"Tambacu, tambatinga",70.553
2024,2102903,Carutapera - MA,Maranhão,32877,Tilápia,7.56
2024,2102903,Carutapera - MA,Maranhão,32878,Traíra e trairão,0.2
2024,2103000,Caxias - MA,Maranhão,32876,Tambaqui,441.215
2024,2103158,Centro do Guilherme - MA,Maranhão,32865,"Curimatã, curimbatá",3.56
2024,2103158,Centro do Guilherme - MA,Maranhão,32867,"Jatuarana, piabanha e piracanjuba",1.9
2024,2103158,Centro do Guilherme - MA,Maranhão,32871,"Piau, piapara, piauçu, piava",1.3
2024,2103158,Centro do Guilherme - MA,Maranhão,32872,"Pintado, cachara, cachapira e pintachara, surubim",0.23
2024,2103158,Centro do Guilherme - MA,Maranhão,32875,"Tambacu, tambatinga",150.23
2024,2103174,Centro Novo do Maranhão - MA,Maranhão,32865,"Curimatã, curimbatá",6.5
2024,2103174,Centro Novo do Maranhão - MA,Maranhão,32867,"Jatuarana, piabanha e piracanjuba",6.3
2024,2103174,Centro Novo do Maranhão - MA,Maranhão,32871,"Piau, piapara, piauçu, piava",0.95
2024,2103174,Centro Novo do Maranhão - MA,Maranhão,32875,"Tambacu, tambatinga",19.325
2024,2103174,Centro Novo do Maranhão - MA,Maranhão,32877,Tilápia,3.1
2024,2103208,Chapadinha - MA,Maranhão,32871,"Piau, piapara, piauçu, piava",1.65
2024,2103208,Chapadinha - MA,Maranhão,32872,"Pintado, cachara, cachapira e pintachara, surubim",1.75
2024,2103208,Chapadinha - MA,Maranhão,32875,"Tambacu, tambatinga",172.0
2024,2103208,Chapadinha - MA,Maranhão,32876,Tambaqui,4.2
2024,2103208,Chapadinha - MA,Maranhão,32877,Tilápia,3.2
2024,2103257,Cidelândia - MA,Maranhão,32875,"Tambacu, tambatinga",19.0
2024,2103257,Cidelândia - MA,Maranhão,32876,Tambaqui,1.0
2024,2103307,Codó - MA,Maranhão,32876,Tambaqui,542.26
2024,2103307,Codó - MA,Maranhão,32877,Tilápia,61.14
2024,2103406,Coelho Neto - MA,Maranhão,32876,Tambaqui,13.92
2024,2103505,Colinas - MA,Maranhão,32876,Tambaqui,7.1
2024,2103554,Conceição do Lago-Açu - MA,Maranhão,32865,"Curimatã, curimbatá",10.9
2024,2103554,Conceição do Lago-Açu - MA,Maranhão,32876,Tambaqui,128.0
2024,2103554,Conceição do Lago-Açu - MA,Maranhão,32877,Tilápia,1.9
2024,2103604,Coroatá - MA,Maranhão,32876,Tambaqui,109.7
2024,2103752,Davinópolis - MA,Maranhão,32873,Pirapitinga,0.3
2024,2103752,Davinópolis - MA,Maranhão,32875,"Tambacu, tambatinga",72.327
2024,2103752,Davinópolis - MA,Maranhão,32876,Tambaqui,0.5
2024,2103752,Davinópolis - MA,Maranhão,32877,Tilápia,0.15
2024,2103802,Dom Pedro - MA,Maranhão,32876,Tambaqui,51.089
2024,2103802,Dom Pedro - MA,Maranhão,32877,Tilápia,41.879
2024,2103901,Duque Bacelar - MA,Maranhão,32861,Carpa,9.48
2024,2103901,Duque Bacelar - MA,Maranhão,32865,"Curimatã, curimbatá",49.352
2024,2103901,Duque Bacelar - MA,Maranhão,32871,"Piau, piapara, piauçu, piava",6.15
2024,2103901,Duque Bacelar - MA,Maranhão,32876,Tambaqui,178.0
2024,2103901,Duque Bacelar - MA,Maranhão,32877,Tilápia,49.38
2024,2104057,Estreito - MA,Maranhão,32875,"Tambacu, tambatinga",63.0
2024,2104057,Estreito - MA,Maranhão,32876,Tambaqui,0.8
2024,2104057,Estreito - MA,Maranhão,32877,Tilápia,912.0
2024,2104073,Feira Nova do Maranhão - MA,Maranhão,32875,"Tambacu, tambatinga",72.1
2024,2104081,Fernando Falcão - MA,Maranhão,32871,"Piau, piapara, piauçu, piava",0.36
2024,2104081,Fernando Falcão - MA,Maranhão,32875,"Tambacu, tambatinga",3.652
2024,2104081,Fernando Falcão - MA,Maranhão,32877,Tilápia,0.036
2024,2104099,Formosa da Serra Negra - MA,Maranhão,32870,Pacu e patinga,0.25
2024,2104099,Formosa da Serra Negra - MA,Maranhão,32871,"Piau, piapara, piauçu, piava",0.2
2024,2104099,Formosa da Serra Negra - MA,Maranhão,32872,"Pintado, cachara, cachapira e pintachara, surubim",0.6
2024,2104099,Formosa da Serra Negra - MA,Maranhão,32875,"Tambacu, tambatinga",7.5
2024,2104099,Formosa da Serra Negra - MA,Maranhão,32876,Tambaqui,2.5
2024,2104099,Formosa da Serra Negra - MA,Maranhão,32881,Outros peixes,2.2
2024,2104107,Fortaleza dos Nogueiras - MA,Maranhão,32876,Tambaqui,12.16
2024,2104206,Fortuna - MA,Maranhão,32875,"Tambacu, tambatinga",5.0
2024,2104206,Fortuna - MA,Maranhão,32876,Tambaqui,7.0
2024,2104404,Gonçalves Dias - MA,Maranhão,32871,"Piau, piapara, piauçu, piava",7.48
2024,2104404,Gonçalves Dias - MA,Maranhão,32875,"Tambacu, tambatinga",24.689
2024,2104404,Gonçalves Dias - MA,Maranhão,32876,Tambaqui,11.759
2024,2104503,Governador Archer - MA,Maranhão,32875,"Tambacu, tambatinga",21.837
2024,2104552,Governador Edison Lobão - MA,Maranhão,32874,Pirarucu,0.91
2024,2104552,Governador Edison Lobão - MA,Maranhão,32875,"Tambacu, tambatinga",114.17
2024,2104552,Governador Edison Lobão - MA,Maranhão,32876,Tambaqui,5.65
2024,2104628,Governador Luiz Rocha - MA,Maranhão,32876,Tambaqui,2.2
2024,2104651,Governador Newton Bello - MA,Maranhão,32865,"Curimatã, curimbatá",60.235
2024,2104651,Governador Newton Bello - MA,Maranhão,32870,Pacu e patinga,100.675
2024,2104651,Governador Newton Bello - MA,Maranhão,32876,Tambaqui,60.0
2024,2104651,Governador Newton Bello - MA,Maranhão,32877,Tilápia,30.876
2024,2104677,Governador Nunes Freire - MA,Maranhão,32875,"Tambacu, tambatinga",15.025
2024,2104701,Graça Aranha - MA,Maranhão,32876,Tambaqui,1.605
2024,2104800,Grajaú - MA,Maranhão,32872,"Pintado, cachara, cachapira e pintachara, surubim",1.356
2024,2104800,Grajaú - MA,Maranhão,32874,Pirarucu,1.356
2024,2104800,Grajaú - MA,Maranhão,32875,"Tambacu, tambatinga",92.82
2024,2104800,Grajaú - MA,Maranhão,32877,Tilápia,9.085
2024,2104800,Grajaú - MA,Maranhão,32881,Outros peixes,4.672
2024,2105005,Humberto de Campos - MA,Maranhão,32865,"Curimatã, curimbatá",8.96
2024,2105005,Humberto de Campos - MA,Maranhão,32876,Tambaqui,28.78
2024,2105005,Humberto de Campos - MA,Maranhão,32877,Tilápia,6.15
2024,2105104,Icatu - MA,Maranhão,32876,Tambaqui,31.38
2024,2105104,Icatu - MA,Maranhão,32877,Tilápia,16.14
2024,2105153,Igarapé do Meio - MA,Maranhão,32865,"Curimatã, curimbatá",255.568
2024,2105153,Igarapé do Meio - MA,Maranhão,32870,Pacu e patinga,281.257
2024,2105153,Igarapé do Meio - MA,Maranhão,32871,"Piau, piapara, piauçu, piava",195.843
2024,2105153,Igarapé do Meio - MA,Maranhão,32872,"Pintado, cachara, cachapira e pintachara, surubim",101.569
2024,2105153,Igarapé do Meio - MA,Maranhão,32874,Pirarucu,50.125
2024,2105153,Igarapé do Meio - MA,Maranhão,32876,Tambaqui,1200.165
2024,2105153,Igarapé do Meio - MA,Maranhão,32877,Tilápia,168.954
2024,2105203,Igarapé Grande - MA,Maranhão,32873,Pirapitinga,23.5
2024,2105203,Igarapé Grande - MA,Maranhão,32875,"Tambacu, tambatinga",7.0
2024,2105203,Igarapé Grande - MA,Maranhão,32876,Tambaqui,1.3
2024,2105203,Igarapé Grande - MA,Maranhão,32877,Tilápia,1.0
2024,2105203,Igarapé Grande - MA,Maranhão,32881,Outros peixes,1.0
2024,2105302,Imperatriz - MA,Maranhão,32873,Pirapitinga,1.9
2024,2105302,Imperatriz - MA,Maranhão,32875,"Tambacu, tambatinga",52.95
2024,2105302,Imperatriz - MA,Maranhão,32876,Tambaqui,5.9
2024,2105302,Imperatriz - MA,Maranhão,32877,Tilápia,1.65
2024,2105302,Imperatriz - MA,Maranhão,32881,Outros peixes,0.4
2024,2105351,Itaipava do Grajaú - MA,Maranhão,32875,"Tambacu, tambatinga",8.0
2024,2105351,Itaipava do Grajaú - MA,Maranhão,32877,Tilápia,0.8
2024,2105401,Itapecuru Mirim - MA,Maranhão,32865,"Curimatã, curimbatá",35.377
2024,2105401,Itapecuru Mirim - MA,Maranhão,32871,"Piau, piapara, piauçu, piava",17.622
2024,2105401,Itapecuru Mirim - MA,Maranhão,32875,"Tambacu, tambatinga",69.967
2024,2105427,Itinga do Maranhão - MA,Maranhão,32875,"Tambacu, tambatinga",10.246
2024,2105427,Itinga do Maranhão - MA,Maranhão,32877,Tilápia,2.177
2024,2105427,Itinga do Maranhão - MA,Maranhão,32881,Outros peixes,1.267
2024,2105476,Jenipapo dos Vieiras - MA,Maranhão,32875,"Tambacu, tambatinga",7.0
2024,2105476,Jenipapo dos Vieiras - MA,Maranhão,32877,Tilápia,2.0
2024,2105476,Jenipapo dos Vieiras - MA,Maranhão,32881,Outros peixes,0.2
2024,2105500,João Lisboa - MA,Maranhão,32875,"Tambacu, tambatinga",5.18
2024,2105500,João Lisboa - MA,Maranhão,32876,Tambaqui,0.4
2024,2105500,João Lisboa - MA,Maranhão,32881,Outros peixes,0.35
2024,2105658,Junco do Maranhão - MA,Maranhão,32865,"Curimatã, curimbatá",1.3
2024,2105658,Junco do Maranhão - MA,Maranhão,32871,"Piau, piapara, piauçu, piava",0.58
2024,2105658,Junco do Maranhão - MA,Maranhão,32875,"Tambacu, tambatinga",11.95
2024,2105708,Lago da Pedra - MA,Maranhão,32865,"Curimatã, curimbatá",6.98
2024,2105708,Lago da Pedra - MA,Maranhão,32876,Tambaqui,424.0
2024,2105708,Lago da Pedra - MA,Maranhão,32877,Tilápia,6.82
2024,2105807,Lago do Junco - MA,Maranhão,32865,"Curimatã, curimbatá",3.5
2024,2105807,Lago do Junco - MA,Maranhão,32872,"Pintado, cachara, cachapira e pintachara, surubim",3.0
2024,2105807,Lago do Junco - MA,Maranhão,32875,"Tambacu, tambatinga",35.9
2024,2105807,Lago do Junco - MA,Maranhão,32876,Tambaqui,3.5
2024,2105807,Lago do Junco - MA,Maranhão,32881,Outros peixes,3.5
2024,2105906,Lago Verde - MA,Maranhão,32876,Tambaqui,240.624
2024,2105906,Lago Verde - MA,Maranhão,32877,Tilápia,15.5
2024,2105922,Lagoa do Mato - MA,Maranhão,32876,Tambaqui,3.6
2024,2105948,Lago dos Rodrigues - MA,Maranhão,32865,"Curimatã, curimbatá",6.0
2024,2105948,Lago dos Rodrigues - MA,Maranhão,32869,Matrinxã,1.5
2024,2105948,Lago dos Rodrigues - MA,Maranhão,32872,"Pintado, cachara, cachapira e pintachara, surubim",0.3
2024,2105948,Lago dos Rodrigues - MA,Maranhão,32873,Pirapitinga,14.4
2024,2105948,Lago dos Rodrigues - MA,Maranhão,32875,"Tambacu, tambatinga",22.8
2024,2105948,Lago dos Rodrigues - MA,Maranhão,32876,Tambaqui,4.5
2024,2105948,Lago dos Rodrigues - MA,Maranhão,32877,Tilápia,1.8
2024,2105948,Lago dos Rodrigues - MA,Maranhão,32881,Outros peixes,0.6
2024,2105963,Lagoa Grande do Maranhão - MA,Maranhão,32865,"Curimatã, curimbatá",5.15
2024,2105963,Lagoa Grande do Maranhão - MA,Maranhão,32876,Tambaqui,155.79
2024,2105963,Lagoa Grande do Maranhão - MA,Maranhão,32877,Tilápia,9.598
2024,2105989,Lajeado Novo - MA,Maranhão,32875,"Tambacu, tambatinga",0.58
2024,2105989,Lajeado Novo - MA,Maranhão,32876,Tambaqui,4.7
2024,2106003,Lima Campos - MA,Maranhão,32865,"Curimatã, curimbatá",12.0
2024,2106003,Lima Campos - MA,Maranhão,32869,Matrinxã,2.0
2024,2106003,Lima Campos - MA,Maranhão,32870,Pacu e patinga,6.0
2024,2106003,Lima Campos - MA,Maranhão,32873,Pirapitinga,18.0
2024,2106003,Lima Campos - MA,Maranhão,32876,Tambaqui,5.0
2024,2106003,Lima Campos - MA,Maranhão,32881,Outros peixes,1.0
2024,2106102,Loreto - MA,Maranhão,32875,"Tambacu, tambatinga",37.84
2024,2106201,Luís Domingues - MA,Maranhão,32875,"Tambacu, tambatinga",0.9
2024,2106300,Magalhães de Almeida - MA,Maranhão,32865,"Curimatã, curimbatá",15.0
2024,2106300,Magalhães de Almeida - MA,Maranhão,32870,Pacu e patinga,4.0
2024,2106300,Magalhães de Almeida - MA,Maranhão,32876,Tambaqui,12.0
2024,2106300,Magalhães de Almeida - MA,Maranhão,32877,Tilápia,114.0
2024,2106326,Maracaçumé - MA,Maranhão,32865,"Curimatã, curimbatá",1.28
2024,2106326,Maracaçumé - MA,Maranhão,32875,"Tambacu, tambatinga",19.85
2024,2106359,Marajá do Sena - MA,Maranhão,32876,Tambaqui,49.978
2024,2106375,Maranhãozinho - MA,Maranhão,32871,"Piau, piapara, piauçu, piava",1.985
2024,2106375,Maranhãozinho - MA,Maranhão,32875,"Tambacu, tambatinga",9.312
2024,2106409,Mata Roma - MA,Maranhão,32875,"Tambacu, tambatinga",24.6
2024,2106409,Mata Roma - MA,Maranhão,32876,Tambaqui,2.5
2024,2106409,Mata Roma - MA,Maranhão,32877,Tilápia,4.1
2024,2106508,Matinha - MA,Maranhão,32865,"Curimatã, curimbatá",189.68
2024,2106508,Matinha - MA,Maranhão,32871,"Piau, piapara, piauçu, piava",42.5
2024,2106508,Matinha - MA,Maranhão,32872,"Pintado, cachara, cachapira e pintachara, surubim",43.8
2024,2106508,Matinha - MA,Maranhão,32875,"Tambacu, tambatinga",2235.53
2024,2106508,Matinha - MA,Maranhão,32877,Tilápia,27.1
2024,2106508,Matinha - MA,Maranhão,32881,Outros peixes,176.5
2024,2106607,Matões - MA,Maranhão,32876,Tambaqui,44.907
2024,2106631,Matões do Norte - MA,Maranhão,32865,"Curimatã, curimbatá",9.97
2024,2106631,Matões do Norte - MA,Maranhão,32875,"Tambacu, tambatinga",18.05
2024,2106672,Milagres do Maranhão - MA,Maranhão,32875,"Tambacu, tambatinga",15.3
2024,2106672,Milagres do Maranhão - MA,Maranhão,32876,Tambaqui,4.6
2024,2106672,Milagres do Maranhão - MA,Maranhão,32877,Tilápia,3.4
2024,2106706,Mirador - MA,Maranhão,32876,Tambaqui,6.0
2024,2106755,Miranda do Norte - MA,Maranhão,32865,"Curimatã, curimbatá",50.12
2024,2106755,Miranda do Norte - MA,Maranhão,32871,"Piau, piapara, piauçu, piava",16.9
2024,2106755,Miranda do Norte - MA,Maranhão,32875,"Tambacu, tambatinga",135.096
2024,2106904,Monção - MA,Maranhão,32865,"Curimatã, curimbatá",102.658
2024,2106904,Monção - MA,Maranhão,32870,Pacu e patinga,143.564
2024,2106904,Monção - MA,Maranhão,32876,Tambaqui,186.57
2024,2107001,Montes Altos - MA,Maranhão,32875,"Tambacu, tambatinga",112.8
2024,2107001,Montes Altos - MA,Maranhão,32876,Tambaqui,15.0
2024,2107001,Montes Altos - MA,Maranhão,32881,Outros peixes,0.5
2024,2107100,Morros - MA,Maranhão,32870,Pacu e patinga,9.25
2024,2107100,Morros - MA,Maranhão,32875,"Tambacu, tambatinga",13.18
2024,2107100,Morros - MA,Maranhão,32876,Tambaqui,23.8
2024,2107100,Morros - MA,Maranhão,32877,Tilápia,29.57
2024,2107209,Nina Rodrigues - MA,Maranhão,32865,"Curimatã, curimbatá",13.998
2024,2107209,Nina Rodrigues - MA,Maranhão,32875,"Tambacu, tambatinga",24.433
2024,2107258,Nova Colinas - MA,Maranhão,32875,"Tambacu, tambatinga",68.2
2024,2107357,Nova Olinda do Maranhão - MA,Maranhão,32865,"Curimatã, curimbatá",27.654
2024,2107357,Nova Olinda do Maranhão - MA,Maranhão,32870,Pacu e patinga,100.0
2024,2107357,Nova Olinda do Maranhão - MA,Maranhão,32871,"Piau, piapara, piauçu, piava",21.564
2024,2107357,Nova Olinda do Maranhão - MA,Maranhão,32875,"Tambacu, tambatinga",133.657
2024,2107357,Nova Olinda do Maranhão - MA,Maranhão,32876,Tambaqui,40.123
2024,2107407,Olho d'Água das Cunhãs - MA,Maranhão,32865,"Curimatã, curimbatá",9.518
2024,2107407,Olho d'Água das Cunhãs - MA,Maranhão,32876,Tambaqui,170.864
2024,2107456,Olinda Nova do Maranhão - MA,Maranhão,32865,"Curimatã, curimbatá",13.9
2024,2107456,Olinda Nova do Maranhão - MA,Maranhão,32875,"Tambacu, tambatinga",102.5
2024,2107456,Olinda Nova do Maranhão - MA,Maranhão,32881,Outros peixes,2.7
2024,2107506,Paço do Lumiar - MA,Maranhão,32865,"Curimatã, curimbatá",8.245
2024,2107506,Paço do Lumiar - MA,Maranhão,32876,Tambaqui,19.4
2024,2107506,Paço do Lumiar - MA,Maranhão,32877,Tilápia,13.58
2024,2107506,Paço do Lumiar - MA,Maranhão,32889,"Ostras, vieiras e mexilhões",7.275
2024,2107803,Parnarama - MA,Maranhão,32876,Tambaqui,44.107
2024,2108009,Pastos Bons - MA,Maranhão,32876,Tambaqui,3.5
2024,2108009,Pastos Bons - MA,Maranhão,32877,Tilápia,0.2
2024,2108058,Paulino Neves - MA,Maranhão,32876,Tambaqui,11.84
2024,2108058,Paulino Neves - MA,Maranhão,32877,Tilápia,21.76
2024,2108108,Paulo Ramos - MA,Maranhão,32865,"Curimatã, curimbatá",26.5
2024,2108108,Paulo Ramos - MA,Maranhão,32875,"Tambacu, tambatinga",50.0
2024,2108108,Paulo Ramos - MA,Maranhão,32876,Tambaqui,235.6
2024,2108108,Paulo Ramos - MA,Maranhão,32877,Tilápia,8.4
2024,2108207,Pedreiras - MA,Maranhão,32865,"Curimatã, curimbatá",9.2
2024,2108207,Pedreiras - MA,Maranhão,32869,Matrinxã,4.0
2024,2108207,Pedreiras - MA,Maranhão,32870,Pacu e patinga,0.3
2024,2108207,Pedreiras - MA,Maranhão,32873,Pirapitinga,49.5
2024,2108207,Pedreiras - MA,Maranhão,32875,"Tambacu, tambatinga",15.0
2024,2108207,Pedreiras - MA,Maranhão,32877,Tilápia,2.6
2024,2108207,Pedreiras - MA,Maranhão,32881,Outros peixes,4.0
2024,2108256,Pedro do Rosário - MA,Maranhão,32865,"Curimatã, curimbatá",18.83
2024,2108256,Pedro do Rosário - MA,Maranhão,32869,Matrinxã,2.113
2024,2108256,Pedro do Rosário - MA,Maranhão,32871,"Piau, piapara, piauçu, piava",2.129
2024,2108256,Pedro do Rosário - MA,Maranhão,32872,"Pintado, cachara, cachapira e pintachara, surubim",4.285
2024,2108256,Pedro do Rosário - MA,Maranhão,32875,"Tambacu, tambatinga",59.782
2024,2108306,Penalva - MA,Maranhão,32865,"Curimatã, curimbatá",7.3
2024,2108306,Penalva - MA,Maranhão,32875,"Tambacu, tambatinga",70.5
2024,2108306,Penalva - MA,Maranhão,32881,Outros peixes,1.2
2024,2108454,Peritoró - MA,Maranhão,32875,"Tambacu, tambatinga",9.12
2024,2108454,Peritoró - MA,Maranhão,32876,Tambaqui,11.42
2024,2108504,Pindaré-Mirim - MA,Maranhão,32865,"Curimatã, curimbatá",29.157
2024,2108504,Pindaré-Mirim - MA,Maranhão,32870,Pacu e patinga,55.2
2024,2108504,Pindaré-Mirim - MA,Maranhão,32876,Tambaqui,67.5
2024,2108504,Pindaré-Mirim - MA,Maranhão,32877,Tilápia,35.0
2024,2108603,Pinheiro - MA,Maranhão,32872,"Pintado, cachara, cachapira e pintachara, surubim",1.718
2024,2108603,Pinheiro - MA,Maranhão,32873,Pirapitinga,1.46
2024,2108603,Pinheiro - MA,Maranhão,32875,"Tambacu, tambatinga",10.273
2024,2108702,Pio XII - MA,Maranhão,32865,"Curimatã, curimbatá",31.549
2024,2108702,Pio XII - MA,Maranhão,32870,Pacu e patinga,154.0
2024,2108702,Pio XII - MA,Maranhão,32872,"Pintado, cachara, cachapira e pintachara, surubim",8.8
2024,2108702,Pio XII - MA,Maranhão,32876,Tambaqui,178.545
2024,2108702,Pio XII - MA,Maranhão,32877,Tilápia,20.0
2024,2108801,Pirapemas - MA,Maranhão,32865,"Curimatã, curimbatá",16.873
2024,2108801,Pirapemas - MA,Maranhão,32875,"Tambacu, tambatinga",57.73
2024,2109007,Porto Franco - MA,Maranhão,32875,"Tambacu, tambatinga",4.0
2024,2109007,Porto Franco - MA,Maranhão,32876,Tambaqui,15.5
2024,2109205,Presidente Juscelino - MA,Maranhão,32865,"Curimatã, curimbatá",10.26
2024,2109205,Presidente Juscelino - MA,Maranhão,32870,Pacu e patinga,5.804
2024,2109205,Presidente Juscelino - MA,Maranhão,32875,"Tambacu, tambatinga",9.78
2024,2109205,Presidente Juscelino - MA,Maranhão,32876,Tambaqui,21.04
2024,2109205,Presidente Juscelino - MA,Maranhão,32877,Tilápia,20.46
2024,2109239,Presidente Médici - MA,Maranhão,32865,"Curimatã, curimbatá",1.052
2024,2109239,Presidente Médici - MA,Maranhão,32871,"Piau, piapara, piauçu, piava",0.23
2024,2109239,Presidente Médici - MA,Maranhão,32875,"Tambacu, tambatinga",6.983
2024,2109304,Presidente Vargas - MA,Maranhão,32865,"Curimatã, curimbatá",16.263
2024,2109304,Presidente Vargas - MA,Maranhão,32875,"Tambacu, tambatinga",57.609
2024,2109403,Primeira Cruz - MA,Maranhão,32876,Tambaqui,18.54
2024,2109403,Primeira Cruz - MA,Maranhão,32877,Tilápia,25.85
2024,2109403,Primeira Cruz - MA,Maranhão,32887,Camarão,140.35
2024,2109452,Raposa - MA,Maranhão,32876,Tambaqui,7.725
2024,2109452,Raposa - MA,Maranhão,32877,Tilápia,16.275
2024,2109502,Riachão - MA,Maranhão,32875,"Tambacu, tambatinga",135.172
2024,2109551,Ribamar Fiquene - MA,Maranhão,32875,"Tambacu, tambatinga",17.0
2024,2109551,Ribamar Fiquene - MA,Maranhão,32876,Tambaqui,28.35
2024,2109601,Rosário - MA,Maranhão,32865,"Curimatã, curimbatá",18.24
2024,2109601,Rosário - MA,Maranhão,32870,Pacu e patinga,20.58
2024,2109601,Rosário - MA,Maranhão,32875,"Tambacu, tambatinga",29.63
2024,2109601,Rosário - MA,Maranhão,32876,Tambaqui,42.76
2024,2109601,Rosário - MA,Maranhão,32877,Tilápia,36.98
2024,2109700,Sambaíba - MA,Maranhão,32875,"Tambacu, tambatinga",30.54
2024,2109759,Santa Filomena do Maranhão - MA,Maranhão,32876,Tambaqui,18.5
2024,2109759,Santa Filomena do Maranhão - MA,Maranhão,32877,Tilápia,3.8
2024,2109908,Santa Inês - MA,Maranhão,32865,"Curimatã, curimbatá",71.4
2024,2109908,Santa Inês - MA,Maranhão,32870,Pacu e patinga,200.541
2024,2109908,Santa Inês - MA,Maranhão,32871,"Piau, piapara, piauçu, piava",76.98
2024,2109908,Santa Inês - MA,Maranhão,32876,Tambaqui,286.9
2024,2109908,Santa Inês - MA,Maranhão,32877,Tilápia,25.6
2024,2110005,Santa Luzia - MA,Maranhão,32865,"Curimatã, curimbatá",68.512
2024,2110005,Santa Luzia - MA,Maranhão,32870,Pacu e patinga,120.993
2024,2110005,Santa Luzia - MA,Maranhão,32876,Tambaqui,139.482
2024,2110039,Santa Luzia do Paruá - MA,Maranhão,32865,"Curimatã, curimbatá",7.23
2024,2110039,Santa Luzia do Paruá - MA,Maranhão,32869,Matrinxã,9.75
2024,2110039,Santa Luzia do Paruá - MA,Maranhão,32871,"Piau, piapara, piauçu, piava",10.15
2024,2110039,Santa Luzia do Paruá - MA,Maranhão,32874,Pirarucu,3.1
2024,2110039,Santa Luzia do Paruá - MA,Maranhão,32875,"Tambacu, tambatinga",56.934
2024,2110104,Santa Quitéria do Maranhão - MA,Maranhão,32865,"Curimatã, curimbatá",5.0
2024,2110104,Santa Quitéria do Maranhão - MA,Maranhão,32875,"Tambacu, tambatinga",18.0
2024,2110104,Santa Quitéria do Maranhão - MA,Maranhão,32876,Tambaqui,25.0
2024,2110104,Santa Quitéria do Maranhão - MA,Maranhão,32881,Outros peixes,4.4
2024,2110203,Santa Rita - MA,Maranhão,32865,"Curimatã, curimbatá",26.32
2024,2110203,Santa Rita - MA,Maranhão,32871,"Piau, piapara, piauçu, piava",12.54
2024,2110203,Santa Rita - MA,Maranhão,32875,"Tambacu, tambatinga",60.32
2024,2110203,Santa Rita - MA,Maranhão,32876,Tambaqui,43.85
2024,2110203,Santa Rita - MA,Maranhão,32877,Tilápia,47.53
2024,2110237,Santana do Maranhão - MA,Maranhão,32876,Tambaqui,14.875
2024,2110278,Santo Amaro do Maranhão - MA,Maranhão,32876,Tambaqui,27.36
2024,2110278,Santo Amaro do Maranhão - MA,Maranhão,32877,Tilápia,18.62
2024,2110401,São Benedito do Rio Preto - MA,Maranhão,32875,"Tambacu, tambatinga",10.8
2024,2110401,São Benedito do Rio Preto - MA,Maranhão,32876,Tambaqui,3.85
2024,2110401,São Benedito do Rio Preto - MA,Maranhão,32877,Tilápia,4.5
2024,2110609,São Bernardo - MA,Maranhão,32876,Tambaqui,40.0
2024,2110609,São Bernardo - MA,Maranhão,32877,Tilápia,4.4
2024,2110658,São Domingos do Azeitão - MA,Maranhão,32876,Tambaqui,2.5
2024,2110708,São Domingos do Maranhão - MA,Maranhão,32876,Tambaqui,5.0
2024,2110708,São Domingos do Maranhão - MA,Maranhão,32877,Tilápia,1.5
2024,2110856,São Francisco do Brejão - MA,Maranhão,32875,"Tambacu, tambatinga",3.4
2024,2110856,São Francisco do Brejão - MA,Maranhão,32876,Tambaqui,9.0
2024,2110856,São Francisco do Brejão - MA,Maranhão,32877,Tilápia,9.0
2024,2110856,São Francisco do Brejão - MA,Maranhão,32881,Outros peixes,3.0
2024,2110906,São Francisco do Maranhão - MA,Maranhão,32876,Tambaqui,3.5
2024,2111003,São João Batista - MA,Maranhão,32865,"Curimatã, curimbatá",4.5
2024,2111003,São João Batista - MA,Maranhão,32875,"Tambacu, tambatinga",22.5
2024,2111003,São João Batista - MA,Maranhão,32877,Tilápia,0.98
2024,2111029,São João do Carú - MA,Maranhão,32865,"Curimatã, curimbatá",111.5
2024,2111029,São João do Carú - MA,Maranhão,32870,Pacu e patinga,245.308
2024,2111029,São João do Carú - MA,Maranhão,32876,Tambaqui,322.516
2024,2111052,São João do Paraíso - MA,Maranhão,32872,"Pintado, cachara, cachapira e pintachara, surubim",5.0
2024,2111052,São João do Paraíso - MA,Maranhão,32874,Pirarucu,0.12
2024,2111052,São João do Paraíso - MA,Maranhão,32875,"Tambacu, tambatinga",31.0
2024,2111052,São João do Paraíso - MA,Maranhão,32876,Tambaqui,6.6
2024,2111052,São João do Paraíso - MA,Maranhão,32877,Tilápia,0.5
2024,2111078,São João do Soter - MA,Maranhão,32876,Tambaqui,14.33
2024,2111102,São João dos Patos - MA,Maranhão,32877,Tilápia,2083.18
2024,2111201,São José de Ribamar - MA,Maranhão,32876,Tambaqui,32.96
2024,2111201,São José de Ribamar - MA,Maranhão,32877,Tilápia,32.96
2024,2111250,São José dos Basílios - MA,Maranhão,32875,"Tambacu, tambatinga",1.748
2024,2111250,São José dos Basílios - MA,Maranhão,32876,Tambaqui,3.198
2024,2111300,São Luís - MA,Maranhão,32875,"Tambacu, tambatinga",26.114
2024,2111300,São Luís - MA,Maranhão,32876,Tambaqui,17.2
2024,2111300,São Luís - MA,Maranhão,32877,Tilápia,5.326
2024,2111409,São Luís Gonzaga do Maranhão - MA,Maranhão,32865,"Curimatã, curimbatá",5.828
2024,2111409,São Luís Gonzaga do Maranhão - MA,Maranhão,32876,Tambaqui,450.5
2024,2111409,São Luís Gonzaga do Maranhão - MA,Maranhão,32877,Tilápia,6.2
2024,2111508,São Mateus do Maranhão - MA,Maranhão,32865,"Curimatã, curimbatá",6.756
2024,2111508,São Mateus do Maranhão - MA,Maranhão,32876,Tambaqui,108.0
2024,2111508,São Mateus do Maranhão - MA,Maranhão,32877,Tilápia,3.67
2024,2111532,São Pedro da Água Branca - MA,Maranhão,32875,"Tambacu, tambatinga",1.4
2024,2111573,São Pedro dos Crentes - MA,Maranhão,32876,Tambaqui,18.24
2024,2111607,São Raimundo das Mangabeiras - MA,Maranhão,32875,"Tambacu, tambatinga",370.0
2024,2111706,São Vicente Ferrer - MA,Maranhão,32865,"Curimatã, curimbatá",2.2
2024,2111706,São Vicente Ferrer - MA,Maranhão,32871,"Piau, piapara, piauçu, piava",0.8
2024,2111706,São Vicente Ferrer - MA,Maranhão,32875,"Tambacu, tambatinga",20.5
2024,2111706,São Vicente Ferrer - MA,Maranhão,32877,Tilápia,0.85
2024,2111722,Satubinha - MA,Maranhão,32865,"Curimatã, curimbatá",100.0
2024,2111722,Satubinha - MA,Maranhão,32869,Matrinxã,50.0
2024,2111722,Satubinha - MA,Maranhão,32870,Pacu e patinga,150.0
2024,2111722,Satubinha - MA,Maranhão,32876,Tambaqui,250.0
2024,2111722,Satubinha - MA,Maranhão,32877,Tilápia,30.0
2024,2111722,Satubinha - MA,Maranhão,32881,Outros peixes,20.0
2024,2111748,Senador Alexandre Costa - MA,Maranhão,32870,Pacu e patinga,2.9
2024,2111748,Senador Alexandre Costa - MA,Maranhão,32875,"Tambacu, tambatinga",3.0
2024,2111763,Senador La Rocque - MA,Maranhão,32865,"Curimatã, curimbatá",5.0
2024,2111763,Senador La Rocque - MA,Maranhão,32874,Pirarucu,10.0
2024,2111763,Senador La Rocque - MA,Maranhão,32875,"Tambacu, tambatinga",77.0
2024,2111763,Senador La Rocque - MA,Maranhão,32876,Tambaqui,0.5
2024,2111763,Senador La Rocque - MA,Maranhão,32877,Tilápia,5.0
2024,2111763,Senador La Rocque - MA,Maranhão,32881,Outros peixes,11.0
2024,2111805,Sítio Novo - MA,Maranhão,32865,"Curimatã, curimbatá",0.45
2024,2111805,Sítio Novo - MA,Maranhão,32872,"Pintado, cachara, cachapira e pintachara, surubim",1.9
2024,2111805,Sítio Novo - MA,Maranhão,32875,"Tambacu, tambatinga",7.6
2024,2111805,Sítio Novo - MA,Maranhão,32877,Tilápia,0.45
2024,2111805,Sítio Novo - MA,Maranhão,32881,Outros peixes,0.5
2024,2111904,Sucupira do Norte - MA,Maranhão,32876,Tambaqui,1.6
2024,2112001,Tasso Fragoso - MA,Maranhão,32875,"Tambacu, tambatinga",31.5
2024,2112100,Timbiras - MA,Maranhão,32875,"Tambacu, tambatinga",86.99
2024,2112100,Timbiras - MA,Maranhão,32876,Tambaqui,30.96
2024,2112209,Timon - MA,Maranhão,32872,"Pintado, cachara, cachapira e pintachara, surubim",2.056
2024,2112209,Timon - MA,Maranhão,32876,Tambaqui,555.944
2024,2112209,Timon - MA,Maranhão,32877,Tilápia,68.663
2024,2112233,Trizidela do Vale - MA,Maranhão,32865,"Curimatã, curimbatá",10.5
2024,2112233,Trizidela do Vale - MA,Maranhão,32873,Pirapitinga,27.0
2024,2112233,Trizidela do Vale - MA,Maranhão,32875,"Tambacu, tambatinga",129.0
2024,2112233,Trizidela do Vale - MA,Maranhão,32876,Tambaqui,1.0
2024,2112233,Trizidela do Vale - MA,Maranhão,32877,Tilápia,1.5
2024,2112233,Trizidela do Vale - MA,Maranhão,32881,Outros peixes,33.3
2024,2112274,Tufilândia - MA,Maranhão,32865,"Curimatã, curimbatá",29.541
2024,2112274,Tufilândia - MA,Maranhão,32870,Pacu e patinga,45.697
2024,2112274,Tufilândia - MA,Maranhão,32876,Tambaqui,45.21
2024,2112308,Tuntum - MA,Maranhão,32876,Tambaqui,2.45
2024,2112407,Turiaçu - MA,Maranhão,32887,Camarão,26.741
2024,2112506,Tutóia - MA,Maranhão,32876,Tambaqui,27.285
2024,2112506,Tutóia - MA,Maranhão,32877,Tilápia,5.67
2024,2112605,Urbano Santos - MA,Maranhão,32875,"Tambacu, tambatinga",48.1
2024,2112605,Urbano Santos - MA,Maranhão,32877,Tilápia,9.8
2024,2112704,Vargem Grande - MA,Maranhão,32865,"Curimatã, curimbatá",29.133
2024,2112704,Vargem Grande - MA,Maranhão,32875,"Tambacu, tambatinga",62.938
2024,2112803,Viana - MA,Maranhão,32865,"Curimatã, curimbatá",30.2
2024,2112803,Viana - MA,Maranhão,32871,"Piau, piapara, piauçu, piava",4.85
2024,2112803,Viana - MA,Maranhão,32875,"Tambacu, tambatinga",322.6
2024,2112803,Viana - MA,Maranhão,32877,Tilápia,3.6
2024,2112803,Viana - MA,Maranhão,32881,Outros peixes,12.0
2024,2112852,Vila Nova dos Martírios - MA,Maranhão,32875,"Tambacu, tambatinga",5.3
2024,2112852,Vila Nova dos Martírios - MA,Maranhão,32876,Tambaqui,12.0
2024,2112852,Vila Nova dos Martírios - MA,Maranhão,32877,Tilápia,2.8
2024,2112902,Vitória do Mearim - MA,Maranhão,32865,"Curimatã, curimbatá",55.2
2024,2112902,Vitória do Mearim - MA,Maranhão,32875,"Tambacu, tambatinga",351.1
2024,2112902,Vitória do Mearim - MA,Maranhão,32877,Tilápia,4.72
2024,2112902,Vitória do Mearim - MA,Maranhão,32881,Outros peixes,5.4
2024,2113009,Vitorino Freire - MA,Maranhão,32865,"Curimatã, curimbatá",10.839
2024,2113009,Vitorino Freire - MA,Maranhão,32875,"Tambacu, tambatinga",397.675
2024,2113009,Vitorino Freire - MA,Maranhão,32876,Tambaqui,635.903
2024,2113009,Vitorino Freire - MA,Maranhão,32877,Tilápia,10.207
2024,2114007,Zé Doca - MA,Maranhão,32865,"Curimatã, curimbatá",119.876
2024,2114007,Zé Doca - MA,Maranhão,32870,Pacu e patinga,202.056
2024,2114007,Zé Doca - MA,Maranhão,32871,"Piau, piapara, piauçu, piava",114.569
2024,2114007,Zé Doca - MA,Maranhão,32876,Tambaqui,332.516
2024,2200103,Agricolândia - PI,Piauí,32876,Tambaqui,8.0
2024,2200103,Agricolândia - PI,Piauí,32877,Tilápia,3.355
2024,2200103,Agricolândia - PI,Piauí,32881,Outros peixes,2.5
2024,2200202,Água Branca - PI,Piauí,32875,"Tambacu, tambatinga",6.0
2024,2200301,Alto Longá - PI,Piauí,32875,"Tambacu, tambatinga",77.376
2024,2200301,Alto Longá - PI,Piauí,32876,Tambaqui,55.556
2024,2200301,Alto Longá - PI,Piauí,32877,Tilápia,19.23
2024,2200400,Altos - PI,Piauí,32875,"Tambacu, tambatinga",35.5
2024,2200400,Altos - PI,Piauí,32876,Tambaqui,8.99
2024,2200400,Altos - PI,Piauí,32877,Tilápia,7.69
2024,2200459,Alvorada do Gurguéia - PI,Piauí,32871,"Piau, piapara, piauçu, piava",3.0
2024,2200459,Alvorada do Gurguéia - PI,Piauí,32872,"Pintado, cachara, cachapira e pintachara, surubim",6.0
2024,2200459,Alvorada do Gurguéia - PI,Piauí,32874,Pirarucu,2.0
2024,2200459,Alvorada do Gurguéia - PI,Piauí,32876,Tambaqui,26.88
2024,2200459,Alvorada do Gurguéia - PI,Piauí,32877,Tilápia,2.0
2024,2200459,Alvorada do Gurguéia - PI,Piauí,32881,Outros peixes,15.0
2024,2200509,Amarante - PI,Piauí,32875,"Tambacu, tambatinga",7.5
2024,2200509,Amarante - PI,Piauí,32876,Tambaqui,22.5
2024,2200509,Amarante - PI,Piauí,32881,Outros peixes,5.0
2024,2200608,Angical do Piauí - PI,Piauí,32875,"Tambacu, tambatinga",8.75
2024,2200608,Angical do Piauí - PI,Piauí,32877,Tilápia,3.8
2024,2200707,Anísio de Abreu - PI,Piauí,32876,Tambaqui,0.5
2024,2200707,Anísio de Abreu - PI,Piauí,32877,Tilápia,0.8
2024,2200806,Antônio Almeida - PI,Piauí,32876,Tambaqui,1.1
2024,2200806,Antônio Almeida - PI,Piauí,32877,Tilápia,4.9
2024,2200905,Aroazes - PI,Piauí,32876,Tambaqui,12.5
2024,2201002,Arraial - PI,Piauí,32875,"Tambacu, tambatinga",0.6
2024,2201002,Arraial - PI,Piauí,32876,Tambaqui,0.96
2024,2201002,Arraial - PI,Piauí,32877,Tilápia,0.16
2024,2201150,Baixa Grande do Ribeiro - PI,Piauí,32876,Tambaqui,2.75
2024,2201150,Baixa Grande do Ribeiro - PI,Piauí,32877,Tilápia,0.5
2024,2201150,Baixa Grande do Ribeiro - PI,Piauí,32881,Outros peixes,0.6
2024,2201176,Barra D'Alcântara - PI,Piauí,32875,"Tambacu, tambatinga",10.8
2024,2201176,Barra D'Alcântara - PI,Piauí,32876,Tambaqui,3.0
2024,2201200,Barras - PI,Piauí,32875,"Tambacu, tambatinga",24.609
2024,2201200,Barras - PI,Piauí,32876,Tambaqui,107.243
2024,2201200,Barras - PI,Piauí,32877,Tilápia,13.26
2024,2201200,Barras - PI,Piauí,32881,Outros peixes,6.479
2024,2201309,Barreiras do Piauí - PI,Piauí,32861,Carpa,0.2
2024,2201309,Barreiras do Piauí - PI,Piauí,32875,"Tambacu, tambatinga",0.5
2024,2201309,Barreiras do Piauí - PI,Piauí,32876,Tambaqui,3.2
2024,2201408,Barro Duro - PI,Piauí,32876,Tambaqui,15.1
2024,2201408,Barro Duro - PI,Piauí,32881,Outros peixes,0.9
2024,2201507,Batalha - PI,Piauí,32875,"Tambacu, tambatinga",33.456
2024,2201507,Batalha - PI,Piauí,32876,Tambaqui,16.564
2024,2201507,Batalha - PI,Piauí,32877,Tilápia,5.544
2024,2201507,Batalha - PI,Piauí,32881,Outros peixes,4.753
2024,2201572,Belém do Piauí - PI,Piauí,32876,Tambaqui,3.0
2024,2201572,Belém do Piauí - PI,Piauí,32877,Tilápia,3.0
2024,2201572,Belém do Piauí - PI,Piauí,32881,Outros peixes,2.5
2024,2201606,Beneditinos - PI,Piauí,32875,"Tambacu, tambatinga",12.73
2024,2201606,Beneditinos - PI,Piauí,32876,Tambaqui,283.56
2024,2201606,Beneditinos - PI,Piauí,32877,Tilápia,5.98
2024,2201705,Bertolínia - PI,Piauí,32876,Tambaqui,6.25
2024,2201705,Bertolínia - PI,Piauí,32881,Outros peixes,1.27
2024,2201770,Boa Hora - PI,Piauí,32876,Tambaqui,2.397
2024,2201770,Boa Hora - PI,Piauí,32877,Tilápia,1.262
2024,2201770,Boa Hora - PI,Piauí,32881,Outros peixes,0.612
2024,2201804,Bocaina - PI,Piauí,32871,"Piau, piapara, piauçu, piava",2.375
2024,2201804,Bocaina - PI,Piauí,32876,Tambaqui,5.82
2024,2201804,Bocaina - PI,Piauí,32877,Tilápia,112.8
2024,2201903,Bom Jesus - PI,Piauí,32865,"Curimatã, curimbatá",0.51
2024,2201903,Bom Jesus - PI,Piauí,32871,"Piau, piapara, piauçu, piava",0.5
2024,2201903,Bom Jesus - PI,Piauí,32875,"Tambacu, tambatinga",8.0
2024,2201903,Bom Jesus - PI,Piauí,32876,Tambaqui,11.45
2024,2201903,Bom Jesus - PI,Piauí,32881,Outros peixes,1.724
2024,2201945,Boqueirão do Piauí - PI,Piauí,32876,Tambaqui,0.853
2024,2201945,Boqueirão do Piauí - PI,Piauí,32877,Tilápia,0.754
2024,2201960,Brasileira - PI,Piauí,32876,Tambaqui,0.18
2024,2201960,Brasileira - PI,Piauí,32877,Tilápia,0.12
2024,2201960,Brasileira - PI,Piauí,32881,Outros peixes,0.182
2024,2201988,Brejo do Piauí - PI,Piauí,32875,"Tambacu, tambatinga",8.16
2024,2202000,Buriti dos Lopes - PI,Piauí,32875,"Tambacu, tambatinga",4.838
2024,2202000,Buriti dos Lopes - PI,Piauí,32876,Tambaqui,11.8
2024,2202000,Buriti dos Lopes - PI,Piauí,32877,Tilápia,3.3
2024,2202059,Cabeceiras do Piauí - PI,Piauí,32875,"Tambacu, tambatinga",26.112
2024,2202075,Cajazeiras do Piauí - PI,Piauí,32876,Tambaqui,3.8
2024,2202083,Cajueiro da Praia - PI,Piauí,32887,Camarão,2807.875
2024,2202109,Campinas do Piauí - PI,Piauí,32875,"Tambacu, tambatinga",11.822
2024,2202174,Campo Largo do Piauí - PI,Piauí,32875,"Tambacu, tambatinga",6.664
2024,2202174,Campo Largo do Piauí - PI,Piauí,32876,Tambaqui,48.719
2024,2202174,Campo Largo do Piauí - PI,Piauí,32877,Tilápia,1.485
2024,2202208,Campo Maior - PI,Piauí,32875,"Tambacu, tambatinga",8.832
2024,2202208,Campo Maior - PI,Piauí,32876,Tambaqui,77.383
2024,2202208,Campo Maior - PI,Piauí,32877,Tilápia,52.221
2024,2202251,Canavieira - PI,Piauí,32876,Tambaqui,0.35
2024,2202307,Canto do Buriti - PI,Piauí,32875,"Tambacu, tambatinga",9.024
2024,2202307,Canto do Buriti - PI,Piauí,32877,Tilápia,0.55
2024,2202406,Capitão de Campos - PI,Piauí,32876,Tambaqui,13.5
2024,2202406,Capitão de Campos - PI,Piauí,32877,Tilápia,1.0
2024,2202406,Capitão de Campos - PI,Piauí,32881,Outros peixes,1.5
2024,2202539,Caraúbas do Piauí - PI,Piauí,32876,Tambaqui,3.8
2024,2202554,Caridade do Piauí - PI,Piauí,32876,Tambaqui,1.6
2024,2202554,Caridade do Piauí - PI,Piauí,32877,Tilápia,0.45
2024,2202554,Caridade do Piauí - PI,Piauí,32881,Outros peixes,1.5
2024,2202604,Castelo do Piauí - PI,Piauí,32875,"Tambacu, tambatinga",24.782
2024,2202604,Castelo do Piauí - PI,Piauí,32876,Tambaqui,21.856
2024,2202604,Castelo do Piauí - PI,Piauí,32877,Tilápia,14.09
2024,2202653,Caxingó - PI,Piauí,32875,"Tambacu, tambatinga",0.2
2024,2202653,Caxingó - PI,Piauí,32876,Tambaqui,16.0
2024,2202653,Caxingó - PI,Piauí,32877,Tilápia,34.23
2024,2202653,Caxingó - PI,Piauí,32881,Outros peixes,13.9
2024,2202703,Cocal - PI,Piauí,32876,Tambaqui,1.0
2024,2202703,Cocal - PI,Piauí,32877,Tilápia,2.0
2024,2202711,Cocal de Telha - PI,Piauí,32875,"Tambacu, tambatinga",12.288
2024,2202737,Coivaras - PI,Piauí,32875,"Tambacu, tambatinga",28.901
2024,2202737,Coivaras - PI,Piauí,32876,Tambaqui,10.15
2024,2202737,Coivaras - PI,Piauí,32877,Tilápia,1.057
2024,2202752,Colônia do Gurguéia - PI,Piauí,32876,Tambaqui,12.05
2024,2202752,Colônia do Gurguéia - PI,Piauí,32881,Outros peixes,1.0
2024,2202778,Colônia do Piauí - PI,Piauí,32875,"Tambacu, tambatinga",1.2
2024,2202778,Colônia do Piauí - PI,Piauí,32876,Tambaqui,6.0
2024,2202778,Colônia do Piauí - PI,Piauí,32877,Tilápia,0.2
2024,2202802,Conceição do Canindé - PI,Piauí,32872,"Pintado, cachara, cachapira e pintachara, surubim",1.222
2024,2202802,Conceição do Canindé - PI,Piauí,32875,"Tambacu, tambatinga",1.526
2024,2202802,Conceição do Canindé - PI,Piauí,32876,Tambaqui,36.258
2024,2202802,Conceição do Canindé - PI,Piauí,32877,Tilápia,10.484
2024,2202901,Corrente - PI,Piauí,32876,Tambaqui,0.4
2024,2202901,Corrente - PI,Piauí,32877,Tilápia,1.651
2024,2202901,Corrente - PI,Piauí,32881,Outros peixes,0.4
2024,2203008,Cristalândia do Piauí - PI,Piauí,32865,"Curimatã, curimbatá",1.0
2024,2203008,Cristalândia do Piauí - PI,Piauí,32876,Tambaqui,2.5
2024,2203008,Cristalândia do Piauí - PI,Piauí,32881,Outros peixes,1.0
2024,2203107,Cristino Castro - PI,Piauí,32876,Tambaqui,20.6
2024,2203230,Currais - PI,Piauí,32865,"Curimatã, curimbatá",0.15
2024,2203230,Currais - PI,Piauí,32871,"Piau, piapara, piauçu, piava",0.1
2024,2203230,Currais - PI,Piauí,32876,Tambaqui,8.85
2024,2203230,Currais - PI,Piauí,32877,Tilápia,0.1
2024,2203230,Currais - PI,Piauí,32881,Outros peixes,1.75
2024,2203255,Curralinhos - PI,Piauí,32875,"Tambacu, tambatinga",7.601
2024,2203255,Curralinhos - PI,Piauí,32876,Tambaqui,72.21
2024,2203255,Curralinhos - PI,Piauí,32877,Tilápia,25.601
2024,2203305,Demerval Lobão - PI,Piauí,32875,"Tambacu, tambatinga",25.01
2024,2203305,Demerval Lobão - PI,Piauí,32876,Tambaqui,118.53
2024,2203305,Demerval Lobão - PI,Piauí,32877,Tilápia,19.69
2024,2203404,Dom Expedito Lopes - PI,Piauí,32876,Tambaqui,0.83
2024,2203404,Dom Expedito Lopes - PI,Piauí,32877,Tilápia,1.04
2024,2203420,Domingos Mourão - PI,Piauí,32875,"Tambacu, tambatinga",0.08
2024,2203420,Domingos Mourão - PI,Piauí,32876,Tambaqui,0.4
2024,2203420,Domingos Mourão - PI,Piauí,32877,Tilápia,1.9
2024,2203420,Domingos Mourão - PI,Piauí,32881,Outros peixes,0.95
2024,2203503,Elesbão Veloso - PI,Piauí,32875,"Tambacu, tambatinga",17.5
2024,2203503,Elesbão Veloso - PI,Piauí,32876,Tambaqui,2.0
2024,2203602,Eliseu Martins - PI,Piauí,32876,Tambaqui,6.2
2024,2203602,Eliseu Martins - PI,Piauí,32881,Outros peixes,0.5
2024,2203701,Esperantina - PI,Piauí,32871,"Piau, piapara, piauçu, piava",0.96
2024,2203701,Esperantina - PI,Piauí,32872,"Pintado, cachara, cachapira e pintachara, surubim",2.375
2024,2203701,Esperantina - PI,Piauí,32875,"Tambacu, tambatinga",30.804
2024,2203701,Esperantina - PI,Piauí,32876,Tambaqui,79.866
2024,2203701,Esperantina - PI,Piauí,32877,Tilápia,34.3
2024,2203701,Esperantina - PI,Piauí,32881,Outros peixes,8.276
2024,2203800,Flores do Piauí - PI,Piauí,32876,Tambaqui,0.4
2024,2203800,Flores do Piauí - PI,Piauí,32877,Tilápia,0.25
2024,2203859,Floresta do Piauí - PI,Piauí,32876,Tambaqui,0.96
2024,2203909,Floriano - PI,Piauí,32876,Tambaqui,2.033
2024,2203909,Floriano - PI,Piauí,32877,Tilápia,0.2
2024,2203909,Floriano - PI,Piauí,32881,Outros peixes,3.18
2024,2204006,Francinópolis - PI,Piauí,32875,"Tambacu, tambatinga",8.5
2024,2204006,Francinópolis - PI,Piauí,32876,Tambaqui,18.1
2024,2204105,Francisco Ayres - PI,Piauí,32876,Tambaqui,6.143
2024,2204105,Francisco Ayres - PI,Piauí,32877,Tilápia,0.62
2024,2204105,Francisco Ayres - PI,Piauí,32881,Outros peixes,0.25
2024,2204154,Francisco Macedo - PI,Piauí,32877,Tilápia,4.0
2024,2204303,Fronteiras - PI,Piauí,32875,"Tambacu, tambatinga",12.032
2024,2204303,Fronteiras - PI,Piauí,32877,Tilápia,5.3
2024,2204352,Geminiano - PI,Piauí,32876,Tambaqui,6.6
2024,2204352,Geminiano - PI,Piauí,32877,Tilápia,6.5
2024,2204402,Gilbués - PI,Piauí,32876,Tambaqui,3.3
2024,2204501,Guadalupe - PI,Piauí,32876,Tambaqui,4.8
2024,2204501,Guadalupe - PI,Piauí,32877,Tilápia,4680.0
2024,2204501,Guadalupe - PI,Piauí,32881,Outros peixes,4.75
2024,2204600,Hugo Napoleão - PI,Piauí,32875,"Tambacu, tambatinga",2.85
2024,2204600,Hugo Napoleão - PI,Piauí,32876,Tambaqui,4.2
2024,2204600,Hugo Napoleão - PI,Piauí,32881,Outros peixes,2.4
2024,2204659,Ilha Grande - PI,Piauí,32875,"Tambacu, tambatinga",4.92
2024,2204659,Ilha Grande - PI,Piauí,32877,Tilápia,0.279
2024,2204659,Ilha Grande - PI,Piauí,32887,Camarão,178.072
2024,2204709,Inhuma - PI,Piauí,32875,"Tambacu, tambatinga",2.7
2024,2204709,Inhuma - PI,Piauí,32876,Tambaqui,1.5
2024,2204709,Inhuma - PI,Piauí,32881,Outros peixes,4.5
2024,2204808,Ipiranga do Piauí - PI,Piauí,32877,Tilápia,0.3
2024,2204808,Ipiranga do Piauí - PI,Piauí,32881,Outros peixes,0.15
2024,2204907,Isaías Coelho - PI,Piauí,32876,Tambaqui,16.6
2024,2204907,Isaías Coelho - PI,Piauí,32877,Tilápia,6.7
2024,2205003,Itainópolis - PI,Piauí,32875,"Tambacu, tambatinga",8.2
2024,2205003,Itainópolis - PI,Piauí,32876,Tambaqui,7.7
2024,2205102,Itaueira - PI,Piauí,32876,Tambaqui,0.8
2024,2205102,Itaueira - PI,Piauí,32881,Outros peixes,0.2
2024,2205151,Jacobina do Piauí - PI,Piauí,32876,Tambaqui,1.2
2024,2205151,Jacobina do Piauí - PI,Piauí,32881,Outros peixes,0.35
2024,2205250,Jardim do Mulato - PI,Piauí,32876,Tambaqui,1.5
2024,2205250,Jardim do Mulato - PI,Piauí,32881,Outros peixes,0.5
2024,2205276,Jatobá do Piauí - PI,Piauí,32875,"Tambacu, tambatinga",18.046
2024,2205276,Jatobá do Piauí - PI,Piauí,32876,Tambaqui,4.859
2024,2205276,Jatobá do Piauí - PI,Piauí,32877,Tilápia,2.422
2024,2205300,Jerumenha - PI,Piauí,32875,"Tambacu, tambatinga",40.32
2024,2205359,João Costa - PI,Piauí,32876,Tambaqui,4.193
2024,2205409,Joaquim Pires - PI,Piauí,32875,"Tambacu, tambatinga",32.825
2024,2205409,Joaquim Pires - PI,Piauí,32876,Tambaqui,18.258
2024,2205409,Joaquim Pires - PI,Piauí,32877,Tilápia,18.746
2024,2205458,Joca Marques - PI,Piauí,32876,Tambaqui,24.339
2024,2205458,Joca Marques - PI,Piauí,32877,Tilápia,2.772
2024,2205508,José de Freitas - PI,Piauí,32865,"Curimatã, curimbatá",12.901
2024,2205508,José de Freitas - PI,Piauí,32875,"Tambacu, tambatinga",39.23
2024,2205508,José de Freitas - PI,Piauí,32876,Tambaqui,328.89
2024,2205508,José de Freitas - PI,Piauí,32877,Tilápia,29.134
2024,2205516,Juazeiro do Piauí - PI,Piauí,32876,Tambaqui,9.622
2024,2205532,Jurema - PI,Piauí,32876,Tambaqui,1.2
2024,2205532,Jurema - PI,Piauí,32877,Tilápia,0.25
2024,2205540,Lagoinha do Piauí - PI,Piauí,32876,Tambaqui,0.5
2024,2205557,Lagoa Alegre - PI,Piauí,32875,"Tambacu, tambatinga",16.1
2024,2205557,Lagoa Alegre - PI,Piauí,32876,Tambaqui,24.13
2024,2205557,Lagoa Alegre - PI,Piauí,32877,Tilápia,1.1
2024,2205573,Lagoa de São Francisco - PI,Piauí,32876,Tambaqui,0.3
2024,2205573,Lagoa de São Francisco - PI,Piauí,32877,Tilápia,0.15
2024,2205573,Lagoa de São Francisco - PI,Piauí,32881,Outros peixes,0.15
2024,2205581,Lagoa do Piauí - PI,Piauí,32875,"Tambacu, tambatinga",8.45
2024,2205581,Lagoa do Piauí - PI,Piauí,32876,Tambaqui,4.72
2024,2205581,Lagoa do Piauí - PI,Piauí,32877,Tilápia,2.89
2024,2205599,Lagoa do Sítio - PI,Piauí,32876,Tambaqui,1.8
2024,2205607,Landri Sales - PI,Piauí,32876,Tambaqui,2.8
2024,2205607,Landri Sales - PI,Piauí,32881,Outros peixes,2.0
2024,2205706,Luís Correia - PI,Piauí,32875,"Tambacu, tambatinga",6.24
2024,2205706,Luís Correia - PI,Piauí,32887,Camarão,1307.0
2024,2205805,Luzilândia - PI,Piauí,32876,Tambaqui,48.144
2024,2205805,Luzilândia - PI,Piauí,32877,Tilápia,68.831
2024,2205805,Luzilândia - PI,Piauí,32881,Outros peixes,3.465
2024,2205854,Madeiro - PI,Piauí,32875,"Tambacu, tambatinga",10.557
2024,2205854,Madeiro - PI,Piauí,32876,Tambaqui,73.326
2024,2205854,Madeiro - PI,Piauí,32877,Tilápia,15.994
2024,2205904,Manoel Emídio - PI,Piauí,32876,Tambaqui,2.75
2024,2205904,Manoel Emídio - PI,Piauí,32877,Tilápia,1.2
2024,2205904,Manoel Emídio - PI,Piauí,32881,Outros peixes,1.18
2024,2205953,Marcolândia - PI,Piauí,32875,"Tambacu, tambatinga",10.0
2024,2206001,Marcos Parente - PI,Piauí,32876,Tambaqui,0.4
2024,2206001,Marcos Parente - PI,Piauí,32881,Outros peixes,0.3
2024,2206100,Matias Olímpio - PI,Piauí,32875,"Tambacu, tambatinga",1.282
2024,2206100,Matias Olímpio - PI,Piauí,32876,Tambaqui,22.984
2024,2206100,Matias Olímpio - PI,Piauí,32881,Outros peixes,2.009
2024,2206209,Miguel Alves - PI,Piauí,32875,"Tambacu, tambatinga",76.045
2024,2206209,Miguel Alves - PI,Piauí,32876,Tambaqui,15.392
2024,2206209,Miguel Alves - PI,Piauí,32877,Tilápia,2.15
2024,2206308,Miguel Leão - PI,Piauí,32876,Tambaqui,7.498
2024,2206357,Milton Brandão - PI,Piauí,32865,"Curimatã, curimbatá",0.2
2024,2206357,Milton Brandão - PI,Piauí,32876,Tambaqui,1.5
2024,2206357,Milton Brandão - PI,Piauí,32877,Tilápia,0.3
2024,2206357,Milton Brandão - PI,Piauí,32878,Traíra e trairão,0.12
2024,2206357,Milton Brandão - PI,Piauí,32881,Outros peixes,1.6
2024,2206407,Monsenhor Gil - PI,Piauí,32875,"Tambacu, tambatinga",55.89
2024,2206407,Monsenhor Gil - PI,Piauí,32876,Tambaqui,18.98
2024,2206407,Monsenhor Gil - PI,Piauí,32877,Tilápia,4.487
2024,2206605,Monte Alegre do Piauí - PI,Piauí,32875,"Tambacu, tambatinga",0.81
2024,2206605,Monte Alegre do Piauí - PI,Piauí,32876,Tambaqui,6.92
2024,2206605,Monte Alegre do Piauí - PI,Piauí,32877,Tilápia,0.2
2024,2206670,Morro do Chapéu do Piauí - PI,Piauí,32876,Tambaqui,10.908
2024,2206670,Morro do Chapéu do Piauí - PI,Piauí,32877,Tilápia,7.292
2024,2206704,Nazaré do Piauí - PI,Piauí,32876,Tambaqui,2.5
2024,2206704,Nazaré do Piauí - PI,Piauí,32877,Tilápia,0.16
2024,2206704,Nazaré do Piauí - PI,Piauí,32881,Outros peixes,0.7
2024,2206720,Nazária - PI,Piauí,32865,"Curimatã, curimbatá",28.9
2024,2206720,Nazária - PI,Piauí,32875,"Tambacu, tambatinga",45.34
2024,2206720,Nazária - PI,Piauí,32876,Tambaqui,573.421
2024,2206720,Nazária - PI,Piauí,32877,Tilápia,82.402
2024,2206753,Nossa Senhora de Nazaré - PI,Piauí,32876,Tambaqui,1.9
2024,2206803,Nossa Senhora dos Remédios - PI,Piauí,32872,"Pintado, cachara, cachapira e pintachara, surubim",0.485
2024,2206803,Nossa Senhora dos Remédios - PI,Piauí,32875,"Tambacu, tambatinga",26.058
2024,2206803,Nossa Senhora dos Remédios - PI,Piauí,32876,Tambaqui,57.371
2024,2206803,Nossa Senhora dos Remédios - PI,Piauí,32877,Tilápia,2.058
2024,2206803,Nossa Senhora dos Remédios - PI,Piauí,32881,Outros peixes,2.45
2024,2206902,Novo Oriente do Piauí - PI,Piauí,32876,Tambaqui,1.45
2024,2206951,Novo Santo Antônio - PI,Piauí,32875,"Tambacu, tambatinga",6.016
2024,2206951,Novo Santo Antônio - PI,Piauí,32876,Tambaqui,11.956
2024,2206951,Novo Santo Antônio - PI,Piauí,32877,Tilápia,6.668
2024,2207009,Oeiras - PI,Piauí,32875,"Tambacu, tambatinga",2.85
2024,2207009,Oeiras - PI,Piauí,32876,Tambaqui,27.701
2024,2207009,Oeiras - PI,Piauí,32877,Tilápia,3.2
2024,2207009,Oeiras - PI,Piauí,32881,Outros peixes,1.35
2024,2207108,Olho D'Água do Piauí - PI,Piauí,32876,Tambaqui,4.3
2024,2207108,Olho D'Água do Piauí - PI,Piauí,32877,Tilápia,2.35
2024,2207108,Olho D'Água do Piauí - PI,Piauí,32881,Outros peixes,0.9
2024,2207306,Paes Landim - PI,Piauí,32875,"Tambacu, tambatinga",5.692
2024,2207306,Paes Landim - PI,Piauí,32876,Tambaqui,1.6
2024,2207355,Pajeú do Piauí - PI,Piauí,32876,Tambaqui,4.27
2024,2207405,Palmeira do Piauí - PI,Piauí,32876,Tambaqui,1.0
2024,2207405,Palmeira do Piauí - PI,Piauí,32877,Tilápia,0.1
2024,2207405,Palmeira do Piauí - PI,Piauí,32881,Outros peixes,1.0
2024,2207504,Palmeirais - PI,Piauí,32875,"Tambacu, tambatinga",2.315
2024,2207504,Palmeirais - PI,Piauí,32876,Tambaqui,294.814
2024,2207504,Palmeirais - PI,Piauí,32877,Tilápia,251.067
2024,2207553,Paquetá - PI,Piauí,32876,Tambaqui,3.2
2024,2207553,Paquetá - PI,Piauí,32877,Tilápia,0.65
2024,2207702,Parnaíba - PI,Piauí,32867,"Jatuarana, piabanha e piracanjuba",23.526
2024,2207702,Parnaíba - PI,Piauí,32871,"Piau, piapara, piauçu, piava",3.524
2024,2207702,Parnaíba - PI,Piauí,32876,Tambaqui,14.198
2024,2207702,Parnaíba - PI,Piauí,32877,Tilápia,343.248
2024,2207702,Parnaíba - PI,Piauí,32881,Outros peixes,42.94
2024,2207751,Passagem Franca do Piauí - PI,Piauí,32876,Tambaqui,8.5
2024,2207751,Passagem Franca do Piauí - PI,Piauí,32881,Outros peixes,1.85
2024,2207777,Patos do Piauí - PI,Piauí,32877,Tilápia,2.0
2024,2207793,Pau D'Arco do Piauí - PI,Piauí,32875,"Tambacu, tambatinga",14.01
2024,2207793,Pau D'Arco do Piauí - PI,Piauí,32876,Tambaqui,16.49
2024,2207793,Pau D'Arco do Piauí - PI,Piauí,32877,Tilápia,1.71
2024,2207801,Paulistana - PI,Piauí,32877,Tilápia,1.5
2024,2207801,Paulistana - PI,Piauí,32881,Outros peixes,1.0
2024,2207850,Pavussu - PI,Piauí,32876,Tambaqui,2.5
2024,2207934,Pedro Laurentino - PI,Piauí,32875,"Tambacu, tambatinga",14.88
2024,2207959,Nova Santa Rita - PI,Piauí,32876,Tambaqui,2.85
2024,2207959,Nova Santa Rita - PI,Piauí,32877,Tilápia,0.6
2024,2208007,Picos - PI,Piauí,32876,Tambaqui,19.462
2024,2208007,Picos - PI,Piauí,32877,Tilápia,61.025
2024,2208106,Pimenteiras - PI,Piauí,32874,Pirarucu,0.1
2024,2208106,Pimenteiras - PI,Piauí,32876,Tambaqui,3.764
2024,2208106,Pimenteiras - PI,Piauí,32877,Tilápia,0.532
2024,2208106,Pimenteiras - PI,Piauí,32881,Outros peixes,1.616
2024,2208205,Pio IX - PI,Piauí,32875,"Tambacu, tambatinga",0.29
2024,2208205,Pio IX - PI,Piauí,32877,Tilápia,0.38
2024,2208304,Piracuruca - PI,Piauí,32865,"Curimatã, curimbatá",1.75
2024,2208304,Piracuruca - PI,Piauí,32871,"Piau, piapara, piauçu, piava",2.0
2024,2208304,Piracuruca - PI,Piauí,32872,"Pintado, cachara, cachapira e pintachara, surubim",5.0
2024,2208304,Piracuruca - PI,Piauí,32876,Tambaqui,97.0
2024,2208304,Piracuruca - PI,Piauí,32877,Tilápia,43.0
2024,2208304,Piracuruca - PI,Piauí,32881,Outros peixes,49.0
2024,2208403,Piripiri - PI,Piauí,32875,"Tambacu, tambatinga",0.4
2024,2208403,Piripiri - PI,Piauí,32877,Tilápia,0.7
2024,2208403,Piripiri - PI,Piauí,32881,Outros peixes,0.06
2024,2208502,Porto - PI,Piauí,32875,"Tambacu, tambatinga",38.412
2024,2208502,Porto - PI,Piauí,32876,Tambaqui,57.873
2024,2208502,Porto - PI,Piauí,32877,Tilápia,8.342
2024,2208502,Porto - PI,Piauí,32881,Outros peixes,1.617
2024,2208551,Porto Alegre do Piauí - PI,Piauí,32876,Tambaqui,1.5
2024,2208551,Porto Alegre do Piauí - PI,Piauí,32877,Tilápia,5.2
2024,2208700,Redenção do Gurguéia - PI,Piauí,32876,Tambaqui,0.92
2024,2208700,Redenção do Gurguéia - PI,Piauí,32881,Outros peixes,0.2
2024,2208809,Regeneração - PI,Piauí,32875,"Tambacu, tambatinga",8.5
2024,2208858,Riacho Frio - PI,Piauí,32876,Tambaqui,3.6
2024,2208858,Riacho Frio - PI,Piauí,32877,Tilápia,3.0
2024,2208908,Ribeiro Gonçalves - PI,Piauí,32875,"Tambacu, tambatinga",1.2
2024,2208908,Ribeiro Gonçalves - PI,Piauí,32876,Tambaqui,1.5
2024,2208908,Ribeiro Gonçalves - PI,Piauí,32881,Outros peixes,0.4
2024,2209005,Rio Grande do Piauí - PI,Piauí,32876,Tambaqui,6.2
2024,2209104,Santa Cruz do Piauí - PI,Piauí,32876,Tambaqui,1.2
2024,2209153,Santa Cruz dos Milagres - PI,Piauí,32875,"Tambacu, tambatinga",18.0
2024,2209153,Santa Cruz dos Milagres - PI,Piauí,32876,Tambaqui,1.2
2024,2209302,Santa Luz - PI,Piauí,32876,Tambaqui,7.4
2024,2209302,Santa Luz - PI,Piauí,32881,Outros peixes,3.0
2024,2209377,Santa Rosa do Piauí - PI,Piauí,32876,Tambaqui,38.0
2024,2209377,Santa Rosa do Piauí - PI,Piauí,32881,Outros peixes,8.0
2024,2209500,Santo Inácio do Piauí - PI,Piauí,32876,Tambaqui,2.85
2024,2209500,Santo Inácio do Piauí - PI,Piauí,32877,Tilápia,2.0
2024,2209609,São Félix do Piauí - PI,Piauí,32875,"Tambacu, tambatinga",4.5
2024,2209609,São Félix do Piauí - PI,Piauí,32876,Tambaqui,13.0
2024,2209708,São Francisco do Piauí - PI,Piauí,32876,Tambaqui,2.15
2024,2209708,São Francisco do Piauí - PI,Piauí,32877,Tilápia,0.07
2024,2209708,São Francisco do Piauí - PI,Piauí,32881,Outros peixes,1.33
2024,2209757,São Gonçalo do Gurguéia - PI,Piauí,32861,Carpa,0.5
2024,2209757,São Gonçalo do Gurguéia - PI,Piauí,32875,"Tambacu, tambatinga",0.36
2024,2209757,São Gonçalo do Gurguéia - PI,Piauí,32876,Tambaqui,1.68
2024,2209807,São Gonçalo do Piauí - PI,Piauí,32875,"Tambacu, tambatinga",3.85
2024,2209807,São Gonçalo do Piauí - PI,Piauí,32876,Tambaqui,0.4
2024,2209807,São Gonçalo do Piauí - PI,Piauí,32877,Tilápia,1.6
2024,2209807,São Gonçalo do Piauí - PI,Piauí,32881,Outros peixes,2.5
2024,2209872,São João da Fronteira - PI,Piauí,32877,Tilápia,1.0
2024,2209906,São João da Serra - PI,Piauí,32875,"Tambacu, tambatinga",6.272
2024,2209906,São João da Serra - PI,Piauí,32876,Tambaqui,68.58
2024,2209906,São João da Serra - PI,Piauí,32877,Tilápia,10.905
2024,2209955,São João da Varjota - PI,Piauí,32876,Tambaqui,0.67
2024,2209955,São João da Varjota - PI,Piauí,32877,Tilápia,0.1
2024,2209955,São João da Varjota - PI,Piauí,32881,Outros peixes,0.15
2024,2209971,São João do Arraial - PI,Piauí,32875,"Tambacu, tambatinga",64.815
2024,2209971,São João do Arraial - PI,Piauí,32876,Tambaqui,11.935
2024,2209971,São João do Arraial - PI,Piauí,32877,Tilápia,11.057
2024,2209971,São João do Arraial - PI,Piauí,32881,Outros peixes,1.164
2024,2210003,São João do Piauí - PI,Piauí,32872,"Pintado, cachara, cachapira e pintachara, surubim",1.35
2024,2210003,São João do Piauí - PI,Piauí,32875,"Tambacu, tambatinga",29.44
2024,2210003,São João do Piauí - PI,Piauí,32876,Tambaqui,4.986
2024,2210003,São João do Piauí - PI,Piauí,32877,Tilápia,2.65
2024,2210102,São José do Peixe - PI,Piauí,32875,"Tambacu, tambatinga",1.42
2024,2210102,São José do Peixe - PI,Piauí,32876,Tambaqui,2.3
2024,2210102,São José do Peixe - PI,Piauí,32881,Outros peixes,0.8
2024,2210201,São José do Piauí - PI,Piauí,32876,Tambaqui,1.52
2024,2210375,São Luis do Piauí - PI,Piauí,32875,"Tambacu, tambatinga",1.88
2024,2210383,São Miguel da Baixa Grande - PI,Piauí,32876,Tambaqui,0.8
2024,2210391,São Miguel do Fidalgo - PI,Piauí,32876,Tambaqui,10.2
2024,2210409,São Miguel do Tapuio - PI,Piauí,32875,"Tambacu, tambatinga",4.349
2024,2210409,São Miguel do Tapuio - PI,Piauí,32876,Tambaqui,87.712
2024,2210508,São Pedro do Piauí - PI,Piauí,32876,Tambaqui,25.0
2024,2210508,São Pedro do Piauí - PI,Piauí,32877,Tilápia,1.5
2024,2210508,São Pedro do Piauí - PI,Piauí,32881,Outros peixes,0.3
2024,2210607,São Raimundo Nonato - PI,Piauí,32876,Tambaqui,0.435
2024,2210607,São Raimundo Nonato - PI,Piauí,32877,Tilápia,0.41
2024,2210631,Sebastião Leal - PI,Piauí,32876,Tambaqui,0.75
2024,2210631,Sebastião Leal - PI,Piauí,32881,Outros peixes,0.6
2024,2210656,Sigefredo Pacheco - PI,Piauí,32875,"Tambacu, tambatinga",17.917
2024,2210656,Sigefredo Pacheco - PI,Piauí,32876,Tambaqui,7.06
2024,2210656,Sigefredo Pacheco - PI,Piauí,32877,Tilápia,10.505
2024,2210706,Simões - PI,Piauí,32876,Tambaqui,2.8
2024,2210706,Simões - PI,Piauí,32877,Tilápia,14.9
2024,2210706,Simões - PI,Piauí,32881,Outros peixes,3.9
2024,2210805,Simplício Mendes - PI,Piauí,32875,"Tambacu, tambatinga",12.416
2024,2210805,Simplício Mendes - PI,Piauí,32876,Tambaqui,2.232
2024,2210805,Simplício Mendes - PI,Piauí,32877,Tilápia,1.5
2024,2210904,Socorro do Piauí - PI,Piauí,32876,Tambaqui,5.208
2024,2210938,Sussuapara - PI,Piauí,32876,Tambaqui,17.5
2024,2210938,Sussuapara - PI,Piauí,32877,Tilápia,17.6
2024,2210953,Tamboril do Piauí - PI,Piauí,32876,Tambaqui,2.692
2024,2210979,Tanque do Piauí - PI,Piauí,32875,"Tambacu, tambatinga",8.0
2024,2210979,Tanque do Piauí - PI,Piauí,32876,Tambaqui,0.4
2024,2210979,Tanque do Piauí - PI,Piauí,32877,Tilápia,0.2
2024,2211001,Teresina - PI,Piauí,32875,"Tambacu, tambatinga",62.145
2024,2211001,Teresina - PI,Piauí,32876,Tambaqui,221.11
2024,2211001,Teresina - PI,Piauí,32877,Tilápia,37.015
2024,2211100,União - PI,Piauí,32865,"Curimatã, curimbatá",3.11
2024,2211100,União - PI,Piauí,32872,"Pintado, cachara, cachapira e pintachara, surubim",3.51
2024,2211100,União - PI,Piauí,32875,"Tambacu, tambatinga",39.781
2024,2211100,União - PI,Piauí,32876,Tambaqui,204.99
2024,2211100,União - PI,Piauí,32877,Tilápia,55.83
2024,2211209,Uruçuí - PI,Piauí,32875,"Tambacu, tambatinga",2.097
2024,2211209,Uruçuí - PI,Piauí,32876,Tambaqui,6.88
2024,2211209,Uruçuí - PI,Piauí,32877,Tilápia,8.5
2024,2211209,Uruçuí - PI,Piauí,32881,Outros peixes,3.3
2024,2211308,Valença do Piauí - PI,Piauí,32875,"Tambacu, tambatinga",1.0
2024,2211308,Valença do Piauí - PI,Piauí,32876,Tambaqui,3.0
2024,2211308,Valença do Piauí - PI,Piauí,32877,Tilápia,1.6
2024,2211407,Várzea Grande - PI,Piauí,32875,"Tambacu, tambatinga",7.6
2024,2211407,Várzea Grande - PI,Piauí,32876,Tambaqui,18.1
2024,2211407,Várzea Grande - PI,Piauí,32877,Tilápia,0.4
2024,2211407,Várzea Grande - PI,Piauí,32881,Outros peixes,1.1
2024,2211506,Vera Mendes - PI,Piauí,32876,Tambaqui,3.4
2024,2211506,Vera Mendes - PI,Piauí,32877,Tilápia,2.3
2024,2211704,Wall Ferraz - PI,Piauí,32875,"Tambacu, tambatinga",1.75
2024,2211704,Wall Ferraz - PI,Piauí,32876,Tambaqui,13.4
2024,2300101,Abaiara - CE,Ceará,32876,Tambaqui,0.3
2024,2300101,Abaiara - CE,Ceará,32877,Tilápia,0.45
2024,2300200,Acaraú - CE,Ceará,32877,Tilápia,16.2
2024,2300200,Acaraú - CE,Ceará,32887,Camarão,5083.152
2024,2300507,Alcântaras - CE,Ceará,32877,Tilápia,0.13
2024,2300705,Alto Santo - CE,Ceará,32877,Tilápia,1380.0
2024,2300705,Alto Santo - CE,Ceará,32887,Camarão,4200.0
2024,2300754,Amontada - CE,Ceará,32877,Tilápia,515.0
2024,2300754,Amontada - CE,Ceará,32887,Camarão,1022.882
2024,2300903,Apuiarés - CE,Ceará,32861,Carpa,0.945
2024,2300903,Apuiarés - CE,Ceará,32877,Tilápia,31.747
2024,2300903,Apuiarés - CE,Ceará,32887,Camarão,29.847
2024,2301000,Aquiraz - CE,Ceará,32877,Tilápia,20.0
2024,2301000,Aquiraz - CE,Ceará,32887,Camarão,56.0
2024,2301109,Aracati - CE,Ceará,32877,Tilápia,42.265
2024,2301109,Aracati - CE,Ceará,32887,Camarão,17968.259
2024,2301208,Aracoiaba - CE,Ceará,32877,Tilápia,315.0
2024,2301257,Ararendá - CE,Ceará,32877,Tilápia,0.96
2024,2301703,Aurora - CE,Ceará,32877,Tilápia,2.0
2024,2301851,Banabuiú - CE,Ceará,32887,Camarão,69.0
2024,2301901,Barbalha - CE,Ceará,32874,Pirarucu,0.15
2024,2301901,Barbalha - CE,Ceará,32876,Tambaqui,0.2
2024,2301901,Barbalha - CE,Ceará,32877,Tilápia,4.5
2024,2301901,Barbalha - CE,Ceará,32881,Outros peixes,0.15
2024,2301901,Barbalha - CE,Ceará,32887,Camarão,0.05
2024,2301950,Barreira - CE,Ceará,32877,Tilápia,47.5
2024,2302008,Barro - CE,Ceará,32876,Tambaqui,4.0
2024,2302008,Barro - CE,Ceará,32877,Tilápia,8.0
2024,2302057,Barroquinha - CE,Ceará,32877,Tilápia,0.4
2024,2302057,Barroquinha - CE,Ceará,32887,Camarão,999.645
2024,2302107,Baturité - CE,Ceará,32874,Pirarucu,0.22
2024,2302107,Baturité - CE,Ceará,32876,Tambaqui,0.8
2024,2302107,Baturité - CE,Ceará,32877,Tilápia,6.185
2024,2302107,Baturité - CE,Ceará,32887,Camarão,13.2
2024,2302206,Beberibe - CE,Ceará,32877,Tilápia,36.267
2024,2302206,Beberibe - CE,Ceará,32887,Camarão,3382.206
2024,2302404,Boa Viagem - CE,Ceará,32877,Tilápia,1.575
2024,2302503,Brejo Santo - CE,Ceará,32877,Tilápia,5.0
2024,2302503,Brejo Santo - CE,Ceará,32881,Outros peixes,1.0
2024,2302602,Camocim - CE,Ceará,32887,Camarão,3756.484
2024,2302701,Campos Sales - CE,Ceará,32877,Tilápia,0.85
2024,2302800,Canindé - CE,Ceará,32877,Tilápia,2.384
2024,2303105,Cariré - CE,Ceará,32877,Tilápia,5.0
2024,2303303,Cariús - CE,Ceará,32877,Tilápia,2.5
2024,2303303,Cariús - CE,Ceará,32887,Camarão,29.139
2024,2303402,Carnaubal - CE,Ceará,32877,Tilápia,1.3
2024,2303501,Cascavel - CE,Ceará,32877,Tilápia,21.678
2024,2303501,Cascavel - CE,Ceará,32887,Camarão,56.432
2024,2303709,Caucaia - CE,Ceará,32877,Tilápia,8.5
2024,2303709,Caucaia - CE,Ceará,32887,Camarão,17.0
2024,2303808,Cedro - CE,Ceará,32877,Tilápia,1.5
2024,2303808,Cedro - CE,Ceará,32887,Camarão,2.1
2024,2303907,Chaval - CE,Ceará,32887,Camarão,578.896
2024,2303931,Choró - CE,Ceará,32877,Tilápia,42.0
2024,2303956,Chorozinho - CE,Ceará,32877,Tilápia,10.272
2024,2304004,Coreaú - CE,Ceará,32877,Tilápia,6.0
2024,2304103,Crateús - CE,Ceará,32877,Tilápia,6.0
2024,2304202,Crato - CE,Ceará,32877,Tilápia,5.5
2024,2304236,Croatá - CE,Ceará,32877,Tilápia,1.5
2024,2304251,Cruz - CE,Ceará,32877,Tilápia,37.2
2024,2304285,Eusébio - CE,Ceará,32877,Tilápia,2.2
2024,2304301,Farias Brito - CE,Ceará,32877,Tilápia,1.3
2024,2304400,Fortaleza - CE,Ceará,32877,Tilápia,0.7
2024,2304459,Fortim - CE,Ceará,32877,Tilápia,24.935
2024,2304459,Fortim - CE,Ceará,32887,Camarão,4762.234
2024,2304509,Frecheirinha - CE,Ceará,32877,Tilápia,2.5
2024,2304608,General Sampaio - CE,Ceará,32877,Tilápia,590.0
2024,2304657,Graça - CE,Ceará,32876,Tambaqui,0.5
2024,2304657,Graça - CE,Ceará,32877,Tilápia,3.71
2024,2304707,Granja - CE,Ceará,32877,Tilápia,230.264
2024,2304707,Granja - CE,Ceará,32887,Camarão,845.621
2024,2304806,Granjeiro - CE,Ceará,32877,Tilápia,0.2
2024,2304954,Guaiúba - CE,Ceará,32877,Tilápia,0.5
2024,2305001,Guaraciaba do Norte - CE,Ceará,32877,Tilápia,2.7
2024,2305233,Horizonte - CE,Ceará,32877,Tilápia,1.0
2024,2305308,Ibiapina - CE,Ceará,32877,Tilápia,3.8
2024,2305357,Icapuí - CE,Ceará,32877,Tilápia,60.342
2024,2305357,Icapuí - CE,Ceará,32887,Camarão,1456.342
2024,2305407,Icó - CE,Ceará,32887,Camarão,400.2
2024,2305506,Iguatu - CE,Ceará,32887,Camarão,307.5
2024,2305803,Ipu - CE,Ceará,32874,Pirarucu,1.0
2024,2305803,Ipu - CE,Ceará,32877,Tilápia,21.0
2024,2305902,Ipueiras - CE,Ceará,32877,Tilápia,7.2
2024,2306108,Irauçuba - CE,Ceará,32877,Tilápia,1.872
2024,2306207,Itaiçaba - CE,Ceará,32877,Tilápia,15.432
2024,2306207,Itaiçaba - CE,Ceará,32887,Camarão,1610.231
2024,2306256,Itaitinga - CE,Ceará,32877,Tilápia,5.7
2024,2306405,Itapipoca - CE,Ceará,32877,Tilápia,21.0
2024,2306405,Itapipoca - CE,Ceará,32887,Camarão,7.0
2024,2306504,Itapiúna - CE,Ceará,32887,Camarão,13.3
2024,2306553,Itarema - CE,Ceará,32877,Tilápia,255.0
2024,2306553,Itarema - CE,Ceará,32887,Camarão,546.405
2024,2306603,Itatira - CE,Ceará,32877,Tilápia,0.6
2024,2306801,Jaguaribara - CE,Ceará,32877,Tilápia,8748.375
2024,2306801,Jaguaribara - CE,Ceará,32887,Camarão,36.5
2024,2306900,Jaguaribe - CE,Ceará,32887,Camarão,205.1
2024,2307007,Jaguaruana - CE,Ceará,32887,Camarão,12989.452
2024,2307254,Jijoca de Jericoacoara - CE,Ceará,32877,Tilápia,0.5
2024,2307304,Juazeiro do Norte - CE,Ceará,32877,Tilápia,1.6
2024,2307502,Lavras da Mangabeira - CE,Ceará,32877,Tilápia,20.0
2024,2307601,Limoeiro do Norte - CE,Ceará,32871,"Piau, piapara, piauçu, piava",6.5
2024,2307601,Limoeiro do Norte - CE,Ceará,32874,Pirarucu,2.0
2024,2307601,Limoeiro do Norte - CE,Ceará,32876,Tambaqui,9.0
2024,2307601,Limoeiro do Norte - CE,Ceará,32877,Tilápia,8.19
2024,2307601,Limoeiro do Norte - CE,Ceará,32887,Camarão,4461.639
2024,2307650,Maracanaú - CE,Ceará,32877,Tilápia,4.5
2024,2307700,Maranguape - CE,Ceará,32877,Tilápia,99.9
2024,2307700,Maranguape - CE,Ceará,32887,Camarão,28.0
2024,2308005,Massapê - CE,Ceará,32877,Tilápia,7.313
2024,2308104,Mauriti - CE,Ceará,32877,Tilápia,1.2
2024,2308104,Mauriti - CE,Ceará,32887,Camarão,15.0
2024,2308203,Meruoca - CE,Ceará,32877,Tilápia,0.05
2024,2308351,Milhã - CE,Ceará,32877,Tilápia,2.4
2024,2308377,Miraíma - CE,Ceará,32877,Tilápia,30.0
2024,2308377,Miraíma - CE,Ceará,32881,Outros peixes,10.0
2024,2308401,Missão Velha - CE,Ceará,32876,Tambaqui,0.3
2024,2308401,Missão Velha - CE,Ceará,32877,Tilápia,1.1
2024,2308401,Missão Velha - CE,Ceará,32881,Outros peixes,0.33
2024,2308708,Morada Nova - CE,Ceará,32877,Tilápia,480.0
2024,2308708,Morada Nova - CE,Ceará,32887,Camarão,3062.0
2024,2308807,Moraújo - CE,Ceará,32874,Pirarucu,1.0
2024,2308807,Moraújo - CE,Ceará,32876,Tambaqui,3.0
2024,2308807,Moraújo - CE,Ceará,32877,Tilápia,38.0
2024,2309003,Mucambo - CE,Ceará,32861,Carpa,0.05
2024,2309003,Mucambo - CE,Ceará,32865,"Curimatã, curimbatá",0.1
2024,2309003,Mucambo - CE,Ceará,32873,Pirapitinga,0.1
2024,2309003,Mucambo - CE,Ceará,32876,Tambaqui,0.3
2024,2309003,Mucambo - CE,Ceará,32877,Tilápia,0.3
2024,2309201,Nova Olinda - CE,Ceará,32877,Tilápia,2.6
2024,2309300,Nova Russas - CE,Ceará,32877,Tilápia,8.0
2024,2309458,Ocara - CE,Ceará,32877,Tilápia,27.94
2024,2309508,Orós - CE,Ceará,32877,Tilápia,456.2
2024,2309508,Orós - CE,Ceará,32887,Camarão,13.719
2024,2309607,Pacajus - CE,Ceará,32877,Tilápia,51.3
2024,2309607,Pacajus - CE,Ceará,32887,Camarão,18.65
2024,2309706,Pacatuba - CE,Ceará,32877,Tilápia,2.0
2024,2310001,Palhano - CE,Ceará,32877,Tilápia,3.065
2024,2310001,Palhano - CE,Ceará,32887,Camarão,62.234
2024,2310100,Palmácia - CE,Ceará,32874,Pirarucu,4.2
2024,2310100,Palmácia - CE,Ceará,32877,Tilápia,20.0
2024,2310209,Paracuru - CE,Ceará,32877,Tilápia,45.32
2024,2310209,Paracuru - CE,Ceará,32887,Camarão,233.52
2024,2310258,Paraipaba - CE,Ceará,32877,Tilápia,52.02
2024,2310258,Paraipaba - CE,Ceará,32887,Camarão,2287.8
2024,2310407,Paramoti - CE,Ceará,32877,Tilápia,0.45
2024,2310704,Pentecoste - CE,Ceará,32877,Tilápia,85.0
2024,2310704,Pentecoste - CE,Ceará,32887,Camarão,62.0
2024,2310852,Pindoretama - CE,Ceará,32877,Tilápia,1.6
2024,2310951,Pires Ferreira - CE,Ceará,32877,Tilápia,5.0
2024,2311108,Porteiras - CE,Ceará,32877,Tilápia,1.5
2024,2311355,Quixelô - CE,Ceará,32887,Camarão,228.0
2024,2311504,Quixeré - CE,Ceará,32887,Camarão,792.99
2024,2311603,Redenção - CE,Ceará,32876,Tambaqui,0.1
2024,2311603,Redenção - CE,Ceará,32877,Tilápia,7.768
2024,2311702,Reriutaba - CE,Ceará,32877,Tilápia,2.5
2024,2311801,Russas - CE,Ceará,32877,Tilápia,60.0
2024,2311801,Russas - CE,Ceará,32887,Camarão,6199.2
2024,2312106,Santana do Cariri - CE,Ceará,32877,Tilápia,1.0
2024,2312205,Santa Quitéria - CE,Ceará,32877,Tilápia,17.526
2024,2312304,São Benedito - CE,Ceará,32877,Tilápia,2.6
2024,2312403,São Gonçalo do Amarante - CE,Ceará,32877,Tilápia,24.5
2024,2312403,São Gonçalo do Amarante - CE,Ceará,32887,Camarão,128.0
2024,2312502,São João do Jaguaribe - CE,Ceará,32887,Camarão,5227.2
2024,2312601,São Luís do Curu - CE,Ceará,32877,Tilápia,10.8
2024,2312700,Senador Pompeu - CE,Ceará,32887,Camarão,40.0
2024,2312809,Senador Sá - CE,Ceará,32869,Matrinxã,0.05
2024,2312809,Senador Sá - CE,Ceará,32877,Tilápia,4.59
2024,2312908,Sobral - CE,Ceará,32876,Tambaqui,0.7
2024,2312908,Sobral - CE,Ceará,32877,Tilápia,1.0
2024,2313104,Tabuleiro do Norte - CE,Ceará,32877,Tilápia,2.552
2024,2313104,Tabuleiro do Norte - CE,Ceará,32887,Camarão,272.25
2024,2313351,Tejuçuoca - CE,Ceará,32877,Tilápia,8.74
2024,2313401,Tianguá - CE,Ceará,32877,Tilápia,5.0
2024,2313500,Trairi - CE,Ceará,32877,Tilápia,176.452
2024,2313500,Trairi - CE,Ceará,32887,Camarão,205.0
2024,2313559,Tururu - CE,Ceará,32877,Tilápia,1.07
2024,2313609,Ubajara - CE,Ceará,32877,Tilápia,1.2
2024,2313757,Umirim - CE,Ceará,32877,Tilápia,55.0
2024,2313757,Umirim - CE,Ceará,32887,Camarão,2.0
2024,2313807,Uruburetama - CE,Ceará,32877,Tilápia,45.0
2024,2313955,Varjota - CE,Ceará,32877,Tilápia,26.5
2024,2313955,Varjota - CE,Ceará,32887,Camarão,3.0
2024,2314003,Várzea Alegre - CE,Ceará,32877,Tilápia,8.0
2024,2314102,Viçosa do Ceará - CE,Ceará,32877,Tilápia,9.0
2024,2400109,Acari - RN,Rio Grande do Norte,32877,Tilápia,4.0
2024,2400901,Antônio Martins - RN,Rio Grande do Norte,32865,"Curimatã, curimbatá",2.15
2024,2400901,Antônio Martins - RN,Rio Grande do Norte,32877,Tilápia,3.19
2024,2400901,Antônio Martins - RN,Rio Grande do Norte,32878,Traíra e trairão,2.1
2024,2401008,Apodi - RN,Rio Grande do Norte,32874,Pirarucu,5.0
2024,2401008,Apodi - RN,Rio Grande do Norte,32877,Tilápia,38.0
2024,2401008,Apodi - RN,Rio Grande do Norte,32887,Camarão,80.0
2024,2401107,Areia Branca - RN,Rio Grande do Norte,32887,Camarão,215.0
2024,2401206,Arez - RN,Rio Grande do Norte,32877,Tilápia,1.5
2024,2401206,Arez - RN,Rio Grande do Norte,32887,Camarão,3500.0
2024,2401404,Baía Formosa - RN,Rio Grande do Norte,32877,Tilápia,2.3
2024,2401404,Baía Formosa - RN,Rio Grande do Norte,32887,Camarão,90.0
2024,2401859,Caiçara do Norte - RN,Rio Grande do Norte,32887,Camarão,94.4
2024,2402006,Caicó - RN,Rio Grande do Norte,32865,"Curimatã, curimbatá",12.457
2024,2402006,Caicó - RN,Rio Grande do Norte,32871,"Piau, piapara, piauçu, piava",0.1
2024,2402006,Caicó - RN,Rio Grande do Norte,32876,Tambaqui,0.9
2024,2402006,Caicó - RN,Rio Grande do Norte,32877,Tilápia,14.484
2024,2402006,Caicó - RN,Rio Grande do Norte,32878,Traíra e trairão,5.695
2024,2402105,Campo Redondo - RN,Rio Grande do Norte,32877,Tilápia,0.6
2024,2402204,Canguaretama - RN,Rio Grande do Norte,32877,Tilápia,125.0
2024,2402204,Canguaretama - RN,Rio Grande do Norte,32887,Camarão,3200.0
2024,2402204,Canguaretama - RN,Rio Grande do Norte,32889,"Ostras, vieiras e mexilhões",40.0
2024,2402303,Caraúbas - RN,Rio Grande do Norte,32865,"Curimatã, curimbatá",37.0
2024,2402303,Caraúbas - RN,Rio Grande do Norte,32877,Tilápia,72.55
2024,2402303,Caraúbas - RN,Rio Grande do Norte,32878,Traíra e trairão,6.2
2024,2402303,Caraúbas - RN,Rio Grande do Norte,32880,Tucunaré,9.0
2024,2402501,Carnaubais - RN,Rio Grande do Norte,32887,Camarão,390.0
2024,2402600,Ceará-Mirim - RN,Rio Grande do Norte,32887,Camarão,200.0
2024,2402709,Cerro Corá - RN,Rio Grande do Norte,32877,Tilápia,10.0
2024,2402808,Coronel Ezequiel - RN,Rio Grande do Norte,32877,Tilápia,20.0
2024,2402907,Coronel João Pessoa - RN,Rio Grande do Norte,32877,Tilápia,1.0
2024,2403004,Cruzeta - RN,Rio Grande do Norte,32865,"Curimatã, curimbatá",30.215
2024,2403004,Cruzeta - RN,Rio Grande do Norte,32877,Tilápia,43.615
2024,2403004,Cruzeta - RN,Rio Grande do Norte,32878,Traíra e trairão,6.202
2024,2403004,Cruzeta - RN,Rio Grande do Norte,32880,Tucunaré,7.252
2024,2403004,Cruzeta - RN,Rio Grande do Norte,32881,Outros peixes,4.013
2024,2403301,Encanto - RN,Rio Grande do Norte,32876,Tambaqui,2.0
2024,2403301,Encanto - RN,Rio Grande do Norte,32877,Tilápia,2.0
2024,2403301,Encanto - RN,Rio Grande do Norte,32880,Tucunaré,0.5
2024,2403400,Equador - RN,Rio Grande do Norte,32877,Tilápia,1.0
2024,2403608,Extremoz - RN,Rio Grande do Norte,32877,Tilápia,29.0
2024,2403608,Extremoz - RN,Rio Grande do Norte,32887,Camarão,51.0
2024,2403905,Francisco Dantas - RN,Rio Grande do Norte,32877,Tilápia,5.0
2024,2404002,Frutuoso Gomes - RN,Rio Grande do Norte,32865,"Curimatã, curimbatá",1.21
2024,2404002,Frutuoso Gomes - RN,Rio Grande do Norte,32877,Tilápia,0.95
2024,2404101,Galinhos - RN,Rio Grande do Norte,32887,Camarão,877.0
2024,2404200,Goianinha - RN,Rio Grande do Norte,32877,Tilápia,70.0
2024,2404200,Goianinha - RN,Rio Grande do Norte,32887,Camarão,400.0
2024,2404408,Grossos - RN,Rio Grande do Norte,32887,Camarão,47.5
2024,2404507,Guamaré - RN,Rio Grande do Norte,32877,Tilápia,30.0
2024,2404507,Guamaré - RN,Rio Grande do Norte,32887,Camarão,2299.122
2024,2404705,Ipanguaçu - RN,Rio Grande do Norte,32887,Camarão,550.0
2024,2405009,Jaçanã - RN,Rio Grande do Norte,32877,Tilápia,0.51
2024,2405108,Jandaíra - RN,Rio Grande do Norte,32877,Tilápia,1.0
2024,2406304,Lagoa de Pedras - RN,Rio Grande do Norte,32877,Tilápia,295.0
2024,2406502,Lagoa Nova - RN,Rio Grande do Norte,32877,Tilápia,17.5
2024,2406601,Lagoa Salgada - RN,Rio Grande do Norte,32877,Tilápia,1.0
2024,2406908,Lucrécia - RN,Rio Grande do Norte,32865,"Curimatã, curimbatá",2.1
2024,2406908,Lucrécia - RN,Rio Grande do Norte,32877,Tilápia,3.1
2024,2406908,Lucrécia - RN,Rio Grande do Norte,32878,Traíra e trairão,2.2
2024,2407104,Macaíba - RN,Rio Grande do Norte,32877,Tilápia,0.6
2024,2407104,Macaíba - RN,Rio Grande do Norte,32887,Camarão,190.0
2024,2407203,Macau - RN,Rio Grande do Norte,32887,Camarão,901.76
2024,2407302,Marcelino Vieira - RN,Rio Grande do Norte,32877,Tilápia,0.5
2024,2407500,Maxaranguape - RN,Rio Grande do Norte,32877,Tilápia,8.0
2024,2407500,Maxaranguape - RN,Rio Grande do Norte,32887,Camarão,50.0
2024,2407906,Monte das Gameleiras - RN,Rio Grande do Norte,32877,Tilápia,4.0
2024,2408003,Mossoró - RN,Rio Grande do Norte,32877,Tilápia,20.0
2024,2408003,Mossoró - RN,Rio Grande do Norte,32880,Tucunaré,1.5
2024,2408003,Mossoró - RN,Rio Grande do Norte,32887,Camarão,2200.0
2024,2408102,Natal - RN,Rio Grande do Norte,32887,Camarão,5.5
2024,2408201,Nísia Floresta - RN,Rio Grande do Norte,32877,Tilápia,800.0
2024,2408201,Nísia Floresta - RN,Rio Grande do Norte,32887,Camarão,700.0
2024,2408300,Nova Cruz - RN,Rio Grande do Norte,32877,Tilápia,43.0
2024,2408300,Nova Cruz - RN,Rio Grande do Norte,32887,Camarão,16.5
2024,2408953,Rio do Fogo - RN,Rio Grande do Norte,32877,Tilápia,6.4
2024,2409407,Pau dos Ferros - RN,Rio Grande do Norte,32865,"Curimatã, curimbatá",0.6
2024,2409407,Pau dos Ferros - RN,Rio Grande do Norte,32877,Tilápia,1.5
2024,2409407,Pau dos Ferros - RN,Rio Grande do Norte,32880,Tucunaré,0.56
2024,2409902,Pendências - RN,Rio Grande do Norte,32887,Camarão,9608.0
2024,2410108,Poço Branco - RN,Rio Grande do Norte,32877,Tilápia,2.0
2024,2410256,Porto do Mangue - RN,Rio Grande do Norte,32887,Camarão,960.0
2024,2410405,Pureza - RN,Rio Grande do Norte,32877,Tilápia,50.0
2024,2411056,Tibau - RN,Rio Grande do Norte,32887,Camarão,20.25
2024,2411601,São Bento do Norte - RN,Rio Grande do Norte,32887,Camarão,683.133
2024,2411700,São Bento do Trairí - RN,Rio Grande do Norte,32877,Tilápia,25.0
2024,2412005,São Gonçalo do Amarante - RN,Rio Grande do Norte,32877,Tilápia,9.0
2024,2412005,São Gonçalo do Amarante - RN,Rio Grande do Norte,32887,Camarão,680.0
2024,2412104,São João do Sabugi - RN,Rio Grande do Norte,32865,"Curimatã, curimbatá",45.0
2024,2412104,São João do Sabugi - RN,Rio Grande do Norte,32871,"Piau, piapara, piauçu, piava",10.0
2024,2412104,São João do Sabugi - RN,Rio Grande do Norte,32877,Tilápia,60.0
2024,2412104,São João do Sabugi - RN,Rio Grande do Norte,32878,Traíra e trairão,30.0
2024,2412104,São João do Sabugi - RN,Rio Grande do Norte,32880,Tucunaré,20.0
2024,2412203,São José de Mipibu - RN,Rio Grande do Norte,32877,Tilápia,9.9
2024,2412203,São José de Mipibu - RN,Rio Grande do Norte,32881,Outros peixes,3.6
2024,2412203,São José de Mipibu - RN,Rio Grande do Norte,32887,Camarão,17.5
2024,2412401,São José do Seridó - RN,Rio Grande do Norte,32865,"Curimatã, curimbatá",10.1
2024,2412401,São José do Seridó - RN,Rio Grande do Norte,32871,"Piau, piapara, piauçu, piava",0.51
2024,2412401,São José do Seridó - RN,Rio Grande do Norte,32876,Tambaqui,0.73
2024,2412401,São José do Seridó - RN,Rio Grande do Norte,32877,Tilápia,10.7
2024,2412401,São José do Seridó - RN,Rio Grande do Norte,32878,Traíra e trairão,4.31
2024,2412401,São José do Seridó - RN,Rio Grande do Norte,32880,Tucunaré,1.59
2024,2413102,Senador Elói de Souza - RN,Rio Grande do Norte,32877,Tilápia,3.2
2024,2413102,Senador Elói de Souza - RN,Rio Grande do Norte,32887,Camarão,0.28
2024,2413201,Senador Georgino Avelino - RN,Rio Grande do Norte,32877,Tilápia,230.0
2024,2413201,Senador Georgino Avelino - RN,Rio Grande do Norte,32887,Camarão,2800.0
2024,2413409,Serra Negra do Norte - RN,Rio Grande do Norte,32865,"Curimatã, curimbatá",10.5
2024,2413409,Serra Negra do Norte - RN,Rio Grande do Norte,32876,Tambaqui,3.0
2024,2413409,Serra Negra do Norte - RN,Rio Grande do Norte,32877,Tilápia,42.0
2024,2413409,Serra Negra do Norte - RN,Rio Grande do Norte,32878,Traíra e trairão,2.4
2024,2413409,Serra Negra do Norte - RN,Rio Grande do Norte,32880,Tucunaré,1.6
2024,2413904,Taipu - RN,Rio Grande do Norte,32877,Tilápia,4.98
2024,2413904,Taipu - RN,Rio Grande do Norte,32887,Camarão,254.0
2024,2414159,Tenente Laurentino Cruz - RN,Rio Grande do Norte,32877,Tilápia,3.44
2024,2414209,Tibau do Sul - RN,Rio Grande do Norte,32877,Tilápia,58.0
2024,2414209,Tibau do Sul - RN,Rio Grande do Norte,32887,Camarão,290.0
2024,2414209,Tibau do Sul - RN,Rio Grande do Norte,32889,"Ostras, vieiras e mexilhões",85.0
2024,2414308,Timbaúba dos Batistas - RN,Rio Grande do Norte,32865,"Curimatã, curimbatá",53.222
2024,2414308,Timbaúba dos Batistas - RN,Rio Grande do Norte,32876,Tambaqui,215.04
2024,2414308,Timbaúba dos Batistas - RN,Rio Grande do Norte,32877,Tilápia,70.963
2024,2414308,Timbaúba dos Batistas - RN,Rio Grande do Norte,32878,Traíra e trairão,26.611
2024,2414308,Timbaúba dos Batistas - RN,Rio Grande do Norte,32880,Tucunaré,8.96
2024,2414407,Touros - RN,Rio Grande do Norte,32877,Tilápia,22.0
2024,2414605,Upanema - RN,Rio Grande do Norte,32877,Tilápia,20.0
2024,2415008,Vila Flor - RN,Rio Grande do Norte,32877,Tilápia,0.48
2024,2415008,Vila Flor - RN,Rio Grande do Norte,32887,Camarão,250.0
2024,2500502,Alagoinha - PB,Paraíba,32877,Tilápia,10.5
2024,2500502,Alagoinha - PB,Paraíba,32887,Camarão,13.0
2024,2500601,Alhandra - PB,Paraíba,32877,Tilápia,4.6
2024,2500809,Araçagi - PB,Paraíba,32877,Tilápia,62.0
2024,2500809,Araçagi - PB,Paraíba,32887,Camarão,54.0
2024,2501104,Areia - PB,Paraíba,32877,Tilápia,56.0
2024,2501401,Baía da Traição - PB,Paraíba,32877,Tilápia,8.5
2024,2501401,Baía da Traição - PB,Paraíba,32887,Camarão,250.0
2024,2501500,Bananeiras - PB,Paraíba,32877,Tilápia,825.0
2024,2501708,Barra de São Miguel - PB,Paraíba,32877,Tilápia,7.0
2024,2502508,Boqueirão - PB,Paraíba,32877,Tilápia,100.0
2024,2502706,Borborema - PB,Paraíba,32877,Tilápia,180.0
2024,2502706,Borborema - PB,Paraíba,32887,Camarão,1.2
2024,2503001,Caaporã - PB,Paraíba,32877,Tilápia,15.0
2024,2503001,Caaporã - PB,Paraíba,32887,Camarão,203.5
2024,2503506,Cacimba de Dentro - PB,Paraíba,32877,Tilápia,5.0
2024,2503506,Cacimba de Dentro - PB,Paraíba,32887,Camarão,4.1
2024,2503803,Caldas Brandão - PB,Paraíba,32877,Tilápia,62.0
2024,2503803,Caldas Brandão - PB,Paraíba,32887,Camarão,121.0
2024,2504033,Capim - PB,Paraíba,32877,Tilápia,90.0
2024,2504405,Conceição - PB,Paraíba,32877,Tilápia,3.277
2024,2504801,Coremas - PB,Paraíba,32877,Tilápia,30.0
2024,2504801,Coremas - PB,Paraíba,32887,Camarão,3.5
2024,2504900,Cruz do Espírito Santo - PB,Paraíba,32877,Tilápia,18.0
2024,2505204,Cuitegi - PB,Paraíba,32877,Tilápia,9.1
2024,2505204,Cuitegi - PB,Paraíba,32887,Camarão,25.0
2024,2505279,Curral de Cima - PB,Paraíba,32877,Tilápia,14.0
2024,2506301,Guarabira - PB,Paraíba,32877,Tilápia,42.0
2024,2506301,Guarabira - PB,Paraíba,32887,Camarão,100.0
2024,2506400,Gurinhém - PB,Paraíba,32877,Tilápia,21.0
2024,2506400,Gurinhém - PB,Paraíba,32887,Camarão,143.0
2024,2506806,Ingá - PB,Paraíba,32887,Camarão,10.0
2024,2506905,Itabaiana - PB,Paraíba,32877,Tilápia,37.8
2024,2506905,Itabaiana - PB,Paraíba,32887,Camarão,648.0
2024,2507002,Itaporanga - PB,Paraíba,32876,Tambaqui,3.056
2024,2507002,Itaporanga - PB,Paraíba,32877,Tilápia,5.343
2024,2507101,Itapororoca - PB,Paraíba,32877,Tilápia,44.0
2024,2507101,Itapororoca - PB,Paraíba,32887,Camarão,3.0
2024,2507200,Itatuba - PB,Paraíba,32877,Tilápia,64.2
2024,2507200,Itatuba - PB,Paraíba,32887,Camarão,550.0
2024,2507309,Jacaraú - PB,Paraíba,32877,Tilápia,3.6
2024,2507507,João Pessoa - PB,Paraíba,32887,Camarão,1800.0
2024,2507606,Juarez Távora - PB,Paraíba,32877,Tilápia,1.1
2024,2507903,Juripiranga - PB,Paraíba,32887,Camarão,101.0
2024,2508554,Logradouro - PB,Paraíba,32876,Tambaqui,0.9
2024,2508554,Logradouro - PB,Paraíba,32877,Tilápia,3.0
2024,2508604,Lucena - PB,Paraíba,32877,Tilápia,2.85
2024,2508604,Lucena - PB,Paraíba,32887,Camarão,128.0
2024,2508901,Mamanguape - PB,Paraíba,32876,Tambaqui,2.8
2024,2508901,Mamanguape - PB,Paraíba,32877,Tilápia,350.0
2024,2509057,Marcação - PB,Paraíba,32887,Camarão,180.0
2024,2509057,Marcação - PB,Paraíba,32889,"Ostras, vieiras e mexilhões",23.0
2024,2509107,Mari - PB,Paraíba,32877,Tilápia,1000.0
2024,2509107,Mari - PB,Paraíba,32887,Camarão,132.0
2024,2509206,Massaranduba - PB,Paraíba,32876,Tambaqui,1.0
2024,2509206,Massaranduba - PB,Paraíba,32877,Tilápia,4.0
2024,2509404,Mogeiro - PB,Paraíba,32877,Tilápia,44.0
2024,2509404,Mogeiro - PB,Paraíba,32887,Camarão,880.0
2024,2509800,Mulungu - PB,Paraíba,32877,Tilápia,9.7
2024,2509800,Mulungu - PB,Paraíba,32887,Camarão,71.0
2024,2510402,Olho d'Água - PB,Paraíba,32877,Tilápia,0.5
2024,2510808,Patos - PB,Paraíba,32877,Tilápia,0.8
2024,2511202,Pedras de Fogo - PB,Paraíba,32877,Tilápia,30.0
2024,2511301,Piancó - PB,Paraíba,32877,Tilápia,3.758
2024,2511509,Pilar - PB,Paraíba,32877,Tilápia,26.5
2024,2511509,Pilar - PB,Paraíba,32887,Camarão,385.0
2024,2511806,Pirpirituba - PB,Paraíba,32887,Camarão,35.0
2024,2512200,Prata - PB,Paraíba,32877,Tilápia,2.604
2024,2512309,Princesa Isabel - PB,Paraíba,32865,"Curimatã, curimbatá",0.3
2024,2512309,Princesa Isabel - PB,Paraíba,32871,"Piau, piapara, piauçu, piava",0.5
2024,2512309,Princesa Isabel - PB,Paraíba,32877,Tilápia,0.75
2024,2512309,Princesa Isabel - PB,Paraíba,32878,Traíra e trairão,0.39
2024,2512309,Princesa Isabel - PB,Paraíba,32880,Tucunaré,0.6
2024,2512721,Pedro Régis - PB,Paraíba,32877,Tilápia,3.8
2024,2512762,Riachão do Poço - PB,Paraíba,32877,Tilápia,398.75
2024,2512762,Riachão do Poço - PB,Paraíba,32887,Camarão,33.0
2024,2512903,Rio Tinto - PB,Paraíba,32877,Tilápia,10.5
2024,2512903,Rio Tinto - PB,Paraíba,32887,Camarão,130.0
2024,2513109,Salgado de São Félix - PB,Paraíba,32877,Tilápia,33.0
2024,2513109,Salgado de São Félix - PB,Paraíba,32887,Camarão,660.0
2024,2513703,Santa Rita - PB,Paraíba,32876,Tambaqui,5.1
2024,2513703,Santa Rita - PB,Paraíba,32877,Tilápia,76.0
2024,2513703,Santa Rita - PB,Paraíba,32887,Camarão,980.0
2024,2513901,São Bento - PB,Paraíba,32887,Camarão,18.0
2024,2514453,São José dos Ramos - PB,Paraíba,32877,Tilápia,33.0
2024,2514453,São José dos Ramos - PB,Paraíba,32887,Camarão,151.0
2024,2515005,São Miguel de Taipu - PB,Paraíba,32877,Tilápia,350.0
2024,2515005,São Miguel de Taipu - PB,Paraíba,32887,Camarão,1000.0
2024,2515203,São Sebastião do Umbuzeiro - PB,Paraíba,32877,Tilápia,6.758
2024,2515302,Sapé - PB,Paraíba,32877,Tilápia,55.0
2024,2515807,Serra Redonda - PB,Paraíba,32877,Tilápia,10.0
2024,2515930,Sertãozinho - PB,Paraíba,32877,Tilápia,30.0
2024,2515971,Sobrado - PB,Paraíba,32877,Tilápia,21.0
2024,2515971,Sobrado - PB,Paraíba,32887,Camarão,56.0
2024,2516003,Solânea - PB,Paraíba,32877,Tilápia,13.0
2024,2516300,Sumé - PB,Paraíba,32877,Tilápia,6.805
2024,2517407,Zabelê - PB,Paraíba,32877,Tilápia,4.3
2024,2600054,Abreu e Lima - PE,Pernambuco,32877,Tilápia,1.8
2024,2600054,Abreu e Lima - PE,Pernambuco,32887,Camarão,1.5
2024,2600104,Afogados da Ingazeira - PE,Pernambuco,32877,Tilápia,10.8
2024,2600104,Afogados da Ingazeira - PE,Pernambuco,32881,Outros peixes,0.8
2024,2600401,Água Preta - PE,Pernambuco,32877,Tilápia,30.0
2024,2600500,Águas Belas - PE,Pernambuco,32877,Tilápia,14.0
2024,2601003,Angelim - PE,Pernambuco,32877,Tilápia,5.0
2024,2601102,Araripina - PE,Pernambuco,32877,Tilápia,125.0
2024,2601300,Barra de Guabiraba - PE,Pernambuco,32877,Tilápia,9.0
2024,2601409,Barreiros - PE,Pernambuco,32876,Tambaqui,2.456
2024,2601409,Barreiros - PE,Pernambuco,32877,Tilápia,10.493
2024,2601508,Belém de Maria - PE,Pernambuco,32877,Tilápia,21.612
2024,2601607,Belém do São Francisco - PE,Pernambuco,32877,Tilápia,1800.0
2024,2602100,Bom Conselho - PE,Pernambuco,32877,Tilápia,28.0
2024,2602308,Bonito - PE,Pernambuco,32877,Tilápia,20.256
2024,2602506,Brejinho - PE,Pernambuco,32877,Tilápia,0.1
2024,2602803,Buíque - PE,Pernambuco,32877,Tilápia,30.0
2024,2602902,Cabo de Santo Agostinho - PE,Pernambuco,32876,Tambaqui,30.5
2024,2602902,Cabo de Santo Agostinho - PE,Pernambuco,32877,Tilápia,25.5
2024,2603009,Cabrobó - PE,Pernambuco,32861,Carpa,5.5
2024,2603009,Cabrobó - PE,Pernambuco,32865,"Curimatã, curimbatá",2.751
2024,2603009,Cabrobó - PE,Pernambuco,32871,"Piau, piapara, piauçu, piava",3.24
2024,2603009,Cabrobó - PE,Pernambuco,32872,"Pintado, cachara, cachapira e pintachara, surubim",6.556
2024,2603009,Cabrobó - PE,Pernambuco,32874,Pirarucu,3.21
2024,2603009,Cabrobó - PE,Pernambuco,32876,Tambaqui,70.696
2024,2603009,Cabrobó - PE,Pernambuco,32877,Tilápia,301.125
2024,2603009,Cabrobó - PE,Pernambuco,32881,Outros peixes,3.866
2024,2603009,Cabrobó - PE,Pernambuco,32887,Camarão,0.5
2024,2603702,Canhotinho - PE,Pernambuco,32877,Tilápia,70.0
2024,2603900,Carnaíba - PE,Pernambuco,32877,Tilápia,6.0
2024,2604205,Catende - PE,Pernambuco,32874,Pirarucu,0.198
2024,2604205,Catende - PE,Pernambuco,32877,Tilápia,70.098
2024,2604304,Cedro - PE,Pernambuco,32861,Carpa,1.235
2024,2604304,Cedro - PE,Pernambuco,32865,"Curimatã, curimbatá",0.75
2024,2604304,Cedro - PE,Pernambuco,32876,Tambaqui,2.504
2024,2604304,Cedro - PE,Pernambuco,32877,Tilápia,18.5
2024,2604304,Cedro - PE,Pernambuco,32878,Traíra e trairão,2.985
2024,2604700,Correntes - PE,Pernambuco,32877,Tilápia,40.0
2024,2605202,Escada - PE,Pernambuco,32876,Tambaqui,0.508
2024,2605202,Escada - PE,Pernambuco,32877,Tilápia,3.0
2024,2605202,Escada - PE,Pernambuco,32881,Outros peixes,0.123
2024,2605301,Exu - PE,Pernambuco,32877,Tilápia,3.78
2024,2605400,Feira Nova - PE,Pernambuco,32877,Tilápia,397.542
2024,2605400,Feira Nova - PE,Pernambuco,32887,Camarão,111.7
2024,2605905,Gameleira - PE,Pernambuco,32877,Tilápia,55.0
2024,2606002,Garanhuns - PE,Pernambuco,32876,Tambaqui,0.32
2024,2606002,Garanhuns - PE,Pernambuco,32877,Tilápia,3.3
2024,2606200,Goiana - PE,Pernambuco,32887,Camarão,4400.518
2024,2606507,Iati - PE,Pernambuco,32877,Tilápia,2.3
2024,2606804,Igarassu - PE,Pernambuco,32887,Camarão,52.0
2024,2606903,Iguaracy - PE,Pernambuco,32877,Tilápia,8.8
2024,2606903,Iguaracy - PE,Pernambuco,32878,Traíra e trairão,2.1
2024,2606903,Iguaracy - PE,Pernambuco,32880,Tucunaré,1.9
2024,2607109,Ingazeira - PE,Pernambuco,32877,Tilápia,37.0
2024,2607208,Ipojuca - PE,Pernambuco,32877,Tilápia,30.0
2024,2607406,Itacuruba - PE,Pernambuco,32877,Tilápia,2400.0
2024,2607604,Ilha de Itamaracá - PE,Pernambuco,32887,Camarão,45.0
2024,2607703,Itapetim - PE,Pernambuco,32877,Tilápia,1.0
2024,2607752,Itapissuma - PE,Pernambuco,32887,Camarão,1106.5
2024,2607752,Itapissuma - PE,Pernambuco,32889,"Ostras, vieiras e mexilhões",127.5
2024,2607901,Jaboatão dos Guararapes - PE,Pernambuco,32887,Camarão,46.0
2024,2607950,Jaqueira - PE,Pernambuco,32877,Tilápia,16.889
2024,2608057,Jatobá - PE,Pernambuco,32877,Tilápia,16000.0
2024,2608206,Joaquim Nabuco - PE,Pernambuco,32877,Tilápia,22.987
2024,2608602,Lagoa do Ouro - PE,Pernambuco,32877,Tilápia,55.0
2024,2608750,Lagoa Grande - PE,Pernambuco,32861,Carpa,1.8
2024,2608750,Lagoa Grande - PE,Pernambuco,32865,"Curimatã, curimbatá",0.65
2024,2608750,Lagoa Grande - PE,Pernambuco,32876,Tambaqui,3.6
2024,2608750,Lagoa Grande - PE,Pernambuco,32877,Tilápia,3.8
2024,2609204,Maraial - PE,Pernambuco,32876,Tambaqui,2.8
2024,2609204,Maraial - PE,Pernambuco,32877,Tilápia,15.03
2024,2609402,Moreno - PE,Pernambuco,32877,Tilápia,31.0
2024,2609808,Orocó - PE,Pernambuco,32876,Tambaqui,1.5
2024,2609907,Ouricuri - PE,Pernambuco,32876,Tambaqui,4.02
2024,2609907,Ouricuri - PE,Pernambuco,32877,Tilápia,6.4
2024,2609907,Ouricuri - PE,Pernambuco,32887,Camarão,2.0
2024,2610004,Palmares - PE,Pernambuco,32877,Tilápia,21.796
2024,2610103,Palmeirina - PE,Pernambuco,32877,Tilápia,9.5
2024,2610301,Paranatama - PE,Pernambuco,32877,Tilápia,8.7
2024,2610400,Parnamirim - PE,Pernambuco,32865,"Curimatã, curimbatá",3.1
2024,2610400,Parnamirim - PE,Pernambuco,32876,Tambaqui,8.05
2024,2610400,Parnamirim - PE,Pernambuco,32877,Tilápia,9.5
2024,2610400,Parnamirim - PE,Pernambuco,32878,Traíra e trairão,2.1
2024,2610400,Parnamirim - PE,Pernambuco,32881,Outros peixes,5.4
2024,2611002,Petrolândia - PE,Pernambuco,32877,Tilápia,9600.0
2024,2611101,Petrolina - PE,Pernambuco,32865,"Curimatã, curimbatá",0.13
2024,2611101,Petrolina - PE,Pernambuco,32876,Tambaqui,2.8
2024,2611101,Petrolina - PE,Pernambuco,32877,Tilápia,2.5
2024,2611408,Primavera - PE,Pernambuco,32876,Tambaqui,0.8
2024,2611408,Primavera - PE,Pernambuco,32877,Tilápia,5.15
2024,2611507,Quipapá - PE,Pernambuco,32877,Tilápia,100.2
2024,2611606,Recife - PE,Pernambuco,32887,Camarão,420.0
2024,2611804,Ribeirão - PE,Pernambuco,32876,Tambaqui,3.5
2024,2611804,Ribeirão - PE,Pernambuco,32877,Tilápia,45.0
2024,2611903,Rio Formoso - PE,Pernambuco,32877,Tilápia,35.0
2024,2611903,Rio Formoso - PE,Pernambuco,32887,Camarão,60.0
2024,2612307,Saloá - PE,Pernambuco,32877,Tilápia,2.1
2024,2612604,Santa Maria da Boa Vista - PE,Pernambuco,32865,"Curimatã, curimbatá",0.42
2024,2612604,Santa Maria da Boa Vista - PE,Pernambuco,32876,Tambaqui,1.6
2024,2612802,Santa Terezinha - PE,Pernambuco,32877,Tilápia,2.2
2024,2612901,São Benedito do Sul - PE,Pernambuco,32877,Tilápia,7.422
2024,2612901,São Benedito do Sul - PE,Pernambuco,32878,Traíra e trairão,22.87
2024,2613206,São João - PE,Pernambuco,32876,Tambaqui,1.0
2024,2613206,São João - PE,Pernambuco,32877,Tilápia,8.0
2024,2613602,São José do Egito - PE,Pernambuco,32877,Tilápia,16.0
2024,2613602,São José do Egito - PE,Pernambuco,32881,Outros peixes,0.25
2024,2614006,Serrita - PE,Pernambuco,32877,Tilápia,52.056
2024,2614204,Sirinhaém - PE,Pernambuco,32876,Tambaqui,1.7
2024,2614204,Sirinhaém - PE,Pernambuco,32877,Tilápia,6.01
2024,2614204,Sirinhaém - PE,Pernambuco,32887,Camarão,314.0
2024,2614303,Moreilândia - PE,Pernambuco,32861,Carpa,4.0
2024,2614303,Moreilândia - PE,Pernambuco,32876,Tambaqui,10.0
2024,2614303,Moreilândia - PE,Pernambuco,32877,Tilápia,35.0
2024,2614402,Solidão - PE,Pernambuco,32877,Tilápia,4.4
2024,2614600,Tabira - PE,Pernambuco,32877,Tilápia,17.0
2024,2614600,Tabira - PE,Pernambuco,32878,Traíra e trairão,1.0
2024,2614857,Tamandaré - PE,Pernambuco,32877,Tilápia,5.1
2024,2615102,Terezinha - PE,Pernambuco,32877,Tilápia,13.0
2024,2700201,Anadia - AL,Alagoas,32876,Tambaqui,1.1
2024,2700201,Anadia - AL,Alagoas,32877,Tilápia,3.3
2024,2700300,Arapiraca - AL,Alagoas,32865,"Curimatã, curimbatá",3.0
2024,2700300,Arapiraca - AL,Alagoas,32869,Matrinxã,3.0
2024,2700300,Arapiraca - AL,Alagoas,32872,"Pintado, cachara, cachapira e pintachara, surubim",1.0
2024,2700300,Arapiraca - AL,Alagoas,32874,Pirarucu,1.0
2024,2700300,Arapiraca - AL,Alagoas,32875,"Tambacu, tambatinga",50.0
2024,2700300,Arapiraca - AL,Alagoas,32876,Tambaqui,150.0
2024,2700300,Arapiraca - AL,Alagoas,32877,Tilápia,100.0
2024,2700300,Arapiraca - AL,Alagoas,32887,Camarão,403.0
2024,2700409,Atalaia - AL,Alagoas,32861,Carpa,2.0
2024,2700409,Atalaia - AL,Alagoas,32870,Pacu e patinga,1.5
2024,2700409,Atalaia - AL,Alagoas,32876,Tambaqui,12.0
2024,2700409,Atalaia - AL,Alagoas,32877,Tilápia,143.0
2024,2700508,Barra de Santo Antônio - AL,Alagoas,32887,Camarão,183.43
2024,2700607,Barra de São Miguel - AL,Alagoas,32889,"Ostras, vieiras e mexilhões",2.5
2024,2700805,Belém - AL,Alagoas,32876,Tambaqui,0.25
2024,2700805,Belém - AL,Alagoas,32877,Tilápia,0.26
2024,2700904,Belo Monte - AL,Alagoas,32876,Tambaqui,25.0
2024,2701001,Boca da Mata - AL,Alagoas,32876,Tambaqui,180.0
2024,2701001,Boca da Mata - AL,Alagoas,32877,Tilápia,250.0
2024,2701001,Boca da Mata - AL,Alagoas,32878,Traíra e trairão,25.0
2024,2701100,Branquinha - AL,Alagoas,32876,Tambaqui,61.0
2024,2701100,Branquinha - AL,Alagoas,32877,Tilápia,145.0
2024,2701308,Cajueiro - AL,Alagoas,32876,Tambaqui,10.5
2024,2701308,Cajueiro - AL,Alagoas,32877,Tilápia,54.0
2024,2701357,Campestre - AL,Alagoas,32877,Tilápia,15.0
2024,2701407,Campo Alegre - AL,Alagoas,32877,Tilápia,63.0
2024,2701506,Campo Grande - AL,Alagoas,32876,Tambaqui,10.0
2024,2701506,Campo Grande - AL,Alagoas,32877,Tilápia,35.0
2024,2701605,Canapi - AL,Alagoas,32877,Tilápia,1.3
2024,2701704,Capela - AL,Alagoas,32876,Tambaqui,5.5
2024,2701704,Capela - AL,Alagoas,32877,Tilápia,30.0
2024,2701803,Carneiros - AL,Alagoas,32877,Tilápia,23.0
2024,2701902,Chã Preta - AL,Alagoas,32861,Carpa,1.19
2024,2701902,Chã Preta - AL,Alagoas,32876,Tambaqui,1.0
2024,2701902,Chã Preta - AL,Alagoas,32877,Tilápia,25.0
2024,2702009,Coité do Nóia - AL,Alagoas,32876,Tambaqui,20.0
2024,2702009,Coité do Nóia - AL,Alagoas,32877,Tilápia,40.0
2024,2702009,Coité do Nóia - AL,Alagoas,32887,Camarão,600.0
2024,2702108,Colônia Leopoldina - AL,Alagoas,32876,Tambaqui,5.6
2024,2702108,Colônia Leopoldina - AL,Alagoas,32877,Tilápia,25.0
2024,2702207,Coqueiro Seco - AL,Alagoas,32877,Tilápia,6.0
2024,2702306,Coruripe - AL,Alagoas,32876,Tambaqui,350.0
2024,2702306,Coruripe - AL,Alagoas,32877,Tilápia,1000.0
2024,2702306,Coruripe - AL,Alagoas,32889,"Ostras, vieiras e mexilhões",2.45
2024,2702405,Delmiro Gouveia - AL,Alagoas,32877,Tilápia,95.913
2024,2702504,Dois Riachos - AL,Alagoas,32871,"Piau, piapara, piauçu, piava",0.35
2024,2702504,Dois Riachos - AL,Alagoas,32877,Tilápia,1.5
2024,2702504,Dois Riachos - AL,Alagoas,32878,Traíra e trairão,0.25
2024,2702553,Estrela de Alagoas - AL,Alagoas,32877,Tilápia,8.5
2024,2702603,Feira Grande - AL,Alagoas,32876,Tambaqui,200.0
2024,2702702,Feliz Deserto - AL,Alagoas,32876,Tambaqui,5.5
2024,2702702,Feliz Deserto - AL,Alagoas,32877,Tilápia,9.3
2024,2702801,Flexeiras - AL,Alagoas,32876,Tambaqui,3.0
2024,2702801,Flexeiras - AL,Alagoas,32877,Tilápia,80.0
2024,2702900,Girau do Ponciano - AL,Alagoas,32876,Tambaqui,50.0
2024,2702900,Girau do Ponciano - AL,Alagoas,32877,Tilápia,100.0
2024,2702900,Girau do Ponciano - AL,Alagoas,32887,Camarão,10.0
2024,2703007,Ibateguara - AL,Alagoas,32876,Tambaqui,40.0
2024,2703007,Ibateguara - AL,Alagoas,32877,Tilápia,30.0
2024,2703106,Igaci - AL,Alagoas,32877,Tilápia,18.0
2024,2703106,Igaci - AL,Alagoas,32887,Camarão,230.0
2024,2703205,Igreja Nova - AL,Alagoas,32865,"Curimatã, curimbatá",5.5
2024,2703205,Igreja Nova - AL,Alagoas,32876,Tambaqui,54.0
2024,2703205,Igreja Nova - AL,Alagoas,32877,Tilápia,50.0
2024,2703205,Igreja Nova - AL,Alagoas,32887,Camarão,16.0
2024,2703304,Inhapi - AL,Alagoas,32877,Tilápia,45.0
2024,2703403,Jacaré dos Homens - AL,Alagoas,32877,Tilápia,15.0
2024,2703502,Jacuípe - AL,Alagoas,32876,Tambaqui,3.25
2024,2703502,Jacuípe - AL,Alagoas,32877,Tilápia,21.0
2024,2703601,Japaratinga - AL,Alagoas,32876,Tambaqui,1.0
2024,2703601,Japaratinga - AL,Alagoas,32877,Tilápia,2.0
2024,2703759,Jequiá da Praia - AL,Alagoas,32877,Tilápia,22.0
2024,2703809,Joaquim Gomes - AL,Alagoas,32876,Tambaqui,4.0
2024,2703809,Joaquim Gomes - AL,Alagoas,32877,Tilápia,20.1
2024,2703908,Jundiá - AL,Alagoas,32876,Tambaqui,3.0
2024,2703908,Jundiá - AL,Alagoas,32877,Tilápia,50.0
2024,2704005,Junqueiro - AL,Alagoas,32876,Tambaqui,25.0
2024,2704005,Junqueiro - AL,Alagoas,32877,Tilápia,225.0
2024,2704104,Lagoa da Canoa - AL,Alagoas,32876,Tambaqui,88.0
2024,2704104,Lagoa da Canoa - AL,Alagoas,32877,Tilápia,150.0
2024,2704104,Lagoa da Canoa - AL,Alagoas,32887,Camarão,80.0
2024,2704203,Limoeiro de Anadia - AL,Alagoas,32876,Tambaqui,340.0
2024,2704203,Limoeiro de Anadia - AL,Alagoas,32877,Tilápia,465.0
2024,2704203,Limoeiro de Anadia - AL,Alagoas,32887,Camarão,230.0
2024,2704401,Major Isidoro - AL,Alagoas,32861,Carpa,0.5
2024,2704401,Major Isidoro - AL,Alagoas,32871,"Piau, piapara, piauçu, piava",0.15
2024,2704401,Major Isidoro - AL,Alagoas,32876,Tambaqui,0.55
2024,2704401,Major Isidoro - AL,Alagoas,32877,Tilápia,2.38
2024,2704401,Major Isidoro - AL,Alagoas,32878,Traíra e trairão,3.0
2024,2704500,Maragogi - AL,Alagoas,32876,Tambaqui,10.0
2024,2704500,Maragogi - AL,Alagoas,32877,Tilápia,50.0
2024,2704500,Maragogi - AL,Alagoas,32887,Camarão,140.0
2024,2704609,Maravilha - AL,Alagoas,32877,Tilápia,2.2
2024,2704708,Marechal Deodoro - AL,Alagoas,32877,Tilápia,2.03
2024,2704807,Maribondo - AL,Alagoas,32861,Carpa,6.5
2024,2704807,Maribondo - AL,Alagoas,32874,Pirarucu,6.0
2024,2704807,Maribondo - AL,Alagoas,32876,Tambaqui,25.0
2024,2704807,Maribondo - AL,Alagoas,32877,Tilápia,100.0
2024,2704906,Mar Vermelho - AL,Alagoas,32876,Tambaqui,0.2
2024,2704906,Mar Vermelho - AL,Alagoas,32877,Tilápia,11.0
2024,2705002,Mata Grande - AL,Alagoas,32877,Tilápia,2.8
2024,2705101,Matriz de Camaragibe - AL,Alagoas,32876,Tambaqui,2.0
2024,2705101,Matriz de Camaragibe - AL,Alagoas,32877,Tilápia,8.0
2024,2705200,Messias - AL,Alagoas,32877,Tilápia,7.0
2024,2705408,Monteirópolis - AL,Alagoas,32877,Tilápia,0.5
2024,2705507,Murici - AL,Alagoas,32876,Tambaqui,23.8
2024,2705507,Murici - AL,Alagoas,32877,Tilápia,70.0
2024,2705606,Novo Lino - AL,Alagoas,32861,Carpa,7.904
2024,2705606,Novo Lino - AL,Alagoas,32876,Tambaqui,42.0
2024,2705606,Novo Lino - AL,Alagoas,32877,Tilápia,84.122
2024,2705705,Olho d'Água das Flores - AL,Alagoas,32876,Tambaqui,1.65
2024,2705705,Olho d'Água das Flores - AL,Alagoas,32877,Tilápia,20.2
2024,2705804,Olho d'Água do Casado - AL,Alagoas,32877,Tilápia,5.6
2024,2705903,Olho d'Água Grande - AL,Alagoas,32865,"Curimatã, curimbatá",0.2
2024,2705903,Olho d'Água Grande - AL,Alagoas,32876,Tambaqui,2.8
2024,2705903,Olho d'Água Grande - AL,Alagoas,32877,Tilápia,2.6
2024,2706000,Olivença - AL,Alagoas,32877,Tilápia,8.0
2024,2706208,Palestina - AL,Alagoas,32877,Tilápia,0.55
2024,2706307,Palmeira dos Índios - AL,Alagoas,32877,Tilápia,80.0
2024,2706406,Pão de Açúcar - AL,Alagoas,32876,Tambaqui,30.0
2024,2706406,Pão de Açúcar - AL,Alagoas,32877,Tilápia,92.0
2024,2706422,Pariconha - AL,Alagoas,32877,Tilápia,9.85
2024,2706448,Paripueira - AL,Alagoas,32877,Tilápia,17.0
2024,2706505,Passo de Camaragibe - AL,Alagoas,32877,Tilápia,8.0
2024,2706505,Passo de Camaragibe - AL,Alagoas,32889,"Ostras, vieiras e mexilhões",0.23
2024,2706604,Paulo Jacinto - AL,Alagoas,32877,Tilápia,25.6
2024,2706703,Penedo - AL,Alagoas,32865,"Curimatã, curimbatá",9.6
2024,2706703,Penedo - AL,Alagoas,32876,Tambaqui,50.0
2024,2706703,Penedo - AL,Alagoas,32877,Tilápia,10.0
2024,2706703,Penedo - AL,Alagoas,32881,Outros peixes,5.0
2024,2706703,Penedo - AL,Alagoas,32887,Camarão,22.5
2024,2706802,Piaçabuçu - AL,Alagoas,32876,Tambaqui,25.0
2024,2706802,Piaçabuçu - AL,Alagoas,32877,Tilápia,7.0
2024,2706802,Piaçabuçu - AL,Alagoas,32887,Camarão,43.0
2024,2706901,Pilar - AL,Alagoas,32876,Tambaqui,10.0
2024,2706901,Pilar - AL,Alagoas,32877,Tilápia,10.0
2024,2707008,Pindoba - AL,Alagoas,32876,Tambaqui,2.0
2024,2707107,Piranhas - AL,Alagoas,32877,Tilápia,3064.086
2024,2707206,Poço das Trincheiras - AL,Alagoas,32876,Tambaqui,0.5
2024,2707206,Poço das Trincheiras - AL,Alagoas,32877,Tilápia,13.0
2024,2707305,Porto Calvo - AL,Alagoas,32868,Lambari,1.0
2024,2707305,Porto Calvo - AL,Alagoas,32876,Tambaqui,1.5
2024,2707305,Porto Calvo - AL,Alagoas,32877,Tilápia,14.0
2024,2707404,Porto de Pedras - AL,Alagoas,32877,Tilápia,8.0
2024,2707503,Porto Real do Colégio - AL,Alagoas,32865,"Curimatã, curimbatá",1.5
2024,2707503,Porto Real do Colégio - AL,Alagoas,32870,Pacu e patinga,0.5
2024,2707503,Porto Real do Colégio - AL,Alagoas,32876,Tambaqui,15.0
2024,2707503,Porto Real do Colégio - AL,Alagoas,32877,Tilápia,6.8
2024,2707503,Porto Real do Colégio - AL,Alagoas,32887,Camarão,19.2
2024,2707602,Quebrangulo - AL,Alagoas,32876,Tambaqui,1.3
2024,2707602,Quebrangulo - AL,Alagoas,32877,Tilápia,70.0
2024,2707909,Santa Luzia do Norte - AL,Alagoas,32877,Tilápia,4.5
2024,2708006,Santana do Ipanema - AL,Alagoas,32877,Tilápia,15.0
2024,2708105,Santana do Mundaú - AL,Alagoas,32876,Tambaqui,150.0
2024,2708105,Santana do Mundaú - AL,Alagoas,32877,Tilápia,80.0
2024,2708204,São Brás - AL,Alagoas,32865,"Curimatã, curimbatá",5.0
2024,2708204,São Brás - AL,Alagoas,32876,Tambaqui,33.0
2024,2708204,São Brás - AL,Alagoas,32877,Tilápia,32.0
2024,2708303,São José da Laje - AL,Alagoas,32876,Tambaqui,10.0
2024,2708303,São José da Laje - AL,Alagoas,32877,Tilápia,10.0
2024,2708303,São José da Laje - AL,Alagoas,32878,Traíra e trairão,2.9
2024,2708402,São José da Tapera - AL,Alagoas,32877,Tilápia,140.0
2024,2708501,São Luís do Quitunde - AL,Alagoas,32876,Tambaqui,5.5
2024,2708501,São Luís do Quitunde - AL,Alagoas,32877,Tilápia,55.0
2024,2708600,São Miguel dos Campos - AL,Alagoas,32876,Tambaqui,3.0
2024,2708600,São Miguel dos Campos - AL,Alagoas,32877,Tilápia,20.0
2024,2708600,São Miguel dos Campos - AL,Alagoas,32887,Camarão,6.0
2024,2708709,São Miguel dos Milagres - AL,Alagoas,32877,Tilápia,5.0
2024,2708808,São Sebastião - AL,Alagoas,32876,Tambaqui,30.0
2024,2708808,São Sebastião - AL,Alagoas,32877,Tilápia,40.0
2024,2708808,São Sebastião - AL,Alagoas,32881,Outros peixes,10.0
2024,2708956,Senador Rui Palmeira - AL,Alagoas,32876,Tambaqui,1.2
2024,2708956,Senador Rui Palmeira - AL,Alagoas,32877,Tilápia,12.0
2024,2709004,Tanque d'Arca - AL,Alagoas,32876,Tambaqui,0.02
2024,2709004,Tanque d'Arca - AL,Alagoas,32877,Tilápia,1.0
2024,2709103,Taquarana - AL,Alagoas,32876,Tambaqui,26.5
2024,2709103,Taquarana - AL,Alagoas,32877,Tilápia,95.0
2024,2709103,Taquarana - AL,Alagoas,32878,Traíra e trairão,5.5
2024,2709103,Taquarana - AL,Alagoas,32887,Camarão,11.0
2024,2709152,Teotônio Vilela - AL,Alagoas,32876,Tambaqui,405.0
2024,2709152,Teotônio Vilela - AL,Alagoas,32877,Tilápia,29.0
2024,2709202,Traipu - AL,Alagoas,32865,"Curimatã, curimbatá",0.5
2024,2709202,Traipu - AL,Alagoas,32871,"Piau, piapara, piauçu, piava",1.5
2024,2709202,Traipu - AL,Alagoas,32876,Tambaqui,30.0
2024,2709202,Traipu - AL,Alagoas,32877,Tilápia,200.0
2024,2709202,Traipu - AL,Alagoas,32880,Tucunaré,1.5
2024,2709301,União dos Palmares - AL,Alagoas,32861,Carpa,50.0
2024,2709301,União dos Palmares - AL,Alagoas,32876,Tambaqui,700.0
2024,2709301,União dos Palmares - AL,Alagoas,32877,Tilápia,900.0
2024,2709400,Viçosa - AL,Alagoas,32876,Tambaqui,15.0
2024,2709400,Viçosa - AL,Alagoas,32877,Tilápia,200.0
2024,2800209,Aquidabã - SE,Sergipe,32876,Tambaqui,0.5
2024,2800209,Aquidabã - SE,Sergipe,32877,Tilápia,0.3
2024,2800308,Aracaju - SE,Sergipe,32881,Outros peixes,0.62
2024,2800308,Aracaju - SE,Sergipe,32887,Camarão,72.0
2024,2800407,Arauá - SE,Sergipe,32874,Pirarucu,0.3
2024,2800407,Arauá - SE,Sergipe,32876,Tambaqui,2.8
2024,2800407,Arauá - SE,Sergipe,32877,Tilápia,6.0
2024,2800506,Areia Branca - SE,Sergipe,32877,Tilápia,50.0
2024,2800605,Barra dos Coqueiros - SE,Sergipe,32887,Camarão,60.0
2024,2800704,Brejo Grande - SE,Sergipe,32876,Tambaqui,7.01
2024,2800704,Brejo Grande - SE,Sergipe,32877,Tilápia,8.946
2024,2800704,Brejo Grande - SE,Sergipe,32887,Camarão,536.4
2024,2800704,Brejo Grande - SE,Sergipe,32889,"Ostras, vieiras e mexilhões",2.296
2024,2801108,Canhoba - SE,Sergipe,32876,Tambaqui,16.35
2024,2801108,Canhoba - SE,Sergipe,32877,Tilápia,15.2
2024,2801108,Canhoba - SE,Sergipe,32887,Camarão,3.61
2024,2801306,Capela - SE,Sergipe,32876,Tambaqui,4.8
2024,2801306,Capela - SE,Sergipe,32877,Tilápia,5.7
2024,2801603,Cedro de São João - SE,Sergipe,32876,Tambaqui,27.315
2024,2801603,Cedro de São João - SE,Sergipe,32877,Tilápia,3.035
2024,2801702,Cristinápolis - SE,Sergipe,32876,Tambaqui,5.0
2024,2801702,Cristinápolis - SE,Sergipe,32877,Tilápia,9.5
2024,2801900,Cumbe - SE,Sergipe,32877,Tilápia,5.1
2024,2802106,Estância - SE,Sergipe,32876,Tambaqui,1.0
2024,2802106,Estância - SE,Sergipe,32877,Tilápia,9.0
2024,2802106,Estância - SE,Sergipe,32887,Camarão,500.0
2024,2802403,Gararu - SE,Sergipe,32876,Tambaqui,9.5
2024,2802403,Gararu - SE,Sergipe,32877,Tilápia,12.5
2024,2802601,Graccho Cardoso - SE,Sergipe,32877,Tilápia,13.5
2024,2802700,Ilha das Flores - SE,Sergipe,32877,Tilápia,9.04
2024,2802700,Ilha das Flores - SE,Sergipe,32887,Camarão,2.9
2024,2802809,Indiaroba - SE,Sergipe,32877,Tilápia,3.0
2024,2802809,Indiaroba - SE,Sergipe,32887,Camarão,650.0
2024,2803005,Itabaianinha - SE,Sergipe,32876,Tambaqui,1.2
2024,2803005,Itabaianinha - SE,Sergipe,32877,Tilápia,1.5
2024,2803203,Itaporanga d'Ajuda - SE,Sergipe,32876,Tambaqui,3.0
2024,2803203,Itaporanga d'Ajuda - SE,Sergipe,32877,Tilápia,10.0
2024,2803203,Itaporanga d'Ajuda - SE,Sergipe,32887,Camarão,216.65
2024,2803302,Japaratuba - SE,Sergipe,32876,Tambaqui,0.706
2024,2803302,Japaratuba - SE,Sergipe,32877,Tilápia,0.766
2024,2803401,Japoatã - SE,Sergipe,32876,Tambaqui,28.95
2024,2803401,Japoatã - SE,Sergipe,32877,Tilápia,16.74
2024,2803609,Laranjeiras - SE,Sergipe,32877,Tilápia,0.5
2024,2803609,Laranjeiras - SE,Sergipe,32887,Camarão,11.0
2024,2804003,Maruim - SE,Sergipe,32887,Camarão,4.0
2024,2804409,Neópolis - SE,Sergipe,32876,Tambaqui,31.318
2024,2804409,Neópolis - SE,Sergipe,32877,Tilápia,7.91
2024,2804607,Nossa Senhora das Dores - SE,Sergipe,32876,Tambaqui,0.75
2024,2804607,Nossa Senhora das Dores - SE,Sergipe,32877,Tilápia,5.6
2024,2804706,Nossa Senhora de Lourdes - SE,Sergipe,32877,Tilápia,15.0
2024,2804805,Nossa Senhora do Socorro - SE,Sergipe,32876,Tambaqui,0.35
2024,2804805,Nossa Senhora do Socorro - SE,Sergipe,32877,Tilápia,0.9
2024,2804805,Nossa Senhora do Socorro - SE,Sergipe,32887,Camarão,950.45
2024,2804904,Pacatuba - SE,Sergipe,32876,Tambaqui,1.32
2024,2804904,Pacatuba - SE,Sergipe,32877,Tilápia,1.01
2024,2804904,Pacatuba - SE,Sergipe,32887,Camarão,512.14
2024,2804904,Pacatuba - SE,Sergipe,32889,"Ostras, vieiras e mexilhões",2.68
2024,2805307,Pirambu - SE,Sergipe,32876,Tambaqui,0.986
2024,2805307,Pirambu - SE,Sergipe,32877,Tilápia,10.73
2024,2805703,Propriá - SE,Sergipe,32876,Tambaqui,429.56
2024,2805703,Propriá - SE,Sergipe,32877,Tilápia,38.848
2024,2805703,Propriá - SE,Sergipe,32881,Outros peixes,19.568
2024,2805703,Propriá - SE,Sergipe,32887,Camarão,3.5
2024,2805802,Riachão do Dantas - SE,Sergipe,32877,Tilápia,2.5
2024,2806206,Salgado - SE,Sergipe,32872,"Pintado, cachara, cachapira e pintachara, surubim",2.8
2024,2806206,Salgado - SE,Sergipe,32876,Tambaqui,18.0
2024,2806206,Salgado - SE,Sergipe,32877,Tilápia,10.2
2024,2806305,Santa Luzia do Itanhy - SE,Sergipe,32876,Tambaqui,9.0
2024,2806305,Santa Luzia do Itanhy - SE,Sergipe,32877,Tilápia,17.0
2024,2806305,Santa Luzia do Itanhy - SE,Sergipe,32887,Camarão,95.0
2024,2806404,Santana do São Francisco - SE,Sergipe,32876,Tambaqui,0.62
2024,2806602,Santo Amaro das Brotas - SE,Sergipe,32877,Tilápia,1.0
2024,2806602,Santo Amaro das Brotas - SE,Sergipe,32887,Camarão,250.2
2024,2806701,São Cristóvão - SE,Sergipe,32876,Tambaqui,4.0
2024,2806701,São Cristóvão - SE,Sergipe,32877,Tilápia,5.0
2024,2806701,São Cristóvão - SE,Sergipe,32887,Camarão,320.8
2024,2806909,São Francisco - SE,Sergipe,32875,"Tambacu, tambatinga",2.028
2024,2806909,São Francisco - SE,Sergipe,32876,Tambaqui,7.636
2024,2806909,São Francisco - SE,Sergipe,32877,Tilápia,2.815
2024,2807204,Siriri - SE,Sergipe,32876,Tambaqui,8.5
2024,2807303,Telha - SE,Sergipe,32865,"Curimatã, curimbatá",3.642
2024,2807303,Telha - SE,Sergipe,32876,Tambaqui,78.303
2024,2807303,Telha - SE,Sergipe,32877,Tilápia,7.284
2024,2807501,Tomar do Geru - SE,Sergipe,32876,Tambaqui,1.5
2024,2807501,Tomar do Geru - SE,Sergipe,32877,Tilápia,4.3
2024,2900355,Adustina - BA,Bahia,32861,Carpa,42.0
2024,2900355,Adustina - BA,Bahia,32865,"Curimatã, curimbatá",42.0
2024,2900355,Adustina - BA,Bahia,32876,Tambaqui,27.5
2024,2900355,Adustina - BA,Bahia,32877,Tilápia,190.0
2024,2900355,Adustina - BA,Bahia,32878,Traíra e trairão,15.0
2024,2900900,Almadina - BA,Bahia,32877,Tilápia,132.485
2024,2901205,Anagé - BA,Bahia,32872,"Pintado, cachara, cachapira e pintachara, surubim",35.442
2024,2901205,Anagé - BA,Bahia,32876,Tambaqui,25.65
2024,2901205,Anagé - BA,Bahia,32877,Tilápia,22.295
2024,2901304,Andaraí - BA,Bahia,32865,"Curimatã, curimbatá",0.505
2024,2901304,Andaraí - BA,Bahia,32877,Tilápia,4.05
2024,2901304,Andaraí - BA,Bahia,32878,Traíra e trairão,1.995
2024,2901304,Andaraí - BA,Bahia,32880,Tucunaré,1.15
2024,2901304,Andaraí - BA,Bahia,32881,Outros peixes,1.1
2024,2901908,Aporá - BA,Bahia,32876,Tambaqui,0.14
2024,2901908,Aporá - BA,Bahia,32877,Tilápia,0.14
2024,2902104,Araci - BA,Bahia,32861,Carpa,0.205
2024,2902104,Araci - BA,Bahia,32876,Tambaqui,3.165
2024,2902104,Araci - BA,Bahia,32877,Tilápia,198.425
2024,2902104,Araci - BA,Bahia,32880,Tucunaré,1.12
2024,2902302,Aratuípe - BA,Bahia,32887,Camarão,89.25
2024,2902708,Barra - BA,Bahia,32876,Tambaqui,8.46
2024,2902708,Barra - BA,Bahia,32877,Tilápia,12.365
2024,2903201,Barreiras - BA,Bahia,32872,"Pintado, cachara, cachapira e pintachara, surubim",39.95
2024,2903201,Barreiras - BA,Bahia,32874,Pirarucu,43.35
2024,2903201,Barreiras - BA,Bahia,32875,"Tambacu, tambatinga",843.43
2024,2903201,Barreiras - BA,Bahia,32876,Tambaqui,285.64
2024,2903201,Barreiras - BA,Bahia,32887,Camarão,12.15
2024,2903300,Barro Preto - BA,Bahia,32877,Tilápia,15.395
2024,2903607,Biritinga - BA,Bahia,32876,Tambaqui,0.505
2024,2903607,Biritinga - BA,Bahia,32877,Tilápia,6.025
2024,2903706,Boa Nova - BA,Bahia,32876,Tambaqui,3.505
2024,2903706,Boa Nova - BA,Bahia,32877,Tilápia,10.9
2024,2903706,Boa Nova - BA,Bahia,32878,Traíra e trairão,1.3
2024,2903904,Bom Jesus da Lapa - BA,Bahia,32872,"Pintado, cachara, cachapira e pintachara, surubim",17.35
2024,2903904,Bom Jesus da Lapa - BA,Bahia,32876,Tambaqui,19.65
2024,2903904,Bom Jesus da Lapa - BA,Bahia,32877,Tilápia,6.175
2024,2904001,Boninal - BA,Bahia,32876,Tambaqui,0.21
2024,2904001,Boninal - BA,Bahia,32877,Tilápia,1.05
2024,2904001,Boninal - BA,Bahia,32881,Outros peixes,0.21
2024,2904852,Cabaceiras do Paraguaçu - BA,Bahia,32872,"Pintado, cachara, cachapira e pintachara, surubim",0.25
2024,2904852,Cabaceiras do Paraguaçu - BA,Bahia,32876,Tambaqui,110.121
2024,2904852,Cabaceiras do Paraguaçu - BA,Bahia,32877,Tilápia,312.513
2024,2904852,Cabaceiras do Paraguaçu - BA,Bahia,32880,Tucunaré,100.0
2024,2904902,Cachoeira - BA,Bahia,32877,Tilápia,5.0
2024,2904902,Cachoeira - BA,Bahia,32889,"Ostras, vieiras e mexilhões",3.9
2024,2905404,Cairu - BA,Bahia,32889,"Ostras, vieiras e mexilhões",11.765
2024,2905701,Camaçari - BA,Bahia,32877,Tilápia,31.25
2024,2906303,Canavieiras - BA,Bahia,32874,Pirarucu,8.181
2024,2906303,Canavieiras - BA,Bahia,32876,Tambaqui,5.155
2024,2906303,Canavieiras - BA,Bahia,32877,Tilápia,11.75
2024,2906303,Canavieiras - BA,Bahia,32887,Camarão,1070.25
2024,2906303,Canavieiras - BA,Bahia,32889,"Ostras, vieiras e mexilhões",6.961
2024,2906808,Cansanção - BA,Bahia,32865,"Curimatã, curimbatá",0.99
2024,2906808,Cansanção - BA,Bahia,32871,"Piau, piapara, piauçu, piava",1.025
2024,2906808,Cansanção - BA,Bahia,32877,Tilápia,95.05
2024,2906808,Cansanção - BA,Bahia,32881,Outros peixes,0.995
2024,2906808,Cansanção - BA,Bahia,32887,Camarão,3.765
2024,2906824,Canudos - BA,Bahia,32861,Carpa,47.365
2024,2906824,Canudos - BA,Bahia,32865,"Curimatã, curimbatá",31.15
2024,2906824,Canudos - BA,Bahia,32872,"Pintado, cachara, cachapira e pintachara, surubim",1.01
2024,2906824,Canudos - BA,Bahia,32874,Pirarucu,0.51
2024,2906824,Canudos - BA,Bahia,32876,Tambaqui,0.995
2024,2906824,Canudos - BA,Bahia,32877,Tilápia,161.25
2024,2906824,Canudos - BA,Bahia,32878,Traíra e trairão,21.075
2024,2906824,Canudos - BA,Bahia,32880,Tucunaré,21.595
2024,2906824,Canudos - BA,Bahia,32887,Camarão,22.075
2024,2906899,Caraíbas - BA,Bahia,32877,Tilápia,42.685
2024,2907103,Carinhanha - BA,Bahia,32876,Tambaqui,118.665
2024,2907103,Carinhanha - BA,Bahia,32877,Tilápia,33.975
2024,2907202,Casa Nova - BA,Bahia,32877,Tilápia,879.9
2024,2907905,Cipó - BA,Bahia,32877,Tilápia,22.675
2024,2908101,Cocos - BA,Bahia,32875,"Tambacu, tambatinga",5.045
2024,2908101,Cocos - BA,Bahia,32876,Tambaqui,22.16
2024,2908101,Cocos - BA,Bahia,32877,Tilápia,5.065
2024,2908408,Conceição do Coité - BA,Bahia,32877,Tilápia,0.675
2024,2908606,Conde - BA,Bahia,32876,Tambaqui,0.22
2024,2908804,Contendas do Sincorá - BA,Bahia,32877,Tilápia,40.0
2024,2909109,Coribe - BA,Bahia,32876,Tambaqui,2.65
2024,2909208,Coronel João Sá - BA,Bahia,32861,Carpa,2.17
2024,2909208,Coronel João Sá - BA,Bahia,32877,Tilápia,35.025
2024,2909208,Coronel João Sá - BA,Bahia,32881,Outros peixes,0.255
2024,2909307,Correntina - BA,Bahia,32872,"Pintado, cachara, cachapira e pintachara, surubim",55.5
2024,2909307,Correntina - BA,Bahia,32873,Pirapitinga,5.065
2024,2909307,Correntina - BA,Bahia,32875,"Tambacu, tambatinga",102.5
2024,2909307,Correntina - BA,Bahia,32876,Tambaqui,241.0
2024,2909307,Correntina - BA,Bahia,32877,Tilápia,8.25
2024,2909505,Cravolândia - BA,Bahia,32861,Carpa,0.012
2024,2909505,Cravolândia - BA,Bahia,32872,"Pintado, cachara, cachapira e pintachara, surubim",0.013
2024,2909901,Curaçá - BA,Bahia,32877,Tilápia,8.97
2024,2910602,Esplanada - BA,Bahia,32876,Tambaqui,3.715
2024,2910602,Esplanada - BA,Bahia,32877,Tilápia,3.795
2024,2910701,Euclides da Cunha - BA,Bahia,32861,Carpa,0.105
2024,2910701,Euclides da Cunha - BA,Bahia,32876,Tambaqui,0.095
2024,2910701,Euclides da Cunha - BA,Bahia,32877,Tilápia,0.595
2024,2910701,Euclides da Cunha - BA,Bahia,32881,Outros peixes,0.095
2024,2911105,Formosa do Rio Preto - BA,Bahia,32876,Tambaqui,3.565
2024,2911402,Glória - BA,Bahia,32877,Tilápia,8525.3
2024,2911709,Guanambi - BA,Bahia,32876,Tambaqui,11.065
2024,2912202,Ibicoara - BA,Bahia,32877,Tilápia,16.545
2024,2912301,Ibicuí - BA,Bahia,32861,Carpa,0.305
2024,2912301,Ibicuí - BA,Bahia,32866,Dourado,0.128
2024,2912301,Ibicuí - BA,Bahia,32874,Pirarucu,0.47
2024,2912301,Ibicuí - BA,Bahia,32876,Tambaqui,0.45
2024,2912301,Ibicuí - BA,Bahia,32877,Tilápia,7.0
2024,2912301,Ibicuí - BA,Bahia,32878,Traíra e trairão,0.59
2024,2912509,Ibipitanga - BA,Bahia,32876,Tambaqui,1.543
2024,2912509,Ibipitanga - BA,Bahia,32877,Tilápia,0.15
2024,2912509,Ibipitanga - BA,Bahia,32878,Traíra e trairão,1.43
2024,2912707,Ibirapitanga - BA,Bahia,32877,Tilápia,126.05
2024,2912905,Ibirataia - BA,Bahia,32876,Tambaqui,51.75
2024,2912905,Ibirataia - BA,Bahia,32877,Tilápia,57.85
2024,2913002,Ibitiara - BA,Bahia,32876,Tambaqui,12.525
2024,2913200,Ibotirama - BA,Bahia,32861,Carpa,0.3
2024,2913200,Ibotirama - BA,Bahia,32865,"Curimatã, curimbatá",4.8
2024,2913200,Ibotirama - BA,Bahia,32866,Dourado,1.2
2024,2913200,Ibotirama - BA,Bahia,32869,Matrinxã,0.2
2024,2913200,Ibotirama - BA,Bahia,32871,"Piau, piapara, piauçu, piava",1.0
2024,2913200,Ibotirama - BA,Bahia,32872,"Pintado, cachara, cachapira e pintachara, surubim",1.2
2024,2913200,Ibotirama - BA,Bahia,32876,Tambaqui,4.8
2024,2913200,Ibotirama - BA,Bahia,32877,Tilápia,0.55
2024,2913200,Ibotirama - BA,Bahia,32878,Traíra e trairão,0.3
2024,2913200,Ibotirama - BA,Bahia,32880,Tucunaré,0.2
2024,2913457,Igrapiúna - BA,Bahia,32877,Tilápia,1.775
2024,2913507,Iguaí - BA,Bahia,32876,Tambaqui,0.918
2024,2913507,Iguaí - BA,Bahia,32877,Tilápia,2.425
2024,2914307,Iramaia - BA,Bahia,32876,Tambaqui,1.625
2024,2914307,Iramaia - BA,Bahia,32877,Tilápia,3.895
2024,2914406,Iraquara - BA,Bahia,32861,Carpa,2.105
2024,2914406,Iraquara - BA,Bahia,32876,Tambaqui,3.01
2024,2914406,Iraquara - BA,Bahia,32877,Tilápia,4.15
2024,2915106,Itagi - BA,Bahia,32874,Pirarucu,2.815
2024,2915106,Itagi - BA,Bahia,32877,Tilápia,3.215
2024,2916302,Itapebi - BA,Bahia,32877,Tilápia,74.25
2024,2916401,Itapetinga - BA,Bahia,32876,Tambaqui,6.41
2024,2916500,Itapicuru - BA,Bahia,32877,Tilápia,5.625
2024,2916906,Itiruçu - BA,Bahia,32861,Carpa,0.09
2024,2916906,Itiruçu - BA,Bahia,32876,Tambaqui,0.115
2024,2916906,Itiruçu - BA,Bahia,32877,Tilápia,0.16
2024,2917201,Ituaçu - BA,Bahia,32877,Tilápia,2.97
2024,2917359,Jaborandi - BA,Bahia,32872,"Pintado, cachara, cachapira e pintachara, surubim",2.35
2024,2917359,Jaborandi - BA,Bahia,32876,Tambaqui,36.1
2024,2917607,Jaguaquara - BA,Bahia,32877,Tilápia,1.795
2024,2917805,Jaguaripe - BA,Bahia,32887,Camarão,177.25
2024,2917805,Jaguaripe - BA,Bahia,32889,"Ostras, vieiras e mexilhões",0.045
2024,2918001,Jequié - BA,Bahia,32872,"Pintado, cachara, cachapira e pintachara, surubim",1.85
2024,2918001,Jequié - BA,Bahia,32876,Tambaqui,13.85
2024,2918001,Jequié - BA,Bahia,32877,Tilápia,43.5
2024,2918100,Jeremoabo - BA,Bahia,32876,Tambaqui,1.005
2024,2918100,Jeremoabo - BA,Bahia,32877,Tilápia,2.505
2024,2918100,Jeremoabo - BA,Bahia,32881,Outros peixes,1.005
2024,2918407,Juazeiro - BA,Bahia,32877,Tilápia,19.678
2024,2918704,Lafaiete Coutinho - BA,Bahia,32877,Tilápia,12.2
2024,2918704,Lafaiete Coutinho - BA,Bahia,32878,Traíra e trairão,5.525
2024,2919108,Lamarão - BA,Bahia,32876,Tambaqui,2.165
2024,2919108,Lamarão - BA,Bahia,32877,Tilápia,7.445
2024,2919108,Lamarão - BA,Bahia,32878,Traíra e trairão,2.165
2024,2919306,Lençóis - BA,Bahia,32877,Tilápia,2.935
2024,2919553,Luís Eduardo Magalhães - BA,Bahia,32875,"Tambacu, tambatinga",31.45
2024,2919553,Luís Eduardo Magalhães - BA,Bahia,32877,Tilápia,98.795
2024,2920205,Malhada - BA,Bahia,32876,Tambaqui,11.19
2024,2920205,Malhada - BA,Bahia,32877,Tilápia,5.35
2024,2920502,Maracás - BA,Bahia,32875,"Tambacu, tambatinga",8.25
2024,2920502,Maracás - BA,Bahia,32876,Tambaqui,9.46
2024,2920502,Maracás - BA,Bahia,32877,Tilápia,24.395
2024,2920700,Maraú - BA,Bahia,32861,Carpa,6.85
2024,2920700,Maraú - BA,Bahia,32875,"Tambacu, tambatinga",5.39
2024,2920700,Maraú - BA,Bahia,32877,Tilápia,7.225
2024,2920700,Maraú - BA,Bahia,32887,Camarão,0.19
2024,2921450,Mirante - BA,Bahia,32877,Tilápia,10.545
2024,2921500,Monte Santo - BA,Bahia,32861,Carpa,0.31
2024,2921500,Monte Santo - BA,Bahia,32870,Pacu e patinga,0.105
2024,2921500,Monte Santo - BA,Bahia,32872,"Pintado, cachara, cachapira e pintachara, surubim",0.105
2024,2921500,Monte Santo - BA,Bahia,32875,"Tambacu, tambatinga",0.095
2024,2921500,Monte Santo - BA,Bahia,32876,Tambaqui,0.105
2024,2921500,Monte Santo - BA,Bahia,32877,Tilápia,5.525
2024,2921500,Monte Santo - BA,Bahia,32881,Outros peixes,0.095
2024,2921609,Morpará - BA,Bahia,32877,Tilápia,4.0
2024,2921906,Mucugê - BA,Bahia,32877,Tilápia,0.325
2024,2922250,Muquém do São Francisco - BA,Bahia,32876,Tambaqui,4.81
2024,2922250,Muquém do São Francisco - BA,Bahia,32877,Tilápia,100.0
2024,2922250,Muquém do São Francisco - BA,Bahia,32881,Outros peixes,2.2
2024,2922607,Nilo Peçanha - BA,Bahia,32877,Tilápia,6.45
2024,2922607,Nilo Peçanha - BA,Bahia,32887,Camarão,89.5
2024,2922656,Nordestina - BA,Bahia,32876,Tambaqui,0.087
2024,2922706,Nova Canaã - BA,Bahia,32861,Carpa,0.852
2024,2922706,Nova Canaã - BA,Bahia,32865,"Curimatã, curimbatá",1.118
2024,2922706,Nova Canaã - BA,Bahia,32874,Pirarucu,0.256
2024,2922706,Nova Canaã - BA,Bahia,32875,"Tambacu, tambatinga",0.915
2024,2922706,Nova Canaã - BA,Bahia,32876,Tambaqui,0.835
2024,2922706,Nova Canaã - BA,Bahia,32877,Tilápia,9.836
2024,2922854,Nova Redenção - BA,Bahia,32876,Tambaqui,3.995
2024,2922854,Nova Redenção - BA,Bahia,32877,Tilápia,15.01
2024,2923035,Novo Horizonte - BA,Bahia,32872,"Pintado, cachara, cachapira e pintachara, surubim",1.15
2024,2923035,Novo Horizonte - BA,Bahia,32875,"Tambacu, tambatinga",2.14
2024,2923035,Novo Horizonte - BA,Bahia,32876,Tambaqui,20.105
2024,2923035,Novo Horizonte - BA,Bahia,32877,Tilápia,25.21
2024,2923035,Novo Horizonte - BA,Bahia,32878,Traíra e trairão,7.52
2024,2923209,Oliveira dos Brejinhos - BA,Bahia,32876,Tambaqui,5.15
2024,2923209,Oliveira dos Brejinhos - BA,Bahia,32877,Tilápia,1.85
2024,2923506,Palmeiras - BA,Bahia,32877,Tilápia,0.365
2024,2924207,Pedro Alexandre - BA,Bahia,32877,Tilápia,2.015
2024,2925006,Planalto - BA,Bahia,32876,Tambaqui,1.082
2024,2925006,Planalto - BA,Bahia,32877,Tilápia,3.875
2024,2925105,Poções - BA,Bahia,32876,Tambaqui,0.512
2024,2925105,Poções - BA,Bahia,32877,Tilápia,1.497
2024,2925303,Porto Seguro - BA,Bahia,32876,Tambaqui,10.97
2024,2925907,Quijingue - BA,Bahia,32876,Tambaqui,1.015
2024,2925907,Quijingue - BA,Bahia,32877,Tilápia,0.505
2024,2925907,Quijingue - BA,Bahia,32881,Outros peixes,0.51
2024,2926202,Riachão das Neves - BA,Bahia,32875,"Tambacu, tambatinga",20.349
2024,2926202,Riachão das Neves - BA,Bahia,32876,Tambaqui,4.175
2024,2926400,Riacho de Santana - BA,Bahia,32865,"Curimatã, curimbatá",0.155
2024,2926400,Riacho de Santana - BA,Bahia,32872,"Pintado, cachara, cachapira e pintachara, surubim",0.195
2024,2926400,Riacho de Santana - BA,Bahia,32876,Tambaqui,1.085
2024,2926400,Riacho de Santana - BA,Bahia,32877,Tilápia,1.05
2024,2927002,Rio Real - BA,Bahia,32876,Tambaqui,18.36
2024,2927002,Rio Real - BA,Bahia,32877,Tilápia,21.74
2024,2927309,Salinas da Margarida - BA,Bahia,32887,Camarão,625.39
2024,2927606,Santa Brígida - BA,Bahia,32877,Tilápia,0.365
2024,2927705,Santa Cruz Cabrália - BA,Bahia,32877,Tilápia,44.985
2024,2927903,Santa Inês - BA,Bahia,32877,Tilápia,0.1
2024,2928109,Santa Maria da Vitória - BA,Bahia,32876,Tambaqui,73.0
2024,2928208,Santana - BA,Bahia,32875,"Tambacu, tambatinga",59.0
2024,2928208,Santana - BA,Bahia,32876,Tambaqui,141.0
2024,2928406,Santa Rita de Cássia - BA,Bahia,32876,Tambaqui,4.62
2024,2928604,Santo Amaro - BA,Bahia,32887,Camarão,60.965
2024,2928901,São Desidério - BA,Bahia,32872,"Pintado, cachara, cachapira e pintachara, surubim",3.625
2024,2928901,São Desidério - BA,Bahia,32874,Pirarucu,3.035
2024,2928901,São Desidério - BA,Bahia,32875,"Tambacu, tambatinga",34.975
2024,2928901,São Desidério - BA,Bahia,32876,Tambaqui,13.26
2024,2929057,São Félix do Coribe - BA,Bahia,32876,Tambaqui,97.5
2024,2929909,Seabra - BA,Bahia,32875,"Tambacu, tambatinga",0.55
2024,2929909,Seabra - BA,Bahia,32876,Tambaqui,1.095
2024,2930154,Serra do Ramalho - BA,Bahia,32876,Tambaqui,25.96
2024,2930154,Serra do Ramalho - BA,Bahia,32877,Tilápia,5.165
2024,2930204,Sento Sé - BA,Bahia,32877,Tilápia,20.85
2024,2930501,Serrinha - BA,Bahia,32876,Tambaqui,0.91
2024,2930501,Serrinha - BA,Bahia,32877,Tilápia,2.765
2024,2930758,Sítio do Mato - BA,Bahia,32876,Tambaqui,1.865
2024,2930766,Sítio do Quinto - BA,Bahia,32877,Tilápia,3.05
2024,2930774,Sobradinho - BA,Bahia,32877,Tilápia,83.52
2024,2930808,Souto Soares - BA,Bahia,32876,Tambaqui,0.525
2024,2930808,Souto Soares - BA,Bahia,32877,Tilápia,2.53
2024,2931004,Tanhaçu - BA,Bahia,32872,"Pintado, cachara, cachapira e pintachara, surubim",5.65
2024,2931004,Tanhaçu - BA,Bahia,32877,Tilápia,30.235
2024,2931202,Taperoá - BA,Bahia,32877,Tilápia,4.575
2024,2931202,Taperoá - BA,Bahia,32889,"Ostras, vieiras e mexilhões",10.235
2024,2931509,Teofilândia - BA,Bahia,32861,Carpa,1.545
2024,2931509,Teofilândia - BA,Bahia,32866,Dourado,1.35
2024,2931509,Teofilândia - BA,Bahia,32871,"Piau, piapara, piauçu, piava",1.945
2024,2931509,Teofilândia - BA,Bahia,32877,Tilápia,11.045
2024,2931509,Teofilândia - BA,Bahia,32878,Traíra e trairão,0.775
2024,2931905,Tucano - BA,Bahia,32861,Carpa,0.715
2024,2931905,Tucano - BA,Bahia,32865,"Curimatã, curimbatá",0.105
2024,2931905,Tucano - BA,Bahia,32870,Pacu e patinga,0.095
2024,2931905,Tucano - BA,Bahia,32871,"Piau, piapara, piauçu, piava",0.215
2024,2931905,Tucano - BA,Bahia,32872,"Pintado, cachara, cachapira e pintachara, surubim",0.42
2024,2931905,Tucano - BA,Bahia,32874,Pirarucu,0.095
2024,2931905,Tucano - BA,Bahia,32876,Tambaqui,3.825
2024,2931905,Tucano - BA,Bahia,32877,Tilápia,11.85
2024,2931905,Tucano - BA,Bahia,32881,Outros peixes,1.105
2024,2932002,Uauá - BA,Bahia,32877,Tilápia,0.18
2024,2932101,Ubaíra - BA,Bahia,32877,Tilápia,0.79
2024,2932507,Una - BA,Bahia,32877,Tilápia,52.255
2024,2932903,Valença - BA,Bahia,32877,Tilápia,250.25
2024,2932903,Valença - BA,Bahia,32887,Camarão,2665.6
2024,2933208,Vera Cruz - BA,Bahia,32889,"Ostras, vieiras e mexilhões",0.07
2024,2933307,Vitória da Conquista - BA,Bahia,32872,"Pintado, cachara, cachapira e pintachara, surubim",1.349
2024,2933307,Vitória da Conquista - BA,Bahia,32877,Tilápia,2.875
2024,3100104,Abadia dos Dourados - MG,Minas Gerais,32877,Tilápia,3.54
2024,3100203,Abaeté - MG,Minas Gerais,32877,Tilápia,63.0
2024,3100302,Abre Campo - MG,Minas Gerais,32861,Carpa,0.555
2024,3100302,Abre Campo - MG,Minas Gerais,32868,Lambari,0.084
2024,3100302,Abre Campo - MG,Minas Gerais,32869,Matrinxã,0.162
2024,3100302,Abre Campo - MG,Minas Gerais,32870,Pacu e patinga,0.142
2024,3100302,Abre Campo - MG,Minas Gerais,32876,Tambaqui,0.134
2024,3100302,Abre Campo - MG,Minas Gerais,32877,Tilápia,1.9
2024,3100609,Água Boa - MG,Minas Gerais,32877,Tilápia,2.25
2024,3100708,Água Comprida - MG,Minas Gerais,32868,Lambari,0.9
2024,3100708,Água Comprida - MG,Minas Gerais,32877,Tilápia,2.3
2024,3100807,Aguanil - MG,Minas Gerais,32877,Tilápia,1.9
2024,3101102,Aimorés - MG,Minas Gerais,32877,Tilápia,0.74
2024,3101201,Aiuruoca - MG,Minas Gerais,32879,Truta,5.2
2024,3101300,Alagoa - MG,Minas Gerais,32879,Truta,1.49
2024,3101607,Alfenas - MG,Minas Gerais,32877,Tilápia,2240.0
2024,3101706,Almenara - MG,Minas Gerais,32872,"Pintado, cachara, cachapira e pintachara, surubim",2.49
2024,3101706,Almenara - MG,Minas Gerais,32877,Tilápia,0.69
2024,3101904,Alpinópolis - MG,Minas Gerais,32877,Tilápia,0.55
2024,3102001,Alterosa - MG,Minas Gerais,32877,Tilápia,136.0
2024,3102209,Alvarenga - MG,Minas Gerais,32877,Tilápia,0.625
2024,3102308,Alvinópolis - MG,Minas Gerais,32877,Tilápia,2.6
2024,3102852,Angelândia - MG,Minas Gerais,32875,"Tambacu, tambatinga",0.1
2024,3102852,Angelândia - MG,Minas Gerais,32877,Tilápia,1.3
2024,3103009,Antônio Dias - MG,Minas Gerais,32877,Tilápia,0.65
2024,3103306,Aracitaba - MG,Minas Gerais,32861,Carpa,0.36
2024,3103306,Aracitaba - MG,Minas Gerais,32870,Pacu e patinga,0.43
2024,3103306,Aracitaba - MG,Minas Gerais,32877,Tilápia,1.6
2024,3103405,Araçuaí - MG,Minas Gerais,32876,Tambaqui,0.48
2024,3103405,Araçuaí - MG,Minas Gerais,32877,Tilápia,13.0
2024,3103504,Araguari - MG,Minas Gerais,32868,Lambari,62.354
2024,3103504,Araguari - MG,Minas Gerais,32870,Pacu e patinga,42.867
2024,3103504,Araguari - MG,Minas Gerais,32871,"Piau, piapara, piauçu, piava",13.543
2024,3103504,Araguari - MG,Minas Gerais,32872,"Pintado, cachara, cachapira e pintachara, surubim",97.289
2024,3103504,Araguari - MG,Minas Gerais,32876,Tambaqui,4.359
2024,3103504,Araguari - MG,Minas Gerais,32877,Tilápia,493.5
2024,3104007,Araxá - MG,Minas Gerais,32877,Tilápia,14.0
2024,3104106,Arceburgo - MG,Minas Gerais,32877,Tilápia,15.25
2024,3104304,Areado - MG,Minas Gerais,32877,Tilápia,32.5
2024,3104502,Arinos - MG,Minas Gerais,32872,"Pintado, cachara, cachapira e pintachara, surubim",0.5
2024,3104502,Arinos - MG,Minas Gerais,32876,Tambaqui,1.3
2024,3104502,Arinos - MG,Minas Gerais,32877,Tilápia,66.8
2024,3104601,Astolfo Dutra - MG,Minas Gerais,32876,Tambaqui,220.0
2024,3104601,Astolfo Dutra - MG,Minas Gerais,32877,Tilápia,460.0
2024,3104700,Ataléia - MG,Minas Gerais,32861,Carpa,0.43
2024,3104700,Ataléia - MG,Minas Gerais,32871,"Piau, piapara, piauçu, piava",0.302
2024,3104700,Ataléia - MG,Minas Gerais,32876,Tambaqui,0.667
2024,3104700,Ataléia - MG,Minas Gerais,32877,Tilápia,1.8
2024,3104908,Baependi - MG,Minas Gerais,32879,Truta,65.0
2024,3105004,Baldim - MG,Minas Gerais,32877,Tilápia,70.0
2024,3105103,Bambuí - MG,Minas Gerais,32877,Tilápia,4.0
2024,3105400,Barão de Cocais - MG,Minas Gerais,32877,Tilápia,0.8
2024,3105509,Barão do Monte Alto - MG,Minas Gerais,32877,Tilápia,1.65
2024,3105608,Barbacena - MG,Minas Gerais,32877,Tilápia,19.0
2024,3106309,Belo Oriente - MG,Minas Gerais,32877,Tilápia,0.825
2024,3106408,Belo Vale - MG,Minas Gerais,32877,Tilápia,0.75
2024,3106606,Bertópolis - MG,Minas Gerais,32877,Tilápia,1.0
2024,3106705,Betim - MG,Minas Gerais,32877,Tilápia,0.5
2024,3106903,Bicas - MG,Minas Gerais,32877,Tilápia,15.0
2024,3107109,Boa Esperança - MG,Minas Gerais,32877,Tilápia,81.0
2024,3107208,Bocaina de Minas - MG,Minas Gerais,32877,Tilápia,23.0
2024,3107208,Bocaina de Minas - MG,Minas Gerais,32879,Truta,20.0
2024,3107307,Bocaiúva - MG,Minas Gerais,32865,"Curimatã, curimbatá",3.0
2024,3107307,Bocaiúva - MG,Minas Gerais,32866,Dourado,1.0
2024,3107307,Bocaiúva - MG,Minas Gerais,32869,Matrinxã,4.0
2024,3107307,Bocaiúva - MG,Minas Gerais,32872,"Pintado, cachara, cachapira e pintachara, surubim",8.0
2024,3107307,Bocaiúva - MG,Minas Gerais,32876,Tambaqui,8.0
2024,3107307,Bocaiúva - MG,Minas Gerais,32877,Tilápia,16.0
2024,3107307,Bocaiúva - MG,Minas Gerais,32878,Traíra e trairão,1.0
2024,3107703,Bom Jesus do Amparo - MG,Minas Gerais,32877,Tilápia,0.59
2024,3107802,Bom Jesus do Galho - MG,Minas Gerais,32861,Carpa,0.096
2024,3107802,Bom Jesus do Galho - MG,Minas Gerais,32875,"Tambacu, tambatinga",1.15
2024,3107802,Bom Jesus do Galho - MG,Minas Gerais,32876,Tambaqui,2.6
2024,3107802,Bom Jesus do Galho - MG,Minas Gerais,32877,Tilápia,2.6
2024,3108008,Bom Sucesso - MG,Minas Gerais,32877,Tilápia,0.5
2024,3108107,Bonfim - MG,Minas Gerais,32877,Tilápia,2.5
2024,3108255,Bonito de Minas - MG,Minas Gerais,32877,Tilápia,3.2
2024,3108305,Borda da Mata - MG,Minas Gerais,32877,Tilápia,2.6
2024,3108404,Botelhos - MG,Minas Gerais,32877,Tilápia,8.0
2024,3108503,Botumirim - MG,Minas Gerais,32865,"Curimatã, curimbatá",0.4
2024,3108503,Botumirim - MG,Minas Gerais,32868,Lambari,0.08
2024,3108503,Botumirim - MG,Minas Gerais,32871,"Piau, piapara, piauçu, piava",0.1
2024,3108503,Botumirim - MG,Minas Gerais,32872,"Pintado, cachara, cachapira e pintachara, surubim",0.3
2024,3108503,Botumirim - MG,Minas Gerais,32876,Tambaqui,0.1
2024,3108503,Botumirim - MG,Minas Gerais,32877,Tilápia,0.4
2024,3108503,Botumirim - MG,Minas Gerais,32878,Traíra e trairão,0.35
2024,3108552,Brasilândia de Minas - MG,Minas Gerais,32877,Tilápia,0.602
2024,3108909,Brazópolis - MG,Minas Gerais,32870,Pacu e patinga,0.58
2024,3108909,Brazópolis - MG,Minas Gerais,32877,Tilápia,12.0
2024,3108909,Brazópolis - MG,Minas Gerais,32881,Outros peixes,0.31
2024,3109006,Brumadinho - MG,Minas Gerais,32877,Tilápia,2.9
2024,3109105,Bueno Brandão - MG,Minas Gerais,32877,Tilápia,27.0
2024,3109402,Buritizeiro - MG,Minas Gerais,32865,"Curimatã, curimbatá",0.38
2024,3109402,Buritizeiro - MG,Minas Gerais,32872,"Pintado, cachara, cachapira e pintachara, surubim",0.65
2024,3109402,Buritizeiro - MG,Minas Gerais,32876,Tambaqui,0.63
2024,3109402,Buritizeiro - MG,Minas Gerais,32877,Tilápia,2.5
2024,3109501,Cabo Verde - MG,Minas Gerais,32877,Tilápia,290.0
2024,3109709,Cachoeira de Minas - MG,Minas Gerais,32870,Pacu e patinga,2.01
2024,3109709,Cachoeira de Minas - MG,Minas Gerais,32871,"Piau, piapara, piauçu, piava",2.3
2024,3109709,Cachoeira de Minas - MG,Minas Gerais,32877,Tilápia,18.0
2024,3109709,Cachoeira de Minas - MG,Minas Gerais,32881,Outros peixes,1.8
2024,3109808,Cachoeira Dourada - MG,Minas Gerais,32877,Tilápia,2100.0
2024,3110004,Caeté - MG,Minas Gerais,32861,Carpa,1.6
2024,3110004,Caeté - MG,Minas Gerais,32877,Tilápia,7.4
2024,3110509,Camanducaia - MG,Minas Gerais,32877,Tilápia,70.0
2024,3110509,Camanducaia - MG,Minas Gerais,32879,Truta,170.0
2024,3110608,Cambuí - MG,Minas Gerais,32877,Tilápia,4.2
2024,3110707,Cambuquira - MG,Minas Gerais,32877,Tilápia,45.0
2024,3110806,Campanário - MG,Minas Gerais,32861,Carpa,0.41
2024,3110806,Campanário - MG,Minas Gerais,32876,Tambaqui,0.789
2024,3110806,Campanário - MG,Minas Gerais,32877,Tilápia,1.0
2024,3110905,Campanha - MG,Minas Gerais,32877,Tilápia,4.6
2024,3111002,Campestre - MG,Minas Gerais,32877,Tilápia,0.59
2024,3111101,Campina Verde - MG,Minas Gerais,32877,Tilápia,2.7
2024,3111200,Campo Belo - MG,Minas Gerais,32877,Tilápia,2.2
2024,3111309,Campo do Meio - MG,Minas Gerais,32877,Tilápia,500.0
2024,3111408,Campo Florido - MG,Minas Gerais,32877,Tilápia,4.7
2024,3111606,Campos Gerais - MG,Minas Gerais,32877,Tilápia,555.0
2024,3111705,Canaã - MG,Minas Gerais,32877,Tilápia,9.5
2024,3111804,Canápolis - MG,Minas Gerais,32870,Pacu e patinga,3.0
2024,3111804,Canápolis - MG,Minas Gerais,32876,Tambaqui,1.65
2024,3111804,Canápolis - MG,Minas Gerais,32877,Tilápia,2.1
2024,3111903,Cana Verde - MG,Minas Gerais,32877,Tilápia,146.0
2024,3112000,Candeias - MG,Minas Gerais,32877,Tilápia,1.2
2024,3112109,Caparaó - MG,Minas Gerais,32877,Tilápia,8.0
2024,3112208,Capela Nova - MG,Minas Gerais,32877,Tilápia,1.4
2024,3112307,Capelinha - MG,Minas Gerais,32877,Tilápia,1.6
2024,3112307,Capelinha - MG,Minas Gerais,32878,Traíra e trairão,0.223
2024,3112406,Capetinga - MG,Minas Gerais,32877,Tilápia,60.0
2024,3112604,Capinópolis - MG,Minas Gerais,32875,"Tambacu, tambatinga",2.62
2024,3112604,Capinópolis - MG,Minas Gerais,32876,Tambaqui,2.42
2024,3112653,Capitão Andrade - MG,Minas Gerais,32877,Tilápia,7.0
2024,3112802,Capitólio - MG,Minas Gerais,32877,Tilápia,194.0
2024,3113008,Caraí - MG,Minas Gerais,32861,Carpa,0.27
2024,3113008,Caraí - MG,Minas Gerais,32876,Tambaqui,0.724
2024,3113008,Caraí - MG,Minas Gerais,32877,Tilápia,2.1
2024,3113206,Carandaí - MG,Minas Gerais,32877,Tilápia,4.5
2024,3113404,Caratinga - MG,Minas Gerais,32876,Tambaqui,0.5
2024,3113404,Caratinga - MG,Minas Gerais,32877,Tilápia,0.885
2024,3113602,Careaçu - MG,Minas Gerais,32877,Tilápia,2.0
2024,3113800,Carmésia - MG,Minas Gerais,32877,Tilápia,3.5
2024,3113909,Carmo da Cachoeira - MG,Minas Gerais,32877,Tilápia,1.0
2024,3114006,Carmo da Mata - MG,Minas Gerais,32877,Tilápia,1.2
2024,3114105,Carmo de Minas - MG,Minas Gerais,32877,Tilápia,5.0
2024,3114204,Carmo do Cajuru - MG,Minas Gerais,32877,Tilápia,22.0
2024,3114402,Carmo do Rio Claro - MG,Minas Gerais,32877,Tilápia,1500.0
2024,3114501,Carmópolis de Minas - MG,Minas Gerais,32877,Tilápia,0.5
2024,3114550,Carneirinho - MG,Minas Gerais,32877,Tilápia,25.6
2024,3114709,Carvalhópolis - MG,Minas Gerais,32877,Tilápia,29.0
2024,3114907,Casa Grande - MG,Minas Gerais,32877,Tilápia,6.0
2024,3115003,Cascalho Rico - MG,Minas Gerais,32877,Tilápia,214.0
2024,3115102,Cássia - MG,Minas Gerais,32872,"Pintado, cachara, cachapira e pintachara, surubim",62.0
2024,3115102,Cássia - MG,Minas Gerais,32877,Tilápia,157.0
2024,3115201,Conceição da Barra de Minas - MG,Minas Gerais,32877,Tilápia,7.5
2024,3115300,Cataguases - MG,Minas Gerais,32876,Tambaqui,1.19
2024,3115300,Cataguases - MG,Minas Gerais,32877,Tilápia,11.5
2024,3115359,Catas Altas - MG,Minas Gerais,32877,Tilápia,0.4
2024,3115409,Catas Altas da Noruega - MG,Minas Gerais,32877,Tilápia,3.6
2024,3115458,Catuji - MG,Minas Gerais,32861,Carpa,0.044
2024,3115458,Catuji - MG,Minas Gerais,32876,Tambaqui,0.086
2024,3115458,Catuji - MG,Minas Gerais,32877,Tilápia,0.3
2024,3115458,Catuji - MG,Minas Gerais,32881,Outros peixes,0.99
2024,3115706,Central de Minas - MG,Minas Gerais,32876,Tambaqui,0.92
2024,3115706,Central de Minas - MG,Minas Gerais,32877,Tilápia,2.55
2024,3115805,Centralina - MG,Minas Gerais,32875,"Tambacu, tambatinga",3.1
2024,3115805,Centralina - MG,Minas Gerais,32876,Tambaqui,4.5
2024,3115805,Centralina - MG,Minas Gerais,32877,Tilápia,10.0
2024,3115904,Chácara - MG,Minas Gerais,32877,Tilápia,3.5
2024,3116001,Chalé - MG,Minas Gerais,32877,Tilápia,4.9
2024,3116100,Chapada do Norte - MG,Minas Gerais,32876,Tambaqui,0.2
2024,3116100,Chapada do Norte - MG,Minas Gerais,32877,Tilápia,0.07
2024,3116159,Chapada Gaúcha - MG,Minas Gerais,32870,Pacu e patinga,0.384
2024,3116159,Chapada Gaúcha - MG,Minas Gerais,32876,Tambaqui,5.154
2024,3116159,Chapada Gaúcha - MG,Minas Gerais,32877,Tilápia,9.9
2024,3116159,Chapada Gaúcha - MG,Minas Gerais,32878,Traíra e trairão,0.461
2024,3116407,Claraval - MG,Minas Gerais,32877,Tilápia,241.0
2024,3116506,Claro dos Poções - MG,Minas Gerais,32865,"Curimatã, curimbatá",0.25
2024,3116506,Claro dos Poções - MG,Minas Gerais,32876,Tambaqui,0.5
2024,3116506,Claro dos Poções - MG,Minas Gerais,32877,Tilápia,1.44
2024,3116605,Cláudio - MG,Minas Gerais,32877,Tilápia,14.9
2024,3116704,Coimbra - MG,Minas Gerais,32877,Tilápia,35.5
2024,3116803,Coluna - MG,Minas Gerais,32877,Tilápia,1.6
2024,3117108,Conceição da Aparecida - MG,Minas Gerais,32877,Tilápia,1.3
2024,3117306,Conceição das Alagoas - MG,Minas Gerais,32876,Tambaqui,4.75
2024,3117306,Conceição das Alagoas - MG,Minas Gerais,32877,Tilápia,256.5
2024,3117405,Conceição de Ipanema - MG,Minas Gerais,32877,Tilápia,0.165
2024,3117504,Conceição do Mato Dentro - MG,Minas Gerais,32877,Tilápia,2.3
2024,3117603,Conceição do Pará - MG,Minas Gerais,32877,Tilápia,5.35
2024,3117801,Conceição dos Ouros - MG,Minas Gerais,32871,"Piau, piapara, piauçu, piava",0.1
2024,3117801,Conceição dos Ouros - MG,Minas Gerais,32877,Tilápia,0.9
2024,3117900,Congonhal - MG,Minas Gerais,32877,Tilápia,23.9
2024,3118007,Congonhas - MG,Minas Gerais,32877,Tilápia,9.3
2024,3118205,Conquista - MG,Minas Gerais,32877,Tilápia,0.39
2024,3118403,Conselheiro Pena - MG,Minas Gerais,32877,Tilápia,11.5
2024,3118601,Contagem - MG,Minas Gerais,32877,Tilápia,4.1
2024,3118700,Coqueiral - MG,Minas Gerais,32877,Tilápia,0.15
2024,3118809,Coração de Jesus - MG,Minas Gerais,32865,"Curimatã, curimbatá",0.16
2024,3118809,Coração de Jesus - MG,Minas Gerais,32876,Tambaqui,27.65
2024,3118809,Coração de Jesus - MG,Minas Gerais,32877,Tilápia,10.0
2024,3119005,Cordislândia - MG,Minas Gerais,32868,Lambari,0.13
2024,3119005,Cordislândia - MG,Minas Gerais,32876,Tambaqui,0.07
2024,3119005,Cordislândia - MG,Minas Gerais,32877,Tilápia,0.149
2024,3119203,Coroaci - MG,Minas Gerais,32877,Tilápia,14.1
2024,3119401,Coronel Fabriciano - MG,Minas Gerais,32877,Tilápia,0.29
2024,3119500,Coronel Murta - MG,Minas Gerais,32877,Tilápia,23.6
2024,3119609,Coronel Pacheco - MG,Minas Gerais,32877,Tilápia,0.4
2024,3119807,Córrego Danta - MG,Minas Gerais,32877,Tilápia,0.49
2024,3120300,Cristália - MG,Minas Gerais,32877,Tilápia,0.13
2024,3120300,Cristália - MG,Minas Gerais,32878,Traíra e trairão,0.1
2024,3120409,Cristiano Otoni - MG,Minas Gerais,32877,Tilápia,0.18
2024,3120508,Cristina - MG,Minas Gerais,32877,Tilápia,1.1
2024,3120839,Cuparaque - MG,Minas Gerais,32877,Tilápia,0.49
2024,3121001,Datas - MG,Minas Gerais,32877,Tilápia,2.8
2024,3121100,Delfim Moreira - MG,Minas Gerais,32877,Tilápia,0.52
2024,3121100,Delfim Moreira - MG,Minas Gerais,32879,Truta,160.0
2024,3121209,Delfinópolis - MG,Minas Gerais,32877,Tilápia,128.0
2024,3121308,Descoberto - MG,Minas Gerais,32877,Tilápia,0.4
2024,3121407,Desterro de Entre Rios - MG,Minas Gerais,32877,Tilápia,0.95
2024,3121605,Diamantina - MG,Minas Gerais,32877,Tilápia,1.18
2024,3121803,Dionísio - MG,Minas Gerais,32870,Pacu e patinga,0.24
2024,3121803,Dionísio - MG,Minas Gerais,32872,"Pintado, cachara, cachapira e pintachara, surubim",0.15
2024,3121803,Dionísio - MG,Minas Gerais,32876,Tambaqui,0.95
2024,3121803,Dionísio - MG,Minas Gerais,32877,Tilápia,1.75
2024,3122108,Divino das Laranjeiras - MG,Minas Gerais,32877,Tilápia,1.45
2024,3122207,Divinolândia de Minas - MG,Minas Gerais,32877,Tilápia,2.1
2024,3122306,Divinópolis - MG,Minas Gerais,32877,Tilápia,7.4
2024,3122603,Dom Joaquim - MG,Minas Gerais,32869,Matrinxã,0.05
2024,3122603,Dom Joaquim - MG,Minas Gerais,32876,Tambaqui,0.2
2024,3122603,Dom Joaquim - MG,Minas Gerais,32877,Tilápia,1.55
2024,3122801,Dom Viçoso - MG,Minas Gerais,32877,Tilápia,2.7
2024,3123106,Dores de Guanhães - MG,Minas Gerais,32877,Tilápia,1.15
2024,3123601,Elói Mendes - MG,Minas Gerais,32877,Tilápia,7.7
2024,3123700,Engenheiro Caldas - MG,Minas Gerais,32877,Tilápia,6.5
2024,3123809,Engenheiro Navarro - MG,Minas Gerais,32877,Tilápia,11.25
2024,3123908,Entre Rios de Minas - MG,Minas Gerais,32877,Tilápia,25.7
2024,3124005,Ervália - MG,Minas Gerais,32877,Tilápia,1.1
2024,3124104,Esmeraldas - MG,Minas Gerais,32877,Tilápia,10.7
2024,3124203,Espera Feliz - MG,Minas Gerais,32877,Tilápia,1.5
2024,3124302,Espinosa - MG,Minas Gerais,32877,Tilápia,3.0
2024,3124609,Estrela Dalva - MG,Minas Gerais,32877,Tilápia,0.1
2024,3124807,Estrela do Sul - MG,Minas Gerais,32877,Tilápia,1.254
2024,3124906,Eugenópolis - MG,Minas Gerais,32877,Tilápia,1.15
2024,3125002,Ewbank da Câmara - MG,Minas Gerais,32877,Tilápia,0.2
2024,3125101,Extrema - MG,Minas Gerais,32877,Tilápia,0.15
2024,3125200,Fama - MG,Minas Gerais,32877,Tilápia,253.0
2024,3125705,Felixlândia - MG,Minas Gerais,32877,Tilápia,1255.0
2024,3125903,Ferros - MG,Minas Gerais,32877,Tilápia,1.8
2024,3125952,Fervedouro - MG,Minas Gerais,32877,Tilápia,1.5
2024,3126208,Formoso - MG,Minas Gerais,32870,Pacu e patinga,1.238
2024,3126208,Formoso - MG,Minas Gerais,32876,Tambaqui,13.161
2024,3126208,Formoso - MG,Minas Gerais,32877,Tilápia,9.6
2024,3126307,Fortaleza de Minas - MG,Minas Gerais,32877,Tilápia,4.3
2024,3126604,Francisco Dumont - MG,Minas Gerais,32877,Tilápia,0.055
2024,3126703,Francisco Sá - MG,Minas Gerais,32872,"Pintado, cachara, cachapira e pintachara, surubim",0.35
2024,3126703,Francisco Sá - MG,Minas Gerais,32876,Tambaqui,1.0
2024,3126703,Francisco Sá - MG,Minas Gerais,32877,Tilápia,1.2
2024,3126703,Francisco Sá - MG,Minas Gerais,32878,Traíra e trairão,1.5
2024,3126752,Franciscópolis - MG,Minas Gerais,32877,Tilápia,1.5
2024,3126901,Frei Inocêncio - MG,Minas Gerais,32877,Tilápia,0.88
2024,3127008,Fronteira - MG,Minas Gerais,32877,Tilápia,0.4
2024,3127073,Fruta de Leite - MG,Minas Gerais,32877,Tilápia,0.12
2024,3127107,Frutal - MG,Minas Gerais,32877,Tilápia,10.3
2024,3127206,Funilândia - MG,Minas Gerais,32877,Tilápia,4.9
2024,3127305,Galiléia - MG,Minas Gerais,32877,Tilápia,0.64
2024,3127404,Gonçalves - MG,Minas Gerais,32879,Truta,0.72
2024,3127503,Gonzaga - MG,Minas Gerais,32877,Tilápia,1.18
2024,3127602,Gouveia - MG,Minas Gerais,32877,Tilápia,8.0
2024,3127701,Governador Valadares - MG,Minas Gerais,32877,Tilápia,141.0
2024,3127800,Grão Mogol - MG,Minas Gerais,32876,Tambaqui,1.0
2024,3127800,Grão Mogol - MG,Minas Gerais,32877,Tilápia,1.2
2024,3127800,Grão Mogol - MG,Minas Gerais,32878,Traíra e trairão,1.5
2024,3127909,Grupiara - MG,Minas Gerais,32877,Tilápia,77.0
2024,3128006,Guanhães - MG,Minas Gerais,32877,Tilápia,35.4
2024,3128105,Guapé - MG,Minas Gerais,32877,Tilápia,2750.0
2024,3128204,Guaraciaba - MG,Minas Gerais,32877,Tilápia,2.2
2024,3128253,Guaraciama - MG,Minas Gerais,32877,Tilápia,3.0
2024,3128303,Guaranésia - MG,Minas Gerais,32877,Tilápia,12.6
2024,3128402,Guarani - MG,Minas Gerais,32877,Tilápia,12.3
2024,3128600,Guarda-Mor - MG,Minas Gerais,32869,Matrinxã,0.698
2024,3128600,Guarda-Mor - MG,Minas Gerais,32870,Pacu e patinga,0.82
2024,3128600,Guarda-Mor - MG,Minas Gerais,32876,Tambaqui,1.052
2024,3128600,Guarda-Mor - MG,Minas Gerais,32877,Tilápia,2.38
2024,3128709,Guaxupé - MG,Minas Gerais,32877,Tilápia,4.0
2024,3129004,Guiricema - MG,Minas Gerais,32877,Tilápia,11.5
2024,3129103,Gurinhatã - MG,Minas Gerais,32871,"Piau, piapara, piauçu, piava",0.58
2024,3129103,Gurinhatã - MG,Minas Gerais,32875,"Tambacu, tambatinga",1.78
2024,3129103,Gurinhatã - MG,Minas Gerais,32876,Tambaqui,2.3
2024,3129202,Heliodora - MG,Minas Gerais,32877,Tilápia,4.0
2024,3129301,Iapu - MG,Minas Gerais,32877,Tilápia,2.75
2024,3129509,Ibiá - MG,Minas Gerais,32877,Tilápia,10.7
2024,3129657,Ibiracatu - MG,Minas Gerais,32877,Tilápia,0.38
2024,3129707,Ibiraci - MG,Minas Gerais,32877,Tilápia,69.0
2024,3130051,Icaraí de Minas - MG,Minas Gerais,32877,Tilápia,1.18
2024,3130200,Igaratinga - MG,Minas Gerais,32877,Tilápia,3.35
2024,3130507,Ilicínea - MG,Minas Gerais,32877,Tilápia,67.0
2024,3130705,Indianópolis - MG,Minas Gerais,32877,Tilápia,2246.0
2024,3130903,Inhapim - MG,Minas Gerais,32861,Carpa,1.1
2024,3130903,Inhapim - MG,Minas Gerais,32871,"Piau, piapara, piauçu, piava",1.05
2024,3130903,Inhapim - MG,Minas Gerais,32875,"Tambacu, tambatinga",0.21
2024,3130903,Inhapim - MG,Minas Gerais,32876,Tambaqui,1.0
2024,3130903,Inhapim - MG,Minas Gerais,32877,Tilápia,3.85
2024,3131208,Ipanema - MG,Minas Gerais,32861,Carpa,0.48
2024,3131208,Ipanema - MG,Minas Gerais,32865,"Curimatã, curimbatá",0.1
2024,3131208,Ipanema - MG,Minas Gerais,32872,"Pintado, cachara, cachapira e pintachara, surubim",0.59
2024,3131208,Ipanema - MG,Minas Gerais,32876,Tambaqui,0.13
2024,3131208,Ipanema - MG,Minas Gerais,32877,Tilápia,1.15
2024,3131307,Ipatinga - MG,Minas Gerais,32877,Tilápia,2.7
2024,3131406,Ipiaçu - MG,Minas Gerais,32877,Tilápia,2985.0
2024,3131604,Iraí de Minas - MG,Minas Gerais,32877,Tilápia,187.0
2024,3131703,Itabira - MG,Minas Gerais,32869,Matrinxã,0.45
2024,3131703,Itabira - MG,Minas Gerais,32877,Tilápia,9.0
2024,3131802,Itabirinha - MG,Minas Gerais,32876,Tambaqui,1.3
2024,3131802,Itabirinha - MG,Minas Gerais,32877,Tilápia,3.5
2024,3131901,Itabirito - MG,Minas Gerais,32861,Carpa,0.195
2024,3131901,Itabirito - MG,Minas Gerais,32872,"Pintado, cachara, cachapira e pintachara, surubim",0.36
2024,3131901,Itabirito - MG,Minas Gerais,32877,Tilápia,3.2
2024,3132107,Itacarambi - MG,Minas Gerais,32876,Tambaqui,1.75
2024,3132107,Itacarambi - MG,Minas Gerais,32877,Tilápia,2.5
2024,3132305,Itaipé - MG,Minas Gerais,32876,Tambaqui,0.18
2024,3132305,Itaipé - MG,Minas Gerais,32877,Tilápia,0.47
2024,3132404,Itajubá - MG,Minas Gerais,32877,Tilápia,1.115
2024,3132503,Itamarandiba - MG,Minas Gerais,32877,Tilápia,0.215
2024,3132602,Itamarati de Minas - MG,Minas Gerais,32877,Tilápia,2.7
2024,3132701,Itambacuri - MG,Minas Gerais,32861,Carpa,0.423
2024,3132701,Itambacuri - MG,Minas Gerais,32876,Tambaqui,0.576
2024,3132701,Itambacuri - MG,Minas Gerais,32877,Tilápia,1.35
2024,3132800,Itambé do Mato Dentro - MG,Minas Gerais,32877,Tilápia,1.5
2024,3133006,Itamonte - MG,Minas Gerais,32875,"Tambacu, tambatinga",3.98
2024,3133006,Itamonte - MG,Minas Gerais,32877,Tilápia,6.7
2024,3133006,Itamonte - MG,Minas Gerais,32879,Truta,168.8
2024,3133105,Itanhandu - MG,Minas Gerais,32877,Tilápia,1.1
2024,3133204,Itanhomi - MG,Minas Gerais,32877,Tilápia,0.5
2024,3133402,Itapagipe - MG,Minas Gerais,32877,Tilápia,31.0
2024,3133501,Itapecerica - MG,Minas Gerais,32877,Tilápia,6.7
2024,3133758,Itaú de Minas - MG,Minas Gerais,32877,Tilápia,8.8
2024,3133808,Itaúna - MG,Minas Gerais,32869,Matrinxã,0.334
2024,3133808,Itaúna - MG,Minas Gerais,32870,Pacu e patinga,2.628
2024,3133808,Itaúna - MG,Minas Gerais,32876,Tambaqui,2.338
2024,3133808,Itaúna - MG,Minas Gerais,32877,Tilápia,12.9
2024,3133907,Itaverava - MG,Minas Gerais,32877,Tilápia,0.4
2024,3134202,Ituiutaba - MG,Minas Gerais,32871,"Piau, piapara, piauçu, piava",0.7
2024,3134202,Ituiutaba - MG,Minas Gerais,32875,"Tambacu, tambatinga",1.15
2024,3134202,Ituiutaba - MG,Minas Gerais,32876,Tambaqui,1.6
2024,3134202,Ituiutaba - MG,Minas Gerais,32877,Tilápia,26.5
2024,3134301,Itumirim - MG,Minas Gerais,32877,Tilápia,0.7
2024,3134400,Iturama - MG,Minas Gerais,32872,"Pintado, cachara, cachapira e pintachara, surubim",1.8
2024,3134400,Iturama - MG,Minas Gerais,32877,Tilápia,7.6
2024,3134608,Jaboticatubas - MG,Minas Gerais,32877,Tilápia,0.23
2024,3134707,Jacinto - MG,Minas Gerais,32876,Tambaqui,0.8
2024,3134707,Jacinto - MG,Minas Gerais,32877,Tilápia,2.1
2024,3134905,Jacutinga - MG,Minas Gerais,32877,Tilápia,5.9
2024,3135001,Jaguaraçu - MG,Minas Gerais,32877,Tilápia,0.23
2024,3135050,Jaíba - MG,Minas Gerais,32876,Tambaqui,2.3
2024,3135050,Jaíba - MG,Minas Gerais,32877,Tilápia,0.95
2024,3135076,Jampruca - MG,Minas Gerais,32877,Tilápia,1.645
2024,3135100,Janaúba - MG,Minas Gerais,32876,Tambaqui,1.0
2024,3135100,Janaúba - MG,Minas Gerais,32877,Tilápia,135.0
2024,3135209,Januária - MG,Minas Gerais,32876,Tambaqui,48.0
2024,3135209,Januária - MG,Minas Gerais,32877,Tilápia,70.0
2024,3135407,Jeceaba - MG,Minas Gerais,32877,Tilápia,3.5
2024,3135704,Jequitibá - MG,Minas Gerais,32877,Tilápia,45.0
2024,3135803,Jequitinhonha - MG,Minas Gerais,32877,Tilápia,1.4
2024,3136009,Joaíma - MG,Minas Gerais,32877,Tilápia,1.3
2024,3136207,João Monlevade - MG,Minas Gerais,32877,Tilápia,3.75
2024,3136306,João Pinheiro - MG,Minas Gerais,32869,Matrinxã,1.6
2024,3136306,João Pinheiro - MG,Minas Gerais,32870,Pacu e patinga,1.48
2024,3136306,João Pinheiro - MG,Minas Gerais,32872,"Pintado, cachara, cachapira e pintachara, surubim",5.75
2024,3136306,João Pinheiro - MG,Minas Gerais,32873,Pirapitinga,0.38
2024,3136306,João Pinheiro - MG,Minas Gerais,32874,Pirarucu,0.58
2024,3136306,João Pinheiro - MG,Minas Gerais,32875,"Tambacu, tambatinga",0.695
2024,3136306,João Pinheiro - MG,Minas Gerais,32877,Tilápia,3.28
2024,3136520,José Gonçalves de Minas - MG,Minas Gerais,32877,Tilápia,0.29
2024,3136603,Nova União - MG,Minas Gerais,32861,Carpa,1.2
2024,3136603,Nova União - MG,Minas Gerais,32877,Tilápia,4.1
2024,3136702,Juiz de Fora - MG,Minas Gerais,32861,Carpa,2.528
2024,3136702,Juiz de Fora - MG,Minas Gerais,32868,Lambari,1.126
2024,3136702,Juiz de Fora - MG,Minas Gerais,32870,Pacu e patinga,0.563
2024,3136702,Juiz de Fora - MG,Minas Gerais,32875,"Tambacu, tambatinga",3.061
2024,3136702,Juiz de Fora - MG,Minas Gerais,32876,Tambaqui,0.522
2024,3136702,Juiz de Fora - MG,Minas Gerais,32877,Tilápia,22.9
2024,3136801,Juramento - MG,Minas Gerais,32870,Pacu e patinga,0.44
2024,3136801,Juramento - MG,Minas Gerais,32875,"Tambacu, tambatinga",0.5
2024,3136801,Juramento - MG,Minas Gerais,32876,Tambaqui,0.45
2024,3136801,Juramento - MG,Minas Gerais,32877,Tilápia,0.5
2024,3136900,Juruaia - MG,Minas Gerais,32877,Tilápia,1.65
2024,3137007,Ladainha - MG,Minas Gerais,32861,Carpa,0.655
2024,3137007,Ladainha - MG,Minas Gerais,32876,Tambaqui,2.144
2024,3137007,Ladainha - MG,Minas Gerais,32877,Tilápia,2.8
2024,3137205,Lagoa da Prata - MG,Minas Gerais,32877,Tilápia,5.9
2024,3137403,Lagoa Dourada - MG,Minas Gerais,32877,Tilápia,2.9
2024,3137502,Lagoa Formosa - MG,Minas Gerais,32877,Tilápia,8.8
2024,3137536,Lagoa Grande - MG,Minas Gerais,32877,Tilápia,0.338
2024,3137700,Lajinha - MG,Minas Gerais,32877,Tilápia,1.25
2024,3137908,Lamim - MG,Minas Gerais,32877,Tilápia,0.3
2024,3138005,Laranjal - MG,Minas Gerais,32877,Tilápia,51.5
2024,3138203,Lavras - MG,Minas Gerais,32877,Tilápia,11.05
2024,3138302,Leandro Ferreira - MG,Minas Gerais,32877,Tilápia,1.75
2024,3138401,Leopoldina - MG,Minas Gerais,32877,Tilápia,3.6
2024,3138500,Liberdade - MG,Minas Gerais,32877,Tilápia,2.95
2024,3138609,Lima Duarte - MG,Minas Gerais,32868,Lambari,0.643
2024,3138609,Lima Duarte - MG,Minas Gerais,32870,Pacu e patinga,0.607
2024,3138609,Lima Duarte - MG,Minas Gerais,32877,Tilápia,4.8
2024,3138625,Limeira do Oeste - MG,Minas Gerais,32876,Tambaqui,0.65
2024,3138625,Limeira do Oeste - MG,Minas Gerais,32877,Tilápia,3.25
2024,3138708,Luminárias - MG,Minas Gerais,32877,Tilápia,0.45
2024,3138807,Luz - MG,Minas Gerais,32877,Tilápia,2.2
2024,3139003,Machado - MG,Minas Gerais,32877,Tilápia,127.0
2024,3139201,Malacacheta - MG,Minas Gerais,32861,Carpa,0.334
2024,3139201,Malacacheta - MG,Minas Gerais,32876,Tambaqui,0.265
2024,3139201,Malacacheta - MG,Minas Gerais,32877,Tilápia,13.6
2024,3139409,Manhuaçu - MG,Minas Gerais,32877,Tilápia,2.1
2024,3139607,Mantena - MG,Minas Gerais,32875,"Tambacu, tambatinga",4.05
2024,3139607,Mantena - MG,Minas Gerais,32876,Tambaqui,2.35
2024,3139607,Mantena - MG,Minas Gerais,32877,Tilápia,32.5
2024,3139904,Maria da Fé - MG,Minas Gerais,32877,Tilápia,1.18
2024,3140001,Mariana - MG,Minas Gerais,32877,Tilápia,17.7
2024,3140100,Marilac - MG,Minas Gerais,32877,Tilápia,2.36
2024,3140209,Maripá de Minas - MG,Minas Gerais,32877,Tilápia,1.6
2024,3140308,Marliéria - MG,Minas Gerais,32877,Tilápia,16.0
2024,3140407,Marmelópolis - MG,Minas Gerais,32879,Truta,2.1
2024,3140530,Martins Soares - MG,Minas Gerais,32877,Tilápia,0.88
2024,3140704,Mateus Leme - MG,Minas Gerais,32877,Tilápia,5.9
2024,3140902,Matipó - MG,Minas Gerais,32877,Tilápia,13.8
2024,3141009,Mato Verde - MG,Minas Gerais,32877,Tilápia,1.0
2024,3141504,Mendes Pimentel - MG,Minas Gerais,32876,Tambaqui,0.65
2024,3141504,Mendes Pimentel - MG,Minas Gerais,32877,Tilápia,1.9
2024,3141702,Mesquita - MG,Minas Gerais,32877,Tilápia,4.45
2024,3141801,Minas Novas - MG,Minas Gerais,32877,Tilápia,0.85
2024,3142106,Miradouro - MG,Minas Gerais,32877,Tilápia,46.0
2024,3142205,Miraí - MG,Minas Gerais,32877,Tilápia,1.25
2024,3142254,Miravânia - MG,Minas Gerais,32875,"Tambacu, tambatinga",5.2
2024,3142403,Moema - MG,Minas Gerais,32877,Tilápia,0.1
2024,3142601,Monsenhor Paulo - MG,Minas Gerais,32877,Tilápia,66.0
2024,3142700,Montalvânia - MG,Minas Gerais,32877,Tilápia,2.0
2024,3142809,Monte Alegre de Minas - MG,Minas Gerais,32872,"Pintado, cachara, cachapira e pintachara, surubim",6.129
2024,3142809,Monte Alegre de Minas - MG,Minas Gerais,32876,Tambaqui,3.17
2024,3142809,Monte Alegre de Minas - MG,Minas Gerais,32877,Tilápia,3.2
2024,3143005,Monte Belo - MG,Minas Gerais,32877,Tilápia,67.4
2024,3143203,Monte Santo de Minas - MG,Minas Gerais,32877,Tilápia,46.15
2024,3143302,Montes Claros - MG,Minas Gerais,32861,Carpa,0.23
2024,3143302,Montes Claros - MG,Minas Gerais,32872,"Pintado, cachara, cachapira e pintachara, surubim",0.28
2024,3143302,Montes Claros - MG,Minas Gerais,32876,Tambaqui,0.36
2024,3143302,Montes Claros - MG,Minas Gerais,32877,Tilápia,0.35
2024,3143401,Monte Sião - MG,Minas Gerais,32877,Tilápia,106.0
2024,3143500,Morada Nova de Minas - MG,Minas Gerais,32877,Tilápia,30000.0
2024,3143906,Muriaé - MG,Minas Gerais,32877,Tilápia,312.15
2024,3144003,Mutum - MG,Minas Gerais,32877,Tilápia,8.3
2024,3144102,Muzambinho - MG,Minas Gerais,32877,Tilápia,3.15
2024,3144409,Natércia - MG,Minas Gerais,32877,Tilápia,3.3
2024,3144672,Nova Belém - MG,Minas Gerais,32876,Tambaqui,0.8
2024,3144672,Nova Belém - MG,Minas Gerais,32877,Tilápia,8.0
2024,3144706,Nova Era - MG,Minas Gerais,32877,Tilápia,3.5
2024,3145000,Nova Ponte - MG,Minas Gerais,32877,Tilápia,260.0
2024,3145059,Nova Porteirinha - MG,Minas Gerais,32877,Tilápia,80.0
2024,3145109,Nova Resende - MG,Minas Gerais,32877,Tilápia,18.0
2024,3145307,Novo Cruzeiro - MG,Minas Gerais,32861,Carpa,0.076
2024,3145307,Novo Cruzeiro - MG,Minas Gerais,32876,Tambaqui,0.423
2024,3145307,Novo Cruzeiro - MG,Minas Gerais,32877,Tilápia,1.8
2024,3145372,Novorizonte - MG,Minas Gerais,32877,Tilápia,0.12
2024,3145455,Olhos-d'Água - MG,Minas Gerais,32865,"Curimatã, curimbatá",0.027
2024,3145455,Olhos-d'Água - MG,Minas Gerais,32875,"Tambacu, tambatinga",0.015
2024,3145455,Olhos-d'Água - MG,Minas Gerais,32876,Tambaqui,0.055
2024,3145455,Olhos-d'Água - MG,Minas Gerais,32877,Tilápia,0.28
2024,3145604,Oliveira - MG,Minas Gerais,32877,Tilápia,13.8
2024,3145703,Oliveira Fortes - MG,Minas Gerais,32877,Tilápia,0.64
2024,3146008,Ouro Fino - MG,Minas Gerais,32877,Tilápia,79.0
2024,3146107,Ouro Preto - MG,Minas Gerais,32877,Tilápia,13.0
2024,3146206,Ouro Verde de Minas - MG,Minas Gerais,32861,Carpa,0.151
2024,3146206,Ouro Verde de Minas - MG,Minas Gerais,32876,Tambaqui,0.548
2024,3146206,Ouro Verde de Minas - MG,Minas Gerais,32877,Tilápia,1.3
2024,3146255,Padre Carvalho - MG,Minas Gerais,32877,Tilápia,0.35
2024,3146552,Pai Pedro - MG,Minas Gerais,32876,Tambaqui,0.65
2024,3146552,Pai Pedro - MG,Minas Gerais,32877,Tilápia,0.13
2024,3146602,Paiva - MG,Minas Gerais,32877,Tilápia,0.38
2024,3146701,Palma - MG,Minas Gerais,32877,Tilápia,0.2
2024,3147006,Paracatu - MG,Minas Gerais,32872,"Pintado, cachara, cachapira e pintachara, surubim",0.78
2024,3147006,Paracatu - MG,Minas Gerais,32877,Tilápia,9.42
2024,3147105,Pará de Minas - MG,Minas Gerais,32877,Tilápia,3.2
2024,3147204,Paraguaçu - MG,Minas Gerais,32877,Tilápia,32.0
2024,3147402,Paraopeba - MG,Minas Gerais,32877,Tilápia,3.3
2024,3147501,Passabém - MG,Minas Gerais,32877,Tilápia,0.26
2024,3147600,Passa Quatro - MG,Minas Gerais,32879,Truta,6.93
2024,3147709,Passa Tempo - MG,Minas Gerais,32877,Tilápia,1.97
2024,3147907,Passos - MG,Minas Gerais,32877,Tilápia,0.85
2024,3148004,Patos de Minas - MG,Minas Gerais,32870,Pacu e patinga,1.1
2024,3148004,Patos de Minas - MG,Minas Gerais,32872,"Pintado, cachara, cachapira e pintachara, surubim",5.0
2024,3148004,Patos de Minas - MG,Minas Gerais,32877,Tilápia,17.7
2024,3148103,Patrocínio - MG,Minas Gerais,32877,Tilápia,289.0
2024,3148202,Patrocínio do Muriaé - MG,Minas Gerais,32877,Tilápia,5.5
2024,3148301,Paula Cândido - MG,Minas Gerais,32877,Tilápia,3.4
2024,3148509,Pavão - MG,Minas Gerais,32877,Tilápia,0.25
2024,3148608,Peçanha - MG,Minas Gerais,32877,Tilápia,0.47
2024,3148707,Pedra Azul - MG,Minas Gerais,32861,Carpa,0.24
2024,3148707,Pedra Azul - MG,Minas Gerais,32877,Tilápia,0.37
2024,3148806,Pedra do Anta - MG,Minas Gerais,32877,Tilápia,11.0
2024,3149101,Pedralva - MG,Minas Gerais,32877,Tilápia,4.0
2024,3149150,Pedras de Maria da Cruz - MG,Minas Gerais,32876,Tambaqui,0.65
2024,3149200,Pedrinópolis - MG,Minas Gerais,32877,Tilápia,820.0
2024,3149804,Perdizes - MG,Minas Gerais,32877,Tilápia,17.4
2024,3149903,Perdões - MG,Minas Gerais,32877,Tilápia,3.7
2024,3149952,Periquito - MG,Minas Gerais,32877,Tilápia,38.0
2024,3150000,Pescador - MG,Minas Gerais,32876,Tambaqui,0.3
2024,3150000,Pescador - MG,Minas Gerais,32877,Tilápia,1.3
2024,3150109,Piau - MG,Minas Gerais,32870,Pacu e patinga,0.177
2024,3150109,Piau - MG,Minas Gerais,32876,Tambaqui,0.293
2024,3150109,Piau - MG,Minas Gerais,32877,Tilápia,3.2
2024,3150208,Piedade de Ponte Nova - MG,Minas Gerais,32877,Tilápia,0.17
2024,3150307,Piedade do Rio Grande - MG,Minas Gerais,32877,Tilápia,2.9
2024,3150570,Pintópolis - MG,Minas Gerais,32877,Tilápia,2.3
2024,3150802,Piranga - MG,Minas Gerais,32877,Tilápia,3.1
2024,3150901,Piranguçu - MG,Minas Gerais,32877,Tilápia,2.1
2024,3151008,Piranguinho - MG,Minas Gerais,32861,Carpa,0.205
2024,3151008,Piranguinho - MG,Minas Gerais,32870,Pacu e patinga,0.41
2024,3151008,Piranguinho - MG,Minas Gerais,32877,Tilápia,11.5
2024,3151404,Pitangui - MG,Minas Gerais,32877,Tilápia,0.4
2024,3151503,Piumhi - MG,Minas Gerais,32877,Tilápia,14.0
2024,3151602,Planura - MG,Minas Gerais,32877,Tilápia,12.15
2024,3151701,Poço Fundo - MG,Minas Gerais,32877,Tilápia,22.5
2024,3151909,Pocrane - MG,Minas Gerais,32877,Tilápia,1.0
2024,3152006,Pompéu - MG,Minas Gerais,32877,Tilápia,0.72
2024,3152105,Ponte Nova - MG,Minas Gerais,32877,Tilápia,24.5
2024,3152204,Porteirinha - MG,Minas Gerais,32876,Tambaqui,1.0
2024,3152204,Porteirinha - MG,Minas Gerais,32877,Tilápia,0.75
2024,3152303,Porto Firme - MG,Minas Gerais,32877,Tilápia,4.5
2024,3152402,Poté - MG,Minas Gerais,32861,Carpa,1.754
2024,3152402,Poté - MG,Minas Gerais,32876,Tambaqui,2.245
2024,3152402,Poté - MG,Minas Gerais,32877,Tilápia,2.7
2024,3152501,Pouso Alegre - MG,Minas Gerais,32877,Tilápia,5.4
2024,3152600,Pouso Alto - MG,Minas Gerais,32877,Tilápia,0.12
2024,3152600,Pouso Alto - MG,Minas Gerais,32879,Truta,1.55
2024,3152808,Prata - MG,Minas Gerais,32877,Tilápia,12.0
2024,3152907,Pratápolis - MG,Minas Gerais,32877,Tilápia,1.4
2024,3153103,Presidente Bernardes - MG,Minas Gerais,32877,Tilápia,1.0
2024,3153400,Presidente Olegário - MG,Minas Gerais,32877,Tilápia,5.3
2024,3153608,Prudente de Morais - MG,Minas Gerais,32877,Tilápia,0.48
2024,3154002,Raul Soares - MG,Minas Gerais,32877,Tilápia,10.0
2024,3154101,Recreio - MG,Minas Gerais,32877,Tilápia,0.9
2024,3154200,Resende Costa - MG,Minas Gerais,32877,Tilápia,15.0
2024,3154309,Resplendor - MG,Minas Gerais,32877,Tilápia,1.5
2024,3154457,Riachinho - MG,Minas Gerais,32876,Tambaqui,0.27
2024,3154457,Riachinho - MG,Minas Gerais,32877,Tilápia,2.385
2024,3154606,Ribeirão das Neves - MG,Minas Gerais,32877,Tilápia,4.7
2024,3154804,Rio Acima - MG,Minas Gerais,32877,Tilápia,2.3
2024,3154903,Rio Casca - MG,Minas Gerais,32876,Tambaqui,0.48
2024,3154903,Rio Casca - MG,Minas Gerais,32877,Tilápia,5.8
2024,3155009,Rio Doce - MG,Minas Gerais,32877,Tilápia,2.35
2024,3155207,Rio Espera - MG,Minas Gerais,32870,Pacu e patinga,2.2
2024,3155207,Rio Espera - MG,Minas Gerais,32877,Tilápia,1.18
2024,3155405,Rio Novo - MG,Minas Gerais,32875,"Tambacu, tambatinga",8.5
2024,3155405,Rio Novo - MG,Minas Gerais,32877,Tilápia,26.3
2024,3155504,Rio Paranaíba - MG,Minas Gerais,32861,Carpa,0.8
2024,3155504,Rio Paranaíba - MG,Minas Gerais,32870,Pacu e patinga,0.8
2024,3155504,Rio Paranaíba - MG,Minas Gerais,32872,"Pintado, cachara, cachapira e pintachara, surubim",0.65
2024,3155504,Rio Paranaíba - MG,Minas Gerais,32875,"Tambacu, tambatinga",12.0
2024,3155504,Rio Paranaíba - MG,Minas Gerais,32877,Tilápia,29.5
2024,3155702,Rio Piracicaba - MG,Minas Gerais,32877,Tilápia,24.0
2024,3155900,Rio Preto - MG,Minas Gerais,32877,Tilápia,1.6
2024,3156007,Rio Vermelho - MG,Minas Gerais,32877,Tilápia,0.13
2024,3156403,Romaria - MG,Minas Gerais,32877,Tilápia,39.0
2024,3156452,Rosário da Limeira - MG,Minas Gerais,32877,Tilápia,14.75
2024,3156502,Rubelita - MG,Minas Gerais,32877,Tilápia,1.2
2024,3156700,Sabará - MG,Minas Gerais,32877,Tilápia,2.3
2024,3156809,Sabinópolis - MG,Minas Gerais,32877,Tilápia,1.3
2024,3156908,Sacramento - MG,Minas Gerais,32869,Matrinxã,0.75
2024,3156908,Sacramento - MG,Minas Gerais,32870,Pacu e patinga,1.15
2024,3156908,Sacramento - MG,Minas Gerais,32876,Tambaqui,1.1
2024,3156908,Sacramento - MG,Minas Gerais,32877,Tilápia,3.5
2024,3157005,Salinas - MG,Minas Gerais,32868,Lambari,1.5
2024,3157005,Salinas - MG,Minas Gerais,32877,Tilápia,2.3
2024,3157005,Salinas - MG,Minas Gerais,32878,Traíra e trairão,3.1
2024,3157005,Salinas - MG,Minas Gerais,32880,Tucunaré,0.43
2024,3157104,Salto da Divisa - MG,Minas Gerais,32869,Matrinxã,0.07
2024,3157104,Salto da Divisa - MG,Minas Gerais,32875,"Tambacu, tambatinga",0.162
2024,3157104,Salto da Divisa - MG,Minas Gerais,32877,Tilápia,0.15
2024,3157203,Santa Bárbara - MG,Minas Gerais,32877,Tilápia,1.75
2024,3157302,Santa Bárbara do Tugúrio - MG,Minas Gerais,32872,"Pintado, cachara, cachapira e pintachara, surubim",1.9
2024,3157302,Santa Bárbara do Tugúrio - MG,Minas Gerais,32877,Tilápia,15.8
2024,3157401,Santa Cruz do Escalvado - MG,Minas Gerais,32877,Tilápia,0.15
2024,3157500,Santa Efigênia de Minas - MG,Minas Gerais,32877,Tilápia,2.1
2024,3157609,Santa Fé de Minas - MG,Minas Gerais,32877,Tilápia,0.195
2024,3157658,Santa Helena de Minas - MG,Minas Gerais,32877,Tilápia,0.3
2024,3157708,Santa Juliana - MG,Minas Gerais,32877,Tilápia,0.65
2024,3157906,Santa Margarida - MG,Minas Gerais,32877,Tilápia,0.325
2024,3158003,Santa Maria de Itabira - MG,Minas Gerais,32861,Carpa,0.3
2024,3158003,Santa Maria de Itabira - MG,Minas Gerais,32876,Tambaqui,0.7
2024,3158003,Santa Maria de Itabira - MG,Minas Gerais,32877,Tilápia,1.475
2024,3158102,Santa Maria do Salto - MG,Minas Gerais,32877,Tilápia,1.85
2024,3158201,Santa Maria do Suaçuí - MG,Minas Gerais,32877,Tilápia,0.357
2024,3158300,Santana da Vargem - MG,Minas Gerais,32877,Tilápia,5.3
2024,3158409,Santana de Cataguases - MG,Minas Gerais,32876,Tambaqui,4.3
2024,3158409,Santana de Cataguases - MG,Minas Gerais,32877,Tilápia,1.7
2024,3158706,Santana do Garambéu - MG,Minas Gerais,32877,Tilápia,1.9
2024,3158904,Santana do Manhuaçu - MG,Minas Gerais,32877,Tilápia,1.5
2024,3158953,Santana do Paraíso - MG,Minas Gerais,32877,Tilápia,2.3
2024,3159001,Santana do Riacho - MG,Minas Gerais,32876,Tambaqui,1.3
2024,3159001,Santana do Riacho - MG,Minas Gerais,32877,Tilápia,3.24
2024,3159100,Santana dos Montes - MG,Minas Gerais,32877,Tilápia,7.3
2024,3159407,Santa Rita de Ibitipoca - MG,Minas Gerais,32877,Tilápia,1.9
2024,3159605,Santa Rita do Sapucaí - MG,Minas Gerais,32877,Tilápia,0.22
2024,3159803,Santa Vitória - MG,Minas Gerais,32869,Matrinxã,2.05
2024,3159803,Santa Vitória - MG,Minas Gerais,32871,"Piau, piapara, piauçu, piava",2.92
2024,3159803,Santa Vitória - MG,Minas Gerais,32875,"Tambacu, tambatinga",3.0
2024,3159803,Santa Vitória - MG,Minas Gerais,32876,Tambaqui,2.4
2024,3159803,Santa Vitória - MG,Minas Gerais,32877,Tilápia,25.0
2024,3159902,Santo Antônio do Amparo - MG,Minas Gerais,32877,Tilápia,12.0
2024,3160306,Santo Antônio do Jacinto - MG,Minas Gerais,32861,Carpa,0.049
2024,3160306,Santo Antônio do Jacinto - MG,Minas Gerais,32876,Tambaqui,0.02
2024,3160306,Santo Antônio do Jacinto - MG,Minas Gerais,32877,Tilápia,0.15
2024,3160405,Santo Antônio do Monte - MG,Minas Gerais,32877,Tilápia,0.5
2024,3160504,Santo Antônio do Rio Abaixo - MG,Minas Gerais,32877,Tilápia,0.11
2024,3160702,Santos Dumont - MG,Minas Gerais,32877,Tilápia,3.8
2024,3160900,São Brás do Suaçuí - MG,Minas Gerais,32877,Tilápia,1.45
2024,3161007,São Domingos do Prata - MG,Minas Gerais,32877,Tilápia,0.94
2024,3161056,São Félix de Minas - MG,Minas Gerais,32877,Tilápia,11.5
2024,3161106,São Francisco - MG,Minas Gerais,32877,Tilápia,7.0
2024,3161403,São Francisco do Glória - MG,Minas Gerais,32877,Tilápia,3.5
2024,3161601,São Geraldo da Piedade - MG,Minas Gerais,32877,Tilápia,1.4
2024,3161650,São Geraldo do Baixio - MG,Minas Gerais,32877,Tilápia,2.5
2024,3161650,São Geraldo do Baixio - MG,Minas Gerais,32878,Traíra e trairão,0.9
2024,3161700,São Gonçalo do Abaeté - MG,Minas Gerais,32877,Tilápia,497.0
2024,3161908,São Gonçalo do Rio Abaixo - MG,Minas Gerais,32877,Tilápia,5.2
2024,3162005,São Gonçalo do Sapucaí - MG,Minas Gerais,32877,Tilápia,34.0
2024,3162104,São Gotardo - MG,Minas Gerais,32877,Tilápia,0.4
2024,3162203,São João Batista do Glória - MG,Minas Gerais,32877,Tilápia,1.7
2024,3162252,São João da Lagoa - MG,Minas Gerais,32877,Tilápia,2.0
2024,3162401,São João da Ponte - MG,Minas Gerais,32877,Tilápia,810.0
2024,3162450,São João das Missões - MG,Minas Gerais,32872,"Pintado, cachara, cachapira e pintachara, surubim",5.3
2024,3162450,São João das Missões - MG,Minas Gerais,32877,Tilápia,3.7
2024,3162500,São João del Rei - MG,Minas Gerais,32877,Tilápia,23.6
2024,3162575,São João do Manteninha - MG,Minas Gerais,32877,Tilápia,4.8
2024,3162609,São João do Oriente - MG,Minas Gerais,32877,Tilápia,3.8
2024,3162658,São João do Pacuí - MG,Minas Gerais,32876,Tambaqui,0.8
2024,3162658,São João do Pacuí - MG,Minas Gerais,32877,Tilápia,2.5
2024,3162807,São João Evangelista - MG,Minas Gerais,32876,Tambaqui,0.5
2024,3162807,São João Evangelista - MG,Minas Gerais,32877,Tilápia,8.9
2024,3162906,São João Nepomuceno - MG,Minas Gerais,32876,Tambaqui,1.49
2024,3162906,São João Nepomuceno - MG,Minas Gerais,32877,Tilápia,11.8
2024,3162948,São José da Barra - MG,Minas Gerais,32872,"Pintado, cachara, cachapira e pintachara, surubim",0.95
2024,3162948,São José da Barra - MG,Minas Gerais,32877,Tilápia,418.0
2024,3163409,São José do Goiabal - MG,Minas Gerais,32870,Pacu e patinga,0.15
2024,3163409,São José do Goiabal - MG,Minas Gerais,32875,"Tambacu, tambatinga",0.24
2024,3163409,São José do Goiabal - MG,Minas Gerais,32877,Tilápia,1.9
2024,3163508,São José do Jacuri - MG,Minas Gerais,32877,Tilápia,0.18
2024,3163607,São José do Mantimento - MG,Minas Gerais,32877,Tilápia,0.22
2024,3163706,São Lourenço - MG,Minas Gerais,32877,Tilápia,0.64
2024,3163805,São Miguel do Anta - MG,Minas Gerais,32877,Tilápia,86.0
2024,3163904,São Pedro da União - MG,Minas Gerais,32877,Tilápia,13.5
2024,3164001,São Pedro dos Ferros - MG,Minas Gerais,32872,"Pintado, cachara, cachapira e pintachara, surubim",0.25
2024,3164001,São Pedro dos Ferros - MG,Minas Gerais,32877,Tilápia,10.9
2024,3164100,São Pedro do Suaçuí - MG,Minas Gerais,32877,Tilápia,0.41
2024,3164209,São Romão - MG,Minas Gerais,32877,Tilápia,0.39
2024,3164431,São Sebastião da Vargem Alegre - MG,Minas Gerais,32877,Tilápia,0.65
2024,3164506,São Sebastião do Maranhão - MG,Minas Gerais,32877,Tilápia,0.535
2024,3164704,São Sebastião do Paraíso - MG,Minas Gerais,32877,Tilápia,0.13
2024,3165008,São Tiago - MG,Minas Gerais,32877,Tilápia,14.0
2024,3165107,São Tomás de Aquino - MG,Minas Gerais,32877,Tilápia,0.08
2024,3165404,Sapucaí-Mirim - MG,Minas Gerais,32879,Truta,564.0
2024,3165552,Setubinha - MG,Minas Gerais,32877,Tilápia,0.375
2024,3165560,Sem-Peixe - MG,Minas Gerais,32877,Tilápia,0.13
2024,3165701,Senador Firmino - MG,Minas Gerais,32877,Tilápia,0.53
2024,3165800,Senador José Bento - MG,Minas Gerais,32877,Tilápia,1.2
2024,3166006,Senhora de Oliveira - MG,Minas Gerais,32877,Tilápia,0.215
2024,3166105,Senhora do Porto - MG,Minas Gerais,32877,Tilápia,0.4
2024,3166204,Senhora dos Remédios - MG,Minas Gerais,32877,Tilápia,0.75
2024,3166808,Serra do Salitre - MG,Minas Gerais,32877,Tilápia,4.2
2024,3166956,Serranópolis de Minas - MG,Minas Gerais,32877,Tilápia,0.78
2024,3167608,Simonésia - MG,Minas Gerais,32877,Tilápia,1.45
2024,3167806,Soledade de Minas - MG,Minas Gerais,32871,"Piau, piapara, piauçu, piava",1.4
2024,3167806,Soledade de Minas - MG,Minas Gerais,32877,Tilápia,4.3
2024,3167905,Tabuleiro - MG,Minas Gerais,32877,Tilápia,11.65
2024,3168051,Taparuba - MG,Minas Gerais,32877,Tilápia,2.5
2024,3168200,Tapiraí - MG,Minas Gerais,32877,Tilápia,0.35
2024,3168408,Tarumirim - MG,Minas Gerais,32877,Tilápia,0.89
2024,3168507,Teixeiras - MG,Minas Gerais,32877,Tilápia,5.3
2024,3168606,Teófilo Otoni - MG,Minas Gerais,32861,Carpa,1.429
2024,3168606,Teófilo Otoni - MG,Minas Gerais,32869,Matrinxã,0.703
2024,3168606,Teófilo Otoni - MG,Minas Gerais,32871,"Piau, piapara, piauçu, piava",1.23
2024,3168606,Teófilo Otoni - MG,Minas Gerais,32875,"Tambacu, tambatinga",1.054
2024,3168606,Teófilo Otoni - MG,Minas Gerais,32876,Tambaqui,17.581
2024,3168606,Teófilo Otoni - MG,Minas Gerais,32877,Tilápia,34.0
2024,3168903,Tiros - MG,Minas Gerais,32877,Tilápia,0.7
2024,3169000,Tocantins - MG,Minas Gerais,32877,Tilápia,2.65
2024,3169059,Tocos do Moji - MG,Minas Gerais,32877,Tilápia,1.4
2024,3169208,Tombos - MG,Minas Gerais,32877,Tilápia,1.1
2024,3169307,Três Corações - MG,Minas Gerais,32877,Tilápia,5.6
2024,3169356,Três Marias - MG,Minas Gerais,32877,Tilápia,1150.0
2024,3169406,Três Pontas - MG,Minas Gerais,32877,Tilápia,85.0
2024,3169505,Tumiritinga - MG,Minas Gerais,32877,Tilápia,0.27
2024,3169703,Turmalina - MG,Minas Gerais,32877,Tilápia,1.79
2024,3169901,Ubá - MG,Minas Gerais,32877,Tilápia,6.7
2024,3170107,Uberaba - MG,Minas Gerais,32869,Matrinxã,1.15
2024,3170107,Uberaba - MG,Minas Gerais,32870,Pacu e patinga,0.7
2024,3170107,Uberaba - MG,Minas Gerais,32875,"Tambacu, tambatinga",1.0
2024,3170107,Uberaba - MG,Minas Gerais,32877,Tilápia,6.85
2024,3170206,Uberlândia - MG,Minas Gerais,32869,Matrinxã,5.925
2024,3170206,Uberlândia - MG,Minas Gerais,32870,Pacu e patinga,10.027
2024,3170206,Uberlândia - MG,Minas Gerais,32872,"Pintado, cachara, cachapira e pintachara, surubim",1.048
2024,3170206,Uberlândia - MG,Minas Gerais,32877,Tilápia,286.1
2024,3170404,Unaí - MG,Minas Gerais,32876,Tambaqui,1.89
2024,3170404,Unaí - MG,Minas Gerais,32877,Tilápia,22.725
2024,3170438,União de Minas - MG,Minas Gerais,32877,Tilápia,2.31
2024,3170503,Urucânia - MG,Minas Gerais,32877,Tilápia,1.2
2024,3170529,Urucuia - MG,Minas Gerais,32876,Tambaqui,4.0
2024,3170529,Urucuia - MG,Minas Gerais,32877,Tilápia,4.1
2024,3171071,Veredinha - MG,Minas Gerais,32877,Tilápia,0.249
2024,3171303,Viçosa - MG,Minas Gerais,32877,Tilápia,11.6
2024,3171402,Vieiras - MG,Minas Gerais,32877,Tilápia,0.6
2024,3171600,Virgem da Lapa - MG,Minas Gerais,32877,Tilápia,1.29
2024,3171709,Virgínia - MG,Minas Gerais,32877,Tilápia,0.98
2024,3171709,Virgínia - MG,Minas Gerais,32879,Truta,3.36
2024,3171808,Virginópolis - MG,Minas Gerais,32877,Tilápia,16.5
2024,3171907,Virgolândia - MG,Minas Gerais,32877,Tilápia,9.4
2024,3172004,Visconde do Rio Branco - MG,Minas Gerais,32877,Tilápia,206.5
2024,3172202,Wenceslau Braz - MG,Minas Gerais,32877,Tilápia,0.125
2024,3200169,Água Doce do Norte - ES,Espírito Santo,32861,Carpa,0.75
2024,3200169,Água Doce do Norte - ES,Espírito Santo,32868,Lambari,0.7
2024,3200169,Água Doce do Norte - ES,Espírito Santo,32870,Pacu e patinga,0.4
2024,3200169,Água Doce do Norte - ES,Espírito Santo,32871,"Piau, piapara, piauçu, piava",0.8
2024,3200169,Água Doce do Norte - ES,Espírito Santo,32872,"Pintado, cachara, cachapira e pintachara, surubim",0.8
2024,3200169,Água Doce do Norte - ES,Espírito Santo,32874,Pirarucu,1.7
2024,3200169,Água Doce do Norte - ES,Espírito Santo,32875,"Tambacu, tambatinga",0.4
2024,3200169,Água Doce do Norte - ES,Espírito Santo,32876,Tambaqui,12.0
2024,3200169,Água Doce do Norte - ES,Espírito Santo,32877,Tilápia,65.0
2024,3200169,Água Doce do Norte - ES,Espírito Santo,32878,Traíra e trairão,2.1
2024,3200201,Alegre - ES,Espírito Santo,32877,Tilápia,114.025
2024,3200300,Alfredo Chaves - ES,Espírito Santo,32877,Tilápia,100.0
2024,3200300,Alfredo Chaves - ES,Espírito Santo,32887,Camarão,0.5
2024,3200409,Anchieta - ES,Espírito Santo,32877,Tilápia,35.0
2024,3200607,Aracruz - ES,Espírito Santo,32877,Tilápia,11.5
2024,3201001,Boa Esperança - ES,Espírito Santo,32861,Carpa,0.772
2024,3201001,Boa Esperança - ES,Espírito Santo,32874,Pirarucu,0.708
2024,3201001,Boa Esperança - ES,Espírito Santo,32876,Tambaqui,0.927
2024,3201001,Boa Esperança - ES,Espírito Santo,32877,Tilápia,5.2
2024,3201159,Brejetuba - ES,Espírito Santo,32877,Tilápia,6.95
2024,3201308,Cariacica - ES,Espírito Santo,32877,Tilápia,30.0
2024,3201506,Colatina - ES,Espírito Santo,32877,Tilápia,12.0
2024,3201605,Conceição da Barra - ES,Espírito Santo,32877,Tilápia,9.794
2024,3201704,Conceição do Castelo - ES,Espírito Santo,32877,Tilápia,20.0
2024,3201902,Domingos Martins - ES,Espírito Santo,32877,Tilápia,1410.0
2024,3202207,Fundão - ES,Espírito Santo,32874,Pirarucu,3.0
2024,3202207,Fundão - ES,Espírito Santo,32877,Tilápia,60.0
2024,3202256,Governador Lindenberg - ES,Espírito Santo,32887,Camarão,7.5
2024,3202306,Guaçuí - ES,Espírito Santo,32877,Tilápia,8.206
2024,3202405,Guarapari - ES,Espírito Santo,32877,Tilápia,480.0
2024,3202454,Ibatiba - ES,Espírito Santo,32877,Tilápia,4.623
2024,3202504,Ibiraçu - ES,Espírito Santo,32877,Tilápia,15.2
2024,3202504,Ibiraçu - ES,Espírito Santo,32887,Camarão,2.95
2024,3202553,Ibitirama - ES,Espírito Santo,32877,Tilápia,3.203
2024,3202652,Irupi - ES,Espírito Santo,32877,Tilápia,9.6
2024,3202900,Itarana - ES,Espírito Santo,32877,Tilápia,4.5
2024,3203007,Iúna - ES,Espírito Santo,32877,Tilápia,11.85
2024,3203056,Jaguaré - ES,Espírito Santo,32877,Tilápia,21.074
2024,3203106,Jerônimo Monteiro - ES,Espírito Santo,32877,Tilápia,1.89
2024,3203163,Laranja da Terra - ES,Espírito Santo,32877,Tilápia,11.9
2024,3203205,Linhares - ES,Espírito Santo,32877,Tilápia,3200.0
2024,3203304,Mantenópolis - ES,Espírito Santo,32877,Tilápia,40.0
2024,3203346,Marechal Floriano - ES,Espírito Santo,32877,Tilápia,550.0
2024,3203353,Marilândia - ES,Espírito Santo,32874,Pirarucu,0.12
2024,3203353,Marilândia - ES,Espírito Santo,32877,Tilápia,1.0
2024,3203353,Marilândia - ES,Espírito Santo,32881,Outros peixes,0.08
2024,3203353,Marilândia - ES,Espírito Santo,32887,Camarão,0.4
2024,3203502,Montanha - ES,Espírito Santo,32877,Tilápia,1.234
2024,3203601,Mucurici - ES,Espírito Santo,32861,Carpa,0.423
2024,3203601,Mucurici - ES,Espírito Santo,32877,Tilápia,4.995
2024,3203700,Muniz Freire - ES,Espírito Santo,32877,Tilápia,260.0
2024,3203809,Muqui - ES,Espírito Santo,32877,Tilápia,9.65
2024,3203908,Nova Venécia - ES,Espírito Santo,32861,Carpa,1.465
2024,3203908,Nova Venécia - ES,Espírito Santo,32865,"Curimatã, curimbatá",2.193
2024,3203908,Nova Venécia - ES,Espírito Santo,32871,"Piau, piapara, piauçu, piava",1.081
2024,3203908,Nova Venécia - ES,Espírito Santo,32872,"Pintado, cachara, cachapira e pintachara, surubim",0.208
2024,3203908,Nova Venécia - ES,Espírito Santo,32875,"Tambacu, tambatinga",0.258
2024,3203908,Nova Venécia - ES,Espírito Santo,32876,Tambaqui,1.04
2024,3203908,Nova Venécia - ES,Espírito Santo,32877,Tilápia,39.449
2024,3204005,Pancas - ES,Espírito Santo,32877,Tilápia,1.5
2024,3204054,Pedro Canário - ES,Espírito Santo,32877,Tilápia,6.032
2024,3204104,Pinheiros - ES,Espírito Santo,32861,Carpa,0.772
2024,3204104,Pinheiros - ES,Espírito Santo,32876,Tambaqui,1.235
2024,3204104,Pinheiros - ES,Espírito Santo,32877,Tilápia,9.77
2024,3204252,Ponto Belo - ES,Espírito Santo,32861,Carpa,0.276
2024,3204252,Ponto Belo - ES,Espírito Santo,32872,"Pintado, cachara, cachapira e pintachara, surubim",0.201
2024,3204252,Ponto Belo - ES,Espírito Santo,32876,Tambaqui,1.616
2024,3204252,Ponto Belo - ES,Espírito Santo,32877,Tilápia,5.665
2024,3204500,Santa Leopoldina - ES,Espírito Santo,32877,Tilápia,60.0
2024,3204559,Santa Maria de Jetibá - ES,Espírito Santo,32877,Tilápia,90.0
2024,3204609,Santa Teresa - ES,Espírito Santo,32877,Tilápia,100.0
2024,3204658,São Domingos do Norte - ES,Espírito Santo,32877,Tilápia,80.0
2024,3204906,São Mateus - ES,Espírito Santo,32877,Tilápia,25.76
2024,3204955,São Roque do Canaã - ES,Espírito Santo,32877,Tilápia,0.5
2024,3205002,Serra - ES,Espírito Santo,32877,Tilápia,60.0
2024,3205036,Vargem Alta - ES,Espírito Santo,32877,Tilápia,10.497
2024,3205101,Viana - ES,Espírito Santo,32877,Tilápia,3.0
2024,3205150,Vila Pavão - ES,Espírito Santo,32861,Carpa,1.153
2024,3205150,Vila Pavão - ES,Espírito Santo,32876,Tambaqui,1.194
2024,3205150,Vila Pavão - ES,Espírito Santo,32877,Tilápia,22.655
2024,3300100,Angra dos Reis - RJ,Rio de Janeiro,32877,Tilápia,23.0
2024,3300100,Angra dos Reis - RJ,Rio de Janeiro,32881,Outros peixes,28.0
2024,3300100,Angra dos Reis - RJ,Rio de Janeiro,32889,"Ostras, vieiras e mexilhões",13.8
2024,3300159,Aperibé - RJ,Rio de Janeiro,32861,Carpa,15.0
2024,3300159,Aperibé - RJ,Rio de Janeiro,32866,Dourado,1.0
2024,3300159,Aperibé - RJ,Rio de Janeiro,32871,"Piau, piapara, piauçu, piava",0.1
2024,3300159,Aperibé - RJ,Rio de Janeiro,32876,Tambaqui,2.0
2024,3300159,Aperibé - RJ,Rio de Janeiro,32877,Tilápia,15.0
2024,3300159,Aperibé - RJ,Rio de Janeiro,32880,Tucunaré,0.1
2024,3300258,Arraial do Cabo - RJ,Rio de Janeiro,32889,"Ostras, vieiras e mexilhões",2.6
2024,3300308,Barra do Piraí - RJ,Rio de Janeiro,32877,Tilápia,16.8
2024,3300605,Bom Jesus do Itabapoana - RJ,Rio de Janeiro,32875,"Tambacu, tambatinga",5.0
2024,3300605,Bom Jesus do Itabapoana - RJ,Rio de Janeiro,32877,Tilápia,85.0
2024,3300704,Cabo Frio - RJ,Rio de Janeiro,32877,Tilápia,5.1
2024,3300902,Cambuci - RJ,Rio de Janeiro,32877,Tilápia,12.5
2024,3301009,Campos dos Goytacazes - RJ,Rio de Janeiro,32877,Tilápia,130.0
2024,3301108,Cantagalo - RJ,Rio de Janeiro,32865,"Curimatã, curimbatá",0.3
2024,3301108,Cantagalo - RJ,Rio de Janeiro,32875,"Tambacu, tambatinga",0.05
2024,3301108,Cantagalo - RJ,Rio de Janeiro,32877,Tilápia,20.0
2024,3301207,Carmo - RJ,Rio de Janeiro,32877,Tilápia,10.0
2024,3301405,Conceição de Macabu - RJ,Rio de Janeiro,32877,Tilápia,30.0
2024,3301603,Duas Barras - RJ,Rio de Janeiro,32861,Carpa,4.185
2024,3301603,Duas Barras - RJ,Rio de Janeiro,32875,"Tambacu, tambatinga",0.055
2024,3301603,Duas Barras - RJ,Rio de Janeiro,32876,Tambaqui,0.06
2024,3301603,Duas Barras - RJ,Rio de Janeiro,32877,Tilápia,8.2
2024,3301702,Duque de Caxias - RJ,Rio de Janeiro,32876,Tambaqui,2.2
2024,3301702,Duque de Caxias - RJ,Rio de Janeiro,32877,Tilápia,5.25
2024,3301850,Guapimirim - RJ,Rio de Janeiro,32877,Tilápia,146.0
2024,3301850,Guapimirim - RJ,Rio de Janeiro,32887,Camarão,7.0
2024,3301900,Itaboraí - RJ,Rio de Janeiro,32877,Tilápia,2.0
2024,3302056,Italva - RJ,Rio de Janeiro,32861,Carpa,2.0
2024,3302056,Italva - RJ,Rio de Janeiro,32876,Tambaqui,2.0
2024,3302056,Italva - RJ,Rio de Janeiro,32877,Tilápia,6.0
2024,3302106,Itaocara - RJ,Rio de Janeiro,32877,Tilápia,31.0
2024,3302205,Itaperuna - RJ,Rio de Janeiro,32861,Carpa,16.8
2024,3302205,Itaperuna - RJ,Rio de Janeiro,32875,"Tambacu, tambatinga",0.85
2024,3302205,Itaperuna - RJ,Rio de Janeiro,32877,Tilápia,6.9
2024,3302205,Itaperuna - RJ,Rio de Janeiro,32878,Traíra e trairão,0.715
2024,3302254,Itatiaia - RJ,Rio de Janeiro,32877,Tilápia,5.2
2024,3302270,Japeri - RJ,Rio de Janeiro,32877,Tilápia,2.0
2024,3302304,Laje do Muriaé - RJ,Rio de Janeiro,32861,Carpa,3.4
2024,3302304,Laje do Muriaé - RJ,Rio de Janeiro,32865,"Curimatã, curimbatá",4.1
2024,3302304,Laje do Muriaé - RJ,Rio de Janeiro,32869,Matrinxã,1.26
2024,3302304,Laje do Muriaé - RJ,Rio de Janeiro,32875,"Tambacu, tambatinga",2.45
2024,3302304,Laje do Muriaé - RJ,Rio de Janeiro,32876,Tambaqui,3.3
2024,3302304,Laje do Muriaé - RJ,Rio de Janeiro,32877,Tilápia,10.8
2024,3302502,Magé - RJ,Rio de Janeiro,32877,Tilápia,60.0
2024,3302601,Mangaratiba - RJ,Rio de Janeiro,32877,Tilápia,460.0
2024,3302908,Miguel Pereira - RJ,Rio de Janeiro,32877,Tilápia,18.0
2024,3303005,Miracema - RJ,Rio de Janeiro,32877,Tilápia,32.0
2024,3303104,Natividade - RJ,Rio de Janeiro,32877,Tilápia,4.95
2024,3303302,Niterói - RJ,Rio de Janeiro,32889,"Ostras, vieiras e mexilhões",136.876
2024,3303401,Nova Friburgo - RJ,Rio de Janeiro,32877,Tilápia,0.4
2024,3303401,Nova Friburgo - RJ,Rio de Janeiro,32879,Truta,18.6
2024,3303500,Nova Iguaçu - RJ,Rio de Janeiro,32877,Tilápia,2.0
2024,3303708,Paraíba do Sul - RJ,Rio de Janeiro,32877,Tilápia,110.0
2024,3303807,Paraty - RJ,Rio de Janeiro,32877,Tilápia,3.6
2024,3303807,Paraty - RJ,Rio de Janeiro,32889,"Ostras, vieiras e mexilhões",1.2
2024,3303856,Paty do Alferes - RJ,Rio de Janeiro,32877,Tilápia,29.1
2024,3303906,Petrópolis - RJ,Rio de Janeiro,32879,Truta,10.0
2024,3303955,Pinheiral - RJ,Rio de Janeiro,32877,Tilápia,0.6
2024,3304102,Porciúncula - RJ,Rio de Janeiro,32861,Carpa,0.85
2024,3304102,Porciúncula - RJ,Rio de Janeiro,32868,Lambari,0.18
2024,3304102,Porciúncula - RJ,Rio de Janeiro,32869,Matrinxã,0.2
2024,3304102,Porciúncula - RJ,Rio de Janeiro,32870,Pacu e patinga,0.17
2024,3304102,Porciúncula - RJ,Rio de Janeiro,32872,"Pintado, cachara, cachapira e pintachara, surubim",0.05
2024,3304102,Porciúncula - RJ,Rio de Janeiro,32875,"Tambacu, tambatinga",0.1
2024,3304102,Porciúncula - RJ,Rio de Janeiro,32876,Tambaqui,0.17
2024,3304102,Porciúncula - RJ,Rio de Janeiro,32877,Tilápia,70.0
2024,3304110,Porto Real - RJ,Rio de Janeiro,32879,Truta,5.0
2024,3304128,Quatis - RJ,Rio de Janeiro,32877,Tilápia,100.0
2024,3304201,Resende - RJ,Rio de Janeiro,32877,Tilápia,8.0
2024,3304300,Rio Bonito - RJ,Rio de Janeiro,32877,Tilápia,6.0
2024,3304409,Rio Claro - RJ,Rio de Janeiro,32877,Tilápia,1.9
2024,3304508,Rio das Flores - RJ,Rio de Janeiro,32877,Tilápia,11.5
2024,3304607,Santa Maria Madalena - RJ,Rio de Janeiro,32861,Carpa,4.8
2024,3304607,Santa Maria Madalena - RJ,Rio de Janeiro,32877,Tilápia,25.0
2024,3304706,Santo Antônio de Pádua - RJ,Rio de Janeiro,32861,Carpa,9.1
2024,3304706,Santo Antônio de Pádua - RJ,Rio de Janeiro,32869,Matrinxã,1.6
2024,3304706,Santo Antônio de Pádua - RJ,Rio de Janeiro,32872,"Pintado, cachara, cachapira e pintachara, surubim",0.31
2024,3304706,Santo Antônio de Pádua - RJ,Rio de Janeiro,32874,Pirarucu,2.1
2024,3304706,Santo Antônio de Pádua - RJ,Rio de Janeiro,32875,"Tambacu, tambatinga",8.4
2024,3304706,Santo Antônio de Pádua - RJ,Rio de Janeiro,32876,Tambaqui,2.17
2024,3304706,Santo Antônio de Pádua - RJ,Rio de Janeiro,32877,Tilápia,15.2
2024,3304755,São Francisco de Itabapoana - RJ,Rio de Janeiro,32877,Tilápia,11.0
2024,3304805,São Fidélis - RJ,Rio de Janeiro,32861,Carpa,0.4
2024,3304805,São Fidélis - RJ,Rio de Janeiro,32876,Tambaqui,0.8
2024,3304805,São Fidélis - RJ,Rio de Janeiro,32877,Tilápia,3.0
2024,3305133,São José de Ubá - RJ,Rio de Janeiro,32861,Carpa,9.0
2024,3305133,São José de Ubá - RJ,Rio de Janeiro,32877,Tilápia,17.5
2024,3305307,São Sebastião do Alto - RJ,Rio de Janeiro,32875,"Tambacu, tambatinga",0.65
2024,3305307,São Sebastião do Alto - RJ,Rio de Janeiro,32877,Tilápia,2.6
2024,3305604,Silva Jardim - RJ,Rio de Janeiro,32877,Tilápia,14.8
2024,3305604,Silva Jardim - RJ,Rio de Janeiro,32878,Traíra e trairão,2.5
2024,3305604,Silva Jardim - RJ,Rio de Janeiro,32880,Tucunaré,2.0
2024,3305604,Silva Jardim - RJ,Rio de Janeiro,32887,Camarão,6.0
2024,3305703,Sumidouro - RJ,Rio de Janeiro,32877,Tilápia,12.5
2024,3305802,Teresópolis - RJ,Rio de Janeiro,32877,Tilápia,20.3
2024,3305901,Trajano de Moraes - RJ,Rio de Janeiro,32877,Tilápia,1.8
2024,3306107,Valença - RJ,Rio de Janeiro,32877,Tilápia,5.5
2024,3500501,Águas de Lindóia - SP,São Paulo,32870,Pacu e patinga,20.0
2024,3500501,Águas de Lindóia - SP,São Paulo,32877,Tilápia,0.5
2024,3500550,Águas de Santa Bárbara - SP,São Paulo,32877,Tilápia,8.0
2024,3501905,Amparo - SP,São Paulo,32870,Pacu e patinga,2.0
2024,3501905,Amparo - SP,São Paulo,32877,Tilápia,265.41
2024,3503109,Arandu - SP,São Paulo,32877,Tilápia,352.0
2024,3503158,Arapeí - SP,São Paulo,32861,Carpa,0.1
2024,3503158,Arapeí - SP,São Paulo,32870,Pacu e patinga,0.12
2024,3503158,Arapeí - SP,São Paulo,32877,Tilápia,0.45
2024,3503158,Arapeí - SP,São Paulo,32879,Truta,0.1
2024,3503406,Arealva - SP,São Paulo,32877,Tilápia,874.8
2024,3503505,Areias - SP,São Paulo,32877,Tilápia,0.16
2024,3504008,Assis - SP,São Paulo,32877,Tilápia,19.0
2024,3504107,Atibaia - SP,São Paulo,32877,Tilápia,21.5
2024,3504503,Avaré - SP,São Paulo,32877,Tilápia,1.3
2024,3504909,Bananal - SP,São Paulo,32877,Tilápia,4.3
2024,3504909,Bananal - SP,São Paulo,32879,Truta,3.5
2024,3505005,Barão de Antonina - SP,São Paulo,32877,Tilápia,40.0
2024,3505203,Bariri - SP,São Paulo,32870,Pacu e patinga,31.0
2024,3505401,Barra do Turvo - SP,São Paulo,32861,Carpa,1.0
2024,3505401,Barra do Turvo - SP,São Paulo,32870,Pacu e patinga,1.0
2024,3505401,Barra do Turvo - SP,São Paulo,32877,Tilápia,4.0
2024,3505807,Bastos - SP,São Paulo,32868,Lambari,10.0
2024,3506805,Bocaina - SP,São Paulo,32877,Tilápia,10.0
2024,3507308,Boracéia - SP,São Paulo,32870,Pacu e patinga,7.5
2024,3507605,Bragança Paulista - SP,São Paulo,32870,Pacu e patinga,5.5
2024,3507605,Bragança Paulista - SP,São Paulo,32877,Tilápia,25.5
2024,3508108,Buritama - SP,São Paulo,32870,Pacu e patinga,5.01
2024,3508108,Buritama - SP,São Paulo,32877,Tilápia,3.01
2024,3508603,Cachoeira Paulista - SP,São Paulo,32877,Tilápia,0.21
2024,3508702,Caconde - SP,São Paulo,32870,Pacu e patinga,20.0
2024,3508702,Caconde - SP,São Paulo,32877,Tilápia,1500.0
2024,3509106,Caiuá - SP,São Paulo,32870,Pacu e patinga,0.615
2024,3509106,Caiuá - SP,São Paulo,32871,"Piau, piapara, piauçu, piava",0.57
2024,3509106,Caiuá - SP,São Paulo,32877,Tilápia,0.58
2024,3509254,Cajati - SP,São Paulo,32870,Pacu e patinga,1.0
2024,3509254,Cajati - SP,São Paulo,32877,Tilápia,2.5
2024,3509254,Cajati - SP,São Paulo,32881,Outros peixes,1.0
2024,3509403,Cajuru - SP,São Paulo,32870,Pacu e patinga,5.0
2024,3509403,Cajuru - SP,São Paulo,32877,Tilápia,100.0
2024,3509809,Campos Novos Paulista - SP,São Paulo,32877,Tilápia,3.5
2024,3509908,Cananéia - SP,São Paulo,32861,Carpa,2.0
2024,3509908,Cananéia - SP,São Paulo,32870,Pacu e patinga,10.0
2024,3509908,Cananéia - SP,São Paulo,32877,Tilápia,2.0
2024,3509908,Cananéia - SP,São Paulo,32881,Outros peixes,9.0
2024,3509908,Cananéia - SP,São Paulo,32889,"Ostras, vieiras e mexilhões",6.0
2024,3510005,Cândido Mota - SP,São Paulo,32861,Carpa,3.45
2024,3510005,Cândido Mota - SP,São Paulo,32865,"Curimatã, curimbatá",3.46
2024,3510005,Cândido Mota - SP,São Paulo,32866,Dourado,3.7
2024,3510005,Cândido Mota - SP,São Paulo,32867,"Jatuarana, piabanha e piracanjuba",3.2
2024,3510005,Cândido Mota - SP,São Paulo,32869,Matrinxã,3.57
2024,3510005,Cândido Mota - SP,São Paulo,32870,Pacu e patinga,56.4
2024,3510005,Cândido Mota - SP,São Paulo,32875,"Tambacu, tambatinga",3.73
2024,3510005,Cândido Mota - SP,São Paulo,32876,Tambaqui,3.2
2024,3510005,Cândido Mota - SP,São Paulo,32877,Tilápia,712.0
2024,3510500,Caraguatatuba - SP,São Paulo,32889,"Ostras, vieiras e mexilhões",6.8
2024,3511003,Castilho - SP,São Paulo,32877,Tilápia,45.0
2024,3511409,Cerqueira César - SP,São Paulo,32877,Tilápia,4.0
2024,3512209,Conchal - SP,São Paulo,32861,Carpa,1.65
2024,3512209,Conchal - SP,São Paulo,32866,Dourado,0.27
2024,3512209,Conchal - SP,São Paulo,32868,Lambari,1.0
2024,3512209,Conchal - SP,São Paulo,32869,Matrinxã,0.7
2024,3512209,Conchal - SP,São Paulo,32870,Pacu e patinga,30.0
2024,3512209,Conchal - SP,São Paulo,32871,"Piau, piapara, piauçu, piava",12.0
2024,3512209,Conchal - SP,São Paulo,32872,"Pintado, cachara, cachapira e pintachara, surubim",0.9
2024,3512209,Conchal - SP,São Paulo,32877,Tilápia,90.0
2024,3512209,Conchal - SP,São Paulo,32881,Outros peixes,55.0
2024,3512605,Coronel Macedo - SP,São Paulo,32870,Pacu e patinga,2.0
2024,3512605,Coronel Macedo - SP,São Paulo,32875,"Tambacu, tambatinga",5.0
2024,3512605,Coronel Macedo - SP,São Paulo,32877,Tilápia,10.0
2024,3512704,Corumbataí - SP,São Paulo,32877,Tilápia,3.85
2024,3512803,Cosmópolis - SP,São Paulo,32870,Pacu e patinga,24.7
2024,3512803,Cosmópolis - SP,São Paulo,32877,Tilápia,26.5
2024,3512902,Cosmorama - SP,São Paulo,32870,Pacu e patinga,3.2
2024,3512902,Cosmorama - SP,São Paulo,32877,Tilápia,10.6
2024,3513702,Descalvado - SP,São Paulo,32870,Pacu e patinga,74.0
2024,3513702,Descalvado - SP,São Paulo,32877,Tilápia,25.0
2024,3514106,Dois Córregos - SP,São Paulo,32877,Tilápia,13.0
2024,3514809,Eldorado - SP,São Paulo,32870,Pacu e patinga,50.0
2024,3514809,Eldorado - SP,São Paulo,32877,Tilápia,50.0
2024,3514957,Embaúba - SP,São Paulo,32870,Pacu e patinga,8.0
2024,3515186,Espírito Santo do Pinhal - SP,São Paulo,32870,Pacu e patinga,75.0
2024,3515186,Espírito Santo do Pinhal - SP,São Paulo,32877,Tilápia,180.0
2024,3515400,Fartura - SP,São Paulo,32877,Tilápia,2150.0
2024,3516101,Florínea - SP,São Paulo,32877,Tilápia,6.7
2024,3516705,Garça - SP,São Paulo,32877,Tilápia,16.0
2024,3517406,Guaíra - SP,São Paulo,32870,Pacu e patinga,30.547
2024,3517406,Guaíra - SP,São Paulo,32877,Tilápia,70.354
2024,3517505,Guapiaçu - SP,São Paulo,32870,Pacu e patinga,9.3
2024,3517505,Guapiaçu - SP,São Paulo,32871,"Piau, piapara, piauçu, piava",1.5
2024,3517505,Guapiaçu - SP,São Paulo,32877,Tilápia,15.0
2024,3518305,Guararema - SP,São Paulo,32877,Tilápia,1.05
2024,3518503,Guareí - SP,São Paulo,32870,Pacu e patinga,0.4
2024,3518503,Guareí - SP,São Paulo,32877,Tilápia,1.2
2024,3518859,Guatapará - SP,São Paulo,32877,Tilápia,9.6
2024,3519105,Iacanga - SP,São Paulo,32868,Lambari,8.0
2024,3519303,Ibaté - SP,São Paulo,32877,Tilápia,12.0
2024,3519600,Ibitinga - SP,São Paulo,32869,Matrinxã,0.06
2024,3519600,Ibitinga - SP,São Paulo,32870,Pacu e patinga,2.45
2024,3519600,Ibitinga - SP,São Paulo,32877,Tilápia,0.545
2024,3520103,Igarapava - SP,São Paulo,32877,Tilápia,450.0
2024,3520202,Igaratá - SP,São Paulo,32877,Tilápia,70.0
2024,3520400,Ilhabela - SP,São Paulo,32889,"Ostras, vieiras e mexilhões",2.48
2024,3520442,Ilha Solteira - SP,São Paulo,32877,Tilápia,3350.0
2024,3520707,Indiaporã - SP,São Paulo,32877,Tilápia,1900.0
2024,3520905,Ipaussu - SP,São Paulo,32877,Tilápia,800.8
2024,3521200,Iporanga - SP,São Paulo,32861,Carpa,0.3
2024,3521200,Iporanga - SP,São Paulo,32870,Pacu e patinga,0.3
2024,3521200,Iporanga - SP,São Paulo,32877,Tilápia,1.5
2024,3521309,Ipuã - SP,São Paulo,32870,Pacu e patinga,8.0
2024,3521309,Ipuã - SP,São Paulo,32877,Tilápia,5.0
2024,3521804,Itaí - SP,São Paulo,32877,Tilápia,1109.0
2024,3521903,Itajobi - SP,São Paulo,32877,Tilápia,170.0
2024,3522000,Itaju - SP,São Paulo,32870,Pacu e patinga,1.6
2024,3522000,Itaju - SP,São Paulo,32872,"Pintado, cachara, cachapira e pintachara, surubim",0.3
2024,3522307,Itapetininga - SP,São Paulo,32869,Matrinxã,0.35
2024,3522307,Itapetininga - SP,São Paulo,32870,Pacu e patinga,0.68
2024,3522307,Itapetininga - SP,São Paulo,32877,Tilápia,10.5
2024,3522604,Itapira - SP,São Paulo,32861,Carpa,12.7
2024,3522604,Itapira - SP,São Paulo,32865,"Curimatã, curimbatá",7.8
2024,3522604,Itapira - SP,São Paulo,32866,Dourado,8.2
2024,3522604,Itapira - SP,São Paulo,32869,Matrinxã,7.5
2024,3522604,Itapira - SP,São Paulo,32870,Pacu e patinga,40.0
2024,3522604,Itapira - SP,São Paulo,32871,"Piau, piapara, piauçu, piava",8.3
2024,3522604,Itapira - SP,São Paulo,32872,"Pintado, cachara, cachapira e pintachara, surubim",18.0
2024,3522604,Itapira - SP,São Paulo,32873,Pirapitinga,30.0
2024,3522604,Itapira - SP,São Paulo,32875,"Tambacu, tambatinga",38.0
2024,3522604,Itapira - SP,São Paulo,32877,Tilápia,330.0
2024,3522604,Itapira - SP,São Paulo,32881,Outros peixes,14.5
2024,3524402,Jacareí - SP,São Paulo,32877,Tilápia,300.0
2024,3524600,Jacupiranga - SP,São Paulo,32861,Carpa,4.0
2024,3524600,Jacupiranga - SP,São Paulo,32870,Pacu e patinga,3.0
2024,3524600,Jacupiranga - SP,São Paulo,32876,Tambaqui,3.0
2024,3524600,Jacupiranga - SP,São Paulo,32877,Tilápia,10.0
2024,3525102,Jardinópolis - SP,São Paulo,32877,Tilápia,4.5
2024,3525300,Jaú - SP,São Paulo,32870,Pacu e patinga,1.0
2024,3525300,Jaú - SP,São Paulo,32877,Tilápia,10.3
2024,3525508,Joanópolis - SP,São Paulo,32861,Carpa,0.58
2024,3525508,Joanópolis - SP,São Paulo,32877,Tilápia,3.1
2024,3525607,João Ramalho - SP,São Paulo,32877,Tilápia,4.908
2024,3525706,José Bonifácio - SP,São Paulo,32870,Pacu e patinga,1.0
2024,3525706,José Bonifácio - SP,São Paulo,32877,Tilápia,30.0
2024,3526001,Junqueirópolis - SP,São Paulo,32870,Pacu e patinga,3.2
2024,3526001,Junqueirópolis - SP,São Paulo,32877,Tilápia,7.5
2024,3526100,Juquiá - SP,São Paulo,32870,Pacu e patinga,150.0
2024,3526100,Juquiá - SP,São Paulo,32877,Tilápia,200.0
2024,3528106,Macaubal - SP,São Paulo,32870,Pacu e patinga,2.0
2024,3528106,Macaubal - SP,São Paulo,32877,Tilápia,35.0
2024,3528106,Macaubal - SP,São Paulo,32881,Outros peixes,3.0
2024,3528700,Marabá Paulista - SP,São Paulo,32868,Lambari,3.15
2024,3528809,Maracaí - SP,São Paulo,32877,Tilápia,12.3
2024,3529658,Mesópolis - SP,São Paulo,32877,Tilápia,2500.0
2024,3530201,Mirante do Paranapanema - SP,São Paulo,32868,Lambari,6.15
2024,3530201,Mirante do Paranapanema - SP,São Paulo,32870,Pacu e patinga,8.8
2024,3530201,Mirante do Paranapanema - SP,São Paulo,32877,Tilápia,21.0
2024,3530508,Mococa - SP,São Paulo,32881,Outros peixes,800.0
2024,3530706,Mogi Guaçu - SP,São Paulo,32861,Carpa,17.4
2024,3530706,Mogi Guaçu - SP,São Paulo,32865,"Curimatã, curimbatá",13.0
2024,3530706,Mogi Guaçu - SP,São Paulo,32866,Dourado,11.5
2024,3530706,Mogi Guaçu - SP,São Paulo,32869,Matrinxã,12.8
2024,3530706,Mogi Guaçu - SP,São Paulo,32870,Pacu e patinga,56.0
2024,3530706,Mogi Guaçu - SP,São Paulo,32871,"Piau, piapara, piauçu, piava",15.5
2024,3530706,Mogi Guaçu - SP,São Paulo,32872,"Pintado, cachara, cachapira e pintachara, surubim",30.0
2024,3530706,Mogi Guaçu - SP,São Paulo,32873,Pirapitinga,26.0
2024,3530706,Mogi Guaçu - SP,São Paulo,32875,"Tambacu, tambatinga",43.0
2024,3530706,Mogi Guaçu - SP,São Paulo,32877,Tilápia,360.0
2024,3530706,Mogi Guaçu - SP,São Paulo,32881,Outros peixes,58.0
2024,3530805,Mogi Mirim - SP,São Paulo,32861,Carpa,15.8
2024,3530805,Mogi Mirim - SP,São Paulo,32865,"Curimatã, curimbatá",9.5
2024,3530805,Mogi Mirim - SP,São Paulo,32866,Dourado,11.0
2024,3530805,Mogi Mirim - SP,São Paulo,32869,Matrinxã,8.0
2024,3530805,Mogi Mirim - SP,São Paulo,32870,Pacu e patinga,50.0
2024,3530805,Mogi Mirim - SP,São Paulo,32871,"Piau, piapara, piauçu, piava",9.0
2024,3530805,Mogi Mirim - SP,São Paulo,32872,"Pintado, cachara, cachapira e pintachara, surubim",20.0
2024,3530805,Mogi Mirim - SP,São Paulo,32873,Pirapitinga,30.0
2024,3530805,Mogi Mirim - SP,São Paulo,32875,"Tambacu, tambatinga",40.5
2024,3530805,Mogi Mirim - SP,São Paulo,32877,Tilápia,350.0
2024,3530805,Mogi Mirim - SP,São Paulo,32881,Outros peixes,42.5
2024,3531209,Monte Alegre do Sul - SP,São Paulo,32870,Pacu e patinga,14.0
2024,3531209,Monte Alegre do Sul - SP,São Paulo,32877,Tilápia,105.0
2024,3531902,Morro Agudo - SP,São Paulo,32870,Pacu e patinga,5.0
2024,3531902,Morro Agudo - SP,São Paulo,32875,"Tambacu, tambatinga",5.0
2024,3531902,Morro Agudo - SP,São Paulo,32877,Tilápia,22.0
2024,3532306,Natividade da Serra - SP,São Paulo,32877,Tilápia,75.0
2024,3532405,Nazaré Paulista - SP,São Paulo,32877,Tilápia,18.0
2024,3533908,Olímpia - SP,São Paulo,32870,Pacu e patinga,128.0
2024,3534203,Orindiúva - SP,São Paulo,32869,Matrinxã,2.8
2024,3534203,Orindiúva - SP,São Paulo,32870,Pacu e patinga,2.8
2024,3534807,Ouro Verde - SP,São Paulo,32877,Tilápia,7.5
2024,3535309,Palmital - SP,São Paulo,32877,Tilápia,900.0
2024,3535408,Panorama - SP,São Paulo,32877,Tilápia,4500.0
2024,3535507,Paraguaçu Paulista - SP,São Paulo,32870,Pacu e patinga,19.25
2024,3535507,Paraguaçu Paulista - SP,São Paulo,32875,"Tambacu, tambatinga",21.0
2024,3535507,Paraguaçu Paulista - SP,São Paulo,32877,Tilápia,95.3
2024,3535606,Paraibuna - SP,São Paulo,32868,Lambari,2.0
2024,3535606,Paraibuna - SP,São Paulo,32877,Tilápia,200.0
2024,3535705,Paraíso - SP,São Paulo,32870,Pacu e patinga,1.25
2024,3535705,Paraíso - SP,São Paulo,32877,Tilápia,2.4
2024,3536208,Pariquera-Açu - SP,São Paulo,32870,Pacu e patinga,3.0
2024,3536208,Pariquera-Açu - SP,São Paulo,32876,Tambaqui,3.0
2024,3536208,Pariquera-Açu - SP,São Paulo,32877,Tilápia,18.0
2024,3536208,Pariquera-Açu - SP,São Paulo,32881,Outros peixes,0.25
2024,3536406,Paulicéia - SP,São Paulo,32870,Pacu e patinga,30.0
2024,3536406,Paulicéia - SP,São Paulo,32877,Tilápia,250.0
2024,3536703,Pederneiras - SP,São Paulo,32870,Pacu e patinga,12.0
2024,3536802,Pedra Bela - SP,São Paulo,32870,Pacu e patinga,26.0
2024,3536802,Pedra Bela - SP,São Paulo,32877,Tilápia,28.0
2024,3537156,Pedrinhas Paulista - SP,São Paulo,32877,Tilápia,25.6
2024,3537602,Peruíbe - SP,São Paulo,32868,Lambari,0.48
2024,3537602,Peruíbe - SP,São Paulo,32877,Tilápia,5.0
2024,3537701,Piacatu - SP,São Paulo,32875,"Tambacu, tambatinga",0.505
2024,3537701,Piacatu - SP,São Paulo,32876,Tambaqui,1.01
2024,3537701,Piacatu - SP,São Paulo,32877,Tilápia,1.01
2024,3537701,Piacatu - SP,São Paulo,32881,Outros peixes,3.01
2024,3538105,Pindorama - SP,São Paulo,32877,Tilápia,2.4
2024,3538204,Pinhalzinho - SP,São Paulo,32877,Tilápia,18.0
2024,3538303,Piquerobi - SP,São Paulo,32877,Tilápia,29.0
2024,3538600,Piracaia - SP,São Paulo,32877,Tilápia,10.5
2024,3538600,Piracaia - SP,São Paulo,32879,Truta,42.0
2024,3539608,Planalto - SP,São Paulo,32875,"Tambacu, tambatinga",8.78
2024,3539608,Planalto - SP,São Paulo,32877,Tilápia,17.2
2024,3540507,Porangaba - SP,São Paulo,32877,Tilápia,17.0
2024,3541059,Pratânia - SP,São Paulo,32877,Tilápia,6.5
2024,3541307,Presidente Epitácio - SP,São Paulo,32877,Tilápia,49.41
2024,3541307,Presidente Epitácio - SP,São Paulo,32878,Traíra e trairão,145.0
2024,3541406,Presidente Prudente - SP,São Paulo,32877,Tilápia,0.89
2024,3542206,Rancharia - SP,São Paulo,32868,Lambari,9.76
2024,3542206,Rancharia - SP,São Paulo,32877,Tilápia,55.35
2024,3542404,Regente Feijó - SP,São Paulo,32868,Lambari,1.223
2024,3542404,Regente Feijó - SP,São Paulo,32877,Tilápia,40.0
2024,3542602,Registro - SP,São Paulo,32870,Pacu e patinga,8.4
2024,3542602,Registro - SP,São Paulo,32875,"Tambacu, tambatinga",1.8
2024,3542602,Registro - SP,São Paulo,32876,Tambaqui,1.8
2024,3542602,Registro - SP,São Paulo,32877,Tilápia,20.0
2024,3543600,Rifaina - SP,São Paulo,32877,Tilápia,10000.0
2024,3544202,Riolândia - SP,São Paulo,32877,Tilápia,4379.95
2024,3544251,Rosana - SP,São Paulo,32877,Tilápia,39.3
2024,3544509,Rubinéia - SP,São Paulo,32877,Tilápia,8718.9
2024,3545100,Salmourão - SP,São Paulo,32870,Pacu e patinga,7.1
2024,3545704,Santa Albertina - SP,São Paulo,32877,Tilápia,1800.0
2024,3546009,Santa Branca - SP,São Paulo,32877,Tilápia,50.0
2024,3546108,Santa Clara d'Oeste - SP,São Paulo,32877,Tilápia,6250.0
2024,3546207,Santa Cruz da Conceição - SP,São Paulo,32861,Carpa,0.3
2024,3546207,Santa Cruz da Conceição - SP,São Paulo,32865,"Curimatã, curimbatá",0.25
2024,3546207,Santa Cruz da Conceição - SP,São Paulo,32866,Dourado,0.15
2024,3546207,Santa Cruz da Conceição - SP,São Paulo,32869,Matrinxã,0.25
2024,3546207,Santa Cruz da Conceição - SP,São Paulo,32870,Pacu e patinga,1.7
2024,3546207,Santa Cruz da Conceição - SP,São Paulo,32871,"Piau, piapara, piauçu, piava",0.2
2024,3546207,Santa Cruz da Conceição - SP,São Paulo,32872,"Pintado, cachara, cachapira e pintachara, surubim",0.1
2024,3546207,Santa Cruz da Conceição - SP,São Paulo,32873,Pirapitinga,0.1
2024,3546207,Santa Cruz da Conceição - SP,São Paulo,32875,"Tambacu, tambatinga",1.2
2024,3546207,Santa Cruz da Conceição - SP,São Paulo,32877,Tilápia,1.0
2024,3546256,Santa Cruz da Esperança - SP,São Paulo,32877,Tilápia,18.0
2024,3546405,Santa Cruz do Rio Pardo - SP,São Paulo,32870,Pacu e patinga,2.0
2024,3546405,Santa Cruz do Rio Pardo - SP,São Paulo,32871,"Piau, piapara, piauçu, piava",0.85
2024,3546405,Santa Cruz do Rio Pardo - SP,São Paulo,32875,"Tambacu, tambatinga",4.0
2024,3546405,Santa Cruz do Rio Pardo - SP,São Paulo,32877,Tilápia,6.5
2024,3546603,Santa Fé do Sul - SP,São Paulo,32877,Tilápia,1595.1
2024,3546801,Santa Isabel - SP,São Paulo,32877,Tilápia,5.0
2024,3547007,Santa Maria da Serra - SP,São Paulo,32870,Pacu e patinga,12.0
2024,3547403,Santa Rita d'Oeste - SP,São Paulo,32877,Tilápia,0.8
2024,3547601,Santa Rosa de Viterbo - SP,São Paulo,32870,Pacu e patinga,1.0
2024,3547601,Santa Rosa de Viterbo - SP,São Paulo,32876,Tambaqui,1.5
2024,3547601,Santa Rosa de Viterbo - SP,São Paulo,32877,Tilápia,1.0
2024,3548005,Santo Antônio de Posse - SP,São Paulo,32861,Carpa,17.0
2024,3548005,Santo Antônio de Posse - SP,São Paulo,32865,"Curimatã, curimbatá",9.0
2024,3548005,Santo Antônio de Posse - SP,São Paulo,32866,Dourado,11.0
2024,3548005,Santo Antônio de Posse - SP,São Paulo,32869,Matrinxã,8.0
2024,3548005,Santo Antônio de Posse - SP,São Paulo,32870,Pacu e patinga,47.5
2024,3548005,Santo Antônio de Posse - SP,São Paulo,32871,"Piau, piapara, piauçu, piava",11.0
2024,3548005,Santo Antônio de Posse - SP,São Paulo,32872,"Pintado, cachara, cachapira e pintachara, surubim",15.5
2024,3548005,Santo Antônio de Posse - SP,São Paulo,32873,Pirapitinga,24.0
2024,3548005,Santo Antônio de Posse - SP,São Paulo,32875,"Tambacu, tambatinga",40.8
2024,3548005,Santo Antônio de Posse - SP,São Paulo,32877,Tilápia,230.0
2024,3548005,Santo Antônio de Posse - SP,São Paulo,32881,Outros peixes,32.0
2024,3548054,Santo Antônio do Aracanguá - SP,São Paulo,32877,Tilápia,220.0
2024,3548203,Santo Antônio do Pinhal - SP,São Paulo,32879,Truta,5.85
2024,3549607,São José do Barreiro - SP,São Paulo,32877,Tilápia,3.2
2024,3549607,São José do Barreiro - SP,São Paulo,32879,Truta,1.4
2024,3549706,São José do Rio Pardo - SP,São Paulo,32877,Tilápia,91.0
2024,3550100,São Manuel - SP,São Paulo,32877,Tilápia,230.0
2024,3550209,São Miguel Arcanjo - SP,São Paulo,32877,Tilápia,22.0
2024,3550506,São Pedro do Turvo - SP,São Paulo,32877,Tilápia,1.2
2024,3550704,São Sebastião - SP,São Paulo,32889,"Ostras, vieiras e mexilhões",7.0
2024,3551108,Sarapuí - SP,São Paulo,32877,Tilápia,9.5
2024,3551603,Serra Negra - SP,São Paulo,32861,Carpa,1.3
2024,3551603,Serra Negra - SP,São Paulo,32870,Pacu e patinga,58.7
2024,3551603,Serra Negra - SP,São Paulo,32877,Tilápia,156.1
2024,3551801,Sete Barras - SP,São Paulo,32870,Pacu e patinga,20.0
2024,3551801,Sete Barras - SP,São Paulo,32877,Tilápia,40.0
2024,3551801,Sete Barras - SP,São Paulo,32881,Outros peixes,5.0
2024,3552106,Socorro - SP,São Paulo,32861,Carpa,5.5
2024,3552106,Socorro - SP,São Paulo,32870,Pacu e patinga,18.0
2024,3552106,Socorro - SP,São Paulo,32877,Tilápia,170.0
2024,3552304,Sud Mennucci - SP,São Paulo,32877,Tilápia,2750.0
2024,3553401,Tanabi - SP,São Paulo,32870,Pacu e patinga,3.8
2024,3553401,Tanabi - SP,São Paulo,32877,Tilápia,4.0
2024,3553906,Tarabai - SP,São Paulo,32877,Tilápia,1.6
2024,3554300,Teodoro Sampaio - SP,São Paulo,32868,Lambari,6.8
2024,3554656,Torre de Pedra - SP,São Paulo,32877,Tilápia,44.0
2024,3554656,Torre de Pedra - SP,São Paulo,32881,Outros peixes,15.0
2024,3554904,Três Fronteiras - SP,São Paulo,32877,Tilápia,700.0
2024,3554953,Tuiuti - SP,São Paulo,32877,Tilápia,28.0
2024,3555000,Tupã - SP,São Paulo,32868,Lambari,7.5
2024,3555000,Tupã - SP,São Paulo,32870,Pacu e patinga,10.0
2024,3555109,Tupi Paulista - SP,São Paulo,32870,Pacu e patinga,4.4
2024,3555109,Tupi Paulista - SP,São Paulo,32875,"Tambacu, tambatinga",1.3
2024,3555356,Ubarana - SP,São Paulo,32877,Tilápia,96.0
2024,3555406,Ubatuba - SP,São Paulo,32889,"Ostras, vieiras e mexilhões",35.0
2024,3557105,Votuporanga - SP,São Paulo,32877,Tilápia,10.0
2024,3557154,Zacarias - SP,São Paulo,32877,Tilápia,3481.0
2024,3557303,Estiva Gerbi - SP,São Paulo,32861,Carpa,15.8
2024,3557303,Estiva Gerbi - SP,São Paulo,32865,"Curimatã, curimbatá",11.7
2024,3557303,Estiva Gerbi - SP,São Paulo,32866,Dourado,8.6
2024,3557303,Estiva Gerbi - SP,São Paulo,32869,Matrinxã,10.3
2024,3557303,Estiva Gerbi - SP,São Paulo,32870,Pacu e patinga,46.0
2024,3557303,Estiva Gerbi - SP,São Paulo,32871,"Piau, piapara, piauçu, piava",26.0
2024,3557303,Estiva Gerbi - SP,São Paulo,32872,"Pintado, cachara, cachapira e pintachara, surubim",19.5
2024,3557303,Estiva Gerbi - SP,São Paulo,32873,Pirapitinga,26.8
2024,3557303,Estiva Gerbi - SP,São Paulo,32875,"Tambacu, tambatinga",57.5
2024,3557303,Estiva Gerbi - SP,São Paulo,32877,Tilápia,650.0
2024,3557303,Estiva Gerbi - SP,São Paulo,32881,Outros peixes,38.0
2024,4100103,Abatiá - PR,Paraná,32870,Pacu e patinga,4.9
2024,4100103,Abatiá - PR,Paraná,32877,Tilápia,8.2
2024,4100301,Agudos do Sul - PR,Paraná,32861,Carpa,19.0
2024,4100301,Agudos do Sul - PR,Paraná,32877,Tilápia,19.0
2024,4100301,Agudos do Sul - PR,Paraná,32881,Outros peixes,1.3
2024,4100459,Altamira do Paraná - PR,Paraná,32877,Tilápia,2.0
2024,4100509,Altônia - PR,Paraná,32877,Tilápia,20.0
2024,4100608,Alto Paraná - PR,Paraná,32870,Pacu e patinga,2.8
2024,4100608,Alto Paraná - PR,Paraná,32877,Tilápia,6.5
2024,4100806,Alvorada do Sul - PR,Paraná,32877,Tilápia,860.961
2024,4100905,Amaporã - PR,Paraná,32870,Pacu e patinga,0.3
2024,4100905,Amaporã - PR,Paraná,32877,Tilápia,0.5
2024,4101002,Ampére - PR,Paraná,32861,Carpa,39.051
2024,4101002,Ampére - PR,Paraná,32870,Pacu e patinga,9.67
2024,4101002,Ampére - PR,Paraná,32871,"Piau, piapara, piauçu, piava",0.12
2024,4101002,Ampére - PR,Paraná,32875,"Tambacu, tambatinga",4.3
2024,4101002,Ampére - PR,Paraná,32877,Tilápia,77.5
2024,4101002,Ampére - PR,Paraná,32878,Traíra e trairão,4.195
2024,4101002,Ampére - PR,Paraná,32881,Outros peixes,3.5
2024,4101051,Anahy - PR,Paraná,32861,Carpa,4.88
2024,4101051,Anahy - PR,Paraná,32865,"Curimatã, curimbatá",1.25
2024,4101051,Anahy - PR,Paraná,32870,Pacu e patinga,8.05
2024,4101051,Anahy - PR,Paraná,32871,"Piau, piapara, piauçu, piava",3.4
2024,4101051,Anahy - PR,Paraná,32877,Tilápia,850.0
2024,4101051,Anahy - PR,Paraná,32878,Traíra e trairão,0.95
2024,4101101,Andirá - PR,Paraná,32861,Carpa,12.0
2024,4101101,Andirá - PR,Paraná,32870,Pacu e patinga,10.0
2024,4101101,Andirá - PR,Paraná,32877,Tilápia,250.0
2024,4101200,Antonina - PR,Paraná,32861,Carpa,0.35
2024,4101200,Antonina - PR,Paraná,32870,Pacu e patinga,1.5
2024,4101200,Antonina - PR,Paraná,32877,Tilápia,33.0
2024,4101200,Antonina - PR,Paraná,32889,"Ostras, vieiras e mexilhões",14.4
2024,4101309,Antônio Olinto - PR,Paraná,32861,Carpa,5.0
2024,4101309,Antônio Olinto - PR,Paraná,32877,Tilápia,15.0
2024,4101309,Antônio Olinto - PR,Paraná,32881,Outros peixes,2.5
2024,4101408,Apucarana - PR,Paraná,32877,Tilápia,77.5
2024,4101507,Arapongas - PR,Paraná,32870,Pacu e patinga,1.35
2024,4101507,Arapongas - PR,Paraná,32876,Tambaqui,1.45
2024,4101507,Arapongas - PR,Paraná,32877,Tilápia,105.0
2024,4101705,Araruna - PR,Paraná,32877,Tilápia,25.0
2024,4101853,Ariranha do Ivaí - PR,Paraná,32877,Tilápia,12.0
2024,4102000,Assis Chateaubriand - PR,Paraná,32861,Carpa,12.5
2024,4102000,Assis Chateaubriand - PR,Paraná,32870,Pacu e patinga,20.0
2024,4102000,Assis Chateaubriand - PR,Paraná,32875,"Tambacu, tambatinga",2.0
2024,4102000,Assis Chateaubriand - PR,Paraná,32877,Tilápia,14700.0
2024,4102109,Astorga - PR,Paraná,32877,Tilápia,23.5
2024,4102208,Atalaia - PR,Paraná,32861,Carpa,2.1
2024,4102208,Atalaia - PR,Paraná,32870,Pacu e patinga,5.6
2024,4102208,Atalaia - PR,Paraná,32877,Tilápia,150.0
2024,4102406,Bandeirantes - PR,Paraná,32861,Carpa,1.0
2024,4102406,Bandeirantes - PR,Paraná,32870,Pacu e patinga,6.0
2024,4102406,Bandeirantes - PR,Paraná,32871,"Piau, piapara, piauçu, piava",1.0
2024,4102406,Bandeirantes - PR,Paraná,32875,"Tambacu, tambatinga",6.0
2024,4102406,Bandeirantes - PR,Paraná,32877,Tilápia,130.0
2024,4102505,Barbosa Ferraz - PR,Paraná,32861,Carpa,1.3
2024,4102505,Barbosa Ferraz - PR,Paraná,32870,Pacu e patinga,0.295
2024,4102505,Barbosa Ferraz - PR,Paraná,32871,"Piau, piapara, piauçu, piava",1.5
2024,4102505,Barbosa Ferraz - PR,Paraná,32877,Tilápia,25.0
2024,4102604,Barracão - PR,Paraná,32861,Carpa,36.0
2024,4102604,Barracão - PR,Paraná,32868,Lambari,0.1
2024,4102604,Barracão - PR,Paraná,32870,Pacu e patinga,3.0
2024,4102604,Barracão - PR,Paraná,32875,"Tambacu, tambatinga",2.5
2024,4102604,Barracão - PR,Paraná,32877,Tilápia,46.0
2024,4102604,Barracão - PR,Paraná,32878,Traíra e trairão,1.5
2024,4102604,Barracão - PR,Paraná,32881,Outros peixes,2.0
2024,4102703,Barra do Jacaré - PR,Paraná,32870,Pacu e patinga,10.8
2024,4102703,Barra do Jacaré - PR,Paraná,32877,Tilápia,30.0
2024,4102752,Bela Vista da Caroba - PR,Paraná,32861,Carpa,68.7
2024,4102752,Bela Vista da Caroba - PR,Paraná,32870,Pacu e patinga,7.033
2024,4102752,Bela Vista da Caroba - PR,Paraná,32871,"Piau, piapara, piauçu, piava",2.16
2024,4102752,Bela Vista da Caroba - PR,Paraná,32877,Tilápia,47.5
2024,4102752,Bela Vista da Caroba - PR,Paraná,32878,Traíra e trairão,2.97
2024,4102752,Bela Vista da Caroba - PR,Paraná,32881,Outros peixes,2.89
2024,4102802,Bela Vista do Paraíso - PR,Paraná,32877,Tilápia,955.552
2024,4102901,Bituruna - PR,Paraná,32861,Carpa,37.8
2024,4102901,Bituruna - PR,Paraná,32877,Tilápia,17.2
2024,4102901,Bituruna - PR,Paraná,32881,Outros peixes,1.6
2024,4103008,Boa Esperança - PR,Paraná,32877,Tilápia,18.0
2024,4103024,Boa Esperança do Iguaçu - PR,Paraná,32861,Carpa,11.0
2024,4103024,Boa Esperança do Iguaçu - PR,Paraná,32868,Lambari,0.7
2024,4103024,Boa Esperança do Iguaçu - PR,Paraná,32877,Tilápia,284.0
2024,4103024,Boa Esperança do Iguaçu - PR,Paraná,32878,Traíra e trairão,2.0
2024,4103024,Boa Esperança do Iguaçu - PR,Paraná,32881,Outros peixes,1.0
2024,4103040,Boa Ventura de São Roque - PR,Paraná,32861,Carpa,10.0
2024,4103040,Boa Ventura de São Roque - PR,Paraná,32870,Pacu e patinga,1.0
2024,4103040,Boa Ventura de São Roque - PR,Paraná,32877,Tilápia,21.0
2024,4103040,Boa Ventura de São Roque - PR,Paraná,32881,Outros peixes,1.1
2024,4103057,Boa Vista da Aparecida - PR,Paraná,32861,Carpa,11.0
2024,4103057,Boa Vista da Aparecida - PR,Paraná,32870,Pacu e patinga,7.9
2024,4103057,Boa Vista da Aparecida - PR,Paraná,32871,"Piau, piapara, piauçu, piava",2.5
2024,4103057,Boa Vista da Aparecida - PR,Paraná,32877,Tilápia,230.0
2024,4103057,Boa Vista da Aparecida - PR,Paraná,32881,Outros peixes,7.1
2024,4103107,Bocaiúva do Sul - PR,Paraná,32877,Tilápia,172.0
2024,4103156,Bom Jesus do Sul - PR,Paraná,32861,Carpa,30.0
2024,4103156,Bom Jesus do Sul - PR,Paraná,32868,Lambari,0.1
2024,4103156,Bom Jesus do Sul - PR,Paraná,32870,Pacu e patinga,2.0
2024,4103156,Bom Jesus do Sul - PR,Paraná,32875,"Tambacu, tambatinga",2.0
2024,4103156,Bom Jesus do Sul - PR,Paraná,32877,Tilápia,45.0
2024,4103156,Bom Jesus do Sul - PR,Paraná,32878,Traíra e trairão,1.5
2024,4103156,Bom Jesus do Sul - PR,Paraná,32881,Outros peixes,1.5
2024,4103222,Bom Sucesso do Sul - PR,Paraná,32861,Carpa,29.5
2024,4103222,Bom Sucesso do Sul - PR,Paraná,32877,Tilápia,40.412
2024,4103305,Borrazópolis - PR,Paraná,32861,Carpa,6.5
2024,4103305,Borrazópolis - PR,Paraná,32870,Pacu e patinga,2.55
2024,4103305,Borrazópolis - PR,Paraná,32871,"Piau, piapara, piauçu, piava",2.55
2024,4103305,Borrazópolis - PR,Paraná,32875,"Tambacu, tambatinga",6.1
2024,4103305,Borrazópolis - PR,Paraná,32877,Tilápia,60.0
2024,4103305,Borrazópolis - PR,Paraná,32881,Outros peixes,3.0
2024,4103354,Braganey - PR,Paraná,32861,Carpa,13.0
2024,4103354,Braganey - PR,Paraná,32870,Pacu e patinga,2.75
2024,4103354,Braganey - PR,Paraná,32871,"Piau, piapara, piauçu, piava",3.1
2024,4103354,Braganey - PR,Paraná,32875,"Tambacu, tambatinga",2.11
2024,4103354,Braganey - PR,Paraná,32877,Tilápia,430.5
2024,4103370,Brasilândia do Sul - PR,Paraná,32877,Tilápia,258.0
2024,4103404,Cafeara - PR,Paraná,32877,Tilápia,2.4
2024,4103453,Cafelândia - PR,Paraná,32861,Carpa,1.1
2024,4103453,Cafelândia - PR,Paraná,32870,Pacu e patinga,5.0
2024,4103453,Cafelândia - PR,Paraná,32877,Tilápia,9338.735
2024,4103479,Cafezal do Sul - PR,Paraná,32877,Tilápia,2.5
2024,4103503,Califórnia - PR,Paraná,32877,Tilápia,45.0
2024,4103602,Cambará - PR,Paraná,32870,Pacu e patinga,34.0
2024,4103602,Cambará - PR,Paraná,32877,Tilápia,140.0
2024,4103701,Cambé - PR,Paraná,32869,Matrinxã,2.5
2024,4103701,Cambé - PR,Paraná,32870,Pacu e patinga,2.6
2024,4103701,Cambé - PR,Paraná,32876,Tambaqui,2.1
2024,4103701,Cambé - PR,Paraná,32877,Tilápia,210.0
2024,4103909,Campina da Lagoa - PR,Paraná,32877,Tilápia,30.0
2024,4103958,Campina do Simão - PR,Paraná,32861,Carpa,3.9
2024,4103958,Campina do Simão - PR,Paraná,32875,"Tambacu, tambatinga",0.28
2024,4103958,Campina do Simão - PR,Paraná,32877,Tilápia,5.0
2024,4103958,Campina do Simão - PR,Paraná,32881,Outros peixes,0.21
2024,4104006,Campina Grande do Sul - PR,Paraná,32861,Carpa,7.45
2024,4104006,Campina Grande do Sul - PR,Paraná,32877,Tilápia,19.5
2024,4104055,Campo Bonito - PR,Paraná,32861,Carpa,3.05
2024,4104055,Campo Bonito - PR,Paraná,32870,Pacu e patinga,1.05
2024,4104055,Campo Bonito - PR,Paraná,32871,"Piau, piapara, piauçu, piava",0.51
2024,4104055,Campo Bonito - PR,Paraná,32877,Tilápia,100.5
2024,4104055,Campo Bonito - PR,Paraná,32881,Outros peixes,4.8
2024,4104105,Campo do Tenente - PR,Paraná,32861,Carpa,3.7
2024,4104105,Campo do Tenente - PR,Paraná,32877,Tilápia,10.5
2024,4104105,Campo do Tenente - PR,Paraná,32881,Outros peixes,1.5
2024,4104204,Campo Largo - PR,Paraná,32861,Carpa,34.089
2024,4104204,Campo Largo - PR,Paraná,32870,Pacu e patinga,5.5
2024,4104204,Campo Largo - PR,Paraná,32877,Tilápia,110.909
2024,4104204,Campo Largo - PR,Paraná,32881,Outros peixes,8.968
2024,4104253,Campo Magro - PR,Paraná,32861,Carpa,5.601
2024,4104253,Campo Magro - PR,Paraná,32877,Tilápia,21.535
2024,4104303,Campo Mourão - PR,Paraná,32877,Tilápia,30.0
2024,4104402,Cândido de Abreu - PR,Paraná,32861,Carpa,6.2
2024,4104402,Cândido de Abreu - PR,Paraná,32866,Dourado,0.045
2024,4104402,Cândido de Abreu - PR,Paraná,32869,Matrinxã,0.07
2024,4104402,Cândido de Abreu - PR,Paraná,32870,Pacu e patinga,2.9
2024,4104402,Cândido de Abreu - PR,Paraná,32871,"Piau, piapara, piauçu, piava",0.3
2024,4104402,Cândido de Abreu - PR,Paraná,32872,"Pintado, cachara, cachapira e pintachara, surubim",0.21
2024,4104402,Cândido de Abreu - PR,Paraná,32877,Tilápia,58.0
2024,4104402,Cândido de Abreu - PR,Paraná,32881,Outros peixes,1.1
2024,4104428,Candói - PR,Paraná,32861,Carpa,7.4
2024,4104428,Candói - PR,Paraná,32875,"Tambacu, tambatinga",0.44
2024,4104428,Candói - PR,Paraná,32877,Tilápia,7.3
2024,4104428,Candói - PR,Paraná,32878,Traíra e trairão,0.21
2024,4104428,Candói - PR,Paraná,32881,Outros peixes,0.68
2024,4104451,Cantagalo - PR,Paraná,32861,Carpa,6.0
2024,4104451,Cantagalo - PR,Paraná,32870,Pacu e patinga,0.145
2024,4104451,Cantagalo - PR,Paraná,32877,Tilápia,5.796
2024,4104451,Cantagalo - PR,Paraná,32881,Outros peixes,0.3
2024,4104501,Capanema - PR,Paraná,32861,Carpa,57.264
2024,4104501,Capanema - PR,Paraná,32870,Pacu e patinga,10.8
2024,4104501,Capanema - PR,Paraná,32871,"Piau, piapara, piauçu, piava",0.14
2024,4104501,Capanema - PR,Paraná,32875,"Tambacu, tambatinga",8.5
2024,4104501,Capanema - PR,Paraná,32877,Tilápia,116.1
2024,4104501,Capanema - PR,Paraná,32878,Traíra e trairão,7.506
2024,4104501,Capanema - PR,Paraná,32881,Outros peixes,2.9
2024,4104600,Capitão Leônidas Marques - PR,Paraná,32861,Carpa,78.8
2024,4104600,Capitão Leônidas Marques - PR,Paraná,32866,Dourado,2.58
2024,4104600,Capitão Leônidas Marques - PR,Paraná,32868,Lambari,0.5
2024,4104600,Capitão Leônidas Marques - PR,Paraná,32869,Matrinxã,1.05
2024,4104600,Capitão Leônidas Marques - PR,Paraná,32870,Pacu e patinga,15.8
2024,4104600,Capitão Leônidas Marques - PR,Paraná,32871,"Piau, piapara, piauçu, piava",32.0
2024,4104600,Capitão Leônidas Marques - PR,Paraná,32872,"Pintado, cachara, cachapira e pintachara, surubim",4.3
2024,4104600,Capitão Leônidas Marques - PR,Paraná,32875,"Tambacu, tambatinga",30.0
2024,4104600,Capitão Leônidas Marques - PR,Paraná,32877,Tilápia,150.0
2024,4104600,Capitão Leônidas Marques - PR,Paraná,32878,Traíra e trairão,3.0
2024,4104659,Carambeí - PR,Paraná,32877,Tilápia,1.42
2024,4104709,Carlópolis - PR,Paraná,32870,Pacu e patinga,10.0
2024,4104709,Carlópolis - PR,Paraná,32877,Tilápia,2300.0
2024,4104808,Cascavel - PR,Paraná,32861,Carpa,10.0
2024,4104808,Cascavel - PR,Paraná,32870,Pacu e patinga,15.0
2024,4104808,Cascavel - PR,Paraná,32877,Tilápia,2000.0
2024,4104907,Castro - PR,Paraná,32861,Carpa,31.0
2024,4104907,Castro - PR,Paraná,32877,Tilápia,214.0
2024,4105003,Catanduvas - PR,Paraná,32861,Carpa,3.95
2024,4105003,Catanduvas - PR,Paraná,32870,Pacu e patinga,3.51
2024,4105003,Catanduvas - PR,Paraná,32871,"Piau, piapara, piauçu, piava",1.05
2024,4105003,Catanduvas - PR,Paraná,32877,Tilápia,35.5
2024,4105003,Catanduvas - PR,Paraná,32881,Outros peixes,1.75
2024,4105102,Centenário do Sul - PR,Paraná,32870,Pacu e patinga,2.0
2024,4105102,Centenário do Sul - PR,Paraná,32877,Tilápia,21.0
2024,4105300,Céu Azul - PR,Paraná,32861,Carpa,1.05
2024,4105300,Céu Azul - PR,Paraná,32870,Pacu e patinga,1.62
2024,4105300,Céu Azul - PR,Paraná,32875,"Tambacu, tambatinga",5.0
2024,4105300,Céu Azul - PR,Paraná,32877,Tilápia,75.0
2024,4105409,Chopinzinho - PR,Paraná,32861,Carpa,22.044
2024,4105409,Chopinzinho - PR,Paraná,32877,Tilápia,31.756
2024,4105409,Chopinzinho - PR,Paraná,32878,Traíra e trairão,5.465
2024,4105409,Chopinzinho - PR,Paraná,32881,Outros peixes,10.304
2024,4105508,Cianorte - PR,Paraná,32877,Tilápia,50.0
2024,4105607,Cidade Gaúcha - PR,Paraná,32877,Tilápia,12.0
2024,4105706,Clevelândia - PR,Paraná,32861,Carpa,0.92
2024,4105706,Clevelândia - PR,Paraná,32870,Pacu e patinga,0.085
2024,4105706,Clevelândia - PR,Paraná,32877,Tilápia,6.73
2024,4105706,Clevelândia - PR,Paraná,32881,Outros peixes,0.389
2024,4105904,Colorado - PR,Paraná,32870,Pacu e patinga,3.1
2024,4105904,Colorado - PR,Paraná,32877,Tilápia,18.0
2024,4106001,Congonhinhas - PR,Paraná,32870,Pacu e patinga,5.1
2024,4106001,Congonhinhas - PR,Paraná,32877,Tilápia,13.2
2024,4106100,Conselheiro Mairinck - PR,Paraná,32861,Carpa,3.5
2024,4106100,Conselheiro Mairinck - PR,Paraná,32870,Pacu e patinga,4.05
2024,4106100,Conselheiro Mairinck - PR,Paraná,32877,Tilápia,9.1
2024,4106209,Contenda - PR,Paraná,32861,Carpa,19.854
2024,4106209,Contenda - PR,Paraná,32870,Pacu e patinga,22.452
2024,4106209,Contenda - PR,Paraná,32877,Tilápia,61.039
2024,4106209,Contenda - PR,Paraná,32881,Outros peixes,8.93
2024,4106308,Corbélia - PR,Paraná,32861,Carpa,12.2
2024,4106308,Corbélia - PR,Paraná,32870,Pacu e patinga,10.2
2024,4106308,Corbélia - PR,Paraná,32877,Tilápia,1300.0
2024,4106407,Cornélio Procópio - PR,Paraná,32870,Pacu e patinga,12.0
2024,4106407,Cornélio Procópio - PR,Paraná,32871,"Piau, piapara, piauçu, piava",4.0
2024,4106407,Cornélio Procópio - PR,Paraná,32875,"Tambacu, tambatinga",8.2
2024,4106407,Cornélio Procópio - PR,Paraná,32877,Tilápia,25.0
2024,4106456,Coronel Domingos Soares - PR,Paraná,32861,Carpa,3.59
2024,4106456,Coronel Domingos Soares - PR,Paraná,32877,Tilápia,1.324
2024,4106456,Coronel Domingos Soares - PR,Paraná,32881,Outros peixes,0.762
2024,4106506,Coronel Vivida - PR,Paraná,32861,Carpa,4.633
2024,4106506,Coronel Vivida - PR,Paraná,32877,Tilápia,82.603
2024,4106506,Coronel Vivida - PR,Paraná,32878,Traíra e trairão,6.701
2024,4106555,Corumbataí do Sul - PR,Paraná,32870,Pacu e patinga,0.72
2024,4106555,Corumbataí do Sul - PR,Paraná,32877,Tilápia,5.0
2024,4106571,Cruzeiro do Iguaçu - PR,Paraná,32861,Carpa,25.0
2024,4106571,Cruzeiro do Iguaçu - PR,Paraná,32868,Lambari,1.5
2024,4106571,Cruzeiro do Iguaçu - PR,Paraná,32877,Tilápia,40.0
2024,4106571,Cruzeiro do Iguaçu - PR,Paraná,32878,Traíra e trairão,1.6
2024,4106571,Cruzeiro do Iguaçu - PR,Paraná,32881,Outros peixes,1.5
2024,4106803,Cruz Machado - PR,Paraná,32861,Carpa,27.8
2024,4106803,Cruz Machado - PR,Paraná,32877,Tilápia,40.0
2024,4106803,Cruz Machado - PR,Paraná,32881,Outros peixes,2.7
2024,4106852,Cruzmaltina - PR,Paraná,32870,Pacu e patinga,5.0
2024,4106852,Cruzmaltina - PR,Paraná,32877,Tilápia,65.0
2024,4107009,Curiúva - PR,Paraná,32861,Carpa,0.266
2024,4107009,Curiúva - PR,Paraná,32870,Pacu e patinga,0.266
2024,4107009,Curiúva - PR,Paraná,32877,Tilápia,0.484
2024,4107009,Curiúva - PR,Paraná,32881,Outros peixes,0.109
2024,4107108,Diamante do Norte - PR,Paraná,32877,Tilápia,49.0
2024,4107124,Diamante do Sul - PR,Paraná,32861,Carpa,1.94
2024,4107124,Diamante do Sul - PR,Paraná,32870,Pacu e patinga,0.17
2024,4107124,Diamante do Sul - PR,Paraná,32875,"Tambacu, tambatinga",0.052
2024,4107124,Diamante do Sul - PR,Paraná,32877,Tilápia,2.76
2024,4107124,Diamante do Sul - PR,Paraná,32878,Traíra e trairão,0.2
2024,4107124,Diamante do Sul - PR,Paraná,32881,Outros peixes,0.35
2024,4107157,Diamante D'Oeste - PR,Paraná,32861,Carpa,3.3
2024,4107157,Diamante D'Oeste - PR,Paraná,32870,Pacu e patinga,4.4
2024,4107157,Diamante D'Oeste - PR,Paraná,32877,Tilápia,27.0
2024,4107207,Dois Vizinhos - PR,Paraná,32861,Carpa,20.0
2024,4107207,Dois Vizinhos - PR,Paraná,32868,Lambari,0.3
2024,4107207,Dois Vizinhos - PR,Paraná,32870,Pacu e patinga,4.0
2024,4107207,Dois Vizinhos - PR,Paraná,32875,"Tambacu, tambatinga",8.0
2024,4107207,Dois Vizinhos - PR,Paraná,32877,Tilápia,42.0
2024,4107207,Dois Vizinhos - PR,Paraná,32878,Traíra e trairão,3.0
2024,4107207,Dois Vizinhos - PR,Paraná,32881,Outros peixes,3.0
2024,4107256,Douradina - PR,Paraná,32877,Tilápia,20.0
2024,4107306,Doutor Camargo - PR,Paraná,32870,Pacu e patinga,95.0
2024,4107306,Doutor Camargo - PR,Paraná,32877,Tilápia,160.0
2024,4107405,Enéas Marques - PR,Paraná,32861,Carpa,20.0
2024,4107405,Enéas Marques - PR,Paraná,32868,Lambari,0.1
2024,4107405,Enéas Marques - PR,Paraná,32870,Pacu e patinga,1.5
2024,4107405,Enéas Marques - PR,Paraná,32877,Tilápia,63.0
2024,4107405,Enéas Marques - PR,Paraná,32878,Traíra e trairão,3.0
2024,4107405,Enéas Marques - PR,Paraná,32881,Outros peixes,1.0
2024,4107504,Engenheiro Beltrão - PR,Paraná,32870,Pacu e patinga,1.18
2024,4107504,Engenheiro Beltrão - PR,Paraná,32877,Tilápia,40.0
2024,4107520,Esperança Nova - PR,Paraná,32877,Tilápia,7.0
2024,4107538,Entre Rios do Oeste - PR,Paraná,32861,Carpa,8.0
2024,4107538,Entre Rios do Oeste - PR,Paraná,32877,Tilápia,235.0
2024,4107546,Espigão Alto do Iguaçu - PR,Paraná,32861,Carpa,5.4
2024,4107546,Espigão Alto do Iguaçu - PR,Paraná,32870,Pacu e patinga,0.165
2024,4107546,Espigão Alto do Iguaçu - PR,Paraná,32875,"Tambacu, tambatinga",0.051
2024,4107546,Espigão Alto do Iguaçu - PR,Paraná,32877,Tilápia,20.0
2024,4107546,Espigão Alto do Iguaçu - PR,Paraná,32878,Traíra e trairão,0.257
2024,4107546,Espigão Alto do Iguaçu - PR,Paraná,32881,Outros peixes,0.36
2024,4107553,Farol - PR,Paraná,32877,Tilápia,110.0
2024,4107603,Faxinal - PR,Paraná,32877,Tilápia,3.24
2024,4107652,Fazenda Rio Grande - PR,Paraná,32861,Carpa,45.0
2024,4107652,Fazenda Rio Grande - PR,Paraná,32877,Tilápia,90.0
2024,4107702,Fênix - PR,Paraná,32870,Pacu e patinga,1.25
2024,4107702,Fênix - PR,Paraná,32877,Tilápia,9.0
2024,4107736,Fernandes Pinheiro - PR,Paraná,32861,Carpa,63.7
2024,4107736,Fernandes Pinheiro - PR,Paraná,32870,Pacu e patinga,0.88
2024,4107736,Fernandes Pinheiro - PR,Paraná,32877,Tilápia,215.3
2024,4107736,Fernandes Pinheiro - PR,Paraná,32878,Traíra e trairão,1.74
2024,4107736,Fernandes Pinheiro - PR,Paraná,32881,Outros peixes,5.61
2024,4107751,Figueira - PR,Paraná,32877,Tilápia,3.95
2024,4107801,Floraí - PR,Paraná,32870,Pacu e patinga,28.15
2024,4107801,Floraí - PR,Paraná,32877,Tilápia,98.49
2024,4107850,Flor da Serra do Sul - PR,Paraná,32861,Carpa,40.0
2024,4107850,Flor da Serra do Sul - PR,Paraná,32868,Lambari,0.065
2024,4107850,Flor da Serra do Sul - PR,Paraná,32870,Pacu e patinga,2.5
2024,4107850,Flor da Serra do Sul - PR,Paraná,32877,Tilápia,36.0
2024,4107850,Flor da Serra do Sul - PR,Paraná,32878,Traíra e trairão,1.5
2024,4107850,Flor da Serra do Sul - PR,Paraná,32881,Outros peixes,0.5
2024,4107900,Floresta - PR,Paraná,32877,Tilápia,21.0
2024,4108007,Florestópolis - PR,Paraná,32877,Tilápia,1.65
2024,4108106,Flórida - PR,Paraná,32870,Pacu e patinga,2.9
2024,4108106,Flórida - PR,Paraná,32877,Tilápia,95.0
2024,4108205,Formosa do Oeste - PR,Paraná,32861,Carpa,18.0
2024,4108205,Formosa do Oeste - PR,Paraná,32870,Pacu e patinga,2.0
2024,4108205,Formosa do Oeste - PR,Paraná,32877,Tilápia,4500.0
2024,4108304,Foz do Iguaçu - PR,Paraná,32861,Carpa,12.0
2024,4108304,Foz do Iguaçu - PR,Paraná,32865,"Curimatã, curimbatá",8.0
2024,4108304,Foz do Iguaçu - PR,Paraná,32870,Pacu e patinga,65.0
2024,4108304,Foz do Iguaçu - PR,Paraná,32877,Tilápia,370.0
2024,4108304,Foz do Iguaçu - PR,Paraná,32878,Traíra e trairão,14.0
2024,4108304,Foz do Iguaçu - PR,Paraná,32881,Outros peixes,5.0
2024,4108320,Francisco Alves - PR,Paraná,32877,Tilápia,4055.0
2024,4108403,Francisco Beltrão - PR,Paraná,32861,Carpa,70.0
2024,4108403,Francisco Beltrão - PR,Paraná,32868,Lambari,0.5
2024,4108403,Francisco Beltrão - PR,Paraná,32870,Pacu e patinga,30.0
2024,4108403,Francisco Beltrão - PR,Paraná,32875,"Tambacu, tambatinga",18.0
2024,4108403,Francisco Beltrão - PR,Paraná,32877,Tilápia,310.0
2024,4108403,Francisco Beltrão - PR,Paraná,32878,Traíra e trairão,6.0
2024,4108403,Francisco Beltrão - PR,Paraná,32881,Outros peixes,4.0
2024,4108452,Foz do Jordão - PR,Paraná,32861,Carpa,1.2
2024,4108452,Foz do Jordão - PR,Paraná,32870,Pacu e patinga,0.09
2024,4108452,Foz do Jordão - PR,Paraná,32877,Tilápia,2.7
2024,4108452,Foz do Jordão - PR,Paraná,32881,Outros peixes,0.32
2024,4108502,General Carneiro - PR,Paraná,32861,Carpa,26.0
2024,4108502,General Carneiro - PR,Paraná,32877,Tilápia,11.0
2024,4108502,General Carneiro - PR,Paraná,32881,Outros peixes,1.5
2024,4108601,Goioerê - PR,Paraná,32877,Tilápia,510.0
2024,4108650,Goioxim - PR,Paraná,32861,Carpa,7.0
2024,4108650,Goioxim - PR,Paraná,32875,"Tambacu, tambatinga",0.17
2024,4108650,Goioxim - PR,Paraná,32877,Tilápia,8.1
2024,4108650,Goioxim - PR,Paraná,32881,Outros peixes,0.57
2024,4108809,Guaíra - PR,Paraná,32861,Carpa,8.1
2024,4108809,Guaíra - PR,Paraná,32870,Pacu e patinga,4.2
2024,4108809,Guaíra - PR,Paraná,32877,Tilápia,222.0
2024,4108908,Guairaçá - PR,Paraná,32872,"Pintado, cachara, cachapira e pintachara, surubim",1.0
2024,4108957,Guamiranga - PR,Paraná,32861,Carpa,18.7
2024,4108957,Guamiranga - PR,Paraná,32877,Tilápia,840.6
2024,4108957,Guamiranga - PR,Paraná,32881,Outros peixes,9.34
2024,4109005,Guapirama - PR,Paraná,32870,Pacu e patinga,25.0
2024,4109005,Guapirama - PR,Paraná,32877,Tilápia,35.0
2024,4109104,Guaporema - PR,Paraná,32877,Tilápia,4.0
2024,4109203,Guaraci - PR,Paraná,32870,Pacu e patinga,1.15
2024,4109203,Guaraci - PR,Paraná,32877,Tilápia,14.0
2024,4109302,Guaraniaçu - PR,Paraná,32861,Carpa,10.3
2024,4109302,Guaraniaçu - PR,Paraná,32870,Pacu e patinga,1.03
2024,4109302,Guaraniaçu - PR,Paraná,32877,Tilápia,39.0
2024,4109302,Guaraniaçu - PR,Paraná,32878,Traíra e trairão,0.72
2024,4109302,Guaraniaçu - PR,Paraná,32881,Outros peixes,3.39
2024,4109401,Guarapuava - PR,Paraná,32861,Carpa,25.0
2024,4109401,Guarapuava - PR,Paraná,32870,Pacu e patinga,0.85
2024,4109401,Guarapuava - PR,Paraná,32875,"Tambacu, tambatinga",0.65
2024,4109401,Guarapuava - PR,Paraná,32877,Tilápia,27.0
2024,4109401,Guarapuava - PR,Paraná,32878,Traíra e trairão,0.75
2024,4109401,Guarapuava - PR,Paraná,32881,Outros peixes,7.5
2024,4109500,Guaraqueçaba - PR,Paraná,32861,Carpa,0.5
2024,4109500,Guaraqueçaba - PR,Paraná,32877,Tilápia,30.0
2024,4109500,Guaraqueçaba - PR,Paraná,32889,"Ostras, vieiras e mexilhões",75.6
2024,4109609,Guaratuba - PR,Paraná,32861,Carpa,0.4
2024,4109609,Guaratuba - PR,Paraná,32870,Pacu e patinga,0.5
2024,4109609,Guaratuba - PR,Paraná,32877,Tilápia,30.0
2024,4109609,Guaratuba - PR,Paraná,32881,Outros peixes,0.44
2024,4109609,Guaratuba - PR,Paraná,32889,"Ostras, vieiras e mexilhões",41.8
2024,4109658,Honório Serpa - PR,Paraná,32861,Carpa,2.976
2024,4109658,Honório Serpa - PR,Paraná,32881,Outros peixes,0.993
2024,4109708,Ibaiti - PR,Paraná,32870,Pacu e patinga,7.8
2024,4109708,Ibaiti - PR,Paraná,32877,Tilápia,58.0
2024,4109757,Ibema - PR,Paraná,32861,Carpa,6.0
2024,4109757,Ibema - PR,Paraná,32870,Pacu e patinga,2.6
2024,4109757,Ibema - PR,Paraná,32877,Tilápia,51.0
2024,4109807,Ibiporã - PR,Paraná,32877,Tilápia,190.0
2024,4109906,Icaraíma - PR,Paraná,32870,Pacu e patinga,10.0
2024,4109906,Icaraíma - PR,Paraná,32877,Tilápia,25.0
2024,4110003,Iguaraçu - PR,Paraná,32877,Tilápia,15.8
2024,4110052,Iguatu - PR,Paraná,32861,Carpa,7.0
2024,4110052,Iguatu - PR,Paraná,32870,Pacu e patinga,8.1
2024,4110052,Iguatu - PR,Paraná,32877,Tilápia,78.0
2024,4110052,Iguatu - PR,Paraná,32878,Traíra e trairão,1.5
2024,4110078,Imbaú - PR,Paraná,32861,Carpa,0.532
2024,4110078,Imbaú - PR,Paraná,32870,Pacu e patinga,0.223
2024,4110078,Imbaú - PR,Paraná,32877,Tilápia,1.14
2024,4110078,Imbaú - PR,Paraná,32881,Outros peixes,0.109
2024,4110102,Imbituva - PR,Paraná,32861,Carpa,4.97
2024,4110102,Imbituva - PR,Paraná,32877,Tilápia,21.84
2024,4110102,Imbituva - PR,Paraná,32878,Traíra e trairão,21.82
2024,4110102,Imbituva - PR,Paraná,32881,Outros peixes,1.24
2024,4110201,Inácio Martins - PR,Paraná,32861,Carpa,20.0
2024,4110201,Inácio Martins - PR,Paraná,32870,Pacu e patinga,0.5
2024,4110201,Inácio Martins - PR,Paraná,32877,Tilápia,18.0
2024,4110201,Inácio Martins - PR,Paraná,32878,Traíra e trairão,2.0
2024,4110201,Inácio Martins - PR,Paraná,32879,Truta,0.5
2024,4110201,Inácio Martins - PR,Paraná,32881,Outros peixes,5.0
2024,4110409,Indianópolis - PR,Paraná,32877,Tilápia,4.3
2024,4110508,Ipiranga - PR,Paraná,32861,Carpa,10.0
2024,4110508,Ipiranga - PR,Paraná,32877,Tilápia,12.0
2024,4110607,Iporã - PR,Paraná,32861,Carpa,1.5
2024,4110607,Iporã - PR,Paraná,32870,Pacu e patinga,2.0
2024,4110607,Iporã - PR,Paraná,32871,"Piau, piapara, piauçu, piava",2.0
2024,4110607,Iporã - PR,Paraná,32877,Tilápia,2288.0
2024,4110656,Iracema do Oeste - PR,Paraná,32861,Carpa,10.0
2024,4110656,Iracema do Oeste - PR,Paraná,32870,Pacu e patinga,8.0
2024,4110656,Iracema do Oeste - PR,Paraná,32877,Tilápia,700.0
2024,4110706,Irati - PR,Paraná,32861,Carpa,31.0
2024,4110706,Irati - PR,Paraná,32870,Pacu e patinga,1.24
2024,4110706,Irati - PR,Paraná,32877,Tilápia,75.4
2024,4110706,Irati - PR,Paraná,32878,Traíra e trairão,1.715
2024,4110706,Irati - PR,Paraná,32881,Outros peixes,3.74
2024,4110805,Iretama - PR,Paraná,32877,Tilápia,12.0
2024,4110805,Iretama - PR,Paraná,32878,Traíra e trairão,0.25
2024,4110805,Iretama - PR,Paraná,32881,Outros peixes,0.22
2024,4110904,Itaguajé - PR,Paraná,32870,Pacu e patinga,6.5
2024,4110953,Itaipulândia - PR,Paraná,32861,Carpa,5.0
2024,4110953,Itaipulândia - PR,Paraná,32870,Pacu e patinga,15.0
2024,4110953,Itaipulândia - PR,Paraná,32877,Tilápia,650.0
2024,4110953,Itaipulândia - PR,Paraná,32881,Outros peixes,0.25
2024,4111001,Itambaracá - PR,Paraná,32870,Pacu e patinga,45.0
2024,4111001,Itambaracá - PR,Paraná,32871,"Piau, piapara, piauçu, piava",2.0
2024,4111001,Itambaracá - PR,Paraná,32875,"Tambacu, tambatinga",15.0
2024,4111001,Itambaracá - PR,Paraná,32877,Tilápia,2450.0
2024,4111100,Itambé - PR,Paraná,32877,Tilápia,87.0
2024,4111209,Itapejara d'Oeste - PR,Paraná,32861,Carpa,25.139
2024,4111209,Itapejara d'Oeste - PR,Paraná,32877,Tilápia,54.735
2024,4111407,Ivaí - PR,Paraná,32861,Carpa,22.42
2024,4111407,Ivaí - PR,Paraná,32877,Tilápia,128.72
2024,4111506,Ivaiporã - PR,Paraná,32877,Tilápia,25.0
2024,4111555,Ivaté - PR,Paraná,32877,Tilápia,20.0
2024,4111704,Jaboti - PR,Paraná,32861,Carpa,33.0
2024,4111704,Jaboti - PR,Paraná,32870,Pacu e patinga,31.0
2024,4111704,Jaboti - PR,Paraná,32871,"Piau, piapara, piauçu, piava",16.2
2024,4111704,Jaboti - PR,Paraná,32877,Tilápia,60.0
2024,4111803,Jacarezinho - PR,Paraná,32870,Pacu e patinga,15.0
2024,4111803,Jacarezinho - PR,Paraná,32877,Tilápia,60.0
2024,4111902,Jaguapitã - PR,Paraná,32877,Tilápia,19.5
2024,4112207,Janiópolis - PR,Paraná,32877,Tilápia,17.0
2024,4112306,Japira - PR,Paraná,32861,Carpa,16.0
2024,4112306,Japira - PR,Paraná,32870,Pacu e patinga,28.0
2024,4112306,Japira - PR,Paraná,32871,"Piau, piapara, piauçu, piava",6.1
2024,4112306,Japira - PR,Paraná,32875,"Tambacu, tambatinga",4.5
2024,4112306,Japira - PR,Paraná,32877,Tilápia,51.0
2024,4112405,Japurá - PR,Paraná,32877,Tilápia,8.0
2024,4112504,Jardim Alegre - PR,Paraná,32877,Tilápia,150.0
2024,4112603,Jardim Olinda - PR,Paraná,32877,Tilápia,15.85
2024,4112702,Jataizinho - PR,Paraná,32877,Tilápia,8.0
2024,4112751,Jesuítas - PR,Paraná,32861,Carpa,18.2
2024,4112751,Jesuítas - PR,Paraná,32870,Pacu e patinga,12.05
2024,4112751,Jesuítas - PR,Paraná,32877,Tilápia,6000.0
2024,4112801,Joaquim Távora - PR,Paraná,32870,Pacu e patinga,6.0
2024,4112801,Joaquim Távora - PR,Paraná,32877,Tilápia,18.0
2024,4112900,Jundiaí do Sul - PR,Paraná,32870,Pacu e patinga,5.3
2024,4112900,Jundiaí do Sul - PR,Paraná,32877,Tilápia,17.0
2024,4112959,Juranda - PR,Paraná,32877,Tilápia,40.0
2024,4113007,Jussara - PR,Paraná,32877,Tilápia,2.5
2024,4113106,Kaloré - PR,Paraná,32877,Tilápia,30.0
2024,4113205,Lapa - PR,Paraná,32861,Carpa,19.0
2024,4113205,Lapa - PR,Paraná,32877,Tilápia,30.0
2024,4113205,Lapa - PR,Paraná,32881,Outros peixes,2.2
2024,4113254,Laranjal - PR,Paraná,32861,Carpa,2.1
2024,4113254,Laranjal - PR,Paraná,32870,Pacu e patinga,0.095
2024,4113254,Laranjal - PR,Paraná,32875,"Tambacu, tambatinga",0.045
2024,4113254,Laranjal - PR,Paraná,32877,Tilápia,8.6
2024,4113254,Laranjal - PR,Paraná,32878,Traíra e trairão,0.3
2024,4113254,Laranjal - PR,Paraná,32881,Outros peixes,0.19
2024,4113304,Laranjeiras do Sul - PR,Paraná,32861,Carpa,12.65
2024,4113304,Laranjeiras do Sul - PR,Paraná,32870,Pacu e patinga,0.82
2024,4113304,Laranjeiras do Sul - PR,Paraná,32875,"Tambacu, tambatinga",0.31
2024,4113304,Laranjeiras do Sul - PR,Paraná,32877,Tilápia,50.0
2024,4113304,Laranjeiras do Sul - PR,Paraná,32878,Traíra e trairão,1.02
2024,4113304,Laranjeiras do Sul - PR,Paraná,32881,Outros peixes,1.1
2024,4113403,Leópolis - PR,Paraná,32870,Pacu e patinga,8.0
2024,4113403,Leópolis - PR,Paraná,32875,"Tambacu, tambatinga",2.0
2024,4113403,Leópolis - PR,Paraná,32877,Tilápia,16.0
2024,4113429,Lidianópolis - PR,Paraná,32870,Pacu e patinga,0.4
2024,4113429,Lidianópolis - PR,Paraná,32877,Tilápia,5.0
2024,4113452,Lindoeste - PR,Paraná,32861,Carpa,6.9
2024,4113452,Lindoeste - PR,Paraná,32870,Pacu e patinga,7.0
2024,4113452,Lindoeste - PR,Paraná,32877,Tilápia,65.0
2024,4113502,Loanda - PR,Paraná,32870,Pacu e patinga,1.7
2024,4113502,Loanda - PR,Paraná,32877,Tilápia,3.8
2024,4113601,Lobato - PR,Paraná,32877,Tilápia,20.0
2024,4113700,Londrina - PR,Paraná,32877,Tilápia,95.0
2024,4113734,Luiziana - PR,Paraná,32877,Tilápia,5.0
2024,4113809,Lupionópolis - PR,Paraná,32877,Tilápia,2.2
2024,4113908,Mallet - PR,Paraná,32861,Carpa,10.0
2024,4113908,Mallet - PR,Paraná,32877,Tilápia,11.0
2024,4114005,Mamborê - PR,Paraná,32877,Tilápia,10.0
2024,4114104,Mandaguaçu - PR,Paraná,32877,Tilápia,10.0
2024,4114203,Mandaguari - PR,Paraná,32877,Tilápia,50.0
2024,4114302,Mandirituba - PR,Paraná,32861,Carpa,30.0
2024,4114302,Mandirituba - PR,Paraná,32877,Tilápia,80.0
2024,4114351,Manfrinópolis - PR,Paraná,32861,Carpa,15.0
2024,4114351,Manfrinópolis - PR,Paraná,32870,Pacu e patinga,5.0
2024,4114351,Manfrinópolis - PR,Paraná,32875,"Tambacu, tambatinga",4.0
2024,4114351,Manfrinópolis - PR,Paraná,32877,Tilápia,22.0
2024,4114351,Manfrinópolis - PR,Paraná,32878,Traíra e trairão,2.0
2024,4114351,Manfrinópolis - PR,Paraná,32881,Outros peixes,2.0
2024,4114401,Mangueirinha - PR,Paraná,32861,Carpa,2.585
2024,4114401,Mangueirinha - PR,Paraná,32877,Tilápia,2.005
2024,4114401,Mangueirinha - PR,Paraná,32881,Outros peixes,0.455
2024,4114500,Manoel Ribas - PR,Paraná,32861,Carpa,6.5
2024,4114500,Manoel Ribas - PR,Paraná,32870,Pacu e patinga,4.5
2024,4114500,Manoel Ribas - PR,Paraná,32875,"Tambacu, tambatinga",1.7
2024,4114500,Manoel Ribas - PR,Paraná,32876,Tambaqui,3.4
2024,4114500,Manoel Ribas - PR,Paraná,32877,Tilápia,71.0
2024,4114500,Manoel Ribas - PR,Paraná,32878,Traíra e trairão,0.5
2024,4114500,Manoel Ribas - PR,Paraná,32881,Outros peixes,0.65
2024,4114609,Marechal Cândido Rondon - PR,Paraná,32861,Carpa,20.0
2024,4114609,Marechal Cândido Rondon - PR,Paraná,32870,Pacu e patinga,15.0
2024,4114609,Marechal Cândido Rondon - PR,Paraná,32877,Tilápia,7800.0
2024,4114708,Maria Helena - PR,Paraná,32877,Tilápia,124.8
2024,4114807,Marialva - PR,Paraná,32877,Tilápia,150.0
2024,4114906,Marilândia do Sul - PR,Paraná,32877,Tilápia,6.7
2024,4115002,Marilena - PR,Paraná,32877,Tilápia,1.005
2024,4115101,Mariluz - PR,Paraná,32877,Tilápia,3.0
2024,4115200,Maringá - PR,Paraná,32877,Tilápia,25.0
2024,4115309,Mariópolis - PR,Paraná,32861,Carpa,44.365
2024,4115309,Mariópolis - PR,Paraná,32877,Tilápia,115.345
2024,4115358,Maripá - PR,Paraná,32861,Carpa,5.95
2024,4115358,Maripá - PR,Paraná,32870,Pacu e patinga,2.05
2024,4115358,Maripá - PR,Paraná,32877,Tilápia,9600.0
2024,4115408,Marmeleiro - PR,Paraná,32861,Carpa,37.0
2024,4115408,Marmeleiro - PR,Paraná,32868,Lambari,0.2
2024,4115408,Marmeleiro - PR,Paraná,32870,Pacu e patinga,2.0
2024,4115408,Marmeleiro - PR,Paraná,32877,Tilápia,40.0
2024,4115408,Marmeleiro - PR,Paraná,32878,Traíra e trairão,2.5
2024,4115408,Marmeleiro - PR,Paraná,32881,Outros peixes,1.0
2024,4115457,Marquinho - PR,Paraná,32861,Carpa,1.72
2024,4115457,Marquinho - PR,Paraná,32875,"Tambacu, tambatinga",0.103
2024,4115457,Marquinho - PR,Paraná,32877,Tilápia,10.0
2024,4115457,Marquinho - PR,Paraná,32878,Traíra e trairão,0.3
2024,4115457,Marquinho - PR,Paraná,32881,Outros peixes,0.4
2024,4115507,Marumbi - PR,Paraná,32877,Tilápia,15.5
2024,4115606,Matelândia - PR,Paraná,32861,Carpa,1.5
2024,4115606,Matelândia - PR,Paraná,32870,Pacu e patinga,2.5
2024,4115606,Matelândia - PR,Paraná,32871,"Piau, piapara, piauçu, piava",1.7
2024,4115606,Matelândia - PR,Paraná,32877,Tilápia,35.5
2024,4115705,Matinhos - PR,Paraná,32861,Carpa,0.3
2024,4115705,Matinhos - PR,Paraná,32870,Pacu e patinga,0.75
2024,4115705,Matinhos - PR,Paraná,32877,Tilápia,3.0
2024,4115705,Matinhos - PR,Paraná,32889,"Ostras, vieiras e mexilhões",2.19
2024,4115739,Mato Rico - PR,Paraná,32861,Carpa,2.1
2024,4115739,Mato Rico - PR,Paraná,32877,Tilápia,21.5
2024,4115804,Medianeira - PR,Paraná,32861,Carpa,1.2
2024,4115804,Medianeira - PR,Paraná,32870,Pacu e patinga,1.4
2024,4115804,Medianeira - PR,Paraná,32877,Tilápia,130.0
2024,4115853,Mercedes - PR,Paraná,32861,Carpa,5.1
2024,4115853,Mercedes - PR,Paraná,32877,Tilápia,880.0
2024,4115903,Mirador - PR,Paraná,32877,Tilápia,3.0
2024,4116000,Miraselva - PR,Paraná,32870,Pacu e patinga,1.5
2024,4116000,Miraselva - PR,Paraná,32877,Tilápia,7.9
2024,4116059,Missal - PR,Paraná,32861,Carpa,7.0
2024,4116059,Missal - PR,Paraná,32870,Pacu e patinga,4.0
2024,4116059,Missal - PR,Paraná,32877,Tilápia,850.0
2024,4116109,Moreira Sales - PR,Paraná,32877,Tilápia,150.0
2024,4116208,Morretes - PR,Paraná,32861,Carpa,0.5
2024,4116208,Morretes - PR,Paraná,32870,Pacu e patinga,4.0
2024,4116208,Morretes - PR,Paraná,32877,Tilápia,25.0
2024,4116307,Munhoz de Melo - PR,Paraná,32870,Pacu e patinga,5.5
2024,4116307,Munhoz de Melo - PR,Paraná,32877,Tilápia,180.0
2024,4116406,Nossa Senhora das Graças - PR,Paraná,32877,Tilápia,6.5
2024,4116505,Nova Aliança do Ivaí - PR,Paraná,32870,Pacu e patinga,0.3
2024,4116505,Nova Aliança do Ivaí - PR,Paraná,32877,Tilápia,2.0
2024,4116604,Nova América da Colina - PR,Paraná,32870,Pacu e patinga,4.5
2024,4116604,Nova América da Colina - PR,Paraná,32871,"Piau, piapara, piauçu, piava",2.5
2024,4116604,Nova América da Colina - PR,Paraná,32875,"Tambacu, tambatinga",3.0
2024,4116604,Nova América da Colina - PR,Paraná,32877,Tilápia,6.0
2024,4116703,Nova Aurora - PR,Paraná,32861,Carpa,1.5
2024,4116703,Nova Aurora - PR,Paraná,32870,Pacu e patinga,3.9
2024,4116703,Nova Aurora - PR,Paraná,32877,Tilápia,23300.0
2024,4116802,Nova Cantu - PR,Paraná,32877,Tilápia,8.0
2024,4116901,Nova Esperança - PR,Paraná,32877,Tilápia,90.0
2024,4116950,Nova Esperança do Sudoeste - PR,Paraná,32861,Carpa,16.0
2024,4116950,Nova Esperança do Sudoeste - PR,Paraná,32868,Lambari,0.09
2024,4116950,Nova Esperança do Sudoeste - PR,Paraná,32877,Tilápia,35.0
2024,4116950,Nova Esperança do Sudoeste - PR,Paraná,32878,Traíra e trairão,1.0
2024,4116950,Nova Esperança do Sudoeste - PR,Paraná,32881,Outros peixes,1.0
2024,4117008,Nova Fátima - PR,Paraná,32870,Pacu e patinga,2.0
2024,4117008,Nova Fátima - PR,Paraná,32875,"Tambacu, tambatinga",1.0
2024,4117008,Nova Fátima - PR,Paraná,32877,Tilápia,5.0
2024,4117057,Nova Laranjeiras - PR,Paraná,32861,Carpa,7.0
2024,4117057,Nova Laranjeiras - PR,Paraná,32870,Pacu e patinga,0.41
2024,4117057,Nova Laranjeiras - PR,Paraná,32875,"Tambacu, tambatinga",0.108
2024,4117057,Nova Laranjeiras - PR,Paraná,32877,Tilápia,14.0
2024,4117057,Nova Laranjeiras - PR,Paraná,32878,Traíra e trairão,0.815
2024,4117057,Nova Laranjeiras - PR,Paraná,32881,Outros peixes,1.4
2024,4117107,Nova Londrina - PR,Paraná,32877,Tilápia,2.4
2024,4117206,Nova Olímpia - PR,Paraná,32877,Tilápia,40.0
2024,4117214,Nova Santa Bárbara - PR,Paraná,32870,Pacu e patinga,3.0
2024,4117214,Nova Santa Bárbara - PR,Paraná,32877,Tilápia,35.0
2024,4117222,Nova Santa Rosa - PR,Paraná,32861,Carpa,10.0
2024,4117222,Nova Santa Rosa - PR,Paraná,32877,Tilápia,9950.0
2024,4117222,Nova Santa Rosa - PR,Paraná,32881,Outros peixes,15.1
2024,4117255,Nova Prata do Iguaçu - PR,Paraná,32861,Carpa,7.65
2024,4117255,Nova Prata do Iguaçu - PR,Paraná,32870,Pacu e patinga,10.35
2024,4117255,Nova Prata do Iguaçu - PR,Paraná,32875,"Tambacu, tambatinga",22.902
2024,4117255,Nova Prata do Iguaçu - PR,Paraná,32877,Tilápia,370.3
2024,4117255,Nova Prata do Iguaçu - PR,Paraná,32878,Traíra e trairão,5.489
2024,4117255,Nova Prata do Iguaçu - PR,Paraná,32881,Outros peixes,4.23
2024,4117271,Nova Tebas - PR,Paraná,32861,Carpa,17.5
2024,4117271,Nova Tebas - PR,Paraná,32865,"Curimatã, curimbatá",0.5
2024,4117271,Nova Tebas - PR,Paraná,32870,Pacu e patinga,3.0
2024,4117271,Nova Tebas - PR,Paraná,32872,"Pintado, cachara, cachapira e pintachara, surubim",0.35
2024,4117271,Nova Tebas - PR,Paraná,32875,"Tambacu, tambatinga",6.8
2024,4117271,Nova Tebas - PR,Paraná,32877,Tilápia,50.5
2024,4117271,Nova Tebas - PR,Paraná,32881,Outros peixes,1.6
2024,4117297,Novo Itacolomi - PR,Paraná,32877,Tilápia,12.0
2024,4117305,Ortigueira - PR,Paraná,32861,Carpa,0.354
2024,4117305,Ortigueira - PR,Paraná,32870,Pacu e patinga,0.221
2024,4117305,Ortigueira - PR,Paraná,32877,Tilápia,0.438
2024,4117305,Ortigueira - PR,Paraná,32881,Outros peixes,0.109
2024,4117453,Ouro Verde do Oeste - PR,Paraná,32861,Carpa,14.9
2024,4117453,Ouro Verde do Oeste - PR,Paraná,32877,Tilápia,2500.0
2024,4117503,Paiçandu - PR,Paraná,32861,Carpa,1.3
2024,4117503,Paiçandu - PR,Paraná,32870,Pacu e patinga,24.5
2024,4117503,Paiçandu - PR,Paraná,32875,"Tambacu, tambatinga",10.0
2024,4117503,Paiçandu - PR,Paraná,32877,Tilápia,50.0
2024,4117602,Palmas - PR,Paraná,32861,Carpa,4.269
2024,4117602,Palmas - PR,Paraná,32877,Tilápia,2.53
2024,4117602,Palmas - PR,Paraná,32879,Truta,1.785
2024,4117602,Palmas - PR,Paraná,32881,Outros peixes,0.568
2024,4117701,Palmeira - PR,Paraná,32861,Carpa,1.15
2024,4117701,Palmeira - PR,Paraná,32877,Tilápia,2.0
2024,4117800,Palmital - PR,Paraná,32861,Carpa,5.5
2024,4117800,Palmital - PR,Paraná,32870,Pacu e patinga,0.75
2024,4117800,Palmital - PR,Paraná,32875,"Tambacu, tambatinga",0.29
2024,4117800,Palmital - PR,Paraná,32877,Tilápia,20.5
2024,4117800,Palmital - PR,Paraná,32878,Traíra e trairão,0.42
2024,4117800,Palmital - PR,Paraná,32881,Outros peixes,0.43
2024,4117909,Palotina - PR,Paraná,32870,Pacu e patinga,121.0
2024,4117909,Palotina - PR,Paraná,32877,Tilápia,15200.0
2024,4118006,Paraíso do Norte - PR,Paraná,32861,Carpa,0.326
2024,4118006,Paraíso do Norte - PR,Paraná,32865,"Curimatã, curimbatá",0.045
2024,4118006,Paraíso do Norte - PR,Paraná,32868,Lambari,0.144
2024,4118006,Paraíso do Norte - PR,Paraná,32869,Matrinxã,0.231
2024,4118006,Paraíso do Norte - PR,Paraná,32870,Pacu e patinga,2.0
2024,4118006,Paraíso do Norte - PR,Paraná,32871,"Piau, piapara, piauçu, piava",0.2
2024,4118006,Paraíso do Norte - PR,Paraná,32877,Tilápia,4.0
2024,4118105,Paranacity - PR,Paraná,32877,Tilápia,13.0
2024,4118204,Paranaguá - PR,Paraná,32861,Carpa,0.6
2024,4118204,Paranaguá - PR,Paraná,32870,Pacu e patinga,4.0
2024,4118204,Paranaguá - PR,Paraná,32877,Tilápia,150.0
2024,4118204,Paranaguá - PR,Paraná,32887,Camarão,35.0
2024,4118204,Paranaguá - PR,Paraná,32889,"Ostras, vieiras e mexilhões",42.0
2024,4118402,Paranavaí - PR,Paraná,32870,Pacu e patinga,7.0
2024,4118402,Paranavaí - PR,Paraná,32871,"Piau, piapara, piauçu, piava",4.8
2024,4118402,Paranavaí - PR,Paraná,32877,Tilápia,19.2
2024,4118451,Pato Bragado - PR,Paraná,32877,Tilápia,752.0
2024,4118501,Pato Branco - PR,Paraná,32861,Carpa,45.197
2024,4118501,Pato Branco - PR,Paraná,32872,"Pintado, cachara, cachapira e pintachara, surubim",5.0
2024,4118501,Pato Branco - PR,Paraná,32877,Tilápia,88.698
2024,4118501,Pato Branco - PR,Paraná,32878,Traíra e trairão,5.133
2024,4118501,Pato Branco - PR,Paraná,32881,Outros peixes,24.299
2024,4118600,Paula Freitas - PR,Paraná,32861,Carpa,12.2
2024,4118600,Paula Freitas - PR,Paraná,32877,Tilápia,18.1
2024,4118600,Paula Freitas - PR,Paraná,32878,Traíra e trairão,3.0
2024,4118709,Paulo Frontin - PR,Paraná,32861,Carpa,18.0
2024,4118709,Paulo Frontin - PR,Paraná,32877,Tilápia,10.0
2024,4118709,Paulo Frontin - PR,Paraná,32878,Traíra e trairão,2.0
2024,4118709,Paulo Frontin - PR,Paraná,32881,Outros peixes,2.0
2024,4118808,Peabiru - PR,Paraná,32861,Carpa,7.7
2024,4118808,Peabiru - PR,Paraná,32870,Pacu e patinga,3.95
2024,4118808,Peabiru - PR,Paraná,32877,Tilápia,140.0
2024,4118857,Perobal - PR,Paraná,32877,Tilápia,20.0
2024,4118907,Pérola - PR,Paraná,32870,Pacu e patinga,14.0
2024,4118907,Pérola - PR,Paraná,32871,"Piau, piapara, piauçu, piava",5.0
2024,4118907,Pérola - PR,Paraná,32877,Tilápia,75.0
2024,4119004,Pérola d'Oeste - PR,Paraná,32861,Carpa,35.5
2024,4119004,Pérola d'Oeste - PR,Paraná,32870,Pacu e patinga,6.95
2024,4119004,Pérola d'Oeste - PR,Paraná,32875,"Tambacu, tambatinga",6.8
2024,4119004,Pérola d'Oeste - PR,Paraná,32877,Tilápia,51.056
2024,4119004,Pérola d'Oeste - PR,Paraná,32878,Traíra e trairão,2.9
2024,4119004,Pérola d'Oeste - PR,Paraná,32881,Outros peixes,2.7
2024,4119103,Piên - PR,Paraná,32861,Carpa,8.0
2024,4119103,Piên - PR,Paraná,32868,Lambari,1.6
2024,4119103,Piên - PR,Paraná,32877,Tilápia,45.0
2024,4119103,Piên - PR,Paraná,32881,Outros peixes,3.0
2024,4119202,Pinhalão - PR,Paraná,32861,Carpa,10.5
2024,4119202,Pinhalão - PR,Paraná,32870,Pacu e patinga,24.0
2024,4119202,Pinhalão - PR,Paraná,32877,Tilápia,45.0
2024,4119202,Pinhalão - PR,Paraná,32878,Traíra e trairão,3.75
2024,4119251,Pinhal de São Bento - PR,Paraná,32861,Carpa,8.5
2024,4119251,Pinhal de São Bento - PR,Paraná,32870,Pacu e patinga,2.8
2024,4119251,Pinhal de São Bento - PR,Paraná,32871,"Piau, piapara, piauçu, piava",0.046
2024,4119251,Pinhal de São Bento - PR,Paraná,32875,"Tambacu, tambatinga",2.65
2024,4119251,Pinhal de São Bento - PR,Paraná,32877,Tilápia,16.7
2024,4119251,Pinhal de São Bento - PR,Paraná,32878,Traíra e trairão,2.7
2024,4119251,Pinhal de São Bento - PR,Paraná,32881,Outros peixes,2.0
2024,4119301,Pinhão - PR,Paraná,32861,Carpa,5.0
2024,4119301,Pinhão - PR,Paraná,32875,"Tambacu, tambatinga",0.3
2024,4119301,Pinhão - PR,Paraná,32877,Tilápia,7.8
2024,4119301,Pinhão - PR,Paraná,32878,Traíra e trairão,0.19
2024,4119301,Pinhão - PR,Paraná,32881,Outros peixes,0.48
2024,4119509,Piraquara - PR,Paraná,32877,Tilápia,31.0
2024,4119608,Pitanga - PR,Paraná,32861,Carpa,4.5
2024,4119608,Pitanga - PR,Paraná,32870,Pacu e patinga,2.0
2024,4119608,Pitanga - PR,Paraná,32877,Tilápia,39.2
2024,4119608,Pitanga - PR,Paraná,32881,Outros peixes,1.5
2024,4119657,Pitangueiras - PR,Paraná,32877,Tilápia,45.0
2024,4119707,Planaltina do Paraná - PR,Paraná,32877,Tilápia,1.0
2024,4119806,Planalto - PR,Paraná,32861,Carpa,59.85
2024,4119806,Planalto - PR,Paraná,32870,Pacu e patinga,1.59
2024,4119806,Planalto - PR,Paraná,32871,"Piau, piapara, piauçu, piava",8.99
2024,4119806,Planalto - PR,Paraná,32875,"Tambacu, tambatinga",0.43
2024,4119806,Planalto - PR,Paraná,32877,Tilápia,170.4
2024,4119806,Planalto - PR,Paraná,32878,Traíra e trairão,3.015
2024,4119806,Planalto - PR,Paraná,32881,Outros peixes,4.5
2024,4119905,Ponta Grossa - PR,Paraná,32861,Carpa,8.5
2024,4119905,Ponta Grossa - PR,Paraná,32877,Tilápia,37.0
2024,4119954,Pontal do Paraná - PR,Paraná,32861,Carpa,0.75
2024,4119954,Pontal do Paraná - PR,Paraná,32877,Tilápia,40.0
2024,4119954,Pontal do Paraná - PR,Paraná,32889,"Ostras, vieiras e mexilhões",5.0
2024,4120002,Porecatu - PR,Paraná,32877,Tilápia,12.5
2024,4120150,Porto Barreiro - PR,Paraná,32861,Carpa,2.5
2024,4120150,Porto Barreiro - PR,Paraná,32870,Pacu e patinga,0.613
2024,4120150,Porto Barreiro - PR,Paraná,32875,"Tambacu, tambatinga",0.1
2024,4120150,Porto Barreiro - PR,Paraná,32877,Tilápia,16.4
2024,4120150,Porto Barreiro - PR,Paraná,32878,Traíra e trairão,1.8
2024,4120150,Porto Barreiro - PR,Paraná,32881,Outros peixes,1.11
2024,4120200,Porto Rico - PR,Paraná,32870,Pacu e patinga,5.2
2024,4120200,Porto Rico - PR,Paraná,32877,Tilápia,2.25
2024,4120309,Porto Vitória - PR,Paraná,32861,Carpa,18.2
2024,4120309,Porto Vitória - PR,Paraná,32877,Tilápia,11.0
2024,4120309,Porto Vitória - PR,Paraná,32881,Outros peixes,0.6
2024,4120333,Prado Ferreira - PR,Paraná,32877,Tilápia,3.1
2024,4120358,Pranchita - PR,Paraná,32861,Carpa,53.0
2024,4120358,Pranchita - PR,Paraná,32870,Pacu e patinga,5.3
2024,4120358,Pranchita - PR,Paraná,32871,"Piau, piapara, piauçu, piava",0.05
2024,4120358,Pranchita - PR,Paraná,32875,"Tambacu, tambatinga",5.056
2024,4120358,Pranchita - PR,Paraná,32877,Tilápia,66.5
2024,4120358,Pranchita - PR,Paraná,32878,Traíra e trairão,2.54
2024,4120358,Pranchita - PR,Paraná,32881,Outros peixes,2.8
2024,4120408,Presidente Castelo Branco - PR,Paraná,32877,Tilápia,3.15
2024,4120507,Primeiro de Maio - PR,Paraná,32877,Tilápia,902.207
2024,4120606,Prudentópolis - PR,Paraná,32861,Carpa,87.5
2024,4120606,Prudentópolis - PR,Paraná,32870,Pacu e patinga,2.38
2024,4120606,Prudentópolis - PR,Paraná,32877,Tilápia,820.56
2024,4120606,Prudentópolis - PR,Paraná,32878,Traíra e trairão,13.3
2024,4120606,Prudentópolis - PR,Paraná,32881,Outros peixes,18.1
2024,4120655,Quarto Centenário - PR,Paraná,32877,Tilápia,40.0
2024,4120705,Quatiguá - PR,Paraná,32877,Tilápia,11.0
2024,4120804,Quatro Barras - PR,Paraná,32877,Tilápia,18.5
2024,4120853,Quatro Pontes - PR,Paraná,32861,Carpa,17.5
2024,4120853,Quatro Pontes - PR,Paraná,32877,Tilápia,2700.0
2024,4120903,Quedas do Iguaçu - PR,Paraná,32861,Carpa,6.5
2024,4120903,Quedas do Iguaçu - PR,Paraná,32870,Pacu e patinga,1.8
2024,4120903,Quedas do Iguaçu - PR,Paraná,32875,"Tambacu, tambatinga",0.21
2024,4120903,Quedas do Iguaçu - PR,Paraná,32877,Tilápia,75.0
2024,4120903,Quedas do Iguaçu - PR,Paraná,32878,Traíra e trairão,1.4
2024,4120903,Quedas do Iguaçu - PR,Paraná,32881,Outros peixes,3.0
2024,4121000,Querência do Norte - PR,Paraná,32861,Carpa,3.1
2024,4121000,Querência do Norte - PR,Paraná,32870,Pacu e patinga,7.2
2024,4121000,Querência do Norte - PR,Paraná,32877,Tilápia,34.0
2024,4121109,Quinta do Sol - PR,Paraná,32877,Tilápia,3.0
2024,4121208,Quitandinha - PR,Paraná,32861,Carpa,7.8
2024,4121208,Quitandinha - PR,Paraná,32868,Lambari,0.09
2024,4121208,Quitandinha - PR,Paraná,32870,Pacu e patinga,0.15
2024,4121208,Quitandinha - PR,Paraná,32877,Tilápia,22.0
2024,4121208,Quitandinha - PR,Paraná,32881,Outros peixes,3.0
2024,4121257,Ramilândia - PR,Paraná,32861,Carpa,3.0
2024,4121257,Ramilândia - PR,Paraná,32870,Pacu e patinga,1.5
2024,4121257,Ramilândia - PR,Paraná,32877,Tilápia,40.0
2024,4121307,Rancho Alegre - PR,Paraná,32875,"Tambacu, tambatinga",2.0
2024,4121307,Rancho Alegre - PR,Paraná,32877,Tilápia,45.0
2024,4121356,Rancho Alegre D'Oeste - PR,Paraná,32877,Tilápia,1394.0
2024,4121406,Realeza - PR,Paraná,32861,Carpa,58.9
2024,4121406,Realeza - PR,Paraná,32870,Pacu e patinga,8.1
2024,4121406,Realeza - PR,Paraná,32871,"Piau, piapara, piauçu, piava",0.05
2024,4121406,Realeza - PR,Paraná,32875,"Tambacu, tambatinga",8.02
2024,4121406,Realeza - PR,Paraná,32877,Tilápia,98.76
2024,4121406,Realeza - PR,Paraná,32878,Traíra e trairão,5.8
2024,4121406,Realeza - PR,Paraná,32881,Outros peixes,3.25
2024,4121505,Rebouças - PR,Paraná,32861,Carpa,13.18
2024,4121505,Rebouças - PR,Paraná,32870,Pacu e patinga,0.315
2024,4121505,Rebouças - PR,Paraná,32877,Tilápia,44.58
2024,4121505,Rebouças - PR,Paraná,32878,Traíra e trairão,1.22
2024,4121505,Rebouças - PR,Paraná,32881,Outros peixes,2.41
2024,4121604,Renascença - PR,Paraná,32861,Carpa,27.0
2024,4121604,Renascença - PR,Paraná,32868,Lambari,0.195
2024,4121604,Renascença - PR,Paraná,32870,Pacu e patinga,2.0
2024,4121604,Renascença - PR,Paraná,32877,Tilápia,75.0
2024,4121604,Renascença - PR,Paraná,32878,Traíra e trairão,3.0
2024,4121604,Renascença - PR,Paraná,32881,Outros peixes,1.0
2024,4121703,Reserva - PR,Paraná,32861,Carpa,0.354
2024,4121703,Reserva - PR,Paraná,32870,Pacu e patinga,0.13
2024,4121703,Reserva - PR,Paraná,32877,Tilápia,0.489
2024,4121703,Reserva - PR,Paraná,32881,Outros peixes,0.057
2024,4121752,Reserva do Iguaçu - PR,Paraná,32861,Carpa,2.7
2024,4121752,Reserva do Iguaçu - PR,Paraná,32870,Pacu e patinga,0.09
2024,4121752,Reserva do Iguaçu - PR,Paraná,32875,"Tambacu, tambatinga",0.1
2024,4121752,Reserva do Iguaçu - PR,Paraná,32877,Tilápia,6.5
2024,4121752,Reserva do Iguaçu - PR,Paraná,32881,Outros peixes,0.26
2024,4121802,Ribeirão Claro - PR,Paraná,32870,Pacu e patinga,20.0
2024,4121802,Ribeirão Claro - PR,Paraná,32871,"Piau, piapara, piauçu, piava",3.0
2024,4121802,Ribeirão Claro - PR,Paraná,32877,Tilápia,130.0
2024,4121901,Ribeirão do Pinhal - PR,Paraná,32870,Pacu e patinga,4.0
2024,4121901,Ribeirão do Pinhal - PR,Paraná,32877,Tilápia,14.0
2024,4122008,Rio Azul - PR,Paraná,32861,Carpa,10.0
2024,4122008,Rio Azul - PR,Paraná,32877,Tilápia,10.0
2024,4122156,Rio Bonito do Iguaçu - PR,Paraná,32861,Carpa,3.565
2024,4122156,Rio Bonito do Iguaçu - PR,Paraná,32870,Pacu e patinga,0.51
2024,4122156,Rio Bonito do Iguaçu - PR,Paraná,32875,"Tambacu, tambatinga",0.5
2024,4122156,Rio Bonito do Iguaçu - PR,Paraná,32877,Tilápia,24.0
2024,4122156,Rio Bonito do Iguaçu - PR,Paraná,32878,Traíra e trairão,5.0
2024,4122156,Rio Bonito do Iguaçu - PR,Paraná,32881,Outros peixes,1.0
2024,4122305,Rio Negro - PR,Paraná,32861,Carpa,4.1
2024,4122305,Rio Negro - PR,Paraná,32877,Tilápia,12.0
2024,4122305,Rio Negro - PR,Paraná,32881,Outros peixes,1.3
2024,4122404,Rolândia - PR,Paraná,32877,Tilápia,112.0
2024,4122503,Roncador - PR,Paraná,32861,Carpa,0.75
2024,4122503,Roncador - PR,Paraná,32866,Dourado,0.05
2024,4122503,Roncador - PR,Paraná,32868,Lambari,0.045
2024,4122503,Roncador - PR,Paraná,32870,Pacu e patinga,0.58
2024,4122503,Roncador - PR,Paraná,32877,Tilápia,25.0
2024,4122503,Roncador - PR,Paraná,32878,Traíra e trairão,0.08
2024,4122503,Roncador - PR,Paraná,32881,Outros peixes,0.13
2024,4122602,Rondon - PR,Paraná,32877,Tilápia,4.8
2024,4122651,Rosário do Ivaí - PR,Paraná,32861,Carpa,6.0
2024,4122651,Rosário do Ivaí - PR,Paraná,32870,Pacu e patinga,1.2
2024,4122651,Rosário do Ivaí - PR,Paraná,32877,Tilápia,15.0
2024,4122701,Sabáudia - PR,Paraná,32877,Tilápia,127.0
2024,4122800,Salgado Filho - PR,Paraná,32861,Carpa,31.0
2024,4122800,Salgado Filho - PR,Paraná,32868,Lambari,0.45
2024,4122800,Salgado Filho - PR,Paraná,32870,Pacu e patinga,5.0
2024,4122800,Salgado Filho - PR,Paraná,32875,"Tambacu, tambatinga",4.5
2024,4122800,Salgado Filho - PR,Paraná,32877,Tilápia,34.0
2024,4122800,Salgado Filho - PR,Paraná,32878,Traíra e trairão,1.5
2024,4122800,Salgado Filho - PR,Paraná,32881,Outros peixes,2.0
2024,4122909,Salto do Itararé - PR,Paraná,32870,Pacu e patinga,5.0
2024,4122909,Salto do Itararé - PR,Paraná,32877,Tilápia,20.0
2024,4123006,Salto do Lontra - PR,Paraná,32861,Carpa,49.8
2024,4123006,Salto do Lontra - PR,Paraná,32870,Pacu e patinga,2.7
2024,4123006,Salto do Lontra - PR,Paraná,32871,"Piau, piapara, piauçu, piava",0.17
2024,4123006,Salto do Lontra - PR,Paraná,32875,"Tambacu, tambatinga",0.5
2024,4123006,Salto do Lontra - PR,Paraná,32877,Tilápia,151.006
2024,4123006,Salto do Lontra - PR,Paraná,32878,Traíra e trairão,2.85
2024,4123006,Salto do Lontra - PR,Paraná,32881,Outros peixes,0.5
2024,4123105,Santa Amélia - PR,Paraná,32870,Pacu e patinga,1.0
2024,4123105,Santa Amélia - PR,Paraná,32875,"Tambacu, tambatinga",1.0
2024,4123105,Santa Amélia - PR,Paraná,32877,Tilápia,12.5
2024,4123303,Santa Cruz de Monte Castelo - PR,Paraná,32870,Pacu e patinga,0.45
2024,4123303,Santa Cruz de Monte Castelo - PR,Paraná,32877,Tilápia,3.0
2024,4123402,Santa Fé - PR,Paraná,32870,Pacu e patinga,31.0
2024,4123402,Santa Fé - PR,Paraná,32877,Tilápia,130.0
2024,4123501,Santa Helena - PR,Paraná,32861,Carpa,15.0
2024,4123501,Santa Helena - PR,Paraná,32877,Tilápia,860.0
2024,4123709,Santa Isabel do Ivaí - PR,Paraná,32877,Tilápia,19.5
2024,4123808,Santa Izabel do Oeste - PR,Paraná,32861,Carpa,45.67
2024,4123808,Santa Izabel do Oeste - PR,Paraná,32870,Pacu e patinga,3.96
2024,4123808,Santa Izabel do Oeste - PR,Paraná,32871,"Piau, piapara, piauçu, piava",0.05
2024,4123808,Santa Izabel do Oeste - PR,Paraná,32875,"Tambacu, tambatinga",10.1
2024,4123808,Santa Izabel do Oeste - PR,Paraná,32877,Tilápia,102.14
2024,4123808,Santa Izabel do Oeste - PR,Paraná,32878,Traíra e trairão,5.7
2024,4123808,Santa Izabel do Oeste - PR,Paraná,32881,Outros peixes,0.33
2024,4123824,Santa Lúcia - PR,Paraná,32861,Carpa,6.0
2024,4123824,Santa Lúcia - PR,Paraná,32871,"Piau, piapara, piauçu, piava",5.1
2024,4123824,Santa Lúcia - PR,Paraná,32877,Tilápia,140.0
2024,4123857,Santa Maria do Oeste - PR,Paraná,32861,Carpa,1.5
2024,4123857,Santa Maria do Oeste - PR,Paraná,32865,"Curimatã, curimbatá",0.3
2024,4123857,Santa Maria do Oeste - PR,Paraná,32870,Pacu e patinga,0.3
2024,4123857,Santa Maria do Oeste - PR,Paraná,32877,Tilápia,27.8
2024,4123857,Santa Maria do Oeste - PR,Paraná,32881,Outros peixes,0.23
2024,4123907,Santa Mariana - PR,Paraná,32870,Pacu e patinga,4.0
2024,4123907,Santa Mariana - PR,Paraná,32871,"Piau, piapara, piauçu, piava",2.0
2024,4123907,Santa Mariana - PR,Paraná,32875,"Tambacu, tambatinga",3.0
2024,4123907,Santa Mariana - PR,Paraná,32877,Tilápia,95.0
2024,4123956,Santa Mônica - PR,Paraná,32870,Pacu e patinga,4.29
2024,4123956,Santa Mônica - PR,Paraná,32877,Tilápia,86.8
2024,4124020,Santa Tereza do Oeste - PR,Paraná,32861,Carpa,8.5
2024,4124020,Santa Tereza do Oeste - PR,Paraná,32870,Pacu e patinga,2.5
2024,4124020,Santa Tereza do Oeste - PR,Paraná,32877,Tilápia,88.0
2024,4124053,Santa Terezinha de Itaipu - PR,Paraná,32861,Carpa,2.5
2024,4124053,Santa Terezinha de Itaipu - PR,Paraná,32877,Tilápia,435.0
2024,4124103,Santo Antônio da Platina - PR,Paraná,32870,Pacu e patinga,29.5
2024,4124103,Santo Antônio da Platina - PR,Paraná,32877,Tilápia,70.0
2024,4124202,Santo Antônio do Caiuá - PR,Paraná,32877,Tilápia,1.0
2024,4124301,Santo Antônio do Paraíso - PR,Paraná,32870,Pacu e patinga,1.0
2024,4124301,Santo Antônio do Paraíso - PR,Paraná,32877,Tilápia,5.0
2024,4124400,Santo Antônio do Sudoeste - PR,Paraná,32861,Carpa,45.2
2024,4124400,Santo Antônio do Sudoeste - PR,Paraná,32870,Pacu e patinga,7.1
2024,4124400,Santo Antônio do Sudoeste - PR,Paraná,32871,"Piau, piapara, piauçu, piava",0.111
2024,4124400,Santo Antônio do Sudoeste - PR,Paraná,32875,"Tambacu, tambatinga",5.65
2024,4124400,Santo Antônio do Sudoeste - PR,Paraná,32877,Tilápia,69.5
2024,4124400,Santo Antônio do Sudoeste - PR,Paraná,32878,Traíra e trairão,3.95
2024,4124400,Santo Antônio do Sudoeste - PR,Paraná,32881,Outros peixes,3.5
2024,4124509,Santo Inácio - PR,Paraná,32877,Tilápia,10.0
2024,4124608,São Carlos do Ivaí - PR,Paraná,32870,Pacu e patinga,0.15
2024,4124608,São Carlos do Ivaí - PR,Paraná,32871,"Piau, piapara, piauçu, piava",0.2
2024,4124608,São Carlos do Ivaí - PR,Paraná,32877,Tilápia,2.0
2024,4124707,São Jerônimo da Serra - PR,Paraná,32861,Carpa,1.0
2024,4124707,São Jerônimo da Serra - PR,Paraná,32870,Pacu e patinga,1.0
2024,4124707,São Jerônimo da Serra - PR,Paraná,32877,Tilápia,4.0
2024,4124806,São João - PR,Paraná,32861,Carpa,8.593
2024,4124806,São João - PR,Paraná,32877,Tilápia,27.98
2024,4124806,São João - PR,Paraná,32878,Traíra e trairão,1.492
2024,4125001,São João do Ivaí - PR,Paraná,32877,Tilápia,550.0
2024,4125209,São Jorge d'Oeste - PR,Paraná,32861,Carpa,45.0
2024,4125209,São Jorge d'Oeste - PR,Paraná,32868,Lambari,1.1
2024,4125209,São Jorge d'Oeste - PR,Paraná,32870,Pacu e patinga,4.0
2024,4125209,São Jorge d'Oeste - PR,Paraná,32875,"Tambacu, tambatinga",5.0
2024,4125209,São Jorge d'Oeste - PR,Paraná,32877,Tilápia,247.0
2024,4125209,São Jorge d'Oeste - PR,Paraná,32878,Traíra e trairão,4.0
2024,4125209,São Jorge d'Oeste - PR,Paraná,32881,Outros peixes,1.5
2024,4125308,São Jorge do Ivaí - PR,Paraná,32877,Tilápia,90.0
2024,4125357,São Jorge do Patrocínio - PR,Paraná,32877,Tilápia,15.0
2024,4125456,São José das Palmeiras - PR,Paraná,32861,Carpa,5.4
2024,4125456,São José das Palmeiras - PR,Paraná,32877,Tilápia,40.0
2024,4125506,São José dos Pinhais - PR,Paraná,32861,Carpa,8.9
2024,4125506,São José dos Pinhais - PR,Paraná,32877,Tilápia,43.8
2024,4125555,São Manoel do Paraná - PR,Paraná,32877,Tilápia,38.0
2024,4125605,São Mateus do Sul - PR,Paraná,32861,Carpa,10.0
2024,4125605,São Mateus do Sul - PR,Paraná,32877,Tilápia,12.0
2024,4125605,São Mateus do Sul - PR,Paraná,32881,Outros peixes,5.0
2024,4125704,São Miguel do Iguaçu - PR,Paraná,32861,Carpa,3.0
2024,4125704,São Miguel do Iguaçu - PR,Paraná,32870,Pacu e patinga,8.0
2024,4125704,São Miguel do Iguaçu - PR,Paraná,32877,Tilápia,2010.0
2024,4125753,São Pedro do Iguaçu - PR,Paraná,32861,Carpa,10.1
2024,4125753,São Pedro do Iguaçu - PR,Paraná,32870,Pacu e patinga,5.95
2024,4125753,São Pedro do Iguaçu - PR,Paraná,32877,Tilápia,140.0
2024,4125803,São Pedro do Ivaí - PR,Paraná,32877,Tilápia,70.0
2024,4125902,São Pedro do Paraná - PR,Paraná,32861,Carpa,1.31
2024,4125902,São Pedro do Paraná - PR,Paraná,32870,Pacu e patinga,2.95
2024,4125902,São Pedro do Paraná - PR,Paraná,32877,Tilápia,6.55
2024,4126009,São Sebastião da Amoreira - PR,Paraná,32870,Pacu e patinga,1.2
2024,4126009,São Sebastião da Amoreira - PR,Paraná,32877,Tilápia,6.0
2024,4126108,São Tomé - PR,Paraná,32877,Tilápia,1.4
2024,4126207,Sapopema - PR,Paraná,32861,Carpa,0.223
2024,4126207,Sapopema - PR,Paraná,32870,Pacu e patinga,0.177
2024,4126207,Sapopema - PR,Paraná,32877,Tilápia,0.484
2024,4126207,Sapopema - PR,Paraná,32881,Outros peixes,0.051
2024,4126256,Sarandi - PR,Paraná,32877,Tilápia,112.0
2024,4126272,Saudade do Iguaçu - PR,Paraná,32861,Carpa,6.0
2024,4126272,Saudade do Iguaçu - PR,Paraná,32877,Tilápia,130.0
2024,4126272,Saudade do Iguaçu - PR,Paraná,32878,Traíra e trairão,5.0
2024,4126355,Serranópolis do Iguaçu - PR,Paraná,32861,Carpa,6.0
2024,4126355,Serranópolis do Iguaçu - PR,Paraná,32870,Pacu e patinga,3.0
2024,4126355,Serranópolis do Iguaçu - PR,Paraná,32875,"Tambacu, tambatinga",1.2
2024,4126355,Serranópolis do Iguaçu - PR,Paraná,32877,Tilápia,810.0
2024,4126405,Sertaneja - PR,Paraná,32870,Pacu e patinga,3.0
2024,4126405,Sertaneja - PR,Paraná,32875,"Tambacu, tambatinga",2.0
2024,4126405,Sertaneja - PR,Paraná,32877,Tilápia,465.0
2024,4126504,Sertanópolis - PR,Paraná,32877,Tilápia,150.0
2024,4126603,Siqueira Campos - PR,Paraná,32870,Pacu e patinga,12.5
2024,4126603,Siqueira Campos - PR,Paraná,32877,Tilápia,60.0
2024,4126652,Sulina - PR,Paraná,32861,Carpa,7.2
2024,4126652,Sulina - PR,Paraná,32877,Tilápia,350.0
2024,4126652,Sulina - PR,Paraná,32881,Outros peixes,1.8
2024,4126678,Tamarana - PR,Paraná,32877,Tilápia,20.0
2024,4126702,Tamboara - PR,Paraná,32877,Tilápia,4.131
2024,4126801,Tapejara - PR,Paraná,32877,Tilápia,40.0
2024,4126900,Tapira - PR,Paraná,32877,Tilápia,5.0
2024,4127007,Teixeira Soares - PR,Paraná,32861,Carpa,24.1
2024,4127007,Teixeira Soares - PR,Paraná,32877,Tilápia,43.8
2024,4127007,Teixeira Soares - PR,Paraná,32878,Traíra e trairão,1.61
2024,4127007,Teixeira Soares - PR,Paraná,32881,Outros peixes,2.7
2024,4127106,Telêmaco Borba - PR,Paraná,32861,Carpa,0.093
2024,4127106,Telêmaco Borba - PR,Paraná,32870,Pacu e patinga,0.065
2024,4127106,Telêmaco Borba - PR,Paraná,32877,Tilápia,0.219
2024,4127106,Telêmaco Borba - PR,Paraná,32881,Outros peixes,0.033
2024,4127205,Terra Boa - PR,Paraná,32877,Tilápia,3.0
2024,4127304,Terra Rica - PR,Paraná,32870,Pacu e patinga,2.75
2024,4127304,Terra Rica - PR,Paraná,32877,Tilápia,5297.619
2024,4127403,Terra Roxa - PR,Paraná,32877,Tilápia,10520.0
2024,4127502,Tibagi - PR,Paraná,32861,Carpa,0.256
2024,4127502,Tibagi - PR,Paraná,32870,Pacu e patinga,0.223
2024,4127502,Tibagi - PR,Paraná,32877,Tilápia,0.442
2024,4127502,Tibagi - PR,Paraná,32881,Outros peixes,0.056
2024,4127601,Tijucas do Sul - PR,Paraná,32861,Carpa,5.0
2024,4127601,Tijucas do Sul - PR,Paraná,32877,Tilápia,28.0
2024,4127700,Toledo - PR,Paraná,32861,Carpa,15.05
2024,4127700,Toledo - PR,Paraná,32870,Pacu e patinga,16.0
2024,4127700,Toledo - PR,Paraná,32877,Tilápia,14000.0
2024,4127700,Toledo - PR,Paraná,32881,Outros peixes,14.0
2024,4127809,Tomazina - PR,Paraná,32861,Carpa,47.5
2024,4127809,Tomazina - PR,Paraná,32870,Pacu e patinga,45.1
2024,4127809,Tomazina - PR,Paraná,32877,Tilápia,48.5
2024,4127858,Três Barras do Paraná - PR,Paraná,32861,Carpa,8.5
2024,4127858,Três Barras do Paraná - PR,Paraná,32870,Pacu e patinga,5.1
2024,4127858,Três Barras do Paraná - PR,Paraná,32877,Tilápia,1100.0
2024,4127882,Tunas do Paraná - PR,Paraná,32861,Carpa,9.8
2024,4127882,Tunas do Paraná - PR,Paraná,32877,Tilápia,14.8
2024,4127957,Tupãssi - PR,Paraná,32861,Carpa,19.9
2024,4127957,Tupãssi - PR,Paraná,32870,Pacu e patinga,11.9
2024,4127957,Tupãssi - PR,Paraná,32877,Tilápia,6950.0
2024,4127965,Turvo - PR,Paraná,32861,Carpa,5.2
2024,4127965,Turvo - PR,Paraná,32875,"Tambacu, tambatinga",0.19
2024,4127965,Turvo - PR,Paraná,32877,Tilápia,10.8
2024,4127965,Turvo - PR,Paraná,32881,Outros peixes,0.43
2024,4128005,Ubiratã - PR,Paraná,32877,Tilápia,240.0
2024,4128104,Umuarama - PR,Paraná,32870,Pacu e patinga,2.0
2024,4128104,Umuarama - PR,Paraná,32877,Tilápia,95.0
2024,4128203,União da Vitória - PR,Paraná,32861,Carpa,15.0
2024,4128203,União da Vitória - PR,Paraná,32877,Tilápia,105.0
2024,4128203,União da Vitória - PR,Paraná,32881,Outros peixes,2.0
2024,4128401,Uraí - PR,Paraná,32870,Pacu e patinga,3.0
2024,4128401,Uraí - PR,Paraná,32875,"Tambacu, tambatinga",2.0
2024,4128401,Uraí - PR,Paraná,32877,Tilápia,10.0
2024,4128559,Vera Cruz do Oeste - PR,Paraná,32861,Carpa,1.95
2024,4128559,Vera Cruz do Oeste - PR,Paraná,32870,Pacu e patinga,4.4
2024,4128559,Vera Cruz do Oeste - PR,Paraná,32877,Tilápia,340.0
2024,4128609,Verê - PR,Paraná,32861,Carpa,35.0
2024,4128609,Verê - PR,Paraná,32868,Lambari,0.25
2024,4128609,Verê - PR,Paraná,32870,Pacu e patinga,4.0
2024,4128609,Verê - PR,Paraná,32875,"Tambacu, tambatinga",5.0
2024,4128609,Verê - PR,Paraná,32877,Tilápia,42.0
2024,4128609,Verê - PR,Paraná,32878,Traíra e trairão,1.0
2024,4128609,Verê - PR,Paraná,32881,Outros peixes,1.8
2024,4128625,Alto Paraíso - PR,Paraná,32877,Tilápia,5.0
2024,4128658,Virmond - PR,Paraná,32861,Carpa,1.005
2024,4128658,Virmond - PR,Paraná,32870,Pacu e patinga,0.15
2024,4128658,Virmond - PR,Paraná,32875,"Tambacu, tambatinga",0.05
2024,4128658,Virmond - PR,Paraná,32877,Tilápia,11.0
2024,4128658,Virmond - PR,Paraná,32878,Traíra e trairão,0.405
2024,4128658,Virmond - PR,Paraná,32881,Outros peixes,0.4
2024,4128708,Vitorino - PR,Paraná,32861,Carpa,16.05
2024,4128708,Vitorino - PR,Paraná,32877,Tilápia,18.98
2024,4200051,Abdon Batista - SC,Santa Catarina,32861,Carpa,31.0
2024,4200051,Abdon Batista - SC,Santa Catarina,32877,Tilápia,5.05
2024,4200101,Abelardo Luz - SC,Santa Catarina,32861,Carpa,7.417
2024,4200101,Abelardo Luz - SC,Santa Catarina,32877,Tilápia,39.569
2024,4200200,Agrolândia - SC,Santa Catarina,32861,Carpa,63.0
2024,4200200,Agrolândia - SC,Santa Catarina,32877,Tilápia,630.0
2024,4200200,Agrolândia - SC,Santa Catarina,32881,Outros peixes,8.4
2024,4200309,Agronômica - SC,Santa Catarina,32861,Carpa,18.9
2024,4200309,Agronômica - SC,Santa Catarina,32877,Tilápia,78.75
2024,4200408,Água Doce - SC,Santa Catarina,32861,Carpa,4.22
2024,4200408,Água Doce - SC,Santa Catarina,32870,Pacu e patinga,2.035
2024,4200408,Água Doce - SC,Santa Catarina,32877,Tilápia,32.45
2024,4200507,Águas de Chapecó - SC,Santa Catarina,32861,Carpa,42.0
2024,4200507,Águas de Chapecó - SC,Santa Catarina,32870,Pacu e patinga,0.62
2024,4200507,Águas de Chapecó - SC,Santa Catarina,32877,Tilápia,80.0
2024,4200556,Águas Frias - SC,Santa Catarina,32861,Carpa,0.6
2024,4200556,Águas Frias - SC,Santa Catarina,32877,Tilápia,28.0
2024,4200606,Águas Mornas - SC,Santa Catarina,32877,Tilápia,20.0
2024,4200606,Águas Mornas - SC,Santa Catarina,32879,Truta,2.0
2024,4200705,Alfredo Wagner - SC,Santa Catarina,32861,Carpa,32.0
2024,4200705,Alfredo Wagner - SC,Santa Catarina,32866,Dourado,0.15
2024,4200705,Alfredo Wagner - SC,Santa Catarina,32870,Pacu e patinga,1.35
2024,4200705,Alfredo Wagner - SC,Santa Catarina,32877,Tilápia,130.0
2024,4200705,Alfredo Wagner - SC,Santa Catarina,32878,Traíra e trairão,0.11
2024,4200705,Alfredo Wagner - SC,Santa Catarina,32881,Outros peixes,1.0
2024,4200754,Alto Bela Vista - SC,Santa Catarina,32861,Carpa,4.0
2024,4200754,Alto Bela Vista - SC,Santa Catarina,32877,Tilápia,32.0
2024,4200754,Alto Bela Vista - SC,Santa Catarina,32881,Outros peixes,2.0
2024,4200804,Anchieta - SC,Santa Catarina,32861,Carpa,58.0
2024,4200804,Anchieta - SC,Santa Catarina,32870,Pacu e patinga,2.76
2024,4200804,Anchieta - SC,Santa Catarina,32877,Tilápia,60.0
2024,4200804,Anchieta - SC,Santa Catarina,32881,Outros peixes,6.48
2024,4200903,Angelina - SC,Santa Catarina,32861,Carpa,6.0
2024,4200903,Angelina - SC,Santa Catarina,32877,Tilápia,14.0
2024,4200903,Angelina - SC,Santa Catarina,32878,Traíra e trairão,0.2
2024,4201000,Anita Garibaldi - SC,Santa Catarina,32861,Carpa,60.0
2024,4201000,Anita Garibaldi - SC,Santa Catarina,32877,Tilápia,8.5
2024,4201000,Anita Garibaldi - SC,Santa Catarina,32881,Outros peixes,58.0
2024,4201109,Anitápolis - SC,Santa Catarina,32861,Carpa,1.1
2024,4201109,Anitápolis - SC,Santa Catarina,32877,Tilápia,40.0
2024,4201109,Anitápolis - SC,Santa Catarina,32878,Traíra e trairão,0.2
2024,4201257,Apiúna - SC,Santa Catarina,32861,Carpa,3.932
2024,4201257,Apiúna - SC,Santa Catarina,32877,Tilápia,102.723
2024,4201273,Arabutã - SC,Santa Catarina,32861,Carpa,6.9
2024,4201273,Arabutã - SC,Santa Catarina,32877,Tilápia,5.0
2024,4201307,Araquari - SC,Santa Catarina,32877,Tilápia,2.3
2024,4201406,Araranguá - SC,Santa Catarina,32861,Carpa,0.5
2024,4201406,Araranguá - SC,Santa Catarina,32877,Tilápia,23.0
2024,4201505,Armazém - SC,Santa Catarina,32877,Tilápia,4028.0
2024,4201604,Arroio Trinta - SC,Santa Catarina,32861,Carpa,58.0
2024,4201604,Arroio Trinta - SC,Santa Catarina,32877,Tilápia,3.5
2024,4201604,Arroio Trinta - SC,Santa Catarina,32881,Outros peixes,1.2
2024,4201703,Ascurra - SC,Santa Catarina,32877,Tilápia,220.666
2024,4201802,Atalanta - SC,Santa Catarina,32861,Carpa,10.5
2024,4201802,Atalanta - SC,Santa Catarina,32877,Tilápia,47.25
2024,4201901,Aurora - SC,Santa Catarina,32861,Carpa,23.1
2024,4201901,Aurora - SC,Santa Catarina,32877,Tilápia,94.5
2024,4201950,Balneário Arroio do Silva - SC,Santa Catarina,32877,Tilápia,0.5
2024,4202081,Bandeirante - SC,Santa Catarina,32861,Carpa,33.9
2024,4202081,Bandeirante - SC,Santa Catarina,32870,Pacu e patinga,1.38
2024,4202081,Bandeirante - SC,Santa Catarina,32877,Tilápia,55.6
2024,4202081,Bandeirante - SC,Santa Catarina,32881,Outros peixes,3.35
2024,4202099,Barra Bonita - SC,Santa Catarina,32861,Carpa,20.0
2024,4202099,Barra Bonita - SC,Santa Catarina,32870,Pacu e patinga,2.27
2024,4202099,Barra Bonita - SC,Santa Catarina,32877,Tilápia,180.0
2024,4202099,Barra Bonita - SC,Santa Catarina,32878,Traíra e trairão,2.0
2024,4202099,Barra Bonita - SC,Santa Catarina,32881,Outros peixes,2.0
2024,4202107,Barra Velha - SC,Santa Catarina,32877,Tilápia,140.0
2024,4202131,Bela Vista do Toldo - SC,Santa Catarina,32861,Carpa,6.5
2024,4202131,Bela Vista do Toldo - SC,Santa Catarina,32877,Tilápia,13.0
2024,4202131,Bela Vista do Toldo - SC,Santa Catarina,32878,Traíra e trairão,0.55
2024,4202131,Bela Vista do Toldo - SC,Santa Catarina,32881,Outros peixes,1.5
2024,4202156,Belmonte - SC,Santa Catarina,32861,Carpa,10.35
2024,4202156,Belmonte - SC,Santa Catarina,32870,Pacu e patinga,0.1
2024,4202156,Belmonte - SC,Santa Catarina,32877,Tilápia,9.2
2024,4202206,Benedito Novo - SC,Santa Catarina,32861,Carpa,18.832
2024,4202206,Benedito Novo - SC,Santa Catarina,32877,Tilápia,153.98
2024,4202206,Benedito Novo - SC,Santa Catarina,32881,Outros peixes,14.55
2024,4202305,Biguaçu - SC,Santa Catarina,32889,"Ostras, vieiras e mexilhões",9.0
2024,4202404,Blumenau - SC,Santa Catarina,32861,Carpa,70.945
2024,4202404,Blumenau - SC,Santa Catarina,32877,Tilápia,1459.15
2024,4202404,Blumenau - SC,Santa Catarina,32881,Outros peixes,9.975
2024,4202438,Bocaina do Sul - SC,Santa Catarina,32861,Carpa,50.0
2024,4202438,Bocaina do Sul - SC,Santa Catarina,32879,Truta,88.0
2024,4202438,Bocaina do Sul - SC,Santa Catarina,32881,Outros peixes,19.0
2024,4202453,Bombinhas - SC,Santa Catarina,32889,"Ostras, vieiras e mexilhões",1594.5
2024,4202503,Bom Jardim da Serra - SC,Santa Catarina,32861,Carpa,7.0
2024,4202503,Bom Jardim da Serra - SC,Santa Catarina,32879,Truta,2.1
2024,4202503,Bom Jardim da Serra - SC,Santa Catarina,32881,Outros peixes,5.0
2024,4202537,Bom Jesus - SC,Santa Catarina,32861,Carpa,6.121
2024,4202537,Bom Jesus - SC,Santa Catarina,32870,Pacu e patinga,0.22
2024,4202537,Bom Jesus - SC,Santa Catarina,32877,Tilápia,1.713
2024,4202578,Bom Jesus do Oeste - SC,Santa Catarina,32861,Carpa,16.0
2024,4202578,Bom Jesus do Oeste - SC,Santa Catarina,32877,Tilápia,12.0
2024,4202578,Bom Jesus do Oeste - SC,Santa Catarina,32878,Traíra e trairão,0.3
2024,4202602,Bom Retiro - SC,Santa Catarina,32861,Carpa,23.0
2024,4202602,Bom Retiro - SC,Santa Catarina,32877,Tilápia,6.5
2024,4202602,Bom Retiro - SC,Santa Catarina,32881,Outros peixes,25.0
2024,4202701,Botuverá - SC,Santa Catarina,32861,Carpa,6.0
2024,4202701,Botuverá - SC,Santa Catarina,32877,Tilápia,10.0
2024,4202701,Botuverá - SC,Santa Catarina,32879,Truta,6.0
2024,4202800,Braço do Norte - SC,Santa Catarina,32877,Tilápia,1500.0
2024,4202800,Braço do Norte - SC,Santa Catarina,32878,Traíra e trairão,1.2
2024,4202859,Braço do Trombudo - SC,Santa Catarina,32861,Carpa,8.95
2024,4202859,Braço do Trombudo - SC,Santa Catarina,32877,Tilápia,105.0
2024,4202875,Brunópolis - SC,Santa Catarina,32861,Carpa,0.25
2024,4202875,Brunópolis - SC,Santa Catarina,32877,Tilápia,0.15
2024,4203006,Caçador - SC,Santa Catarina,32861,Carpa,180.0
2024,4203006,Caçador - SC,Santa Catarina,32877,Tilápia,21.0
2024,4203006,Caçador - SC,Santa Catarina,32881,Outros peixes,11.0
2024,4203105,Caibi - SC,Santa Catarina,32861,Carpa,40.0
2024,4203105,Caibi - SC,Santa Catarina,32870,Pacu e patinga,0.65
2024,4203105,Caibi - SC,Santa Catarina,32877,Tilápia,130.0
2024,4203154,Calmon - SC,Santa Catarina,32861,Carpa,5.5
2024,4203154,Calmon - SC,Santa Catarina,32881,Outros peixes,0.9
2024,4203204,Camboriú - SC,Santa Catarina,32861,Carpa,12.2
2024,4203204,Camboriú - SC,Santa Catarina,32877,Tilápia,20.0
2024,4203253,Capão Alto - SC,Santa Catarina,32861,Carpa,25.0
2024,4203253,Capão Alto - SC,Santa Catarina,32868,Lambari,1.2
2024,4203253,Capão Alto - SC,Santa Catarina,32877,Tilápia,1.0
2024,4203253,Capão Alto - SC,Santa Catarina,32878,Traíra e trairão,1.2
2024,4203253,Capão Alto - SC,Santa Catarina,32881,Outros peixes,13.0
2024,4203303,Campo Alegre - SC,Santa Catarina,32861,Carpa,82.0
2024,4203303,Campo Alegre - SC,Santa Catarina,32868,Lambari,2.0
2024,4203303,Campo Alegre - SC,Santa Catarina,32877,Tilápia,100.0
2024,4203303,Campo Alegre - SC,Santa Catarina,32879,Truta,9.0
2024,4203303,Campo Alegre - SC,Santa Catarina,32881,Outros peixes,33.0
2024,4203402,Campo Belo do Sul - SC,Santa Catarina,32861,Carpa,20.0
2024,4203402,Campo Belo do Sul - SC,Santa Catarina,32877,Tilápia,1.05
2024,4203402,Campo Belo do Sul - SC,Santa Catarina,32878,Traíra e trairão,2.0
2024,4203402,Campo Belo do Sul - SC,Santa Catarina,32881,Outros peixes,10.0
2024,4203501,Campo Erê - SC,Santa Catarina,32861,Carpa,6.746
2024,4203501,Campo Erê - SC,Santa Catarina,32870,Pacu e patinga,0.187
2024,4203501,Campo Erê - SC,Santa Catarina,32877,Tilápia,1.113
2024,4203600,Campos Novos - SC,Santa Catarina,32861,Carpa,63.0
2024,4203600,Campos Novos - SC,Santa Catarina,32877,Tilápia,32.5
2024,4203808,Canoinhas - SC,Santa Catarina,32861,Carpa,31.2
2024,4203808,Canoinhas - SC,Santa Catarina,32877,Tilápia,132.0
2024,4203808,Canoinhas - SC,Santa Catarina,32878,Traíra e trairão,1.9
2024,4203808,Canoinhas - SC,Santa Catarina,32881,Outros peixes,7.0
2024,4203907,Capinzal - SC,Santa Catarina,32861,Carpa,5.8
2024,4203907,Capinzal - SC,Santa Catarina,32877,Tilápia,10.2
2024,4203956,Capivari de Baixo - SC,Santa Catarina,32861,Carpa,0.5
2024,4203956,Capivari de Baixo - SC,Santa Catarina,32877,Tilápia,2.5
2024,4204004,Catanduvas - SC,Santa Catarina,32861,Carpa,3.5
2024,4204004,Catanduvas - SC,Santa Catarina,32877,Tilápia,9.5
2024,4204103,Caxambu do Sul - SC,Santa Catarina,32861,Carpa,22.0
2024,4204103,Caxambu do Sul - SC,Santa Catarina,32877,Tilápia,650.0
2024,4204152,Celso Ramos - SC,Santa Catarina,32861,Carpa,7.55
2024,4204152,Celso Ramos - SC,Santa Catarina,32877,Tilápia,3.2
2024,4204178,Cerro Negro - SC,Santa Catarina,32861,Carpa,20.0
2024,4204178,Cerro Negro - SC,Santa Catarina,32877,Tilápia,2.0
2024,4204178,Cerro Negro - SC,Santa Catarina,32878,Traíra e trairão,2.0
2024,4204178,Cerro Negro - SC,Santa Catarina,32881,Outros peixes,13.0
2024,4204194,Chapadão do Lageado - SC,Santa Catarina,32861,Carpa,5.25
2024,4204194,Chapadão do Lageado - SC,Santa Catarina,32877,Tilápia,26.25
2024,4204202,Chapecó - SC,Santa Catarina,32861,Carpa,30.0
2024,4204202,Chapecó - SC,Santa Catarina,32870,Pacu e patinga,8.0
2024,4204202,Chapecó - SC,Santa Catarina,32877,Tilápia,220.0
2024,4204202,Chapecó - SC,Santa Catarina,32881,Outros peixes,10.0
2024,4204251,Cocal do Sul - SC,Santa Catarina,32877,Tilápia,85.0
2024,4204301,Concórdia - SC,Santa Catarina,32861,Carpa,14.0
2024,4204301,Concórdia - SC,Santa Catarina,32870,Pacu e patinga,2.3
2024,4204301,Concórdia - SC,Santa Catarina,32877,Tilápia,132.5
2024,4204301,Concórdia - SC,Santa Catarina,32881,Outros peixes,5.8
2024,4204400,Coronel Freitas - SC,Santa Catarina,32861,Carpa,15.0
2024,4204400,Coronel Freitas - SC,Santa Catarina,32870,Pacu e patinga,2.9
2024,4204400,Coronel Freitas - SC,Santa Catarina,32876,Tambaqui,2.0
2024,4204400,Coronel Freitas - SC,Santa Catarina,32877,Tilápia,15.0
2024,4204400,Coronel Freitas - SC,Santa Catarina,32881,Outros peixes,7.5
2024,4204459,Coronel Martins - SC,Santa Catarina,32861,Carpa,1.648
2024,4204459,Coronel Martins - SC,Santa Catarina,32877,Tilápia,1.122
2024,4204509,Corupá - SC,Santa Catarina,32861,Carpa,12.0
2024,4204509,Corupá - SC,Santa Catarina,32877,Tilápia,182.0
2024,4204509,Corupá - SC,Santa Catarina,32881,Outros peixes,2.0
2024,4204558,Correia Pinto - SC,Santa Catarina,32861,Carpa,30.0
2024,4204558,Correia Pinto - SC,Santa Catarina,32877,Tilápia,2.3
2024,4204558,Correia Pinto - SC,Santa Catarina,32878,Traíra e trairão,2.9
2024,4204558,Correia Pinto - SC,Santa Catarina,32881,Outros peixes,22.5
2024,4204608,Criciúma - SC,Santa Catarina,32861,Carpa,3.1
2024,4204608,Criciúma - SC,Santa Catarina,32877,Tilápia,128.0
2024,4204707,Cunha Porã - SC,Santa Catarina,32861,Carpa,85.0
2024,4204707,Cunha Porã - SC,Santa Catarina,32870,Pacu e patinga,10.0
2024,4204707,Cunha Porã - SC,Santa Catarina,32877,Tilápia,500.0
2024,4204707,Cunha Porã - SC,Santa Catarina,32881,Outros peixes,1.6
2024,4204756,Cunhataí - SC,Santa Catarina,32861,Carpa,7.8
2024,4204756,Cunhataí - SC,Santa Catarina,32877,Tilápia,83.0
2024,4204806,Curitibanos - SC,Santa Catarina,32861,Carpa,2.4
2024,4204806,Curitibanos - SC,Santa Catarina,32877,Tilápia,2.4
2024,4204905,Descanso - SC,Santa Catarina,32861,Carpa,50.0
2024,4204905,Descanso - SC,Santa Catarina,32877,Tilápia,140.0
2024,4204905,Descanso - SC,Santa Catarina,32881,Outros peixes,20.0
2024,4205001,Dionísio Cerqueira - SC,Santa Catarina,32861,Carpa,91.6
2024,4205001,Dionísio Cerqueira - SC,Santa Catarina,32870,Pacu e patinga,1.6
2024,4205001,Dionísio Cerqueira - SC,Santa Catarina,32877,Tilápia,24.5
2024,4205001,Dionísio Cerqueira - SC,Santa Catarina,32881,Outros peixes,2.7
2024,4205100,Dona Emma - SC,Santa Catarina,32861,Carpa,14.7
2024,4205100,Dona Emma - SC,Santa Catarina,32877,Tilápia,89.25
2024,4205159,Doutor Pedrinho - SC,Santa Catarina,32861,Carpa,47.175
2024,4205159,Doutor Pedrinho - SC,Santa Catarina,32870,Pacu e patinga,0.496
2024,4205159,Doutor Pedrinho - SC,Santa Catarina,32877,Tilápia,301.238
2024,4205159,Doutor Pedrinho - SC,Santa Catarina,32878,Traíra e trairão,0.2
2024,4205175,Entre Rios - SC,Santa Catarina,32861,Carpa,8.0
2024,4205175,Entre Rios - SC,Santa Catarina,32877,Tilápia,0.25
2024,4205191,Ermo - SC,Santa Catarina,32877,Tilápia,17.0
2024,4205209,Erval Velho - SC,Santa Catarina,32861,Carpa,7.3
2024,4205209,Erval Velho - SC,Santa Catarina,32877,Tilápia,17.0
2024,4205308,Faxinal dos Guedes - SC,Santa Catarina,32861,Carpa,20.0
2024,4205357,Flor do Sertão - SC,Santa Catarina,32861,Carpa,19.2
2024,4205357,Flor do Sertão - SC,Santa Catarina,32877,Tilápia,17.21
2024,4205357,Flor do Sertão - SC,Santa Catarina,32878,Traíra e trairão,0.23
2024,4205357,Flor do Sertão - SC,Santa Catarina,32881,Outros peixes,0.26
2024,4205407,Florianópolis - SC,Santa Catarina,32887,Camarão,4.0
2024,4205407,Florianópolis - SC,Santa Catarina,32889,"Ostras, vieiras e mexilhões",2648.79
2024,4205431,Formosa do Sul - SC,Santa Catarina,32861,Carpa,9.443
2024,4205431,Formosa do Sul - SC,Santa Catarina,32868,Lambari,0.295
2024,4205431,Formosa do Sul - SC,Santa Catarina,32870,Pacu e patinga,0.18
2024,4205431,Formosa do Sul - SC,Santa Catarina,32872,"Pintado, cachara, cachapira e pintachara, surubim",0.185
2024,4205431,Formosa do Sul - SC,Santa Catarina,32877,Tilápia,179.1
2024,4205456,Forquilhinha - SC,Santa Catarina,32877,Tilápia,50.0
2024,4205506,Fraiburgo - SC,Santa Catarina,32861,Carpa,7.2
2024,4205506,Fraiburgo - SC,Santa Catarina,32877,Tilápia,1.6
2024,4205506,Fraiburgo - SC,Santa Catarina,32881,Outros peixes,0.39
2024,4205555,Frei Rogério - SC,Santa Catarina,32861,Carpa,0.8
2024,4205605,Galvão - SC,Santa Catarina,32861,Carpa,0.889
2024,4205605,Galvão - SC,Santa Catarina,32877,Tilápia,12.908
2024,4205704,Garopaba - SC,Santa Catarina,32887,Camarão,5.8
2024,4205704,Garopaba - SC,Santa Catarina,32889,"Ostras, vieiras e mexilhões",4.0
2024,4205803,Garuva - SC,Santa Catarina,32877,Tilápia,120.0
2024,4205902,Gaspar - SC,Santa Catarina,32877,Tilápia,900.975
2024,4205902,Gaspar - SC,Santa Catarina,32879,Truta,22.751
2024,4205902,Gaspar - SC,Santa Catarina,32881,Outros peixes,7.044
2024,4206009,Governador Celso Ramos - SC,Santa Catarina,32877,Tilápia,1.3
2024,4206009,Governador Celso Ramos - SC,Santa Catarina,32889,"Ostras, vieiras e mexilhões",410.3
2024,4206108,Grão-Pará - SC,Santa Catarina,32861,Carpa,77.0
2024,4206108,Grão-Pará - SC,Santa Catarina,32877,Tilápia,1700.0
2024,4206108,Grão-Pará - SC,Santa Catarina,32881,Outros peixes,10.0
2024,4206207,Gravatal - SC,Santa Catarina,32861,Carpa,8.0
2024,4206207,Gravatal - SC,Santa Catarina,32877,Tilápia,50.0
2024,4206306,Guabiruba - SC,Santa Catarina,32877,Tilápia,70.0
2024,4206405,Guaraciaba - SC,Santa Catarina,32861,Carpa,46.4
2024,4206405,Guaraciaba - SC,Santa Catarina,32870,Pacu e patinga,1.0
2024,4206405,Guaraciaba - SC,Santa Catarina,32877,Tilápia,54.48
2024,4206405,Guaraciaba - SC,Santa Catarina,32881,Outros peixes,6.0
2024,4206504,Guaramirim - SC,Santa Catarina,32861,Carpa,15.0
2024,4206504,Guaramirim - SC,Santa Catarina,32877,Tilápia,356.0
2024,4206504,Guaramirim - SC,Santa Catarina,32881,Outros peixes,12.0
2024,4206603,Guarujá do Sul - SC,Santa Catarina,32861,Carpa,6.0
2024,4206603,Guarujá do Sul - SC,Santa Catarina,32870,Pacu e patinga,1.0
2024,4206603,Guarujá do Sul - SC,Santa Catarina,32877,Tilápia,0.5
2024,4206603,Guarujá do Sul - SC,Santa Catarina,32878,Traíra e trairão,0.5
2024,4206603,Guarujá do Sul - SC,Santa Catarina,32881,Outros peixes,1.0
2024,4206652,Guatambú - SC,Santa Catarina,32861,Carpa,130.0
2024,4206652,Guatambú - SC,Santa Catarina,32870,Pacu e patinga,2.1
2024,4206652,Guatambú - SC,Santa Catarina,32877,Tilápia,200.0
2024,4206702,Herval d'Oeste - SC,Santa Catarina,32861,Carpa,1.55
2024,4206702,Herval d'Oeste - SC,Santa Catarina,32877,Tilápia,9.5
2024,4206751,Ibiam - SC,Santa Catarina,32861,Carpa,7.1
2024,4206751,Ibiam - SC,Santa Catarina,32877,Tilápia,18.5
2024,4206751,Ibiam - SC,Santa Catarina,32881,Outros peixes,0.9
2024,4206801,Ibicaré - SC,Santa Catarina,32861,Carpa,6.7
2024,4206801,Ibicaré - SC,Santa Catarina,32877,Tilápia,31.8
2024,4206900,Ibirama - SC,Santa Catarina,32861,Carpa,10.5
2024,4206900,Ibirama - SC,Santa Catarina,32877,Tilápia,84.0
2024,4206900,Ibirama - SC,Santa Catarina,32879,Truta,3.15
2024,4207007,Içara - SC,Santa Catarina,32877,Tilápia,7.0
2024,4207106,Ilhota - SC,Santa Catarina,32861,Carpa,29.0
2024,4207106,Ilhota - SC,Santa Catarina,32877,Tilápia,200.0
2024,4207205,Imaruí - SC,Santa Catarina,32877,Tilápia,60.0
2024,4207304,Imbituba - SC,Santa Catarina,32861,Carpa,3.0
2024,4207304,Imbituba - SC,Santa Catarina,32877,Tilápia,7.5
2024,4207304,Imbituba - SC,Santa Catarina,32887,Camarão,55.0
2024,4207403,Imbuia - SC,Santa Catarina,32861,Carpa,6.3
2024,4207403,Imbuia - SC,Santa Catarina,32877,Tilápia,36.75
2024,4207502,Indaial - SC,Santa Catarina,32861,Carpa,13.742
2024,4207502,Indaial - SC,Santa Catarina,32877,Tilápia,172.87
2024,4207502,Indaial - SC,Santa Catarina,32881,Outros peixes,5.0
2024,4207577,Iomerê - SC,Santa Catarina,32861,Carpa,32.0
2024,4207577,Iomerê - SC,Santa Catarina,32877,Tilápia,22.0
2024,4207577,Iomerê - SC,Santa Catarina,32881,Outros peixes,1.9
2024,4207601,Ipira - SC,Santa Catarina,32861,Carpa,3.6
2024,4207601,Ipira - SC,Santa Catarina,32877,Tilápia,148.0
2024,4207601,Ipira - SC,Santa Catarina,32881,Outros peixes,2.0
2024,4207650,Iporã do Oeste - SC,Santa Catarina,32861,Carpa,55.63
2024,4207650,Iporã do Oeste - SC,Santa Catarina,32870,Pacu e patinga,1.68
2024,4207650,Iporã do Oeste - SC,Santa Catarina,32877,Tilápia,220.84
2024,4207650,Iporã do Oeste - SC,Santa Catarina,32878,Traíra e trairão,0.7
2024,4207650,Iporã do Oeste - SC,Santa Catarina,32881,Outros peixes,7.07
2024,4207700,Ipumirim - SC,Santa Catarina,32861,Carpa,4.8
2024,4207700,Ipumirim - SC,Santa Catarina,32877,Tilápia,40.0
2024,4207700,Ipumirim - SC,Santa Catarina,32881,Outros peixes,2.6
2024,4207759,Iraceminha - SC,Santa Catarina,32861,Carpa,55.0
2024,4207759,Iraceminha - SC,Santa Catarina,32870,Pacu e patinga,2.6
2024,4207759,Iraceminha - SC,Santa Catarina,32877,Tilápia,78.0
2024,4207809,Irani - SC,Santa Catarina,32861,Carpa,3.0
2024,4207809,Irani - SC,Santa Catarina,32877,Tilápia,4.5
2024,4207809,Irani - SC,Santa Catarina,32881,Outros peixes,1.0
2024,4207858,Irati - SC,Santa Catarina,32861,Carpa,3.618
2024,4207858,Irati - SC,Santa Catarina,32872,"Pintado, cachara, cachapira e pintachara, surubim",0.296
2024,4207858,Irati - SC,Santa Catarina,32877,Tilápia,1.073
2024,4207908,Irineópolis - SC,Santa Catarina,32861,Carpa,10.0
2024,4207908,Irineópolis - SC,Santa Catarina,32877,Tilápia,13.0
2024,4207908,Irineópolis - SC,Santa Catarina,32881,Outros peixes,7.5
2024,4208005,Itá - SC,Santa Catarina,32861,Carpa,4.0
2024,4208005,Itá - SC,Santa Catarina,32877,Tilápia,36.0
2024,4208104,Itaiópolis - SC,Santa Catarina,32861,Carpa,6.0
2024,4208104,Itaiópolis - SC,Santa Catarina,32870,Pacu e patinga,6.0
2024,4208104,Itaiópolis - SC,Santa Catarina,32877,Tilápia,23.0
2024,4208104,Itaiópolis - SC,Santa Catarina,32881,Outros peixes,3.5
2024,4208203,Itajaí - SC,Santa Catarina,32861,Carpa,8.0
2024,4208203,Itajaí - SC,Santa Catarina,32877,Tilápia,115.0
2024,4208401,Itapiranga - SC,Santa Catarina,32861,Carpa,6.0
2024,4208401,Itapiranga - SC,Santa Catarina,32870,Pacu e patinga,1.5
2024,4208401,Itapiranga - SC,Santa Catarina,32877,Tilápia,54.0
2024,4208401,Itapiranga - SC,Santa Catarina,32881,Outros peixes,4.6
2024,4208450,Itapoá - SC,Santa Catarina,32877,Tilápia,6.8
2024,4208500,Ituporanga - SC,Santa Catarina,32861,Carpa,21.0
2024,4208500,Ituporanga - SC,Santa Catarina,32877,Tilápia,168.0
2024,4208708,Jacinto Machado - SC,Santa Catarina,32877,Tilápia,5.5
2024,4208807,Jaguaruna - SC,Santa Catarina,32877,Tilápia,13.0
2024,4208906,Jaraguá do Sul - SC,Santa Catarina,32861,Carpa,16.0
2024,4208906,Jaraguá do Sul - SC,Santa Catarina,32877,Tilápia,383.0
2024,4208906,Jaraguá do Sul - SC,Santa Catarina,32881,Outros peixes,8.0
2024,4208955,Jardinópolis - SC,Santa Catarina,32861,Carpa,1.0
2024,4208955,Jardinópolis - SC,Santa Catarina,32877,Tilápia,3.0
2024,4209003,Joaçaba - SC,Santa Catarina,32861,Carpa,21.0
2024,4209003,Joaçaba - SC,Santa Catarina,32877,Tilápia,75.0
2024,4209102,Joinville - SC,Santa Catarina,32877,Tilápia,756.0
2024,4209151,José Boiteux - SC,Santa Catarina,32861,Carpa,6.3
2024,4209151,José Boiteux - SC,Santa Catarina,32877,Tilápia,47.25
2024,4209151,José Boiteux - SC,Santa Catarina,32881,Outros peixes,1.05
2024,4209177,Jupiá - SC,Santa Catarina,32861,Carpa,0.415
2024,4209177,Jupiá - SC,Santa Catarina,32877,Tilápia,0.122
2024,4209201,Lacerdópolis - SC,Santa Catarina,32861,Carpa,6.7
2024,4209201,Lacerdópolis - SC,Santa Catarina,32877,Tilápia,35.0
2024,4209300,Lages - SC,Santa Catarina,32861,Carpa,35.0
2024,4209300,Lages - SC,Santa Catarina,32868,Lambari,3.5
2024,4209300,Lages - SC,Santa Catarina,32877,Tilápia,2.0
2024,4209300,Lages - SC,Santa Catarina,32878,Traíra e trairão,2.2
2024,4209300,Lages - SC,Santa Catarina,32879,Truta,5.0
2024,4209300,Lages - SC,Santa Catarina,32881,Outros peixes,22.0
2024,4209409,Laguna - SC,Santa Catarina,32877,Tilápia,200.0
2024,4209409,Laguna - SC,Santa Catarina,32887,Camarão,125.0
2024,4209458,Lajeado Grande - SC,Santa Catarina,32861,Carpa,50.0
2024,4209458,Lajeado Grande - SC,Santa Catarina,32868,Lambari,5.0
2024,4209458,Lajeado Grande - SC,Santa Catarina,32877,Tilápia,300.0
2024,4209508,Laurentino - SC,Santa Catarina,32861,Carpa,10.5
2024,4209508,Laurentino - SC,Santa Catarina,32877,Tilápia,84.0
2024,4209607,Lauro Müller - SC,Santa Catarina,32861,Carpa,7.2
2024,4209607,Lauro Müller - SC,Santa Catarina,32877,Tilápia,51.0
2024,4209706,Lebon Régis - SC,Santa Catarina,32861,Carpa,45.0
2024,4209706,Lebon Régis - SC,Santa Catarina,32881,Outros peixes,14.5
2024,4209805,Leoberto Leal - SC,Santa Catarina,32861,Carpa,12.6
2024,4209805,Leoberto Leal - SC,Santa Catarina,32877,Tilápia,29.4
2024,4209854,Lindóia do Sul - SC,Santa Catarina,32861,Carpa,2.3
2024,4209854,Lindóia do Sul - SC,Santa Catarina,32877,Tilápia,3.0
2024,4209904,Lontras - SC,Santa Catarina,32861,Carpa,16.8
2024,4209904,Lontras - SC,Santa Catarina,32877,Tilápia,105.0
2024,4209904,Lontras - SC,Santa Catarina,32881,Outros peixes,3.15
2024,4210001,Luiz Alves - SC,Santa Catarina,32861,Carpa,15.2
2024,4210001,Luiz Alves - SC,Santa Catarina,32877,Tilápia,330.0
2024,4210035,Luzerna - SC,Santa Catarina,32861,Carpa,4.3
2024,4210035,Luzerna - SC,Santa Catarina,32877,Tilápia,1.75
2024,4210050,Macieira - SC,Santa Catarina,32861,Carpa,33.0
2024,4210050,Macieira - SC,Santa Catarina,32881,Outros peixes,2.95
2024,4210100,Mafra - SC,Santa Catarina,32861,Carpa,30.0
2024,4210100,Mafra - SC,Santa Catarina,32877,Tilápia,38.0
2024,4210100,Mafra - SC,Santa Catarina,32881,Outros peixes,12.0
2024,4210308,Major Vieira - SC,Santa Catarina,32861,Carpa,9.0
2024,4210308,Major Vieira - SC,Santa Catarina,32870,Pacu e patinga,1.9
2024,4210308,Major Vieira - SC,Santa Catarina,32877,Tilápia,9.5
2024,4210308,Major Vieira - SC,Santa Catarina,32881,Outros peixes,3.5
2024,4210506,Maravilha - SC,Santa Catarina,32861,Carpa,18.0
2024,4210506,Maravilha - SC,Santa Catarina,32877,Tilápia,130.0
2024,4210506,Maravilha - SC,Santa Catarina,32881,Outros peixes,1.0
2024,4210555,Marema - SC,Santa Catarina,32861,Carpa,11.0
2024,4210555,Marema - SC,Santa Catarina,32866,Dourado,0.5
2024,4210555,Marema - SC,Santa Catarina,32868,Lambari,0.7
2024,4210555,Marema - SC,Santa Catarina,32877,Tilápia,20.0
2024,4210555,Marema - SC,Santa Catarina,32881,Outros peixes,1.9
2024,4210605,Massaranduba - SC,Santa Catarina,32877,Tilápia,3001.0
2024,4210704,Matos Costa - SC,Santa Catarina,32861,Carpa,9.2
2024,4210704,Matos Costa - SC,Santa Catarina,32877,Tilápia,6.1
2024,4210704,Matos Costa - SC,Santa Catarina,32881,Outros peixes,4.2
2024,4210852,Mirim Doce - SC,Santa Catarina,32861,Carpa,2.4
2024,4210852,Mirim Doce - SC,Santa Catarina,32877,Tilápia,300.0
2024,4210902,Modelo - SC,Santa Catarina,32861,Carpa,75.0
2024,4210902,Modelo - SC,Santa Catarina,32877,Tilápia,73.0
2024,4211009,Mondaí - SC,Santa Catarina,32861,Carpa,8.2
2024,4211009,Mondaí - SC,Santa Catarina,32868,Lambari,0.58
2024,4211009,Mondaí - SC,Santa Catarina,32877,Tilápia,24.0
2024,4211108,Monte Castelo - SC,Santa Catarina,32861,Carpa,13.0
2024,4211108,Monte Castelo - SC,Santa Catarina,32877,Tilápia,15.0
2024,4211108,Monte Castelo - SC,Santa Catarina,32881,Outros peixes,7.5
2024,4211256,Morro Grande - SC,Santa Catarina,32861,Carpa,1.0
2024,4211256,Morro Grande - SC,Santa Catarina,32877,Tilápia,9.0
2024,4211306,Navegantes - SC,Santa Catarina,32861,Carpa,11.0
2024,4211306,Navegantes - SC,Santa Catarina,32877,Tilápia,85.0
2024,4211306,Navegantes - SC,Santa Catarina,32881,Outros peixes,2.3
2024,4211405,Nova Erechim - SC,Santa Catarina,32861,Carpa,1.4
2024,4211405,Nova Erechim - SC,Santa Catarina,32877,Tilápia,55.0
2024,4211454,Nova Itaberaba - SC,Santa Catarina,32861,Carpa,2.5
2024,4211454,Nova Itaberaba - SC,Santa Catarina,32877,Tilápia,0.6
2024,4211504,Nova Trento - SC,Santa Catarina,32877,Tilápia,5.0
2024,4211603,Nova Veneza - SC,Santa Catarina,32877,Tilápia,80.0
2024,4211652,Novo Horizonte - SC,Santa Catarina,32861,Carpa,16.322
2024,4211652,Novo Horizonte - SC,Santa Catarina,32877,Tilápia,32.169
2024,4211702,Orleans - SC,Santa Catarina,32861,Carpa,10.0
2024,4211702,Orleans - SC,Santa Catarina,32877,Tilápia,335.0
2024,4211751,Otacílio Costa - SC,Santa Catarina,32861,Carpa,10.0
2024,4211751,Otacílio Costa - SC,Santa Catarina,32877,Tilápia,2.6
2024,4211751,Otacílio Costa - SC,Santa Catarina,32878,Traíra e trairão,2.5
2024,4211751,Otacílio Costa - SC,Santa Catarina,32881,Outros peixes,10.0
2024,4211801,Ouro - SC,Santa Catarina,32877,Tilápia,13.8
2024,4211850,Ouro Verde - SC,Santa Catarina,32861,Carpa,7.151
2024,4211850,Ouro Verde - SC,Santa Catarina,32877,Tilápia,1.331
2024,4211876,Paial - SC,Santa Catarina,32861,Carpa,2.0
2024,4211876,Paial - SC,Santa Catarina,32877,Tilápia,2.0
2024,4211876,Paial - SC,Santa Catarina,32881,Outros peixes,1.2
2024,4211892,Painel - SC,Santa Catarina,32861,Carpa,20.0
2024,4211892,Painel - SC,Santa Catarina,32878,Traíra e trairão,1.1
2024,4211892,Painel - SC,Santa Catarina,32879,Truta,76.0
2024,4211892,Painel - SC,Santa Catarina,32881,Outros peixes,5.0
2024,4211900,Palhoça - SC,Santa Catarina,32861,Carpa,0.25
2024,4211900,Palhoça - SC,Santa Catarina,32877,Tilápia,1.5
2024,4211900,Palhoça - SC,Santa Catarina,32889,"Ostras, vieiras e mexilhões",2307.17
2024,4212007,Palma Sola - SC,Santa Catarina,32861,Carpa,2.815
2024,4212007,Palma Sola - SC,Santa Catarina,32870,Pacu e patinga,0.154
2024,4212007,Palma Sola - SC,Santa Catarina,32872,"Pintado, cachara, cachapira e pintachara, surubim",0.086
2024,4212007,Palma Sola - SC,Santa Catarina,32877,Tilápia,0.848
2024,4212056,Palmeira - SC,Santa Catarina,32861,Carpa,15.0
2024,4212056,Palmeira - SC,Santa Catarina,32881,Outros peixes,10.0
2024,4212106,Palmitos - SC,Santa Catarina,32861,Carpa,18.0
2024,4212106,Palmitos - SC,Santa Catarina,32870,Pacu e patinga,0.65
2024,4212106,Palmitos - SC,Santa Catarina,32877,Tilápia,630.0
2024,4212106,Palmitos - SC,Santa Catarina,32881,Outros peixes,0.8
2024,4212205,Papanduva - SC,Santa Catarina,32861,Carpa,11.0
2024,4212205,Papanduva - SC,Santa Catarina,32877,Tilápia,14.0
2024,4212205,Papanduva - SC,Santa Catarina,32881,Outros peixes,4.0
2024,4212239,Paraíso - SC,Santa Catarina,32861,Carpa,36.0
2024,4212239,Paraíso - SC,Santa Catarina,32868,Lambari,0.5
2024,4212239,Paraíso - SC,Santa Catarina,32870,Pacu e patinga,0.25
2024,4212239,Paraíso - SC,Santa Catarina,32877,Tilápia,26.48
2024,4212239,Paraíso - SC,Santa Catarina,32881,Outros peixes,1.0
2024,4212270,Passos Maia - SC,Santa Catarina,32861,Carpa,3.2
2024,4212270,Passos Maia - SC,Santa Catarina,32877,Tilápia,0.7
2024,4212270,Passos Maia - SC,Santa Catarina,32881,Outros peixes,0.9
2024,4212304,Paulo Lopes - SC,Santa Catarina,32861,Carpa,210.0
2024,4212304,Paulo Lopes - SC,Santa Catarina,32866,Dourado,0.06
2024,4212304,Paulo Lopes - SC,Santa Catarina,32867,"Jatuarana, piabanha e piracanjuba",0.26
2024,4212304,Paulo Lopes - SC,Santa Catarina,32870,Pacu e patinga,0.15
2024,4212304,Paulo Lopes - SC,Santa Catarina,32877,Tilápia,42.0
2024,4212304,Paulo Lopes - SC,Santa Catarina,32878,Traíra e trairão,0.11
2024,4212304,Paulo Lopes - SC,Santa Catarina,32881,Outros peixes,0.5
2024,4212403,Pedras Grandes - SC,Santa Catarina,32861,Carpa,7.5
2024,4212403,Pedras Grandes - SC,Santa Catarina,32877,Tilápia,75.0
2024,4212502,Penha - SC,Santa Catarina,32861,Carpa,0.322
2024,4212502,Penha - SC,Santa Catarina,32877,Tilápia,36.2
2024,4212502,Penha - SC,Santa Catarina,32881,Outros peixes,2.85
2024,4212502,Penha - SC,Santa Catarina,32889,"Ostras, vieiras e mexilhões",963.0
2024,4212601,Peritiba - SC,Santa Catarina,32861,Carpa,2.5
2024,4212601,Peritiba - SC,Santa Catarina,32877,Tilápia,20.0
2024,4212650,Pescaria Brava - SC,Santa Catarina,32877,Tilápia,100.0
2024,4212650,Pescaria Brava - SC,Santa Catarina,32887,Camarão,5.5
2024,4212700,Petrolândia - SC,Santa Catarina,32861,Carpa,29.4
2024,4212700,Petrolândia - SC,Santa Catarina,32877,Tilápia,225.75
2024,4212809,Balneário Piçarras - SC,Santa Catarina,32861,Carpa,6.1
2024,4212809,Balneário Piçarras - SC,Santa Catarina,32877,Tilápia,44.0
2024,4212809,Balneário Piçarras - SC,Santa Catarina,32881,Outros peixes,2.1
2024,4212908,Pinhalzinho - SC,Santa Catarina,32861,Carpa,70.0
2024,4212908,Pinhalzinho - SC,Santa Catarina,32877,Tilápia,45.0
2024,4213005,Pinheiro Preto - SC,Santa Catarina,32861,Carpa,3.2
2024,4213005,Pinheiro Preto - SC,Santa Catarina,32877,Tilápia,1.0
2024,4213005,Pinheiro Preto - SC,Santa Catarina,32881,Outros peixes,1.0
2024,4213104,Piratuba - SC,Santa Catarina,32861,Carpa,3.7
2024,4213104,Piratuba - SC,Santa Catarina,32870,Pacu e patinga,0.9
2024,4213104,Piratuba - SC,Santa Catarina,32877,Tilápia,128.0
2024,4213153,Planalto Alegre - SC,Santa Catarina,32861,Carpa,14.0
2024,4213153,Planalto Alegre - SC,Santa Catarina,32877,Tilápia,5.5
2024,4213203,Pomerode - SC,Santa Catarina,32861,Carpa,10.852
2024,4213203,Pomerode - SC,Santa Catarina,32877,Tilápia,229.276
2024,4213203,Pomerode - SC,Santa Catarina,32881,Outros peixes,1.92
2024,4213302,Ponte Alta - SC,Santa Catarina,32861,Carpa,3.6
2024,4213302,Ponte Alta - SC,Santa Catarina,32877,Tilápia,2.6
2024,4213401,Ponte Serrada - SC,Santa Catarina,32861,Carpa,2.0
2024,4213401,Ponte Serrada - SC,Santa Catarina,32877,Tilápia,2.4
2024,4213500,Porto Belo - SC,Santa Catarina,32889,"Ostras, vieiras e mexilhões",18.6
2024,4213609,Porto União - SC,Santa Catarina,32861,Carpa,64.0
2024,4213609,Porto União - SC,Santa Catarina,32877,Tilápia,82.0
2024,4213609,Porto União - SC,Santa Catarina,32881,Outros peixes,50.5
2024,4213708,Pouso Redondo - SC,Santa Catarina,32861,Carpa,58.0
2024,4213708,Pouso Redondo - SC,Santa Catarina,32877,Tilápia,82.5
2024,4213708,Pouso Redondo - SC,Santa Catarina,32879,Truta,17.0
2024,4213807,Praia Grande - SC,Santa Catarina,32877,Tilápia,69.0
2024,4213906,Presidente Castello Branco - SC,Santa Catarina,32861,Carpa,6.0
2024,4213906,Presidente Castello Branco - SC,Santa Catarina,32877,Tilápia,97.4
2024,4213906,Presidente Castello Branco - SC,Santa Catarina,32881,Outros peixes,2.5
2024,4214003,Presidente Getúlio - SC,Santa Catarina,32861,Carpa,8.4
2024,4214003,Presidente Getúlio - SC,Santa Catarina,32877,Tilápia,63.0
2024,4214102,Presidente Nereu - SC,Santa Catarina,32861,Carpa,5.25
2024,4214102,Presidente Nereu - SC,Santa Catarina,32877,Tilápia,44.1
2024,4214151,Princesa - SC,Santa Catarina,32861,Carpa,15.0
2024,4214151,Princesa - SC,Santa Catarina,32881,Outros peixes,0.4
2024,4214201,Quilombo - SC,Santa Catarina,32861,Carpa,24.21
2024,4214201,Quilombo - SC,Santa Catarina,32870,Pacu e patinga,0.737
2024,4214201,Quilombo - SC,Santa Catarina,32872,"Pintado, cachara, cachapira e pintachara, surubim",0.855
2024,4214201,Quilombo - SC,Santa Catarina,32877,Tilápia,44.046
2024,4214201,Quilombo - SC,Santa Catarina,32878,Traíra e trairão,1.394
2024,4214300,Rancho Queimado - SC,Santa Catarina,32861,Carpa,60.0
2024,4214300,Rancho Queimado - SC,Santa Catarina,32877,Tilápia,51.0
2024,4214409,Rio das Antas - SC,Santa Catarina,32861,Carpa,95.0
2024,4214409,Rio das Antas - SC,Santa Catarina,32877,Tilápia,25.0
2024,4214409,Rio das Antas - SC,Santa Catarina,32881,Outros peixes,4.0
2024,4214508,Rio do Campo - SC,Santa Catarina,32861,Carpa,14.5
2024,4214508,Rio do Campo - SC,Santa Catarina,32877,Tilápia,45.1
2024,4214607,Rio do Oeste - SC,Santa Catarina,32861,Carpa,31.5
2024,4214607,Rio do Oeste - SC,Santa Catarina,32877,Tilápia,178.5
2024,4214706,Rio dos Cedros - SC,Santa Catarina,32861,Carpa,31.634
2024,4214706,Rio dos Cedros - SC,Santa Catarina,32877,Tilápia,253.461
2024,4214706,Rio dos Cedros - SC,Santa Catarina,32881,Outros peixes,34.912
2024,4214805,Rio do Sul - SC,Santa Catarina,32861,Carpa,42.0
2024,4214805,Rio do Sul - SC,Santa Catarina,32877,Tilápia,63.0
2024,4214904,Rio Fortuna - SC,Santa Catarina,32877,Tilápia,2900.0
2024,4215000,Rio Negrinho - SC,Santa Catarina,32861,Carpa,270.0
2024,4215000,Rio Negrinho - SC,Santa Catarina,32877,Tilápia,485.0
2024,4215000,Rio Negrinho - SC,Santa Catarina,32881,Outros peixes,28.0
2024,4215059,Rio Rufino - SC,Santa Catarina,32861,Carpa,12.0
2024,4215059,Rio Rufino - SC,Santa Catarina,32879,Truta,11.0
2024,4215059,Rio Rufino - SC,Santa Catarina,32881,Outros peixes,12.0
2024,4215075,Riqueza - SC,Santa Catarina,32861,Carpa,33.0
2024,4215075,Riqueza - SC,Santa Catarina,32870,Pacu e patinga,0.6
2024,4215075,Riqueza - SC,Santa Catarina,32877,Tilápia,4.2
2024,4215109,Rodeio - SC,Santa Catarina,32861,Carpa,43.907
2024,4215109,Rodeio - SC,Santa Catarina,32877,Tilápia,336.364
2024,4215109,Rodeio - SC,Santa Catarina,32879,Truta,5.244
2024,4215208,Romelândia - SC,Santa Catarina,32861,Carpa,44.0
2024,4215208,Romelândia - SC,Santa Catarina,32870,Pacu e patinga,0.6
2024,4215208,Romelândia - SC,Santa Catarina,32877,Tilápia,60.0
2024,4215208,Romelândia - SC,Santa Catarina,32881,Outros peixes,1.0
2024,4215307,Salete - SC,Santa Catarina,32861,Carpa,25.5
2024,4215307,Salete - SC,Santa Catarina,32877,Tilápia,180.0
2024,4215356,Saltinho - SC,Santa Catarina,32861,Carpa,1.515
2024,4215356,Saltinho - SC,Santa Catarina,32877,Tilápia,1.101
2024,4215406,Salto Veloso - SC,Santa Catarina,32861,Carpa,31.0
2024,4215406,Salto Veloso - SC,Santa Catarina,32877,Tilápia,1.15
2024,4215406,Salto Veloso - SC,Santa Catarina,32881,Outros peixes,4.0
2024,4215455,Sangão - SC,Santa Catarina,32861,Carpa,6.0
2024,4215455,Sangão - SC,Santa Catarina,32877,Tilápia,194.0
2024,4215505,Santa Cecília - SC,Santa Catarina,32861,Carpa,0.7
2024,4215505,Santa Cecília - SC,Santa Catarina,32877,Tilápia,5.5
2024,4215554,Santa Helena - SC,Santa Catarina,32861,Carpa,7.8
2024,4215554,Santa Helena - SC,Santa Catarina,32868,Lambari,1.0
2024,4215554,Santa Helena - SC,Santa Catarina,32870,Pacu e patinga,0.2
2024,4215554,Santa Helena - SC,Santa Catarina,32877,Tilápia,3.0
2024,4215554,Santa Helena - SC,Santa Catarina,32878,Traíra e trairão,0.21
2024,4215554,Santa Helena - SC,Santa Catarina,32881,Outros peixes,2.0
2024,4215604,Santa Rosa de Lima - SC,Santa Catarina,32877,Tilápia,600.0
2024,4215604,Santa Rosa de Lima - SC,Santa Catarina,32878,Traíra e trairão,1.1
2024,4215653,Santa Rosa do Sul - SC,Santa Catarina,32861,Carpa,0.45
2024,4215653,Santa Rosa do Sul - SC,Santa Catarina,32877,Tilápia,30.0
2024,4215679,Santa Terezinha - SC,Santa Catarina,32861,Carpa,24.0
2024,4215679,Santa Terezinha - SC,Santa Catarina,32881,Outros peixes,6.5
2024,4215687,Santa Terezinha do Progresso - SC,Santa Catarina,32861,Carpa,8.675
2024,4215687,Santa Terezinha do Progresso - SC,Santa Catarina,32877,Tilápia,25.593
2024,4215695,Santiago do Sul - SC,Santa Catarina,32861,Carpa,1.185
2024,4215695,Santiago do Sul - SC,Santa Catarina,32877,Tilápia,1.751
2024,4215703,Santo Amaro da Imperatriz - SC,Santa Catarina,32861,Carpa,0.75
2024,4215703,Santo Amaro da Imperatriz - SC,Santa Catarina,32870,Pacu e patinga,0.26
2024,4215703,Santo Amaro da Imperatriz - SC,Santa Catarina,32877,Tilápia,11.0
2024,4215703,Santo Amaro da Imperatriz - SC,Santa Catarina,32878,Traíra e trairão,0.05
2024,4215752,São Bernardino - SC,Santa Catarina,32861,Carpa,1.123
2024,4215752,São Bernardino - SC,Santa Catarina,32877,Tilápia,0.185
2024,4215802,São Bento do Sul - SC,Santa Catarina,32861,Carpa,27.0
2024,4215802,São Bento do Sul - SC,Santa Catarina,32877,Tilápia,23.0
2024,4215802,São Bento do Sul - SC,Santa Catarina,32881,Outros peixes,11.0
2024,4215901,São Bonifácio - SC,Santa Catarina,32877,Tilápia,85.0
2024,4216008,São Carlos - SC,Santa Catarina,32861,Carpa,33.0
2024,4216008,São Carlos - SC,Santa Catarina,32877,Tilápia,130.0
2024,4216057,São Cristóvão do Sul - SC,Santa Catarina,32861,Carpa,1.4
2024,4216107,São Domingos - SC,Santa Catarina,32861,Carpa,76.235
2024,4216107,São Domingos - SC,Santa Catarina,32868,Lambari,0.567
2024,4216107,São Domingos - SC,Santa Catarina,32870,Pacu e patinga,0.978
2024,4216107,São Domingos - SC,Santa Catarina,32877,Tilápia,7.314
2024,4216206,São Francisco do Sul - SC,Santa Catarina,32877,Tilápia,815.0
2024,4216206,São Francisco do Sul - SC,Santa Catarina,32889,"Ostras, vieiras e mexilhões",249.5
2024,4216255,São João do Oeste - SC,Santa Catarina,32861,Carpa,35.0
2024,4216255,São João do Oeste - SC,Santa Catarina,32877,Tilápia,70.0
2024,4216255,São João do Oeste - SC,Santa Catarina,32881,Outros peixes,0.1
2024,4216305,São João Batista - SC,Santa Catarina,32861,Carpa,2.0
2024,4216305,São João Batista - SC,Santa Catarina,32877,Tilápia,20.0
2024,4216354,São João do Itaperiú - SC,Santa Catarina,32877,Tilápia,262.0
2024,4216404,São João do Sul - SC,Santa Catarina,32861,Carpa,0.18
2024,4216404,São João do Sul - SC,Santa Catarina,32877,Tilápia,4.0
2024,4216503,São Joaquim - SC,Santa Catarina,32861,Carpa,42.0
2024,4216503,São Joaquim - SC,Santa Catarina,32879,Truta,12.5
2024,4216503,São Joaquim - SC,Santa Catarina,32881,Outros peixes,7.0
2024,4216602,São José - SC,Santa Catarina,32877,Tilápia,1.0
2024,4216602,São José - SC,Santa Catarina,32889,"Ostras, vieiras e mexilhões",496.42
2024,4216701,São José do Cedro - SC,Santa Catarina,32861,Carpa,50.0
2024,4216701,São José do Cedro - SC,Santa Catarina,32870,Pacu e patinga,0.85
2024,4216701,São José do Cedro - SC,Santa Catarina,32877,Tilápia,25.0
2024,4216701,São José do Cedro - SC,Santa Catarina,32881,Outros peixes,1.62
2024,4216800,São José do Cerrito - SC,Santa Catarina,32861,Carpa,50.0
2024,4216800,São José do Cerrito - SC,Santa Catarina,32877,Tilápia,5.0
2024,4216800,São José do Cerrito - SC,Santa Catarina,32881,Outros peixes,25.0
2024,4216909,São Lourenço do Oeste - SC,Santa Catarina,32861,Carpa,4.739
2024,4216909,São Lourenço do Oeste - SC,Santa Catarina,32868,Lambari,0.208
2024,4216909,São Lourenço do Oeste - SC,Santa Catarina,32870,Pacu e patinga,0.165
2024,4216909,São Lourenço do Oeste - SC,Santa Catarina,32872,"Pintado, cachara, cachapira e pintachara, surubim",0.56
2024,4216909,São Lourenço do Oeste - SC,Santa Catarina,32877,Tilápia,16.895
2024,4216909,São Lourenço do Oeste - SC,Santa Catarina,32878,Traíra e trairão,0.341
2024,4217006,São Ludgero - SC,Santa Catarina,32877,Tilápia,495.0
2024,4217105,São Martinho - SC,Santa Catarina,32877,Tilápia,1933.0
2024,4217154,São Miguel da Boa Vista - SC,Santa Catarina,32861,Carpa,14.0
2024,4217154,São Miguel da Boa Vista - SC,Santa Catarina,32877,Tilápia,42.0
2024,4217204,São Miguel do Oeste - SC,Santa Catarina,32861,Carpa,91.3
2024,4217204,São Miguel do Oeste - SC,Santa Catarina,32870,Pacu e patinga,3.9
2024,4217204,São Miguel do Oeste - SC,Santa Catarina,32877,Tilápia,274.29
2024,4217204,São Miguel do Oeste - SC,Santa Catarina,32881,Outros peixes,8.08
2024,4217253,São Pedro de Alcântara - SC,Santa Catarina,32861,Carpa,2.0
2024,4217253,São Pedro de Alcântara - SC,Santa Catarina,32870,Pacu e patinga,0.06
2024,4217253,São Pedro de Alcântara - SC,Santa Catarina,32877,Tilápia,45.0
2024,4217253,São Pedro de Alcântara - SC,Santa Catarina,32878,Traíra e trairão,0.08
2024,4217303,Saudades - SC,Santa Catarina,32861,Carpa,2.0
2024,4217303,Saudades - SC,Santa Catarina,32877,Tilápia,23.0
2024,4217402,Schroeder - SC,Santa Catarina,32861,Carpa,11.0
2024,4217402,Schroeder - SC,Santa Catarina,32877,Tilápia,1257.0
2024,4217402,Schroeder - SC,Santa Catarina,32879,Truta,8.0
2024,4217501,Seara - SC,Santa Catarina,32861,Carpa,10.0
2024,4217501,Seara - SC,Santa Catarina,32877,Tilápia,18.0
2024,4217501,Seara - SC,Santa Catarina,32881,Outros peixes,2.2
2024,4217550,Serra Alta - SC,Santa Catarina,32861,Carpa,9.5
2024,4217550,Serra Alta - SC,Santa Catarina,32877,Tilápia,19.0
2024,4217600,Siderópolis - SC,Santa Catarina,32877,Tilápia,40.0
2024,4217709,Sombrio - SC,Santa Catarina,32877,Tilápia,6.0
2024,4217758,Sul Brasil - SC,Santa Catarina,32861,Carpa,67.0
2024,4217758,Sul Brasil - SC,Santa Catarina,32866,Dourado,0.28
2024,4217758,Sul Brasil - SC,Santa Catarina,32868,Lambari,0.11
2024,4217758,Sul Brasil - SC,Santa Catarina,32870,Pacu e patinga,2.144
2024,4217758,Sul Brasil - SC,Santa Catarina,32872,"Pintado, cachara, cachapira e pintachara, surubim",0.4
2024,4217758,Sul Brasil - SC,Santa Catarina,32877,Tilápia,5.58
2024,4217758,Sul Brasil - SC,Santa Catarina,32878,Traíra e trairão,1.605
2024,4217758,Sul Brasil - SC,Santa Catarina,32881,Outros peixes,2.5
2024,4217808,Taió - SC,Santa Catarina,32861,Carpa,115.0
2024,4217808,Taió - SC,Santa Catarina,32877,Tilápia,120.0
2024,4217808,Taió - SC,Santa Catarina,32879,Truta,32.0
2024,4217808,Taió - SC,Santa Catarina,32881,Outros peixes,68.0
2024,4217907,Tangará - SC,Santa Catarina,32861,Carpa,37.0
2024,4217907,Tangará - SC,Santa Catarina,32877,Tilápia,21.5
2024,4217907,Tangará - SC,Santa Catarina,32881,Outros peixes,4.0
2024,4217956,Tigrinhos - SC,Santa Catarina,32861,Carpa,15.0
2024,4217956,Tigrinhos - SC,Santa Catarina,32877,Tilápia,30.0
2024,4218103,Timbé do Sul - SC,Santa Catarina,32861,Carpa,0.25
2024,4218103,Timbé do Sul - SC,Santa Catarina,32877,Tilápia,13.0
2024,4218202,Timbó - SC,Santa Catarina,32861,Carpa,59.712
2024,4218202,Timbó - SC,Santa Catarina,32877,Tilápia,1370.593
2024,4218251,Timbó Grande - SC,Santa Catarina,32861,Carpa,13.5
2024,4218251,Timbó Grande - SC,Santa Catarina,32877,Tilápia,3.55
2024,4218251,Timbó Grande - SC,Santa Catarina,32881,Outros peixes,2.2
2024,4218301,Três Barras - SC,Santa Catarina,32861,Carpa,6.8
2024,4218301,Três Barras - SC,Santa Catarina,32877,Tilápia,7.0
2024,4218301,Três Barras - SC,Santa Catarina,32881,Outros peixes,2.2
2024,4218350,Treviso - SC,Santa Catarina,32877,Tilápia,10.0
2024,4218350,Treviso - SC,Santa Catarina,32879,Truta,21.0
2024,4218400,Treze de Maio - SC,Santa Catarina,32877,Tilápia,53.0
2024,4218509,Treze Tílias - SC,Santa Catarina,32861,Carpa,23.0
2024,4218509,Treze Tílias - SC,Santa Catarina,32877,Tilápia,150.0
2024,4218608,Trombudo Central - SC,Santa Catarina,32861,Carpa,15.75
2024,4218608,Trombudo Central - SC,Santa Catarina,32877,Tilápia,189.0
2024,4218707,Tubarão - SC,Santa Catarina,32877,Tilápia,255.0
2024,4218756,Tunápolis - SC,Santa Catarina,32861,Carpa,7.0
2024,4218756,Tunápolis - SC,Santa Catarina,32870,Pacu e patinga,0.3
2024,4218756,Tunápolis - SC,Santa Catarina,32877,Tilápia,6.0
2024,4218756,Tunápolis - SC,Santa Catarina,32878,Traíra e trairão,0.45
2024,4218756,Tunápolis - SC,Santa Catarina,32881,Outros peixes,1.0
2024,4218806,Turvo - SC,Santa Catarina,32861,Carpa,0.18
2024,4218806,Turvo - SC,Santa Catarina,32877,Tilápia,60.0
2024,4218855,União do Oeste - SC,Santa Catarina,32861,Carpa,12.4
2024,4218855,União do Oeste - SC,Santa Catarina,32877,Tilápia,135.0
2024,4218905,Urubici - SC,Santa Catarina,32861,Carpa,28.0
2024,4218905,Urubici - SC,Santa Catarina,32877,Tilápia,3.5
2024,4218905,Urubici - SC,Santa Catarina,32879,Truta,16.0
2024,4218905,Urubici - SC,Santa Catarina,32881,Outros peixes,20.0
2024,4218954,Urupema - SC,Santa Catarina,32861,Carpa,5.0
2024,4218954,Urupema - SC,Santa Catarina,32879,Truta,5.0
2024,4218954,Urupema - SC,Santa Catarina,32881,Outros peixes,6.0
2024,4219002,Urussanga - SC,Santa Catarina,32877,Tilápia,400.0
2024,4219101,Vargeão - SC,Santa Catarina,32861,Carpa,2.6
2024,4219101,Vargeão - SC,Santa Catarina,32877,Tilápia,2.5
2024,4219200,Vidal Ramos - SC,Santa Catarina,32861,Carpa,6.3
2024,4219200,Vidal Ramos - SC,Santa Catarina,32877,Tilápia,42.0
2024,4219309,Videira - SC,Santa Catarina,32861,Carpa,92.5
2024,4219309,Videira - SC,Santa Catarina,32877,Tilápia,115.0
2024,4219309,Videira - SC,Santa Catarina,32881,Outros peixes,5.0
2024,4219358,Vitor Meireles - SC,Santa Catarina,32861,Carpa,5.25
2024,4219358,Vitor Meireles - SC,Santa Catarina,32877,Tilápia,52.5
2024,4219408,Witmarsum - SC,Santa Catarina,32861,Carpa,5.775
2024,4219408,Witmarsum - SC,Santa Catarina,32877,Tilápia,52.5
2024,4219507,Xanxerê - SC,Santa Catarina,32861,Carpa,45.0
2024,4219507,Xanxerê - SC,Santa Catarina,32877,Tilápia,80.0
2024,4219606,Xavantina - SC,Santa Catarina,32861,Carpa,4.0
2024,4219606,Xavantina - SC,Santa Catarina,32877,Tilápia,2.3
2024,4219606,Xavantina - SC,Santa Catarina,32881,Outros peixes,1.0
2024,4219705,Xaxim - SC,Santa Catarina,32861,Carpa,3.7
2024,4219705,Xaxim - SC,Santa Catarina,32877,Tilápia,43.0
2024,4219853,Zortéa - SC,Santa Catarina,32861,Carpa,1.5
2024,4300034,Aceguá - RS,Rio Grande do Sul,32861,Carpa,0.2
2024,4300034,Aceguá - RS,Rio Grande do Sul,32878,Traíra e trairão,0.2
2024,4300059,Água Santa - RS,Rio Grande do Sul,32861,Carpa,9.0
2024,4300059,Água Santa - RS,Rio Grande do Sul,32877,Tilápia,11.0
2024,4300109,Agudo - RS,Rio Grande do Sul,32861,Carpa,35.0
2024,4300109,Agudo - RS,Rio Grande do Sul,32877,Tilápia,2.2
2024,4300109,Agudo - RS,Rio Grande do Sul,32878,Traíra e trairão,0.95
2024,4300109,Agudo - RS,Rio Grande do Sul,32881,Outros peixes,0.9
2024,4300208,Ajuricaba - RS,Rio Grande do Sul,32861,Carpa,325.0
2024,4300208,Ajuricaba - RS,Rio Grande do Sul,32877,Tilápia,150.0
2024,4300208,Ajuricaba - RS,Rio Grande do Sul,32881,Outros peixes,25.0
2024,4300307,Alecrim - RS,Rio Grande do Sul,32861,Carpa,21.0
2024,4300307,Alecrim - RS,Rio Grande do Sul,32866,Dourado,0.45
2024,4300307,Alecrim - RS,Rio Grande do Sul,32870,Pacu e patinga,1.28
2024,4300307,Alecrim - RS,Rio Grande do Sul,32871,"Piau, piapara, piauçu, piava",0.67
2024,4300307,Alecrim - RS,Rio Grande do Sul,32877,Tilápia,16.915
2024,4300307,Alecrim - RS,Rio Grande do Sul,32878,Traíra e trairão,0.69
2024,4300406,Alegrete - RS,Rio Grande do Sul,32861,Carpa,0.3
2024,4300455,Alegria - RS,Rio Grande do Sul,32861,Carpa,9.4
2024,4300455,Alegria - RS,Rio Grande do Sul,32877,Tilápia,5.8
2024,4300471,Almirante Tamandaré do Sul - RS,Rio Grande do Sul,32861,Carpa,1.08
2024,4300471,Almirante Tamandaré do Sul - RS,Rio Grande do Sul,32877,Tilápia,0.945
2024,4300471,Almirante Tamandaré do Sul - RS,Rio Grande do Sul,32878,Traíra e trairão,0.18
2024,4300471,Almirante Tamandaré do Sul - RS,Rio Grande do Sul,32881,Outros peixes,0.245
2024,4300505,Alpestre - RS,Rio Grande do Sul,32861,Carpa,2.59
2024,4300505,Alpestre - RS,Rio Grande do Sul,32877,Tilápia,1.1
2024,4300505,Alpestre - RS,Rio Grande do Sul,32878,Traíra e trairão,0.06
2024,4300505,Alpestre - RS,Rio Grande do Sul,32881,Outros peixes,0.05
2024,4300554,Alto Alegre - RS,Rio Grande do Sul,32861,Carpa,4.3
2024,4300554,Alto Alegre - RS,Rio Grande do Sul,32878,Traíra e trairão,0.7
2024,4300570,Alto Feliz - RS,Rio Grande do Sul,32861,Carpa,1.2
2024,4300570,Alto Feliz - RS,Rio Grande do Sul,32868,Lambari,0.3
2024,4300570,Alto Feliz - RS,Rio Grande do Sul,32877,Tilápia,1.5
2024,4300570,Alto Feliz - RS,Rio Grande do Sul,32881,Outros peixes,0.5
2024,4300638,Amaral Ferrador - RS,Rio Grande do Sul,32861,Carpa,12.4
2024,4300638,Amaral Ferrador - RS,Rio Grande do Sul,32877,Tilápia,2.875
2024,4300638,Amaral Ferrador - RS,Rio Grande do Sul,32878,Traíra e trairão,1.89
2024,4300638,Amaral Ferrador - RS,Rio Grande do Sul,32881,Outros peixes,1.78
2024,4300646,Ametista do Sul - RS,Rio Grande do Sul,32861,Carpa,2.0
2024,4300661,André da Rocha - RS,Rio Grande do Sul,32861,Carpa,2.8
2024,4300661,André da Rocha - RS,Rio Grande do Sul,32877,Tilápia,0.4
2024,4300661,André da Rocha - RS,Rio Grande do Sul,32878,Traíra e trairão,0.35
2024,4300661,André da Rocha - RS,Rio Grande do Sul,32881,Outros peixes,0.9
2024,4300703,Anta Gorda - RS,Rio Grande do Sul,32861,Carpa,4.0
2024,4300703,Anta Gorda - RS,Rio Grande do Sul,32866,Dourado,0.1
2024,4300703,Anta Gorda - RS,Rio Grande do Sul,32868,Lambari,2.0
2024,4300703,Anta Gorda - RS,Rio Grande do Sul,32870,Pacu e patinga,0.1
2024,4300703,Anta Gorda - RS,Rio Grande do Sul,32871,"Piau, piapara, piauçu, piava",0.2
2024,4300703,Anta Gorda - RS,Rio Grande do Sul,32872,"Pintado, cachara, cachapira e pintachara, surubim",0.1
2024,4300703,Anta Gorda - RS,Rio Grande do Sul,32877,Tilápia,0.8
2024,4300703,Anta Gorda - RS,Rio Grande do Sul,32878,Traíra e trairão,1.2
2024,4300703,Anta Gorda - RS,Rio Grande do Sul,32881,Outros peixes,1.2
2024,4300802,Antônio Prado - RS,Rio Grande do Sul,32861,Carpa,3.1
2024,4300802,Antônio Prado - RS,Rio Grande do Sul,32878,Traíra e trairão,0.35
2024,4300802,Antônio Prado - RS,Rio Grande do Sul,32881,Outros peixes,2.0
2024,4300851,Arambaré - RS,Rio Grande do Sul,32861,Carpa,1.45
2024,4300851,Arambaré - RS,Rio Grande do Sul,32878,Traíra e trairão,0.095
2024,4300877,Araricá - RS,Rio Grande do Sul,32861,Carpa,3.0
2024,4300877,Araricá - RS,Rio Grande do Sul,32877,Tilápia,1.0
2024,4300877,Araricá - RS,Rio Grande do Sul,32881,Outros peixes,0.2
2024,4300901,Aratiba - RS,Rio Grande do Sul,32861,Carpa,25.0
2024,4300901,Aratiba - RS,Rio Grande do Sul,32868,Lambari,0.2
2024,4300901,Aratiba - RS,Rio Grande do Sul,32871,"Piau, piapara, piauçu, piava",0.055
2024,4300901,Aratiba - RS,Rio Grande do Sul,32877,Tilápia,25.0
2024,4300901,Aratiba - RS,Rio Grande do Sul,32878,Traíra e trairão,0.41
2024,4300901,Aratiba - RS,Rio Grande do Sul,32881,Outros peixes,0.305
2024,4301008,Arroio do Meio - RS,Rio Grande do Sul,32861,Carpa,5.0
2024,4301057,Arroio do Sal - RS,Rio Grande do Sul,32861,Carpa,0.22
2024,4301057,Arroio do Sal - RS,Rio Grande do Sul,32877,Tilápia,2.6
2024,4301057,Arroio do Sal - RS,Rio Grande do Sul,32881,Outros peixes,1.1
2024,4301073,Arroio do Padre - RS,Rio Grande do Sul,32861,Carpa,3.0
2024,4301073,Arroio do Padre - RS,Rio Grande do Sul,32877,Tilápia,1.5
2024,4301073,Arroio do Padre - RS,Rio Grande do Sul,32881,Outros peixes,0.5
2024,4301107,Arroio dos Ratos - RS,Rio Grande do Sul,32861,Carpa,4.0
2024,4301107,Arroio dos Ratos - RS,Rio Grande do Sul,32876,Tambaqui,0.1
2024,4301107,Arroio dos Ratos - RS,Rio Grande do Sul,32877,Tilápia,1.0
2024,4301107,Arroio dos Ratos - RS,Rio Grande do Sul,32878,Traíra e trairão,0.2
2024,4301107,Arroio dos Ratos - RS,Rio Grande do Sul,32881,Outros peixes,0.1
2024,4301206,Arroio do Tigre - RS,Rio Grande do Sul,32861,Carpa,15.0
2024,4301206,Arroio do Tigre - RS,Rio Grande do Sul,32877,Tilápia,2.2
2024,4301404,Arvorezinha - RS,Rio Grande do Sul,32861,Carpa,3.0
2024,4301404,Arvorezinha - RS,Rio Grande do Sul,32868,Lambari,0.3
2024,4301404,Arvorezinha - RS,Rio Grande do Sul,32877,Tilápia,0.8
2024,4301404,Arvorezinha - RS,Rio Grande do Sul,32878,Traíra e trairão,0.4
2024,4301404,Arvorezinha - RS,Rio Grande do Sul,32881,Outros peixes,0.5
2024,4301503,Augusto Pestana - RS,Rio Grande do Sul,32861,Carpa,5.8
2024,4301503,Augusto Pestana - RS,Rio Grande do Sul,32877,Tilápia,2.4
2024,4301552,Áurea - RS,Rio Grande do Sul,32861,Carpa,28.5
2024,4301552,Áurea - RS,Rio Grande do Sul,32877,Tilápia,40.0
2024,4301552,Áurea - RS,Rio Grande do Sul,32878,Traíra e trairão,0.8
2024,4301602,Bagé - RS,Rio Grande do Sul,32861,Carpa,0.2
2024,4301651,Barão - RS,Rio Grande do Sul,32861,Carpa,26.174
2024,4301651,Barão - RS,Rio Grande do Sul,32877,Tilápia,1.9
2024,4301651,Barão - RS,Rio Grande do Sul,32881,Outros peixes,2.365
2024,4301701,Barão de Cotegipe - RS,Rio Grande do Sul,32861,Carpa,30.5
2024,4301701,Barão de Cotegipe - RS,Rio Grande do Sul,32868,Lambari,1.07
2024,4301701,Barão de Cotegipe - RS,Rio Grande do Sul,32877,Tilápia,40.1
2024,4301750,Barão do Triunfo - RS,Rio Grande do Sul,32861,Carpa,8.0
2024,4301750,Barão do Triunfo - RS,Rio Grande do Sul,32877,Tilápia,1.5
2024,4301800,Barracão - RS,Rio Grande do Sul,32861,Carpa,12.0
2024,4301800,Barracão - RS,Rio Grande do Sul,32877,Tilápia,3.0
2024,4301859,Barra do Guarita - RS,Rio Grande do Sul,32861,Carpa,5.5
2024,4301859,Barra do Guarita - RS,Rio Grande do Sul,32877,Tilápia,30.0
2024,4301859,Barra do Guarita - RS,Rio Grande do Sul,32878,Traíra e trairão,0.2
2024,4301909,Barra do Ribeiro - RS,Rio Grande do Sul,32861,Carpa,2.3
2024,4301909,Barra do Ribeiro - RS,Rio Grande do Sul,32877,Tilápia,1.3
2024,4301925,Barra do Rio Azul - RS,Rio Grande do Sul,32861,Carpa,8.72
2024,4301925,Barra do Rio Azul - RS,Rio Grande do Sul,32866,Dourado,0.73
2024,4301925,Barra do Rio Azul - RS,Rio Grande do Sul,32877,Tilápia,10.17
2024,4301958,Barra Funda - RS,Rio Grande do Sul,32861,Carpa,7.65
2024,4301958,Barra Funda - RS,Rio Grande do Sul,32877,Tilápia,200.0
2024,4301958,Barra Funda - RS,Rio Grande do Sul,32881,Outros peixes,4.5
2024,4302006,Barros Cassal - RS,Rio Grande do Sul,32861,Carpa,11.5
2024,4302006,Barros Cassal - RS,Rio Grande do Sul,32881,Outros peixes,0.25
2024,4302055,Benjamin Constant do Sul - RS,Rio Grande do Sul,32861,Carpa,6.28
2024,4302105,Bento Gonçalves - RS,Rio Grande do Sul,32861,Carpa,4.04
2024,4302105,Bento Gonçalves - RS,Rio Grande do Sul,32877,Tilápia,1.73
2024,4302105,Bento Gonçalves - RS,Rio Grande do Sul,32881,Outros peixes,1.35
2024,4302154,Boa Vista das Missões - RS,Rio Grande do Sul,32861,Carpa,24.8
2024,4302154,Boa Vista das Missões - RS,Rio Grande do Sul,32868,Lambari,0.783
2024,4302154,Boa Vista das Missões - RS,Rio Grande do Sul,32870,Pacu e patinga,1.085
2024,4302154,Boa Vista das Missões - RS,Rio Grande do Sul,32871,"Piau, piapara, piauçu, piava",0.054
2024,4302154,Boa Vista das Missões - RS,Rio Grande do Sul,32877,Tilápia,9.45
2024,4302154,Boa Vista das Missões - RS,Rio Grande do Sul,32878,Traíra e trairão,3.0
2024,4302154,Boa Vista das Missões - RS,Rio Grande do Sul,32881,Outros peixes,1.0
2024,4302204,Boa Vista do Buricá - RS,Rio Grande do Sul,32861,Carpa,26.642
2024,4302204,Boa Vista do Buricá - RS,Rio Grande do Sul,32877,Tilápia,14.86
2024,4302220,Boa Vista do Cadeado - RS,Rio Grande do Sul,32861,Carpa,4.1
2024,4302220,Boa Vista do Cadeado - RS,Rio Grande do Sul,32868,Lambari,0.08
2024,4302220,Boa Vista do Cadeado - RS,Rio Grande do Sul,32870,Pacu e patinga,0.23
2024,4302220,Boa Vista do Cadeado - RS,Rio Grande do Sul,32877,Tilápia,1.5
2024,4302220,Boa Vista do Cadeado - RS,Rio Grande do Sul,32878,Traíra e trairão,0.2
2024,4302220,Boa Vista do Cadeado - RS,Rio Grande do Sul,32881,Outros peixes,1.1
2024,4302238,Boa Vista do Incra - RS,Rio Grande do Sul,32861,Carpa,16.5
2024,4302238,Boa Vista do Incra - RS,Rio Grande do Sul,32877,Tilápia,0.7
2024,4302238,Boa Vista do Incra - RS,Rio Grande do Sul,32878,Traíra e trairão,0.55
2024,4302253,Boa Vista do Sul - RS,Rio Grande do Sul,32861,Carpa,18.22
2024,4302253,Boa Vista do Sul - RS,Rio Grande do Sul,32877,Tilápia,5.775
2024,4302352,Bom Princípio - RS,Rio Grande do Sul,32861,Carpa,5.0
2024,4302352,Bom Princípio - RS,Rio Grande do Sul,32877,Tilápia,3.1
2024,4302352,Bom Princípio - RS,Rio Grande do Sul,32878,Traíra e trairão,0.3
2024,4302352,Bom Princípio - RS,Rio Grande do Sul,32881,Outros peixes,0.35
2024,4302378,Bom Progresso - RS,Rio Grande do Sul,32861,Carpa,4.2
2024,4302378,Bom Progresso - RS,Rio Grande do Sul,32877,Tilápia,1.1
2024,4302402,Bom Retiro do Sul - RS,Rio Grande do Sul,32861,Carpa,15.0
2024,4302402,Bom Retiro do Sul - RS,Rio Grande do Sul,32877,Tilápia,3.0
2024,4302402,Bom Retiro do Sul - RS,Rio Grande do Sul,32878,Traíra e trairão,1.2
2024,4302402,Bom Retiro do Sul - RS,Rio Grande do Sul,32881,Outros peixes,0.53
2024,4302451,Boqueirão do Leão - RS,Rio Grande do Sul,32861,Carpa,20.0
2024,4302501,Bossoroca - RS,Rio Grande do Sul,32861,Carpa,1.91
2024,4302584,Bozano - RS,Rio Grande do Sul,32861,Carpa,4.9
2024,4302600,Braga - RS,Rio Grande do Sul,32861,Carpa,7.5
2024,4302600,Braga - RS,Rio Grande do Sul,32877,Tilápia,0.65
2024,4302600,Braga - RS,Rio Grande do Sul,32878,Traíra e trairão,0.2
2024,4302659,Brochier - RS,Rio Grande do Sul,32861,Carpa,4.825
2024,4302659,Brochier - RS,Rio Grande do Sul,32877,Tilápia,1.325
2024,4302709,Butiá - RS,Rio Grande do Sul,32861,Carpa,1.5
2024,4302709,Butiá - RS,Rio Grande do Sul,32877,Tilápia,0.15
2024,4302709,Butiá - RS,Rio Grande do Sul,32878,Traíra e trairão,0.05
2024,4302808,Caçapava do Sul - RS,Rio Grande do Sul,32861,Carpa,1.85
2024,4302808,Caçapava do Sul - RS,Rio Grande do Sul,32878,Traíra e trairão,0.22
2024,4302907,Cacequi - RS,Rio Grande do Sul,32861,Carpa,1.9
2024,4303004,Cachoeira do Sul - RS,Rio Grande do Sul,32861,Carpa,44.0
2024,4303004,Cachoeira do Sul - RS,Rio Grande do Sul,32877,Tilápia,5.5
2024,4303004,Cachoeira do Sul - RS,Rio Grande do Sul,32878,Traíra e trairão,3.2
2024,4303301,Caibaté - RS,Rio Grande do Sul,32861,Carpa,25.0
2024,4303301,Caibaté - RS,Rio Grande do Sul,32877,Tilápia,2.0
2024,4303301,Caibaté - RS,Rio Grande do Sul,32878,Traíra e trairão,0.5
2024,4303400,Caiçara - RS,Rio Grande do Sul,32861,Carpa,8.2
2024,4303400,Caiçara - RS,Rio Grande do Sul,32877,Tilápia,8.2
2024,4303509,Camaquã - RS,Rio Grande do Sul,32861,Carpa,10.2
2024,4303509,Camaquã - RS,Rio Grande do Sul,32877,Tilápia,3.7
2024,4303509,Camaquã - RS,Rio Grande do Sul,32878,Traíra e trairão,2.0
2024,4303509,Camaquã - RS,Rio Grande do Sul,32881,Outros peixes,0.6
2024,4303558,Camargo - RS,Rio Grande do Sul,32861,Carpa,50.0
2024,4303558,Camargo - RS,Rio Grande do Sul,32868,Lambari,2.0
2024,4303558,Camargo - RS,Rio Grande do Sul,32877,Tilápia,6.0
2024,4303558,Camargo - RS,Rio Grande do Sul,32881,Outros peixes,4.5
2024,4303707,Campina das Missões - RS,Rio Grande do Sul,32861,Carpa,39.7
2024,4303707,Campina das Missões - RS,Rio Grande do Sul,32870,Pacu e patinga,0.75
2024,4303707,Campina das Missões - RS,Rio Grande do Sul,32877,Tilápia,21.8
2024,4303707,Campina das Missões - RS,Rio Grande do Sul,32878,Traíra e trairão,0.82
2024,4303806,Campinas do Sul - RS,Rio Grande do Sul,32861,Carpa,7.6
2024,4303806,Campinas do Sul - RS,Rio Grande do Sul,32877,Tilápia,4.05
2024,4303806,Campinas do Sul - RS,Rio Grande do Sul,32878,Traíra e trairão,0.55
2024,4303806,Campinas do Sul - RS,Rio Grande do Sul,32881,Outros peixes,1.2
2024,4303905,Campo Bom - RS,Rio Grande do Sul,32861,Carpa,6.0
2024,4303905,Campo Bom - RS,Rio Grande do Sul,32877,Tilápia,1.0
2024,4304002,Campo Novo - RS,Rio Grande do Sul,32861,Carpa,10.0
2024,4304002,Campo Novo - RS,Rio Grande do Sul,32877,Tilápia,4.5
2024,4304002,Campo Novo - RS,Rio Grande do Sul,32878,Traíra e trairão,1.0
2024,4304101,Campos Borges - RS,Rio Grande do Sul,32861,Carpa,18.0
2024,4304101,Campos Borges - RS,Rio Grande do Sul,32877,Tilápia,2.2
2024,4304200,Candelária - RS,Rio Grande do Sul,32861,Carpa,35.0
2024,4304200,Candelária - RS,Rio Grande do Sul,32877,Tilápia,3.5
2024,4304200,Candelária - RS,Rio Grande do Sul,32878,Traíra e trairão,2.2
2024,4304309,Cândido Godói - RS,Rio Grande do Sul,32861,Carpa,34.4
2024,4304309,Cândido Godói - RS,Rio Grande do Sul,32870,Pacu e patinga,0.185
2024,4304309,Cândido Godói - RS,Rio Grande do Sul,32877,Tilápia,56.9
2024,4304309,Cândido Godói - RS,Rio Grande do Sul,32878,Traíra e trairão,1.25
2024,4304358,Candiota - RS,Rio Grande do Sul,32861,Carpa,2.0
2024,4304358,Candiota - RS,Rio Grande do Sul,32878,Traíra e trairão,0.7
2024,4304408,Canela - RS,Rio Grande do Sul,32861,Carpa,35.0
2024,4304408,Canela - RS,Rio Grande do Sul,32868,Lambari,9.0
2024,4304408,Canela - RS,Rio Grande do Sul,32877,Tilápia,1.0
2024,4304408,Canela - RS,Rio Grande do Sul,32878,Traíra e trairão,1.15
2024,4304408,Canela - RS,Rio Grande do Sul,32879,Truta,0.95
2024,4304408,Canela - RS,Rio Grande do Sul,32881,Outros peixes,11.0
2024,4304507,Canguçu - RS,Rio Grande do Sul,32861,Carpa,1.95
2024,4304507,Canguçu - RS,Rio Grande do Sul,32878,Traíra e trairão,0.09
2024,4304507,Canguçu - RS,Rio Grande do Sul,32881,Outros peixes,0.84
2024,4304614,Canudos do Vale - RS,Rio Grande do Sul,32861,Carpa,0.82
2024,4304622,Capão Bonito do Sul - RS,Rio Grande do Sul,32861,Carpa,1.9
2024,4304622,Capão Bonito do Sul - RS,Rio Grande do Sul,32877,Tilápia,0.6
2024,4304622,Capão Bonito do Sul - RS,Rio Grande do Sul,32881,Outros peixes,1.1
2024,4304630,Capão da Canoa - RS,Rio Grande do Sul,32877,Tilápia,9.6
2024,4304655,Capão do Cipó - RS,Rio Grande do Sul,32861,Carpa,13.0
2024,4304655,Capão do Cipó - RS,Rio Grande do Sul,32870,Pacu e patinga,0.23
2024,4304655,Capão do Cipó - RS,Rio Grande do Sul,32871,"Piau, piapara, piauçu, piava",0.35
2024,4304655,Capão do Cipó - RS,Rio Grande do Sul,32878,Traíra e trairão,0.529
2024,4304663,Capão do Leão - RS,Rio Grande do Sul,32861,Carpa,0.5
2024,4304663,Capão do Leão - RS,Rio Grande do Sul,32877,Tilápia,1.0
2024,4304663,Capão do Leão - RS,Rio Grande do Sul,32878,Traíra e trairão,0.3
2024,4304663,Capão do Leão - RS,Rio Grande do Sul,32881,Outros peixes,0.5
2024,4304689,Capela de Santana - RS,Rio Grande do Sul,32861,Carpa,4.0
2024,4304689,Capela de Santana - RS,Rio Grande do Sul,32877,Tilápia,4.5
2024,4304689,Capela de Santana - RS,Rio Grande do Sul,32878,Traíra e trairão,0.2
2024,4304689,Capela de Santana - RS,Rio Grande do Sul,32881,Outros peixes,0.2
2024,4304697,Capitão - RS,Rio Grande do Sul,32861,Carpa,40.0
2024,4304705,Carazinho - RS,Rio Grande do Sul,32861,Carpa,2.67
2024,4304705,Carazinho - RS,Rio Grande do Sul,32870,Pacu e patinga,0.23
2024,4304705,Carazinho - RS,Rio Grande do Sul,32877,Tilápia,37.0
2024,4304705,Carazinho - RS,Rio Grande do Sul,32881,Outros peixes,0.225
2024,4304713,Caraá - RS,Rio Grande do Sul,32861,Carpa,10.5
2024,4304713,Caraá - RS,Rio Grande do Sul,32877,Tilápia,4.0
2024,4304713,Caraá - RS,Rio Grande do Sul,32881,Outros peixes,0.8
2024,4304804,Carlos Barbosa - RS,Rio Grande do Sul,32861,Carpa,39.0
2024,4304804,Carlos Barbosa - RS,Rio Grande do Sul,32877,Tilápia,6.825
2024,4304804,Carlos Barbosa - RS,Rio Grande do Sul,32881,Outros peixes,5.95
2024,4304853,Carlos Gomes - RS,Rio Grande do Sul,32861,Carpa,3.8
2024,4304853,Carlos Gomes - RS,Rio Grande do Sul,32877,Tilápia,4.6
2024,4304853,Carlos Gomes - RS,Rio Grande do Sul,32878,Traíra e trairão,0.48
2024,4304853,Carlos Gomes - RS,Rio Grande do Sul,32881,Outros peixes,0.8
2024,4304903,Casca - RS,Rio Grande do Sul,32861,Carpa,12.1
2024,4304903,Casca - RS,Rio Grande do Sul,32877,Tilápia,5.7
2024,4304903,Casca - RS,Rio Grande do Sul,32881,Outros peixes,4.6
2024,4305009,Catuípe - RS,Rio Grande do Sul,32861,Carpa,15.0
2024,4305009,Catuípe - RS,Rio Grande do Sul,32877,Tilápia,12.5
2024,4305108,Caxias do Sul - RS,Rio Grande do Sul,32861,Carpa,61.0
2024,4305108,Caxias do Sul - RS,Rio Grande do Sul,32868,Lambari,1.15
2024,4305108,Caxias do Sul - RS,Rio Grande do Sul,32877,Tilápia,5.52
2024,4305108,Caxias do Sul - RS,Rio Grande do Sul,32878,Traíra e trairão,1.1
2024,4305108,Caxias do Sul - RS,Rio Grande do Sul,32881,Outros peixes,20.01
2024,4305116,Centenário - RS,Rio Grande do Sul,32861,Carpa,7.2
2024,4305116,Centenário - RS,Rio Grande do Sul,32877,Tilápia,7.9
2024,4305116,Centenário - RS,Rio Grande do Sul,32878,Traíra e trairão,0.6
2024,4305116,Centenário - RS,Rio Grande do Sul,32881,Outros peixes,1.6
2024,4305124,Cerrito - RS,Rio Grande do Sul,32861,Carpa,2.0
2024,4305124,Cerrito - RS,Rio Grande do Sul,32877,Tilápia,0.3
2024,4305132,Cerro Branco - RS,Rio Grande do Sul,32861,Carpa,13.5
2024,4305132,Cerro Branco - RS,Rio Grande do Sul,32877,Tilápia,1.5
2024,4305157,Cerro Grande - RS,Rio Grande do Sul,32861,Carpa,0.985
2024,4305157,Cerro Grande - RS,Rio Grande do Sul,32868,Lambari,0.85
2024,4305157,Cerro Grande - RS,Rio Grande do Sul,32870,Pacu e patinga,0.069
2024,4305157,Cerro Grande - RS,Rio Grande do Sul,32871,"Piau, piapara, piauçu, piava",0.036
2024,4305157,Cerro Grande - RS,Rio Grande do Sul,32877,Tilápia,0.1
2024,4305157,Cerro Grande - RS,Rio Grande do Sul,32878,Traíra e trairão,0.07
2024,4305157,Cerro Grande - RS,Rio Grande do Sul,32881,Outros peixes,0.425
2024,4305173,Cerro Grande do Sul - RS,Rio Grande do Sul,32861,Carpa,9.3
2024,4305173,Cerro Grande do Sul - RS,Rio Grande do Sul,32877,Tilápia,1.2
2024,4305173,Cerro Grande do Sul - RS,Rio Grande do Sul,32878,Traíra e trairão,0.32
2024,4305173,Cerro Grande do Sul - RS,Rio Grande do Sul,32881,Outros peixes,0.14
2024,4305207,Cerro Largo - RS,Rio Grande do Sul,32861,Carpa,45.0
2024,4305207,Cerro Largo - RS,Rio Grande do Sul,32877,Tilápia,3.0
2024,4305306,Chapada - RS,Rio Grande do Sul,32861,Carpa,32.734
2024,4305306,Chapada - RS,Rio Grande do Sul,32868,Lambari,0.875
2024,4305306,Chapada - RS,Rio Grande do Sul,32870,Pacu e patinga,2.075
2024,4305306,Chapada - RS,Rio Grande do Sul,32871,"Piau, piapara, piauçu, piava",0.169
2024,4305306,Chapada - RS,Rio Grande do Sul,32877,Tilápia,65.478
2024,4305306,Chapada - RS,Rio Grande do Sul,32878,Traíra e trairão,1.025
2024,4305306,Chapada - RS,Rio Grande do Sul,32881,Outros peixes,8.75
2024,4305355,Charqueadas - RS,Rio Grande do Sul,32861,Carpa,8.0
2024,4305355,Charqueadas - RS,Rio Grande do Sul,32870,Pacu e patinga,0.1
2024,4305355,Charqueadas - RS,Rio Grande do Sul,32877,Tilápia,8.0
2024,4305355,Charqueadas - RS,Rio Grande do Sul,32878,Traíra e trairão,0.5
2024,4305371,Charrua - RS,Rio Grande do Sul,32861,Carpa,4.0
2024,4305371,Charrua - RS,Rio Grande do Sul,32877,Tilápia,0.8
2024,4305405,Chiapetta - RS,Rio Grande do Sul,32861,Carpa,15.0
2024,4305405,Chiapetta - RS,Rio Grande do Sul,32877,Tilápia,12.0
2024,4305447,Chuvisca - RS,Rio Grande do Sul,32861,Carpa,1.9
2024,4305447,Chuvisca - RS,Rio Grande do Sul,32877,Tilápia,1.1
2024,4305447,Chuvisca - RS,Rio Grande do Sul,32878,Traíra e trairão,3.3
2024,4305504,Ciríaco - RS,Rio Grande do Sul,32861,Carpa,4.0
2024,4305587,Colinas - RS,Rio Grande do Sul,32861,Carpa,2.0
2024,4305587,Colinas - RS,Rio Grande do Sul,32877,Tilápia,60.0
2024,4305603,Colorado - RS,Rio Grande do Sul,32861,Carpa,6.1
2024,4305603,Colorado - RS,Rio Grande do Sul,32877,Tilápia,0.4
2024,4305603,Colorado - RS,Rio Grande do Sul,32878,Traíra e trairão,0.23
2024,4305603,Colorado - RS,Rio Grande do Sul,32881,Outros peixes,0.52
2024,4305702,Condor - RS,Rio Grande do Sul,32861,Carpa,12.0
2024,4305702,Condor - RS,Rio Grande do Sul,32877,Tilápia,10.5
2024,4305801,Constantina - RS,Rio Grande do Sul,32861,Carpa,18.6
2024,4305801,Constantina - RS,Rio Grande do Sul,32877,Tilápia,50.0
2024,4305835,Coqueiro Baixo - RS,Rio Grande do Sul,32861,Carpa,2.0
2024,4305835,Coqueiro Baixo - RS,Rio Grande do Sul,32877,Tilápia,0.5
2024,4305850,Coqueiros do Sul - RS,Rio Grande do Sul,32861,Carpa,3.83
2024,4305850,Coqueiros do Sul - RS,Rio Grande do Sul,32877,Tilápia,1.115
2024,4305850,Coqueiros do Sul - RS,Rio Grande do Sul,32881,Outros peixes,0.2
2024,4305871,Coronel Barros - RS,Rio Grande do Sul,32861,Carpa,3.1
2024,4305900,Coronel Bicaco - RS,Rio Grande do Sul,32861,Carpa,7.25
2024,4305900,Coronel Bicaco - RS,Rio Grande do Sul,32868,Lambari,0.87
2024,4305900,Coronel Bicaco - RS,Rio Grande do Sul,32870,Pacu e patinga,0.6
2024,4305900,Coronel Bicaco - RS,Rio Grande do Sul,32871,"Piau, piapara, piauçu, piava",0.7
2024,4305900,Coronel Bicaco - RS,Rio Grande do Sul,32877,Tilápia,0.87
2024,4305900,Coronel Bicaco - RS,Rio Grande do Sul,32878,Traíra e trairão,0.34
2024,4305900,Coronel Bicaco - RS,Rio Grande do Sul,32881,Outros peixes,0.72
2024,4305934,Coronel Pilar - RS,Rio Grande do Sul,32861,Carpa,5.46
2024,4305934,Coronel Pilar - RS,Rio Grande do Sul,32877,Tilápia,3.62
2024,4305934,Coronel Pilar - RS,Rio Grande do Sul,32881,Outros peixes,0.26
2024,4305959,Cotiporã - RS,Rio Grande do Sul,32861,Carpa,0.5
2024,4305959,Cotiporã - RS,Rio Grande do Sul,32868,Lambari,0.03
2024,4305959,Cotiporã - RS,Rio Grande do Sul,32871,"Piau, piapara, piauçu, piava",0.03
2024,4305959,Cotiporã - RS,Rio Grande do Sul,32877,Tilápia,0.3
2024,4305975,Coxilha - RS,Rio Grande do Sul,32861,Carpa,20.0
2024,4305975,Coxilha - RS,Rio Grande do Sul,32870,Pacu e patinga,0.55
2024,4305975,Coxilha - RS,Rio Grande do Sul,32877,Tilápia,4.0
2024,4306007,Crissiumal - RS,Rio Grande do Sul,32861,Carpa,9.0
2024,4306007,Crissiumal - RS,Rio Grande do Sul,32877,Tilápia,2.5
2024,4306056,Cristal - RS,Rio Grande do Sul,32861,Carpa,8.5
2024,4306056,Cristal - RS,Rio Grande do Sul,32877,Tilápia,1.0
2024,4306056,Cristal - RS,Rio Grande do Sul,32878,Traíra e trairão,2.0
2024,4306072,Cristal do Sul - RS,Rio Grande do Sul,32861,Carpa,5.0
2024,4306072,Cristal do Sul - RS,Rio Grande do Sul,32877,Tilápia,1.0
2024,4306106,Cruz Alta - RS,Rio Grande do Sul,32861,Carpa,17.2
2024,4306106,Cruz Alta - RS,Rio Grande do Sul,32868,Lambari,1.3
2024,4306106,Cruz Alta - RS,Rio Grande do Sul,32877,Tilápia,18.2
2024,4306106,Cruz Alta - RS,Rio Grande do Sul,32878,Traíra e trairão,2.5
2024,4306130,Cruzaltense - RS,Rio Grande do Sul,32861,Carpa,15.9
2024,4306130,Cruzaltense - RS,Rio Grande do Sul,32866,Dourado,0.07
2024,4306130,Cruzaltense - RS,Rio Grande do Sul,32868,Lambari,0.72
2024,4306130,Cruzaltense - RS,Rio Grande do Sul,32872,"Pintado, cachara, cachapira e pintachara, surubim",0.09
2024,4306130,Cruzaltense - RS,Rio Grande do Sul,32877,Tilápia,34.8
2024,4306130,Cruzaltense - RS,Rio Grande do Sul,32878,Traíra e trairão,0.41
2024,4306130,Cruzaltense - RS,Rio Grande do Sul,32881,Outros peixes,1.83
2024,4306205,Cruzeiro do Sul - RS,Rio Grande do Sul,32861,Carpa,30.0
2024,4306205,Cruzeiro do Sul - RS,Rio Grande do Sul,32877,Tilápia,1.8
2024,4306205,Cruzeiro do Sul - RS,Rio Grande do Sul,32878,Traíra e trairão,0.2
2024,4306205,Cruzeiro do Sul - RS,Rio Grande do Sul,32881,Outros peixes,0.1
2024,4306304,David Canabarro - RS,Rio Grande do Sul,32861,Carpa,5.3
2024,4306304,David Canabarro - RS,Rio Grande do Sul,32868,Lambari,0.11
2024,4306304,David Canabarro - RS,Rio Grande do Sul,32877,Tilápia,1.8
2024,4306304,David Canabarro - RS,Rio Grande do Sul,32881,Outros peixes,0.42
2024,4306320,Derrubadas - RS,Rio Grande do Sul,32861,Carpa,10.0
2024,4306320,Derrubadas - RS,Rio Grande do Sul,32877,Tilápia,450.0
2024,4306353,Dezesseis de Novembro - RS,Rio Grande do Sul,32861,Carpa,15.0
2024,4306353,Dezesseis de Novembro - RS,Rio Grande do Sul,32877,Tilápia,2.0
2024,4306353,Dezesseis de Novembro - RS,Rio Grande do Sul,32878,Traíra e trairão,0.5
2024,4306379,Dilermando de Aguiar - RS,Rio Grande do Sul,32861,Carpa,21.0
2024,4306379,Dilermando de Aguiar - RS,Rio Grande do Sul,32877,Tilápia,15.0
2024,4306379,Dilermando de Aguiar - RS,Rio Grande do Sul,32878,Traíra e trairão,2.4
2024,4306379,Dilermando de Aguiar - RS,Rio Grande do Sul,32881,Outros peixes,1.8
2024,4306403,Dois Irmãos - RS,Rio Grande do Sul,32861,Carpa,6.0
2024,4306403,Dois Irmãos - RS,Rio Grande do Sul,32881,Outros peixes,1.96
2024,4306429,Dois Irmãos das Missões - RS,Rio Grande do Sul,32861,Carpa,13.258
2024,4306429,Dois Irmãos das Missões - RS,Rio Grande do Sul,32868,Lambari,0.75
2024,4306429,Dois Irmãos das Missões - RS,Rio Grande do Sul,32870,Pacu e patinga,0.125
2024,4306429,Dois Irmãos das Missões - RS,Rio Grande do Sul,32871,"Piau, piapara, piauçu, piava",0.11
2024,4306429,Dois Irmãos das Missões - RS,Rio Grande do Sul,32877,Tilápia,0.712
2024,4306429,Dois Irmãos das Missões - RS,Rio Grande do Sul,32878,Traíra e trairão,0.285
2024,4306429,Dois Irmãos das Missões - RS,Rio Grande do Sul,32881,Outros peixes,0.612
2024,4306452,Dois Lajeados - RS,Rio Grande do Sul,32861,Carpa,5.0
2024,4306452,Dois Lajeados - RS,Rio Grande do Sul,32868,Lambari,1.0
2024,4306452,Dois Lajeados - RS,Rio Grande do Sul,32877,Tilápia,5.0
2024,4306452,Dois Lajeados - RS,Rio Grande do Sul,32878,Traíra e trairão,0.1
2024,4306452,Dois Lajeados - RS,Rio Grande do Sul,32881,Outros peixes,0.5
2024,4306502,Dom Feliciano - RS,Rio Grande do Sul,32861,Carpa,6.2
2024,4306502,Dom Feliciano - RS,Rio Grande do Sul,32881,Outros peixes,0.6
2024,4306601,Dom Pedrito - RS,Rio Grande do Sul,32861,Carpa,3.0
2024,4306601,Dom Pedrito - RS,Rio Grande do Sul,32878,Traíra e trairão,2.0
2024,4306700,Dona Francisca - RS,Rio Grande do Sul,32861,Carpa,15.0
2024,4306734,Doutor Maurício Cardoso - RS,Rio Grande do Sul,32861,Carpa,58.0
2024,4306734,Doutor Maurício Cardoso - RS,Rio Grande do Sul,32877,Tilápia,90.0
2024,4306759,Doutor Ricardo - RS,Rio Grande do Sul,32861,Carpa,5.0
2024,4306767,Eldorado do Sul - RS,Rio Grande do Sul,32861,Carpa,6.9
2024,4306809,Encantado - RS,Rio Grande do Sul,32861,Carpa,11.0
2024,4306809,Encantado - RS,Rio Grande do Sul,32877,Tilápia,2.1
2024,4306908,Encruzilhada do Sul - RS,Rio Grande do Sul,32861,Carpa,9.5
2024,4306908,Encruzilhada do Sul - RS,Rio Grande do Sul,32878,Traíra e trairão,0.42
2024,4306908,Encruzilhada do Sul - RS,Rio Grande do Sul,32881,Outros peixes,0.75
2024,4306924,Engenho Velho - RS,Rio Grande do Sul,32861,Carpa,1.86
2024,4306924,Engenho Velho - RS,Rio Grande do Sul,32877,Tilápia,31.5
2024,4306924,Engenho Velho - RS,Rio Grande do Sul,32881,Outros peixes,0.35
2024,4306932,Entre-Ijuís - RS,Rio Grande do Sul,32861,Carpa,50.0
2024,4306932,Entre-Ijuís - RS,Rio Grande do Sul,32877,Tilápia,2.5
2024,4306957,Entre Rios do Sul - RS,Rio Grande do Sul,32861,Carpa,2.0
2024,4306957,Entre Rios do Sul - RS,Rio Grande do Sul,32877,Tilápia,2.3
2024,4306973,Erebango - RS,Rio Grande do Sul,32861,Carpa,3.0
2024,4306973,Erebango - RS,Rio Grande do Sul,32877,Tilápia,20.575
2024,4306973,Erebango - RS,Rio Grande do Sul,32878,Traíra e trairão,0.25
2024,4306973,Erebango - RS,Rio Grande do Sul,32881,Outros peixes,0.45
2024,4307005,Erechim - RS,Rio Grande do Sul,32861,Carpa,1.3
2024,4307005,Erechim - RS,Rio Grande do Sul,32865,"Curimatã, curimbatá",1.96
2024,4307005,Erechim - RS,Rio Grande do Sul,32866,Dourado,0.72
2024,4307005,Erechim - RS,Rio Grande do Sul,32868,Lambari,2.75
2024,4307005,Erechim - RS,Rio Grande do Sul,32870,Pacu e patinga,2.05
2024,4307005,Erechim - RS,Rio Grande do Sul,32871,"Piau, piapara, piauçu, piava",3.42
2024,4307005,Erechim - RS,Rio Grande do Sul,32872,"Pintado, cachara, cachapira e pintachara, surubim",0.78
2024,4307005,Erechim - RS,Rio Grande do Sul,32877,Tilápia,7.83
2024,4307005,Erechim - RS,Rio Grande do Sul,32878,Traíra e trairão,1.05
2024,4307005,Erechim - RS,Rio Grande do Sul,32881,Outros peixes,4.2
2024,4307054,Ernestina - RS,Rio Grande do Sul,32861,Carpa,6.0
2024,4307054,Ernestina - RS,Rio Grande do Sul,32881,Outros peixes,1.3
2024,4307203,Erval Grande - RS,Rio Grande do Sul,32861,Carpa,1.3
2024,4307203,Erval Grande - RS,Rio Grande do Sul,32872,"Pintado, cachara, cachapira e pintachara, surubim",0.12
2024,4307302,Erval Seco - RS,Rio Grande do Sul,32861,Carpa,7.15
2024,4307302,Erval Seco - RS,Rio Grande do Sul,32868,Lambari,0.14
2024,4307302,Erval Seco - RS,Rio Grande do Sul,32870,Pacu e patinga,0.12
2024,4307302,Erval Seco - RS,Rio Grande do Sul,32871,"Piau, piapara, piauçu, piava",0.12
2024,4307302,Erval Seco - RS,Rio Grande do Sul,32877,Tilápia,0.42
2024,4307302,Erval Seco - RS,Rio Grande do Sul,32878,Traíra e trairão,0.11
2024,4307302,Erval Seco - RS,Rio Grande do Sul,32881,Outros peixes,0.69
2024,4307450,Esperança do Sul - RS,Rio Grande do Sul,32861,Carpa,3.0
2024,4307450,Esperança do Sul - RS,Rio Grande do Sul,32877,Tilápia,0.5
2024,4307450,Esperança do Sul - RS,Rio Grande do Sul,32878,Traíra e trairão,0.7
2024,4307500,Espumoso - RS,Rio Grande do Sul,32861,Carpa,13.5
2024,4307500,Espumoso - RS,Rio Grande do Sul,32877,Tilápia,1.6
2024,4307500,Espumoso - RS,Rio Grande do Sul,32878,Traíra e trairão,1.2
2024,4307500,Espumoso - RS,Rio Grande do Sul,32881,Outros peixes,0.9
2024,4307559,Estação - RS,Rio Grande do Sul,32861,Carpa,21.0
2024,4307559,Estação - RS,Rio Grande do Sul,32877,Tilápia,75.0
2024,4307559,Estação - RS,Rio Grande do Sul,32878,Traíra e trairão,0.65
2024,4307609,Estância Velha - RS,Rio Grande do Sul,32861,Carpa,11.1
2024,4307609,Estância Velha - RS,Rio Grande do Sul,32877,Tilápia,4.2
2024,4307807,Estrela - RS,Rio Grande do Sul,32861,Carpa,34.37
2024,4307807,Estrela - RS,Rio Grande do Sul,32877,Tilápia,4.28
2024,4307815,Estrela Velha - RS,Rio Grande do Sul,32861,Carpa,2.8
2024,4307831,Eugênio de Castro - RS,Rio Grande do Sul,32861,Carpa,12.0
2024,4307831,Eugênio de Castro - RS,Rio Grande do Sul,32877,Tilápia,0.5
2024,4307864,Fagundes Varela - RS,Rio Grande do Sul,32861,Carpa,1.2
2024,4307864,Fagundes Varela - RS,Rio Grande do Sul,32868,Lambari,0.15
2024,4307864,Fagundes Varela - RS,Rio Grande do Sul,32877,Tilápia,0.75
2024,4307864,Fagundes Varela - RS,Rio Grande do Sul,32878,Traíra e trairão,0.07
2024,4307864,Fagundes Varela - RS,Rio Grande do Sul,32881,Outros peixes,0.51
2024,4307906,Farroupilha - RS,Rio Grande do Sul,32861,Carpa,6.426
2024,4307906,Farroupilha - RS,Rio Grande do Sul,32870,Pacu e patinga,0.22
2024,4307906,Farroupilha - RS,Rio Grande do Sul,32877,Tilápia,0.44
2024,4307906,Farroupilha - RS,Rio Grande do Sul,32881,Outros peixes,2.0
2024,4308003,Faxinal do Soturno - RS,Rio Grande do Sul,32861,Carpa,9.0
2024,4308003,Faxinal do Soturno - RS,Rio Grande do Sul,32877,Tilápia,1.0
2024,4308003,Faxinal do Soturno - RS,Rio Grande do Sul,32878,Traíra e trairão,1.0
2024,4308052,Faxinalzinho - RS,Rio Grande do Sul,32861,Carpa,15.0
2024,4308052,Faxinalzinho - RS,Rio Grande do Sul,32877,Tilápia,9.45
2024,4308052,Faxinalzinho - RS,Rio Grande do Sul,32878,Traíra e trairão,0.6
2024,4308052,Faxinalzinho - RS,Rio Grande do Sul,32881,Outros peixes,1.15
2024,4308078,Fazenda Vilanova - RS,Rio Grande do Sul,32861,Carpa,15.5
2024,4308078,Fazenda Vilanova - RS,Rio Grande do Sul,32877,Tilápia,20.0
2024,4308102,Feliz - RS,Rio Grande do Sul,32861,Carpa,2.7
2024,4308102,Feliz - RS,Rio Grande do Sul,32877,Tilápia,0.3
2024,4308102,Feliz - RS,Rio Grande do Sul,32881,Outros peixes,0.2
2024,4308250,Floriano Peixoto - RS,Rio Grande do Sul,32861,Carpa,14.0
2024,4308250,Floriano Peixoto - RS,Rio Grande do Sul,32868,Lambari,1.6
2024,4308250,Floriano Peixoto - RS,Rio Grande do Sul,32877,Tilápia,25.0
2024,4308300,Fontoura Xavier - RS,Rio Grande do Sul,32861,Carpa,20.0
2024,4308300,Fontoura Xavier - RS,Rio Grande do Sul,32881,Outros peixes,5.5
2024,4308409,Formigueiro - RS,Rio Grande do Sul,32861,Carpa,3.5
2024,4308409,Formigueiro - RS,Rio Grande do Sul,32877,Tilápia,0.45
2024,4308409,Formigueiro - RS,Rio Grande do Sul,32881,Outros peixes,0.5
2024,4308433,Forquetinha - RS,Rio Grande do Sul,32861,Carpa,3.77
2024,4308433,Forquetinha - RS,Rio Grande do Sul,32877,Tilápia,0.3
2024,4308433,Forquetinha - RS,Rio Grande do Sul,32878,Traíra e trairão,0.1
2024,4308458,Fortaleza dos Valos - RS,Rio Grande do Sul,32861,Carpa,12.5
2024,4308508,Frederico Westphalen - RS,Rio Grande do Sul,32861,Carpa,18.0
2024,4308508,Frederico Westphalen - RS,Rio Grande do Sul,32877,Tilápia,125.0
2024,4308607,Garibaldi - RS,Rio Grande do Sul,32861,Carpa,18.705
2024,4308607,Garibaldi - RS,Rio Grande do Sul,32877,Tilápia,1.93
2024,4308607,Garibaldi - RS,Rio Grande do Sul,32881,Outros peixes,2.65
2024,4308656,Garruchos - RS,Rio Grande do Sul,32861,Carpa,4.2
2024,4308706,Gaurama - RS,Rio Grande do Sul,32861,Carpa,29.78
2024,4308706,Gaurama - RS,Rio Grande do Sul,32877,Tilápia,38.91
2024,4308706,Gaurama - RS,Rio Grande do Sul,32878,Traíra e trairão,0.49
2024,4308706,Gaurama - RS,Rio Grande do Sul,32881,Outros peixes,2.1
2024,4308805,General Câmara - RS,Rio Grande do Sul,32861,Carpa,13.0
2024,4308805,General Câmara - RS,Rio Grande do Sul,32877,Tilápia,12.5
2024,4308854,Gentil - RS,Rio Grande do Sul,32861,Carpa,4.5
2024,4308854,Gentil - RS,Rio Grande do Sul,32868,Lambari,0.44
2024,4308854,Gentil - RS,Rio Grande do Sul,32877,Tilápia,0.35
2024,4308854,Gentil - RS,Rio Grande do Sul,32878,Traíra e trairão,0.7
2024,4308854,Gentil - RS,Rio Grande do Sul,32881,Outros peixes,1.2
2024,4308904,Getúlio Vargas - RS,Rio Grande do Sul,32861,Carpa,30.0
2024,4308904,Getúlio Vargas - RS,Rio Grande do Sul,32877,Tilápia,60.0
2024,4309001,Giruá - RS,Rio Grande do Sul,32861,Carpa,70.0
2024,4309001,Giruá - RS,Rio Grande do Sul,32877,Tilápia,4.5
2024,4309050,Glorinha - RS,Rio Grande do Sul,32861,Carpa,2.68
2024,4309050,Glorinha - RS,Rio Grande do Sul,32877,Tilápia,4.65
2024,4309050,Glorinha - RS,Rio Grande do Sul,32881,Outros peixes,0.5
2024,4309100,Gramado - RS,Rio Grande do Sul,32861,Carpa,1.2
2024,4309100,Gramado - RS,Rio Grande do Sul,32877,Tilápia,0.08
2024,4309100,Gramado - RS,Rio Grande do Sul,32881,Outros peixes,0.4
2024,4309126,Gramado dos Loureiros - RS,Rio Grande do Sul,32861,Carpa,9.7
2024,4309126,Gramado dos Loureiros - RS,Rio Grande do Sul,32877,Tilápia,5.2
2024,4309159,Gramado Xavier - RS,Rio Grande do Sul,32861,Carpa,8.2
2024,4309209,Gravataí - RS,Rio Grande do Sul,32861,Carpa,4.8
2024,4309209,Gravataí - RS,Rio Grande do Sul,32870,Pacu e patinga,0.32
2024,4309209,Gravataí - RS,Rio Grande do Sul,32877,Tilápia,5.95
2024,4309209,Gravataí - RS,Rio Grande do Sul,32878,Traíra e trairão,0.28
2024,4309209,Gravataí - RS,Rio Grande do Sul,32881,Outros peixes,0.91
2024,4309258,Guabiju - RS,Rio Grande do Sul,32861,Carpa,2.5
2024,4309258,Guabiju - RS,Rio Grande do Sul,32877,Tilápia,1.0
2024,4309258,Guabiju - RS,Rio Grande do Sul,32881,Outros peixes,1.5
2024,4309308,Guaíba - RS,Rio Grande do Sul,32861,Carpa,5.8
2024,4309407,Guaporé - RS,Rio Grande do Sul,32861,Carpa,63.0
2024,4309407,Guaporé - RS,Rio Grande do Sul,32868,Lambari,0.2
2024,4309407,Guaporé - RS,Rio Grande do Sul,32877,Tilápia,50.0
2024,4309407,Guaporé - RS,Rio Grande do Sul,32878,Traíra e trairão,0.5
2024,4309407,Guaporé - RS,Rio Grande do Sul,32881,Outros peixes,5.0
2024,4309506,Guarani das Missões - RS,Rio Grande do Sul,32861,Carpa,35.0
2024,4309506,Guarani das Missões - RS,Rio Grande do Sul,32877,Tilápia,2.5
2024,4309506,Guarani das Missões - RS,Rio Grande do Sul,32878,Traíra e trairão,0.5
2024,4309555,Harmonia - RS,Rio Grande do Sul,32861,Carpa,0.35
2024,4309555,Harmonia - RS,Rio Grande do Sul,32877,Tilápia,0.15
2024,4309571,Herveiras - RS,Rio Grande do Sul,32861,Carpa,2.0
2024,4309605,Horizontina - RS,Rio Grande do Sul,32861,Carpa,52.0
2024,4309605,Horizontina - RS,Rio Grande do Sul,32868,Lambari,0.1
2024,4309605,Horizontina - RS,Rio Grande do Sul,32871,"Piau, piapara, piauçu, piava",1.15
2024,4309605,Horizontina - RS,Rio Grande do Sul,32877,Tilápia,26.0
2024,4309605,Horizontina - RS,Rio Grande do Sul,32878,Traíra e trairão,0.326
2024,4309654,Hulha Negra - RS,Rio Grande do Sul,32861,Carpa,0.8
2024,4309704,Humaitá - RS,Rio Grande do Sul,32861,Carpa,5.0
2024,4309704,Humaitá - RS,Rio Grande do Sul,32877,Tilápia,30.0
2024,4309753,Ibarama - RS,Rio Grande do Sul,32861,Carpa,4.5
2024,4309803,Ibiaçá - RS,Rio Grande do Sul,32861,Carpa,15.0
2024,4309803,Ibiaçá - RS,Rio Grande do Sul,32877,Tilápia,3.0
2024,4309951,Ibirapuitã - RS,Rio Grande do Sul,32861,Carpa,8.0
2024,4309951,Ibirapuitã - RS,Rio Grande do Sul,32877,Tilápia,1.3
2024,4310009,Ibirubá - RS,Rio Grande do Sul,32861,Carpa,22.0
2024,4310009,Ibirubá - RS,Rio Grande do Sul,32877,Tilápia,32.0
2024,4310009,Ibirubá - RS,Rio Grande do Sul,32881,Outros peixes,1.0
2024,4310108,Igrejinha - RS,Rio Grande do Sul,32861,Carpa,3.2
2024,4310108,Igrejinha - RS,Rio Grande do Sul,32877,Tilápia,4.0
2024,4310207,Ijuí - RS,Rio Grande do Sul,32861,Carpa,75.0
2024,4310207,Ijuí - RS,Rio Grande do Sul,32877,Tilápia,45.0
2024,4310306,Ilópolis - RS,Rio Grande do Sul,32861,Carpa,7.0
2024,4310306,Ilópolis - RS,Rio Grande do Sul,32868,Lambari,0.5
2024,4310306,Ilópolis - RS,Rio Grande do Sul,32877,Tilápia,0.5
2024,4310306,Ilópolis - RS,Rio Grande do Sul,32878,Traíra e trairão,0.5
2024,4310306,Ilópolis - RS,Rio Grande do Sul,32881,Outros peixes,0.5
2024,4310330,Imbé - RS,Rio Grande do Sul,32877,Tilápia,70.0
2024,4310363,Imigrante - RS,Rio Grande do Sul,32861,Carpa,10.0
2024,4310363,Imigrante - RS,Rio Grande do Sul,32877,Tilápia,2.0
2024,4310405,Independência - RS,Rio Grande do Sul,32861,Carpa,74.0
2024,4310405,Independência - RS,Rio Grande do Sul,32877,Tilápia,170.0
2024,4310405,Independência - RS,Rio Grande do Sul,32878,Traíra e trairão,3.296
2024,4310413,Inhacorá - RS,Rio Grande do Sul,32861,Carpa,2.0
2024,4310413,Inhacorá - RS,Rio Grande do Sul,32877,Tilápia,3.5
2024,4310462,Ipiranga do Sul - RS,Rio Grande do Sul,32861,Carpa,7.6
2024,4310462,Ipiranga do Sul - RS,Rio Grande do Sul,32877,Tilápia,9.5
2024,4310504,Iraí - RS,Rio Grande do Sul,32861,Carpa,4.0
2024,4310538,Itaara - RS,Rio Grande do Sul,32861,Carpa,1.1
2024,4310553,Itacurubi - RS,Rio Grande do Sul,32861,Carpa,2.45
2024,4310579,Itapuca - RS,Rio Grande do Sul,32861,Carpa,0.55
2024,4310579,Itapuca - RS,Rio Grande do Sul,32868,Lambari,0.4
2024,4310579,Itapuca - RS,Rio Grande do Sul,32877,Tilápia,1.0
2024,4310579,Itapuca - RS,Rio Grande do Sul,32878,Traíra e trairão,0.65
2024,4310579,Itapuca - RS,Rio Grande do Sul,32881,Outros peixes,0.3
2024,4310603,Itaqui - RS,Rio Grande do Sul,32861,Carpa,1.8
2024,4310652,Itati - RS,Rio Grande do Sul,32861,Carpa,0.83
2024,4310652,Itati - RS,Rio Grande do Sul,32870,Pacu e patinga,0.46
2024,4310652,Itati - RS,Rio Grande do Sul,32877,Tilápia,1.14
2024,4310652,Itati - RS,Rio Grande do Sul,32878,Traíra e trairão,0.65
2024,4310652,Itati - RS,Rio Grande do Sul,32881,Outros peixes,1.1
2024,4310702,Itatiba do Sul - RS,Rio Grande do Sul,32861,Carpa,13.0
2024,4310702,Itatiba do Sul - RS,Rio Grande do Sul,32866,Dourado,0.18
2024,4310702,Itatiba do Sul - RS,Rio Grande do Sul,32877,Tilápia,10.0
2024,4310702,Itatiba do Sul - RS,Rio Grande do Sul,32878,Traíra e trairão,0.3
2024,4310702,Itatiba do Sul - RS,Rio Grande do Sul,32881,Outros peixes,0.7
2024,4310751,Ivorá - RS,Rio Grande do Sul,32861,Carpa,11.0
2024,4310751,Ivorá - RS,Rio Grande do Sul,32878,Traíra e trairão,1.8
2024,4310751,Ivorá - RS,Rio Grande do Sul,32881,Outros peixes,0.1
2024,4310801,Ivoti - RS,Rio Grande do Sul,32861,Carpa,5.2
2024,4310801,Ivoti - RS,Rio Grande do Sul,32877,Tilápia,3.15
2024,4310850,Jaboticaba - RS,Rio Grande do Sul,32861,Carpa,11.5
2024,4310850,Jaboticaba - RS,Rio Grande do Sul,32868,Lambari,0.1
2024,4310850,Jaboticaba - RS,Rio Grande do Sul,32870,Pacu e patinga,0.1
2024,4310850,Jaboticaba - RS,Rio Grande do Sul,32871,"Piau, piapara, piauçu, piava",0.05
2024,4310850,Jaboticaba - RS,Rio Grande do Sul,32877,Tilápia,0.425
2024,4310850,Jaboticaba - RS,Rio Grande do Sul,32878,Traíra e trairão,0.12
2024,4310850,Jaboticaba - RS,Rio Grande do Sul,32881,Outros peixes,0.75
2024,4310876,Jacuizinho - RS,Rio Grande do Sul,32861,Carpa,22.0
2024,4310876,Jacuizinho - RS,Rio Grande do Sul,32881,Outros peixes,0.9
2024,4310900,Jacutinga - RS,Rio Grande do Sul,32861,Carpa,20.0
2024,4310900,Jacutinga - RS,Rio Grande do Sul,32868,Lambari,2.5
2024,4310900,Jacutinga - RS,Rio Grande do Sul,32877,Tilápia,15.8
2024,4310900,Jacutinga - RS,Rio Grande do Sul,32878,Traíra e trairão,0.89
2024,4310900,Jacutinga - RS,Rio Grande do Sul,32881,Outros peixes,4.3
2024,4311106,Jaguari - RS,Rio Grande do Sul,32861,Carpa,19.5
2024,4311106,Jaguari - RS,Rio Grande do Sul,32877,Tilápia,7.8
2024,4311122,Jaquirana - RS,Rio Grande do Sul,32861,Carpa,1.1
2024,4311122,Jaquirana - RS,Rio Grande do Sul,32881,Outros peixes,0.35
2024,4311130,Jari - RS,Rio Grande do Sul,32861,Carpa,0.9
2024,4311130,Jari - RS,Rio Grande do Sul,32877,Tilápia,0.9
2024,4311155,Jóia - RS,Rio Grande do Sul,32861,Carpa,3.9
2024,4311155,Jóia - RS,Rio Grande do Sul,32877,Tilápia,0.55
2024,4311155,Jóia - RS,Rio Grande do Sul,32881,Outros peixes,0.45
2024,4311205,Júlio de Castilhos - RS,Rio Grande do Sul,32861,Carpa,22.0
2024,4311205,Júlio de Castilhos - RS,Rio Grande do Sul,32878,Traíra e trairão,1.1
2024,4311205,Júlio de Castilhos - RS,Rio Grande do Sul,32881,Outros peixes,1.1
2024,4311239,Lagoa Bonita do Sul - RS,Rio Grande do Sul,32861,Carpa,4.0
2024,4311239,Lagoa Bonita do Sul - RS,Rio Grande do Sul,32877,Tilápia,1.1
2024,4311254,Lagoão - RS,Rio Grande do Sul,32861,Carpa,8.0
2024,4311270,Lagoa dos Três Cantos - RS,Rio Grande do Sul,32861,Carpa,12.5
2024,4311270,Lagoa dos Três Cantos - RS,Rio Grande do Sul,32877,Tilápia,11.0
2024,4311270,Lagoa dos Três Cantos - RS,Rio Grande do Sul,32878,Traíra e trairão,0.9
2024,4311304,Lagoa Vermelha - RS,Rio Grande do Sul,32861,Carpa,4.0
2024,4311304,Lagoa Vermelha - RS,Rio Grande do Sul,32877,Tilápia,16.0
2024,4311403,Lajeado - RS,Rio Grande do Sul,32861,Carpa,5.0
2024,4311429,Lajeado do Bugre - RS,Rio Grande do Sul,32861,Carpa,24.125
2024,4311429,Lajeado do Bugre - RS,Rio Grande do Sul,32868,Lambari,0.092
2024,4311429,Lajeado do Bugre - RS,Rio Grande do Sul,32870,Pacu e patinga,0.065
2024,4311429,Lajeado do Bugre - RS,Rio Grande do Sul,32871,"Piau, piapara, piauçu, piava",0.042
2024,4311429,Lajeado do Bugre - RS,Rio Grande do Sul,32877,Tilápia,0.07
2024,4311429,Lajeado do Bugre - RS,Rio Grande do Sul,32878,Traíra e trairão,1.2
2024,4311429,Lajeado do Bugre - RS,Rio Grande do Sul,32881,Outros peixes,1.65
2024,4311601,Liberato Salzano - RS,Rio Grande do Sul,32861,Carpa,20.75
2024,4311601,Liberato Salzano - RS,Rio Grande do Sul,32866,Dourado,0.525
2024,4311601,Liberato Salzano - RS,Rio Grande do Sul,32868,Lambari,0.1
2024,4311601,Liberato Salzano - RS,Rio Grande do Sul,32870,Pacu e patinga,1.2
2024,4311601,Liberato Salzano - RS,Rio Grande do Sul,32871,"Piau, piapara, piauçu, piava",1.0
2024,4311601,Liberato Salzano - RS,Rio Grande do Sul,32877,Tilápia,5.85
2024,4311601,Liberato Salzano - RS,Rio Grande do Sul,32878,Traíra e trairão,1.625
2024,4311601,Liberato Salzano - RS,Rio Grande do Sul,32881,Outros peixes,2.28
2024,4311627,Lindolfo Collor - RS,Rio Grande do Sul,32861,Carpa,5.625
2024,4311627,Lindolfo Collor - RS,Rio Grande do Sul,32877,Tilápia,9.0
2024,4311643,Linha Nova - RS,Rio Grande do Sul,32861,Carpa,2.3
2024,4311643,Linha Nova - RS,Rio Grande do Sul,32877,Tilápia,1.25
2024,4311643,Linha Nova - RS,Rio Grande do Sul,32878,Traíra e trairão,0.15
2024,4311643,Linha Nova - RS,Rio Grande do Sul,32881,Outros peixes,0.19
2024,4311700,Machadinho - RS,Rio Grande do Sul,32861,Carpa,3.75
2024,4311700,Machadinho - RS,Rio Grande do Sul,32877,Tilápia,42.0
2024,4311700,Machadinho - RS,Rio Grande do Sul,32881,Outros peixes,0.1
2024,4311734,Mampituba - RS,Rio Grande do Sul,32861,Carpa,7.9
2024,4311734,Mampituba - RS,Rio Grande do Sul,32877,Tilápia,4.83
2024,4311734,Mampituba - RS,Rio Grande do Sul,32878,Traíra e trairão,0.265
2024,4311759,Manoel Viana - RS,Rio Grande do Sul,32861,Carpa,0.3
2024,4311759,Manoel Viana - RS,Rio Grande do Sul,32877,Tilápia,0.7
2024,4311775,Maquiné - RS,Rio Grande do Sul,32861,Carpa,1.88
2024,4311775,Maquiné - RS,Rio Grande do Sul,32877,Tilápia,2.35
2024,4311775,Maquiné - RS,Rio Grande do Sul,32881,Outros peixes,0.385
2024,4311791,Maratá - RS,Rio Grande do Sul,32861,Carpa,2.0
2024,4311809,Marau - RS,Rio Grande do Sul,32861,Carpa,13.0
2024,4311809,Marau - RS,Rio Grande do Sul,32877,Tilápia,5.5
2024,4311809,Marau - RS,Rio Grande do Sul,32881,Outros peixes,1.1
2024,4311908,Marcelino Ramos - RS,Rio Grande do Sul,32861,Carpa,15.15
2024,4311908,Marcelino Ramos - RS,Rio Grande do Sul,32865,"Curimatã, curimbatá",0.06
2024,4311908,Marcelino Ramos - RS,Rio Grande do Sul,32866,Dourado,0.045
2024,4311908,Marcelino Ramos - RS,Rio Grande do Sul,32870,Pacu e patinga,0.28
2024,4311908,Marcelino Ramos - RS,Rio Grande do Sul,32872,"Pintado, cachara, cachapira e pintachara, surubim",0.21
2024,4311908,Marcelino Ramos - RS,Rio Grande do Sul,32877,Tilápia,15.6
2024,4311908,Marcelino Ramos - RS,Rio Grande do Sul,32878,Traíra e trairão,0.23
2024,4311981,Mariana Pimentel - RS,Rio Grande do Sul,32861,Carpa,4.8
2024,4311981,Mariana Pimentel - RS,Rio Grande do Sul,32870,Pacu e patinga,1.39
2024,4311981,Mariana Pimentel - RS,Rio Grande do Sul,32877,Tilápia,1.4
2024,4311981,Mariana Pimentel - RS,Rio Grande do Sul,32878,Traíra e trairão,0.21
2024,4311981,Mariana Pimentel - RS,Rio Grande do Sul,32881,Outros peixes,0.19
2024,4312005,Mariano Moro - RS,Rio Grande do Sul,32861,Carpa,10.0
2024,4312005,Mariano Moro - RS,Rio Grande do Sul,32868,Lambari,4.2
2024,4312005,Mariano Moro - RS,Rio Grande do Sul,32872,"Pintado, cachara, cachapira e pintachara, surubim",0.35
2024,4312005,Mariano Moro - RS,Rio Grande do Sul,32877,Tilápia,15.0
2024,4312005,Mariano Moro - RS,Rio Grande do Sul,32878,Traíra e trairão,0.5
2024,4312005,Mariano Moro - RS,Rio Grande do Sul,32881,Outros peixes,3.0
2024,4312054,Marques de Souza - RS,Rio Grande do Sul,32861,Carpa,8.0
2024,4312054,Marques de Souza - RS,Rio Grande do Sul,32877,Tilápia,0.48
2024,4312104,Mata - RS,Rio Grande do Sul,32861,Carpa,2.0
2024,4312138,Mato Castelhano - RS,Rio Grande do Sul,32861,Carpa,5.0
2024,4312138,Mato Castelhano - RS,Rio Grande do Sul,32868,Lambari,0.3
2024,4312138,Mato Castelhano - RS,Rio Grande do Sul,32877,Tilápia,3.5
2024,4312138,Mato Castelhano - RS,Rio Grande do Sul,32878,Traíra e trairão,1.4
2024,4312138,Mato Castelhano - RS,Rio Grande do Sul,32881,Outros peixes,1.0
2024,4312153,Mato Leitão - RS,Rio Grande do Sul,32861,Carpa,25.0
2024,4312153,Mato Leitão - RS,Rio Grande do Sul,32877,Tilápia,3.0
2024,4312179,Mato Queimado - RS,Rio Grande do Sul,32861,Carpa,25.0
2024,4312179,Mato Queimado - RS,Rio Grande do Sul,32877,Tilápia,3.0
2024,4312179,Mato Queimado - RS,Rio Grande do Sul,32878,Traíra e trairão,0.4
2024,4312203,Maximiliano de Almeida - RS,Rio Grande do Sul,32861,Carpa,2.1
2024,4312203,Maximiliano de Almeida - RS,Rio Grande do Sul,32877,Tilápia,2.6
2024,4312252,Minas do Leão - RS,Rio Grande do Sul,32861,Carpa,1.0
2024,4312252,Minas do Leão - RS,Rio Grande do Sul,32877,Tilápia,0.25
2024,4312302,Miraguaí - RS,Rio Grande do Sul,32861,Carpa,4.985
2024,4312302,Miraguaí - RS,Rio Grande do Sul,32868,Lambari,0.132
2024,4312302,Miraguaí - RS,Rio Grande do Sul,32870,Pacu e patinga,0.13
2024,4312302,Miraguaí - RS,Rio Grande do Sul,32871,"Piau, piapara, piauçu, piava",0.08
2024,4312302,Miraguaí - RS,Rio Grande do Sul,32877,Tilápia,0.168
2024,4312302,Miraguaí - RS,Rio Grande do Sul,32878,Traíra e trairão,0.275
2024,4312302,Miraguaí - RS,Rio Grande do Sul,32881,Outros peixes,0.81
2024,4312351,Montauri - RS,Rio Grande do Sul,32861,Carpa,1.0
2024,4312351,Montauri - RS,Rio Grande do Sul,32877,Tilápia,0.7
2024,4312351,Montauri - RS,Rio Grande do Sul,32878,Traíra e trairão,0.3
2024,4312351,Montauri - RS,Rio Grande do Sul,32881,Outros peixes,1.0
2024,4312385,Monte Belo do Sul - RS,Rio Grande do Sul,32861,Carpa,2.15
2024,4312385,Monte Belo do Sul - RS,Rio Grande do Sul,32877,Tilápia,1.0
2024,4312385,Monte Belo do Sul - RS,Rio Grande do Sul,32881,Outros peixes,0.38
2024,4312401,Montenegro - RS,Rio Grande do Sul,32861,Carpa,11.285
2024,4312401,Montenegro - RS,Rio Grande do Sul,32872,"Pintado, cachara, cachapira e pintachara, surubim",0.15
2024,4312401,Montenegro - RS,Rio Grande do Sul,32877,Tilápia,4.115
2024,4312401,Montenegro - RS,Rio Grande do Sul,32878,Traíra e trairão,0.02
2024,4312401,Montenegro - RS,Rio Grande do Sul,32881,Outros peixes,0.29
2024,4312427,Mormaço - RS,Rio Grande do Sul,32861,Carpa,5.5
2024,4312427,Mormaço - RS,Rio Grande do Sul,32877,Tilápia,0.25
2024,4312427,Mormaço - RS,Rio Grande do Sul,32878,Traíra e trairão,0.3
2024,4312427,Mormaço - RS,Rio Grande do Sul,32881,Outros peixes,0.9
2024,4312443,Morrinhos do Sul - RS,Rio Grande do Sul,32861,Carpa,0.108
2024,4312443,Morrinhos do Sul - RS,Rio Grande do Sul,32877,Tilápia,0.13
2024,4312450,Morro Redondo - RS,Rio Grande do Sul,32861,Carpa,15.0
2024,4312450,Morro Redondo - RS,Rio Grande do Sul,32877,Tilápia,5.0
2024,4312450,Morro Redondo - RS,Rio Grande do Sul,32881,Outros peixes,5.0
2024,4312476,Morro Reuter - RS,Rio Grande do Sul,32861,Carpa,33.108
2024,4312476,Morro Reuter - RS,Rio Grande do Sul,32877,Tilápia,6.056
2024,4312476,Morro Reuter - RS,Rio Grande do Sul,32881,Outros peixes,1.21
2024,4312609,Muçum - RS,Rio Grande do Sul,32861,Carpa,5.0
2024,4312625,Muliterno - RS,Rio Grande do Sul,32861,Carpa,3.0
2024,4312625,Muliterno - RS,Rio Grande do Sul,32878,Traíra e trairão,0.2
2024,4312625,Muliterno - RS,Rio Grande do Sul,32881,Outros peixes,0.3
2024,4312658,Não-Me-Toque - RS,Rio Grande do Sul,32861,Carpa,2.0
2024,4312658,Não-Me-Toque - RS,Rio Grande do Sul,32870,Pacu e patinga,0.5
2024,4312658,Não-Me-Toque - RS,Rio Grande do Sul,32877,Tilápia,2.63
2024,4312658,Não-Me-Toque - RS,Rio Grande do Sul,32881,Outros peixes,0.98
2024,4312674,Nicolau Vergueiro - RS,Rio Grande do Sul,32861,Carpa,2.8
2024,4312674,Nicolau Vergueiro - RS,Rio Grande do Sul,32877,Tilápia,3.8
2024,4312708,Nonoai - RS,Rio Grande do Sul,32861,Carpa,11.5
2024,4312708,Nonoai - RS,Rio Grande do Sul,32877,Tilápia,15.8
2024,4312757,Nova Alvorada - RS,Rio Grande do Sul,32861,Carpa,1.6
2024,4312757,Nova Alvorada - RS,Rio Grande do Sul,32868,Lambari,0.3
2024,4312757,Nova Alvorada - RS,Rio Grande do Sul,32877,Tilápia,0.3
2024,4312757,Nova Alvorada - RS,Rio Grande do Sul,32878,Traíra e trairão,0.3
2024,4312757,Nova Alvorada - RS,Rio Grande do Sul,32881,Outros peixes,1.2
2024,4312807,Nova Araçá - RS,Rio Grande do Sul,32861,Carpa,1.1
2024,4312807,Nova Araçá - RS,Rio Grande do Sul,32868,Lambari,0.2
2024,4312807,Nova Araçá - RS,Rio Grande do Sul,32877,Tilápia,0.3
2024,4312807,Nova Araçá - RS,Rio Grande do Sul,32878,Traíra e trairão,0.02
2024,4312807,Nova Araçá - RS,Rio Grande do Sul,32881,Outros peixes,0.5
2024,4312906,Nova Bassano - RS,Rio Grande do Sul,32861,Carpa,3.0
2024,4312906,Nova Bassano - RS,Rio Grande do Sul,32868,Lambari,0.3
2024,4312906,Nova Bassano - RS,Rio Grande do Sul,32877,Tilápia,2.0
2024,4312906,Nova Bassano - RS,Rio Grande do Sul,32878,Traíra e trairão,0.5
2024,4312906,Nova Bassano - RS,Rio Grande do Sul,32881,Outros peixes,3.0
2024,4312955,Nova Boa Vista - RS,Rio Grande do Sul,32861,Carpa,13.0
2024,4312955,Nova Boa Vista - RS,Rio Grande do Sul,32877,Tilápia,57.6
2024,4312955,Nova Boa Vista - RS,Rio Grande do Sul,32881,Outros peixes,0.78
2024,4313003,Nova Bréscia - RS,Rio Grande do Sul,32861,Carpa,7.0
2024,4313011,Nova Candelária - RS,Rio Grande do Sul,32861,Carpa,14.78
2024,4313011,Nova Candelária - RS,Rio Grande do Sul,32870,Pacu e patinga,0.36
2024,4313011,Nova Candelária - RS,Rio Grande do Sul,32877,Tilápia,24.947
2024,4313011,Nova Candelária - RS,Rio Grande do Sul,32878,Traíra e trairão,0.338
2024,4313037,Nova Esperança do Sul - RS,Rio Grande do Sul,32861,Carpa,3.95
2024,4313037,Nova Esperança do Sul - RS,Rio Grande do Sul,32877,Tilápia,0.195
2024,4313037,Nova Esperança do Sul - RS,Rio Grande do Sul,32878,Traíra e trairão,0.155
2024,4313060,Nova Hartz - RS,Rio Grande do Sul,32861,Carpa,11.4
2024,4313060,Nova Hartz - RS,Rio Grande do Sul,32877,Tilápia,6.8
2024,4313060,Nova Hartz - RS,Rio Grande do Sul,32881,Outros peixes,2.28
2024,4313086,Nova Pádua - RS,Rio Grande do Sul,32861,Carpa,3.122
2024,4313086,Nova Pádua - RS,Rio Grande do Sul,32868,Lambari,0.65
2024,4313086,Nova Pádua - RS,Rio Grande do Sul,32878,Traíra e trairão,0.35
2024,4313086,Nova Pádua - RS,Rio Grande do Sul,32881,Outros peixes,1.9
2024,4313102,Nova Palma - RS,Rio Grande do Sul,32861,Carpa,19.0
2024,4313102,Nova Palma - RS,Rio Grande do Sul,32878,Traíra e trairão,1.0
2024,4313201,Nova Petrópolis - RS,Rio Grande do Sul,32861,Carpa,2.0
2024,4313201,Nova Petrópolis - RS,Rio Grande do Sul,32877,Tilápia,1.02
2024,4313201,Nova Petrópolis - RS,Rio Grande do Sul,32881,Outros peixes,0.13
2024,4313300,Nova Prata - RS,Rio Grande do Sul,32861,Carpa,2.5
2024,4313300,Nova Prata - RS,Rio Grande do Sul,32868,Lambari,0.3
2024,4313300,Nova Prata - RS,Rio Grande do Sul,32877,Tilápia,1.0
2024,4313300,Nova Prata - RS,Rio Grande do Sul,32878,Traíra e trairão,0.5
2024,4313300,Nova Prata - RS,Rio Grande do Sul,32881,Outros peixes,0.7
2024,4313334,Nova Ramada - RS,Rio Grande do Sul,32861,Carpa,55.0
2024,4313334,Nova Ramada - RS,Rio Grande do Sul,32877,Tilápia,35.0
2024,4313359,Nova Roma do Sul - RS,Rio Grande do Sul,32861,Carpa,4.3
2024,4313359,Nova Roma do Sul - RS,Rio Grande do Sul,32868,Lambari,0.28
2024,4313359,Nova Roma do Sul - RS,Rio Grande do Sul,32877,Tilápia,0.41
2024,4313359,Nova Roma do Sul - RS,Rio Grande do Sul,32878,Traíra e trairão,0.2
2024,4313359,Nova Roma do Sul - RS,Rio Grande do Sul,32881,Outros peixes,1.2
2024,4313375,Nova Santa Rita - RS,Rio Grande do Sul,32861,Carpa,8.0
2024,4313391,Novo Cabrais - RS,Rio Grande do Sul,32861,Carpa,10.0
2024,4313391,Novo Cabrais - RS,Rio Grande do Sul,32877,Tilápia,5.0
2024,4313409,Novo Hamburgo - RS,Rio Grande do Sul,32861,Carpa,38.0
2024,4313409,Novo Hamburgo - RS,Rio Grande do Sul,32877,Tilápia,9.0
2024,4313409,Novo Hamburgo - RS,Rio Grande do Sul,32878,Traíra e trairão,1.6
2024,4313409,Novo Hamburgo - RS,Rio Grande do Sul,32881,Outros peixes,0.75
2024,4313425,Novo Machado - RS,Rio Grande do Sul,32861,Carpa,13.5
2024,4313425,Novo Machado - RS,Rio Grande do Sul,32870,Pacu e patinga,0.19
2024,4313425,Novo Machado - RS,Rio Grande do Sul,32877,Tilápia,62.4
2024,4313441,Novo Tiradentes - RS,Rio Grande do Sul,32861,Carpa,0.8
2024,4313441,Novo Tiradentes - RS,Rio Grande do Sul,32868,Lambari,0.06
2024,4313441,Novo Tiradentes - RS,Rio Grande do Sul,32870,Pacu e patinga,0.052
2024,4313441,Novo Tiradentes - RS,Rio Grande do Sul,32871,"Piau, piapara, piauçu, piava",0.062
2024,4313441,Novo Tiradentes - RS,Rio Grande do Sul,32877,Tilápia,0.06
2024,4313441,Novo Tiradentes - RS,Rio Grande do Sul,32878,Traíra e trairão,0.1
2024,4313441,Novo Tiradentes - RS,Rio Grande do Sul,32881,Outros peixes,0.21
2024,4313466,Novo Xingu - RS,Rio Grande do Sul,32861,Carpa,10.2
2024,4313466,Novo Xingu - RS,Rio Grande do Sul,32877,Tilápia,9.2
2024,4313466,Novo Xingu - RS,Rio Grande do Sul,32878,Traíra e trairão,0.5
2024,4313466,Novo Xingu - RS,Rio Grande do Sul,32881,Outros peixes,0.205
2024,4313490,Novo Barreiro - RS,Rio Grande do Sul,32861,Carpa,4.0
2024,4313490,Novo Barreiro - RS,Rio Grande do Sul,32868,Lambari,0.23
2024,4313490,Novo Barreiro - RS,Rio Grande do Sul,32870,Pacu e patinga,0.18
2024,4313490,Novo Barreiro - RS,Rio Grande do Sul,32871,"Piau, piapara, piauçu, piava",0.07
2024,4313490,Novo Barreiro - RS,Rio Grande do Sul,32877,Tilápia,2.0
2024,4313490,Novo Barreiro - RS,Rio Grande do Sul,32878,Traíra e trairão,0.25
2024,4313490,Novo Barreiro - RS,Rio Grande do Sul,32881,Outros peixes,0.22
2024,4313508,Osório - RS,Rio Grande do Sul,32861,Carpa,2.0
2024,4313508,Osório - RS,Rio Grande do Sul,32877,Tilápia,4.0
2024,4313607,Paim Filho - RS,Rio Grande do Sul,32861,Carpa,24.0
2024,4313607,Paim Filho - RS,Rio Grande do Sul,32868,Lambari,0.9
2024,4313607,Paim Filho - RS,Rio Grande do Sul,32877,Tilápia,24.0
2024,4313656,Palmares do Sul - RS,Rio Grande do Sul,32877,Tilápia,0.04
2024,4313706,Palmeira das Missões - RS,Rio Grande do Sul,32861,Carpa,7.25
2024,4313706,Palmeira das Missões - RS,Rio Grande do Sul,32868,Lambari,0.575
2024,4313706,Palmeira das Missões - RS,Rio Grande do Sul,32870,Pacu e patinga,0.245
2024,4313706,Palmeira das Missões - RS,Rio Grande do Sul,32871,"Piau, piapara, piauçu, piava",0.085
2024,4313706,Palmeira das Missões - RS,Rio Grande do Sul,32877,Tilápia,1.212
2024,4313706,Palmeira das Missões - RS,Rio Grande do Sul,32878,Traíra e trairão,1.5
2024,4313706,Palmeira das Missões - RS,Rio Grande do Sul,32881,Outros peixes,2.45
2024,4313805,Palmitinho - RS,Rio Grande do Sul,32861,Carpa,10.0
2024,4313805,Palmitinho - RS,Rio Grande do Sul,32877,Tilápia,10.0
2024,4313904,Panambi - RS,Rio Grande do Sul,32861,Carpa,130.0
2024,4313904,Panambi - RS,Rio Grande do Sul,32877,Tilápia,12.0
2024,4313904,Panambi - RS,Rio Grande do Sul,32878,Traíra e trairão,4.75
2024,4313904,Panambi - RS,Rio Grande do Sul,32881,Outros peixes,4.0
2024,4313953,Pantano Grande - RS,Rio Grande do Sul,32861,Carpa,3.9
2024,4313953,Pantano Grande - RS,Rio Grande do Sul,32878,Traíra e trairão,0.65
2024,4314001,Paraí - RS,Rio Grande do Sul,32861,Carpa,2.3
2024,4314001,Paraí - RS,Rio Grande do Sul,32868,Lambari,0.03
2024,4314001,Paraí - RS,Rio Grande do Sul,32877,Tilápia,0.2
2024,4314001,Paraí - RS,Rio Grande do Sul,32881,Outros peixes,0.1
2024,4314027,Paraíso do Sul - RS,Rio Grande do Sul,32861,Carpa,7.0
2024,4314027,Paraíso do Sul - RS,Rio Grande do Sul,32877,Tilápia,2.0
2024,4314050,Parobé - RS,Rio Grande do Sul,32861,Carpa,6.0
2024,4314050,Parobé - RS,Rio Grande do Sul,32877,Tilápia,12.5
2024,4314050,Parobé - RS,Rio Grande do Sul,32878,Traíra e trairão,0.35
2024,4314050,Parobé - RS,Rio Grande do Sul,32881,Outros peixes,2.0
2024,4314068,Passa Sete - RS,Rio Grande do Sul,32861,Carpa,6.0
2024,4314076,Passo do Sobrado - RS,Rio Grande do Sul,32861,Carpa,11.0
2024,4314076,Passo do Sobrado - RS,Rio Grande do Sul,32877,Tilápia,0.5
2024,4314076,Passo do Sobrado - RS,Rio Grande do Sul,32878,Traíra e trairão,0.36
2024,4314100,Passo Fundo - RS,Rio Grande do Sul,32861,Carpa,1.4
2024,4314134,Paulo Bento - RS,Rio Grande do Sul,32861,Carpa,22.0
2024,4314134,Paulo Bento - RS,Rio Grande do Sul,32877,Tilápia,27.0
2024,4314134,Paulo Bento - RS,Rio Grande do Sul,32881,Outros peixes,3.2
2024,4314159,Paverama - RS,Rio Grande do Sul,32861,Carpa,5.2
2024,4314175,Pedras Altas - RS,Rio Grande do Sul,32861,Carpa,3.7
2024,4314175,Pedras Altas - RS,Rio Grande do Sul,32878,Traíra e trairão,4.0
2024,4314308,Pejuçara - RS,Rio Grande do Sul,32861,Carpa,1.8
2024,4314423,Picada Café - RS,Rio Grande do Sul,32861,Carpa,4.438
2024,4314423,Picada Café - RS,Rio Grande do Sul,32868,Lambari,0.125
2024,4314423,Picada Café - RS,Rio Grande do Sul,32870,Pacu e patinga,0.585
2024,4314423,Picada Café - RS,Rio Grande do Sul,32871,"Piau, piapara, piauçu, piava",0.4
2024,4314423,Picada Café - RS,Rio Grande do Sul,32877,Tilápia,2.8
2024,4314423,Picada Café - RS,Rio Grande do Sul,32878,Traíra e trairão,0.33
2024,4314423,Picada Café - RS,Rio Grande do Sul,32881,Outros peixes,0.845
2024,4314456,Pinhal - RS,Rio Grande do Sul,32861,Carpa,7.125
2024,4314456,Pinhal - RS,Rio Grande do Sul,32868,Lambari,0.125
2024,4314456,Pinhal - RS,Rio Grande do Sul,32870,Pacu e patinga,0.1
2024,4314456,Pinhal - RS,Rio Grande do Sul,32871,"Piau, piapara, piauçu, piava",0.065
2024,4314456,Pinhal - RS,Rio Grande do Sul,32877,Tilápia,0.172
2024,4314456,Pinhal - RS,Rio Grande do Sul,32878,Traíra e trairão,0.525
2024,4314456,Pinhal - RS,Rio Grande do Sul,32881,Outros peixes,0.5
2024,4314472,Pinhal Grande - RS,Rio Grande do Sul,32861,Carpa,15.0
2024,4314472,Pinhal Grande - RS,Rio Grande do Sul,32877,Tilápia,0.5
2024,4314472,Pinhal Grande - RS,Rio Grande do Sul,32878,Traíra e trairão,0.5
2024,4314472,Pinhal Grande - RS,Rio Grande do Sul,32881,Outros peixes,0.5
2024,4314498,Pinheirinho do Vale - RS,Rio Grande do Sul,32861,Carpa,2.0
2024,4314498,Pinheirinho do Vale - RS,Rio Grande do Sul,32870,Pacu e patinga,0.5
2024,4314506,Pinheiro Machado - RS,Rio Grande do Sul,32861,Carpa,0.3
2024,4314506,Pinheiro Machado - RS,Rio Grande do Sul,32878,Traíra e trairão,0.3
2024,4314548,Pinto Bandeira - RS,Rio Grande do Sul,32861,Carpa,2.3
2024,4314548,Pinto Bandeira - RS,Rio Grande do Sul,32877,Tilápia,1.01
2024,4314548,Pinto Bandeira - RS,Rio Grande do Sul,32881,Outros peixes,0.865
2024,4314555,Pirapó - RS,Rio Grande do Sul,32861,Carpa,6.1
2024,4314555,Pirapó - RS,Rio Grande do Sul,32870,Pacu e patinga,0.25
2024,4314555,Pirapó - RS,Rio Grande do Sul,32877,Tilápia,1.08
2024,4314605,Piratini - RS,Rio Grande do Sul,32861,Carpa,2.0
2024,4314605,Piratini - RS,Rio Grande do Sul,32878,Traíra e trairão,0.3
2024,4314605,Piratini - RS,Rio Grande do Sul,32881,Outros peixes,0.3
2024,4314704,Planalto - RS,Rio Grande do Sul,32861,Carpa,7.0
2024,4314704,Planalto - RS,Rio Grande do Sul,32877,Tilápia,4.5
2024,4314753,Poço das Antas - RS,Rio Grande do Sul,32861,Carpa,3.75
2024,4314753,Poço das Antas - RS,Rio Grande do Sul,32877,Tilápia,0.25
2024,4314753,Poço das Antas - RS,Rio Grande do Sul,32878,Traíra e trairão,0.625
2024,4314753,Poço das Antas - RS,Rio Grande do Sul,32881,Outros peixes,0.375
2024,4314779,Pontão - RS,Rio Grande do Sul,32861,Carpa,20.0
2024,4314779,Pontão - RS,Rio Grande do Sul,32877,Tilápia,3.0
2024,4314779,Pontão - RS,Rio Grande do Sul,32881,Outros peixes,0.45
2024,4314787,Ponte Preta - RS,Rio Grande do Sul,32861,Carpa,14.8
2024,4314787,Ponte Preta - RS,Rio Grande do Sul,32877,Tilápia,9.01
2024,4314787,Ponte Preta - RS,Rio Grande do Sul,32881,Outros peixes,0.81
2024,4314803,Portão - RS,Rio Grande do Sul,32861,Carpa,5.5
2024,4314803,Portão - RS,Rio Grande do Sul,32877,Tilápia,4.0
2024,4314902,Porto Alegre - RS,Rio Grande do Sul,32861,Carpa,8.1
2024,4314902,Porto Alegre - RS,Rio Grande do Sul,32877,Tilápia,46.0
2024,4315008,Porto Lucena - RS,Rio Grande do Sul,32861,Carpa,11.75
2024,4315008,Porto Lucena - RS,Rio Grande do Sul,32870,Pacu e patinga,0.48
2024,4315008,Porto Lucena - RS,Rio Grande do Sul,32877,Tilápia,34.0
2024,4315008,Porto Lucena - RS,Rio Grande do Sul,32878,Traíra e trairão,0.603
2024,4315057,Porto Mauá - RS,Rio Grande do Sul,32861,Carpa,22.8
2024,4315057,Porto Mauá - RS,Rio Grande do Sul,32870,Pacu e patinga,1.05
2024,4315057,Porto Mauá - RS,Rio Grande do Sul,32871,"Piau, piapara, piauçu, piava",1.02
2024,4315057,Porto Mauá - RS,Rio Grande do Sul,32877,Tilápia,42.0
2024,4315073,Porto Vera Cruz - RS,Rio Grande do Sul,32861,Carpa,2.8
2024,4315073,Porto Vera Cruz - RS,Rio Grande do Sul,32877,Tilápia,0.4
2024,4315107,Porto Xavier - RS,Rio Grande do Sul,32861,Carpa,14.917
2024,4315107,Porto Xavier - RS,Rio Grande do Sul,32877,Tilápia,5.106
2024,4315107,Porto Xavier - RS,Rio Grande do Sul,32878,Traíra e trairão,0.106
2024,4315131,Pouso Novo - RS,Rio Grande do Sul,32861,Carpa,13.0
2024,4315131,Pouso Novo - RS,Rio Grande do Sul,32881,Outros peixes,1.7
2024,4315149,Presidente Lucena - RS,Rio Grande do Sul,32861,Carpa,4.1
2024,4315149,Presidente Lucena - RS,Rio Grande do Sul,32877,Tilápia,3.15
2024,4315149,Presidente Lucena - RS,Rio Grande do Sul,32881,Outros peixes,0.81
2024,4315156,Progresso - RS,Rio Grande do Sul,32861,Carpa,4.0
2024,4315172,Protásio Alves - RS,Rio Grande do Sul,32861,Carpa,1.2
2024,4315172,Protásio Alves - RS,Rio Grande do Sul,32868,Lambari,0.5
2024,4315172,Protásio Alves - RS,Rio Grande do Sul,32877,Tilápia,0.9
2024,4315172,Protásio Alves - RS,Rio Grande do Sul,32878,Traíra e trairão,0.7
2024,4315172,Protásio Alves - RS,Rio Grande do Sul,32881,Outros peixes,0.7
2024,4315206,Putinga - RS,Rio Grande do Sul,32861,Carpa,1.16
2024,4315206,Putinga - RS,Rio Grande do Sul,32868,Lambari,0.085
2024,4315206,Putinga - RS,Rio Grande do Sul,32877,Tilápia,0.17
2024,4315206,Putinga - RS,Rio Grande do Sul,32881,Outros peixes,0.7
2024,4315313,Quatro Irmãos - RS,Rio Grande do Sul,32861,Carpa,8.6
2024,4315313,Quatro Irmãos - RS,Rio Grande do Sul,32868,Lambari,0.7
2024,4315313,Quatro Irmãos - RS,Rio Grande do Sul,32877,Tilápia,2.8
2024,4315313,Quatro Irmãos - RS,Rio Grande do Sul,32878,Traíra e trairão,1.0
2024,4315321,Quevedos - RS,Rio Grande do Sul,32861,Carpa,1.5
2024,4315321,Quevedos - RS,Rio Grande do Sul,32878,Traíra e trairão,0.55
2024,4315321,Quevedos - RS,Rio Grande do Sul,32881,Outros peixes,0.35
2024,4315354,Quinze de Novembro - RS,Rio Grande do Sul,32861,Carpa,7.5
2024,4315404,Redentora - RS,Rio Grande do Sul,32861,Carpa,2.55
2024,4315404,Redentora - RS,Rio Grande do Sul,32868,Lambari,0.042
2024,4315404,Redentora - RS,Rio Grande do Sul,32870,Pacu e patinga,0.022
2024,4315404,Redentora - RS,Rio Grande do Sul,32871,"Piau, piapara, piauçu, piava",0.015
2024,4315404,Redentora - RS,Rio Grande do Sul,32877,Tilápia,0.135
2024,4315404,Redentora - RS,Rio Grande do Sul,32878,Traíra e trairão,0.042
2024,4315404,Redentora - RS,Rio Grande do Sul,32881,Outros peixes,0.155
2024,4315453,Relvado - RS,Rio Grande do Sul,32861,Carpa,20.0
2024,4315453,Relvado - RS,Rio Grande do Sul,32868,Lambari,1.0
2024,4315453,Relvado - RS,Rio Grande do Sul,32877,Tilápia,5.0
2024,4315453,Relvado - RS,Rio Grande do Sul,32881,Outros peixes,2.5
2024,4315503,Restinga Sêca - RS,Rio Grande do Sul,32861,Carpa,6.5
2024,4315503,Restinga Sêca - RS,Rio Grande do Sul,32877,Tilápia,0.75
2024,4315503,Restinga Sêca - RS,Rio Grande do Sul,32878,Traíra e trairão,0.9
2024,4315503,Restinga Sêca - RS,Rio Grande do Sul,32881,Outros peixes,1.1
2024,4315552,Rio dos Índios - RS,Rio Grande do Sul,32861,Carpa,25.4
2024,4315552,Rio dos Índios - RS,Rio Grande do Sul,32866,Dourado,0.25
2024,4315552,Rio dos Índios - RS,Rio Grande do Sul,32877,Tilápia,70.0
2024,4315552,Rio dos Índios - RS,Rio Grande do Sul,32881,Outros peixes,5.6
2024,4315701,Rio Pardo - RS,Rio Grande do Sul,32861,Carpa,2.96
2024,4315701,Rio Pardo - RS,Rio Grande do Sul,32877,Tilápia,1.6
2024,4315750,Riozinho - RS,Rio Grande do Sul,32861,Carpa,0.7
2024,4315750,Riozinho - RS,Rio Grande do Sul,32877,Tilápia,0.25
2024,4315750,Riozinho - RS,Rio Grande do Sul,32878,Traíra e trairão,0.08
2024,4315750,Riozinho - RS,Rio Grande do Sul,32881,Outros peixes,0.1
2024,4315800,Roca Sales - RS,Rio Grande do Sul,32861,Carpa,55.0
2024,4315800,Roca Sales - RS,Rio Grande do Sul,32877,Tilápia,55.0
2024,4315909,Rodeio Bonito - RS,Rio Grande do Sul,32861,Carpa,9.5
2024,4315909,Rodeio Bonito - RS,Rio Grande do Sul,32877,Tilápia,32.0
2024,4315958,Rolador - RS,Rio Grande do Sul,32861,Carpa,20.0
2024,4315958,Rolador - RS,Rio Grande do Sul,32877,Tilápia,0.5
2024,4316006,Rolante - RS,Rio Grande do Sul,32861,Carpa,12.0
2024,4316006,Rolante - RS,Rio Grande do Sul,32875,"Tambacu, tambatinga",0.48
2024,4316006,Rolante - RS,Rio Grande do Sul,32877,Tilápia,44.8
2024,4316006,Rolante - RS,Rio Grande do Sul,32878,Traíra e trairão,1.2
2024,4316006,Rolante - RS,Rio Grande do Sul,32881,Outros peixes,1.6
2024,4316105,Ronda Alta - RS,Rio Grande do Sul,32861,Carpa,3.85
2024,4316105,Ronda Alta - RS,Rio Grande do Sul,32877,Tilápia,44.5
2024,4316105,Ronda Alta - RS,Rio Grande do Sul,32881,Outros peixes,0.3
2024,4316204,Rondinha - RS,Rio Grande do Sul,32861,Carpa,9.0
2024,4316204,Rondinha - RS,Rio Grande do Sul,32877,Tilápia,12.0
2024,4316204,Rondinha - RS,Rio Grande do Sul,32881,Outros peixes,0.6
2024,4316303,Roque Gonzales - RS,Rio Grande do Sul,32861,Carpa,11.8
2024,4316303,Roque Gonzales - RS,Rio Grande do Sul,32870,Pacu e patinga,0.255
2024,4316303,Roque Gonzales - RS,Rio Grande do Sul,32877,Tilápia,3.05
2024,4316402,Rosário do Sul - RS,Rio Grande do Sul,32861,Carpa,6.0
2024,4316402,Rosário do Sul - RS,Rio Grande do Sul,32870,Pacu e patinga,0.8
2024,4316402,Rosário do Sul - RS,Rio Grande do Sul,32878,Traíra e trairão,0.9
2024,4316428,Sagrada Família - RS,Rio Grande do Sul,32861,Carpa,12.712
2024,4316428,Sagrada Família - RS,Rio Grande do Sul,32868,Lambari,0.06
2024,4316428,Sagrada Família - RS,Rio Grande do Sul,32870,Pacu e patinga,0.57
2024,4316428,Sagrada Família - RS,Rio Grande do Sul,32871,"Piau, piapara, piauçu, piava",0.212
2024,4316428,Sagrada Família - RS,Rio Grande do Sul,32877,Tilápia,0.578
2024,4316428,Sagrada Família - RS,Rio Grande do Sul,32878,Traíra e trairão,0.75
2024,4316428,Sagrada Família - RS,Rio Grande do Sul,32881,Outros peixes,1.62
2024,4316436,Saldanha Marinho - RS,Rio Grande do Sul,32861,Carpa,5.0
2024,4316436,Saldanha Marinho - RS,Rio Grande do Sul,32877,Tilápia,4.0
2024,4316451,Salto do Jacuí - RS,Rio Grande do Sul,32861,Carpa,19.0
2024,4316451,Salto do Jacuí - RS,Rio Grande do Sul,32868,Lambari,0.1
2024,4316451,Salto do Jacuí - RS,Rio Grande do Sul,32870,Pacu e patinga,0.6
2024,4316451,Salto do Jacuí - RS,Rio Grande do Sul,32872,"Pintado, cachara, cachapira e pintachara, surubim",2.1
2024,4316451,Salto do Jacuí - RS,Rio Grande do Sul,32877,Tilápia,84.0
2024,4316451,Salto do Jacuí - RS,Rio Grande do Sul,32878,Traíra e trairão,0.5
2024,4316477,Salvador das Missões - RS,Rio Grande do Sul,32861,Carpa,18.0
2024,4316477,Salvador das Missões - RS,Rio Grande do Sul,32877,Tilápia,6.0
2024,4316501,Salvador do Sul - RS,Rio Grande do Sul,32861,Carpa,32.19
2024,4316600,Sananduva - RS,Rio Grande do Sul,32861,Carpa,8.5
2024,4316709,Santa Bárbara do Sul - RS,Rio Grande do Sul,32861,Carpa,8.5
2024,4316709,Santa Bárbara do Sul - RS,Rio Grande do Sul,32877,Tilápia,15.5
2024,4316733,Santa Cecília do Sul - RS,Rio Grande do Sul,32861,Carpa,6.5
2024,4316733,Santa Cecília do Sul - RS,Rio Grande do Sul,32877,Tilápia,4.5
2024,4316758,Santa Clara do Sul - RS,Rio Grande do Sul,32861,Carpa,0.47
2024,4316758,Santa Clara do Sul - RS,Rio Grande do Sul,32877,Tilápia,0.06
2024,4316758,Santa Clara do Sul - RS,Rio Grande do Sul,32881,Outros peixes,0.25
2024,4316808,Santa Cruz do Sul - RS,Rio Grande do Sul,32861,Carpa,30.0
2024,4316808,Santa Cruz do Sul - RS,Rio Grande do Sul,32877,Tilápia,5.7
2024,4316808,Santa Cruz do Sul - RS,Rio Grande do Sul,32878,Traíra e trairão,1.5
2024,4316808,Santa Cruz do Sul - RS,Rio Grande do Sul,32881,Outros peixes,2.1
2024,4316907,Santa Maria - RS,Rio Grande do Sul,32861,Carpa,110.0
2024,4316907,Santa Maria - RS,Rio Grande do Sul,32870,Pacu e patinga,5.0
2024,4316907,Santa Maria - RS,Rio Grande do Sul,32877,Tilápia,15.0
2024,4316907,Santa Maria - RS,Rio Grande do Sul,32878,Traíra e trairão,5.0
2024,4316907,Santa Maria - RS,Rio Grande do Sul,32881,Outros peixes,5.0
2024,4316956,Santa Maria do Herval - RS,Rio Grande do Sul,32861,Carpa,30.0
2024,4316956,Santa Maria do Herval - RS,Rio Grande do Sul,32877,Tilápia,2.5
2024,4316956,Santa Maria do Herval - RS,Rio Grande do Sul,32881,Outros peixes,3.1
2024,4317004,Santana da Boa Vista - RS,Rio Grande do Sul,32861,Carpa,3.5
2024,4317004,Santana da Boa Vista - RS,Rio Grande do Sul,32878,Traíra e trairão,0.8
2024,4317103,Sant'Ana do Livramento - RS,Rio Grande do Sul,32861,Carpa,1.1
2024,4317202,Santa Rosa - RS,Rio Grande do Sul,32861,Carpa,105.284
2024,4317202,Santa Rosa - RS,Rio Grande do Sul,32870,Pacu e patinga,4.82
2024,4317202,Santa Rosa - RS,Rio Grande do Sul,32877,Tilápia,125.0
2024,4317202,Santa Rosa - RS,Rio Grande do Sul,32878,Traíra e trairão,5.741
2024,4317251,Santa Tereza - RS,Rio Grande do Sul,32861,Carpa,1.9
2024,4317251,Santa Tereza - RS,Rio Grande do Sul,32877,Tilápia,0.6
2024,4317251,Santa Tereza - RS,Rio Grande do Sul,32881,Outros peixes,0.34
2024,4317400,Santiago - RS,Rio Grande do Sul,32861,Carpa,9.76
2024,4317400,Santiago - RS,Rio Grande do Sul,32878,Traíra e trairão,0.605
2024,4317509,Santo Ângelo - RS,Rio Grande do Sul,32861,Carpa,50.0
2024,4317509,Santo Ângelo - RS,Rio Grande do Sul,32877,Tilápia,3.0
2024,4317509,Santo Ângelo - RS,Rio Grande do Sul,32878,Traíra e trairão,0.7
2024,4317558,Santo Antônio do Palma - RS,Rio Grande do Sul,32861,Carpa,4.5
2024,4317558,Santo Antônio do Palma - RS,Rio Grande do Sul,32868,Lambari,0.25
2024,4317558,Santo Antônio do Palma - RS,Rio Grande do Sul,32877,Tilápia,1.2
2024,4317558,Santo Antônio do Palma - RS,Rio Grande do Sul,32881,Outros peixes,0.62
2024,4317608,Santo Antônio da Patrulha - RS,Rio Grande do Sul,32861,Carpa,52.0
2024,4317608,Santo Antônio da Patrulha - RS,Rio Grande do Sul,32877,Tilápia,91.0
2024,4317608,Santo Antônio da Patrulha - RS,Rio Grande do Sul,32881,Outros peixes,3.1
2024,4317707,Santo Antônio das Missões - RS,Rio Grande do Sul,32861,Carpa,1.698
2024,4317707,Santo Antônio das Missões - RS,Rio Grande do Sul,32877,Tilápia,0.421
2024,4317756,Santo Antônio do Planalto - RS,Rio Grande do Sul,32861,Carpa,7.3
2024,4317756,Santo Antônio do Planalto - RS,Rio Grande do Sul,32877,Tilápia,11.0
2024,4317756,Santo Antônio do Planalto - RS,Rio Grande do Sul,32881,Outros peixes,0.28
2024,4317806,Santo Augusto - RS,Rio Grande do Sul,32861,Carpa,3.5
2024,4317806,Santo Augusto - RS,Rio Grande do Sul,32877,Tilápia,2.0
2024,4317905,Santo Cristo - RS,Rio Grande do Sul,32861,Carpa,25.8
2024,4317905,Santo Cristo - RS,Rio Grande do Sul,32877,Tilápia,34.7
2024,4317905,Santo Cristo - RS,Rio Grande do Sul,32878,Traíra e trairão,0.405
2024,4317954,Santo Expedito do Sul - RS,Rio Grande do Sul,32877,Tilápia,10.0
2024,4318002,São Borja - RS,Rio Grande do Sul,32861,Carpa,2.9
2024,4318002,São Borja - RS,Rio Grande do Sul,32870,Pacu e patinga,0.19
2024,4318002,São Borja - RS,Rio Grande do Sul,32877,Tilápia,1.8
2024,4318051,São Domingos do Sul - RS,Rio Grande do Sul,32861,Carpa,6.0
2024,4318051,São Domingos do Sul - RS,Rio Grande do Sul,32877,Tilápia,3.0
2024,4318051,São Domingos do Sul - RS,Rio Grande do Sul,32881,Outros peixes,0.2
2024,4318101,São Francisco de Assis - RS,Rio Grande do Sul,32861,Carpa,0.08
2024,4318101,São Francisco de Assis - RS,Rio Grande do Sul,32877,Tilápia,0.12
2024,4318200,São Francisco de Paula - RS,Rio Grande do Sul,32861,Carpa,5.5
2024,4318200,São Francisco de Paula - RS,Rio Grande do Sul,32881,Outros peixes,0.38
2024,4318309,São Gabriel - RS,Rio Grande do Sul,32861,Carpa,2.8
2024,4318424,São João da Urtiga - RS,Rio Grande do Sul,32861,Carpa,3.2
2024,4318424,São João da Urtiga - RS,Rio Grande do Sul,32877,Tilápia,2.8
2024,4318432,São João do Polêsine - RS,Rio Grande do Sul,32861,Carpa,5.8
2024,4318432,São João do Polêsine - RS,Rio Grande do Sul,32877,Tilápia,0.9
2024,4318440,São Jorge - RS,Rio Grande do Sul,32861,Carpa,1.0
2024,4318440,São Jorge - RS,Rio Grande do Sul,32868,Lambari,0.15
2024,4318440,São Jorge - RS,Rio Grande do Sul,32877,Tilápia,0.4
2024,4318440,São Jorge - RS,Rio Grande do Sul,32878,Traíra e trairão,0.1
2024,4318440,São Jorge - RS,Rio Grande do Sul,32881,Outros peixes,1.0
2024,4318457,São José das Missões - RS,Rio Grande do Sul,32861,Carpa,2.46
2024,4318457,São José das Missões - RS,Rio Grande do Sul,32868,Lambari,0.09
2024,4318457,São José das Missões - RS,Rio Grande do Sul,32870,Pacu e patinga,0.56
2024,4318457,São José das Missões - RS,Rio Grande do Sul,32871,"Piau, piapara, piauçu, piava",0.4
2024,4318457,São José das Missões - RS,Rio Grande do Sul,32877,Tilápia,0.12
2024,4318457,São José das Missões - RS,Rio Grande do Sul,32878,Traíra e trairão,0.8
2024,4318457,São José das Missões - RS,Rio Grande do Sul,32881,Outros peixes,0.42
2024,4318465,São José do Herval - RS,Rio Grande do Sul,32861,Carpa,3.5
2024,4318465,São José do Herval - RS,Rio Grande do Sul,32881,Outros peixes,0.5
2024,4318481,São José do Hortêncio - RS,Rio Grande do Sul,32861,Carpa,11.33
2024,4318481,São José do Hortêncio - RS,Rio Grande do Sul,32877,Tilápia,2.2
2024,4318499,São José do Inhacorá - RS,Rio Grande do Sul,32861,Carpa,9.2
2024,4318499,São José do Inhacorá - RS,Rio Grande do Sul,32870,Pacu e patinga,0.45
2024,4318499,São José do Inhacorá - RS,Rio Grande do Sul,32877,Tilápia,12.15
2024,4318606,São José do Ouro - RS,Rio Grande do Sul,32861,Carpa,0.85
2024,4318606,São José do Ouro - RS,Rio Grande do Sul,32877,Tilápia,0.19
2024,4318614,São José do Sul - RS,Rio Grande do Sul,32861,Carpa,5.0
2024,4318622,São José dos Ausentes - RS,Rio Grande do Sul,32861,Carpa,2.8
2024,4318622,São José dos Ausentes - RS,Rio Grande do Sul,32881,Outros peixes,0.39
2024,4318705,São Leopoldo - RS,Rio Grande do Sul,32861,Carpa,1.6
2024,4318705,São Leopoldo - RS,Rio Grande do Sul,32870,Pacu e patinga,0.1
2024,4318705,São Leopoldo - RS,Rio Grande do Sul,32871,"Piau, piapara, piauçu, piava",0.02
2024,4318705,São Leopoldo - RS,Rio Grande do Sul,32872,"Pintado, cachara, cachapira e pintachara, surubim",0.03
2024,4318705,São Leopoldo - RS,Rio Grande do Sul,32877,Tilápia,2.6
2024,4318705,São Leopoldo - RS,Rio Grande do Sul,32878,Traíra e trairão,0.4
2024,4318705,São Leopoldo - RS,Rio Grande do Sul,32881,Outros peixes,0.03
2024,4318804,São Lourenço do Sul - RS,Rio Grande do Sul,32861,Carpa,6.5
2024,4318804,São Lourenço do Sul - RS,Rio Grande do Sul,32877,Tilápia,2.0
2024,4318804,São Lourenço do Sul - RS,Rio Grande do Sul,32881,Outros peixes,1.8
2024,4318903,São Luiz Gonzaga - RS,Rio Grande do Sul,32861,Carpa,45.0
2024,4318903,São Luiz Gonzaga - RS,Rio Grande do Sul,32877,Tilápia,3.0
2024,4318903,São Luiz Gonzaga - RS,Rio Grande do Sul,32878,Traíra e trairão,0.7
2024,4319109,São Martinho - RS,Rio Grande do Sul,32861,Carpa,50.0
2024,4319109,São Martinho - RS,Rio Grande do Sul,32877,Tilápia,65.0
2024,4319109,São Martinho - RS,Rio Grande do Sul,32878,Traíra e trairão,0.25
2024,4319125,São Martinho da Serra - RS,Rio Grande do Sul,32861,Carpa,3.0
2024,4319125,São Martinho da Serra - RS,Rio Grande do Sul,32878,Traíra e trairão,0.45
2024,4319158,São Miguel das Missões - RS,Rio Grande do Sul,32861,Carpa,50.0
2024,4319158,São Miguel das Missões - RS,Rio Grande do Sul,32877,Tilápia,10.0
2024,4319208,São Nicolau - RS,Rio Grande do Sul,32861,Carpa,8.5
2024,4319208,São Nicolau - RS,Rio Grande do Sul,32877,Tilápia,2.6
2024,4319208,São Nicolau - RS,Rio Grande do Sul,32878,Traíra e trairão,1.25
2024,4319307,São Paulo das Missões - RS,Rio Grande do Sul,32861,Carpa,32.5
2024,4319307,São Paulo das Missões - RS,Rio Grande do Sul,32877,Tilápia,8.8
2024,4319307,São Paulo das Missões - RS,Rio Grande do Sul,32878,Traíra e trairão,2.2
2024,4319356,São Pedro da Serra - RS,Rio Grande do Sul,32861,Carpa,6.0
2024,4319364,São Pedro das Missões - RS,Rio Grande do Sul,32861,Carpa,1.478
2024,4319364,São Pedro das Missões - RS,Rio Grande do Sul,32868,Lambari,0.01
2024,4319364,São Pedro das Missões - RS,Rio Grande do Sul,32870,Pacu e patinga,0.03
2024,4319364,São Pedro das Missões - RS,Rio Grande do Sul,32871,"Piau, piapara, piauçu, piava",0.013
2024,4319364,São Pedro das Missões - RS,Rio Grande do Sul,32877,Tilápia,0.065
2024,4319364,São Pedro das Missões - RS,Rio Grande do Sul,32878,Traíra e trairão,0.062
2024,4319364,São Pedro das Missões - RS,Rio Grande do Sul,32881,Outros peixes,0.3
2024,4319372,São Pedro do Butiá - RS,Rio Grande do Sul,32861,Carpa,15.0
2024,4319372,São Pedro do Butiá - RS,Rio Grande do Sul,32877,Tilápia,80.0
2024,4319406,São Pedro do Sul - RS,Rio Grande do Sul,32861,Carpa,20.0
2024,4319406,São Pedro do Sul - RS,Rio Grande do Sul,32877,Tilápia,10.0
2024,4319505,São Sebastião do Caí - RS,Rio Grande do Sul,32861,Carpa,10.8
2024,4319604,São Sepé - RS,Rio Grande do Sul,32861,Carpa,4.0
2024,4319604,São Sepé - RS,Rio Grande do Sul,32877,Tilápia,1.0
2024,4319604,São Sepé - RS,Rio Grande do Sul,32878,Traíra e trairão,2.0
2024,4319604,São Sepé - RS,Rio Grande do Sul,32881,Outros peixes,1.0
2024,4319703,São Valentim - RS,Rio Grande do Sul,32861,Carpa,11.6
2024,4319703,São Valentim - RS,Rio Grande do Sul,32868,Lambari,0.3
2024,4319703,São Valentim - RS,Rio Grande do Sul,32872,"Pintado, cachara, cachapira e pintachara, surubim",0.09
2024,4319703,São Valentim - RS,Rio Grande do Sul,32877,Tilápia,4.15
2024,4319703,São Valentim - RS,Rio Grande do Sul,32878,Traíra e trairão,0.9
2024,4319703,São Valentim - RS,Rio Grande do Sul,32881,Outros peixes,0.84
2024,4319711,São Valentim do Sul - RS,Rio Grande do Sul,32861,Carpa,2.5
2024,4319711,São Valentim do Sul - RS,Rio Grande do Sul,32877,Tilápia,1.0
2024,4319711,São Valentim do Sul - RS,Rio Grande do Sul,32878,Traíra e trairão,0.1
2024,4319711,São Valentim do Sul - RS,Rio Grande do Sul,32881,Outros peixes,3.0
2024,4319737,São Valério do Sul - RS,Rio Grande do Sul,32861,Carpa,1.0
2024,4319737,São Valério do Sul - RS,Rio Grande do Sul,32877,Tilápia,7.0
2024,4319752,São Vendelino - RS,Rio Grande do Sul,32861,Carpa,1.3
2024,4319752,São Vendelino - RS,Rio Grande do Sul,32877,Tilápia,0.17
2024,4319802,São Vicente do Sul - RS,Rio Grande do Sul,32861,Carpa,4.6
2024,4319802,São Vicente do Sul - RS,Rio Grande do Sul,32870,Pacu e patinga,0.765
2024,4319802,São Vicente do Sul - RS,Rio Grande do Sul,32877,Tilápia,0.3
2024,4319901,Sapiranga - RS,Rio Grande do Sul,32861,Carpa,21.0
2024,4319901,Sapiranga - RS,Rio Grande do Sul,32877,Tilápia,3.465
2024,4320008,Sapucaia do Sul - RS,Rio Grande do Sul,32861,Carpa,1.7
2024,4320008,Sapucaia do Sul - RS,Rio Grande do Sul,32877,Tilápia,1.1
2024,4320008,Sapucaia do Sul - RS,Rio Grande do Sul,32878,Traíra e trairão,0.085
2024,4320107,Sarandi - RS,Rio Grande do Sul,32861,Carpa,12.0
2024,4320107,Sarandi - RS,Rio Grande do Sul,32871,"Piau, piapara, piauçu, piava",0.9
2024,4320107,Sarandi - RS,Rio Grande do Sul,32877,Tilápia,80.0
2024,4320107,Sarandi - RS,Rio Grande do Sul,32881,Outros peixes,0.95
2024,4320206,Seberi - RS,Rio Grande do Sul,32861,Carpa,20.0
2024,4320206,Seberi - RS,Rio Grande do Sul,32877,Tilápia,30.0
2024,4320230,Sede Nova - RS,Rio Grande do Sul,32861,Carpa,100.0
2024,4320230,Sede Nova - RS,Rio Grande do Sul,32877,Tilápia,50.0
2024,4320263,Segredo - RS,Rio Grande do Sul,32861,Carpa,13.0
2024,4320263,Segredo - RS,Rio Grande do Sul,32877,Tilápia,7.0
2024,4320305,Selbach - RS,Rio Grande do Sul,32861,Carpa,15.5
2024,4320321,Senador Salgado Filho - RS,Rio Grande do Sul,32861,Carpa,25.0
2024,4320321,Senador Salgado Filho - RS,Rio Grande do Sul,32877,Tilápia,80.0
2024,4320354,Sentinela do Sul - RS,Rio Grande do Sul,32861,Carpa,31.0
2024,4320354,Sentinela do Sul - RS,Rio Grande do Sul,32877,Tilápia,23.5
2024,4320354,Sentinela do Sul - RS,Rio Grande do Sul,32878,Traíra e trairão,0.55
2024,4320404,Serafina Corrêa - RS,Rio Grande do Sul,32861,Carpa,4.0
2024,4320404,Serafina Corrêa - RS,Rio Grande do Sul,32870,Pacu e patinga,0.2
2024,4320404,Serafina Corrêa - RS,Rio Grande do Sul,32871,"Piau, piapara, piauçu, piava",0.2
2024,4320404,Serafina Corrêa - RS,Rio Grande do Sul,32872,"Pintado, cachara, cachapira e pintachara, surubim",0.01
2024,4320404,Serafina Corrêa - RS,Rio Grande do Sul,32877,Tilápia,4.7
2024,4320404,Serafina Corrêa - RS,Rio Grande do Sul,32878,Traíra e trairão,0.2
2024,4320404,Serafina Corrêa - RS,Rio Grande do Sul,32881,Outros peixes,2.5
2024,4320453,Sério - RS,Rio Grande do Sul,32861,Carpa,13.6
2024,4320503,Sertão - RS,Rio Grande do Sul,32861,Carpa,11.0
2024,4320503,Sertão - RS,Rio Grande do Sul,32868,Lambari,0.32
2024,4320503,Sertão - RS,Rio Grande do Sul,32877,Tilápia,1.5
2024,4320503,Sertão - RS,Rio Grande do Sul,32878,Traíra e trairão,0.78
2024,4320503,Sertão - RS,Rio Grande do Sul,32881,Outros peixes,0.85
2024,4320552,Sertão Santana - RS,Rio Grande do Sul,32861,Carpa,7.5
2024,4320552,Sertão Santana - RS,Rio Grande do Sul,32877,Tilápia,3.7
2024,4320578,Sete de Setembro - RS,Rio Grande do Sul,32861,Carpa,20.0
2024,4320578,Sete de Setembro - RS,Rio Grande do Sul,32877,Tilápia,8.5
2024,4320578,Sete de Setembro - RS,Rio Grande do Sul,32878,Traíra e trairão,0.4
2024,4320602,Severiano de Almeida - RS,Rio Grande do Sul,32861,Carpa,8.5
2024,4320602,Severiano de Almeida - RS,Rio Grande do Sul,32877,Tilápia,18.0
2024,4320602,Severiano de Almeida - RS,Rio Grande do Sul,32881,Outros peixes,2.5
2024,4320651,Silveira Martins - RS,Rio Grande do Sul,32861,Carpa,12.5
2024,4320651,Silveira Martins - RS,Rio Grande do Sul,32877,Tilápia,0.55
2024,4320651,Silveira Martins - RS,Rio Grande do Sul,32878,Traíra e trairão,1.8
2024,4320651,Silveira Martins - RS,Rio Grande do Sul,32881,Outros peixes,0.5
2024,4320677,Sinimbu - RS,Rio Grande do Sul,32861,Carpa,10.0
2024,4320677,Sinimbu - RS,Rio Grande do Sul,32881,Outros peixes,0.5
2024,4320701,Sobradinho - RS,Rio Grande do Sul,32861,Carpa,11.0
2024,4320800,Soledade - RS,Rio Grande do Sul,32861,Carpa,9.0
2024,4320800,Soledade - RS,Rio Grande do Sul,32881,Outros peixes,1.2
2024,4320859,Tabaí - RS,Rio Grande do Sul,32861,Carpa,3.0
2024,4320859,Tabaí - RS,Rio Grande do Sul,32877,Tilápia,0.2
2024,4320859,Tabaí - RS,Rio Grande do Sul,32878,Traíra e trairão,0.1
2024,4320909,Tapejara - RS,Rio Grande do Sul,32861,Carpa,18.0
2024,4320909,Tapejara - RS,Rio Grande do Sul,32877,Tilápia,0.2
2024,4321006,Tapera - RS,Rio Grande do Sul,32861,Carpa,6.2
2024,4321006,Tapera - RS,Rio Grande do Sul,32877,Tilápia,1.5
2024,4321105,Tapes - RS,Rio Grande do Sul,32861,Carpa,20.0
2024,4321105,Tapes - RS,Rio Grande do Sul,32877,Tilápia,2.8
2024,4321204,Taquara - RS,Rio Grande do Sul,32861,Carpa,12.0
2024,4321204,Taquara - RS,Rio Grande do Sul,32870,Pacu e patinga,1.1
2024,4321204,Taquara - RS,Rio Grande do Sul,32877,Tilápia,32.0
2024,4321204,Taquara - RS,Rio Grande do Sul,32878,Traíra e trairão,3.2
2024,4321204,Taquara - RS,Rio Grande do Sul,32881,Outros peixes,6.4
2024,4321303,Taquari - RS,Rio Grande do Sul,32861,Carpa,4.25
2024,4321303,Taquari - RS,Rio Grande do Sul,32865,"Curimatã, curimbatá",3.0
2024,4321303,Taquari - RS,Rio Grande do Sul,32871,"Piau, piapara, piauçu, piava",5.15
2024,4321303,Taquari - RS,Rio Grande do Sul,32872,"Pintado, cachara, cachapira e pintachara, surubim",0.9
2024,4321303,Taquari - RS,Rio Grande do Sul,32877,Tilápia,1.5
2024,4321303,Taquari - RS,Rio Grande do Sul,32878,Traíra e trairão,1.0
2024,4321303,Taquari - RS,Rio Grande do Sul,32881,Outros peixes,2.5
2024,4321329,Taquaruçu do Sul - RS,Rio Grande do Sul,32861,Carpa,6.0
2024,4321329,Taquaruçu do Sul - RS,Rio Grande do Sul,32877,Tilápia,32.0
2024,4321402,Tenente Portela - RS,Rio Grande do Sul,32861,Carpa,35.0
2024,4321402,Tenente Portela - RS,Rio Grande do Sul,32877,Tilápia,300.0
2024,4321436,Terra de Areia - RS,Rio Grande do Sul,32861,Carpa,0.25
2024,4321436,Terra de Areia - RS,Rio Grande do Sul,32877,Tilápia,1.1
2024,4321451,Teutônia - RS,Rio Grande do Sul,32861,Carpa,5.8
2024,4321451,Teutônia - RS,Rio Grande do Sul,32877,Tilápia,1.58
2024,4321469,Tio Hugo - RS,Rio Grande do Sul,32861,Carpa,8.0
2024,4321469,Tio Hugo - RS,Rio Grande do Sul,32881,Outros peixes,1.4
2024,4321477,Tiradentes do Sul - RS,Rio Grande do Sul,32861,Carpa,20.0
2024,4321477,Tiradentes do Sul - RS,Rio Grande do Sul,32878,Traíra e trairão,6.5
2024,4321493,Toropi - RS,Rio Grande do Sul,32861,Carpa,7.0
2024,4321501,Torres - RS,Rio Grande do Sul,32861,Carpa,6.0
2024,4321501,Torres - RS,Rio Grande do Sul,32870,Pacu e patinga,0.286
2024,4321501,Torres - RS,Rio Grande do Sul,32877,Tilápia,12.0
2024,4321501,Torres - RS,Rio Grande do Sul,32878,Traíra e trairão,0.63
2024,4321501,Torres - RS,Rio Grande do Sul,32881,Outros peixes,0.368
2024,4321626,Travesseiro - RS,Rio Grande do Sul,32861,Carpa,5.6
2024,4321626,Travesseiro - RS,Rio Grande do Sul,32877,Tilápia,0.36
2024,4321626,Travesseiro - RS,Rio Grande do Sul,32881,Outros peixes,0.16
2024,4321634,Três Arroios - RS,Rio Grande do Sul,32861,Carpa,7.2
2024,4321634,Três Arroios - RS,Rio Grande do Sul,32868,Lambari,0.11
2024,4321634,Três Arroios - RS,Rio Grande do Sul,32877,Tilápia,17.5
2024,4321634,Três Arroios - RS,Rio Grande do Sul,32878,Traíra e trairão,0.125
2024,4321667,Três Cachoeiras - RS,Rio Grande do Sul,32861,Carpa,0.9
2024,4321667,Três Cachoeiras - RS,Rio Grande do Sul,32877,Tilápia,1.5
2024,4321667,Três Cachoeiras - RS,Rio Grande do Sul,32878,Traíra e trairão,1.1
2024,4321709,Três Coroas - RS,Rio Grande do Sul,32861,Carpa,1.8
2024,4321709,Três Coroas - RS,Rio Grande do Sul,32877,Tilápia,0.84
2024,4321709,Três Coroas - RS,Rio Grande do Sul,32881,Outros peixes,0.42
2024,4321808,Três de Maio - RS,Rio Grande do Sul,32861,Carpa,60.243
2024,4321808,Três de Maio - RS,Rio Grande do Sul,32871,"Piau, piapara, piauçu, piava",1.028
2024,4321808,Três de Maio - RS,Rio Grande do Sul,32877,Tilápia,118.0
2024,4321808,Três de Maio - RS,Rio Grande do Sul,32878,Traíra e trairão,1.82
2024,4321832,Três Forquilhas - RS,Rio Grande do Sul,32861,Carpa,1.7
2024,4321832,Três Forquilhas - RS,Rio Grande do Sul,32877,Tilápia,4.5
2024,4321832,Três Forquilhas - RS,Rio Grande do Sul,32881,Outros peixes,0.63
2024,4321857,Três Palmeiras - RS,Rio Grande do Sul,32861,Carpa,19.4
2024,4321857,Três Palmeiras - RS,Rio Grande do Sul,32877,Tilápia,47.6
2024,4321857,Três Palmeiras - RS,Rio Grande do Sul,32878,Traíra e trairão,0.46
2024,4321857,Três Palmeiras - RS,Rio Grande do Sul,32881,Outros peixes,0.45
2024,4321907,Três Passos - RS,Rio Grande do Sul,32861,Carpa,9.5
2024,4321907,Três Passos - RS,Rio Grande do Sul,32877,Tilápia,7.0
2024,4321956,Trindade do Sul - RS,Rio Grande do Sul,32861,Carpa,12.0
2024,4321956,Trindade do Sul - RS,Rio Grande do Sul,32868,Lambari,0.8
2024,4321956,Trindade do Sul - RS,Rio Grande do Sul,32877,Tilápia,36.0
2024,4321956,Trindade do Sul - RS,Rio Grande do Sul,32878,Traíra e trairão,0.42
2024,4321956,Trindade do Sul - RS,Rio Grande do Sul,32881,Outros peixes,1.25
2024,4322004,Triunfo - RS,Rio Grande do Sul,32861,Carpa,28.0
2024,4322004,Triunfo - RS,Rio Grande do Sul,32877,Tilápia,18.0
2024,4322004,Triunfo - RS,Rio Grande do Sul,32878,Traíra e trairão,1.0
2024,4322103,Tucunduva - RS,Rio Grande do Sul,32861,Carpa,3.125
2024,4322103,Tucunduva - RS,Rio Grande do Sul,32877,Tilápia,285.0
2024,4322152,Tunas - RS,Rio Grande do Sul,32861,Carpa,4.8
2024,4322186,Tupanci do Sul - RS,Rio Grande do Sul,32861,Carpa,5.3
2024,4322202,Tupanciretã - RS,Rio Grande do Sul,32861,Carpa,26.0
2024,4322202,Tupanciretã - RS,Rio Grande do Sul,32878,Traíra e trairão,0.55
2024,4322251,Tupandi - RS,Rio Grande do Sul,32861,Carpa,3.0
2024,4322301,Tuparendi - RS,Rio Grande do Sul,32861,Carpa,17.8
2024,4322301,Tuparendi - RS,Rio Grande do Sul,32877,Tilápia,96.0
2024,4322327,Turuçu - RS,Rio Grande do Sul,32861,Carpa,0.425
2024,4322327,Turuçu - RS,Rio Grande do Sul,32877,Tilápia,0.12
2024,4322343,Ubiretama - RS,Rio Grande do Sul,32861,Carpa,25.0
2024,4322343,Ubiretama - RS,Rio Grande do Sul,32877,Tilápia,250.0
2024,4322350,União da Serra - RS,Rio Grande do Sul,32861,Carpa,1.0
2024,4322350,União da Serra - RS,Rio Grande do Sul,32868,Lambari,0.1
2024,4322350,União da Serra - RS,Rio Grande do Sul,32877,Tilápia,1.0
2024,4322350,União da Serra - RS,Rio Grande do Sul,32878,Traíra e trairão,0.1
2024,4322350,União da Serra - RS,Rio Grande do Sul,32881,Outros peixes,2.0
2024,4322376,Unistalda - RS,Rio Grande do Sul,32861,Carpa,0.501
2024,4322376,Unistalda - RS,Rio Grande do Sul,32878,Traíra e trairão,0.055
2024,4322400,Uruguaiana - RS,Rio Grande do Sul,32861,Carpa,0.66
2024,4322509,Vacaria - RS,Rio Grande do Sul,32861,Carpa,6.15
2024,4322525,Vale Verde - RS,Rio Grande do Sul,32861,Carpa,40.0
2024,4322533,Vale do Sol - RS,Rio Grande do Sul,32861,Carpa,12.0
2024,4322533,Vale do Sol - RS,Rio Grande do Sul,32877,Tilápia,1.0
2024,4322541,Vale Real - RS,Rio Grande do Sul,32861,Carpa,5.0
2024,4322541,Vale Real - RS,Rio Grande do Sul,32877,Tilápia,2.1
2024,4322541,Vale Real - RS,Rio Grande do Sul,32881,Outros peixes,2.8
2024,4322558,Vanini - RS,Rio Grande do Sul,32861,Carpa,0.75
2024,4322558,Vanini - RS,Rio Grande do Sul,32877,Tilápia,0.25
2024,4322558,Vanini - RS,Rio Grande do Sul,32878,Traíra e trairão,0.16
2024,4322608,Venâncio Aires - RS,Rio Grande do Sul,32861,Carpa,130.0
2024,4322608,Venâncio Aires - RS,Rio Grande do Sul,32877,Tilápia,45.0
2024,4322608,Venâncio Aires - RS,Rio Grande do Sul,32878,Traíra e trairão,3.0
2024,4322608,Venâncio Aires - RS,Rio Grande do Sul,32881,Outros peixes,0.8
2024,4322707,Vera Cruz - RS,Rio Grande do Sul,32861,Carpa,20.0
2024,4322707,Vera Cruz - RS,Rio Grande do Sul,32877,Tilápia,0.7
2024,4322806,Veranópolis - RS,Rio Grande do Sul,32861,Carpa,1.75
2024,4322806,Veranópolis - RS,Rio Grande do Sul,32868,Lambari,0.25
2024,4322806,Veranópolis - RS,Rio Grande do Sul,32877,Tilápia,0.225
2024,4322806,Veranópolis - RS,Rio Grande do Sul,32878,Traíra e trairão,0.2
2024,4322806,Veranópolis - RS,Rio Grande do Sul,32881,Outros peixes,1.0
2024,4322855,Vespasiano Corrêa - RS,Rio Grande do Sul,32861,Carpa,4.5
2024,4322855,Vespasiano Corrêa - RS,Rio Grande do Sul,32868,Lambari,0.1
2024,4322855,Vespasiano Corrêa - RS,Rio Grande do Sul,32877,Tilápia,0.1
2024,4322855,Vespasiano Corrêa - RS,Rio Grande do Sul,32881,Outros peixes,0.9
2024,4322905,Viadutos - RS,Rio Grande do Sul,32861,Carpa,7.5
2024,4322905,Viadutos - RS,Rio Grande do Sul,32877,Tilápia,31.0
2024,4322905,Viadutos - RS,Rio Grande do Sul,32881,Outros peixes,21.0
2024,4323002,Viamão - RS,Rio Grande do Sul,32861,Carpa,2.28
2024,4323002,Viamão - RS,Rio Grande do Sul,32877,Tilápia,8.025
2024,4323002,Viamão - RS,Rio Grande do Sul,32881,Outros peixes,0.025
2024,4323101,Vicente Dutra - RS,Rio Grande do Sul,32861,Carpa,4.0
2024,4323101,Vicente Dutra - RS,Rio Grande do Sul,32877,Tilápia,1.0
2024,4323200,Victor Graeff - RS,Rio Grande do Sul,32861,Carpa,25.0
2024,4323200,Victor Graeff - RS,Rio Grande do Sul,32878,Traíra e trairão,3.5
2024,4323309,Vila Flores - RS,Rio Grande do Sul,32861,Carpa,0.5
2024,4323309,Vila Flores - RS,Rio Grande do Sul,32868,Lambari,0.1
2024,4323309,Vila Flores - RS,Rio Grande do Sul,32877,Tilápia,0.1
2024,4323309,Vila Flores - RS,Rio Grande do Sul,32878,Traíra e trairão,0.05
2024,4323309,Vila Flores - RS,Rio Grande do Sul,32881,Outros peixes,0.5
2024,4323358,Vila Lângaro - RS,Rio Grande do Sul,32861,Carpa,5.0
2024,4323358,Vila Lângaro - RS,Rio Grande do Sul,32868,Lambari,1.0
2024,4323358,Vila Lângaro - RS,Rio Grande do Sul,32877,Tilápia,1.0
2024,4323358,Vila Lângaro - RS,Rio Grande do Sul,32881,Outros peixes,1.0
2024,4323408,Vila Maria - RS,Rio Grande do Sul,32861,Carpa,20.0
2024,4323408,Vila Maria - RS,Rio Grande do Sul,32868,Lambari,0.22
2024,4323408,Vila Maria - RS,Rio Grande do Sul,32877,Tilápia,30.0
2024,4323408,Vila Maria - RS,Rio Grande do Sul,32881,Outros peixes,3.0
2024,4323457,Vila Nova do Sul - RS,Rio Grande do Sul,32861,Carpa,0.9
2024,4323507,Vista Alegre - RS,Rio Grande do Sul,32861,Carpa,1.7
2024,4323507,Vista Alegre - RS,Rio Grande do Sul,32877,Tilápia,0.55
2024,4323606,Vista Alegre do Prata - RS,Rio Grande do Sul,32861,Carpa,0.8
2024,4323606,Vista Alegre do Prata - RS,Rio Grande do Sul,32866,Dourado,0.05
2024,4323606,Vista Alegre do Prata - RS,Rio Grande do Sul,32870,Pacu e patinga,0.2
2024,4323606,Vista Alegre do Prata - RS,Rio Grande do Sul,32877,Tilápia,0.9
2024,4323606,Vista Alegre do Prata - RS,Rio Grande do Sul,32878,Traíra e trairão,0.2
2024,4323606,Vista Alegre do Prata - RS,Rio Grande do Sul,32881,Outros peixes,0.15
2024,4323705,Vista Gaúcha - RS,Rio Grande do Sul,32861,Carpa,45.0
2024,4323705,Vista Gaúcha - RS,Rio Grande do Sul,32877,Tilápia,1.5
2024,4323754,Vitória das Missões - RS,Rio Grande do Sul,32861,Carpa,15.0
2024,4323754,Vitória das Missões - RS,Rio Grande do Sul,32877,Tilápia,30.0
2024,4323770,Westfália - RS,Rio Grande do Sul,32861,Carpa,5.7
2024,5000252,Alcinópolis - MS,Mato Grosso do Sul,32870,Pacu e patinga,1.041
2024,5000252,Alcinópolis - MS,Mato Grosso do Sul,32872,"Pintado, cachara, cachapira e pintachara, surubim",0.868
2024,5000252,Alcinópolis - MS,Mato Grosso do Sul,32875,"Tambacu, tambatinga",1.241
2024,5000609,Amambai - MS,Mato Grosso do Sul,32861,Carpa,5.0
2024,5000609,Amambai - MS,Mato Grosso do Sul,32868,Lambari,1.0
2024,5000609,Amambai - MS,Mato Grosso do Sul,32870,Pacu e patinga,23.0
2024,5000609,Amambai - MS,Mato Grosso do Sul,32872,"Pintado, cachara, cachapira e pintachara, surubim",10.0
2024,5000609,Amambai - MS,Mato Grosso do Sul,32877,Tilápia,17.0
2024,5000609,Amambai - MS,Mato Grosso do Sul,32881,Outros peixes,0.5
2024,5000856,Angélica - MS,Mato Grosso do Sul,32872,"Pintado, cachara, cachapira e pintachara, surubim",4.0
2024,5000856,Angélica - MS,Mato Grosso do Sul,32877,Tilápia,25.0
2024,5000906,Antônio João - MS,Mato Grosso do Sul,32870,Pacu e patinga,1.0
2024,5000906,Antônio João - MS,Mato Grosso do Sul,32872,"Pintado, cachara, cachapira e pintachara, surubim",0.5
2024,5000906,Antônio João - MS,Mato Grosso do Sul,32877,Tilápia,0.2
2024,5001003,Aparecida do Taboado - MS,Mato Grosso do Sul,32877,Tilápia,2000.2
2024,5001243,Aral Moreira - MS,Mato Grosso do Sul,32870,Pacu e patinga,0.5
2024,5001243,Aral Moreira - MS,Mato Grosso do Sul,32872,"Pintado, cachara, cachapira e pintachara, surubim",0.482
2024,5001243,Aral Moreira - MS,Mato Grosso do Sul,32877,Tilápia,2.699
2024,5001508,Bandeirantes - MS,Mato Grosso do Sul,32870,Pacu e patinga,10.05
2024,5001508,Bandeirantes - MS,Mato Grosso do Sul,32872,"Pintado, cachara, cachapira e pintachara, surubim",5.0
2024,5001508,Bandeirantes - MS,Mato Grosso do Sul,32875,"Tambacu, tambatinga",10.05
2024,5001904,Bataguassu - MS,Mato Grosso do Sul,32868,Lambari,0.5
2024,5001904,Bataguassu - MS,Mato Grosso do Sul,32871,"Piau, piapara, piauçu, piava",0.2
2024,5001904,Bataguassu - MS,Mato Grosso do Sul,32872,"Pintado, cachara, cachapira e pintachara, surubim",0.15
2024,5001904,Bataguassu - MS,Mato Grosso do Sul,32877,Tilápia,0.5
2024,5002001,Batayporã - MS,Mato Grosso do Sul,32868,Lambari,0.13
2024,5002001,Batayporã - MS,Mato Grosso do Sul,32869,Matrinxã,0.51
2024,5002001,Batayporã - MS,Mato Grosso do Sul,32870,Pacu e patinga,3.01
2024,5002001,Batayporã - MS,Mato Grosso do Sul,32872,"Pintado, cachara, cachapira e pintachara, surubim",0.91
2024,5002001,Batayporã - MS,Mato Grosso do Sul,32877,Tilápia,2.71
2024,5002100,Bela Vista - MS,Mato Grosso do Sul,32869,Matrinxã,0.644
2024,5002100,Bela Vista - MS,Mato Grosso do Sul,32870,Pacu e patinga,1.337
2024,5002100,Bela Vista - MS,Mato Grosso do Sul,32872,"Pintado, cachara, cachapira e pintachara, surubim",0.234
2024,5002100,Bela Vista - MS,Mato Grosso do Sul,32875,"Tambacu, tambatinga",0.391
2024,5002100,Bela Vista - MS,Mato Grosso do Sul,32876,Tambaqui,2.121
2024,5002100,Bela Vista - MS,Mato Grosso do Sul,32877,Tilápia,0.589
2024,5002159,Bodoquena - MS,Mato Grosso do Sul,32870,Pacu e patinga,0.421
2024,5002159,Bodoquena - MS,Mato Grosso do Sul,32875,"Tambacu, tambatinga",0.656
2024,5002209,Bonito - MS,Mato Grosso do Sul,32870,Pacu e patinga,0.218
2024,5002209,Bonito - MS,Mato Grosso do Sul,32872,"Pintado, cachara, cachapira e pintachara, surubim",0.168
2024,5002308,Brasilândia - MS,Mato Grosso do Sul,32877,Tilápia,139.0
2024,5002605,Camapuã - MS,Mato Grosso do Sul,32865,"Curimatã, curimbatá",0.219
2024,5002605,Camapuã - MS,Mato Grosso do Sul,32870,Pacu e patinga,4.172
2024,5002605,Camapuã - MS,Mato Grosso do Sul,32872,"Pintado, cachara, cachapira e pintachara, surubim",0.118
2024,5002605,Camapuã - MS,Mato Grosso do Sul,32875,"Tambacu, tambatinga",28.0
2024,5002605,Camapuã - MS,Mato Grosso do Sul,32876,Tambaqui,0.324
2024,5002704,Campo Grande - MS,Mato Grosso do Sul,32870,Pacu e patinga,1.092
2024,5002704,Campo Grande - MS,Mato Grosso do Sul,32871,"Piau, piapara, piauçu, piava",0.45
2024,5002704,Campo Grande - MS,Mato Grosso do Sul,32872,"Pintado, cachara, cachapira e pintachara, surubim",1.5
2024,5002704,Campo Grande - MS,Mato Grosso do Sul,32877,Tilápia,0.64
2024,5003157,Coronel Sapucaia - MS,Mato Grosso do Sul,32877,Tilápia,0.75
2024,5003256,Costa Rica - MS,Mato Grosso do Sul,32870,Pacu e patinga,2.993
2024,5003256,Costa Rica - MS,Mato Grosso do Sul,32871,"Piau, piapara, piauçu, piava",1.454
2024,5003256,Costa Rica - MS,Mato Grosso do Sul,32875,"Tambacu, tambatinga",0.855
2024,5003256,Costa Rica - MS,Mato Grosso do Sul,32876,Tambaqui,2.138
2024,5003306,Coxim - MS,Mato Grosso do Sul,32870,Pacu e patinga,10.49
2024,5003306,Coxim - MS,Mato Grosso do Sul,32871,"Piau, piapara, piauçu, piava",0.54
2024,5003306,Coxim - MS,Mato Grosso do Sul,32872,"Pintado, cachara, cachapira e pintachara, surubim",8.505
2024,5003306,Coxim - MS,Mato Grosso do Sul,32875,"Tambacu, tambatinga",3.078
2024,5003306,Coxim - MS,Mato Grosso do Sul,32876,Tambaqui,0.643
2024,5003454,Deodápolis - MS,Mato Grosso do Sul,32872,"Pintado, cachara, cachapira e pintachara, surubim",0.392
2024,5003454,Deodápolis - MS,Mato Grosso do Sul,32877,Tilápia,1401.758
2024,5003504,Douradina - MS,Mato Grosso do Sul,32870,Pacu e patinga,2.025
2024,5003504,Douradina - MS,Mato Grosso do Sul,32881,Outros peixes,1.215
2024,5003702,Dourados - MS,Mato Grosso do Sul,32870,Pacu e patinga,40.095
2024,5003702,Dourados - MS,Mato Grosso do Sul,32872,"Pintado, cachara, cachapira e pintachara, surubim",1.485
2024,5003702,Dourados - MS,Mato Grosso do Sul,32875,"Tambacu, tambatinga",3.564
2024,5003702,Dourados - MS,Mato Grosso do Sul,32876,Tambaqui,15.615
2024,5003702,Dourados - MS,Mato Grosso do Sul,32877,Tilápia,2324.612
2024,5003702,Dourados - MS,Mato Grosso do Sul,32881,Outros peixes,6.732
2024,5003801,Fátima do Sul - MS,Mato Grosso do Sul,32870,Pacu e patinga,3.0
2024,5003801,Fátima do Sul - MS,Mato Grosso do Sul,32871,"Piau, piapara, piauçu, piava",1.785
2024,5003801,Fátima do Sul - MS,Mato Grosso do Sul,32877,Tilápia,23.746
2024,5003900,Figueirão - MS,Mato Grosso do Sul,32870,Pacu e patinga,0.408
2024,5003900,Figueirão - MS,Mato Grosso do Sul,32873,Pirapitinga,0.208
2024,5003900,Figueirão - MS,Mato Grosso do Sul,32875,"Tambacu, tambatinga",0.07
2024,5003900,Figueirão - MS,Mato Grosso do Sul,32877,Tilápia,0.035
2024,5004007,Glória de Dourados - MS,Mato Grosso do Sul,32877,Tilápia,0.6
2024,5004403,Inocência - MS,Mato Grosso do Sul,32870,Pacu e patinga,1.98
2024,5004403,Inocência - MS,Mato Grosso do Sul,32875,"Tambacu, tambatinga",0.99
2024,5004403,Inocência - MS,Mato Grosso do Sul,32877,Tilápia,4.45
2024,5004502,Itaporã - MS,Mato Grosso do Sul,32870,Pacu e patinga,0.802
2024,5004502,Itaporã - MS,Mato Grosso do Sul,32875,"Tambacu, tambatinga",0.437
2024,5004502,Itaporã - MS,Mato Grosso do Sul,32877,Tilápia,2000.15
2024,5004601,Itaquiraí - MS,Mato Grosso do Sul,32870,Pacu e patinga,0.7
2024,5004601,Itaquiraí - MS,Mato Grosso do Sul,32877,Tilápia,4.75
2024,5004601,Itaquiraí - MS,Mato Grosso do Sul,32881,Outros peixes,0.5
2024,5004809,Japorã - MS,Mato Grosso do Sul,32877,Tilápia,0.1
2024,5004809,Japorã - MS,Mato Grosso do Sul,32881,Outros peixes,7.805
2024,5004908,Jaraguari - MS,Mato Grosso do Sul,32877,Tilápia,12.0
2024,5005004,Jardim - MS,Mato Grosso do Sul,32870,Pacu e patinga,1.337
2024,5005004,Jardim - MS,Mato Grosso do Sul,32876,Tambaqui,0.218
2024,5005202,Ladário - MS,Mato Grosso do Sul,32870,Pacu e patinga,5.3
2024,5005251,Laguna Carapã - MS,Mato Grosso do Sul,32870,Pacu e patinga,2.673
2024,5005251,Laguna Carapã - MS,Mato Grosso do Sul,32877,Tilápia,5.792
2024,5005400,Maracaju - MS,Mato Grosso do Sul,32870,Pacu e patinga,0.1
2024,5005400,Maracaju - MS,Mato Grosso do Sul,32872,"Pintado, cachara, cachapira e pintachara, surubim",0.1
2024,5005608,Miranda - MS,Mato Grosso do Sul,32870,Pacu e patinga,0.484
2024,5005608,Miranda - MS,Mato Grosso do Sul,32872,"Pintado, cachara, cachapira e pintachara, surubim",3.919
2024,5005608,Miranda - MS,Mato Grosso do Sul,32875,"Tambacu, tambatinga",24.0
2024,5005681,Mundo Novo - MS,Mato Grosso do Sul,32861,Carpa,7.2
2024,5005681,Mundo Novo - MS,Mato Grosso do Sul,32870,Pacu e patinga,36.48
2024,5005681,Mundo Novo - MS,Mato Grosso do Sul,32872,"Pintado, cachara, cachapira e pintachara, surubim",5.8
2024,5005681,Mundo Novo - MS,Mato Grosso do Sul,32877,Tilápia,3042.897
2024,5005681,Mundo Novo - MS,Mato Grosso do Sul,32881,Outros peixes,38.8
2024,5005707,Naviraí - MS,Mato Grosso do Sul,32870,Pacu e patinga,0.3
2024,5005707,Naviraí - MS,Mato Grosso do Sul,32877,Tilápia,0.6
2024,5005707,Naviraí - MS,Mato Grosso do Sul,32881,Outros peixes,0.4
2024,5005806,Nioaque - MS,Mato Grosso do Sul,32870,Pacu e patinga,0.62
2024,5005806,Nioaque - MS,Mato Grosso do Sul,32875,"Tambacu, tambatinga",0.6
2024,5006002,Nova Alvorada do Sul - MS,Mato Grosso do Sul,32870,Pacu e patinga,1.2
2024,5006002,Nova Alvorada do Sul - MS,Mato Grosso do Sul,32872,"Pintado, cachara, cachapira e pintachara, surubim",2.5
2024,5006002,Nova Alvorada do Sul - MS,Mato Grosso do Sul,32877,Tilápia,5.0
2024,5006200,Nova Andradina - MS,Mato Grosso do Sul,32870,Pacu e patinga,9.5
2024,5006200,Nova Andradina - MS,Mato Grosso do Sul,32871,"Piau, piapara, piauçu, piava",0.6
2024,5006200,Nova Andradina - MS,Mato Grosso do Sul,32872,"Pintado, cachara, cachapira e pintachara, surubim",4.0
2024,5006200,Nova Andradina - MS,Mato Grosso do Sul,32877,Tilápia,7.5
2024,5006275,Paraíso das Águas - MS,Mato Grosso do Sul,32877,Tilápia,0.65
2024,5006309,Paranaíba - MS,Mato Grosso do Sul,32870,Pacu e patinga,0.1
2024,5006309,Paranaíba - MS,Mato Grosso do Sul,32872,"Pintado, cachara, cachapira e pintachara, surubim",0.5
2024,5006309,Paranaíba - MS,Mato Grosso do Sul,32877,Tilápia,649.0
2024,5006408,Pedro Gomes - MS,Mato Grosso do Sul,32872,"Pintado, cachara, cachapira e pintachara, surubim",0.18
2024,5006408,Pedro Gomes - MS,Mato Grosso do Sul,32875,"Tambacu, tambatinga",5.75
2024,5006408,Pedro Gomes - MS,Mato Grosso do Sul,32876,Tambaqui,1.0
2024,5006606,Ponta Porã - MS,Mato Grosso do Sul,32870,Pacu e patinga,70.0
2024,5006606,Ponta Porã - MS,Mato Grosso do Sul,32872,"Pintado, cachara, cachapira e pintachara, surubim",4.0
2024,5006606,Ponta Porã - MS,Mato Grosso do Sul,32875,"Tambacu, tambatinga",45.0
2024,5006606,Ponta Porã - MS,Mato Grosso do Sul,32877,Tilápia,3.0
2024,5007109,Ribas do Rio Pardo - MS,Mato Grosso do Sul,32870,Pacu e patinga,0.512
2024,5007109,Ribas do Rio Pardo - MS,Mato Grosso do Sul,32871,"Piau, piapara, piauçu, piava",0.39
2024,5007109,Ribas do Rio Pardo - MS,Mato Grosso do Sul,32872,"Pintado, cachara, cachapira e pintachara, surubim",1.02
2024,5007109,Ribas do Rio Pardo - MS,Mato Grosso do Sul,32877,Tilápia,0.105
2024,5007208,Rio Brilhante - MS,Mato Grosso do Sul,32870,Pacu e patinga,1.832
2024,5007208,Rio Brilhante - MS,Mato Grosso do Sul,32872,"Pintado, cachara, cachapira e pintachara, surubim",16.2
2024,5007406,Rio Verde de Mato Grosso - MS,Mato Grosso do Sul,32870,Pacu e patinga,4.517
2024,5007406,Rio Verde de Mato Grosso - MS,Mato Grosso do Sul,32872,"Pintado, cachara, cachapira e pintachara, surubim",2.551
2024,5007406,Rio Verde de Mato Grosso - MS,Mato Grosso do Sul,32875,"Tambacu, tambatinga",2.0
2024,5007695,São Gabriel do Oeste - MS,Mato Grosso do Sul,32870,Pacu e patinga,0.7
2024,5007695,São Gabriel do Oeste - MS,Mato Grosso do Sul,32872,"Pintado, cachara, cachapira e pintachara, surubim",0.5
2024,5007695,São Gabriel do Oeste - MS,Mato Grosso do Sul,32875,"Tambacu, tambatinga",0.6
2024,5007703,Sete Quedas - MS,Mato Grosso do Sul,32870,Pacu e patinga,1.2
2024,5007703,Sete Quedas - MS,Mato Grosso do Sul,32875,"Tambacu, tambatinga",1.2
2024,5007703,Sete Quedas - MS,Mato Grosso do Sul,32877,Tilápia,8.2
2024,5007802,Selvíria - MS,Mato Grosso do Sul,32877,Tilápia,9716.12
2024,5007901,Sidrolândia - MS,Mato Grosso do Sul,32870,Pacu e patinga,20.0
2024,5007901,Sidrolândia - MS,Mato Grosso do Sul,32877,Tilápia,147.477
2024,5007935,Sonora - MS,Mato Grosso do Sul,32870,Pacu e patinga,0.441
2024,5007935,Sonora - MS,Mato Grosso do Sul,32872,"Pintado, cachara, cachapira e pintachara, surubim",0.441
2024,5007935,Sonora - MS,Mato Grosso do Sul,32875,"Tambacu, tambatinga",0.176
2024,5007935,Sonora - MS,Mato Grosso do Sul,32876,Tambaqui,0.088
2024,5007976,Taquarussu - MS,Mato Grosso do Sul,32870,Pacu e patinga,1.3
2024,5007976,Taquarussu - MS,Mato Grosso do Sul,32877,Tilápia,1.5
2024,5008008,Terenos - MS,Mato Grosso do Sul,32870,Pacu e patinga,0.81
2024,5008008,Terenos - MS,Mato Grosso do Sul,32872,"Pintado, cachara, cachapira e pintachara, surubim",1.053
2024,5008305,Três Lagoas - MS,Mato Grosso do Sul,32868,Lambari,0.374
2024,5008305,Três Lagoas - MS,Mato Grosso do Sul,32869,Matrinxã,4.455
2024,5008305,Três Lagoas - MS,Mato Grosso do Sul,32870,Pacu e patinga,1.931
2024,5008305,Três Lagoas - MS,Mato Grosso do Sul,32872,"Pintado, cachara, cachapira e pintachara, surubim",0.321
2024,5008305,Três Lagoas - MS,Mato Grosso do Sul,32875,"Tambacu, tambatinga",1.337
2024,5008305,Três Lagoas - MS,Mato Grosso do Sul,32876,Tambaqui,0.757
2024,5008305,Três Lagoas - MS,Mato Grosso do Sul,32877,Tilápia,44.55
2024,5008305,Três Lagoas - MS,Mato Grosso do Sul,32881,Outros peixes,0.218
2024,5100102,Acorizal - MT,Mato Grosso,32869,Matrinxã,2.85
2024,5100102,Acorizal - MT,Mato Grosso,32872,"Pintado, cachara, cachapira e pintachara, surubim",1.104
2024,5100102,Acorizal - MT,Mato Grosso,32875,"Tambacu, tambatinga",80.822
2024,5100102,Acorizal - MT,Mato Grosso,32876,Tambaqui,1.762
2024,5100201,Água Boa - MT,Mato Grosso,32869,Matrinxã,1.21
2024,5100201,Água Boa - MT,Mato Grosso,32870,Pacu e patinga,6.0
2024,5100201,Água Boa - MT,Mato Grosso,32871,"Piau, piapara, piauçu, piava",0.4
2024,5100201,Água Boa - MT,Mato Grosso,32872,"Pintado, cachara, cachapira e pintachara, surubim",2.0
2024,5100201,Água Boa - MT,Mato Grosso,32875,"Tambacu, tambatinga",22.0
2024,5100201,Água Boa - MT,Mato Grosso,32876,Tambaqui,5.8
2024,5100201,Água Boa - MT,Mato Grosso,32877,Tilápia,0.1
2024,5100250,Alta Floresta - MT,Mato Grosso,32869,Matrinxã,4.126
2024,5100250,Alta Floresta - MT,Mato Grosso,32870,Pacu e patinga,1.5
2024,5100250,Alta Floresta - MT,Mato Grosso,32871,"Piau, piapara, piauçu, piava",4.0
2024,5100250,Alta Floresta - MT,Mato Grosso,32872,"Pintado, cachara, cachapira e pintachara, surubim",55.0
2024,5100250,Alta Floresta - MT,Mato Grosso,32874,Pirarucu,0.12
2024,5100250,Alta Floresta - MT,Mato Grosso,32875,"Tambacu, tambatinga",500.0
2024,5100250,Alta Floresta - MT,Mato Grosso,32876,Tambaqui,151.68
2024,5100250,Alta Floresta - MT,Mato Grosso,32881,Outros peixes,12.0
2024,5100300,Alto Araguaia - MT,Mato Grosso,32871,"Piau, piapara, piauçu, piava",2.0
2024,5100300,Alto Araguaia - MT,Mato Grosso,32872,"Pintado, cachara, cachapira e pintachara, surubim",1.0
2024,5100300,Alto Araguaia - MT,Mato Grosso,32875,"Tambacu, tambatinga",10.0
2024,5100359,Alto Boa Vista - MT,Mato Grosso,32869,Matrinxã,2.0
2024,5100359,Alto Boa Vista - MT,Mato Grosso,32870,Pacu e patinga,17.0
2024,5100359,Alto Boa Vista - MT,Mato Grosso,32874,Pirarucu,0.55
2024,5100359,Alto Boa Vista - MT,Mato Grosso,32875,"Tambacu, tambatinga",26.7
2024,5100359,Alto Boa Vista - MT,Mato Grosso,32876,Tambaqui,1.0
2024,5100409,Alto Garças - MT,Mato Grosso,32869,Matrinxã,2.0
2024,5100409,Alto Garças - MT,Mato Grosso,32871,"Piau, piapara, piauçu, piava",0.5
2024,5100409,Alto Garças - MT,Mato Grosso,32872,"Pintado, cachara, cachapira e pintachara, surubim",0.8
2024,5100409,Alto Garças - MT,Mato Grosso,32875,"Tambacu, tambatinga",84.0
2024,5100409,Alto Garças - MT,Mato Grosso,32877,Tilápia,0.35
2024,5100508,Alto Paraguai - MT,Mato Grosso,32868,Lambari,6.0
2024,5100508,Alto Paraguai - MT,Mato Grosso,32871,"Piau, piapara, piauçu, piava",14.235
2024,5100508,Alto Paraguai - MT,Mato Grosso,32872,"Pintado, cachara, cachapira e pintachara, surubim",480.0
2024,5100508,Alto Paraguai - MT,Mato Grosso,32875,"Tambacu, tambatinga",2750.0
2024,5100607,Alto Taquari - MT,Mato Grosso,32875,"Tambacu, tambatinga",0.8
2024,5100607,Alto Taquari - MT,Mato Grosso,32877,Tilápia,0.5
2024,5100805,Apiacás - MT,Mato Grosso,32872,"Pintado, cachara, cachapira e pintachara, surubim",4.715
2024,5100805,Apiacás - MT,Mato Grosso,32875,"Tambacu, tambatinga",13.387
2024,5100805,Apiacás - MT,Mato Grosso,32876,Tambaqui,3.375
2024,5100805,Apiacás - MT,Mato Grosso,32877,Tilápia,1.5
2024,5101001,Araguaiana - MT,Mato Grosso,32870,Pacu e patinga,1.0
2024,5101001,Araguaiana - MT,Mato Grosso,32872,"Pintado, cachara, cachapira e pintachara, surubim",1.5
2024,5101001,Araguaiana - MT,Mato Grosso,32874,Pirarucu,0.05
2024,5101001,Araguaiana - MT,Mato Grosso,32875,"Tambacu, tambatinga",2.3
2024,5101001,Araguaiana - MT,Mato Grosso,32876,Tambaqui,3.0
2024,5101001,Araguaiana - MT,Mato Grosso,32877,Tilápia,0.6
2024,5101258,Araputanga - MT,Mato Grosso,32870,Pacu e patinga,3.0
2024,5101258,Araputanga - MT,Mato Grosso,32872,"Pintado, cachara, cachapira e pintachara, surubim",2.083
2024,5101258,Araputanga - MT,Mato Grosso,32875,"Tambacu, tambatinga",16.545
2024,5101258,Araputanga - MT,Mato Grosso,32876,Tambaqui,5.7
2024,5101308,Arenápolis - MT,Mato Grosso,32872,"Pintado, cachara, cachapira e pintachara, surubim",46.0
2024,5101308,Arenápolis - MT,Mato Grosso,32875,"Tambacu, tambatinga",60.0
2024,5101308,Arenápolis - MT,Mato Grosso,32877,Tilápia,12.5
2024,5101407,Aripuanã - MT,Mato Grosso,32869,Matrinxã,12.169
2024,5101407,Aripuanã - MT,Mato Grosso,32871,"Piau, piapara, piauçu, piava",0.4
2024,5101407,Aripuanã - MT,Mato Grosso,32872,"Pintado, cachara, cachapira e pintachara, surubim",7.913
2024,5101407,Aripuanã - MT,Mato Grosso,32873,Pirapitinga,0.3
2024,5101407,Aripuanã - MT,Mato Grosso,32874,Pirarucu,1.8
2024,5101407,Aripuanã - MT,Mato Grosso,32875,"Tambacu, tambatinga",39.304
2024,5101407,Aripuanã - MT,Mato Grosso,32876,Tambaqui,12.003
2024,5101407,Aripuanã - MT,Mato Grosso,32877,Tilápia,1.145
2024,5101605,Barão de Melgaço - MT,Mato Grosso,32870,Pacu e patinga,0.18
2024,5101605,Barão de Melgaço - MT,Mato Grosso,32875,"Tambacu, tambatinga",19.507
2024,5101605,Barão de Melgaço - MT,Mato Grosso,32876,Tambaqui,2.625
2024,5101704,Barra do Bugres - MT,Mato Grosso,32869,Matrinxã,0.067
2024,5101704,Barra do Bugres - MT,Mato Grosso,32871,"Piau, piapara, piauçu, piava",0.835
2024,5101704,Barra do Bugres - MT,Mato Grosso,32872,"Pintado, cachara, cachapira e pintachara, surubim",0.76
2024,5101704,Barra do Bugres - MT,Mato Grosso,32875,"Tambacu, tambatinga",57.972
2024,5101704,Barra do Bugres - MT,Mato Grosso,32881,Outros peixes,0.686
2024,5101803,Barra do Garças - MT,Mato Grosso,32869,Matrinxã,0.56
2024,5101803,Barra do Garças - MT,Mato Grosso,32870,Pacu e patinga,0.5
2024,5101803,Barra do Garças - MT,Mato Grosso,32871,"Piau, piapara, piauçu, piava",0.2
2024,5101803,Barra do Garças - MT,Mato Grosso,32872,"Pintado, cachara, cachapira e pintachara, surubim",6.0
2024,5101803,Barra do Garças - MT,Mato Grosso,32874,Pirarucu,0.1
2024,5101803,Barra do Garças - MT,Mato Grosso,32875,"Tambacu, tambatinga",6.25
2024,5101803,Barra do Garças - MT,Mato Grosso,32876,Tambaqui,3.75
2024,5101852,Bom Jesus do Araguaia - MT,Mato Grosso,32869,Matrinxã,1.15
2024,5101852,Bom Jesus do Araguaia - MT,Mato Grosso,32870,Pacu e patinga,8.5
2024,5101852,Bom Jesus do Araguaia - MT,Mato Grosso,32875,"Tambacu, tambatinga",16.46
2024,5101852,Bom Jesus do Araguaia - MT,Mato Grosso,32876,Tambaqui,1.27
2024,5101902,Brasnorte - MT,Mato Grosso,32861,Carpa,0.16
2024,5101902,Brasnorte - MT,Mato Grosso,32869,Matrinxã,0.261
2024,5101902,Brasnorte - MT,Mato Grosso,32871,"Piau, piapara, piauçu, piava",0.197
2024,5101902,Brasnorte - MT,Mato Grosso,32872,"Pintado, cachara, cachapira e pintachara, surubim",45.67
2024,5101902,Brasnorte - MT,Mato Grosso,32875,"Tambacu, tambatinga",141.68
2024,5101902,Brasnorte - MT,Mato Grosso,32876,Tambaqui,4.485
2024,5101902,Brasnorte - MT,Mato Grosso,32877,Tilápia,0.236
2024,5101902,Brasnorte - MT,Mato Grosso,32878,Traíra e trairão,0.645
2024,5101902,Brasnorte - MT,Mato Grosso,32880,Tucunaré,0.345
2024,5102504,Cáceres - MT,Mato Grosso,32869,Matrinxã,5.7
2024,5102504,Cáceres - MT,Mato Grosso,32872,"Pintado, cachara, cachapira e pintachara, surubim",4.6
2024,5102504,Cáceres - MT,Mato Grosso,32875,"Tambacu, tambatinga",90.0
2024,5102504,Cáceres - MT,Mato Grosso,32876,Tambaqui,9.607
2024,5102603,Campinápolis - MT,Mato Grosso,32869,Matrinxã,1.875
2024,5102603,Campinápolis - MT,Mato Grosso,32870,Pacu e patinga,8.0
2024,5102603,Campinápolis - MT,Mato Grosso,32872,"Pintado, cachara, cachapira e pintachara, surubim",0.31
2024,5102603,Campinápolis - MT,Mato Grosso,32875,"Tambacu, tambatinga",5.416
2024,5102603,Campinápolis - MT,Mato Grosso,32876,Tambaqui,3.165
2024,5102603,Campinápolis - MT,Mato Grosso,32877,Tilápia,0.5
2024,5102637,Campo Novo do Parecis - MT,Mato Grosso,32875,"Tambacu, tambatinga",10.765
2024,5102637,Campo Novo do Parecis - MT,Mato Grosso,32877,Tilápia,0.819
2024,5102678,Campo Verde - MT,Mato Grosso,32869,Matrinxã,0.75
2024,5102678,Campo Verde - MT,Mato Grosso,32872,"Pintado, cachara, cachapira e pintachara, surubim",1010.0
2024,5102678,Campo Verde - MT,Mato Grosso,32875,"Tambacu, tambatinga",70.452
2024,5102678,Campo Verde - MT,Mato Grosso,32876,Tambaqui,9.083
2024,5102678,Campo Verde - MT,Mato Grosso,32877,Tilápia,1100.0
2024,5102686,Campos de Júlio - MT,Mato Grosso,32872,"Pintado, cachara, cachapira e pintachara, surubim",1.5
2024,5102686,Campos de Júlio - MT,Mato Grosso,32875,"Tambacu, tambatinga",2.6
2024,5102686,Campos de Júlio - MT,Mato Grosso,32876,Tambaqui,0.2
2024,5102686,Campos de Júlio - MT,Mato Grosso,32877,Tilápia,0.49
2024,5102694,Canabrava do Norte - MT,Mato Grosso,32870,Pacu e patinga,3.5
2024,5102694,Canabrava do Norte - MT,Mato Grosso,32872,"Pintado, cachara, cachapira e pintachara, surubim",1.4
2024,5102694,Canabrava do Norte - MT,Mato Grosso,32874,Pirarucu,4.6
2024,5102694,Canabrava do Norte - MT,Mato Grosso,32875,"Tambacu, tambatinga",40.0
2024,5102694,Canabrava do Norte - MT,Mato Grosso,32876,Tambaqui,35.0
2024,5102702,Canarana - MT,Mato Grosso,32869,Matrinxã,8.0
2024,5102702,Canarana - MT,Mato Grosso,32871,"Piau, piapara, piauçu, piava",55.0
2024,5102702,Canarana - MT,Mato Grosso,32872,"Pintado, cachara, cachapira e pintachara, surubim",60.0
2024,5102702,Canarana - MT,Mato Grosso,32875,"Tambacu, tambatinga",980.0
2024,5102702,Canarana - MT,Mato Grosso,32876,Tambaqui,214.0
2024,5102702,Canarana - MT,Mato Grosso,32877,Tilápia,0.29
2024,5102793,Carlinda - MT,Mato Grosso,32869,Matrinxã,54.75
2024,5102793,Carlinda - MT,Mato Grosso,32871,"Piau, piapara, piauçu, piava",40.0
2024,5102793,Carlinda - MT,Mato Grosso,32872,"Pintado, cachara, cachapira e pintachara, surubim",104.247
2024,5102793,Carlinda - MT,Mato Grosso,32875,"Tambacu, tambatinga",650.0
2024,5102793,Carlinda - MT,Mato Grosso,32876,Tambaqui,150.0
2024,5102793,Carlinda - MT,Mato Grosso,32877,Tilápia,23.75
2024,5102793,Carlinda - MT,Mato Grosso,32881,Outros peixes,1.0
2024,5102850,Castanheira - MT,Mato Grosso,32869,Matrinxã,1.537
2024,5102850,Castanheira - MT,Mato Grosso,32872,"Pintado, cachara, cachapira e pintachara, surubim",2.486
2024,5102850,Castanheira - MT,Mato Grosso,32874,Pirarucu,5.5
2024,5102850,Castanheira - MT,Mato Grosso,32875,"Tambacu, tambatinga",12.144
2024,5102850,Castanheira - MT,Mato Grosso,32876,Tambaqui,5.512
2024,5102850,Castanheira - MT,Mato Grosso,32877,Tilápia,1.137
2024,5103007,Chapada dos Guimarães - MT,Mato Grosso,32869,Matrinxã,2.587
2024,5103007,Chapada dos Guimarães - MT,Mato Grosso,32870,Pacu e patinga,2.1
2024,5103007,Chapada dos Guimarães - MT,Mato Grosso,32872,"Pintado, cachara, cachapira e pintachara, surubim",1.71
2024,5103007,Chapada dos Guimarães - MT,Mato Grosso,32873,Pirapitinga,0.2
2024,5103007,Chapada dos Guimarães - MT,Mato Grosso,32875,"Tambacu, tambatinga",65.0
2024,5103007,Chapada dos Guimarães - MT,Mato Grosso,32876,Tambaqui,0.27
2024,5103007,Chapada dos Guimarães - MT,Mato Grosso,32877,Tilápia,15.0
2024,5103056,Cláudia - MT,Mato Grosso,32871,"Piau, piapara, piauçu, piava",1.2
2024,5103056,Cláudia - MT,Mato Grosso,32872,"Pintado, cachara, cachapira e pintachara, surubim",126.879
2024,5103056,Cláudia - MT,Mato Grosso,32875,"Tambacu, tambatinga",256.154
2024,5103056,Cláudia - MT,Mato Grosso,32876,Tambaqui,37.885
2024,5103056,Cláudia - MT,Mato Grosso,32877,Tilápia,8.64
2024,5103106,Cocalinho - MT,Mato Grosso,32871,"Piau, piapara, piauçu, piava",4.5
2024,5103106,Cocalinho - MT,Mato Grosso,32872,"Pintado, cachara, cachapira e pintachara, surubim",5.0
2024,5103106,Cocalinho - MT,Mato Grosso,32873,Pirapitinga,5.0
2024,5103106,Cocalinho - MT,Mato Grosso,32875,"Tambacu, tambatinga",7.5
2024,5103205,Colíder - MT,Mato Grosso,32871,"Piau, piapara, piauçu, piava",0.45
2024,5103205,Colíder - MT,Mato Grosso,32872,"Pintado, cachara, cachapira e pintachara, surubim",1.656
2024,5103205,Colíder - MT,Mato Grosso,32875,"Tambacu, tambatinga",30.0
2024,5103205,Colíder - MT,Mato Grosso,32876,Tambaqui,37.237
2024,5103205,Colíder - MT,Mato Grosso,32877,Tilápia,0.232
2024,5103254,Colniza - MT,Mato Grosso,32869,Matrinxã,0.277
2024,5103254,Colniza - MT,Mato Grosso,32871,"Piau, piapara, piauçu, piava",0.5
2024,5103254,Colniza - MT,Mato Grosso,32872,"Pintado, cachara, cachapira e pintachara, surubim",11.092
2024,5103254,Colniza - MT,Mato Grosso,32874,Pirarucu,1.2
2024,5103254,Colniza - MT,Mato Grosso,32875,"Tambacu, tambatinga",64.872
2024,5103254,Colniza - MT,Mato Grosso,32876,Tambaqui,51.75
2024,5103254,Colniza - MT,Mato Grosso,32877,Tilápia,24.925
2024,5103304,Comodoro - MT,Mato Grosso,32869,Matrinxã,7.56
2024,5103304,Comodoro - MT,Mato Grosso,32872,"Pintado, cachara, cachapira e pintachara, surubim",6.0
2024,5103304,Comodoro - MT,Mato Grosso,32875,"Tambacu, tambatinga",120.0
2024,5103304,Comodoro - MT,Mato Grosso,32876,Tambaqui,15.0
2024,5103304,Comodoro - MT,Mato Grosso,32877,Tilápia,1.0
2024,5103353,Confresa - MT,Mato Grosso,32869,Matrinxã,17.0
2024,5103353,Confresa - MT,Mato Grosso,32870,Pacu e patinga,37.0
2024,5103353,Confresa - MT,Mato Grosso,32871,"Piau, piapara, piauçu, piava",3.0
2024,5103353,Confresa - MT,Mato Grosso,32872,"Pintado, cachara, cachapira e pintachara, surubim",3.0
2024,5103353,Confresa - MT,Mato Grosso,32874,Pirarucu,1.3
2024,5103353,Confresa - MT,Mato Grosso,32875,"Tambacu, tambatinga",31.0
2024,5103353,Confresa - MT,Mato Grosso,32876,Tambaqui,28.0
2024,5103361,Conquista D'Oeste - MT,Mato Grosso,32869,Matrinxã,4.5
2024,5103361,Conquista D'Oeste - MT,Mato Grosso,32872,"Pintado, cachara, cachapira e pintachara, surubim",1.0
2024,5103361,Conquista D'Oeste - MT,Mato Grosso,32875,"Tambacu, tambatinga",355.0
2024,5103361,Conquista D'Oeste - MT,Mato Grosso,32876,Tambaqui,15.4
2024,5103379,Cotriguaçu - MT,Mato Grosso,32869,Matrinxã,3.06
2024,5103379,Cotriguaçu - MT,Mato Grosso,32871,"Piau, piapara, piauçu, piava",0.6
2024,5103379,Cotriguaçu - MT,Mato Grosso,32872,"Pintado, cachara, cachapira e pintachara, surubim",18.023
2024,5103379,Cotriguaçu - MT,Mato Grosso,32874,Pirarucu,10.2
2024,5103379,Cotriguaçu - MT,Mato Grosso,32875,"Tambacu, tambatinga",48.411
2024,5103379,Cotriguaçu - MT,Mato Grosso,32876,Tambaqui,48.367
2024,5103379,Cotriguaçu - MT,Mato Grosso,32877,Tilápia,3.762
2024,5103403,Cuiabá - MT,Mato Grosso,32865,"Curimatã, curimbatá",4.0
2024,5103403,Cuiabá - MT,Mato Grosso,32869,Matrinxã,4.537
2024,5103403,Cuiabá - MT,Mato Grosso,32870,Pacu e patinga,1.5
2024,5103403,Cuiabá - MT,Mato Grosso,32871,"Piau, piapara, piauçu, piava",3.0
2024,5103403,Cuiabá - MT,Mato Grosso,32872,"Pintado, cachara, cachapira e pintachara, surubim",260.477
2024,5103403,Cuiabá - MT,Mato Grosso,32873,Pirapitinga,0.8
2024,5103403,Cuiabá - MT,Mato Grosso,32875,"Tambacu, tambatinga",380.0
2024,5103403,Cuiabá - MT,Mato Grosso,32876,Tambaqui,60.909
2024,5103403,Cuiabá - MT,Mato Grosso,32877,Tilápia,8.0
2024,5103437,Curvelândia - MT,Mato Grosso,32872,"Pintado, cachara, cachapira e pintachara, surubim",0.662
2024,5103437,Curvelândia - MT,Mato Grosso,32873,Pirapitinga,1.5
2024,5103437,Curvelândia - MT,Mato Grosso,32875,"Tambacu, tambatinga",3.075
2024,5103437,Curvelândia - MT,Mato Grosso,32876,Tambaqui,1.602
2024,5103452,Denise - MT,Mato Grosso,32867,"Jatuarana, piabanha e piracanjuba",6.0
2024,5103452,Denise - MT,Mato Grosso,32872,"Pintado, cachara, cachapira e pintachara, surubim",10.118
2024,5103452,Denise - MT,Mato Grosso,32875,"Tambacu, tambatinga",31.8
2024,5103452,Denise - MT,Mato Grosso,32877,Tilápia,3.685
2024,5103502,Diamantino - MT,Mato Grosso,32867,"Jatuarana, piabanha e piracanjuba",15.0
2024,5103502,Diamantino - MT,Mato Grosso,32869,Matrinxã,36.975
2024,5103502,Diamantino - MT,Mato Grosso,32870,Pacu e patinga,18.0
2024,5103502,Diamantino - MT,Mato Grosso,32872,"Pintado, cachara, cachapira e pintachara, surubim",26.22
2024,5103502,Diamantino - MT,Mato Grosso,32875,"Tambacu, tambatinga",54.362
2024,5103601,Dom Aquino - MT,Mato Grosso,32872,"Pintado, cachara, cachapira e pintachara, surubim",140.0
2024,5103601,Dom Aquino - MT,Mato Grosso,32875,"Tambacu, tambatinga",40.0
2024,5103601,Dom Aquino - MT,Mato Grosso,32876,Tambaqui,35.0
2024,5103601,Dom Aquino - MT,Mato Grosso,32877,Tilápia,1.675
2024,5103700,Feliz Natal - MT,Mato Grosso,32872,"Pintado, cachara, cachapira e pintachara, surubim",42.0
2024,5103700,Feliz Natal - MT,Mato Grosso,32875,"Tambacu, tambatinga",96.487
2024,5103700,Feliz Natal - MT,Mato Grosso,32876,Tambaqui,6.705
2024,5103700,Feliz Natal - MT,Mato Grosso,32877,Tilápia,6.24
2024,5103809,Figueirópolis D'Oeste - MT,Mato Grosso,32872,"Pintado, cachara, cachapira e pintachara, surubim",2.0
2024,5103809,Figueirópolis D'Oeste - MT,Mato Grosso,32875,"Tambacu, tambatinga",60.0
2024,5103809,Figueirópolis D'Oeste - MT,Mato Grosso,32876,Tambaqui,15.6
2024,5103858,Gaúcha do Norte - MT,Mato Grosso,32869,Matrinxã,0.067
2024,5103858,Gaúcha do Norte - MT,Mato Grosso,32870,Pacu e patinga,0.07
2024,5103858,Gaúcha do Norte - MT,Mato Grosso,32872,"Pintado, cachara, cachapira e pintachara, surubim",3.36
2024,5103858,Gaúcha do Norte - MT,Mato Grosso,32874,Pirarucu,4.0
2024,5103858,Gaúcha do Norte - MT,Mato Grosso,32875,"Tambacu, tambatinga",26.01
2024,5103858,Gaúcha do Norte - MT,Mato Grosso,32876,Tambaqui,9.572
2024,5103858,Gaúcha do Norte - MT,Mato Grosso,32877,Tilápia,8.537
2024,5103908,General Carneiro - MT,Mato Grosso,32870,Pacu e patinga,0.2
2024,5103908,General Carneiro - MT,Mato Grosso,32872,"Pintado, cachara, cachapira e pintachara, surubim",1.5
2024,5103908,General Carneiro - MT,Mato Grosso,32875,"Tambacu, tambatinga",5.4
2024,5103908,General Carneiro - MT,Mato Grosso,32876,Tambaqui,3.0
2024,5103957,Glória D'Oeste - MT,Mato Grosso,32870,Pacu e patinga,0.67
2024,5103957,Glória D'Oeste - MT,Mato Grosso,32872,"Pintado, cachara, cachapira e pintachara, surubim",0.46
2024,5103957,Glória D'Oeste - MT,Mato Grosso,32875,"Tambacu, tambatinga",68.122
2024,5103957,Glória D'Oeste - MT,Mato Grosso,32876,Tambaqui,84.825
2024,5104104,Guarantã do Norte - MT,Mato Grosso,32869,Matrinxã,2.5
2024,5104104,Guarantã do Norte - MT,Mato Grosso,32871,"Piau, piapara, piauçu, piava",0.5
2024,5104104,Guarantã do Norte - MT,Mato Grosso,32872,"Pintado, cachara, cachapira e pintachara, surubim",6.0
2024,5104104,Guarantã do Norte - MT,Mato Grosso,32875,"Tambacu, tambatinga",80.197
2024,5104104,Guarantã do Norte - MT,Mato Grosso,32876,Tambaqui,5.8
2024,5104104,Guarantã do Norte - MT,Mato Grosso,32877,Tilápia,2.5
2024,5104203,Guiratinga - MT,Mato Grosso,32865,"Curimatã, curimbatá",0.2
2024,5104203,Guiratinga - MT,Mato Grosso,32866,Dourado,0.05
2024,5104203,Guiratinga - MT,Mato Grosso,32869,Matrinxã,9.225
2024,5104203,Guiratinga - MT,Mato Grosso,32870,Pacu e patinga,0.08
2024,5104203,Guiratinga - MT,Mato Grosso,32872,"Pintado, cachara, cachapira e pintachara, surubim",57.107
2024,5104203,Guiratinga - MT,Mato Grosso,32874,Pirarucu,0.2
2024,5104203,Guiratinga - MT,Mato Grosso,32875,"Tambacu, tambatinga",44.196
2024,5104203,Guiratinga - MT,Mato Grosso,32876,Tambaqui,1.734
2024,5104203,Guiratinga - MT,Mato Grosso,32877,Tilápia,1.525
2024,5104500,Indiavaí - MT,Mato Grosso,32869,Matrinxã,1.125
2024,5104500,Indiavaí - MT,Mato Grosso,32870,Pacu e patinga,1.5
2024,5104500,Indiavaí - MT,Mato Grosso,32872,"Pintado, cachara, cachapira e pintachara, surubim",2.634
2024,5104500,Indiavaí - MT,Mato Grosso,32875,"Tambacu, tambatinga",32.167
2024,5104500,Indiavaí - MT,Mato Grosso,32876,Tambaqui,4.425
2024,5104526,Ipiranga do Norte - MT,Mato Grosso,32872,"Pintado, cachara, cachapira e pintachara, surubim",245.0
2024,5104526,Ipiranga do Norte - MT,Mato Grosso,32875,"Tambacu, tambatinga",278.055
2024,5104526,Ipiranga do Norte - MT,Mato Grosso,32876,Tambaqui,8.85
2024,5104526,Ipiranga do Norte - MT,Mato Grosso,32877,Tilápia,5.04
2024,5104542,Itanhangá - MT,Mato Grosso,32869,Matrinxã,1.5
2024,5104542,Itanhangá - MT,Mato Grosso,32872,"Pintado, cachara, cachapira e pintachara, surubim",36.468
2024,5104542,Itanhangá - MT,Mato Grosso,32875,"Tambacu, tambatinga",165.45
2024,5104542,Itanhangá - MT,Mato Grosso,32876,Tambaqui,28.08
2024,5104542,Itanhangá - MT,Mato Grosso,32877,Tilápia,9.468
2024,5104559,Itaúba - MT,Mato Grosso,32867,"Jatuarana, piabanha e piracanjuba",0.7
2024,5104559,Itaúba - MT,Mato Grosso,32872,"Pintado, cachara, cachapira e pintachara, surubim",57.0
2024,5104559,Itaúba - MT,Mato Grosso,32875,"Tambacu, tambatinga",6.8
2024,5104559,Itaúba - MT,Mato Grosso,32876,Tambaqui,16.522
2024,5104559,Itaúba - MT,Mato Grosso,32877,Tilápia,1.875
2024,5104609,Itiquira - MT,Mato Grosso,32866,Dourado,1.0
2024,5104609,Itiquira - MT,Mato Grosso,32869,Matrinxã,0.3
2024,5104609,Itiquira - MT,Mato Grosso,32872,"Pintado, cachara, cachapira e pintachara, surubim",8.97
2024,5104609,Itiquira - MT,Mato Grosso,32875,"Tambacu, tambatinga",11.362
2024,5104609,Itiquira - MT,Mato Grosso,32876,Tambaqui,0.9
2024,5104807,Jaciara - MT,Mato Grosso,32865,"Curimatã, curimbatá",0.02
2024,5104807,Jaciara - MT,Mato Grosso,32869,Matrinxã,17.887
2024,5104807,Jaciara - MT,Mato Grosso,32870,Pacu e patinga,0.4
2024,5104807,Jaciara - MT,Mato Grosso,32872,"Pintado, cachara, cachapira e pintachara, surubim",25.0
2024,5104807,Jaciara - MT,Mato Grosso,32875,"Tambacu, tambatinga",210.0
2024,5104807,Jaciara - MT,Mato Grosso,32876,Tambaqui,0.615
2024,5104807,Jaciara - MT,Mato Grosso,32877,Tilápia,25.0
2024,5104906,Jangada - MT,Mato Grosso,32872,"Pintado, cachara, cachapira e pintachara, surubim",6.0
2024,5104906,Jangada - MT,Mato Grosso,32875,"Tambacu, tambatinga",200.0
2024,5105002,Jauru - MT,Mato Grosso,32872,"Pintado, cachara, cachapira e pintachara, surubim",0.6
2024,5105002,Jauru - MT,Mato Grosso,32875,"Tambacu, tambatinga",13.0
2024,5105002,Jauru - MT,Mato Grosso,32876,Tambaqui,6.3
2024,5105101,Juara - MT,Mato Grosso,32869,Matrinxã,5.0
2024,5105101,Juara - MT,Mato Grosso,32871,"Piau, piapara, piauçu, piava",0.8
2024,5105101,Juara - MT,Mato Grosso,32872,"Pintado, cachara, cachapira e pintachara, surubim",22.5
2024,5105101,Juara - MT,Mato Grosso,32875,"Tambacu, tambatinga",24.191
2024,5105101,Juara - MT,Mato Grosso,32876,Tambaqui,18.825
2024,5105101,Juara - MT,Mato Grosso,32877,Tilápia,3.022
2024,5105150,Juína - MT,Mato Grosso,32869,Matrinxã,303.21
2024,5105150,Juína - MT,Mato Grosso,32872,"Pintado, cachara, cachapira e pintachara, surubim",420.0
2024,5105150,Juína - MT,Mato Grosso,32873,Pirapitinga,110.0
2024,5105150,Juína - MT,Mato Grosso,32874,Pirarucu,38.0
2024,5105150,Juína - MT,Mato Grosso,32875,"Tambacu, tambatinga",150.0
2024,5105150,Juína - MT,Mato Grosso,32876,Tambaqui,280.0
2024,5105150,Juína - MT,Mato Grosso,32877,Tilápia,11.833
2024,5105176,Juruena - MT,Mato Grosso,32869,Matrinxã,0.982
2024,5105176,Juruena - MT,Mato Grosso,32871,"Piau, piapara, piauçu, piava",1.5
2024,5105176,Juruena - MT,Mato Grosso,32872,"Pintado, cachara, cachapira e pintachara, surubim",3.243
2024,5105176,Juruena - MT,Mato Grosso,32873,Pirapitinga,1.4
2024,5105176,Juruena - MT,Mato Grosso,32874,Pirarucu,65.0
2024,5105176,Juruena - MT,Mato Grosso,32875,"Tambacu, tambatinga",15.98
2024,5105176,Juruena - MT,Mato Grosso,32876,Tambaqui,2.325
2024,5105176,Juruena - MT,Mato Grosso,32877,Tilápia,0.5
2024,5105200,Juscimeira - MT,Mato Grosso,32869,Matrinxã,0.028
2024,5105200,Juscimeira - MT,Mato Grosso,32872,"Pintado, cachara, cachapira e pintachara, surubim",3.248
2024,5105200,Juscimeira - MT,Mato Grosso,32875,"Tambacu, tambatinga",220.0
2024,5105200,Juscimeira - MT,Mato Grosso,32876,Tambaqui,0.262
2024,5105200,Juscimeira - MT,Mato Grosso,32877,Tilápia,520.0
2024,5105234,Lambari D'Oeste - MT,Mato Grosso,32872,"Pintado, cachara, cachapira e pintachara, surubim",5.625
2024,5105234,Lambari D'Oeste - MT,Mato Grosso,32875,"Tambacu, tambatinga",7.575
2024,5105234,Lambari D'Oeste - MT,Mato Grosso,32876,Tambaqui,5.261
2024,5105259,Lucas do Rio Verde - MT,Mato Grosso,32869,Matrinxã,1.2
2024,5105259,Lucas do Rio Verde - MT,Mato Grosso,32872,"Pintado, cachara, cachapira e pintachara, surubim",96.391
2024,5105259,Lucas do Rio Verde - MT,Mato Grosso,32875,"Tambacu, tambatinga",276.54
2024,5105259,Lucas do Rio Verde - MT,Mato Grosso,32876,Tambaqui,97.614
2024,5105259,Lucas do Rio Verde - MT,Mato Grosso,32877,Tilápia,1.2
2024,5105309,Luciara - MT,Mato Grosso,32875,"Tambacu, tambatinga",2.025
2024,5105309,Luciara - MT,Mato Grosso,32876,Tambaqui,4.0
2024,5105507,Vila Bela da Santíssima Trindade - MT,Mato Grosso,32867,"Jatuarana, piabanha e piracanjuba",0.5
2024,5105507,Vila Bela da Santíssima Trindade - MT,Mato Grosso,32872,"Pintado, cachara, cachapira e pintachara, surubim",2.0
2024,5105507,Vila Bela da Santíssima Trindade - MT,Mato Grosso,32875,"Tambacu, tambatinga",35.0
2024,5105580,Marcelândia - MT,Mato Grosso,32871,"Piau, piapara, piauçu, piava",0.2
2024,5105580,Marcelândia - MT,Mato Grosso,32872,"Pintado, cachara, cachapira e pintachara, surubim",7.2
2024,5105580,Marcelândia - MT,Mato Grosso,32875,"Tambacu, tambatinga",26.837
2024,5105580,Marcelândia - MT,Mato Grosso,32876,Tambaqui,19.552
2024,5105580,Marcelândia - MT,Mato Grosso,32877,Tilápia,2.0
2024,5105606,Matupá - MT,Mato Grosso,32872,"Pintado, cachara, cachapira e pintachara, surubim",8.0
2024,5105606,Matupá - MT,Mato Grosso,32874,Pirarucu,1.1
2024,5105606,Matupá - MT,Mato Grosso,32875,"Tambacu, tambatinga",15.087
2024,5105606,Matupá - MT,Mato Grosso,32876,Tambaqui,60.0
2024,5105606,Matupá - MT,Mato Grosso,32877,Tilápia,7.5
2024,5105622,Mirassol d'Oeste - MT,Mato Grosso,32869,Matrinxã,0.75
2024,5105622,Mirassol d'Oeste - MT,Mato Grosso,32872,"Pintado, cachara, cachapira e pintachara, surubim",1.0
2024,5105622,Mirassol d'Oeste - MT,Mato Grosso,32875,"Tambacu, tambatinga",67.68
2024,5105622,Mirassol d'Oeste - MT,Mato Grosso,32876,Tambaqui,0.651
2024,5105903,Nobres - MT,Mato Grosso,32870,Pacu e patinga,25.0
2024,5105903,Nobres - MT,Mato Grosso,32872,"Pintado, cachara, cachapira e pintachara, surubim",2.55
2024,5105903,Nobres - MT,Mato Grosso,32873,Pirapitinga,12.0
2024,5105903,Nobres - MT,Mato Grosso,32874,Pirarucu,12.0
2024,5105903,Nobres - MT,Mato Grosso,32875,"Tambacu, tambatinga",230.0
2024,5105903,Nobres - MT,Mato Grosso,32876,Tambaqui,12.6
2024,5105903,Nobres - MT,Mato Grosso,32877,Tilápia,25.0
2024,5106000,Nortelândia - MT,Mato Grosso,32872,"Pintado, cachara, cachapira e pintachara, surubim",7.2
2024,5106000,Nortelândia - MT,Mato Grosso,32875,"Tambacu, tambatinga",23.8
2024,5106000,Nortelândia - MT,Mato Grosso,32877,Tilápia,300.0
2024,5106109,Nossa Senhora do Livramento - MT,Mato Grosso,32869,Matrinxã,87.75
2024,5106109,Nossa Senhora do Livramento - MT,Mato Grosso,32871,"Piau, piapara, piauçu, piava",26.0
2024,5106109,Nossa Senhora do Livramento - MT,Mato Grosso,32872,"Pintado, cachara, cachapira e pintachara, surubim",190.0
2024,5106109,Nossa Senhora do Livramento - MT,Mato Grosso,32873,Pirapitinga,1.5
2024,5106109,Nossa Senhora do Livramento - MT,Mato Grosso,32875,"Tambacu, tambatinga",2400.0
2024,5106109,Nossa Senhora do Livramento - MT,Mato Grosso,32876,Tambaqui,190.0
2024,5106109,Nossa Senhora do Livramento - MT,Mato Grosso,32877,Tilápia,14.8
2024,5106158,Nova Bandeirantes - MT,Mato Grosso,32869,Matrinxã,2.287
2024,5106158,Nova Bandeirantes - MT,Mato Grosso,32871,"Piau, piapara, piauçu, piava",1.0
2024,5106158,Nova Bandeirantes - MT,Mato Grosso,32872,"Pintado, cachara, cachapira e pintachara, surubim",2.761
2024,5106158,Nova Bandeirantes - MT,Mato Grosso,32875,"Tambacu, tambatinga",11.235
2024,5106158,Nova Bandeirantes - MT,Mato Grosso,32876,Tambaqui,17.782
2024,5106158,Nova Bandeirantes - MT,Mato Grosso,32877,Tilápia,0.137
2024,5106182,Nova Lacerda - MT,Mato Grosso,32872,"Pintado, cachara, cachapira e pintachara, surubim",1.0
2024,5106182,Nova Lacerda - MT,Mato Grosso,32875,"Tambacu, tambatinga",315.0
2024,5106190,Nova Santa Helena - MT,Mato Grosso,32872,"Pintado, cachara, cachapira e pintachara, surubim",2.99
2024,5106190,Nova Santa Helena - MT,Mato Grosso,32875,"Tambacu, tambatinga",15.5
2024,5106190,Nova Santa Helena - MT,Mato Grosso,32876,Tambaqui,56.475
2024,5106190,Nova Santa Helena - MT,Mato Grosso,32877,Tilápia,1.4
2024,5106208,Nova Brasilândia - MT,Mato Grosso,32869,Matrinxã,0.375
2024,5106208,Nova Brasilândia - MT,Mato Grosso,32872,"Pintado, cachara, cachapira e pintachara, surubim",0.623
2024,5106208,Nova Brasilândia - MT,Mato Grosso,32874,Pirarucu,0.1
2024,5106208,Nova Brasilândia - MT,Mato Grosso,32875,"Tambacu, tambatinga",2.252
2024,5106208,Nova Brasilândia - MT,Mato Grosso,32876,Tambaqui,0.187
2024,5106216,Nova Canaã do Norte - MT,Mato Grosso,32871,"Piau, piapara, piauçu, piava",2.0
2024,5106216,Nova Canaã do Norte - MT,Mato Grosso,32872,"Pintado, cachara, cachapira e pintachara, surubim",5.579
2024,5106216,Nova Canaã do Norte - MT,Mato Grosso,32875,"Tambacu, tambatinga",11.307
2024,5106216,Nova Canaã do Norte - MT,Mato Grosso,32876,Tambaqui,2.922
2024,5106224,Nova Mutum - MT,Mato Grosso,32869,Matrinxã,87.45
2024,5106224,Nova Mutum - MT,Mato Grosso,32872,"Pintado, cachara, cachapira e pintachara, surubim",324.696
2024,5106224,Nova Mutum - MT,Mato Grosso,32875,"Tambacu, tambatinga",783.257
2024,5106224,Nova Mutum - MT,Mato Grosso,32876,Tambaqui,98.466
2024,5106224,Nova Mutum - MT,Mato Grosso,32877,Tilápia,6.121
2024,5106232,Nova Olímpia - MT,Mato Grosso,32867,"Jatuarana, piabanha e piracanjuba",7.985
2024,5106232,Nova Olímpia - MT,Mato Grosso,32870,Pacu e patinga,4.362
2024,5106232,Nova Olímpia - MT,Mato Grosso,32871,"Piau, piapara, piauçu, piava",1.688
2024,5106232,Nova Olímpia - MT,Mato Grosso,32872,"Pintado, cachara, cachapira e pintachara, surubim",32.86
2024,5106232,Nova Olímpia - MT,Mato Grosso,32874,Pirarucu,0.895
2024,5106232,Nova Olímpia - MT,Mato Grosso,32875,"Tambacu, tambatinga",63.98
2024,5106232,Nova Olímpia - MT,Mato Grosso,32877,Tilápia,5.66
2024,5106240,Nova Ubiratã - MT,Mato Grosso,32869,Matrinxã,155.258
2024,5106240,Nova Ubiratã - MT,Mato Grosso,32872,"Pintado, cachara, cachapira e pintachara, surubim",426.963
2024,5106240,Nova Ubiratã - MT,Mato Grosso,32875,"Tambacu, tambatinga",986.273
2024,5106240,Nova Ubiratã - MT,Mato Grosso,32876,Tambaqui,122.43
2024,5106240,Nova Ubiratã - MT,Mato Grosso,32877,Tilápia,4.56
2024,5106257,Nova Xavantina - MT,Mato Grosso,32869,Matrinxã,90.0
2024,5106257,Nova Xavantina - MT,Mato Grosso,32870,Pacu e patinga,295.0
2024,5106257,Nova Xavantina - MT,Mato Grosso,32871,"Piau, piapara, piauçu, piava",295.0
2024,5106257,Nova Xavantina - MT,Mato Grosso,32872,"Pintado, cachara, cachapira e pintachara, surubim",54.88
2024,5106257,Nova Xavantina - MT,Mato Grosso,32875,"Tambacu, tambatinga",197.0
2024,5106257,Nova Xavantina - MT,Mato Grosso,32876,Tambaqui,36.0
2024,5106257,Nova Xavantina - MT,Mato Grosso,32877,Tilápia,14.0
2024,5106265,Novo Mundo - MT,Mato Grosso,32871,"Piau, piapara, piauçu, piava",0.4
2024,5106265,Novo Mundo - MT,Mato Grosso,32872,"Pintado, cachara, cachapira e pintachara, surubim",2.3
2024,5106265,Novo Mundo - MT,Mato Grosso,32875,"Tambacu, tambatinga",16.107
2024,5106265,Novo Mundo - MT,Mato Grosso,32876,Tambaqui,15.412
2024,5106265,Novo Mundo - MT,Mato Grosso,32877,Tilápia,1.2
2024,5106273,Novo Horizonte do Norte - MT,Mato Grosso,32872,"Pintado, cachara, cachapira e pintachara, surubim",20.741
2024,5106273,Novo Horizonte do Norte - MT,Mato Grosso,32874,Pirarucu,0.5
2024,5106273,Novo Horizonte do Norte - MT,Mato Grosso,32875,"Tambacu, tambatinga",24.534
2024,5106273,Novo Horizonte do Norte - MT,Mato Grosso,32876,Tambaqui,21.847
2024,5106273,Novo Horizonte do Norte - MT,Mato Grosso,32877,Tilápia,2.0
2024,5106281,Novo São Joaquim - MT,Mato Grosso,32869,Matrinxã,0.3
2024,5106281,Novo São Joaquim - MT,Mato Grosso,32872,"Pintado, cachara, cachapira e pintachara, surubim",15.0
2024,5106281,Novo São Joaquim - MT,Mato Grosso,32875,"Tambacu, tambatinga",1.5
2024,5106281,Novo São Joaquim - MT,Mato Grosso,32876,Tambaqui,0.5
2024,5106281,Novo São Joaquim - MT,Mato Grosso,32877,Tilápia,0.75
2024,5106299,Paranaíta - MT,Mato Grosso,32869,Matrinxã,23.311
2024,5106299,Paranaíta - MT,Mato Grosso,32870,Pacu e patinga,0.912
2024,5106299,Paranaíta - MT,Mato Grosso,32871,"Piau, piapara, piauçu, piava",4.237
2024,5106299,Paranaíta - MT,Mato Grosso,32872,"Pintado, cachara, cachapira e pintachara, surubim",110.31
2024,5106299,Paranaíta - MT,Mato Grosso,32875,"Tambacu, tambatinga",702.0
2024,5106299,Paranaíta - MT,Mato Grosso,32876,Tambaqui,88.11
2024,5106307,Paranatinga - MT,Mato Grosso,32869,Matrinxã,0.4
2024,5106307,Paranatinga - MT,Mato Grosso,32870,Pacu e patinga,0.7
2024,5106307,Paranatinga - MT,Mato Grosso,32872,"Pintado, cachara, cachapira e pintachara, surubim",51.11
2024,5106307,Paranatinga - MT,Mato Grosso,32874,Pirarucu,92.0
2024,5106307,Paranatinga - MT,Mato Grosso,32875,"Tambacu, tambatinga",19.138
2024,5106307,Paranatinga - MT,Mato Grosso,32876,Tambaqui,16.125
2024,5106307,Paranatinga - MT,Mato Grosso,32877,Tilápia,0.7
2024,5106315,Novo Santo Antônio - MT,Mato Grosso,32869,Matrinxã,0.18
2024,5106315,Novo Santo Antônio - MT,Mato Grosso,32872,"Pintado, cachara, cachapira e pintachara, surubim",0.85
2024,5106315,Novo Santo Antônio - MT,Mato Grosso,32875,"Tambacu, tambatinga",2.1
2024,5106315,Novo Santo Antônio - MT,Mato Grosso,32876,Tambaqui,3.6
2024,5106372,Pedra Preta - MT,Mato Grosso,32869,Matrinxã,0.36
2024,5106372,Pedra Preta - MT,Mato Grosso,32872,"Pintado, cachara, cachapira e pintachara, surubim",2.472
2024,5106372,Pedra Preta - MT,Mato Grosso,32875,"Tambacu, tambatinga",5.985
2024,5106372,Pedra Preta - MT,Mato Grosso,32876,Tambaqui,2.25
2024,5106422,Peixoto de Azevedo - MT,Mato Grosso,32869,Matrinxã,8.437
2024,5106422,Peixoto de Azevedo - MT,Mato Grosso,32872,"Pintado, cachara, cachapira e pintachara, surubim",11.528
2024,5106422,Peixoto de Azevedo - MT,Mato Grosso,32874,Pirarucu,10.8
2024,5106422,Peixoto de Azevedo - MT,Mato Grosso,32875,"Tambacu, tambatinga",27.217
2024,5106422,Peixoto de Azevedo - MT,Mato Grosso,32876,Tambaqui,29.025
2024,5106455,Planalto da Serra - MT,Mato Grosso,32872,"Pintado, cachara, cachapira e pintachara, surubim",15.87
2024,5106455,Planalto da Serra - MT,Mato Grosso,32875,"Tambacu, tambatinga",8.695
2024,5106505,Poconé - MT,Mato Grosso,32869,Matrinxã,0.54
2024,5106505,Poconé - MT,Mato Grosso,32872,"Pintado, cachara, cachapira e pintachara, surubim",21.574
2024,5106505,Poconé - MT,Mato Grosso,32875,"Tambacu, tambatinga",381.367
2024,5106505,Poconé - MT,Mato Grosso,32876,Tambaqui,5.122
2024,5106505,Poconé - MT,Mato Grosso,32877,Tilápia,0.15
2024,5106653,Pontal do Araguaia - MT,Mato Grosso,32870,Pacu e patinga,2.0
2024,5106653,Pontal do Araguaia - MT,Mato Grosso,32871,"Piau, piapara, piauçu, piava",0.2
2024,5106653,Pontal do Araguaia - MT,Mato Grosso,32872,"Pintado, cachara, cachapira e pintachara, surubim",15.8
2024,5106653,Pontal do Araguaia - MT,Mato Grosso,32874,Pirarucu,0.04
2024,5106653,Pontal do Araguaia - MT,Mato Grosso,32875,"Tambacu, tambatinga",37.5
2024,5106653,Pontal do Araguaia - MT,Mato Grosso,32876,Tambaqui,1.5
2024,5106653,Pontal do Araguaia - MT,Mato Grosso,32877,Tilápia,0.35
2024,5106752,Pontes e Lacerda - MT,Mato Grosso,32867,"Jatuarana, piabanha e piracanjuba",1.0
2024,5106752,Pontes e Lacerda - MT,Mato Grosso,32869,Matrinxã,3.4
2024,5106752,Pontes e Lacerda - MT,Mato Grosso,32871,"Piau, piapara, piauçu, piava",1.0
2024,5106752,Pontes e Lacerda - MT,Mato Grosso,32872,"Pintado, cachara, cachapira e pintachara, surubim",2.6
2024,5106752,Pontes e Lacerda - MT,Mato Grosso,32875,"Tambacu, tambatinga",205.0
2024,5106752,Pontes e Lacerda - MT,Mato Grosso,32876,Tambaqui,37.0
2024,5106752,Pontes e Lacerda - MT,Mato Grosso,32877,Tilápia,7.0
2024,5106778,Porto Alegre do Norte - MT,Mato Grosso,32870,Pacu e patinga,2.5
2024,5106778,Porto Alegre do Norte - MT,Mato Grosso,32872,"Pintado, cachara, cachapira e pintachara, surubim",6.5
2024,5106778,Porto Alegre do Norte - MT,Mato Grosso,32875,"Tambacu, tambatinga",3.5
2024,5106802,Porto dos Gaúchos - MT,Mato Grosso,32869,Matrinxã,0.415
2024,5106802,Porto dos Gaúchos - MT,Mato Grosso,32872,"Pintado, cachara, cachapira e pintachara, surubim",15.268
2024,5106802,Porto dos Gaúchos - MT,Mato Grosso,32874,Pirarucu,0.8
2024,5106802,Porto dos Gaúchos - MT,Mato Grosso,32875,"Tambacu, tambatinga",18.768
2024,5106802,Porto dos Gaúchos - MT,Mato Grosso,32876,Tambaqui,14.0
2024,5106802,Porto dos Gaúchos - MT,Mato Grosso,32877,Tilápia,0.175
2024,5106828,Porto Esperidião - MT,Mato Grosso,32872,"Pintado, cachara, cachapira e pintachara, surubim",3.731
2024,5106828,Porto Esperidião - MT,Mato Grosso,32875,"Tambacu, tambatinga",36.742
2024,5106828,Porto Esperidião - MT,Mato Grosso,32876,Tambaqui,22.2
2024,5106851,Porto Estrela - MT,Mato Grosso,32870,Pacu e patinga,0.495
2024,5106851,Porto Estrela - MT,Mato Grosso,32871,"Piau, piapara, piauçu, piava",0.695
2024,5106851,Porto Estrela - MT,Mato Grosso,32872,"Pintado, cachara, cachapira e pintachara, surubim",0.76
2024,5106851,Porto Estrela - MT,Mato Grosso,32875,"Tambacu, tambatinga",30.869
2024,5106851,Porto Estrela - MT,Mato Grosso,32877,Tilápia,0.742
2024,5107008,Poxoréu - MT,Mato Grosso,32869,Matrinxã,12.0
2024,5107008,Poxoréu - MT,Mato Grosso,32872,"Pintado, cachara, cachapira e pintachara, surubim",40.0
2024,5107008,Poxoréu - MT,Mato Grosso,32875,"Tambacu, tambatinga",106.5
2024,5107008,Poxoréu - MT,Mato Grosso,32876,Tambaqui,2.085
2024,5107008,Poxoréu - MT,Mato Grosso,32877,Tilápia,7.792
2024,5107040,Primavera do Leste - MT,Mato Grosso,32872,"Pintado, cachara, cachapira e pintachara, surubim",26.448
2024,5107040,Primavera do Leste - MT,Mato Grosso,32875,"Tambacu, tambatinga",37.916
2024,5107040,Primavera do Leste - MT,Mato Grosso,32876,Tambaqui,8.25
2024,5107065,Querência - MT,Mato Grosso,32869,Matrinxã,5.235
2024,5107065,Querência - MT,Mato Grosso,32870,Pacu e patinga,9.5
2024,5107065,Querência - MT,Mato Grosso,32871,"Piau, piapara, piauçu, piava",3.5
2024,5107065,Querência - MT,Mato Grosso,32872,"Pintado, cachara, cachapira e pintachara, surubim",6.0
2024,5107065,Querência - MT,Mato Grosso,32874,Pirarucu,2.1
2024,5107065,Querência - MT,Mato Grosso,32875,"Tambacu, tambatinga",50.8
2024,5107065,Querência - MT,Mato Grosso,32876,Tambaqui,35.0
2024,5107107,São José dos Quatro Marcos - MT,Mato Grosso,32869,Matrinxã,0.375
2024,5107107,São José dos Quatro Marcos - MT,Mato Grosso,32870,Pacu e patinga,1.5
2024,5107107,São José dos Quatro Marcos - MT,Mato Grosso,32872,"Pintado, cachara, cachapira e pintachara, surubim",3.392
2024,5107107,São José dos Quatro Marcos - MT,Mato Grosso,32875,"Tambacu, tambatinga",40.803
2024,5107107,São José dos Quatro Marcos - MT,Mato Grosso,32876,Tambaqui,13.413
2024,5107107,São José dos Quatro Marcos - MT,Mato Grosso,32877,Tilápia,2.832
2024,5107156,Reserva do Cabaçal - MT,Mato Grosso,32869,Matrinxã,0.262
2024,5107156,Reserva do Cabaçal - MT,Mato Grosso,32872,"Pintado, cachara, cachapira e pintachara, surubim",0.715
2024,5107156,Reserva do Cabaçal - MT,Mato Grosso,32875,"Tambacu, tambatinga",7.799
2024,5107156,Reserva do Cabaçal - MT,Mato Grosso,32876,Tambaqui,2.925
2024,5107180,Ribeirão Cascalheira - MT,Mato Grosso,32867,"Jatuarana, piabanha e piracanjuba",0.5
2024,5107180,Ribeirão Cascalheira - MT,Mato Grosso,32869,Matrinxã,8.0
2024,5107180,Ribeirão Cascalheira - MT,Mato Grosso,32870,Pacu e patinga,10.0
2024,5107180,Ribeirão Cascalheira - MT,Mato Grosso,32872,"Pintado, cachara, cachapira e pintachara, surubim",6.0
2024,5107180,Ribeirão Cascalheira - MT,Mato Grosso,32875,"Tambacu, tambatinga",31.0
2024,5107180,Ribeirão Cascalheira - MT,Mato Grosso,32876,Tambaqui,5.2
2024,5107180,Ribeirão Cascalheira - MT,Mato Grosso,32877,Tilápia,0.5
2024,5107198,Ribeirãozinho - MT,Mato Grosso,32871,"Piau, piapara, piauçu, piava",0.1
2024,5107206,Rio Branco - MT,Mato Grosso,32872,"Pintado, cachara, cachapira e pintachara, surubim",0.264
2024,5107206,Rio Branco - MT,Mato Grosso,32875,"Tambacu, tambatinga",14.445
2024,5107206,Rio Branco - MT,Mato Grosso,32876,Tambaqui,0.326
2024,5107248,Santa Carmem - MT,Mato Grosso,32869,Matrinxã,0.487
2024,5107248,Santa Carmem - MT,Mato Grosso,32872,"Pintado, cachara, cachapira e pintachara, surubim",28.75
2024,5107248,Santa Carmem - MT,Mato Grosso,32875,"Tambacu, tambatinga",21.785
2024,5107248,Santa Carmem - MT,Mato Grosso,32876,Tambaqui,2.062
2024,5107248,Santa Carmem - MT,Mato Grosso,32877,Tilápia,0.55
2024,5107263,Santo Afonso - MT,Mato Grosso,32872,"Pintado, cachara, cachapira e pintachara, surubim",10.65
2024,5107263,Santo Afonso - MT,Mato Grosso,32875,"Tambacu, tambatinga",22.86
2024,5107297,São José do Povo - MT,Mato Grosso,32869,Matrinxã,0.8
2024,5107297,São José do Povo - MT,Mato Grosso,32872,"Pintado, cachara, cachapira e pintachara, surubim",0.42
2024,5107297,São José do Povo - MT,Mato Grosso,32875,"Tambacu, tambatinga",7.8
2024,5107297,São José do Povo - MT,Mato Grosso,32877,Tilápia,0.58
2024,5107305,São José do Rio Claro - MT,Mato Grosso,32872,"Pintado, cachara, cachapira e pintachara, surubim",9.2
2024,5107305,São José do Rio Claro - MT,Mato Grosso,32875,"Tambacu, tambatinga",14.3
2024,5107305,São José do Rio Claro - MT,Mato Grosso,32877,Tilápia,2.5
2024,5107354,São José do Xingu - MT,Mato Grosso,32861,Carpa,3.0
2024,5107354,São José do Xingu - MT,Mato Grosso,32867,"Jatuarana, piabanha e piracanjuba",17.0
2024,5107354,São José do Xingu - MT,Mato Grosso,32870,Pacu e patinga,7.6
2024,5107354,São José do Xingu - MT,Mato Grosso,32871,"Piau, piapara, piauçu, piava",6.0
2024,5107354,São José do Xingu - MT,Mato Grosso,32872,"Pintado, cachara, cachapira e pintachara, surubim",7.0
2024,5107354,São José do Xingu - MT,Mato Grosso,32874,Pirarucu,0.8
2024,5107354,São José do Xingu - MT,Mato Grosso,32875,"Tambacu, tambatinga",30.0
2024,5107354,São José do Xingu - MT,Mato Grosso,32876,Tambaqui,8.0
2024,5107404,São Pedro da Cipa - MT,Mato Grosso,32870,Pacu e patinga,1.0
2024,5107404,São Pedro da Cipa - MT,Mato Grosso,32872,"Pintado, cachara, cachapira e pintachara, surubim",0.25
2024,5107404,São Pedro da Cipa - MT,Mato Grosso,32875,"Tambacu, tambatinga",5.0
2024,5107404,São Pedro da Cipa - MT,Mato Grosso,32877,Tilápia,0.4
2024,5107578,Rondolândia - MT,Mato Grosso,32876,Tambaqui,1.0
2024,5107602,Rondonópolis - MT,Mato Grosso,32869,Matrinxã,12.0
2024,5107602,Rondonópolis - MT,Mato Grosso,32872,"Pintado, cachara, cachapira e pintachara, surubim",40.0
2024,5107602,Rondonópolis - MT,Mato Grosso,32874,Pirarucu,0.1
2024,5107602,Rondonópolis - MT,Mato Grosso,32875,"Tambacu, tambatinga",380.0
2024,5107602,Rondonópolis - MT,Mato Grosso,32876,Tambaqui,42.0
2024,5107602,Rondonópolis - MT,Mato Grosso,32877,Tilápia,12.5
2024,5107701,Rosário Oeste - MT,Mato Grosso,32865,"Curimatã, curimbatá",0.5
2024,5107701,Rosário Oeste - MT,Mato Grosso,32867,"Jatuarana, piabanha e piracanjuba",105.0
2024,5107701,Rosário Oeste - MT,Mato Grosso,32869,Matrinxã,40.0
2024,5107701,Rosário Oeste - MT,Mato Grosso,32870,Pacu e patinga,6.0
2024,5107701,Rosário Oeste - MT,Mato Grosso,32872,"Pintado, cachara, cachapira e pintachara, surubim",45.0
2024,5107701,Rosário Oeste - MT,Mato Grosso,32875,"Tambacu, tambatinga",180.0
2024,5107701,Rosário Oeste - MT,Mato Grosso,32876,Tambaqui,35.0
2024,5107743,Santa Cruz do Xingu - MT,Mato Grosso,32872,"Pintado, cachara, cachapira e pintachara, surubim",0.54
2024,5107743,Santa Cruz do Xingu - MT,Mato Grosso,32875,"Tambacu, tambatinga",4.0
2024,5107743,Santa Cruz do Xingu - MT,Mato Grosso,32876,Tambaqui,4.0
2024,5107750,Salto do Céu - MT,Mato Grosso,32869,Matrinxã,0.472
2024,5107750,Salto do Céu - MT,Mato Grosso,32872,"Pintado, cachara, cachapira e pintachara, surubim",0.784
2024,5107750,Salto do Céu - MT,Mato Grosso,32875,"Tambacu, tambatinga",12.405
2024,5107750,Salto do Céu - MT,Mato Grosso,32876,Tambaqui,1.5
2024,5107750,Salto do Céu - MT,Mato Grosso,32877,Tilápia,0.287
2024,5107768,Santa Rita do Trivelato - MT,Mato Grosso,32869,Matrinxã,15.15
2024,5107768,Santa Rita do Trivelato - MT,Mato Grosso,32872,"Pintado, cachara, cachapira e pintachara, surubim",65.042
2024,5107768,Santa Rita do Trivelato - MT,Mato Grosso,32875,"Tambacu, tambatinga",263.595
2024,5107768,Santa Rita do Trivelato - MT,Mato Grosso,32876,Tambaqui,0.825
2024,5107768,Santa Rita do Trivelato - MT,Mato Grosso,32877,Tilápia,0.72
2024,5107776,Santa Terezinha - MT,Mato Grosso,32875,"Tambacu, tambatinga",22.0
2024,5107776,Santa Terezinha - MT,Mato Grosso,32876,Tambaqui,3.0
2024,5107792,Santo Antônio do Leste - MT,Mato Grosso,32872,"Pintado, cachara, cachapira e pintachara, surubim",3.162
2024,5107792,Santo Antônio do Leste - MT,Mato Grosso,32873,Pirapitinga,2.0
2024,5107792,Santo Antônio do Leste - MT,Mato Grosso,32874,Pirarucu,0.5
2024,5107792,Santo Antônio do Leste - MT,Mato Grosso,32875,"Tambacu, tambatinga",7.8
2024,5107792,Santo Antônio do Leste - MT,Mato Grosso,32876,Tambaqui,9.6
2024,5107800,Santo Antônio de Leverger - MT,Mato Grosso,32865,"Curimatã, curimbatá",40.0
2024,5107800,Santo Antônio de Leverger - MT,Mato Grosso,32869,Matrinxã,180.0
2024,5107800,Santo Antônio de Leverger - MT,Mato Grosso,32870,Pacu e patinga,21.0
2024,5107800,Santo Antônio de Leverger - MT,Mato Grosso,32871,"Piau, piapara, piauçu, piava",3.0
2024,5107800,Santo Antônio de Leverger - MT,Mato Grosso,32872,"Pintado, cachara, cachapira e pintachara, surubim",30.0
2024,5107800,Santo Antônio de Leverger - MT,Mato Grosso,32873,Pirapitinga,0.2
2024,5107800,Santo Antônio de Leverger - MT,Mato Grosso,32874,Pirarucu,1.8
2024,5107800,Santo Antônio de Leverger - MT,Mato Grosso,32875,"Tambacu, tambatinga",810.0
2024,5107800,Santo Antônio de Leverger - MT,Mato Grosso,32876,Tambaqui,60.0
2024,5107800,Santo Antônio de Leverger - MT,Mato Grosso,32877,Tilápia,2.825
2024,5107859,São Félix do Araguaia - MT,Mato Grosso,32869,Matrinxã,4.95
2024,5107859,São Félix do Araguaia - MT,Mato Grosso,32870,Pacu e patinga,8.0
2024,5107859,São Félix do Araguaia - MT,Mato Grosso,32871,"Piau, piapara, piauçu, piava",1.05
2024,5107859,São Félix do Araguaia - MT,Mato Grosso,32872,"Pintado, cachara, cachapira e pintachara, surubim",2.07
2024,5107859,São Félix do Araguaia - MT,Mato Grosso,32874,Pirarucu,5.1
2024,5107859,São Félix do Araguaia - MT,Mato Grosso,32875,"Tambacu, tambatinga",905.0
2024,5107859,São Félix do Araguaia - MT,Mato Grosso,32876,Tambaqui,195.0
2024,5107875,Sapezal - MT,Mato Grosso,32872,"Pintado, cachara, cachapira e pintachara, surubim",10.683
2024,5107875,Sapezal - MT,Mato Grosso,32875,"Tambacu, tambatinga",23.972
2024,5107883,Serra Nova Dourada - MT,Mato Grosso,32869,Matrinxã,0.75
2024,5107883,Serra Nova Dourada - MT,Mato Grosso,32870,Pacu e patinga,0.8
2024,5107883,Serra Nova Dourada - MT,Mato Grosso,32872,"Pintado, cachara, cachapira e pintachara, surubim",1.6
2024,5107883,Serra Nova Dourada - MT,Mato Grosso,32875,"Tambacu, tambatinga",31.6
2024,5107883,Serra Nova Dourada - MT,Mato Grosso,32876,Tambaqui,0.21
2024,5107909,Sinop - MT,Mato Grosso,32867,"Jatuarana, piabanha e piracanjuba",2.0
2024,5107909,Sinop - MT,Mato Grosso,32869,Matrinxã,2.137
2024,5107909,Sinop - MT,Mato Grosso,32872,"Pintado, cachara, cachapira e pintachara, surubim",37.616
2024,5107909,Sinop - MT,Mato Grosso,32874,Pirarucu,0.4
2024,5107909,Sinop - MT,Mato Grosso,32875,"Tambacu, tambatinga",55.878
2024,5107909,Sinop - MT,Mato Grosso,32876,Tambaqui,5.444
2024,5107909,Sinop - MT,Mato Grosso,32877,Tilápia,2.195
2024,5107925,Sorriso - MT,Mato Grosso,32869,Matrinxã,176.049
2024,5107925,Sorriso - MT,Mato Grosso,32871,"Piau, piapara, piauçu, piava",12.0
2024,5107925,Sorriso - MT,Mato Grosso,32872,"Pintado, cachara, cachapira e pintachara, surubim",2005.699
2024,5107925,Sorriso - MT,Mato Grosso,32875,"Tambacu, tambatinga",1908.331
2024,5107925,Sorriso - MT,Mato Grosso,32876,Tambaqui,1803.238
2024,5107925,Sorriso - MT,Mato Grosso,32877,Tilápia,988.614
2024,5107941,Tabaporã - MT,Mato Grosso,32869,Matrinxã,1.5
2024,5107941,Tabaporã - MT,Mato Grosso,32872,"Pintado, cachara, cachapira e pintachara, surubim",21.965
2024,5107941,Tabaporã - MT,Mato Grosso,32875,"Tambacu, tambatinga",21.037
2024,5107941,Tabaporã - MT,Mato Grosso,32876,Tambaqui,10.597
2024,5107941,Tabaporã - MT,Mato Grosso,32877,Tilápia,0.195
2024,5107958,Tangará da Serra - MT,Mato Grosso,32861,Carpa,2.91
2024,5107958,Tangará da Serra - MT,Mato Grosso,32867,"Jatuarana, piabanha e piracanjuba",12.46
2024,5107958,Tangará da Serra - MT,Mato Grosso,32872,"Pintado, cachara, cachapira e pintachara, surubim",35.085
2024,5107958,Tangará da Serra - MT,Mato Grosso,32875,"Tambacu, tambatinga",77.962
2024,5107958,Tangará da Serra - MT,Mato Grosso,32876,Tambaqui,2.67
2024,5107958,Tangará da Serra - MT,Mato Grosso,32877,Tilápia,6.935
2024,5108006,Tapurah - MT,Mato Grosso,32869,Matrinxã,3.9
2024,5108006,Tapurah - MT,Mato Grosso,32872,"Pintado, cachara, cachapira e pintachara, surubim",44.711
2024,5108006,Tapurah - MT,Mato Grosso,32875,"Tambacu, tambatinga",59.345
2024,5108006,Tapurah - MT,Mato Grosso,32876,Tambaqui,27.485
2024,5108006,Tapurah - MT,Mato Grosso,32877,Tilápia,4.304
2024,5108055,Terra Nova do Norte - MT,Mato Grosso,32871,"Piau, piapara, piauçu, piava",3.1
2024,5108055,Terra Nova do Norte - MT,Mato Grosso,32872,"Pintado, cachara, cachapira e pintachara, surubim",30.757
2024,5108055,Terra Nova do Norte - MT,Mato Grosso,32875,"Tambacu, tambatinga",80.197
2024,5108055,Terra Nova do Norte - MT,Mato Grosso,32876,Tambaqui,27.315
2024,5108105,Tesouro - MT,Mato Grosso,32869,Matrinxã,1.5
2024,5108105,Tesouro - MT,Mato Grosso,32872,"Pintado, cachara, cachapira e pintachara, surubim",5.0
2024,5108105,Tesouro - MT,Mato Grosso,32875,"Tambacu, tambatinga",42.0
2024,5108105,Tesouro - MT,Mato Grosso,32876,Tambaqui,0.4
2024,5108105,Tesouro - MT,Mato Grosso,32877,Tilápia,1.3
2024,5108204,Torixoréu - MT,Mato Grosso,32872,"Pintado, cachara, cachapira e pintachara, surubim",0.5
2024,5108204,Torixoréu - MT,Mato Grosso,32875,"Tambacu, tambatinga",0.6
2024,5108204,Torixoréu - MT,Mato Grosso,32876,Tambaqui,0.45
2024,5108303,União do Sul - MT,Mato Grosso,32869,Matrinxã,1.5
2024,5108303,União do Sul - MT,Mato Grosso,32870,Pacu e patinga,0.8
2024,5108303,União do Sul - MT,Mato Grosso,32872,"Pintado, cachara, cachapira e pintachara, surubim",7.118
2024,5108303,União do Sul - MT,Mato Grosso,32875,"Tambacu, tambatinga",24.896
2024,5108303,União do Sul - MT,Mato Grosso,32876,Tambaqui,7.035
2024,5108303,União do Sul - MT,Mato Grosso,32877,Tilápia,0.175
2024,5108352,Vale de São Domingos - MT,Mato Grosso,32872,"Pintado, cachara, cachapira e pintachara, surubim",1.5
2024,5108352,Vale de São Domingos - MT,Mato Grosso,32875,"Tambacu, tambatinga",25.0
2024,5108352,Vale de São Domingos - MT,Mato Grosso,32876,Tambaqui,5.0
2024,5108402,Várzea Grande - MT,Mato Grosso,32869,Matrinxã,8.47
2024,5108402,Várzea Grande - MT,Mato Grosso,32871,"Piau, piapara, piauçu, piava",3.5
2024,5108402,Várzea Grande - MT,Mato Grosso,32872,"Pintado, cachara, cachapira e pintachara, surubim",13.823
2024,5108402,Várzea Grande - MT,Mato Grosso,32875,"Tambacu, tambatinga",920.0
2024,5108402,Várzea Grande - MT,Mato Grosso,32876,Tambaqui,75.0
2024,5108501,Vera - MT,Mato Grosso,32869,Matrinxã,14.693
2024,5108501,Vera - MT,Mato Grosso,32872,"Pintado, cachara, cachapira e pintachara, surubim",151.177
2024,5108501,Vera - MT,Mato Grosso,32875,"Tambacu, tambatinga",53.162
2024,5108501,Vera - MT,Mato Grosso,32876,Tambaqui,11.483
2024,5108501,Vera - MT,Mato Grosso,32877,Tilápia,105.872
2024,5108600,Vila Rica - MT,Mato Grosso,32869,Matrinxã,3.0
2024,5108600,Vila Rica - MT,Mato Grosso,32870,Pacu e patinga,13.0
2024,5108600,Vila Rica - MT,Mato Grosso,32872,"Pintado, cachara, cachapira e pintachara, surubim",1.4
2024,5108600,Vila Rica - MT,Mato Grosso,32875,"Tambacu, tambatinga",35.0
2024,5108600,Vila Rica - MT,Mato Grosso,32876,Tambaqui,7.0
2024,5108808,Nova Guarita - MT,Mato Grosso,32869,Matrinxã,0.78
2024,5108808,Nova Guarita - MT,Mato Grosso,32871,"Piau, piapara, piauçu, piava",0.2
2024,5108808,Nova Guarita - MT,Mato Grosso,32872,"Pintado, cachara, cachapira e pintachara, surubim",2.909
2024,5108808,Nova Guarita - MT,Mato Grosso,32875,"Tambacu, tambatinga",40.0
2024,5108808,Nova Guarita - MT,Mato Grosso,32876,Tambaqui,45.796
2024,5108857,Nova Marilândia - MT,Mato Grosso,32872,"Pintado, cachara, cachapira e pintachara, surubim",59.8
2024,5108857,Nova Marilândia - MT,Mato Grosso,32875,"Tambacu, tambatinga",171.075
2024,5108857,Nova Marilândia - MT,Mato Grosso,32877,Tilápia,1.5
2024,5108907,Nova Maringá - MT,Mato Grosso,32871,"Piau, piapara, piauçu, piava",4.0
2024,5108907,Nova Maringá - MT,Mato Grosso,32872,"Pintado, cachara, cachapira e pintachara, surubim",82.524
2024,5108907,Nova Maringá - MT,Mato Grosso,32875,"Tambacu, tambatinga",14.38
2024,5108956,Nova Monte Verde - MT,Mato Grosso,32869,Matrinxã,1.8
2024,5108956,Nova Monte Verde - MT,Mato Grosso,32872,"Pintado, cachara, cachapira e pintachara, surubim",2.035
2024,5108956,Nova Monte Verde - MT,Mato Grosso,32874,Pirarucu,5.0
2024,5108956,Nova Monte Verde - MT,Mato Grosso,32875,"Tambacu, tambatinga",10.0
2024,5108956,Nova Monte Verde - MT,Mato Grosso,32876,Tambaqui,55.987
2024,5108956,Nova Monte Verde - MT,Mato Grosso,32877,Tilápia,1.962
2024,5108956,Nova Monte Verde - MT,Mato Grosso,32881,Outros peixes,5.0
2024,5200100,Abadiânia - GO,Goiás,32868,Lambari,60.0
2024,5200100,Abadiânia - GO,Goiás,32877,Tilápia,25.0
2024,5200175,Água Fria de Goiás - GO,Goiás,32871,"Piau, piapara, piauçu, piava",5.4
2024,5200175,Água Fria de Goiás - GO,Goiás,32876,Tambaqui,8.5
2024,5200175,Água Fria de Goiás - GO,Goiás,32877,Tilápia,440.0
2024,5200308,Alexânia - GO,Goiás,32877,Tilápia,12.75
2024,5200506,Aloândia - GO,Goiás,32876,Tambaqui,0.15
2024,5200506,Aloândia - GO,Goiás,32877,Tilápia,0.32
2024,5200555,Alto Horizonte - GO,Goiás,32870,Pacu e patinga,1.8
2024,5200555,Alto Horizonte - GO,Goiás,32871,"Piau, piapara, piauçu, piava",0.3
2024,5200555,Alto Horizonte - GO,Goiás,32872,"Pintado, cachara, cachapira e pintachara, surubim",0.25
2024,5200605,Alto Paraíso de Goiás - GO,Goiás,32870,Pacu e patinga,1.7
2024,5200605,Alto Paraíso de Goiás - GO,Goiás,32871,"Piau, piapara, piauçu, piava",1.95
2024,5200605,Alto Paraíso de Goiás - GO,Goiás,32872,"Pintado, cachara, cachapira e pintachara, surubim",5.2
2024,5200605,Alto Paraíso de Goiás - GO,Goiás,32876,Tambaqui,10.0
2024,5200605,Alto Paraíso de Goiás - GO,Goiás,32877,Tilápia,21.7
2024,5201108,Anápolis - GO,Goiás,32877,Tilápia,9.0
2024,5201306,Anicuns - GO,Goiás,32873,Pirapitinga,20.0
2024,5201801,Aragoiânia - GO,Goiás,32876,Tambaqui,8.0
2024,5202155,Araguapaz - GO,Goiás,32871,"Piau, piapara, piauçu, piava",9.0
2024,5202155,Araguapaz - GO,Goiás,32872,"Pintado, cachara, cachapira e pintachara, surubim",7.0
2024,5202155,Araguapaz - GO,Goiás,32875,"Tambacu, tambatinga",27.0
2024,5202502,Aruanã - GO,Goiás,32875,"Tambacu, tambatinga",7.2
2024,5203203,Barro Alto - GO,Goiás,32872,"Pintado, cachara, cachapira e pintachara, surubim",3.5
2024,5203203,Barro Alto - GO,Goiás,32873,Pirapitinga,8.0
2024,5203203,Barro Alto - GO,Goiás,32877,Tilápia,5.5
2024,5203302,Bela Vista de Goiás - GO,Goiás,32869,Matrinxã,0.39
2024,5203302,Bela Vista de Goiás - GO,Goiás,32870,Pacu e patinga,44.0
2024,5203302,Bela Vista de Goiás - GO,Goiás,32871,"Piau, piapara, piauçu, piava",7.1
2024,5203302,Bela Vista de Goiás - GO,Goiás,32872,"Pintado, cachara, cachapira e pintachara, surubim",6.0
2024,5203302,Bela Vista de Goiás - GO,Goiás,32876,Tambaqui,10.5
2024,5203302,Bela Vista de Goiás - GO,Goiás,32877,Tilápia,40.0
2024,5203401,Bom Jardim de Goiás - GO,Goiás,32869,Matrinxã,3.0
2024,5203401,Bom Jardim de Goiás - GO,Goiás,32871,"Piau, piapara, piauçu, piava",1.0
2024,5203401,Bom Jardim de Goiás - GO,Goiás,32872,"Pintado, cachara, cachapira e pintachara, surubim",1.8
2024,5203401,Bom Jardim de Goiás - GO,Goiás,32873,Pirapitinga,10.0
2024,5203500,Bom Jesus de Goiás - GO,Goiás,32873,Pirapitinga,1.5
2024,5203500,Bom Jesus de Goiás - GO,Goiás,32875,"Tambacu, tambatinga",14.0
2024,5203500,Bom Jesus de Goiás - GO,Goiás,32876,Tambaqui,3.4
2024,5203500,Bom Jesus de Goiás - GO,Goiás,32877,Tilápia,40.0
2024,5203559,Bonfinópolis - GO,Goiás,32870,Pacu e patinga,9.0
2024,5203559,Bonfinópolis - GO,Goiás,32871,"Piau, piapara, piauçu, piava",15.588
2024,5203559,Bonfinópolis - GO,Goiás,32872,"Pintado, cachara, cachapira e pintachara, surubim",9.4
2024,5203559,Bonfinópolis - GO,Goiás,32875,"Tambacu, tambatinga",68.285
2024,5203559,Bonfinópolis - GO,Goiás,32877,Tilápia,5.512
2024,5203906,Buriti Alegre - GO,Goiás,32872,"Pintado, cachara, cachapira e pintachara, surubim",0.54
2024,5203906,Buriti Alegre - GO,Goiás,32873,Pirapitinga,5.0
2024,5203906,Buriti Alegre - GO,Goiás,32875,"Tambacu, tambatinga",2.37
2024,5203906,Buriti Alegre - GO,Goiás,32876,Tambaqui,1.0
2024,5203906,Buriti Alegre - GO,Goiás,32877,Tilápia,250.0
2024,5203939,Buriti de Goiás - GO,Goiás,32876,Tambaqui,4.5
2024,5203962,Buritinópolis - GO,Goiás,32876,Tambaqui,0.6
2024,5203962,Buritinópolis - GO,Goiás,32877,Tilápia,2.0
2024,5204003,Cabeceiras - GO,Goiás,32876,Tambaqui,0.75
2024,5204003,Cabeceiras - GO,Goiás,32877,Tilápia,3.9
2024,5204250,Cachoeira Dourada - GO,Goiás,32870,Pacu e patinga,0.85
2024,5204250,Cachoeira Dourada - GO,Goiás,32872,"Pintado, cachara, cachapira e pintachara, surubim",0.6
2024,5204250,Cachoeira Dourada - GO,Goiás,32875,"Tambacu, tambatinga",0.6
2024,5204250,Cachoeira Dourada - GO,Goiás,32876,Tambaqui,0.55
2024,5204250,Cachoeira Dourada - GO,Goiás,32877,Tilápia,6.0
2024,5204508,Caldas Novas - GO,Goiás,32870,Pacu e patinga,36.0
2024,5204508,Caldas Novas - GO,Goiás,32871,"Piau, piapara, piauçu, piava",31.0
2024,5204508,Caldas Novas - GO,Goiás,32872,"Pintado, cachara, cachapira e pintachara, surubim",45.0
2024,5204508,Caldas Novas - GO,Goiás,32873,Pirapitinga,7.0
2024,5204508,Caldas Novas - GO,Goiás,32875,"Tambacu, tambatinga",13.0
2024,5204508,Caldas Novas - GO,Goiás,32876,Tambaqui,13.2
2024,5204508,Caldas Novas - GO,Goiás,32877,Tilápia,75.0
2024,5204557,Caldazinha - GO,Goiás,32870,Pacu e patinga,4.898
2024,5204557,Caldazinha - GO,Goiás,32871,"Piau, piapara, piauçu, piava",2.4
2024,5204557,Caldazinha - GO,Goiás,32875,"Tambacu, tambatinga",9.75
2024,5204557,Caldazinha - GO,Goiás,32877,Tilápia,8.2
2024,5204706,Campinorte - GO,Goiás,32870,Pacu e patinga,6.0
2024,5204706,Campinorte - GO,Goiás,32872,"Pintado, cachara, cachapira e pintachara, surubim",3.0
2024,5204706,Campinorte - GO,Goiás,32877,Tilápia,1.5
2024,5204805,Campo Alegre de Goiás - GO,Goiás,32875,"Tambacu, tambatinga",8.0
2024,5204854,Campo Limpo de Goiás - GO,Goiás,32877,Tilápia,4.5
2024,5204953,Campos Verdes - GO,Goiás,32870,Pacu e patinga,5.0
2024,5204953,Campos Verdes - GO,Goiás,32872,"Pintado, cachara, cachapira e pintachara, surubim",1.0
2024,5204953,Campos Verdes - GO,Goiás,32875,"Tambacu, tambatinga",5.0
2024,5205000,Carmo do Rio Verde - GO,Goiás,32876,Tambaqui,11.0
2024,5205307,Cavalcante - GO,Goiás,32872,"Pintado, cachara, cachapira e pintachara, surubim",10.0
2024,5205307,Cavalcante - GO,Goiás,32876,Tambaqui,100.0
2024,5205307,Cavalcante - GO,Goiás,32877,Tilápia,250.0
2024,5205406,Ceres - GO,Goiás,32872,"Pintado, cachara, cachapira e pintachara, surubim",0.13
2024,5205406,Ceres - GO,Goiás,32876,Tambaqui,0.26
2024,5205455,Cezarina - GO,Goiás,32873,Pirapitinga,0.38
2024,5205513,Cocalzinho de Goiás - GO,Goiás,32872,"Pintado, cachara, cachapira e pintachara, surubim",1.0
2024,5205513,Cocalzinho de Goiás - GO,Goiás,32876,Tambaqui,0.84
2024,5205513,Cocalzinho de Goiás - GO,Goiás,32877,Tilápia,8.0
2024,5205521,Colinas do Sul - GO,Goiás,32870,Pacu e patinga,4.0
2024,5205521,Colinas do Sul - GO,Goiás,32875,"Tambacu, tambatinga",3.5
2024,5205521,Colinas do Sul - GO,Goiás,32876,Tambaqui,3.5
2024,5205521,Colinas do Sul - GO,Goiás,32877,Tilápia,370.0
2024,5205703,Córrego do Ouro - GO,Goiás,32871,"Piau, piapara, piauçu, piava",1.8
2024,5205703,Córrego do Ouro - GO,Goiás,32872,"Pintado, cachara, cachapira e pintachara, surubim",0.72
2024,5205703,Córrego do Ouro - GO,Goiás,32875,"Tambacu, tambatinga",2.7
2024,5205802,Corumbá de Goiás - GO,Goiás,32868,Lambari,50.4
2024,5205802,Corumbá de Goiás - GO,Goiás,32876,Tambaqui,0.155
2024,5205802,Corumbá de Goiás - GO,Goiás,32877,Tilápia,23.0
2024,5205901,Corumbaíba - GO,Goiás,32877,Tilápia,60.8
2024,5206305,Cristianópolis - GO,Goiás,32870,Pacu e patinga,20.24
2024,5206305,Cristianópolis - GO,Goiás,32871,"Piau, piapara, piauçu, piava",3.58
2024,5206305,Cristianópolis - GO,Goiás,32872,"Pintado, cachara, cachapira e pintachara, surubim",10.5
2024,5206305,Cristianópolis - GO,Goiás,32877,Tilápia,43.04
2024,5206404,Crixás - GO,Goiás,32870,Pacu e patinga,35.0
2024,5206404,Crixás - GO,Goiás,32875,"Tambacu, tambatinga",35.0
2024,5206404,Crixás - GO,Goiás,32877,Tilápia,4.0
2024,5206503,Cromínia - GO,Goiás,32869,Matrinxã,0.6
2024,5206503,Cromínia - GO,Goiás,32871,"Piau, piapara, piauçu, piava",0.75
2024,5206503,Cromínia - GO,Goiás,32872,"Pintado, cachara, cachapira e pintachara, surubim",6.2
2024,5206503,Cromínia - GO,Goiás,32876,Tambaqui,0.7
2024,5207105,Diorama - GO,Goiás,32872,"Pintado, cachara, cachapira e pintachara, surubim",1.5
2024,5207105,Diorama - GO,Goiás,32873,Pirapitinga,1.8
2024,5207105,Diorama - GO,Goiás,32877,Tilápia,1.2
2024,5207352,Edealina - GO,Goiás,32871,"Piau, piapara, piauçu, piava",11.0
2024,5207501,Estrela do Norte - GO,Goiás,32872,"Pintado, cachara, cachapira e pintachara, surubim",3.43
2024,5207501,Estrela do Norte - GO,Goiás,32875,"Tambacu, tambatinga",5.41
2024,5207535,Faina - GO,Goiás,32872,"Pintado, cachara, cachapira e pintachara, surubim",2.0
2024,5207535,Faina - GO,Goiás,32875,"Tambacu, tambatinga",6.5
2024,5207907,Flores de Goiás - GO,Goiás,32876,Tambaqui,4.0
2024,5207907,Flores de Goiás - GO,Goiás,32877,Tilápia,5.2
2024,5208004,Formosa - GO,Goiás,32872,"Pintado, cachara, cachapira e pintachara, surubim",9.6
2024,5208004,Formosa - GO,Goiás,32874,Pirarucu,1.5
2024,5208004,Formosa - GO,Goiás,32876,Tambaqui,30.0
2024,5208004,Formosa - GO,Goiás,32877,Tilápia,58.0
2024,5208103,Formoso - GO,Goiás,32875,"Tambacu, tambatinga",1.88
2024,5208152,Gameleira de Goiás - GO,Goiás,32868,Lambari,0.34
2024,5208152,Gameleira de Goiás - GO,Goiás,32871,"Piau, piapara, piauçu, piava",3.38
2024,5208152,Gameleira de Goiás - GO,Goiás,32875,"Tambacu, tambatinga",13.615
2024,5208152,Gameleira de Goiás - GO,Goiás,32877,Tilápia,25.56
2024,5208400,Goianápolis - GO,Goiás,32877,Tilápia,2.0
2024,5208608,Goianésia - GO,Goiás,32872,"Pintado, cachara, cachapira e pintachara, surubim",0.42
2024,5208608,Goianésia - GO,Goiás,32875,"Tambacu, tambatinga",12.0
2024,5208608,Goianésia - GO,Goiás,32876,Tambaqui,10.0
2024,5208905,Goiás - GO,Goiás,32870,Pacu e patinga,20.0
2024,5208905,Goiás - GO,Goiás,32875,"Tambacu, tambatinga",10.0
2024,5208905,Goiás - GO,Goiás,32876,Tambaqui,35.0
2024,5208905,Goiás - GO,Goiás,32877,Tilápia,17.0
2024,5209101,Goiatuba - GO,Goiás,32869,Matrinxã,0.4
2024,5209101,Goiatuba - GO,Goiás,32870,Pacu e patinga,1.4
2024,5209101,Goiatuba - GO,Goiás,32873,Pirapitinga,1.3
2024,5209101,Goiatuba - GO,Goiás,32875,"Tambacu, tambatinga",2.3
2024,5209101,Goiatuba - GO,Goiás,32876,Tambaqui,4.0
2024,5209101,Goiatuba - GO,Goiás,32877,Tilápia,22.0
2024,5209150,Gouvelândia - GO,Goiás,32877,Tilápia,1030.0
2024,5209200,Guapó - GO,Goiás,32870,Pacu e patinga,14.0
2024,5209200,Guapó - GO,Goiás,32871,"Piau, piapara, piauçu, piava",16.0
2024,5209200,Guapó - GO,Goiás,32875,"Tambacu, tambatinga",0.5
2024,5209408,Guarani de Goiás - GO,Goiás,32876,Tambaqui,4.0
2024,5209457,Guarinos - GO,Goiás,32870,Pacu e patinga,0.35
2024,5209457,Guarinos - GO,Goiás,32873,Pirapitinga,0.035
2024,5209457,Guarinos - GO,Goiás,32876,Tambaqui,0.085
2024,5209457,Guarinos - GO,Goiás,32877,Tilápia,0.38
2024,5209606,Heitoraí - GO,Goiás,32871,"Piau, piapara, piauçu, piava",0.07
2024,5209606,Heitoraí - GO,Goiás,32872,"Pintado, cachara, cachapira e pintachara, surubim",0.6
2024,5209606,Heitoraí - GO,Goiás,32873,Pirapitinga,0.12
2024,5209705,Hidrolândia - GO,Goiás,32861,Carpa,0.375
2024,5209705,Hidrolândia - GO,Goiás,32875,"Tambacu, tambatinga",2.8
2024,5209705,Hidrolândia - GO,Goiás,32877,Tilápia,2.7
2024,5209804,Hidrolina - GO,Goiás,32870,Pacu e patinga,12.5
2024,5209804,Hidrolina - GO,Goiás,32875,"Tambacu, tambatinga",9.0
2024,5209937,Inaciolândia - GO,Goiás,32869,Matrinxã,0.45
2024,5209937,Inaciolândia - GO,Goiás,32870,Pacu e patinga,9.0
2024,5209937,Inaciolândia - GO,Goiás,32871,"Piau, piapara, piauçu, piava",0.15
2024,5209937,Inaciolândia - GO,Goiás,32872,"Pintado, cachara, cachapira e pintachara, surubim",8.6
2024,5209937,Inaciolândia - GO,Goiás,32875,"Tambacu, tambatinga",70.1
2024,5209937,Inaciolândia - GO,Goiás,32876,Tambaqui,1.2
2024,5209937,Inaciolândia - GO,Goiás,32877,Tilápia,1700.0
2024,5210000,Inhumas - GO,Goiás,32875,"Tambacu, tambatinga",100.0
2024,5210109,Ipameri - GO,Goiás,32868,Lambari,6.5
2024,5210158,Ipiranga de Goiás - GO,Goiás,32876,Tambaqui,0.07
2024,5210158,Ipiranga de Goiás - GO,Goiás,32877,Tilápia,5.0
2024,5210406,Itaberaí - GO,Goiás,32876,Tambaqui,6.0
2024,5210901,Itapaci - GO,Goiás,32870,Pacu e patinga,0.4
2024,5210901,Itapaci - GO,Goiás,32876,Tambaqui,1.0
2024,5210901,Itapaci - GO,Goiás,32877,Tilápia,3.9
2024,5211008,Itapirapuã - GO,Goiás,32872,"Pintado, cachara, cachapira e pintachara, surubim",1.8
2024,5211008,Itapirapuã - GO,Goiás,32875,"Tambacu, tambatinga",10.0
2024,5211206,Itapuranga - GO,Goiás,32868,Lambari,0.24
2024,5211206,Itapuranga - GO,Goiás,32870,Pacu e patinga,2.6
2024,5211206,Itapuranga - GO,Goiás,32873,Pirapitinga,10.0
2024,5211206,Itapuranga - GO,Goiás,32875,"Tambacu, tambatinga",2.3
2024,5211206,Itapuranga - GO,Goiás,32876,Tambaqui,35.0
2024,5211206,Itapuranga - GO,Goiás,32877,Tilápia,27.5
2024,5211503,Itumbiara - GO,Goiás,32865,"Curimatã, curimbatá",0.9
2024,5211503,Itumbiara - GO,Goiás,32868,Lambari,0.3
2024,5211503,Itumbiara - GO,Goiás,32869,Matrinxã,2.2
2024,5211503,Itumbiara - GO,Goiás,32870,Pacu e patinga,5.0
2024,5211503,Itumbiara - GO,Goiás,32871,"Piau, piapara, piauçu, piava",0.4
2024,5211503,Itumbiara - GO,Goiás,32872,"Pintado, cachara, cachapira e pintachara, surubim",3.18
2024,5211503,Itumbiara - GO,Goiás,32873,Pirapitinga,2.5
2024,5211503,Itumbiara - GO,Goiás,32875,"Tambacu, tambatinga",4.5
2024,5211503,Itumbiara - GO,Goiás,32876,Tambaqui,5.5
2024,5211503,Itumbiara - GO,Goiás,32877,Tilápia,198.5
2024,5211701,Jandaia - GO,Goiás,32871,"Piau, piapara, piauçu, piava",4.2
2024,5211701,Jandaia - GO,Goiás,32876,Tambaqui,4.5
2024,5211800,Jaraguá - GO,Goiás,32872,"Pintado, cachara, cachapira e pintachara, surubim",5.0
2024,5211800,Jaraguá - GO,Goiás,32875,"Tambacu, tambatinga",5.0
2024,5211800,Jaraguá - GO,Goiás,32876,Tambaqui,12.0
2024,5211800,Jaraguá - GO,Goiás,32877,Tilápia,8.5
2024,5212055,Jesúpolis - GO,Goiás,32876,Tambaqui,0.4
2024,5212055,Jesúpolis - GO,Goiás,32877,Tilápia,2.5
2024,5212105,Joviânia - GO,Goiás,32869,Matrinxã,0.2
2024,5212105,Joviânia - GO,Goiás,32870,Pacu e patinga,0.9
2024,5212105,Joviânia - GO,Goiás,32875,"Tambacu, tambatinga",0.8
2024,5212105,Joviânia - GO,Goiás,32876,Tambaqui,1.2
2024,5212105,Joviânia - GO,Goiás,32877,Tilápia,2.3
2024,5212204,Jussara - GO,Goiás,32872,"Pintado, cachara, cachapira e pintachara, surubim",2.75
2024,5212204,Jussara - GO,Goiás,32875,"Tambacu, tambatinga",9.0
2024,5212204,Jussara - GO,Goiás,32876,Tambaqui,3.6
2024,5212303,Leopoldo de Bulhões - GO,Goiás,32871,"Piau, piapara, piauçu, piava",1.18
2024,5212303,Leopoldo de Bulhões - GO,Goiás,32875,"Tambacu, tambatinga",9.67
2024,5212303,Leopoldo de Bulhões - GO,Goiás,32876,Tambaqui,18.324
2024,5212303,Leopoldo de Bulhões - GO,Goiás,32877,Tilápia,25.8
2024,5212600,Mairipotaba - GO,Goiás,32869,Matrinxã,2.7
2024,5212600,Mairipotaba - GO,Goiás,32871,"Piau, piapara, piauçu, piava",1.7
2024,5212600,Mairipotaba - GO,Goiás,32872,"Pintado, cachara, cachapira e pintachara, surubim",2.6
2024,5212600,Mairipotaba - GO,Goiás,32876,Tambaqui,6.0
2024,5212709,Mambaí - GO,Goiás,32877,Tilápia,0.3
2024,5212808,Mara Rosa - GO,Goiás,32870,Pacu e patinga,20.0
2024,5212808,Mara Rosa - GO,Goiás,32872,"Pintado, cachara, cachapira e pintachara, surubim",3.0
2024,5212808,Mara Rosa - GO,Goiás,32875,"Tambacu, tambatinga",10.0
2024,5212808,Mara Rosa - GO,Goiás,32876,Tambaqui,7.0
2024,5212808,Mara Rosa - GO,Goiás,32877,Tilápia,3.0
2024,5212956,Matrinchã - GO,Goiás,32872,"Pintado, cachara, cachapira e pintachara, surubim",1.43
2024,5212956,Matrinchã - GO,Goiás,32875,"Tambacu, tambatinga",33.0
2024,5213087,Minaçu - GO,Goiás,32875,"Tambacu, tambatinga",16.87
2024,5213087,Minaçu - GO,Goiás,32877,Tilápia,960.0
2024,5213772,Montividiu do Norte - GO,Goiás,32875,"Tambacu, tambatinga",1.45
2024,5213806,Morrinhos - GO,Goiás,32868,Lambari,15.0
2024,5213806,Morrinhos - GO,Goiás,32869,Matrinxã,6.0
2024,5213806,Morrinhos - GO,Goiás,32870,Pacu e patinga,40.0
2024,5213806,Morrinhos - GO,Goiás,32872,"Pintado, cachara, cachapira e pintachara, surubim",38.0
2024,5213806,Morrinhos - GO,Goiás,32875,"Tambacu, tambatinga",40.0
2024,5213806,Morrinhos - GO,Goiás,32876,Tambaqui,30.0
2024,5213806,Morrinhos - GO,Goiás,32877,Tilápia,80.0
2024,5213905,Mossâmedes - GO,Goiás,32872,"Pintado, cachara, cachapira e pintachara, surubim",20.0
2024,5213905,Mossâmedes - GO,Goiás,32875,"Tambacu, tambatinga",31.0
2024,5213905,Mossâmedes - GO,Goiás,32876,Tambaqui,6.5
2024,5214002,Mozarlândia - GO,Goiás,32872,"Pintado, cachara, cachapira e pintachara, surubim",6.0
2024,5214002,Mozarlândia - GO,Goiás,32875,"Tambacu, tambatinga",18.0
2024,5214002,Mozarlândia - GO,Goiás,32876,Tambaqui,18.0
2024,5214051,Mundo Novo - GO,Goiás,32872,"Pintado, cachara, cachapira e pintachara, surubim",11.0
2024,5214051,Mundo Novo - GO,Goiás,32875,"Tambacu, tambatinga",35.0
2024,5214051,Mundo Novo - GO,Goiás,32876,Tambaqui,35.0
2024,5214507,Nerópolis - GO,Goiás,32870,Pacu e patinga,3.0
2024,5214507,Nerópolis - GO,Goiás,32872,"Pintado, cachara, cachapira e pintachara, surubim",1.8
2024,5214507,Nerópolis - GO,Goiás,32873,Pirapitinga,1.0
2024,5214507,Nerópolis - GO,Goiás,32876,Tambaqui,2.0
2024,5214507,Nerópolis - GO,Goiás,32877,Tilápia,1.0
2024,5214606,Niquelândia - GO,Goiás,32870,Pacu e patinga,10.0
2024,5214606,Niquelândia - GO,Goiás,32876,Tambaqui,10.0
2024,5214606,Niquelândia - GO,Goiás,32877,Tilápia,5130.0
2024,5214705,Nova América - GO,Goiás,32876,Tambaqui,0.55
2024,5214705,Nova América - GO,Goiás,32877,Tilápia,0.86
2024,5214838,Nova Crixás - GO,Goiás,32872,"Pintado, cachara, cachapira e pintachara, surubim",3.9
2024,5214838,Nova Crixás - GO,Goiás,32875,"Tambacu, tambatinga",150.0
2024,5214838,Nova Crixás - GO,Goiás,32876,Tambaqui,70.0
2024,5214861,Nova Glória - GO,Goiás,32875,"Tambacu, tambatinga",4.0
2024,5214861,Nova Glória - GO,Goiás,32876,Tambaqui,0.35
2024,5214861,Nova Glória - GO,Goiás,32877,Tilápia,0.23
2024,5215207,Novo Brasil - GO,Goiás,32875,"Tambacu, tambatinga",4.5
2024,5215207,Novo Brasil - GO,Goiás,32876,Tambaqui,3.35
2024,5215256,Novo Planalto - GO,Goiás,32872,"Pintado, cachara, cachapira e pintachara, surubim",2.25
2024,5215256,Novo Planalto - GO,Goiás,32875,"Tambacu, tambatinga",6.86
2024,5215306,Orizona - GO,Goiás,32870,Pacu e patinga,40.2
2024,5215306,Orizona - GO,Goiás,32871,"Piau, piapara, piauçu, piava",10.3
2024,5215306,Orizona - GO,Goiás,32872,"Pintado, cachara, cachapira e pintachara, surubim",4.78
2024,5215306,Orizona - GO,Goiás,32875,"Tambacu, tambatinga",13.712
2024,5215306,Orizona - GO,Goiás,32877,Tilápia,33.5
2024,5215702,Palmeiras de Goiás - GO,Goiás,32871,"Piau, piapara, piauçu, piava",0.12
2024,5215702,Palmeiras de Goiás - GO,Goiás,32873,Pirapitinga,7.0
2024,5215801,Palmelo - GO,Goiás,32871,"Piau, piapara, piauçu, piava",0.68
2024,5215801,Palmelo - GO,Goiás,32876,Tambaqui,0.92
2024,5215801,Palmelo - GO,Goiás,32877,Tilápia,3.2
2024,5215900,Palminópolis - GO,Goiás,32871,"Piau, piapara, piauçu, piava",1.0
2024,5215900,Palminópolis - GO,Goiás,32876,Tambaqui,0.4
2024,5216304,Paranaiguara - GO,Goiás,32877,Tilápia,135.5
2024,5216809,Petrolina de Goiás - GO,Goiás,32872,"Pintado, cachara, cachapira e pintachara, surubim",0.2
2024,5216809,Petrolina de Goiás - GO,Goiás,32875,"Tambacu, tambatinga",20.0
2024,5216809,Petrolina de Goiás - GO,Goiás,32876,Tambaqui,1.0
2024,5216809,Petrolina de Goiás - GO,Goiás,32877,Tilápia,7.5
2024,5217104,Piracanjuba - GO,Goiás,32869,Matrinxã,3.0
2024,5217104,Piracanjuba - GO,Goiás,32870,Pacu e patinga,3.3
2024,5217104,Piracanjuba - GO,Goiás,32871,"Piau, piapara, piauçu, piava",3.1
2024,5217104,Piracanjuba - GO,Goiás,32872,"Pintado, cachara, cachapira e pintachara, surubim",6.5
2024,5217104,Piracanjuba - GO,Goiás,32875,"Tambacu, tambatinga",2.1
2024,5217104,Piracanjuba - GO,Goiás,32876,Tambaqui,5.8
2024,5217104,Piracanjuba - GO,Goiás,32877,Tilápia,13.0
2024,5217302,Pirenópolis - GO,Goiás,32871,"Piau, piapara, piauçu, piava",0.5
2024,5217302,Pirenópolis - GO,Goiás,32877,Tilápia,10.0
2024,5217302,Pirenópolis - GO,Goiás,32887,Camarão,0.3
2024,5217401,Pires do Rio - GO,Goiás,32875,"Tambacu, tambatinga",1.2
2024,5217401,Pires do Rio - GO,Goiás,32877,Tilápia,16.44
2024,5217609,Planaltina - GO,Goiás,32876,Tambaqui,0.6
2024,5217609,Planaltina - GO,Goiás,32877,Tilápia,96.0
2024,5217708,Pontalina - GO,Goiás,32871,"Piau, piapara, piauçu, piava",0.85
2024,5217708,Pontalina - GO,Goiás,32875,"Tambacu, tambatinga",36.0
2024,5218003,Porangatu - GO,Goiás,32872,"Pintado, cachara, cachapira e pintachara, surubim",2.5
2024,5218003,Porangatu - GO,Goiás,32874,Pirarucu,6.0
2024,5218003,Porangatu - GO,Goiás,32876,Tambaqui,16.0
2024,5218300,Posse - GO,Goiás,32872,"Pintado, cachara, cachapira e pintachara, surubim",0.45
2024,5218300,Posse - GO,Goiás,32876,Tambaqui,0.7
2024,5218300,Posse - GO,Goiás,32877,Tilápia,33.0
2024,5218508,Quirinópolis - GO,Goiás,32872,"Pintado, cachara, cachapira e pintachara, surubim",8.5
2024,5218508,Quirinópolis - GO,Goiás,32875,"Tambacu, tambatinga",48.0
2024,5218508,Quirinópolis - GO,Goiás,32877,Tilápia,1535.0
2024,5218607,Rialma - GO,Goiás,32869,Matrinxã,1.3
2024,5218607,Rialma - GO,Goiás,32873,Pirapitinga,3.0
2024,5218607,Rialma - GO,Goiás,32875,"Tambacu, tambatinga",1.2
2024,5218607,Rialma - GO,Goiás,32877,Tilápia,0.4
2024,5218706,Rianápolis - GO,Goiás,32868,Lambari,13.0
2024,5218706,Rianápolis - GO,Goiás,32876,Tambaqui,22.0
2024,5218706,Rianápolis - GO,Goiás,32877,Tilápia,0.98
2024,5218789,Rio Quente - GO,Goiás,32872,"Pintado, cachara, cachapira e pintachara, surubim",0.75
2024,5218789,Rio Quente - GO,Goiás,32875,"Tambacu, tambatinga",0.48
2024,5218904,Rubiataba - GO,Goiás,32875,"Tambacu, tambatinga",0.7
2024,5218904,Rubiataba - GO,Goiás,32876,Tambaqui,0.9
2024,5218904,Rubiataba - GO,Goiás,32877,Tilápia,25.0
2024,5219001,Sanclerlândia - GO,Goiás,32872,"Pintado, cachara, cachapira e pintachara, surubim",1.1
2024,5219001,Sanclerlândia - GO,Goiás,32875,"Tambacu, tambatinga",3.15
2024,5219001,Sanclerlândia - GO,Goiás,32876,Tambaqui,3.15
2024,5219209,Santa Cruz de Goiás - GO,Goiás,32870,Pacu e patinga,9.91
2024,5219209,Santa Cruz de Goiás - GO,Goiás,32871,"Piau, piapara, piauçu, piava",8.66
2024,5219209,Santa Cruz de Goiás - GO,Goiás,32876,Tambaqui,5.287
2024,5219209,Santa Cruz de Goiás - GO,Goiás,32877,Tilápia,27.78
2024,5219258,Santa Fé de Goiás - GO,Goiás,32875,"Tambacu, tambatinga",1.8
2024,5219357,Santa Isabel - GO,Goiás,32876,Tambaqui,0.2
2024,5219456,Santa Rita do Novo Destino - GO,Goiás,32872,"Pintado, cachara, cachapira e pintachara, surubim",0.8
2024,5219456,Santa Rita do Novo Destino - GO,Goiás,32875,"Tambacu, tambatinga",0.5
2024,5219456,Santa Rita do Novo Destino - GO,Goiás,32876,Tambaqui,1.5
2024,5219456,Santa Rita do Novo Destino - GO,Goiás,32877,Tilápia,1.8
2024,5219506,Santa Rosa de Goiás - GO,Goiás,32872,"Pintado, cachara, cachapira e pintachara, surubim",0.5
2024,5219506,Santa Rosa de Goiás - GO,Goiás,32875,"Tambacu, tambatinga",0.5
2024,5219506,Santa Rosa de Goiás - GO,Goiás,32876,Tambaqui,1.0
2024,5219506,Santa Rosa de Goiás - GO,Goiás,32877,Tilápia,1.0
2024,5219704,Santa Terezinha de Goiás - GO,Goiás,32870,Pacu e patinga,3.0
2024,5219803,São Domingos - GO,Goiás,32875,"Tambacu, tambatinga",3.0
2024,5219803,São Domingos - GO,Goiás,32877,Tilápia,7.0
2024,5219902,São Francisco de Goiás - GO,Goiás,32872,"Pintado, cachara, cachapira e pintachara, surubim",1.0
2024,5219902,São Francisco de Goiás - GO,Goiás,32875,"Tambacu, tambatinga",0.45
2024,5219902,São Francisco de Goiás - GO,Goiás,32876,Tambaqui,3.2
2024,5219902,São Francisco de Goiás - GO,Goiás,32877,Tilápia,2.5
2024,5220009,São João d'Aliança - GO,Goiás,32876,Tambaqui,1.0
2024,5220009,São João d'Aliança - GO,Goiás,32877,Tilápia,4.2
2024,5220058,São João da Paraúna - GO,Goiás,32870,Pacu e patinga,0.65
2024,5220058,São João da Paraúna - GO,Goiás,32871,"Piau, piapara, piauçu, piava",2.0
2024,5220058,São João da Paraúna - GO,Goiás,32872,"Pintado, cachara, cachapira e pintachara, surubim",0.1
2024,5220058,São João da Paraúna - GO,Goiás,32875,"Tambacu, tambatinga",2.0
2024,5220207,São Miguel do Araguaia - GO,Goiás,32871,"Piau, piapara, piauçu, piava",1.61
2024,5220207,São Miguel do Araguaia - GO,Goiás,32875,"Tambacu, tambatinga",10.95
2024,5220264,São Miguel do Passa Quatro - GO,Goiás,32870,Pacu e patinga,12.99
2024,5220264,São Miguel do Passa Quatro - GO,Goiás,32871,"Piau, piapara, piauçu, piava",3.46
2024,5220264,São Miguel do Passa Quatro - GO,Goiás,32872,"Pintado, cachara, cachapira e pintachara, surubim",2.3
2024,5220264,São Miguel do Passa Quatro - GO,Goiás,32875,"Tambacu, tambatinga",11.83
2024,5220264,São Miguel do Passa Quatro - GO,Goiás,32876,Tambaqui,12.28
2024,5220264,São Miguel do Passa Quatro - GO,Goiás,32877,Tilápia,29.331
2024,5220280,São Patrício - GO,Goiás,32876,Tambaqui,9.0
2024,5220280,São Patrício - GO,Goiás,32877,Tilápia,2.9
2024,5220454,Senador Canedo - GO,Goiás,32870,Pacu e patinga,23.3
2024,5220454,Senador Canedo - GO,Goiás,32871,"Piau, piapara, piauçu, piava",1.2
2024,5220454,Senador Canedo - GO,Goiás,32875,"Tambacu, tambatinga",11.8
2024,5220454,Senador Canedo - GO,Goiás,32877,Tilápia,14.331
2024,5220603,Silvânia - GO,Goiás,32869,Matrinxã,2.12
2024,5220603,Silvânia - GO,Goiás,32870,Pacu e patinga,20.01
2024,5220603,Silvânia - GO,Goiás,32871,"Piau, piapara, piauçu, piava",4.75
2024,5220603,Silvânia - GO,Goiás,32872,"Pintado, cachara, cachapira e pintachara, surubim",10.35
2024,5220603,Silvânia - GO,Goiás,32875,"Tambacu, tambatinga",9.54
2024,5220603,Silvânia - GO,Goiás,32876,Tambaqui,24.5
2024,5220603,Silvânia - GO,Goiás,32877,Tilápia,66.6
2024,5221080,Teresina de Goiás - GO,Goiás,32876,Tambaqui,2.2
2024,5221080,Teresina de Goiás - GO,Goiás,32877,Tilápia,65.0
2024,5221197,Terezópolis de Goiás - GO,Goiás,32877,Tilápia,141.5
2024,5221304,Três Ranchos - GO,Goiás,32877,Tilápia,60.0
2024,5221403,Trindade - GO,Goiás,32868,Lambari,4.0
2024,5221403,Trindade - GO,Goiás,32873,Pirapitinga,30.0
2024,5221403,Trindade - GO,Goiás,32881,Outros peixes,15.0
2024,5221452,Trombas - GO,Goiás,32871,"Piau, piapara, piauçu, piava",1.5
2024,5221452,Trombas - GO,Goiás,32872,"Pintado, cachara, cachapira e pintachara, surubim",4.13
2024,5221452,Trombas - GO,Goiás,32875,"Tambacu, tambatinga",4.38
2024,5221577,Uirapuru - GO,Goiás,32870,Pacu e patinga,10.0
2024,5221577,Uirapuru - GO,Goiás,32875,"Tambacu, tambatinga",120.0
2024,5221577,Uirapuru - GO,Goiás,32876,Tambaqui,20.0
2024,5221601,Uruaçu - GO,Goiás,32869,Matrinxã,5.0
2024,5221601,Uruaçu - GO,Goiás,32870,Pacu e patinga,20.0
2024,5221601,Uruaçu - GO,Goiás,32871,"Piau, piapara, piauçu, piava",5.0
2024,5221601,Uruaçu - GO,Goiás,32872,"Pintado, cachara, cachapira e pintachara, surubim",10.0
2024,5221601,Uruaçu - GO,Goiás,32875,"Tambacu, tambatinga",2.0
2024,5221601,Uruaçu - GO,Goiás,32877,Tilápia,520.0
2024,5221700,Uruana - GO,Goiás,32870,Pacu e patinga,7.2
2024,5221700,Uruana - GO,Goiás,32873,Pirapitinga,12.0
2024,5221700,Uruana - GO,Goiás,32875,"Tambacu, tambatinga",3.4
2024,5221700,Uruana - GO,Goiás,32876,Tambaqui,12.7
2024,5221700,Uruana - GO,Goiás,32877,Tilápia,1.2
2024,5221809,Urutaí - GO,Goiás,32875,"Tambacu, tambatinga",2.33
2024,5221809,Urutaí - GO,Goiás,32877,Tilápia,14.124
2024,5221908,Varjão - GO,Goiás,32871,"Piau, piapara, piauçu, piava",1.0
2024,5221908,Varjão - GO,Goiás,32876,Tambaqui,1.0
2024,5222005,Vianópolis - GO,Goiás,32870,Pacu e patinga,10.5
2024,5222005,Vianópolis - GO,Goiás,32871,"Piau, piapara, piauçu, piava",9.04
2024,5222005,Vianópolis - GO,Goiás,32872,"Pintado, cachara, cachapira e pintachara, surubim",9.3
2024,5222005,Vianópolis - GO,Goiás,32876,Tambaqui,3.769
2024,5222005,Vianópolis - GO,Goiás,32877,Tilápia,55.28
2024,5222054,Vicentinópolis - GO,Goiás,32873,Pirapitinga,1.1
2024,5222054,Vicentinópolis - GO,Goiás,32875,"Tambacu, tambatinga",3.6
2024,5222054,Vicentinópolis - GO,Goiás,32876,Tambaqui,4.0
2024,5222054,Vicentinópolis - GO,Goiás,32877,Tilápia,28.0
2024,5222203,Vila Boa - GO,Goiás,32876,Tambaqui,0.86
2024,5222203,Vila Boa - GO,Goiás,32877,Tilápia,7.0
2024,5222302,Vila Propício - GO,Goiás,32872,"Pintado, cachara, cachapira e pintachara, surubim",0.5
2024,5222302,Vila Propício - GO,Goiás,32875,"Tambacu, tambatinga",3.0
2024,5222302,Vila Propício - GO,Goiás,32876,Tambaqui,12.0
2024,5222302,Vila Propício - GO,Goiás,32877,Tilápia,7.0
2024,5300108,Brasília - DF,Distrito Federal,32869,Matrinxã,20.133
2024,5300108,Brasília - DF,Distrito Federal,32870,Pacu e patinga,12.318
2024,5300108,Brasília - DF,Distrito Federal,32871,"Piau, piapara, piauçu, piava",7.21
2024,5300108,Brasília - DF,Distrito Federal,32872,"Pintado, cachara, cachapira e pintachara, surubim",97.356
2024,5300108,Brasília - DF,Distrito Federal,32875,"Tambacu, tambatinga",16.829
2024,5300108,Brasília - DF,Distrito Federal,32876,Tambaqui,42.066
2024,5300108,Brasília - DF,Distrito Federal,32877,Tilápia,1947.124
2024,5300108,Brasília - DF,Distrito Federal,32881,Outros peixes,20.431
