ano,codigo_uf,uf,codigo_produto,produto,producao_t,valor_milhoes_reais_nominais
2013,11,Rondônia,32865,"Curimatã, curimbatá",603.75,3.461
2013,11,Rondônia,32867,"Jatuarana, piabanha e piracanjuba",784.0,4.841
2013,11,Rondônia,32868,Lambari,0.8,0.01
2013,11,Rondônia,32870,Pacu e patinga,40.0,0.18
2013,11,Rondônia,32871,"Piau, piapara, piauçu, piava",59.0,0.264
2013,11,Rondônia,32872,"Pintado, cachara, cachapira e pintachara, surubim",1620.8,11.832
2013,11,Rondônia,32873,Pirapitinga,600.0,3.87
2013,11,Rondônia,32874,Pirarucu,1955.66,16.864
2013,11,Rondônia,32875,"Tambacu, tambatinga",576.7,4.0
2013,11,Rondônia,32876,Tambaqui,18880.021,77.727
2013,11,Rondônia,32877,Tilápia,8.0,0.051
2013,11,Rondônia,32880,Tucunaré,12.0,0.048
2013,12,Acre,32865,"Curimatã, curimbatá",400.214,2.438
2013,12,Acre,32868,Lambari,0.5,0.002
2013,12,Acre,32869,Matrinxã,78.654,0.6
2013,12,Acre,32870,Pacu e patinga,15.391,0.094
2013,12,Acre,32871,"Piau, piapara, piauçu, piava",442.752,3.44
2013,12,Acre,32872,"Pintado, cachara, cachapira e pintachara, surubim",88.487,0.942
2013,12,Acre,32873,Pirapitinga,839.298,4.818
2013,12,Acre,32874,Pirarucu,48.188,0.589
2013,12,Acre,32875,"Tambacu, tambatinga",266.698,1.437
2013,12,Acre,32876,Tambaqui,1518.521,8.924
2013,12,Acre,32877,Tilápia,82.112,0.492
2013,12,Acre,32878,Traíra e trairão,4.68,0.016
2013,12,Acre,32881,Outros peixes,78.483,0.496
2013,13,Amazonas,32865,"Curimatã, curimbatá",266.0,2.206
2013,13,Amazonas,32869,Matrinxã,3142.2,23.01
2013,13,Amazonas,32871,"Piau, piapara, piauçu, piava",33.0,0.318
2013,13,Amazonas,32873,Pirapitinga,59.1,0.585
2013,13,Amazonas,32876,Tambaqui,11563.84,72.735
2013,14,Roraima,32869,Matrinxã,483.995,1.936
2013,14,Roraima,32876,Tambaqui,15649.716,78.249
2013,15,Pará,32861,Carpa,0.8,0.006
2013,15,Pará,32865,"Curimatã, curimbatá",32.34,0.207
2013,15,Pará,32867,"Jatuarana, piabanha e piracanjuba",1.14,0.008
2013,15,Pará,32868,Lambari,0.2,0.0
2013,15,Pará,32869,Matrinxã,63.13,0.588
2013,15,Pará,32870,Pacu e patinga,71.14,0.565
2013,15,Pará,32871,"Piau, piapara, piauçu, piava",68.48,0.447
2013,15,Pará,32872,"Pintado, cachara, cachapira e pintachara, surubim",101.46,1.002
2013,15,Pará,32873,Pirapitinga,61.5,0.425
2013,15,Pará,32874,Pirarucu,33.8,0.617
2013,15,Pará,32875,"Tambacu, tambatinga",1590.717,10.807
2013,15,Pará,32876,Tambaqui,2849.866,19.653
2013,15,Pará,32877,Tilápia,173.427,1.181
2013,15,Pará,32878,Traíra e trairão,0.93,0.004
2013,15,Pará,32880,Tucunaré,6.35,0.052
2013,15,Pará,32887,Camarão,40.0,0.32
2013,15,Pará,32889,"Ostras, vieiras e mexilhões",8.25,0.05
2013,16,Amapá,32873,Pirapitinga,59.459,0.362
2013,16,Amapá,32874,Pirarucu,3.004,0.048
2013,16,Amapá,32875,"Tambacu, tambatinga",96.024,0.628
2013,16,Amapá,32876,Tambaqui,269.801,2.104
2013,16,Amapá,32877,Tilápia,23.311,0.136
2013,17,Tocantins,32865,"Curimatã, curimbatá",50.979,0.28
2013,17,Tocantins,32867,"Jatuarana, piabanha e piracanjuba",2.0,0.016
2013,17,Tocantins,32868,Lambari,3.513,0.018
2013,17,Tocantins,32869,Matrinxã,461.941,2.31
2013,17,Tocantins,32870,Pacu e patinga,717.481,4.017
2013,17,Tocantins,32871,"Piau, piapara, piauçu, piava",60.679,0.35
2013,17,Tocantins,32872,"Pintado, cachara, cachapira e pintachara, surubim",425.609,3.169
2013,17,Tocantins,32873,Pirapitinga,26.5,0.159
2013,17,Tocantins,32875,"Tambacu, tambatinga",547.807,3.119
2013,17,Tocantins,32876,Tambaqui,4937.163,27.701
2013,17,Tocantins,32877,Tilápia,6.7,0.044
2013,17,Tocantins,32878,Traíra e trairão,8.148,0.045
2013,17,Tocantins,32880,Tucunaré,2.058,0.012
2013,17,Tocantins,32881,Outros peixes,8.8,0.04
2013,21,Maranhão,32865,"Curimatã, curimbatá",1179.598,8.646
2013,21,Maranhão,32870,Pacu e patinga,385.961,2.162
2013,21,Maranhão,32871,"Piau, piapara, piauçu, piava",226.436,2.01
2013,21,Maranhão,32872,"Pintado, cachara, cachapira e pintachara, surubim",45.85,0.493
2013,21,Maranhão,32873,Pirapitinga,16.145,0.106
2013,21,Maranhão,32874,Pirarucu,16.3,0.188
2013,21,Maranhão,32875,"Tambacu, tambatinga",5364.984,31.587
2013,21,Maranhão,32876,Tambaqui,8917.519,51.933
2013,21,Maranhão,32877,Tilápia,773.596,6.665
2013,21,Maranhão,32887,Camarão,50.0,0.552
2013,22,Piauí,32861,Carpa,13.2,0.095
2013,22,Piauí,32865,"Curimatã, curimbatá",44.415,0.349
2013,22,Piauí,32870,Pacu e patinga,4.4,0.027
2013,22,Piauí,32871,"Piau, piapara, piauçu, piava",51.526,0.418
2013,22,Piauí,32872,"Pintado, cachara, cachapira e pintachara, surubim",22.472,0.226
2013,22,Piauí,32873,Pirapitinga,10.55,0.069
2013,22,Piauí,32875,"Tambacu, tambatinga",168.78,1.15
2013,22,Piauí,32876,Tambaqui,4558.551,30.836
2013,22,Piauí,32877,Tilápia,599.664,4.16
2013,22,Piauí,32881,Outros peixes,0.64,0.005
2013,22,Piauí,32887,Camarão,3700.974,42.724
2013,23,Ceará,32861,Carpa,5.5,0.026
2013,23,Ceará,32865,"Curimatã, curimbatá",6.8,0.017
2013,23,Ceará,32871,"Piau, piapara, piauçu, piava",2.8,0.007
2013,23,Ceará,32872,"Pintado, cachara, cachapira e pintachara, surubim",6.0,0.06
2013,23,Ceará,32876,Tambaqui,13.5,0.067
2013,23,Ceará,32877,Tilápia,30634.375,169.18
2013,23,Ceará,32878,Traíra e trairão,0.9,0.003
2013,23,Ceará,32887,Camarão,33949.805,395.178
2013,24,Rio Grande do Norte,32861,Carpa,9.576,0.096
2013,24,Rio Grande do Norte,32865,"Curimatã, curimbatá",8.424,0.05
2013,24,Rio Grande do Norte,32871,"Piau, piapara, piauçu, piava",0.01,0.0
2013,24,Rio Grande do Norte,32876,Tambaqui,95.86,0.483
2013,24,Rio Grande do Norte,32877,Tilápia,2229.848,17.977
2013,24,Rio Grande do Norte,32878,Traíra e trairão,9.334,0.055
2013,24,Rio Grande do Norte,32880,Tucunaré,3.206,0.02
2013,24,Rio Grande do Norte,32887,Camarão,16983.138,223.519
2013,25,Paraíba,32861,Carpa,5.0,0.025
2013,25,Paraíba,32865,"Curimatã, curimbatá",2.0,0.01
2013,25,Paraíba,32870,Pacu e patinga,2.0,0.012
2013,25,Paraíba,32874,Pirarucu,0.4,0.01
2013,25,Paraíba,32876,Tambaqui,6.9,0.043
2013,25,Paraíba,32877,Tilápia,951.66,5.873
2013,25,Paraíba,32880,Tucunaré,10.5,0.089
2013,25,Paraíba,32887,Camarão,864.0,9.938
2013,25,Paraíba,32889,"Ostras, vieiras e mexilhões",0.204,0.002
2013,26,Pernambuco,32871,"Piau, piapara, piauçu, piava",2.692,0.008
2013,26,Pernambuco,32875,"Tambacu, tambatinga",0.3,0.003
2013,26,Pernambuco,32877,Tilápia,3094.328,17.102
2013,26,Pernambuco,32878,Traíra e trairão,16.48,0.082
2013,26,Pernambuco,32887,Camarão,3241.4,40.715
2013,27,Alagoas,32861,Carpa,10.5,0.058
2013,27,Alagoas,32865,"Curimatã, curimbatá",7.15,0.043
2013,27,Alagoas,32871,"Piau, piapara, piauçu, piava",5.38,0.029
2013,27,Alagoas,32876,Tambaqui,308.55,1.85
2013,27,Alagoas,32877,Tilápia,248.62,1.473
2013,27,Alagoas,32878,Traíra e trairão,10.8,0.052
2013,27,Alagoas,32881,Outros peixes,8.6,0.049
2013,27,Alagoas,32889,"Ostras, vieiras e mexilhões",13.65,0.068
2013,27,Alagoas,32891,"Outros produtos (rã, jacaré, siri, caranguejo, lagosta, etc)",,0.14
2013,28,Sergipe,32861,Carpa,4.9,0.033
2013,28,Sergipe,32869,Matrinxã,541.8,2.438
2013,28,Sergipe,32872,"Pintado, cachara, cachapira e pintachara, surubim",1.142,0.014
2013,28,Sergipe,32874,Pirarucu,0.28,0.004
2013,28,Sergipe,32875,"Tambacu, tambatinga",82.9,0.497
2013,28,Sergipe,32876,Tambaqui,3410.832,20.443
2013,28,Sergipe,32877,Tilápia,1373.749,7.68
2013,28,Sergipe,32881,Outros peixes,4.76,0.041
2013,28,Sergipe,32887,Camarão,2481.14,24.942
2013,29,Bahia,32861,Carpa,57.941,0.291
2013,29,Bahia,32865,"Curimatã, curimbatá",1.86,0.019
2013,29,Bahia,32870,Pacu e patinga,1.5,0.013
2013,29,Bahia,32871,"Piau, piapara, piauçu, piava",1.0,0.01
2013,29,Bahia,32872,"Pintado, cachara, cachapira e pintachara, surubim",177.764,2.382
2013,29,Bahia,32873,Pirapitinga,6.0,0.054
2013,29,Bahia,32874,Pirarucu,77.49,1.176
2013,29,Bahia,32875,"Tambacu, tambatinga",1361.955,6.707
2013,29,Bahia,32876,Tambaqui,969.906,4.635
2013,29,Bahia,32877,Tilápia,8197.425,38.618
2013,29,Bahia,32878,Traíra e trairão,0.89,0.005
2013,29,Bahia,32887,Camarão,3008.291,21.419
2013,29,Bahia,32889,"Ostras, vieiras e mexilhões",64.395,0.783
2013,31,Minas Gerais,32861,Carpa,120.87,0.88
2013,31,Minas Gerais,32865,"Curimatã, curimbatá",2.7,0.017
2013,31,Minas Gerais,32867,"Jatuarana, piabanha e piracanjuba",3.0,0.027
2013,31,Minas Gerais,32868,Lambari,41.07,0.233
2013,31,Minas Gerais,32869,Matrinxã,45.33,0.387
2013,31,Minas Gerais,32870,Pacu e patinga,139.425,0.956
2013,31,Minas Gerais,32871,"Piau, piapara, piauçu, piava",117.32,0.843
2013,31,Minas Gerais,32872,"Pintado, cachara, cachapira e pintachara, surubim",24.4,0.298
2013,31,Minas Gerais,32873,Pirapitinga,2.0,0.014
2013,31,Minas Gerais,32874,Pirarucu,10.0,0.095
2013,31,Minas Gerais,32875,"Tambacu, tambatinga",120.853,0.824
2013,31,Minas Gerais,32876,Tambaqui,238.208,1.824
2013,31,Minas Gerais,32877,Tilápia,14329.045,70.344
2013,31,Minas Gerais,32878,Traíra e trairão,26.5,0.319
2013,31,Minas Gerais,32879,Truta,503.116,6.948
2013,31,Minas Gerais,32880,Tucunaré,13.0,0.114
2013,31,Minas Gerais,32881,Outros peixes,5.21,0.052
2013,31,Minas Gerais,32887,Camarão,14.05,0.225
2013,32,Espírito Santo,32861,Carpa,12.6,0.058
2013,32,Espírito Santo,32865,"Curimatã, curimbatá",1.43,0.016
2013,32,Espírito Santo,32868,Lambari,1.74,0.037
2013,32,Espírito Santo,32869,Matrinxã,1.0,0.015
2013,32,Espírito Santo,32870,Pacu e patinga,11.63,0.16
2013,32,Espírito Santo,32871,"Piau, piapara, piauçu, piava",1.5,0.008
2013,32,Espírito Santo,32872,"Pintado, cachara, cachapira e pintachara, surubim",3.5,0.07
2013,32,Espírito Santo,32874,Pirarucu,6.1,0.122
2013,32,Espírito Santo,32875,"Tambacu, tambatinga",63.55,0.632
2013,32,Espírito Santo,32876,Tambaqui,53.0,0.414
2013,32,Espírito Santo,32877,Tilápia,6289.149,25.181
2013,32,Espírito Santo,32878,Traíra e trairão,4.0,0.034
2013,32,Espírito Santo,32879,Truta,40.0,0.76
2013,32,Espírito Santo,32881,Outros peixes,0.483,0.005
2013,32,Espírito Santo,32887,Camarão,37.94,1.152
2013,32,Espírito Santo,32891,"Outros produtos (rã, jacaré, siri, caranguejo, lagosta, etc)",,0.066
2013,33,Rio de Janeiro,32861,Carpa,24.1,0.144
2013,33,Rio de Janeiro,32865,"Curimatã, curimbatá",6.7,0.046
2013,33,Rio de Janeiro,32866,Dourado,2.5,0.014
2013,33,Rio de Janeiro,32868,Lambari,1.2,0.012
2013,33,Rio de Janeiro,32869,Matrinxã,1.4,0.01
2013,33,Rio de Janeiro,32870,Pacu e patinga,5.3,0.034
2013,33,Rio de Janeiro,32871,"Piau, piapara, piauçu, piava",2.48,0.013
2013,33,Rio de Janeiro,32872,"Pintado, cachara, cachapira e pintachara, surubim",1.0,0.01
2013,33,Rio de Janeiro,32873,Pirapitinga,0.2,0.002
2013,33,Rio de Janeiro,32875,"Tambacu, tambatinga",57.1,0.298
2013,33,Rio de Janeiro,32876,Tambaqui,43.5,0.262
2013,33,Rio de Janeiro,32877,Tilápia,887.35,5.649
2013,33,Rio de Janeiro,32878,Traíra e trairão,7.17,0.046
2013,33,Rio de Janeiro,32879,Truta,62.7,0.89
2013,33,Rio de Janeiro,32880,Tucunaré,8.2,0.05
2013,33,Rio de Janeiro,32881,Outros peixes,0.3,0.004
2013,33,Rio de Janeiro,32887,Camarão,5.8,0.145
2013,33,Rio de Janeiro,32889,"Ostras, vieiras e mexilhões",92.85,1.032
2013,33,Rio de Janeiro,32891,"Outros produtos (rã, jacaré, siri, caranguejo, lagosta, etc)",,1.054
2013,35,São Paulo,32861,Carpa,100.7,0.882
2013,35,São Paulo,32865,"Curimatã, curimbatá",12.413,0.212
2013,35,São Paulo,32866,Dourado,6.4,0.089
2013,35,São Paulo,32867,"Jatuarana, piabanha e piracanjuba",6.22,0.069
2013,35,São Paulo,32868,Lambari,74.041,0.48
2013,35,São Paulo,32869,Matrinxã,24.93,0.177
2013,35,São Paulo,32870,Pacu e patinga,1489.36,9.152
2013,35,São Paulo,32871,"Piau, piapara, piauçu, piava",118.98,0.797
2013,35,São Paulo,32872,"Pintado, cachara, cachapira e pintachara, surubim",28.93,0.66
2013,35,São Paulo,32875,"Tambacu, tambatinga",10.0,0.083
2013,35,São Paulo,32876,Tambaqui,369.9,1.644
2013,35,São Paulo,32877,Tilápia,24329.347,100.564
2013,35,São Paulo,32878,Traíra e trairão,28.03,0.414
2013,35,São Paulo,32880,Tucunaré,1.0,0.01
2013,35,São Paulo,32881,Outros peixes,115.115,1.126
2013,35,São Paulo,32889,"Ostras, vieiras e mexilhões",88.28,1.289
2013,35,São Paulo,32891,"Outros produtos (rã, jacaré, siri, caranguejo, lagosta, etc)",,1.17
2013,41,Paraná,32861,Carpa,2698.949,11.678
2013,41,Paraná,32865,"Curimatã, curimbatá",67.9,0.355
2013,41,Paraná,32866,Dourado,1.1,0.014
2013,41,Paraná,32868,Lambari,18.82,0.098
2013,41,Paraná,32869,Matrinxã,1.5,0.011
2013,41,Paraná,32870,Pacu e patinga,1937.589,9.495
2013,41,Paraná,32871,"Piau, piapara, piauçu, piava",181.6,0.929
2013,41,Paraná,32872,"Pintado, cachara, cachapira e pintachara, surubim",132.576,0.674
2013,41,Paraná,32874,Pirarucu,75.0,0.291
2013,41,Paraná,32875,"Tambacu, tambatinga",126.543,0.853
2013,41,Paraná,32876,Tambaqui,1.0,0.007
2013,41,Paraná,32877,Tilápia,44747.94,169.547
2013,41,Paraná,32878,Traíra e trairão,635.917,2.547
2013,41,Paraná,32879,Truta,0.1,0.0
2013,41,Paraná,32881,Outros peixes,516.59,2.081
2013,41,Paraná,32887,Camarão,85.0,1.051
2013,41,Paraná,32889,"Ostras, vieiras e mexilhões",266.262,2.668
2013,41,Paraná,32891,"Outros produtos (rã, jacaré, siri, caranguejo, lagosta, etc)",,1.438
2013,42,Santa Catarina,32861,Carpa,3550.65,14.298
2013,42,Santa Catarina,32865,"Curimatã, curimbatá",4.697,0.027
2013,42,Santa Catarina,32866,Dourado,0.396,0.004
2013,42,Santa Catarina,32867,"Jatuarana, piabanha e piracanjuba",2.271,0.023
2013,42,Santa Catarina,32868,Lambari,8.171,0.057
2013,42,Santa Catarina,32869,Matrinxã,1.088,0.012
2013,42,Santa Catarina,32870,Pacu e patinga,127.132,0.611
2013,42,Santa Catarina,32871,"Piau, piapara, piauçu, piava",15.503,0.118
2013,42,Santa Catarina,32872,"Pintado, cachara, cachapira e pintachara, surubim",2.178,0.027
2013,42,Santa Catarina,32873,Pirapitinga,0.866,0.009
2013,42,Santa Catarina,32875,"Tambacu, tambatinga",41.354,0.19
2013,42,Santa Catarina,32876,Tambaqui,0.78,0.005
2013,42,Santa Catarina,32877,Tilápia,16472.078,56.433
2013,42,Santa Catarina,32878,Traíra e trairão,46.953,0.238
2013,42,Santa Catarina,32879,Truta,347.1,2.021
2013,42,Santa Catarina,32881,Outros peixes,619.076,3.593
2013,42,Santa Catarina,32887,Camarão,215.0,3.168
2013,42,Santa Catarina,32889,"Ostras, vieiras e mexilhões",18816.6,52.081
2013,43,Rio Grande do Sul,32861,Carpa,12036.433,70.525
2013,43,Rio Grande do Sul,32865,"Curimatã, curimbatá",2.696,0.016
2013,43,Rio Grande do Sul,32866,Dourado,7.712,0.057
2013,43,Rio Grande do Sul,32867,"Jatuarana, piabanha e piracanjuba",0.05,0.0
2013,43,Rio Grande do Sul,32868,Lambari,61.272,0.318
2013,43,Rio Grande do Sul,32870,Pacu e patinga,108.841,0.747
2013,43,Rio Grande do Sul,32871,"Piau, piapara, piauçu, piava",45.696,0.347
2013,43,Rio Grande do Sul,32872,"Pintado, cachara, cachapira e pintachara, surubim",3.79,0.036
2013,43,Rio Grande do Sul,32877,Tilápia,2329.862,14.569
2013,43,Rio Grande do Sul,32878,Traíra e trairão,320.18,2.452
2013,43,Rio Grande do Sul,32879,Truta,4.0,0.021
2013,43,Rio Grande do Sul,32881,Outros peixes,759.037,4.515
2013,43,Rio Grande do Sul,32887,Camarão,1.5,0.041
2013,43,Rio Grande do Sul,32891,"Outros produtos (rã, jacaré, siri, caranguejo, lagosta, etc)",,0.002
2013,50,Mato Grosso do Sul,32861,Carpa,6.851,0.025
2013,50,Mato Grosso do Sul,32865,"Curimatã, curimbatá",1.59,0.008
2013,50,Mato Grosso do Sul,32866,Dourado,0.3,0.003
2013,50,Mato Grosso do Sul,32870,Pacu e patinga,791.01,4.305
2013,50,Mato Grosso do Sul,32871,"Piau, piapara, piauçu, piava",144.354,0.732
2013,50,Mato Grosso do Sul,32872,"Pintado, cachara, cachapira e pintachara, surubim",1335.583,9.953
2013,50,Mato Grosso do Sul,32875,"Tambacu, tambatinga",254.541,1.403
2013,50,Mato Grosso do Sul,32876,Tambaqui,44.127,0.214
2013,50,Mato Grosso do Sul,32877,Tilápia,2793.927,11.943
2013,50,Mato Grosso do Sul,32881,Outros peixes,295.2,1.633
2013,51,Mato Grosso,32865,"Curimatã, curimbatá",59.553,0.193
2013,51,Mato Grosso,32867,"Jatuarana, piabanha e piracanjuba",52.521,0.314
2013,51,Mato Grosso,32868,Lambari,10.13,0.01
2013,51,Mato Grosso,32869,Matrinxã,286.776,2.413
2013,51,Mato Grosso,32870,Pacu e patinga,3205.984,18.916
2013,51,Mato Grosso,32871,"Piau, piapara, piauçu, piava",244.773,1.562
2013,51,Mato Grosso,32872,"Pintado, cachara, cachapira e pintachara, surubim",11028.212,86.865
2013,51,Mato Grosso,32873,Pirapitinga,2895.032,16.075
2013,51,Mato Grosso,32874,Pirarucu,3.272,0.049
2013,51,Mato Grosso,32875,"Tambacu, tambatinga",47391.39,214.191
2013,51,Mato Grosso,32876,Tambaqui,9734.447,47.003
2013,51,Mato Grosso,32877,Tilápia,559.47,3.48
2013,51,Mato Grosso,32880,Tucunaré,10.12,0.101
2013,51,Mato Grosso,32881,Outros peixes,147.844,0.84
2013,51,Mato Grosso,32891,"Outros produtos (rã, jacaré, siri, caranguejo, lagosta, etc)",,0.041
2013,52,Goiás,32861,Carpa,178.441,1.611
2013,52,Goiás,32865,"Curimatã, curimbatá",10.82,0.095
2013,52,Goiás,32866,Dourado,120.65,1.75
2013,52,Goiás,32867,"Jatuarana, piabanha e piracanjuba",4.0,0.019
2013,52,Goiás,32868,Lambari,34.178,0.322
2013,52,Goiás,32869,Matrinxã,352.509,2.397
2013,52,Goiás,32870,Pacu e patinga,4598.757,26.18
2013,52,Goiás,32871,"Piau, piapara, piauçu, piava",1967.402,12.98
2013,52,Goiás,32872,"Pintado, cachara, cachapira e pintachara, surubim",664.964,8.307
2013,52,Goiás,32873,Pirapitinga,189.25,1.292
2013,52,Goiás,32874,Pirarucu,71.5,1.538
2013,52,Goiás,32875,"Tambacu, tambatinga",2341.176,14.447
2013,52,Goiás,32876,Tambaqui,4282.994,30.595
2013,52,Goiás,32877,Tilápia,7371.028,33.907
2013,52,Goiás,32878,Traíra e trairão,39.58,0.317
2013,52,Goiás,32880,Tucunaré,80.833,0.839
2013,52,Goiás,32881,Outros peixes,604.67,5.106
2013,52,Goiás,32891,"Outros produtos (rã, jacaré, siri, caranguejo, lagosta, etc)",,0.375
2013,53,Distrito Federal,32877,Tilápia,800.0,4.0
2014,11,Rondônia,32870,Pacu e patinga,5.0,0.044
2014,11,Rondônia,32871,"Piau, piapara, piauçu, piava",2.0,0.013
2014,11,Rondônia,32872,"Pintado, cachara, cachapira e pintachara, surubim",263.7,2.961
2014,11,Rondônia,32874,Pirarucu,11129.744,109.405
2014,11,Rondônia,32875,"Tambacu, tambatinga",364.416,3.092
2014,11,Rondônia,32876,Tambaqui,63256.285,264.934
2014,11,Rondônia,32877,Tilápia,2.0,0.015
2014,12,Acre,32865,"Curimatã, curimbatá",681.662,4.673
2014,12,Acre,32869,Matrinxã,194.905,1.791
2014,12,Acre,32870,Pacu e patinga,65.191,0.435
2014,12,Acre,32871,"Piau, piapara, piauçu, piava",629.914,5.553
2014,12,Acre,32872,"Pintado, cachara, cachapira e pintachara, surubim",143.527,1.467
2014,12,Acre,32873,Pirapitinga,994.282,6.455
2014,12,Acre,32874,Pirarucu,36.095,0.68
2014,12,Acre,32875,"Tambacu, tambatinga",396.255,2.308
2014,12,Acre,32876,Tambaqui,2064.274,13.409
2014,12,Acre,32877,Tilápia,171.667,1.057
2014,12,Acre,32878,Traíra e trairão,23.239,0.117
2014,13,Amazonas,32865,"Curimatã, curimbatá",57.1,0.465
2014,13,Amazonas,32869,Matrinxã,8439.41,68.611
2014,13,Amazonas,32871,"Piau, piapara, piauçu, piava",37.0,0.355
2014,13,Amazonas,32873,Pirapitinga,63.618,0.622
2014,13,Amazonas,32874,Pirarucu,125.0,1.364
2014,13,Amazonas,32876,Tambaqui,13805.01,100.894
2014,14,Roraima,32869,Matrinxã,424.529,2.972
2014,14,Roraima,32876,Tambaqui,13726.996,78.244
2014,15,Pará,32861,Carpa,0.88,0.007
2014,15,Pará,32865,"Curimatã, curimbatá",42.578,0.297
2014,15,Pará,32867,"Jatuarana, piabanha e piracanjuba",0.79,0.005
2014,15,Pará,32868,Lambari,5.0,0.059
2014,15,Pará,32869,Matrinxã,74.476,0.787
2014,15,Pará,32870,Pacu e patinga,78.135,0.802
2014,15,Pará,32871,"Piau, piapara, piauçu, piava",90.179,0.813
2014,15,Pará,32872,"Pintado, cachara, cachapira e pintachara, surubim",117.83,1.203
2014,15,Pará,32873,Pirapitinga,518.246,3.206
2014,15,Pará,32874,Pirarucu,136.8,1.928
2014,15,Pará,32875,"Tambacu, tambatinga",2263.758,16.109
2014,15,Pará,32876,Tambaqui,8233.078,55.995
2014,15,Pará,32877,Tilápia,335.035,2.6
2014,15,Pará,32878,Traíra e trairão,2.997,0.011
2014,15,Pará,32880,Tucunaré,6.25,0.072
2014,15,Pará,32881,Outros peixes,0.083,0.001
2014,15,Pará,32887,Camarão,42.0,0.42
2014,15,Pará,32889,"Ostras, vieiras e mexilhões",42.6,0.421
2014,16,Amapá,32873,Pirapitinga,65.51,0.418
2014,16,Amapá,32874,Pirarucu,3.492,0.058
2014,16,Amapá,32875,"Tambacu, tambatinga",108.829,0.741
2014,16,Amapá,32876,Tambaqui,303.075,2.406
2014,16,Amapá,32877,Tilápia,24.931,0.154
2014,17,Tocantins,32865,"Curimatã, curimbatá",52.853,0.298
2014,17,Tocantins,32867,"Jatuarana, piabanha e piracanjuba",2.3,0.021
2014,17,Tocantins,32868,Lambari,3.8,0.019
2014,17,Tocantins,32869,Matrinxã,702.199,4.821
2014,17,Tocantins,32870,Pacu e patinga,1490.175,9.851
2014,17,Tocantins,32871,"Piau, piapara, piauçu, piava",459.672,3.08
2014,17,Tocantins,32872,"Pintado, cachara, cachapira e pintachara, surubim",1040.124,12.08
2014,17,Tocantins,32873,Pirapitinga,29.3,0.283
2014,17,Tocantins,32874,Pirarucu,93.55,1.236
2014,17,Tocantins,32875,"Tambacu, tambatinga",1181.179,8.162
2014,17,Tocantins,32876,Tambaqui,4522.165,31.654
2014,17,Tocantins,32877,Tilápia,20.2,0.164
2014,17,Tocantins,32878,Traíra e trairão,9.274,0.056
2014,17,Tocantins,32880,Tucunaré,2.4,0.026
2014,17,Tocantins,32881,Outros peixes,4.1,0.035
2014,21,Maranhão,32865,"Curimatã, curimbatá",1318.482,10.156
2014,21,Maranhão,32870,Pacu e patinga,415.644,2.608
2014,21,Maranhão,32871,"Piau, piapara, piauçu, piava",268.945,2.414
2014,21,Maranhão,32872,"Pintado, cachara, cachapira e pintachara, surubim",50.732,0.43
2014,21,Maranhão,32873,Pirapitinga,2.355,0.015
2014,21,Maranhão,32874,Pirarucu,32.35,0.414
2014,21,Maranhão,32875,"Tambacu, tambatinga",5756.314,34.587
2014,21,Maranhão,32876,Tambaqui,9479.896,59.87
2014,21,Maranhão,32877,Tilápia,813.952,7.082
2014,21,Maranhão,32880,Tucunaré,0.5,0.002
2014,21,Maranhão,32881,Outros peixes,2.0,0.016
2014,21,Maranhão,32887,Camarão,55.0,0.645
2014,21,Maranhão,32889,"Ostras, vieiras e mexilhões",6.0,0.102
2014,22,Piauí,32861,Carpa,5.833,0.044
2014,22,Piauí,32865,"Curimatã, curimbatá",21.711,0.172
2014,22,Piauí,32867,"Jatuarana, piabanha e piracanjuba",5.829,0.058
2014,22,Piauí,32869,Matrinxã,2.791,0.028
2014,22,Piauí,32870,Pacu e patinga,0.55,0.004
2014,22,Piauí,32871,"Piau, piapara, piauçu, piava",39.187,0.332
2014,22,Piauí,32872,"Pintado, cachara, cachapira e pintachara, surubim",57.741,0.747
2014,22,Piauí,32873,Pirapitinga,2.9,0.021
2014,22,Piauí,32874,Pirarucu,0.25,0.003
2014,22,Piauí,32875,"Tambacu, tambatinga",275.114,1.841
2014,22,Piauí,32876,Tambaqui,5726.757,40.602
2014,22,Piauí,32877,Tilápia,1536.728,10.944
2014,22,Piauí,32878,Traíra e trairão,3.852,0.027
2014,22,Piauí,32881,Outros peixes,12.956,0.147
2014,22,Piauí,32887,Camarão,3665.613,47.653
2014,23,Ceará,32861,Carpa,2.38,0.012
2014,23,Ceará,32876,Tambaqui,12.99,0.077
2014,23,Ceará,32877,Tilápia,36275.237,214.372
2014,23,Ceará,32878,Traíra e trairão,0.6,0.004
2014,23,Ceará,32887,Camarão,35391.979,394.138
2014,24,Rio Grande do Norte,32861,Carpa,10.213,0.102
2014,24,Rio Grande do Norte,32865,"Curimatã, curimbatá",9.571,0.066
2014,24,Rio Grande do Norte,32871,"Piau, piapara, piauçu, piava",0.011,0.0
2014,24,Rio Grande do Norte,32876,Tambaqui,114.065,0.557
2014,24,Rio Grande do Norte,32877,Tilápia,2242.679,15.831
2014,24,Rio Grande do Norte,32878,Traíra e trairão,9.936,0.096
2014,24,Rio Grande do Norte,32880,Tucunaré,3.758,0.026
2014,24,Rio Grande do Norte,32887,Camarão,18295.251,259.541
2014,25,Paraíba,32861,Carpa,2.5,0.016
2014,25,Paraíba,32865,"Curimatã, curimbatá",2.6,0.025
2014,25,Paraíba,32874,Pirarucu,0.45,0.011
2014,25,Paraíba,32876,Tambaqui,9.36,0.069
2014,25,Paraíba,32877,Tilápia,1482.538,9.694
2014,25,Paraíba,32880,Tucunaré,9.55,0.08
2014,25,Paraíba,32887,Camarão,933.0,12.104
2014,26,Pernambuco,32861,Carpa,17.45,0.146
2014,26,Pernambuco,32876,Tambaqui,48.15,0.413
2014,26,Pernambuco,32877,Tilápia,4667.257,26.712
2014,26,Pernambuco,32878,Traíra e trairão,25.0,0.275
2014,26,Pernambuco,32887,Camarão,958.6,14.569
2014,27,Alagoas,32861,Carpa,25.2,0.137
2014,27,Alagoas,32865,"Curimatã, curimbatá",47.248,0.377
2014,27,Alagoas,32871,"Piau, piapara, piauçu, piava",2.1,0.011
2014,27,Alagoas,32872,"Pintado, cachara, cachapira e pintachara, surubim",1.7,0.025
2014,27,Alagoas,32876,Tambaqui,692.938,4.204
2014,27,Alagoas,32877,Tilápia,1832.42,9.855
2014,27,Alagoas,32878,Traíra e trairão,31.5,0.155
2014,27,Alagoas,32881,Outros peixes,0.4,0.002
2014,27,Alagoas,32887,Camarão,260.0,3.562
2014,27,Alagoas,32889,"Ostras, vieiras e mexilhões",61.2,0.305
2014,27,Alagoas,32891,"Outros produtos (rã, jacaré, siri, caranguejo, lagosta, etc)",,0.4
2014,28,Sergipe,32861,Carpa,5.0,0.03
2014,28,Sergipe,32869,Matrinxã,139.04,0.832
2014,28,Sergipe,32872,"Pintado, cachara, cachapira e pintachara, surubim",62.32,0.75
2014,28,Sergipe,32874,Pirarucu,0.295,0.005
2014,28,Sergipe,32875,"Tambacu, tambatinga",20.48,0.103
2014,28,Sergipe,32876,Tambaqui,3753.355,18.248
2014,28,Sergipe,32877,Tilápia,625.761,3.781
2014,28,Sergipe,32881,Outros peixes,4.395,0.04
2014,28,Sergipe,32887,Camarão,2247.55,24.084
2014,29,Bahia,32861,Carpa,60.888,0.346
2014,29,Bahia,32865,"Curimatã, curimbatá",3.8,0.038
2014,29,Bahia,32869,Matrinxã,1.5,0.015
2014,29,Bahia,32870,Pacu e patinga,4.2,0.033
2014,29,Bahia,32871,"Piau, piapara, piauçu, piava",1.0,0.01
2014,29,Bahia,32872,"Pintado, cachara, cachapira e pintachara, surubim",89.752,1.396
2014,29,Bahia,32874,Pirarucu,78.28,1.313
2014,29,Bahia,32875,"Tambacu, tambatinga",1210.2,6.353
2014,29,Bahia,32876,Tambaqui,821.905,4.474
2014,29,Bahia,32877,Tilápia,7962.822,36.339
2014,29,Bahia,32878,Traíra e trairão,5.82,0.052
2014,29,Bahia,32887,Camarão,2784.935,29.481
2014,29,Bahia,32889,"Ostras, vieiras e mexilhões",71.278,0.921
2014,29,Bahia,32891,"Outros produtos (rã, jacaré, siri, caranguejo, lagosta, etc)",,0.324
2014,31,Minas Gerais,32861,Carpa,131.158,1.0
2014,31,Minas Gerais,32865,"Curimatã, curimbatá",2.7,0.018
2014,31,Minas Gerais,32866,Dourado,3.1,0.05
2014,31,Minas Gerais,32867,"Jatuarana, piabanha e piracanjuba",1.7,0.016
2014,31,Minas Gerais,32868,Lambari,64.851,0.517
2014,31,Minas Gerais,32869,Matrinxã,40.733,0.338
2014,31,Minas Gerais,32870,Pacu e patinga,141.48,0.976
2014,31,Minas Gerais,32871,"Piau, piapara, piauçu, piava",112.535,0.835
2014,31,Minas Gerais,32872,"Pintado, cachara, cachapira e pintachara, surubim",14.45,0.182
2014,31,Minas Gerais,32873,Pirapitinga,12.0,0.09
2014,31,Minas Gerais,32874,Pirarucu,8.5,0.102
2014,31,Minas Gerais,32875,"Tambacu, tambatinga",154.985,1.052
2014,31,Minas Gerais,32876,Tambaqui,223.334,1.763
2014,31,Minas Gerais,32877,Tilápia,16187.166,88.941
2014,31,Minas Gerais,32878,Traíra e trairão,26.337,0.321
2014,31,Minas Gerais,32879,Truta,669.43,9.313
2014,31,Minas Gerais,32880,Tucunaré,0.85,0.009
2014,31,Minas Gerais,32881,Outros peixes,12.2,0.074
2014,31,Minas Gerais,32887,Camarão,13.22,0.242
2014,32,Espírito Santo,32861,Carpa,45.9,0.307
2014,32,Espírito Santo,32865,"Curimatã, curimbatá",4.6,0.028
2014,32,Espírito Santo,32868,Lambari,1.1,0.017
2014,32,Espírito Santo,32869,Matrinxã,0.9,0.014
2014,32,Espírito Santo,32870,Pacu e patinga,40.257,0.384
2014,32,Espírito Santo,32871,"Piau, piapara, piauçu, piava",2.4,0.015
2014,32,Espírito Santo,32872,"Pintado, cachara, cachapira e pintachara, surubim",12.6,0.16
2014,32,Espírito Santo,32874,Pirarucu,9.27,0.2
2014,32,Espírito Santo,32875,"Tambacu, tambatinga",95.5,0.93
2014,32,Espírito Santo,32876,Tambaqui,64.45,0.549
2014,32,Espírito Santo,32877,Tilápia,7640.003,38.659
2014,32,Espírito Santo,32878,Traíra e trairão,4.3,0.043
2014,32,Espírito Santo,32879,Truta,13.2,0.29
2014,32,Espírito Santo,32880,Tucunaré,1.175,0.019
2014,32,Espírito Santo,32881,Outros peixes,13.382,0.098
2014,32,Espírito Santo,32887,Camarão,67.66,2.183
2014,32,Espírito Santo,32891,"Outros produtos (rã, jacaré, siri, caranguejo, lagosta, etc)",,0.108
2014,33,Rio de Janeiro,32861,Carpa,42.994,0.302
2014,33,Rio de Janeiro,32865,"Curimatã, curimbatá",7.5,0.052
2014,33,Rio de Janeiro,32866,Dourado,2.88,0.029
2014,33,Rio de Janeiro,32868,Lambari,0.65,0.004
2014,33,Rio de Janeiro,32869,Matrinxã,1.285,0.009
2014,33,Rio de Janeiro,32870,Pacu e patinga,5.856,0.041
2014,33,Rio de Janeiro,32871,"Piau, piapara, piauçu, piava",2.8,0.022
2014,33,Rio de Janeiro,32872,"Pintado, cachara, cachapira e pintachara, surubim",0.95,0.01
2014,33,Rio de Janeiro,32875,"Tambacu, tambatinga",65.776,0.354
2014,33,Rio de Janeiro,32876,Tambaqui,46.065,0.302
2014,33,Rio de Janeiro,32877,Tilápia,998.33,7.05
2014,33,Rio de Janeiro,32878,Traíra e trairão,7.862,0.06
2014,33,Rio de Janeiro,32879,Truta,56.83,0.862
2014,33,Rio de Janeiro,32880,Tucunaré,8.7,0.059
2014,33,Rio de Janeiro,32881,Outros peixes,6.0,0.18
2014,33,Rio de Janeiro,32887,Camarão,7.086,0.173
2014,33,Rio de Janeiro,32889,"Ostras, vieiras e mexilhões",100.679,1.452
2014,33,Rio de Janeiro,32891,"Outros produtos (rã, jacaré, siri, caranguejo, lagosta, etc)",,0.938
2014,35,São Paulo,32861,Carpa,100.885,0.718
2014,35,São Paulo,32865,"Curimatã, curimbatá",15.575,0.113
2014,35,São Paulo,32866,Dourado,6.315,0.096
2014,35,São Paulo,32867,"Jatuarana, piabanha e piracanjuba",5.325,0.062
2014,35,São Paulo,32868,Lambari,83.34,0.742
2014,35,São Paulo,32869,Matrinxã,25.815,0.218
2014,35,São Paulo,32870,Pacu e patinga,1749.348,11.4
2014,35,São Paulo,32871,"Piau, piapara, piauçu, piava",108.341,0.765
2014,35,São Paulo,32872,"Pintado, cachara, cachapira e pintachara, surubim",29.13,0.306
2014,35,São Paulo,32875,"Tambacu, tambatinga",144.1,1.06
2014,35,São Paulo,32876,Tambaqui,160.201,1.169
2014,35,São Paulo,32877,Tilápia,24854.04,108.064
2014,35,São Paulo,32878,Traíra e trairão,30.0,0.235
2014,35,São Paulo,32879,Truta,4.0,0.048
2014,35,São Paulo,32880,Tucunaré,1.0,0.01
2014,35,São Paulo,32881,Outros peixes,64.285,1.68
2014,35,São Paulo,32889,"Ostras, vieiras e mexilhões",98.5,1.05
2014,35,São Paulo,32891,"Outros produtos (rã, jacaré, siri, caranguejo, lagosta, etc)",,0.404
2014,41,Paraná,32861,Carpa,2890.428,13.042
2014,41,Paraná,32865,"Curimatã, curimbatá",70.68,0.468
2014,41,Paraná,32866,Dourado,11.7,0.165
2014,41,Paraná,32868,Lambari,9.42,0.031
2014,41,Paraná,32869,Matrinxã,3.0,0.032
2014,41,Paraná,32870,Pacu e patinga,1898.83,10.383
2014,41,Paraná,32871,"Piau, piapara, piauçu, piava",164.795,0.866
2014,41,Paraná,32872,"Pintado, cachara, cachapira e pintachara, surubim",137.04,0.941
2014,41,Paraná,32874,Pirarucu,8.0,0.044
2014,41,Paraná,32875,"Tambacu, tambatinga",142.75,0.919
2014,41,Paraná,32876,Tambaqui,1.5,0.013
2014,41,Paraná,32877,Tilápia,51082.709,207.551
2014,41,Paraná,32878,Traíra e trairão,373.237,1.619
2014,41,Paraná,32879,Truta,2.12,0.011
2014,41,Paraná,32881,Outros peixes,544.252,2.433
2014,41,Paraná,32887,Camarão,125.0,1.638
2014,41,Paraná,32889,"Ostras, vieiras e mexilhões",48.52,0.519
2014,42,Santa Catarina,32861,Carpa,6091.149,28.083
2014,42,Santa Catarina,32865,"Curimatã, curimbatá",3.101,0.02
2014,42,Santa Catarina,32866,Dourado,1.678,0.014
2014,42,Santa Catarina,32867,"Jatuarana, piabanha e piracanjuba",3.504,0.018
2014,42,Santa Catarina,32868,Lambari,5.629,0.038
2014,42,Santa Catarina,32869,Matrinxã,2.115,0.018
2014,42,Santa Catarina,32870,Pacu e patinga,85.681,0.504
2014,42,Santa Catarina,32871,"Piau, piapara, piauçu, piava",13.448,0.102
2014,42,Santa Catarina,32872,"Pintado, cachara, cachapira e pintachara, surubim",8.434,0.053
2014,42,Santa Catarina,32873,Pirapitinga,1.005,0.005
2014,42,Santa Catarina,32875,"Tambacu, tambatinga",39.1,0.201
2014,42,Santa Catarina,32876,Tambaqui,0.4,0.001
2014,42,Santa Catarina,32877,Tilápia,23177.222,92.384
2014,42,Santa Catarina,32878,Traíra e trairão,228.273,1.637
2014,42,Santa Catarina,32879,Truta,953.746,11.356
2014,42,Santa Catarina,32881,Outros peixes,988.434,5.92
2014,42,Santa Catarina,32887,Camarão,180.66,3.226
2014,42,Santa Catarina,32889,"Ostras, vieiras e mexilhões",21654.0,88.486
2014,43,Rio Grande do Sul,32861,Carpa,11363.115,73.726
2014,43,Rio Grande do Sul,32865,"Curimatã, curimbatá",3.615,0.024
2014,43,Rio Grande do Sul,32866,Dourado,8.57,0.09
2014,43,Rio Grande do Sul,32868,Lambari,56.516,0.313
2014,43,Rio Grande do Sul,32870,Pacu e patinga,89.816,0.681
2014,43,Rio Grande do Sul,32871,"Piau, piapara, piauçu, piava",96.79,0.645
2014,43,Rio Grande do Sul,32872,"Pintado, cachara, cachapira e pintachara, surubim",4.09,0.058
2014,43,Rio Grande do Sul,32875,"Tambacu, tambatinga",0.95,0.01
2014,43,Rio Grande do Sul,32876,Tambaqui,1.05,0.011
2014,43,Rio Grande do Sul,32877,Tilápia,2538.072,16.993
2014,43,Rio Grande do Sul,32878,Traíra e trairão,316.806,2.647
2014,43,Rio Grande do Sul,32879,Truta,4.28,0.024
2014,43,Rio Grande do Sul,32881,Outros peixes,717.253,4.623
2014,43,Rio Grande do Sul,32891,"Outros produtos (rã, jacaré, siri, caranguejo, lagosta, etc)",,0.003
2014,50,Mato Grosso do Sul,32861,Carpa,17.0,0.093
2014,50,Mato Grosso do Sul,32865,"Curimatã, curimbatá",3.0,0.022
2014,50,Mato Grosso do Sul,32869,Matrinxã,1.5,0.013
2014,50,Mato Grosso do Sul,32870,Pacu e patinga,943.14,4.993
2014,50,Mato Grosso do Sul,32871,"Piau, piapara, piauçu, piava",6.05,0.051
2014,50,Mato Grosso do Sul,32872,"Pintado, cachara, cachapira e pintachara, surubim",988.766,7.272
2014,50,Mato Grosso do Sul,32875,"Tambacu, tambatinga",430.45,2.499
2014,50,Mato Grosso do Sul,32876,Tambaqui,93.668,0.44
2014,50,Mato Grosso do Sul,32877,Tilápia,2122.142,7.734
2014,50,Mato Grosso do Sul,32881,Outros peixes,355.65,2.173
2014,51,Mato Grosso,32861,Carpa,0.839,0.007
2014,51,Mato Grosso,32865,"Curimatã, curimbatá",45.453,0.243
2014,51,Mato Grosso,32866,Dourado,2.061,0.021
2014,51,Mato Grosso,32867,"Jatuarana, piabanha e piracanjuba",232.815,1.445
2014,51,Mato Grosso,32868,Lambari,16.186,0.162
2014,51,Mato Grosso,32869,Matrinxã,463.616,4.84
2014,51,Mato Grosso,32870,Pacu e patinga,3002.585,21.439
2014,51,Mato Grosso,32871,"Piau, piapara, piauçu, piava",450.577,2.941
2014,51,Mato Grosso,32872,"Pintado, cachara, cachapira e pintachara, surubim",16575.491,144.982
2014,51,Mato Grosso,32873,Pirapitinga,2634.146,19.106
2014,51,Mato Grosso,32874,Pirarucu,57.774,0.829
2014,51,Mato Grosso,32875,"Tambacu, tambatinga",24167.748,146.225
2014,51,Mato Grosso,32876,Tambaqui,9671.994,57.463
2014,51,Mato Grosso,32877,Tilápia,3466.953,15.944
2014,51,Mato Grosso,32878,Traíra e trairão,0.278,0.002
2014,51,Mato Grosso,32880,Tucunaré,3.918,0.028
2014,51,Mato Grosso,32881,Outros peixes,153.71,0.865
2014,51,Mato Grosso,32891,"Outros produtos (rã, jacaré, siri, caranguejo, lagosta, etc)",,0.174
2014,52,Goiás,32861,Carpa,72.25,0.56
2014,52,Goiás,32865,"Curimatã, curimbatá",9.3,0.069
2014,52,Goiás,32866,Dourado,2.12,0.031
2014,52,Goiás,32867,"Jatuarana, piabanha e piracanjuba",3.2,0.016
2014,52,Goiás,32868,Lambari,24.42,0.17
2014,52,Goiás,32869,Matrinxã,199.93,1.537
2014,52,Goiás,32870,Pacu e patinga,4537.181,32.496
2014,52,Goiás,32871,"Piau, piapara, piauçu, piava",1946.39,16.591
2014,52,Goiás,32872,"Pintado, cachara, cachapira e pintachara, surubim",838.86,11.063
2014,52,Goiás,32873,Pirapitinga,275.34,1.853
2014,52,Goiás,32874,Pirarucu,43.0,1.08
2014,52,Goiás,32875,"Tambacu, tambatinga",3448.653,24.43
2014,52,Goiás,32876,Tambaqui,2799.566,20.748
2014,52,Goiás,32877,Tilápia,7368.35,35.928
2014,52,Goiás,32878,Traíra e trairão,25.0,0.21
2014,52,Goiás,32880,Tucunaré,25.8,0.309
2014,52,Goiás,32881,Outros peixes,0.3,0.003
2014,52,Goiás,32891,"Outros produtos (rã, jacaré, siri, caranguejo, lagosta, etc)",,0.405
2014,53,Distrito Federal,32877,Tilápia,2520.0,11.34
2015,11,Rondônia,32867,"Jatuarana, piabanha e piracanjuba",5021.675,36.678
2015,11,Rondônia,32870,Pacu e patinga,2651.942,24.609
2015,11,Rondônia,32872,"Pintado, cachara, cachapira e pintachara, surubim",4233.094,52.147
2015,11,Rondônia,32874,Pirarucu,7688.795,75.404
2015,11,Rondônia,32875,"Tambacu, tambatinga",95.2,0.821
2015,11,Rondônia,32876,Tambaqui,64800.736,375.851
2015,12,Acre,32865,"Curimatã, curimbatá",771.008,6.183
2015,12,Acre,32869,Matrinxã,185.079,1.687
2015,12,Acre,32870,Pacu e patinga,19.812,0.156
2015,12,Acre,32871,"Piau, piapara, piauçu, piava",764.388,6.535
2015,12,Acre,32872,"Pintado, cachara, cachapira e pintachara, surubim",335.191,3.401
2015,12,Acre,32873,Pirapitinga,939.482,6.385
2015,12,Acre,32874,Pirarucu,82.748,1.087
2015,12,Acre,32875,"Tambacu, tambatinga",299.324,2.101
2015,12,Acre,32876,Tambaqui,2587.696,17.457
2015,12,Acre,32877,Tilápia,85.011,0.612
2015,12,Acre,32878,Traíra e trairão,2.244,0.01
2015,13,Amazonas,32865,"Curimatã, curimbatá",39.8,0.357
2015,13,Amazonas,32869,Matrinxã,7943.283,61.307
2015,13,Amazonas,32871,"Piau, piapara, piauçu, piava",23.0,0.214
2015,13,Amazonas,32873,Pirapitinga,62.11,0.6
2015,13,Amazonas,32874,Pirarucu,103.0,0.967
2015,13,Amazonas,32876,Tambaqui,14450.2,100.112
2015,13,Amazonas,32880,Tucunaré,15.0,0.045
2015,14,Roraima,32869,Matrinxã,110.0,0.88
2015,14,Roraima,32876,Tambaqui,10868.22,75.05
2015,15,Pará,32865,"Curimatã, curimbatá",57.794,0.446
2015,15,Pará,32867,"Jatuarana, piabanha e piracanjuba",84.45,0.676
2015,15,Pará,32868,Lambari,4.59,0.06
2015,15,Pará,32869,Matrinxã,104.796,1.193
2015,15,Pará,32870,Pacu e patinga,204.529,1.851
2015,15,Pará,32871,"Piau, piapara, piauçu, piava",132.212,1.305
2015,15,Pará,32872,"Pintado, cachara, cachapira e pintachara, surubim",232.623,2.677
2015,15,Pará,32873,Pirapitinga,552.245,3.763
2015,15,Pará,32874,Pirarucu,174.384,2.79
2015,15,Pará,32875,"Tambacu, tambatinga",2938.597,22.075
2015,15,Pará,32876,Tambaqui,9098.068,68.201
2015,15,Pará,32877,Tilápia,384.014,3.297
2015,15,Pará,32878,Traíra e trairão,2.84,0.015
2015,15,Pará,32880,Tucunaré,8.71,0.106
2015,15,Pará,32887,Camarão,67.0,0.737
2015,15,Pará,32889,"Ostras, vieiras e mexilhões",38.24,0.216
2015,16,Amapá,32873,Pirapitinga,85.371,0.545
2015,16,Amapá,32874,Pirarucu,4.482,0.075
2015,16,Amapá,32875,"Tambacu, tambatinga",132.336,0.913
2015,16,Amapá,32876,Tambaqui,379.056,2.83
2015,16,Amapá,32877,Tilápia,44.675,0.273
2015,17,Tocantins,32865,"Curimatã, curimbatá",69.7,0.408
2015,17,Tocantins,32867,"Jatuarana, piabanha e piracanjuba",3.0,0.028
2015,17,Tocantins,32868,Lambari,3.7,0.02
2015,17,Tocantins,32869,Matrinxã,556.78,4.337
2015,17,Tocantins,32870,Pacu e patinga,910.31,7.622
2015,17,Tocantins,32871,"Piau, piapara, piauçu, piava",306.393,1.617
2015,17,Tocantins,32872,"Pintado, cachara, cachapira e pintachara, surubim",994.874,12.259
2015,17,Tocantins,32873,Pirapitinga,37.6,0.401
2015,17,Tocantins,32874,Pirarucu,97.785,1.505
2015,17,Tocantins,32875,"Tambacu, tambatinga",995.185,7.804
2015,17,Tocantins,32876,Tambaqui,4868.26,37.169
2015,17,Tocantins,32877,Tilápia,14.0,0.12
2015,17,Tocantins,32878,Traíra e trairão,9.433,0.061
2015,17,Tocantins,32880,Tucunaré,2.5,0.03
2015,21,Maranhão,32861,Carpa,1.525,0.011
2015,21,Maranhão,32865,"Curimatã, curimbatá",1404.806,10.973
2015,21,Maranhão,32870,Pacu e patinga,548.148,3.54
2015,21,Maranhão,32871,"Piau, piapara, piauçu, piava",292.518,2.469
2015,21,Maranhão,32872,"Pintado, cachara, cachapira e pintachara, surubim",64.288,0.517
2015,21,Maranhão,32873,Pirapitinga,7.535,0.053
2015,21,Maranhão,32874,Pirarucu,32.968,0.592
2015,21,Maranhão,32875,"Tambacu, tambatinga",7516.833,43.756
2015,21,Maranhão,32876,Tambaqui,10382.887,69.647
2015,21,Maranhão,32877,Tilápia,917.662,7.481
2015,21,Maranhão,32878,Traíra e trairão,0.1,0.001
2015,21,Maranhão,32880,Tucunaré,0.5,0.003
2015,21,Maranhão,32887,Camarão,84.655,1.083
2015,21,Maranhão,32889,"Ostras, vieiras e mexilhões",6.2,0.093
2015,22,Piauí,32861,Carpa,2.92,0.026
2015,22,Piauí,32865,"Curimatã, curimbatá",43.575,0.364
2015,22,Piauí,32867,"Jatuarana, piabanha e piracanjuba",5.3,0.048
2015,22,Piauí,32869,Matrinxã,2.85,0.025
2015,22,Piauí,32870,Pacu e patinga,2.0,0.016
2015,22,Piauí,32871,"Piau, piapara, piauçu, piava",30.675,0.262
2015,22,Piauí,32872,"Pintado, cachara, cachapira e pintachara, surubim",61.889,0.868
2015,22,Piauí,32873,Pirapitinga,0.35,0.004
2015,22,Piauí,32874,Pirarucu,0.278,0.003
2015,22,Piauí,32875,"Tambacu, tambatinga",336.564,2.463
2015,22,Piauí,32876,Tambaqui,6095.944,46.009
2015,22,Piauí,32877,Tilápia,1605.059,12.439
2015,22,Piauí,32878,Traíra e trairão,2.95,0.021
2015,22,Piauí,32881,Outros peixes,10.99,0.121
2015,22,Piauí,32887,Camarão,3572.253,48.225
2015,23,Ceará,32876,Tambaqui,7.0,0.056
2015,23,Ceará,32877,Tilápia,27889.101,171.298
2015,23,Ceará,32887,Camarão,40717.779,468.061
2015,24,Rio Grande do Norte,32861,Carpa,9.182,0.057
2015,24,Rio Grande do Norte,32865,"Curimatã, curimbatá",8.557,0.039
2015,24,Rio Grande do Norte,32876,Tambaqui,39.465,0.21
2015,24,Rio Grande do Norte,32877,Tilápia,2436.215,17.362
2015,24,Rio Grande do Norte,32878,Traíra e trairão,8.816,0.056
2015,24,Rio Grande do Norte,32880,Tucunaré,3.911,0.03
2015,24,Rio Grande do Norte,32887,Camarão,17829.519,282.891
2015,25,Paraíba,32861,Carpa,2.3,0.018
2015,25,Paraíba,32865,"Curimatã, curimbatá",1.0,0.01
2015,25,Paraíba,32874,Pirarucu,0.5,0.013
2015,25,Paraíba,32876,Tambaqui,8.1,0.063
2015,25,Paraíba,32877,Tilápia,2245.169,15.75
2015,25,Paraíba,32880,Tucunaré,8.48,0.068
2015,25,Paraíba,32887,Camarão,937.9,14.377
2015,26,Pernambuco,32861,Carpa,20.2,0.185
2015,26,Pernambuco,32876,Tambaqui,69.7,0.603
2015,26,Pernambuco,32877,Tilápia,6510.557,38.537
2015,26,Pernambuco,32878,Traíra e trairão,25.0,0.275
2015,26,Pernambuco,32887,Camarão,1606.2,23.502
2015,27,Alagoas,32861,Carpa,50.03,0.378
2015,27,Alagoas,32865,"Curimatã, curimbatá",132.4,0.962
2015,27,Alagoas,32866,Dourado,5.0,0.075
2015,27,Alagoas,32869,Matrinxã,0.6,0.004
2015,27,Alagoas,32870,Pacu e patinga,2.0,0.034
2015,27,Alagoas,32871,"Piau, piapara, piauçu, piava",3.0,0.015
2015,27,Alagoas,32872,"Pintado, cachara, cachapira e pintachara, surubim",1.47,0.022
2015,27,Alagoas,32874,Pirarucu,0.025,0.0
2015,27,Alagoas,32876,Tambaqui,1197.242,7.719
2015,27,Alagoas,32877,Tilápia,2112.442,12.019
2015,27,Alagoas,32878,Traíra e trairão,12.5,0.063
2015,27,Alagoas,32887,Camarão,260.0,3.9
2015,27,Alagoas,32889,"Ostras, vieiras e mexilhões",51.7,0.314
2015,27,Alagoas,32891,"Outros produtos (rã, jacaré, siri, caranguejo, lagosta, etc)",,0.2
2015,28,Sergipe,32869,Matrinxã,11.93,0.076
2015,28,Sergipe,32870,Pacu e patinga,0.5,0.004
2015,28,Sergipe,32872,"Pintado, cachara, cachapira e pintachara, surubim",4.91,0.067
2015,28,Sergipe,32874,Pirarucu,0.25,0.005
2015,28,Sergipe,32875,"Tambacu, tambatinga",4.8,0.032
2015,28,Sergipe,32876,Tambaqui,2464.654,12.292
2015,28,Sergipe,32877,Tilápia,534.457,3.524
2015,28,Sergipe,32880,Tucunaré,0.2,0.001
2015,28,Sergipe,32881,Outros peixes,4.147,0.035
2015,28,Sergipe,32887,Camarão,2232.133,27.569
2015,28,Sergipe,32889,"Ostras, vieiras e mexilhões",0.97,0.007
2015,29,Bahia,32861,Carpa,42.4,0.333
2015,29,Bahia,32865,"Curimatã, curimbatá",18.0,0.144
2015,29,Bahia,32869,Matrinxã,0.3,0.004
2015,29,Bahia,32872,"Pintado, cachara, cachapira e pintachara, surubim",87.951,0.914
2015,29,Bahia,32874,Pirarucu,86.2,1.197
2015,29,Bahia,32875,"Tambacu, tambatinga",1455.635,9.293
2015,29,Bahia,32876,Tambaqui,912.321,6.984
2015,29,Bahia,32877,Tilápia,8823.321,47.151
2015,29,Bahia,32878,Traíra e trairão,64.25,0.541
2015,29,Bahia,32880,Tucunaré,12.0,0.096
2015,29,Bahia,32887,Camarão,2806.14,32.924
2015,29,Bahia,32889,"Ostras, vieiras e mexilhões",60.71,0.794
2015,31,Minas Gerais,32861,Carpa,94.802,0.753
2015,31,Minas Gerais,32865,"Curimatã, curimbatá",1.718,0.015
2015,31,Minas Gerais,32867,"Jatuarana, piabanha e piracanjuba",1.2,0.012
2015,31,Minas Gerais,32868,Lambari,8.901,0.055
2015,31,Minas Gerais,32869,Matrinxã,36.759,0.321
2015,31,Minas Gerais,32870,Pacu e patinga,137.195,1.083
2015,31,Minas Gerais,32871,"Piau, piapara, piauçu, piava",76.196,0.631
2015,31,Minas Gerais,32872,"Pintado, cachara, cachapira e pintachara, surubim",22.21,0.27
2015,31,Minas Gerais,32874,Pirarucu,0.3,0.003
2015,31,Minas Gerais,32875,"Tambacu, tambatinga",180.23,1.394
2015,31,Minas Gerais,32876,Tambaqui,191.69,1.44
2015,31,Minas Gerais,32877,Tilápia,19221.604,128.789
2015,31,Minas Gerais,32878,Traíra e trairão,9.353,0.089
2015,31,Minas Gerais,32879,Truta,769.78,13.873
2015,31,Minas Gerais,32881,Outros peixes,86.525,0.737
2015,31,Minas Gerais,32887,Camarão,13.006,0.273
2015,32,Espírito Santo,32861,Carpa,29.277,0.215
2015,32,Espírito Santo,32865,"Curimatã, curimbatá",1.0,0.007
2015,32,Espírito Santo,32868,Lambari,1.1,0.02
2015,32,Espírito Santo,32870,Pacu e patinga,23.01,0.257
2015,32,Espírito Santo,32871,"Piau, piapara, piauçu, piava",2.1,0.014
2015,32,Espírito Santo,32872,"Pintado, cachara, cachapira e pintachara, surubim",10.7,0.218
2015,32,Espírito Santo,32874,Pirarucu,4.72,0.128
2015,32,Espírito Santo,32875,"Tambacu, tambatinga",35.0,0.369
2015,32,Espírito Santo,32876,Tambaqui,38.0,0.413
2015,32,Espírito Santo,32877,Tilápia,6506.752,34.487
2015,32,Espírito Santo,32878,Traíra e trairão,3.585,0.053
2015,32,Espírito Santo,32879,Truta,4.8,0.106
2015,32,Espírito Santo,32880,Tucunaré,1.261,0.018
2015,32,Espírito Santo,32881,Outros peixes,7.885,0.057
2015,32,Espírito Santo,32887,Camarão,32.96,1.088
2015,32,Espírito Santo,32891,"Outros produtos (rã, jacaré, siri, caranguejo, lagosta, etc)",,0.035
2015,33,Rio de Janeiro,32861,Carpa,38.3,0.322
2015,33,Rio de Janeiro,32865,"Curimatã, curimbatá",3.7,0.025
2015,33,Rio de Janeiro,32866,Dourado,6.1,0.074
2015,33,Rio de Janeiro,32868,Lambari,0.6,0.005
2015,33,Rio de Janeiro,32869,Matrinxã,1.5,0.014
2015,33,Rio de Janeiro,32870,Pacu e patinga,6.18,0.046
2015,33,Rio de Janeiro,32871,"Piau, piapara, piauçu, piava",5.0,0.045
2015,33,Rio de Janeiro,32872,"Pintado, cachara, cachapira e pintachara, surubim",0.93,0.01
2015,33,Rio de Janeiro,32875,"Tambacu, tambatinga",59.425,0.383
2015,33,Rio de Janeiro,32876,Tambaqui,33.46,0.271
2015,33,Rio de Janeiro,32877,Tilápia,1003.057,7.366
2015,33,Rio de Janeiro,32878,Traíra e trairão,15.08,0.177
2015,33,Rio de Janeiro,32879,Truta,81.05,1.393
2015,33,Rio de Janeiro,32880,Tucunaré,8.2,0.061
2015,33,Rio de Janeiro,32881,Outros peixes,15.0,0.525
2015,33,Rio de Janeiro,32887,Camarão,9.2,0.194
2015,33,Rio de Janeiro,32889,"Ostras, vieiras e mexilhões",75.032,1.771
2015,33,Rio de Janeiro,32891,"Outros produtos (rã, jacaré, siri, caranguejo, lagosta, etc)",,0.647
2015,35,São Paulo,32861,Carpa,147.331,0.97
2015,35,São Paulo,32865,"Curimatã, curimbatá",44.4,0.261
2015,35,São Paulo,32866,Dourado,29.25,0.376
2015,35,São Paulo,32867,"Jatuarana, piabanha e piracanjuba",5.025,0.058
2015,35,São Paulo,32868,Lambari,88.532,0.654
2015,35,São Paulo,32869,Matrinxã,39.115,0.278
2015,35,São Paulo,32870,Pacu e patinga,1714.795,10.349
2015,35,São Paulo,32871,"Piau, piapara, piauçu, piava",130.04,0.817
2015,35,São Paulo,32872,"Pintado, cachara, cachapira e pintachara, surubim",75.41,0.835
2015,35,São Paulo,32873,Pirapitinga,90.0,0.522
2015,35,São Paulo,32875,"Tambacu, tambatinga",172.135,1.054
2015,35,São Paulo,32876,Tambaqui,81.136,0.578
2015,35,São Paulo,32877,Tilápia,29951.813,146.667
2015,35,São Paulo,32878,Traíra e trairão,29.732,0.338
2015,35,São Paulo,32879,Truta,4.2,0.063
2015,35,São Paulo,32881,Outros peixes,169.17,2.351
2015,35,São Paulo,32889,"Ostras, vieiras e mexilhões",113.225,1.359
2015,35,São Paulo,32891,"Outros produtos (rã, jacaré, siri, caranguejo, lagosta, etc)",,0.238
2015,41,Paraná,32861,Carpa,2929.681,14.346
2015,41,Paraná,32865,"Curimatã, curimbatá",37.88,0.253
2015,41,Paraná,32866,Dourado,4.1,0.056
2015,41,Paraná,32868,Lambari,10.155,0.034
2015,41,Paraná,32869,Matrinxã,3.1,0.036
2015,41,Paraná,32870,Pacu e patinga,1926.048,11.299
2015,41,Paraná,32871,"Piau, piapara, piauçu, piava",127.59,0.715
2015,41,Paraná,32872,"Pintado, cachara, cachapira e pintachara, surubim",146.0,0.968
2015,41,Paraná,32874,Pirarucu,8.0,0.043
2015,41,Paraná,32875,"Tambacu, tambatinga",124.92,0.855
2015,41,Paraná,32876,Tambaqui,2.16,0.02
2015,41,Paraná,32877,Tilápia,63065.594,295.639
2015,41,Paraná,32878,Traíra e trairão,388.444,1.87
2015,41,Paraná,32879,Truta,0.13,0.001
2015,41,Paraná,32880,Tucunaré,0.3,0.002
2015,41,Paraná,32881,Outros peixes,490.241,2.493
2015,41,Paraná,32887,Camarão,125.0,1.5
2015,41,Paraná,32889,"Ostras, vieiras e mexilhões",55.558,0.594
2015,42,Santa Catarina,32861,Carpa,6407.283,33.081
2015,42,Santa Catarina,32865,"Curimatã, curimbatá",4.38,0.025
2015,42,Santa Catarina,32866,Dourado,1.926,0.017
2015,42,Santa Catarina,32867,"Jatuarana, piabanha e piracanjuba",7.82,0.036
2015,42,Santa Catarina,32868,Lambari,9.73,0.071
2015,42,Santa Catarina,32869,Matrinxã,1.9,0.017
2015,42,Santa Catarina,32870,Pacu e patinga,94.87,0.671
2015,42,Santa Catarina,32871,"Piau, piapara, piauçu, piava",18.722,0.145
2015,42,Santa Catarina,32872,"Pintado, cachara, cachapira e pintachara, surubim",8.422,0.073
2015,42,Santa Catarina,32873,Pirapitinga,0.9,0.005
2015,42,Santa Catarina,32875,"Tambacu, tambatinga",33.149,0.16
2015,42,Santa Catarina,32876,Tambaqui,0.4,0.002
2015,42,Santa Catarina,32877,Tilápia,24859.479,124.853
2015,42,Santa Catarina,32878,Traíra e trairão,116.668,0.786
2015,42,Santa Catarina,32879,Truta,725.75,7.776
2015,42,Santa Catarina,32881,Outros peixes,1018.207,6.257
2015,42,Santa Catarina,32887,Camarão,227.5,4.151
2015,42,Santa Catarina,32889,"Ostras, vieiras e mexilhões",20662.06,81.617
2015,42,Santa Catarina,32891,"Outros produtos (rã, jacaré, siri, caranguejo, lagosta, etc)",,0.1
2015,43,Rio Grande do Sul,32861,Carpa,10822.223,80.413
2015,43,Rio Grande do Sul,32865,"Curimatã, curimbatá",2.453,0.016
2015,43,Rio Grande do Sul,32866,Dourado,7.404,0.082
2015,43,Rio Grande do Sul,32868,Lambari,70.912,0.417
2015,43,Rio Grande do Sul,32870,Pacu e patinga,83.007,0.724
2015,43,Rio Grande do Sul,32871,"Piau, piapara, piauçu, piava",45.626,0.493
2015,43,Rio Grande do Sul,32872,"Pintado, cachara, cachapira e pintachara, surubim",4.553,0.059
2015,43,Rio Grande do Sul,32877,Tilápia,2802.64,22.575
2015,43,Rio Grande do Sul,32878,Traíra e trairão,305.528,2.934
2015,43,Rio Grande do Sul,32879,Truta,4.3,0.023
2015,43,Rio Grande do Sul,32881,Outros peixes,644.203,4.516
2015,50,Mato Grosso do Sul,32861,Carpa,17.85,0.094
2015,50,Mato Grosso do Sul,32865,"Curimatã, curimbatá",3.27,0.03
2015,50,Mato Grosso do Sul,32869,Matrinxã,2.1,0.023
2015,50,Mato Grosso do Sul,32870,Pacu e patinga,645.784,3.989
2015,50,Mato Grosso do Sul,32871,"Piau, piapara, piauçu, piava",36.852,0.266
2015,50,Mato Grosso do Sul,32872,"Pintado, cachara, cachapira e pintachara, surubim",494.929,3.59
2015,50,Mato Grosso do Sul,32875,"Tambacu, tambatinga",357.368,2.363
2015,50,Mato Grosso do Sul,32876,Tambaqui,74.3,0.386
2015,50,Mato Grosso do Sul,32877,Tilápia,4772.689,21.864
2015,50,Mato Grosso do Sul,32878,Traíra e trairão,0.06,0.001
2015,50,Mato Grosso do Sul,32881,Outros peixes,377.522,2.416
2015,51,Mato Grosso,32861,Carpa,5.3,0.023
2015,51,Mato Grosso,32865,"Curimatã, curimbatá",36.981,0.189
2015,51,Mato Grosso,32867,"Jatuarana, piabanha e piracanjuba",192.097,1.413
2015,51,Mato Grosso,32868,Lambari,42.75,0.265
2015,51,Mato Grosso,32869,Matrinxã,328.461,2.801
2015,51,Mato Grosso,32870,Pacu e patinga,2468.561,18.986
2015,51,Mato Grosso,32871,"Piau, piapara, piauçu, piava",638.604,4.631
2015,51,Mato Grosso,32872,"Pintado, cachara, cachapira e pintachara, surubim",11018.776,109.904
2015,51,Mato Grosso,32873,Pirapitinga,1462.112,11.158
2015,51,Mato Grosso,32874,Pirarucu,61.87,0.879
2015,51,Mato Grosso,32875,"Tambacu, tambatinga",22447.272,159.175
2015,51,Mato Grosso,32876,Tambaqui,6777.782,43.91
2015,51,Mato Grosso,32877,Tilápia,1871.186,10.563
2015,51,Mato Grosso,32878,Traíra e trairão,0.085,0.001
2015,51,Mato Grosso,32880,Tucunaré,2.703,0.017
2015,51,Mato Grosso,32881,Outros peixes,83.35,0.476
2015,51,Mato Grosso,32891,"Outros produtos (rã, jacaré, siri, caranguejo, lagosta, etc)",,0.601
2015,52,Goiás,32861,Carpa,62.45,0.512
2015,52,Goiás,32865,"Curimatã, curimbatá",5.03,0.048
2015,52,Goiás,32866,Dourado,1.58,0.022
2015,52,Goiás,32868,Lambari,3.76,0.038
2015,52,Goiás,32869,Matrinxã,64.65,0.49
2015,52,Goiás,32870,Pacu e patinga,1717.108,14.759
2015,52,Goiás,32871,"Piau, piapara, piauçu, piava",576.25,4.58
2015,52,Goiás,32872,"Pintado, cachara, cachapira e pintachara, surubim",601.358,8.644
2015,52,Goiás,32873,Pirapitinga,332.48,2.369
2015,52,Goiás,32874,Pirarucu,42.203,1.113
2015,52,Goiás,32875,"Tambacu, tambatinga",2208.541,17.463
2015,52,Goiás,32876,Tambaqui,1312.073,10.306
2015,52,Goiás,32877,Tilápia,8655.295,46.057
2015,52,Goiás,32878,Traíra e trairão,5.6,0.056
2015,52,Goiás,32880,Tucunaré,4.2,0.052
2015,52,Goiás,32881,Outros peixes,44.8,0.475
2015,52,Goiás,32891,"Outros produtos (rã, jacaré, siri, caranguejo, lagosta, etc)",,0.435
2015,53,Distrito Federal,32877,Tilápia,2486.744,10.444
2016,11,Rondônia,32867,"Jatuarana, piabanha e piracanjuba",3905.975,30.172
2016,11,Rondônia,32870,Pacu e patinga,1874.1,17.664
2016,11,Rondônia,32872,"Pintado, cachara, cachapira e pintachara, surubim",3164.929,39.228
2016,11,Rondônia,32874,Pirarucu,614.993,6.194
2016,11,Rondônia,32875,"Tambacu, tambatinga",65.933,0.601
2016,11,Rondônia,32876,Tambaqui,49640.183,297.65
2016,12,Acre,32865,"Curimatã, curimbatá",465.379,3.955
2016,12,Acre,32869,Matrinxã,205.384,1.888
2016,12,Acre,32870,Pacu e patinga,36.627,0.299
2016,12,Acre,32871,"Piau, piapara, piauçu, piava",415.212,3.908
2016,12,Acre,32872,"Pintado, cachara, cachapira e pintachara, surubim",273.709,2.684
2016,12,Acre,32873,Pirapitinga,876.666,6.108
2016,12,Acre,32874,Pirarucu,40.758,0.491
2016,12,Acre,32875,"Tambacu, tambatinga",289.438,1.853
2016,12,Acre,32876,Tambaqui,1781.248,11.712
2016,12,Acre,32877,Tilápia,29.248,0.193
2016,12,Acre,32878,Traíra e trairão,3.864,0.022
2016,13,Amazonas,32865,"Curimatã, curimbatá",20.3,0.167
2016,13,Amazonas,32869,Matrinxã,3139.34,25.244
2016,13,Amazonas,32871,"Piau, piapara, piauçu, piava",35.1,0.336
2016,13,Amazonas,32873,Pirapitinga,52.6,0.494
2016,13,Amazonas,32874,Pirarucu,93.4,0.923
2016,13,Amazonas,32876,Tambaqui,8858.442,64.256
2016,14,Roraima,32869,Matrinxã,149.48,1.229
2016,14,Roraima,32876,Tambaqui,10323.79,59.716
2016,15,Pará,32865,"Curimatã, curimbatá",33.895,0.258
2016,15,Pará,32867,"Jatuarana, piabanha e piracanjuba",71.78,0.576
2016,15,Pará,32868,Lambari,4.0,0.012
2016,15,Pará,32869,Matrinxã,87.32,1.073
2016,15,Pará,32870,Pacu e patinga,42.006,0.39
2016,15,Pará,32871,"Piau, piapara, piauçu, piava",123.727,1.218
2016,15,Pará,32872,"Pintado, cachara, cachapira e pintachara, surubim",204.462,2.222
2016,15,Pará,32873,Pirapitinga,490.358,3.094
2016,15,Pará,32874,Pirarucu,150.754,2.252
2016,15,Pará,32875,"Tambacu, tambatinga",2865.59,20.646
2016,15,Pará,32876,Tambaqui,8533.965,61.902
2016,15,Pará,32877,Tilápia,267.076,2.219
2016,15,Pará,32878,Traíra e trairão,2.17,0.01
2016,15,Pará,32880,Tucunaré,5.71,0.062
2016,15,Pará,32881,Outros peixes,26.3,0.132
2016,15,Pará,32887,Camarão,60.0,0.72
2016,15,Pará,32889,"Ostras, vieiras e mexilhões",41.802,0.322
2016,16,Amapá,32873,Pirapitinga,90.235,0.595
2016,16,Amapá,32874,Pirarucu,5.188,0.088
2016,16,Amapá,32875,"Tambacu, tambatinga",144.154,1.002
2016,16,Amapá,32876,Tambaqui,397.199,3.089
2016,16,Amapá,32877,Tilápia,49.078,0.313
2016,17,Tocantins,32865,"Curimatã, curimbatá",70.1,0.436
2016,17,Tocantins,32867,"Jatuarana, piabanha e piracanjuba",57.5,0.563
2016,17,Tocantins,32868,Lambari,3.6,0.022
2016,17,Tocantins,32869,Matrinxã,584.74,4.969
2016,17,Tocantins,32870,Pacu e patinga,955.805,8.167
2016,17,Tocantins,32871,"Piau, piapara, piauçu, piava",316.61,2.066
2016,17,Tocantins,32872,"Pintado, cachara, cachapira e pintachara, surubim",984.062,13.34
2016,17,Tocantins,32873,Pirapitinga,38.25,0.413
2016,17,Tocantins,32874,Pirarucu,146.78,2.896
2016,17,Tocantins,32875,"Tambacu, tambatinga",1082.1,8.996
2016,17,Tocantins,32876,Tambaqui,5275.975,43.674
2016,17,Tocantins,32877,Tilápia,17.3,0.147
2016,17,Tocantins,32878,Traíra e trairão,9.0,0.065
2016,17,Tocantins,32880,Tucunaré,2.4,0.031
2016,21,Maranhão,32861,Carpa,5.437,0.043
2016,21,Maranhão,32865,"Curimatã, curimbatá",1727.82,13.807
2016,21,Maranhão,32869,Matrinxã,2.145,0.021
2016,21,Maranhão,32870,Pacu e patinga,667.172,4.533
2016,21,Maranhão,32871,"Piau, piapara, piauçu, piava",341.618,3.072
2016,21,Maranhão,32872,"Pintado, cachara, cachapira e pintachara, surubim",101.442,0.997
2016,21,Maranhão,32873,Pirapitinga,5.373,0.035
2016,21,Maranhão,32874,Pirarucu,39.963,0.835
2016,21,Maranhão,32875,"Tambacu, tambatinga",9112.879,53.54
2016,21,Maranhão,32876,Tambaqui,11412.468,72.085
2016,21,Maranhão,32877,Tilápia,1010.369,7.984
2016,21,Maranhão,32878,Traíra e trairão,0.12,0.001
2016,21,Maranhão,32887,Camarão,142.021,2.291
2016,21,Maranhão,32889,"Ostras, vieiras e mexilhões",27.3,0.135
2016,22,Piauí,32861,Carpa,2.3,0.024
2016,22,Piauí,32865,"Curimatã, curimbatá",82.42,0.688
2016,22,Piauí,32867,"Jatuarana, piabanha e piracanjuba",5.618,0.051
2016,22,Piauí,32869,Matrinxã,2.717,0.024
2016,22,Piauí,32870,Pacu e patinga,6.8,0.054
2016,22,Piauí,32871,"Piau, piapara, piauçu, piava",30.587,0.312
2016,22,Piauí,32872,"Pintado, cachara, cachapira e pintachara, surubim",81.614,1.255
2016,22,Piauí,32874,Pirarucu,0.289,0.003
2016,22,Piauí,32875,"Tambacu, tambatinga",813.323,6.3
2016,22,Piauí,32876,Tambaqui,5694.665,46.395
2016,22,Piauí,32877,Tilápia,2032.074,16.696
2016,22,Piauí,32878,Traíra e trairão,10.295,0.092
2016,22,Piauí,32880,Tucunaré,1.0,0.008
2016,22,Piauí,32881,Outros peixes,43.616,0.419
2016,22,Piauí,32887,Camarão,3140.0,45.53
2016,23,Ceará,32876,Tambaqui,5.328,0.019
2016,23,Ceará,32877,Tilápia,17365.74,113.074
2016,23,Ceará,32887,Camarão,25431.28,366.975
2016,24,Rio Grande do Norte,32861,Carpa,8.3,0.058
2016,24,Rio Grande do Norte,32865,"Curimatã, curimbatá",11.65,0.062
2016,24,Rio Grande do Norte,32876,Tambaqui,23.23,0.133
2016,24,Rio Grande do Norte,32877,Tilápia,2335.486,19.046
2016,24,Rio Grande do Norte,32878,Traíra e trairão,10.717,0.072
2016,24,Rio Grande do Norte,32880,Tucunaré,0.928,0.008
2016,24,Rio Grande do Norte,32887,Camarão,14656.104,328.658
2016,25,Paraíba,32861,Carpa,2.5,0.02
2016,25,Paraíba,32865,"Curimatã, curimbatá",1.2,0.012
2016,25,Paraíba,32874,Pirarucu,0.3,0.008
2016,25,Paraíba,32876,Tambaqui,12.162,0.114
2016,25,Paraíba,32877,Tilápia,2107.296,16.872
2016,25,Paraíba,32880,Tucunaré,7.4,0.066
2016,25,Paraíba,32887,Camarão,893.512,16.822
2016,26,Pernambuco,32861,Carpa,1.5,0.015
2016,26,Pernambuco,32865,"Curimatã, curimbatá",1.1,0.011
2016,26,Pernambuco,32876,Tambaqui,22.363,0.233
2016,26,Pernambuco,32877,Tilápia,6529.925,43.294
2016,26,Pernambuco,32878,Traíra e trairão,25.0,0.25
2016,26,Pernambuco,32887,Camarão,2245.55,45.065
2016,27,Alagoas,32861,Carpa,45.37,0.355
2016,27,Alagoas,32865,"Curimatã, curimbatá",68.079,0.533
2016,27,Alagoas,32866,Dourado,5.0,0.08
2016,27,Alagoas,32870,Pacu e patinga,2.0,0.036
2016,27,Alagoas,32871,"Piau, piapara, piauçu, piava",3.2,0.025
2016,27,Alagoas,32872,"Pintado, cachara, cachapira e pintachara, surubim",6.045,0.089
2016,27,Alagoas,32874,Pirarucu,0.8,0.012
2016,27,Alagoas,32876,Tambaqui,1389.159,10.212
2016,27,Alagoas,32877,Tilápia,3017.239,21.374
2016,27,Alagoas,32878,Traíra e trairão,11.55,0.083
2016,27,Alagoas,32887,Camarão,156.652,3.133
2016,27,Alagoas,32889,"Ostras, vieiras e mexilhões",41.193,0.445
2016,27,Alagoas,32891,"Outros produtos (rã, jacaré, siri, caranguejo, lagosta, etc)",,0.3
2016,28,Sergipe,32869,Matrinxã,15.826,0.12
2016,28,Sergipe,32872,"Pintado, cachara, cachapira e pintachara, surubim",4.02,0.062
2016,28,Sergipe,32874,Pirarucu,0.3,0.005
2016,28,Sergipe,32875,"Tambacu, tambatinga",0.95,0.005
2016,28,Sergipe,32876,Tambaqui,2510.669,12.472
2016,28,Sergipe,32877,Tilápia,582.042,3.809
2016,28,Sergipe,32880,Tucunaré,0.192,0.002
2016,28,Sergipe,32881,Outros peixes,4.59,0.046
2016,28,Sergipe,32887,Camarão,2322.227,34.688
2016,28,Sergipe,32889,"Ostras, vieiras e mexilhões",0.669,0.013
2016,29,Bahia,32861,Carpa,61.74,0.444
2016,29,Bahia,32865,"Curimatã, curimbatá",17.04,0.137
2016,29,Bahia,32870,Pacu e patinga,0.56,0.007
2016,29,Bahia,32871,"Piau, piapara, piauçu, piava",0.16,0.002
2016,29,Bahia,32872,"Pintado, cachara, cachapira e pintachara, surubim",58.816,0.597
2016,29,Bahia,32874,Pirarucu,74.05,1.168
2016,29,Bahia,32875,"Tambacu, tambatinga",1127.39,6.737
2016,29,Bahia,32876,Tambaqui,989.645,7.715
2016,29,Bahia,32877,Tilápia,10786.286,68.016
2016,29,Bahia,32878,Traíra e trairão,73.03,0.63
2016,29,Bahia,32880,Tucunaré,13.1,0.118
2016,29,Bahia,32887,Camarão,2747.9,40.141
2016,29,Bahia,32889,"Ostras, vieiras e mexilhões",64.035,0.834
2016,29,Bahia,32891,"Outros produtos (rã, jacaré, siri, caranguejo, lagosta, etc)",,0.001
2016,31,Minas Gerais,32861,Carpa,106.303,0.854
2016,31,Minas Gerais,32865,"Curimatã, curimbatá",47.807,0.385
2016,31,Minas Gerais,32867,"Jatuarana, piabanha e piracanjuba",0.3,0.004
2016,31,Minas Gerais,32868,Lambari,4.12,0.03
2016,31,Minas Gerais,32869,Matrinxã,43.342,0.357
2016,31,Minas Gerais,32870,Pacu e patinga,189.791,1.627
2016,31,Minas Gerais,32871,"Piau, piapara, piauçu, piava",32.622,0.289
2016,31,Minas Gerais,32872,"Pintado, cachara, cachapira e pintachara, surubim",57.36,0.539
2016,31,Minas Gerais,32874,Pirarucu,0.34,0.003
2016,31,Minas Gerais,32875,"Tambacu, tambatinga",98.133,0.801
2016,31,Minas Gerais,32876,Tambaqui,142.978,1.198
2016,31,Minas Gerais,32877,Tilápia,30973.184,193.009
2016,31,Minas Gerais,32878,Traíra e trairão,6.7,0.077
2016,31,Minas Gerais,32879,Truta,888.1,10.67
2016,31,Minas Gerais,32881,Outros peixes,213.1,1.626
2016,31,Minas Gerais,32887,Camarão,7.306,0.179
2016,32,Espírito Santo,32861,Carpa,20.465,0.161
2016,32,Espírito Santo,32865,"Curimatã, curimbatá",11.0,0.057
2016,32,Espírito Santo,32868,Lambari,1.0,0.02
2016,32,Espírito Santo,32869,Matrinxã,2.297,0.017
2016,32,Espírito Santo,32870,Pacu e patinga,8.71,0.057
2016,32,Espírito Santo,32871,"Piau, piapara, piauçu, piava",1.7,0.015
2016,32,Espírito Santo,32872,"Pintado, cachara, cachapira e pintachara, surubim",11.06,0.226
2016,32,Espírito Santo,32874,Pirarucu,2.0,0.07
2016,32,Espírito Santo,32875,"Tambacu, tambatinga",9.524,0.08
2016,32,Espírito Santo,32876,Tambaqui,26.2,0.316
2016,32,Espírito Santo,32877,Tilápia,5248.844,27.383
2016,32,Espírito Santo,32878,Traíra e trairão,5.4,0.076
2016,32,Espírito Santo,32879,Truta,4.8,0.106
2016,32,Espírito Santo,32880,Tucunaré,0.65,0.007
2016,32,Espírito Santo,32881,Outros peixes,3.096,0.026
2016,32,Espírito Santo,32887,Camarão,5.955,0.2
2016,32,Espírito Santo,32891,"Outros produtos (rã, jacaré, siri, caranguejo, lagosta, etc)",,0.025
2016,33,Rio de Janeiro,32861,Carpa,40.17,0.327
2016,33,Rio de Janeiro,32865,"Curimatã, curimbatá",3.0,0.025
2016,33,Rio de Janeiro,32866,Dourado,4.718,0.048
2016,33,Rio de Janeiro,32868,Lambari,0.635,0.005
2016,33,Rio de Janeiro,32869,Matrinxã,0.8,0.008
2016,33,Rio de Janeiro,32870,Pacu e patinga,7.04,0.054
2016,33,Rio de Janeiro,32871,"Piau, piapara, piauçu, piava",3.072,0.037
2016,33,Rio de Janeiro,32872,"Pintado, cachara, cachapira e pintachara, surubim",0.92,0.01
2016,33,Rio de Janeiro,32875,"Tambacu, tambatinga",62.558,0.45
2016,33,Rio de Janeiro,32876,Tambaqui,22.645,0.201
2016,33,Rio de Janeiro,32877,Tilápia,1140.699,8.975
2016,33,Rio de Janeiro,32878,Traíra e trairão,7.31,0.081
2016,33,Rio de Janeiro,32879,Truta,86.16,1.527
2016,33,Rio de Janeiro,32880,Tucunaré,7.4,0.052
2016,33,Rio de Janeiro,32881,Outros peixes,17.92,0.157
2016,33,Rio de Janeiro,32887,Camarão,10.6,0.263
2016,33,Rio de Janeiro,32889,"Ostras, vieiras e mexilhões",79.292,1.285
2016,33,Rio de Janeiro,32891,"Outros produtos (rã, jacaré, siri, caranguejo, lagosta, etc)",,0.994
2016,35,São Paulo,32861,Carpa,153.84,1.001
2016,35,São Paulo,32865,"Curimatã, curimbatá",56.8,0.339
2016,35,São Paulo,32866,Dourado,38.33,0.52
2016,35,São Paulo,32867,"Jatuarana, piabanha e piracanjuba",4.4,0.049
2016,35,São Paulo,32868,Lambari,92.788,0.918
2016,35,São Paulo,32869,Matrinxã,55.66,0.393
2016,35,São Paulo,32870,Pacu e patinga,2934.379,17.925
2016,35,São Paulo,32871,"Piau, piapara, piauçu, piava",149.1,1.084
2016,35,São Paulo,32872,"Pintado, cachara, cachapira e pintachara, surubim",95.6,1.205
2016,35,São Paulo,32873,Pirapitinga,128.0,0.775
2016,35,São Paulo,32874,Pirarucu,0.5,0.013
2016,35,São Paulo,32875,"Tambacu, tambatinga",1483.0,8.989
2016,35,São Paulo,32876,Tambaqui,79.75,0.725
2016,35,São Paulo,32877,Tilápia,42810.874,213.207
2016,35,São Paulo,32878,Traíra e trairão,23.2,0.273
2016,35,São Paulo,32879,Truta,7.25,0.112
2016,35,São Paulo,32881,Outros peixes,233.156,1.314
2016,35,São Paulo,32889,"Ostras, vieiras e mexilhões",113.225,1.359
2016,35,São Paulo,32891,"Outros produtos (rã, jacaré, siri, caranguejo, lagosta, etc)",,0.094
2016,41,Paraná,32861,Carpa,2977.987,16.195
2016,41,Paraná,32865,"Curimatã, curimbatá",23.45,0.114
2016,41,Paraná,32866,Dourado,2.7,0.053
2016,41,Paraná,32868,Lambari,10.765,0.067
2016,41,Paraná,32869,Matrinxã,1.5,0.015
2016,41,Paraná,32870,Pacu e patinga,1903.14,12.952
2016,41,Paraná,32871,"Piau, piapara, piauçu, piava",132.23,0.813
2016,41,Paraná,32872,"Pintado, cachara, cachapira e pintachara, surubim",9.05,0.152
2016,41,Paraná,32874,Pirarucu,8.0,0.046
2016,41,Paraná,32875,"Tambacu, tambatinga",155.29,1.022
2016,41,Paraná,32876,Tambaqui,2.2,0.022
2016,41,Paraná,32877,Tilápia,69926.568,353.086
2016,41,Paraná,32878,Traíra e trairão,223.827,1.339
2016,41,Paraná,32879,Truta,0.14,0.001
2016,41,Paraná,32880,Tucunaré,0.3,0.002
2016,41,Paraná,32881,Outros peixes,527.24,2.97
2016,41,Paraná,32887,Camarão,90.0,1.08
2016,41,Paraná,32889,"Ostras, vieiras e mexilhões",68.934,0.827
2016,41,Paraná,32891,"Outros produtos (rã, jacaré, siri, caranguejo, lagosta, etc)",,0.008
2016,42,Santa Catarina,32861,Carpa,6238.063,35.515
2016,42,Santa Catarina,32865,"Curimatã, curimbatá",5.458,0.028
2016,42,Santa Catarina,32866,Dourado,2.22,0.025
2016,42,Santa Catarina,32867,"Jatuarana, piabanha e piracanjuba",3.7,0.015
2016,42,Santa Catarina,32868,Lambari,8.74,0.06
2016,42,Santa Catarina,32869,Matrinxã,1.15,0.01
2016,42,Santa Catarina,32870,Pacu e patinga,103.317,0.849
2016,42,Santa Catarina,32871,"Piau, piapara, piauçu, piava",7.885,0.047
2016,42,Santa Catarina,32872,"Pintado, cachara, cachapira e pintachara, surubim",9.783,0.088
2016,42,Santa Catarina,32873,Pirapitinga,0.9,0.005
2016,42,Santa Catarina,32875,"Tambacu, tambatinga",32.147,0.148
2016,42,Santa Catarina,32876,Tambaqui,2.6,0.024
2016,42,Santa Catarina,32877,Tilápia,26626.229,132.027
2016,42,Santa Catarina,32878,Traíra e trairão,82.945,0.507
2016,42,Santa Catarina,32879,Truta,700.08,6.693
2016,42,Santa Catarina,32881,Outros peixes,879.96,5.635
2016,42,Santa Catarina,32887,Camarão,218.1,3.272
2016,42,Santa Catarina,32889,"Ostras, vieiras e mexilhões",20392.22,63.26
2016,43,Rio Grande do Sul,32861,Carpa,10596.414,83.415
2016,43,Rio Grande do Sul,32865,"Curimatã, curimbatá",2.806,0.018
2016,43,Rio Grande do Sul,32866,Dourado,8.195,0.106
2016,43,Rio Grande do Sul,32868,Lambari,82.599,0.572
2016,43,Rio Grande do Sul,32870,Pacu e patinga,80.171,0.773
2016,43,Rio Grande do Sul,32871,"Piau, piapara, piauçu, piava",42.011,0.479
2016,43,Rio Grande do Sul,32872,"Pintado, cachara, cachapira e pintachara, surubim",3.236,0.039
2016,43,Rio Grande do Sul,32877,Tilápia,2908.386,24.97
2016,43,Rio Grande do Sul,32878,Traíra e trairão,278.82,2.858
2016,43,Rio Grande do Sul,32879,Truta,4.1,0.021
2016,43,Rio Grande do Sul,32881,Outros peixes,611.399,4.426
2016,50,Mato Grosso do Sul,32861,Carpa,6.25,0.04
2016,50,Mato Grosso do Sul,32865,"Curimatã, curimbatá",2.96,0.025
2016,50,Mato Grosso do Sul,32869,Matrinxã,1.0,0.01
2016,50,Mato Grosso do Sul,32870,Pacu e patinga,622.542,4.492
2016,50,Mato Grosso do Sul,32871,"Piau, piapara, piauçu, piava",18.73,0.157
2016,50,Mato Grosso do Sul,32872,"Pintado, cachara, cachapira e pintachara, surubim",549.396,4.409
2016,50,Mato Grosso do Sul,32875,"Tambacu, tambatinga",114.4,0.942
2016,50,Mato Grosso do Sul,32876,Tambaqui,173.206,0.927
2016,50,Mato Grosso do Sul,32877,Tilápia,5296.151,22.015
2016,50,Mato Grosso do Sul,32878,Traíra e trairão,0.04,0.0
2016,50,Mato Grosso do Sul,32881,Outros peixes,106.57,0.785
2016,51,Mato Grosso,32861,Carpa,10.115,0.096
2016,51,Mato Grosso,32865,"Curimatã, curimbatá",10.115,0.049
2016,51,Mato Grosso,32866,Dourado,1.0,0.012
2016,51,Mato Grosso,32867,"Jatuarana, piabanha e piracanjuba",330.502,2.342
2016,51,Mato Grosso,32868,Lambari,21.851,0.178
2016,51,Mato Grosso,32869,Matrinxã,108.299,1.356
2016,51,Mato Grosso,32870,Pacu e patinga,1011.612,9.038
2016,51,Mato Grosso,32871,"Piau, piapara, piauçu, piava",502.393,3.378
2016,51,Mato Grosso,32872,"Pintado, cachara, cachapira e pintachara, surubim",8328.004,74.906
2016,51,Mato Grosso,32873,Pirapitinga,142.675,1.352
2016,51,Mato Grosso,32874,Pirarucu,52.35,0.57
2016,51,Mato Grosso,32875,"Tambacu, tambatinga",25070.61,195.436
2016,51,Mato Grosso,32876,Tambaqui,4167.689,29.167
2016,51,Mato Grosso,32877,Tilápia,641.505,5.189
2016,51,Mato Grosso,32878,Traíra e trairão,0.5,0.003
2016,51,Mato Grosso,32880,Tucunaré,0.5,0.002
2016,51,Mato Grosso,32881,Outros peixes,12.0,0.068
2016,51,Mato Grosso,32891,"Outros produtos (rã, jacaré, siri, caranguejo, lagosta, etc)",,0.685
2016,52,Goiás,32861,Carpa,60.0,0.54
2016,52,Goiás,32865,"Curimatã, curimbatá",2.6,0.022
2016,52,Goiás,32866,Dourado,1.231,0.017
2016,52,Goiás,32868,Lambari,4.613,0.049
2016,52,Goiás,32869,Matrinxã,65.98,0.595
2016,52,Goiás,32870,Pacu e patinga,1653.77,13.386
2016,52,Goiás,32871,"Piau, piapara, piauçu, piava",591.294,5.013
2016,52,Goiás,32872,"Pintado, cachara, cachapira e pintachara, surubim",589.951,8.635
2016,52,Goiás,32873,Pirapitinga,274.628,2.253
2016,52,Goiás,32874,Pirarucu,35.6,0.938
2016,52,Goiás,32875,"Tambacu, tambatinga",2227.122,19.302
2016,52,Goiás,32876,Tambaqui,1295.62,10.852
2016,52,Goiás,32877,Tilápia,8617.053,50.013
2016,52,Goiás,32878,Traíra e trairão,5.76,0.043
2016,52,Goiás,32880,Tucunaré,0.3,0.005
2016,52,Goiás,32881,Outros peixes,10.0,0.08
2016,52,Goiás,32891,"Outros produtos (rã, jacaré, siri, caranguejo, lagosta, etc)",,0.419
2016,53,Distrito Federal,32877,Tilápia,1065.964,5.863
2017,11,Rondônia,32867,"Jatuarana, piabanha e piracanjuba",3858.162,29.842
2017,11,Rondônia,32870,Pacu e patinga,1852.32,17.797
2017,11,Rondônia,32872,"Pintado, cachara, cachapira e pintachara, surubim",3229.576,40.402
2017,11,Rondônia,32874,Pirarucu,488.589,5.001
2017,11,Rondônia,32875,"Tambacu, tambatinga",65.04,0.565
2017,11,Rondônia,32876,Tambaqui,49210.002,297.193
2017,11,Rondônia,32891,"Outros produtos (rã, jacaré, siri, caranguejo, lagosta, etc)",,0.047
2017,12,Acre,32865,"Curimatã, curimbatá",442.455,3.6
2017,12,Acre,32869,Matrinxã,277.146,2.672
2017,12,Acre,32870,Pacu e patinga,20.599,0.166
2017,12,Acre,32871,"Piau, piapara, piauçu, piava",403.021,3.762
2017,12,Acre,32872,"Pintado, cachara, cachapira e pintachara, surubim",149.886,1.539
2017,12,Acre,32873,Pirapitinga,699.525,4.858
2017,12,Acre,32874,Pirarucu,35.866,0.433
2017,12,Acre,32875,"Tambacu, tambatinga",260.795,1.661
2017,12,Acre,32876,Tambaqui,1529.541,10.022
2017,12,Acre,32877,Tilápia,76.838,0.489
2017,12,Acre,32878,Traíra e trairão,3.41,0.021
2017,13,Amazonas,32865,"Curimatã, curimbatá",21.83,0.206
2017,13,Amazonas,32869,Matrinxã,1755.248,14.401
2017,13,Amazonas,32871,"Piau, piapara, piauçu, piava",34.916,0.36
2017,13,Amazonas,32873,Pirapitinga,20.72,0.21
2017,13,Amazonas,32874,Pirarucu,108.733,1.205
2017,13,Amazonas,32876,Tambaqui,5632.496,43.903
2017,14,Roraima,32869,Matrinxã,343.108,2.749
2017,14,Roraima,32876,Tambaqui,9514.912,61.107
2017,15,Pará,32861,Carpa,0.2,0.003
2017,15,Pará,32865,"Curimatã, curimbatá",58.291,0.497
2017,15,Pará,32867,"Jatuarana, piabanha e piracanjuba",71.0,0.639
2017,15,Pará,32868,Lambari,4.775,0.043
2017,15,Pará,32869,Matrinxã,104.181,1.115
2017,15,Pará,32870,Pacu e patinga,32.718,0.295
2017,15,Pará,32871,"Piau, piapara, piauçu, piava",134.222,1.437
2017,15,Pará,32872,"Pintado, cachara, cachapira e pintachara, surubim",216.062,2.722
2017,15,Pará,32873,Pirapitinga,472.623,3.366
2017,15,Pará,32874,Pirarucu,183.267,3.544
2017,15,Pará,32875,"Tambacu, tambatinga",2737.18,20.945
2017,15,Pará,32876,Tambaqui,7885.179,60.413
2017,15,Pará,32877,Tilápia,233.26,2.107
2017,15,Pará,32878,Traíra e trairão,8.505,0.044
2017,15,Pará,32880,Tucunaré,7.5,0.124
2017,15,Pará,32881,Outros peixes,14.645,0.112
2017,15,Pará,32887,Camarão,50.0,0.75
2017,15,Pará,32889,"Ostras, vieiras e mexilhões",55.757,0.442
2017,16,Amapá,32873,Pirapitinga,97.645,0.762
2017,16,Amapá,32874,Pirarucu,5.938,0.11
2017,16,Amapá,32875,"Tambacu, tambatinga",157.022,1.23
2017,16,Amapá,32876,Tambaqui,438.516,3.764
2017,16,Amapá,32877,Tilápia,54.563,0.389
2017,17,Tocantins,32861,Carpa,0.25,0.002
2017,17,Tocantins,32865,"Curimatã, curimbatá",83.3,0.54
2017,17,Tocantins,32867,"Jatuarana, piabanha e piracanjuba",33.8,0.373
2017,17,Tocantins,32868,Lambari,3.5,0.025
2017,17,Tocantins,32869,Matrinxã,399.643,3.468
2017,17,Tocantins,32870,Pacu e patinga,880.65,7.701
2017,17,Tocantins,32871,"Piau, piapara, piauçu, piava",372.247,3.37
2017,17,Tocantins,32872,"Pintado, cachara, cachapira e pintachara, surubim",1457.534,20.856
2017,17,Tocantins,32873,Pirapitinga,91.583,0.895
2017,17,Tocantins,32874,Pirarucu,192.289,2.55
2017,17,Tocantins,32875,"Tambacu, tambatinga",1657.088,14.616
2017,17,Tocantins,32876,Tambaqui,6489.376,58.191
2017,17,Tocantins,32877,Tilápia,34.1,0.314
2017,17,Tocantins,32878,Traíra e trairão,21.0,0.158
2017,17,Tocantins,32880,Tucunaré,28.55,0.35
2017,17,Tocantins,32881,Outros peixes,3.07,0.036
2017,21,Maranhão,32861,Carpa,61.51,0.434
2017,21,Maranhão,32865,"Curimatã, curimbatá",2167.751,17.363
2017,21,Maranhão,32867,"Jatuarana, piabanha e piracanjuba",11.357,0.131
2017,21,Maranhão,32869,Matrinxã,3.88,0.035
2017,21,Maranhão,32870,Pacu e patinga,1349.442,8.859
2017,21,Maranhão,32871,"Piau, piapara, piauçu, piava",792.636,6.312
2017,21,Maranhão,32872,"Pintado, cachara, cachapira e pintachara, surubim",289.382,2.411
2017,21,Maranhão,32873,Pirapitinga,5.185,0.036
2017,21,Maranhão,32874,Pirarucu,52.271,0.889
2017,21,Maranhão,32875,"Tambacu, tambatinga",9783.406,60.778
2017,21,Maranhão,32876,Tambaqui,10500.794,66.777
2017,21,Maranhão,32877,Tilápia,2755.143,20.299
2017,21,Maranhão,32878,Traíra e trairão,1.524,0.011
2017,21,Maranhão,32880,Tucunaré,0.02,0.0
2017,21,Maranhão,32881,Outros peixes,0.785,0.012
2017,21,Maranhão,32887,Camarão,286.288,5.135
2017,21,Maranhão,32889,"Ostras, vieiras e mexilhões",29.0,0.153
2017,22,Piauí,32861,Carpa,7.15,0.081
2017,22,Piauí,32865,"Curimatã, curimbatá",67.443,0.559
2017,22,Piauí,32866,Dourado,0.32,0.004
2017,22,Piauí,32871,"Piau, piapara, piauçu, piava",30.618,0.314
2017,22,Piauí,32872,"Pintado, cachara, cachapira e pintachara, surubim",64.52,0.965
2017,22,Piauí,32873,Pirapitinga,3.0,0.021
2017,22,Piauí,32875,"Tambacu, tambatinga",673.557,5.256
2017,22,Piauí,32876,Tambaqui,4841.271,38.449
2017,22,Piauí,32877,Tilápia,1978.994,15.962
2017,22,Piauí,32878,Traíra e trairão,4.0,0.041
2017,22,Piauí,32880,Tucunaré,1.1,0.009
2017,22,Piauí,32881,Outros peixes,6.62,0.06
2017,22,Piauí,32887,Camarão,2722.964,52.538
2017,23,Ceará,32861,Carpa,3.0,0.021
2017,23,Ceará,32865,"Curimatã, curimbatá",4.2,0.027
2017,23,Ceará,32874,Pirarucu,6.0,0.042
2017,23,Ceará,32876,Tambaqui,12.088,0.069
2017,23,Ceará,32877,Tilápia,10204.119,73.854
2017,23,Ceará,32887,Camarão,11857.417,239.995
2017,24,Rio Grande do Norte,32861,Carpa,7.389,0.061
2017,24,Rio Grande do Norte,32865,"Curimatã, curimbatá",10.573,0.064
2017,24,Rio Grande do Norte,32876,Tambaqui,20.489,0.133
2017,24,Rio Grande do Norte,32877,Tilápia,2122.919,20.254
2017,24,Rio Grande do Norte,32878,Traíra e trairão,9.706,0.075
2017,24,Rio Grande do Norte,32880,Tucunaré,0.956,0.009
2017,24,Rio Grande do Norte,32887,Camarão,15434.477,398.968
2017,25,Paraíba,32865,"Curimatã, curimbatá",10.85,0.109
2017,25,Paraíba,32871,"Piau, piapara, piauçu, piava",7.85,0.078
2017,25,Paraíba,32874,Pirarucu,0.2,0.005
2017,25,Paraíba,32876,Tambaqui,16.256,0.173
2017,25,Paraíba,32877,Tilápia,2338.171,20.371
2017,25,Paraíba,32878,Traíra e trairão,10.0,0.05
2017,25,Paraíba,32880,Tucunaré,5.7,0.068
2017,25,Paraíba,32881,Outros peixes,4.95,0.023
2017,25,Paraíba,32887,Camarão,2598.58,47.866
2017,26,Pernambuco,32861,Carpa,1.3,0.014
2017,26,Pernambuco,32865,"Curimatã, curimbatá",1.01,0.011
2017,26,Pernambuco,32872,"Pintado, cachara, cachapira e pintachara, surubim",1.0,0.017
2017,26,Pernambuco,32874,Pirarucu,0.2,0.004
2017,26,Pernambuco,32876,Tambaqui,35.205,0.371
2017,26,Pernambuco,32877,Tilápia,20529.661,117.932
2017,26,Pernambuco,32878,Traíra e trairão,25.3,0.258
2017,26,Pernambuco,32887,Camarão,2198.648,46.072
2017,27,Alagoas,32861,Carpa,52.0,0.32
2017,27,Alagoas,32865,"Curimatã, curimbatá",58.43,0.632
2017,27,Alagoas,32868,Lambari,5.0,0.016
2017,27,Alagoas,32871,"Piau, piapara, piauçu, piava",3.8,0.022
2017,27,Alagoas,32874,Pirarucu,0.8,0.012
2017,27,Alagoas,32876,Tambaqui,3958.83,31.963
2017,27,Alagoas,32877,Tilápia,6792.568,54.639
2017,27,Alagoas,32878,Traíra e trairão,45.2,0.217
2017,27,Alagoas,32880,Tucunaré,0.12,0.001
2017,27,Alagoas,32881,Outros peixes,18.938,0.138
2017,27,Alagoas,32887,Camarão,627.4,12.366
2017,27,Alagoas,32889,"Ostras, vieiras e mexilhões",50.45,0.681
2017,27,Alagoas,32891,"Outros produtos (rã, jacaré, siri, caranguejo, lagosta, etc)",,1.248
2017,28,Sergipe,32861,Carpa,1.69,0.008
2017,28,Sergipe,32865,"Curimatã, curimbatá",90.502,0.712
2017,28,Sergipe,32869,Matrinxã,4.614,0.035
2017,28,Sergipe,32870,Pacu e patinga,1.202,0.006
2017,28,Sergipe,32871,"Piau, piapara, piauçu, piava",8.0,0.08
2017,28,Sergipe,32872,"Pintado, cachara, cachapira e pintachara, surubim",83.83,1.257
2017,28,Sergipe,32874,Pirarucu,0.35,0.007
2017,28,Sergipe,32875,"Tambacu, tambatinga",3.732,0.019
2017,28,Sergipe,32876,Tambaqui,1671.879,8.643
2017,28,Sergipe,32877,Tilápia,818.645,5.793
2017,28,Sergipe,32880,Tucunaré,0.163,0.001
2017,28,Sergipe,32881,Outros peixes,5.042,0.059
2017,28,Sergipe,32887,Camarão,2785.727,49.639
2017,28,Sergipe,32889,"Ostras, vieiras e mexilhões",3.65,0.073
2017,29,Bahia,32861,Carpa,62.658,0.529
2017,29,Bahia,32865,"Curimatã, curimbatá",28.44,0.216
2017,29,Bahia,32866,Dourado,1.2,0.01
2017,29,Bahia,32870,Pacu e patinga,0.14,0.002
2017,29,Bahia,32871,"Piau, piapara, piauçu, piava",1.84,0.015
2017,29,Bahia,32872,"Pintado, cachara, cachapira e pintachara, surubim",111.23,0.974
2017,29,Bahia,32874,Pirarucu,71.72,1.048
2017,29,Bahia,32875,"Tambacu, tambatinga",1081.24,6.03
2017,29,Bahia,32876,Tambaqui,982.131,7.647
2017,29,Bahia,32877,Tilápia,15638.12,93.741
2017,29,Bahia,32878,Traíra e trairão,50.798,0.336
2017,29,Bahia,32880,Tucunaré,23.72,0.178
2017,29,Bahia,32887,Camarão,2086.743,27.642
2017,29,Bahia,32889,"Ostras, vieiras e mexilhões",42.883,0.471
2017,29,Bahia,32891,"Outros produtos (rã, jacaré, siri, caranguejo, lagosta, etc)",,0.001
2017,31,Minas Gerais,32861,Carpa,96.365,0.932
2017,31,Minas Gerais,32865,"Curimatã, curimbatá",50.442,0.455
2017,31,Minas Gerais,32868,Lambari,112.289,0.792
2017,31,Minas Gerais,32869,Matrinxã,31.13,0.319
2017,31,Minas Gerais,32870,Pacu e patinga,86.206,0.769
2017,31,Minas Gerais,32871,"Piau, piapara, piauçu, piava",43.057,0.453
2017,31,Minas Gerais,32872,"Pintado, cachara, cachapira e pintachara, surubim",190.833,4.177
2017,31,Minas Gerais,32874,Pirarucu,1.194,0.014
2017,31,Minas Gerais,32875,"Tambacu, tambatinga",64.382,0.603
2017,31,Minas Gerais,32876,Tambaqui,362.775,2.865
2017,31,Minas Gerais,32877,Tilápia,28997.607,174.445
2017,31,Minas Gerais,32878,Traíra e trairão,5.57,0.065
2017,31,Minas Gerais,32879,Truta,1283.523,22.436
2017,31,Minas Gerais,32881,Outros peixes,49.653,0.625
2017,31,Minas Gerais,32891,"Outros produtos (rã, jacaré, siri, caranguejo, lagosta, etc)",,1.043
2017,32,Espírito Santo,32861,Carpa,27.05,0.207
2017,32,Espírito Santo,32865,"Curimatã, curimbatá",1.85,0.014
2017,32,Espírito Santo,32868,Lambari,1.16,0.029
2017,32,Espírito Santo,32869,Matrinxã,0.273,0.002
2017,32,Espírito Santo,32870,Pacu e patinga,1.736,0.013
2017,32,Espírito Santo,32871,"Piau, piapara, piauçu, piava",1.75,0.015
2017,32,Espírito Santo,32872,"Pintado, cachara, cachapira e pintachara, surubim",2.298,0.044
2017,32,Espírito Santo,32874,Pirarucu,2.0,0.07
2017,32,Espírito Santo,32875,"Tambacu, tambatinga",2.704,0.029
2017,32,Espírito Santo,32876,Tambaqui,25.72,0.309
2017,32,Espírito Santo,32877,Tilápia,3662.242,23.091
2017,32,Espírito Santo,32878,Traíra e trairão,3.0,0.054
2017,32,Espírito Santo,32879,Truta,5.0,0.133
2017,32,Espírito Santo,32881,Outros peixes,0.52,0.007
2017,32,Espírito Santo,32887,Camarão,13.625,0.54
2017,32,Espírito Santo,32891,"Outros produtos (rã, jacaré, siri, caranguejo, lagosta, etc)",,0.024
2017,33,Rio de Janeiro,32861,Carpa,39.462,0.317
2017,33,Rio de Janeiro,32865,"Curimatã, curimbatá",2.72,0.023
2017,33,Rio de Janeiro,32866,Dourado,2.885,0.035
2017,33,Rio de Janeiro,32868,Lambari,0.58,0.005
2017,33,Rio de Janeiro,32869,Matrinxã,0.79,0.008
2017,33,Rio de Janeiro,32870,Pacu e patinga,6.375,0.053
2017,33,Rio de Janeiro,32871,"Piau, piapara, piauçu, piava",1.843,0.022
2017,33,Rio de Janeiro,32872,"Pintado, cachara, cachapira e pintachara, surubim",0.95,0.011
2017,33,Rio de Janeiro,32875,"Tambacu, tambatinga",62.11,0.465
2017,33,Rio de Janeiro,32876,Tambaqui,14.118,0.123
2017,33,Rio de Janeiro,32877,Tilápia,1167.546,9.783
2017,33,Rio de Janeiro,32878,Traíra e trairão,4.936,0.04
2017,33,Rio de Janeiro,32879,Truta,73.49,1.507
2017,33,Rio de Janeiro,32880,Tucunaré,7.5,0.053
2017,33,Rio de Janeiro,32881,Outros peixes,17.152,0.146
2017,33,Rio de Janeiro,32887,Camarão,12.1,0.322
2017,33,Rio de Janeiro,32889,"Ostras, vieiras e mexilhões",75.72,1.302
2017,33,Rio de Janeiro,32891,"Outros produtos (rã, jacaré, siri, caranguejo, lagosta, etc)",,1.025
2017,35,São Paulo,32861,Carpa,94.06,0.588
2017,35,São Paulo,32865,"Curimatã, curimbatá",46.45,0.302
2017,35,São Paulo,32866,Dourado,37.021,0.549
2017,35,São Paulo,32867,"Jatuarana, piabanha e piracanjuba",2.66,0.035
2017,35,São Paulo,32868,Lambari,127.908,1.186
2017,35,São Paulo,32869,Matrinxã,50.101,0.396
2017,35,São Paulo,32870,Pacu e patinga,3606.591,22.531
2017,35,São Paulo,32871,"Piau, piapara, piauçu, piava",139.96,1.027
2017,35,São Paulo,32872,"Pintado, cachara, cachapira e pintachara, surubim",78.979,1.081
2017,35,São Paulo,32873,Pirapitinga,132.6,0.941
2017,35,São Paulo,32874,Pirarucu,2.0,0.05
2017,35,São Paulo,32875,"Tambacu, tambatinga",234.38,1.721
2017,35,São Paulo,32876,Tambaqui,55.665,0.481
2017,35,São Paulo,32877,Tilápia,42788.195,225.496
2017,35,São Paulo,32878,Traíra e trairão,0.35,0.002
2017,35,São Paulo,32879,Truta,15.2,0.24
2017,35,São Paulo,32881,Outros peixes,233.9,1.374
2017,35,São Paulo,32889,"Ostras, vieiras e mexilhões",69.071,0.813
2017,35,São Paulo,32891,"Outros produtos (rã, jacaré, siri, caranguejo, lagosta, etc)",,0.073
2017,41,Paraná,32861,Carpa,2969.033,17.642
2017,41,Paraná,32865,"Curimatã, curimbatá",54.35,0.366
2017,41,Paraná,32866,Dourado,6.61,0.129
2017,41,Paraná,32868,Lambari,10.756,0.068
2017,41,Paraná,32869,Matrinxã,3.61,0.037
2017,41,Paraná,32870,Pacu e patinga,2079.994,15.451
2017,41,Paraná,32871,"Piau, piapara, piauçu, piava",183.595,1.216
2017,41,Paraná,32872,"Pintado, cachara, cachapira e pintachara, surubim",25.455,0.439
2017,41,Paraná,32874,Pirarucu,7.0,0.046
2017,41,Paraná,32875,"Tambacu, tambatinga",155.36,1.057
2017,41,Paraná,32876,Tambaqui,2.39,0.024
2017,41,Paraná,32877,Tilápia,92336.618,440.75
2017,41,Paraná,32878,Traíra e trairão,223.272,1.391
2017,41,Paraná,32879,Truta,1.55,0.009
2017,41,Paraná,32880,Tucunaré,0.2,0.002
2017,41,Paraná,32881,Outros peixes,578.147,3.316
2017,41,Paraná,32887,Camarão,120.0,1.75
2017,41,Paraná,32889,"Ostras, vieiras e mexilhões",77.38,0.929
2017,41,Paraná,32891,"Outros produtos (rã, jacaré, siri, caranguejo, lagosta, etc)",,0.008
2017,42,Santa Catarina,32861,Carpa,5810.484,33.723
2017,42,Santa Catarina,32865,"Curimatã, curimbatá",3.15,0.016
2017,42,Santa Catarina,32866,Dourado,2.4,0.031
2017,42,Santa Catarina,32867,"Jatuarana, piabanha e piracanjuba",3.65,0.015
2017,42,Santa Catarina,32868,Lambari,15.175,0.098
2017,42,Santa Catarina,32869,Matrinxã,1.58,0.013
2017,42,Santa Catarina,32870,Pacu e patinga,101.063,0.863
2017,42,Santa Catarina,32871,"Piau, piapara, piauçu, piava",8.804,0.053
2017,42,Santa Catarina,32872,"Pintado, cachara, cachapira e pintachara, surubim",11.121,0.097
2017,42,Santa Catarina,32873,Pirapitinga,0.7,0.004
2017,42,Santa Catarina,32874,Pirarucu,0.025,0.0
2017,42,Santa Catarina,32875,"Tambacu, tambatinga",33.25,0.154
2017,42,Santa Catarina,32876,Tambaqui,2.21,0.018
2017,42,Santa Catarina,32877,Tilápia,25754.483,139.735
2017,42,Santa Catarina,32878,Traíra e trairão,55.091,0.354
2017,42,Santa Catarina,32879,Truta,666.43,6.487
2017,42,Santa Catarina,32881,Outros peixes,925.5,5.836
2017,42,Santa Catarina,32887,Camarão,284.0,5.865
2017,42,Santa Catarina,32889,"Ostras, vieiras e mexilhões",20537.493,78.351
2017,43,Rio Grande do Sul,32861,Carpa,9546.029,76.435
2017,43,Rio Grande do Sul,32865,"Curimatã, curimbatá",5.93,0.06
2017,43,Rio Grande do Sul,32866,Dourado,7.178,0.098
2017,43,Rio Grande do Sul,32868,Lambari,85.11,0.674
2017,43,Rio Grande do Sul,32870,Pacu e patinga,66.445,0.607
2017,43,Rio Grande do Sul,32871,"Piau, piapara, piauçu, piava",45.738,0.468
2017,43,Rio Grande do Sul,32872,"Pintado, cachara, cachapira e pintachara, surubim",8.115,0.112
2017,43,Rio Grande do Sul,32877,Tilápia,3077.256,26.165
2017,43,Rio Grande do Sul,32878,Traíra e trairão,275.251,2.805
2017,43,Rio Grande do Sul,32879,Truta,4.0,0.02
2017,43,Rio Grande do Sul,32881,Outros peixes,588.123,4.493
2017,50,Mato Grosso do Sul,32861,Carpa,7.2,0.058
2017,50,Mato Grosso do Sul,32865,"Curimatã, curimbatá",11.76,0.091
2017,50,Mato Grosso do Sul,32869,Matrinxã,4.75,0.04
2017,50,Mato Grosso do Sul,32870,Pacu e patinga,770.992,5.345
2017,50,Mato Grosso do Sul,32871,"Piau, piapara, piauçu, piava",24.48,0.188
2017,50,Mato Grosso do Sul,32872,"Pintado, cachara, cachapira e pintachara, surubim",589.7,5.17
2017,50,Mato Grosso do Sul,32873,Pirapitinga,17.537,0.096
2017,50,Mato Grosso do Sul,32875,"Tambacu, tambatinga",211.146,1.724
2017,50,Mato Grosso do Sul,32876,Tambaqui,151.98,0.881
2017,50,Mato Grosso do Sul,32877,Tilápia,10817.859,49.103
2017,50,Mato Grosso do Sul,32881,Outros peixes,103.7,0.722
2017,51,Mato Grosso,32861,Carpa,10.02,0.103
2017,51,Mato Grosso,32865,"Curimatã, curimbatá",50.59,0.293
2017,51,Mato Grosso,32866,Dourado,0.95,0.011
2017,51,Mato Grosso,32867,"Jatuarana, piabanha e piracanjuba",278.146,2.01
2017,51,Mato Grosso,32868,Lambari,48.0,0.248
2017,51,Mato Grosso,32869,Matrinxã,95.995,1.023
2017,51,Mato Grosso,32870,Pacu e patinga,975.163,8.611
2017,51,Mato Grosso,32871,"Piau, piapara, piauçu, piava",1000.276,6.192
2017,51,Mato Grosso,32872,"Pintado, cachara, cachapira e pintachara, surubim",7463.588,52.666
2017,51,Mato Grosso,32873,Pirapitinga,132.465,1.318
2017,51,Mato Grosso,32874,Pirarucu,57.285,0.756
2017,51,Mato Grosso,32875,"Tambacu, tambatinga",22729.616,139.115
2017,51,Mato Grosso,32876,Tambaqui,3353.675,20.972
2017,51,Mato Grosso,32877,Tilápia,397.734,2.355
2017,51,Mato Grosso,32878,Traíra e trairão,0.2,0.001
2017,51,Mato Grosso,32880,Tucunaré,0.29,0.001
2017,51,Mato Grosso,32881,Outros peixes,15.44,0.109
2017,51,Mato Grosso,32891,"Outros produtos (rã, jacaré, siri, caranguejo, lagosta, etc)",,0.526
2017,52,Goiás,32861,Carpa,65.5,0.759
2017,52,Goiás,32865,"Curimatã, curimbatá",2.8,0.024
2017,52,Goiás,32866,Dourado,1.235,0.018
2017,52,Goiás,32868,Lambari,138.125,1.39
2017,52,Goiás,32869,Matrinxã,135.75,1.145
2017,52,Goiás,32870,Pacu e patinga,1530.215,12.913
2017,52,Goiás,32871,"Piau, piapara, piauçu, piava",557.28,5.282
2017,52,Goiás,32872,"Pintado, cachara, cachapira e pintachara, surubim",538.98,8.932
2017,52,Goiás,32873,Pirapitinga,215.03,1.801
2017,52,Goiás,32874,Pirarucu,42.0,0.916
2017,52,Goiás,32875,"Tambacu, tambatinga",2156.274,19.154
2017,52,Goiás,32876,Tambaqui,1557.185,13.007
2017,52,Goiás,32877,Tilápia,9519.578,57.308
2017,52,Goiás,32878,Traíra e trairão,5.78,0.045
2017,52,Goiás,32880,Tucunaré,0.32,0.005
2017,52,Goiás,32891,"Outros produtos (rã, jacaré, siri, caranguejo, lagosta, etc)",,0.475
2017,53,Distrito Federal,32861,Carpa,4.222,0.051
2017,53,Distrito Federal,32865,"Curimatã, curimbatá",1.111,0.013
2017,53,Distrito Federal,32868,Lambari,1.777,0.021
2017,53,Distrito Federal,32869,Matrinxã,9.111,0.082
2017,53,Distrito Federal,32870,Pacu e patinga,6.0,0.066
2017,53,Distrito Federal,32871,"Piau, piapara, piauçu, piava",5.778,0.064
2017,53,Distrito Federal,32872,"Pintado, cachara, cachapira e pintachara, surubim",16.668,0.2
2017,53,Distrito Federal,32873,Pirapitinga,3.333,0.037
2017,53,Distrito Federal,32874,Pirarucu,1.555,0.034
2017,53,Distrito Federal,32875,"Tambacu, tambatinga",6.0,0.066
2017,53,Distrito Federal,32876,Tambaqui,21.335,0.235
2017,53,Distrito Federal,32877,Tilápia,738.063,5.905
2017,53,Distrito Federal,32881,Outros peixes,5.111,0.046
2017,53,Distrito Federal,32887,Camarão,0.1,0.004
2018,11,Rondônia,32867,"Jatuarana, piabanha e piracanjuba",3291.679,26.786
2018,11,Rondônia,32870,Pacu e patinga,1631.886,16.533
2018,11,Rondônia,32872,"Pintado, cachara, cachapira e pintachara, surubim",2639.861,34.666
2018,11,Rondônia,32874,Pirarucu,999.636,10.525
2018,11,Rondônia,32875,"Tambacu, tambatinga",63.875,0.586
2018,11,Rondônia,32876,Tambaqui,41553.715,263.464
2018,11,Rondônia,32891,"Outros produtos (rã, jacaré, siri, caranguejo, lagosta, etc)",,0.055
2018,12,Acre,32865,"Curimatã, curimbatá",434.101,3.8
2018,12,Acre,32869,Matrinxã,277.118,2.699
2018,12,Acre,32870,Pacu e patinga,14.817,0.122
2018,12,Acre,32871,"Piau, piapara, piauçu, piava",350.628,3.324
2018,12,Acre,32872,"Pintado, cachara, cachapira e pintachara, surubim",123.15,1.237
2018,12,Acre,32873,Pirapitinga,713.2,4.983
2018,12,Acre,32874,Pirarucu,48.416,0.586
2018,12,Acre,32875,"Tambacu, tambatinga",308.098,2.077
2018,12,Acre,32876,Tambaqui,1495.871,10.989
2018,12,Acre,32877,Tilápia,56.841,0.396
2018,12,Acre,32878,Traíra e trairão,3.56,0.023
2018,13,Amazonas,32865,"Curimatã, curimbatá",29.37,0.31
2018,13,Amazonas,32869,Matrinxã,1838.325,16.51
2018,13,Amazonas,32871,"Piau, piapara, piauçu, piava",20.93,0.266
2018,13,Amazonas,32873,Pirapitinga,37.035,0.36
2018,13,Amazonas,32874,Pirarucu,161.816,1.625
2018,13,Amazonas,32876,Tambaqui,6075.008,50.425
2018,14,Roraima,32869,Matrinxã,368.3,2.95
2018,14,Roraima,32876,Tambaqui,10449.7,66.903
2018,15,Pará,32865,"Curimatã, curimbatá",48.548,0.437
2018,15,Pará,32867,"Jatuarana, piabanha e piracanjuba",83.95,0.804
2018,15,Pará,32869,Matrinxã,288.276,2.925
2018,15,Pará,32870,Pacu e patinga,38.473,0.376
2018,15,Pará,32871,"Piau, piapara, piauçu, piava",245.526,2.531
2018,15,Pará,32872,"Pintado, cachara, cachapira e pintachara, surubim",227.93,2.754
2018,15,Pará,32873,Pirapitinga,494.096,3.653
2018,15,Pará,32874,Pirarucu,205.703,4.532
2018,15,Pará,32875,"Tambacu, tambatinga",3049.036,24.055
2018,15,Pará,32876,Tambaqui,8491.169,64.672
2018,15,Pará,32877,Tilápia,262.764,2.509
2018,15,Pará,32878,Traíra e trairão,8.1,0.041
2018,15,Pará,32880,Tucunaré,7.9,0.134
2018,15,Pará,32881,Outros peixes,49.89,0.539
2018,15,Pará,32887,Camarão,60.0,1.2
2018,15,Pará,32889,"Ostras, vieiras e mexilhões",39.85,0.318
2018,16,Amapá,32873,Pirapitinga,105.709,0.887
2018,16,Amapá,32874,Pirarucu,6.384,0.121
2018,16,Amapá,32875,"Tambacu, tambatinga",174.037,1.445
2018,16,Amapá,32876,Tambaqui,474.066,4.419
2018,16,Amapá,32877,Tilápia,63.157,0.494
2018,17,Tocantins,32865,"Curimatã, curimbatá",50.5,0.385
2018,17,Tocantins,32867,"Jatuarana, piabanha e piracanjuba",1.05,0.015
2018,17,Tocantins,32869,Matrinxã,500.502,3.886
2018,17,Tocantins,32870,Pacu e patinga,273.487,2.468
2018,17,Tocantins,32871,"Piau, piapara, piauçu, piava",339.9,2.872
2018,17,Tocantins,32872,"Pintado, cachara, cachapira e pintachara, surubim",1510.552,19.586
2018,17,Tocantins,32873,Pirapitinga,72.602,0.726
2018,17,Tocantins,32874,Pirarucu,205.794,2.802
2018,17,Tocantins,32875,"Tambacu, tambatinga",1874.135,14.388
2018,17,Tocantins,32876,Tambaqui,6455.377,59.714
2018,17,Tocantins,32877,Tilápia,30.761,0.292
2018,17,Tocantins,32878,Traíra e trairão,10.0,0.073
2018,17,Tocantins,32880,Tucunaré,19.3,0.214
2018,17,Tocantins,32881,Outros peixes,16.5,0.165
2018,21,Maranhão,32861,Carpa,8.729,0.055
2018,21,Maranhão,32865,"Curimatã, curimbatá",2177.12,17.341
2018,21,Maranhão,32867,"Jatuarana, piabanha e piracanjuba",10.375,0.114
2018,21,Maranhão,32869,Matrinxã,6.918,0.06
2018,21,Maranhão,32870,Pacu e patinga,1447.086,10.043
2018,21,Maranhão,32871,"Piau, piapara, piauçu, piava",842.504,6.819
2018,21,Maranhão,32872,"Pintado, cachara, cachapira e pintachara, surubim",311.388,2.678
2018,21,Maranhão,32873,Pirapitinga,4.789,0.037
2018,21,Maranhão,32874,Pirarucu,59.801,0.915
2018,21,Maranhão,32875,"Tambacu, tambatinga",9284.38,59.519
2018,21,Maranhão,32876,Tambaqui,10735.462,68.542
2018,21,Maranhão,32877,Tilápia,2440.699,16.582
2018,21,Maranhão,32887,Camarão,345.893,5.311
2018,21,Maranhão,32889,"Ostras, vieiras e mexilhões",24.2,0.151
2018,22,Piauí,32861,Carpa,1.6,0.017
2018,22,Piauí,32865,"Curimatã, curimbatá",57.498,0.475
2018,22,Piauí,32869,Matrinxã,8.725,0.074
2018,22,Piauí,32871,"Piau, piapara, piauçu, piava",36.73,0.398
2018,22,Piauí,32872,"Pintado, cachara, cachapira e pintachara, surubim",45.748,0.585
2018,22,Piauí,32873,Pirapitinga,2.4,0.017
2018,22,Piauí,32875,"Tambacu, tambatinga",624.321,4.912
2018,22,Piauí,32876,Tambaqui,5923.649,46.311
2018,22,Piauí,32877,Tilápia,4100.44,28.796
2018,22,Piauí,32878,Traíra e trairão,4.05,0.038
2018,22,Piauí,32880,Tucunaré,1.2,0.01
2018,22,Piauí,32881,Outros peixes,2.22,0.023
2018,22,Piauí,32887,Camarão,2318.0,41.971
2018,23,Ceará,32861,Carpa,6.0,0.045
2018,23,Ceará,32865,"Curimatã, curimbatá",2.3,0.017
2018,23,Ceará,32873,Pirapitinga,1.0,0.01
2018,23,Ceará,32874,Pirarucu,1.4,0.028
2018,23,Ceará,32875,"Tambacu, tambatinga",5.9,0.051
2018,23,Ceará,32876,Tambaqui,13.295,0.091
2018,23,Ceará,32877,Tilápia,11122.147,68.766
2018,23,Ceará,32887,Camarão,14610.711,285.808
2018,24,Rio Grande do Norte,32861,Carpa,6.0,0.049
2018,24,Rio Grande do Norte,32865,"Curimatã, curimbatá",7.297,0.043
2018,24,Rio Grande do Norte,32876,Tambaqui,6.5,0.053
2018,24,Rio Grande do Norte,32877,Tilápia,2371.994,26.309
2018,24,Rio Grande do Norte,32878,Traíra e trairão,7.554,0.061
2018,24,Rio Grande do Norte,32880,Tucunaré,1.055,0.01
2018,24,Rio Grande do Norte,32887,Camarão,19764.23,609.703
2018,25,Paraíba,32861,Carpa,0.5,0.002
2018,25,Paraíba,32865,"Curimatã, curimbatá",12.38,0.099
2018,25,Paraíba,32868,Lambari,0.96,0.004
2018,25,Paraíba,32871,"Piau, piapara, piauçu, piava",8.14,0.081
2018,25,Paraíba,32874,Pirarucu,0.238,0.006
2018,25,Paraíba,32876,Tambaqui,10.562,0.099
2018,25,Paraíba,32877,Tilápia,2272.563,18.667
2018,25,Paraíba,32878,Traíra e trairão,0.3,0.001
2018,25,Paraíba,32880,Tucunaré,1.68,0.017
2018,25,Paraíba,32881,Outros peixes,1.0,0.004
2018,25,Paraíba,32887,Camarão,2724.319,50.685
2018,26,Pernambuco,32861,Carpa,1.4,0.015
2018,26,Pernambuco,32865,"Curimatã, curimbatá",1.08,0.012
2018,26,Pernambuco,32872,"Pintado, cachara, cachapira e pintachara, surubim",1.0,0.015
2018,26,Pernambuco,32874,Pirarucu,0.2,0.004
2018,26,Pernambuco,32876,Tambaqui,39.15,0.434
2018,26,Pernambuco,32877,Tilápia,20571.13,132.033
2018,26,Pernambuco,32878,Traíra e trairão,21.0,0.21
2018,26,Pernambuco,32887,Camarão,2203.105,47.741
2018,27,Alagoas,32861,Carpa,54.0,0.386
2018,27,Alagoas,32865,"Curimatã, curimbatá",49.05,0.498
2018,27,Alagoas,32868,Lambari,5.0,0.022
2018,27,Alagoas,32871,"Piau, piapara, piauçu, piava",8.2,0.079
2018,27,Alagoas,32872,"Pintado, cachara, cachapira e pintachara, surubim",5.16,0.079
2018,27,Alagoas,32874,Pirarucu,0.9,0.015
2018,27,Alagoas,32876,Tambaqui,2619.049,19.655
2018,27,Alagoas,32877,Tilápia,6407.844,50.616
2018,27,Alagoas,32878,Traíra e trairão,47.2,0.305
2018,27,Alagoas,32880,Tucunaré,1.6,0.019
2018,27,Alagoas,32881,Outros peixes,88.0,0.694
2018,27,Alagoas,32887,Camarão,435.459,8.494
2018,27,Alagoas,32889,"Ostras, vieiras e mexilhões",55.159,0.802
2018,27,Alagoas,32891,"Outros produtos (rã, jacaré, siri, caranguejo, lagosta, etc)",,0.64
2018,28,Sergipe,32861,Carpa,9.7,0.048
2018,28,Sergipe,32865,"Curimatã, curimbatá",7.041,0.043
2018,28,Sergipe,32869,Matrinxã,33.754,0.207
2018,28,Sergipe,32870,Pacu e patinga,0.246,0.001
2018,28,Sergipe,32872,"Pintado, cachara, cachapira e pintachara, surubim",34.746,0.521
2018,28,Sergipe,32874,Pirarucu,0.16,0.003
2018,28,Sergipe,32875,"Tambacu, tambatinga",2.978,0.016
2018,28,Sergipe,32876,Tambaqui,831.509,4.666
2018,28,Sergipe,32877,Tilápia,523.915,3.447
2018,28,Sergipe,32880,Tucunaré,0.156,0.001
2018,28,Sergipe,32881,Outros peixes,19.607,0.138
2018,28,Sergipe,32887,Camarão,2906.339,53.564
2018,28,Sergipe,32889,"Ostras, vieiras e mexilhões",2.14,0.035
2018,29,Bahia,32861,Carpa,56.699,0.413
2018,29,Bahia,32865,"Curimatã, curimbatá",31.53,0.2
2018,29,Bahia,32866,Dourado,1.1,0.013
2018,29,Bahia,32870,Pacu e patinga,0.105,0.001
2018,29,Bahia,32871,"Piau, piapara, piauçu, piava",1.75,0.018
2018,29,Bahia,32872,"Pintado, cachara, cachapira e pintachara, surubim",111.773,0.992
2018,29,Bahia,32873,Pirapitinga,1.0,0.01
2018,29,Bahia,32874,Pirarucu,70.245,1.067
2018,29,Bahia,32875,"Tambacu, tambatinga",1063.135,5.438
2018,29,Bahia,32876,Tambaqui,1072.755,8.443
2018,29,Bahia,32877,Tilápia,11106.807,64.758
2018,29,Bahia,32878,Traíra e trairão,34.16,0.209
2018,29,Bahia,32880,Tucunaré,24.43,0.154
2018,29,Bahia,32887,Camarão,1724.342,27.391
2018,29,Bahia,32889,"Ostras, vieiras e mexilhões",51.215,0.529
2018,29,Bahia,32891,"Outros produtos (rã, jacaré, siri, caranguejo, lagosta, etc)",,0.001
2018,31,Minas Gerais,32861,Carpa,35.897,0.415
2018,31,Minas Gerais,32865,"Curimatã, curimbatá",0.806,0.009
2018,31,Minas Gerais,32868,Lambari,131.007,0.98
2018,31,Minas Gerais,32869,Matrinxã,15.106,0.182
2018,31,Minas Gerais,32870,Pacu e patinga,94.51,0.891
2018,31,Minas Gerais,32871,"Piau, piapara, piauçu, piava",28.529,0.292
2018,31,Minas Gerais,32872,"Pintado, cachara, cachapira e pintachara, surubim",149.059,3.565
2018,31,Minas Gerais,32873,Pirapitinga,0.4,0.004
2018,31,Minas Gerais,32874,Pirarucu,0.28,0.003
2018,31,Minas Gerais,32875,"Tambacu, tambatinga",57.498,0.586
2018,31,Minas Gerais,32876,Tambaqui,352.517,2.978
2018,31,Minas Gerais,32877,Tilápia,33103.313,213.648
2018,31,Minas Gerais,32878,Traíra e trairão,7.155,0.107
2018,31,Minas Gerais,32879,Truta,1379.136,23.242
2018,31,Minas Gerais,32880,Tucunaré,0.348,0.007
2018,31,Minas Gerais,32881,Outros peixes,58.503,0.806
2018,31,Minas Gerais,32891,"Outros produtos (rã, jacaré, siri, caranguejo, lagosta, etc)",,1.045
2018,32,Espírito Santo,32861,Carpa,32.792,0.215
2018,32,Espírito Santo,32865,"Curimatã, curimbatá",2.19,0.016
2018,32,Espírito Santo,32868,Lambari,1.96,0.014
2018,32,Espírito Santo,32869,Matrinxã,0.8,0.006
2018,32,Espírito Santo,32870,Pacu e patinga,31.487,0.247
2018,32,Espírito Santo,32871,"Piau, piapara, piauçu, piava",2.2,0.018
2018,32,Espírito Santo,32872,"Pintado, cachara, cachapira e pintachara, surubim",4.639,0.035
2018,32,Espírito Santo,32873,Pirapitinga,0.03,0.0
2018,32,Espírito Santo,32874,Pirarucu,2.604,0.023
2018,32,Espírito Santo,32875,"Tambacu, tambatinga",1.75,0.014
2018,32,Espírito Santo,32876,Tambaqui,28.63,0.215
2018,32,Espírito Santo,32877,Tilápia,3928.392,23.734
2018,32,Espírito Santo,32878,Traíra e trairão,3.03,0.021
2018,32,Espírito Santo,32879,Truta,4.6,0.087
2018,32,Espírito Santo,32881,Outros peixes,12.918,0.086
2018,32,Espírito Santo,32887,Camarão,15.082,0.232
2018,32,Espírito Santo,32891,"Outros produtos (rã, jacaré, siri, caranguejo, lagosta, etc)",,0.033
2018,33,Rio de Janeiro,32861,Carpa,43.142,0.42
2018,33,Rio de Janeiro,32865,"Curimatã, curimbatá",2.98,0.028
2018,33,Rio de Janeiro,32866,Dourado,0.12,0.002
2018,33,Rio de Janeiro,32868,Lambari,0.8,0.01
2018,33,Rio de Janeiro,32869,Matrinxã,0.52,0.005
2018,33,Rio de Janeiro,32870,Pacu e patinga,6.03,0.052
2018,33,Rio de Janeiro,32872,"Pintado, cachara, cachapira e pintachara, surubim",1.03,0.014
2018,33,Rio de Janeiro,32875,"Tambacu, tambatinga",51.632,0.446
2018,33,Rio de Janeiro,32876,Tambaqui,12.961,0.127
2018,33,Rio de Janeiro,32877,Tilápia,972.969,8.017
2018,33,Rio de Janeiro,32878,Traíra e trairão,4.186,0.061
2018,33,Rio de Janeiro,32879,Truta,65.325,1.379
2018,33,Rio de Janeiro,32880,Tucunaré,7.3,0.055
2018,33,Rio de Janeiro,32881,Outros peixes,16.725,0.153
2018,33,Rio de Janeiro,32887,Camarão,6.28,0.377
2018,33,Rio de Janeiro,32889,"Ostras, vieiras e mexilhões",65.793,1.235
2018,33,Rio de Janeiro,32891,"Outros produtos (rã, jacaré, siri, caranguejo, lagosta, etc)",,1.166
2018,35,São Paulo,32861,Carpa,132.921,0.978
2018,35,São Paulo,32865,"Curimatã, curimbatá",51.38,0.349
2018,35,São Paulo,32866,Dourado,40.83,0.654
2018,35,São Paulo,32867,"Jatuarana, piabanha e piracanjuba",2.77,0.033
2018,35,São Paulo,32868,Lambari,194.18,2.0
2018,35,São Paulo,32869,Matrinxã,50.01,0.414
2018,35,São Paulo,32870,Pacu e patinga,3617.191,24.771
2018,35,São Paulo,32871,"Piau, piapara, piauçu, piava",169.695,1.226
2018,35,São Paulo,32872,"Pintado, cachara, cachapira e pintachara, surubim",89.552,1.421
2018,35,São Paulo,32873,Pirapitinga,129.3,0.97
2018,35,São Paulo,32874,Pirarucu,2.0,0.05
2018,35,São Paulo,32875,"Tambacu, tambatinga",260.25,2.315
2018,35,São Paulo,32876,Tambaqui,94.13,1.254
2018,35,São Paulo,32877,Tilápia,46350.745,225.728
2018,35,São Paulo,32879,Truta,16.3,0.261
2018,35,São Paulo,32881,Outros peixes,363.0,2.016
2018,35,São Paulo,32889,"Ostras, vieiras e mexilhões",96.704,1.785
2018,35,São Paulo,32891,"Outros produtos (rã, jacaré, siri, caranguejo, lagosta, etc)",,0.075
2018,41,Paraná,32861,Carpa,2985.002,18.504
2018,41,Paraná,32865,"Curimatã, curimbatá",24.37,0.125
2018,41,Paraná,32866,Dourado,6.82,0.133
2018,41,Paraná,32868,Lambari,12.316,0.092
2018,41,Paraná,32869,Matrinxã,6.15,0.052
2018,41,Paraná,32870,Pacu e patinga,1982.483,15.176
2018,41,Paraná,32871,"Piau, piapara, piauçu, piava",167.05,1.166
2018,41,Paraná,32872,"Pintado, cachara, cachapira e pintachara, surubim",27.55,0.48
2018,41,Paraná,32875,"Tambacu, tambatinga",139.012,0.948
2018,41,Paraná,32876,Tambaqui,3.67,0.031
2018,41,Paraná,32877,Tilápia,115236.156,586.016
2018,41,Paraná,32878,Traíra e trairão,218.251,1.431
2018,41,Paraná,32879,Truta,1.625,0.011
2018,41,Paraná,32880,Tucunaré,0.3,0.002
2018,41,Paraná,32881,Outros peixes,466.794,2.95
2018,41,Paraná,32887,Camarão,120.023,1.44
2018,41,Paraná,32889,"Ostras, vieiras e mexilhões",77.482,0.931
2018,41,Paraná,32891,"Outros produtos (rã, jacaré, siri, caranguejo, lagosta, etc)",,0.008
2018,42,Santa Catarina,32861,Carpa,5167.095,33.371
2018,42,Santa Catarina,32865,"Curimatã, curimbatá",3.15,0.017
2018,42,Santa Catarina,32866,Dourado,2.05,0.027
2018,42,Santa Catarina,32867,"Jatuarana, piabanha e piracanjuba",3.84,0.017
2018,42,Santa Catarina,32868,Lambari,16.991,0.112
2018,42,Santa Catarina,32869,Matrinxã,1.34,0.012
2018,42,Santa Catarina,32870,Pacu e patinga,110.12,0.95
2018,42,Santa Catarina,32871,"Piau, piapara, piauçu, piava",6.432,0.033
2018,42,Santa Catarina,32872,"Pintado, cachara, cachapira e pintachara, surubim",10.761,0.094
2018,42,Santa Catarina,32873,Pirapitinga,0.58,0.003
2018,42,Santa Catarina,32874,Pirarucu,0.027,0.0
2018,42,Santa Catarina,32875,"Tambacu, tambatinga",31.351,0.145
2018,42,Santa Catarina,32876,Tambaqui,1.095,0.009
2018,42,Santa Catarina,32877,Tilápia,24974.969,131.097
2018,42,Santa Catarina,32878,Traíra e trairão,54.214,0.369
2018,42,Santa Catarina,32879,Truta,668.633,7.084
2018,42,Santa Catarina,32881,Outros peixes,971.199,6.289
2018,42,Santa Catarina,32887,Camarão,78.83,2.574
2018,42,Santa Catarina,32889,"Ostras, vieiras e mexilhões",13789.797,53.861
2018,43,Rio Grande do Sul,32861,Carpa,9300.984,81.752
2018,43,Rio Grande do Sul,32865,"Curimatã, curimbatá",79.656,0.982
2018,43,Rio Grande do Sul,32866,Dourado,6.951,0.098
2018,43,Rio Grande do Sul,32868,Lambari,99.923,0.836
2018,43,Rio Grande do Sul,32870,Pacu e patinga,67.178,0.673
2018,43,Rio Grande do Sul,32871,"Piau, piapara, piauçu, piava",49.957,0.554
2018,43,Rio Grande do Sul,32872,"Pintado, cachara, cachapira e pintachara, surubim",15.99,0.218
2018,43,Rio Grande do Sul,32877,Tilápia,3874.387,38.588
2018,43,Rio Grande do Sul,32878,Traíra e trairão,251.263,2.734
2018,43,Rio Grande do Sul,32881,Outros peixes,566.004,4.515
2018,50,Mato Grosso do Sul,32861,Carpa,1.3,0.007
2018,50,Mato Grosso do Sul,32865,"Curimatã, curimbatá",12.2,0.026
2018,50,Mato Grosso do Sul,32868,Lambari,1.05,0.011
2018,50,Mato Grosso do Sul,32869,Matrinxã,2.8,0.032
2018,50,Mato Grosso do Sul,32870,Pacu e patinga,631.984,5.638
2018,50,Mato Grosso do Sul,32871,"Piau, piapara, piauçu, piava",26.3,0.214
2018,50,Mato Grosso do Sul,32872,"Pintado, cachara, cachapira e pintachara, surubim",557.992,5.004
2018,50,Mato Grosso do Sul,32873,Pirapitinga,1.0,0.011
2018,50,Mato Grosso do Sul,32875,"Tambacu, tambatinga",148.73,1.268
2018,50,Mato Grosso do Sul,32876,Tambaqui,48.9,0.361
2018,50,Mato Grosso do Sul,32877,Tilápia,12513.832,56.419
2018,50,Mato Grosso do Sul,32881,Outros peixes,47.192,0.353
2018,50,Mato Grosso do Sul,32891,"Outros produtos (rã, jacaré, siri, caranguejo, lagosta, etc)",,3.001
2018,51,Mato Grosso,32861,Carpa,11.0,0.12
2018,51,Mato Grosso,32865,"Curimatã, curimbatá",11.5,0.072
2018,51,Mato Grosso,32866,Dourado,0.253,0.004
2018,51,Mato Grosso,32867,"Jatuarana, piabanha e piracanjuba",198.55,1.517
2018,51,Mato Grosso,32868,Lambari,5.0,0.02
2018,51,Mato Grosso,32869,Matrinxã,69.11,0.746
2018,51,Mato Grosso,32870,Pacu e patinga,509.243,4.522
2018,51,Mato Grosso,32871,"Piau, piapara, piauçu, piava",280.859,2.051
2018,51,Mato Grosso,32872,"Pintado, cachara, cachapira e pintachara, surubim",5162.402,38.825
2018,51,Mato Grosso,32873,Pirapitinga,1.52,0.021
2018,51,Mato Grosso,32874,Pirarucu,19.781,0.221
2018,51,Mato Grosso,32875,"Tambacu, tambatinga",22076.774,138.894
2018,51,Mato Grosso,32876,Tambaqui,3910.19,25.003
2018,51,Mato Grosso,32877,Tilápia,1709.166,8.623
2018,51,Mato Grosso,32878,Traíra e trairão,0.245,0.001
2018,51,Mato Grosso,32880,Tucunaré,0.565,0.003
2018,51,Mato Grosso,32881,Outros peixes,8.55,0.149
2018,51,Mato Grosso,32891,"Outros produtos (rã, jacaré, siri, caranguejo, lagosta, etc)",,0.416
2018,52,Goiás,32861,Carpa,61.2,0.749
2018,52,Goiás,32865,"Curimatã, curimbatá",1.5,0.015
2018,52,Goiás,32868,Lambari,137.37,1.252
2018,52,Goiás,32869,Matrinxã,133.745,1.164
2018,52,Goiás,32870,Pacu e patinga,1118.115,9.899
2018,52,Goiás,32871,"Piau, piapara, piauçu, piava",489.541,4.929
2018,52,Goiás,32872,"Pintado, cachara, cachapira e pintachara, surubim",458.635,8.34
2018,52,Goiás,32873,Pirapitinga,182.575,1.642
2018,52,Goiás,32874,Pirarucu,46.08,0.995
2018,52,Goiás,32875,"Tambacu, tambatinga",1772.995,16.279
2018,52,Goiás,32876,Tambaqui,1845.299,16.489
2018,52,Goiás,32877,Tilápia,9291.502,60.182
2018,52,Goiás,32878,Traíra e trairão,1.5,0.02
2018,52,Goiás,32891,"Outros produtos (rã, jacaré, siri, caranguejo, lagosta, etc)",,0.515
2018,53,Distrito Federal,32861,Carpa,0.2,0.004
2018,53,Distrito Federal,32865,"Curimatã, curimbatá",0.3,0.004
2018,53,Distrito Federal,32868,Lambari,0.3,0.003
2018,53,Distrito Federal,32869,Matrinxã,5.0,0.05
2018,53,Distrito Federal,32870,Pacu e patinga,3.0,0.03
2018,53,Distrito Federal,32871,"Piau, piapara, piauçu, piava",1.7,0.014
2018,53,Distrito Federal,32872,"Pintado, cachara, cachapira e pintachara, surubim",23.94,0.287
2018,53,Distrito Federal,32873,Pirapitinga,0.3,0.003
2018,53,Distrito Federal,32874,Pirarucu,0.3,0.008
2018,53,Distrito Federal,32875,"Tambacu, tambatinga",4.1,0.049
2018,53,Distrito Federal,32876,Tambaqui,10.2,0.122
2018,53,Distrito Federal,32877,Tilápia,1162.747,8.907
2018,53,Distrito Federal,32881,Outros peixes,3.0,0.03
2018,53,Distrito Federal,32887,Camarão,3.85,0.231
2019,11,Rondônia,32867,"Jatuarana, piabanha e piracanjuba",3218.33,28.412
2019,11,Rondônia,32870,Pacu e patinga,1645.048,17.795
2019,11,Rondônia,32872,"Pintado, cachara, cachapira e pintachara, surubim",2717.854,38.426
2019,11,Rondônia,32874,Pirarucu,979.457,11.073
2019,11,Rondônia,32875,"Tambacu, tambatinga",63.9,0.618
2019,11,Rondônia,32876,Tambaqui,40141.375,272.989
2019,11,Rondônia,32891,"Outros produtos (rã, jacaré, siri, caranguejo, lagosta, etc)",,0.056
2019,12,Acre,32865,"Curimatã, curimbatá",405.655,3.638
2019,12,Acre,32869,Matrinxã,231.694,2.362
2019,12,Acre,32870,Pacu e patinga,13.679,0.114
2019,12,Acre,32871,"Piau, piapara, piauçu, piava",332.217,3.294
2019,12,Acre,32872,"Pintado, cachara, cachapira e pintachara, surubim",122.314,1.261
2019,12,Acre,32873,Pirapitinga,700.166,4.888
2019,12,Acre,32874,Pirarucu,46.24,0.619
2019,12,Acre,32875,"Tambacu, tambatinga",305.33,2.15
2019,12,Acre,32876,Tambaqui,1411.081,10.584
2019,12,Acre,32877,Tilápia,52.474,0.383
2019,12,Acre,32878,Traíra e trairão,8.0,0.053
2019,13,Amazonas,32865,"Curimatã, curimbatá",32.15,0.299
2019,13,Amazonas,32869,Matrinxã,1764.709,15.566
2019,13,Amazonas,32871,"Piau, piapara, piauçu, piava",11.1,0.144
2019,13,Amazonas,32873,Pirapitinga,25.702,0.278
2019,13,Amazonas,32874,Pirarucu,168.4,1.632
2019,13,Amazonas,32876,Tambaqui,5979.841,50.203
2019,14,Roraima,32869,Matrinxã,371.9,3.062
2019,14,Roraima,32876,Tambaqui,10684.0,69.671
2019,15,Pará,32865,"Curimatã, curimbatá",43.707,0.42
2019,15,Pará,32867,"Jatuarana, piabanha e piracanjuba",95.82,0.924
2019,15,Pará,32869,Matrinxã,267.934,2.738
2019,15,Pará,32870,Pacu e patinga,35.628,0.319
2019,15,Pará,32871,"Piau, piapara, piauçu, piava",271.403,2.708
2019,15,Pará,32872,"Pintado, cachara, cachapira e pintachara, surubim",211.163,2.752
2019,15,Pará,32873,Pirapitinga,505.684,3.883
2019,15,Pará,32874,Pirarucu,272.321,5.279
2019,15,Pará,32875,"Tambacu, tambatinga",3560.947,29.16
2019,15,Pará,32876,Tambaqui,8377.025,65.789
2019,15,Pará,32877,Tilápia,318.719,2.613
2019,15,Pará,32878,Traíra e trairão,8.14,0.041
2019,15,Pará,32880,Tucunaré,11.41,0.181
2019,15,Pará,32881,Outros peixes,104.54,1.019
2019,15,Pará,32887,Camarão,55.0,1.32
2019,15,Pará,32889,"Ostras, vieiras e mexilhões",48.824,0.424
2019,16,Amapá,32873,Pirapitinga,108.95,0.983
2019,16,Amapá,32874,Pirarucu,6.896,0.146
2019,16,Amapá,32875,"Tambacu, tambatinga",168.02,1.472
2019,16,Amapá,32876,Tambaqui,507.596,5.058
2019,16,Amapá,32877,Tilápia,69.557,0.567
2019,17,Tocantins,32865,"Curimatã, curimbatá",48.6,0.408
2019,17,Tocantins,32867,"Jatuarana, piabanha e piracanjuba",3.82,0.057
2019,17,Tocantins,32869,Matrinxã,506.202,4.218
2019,17,Tocantins,32870,Pacu e patinga,360.62,3.469
2019,17,Tocantins,32871,"Piau, piapara, piauçu, piava",331.737,3.033
2019,17,Tocantins,32872,"Pintado, cachara, cachapira e pintachara, surubim",1411.756,19.321
2019,17,Tocantins,32873,Pirapitinga,68.04,0.713
2019,17,Tocantins,32874,Pirarucu,205.831,2.83
2019,17,Tocantins,32875,"Tambacu, tambatinga",1859.627,14.737
2019,17,Tocantins,32876,Tambaqui,6080.896,60.948
2019,17,Tocantins,32877,Tilápia,39.332,0.386
2019,17,Tocantins,32878,Traíra e trairão,9.7,0.078
2019,17,Tocantins,32880,Tucunaré,18.65,0.242
2019,17,Tocantins,32881,Outros peixes,18.11,0.197
2019,21,Maranhão,32861,Carpa,9.13,0.062
2019,21,Maranhão,32865,"Curimatã, curimbatá",2207.12,17.654
2019,21,Maranhão,32867,"Jatuarana, piabanha e piracanjuba",10.315,0.112
2019,21,Maranhão,32869,Matrinxã,4.428,0.042
2019,21,Maranhão,32870,Pacu e patinga,1529.492,10.798
2019,21,Maranhão,32871,"Piau, piapara, piauçu, piava",871.226,7.245
2019,21,Maranhão,32872,"Pintado, cachara, cachapira e pintachara, surubim",309.854,2.697
2019,21,Maranhão,32873,Pirapitinga,4.828,0.038
2019,21,Maranhão,32874,Pirarucu,62.499,1.092
2019,21,Maranhão,32875,"Tambacu, tambatinga",9751.333,61.484
2019,21,Maranhão,32876,Tambaqui,11072.0,72.511
2019,21,Maranhão,32877,Tilápia,2673.715,18.889
2019,21,Maranhão,32881,Outros peixes,11.7,0.082
2019,21,Maranhão,32887,Camarão,363.665,5.785
2019,21,Maranhão,32889,"Ostras, vieiras e mexilhões",21.6,0.15
2019,22,Piauí,32861,Carpa,2.422,0.029
2019,22,Piauí,32865,"Curimatã, curimbatá",58.239,0.476
2019,22,Piauí,32869,Matrinxã,5.0,0.045
2019,22,Piauí,32871,"Piau, piapara, piauçu, piava",30.481,0.281
2019,22,Piauí,32872,"Pintado, cachara, cachapira e pintachara, surubim",51.2,0.616
2019,22,Piauí,32873,Pirapitinga,2.2,0.017
2019,22,Piauí,32874,Pirarucu,0.4,0.01
2019,22,Piauí,32875,"Tambacu, tambatinga",495.821,3.911
2019,22,Piauí,32876,Tambaqui,5578.293,44.608
2019,22,Piauí,32877,Tilápia,5130.605,35.132
2019,22,Piauí,32878,Traíra e trairão,3.0,0.027
2019,22,Piauí,32880,Tucunaré,1.0,0.008
2019,22,Piauí,32881,Outros peixes,118.733,0.772
2019,22,Piauí,32887,Camarão,2319.667,42.511
2019,23,Ceará,32861,Carpa,3.2,0.024
2019,23,Ceará,32865,"Curimatã, curimbatá",0.7,0.005
2019,23,Ceará,32874,Pirarucu,1.6,0.024
2019,23,Ceará,32875,"Tambacu, tambatinga",5.0,0.051
2019,23,Ceará,32876,Tambaqui,18.439,0.13
2019,23,Ceará,32877,Tilápia,5845.497,38.933
2019,23,Ceará,32880,Tucunaré,10.0,0.11
2019,23,Ceará,32887,Camarão,19042.85,367.885
2019,24,Rio Grande do Norte,32861,Carpa,9.58,0.073
2019,24,Rio Grande do Norte,32865,"Curimatã, curimbatá",44.068,0.298
2019,24,Rio Grande do Norte,32876,Tambaqui,12.3,0.087
2019,24,Rio Grande do Norte,32877,Tilápia,2617.217,30.865
2019,24,Rio Grande do Norte,32878,Traíra e trairão,15.54,0.116
2019,24,Rio Grande do Norte,32880,Tucunaré,8.67,0.061
2019,24,Rio Grande do Norte,32887,Camarão,20781.851,555.422
2019,25,Paraíba,32865,"Curimatã, curimbatá",0.345,0.003
2019,25,Paraíba,32871,"Piau, piapara, piauçu, piava",0.462,0.005
2019,25,Paraíba,32874,Pirarucu,0.28,0.006
2019,25,Paraíba,32876,Tambaqui,11.789,0.11
2019,25,Paraíba,32877,Tilápia,2365.542,17.636
2019,25,Paraíba,32878,Traíra e trairão,0.315,0.001
2019,25,Paraíba,32880,Tucunaré,1.42,0.014
2019,25,Paraíba,32887,Camarão,4346.83,79.106
2019,25,Paraíba,32889,"Ostras, vieiras e mexilhões",20.6,0.165
2019,26,Pernambuco,32861,Carpa,1.6,0.018
2019,26,Pernambuco,32865,"Curimatã, curimbatá",1.17,0.014
2019,26,Pernambuco,32872,"Pintado, cachara, cachapira e pintachara, surubim",1.2,0.018
2019,26,Pernambuco,32874,Pirarucu,0.22,0.004
2019,26,Pernambuco,32876,Tambaqui,37.85,0.457
2019,26,Pernambuco,32877,Tilápia,24208.223,156.397
2019,26,Pernambuco,32878,Traíra e trairão,22.0,0.22
2019,26,Pernambuco,32887,Camarão,2658.482,53.521
2019,27,Alagoas,32861,Carpa,68.66,0.628
2019,27,Alagoas,32865,"Curimatã, curimbatá",48.7,0.465
2019,27,Alagoas,32868,Lambari,5.003,0.022
2019,27,Alagoas,32871,"Piau, piapara, piauçu, piava",8.77,0.084
2019,27,Alagoas,32872,"Pintado, cachara, cachapira e pintachara, surubim",13.2,0.396
2019,27,Alagoas,32874,Pirarucu,1.0,0.016
2019,27,Alagoas,32876,Tambaqui,2380.451,19.802
2019,27,Alagoas,32877,Tilápia,7129.176,62.138
2019,27,Alagoas,32878,Traíra e trairão,45.005,0.295
2019,27,Alagoas,32880,Tucunaré,1.75,0.017
2019,27,Alagoas,32881,Outros peixes,86.3,0.718
2019,27,Alagoas,32887,Camarão,823.6,17.533
2019,27,Alagoas,32889,"Ostras, vieiras e mexilhões",50.76,1.017
2019,27,Alagoas,32891,"Outros produtos (rã, jacaré, siri, caranguejo, lagosta, etc)",,0.636
2019,28,Sergipe,32861,Carpa,2.17,0.011
2019,28,Sergipe,32865,"Curimatã, curimbatá",0.5,0.003
2019,28,Sergipe,32869,Matrinxã,28.76,0.173
2019,28,Sergipe,32871,"Piau, piapara, piauçu, piava",0.33,0.005
2019,28,Sergipe,32872,"Pintado, cachara, cachapira e pintachara, surubim",32.98,0.495
2019,28,Sergipe,32875,"Tambacu, tambatinga",2.83,0.016
2019,28,Sergipe,32876,Tambaqui,796.275,4.519
2019,28,Sergipe,32877,Tilápia,551.47,3.824
2019,28,Sergipe,32880,Tucunaré,0.142,0.001
2019,28,Sergipe,32881,Outros peixes,17.7,0.25
2019,28,Sergipe,32887,Camarão,3395.877,66.109
2019,28,Sergipe,32889,"Ostras, vieiras e mexilhões",2.01,0.04
2019,29,Bahia,32861,Carpa,56.375,0.463
2019,29,Bahia,32865,"Curimatã, curimbatá",33.307,0.256
2019,29,Bahia,32866,Dourado,1.105,0.017
2019,29,Bahia,32871,"Piau, piapara, piauçu, piava",1.8,0.027
2019,29,Bahia,32872,"Pintado, cachara, cachapira e pintachara, surubim",116.773,1.078
2019,29,Bahia,32873,Pirapitinga,1.1,0.012
2019,29,Bahia,32874,Pirarucu,73.81,1.136
2019,29,Bahia,32875,"Tambacu, tambatinga",1033.8,5.478
2019,29,Bahia,32876,Tambaqui,1139.828,8.523
2019,29,Bahia,32877,Tilápia,12267.612,74.351
2019,29,Bahia,32878,Traíra e trairão,41.828,0.309
2019,29,Bahia,32880,Tucunaré,30.141,0.294
2019,29,Bahia,32887,Camarão,2694.432,46.812
2019,29,Bahia,32889,"Ostras, vieiras e mexilhões",25.61,0.252
2019,29,Bahia,32891,"Outros produtos (rã, jacaré, siri, caranguejo, lagosta, etc)",,0.001
2019,31,Minas Gerais,32861,Carpa,27.141,0.292
2019,31,Minas Gerais,32865,"Curimatã, curimbatá",0.729,0.008
2019,31,Minas Gerais,32868,Lambari,121.904,0.777
2019,31,Minas Gerais,32869,Matrinxã,23.393,0.24
2019,31,Minas Gerais,32870,Pacu e patinga,89.588,0.786
2019,31,Minas Gerais,32871,"Piau, piapara, piauçu, piava",25.934,0.245
2019,31,Minas Gerais,32872,"Pintado, cachara, cachapira e pintachara, surubim",152.156,3.484
2019,31,Minas Gerais,32873,Pirapitinga,0.75,0.008
2019,31,Minas Gerais,32874,Pirarucu,0.669,0.007
2019,31,Minas Gerais,32875,"Tambacu, tambatinga",57.893,0.606
2019,31,Minas Gerais,32876,Tambaqui,332.43,2.717
2019,31,Minas Gerais,32877,Tilápia,34039.092,230.942
2019,31,Minas Gerais,32878,Traíra e trairão,5.023,0.054
2019,31,Minas Gerais,32879,Truta,1291.34,21.093
2019,31,Minas Gerais,32880,Tucunaré,0.354,0.006
2019,31,Minas Gerais,32881,Outros peixes,48.33,0.538
2019,31,Minas Gerais,32891,"Outros produtos (rã, jacaré, siri, caranguejo, lagosta, etc)",,1.238
2019,32,Espírito Santo,32861,Carpa,21.274,0.131
2019,32,Espírito Santo,32865,"Curimatã, curimbatá",1.09,0.008
2019,32,Espírito Santo,32868,Lambari,1.338,0.011
2019,32,Espírito Santo,32869,Matrinxã,6.4,0.031
2019,32,Espírito Santo,32870,Pacu e patinga,32.927,0.268
2019,32,Espírito Santo,32871,"Piau, piapara, piauçu, piava",5.745,0.039
2019,32,Espírito Santo,32872,"Pintado, cachara, cachapira e pintachara, surubim",6.888,0.084
2019,32,Espírito Santo,32873,Pirapitinga,7.5,0.044
2019,32,Espírito Santo,32874,Pirarucu,3.75,0.039
2019,32,Espírito Santo,32875,"Tambacu, tambatinga",1.075,0.01
2019,32,Espírito Santo,32876,Tambaqui,31.838,0.239
2019,32,Espírito Santo,32877,Tilápia,3774.586,23.52
2019,32,Espírito Santo,32878,Traíra e trairão,6.05,0.036
2019,32,Espírito Santo,32879,Truta,4.6,0.087
2019,32,Espírito Santo,32880,Tucunaré,0.02,0.0
2019,32,Espírito Santo,32881,Outros peixes,6.066,0.046
2019,32,Espírito Santo,32887,Camarão,12.467,0.23
2019,32,Espírito Santo,32891,"Outros produtos (rã, jacaré, siri, caranguejo, lagosta, etc)",,0.033
2019,33,Rio de Janeiro,32861,Carpa,46.45,0.399
2019,33,Rio de Janeiro,32865,"Curimatã, curimbatá",2.95,0.03
2019,33,Rio de Janeiro,32866,Dourado,0.1,0.003
2019,33,Rio de Janeiro,32868,Lambari,0.92,0.011
2019,33,Rio de Janeiro,32869,Matrinxã,0.91,0.009
2019,33,Rio de Janeiro,32870,Pacu e patinga,6.04,0.054
2019,33,Rio de Janeiro,32872,"Pintado, cachara, cachapira e pintachara, surubim",1.045,0.015
2019,33,Rio de Janeiro,32875,"Tambacu, tambatinga",40.988,0.38
2019,33,Rio de Janeiro,32876,Tambaqui,10.483,0.11
2019,33,Rio de Janeiro,32877,Tilápia,1139.34,10.273
2019,33,Rio de Janeiro,32878,Traíra e trairão,4.644,0.077
2019,33,Rio de Janeiro,32879,Truta,72.125,1.292
2019,33,Rio de Janeiro,32880,Tucunaré,7.5,0.059
2019,33,Rio de Janeiro,32881,Outros peixes,42.976,0.392
2019,33,Rio de Janeiro,32887,Camarão,6.28,0.377
2019,33,Rio de Janeiro,32889,"Ostras, vieiras e mexilhões",57.586,1.034
2019,33,Rio de Janeiro,32891,"Outros produtos (rã, jacaré, siri, caranguejo, lagosta, etc)",,1.204
2019,35,São Paulo,32861,Carpa,120.375,0.915
2019,35,São Paulo,32865,"Curimatã, curimbatá",54.05,0.367
2019,35,São Paulo,32866,Dourado,43.53,0.651
2019,35,São Paulo,32867,"Jatuarana, piabanha e piracanjuba",2.56,0.028
2019,35,São Paulo,32868,Lambari,236.35,2.51
2019,35,São Paulo,32869,Matrinxã,51.435,0.496
2019,35,São Paulo,32870,Pacu e patinga,3537.647,23.436
2019,35,São Paulo,32871,"Piau, piapara, piauçu, piava",161.04,1.305
2019,35,São Paulo,32872,"Pintado, cachara, cachapira e pintachara, surubim",84.445,1.248
2019,35,São Paulo,32873,Pirapitinga,133.9,1.205
2019,35,São Paulo,32874,Pirarucu,1.7,0.043
2019,35,São Paulo,32875,"Tambacu, tambatinga",272.55,2.331
2019,35,São Paulo,32876,Tambaqui,92.0,0.902
2019,35,São Paulo,32877,Tilápia,45568.007,232.421
2019,35,São Paulo,32878,Traíra e trairão,120.01,0.624
2019,35,São Paulo,32879,Truta,23.95,0.358
2019,35,São Paulo,32881,Outros peixes,350.65,2.102
2019,35,São Paulo,32889,"Ostras, vieiras e mexilhões",66.404,0.99
2019,35,São Paulo,32891,"Outros produtos (rã, jacaré, siri, caranguejo, lagosta, etc)",,0.111
2019,41,Paraná,32861,Carpa,3118.101,20.56
2019,41,Paraná,32865,"Curimatã, curimbatá",20.13,0.116
2019,41,Paraná,32866,Dourado,6.75,0.135
2019,41,Paraná,32868,Lambari,13.435,0.102
2019,41,Paraná,32869,Matrinxã,5.96,0.055
2019,41,Paraná,32870,Pacu e patinga,1845.432,14.666
2019,41,Paraná,32871,"Piau, piapara, piauçu, piava",170.619,1.166
2019,41,Paraná,32872,"Pintado, cachara, cachapira e pintachara, surubim",17.17,0.329
2019,41,Paraná,32875,"Tambacu, tambatinga",165.764,1.164
2019,41,Paraná,32876,Tambaqui,4.05,0.034
2019,41,Paraná,32877,Tilápia,120407.251,600.131
2019,41,Paraná,32878,Traíra e trairão,212.378,1.538
2019,41,Paraná,32879,Truta,1.752,0.014
2019,41,Paraná,32880,Tucunaré,0.28,0.002
2019,41,Paraná,32881,Outros peixes,515.989,3.428
2019,41,Paraná,32887,Camarão,80.0,1.198
2019,41,Paraná,32889,"Ostras, vieiras e mexilhões",171.5,2.058
2019,41,Paraná,32891,"Outros produtos (rã, jacaré, siri, caranguejo, lagosta, etc)",,0.012
2019,42,Santa Catarina,32861,Carpa,5251.064,34.613
2019,42,Santa Catarina,32865,"Curimatã, curimbatá",2.871,0.016
2019,42,Santa Catarina,32866,Dourado,1.14,0.014
2019,42,Santa Catarina,32867,"Jatuarana, piabanha e piracanjuba",2.9,0.012
2019,42,Santa Catarina,32868,Lambari,11.93,0.096
2019,42,Santa Catarina,32869,Matrinxã,0.289,0.001
2019,42,Santa Catarina,32870,Pacu e patinga,111.882,1.041
2019,42,Santa Catarina,32871,"Piau, piapara, piauçu, piava",7.6,0.046
2019,42,Santa Catarina,32872,"Pintado, cachara, cachapira e pintachara, surubim",11.13,0.105
2019,42,Santa Catarina,32873,Pirapitinga,0.6,0.003
2019,42,Santa Catarina,32875,"Tambacu, tambatinga",31.65,0.152
2019,42,Santa Catarina,32876,Tambaqui,0.45,0.005
2019,42,Santa Catarina,32877,Tilápia,26737.915,133.982
2019,42,Santa Catarina,32878,Traíra e trairão,45.8,0.31
2019,42,Santa Catarina,32879,Truta,651.77,7.374
2019,42,Santa Catarina,32881,Outros peixes,1066.26,7.085
2019,42,Santa Catarina,32887,Camarão,80.313,2.28
2019,42,Santa Catarina,32889,"Ostras, vieiras e mexilhões",14807.08,63.933
2019,43,Rio Grande do Sul,32861,Carpa,8795.757,76.547
2019,43,Rio Grande do Sul,32865,"Curimatã, curimbatá",87.495,1.125
2019,43,Rio Grande do Sul,32866,Dourado,6.401,0.089
2019,43,Rio Grande do Sul,32868,Lambari,112.461,0.881
2019,43,Rio Grande do Sul,32870,Pacu e patinga,78.827,0.762
2019,43,Rio Grande do Sul,32871,"Piau, piapara, piauçu, piava",66.836,0.589
2019,43,Rio Grande do Sul,32872,"Pintado, cachara, cachapira e pintachara, surubim",15.63,0.207
2019,43,Rio Grande do Sul,32877,Tilápia,4609.34,46.937
2019,43,Rio Grande do Sul,32878,Traíra e trairão,258.477,2.856
2019,43,Rio Grande do Sul,32879,Truta,1.0,0.01
2019,43,Rio Grande do Sul,32881,Outros peixes,639.383,5.325
2019,50,Mato Grosso do Sul,32861,Carpa,1.6,0.013
2019,50,Mato Grosso do Sul,32865,"Curimatã, curimbatá",3.8,0.039
2019,50,Mato Grosso do Sul,32868,Lambari,20.25,0.243
2019,50,Mato Grosso do Sul,32870,Pacu e patinga,668.789,5.417
2019,50,Mato Grosso do Sul,32871,"Piau, piapara, piauçu, piava",12.99,0.121
2019,50,Mato Grosso do Sul,32872,"Pintado, cachara, cachapira e pintachara, surubim",174.208,1.676
2019,50,Mato Grosso do Sul,32873,Pirapitinga,0.9,0.006
2019,50,Mato Grosso do Sul,32875,"Tambacu, tambatinga",121.841,1.232
2019,50,Mato Grosso do Sul,32876,Tambaqui,36.554,0.245
2019,50,Mato Grosso do Sul,32877,Tilápia,17059.014,72.231
2019,50,Mato Grosso do Sul,32881,Outros peixes,47.17,0.347
2019,50,Mato Grosso do Sul,32891,"Outros produtos (rã, jacaré, siri, caranguejo, lagosta, etc)",,2.145
2019,51,Mato Grosso,32861,Carpa,9.689,0.116
2019,51,Mato Grosso,32867,"Jatuarana, piabanha e piracanjuba",174.525,1.368
2019,51,Mato Grosso,32868,Lambari,5.0,0.025
2019,51,Mato Grosso,32869,Matrinxã,72.211,0.751
2019,51,Mato Grosso,32870,Pacu e patinga,456.806,4.443
2019,51,Mato Grosso,32871,"Piau, piapara, piauçu, piava",287.475,2.301
2019,51,Mato Grosso,32872,"Pintado, cachara, cachapira e pintachara, surubim",4930.709,39.862
2019,51,Mato Grosso,32873,Pirapitinga,1.79,0.021
2019,51,Mato Grosso,32874,Pirarucu,21.124,0.254
2019,51,Mato Grosso,32875,"Tambacu, tambatinga",21183.309,149.118
2019,51,Mato Grosso,32876,Tambaqui,4427.94,29.857
2019,51,Mato Grosso,32877,Tilápia,2413.163,13.572
2019,51,Mato Grosso,32878,Traíra e trairão,0.66,0.005
2019,51,Mato Grosso,32880,Tucunaré,0.55,0.004
2019,51,Mato Grosso,32881,Outros peixes,4.0,0.06
2019,52,Goiás,32861,Carpa,64.103,0.877
2019,52,Goiás,32865,"Curimatã, curimbatá",1.4,0.015
2019,52,Goiás,32868,Lambari,141.428,1.337
2019,52,Goiás,32869,Matrinxã,128.254,1.185
2019,52,Goiás,32870,Pacu e patinga,1134.432,10.695
2019,52,Goiás,32871,"Piau, piapara, piauçu, piava",469.239,5.285
2019,52,Goiás,32872,"Pintado, cachara, cachapira e pintachara, surubim",429.709,8.207
2019,52,Goiás,32873,Pirapitinga,191.211,1.805
2019,52,Goiás,32874,Pirarucu,45.953,1.018
2019,52,Goiás,32875,"Tambacu, tambatinga",1626.548,16.147
2019,52,Goiás,32876,Tambaqui,1882.68,18.07
2019,52,Goiás,32877,Tilápia,9326.568,62.111
2019,52,Goiás,32878,Traíra e trairão,1.575,0.013
2019,52,Goiás,32887,Camarão,3.0,0.15
2019,52,Goiás,32891,"Outros produtos (rã, jacaré, siri, caranguejo, lagosta, etc)",,0.56
2019,53,Distrito Federal,32861,Carpa,0.5,0.011
2019,53,Distrito Federal,32865,"Curimatã, curimbatá",1.0,0.014
2019,53,Distrito Federal,32868,Lambari,1.0,0.01
2019,53,Distrito Federal,32869,Matrinxã,15.5,0.186
2019,53,Distrito Federal,32870,Pacu e patinga,9.5,0.095
2019,53,Distrito Federal,32871,"Piau, piapara, piauçu, piava",5.5,0.055
2019,53,Distrito Federal,32872,"Pintado, cachara, cachapira e pintachara, surubim",75.0,1.118
2019,53,Distrito Federal,32873,Pirapitinga,1.0,0.01
2019,53,Distrito Federal,32874,Pirarucu,0.5,0.015
2019,53,Distrito Federal,32875,"Tambacu, tambatinga",13.0,0.182
2019,53,Distrito Federal,32876,Tambaqui,32.0,0.448
2019,53,Distrito Federal,32877,Tilápia,1472.933,14.729
2019,53,Distrito Federal,32881,Outros peixes,15.0,0.15
2019,53,Distrito Federal,32887,Camarão,2.94,0.162
2020,11,Rondônia,32867,"Jatuarana, piabanha e piracanjuba",3285.63,28.944
2020,11,Rondônia,32870,Pacu e patinga,1662.017,18.039
2020,11,Rondônia,32872,"Pintado, cachara, cachapira e pintachara, surubim",2703.883,37.847
2020,11,Rondônia,32874,Pirarucu,980.284,11.142
2020,11,Rondônia,32875,"Tambacu, tambatinga",63.152,0.621
2020,11,Rondônia,32876,Tambaqui,39661.019,270.493
2020,11,Rondônia,32891,"Outros produtos (rã, jacaré, siri, caranguejo, lagosta, etc)",,0.056
2020,12,Acre,32865,"Curimatã, curimbatá",414.989,3.978
2020,12,Acre,32869,Matrinxã,228.83,2.368
2020,12,Acre,32870,Pacu e patinga,12.119,0.104
2020,12,Acre,32871,"Piau, piapara, piauçu, piava",324.416,3.294
2020,12,Acre,32872,"Pintado, cachara, cachapira e pintachara, surubim",111.561,1.212
2020,12,Acre,32873,Pirapitinga,545.803,4.894
2020,12,Acre,32874,Pirarucu,46.308,0.626
2020,12,Acre,32875,"Tambacu, tambatinga",269.815,2.329
2020,12,Acre,32876,Tambaqui,1354.244,12.082
2020,12,Acre,32877,Tilápia,39.683,0.33
2020,12,Acre,32878,Traíra e trairão,8.0,0.053
2020,13,Amazonas,32865,"Curimatã, curimbatá",9.87,0.138
2020,13,Amazonas,32869,Matrinxã,1986.15,19.889
2020,13,Amazonas,32871,"Piau, piapara, piauçu, piava",11.3,0.226
2020,13,Amazonas,32873,Pirapitinga,23.318,0.299
2020,13,Amazonas,32874,Pirarucu,143.95,1.465
2020,13,Amazonas,32876,Tambaqui,6207.435,58.687
2020,14,Roraima,32869,Matrinxã,392.45,3.417
2020,14,Roraima,32876,Tambaqui,11207.38,82.729
2020,15,Pará,32865,"Curimatã, curimbatá",31.638,0.336
2020,15,Pará,32867,"Jatuarana, piabanha e piracanjuba",93.93,0.943
2020,15,Pará,32869,Matrinxã,292.198,3.194
2020,15,Pará,32870,Pacu e patinga,27.625,0.307
2020,15,Pará,32871,"Piau, piapara, piauçu, piava",248.595,2.837
2020,15,Pará,32872,"Pintado, cachara, cachapira e pintachara, surubim",267.109,4.079
2020,15,Pará,32873,Pirapitinga,589.63,4.987
2020,15,Pará,32874,Pirarucu,295.157,6.025
2020,15,Pará,32875,"Tambacu, tambatinga",3566.016,34.339
2020,15,Pará,32876,Tambaqui,8446.608,73.362
2020,15,Pará,32877,Tilápia,331.156,2.847
2020,15,Pará,32878,Traíra e trairão,7.57,0.042
2020,15,Pará,32880,Tucunaré,14.342,0.237
2020,15,Pará,32881,Outros peixes,64.259,0.713
2020,15,Pará,32887,Camarão,50.0,1.5
2020,15,Pará,32889,"Ostras, vieiras e mexilhões",48.89,0.403
2020,16,Amapá,32873,Pirapitinga,114.063,1.073
2020,16,Amapá,32874,Pirarucu,6.528,0.144
2020,16,Amapá,32875,"Tambacu, tambatinga",178.339,1.636
2020,16,Amapá,32876,Tambaqui,534.445,5.491
2020,16,Amapá,32877,Tilápia,72.948,0.624
2020,17,Tocantins,32865,"Curimatã, curimbatá",45.018,0.452
2020,17,Tocantins,32867,"Jatuarana, piabanha e piracanjuba",3.82,0.057
2020,17,Tocantins,32869,Matrinxã,394.218,4.626
2020,17,Tocantins,32870,Pacu e patinga,355.825,3.633
2020,17,Tocantins,32871,"Piau, piapara, piauçu, piava",301.493,3.044
2020,17,Tocantins,32872,"Pintado, cachara, cachapira e pintachara, surubim",1389.485,20.512
2020,17,Tocantins,32873,Pirapitinga,67.29,0.746
2020,17,Tocantins,32874,Pirarucu,202.39,2.789
2020,17,Tocantins,32875,"Tambacu, tambatinga",1913.307,17.902
2020,17,Tocantins,32876,Tambaqui,6018.296,62.92
2020,17,Tocantins,32877,Tilápia,55.826,0.498
2020,17,Tocantins,32878,Traíra e trairão,9.6,0.096
2020,17,Tocantins,32880,Tucunaré,18.5,0.249
2020,17,Tocantins,32881,Outros peixes,15.56,0.188
2020,21,Maranhão,32861,Carpa,10.0,0.072
2020,21,Maranhão,32865,"Curimatã, curimbatá",2300.111,20.241
2020,21,Maranhão,32867,"Jatuarana, piabanha e piracanjuba",10.65,0.117
2020,21,Maranhão,32869,Matrinxã,1.953,0.022
2020,21,Maranhão,32870,Pacu e patinga,1686.518,12.853
2020,21,Maranhão,32871,"Piau, piapara, piauçu, piava",927.036,8.103
2020,21,Maranhão,32872,"Pintado, cachara, cachapira e pintachara, surubim",346.766,3.329
2020,21,Maranhão,32873,Pirapitinga,5.444,0.045
2020,21,Maranhão,32874,Pirarucu,69.302,1.382
2020,21,Maranhão,32875,"Tambacu, tambatinga",9609.679,72.082
2020,21,Maranhão,32876,Tambaqui,11575.644,79.183
2020,21,Maranhão,32877,Tilápia,3024.999,25.308
2020,21,Maranhão,32881,Outros peixes,52.988,0.477
2020,21,Maranhão,32887,Camarão,389.259,6.349
2020,21,Maranhão,32889,"Ostras, vieiras e mexilhões",22.99,0.161
2020,22,Piauí,32861,Carpa,2.412,0.026
2020,22,Piauí,32865,"Curimatã, curimbatá",62.358,0.538
2020,22,Piauí,32871,"Piau, piapara, piauçu, piava",34.592,0.377
2020,22,Piauí,32872,"Pintado, cachara, cachapira e pintachara, surubim",45.368,0.672
2020,22,Piauí,32873,Pirapitinga,1.89,0.015
2020,22,Piauí,32875,"Tambacu, tambatinga",960.377,8.237
2020,22,Piauí,32876,Tambaqui,5076.52,43.573
2020,22,Piauí,32877,Tilápia,5135.627,37.217
2020,22,Piauí,32878,Traíra e trairão,3.493,0.038
2020,22,Piauí,32880,Tucunaré,0.94,0.009
2020,22,Piauí,32881,Outros peixes,1051.68,7.096
2020,22,Piauí,32887,Camarão,2555.05,40.26
2020,23,Ceará,32861,Carpa,1.205,0.009
2020,23,Ceará,32865,"Curimatã, curimbatá",2.2,0.022
2020,23,Ceará,32874,Pirarucu,0.675,0.012
2020,23,Ceará,32875,"Tambacu, tambatinga",6.0,0.084
2020,23,Ceará,32876,Tambaqui,11.649,0.1
2020,23,Ceará,32877,Tilápia,6054.835,48.59
2020,23,Ceará,32880,Tucunaré,9.8,0.118
2020,23,Ceará,32887,Camarão,24384.763,466.038
2020,24,Rio Grande do Norte,32861,Carpa,40.785,0.237
2020,24,Rio Grande do Norte,32865,"Curimatã, curimbatá",118.42,0.699
2020,24,Rio Grande do Norte,32871,"Piau, piapara, piauçu, piava",8.0,0.04
2020,24,Rio Grande do Norte,32876,Tambaqui,69.147,0.468
2020,24,Rio Grande do Norte,32877,Tilápia,2706.713,26.527
2020,24,Rio Grande do Norte,32878,Traíra e trairão,41.161,0.245
2020,24,Rio Grande do Norte,32880,Tucunaré,20.579,0.197
2020,24,Rio Grande do Norte,32887,Camarão,21981.771,564.95
2020,25,Paraíba,32865,"Curimatã, curimbatá",0.31,0.003
2020,25,Paraíba,32871,"Piau, piapara, piauçu, piava",0.415,0.005
2020,25,Paraíba,32874,Pirarucu,0.3,0.008
2020,25,Paraíba,32876,Tambaqui,11.48,0.11
2020,25,Paraíba,32877,Tilápia,2741.961,23.311
2020,25,Paraíba,32878,Traíra e trairão,0.35,0.002
2020,25,Paraíba,32880,Tucunaré,1.218,0.012
2020,25,Paraíba,32887,Camarão,5288.5,102.345
2020,25,Paraíba,32889,"Ostras, vieiras e mexilhões",20.0,0.18
2020,26,Pernambuco,32861,Carpa,2.2,0.024
2020,26,Pernambuco,32865,"Curimatã, curimbatá",1.33,0.016
2020,26,Pernambuco,32866,Dourado,1.0,0.01
2020,26,Pernambuco,32872,"Pintado, cachara, cachapira e pintachara, surubim",1.5,0.023
2020,26,Pernambuco,32874,Pirarucu,0.42,0.007
2020,26,Pernambuco,32876,Tambaqui,41.25,0.523
2020,26,Pernambuco,32877,Tilápia,25736.328,187.479
2020,26,Pernambuco,32878,Traíra e trairão,22.0,0.22
2020,26,Pernambuco,32887,Camarão,2707.4,45.085
2020,27,Alagoas,32861,Carpa,77.16,0.731
2020,27,Alagoas,32865,"Curimatã, curimbatá",41.5,0.433
2020,27,Alagoas,32868,Lambari,3.8,0.018
2020,27,Alagoas,32869,Matrinxã,0.5,0.003
2020,27,Alagoas,32870,Pacu e patinga,4.0,0.048
2020,27,Alagoas,32871,"Piau, piapara, piauçu, piava",7.38,0.096
2020,27,Alagoas,32872,"Pintado, cachara, cachapira e pintachara, surubim",13.2,0.396
2020,27,Alagoas,32873,Pirapitinga,0.5,0.003
2020,27,Alagoas,32874,Pirarucu,2.0,0.014
2020,27,Alagoas,32875,"Tambacu, tambatinga",8.0,0.044
2020,27,Alagoas,32876,Tambaqui,3067.212,32.094
2020,27,Alagoas,32877,Tilápia,7713.37,81.639
2020,27,Alagoas,32878,Traíra e trairão,49.0,0.39
2020,27,Alagoas,32880,Tucunaré,1.88,0.017
2020,27,Alagoas,32881,Outros peixes,87.3,0.736
2020,27,Alagoas,32887,Camarão,1241.4,28.277
2020,27,Alagoas,32889,"Ostras, vieiras e mexilhões",51.22,1.043
2020,27,Alagoas,32891,"Outros produtos (rã, jacaré, siri, caranguejo, lagosta, etc)",,0.636
2020,28,Sergipe,32861,Carpa,2.115,0.011
2020,28,Sergipe,32869,Matrinxã,27.136,0.164
2020,28,Sergipe,32872,"Pintado, cachara, cachapira e pintachara, surubim",30.13,0.482
2020,28,Sergipe,32875,"Tambacu, tambatinga",2.626,0.016
2020,28,Sergipe,32876,Tambaqui,778.635,5.125
2020,28,Sergipe,32877,Tilápia,543.849,4.106
2020,28,Sergipe,32880,Tucunaré,0.143,0.001
2020,28,Sergipe,32881,Outros peixes,17.971,0.258
2020,28,Sergipe,32887,Camarão,4564.968,83.139
2020,28,Sergipe,32889,"Ostras, vieiras e mexilhões",5.52,0.129
2020,29,Bahia,32861,Carpa,59.102,0.597
2020,29,Bahia,32865,"Curimatã, curimbatá",35.87,0.329
2020,29,Bahia,32866,Dourado,1.13,0.018
2020,29,Bahia,32871,"Piau, piapara, piauçu, piava",1.81,0.031
2020,29,Bahia,32872,"Pintado, cachara, cachapira e pintachara, surubim",106.275,1.09
2020,29,Bahia,32873,Pirapitinga,1.2,0.013
2020,29,Bahia,32874,Pirarucu,66.42,1.076
2020,29,Bahia,32875,"Tambacu, tambatinga",967.5,5.894
2020,29,Bahia,32876,Tambaqui,1097.18,9.12
2020,29,Bahia,32877,Tilápia,11744.081,89.42
2020,29,Bahia,32878,Traíra e trairão,43.25,0.434
2020,29,Bahia,32880,Tucunaré,32.5,0.363
2020,29,Bahia,32887,Camarão,3189.348,55.214
2020,29,Bahia,32889,"Ostras, vieiras e mexilhões",31.94,0.345
2020,29,Bahia,32891,"Outros produtos (rã, jacaré, siri, caranguejo, lagosta, etc)",,0.001
2020,31,Minas Gerais,32861,Carpa,15.513,0.165
2020,31,Minas Gerais,32865,"Curimatã, curimbatá",0.64,0.007
2020,31,Minas Gerais,32868,Lambari,112.091,0.791
2020,31,Minas Gerais,32869,Matrinxã,21.869,0.228
2020,31,Minas Gerais,32870,Pacu e patinga,83.961,0.746
2020,31,Minas Gerais,32871,"Piau, piapara, piauçu, piava",22.69,0.218
2020,31,Minas Gerais,32872,"Pintado, cachara, cachapira e pintachara, surubim",156.018,3.313
2020,31,Minas Gerais,32873,Pirapitinga,0.83,0.01
2020,31,Minas Gerais,32874,Pirarucu,0.712,0.009
2020,31,Minas Gerais,32875,"Tambacu, tambatinga",47.163,0.53
2020,31,Minas Gerais,32876,Tambaqui,311.045,2.497
2020,31,Minas Gerais,32877,Tilápia,34406.973,257.191
2020,31,Minas Gerais,32878,Traíra e trairão,5.062,0.056
2020,31,Minas Gerais,32879,Truta,1189.465,20.919
2020,31,Minas Gerais,32880,Tucunaré,0.362,0.006
2020,31,Minas Gerais,32881,Outros peixes,6.695,0.074
2020,31,Minas Gerais,32891,"Outros produtos (rã, jacaré, siri, caranguejo, lagosta, etc)",,1.412
2020,32,Espírito Santo,32861,Carpa,7.4,0.057
2020,32,Espírito Santo,32865,"Curimatã, curimbatá",1.12,0.009
2020,32,Espírito Santo,32868,Lambari,1.235,0.01
2020,32,Espírito Santo,32870,Pacu e patinga,1.055,0.008
2020,32,Espírito Santo,32871,"Piau, piapara, piauçu, piava",1.725,0.016
2020,32,Espírito Santo,32872,"Pintado, cachara, cachapira e pintachara, surubim",1.868,0.017
2020,32,Espírito Santo,32874,Pirarucu,3.535,0.033
2020,32,Espírito Santo,32875,"Tambacu, tambatinga",1.055,0.01
2020,32,Espírito Santo,32876,Tambaqui,18.935,0.161
2020,32,Espírito Santo,32877,Tilápia,3934.708,25.945
2020,32,Espírito Santo,32878,Traíra e trairão,2.8,0.021
2020,32,Espírito Santo,32881,Outros peixes,0.075,0.001
2020,32,Espírito Santo,32887,Camarão,15.006,0.367
2020,32,Espírito Santo,32891,"Outros produtos (rã, jacaré, siri, caranguejo, lagosta, etc)",,0.042
2020,33,Rio de Janeiro,32861,Carpa,49.35,0.468
2020,33,Rio de Janeiro,32865,"Curimatã, curimbatá",2.68,0.033
2020,33,Rio de Janeiro,32866,Dourado,0.07,0.002
2020,33,Rio de Janeiro,32868,Lambari,0.25,0.006
2020,33,Rio de Janeiro,32869,Matrinxã,0.89,0.009
2020,33,Rio de Janeiro,32870,Pacu e patinga,6.04,0.054
2020,33,Rio de Janeiro,32872,"Pintado, cachara, cachapira e pintachara, surubim",1.025,0.014
2020,33,Rio de Janeiro,32875,"Tambacu, tambatinga",47.89,0.498
2020,33,Rio de Janeiro,32876,Tambaqui,10.738,0.129
2020,33,Rio de Janeiro,32877,Tilápia,1310.25,13.516
2020,33,Rio de Janeiro,32878,Traíra e trairão,5.2,0.094
2020,33,Rio de Janeiro,32879,Truta,50.26,1.175
2020,33,Rio de Janeiro,32880,Tucunaré,7.5,0.059
2020,33,Rio de Janeiro,32881,Outros peixes,54.609,1.071
2020,33,Rio de Janeiro,32887,Camarão,10.0,0.574
2020,33,Rio de Janeiro,32889,"Ostras, vieiras e mexilhões",38.509,1.241
2020,33,Rio de Janeiro,32891,"Outros produtos (rã, jacaré, siri, caranguejo, lagosta, etc)",,0.611
2020,35,São Paulo,32861,Carpa,115.47,0.972
2020,35,São Paulo,32865,"Curimatã, curimbatá",54.15,0.402
2020,35,São Paulo,32866,Dourado,46.955,0.782
2020,35,São Paulo,32867,"Jatuarana, piabanha e piracanjuba",2.7,0.032
2020,35,São Paulo,32868,Lambari,239.735,2.736
2020,35,São Paulo,32869,Matrinxã,50.43,0.534
2020,35,São Paulo,32870,Pacu e patinga,2983.883,22.613
2020,35,São Paulo,32871,"Piau, piapara, piauçu, piava",107.69,1.064
2020,35,São Paulo,32872,"Pintado, cachara, cachapira e pintachara, surubim",87.14,1.441
2020,35,São Paulo,32873,Pirapitinga,132.1,1.314
2020,35,São Paulo,32875,"Tambacu, tambatinga",301.4,3.097
2020,35,São Paulo,32876,Tambaqui,99.52,1.304
2020,35,São Paulo,32877,Tilápia,50451.183,319.931
2020,35,São Paulo,32878,Traíra e trairão,120.011,0.72
2020,35,São Paulo,32879,Truta,24.01,0.363
2020,35,São Paulo,32881,Outros peixes,420.03,2.87
2020,35,São Paulo,32887,Camarão,0.8,0.056
2020,35,São Paulo,32889,"Ostras, vieiras e mexilhões",43.7,1.311
2020,35,São Paulo,32891,"Outros produtos (rã, jacaré, siri, caranguejo, lagosta, etc)",,0.115
2020,41,Paraná,32861,Carpa,3079.002,23.329
2020,41,Paraná,32865,"Curimatã, curimbatá",17.29,0.121
2020,41,Paraná,32866,Dourado,6.24,0.137
2020,41,Paraná,32868,Lambari,11.908,0.107
2020,41,Paraná,32869,Matrinxã,6.05,0.061
2020,41,Paraná,32870,Pacu e patinga,1828.437,16.596
2020,41,Paraná,32871,"Piau, piapara, piauçu, piava",162.974,1.183
2020,41,Paraná,32872,"Pintado, cachara, cachapira e pintachara, surubim",16.38,0.337
2020,41,Paraná,32875,"Tambacu, tambatinga",179.069,1.359
2020,41,Paraná,32876,Tambaqui,9.5,0.1
2020,41,Paraná,32877,Tilápia,134474.147,788.977
2020,41,Paraná,32878,Traíra e trairão,216.851,1.729
2020,41,Paraná,32879,Truta,1.808,0.017
2020,41,Paraná,32880,Tucunaré,0.25,0.002
2020,41,Paraná,32881,Outros peixes,408.493,3.133
2020,41,Paraná,32887,Camarão,100.0,1.583
2020,41,Paraná,32889,"Ostras, vieiras e mexilhões",185.185,2.335
2020,41,Paraná,32891,"Outros produtos (rã, jacaré, siri, caranguejo, lagosta, etc)",,0.013
2020,42,Santa Catarina,32861,Carpa,5346.212,40.037
2020,42,Santa Catarina,32865,"Curimatã, curimbatá",1.9,0.01
2020,42,Santa Catarina,32866,Dourado,0.795,0.012
2020,42,Santa Catarina,32867,"Jatuarana, piabanha e piracanjuba",2.93,0.014
2020,42,Santa Catarina,32868,Lambari,9.54,0.076
2020,42,Santa Catarina,32869,Matrinxã,0.385,0.003
2020,42,Santa Catarina,32870,Pacu e patinga,100.036,0.922
2020,42,Santa Catarina,32871,"Piau, piapara, piauçu, piava",5.7,0.037
2020,42,Santa Catarina,32872,"Pintado, cachara, cachapira e pintachara, surubim",14.092,0.151
2020,42,Santa Catarina,32873,Pirapitinga,0.61,0.004
2020,42,Santa Catarina,32875,"Tambacu, tambatinga",31.4,0.149
2020,42,Santa Catarina,32877,Tilápia,28059.715,178.399
2020,42,Santa Catarina,32878,Traíra e trairão,43.857,0.325
2020,42,Santa Catarina,32879,Truta,843.75,11.0
2020,42,Santa Catarina,32881,Outros peixes,1017.513,7.78
2020,42,Santa Catarina,32887,Camarão,80.0,2.4
2020,42,Santa Catarina,32889,"Ostras, vieiras e mexilhões",15334.0,82.804
2020,43,Rio Grande do Sul,32861,Carpa,8125.788,74.023
2020,43,Rio Grande do Sul,32865,"Curimatã, curimbatá",84.99,0.853
2020,43,Rio Grande do Sul,32866,Dourado,6.558,0.102
2020,43,Rio Grande do Sul,32868,Lambari,106.95,0.95
2020,43,Rio Grande do Sul,32870,Pacu e patinga,66.901,0.676
2020,43,Rio Grande do Sul,32871,"Piau, piapara, piauçu, piava",61.792,0.573
2020,43,Rio Grande do Sul,32872,"Pintado, cachara, cachapira e pintachara, surubim",13.273,0.197
2020,43,Rio Grande do Sul,32875,"Tambacu, tambatinga",0.71,0.005
2020,43,Rio Grande do Sul,32876,Tambaqui,0.05,0.0
2020,43,Rio Grande do Sul,32877,Tilápia,4770.115,48.745
2020,43,Rio Grande do Sul,32878,Traíra e trairão,232.633,2.58
2020,43,Rio Grande do Sul,32881,Outros peixes,592.777,5.458
2020,50,Mato Grosso do Sul,32861,Carpa,13.8,0.116
2020,50,Mato Grosso do Sul,32868,Lambari,6.15,0.092
2020,50,Mato Grosso do Sul,32869,Matrinxã,0.38,0.005
2020,50,Mato Grosso do Sul,32870,Pacu e patinga,916.883,7.972
2020,50,Mato Grosso do Sul,32871,"Piau, piapara, piauçu, piava",8.15,0.089
2020,50,Mato Grosso do Sul,32872,"Pintado, cachara, cachapira e pintachara, surubim",151.369,2.015
2020,50,Mato Grosso do Sul,32873,Pirapitinga,0.9,0.007
2020,50,Mato Grosso do Sul,32875,"Tambacu, tambatinga",117.31,1.37
2020,50,Mato Grosso do Sul,32876,Tambaqui,46.79,0.369
2020,50,Mato Grosso do Sul,32877,Tilápia,15157.971,81.96
2020,50,Mato Grosso do Sul,32881,Outros peixes,53.55,0.574
2020,50,Mato Grosso do Sul,32891,"Outros produtos (rã, jacaré, siri, caranguejo, lagosta, etc)",,2.145
2020,51,Mato Grosso,32861,Carpa,8.78,0.119
2020,51,Mato Grosso,32867,"Jatuarana, piabanha e piracanjuba",132.285,1.16
2020,51,Mato Grosso,32868,Lambari,5.0,0.03
2020,51,Mato Grosso,32869,Matrinxã,50.906,0.628
2020,51,Mato Grosso,32870,Pacu e patinga,245.314,3.192
2020,51,Mato Grosso,32871,"Piau, piapara, piauçu, piava",228.904,1.709
2020,51,Mato Grosso,32872,"Pintado, cachara, cachapira e pintachara, surubim",5635.38,50.829
2020,51,Mato Grosso,32873,Pirapitinga,1.87,0.022
2020,51,Mato Grosso,32874,Pirarucu,26.144,0.389
2020,51,Mato Grosso,32875,"Tambacu, tambatinga",23465.226,172.277
2020,51,Mato Grosso,32876,Tambaqui,2978.019,23.664
2020,51,Mato Grosso,32877,Tilápia,2659.673,15.26
2020,51,Mato Grosso,32878,Traíra e trairão,0.565,0.005
2020,51,Mato Grosso,32880,Tucunaré,0.786,0.007
2020,51,Mato Grosso,32881,Outros peixes,2.5,0.03
2020,52,Goiás,32861,Carpa,62.1,0.989
2020,52,Goiás,32865,"Curimatã, curimbatá",1.3,0.014
2020,52,Goiás,32868,Lambari,132.694,1.279
2020,52,Goiás,32869,Matrinxã,116.394,1.122
2020,52,Goiás,32870,Pacu e patinga,1112.777,11.469
2020,52,Goiás,32871,"Piau, piapara, piauçu, piava",461.587,5.704
2020,52,Goiás,32872,"Pintado, cachara, cachapira e pintachara, surubim",440.237,8.84
2020,52,Goiás,32873,Pirapitinga,189.528,1.856
2020,52,Goiás,32874,Pirarucu,41.68,0.967
2020,52,Goiás,32875,"Tambacu, tambatinga",1607.026,16.594
2020,52,Goiás,32876,Tambaqui,1876.451,19.221
2020,52,Goiás,32877,Tilápia,9159.581,73.739
2020,52,Goiás,32878,Traíra e trairão,1.625,0.016
2020,52,Goiás,32887,Camarão,3.0,0.15
2020,52,Goiás,32891,"Outros produtos (rã, jacaré, siri, caranguejo, lagosta, etc)",,0.565
2020,53,Distrito Federal,32865,"Curimatã, curimbatá",1.1,0.011
2020,53,Distrito Federal,32868,Lambari,1.1,0.013
2020,53,Distrito Federal,32869,Matrinxã,16.75,0.166
2020,53,Distrito Federal,32870,Pacu e patinga,10.25,0.101
2020,53,Distrito Federal,32871,"Piau, piapara, piauçu, piava",6.0,0.059
2020,53,Distrito Federal,32872,"Pintado, cachara, cachapira e pintachara, surubim",81.0,1.612
2020,53,Distrito Federal,32873,Pirapitinga,1.1,0.011
2020,53,Distrito Federal,32875,"Tambacu, tambatinga",14.0,0.139
2020,53,Distrito Federal,32876,Tambaqui,35.0,0.347
2020,53,Distrito Federal,32877,Tilápia,1585.0,20.447
2020,53,Distrito Federal,32881,Outros peixes,17.0,0.168
2021,11,Rondônia,32865,"Curimatã, curimbatá",43.325,0.543
2021,11,Rondônia,32867,"Jatuarana, piabanha e piracanjuba",158.305,1.615
2021,11,Rondônia,32869,Matrinxã,132.513,1.747
2021,11,Rondônia,32870,Pacu e patinga,216.628,2.659
2021,11,Rondônia,32871,"Piau, piapara, piauçu, piava",60.963,0.652
2021,11,Rondônia,32872,"Pintado, cachara, cachapira e pintachara, surubim",2912.828,48.096
2021,11,Rondônia,32873,Pirapitinga,57.647,0.722
2021,11,Rondônia,32874,Pirarucu,1220.831,16.575
2021,11,Rondônia,32875,"Tambacu, tambatinga",1240.242,14.428
2021,11,Rondônia,32876,Tambaqui,53018.93,428.145
2021,11,Rondônia,32877,Tilápia,62.566,0.759
2021,11,Rondônia,32891,"Outros produtos (rã, jacaré, siri, caranguejo, lagosta, etc)",,0.037
2021,12,Acre,32865,"Curimatã, curimbatá",394.8,4.132
2021,12,Acre,32869,Matrinxã,213.186,2.49
2021,12,Acre,32870,Pacu e patinga,11.0,0.099
2021,12,Acre,32871,"Piau, piapara, piauçu, piava",304.393,3.327
2021,12,Acre,32872,"Pintado, cachara, cachapira e pintachara, surubim",72.988,0.856
2021,12,Acre,32873,Pirapitinga,457.221,4.771
2021,12,Acre,32874,Pirarucu,41.683,0.597
2021,12,Acre,32875,"Tambacu, tambatinga",219.469,2.114
2021,12,Acre,32876,Tambaqui,1204.417,12.594
2021,12,Acre,32877,Tilápia,28.415,0.27
2021,12,Acre,32878,Traíra e trairão,7.91,0.056
2021,13,Amazonas,32865,"Curimatã, curimbatá",4.8,0.074
2021,13,Amazonas,32869,Matrinxã,2029.55,23.421
2021,13,Amazonas,32873,Pirapitinga,13.24,0.159
2021,13,Amazonas,32874,Pirarucu,194.35,2.094
2021,13,Amazonas,32876,Tambaqui,6882.578,72.726
2021,13,Amazonas,32880,Tucunaré,10.0,0.08
2021,14,Roraima,32869,Matrinxã,401.65,3.733
2021,14,Roraima,32876,Tambaqui,11416.2,95.834
2021,15,Pará,32865,"Curimatã, curimbatá",26.259,0.277
2021,15,Pará,32867,"Jatuarana, piabanha e piracanjuba",97.688,1.062
2021,15,Pará,32869,Matrinxã,431.233,5.933
2021,15,Pará,32870,Pacu e patinga,50.45,0.681
2021,15,Pará,32871,"Piau, piapara, piauçu, piava",263.249,3.444
2021,15,Pará,32872,"Pintado, cachara, cachapira e pintachara, surubim",252.153,4.368
2021,15,Pará,32873,Pirapitinga,430.185,4.619
2021,15,Pará,32874,Pirarucu,221.336,4.848
2021,15,Pará,32875,"Tambacu, tambatinga",3345.72,37.585
2021,15,Pará,32876,Tambaqui,6063.589,67.377
2021,15,Pará,32877,Tilápia,358.269,4.231
2021,15,Pará,32878,Traíra e trairão,22.0,0.176
2021,15,Pará,32880,Tucunaré,17.55,0.262
2021,15,Pará,32881,Outros peixes,82.6,1.105
2021,15,Pará,32887,Camarão,45.0,1.575
2021,15,Pará,32889,"Ostras, vieiras e mexilhões",53.109,0.52
2021,16,Amapá,32873,Pirapitinga,121.499,1.352
2021,16,Amapá,32874,Pirarucu,7.082,0.166
2021,16,Amapá,32875,"Tambacu, tambatinga",189.619,1.89
2021,16,Amapá,32876,Tambaqui,585.72,6.972
2021,16,Amapá,32877,Tilápia,79.793,0.748
2021,17,Tocantins,32865,"Curimatã, curimbatá",23.062,0.237
2021,17,Tocantins,32867,"Jatuarana, piabanha e piracanjuba",6.612,0.094
2021,17,Tocantins,32868,Lambari,0.424,0.002
2021,17,Tocantins,32869,Matrinxã,385.339,4.73
2021,17,Tocantins,32870,Pacu e patinga,302.544,3.605
2021,17,Tocantins,32871,"Piau, piapara, piauçu, piava",327.046,3.67
2021,17,Tocantins,32872,"Pintado, cachara, cachapira e pintachara, surubim",1455.333,22.853
2021,17,Tocantins,32873,Pirapitinga,59.999,0.666
2021,17,Tocantins,32874,Pirarucu,227.352,3.88
2021,17,Tocantins,32875,"Tambacu, tambatinga",2522.73,26.014
2021,17,Tocantins,32876,Tambaqui,6818.87,75.756
2021,17,Tocantins,32877,Tilápia,179.13,1.975
2021,17,Tocantins,32878,Traíra e trairão,1.0,0.011
2021,17,Tocantins,32880,Tucunaré,15.8,0.246
2021,17,Tocantins,32881,Outros peixes,88.942,1.127
2021,21,Maranhão,32861,Carpa,8.9,0.067
2021,21,Maranhão,32865,"Curimatã, curimbatá",2235.067,21.636
2021,21,Maranhão,32867,"Jatuarana, piabanha e piracanjuba",34.385,0.406
2021,21,Maranhão,32869,Matrinxã,31.424,0.357
2021,21,Maranhão,32870,Pacu e patinga,1683.789,15.028
2021,21,Maranhão,32871,"Piau, piapara, piauçu, piava",925.293,8.838
2021,21,Maranhão,32872,"Pintado, cachara, cachapira e pintachara, surubim",306.466,3.096
2021,21,Maranhão,32873,Pirapitinga,1.367,0.011
2021,21,Maranhão,32874,Pirarucu,76.762,1.57
2021,21,Maranhão,32875,"Tambacu, tambatinga",9043.9,74.414
2021,21,Maranhão,32876,Tambaqui,11456.741,85.078
2021,21,Maranhão,32877,Tilápia,2725.313,24.524
2021,21,Maranhão,32878,Traíra e trairão,0.642,0.005
2021,21,Maranhão,32881,Outros peixes,86.425,0.813
2021,21,Maranhão,32887,Camarão,405.502,7.113
2021,21,Maranhão,32889,"Ostras, vieiras e mexilhões",23.55,0.168
2021,22,Piauí,32861,Carpa,3.828,0.044
2021,22,Piauí,32865,"Curimatã, curimbatá",51.076,0.499
2021,22,Piauí,32871,"Piau, piapara, piauçu, piava",17.927,0.248
2021,22,Piauí,32872,"Pintado, cachara, cachapira e pintachara, surubim",34.209,0.594
2021,22,Piauí,32875,"Tambacu, tambatinga",993.582,9.904
2021,22,Piauí,32876,Tambaqui,4760.534,47.578
2021,22,Piauí,32877,Tilápia,4749.995,38.524
2021,22,Piauí,32878,Traíra e trairão,0.528,0.006
2021,22,Piauí,32880,Tucunaré,0.14,0.002
2021,22,Piauí,32881,Outros peixes,151.166,1.704
2021,22,Piauí,32887,Camarão,3389.476,55.608
2021,23,Ceará,32861,Carpa,1.091,0.009
2021,23,Ceará,32865,"Curimatã, curimbatá",2.278,0.025
2021,23,Ceará,32874,Pirarucu,1.594,0.026
2021,23,Ceará,32875,"Tambacu, tambatinga",3.0,0.041
2021,23,Ceará,32876,Tambaqui,18.025,0.199
2021,23,Ceará,32877,Tilápia,6850.912,60.965
2021,23,Ceará,32881,Outros peixes,2.26,0.028
2021,23,Ceará,32887,Camarão,56210.299,916.425
2021,24,Rio Grande do Norte,32861,Carpa,24.7,0.124
2021,24,Rio Grande do Norte,32865,"Curimatã, curimbatá",150.332,0.93
2021,24,Rio Grande do Norte,32871,"Piau, piapara, piauçu, piava",12.844,0.072
2021,24,Rio Grande do Norte,32876,Tambaqui,54.48,0.307
2021,24,Rio Grande do Norte,32877,Tilápia,2043.264,22.459
2021,24,Rio Grande do Norte,32878,Traíra e trairão,44.864,0.257
2021,24,Rio Grande do Norte,32880,Tucunaré,23.414,0.204
2021,24,Rio Grande do Norte,32881,Outros peixes,1.4,0.011
2021,24,Rio Grande do Norte,32887,Camarão,25827.115,766.835
2021,25,Paraíba,32865,"Curimatã, curimbatá",0.347,0.004
2021,25,Paraíba,32871,"Piau, piapara, piauçu, piava",0.464,0.005
2021,25,Paraíba,32874,Pirarucu,0.32,0.01
2021,25,Paraíba,32876,Tambaqui,12.487,0.133
2021,25,Paraíba,32877,Tilápia,3990.027,36.69
2021,25,Paraíba,32878,Traíra e trairão,0.385,0.002
2021,25,Paraíba,32880,Tucunaré,0.762,0.01
2021,25,Paraíba,32887,Camarão,6242.5,110.211
2021,25,Paraíba,32889,"Ostras, vieiras e mexilhões",22.0,0.22
2021,26,Pernambuco,32861,Carpa,2.0,0.025
2021,26,Pernambuco,32865,"Curimatã, curimbatá",5.75,0.067
2021,26,Pernambuco,32866,Dourado,1.0,0.015
2021,26,Pernambuco,32871,"Piau, piapara, piauçu, piava",10.0,0.12
2021,26,Pernambuco,32872,"Pintado, cachara, cachapira e pintachara, surubim",3.4,0.036
2021,26,Pernambuco,32874,Pirarucu,0.167,0.002
2021,26,Pernambuco,32876,Tambaqui,90.006,0.998
2021,26,Pernambuco,32877,Tilápia,26276.652,211.002
2021,26,Pernambuco,32878,Traíra e trairão,23.5,0.251
2021,26,Pernambuco,32880,Tucunaré,0.2,0.003
2021,26,Pernambuco,32887,Camarão,4248.536,82.15
2021,26,Pernambuco,32891,"Outros produtos (rã, jacaré, siri, caranguejo, lagosta, etc)",,0.015
2021,27,Alagoas,32861,Carpa,15.1,0.228
2021,27,Alagoas,32865,"Curimatã, curimbatá",42.3,0.474
2021,27,Alagoas,32868,Lambari,0.8,0.008
2021,27,Alagoas,32869,Matrinxã,0.5,0.004
2021,27,Alagoas,32870,Pacu e patinga,7.0,0.098
2021,27,Alagoas,32871,"Piau, piapara, piauçu, piava",7.5,0.105
2021,27,Alagoas,32872,"Pintado, cachara, cachapira e pintachara, surubim",13.2,0.396
2021,27,Alagoas,32873,Pirapitinga,0.51,0.004
2021,27,Alagoas,32874,Pirarucu,1.8,0.018
2021,27,Alagoas,32875,"Tambacu, tambatinga",7.5,0.06
2021,27,Alagoas,32876,Tambaqui,3073.463,39.339
2021,27,Alagoas,32877,Tilápia,8374.815,134.616
2021,27,Alagoas,32878,Traíra e trairão,43.75,0.514
2021,27,Alagoas,32880,Tucunaré,1.7,0.02
2021,27,Alagoas,32881,Outros peixes,9.0,0.09
2021,27,Alagoas,32887,Camarão,1477.4,38.498
2021,27,Alagoas,32889,"Ostras, vieiras e mexilhões",53.951,1.634
2021,27,Alagoas,32891,"Outros produtos (rã, jacaré, siri, caranguejo, lagosta, etc)",,0.46
2021,28,Sergipe,32861,Carpa,1.12,0.006
2021,28,Sergipe,32869,Matrinxã,21.365,0.139
2021,28,Sergipe,32872,"Pintado, cachara, cachapira e pintachara, surubim",19.43,0.321
2021,28,Sergipe,32875,"Tambacu, tambatinga",2.735,0.017
2021,28,Sergipe,32876,Tambaqui,794.606,5.315
2021,28,Sergipe,32877,Tilápia,421.23,3.418
2021,28,Sergipe,32881,Outros peixes,12.222,0.197
2021,28,Sergipe,32887,Camarão,4543.856,81.64
2021,28,Sergipe,32889,"Ostras, vieiras e mexilhões",5.25,0.128
2021,29,Bahia,32861,Carpa,69.109,0.842
2021,29,Bahia,32865,"Curimatã, curimbatá",36.52,0.509
2021,29,Bahia,32866,Dourado,1.13,0.023
2021,29,Bahia,32871,"Piau, piapara, piauçu, piava",1.81,0.036
2021,29,Bahia,32872,"Pintado, cachara, cachapira e pintachara, surubim",103.121,1.188
2021,29,Bahia,32873,Pirapitinga,1.3,0.015
2021,29,Bahia,32874,Pirarucu,59.08,1.074
2021,29,Bahia,32875,"Tambacu, tambatinga",916.05,6.053
2021,29,Bahia,32876,Tambaqui,1078.916,9.703
2021,29,Bahia,32877,Tilápia,12515.745,102.269
2021,29,Bahia,32878,Traíra e trairão,40.985,0.485
2021,29,Bahia,32880,Tucunaré,23.95,0.293
2021,29,Bahia,32887,Camarão,4200.89,69.055
2021,29,Bahia,32889,"Ostras, vieiras e mexilhões",33.052,0.392
2021,29,Bahia,32891,"Outros produtos (rã, jacaré, siri, caranguejo, lagosta, etc)",,0.002
2021,31,Minas Gerais,32861,Carpa,14.433,0.168
2021,31,Minas Gerais,32865,"Curimatã, curimbatá",0.623,0.007
2021,31,Minas Gerais,32868,Lambari,102.521,0.822
2021,31,Minas Gerais,32869,Matrinxã,17.933,0.199
2021,31,Minas Gerais,32870,Pacu e patinga,75.074,0.736
2021,31,Minas Gerais,32871,"Piau, piapara, piauçu, piava",18.903,0.184
2021,31,Minas Gerais,32872,"Pintado, cachara, cachapira e pintachara, surubim",157.995,3.372
2021,31,Minas Gerais,32873,Pirapitinga,0.865,0.012
2021,31,Minas Gerais,32874,Pirarucu,0.67,0.009
2021,31,Minas Gerais,32875,"Tambacu, tambatinga",41.397,0.473
2021,31,Minas Gerais,32876,Tambaqui,298.062,3.149
2021,31,Minas Gerais,32877,Tilápia,35081.512,302.924
2021,31,Minas Gerais,32878,Traíra e trairão,4.324,0.051
2021,31,Minas Gerais,32879,Truta,1190.52,25.016
2021,31,Minas Gerais,32880,Tucunaré,0.381,0.006
2021,31,Minas Gerais,32881,Outros peixes,5.809,0.075
2021,31,Minas Gerais,32891,"Outros produtos (rã, jacaré, siri, caranguejo, lagosta, etc)",,1.685
2021,32,Espírito Santo,32861,Carpa,7.398,0.073
2021,32,Espírito Santo,32865,"Curimatã, curimbatá",2.1,0.021
2021,32,Espírito Santo,32868,Lambari,1.15,0.011
2021,32,Espírito Santo,32870,Pacu e patinga,0.97,0.009
2021,32,Espírito Santo,32871,"Piau, piapara, piauçu, piava",1.69,0.018
2021,32,Espírito Santo,32872,"Pintado, cachara, cachapira e pintachara, surubim",1.792,0.02
2021,32,Espírito Santo,32874,Pirarucu,3.52,0.038
2021,32,Espírito Santo,32875,"Tambacu, tambatinga",0.9,0.01
2021,32,Espírito Santo,32876,Tambaqui,19.539,0.197
2021,32,Espírito Santo,32877,Tilápia,4675.58,43.92
2021,32,Espírito Santo,32878,Traíra e trairão,2.5,0.021
2021,32,Espírito Santo,32881,Outros peixes,0.07,0.001
2021,32,Espírito Santo,32887,Camarão,9.75,0.242
2021,32,Espírito Santo,32891,"Outros produtos (rã, jacaré, siri, caranguejo, lagosta, etc)",,0.042
2021,33,Rio de Janeiro,32861,Carpa,50.96,0.594
2021,33,Rio de Janeiro,32865,"Curimatã, curimbatá",2.85,0.042
2021,33,Rio de Janeiro,32866,Dourado,0.15,0.004
2021,33,Rio de Janeiro,32868,Lambari,0.3,0.008
2021,33,Rio de Janeiro,32869,Matrinxã,0.3,0.004
2021,33,Rio de Janeiro,32870,Pacu e patinga,5.21,0.058
2021,33,Rio de Janeiro,32872,"Pintado, cachara, cachapira e pintachara, surubim",1.066,0.016
2021,33,Rio de Janeiro,32875,"Tambacu, tambatinga",27.72,0.375
2021,33,Rio de Janeiro,32876,Tambaqui,11.03,0.157
2021,33,Rio de Janeiro,32877,Tilápia,1599.281,16.418
2021,33,Rio de Janeiro,32878,Traíra e trairão,5.31,0.106
2021,33,Rio de Janeiro,32879,Truta,34.46,1.126
2021,33,Rio de Janeiro,32880,Tucunaré,7.6,0.087
2021,33,Rio de Janeiro,32881,Outros peixes,25.629,0.869
2021,33,Rio de Janeiro,32887,Camarão,12.7,0.695
2021,33,Rio de Janeiro,32889,"Ostras, vieiras e mexilhões",29.572,1.176
2021,33,Rio de Janeiro,32891,"Outros produtos (rã, jacaré, siri, caranguejo, lagosta, etc)",,0.664
2021,35,São Paulo,32861,Carpa,115.657,1.141
2021,35,São Paulo,32865,"Curimatã, curimbatá",53.5,0.445
2021,35,São Paulo,32866,Dourado,47.8,1.051
2021,35,São Paulo,32867,"Jatuarana, piabanha e piracanjuba",2.8,0.02
2021,35,São Paulo,32868,Lambari,167.13,2.068
2021,35,São Paulo,32869,Matrinxã,50.655,0.629
2021,35,São Paulo,32870,Pacu e patinga,1982.132,19.741
2021,35,São Paulo,32871,"Piau, piapara, piauçu, piava",99.84,1.215
2021,35,São Paulo,32872,"Pintado, cachara, cachapira e pintachara, surubim",91.935,1.728
2021,35,São Paulo,32873,Pirapitinga,133.8,1.606
2021,35,São Paulo,32875,"Tambacu, tambatinga",280.41,3.017
2021,35,São Paulo,32876,Tambaqui,69.884,0.986
2021,35,São Paulo,32877,Tilápia,48344.24,348.609
2021,35,São Paulo,32878,Traíra e trairão,120.0,0.72
2021,35,São Paulo,32879,Truta,54.472,1.268
2021,35,São Paulo,32881,Outros peixes,446.0,3.716
2021,35,São Paulo,32887,Camarão,0.3,0.024
2021,35,São Paulo,32889,"Ostras, vieiras e mexilhões",71.5,1.535
2021,35,São Paulo,32891,"Outros produtos (rã, jacaré, siri, caranguejo, lagosta, etc)",,0.09
2021,41,Paraná,32861,Carpa,2984.453,25.542
2021,41,Paraná,32865,"Curimatã, curimbatá",21.35,0.223
2021,41,Paraná,32866,Dourado,3.9,0.087
2021,41,Paraná,32868,Lambari,8.555,0.087
2021,41,Paraná,32869,Matrinxã,5.116,0.057
2021,41,Paraná,32870,Pacu e patinga,1731.95,16.42
2021,41,Paraná,32871,"Piau, piapara, piauçu, piava",129.13,1.097
2021,41,Paraná,32872,"Pintado, cachara, cachapira e pintachara, surubim",7.64,0.151
2021,41,Paraná,32875,"Tambacu, tambatinga",197.256,1.589
2021,41,Paraná,32876,Tambaqui,9.2,0.092
2021,41,Paraná,32877,Tilápia,139284.662,897.497
2021,41,Paraná,32878,Traíra e trairão,203.847,1.809
2021,41,Paraná,32879,Truta,1.959,0.023
2021,41,Paraná,32881,Outros peixes,375.347,3.086
2021,41,Paraná,32887,Camarão,102.4,1.588
2021,41,Paraná,32889,"Ostras, vieiras e mexilhões",189.8,2.496
2021,41,Paraná,32891,"Outros produtos (rã, jacaré, siri, caranguejo, lagosta, etc)",,0.015
2021,42,Santa Catarina,32861,Carpa,5438.828,51.675
2021,42,Santa Catarina,32866,Dourado,1.085,0.041
2021,42,Santa Catarina,32868,Lambari,10.72,0.11
2021,42,Santa Catarina,32870,Pacu e patinga,89.087,0.868
2021,42,Santa Catarina,32872,"Pintado, cachara, cachapira e pintachara, surubim",4.02,0.06
2021,42,Santa Catarina,32876,Tambaqui,2.0,0.024
2021,42,Santa Catarina,32877,Tilápia,32294.476,245.224
2021,42,Santa Catarina,32878,Traíra e trairão,33.75,0.289
2021,42,Santa Catarina,32879,Truta,711.249,11.407
2021,42,Santa Catarina,32881,Outros peixes,892.913,7.636
2021,42,Santa Catarina,32887,Camarão,277.888,6.755
2021,42,Santa Catarina,32889,"Ostras, vieiras e mexilhões",10722.597,67.046
2021,42,Santa Catarina,32891,"Outros produtos (rã, jacaré, siri, caranguejo, lagosta, etc)",,0.021
2021,43,Rio Grande do Sul,32861,Carpa,7431.623,74.664
2021,43,Rio Grande do Sul,32865,"Curimatã, curimbatá",31.47,0.463
2021,43,Rio Grande do Sul,32866,Dourado,5.228,0.125
2021,43,Rio Grande do Sul,32868,Lambari,87.325,0.852
2021,43,Rio Grande do Sul,32870,Pacu e patinga,59.25,0.66
2021,43,Rio Grande do Sul,32871,"Piau, piapara, piauçu, piava",47.044,0.569
2021,43,Rio Grande do Sul,32872,"Pintado, cachara, cachapira e pintachara, surubim",9.01,0.153
2021,43,Rio Grande do Sul,32875,"Tambacu, tambatinga",5.92,0.059
2021,43,Rio Grande do Sul,32876,Tambaqui,2.1,0.022
2021,43,Rio Grande do Sul,32877,Tilápia,5272.404,59.782
2021,43,Rio Grande do Sul,32878,Traíra e trairão,210.869,2.606
2021,43,Rio Grande do Sul,32879,Truta,1.0,0.007
2021,43,Rio Grande do Sul,32881,Outros peixes,551.884,5.996
2021,50,Mato Grosso do Sul,32861,Carpa,15.293,0.155
2021,50,Mato Grosso do Sul,32865,"Curimatã, curimbatá",0.1,0.002
2021,50,Mato Grosso do Sul,32868,Lambari,0.819,0.013
2021,50,Mato Grosso do Sul,32869,Matrinxã,8.435,0.122
2021,50,Mato Grosso do Sul,32870,Pacu e patinga,782.569,8.395
2021,50,Mato Grosso do Sul,32871,"Piau, piapara, piauçu, piava",12.947,0.184
2021,50,Mato Grosso do Sul,32872,"Pintado, cachara, cachapira e pintachara, surubim",114.02,1.865
2021,50,Mato Grosso do Sul,32873,Pirapitinga,0.8,0.007
2021,50,Mato Grosso do Sul,32875,"Tambacu, tambatinga",114.714,1.515
2021,50,Mato Grosso do Sul,32876,Tambaqui,42.055,0.414
2021,50,Mato Grosso do Sul,32877,Tilápia,18682.249,121.391
2021,50,Mato Grosso do Sul,32881,Outros peixes,65.461,0.948
2021,50,Mato Grosso do Sul,32891,"Outros produtos (rã, jacaré, siri, caranguejo, lagosta, etc)",,0.807
2021,51,Mato Grosso,32861,Carpa,14.465,0.205
2021,51,Mato Grosso,32866,Dourado,0.5,0.007
2021,51,Mato Grosso,32867,"Jatuarana, piabanha e piracanjuba",254.897,2.837
2021,51,Mato Grosso,32868,Lambari,85.5,0.864
2021,51,Mato Grosso,32869,Matrinxã,54.607,0.805
2021,51,Mato Grosso,32870,Pacu e patinga,218.515,3.517
2021,51,Mato Grosso,32871,"Piau, piapara, piauçu, piava",282.037,2.471
2021,51,Mato Grosso,32872,"Pintado, cachara, cachapira e pintachara, surubim",5647.205,71.458
2021,51,Mato Grosso,32873,Pirapitinga,15.1,0.3
2021,51,Mato Grosso,32874,Pirarucu,38.807,0.881
2021,51,Mato Grosso,32875,"Tambacu, tambatinga",23634.341,225.811
2021,51,Mato Grosso,32876,Tambaqui,3318.44,28.688
2021,51,Mato Grosso,32877,Tilápia,2884.678,22.926
2021,51,Mato Grosso,32878,Traíra e trairão,0.525,0.005
2021,51,Mato Grosso,32880,Tucunaré,0.265,0.003
2021,51,Mato Grosso,32881,Outros peixes,2.0,0.034
2021,52,Goiás,32861,Carpa,1.0,0.016
2021,52,Goiás,32865,"Curimatã, curimbatá",1.2,0.014
2021,52,Goiás,32868,Lambari,133.046,1.213
2021,52,Goiás,32869,Matrinxã,79.475,0.844
2021,52,Goiás,32870,Pacu e patinga,1025.483,11.133
2021,52,Goiás,32871,"Piau, piapara, piauçu, piava",338.258,3.686
2021,52,Goiás,32872,"Pintado, cachara, cachapira e pintachara, surubim",452.341,9.732
2021,52,Goiás,32873,Pirapitinga,187.797,2.057
2021,52,Goiás,32874,Pirarucu,41.511,1.042
2021,52,Goiás,32875,"Tambacu, tambatinga",1519.839,15.961
2021,52,Goiás,32876,Tambaqui,1716.461,18.764
2021,52,Goiás,32877,Tilápia,10432.814,90.759
2021,52,Goiás,32878,Traíra e trairão,1.25,0.014
2021,52,Goiás,32887,Camarão,3.0,0.15
2021,52,Goiás,32891,"Outros produtos (rã, jacaré, siri, caranguejo, lagosta, etc)",,1.024
2021,53,Distrito Federal,32865,"Curimatã, curimbatá",1.09,0.012
2021,53,Distrito Federal,32868,Lambari,1.09,0.012
2021,53,Distrito Federal,32869,Matrinxã,16.602,0.174
2021,53,Distrito Federal,32870,Pacu e patinga,10.16,0.107
2021,53,Distrito Federal,32871,"Piau, piapara, piauçu, piava",5.947,0.062
2021,53,Distrito Federal,32872,"Pintado, cachara, cachapira e pintachara, surubim",80.287,1.437
2021,53,Distrito Federal,32873,Pirapitinga,1.09,0.011
2021,53,Distrito Federal,32875,"Tambacu, tambatinga",13.877,0.175
2021,53,Distrito Federal,32876,Tambaqui,34.692,0.437
2021,53,Distrito Federal,32877,Tilápia,1635.142,17.66
2021,53,Distrito Federal,32881,Outros peixes,16.85,0.177
2022,11,Rondônia,32865,"Curimatã, curimbatá",41.262,0.573
2022,11,Rondônia,32867,"Jatuarana, piabanha e piracanjuba",138.762,1.646
2022,11,Rondônia,32869,Matrinxã,120.465,1.765
2022,11,Rondônia,32870,Pacu e patinga,199.769,2.773
2022,11,Rondônia,32871,"Piau, piapara, piauçu, piava",37.244,0.435
2022,11,Rondônia,32872,"Pintado, cachara, cachapira e pintachara, surubim",2781.424,55.165
2022,11,Rondônia,32873,Pirapitinga,55.165,0.767
2022,11,Rondônia,32874,Pirarucu,1164.297,19.082
2022,11,Rondônia,32875,"Tambacu, tambatinga",1144.519,15.653
2022,11,Rondônia,32876,Tambaqui,50671.449,476.942
2022,11,Rondônia,32877,Tilápia,57.147,0.762
2022,11,Rondônia,32891,"Outros produtos (rã, jacaré, siri, caranguejo, lagosta, etc)",,0.038
2022,12,Acre,32865,"Curimatã, curimbatá",339.94,3.994
2022,12,Acre,32869,Matrinxã,190.82,2.63
2022,12,Acre,32870,Pacu e patinga,10.8,0.103
2022,12,Acre,32871,"Piau, piapara, piauçu, piava",310.566,3.835
2022,12,Acre,32872,"Pintado, cachara, cachapira e pintachara, surubim",48.5,0.67
2022,12,Acre,32873,Pirapitinga,394.794,4.901
2022,12,Acre,32874,Pirarucu,32.83,0.486
2022,12,Acre,32875,"Tambacu, tambatinga",179.312,1.982
2022,12,Acre,32876,Tambaqui,1035.139,12.489
2022,12,Acre,32877,Tilápia,21.64,0.254
2022,12,Acre,32878,Traíra e trairão,7.67,0.058
2022,13,Amazonas,32865,"Curimatã, curimbatá",3.5,0.057
2022,13,Amazonas,32869,Matrinxã,2048.435,25.073
2022,13,Amazonas,32873,Pirapitinga,12.811,0.179
2022,13,Amazonas,32874,Pirarucu,319.665,3.356
2022,13,Amazonas,32876,Tambaqui,5777.108,69.778
2022,14,Roraima,32869,Matrinxã,415.34,4.081
2022,14,Roraima,32876,Tambaqui,11628.0,103.764
2022,15,Pará,32861,Carpa,4.0,0.048
2022,15,Pará,32865,"Curimatã, curimbatá",37.96,0.445
2022,15,Pará,32866,Dourado,2.0,0.04
2022,15,Pará,32867,"Jatuarana, piabanha e piracanjuba",120.52,1.529
2022,15,Pará,32868,Lambari,3.0,0.032
2022,15,Pará,32869,Matrinxã,408.426,5.991
2022,15,Pará,32870,Pacu e patinga,60.4,0.888
2022,15,Pará,32871,"Piau, piapara, piauçu, piava",249.25,3.813
2022,15,Pará,32872,"Pintado, cachara, cachapira e pintachara, surubim",213.65,4.233
2022,15,Pará,32873,Pirapitinga,341.99,4.049
2022,15,Pará,32874,Pirarucu,153.81,3.664
2022,15,Pará,32875,"Tambacu, tambatinga",3492.865,43.558
2022,15,Pará,32876,Tambaqui,8003.56,99.951
2022,15,Pará,32877,Tilápia,845.78,10.8
2022,15,Pará,32878,Traíra e trairão,10.02,0.07
2022,15,Pará,32880,Tucunaré,18.275,0.321
2022,15,Pará,32881,Outros peixes,69.57,0.929
2022,15,Pará,32887,Camarão,145.0,4.35
2022,15,Pará,32889,"Ostras, vieiras e mexilhões",62.192,0.667
2022,16,Amapá,32873,Pirapitinga,125.806,1.549
2022,16,Amapá,32874,Pirarucu,7.351,0.176
2022,16,Amapá,32875,"Tambacu, tambatinga",197.442,2.191
2022,16,Amapá,32876,Tambaqui,601.423,7.625
2022,16,Amapá,32877,Tilápia,82.111,0.821
2022,17,Tocantins,32861,Carpa,0.5,0.01
2022,17,Tocantins,32865,"Curimatã, curimbatá",25.29,0.248
2022,17,Tocantins,32867,"Jatuarana, piabanha e piracanjuba",13.45,0.216
2022,17,Tocantins,32869,Matrinxã,301.14,3.669
2022,17,Tocantins,32870,Pacu e patinga,168.142,2.244
2022,17,Tocantins,32871,"Piau, piapara, piauçu, piava",281.846,3.324
2022,17,Tocantins,32872,"Pintado, cachara, cachapira e pintachara, surubim",1295.928,20.49
2022,17,Tocantins,32873,Pirapitinga,121.44,1.58
2022,17,Tocantins,32874,Pirarucu,85.491,1.632
2022,17,Tocantins,32875,"Tambacu, tambatinga",2818.491,31.7
2022,17,Tocantins,32876,Tambaqui,6031.965,71.763
2022,17,Tocantins,32877,Tilápia,205.665,2.376
2022,17,Tocantins,32878,Traíra e trairão,0.92,0.01
2022,17,Tocantins,32880,Tucunaré,15.46,0.225
2022,17,Tocantins,32881,Outros peixes,66.28,1.061
2022,21,Maranhão,32861,Carpa,9.5,0.084
2022,21,Maranhão,32865,"Curimatã, curimbatá",2198.373,23.265
2022,21,Maranhão,32867,"Jatuarana, piabanha e piracanjuba",36.92,0.47
2022,21,Maranhão,32869,Matrinxã,33.517,0.41
2022,21,Maranhão,32870,Pacu e patinga,1684.296,16.577
2022,21,Maranhão,32871,"Piau, piapara, piauçu, piava",929.206,10.244
2022,21,Maranhão,32872,"Pintado, cachara, cachapira e pintachara, surubim",315.568,3.712
2022,21,Maranhão,32873,Pirapitinga,21.387,0.201
2022,21,Maranhão,32874,Pirarucu,77.144,1.465
2022,21,Maranhão,32875,"Tambacu, tambatinga",8651.902,75.965
2022,21,Maranhão,32876,Tambaqui,10945.615,93.227
2022,21,Maranhão,32877,Tilápia,2927.964,29.863
2022,21,Maranhão,32878,Traíra e trairão,0.685,0.005
2022,21,Maranhão,32881,Outros peixes,253.464,2.519
2022,21,Maranhão,32887,Camarão,423.896,7.975
2022,21,Maranhão,32889,"Ostras, vieiras e mexilhões",24.58,0.175
2022,22,Piauí,32861,Carpa,2.9,0.036
2022,22,Piauí,32865,"Curimatã, curimbatá",52.66,0.569
2022,22,Piauí,32871,"Piau, piapara, piauçu, piava",13.536,0.194
2022,22,Piauí,32872,"Pintado, cachara, cachapira e pintachara, surubim",24.169,0.438
2022,22,Piauí,32874,Pirarucu,1.5,0.028
2022,22,Piauí,32875,"Tambacu, tambatinga",850.228,9.522
2022,22,Piauí,32876,Tambaqui,4610.682,52.556
2022,22,Piauí,32877,Tilápia,4688.896,49.115
2022,22,Piauí,32878,Traíra e trairão,1.56,0.022
2022,22,Piauí,32881,Outros peixes,213.476,2.685
2022,22,Piauí,32887,Camarão,2947.434,54.119
2022,23,Ceará,32861,Carpa,0.717,0.008
2022,23,Ceará,32865,"Curimatã, curimbatá",24.565,0.128
2022,23,Ceará,32871,"Piau, piapara, piauçu, piava",4.3,0.053
2022,23,Ceará,32874,Pirarucu,0.127,0.002
2022,23,Ceará,32876,Tambaqui,10.941,0.139
2022,23,Ceará,32877,Tilápia,7907.533,76.647
2022,23,Ceará,32881,Outros peixes,0.32,0.004
2022,23,Ceará,32887,Camarão,60764.25,1063.314
2022,24,Rio Grande do Norte,32861,Carpa,20.0,0.12
2022,24,Rio Grande do Norte,32865,"Curimatã, curimbatá",204.834,1.296
2022,24,Rio Grande do Norte,32871,"Piau, piapara, piauçu, piava",7.68,0.052
2022,24,Rio Grande do Norte,32876,Tambaqui,241.019,0.938
2022,24,Rio Grande do Norte,32877,Tilápia,2244.236,29.464
2022,24,Rio Grande do Norte,32878,Traíra e trairão,74.487,0.374
2022,24,Rio Grande do Norte,32880,Tucunaré,31.346,0.274
2022,24,Rio Grande do Norte,32881,Outros peixes,3.148,0.019
2022,24,Rio Grande do Norte,32887,Camarão,25195.927,635.175
2022,24,Rio Grande do Norte,32889,"Ostras, vieiras e mexilhões",60.0,1.002
2022,25,Paraíba,32865,"Curimatã, curimbatá",0.374,0.004
2022,25,Paraíba,32871,"Piau, piapara, piauçu, piava",0.501,0.006
2022,25,Paraíba,32876,Tambaqui,14.16,0.165
2022,25,Paraíba,32877,Tilápia,3989.638,41.376
2022,25,Paraíba,32878,Traíra e trairão,0.415,0.003
2022,25,Paraíba,32880,Tucunaré,0.822,0.012
2022,25,Paraíba,32887,Camarão,7221.4,142.009
2022,25,Paraíba,32889,"Ostras, vieiras e mexilhões",24.0,0.288
2022,26,Pernambuco,32861,Carpa,43.84,0.451
2022,26,Pernambuco,32865,"Curimatã, curimbatá",15.724,0.19
2022,26,Pernambuco,32866,Dourado,1.0,0.019
2022,26,Pernambuco,32871,"Piau, piapara, piauçu, piava",8.1,0.057
2022,26,Pernambuco,32872,"Pintado, cachara, cachapira e pintachara, surubim",5.5,0.113
2022,26,Pernambuco,32874,Pirarucu,0.183,0.002
2022,26,Pernambuco,32876,Tambaqui,162.013,2.078
2022,26,Pernambuco,32877,Tilápia,29078.652,352.237
2022,26,Pernambuco,32878,Traíra e trairão,45.784,0.553
2022,26,Pernambuco,32880,Tucunaré,1.51,0.019
2022,26,Pernambuco,32881,Outros peixes,3.12,0.044
2022,26,Pernambuco,32887,Camarão,4458.483,89.088
2022,26,Pernambuco,32889,"Ostras, vieiras e mexilhões",59.5,1.05
2022,26,Pernambuco,32891,"Outros produtos (rã, jacaré, siri, caranguejo, lagosta, etc)",,0.008
2022,27,Alagoas,32861,Carpa,25.3,0.343
2022,27,Alagoas,32865,"Curimatã, curimbatá",17.47,0.213
2022,27,Alagoas,32868,Lambari,0.82,0.01
2022,27,Alagoas,32871,"Piau, piapara, piauçu, piava",1.86,0.016
2022,27,Alagoas,32872,"Pintado, cachara, cachapira e pintachara, surubim",13.2,0.396
2022,27,Alagoas,32874,Pirarucu,0.3,0.006
2022,27,Alagoas,32875,"Tambacu, tambatinga",12.0,0.102
2022,27,Alagoas,32876,Tambaqui,2669.67,30.342
2022,27,Alagoas,32877,Tilápia,7983.55,98.94
2022,27,Alagoas,32878,Traíra e trairão,34.24,0.423
2022,27,Alagoas,32880,Tucunaré,1.5,0.019
2022,27,Alagoas,32881,Outros peixes,13.0,0.133
2022,27,Alagoas,32887,Camarão,1571.58,42.681
2022,27,Alagoas,32889,"Ostras, vieiras e mexilhões",12.5,0.345
2022,28,Sergipe,32861,Carpa,2.0,0.017
2022,28,Sergipe,32869,Matrinxã,20.86,0.158
2022,28,Sergipe,32872,"Pintado, cachara, cachapira e pintachara, surubim",21.97,0.443
2022,28,Sergipe,32874,Pirarucu,0.35,0.009
2022,28,Sergipe,32875,"Tambacu, tambatinga",2.82,0.024
2022,28,Sergipe,32876,Tambaqui,757.935,5.936
2022,28,Sergipe,32877,Tilápia,431.55,4.504
2022,28,Sergipe,32878,Traíra e trairão,0.3,0.003
2022,28,Sergipe,32881,Outros peixes,13.725,0.261
2022,28,Sergipe,32887,Camarão,5206.365,92.268
2022,28,Sergipe,32889,"Ostras, vieiras e mexilhões",5.427,0.16
2022,29,Bahia,32861,Carpa,62.17,0.765
2022,29,Bahia,32865,"Curimatã, curimbatá",32.523,0.483
2022,29,Bahia,32866,Dourado,1.33,0.029
2022,29,Bahia,32871,"Piau, piapara, piauçu, piava",1.9,0.039
2022,29,Bahia,32872,"Pintado, cachara, cachapira e pintachara, surubim",104.435,1.253
2022,29,Bahia,32873,Pirapitinga,1.5,0.017
2022,29,Bahia,32874,Pirarucu,58.606,1.106
2022,29,Bahia,32875,"Tambacu, tambatinga",951.86,6.666
2022,29,Bahia,32876,Tambaqui,1097.62,10.404
2022,29,Bahia,32877,Tilápia,8108.987,77.438
2022,29,Bahia,32878,Traíra e trairão,40.1,0.574
2022,29,Bahia,32880,Tucunaré,23.498,0.35
2022,29,Bahia,32881,Outros peixes,5.8,0.058
2022,29,Bahia,32887,Camarão,4601.7,79.371
2022,29,Bahia,32889,"Ostras, vieiras e mexilhões",33.328,0.443
2022,31,Minas Gerais,32861,Carpa,15.71,0.182
2022,31,Minas Gerais,32865,"Curimatã, curimbatá",0.667,0.007
2022,31,Minas Gerais,32868,Lambari,67.495,0.782
2022,31,Minas Gerais,32869,Matrinxã,17.652,0.206
2022,31,Minas Gerais,32870,Pacu e patinga,79.103,0.849
2022,31,Minas Gerais,32871,"Piau, piapara, piauçu, piava",21.389,0.226
2022,31,Minas Gerais,32872,"Pintado, cachara, cachapira e pintachara, surubim",166.254,3.232
2022,31,Minas Gerais,32873,Pirapitinga,0.84,0.012
2022,31,Minas Gerais,32874,Pirarucu,0.685,0.01
2022,31,Minas Gerais,32875,"Tambacu, tambatinga",46.489,0.609
2022,31,Minas Gerais,32876,Tambaqui,321.421,4.092
2022,31,Minas Gerais,32877,Tilápia,35686.909,323.078
2022,31,Minas Gerais,32878,Traíra e trairão,4.365,0.059
2022,31,Minas Gerais,32879,Truta,1113.89,23.957
2022,31,Minas Gerais,32880,Tucunaré,0.401,0.008
2022,31,Minas Gerais,32881,Outros peixes,5.88,0.078
2022,31,Minas Gerais,32891,"Outros produtos (rã, jacaré, siri, caranguejo, lagosta, etc)",,1.21
2022,32,Espírito Santo,32861,Carpa,6.935,0.073
2022,32,Espírito Santo,32865,"Curimatã, curimbatá",1.95,0.02
2022,32,Espírito Santo,32868,Lambari,0.88,0.009
2022,32,Espírito Santo,32870,Pacu e patinga,0.876,0.009
2022,32,Espírito Santo,32871,"Piau, piapara, piauçu, piava",1.703,0.019
2022,32,Espírito Santo,32872,"Pintado, cachara, cachapira e pintachara, surubim",1.365,0.016
2022,32,Espírito Santo,32874,Pirarucu,3.09,0.037
2022,32,Espírito Santo,32875,"Tambacu, tambatinga",0.886,0.011
2022,32,Espírito Santo,32876,Tambaqui,17.295,0.201
2022,32,Espírito Santo,32877,Tilápia,5410.98,54.329
2022,32,Espírito Santo,32878,Traíra e trairão,2.1,0.021
2022,32,Espírito Santo,32881,Outros peixes,0.08,0.001
2022,32,Espírito Santo,32887,Camarão,12.9,0.388
2022,32,Espírito Santo,32891,"Outros produtos (rã, jacaré, siri, caranguejo, lagosta, etc)",,0.056
2022,33,Rio de Janeiro,32861,Carpa,51.2,0.671
2022,33,Rio de Janeiro,32865,"Curimatã, curimbatá",4.4,0.066
2022,33,Rio de Janeiro,32866,Dourado,0.15,0.005
2022,33,Rio de Janeiro,32868,Lambari,0.2,0.005
2022,33,Rio de Janeiro,32869,Matrinxã,1.45,0.021
2022,33,Rio de Janeiro,32870,Pacu e patinga,5.159,0.063
2022,33,Rio de Janeiro,32872,"Pintado, cachara, cachapira e pintachara, surubim",0.06,0.002
2022,33,Rio de Janeiro,32875,"Tambacu, tambatinga",28.436,0.418
2022,33,Rio de Janeiro,32876,Tambaqui,13.71,0.187
2022,33,Rio de Janeiro,32877,Tilápia,1939.46,22.937
2022,33,Rio de Janeiro,32878,Traíra e trairão,5.17,0.103
2022,33,Rio de Janeiro,32879,Truta,33.55,1.094
2022,33,Rio de Janeiro,32880,Tucunaré,7.714,0.091
2022,33,Rio de Janeiro,32881,Outros peixes,25.494,0.871
2022,33,Rio de Janeiro,32887,Camarão,12.4,0.693
2022,33,Rio de Janeiro,32889,"Ostras, vieiras e mexilhões",29.451,1.265
2022,33,Rio de Janeiro,32891,"Outros produtos (rã, jacaré, siri, caranguejo, lagosta, etc)",,0.752
2022,35,São Paulo,32861,Carpa,99.812,1.069
2022,35,São Paulo,32865,"Curimatã, curimbatá",55.9,0.552
2022,35,São Paulo,32866,Dourado,53.279,1.281
2022,35,São Paulo,32867,"Jatuarana, piabanha e piracanjuba",2.9,0.022
2022,35,São Paulo,32868,Lambari,126.92,2.041
2022,35,São Paulo,32869,Matrinxã,52.53,0.722
2022,35,São Paulo,32870,Pacu e patinga,1638.293,20.074
2022,35,São Paulo,32871,"Piau, piapara, piauçu, piava",90.36,1.338
2022,35,São Paulo,32872,"Pintado, cachara, cachapira e pintachara, surubim",97.66,2.028
2022,35,São Paulo,32873,Pirapitinga,137.5,1.924
2022,35,São Paulo,32875,"Tambacu, tambatinga",273.4,3.688
2022,35,São Paulo,32876,Tambaqui,49.136,0.987
2022,35,São Paulo,32877,Tilápia,55378.572,434.559
2022,35,São Paulo,32878,Traíra e trairão,130.0,0.8
2022,35,São Paulo,32879,Truta,50.41,1.235
2022,35,São Paulo,32881,Outros peixes,440.46,4.072
2022,35,São Paulo,32887,Camarão,0.3,0.024
2022,35,São Paulo,32889,"Ostras, vieiras e mexilhões",104.4,2.549
2022,35,São Paulo,32891,"Outros produtos (rã, jacaré, siri, caranguejo, lagosta, etc)",,0.061
2022,41,Paraná,32861,Carpa,2908.396,27.586
2022,41,Paraná,32865,"Curimatã, curimbatá",22.04,0.306
2022,41,Paraná,32866,Dourado,3.208,0.073
2022,41,Paraná,32868,Lambari,7.84,0.094
2022,41,Paraná,32869,Matrinxã,3.168,0.039
2022,41,Paraná,32870,Pacu e patinga,1801.839,21.299
2022,41,Paraná,32871,"Piau, piapara, piauçu, piava",123.096,1.253
2022,41,Paraná,32872,"Pintado, cachara, cachapira e pintachara, surubim",5.02,0.107
2022,41,Paraná,32875,"Tambacu, tambatinga",183.811,1.602
2022,41,Paraná,32876,Tambaqui,4.726,0.057
2022,41,Paraná,32877,Tilápia,160263.887,1150.896
2022,41,Paraná,32878,Traíra e trairão,198.395,2.051
2022,41,Paraná,32879,Truta,2.448,0.033
2022,41,Paraná,32881,Outros peixes,326.358,2.993
2022,41,Paraná,32887,Camarão,63.39,1.293
2022,41,Paraná,32889,"Ostras, vieiras e mexilhões",153.802,2.307
2022,41,Paraná,32891,"Outros produtos (rã, jacaré, siri, caranguejo, lagosta, etc)",,0.281
2022,42,Santa Catarina,32861,Carpa,5215.391,57.507
2022,42,Santa Catarina,32866,Dourado,1.401,0.049
2022,42,Santa Catarina,32868,Lambari,13.65,0.15
2022,42,Santa Catarina,32870,Pacu e patinga,85.843,0.986
2022,42,Santa Catarina,32872,"Pintado, cachara, cachapira e pintachara, surubim",35.63,0.702
2022,42,Santa Catarina,32876,Tambaqui,2.13,0.03
2022,42,Santa Catarina,32877,Tilápia,34029.353,298.34
2022,42,Santa Catarina,32878,Traíra e trairão,31.712,0.299
2022,42,Santa Catarina,32879,Truta,496.425,9.136
2022,42,Santa Catarina,32881,Outros peixes,772.148,7.295
2022,42,Santa Catarina,32887,Camarão,213.1,6.936
2022,42,Santa Catarina,32889,"Ostras, vieiras e mexilhões",9409.3,90.163
2022,43,Rio Grande do Sul,32861,Carpa,7249.943,78.6
2022,43,Rio Grande do Sul,32865,"Curimatã, curimbatá",6.074,0.088
2022,43,Rio Grande do Sul,32866,Dourado,4.48,0.113
2022,43,Rio Grande do Sul,32868,Lambari,83.461,1.152
2022,43,Rio Grande do Sul,32870,Pacu e patinga,43.9,0.528
2022,43,Rio Grande do Sul,32871,"Piau, piapara, piauçu, piava",29.149,0.368
2022,43,Rio Grande do Sul,32872,"Pintado, cachara, cachapira e pintachara, surubim",7.651,0.138
2022,43,Rio Grande do Sul,32875,"Tambacu, tambatinga",2.63,0.033
2022,43,Rio Grande do Sul,32876,Tambaqui,2.6,0.032
2022,43,Rio Grande do Sul,32877,Tilápia,5291.667,65.438
2022,43,Rio Grande do Sul,32878,Traíra e trairão,204.771,2.801
2022,43,Rio Grande do Sul,32879,Truta,0.975,0.008
2022,43,Rio Grande do Sul,32881,Outros peixes,511.861,6.66
2022,50,Mato Grosso do Sul,32861,Carpa,12.545,0.153
2022,50,Mato Grosso do Sul,32865,"Curimatã, curimbatá",0.5,0.011
2022,50,Mato Grosso do Sul,32868,Lambari,0.77,0.016
2022,50,Mato Grosso do Sul,32869,Matrinxã,6.135,0.099
2022,50,Mato Grosso do Sul,32870,Pacu e patinga,449.059,5.834
2022,50,Mato Grosso do Sul,32871,"Piau, piapara, piauçu, piava",6.163,0.104
2022,50,Mato Grosso do Sul,32872,"Pintado, cachara, cachapira e pintachara, surubim",105.56,2.044
2022,50,Mato Grosso do Sul,32873,Pirapitinga,0.5,0.005
2022,50,Mato Grosso do Sul,32875,"Tambacu, tambatinga",97.53,1.473
2022,50,Mato Grosso do Sul,32876,Tambaqui,26.71,0.353
2022,50,Mato Grosso do Sul,32877,Tilápia,28402.287,207.632
2022,50,Mato Grosso do Sul,32881,Outros peixes,27.681,0.435
2022,50,Mato Grosso do Sul,32891,"Outros produtos (rã, jacaré, siri, caranguejo, lagosta, etc)",,0.917
2022,51,Mato Grosso,32861,Carpa,14.665,0.214
2022,51,Mato Grosso,32865,"Curimatã, curimbatá",84.64,1.374
2022,51,Mato Grosso,32867,"Jatuarana, piabanha e piracanjuba",158.44,1.847
2022,51,Mato Grosso,32868,Lambari,20.484,0.191
2022,51,Mato Grosso,32869,Matrinxã,238.518,3.846
2022,51,Mato Grosso,32870,Pacu e patinga,348.616,4.771
2022,51,Mato Grosso,32871,"Piau, piapara, piauçu, piava",394.888,3.675
2022,51,Mato Grosso,32872,"Pintado, cachara, cachapira e pintachara, surubim",5322.673,71.381
2022,51,Mato Grosso,32873,Pirapitinga,36.6,0.47
2022,51,Mato Grosso,32874,Pirarucu,82.47,1.958
2022,51,Mato Grosso,32875,"Tambacu, tambatinga",24838.168,230.654
2022,51,Mato Grosso,32876,Tambaqui,3185.494,29.312
2022,51,Mato Grosso,32877,Tilápia,1969.036,13.387
2022,51,Mato Grosso,32878,Traíra e trairão,0.53,0.006
2022,51,Mato Grosso,32880,Tucunaré,40.285,0.959
2022,51,Mato Grosso,32881,Outros peixes,2.685,0.049
2022,52,Goiás,32861,Carpa,0.5,0.008
2022,52,Goiás,32865,"Curimatã, curimbatá",1.1,0.013
2022,52,Goiás,32868,Lambari,135.974,1.428
2022,52,Goiás,32869,Matrinxã,61.33,0.691
2022,52,Goiás,32870,Pacu e patinga,840.32,9.767
2022,52,Goiás,32871,"Piau, piapara, piauçu, piava",279.892,3.2
2022,52,Goiás,32872,"Pintado, cachara, cachapira e pintachara, surubim",409.412,9.921
2022,52,Goiás,32873,Pirapitinga,159.781,1.812
2022,52,Goiás,32874,Pirarucu,40.348,1.141
2022,52,Goiás,32875,"Tambacu, tambatinga",1403.29,16.082
2022,52,Goiás,32876,Tambaqui,1445.461,16.792
2022,52,Goiás,32877,Tilápia,12159.227,125.312
2022,52,Goiás,32878,Traíra e trairão,1.0,0.011
2022,52,Goiás,32887,Camarão,3.3,0.144
2022,52,Goiás,32891,"Outros produtos (rã, jacaré, siri, caranguejo, lagosta, etc)",,1.06
2022,53,Distrito Federal,32865,"Curimatã, curimbatá",1.13,0.011
2022,53,Distrito Federal,32868,Lambari,1.13,0.011
2022,53,Distrito Federal,32869,Matrinxã,17.185,0.172
2022,53,Distrito Federal,32870,Pacu e patinga,10.515,0.104
2022,53,Distrito Federal,32871,"Piau, piapara, piauçu, piava",6.155,0.055
2022,53,Distrito Federal,32872,"Pintado, cachara, cachapira e pintachara, surubim",83.1,1.205
2022,53,Distrito Federal,32873,Pirapitinga,1.13,0.011
2022,53,Distrito Federal,32875,"Tambacu, tambatinga",14.365,0.142
2022,53,Distrito Federal,32876,Tambaqui,35.906,0.355
2022,53,Distrito Federal,32877,Tilápia,1692.721,15.234
2022,53,Distrito Federal,32881,Outros peixes,17.44,0.173
2023,11,Rondônia,32861,Carpa,0.914,0.013
2023,11,Rondônia,32865,"Curimatã, curimbatá",34.016,0.468
2023,11,Rondônia,32867,"Jatuarana, piabanha e piracanjuba",94.828,1.171
2023,11,Rondônia,32869,Matrinxã,37.443,0.461
2023,11,Rondônia,32870,Pacu e patinga,264.33,3.439
2023,11,Rondônia,32871,"Piau, piapara, piauçu, piava",36.827,0.435
2023,11,Rondônia,32872,"Pintado, cachara, cachapira e pintachara, surubim",2325.607,38.524
2023,11,Rondônia,32873,Pirapitinga,20.859,0.248
2023,11,Rondônia,32874,Pirarucu,915.694,15.021
2023,11,Rondônia,32875,"Tambacu, tambatinga",3517.163,38.339
2023,11,Rondônia,32876,Tambaqui,47140.623,482.722
2023,11,Rondônia,32877,Tilápia,135.484,1.785
2023,11,Rondônia,32881,Outros peixes,46.864,0.575
2023,11,Rondônia,32891,"Outros produtos (rã, jacaré, siri, caranguejo, lagosta, etc)",,0.043
2023,12,Acre,32865,"Curimatã, curimbatá",323.326,4.18
2023,12,Acre,32869,Matrinxã,189.835,2.825
2023,12,Acre,32870,Pacu e patinga,6.0,0.066
2023,12,Acre,32871,"Piau, piapara, piauçu, piava",305.368,4.269
2023,12,Acre,32872,"Pintado, cachara, cachapira e pintachara, surubim",41.206,0.646
2023,12,Acre,32873,Pirapitinga,387.774,5.067
2023,12,Acre,32874,Pirarucu,29.5,0.468
2023,12,Acre,32875,"Tambacu, tambatinga",178.177,2.135
2023,12,Acre,32876,Tambaqui,991.847,13.106
2023,12,Acre,32877,Tilápia,15.455,0.187
2023,13,Amazonas,32865,"Curimatã, curimbatá",3.8,0.057
2023,13,Amazonas,32869,Matrinxã,2243.192,27.803
2023,13,Amazonas,32871,"Piau, piapara, piauçu, piava",15.0,0.3
2023,13,Amazonas,32873,Pirapitinga,213.5,2.607
2023,13,Amazonas,32874,Pirarucu,271.58,3.057
2023,13,Amazonas,32875,"Tambacu, tambatinga",7.7,0.111
2023,13,Amazonas,32876,Tambaqui,6475.064,83.767
2023,14,Roraima,32869,Matrinxã,493.5,5.064
2023,14,Roraima,32876,Tambaqui,14374.3,139.719
2023,15,Pará,32861,Carpa,3.0,0.045
2023,15,Pará,32865,"Curimatã, curimbatá",27.07,0.332
2023,15,Pará,32867,"Jatuarana, piabanha e piracanjuba",158.435,2.032
2023,15,Pará,32868,Lambari,2.0,0.02
2023,15,Pará,32869,Matrinxã,535.682,8.455
2023,15,Pará,32870,Pacu e patinga,60.1,0.876
2023,15,Pará,32871,"Piau, piapara, piauçu, piava",219.73,3.313
2023,15,Pará,32872,"Pintado, cachara, cachapira e pintachara, surubim",219.55,4.443
2023,15,Pará,32873,Pirapitinga,276.4,3.545
2023,15,Pará,32874,Pirarucu,143.7,3.594
2023,15,Pará,32875,"Tambacu, tambatinga",4165.194,53.926
2023,15,Pará,32876,Tambaqui,9263.927,120.175
2023,15,Pará,32877,Tilápia,930.12,12.416
2023,15,Pará,32878,Traíra e trairão,5.0,0.045
2023,15,Pará,32880,Tucunaré,14.28,0.278
2023,15,Pará,32881,Outros peixes,78.442,1.125
2023,15,Pará,32887,Camarão,151.5,3.765
2023,15,Pará,32889,"Ostras, vieiras e mexilhões",124.693,1.833
2023,16,Amapá,32873,Pirapitinga,123.383,1.626
2023,16,Amapá,32874,Pirarucu,6.895,0.172
2023,16,Amapá,32875,"Tambacu, tambatinga",186.488,2.267
2023,16,Amapá,32876,Tambaqui,569.788,7.595
2023,16,Amapá,32877,Tilápia,81.376,0.879
2023,17,Tocantins,32861,Carpa,1.0,0.025
2023,17,Tocantins,32865,"Curimatã, curimbatá",25.145,0.25
2023,17,Tocantins,32867,"Jatuarana, piabanha e piracanjuba",18.45,0.317
2023,17,Tocantins,32869,Matrinxã,307.979,4.062
2023,17,Tocantins,32870,Pacu e patinga,122.794,1.691
2023,17,Tocantins,32871,"Piau, piapara, piauçu, piava",299.249,3.817
2023,17,Tocantins,32872,"Pintado, cachara, cachapira e pintachara, surubim",1365.303,23.851
2023,17,Tocantins,32873,Pirapitinga,136.764,2.079
2023,17,Tocantins,32874,Pirarucu,70.553,1.414
2023,17,Tocantins,32875,"Tambacu, tambatinga",2777.416,34.219
2023,17,Tocantins,32876,Tambaqui,6033.864,77.733
2023,17,Tocantins,32877,Tilápia,356.086,4.282
2023,17,Tocantins,32878,Traíra e trairão,0.936,0.011
2023,17,Tocantins,32880,Tucunaré,15.647,0.247
2023,17,Tocantins,32881,Outros peixes,38.01,0.679
2023,21,Maranhão,32861,Carpa,9.98,0.095
2023,21,Maranhão,32865,"Curimatã, curimbatá",2240.531,23.985
2023,21,Maranhão,32867,"Jatuarana, piabanha e piracanjuba",29.14,0.345
2023,21,Maranhão,32869,Matrinxã,25.051,0.323
2023,21,Maranhão,32870,Pacu e patinga,1808.403,19.816
2023,21,Maranhão,32871,"Piau, piapara, piauçu, piava",945.504,10.759
2023,21,Maranhão,32872,"Pintado, cachara, cachapira e pintachara, surubim",329.345,4.411
2023,21,Maranhão,32873,Pirapitinga,7.411,0.086
2023,21,Maranhão,32874,Pirarucu,79.142,1.619
2023,21,Maranhão,32875,"Tambacu, tambatinga",8840.722,79.603
2023,21,Maranhão,32876,Tambaqui,10646.136,99.951
2023,21,Maranhão,32877,Tilápia,3791.876,40.246
2023,21,Maranhão,32878,Traíra e trairão,0.525,0.004
2023,21,Maranhão,32881,Outros peixes,295.973,2.979
2023,21,Maranhão,32887,Camarão,406.47,7.75
2023,21,Maranhão,32889,"Ostras, vieiras e mexilhões",22.47,0.145
2023,22,Piauí,32861,Carpa,0.25,0.005
2023,22,Piauí,32865,"Curimatã, curimbatá",47.19,0.522
2023,22,Piauí,32871,"Piau, piapara, piauçu, piava",11.5,0.182
2023,22,Piauí,32872,"Pintado, cachara, cachapira e pintachara, surubim",22.528,0.48
2023,22,Piauí,32874,Pirarucu,2.1,0.053
2023,22,Piauí,32875,"Tambacu, tambatinga",1654.897,21.339
2023,22,Piauí,32876,Tambaqui,3929.532,48.872
2023,22,Piauí,32877,Tilápia,6815.868,67.548
2023,22,Piauí,32878,Traíra e trairão,0.17,0.002
2023,22,Piauí,32881,Outros peixes,200.369,2.735
2023,22,Piauí,32887,Camarão,3468.811,63.296
2023,23,Ceará,32861,Carpa,0.11,0.002
2023,23,Ceará,32865,"Curimatã, curimbatá",0.3,0.003
2023,23,Ceará,32871,"Piau, piapara, piauçu, piava",5.0,0.06
2023,23,Ceará,32873,Pirapitinga,0.2,0.003
2023,23,Ceará,32874,Pirarucu,2.214,0.065
2023,23,Ceará,32875,"Tambacu, tambatinga",0.5,0.006
2023,23,Ceará,32876,Tambaqui,15.97,0.214
2023,23,Ceará,32877,Tilápia,11440.647,124.721
2023,23,Ceará,32881,Outros peixes,8.46,0.071
2023,23,Ceará,32887,Camarão,72704.719,1329.848
2023,24,Rio Grande do Norte,32861,Carpa,18.0,0.072
2023,24,Rio Grande do Norte,32865,"Curimatã, curimbatá",198.337,1.242
2023,24,Rio Grande do Norte,32871,"Piau, piapara, piauçu, piava",15.859,0.095
2023,24,Rio Grande do Norte,32876,Tambaqui,206.401,0.873
2023,24,Rio Grande do Norte,32877,Tilápia,2295.806,39.345
2023,24,Rio Grande do Norte,32878,Traíra e trairão,82.447,0.486
2023,24,Rio Grande do Norte,32880,Tucunaré,46.08,0.423
2023,24,Rio Grande do Norte,32881,Outros peixes,14.813,0.131
2023,24,Rio Grande do Norte,32887,Camarão,24737.5,683.55
2023,24,Rio Grande do Norte,32889,"Ostras, vieiras e mexilhões",100.0,2.0
2023,25,Paraíba,32865,"Curimatã, curimbatá",0.355,0.004
2023,25,Paraíba,32871,"Piau, piapara, piauçu, piava",0.55,0.007
2023,25,Paraíba,32876,Tambaqui,12.906,0.166
2023,25,Paraíba,32877,Tilápia,4092.203,46.695
2023,25,Paraíba,32878,Traíra e trairão,0.405,0.003
2023,25,Paraíba,32880,Tucunaré,0.7,0.011
2023,25,Paraíba,32887,Camarão,8217.9,166.617
2023,25,Paraíba,32889,"Ostras, vieiras e mexilhões",25.0,0.3
2023,26,Pernambuco,32861,Carpa,13.821,0.197
2023,26,Pernambuco,32865,"Curimatã, curimbatá",7.509,0.095
2023,26,Pernambuco,32866,Dourado,1.0,0.02
2023,26,Pernambuco,32871,"Piau, piapara, piauçu, piava",3.0,0.036
2023,26,Pernambuco,32872,"Pintado, cachara, cachapira e pintachara, surubim",6.46,0.132
2023,26,Pernambuco,32874,Pirarucu,3.183,0.062
2023,26,Pernambuco,32876,Tambaqui,143.115,2.124
2023,26,Pernambuco,32877,Tilápia,31305.232,398.843
2023,26,Pernambuco,32878,Traíra e trairão,30.612,0.362
2023,26,Pernambuco,32880,Tucunaré,2.35,0.035
2023,26,Pernambuco,32881,Outros peixes,10.2,0.119
2023,26,Pernambuco,32887,Camarão,6910.12,143.8
2023,26,Pernambuco,32889,"Ostras, vieiras e mexilhões",85.0,1.499
2023,26,Pernambuco,32891,"Outros produtos (rã, jacaré, siri, caranguejo, lagosta, etc)",,0.008
2023,27,Alagoas,32861,Carpa,106.14,1.677
2023,27,Alagoas,32865,"Curimatã, curimbatá",18.2,0.259
2023,27,Alagoas,32868,Lambari,1.83,0.026
2023,27,Alagoas,32869,Matrinxã,0.5,0.006
2023,27,Alagoas,32871,"Piau, piapara, piauçu, piava",2.11,0.029
2023,27,Alagoas,32872,"Pintado, cachara, cachapira e pintachara, surubim",13.25,0.251
2023,27,Alagoas,32874,Pirarucu,1.0,0.019
2023,27,Alagoas,32875,"Tambacu, tambatinga",15.0,0.135
2023,27,Alagoas,32876,Tambaqui,2936.697,38.203
2023,27,Alagoas,32877,Tilápia,7327.692,91.641
2023,27,Alagoas,32878,Traíra e trairão,35.241,0.441
2023,27,Alagoas,32880,Tucunaré,1.5,0.03
2023,27,Alagoas,32881,Outros peixes,15.3,0.157
2023,27,Alagoas,32887,Camarão,1641.481,43.085
2023,27,Alagoas,32889,"Ostras, vieiras e mexilhões",10.501,0.241
2023,28,Sergipe,32861,Carpa,0.5,0.005
2023,28,Sergipe,32865,"Curimatã, curimbatá",15.0,0.18
2023,28,Sergipe,32872,"Pintado, cachara, cachapira e pintachara, surubim",3.0,0.048
2023,28,Sergipe,32874,Pirarucu,0.3,0.006
2023,28,Sergipe,32875,"Tambacu, tambatinga",2.037,0.021
2023,28,Sergipe,32876,Tambaqui,1039.955,10.544
2023,28,Sergipe,32877,Tilápia,315.265,3.953
2023,28,Sergipe,32878,Traíra e trairão,0.29,0.003
2023,28,Sergipe,32881,Outros peixes,12.97,0.234
2023,28,Sergipe,32887,Camarão,4104.048,72.616
2023,28,Sergipe,32889,"Ostras, vieiras e mexilhões",5.128,0.156
2023,29,Bahia,32861,Carpa,102.386,1.006
2023,29,Bahia,32865,"Curimatã, curimbatá",72.929,0.841
2023,29,Bahia,32866,Dourado,1.464,0.035
2023,29,Bahia,32870,Pacu e patinga,0.2,0.002
2023,29,Bahia,32871,"Piau, piapara, piauçu, piava",3.138,0.057
2023,29,Bahia,32872,"Pintado, cachara, cachapira e pintachara, surubim",164.367,2.298
2023,29,Bahia,32873,Pirapitinga,5.0,0.05
2023,29,Bahia,32874,Pirarucu,58.565,1.083
2023,29,Bahia,32875,"Tambacu, tambatinga",1113.602,8.386
2023,29,Bahia,32876,Tambaqui,1467.24,15.36
2023,29,Bahia,32877,Tilápia,12457.56,134.132
2023,29,Bahia,32878,Traíra e trairão,54.776,0.739
2023,29,Bahia,32880,Tucunaré,113.79,1.523
2023,29,Bahia,32881,Outros peixes,7.35,0.094
2023,29,Bahia,32887,Camarão,4793.534,101.953
2023,29,Bahia,32889,"Ostras, vieiras e mexilhões",33.149,0.472
2023,31,Minas Gerais,32861,Carpa,16.957,0.219
2023,31,Minas Gerais,32865,"Curimatã, curimbatá",0.668,0.008
2023,31,Minas Gerais,32868,Lambari,66.303,0.922
2023,31,Minas Gerais,32869,Matrinxã,16.757,0.205
2023,31,Minas Gerais,32870,Pacu e patinga,76.797,0.913
2023,31,Minas Gerais,32871,"Piau, piapara, piauçu, piava",24.23,0.302
2023,31,Minas Gerais,32872,"Pintado, cachara, cachapira e pintachara, surubim",172.119,3.508
2023,31,Minas Gerais,32873,Pirapitinga,0.684,0.011
2023,31,Minas Gerais,32874,Pirarucu,0.58,0.009
2023,31,Minas Gerais,32875,"Tambacu, tambatinga",53.141,0.701
2023,31,Minas Gerais,32876,Tambaqui,361.04,4.698
2023,31,Minas Gerais,32877,Tilápia,45502.195,458.255
2023,31,Minas Gerais,32878,Traíra e trairão,4.516,0.059
2023,31,Minas Gerais,32879,Truta,1073.09,24.137
2023,31,Minas Gerais,32880,Tucunaré,0.4,0.007
2023,31,Minas Gerais,32881,Outros peixes,4.371,0.075
2023,31,Minas Gerais,32891,"Outros produtos (rã, jacaré, siri, caranguejo, lagosta, etc)",,1.271
2023,32,Espírito Santo,32861,Carpa,5.463,0.058
2023,32,Espírito Santo,32865,"Curimatã, curimbatá",2.13,0.023
2023,32,Espírito Santo,32868,Lambari,0.7,0.007
2023,32,Espírito Santo,32870,Pacu e patinga,0.4,0.004
2023,32,Espírito Santo,32871,"Piau, piapara, piauçu, piava",1.85,0.021
2023,32,Espírito Santo,32872,"Pintado, cachara, cachapira e pintachara, surubim",1.195,0.014
2023,32,Espírito Santo,32874,Pirarucu,2.505,0.031
2023,32,Espírito Santo,32875,"Tambacu, tambatinga",0.65,0.01
2023,32,Espírito Santo,32876,Tambaqui,17.84,0.216
2023,32,Espírito Santo,32877,Tilápia,6319.77,67.534
2023,32,Espírito Santo,32878,Traíra e trairão,2.1,0.022
2023,32,Espírito Santo,32881,Outros peixes,0.08,0.001
2023,32,Espírito Santo,32887,Camarão,12.475,0.429
2023,32,Espírito Santo,32891,"Outros produtos (rã, jacaré, siri, caranguejo, lagosta, etc)",,0.06
2023,33,Rio de Janeiro,32861,Carpa,49.78,0.745
2023,33,Rio de Janeiro,32865,"Curimatã, curimbatá",4.235,0.064
2023,33,Rio de Janeiro,32866,Dourado,0.04,0.002
2023,33,Rio de Janeiro,32868,Lambari,0.2,0.005
2023,33,Rio de Janeiro,32869,Matrinxã,1.53,0.022
2023,33,Rio de Janeiro,32870,Pacu e patinga,0.2,0.003
2023,33,Rio de Janeiro,32872,"Pintado, cachara, cachapira e pintachara, surubim",0.34,0.008
2023,33,Rio de Janeiro,32875,"Tambacu, tambatinga",20.301,0.345
2023,33,Rio de Janeiro,32876,Tambaqui,11.892,0.191
2023,33,Rio de Janeiro,32877,Tilápia,1767.972,23.33
2023,33,Rio de Janeiro,32878,Traíra e trairão,4.7,0.054
2023,33,Rio de Janeiro,32879,Truta,32.36,1.171
2023,33,Rio de Janeiro,32880,Tucunaré,2.6,0.029
2023,33,Rio de Janeiro,32881,Outros peixes,26.712,0.933
2023,33,Rio de Janeiro,32887,Camarão,12.0,0.648
2023,33,Rio de Janeiro,32889,"Ostras, vieiras e mexilhões",30.54,1.374
2023,33,Rio de Janeiro,32891,"Outros produtos (rã, jacaré, siri, caranguejo, lagosta, etc)",,0.755
2023,35,São Paulo,32861,Carpa,99.32,1.1
2023,35,São Paulo,32865,"Curimatã, curimbatá",53.9,0.577
2023,35,São Paulo,32866,Dourado,53.8,1.371
2023,35,São Paulo,32867,"Jatuarana, piabanha e piracanjuba",3.0,0.024
2023,35,São Paulo,32868,Lambari,68.12,0.812
2023,35,São Paulo,32869,Matrinxã,53.555,0.749
2023,35,São Paulo,32870,Pacu e patinga,2154.461,23.701
2023,35,São Paulo,32871,"Piau, piapara, piauçu, piava",86.72,1.252
2023,35,São Paulo,32872,"Pintado, cachara, cachapira e pintachara, surubim",98.225,2.161
2023,35,São Paulo,32873,Pirapitinga,140.1,2.031
2023,35,São Paulo,32875,"Tambacu, tambatinga",262.8,3.359
2023,35,São Paulo,32876,Tambaqui,12.655,0.126
2023,35,São Paulo,32877,Tilápia,56732.278,534.973
2023,35,São Paulo,32878,Traíra e trairão,130.0,0.8
2023,35,São Paulo,32879,Truta,50.92,1.25
2023,35,São Paulo,32881,Outros peixes,1072.85,9.013
2023,35,São Paulo,32889,"Ostras, vieiras e mexilhões",56.4,1.365
2023,35,São Paulo,32891,"Outros produtos (rã, jacaré, siri, caranguejo, lagosta, etc)",,0.059
2023,41,Paraná,32861,Carpa,2775.081,30.423
2023,41,Paraná,32865,"Curimatã, curimbatá",11.63,0.137
2023,41,Paraná,32866,Dourado,3.005,0.068
2023,41,Paraná,32868,Lambari,7.725,0.095
2023,41,Paraná,32869,Matrinxã,3.402,0.043
2023,41,Paraná,32870,Pacu e patinga,1830.392,24.022
2023,41,Paraná,32871,"Piau, piapara, piauçu, piava",112.946,1.314
2023,41,Paraná,32872,"Pintado, cachara, cachapira e pintachara, surubim",4.98,0.119
2023,41,Paraná,32875,"Tambacu, tambatinga",228.267,2.59
2023,41,Paraná,32876,Tambaqui,8.19,0.096
2023,41,Paraná,32877,Tilápia,166071.091,1330.446
2023,41,Paraná,32878,Traíra e trairão,195.076,2.073
2023,41,Paraná,32879,Truta,2.327,0.033
2023,41,Paraná,32881,Outros peixes,299.326,2.993
2023,41,Paraná,32887,Camarão,62.0,1.55
2023,41,Paraná,32889,"Ostras, vieiras e mexilhões",166.78,3.974
2023,41,Paraná,32891,"Outros produtos (rã, jacaré, siri, caranguejo, lagosta, etc)",,0.812
2023,42,Santa Catarina,32861,Carpa,5152.318,61.342
2023,42,Santa Catarina,32866,Dourado,1.284,0.047
2023,42,Santa Catarina,32867,"Jatuarana, piabanha e piracanjuba",0.2,0.002
2023,42,Santa Catarina,32868,Lambari,20.406,0.262
2023,42,Santa Catarina,32870,Pacu e patinga,83.833,1.013
2023,42,Santa Catarina,32872,"Pintado, cachara, cachapira e pintachara, surubim",2.125,0.028
2023,42,Santa Catarina,32876,Tambaqui,2.1,0.032
2023,42,Santa Catarina,32877,Tilápia,35727.127,341.813
2023,42,Santa Catarina,32878,Traíra e trairão,32.444,0.332
2023,42,Santa Catarina,32879,Truta,484.67,9.195
2023,42,Santa Catarina,32881,Outros peixes,825.767,8.441
2023,42,Santa Catarina,32887,Camarão,223.0,6.936
2023,42,Santa Catarina,32889,"Ostras, vieiras e mexilhões",7193.0,73.504
2023,43,Rio Grande do Sul,32861,Carpa,6706.031,78.746
2023,43,Rio Grande do Sul,32865,"Curimatã, curimbatá",5.829,0.097
2023,43,Rio Grande do Sul,32866,Dourado,3.471,0.095
2023,43,Rio Grande do Sul,32868,Lambari,53.056,0.75
2023,43,Rio Grande do Sul,32870,Pacu e patinga,36.629,0.46
2023,43,Rio Grande do Sul,32871,"Piau, piapara, piauçu, piava",24.967,0.346
2023,43,Rio Grande do Sul,32872,"Pintado, cachara, cachapira e pintachara, surubim",6.868,0.134
2023,43,Rio Grande do Sul,32875,"Tambacu, tambatinga",0.6,0.007
2023,43,Rio Grande do Sul,32876,Tambaqui,2.7,0.034
2023,43,Rio Grande do Sul,32877,Tilápia,5960.417,75.137
2023,43,Rio Grande do Sul,32878,Traíra e trairão,182.42,2.596
2023,43,Rio Grande do Sul,32879,Truta,1.0,0.008
2023,43,Rio Grande do Sul,32881,Outros peixes,381.524,5.167
2023,43,Rio Grande do Sul,32887,Camarão,36.0,0.648
2023,50,Mato Grosso do Sul,32861,Carpa,15.95,0.234
2023,50,Mato Grosso do Sul,32865,"Curimatã, curimbatá",0.27,0.007
2023,50,Mato Grosso do Sul,32868,Lambari,0.728,0.017
2023,50,Mato Grosso do Sul,32869,Matrinxã,5.65,0.099
2023,50,Mato Grosso do Sul,32870,Pacu e patinga,374.073,5.405
2023,50,Mato Grosso do Sul,32871,"Piau, piapara, piauçu, piava",6.685,0.132
2023,50,Mato Grosso do Sul,32872,"Pintado, cachara, cachapira e pintachara, surubim",130.442,2.567
2023,50,Mato Grosso do Sul,32873,Pirapitinga,0.595,0.008
2023,50,Mato Grosso do Sul,32875,"Tambacu, tambatinga",107.628,1.791
2023,50,Mato Grosso do Sul,32876,Tambaqui,28.4,0.416
2023,50,Mato Grosso do Sul,32877,Tilápia,25910.421,208.072
2023,50,Mato Grosso do Sul,32881,Outros peixes,46.64,0.795
2023,50,Mato Grosso do Sul,32891,"Outros produtos (rã, jacaré, siri, caranguejo, lagosta, etc)",,1.091
2023,51,Mato Grosso,32861,Carpa,5.857,0.109
2023,51,Mato Grosso,32865,"Curimatã, curimbatá",57.357,0.959
2023,51,Mato Grosso,32866,Dourado,2.234,0.036
2023,51,Mato Grosso,32867,"Jatuarana, piabanha e piracanjuba",242.148,2.692
2023,51,Mato Grosso,32868,Lambari,6.0,0.09
2023,51,Mato Grosso,32869,Matrinxã,972.58,16.2
2023,51,Mato Grosso,32870,Pacu e patinga,694.301,8.896
2023,51,Mato Grosso,32871,"Piau, piapara, piauçu, piava",745.224,7.955
2023,51,Mato Grosso,32872,"Pintado, cachara, cachapira e pintachara, surubim",6228.311,89.081
2023,51,Mato Grosso,32873,Pirapitinga,233.783,4.676
2023,51,Mato Grosso,32874,Pirarucu,324.272,8.144
2023,51,Mato Grosso,32875,"Tambacu, tambatinga",21712.942,222.091
2023,51,Mato Grosso,32876,Tambaqui,4426.392,49.341
2023,51,Mato Grosso,32877,Tilápia,2807.955,23.342
2023,51,Mato Grosso,32878,Traíra e trairão,0.611,0.007
2023,51,Mato Grosso,32880,Tucunaré,0.301,0.003
2023,51,Mato Grosso,32881,Outros peixes,24.493,0.371
2023,52,Goiás,32861,Carpa,0.45,0.008
2023,52,Goiás,32865,"Curimatã, curimbatá",1.0,0.013
2023,52,Goiás,32868,Lambari,134.515,1.507
2023,52,Goiás,32869,Matrinxã,34.965,0.437
2023,52,Goiás,32870,Pacu e patinga,715.98,9.156
2023,52,Goiás,32871,"Piau, piapara, piauçu, piava",256.38,3.293
2023,52,Goiás,32872,"Pintado, cachara, cachapira e pintachara, surubim",382.207,8.797
2023,52,Goiás,32873,Pirapitinga,146.64,1.806
2023,52,Goiás,32874,Pirarucu,36.522,1.113
2023,52,Goiás,32875,"Tambacu, tambatinga",1397.715,17.854
2023,52,Goiás,32876,Tambaqui,1365.819,16.475
2023,52,Goiás,32877,Tilápia,12578.304,140.95
2023,52,Goiás,32878,Traíra e trairão,0.8,0.008
2023,52,Goiás,32881,Outros peixes,0.5,0.013
2023,52,Goiás,32887,Camarão,2.0,0.13
2023,52,Goiás,32891,"Outros produtos (rã, jacaré, siri, caranguejo, lagosta, etc)",,1.09
2023,53,Distrito Federal,32869,Matrinxã,18.534,0.222
2023,53,Distrito Federal,32870,Pacu e patinga,11.34,0.113
2023,53,Distrito Federal,32871,"Piau, piapara, piauçu, piava",6.638,0.066
2023,53,Distrito Federal,32872,"Pintado, cachara, cachapira e pintachara, surubim",89.624,1.398
2023,53,Distrito Federal,32875,"Tambacu, tambatinga",15.493,0.174
2023,53,Distrito Federal,32876,Tambaqui,38.725,0.436
2023,53,Distrito Federal,32877,Tilápia,1792.467,17.082
2023,53,Distrito Federal,32881,Outros peixes,18.809,0.212
2023,53,Distrito Federal,32887,Camarão,6.0,0.09
2024,11,Rondônia,32861,Carpa,0.948,0.014
2024,11,Rondônia,32865,"Curimatã, curimbatá",32.561,0.453
2024,11,Rondônia,32867,"Jatuarana, piabanha e piracanjuba",100.027,1.366
2024,11,Rondônia,32869,Matrinxã,36.65,0.471
2024,11,Rondônia,32870,Pacu e patinga,232.893,3.079
2024,11,Rondônia,32871,"Piau, piapara, piauçu, piava",32.375,0.391
2024,11,Rondônia,32872,"Pintado, cachara, cachapira e pintachara, surubim",1701.607,28.474
2024,11,Rondônia,32873,Pirapitinga,23.234,0.3
2024,11,Rondônia,32874,Pirarucu,827.052,13.761
2024,11,Rondônia,32875,"Tambacu, tambatinga",3490.476,43.472
2024,11,Rondônia,32876,Tambaqui,52929.242,658.566
2024,11,Rondônia,32877,Tilápia,140.749,1.919
2024,11,Rondônia,32881,Outros peixes,49.62,0.637
2024,11,Rondônia,32891,"Outros produtos (rã, jacaré, siri, caranguejo, lagosta, etc)",,0.047
2024,12,Acre,32865,"Curimatã, curimbatá",297.663,4.848
2024,12,Acre,32869,Matrinxã,183.408,3.184
2024,12,Acre,32870,Pacu e patinga,5.9,0.083
2024,12,Acre,32871,"Piau, piapara, piauçu, piava",312.247,5.261
2024,12,Acre,32872,"Pintado, cachara, cachapira e pintachara, surubim",32.175,0.587
2024,12,Acre,32873,Pirapitinga,372.018,5.396
2024,12,Acre,32874,Pirarucu,25.38,0.461
2024,12,Acre,32875,"Tambacu, tambatinga",205.822,2.921
2024,12,Acre,32876,Tambaqui,845.678,12.747
2024,12,Acre,32877,Tilápia,15.734,0.234
2024,13,Amazonas,32865,"Curimatã, curimbatá",9.05,0.181
2024,13,Amazonas,32869,Matrinxã,2888.766,34.125
2024,13,Amazonas,32871,"Piau, piapara, piauçu, piava",100.8,2.218
2024,13,Amazonas,32873,Pirapitinga,265.39,3.362
2024,13,Amazonas,32874,Pirarucu,207.202,2.517
2024,13,Amazonas,32875,"Tambacu, tambatinga",2.5,0.035
2024,13,Amazonas,32876,Tambaqui,8539.592,114.059
2024,14,Roraima,32869,Matrinxã,318.365,4.648
2024,14,Roraima,32874,Pirarucu,17.0,0.238
2024,14,Roraima,32876,Tambaqui,12932.978,152.457
2024,15,Pará,32861,Carpa,2.3,0.031
2024,15,Pará,32865,"Curimatã, curimbatá",23.23,0.299
2024,15,Pará,32867,"Jatuarana, piabanha e piracanjuba",115.72,1.565
2024,15,Pará,32868,Lambari,2.0,0.02
2024,15,Pará,32869,Matrinxã,418.61,7.125
2024,15,Pará,32870,Pacu e patinga,38.0,0.632
2024,15,Pará,32871,"Piau, piapara, piauçu, piava",188.255,3.18
2024,15,Pará,32872,"Pintado, cachara, cachapira e pintachara, surubim",279.98,5.866
2024,15,Pará,32873,Pirapitinga,242.0,3.301
2024,15,Pará,32874,Pirarucu,215.443,5.342
2024,15,Pará,32875,"Tambacu, tambatinga",3915.275,57.817
2024,15,Pará,32876,Tambaqui,9905.237,139.458
2024,15,Pará,32877,Tilápia,994.16,13.49
2024,15,Pará,32878,Traíra e trairão,3.0,0.03
2024,15,Pará,32880,Tucunaré,8.93,0.198
2024,15,Pará,32881,Outros peixes,72.88,1.147
2024,15,Pará,32887,Camarão,112.5,2.733
2024,15,Pará,32889,"Ostras, vieiras e mexilhões",138.63,2.291
2024,16,Amapá,32873,Pirapitinga,130.475,1.894
2024,16,Amapá,32874,Pirarucu,7.281,0.197
2024,16,Amapá,32875,"Tambacu, tambatinga",197.817,2.549
2024,16,Amapá,32876,Tambaqui,625.565,8.912
2024,16,Amapá,32877,Tilápia,85.178,0.958
2024,17,Tocantins,32861,Carpa,1.0,0.025
2024,17,Tocantins,32865,"Curimatã, curimbatá",42.194,0.513
2024,17,Tocantins,32867,"Jatuarana, piabanha e piracanjuba",11.9,0.236
2024,17,Tocantins,32869,Matrinxã,493.283,6.748
2024,17,Tocantins,32870,Pacu e patinga,68.147,1.112
2024,17,Tocantins,32871,"Piau, piapara, piauçu, piava",408.548,5.842
2024,17,Tocantins,32872,"Pintado, cachara, cachapira e pintachara, surubim",1891.605,32.93
2024,17,Tocantins,32873,Pirapitinga,252.272,4.087
2024,17,Tocantins,32874,Pirarucu,45.585,0.935
2024,17,Tocantins,32875,"Tambacu, tambatinga",3916.036,51.045
2024,17,Tocantins,32876,Tambaqui,7387.498,111.47
2024,17,Tocantins,32877,Tilápia,660.51,8.384
2024,17,Tocantins,32878,Traíra e trairão,0.86,0.011
2024,17,Tocantins,32880,Tucunaré,15.0,0.222
2024,17,Tocantins,32881,Outros peixes,32.32,0.649
2024,21,Maranhão,32861,Carpa,9.48,0.095
2024,21,Maranhão,32865,"Curimatã, curimbatá",2419.37,27.245
2024,21,Maranhão,32867,"Jatuarana, piabanha e piracanjuba",18.781,0.206
2024,21,Maranhão,32869,Matrinxã,69.363,0.658
2024,21,Maranhão,32870,Pacu e patinga,2549.372,29.152
2024,21,Maranhão,32871,"Piau, piapara, piauçu, piava",910.951,11.127
2024,21,Maranhão,32872,"Pintado, cachara, cachapira e pintachara, surubim",344.714,4.79
2024,21,Maranhão,32873,Pirapitinga,146.61,1.596
2024,21,Maranhão,32874,Pirarucu,65.611,1.251
2024,21,Maranhão,32875,"Tambacu, tambatinga",9072.088,88.412
2024,21,Maranhão,32876,Tambaqui,11700.738,112.237
2024,21,Maranhão,32877,Tilápia,4657.553,52.33
2024,21,Maranhão,32878,Traíra e trairão,0.2,0.001
2024,21,Maranhão,32881,Outros peixes,322.169,3.155
2024,21,Maranhão,32887,Camarão,336.071,6.557
2024,21,Maranhão,32889,"Ostras, vieiras e mexilhões",7.275,0.095
2024,22,Piauí,32861,Carpa,0.7,0.015
2024,22,Piauí,32865,"Curimatã, curimbatá",48.521,0.561
2024,22,Piauí,32867,"Jatuarana, piabanha e piracanjuba",23.526,0.278
2024,22,Piauí,32871,"Piau, piapara, piauçu, piava",12.459,0.195
2024,22,Piauí,32872,"Pintado, cachara, cachapira e pintachara, surubim",19.942,0.415
2024,22,Piauí,32874,Pirarucu,2.1,0.062
2024,22,Piauí,32875,"Tambacu, tambatinga",1259.717,16.64
2024,22,Piauí,32876,Tambaqui,3898.634,50.694
2024,22,Piauí,32877,Tilápia,6254.105,59.328
2024,22,Piauí,32878,Traíra e trairão,0.12,0.002
2024,22,Piauí,32881,Outros peixes,230.507,3.202
2024,22,Piauí,32887,Camarão,4292.947,85.089
2024,23,Ceará,32861,Carpa,0.995,0.011
2024,23,Ceará,32865,"Curimatã, curimbatá",0.1,0.002
2024,23,Ceará,32869,Matrinxã,0.05,0.001
2024,23,Ceará,32871,"Piau, piapara, piauçu, piava",6.5,0.091
2024,23,Ceará,32873,Pirapitinga,0.1,0.002
2024,23,Ceará,32874,Pirarucu,8.57,0.221
2024,23,Ceará,32876,Tambaqui,19.2,0.213
2024,23,Ceará,32877,Tilápia,14513.539,161.207
2024,23,Ceará,32881,Outros peixes,11.48,0.101
2024,23,Ceará,32887,Camarão,83786.379,1688.492
2024,24,Rio Grande do Norte,32865,"Curimatã, curimbatá",204.554,1.398
2024,24,Rio Grande do Norte,32871,"Piau, piapara, piauçu, piava",10.61,0.084
2024,24,Rio Grande do Norte,32874,Pirarucu,5.0,0.25
2024,24,Rio Grande do Norte,32876,Tambaqui,221.67,1.126
2024,24,Rio Grande do Norte,32877,Tilápia,2297.962,29.876
2024,24,Rio Grande do Norte,32878,Traíra e trairão,85.718,0.537
2024,24,Rio Grande do Norte,32880,Tucunaré,50.962,0.474
2024,24,Rio Grande do Norte,32881,Outros peixes,7.613,0.074
2024,24,Rio Grande do Norte,32887,Camarão,31620.945,701.395
2024,24,Rio Grande do Norte,32889,"Ostras, vieiras e mexilhões",125.0,2.5
2024,25,Paraíba,32865,"Curimatã, curimbatá",0.3,0.004
2024,25,Paraíba,32871,"Piau, piapara, piauçu, piava",0.5,0.007
2024,25,Paraíba,32876,Tambaqui,12.856,0.178
2024,25,Paraíba,32877,Tilápia,4249.395,57.672
2024,25,Paraíba,32878,Traíra e trairão,0.39,0.003
2024,25,Paraíba,32880,Tucunaré,0.6,0.01
2024,25,Paraíba,32887,Camarão,8869.3,183.386
2024,25,Paraíba,32889,"Ostras, vieiras e mexilhões",23.0,0.575
2024,26,Pernambuco,32861,Carpa,12.535,0.186
2024,26,Pernambuco,32865,"Curimatã, curimbatá",7.801,0.105
2024,26,Pernambuco,32871,"Piau, piapara, piauçu, piava",3.24,0.049
2024,26,Pernambuco,32872,"Pintado, cachara, cachapira e pintachara, surubim",6.556,0.13
2024,26,Pernambuco,32874,Pirarucu,3.408,0.083
2024,26,Pernambuco,32876,Tambaqui,148.354,2.255
2024,26,Pernambuco,32877,Tilápia,31735.746,414.669
2024,26,Pernambuco,32878,Traíra e trairão,31.055,0.377
2024,26,Pernambuco,32880,Tucunaré,1.9,0.025
2024,26,Pernambuco,32881,Outros peixes,10.439,0.126
2024,26,Pernambuco,32887,Camarão,6559.718,133.748
2024,26,Pernambuco,32889,"Ostras, vieiras e mexilhões",127.5,2.295
2024,27,Alagoas,32861,Carpa,68.094,1.15
2024,27,Alagoas,32865,"Curimatã, curimbatá",25.3,0.379
2024,27,Alagoas,32868,Lambari,1.0,0.016
2024,27,Alagoas,32869,Matrinxã,3.0,0.045
2024,27,Alagoas,32870,Pacu e patinga,2.0,0.062
2024,27,Alagoas,32871,"Piau, piapara, piauçu, piava",2.0,0.03
2024,27,Alagoas,32872,"Pintado, cachara, cachapira e pintachara, surubim",1.0,0.015
2024,27,Alagoas,32874,Pirarucu,7.0,0.14
2024,27,Alagoas,32875,"Tambacu, tambatinga",50.0,0.475
2024,27,Alagoas,32876,Tambaqui,3301.22,47.196
2024,27,Alagoas,32877,Tilápia,9017.991,134.673
2024,27,Alagoas,32878,Traíra e trairão,36.65,0.482
2024,27,Alagoas,32880,Tucunaré,1.5,0.03
2024,27,Alagoas,32881,Outros peixes,15.0,0.22
2024,27,Alagoas,32887,Camarão,1994.13,59.346
2024,27,Alagoas,32889,"Ostras, vieiras e mexilhões",5.18,0.181
2024,28,Sergipe,32865,"Curimatã, curimbatá",3.642,0.036
2024,28,Sergipe,32872,"Pintado, cachara, cachapira e pintachara, surubim",2.8,0.056
2024,28,Sergipe,32874,Pirarucu,0.3,0.006
2024,28,Sergipe,32875,"Tambacu, tambatinga",2.028,0.022
2024,28,Sergipe,32876,Tambaqui,699.974,7.189
2024,28,Sergipe,32877,Tilápia,310.424,3.925
2024,28,Sergipe,32881,Outros peixes,20.188,0.285
2024,28,Sergipe,32887,Camarão,4188.65,83.872
2024,28,Sergipe,32889,"Ostras, vieiras e mexilhões",4.976,0.174
2024,29,Bahia,32861,Carpa,104.929,0.999
2024,29,Bahia,32865,"Curimatã, curimbatá",80.823,0.937
2024,29,Bahia,32866,Dourado,2.678,0.035
2024,29,Bahia,32869,Matrinxã,0.2,0.002
2024,29,Bahia,32870,Pacu e patinga,0.2,0.002
2024,29,Bahia,32871,"Piau, piapara, piauçu, piava",4.185,0.054
2024,29,Bahia,32872,"Pintado, cachara, cachapira e pintachara, surubim",167.409,2.322
2024,29,Bahia,32873,Pirapitinga,5.065,0.051
2024,29,Bahia,32874,Pirarucu,58.712,1.067
2024,29,Bahia,32875,"Tambacu, tambatinga",1114.089,9.662
2024,29,Bahia,32876,Tambaqui,1486.593,15.63
2024,29,Bahia,32877,Tilápia,12092.644,129.255
2024,29,Bahia,32878,Traíra e trairão,57.675,0.682
2024,29,Bahia,32880,Tucunaré,124.065,1.657
2024,29,Bahia,32881,Outros peixes,7.57,0.091
2024,29,Bahia,32887,Camarão,4816.385,103.618
2024,29,Bahia,32889,"Ostras, vieiras e mexilhões",32.976,0.5
2024,31,Minas Gerais,32861,Carpa,15.914,0.193
2024,31,Minas Gerais,32865,"Curimatã, curimbatá",4.317,0.077
2024,31,Minas Gerais,32866,Dourado,1.0,0.035
2024,31,Minas Gerais,32868,Lambari,66.817,0.95
2024,31,Minas Gerais,32869,Matrinxã,17.942,0.261
2024,31,Minas Gerais,32870,Pacu e patinga,74.143,0.944
2024,31,Minas Gerais,32871,"Piau, piapara, piauçu, piava",24.225,0.317
2024,31,Minas Gerais,32872,"Pintado, cachara, cachapira e pintachara, surubim",202.516,4.014
2024,31,Minas Gerais,32873,Pirapitinga,0.38,0.006
2024,31,Minas Gerais,32874,Pirarucu,0.58,0.009
2024,31,Minas Gerais,32875,"Tambacu, tambatinga",53.567,0.701
2024,31,Minas Gerais,32876,Tambaqui,424.366,5.087
2024,31,Minas Gerais,32877,Tilápia,58480.564,523.528
2024,31,Minas Gerais,32878,Traíra e trairão,9.134,0.155
2024,31,Minas Gerais,32879,Truta,1169.15,26.698
2024,31,Minas Gerais,32880,Tucunaré,0.43,0.008
2024,31,Minas Gerais,32881,Outros peixes,3.1,0.058
2024,31,Minas Gerais,32891,"Outros produtos (rã, jacaré, siri, caranguejo, lagosta, etc)",,1.336
2024,32,Espírito Santo,32861,Carpa,5.611,0.062
2024,32,Espírito Santo,32865,"Curimatã, curimbatá",2.193,0.024
2024,32,Espírito Santo,32868,Lambari,0.7,0.008
2024,32,Espírito Santo,32870,Pacu e patinga,0.4,0.004
2024,32,Espírito Santo,32871,"Piau, piapara, piauçu, piava",1.881,0.022
2024,32,Espírito Santo,32872,"Pintado, cachara, cachapira e pintachara, surubim",1.209,0.015
2024,32,Espírito Santo,32874,Pirarucu,5.528,0.076
2024,32,Espírito Santo,32875,"Tambacu, tambatinga",0.658,0.01
2024,32,Espírito Santo,32876,Tambaqui,18.012,0.226
2024,32,Espírito Santo,32877,Tilápia,7033.222,67.964
2024,32,Espírito Santo,32878,Traíra e trairão,2.1,0.023
2024,32,Espírito Santo,32881,Outros peixes,0.08,0.001
2024,32,Espírito Santo,32887,Camarão,11.35,0.17
2024,32,Espírito Santo,32891,"Outros produtos (rã, jacaré, siri, caranguejo, lagosta, etc)",,0.04
2024,33,Rio de Janeiro,32861,Carpa,65.535,1.184
2024,33,Rio de Janeiro,32865,"Curimatã, curimbatá",4.4,0.07
2024,33,Rio de Janeiro,32866,Dourado,1.0,0.04
2024,33,Rio de Janeiro,32868,Lambari,0.18,0.005
2024,33,Rio de Janeiro,32869,Matrinxã,3.06,0.062
2024,33,Rio de Janeiro,32870,Pacu e patinga,0.17,0.003
2024,33,Rio de Janeiro,32871,"Piau, piapara, piauçu, piava",0.1,0.003
2024,33,Rio de Janeiro,32872,"Pintado, cachara, cachapira e pintachara, surubim",0.36,0.01
2024,33,Rio de Janeiro,32874,Pirarucu,2.1,0.053
2024,33,Rio de Janeiro,32875,"Tambacu, tambatinga",17.555,0.345
2024,33,Rio de Janeiro,32876,Tambaqui,12.7,0.227
2024,33,Rio de Janeiro,32877,Tilápia,1618.0,22.445
2024,33,Rio de Janeiro,32878,Traíra e trairão,3.215,0.066
2024,33,Rio de Janeiro,32879,Truta,33.6,1.234
2024,33,Rio de Janeiro,32880,Tucunaré,2.1,0.043
2024,33,Rio de Janeiro,32881,Outros peixes,28.0,1.12
2024,33,Rio de Janeiro,32887,Camarão,13.0,0.81
2024,33,Rio de Janeiro,32889,"Ostras, vieiras e mexilhões",154.476,2.128
2024,33,Rio de Janeiro,32891,"Outros produtos (rã, jacaré, siri, caranguejo, lagosta, etc)",,1.018
2024,35,São Paulo,32861,Carpa,98.88,1.184
2024,35,São Paulo,32865,"Curimatã, curimbatá",54.71,0.637
2024,35,São Paulo,32866,Dourado,54.42,1.345
2024,35,São Paulo,32867,"Jatuarana, piabanha e piracanjuba",3.2,0.038
2024,35,São Paulo,32868,Lambari,56.063,0.795
2024,35,São Paulo,32869,Matrinxã,54.33,0.789
2024,35,São Paulo,32870,Pacu e patinga,1282.222,14.848
2024,35,São Paulo,32871,"Piau, piapara, piauçu, piava",84.92,1.272
2024,35,São Paulo,32872,"Pintado, cachara, cachapira e pintachara, surubim",104.3,2.089
2024,35,São Paulo,32873,Pirapitinga,136.9,2.053
2024,35,São Paulo,32875,"Tambacu, tambatinga",272.115,3.787
2024,35,São Paulo,32876,Tambaqui,13.51,0.147
2024,35,São Paulo,32877,Tilápia,67058.737,593.922
2024,35,São Paulo,32878,Traíra e trairão,145.0,1.16
2024,35,São Paulo,32879,Truta,52.85,1.268
2024,35,São Paulo,32881,Outros peixes,1076.26,9.347
2024,35,São Paulo,32889,"Ostras, vieiras e mexilhões",57.28,1.873
2024,35,São Paulo,32891,"Outros produtos (rã, jacaré, siri, caranguejo, lagosta, etc)",,0.151
2024,41,Paraná,32861,Carpa,2740.984,33.629
2024,41,Paraná,32865,"Curimatã, curimbatá",10.095,0.121
2024,41,Paraná,32866,Dourado,2.675,0.067
2024,41,Paraná,32868,Lambari,8.029,0.104
2024,41,Paraná,32869,Matrinxã,3.851,0.052
2024,41,Paraná,32870,Pacu e patinga,1360.543,19.161
2024,41,Paraná,32871,"Piau, piapara, piauçu, piava",114.597,1.349
2024,41,Paraná,32872,"Pintado, cachara, cachapira e pintachara, surubim",10.86,0.197
2024,41,Paraná,32875,"Tambacu, tambatinga",242.467,3.019
2024,41,Paraná,32876,Tambaqui,6.95,0.087
2024,41,Paraná,32877,Tilápia,190547.555,1755.992
2024,41,Paraná,32878,Traíra e trairão,194.728,2.254
2024,41,Paraná,32879,Truta,2.285,0.033
2024,41,Paraná,32881,Outros peixes,276.082,3.172
2024,41,Paraná,32887,Camarão,35.0,0.7
2024,41,Paraná,32889,"Ostras, vieiras e mexilhões",180.99,4.163
2024,41,Paraná,32891,"Outros produtos (rã, jacaré, siri, caranguejo, lagosta, etc)",,1.343
2024,42,Santa Catarina,32861,Carpa,5280.055,68.637
2024,42,Santa Catarina,32866,Dourado,0.99,0.025
2024,42,Santa Catarina,32867,"Jatuarana, piabanha e piracanjuba",0.26,0.003
2024,42,Santa Catarina,32868,Lambari,15.66,0.199
2024,42,Santa Catarina,32870,Pacu e patinga,67.726,0.953
2024,42,Santa Catarina,32872,"Pintado, cachara, cachapira e pintachara, surubim",2.382,0.034
2024,42,Santa Catarina,32876,Tambaqui,2.0,0.032
2024,42,Santa Catarina,32877,Tilápia,40795.479,364.034
2024,42,Santa Catarina,32878,Traíra e trairão,27.33,0.316
2024,42,Santa Catarina,32879,Truta,341.745,6.822
2024,42,Santa Catarina,32881,Outros peixes,828.251,9.709
2024,42,Santa Catarina,32887,Camarão,195.3,6.1
2024,42,Santa Catarina,32889,"Ostras, vieiras e mexilhões",8701.28,102.216
2024,43,Rio Grande do Sul,32861,Carpa,5992.643,75.545
2024,43,Rio Grande do Sul,32865,"Curimatã, curimbatá",5.02,0.088
2024,43,Rio Grande do Sul,32866,Dourado,3.12,0.089
2024,43,Rio Grande do Sul,32868,Lambari,47.454,0.709
2024,43,Rio Grande do Sul,32870,Pacu e patinga,34.384,0.499
2024,43,Rio Grande do Sul,32871,"Piau, piapara, piauçu, piava",17.876,0.27
2024,43,Rio Grande do Sul,32872,"Pintado, cachara, cachapira e pintachara, surubim",4.93,0.104
2024,43,Rio Grande do Sul,32875,"Tambacu, tambatinga",0.48,0.006
2024,43,Rio Grande do Sul,32876,Tambaqui,0.1,0.002
2024,43,Rio Grande do Sul,32877,Tilápia,5928.45,74.189
2024,43,Rio Grande do Sul,32878,Traíra e trairão,152.753,2.309
2024,43,Rio Grande do Sul,32879,Truta,0.95,0.01
2024,43,Rio Grande do Sul,32881,Outros peixes,312.27,4.406
2024,50,Mato Grosso do Sul,32861,Carpa,12.2,0.212
2024,50,Mato Grosso do Sul,32865,"Curimatã, curimbatá",0.219,0.006
2024,50,Mato Grosso do Sul,32868,Lambari,2.004,0.044
2024,50,Mato Grosso do Sul,32869,Matrinxã,5.609,0.106
2024,50,Mato Grosso do Sul,32870,Pacu e patinga,269.671,4.834
2024,50,Mato Grosso do Sul,32871,"Piau, piapara, piauçu, piava",5.419,0.112
2024,50,Mato Grosso do Sul,32872,"Pintado, cachara, cachapira e pintachara, surubim",77.397,1.7
2024,50,Mato Grosso do Sul,32873,Pirapitinga,0.208,0.003
2024,50,Mato Grosso do Sul,32875,"Tambacu, tambatinga",129.995,2.609
2024,50,Mato Grosso do Sul,32876,Tambaqui,22.904,0.441
2024,50,Mato Grosso do Sul,32877,Tilápia,21593.88,201.42
2024,50,Mato Grosso do Sul,32881,Outros peixes,56.17,1.128
2024,50,Mato Grosso do Sul,32891,"Outros produtos (rã, jacaré, siri, caranguejo, lagosta, etc)",,1.298
2024,51,Mato Grosso,32861,Carpa,6.07,0.119
2024,51,Mato Grosso,32865,"Curimatã, curimbatá",44.72,0.792
2024,51,Mato Grosso,32866,Dourado,1.05,0.017
2024,51,Mato Grosso,32867,"Jatuarana, piabanha e piracanjuba",168.145,2.023
2024,51,Mato Grosso,32868,Lambari,6.0,0.09
2024,51,Mato Grosso,32869,Matrinxã,1475.548,22.055
2024,51,Mato Grosso,32870,Pacu e patinga,520.869,7.137
2024,51,Mato Grosso,32871,"Piau, piapara, piauçu, piava",502.687,5.789
2024,51,Mato Grosso,32872,"Pintado, cachara, cachapira e pintachara, surubim",7704.336,107.786
2024,51,Mato Grosso,32873,Pirapitinga,134.9,2.762
2024,51,Mato Grosso,32874,Pirarucu,266.655,6.823
2024,51,Mato Grosso,32875,"Tambacu, tambatinga",22465.308,243.605
2024,51,Mato Grosso,32876,Tambaqui,4943.704,54.456
2024,51,Mato Grosso,32877,Tilápia,3346.359,26.805
2024,51,Mato Grosso,32878,Traíra e trairão,0.645,0.008
2024,51,Mato Grosso,32880,Tucunaré,0.345,0.004
2024,51,Mato Grosso,32881,Outros peixes,18.686,0.161
2024,52,Goiás,32861,Carpa,0.375,0.006
2024,52,Goiás,32865,"Curimatã, curimbatá",0.9,0.012
2024,52,Goiás,32868,Lambari,149.78,2.122
2024,52,Goiás,32869,Matrinxã,27.36,0.342
2024,52,Goiás,32870,Pacu e patinga,468.698,6.328
2024,52,Goiás,32871,"Piau, piapara, piauçu, piava",172.718,2.245
2024,52,Goiás,32872,"Pintado, cachara, cachapira e pintachara, surubim",304.46,6.44
2024,52,Goiás,32873,Pirapitinga,121.735,1.653
2024,52,Goiás,32874,Pirarucu,7.5,0.24
2024,52,Goiás,32875,"Tambacu, tambatinga",1140.082,14.888
2024,52,Goiás,32876,Tambaqui,708.2,9.087
2024,52,Goiás,32877,Tilápia,13989.218,137.724
2024,52,Goiás,32881,Outros peixes,15.0,0.195
2024,52,Goiás,32887,Camarão,0.3,0.015
2024,52,Goiás,32891,"Outros produtos (rã, jacaré, siri, caranguejo, lagosta, etc)",,1.12
2024,53,Distrito Federal,32869,Matrinxã,20.133,0.242
2024,53,Distrito Federal,32870,Pacu e patinga,12.318,0.123
2024,53,Distrito Federal,32871,"Piau, piapara, piauçu, piava",7.21,0.072
2024,53,Distrito Federal,32872,"Pintado, cachara, cachapira e pintachara, surubim",97.356,1.558
2024,53,Distrito Federal,32875,"Tambacu, tambatinga",16.829,0.202
2024,53,Distrito Federal,32876,Tambaqui,42.066,0.505
2024,53,Distrito Federal,32877,Tilápia,1947.124,20.25
2024,53,Distrito Federal,32881,Outros peixes,20.431,0.245
