ncm,descricao_hierarquica,vigencia_consultada,fonte
03011110,"Peixes e crustáceos, moluscos e outros invertebrados aquáticos. > Peixes vivos. > -- De água doce > Aruanã (<i>Osteoglossum bicirrhosum</i>)",2026-09-28,Receita Federal / Siscomex
03011190,"Peixes e crustáceos, moluscos e outros invertebrados aquáticos. > Peixes vivos. > -- De água doce > Outros",2026-09-28,Receita Federal / Siscomex
03011900,"Peixes e crustáceos, moluscos e outros invertebrados aquáticos. > Peixes vivos. > -- Outros",2026-09-28,Receita Federal / Siscomex
03019110,"Peixes e crustáceos, moluscos e outros invertebrados aquáticos. > Peixes vivos. > -- Trutas (<i>Salmo trutta, Oncorhynchus mykiss, Oncorhynchus clarki, Oncorhynchus aguabonita, Oncorhynchus gilae, Oncorhynchus apache</i> e <i>Oncorhynchus chrysogaster</i>) > Para reprodução",2026-09-28,Receita Federal / Siscomex
03019190,"Peixes e crustáceos, moluscos e outros invertebrados aquáticos. > Peixes vivos. > -- Trutas (<i>Salmo trutta, Oncorhynchus mykiss, Oncorhynchus clarki, Oncorhynchus aguabonita, Oncorhynchus gilae, Oncorhynchus apache</i> e <i>Oncorhynchus chrysogaster</i>) > Outras",2026-09-28,Receita Federal / Siscomex
03019210,"Peixes e crustáceos, moluscos e outros invertebrados aquáticos. > Peixes vivos. > -- Enguias (<i>Anguilla</i> spp.) > Para reprodução",2026-09-28,Receita Federal / Siscomex
03019290,"Peixes e crustáceos, moluscos e outros invertebrados aquáticos. > Peixes vivos. > -- Enguias (<i>Anguilla</i> spp.) > Outras",2026-09-28,Receita Federal / Siscomex
03019310,"Peixes e crustáceos, moluscos e outros invertebrados aquáticos. > Peixes vivos. > -- Carpas (<i>Cyprinus</i> spp.<i>, Carassius</i> spp.<i>, Ctenopharyngodon idellus, Hypophthalmichthys</i> spp.<i>, Cirrhinus</i> spp.<i>, Mylopharyngodon piceus, Catla catla, Labeo</i> spp.<i>, Osteochilus hasselti, Leptobarbus hoeveni, Megalobrama</i> spp.) > Para reprodução",2026-09-28,Receita Federal / Siscomex
03019390,"Peixes e crustáceos, moluscos e outros invertebrados aquáticos. > Peixes vivos. > -- Carpas (<i>Cyprinus</i> spp.<i>, Carassius</i> spp.<i>, Ctenopharyngodon idellus, Hypophthalmichthys</i> spp.<i>, Cirrhinus</i> spp.<i>, Mylopharyngodon piceus, Catla catla, Labeo</i> spp.<i>, Osteochilus hasselti, Leptobarbus hoeveni, Megalobrama</i> spp.) > Outras",2026-09-28,Receita Federal / Siscomex
03019410,"Peixes e crustáceos, moluscos e outros invertebrados aquáticos. > Peixes vivos. > -- Atuns-azuis (atuns) (<i>Thunnus thynnus, Thunnus orientalis</i>) > Para reprodução",2026-09-28,Receita Federal / Siscomex
03019490,"Peixes e crustáceos, moluscos e outros invertebrados aquáticos. > Peixes vivos. > -- Atuns-azuis (atuns) (<i>Thunnus thynnus, Thunnus orientalis</i>) > Outras",2026-09-28,Receita Federal / Siscomex
03019510,"Peixes e crustáceos, moluscos e outros invertebrados aquáticos. > Peixes vivos. > -- Atum-azul do sul (atum) (<i>Thunnus maccoyii</i>) > Para reprodução",2026-09-28,Receita Federal / Siscomex
03019590,"Peixes e crustáceos, moluscos e outros invertebrados aquáticos. > Peixes vivos. > -- Atum-azul do sul (atum) (<i>Thunnus maccoyii</i>) > Outros",2026-09-28,Receita Federal / Siscomex
03019911,"Peixes e crustáceos, moluscos e outros invertebrados aquáticos. > Peixes vivos. > -- Outros > Tilápias (<i>Tilapia</i> spp.<i>, Oreochromis</i> spp.<i>, Sarotherodon</i> spp.<i>, Danakilia</i> spp.; seus híbridos)",2026-09-28,Receita Federal / Siscomex
03019912,"Peixes e crustáceos, moluscos e outros invertebrados aquáticos. > Peixes vivos. > -- Outros > Esturjões (<i>Acipenser baerii, Acipenser gueldenstaedtii, Acipenser persicus, Acipenser stellatus</i>)",2026-09-28,Receita Federal / Siscomex
03019919,"Peixes e crustáceos, moluscos e outros invertebrados aquáticos. > Peixes vivos. > -- Outros > Outros",2026-09-28,Receita Federal / Siscomex
03019991,"Peixes e crustáceos, moluscos e outros invertebrados aquáticos. > Peixes vivos. > -- Outros > Tilápias (<i>Tilapia</i> spp.<i>, Oreochromis</i> spp.<i>, Sarotherodon</i> spp.<i>, Danakilia</i> spp.; seus híbridos)",2026-09-28,Receita Federal / Siscomex
03019992,"Peixes e crustáceos, moluscos e outros invertebrados aquáticos. > Peixes vivos. > -- Outros > Esturjões (<i>Acipenser baerii, Acipenser gueldenstaedtii, Acipenser persicus, Acipenser stellatus</i>)",2026-09-28,Receita Federal / Siscomex
03019999,"Peixes e crustáceos, moluscos e outros invertebrados aquáticos. > Peixes vivos. > -- Outros > Outros",2026-09-28,Receita Federal / Siscomex
03021100,"Peixes e crustáceos, moluscos e outros invertebrados aquáticos. > Peixes frescos ou refrigerados, exceto os filés (filetes) de peixes e outra carne de peixes da posição 03.04. > -- Trutas (<i>Salmo trutta, Oncorhynchus mykiss, Oncorhynchus clarki, Oncorhynchus aguabonita, Oncorhynchus gilae, Oncorhynchus apache</i> e <i>Oncorhynchus chrysogaster</i>)",2026-09-28,Receita Federal / Siscomex
03021300,"Peixes e crustáceos, moluscos e outros invertebrados aquáticos. > Peixes frescos ou refrigerados, exceto os filés (filetes) de peixes e outra carne de peixes da posição 03.04. > -- Salmões-do-pacífico (<i>Oncorhynchus nerka, Oncorhynchus gorbuscha, Oncorhynchus keta, Oncorhynchus tschawytscha, Oncorhynchus kisutch, Oncorhynchus masou</i> e <i>Oncorhynchus rhodurus</i>)",2026-09-28,Receita Federal / Siscomex
03021400,"Peixes e crustáceos, moluscos e outros invertebrados aquáticos. > Peixes frescos ou refrigerados, exceto os filés (filetes) de peixes e outra carne de peixes da posição 03.04. > -- Salmão-do-atlântico (<i>Salmo salar</i>) e salmão-do-danúbio (<i>Hucho hucho</i>)",2026-09-28,Receita Federal / Siscomex
03021900,"Peixes e crustáceos, moluscos e outros invertebrados aquáticos. > Peixes frescos ou refrigerados, exceto os filés (filetes) de peixes e outra carne de peixes da posição 03.04. > -- Outros",2026-09-28,Receita Federal / Siscomex
03022100,"Peixes e crustáceos, moluscos e outros invertebrados aquáticos. > Peixes frescos ou refrigerados, exceto os filés (filetes) de peixes e outra carne de peixes da posição 03.04. > -- Linguados-gigantes (Alabotes*) (<i>Reinhardtius hippoglossoides, Hippoglossus hippoglossus, Hippoglossus stenolepis</i>)",2026-09-28,Receita Federal / Siscomex
03022200,"Peixes e crustáceos, moluscos e outros invertebrados aquáticos. > Peixes frescos ou refrigerados, exceto os filés (filetes) de peixes e outra carne de peixes da posição 03.04. > -- Solha (<i>Pleuronectes platessa</i>)",2026-09-28,Receita Federal / Siscomex
03022300,"Peixes e crustáceos, moluscos e outros invertebrados aquáticos. > Peixes frescos ou refrigerados, exceto os filés (filetes) de peixes e outra carne de peixes da posição 03.04. > -- Linguados (<i>Solea</i> spp.)",2026-09-28,Receita Federal / Siscomex
03022400,"Peixes e crustáceos, moluscos e outros invertebrados aquáticos. > Peixes frescos ou refrigerados, exceto os filés (filetes) de peixes e outra carne de peixes da posição 03.04. > -- Pregado (<i>Psetta maxima</i>)",2026-09-28,Receita Federal / Siscomex
03022900,"Peixes e crustáceos, moluscos e outros invertebrados aquáticos. > Peixes frescos ou refrigerados, exceto os filés (filetes) de peixes e outra carne de peixes da posição 03.04. > -- Outros",2026-09-28,Receita Federal / Siscomex
03023100,"Peixes e crustáceos, moluscos e outros invertebrados aquáticos. > Peixes frescos ou refrigerados, exceto os filés (filetes) de peixes e outra carne de peixes da posição 03.04. > -- Albacora-branca (atum) (<i>Thunnus alalunga</i>)",2026-09-28,Receita Federal / Siscomex
03023200,"Peixes e crustáceos, moluscos e outros invertebrados aquáticos. > Peixes frescos ou refrigerados, exceto os filés (filetes) de peixes e outra carne de peixes da posição 03.04. > -- Albacora-laje (atum) (<i>Thunnus albacares</i>)",2026-09-28,Receita Federal / Siscomex
03023300,"Peixes e crustáceos, moluscos e outros invertebrados aquáticos. > Peixes frescos ou refrigerados, exceto os filés (filetes) de peixes e outra carne de peixes da posição 03.04. > -- Bonito-listrado (Gaiado*) (<i>Katsuwonus pelamis</i>)",2026-09-28,Receita Federal / Siscomex
03023400,"Peixes e crustáceos, moluscos e outros invertebrados aquáticos. > Peixes frescos ou refrigerados, exceto os filés (filetes) de peixes e outra carne de peixes da posição 03.04. > -- Albacora-bandolim (atum) (<i>Thunnus obesus</i>)",2026-09-28,Receita Federal / Siscomex
03023500,"Peixes e crustáceos, moluscos e outros invertebrados aquáticos. > Peixes frescos ou refrigerados, exceto os filés (filetes) de peixes e outra carne de peixes da posição 03.04. > -- Atuns-azuis (atuns) (<i>Thunnus thynnus, Thunnus orientalis</i>)",2026-09-28,Receita Federal / Siscomex
03023600,"Peixes e crustáceos, moluscos e outros invertebrados aquáticos. > Peixes frescos ou refrigerados, exceto os filés (filetes) de peixes e outra carne de peixes da posição 03.04. > -- Atum-azul do sul (atum) (<i>Thunnus maccoyii</i>)",2026-09-28,Receita Federal / Siscomex
03023900,"Peixes e crustáceos, moluscos e outros invertebrados aquáticos. > Peixes frescos ou refrigerados, exceto os filés (filetes) de peixes e outra carne de peixes da posição 03.04. > -- Outros",2026-09-28,Receita Federal / Siscomex
03024100,"Peixes e crustáceos, moluscos e outros invertebrados aquáticos. > Peixes frescos ou refrigerados, exceto os filés (filetes) de peixes e outra carne de peixes da posição 03.04. > -- Arenques (<i>Clupea harengus, Clupea pallasii</i>)",2026-09-28,Receita Federal / Siscomex
03024210,"Peixes e crustáceos, moluscos e outros invertebrados aquáticos. > Peixes frescos ou refrigerados, exceto os filés (filetes) de peixes e outra carne de peixes da posição 03.04. > -- Anchovas (Biqueirões*) (<i>Engraulis</i> spp.) > Anchoita (<i>Engraulis anchoita</i>)",2026-09-28,Receita Federal / Siscomex
03024290,"Peixes e crustáceos, moluscos e outros invertebrados aquáticos. > Peixes frescos ou refrigerados, exceto os filés (filetes) de peixes e outra carne de peixes da posição 03.04. > -- Anchovas (Biqueirões*) (<i>Engraulis</i> spp.) > Outros",2026-09-28,Receita Federal / Siscomex
03024300,"Peixes e crustáceos, moluscos e outros invertebrados aquáticos. > Peixes frescos ou refrigerados, exceto os filés (filetes) de peixes e outra carne de peixes da posição 03.04. > -- Sardinhas (<i>Sardina pilchardus, Sardinops</i> spp., <i>Sardinella</i> spp.) (Sardinha (<i>Sardina pilchardus</i>) e sardinelas (<i>Sardinops</i> spp., <i>Sardinella</i> spp.)*), anchoveta (espadilha*) (<i>Sprattus sprattus</i>)",2026-09-28,Receita Federal / Siscomex
03024400,"Peixes e crustáceos, moluscos e outros invertebrados aquáticos. > Peixes frescos ou refrigerados, exceto os filés (filetes) de peixes e outra carne de peixes da posição 03.04. > -- Cavalinhas (Sardas e cavalas*) (<i>Scomber scombrus, Scomber australasicus, Scomber japonicus</i>)",2026-09-28,Receita Federal / Siscomex
03024500,"Peixes e crustáceos, moluscos e outros invertebrados aquáticos. > Peixes frescos ou refrigerados, exceto os filés (filetes) de peixes e outra carne de peixes da posição 03.04. > -- Carapaus (<i>Trachurus</i> spp.)",2026-09-28,Receita Federal / Siscomex
03024600,"Peixes e crustáceos, moluscos e outros invertebrados aquáticos. > Peixes frescos ou refrigerados, exceto os filés (filetes) de peixes e outra carne de peixes da posição 03.04. > -- Bijupirá (Cobia*) (<i>Rachycentron canadum</i>)",2026-09-28,Receita Federal / Siscomex
03024700,"Peixes e crustáceos, moluscos e outros invertebrados aquáticos. > Peixes frescos ou refrigerados, exceto os filés (filetes) de peixes e outra carne de peixes da posição 03.04. > -- Espadarte (<i>Xiphias gladius</i>)",2026-09-28,Receita Federal / Siscomex
03024910,"Peixes e crustáceos, moluscos e outros invertebrados aquáticos. > Peixes frescos ou refrigerados, exceto os filés (filetes) de peixes e outra carne de peixes da posição 03.04. > -- Outros > Espadins, marlins, veleiros (<i>Istiophoridae</i>)",2026-09-28,Receita Federal / Siscomex
03024990,"Peixes e crustáceos, moluscos e outros invertebrados aquáticos. > Peixes frescos ou refrigerados, exceto os filés (filetes) de peixes e outra carne de peixes da posição 03.04. > -- Outros > Outros",2026-09-28,Receita Federal / Siscomex
03025100,"Peixes e crustáceos, moluscos e outros invertebrados aquáticos. > Peixes frescos ou refrigerados, exceto os filés (filetes) de peixes e outra carne de peixes da posição 03.04. > -- Bacalhau-do-atlântico (<i>Gadus morhua</i>), bacalhau-da-groelândia (<i>Gadus ogac</i>) e bacalhau-do-pacífico (<i>Gadus macrocephalus</i>)",2026-09-28,Receita Federal / Siscomex
03025200,"Peixes e crustáceos, moluscos e outros invertebrados aquáticos. > Peixes frescos ou refrigerados, exceto os filés (filetes) de peixes e outra carne de peixes da posição 03.04. > -- Hadoque (Arinca*) (<i>Melanogrammus aeglefinus</i>)",2026-09-28,Receita Federal / Siscomex
03025300,"Peixes e crustáceos, moluscos e outros invertebrados aquáticos. > Peixes frescos ou refrigerados, exceto os filés (filetes) de peixes e outra carne de peixes da posição 03.04. > -- Saithe (Escamudo*) (<i>Pollachius virens</i>)",2026-09-28,Receita Federal / Siscomex
03025400,"Peixes e crustáceos, moluscos e outros invertebrados aquáticos. > Peixes frescos ou refrigerados, exceto os filés (filetes) de peixes e outra carne de peixes da posição 03.04. > -- Merluzas (Pescadas*) e abróteas (<i>Merluccius</i> spp.<i>, Urophycis</i> spp.)",2026-09-28,Receita Federal / Siscomex
03025500,"Peixes e crustáceos, moluscos e outros invertebrados aquáticos. > Peixes frescos ou refrigerados, exceto os filés (filetes) de peixes e outra carne de peixes da posição 03.04. > -- Polaca-do-alasca (Escamudo-do-alasca*) (<i>Theragra chalcogramma</i>)",2026-09-28,Receita Federal / Siscomex
03025600,"Peixes e crustáceos, moluscos e outros invertebrados aquáticos. > Peixes frescos ou refrigerados, exceto os filés (filetes) de peixes e outra carne de peixes da posição 03.04. > -- Verdinhos (<i>Micromesistius poutassou, Micromesistius australis</i>)",2026-09-28,Receita Federal / Siscomex
03025900,"Peixes e crustáceos, moluscos e outros invertebrados aquáticos. > Peixes frescos ou refrigerados, exceto os filés (filetes) de peixes e outra carne de peixes da posição 03.04. > -- Outros",2026-09-28,Receita Federal / Siscomex
03027100,"Peixes e crustáceos, moluscos e outros invertebrados aquáticos. > Peixes frescos ou refrigerados, exceto os filés (filetes) de peixes e outra carne de peixes da posição 03.04. > -- Tilápias (<i>Oreochromis</i> spp.)",2026-09-28,Receita Federal / Siscomex
03027210,"Peixes e crustáceos, moluscos e outros invertebrados aquáticos. > Peixes frescos ou refrigerados, exceto os filés (filetes) de peixes e outra carne de peixes da posição 03.04. > -- Bagres (Peixes-gato*) (<i>Pangasius</i> spp.<i>, Silurus</i> spp.<i>, Clarias</i> spp.<i>, Ictalurus</i> spp.) > Bagre americano (<i>Ictalurus punctatus</i>)",2026-09-28,Receita Federal / Siscomex
03027290,"Peixes e crustáceos, moluscos e outros invertebrados aquáticos. > Peixes frescos ou refrigerados, exceto os filés (filetes) de peixes e outra carne de peixes da posição 03.04. > -- Bagres (Peixes-gato*) (<i>Pangasius</i> spp.<i>, Silurus</i> spp.<i>, Clarias</i> spp.<i>, Ictalurus</i> spp.) > Outros",2026-09-28,Receita Federal / Siscomex
03027300,"Peixes e crustáceos, moluscos e outros invertebrados aquáticos. > Peixes frescos ou refrigerados, exceto os filés (filetes) de peixes e outra carne de peixes da posição 03.04. > -- Carpas (<i>Cyprinus</i> spp.<i>, Carassius</i> spp.<i>, Ctenopharyngodon idellus, Hypophthalmichthys</i> spp.<i>, Cirrhinus</i> spp.<i>, Mylopharyngodon piceus, Catla catla, Labeo</i> spp.<i>, Osteochilus hasselti, Leptobarbus hoeveni, Megalobrama</i> spp.)",2026-09-28,Receita Federal / Siscomex
03027400,"Peixes e crustáceos, moluscos e outros invertebrados aquáticos. > Peixes frescos ou refrigerados, exceto os filés (filetes) de peixes e outra carne de peixes da posição 03.04. > -- Enguias (<i>Anguilla</i> spp.)",2026-09-28,Receita Federal / Siscomex
03027900,"Peixes e crustáceos, moluscos e outros invertebrados aquáticos. > Peixes frescos ou refrigerados, exceto os filés (filetes) de peixes e outra carne de peixes da posição 03.04. > -- Outros",2026-09-28,Receita Federal / Siscomex
03028100,"Peixes e crustáceos, moluscos e outros invertebrados aquáticos. > Peixes frescos ou refrigerados, exceto os filés (filetes) de peixes e outra carne de peixes da posição 03.04. > -- Cação e outros tubarões",2026-09-28,Receita Federal / Siscomex
03028200,"Peixes e crustáceos, moluscos e outros invertebrados aquáticos. > Peixes frescos ou refrigerados, exceto os filés (filetes) de peixes e outra carne de peixes da posição 03.04. > -- Raias (<i>Rajidae</i>)",2026-09-28,Receita Federal / Siscomex
03028310,"Peixes e crustáceos, moluscos e outros invertebrados aquáticos. > Peixes frescos ou refrigerados, exceto os filés (filetes) de peixes e outra carne de peixes da posição 03.04. > -- Merluza negra e merluza antártica (Marlongas*) (<i>Dissostichus</i> spp.) > Merluza negra (<i>Dissostichus eleginoides</i>)",2026-09-28,Receita Federal / Siscomex
03028320,"Peixes e crustáceos, moluscos e outros invertebrados aquáticos. > Peixes frescos ou refrigerados, exceto os filés (filetes) de peixes e outra carne de peixes da posição 03.04. > -- Merluza negra e merluza antártica (Marlongas*) (<i>Dissostichus</i> spp.) > Merluza antártica (<i>Dissostichus mawsoni</i>)",2026-09-28,Receita Federal / Siscomex
03028400,"Peixes e crustáceos, moluscos e outros invertebrados aquáticos. > Peixes frescos ou refrigerados, exceto os filés (filetes) de peixes e outra carne de peixes da posição 03.04. > -- Robalos (<i>Dicentrarchus</i> spp.)",2026-09-28,Receita Federal / Siscomex
03028500,"Peixes e crustáceos, moluscos e outros invertebrados aquáticos. > Peixes frescos ou refrigerados, exceto os filés (filetes) de peixes e outra carne de peixes da posição 03.04. > -- Esparídeos (<i>Sparidae</i>)",2026-09-28,Receita Federal / Siscomex
03028910,"Peixes e crustáceos, moluscos e outros invertebrados aquáticos. > Peixes frescos ou refrigerados, exceto os filés (filetes) de peixes e outra carne de peixes da posição 03.04. > -- Outros > Pargo (<i>Lutjanus purpureus</i>)",2026-09-28,Receita Federal / Siscomex
03028921,"Peixes e crustáceos, moluscos e outros invertebrados aquáticos. > Peixes frescos ou refrigerados, exceto os filés (filetes) de peixes e outra carne de peixes da posição 03.04. > -- Outros > Cherne-poveiro (<i>Polyprion americanus</i>)",2026-09-28,Receita Federal / Siscomex
03028922,"Peixes e crustáceos, moluscos e outros invertebrados aquáticos. > Peixes frescos ou refrigerados, exceto os filés (filetes) de peixes e outra carne de peixes da posição 03.04. > -- Outros > Garoupas (<i>Acanthistius</i> spp.)",2026-09-28,Receita Federal / Siscomex
03028923,"Peixes e crustáceos, moluscos e outros invertebrados aquáticos. > Peixes frescos ou refrigerados, exceto os filés (filetes) de peixes e outra carne de peixes da posição 03.04. > -- Outros > Esturjão (<i>Acipenser baerii</i>)",2026-09-28,Receita Federal / Siscomex
03028924,"Peixes e crustáceos, moluscos e outros invertebrados aquáticos. > Peixes frescos ou refrigerados, exceto os filés (filetes) de peixes e outra carne de peixes da posição 03.04. > -- Outros > Peixes-rei (<i>Atherina</i> spp.)",2026-09-28,Receita Federal / Siscomex
03028931,"Peixes e crustáceos, moluscos e outros invertebrados aquáticos. > Peixes frescos ou refrigerados, exceto os filés (filetes) de peixes e outra carne de peixes da posição 03.04. > -- Outros > Curimatãs (<i>Prochilodus</i> spp.)",2026-09-28,Receita Federal / Siscomex
03028932,"Peixes e crustáceos, moluscos e outros invertebrados aquáticos. > Peixes frescos ou refrigerados, exceto os filés (filetes) de peixes e outra carne de peixes da posição 03.04. > -- Outros > Tilápias (<i>Tilapia</i> spp.<i>, Sarotherodon</i> spp.<i>, Danakilia</i> spp.; seus híbridos)",2026-09-28,Receita Federal / Siscomex
03028933,"Peixes e crustáceos, moluscos e outros invertebrados aquáticos. > Peixes frescos ou refrigerados, exceto os filés (filetes) de peixes e outra carne de peixes da posição 03.04. > -- Outros > Surubins (<i>Pseudoplatystoma</i> spp.)",2026-09-28,Receita Federal / Siscomex
03028934,"Peixes e crustáceos, moluscos e outros invertebrados aquáticos. > Peixes frescos ou refrigerados, exceto os filés (filetes) de peixes e outra carne de peixes da posição 03.04. > -- Outros > Traíra (<i>Hoplias malabaricus & H. cf. lacerdae</i>)",2026-09-28,Receita Federal / Siscomex
03028935,"Peixes e crustáceos, moluscos e outros invertebrados aquáticos. > Peixes frescos ou refrigerados, exceto os filés (filetes) de peixes e outra carne de peixes da posição 03.04. > -- Outros > Piaus (<i>Leporinus</i> spp.)",2026-09-28,Receita Federal / Siscomex
03028936,"Peixes e crustáceos, moluscos e outros invertebrados aquáticos. > Peixes frescos ou refrigerados, exceto os filés (filetes) de peixes e outra carne de peixes da posição 03.04. > -- Outros > Tainhas (<i>Mugil</i> spp.)",2026-09-28,Receita Federal / Siscomex
03028937,"Peixes e crustáceos, moluscos e outros invertebrados aquáticos. > Peixes frescos ou refrigerados, exceto os filés (filetes) de peixes e outra carne de peixes da posição 03.04. > -- Outros > Pirarucu (<i>Arapaima gigas</i>)",2026-09-28,Receita Federal / Siscomex
03028938,"Peixes e crustáceos, moluscos e outros invertebrados aquáticos. > Peixes frescos ou refrigerados, exceto os filés (filetes) de peixes e outra carne de peixes da posição 03.04. > -- Outros > Pescadas (<i>Cynoscion</i> spp.)",2026-09-28,Receita Federal / Siscomex
03028941,"Peixes e crustáceos, moluscos e outros invertebrados aquáticos. > Peixes frescos ou refrigerados, exceto os filés (filetes) de peixes e outra carne de peixes da posição 03.04. > -- Outros > Piramutaba (<i>Brachyplatystoma vaillantii</i>)",2026-09-28,Receita Federal / Siscomex
03028942,"Peixes e crustáceos, moluscos e outros invertebrados aquáticos. > Peixes frescos ou refrigerados, exceto os filés (filetes) de peixes e outra carne de peixes da posição 03.04. > -- Outros > Dourada (<i>Brachyplatystoma flavicans</i>)",2026-09-28,Receita Federal / Siscomex
03028943,"Peixes e crustáceos, moluscos e outros invertebrados aquáticos. > Peixes frescos ou refrigerados, exceto os filés (filetes) de peixes e outra carne de peixes da posição 03.04. > -- Outros > Pacu (<i>Piaractus mesopotamicus</i>)",2026-09-28,Receita Federal / Siscomex
03028944,"Peixes e crustáceos, moluscos e outros invertebrados aquáticos. > Peixes frescos ou refrigerados, exceto os filés (filetes) de peixes e outra carne de peixes da posição 03.04. > -- Outros > Tambaqui (<i>Colossoma macropomum</i>)",2026-09-28,Receita Federal / Siscomex
03028945,"Peixes e crustáceos, moluscos e outros invertebrados aquáticos. > Peixes frescos ou refrigerados, exceto os filés (filetes) de peixes e outra carne de peixes da posição 03.04. > -- Outros > Tambacu (híbrido de tambaqui e pacu)",2026-09-28,Receita Federal / Siscomex
03028990,"Peixes e crustáceos, moluscos e outros invertebrados aquáticos. > Peixes frescos ou refrigerados, exceto os filés (filetes) de peixes e outra carne de peixes da posição 03.04. > -- Outros > Outros",2026-09-28,Receita Federal / Siscomex
03029110,"Peixes e crustáceos, moluscos e outros invertebrados aquáticos. > Peixes frescos ou refrigerados, exceto os filés (filetes) de peixes e outra carne de peixes da posição 03.04. > -- Fígados, ovas e gônadas masculinas > Ovas de tainhas (<i>Mugil</i> spp.)",2026-09-28,Receita Federal / Siscomex
03029190,"Peixes e crustáceos, moluscos e outros invertebrados aquáticos. > Peixes frescos ou refrigerados, exceto os filés (filetes) de peixes e outra carne de peixes da posição 03.04. > -- Fígados, ovas e gônadas masculinas > Outros",2026-09-28,Receita Federal / Siscomex
03029200,"Peixes e crustáceos, moluscos e outros invertebrados aquáticos. > Peixes frescos ou refrigerados, exceto os filés (filetes) de peixes e outra carne de peixes da posição 03.04. > -- Barbatanas de tubarão",2026-09-28,Receita Federal / Siscomex
03029900,"Peixes e crustáceos, moluscos e outros invertebrados aquáticos. > Peixes frescos ou refrigerados, exceto os filés (filetes) de peixes e outra carne de peixes da posição 03.04. > -- Outros",2026-09-28,Receita Federal / Siscomex
03031100,"Peixes e crustáceos, moluscos e outros invertebrados aquáticos. > Peixes congelados, exceto os filés (filetes) de peixes e outra carne de peixes da posição 03.04. > -- Salmão-do-pacífico (salmão-vermelho) (<i>Oncorhynchus nerka</i>)",2026-09-28,Receita Federal / Siscomex
03031200,"Peixes e crustáceos, moluscos e outros invertebrados aquáticos. > Peixes congelados, exceto os filés (filetes) de peixes e outra carne de peixes da posição 03.04. > -- Outros salmões-do-pacífico (<i>Oncorhynchus gorbuscha, Oncorhynchus keta, Oncorhynchus tschawytscha, Oncorhynchus kisutch, Oncorhynchus masou</i> e <i>Oncorhynchus rhodurus</i>)",2026-09-28,Receita Federal / Siscomex
03031300,"Peixes e crustáceos, moluscos e outros invertebrados aquáticos. > Peixes congelados, exceto os filés (filetes) de peixes e outra carne de peixes da posição 03.04. > -- Salmão-do-atlântico (<i>Salmo salar</i>) e salmão-do-danúbio (<i>Hucho hucho</i>)",2026-09-28,Receita Federal / Siscomex
03031400,"Peixes e crustáceos, moluscos e outros invertebrados aquáticos. > Peixes congelados, exceto os filés (filetes) de peixes e outra carne de peixes da posição 03.04. > -- Trutas (<i>Salmo trutta, Oncorhynchus mykiss, Oncorhynchus clarki, Oncorhynchus aguabonita, Oncorhynchus gilae, Oncorhynchus apache</i> e <i>Oncorhynchus chrysogaster</i>)",2026-09-28,Receita Federal / Siscomex
03031900,"Peixes e crustáceos, moluscos e outros invertebrados aquáticos. > Peixes congelados, exceto os filés (filetes) de peixes e outra carne de peixes da posição 03.04. > -- Outros",2026-09-28,Receita Federal / Siscomex
03032300,"Peixes e crustáceos, moluscos e outros invertebrados aquáticos. > Peixes congelados, exceto os filés (filetes) de peixes e outra carne de peixes da posição 03.04. > -- Tilápias (<i>Oreochromis</i> spp.)",2026-09-28,Receita Federal / Siscomex
03032410,"Peixes e crustáceos, moluscos e outros invertebrados aquáticos. > Peixes congelados, exceto os filés (filetes) de peixes e outra carne de peixes da posição 03.04. > -- Bagres (Peixes-gato*) (<i>Pangasius</i> spp.<i>, Silurus</i> spp.<i>, Clarias</i> spp.<i>, Ictalurus</i> spp.) > Bagre americano (<i>Ictalurus punctatus</i>)",2026-09-28,Receita Federal / Siscomex
03032490,"Peixes e crustáceos, moluscos e outros invertebrados aquáticos. > Peixes congelados, exceto os filés (filetes) de peixes e outra carne de peixes da posição 03.04. > -- Bagres (Peixes-gato*) (<i>Pangasius</i> spp.<i>, Silurus</i> spp.<i>, Clarias</i> spp.<i>, Ictalurus</i> spp.) > Outros",2026-09-28,Receita Federal / Siscomex
03032500,"Peixes e crustáceos, moluscos e outros invertebrados aquáticos. > Peixes congelados, exceto os filés (filetes) de peixes e outra carne de peixes da posição 03.04. > -- Carpas (<i>Cyprinus</i> spp.<i>, Carassius</i> spp.<i>, Ctenopharyngodon idellus, Hypophthalmichthys</i> spp.<i>, Cirrhinus</i> spp.<i>, Mylopharyngodon piceus, Catla catla, Labeo</i> spp.<i>, Osteochilus hasselti, Leptobarbus hoeveni, Megalobrama</i> spp.)",2026-09-28,Receita Federal / Siscomex
03032600,"Peixes e crustáceos, moluscos e outros invertebrados aquáticos. > Peixes congelados, exceto os filés (filetes) de peixes e outra carne de peixes da posição 03.04. > -- Enguias (<i>Anguilla</i> spp.)",2026-09-28,Receita Federal / Siscomex
03032900,"Peixes e crustáceos, moluscos e outros invertebrados aquáticos. > Peixes congelados, exceto os filés (filetes) de peixes e outra carne de peixes da posição 03.04. > -- Outros",2026-09-28,Receita Federal / Siscomex
03033100,"Peixes e crustáceos, moluscos e outros invertebrados aquáticos. > Peixes congelados, exceto os filés (filetes) de peixes e outra carne de peixes da posição 03.04. > -- Linguados-gigantes (Alabotes*) (<i>Reinhardtius hippoglossoides, Hippoglossus hippoglossus, Hippoglossus stenolepis</i>)",2026-09-28,Receita Federal / Siscomex
03033200,"Peixes e crustáceos, moluscos e outros invertebrados aquáticos. > Peixes congelados, exceto os filés (filetes) de peixes e outra carne de peixes da posição 03.04. > -- Solha (<i>Pleuronectes platessa</i>)",2026-09-28,Receita Federal / Siscomex
03033300,"Peixes e crustáceos, moluscos e outros invertebrados aquáticos. > Peixes congelados, exceto os filés (filetes) de peixes e outra carne de peixes da posição 03.04. > -- Linguados (<i>Solea</i> spp.)",2026-09-28,Receita Federal / Siscomex
03033400,"Peixes e crustáceos, moluscos e outros invertebrados aquáticos. > Peixes congelados, exceto os filés (filetes) de peixes e outra carne de peixes da posição 03.04. > -- Pregado (<i>Psetta maxima</i>)",2026-09-28,Receita Federal / Siscomex
03033900,"Peixes e crustáceos, moluscos e outros invertebrados aquáticos. > Peixes congelados, exceto os filés (filetes) de peixes e outra carne de peixes da posição 03.04. > -- Outros",2026-09-28,Receita Federal / Siscomex
03034100,"Peixes e crustáceos, moluscos e outros invertebrados aquáticos. > Peixes congelados, exceto os filés (filetes) de peixes e outra carne de peixes da posição 03.04. > -- Albacora-branca (atum) (<i>Thunnus alalunga</i>)",2026-09-28,Receita Federal / Siscomex
03034200,"Peixes e crustáceos, moluscos e outros invertebrados aquáticos. > Peixes congelados, exceto os filés (filetes) de peixes e outra carne de peixes da posição 03.04. > -- Albacora-laje (atum) (<i>Thunnus albacares</i>)",2026-09-28,Receita Federal / Siscomex
03034300,"Peixes e crustáceos, moluscos e outros invertebrados aquáticos. > Peixes congelados, exceto os filés (filetes) de peixes e outra carne de peixes da posição 03.04. > -- Bonito-listrado (Gaiado*) (<i>Katsuwonus pelamis</i>)",2026-09-28,Receita Federal / Siscomex
03034400,"Peixes e crustáceos, moluscos e outros invertebrados aquáticos. > Peixes congelados, exceto os filés (filetes) de peixes e outra carne de peixes da posição 03.04. > -- Albacora-bandolim (atum) (<i>Thunnus obesus</i>)",2026-09-28,Receita Federal / Siscomex
03034500,"Peixes e crustáceos, moluscos e outros invertebrados aquáticos. > Peixes congelados, exceto os filés (filetes) de peixes e outra carne de peixes da posição 03.04. > -- Atuns-azuis (atuns) (<i>Thunnus thynnus, Thunnus orientalis</i>)",2026-09-28,Receita Federal / Siscomex
03034600,"Peixes e crustáceos, moluscos e outros invertebrados aquáticos. > Peixes congelados, exceto os filés (filetes) de peixes e outra carne de peixes da posição 03.04. > -- Atum-azul do sul (atum) (<i>Thunnus maccoyii</i>)",2026-09-28,Receita Federal / Siscomex
03034900,"Peixes e crustáceos, moluscos e outros invertebrados aquáticos. > Peixes congelados, exceto os filés (filetes) de peixes e outra carne de peixes da posição 03.04. > -- Outros",2026-09-28,Receita Federal / Siscomex
03035100,"Peixes e crustáceos, moluscos e outros invertebrados aquáticos. > Peixes congelados, exceto os filés (filetes) de peixes e outra carne de peixes da posição 03.04. > -- Arenques (<i>Clupea harengus, Clupea pallasii</i>)",2026-09-28,Receita Federal / Siscomex
03035300,"Peixes e crustáceos, moluscos e outros invertebrados aquáticos. > Peixes congelados, exceto os filés (filetes) de peixes e outra carne de peixes da posição 03.04. > -- Sardinhas (<i>Sardina pilchardus, Sardinops</i> spp.<i>, Sardinella</i> spp.) (Sardinha (<i>Sardina pilchardus</i>) e sardinelas (<i>Sardinops</i> spp.,<i> </i><i>Sardinella</i> spp.)*), anchoveta (espadilha*) (<i>Sprattus sprattus</i>)",2026-09-28,Receita Federal / Siscomex
03035400,"Peixes e crustáceos, moluscos e outros invertebrados aquáticos. > Peixes congelados, exceto os filés (filetes) de peixes e outra carne de peixes da posição 03.04. > -- Cavalinhas (Sardas e cavalas*) (<i>Scomber scombrus, Scomber australasicus, Scomber japonicus</i>)",2026-09-28,Receita Federal / Siscomex
03035500,"Peixes e crustáceos, moluscos e outros invertebrados aquáticos. > Peixes congelados, exceto os filés (filetes) de peixes e outra carne de peixes da posição 03.04. > -- Carapaus (<i>Trachurus</i> spp.)",2026-09-28,Receita Federal / Siscomex
03035600,"Peixes e crustáceos, moluscos e outros invertebrados aquáticos. > Peixes congelados, exceto os filés (filetes) de peixes e outra carne de peixes da posição 03.04. > -- Bijupirá (Cobia*) (<i>Rachycentron canadum</i>)",2026-09-28,Receita Federal / Siscomex
03035700,"Peixes e crustáceos, moluscos e outros invertebrados aquáticos. > Peixes congelados, exceto os filés (filetes) de peixes e outra carne de peixes da posição 03.04. > -- Espadarte (<i>Xiphias gladius</i>)",2026-09-28,Receita Federal / Siscomex
03035910,"Peixes e crustáceos, moluscos e outros invertebrados aquáticos. > Peixes congelados, exceto os filés (filetes) de peixes e outra carne de peixes da posição 03.04. > -- Outros > Espadins, marlins, veleiros (<i>Istiophoridae</i>)",2026-09-28,Receita Federal / Siscomex
03035920,"Peixes e crustáceos, moluscos e outros invertebrados aquáticos. > Peixes congelados, exceto os filés (filetes) de peixes e outra carne de peixes da posição 03.04. > -- Outros > Anchoita (<i>Engraulis anchoita</i>)",2026-09-28,Receita Federal / Siscomex
03035990,"Peixes e crustáceos, moluscos e outros invertebrados aquáticos. > Peixes congelados, exceto os filés (filetes) de peixes e outra carne de peixes da posição 03.04. > -- Outros > Outros",2026-09-28,Receita Federal / Siscomex
03036300,"Peixes e crustáceos, moluscos e outros invertebrados aquáticos. > Peixes congelados, exceto os filés (filetes) de peixes e outra carne de peixes da posição 03.04. > -- Bacalhau-do-atlântico (<i>Gadus morhua</i>), bacalhau-da-groelândia (<i>Gadus ogac</i>) e bacalhau-do-pacífico (<i>Gadus macrocephalus</i>)",2026-09-28,Receita Federal / Siscomex
03036400,"Peixes e crustáceos, moluscos e outros invertebrados aquáticos. > Peixes congelados, exceto os filés (filetes) de peixes e outra carne de peixes da posição 03.04. > -- Hadoque (Arinca*) (<i>Melanogrammus aeglefinus</i>)",2026-09-28,Receita Federal / Siscomex
03036500,"Peixes e crustáceos, moluscos e outros invertebrados aquáticos. > Peixes congelados, exceto os filés (filetes) de peixes e outra carne de peixes da posição 03.04. > -- Saithe (Escamudo*) (<i>Pollachius virens</i>)",2026-09-28,Receita Federal / Siscomex
03036600,"Peixes e crustáceos, moluscos e outros invertebrados aquáticos. > Peixes congelados, exceto os filés (filetes) de peixes e outra carne de peixes da posição 03.04. > -- Merluzas (Pescadas*) e abróteas (<i>Merluccius</i> spp., <i>Urophycis</i> spp.)",2026-09-28,Receita Federal / Siscomex
03036700,"Peixes e crustáceos, moluscos e outros invertebrados aquáticos. > Peixes congelados, exceto os filés (filetes) de peixes e outra carne de peixes da posição 03.04. > -- Polaca-do-alasca (Escamudo-do-alasca*) (<i>Theragra chalcogramma</i>)",2026-09-28,Receita Federal / Siscomex
03036800,"Peixes e crustáceos, moluscos e outros invertebrados aquáticos. > Peixes congelados, exceto os filés (filetes) de peixes e outra carne de peixes da posição 03.04. > -- Verdinhos (<i>Micromesistius poutassou, Micromesistius australis</i>)",2026-09-28,Receita Federal / Siscomex
03036910,"Peixes e crustáceos, moluscos e outros invertebrados aquáticos. > Peixes congelados, exceto os filés (filetes) de peixes e outra carne de peixes da posição 03.04. > -- Outros > Merluza rosada (<i>Macruronus magellanicus</i>)",2026-09-28,Receita Federal / Siscomex
03036990,"Peixes e crustáceos, moluscos e outros invertebrados aquáticos. > Peixes congelados, exceto os filés (filetes) de peixes e outra carne de peixes da posição 03.04. > -- Outros > Outros",2026-09-28,Receita Federal / Siscomex
03038111,"Peixes e crustáceos, moluscos e outros invertebrados aquáticos. > Peixes congelados, exceto os filés (filetes) de peixes e outra carne de peixes da posição 03.04. > -- Cação e outros tubarões > Inteiro",2026-09-28,Receita Federal / Siscomex
03038112,"Peixes e crustáceos, moluscos e outros invertebrados aquáticos. > Peixes congelados, exceto os filés (filetes) de peixes e outra carne de peixes da posição 03.04. > -- Cação e outros tubarões > Eviscerado, sem cabeça e sem barbatanas",2026-09-28,Receita Federal / Siscomex
03038113,"Peixes e crustáceos, moluscos e outros invertebrados aquáticos. > Peixes congelados, exceto os filés (filetes) de peixes e outra carne de peixes da posição 03.04. > -- Cação e outros tubarões > Em pedaços, com pele",2026-09-28,Receita Federal / Siscomex
03038114,"Peixes e crustáceos, moluscos e outros invertebrados aquáticos. > Peixes congelados, exceto os filés (filetes) de peixes e outra carne de peixes da posição 03.04. > -- Cação e outros tubarões > Em pedaços, sem pele",2026-09-28,Receita Federal / Siscomex
03038119,"Peixes e crustáceos, moluscos e outros invertebrados aquáticos. > Peixes congelados, exceto os filés (filetes) de peixes e outra carne de peixes da posição 03.04. > -- Cação e outros tubarões > Outros",2026-09-28,Receita Federal / Siscomex
03038190,"Peixes e crustáceos, moluscos e outros invertebrados aquáticos. > Peixes congelados, exceto os filés (filetes) de peixes e outra carne de peixes da posição 03.04. > -- Cação e outros tubarões > Outros",2026-09-28,Receita Federal / Siscomex
03038200,"Peixes e crustáceos, moluscos e outros invertebrados aquáticos. > Peixes congelados, exceto os filés (filetes) de peixes e outra carne de peixes da posição 03.04. > -- Raias (<i>Rajidae</i>)",2026-09-28,Receita Federal / Siscomex
03038311,"Peixes e crustáceos, moluscos e outros invertebrados aquáticos. > Peixes congelados, exceto os filés (filetes) de peixes e outra carne de peixes da posição 03.04. > -- Merluza negra e merluza antártica (Marlongas*) (<i>Dissostichus</i> spp.) > Evisceradas, sem cabeça e sem cauda",2026-09-28,Receita Federal / Siscomex
03038319,"Peixes e crustáceos, moluscos e outros invertebrados aquáticos. > Peixes congelados, exceto os filés (filetes) de peixes e outra carne de peixes da posição 03.04. > -- Merluza negra e merluza antártica (Marlongas*) (<i>Dissostichus</i> spp.) > Outras",2026-09-28,Receita Federal / Siscomex
03038321,"Peixes e crustáceos, moluscos e outros invertebrados aquáticos. > Peixes congelados, exceto os filés (filetes) de peixes e outra carne de peixes da posição 03.04. > -- Merluza negra e merluza antártica (Marlongas*) (<i>Dissostichus</i> spp.) > Evisceradas, sem cabeça e sem cauda",2026-09-28,Receita Federal / Siscomex
03038329,"Peixes e crustáceos, moluscos e outros invertebrados aquáticos. > Peixes congelados, exceto os filés (filetes) de peixes e outra carne de peixes da posição 03.04. > -- Merluza negra e merluza antártica (Marlongas*) (<i>Dissostichus</i> spp.) > Outras",2026-09-28,Receita Federal / Siscomex
03038400,"Peixes e crustáceos, moluscos e outros invertebrados aquáticos. > Peixes congelados, exceto os filés (filetes) de peixes e outra carne de peixes da posição 03.04. > -- Robalos (<i>Dicentrarchus</i> spp.)",2026-09-28,Receita Federal / Siscomex
03038910,"Peixes e crustáceos, moluscos e outros invertebrados aquáticos. > Peixes congelados, exceto os filés (filetes) de peixes e outra carne de peixes da posição 03.04. > -- Outros > Corvina (<i>Micropogonias furnieri</i>)",2026-09-28,Receita Federal / Siscomex
03038920,"Peixes e crustáceos, moluscos e outros invertebrados aquáticos. > Peixes congelados, exceto os filés (filetes) de peixes e outra carne de peixes da posição 03.04. > -- Outros > Pescadas (<i>Cynoscion</i> spp.)",2026-09-28,Receita Federal / Siscomex
03038932,"Peixes e crustáceos, moluscos e outros invertebrados aquáticos. > Peixes congelados, exceto os filés (filetes) de peixes e outra carne de peixes da posição 03.04. > -- Outros > Pargo (<i>Lutjanus purpureus</i>)",2026-09-28,Receita Federal / Siscomex
03038933,"Peixes e crustáceos, moluscos e outros invertebrados aquáticos. > Peixes congelados, exceto os filés (filetes) de peixes e outra carne de peixes da posição 03.04. > -- Outros > Peixe-sapo (<i>Lophius gastrophysus</i>)",2026-09-28,Receita Federal / Siscomex
03038941,"Peixes e crustáceos, moluscos e outros invertebrados aquáticos. > Peixes congelados, exceto os filés (filetes) de peixes e outra carne de peixes da posição 03.04. > -- Outros > Cherne-poveiro (<i>Polyprion americanus</i>)",2026-09-28,Receita Federal / Siscomex
03038942,"Peixes e crustáceos, moluscos e outros invertebrados aquáticos. > Peixes congelados, exceto os filés (filetes) de peixes e outra carne de peixes da posição 03.04. > -- Outros > Garoupas (<i>Acanthistius</i> spp.)",2026-09-28,Receita Federal / Siscomex
03038943,"Peixes e crustáceos, moluscos e outros invertebrados aquáticos. > Peixes congelados, exceto os filés (filetes) de peixes e outra carne de peixes da posição 03.04. > -- Outros > Tainhas (<i>Mugil</i> spp.)",2026-09-28,Receita Federal / Siscomex
03038944,"Peixes e crustáceos, moluscos e outros invertebrados aquáticos. > Peixes congelados, exceto os filés (filetes) de peixes e outra carne de peixes da posição 03.04. > -- Outros > Esturjões (<i>Acipenser baerii, Acipenser gueldenstaedtii, Acipenser persicus, Acipenser stellatus</i>)",2026-09-28,Receita Federal / Siscomex
03038945,"Peixes e crustáceos, moluscos e outros invertebrados aquáticos. > Peixes congelados, exceto os filés (filetes) de peixes e outra carne de peixes da posição 03.04. > -- Outros > Peixes-rei (<i>Atherina</i> spp.)",2026-09-28,Receita Federal / Siscomex
03038946,"Peixes e crustáceos, moluscos e outros invertebrados aquáticos. > Peixes congelados, exceto os filés (filetes) de peixes e outra carne de peixes da posição 03.04. > -- Outros > Nototenias (<i>Patagonotothen</i> spp.)",2026-09-28,Receita Federal / Siscomex
03038951,"Peixes e crustáceos, moluscos e outros invertebrados aquáticos. > Peixes congelados, exceto os filés (filetes) de peixes e outra carne de peixes da posição 03.04. > -- Outros > Curimatãs (<i>Prochilodus</i> spp.)",2026-09-28,Receita Federal / Siscomex
03038952,"Peixes e crustáceos, moluscos e outros invertebrados aquáticos. > Peixes congelados, exceto os filés (filetes) de peixes e outra carne de peixes da posição 03.04. > -- Outros > Tilápias (<i>Tilapia</i> spp.<i>, Sarotherodon</i> spp.<i>, Danakilia</i> spp.; seus híbridos)",2026-09-28,Receita Federal / Siscomex
03038953,"Peixes e crustáceos, moluscos e outros invertebrados aquáticos. > Peixes congelados, exceto os filés (filetes) de peixes e outra carne de peixes da posição 03.04. > -- Outros > Surubins (<i>Pseudoplatystoma</i> spp.)",2026-09-28,Receita Federal / Siscomex
03038954,"Peixes e crustáceos, moluscos e outros invertebrados aquáticos. > Peixes congelados, exceto os filés (filetes) de peixes e outra carne de peixes da posição 03.04. > -- Outros > Traíra (<i>Hoplias malabaricus & H. cf. lacerdae</i>)",2026-09-28,Receita Federal / Siscomex
03038955,"Peixes e crustáceos, moluscos e outros invertebrados aquáticos. > Peixes congelados, exceto os filés (filetes) de peixes e outra carne de peixes da posição 03.04. > -- Outros > Piaus (<i>Leporinus</i> spp.)",2026-09-28,Receita Federal / Siscomex
03038956,"Peixes e crustáceos, moluscos e outros invertebrados aquáticos. > Peixes congelados, exceto os filés (filetes) de peixes e outra carne de peixes da posição 03.04. > -- Outros > Pirarucu (<i>Arapaima gigas</i>)",2026-09-28,Receita Federal / Siscomex
03038961,"Peixes e crustáceos, moluscos e outros invertebrados aquáticos. > Peixes congelados, exceto os filés (filetes) de peixes e outra carne de peixes da posição 03.04. > -- Outros > Piramutaba (<i>Brachyplatystoma vaillantii</i>)",2026-09-28,Receita Federal / Siscomex
03038962,"Peixes e crustáceos, moluscos e outros invertebrados aquáticos. > Peixes congelados, exceto os filés (filetes) de peixes e outra carne de peixes da posição 03.04. > -- Outros > Dourada (<i>Brachyplatystoma flavicans</i>)",2026-09-28,Receita Federal / Siscomex
03038963,"Peixes e crustáceos, moluscos e outros invertebrados aquáticos. > Peixes congelados, exceto os filés (filetes) de peixes e outra carne de peixes da posição 03.04. > -- Outros > Pacu (<i>Piaractus mesopotamicus</i>)",2026-09-28,Receita Federal / Siscomex
03038964,"Peixes e crustáceos, moluscos e outros invertebrados aquáticos. > Peixes congelados, exceto os filés (filetes) de peixes e outra carne de peixes da posição 03.04. > -- Outros > Tambaqui (<i>Colossoma macropomum</i>)",2026-09-28,Receita Federal / Siscomex
03038965,"Peixes e crustáceos, moluscos e outros invertebrados aquáticos. > Peixes congelados, exceto os filés (filetes) de peixes e outra carne de peixes da posição 03.04. > -- Outros > Tambacu (híbrido de tambaqui e pacu)",2026-09-28,Receita Federal / Siscomex
03038990,"Peixes e crustáceos, moluscos e outros invertebrados aquáticos. > Peixes congelados, exceto os filés (filetes) de peixes e outra carne de peixes da posição 03.04. > -- Outros > Outros",2026-09-28,Receita Federal / Siscomex
03039110,"Peixes e crustáceos, moluscos e outros invertebrados aquáticos. > Peixes congelados, exceto os filés (filetes) de peixes e outra carne de peixes da posição 03.04. > -- Fígados, ovas e gônadas masculinas > Ovas de tainhas (<i>Mugil</i> spp.)",2026-09-28,Receita Federal / Siscomex
03039190,"Peixes e crustáceos, moluscos e outros invertebrados aquáticos. > Peixes congelados, exceto os filés (filetes) de peixes e outra carne de peixes da posição 03.04. > -- Fígados, ovas e gônadas masculinas > Outros",2026-09-28,Receita Federal / Siscomex
03039200,"Peixes e crustáceos, moluscos e outros invertebrados aquáticos. > Peixes congelados, exceto os filés (filetes) de peixes e outra carne de peixes da posição 03.04. > -- Barbatanas de tubarão",2026-09-28,Receita Federal / Siscomex
03039910,"Peixes e crustáceos, moluscos e outros invertebrados aquáticos. > Peixes congelados, exceto os filés (filetes) de peixes e outra carne de peixes da posição 03.04. > -- Outros > Cabeças de Merluza negra (<i>Dissostichus eleginoides</i>)",2026-09-28,Receita Federal / Siscomex
03039920,"Peixes e crustáceos, moluscos e outros invertebrados aquáticos. > Peixes congelados, exceto os filés (filetes) de peixes e outra carne de peixes da posição 03.04. > -- Outros > Cabeças de Merluza antártica (<i>Dissostichus mawsoni</i>)",2026-09-28,Receita Federal / Siscomex
03039990,"Peixes e crustáceos, moluscos e outros invertebrados aquáticos. > Peixes congelados, exceto os filés (filetes) de peixes e outra carne de peixes da posição 03.04. > -- Outros > Outros",2026-09-28,Receita Federal / Siscomex
03043100,"Peixes e crustáceos, moluscos e outros invertebrados aquáticos. > Filés (filetes) de peixes e outra carne de peixes (mesmo picada), frescos, refrigerados ou congelados. > -- Tilápias (<i>Oreochromis</i> spp.)",2026-09-28,Receita Federal / Siscomex
03043210,"Peixes e crustáceos, moluscos e outros invertebrados aquáticos. > Filés (filetes) de peixes e outra carne de peixes (mesmo picada), frescos, refrigerados ou congelados. > -- Bagres (Peixes-gato*) (<i>Pangasius</i> spp.<i>, Silurus</i> spp.<i>, Clarias</i> spp.<i>, Ictalurus</i> spp.) > Bagre americano (<i>Ictalurus punctatus</i>)",2026-09-28,Receita Federal / Siscomex
03043290,"Peixes e crustáceos, moluscos e outros invertebrados aquáticos. > Filés (filetes) de peixes e outra carne de peixes (mesmo picada), frescos, refrigerados ou congelados. > -- Bagres (Peixes-gato*) (<i>Pangasius</i> spp.<i>, Silurus</i> spp.<i>, Clarias</i> spp.<i>, Ictalurus</i> spp.) > Outros",2026-09-28,Receita Federal / Siscomex
03043300,"Peixes e crustáceos, moluscos e outros invertebrados aquáticos. > Filés (filetes) de peixes e outra carne de peixes (mesmo picada), frescos, refrigerados ou congelados. > -- Perca-do-nilo (<i>Lates niloticus</i>)",2026-09-28,Receita Federal / Siscomex
03043900,"Peixes e crustáceos, moluscos e outros invertebrados aquáticos. > Filés (filetes) de peixes e outra carne de peixes (mesmo picada), frescos, refrigerados ou congelados. > -- Outros",2026-09-28,Receita Federal / Siscomex
03044100,"Peixes e crustáceos, moluscos e outros invertebrados aquáticos. > Filés (filetes) de peixes e outra carne de peixes (mesmo picada), frescos, refrigerados ou congelados. > -- Salmões-do-pacífico (<i>Oncorhynchus nerka, Oncorhynchus gorbuscha, Oncorhynchus keta, Oncorhynchus tschawytscha, Oncorhynchus kisutch, Oncorhynchus masou</i> e <i>Oncorhynchus rhodurus</i>), salmão-do-atlântico (<i>Salmo salar</i>) e salmão-do-danúbio (<i>Hucho hucho</i>)",2026-09-28,Receita Federal / Siscomex
03044200,"Peixes e crustáceos, moluscos e outros invertebrados aquáticos. > Filés (filetes) de peixes e outra carne de peixes (mesmo picada), frescos, refrigerados ou congelados. > -- Trutas (<i>Salmo trutta, Oncorhynchus mykiss, Oncorhynchus clarki, Oncorhynchus aguabonita, Oncorhynchus gilae, Oncorhynchus apache</i> e <i>Oncorhynchus chrysogaster</i>)",2026-09-28,Receita Federal / Siscomex
03044300,"Peixes e crustáceos, moluscos e outros invertebrados aquáticos. > Filés (filetes) de peixes e outra carne de peixes (mesmo picada), frescos, refrigerados ou congelados. > -- Peixes chatos (<i>Pleuronectidae, Bothidae, Cynoglossidae, Soleidae, Scophthalmidae</i> e <i>Citharidae</i>)",2026-09-28,Receita Federal / Siscomex
03044400,"Peixes e crustáceos, moluscos e outros invertebrados aquáticos. > Filés (filetes) de peixes e outra carne de peixes (mesmo picada), frescos, refrigerados ou congelados. > -- Peixes das famílias <i>Bregmacerotidae, Euclichthyidae, Gadidae, Macrouridae, Melanonidae, Merlucciidae, Moridae</i> e <i>Muraenolepididae</i>",2026-09-28,Receita Federal / Siscomex
03044500,"Peixes e crustáceos, moluscos e outros invertebrados aquáticos. > Filés (filetes) de peixes e outra carne de peixes (mesmo picada), frescos, refrigerados ou congelados. > -- Espadarte (<i>Xiphias gladius</i>)",2026-09-28,Receita Federal / Siscomex
03044600,"Peixes e crustáceos, moluscos e outros invertebrados aquáticos. > Filés (filetes) de peixes e outra carne de peixes (mesmo picada), frescos, refrigerados ou congelados. > -- Merluza negra e merluza antártica (Marlongas*) (<i>Dissostichus</i> spp.)",2026-09-28,Receita Federal / Siscomex
03044700,"Peixes e crustáceos, moluscos e outros invertebrados aquáticos. > Filés (filetes) de peixes e outra carne de peixes (mesmo picada), frescos, refrigerados ou congelados. > -- Cação e outros tubarões",2026-09-28,Receita Federal / Siscomex
03044800,"Peixes e crustáceos, moluscos e outros invertebrados aquáticos. > Filés (filetes) de peixes e outra carne de peixes (mesmo picada), frescos, refrigerados ou congelados. > -- Raias (<i>Rajidae</i>)",2026-09-28,Receita Federal / Siscomex
03044910,"Peixes e crustáceos, moluscos e outros invertebrados aquáticos. > Filés (filetes) de peixes e outra carne de peixes (mesmo picada), frescos, refrigerados ou congelados. > -- Outros > Cherne-poveiro (<i>Polyprion americanus</i>)",2026-09-28,Receita Federal / Siscomex
03044920,"Peixes e crustáceos, moluscos e outros invertebrados aquáticos. > Filés (filetes) de peixes e outra carne de peixes (mesmo picada), frescos, refrigerados ou congelados. > -- Outros > Garoupas (<i>Acanthistius</i> spp.)",2026-09-28,Receita Federal / Siscomex
03044990,"Peixes e crustáceos, moluscos e outros invertebrados aquáticos. > Filés (filetes) de peixes e outra carne de peixes (mesmo picada), frescos, refrigerados ou congelados. > -- Outros > Outros",2026-09-28,Receita Federal / Siscomex
03045100,"Peixes e crustáceos, moluscos e outros invertebrados aquáticos. > Filés (filetes) de peixes e outra carne de peixes (mesmo picada), frescos, refrigerados ou congelados. > -- Tilápias (<i>Oreochromis</i> spp.), bagres (peixes-gato*) (<i>Pangasius</i> spp., <i>Silurus</i> spp., <i>Clarias</i> spp., <i>Ictalurus</i> spp.), carpas (<i>Cyprinus</i> spp., <i>Carassius</i> spp., <i>Ctenopharyngodon idellus</i>, <i>Hypophthalmichthys</i> spp., <i>Cirrhinus</i> spp., <i>Mylopharyngodon piceus</i>, <i>Catla catla</i>, <i>Labeo</i> spp., <i>Osteochilus hasselti</i>, <i>Leptobarbus hoeveni</i>, <i>Megalobrama</i> spp.), enguias (<i>Anguilla</i> spp.), perca-do-nilo (<i>Lates niloticus</i>) e peixes cabeça-de-serpente (<i>Channa</i> spp.)",2026-09-28,Receita Federal / Siscomex
03045200,"Peixes e crustáceos, moluscos e outros invertebrados aquáticos. > Filés (filetes) de peixes e outra carne de peixes (mesmo picada), frescos, refrigerados ou congelados. > -- Salmonídeos",2026-09-28,Receita Federal / Siscomex
03045300,"Peixes e crustáceos, moluscos e outros invertebrados aquáticos. > Filés (filetes) de peixes e outra carne de peixes (mesmo picada), frescos, refrigerados ou congelados. > -- Peixes das famílias <i>Bregmacerotidae, Euclichthyidae, Gadidae, Macrouridae, Melanonidae, Merlucciidae, Moridae</i> e <i>Muraenolepididae</i>",2026-09-28,Receita Federal / Siscomex
03045400,"Peixes e crustáceos, moluscos e outros invertebrados aquáticos. > Filés (filetes) de peixes e outra carne de peixes (mesmo picada), frescos, refrigerados ou congelados. > -- Espadarte (<i>Xiphias gladius</i>)",2026-09-28,Receita Federal / Siscomex
03045500,"Peixes e crustáceos, moluscos e outros invertebrados aquáticos. > Filés (filetes) de peixes e outra carne de peixes (mesmo picada), frescos, refrigerados ou congelados. > -- Merluza negra e merluza antártica (Marlongas*) (<i>Dissostichus</i> spp.)",2026-09-28,Receita Federal / Siscomex
03045600,"Peixes e crustáceos, moluscos e outros invertebrados aquáticos. > Filés (filetes) de peixes e outra carne de peixes (mesmo picada), frescos, refrigerados ou congelados. > -- Cação e outros tubarões",2026-09-28,Receita Federal / Siscomex
03045700,"Peixes e crustáceos, moluscos e outros invertebrados aquáticos. > Filés (filetes) de peixes e outra carne de peixes (mesmo picada), frescos, refrigerados ou congelados. > -- Raias (<i>Rajidae</i>)",2026-09-28,Receita Federal / Siscomex
03045900,"Peixes e crustáceos, moluscos e outros invertebrados aquáticos. > Filés (filetes) de peixes e outra carne de peixes (mesmo picada), frescos, refrigerados ou congelados. > -- Outros",2026-09-28,Receita Federal / Siscomex
03046100,"Peixes e crustáceos, moluscos e outros invertebrados aquáticos. > Filés (filetes) de peixes e outra carne de peixes (mesmo picada), frescos, refrigerados ou congelados. > -- Tilápias (<i>Oreochromis</i> spp.)",2026-09-28,Receita Federal / Siscomex
03046210,"Peixes e crustáceos, moluscos e outros invertebrados aquáticos. > Filés (filetes) de peixes e outra carne de peixes (mesmo picada), frescos, refrigerados ou congelados. > -- Bagres (Peixes-gato*) (<i>Pangasius</i> spp.<i>, Silurus</i> spp.<i>, Clarias</i> spp.<i>, Ictalurus</i> spp.) > Bagre americano (<i>Ictalurus punctatus</i>)",2026-09-28,Receita Federal / Siscomex
03046290,"Peixes e crustáceos, moluscos e outros invertebrados aquáticos. > Filés (filetes) de peixes e outra carne de peixes (mesmo picada), frescos, refrigerados ou congelados. > -- Bagres (Peixes-gato*) (<i>Pangasius</i> spp.<i>, Silurus</i> spp.<i>, Clarias</i> spp.<i>, Ictalurus</i> spp.) > Outros",2026-09-28,Receita Federal / Siscomex
03046300,"Peixes e crustáceos, moluscos e outros invertebrados aquáticos. > Filés (filetes) de peixes e outra carne de peixes (mesmo picada), frescos, refrigerados ou congelados. > -- Perca-do-nilo (<i>Lates niloticus</i>)",2026-09-28,Receita Federal / Siscomex
03046900,"Peixes e crustáceos, moluscos e outros invertebrados aquáticos. > Filés (filetes) de peixes e outra carne de peixes (mesmo picada), frescos, refrigerados ou congelados. > -- Outros",2026-09-28,Receita Federal / Siscomex
03047100,"Peixes e crustáceos, moluscos e outros invertebrados aquáticos. > Filés (filetes) de peixes e outra carne de peixes (mesmo picada), frescos, refrigerados ou congelados. > -- Bacalhau-do-atlântico (<i>Gadus morhua</i>), bacalhau-da-groelândia (<i>Gadus ogac</i>) e bacalhau-do-pacífico (<i>Gadus macrocephalus</i>)",2026-09-28,Receita Federal / Siscomex
03047200,"Peixes e crustáceos, moluscos e outros invertebrados aquáticos. > Filés (filetes) de peixes e outra carne de peixes (mesmo picada), frescos, refrigerados ou congelados. > -- Hadoque (Arinca*) (<i>Melanogrammus aeglefinus</i>)",2026-09-28,Receita Federal / Siscomex
03047300,"Peixes e crustáceos, moluscos e outros invertebrados aquáticos. > Filés (filetes) de peixes e outra carne de peixes (mesmo picada), frescos, refrigerados ou congelados. > -- Saithe (Escamudo*) (<i>Pollachius virens</i>)",2026-09-28,Receita Federal / Siscomex
03047400,"Peixes e crustáceos, moluscos e outros invertebrados aquáticos. > Filés (filetes) de peixes e outra carne de peixes (mesmo picada), frescos, refrigerados ou congelados. > -- Merluzas (Pescadas*) e abróteas (<i>Merluccius</i> spp.<i>, Urophycis</i> spp.)",2026-09-28,Receita Federal / Siscomex
03047500,"Peixes e crustáceos, moluscos e outros invertebrados aquáticos. > Filés (filetes) de peixes e outra carne de peixes (mesmo picada), frescos, refrigerados ou congelados. > -- Polaca-do-alasca (Escamudo-do-alasca*) (<i>Theragra chalcogramma</i>)",2026-09-28,Receita Federal / Siscomex
03047900,"Peixes e crustáceos, moluscos e outros invertebrados aquáticos. > Filés (filetes) de peixes e outra carne de peixes (mesmo picada), frescos, refrigerados ou congelados. > -- Outros",2026-09-28,Receita Federal / Siscomex
03048100,"Peixes e crustáceos, moluscos e outros invertebrados aquáticos. > Filés (filetes) de peixes e outra carne de peixes (mesmo picada), frescos, refrigerados ou congelados. > -- Salmões-do-pacífico (<i>Oncorhynchus nerka, Oncorhynchus gorbuscha, Oncorhynchus keta, Oncorhynchus tschawytscha, Oncorhynchus kisutch, Oncorhynchus masou</i> e <i>Oncorhynchus rhodurus</i>), salmão-do-atlântico (<i>Salmo salar</i>) e salmão-do-danúbio (<i>Hucho hucho</i>)",2026-09-28,Receita Federal / Siscomex
03048200,"Peixes e crustáceos, moluscos e outros invertebrados aquáticos. > Filés (filetes) de peixes e outra carne de peixes (mesmo picada), frescos, refrigerados ou congelados. > -- Trutas (<i>Salmo trutta, Oncorhynchus mykiss, Oncorhynchus clarki, Oncorhynchus aguabonita, Oncorhynchus gilae, Oncorhynchus apache</i> e <i>Oncorhynchus chrysogaster</i>)",2026-09-28,Receita Federal / Siscomex
03048300,"Peixes e crustáceos, moluscos e outros invertebrados aquáticos. > Filés (filetes) de peixes e outra carne de peixes (mesmo picada), frescos, refrigerados ou congelados. > -- Peixes chatos (<i>Pleuronectidae, Bothidae, Cynoglossidae, Soleidae, Scophthalmidae</i> e <i>Citharidae</i>)",2026-09-28,Receita Federal / Siscomex
03048400,"Peixes e crustáceos, moluscos e outros invertebrados aquáticos. > Filés (filetes) de peixes e outra carne de peixes (mesmo picada), frescos, refrigerados ou congelados. > -- Espadarte (<i>Xiphias gladius</i>)",2026-09-28,Receita Federal / Siscomex
03048510,"Peixes e crustáceos, moluscos e outros invertebrados aquáticos. > Filés (filetes) de peixes e outra carne de peixes (mesmo picada), frescos, refrigerados ou congelados. > -- Merluza negra e merluza antártica (Marlongas*) (<i>Dissostichus</i> spp.) > Merluza negra (<i>Dissostichus eleginoides</i>)",2026-09-28,Receita Federal / Siscomex
03048520,"Peixes e crustáceos, moluscos e outros invertebrados aquáticos. > Filés (filetes) de peixes e outra carne de peixes (mesmo picada), frescos, refrigerados ou congelados. > -- Merluza negra e merluza antártica (Marlongas*) (<i>Dissostichus</i> spp.) > Merluza antártica (<i>Dissostichus mawsoni</i>)",2026-09-28,Receita Federal / Siscomex
03048600,"Peixes e crustáceos, moluscos e outros invertebrados aquáticos. > Filés (filetes) de peixes e outra carne de peixes (mesmo picada), frescos, refrigerados ou congelados. > -- Arenques (<i>Clupea harengus, Clupea pallasii</i>)",2026-09-28,Receita Federal / Siscomex
03048700,"Peixes e crustáceos, moluscos e outros invertebrados aquáticos. > Filés (filetes) de peixes e outra carne de peixes (mesmo picada), frescos, refrigerados ou congelados. > -- Atuns (do gênero <i>Thunnus</i>), bonito-listrado (gaiado*) (<i>Katsuwonus pelamis</i>)",2026-09-28,Receita Federal / Siscomex
03048810,"Peixes e crustáceos, moluscos e outros invertebrados aquáticos. > Filés (filetes) de peixes e outra carne de peixes (mesmo picada), frescos, refrigerados ou congelados. > -- Cação e outros tubarões, raias (<i>Rajidae</i>) > Tubarão-azul (<i>Prionace glauca</i>)",2026-09-28,Receita Federal / Siscomex
03048890,"Peixes e crustáceos, moluscos e outros invertebrados aquáticos. > Filés (filetes) de peixes e outra carne de peixes (mesmo picada), frescos, refrigerados ou congelados. > -- Cação e outros tubarões, raias (<i>Rajidae</i>) > Outros",2026-09-28,Receita Federal / Siscomex
03048910,"Peixes e crustáceos, moluscos e outros invertebrados aquáticos. > Filés (filetes) de peixes e outra carne de peixes (mesmo picada), frescos, refrigerados ou congelados. > -- Outros > Pargo (<i>Lutjanus purpureus</i>)",2026-09-28,Receita Federal / Siscomex
03048920,"Peixes e crustáceos, moluscos e outros invertebrados aquáticos. > Filés (filetes) de peixes e outra carne de peixes (mesmo picada), frescos, refrigerados ou congelados. > -- Outros > Cherne-poveiro (<i>Polyprion americanus</i>)",2026-09-28,Receita Federal / Siscomex
03048930,"Peixes e crustáceos, moluscos e outros invertebrados aquáticos. > Filés (filetes) de peixes e outra carne de peixes (mesmo picada), frescos, refrigerados ou congelados. > -- Outros > Garoupas (<i>Acanthistius</i> spp.)",2026-09-28,Receita Federal / Siscomex
03048990,"Peixes e crustáceos, moluscos e outros invertebrados aquáticos. > Filés (filetes) de peixes e outra carne de peixes (mesmo picada), frescos, refrigerados ou congelados. > -- Outros > Outros",2026-09-28,Receita Federal / Siscomex
03049100,"Peixes e crustáceos, moluscos e outros invertebrados aquáticos. > Filés (filetes) de peixes e outra carne de peixes (mesmo picada), frescos, refrigerados ou congelados. > -- Espadarte (<i>Xiphias gladius</i>)",2026-09-28,Receita Federal / Siscomex
03049211,"Peixes e crustáceos, moluscos e outros invertebrados aquáticos. > Filés (filetes) de peixes e outra carne de peixes (mesmo picada), frescos, refrigerados ou congelados. > -- Merluza negra e merluza antártica (Marlongas*) (<i>Dissostichus</i> spp.) > Bochechas (<i>cheeks</i>)",2026-09-28,Receita Federal / Siscomex
03049212,"Peixes e crustáceos, moluscos e outros invertebrados aquáticos. > Filés (filetes) de peixes e outra carne de peixes (mesmo picada), frescos, refrigerados ou congelados. > -- Merluza negra e merluza antártica (Marlongas*) (<i>Dissostichus</i> spp.) > Colares (<i>collars</i>)",2026-09-28,Receita Federal / Siscomex
03049219,"Peixes e crustáceos, moluscos e outros invertebrados aquáticos. > Filés (filetes) de peixes e outra carne de peixes (mesmo picada), frescos, refrigerados ou congelados. > -- Merluza negra e merluza antártica (Marlongas*) (<i>Dissostichus</i> spp.) > Outros",2026-09-28,Receita Federal / Siscomex
03049221,"Peixes e crustáceos, moluscos e outros invertebrados aquáticos. > Filés (filetes) de peixes e outra carne de peixes (mesmo picada), frescos, refrigerados ou congelados. > -- Merluza negra e merluza antártica (Marlongas*) (<i>Dissostichus</i> spp.) > Bochechas (<i>cheeks</i>)",2026-09-28,Receita Federal / Siscomex
03049222,"Peixes e crustáceos, moluscos e outros invertebrados aquáticos. > Filés (filetes) de peixes e outra carne de peixes (mesmo picada), frescos, refrigerados ou congelados. > -- Merluza negra e merluza antártica (Marlongas*) (<i>Dissostichus</i> spp.) > Colares (<i>collars</i>)",2026-09-28,Receita Federal / Siscomex
03049229,"Peixes e crustáceos, moluscos e outros invertebrados aquáticos. > Filés (filetes) de peixes e outra carne de peixes (mesmo picada), frescos, refrigerados ou congelados. > -- Merluza negra e merluza antártica (Marlongas*) (<i>Dissostichus</i> spp.) > Outros",2026-09-28,Receita Federal / Siscomex
03049300,"Peixes e crustáceos, moluscos e outros invertebrados aquáticos. > Filés (filetes) de peixes e outra carne de peixes (mesmo picada), frescos, refrigerados ou congelados. > -- Tilápias (<i>Oreochromis</i> spp.), bagres (peixes-gato*) (<i>Pangasius</i> spp.<i>, Silurus</i> spp.<i>, Clarias</i> spp.<i>, Ictalurus</i> spp.), carpas (<i>Cyprinus</i> spp.<i>, Carassius</i> spp.<i>, Ctenopharyngodon idellus, Hypophthalmichthys</i> spp.<i>, Cirrhinus</i> spp.<i>, Mylopharyngodon piceus, Catla catla, Labeo</i> spp.<i>, Osteochilus hasselti, Leptobarbus hoeveni, Megalobrama</i> spp.), enguias (<i>Anguilla</i> spp.), perca-do-nilo (<i>Lates niloticus</i>) e peixes cabeça-de-serpente (<i>Channa</i> spp.)",2026-09-28,Receita Federal / Siscomex
03049400,"Peixes e crustáceos, moluscos e outros invertebrados aquáticos. > Filés (filetes) de peixes e outra carne de peixes (mesmo picada), frescos, refrigerados ou congelados. > -- Polaca-do-alasca (Escamudo-do-alasca*) (<i>Theragra chalcogramma</i>)",2026-09-28,Receita Federal / Siscomex
03049500,"Peixes e crustáceos, moluscos e outros invertebrados aquáticos. > Filés (filetes) de peixes e outra carne de peixes (mesmo picada), frescos, refrigerados ou congelados. > -- Peixes das famílias <i>Bregmacerotidae, Euclichthyidae, Gadidae, Macrouridae, Melanonidae, Merlucciidae, Moridae</i> e <i>Muraenolepididae</i>, exceto a polaca-do-alasca (escamudo-do-alasca*) (<i>Theragra chalcogramma</i>)",2026-09-28,Receita Federal / Siscomex
03049600,"Peixes e crustáceos, moluscos e outros invertebrados aquáticos. > Filés (filetes) de peixes e outra carne de peixes (mesmo picada), frescos, refrigerados ou congelados. > -- Cação e outros tubarões",2026-09-28,Receita Federal / Siscomex
03049700,"Peixes e crustáceos, moluscos e outros invertebrados aquáticos. > Filés (filetes) de peixes e outra carne de peixes (mesmo picada), frescos, refrigerados ou congelados. > -- Raias (<i>Rajidae</i>)",2026-09-28,Receita Federal / Siscomex
03049900,"Peixes e crustáceos, moluscos e outros invertebrados aquáticos. > Filés (filetes) de peixes e outra carne de peixes (mesmo picada), frescos, refrigerados ou congelados. > -- Outros",2026-09-28,Receita Federal / Siscomex
03052010,"Peixes e crustáceos, moluscos e outros invertebrados aquáticos. > Peixes secos, salgados ou em salmoura; peixes defumados (fumados), mesmo cozidos antes ou durante a defumação. > - Fígados, ovas e gônadas masculinas, de peixes, secos, defumados (fumados), salgados ou em salmoura > Ovas de tainhas (<i>Mugil</i> spp.)",2026-09-28,Receita Federal / Siscomex
03052090,"Peixes e crustáceos, moluscos e outros invertebrados aquáticos. > Peixes secos, salgados ou em salmoura; peixes defumados (fumados), mesmo cozidos antes ou durante a defumação. > - Fígados, ovas e gônadas masculinas, de peixes, secos, defumados (fumados), salgados ou em salmoura > Outros",2026-09-28,Receita Federal / Siscomex
03053100,"Peixes e crustáceos, moluscos e outros invertebrados aquáticos. > Peixes secos, salgados ou em salmoura; peixes defumados (fumados), mesmo cozidos antes ou durante a defumação. > -- Tilápias (<i>Oreochromis</i> spp.), bagres (peixes-gato*) (<i>Pangasius</i> spp.<i>, Silurus</i> spp.<i>, Clarias</i> spp.<i>, Ictalurus</i> spp.), carpas (<i>Cyprinus</i> spp.<i>, Carassius</i> spp.<i>, Ctenopharyngodon idellus, Hypophthalmichthys</i> spp.<i>, Cirrhinus</i> spp.<i>, Mylopharyngodon piceus, Catla catla, Labeo</i> spp.<i>, Osteochilus hasselti, Leptobarbus hoeveni, Megalobrama</i> spp.), enguias (<i>Anguilla</i> spp.), perca-do-nilo (<i>Lates niloticus</i>) e peixes cabeça-de-serpente (<i>Channa</i> spp.)",2026-09-28,Receita Federal / Siscomex
03053210,"Peixes e crustáceos, moluscos e outros invertebrados aquáticos. > Peixes secos, salgados ou em salmoura; peixes defumados (fumados), mesmo cozidos antes ou durante a defumação. > -- Peixes das famílias <i>Bregmacerotidae, Euclichthyidae, Gadidae, Macrouridae, Melanonidae, Merlucciidae, Moridae</i> e <i>Muraenolepididae</i> > Bacalhau-do-atlântico (<i>Gadus morhua</i>), bacalhau-da-groelândia (<i>Gadus ogac</i>) e bacalhau-do-pacífico (<i>Gadus macrocephalus</i>)",2026-09-28,Receita Federal / Siscomex
03053220,"Peixes e crustáceos, moluscos e outros invertebrados aquáticos. > Peixes secos, salgados ou em salmoura; peixes defumados (fumados), mesmo cozidos antes ou durante a defumação. > -- Peixes das famílias <i>Bregmacerotidae, Euclichthyidae, Gadidae, Macrouridae, Melanonidae, Merlucciidae, Moridae</i> e <i>Muraenolepididae</i> > Saithe (<i>Pollachius virens</i>)",2026-09-28,Receita Federal / Siscomex
03053230,"Peixes e crustáceos, moluscos e outros invertebrados aquáticos. > Peixes secos, salgados ou em salmoura; peixes defumados (fumados), mesmo cozidos antes ou durante a defumação. > -- Peixes das famílias <i>Bregmacerotidae, Euclichthyidae, Gadidae, Macrouridae, Melanonidae, Merlucciidae, Moridae</i> e <i>Muraenolepididae</i> > Ling (<i>Molva molva</i>) e zarbo (<i>Brosme brosme</i>)",2026-09-28,Receita Federal / Siscomex
03053290,"Peixes e crustáceos, moluscos e outros invertebrados aquáticos. > Peixes secos, salgados ou em salmoura; peixes defumados (fumados), mesmo cozidos antes ou durante a defumação. > -- Peixes das famílias <i>Bregmacerotidae, Euclichthyidae, Gadidae, Macrouridae, Melanonidae, Merlucciidae, Moridae</i> e <i>Muraenolepididae</i> > Outros",2026-09-28,Receita Federal / Siscomex
03053900,"Peixes e crustáceos, moluscos e outros invertebrados aquáticos. > Peixes secos, salgados ou em salmoura; peixes defumados (fumados), mesmo cozidos antes ou durante a defumação. > -- Outros",2026-09-28,Receita Federal / Siscomex
03054100,"Peixes e crustáceos, moluscos e outros invertebrados aquáticos. > Peixes secos, salgados ou em salmoura; peixes defumados (fumados), mesmo cozidos antes ou durante a defumação. > -- Salmões-do-pacífico (<i>Oncorhynchus nerka, Oncorhynchus gorbuscha, Oncorhynchus keta, Oncorhynchus tschawytscha, Oncorhynchus kisutch, Oncorhynchus masou</i> e <i>Oncorhynchus rhodurus</i>), salmão-do-atlântico (<i>Salmo salar</i>) e salmão-do-danúbio (<i>Hucho hucho</i>)",2026-09-28,Receita Federal / Siscomex
03054200,"Peixes e crustáceos, moluscos e outros invertebrados aquáticos. > Peixes secos, salgados ou em salmoura; peixes defumados (fumados), mesmo cozidos antes ou durante a defumação. > -- Arenques (<i>Clupea harengus, Clupea pallasii</i>)",2026-09-28,Receita Federal / Siscomex
03054300,"Peixes e crustáceos, moluscos e outros invertebrados aquáticos. > Peixes secos, salgados ou em salmoura; peixes defumados (fumados), mesmo cozidos antes ou durante a defumação. > -- Trutas (<i>Salmo trutta, Oncorhynchus mykiss, Oncorhynchus clarki, Oncorhynchus aguabonita, Oncorhynchus gilae, Oncorhynchus apache</i> e <i>Oncorhynchus chrysogaster</i>)",2026-09-28,Receita Federal / Siscomex
03054400,"Peixes e crustáceos, moluscos e outros invertebrados aquáticos. > Peixes secos, salgados ou em salmoura; peixes defumados (fumados), mesmo cozidos antes ou durante a defumação. > -- Tilápias (<i>Oreochromis</i> spp.), bagres (peixes-gato*) (<i>Pangasius</i> spp.<i>, Silurus</i> spp.<i>, Clarias</i> spp.<i>, Ictalurus</i> spp.), carpas (<i>Cyprinus</i> spp.<i>, Carassius</i> spp.<i>, Ctenopharyngodon idellus, Hypophthalmichthys</i> spp.<i>, Cirrhinus</i> spp.<i>, Mylopharyngodon piceus, Catla catla, Labeo</i> spp.<i>, Osteochilus hasselti, Leptobarbus hoeveni, Megalobrama</i> spp.), enguias (<i>Anguilla</i> spp.), perca-do-nilo (<i>Lates niloticus</i>) e peixes cabeça-de-serpente (<i>Channa</i> spp.)",2026-09-28,Receita Federal / Siscomex
03054910,"Peixes e crustáceos, moluscos e outros invertebrados aquáticos. > Peixes secos, salgados ou em salmoura; peixes defumados (fumados), mesmo cozidos antes ou durante a defumação. > -- Outros > Bacalhau-do-atlântico (<i>Gadus morhua</i>), bacalhau-da-groelândia (<i>Gadus ogac</i>) e bacalhau-do-pacífico (<i>Gadus macrocephalus</i>)",2026-09-28,Receita Federal / Siscomex
03054920,"Peixes e crustáceos, moluscos e outros invertebrados aquáticos. > Peixes secos, salgados ou em salmoura; peixes defumados (fumados), mesmo cozidos antes ou durante a defumação. > -- Outros > Saithe (<i>Pollachius virens</i>), ling (<i>Molva molva</i>) e zarbo (<i>Brosme brosme</i>)",2026-09-28,Receita Federal / Siscomex
03054990,"Peixes e crustáceos, moluscos e outros invertebrados aquáticos. > Peixes secos, salgados ou em salmoura; peixes defumados (fumados), mesmo cozidos antes ou durante a defumação. > -- Outros > Outros",2026-09-28,Receita Federal / Siscomex
03055100,"Peixes e crustáceos, moluscos e outros invertebrados aquáticos. > Peixes secos, salgados ou em salmoura; peixes defumados (fumados), mesmo cozidos antes ou durante a defumação. > -- Bacalhau-do-atlântico (<i>Gadus morhua</i>), bacalhau-da-groelândia (<i>Gadus ogac</i>) e bacalhau-do-pacífico (<i>Gadus macrocephalus</i>)",2026-09-28,Receita Federal / Siscomex
03055200,"Peixes e crustáceos, moluscos e outros invertebrados aquáticos. > Peixes secos, salgados ou em salmoura; peixes defumados (fumados), mesmo cozidos antes ou durante a defumação. > -- Tilápias (<i>Oreochromis</i> spp.), bagres (peixes-gato*) (<i>Pangasius</i> spp.<i>, Silurus</i> spp.<i>, Clarias</i> spp.<i>, Ictalurus</i> spp.), carpas (<i>Cyprinus</i> spp.<i>, Carassius</i> spp.<i>, Ctenopharyngodon idellus, Hypophthalmichthys</i> spp.<i>, Cirrhinus</i> spp.<i>, Mylopharyngodon piceus, Catla catla, Labeo</i> spp.<i>, Osteochilus hasselti, Leptobarbus hoeveni, Megalobrama</i> spp.), enguias (<i>Anguilla</i> spp.), perca-do-nilo (<i>Lates niloticus</i>) e peixes cabeça-de-serpente (<i>Channa</i> spp.)",2026-09-28,Receita Federal / Siscomex
03055310,"Peixes e crustáceos, moluscos e outros invertebrados aquáticos. > Peixes secos, salgados ou em salmoura; peixes defumados (fumados), mesmo cozidos antes ou durante a defumação. > -- Peixes das famílias <i>Bregmacerotidae</i>, <i>Euclichthyidae</i>, <i>Gadidae</i>, <i>Macrouridae</i>, <i>Melanonidae</i>, <i>Merlucciidae</i>, <i>Moridae</i> e <i>Muraenolepididae</i>, exceto bacalhau (<i>Gadus morhua</i>, <i>Gadus ogac</i>, <i>Gadus macrocephalus</i>) > Bacalhau polar (<i>Boreogadus saida</i>), saithe (<i>Pollachius virens</i>), ling (<i>Molva molva</i>), ling azul (<i>Molva dypterygia</i>), zarbo (<i>Brosme brosme</i>), abrotea-do-alto (<i>Urophycis blennoides</i>) e hadoque (<i>Melanogrammus aeglefinus</i>)",2026-09-28,Receita Federal / Siscomex
03055390,"Peixes e crustáceos, moluscos e outros invertebrados aquáticos. > Peixes secos, salgados ou em salmoura; peixes defumados (fumados), mesmo cozidos antes ou durante a defumação. > -- Peixes das famílias <i>Bregmacerotidae</i>, <i>Euclichthyidae</i>, <i>Gadidae</i>, <i>Macrouridae</i>, <i>Melanonidae</i>, <i>Merlucciidae</i>, <i>Moridae</i> e <i>Muraenolepididae</i>, exceto bacalhau (<i>Gadus morhua</i>, <i>Gadus ogac</i>, <i>Gadus macrocephalus</i>) > Outros",2026-09-28,Receita Federal / Siscomex
03055400,"Peixes e crustáceos, moluscos e outros invertebrados aquáticos. > Peixes secos, salgados ou em salmoura; peixes defumados (fumados), mesmo cozidos antes ou durante a defumação. > -- Arenques (<i>Clupea harengus, Clupea pallasii</i>), anchovas (biqueirões*) (<i>Engraulis</i> spp.), sardinhas (<i>Sardina pilchardus, Sardinops</i> spp.<i>, Sardinella</i> spp.) (sardinha (<i>Sardina pilchardus</i>) e sardinelas (<i>Sardinops</i> spp., <i>Sardinella</i> spp.)*), anchoveta (espadilha*) (<i>Sprattus sprattus</i>), cavalinhas (sardas e cavalas*) (<i>Scomber scombrus, Scomber australasicus, Scomber japonicus</i>), cavalas-do-índico (<i>Rastrelliger</i> spp.), serras (<i>Scomberomorus</i> spp.), carapaus (<i>Trachurus</i> spp.), xaréus (<i>Caranx</i> spp.), bijupirá (cobia*) (<i>Rachycentron canadum</i>), pampos-prateado (<i>Pampus</i> spp.), agulhão-do-japão (<i>Cololabis saira</i>), charros (<i>Decapterus</i> spp.), capelim (<i>Mallotus villosus</i>), espadarte (<i>Xiphias gladius</i>), merma-oriental (<i>Euthynnus affinis</i>), bonitos (<i>Sarda</i> spp.), espadins, marlins, veleiros (<i>Istiophoridae</i>)",2026-09-28,Receita Federal / Siscomex
03055900,"Peixes e crustáceos, moluscos e outros invertebrados aquáticos. > Peixes secos, salgados ou em salmoura; peixes defumados (fumados), mesmo cozidos antes ou durante a defumação. > -- Outros",2026-09-28,Receita Federal / Siscomex
03056100,"Peixes e crustáceos, moluscos e outros invertebrados aquáticos. > Peixes secos, salgados ou em salmoura; peixes defumados (fumados), mesmo cozidos antes ou durante a defumação. > -- Arenques (<i>Clupea harengus, Clupea pallasii</i>)",2026-09-28,Receita Federal / Siscomex
03056200,"Peixes e crustáceos, moluscos e outros invertebrados aquáticos. > Peixes secos, salgados ou em salmoura; peixes defumados (fumados), mesmo cozidos antes ou durante a defumação. > -- Bacalhau-do-atlântico (<i>Gadus morhua</i>), bacalhau-da-groelândia (<i>Gadus ogac</i>) e bacalhau-do-pacífico (<i>Gadus macrocephalus</i>)",2026-09-28,Receita Federal / Siscomex
03056300,"Peixes e crustáceos, moluscos e outros invertebrados aquáticos. > Peixes secos, salgados ou em salmoura; peixes defumados (fumados), mesmo cozidos antes ou durante a defumação. > -- Anchovas (Biqueirões*) (<i>Engraulis</i> spp.)",2026-09-28,Receita Federal / Siscomex
03056400,"Peixes e crustáceos, moluscos e outros invertebrados aquáticos. > Peixes secos, salgados ou em salmoura; peixes defumados (fumados), mesmo cozidos antes ou durante a defumação. > -- Tilápias (<i>Oreochromis</i> spp.), bagres (peixes-gato*) (<i>Pangasius</i> spp.<i>, Silurus</i> spp.<i>, Clarias</i> spp.<i>, Ictalurus</i> spp.), carpas (<i>Cyprinus</i> spp.<i>, Carassius</i> spp.<i>, Ctenopharyngodon idellus, Hypophthalmichthys</i> spp.<i>, Cirrhinus</i> spp.<i>, Mylopharyngodon piceus, Catla catla, Labeo</i> spp.<i>, Osteochilus hasselti, Leptobarbus hoeveni, Megalobrama</i> spp.), enguias (<i>Anguilla</i> spp.), perca-do-nilo (<i>Lates niloticus</i>) e peixes cabeça-de-serpente (<i>Channa</i> spp.)",2026-09-28,Receita Federal / Siscomex
03056910,"Peixes e crustáceos, moluscos e outros invertebrados aquáticos. > Peixes secos, salgados ou em salmoura; peixes defumados (fumados), mesmo cozidos antes ou durante a defumação. > -- Outros > Saithe (<i>Pollachius virens</i>), ling (<i>Molva molva</i>) e zarbo (<i>Brosme brosme</i>)",2026-09-28,Receita Federal / Siscomex
03056990,"Peixes e crustáceos, moluscos e outros invertebrados aquáticos. > Peixes secos, salgados ou em salmoura; peixes defumados (fumados), mesmo cozidos antes ou durante a defumação. > -- Outros > Outros",2026-09-28,Receita Federal / Siscomex
03057100,"Peixes e crustáceos, moluscos e outros invertebrados aquáticos. > Peixes secos, salgados ou em salmoura; peixes defumados (fumados), mesmo cozidos antes ou durante a defumação. > -- Barbatanas de tubarão",2026-09-28,Receita Federal / Siscomex
03057200,"Peixes e crustáceos, moluscos e outros invertebrados aquáticos. > Peixes secos, salgados ou em salmoura; peixes defumados (fumados), mesmo cozidos antes ou durante a defumação. > -- Cabeças, caudas e bexigas-natatórias, de peixes",2026-09-28,Receita Federal / Siscomex
03057900,"Peixes e crustáceos, moluscos e outros invertebrados aquáticos. > Peixes secos, salgados ou em salmoura; peixes defumados (fumados), mesmo cozidos antes ou durante a defumação. > -- Outros",2026-09-28,Receita Federal / Siscomex
03061110,"Peixes e crustáceos, moluscos e outros invertebrados aquáticos. > Crustáceos, mesmo com casca, vivos, frescos, refrigerados, congelados, secos, salgados ou em salmoura; crustáceos, mesmo com casca, defumados (fumados), mesmo cozidos antes ou durante a defumação; crustáceos com casca, cozidos em água ou vapor, mesmo refrigerados, congelados, secos, salgados ou em salmoura. > -- Lagostas (<i>Palinurus</i> spp.<i>, Panulirus</i> spp.<i>, Jasus</i> spp.) > Inteiras",2026-09-28,Receita Federal / Siscomex
03061190,"Peixes e crustáceos, moluscos e outros invertebrados aquáticos. > Crustáceos, mesmo com casca, vivos, frescos, refrigerados, congelados, secos, salgados ou em salmoura; crustáceos, mesmo com casca, defumados (fumados), mesmo cozidos antes ou durante a defumação; crustáceos com casca, cozidos em água ou vapor, mesmo refrigerados, congelados, secos, salgados ou em salmoura. > -- Lagostas (<i>Palinurus</i> spp.<i>, Panulirus</i> spp.<i>, Jasus</i> spp.) > Outras",2026-09-28,Receita Federal / Siscomex
03061200,"Peixes e crustáceos, moluscos e outros invertebrados aquáticos. > Crustáceos, mesmo com casca, vivos, frescos, refrigerados, congelados, secos, salgados ou em salmoura; crustáceos, mesmo com casca, defumados (fumados), mesmo cozidos antes ou durante a defumação; crustáceos com casca, cozidos em água ou vapor, mesmo refrigerados, congelados, secos, salgados ou em salmoura. > -- Lavagantes (<i>Homarus</i> spp.)",2026-09-28,Receita Federal / Siscomex
03061400,"Peixes e crustáceos, moluscos e outros invertebrados aquáticos. > Crustáceos, mesmo com casca, vivos, frescos, refrigerados, congelados, secos, salgados ou em salmoura; crustáceos, mesmo com casca, defumados (fumados), mesmo cozidos antes ou durante a defumação; crustáceos com casca, cozidos em água ou vapor, mesmo refrigerados, congelados, secos, salgados ou em salmoura. > -- Caranguejos",2026-09-28,Receita Federal / Siscomex
03061500,"Peixes e crustáceos, moluscos e outros invertebrados aquáticos. > Crustáceos, mesmo com casca, vivos, frescos, refrigerados, congelados, secos, salgados ou em salmoura; crustáceos, mesmo com casca, defumados (fumados), mesmo cozidos antes ou durante a defumação; crustáceos com casca, cozidos em água ou vapor, mesmo refrigerados, congelados, secos, salgados ou em salmoura. > -- Lagosta norueguesa (Lagostim*) (<i>Nephrops norvegicus</i>)",2026-09-28,Receita Federal / Siscomex
03061610,"Peixes e crustáceos, moluscos e outros invertebrados aquáticos. > Crustáceos, mesmo com casca, vivos, frescos, refrigerados, congelados, secos, salgados ou em salmoura; crustáceos, mesmo com casca, defumados (fumados), mesmo cozidos antes ou durante a defumação; crustáceos com casca, cozidos em água ou vapor, mesmo refrigerados, congelados, secos, salgados ou em salmoura. > -- Camarões de água fria (<i>Pandalus</i> spp.<i>, Crangon crangon</i>) > Inteiros",2026-09-28,Receita Federal / Siscomex
03061690,"Peixes e crustáceos, moluscos e outros invertebrados aquáticos. > Crustáceos, mesmo com casca, vivos, frescos, refrigerados, congelados, secos, salgados ou em salmoura; crustáceos, mesmo com casca, defumados (fumados), mesmo cozidos antes ou durante a defumação; crustáceos com casca, cozidos em água ou vapor, mesmo refrigerados, congelados, secos, salgados ou em salmoura. > -- Camarões de água fria (<i>Pandalus</i> spp.<i>, Crangon crangon</i>) > Outros",2026-09-28,Receita Federal / Siscomex
03061710,"Peixes e crustáceos, moluscos e outros invertebrados aquáticos. > Crustáceos, mesmo com casca, vivos, frescos, refrigerados, congelados, secos, salgados ou em salmoura; crustáceos, mesmo com casca, defumados (fumados), mesmo cozidos antes ou durante a defumação; crustáceos com casca, cozidos em água ou vapor, mesmo refrigerados, congelados, secos, salgados ou em salmoura. > -- Outros camarões > Inteiros",2026-09-28,Receita Federal / Siscomex
03061790,"Peixes e crustáceos, moluscos e outros invertebrados aquáticos. > Crustáceos, mesmo com casca, vivos, frescos, refrigerados, congelados, secos, salgados ou em salmoura; crustáceos, mesmo com casca, defumados (fumados), mesmo cozidos antes ou durante a defumação; crustáceos com casca, cozidos em água ou vapor, mesmo refrigerados, congelados, secos, salgados ou em salmoura. > -- Outros camarões > Outros",2026-09-28,Receita Federal / Siscomex
03061910,"Peixes e crustáceos, moluscos e outros invertebrados aquáticos. > Crustáceos, mesmo com casca, vivos, frescos, refrigerados, congelados, secos, salgados ou em salmoura; crustáceos, mesmo com casca, defumados (fumados), mesmo cozidos antes ou durante a defumação; crustáceos com casca, cozidos em água ou vapor, mesmo refrigerados, congelados, secos, salgados ou em salmoura. > -- Outros > Krill (<i>Euphausia superba</i>)",2026-09-28,Receita Federal / Siscomex
03061990,"Peixes e crustáceos, moluscos e outros invertebrados aquáticos. > Crustáceos, mesmo com casca, vivos, frescos, refrigerados, congelados, secos, salgados ou em salmoura; crustáceos, mesmo com casca, defumados (fumados), mesmo cozidos antes ou durante a defumação; crustáceos com casca, cozidos em água ou vapor, mesmo refrigerados, congelados, secos, salgados ou em salmoura. > -- Outros > Outros",2026-09-28,Receita Federal / Siscomex
03063100,"Peixes e crustáceos, moluscos e outros invertebrados aquáticos. > Crustáceos, mesmo com casca, vivos, frescos, refrigerados, congelados, secos, salgados ou em salmoura; crustáceos, mesmo com casca, defumados (fumados), mesmo cozidos antes ou durante a defumação; crustáceos com casca, cozidos em água ou vapor, mesmo refrigerados, congelados, secos, salgados ou em salmoura. > -- Lagostas (<i>Palinurus</i> spp., <i>Panulirus</i> spp., <i>Jasus</i> spp.)",2026-09-28,Receita Federal / Siscomex
03063200,"Peixes e crustáceos, moluscos e outros invertebrados aquáticos. > Crustáceos, mesmo com casca, vivos, frescos, refrigerados, congelados, secos, salgados ou em salmoura; crustáceos, mesmo com casca, defumados (fumados), mesmo cozidos antes ou durante a defumação; crustáceos com casca, cozidos em água ou vapor, mesmo refrigerados, congelados, secos, salgados ou em salmoura. > -- Lavagantes (<i>Homarus</i> spp.)",2026-09-28,Receita Federal / Siscomex
03063300,"Peixes e crustáceos, moluscos e outros invertebrados aquáticos. > Crustáceos, mesmo com casca, vivos, frescos, refrigerados, congelados, secos, salgados ou em salmoura; crustáceos, mesmo com casca, defumados (fumados), mesmo cozidos antes ou durante a defumação; crustáceos com casca, cozidos em água ou vapor, mesmo refrigerados, congelados, secos, salgados ou em salmoura. > -- Caranguejos",2026-09-28,Receita Federal / Siscomex
03063400,"Peixes e crustáceos, moluscos e outros invertebrados aquáticos. > Crustáceos, mesmo com casca, vivos, frescos, refrigerados, congelados, secos, salgados ou em salmoura; crustáceos, mesmo com casca, defumados (fumados), mesmo cozidos antes ou durante a defumação; crustáceos com casca, cozidos em água ou vapor, mesmo refrigerados, congelados, secos, salgados ou em salmoura. > -- Lagosta norueguesa (Lagostim*) (<i>Nephrops norvegicus</i>)",2026-09-28,Receita Federal / Siscomex
03063500,"Peixes e crustáceos, moluscos e outros invertebrados aquáticos. > Crustáceos, mesmo com casca, vivos, frescos, refrigerados, congelados, secos, salgados ou em salmoura; crustáceos, mesmo com casca, defumados (fumados), mesmo cozidos antes ou durante a defumação; crustáceos com casca, cozidos em água ou vapor, mesmo refrigerados, congelados, secos, salgados ou em salmoura. > -- Camarões de água fria (<i>Pandalus</i> spp., <i>Crangon crangon</i>)",2026-09-28,Receita Federal / Siscomex
03063600,"Peixes e crustáceos, moluscos e outros invertebrados aquáticos. > Crustáceos, mesmo com casca, vivos, frescos, refrigerados, congelados, secos, salgados ou em salmoura; crustáceos, mesmo com casca, defumados (fumados), mesmo cozidos antes ou durante a defumação; crustáceos com casca, cozidos em água ou vapor, mesmo refrigerados, congelados, secos, salgados ou em salmoura. > -- Outros camarões",2026-09-28,Receita Federal / Siscomex
03063910,"Peixes e crustáceos, moluscos e outros invertebrados aquáticos. > Crustáceos, mesmo com casca, vivos, frescos, refrigerados, congelados, secos, salgados ou em salmoura; crustáceos, mesmo com casca, defumados (fumados), mesmo cozidos antes ou durante a defumação; crustáceos com casca, cozidos em água ou vapor, mesmo refrigerados, congelados, secos, salgados ou em salmoura. > -- Outros > Lagosta de água doce (<i>Cherax quadricarinatus</i>)",2026-09-28,Receita Federal / Siscomex
03063990,"Peixes e crustáceos, moluscos e outros invertebrados aquáticos. > Crustáceos, mesmo com casca, vivos, frescos, refrigerados, congelados, secos, salgados ou em salmoura; crustáceos, mesmo com casca, defumados (fumados), mesmo cozidos antes ou durante a defumação; crustáceos com casca, cozidos em água ou vapor, mesmo refrigerados, congelados, secos, salgados ou em salmoura. > -- Outros > Outros",2026-09-28,Receita Federal / Siscomex
03069100,"Peixes e crustáceos, moluscos e outros invertebrados aquáticos. > Crustáceos, mesmo com casca, vivos, frescos, refrigerados, congelados, secos, salgados ou em salmoura; crustáceos, mesmo com casca, defumados (fumados), mesmo cozidos antes ou durante a defumação; crustáceos com casca, cozidos em água ou vapor, mesmo refrigerados, congelados, secos, salgados ou em salmoura. > -- Lagostas (<i>Palinurus</i> spp., <i>Panulirus</i> spp., <i>Jasus</i> spp.)",2026-09-28,Receita Federal / Siscomex
03069200,"Peixes e crustáceos, moluscos e outros invertebrados aquáticos. > Crustáceos, mesmo com casca, vivos, frescos, refrigerados, congelados, secos, salgados ou em salmoura; crustáceos, mesmo com casca, defumados (fumados), mesmo cozidos antes ou durante a defumação; crustáceos com casca, cozidos em água ou vapor, mesmo refrigerados, congelados, secos, salgados ou em salmoura. > -- Lavagantes (<i>Homarus</i> spp.)",2026-09-28,Receita Federal / Siscomex
03069300,"Peixes e crustáceos, moluscos e outros invertebrados aquáticos. > Crustáceos, mesmo com casca, vivos, frescos, refrigerados, congelados, secos, salgados ou em salmoura; crustáceos, mesmo com casca, defumados (fumados), mesmo cozidos antes ou durante a defumação; crustáceos com casca, cozidos em água ou vapor, mesmo refrigerados, congelados, secos, salgados ou em salmoura. > -- Caranguejos",2026-09-28,Receita Federal / Siscomex
03069400,"Peixes e crustáceos, moluscos e outros invertebrados aquáticos. > Crustáceos, mesmo com casca, vivos, frescos, refrigerados, congelados, secos, salgados ou em salmoura; crustáceos, mesmo com casca, defumados (fumados), mesmo cozidos antes ou durante a defumação; crustáceos com casca, cozidos em água ou vapor, mesmo refrigerados, congelados, secos, salgados ou em salmoura. > -- Lagosta norueguesa (Lagostim*) (<i>Nephrops norvegicus</i>)",2026-09-28,Receita Federal / Siscomex
03069500,"Peixes e crustáceos, moluscos e outros invertebrados aquáticos. > Crustáceos, mesmo com casca, vivos, frescos, refrigerados, congelados, secos, salgados ou em salmoura; crustáceos, mesmo com casca, defumados (fumados), mesmo cozidos antes ou durante a defumação; crustáceos com casca, cozidos em água ou vapor, mesmo refrigerados, congelados, secos, salgados ou em salmoura. > -- Camarões",2026-09-28,Receita Federal / Siscomex
03069910,"Peixes e crustáceos, moluscos e outros invertebrados aquáticos. > Crustáceos, mesmo com casca, vivos, frescos, refrigerados, congelados, secos, salgados ou em salmoura; crustáceos, mesmo com casca, defumados (fumados), mesmo cozidos antes ou durante a defumação; crustáceos com casca, cozidos em água ou vapor, mesmo refrigerados, congelados, secos, salgados ou em salmoura. > -- Outros > Lagosta de água doce (<i>Cherax quadricarinatus</i>)",2026-09-28,Receita Federal / Siscomex
03069990,"Peixes e crustáceos, moluscos e outros invertebrados aquáticos. > Crustáceos, mesmo com casca, vivos, frescos, refrigerados, congelados, secos, salgados ou em salmoura; crustáceos, mesmo com casca, defumados (fumados), mesmo cozidos antes ou durante a defumação; crustáceos com casca, cozidos em água ou vapor, mesmo refrigerados, congelados, secos, salgados ou em salmoura. > -- Outros > Outros",2026-09-28,Receita Federal / Siscomex
03071100,"Peixes e crustáceos, moluscos e outros invertebrados aquáticos. > Moluscos, mesmo com concha, vivos, frescos, refrigerados, congelados, secos, salgados ou em salmoura; moluscos, mesmo com concha, defumados (fumados), mesmo cozidos antes ou durante a defumação. > -- Vivas, frescas ou refrigeradas",2026-09-28,Receita Federal / Siscomex
03071200,"Peixes e crustáceos, moluscos e outros invertebrados aquáticos. > Moluscos, mesmo com concha, vivos, frescos, refrigerados, congelados, secos, salgados ou em salmoura; moluscos, mesmo com concha, defumados (fumados), mesmo cozidos antes ou durante a defumação. > -- Congeladas",2026-09-28,Receita Federal / Siscomex
03071900,"Peixes e crustáceos, moluscos e outros invertebrados aquáticos. > Moluscos, mesmo com concha, vivos, frescos, refrigerados, congelados, secos, salgados ou em salmoura; moluscos, mesmo com concha, defumados (fumados), mesmo cozidos antes ou durante a defumação. > -- Outras",2026-09-28,Receita Federal / Siscomex
03072100,"Peixes e crustáceos, moluscos e outros invertebrados aquáticos. > Moluscos, mesmo com concha, vivos, frescos, refrigerados, congelados, secos, salgados ou em salmoura; moluscos, mesmo com concha, defumados (fumados), mesmo cozidos antes ou durante a defumação. > -- Vivos, frescos ou refrigerados",2026-09-28,Receita Federal / Siscomex
03072200,"Peixes e crustáceos, moluscos e outros invertebrados aquáticos. > Moluscos, mesmo com concha, vivos, frescos, refrigerados, congelados, secos, salgados ou em salmoura; moluscos, mesmo com concha, defumados (fumados), mesmo cozidos antes ou durante a defumação. > -- Congelados",2026-09-28,Receita Federal / Siscomex
03072900,"Peixes e crustáceos, moluscos e outros invertebrados aquáticos. > Moluscos, mesmo com concha, vivos, frescos, refrigerados, congelados, secos, salgados ou em salmoura; moluscos, mesmo com concha, defumados (fumados), mesmo cozidos antes ou durante a defumação. > -- Outros",2026-09-28,Receita Federal / Siscomex
03073100,"Peixes e crustáceos, moluscos e outros invertebrados aquáticos. > Moluscos, mesmo com concha, vivos, frescos, refrigerados, congelados, secos, salgados ou em salmoura; moluscos, mesmo com concha, defumados (fumados), mesmo cozidos antes ou durante a defumação. > -- Vivos, frescos ou refrigerados",2026-09-28,Receita Federal / Siscomex
03073200,"Peixes e crustáceos, moluscos e outros invertebrados aquáticos. > Moluscos, mesmo com concha, vivos, frescos, refrigerados, congelados, secos, salgados ou em salmoura; moluscos, mesmo com concha, defumados (fumados), mesmo cozidos antes ou durante a defumação. > -- Congelados",2026-09-28,Receita Federal / Siscomex
03073900,"Peixes e crustáceos, moluscos e outros invertebrados aquáticos. > Moluscos, mesmo com concha, vivos, frescos, refrigerados, congelados, secos, salgados ou em salmoura; moluscos, mesmo com concha, defumados (fumados), mesmo cozidos antes ou durante a defumação. > -- Outros",2026-09-28,Receita Federal / Siscomex
03074200,"Peixes e crustáceos, moluscos e outros invertebrados aquáticos. > Moluscos, mesmo com concha, vivos, frescos, refrigerados, congelados, secos, salgados ou em salmoura; moluscos, mesmo com concha, defumados (fumados), mesmo cozidos antes ou durante a defumação. > -- Vivas, frescas ou refrigeradas",2026-09-28,Receita Federal / Siscomex
03074310,"Peixes e crustáceos, moluscos e outros invertebrados aquáticos. > Moluscos, mesmo com concha, vivos, frescos, refrigerados, congelados, secos, salgados ou em salmoura; moluscos, mesmo com concha, defumados (fumados), mesmo cozidos antes ou durante a defumação. > -- Congeladas > Lulas",2026-09-28,Receita Federal / Siscomex
03074320,"Peixes e crustáceos, moluscos e outros invertebrados aquáticos. > Moluscos, mesmo com concha, vivos, frescos, refrigerados, congelados, secos, salgados ou em salmoura; moluscos, mesmo com concha, defumados (fumados), mesmo cozidos antes ou durante a defumação. > -- Congeladas > Sépias",2026-09-28,Receita Federal / Siscomex
03074900,"Peixes e crustáceos, moluscos e outros invertebrados aquáticos. > Moluscos, mesmo com concha, vivos, frescos, refrigerados, congelados, secos, salgados ou em salmoura; moluscos, mesmo com concha, defumados (fumados), mesmo cozidos antes ou durante a defumação. > -- Outras",2026-09-28,Receita Federal / Siscomex
03075100,"Peixes e crustáceos, moluscos e outros invertebrados aquáticos. > Moluscos, mesmo com concha, vivos, frescos, refrigerados, congelados, secos, salgados ou em salmoura; moluscos, mesmo com concha, defumados (fumados), mesmo cozidos antes ou durante a defumação. > -- Vivos, frescos ou refrigerados",2026-09-28,Receita Federal / Siscomex
03075200,"Peixes e crustáceos, moluscos e outros invertebrados aquáticos. > Moluscos, mesmo com concha, vivos, frescos, refrigerados, congelados, secos, salgados ou em salmoura; moluscos, mesmo com concha, defumados (fumados), mesmo cozidos antes ou durante a defumação. > -- Congelados",2026-09-28,Receita Federal / Siscomex
03075900,"Peixes e crustáceos, moluscos e outros invertebrados aquáticos. > Moluscos, mesmo com concha, vivos, frescos, refrigerados, congelados, secos, salgados ou em salmoura; moluscos, mesmo com concha, defumados (fumados), mesmo cozidos antes ou durante a defumação. > -- Outros",2026-09-28,Receita Federal / Siscomex
03077100,"Peixes e crustáceos, moluscos e outros invertebrados aquáticos. > Moluscos, mesmo com concha, vivos, frescos, refrigerados, congelados, secos, salgados ou em salmoura; moluscos, mesmo com concha, defumados (fumados), mesmo cozidos antes ou durante a defumação. > -- Vivos, frescos ou refrigerados",2026-09-28,Receita Federal / Siscomex
03077200,"Peixes e crustáceos, moluscos e outros invertebrados aquáticos. > Moluscos, mesmo com concha, vivos, frescos, refrigerados, congelados, secos, salgados ou em salmoura; moluscos, mesmo com concha, defumados (fumados), mesmo cozidos antes ou durante a defumação. > -- Congelados",2026-09-28,Receita Federal / Siscomex
03077900,"Peixes e crustáceos, moluscos e outros invertebrados aquáticos. > Moluscos, mesmo com concha, vivos, frescos, refrigerados, congelados, secos, salgados ou em salmoura; moluscos, mesmo com concha, defumados (fumados), mesmo cozidos antes ou durante a defumação. > -- Outros",2026-09-28,Receita Federal / Siscomex
03078100,"Peixes e crustáceos, moluscos e outros invertebrados aquáticos. > Moluscos, mesmo com concha, vivos, frescos, refrigerados, congelados, secos, salgados ou em salmoura; moluscos, mesmo com concha, defumados (fumados), mesmo cozidos antes ou durante a defumação. > -- Abalones (Orelhas-do-mar*) (<i>Haliotis</i> spp.) vivos, frescos ou refrigerados",2026-09-28,Receita Federal / Siscomex
03078200,"Peixes e crustáceos, moluscos e outros invertebrados aquáticos. > Moluscos, mesmo com concha, vivos, frescos, refrigerados, congelados, secos, salgados ou em salmoura; moluscos, mesmo com concha, defumados (fumados), mesmo cozidos antes ou durante a defumação. > -- Estrombos (<i>Strombus</i> spp.) vivos, frescos ou refrigerados",2026-09-28,Receita Federal / Siscomex
03078300,"Peixes e crustáceos, moluscos e outros invertebrados aquáticos. > Moluscos, mesmo com concha, vivos, frescos, refrigerados, congelados, secos, salgados ou em salmoura; moluscos, mesmo com concha, defumados (fumados), mesmo cozidos antes ou durante a defumação. > -- Abalones (Orelhas-do-mar*) (<i>Haliotis</i> spp.) congelados",2026-09-28,Receita Federal / Siscomex
03078400,"Peixes e crustáceos, moluscos e outros invertebrados aquáticos. > Moluscos, mesmo com concha, vivos, frescos, refrigerados, congelados, secos, salgados ou em salmoura; moluscos, mesmo com concha, defumados (fumados), mesmo cozidos antes ou durante a defumação. > -- Estrombos (<i>Strombus</i> spp.) congelados",2026-09-28,Receita Federal / Siscomex
03078700,"Peixes e crustáceos, moluscos e outros invertebrados aquáticos. > Moluscos, mesmo com concha, vivos, frescos, refrigerados, congelados, secos, salgados ou em salmoura; moluscos, mesmo com concha, defumados (fumados), mesmo cozidos antes ou durante a defumação. > -- Outros abalones (orelhas-do-mar*) (<i>Haliotis</i> spp.)",2026-09-28,Receita Federal / Siscomex
03078800,"Peixes e crustáceos, moluscos e outros invertebrados aquáticos. > Moluscos, mesmo com concha, vivos, frescos, refrigerados, congelados, secos, salgados ou em salmoura; moluscos, mesmo com concha, defumados (fumados), mesmo cozidos antes ou durante a defumação. > -- Outros estrombos (<i>Strombus</i> spp.)",2026-09-28,Receita Federal / Siscomex
03079100,"Peixes e crustáceos, moluscos e outros invertebrados aquáticos. > Moluscos, mesmo com concha, vivos, frescos, refrigerados, congelados, secos, salgados ou em salmoura; moluscos, mesmo com concha, defumados (fumados), mesmo cozidos antes ou durante a defumação. > -- Vivos, frescos ou refrigerados",2026-09-28,Receita Federal / Siscomex
03079200,"Peixes e crustáceos, moluscos e outros invertebrados aquáticos. > Moluscos, mesmo com concha, vivos, frescos, refrigerados, congelados, secos, salgados ou em salmoura; moluscos, mesmo com concha, defumados (fumados), mesmo cozidos antes ou durante a defumação. > -- Congelados",2026-09-28,Receita Federal / Siscomex
03079900,"Peixes e crustáceos, moluscos e outros invertebrados aquáticos. > Moluscos, mesmo com concha, vivos, frescos, refrigerados, congelados, secos, salgados ou em salmoura; moluscos, mesmo com concha, defumados (fumados), mesmo cozidos antes ou durante a defumação. > -- Outros",2026-09-28,Receita Federal / Siscomex
03081100,"Peixes e crustáceos, moluscos e outros invertebrados aquáticos. > Invertebrados aquáticos, exceto crustáceos e moluscos, vivos, frescos, refrigerados, congelados, secos, salgados ou em salmoura; invertebrados aquáticos, exceto crustáceos e moluscos, defumados (fumados), mesmo cozidos antes ou durante a defumação. > -- Vivos, frescos ou refrigerados",2026-09-28,Receita Federal / Siscomex
03081200,"Peixes e crustáceos, moluscos e outros invertebrados aquáticos. > Invertebrados aquáticos, exceto crustáceos e moluscos, vivos, frescos, refrigerados, congelados, secos, salgados ou em salmoura; invertebrados aquáticos, exceto crustáceos e moluscos, defumados (fumados), mesmo cozidos antes ou durante a defumação. > -- Congelados",2026-09-28,Receita Federal / Siscomex
03081900,"Peixes e crustáceos, moluscos e outros invertebrados aquáticos. > Invertebrados aquáticos, exceto crustáceos e moluscos, vivos, frescos, refrigerados, congelados, secos, salgados ou em salmoura; invertebrados aquáticos, exceto crustáceos e moluscos, defumados (fumados), mesmo cozidos antes ou durante a defumação. > -- Outros",2026-09-28,Receita Federal / Siscomex
03082100,"Peixes e crustáceos, moluscos e outros invertebrados aquáticos. > Invertebrados aquáticos, exceto crustáceos e moluscos, vivos, frescos, refrigerados, congelados, secos, salgados ou em salmoura; invertebrados aquáticos, exceto crustáceos e moluscos, defumados (fumados), mesmo cozidos antes ou durante a defumação. > -- Vivos, frescos ou refrigerados",2026-09-28,Receita Federal / Siscomex
03082200,"Peixes e crustáceos, moluscos e outros invertebrados aquáticos. > Invertebrados aquáticos, exceto crustáceos e moluscos, vivos, frescos, refrigerados, congelados, secos, salgados ou em salmoura; invertebrados aquáticos, exceto crustáceos e moluscos, defumados (fumados), mesmo cozidos antes ou durante a defumação. > -- Congelados",2026-09-28,Receita Federal / Siscomex
03082900,"Peixes e crustáceos, moluscos e outros invertebrados aquáticos. > Invertebrados aquáticos, exceto crustáceos e moluscos, vivos, frescos, refrigerados, congelados, secos, salgados ou em salmoura; invertebrados aquáticos, exceto crustáceos e moluscos, defumados (fumados), mesmo cozidos antes ou durante a defumação. > -- Outros",2026-09-28,Receita Federal / Siscomex
03083000,"Peixes e crustáceos, moluscos e outros invertebrados aquáticos. > Invertebrados aquáticos, exceto crustáceos e moluscos, vivos, frescos, refrigerados, congelados, secos, salgados ou em salmoura; invertebrados aquáticos, exceto crustáceos e moluscos, defumados (fumados), mesmo cozidos antes ou durante a defumação. > - Medusas (águas-vivas) (<i>Rhopilema</i> spp.)",2026-09-28,Receita Federal / Siscomex
03089000,"Peixes e crustáceos, moluscos e outros invertebrados aquáticos. > Invertebrados aquáticos, exceto crustáceos e moluscos, vivos, frescos, refrigerados, congelados, secos, salgados ou em salmoura; invertebrados aquáticos, exceto crustáceos e moluscos, defumados (fumados), mesmo cozidos antes ou durante a defumação. > - Outros",2026-09-28,Receita Federal / Siscomex
03091000,"Peixes e crustáceos, moluscos e outros invertebrados aquáticos. > Farinhas, pós e <i>pellets</i>, de peixe, crustáceos, moluscos e de outros invertebrados aquáticos, próprios para alimentação humana. > - De peixe",2026-09-28,Receita Federal / Siscomex
03099000,"Peixes e crustáceos, moluscos e outros invertebrados aquáticos. > Farinhas, pós e <i>pellets</i>, de peixe, crustáceos, moluscos e de outros invertebrados aquáticos, próprios para alimentação humana. > - Outros",2026-09-28,Receita Federal / Siscomex
15041011,"Gorduras e óleos animais, vegetais ou de origem microbiana e produtos da sua dissociação; gorduras alimentícias elaboradas; ceras de origem animal ou vegetal. > Gorduras, óleos e respectivas frações, de peixes ou de mamíferos marinhos, mesmo refinados, mas não quimicamente modificados. > - Óleos de fígados de peixes e respectivas frações > Óleo em bruto",2026-09-28,Receita Federal / Siscomex
15041019,"Gorduras e óleos animais, vegetais ou de origem microbiana e produtos da sua dissociação; gorduras alimentícias elaboradas; ceras de origem animal ou vegetal. > Gorduras, óleos e respectivas frações, de peixes ou de mamíferos marinhos, mesmo refinados, mas não quimicamente modificados. > - Óleos de fígados de peixes e respectivas frações > Outros",2026-09-28,Receita Federal / Siscomex
15041090,"Gorduras e óleos animais, vegetais ou de origem microbiana e produtos da sua dissociação; gorduras alimentícias elaboradas; ceras de origem animal ou vegetal. > Gorduras, óleos e respectivas frações, de peixes ou de mamíferos marinhos, mesmo refinados, mas não quimicamente modificados. > - Óleos de fígados de peixes e respectivas frações > Outros",2026-09-28,Receita Federal / Siscomex
15042000,"Gorduras e óleos animais, vegetais ou de origem microbiana e produtos da sua dissociação; gorduras alimentícias elaboradas; ceras de origem animal ou vegetal. > Gorduras, óleos e respectivas frações, de peixes ou de mamíferos marinhos, mesmo refinados, mas não quimicamente modificados. > - Gorduras e óleos de peixes e respectivas frações, exceto óleos de fígados",2026-09-28,Receita Federal / Siscomex
16041100,"Preparações de carne, peixes, crustáceos, moluscos, outros invertebrados aquáticos ou de insetos. > Preparações e conservas de peixes; caviar e seus sucedâneos preparados a partir de ovas de peixe. > -- Salmões",2026-09-28,Receita Federal / Siscomex
16041200,"Preparações de carne, peixes, crustáceos, moluscos, outros invertebrados aquáticos ou de insetos. > Preparações e conservas de peixes; caviar e seus sucedâneos preparados a partir de ovas de peixe. > -- Arenques",2026-09-28,Receita Federal / Siscomex
16041310,"Preparações de carne, peixes, crustáceos, moluscos, outros invertebrados aquáticos ou de insetos. > Preparações e conservas de peixes; caviar e seus sucedâneos preparados a partir de ovas de peixe. > -- Sardinhas (Sardinha e sardinelas*) e anchoveta (espadilha*) > Sardinhas",2026-09-28,Receita Federal / Siscomex
16041390,"Preparações de carne, peixes, crustáceos, moluscos, outros invertebrados aquáticos ou de insetos. > Preparações e conservas de peixes; caviar e seus sucedâneos preparados a partir de ovas de peixe. > -- Sardinhas (Sardinha e sardinelas*) e anchoveta (espadilha*) > Outros",2026-09-28,Receita Federal / Siscomex
16041410,"Preparações de carne, peixes, crustáceos, moluscos, outros invertebrados aquáticos ou de insetos. > Preparações e conservas de peixes; caviar e seus sucedâneos preparados a partir de ovas de peixe. > -- Atuns, bonito-listrado (gaiado*) e bonitos (<i>Sarda</i> spp.) > Atuns",2026-09-28,Receita Federal / Siscomex
16041420,"Preparações de carne, peixes, crustáceos, moluscos, outros invertebrados aquáticos ou de insetos. > Preparações e conservas de peixes; caviar e seus sucedâneos preparados a partir de ovas de peixe. > -- Atuns, bonito-listrado (gaiado*) e bonitos (<i>Sarda</i> spp.) > Bonito-listrado",2026-09-28,Receita Federal / Siscomex
16041430,"Preparações de carne, peixes, crustáceos, moluscos, outros invertebrados aquáticos ou de insetos. > Preparações e conservas de peixes; caviar e seus sucedâneos preparados a partir de ovas de peixe. > -- Atuns, bonito-listrado (gaiado*) e bonitos (<i>Sarda</i> spp.) > Bonito-cachorro",2026-09-28,Receita Federal / Siscomex
16041500,"Preparações de carne, peixes, crustáceos, moluscos, outros invertebrados aquáticos ou de insetos. > Preparações e conservas de peixes; caviar e seus sucedâneos preparados a partir de ovas de peixe. > -- Cavalinhas (Sardas e cavalas*)",2026-09-28,Receita Federal / Siscomex
16041600,"Preparações de carne, peixes, crustáceos, moluscos, outros invertebrados aquáticos ou de insetos. > Preparações e conservas de peixes; caviar e seus sucedâneos preparados a partir de ovas de peixe. > -- Anchovas (Biqueirões*)",2026-09-28,Receita Federal / Siscomex
16041700,"Preparações de carne, peixes, crustáceos, moluscos, outros invertebrados aquáticos ou de insetos. > Preparações e conservas de peixes; caviar e seus sucedâneos preparados a partir de ovas de peixe. > -- Enguias",2026-09-28,Receita Federal / Siscomex
16041800,"Preparações de carne, peixes, crustáceos, moluscos, outros invertebrados aquáticos ou de insetos. > Preparações e conservas de peixes; caviar e seus sucedâneos preparados a partir de ovas de peixe. > -- Barbatanas de tubarão",2026-09-28,Receita Federal / Siscomex
16041900,"Preparações de carne, peixes, crustáceos, moluscos, outros invertebrados aquáticos ou de insetos. > Preparações e conservas de peixes; caviar e seus sucedâneos preparados a partir de ovas de peixe. > -- Outros",2026-09-28,Receita Federal / Siscomex
16042010,"Preparações de carne, peixes, crustáceos, moluscos, outros invertebrados aquáticos ou de insetos. > Preparações e conservas de peixes; caviar e seus sucedâneos preparados a partir de ovas de peixe. > - Outras preparações e conservas de peixes > De atuns",2026-09-28,Receita Federal / Siscomex
16042020,"Preparações de carne, peixes, crustáceos, moluscos, outros invertebrados aquáticos ou de insetos. > Preparações e conservas de peixes; caviar e seus sucedâneos preparados a partir de ovas de peixe. > - Outras preparações e conservas de peixes > De bonito-listrado",2026-09-28,Receita Federal / Siscomex
16042030,"Preparações de carne, peixes, crustáceos, moluscos, outros invertebrados aquáticos ou de insetos. > Preparações e conservas de peixes; caviar e seus sucedâneos preparados a partir de ovas de peixe. > - Outras preparações e conservas de peixes > De sardinhas ou de anchoveta",2026-09-28,Receita Federal / Siscomex
16042090,"Preparações de carne, peixes, crustáceos, moluscos, outros invertebrados aquáticos ou de insetos. > Preparações e conservas de peixes; caviar e seus sucedâneos preparados a partir de ovas de peixe. > - Outras preparações e conservas de peixes > Outras",2026-09-28,Receita Federal / Siscomex
16043100,"Preparações de carne, peixes, crustáceos, moluscos, outros invertebrados aquáticos ou de insetos. > Preparações e conservas de peixes; caviar e seus sucedâneos preparados a partir de ovas de peixe. > -- Caviar",2026-09-28,Receita Federal / Siscomex
16043200,"Preparações de carne, peixes, crustáceos, moluscos, outros invertebrados aquáticos ou de insetos. > Preparações e conservas de peixes; caviar e seus sucedâneos preparados a partir de ovas de peixe. > -- Sucedâneos do caviar",2026-09-28,Receita Federal / Siscomex
16051000,"Preparações de carne, peixes, crustáceos, moluscos, outros invertebrados aquáticos ou de insetos. > Crustáceos, moluscos e outros invertebrados aquáticos, preparados ou em conservas. > - Caranguejos",2026-09-28,Receita Federal / Siscomex
16052100,"Preparações de carne, peixes, crustáceos, moluscos, outros invertebrados aquáticos ou de insetos. > Crustáceos, moluscos e outros invertebrados aquáticos, preparados ou em conservas. > -- Não acondicionados em recipientes hermeticamente fechados",2026-09-28,Receita Federal / Siscomex
16052900,"Preparações de carne, peixes, crustáceos, moluscos, outros invertebrados aquáticos ou de insetos. > Crustáceos, moluscos e outros invertebrados aquáticos, preparados ou em conservas. > -- Outros",2026-09-28,Receita Federal / Siscomex
16053000,"Preparações de carne, peixes, crustáceos, moluscos, outros invertebrados aquáticos ou de insetos. > Crustáceos, moluscos e outros invertebrados aquáticos, preparados ou em conservas. > - Lavagantes",2026-09-28,Receita Federal / Siscomex
16054000,"Preparações de carne, peixes, crustáceos, moluscos, outros invertebrados aquáticos ou de insetos. > Crustáceos, moluscos e outros invertebrados aquáticos, preparados ou em conservas. > - Outros crustáceos",2026-09-28,Receita Federal / Siscomex
16055100,"Preparações de carne, peixes, crustáceos, moluscos, outros invertebrados aquáticos ou de insetos. > Crustáceos, moluscos e outros invertebrados aquáticos, preparados ou em conservas. > -- Ostras",2026-09-28,Receita Federal / Siscomex
16055200,"Preparações de carne, peixes, crustáceos, moluscos, outros invertebrados aquáticos ou de insetos. > Crustáceos, moluscos e outros invertebrados aquáticos, preparados ou em conservas. > -- Vieiras, incluindo a americana",2026-09-28,Receita Federal / Siscomex
16055300,"Preparações de carne, peixes, crustáceos, moluscos, outros invertebrados aquáticos ou de insetos. > Crustáceos, moluscos e outros invertebrados aquáticos, preparados ou em conservas. > -- Mexilhões",2026-09-28,Receita Federal / Siscomex
16055400,"Preparações de carne, peixes, crustáceos, moluscos, outros invertebrados aquáticos ou de insetos. > Crustáceos, moluscos e outros invertebrados aquáticos, preparados ou em conservas. > -- Sépias e lulas (Chocos e lulas*) (Chocos, chopos, potas e lulas*)",2026-09-28,Receita Federal / Siscomex
16055500,"Preparações de carne, peixes, crustáceos, moluscos, outros invertebrados aquáticos ou de insetos. > Crustáceos, moluscos e outros invertebrados aquáticos, preparados ou em conservas. > -- Polvos",2026-09-28,Receita Federal / Siscomex
16055600,"Preparações de carne, peixes, crustáceos, moluscos, outros invertebrados aquáticos ou de insetos. > Crustáceos, moluscos e outros invertebrados aquáticos, preparados ou em conservas. > -- Amêijoas, berbigões e arcas",2026-09-28,Receita Federal / Siscomex
16055700,"Preparações de carne, peixes, crustáceos, moluscos, outros invertebrados aquáticos ou de insetos. > Crustáceos, moluscos e outros invertebrados aquáticos, preparados ou em conservas. > -- Abalones (Orelhas-do-mar*)",2026-09-28,Receita Federal / Siscomex
16055900,"Preparações de carne, peixes, crustáceos, moluscos, outros invertebrados aquáticos ou de insetos. > Crustáceos, moluscos e outros invertebrados aquáticos, preparados ou em conservas. > -- Outros",2026-09-28,Receita Federal / Siscomex
16056100,"Preparações de carne, peixes, crustáceos, moluscos, outros invertebrados aquáticos ou de insetos. > Crustáceos, moluscos e outros invertebrados aquáticos, preparados ou em conservas. > -- Pepinos-do-mar",2026-09-28,Receita Federal / Siscomex
16056200,"Preparações de carne, peixes, crustáceos, moluscos, outros invertebrados aquáticos ou de insetos. > Crustáceos, moluscos e outros invertebrados aquáticos, preparados ou em conservas. > -- Ouriços-do-mar",2026-09-28,Receita Federal / Siscomex
16056300,"Preparações de carne, peixes, crustáceos, moluscos, outros invertebrados aquáticos ou de insetos. > Crustáceos, moluscos e outros invertebrados aquáticos, preparados ou em conservas. > -- Medusas (águas-vivas)",2026-09-28,Receita Federal / Siscomex
16056900,"Preparações de carne, peixes, crustáceos, moluscos, outros invertebrados aquáticos ou de insetos. > Crustáceos, moluscos e outros invertebrados aquáticos, preparados ou em conservas. > -- Outros",2026-09-28,Receita Federal / Siscomex
23012010,"Resíduos e desperdícios das indústrias alimentares; alimentos preparados para animais. > Farinhas, pós e <i>pellets</i>, de carnes, miudezas, peixes ou crustáceos, moluscos ou de outros invertebrados aquáticos, impróprios para alimentação humana; torresmos. > - Farinhas, pós e <i>pellets</i>, de peixes ou crustáceos, moluscos ou de outros invertebrados aquáticos > De peixes",2026-09-28,Receita Federal / Siscomex
23012090,"Resíduos e desperdícios das indústrias alimentares; alimentos preparados para animais. > Farinhas, pós e <i>pellets</i>, de carnes, miudezas, peixes ou crustáceos, moluscos ou de outros invertebrados aquáticos, impróprios para alimentação humana; torresmos. > - Farinhas, pós e <i>pellets</i>, de peixes ou crustáceos, moluscos ou de outros invertebrados aquáticos > Outros",2026-09-28,Receita Federal / Siscomex
