,Year,Length_Category,Sector,Gear,Region,SAUP,NV,GT,P,NVActive,GTActive,PActive,NomActive,NVerr,Perr,GTerr,RActivity,MethodNV,MethodLOA,MethodGT,MethodP,Country,EffActive
416,1973,6-12m,APW,Dredges,LatinAmerica,76,1,3.19189704574181,20.2648646765117,0.723,2.30774156407133,14.651497161118,3004.1091300968,0.0513454323196739,0.0444118435709644,0.0481846034889077,0.723,GAM,GAM,Data,AIC,BRA,3820.28514706339
417,1974,6-12m,APW,Dredges,LatinAmerica,76,1,3.19189704574181,20.0217571501446,0.723,2.30774156407133,14.4757304195545,2968.07032346213,0.0513454323196739,0.0449510996088324,0.0481846034889077,0.723,GAM,GAM,Data,AIC,BRA,3856.62190444189
418,1975,6-12m,APW,Dredges,LatinAmerica,76,1,3.19189704574181,19.7806606391885,0.723,2.30774156407133,14.3014176421333,2932.32963427622,0.0513454323196739,0.0454989859245127,0.0481846034889077,0.723,GAM,GAM,Data,AIC,BRA,3822.7551197184
419,1976,6-12m,APW,Dredges,LatinAmerica,76,1,3.19189704574181,19.5399799456599,0.723,2.30774156407133,14.1274055007121,2896.65058680125,0.0513454323196739,0.0460594126761068,0.0481846034889077,0.723,GAM,GAM,Data,AIC,BRA,3788.70344050265
420,1977,6-12m,APW,Dredges,LatinAmerica,76,1,3.19189704574181,19.2969077908872,0.723,2.30774156407133,13.9516643328114,2860.6170237313,0.0513454323196739,0.0466395968594003,0.0481846034889077,0.723,GAM,GAM,Data,AIC,BRA,3783.60627065606
421,1978,6-12m,APW,Dredges,LatinAmerica,76,1,3.19189704574181,19.0477265245623,0.723,2.30774156407133,13.7715062772585,2823.67783222101,0.0513454323196739,0.047249733391512,0.0481846034889077,0.723,GAM,GAM,Data,AIC,BRA,3792.89676039072
422,1979,6-12m,APW,Dredges,LatinAmerica,76,1,3.19189704574181,18.7891417850127,0.723,2.30774156407133,13.5845495105642,2785.34464868463,0.0513454323196739,0.0479000057744995,0.0481846034889077,0.723,GAM,GAM,Data,AIC,BRA,3767.70599191996
423,1980,6-12m,APW,Dredges,LatinAmerica,76,1,3.19189704574181,18.5197310542662,0.723,2.30774156407133,13.3897655522345,2745.40659585767,0.0513454323196739,0.0485968180295293,0.0481846034889077,0.723,GAM,AIC,Data,AIC,BRA,3741.742987636
424,1981,6-12m,APW,Dredges,LatinAmerica,76,1,3.19189704574181,18.2410005510979,0.723,2.30774156407133,13.1882433984438,2704.08695899995,0.0513454323196739,0.0493393987615349,0.0481846034889077,0.723,GAM,GAM,Data,AIC,BRA,3710.15594854414
425,1982,6-12m,APW,Dredges,LatinAmerica,76,1,3.19189704574181,17.9581022721474,0.723,2.30774156407133,12.9837079427626,2662.14948168391,0.0513454323196739,0.0501166541074821,0.0481846034889077,0.723,GAM,GAM,Data,AIC,BRA,3678.28011610271
426,1983,6-12m,APW,Dredges,LatinAmerica,76,1,3.16591615856213,17.6780819581986,0.723,2.28895738264042,12.7812532557776,2620.63864037436,0.0513454323196739,0.050910500478962,0.0389562111743512,0.723,GAM,GAM,Data,AIC,BRA,3673.63656096541
427,1984,6-12m,APW,Dredges,LatinAmerica,76,1,3.16591615856213,17.4088595810481,0.723,2.28895738264042,12.5866054770978,2580.72850950822,0.0513454323196739,0.0516978148861498,0.0389562111743512,0.723,GAM,GAM,Data,AIC,BRA,3653.84582594282
428,1985,6-12m,APW,Dredges,LatinAmerica,76,1,3.16591615856213,17.1580969696049,0.723,2.28895738264042,12.4053041090243,2543.55489584,0.0513454323196739,0.0524533694846418,0.0389562111743512,0.723,GAM,GAM,Data,AIC,BRA,3637.39075589742
429,1986,6-12m,APW,Dredges,LatinAmerica,76,2,6.43916876969315,26.4518052653088,1.446,4.65551902048815,19.1246552068182,3921.27512191882,0.0513454323196739,0.068048285625355,0.0281923448245267,0.723,GAM,GAM,Data,AIC,BRA,5630.4133678763
430,1987,6-12m,APW,Dredges,LatinAmerica,76,3,9.63106581543496,43.1558321247049,2.169,6.96326058455948,31.2016666261617,6397.51764308685,0.0513454323196739,0.0625639656813468,0.0348181152835216,0.723,GAM,GAM,Data,AIC,BRA,9215.73734669024
431,1988,6-12m,APW,Dredges,LatinAmerica,76,2,6.43916876969315,26.4249521356292,1.446,4.65551902048815,19.1052403940599,3917.29435356286,0.0513454323196739,0.0681174365335192,0.0281923448245267,0.723,GAM,GAM,Data,AIC,BRA,5672.23538744271
432,1989,6-12m,APW,Dredges,LatinAmerica,76,3,9.63106581543496,42.9535952607268,2.169,6.96326058455948,31.0554493735055,6367.53759539263,0.0513454323196739,0.062858533345372,0.0348181152835216,0.723,GAM,GAM,Data,AIC,BRA,9292.98974076124
433,1990,6-12m,APW,Dredges,LatinAmerica,76,1,3.19189704574181,16.3952965770333,0.723,2.30774156407133,11.8537994251951,2430.47564955114,0.0513454323196739,0.0548937919952439,0.0481846034889077,0.723,GAM,AIC,Data,AIC,BRA,3572.80015290132
434,1991,6-12m,APW,Dredges,LatinAmerica,76,3,9.63106581543496,43.1922162728852,2.169,6.96326058455948,31.227972365296,6402.91131106757,0.0513454323196739,0.0625112632086671,0.0348181152835216,0.723,GAM,GAM,Data,AIC,BRA,9481.52912687468
435,1992,6-12m,APW,Dredges,LatinAmerica,76,1,3.16591615856213,16.3967113403163,0.723,2.28895738264042,11.8548222990487,2430.68537724304,0.0513454323196739,0.0548890555746429,0.0389562111743512,0.723,GAM,GAM,Data,AIC,BRA,3635.15749632877
436,1993,6-12m,APW,Dredges,LatinAmerica,76,1,3.16591615856213,16.472567278015,0.723,2.28895738264042,11.9096661420048,2441.93043210279,0.0513454323196739,0.0546362922554991,0.0389562111743512,0.723,GAM,GAM,Data,AIC,BRA,3688.25854205316
437,1994,6-12m,APW,Dredges,LatinAmerica,76,3,9.63106581543496,44.6254504950101,2.169,6.96326058455948,32.2642007078923,6615.37717654373,0.0513454323196739,0.0605035908892822,0.0348181152835216,0.723,GAM,GAM,Data,AIC,BRA,10083.3403324257
438,1995,6-12m,APW,Dredges,LatinAmerica,76,3,9.63106581543496,45.4288876237561,2.169,6.96326058455948,32.8450857519757,6734.48050402473,0.0513454323196739,0.0594335485905249,0.0348181152835216,0.723,GAM,GAM,Data,AIC,BRA,10364.9432426814
439,1996,6-12m,APW,Dredges,LatinAmerica,76,3,9.63106581543496,46.3851727700153,2.169,6.96326058455948,33.5364799127211,6876.24236548848,0.0513454323196739,0.0582082557585159,0.0348181152835216,0.723,GAM,GAM,Data,AIC,BRA,10696.2335689633
440,1997,6-12m,APW,Dredges,LatinAmerica,76,3,9.63106581543496,47.4579033299236,2.169,6.96326058455948,34.3120641075348,7035.26635704218,0.0513454323196739,0.0568925260188975,0.0348181152835216,0.723,GAM,GAM,Data,AIC,BRA,11033.5743079639
441,1998,6-12m,APW,Dredges,LatinAmerica,76,3,9.63106581543496,48.6305149350712,2.169,6.96326058455948,35.1598622980565,7209.09693944741,0.0513454323196739,0.0555206952590341,0.0348181152835216,0.723,GAM,GAM,Data,AIC,BRA,11417.3791977581
442,1999,6-12m,APW,Dredges,LatinAmerica,76,3,9.52541424909512,49.9281251004333,2.169,6.88687450209577,36.0980344476133,7401.45758963172,0.0513454323196739,0.0540777366377928,0.029869372794369,0.723,GAM,GAM,Data,AIC,BRA,11838.4924359367
443,2000,6-12m,APW,Dredges,LatinAmerica,76,4,12.718996181066,66.406348236005,2.892,9.1958342389107,48.0117897746316,9844.22645878285,0.0513454323196739,0.0542116845095257,0.0253457188757911,0.723,GAM,GAM,Data,AIC,BRA,15902.0944284644
444,2001,6-12m,APW,Dredges,LatinAmerica,76,5,15.8849123396281,87.5067065055793,3.615,11.4847916215511,63.2673488035338,12972.1910387493,0.0513454323196739,0.0514246299477983,0.0280583355130577,0.723,GAM,GAM,Data,AIC,BRA,21163.1180420291
445,2002,6-12m,APW,Dredges,LatinAmerica,76,5,15.8849123396281,90.3872450981191,3.615,11.4847916215511,65.3499782059401,13399.2085601382,0.0513454323196739,0.0497857855399295,0.0280583355130577,0.723,GAM,GAM,Data,AIC,BRA,21872.334788685
446,2003,6-12m,APW,Dredges,LatinAmerica,76,5,15.8849123396281,92.6517381746669,3.615,11.4847916215511,66.9872067002842,13734.902108301,0.0513454323196739,0.0485689754844816,0.0280583355130577,0.723,GAM,GAM,Data,AIC,BRA,22494.2945916974
447,2004,6-12m,APW,Dredges,LatinAmerica,76,6,19.078494271599,112.025151831207,4.338,13.7937513583661,80.9941847739626,16606.8605336742,0,0.0482034606669081,0.0253457188757911,0.723,Data,Data,Data,AIC,BRA,27287.5887178239
448,2005,6-12m,APW,Dredges,LatinAmerica,76,5,15.8849123396281,93.852458212076,3.615,11.4847916215511,67.8553272873309,13912.899547941,0,0.0479475986641871,0.0280583355130577,0.723,Data,Data,Data,AIC,BRA,22936.4438420301
449,2006,6-12m,APW,Dredges,LatinAmerica,76,27,87.1225897645909,492.257783062233,19.521,62.9896323997992,355.902377153994,72973.4012076818,0.0513454323196739,0.0493643794697053,0.0230651714842164,0.723,GAM,Data,Data,AIC,BRA,121704.446843976
450,2007,6-12m,APW,Dredges,LatinAmerica,76,10,32.1958438484657,179.147617407207,7.23,23.2775951024407,129.523727385411,26557.2458380077,0.0513454323196739,0.0502378995057623,0.0281923448245267,0.723,GAM,Data,Data,AIC,BRA,44708.3036917055
451,2008,6-12m,APW,Dredges,LatinAmerica,76,9,28.9485721245144,156.506203677528,6.507,20.9298176460239,113.153985258852,23200.8317296783,0.0513454323196739,0.0517551369189787,0.0303967102451792,0.723,GAM,Data,Data,AIC,BRA,39425.0282452988
452,2009,6-12m,APW,Dredges,LatinAmerica,76,10,32.1958438484657,164.90440146037,7.23,23.2775951024407,119.225882255847,24445.7994626747,0.0513454323196739,0.0545770756892921,0.0281923448245267,0.723,GAM,Data,Data,AIC,BRA,41931.0757119448
453,2010,6-12m,APW,Dredges,LatinAmerica,76,9,28.9485721245144,142.792267015266,6.507,20.9298176460239,103.238809052038,21167.8469062258,0.0513454323196739,0.0567257609204705,0.0303967102451792,0.723,GAM,Data,Data,AIC,BRA,36649.8115232371
454,2011,6-12m,APW,Dredges,LatinAmerica,76,10,32.1404691702563,152.426300016981,7.23,23.2375592100953,110.204214912277,22596.017632362,0.0513454323196739,0.059044928591702,0.0321632408951789,0.723,GAM,Data,Data,AIC,BRA,39490.2847278968
455,2012,6-12m,APW,Dredges,LatinAmerica,76,11,35.3877408942076,156.881579984696,7.953,25.5853366665121,113.425382328935,23256.4783579479,0.0513454323196739,0.0631049228403091,0.0299956029516651,0.723,GAM,Data,Data,AIC,BRA,41026.60804025
456,2013,6-12m,APW,Dredges,LatinAmerica,76,11,35.3877408942076,149.11545116425,7.953,25.5853366665121,107.810471191753,22105.2099499209,0.0513454323196739,0.0663915102204613,0.0299956029516651,0.723,GAM,Data,Data,AIC,BRA,39362.221869764
457,2014,6-12m,APW,Dredges,LatinAmerica,76,11,35.3877408942076,142.00402435562,7.953,25.5853366665121,102.668909609113,21050.9960410275,0.0513454323196739,0.0697163340611213,0.0299956029516651,0.723,GAM,Data,Data,AIC,BRA,37837.3673004114
458,2015,6-12m,APW,Dredges,LatinAmerica,76,9,28.603908520694,111.227926784546,6.507,20.6806258604618,80.4177910652266,16488.6780992169,0.0513454323196739,0.072823437729718,0.0268521450854408,0.723,GAM,Data,Data,AIC,BRA,29931.4452278577
459,2016,6-12m,APW,Dredges,LatinAmerica,76,9,28.603908520694,106.271919646725,6.507,20.6806258604618,76.8345979045821,15753.9884514341,0.0513454323196739,0.0762195698254674,0.0268521450854408,0.723,GAM,Data,Data,AIC,BRA,28881.9130726266
460,2017,6-12m,APW,Dredges,LatinAmerica,76,9,28.9485721245144,101.628135749233,6.507,20.9298176460239,73.4771421466958,15065.5834792154,0.0513454323196739,0.0797023377461796,0.0303967102451792,0.723,GAM,Data,Data,AIC,BRA,27879.4813637182
461,1991,Less than 6m,APW,Dredges,LatinAmerica,76,1,2.89712138245803,11.196386742703,0.723,2.09461875951716,8.09498761497427,1659.77755957257,0.0513454323196739,0.0803830754226632,0.103935773110038,0.723,GAM,GAM,Data,AIC,BRA,2457.82402889419
462,1992,Less than 6m,APW,Dredges,LatinAmerica,76,1,1.92715478046254,12.2665986588409,0.723,1.39333290627442,8.86875083034197,1818.42818170748,0.0513454323196739,0.073369971989044,0.319404889454886,0.723,GAM,GAM,Data,AIC,BRA,2719.50985436339
463,1993,Less than 6m,APW,Dredges,LatinAmerica,76,1,1.92715478046254,13.4422932441038,0.723,1.39333290627442,9.71877801548705,1992.71579202087,0.0513454323196739,0.0669528616625565,0.319404889454886,0.723,GAM,GAM,Data,AIC,BRA,3009.77085390442
464,1994,Less than 6m,APW,Dredges,LatinAmerica,76,1,2.89712138245803,14.7399100382026,0.723,2.09461875951716,10.6569549576205,2185.07742486402,0.0513454323196739,0.0610587172966048,0.103935773110038,0.723,GAM,GAM,Data,AIC,BRA,3330.55527139505
465,1995,Less than 6m,APW,Dredges,LatinAmerica,76,1,2.89712138245803,16.1758996688197,0.723,2.09461875951716,11.6951754605566,2397.951758294,0.0513454323196739,0.0556383272909895,0.103935773110038,0.723,GAM,GAM,Data,AIC,BRA,3690.65347483767
466,1996,Less than 6m,APW,Dredges,LatinAmerica,76,1,2.89712138245803,17.7537641097248,0.723,2.09461875951716,12.835971451331,2631.85793278092,0.0513454323196739,0.0506934751660363,0.103935773110038,0.723,GAM,GAM,Data,AIC,BRA,4093.94632606931
467,1997,Less than 6m,APW,Dredges,LatinAmerica,76,1,2.89712138245803,19.4544347105365,0.723,2.09461875951716,14.0655562957179,2883.96916869297,0.0513454323196739,0.0462619455867591,0.103935773110038,0.723,GAM,GAM,Data,AIC,BRA,4522.99692858096
468,1998,Less than 6m,APW,Dredges,LatinAmerica,76,1,2.89712138245803,21.2895116481585,0.723,2.09461875951716,15.3923169216186,3156.00510235158,0.0513454323196739,0.0422743374706694,0.103935773110038,0.723,GAM,GAM,Data,AIC,BRA,4998.3107879209
469,1999,Less than 6m,APW,Dredges,LatinAmerica,76,1,1.92715478046254,23.3517707624085,0.723,1.39333290627442,16.8833302612213,3461.71903297182,0.0513454323196739,0.0385409744364574,0.319404889454886,0.723,GAM,GAM,Data,AIC,BRA,5536.95459183387
470,2000,Less than 6m,APW,Dredges,LatinAmerica,76,1,1.92715478046254,25.7967508319875,0.723,1.39333290627442,18.651050851527,3824.16837902842,0.0513454323196739,0.0348881146258163,0.319404889454886,0.723,GAM,GAM,Data,AIC,BRA,6177.45710425037
471,2001,Less than 6m,APW,Dredges,LatinAmerica,76,1,1.92715478046254,28.6471237754059,0.723,1.39333290627442,20.7118704896185,4246.71407672701,0.0513454323196739,0.0314167665506674,0.319404889454886,0.723,GAM,GAM,Data,AIC,BRA,6928.18283573362
472,2002,Less than 6m,APW,Dredges,LatinAmerica,76,1,1.92715478046254,31.6039062938728,0.723,1.39333290627442,22.84962425047,4685.03416922348,0.0513454323196739,0.0284774923590533,0.319404889454886,0.723,GAM,GAM,Data,AIC,BRA,7647.66332173783
473,2003,Less than 6m,APW,Dredges,LatinAmerica,76,1,1.92715478046254,33.9759699400566,0.723,1.39333290627442,24.5646262666609,5036.67422063378,0.0513454323196739,0.0264893099913809,0.319404889454886,0.723,GAM,GAM,Data,AIC,BRA,8248.79804661084
474,2004,Less than 6m,APW,Dredges,LatinAmerica,76,1,1.92715478046254,35.2643943841122,0.723,1.39333290627442,25.4961571397131,5227.67315882623,0,0.025521493158138,0.319404889454886,0.723,Data,Data,Data,AIC,BRA,8589.8592825538
475,2005,Less than 6m,APW,Dredges,LatinAmerica,76,1,1.92715478046254,35.4093233238947,0.723,1.39333290627442,25.6009407631759,5249.1577509104,0,0.0254170347105353,0.319404889454886,0.723,Data,Data,Data,AIC,BRA,8653.62475714352
476,2006,Less than 6m,APW,Dredges,LatinAmerica,76,1,2.89712138245803,34.6783102629506,0.723,2.09461875951716,25.0724183201133,5140.79073017488,0.0513454323196739,0.0259528216102714,0.103935773110038,0.723,GAM,Data,Data,AIC,BRA,8573.76909671454
477,2007,Less than 6m,APW,Dredges,LatinAmerica,76,2,5.79424276491606,66.5702105438502,1.446,4.18923751903431,48.1302622232037,9868.51777594356,0.0513454323196739,0.0270391213321209,0.103935773110038,0.723,GAM,Data,Data,AIC,BRA,16613.3450887608
478,2008,Less than 6m,APW,Dredges,LatinAmerica,76,2,5.79424276491606,62.840607623987,1.446,4.18923751903431,45.4337593121426,9315.63304850781,0.0513454323196739,0.0286438987154688,0.103935773110038,0.723,GAM,Data,Data,AIC,BRA,15829.9969733608
479,2009,Less than 6m,APW,Dredges,LatinAmerica,76,2,5.79424276491606,58.506748908358,1.446,4.18923751903431,42.3003794607428,8673.17208249594,0.0513454323196739,0.0307656814570133,0.103935773110038,0.723,GAM,Data,Data,AIC,BRA,14876.8067826599
480,2010,Less than 6m,APW,Dredges,LatinAmerica,76,2,5.79424276491606,53.90544072141,1.446,4.18923751903431,38.9736336415794,7991.063805167,0.0513454323196739,0.0333918056491296,0.103935773110038,0.723,GAM,Data,Data,AIC,BRA,13835.6528950233
481,2011,Less than 6m,APW,Dredges,LatinAmerica,76,2,5.79424276491606,49.4834001618174,1.446,4.18923751903431,35.776498316994,7335.53056422074,0.0513454323196739,0.0363758350095942,0.103935773110038,0.723,GAM,Data,Data,AIC,BRA,12820.0550789261
482,2012,Less than 6m,APW,Dredges,LatinAmerica,76,2,5.79424276491606,45.7312580993082,1.446,4.18923751903431,33.0636996057998,6779.30458357215,0.0513454323196739,0.0393603866329501,0.103935773110038,0.723,GAM,Data,Data,AIC,BRA,11959.3288224841
483,2013,Less than 6m,APW,Dredges,LatinAmerica,76,2,5.79424276491606,42.798449154836,1.446,4.18923751903431,30.9432787389464,6344.5383876187,0.0513454323196739,0.042057598710831,0.103935773110038,0.723,GAM,Data,Data,AIC,BRA,11297.5686836024
484,2014,Less than 6m,APW,Dredges,LatinAmerica,76,2,5.79424276491606,40.6206476718004,1.446,4.18923751903431,29.3687282667117,6021.69619631067,0.0513454323196739,0.044312439686913,0.103935773110038,0.723,GAM,Data,Data,AIC,BRA,10823.4845661097
485,2015,Less than 6m,APW,Dredges,LatinAmerica,76,2,3.85430956092508,39.0595738310386,1.446,2.78666581254883,28.2400718798409,5790.27909816329,0.0513454323196739,0.04608345210796,0.319404889454886,0.723,GAM,Data,Data,AIC,BRA,10510.9348753018
486,2016,Less than 6m,APW,Dredges,LatinAmerica,76,1,1.92715478046254,18.9790835954665,0.723,1.39333290627442,13.7218774395223,2813.50204998387,0.0513454323196739,0.0474206246825837,0.319404889454886,0.723,GAM,Data,Data,AIC,BRA,5158.01581852079
487,2017,Less than 6m,APW,Dredges,LatinAmerica,76,1,2.89712138245803,18.5818466715586,0.723,2.09461875951716,13.4346751435369,2754.6147547084,0.0513454323196739,0.0484343680102334,0.103935773110038,0.723,GAM,Data,Data,AIC,BRA,5097.52780727451
488,1950,6-12m,UP,Dredges,LatinAmerica,76,6,18.9851080143885,0,4.338,13.7262330944029,0,1341.08246488219,0.0292161106674869,NA,0.0125581387908707,0.723,GAM,AIC,Data,Pequivalent,BRA,1354.4066275218
489,1951,6-12m,UP,Dredges,LatinAmerica,76,7,22.1492926834533,0,5.061,16.0139386101367,0,1564.59620902922,0.0292161106674869,NA,0.0125581387908707,0.723,GAM,GAM,Data,Pequivalent,BRA,1595.84036589587
490,1952,6-12m,UP,Dredges,LatinAmerica,76,7,22.1492926834533,0,5.061,16.0139386101367,0,1564.59620902922,0.0292161106674869,NA,0.0125581387908707,0.723,GAM,GAM,Data,Pequivalent,BRA,1611.69564485064
491,1953,6-12m,UP,Dredges,LatinAmerica,76,7,22.1492926834533,0,5.061,16.0139386101367,0,1564.59620902922,0.0292161106674869,NA,0.0125581387908707,0.723,GAM,GAM,Data,Pequivalent,BRA,1627.70845201192
492,1954,6-12m,UP,Dredges,LatinAmerica,76,7,22.1492926834533,0,5.061,16.0139386101367,0,1564.59620902922,0.0292161106674869,NA,0.0125581387908707,0.723,GAM,GAM,Data,Pequivalent,BRA,1643.88035248217
493,1955,6-12m,UP,Dredges,LatinAmerica,76,8,25.313477352518,0,5.784,18.3016441258705,0,1788.10995317625,0.0292161106674869,NA,0.0125581387908707,0.723,GAM,GAM,Data,Pequivalent,BRA,1897.38620218711
494,1956,6-12m,UP,Dredges,LatinAmerica,76,8,25.313477352518,0,5.784,18.3016441258705,0,1788.10995317625,0.0292161106674869,NA,0.0125581387908707,0.723,GAM,GAM,Data,Pequivalent,BRA,1916.23745332945
495,1957,6-12m,UP,Dredges,LatinAmerica,76,8,25.313477352518,0,5.784,18.3016441258705,0,1788.10995317625,0.0292161106674869,NA,0.0125581387908707,0.723,GAM,GAM,Data,Pequivalent,BRA,1935.27599879766
496,1958,6-12m,UP,Dredges,LatinAmerica,76,8,25.313477352518,0,5.784,18.3016441258705,0,1788.10995317625,0,NA,0.0125581387908707,0.723,Data,GAM,Data,Pequivalent,BRA,1954.50369943185
497,1959,6-12m,UP,Dredges,LatinAmerica,76,9,28.4776620215827,0,6.507,20.5893496416043,0,2011.62369732328,0,NA,0.0125581387908707,0.723,Data,GAM,Data,Pequivalent,BRA,2220.66273888032
498,1960,6-12m,UP,Dredges,LatinAmerica,76,9,28.4776620215827,0,6.507,20.5893496416043,0,2011.62369732328,0,NA,0.0125581387908707,0.723,Data,AIC,Data,Pequivalent,BRA,2242.72586495599
499,1961,6-12m,UP,Dredges,LatinAmerica,76,9,28.4776620215827,0,6.507,20.5893496416043,0,2011.62369732328,0,NA,0.0125581387908707,0.723,Data,GAM,Data,Pequivalent,BRA,2265.00819655247
500,1962,6-12m,UP,Dredges,LatinAmerica,76,10,31.6418466906475,0,7.23,22.8770551573381,0,2235.13744147031,0,NA,0.0125581387908707,0.723,Data,GAM,Data,Pequivalent,BRA,2541.67990173301
501,1963,6-12m,UP,Dredges,LatinAmerica,76,10,31.6418466906475,0,7.23,22.8770551573381,0,2235.13744147031,0,NA,0.0125581387908707,0.723,Data,GAM,Data,Pequivalent,BRA,2566.93245500645
502,1964,6-12m,UP,Dredges,LatinAmerica,76,10,31.6418466906475,0,7.23,22.8770551573381,0,2235.13744147031,0,NA,0.0125581387908707,0.723,Data,GAM,Data,Pequivalent,BRA,2592.4359019689
503,1965,6-12m,UP,Dredges,LatinAmerica,76,11,34.8060313597123,0,7.953,25.164760673072,0,2458.65118561735,0,NA,0.0125581387908707,0.723,Data,GAM,Data,Pequivalent,BRA,2880.01200887871
504,1966,6-12m,UP,Dredges,LatinAmerica,76,11,34.8060313597123,0,7.953,25.164760673072,0,2458.65118561735,0.0292161106674869,NA,0.0125581387908707,0.723,GAM,GAM,Data,Pequivalent,BRA,2908.62601988488
505,1967,6-12m,UP,Dredges,LatinAmerica,76,11,34.8060313597123,0,7.953,25.164760673072,0,2458.65118561735,0.0292161106674869,NA,0.0125581387908707,0.723,GAM,GAM,Data,Pequivalent,BRA,2937.52432193684
506,1968,6-12m,UP,Dredges,LatinAmerica,76,11,34.8060313597123,0,7.953,25.164760673072,0,2458.65118561735,0.0292161106674869,NA,0.0125581387908707,0.723,GAM,GAM,Data,Pequivalent,BRA,2966.70973957387
507,1969,6-12m,UP,Dredges,LatinAmerica,76,11,34.8060313597123,0,7.953,25.164760673072,0,2458.65118561735,0.0292161106674869,NA,0.0125581387908707,0.723,GAM,GAM,Data,Pequivalent,BRA,2996.18512539816
508,1970,6-12m,UP,Dredges,LatinAmerica,76,11,34.8060313597123,0,7.953,25.164760673072,0,2458.65118561735,0.0292161106674869,NA,0.0125581387908707,0.723,GAM,AIC,Data,Pequivalent,BRA,3025.95336035356
509,1971,6-12m,UP,Dredges,LatinAmerica,76,11,34.8060313597123,0,7.953,25.164760673072,0,2458.65118561735,0.0292161106674869,NA,0.0125581387908707,0.723,GAM,GAM,Data,Pequivalent,BRA,3056.0173540072
510,1972,6-12m,UP,Dredges,LatinAmerica,76,10,31.6418466906475,0,7.23,22.8770551573381,0,2235.13744147031,0.0292161106674869,NA,0.0125581387908707,0.723,GAM,GAM,Data,Pequivalent,BRA,2805.80004075804
511,1973,6-12m,UP,Dredges,LatinAmerica,76,13,189.698662858817,0,9.399,137.152133246925,0,2883.09242742133,0.0292161106674869,NA,0.0324081420869064,0.723,GAM,GAM,Data,Pequivalent,BRA,3666.38983509022
512,1974,6-12m,UP,Dredges,LatinAmerica,76,12,175.106458023523,0,8.676,126.601969151007,0,2661.31608685046,0.0292161106674869,NA,0.0324081420869064,0.723,GAM,GAM,Data,Pequivalent,BRA,3458.03461395716
513,1975,6-12m,UP,Dredges,LatinAmerica,76,12,175.106458023523,0,8.676,126.601969151007,0,2661.31608685046,0.0292161106674869,NA,0.0324081420869064,0.723,GAM,GAM,Data,Pequivalent,BRA,3469.44612818322
514,1976,6-12m,UP,Dredges,LatinAmerica,76,9,131.329843517642,0,6.507,94.9514768632552,0,1995.98706513785,0.0292161106674869,NA,0.0324081420869064,0.723,GAM,GAM,Data,Pequivalent,BRA,2610.67147530467
515,1977,6-12m,UP,Dredges,LatinAmerica,76,9,131.329843517642,0,6.507,94.9514768632552,0,1995.98706513785,0.0292161106674869,NA,0.0324081420869064,0.723,GAM,GAM,Data,Pequivalent,BRA,2640.00008150456
516,1978,6-12m,UP,Dredges,LatinAmerica,76,9,131.329843517642,0,6.507,94.9514768632552,0,1995.98706513785,0.0292161106674869,NA,0.0324081420869064,0.723,GAM,GAM,Data,Pequivalent,BRA,2681.10362547571
517,1979,6-12m,UP,Dredges,LatinAmerica,76,8,116.737638682349,0,5.784,84.4013127673383,0,1774.21072456697,0.0292161106674869,NA,0.0324081420869064,0.723,GAM,GAM,Data,Pequivalent,BRA,2399.95591965125
518,1980,6-12m,UP,Dredges,LatinAmerica,76,8,116.737638682349,0,5.784,84.4013127673383,0,1774.21072456697,0.0292161106674869,NA,0.0324081420869064,0.723,GAM,AIC,Data,Pequivalent,BRA,2418.09010995077
519,1981,6-12m,UP,Dredges,LatinAmerica,76,10,145.922048352936,0,7.23,105.501640959173,0,2217.76340570872,0.0292161106674869,NA,0.0324081420869064,0.723,GAM,GAM,Data,Pequivalent,BRA,3042.89330073792
520,1982,6-12m,UP,Dredges,LatinAmerica,76,12,175.106458023523,0,8.676,126.601969151007,0,2661.31608685046,0.0292161106674869,NA,0.0324081420869064,0.723,GAM,GAM,Data,Pequivalent,BRA,3677.12861816249
521,1983,6-12m,UP,Dredges,LatinAmerica,76,12,37.970216028777,0,8.676,27.4524661888058,0,2682.16492976438,0.0292161106674869,NA,0.0125581387908707,0.723,GAM,GAM,Data,Pequivalent,BRA,3759.88470776501
522,1984,6-12m,UP,Dredges,LatinAmerica,76,11,34.8060313597123,0,7.953,25.164760673072,0,2458.65118561735,0.0292161106674869,NA,0.0125581387908707,0.723,GAM,GAM,Data,Pequivalent,BRA,3481.00636658182
523,1985,6-12m,UP,Dredges,LatinAmerica,76,10,31.6418466906475,0,7.23,22.8770551573381,0,2235.13744147031,0.0292161106674869,NA,0.0125581387908707,0.723,GAM,GAM,Data,Pequivalent,BRA,3196.34079101697
524,1986,6-12m,UP,Dredges,LatinAmerica,76,10,145.922048352936,0,7.23,105.501640959173,0,2217.76340570872,0.0292161106674869,NA,0.0324081420869064,0.723,GAM,GAM,Data,Pequivalent,BRA,3184.40413846273
525,1987,6-12m,UP,Dredges,LatinAmerica,76,9,131.329843517642,0,6.507,94.9514768632552,0,1995.98706513785,0.0292161106674869,NA,0.0324081420869064,0.723,GAM,GAM,Data,Pequivalent,BRA,2875.25467937999
526,1988,6-12m,UP,Dredges,LatinAmerica,76,9,131.329843517642,0,6.507,94.9514768632552,0,1995.98706513785,0.0292161106674869,NA,0.0324081420869064,0.723,GAM,GAM,Data,Pequivalent,BRA,2890.18578689536
527,1989,6-12m,UP,Dredges,LatinAmerica,76,8,116.737638682349,0,5.784,84.4013127673383,0,1774.21072456697,0.0292161106674869,NA,0.0324081420869064,0.723,GAM,GAM,Data,Pequivalent,BRA,2589.34035556845
528,1991,6-12m,UP,Dredges,LatinAmerica,76,7,102.145433847055,0,5.061,73.8511486714208,0,1552.4343839961,0.0292161106674869,NA,0.0324081420869064,0.723,GAM,GAM,Data,Pequivalent,BRA,2298.86861059248
529,1994,6-12m,UP,Dredges,LatinAmerica,76,4,58.3688193411744,0,2.892,42.2006563836691,0,887.105362283487,0.0292161106674869,NA,0.0324081420869064,0.723,GAM,GAM,Data,Pequivalent,BRA,1352.15045792711
530,1995,6-12m,UP,Dredges,LatinAmerica,76,4,58.3688193411744,0,2.892,42.2006563836691,0,887.105362283487,0.0292161106674869,NA,0.0324081420869064,0.723,GAM,GAM,Data,Pequivalent,BRA,1365.33125678389
531,1996,6-12m,UP,Dredges,LatinAmerica,76,4,58.3688193411744,0,2.892,42.2006563836691,0,887.105362283487,0.0292161106674869,NA,0.0324081420869064,0.723,GAM,GAM,Data,Pequivalent,BRA,1379.9231689225
532,1997,6-12m,UP,Dredges,LatinAmerica,76,4,58.3688193411744,0,2.892,42.2006563836691,0,887.105362283487,0.0292161106674869,NA,0.0324081420869064,0.723,GAM,GAM,Data,Pequivalent,BRA,1391.26828139926
533,1998,6-12m,UP,Dredges,LatinAmerica,76,3,43.7766145058808,0,2.169,31.6504922877518,0,665.329021712615,0.0292161106674869,NA,0.0324081420869064,0.723,GAM,GAM,Data,Pequivalent,BRA,1053.71224661999
534,1999,6-12m,UP,Dredges,LatinAmerica,76,3,9.49255400719425,0,2.169,6.86311654720144,0,670.541232441094,0.0292161106674869,NA,0.0125581387908707,0.723,GAM,GAM,Data,Pequivalent,BRA,1072.5181104
535,2000,6-12m,UP,Dredges,LatinAmerica,76,3,9.49255400719425,0,2.169,6.86311654720144,0,670.541232441094,0.0292161106674869,NA,0.0125581387908707,0.723,GAM,GAM,Data,Pequivalent,BRA,1083.17398437577
536,2001,6-12m,UP,Dredges,LatinAmerica,76,3,9.49255400719425,0,2.169,6.86311654720144,0,670.541232441094,0,NA,0.0125581387908707,0.723,Data,GAM,Data,Pequivalent,BRA,1093.9357284987
537,2002,6-12m,UP,Dredges,LatinAmerica,76,3,9.49255400719425,0,2.169,6.86311654720144,0,670.541232441094,0.0292161106674869,NA,0.0125581387908707,0.723,GAM,GAM,Data,Pequivalent,BRA,1094.56482147762
538,2003,6-12m,UP,Dredges,LatinAmerica,76,2,6.3283693381295,0,1.446,4.57541103146763,0,447.027488294062,0.0292161106674869,NA,0.0125581387908707,0.723,GAM,GAM,Data,Pequivalent,BRA,732.117923592328
539,2004,6-12m,UP,Dredges,LatinAmerica,76,2,6.3283693381295,0,1.446,4.57541103146763,0,447.027488294062,0,NA,0.0125581387908707,0.723,Data,Data,Data,Pequivalent,BRA,734.533912740182
540,2005,6-12m,UP,Dredges,LatinAmerica,76,3,9.49255400719425,0,2.169,6.86311654720144,0,670.541232441094,0,NA,0.0125581387908707,0.723,Data,Data,Data,Pequivalent,BRA,1105.43681197834
541,2006,6-12m,UP,Dredges,LatinAmerica,76,6,87.5532290117616,0,4.338,63.3009845755036,0,1330.65804342523,0.0292161106674869,NA,0.0324081420869064,0.723,GAM,Data,Data,Pequivalent,BRA,2219.26069545059
542,2007,6-12m,UP,Dredges,LatinAmerica,76,3,43.7766145058808,0,2.169,31.6504922877518,0,665.329021712615,0.0292161106674869,NA,0.0324081420869064,0.723,GAM,Data,Data,Pequivalent,BRA,1120.06087299391
543,2008,6-12m,UP,Dredges,LatinAmerica,76,3,43.7766145058808,0,2.169,31.6504922877518,0,665.329021712615,0.0292161106674869,NA,0.0324081420869064,0.723,GAM,Data,Data,Pequivalent,BRA,1130.58944520006
544,2009,6-12m,UP,Dredges,LatinAmerica,76,3,43.7766145058808,0,2.169,31.6504922877518,0,665.329021712615,0.0292161106674869,NA,0.0324081420869064,0.723,GAM,Data,Data,Pequivalent,BRA,1141.21698598494
545,2010,6-12m,UP,Dredges,LatinAmerica,76,2,29.1844096705872,0,1.446,21.1003281918345,0,443.552681141744,0.0292161106674869,NA,0.0324081420869064,0.723,GAM,Data,Data,Pequivalent,BRA,767.962950435466
546,2011,6-12m,UP,Dredges,LatinAmerica,76,2,29.1844096705872,0,1.446,21.1003281918345,0,443.552681141744,0.0292161106674869,NA,0.0324081420869064,0.723,GAM,Data,Data,Pequivalent,BRA,775.181802169559
547,2012,6-12m,UP,Dredges,LatinAmerica,76,2,29.1844096705872,0,1.446,21.1003281918345,0,443.552681141744,0.0292161106674869,NA,0.0324081420869064,0.723,GAM,Data,Data,Pequivalent,BRA,782.468511109953
548,2013,6-12m,UP,Dredges,LatinAmerica,76,2,29.1844096705872,0,1.446,21.1003281918345,0,443.552681141744,0.0292161106674869,NA,0.0324081420869064,0.723,GAM,Data,Data,Pequivalent,BRA,789.823715114387
549,2014,6-12m,UP,Dredges,LatinAmerica,76,2,29.1844096705872,0,1.446,21.1003281918345,0,443.552681141744,0.0292161106674869,NA,0.0324081420869064,0.723,GAM,Data,Data,Pequivalent,BRA,797.248058036462
550,2015,6-12m,UP,Dredges,LatinAmerica,76,1,3.16418466906475,0,0.723,2.28770551573381,0,223.513744147031,0.0292161106674869,NA,0.0125581387908707,0.723,GAM,GAM,Data,Pequivalent,BRA,405.738370920589
551,2016,6-12m,UP,Dredges,LatinAmerica,76,1,3.16418466906475,0,0.723,2.28770551573381,0,223.513744147031,0.0292161106674869,NA,0.0125581387908707,0.723,GAM,GAM,Data,Pequivalent,BRA,409.769535434958
552,2017,6-12m,UP,Dredges,LatinAmerica,76,1,14.5922048352936,0,0.723,10.5501640959173,0,221.776340570872,0.0292161106674869,NA,0.0324081420869064,0.723,GAM,GAM,Data,Pequivalent,BRA,410.406232350003
9669,1950,12-24m,APW,Gillnets,LatinAmerica,76,10,297.944517482827,1849.52359250852,7.23,215.413886140084,1337.20555738366,264425.695421093,0.0513454323196739,0.00166167459903888,0.00338673346175287,0.723,GAM,AIC,Data,AIC,BRA,294789.730069573
9670,1951,12-24m,APW,Gillnets,LatinAmerica,76,10,297.944517482827,1848.36392125671,7.23,215.413886140084,1336.3671150686,264260.244516196,0.0513454323196739,0.00166357253469964,0.00338673346175287,0.723,GAM,GAM,Data,AIC,BRA,328434.840467983
9671,1952,12-24m,APW,Gillnets,LatinAmerica,76,10,297.944517482827,1847.16602272058,7.23,215.413886140084,1335.50103442698,264089.35088739,0.0513454323196739,0.00166553095672809,0.00338673346175287,0.723,GAM,GAM,Data,AIC,BRA,365912.269216026
9672,1953,12-24m,APW,Gillnets,LatinAmerica,76,11,320.0099129159,2008.7175802196,7.953,231.367167038196,1452.30281049877,287229.678120526,0.0513454323196739,0.00168886792151457,0.00342884900604559,0.723,GAM,GAM,Data,AIC,BRA,443674.11174787
9673,1954,12-24m,APW,Gillnets,LatinAmerica,76,12,380.720589925018,2278.15097861328,8.676,275.260986515788,1647.1031575374,325580.188807545,0.0513454323196739,0.00161419208063225,0.00328053438543677,0.723,GAM,GAM,Data,AIC,BRA,560662.41308507
9674,1955,12-24m,APW,Gillnets,LatinAmerica,76,12,380.720589925018,2275.57859272179,8.676,275.260986515788,1645.24332253785,325213.576612265,0.0513454323196739,0.00161740009801879,0.00328053438543677,0.723,GAM,GAM,Data,AIC,BRA,624339.530022333
9675,1956,12-24m,APW,Gillnets,LatinAmerica,76,13,402.785985358092,2434.98438501838,9.399,291.214267413901,1760.49371036829,348048.23269312,0.0513454323196739,0.00164230254168034,0.00331981260476458,0.723,GAM,GAM,Data,AIC,BRA,744903.976297021
9676,1957,12-24m,APW,Gillnets,LatinAmerica,76,13,402.785985358092,2430.68551563962,9.399,291.214267413901,1757.38562780744,347435.772840551,0.0513454323196739,0.00164730935874804,0.00331981260476458,0.723,GAM,GAM,Data,AIC,BRA,828980.063934164
9677,1958,12-24m,APW,Gillnets,LatinAmerica,76,13,402.785985358092,2425.14421185512,9.399,291.214267413901,1753.37926517125,346646.429760329,0,0.00165376170007943,0.00331981260476458,0.723,Data,GAM,Data,AIC,BRA,922072.308920563
9678,1959,12-24m,APW,Gillnets,LatinAmerica,76,13,402.785985358092,2418.06256177551,9.399,291.214267413901,1748.25923216369,345637.791268839,0,0.00166204218965871,0.00331981260476458,0.723,Data,GAM,Data,AIC,BRA,1024962.94210738
9679,1960,12-24m,APW,Gillnets,LatinAmerica,76,16,507.627453233358,2995.6638949225,11.568,367.014648687718,2165.86499602897,428142.819970559,0,0.00165321524052465,0.00328053438543677,0.723,Data,AIC,Data,AIC,BRA,1415416.6559674
9680,1961,12-24m,APW,Gillnets,LatinAmerica,76,16,507.627453233358,2981.08109618037,11.568,367.014648687718,2155.32163253841,426066.213414585,0,0.00166712179411873,0.00328053438543677,0.723,Data,GAM,Data,AIC,BRA,1570295.64914195
9681,1962,12-24m,APW,Gillnets,LatinAmerica,76,18,590.403525675551,3379.76252646623,13.014,426.861749063423,2443.56830663508,482958.287025699,0,0.00165939032213972,0.00322694149316209,0.723,Data,GAM,Data,AIC,BRA,1984369.97680467
9682,1963,12-24m,APW,Gillnets,LatinAmerica,76,18,590.403525675551,3353.63039254351,13.014,426.861749063423,2424.67477380896,479237.503902712,0,0.00168203372750263,0.00322694149316209,0.723,Data,GAM,Data,AIC,BRA,2195192.02801933
9683,1964,12-24m,APW,Gillnets,LatinAmerica,76,17,568.338130242477,3161.11912636845,12.291,410.908468165311,2285.48912836439,451689.496730409,0,0.00169705429603126,0.00319702397798807,0.723,Data,GAM,Data,AIC,BRA,2306590.00351076
9684,1965,12-24m,APW,Gillnets,LatinAmerica,76,17,568.338130242477,3126.3928119369,12.291,410.908468165311,2260.38200303038,446745.325838491,0,0.00173096045723197,0.00319702397798807,0.723,Data,GAM,Data,AIC,BRA,2543308.98278524
9685,1966,12-24m,APW,Gillnets,LatinAmerica,76,20,673.179598117743,3640.31783704018,14.46,486.708849439128,2631.94979618005,520184.939697396,0.0513454323196739,0.00176752167770494,0.00318652846892179,0.723,GAM,GAM,Data,AIC,BRA,3301456.47825504
9686,1967,12-24m,APW,Gillnets,LatinAmerica,76,21,695.244993550816,3750.87805742613,15.183,502.66213033724,2711.88483551909,536064.814323082,0.0513454323196739,0.00182064345449039,0.00321226758845808,0.723,GAM,GAM,Data,AIC,BRA,3792921.0133309
9687,1968,12-24m,APW,Gillnets,LatinAmerica,76,21,695.244993550816,3695.97370291939,15.183,502.66213033724,2672.18898721072,528247.840820009,0.0513454323196739,0.00187214964232324,0.00321226758845808,0.723,GAM,GAM,Data,AIC,BRA,4166802.54890242
9688,1969,12-24m,APW,Gillnets,LatinAmerica,76,23,778.021065993008,4002.69637882274,16.629,562.509230712945,2893.94948188884,572048.726869517,0.0513454323196739,0.00192796514517072,0.00317886158397561,0.723,GAM,GAM,Data,AIC,BRA,5030450.82827633
9689,1970,12-24m,APW,Gillnets,LatinAmerica,76,23,778.021065993008,3933.91883537164,16.629,562.509230712945,2844.2233179737,562256.704115341,0.0513454323196739,0.00199578454876149,0.00317886158397561,0.723,GAM,AIC,Data,AIC,BRA,5512101.69623275
9690,1971,12-24m,APW,Gillnets,LatinAmerica,76,25,860.797138435201,4210.06872044114,18.075,622.35633108865,3043.87968487894,601705.267344732,0.0513454323196739,0.00207437890372711,0.00315188036350688,0.723,GAM,GAM,Data,AIC,BRA,6576201.1180238
9691,1972,12-24m,APW,Gillnets,LatinAmerica,76,26,882.862533868275,4294.2023881731,18.798,638.309611986763,3104.70832664915,613822.019867316,0.0513454323196739,0.00215008871213461,0.00317301561098561,0.723,GAM,GAM,Data,AIC,BRA,7478981.02765534
9692,1973,12-24m,APW,Gillnets,LatinAmerica,76,27,437.139517787718,4381.827688234,19.521,316.05187136052,3168.06141859318,635776.08381976,0.0513454323196739,0.00302398691154792,0.00882414075380313,0.723,GAM,GAM,Data,AIC,BRA,8349030.68919522
9693,1974,12-24m,APW,Gillnets,LatinAmerica,76,29,460.224915805422,4632.9870770587,20.967,332.74261412732,3349.64965671344,672326.373487466,0.0513454323196739,0.00312450210050333,0.00906569026423926,0.723,GAM,GAM,Data,AIC,BRA,9515769.66790184
9694,1975,12-24m,APW,Gillnets,LatinAmerica,76,31,483.310313823127,4876.55224943932,22.413,349.433356894121,3525.74727634463,707743.838657101,0.0513454323196739,0.00321978898014531,0.00928416446910087,0.723,GAM,GAM,Data,AIC,BRA,10796221.1917875
9695,1976,12-24m,APW,Gillnets,LatinAmerica,76,32,506.260889609134,4971.14191637156,23.136,366.026623187404,3594.13560553664,720909.944123484,0.0513454323196739,0.00322409930646581,0.00910361208341524,0.723,GAM,GAM,Data,AIC,BRA,11852462.6559032
9696,1977,12-24m,APW,Gillnets,LatinAmerica,76,34,529.346287626839,5214.56504140801,24.582,382.717365954205,3770.13052493799,756307.126430094,0.0513454323196739,0.00330870847501106,0.00930143229803156,0.723,GAM,GAM,Data,AIC,BRA,13401631.5918722
9697,1978,12-24m,APW,Gillnets,LatinAmerica,76,36,552.431685644543,5458.50836730453,26.028,399.408108721005,3946.50154956118,791781.042592715,0.0513454323196739,0.00338539210680138,0.00948271921628185,0.723,GAM,GAM,Data,AIC,BRA,15121556.0926893
9698,1979,12-24m,APW,Gillnets,LatinAmerica,76,38,598.332837216558,5733.52379375451,27.474,432.594641307572,4145.33770288451,830913.387547077,0.0513454323196739,0.00333553214176939,0.00916194939987821,0.723,GAM,GAM,Data,AIC,BRA,17103265.7862494
9699,1980,12-24m,APW,Gillnets,LatinAmerica,76,40,621.418235234263,5987.51709608098,28.92,449.285384074372,4328.97486046655,867882.887614631,0.0513454323196739,0.00339844787346699,0.00932829253272157,0.723,GAM,AIC,Data,AIC,BRA,19253793.814655
9700,1981,12-24m,APW,Gillnets,LatinAmerica,76,43,667.454209037975,6406.53281294508,31.089,482.569393134456,4631.92322375929,928515.776894681,0.0513454323196739,0.00341692500602095,0.00933894372446284,0.723,GAM,GAM,Data,AIC,BRA,22201196.5585718
9701,1982,12-24m,APW,Gillnets,LatinAmerica,76,46,713.490182841687,6832.00512218139,33.258,515.85340219454,4939.53970333714,990104.914864706,0.0513454323196739,0.00342949854321886,0.00934822043903321,0.723,GAM,GAM,Data,AIC,BRA,25515272.6668082
9702,1983,12-24m,APW,Gillnets,LatinAmerica,76,50,1760.23955844644,7389.04333784696,36.15,1272.65320075678,5342.27833326335,1056465.64293795,0.0513454323196739,0.00284724209688692,0.00311875362577561,0.723,GAM,GAM,Data,AIC,BRA,30351703.4053075
9703,1984,12-24m,APW,Gillnets,LatinAmerica,76,54,1887.14642175478,7988.49406670693,39.042,1364.40686292871,5775.68121022911,1142224.03271597,0.0513454323196739,0.00283552190607256,0.00312963306179369,0.723,GAM,GAM,Data,AIC,BRA,36583704.4200546
9704,1985,12-24m,APW,Gillnets,LatinAmerica,76,58,2052.69856663917,8560.58517966811,41.934,1484.10106368012,6189.30308490004,1223948.24482585,0.0513454323196739,0.00275547533801312,0.00311097429331803,0.723,GAM,GAM,Data,AIC,BRA,43702686.4159039
9705,1986,12-24m,APW,Gillnets,LatinAmerica,76,62,943.804874091944,9179.57238372644,44.826,682.370923968475,6636.83083343422,1330776.38832509,0.0513454323196739,0.00337270787635782,0.0095843965436674,0.723,GAM,GAM,Data,AIC,BRA,51213218.4769332
9706,1987,12-24m,APW,Gillnets,LatinAmerica,76,67,1012.92624591336,9936.40173092147,48.441,732.345675795359,7184.01845145622,1440763.52379779,0.0513454323196739,0.00338260006157792,0.00967219709299455,0.723,GAM,GAM,Data,AIC,BRA,59758761.8769737
9707,1988,12-24m,APW,Gillnets,LatinAmerica,76,72,1082.04761773477,10711.109918858,52.056,782.320427622241,7744.13247133433,1553376.20124426,0.0513454323196739,0.00338420167065329,0.009748780216551,0.723,GAM,GAM,Data,AIC,BRA,69441235.028487
9708,1989,12-24m,APW,Gillnets,LatinAmerica,76,77,1151.1689895562,11507.0955409442,55.671,832.295179449131,8319.63007610264,1669113.18033237,0.0513454323196739,0.0034058639144498,0.00981616654866041,0.723,GAM,GAM,Data,AIC,BRA,80418964.8661149
9709,1990,12-24m,APW,Gillnets,LatinAmerica,76,82,1220.29036137761,12327.5688078869,59.286,882.269931276013,8912.83224810222,1788444.4131134,0.0513454323196739,0.00336438338624324,0.00987591890140751,0.723,GAM,AIC,Data,AIC,BRA,92870982.7818138
9710,1991,12-24m,APW,Gillnets,LatinAmerica,76,88,1312.36230898504,13338.4856183814,63.624,948.83794939618,9643.72510208976,1935145.06780342,0.0513454323196739,0.00340523981296285,0.00984833302778079,0.723,GAM,GAM,Data,AIC,BRA,108305378.742063
9711,1992,12-24m,APW,Gillnets,LatinAmerica,76,94,3388.08674429445,14346.6363266653,67.962,2449.58671612489,10372.618064179,2050918.13342584,0.0513454323196739,0.00260699658497301,0.00308441482484065,0.723,GAM,GAM,Data,AIC,BRA,127965682.478817
9712,1993,12-24m,APW,Gillnets,LatinAmerica,76,100,3597.76968004499,15419.966360561,72.3,2601.18747867253,11148.6356786856,2204350.13628745,0.0513454323196739,0.00260074567886853,0.00308705020551173,0.723,GAM,GAM,Data,AIC,BRA,153332587.67202
9713,1994,12-24m,APW,Gillnets,LatinAmerica,76,107,1565.89722048469,16662.1493728648,77.361,1132.14369041043,12046.7339965813,2419102.28926453,0.0513454323196739,0.00333779806133019,0.0100955535448428,0.723,GAM,GAM,Data,AIC,BRA,181359379.798372
9714,1995,12-24m,APW,Gillnets,LatinAmerica,76,113,1635.1534145378,17775.6216028387,81.699,1182.21591871083,12851.7744188524,2581710.27079647,0.0513454323196739,0.00332683376634036,0.0102456606211268,0.723,GAM,GAM,Data,AIC,BRA,208605231.176911
9715,1996,12-24m,APW,Gillnets,LatinAmerica,76,119,1727.22536214523,18956.9638044342,86.037,1248.783936831,13705.884830606,2753293.16676164,0.0513454323196739,0.0030883452781539,0.0102049910579106,0.723,GAM,GAM,Data,AIC,BRA,239773980.117171
9716,1997,12-24m,APW,Gillnets,LatinAmerica,76,126,1819.43213198435,20318.36848786,91.098,1315.44943142468,14690.1804167228,2951626.61760093,0.0513454323196739,0.00307393852881548,0.0102738745071345,0.723,GAM,GAM,Data,AIC,BRA,277040279.434631
9717,1998,12-24m,APW,Gillnets,LatinAmerica,76,133,1911.63890182347,21718.3828071128,96.159,1382.11492601837,15702.3907695426,3155577.90241775,0.0513454323196739,0.00347470912747694,0.0103361128516346,0.723,GAM,GAM,Data,AIC,BRA,319221627.616282
9718,1999,12-24m,APW,Gillnets,LatinAmerica,76,138,5054.5792117185,22827.0570255072,99.774,3654.46077007248,16503.9622294417,3262694.50099673,0.0513454323196739,0.00227939678993743,0.0030614360010081,0.723,GAM,GAM,Data,AIC,BRA,367958217.774603
9719,2000,12-24m,APW,Gillnets,LatinAmerica,76,144,5264.26214746903,24127.9618220698,104.112,3806.06153262011,17444.5163973565,3448658.88931172,0.0513454323196739,0.00223331804477542,0.00306415238547272,0.723,GAM,GAM,Data,AIC,BRA,433591769.594895
9720,2001,12-24m,APW,Gillnets,LatinAmerica,76,149,5451.87968778649,25258.4289944073,107.727,3941.70901426963,18261.8441629565,3610223.11860494,0.0513454323196739,0.00214494827190358,0.0030628931701899,0.723,GAM,GAM,Data,AIC,BRA,506026810.17123
9721,2002,12-24m,APW,Gillnets,LatinAmerica,76,154,5639.49722810395,26387.755706101,111.342,4077.35649591916,19078.347375511,3771640.55189156,0.0513454323196739,0.00278191327151285,0.00306171773928166,0.723,GAM,GAM,Data,AIC,BRA,589357039.046332
9722,2003,12-24m,APW,Gillnets,LatinAmerica,76,158,5766.40409141229,27356.5423998539,114.234,4169.11015809109,19778.7801550944,3910220.7473117,0.0513454323196739,0.00284536304243704,0.00306653345003709,0.723,GAM,GAM,Data,AIC,BRA,681174134.124964
9723,2004,12-24m,APW,Gillnets,LatinAmerica,76,165,5998.15242259589,28845.1625442771,119.295,4336.66420153683,20855.0525195124,4123139.1637953,0,0.00126387031305278,0.00307216412445082,0.723,Data,Data,Data,AIC,BRA,800743754.842822
9724,2005,12-24m,APW,Gillnets,LatinAmerica,76,161,5832.60027771151,28395.3207448142,116.403,4216.97000078542,20529.8168985007,4058975.19431824,0,0.00265640431857959,0.00307709961121371,0.723,Data,Data,Data,AIC,BRA,878801234.533547
9725,2006,12-24m,APW,Gillnets,LatinAmerica,76,167,2463.80094300462,29722.7871813344,120.741,1781.32808179234,21489.5751321047,4314368.69571026,0.0513454323196739,0.00382169620377144,0.00998906135677276,0.723,GAM,Data,Data,AIC,BRA,1006754130.8247
9726,2007,12-24m,APW,Gillnets,LatinAmerica,76,168,2509.56727234494,30176.8295545631,121.464,1814.41713790539,21817.8477679491,4378457.93166475,0.0513454323196739,0.00308262371728837,0.00982687098461959,0.723,GAM,Data,Data,AIC,BRA,1101182366.84538
9727,2008,12-24m,APW,Gillnets,LatinAmerica,76,168,2532.38302589925,30447.5287350211,121.464,1830.91292772516,22013.5632754203,4416365.41559104,0.0513454323196739,0.00331286321620653,0.00971008661573842,0.723,GAM,Data,Data,AIC,BRA,1197112513.01421
9728,2009,12-24m,APW,Gillnets,LatinAmerica,76,169,2578.14935523957,30928.0834370402,122.187,1864.00198383821,22361.0043249801,4484458.05408539,0.0513454323196739,0.00318505104406104,0.00955716296949273,0.723,GAM,Data,Data,AIC,BRA,1310122300.751
9729,2010,12-24m,APW,Gillnets,LatinAmerica,76,168,2600.83028656218,31072.9754783493,121.464,1880.40029718446,22465.7612708465,4503669.96651219,0.0513454323196739,0.00293619255306261,0.00937202738336958,0.723,GAM,Data,Data,AIC,BRA,1418078699.01385
9730,2011,12-24m,APW,Gillnets,LatinAmerica,76,166,2600.56064209879,31031.0211151171,120.018,1880.20534423742,22435.4282662296,4496275.54058642,0.0513454323196739,0.00161164092681737,0.00922441149243057,0.723,GAM,Data,Data,AIC,BRA,1525873732.53633
9731,2012,12-24m,APW,Gillnets,LatinAmerica,76,164,2623.10675118971,31037.5080906192,118.572,1896.50618111016,22440.1183495177,4494985.24686804,0.0513454323196739,0.00154166521620422,0.0089705441781191,0.723,GAM,Data,Data,AIC,BRA,1644091002.77488
9732,2013,12-24m,APW,Gillnets,LatinAmerica,76,161,2622.70228449462,30841.3430976142,116.403,1896.21375168961,22298.291059575,4464766.37359636,0.0513454323196739,0.00141150398797151,0.00875092775265713,0.723,GAM,Data,Data,AIC,BRA,1760063041.89708
9733,2014,12-24m,APW,Gillnets,LatinAmerica,76,159,2622.43264003122,30803.2942616582,114.957,1896.01879874257,22270.7817511789,4458279.11358279,0.0513454323196739,0.00141789307009478,0.00860447916658538,0.723,GAM,Data,Data,AIC,BRA,1894212256.08788
9734,2015,12-24m,APW,Gillnets,LatinAmerica,76,156,5065.30351375338,30584.6301513821,112.788,3662.21444044369,22112.6875994492,4374297.29087011,0.0513454323196739,0.00111250699123359,0.00324305418414473,0.723,GAM,Data,Data,AIC,BRA,2071945740.03089
9735,2016,12-24m,APW,Gillnets,LatinAmerica,76,153,4921.81676430207,30312.1608180652,110.619,3558.4735205904,21915.6922714612,4335417.21688753,0.0513454323196739,0.00107810275373195,0.00325803354494863,0.723,GAM,Data,Data,AIC,BRA,2289336721.06355
9736,2017,12-24m,APW,Gillnets,LatinAmerica,76,150,2598.40348639164,30046.0257573552,108.45,1878.64572066115,21723.2766225678,4344623.55957109,0.0513454323196739,0.00115988819363601,0.0080423814283771,0.723,GAM,Data,Data,AIC,BRA,2472651055.69081
9737,1994,24-50m,APW,Gillnets,LatinAmerica,76,1,114.54450790271,426.159802365325,0.723,82.8156792136593,308.11353711013,60893.3759777756,0.0513454323196739,0.00107158075508478,0.000602343415198726,0.723,GAM,GAM,Data,AIC,BRA,4565158.30279999
9738,1995,24-50m,APW,Gillnets,LatinAmerica,76,1,114.54450790271,423.95158641043,0.723,82.8156792136593,306.516996974741,60577.8470995585,0.0513454323196739,0.00108277280797237,0.000602343415198726,0.723,GAM,GAM,Data,AIC,BRA,4894761.40733035
9739,1996,24-50m,APW,Gillnets,LatinAmerica,76,1,114.54450790271,421.688387980651,0.723,82.8156792136593,304.880704510011,60254.4618526818,0.0513454323196739,0.00109442646397142,0.000602343415198726,0.723,GAM,GAM,Data,AIC,BRA,5247335.19577523
9740,1997,24-50m,APW,Gillnets,LatinAmerica,76,1,114.54450790271,419.325187422665,0.723,82.8156792136593,303.172110506587,59916.7874420743,0.0513454323196739,0.00110679699301145,0.000602343415198726,0.723,GAM,GAM,Data,AIC,BRA,5623801.95272447
9741,1998,24-50m,APW,Gillnets,LatinAmerica,76,1,114.54450790271,416.903770745105,0.723,82.8156792136593,301.421426248711,59570.7946118563,0.0513454323196739,0.0011196910936738,0.000602343415198726,0.723,GAM,GAM,Data,AIC,BRA,6026245.14508803
9742,1999,24-50m,APW,Gillnets,LatinAmerica,76,1,114.54450790271,414.628823659181,0.723,82.8156792136593,299.776639505588,59245.7306159941,0.0513454323196739,0.00113201163590272,0.000602343415198726,0.723,GAM,GAM,Data,AIC,BRA,6681579.73158557
9743,2000,24-50m,APW,Gillnets,LatinAmerica,76,1,114.54450790271,412.942149823505,0.723,82.8156792136593,298.557174322394,59004.724159126,0.0513454323196739,0.00114127798846008,0.000602343415198726,0.723,GAM,GAM,Data,AIC,BRA,7418525.16695849
9744,2001,24-50m,APW,Gillnets,LatinAmerica,76,1,114.54450790271,412.592679619547,0.723,82.8156792136593,298.304507364932,58954.7888522187,0.0513454323196739,0.00114321215541457,0.000602343415198726,0.723,GAM,GAM,Data,AIC,BRA,8263396.13013574
9745,2002,24-50m,APW,Gillnets,LatinAmerica,76,1,114.54450790271,414.701016387404,0.723,82.8156792136593,299.828834848093,59256.046133596,0.0513454323196739,0.00113161754043722,0.000602343415198726,0.723,GAM,GAM,Data,AIC,BRA,9259357.41076237
9746,2003,24-50m,APW,Gillnets,LatinAmerica,76,1,114.54450790271,420.819944534379,0.723,82.8156792136593,304.252819898356,60130.3711876408,0.0513454323196739,0.00112886410892314,0.000602343415198726,0.723,GAM,GAM,Data,AIC,BRA,10474921.0275439
9747,2004,24-50m,APW,Gillnets,LatinAmerica,76,1,114.54450790271,432.291139222523,0.723,82.8156792136593,312.546493657884,61769.4740950065,0,0,0.000602343415198726,0.723,Data,Data,Data,Data,BRA,11996083.2406086
9748,2005,24-50m,APW,Gillnets,LatinAmerica,76,1,114.54450790271,447.560863351455,0.723,82.8156792136593,323.586504203102,63951.3435423338,0,0.000793947325000803,0.000602343415198726,0.723,Data,Data,Data,AIC,BRA,13845987.4634739
9749,2006,24-50m,APW,Gillnets,LatinAmerica,76,1,114.54450790271,462.834023587332,0.723,82.8156792136593,334.628999053641,66133.7039701595,0.0513454323196739,0.000841636405496815,0.000602343415198726,0.723,GAM,Data,Data,AIC,BRA,15432241.5061318
9750,2007,24-50m,APW,Gillnets,LatinAmerica,76,1,114.54450790271,474.764953176246,0.723,82.8156792136593,343.255061146426,67838.4977521861,0.0513454323196739,0.000791152603441694,0.000602343415198726,0.723,GAM,Data,Data,AIC,BRA,17061385.237424
9751,2008,24-50m,APW,Gillnets,LatinAmerica,76,1,114.54450790271,480.053460015129,0.723,82.8156792136593,347.078651590938,68594.1650711442,0.0513454323196739,0.000632868535023581,0.000602343415198726,0.723,GAM,Data,Data,AIC,BRA,18593328.58566
9752,2009,24-50m,APW,Gillnets,LatinAmerica,76,1,114.54450790271,477.892705113436,0.723,82.8156792136593,345.516425797014,68285.4178362002,0.0513454323196739,0.000509746549994722,0.000602343415198726,0.723,GAM,Data,Data,AIC,BRA,19949400.2718578
9753,2010,24-50m,APW,Gillnets,LatinAmerica,76,1,114.54450790271,469.837269277298,0.723,82.8156792136593,339.692345687486,67134.3879166436,0.0513454323196739,0.000542037290819983,0.000602343415198726,0.723,GAM,Data,Data,AIC,BRA,21138726.0131881
9754,2011,24-50m,APW,Gillnets,LatinAmerica,76,1,114.54450790271,459.064511151018,0.723,82.8156792136593,331.903641562186,65595.0836292372,0.0513454323196739,0.000923469231170024,0.000602343415198726,0.723,GAM,Data,Data,AIC,BRA,22260605.2920686
9755,2012,24-50m,APW,Gillnets,LatinAmerica,76,1,114.54450790271,448.416414000775,0.723,82.8156792136593,324.20506732256,64073.5919737155,0.0513454323196739,0.000967847354962109,0.000602343415198726,0.723,GAM,Data,Data,AIC,BRA,23435631.1075445
9756,2013,24-50m,APW,Gillnets,LatinAmerica,76,1,114.54450790271,439.378757535462,0.723,82.8156792136593,317.670841698139,62782.213927157,0.0513454323196739,0.00100807247626816,0.000602343415198726,0.723,GAM,Data,Data,AIC,BRA,24749481.8710205
9757,2014,24-50m,APW,Gillnets,LatinAmerica,76,1,114.54450790271,432.4056418409,0.723,82.8156792136593,312.629279050971,61785.835213424,0.0513454323196739,0.00104084765113749,0.000602343415198726,0.723,GAM,Data,Data,AIC,BRA,26251269.4544692
9758,2015,24-50m,APW,Gillnets,LatinAmerica,76,1,114.54450790271,427.375512989888,0.723,82.8156792136593,308.992495891689,61067.0871624786,0.0513454323196739,0.00106549299761483,0.000602343415198726,0.723,GAM,Data,Data,AIC,BRA,28925261.0622687
9759,2016,24-50m,APW,Gillnets,LatinAmerica,76,1,114.54450790271,423.891720796559,0.723,82.8156792136593,306.473714135912,60569.2929860233,0.0513454323196739,0.00108307866644013,0.000602343415198726,0.723,GAM,Data,Data,AIC,BRA,31983889.8230213
9760,2017,24-50m,APW,Gillnets,LatinAmerica,76,1,114.54450790271,421.468228315619,0.723,82.8156792136593,304.721529072193,60223.0035471741,0.0513454323196739,0.00109557013971683,0.000602343415198726,0.723,GAM,Data,Data,AIC,BRA,34274654.9283299
9761,1950,6-12m,APW,Gillnets,LatinAmerica,76,295,937.126830717832,8072.56021844672,213.285,677.542698608993,5836.46103793698,1196694.48785416,0.0513454323196739,0.0328465247261226,0.0283344595086512,0.723,GAM,AIC,Data,AIC,BRA,1334111.06091066
9762,1951,6-12m,APW,Gillnets,LatinAmerica,76,319,1013.30247893719,8564.5035439875,230.637,732.617692271585,6192.13606230296,1269621.27317142,0.0513454323196739,0.0333595341482959,0.0285350190889312,0.723,GAM,GAM,Data,AIC,BRA,1577943.97364699
9763,1952,6-12m,APW,Gillnets,LatinAmerica,76,343,1089.50579292995,9056.52380672301,247.989,787.712688288351,6547.86671226074,1342559.46383151,0.0513454323196739,0.0342124208936176,0.0286283478027873,0.723,GAM,GAM,Data,AIC,BRA,1860199.88430929
9764,1953,6-12m,APW,Gillnets,LatinAmerica,76,370,1175.20685539839,9598.82951490167,267.51,849.674556453038,6939.95373927391,1422952.08205271,0.0513454323196739,0.0351673188199684,0.0287922863169439,0.723,GAM,GAM,Data,AIC,BRA,2197986.6606946
9765,1954,6-12m,APW,Gillnets,LatinAmerica,76,396,1257.68667016146,10083.0028899596,286.308,909.307462526736,7290.01108944081,1494727.03243011,0.0513454323196739,0.0365711754016507,0.0290459132721857,0.723,GAM,GAM,Data,AIC,BRA,2573981.13802658
9766,1955,6-12m,APW,Gillnets,LatinAmerica,76,426,1352.913146879,10671.5359452713,307.998,978.156205193519,7715.52048843119,1581972.49658931,0.0513454323196739,0.0359273493493585,0.0291676651043482,0.723,GAM,GAM,Data,AIC,BRA,3037044.07213723
9767,1956,6-12m,APW,Gillnets,LatinAmerica,76,459,1457.66503784564,11316.0636166406,331.857,1053.8918223624,8181.51399483114,1677518.72860559,0.0513454323196739,0.0365056272211589,0.0292772991482874,0.723,GAM,GAM,Data,AIC,BRA,3590279.31727156
9768,1957,6-12m,APW,Gillnets,LatinAmerica,76,490,1555.97443340151,11864.6805543236,354.27,1124.9695153493,8578.16404077594,1758846.93768707,0.0513454323196739,0.0371691423111511,0.0295550624475677,0.723,GAM,GAM,Data,AIC,BRA,4196600.23760242
9769,1958,6-12m,APW,Gillnets,LatinAmerica,76,527,1673.3899890024,12557.3857163523,381.021,1209.86096204874,9078.98987292273,1861535.109305,0,0.0377706005623737,0.0296974572896361,0.723,Data,GAM,Data,AIC,BRA,4951644.7567636
9770,1959,6-12m,APW,Gillnets,LatinAmerica,76,515,1635.23300045921,12081.7768464934,372.345,1182.27345933201,8735.12466001476,1791029.78044612,0,0.0383635624038631,0.0297990019825046,0.723,Data,GAM,Data,AIC,BRA,5311164.46042831
9771,1960,6-12m,APW,Gillnets,LatinAmerica,76,631,2003.47524269513,14569.3030062739,456.213,1448.51260046858,10533.6060735361,2159786.25463135,0,0.0389792153924898,0.0299268093283363,0.723,Data,AIC,Data,AIC,BRA,7140134.77639278
9772,1961,6-12m,APW,Gillnets,LatinAmerica,76,654,2076.40197743569,14858.0709163566,472.842,1501.23862968601,10742.3852725258,2202593.8592715,0,0.039614833130998,0.0300771950424456,0.723,Data,GAM,Data,AIC,BRA,8117807.62037398
9773,1962,6-12m,APW,Gillnets,LatinAmerica,76,741,2352.58365911264,16575.7873724891,535.743,1700.91798553844,11984.2942703096,2457232.01112487,0,0.0402333828863451,0.0301261677165244,0.723,Data,GAM,Data,AIC,BRA,10096228.9288973
9774,1963,6-12m,APW,Gillnets,LatinAmerica,76,720,2285.82276204874,15847.4176788313,520.56,1652.64985696124,11457.6829817951,2349256.84910271,0,0.0408899426476016,0.0302469370867769,0.723,Data,GAM,Data,AIC,BRA,10760989.8326467
9775,1964,6-12m,APW,Gillnets,LatinAmerica,76,702,2228.61494500735,15204.0311505545,507.546,1611.28860524031,10992.5145218509,2253879.78270572,0,0.0415547688467448,0.0303340802875981,0.723,Data,GAM,Data,AIC,BRA,11509624.6725589
9776,1965,6-12m,APW,Gillnets,LatinAmerica,76,736,2336.50508635915,15684.1487128128,532.128,1689.29317743766,11339.6395193636,2325053.49026922,0,0.0422337234955486,0.0303988093664918,0.723,Data,GAM,Data,AIC,BRA,13236466.2487721
9777,1966,6-12m,APW,Gillnets,LatinAmerica,76,893,2834.90954615043,18722.864538341,645.639,2049.63960186676,13536.6310612206,2775519.56053218,0.0513454323196739,0.0429261237432002,0.0304072075659631,0.723,GAM,GAM,Data,AIC,BRA,17615383.1730942
9778,1967,6-12m,APW,Gillnets,LatinAmerica,76,948,3009.42225569906,19548.8254821378,685.404,2175.81229087042,14133.8008235856,2897961.86902879,0.0513454323196739,0.0436445657965276,0.0305002909430583,0.723,GAM,GAM,Data,AIC,BRA,20504499.0366526
9779,1968,6-12m,APW,Gillnets,LatinAmerica,76,1010,3206.20704145128,20484.0452751689,730.23,2318.08769096927,14809.9647339471,3036600.95513866,0.0513454323196739,0.0443760003353394,0.0305333487754354,0.723,GAM,GAM,Data,AIC,BRA,23952613.9477067
9780,1969,6-12m,APW,Gillnets,LatinAmerica,76,1021,3241.05978496887,20365.1461491836,738.183,2343.28622453249,14724.0006658598,3018975.08121181,0.0513454323196739,0.0451212082284437,0.0305972179962531,0.723,GAM,GAM,Data,AIC,BRA,26548098.0631421
9781,1970,6-12m,APW,Gillnets,LatinAmerica,76,1085,3444.25940035843,21279.4257324779,784.455,2490.19954645915,15385.0248045815,3154509.94352051,0.0513454323196739,0.0458893962777206,0.0305626300971488,0.723,GAM,AIC,Data,AIC,BRA,30925339.7659719
9782,1971,6-12m,APW,Gillnets,LatinAmerica,76,1151,3653.73551651829,22199.5140911528,832.173,2641.65077844272,16050.2486879035,3290905.91175981,0.0513454323196739,0.046663183515933,0.0305937469276685,0.723,GAM,GAM,Data,AIC,BRA,35967209.0485905
9783,1972,6-12m,APW,Gillnets,LatinAmerica,76,1221,3875.95829463263,23156.2421318394,882.783,2802.31784701939,16741.9630613199,3432733.42888987,0.0513454323196739,0.0474558865701715,0.0305819047572999,0.723,GAM,GAM,Data,AIC,BRA,41825394.5878565
9784,1973,6-12m,APW,Gillnets,LatinAmerica,76,1207,3873.60673725178,22484.452082499,872.661,2800.61767103304,16256.2588556468,3333145.76063018,0.0513454323196739,0.048313385445827,0.0355891052155426,0.723,GAM,GAM,Data,AIC,BRA,43770970.5591121
9785,1974,6-12m,APW,Gillnets,LatinAmerica,76,1282,4114.38338263765,23479.2516388035,926.886,2974.69918564702,16975.4989348549,3480617.08488603,0.0513454323196739,0.0491412596001631,0.0355439863357023,0.723,GAM,GAM,Data,AIC,BRA,49262905.3210224
9786,1975,6-12m,APW,Gillnets,LatinAmerica,76,1359,4361.59919679322,24473.6679810366,982.557,3153.4362192815,17694.4619502894,3628031.6006258,0.0513454323196739,0.0499761621734722,0.0354930620651927,0.723,GAM,GAM,Data,AIC,BRA,55343514.8590934
9787,1976,6-12m,APW,Gillnets,LatinAmerica,76,1550,4974.40788918784,27478.6418490487,1120.65,3596.49690388281,19867.0580568622,4073495.68719632,0.0513454323196739,0.0507667011951792,0.0355814496360106,0.723,GAM,GAM,Data,AIC,BRA,66972242.3792881
9788,1977,6-12m,APW,Gillnets,LatinAmerica,76,1650,5295.59108217757,28771.0219799366,1192.95,3828.71235241438,20801.4488914941,4265081.02530399,0.0513454323196739,0.051614433475306,0.0354706998086037,0.723,GAM,GAM,Data,AIC,BRA,75576498.7702938
9789,1978,6-12m,APW,Gillnets,LatinAmerica,76,1839,5902.62510194102,31536.6309346065,1329.597,4267.59794870336,22800.9841657205,4675061.11861452,0.0513454323196739,0.0524818267186488,0.0352951664140847,0.723,GAM,GAM,Data,AIC,BRA,89285036.0629872
9790,1979,6-12m,APW,Gillnets,LatinAmerica,76,1964,6304.21484253459,33147.3440171842,1419.972,4557.94733115251,23965.5297244242,4913836.84964353,0.0513454323196739,0.0533255394182908,0.0351564956788632,0.723,GAM,GAM,Data,AIC,BRA,101144907.434721
9791,1980,6-12m,APW,Gillnets,LatinAmerica,76,2102,6747.63149279207,34930.809920321,1519.746,4878.53756928867,25254.9755723921,5178221.84743923,0.0513454323196739,0.0541584922970666,0.0350014787605502,0.723,GAM,AIC,Data,AIC,BRA,114877729.702867
9792,1981,6-12m,APW,Gillnets,LatinAmerica,76,2402,7712.34394000364,39212.3126142658,1736.646,5576.02466862263,28350.5020201142,5812921.43900974,0.0513454323196739,0.0551306427974747,0.0344972610317268,0.723,GAM,GAM,Data,AIC,BRA,138989357.702243
9793,1982,6-12m,APW,Gillnets,LatinAmerica,76,2446,7855.72226796139,39214.2188680352,1768.458,5679.68719973608,28351.8802415894,5813204.02635707,0.0513454323196739,0.0561378006127884,0.0338785516982293,0.723,GAM,GAM,Data,AIC,BRA,149807847.20229
9794,1983,6-12m,APW,Gillnets,LatinAmerica,76,2655,8431.76221994734,42070.5608767182,1919.565,6096.16408502193,30417.0155138673,6236634.59171926,0.0513454323196739,0.0567974362643296,0.0292142916618912,0.723,GAM,GAM,Data,AIC,BRA,179175238.343517
9795,1984,6-12m,APW,Gillnets,LatinAmerica,76,2862,9089.54145282967,44813.3922887648,2069.226,6571.73847039585,32400.0826247769,6643238.09086801,0.0513454323196739,0.0574783534217244,0.0290812941016127,0.723,GAM,GAM,Data,AIC,BRA,212772846.435807
9796,1985,6-12m,APW,Gillnets,LatinAmerica,76,3044,9668.33877638839,47092.8017944523,2200.812,6990.20893532881,34048.095697389,6981142.88404445,0.0513454323196739,0.0581744957957193,0.0288309223403818,0.723,GAM,GAM,Data,AIC,BRA,249270914.498043
9797,1986,6-12m,APW,Gillnets,LatinAmerica,76,3279,10534.562765898,50287.814459777,2370.717,7616.48887974422,36358.0898544188,7454778.74946435,0.0513454323196739,0.0586841967920569,0.0331049863636156,0.723,GAM,GAM,Data,AIC,BRA,286887576.412464
9798,1987,6-12m,APW,Gillnets,LatinAmerica,76,3299,10601.1694407233,50092.4013784503,2385.177,7664.64550564292,36216.8061966196,7425810.27466204,0.0513454323196739,0.0592724628545618,0.0325925642900523,0.723,GAM,GAM,Data,AIC,BRA,308001431.614113
9799,1988,6-12m,APW,Gillnets,LatinAmerica,76,3799,12207.4176537411,57545.7058947084,2746.677,8825.96296365485,41605.5453618742,8530704.90406634,0.0513454323196739,0.059415380293639,0.0326826938320238,0.723,GAM,GAM,Data,AIC,BRA,381351718.74491
9800,1989,6-12m,APW,Gillnets,LatinAmerica,76,3816,12264.7808854985,57449.3882934623,2758.968,8867.4365802154,41535.9077361732,8516426.56616912,0.0513454323196739,0.0597813153807042,0.0321674104388837,0.723,GAM,GAM,Data,AIC,BRA,410327002.91374
9801,1990,6-12m,APW,Gillnets,LatinAmerica,76,4260,13698.3187038797,63532.1704690414,3079.98,9903.88442290499,45933.7592491169,9418151.88048753,0.0513454323196739,0.0603473794723929,0.0310712803959842,0.723,GAM,AIC,Data,AIC,BRA,489069167.996447
9802,1991,6-12m,APW,Gillnets,LatinAmerica,76,3994,12840.0818931296,60000.0515512989,2887.662,9283.37920873267,43380.0372715891,8894542.62581155,0.0513454323196739,0.0599099485260722,0.0315917195808076,0.723,GAM,GAM,Data,AIC,BRA,497805990.803271
9803,1992,6-12m,APW,Gillnets,LatinAmerica,76,5241,16653.0992992424,78983.2373647645,3789.243,12040.1907933523,57104.8806147247,11708652.7978205,0.0513454323196739,0.0597202666967952,0.0275838951072871,0.723,GAM,GAM,Data,AIC,BRA,730553658.754701
9804,1993,6-12m,APW,Gillnets,LatinAmerica,76,5586,17750.3202131599,84493.8827900659,4038.678,12833.4815141146,61089.0772572176,12525563.2731251,0.0513454323196739,0.0595001653846482,0.027409130996252,0.723,GAM,GAM,Data,AIC,BRA,871266772.50671
9805,1994,6-12m,APW,Gillnets,LatinAmerica,76,5690,18293.1321776275,86901.5720364722,4113.87,13225.9345644247,62829.8365823694,12882484.5436604,0.0513454323196739,0.0589287383414738,0.0315062972527642,0.723,GAM,GAM,Data,AIC,BRA,965796038.252964
9806,1995,6-12m,APW,Gillnets,LatinAmerica,76,6022,19363.1416869607,92507.629275418,4353.906,13999.5514396726,66883.0159661272,13713539.0808705,0.0513454323196739,0.0585876002060752,0.0311913437206862,0.723,GAM,GAM,Data,AIC,BRA,1108070112.50571
9807,1996,6-12m,APW,Gillnets,LatinAmerica,76,6410,20612.2296789248,99242.432141092,4634.43,14902.6420578626,71752.2784380095,14711921.4091583,0.0513454323196739,0.0581303770528142,0.0310219898643588,0.723,GAM,GAM,Data,AIC,BRA,1281206082.24002
9808,1997,6-12m,APW,Gillnets,LatinAmerica,76,6756,21727.9224911062,105348.550706374,4884.588,15709.2879610698,76167.0021607083,15617106.1623867,0.0513454323196739,0.0577169781570817,0.0306946030661167,0.723,GAM,GAM,Data,AIC,BRA,1465824786.03087
9809,1998,6-12m,APW,Gillnets,LatinAmerica,76,7127,22923.9664762132,111974.792026387,5152.821,16574.0277623021,80957.7746350778,16599395.0829118,0.0513454323196739,0.0572834285638902,0.0304053788991767,0.723,GAM,GAM,Data,AIC,BRA,1679212518.1739
9810,1999,6-12m,APW,Gillnets,LatinAmerica,76,7477,23765.2867578778,118278.478033138,5405.871,17182.3023259456,85515.339617959,17533867.6781368,0.0513454323196739,0.0568936979229191,0.0266167266372808,0.723,GAM,GAM,Data,AIC,BRA,1977424089.06871
9811,2000,6-12m,APW,Gillnets,LatinAmerica,76,7858,24977.863942174,125128.943963844,5681.334,18058.9956301918,90468.2264858591,18549396.1593954,0.0513454323196739,0.0565192974220537,0.0264187401502809,0.723,GAM,GAM,Data,AIC,BRA,2332171943.88112
9812,2001,6-12m,APW,Gillnets,LatinAmerica,76,8254,26238.3171896764,132149.694825385,5967.642,18970.303328136,95544.2293587537,19590168.0618962,0.0513454323196739,0.0562135236847553,0.0262161073579001,0.723,GAM,GAM,Data,AIC,BRA,2745855291.87744
9813,2002,6-12m,APW,Gillnets,LatinAmerica,76,8656,27518.0149260907,139096.600867803,6258.288,19895.5247915636,100566.842427422,20619993.0422791,0.0513454323196739,0.0560071198821311,0.0260127801686112,0.723,GAM,GAM,Data,AIC,BRA,3222082772.03373
9814,2003,6-12m,APW,Gillnets,LatinAmerica,76,8513,27066.5062094463,136796.925306017,6154.899,19569.0839894297,98904.1769962506,20279083.9633535,0.0513454323196739,0.0560078377701883,0.0256561574320757,0.723,GAM,GAM,Data,AIC,BRA,3532687372.97803
9815,2004,6-12m,APW,Gillnets,LatinAmerica,76,8947,28448.4538992305,143523.668294711,6468.681,20568.2321691437,103767.612177076,21276271.4773452,0,0.0561043352338616,0.0254290250642597,0.723,Data,Data,Data,AIC,BRA,4132007394.1289
9816,2005,6-12m,APW,Gillnets,LatinAmerica,76,9040,28744.3503879675,144558.46291117,6535.92,20782.1653305005,104515.768684776,21429671.7592964,0,0.0562817273797351,0.0254086796465276,0.723,Data,Data,Data,AIC,BRA,4639698716.08972
9817,2006,6-12m,APW,Gillnets,LatinAmerica,76,9163,29508.0566151427,145077.981470456,6624.849,21334.3249327482,104891.38060314,21506686.3593008,0.0513454323196739,0.0568432226338864,0.0276452146713348,0.723,GAM,Data,Data,AIC,BRA,5018566297.80056
9818,2007,6-12m,APW,Gillnets,LatinAmerica,76,7914,25492.4716229858,123690.468335274,5721.822,18431.0569834187,89428.2086064027,18336153.2960361,0.0513454323196739,0.0575840652546775,0.0270458706654484,0.723,GAM,Data,Data,AIC,BRA,4611543379.08452
9819,2008,6-12m,APW,Gillnets,LatinAmerica,76,7899,25447.1957771755,121703.451268788,5710.977,18398.3225468979,87991.595267334,18041593.4158507,0.0513454323196739,0.0584132982745015,0.0267704945545486,0.723,GAM,Data,Data,AIC,BRA,4890405390.04839
9820,2009,6-12m,APW,Gillnets,LatinAmerica,76,9155,29499.3553409524,138502.400611945,6619.065,21328.0339115086,100137.235642436,20531907.4595612,0.0513454323196739,0.0594899435937242,0.0263125173700508,0.723,GAM,Data,Data,AIC,BRA,5998341274.53179
9821,2010,6-12m,APW,Gillnets,LatinAmerica,76,7015,22604.1841629509,104180.763395123,5071.845,16342.8251498135,75322.6919346741,15443990.7441622,0.0513454323196739,0.0606013988979421,0.026275479177579,0.723,GAM,Data,Data,AIC,BRA,4862877267.8528
9822,2011,6-12m,APW,Gillnets,LatinAmerica,76,7258,23395.0431815737,105139.771342541,5247.534,16914.6162202778,76016.0546806573,15586156.2397952,0.0513454323196739,0.0621287255677813,0.0255028928050947,0.723,GAM,Data,Data,AIC,BRA,5289379216.82818
9823,2012,6-12m,APW,Gillnets,LatinAmerica,76,7317,23596.8211540774,102988.869949234,5290.191,17060.501694398,74460.9529732963,15267301.7783065,0.0513454323196739,0.0639418609335753,0.0243711480906535,0.723,GAM,Data,Data,AIC,BRA,5584185956.52835
9824,2013,6-12m,APW,Gillnets,LatinAmerica,76,7191,23208.0981731189,97852.0924310216,5199.093,16779.454979165,70747.0628276286,14505814.32265,0.0513454323196739,0.0661396178580668,0.0226243834794229,0.723,GAM,Data,Data,AIC,BRA,5718361398.01248
9825,2014,6-12m,APW,Gillnets,LatinAmerica,76,7463,24089.9717150784,98857.8158259407,5395.749,17417.0495500017,71474.2008421551,14654905.0213178,0.0513454323196739,0.0679430345884451,0.0222401447729439,0.723,GAM,Data,Data,AIC,BRA,6226505787.53822
9826,2015,6-12m,APW,Gillnets,LatinAmerica,76,8648,27527.6848001842,112424.478262379,6252.504,19902.5161105332,81282.8977836998,16666057.5822073,0.0513454323196739,0.0692304747177514,0.0220397598193755,0.723,GAM,Data,Data,AIC,BRA,7894106119.08712
9827,2016,6-12m,APW,Gillnets,LatinAmerica,76,10893,34672.1280494303,138174.188392137,7875.639,25067.9485797381,99899.938207515,20483252.5417084,0.0513454323196739,0.0709517465894366,0.0221903114257123,0.723,GAM,Data,Data,AIC,BRA,10816274389.4385
9828,2017,6-12m,APW,Gillnets,LatinAmerica,76,11464,36985.3448210628,141556.21804005,8288.472,26740.4043056284,102345.145642956,20984612.2253646,0.0513454323196739,0.0728869430312196,0.0234544916509035,0.723,GAM,Data,Data,AIC,BRA,11942950375.5286
9829,1950,Less than 6m,APW,Gillnets,LatinAmerica,76,316,578.695127898268,1796.60344456621,228.468,418.396577470448,1298.94429042137,266332.536493097,0.0513454323196739,0.0551401132991151,0.343645141777734,0.723,GAM,AIC,Data,AIC,BRA,296915.533932947
9830,1951,Less than 6m,APW,Gillnets,LatinAmerica,76,334,611.836465194074,1899.45833101487,241.482,442.357764335315,1373.30837332375,281579.976255852,0.0513454323196739,0.0555517836455995,0.34350358472069,0.723,GAM,GAM,Data,AIC,BRA,349960.603229901
9831,1952,Less than 6m,APW,Gillnets,LatinAmerica,76,354,648.50051588955,2006.77657444873,255.942,468.865872988144,1450.89946332643,297489.074099435,0.0513454323196739,0.0556694134332523,0.343483194535729,0.723,GAM,GAM,Data,AIC,BRA,412189.669159039
9832,1953,Less than 6m,APW,Gillnets,LatinAmerica,76,370,677.787543624431,2088.87093431936,267.51,490.040394040463,1510.25368551289,309658.926696707,0.0513454323196739,0.0556887226374828,0.343500253893576,0.723,GAM,GAM,Data,AIC,BRA,478319.824559739
9833,1954,Less than 6m,APW,Gillnets,LatinAmerica,76,395,723.755772060965,2228.51124850118,285.585,523.275423200078,1611.21363266635,330359.521023863,0.0513454323196739,0.0560635439927599,0.343384606668276,0.723,GAM,GAM,Data,AIC,BRA,568892.618808429
9834,1955,Less than 6m,APW,Gillnets,LatinAmerica,76,415,760.419822756442,2333.75205052538,300.045,549.783531852907,1687.30273252985,345960.6542792,0.0513454323196739,0.0561609726779114,0.343372954120754,0.723,GAM,GAM,Data,AIC,BRA,664169.419213443
9835,1956,Less than 6m,APW,Gillnets,LatinAmerica,76,439,804.350364358762,2458.80888785987,317.397,581.545313431385,1777.71882592269,364499.361189639,0.0513454323196739,0.0561433619779273,0.34340053768694,0.723,GAM,GAM,Data,AIC,BRA,780113.208468113
9836,1957,Less than 6m,APW,Gillnets,LatinAmerica,76,466,853.951838248719,2606.03195044789,336.918,617.407179053824,1884.16110017383,386324.03919966,0.0513454323196739,0.0564144980791917,0.343325701426332,0.723,GAM,GAM,Data,AIC,BRA,921767.278299271
9837,1958,Less than 6m,APW,Gillnets,LatinAmerica,76,494,905.369934865387,2757.57629832224,357.162,654.582462907675,1993.72766368698,408789.314262245,0,0.0566373131149441,0.343267765306919,0.723,Data,GAM,Data,AIC,BRA,1087371.09199265
9838,1959,Less than 6m,APW,Gillnets,LatinAmerica,76,478,876.082907130507,2661.67860004593,345.594,633.407941855357,1924.39362783321,394573.223725946,0,0.0567448816532035,0.343247365522944,0.723,Data,GAM,Data,AIC,BRA,1170077.29618425
9839,1960,Less than 6m,APW,Gillnets,LatinAmerica,76,593,1085.87877713229,3264.69817669262,428.739,785.090355866649,2360.37678174877,483966.202398591,0,0.0554237047530473,0.343685649845777,0.723,Data,AIC,Data,AIC,BRA,1599965.6933342
9840,1961,Less than 6m,APW,Gillnets,LatinAmerica,76,607,1111.75362352126,3341.4497718154,438.861,803.797869805867,2415.86818502253,495344.031529868,0,0.0557582023407649,0.343581039878346,0.723,Data,GAM,Data,AIC,BRA,1825623.70131637
9841,1962,Less than 6m,APW,Gillnets,LatinAmerica,76,664,1217.06963180381,3673.25172407963,480.072,879.941343794154,2655.76099650958,544531.099397942,0,0.0569256964748455,0.343213683842861,0.723,Data,GAM,Data,AIC,BRA,2237359.19666333
9842,1963,Less than 6m,APW,Gillnets,LatinAmerica,76,655,1199.3936426184,3585.75466012344,473.565,867.161603613102,2592.50061926925,531560.337792408,0,0.055372341897108,0.343692619283403,0.723,Data,GAM,Data,AIC,BRA,2434861.64256886
9843,1964,Less than 6m,APW,Gillnets,LatinAmerica,76,641,1173.85039239069,3507.2034363507,463.443,848.693833698466,2535.70808448156,519915.727661383,0,0.0554589390718078,0.343654146744411,0.723,Data,GAM,Data,AIC,BRA,2654992.92937407
9844,1965,Less than 6m,APW,Gillnets,LatinAmerica,76,667,1221.30364739268,3642.26474568401,482.241,883.002537064908,2633.35741112954,539937.520008277,0,0.130963917835963,0.343718011987369,0.723,Data,GAM,Data,AIC,BRA,3073849.60816869
9845,1966,Less than 6m,APW,Gillnets,LatinAmerica,76,785,1438.98109075713,4324.35875383736,567.555,1040.3833286174,3126.51137902441,641052.670303498,0.0513454323196739,0.130371137729198,0.343170981501443,0.723,GAM,GAM,Data,AIC,BRA,4068567.40702132
9846,1967,Less than 6m,APW,Gillnets,LatinAmerica,76,831,1523.20892850835,4574.84641191631,600.813,1101.28005531154,3307.61395581549,678185.524266431,0.0513454323196739,0.130226579241972,0.34320123027044,0.723,GAM,GAM,Data,AIC,BRA,4798494.61706448
9847,1968,Less than 6m,APW,Gillnets,LatinAmerica,76,883,1618.6680987811,4866.58893252219,638.409,1170.29703541873,3518.54379821354,721434.091862615,0.0513454323196739,0.129924943121451,0.343157892739139,0.723,GAM,GAM,Data,AIC,BRA,5690649.69233355
9848,1969,Less than 6m,APW,Gillnets,LatinAmerica,76,917,1679.21741889801,5017.22265772214,662.991,1214.07419386326,3627.45198153311,743764.374171291,0.0513454323196739,0.129931093386355,0.343673367238177,0.723,GAM,GAM,Data,AIC,BRA,6540474.50217614
9849,1970,Less than 6m,APW,Gillnets,LatinAmerica,76,975,1785.57632553101,5347.48877173058,704.925,1290.97168335892,3866.23438196121,792723.765921108,0.0513454323196739,0.133929284671196,0.343632729025028,0.723,GAM,AIC,Data,AIC,BRA,7771492.95472229
9850,1971,Less than 6m,APW,Gillnets,LatinAmerica,76,1035,1895.34741350994,5688.19776115863,748.305,1370.33617996768,4112.56698131769,843231.233016765,0.0513454323196739,0.133272927699323,0.343661153363478,0.723,GAM,GAM,Data,AIC,BRA,9215904.32769208
9851,1972,Less than 6m,APW,Gillnets,LatinAmerica,76,1095,2005.33956559636,6040.82453943111,791.685,1449.86050592617,4367.51614200869,895505.419942513,0.0513454323196739,0.132390904234233,0.343632729025028,0.723,GAM,GAM,Data,AIC,BRA,10911091.2107068
9852,1973,Less than 6m,APW,Gillnets,LatinAmerica,76,805,2503.47720243951,4540.66277124456,582.015,1810.01401736376,3282.89918360982,673118.06446933,0.0513454323196739,0.130351372730303,0.0249533596619536,0.723,GAM,GAM,Data,AIC,BRA,8839406.70423101
9853,1974,Less than 6m,APW,Gillnets,LatinAmerica,76,852,2649.40081386677,4834.57145692488,615.996,1915.51678842567,3495.39516335669,716687.74924943,0.0513454323196739,0.129080966844494,0.025051639711855,0.723,GAM,GAM,Data,AIC,BRA,10143638.2902681
9854,1975,Less than 6m,APW,Gillnets,LatinAmerica,76,900,2798.47836000417,5143.15154419569,650.7,2023.29985428302,3718.49856645348,762432.355607979,0.0513454323196739,0.127580055991395,0.0251225316259473,0.723,GAM,GAM,Data,AIC,BRA,11630462.7540635
9855,1976,Less than 6m,APW,Gillnets,LatinAmerica,76,1370,4272.35283395445,7758.0392170411,990.51,3088.91109894907,5609.06235392072,1150069.18701882,0.0513454323196739,0.126693184652652,0.0219891629671331,0.723,GAM,GAM,Data,AIC,BRA,18908259.2104051
9856,1977,Less than 6m,APW,Gillnets,LatinAmerica,76,1443,4498.99468120685,8258.78713836769,1043.289,3252.77315451255,5971.10310103984,1224301.18542332,0.0513454323196739,0.122127249461604,0.0222296860085795,0.723,GAM,GAM,Data,AIC,BRA,21694405.4487265
9857,1978,Less than 6m,APW,Gillnets,LatinAmerica,76,1544,4806.24230051272,9021.19433663713,1116.312,3474.9131832707,6522.32350538864,1337322.14370425,0.0513454323196739,0.11947201729338,0.0239371482178319,0.723,GAM,GAM,Data,AIC,BRA,25540383.9220504
9858,1979,Less than 6m,APW,Gillnets,LatinAmerica,76,1622,5046.59931469438,9629.01340178163,1172.706,3648.69130452404,6961.77668948812,1427426.60934936,0.0513454323196739,0.117247324711324,0.024457727441408,0.723,GAM,GAM,Data,AIC,BRA,29381710.6042039
9859,1980,Less than 6m,APW,Gillnets,LatinAmerica,76,1695,5271.44346865304,10242.1890924189,1225.485,3811.25362783615,7405.10271381886,1518325.15320847,0.0513454323196739,0.135019797495669,0.0249234232645089,0.723,GAM,AIC,Data,AIC,BRA,33683714.5433625
9860,1981,Less than 6m,APW,Gillnets,LatinAmerica,76,2254,7027.30219844375,13633.1787092666,1629.642,5080.73948947483,9856.78820679974,2021013.08281714,0.0513454323196739,0.130033141145439,0.0222653265771696,0.723,GAM,GAM,Data,AIC,BRA,48323259.3517447
9861,1982,Less than 6m,APW,Gillnets,LatinAmerica,76,1802,5602.49414944559,11319.3842168701,1302.846,4050.60327004916,8183.91478879704,1678010.98185406,0.0513454323196739,0.124231570292096,0.0252533431051187,0.723,GAM,GAM,Data,AIC,BRA,43242798.9166738
9862,1983,Less than 6m,APW,Gillnets,LatinAmerica,76,1867,3429.65765726012,12054.217588364,1349.841,2479.64248619907,8715.19931638717,1786944.33402015,0.0513454323196739,0.122968578832783,0.342139395938737,0.723,GAM,GAM,Data,AIC,BRA,51337972.7874026
9863,1984,Less than 6m,APW,Gillnets,LatinAmerica,76,1931,3549.45853748968,12860.5693352193,1396.113,2566.25852260504,9298.19162936356,1906479.73104678,0.0513454323196739,0.117454808453954,0.341833619582999,0.723,GAM,GAM,Data,AIC,BRA,61061656.0024561
9864,1985,Less than 6m,APW,Gillnets,LatinAmerica,76,1993,3666.28936458832,13756.8111224663,1440.939,2650.72721059736,9946.17444154316,2039340.62988928,0.0513454323196739,0.110882707724627,0.341454036328839,0.723,GAM,GAM,Data,AIC,BRA,72817346.991616
9865,1986,Less than 6m,APW,Gillnets,LatinAmerica,76,2073,6415.60669680855,14967.0408775435,1498.779,4638.48364179258,10821.170554464,2218747.81147072,0.0513454323196739,0.100239449231473,0.0301889422169044,0.723,GAM,GAM,Data,AIC,BRA,85385657.1328867
9866,1987,Less than 6m,APW,Gillnets,LatinAmerica,76,2190,6757.65165848826,16741.4879245291,1583.37,4885.78214908701,12104.0957694346,2481795.83374058,0.0513454323196739,0.0939242104878827,0.0333952866161499,0.723,GAM,GAM,Data,AIC,BRA,102937813.045705
9867,1988,Less than 6m,APW,Gillnets,LatinAmerica,76,2188,6752.88466903406,17357.2588752852,1581.924,4882.33561571162,12549.2981668312,2573079.10479832,0.0513454323196739,0.113451093525138,0.0331698930305924,0.723,GAM,GAM,Data,AIC,BRA,115025446.327855
9868,1989,Less than 6m,APW,Gillnets,LatinAmerica,76,2317,7126.87014069882,19686.5925528391,1675.191,5152.72711172525,14233.4064157027,2918384.7695281,0.0513454323196739,0.105924882348381,0.0368417662006313,0.723,GAM,GAM,Data,AIC,BRA,140609687.235081
9869,1990,Less than 6m,APW,Gillnets,LatinAmerica,76,2266,6977.83288355507,19968.6384384767,1638.318,5044.97317481032,14437.3255910187,2960195.88614179,0.0513454323196739,0.102130148046066,0.0356211482829773,0.723,GAM,AIC,Data,AIC,BRA,153718113.438082
9870,1991,Less than 6m,APW,Gillnets,LatinAmerica,76,2319,7128.5553702209,21766.5173998603,1676.637,5153.94553266971,15737.192080099,3226717.50811747,0.0513454323196739,0.0958858030276074,0.0375230028722691,0.723,GAM,GAM,Data,AIC,BRA,180591557.514079
9871,1992,Less than 6m,APW,Gillnets,LatinAmerica,76,2734,5034.51321583153,25287.6370195378,1976.682,3639.9530550462,18282.9615651258,3748696.20210283,0.0513454323196739,0.097304465344029,0.340963202555138,0.723,GAM,GAM,Data,AIC,BRA,233897423.836486
9872,1993,Less than 6m,APW,Gillnets,LatinAmerica,76,2767,5101.09368903808,27341.2667918447,2000.541,3688.09073717453,19767.7358905037,4053130.89965976,0.0513454323196739,0.0910821001440508,0.340410839467153,0.723,GAM,GAM,Data,AIC,BRA,281932093.630526
9873,1994,Less than 6m,APW,Gillnets,LatinAmerica,76,2968,9128.20534480613,32523.4218034399,2145.864,6599.69246429483,23514.4339638871,4821345.21702228,0.0513454323196739,0.0821315793935764,0.0369702189760168,0.723,GAM,GAM,Data,AIC,BRA,361454818.27428
9874,1995,Less than 6m,APW,Gillnets,LatinAmerica,76,3011,9243.02265780009,35539.6187100473,2176.953,6682.70538158947,25695.1443273642,5268473.03208296,0.0513454323196739,0.0762501146145918,0.0390208274680576,0.723,GAM,GAM,Data,AIC,BRA,425698827.338952
9875,1996,Less than 6m,APW,Gillnets,LatinAmerica,76,3060,9374.19544577808,39009.8495549954,2212.38,6777.54330729755,28204.1212282617,5782907.85961651,0.0513454323196739,0.0705975550128044,0.0412573800790158,0.723,GAM,GAM,Data,AIC,BRA,503611766.044514
9876,1997,Less than 6m,APW,Gillnets,LatinAmerica,76,3102,9484.06113076816,42680.2964232989,2242.746,6856.97619754538,30857.8543140451,6327023.16088403,0.0513454323196739,0.065411916831861,0.0434213056730462,0.723,GAM,GAM,Data,AIC,BRA,593855690.969948
9877,1998,Less than 6m,APW,Gillnets,LatinAmerica,76,3146,9598.69380521245,46712.8475543288,2274.558,6939.8556211686,33773.3887817797,6924817.61269452,0.0513454323196739,0.0606128752203979,0.0456882104052344,0.723,GAM,GAM,Data,AIC,BRA,700521938.493915
9878,1999,Less than 6m,APW,Gillnets,LatinAmerica,76,3190,5944.79743104161,51004.604361039,2306.37,4298.08854264308,36876.3289530312,7561037.29701035,0.0513454323196739,0.0562890357834651,0.335207739073778,0.723,GAM,GAM,Data,AIC,BRA,852714162.323597
9879,2000,Less than 6m,APW,Gillnets,LatinAmerica,76,3234,6035.56097228454,55542.9592931649,2338.182,4363.71058296172,40157.5595689582,8233813.24221671,0.0513454323196739,0.0524026814026487,0.334512044181244,0.723,GAM,GAM,Data,AIC,BRA,1035217969.88137
9880,2001,Less than 6m,APW,Gillnets,LatinAmerica,76,3274,6118.94749056688,60134.8852566783,2367.102,4423.99903567985,43477.5220405784,8914530.67763626,0.0513454323196739,0.0489998440576183,0.33382926213097,0.723,GAM,GAM,Data,AIC,BRA,1249504912.79359
9881,2002,Less than 6m,APW,Gillnets,LatinAmerica,76,3312,6198.47969928828,64594.5105843607,2394.576,4481.50082258543,46701.8311524928,9575635.56915967,0.0513454323196739,0.0461463361674838,0.333173395387039,0.723,GAM,GAM,Data,AIC,BRA,1496290048.95399
9882,2003,Less than 6m,APW,Gillnets,LatinAmerica,76,3635,6827.36155249527,77156.9579027541,2628.105,4936.18240245408,55784.4805636912,11437921.0217385,0.0513454323196739,0.0424005830313228,0.331470228803588,0.723,GAM,GAM,Data,AIC,BRA,1992525857.65879
9883,2004,Less than 6m,APW,Gillnets,LatinAmerica,76,3753,7057.41858587988,82756.0678527332,2713.419,5102.51363759115,59832.6370575261,12267945.6772026,0,0.0408151340154383,0.330902822864356,0.723,Data,Data,Data,AIC,BRA,2382524696.72369
9884,2005,Less than 6m,APW,Gillnets,LatinAmerica,76,3338,6270.69213433059,73152.3903167609,2413.374,4533.71041312102,52889.1781990181,10844274.9135996,0,0.0410676942611357,0.331381971761214,0.723,Data,Data,Data,AIC,BRA,2347873964.59889
9885,2006,Less than 6m,APW,Gillnets,LatinAmerica,76,3752,11239.8106188379,86257.8198087973,2712.696,8126.38307741982,62364.4037217604,12787053.2651619,0.0513454323196739,0.0391477550381537,0.0659560577546764,0.723,GAM,Data,Data,AIC,BRA,2983847604.07174
9886,2007,Less than 6m,APW,Gillnets,LatinAmerica,76,3182,9483.92840647216,76074.3817639406,2300.586,6856.88023787937,55001.7780153291,11277437.499418,0.0513454323196739,0.0376447357651409,0.0716463517833591,0.723,GAM,Data,Data,AIC,BRA,2836276038.59111
9887,2008,Less than 6m,APW,Gillnets,LatinAmerica,76,3205,9540.28966516159,76092.3034356451,2317.215,6897.62942791183,55014.7353839714,11280094.2483504,0.0513454323196739,0.0379079074986809,0.0730800382059279,0.723,GAM,Data,Data,AIC,BRA,3057614282.77845
9888,2009,Less than 6m,APW,Gillnets,LatinAmerica,76,3217,9565.03940197167,75239.8432212963,2325.891,6915.52348762552,54398.4066489972,11153723.6283709,0.0513454323196739,0.0384809414273274,0.0743685990104038,0.723,GAM,Data,Data,AIC,BRA,3258530213.84149
9889,2010,Less than 6m,APW,Gillnets,LatinAmerica,76,3218,9557.92080357471,73734.8624868661,2326.614,6910.37674098451,53310.3055780042,10930621.8985005,0.0513454323196739,0.0392785705746164,0.0755561990066599,0.723,GAM,Data,Data,AIC,BRA,3441744665.23844
9890,2011,Less than 6m,APW,Gillnets,LatinAmerica,76,3213,9533.67629021069,71948.1882913758,2322.999,6892.84795782233,52018.5401346647,10665761.2962285,0.0513454323196739,0.0401914220312148,0.0766656311375406,0.723,GAM,Data,Data,AIC,BRA,3619574657.40525
9891,2012,Less than 6m,APW,Gillnets,LatinAmerica,76,3193,9465.97495610978,69921.450189908,2308.539,6843.89989326737,50553.2084873035,10365313.0804557,0.0513454323196739,0.0410989759536591,0.0776606465286021,0.723,GAM,Data,Data,AIC,BRA,3791228900.78359
9892,2013,Less than 6m,APW,Gillnets,LatinAmerica,76,3123,9253.93117954134,67066.4634032587,2257.929,6690.59224280839,48489.053040556,9942083.4162567,0.0513454323196739,0.0419091727425638,0.0782118331572562,0.723,GAM,Data,Data,AIC,BRA,3919285381.62594
9893,2014,Less than 6m,APW,Gillnets,LatinAmerica,76,3216,9513.86137498587,68706.7426043677,2325.168,6878.52177411478,49674.9749029578,10185242.0952125,0.0513454323196739,0.0421268697988894,0.0800675462085353,0.723,GAM,Data,Data,AIC,BRA,4327456831.76156
9894,2015,Less than 6m,APW,Gillnets,LatinAmerica,76,2744,5234.39413946602,59090.3107119098,1983.912,3784.46696283393,42722.2946447108,8759680.59711028,0.0513454323196739,0.0417936539890667,0.324158310094743,0.723,GAM,Data,Data,AIC,BRA,4149142522.86764
9895,2016,Less than 6m,APW,Gillnets,LatinAmerica,76,2302,4385.13396373785,50339.457439466,1664.346,3170.45185578246,36395.4277287339,7462434.42095615,0.0513454323196739,0.0411565818422135,0.324810372693314,0.723,GAM,Data,Data,AIC,BRA,3940572335.66288
9896,2017,Less than 6m,APW,Gillnets,LatinAmerica,76,2275,6703.94900927005,52074.8215538337,1644.825,4846.95513370225,37650.0959834218,7719688.70136872,0.0513454323196739,0.0393184256595742,0.08447902836578,0.723,GAM,Data,Data,AIC,BRA,4393498344.63638
9897,1950,12-24m,I,Gillnets,LatinAmerica,76,71,3086.94087533933,17614.3619740966,51.333,2231.85825287034,12735.1837072719,2517560.59236707,0.14914754311586,0.00153620418201537,0.00120927996297127,0.723,GAM,AIC,Data,AIC,BRA,2545667.40007752
9898,1951,12-24m,I,Gillnets,LatinAmerica,76,80,3483.54670871647,19888.2786779691,57.84,2518.604270402,14379.2254841717,2842556.50018569,0.14914754311586,0.00151788578037605,0.00121113485327402,0.723,GAM,GAM,Data,AIC,BRA,2906381.12170579
9899,1952,12-24m,I,Gillnets,LatinAmerica,76,89,3880.1525420936,22162.1796190773,64.347,2805.35028793367,16023.2558645929,3167550.15025251,0.14914754311586,0.00150813093218389,0.00121261055213707,0.723,GAM,GAM,Data,AIC,BRA,3274829.44705818
9900,1953,12-24m,I,Gillnets,LatinAmerica,76,102,4432.343218314,25547.2395033776,73.746,3204.58414684103,18470.654160942,3651463.84598866,0.14914754311586,0.0014732199082483,0.00121153572964691,0.723,GAM,GAM,Data,AIC,BRA,3817279.16013391
9901,1954,12-24m,I,Gillnets,LatinAmerica,76,118,5054.30687449737,29569.9504823102,85.314,3654.2638702616,21379.0741987102,4226710.37364343,0.14914754311586,0.00146865774819932,0.0011996418239157,0.723,GAM,GAM,Data,AIC,BRA,4467979.123785
9902,1955,12-24m,I,Gillnets,LatinAmerica,76,134,5738.66818557768,33678.2012481338,96.882,4149.05709817266,24349.3395024007,4813974.19277557,0.14914754311586,0.00151050009452374,0.00120034949493678,0.723,GAM,GAM,Data,AIC,BRA,5145577.60239707
9903,1956,12-24m,I,Gillnets,LatinAmerica,76,154,6703.22179170026,38857.736126605,111.342,4846.42935539929,28094.1432195354,5553976.95782542,0.14914754311586,0.00148118834071409,0.00121503861057532,0.723,GAM,GAM,Data,AIC,BRA,6002831.83858881
9904,1957,12-24m,I,Gillnets,LatinAmerica,76,176,7589.62064640087,44432.8466843835,127.248,5487.29572734783,32124.9481528093,6351109.00746784,0.14914754311586,0.00147717448893468,0.00120743015548641,0.723,GAM,GAM,Data,AIC,BRA,6941021.65979756
9905,1958,12-24m,I,Gillnets,LatinAmerica,76,190,8165.13160180721,48102.699211526,137.37,5903.39014810661,34778.2515299333,6875814.47600783,0,0.00145872794380944,0.0012053569041314,0.723,Data,GAM,Data,AIC,BRA,7598357.3041181
9906,1959,12-24m,I,Gillnets,LatinAmerica,76,227,9837.1789406012,57465.4829320768,164.121,7112.28037405467,41547.5441598916,8213823.27760396,0,0.00145568237753549,0.00121229220009962,0.723,Data,GAM,Data,AIC,BRA,9178308.38656795
9907,1960,12-24m,I,Gillnets,LatinAmerica,76,249,10848.0913187034,62899.3335441555,180.027,7843.17002342255,45476.2181524244,8990252.50901973,0,0.00146666007296412,0.00121605269894402,0.723,Data,AIC,Data,AIC,BRA,10158063.1884473
9908,1961,12-24m,I,Gillnets,LatinAmerica,76,294,13017.9377350902,74113.8617583904,212.562,9411.96898247019,53584.3220513163,10592318.4265659,0,0.00147793981852256,0.00122872584851916,0.723,Data,GAM,Data,AIC,BRA,12101850.3244683
9909,1962,12-24m,I,Gillnets,LatinAmerica,76,335,15032.2932374311,84326.8805723735,242.205,10868.3480106627,60968.334653826,12051169.7576815,0,0.0014863458188762,0.00123904904080306,0.723,Data,GAM,Data,AIC,BRA,13922322.2697913
9910,1963,12-24m,I,Gillnets,LatinAmerica,76,460,20935.0891245272,115582.323143236,332.58,15136.0694370332,83566.0196325595,16516715.2809211,0,0.00149547447149821,0.00124977466165731,0.723,Data,GAM,Data,AIC,BRA,19294249.4811086
9911,1964,12-24m,I,Gillnets,LatinAmerica,76,562,26052.6794011384,140846.848617773,406.326,18836.0872070231,101832.27155065,20125101.7384202,0,0.00150870642611127,0.00126348597444481,0.723,Data,GAM,Data,AIC,BRA,23771906.9181096
9912,1965,12-24m,I,Gillnets,LatinAmerica,76,632,29801.547055589,157905.005138779,456.936,21546.5185211908,114165.318715337,22560411.8796423,0,0.00152595044540845,0.00127577762860996,0.723,Data,GAM,Data,AIC,BRA,26946023.8479332
9913,1966,12-24m,I,Gillnets,LatinAmerica,76,685,32967.4345007698,170647.991314254,495.255,23835.4551440566,123378.497720206,24378350.7414261,0.14914754311586,0.00153479965041751,0.00129044858511701,0.723,GAM,GAM,Data,AIC,BRA,29442434.3842078
9914,1967,12-24m,I,Gillnets,LatinAmerica,76,766,37595.3928432737,190130.083365863,553.818,27181.4690256869,137464.050273519,27158500.5278951,0.14914754311586,0.00155304792419679,0.00130402812962016,0.723,GAM,GAM,Data,AIC,BRA,33166291.3797557
9915,1968,12-24m,I,Gillnets,LatinAmerica,76,843,42192.6555815256,208794.518571289,609.489,30505.289985443,150958.436927042,29821299.8262323,0.14914754311586,0.00156175304262957,0.00131771829270638,0.723,GAM,GAM,Data,AIC,BRA,36824717.3540329
9916,1969,12-24m,I,Gillnets,LatinAmerica,76,916,46634.1456193394,226165.30623484,662.268,33716.4872827824,163517.51640779,32299040.6457494,0.14914754311586,0.00157878133638436,0.00132909154589073,0.723,GAM,GAM,Data,AIC,BRA,40329626.9717273
9917,1970,12-24m,I,Gillnets,LatinAmerica,76,983,50748.9906613339,242131.740195916,710.709,36691.5202481444,175061.248161647,34576335.8830379,0.14914754311586,0.00158927282024673,0.00133830035432484,0.723,GAM,AIC,Data,AIC,BRA,43655129.3661999
9918,1971,12-24m,I,Gillnets,LatinAmerica,76,1042,54552.8538752367,256107.148580659,753.366,39441.7133517961,185165.468423817,36568919.7758147,0.14914754311586,0.00160111309878224,0.00134744605610809,0.723,GAM,GAM,Data,AIC,BRA,46686376.9189128
9919,1972,12-24m,I,Gillnets,LatinAmerica,76,1088,57617.8970210129,267081.549177509,786.624,41657.7395461923,193099.960055339,38133303.5466397,0.14914754311586,0.00161721434285387,0.00135494992420417,0.723,GAM,GAM,Data,AIC,BRA,49227094.0914024
9920,1973,12-24m,I,Gillnets,LatinAmerica,76,1126,57343.6220094771,275896.275942541,814.098,41459.438712852,199473.007506457,39389289.6355936,0.14914754311586,0.00162634627412496,0.00167601581957598,0.723,GAM,GAM,Data,AIC,BRA,52457599.8731048
9921,1974,12-24m,I,Gillnets,LatinAmerica,76,1153,59227.0417498312,282146.401218993,833.619,42821.151185128,203991.848081332,40279348.6412593,0.14914754311586,0.00163421954105486,0.00168456331111795,0.723,GAM,GAM,Data,AIC,BRA,55340516.0584801
9922,1975,12-24m,I,Gillnets,LatinAmerica,76,1171,60558.812665097,286391.694187647,846.633,43784.0215568652,207061.194897669,40883658.1167405,0.14914754311586,0.00163082915793232,0.00169126376113622,0.723,GAM,GAM,Data,AIC,BRA,57948341.6359036
9923,1976,12-24m,I,Gillnets,LatinAmerica,76,1177,61211.9242737872,287598.61638884,850.971,44256.2212499482,207933.799649131,41054415.8496707,0.14914754311586,0.00163488919660734,0.00169668718190638,0.723,GAM,GAM,Data,AIC,BRA,60031837.8370311
9924,1977,12-24m,I,Gillnets,LatinAmerica,76,1172,61266.9409377341,286323.730133222,847.356,44295.9982979817,207012.05688632,40871105.2134564,0.14914754311586,0.0016323549555478,0.0017017563131137,0.723,GAM,GAM,Data,AIC,BRA,61655048.2787397
9925,1978,12-24m,I,Gillnets,LatinAmerica,76,1159,60907.6998579706,283170.046200075,837.957,44036.2669973128,204731.943402655,40419627.6968324,0.14914754311586,0.00163071620085,0.00170696766289951,0.723,GAM,GAM,Data,AIC,BRA,62903537.2062593
9926,1979,12-24m,I,Gillnets,LatinAmerica,76,1138,59962.828932931,278094.878711456,822.774,43353.1253185091,201062.597308383,39694573.8111233,0.14914754311586,0.00162601200112921,0.00170952764907822,0.723,GAM,GAM,Data,AIC,BRA,63730070.6841073
9927,1980,12-24m,I,Gillnets,LatinAmerica,76,1111,58650.1463838362,271599.868057238,803.253,42404.0558355136,196366.704605383,38767090.5865055,0.14914754311586,0.00162678555907534,0.0017113323661695,0.723,GAM,AIC,Data,AIC,BRA,64210634.8813753
9928,1981,12-24m,I,Gillnets,LatinAmerica,76,1077,57060.734394398,263550.563402874,778.671,41254.9109671498,190547.057340278,37617450.4958,0.14914754311586,0.00161779147045288,0.00171499549295399,0.723,GAM,GAM,Data,AIC,BRA,64278185.8915761
9929,1982,12-24m,I,Gillnets,LatinAmerica,76,1039,55092.7871260416,254464.49807248,751.197,39832.0850921281,183977.832106403,36320486.0614412,0.14914754311586,0.00161497735836133,0.00171581604384893,0.723,GAM,GAM,Data,AIC,BRA,64026004.8549957
9930,1983,12-24m,I,Gillnets,LatinAmerica,76,1000,55878.2642999194,245183.721782918,723,40399.9850888417,177267.83084905,34995632.5456455,0.14914754311586,0.0016074100054526,0.00138880999754045,0.723,GAM,GAM,Data,AIC,BRA,62379275.7701084
9931,1984,12-24m,I,Gillnets,LatinAmerica,76,959,53490.3682273737,235502.529090794,693.357,38673.5362283912,170268.328532644,33614365.4885857,0.14914754311586,0.00159906846652183,0.00138778002461165,0.723,GAM,GAM,Data,AIC,BRA,60586118.1439874
9932,1985,12-24m,I,Gillnets,LatinAmerica,76,913,50923.6609615962,224508.423329401,660.099,36817.8068752341,162319.590067157,32045280.4888075,0.14914754311586,0.00159187878248304,0.00138786075159182,0.723,GAM,GAM,Data,AIC,BRA,58402846.6607193
9933,1986,12-24m,I,Gillnets,LatinAmerica,76,871,46107.1139695656,214517.785812277,629.733,33335.4433999959,155096.359142276,30619690.6470342,0.14914754311586,0.00158414228261036,0.00171452517815603,0.723,GAM,GAM,Data,AIC,BRA,57570663.6094291
9934,1987,12-24m,I,Gillnets,LatinAmerica,76,827,43714.3225246248,204057.598708274,597.921,31605.4551853037,147533.643866082,29127080.5461532,0.14914754311586,0.00157244850956399,0.00171324729990753,0.723,GAM,GAM,Data,AIC,BRA,56497325.8120289
9935,1988,12-24m,I,Gillnets,LatinAmerica,76,783,41207.260141642,193528.039022671,566.109,29792.8490824072,139920.772213391,27625003.6842817,0.14914754311586,0.00156720280852155,0.00170896622100887,0.723,GAM,GAM,Data,AIC,BRA,55279458.2080299
9936,1989,12-24m,I,Gillnets,LatinAmerica,76,742,38884.1721816812,183787.393811351,536.466,28113.2564873555,132878.285725607,26235455.8996047,0.14914754311586,0.0015566525952641,0.00170491597256561,0.723,GAM,GAM,Data,AIC,BRA,54160235.8520198
9937,1990,12-24m,I,Gillnets,LatinAmerica,76,704,36687.7516482353,174588.202709569,508.992,26525.2444416741,126227.270559019,24923227.4917464,0.14914754311586,0.00154825565153281,0.00169927362261009,0.723,GAM,GAM,Data,AIC,BRA,53079486.317913
9938,1991,12-24m,I,Gillnets,LatinAmerica,76,668,34652.1167834811,165984.62875811,482.964,25053.4804344568,120006.886592114,23695841.5591961,0.14914754311586,0.00153909074508093,0.00169477938637572,0.723,GAM,GAM,Data,AIC,BRA,52062505.5657557
9939,1992,12-24m,I,Gillnets,LatinAmerica,76,636,34378.5360891568,158318.078185895,459.828,24855.6815924603,114463.970528402,22602668.520689,0,0.00153265701729086,0.00136820291980092,0.723,Data,GAM,Data,AIC,BRA,50215104.7422821
9940,1993,12-24m,I,Gillnets,LatinAmerica,76,598,32060.412996574,149147.453824178,432.354,23179.678596523,107833.609114881,21294531.8195504,0.14914754311586,0.00151920522281376,0.00136286370903502,0.723,GAM,GAM,Data,AIC,BRA,47837060.1718134
9941,1994,12-24m,I,Gillnets,LatinAmerica,76,570,28777.4427874944,142447.336354359,412.11,20806.0911353585,102989.424184202,20339314.4264039,0.14914754311586,0.0014470200545026,0.00166721258820164,0.723,GAM,GAM,Data,AIC,BRA,47137136.2918894
9942,1995,12-24m,I,Gillnets,LatinAmerica,76,543,27179.2544207808,135888.302318572,392.589,19650.6009462245,98247.2425763275,19403835.171945,0.14914754311586,0.00144863006527512,0.00165818761059322,0.723,GAM,GAM,Data,AIC,BRA,46392199.0677012
9943,1996,12-24m,I,Gillnets,LatinAmerica,76,384,18973.3602995097,96290.433774679,277.632,13717.7394965455,69617.9836190929,13750657.280082,0,0.00141772695550729,0.00164459199836576,0.723,Data,GAM,Data,AIC,BRA,33916524.1733922
9944,1997,12-24m,I,Gillnets,LatinAmerica,76,632,30789.1074639776,158666.227749342,456.936,22260.5246964558,114715.682662774,22660050.2880804,0,0.00141170750700089,0.00162932332060443,0.723,Data,Data,Data,AIC,BRA,57660612.0817655
9945,1998,12-24m,I,Gillnets,LatinAmerica,76,477,22904.5788471064,119976.921420366,344.871,16560.0105064579,86743.3141869246,17136069.3082944,0.14914754311586,0.0013930343490184,0.00161366943894325,0.723,GAM,Data,Data,AIC,BRA,44984208.8812046
9946,1999,12-24m,I,Gillnets,LatinAmerica,76,452,22366.451264881,113767.041108644,326.796,16170.944264509,82253.5707215498,16250600.472797,0.14914754311586,0.00142624218994534,0.00130675693230631,0.723,GAM,GAM,Data,AIC,BRA,43136014.7810869
9947,2000,12-24m,I,Gillnets,LatinAmerica,76,430,20857.0151491853,108375.448789993,310.89,15079.621952861,78355.4494751649,15482102.8280443,0.14914754311586,0.00141888562598993,0.00129193779202281,0.723,GAM,GAM,Data,AIC,BRA,41554903.9571243
9948,2001,12-24m,I,Gillnets,LatinAmerica,76,405,19340.0158508287,102184.389435607,292.815,13982.8314601491,73879.313561944,14598860.080635,0.14914754311586,0.00140174331626187,0.00128007406957679,0.723,GAM,GAM,Data,AIC,BRA,39621691.3551259
9949,2002,12-24m,I,Gillnets,LatinAmerica,76,379,17675.0888210872,95740.804117885,274.017,12779.089217646,69220.6013772309,13679916.9200541,0.14914754311586,0.00137673713414625,0.00126176167738216,0.723,GAM,GAM,Data,AIC,BRA,37542159.7482001
9950,2003,12-24m,I,Gillnets,LatinAmerica,76,355,16243.7135280161,89793.5565184356,256.665,11744.2048807556,64920.7413628289,12831361.2708185,0.14914754311586,0.00136191337364845,0.00124674678563658,0.723,GAM,GAM,Data,AIC,BRA,35606579.4752103
9951,2004,12-24m,I,Gillnets,LatinAmerica,76,398,17868.30171964,100868.22382969,287.754,12918.7821432997,72927.7258288657,14415273.2525613,0,0.00136731056617697,0.00123170738746645,0.723,Data,Data,Data,AIC,BRA,40448472.9999037
9952,2005,12-24m,I,Gillnets,LatinAmerica,76,228,9983.32202483503,57825.7563690231,164.844,7217.94182395573,41808.0218548037,8264956.71046255,0,0.00134322258780827,0.00121086202695505,0.723,Data,GAM,Data,AIC,BRA,23449930.7210211
9953,2006,12-24m,I,Gillnets,LatinAmerica,76,287,11922.1331249034,72841.4609510713,207.501,8619.70224930514,52664.3762676245,10411712.2821653,0.14914754311586,0.00136330765745868,0.00144090668335678,0.723,GAM,GAM,Data,AIC,BRA,30475696.3174552
9954,2007,12-24m,I,Gillnets,LatinAmerica,76,262,10656.0339174529,66687.1977730099,189.426,7704.31252231845,48214.8439898862,9533035.42238938,0.14914754311586,0.00131957457051929,0.0014141008451765,0.723,GAM,GAM,Data,AIC,BRA,28786786.3103408
9955,2008,12-24m,I,Gillnets,LatinAmerica,76,237,9446.96726253165,60429.9496678603,171.351,6830.15733081038,43690.853609863,8639372.84859252,0,0.00131023539710421,0.00138757972641153,0.723,Data,GAM,Data,AIC,BRA,26913779.6633598
9956,2009,12-24m,I,Gillnets,LatinAmerica,76,222,8641.57191844671,56719.6806839915,160.506,6247.85649703697,41008.3291345259,8109817.79722984,0.14914754311586,0.00131843440166852,0.00135568816593593,0.723,GAM,GAM,Data,AIC,BRA,26063580.1234139
9957,2010,12-24m,I,Gillnets,LatinAmerica,76,203,7743.21572405684,51942.4947274654,146.769,5598.3449684931,37554.4236879575,7427444.77165663,0.14914754311586,0.00133308397610788,0.00132755338015311,0.723,GAM,GAM,Data,AIC,BRA,24625944.8773074
9958,2011,12-24m,I,Gillnets,LatinAmerica,76,186,7005.57658736422,47681.5185419787,134.478,5065.03187266433,34473.7379058506,6818540.44522108,0.14914754311586,0.00145044450177638,0.00130981936095885,0.723,GAM,GAM,Data,AIC,BRA,23322515.5304643
9959,2012,12-24m,I,Gillnets,LatinAmerica,76,170,6291.26342699107,43758.0408152064,122.91,4548.58345771454,31637.0635093942,6257977.11633422,0.14914754311586,0.00142715544698907,0.00128574892493348,0.723,GAM,GAM,Data,AIC,BRA,22082510.1607116
9960,2013,12-24m,I,Gillnets,LatinAmerica,76,155,5600.07040995365,39972.5773763175,112.065,4048.85090639649,28900.1734430776,5717182.02099034,0.14914754311586,0.00142091733888122,0.00125078399099423,0.723,GAM,GAM,Data,AIC,BRA,20812631.0624334
9961,2014,12-24m,I,Gillnets,LatinAmerica,76,143,5092.92042693294,37047.3570109756,103.389,3682.18146867252,26785.2391189354,5299132.62917857,0.14914754311586,0.00139408761125829,0.00123085794344181,0.723,GAM,GAM,Data,AIC,BRA,19901245.355386
9962,2015,12-24m,I,Gillnets,LatinAmerica,76,131,4733.30609735033,33984.7440283388,94.713,3422.18030838429,24570.969932489,4861404.04771607,0.14914754311586,0.00139048493990548,0.00103668215314006,0.723,GAM,GAM,Data,AIC,BRA,18461156.8418313
9963,2016,12-24m,I,Gillnets,LatinAmerica,76,121,4251.17018748519,31479.0151301184,87.483,3073.59604555179,22759.3279390756,4503439.77765884,0.14914754311586,0.0013765736229131,0.00100840679344976,0.723,GAM,GAM,Data,AIC,BRA,17292718.9170393
9964,2017,12-24m,I,Gillnets,LatinAmerica,76,110,3755.10184592011,28699.9159538222,79.53,2714.93863460024,20750.0392346135,4105850.09850484,0.14914754311586,0.00136212841711857,0.00116697801577249,0.723,GAM,GAM,Data,AIC,BRA,16264941.6869441
9965,1950,24-50m,I,Gillnets,LatinAmerica,76,22,3788.99368798692,9978.33484155712,15.906,2739.44243641454,7214.3360904458,1436845.30600618,0.14914754311586,0.000904141496099631,0.000289625286243338,0.723,GAM,AIC,Data,AIC,BRA,1452886.68147417
9966,1951,24-50m,I,Gillnets,LatinAmerica,76,24,4224.72194414301,10955.9147716174,17.352,3054.4739656154,7921.12637987934,1578741.33935674,0.14914754311586,0.000887661239538928,0.000275033636426906,0.723,GAM,GAM,Data,AIC,BRA,1614189.2076598
9967,1952,24-50m,I,Gillnets,LatinAmerica,76,26,4325.7778237224,11675.1465719758,18.798,3127.5373665513,8441.1309715385,1679300.35242397,0.14914754311586,0.000929916516735752,0.000313376568938544,0.723,GAM,GAM,Data,AIC,BRA,1736175.27227937
9968,1953,24-50m,I,Gillnets,LatinAmerica,76,29,4895.70211381236,13076.9294346407,20.967,3539.59262828634,9454.61998124521,1881810.14737898,0.14914754311586,0.000919099338035095,0.000303266394347262,0.723,GAM,GAM,Data,AIC,BRA,1967264.35257182
9969,1954,24-50m,I,Gillnets,LatinAmerica,76,33,5767.15862612456,15032.0892947611,23.859,4169.65568668806,10868.2005601123,2165602.2140801,0.14914754311586,0.000893131055311468,0.000279826956035051,0.723,GAM,GAM,Data,AIC,BRA,2289218.94986428
9970,1955,24-50m,I,Gillnets,LatinAmerica,76,36,6002.41053963781,16175.5240277242,26.028,4339.74282015814,11694.9038720446,2326774.98875179,0.14914754311586,0.00092832651083539,0.000311877280284103,0.723,GAM,GAM,Data,AIC,BRA,2487051.40254105
9971,1956,24-50m,I,Gillnets,LatinAmerica,76,41,7008.06308588387,18554.8868204493,29.643,5066.82961109404,13415.1831711849,2671180.81705735,0.14914754311586,0.000909817871350908,0.000294756514337045,0.723,GAM,GAM,Data,AIC,BRA,2887057.21630103
9972,1957,24-50m,I,Gillnets,LatinAmerica,76,46,7846.37944384158,20805.0755483236,33.258,5672.93233789746,15042.069621438,2994918.13522125,0.14914754311586,0.000911373556928333,0.000296172431503342,0.723,GAM,GAM,Data,AIC,BRA,3273096.3397807
9973,1958,24-50m,I,Gillnets,LatinAmerica,76,49,8248.96754564319,22077.6843461376,35.427,5964.00353550003,15962.1657822575,3176759.4200346,0,0.000921179466381321,0.00030519432130733,0.723,Data,GAM,Data,AIC,BRA,3510588.19676891
9974,1959,24-50m,I,Gillnets,LatinAmerica,76,59,10092.936449847,26707.2358667369,42.657,7297.19305323935,19309.3315316508,3844902.56650407,0,0.000909211927775742,0.000294206138170355,0.723,Data,GAM,Data,AIC,BRA,4296379.4421902
9975,1960,24-50m,I,Gillnets,LatinAmerica,76,63,10629.7205855824,28404.0475971556,45.549,7685.2879833761,20536.1264127435,4087357.61292187,0,0.000919503544661548,0.000303640425978572,0.723,Data,AIC,Data,AIC,BRA,4618294.8548092
9976,1961,24-50m,I,Gillnets,LatinAmerica,76,73,11971.6809249211,32646.0769232023,52.779,8655.52530871799,23603.1136154752,4693495.22896636,0,0.000940552064539288,0.000323524782213726,0.723,Data,GAM,Data,AIC,BRA,5362374.36150904
9977,1962,24-50m,I,Gillnets,LatinAmerica,76,85,14084.0418969927,38124.034309011,61.455,10182.7622915257,27563.6768054149,5482865.89864473,0,0.000932952299962858,0.000316251954952897,0.723,Data,GAM,Data,AIC,BRA,6334175.64749886
9978,1963,24-50m,I,Gillnets,LatinAmerica,76,117,19382.3321126066,52473.5725414656,84.591,14013.4261174146,37938.3929474796,7546517.33083706,0,0.000933102399706915,0.00031639456227387,0.723,Data,GAM,Data,AIC,BRA,8815577.77186312
9979,1964,24-50m,I,Gillnets,LatinAmerica,76,147,23910.2216954878,65587.1827141582,106.281,17287.0902858377,47419.5331023364,9426935.70939549,0,0.000946582350625868,0.000329372748764033,0.723,Data,GAM,Data,AIC,BRA,11135160.5134467
9980,1965,24-50m,I,Gillnets,LatinAmerica,76,167,27096.1509390303,74458.7635608043,120.741,19590.5171289189,53833.6860544615,10701216.4719094,0,0.000948396222706319,0.000331145329277487,0.723,Data,GAM,Data,AIC,BRA,12781470.2937302
9981,1966,24-50m,I,Gillnets,LatinAmerica,76,183,29410.6236702605,81375.1845473298,132.309,21263.8809135984,58834.2584277194,11691705.1677223,0.14914754311586,0.000955359087373005,0.000338008734609109,0.723,GAM,GAM,Data,AIC,BRA,14120408.1396373
9982,1967,24-50m,I,Gillnets,LatinAmerica,76,210,33703.2613396285,93345.3599870594,151.83,24367.4579485514,67488.6952706439,13410950.771609,0.14914754311586,0.000956367120711277,0.000339010207456368,0.723,GAM,GAM,Data,AIC,BRA,16377616.3015292
9983,1968,24-50m,I,Gillnets,LatinAmerica,76,235,37392.834564552,104208.781431878,169.905,27035.0193901711,75342.9489752477,14967631.8320036,0.14914754311586,0.000962618090669422,0.000345265388326478,0.723,GAM,GAM,Data,AIC,BRA,18482722.5803187
9984,1969,24-50m,I,Gillnets,LatinAmerica,76,259,41115.5479438299,114777.174008943,187.257,29726.541163389,82983.8968084654,16484367.6409354,0.14914754311586,0.000964312675694856,0.000346974555183746,0.723,GAM,GAM,Data,AIC,BRA,20582914.6789605
9985,1970,24-50m,I,Gillnets,LatinAmerica,76,284,44972.4573570418,125769.769518612,205.332,32515.0866691412,90931.5433619565,18061717.2114716,0.14914754311586,0.000966111976405291,0.000348795675195889,0.723,GAM,AIC,Data,AIC,BRA,22804226.6858392
9986,1971,24-50m,I,Gillnets,LatinAmerica,76,305,48125.2464462297,134936.379233011,220.515,34794.5531806241,97559.002185467,19375943.2254483,0.14914754311586,0.000968704076355435,0.000351430751526379,0.723,GAM,GAM,Data,AIC,BRA,24736650.5253184
9987,1972,24-50m,I,Gillnets,LatinAmerica,76,324,51176.9796558383,143383.757147053,234.252,37000.9562911711,103666.456417319,20589610.2263579,0.14914754311586,0.000967943598612673,0.000350656247601905,0.723,GAM,GAM,Data,AIC,BRA,26579566.5638714
9988,1973,24-50m,I,Gillnets,LatinAmerica,76,344,53921.5922083464,152384.51205855,248.712,38985.3111666344,110174.002218332,21884559.4990134,0.14914754311586,0.000965359931834823,0.000395996955810684,0.723,GAM,GAM,Data,AIC,BRA,29145269.5953423
9989,1974,24-50m,I,Gillnets,LatinAmerica,76,355,55374.9758548416,157050.744317201,256.665,40036.1075430505,113547.688141336,22551310.8766624,0.14914754311586,0.000968810346592269,0.000400030876774972,0.723,GAM,GAM,Data,AIC,BRA,30983648.5397221
9990,1975,24-50m,I,Gillnets,LatinAmerica,76,366,57336.5788098684,162104.498770405,264.618,41454.3464795349,117201.552611003,23280067.7847363,0.14914754311586,0.00096577322902923,0.000396478632226211,0.723,GAM,GAM,Data,AIC,BRA,32997079.6019475
9991,1976,24-50m,I,Gillnets,LatinAmerica,76,371,58336.0206124479,164483.86156313,268.233,42176.9429027998,118921.831910143,23624473.6130419,0.14914754311586,0.000963143639507774,0.000393420971764791,0.723,GAM,GAM,Data,AIC,BRA,34544897.0487477
9992,1977,24-50m,I,Gillnets,LatinAmerica,76,374,58901.8044067601,165885.644425795,270.402,42586.0045860875,119935.32091985,23826983.4079968,0.14914754311586,0.000962010131575374,0.000392108038131764,0.723,GAM,GAM,Data,AIC,BRA,35943579.3254033
9993,1978,24-50m,I,Gillnets,LatinAmerica,76,374,59240.6172791146,166143.992555496,270.402,42830.9662927999,120122.106617624,23868320.4282802,0.14914754311586,0.000957935413255801,0.000387413483727008,0.723,GAM,GAM,Data,AIC,BRA,37145363.9645697
9994,1979,24-50m,I,Gillnets,LatinAmerica,76,371,59013.6463571567,165000.557822534,268.233,42666.8663162243,119295.403305692,23707147.6536085,0.14914754311586,0.000954934178658124,0.000383980675941764,0.723,GAM,GAM,Data,AIC,BRA,38062083.8221385
9995,1980,24-50m,I,Gillnets,LatinAmerica,76,365,58390.2980770638,162584.514291757,263.895,42216.1855097171,117548.60383294,23364133.5941235,0.14914754311586,0.000950876638217045,0.000379372958729707,0.723,GAM,AIC,Data,AIC,BRA,38698438.0007654
9996,1981,24-50m,I,Gillnets,LatinAmerica,76,352,56503.2564223014,156940.702103045,254.496,40851.8543933239,113468.127620502,22555486.1831239,0.14914754311586,0.000948434766928347,0.000376618255111991,0.723,GAM,GAM,Data,AIC,BRA,38541307.6815397
9997,1982,24-50m,I,Gillnets,LatinAmerica,76,339,54616.214767539,151296.889914334,245.097,39487.5232769307,109387.651408063,21746838.7721244,0.14914754311586,0.000945810717896914,0.000373673196285835,0.723,GAM,GAM,Data,AIC,BRA,38335478.2876382
9998,1983,24-50m,I,Gillnets,LatinAmerica,76,324,52850.3415387218,144675.497795561,234.252,38210.7969324959,104600.384906191,20796295.3277744,0.14914754311586,0.00094449377882276,0.00032733951321227,0.723,GAM,GAM,Data,AIC,BRA,37069135.4001336
9999,1984,24-50m,I,Gillnets,LatinAmerica,76,307,50401.6727735577,137334.873876432,221.961,36440.4094152822,99293.1138126602,19745192.8703571,0.14914754311586,0.000939748374011175,0.000322750576587947,0.723,GAM,GAM,Data,AIC,BRA,35588492.3196153
10000,1985,24-50m,I,Gillnets,LatinAmerica,76,288,47349.9395639491,128887.49596239,208.224,34234.0063047352,93185.659580808,18531525.8694476,0.14914754311586,0.000938696607092495,0.000321739224278486,0.723,GAM,GAM,Data,AIC,BRA,33773892.6679239
10001,1986,24-50m,I,Gillnets,LatinAmerica,76,270,43974.8776048379,120864.320980953,195.21,31793.8365082978,87384.9040692293,17378472.6301425,0.14914754311586,0.000938002681292825,0.000365001676229583,0.723,GAM,GAM,Data,AIC,BRA,32674732.5232207
10002,1987,24-50m,I,Gillnets,LatinAmerica,76,252,41257.8005836731,112970.320064368,182.196,29829.3898219956,81677.5414065378,16246087.9009792,0.14914754311586,0.000934242116539192,0.000360873517885123,0.723,GAM,GAM,Data,AIC,BRA,31512273.2557453
10003,1988,24-50m,I,Gillnets,LatinAmerica,76,233,38408.5977764634,104652.116215177,168.459,27769.416192383,75663.4800235731,15053089.4102113,0.14914754311586,0.000929302119732248,0.000355497557872809,0.723,GAM,GAM,Data,AIC,BRA,30122226.8226151
10004,1989,24-50m,I,Gillnets,LatinAmerica,76,212,34956.3305248092,95227.1583710757,153.276,25273.426969437,68849.2355022877,13697526.3759512,0.14914754311586,0.000929106269561986,0.000355285511906237,0.723,GAM,GAM,Data,AIC,BRA,28277048.5083111
10005,1990,24-50m,I,Gillnets,LatinAmerica,76,193,31937.7212814222,86779.7804570344,139.539,23090.9724864683,62741.7812704359,12483859.3750417,0.14914754311586,0.000926508227928545,0.000352480419149228,0.723,GAM,GAM,Data,AIC,BRA,26587120.1116194
10006,1991,24-50m,I,Gillnets,LatinAmerica,76,175,28881.831387903,78627.4314107468,126.525,20881.5640934539,56847.6329099699,11310137.625595,0.14914754311586,0.000928444558389566,0.000354569691083648,0.723,GAM,GAM,Data,AIC,BRA,24849680.9708572
10007,1992,24-50m,I,Gillnets,LatinAmerica,76,160,26993.4596429349,72135.213356826,115.68,19516.271321842,52153.7592569852,10380262.6913866,0,0.000919576820684251,0.00030370826268688,0.723,Data,GAM,Data,AIC,BRA,23061258.3564311
10008,1993,24-50m,I,Gillnets,LatinAmerica,76,142,23908.5862789718,63982.8643105383,102.666,17285.9078796966,46259.6108965192,9206540.94193988,0.14914754311586,0.000921073181316211,0.000305095627097815,0.723,GAM,GAM,Data,AIC,BRA,20682016.2446352
10009,1994,24-50m,I,Gillnets,LatinAmerica,76,127,21184.5421683246,57232.2981269158,91.821,15316.4239876987,41378.9515457601,8235328.98744816,0.14914754311586,0.00092070418070368,0.000346265733408109,0.723,GAM,GAM,Data,AIC,BRA,19085688.7676585
10010,1995,24-50m,I,Gillnets,LatinAmerica,76,112,18694.4360691177,50481.7319432931,80.976,13516.0772779721,36498.2921950009,7264117.03295645,0.14914754311586,0.000920236492389251,0.000345768051319578,0.723,GAM,GAM,Data,AIC,BRA,17367616.2705836
10011,1996,24-50m,I,Gillnets,LatinAmerica,76,73,12016.8724877672,32775.250988053,52.779,8688.19880865566,23696.5064643623,4714163.73910801,0,0.000930308873435864,0.000356588869755228,0.723,Data,GAM,Data,AIC,BRA,11627665.8750259
10012,1997,24-50m,I,Gillnets,LatinAmerica,76,111,18562.3102830727,50057.5290106884,80.253,13420.5503346616,36191.5934747277,7203503.27135201,0,0.00091886997984496,0.000344316526747637,0.723,Data,Data,Data,AIC,BRA,18329986.1420715
10013,1998,24-50m,I,Gillnets,LatinAmerica,76,76,12752.0627182566,34306.2079155689,54.948,9219.74134529954,24803.3883229563,4937342.04420468,0.14914754311586,0.000916422014027705,0.000341726009332165,0.723,GAM,Data,Data,AIC,BRA,12961106.8815503
10014,1999,24-50m,I,Gillnets,LatinAmerica,76,66,11032.308687384,29676.6563949695,47.718,7976.35918097867,21456.2225735629,4269198.8977352,0.14914754311586,0.000926449929623885,0.000310113663131108,0.723,GAM,GAM,Data,AIC,BRA,11332272.1252287
10015,2000,24-50m,I,Gillnets,LatinAmerica,76,57,9824.54438197921,25858.8300015276,41.211,7103.14558817097,18695.9340911044,3723675.04329517,0.14914754311586,0.000903559630748799,0.000289102398015786,0.723,GAM,GAM,Data,AIC,BRA,9994569.89210669
10016,2001,24-50m,I,Gillnets,LatinAmerica,76,48,8114.77151170932,21653.4814135329,34.704,5866.97980296584,15655.4670619843,3116145.65843015,0.14914754311586,0.000918038898465354,0.000302286489558752,0.723,GAM,GAM,Data,AIC,BRA,8457301.51628143
10017,2002,24-50m,I,Gillnets,LatinAmerica,76,40,6706.53086366165,18001.5098229938,28.92,4848.82181442737,13015.0916020245,2589898.54531124,0.14914754311586,0.000924201623063302,0.000308009057058365,0.723,GAM,GAM,Data,AIC,BRA,7107527.44244891
10018,2003,24-50m,I,Gillnets,LatinAmerica,76,33,5599.8224378362,14902.9152299102,23.859,4048.67162255557,10774.8077112251,2144933.70393844,0.14914754311586,0.00091524737213456,0.000299716414169203,0.723,GAM,GAM,Data,AIC,BRA,5952116.13065817
10019,2004,24-50m,I,Gillnets,LatinAmerica,76,33,5599.8224378362,14902.9152299102,23.859,4048.67162255557,10774.8077112251,2144933.70393844,0,0.00091524737213456,0.000299716414169203,0.723,Data,Data,Data,AIC,BRA,6018567.3549353
10020,2005,24-50m,I,Gillnets,LatinAmerica,76,14,1878.74447507419,5938.84105646531,10.122,1358.33225547864,4293.78208382442,848592.662462281,0,0.00108149007191846,0.00048102954938742,0.723,Data,GAM,Data,AIC,BRA,2407688.24837482
10021,2006,24-50m,I,Gillnets,LatinAmerica,76,14,1849.76100463025,5938.84105646531,10.122,1337.37720634767,4293.78208382442,848592.662462281,0.14914754311586,0.00108149007191846,0.00054969228363172,0.723,GAM,GAM,Data,AIC,BRA,2483880.80438225
10022,2007,24-50m,I,Gillnets,LatinAmerica,76,13,1717.63521858523,5514.63812386065,9.399,1241.85026303712,3987.08336355125,787978.900857833,0.14914754311586,0.00108149007191846,0.00054969228363172,0.723,GAM,GAM,Data,AIC,BRA,2379449.90561739
10023,2008,24-50m,I,Gillnets,LatinAmerica,76,10,1321.25786045018,4242.02932604665,7.23,955.26943310548,3066.98720273173,606137.616044489,0,0.00108149007191846,0.00054969228363172,0.723,Data,GAM,Data,AIC,BRA,1888268.34190323
10024,2009,24-50m,I,Gillnets,LatinAmerica,76,7,924.880502315126,2969.42052823266,5.061,668.688603173836,2146.89104191221,424296.331231142,0.14914754311586,0.00108149007191846,0.00054969228363172,0.723,GAM,GAM,Data,AIC,BRA,1363616.50799243
10025,2010,24-50m,I,Gillnets,LatinAmerica,76,6,792.754716270108,2545.21759562799,4.338,573.161659863288,1840.19232163904,363682.569626694,0.14914754311586,0.00108149007191845,0.00054969228363172,0.723,GAM,GAM,Data,AIC,BRA,1205801.88581691
10026,2011,24-50m,I,Gillnets,LatinAmerica,76,5,660.62893022509,2121.01466302333,3.615,477.63471655274,1533.49360136587,303068.808022245,0.14914754311586,0.00108149007191846,0.00054969228363172,0.723,GAM,GAM,Data,AIC,BRA,1036633.43184421
10027,2012,24-50m,I,Gillnets,LatinAmerica,76,4,528.503144180072,1696.81173041866,2.892,382.107773242192,1226.79488109269,242455.046417796,0.14914754311586,0.00108149007191846,0.00054969228363172,0.723,GAM,GAM,Data,AIC,BRA,855550.591909651
10028,2013,24-50m,I,Gillnets,LatinAmerica,76,3,396.377358135054,1272.608797814,2.169,286.580829931644,920.096160819522,181841.284813346,0.14914754311586,0.00108149007191845,0.00054969228363172,0.723,GAM,GAM,Data,AIC,BRA,661968.703960115
10029,2014,24-50m,I,Gillnets,LatinAmerica,76,3,396.377358135054,1272.608797814,2.169,286.580829931644,920.096160819522,181841.284813346,0.14914754311586,0.00108149007191845,0.00054969228363172,0.723,GAM,GAM,Data,AIC,BRA,682917.050402263
10030,2015,24-50m,I,Gillnets,LatinAmerica,76,2,268.392067867742,848.40586520933,1.446,194.047465068377,613.397440546346,121227.523208898,0.14914754311586,0.00108149007191846,0.00048102954938742,0.723,GAM,GAM,Data,AIC,BRA,460360.895235121
10031,2016,24-50m,I,Gillnets,LatinAmerica,76,2,268.392067867742,848.40586520933,1.446,194.047465068377,613.397440546346,121227.523208898,0.14914754311586,0.00108149007191846,0.00048102954938742,0.723,GAM,GAM,Data,AIC,BRA,465500.503472958
10032,2017,24-50m,I,Gillnets,LatinAmerica,76,2,264.251572090036,848.40586520933,1.446,191.053886621096,613.397440546346,121227.523208898,0.14914754311586,0.00108149007191846,0.00054969228363172,0.723,GAM,GAM,Data,AIC,BRA,480231.510781022
10033,1950,Over 50m,I,Gillnets,LatinAmerica,76,6,6203.8299341997,13992.1429280041,4.338,4485.36904242638,10116.319336947,1982393.04840976,0.14914754311586,0.000218284987820084,0.000321752119307743,0.723,GAM,AIC,Data,AIC,BRA,2004525.08383608
10034,1951,Over 50m,I,Gillnets,LatinAmerica,76,6,6203.8299341997,13965.1818965596,4.338,4485.36904242638,10096.8265112126,1978573.23599157,0.14914754311586,0.000219114810591787,0.000321752119307743,0.723,GAM,GAM,Data,AIC,BRA,2022998.62839053
10035,1952,Over 50m,I,Gillnets,LatinAmerica,76,7,7237.80158989965,16261.2533768386,5.061,5232.93054949745,11756.8861914543,2303878.38507256,0.14914754311586,0.00022030646008057,0.000321752119307743,0.723,GAM,GAM,Data,AIC,BRA,2381906.65340374
10036,1953,Over 50m,I,Gillnets,LatinAmerica,76,8,8271.7732455996,18548.243680101,5.784,5980.49205656851,13410.380180713,2627896.92192542,0.14914754311586,0.000221157510979136,0.000321752119307743,0.723,GAM,GAM,Data,AIC,BRA,2747231.4058555
10037,1954,Over 50m,I,Gillnets,LatinAmerica,76,8,8271.7732455996,18512.0431058497,5.784,5980.49205656851,13384.2071655293,2622768.06016967,0.14914754311586,0.00022196647909938,0.000321752119307743,0.723,GAM,GAM,Data,AIC,BRA,2772480.700935
10038,1955,Over 50m,I,Gillnets,LatinAmerica,76,10,10339.7165569995,23094.6238921962,7.23,7475.61507071064,16697.4130740579,3272023.59889403,0.14914754311586,0.000223238661096314,0.000321752119307743,0.723,GAM,GAM,Data,AIC,BRA,3497412.04891596
10039,1956,Over 50m,I,Gillnets,LatinAmerica,76,11,11373.6882126994,25354.0583978519,7.953,8223.17657778167,18330.9842216469,3592138.0574438,0.14914754311586,0.000223734115266294,0.000321752119307743,0.723,GAM,GAM,Data,AIC,BRA,3882443.31288564
10040,1957,Over 50m,I,Gillnets,LatinAmerica,76,13,13441.6315240993,29904.9990920547,9.399,9718.29959192379,21621.3143435555,4236910.85903207,0.14914754311586,0.000224610662916238,0.000321752119307743,0.723,GAM,GAM,Data,AIC,BRA,4630449.58110365
10041,1958,Over 50m,I,Gillnets,LatinAmerica,76,14,14475.6031797993,32142.6392910767,10.122,10465.8610989949,23239.1282074485,4553937.52165323,0,0.000225498662020848,0.000321752119307743,0.723,Data,GAM,Data,AIC,BRA,5032486.63134987
10042,1959,Over 50m,I,Gillnets,LatinAmerica,76,15,15509.5748354992,34372.6353752189,10.845,11213.4226060659,24851.4153762833,4869881.17359639,0,0.000226419317865378,0.000321752119307743,0.723,Data,GAM,Data,AIC,BRA,5441713.28096161
10043,1960,Over 50m,I,Gillnets,LatinAmerica,76,17,17577.5181468991,38883.2644201233,12.291,12708.545620208,28112.6001757491,5508942.66035962,0,0.000227273450761745,0.000321752119307743,0.723,Data,AIC,Data,AIC,BRA,6224540.14381934
10044,1961,Over 50m,I,Gillnets,LatinAmerica,76,21,21713.4047696989,47946.8837220211,15.183,15698.7916484923,34665.5969310213,6793067.32875146,0,0.000228099479771843,0.000321752119307743,0.723,Data,GAM,Data,AIC,BRA,7761160.56428245
10045,1962,Over 50m,I,Gillnets,LatinAmerica,76,23,23781.3480810988,52425.5226105191,16.629,17193.9146626344,37903.6528474053,7427596.48161815,0,0.000228866331558985,0.000321752119307743,0.723,Data,GAM,Data,AIC,BRA,8580859.28472977
10046,1963,Over 50m,I,Gillnets,LatinAmerica,76,33,34121.0646380983,75103.3967674436,23.859,24669.5297333451,54299.7558628617,10640575.3879029,0,0.000229016744724494,0.000321752119307743,0.723,Data,GAM,Data,AIC,BRA,12429948.24727
10047,1964,Over 50m,I,Gillnets,LatinAmerica,76,41,42392.8378836979,93180.7176239833,29.643,30650.0217899136,67369.6588421399,13201752.4273508,0,0.00022965903015653,0.000321752119307743,0.723,Data,GAM,Data,AIC,BRA,15593999.6695662
10048,1965,Over 50m,I,Gillnets,LatinAmerica,76,49,50664.6111292975,111226.631047293,35.427,36630.5138464821,80416.8542471928,15758479.6925487,0,0.000230219822943844,0.000321752119307743,0.723,Data,GAM,Data,AIC,BRA,18821835.8719664
10049,1966,Over 50m,I,Gillnets,LatinAmerica,76,53,54800.4977520973,120181.846388251,38.319,39620.7598747663,86891.4749387055,17027245.7943726,0.14914754311586,0.000230836512904649,0.000321752119307743,0.723,GAM,GAM,Data,AIC,BRA,20564293.8015776
10050,1967,Over 50m,I,Gillnets,LatinAmerica,76,60,62038.299341997,135940.875144977,43.38,44853.6904242638,98285.2527298184,19259969.4892184,0.14914754311586,0.000230751425394117,0.000321752119307743,0.723,GAM,GAM,Data,AIC,BRA,23520509.1455073
10051,1968,Over 50m,I,Gillnets,LatinAmerica,76,69,71344.0442432966,156233.586809576,49.887,51581.7439879034,112956.883263323,22135020.9194586,0.14914754311586,0.000228901751907267,0.000321752119307743,0.723,GAM,GAM,Data,AIC,BRA,27333345.418688
10052,1969,Over 50m,I,Gillnets,LatinAmerica,76,76,78581.8458331962,172012.100722618,54.948,56814.6745374009,124364.748822453,24370505.2520871,0.14914754311586,0.000226030896510203,0.000321752119307743,0.723,GAM,GAM,Data,AIC,BRA,30429801.2039729
10053,1970,Over 50m,I,Gillnets,LatinAmerica,76,84,86853.6190787958,190080.964148394,60.732,62795.1665939694,137428.537079289,26930484.0510625,0.14914754311586,0.000226118067243314,0.000321752119307743,0.723,GAM,AIC,Data,AIC,BRA,34001687.4292414
10054,1971,Over 50m,I,Gillnets,LatinAmerica,76,90,93057.4490129955,203660.786088347,65.07,67280.5356363957,147246.748341875,28854459.8674132,0.14914754311586,0.000225610065511159,0.000321752119307743,0.723,GAM,GAM,Data,AIC,BRA,36837571.2878624
10055,1972,Over 50m,I,Gillnets,LatinAmerica,76,97,100295.250602895,219548.293377457,70.131,72513.4661858931,158733.416111901,31105386.2743654,0.14914754311586,0.000223787434368455,0.000321752119307743,0.723,GAM,GAM,Data,AIC,BRA,40154605.9340179
10056,1973,Over 50m,I,Gillnets,LatinAmerica,76,101,102622.757238032,228694.573591736,73.023,74196.2534830971,165346.176706825,32401222.2595242,0.14914754311586,0.00022341193316301,0.000355253574231577,0.723,GAM,GAM,Data,AIC,BRA,43151079.098257
10057,1974,Over 50m,I,Gillnets,LatinAmerica,76,104,105670.957948072,235623.607317411,75.192,76400.1025964561,170355.868090488,33382920.9428962,0.14914754311586,0.000222486743716107,0.000355253574231577,0.723,GAM,GAM,Data,AIC,BRA,45865390.9469366
10058,1975,Over 50m,I,Gillnets,LatinAmerica,76,106,107703.091754766,240328.883998377,76.638,77869.3353386958,173757.783130827,34049559.9152957,0.14914754311586,0.000222081690295682,0.000355253574231577,0.723,GAM,GAM,Data,AIC,BRA,48261716.8182364
10059,1976,Over 50m,I,Gillnets,LatinAmerica,76,106,107703.091754766,240531.048082724,76.638,77869.3353386958,173903.947763809,34078202.3239324,0.14914754311586,0.000221583024164413,0.000355253574231577,0.723,GAM,GAM,Data,AIC,BRA,49830866.5060267
10060,1977,Over 50m,I,Gillnets,LatinAmerica,76,106,107703.091754766,240754.001098007,76.638,77869.3353386958,174065.142793859,34109790.0878577,0.14914754311586,0.000221251912531717,0.000355253574231577,0.723,GAM,GAM,Data,AIC,BRA,51455441.2869691
10061,1978,Over 50m,I,Gillnets,LatinAmerica,76,104,105670.957948072,236443.72638627,75.192,76400.1025964561,170948.814177273,33499114.6059642,0.14914754311586,0.00022036267528235,0.000355253574231577,0.723,GAM,GAM,Data,AIC,BRA,52133404.5379679
10062,1979,Over 50m,I,Gillnets,LatinAmerica,76,101,102622.757238032,229856.490988042,73.023,74196.2534830971,166186.242984354,32565841.5734574,0.14914754311586,0.000219760557597328,0.000355253574231577,0.723,GAM,GAM,Data,AIC,BRA,52284813.4165456
10063,1980,Over 50m,I,Gillnets,LatinAmerica,76,95,96526.3558179508,216424.318356738,68.685,69788.5552563784,156474.782171922,30662784.565939,0.14914754311586,0.000219344649898764,0.000355253574231577,0.723,GAM,AIC,Data,AIC,BRA,50787325.9102691
10064,1981,Over 50m,I,Gillnets,LatinAmerica,76,91,92462.0882045633,207525.698906528,65.793,66850.0897718993,150041.08030942,29402036.9142527,0.14914754311586,0.000218565834925405,0.000355253574231577,0.723,GAM,GAM,Data,AIC,BRA,50240236.099369
10065,1982,Over 50m,I,Gillnets,LatinAmerica,76,86,87381.7536878291,196325.130375716,62.178,63177.0079163004,141943.069261643,27815151.3808524,0.14914754311586,0.000218160635814752,0.000355253574231577,0.723,GAM,GAM,Data,AIC,BRA,49032741.8619967
10066,1983,Over 50m,I,Gillnets,LatinAmerica,76,79,81683.760800296,180530.728304414,57.117,59057.359058614,130523.716564091,25577416.0295882,0.14914754311586,0.000218450228376634,0.000321752119307743,0.723,GAM,GAM,Data,AIC,BRA,45591423.0415876
10067,1984,Over 50m,I,Gillnets,LatinAmerica,76,72,74445.9592103964,164704.681938036,52.056,53824.4285091166,119081.4850412,23335197.3457204,0.14914754311586,0.00021621568618943,0.000321752119307743,0.723,GAM,GAM,Data,AIC,BRA,42059072.1482204
10068,1985,Over 50m,I,Gillnets,LatinAmerica,76,65,67208.1576204967,148848.47345133,46.995,48591.4979596191,107617.446305312,21088705.3223099,0.14914754311586,0.00021410055176723,0.000321752119307743,0.723,GAM,GAM,Data,AIC,BRA,38434377.9934189
10069,1986,Over 50m,I,Gillnets,LatinAmerica,76,60,60964.014200811,137548.568213763,43.38,44076.9822671864,99447.6148185506,19487745.8619968,0.14914754311586,0.000213478028093044,0.000355253574231577,0.723,GAM,GAM,Data,AIC,BRA,36640555.0748348
10070,1987,Over 50m,I,Gillnets,LatinAmerica,76,53,53851.5458773831,121641.421661277,38.319,38934.667669348,87946.7478611033,17234036.9835253,0.14914754311586,0.000212543809018976,0.000355253574231577,0.723,GAM,GAM,Data,AIC,BRA,33428582.0706249
10071,1988,Over 50m,I,Gillnets,LatinAmerica,76,47,47755.144457302,108004.754667982,33.981,34526.9694426293,78087.437624951,15302007.4159255,0.14914754311586,0.000211856381519573,0.000355253574231577,0.723,GAM,GAM,Data,AIC,BRA,30620328.2039349
10072,1989,Over 50m,I,Gillnets,LatinAmerica,76,41,41658.7430372209,94344.5611011307,29.643,30119.2712159107,68211.1176761175,13366644.6265232,0.14914754311586,0.00021138935828742,0.000355253574231577,0.723,GAM,GAM,Data,AIC,BRA,27593979.242935
10073,1990,Over 50m,I,Gillnets,LatinAmerica,76,36,36578.4085204866,82962.101178392,26.028,26446.1893603118,59981.5991519774,11753988.8996096,0.14914754311586,0.000210876752385073,0.000355253574231577,0.723,GAM,GAM,Data,AIC,BRA,25032700.6477928
10074,1991,Over 50m,I,Gillnets,LatinAmerica,76,32,32514.1409070992,73863.5680760694,23.136,23507.7238758327,53403.3597189982,10464917.6783122,0.14914754311586,0.000211091493319155,0.000355253574231577,0.723,GAM,GAM,Data,AIC,BRA,22992634.952898
10075,1992,Over 50m,I,Gillnets,LatinAmerica,76,28,28951.2063595986,64744.1469783696,20.244,20931.7221979898,46810.0182653612,9172887.06637358,0,0.000210499911440713,0.000321752119307743,0.723,Data,GAM,Data,AIC,BRA,20378898.376776
10076,1993,Over 50m,I,Gillnets,LatinAmerica,76,23,23781.3480810988,53282.8415711626,16.629,17193.9146626344,38523.4944559506,7549060.58876703,0.14914754311586,0.000210838989611149,0.000321752119307743,0.723,GAM,GAM,Data,AIC,BRA,16958572.6836204
10077,1994,Over 50m,I,Gillnets,LatinAmerica,76,21,21337.4049702838,48746.6607779416,15.183,15426.9437935152,35243.8357424518,6906378.95543312,0.14914754311586,0.000210495833969379,0.000355253574231577,0.723,GAM,GAM,Data,AIC,BRA,16005796.4236529
10078,1995,Over 50m,I,Gillnets,LatinAmerica,76,18,18289.2042602433,41870.379750806,13.014,13223.0946801559,30272.2845598327,5932154.22250653,0.14914754311586,0.000209006208928866,0.000355253574231577,0.723,GAM,GAM,Data,AIC,BRA,14183055.9346707
10079,1996,Over 50m,I,Gillnets,LatinAmerica,76,12,12192.8028401622,27974.4806278475,8.676,8815.39645343727,20225.5494939337,3963396.90173739,0,0.000187328126060974,0.000355253574231577,0.723,Data,GAM,Data,AIC,BRA,9775870.64301571
10080,1997,Over 50m,I,Gillnets,LatinAmerica,76,17,17273.1373568965,39719.9948611235,12.291,12488.4783090362,28717.5562845923,5627489.80629476,0,0.000187647404118542,0.000355253574231577,0.723,Data,Data,Data,AIC,BRA,14319672.8422768
10081,1998,Over 50m,I,Gillnets,LatinAmerica,76,11,11176.7359368154,25760.9360516431,7.953,8080.78008231753,18625.156765338,3649784.08325837,0.14914754311586,0.000194343979909869,0.000355253574231577,0.723,GAM,Data,Data,AIC,BRA,9581114.93474882
10082,1999,Over 50m,I,Gillnets,LatinAmerica,76,10,10339.7165569995,23474.9074659294,7.23,7475.61507071064,16972.358097867,3325901.80160194,0.14914754311586,0.000210919766768335,0.000321752119307743,0.723,GAM,GAM,Data,AIC,BRA,8828359.88211652
10083,2000,Over 50m,I,Gillnets,LatinAmerica,76,7,7237.80158989965,16472.6187070014,5.061,5232.93054949745,11909.703325162,2333824.41716683,0.14914754311586,0.000209325096073067,0.000321752119307743,0.723,GAM,GAM,Data,AIC,BRA,6264126.42942056
10084,2001,Over 50m,I,Gillnets,LatinAmerica,76,6,6203.8299341997,14154.8334739001,4.338,4485.36904242638,10233.9446016298,2005442.884942,0.14914754311586,0.000194549789771304,0.000321752119307743,0.723,GAM,GAM,Data,AIC,BRA,5442824.89034232
10085,2002,Over 50m,I,Gillnets,LatinAmerica,76,6,6203.8299341997,14191.3312630765,4.338,4485.36904242638,10260.3325032043,2010613.85581601,0.14914754311586,0.000193236494857253,0.000321752119307743,0.723,GAM,GAM,Data,AIC,BRA,5517781.06607761
10086,2003,Over 50m,I,Gillnets,LatinAmerica,76,5,5169.85827849975,11857.0793058246,3.615,3737.80753535532,8572.66833811119,1679899.33430895,0.14914754311586,0.000206740907245482,0.000321752119307743,0.723,GAM,GAM,Data,AIC,BRA,4661661.99321804
10087,2004,Over 50m,I,Gillnets,LatinAmerica,76,5,5169.85827849975,11888.3098786011,3.615,3737.80753535532,8595.2480422286,1684324.05114387,0,0.000188412245631324,0.000321752119307743,0.723,Data,Data,Data,AIC,BRA,4726121.71216916
10088,1950,6-12m,UP,Gillnets,LatinAmerica,76,21961,68361.3767823228,0,15877.803,49425.2754136194,0,4908585.33521296,0.0292161106674869,NA,0.0270247169578065,0.723,GAM,AIC,Data,Pequivalent,BRA,5472238.78408099
10089,1951,6-12m,UP,Gillnets,LatinAmerica,76,22992,71561.832973048,0,16623.216,51739.2052395137,0,5139028.00542854,0.0292161106674869,NA,0.0271355709472176,0.723,GAM,GAM,Data,Pequivalent,BRA,6387021.42357238
10090,1952,6-12m,UP,Gillnets,LatinAmerica,76,24064,74888.9134710291,0,17398.272,54144.684439554,0,5378634.73915416,0.0292161106674869,NA,0.0272485148951691,0.723,GAM,GAM,Data,Pequivalent,BRA,7452433.94356808
10091,1953,6-12m,UP,Gillnets,LatinAmerica,76,25180,78351.9472900532,0,18205.14,56648.4578907085,0,5628076.07762225,0.0292161106674869,NA,0.027362803291024,0.723,GAM,GAM,Data,Pequivalent,BRA,8693501.55919715
10092,1954,6-12m,UP,Gillnets,LatinAmerica,76,26336,81938.2776914441,0,19040.928,59241.3747709141,0,5886457.96585622,0.0292161106674869,NA,0.0274800014720274,0.723,GAM,GAM,Data,Pequivalent,BRA,10136721.58539
10093,1955,6-12m,UP,Gillnets,LatinAmerica,76,27529,85638.085040755,0,19903.467,61916.3354844659,0,6153109.86262363,0.0292161106674869,NA,0.0276043131132078,0.723,GAM,GAM,Data,Pequivalent,BRA,11812636.3598479
10094,1956,6-12m,UP,Gillnets,LatinAmerica,76,28760,89454.6970628748,0,20793.48,64675.7459764585,0,6428255.28166862,0.0292161106674869,NA,0.0277322140387338,0.723,GAM,GAM,Data,Pequivalent,BRA,13757957.8638152
10095,1957,6-12m,UP,Gillnets,LatinAmerica,76,30020,93359.7996360017,0,21704.46,67499.1351368292,0,6709882.59929388,0.0292161106674869,NA,0.0278658890889584,0.723,GAM,GAM,Data,Pequivalent,BRA,16009747.2424237
10096,1958,6-12m,UP,Gillnets,LatinAmerica,76,31101,96705.5453828169,0,22486.023,69918.1093117766,0,6951500.95671682,0,NA,0.0280142884678912,0.723,Data,GAM,Data,Pequivalent,BRA,18490848.2745808
10097,1959,6-12m,UP,Gillnets,LatinAmerica,76,33358,103705.647890778,0,24117.834,74979.1834250327,0,7455971.47725667,0,NA,0.0281676936838364,0.723,Data,GAM,Data,Pequivalent,BRA,22110124.1086617
10098,1960,6-12m,UP,Gillnets,LatinAmerica,76,33981,105623.130207295,0,24568.263,76365.5231398742,0,7595220.53986027,0,NA,0.0283312125228455,0.723,Data,AIC,Data,Pequivalent,BRA,25109382.0949822
10099,1961,6-12m,UP,Gillnets,LatinAmerica,76,33467,104004.752758165,0,24196.641,75195.4362441535,0,7480334.4753687,0,NA,0.0285090566993192,0.723,Data,GAM,Data,Pequivalent,BRA,27569275.1759412
10100,1962,6-12m,UP,Gillnets,LatinAmerica,76,37006,114978.752200874,0,26755.338,83129.6378412318,0,8271349.61590504,0,NA,0.0286961505139566,0.723,Data,GAM,Data,Pequivalent,BRA,33985166.6000783
10101,1963,6-12m,UP,Gillnets,LatinAmerica,76,39125,121535.655615713,0,28287.375,87870.2790101603,0,8744975.23975261,0,NA,0.0288938466618522,0.723,Data,GAM,Data,Pequivalent,BRA,40057173.6877848
10102,1964,6-12m,UP,Gillnets,LatinAmerica,76,39183,121687.942144539,0,28329.309,87980.3821705015,0,8757939.03691313,0,NA,0.0290985959431855,0.723,Data,GAM,Data,Pequivalent,BRA,44723144.5055217
10103,1965,6-12m,UP,Gillnets,LatinAmerica,76,41062,127492.800548692,0,29687.826,92177.2947967047,0,9177921.3621654,0,NA,0.0293132845031512,0.723,Data,GAM,Data,Pequivalent,BRA,52249656.5574155
10104,1966,6-12m,UP,Gillnets,LatinAmerica,76,41551,128979.086349884,0,30041.373,93251.8794309659,0,9287219.5830533,0.0292161106674869,NA,0.0295351209884783,0.723,GAM,GAM,Data,Pequivalent,BRA,58943173.7014241
10105,1967,6-12m,UP,Gillnets,LatinAmerica,76,42261,131149.611262718,0,30554.703,94821.1689429449,0,9445914.34139769,0.0292161106674869,NA,0.0297628433536025,0.723,GAM,GAM,Data,Pequivalent,BRA,66834468.5909901
10106,1968,6-12m,UP,Gillnets,LatinAmerica,76,42759,132660.776841095,0,30914.757,95913.7416561118,0,9557224.18598292,0.0292161106674869,NA,0.0299940528972782,0.723,GAM,GAM,Data,Pequivalent,BRA,75387087.3125906
10107,1969,6-12m,UP,Gillnets,LatinAmerica,76,43056,133546.898495716,0,31129.488,96554.407612403,0,9623607.76799458,0.0292161106674869,NA,0.0302307383164515,0.723,GAM,GAM,Data,Pequivalent,BRA,84627555.9993639
10108,1970,6-12m,UP,Gillnets,LatinAmerica,76,43168,133858.439641067,0,31210.464,96779.6518604913,0,9648641.30733904,0.0292161106674869,NA,0.0304704245476492,0.723,GAM,AIC,Data,Pequivalent,BRA,94590765.618714
10109,1971,6-12m,UP,Gillnets,LatinAmerica,76,43099,133608.711176702,0,31160.577,96599.0981807554,0,9633218.8589929,0.0292161106674869,NA,0.0307100788836151,0.723,GAM,GAM,Data,Pequivalent,BRA,105284078.549344
10110,1972,6-12m,UP,Gillnets,LatinAmerica,76,42867,132853.687185346,0,30992.841,96053.2158350049,0,9581363.6703508,0.0292161106674869,NA,0.0309514693724036,0.723,GAM,GAM,Data,Pequivalent,BRA,116742043.768827
10111,1973,6-12m,UP,Gillnets,LatinAmerica,76,39332,385367.301795616,0,28437.036,278620.55919823,0,8749504.93868095,0.0292161106674869,NA,0.0397427668445462,0.723,GAM,GAM,Data,Pequivalent,BRA,114898762.484784
10112,1974,6-12m,UP,Gillnets,LatinAmerica,76,38824,377979.097352167,0,28069.752,273278.887385617,0,8636839.0828638,0.0292161106674869,NA,0.0398851568456929,0.723,GAM,GAM,Data,Pequivalent,BRA,122241480.644217
10113,1975,6-12m,UP,Gillnets,LatinAmerica,76,38179,369355.464845546,0,27603.417,267044.00108333,0,8493682.14936672,0.0292161106674869,NA,0.0400277365898596,0.723,GAM,GAM,Data,Pequivalent,BRA,129566187.946326
10114,1976,6-12m,UP,Gillnets,LatinAmerica,76,40353,381505.92372471,0,29175.219,275828.782852965,0,8978584.64805031,0.0292161106674869,NA,0.0405540665017177,0.723,GAM,GAM,Data,Pequivalent,BRA,147616689.31238
10115,1977,6-12m,UP,Gillnets,LatinAmerica,76,39375,370018.571651176,0,28468.125,267523.4273038,0,8761294.73376378,0.0292161106674869,NA,0.0406941901958302,0.723,GAM,GAM,Data,Pequivalent,BRA,155248628.746809
10116,1978,6-12m,UP,Gillnets,LatinAmerica,76,38283,357656.047838563,0,27678.609,258585.322587281,0,8518611.1228233,0.0292161106674869,NA,0.0408308950410164,0.723,GAM,GAM,Data,Pequivalent,BRA,162689745.013055
10117,1979,6-12m,UP,Gillnets,LatinAmerica,76,37088,344554.23092718,0,26814.624,249112.708960351,0,8252976.8297823,0.0292161106674869,NA,0.0409625522777919,0.723,GAM,GAM,Data,Pequivalent,BRA,169876738.494032
10118,1980,6-12m,UP,Gillnets,LatinAmerica,76,35804,330855.822752521,0,25886.292,239208.759850073,0,7967505.41042666,0.0292161106674869,NA,0.0410884908031844,0.723,GAM,AIC,Data,Pequivalent,BRA,176757381.184384
10119,1981,6-12m,UP,Gillnets,LatinAmerica,76,39505,359696.294291531,0,28562.115,260060.420772777,0,8791849.16238555,0.0292161106674869,NA,0.0414411686846606,0.723,GAM,GAM,Data,Pequivalent,BRA,210216752.611599
10120,1982,6-12m,UP,Gillnets,LatinAmerica,76,36453,334413.616599547,0,26355.519,241781.044801472,0,8112272.20917371,0.0292161106674869,NA,0.0412611520068454,0.723,GAM,GAM,Data,Pequivalent,BRA,209055458.928534
10121,1983,6-12m,UP,Gillnets,LatinAmerica,76,34806,107611.312022975,0,25164.738,77802.9785926106,0,7779619.37878157,0.0292161106674869,NA,0.0331127982599013,0.723,GAM,GAM,Data,Pequivalent,BRA,223504381.395987
10122,1984,6-12m,UP,Gillnets,LatinAmerica,76,33141,102448.264450526,0,23960.943,74070.0951977304,0,7407468.99477677,0.0292161106674869,NA,0.0332468021304539,0.723,GAM,GAM,Data,Pequivalent,BRA,237250003.890453
10123,1985,6-12m,UP,Gillnets,LatinAmerica,76,31473,97278.8315882466,0,22754.979,70332.5952383023,0,7034648.06953952,0.0292161106674869,NA,0.033368374930921,0.723,GAM,GAM,Data,Pequivalent,BRA,251181387.717152
10124,1986,6-12m,UP,Gillnets,LatinAmerica,76,29814,269537.629828506,0,21555.522,194875.70636601,0,6635385.30963282,0.0292161106674869,NA,0.0416124015208598,0.723,GAM,GAM,Data,Pequivalent,BRA,255354273.281445
10125,1987,6-12m,UP,Gillnets,LatinAmerica,76,28178,254016.255484117,0,20372.694,183653.752715016,0,6271381.25683425,0.0292161106674869,NA,0.0416820134380249,0.723,GAM,GAM,Data,Pequivalent,BRA,260119008.412287
10126,1988,6-12m,UP,Gillnets,LatinAmerica,76,26576,238941.744878369,0,19214.448,172754.881547061,0,5914924.54922938,0.0292161106674869,NA,0.0417462860103408,0.723,GAM,GAM,Data,Pequivalent,BRA,264417380.329247
10127,1989,6-12m,UP,Gillnets,LatinAmerica,76,25018,224410.748833856,0,18088.014,162248.971406878,0,5568239.89983824,0.0292161106674869,NA,0.0418030030504074,0.723,GAM,GAM,Data,Pequivalent,BRA,268281440.796017
10128,1990,6-12m,UP,Gillnets,LatinAmerica,76,28473,247308.836953391,0,20585.979,178804.289117301,0,6338358.51609974,0.0292161106674869,NA,0.042600963015487,0.723,GAM,AIC,Data,Pequivalent,BRA,329140553.822926
10129,1991,6-12m,UP,Gillnets,LatinAmerica,76,22061,197114.616023852,0,15950.103,142513.867385245,0,4910211.22236765,0.0292161106674869,NA,0.0418984934570008,0.723,GAM,GAM,Data,Pequivalent,BRA,274812619.989107
10130,1992,6-12m,UP,Gillnets,LatinAmerica,76,24330,75080.8412997771,0,17590.59,54283.4482597388,0,5438089.39509728,0.0292161106674869,NA,0.034802989687956,0.723,GAM,GAM,Data,Pequivalent,BRA,339305996.413437
10131,1993,6-12m,UP,Gillnets,LatinAmerica,76,22785,70309.2707834412,0,16473.555,50833.602776428,0,5092760.66039011,0.0292161106674869,NA,0.0348515841575552,0.723,GAM,GAM,Data,Pequivalent,BRA,354247792.851568
10132,1994,6-12m,UP,Gillnets,LatinAmerica,76,18827,165431.54389416,0,13611.921,119607.006235478,0,4190799.14585906,0.0292161106674869,NA,0.0423109441378563,0.723,GAM,GAM,Data,Pequivalent,BRA,314182966.683735
10133,1995,6-12m,UP,Gillnets,LatinAmerica,76,17617,154635.994230396,0,12737.091,111801.823828576,0,3921482.03997639,0.0292161106674869,NA,0.0423372408124027,0.723,GAM,GAM,Data,Pequivalent,BRA,316860368.399514
10134,1996,6-12m,UP,Gillnets,LatinAmerica,76,16486,144574.423329668,0,11919.378,104527.30806735,0,3669744.3367204,0.0292161106674869,NA,0.0423603432729422,0.723,GAM,GAM,Data,Pequivalent,BRA,319584276.839952
10135,1997,6-12m,UP,Gillnets,LatinAmerica,76,15436,135276.015601649,0,11160.228,97804.5592799924,0,3436029.58877224,0.0292161106674869,NA,0.0423770113537783,0.723,GAM,GAM,Data,Pequivalent,BRA,322506441.615178
10136,1998,6-12m,UP,Gillnets,LatinAmerica,76,14469,126720.684230248,0,10461.087,91619.0546984691,0,3220788.29842737,0.0292161106674869,NA,0.0423929372968392,0.723,GAM,GAM,Data,Pequivalent,BRA,325818380.856234
10137,1999,6-12m,UP,Gillnets,LatinAmerica,76,13574,41898.42492376,0,9814.002,30292.5612198785,0,3033975.56305181,0.0292161106674869,NA,0.0345900260130855,0.723,GAM,GAM,Data,Pequivalent,BRA,342163889.573847
10138,2000,6-12m,UP,Gillnets,LatinAmerica,76,12760,39385.0874268811,0,9225.48,28475.418209635,0,2852035.37531612,0.0292161106674869,NA,0.0346080680392483,0.723,GAM,GAM,Data,Pequivalent,BRA,358579698.665808
10139,2001,6-12m,UP,Gillnets,LatinAmerica,76,11461,35375.0616964969,0,8286.303,25576.1696065673,0,2561691.02166912,0,NA,0.0346214166264908,0.723,Data,GAM,Data,Pequivalent,BRA,359059341.695317
10140,2002,6-12m,UP,Gillnets,LatinAmerica,76,11341,35004.1907080777,0,8199.543,25308.0298819402,0,2534869.37237148,0.0292161106674869,NA,0.034633847151528,0.723,GAM,GAM,Data,Pequivalent,BRA,396099015.034941
10141,2003,6-12m,UP,Gillnets,LatinAmerica,76,10729,33114.9728141292,0,7757.067,23942.1253446154,0,2398078.96095349,0.0292161106674869,NA,0.0346411641393444,0.723,GAM,GAM,Data,Pequivalent,BRA,417753744.69941
10142,2004,6-12m,UP,Gillnets,LatinAmerica,76,9661,29818.2113985617,0,6984.903,21558.5668411601,0,2159366.28220447,0,NA,0.0346528653021214,0.723,Data,Data,Data,Pequivalent,BRA,419364711.256017
10143,2005,6-12m,UP,Gillnets,LatinAmerica,76,9743,30082.4172077989,0,7044.189,21749.5876412386,0,2177694.40922453,0,NA,0.034320503231336,0.723,Data,Data,Data,Pequivalent,BRA,471488600.852305
10144,2006,6-12m,UP,Gillnets,LatinAmerica,76,9681,83237.9488728092,0,6999.363,60181.0370350411,0,2155201.6613139,0.0292161106674869,NA,0.0428576941372748,0.723,GAM,Data,Data,Pequivalent,BRA,502914407.256244
10145,2007,6-12m,UP,Gillnets,LatinAmerica,76,7441,66921.7748001809,0,5379.843,48384.4431805308,0,1656113.64908243,0.0292161106674869,NA,0.0417387962408614,0.723,GAM,Data,Data,Pequivalent,BRA,416512657.269756
10146,2008,6-12m,UP,Gillnets,LatinAmerica,76,7022,63061.7995526674,0,5076.906,45593.6810765785,0,1562871.4175288,0.0292161106674869,NA,0.0417741348865593,0.723,GAM,Data,Data,Pequivalent,BRA,423636351.183953
10147,2009,6-12m,UP,Gillnets,LatinAmerica,76,6276,57177.0441600774,0,4537.548,41339.0029277359,0,1396720.881611,0.0292161106674869,NA,0.0414270753799003,0.723,GAM,Data,Data,Pequivalent,BRA,408048230.76807
10148,2010,6-12m,UP,Gillnets,LatinAmerica,76,5549,51384.7735627617,0,4011.927,37151.1912858767,0,1234810.1572177,0.0292161106674869,NA,0.0410388117668261,0.723,GAM,Data,Data,Pequivalent,BRA,388806905.101097
10149,2011,6-12m,UP,Gillnets,LatinAmerica,76,5295,48996.3588236505,0,3828.285,35424.3674294993,0,1178293.06453005,0.0292161106674869,NA,0.0410563241242555,0.723,GAM,Data,Data,Pequivalent,BRA,399870163.686998
10150,2012,6-12m,UP,Gillnets,LatinAmerica,76,5055,46750.6459200347,0,3654.765,33800.7170001851,0,1124889.52762827,0.0292161106674869,NA,0.041068921059746,0.723,GAM,Data,Data,Pequivalent,BRA,411440894.66766
10151,2013,6-12m,UP,Gillnets,LatinAmerica,76,4823,44572.3994293421,0,3487.029,32225.8447874143,0,1073267.15106537,0.0292161106674869,NA,0.041086228149581,0.723,GAM,Data,Data,Pequivalent,BRA,423094444.055026
10152,2014,6-12m,UP,Gillnets,LatinAmerica,76,4604,42522.2625693097,0,3328.692,30743.5958376109,0,1024536.55394777,0.0292161106674869,NA,0.0411008211884063,0.723,GAM,Data,Data,Pequivalent,BRA,435300179.251971
10153,2015,6-12m,UP,Gillnets,LatinAmerica,76,4333,13391.3452022485,0,3132.759,9681.94258122564,0,968485.053389087,0.0292161106674869,NA,0.0334607914629531,0.723,GAM,GAM,Data,Pequivalent,BRA,458736191.717312
10154,2016,6-12m,UP,Gillnets,LatinAmerica,76,4134,12776.0639924461,0,2988.882,9237.09426653849,0,924005.818303828,0.0292161106674869,NA,0.0334792195870608,0.723,GAM,GAM,Data,Pequivalent,BRA,487925462.416737
10155,2017,6-12m,UP,Gillnets,LatinAmerica,76,4005,36109.5972900819,0,2895.615,26107.2388407292,0,891364.156669919,0.0292161106674869,NA,0.0416781712054688,0.723,GAM,GAM,Data,Pequivalent,BRA,507301148.827819
10156,1950,Less than 6m,UP,Gillnets,LatinAmerica,76,39251,33537.7908452697,0,28378.473,24247.82278113,0,8839782.23610163,0.0292161106674869,NA,0.0147023308623444,0.723,GAM,AIC,Data,Pequivalent,BRA,9854855.50148367
10157,1951,Less than 6m,UP,Gillnets,LatinAmerica,76,40457,34567.9628528663,0,29250.411,24992.6371426223,0,9111387.47868751,0.0292161106674869,NA,0.0146723020266946,0.723,GAM,GAM,Data,Pequivalent,BRA,11324053.296338
10158,1952,Less than 6m,UP,Gillnets,LatinAmerica,76,41702,35631.4427477791,0,30150.546,25761.5331066443,0,9391775.97538687,0.0292161106674869,NA,0.0146425027000914,0.723,GAM,GAM,Data,Pequivalent,BRA,13012891.4610712
10159,1953,Less than 6m,UP,Gillnets,LatinAmerica,76,42993,36734.2073688822,0,31083.939,26558.8319277018,0,9682524.20770725,0.0292161106674869,NA,0.0146125891402436,0.723,GAM,GAM,Data,Pequivalent,BRA,14956272.4696197
10160,1954,Less than 6m,UP,Gillnets,LatinAmerica,76,44330,37876.2618775105,0,32050.59,27384.5373374401,0,9983632.17564866,0.0292161106674869,NA,0.0145831560043748,0.723,GAM,GAM,Data,Pequivalent,BRA,17192223.296675
10161,1955,Less than 6m,UP,Gillnets,LatinAmerica,76,45725,39067.8618684983,0,33059.175,28246.0641309243,0,10297802.4189383,0.0292161106674869,NA,0.0145544978976356,0.723,GAM,GAM,Data,Pequivalent,BRA,19769547.1064793
10162,1956,Less than 6m,UP,Gillnets,LatinAmerica,76,47183,40313.2792160262,0,34113.309,29146.5008731869,0,10626160.9957959,0.0292161106674869,NA,0.0145266393242261,0.723,GAM,GAM,Data,Pequivalent,BRA,22742450.1405812
10163,1957,Less than 6m,UP,Gillnets,LatinAmerica,76,48714,41621.0611093454,0,35220.222,30092.0271820567,0,10970960.0226607,0.0292161106674869,NA,0.014499896295928,0.723,GAM,GAM,Data,Pequivalent,BRA,26176657.247031
10164,1958,Less than 6m,UP,Gillnets,LatinAmerica,76,49984,42705.8384391434,0,36138.432,30876.3211915007,0,11256978.8104584,0,NA,0.0144740491519878,0.723,Data,GAM,Data,Pequivalent,BRA,29943330.0103676
10165,1959,Less than 6m,UP,Gillnets,LatinAmerica,76,53187,45442.1450370445,0,38454.201,32854.6708617832,0,11978331.705983,0,NA,0.014449824631185,0.723,Data,GAM,Data,Pequivalent,BRA,35520844.1236482
10166,1960,Less than 6m,UP,Gillnets,LatinAmerica,76,53853,46010.875492666,0,38935.719,33265.8629811975,0,12128322.6608438,0,NA,0.0144271185890943,0.723,Data,AIC,Data,Pequivalent,BRA,40095568.8204362
10167,1961,Less than 6m,UP,Gillnets,LatinAmerica,76,52822,45129.7493999217,0,38190.306,32628.8088161434,0,11896129.4559466,0,NA,0.0144062311873211,0.723,Data,GAM,Data,Pequivalent,BRA,43843984.1934269
10168,1962,Less than 6m,UP,Gillnets,LatinAmerica,76,58267,49781.5571545465,0,42127.041,35992.0658227371,0,13122406.8571739,0,NA,0.0143874398076978,0.723,Data,GAM,Data,Pequivalent,BRA,53917099.8620963
10169,1963,Less than 6m,UP,Gillnets,LatinAmerica,76,61536,52574.24629803,0,44490.528,38011.1800734757,0,13858623.7211982,0,NA,0.0143706076514764,0.723,Data,GAM,Data,Pequivalent,BRA,63480716.8978783
10170,1964,Less than 6m,UP,Gillnets,LatinAmerica,76,61632,52656.0553557479,0,44559.936,38070.3280222057,0,13880244.039016,0,NA,0.0143562159296458,0.723,Data,GAM,Data,Pequivalent,BRA,70880621.2640203
10171,1965,Less than 6m,UP,Gillnets,LatinAmerica,76,64643,55228.3567381008,0,46736.889,39930.1019216469,0,14558356.2989049,0,NA,0.0143442346036986,0.723,Data,GAM,Data,Pequivalent,BRA,82880326.2353077
10172,1966,Less than 6m,UP,Gillnets,LatinAmerica,76,65494,55955.2721308864,0,47352.162,40455.6617506309,0,14750011.4078938,0.0292161106674869,NA,0.0143349187102069,0.723,GAM,GAM,Data,Pequivalent,BRA,93613861.1495648
10173,1967,Less than 6m,UP,Gillnets,LatinAmerica,76,66705,56989.7968735759,0,48227.715,41203.6231395954,0,15022742.7086994,0.0292161106674869,NA,0.014328470427299,0.723,GAM,GAM,Data,Pequivalent,BRA,106293259.649286
10174,1968,Less than 6m,UP,Gillnets,LatinAmerica,76,67580,57737.2974351629,0,48860.34,41744.0660456228,0,15219802.8971427,0.0292161106674869,NA,0.0143246790233151,0.723,GAM,GAM,Data,Pequivalent,BRA,120053332.176733
10175,1969,Less than 6m,UP,Gillnets,LatinAmerica,76,68104,58184.9702362201,0,49239.192,42067.7334807871,0,15337813.7985648,0.0292161106674869,NA,0.0143241138606321,0.723,GAM,GAM,Data,Pequivalent,BRA,134876828.673613
10176,1970,Less than 6m,UP,Gillnets,LatinAmerica,76,68278,58333.6720602066,0,49364.994,42175.2448995294,0,15377000.6246095,0.0292161106674869,NA,0.0143268421252351,0.723,GAM,AIC,Data,Pequivalent,BRA,150748920.565106
10177,1971,Less than 6m,UP,Gillnets,LatinAmerica,76,68110,58190.2382499002,0,49243.53,42071.5422546778,0,15339165.0684284,0.0292161106674869,NA,0.014332910930814,0.723,GAM,GAM,Data,Pequivalent,BRA,167645922.259739
10178,1972,Less than 6m,UP,Gillnets,LatinAmerica,76,67620,57771.7459793539,0,48889.26,41768.9723430729,0,15228811.3629001,0.0292161106674869,NA,0.0143418123799338,0.723,GAM,GAM,Data,Pequivalent,BRA,185552143.081299
10179,1973,Less than 6m,UP,Gillnets,LatinAmerica,76,64905,50380.836648203,0,46926.315,36425.3448966508,0,14617361.749616,0.0292161106674869,NA,0.197362974507285,0.723,GAM,GAM,Data,Pequivalent,BRA,191955634.929499
10180,1974,Less than 6m,UP,Gillnets,LatinAmerica,76,63899,49621.2735586527,0,46198.977,35876.1807829059,0,14390798.8358171,0.0292161106674869,NA,0.196792085166032,0.723,GAM,GAM,Data,Pequivalent,BRA,203680135.807283
10181,1975,Less than 6m,UP,Gillnets,LatinAmerica,76,62669,48689.64381993,0,45309.687,35202.6124818094,0,14113788.5137768,0.0292161106674869,NA,0.196150017341731,0.723,GAM,GAM,Data,Pequivalent,BRA,215297646.303735
10182,1976,Less than 6m,UP,Gillnets,LatinAmerica,76,63027,48722.0038080107,0,45568.521,35226.0087531917,0,14194414.2823056,0.0292161106674869,NA,0.202847185511739,0.723,GAM,GAM,Data,Pequivalent,BRA,233370016.012192
10183,1977,Less than 6m,UP,Gillnets,LatinAmerica,76,61385,47480.2265050241,0,44381.355,34328.2037631324,0,13824616.7629639,0.0292161106674869,NA,0.202073134456865,0.723,GAM,GAM,Data,Pequivalent,BRA,244969820.171577
10184,1978,Less than 6m,UP,Gillnets,LatinAmerica,76,59614,46138.2337991152,0,43100.922,33357.9430367603,0,13425766.9415546,0.0292161106674869,NA,0.201268342070545,0.723,GAM,GAM,Data,Pequivalent,BRA,256407361.344874
10185,1979,Less than 6m,UP,Gillnets,LatinAmerica,76,57742,44716.8190995233,0,41747.466,32330.2602089553,0,13004170.7441079,0.0292161106674869,NA,0.200451161248063,0.723,GAM,GAM,Data,Pequivalent,BRA,267673853.736825
10186,1980,Less than 6m,UP,Gillnets,LatinAmerica,76,55805,43243.3551126878,0,40347.015,31264.9457464733,0,12567935.7898054,0.0292161106674869,NA,0.199631995438996,0.723,GAM,AIC,Data,Pequivalent,BRA,278816932.36033
10187,1981,Less than 6m,UP,Gillnets,LatinAmerica,76,57182,44569.9402823237,0,41342.586,32224.06682412,0,12878052.2235042,0.0292161106674869,NA,0.191880662276195,0.723,GAM,GAM,Data,Pequivalent,BRA,307919559.171905
10188,1982,Less than 6m,UP,Gillnets,LatinAmerica,76,55482,43606.4227817063,0,40113.486,31527.4436711737,0,12495192.4288143,0.0292161106674869,NA,0.180909273435333,0.723,GAM,GAM,Data,Pequivalent,BRA,322004503.824729
10189,1983,Less than 6m,UP,Gillnets,LatinAmerica,76,53377,45610.7077074943,0,38591.571,32976.5416725184,0,12021121.9183307,0.0292161106674869,NA,0.0149425781832672,0.723,GAM,GAM,Data,Pequivalent,BRA,345360523.082949
10190,1984,Less than 6m,UP,Gillnets,LatinAmerica,76,51285,43823.3042810613,0,37079.055,31684.2489952073,0,11549979.1592182,0.0292161106674869,NA,0.0149601086515698,0.723,GAM,GAM,Data,Pequivalent,BRA,369928325.368812
10191,1985,Less than 6m,UP,Gillnets,LatinAmerica,76,49224,42062.3785605013,0,35588.952,30411.0996992424,0,11085817.9610677,0.0292161106674869,NA,0.0149780924279502,0.723,GAM,GAM,Data,Pequivalent,BRA,395833752.010708
10192,1986,Less than 6m,UP,Gillnets,LatinAmerica,76,47210,37188.0574631699,0,34132.83,26886.9655458718,0,10632241.7101821,0.0292161106674869,NA,0.177977952471442,0.723,GAM,GAM,Data,Pequivalent,BRA,409168153.553159
10193,1987,Less than 6m,UP,Gillnets,LatinAmerica,76,45266,35678.6534820146,0,32727.318,25795.6664674966,0,10194430.274372,0.0292161106674869,NA,0.17717364997246,0.723,GAM,GAM,Data,Pequivalent,BRA,422835893.035219
10194,1988,Less than 6m,UP,Gillnets,LatinAmerica,76,43364,34200.2608842414,0,31352.172,24726.7886193065,0,9766077.72760722,0.0292161106674869,NA,0.176379167894428,0.723,GAM,GAM,Data,Pequivalent,BRA,436577113.931596
10195,1989,Less than 6m,UP,Gillnets,LatinAmerica,76,41561,32800.494425616,0,30048.603,23714.7574697203,0,9360021.13359201,0.0292161106674869,NA,0.175493163882548,0.723,GAM,GAM,Data,Pequivalent,BRA,450971941.00315
10196,1990,Less than 6m,UP,Gillnets,LatinAmerica,76,39828,31454.6775253338,0,28795.644,22741.7318508164,0,8969729.35465226,0.0292161106674869,NA,0.174583645922815,0.723,GAM,AIC,Data,Pequivalent,BRA,465783322.28021
10197,1991,Less than 6m,UP,Gillnets,LatinAmerica,76,38180,30174.945293858,0,27604.14,21816.4854474594,0,8598580.565447,0.0292161106674869,NA,0.173640227354583,0.723,GAM,GAM,Data,Pequivalent,BRA,481241711.683128
10198,1992,Less than 6m,UP,Gillnets,LatinAmerica,76,36178,30913.7039537323,0,26156.694,22350.6079585485,0,8147706.85428867,0.0292161106674869,NA,0.014891407046311,0.723,GAM,GAM,Data,Pequivalent,BRA,508370788.30874
10199,1993,Less than 6m,UP,Gillnets,LatinAmerica,76,34694,29645.862278004,0,25083.762,21433.9584269969,0,7813492.7746888,0.0292161106674869,NA,0.0149181811098151,0.723,GAM,GAM,Data,Pequivalent,BRA,543499440.573192
10200,1994,Less than 6m,UP,Gillnets,LatinAmerica,76,33296,26185.8982120333,0,24073.008,18932.4044073001,0,7498646.89646734,0.0292161106674869,NA,0.180072319680964,0.723,GAM,GAM,Data,Pequivalent,BRA,562171329.63144
10201,1995,Less than 6m,UP,Gillnets,LatinAmerica,76,31977,25170.3276220449,0,23119.371,18198.1468707384,0,7201592.73811678,0.0292161106674869,NA,0.178938122776611,0.723,GAM,GAM,Data,Pequivalent,BRA,581897176.83284
10202,1996,Less than 6m,UP,Gillnets,LatinAmerica,76,30736,24214.5709656923,0,22222.128,17507.1348081955,0,6922105.08799317,0.0292161106674869,NA,0.177797247783274,0.723,GAM,GAM,Data,Pequivalent,BRA,602820181.945824
10203,1997,Less than 6m,UP,Gillnets,LatinAmerica,76,29573,23318.2707820219,0,21381.279,16859.1097754018,0,6660183.94609649,0.0292161106674869,NA,0.176677705607283,0.723,GAM,GAM,Data,Pequivalent,BRA,625126230.570564
10204,1998,Less than 6m,UP,Gillnets,LatinAmerica,76,28483,22478.0969561198,0,20593.209,16251.6640992746,0,6414703.2542071,0.0292161106674869,NA,0.175555131646449,0.723,GAM,GAM,Data,Pequivalent,BRA,648918225.696324
10205,1999,Less than 6m,UP,Gillnets,LatinAmerica,76,27472,23475.7671272111,0,19862.256,16972.9796329736,0,6187014.28218859,0.0292161106674869,NA,0.0150826567281233,0.723,GAM,GAM,Data,Pequivalent,BRA,697755412.872599
10206,2000,Less than 6m,UP,Gillnets,LatinAmerica,76,26529,22670.1016353258,0,19180.467,16390.4834823406,0,5974639.70195766,0.0292161106674869,NA,0.0151081755039595,0.723,GAM,GAM,Data,Pequivalent,BRA,751177395.10061
10207,2001,Less than 6m,UP,Gillnets,LatinAmerica,76,24473,20913.310153351,0,17693.979,15120.3232408728,0,5511604.56202683,0,NA,0.0151329313923678,0.723,Data,GAM,Data,Pequivalent,BRA,772533880.544582
10208,2002,Less than 6m,UP,Gillnets,LatinAmerica,76,24853,21238.173883137,0,17968.719,15355.199717508,0,5597184.98672222,0.0292161106674869,NA,0.0151560562484007,0.723,GAM,GAM,Data,Pequivalent,BRA,874616847.863405
10209,2003,Less than 6m,UP,Gillnets,LatinAmerica,76,23586,20155.3165755274,0,17052.678,14572.2938841063,0,5311841.83385629,0.0292161106674869,NA,0.0151309516792039,0.723,GAM,GAM,Data,Pequivalent,BRA,925341430.985301
10210,2004,Less than 6m,UP,Gillnets,LatinAmerica,76,21738,18576.2181991062,0,15716.574,13430.6057579538,0,4895650.71586399,0,NA,0.0151507983938559,0.723,Data,Data,Data,Pequivalent,BRA,950771143.269251
10211,2005,Less than 6m,UP,Gillnets,LatinAmerica,76,24845,21231.6860702376,0,17962.935,15350.5090287818,0,5595383.29357074,0,NA,0.0152152796624494,0.723,Data,Data,Data,Pequivalent,BRA,1211446118.95177
10212,2006,Less than 6m,UP,Gillnets,LatinAmerica,76,21552,17076.9074083862,0,15582.096,12346.6040562632,0,4853761.35009203,0.0292161106674869,NA,0.170305625525302,0.723,GAM,Data,Data,Pequivalent,BRA,1132620931.09962
10213,2007,Less than 6m,UP,Gillnets,LatinAmerica,76,21772,17398.7670623398,0,15741.156,12579.3085860717,0,4903307.91175778,0.0292161106674869,NA,0.15926682674064,0.723,GAM,Data,Data,Pequivalent,BRA,1233182160.45715
10214,2008,Less than 6m,UP,Gillnets,LatinAmerica,76,21106,16872.4435450519,0,15259.638,12198.7766830725,0,4753316.95689692,0.0292161106674869,NA,0.15881545726001,0.723,GAM,Data,Data,Pequivalent,BRA,1288447551.76637
10215,2009,Less than 6m,UP,Gillnets,LatinAmerica,76,20448,16351.6269421028,0,14783.904,11822.2262791404,0,4605127.69518754,0.0292161106674869,NA,0.158405283914538,0.723,GAM,Data,Data,Pequivalent,BRA,1345375610.27578
10216,2010,Less than 6m,UP,Gillnets,LatinAmerica,76,19542,15666.5302918095,0,14128.866,11326.9014009782,0,4401085.94578223,0.0292161106674869,NA,0.155161149251226,0.723,GAM,Data,Data,Pequivalent,BRA,1385777883.07085
10217,2011,Less than 6m,UP,Gillnets,LatinAmerica,76,18763,15067.448404143,0,13565.649,10893.7651961954,0,4225646.07515668,0.0292161106674869,NA,0.152989616465384,0.723,GAM,Data,Data,Pequivalent,BRA,1434031853.89209
10218,2012,Less than 6m,UP,Gillnets,LatinAmerica,76,18179,14599.6708419323,0,13143.417,10555.562018717,0,4094122.47509851,0.0292161106674869,NA,0.152884213454645,0.723,GAM,Data,Data,Pequivalent,BRA,1497470971.73631
10219,2013,Less than 6m,UP,Gillnets,LatinAmerica,76,17891,14331.1808483447,0,12935.193,10361.4437533532,0,4029261.52164516,0.0292161106674869,NA,0.156217582800597,0.723,GAM,Data,Data,Pequivalent,BRA,1588381943.63869
10220,2014,Less than 6m,UP,Gillnets,LatinAmerica,76,16909,13602.6156704325,0,12225.207,9834.69112972268,0,3808103.68730077,0.0292161106674869,NA,0.15072299488934,0.723,GAM,Data,Data,Pequivalent,BRA,1617968838.01242
10221,2015,Less than 6m,UP,Gillnets,LatinAmerica,76,13784,11779.8693921116,0,9965.832,8516.84557049668,0,3104317.30000318,0.0292161106674869,NA,0.0153791222761324,0.723,GAM,GAM,Data,Pequivalent,BRA,1470402347.56572
10222,2016,Less than 6m,UP,Gillnets,LatinAmerica,76,14171,12111.0041568569,0,10245.633,8756.25600540754,0,3191474.20620611,0.0292161106674869,NA,0.015499079885586,0.723,GAM,GAM,Data,Pequivalent,BRA,1685272426.86926
10223,2017,Less than 6m,UP,Gillnets,LatinAmerica,76,13709,10971.0755209809,0,9911.607,7932.0876016692,0,3087426.42670804,0.0292161106674869,NA,0.157415781907696,0.723,GAM,GAM,Data,Pequivalent,BRA,1757143768.31327
46244,1950,12-24m,APW,Others_Unknown,LatinAmerica,76,2,34.3727332415556,290.954827996678,1.446,24.8514861336447,210.360340641598,42796.5287747399,0.0513454323196739,0.00260631009274771,0.0295122575683576,0.723,GAM,AIC,Data,AIC,BRA,43100.3497093608
46245,1951,12-24m,APW,Others_Unknown,LatinAmerica,76,2,34.3727332415556,283.129207769048,1.446,24.8514861336447,204.702417217022,41645.4587493414,0.0513454323196739,0.00284619443335384,0.0295122575683576,0.723,GAM,GAM,Data,AIC,BRA,42238.8561477382
46246,1952,12-24m,APW,Others_Unknown,LatinAmerica,76,2,34.3727332415556,275.484352631328,1.446,24.8514861336447,199.17518695245,40520.9774505335,0.0513454323196739,0.00304865041517038,0.0295122575683576,0.723,GAM,GAM,Data,AIC,BRA,41390.1175987779
46247,1953,12-24m,APW,Others_Unknown,LatinAmerica,76,3,51.5590998623334,401.965356265362,2.169,37.277229200467,290.620952579857,59125.0609392038,0.0513454323196739,0.00319794402550728,0.0295122575683576,0.723,GAM,GAM,Data,AIC,BRA,60821.9861435737
46248,1954,12-24m,APW,Others_Unknown,LatinAmerica,76,3,51.5590998623334,390.842152434672,2.169,37.277229200467,282.578876210268,57488.9495328901,0.0513454323196739,0.00343432140728213,0.0295122575683576,0.723,GAM,GAM,Data,AIC,BRA,59558.7560948239
46249,1955,12-24m,APW,Others_Unknown,LatinAmerica,76,3,51.5590998623334,379.799944327092,2.169,37.277229200467,274.595359748488,55864.7517827908,0.0513454323196739,0.00377430587917278,0.0295122575683576,0.723,GAM,GAM,Data,AIC,BRA,58286.9550822362
46250,1956,12-24m,APW,Others_Unknown,LatinAmerica,76,3,51.5590998623334,368.793047989743,2.169,37.277229200467,266.637373696584,54245.7480389268,0.0513454323196739,0.00406641345610355,0.0295122575683576,0.723,GAM,GAM,Data,AIC,BRA,56999.5525460469
46251,1957,12-24m,APW,Others_Unknown,LatinAmerica,76,3,51.5590998623334,357.794822047242,2.169,37.277229200467,258.685656340156,52628.0196229381,0.0513454323196739,0.00432016966653777,0.0295122575683576,0.723,GAM,GAM,Data,AIC,BRA,55692.282968656
46252,1958,12-24m,APW,Others_Unknown,LatinAmerica,76,3,51.5590998623334,346.793772107598,2.169,37.277229200467,250.731897233793,51009.8758253734,0,0.00462336505595872,0.0295122575683576,0.723,Data,GAM,Data,AIC,BRA,54363.1368818121
46253,1959,12-24m,APW,Others_Unknown,LatinAmerica,76,3,51.5590998623334,335.799321899214,2.169,37.277229200467,242.782909733132,49392.702781897,0,0.00492853633885715,0.0295122575683576,0.723,Data,GAM,Data,AIC,BRA,53013.3541601481
46254,1960,12-24m,APW,Others_Unknown,LatinAmerica,76,4,68.7454664831112,433.106879688388,2.892,49.7029722672894,313.136274014704,63705.6658132978,0,0.00522992182993547,0.0295122575683576,0.723,Data,AIC,Data,AIC,BRA,68860.9166592216
46255,1961,12-24m,APW,Others_Unknown,LatinAmerica,76,4,68.7454664831112,418.562844568696,2.892,49.7029722672894,302.620936623167,61566.3845310919,0,0.00562080488755115,0.0295122575683576,0.723,Data,GAM,Data,AIC,BRA,67020.9593682958
46256,1962,12-24m,APW,Others_Unknown,LatinAmerica,76,4,68.7454664831112,404.159297489696,2.892,49.7029722672894,292.20717208505,59447.7676266432,0,0.0057038998602486,0.0295122575683576,0.723,Data,GAM,Data,AIC,BRA,65174.0620208698
46257,1963,12-24m,APW,Others_Unknown,LatinAmerica,76,4,68.7454664831112,389.974435641318,2.892,49.7029722672894,281.951516968673,57361.3171200829,0,0.00612412666697792,0.0295122575683576,0.723,Data,GAM,Data,AIC,BRA,63333.0791123308
46258,1964,12-24m,APW,Others_Unknown,LatinAmerica,76,4,68.7454664831112,376.089199399142,2.892,49.7029722672894,271.91249116558,55318.9385265608,0,0.0066284749954386,0.0295122575683576,0.723,Data,GAM,Data,AIC,BRA,61511.6781195318
46259,1965,12-24m,APW,Others_Unknown,LatinAmerica,76,4,68.7454664831112,362.600808518894,2.892,49.7029722672894,262.16038455916,53334.9318943076,0,0.00708401999773945,0.0295122575683576,0.723,Data,GAM,Data,AIC,BRA,59726.5915237761
46260,1966,12-24m,APW,Others_Unknown,LatinAmerica,76,4,68.7454664831112,349.610440122987,2.892,49.7029722672894,252.76834820892,51424.1793603911,0.0513454323196739,0.00767086211433092,0.0295122575683576,0.723,GAM,GAM,Data,AIC,BRA,57995.6747072861
46261,1967,12-24m,APW,Others_Unknown,LatinAmerica,76,4,68.7454664831112,337.216821611543,2.892,49.7029722672894,243.807762025146,49601.2027323689,0.0513454323196739,0.00824517625707256,0.0295122575683576,0.723,GAM,GAM,Data,AIC,BRA,56336.8670779966
46262,1968,12-24m,APW,Others_Unknown,LatinAmerica,76,4,68.7454664831112,325.517278220453,2.892,49.7029722672894,235.348992153388,47880.3175735434,0.0513454323196739,0.00884847491401203,0.0295122575683576,0.723,GAM,GAM,Data,AIC,BRA,54768.3624593776
46263,1969,12-24m,APW,Others_Unknown,LatinAmerica,76,5,85.931833103889,393.248062924314,3.615,62.1287153341117,284.318349494279,57842.8347672695,0.0513454323196739,0.00947329362709956,0.0295122575683576,0.723,GAM,GAM,Data,AIC,BRA,66633.7954955027
46264,1970,12-24m,APW,Others_Unknown,LatinAmerica,76,5,85.931833103889,380.674930800974,3.615,62.1287153341117,275.227974969104,55993.4534924852,0.0513454323196739,0.0101095300556507,0.0295122575683576,0.723,GAM,AIC,Data,AIC,BRA,64961.2669124608
46265,1971,12-24m,APW,Others_Unknown,LatinAmerica,76,5,85.931833103889,369.256595461339,3.615,62.1287153341117,266.972518518548,54313.9312096383,0.0513454323196739,0.0107447533537608,0.0295122575683576,0.723,GAM,GAM,Data,AIC,BRA,63460.0951667014
46266,1972,12-24m,APW,Others_Unknown,LatinAmerica,76,5,85.931833103889,359.048780922419,3.615,62.1287153341117,259.592268606909,52812.4643611586,0.0513454323196739,0.011364277761216,0.0295122575683576,0.723,GAM,GAM,Data,AIC,BRA,62143.851129934
46267,1973,12-24m,APW,Others_Unknown,LatinAmerica,76,6,119.723707682138,420.11360375683,4.338,86.5602406541858,303.742135516188,61794.4856101311,0.0513454323196739,0.0119530410191146,0.0133858214657837,0.723,GAM,GAM,Data,AIC,BRA,73229.1007176269
46268,1974,12-24m,APW,Others_Unknown,LatinAmerica,76,6,119.723707682138,410.902093258707,4.338,86.5602406541858,297.082213426045,60439.5650652269,0.0513454323196739,0.0126422628038327,0.0133858214657837,0.723,GAM,GAM,Data,AIC,BRA,72131.9310670845
46269,1975,12-24m,APW,Others_Unknown,LatinAmerica,76,6,119.723707682138,403.245351077156,4.338,86.5602406541858,291.546388828784,59313.3353018314,0.0513454323196739,0.0129609605179303,0.0133858214657837,0.723,GAM,GAM,Data,AIC,BRA,71290.36259918
46270,1976,12-24m,APW,Others_Unknown,LatinAmerica,76,7,139.677658962495,463.348448799253,5.061,100.986947429884,335.00092848186,68153.8964598131,0.0513454323196739,0.0132040216531225,0.0133858214657837,0.723,GAM,GAM,Data,AIC,BRA,82497.6195001805
46271,1977,12-24m,APW,Others_Unknown,LatinAmerica,76,7,139.677658962495,458.088745280022,5.061,100.986947429884,331.198162837456,67380.2469742306,0.0513454323196739,0.0135252619832344,0.0133858214657837,0.723,GAM,GAM,Data,AIC,BRA,82140.1656789663
46272,1978,12-24m,APW,Others_Unknown,LatinAmerica,76,7,139.677658962495,454.673933244721,5.061,100.986947429884,328.729253735933,66877.9624700164,0.0513454323196739,0.0137234348734049,0.0133858214657837,0.723,GAM,GAM,Data,AIC,BRA,82106.6358910147
46273,1979,12-24m,APW,Others_Unknown,LatinAmerica,76,8,159.631610242851,517.821207669938,5.784,115.413654205581,374.384733145365,76166.2914026984,0.0513454323196739,0.013823108153903,0.0133858214657837,0.723,GAM,GAM,Data,AIC,BRA,94173.8410467981
46274,1980,12-24m,APW,Others_Unknown,LatinAmerica,76,9,179.585561523208,582.848870393083,6.507,129.840360981279,421.399733294199,85731.2065410612,0.0513454323196739,0.0138837491366382,0.0133858214657837,0.723,GAM,AIC,Data,AIC,BRA,106752.648675688
46275,1981,12-24m,APW,Others_Unknown,LatinAmerica,76,9,179.585561523208,585.442542830742,6.507,129.840360981279,423.274958466626,86112.7096694843,0.0513454323196739,0.0135215040878747,0.0133858214657837,0.723,GAM,GAM,Data,AIC,BRA,107988.927449669
46276,1982,12-24m,APW,Others_Unknown,LatinAmerica,76,10,199.539512803564,655.886144727958,7.23,144.267067756977,474.205682638314,96474.254986839,0.0513454323196739,0.0133004679932291,0.0133858214657837,0.723,GAM,GAM,Data,AIC,BRA,121841.617320578
46277,1983,12-24m,APW,Others_Unknown,LatinAmerica,76,11,189.050032828556,730.093629328256,7.953,136.683173735046,527.857694004329,107389.429592685,0.0513454323196739,0.0128381074248945,0.0295122575683576,0.723,GAM,GAM,Data,AIC,BRA,136589.717389275
46278,1984,12-24m,APW,Others_Unknown,LatinAmerica,76,12,206.236399449334,808.66459837562,8.676,149.108916801868,584.664504625573,118946.42887277,0.0513454323196739,0.0104370002661804,0.0295122575683576,0.723,GAM,GAM,Data,AIC,BRA,152363.214881961
46279,1985,12-24m,APW,Others_Unknown,LatinAmerica,76,13,223.422766070111,892.066715592299,9.399,161.53465986869,644.964235373232,131214.041456873,0.0513454323196739,0.00856637586341418,0.0295122575683576,0.723,GAM,GAM,Data,AIC,BRA,169270.501666339
46280,1986,12-24m,APW,Others_Unknown,LatinAmerica,76,15,299.309269205346,1050.69587052013,10.845,216.400601635465,759.653114386054,154546.794654765,0.0513454323196739,0.00789361182675004,0.0133858214657837,0.723,GAM,GAM,Data,AIC,BRA,200785.904050339
46281,1987,12-24m,APW,Others_Unknown,LatinAmerica,76,16,319.263220485702,1146.19366964808,11.568,230.827308411163,828.698023155562,168593.560389652,0.0513454323196739,0.00724197013710194,0.0133858214657837,0.723,GAM,GAM,Data,AIC,BRA,220590.319487974
46282,1988,12-24m,APW,Others_Unknown,LatinAmerica,76,18,359.171123046415,1320.4345803949,13.014,259.680721962558,954.674201625513,194222.645845482,0.0513454323196739,0.00666941014755764,0.0133858214657837,0.723,GAM,GAM,Data,AIC,BRA,255927.870279313
46283,1989,12-24m,APW,Others_Unknown,LatinAmerica,76,19,379.125074326772,1428.18872763956,13.737,274.107428738256,1032.5804500834,210072.197113992,0.0513454323196739,0.00732582659558443,0.0133858214657837,0.723,GAM,GAM,Data,AIC,BRA,278778.029100516
46284,1990,12-24m,APW,Others_Unknown,LatinAmerica,76,21,419.032976887484,1617.5350664606,15.183,302.960842289651,1169.47785305101,237923.139109148,0.0513454323196739,0.00611719350138334,0.0133858214657837,0.723,GAM,AIC,Data,AIC,BRA,317979.334495193
46285,1991,12-24m,APW,Others_Unknown,LatinAmerica,76,23,458.940879448197,1814.4726747865,16.629,331.814255841046,1311.86374387064,266890.680495484,0.0513454323196739,0.00614865885311701,0.0133858214657837,0.723,GAM,GAM,Data,AIC,BRA,359226.091465572
46286,1992,12-24m,APW,Others_Unknown,LatinAmerica,76,25,429.659165519445,2018.14770746372,18.075,310.643576670559,1459.12079249627,296849.229238885,0.0513454323196739,0.00546976302798601,0.0295122575683576,0.723,GAM,GAM,Data,AIC,BRA,402385.793047231
46287,1993,12-24m,APW,Others_Unknown,LatinAmerica,76,28,481.218265381778,2310.05764089857,20.244,347.920805871025,1670.17167436967,339786.24441713,0.0513454323196739,0.00504656868549277,0.0295122575683576,0.723,GAM,GAM,Data,AIC,BRA,463857.684367479
46288,1994,12-24m,APW,Others_Unknown,LatinAmerica,76,30,598.618538410692,2525.8644783261,21.69,432.80120327093,1826.20001782977,371529.259617616,0.0513454323196739,0.00496070100610561,0.0133858214657837,0.723,GAM,GAM,Data,AIC,BRA,510792.172646993
46289,1995,12-24m,APW,Others_Unknown,LatinAmerica,76,33,658.480392251761,2830.93128543082,23.859,476.081323598023,2046.76331936648,416401.518580867,0.0513454323196739,0.00477463095394717,0.0133858214657837,0.723,GAM,GAM,Data,AIC,BRA,576548.392031391
46290,1996,12-24m,APW,Others_Unknown,LatinAmerica,76,36,718.34224609283,3141.31686645172,26.028,519.361443925116,2271.17209444459,462056.115690961,0.0513454323196739,0.00634620467993683,0.0133858214657837,0.723,GAM,GAM,Data,AIC,BRA,644303.414010333
46291,1997,12-24m,APW,Others_Unknown,LatinAmerica,76,39,778.2040999339,3455.53842217289,28.197,562.64156425221,2498.354279231,508274.946097233,0.0513454323196739,0.00618720723112248,0.0133858214657837,0.723,GAM,GAM,Data,AIC,BRA,713783.758623889
46292,1998,12-24m,APW,Others_Unknown,LatinAmerica,76,42,838.065953774969,3772.18675518457,30.366,605.921684579303,2727.29102399844,554850.731034415,0.0513454323196739,0.00649552297045914,0.0133858214657837,0.723,GAM,GAM,Data,AIC,BRA,784722.979635845
46293,1999,12-24m,APW,Others_Unknown,LatinAmerica,76,45,773.386497935001,4089.90671976189,32.535,559.158438007006,2957.00255838785,601584.142196431,0.0513454323196739,0.00413745779572601,0.0295122575683576,0.723,GAM,GAM,Data,AIC,BRA,856857.962500253
46294,2000,12-24m,APW,Others_Unknown,LatinAmerica,76,48,824.945597797334,4407.53282524955,34.704,596.435667207472,3186.64623265542,648303.747630395,0.0513454323196739,0.00418693337981826,0.0295122575683576,0.723,GAM,GAM,Data,AIC,BRA,929957.793572042
46295,2001,12-24m,APW,Others_Unknown,LatinAmerica,76,51,876.504697659668,4723.9869818753,36.873,633.71289640794,3415.44258789584,694850.971174232,0.0513454323196739,0.00412801319026841,0.0295122575683576,0.723,GAM,GAM,Data,AIC,BRA,1003803.31200049
46296,2002,12-24m,APW,Others_Unknown,LatinAmerica,76,54,928.063797522001,5038.35463820444,39.042,670.990125608407,3642.73040342181,741091.291510454,0.0513454323196739,0.00682240631173096,0.0295122575683576,0.723,GAM,GAM,Data,AIC,BRA,1078203.94002914
46297,2003,12-24m,APW,Others_Unknown,LatinAmerica,76,57,979.622897384335,5349.91077795952,41.211,708.267354808874,3867.98549246473,786918.066036868,0.0513454323196739,0.0037694799077314,0.0295122575683576,0.723,GAM,GAM,Data,AIC,BRA,1153004.4133788
46298,2004,12-24m,APW,Others_Unknown,LatinAmerica,76,61,1048.36836386745,5752.61667609165,44.103,757.970327076166,4159.14185681426,846152.053236306,0,0.00369998055499287,0.0295122575683576,0.723,Data,Data,Data,AIC,BRA,1248596.50653832
46299,2005,12-24m,APW,Others_Unknown,LatinAmerica,76,61,1048.36836386745,5774.23372858793,44.103,757.970327076166,4174.77098576907,849331.704234198,0,0.00323726018753957,0.0295122575683576,0.723,Data,Data,Data,AIC,BRA,1262185.79422748
46300,2006,12-24m,APW,Others_Unknown,LatinAmerica,76,65,1297.00683322317,6171.02280415552,46.995,937.735940420352,4461.64948740444,907695.386345794,0.0513454323196739,0.0058142932446935,0.0133858214657837,0.723,GAM,Data,Data,AIC,BRA,1358495.89097859
46301,2007,12-24m,APW,Others_Unknown,LatinAmerica,76,67,1336.91473578388,6375.92587341477,48.441,966.589353971745,4609.79440647888,937834.566918819,0.0513454323196739,0.00366529895387995,0.0133858214657837,0.723,GAM,Data,Data,AIC,BRA,1413567.93863935
46302,2008,12-24m,APW,Others_Unknown,LatinAmerica,76,69,1376.82263834459,6579.37695029881,49.887,995.442767523139,4756.88953506604,967760.174017591,0.0513454323196739,0.00553164974435574,0.0133858214657837,0.723,GAM,Data,Data,AIC,BRA,1469029.25676648
46303,2009,12-24m,APW,Others_Unknown,LatinAmerica,76,71,1416.7305409053,6782.69512241832,51.333,1024.29618107453,4903.88857350845,997666.232162262,0.0513454323196739,0.00539160962065698,0.0133858214657837,0.723,GAM,Data,Data,AIC,BRA,1525176.90922412
46304,2010,12-24m,APW,Others_Unknown,LatinAmerica,76,72,1436.68449218566,6891.73267022559,52.056,1038.72288785023,4982.7227205731,1013704.55874509,0.0513454323196739,0.00520043894082995,0.0133858214657837,0.723,GAM,Data,Data,AIC,BRA,1560697.00617519
46305,2011,12-24m,APW,Others_Unknown,LatinAmerica,76,73,1456.63844346602,7003.43581742012,52.779,1053.14959462593,5063.48409599475,1030134.96818718,0.0513454323196739,0.0028972775280255,0.0133858214657837,0.723,GAM,Data,Data,AIC,BRA,1597252.49983592
46306,2012,12-24m,APW,Others_Unknown,LatinAmerica,76,73,1456.63844346602,7023.17279277083,52.779,1053.14959462593,5077.75392917331,1033038.07874678,0.0513454323196739,0.00286916623640921,0.0133858214657837,0.723,GAM,Data,Data,AIC,BRA,1613125.01644016
46307,2013,12-24m,APW,Others_Unknown,LatinAmerica,76,74,1476.59239474637,7144.30556302942,53.502,1067.57630140163,5165.33292207027,1050855.49089845,0.0513454323196739,0.00284685476229338,0.0133858214657837,0.723,GAM,Data,Data,AIC,BRA,1652596.93509274
46308,2014,12-24m,APW,Others_Unknown,LatinAmerica,76,74,1476.59239474637,7174.90478967645,53.502,1067.57630140163,5187.45616293607,1055356.32937122,0.0513454323196739,0.00265641510633101,0.0133858214657837,0.723,GAM,Data,Data,AIC,BRA,1671457.40415776
46309,2015,12-24m,APW,Others_Unknown,LatinAmerica,76,74,1271.79112993756,7211.34572937113,53.502,919.504986944856,5213.80296233533,1060716.42507734,0.0513454323196739,0.00264188612773907,0.0295122575683576,0.723,GAM,Data,Data,AIC,BRA,1691872.91277027
46310,2016,12-24m,APW,Others_Unknown,LatinAmerica,76,74,1271.79112993756,7253.50946276468,53.502,919.504986944856,5244.28734157886,1066918.28617671,0.0513454323196739,0.0026413271800287,0.0295122575683576,0.723,GAM,Data,Data,AIC,BRA,1713846.22112903
46311,2017,12-24m,APW,Others_Unknown,LatinAmerica,76,74,1476.59239474637,7300.63933179644,53.502,1067.57630140163,5278.36223688883,1073850.61587908,0.0513454323196739,0.00238053192174085,0.0133858214657837,0.723,GAM,Data,Data,AIC,BRA,1737227.96688372
46312,1950,12-24m,I,Others_Unknown,LatinAmerica,76,14,637.626823910997,3437.19187078606,10.122,461.004193687651,2485.08972257832,491145.879738844,0.14914754311586,0.00159476372695726,0.0012442685363536,0.723,GAM,AIC,Data,AIC,BRA,498079.714600591
46313,1951,12-24m,I,Others_Unknown,LatinAmerica,76,15,660.947103096937,3719.95174811791,10.845,477.864755539086,2689.52511388925,531646.492953613,0.14914754311586,0.00153133220832515,0.00122023630145326,0.723,GAM,GAM,Data,AIC,BRA,546763.672867563
46314,1952,12-24m,I,Others_Unknown,LatinAmerica,76,17,769.891387568327,4265.42561866295,12.291,556.631473211901,3083.90272229331,609541.633163082,0.14914754311586,0.00145951533131222,0.00124563741183879,0.723,GAM,GAM,Data,AIC,BRA,635723.729579602
46315,1953,12-24m,I,Others_Unknown,LatinAmerica,76,20,839.758296328718,5008.38390796581,14.46,607.145248245663,3621.06156545928,715957.955711024,0.14914754311586,0.00147743350149575,0.00118248100926031,0.723,GAM,GAM,Data,AIC,BRA,757252.850839127
46316,1954,12-24m,I,Others_Unknown,LatinAmerica,76,22,948.702580800108,5553.88594344283,15.906,685.911965918478,4015.45953710916,793857.130074935,0.14914754311586,0.00142480784738979,0.00120743015548641,0.723,GAM,GAM,Data,AIC,BRA,851498.911017994
46317,1955,12-24m,I,Others_Unknown,LatinAmerica,76,26,1104.19349484595,6559.60590747501,18.798,798.331896773622,4742.59507110443,937674.809195592,0.14914754311586,0.00148668116957938,0.00119439758197122,0.723,GAM,GAM,Data,AIC,BRA,1019958.13294219
46318,1956,12-24m,I,Others_Unknown,LatinAmerica,76,29,1236.36412970585,7282.59363962152,20.967,893.891265777331,5265.31520144636,1040995.83484829,0.14914754311586,0.00151460716655653,0.00119630397449257,0.723,GAM,GAM,Data,AIC,BRA,1148331.92207086
46319,1957,12-24m,I,Others_Unknown,LatinAmerica,76,34,1477.47904903714,8551.22148250681,24.582,1068.21735245385,6182.53313185242,1222235.81183193,0.14914754311586,0.00150063896015212,0.00121272952894863,0.723,GAM,GAM,Data,AIC,BRA,1367293.65952668
46320,1958,12-24m,I,Others_Unknown,LatinAmerica,76,37,1609.74361269448,9379.87294009753,26.751,1163.84463197811,6781.64813569051,1340691.39517163,0,0.00144868451019915,0.00121597562258621,0.723,Data,GAM,Data,AIC,BRA,1520981.62294977
46321,1959,12-24m,I,Others_Unknown,LatinAmerica,76,44,1897.40516160022,11109.2264779557,31.812,1371.82393183696,8031.97074356196,1587922.60594089,0,0.00147320316328118,0.00120743015548641,0.723,Data,GAM,Data,AIC,BRA,1826891.79655127
46322,1960,12-24m,I,Others_Unknown,LatinAmerica,76,48,2115.19980174557,12095.8762494501,34.704,1529.28945666205,8745.31852835245,1728773.95030731,0,0.00148071976865704,0.00122473853412108,0.723,Data,AIC,Data,AIC,BRA,2017019.29839313
46323,1961,12-24m,I,Others_Unknown,LatinAmerica,76,57,2511.8056351227,14371.8380362527,41.211,1816.03547419371,10390.8389002107,2054062.78197895,0,0.00147726828224873,0.00122487016752092,0.723,Data,GAM,Data,AIC,BRA,2430378.45529881
46324,1962,12-24m,I,Others_Unknown,LatinAmerica,76,64,2861.77091012796,16083.0583999971,46.272,2069.06036802251,11628.0512231979,2298461.87017826,0,0.00149758927687847,0.00123575215396987,0.723,Data,GAM,Data,AIC,BRA,2757946.55533719
46325,1963,12-24m,I,Others_Unknown,LatinAmerica,76,88,4044.02522759848,22148.0238785518,63.624,2923.8302395537,16013.021264193,3164818.02977958,0,0.00148366253775345,0.00125787609395891,0.723,Data,GAM,Data,AIC,BRA,3851107.4490005
46326,1964,12-24m,I,Others_Unknown,LatinAmerica,76,108,5008.29704732879,27019.9302296944,78.084,3620.99876521872,19535.409556069,3860758.16431501,0,0.00151974050322532,0.00126329023937177,0.723,Data,GAM,Data,AIC,BRA,4764286.17046572
46327,1965,12-24m,I,Others_Unknown,LatinAmerica,76,122,5770.5313234388,30427.3978973579,88.206,4172.09414684626,21999.0086797898,4347176.85155023,0,0.00153700113671302,0.00127765858579355,0.723,Data,GAM,Data,AIC,BRA,5440275.57428476
46328,1966,12-24m,I,Others_Unknown,LatinAmerica,76,133,6400.59496468893,33113.7845948652,96.159,4627.6301594701,23941.2662620875,4730547.62482949,0.14914754311586,0.00153851984216626,0.00129025251054705,0.723,GAM,GAM,Data,AIC,BRA,6003622.26075809
46329,1967,12-24m,I,Others_Unknown,LatinAmerica,76,147,7225.13296689846,36507.6120181991,106.281,5223.77113506758,26395.003489158,5214777.72638233,0.14914754311586,0.00154929122711051,0.00130522835209428,0.723,GAM,GAM,Data,AIC,BRA,6711600.40284083
46330,1968,12-24m,I,Others_Unknown,LatinAmerica,76,163,8158.52132478195,40347.510891566,117.849,5898.61091781735,29171.2503746022,5762665.23744622,0.14914754311586,0.00156558101073343,0.00131759191039431,0.723,GAM,GAM,Data,AIC,BRA,7521457.92538884
46331,1969,12-24m,I,Others_Unknown,LatinAmerica,76,176,8959.73904780554,43467.2151510167,127.248,6477.89133156341,31426.796554185,6207631.79022969,0.14914754311586,0.00157705405424937,0.00132911613329624,0.723,GAM,GAM,Data,AIC,BRA,8216614.97973657
46332,1970,12-24m,I,Others_Unknown,LatinAmerica,76,189,9760.95677082913,46591.610417822,136.647,7057.17174530946,33685.7343320853,6653270.25119282,0.14914754311586,0.00158415103221386,0.00133874844911368,0.723,GAM,AIC,Data,AIC,BRA,8930802.85144141
46333,1971,12-24m,I,Others_Unknown,LatinAmerica,76,200,10453.2302093813,49175.4545540506,144.6,7557.68544138271,35553.8536425786,7021718.67193905,0.14914754311586,0.00159893919759094,0.00134636888409523,0.723,GAM,GAM,Data,AIC,BRA,9558442.07281559
46334,1972,12-24m,I,Others_Unknown,LatinAmerica,76,209,11098.9570183591,51300.5767682647,151.107,8024.54592427361,37090.3170034554,7324462.86579161,0.14914754311586,0.00161739144692569,0.001356837579595,0.723,GAM,GAM,Data,AIC,BRA,10111319.1422943
46335,1973,12-24m,I,Others_Unknown,LatinAmerica,76,217,11038.3537858186,53187.5020423733,156.891,7980.72978714687,38454.5639766359,7593559.03888793,0.14914754311586,0.00162440617441423,0.00167487969907265,0.723,GAM,GAM,Data,AIC,BRA,10656615.6863741
46336,1974,12-24m,I,Others_Unknown,LatinAmerica,76,222,11382.9080445489,54351.3160924039,160.506,8229.84251620885,39296.001534808,7759316.49818217,0.14914754311586,0.00163134460679656,0.00168278325004542,0.723,GAM,GAM,Data,AIC,BRA,11069787.6588458
46337,1975,12-24m,I,Others_Unknown,LatinAmerica,76,224,11600.6576547753,54790.5238358539,161.952,8387.27548440257,39613.5487333224,7821521.09816421,0.14914754311586,0.00162982044123989,0.00169274089522638,0.723,GAM,GAM,Data,AIC,BRA,11343548.6495158
46338,1976,12-24m,I,Others_Unknown,LatinAmerica,76,226,11761.306101478,55252.4185030193,163.398,8503.42431136861,39947.4985776829,7887210.06902329,0.14914754311586,0.00163136000974606,0.00169747558086033,0.723,GAM,GAM,Data,AIC,BRA,11628481.8207193
46339,1977,12-24m,I,Others_Unknown,LatinAmerica,76,225,11795.1498996769,54987.6162835124,162.675,8527.8933774664,39756.0465729795,7849046.74001135,0.14914754311586,0.00162969116313032,0.00170468715211639,0.723,GAM,GAM,Data,AIC,BRA,11764092.1803698
46340,1978,12-24m,I,Others_Unknown,LatinAmerica,76,223,11691.5340055034,54481.7852489601,161.229,8452.97908597894,39390.3307349981,7776829.77162183,0.14914754311586,0.00163132529949454,0.00170457585896491,0.723,GAM,GAM,Data,AIC,BRA,11849117.0524979
46341,1979,12-24m,I,Others_Unknown,LatinAmerica,76,219,11541.4719916747,53509.7033214848,158.337,8344.4842499808,38687.5155014335,7637830.17744571,0.14914754311586,0.00162689552665476,0.00170967682239008,0.723,GAM,GAM,Data,AIC,BRA,11830287.2075468
46342,1980,12-24m,I,Others_Unknown,LatinAmerica,76,213,11287.862694667,52089.5630544963,153.999,8161.12472824428,37660.7540884008,7434888.58514191,0.14914754311586,0.00162391686665799,0.00171529051062063,0.723,GAM,AIC,Data,AIC,BRA,11706892.990449
46343,1981,12-24m,I,Others_Unknown,LatinAmerica,76,207,10977.1522341357,50688.5929223332,149.661,7936.48106528008,36647.8526828469,7234927.64264994,0.14914754311586,0.00161339344107897,0.00171605728165371,0.723,GAM,GAM,Data,AIC,BRA,11580925.5374641
46344,1982,12-24m,I,Others_Unknown,LatinAmerica,76,199,10562.8258794308,48741.102435758,143.877,7636.92311082843,35239.817061053,6956921.66867421,0.14914754311586,0.00161437160472659,0.00171686503373736,0.723,GAM,GAM,Data,AIC,BRA,11320564.5136183
46345,1983,12-24m,I,Others_Unknown,LatinAmerica,76,192,10702.700129793,47075.2931280134,138.816,7738.05219384031,34035.4369315537,6719261.80243253,0.14914754311586,0.00160776147594998,0.00138722351951364,0.723,GAM,GAM,Data,AIC,BRA,11088195.7109451
46346,1984,12-24m,I,Others_Unknown,LatinAmerica,76,183,10243.8844991137,44936.5809719533,132.309,7406.32849285924,32489.1480427222,6413866.52928476,0.14914754311586,0.00159895144711802,0.00139011182114492,0.723,GAM,GAM,Data,AIC,BRA,10733653.8979974
46347,1985,12-24m,I,Others_Unknown,LatinAmerica,76,176,9831.61549800899,43267.1553474761,127.248,7108.2580050605,31282.1533162252,6175688.68628262,0.14914754311586,0.00159335651066134,0.0013887964396589,0.723,GAM,GAM,Data,AIC,BRA,10480968.4606225
46348,1986,12-24m,I,Others_Unknown,LatinAmerica,76,167,8848.55651907653,41142.7317318965,120.741,6397.50636329233,29746.1950421612,5872574.85637506,0.14914754311586,0.00158206696720242,0.0017155324089459,0.723,GAM,GAM,Data,AIC,BRA,10131796.8561281
46349,1987,12-24m,I,Others_Unknown,LatinAmerica,76,159,8377.12900084787,39205.8694732192,114.957,6056.66426761301,28345.8436291375,5596326.04721094,0.14914754311586,0.00157725044903304,0.00170979717740946,0.723,GAM,GAM,Data,AIC,BRA,9815282.74249536
46350,1988,12-24m,I,Others_Unknown,LatinAmerica,76,151,7962.87125713753,37336.967854799,109.173,5757.15591891044,26994.6277590196,5329576.6114052,0.14914754311586,0.00156423128113267,0.0017111096491267,0.723,GAM,GAM,Data,AIC,BRA,9502424.07953363
46351,1989,12-24m,I,Others_Unknown,LatinAmerica,76,143,7491.44373890887,35394.0033025286,103.389,5416.31382323111,25589.8643877282,5052453.75096172,0.14914754311586,0.0015614094124751,0.00170441804376159,0.723,GAM,GAM,Data,AIC,BRA,9157690.02423459
46352,1990,12-24m,I,Others_Unknown,LatinAmerica,76,135,7077.18599519855,33516.3537100514,97.605,5116.80547452855,24232.3237323672,4784451.31449325,0.14914754311586,0.00154025457064718,0.00170557990322812,0.723,GAM,GAM,Data,AIC,BRA,8815716.70166966
46353,1991,12-24m,I,Others_Unknown,LatinAmerica,76,128,6629.01584229477,31848.608852184,92.544,4792.77845397912,23026.544200129,4546749.06243764,0.14914754311586,0.00153064848545948,0.00169342181004497,0.723,GAM,GAM,Data,AIC,BRA,8516641.47361805
46354,1992,12-24m,I,Others_Unknown,LatinAmerica,76,122,6580.10404754274,30353.1785781471,88.206,4757.4152263734,21945.3481120004,4333493.1371271,0,0.00153639270701982,0.00136656185776618,0.723,Data,GAM,Data,AIC,BRA,8231781.64140443
46355,1993,12-24m,I,Others_Unknown,LatinAmerica,76,115,6167.83504643798,28658.3863767805,83.145,4459.34473857466,20720.0133504123,4091681.9571435,0.14914754311586,0.00152447742110478,0.00136289100004844,0.723,GAM,GAM,Data,AIC,BRA,7882172.71632915
46356,1994,12-24m,I,Others_Unknown,LatinAmerica,76,109,5502.25499380988,27242.1412767192,78.807,3978.13036052454,19696.068143068,3889767.98081735,0.14914754311586,0.00144657365119315,0.00166708050632918,0.723,GAM,GAM,Data,AIC,BRA,7617450.98531094
46357,1995,12-24m,I,Others_Unknown,LatinAmerica,76,105,5237.99065293367,26283.4237973674,75.915,3787.06724207104,19002.9154054967,3753152.31843985,0.14914754311586,0.00144753353078244,0.00165466997968724,0.723,GAM,GAM,Data,AIC,BRA,7471779.63897064
46358,1996,12-24m,I,Others_Unknown,LatinAmerica,76,74,3661.11237395726,18589.6291978674,53.502,2646.9842463711,13440.3019100581,2654667.93384758,0,0.00140760584240681,0.00164649397861447,0.723,Data,GAM,Data,AIC,BRA,5372543.76671879
46359,1997,12-24m,I,Others_Unknown,LatinAmerica,76,122,5918.52862610253,30635.3126655015,88.206,4279.09619667213,22149.3310571576,4375313.21221772,0,0.00141088572790682,0.00162478218940022,0.723,Data,Data,Data,AIC,BRA,9001622.57254906
46360,1998,12-24m,I,Others_Unknown,LatinAmerica,76,92,4421.94026498018,23110.5276836041,66.516,3197.06281158067,16708.9115152458,3300801.77335146,0.14914754311586,0.00139986325950781,0.00161437496578716,0.723,GAM,Data,Data,AIC,BRA,6903558.17450176
46361,1999,12-24m,I,Others_Unknown,LatinAmerica,76,88,4355.07421410889,22142.7841520798,63.624,3148.71865680073,16009.2329419537,3162893.28028191,0.14914754311586,0.00142794794434189,0.00130675138545842,0.723,GAM,GAM,Data,AIC,BRA,6708515.58291485
46362,2000,12-24m,I,Others_Unknown,LatinAmerica,76,82,3966.03156339264,20627.5247018247,59.286,2867.44082033288,14913.7003594193,2946797.15782615,0.14914754311586,0.00143022478642863,0.00128912094106051,0.723,GAM,GAM,Data,AIC,BRA,6338412.30577403
46363,2001,12-24m,I,Others_Unknown,LatinAmerica,76,77,3662.70684675926,19451.3949057334,55.671,2648.13705020694,14063.3585168452,2779040.82502722,0.14914754311586,0.00139522134121508,0.00127751307079182,0.723,GAM,GAM,Data,AIC,BRA,6061966.33161574
46364,2002,12-24m,I,Others_Unknown,LatinAmerica,76,72,3359.28820132846,18194.4867293295,52.056,2428.76536956048,13154.6139053053,2599714.34313917,0.14914754311586,0.00137485433884611,0.00126223530360057,0.723,GAM,GAM,Data,AIC,BRA,5750857.05646367
46365,2003,12-24m,I,Others_Unknown,LatinAmerica,76,68,3141.49356118311,17198.8289764422,49.164,2271.29984473539,12434.7533499677,2457572.756417,0.14914754311586,0.00136159687227451,0.00125438094672718,0.723,GAM,GAM,Data,AIC,BRA,5513173.70362712
46366,2004,12-24m,I,Others_Unknown,LatinAmerica,76,77,3475.7017396633,19495.7386706785,55.671,2512.93235777657,14095.4190589005,2786096.87403018,0,0.00137218615645831,0.00123574037000937,0.723,Data,Data,Data,AIC,BRA,6338403.08727511
46367,2005,12-24m,I,Others_Unknown,LatinAmerica,76,44,1959.42710130745,11172.33373583,31.812,1416.66579424528,8077.59729100509,1596726.81361835,0,0.0013362322947179,0.00122535666263813,0.723,Data,GAM,Data,AIC,BRA,3683855.69265091
46368,2006,12-24m,I,Others_Unknown,LatinAmerica,76,55,2248.70848586445,13961.8411635704,39.765,1625.81623528,10094.4111612614,1995807.30034364,0.14914754311586,0.00136346061264606,0.0014204286267282,0.723,GAM,GAM,Data,AIC,BRA,4680933.71343696
46369,2007,12-24m,I,Others_Unknown,LatinAmerica,76,50,2018.35655418169,12751.3049337206,36.15,1459.27178867336,9219.19346708001,1822887.97327955,0.14914754311586,0.00131018596633653,0.00140496200614895,0.723,GAM,GAM,Data,AIC,BRA,4346260.54404136
46370,2008,12-24m,I,Others_Unknown,LatinAmerica,76,45,1787.93601150436,11466.1417769226,32.535,1292.67773631765,8290.02050471505,1639279.58971898,0,0.00131386540335046,0.00138297382502461,0.723,Data,GAM,Data,AIC,BRA,3973294.01117955
46371,2009,12-24m,I,Others_Unknown,LatinAmerica,76,42,1661.13136300054,10725.3059780887,30.366,1200.99797544939,7754.39622215816,1533402.12765686,0.14914754311586,0.00132009438230442,0.00137710783032691,0.723,GAM,GAM,Data,AIC,BRA,3778292.93290877
46372,2010,12-24m,I,Others_Unknown,LatinAmerica,76,39,1477.22555097297,10003.0924059997,28.197,1068.03407335346,7232.2358095378,1430426.8367573,0.14914754311586,0.00132041660271476,0.00131877421244515,0.723,GAM,GAM,Data,AIC,BRA,3583002.46796988
46373,2011,12-24m,I,Others_Unknown,LatinAmerica,76,36,1350.42090246915,9258.88503513829,26.028,976.354312485193,6694.17388040498,1324066.45351165,0.14914754311586,0.00142779096678317,0.00130553019567817,0.723,GAM,GAM,Data,AIC,BRA,3371577.39682747
46374,2012,12-24m,I,Others_Unknown,LatinAmerica,76,33,1223.61625396533,8512.38762088125,23.859,884.674551616933,6154.45624989714,1217378.05993199,0.14914754311586,0.00141160033381354,0.00128954119593885,0.723,GAM,GAM,Data,AIC,BRA,3151307.00655873
46375,2013,12-24m,I,Others_Unknown,LatinAmerica,76,31,1120.00035979181,7981.62175782609,22.413,809.760260129481,5770.71253090826,1141589.59528105,0.14914754311586,0.00143253118522432,0.00124997254157233,0.723,GAM,GAM,Data,AIC,BRA,3004119.05384805
46376,2014,12-24m,I,Others_Unknown,LatinAmerica,76,28,993.195711287995,7231.21222891564,20.244,718.08049926122,5228.16644150601,1034340.8568465,0.14914754311586,0.00141744843759078,0.00122318087456868,0.723,GAM,GAM,Data,AIC,BRA,2767022.63112572
46377,2015,12-24m,I,Others_Unknown,LatinAmerica,76,25,893.774179766621,6477.91422472234,18.075,646.198731971267,4683.53198447425,926678.392740138,0.14914754311586,0.00140061798235205,0.00102511042670163,0.723,GAM,GAM,Data,AIC,BRA,2514006.62338722
46378,2016,12-24m,I,Others_Unknown,LatinAmerica,76,23,847.227550192171,5984.36962576879,16.629,612.54551878894,4326.69923943084,855986.401022383,0.14914754311586,0.00136900816276681,0.00105680836492413,0.723,GAM,GAM,Data,AIC,BRA,2355009.13105969
46379,2017,12-24m,I,Others_Unknown,LatinAmerica,76,22,739.586414280357,5732.31614057091,15.906,534.720977524698,4144.46456963277,820118.813124827,0.14914754311586,0.00137425906951892,0.00114203639677916,0.723,GAM,GAM,Data,AIC,BRA,2293741.10865884
46380,1950,24-50m,I,Others_Unknown,LatinAmerica,76,4,704.120324023835,1825.98579526956,2.892,509.078994269233,1320.18772997989,263123.556559455,0.14914754311586,0.000887661239538935,0.000275033636426906,0.723,GAM,AIC,Data,AIC,BRA,266838.247783962
46381,1951,24-50m,I,Others_Unknown,LatinAmerica,76,5,838.316357957706,2250.18872787422,3.615,606.102726803421,1626.88645025306,323737.318163904,0.14914754311586,0.000924201623063302,0.000308009057058365,0.723,GAM,GAM,Data,AIC,BRA,332942.674257489
46382,1952,24-50m,I,Others_Unknown,LatinAmerica,76,5,838.316357957706,2250.18872787422,3.615,606.102726803421,1626.88645025306,323737.318163904,0.14914754311586,0.000924201623063302,0.000308009057058365,0.723,GAM,GAM,Data,AIC,BRA,337643.048661439
46383,1953,24-50m,I,Others_Unknown,LatinAmerica,76,5,838.316357957706,2250.18872787422,3.615,606.102726803421,1626.88645025306,323737.318163904,0.14914754311586,0.000924201623063302,0.000308009057058365,0.723,GAM,GAM,Data,AIC,BRA,342409.781394451
46384,1954,24-50m,I,Others_Unknown,LatinAmerica,76,6,972.512391891577,2674.39166047889,4.338,703.12645933761,1933.58517052624,384351.079768353,0.14914754311586,0.000949150183236889,0.00033188398559751,0.723,GAM,GAM,Data,AIC,BRA,412258.721969846
46385,1955,24-50m,I,Others_Unknown,LatinAmerica,76,7,1274.0446141138,3227.76865793445,5.061,921.134256004277,2333.67673968661,465633.351514462,0.14914754311586,0.000862187679370174,0.000253335939015331,0.723,GAM,GAM,Data,AIC,BRA,506493.849668128
46386,1956,24-50m,I,Others_Unknown,LatinAmerica,76,8,1408.24064804767,3651.97159053911,5.784,1018.15798853847,2640.37545995978,526247.113118911,0.14914754311586,0.000887661239538935,0.000275033636426906,0.723,GAM,GAM,Data,AIC,BRA,580507.950812453
46387,1957,24-50m,I,Others_Unknown,LatinAmerica,76,9,1542.43668198154,4076.17452314378,6.507,1115.18172107265,2947.07418023295,586860.87472336,0.14914754311586,0.000907832789763756,0.000292955820753056,0.723,GAM,GAM,Data,AIC,BRA,656510.916523425
46388,1958,24-50m,I,Others_Unknown,LatinAmerica,76,9,1542.43668198154,4076.17452314378,6.507,1115.18172107265,2947.07418023295,586860.87472336,0,0.000907832789763756,0.000292955820753056,0.723,Data,GAM,Data,AIC,BRA,665779.320205297
46389,1959,24-50m,I,Others_Unknown,LatinAmerica,76,11,1810.82874984928,4924.58038835311,7.953,1309.22918614103,3560.4716207793,708088.397932258,0,0.000937750436567697,0.000320831177240507,0.723,Data,GAM,Data,AIC,BRA,814649.832791492
46390,1960,24-50m,I,Others_Unknown,LatinAmerica,76,12,1945.02478378315,5348.78332095777,8.676,1406.25291867522,3867.17034105247,768702.159536707,0,0.000949150183236889,0.00033188398559751,0.723,Data,AIC,Data,AIC,BRA,896870.924175135
46391,1961,24-50m,I,Others_Unknown,LatinAmerica,76,15,2514.94907387312,6750.56618362266,10.845,1818.30818041026,4880.65935075918,971211.954491712,0,0.000924201623063302,0.000308009057058365,0.723,Data,GAM,Data,AIC,BRA,1149143.3613588
46392,1962,24-50m,I,Others_Unknown,LatinAmerica,76,16,2649.14510780699,7174.76911622733,11.568,1915.33191294445,5187.35807103236,1031825.71609616,0,0.000933501186601632,0.000316773644468628,0.723,Data,GAM,Data,AIC,BRA,1238097.62360558
46393,1963,24-50m,I,Others_Unknown,LatinAmerica,76,23,3755.85353363244,10273.3637093109,16.629,2715.48210481625,7427.64196183177,1476790.55746896,0,0.000943685666407955,0.000326555038938592,0.723,Data,GAM,Data,AIC,BRA,1797031.9503262
46394,1964,24-50m,I,Others_Unknown,LatinAmerica,76,28,4594.16989159014,12523.5524371851,20.244,3321.58483161967,9054.52841208483,1800527.87563287,0,0.000940184840669614,0.000323170880243668,0.723,Data,GAM,Data,AIC,BRA,2221902.97664958
46395,1965,24-50m,I,Others_Unknown,LatinAmerica,76,32,5130.95402732563,14220.3641676038,23.136,3709.67976175643,10281.3232931775,2042982.92205067,0,0.000957045757248586,0.000339685553505874,0.723,Data,GAM,Data,AIC,BRA,2556691.49635578
46396,1966,24-50m,I,Others_Unknown,LatinAmerica,76,36,5835.07435134946,16046.3499628734,26.028,4218.75875602566,11601.5110231574,2306106.47861012,0.14914754311586,0.00094915018323689,0.00033188398559751,0.723,GAM,GAM,Data,AIC,BRA,2926720.81303931
46397,1967,24-50m,I,Others_Unknown,LatinAmerica,76,40,6371.85848708494,17743.161693292,28.92,4606.85368616241,12828.3059042501,2548561.52502791,0.14914754311586,0.000961806094252009,0.000344448447397787,0.723,GAM,GAM,Data,AIC,BRA,3280087.37007248
46398,1968,24-50m,I,Others_Unknown,LatinAmerica,76,45,7210.17484504265,19993.3504211662,32.535,5212.95641296584,14455.1923545032,2872298.84319182,0.14914754311586,0.000957573829253697,0.000340211693414415,0.723,GAM,GAM,Data,AIC,BRA,3748938.03614112
46399,1969,24-50m,I,Others_Unknown,LatinAmerica,76,50,7881.155014712,22114.3650841895,36.15,5698.07507563678,15988.685955869,3175367.65121407,0.14914754311586,0.000969458781260147,0.000352200543870581,0.723,GAM,GAM,Data,AIC,BRA,4203015.6250893
46400,1970,24-50m,I,Others_Unknown,LatinAmerica,76,55,8719.47137266972,24364.5538120638,39.765,6304.17780244021,17615.5724061221,3499104.96937797,0.14914754311586,0.000965279055745136,0.000347951840630007,0.723,GAM,AIC,Data,AIC,BRA,4696910.76090153
46401,1971,24-50m,I,Others_Unknown,LatinAmerica,76,58,9122.05947447133,25637.1626098778,41.934,6595.24900004277,18535.6685669416,3680946.25419132,0.14914754311586,0.000971047680137606,0.00035382502116678,0.723,GAM,GAM,Data,AIC,BRA,5010754.94300873
46402,1972,24-50m,I,Others_Unknown,LatinAmerica,76,63,9960.37583242903,27887.3513377519,45.549,7201.35172684619,20162.5550171947,4004683.57235522,0.14914754311586,0.000967267741759907,0.000349968914448132,0.723,GAM,GAM,Data,AIC,BRA,5528409.98800131
46403,1973,24-50m,I,Others_Unknown,LatinAmerica,76,65,10112.834018521,28735.7572029612,46.995,7311.57899539069,20775.952457741,4125911.09556412,0.14914754311586,0.000970640087028554,0.000402181761886294,0.723,GAM,GAM,Data,AIC,BRA,5790203.07558083
46404,1974,24-50m,I,Others_Unknown,LatinAmerica,76,69,10810.7435988783,30561.7429982308,49.887,7816.167621989,22096.1401877209,4389034.65212357,0.14914754311586,0.000965682313617768,0.000396372639792346,0.723,GAM,GAM,Data,AIC,BRA,6261592.96862121
46405,1975,24-50m,I,Others_Unknown,LatinAmerica,76,70,10942.8693849233,30985.9459308355,50.61,7911.69456529955,22402.8389079941,4449648.41372802,0.14914754311586,0.000967267741759907,0.000398223843324606,0.723,GAM,GAM,Data,AIC,BRA,6453323.1606588
46406,1976,24-50m,I,Others_Unknown,LatinAmerica,76,72,11376.5273931905,31963.5258608958,52.056,8225.22930527676,23109.6291974276,4591544.44707858,0.14914754311586,0.00095968825136935,0.000389428151087021,0.723,GAM,GAM,Data,AIC,BRA,6769528.21905626
46407,1977,24-50m,I,Others_Unknown,LatinAmerica,76,72,11376.5273931905,31963.5258608958,52.056,8225.22930527676,23109.6291974276,4591544.44707858,0.14914754311586,0.00095968825136935,0.000389428151087021,0.723,GAM,GAM,Data,AIC,BRA,6881772.26036234
46408,1978,24-50m,I,Others_Unknown,LatinAmerica,76,72,11376.5273931905,31963.5258608958,52.056,8225.22930527676,23109.6291974276,4591544.44707858,0.14914754311586,0.00095968825136935,0.000389428151087021,0.723,GAM,GAM,Data,AIC,BRA,6995877.39514511
46409,1979,24-50m,I,Others_Unknown,LatinAmerica,76,71,11244.4016071455,31539.3229282911,51.333,8129.70236196621,22802.9304771544,4530930.68547413,0.14914754311586,0.000958050020593407,0.000387544989561215,0.723,GAM,GAM,Data,AIC,BRA,7017989.41339803
46410,1980,24-50m,I,Others_Unknown,LatinAmerica,76,69,10980.1500350555,30690.9170630818,49.887,7938.64847534511,22189.5330366081,4409703.16226523,0.14914754311586,0.000954637699504055,0.00038364270432545,0.723,GAM,AIC,Data,AIC,BRA,6943469.62286029
46411,1981,24-50m,I,Others_Unknown,LatinAmerica,76,68,10848.0242490105,30266.7141304771,49.164,7843.12153203457,21882.8343163349,4349089.40066078,0.14914754311586,0.00095285980091374,0.000381620268655629,0.723,GAM,GAM,Data,AIC,BRA,6961573.49355038
46412,1982,24-50m,I,Others_Unknown,LatinAmerica,76,65,10451.6468908754,28994.1053326631,46.995,7556.54070210292,20962.7381555154,4167248.11584744,0.14914754311586,0.000947213963159215,0.000375246159200131,0.723,GAM,GAM,Data,AIC,BRA,6781102.81910008
46413,1983,24-50m,I,Others_Unknown,LatinAmerica,76,63,10295.0482090057,28145.6994674538,45.549,7443.31985511114,20349.3407149691,4046020.59263854,0.14914754311586,0.000943166430485154,0.000326051644825586,0.723,GAM,GAM,Data,AIC,BRA,6676785.26314437
46414,1984,24-50m,I,Others_Unknown,LatinAmerica,76,59,9590.9278849819,26319.7136721842,42.657,6934.24086084191,19029.1529849892,3782897.03607908,0.14914754311586,0.000947017220485907,0.00032979714443058,0.723,GAM,GAM,Data,AIC,BRA,6330706.65434647
46415,1985,24-50m,I,Others_Unknown,LatinAmerica,76,56,9188.33978318029,25047.1048743702,40.488,6643.16966323935,18109.0568241697,3601055.75126573,0.14914754311586,0.000940184840669614,0.000323170880243668,0.723,GAM,GAM,Data,AIC,BRA,6111472.52901408
46416,1986,24-50m,I,Others_Unknown,LatinAmerica,76,52,8564.60523611298,23350.2931439515,37.596,6192.20958570968,16882.2619430769,3358600.70484794,0.14914754311586,0.000929916516735759,0.000356163298637771,0.723,GAM,GAM,Data,AIC,BRA,5794504.26680007
46417,1987,24-50m,I,Others_Unknown,LatinAmerica,76,48,7866.6956557557,21524.3073486819,34.704,5687.62095911137,15562.074213097,3095477.14828849,0.14914754311586,0.000933501186601631,0.000360063818558779,0.723,GAM,GAM,Data,AIC,BRA,5429094.58403104
46418,1988,24-50m,I,Others_Unknown,LatinAmerica,76,44,7168.78607539843,19698.3215534124,31.812,5183.03233251306,14241.8864831172,2832353.59172903,0.14914754311586,0.000937750436567697,0.000364723800456366,0.723,GAM,GAM,Data,AIC,BRA,5049974.31019259
46419,1989,24-50m,I,Others_Unknown,LatinAmerica,76,41,6772.40871726337,18425.7127555984,29.643,4896.45150258142,13321.7903222976,2650512.30691568,0.14914754311586,0.000927822770432427,0.000353897915345149,0.723,GAM,GAM,Data,AIC,BRA,4804115.2494533
46420,1990,24-50m,I,Others_Unknown,LatinAmerica,76,37,6074.49913690609,16599.7269603289,26.751,4391.8628759831,12001.6025923178,2387388.75035623,0.14914754311586,0.000932240577129072,0.000358688955685886,0.723,GAM,GAM,Data,AIC,BRA,4398945.98073109
46421,1991,24-50m,I,Others_Unknown,LatinAmerica,76,34,5678.12177877104,15327.1181625149,24.582,4105.28204605146,11081.5064314983,2205547.46554288,0.14914754311586,0.00091984840933051,0.000345355427896956,0.723,GAM,GAM,Data,AIC,BRA,4131271.98337291
46422,1992,24-50m,I,Others_Unknown,LatinAmerica,76,31,5164.09418168011,13925.33529985,22.413,3733.64009335472,10068.0174217915,2003037.67058787,0,0.000928993049613003,0.000312505230645248,0.723,Data,GAM,Data,AIC,BRA,3804914.00402168
46423,1993,24-50m,I,Others_Unknown,LatinAmerica,76,27,4459.97385765627,12099.3495045804,19.521,3224.56109908548,8747.82969181165,1739914.11402842,0.14914754311586,0.000935230682310485,0.000318421074976356,0.723,GAM,GAM,Data,AIC,BRA,3351752.09168141
46424,1994,24-50m,I,Others_Unknown,LatinAmerica,76,24,4018.05104596645,10826.7407067664,17.352,2905.05090623374,7827.73353099214,1558072.82921507,0.14914754311586,0.000918038898465354,0.000343435650844203,0.723,GAM,GAM,Data,AIC,BRA,3051221.42673318
46425,1995,24-50m,I,Others_Unknown,LatinAmerica,76,21,3452.2672516542,9424.95784410155,15.183,2495.98922294599,6814.24452128542,1355563.03426007,0.14914754311586,0.000931280935498737,0.000357644653782137,0.723,GAM,GAM,Data,AIC,BRA,2698656.33455984
46426,1996,24-50m,I,Others_Unknown,LatinAmerica,76,14,2357.98031316187,6326.363251018,10.122,1704.81976641603,4573.96063048601,910598.192887264,0,0.00091365492844243,0.000338812742063848,0.723,Data,GAM,Data,AIC,BRA,1842877.81639463
46427,1997,24-50m,I,Others_Unknown,LatinAmerica,76,21,3452.2672516542,9424.95784410155,15.183,2495.98922294599,6814.24452128542,1355563.03426007,0,0.000931280935498737,0.000357644653782137,0.723,Data,Data,Data,AIC,BRA,2788889.89561585
46428,1998,24-50m,I,Others_Unknown,LatinAmerica,76,15,2490.10609920689,6750.56618362266,10.845,1800.34670972658,4880.65935075918,971211.954491712,0.14914754311586,0.000924201623063302,0.000350002074598451,0.723,GAM,Data,Data,AIC,BRA,2031269.5787234
46429,1999,24-50m,I,Others_Unknown,LatinAmerica,76,13,2246.55700600538,5902.16031841333,9.399,1624.26071534189,4267.26191021284,849984.431282815,0.14914754311586,0.000901592199506629,0.000287338614423009,0.723,GAM,GAM,Data,AIC,BRA,1802822.06739127
46430,2000,24-50m,I,Others_Unknown,LatinAmerica,76,11,1810.82874984928,4924.5803883531,7.953,1309.22918614103,3560.47162077929,708088.397932256,0.14914754311586,0.000937750436567697,0.000320831177240507,0.723,GAM,GAM,Data,AIC,BRA,1523062.48942514
46431,2001,24-50m,I,Others_Unknown,LatinAmerica,76,9,1542.43668198154,4076.17452314377,6.507,1115.18172107265,2947.07418023295,586860.874723359,0.14914754311586,0.000907832789763756,0.000292955820753056,0.723,GAM,GAM,Data,AIC,BRA,1280129.04016288
46432,2002,24-50m,I,Others_Unknown,LatinAmerica,76,8,1408.24064804767,3651.9715905391,5.784,1018.15798853847,2640.37545995977,526247.11311891,0.14914754311586,0.000887661239538934,0.000275033636426906,0.723,GAM,GAM,Data,AIC,BRA,1164117.10075391
46433,2003,24-50m,I,Others_Unknown,LatinAmerica,76,6,972.512391891577,2674.39166047888,4.338,703.12645933761,1933.58517052623,384351.079768352,0.14914754311586,0.000949150183236889,0.00033188398559751,0.723,GAM,GAM,Data,AIC,BRA,862230.53230332
46434,2004,24-50m,I,Others_Unknown,LatinAmerica,76,6,972.512391891577,2674.39166047889,4.338,703.12645933761,1933.58517052624,384351.079768353,0,0.000949150183236889,0.00033188398559751,0.723,Data,Data,Data,AIC,BRA,874403.217386067
46435,2005,24-50m,I,Others_Unknown,LatinAmerica,76,3,402.588101801613,1272.608797814,2.169,291.071197602566,920.096160819522,181841.284813346,0,0.00108149007191846,0.00048102954938742,0.723,Data,GAM,Data,AIC,BRA,419531.410448723
46436,2006,24-50m,I,Others_Unknown,LatinAmerica,76,3,396.377358135054,1272.608797814,2.169,286.580829931644,920.096160819522,181841.284813346,0.14914754311586,0.00108149007191846,0.00054969228363172,0.723,GAM,GAM,Data,AIC,BRA,426487.567427439
46437,2007,24-50m,I,Others_Unknown,LatinAmerica,76,2,264.251572090036,848.40586520933,1.446,191.053886621096,613.397440546346,121227.523208898,0.14914754311586,0.00108149007191846,0.00054969228363172,0.723,GAM,GAM,Data,AIC,BRA,289039.375264939
46438,2008,24-50m,I,Others_Unknown,LatinAmerica,76,2,264.251572090036,848.40586520933,1.446,191.053886621096,613.397440546346,121227.523208898,0,0.00108149007191846,0.00054969228363172,0.723,Data,GAM,Data,AIC,BRA,293831.872840323
46439,2009,24-50m,I,Others_Unknown,LatinAmerica,76,2,264.251572090036,848.40586520933,1.446,191.053886621096,613.397440546346,121227.523208898,0.14914754311586,0.00108149007191846,0.00054969228363172,0.723,GAM,GAM,Data,AIC,BRA,298703.833751762
46440,2010,24-50m,I,Others_Unknown,LatinAmerica,76,1,132.125786045018,424.202932604665,0.723,95.526943310548,306.698720273173,60613.7616044489,0.14914754311586,0.00108149007191846,0.00054969228363172,0.723,GAM,GAM,Data,AIC,BRA,151828.287781577
46441,2011,24-50m,I,Others_Unknown,LatinAmerica,76,1,132.125786045018,424.202932604665,0.723,95.526943310548,306.698720273173,60613.7616044489,0.14914754311586,0.00108149007191846,0.00054969228363172,0.723,GAM,GAM,Data,AIC,BRA,154345.718842314
46442,2012,24-50m,I,Others_Unknown,LatinAmerica,76,1,132.125786045018,424.202932604665,0.723,95.526943310548,306.698720273173,60613.7616044489,0.14914754311586,0.00108149007191846,0.00054969228363172,0.723,GAM,GAM,Data,AIC,BRA,156904.890867387
46443,2013,24-50m,I,Others_Unknown,LatinAmerica,76,1,132.125786045018,424.202932604665,0.723,95.526943310548,306.698720273173,60613.7616044489,0.14914754311586,0.00108149007191846,0.00054969228363172,0.723,GAM,GAM,Data,AIC,BRA,159506.495954441
46444,1950,Over 50m,I,Others_Unknown,LatinAmerica,76,1,1033.97165569995,2332.02382133402,0.723,747.561507071064,1686.0532228245,330398.841401626,0.14914754311586,0.000218284987820084,0.000321752119307743,0.723,GAM,AIC,Data,AIC,BRA,335063.302815839
46445,1951,Over 50m,I,Others_Unknown,LatinAmerica,76,1,1033.97165569995,2327.53031609327,0.723,747.561507071064,1682.80441853543,329762.205998594,0.14914754311586,0.000219114810591787,0.000321752119307743,0.723,GAM,GAM,Data,AIC,BRA,339138.877645964
46446,1952,Over 50m,I,Others_Unknown,LatinAmerica,76,1,1033.97165569995,2323.03619669123,0.723,747.561507071064,1679.55517020776,329125.483581794,0.14914754311586,0.00022030646008057,0.000321752119307743,0.723,GAM,GAM,Data,AIC,BRA,343262.655967469
46447,1953,Over 50m,I,Others_Unknown,LatinAmerica,76,1,1033.97165569995,2318.53046001263,0.723,747.561507071064,1676.29752258913,328487.115240678,0.14914754311586,0.000221157510979136,0.000321752119307743,0.723,GAM,GAM,Data,AIC,BRA,347433.536418896
46448,1954,Over 50m,I,Others_Unknown,LatinAmerica,76,2,2067.9433113999,4628.01077646242,1.446,1495.12301414213,3346.05179138233,655692.015042419,0.14914754311586,0.00022196647909938,0.000321752119307743,0.723,GAM,GAM,Data,AIC,BRA,703301.659228169
46449,1955,Over 50m,I,Others_Unknown,LatinAmerica,76,2,2067.9433113999,4618.92477843924,1.446,1495.12301414213,3339.48261481157,654404.719778806,0.14914754311586,0.000223238661096314,0.000321752119307743,0.723,GAM,GAM,Data,AIC,BRA,711830.380456469
46450,1956,Over 50m,I,Others_Unknown,LatinAmerica,76,2,2067.9433113999,4609.82879960944,1.446,1495.12301414213,3332.90622211762,653116.010444327,0.14914754311586,0.000223734115266294,0.000321752119307743,0.723,GAM,GAM,Data,AIC,BRA,720458.179083959
46451,1957,Over 50m,I,Others_Unknown,LatinAmerica,76,2,2067.9433113999,4600.76909108534,1.446,1495.12301414213,3326.3560528547,651832.439851087,0.14914754311586,0.000224610662916238,0.000321752119307743,0.723,GAM,GAM,Data,AIC,BRA,729193.461240812
46452,1958,Over 50m,I,Others_Unknown,LatinAmerica,76,2,2067.9433113999,4591.80561301096,1.446,1495.12301414213,3319.87545820692,650562.503093319,0,0.000225498662020848,0.000321752119307743,0.723,Data,GAM,Data,AIC,BRA,738047.26080044
46453,1959,Over 50m,I,Others_Unknown,LatinAmerica,76,3,3101.91496709985,6874.52707504377,2.169,2242.68452121319,4970.28307525665,973976.23471928,0,0.000226419317865378,0.000321752119307743,0.723,Data,GAM,Data,AIC,BRA,1120551.58518902
46454,1960,Over 50m,I,Others_Unknown,LatinAmerica,76,3,3101.91496709985,6861.75254472765,2.169,2242.68452121319,4961.04708983809,972166.351828167,0,0.000227273450761745,0.000321752119307743,0.723,Data,AIC,Data,AIC,BRA,1134259.50948491
46455,1961,Over 50m,I,Others_Unknown,LatinAmerica,76,4,4135.8866227998,9132.73975657544,2.892,2990.24602828425,6602.97084400404,1293917.58642885,0,0.000228099479771843,0.000321752119307743,0.723,Data,GAM,Data,AIC,BRA,1530970.4516233
46456,1962,Over 50m,I,Others_Unknown,LatinAmerica,76,5,5169.85827849975,11396.8527414172,3.615,3737.80753535532,8239.92453204464,1614694.8873083,0,0.000228866331558985,0.000321752119307743,0.723,Data,GAM,Data,AIC,BRA,1937487.9610368
46457,1963,Over 50m,I,Others_Unknown,LatinAmerica,76,6,6203.8299341997,13655.1630486261,4.338,4485.36904242638,9872.68288415667,1934650.07052779,0,0.000229016744724494,0.000321752119307743,0.723,Data,GAM,Data,AIC,BRA,2354178.10051399
46458,1964,Over 50m,I,Others_Unknown,LatinAmerica,76,8,8271.7732455996,18181.603438826,5.784,5980.49205656851,13145.2992862712,2575951.69314161,0,0.00022965903015653,0.000321752119307743,0.723,Data,GAM,Data,AIC,BRA,3178798.18033092
46459,1965,Over 50m,I,Others_Unknown,LatinAmerica,76,9,9305.74490129955,20429.3812127682,6.507,6728.05356363957,14770.4426168314,2894414.6374069,0,0.000230219822943844,0.000321752119307743,0.723,Data,GAM,Data,AIC,BRA,3622215.93265104
46460,1966,Over 50m,I,Others_Unknown,LatinAmerica,76,10,10339.7165569995,22675.820073255,7.23,7475.61507071064,16394.6179129634,3212687.88573069,0.14914754311586,0.000230836512904649,0.000321752119307743,0.723,GAM,GAM,Data,AIC,BRA,4077279.4266786
46461,1967,Over 50m,I,Others_Unknown,LatinAmerica,76,12,12407.6598683994,27188.1750289955,8.676,8970.73808485277,19657.0505459637,3851993.89784368,0.14914754311586,0.000230751425394117,0.000321752119307743,0.723,GAM,GAM,Data,AIC,BRA,4957650.19201368
46462,1968,Over 50m,I,Others_Unknown,LatinAmerica,76,13,13441.6315240993,29435.3134568766,9.399,9718.29959192379,21281.7316293218,4170366.26018785,0.14914754311586,0.000228901751907267,0.000321752119307743,0.723,GAM,GAM,Data,AIC,BRA,5443181.76867841
46463,1969,Over 50m,I,Others_Unknown,LatinAmerica,76,15,15509.5748354992,33949.7567215693,10.845,11213.4226060659,24545.6741096946,4809968.14185929,0.14914754311586,0.000226030896510203,0.000321752119307743,0.723,GAM,GAM,Data,AIC,BRA,6366623.79825114
46464,1970,Over 50m,I,Others_Unknown,LatinAmerica,76,16,16543.5464911992,36205.8979330275,11.568,11960.984113137,26176.8642055789,5129616.00972619,0.14914754311586,0.000226118067243314,0.000321752119307743,0.723,GAM,AIC,Data,AIC,BRA,6885574.69587966
46465,1971,Over 50m,I,Others_Unknown,LatinAmerica,76,17,17577.5181468991,38469.2595944654,12.291,12708.545620208,27813.2746867985,5450286.86384472,0.14914754311586,0.000225610065511159,0.000321752119307743,0.723,GAM,GAM,Data,AIC,BRA,7419301.98321391
46466,1972,Over 50m,I,Others_Unknown,LatinAmerica,76,18,18611.4898025991,40740.9204205591,13.014,13456.1071272791,29455.6854640642,5772133.53544925,0.14914754311586,0.000223787434368455,0.000321752119307743,0.723,GAM,GAM,Data,AIC,BRA,7968350.08631849
46467,1973,Over 50m,I,Others_Unknown,LatinAmerica,76,19,19305.2711635902,43021.7514677523,13.737,13957.7110512757,31104.7263111849,6095279.43496,0.14914754311586,0.00022341193316301,0.000355253574231577,0.723,GAM,GAM,Data,AIC,BRA,8553966.60601202
46468,1974,Over 50m,I,Others_Unknown,LatinAmerica,76,20,20321.338066937,45312.2321764252,14.46,14692.3274223955,32760.7438635554,6419792.48901851,0.14914754311586,0.000222486743716107,0.000355253574231577,0.723,GAM,GAM,Data,AIC,BRA,9158762.84772468
46469,1975,Over 50m,I,Others_Unknown,LatinAmerica,76,20,20321.338066937,45345.072452524,14.46,14692.3274223955,32784.4873831748,6424445.26703694,0.14914754311586,0.000222081690295682,0.000355253574231577,0.723,GAM,GAM,Data,AIC,BRA,9317370.17878654
46470,1976,Over 50m,I,Others_Unknown,LatinAmerica,76,21,21337.4049702838,47652.3774503509,15.183,15426.9437935152,34452.6688966037,6751341.96983567,0.14914754311586,0.000221583024164413,0.000355253574231577,0.723,GAM,GAM,Data,AIC,BRA,9953818.48266343
46471,1977,Over 50m,I,Others_Unknown,LatinAmerica,76,20,20321.338066937,45425.283226039,14.46,14692.3274223955,32842.4797724262,6435809.4505392,0.14914754311586,0.000221251912531717,0.000355253574231577,0.723,GAM,GAM,Data,AIC,BRA,9645942.7672269
46472,1978,Over 50m,I,Others_Unknown,LatinAmerica,76,20,20321.338066937,45469.947381975,14.46,14692.3274223955,32874.7719571679,6442137.42422387,0.14914754311586,0.00022036267528235,0.000355253574231577,0.723,GAM,GAM,Data,AIC,BRA,9815521.57492919
46473,1979,Over 50m,I,Others_Unknown,LatinAmerica,76,19,19305.2711635902,43240.3299878494,13.737,13957.7110512757,31262.7585812151,6126247.4247098,0.14914754311586,0.000219760557597327,0.000355253574231577,0.723,GAM,GAM,Data,AIC,BRA,9488986.38160723
46474,1980,Over 50m,I,Others_Unknown,LatinAmerica,76,19,19305.2711635902,43284.8636713476,13.737,13957.7110512757,31294.9564343843,6132556.91318781,0.14914754311586,0.000219344649898764,0.000355253574231577,0.723,GAM,AIC,Data,AIC,BRA,9656256.00415875
46475,1981,Over 50m,I,Others_Unknown,LatinAmerica,76,18,18289.2042602433,41049.0393441484,13.014,13223.0946801559,29678.4554458193,5815787.52150054,0.14914754311586,0.000218565834925405,0.000355253574231577,0.723,GAM,GAM,Data,AIC,BRA,9309312.48450488
46476,1982,Over 50m,I,Others_Unknown,LatinAmerica,76,16,16257.0704535496,36525.605651296,11.568,11753.8619379164,26408.012885887,5174911.88480976,0.14914754311586,0.000218160635814752,0.000355253574231577,0.723,GAM,GAM,Data,AIC,BRA,8420811.19125824
46477,1983,Over 50m,I,Others_Unknown,LatinAmerica,76,15,15509.5748354992,34277.9863869141,10.845,11213.4226060659,24782.9841577389,4856471.39802308,0.14914754311586,0.000218450228376634,0.000321752119307743,0.723,GAM,GAM,Data,AIC,BRA,8014199.61139072
46478,1984,Over 50m,I,Others_Unknown,LatinAmerica,76,14,14475.6031797993,32025.9103768402,10.122,10465.8610989949,23154.7332024555,4537399.48389007,0.14914754311586,0.00021621568618943,0.000321752119307743,0.723,GAM,GAM,Data,AIC,BRA,7593372.17802367
46479,1985,Over 50m,I,Others_Unknown,LatinAmerica,76,13,13441.6315240993,29769.694690266,9.399,9718.29959192379,21523.4892610623,4217741.06446198,0.14914754311586,0.00021410055176723,0.000321752119307743,0.723,GAM,GAM,Data,AIC,BRA,7158069.86350983
46480,1986,Over 50m,I,Others_Unknown,LatinAmerica,76,11,11176.7359368154,25217.2375058565,7.953,8080.78008231753,18232.0627167342,3572753.40803274,0.14914754311586,0.000213478028093044,0.000355253574231577,0.723,GAM,GAM,Data,AIC,BRA,6163976.21699644
46481,1987,Over 50m,I,Others_Unknown,LatinAmerica,76,10,10160.6690334685,22951.2116342032,7.23,7346.16371119773,16593.7260115289,3251705.0912312,0.14914754311586,0.000212543809018976,0.000355253574231577,0.723,GAM,GAM,Data,AIC,BRA,5703099.60434707
46482,1988,Over 50m,I,Others_Unknown,LatinAmerica,76,9,9144.60213012165,20681.7615321667,6.507,6611.54734007795,14952.9135877565,2930171.63283679,0.14914754311586,0.000211856381519573,0.000355253574231577,0.723,GAM,GAM,Data,AIC,BRA,5224380.00449221
46483,1989,Over 50m,I,Others_Unknown,LatinAmerica,76,8,8128.5352267748,18408.6948490011,5.784,5876.93096895818,13309.4863758278,2608125.78078502,0.14914754311586,0.00021138935828742,0.000355253574231577,0.723,GAM,GAM,Data,AIC,BRA,4727288.68425519
46484,1990,Over 50m,I,Others_Unknown,LatinAmerica,76,7,7112.46832342795,16131.5196735762,5.061,5142.31459783841,11663.0887239956,2285497.84159076,0.14914754311586,0.000210876752385073,0.000355253574231577,0.723,GAM,GAM,Data,AIC,BRA,4211204.20490174
46485,1991,Over 50m,I,Others_Unknown,LatinAmerica,76,6,6096.4014200811,13849.419014263,4.338,4407.69822671863,10013.1299473121,1962172.06468354,0.14914754311586,0.000211091493319155,0.000355253574231577,0.723,GAM,GAM,Data,AIC,BRA,3675398.7860283
46486,1992,Over 50m,I,Others_Unknown,LatinAmerica,76,5,5169.85827849975,11561.454817566,3.615,3737.80753535532,8358.93183310022,1638015.54756671,0,0.000210499911440713,0.000321752119307743,0.723,Data,GAM,Data,AIC,BRA,3111528.24894833
46487,1993,Over 50m,I,Others_Unknown,LatinAmerica,76,5,5169.85827849975,11583.2264285136,3.615,3737.80753535532,8374.67270781533,1641100.12799283,0.14914754311586,0.000210838989611149,0.000321752119307743,0.723,GAM,GAM,Data,AIC,BRA,3161397.87723381
46488,1994,Over 50m,I,Others_Unknown,LatinAmerica,76,4,4064.2676133874,9285.07824341744,2.892,2938.46548447909,6713.11156999081,1315500.75341583,0.14914754311586,0.000210495833969379,0.000355253574231577,0.723,GAM,GAM,Data,AIC,BRA,2576185.15029759
46489,1995,Over 50m,I,Others_Unknown,LatinAmerica,76,3,3048.20071004055,6978.39662513433,2.169,2203.84911335932,5045.38075997212,988692.370417754,0.14914754311586,0.000209006208928866,0.000355253574231577,0.723,GAM,GAM,Data,AIC,BRA,1968289.82564817
46490,1996,Over 50m,I,Others_Unknown,LatinAmerica,76,2,2032.1338066937,4662.41343797458,1.446,1469.23274223955,3370.92491565562,660566.150289565,0,0.000187328126060974,0.000355253574231577,0.723,Data,GAM,Data,AIC,BRA,1336860.44419874
46491,1997,Over 50m,I,Others_Unknown,LatinAmerica,76,3,3048.20071004055,7009.41085784532,2.169,2203.84911335932,5067.80405022217,993086.43640496,0,0.000187647404118542,0.000355253574231577,0.723,Data,Data,Data,AIC,BRA,2043142.70746895
46492,1998,Over 50m,I,Others_Unknown,LatinAmerica,76,2,2032.1338066937,4683.8065548442,1.446,1469.23274223955,3386.39213915236,663597.106046977,0.14914754311586,0.000194343979909869,0.000355253574231577,0.723,GAM,Data,Data,AIC,BRA,1387899.52883927
46493,1999,Over 50m,I,Others_Unknown,LatinAmerica,76,2,2067.9433113999,4694.98149318588,1.446,1495.12301414213,3394.47161957339,665180.360320389,0.14914754311586,0.000210919766768335,0.000321752119307743,0.723,GAM,GAM,Data,AIC,BRA,1410851.52650503
46494,2000,Over 50m,I,Others_Unknown,LatinAmerica,76,2,2067.9433113999,4706.4624877147,1.446,1495.12301414213,3402.77237861773,666806.976333381,0.14914754311586,0.000209325096073067,0.000321752119307743,0.723,GAM,GAM,Data,AIC,BRA,1434268.23021825
46495,2001,Over 50m,I,Others_Unknown,LatinAmerica,76,1,1033.97165569995,2359.13891231669,0.723,747.561507071064,1705.65743360497,334240.480823667,0.14914754311586,0.000194549789771304,0.000321752119307743,0.723,GAM,GAM,Data,AIC,BRA,729084.122539395
46496,2002,Over 50m,I,Others_Unknown,LatinAmerica,76,1,1033.97165569995,2365.22187717942,0.723,747.561507071064,1710.05541720072,335102.309302667,0.14914754311586,0.000193236494857253,0.000321752119307743,0.723,GAM,GAM,Data,AIC,BRA,741283.551085655
46497,2003,Over 50m,I,Others_Unknown,LatinAmerica,76,1,1033.97165569995,2371.41586116491,0.723,747.561507071064,1714.53366762223,335979.86686179,0.14914754311586,0.000206740907245482,0.000321752119307743,0.723,GAM,GAM,Data,AIC,BRA,753717.407590052
46498,2004,Over 50m,I,Others_Unknown,LatinAmerica,76,1,1033.97165569995,2377.66197572022,0.723,747.561507071064,1719.04960844572,336864.810228773,0,0.000188412245631324,0.000321752119307743,0.723,Data,Data,Data,AIC,BRA,766371.396863809
46499,1950,12-24m,UP,Others_Unknown,LatinAmerica,76,64,166.069056,0,46.272,120.067927488,0,14304.87962541,0.0292161106674869,NA,0,0.723,GAM,AIC,Data,Pequivalent,BRA,14406.4327658599
46500,1951,12-24m,UP,Others_Unknown,LatinAmerica,76,70,181.63803,0,50.61,131.32429569,0,15645.9620902922,0.0292161106674869,NA,0,0.723,GAM,GAM,Data,Pequivalent,BRA,15868.8981193002
46501,1952,12-24m,UP,Others_Unknown,LatinAmerica,76,77,199.801833,0,55.671,144.456725259,0,17210.5582993214,0.0292161106674869,NA,0,0.723,GAM,GAM,Data,Pequivalent,BRA,17579.7099864914
46502,1953,12-24m,UP,Others_Unknown,LatinAmerica,76,84,217.965636,0,60.732,157.589154828,0,18775.1545083506,0.0292161106674869,NA,0,0.723,GAM,GAM,Data,Pequivalent,BRA,19314.012860377
46503,1954,12-24m,UP,Others_Unknown,LatinAmerica,76,91,236.129439,0,65.793,170.721584397,0,20339.7507173799,0.0292161106674869,NA,0,0.723,GAM,GAM,Data,Pequivalent,BRA,21072.0540529774
46504,1955,12-24m,UP,Others_Unknown,LatinAmerica,76,99,256.888071,0,71.577,185.730075333,0,22127.8606705561,0.0292161106674869,NA,0,0.723,GAM,GAM,Data,Pequivalent,BRA,23087.2881344834
46505,1956,12-24m,UP,Others_Unknown,LatinAmerica,76,107,277.646703,0,77.361,200.738566269,0,23915.9706237324,0.0292161106674869,NA,0,0.723,GAM,GAM,Data,Pequivalent,BRA,25130.0732967848
46506,1957,12-24m,UP,Others_Unknown,LatinAmerica,76,115,298.405335,0,83.145,215.747057205,0,25704.0805769086,0.0292161106674869,NA,0,0.723,GAM,GAM,Data,Pequivalent,BRA,27200.6991559758
46507,1958,12-24m,UP,Others_Unknown,LatinAmerica,76,122,316.569138,0,88.206,228.879486774,0,27268.6767859378,0,NA,0,0.723,Data,GAM,Data,Pequivalent,BRA,29061.2510756681
46508,1959,12-24m,UP,Others_Unknown,LatinAmerica,76,134,347.707086,0,96.882,251.392223178,0,29950.8417157022,0,NA,0,0.723,Data,GAM,Data,Pequivalent,BRA,32146.3392331509
46509,1960,12-24m,UP,Others_Unknown,LatinAmerica,76,138,358.086402,0,99.774,258.896468646,0,30844.8966922904,0,NA,0,0.723,Data,AIC,Data,Pequivalent,BRA,33340.9569364668
46510,1961,12-24m,UP,Others_Unknown,LatinAmerica,76,138,358.086402,0,99.774,258.896468646,0,30844.8966922904,0,NA,0,0.723,Data,GAM,Data,Pequivalent,BRA,33577.6509158059
46511,1962,12-24m,UP,Others_Unknown,LatinAmerica,76,153,397.008837,0,110.619,287.037389151,0,34197.6028544958,0,NA,0,0.723,Data,GAM,Data,Pequivalent,BRA,37491.6801485593
46512,1963,12-24m,UP,Others_Unknown,LatinAmerica,76,161,417.767469,0,116.403,302.045880087,0,35985.712807672,0,NA,0,0.723,Data,GAM,Data,Pequivalent,BRA,39732.1071165566
46513,1964,12-24m,UP,Others_Unknown,LatinAmerica,76,161,417.767469,0,116.403,302.045880087,0,35985.712807672,0,NA,0,0.723,Data,GAM,Data,Pequivalent,BRA,40014.1731220064
46514,1965,12-24m,UP,Others_Unknown,LatinAmerica,76,167,433.336443,0,120.741,313.302248289,0,37326.7952725543,0,NA,0,0.723,Data,GAM,Data,Pequivalent,BRA,41800.0393916958
46515,1966,12-24m,UP,Others_Unknown,LatinAmerica,76,166,430.741614,0,120.018,311.426186922,0,37103.2815284072,0.0292161106674869,NA,0,0.723,GAM,GAM,Data,Pequivalent,BRA,41844.7094899444
46516,1967,12-24m,UP,Others_Unknown,LatinAmerica,76,166,430.741614,0,120.018,311.426186922,0,37103.2815284072,0.0292161106674869,NA,0,0.723,GAM,GAM,Data,Pequivalent,BRA,42141.7732731565
46517,1968,12-24m,UP,Others_Unknown,LatinAmerica,76,164,425.551956,0,118.572,307.674064188,0,36656.2540401131,0.0292161106674869,NA,0,0.723,GAM,GAM,Data,Pequivalent,BRA,41929.6092718745
46518,1969,12-24m,UP,Others_Unknown,LatinAmerica,76,160,415.17264,0,115.68,300.16981872,0,35762.199063525,0.0292161106674869,NA,0,0.723,GAM,GAM,Data,Pequivalent,BRA,41197.3422197626
46519,1970,12-24m,UP,Others_Unknown,LatinAmerica,76,156,404.793324,0,112.788,292.665573252,0,34868.1440869369,0.0292161106674869,NA,0,0.723,GAM,AIC,Data,Pequivalent,BRA,40452.56496061
46520,1971,12-24m,UP,Others_Unknown,LatinAmerica,76,150,389.22435,0,108.45,281.40920505,0,33527.0616220547,0.0292161106674869,NA,0,0.723,GAM,GAM,Data,Pequivalent,BRA,39172.8323435718
46521,1972,12-24m,UP,Others_Unknown,LatinAmerica,76,144,373.655376,0,104.112,270.152836848,0,32185.9791571725,0.0292161106674869,NA,0,0.723,GAM,GAM,Data,Pequivalent,BRA,37872.8908300201
46522,1973,12-24m,UP,Others_Unknown,LatinAmerica,76,137,4338.98214221512,0,99.051,3137.08408882153,0,29586.7061105199,0.0292161106674869,NA,0.00599135279270463,0.723,GAM,GAM,Data,Pequivalent,BRA,35061.508487011
46523,1974,12-24m,UP,Others_Unknown,LatinAmerica,76,129,4085.61092223176,0,93.267,2953.89669677356,0,27859.0152427523,0.0292161106674869,NA,0.00599135279270463,0.723,GAM,GAM,Data,Pequivalent,BRA,33248.4948380811
46524,1975,12-24m,UP,Others_Unknown,LatinAmerica,76,122,3863.91110474631,0,88.206,2793.60772873158,0,26347.2857334557,0.0292161106674869,NA,0.00599135279270463,0.723,GAM,GAM,Data,Pequivalent,BRA,31667.5422800623
46525,1976,12-24m,UP,Others_Unknown,LatinAmerica,76,114,3610.53988476295,0,82.422,2610.42033668361,0,24619.5948656881,0.0292161106674869,NA,0.00599135279270463,0.723,GAM,GAM,Data,Pequivalent,BRA,29801.0543047344
46526,1977,12-24m,UP,Others_Unknown,LatinAmerica,76,107,3388.8400672775,0,77.361,2450.13136864163,0,23107.8653563914,0.0292161106674869,NA,0.00599135279270463,0.723,GAM,GAM,Data,Pequivalent,BRA,28169.7377806756
46527,1978,12-24m,UP,Others_Unknown,LatinAmerica,76,99,3135.46884729414,0,71.577,2266.94397659366,0,21380.1744886239,0.0292161106674869,NA,0.00599135279270463,0.723,GAM,GAM,Data,Pequivalent,BRA,26248.6196826171
46528,1979,12-24m,UP,Others_Unknown,LatinAmerica,76,92,2913.76902980869,0,66.516,2106.65500855168,0,19868.4449793273,0.0292161106674869,NA,0.00599135279270463,0.723,GAM,GAM,Data,Pequivalent,BRA,24565.8249190263
46529,1980,12-24m,UP,Others_Unknown,LatinAmerica,76,86,2723.74061482117,0,62.178,1969.26446451571,0,18572.6768285015,0.0292161106674869,NA,0.00599135279270463,0.723,GAM,AIC,Data,Pequivalent,BRA,23126.729745609
46530,1981,12-24m,UP,Others_Unknown,LatinAmerica,76,79,2502.04079733573,0,57.117,1808.97549647373,0,17060.9473192049,0.0292161106674869,NA,0.00599135279270463,0.723,GAM,GAM,Data,Pequivalent,BRA,21395.1391071966
46531,1982,12-24m,UP,Others_Unknown,LatinAmerica,76,73,2312.0123823482,0,52.779,1671.58495243775,0,15765.1791683792,0.0292161106674869,NA,0.00599135279270463,0.723,GAM,GAM,Data,Pequivalent,BRA,19910.5442948074
46532,1983,12-24m,UP,Others_Unknown,LatinAmerica,76,68,176.448372,0,49.164,127.572172956,0,15198.9346019981,0.0292161106674869,NA,0,0.723,GAM,GAM,Data,Pequivalent,BRA,19331.6808719357
46533,1984,12-24m,UP,Others_Unknown,LatinAmerica,76,62,160.879398,0,44.826,116.315804754,0,13857.852137116,0.0292161106674869,NA,0,0.723,GAM,GAM,Data,Pequivalent,BRA,17751.0743532143
46534,1985,12-24m,UP,Others_Unknown,LatinAmerica,76,57,147.905253,0,41.211,106.935497919,0,12740.2834163808,0.0292161106674869,NA,0,0.723,GAM,GAM,Data,Pequivalent,BRA,16435.3916800202
46535,1986,12-24m,UP,Others_Unknown,LatinAmerica,76,53,1678.58433238979,0,38.319,1213.61647231782,0,11445.9519989603,0.0292161106674869,NA,0.00599135279270463,0.723,GAM,GAM,Data,Pequivalent,BRA,14870.4851819272
46536,1987,12-24m,UP,Others_Unknown,LatinAmerica,76,48,1520.22731990019,0,34.704,1099.12435228784,0,10366.1452066055,0.0292161106674869,NA,0.00599135279270463,0.723,GAM,GAM,Data,Pequivalent,BRA,13563.2184153351
46537,1988,12-24m,UP,Others_Unknown,LatinAmerica,76,44,1393.54170990851,0,31.812,1007.53065626385,0,9502.29977272172,0.0292161106674869,NA,0.00599135279270463,0.723,GAM,GAM,Data,Pequivalent,BRA,12521.2141612108
46538,1989,12-24m,UP,Others_Unknown,LatinAmerica,76,40,1266.85609991682,0,28.92,915.936960239861,0,8638.45433883791,0.0292161106674869,NA,0.00599135279270463,0.723,GAM,GAM,Data,Pequivalent,BRA,11463.7315558197
46539,1990,12-24m,UP,Others_Unknown,LatinAmerica,76,37,1171.84189242306,0,26.751,847.241688221872,0,7990.5702634251,0.0292161106674869,NA,0.00599135279270463,0.723,GAM,AIC,Data,Pequivalent,BRA,10679.2312177563
46540,1991,12-24m,UP,Others_Unknown,LatinAmerica,76,34,1076.8276849293,0,24.582,778.546416203884,0,7342.68618801223,0.0292161106674869,NA,0.00599135279270463,0.723,GAM,GAM,Data,Pequivalent,BRA,9883.014480989
46541,1992,12-24m,UP,Others_Unknown,LatinAmerica,76,30,77.84487,0,21.69,56.28184101,0,6705.41232441094,0.0292161106674869,NA,0,0.723,GAM,GAM,Data,Pequivalent,BRA,9089.33690946343
46542,1993,12-24m,UP,Others_Unknown,LatinAmerica,76,27,70.060383,0,19.521,50.653656909,0,6034.87109196985,0.0292161106674869,NA,0,0.723,GAM,GAM,Data,Pequivalent,BRA,8238.47750217004
46543,1994,12-24m,UP,Others_Unknown,LatinAmerica,76,25,791.785062448015,0,18.075,572.460600149915,0,5399.0339617737,0.0292161106674869,NA,0.00599135279270463,0.723,GAM,GAM,Data,Pequivalent,BRA,7422.79165406151
46544,1995,12-24m,UP,Others_Unknown,LatinAmerica,76,22,696.770854954253,0,15.906,503.765328131925,0,4751.14988636086,0.0292161106674869,NA,0.00599135279270463,0.723,GAM,GAM,Data,Pequivalent,BRA,6578.42900433491
46545,1996,12-24m,UP,Others_Unknown,LatinAmerica,76,20,633.428049958412,0,14.46,457.968480119932,0,4319.22716941896,0.0292161106674869,NA,0.00599135279270463,0.723,GAM,GAM,Data,Pequivalent,BRA,6022.84596316028
46546,1997,12-24m,UP,Others_Unknown,LatinAmerica,76,18,570.085244962571,0,13.014,412.171632107939,0,3887.30445247706,0.0292161106674869,NA,0.00599135279270463,0.723,GAM,GAM,Data,Pequivalent,BRA,5459.04299298997
46547,1998,12-24m,UP,Others_Unknown,LatinAmerica,76,17,538.41384246465,0,12.291,389.273208101942,0,3671.34309400612,0.0292161106674869,NA,0.00599135279270463,0.723,GAM,GAM,Data,Pequivalent,BRA,5192.36459619131
46548,1999,12-24m,UP,Others_Unknown,LatinAmerica,76,15,38.922435,0,10.845,28.140920505,0,3352.70616220547,0.0292161106674869,NA,0,0.723,GAM,GAM,Data,Pequivalent,BRA,4775.38014968385
46549,2000,12-24m,UP,Others_Unknown,LatinAmerica,76,14,36.327606,0,10.122,26.264859138,0,3129.19241805844,0.0292161106674869,NA,0,0.723,GAM,GAM,Data,Pequivalent,BRA,4488.66274087779
46550,2001,12-24m,UP,Others_Unknown,LatinAmerica,76,12,31.137948,0,8.676,22.512736404,0,2682.16492976438,0,NA,0,0.723,Data,GAM,Data,Pequivalent,BRA,3874.73883108949
46551,2002,12-24m,UP,Others_Unknown,LatinAmerica,76,11,28.543119,0,7.953,20.636675037,0,2458.65118561735,0.0292161106674869,NA,0,0.723,GAM,GAM,Data,Pequivalent,BRA,3577.05916377313
46552,2003,12-24m,UP,Others_Unknown,LatinAmerica,76,10,25.94829,0,7.23,18.76061367,0,2235.13744147031,0.0292161106674869,NA,0,0.723,GAM,GAM,Data,Pequivalent,BRA,3274.95764267118
46553,2004,12-24m,UP,Others_Unknown,LatinAmerica,76,9,23.353461,0,6.507,16.884552303,0,2011.62369732328,0,NA,0,0.723,Data,Data,Data,Pequivalent,BRA,2968.38648720516
46554,2005,12-24m,UP,Others_Unknown,LatinAmerica,76,9,23.353461,0,6.507,16.884552303,0,2011.62369732328,0,NA,0,0.723,Data,Data,Data,Pequivalent,BRA,2989.45964389984
46555,2006,12-24m,UP,Others_Unknown,LatinAmerica,76,8,253.371219983365,0,5.784,183.187392047973,0,1727.69086776758,0.0292161106674869,NA,0.00599135279270463,0.723,GAM,Data,Data,Pequivalent,BRA,2585.73633847838
46556,2007,12-24m,UP,Others_Unknown,LatinAmerica,76,7,221.699817485444,0,5.061,160.288968041976,0,1511.72950929664,0.0292161106674869,NA,0.00599135279270463,0.723,GAM,Data,Data,Pequivalent,BRA,2278.58136351003
46557,2008,12-24m,UP,Others_Unknown,LatinAmerica,76,6,190.028414987524,0,4.338,137.39054403598,0,1295.76815082569,0.0292161106674869,NA,0.00599135279270463,0.723,GAM,Data,Data,Pequivalent,BRA,1966.93496452411
46558,2009,12-24m,UP,Others_Unknown,LatinAmerica,76,6,190.028414987524,0,4.338,137.39054403598,0,1295.76815082569,0.0292161106674869,NA,0.00599135279270463,0.723,GAM,Data,Data,Pequivalent,BRA,1980.89862083852
46559,2010,12-24m,UP,Others_Unknown,LatinAmerica,76,5,158.357012489603,0,3.615,114.492120029983,0,1079.80679235474,0.0292161106674869,NA,0.00599135279270463,0.723,GAM,Data,Data,Pequivalent,BRA,1662.46783990191
46560,2011,12-24m,UP,Others_Unknown,LatinAmerica,76,5,158.357012489603,0,3.615,114.492120029983,0,1079.80679235474,0.0292161106674869,NA,0.00599135279270463,0.723,GAM,Data,Data,Pequivalent,BRA,1674.27002450326
46561,2012,12-24m,UP,Others_Unknown,LatinAmerica,76,5,158.357012489603,0,3.615,114.492120029983,0,1079.80679235474,0.0292161106674869,NA,0.00599135279270463,0.723,GAM,Data,Data,Pequivalent,BRA,1686.1559951232
46562,2013,12-24m,UP,Others_Unknown,LatinAmerica,76,4,126.685609991682,0,2.892,91.5936960239861,0,863.845433883791,0.0292161106674869,NA,0.00599135279270463,0.723,GAM,Data,Data,Pequivalent,BRA,1358.50107726008
46563,2014,12-24m,UP,Others_Unknown,LatinAmerica,76,4,126.685609991682,0,2.892,91.5936960239861,0,863.845433883791,0.0292161106674869,NA,0.00599135279270463,0.723,GAM,Data,Data,Pequivalent,BRA,1368.14534231599
46564,2015,12-24m,UP,Others_Unknown,LatinAmerica,76,4,10.379316,0,2.892,7.504245468,0,894.054976588124,0.0292161106674869,NA,0,0.723,GAM,GAM,Data,Pequivalent,BRA,1426.04315503704
46565,2016,12-24m,UP,Others_Unknown,LatinAmerica,76,3,7.784487,0,2.169,5.628184101,0,670.541232441094,0.0292161106674869,NA,0,0.723,GAM,GAM,Data,Pequivalent,BRA,1077.12518589267
46566,2017,12-24m,UP,Others_Unknown,LatinAmerica,76,3,95.0142074937618,0,2.169,68.6952720179898,0,647.884075412844,0.0292161106674869,NA,0.00599135279270463,0.723,GAM,GAM,Data,Pequivalent,BRA,1048.11816323671
51789,1950,6-12m,APW,Lines_Unspecified,LatinAmerica,76,1,3.19358193197086,36.183185660595,0.723,2.30895973681493,26.1604432326102,5363.87684468328,0.0513454323196739,0.0247906522313243,0.0118531333051416,0.723,GAM,AIC,Data,AIC,BRA,5474.58269495016
51790,1951,6-12m,APW,Lines_Unspecified,LatinAmerica,76,1,3.19358193197086,35.2028694429069,0.723,2.30895973681493,25.4516746072217,5218.55256312752,0.0513454323196739,0.0252419457757861,0.0118531333051416,0.723,GAM,GAM,Data,AIC,BRA,5436.18849487453
51791,1952,6-12m,APW,Lines_Unspecified,LatinAmerica,76,1,3.19358193197086,34.246333862846,0.723,2.30895973681493,24.7600993828377,5076.7535767936,0.0513454323196739,0.0265375074738129,0.0118531333051416,0.723,GAM,GAM,Data,AIC,BRA,5397.6255238208
51792,1953,6-12m,APW,Lines_Unspecified,LatinAmerica,76,1,3.19358193197086,33.3093252803517,0.723,2.30895973681493,24.0826421776943,4937.8493165094,0.0513454323196739,0.0280125884070837,0.0118531333051416,0.723,GAM,GAM,Data,AIC,BRA,5358.29626718435
51793,1954,6-12m,APW,Lines_Unspecified,LatinAmerica,76,1,3.19358193197086,32.3879674983715,0.723,2.30895973681493,23.4165005013226,4801.26516610348,0.0513454323196739,0.0304355286143092,0.0118531333051416,0.723,GAM,GAM,Data,AIC,BRA,5317.6139397757
51794,1955,6-12m,APW,Lines_Unspecified,LatinAmerica,76,1,3.19358193197086,31.4791191011452,0.723,2.30895973681493,22.759403110128,4666.53543503619,0.0513454323196739,0.028590380725338,0.0118531333051416,0.723,GAM,GAM,Data,AIC,BRA,5275.0660592344
51795,1956,6-12m,APW,Lines_Unspecified,LatinAmerica,76,1,3.19358193197086,30.5800398755761,0.723,2.30895973681493,22.1093688300415,4533.25390795335,0.0513454323196739,0.0294309622767634,0.0118531333051416,0.723,GAM,GAM,Data,AIC,BRA,5230.16754865195
51796,1957,6-12m,APW,Lines_Unspecified,LatinAmerica,76,2,6.38716386394172,59.3761082530048,1.446,4.61791947362986,42.9289262669225,8802.04786756921,0.0513454323196739,0.0303152236305233,0.0118531333051416,0.723,GAM,GAM,Data,AIC,BRA,10364.8138246221
51797,1958,6-12m,APW,Lines_Unspecified,LatinAmerica,76,2,6.38716386394172,57.600503390688,1.446,4.61791947362986,41.6451639514674,8538.82820814985,0,0.0312497268954597,0.0118531333051416,0.723,Data,GAM,Data,AIC,BRA,10262.3844013565
51798,1959,6-12m,APW,Lines_Unspecified,LatinAmerica,76,2,6.38716386394172,55.828963312022,1.446,4.61791947362986,40.3643404745919,8276.2111214036,0,0.0322413294680039,0.0118531333051416,0.723,Data,GAM,Data,AIC,BRA,10152.0508685409
51799,1960,6-12m,APW,Lines_Unspecified,LatinAmerica,76,2,6.38716386394172,54.0587304680422,1.446,4.61791947362986,39.0844621283945,8013.7878220681,0,0.0332971193443787,0.0118531333051416,0.723,Data,AIC,Data,AIC,BRA,10033.0340582031
51800,1961,6-12m,APW,Lines_Unspecified,LatinAmerica,76,2,6.38716386394172,52.2898404308406,1.446,4.61791947362986,37.8055546314977,7751.56358343038,0,0.0344235129648313,0.0118531333051416,0.723,Data,GAM,Data,AIC,BRA,9905.03428436073
51801,1962,6-12m,APW,Lines_Unspecified,LatinAmerica,76,2,6.38716386394172,50.5236311265762,1.446,4.61791947362986,36.5285853045146,7489.73674267425,0,0.0356268929976645,0.0118531333051416,0.723,Data,GAM,Data,AIC,BRA,9767.99536171051
51802,1963,6-12m,APW,Lines_Unspecified,LatinAmerica,76,2,6.38716386394172,48.7629797017108,1.446,4.61791947362986,35.2556343243369,7228.73381446387,0,0.0369132487598342,0.0118531333051416,0.723,Data,GAM,Data,AIC,BRA,9622.17712530801
51803,1964,6-12m,APW,Lines_Unspecified,LatinAmerica,76,2,6.38716386394172,47.0114476627808,1.446,4.61791947362986,33.9892766601905,6969.08276454073,0,0.038288546502793,0.0118531333051416,0.723,Data,GAM,Data,AIC,BRA,9468.01547088787
51804,1965,6-12m,APW,Lines_Unspecified,LatinAmerica,76,3,9.55308002250385,66.1451502905292,2.169,6.90687685627028,47.8229436600526,9805.50588772096,0,0.0408193191510004,0.0208351654843726,0.723,Data,GAM,Data,AIC,BRA,13596.4510640853
51805,1966,6-12m,APW,Lines_Unspecified,LatinAmerica,76,3,9.55308002250385,64.297500506323,2.169,6.90687685627028,46.4870928660715,9531.60612699921,0.0513454323196739,0.0419923010807314,0.0208351654843726,0.723,GAM,GAM,Data,AIC,BRA,13489.4384028685
51806,1967,6-12m,APW,Lines_Unspecified,LatinAmerica,76,4,12.7466619544747,83.4141142716058,2.892,9.21583659308521,60.308404618371,12365.4959587622,0.0513454323196739,0.0431581637164903,0.0185847837152143,0.723,GAM,GAM,Data,AIC,BRA,17861.2374413218
51807,1968,6-12m,APW,Lines_Unspecified,LatinAmerica,76,4,12.7466619544747,80.807188207789,2.892,9.21583659308521,58.4235970742314,11979.0393741853,0.0513454323196739,0.0445504921015553,0.0185847837152143,0.723,GAM,GAM,Data,AIC,BRA,17660.1431219446
51808,1969,6-12m,APW,Lines_Unspecified,LatinAmerica,76,4,12.7466619544747,78.2674659768241,2.892,9.21583659308521,56.5873779012438,11602.5452369807,0.0513454323196739,0.0459961231026185,0.0185847837152143,0.723,GAM,GAM,Data,AIC,BRA,17458.1298465004
51809,1970,6-12m,APW,Lines_Unspecified,LatinAmerica,76,5,15.9402438864455,94.3393689194809,3.615,11.5247963299001,68.2073637287847,13985.0802866238,0.0513454323196739,0.0477001282872771,0.0172361169523279,0.723,GAM,AIC,Data,AIC,BRA,21477.3965232347
51810,1971,6-12m,APW,Lines_Unspecified,LatinAmerica,76,5,15.9402438864455,91.2255667828295,3.615,11.5247963299001,65.9560847839857,13523.4832526761,0.0513454323196739,0.0493282766958592,0.0172361169523279,0.723,GAM,GAM,Data,AIC,BRA,21197.1494274151
51811,1972,6-12m,APW,Lines_Unspecified,LatinAmerica,76,5,15.9402438864455,88.2445679768167,3.615,11.5247963299001,63.8008226472385,13081.5732832338,0.0513454323196739,0.0509946402727274,0.0172361169523279,0.723,GAM,GAM,Data,AIC,BRA,20927.6804206061
51812,1973,6-12m,APW,Lines_Unspecified,LatinAmerica,76,6,19.4282556654985,101.810463808534,4.338,14.0466288461554,73.60896533357,15092.6122009148,0.0513454323196739,0.0530397347973516,0.0150541130723338,0.723,GAM,GAM,Data,AIC,BRA,24610.9032777561
51813,1974,6-12m,APW,Lines_Unspecified,LatinAmerica,76,6,19.4282556654985,98.4885370669252,4.338,14.0466288461554,71.2072122993869,14600.1623073043,0.0513454323196739,0.0548287157147087,0.0150541130723338,0.723,GAM,GAM,Data,AIC,BRA,24267.3776367506
51814,1975,6-12m,APW,Lines_Unspecified,LatinAmerica,76,7,22.6755273894498,110.550406780988,5.061,16.3944063025722,79.9279441026543,16388.2410096532,0.0513454323196739,0.0569875786389548,0.0141213972623029,0.723,GAM,GAM,Data,AIC,BRA,27765.1184812398
51815,1976,6-12m,APW,Lines_Unspecified,LatinAmerica,76,6,19.4282556654985,92.4599290139318,4.338,14.0466288461554,66.8485286770727,13706.4678867951,0.0513454323196739,0.058403678843257,0.0150541130723338,0.723,GAM,GAM,Data,AIC,BRA,23669.8096831151
51816,1977,6-12m,APW,Lines_Unspecified,LatinAmerica,76,7,22.6755273894498,103.906838093899,5.061,16.3944063025722,75.124643941889,15403.383441251,0.0513454323196739,0.0606312357836044,0.0141213972623029,0.723,GAM,GAM,Data,AIC,BRA,27113.6111857766
51817,1978,6-12m,APW,Lines_Unspecified,LatinAmerica,76,6,19.4282556654985,87.3050843609874,4.338,14.0466288461554,63.1215759929939,12942.3021184398,0.0513454323196739,0.0618520678322948,0.0150541130723338,0.723,GAM,GAM,Data,AIC,BRA,23221.2072768931
51818,1979,6-12m,APW,Lines_Unspecified,LatinAmerica,76,7,22.6755273894498,98.3409693464431,5.061,16.3944063025722,71.1005208374784,14578.2865364326,0.0513454323196739,0.0640628218520591,0.0141213972623029,0.723,GAM,GAM,Data,AIC,BRA,26661.3273840608
51819,1980,6-12m,APW,Lines_Unspecified,LatinAmerica,76,7,22.6755273894498,95.9682816406624,5.061,16.3944063025722,69.3850676261989,14226.5539730237,0.0513454323196739,0.065646689638451,0.0141213972623029,0.723,GAM,AIC,Data,AIC,BRA,26520.2140969665
51820,1981,6-12m,APW,Lines_Unspecified,LatinAmerica,76,9,29.1700708373525,119.084322287089,6.507,21.0899612154059,86.0979650135651,17653.3278432734,0.0513454323196739,0.0680190292427625,0.0128789565893562,0.723,GAM,GAM,Data,AIC,BRA,33543.3103819257
51821,1982,6-12m,APW,Lines_Unspecified,LatinAmerica,76,12,38.856511330997,159.435561596827,8.676,28.0932576923108,115.271911034506,23635.0863378963,0.0513454323196739,0.0677389654593533,0.0150541130723338,0.723,GAM,GAM,Data,AIC,BRA,45776.0749430846
51822,1983,6-12m,APW,Lines_Unspecified,LatinAmerica,76,13,41.4612335688038,168.937482946301,9.399,29.9764718702451,122.141800170175,25043.672535489,0.0513454323196739,0.0692563887892125,0.0159922321590387,0.723,GAM,GAM,Data,AIC,BRA,49505.2886680108
51823,1984,6-12m,APW,Lines_Unspecified,LatinAmerica,76,14,44.6548155007746,178.577229333823,10.122,32.28543160706,129.111336808354,26472.6902267907,0.0513454323196739,0.0705577079844051,0.015696215902646,0.723,GAM,GAM,Data,AIC,BRA,53410.1602479884
51824,1985,6-12m,APW,Lines_Unspecified,LatinAmerica,76,15,47.8483974327455,188.488225559956,10.845,34.594391343875,136.276987079848,27941.9186044069,0.0513454323196739,0.0716225109547007,0.0154397141219184,0.723,GAM,GAM,Data,AIC,BRA,57537.9320373337
51825,1986,6-12m,APW,Lines_Unspecified,LatinAmerica,76,16,51.8455982268024,198.798223644896,11.568,37.4843675179781,143.73111569526,29470.2959152185,0.0513454323196739,0.0724352548829716,0.0134223585072186,0.723,GAM,GAM,Data,AIC,BRA,61856.3865893129
51826,1987,6-12m,APW,Lines_Unspecified,LatinAmerica,76,22,71.2738538923009,273.498069088213,15.906,51.5309963641336,197.739103950778,40543.9690581332,0.0513454323196739,0.072395392281961,0.0138671519783603,0.723,GAM,GAM,Data,AIC,BRA,86741.7811942193
51827,1988,6-12m,APW,Lines_Unspecified,LatinAmerica,76,20,64.7793104443982,249.746997595023,14.46,46.8354414512999,180.567079261202,37023.056786512,0.0513454323196739,0.0720729385071042,0.0144011322748589,0.723,GAM,GAM,Data,AIC,BRA,80737.6996543663
51828,1989,6-12m,APW,Lines_Unspecified,LatinAmerica,76,26,84.2629407881062,320.518995765586,18.798,60.9221061898008,231.735233938519,47514.4570131224,0.0513454323196739,0.0730065933973964,0.0130461297098625,0.723,GAM,GAM,Data,AIC,BRA,105616.529605679
51829,1990,6-12m,APW,Lines_Unspecified,LatinAmerica,76,31,100.665423442492,365.863861336308,22.413,72.7811011489217,264.519571746151,54236.4818989784,0.0513454323196739,0.0762578733469221,0.00854100770423963,0.723,GAM,AIC,Data,AIC,BRA,122885.221780085
51830,1991,6-12m,APW,Lines_Unspecified,LatinAmerica,76,40,129.669370245215,496.198274639661,28.92,93.7509546872906,358.751352564475,73557.5485441572,0.0513454323196739,0.072551642841046,0.0124444207007976,0.723,GAM,GAM,Data,AIC,BRA,169878.109018426
51831,1992,6-12m,APW,Lines_Unspecified,LatinAmerica,76,28,89.4202940951841,337.292746996982,20.244,64.6508726308181,243.862656078818,50001.0356320565,0.0513454323196739,0.0747125463691797,0.0118531333051416,0.723,GAM,GAM,Data,AIC,BRA,117858.631234985
51832,1993,6-12m,APW,Lines_Unspecified,LatinAmerica,76,30,95.8074579591258,366.363302696334,21.69,69.268792104448,264.880667849449,54310.5202097963,0.0513454323196739,0.0736973375916404,0.0118531333051416,0.723,GAM,GAM,Data,AIC,BRA,130658.773927076
51833,1994,6-12m,APW,Lines_Unspecified,LatinAmerica,76,31,100.443924729653,403.167982442335,22.413,72.6209575795394,291.490451305808,59766.5287358934,0.0513454323196739,0.0692019238010561,0.0135801686732378,0.723,GAM,GAM,Data,AIC,BRA,146559.735538072
51834,1995,6-12m,APW,Lines_Unspecified,LatinAmerica,76,33,106.938468177556,434.583988194268,23.859,77.3165124923731,314.204223464455,64423.7081060543,0.0513454323196739,0.068341220125035,0.0132741324038591,0.723,GAM,GAM,Data,AIC,BRA,161029.106312105
51835,1996,6-12m,APW,Lines_Unspecified,LatinAmerica,76,36,116.68028334941,480.195939058366,26.028,84.3598448616236,347.181663939199,71185.32631667,0.0513454323196739,0.0674724573130177,0.0128789565893562,0.723,GAM,GAM,Data,AIC,BRA,181364.034697059
51836,1997,6-12m,APW,Lines_Unspecified,LatinAmerica,76,38,123.174826797313,514.376791608127,27.474,89.0553997744574,371.894420332676,76252.3727962968,0.0513454323196739,0.0664882252814682,0.0126502329268863,0.723,GAM,GAM,Data,AIC,BRA,198023.200399109
51837,1998,6-12m,APW,Lines_Unspecified,LatinAmerica,76,40,129.669370245215,549.489650683512,28.92,93.7509546872906,397.281017444179,81457.582020044,0.0513454323196739,0.0655153376505262,0.0124444207007976,0.723,GAM,GAM,Data,AIC,BRA,215623.579482714
51838,1999,6-12m,APW,Lines_Unspecified,LatinAmerica,76,43,137.213359981112,598.73653781418,31.089,99.2052592663443,432.886516839652,88758.0513604372,0.0513454323196739,0.0646361087988431,0.0143545244870122,0.723,GAM,GAM,Data,AIC,BRA,239797.537136949
51839,2000,6-12m,APW,Lines_Unspecified,LatinAmerica,76,47,149.960021935587,666.884985811507,33.981,108.421095859429,482.157844741719,98860.5306070904,0.0513454323196739,0.0634292282776868,0.0147140982165016,0.723,GAM,GAM,Data,AIC,BRA,272603.933990607
51840,2001,6-12m,APW,Lines_Unspecified,LatinAmerica,76,50,159.5407677315,717.159829050433,36.15,115.347975069874,518.506556403463,106313.386473594,0.0513454323196739,0.0627475190008662,0.0145422914868706,0.723,GAM,GAM,Data,AIC,BRA,299205.351223579
51841,2002,6-12m,APW,Lines_Unspecified,LatinAmerica,76,52,165.927931595441,752.691650405936,37.596,119.965894543504,544.196063243492,111580.703608297,0.0513454323196739,0.0621768555221253,0.0144387761004157,0.723,GAM,GAM,Data,AIC,BRA,320510.840004479
51842,2003,6-12m,APW,Lines_Unspecified,LatinAmerica,76,69,220.191158665537,1002.96499387408,49.887,159.198207715183,725.143690570963,148681.787091177,0.0513454323196739,0.0619164181993336,0.0141912672981572,0.723,GAM,GAM,Data,AIC,BRA,435896.74064268
51843,2004,6-12m,APW,Lines_Unspecified,LatinAmerica,76,74,236.159068325391,1077.17824009823,53.502,170.743006399258,778.799867591021,159683.325671125,0,0.0618282077383281,0.014033174227085,0.723,Data,Data,Data,AIC,BRA,477812.646835104
51844,2005,6-12m,APW,Lines_Unspecified,LatinAmerica,76,61,194.670168983179,887.448261689401,44.103,140.746532174838,641.625093201437,131557.326830794,0,0.0618627613236731,0.0140570167409317,0.723,Data,Data,Data,AIC,BRA,401777.243035013
51845,2006,6-12m,APW,Lines_Unspecified,LatinAmerica,76,135,436.166695605049,2083.41290256737,97.605,315.34852092245,1506.30752855621,308849.815790699,0.0513454323196739,0.0583177726557596,0.0201455871040611,0.723,GAM,Data,Data,AIC,BRA,961434.417360079
51846,2007,6-12m,APW,Lines_Unspecified,LatinAmerica,76,117,379.432419598421,1675.75417412589,84.591,274.329639369659,1211.57026789302,248417.568764934,0.0513454323196739,0.0628373789102609,0.0115424499310644,0.723,GAM,Data,Data,AIC,BRA,788236.696316859
51847,2008,6-12m,APW,Lines_Unspecified,LatinAmerica,76,122,395.668778218177,1723.37830493802,88.206,286.068526651742,1246.00251447019,255477.477057903,0.0513454323196739,0.0637120704638028,0.0114192850642516,0.723,GAM,Data,Data,AIC,BRA,826283.31910759
51848,2009,6-12m,APW,Lines_Unspecified,LatinAmerica,76,129,418.399680285837,1790.70404209004,93.267,302.50296884666,1294.6790224311,265457.995797973,0.0513454323196739,0.0648348343841861,0.0112629134323486,0.723,GAM,Data,Data,AIC,BRA,875133.284717153
51849,2010,6-12m,APW,Lines_Unspecified,LatinAmerica,76,134,434.691413583803,1819.47436414404,96.882,314.28189202109,1315.47996527614,269722.973064683,0.0513454323196739,0.0662828794824678,0.0108698004489488,0.723,GAM,Data,Data,AIC,BRA,906355.03820555
51850,2011,6-12m,APW,Lines_Unspecified,LatinAmerica,76,141,457.422315651462,1872.14308964397,101.943,330.716334216007,1353.55945381259,277530.703423144,0.0513454323196739,0.0677832804030663,0.0107540746568206,0.723,GAM,Data,Data,AIC,BRA,950590.513189183
51851,2012,6-12m,APW,Lines_Unspecified,LatinAmerica,76,148,480.153217719122,1918.304349538,107.004,347.150776410926,1386.93404471598,284373.752440152,0.0513454323196739,0.0694363227774986,0.0106493059990008,0.723,GAM,Data,Data,AIC,BRA,992827.898328108
51852,2013,6-12m,APW,Lines_Unspecified,LatinAmerica,76,156,506.131391510732,1971.29339330814,112.788,365.93299606226,1425.24512336179,292228.967499617,0.0513454323196739,0.0712222749168692,0.0105410935063072,0.723,GAM,Data,Data,AIC,BRA,1039943.51580671
51853,2014,6-12m,APW,Lines_Unspecified,LatinAmerica,76,164,532.109565302344,2018.78097584341,118.572,384.715215713594,1459.57864553479,299268.63356883,0.0513454323196739,0.0731134292259397,0.0104434471192615,0.723,GAM,Data,Data,AIC,BRA,1085549.70249986
51854,2015,6-12m,APW,Lines_Unspecified,LatinAmerica,76,130,414.971990742351,1560.50759618632,93.99,300.02474930672,1128.24699204271,231333.15677762,0.0513454323196739,0.07497560427513,0.0133005623331485,0.723,GAM,Data,Data,AIC,BRA,856443.304892491
51855,2016,6-12m,APW,Lines_Unspecified,LatinAmerica,76,109,347.934435944372,1274.23990646143,78.807,251.556597187781,921.275452371617,188896.190428123,0.0513454323196739,0.0769870724520185,0.0133328271205583,0.723,GAM,Data,Data,AIC,BRA,713766.492348187
51856,2017,6-12m,APW,Lines_Unspecified,LatinAmerica,76,114,369.856728461196,1296.6696507916,82.422,267.406414677445,937.492157522328,192221.22618847,0.0513454323196739,0.0791257819116561,0.0105937746250005,0.723,GAM,Data,Data,AIC,BRA,740348.710646941
51857,1950,Less than 6m,APW,Lines_Unspecified,LatinAmerica,76,25,45.4155681677775,126.041840423832,18.075,32.8354557853031,91.1282506264305,18684.7259843936,0.0513454323196739,0.0443492789014757,0.347586879443515,0.723,GAM,AIC,Data,AIC,BRA,19070.3628170432
51858,1951,Less than 6m,APW,Lines_Unspecified,LatinAmerica,76,27,49.0488136211997,136.23843313228,19.521,35.4622922481274,98.5003871546384,20196.2918270627,0.0513454323196739,0.0441218408240808,0.347586879443515,0.723,GAM,GAM,Data,AIC,BRA,21038.5634601347
51859,1952,Less than 6m,APW,Lines_Unspecified,LatinAmerica,76,28,50.8654363479108,141.401409276044,20.244,36.7757104795395,102.23321890658,20961.6630259106,0.0513454323196739,0.0438989780204964,0.347586879443515,0.723,GAM,GAM,Data,AIC,BRA,22286.5273365987
51860,1953,Less than 6m,APW,Lines_Unspecified,LatinAmerica,76,30,54.498681801333,151.625962030256,21.69,39.4025469423638,109.625570547875,22477.3737286664,0.0513454323196739,0.043681087434051,0.347586879443515,0.723,GAM,GAM,Data,AIC,BRA,24391.2723994504
51861,1954,Less than 6m,APW,Lines_Unspecified,LatinAmerica,76,31,56.3153045280441,156.806872880815,22.413,40.7159651737759,113.371369092829,23245.4036087979,0.0513454323196739,0.0434686373697198,0.347586879443515,0.723,GAM,GAM,Data,AIC,BRA,25745.3146180162
51862,1955,Less than 6m,APW,Lines_Unspecified,LatinAmerica,76,33,59.9485499814663,167.055459816739,23.859,43.3428016366001,120.781097447502,24764.6771927209,0.0513454323196739,0.0432620728768666,0.347586879443515,0.723,GAM,GAM,Data,AIC,BRA,27994.067535931
51863,1956,Less than 6m,APW,Lines_Unspecified,LatinAmerica,76,35,63.5817954348885,177.31617132915,25.305,45.9696380994244,128.199591870975,26285.7481511394,0.0513454323196739,0.0430617886000211,0.347586879443515,0.723,GAM,GAM,Data,AIC,BRA,30326.7519895429
51864,1957,Less than 6m,APW,Lines_Unspecified,LatinAmerica,76,37,67.2150408883107,187.587796225043,26.751,48.5964745622486,135.625976670706,27808.4369340774,0.0513454323196739,0.0428680197647691,0.347586879443515,0.723,GAM,GAM,Data,AIC,BRA,32745.7059893331
51865,1958,Less than 6m,APW,Lines_Unspecified,LatinAmerica,76,39,70.8482863417329,197.869407298984,28.197,51.2233110250729,143.059581477165,29332.6060905156,0,0.0426808239136731,0.347586879443515,0.723,Data,GAM,Data,AIC,BRA,35253.3710547231
51866,1959,Less than 6m,APW,Lines_Unspecified,LatinAmerica,76,38,69.0316636150218,192.92961713204,27.474,49.9098927936608,139.488113186465,28600.3204829793,0,0.0424999066376017,0.347586879443515,0.723,Data,GAM,Data,AIC,BRA,35082.7092422622
51867,1960,Less than 6m,APW,Lines_Unspecified,LatinAmerica,76,47,85.3812681554217,238.784939383745,33.981,61.7306568763699,172.641511174448,35398.0166156135,0,0.0423247846783503,0.347586879443515,0.723,Data,AIC,Data,AIC,BRA,44317.3083918306
51868,1961,Less than 6m,APW,Lines_Unspecified,LatinAmerica,76,49,89.0145136088439,249.112930550058,35.427,64.3574933391941,180.108648787692,36929.0612612875,0,0.0421545160625019,0.347586879443515,0.723,Data,GAM,Data,AIC,BRA,47188.3657981215
51869,1962,Less than 6m,APW,Lines_Unspecified,LatinAmerica,76,52,94.4643817889772,264.544532278107,37.596,68.2977480334305,191.265696837071,39216.6766183731,0,0.0419877971486659,0.347586879443515,0.723,Data,GAM,Data,AIC,BRA,51145.7649942971
51870,1963,Less than 6m,APW,Lines_Unspecified,LatinAmerica,76,53,96.2810045156883,269.824185940015,38.319,69.6111662648426,195.082886434631,39999.3443550035,0,0.0418226935882635,0.347586879443515,0.723,Data,GAM,Data,AIC,BRA,53243.1800863839
51871,1964,Less than 6m,APW,Lines_Unspecified,LatinAmerica,76,51,92.6477590622661,259.84291048689,36.873,66.9843298020184,187.866424282021,38519.6976266689,0,0.0416569816035967,0.347586879443515,0.723,Data,GAM,Data,AIC,BRA,52331.8642331059
51872,1965,Less than 6m,APW,Lines_Unspecified,LatinAmerica,76,53,96.2810045156883,270.267666870507,38.319,69.6111662648426,195.403523147377,40065.0869658514,0,0.134804922071912,0.347586879443515,0.723,Data,GAM,Data,AIC,BRA,55554.8077322231
51873,1966,Less than 6m,APW,Lines_Unspecified,LatinAmerica,76,62,112.630609056088,316.481384582194,44.826,81.4319303475516,228.816041052926,46915.9124477659,0.0513454323196739,0.134455777324538,0.347586879443515,0.723,GAM,GAM,Data,AIC,BRA,66396.9222653721
51874,1967,Less than 6m,APW,Lines_Unspecified,LatinAmerica,76,65,118.080477236221,332.193479331905,46.995,85.3721850417878,240.175885556967,49245.108721416,0.0513454323196739,0.134057268501013,0.347586879443515,0.723,GAM,GAM,Data,AIC,BRA,71131.6863173326
51875,1968,Less than 6m,APW,Lines_Unspecified,LatinAmerica,76,69,125.346968143066,353.149378057183,49.887,90.6258579674367,255.327000335343,52351.6582935411,0.0513454323196739,0.133593026753856,0.347586879443515,0.723,GAM,GAM,Data,AIC,BRA,77179.6259495934
51876,1969,Less than 6m,APW,Lines_Unspecified,LatinAmerica,76,74,134.430081776621,379.413461718734,53.502,97.192949124497,274.315932822645,56245.1051425961,0.0513454323196739,0.133045542178206,0.347586879443515,0.723,GAM,GAM,Data,AIC,BRA,84630.9433623064
51877,1970,Less than 6m,APW,Lines_Unspecified,LatinAmerica,76,78,141.696572683466,400.794929938179,56.394,102.446622050146,289.774734345303,59414.7420939526,0.0513454323196739,0.137999291959618,0.347586879443515,0.723,GAM,AIC,Data,AIC,BRA,91245.3807289229
51878,1971,Less than 6m,APW,Lines_Unspecified,LatinAmerica,76,83,150.779686317021,427.627783238115,60.009,109.013713207206,309.174887281157,63392.5046337793,0.0513454323196739,0.137202167167251,0.347586879443515,0.723,GAM,GAM,Data,AIC,BRA,99363.4826319186
51879,1972,Less than 6m,APW,Lines_Unspecified,LatinAmerica,76,88,159.862799950577,454.871757811016,63.624,115.580804364267,328.872280897365,67431.2127160217,0.0513454323196739,0.136248454288813,0.347586879443515,0.723,GAM,GAM,Data,AIC,BRA,107875.317405703
51880,1973,Less than 6m,APW,Lines_Unspecified,LatinAmerica,76,124,391.087904056787,643.505148463726,89.652,282.756554633057,465.254222339274,95394.6509203603,0.0513454323196739,0.135112065327593,0.00994277371563346,0.723,GAM,GAM,Data,AIC,BRA,155556.142022518
51881,1974,Less than 6m,APW,Lines_Unspecified,LatinAmerica,76,131,413.165447027735,683.098809725029,94.713,298.718618201052,493.880439431196,101264.104340738,0.0513454323196739,0.133765476615143,0.00994277371563346,0.723,GAM,GAM,Data,AIC,BRA,168314.174141379
51882,1975,Less than 6m,APW,Lines_Unspecified,LatinAmerica,76,138,435.242989998682,723.746769822519,99.774,314.680681769047,523.268914581681,107289.849392479,0.0513454323196739,0.132181345698791,0.00994277371563346,0.723,GAM,GAM,Data,AIC,BRA,181771.514005797
51883,1976,Less than 6m,APW,Lines_Unspecified,LatinAmerica,76,109,343.778883404756,575.57615285484,78.807,248.552132701639,416.141558514049,85324.7037894782,0.0513454323196739,0.130332441643523,0.00994277371563346,0.723,GAM,GAM,Data,AIC,BRA,147347.917541239
51884,1977,Less than 6m,APW,Lines_Unspecified,LatinAmerica,76,115,362.702491665569,612.178612025535,83.145,262.233901474206,442.605136494462,90750.7346825506,0.0513454323196739,0.125123112923471,0.00994277371563346,0.723,GAM,GAM,Data,AIC,BRA,159742.834708425
51885,1978,Less than 6m,APW,Lines_Unspecified,LatinAmerica,76,120,378.472165216246,644.86100099237,86.76,273.635375451346,466.234503717484,95595.6455495077,0.0513454323196739,0.122739729756754,0.00994277371563346,0.723,GAM,GAM,Data,AIC,BRA,171518.65871766
51886,1979,Less than 6m,APW,Lines_Unspecified,LatinAmerica,76,125,394.241838766922,679.151859310449,90.375,285.036849428485,491.026794281455,100678.999531712,0.0513454323196739,0.120644701927103,0.00994277371563346,0.723,GAM,GAM,Data,AIC,BRA,184125.60080408
51887,1980,Less than 6m,APW,Lines_Unspecified,LatinAmerica,76,130,410.011512317599,715.331920930865,93.99,296.438323405624,517.184978833015,106042.413261652,0.0513454323196739,0.14511520226574,0.00994277371563346,0.723,GAM,AIC,Data,AIC,BRA,197677.350986797
51888,1981,Less than 6m,APW,Lines_Unspecified,LatinAmerica,76,179,564.554313114233,999.371451803355,129.417,408.17276838159,722.545559653826,148149.072330116,0.0513454323196739,0.137532284612649,0.00994277371563346,0.723,GAM,GAM,Data,AIC,BRA,281499.916620932
51889,1982,Less than 6m,APW,Lines_Unspecified,LatinAmerica,76,276,870.485979997365,1566.60851573561,199.548,629.361363538095,1132.65795687685,232237.570817021,0.0513454323196739,0.133018172208294,0.00994277371563346,0.723,GAM,GAM,Data,AIC,BRA,449794.187096932
51890,1983,Less than 6m,APW,Lines_Unspecified,LatinAmerica,76,283,514.104231659241,1636.60651508876,204.609,371.697359489631,1183.26651040917,242614.231717652,0.0513454323196739,0.13314518958353,0.347586879443515,0.723,GAM,GAM,Data,AIC,BRA,479589.707105851
51891,1984,Less than 6m,APW,Lines_Unspecified,LatinAmerica,76,288,523.187345292797,1700.75666960645,208.224,378.264450646692,1229.64707212546,252123.994943807,0.0513454323196739,0.127643236665564,0.347586879443515,0.723,GAM,GAM,Data,AIC,BRA,508674.519172366
51892,1985,Less than 6m,APW,Lines_Unspecified,LatinAmerica,76,293,532.270458926352,1771.08796405791,211.839,384.831541803752,1280.49659801387,262550.064259634,0.0513454323196739,0.120780406936784,0.347586879443515,0.723,GAM,GAM,Data,AIC,BRA,540642.465094929
51893,1986,Less than 6m,APW,Lines_Unspecified,LatinAmerica,76,296,933.564674200072,1835.93257833338,214.008,674.967259446652,1327.37925413503,272162.77576263,0.0513454323196739,0.108189888627822,0.00994277371563346,0.723,GAM,GAM,Data,AIC,BRA,571253.370554046
51894,1987,Less than 6m,APW,Lines_Unspecified,LatinAmerica,76,298,939.872543620343,1901.36103123984,215.454,679.527849037508,1374.6840255864,281862.03681776,0.0513454323196739,0.10220881145197,0.00994277371563346,0.723,GAM,GAM,Data,AIC,BRA,603029.641462756
51895,1988,Less than 6m,APW,Lines_Unspecified,LatinAmerica,76,300,946.180413040614,1974.00657664943,216.9,684.088438628364,1427.20675491754,292631.175902057,0.0513454323196739,0.136777659808147,0.00994277371563346,0.723,GAM,GAM,Data,AIC,BRA,638152.817195033
51896,1989,Less than 6m,APW,Lines_Unspecified,LatinAmerica,76,299,943.026478330479,2033.97453894558,216.177,681.808143832936,1470.56359165765,301520.961544494,0.0513454323196739,0.132302541082693,0.00994277371563346,0.723,GAM,GAM,Data,AIC,BRA,670229.643009536
51897,1990,Less than 6m,APW,Lines_Unspecified,LatinAmerica,76,298,939.872543620343,2100.68209857721,215.454,679.527849037508,1518.79315727132,311409.840258208,0.0513454323196739,0.127672816454071,0.00994277371563346,0.723,GAM,AIC,Data,AIC,BRA,705570.603858645
51898,1991,Less than 6m,APW,Lines_Unspecified,LatinAmerica,76,296,933.564674200072,2166.89431095252,214.008,674.967259446652,1566.66458681867,321225.287580249,0.0513454323196739,0.12294092916922,0.00994277371563346,0.723,GAM,GAM,Data,AIC,BRA,741856.485201847
51899,1992,Less than 6m,APW,Lines_Unspecified,LatinAmerica,76,196,356.058054435376,1492.80292057018,141.708,257.429973356777,1079.29651157224,221296.463347121,0.0513454323196739,0.118166971386031,0.347586879443515,0.723,GAM,GAM,Data,AIC,BRA,521623.161151354
51900,1993,Less than 6m,APW,Lines_Unspecified,LatinAmerica,76,193,350.608186255242,1531.51023443412,139.539,253.48971866254,1107.28189949587,227034.522635273,0.0513454323196739,0.113417459507988,0.347586879443515,0.723,GAM,GAM,Data,AIC,BRA,546193.486124869
51901,1994,Less than 6m,APW,Lines_Unspecified,LatinAmerica,76,190,599.247594925722,1572.08580242929,137.37,433.256011131297,1136.61803515638,233049.536118903,0.0513454323196739,0.108772688956137,0.00994277371563346,0.723,GAM,GAM,Data,AIC,BRA,571485.06201171
51902,1995,Less than 6m,APW,Lines_Unspecified,LatinAmerica,76,187,589.785790795316,1613.43511549357,135.201,426.415126745013,1166.51358850185,239179.251312294,0.0513454323196739,0.104311600995814,0.00994277371563346,0.723,GAM,GAM,Data,AIC,BRA,597836.14168582
51903,1996,Less than 6m,APW,Lines_Unspecified,LatinAmerica,76,183,577.170051954775,1644.91758333124,132.309,417.293947563302,1189.27541274849,243846.283171567,0.0513454323196739,0.10012659702163,0.00994277371563346,0.723,GAM,GAM,Data,AIC,BRA,621264.915821849
51904,1997,Less than 6m,APW,Lines_Unspecified,LatinAmerica,76,179,564.554313114233,1672.73064383584,129.417,408.17276838159,1209.38425549331,247969.353832613,0.0513454323196739,0.0963095885124529,0.00994277371563346,0.723,GAM,GAM,Data,AIC,BRA,643962.715468677
51905,1998,Less than 6m,APW,Lines_Unspecified,LatinAmerica,76,174,548.784639563556,1685.4734615822,125.802,396.771294404451,1218.59731272393,249858.377803218,0.0513454323196739,0.0929115785976218,0.00994277371563346,0.723,GAM,GAM,Data,AIC,BRA,661391.56662442
51906,1999,Less than 6m,APW,Lines_Unspecified,LatinAmerica,76,169,307.009240814176,1690.74040905471,122.187,221.967681108649,1222.40531574656,250639.161945747,0.0513454323196739,0.0899605871992139,0.347586879443515,0.723,GAM,GAM,Data,AIC,BRA,677151.569051335
51907,2000,Less than 6m,APW,Lines_Unspecified,LatinAmerica,76,164,297.92612718062,1687.72090911015,118.572,215.400589951588,1220.22221728664,250191.54448091,0.0513454323196739,0.0874552179825877,0.347586879443515,0.723,GAM,GAM,Data,AIC,BRA,689893.113640546
51908,2001,Less than 6m,APW,Lines_Unspecified,LatinAmerica,76,159,288.843013547065,1675.25799250581,114.957,208.833498794528,1211.2115285817,248344.013685298,0.0513454323196739,0.085419679022665,0.347586879443515,0.723,GAM,GAM,Data,AIC,BRA,698932.282224299
51909,2002,Less than 6m,APW,Lines_Unspecified,LatinAmerica,76,154,279.759899913509,1651.40769186131,111.342,202.266407637467,1193.96776121573,244808.391461049,0.0513454323196739,0.0839283967751069,0.347586879443515,0.723,GAM,GAM,Data,AIC,BRA,703201.724401849
51910,2003,Less than 6m,APW,Lines_Unspecified,LatinAmerica,76,149,270.676786279954,1614.63312756058,107.727,195.699316480407,1167.3797512263,239356.847316311,0.0513454323196739,0.0830529224942888,0.347586879443515,0.723,GAM,GAM,Data,AIC,BRA,701732.684526489
51911,2004,Less than 6m,APW,Lines_Unspecified,LatinAmerica,76,146,265.226918099821,1587.15920276705,105.558,191.759061786171,1147.51610360058,235284.050896035,0,0.0827894263983842,0.347586879443515,0.723,Data,Data,Data,AIC,BRA,704029.0189613
51912,2005,Less than 6m,APW,Lines_Unspecified,LatinAmerica,76,136,247.06069083271,1474.17072198942,98.328,178.624879472049,1065.82543199835,218534.384312115,0,0.0830297320210096,0.347586879443515,0.723,Data,Data,Data,AIC,BRA,667405.94805643
51913,2006,Less than 6m,APW,Lines_Unspecified,LatinAmerica,76,133,419.473316448006,1432.25967537249,96.159,303.279207791908,1035.52374529431,212321.396473131,0.0513454323196739,0.0835742303286373,0.00994277371563346,0.723,GAM,Data,Data,AIC,BRA,660946.154649999
51914,2007,Less than 6m,APW,Lines_Unspecified,LatinAmerica,76,192,605.555464345993,2054.25792488175,138.816,437.816600722153,1485.22847968951,304527.816307791,0.0513454323196739,0.0841179668370737,0.00994277371563346,0.723,GAM,Data,Data,AIC,BRA,966276.26240952
51915,2008,Less than 6m,APW,Lines_Unspecified,LatinAmerica,76,184,580.32398666491,1964.35961527319,133.032,419.57424235873,1420.23200184252,291201.088644597,0.0513454323196739,0.084302282897915,0.00994277371563346,0.723,GAM,Data,Data,AIC,BRA,941823.149437423
51916,2009,Less than 6m,APW,Lines_Unspecified,LatinAmerica,76,177,558.246443693962,1903.91592141501,127.971,403.612178790735,1376.53121118305,282240.779485139,0.0513454323196739,0.0836696611484852,0.00994277371563346,0.723,GAM,Data,Data,AIC,BRA,930460.955562769
51917,2010,Less than 6m,APW,Lines_Unspecified,LatinAmerica,76,170,536.168900723015,1871.88200460965,122.91,387.65011522274,1353.37068933278,277491.999590285,0.0513454323196739,0.0817359211869265,0.00994277371563346,0.723,GAM,Data,Data,AIC,BRA,932461.440094214
51918,2011,Less than 6m,APW,Lines_Unspecified,LatinAmerica,76,163,514.091357752067,1880.01068696197,117.849,371.688051654744,1359.2477266735,278697.013749524,0.0513454323196739,0.0780314713194862,0.00994277371563346,0.723,GAM,Data,Data,AIC,BRA,954585.327161175
51919,2012,Less than 6m,APW,Lines_Unspecified,LatinAmerica,76,156,492.013814781119,1942.79750168236,112.788,355.725988086749,1404.64259371635,288004.672416983,0.0513454323196739,0.0722669243080769,0.00994277371563346,0.723,GAM,Data,Data,AIC,BRA,1005504.45029066
51920,2013,Less than 6m,APW,Lines_Unspecified,LatinAmerica,76,149,469.936271810172,2080.24770877827,107.727,339.763924518754,1504.01909344669,308380.600342577,0.0513454323196739,0.064463476841783,0.00994277371563346,0.723,GAM,Data,Data,AIC,BRA,1097421.68434163
51921,2014,Less than 6m,APW,Lines_Unspecified,LatinAmerica,76,142,447.858728839224,2322.24282909458,102.666,323.801860950759,1678.98156543538,344254.501401671,0.0513454323196739,0.0550330044725892,0.00994277371563346,0.723,GAM,Data,Data,AIC,BRA,1248728.83310329
51922,2015,Less than 6m,APW,Lines_Unspecified,LatinAmerica,76,90,163.496045403999,1810.29808764719,65.07,118.207640827091,1308.84551736892,268362.661192655,0.0513454323196739,0.0447440123550449,0.347586879443515,0.723,GAM,Data,Data,AIC,BRA,993534.20695557
51923,2016,Less than 6m,APW,Lines_Unspecified,LatinAmerica,76,86,156.229554497155,2242.3513862282,62.178,112.953967901443,1621.22005224299,332411.214177075,0.0513454323196739,0.0345173376819377,0.347586879443515,0.723,GAM,Data,Data,AIC,BRA,1256054.90413876
51924,2017,Less than 6m,APW,Lines_Unspecified,LatinAmerica,76,82,258.622646231101,2922.25971182963,59.286,186.984173225086,2112.79377165282,433202.353973606,0.0513454323196739,0.0252544288590263,0.00994277371563346,0.723,GAM,Data,Data,AIC,BRA,1668498.37852515
67144,1950,6-12m,APW,Lines_Longlines,LatinAmerica,76,24,76.1203166725348,593.795836536794,17.352,55.0349889542427,429.314389816102,88025.6306878391,0.0513454323196739,0.0363509181666832,0.0332707448253168,0.723,GAM,AIC,Data,AIC,BRA,89842.4047437601
67145,1951,6-12m,APW,Lines_Longlines,LatinAmerica,76,27,85.6457309216299,666.368601992517,19.521,61.9218634563384,481.78449924059,98783.9807080397,0.0513454323196739,0.0363635583329175,0.0328924483561126,0.723,GAM,GAM,Data,AIC,BRA,102903.694636951
67146,1952,6-12m,APW,Lines_Longlines,LatinAmerica,76,29,91.9775632387542,702.677577377638,20.967,66.4997782216193,508.035888444032,104166.50490448,0.0513454323196739,0.0372188822967955,0.0333098841744136,0.723,GAM,GAM,Data,AIC,BRA,110750.261381553
67147,1953,6-12m,APW,Lines_Longlines,LatinAmerica,76,31,98.3093955558784,738.879941575767,22.413,71.0776929869001,534.210197759279,109533.224818713,0.0513454323196739,0.0380284819415356,0.0336735482532039,0.723,GAM,GAM,Data,AIC,BRA,118859.736710975
67148,1954,6-12m,APW,Lines_Longlines,LatinAmerica,76,34,107.834809804974,807.337440723687,24.582,77.9645674889958,583.704969643226,119681.518503212,0.0513454323196739,0.0386458162437315,0.0333375125409216,0.723,GAM,GAM,Data,AIC,BRA,132552.585435038
67149,1955,6-12m,APW,Lines_Longlines,LatinAmerica,76,36,114.166642122098,842.338049682696,26.028,82.5424822542767,609.010409920589,124870.087517175,0.0513454323196739,0.0384643671412029,0.0336491329663457,0.723,GAM,GAM,Data,AIC,BRA,141153.532346502
67150,1956,6-12m,APW,Lines_Longlines,LatinAmerica,76,38,120.498474439222,877.158355563398,27.474,87.1203970195575,634.185491072337,130031.927997177,0.0513454323196739,0.0389895390987109,0.033928003960052,0.723,GAM,GAM,Data,AIC,BRA,150022.21007438
67151,1957,6-12m,APW,Lines_Longlines,LatinAmerica,76,42,133.189804846879,962.774152127653,30.366,96.2962289042934,696.085711988293,142723.80629219,0.0513454323196739,0.0392615442743919,0.0337572607061279,0.723,GAM,GAM,Data,AIC,BRA,168063.807743016
67152,1958,6-12m,APW,Lines_Longlines,LatinAmerica,76,44,139.521637164004,996.140702826794,31.812,100.874143669575,720.209728143772,147670.138833522,0,0.0397534202624441,0.0339932017634359,0.723,Data,GAM,Data,AIC,BRA,177477.24774049
67153,1959,6-12m,APW,Lines_Longlines,LatinAmerica,76,44,139.521637164004,986.744434301094,31.812,100.874143669575,713.416225999691,146277.214848216,0,0.0401319719913581,0.0339932017634359,0.723,Data,GAM,Data,AIC,BRA,179431.590647452
67154,1960,6-12m,APW,Lines_Longlines,LatinAmerica,76,63,199.784707270319,1402.38188349673,45.549,144.444343356441,1013.92210176814,207892.245388539,0,0.0404312125443483,0.0337572607061279,0.723,Data,AIC,Data,AIC,BRA,260275.168837855
67155,1961,6-12m,APW,Lines_Longlines,LatinAmerica,76,65,206.116539587443,1430.12850801592,46.995,149.022258121722,1033.98291129551,212005.467429645,0,0.0409054149134887,0.0339169707548979,0.723,Data,GAM,Data,AIC,BRA,270902.947613216
67156,1962,6-12m,APW,Lines_Longlines,LatinAmerica,76,63,199.75704149691,1369.04461219338,45.549,144.424341002266,989.819254615813,202950.253290708,0,0.0414157431357621,0.0341898465421552,0.723,Data,GAM,Data,AIC,BRA,264684.487707879
67157,1963,6-12m,APW,Lines_Longlines,LatinAmerica,76,71,225.112036538816,1525.51833897544,51.333,162.756002417564,1102.94975907925,226146.27057234,0,0.0418874020504504,0.0343421940237055,0.723,Data,GAM,Data,AIC,BRA,301023.599364099
67158,1964,6-12m,APW,Lines_Longlines,LatinAmerica,76,70,221.946120380254,1488.68140822498,50.61,160.467045034924,1076.31665814666,220685.481084783,0,0.0423193301480925,0.0342763780886124,0.723,Data,GAM,Data,AIC,BRA,299817.582844958
67159,1965,6-12m,APW,Lines_Longlines,LatinAmerica,76,73,231.44386885594,1534.52305009949,52.779,167.333917182845,1109.46016522193,227481.149207526,0,0.0428146061382007,0.034468424124553,0.723,Data,GAM,Data,AIC,BRA,315428.530523363
67160,1966,6-12m,APW,Lines_Longlines,LatinAmerica,76,75,237.775701173064,1558.83244615989,54.225,171.911831948125,1127.0358585736,231084.828769069,0.0513454323196739,0.0433016390993675,0.0345879313531474,0.723,GAM,GAM,Data,AIC,BRA,327038.751075539
67161,1967,6-12m,APW,Lines_Longlines,LatinAmerica,76,81,256.798863897846,1664.79140451875,58.563,185.665578598143,1203.64418546706,246792.423135112,0.0513454323196739,0.0437892698161026,0.0345744678904775,0.723,GAM,GAM,Data,AIC,BRA,356477.255990033
67162,1968,6-12m,APW,Lines_Longlines,LatinAmerica,76,85,269.462528532094,1727.18854619853,61.455,194.821408128704,1248.75731890153,256042.315794372,0.0513454323196739,0.0442916322994229,0.0347803923570911,0.723,GAM,GAM,Data,AIC,BRA,377471.33146144
67163,1969,6-12m,APW,Lines_Longlines,LatinAmerica,76,102,323.393766321286,2047.66442488227,73.746,233.813693050289,1480.46137918988,303550.381034281,0.0513454323196739,0.0448315646277235,0.0344061843971976,0.723,GAM,GAM,Data,AIC,BRA,456746.503358621
67164,1970,6-12m,APW,Lines_Longlines,LatinAmerica,76,107,339.223347114097,2123.39980971915,77.361,245.258479963492,1535.21806242695,314777.564866579,0.0513454323196739,0.0453517983562112,0.0346185076853531,0.723,GAM,AIC,Data,AIC,BRA,483415.356844537
67165,1971,6-12m,APW,Lines_Longlines,LatinAmerica,76,113,358.246509838878,2215.46727631434,81.699,259.012226613508,1601.78284077527,328425.853241487,0.0513454323196739,0.0459045371995692,0.0346072331569211,0.723,GAM,GAM,Data,AIC,BRA,514785.411192673
67166,1972,6-12m,APW,Lines_Longlines,LatinAmerica,76,120,380.46325449563,2321.69869851557,86.76,275.074933000341,1678.58815902676,344173.838260492,0.0513454323196739,0.0465176640143065,0.0344061843971975,0.723,GAM,GAM,Data,AIC,BRA,550603.504662582
67167,1973,6-12m,APW,Lines_Longlines,LatinAmerica,76,138,441.700035232979,2639.84172372316,99.774,319.349125473444,1908.60556625184,391336.076052808,0.0513454323196739,0.0470482752370592,0.0417727008810509,0.723,GAM,GAM,Data,AIC,BRA,638135.67781517
67168,1974,6-12m,APW,Lines_Longlines,LatinAmerica,76,146,467.290586277124,2759.32497884324,105.558,337.85109387836,1994.99195970366,409048.542596734,0.0513454323196739,0.0476203422965732,0.0418483510105148,0.723,GAM,GAM,Data,AIC,BRA,679892.130376611
67169,1975,6-12m,APW,Lines_Longlines,LatinAmerica,76,155,496.128409045218,2890.74496075533,112.065,358.700839739693,2090.0086066261,428530.536374707,0.0513454323196739,0.0482574567780444,0.0416976978168937,0.723,GAM,GAM,Data,AIC,BRA,726020.633225041
67170,1976,6-12m,APW,Lines_Longlines,LatinAmerica,76,150,480.16892381651,2758.99882163382,108.45,347.162131919336,1994.75614804126,409000.192318245,0.0513454323196739,0.0489307929171408,0.041482091037451,0.723,GAM,GAM,Data,AIC,BRA,706305.723143818
67171,1977,6-12m,APW,Lines_Longlines,LatinAmerica,76,160,512.198643630347,2904.53234789606,115.68,370.319619344741,2099.97688752885,430574.409662331,0.0513454323196739,0.0495776885061407,0.0413985541911165,0.723,GAM,GAM,Data,AIC,BRA,757913.16723734
67172,1978,6-12m,APW,Lines_Longlines,LatinAmerica,76,151,483.360820862252,2709.63333811575,109.173,349.469873483408,1959.06490345769,401682.141982573,0.0513454323196739,0.0501543873439731,0.0415263514093502,0.723,GAM,GAM,Data,AIC,BRA,720702.097126457
67173,1979,6-12m,APW,Lines_Longlines,LatinAmerica,76,160,512.143268952138,2838.93534904317,115.68,370.279583452396,2052.55025735821,420850.162976919,0.0513454323196739,0.0507232403332233,0.0416491827946979,0.723,GAM,GAM,Data,AIC,BRA,769666.856713375
67174,1980,6-12m,APW,Lines_Longlines,LatinAmerica,76,171,547.364885811716,2997.18385530517,123.633,395.744812441871,2166.96392738564,444309.277561427,0.0513454323196739,0.0513482013215803,0.0415993458901867,0.723,GAM,AIC,Data,AIC,BRA,828252.378512797
67175,1981,6-12m,APW,Lines_Longlines,LatinAmerica,76,195,624.191913622358,3378.55154641081,140.985,451.290753548965,2442.69276805502,500844.082064825,0.0513454323196739,0.051945337399526,0.0415849138835627,0.723,GAM,GAM,Data,AIC,BRA,951660.142880796
67176,1982,6-12m,APW,Lines_Longlines,LatinAmerica,76,232,742.513603027643,3988.03176959258,167.736,536.837334988986,2883.34696941544,591194.801514532,0.0513454323196739,0.0523566541249825,0.0419430922550582,0.723,GAM,GAM,Data,AIC,BRA,1145017.0798276
67177,1983,6-12m,APW,Lines_Longlines,LatinAmerica,76,248,786.226172486349,4217.38034355532,179.304,568.44152270763,3049.1659883905,625193.950090873,0.0513454323196739,0.0529238488866856,0.0346626882547348,0.723,GAM,GAM,Data,AIC,BRA,1235857.35793675
67178,1984,6-12m,APW,Lines_Longlines,LatinAmerica,76,265,840.129744502131,4463.45055121536,191.595,607.413805275041,3227.07474852871,661671.951265644,0.0513454323196739,0.053433996246482,0.0346290845433587,0.723,GAM,GAM,Data,AIC,BRA,1334960.84628878
67179,1985,6-12m,APW,Lines_Longlines,LatinAmerica,76,300,951.047473145441,5021.1909201653,216.9,687.607323084154,3630.32103527951,744352.638323379,0.0513454323196739,0.0537721039277097,0.034769699457022,0.723,GAM,GAM,Data,AIC,BRA,1532769.17458724
67180,1986,6-12m,APW,Lines_Longlines,LatinAmerica,76,323,1033.80685436329,5360.64530551754,233.529,747.442355704659,3875.74655588918,794674.12008832,0.0513454323196739,0.0542285458992766,0.0418338911858477,0.723,GAM,GAM,Data,AIC,BRA,1667973.39687794
67181,1987,6-12m,APW,Lines_Longlines,LatinAmerica,76,408,1306.11484745911,6707.9196938809,294.984,944.321034712938,4849.82593867589,994397.106421362,0.0513454323196739,0.0547412635746023,0.0413838130197048,0.723,GAM,GAM,Data,AIC,BRA,2127462.5605029
67182,1988,6-12m,APW,Lines_Longlines,LatinAmerica,76,369,1181.1324905713,6055.83659332789,266.787,853.958790683049,4378.36985697607,897730.840585225,0.0513454323196739,0.054839656731474,0.0416451070993854,0.723,GAM,GAM,Data,AIC,BRA,1957718.49406118
67183,1989,6-12m,APW,Lines_Longlines,LatinAmerica,76,466,1491.96474692887,7593.77079915432,336.918,1078.69051202957,5490.29628778857,1125717.66719188,0.0513454323196739,0.0552294783570117,0.0411092692444702,0.723,GAM,GAM,Data,AIC,BRA,2502278.27062765
67184,1990,6-12m,APW,Lines_Longlines,LatinAmerica,76,569,1821.78226152625,9258.84273146925,411.387,1317.14857508348,6694.14329485227,1372551.67639862,0.0513454323196739,0.0553092880883977,0.0410475890580694,0.723,GAM,AIC,Data,AIC,BRA,3109831.45022259
67185,1991,6-12m,APW,Lines_Longlines,LatinAmerica,76,641,2053.14933980953,10355.897403252,463.443,1484.42697268229,7487.31382255122,1535181.52901924,0.0513454323196739,0.0557073885087775,0.0400962366361275,0.723,GAM,GAM,Data,AIC,BRA,3545438.099983
67186,1992,6-12m,APW,Lines_Longlines,LatinAmerica,76,554,1756.82245805134,9004.50455556721,400.542,1270.18263717112,6510.25679367509,1334848.01301096,0.0513454323196739,0.0553722858290668,0.0337830250987411,0.723,GAM,GAM,Data,AIC,BRA,3146402.02410826
67187,1993,6-12m,APW,Lines_Longlines,LatinAmerica,76,587,1861.54668324457,9561.0002158745,424.401,1345.89825198582,6912.60315607726,1417344.18165926,0.0513454323196739,0.0552557251408533,0.033655579895974,0.723,GAM,GAM,Data,AIC,BRA,3409808.12359942
67188,1994,6-12m,APW,Lines_Longlines,LatinAmerica,76,559,1790.58316188556,9122.06988624494,404.157,1294.59162604326,6595.25652775509,1352276.16212075,0.0513454323196739,0.0551519563294093,0.0399886020621663,0.723,GAM,GAM,Data,AIC,BRA,3316057.34659023
67189,1995,6-12m,APW,Lines_Longlines,LatinAmerica,76,596,1909.1817246819,9776.56282243287,430.908,1380.33838694501,7068.45492061897,1449299.66741289,0.0513454323196739,0.0548659083711098,0.0398908807419035,0.723,GAM,GAM,Data,AIC,BRA,3622570.58904059
67190,1996,6-12m,APW,Lines_Longlines,LatinAmerica,76,619,1983.09372883784,10201.9689304853,447.537,1433.77676594976,7376.02353674084,1512362.82591897,0.0513454323196739,0.0546071061180444,0.0396157570447393,0.723,GAM,GAM,Data,AIC,BRA,3853156.79827512
67191,1997,6-12m,APW,Lines_Longlines,LatinAmerica,76,652,2088.98007812941,10809.2871746876,471.396,1510.33259648756,7815.11462729916,1602393.0487409,0.0513454323196739,0.0542866509619731,0.0394338446308113,0.723,GAM,GAM,Data,AIC,BRA,4161326.24038644
67192,1998,6-12m,APW,Lines_Longlines,LatinAmerica,76,683,2188.4826333295,11390.9057931699,493.809,1582.27294389723,8235.62488846186,1688613.5012289,0.0513454323196739,0.0539641018160802,0.03924347875648,0.723,GAM,GAM,Data,AIC,BRA,4469871.04783222
67193,1999,6-12m,APW,Lines_Longlines,LatinAmerica,76,721,2287.13507138892,12097.6382650564,521.283,1653.59865661419,8746.59246563578,1793381.11281779,0.0513454323196739,0.0536385686018008,0.03278752798582,0.723,GAM,GAM,Data,AIC,BRA,4845175.92950802
67194,2000,6-12m,APW,Lines_Longlines,LatinAmerica,76,752,2385.58279581184,12681.3395990221,543.696,1724.77636137196,9168.60853009299,1879910.31173459,0.0513454323196739,0.0533697559879391,0.0326429838200793,0.723,GAM,GAM,Data,AIC,BRA,5183777.01779808
67195,2001,6-12m,APW,Lines_Longlines,LatinAmerica,76,784,2487.19643639333,13276.6792093839,566.832,1798.24302351238,9599.03906838454,1968164.79492732,0.0513454323196739,0.0531458197394183,0.0325181022957284,0.723,GAM,GAM,Data,AIC,BRA,5539146.65185065
67196,2002,6-12m,APW,Lines_Longlines,LatinAmerica,76,817,2592.03132468019,13866.5593567603,590.691,1874.03864774378,10025.5224149377,2055609.9550448,0.0513454323196739,0.0530268526663408,0.0323443820679541,0.723,GAM,GAM,Data,AIC,BRA,5904652.4363733
67197,2003,6-12m,APW,Lines_Longlines,LatinAmerica,76,1009,3201.68550239569,17082.2476044934,729.507,2314.81861823208,12350.4650180487,2532310.81531537,0.0513454323196739,0.0531604517757446,0.0318461431723148,0.723,GAM,GAM,Data,AIC,BRA,7424083.69098544
67198,2004,6-12m,APW,Lines_Longlines,LatinAmerica,76,1105,3506.33276372628,18685.4763000559,798.915,2535.0785881741,13509.5993649404,2769977.0439754,0,0.0532231549268577,0.0318220751059407,0.723,Data,Data,Data,AIC,BRA,8288467.54970668
67199,2005,6-12m,APW,Lines_Longlines,LatinAmerica,76,986,3128.78643342853,16600.5135388756,712.878,2262.11259136883,12002.1712886071,2460897.47365716,0,0.0534561776008832,0.0317634754531229,0.723,Data,Data,Data,AIC,BRA,7515602.71234067
67200,2006,6-12m,APW,Lines_Longlines,LatinAmerica,76,1942,6238.53383114145,31732.5998395832,1404.066,4510.45995991527,22942.6696840187,4704111.98996516,0.0513454323196739,0.0550790042050004,0.0333272439873879,0.723,GAM,Data,Data,AIC,BRA,14643671.2571448
67201,2007,6-12m,APW,Lines_Longlines,LatinAmerica,76,1614,5177.58180655114,26573.5226428611,1166.922,3743.39164613647,19212.6568707886,3939318.77979829,0.0513454323196739,0.0546634339572677,0.0365732838327149,0.723,GAM,Data,Data,AIC,BRA,12499581.3950075
67202,2008,6-12m,APW,Lines_Longlines,LatinAmerica,76,1706,5472.34382832357,27750.7196833823,1233.438,3956.50458787794,20063.7703310854,4113829.11745928,0.0513454323196739,0.0553282948160596,0.0367282275883267,0.723,GAM,Data,Data,AIC,BRA,13305236.9882504
67203,2009,6-12m,APW,Lines_Longlines,LatinAmerica,76,1289,4126.0393490634,21171.6159122122,931.947,2983.12644937284,15307.0783045294,3138527.97322147,0.0513454323196739,0.0547950616906303,0.0416013472396603,0.723,GAM,Data,Data,AIC,BRA,10346760.4587518
67204,2010,6-12m,APW,Lines_Longlines,LatinAmerica,76,3663,11776.8636349257,55978.0131738729,2648.349,8514.67240805125,40472.1035247101,8298306.60824614,0.0513454323196739,0.0588927654463216,0.0314163672672833,0.723,GAM,Data,Data,AIC,BRA,27884951.4281255
67205,2011,6-12m,APW,Lines_Longlines,LatinAmerica,76,3853,12385.539060745,57822.3585874731,2785.719,8954.74474091863,41805.5652587431,8571716.52163533,0.0513454323196739,0.0599716110638085,0.03182467183865,0.723,GAM,Data,Data,AIC,BRA,29359607.0874731
67206,2012,6-12m,APW,Lines_Longlines,LatinAmerica,76,4277,13743.5548811091,63067.2675090758,3092.271,9936.59017904189,45597.6344090618,9349233.61979663,0.0513454323196739,0.06103483077725,0.0326544011029546,0.723,GAM,Data,Data,AIC,BRA,32640776.0423482
67207,2013,6-12m,APW,Lines_Longlines,LatinAmerica,76,4836,15532.9198000741,70049.0233328166,3496.428,11230.3010154536,50645.4438696264,10384224.8101655,0.0513454323196739,0.0621336286063676,0.0336809765953525,0.723,GAM,Data,Data,AIC,BRA,36953924.6927154
67208,2014,6-12m,APW,Lines_Longlines,LatinAmerica,76,5072,16291.3573479426,71667.4118878495,3667.056,11778.6513625625,51815.5387949152,10624138.370499,0.0513454323196739,0.0636942214007023,0.0336213055174779,0.723,GAM,Data,Data,AIC,BRA,38537383.9880215
67209,2015,6-12m,APW,Lines_Longlines,LatinAmerica,76,4314,13698.9566446426,59671.5865173899,3119.022,9904.34565407662,43142.5570520729,8845850.2302276,0.0513454323196739,0.0650661433120856,0.0295480687791681,0.723,GAM,Data,Data,AIC,BRA,32749171.417061
67210,2016,6-12m,APW,Lines_Longlines,LatinAmerica,76,3793,12042.9022061871,51299.7905586363,2742.339,8707.01829507326,37089.748573894,7604796.36303108,0.0513454323196739,0.0665441313273607,0.0299720914931087,0.723,GAM,Data,Data,AIC,BRA,28735618.2925689
67211,2017,6-12m,APW,Lines_Longlines,LatinAmerica,76,3898,12514.5001380779,51284.6158776258,2818.254,9047.98359983029,37078.7772795235,7602546.83417915,0.0513454323196739,0.0684064790184096,0.0347192484363782,0.723,GAM,Data,Data,AIC,BRA,29281551.5639195
67212,1950,Less than 6m,APW,Lines_Longlines,LatinAmerica,76,100,182.325464993618,533.229444782323,72.3,131.821311190386,385.524888577619,79047.1325161974,0.0513454323196739,0.0495431969467117,0.3457996011805,0.723,GAM,AIC,Data,AIC,BRA,80678.5980158273
67213,1951,Less than 6m,APW,Lines_Longlines,LatinAmerica,76,105,191.408578627174,557.747231607273,75.915,138.388402347447,403.251248452058,82681.7043935001,0.0513454323196739,0.0491991057379176,0.345884414785377,0.723,GAM,GAM,Data,AIC,BRA,86129.8846228712
67214,1952,Less than 6m,APW,Lines_Longlines,LatinAmerica,76,111,202.30831498744,587.379108059381,80.253,146.268911735919,424.675095126932,87074.4004224478,0.0513454323196739,0.0488230934647692,0.345976138232026,0.723,GAM,GAM,Data,AIC,BRA,92577.8647874492
67215,1953,Less than 6m,APW,Lines_Longlines,LatinAmerica,76,118,215.13520612817,626.429211795282,85.314,155.542754030667,452.908320127989,92863.2756524031,0.0513454323196739,0.0491768119484113,0.345819723783831,0.723,GAM,GAM,Data,AIC,BRA,100770.378233926
67216,1954,Less than 6m,APW,Lines_Longlines,LatinAmerica,76,124,226.034942488437,656.038515376545,89.652,163.42326341914,474.315846617242,97252.6254281943,0.0513454323196739,0.0488166257929217,0.345904938620909,0.723,GAM,GAM,Data,AIC,BRA,107711.59241689
67217,1955,Less than 6m,APW,Lines_Longlines,LatinAmerica,76,131,238.861833629165,694.73963208562,94.713,172.697105713887,502.296753997903,102989.766036166,0.0513454323196739,0.0491372813663863,0.345767884557497,0.723,GAM,GAM,Data,AIC,BRA,116419.949409782
67218,1956,Less than 6m,APW,Lines_Longlines,LatinAmerica,76,138,251.578192716143,729.423620638246,99.774,181.891033333772,527.373277721452,108131.398528777,0.0513454323196739,0.0487516702171457,0.345859828107525,0.723,GAM,GAM,Data,AIC,BRA,124754.83241372
67219,1957,Less than 6m,APW,Lines_Longlines,LatinAmerica,76,146,266.221706583584,772.912160066433,105.558,192.478293859931,558.815491728031,114578.237451033,0.0513454323196739,0.0490034314447764,0.345750817625572,0.723,GAM,GAM,Data,AIC,BRA,134921.113518242
67220,1958,Less than 6m,APW,Lines_Longlines,LatinAmerica,76,154,280.754688397272,812.73428917057,111.342,202.985639711228,587.606891070322,120481.559458423,0,0.0486000530427424,0.345845859504164,0.723,Data,GAM,Data,AIC,BRA,144800.673616683
67221,1959,Less than 6m,APW,Lines_Longlines,LatinAmerica,76,149,271.671574763717,786.679238722123,107.727,196.418548554167,568.769089596095,116619.100163147,0,0.0486966582054281,0.345787649947419,0.723,Data,GAM,Data,AIC,BRA,143051.333482531
67222,1960,Less than 6m,APW,Lines_Longlines,LatinAmerica,76,190,346.595234773878,1007.29140477823,137.37,250.588354741514,728.271685654662,149323.143976859,0,0.0494005293075689,0.345549795067717,0.723,Data,AIC,Data,AIC,BRA,186948.322374121
67223,1961,Less than 6m,APW,Lines_Longlines,LatinAmerica,76,194,353.861725680722,1026.78991260981,140.262,255.842027667162,742.369106816893,152213.646644168,0,0.0491729376414333,0.3455916262521,0.723,Data,GAM,Data,AIC,BRA,194500.293048083
67224,1962,Less than 6m,APW,Lines_Longlines,LatinAmerica,76,208,379.294443854677,1097.34017048865,150.384,274.229882906931,793.376943263292,162672.175591078,0,0.0486208921605855,0.345725413374282,0.723,Data,GAM,Data,AIC,BRA,212154.460329624
67225,1963,Less than 6m,APW,Lines_Longlines,LatinAmerica,76,212,386.781998869025,1123.0993606836,153.276,279.643385182305,812.000837774243,166490.77589677,0,0.0493681101714462,0.345480613243627,0.723,Data,GAM,Data,AIC,BRA,221616.091631878
67226,1964,Less than 6m,APW,Lines_Longlines,LatinAmerica,76,205,373.955107728296,1084.21584546231,148.215,270.369542887558,783.88805626925,160726.596123,0,0.049010496942258,0.34555360117428,0.723,Data,GAM,Data,AIC,BRA,218358.993585004
67227,1965,Less than 6m,APW,Lines_Longlines,LatinAmerica,76,214,390.415244322447,1132.81628444469,154.722,282.270221645129,819.026173653512,167931.234535558,0,0.132675661465233,0.345500214379099,0.723,Data,GAM,Data,AIC,BRA,232855.789251362
67228,1966,Less than 6m,APW,Lines_Longlines,LatinAmerica,76,245,446.730548850491,1291.29090524704,177.135,322.986186818905,933.603324493608,191423.868848224,0.0513454323196739,0.132702071419274,0.345763261486249,0.723,GAM,GAM,Data,AIC,BRA,270909.273134206
67229,1967,Less than 6m,APW,Lines_Longlines,LatinAmerica,76,260,474.090421804909,1371.42504518202,187.98,342.767374964949,991.5403076666,203303.134032273,0.0513454323196739,0.13239501890067,0.345753944484896,0.723,GAM,GAM,Data,AIC,BRA,293659.51528553
67230,1968,Less than 6m,APW,Lines_Longlines,LatinAmerica,76,276,503.266917486038,1457.32560882867,199.548,363.861981342406,1053.64641518312,216037.226840227,0.0513454323196739,0.132015479827782,0.345752290416654,0.723,GAM,GAM,Data,AIC,BRA,318493.681044929
67231,1969,Less than 6m,APW,Lines_Longlines,LatinAmerica,76,296,540.041500235265,1572.4225511169,214.008,390.450004670097,1136.86150445752,233099.456501948,0.0513454323196739,0.131320859386494,0.345474945099907,0.723,GAM,GAM,Data,AIC,BRA,350740.332887396
67232,1970,Less than 6m,APW,Lines_Longlines,LatinAmerica,76,314,572.851241369817,1670.58072240555,227.022,414.171447510378,1207.82986229921,247650.644643045,0.0513454323196739,0.135794554245252,0.345501096675213,0.723,GAM,AIC,Data,AIC,BRA,380326.103620633
67233,1971,Less than 6m,APW,Lines_Longlines,LatinAmerica,76,332,605.660982504368,1770.23236644718,240.036,437.892890350658,1279.87800094131,262423.228544957,0.0513454323196739,0.135082536586306,0.34552441489509,0.723,GAM,GAM,Data,AIC,BRA,411330.741108537
67234,1972,Less than 6m,APW,Lines_Longlines,LatinAmerica,76,353,644.031123872804,1889.85680812079,255.219,465.634502560038,1366.36647227133,280156.624901212,0.0513454323196739,0.134137076031587,0.345478632857428,0.723,GAM,GAM,Data,AIC,BRA,448189.84587753
67235,1973,Less than 6m,APW,Lines_Longlines,LatinAmerica,76,493,1547.18541226642,2637.37993479499,356.439,1118.61505306862,1906.82569285678,390971.134923738,0.0513454323196739,0.133330265720779,0.0152228608891804,0.723,GAM,GAM,Data,AIC,BRA,637540.583294085
67236,1974,Less than 6m,APW,Lines_Longlines,LatinAmerica,76,521,1634.98195749486,2802.04632806236,376.683,1182.09195526878,2025.87949518908,415381.651516427,0.0513454323196739,0.132006016343959,0.0152724301483272,0.723,GAM,GAM,Data,AIC,BRA,690418.584982665
67237,1975,Less than 6m,APW,Lines_Longlines,LatinAmerica,76,551,1728.82955881589,2984.66072351915,398.373,1249.94377102389,2157.90970310434,442452.820331817,0.0513454323196739,0.130402421778816,0.0154556476964955,0.723,GAM,GAM,Data,AIC,BRA,749607.903107814
67238,1976,Less than 6m,APW,Lines_Longlines,LatinAmerica,76,441,1382.41036735635,2420.15270896692,318.843,999.482695598645,1749.77040858308,358768.882264628,0.0513454323196739,0.128295521228411,0.0164431598872391,0.723,GAM,GAM,Data,AIC,BRA,619560.869624837
67239,1977,Less than 6m,APW,Lines_Longlines,LatinAmerica,76,463,1451.28330432397,2564.21473537153,334.749,1049.27782902623,1853.92725367362,380124.961159343,0.0513454323196739,0.123459486138949,0.0165099404871005,0.723,GAM,GAM,Data,AIC,BRA,669110.162594629
67240,1978,Less than 6m,APW,Lines_Longlines,LatinAmerica,76,482,1511.46487714422,2689.84923743353,348.486,1092.78910617527,1944.76099866444,398749.302388578,0.0513454323196739,0.121231172154108,0.0160682950584036,0.723,GAM,GAM,Data,AIC,BRA,715439.967136074
67241,1979,Less than 6m,APW,Lines_Longlines,LatinAmerica,76,503,1577.18387940171,2842.15689418232,363.669,1140.30394480744,2054.87943449382,421327.732075949,0.0513454323196739,0.119104322415714,0.016158363887787,0.723,GAM,GAM,Data,AIC,BRA,770540.2533273
67242,1980,Less than 6m,APW,Lines_Longlines,LatinAmerica,76,524,1642.64606833152,3006.43821671308,378.852,1187.63310740369,2173.65483068356,445681.16491634,0.0513454323196739,0.140489998700311,0.0164079862834972,0.723,GAM,AIC,Data,AIC,BRA,830809.761448834
67243,1981,Less than 6m,APW,Lines_Longlines,LatinAmerica,76,716,2245.89021272842,4155.8125588474,517.668,1623.77862380264,3004.65248004667,616067.003174949,0.0513454323196739,0.133818925457601,0.0157626655725786,0.723,GAM,GAM,Data,AIC,BRA,1170596.6652307
67244,1982,Less than 6m,APW,Lines_Longlines,LatinAmerica,76,1091,3425.53396909706,6400.45784990006,788.793,2476.66105965718,4627.53102547774,948818.270963866,0.0513454323196739,0.130058296959409,0.0147124090040905,0.723,GAM,GAM,Data,AIC,BRA,1837656.76410369
67245,1983,Less than 6m,APW,Lines_Longlines,LatinAmerica,76,1123,2047.36243764416,6735.59335370783,811.929,1480.24304241673,4869.83399473076,998499.512012344,0.0513454323196739,0.129650956887605,0.345836075737126,0.723,GAM,GAM,Data,AIC,BRA,1973792.24261103
67246,1984,Less than 6m,APW,Lines_Longlines,LatinAmerica,76,1149,2095.25782086115,7064.35490429631,830.727,1514.87140448261,5107.52859580623,1047235.86389593,0.0513454323196739,0.124091510073709,0.345720571609895,0.723,GAM,GAM,Data,AIC,BRA,2112857.99927947
67247,1985,Less than 6m,APW,Lines_Longlines,LatinAmerica,76,1174,2141.55764545894,7426.83465581827,848.802,1548.34617766682,5369.60145615661,1100970.67774269,0.0513454323196739,0.117237678064226,0.345558036303301,0.723,GAM,GAM,Data,AIC,BRA,2267116.18940387
67248,1986,Less than 6m,APW,Lines_Longlines,LatinAmerica,76,1210,3789.80922651305,7960.46419285838,874.83,2740.03207076893,5755.41561143661,1180077.12083528,0.0513454323196739,0.104962081853562,0.0173436317914202,0.723,GAM,GAM,Data,AIC,BRA,2476911.21940501
67249,1987,Less than 6m,APW,Lines_Longlines,LatinAmerica,76,1229,3846.65222607348,8388.53946792492,888.567,2781.12955945113,6064.91403530972,1243535.96266445,0.0513454323196739,0.0989417737037118,0.0180837617539149,0.723,GAM,GAM,Data,AIC,BRA,2660482.60410618
67250,1988,Less than 6m,APW,Lines_Longlines,LatinAmerica,76,1246,3897.18735621366,8851.38388709673,900.858,2817.66645854248,6399.55055037094,1312149.06063691,0.0513454323196739,0.126692053390063,0.0188166758761021,0.723,GAM,GAM,Data,AIC,BRA,2861457.31753995
67251,1989,Less than 6m,APW,Lines_Longlines,LatinAmerica,76,1260,3937.49024224039,9362.95237286262,910.98,2846.8054451398,6769.41456557967,1387985.12385724,0.0513454323196739,0.121115643318528,0.0197632161412272,0.723,GAM,GAM,Data,AIC,BRA,3085254.0708952
67252,1990,Less than 6m,APW,Lines_Longlines,LatinAmerica,76,1304,4063.93632975784,10345.8165891736,942.792,2938.22596641492,7480.02539397253,1533687.12646116,0.0513454323196739,0.113437154997327,0.022673960965556,0.723,GAM,AIC,Data,AIC,BRA,3474920.86650241
67253,1991,Less than 6m,APW,Lines_Longlines,LatinAmerica,76,1318,4102.69833581851,11048.4047739621,952.914,2966.25089679679,7987.99665157459,1637840.37960711,0.0513454323196739,0.107363915811225,0.0239475143468336,0.723,GAM,GAM,Data,AIC,BRA,3782524.45967052
67254,1992,Less than 6m,APW,Lines_Longlines,LatinAmerica,76,928,1707.60070497693,8500.40496329405,670.944,1234.59530969832,6145.7927884616,1260119.15536499,0.0513454323196739,0.098254142432803,0.341321200268908,0.723,GAM,GAM,Data,AIC,BRA,2970256.85502177
67255,1993,Less than 6m,APW,Lines_Longlines,LatinAmerica,76,942,1735.57566038717,9232.53599880382,681.066,1254.82120245992,6675.12352713516,1368651.90716528,0.0513454323196739,0.0918274242428998,0.340702459044446,0.723,GAM,GAM,Data,AIC,BRA,3292665.57257012
67256,1994,Less than 6m,APW,Lines_Longlines,LatinAmerica,76,921,2850.84306922244,9466.85348435569,665.883,2061.15953904782,6844.53506918916,1403387.6583743,0.0513454323196739,0.0875581312597462,0.0300017231436863,0.723,GAM,GAM,Data,AIC,BRA,3441393.17472537
67257,1995,Less than 6m,APW,Lines_Longlines,LatinAmerica,76,939,2899.65268084688,10436.1705508851,678.897,2096.4488882523,7545.35130828993,1547081.40101718,0.0513454323196739,0.0809779790277888,0.0325753118692837,0.723,GAM,GAM,Data,AIC,BRA,3866979.14047055
67258,1996,Less than 6m,APW,Lines_Longlines,LatinAmerica,76,941,2901.85153702431,11201.0566786991,680.343,2098.03866126858,8098.36397869942,1660469.84139071,0.0513454323196739,0.0756089380040853,0.03405959881583,0.723,GAM,GAM,Data,AIC,BRA,4230499.81660169
67259,1997,Less than 6m,APW,Lines_Longlines,LatinAmerica,76,946,2912.22813069376,12104.8407005501,683.958,2105.54093849159,8751.79982649771,1794448.8180589,0.0513454323196739,0.0703354980922062,0.0359372817978016,0.723,GAM,GAM,Data,AIC,BRA,4660084.46522309
67260,1998,Less than 6m,APW,Lines_Longlines,LatinAmerica,76,951,2922.34791103554,13078.3443685923,687.573,2112.85753967869,9455.64297849221,1938763.19192876,0.0513454323196739,0.0654440635509988,0.037897261336897,0.723,GAM,GAM,Data,AIC,BRA,5132033.73886232
67261,1999,Less than 6m,APW,Lines_Longlines,LatinAmerica,76,982,1822.49920438956,14741.3719107667,709.986,1317.66692477365,10658.0118914844,2185294.13614174,0.0513454323196739,0.0599537143048739,0.337186568292237,0.723,GAM,GAM,Data,AIC,BRA,5904006.94623839
67262,2000,Less than 6m,APW,Lines_Longlines,LatinAmerica,76,998,1855.43378989823,16153.7988313398,721.554,1341.47863009642,11679.1965550587,2394675.48042509,0.0513454323196739,0.0556030200312641,0.336346680036947,0.723,GAM,GAM,Data,AIC,BRA,6603221.25104908
67263,2001,Less than 6m,APW,Lines_Longlines,LatinAmerica,76,1015,1890.29553018737,17641.6859964125,733.845,1366.68366832547,12754.9389754062,2615243.22111814,0.0513454323196739,0.0517807651822941,0.33551964262148,0.723,GAM,GAM,Data,AIC,BRA,7360265.64918138
67264,2002,Less than 6m,APW,Lines_Longlines,LatinAmerica,76,1032,1925.26780253026,19144.9254333848,746.136,1391.96862122938,13841.7810883372,2838086.81713604,0.0513454323196739,0.0485141612711828,0.334695086991173,0.723,GAM,GAM,Data,AIC,BRA,8152284.04509066
67265,2003,Less than 6m,APW,Lines_Longlines,LatinAmerica,76,1130,2116.33961209062,22963.7070173335,816.99,1530.11353954152,16602.7601735321,3404191.59036371,0.0513454323196739,0.0442872746648591,0.332830808423027,0.723,GAM,GAM,Data,AIC,BRA,9980213.76924125
67266,2004,Less than 6m,APW,Lines_Longlines,LatinAmerica,76,1197,2246.45377086537,25611.3569665773,865.431,1624.18607633566,18517.0110868354,3796685.17533408,0,0.0420633706135085,0.331848074403558,0.723,Data,Data,Data,AIC,BRA,11360636.3419698
67267,2005,Less than 6m,APW,Lines_Longlines,LatinAmerica,76,1067,2000.3449315553,22650.8598051366,771.441,1446.24938551448,16376.5716391137,3357814.41580624,0,0.04239574163018,0.332355254964841,0.723,Data,Data,Data,AIC,BRA,10254795.0091828
67268,2006,Less than 6m,APW,Lines_Longlines,LatinAmerica,76,1191,3578.10779036315,26589.5630721492,861.093,2586.97193243256,19224.2541011638,3941696.64912255,0.0513454323196739,0.0403128098454069,0.0627591074162915,0.723,GAM,Data,Data,AIC,BRA,12270309.4756822
67269,2007,Less than 6m,APW,Lines_Longlines,LatinAmerica,76,1576,4749.74164137084,33681.5913953297,1139.448,3434.06320671112,24351.7905788234,4993034.88289156,0.0513454323196739,0.0421120244394591,0.0592477397665322,0.723,GAM,Data,Data,AIC,BRA,15843055.4660546
67270,2008,Less than 6m,APW,Lines_Longlines,LatinAmerica,76,1574,4737.01343875864,33558.0609469358,1138.002,3424.8607162225,24262.4780646346,4974722.45131165,0.0513454323196739,0.0422134044705389,0.0608173557075636,0.723,GAM,Data,Data,AIC,BRA,16089599.0756054
67271,2009,Less than 6m,APW,Lines_Longlines,LatinAmerica,76,1566,4706.64569452401,33095.585083968,1132.218,3402.90483714086,23928.1080157089,4906163.98894,0.0513454323196739,0.0425857405579675,0.0623027296478724,0.723,GAM,Data,Data,AIC,BRA,16174112.1946452
67272,2010,Less than 6m,APW,Lines_Longlines,LatinAmerica,76,1555,4667.84339946968,32439.3835016949,1124.265,3374.85077781658,23453.6742717254,4808887.19010819,0.0513454323196739,0.0431420036057985,0.0636713772150532,0.723,GAM,Data,Data,AIC,BRA,16159391.5542057
67273,2011,Less than 6m,APW,Lines_Longlines,LatinAmerica,76,1541,4620.60655359565,31708.713235402,1114.143,3340.69853824965,22925.3996691956,4700570.98602296,0.0513454323196739,0.0437387663669543,0.0649278527957696,0.723,GAM,Data,Data,AIC,BRA,16100266.1355022
67274,2012,Less than 6m,APW,Lines_Longlines,LatinAmerica,76,1580,4717.9286745232,32910.4971525118,1142.34,3411.06243168027,23794.289441266,4878726.13758327,0.0513454323196739,0.0432080984194878,0.0695654066522728,0.723,GAM,Data,Data,AIC,BRA,17032990.4786645
67275,2013,Less than 6m,APW,Lines_Longlines,LatinAmerica,76,1486,4439.17893138021,30496.7559975866,1074.378,3209.52636738789,22049.1545862551,4520907.71851403,0.0513454323196739,0.0438538446550132,0.0690766819865462,0.723,GAM,Data,Data,AIC,BRA,16088373.1262383
67276,2014,Less than 6m,APW,Lines_Longlines,LatinAmerica,76,1385,4140.66296521536,28476.9767087431,1001.355,2993.69932385071,20588.8541604212,4221491.09278014,0.0513454323196739,0.0437722028131344,0.0682102274403534,0.723,GAM,Data,Data,AIC,BRA,15312792.2068696
67277,2015,Less than 6m,APW,Lines_Longlines,LatinAmerica,76,1119,2121.44753829838,23891.9454184227,809.037,1533.80657018973,17273.8765375196,3541795.73922588,0.0513454323196739,0.0421522811291642,0.327054923450852,0.723,GAM,Data,Data,AIC,BRA,13112462.0889201
67278,2016,Less than 6m,APW,Lines_Longlines,LatinAmerica,76,984,1863.05015579595,22060.5957392489,711.432,1346.98526264047,15949.810719477,3270312.34274494,0.0513454323196739,0.0401439748258655,0.327676276591053,0.723,GAM,Data,Data,AIC,BRA,12357260.1674688
67279,2017,Less than 6m,APW,Lines_Longlines,LatinAmerica,76,967,2874.96498855264,23698.8596033884,699.141,2078.59968672356,17134.2754932498,3513172.26361447,0.0513454323196739,0.0367232860384373,0.0744453040569137,0.723,GAM,Data,Data,AIC,BRA,13531141.2127678
67280,1950,6-12m,UP,Lines_Longlines,LatinAmerica,76,554,1718.28778006652,0,400.542,1242.32206498809,0,123826.614257455,0.0292161106674869,NA,0.0302595666552165,0.723,GAM,AIC,Data,Pequivalent,BRA,126382.290126603
67281,1951,6-12m,UP,Lines_Longlines,LatinAmerica,76,576,1786.26444058805,0,416.448,1291.46919054516,0,128743.91662869,0.0292161106674869,NA,0.0303891331214525,0.723,GAM,GAM,Data,Pequivalent,BRA,134113.087852569
67282,1952,6-12m,UP,Lines_Longlines,LatinAmerica,76,599,1857.40528577864,0,433.077,1342.90402161796,0,133884.732744072,0.0292161106674869,NA,0.0304786192007791,0.723,GAM,GAM,Data,Pequivalent,BRA,142346.804858263
67283,1953,6-12m,UP,Lines_Longlines,LatinAmerica,76,623,1931.54677541852,0,450.429,1396.50831862759,0,139249.0626036,0.0292161106674869,NA,0.0306078136924347,0.723,GAM,GAM,Data,Pequivalent,BRA,151105.812375263
67284,1954,6-12m,UP,Lines_Longlines,LatinAmerica,76,647,2005.68826505839,0,467.781,1450.11261563722,0,144613.392463129,0.0292161106674869,NA,0.0307274566777756,0.723,GAM,GAM,Data,Pequivalent,BRA,160165.74070294
67285,1955,6-12m,UP,Lines_Longlines,LatinAmerica,76,672,2082.83039914754,0,485.856,1505.88637858367,0,150201.236066805,0.0292161106674869,NA,0.0308811171737067,0.723,GAM,GAM,Data,Pequivalent,BRA,169787.940852722
67286,1956,6-12m,UP,Lines_Longlines,LatinAmerica,76,696,2156.97188878741,0,503.208,1559.49067559329,0,155565.565926334,0.0292161106674869,NA,0.0309829745069486,0.723,GAM,GAM,Data,Pequivalent,BRA,179481.227197116
67287,1957,6-12m,UP,Lines_Longlines,LatinAmerica,76,722,2237.11466732582,0,522.006,1617.43390447657,0,161376.923274157,0.0292161106674869,NA,0.0311566462362026,0.723,GAM,GAM,Data,Pequivalent,BRA,190028.705875339
67288,1958,6-12m,UP,Lines_Longlines,LatinAmerica,76,742,2298.76295850923,0,536.466,1662.00561900217,0,165847.198157097,0,NA,0.0312819996226307,0.723,Data,GAM,Data,Pequivalent,BRA,199323.333118662
67289,1959,6-12m,UP,Lines_Longlines,LatinAmerica,76,790,2447.04593778897,0,571.17,1769.21421302142,0,176575.857876155,0,NA,0.0314372736856158,0.723,Data,GAM,Data,Pequivalent,BRA,216597.554728759
67290,1960,6-12m,UP,Lines_Longlines,LatinAmerica,76,800,2477.54300294109,0,578.4,1791.26359112641,0,178810.995317625,0,NA,0.0316102468850308,0.723,Data,AIC,Data,Pequivalent,BRA,223866.272209332
67291,1961,6-12m,UP,Lines_Longlines,LatinAmerica,76,782,2421.40537999688,0,565.386,1750.67608973774,0,174787.747922979,0,NA,0.0317556905605864,0.723,Data,GAM,Data,Pequivalent,BRA,223345.731094055
67292,1962,6-12m,UP,Lines_Longlines,LatinAmerica,76,858,2656.15950715316,0,620.334,1920.40332367173,0,191774.792478153,0,NA,0.0319495152248864,0.723,Data,GAM,Data,Pequivalent,BRA,250109.62972121
67293,1963,6-12m,UP,Lines_Longlines,LatinAmerica,76,901,2788.62156308758,0,651.423,2016.17339011232,0,201385.883476475,0,NA,0.0321602899857061,0.723,Data,GAM,Data,Pequivalent,BRA,268065.015406989
67294,1964,6-12m,UP,Lines_Longlines,LatinAmerica,76,896,2772.47355930268,0,647.808,2004.49838337584,0,200268.31475574,0,NA,0.0323779585706647,0.723,Data,GAM,Data,Pequivalent,BRA,272079.349105125
67295,1965,6-12m,UP,Lines_Longlines,LatinAmerica,76,933,2886.27758766229,0,674.559,2086.77869587984,0,208538.32328918,0,NA,0.0325906451529755,0.723,Data,GAM,Data,Pequivalent,BRA,289162.144213117
67296,1966,6-12m,UP,Lines_Longlines,LatinAmerica,76,937,2897.95308501981,0,677.451,2095.22008046932,0,209432.378265768,0.0292161106674869,NA,0.032806985742667,0.723,GAM,GAM,Data,Pequivalent,BRA,296395.500248368
67297,1967,6-12m,UP,Lines_Longlines,LatinAmerica,76,946,2925.12242528307,0,683.958,2114.86351347966,0,211444.001963092,0.0292161106674869,NA,0.0330112955935201,0.723,GAM,GAM,Data,Pequivalent,BRA,305418.524028545
67298,1968,6-12m,UP,Lines_Longlines,LatinAmerica,76,950,2936.63438242081,0,686.85,2123.18665849025,0,212338.05693968,0.0292161106674869,NA,0.0332731092149115,0.723,GAM,GAM,Data,Pequivalent,BRA,313040.166131468
67299,1969,6-12m,UP,Lines_Longlines,LatinAmerica,76,950,2935.98022154165,0,686.85,2122.71370017461,0,212338.05693968,0.0292161106674869,NA,0.0334731924745189,0.723,GAM,GAM,Data,Pequivalent,BRA,319501.04857951
67300,1970,6-12m,UP,Lines_Longlines,LatinAmerica,76,945,2919.66867753696,0,683.235,2110.92045385922,0,211220.488218945,0.0292161106674869,NA,0.0337374601298392,0.723,GAM,AIC,Data,Pequivalent,BRA,324378.987201701
67301,1971,6-12m,UP,Lines_Longlines,LatinAmerica,76,937,2894.19165996466,0,677.451,2092.50057015445,0,209432.378265768,0.0292161106674869,NA,0.0339734701853487,0.723,GAM,GAM,Data,Pequivalent,BRA,328271.15130711
67302,1972,6-12m,UP,Lines_Longlines,LatinAmerica,76,925,2856.38498415567,0,668.775,2065.16634354455,0,206750.213336004,0.0292161106674869,NA,0.034206691583258,0.723,GAM,GAM,Data,Pequivalent,BRA,330755.506077662
67303,1973,6-12m,UP,Lines_Longlines,LatinAmerica,76,807,6688.65524246467,0,583.461,4835.89774030196,0,179691.054517648,0.0292161106674869,NA,0.0438084656989298,0.723,GAM,GAM,Data,Pequivalent,BRA,293014.827634926
67304,1974,6-12m,UP,Lines_Longlines,LatinAmerica,76,788,6485.3101892326,0,569.724,4688.87926681517,0,175466.879625344,0.0292161106674869,NA,0.0439951044280325,0.723,GAM,GAM,Data,Pequivalent,BRA,291648.883141539
67305,1975,6-12m,UP,Lines_Longlines,LatinAmerica,76,767,6265.09853276969,0,554.541,4529.66623919249,0,170797.414648322,0.0292161106674869,NA,0.0441960850261349,0.723,GAM,GAM,Data,Pequivalent,BRA,289366.653273332
67306,1976,6-12m,UP,Lines_Longlines,LatinAmerica,76,847,7296.97904875592,0,612.381,5275.71585225053,0,188558.633333329,0.0292161106674869,NA,0.0428074553734406,0.723,GAM,GAM,Data,Pequivalent,BRA,325623.4211447
67307,1977,6-12m,UP,Lines_Longlines,LatinAmerica,76,821,7028.44198099605,0,593.583,5081.56355226014,0,182776.811846302,0.0292161106674869,NA,0.0429683611701234,0.723,GAM,GAM,Data,Pequivalent,BRA,321730.574914131
67308,1978,6-12m,UP,Lines_Longlines,LatinAmerica,76,792,6740.76391160979,0,572.616,4873.57230809388,0,176326.186530408,0.0292161106674869,NA,0.0431177502143037,0.723,GAM,GAM,Data,Pequivalent,BRA,316366.198864497
67309,1979,6-12m,UP,Lines_Longlines,LatinAmerica,76,762,6450.811443828,0,550.926,4663.93667388765,0,169652.047470369,0.0292161106674869,NA,0.0432556706283282,0.723,GAM,GAM,Data,Pequivalent,BRA,310266.14600282
67310,1980,6-12m,UP,Lines_Longlines,LatinAmerica,76,730,6143.99237281537,0,527.79,4442.10648554551,0,162532.618325611,0.0292161106674869,NA,0.0434067154690652,0.723,GAM,AIC,Data,Pequivalent,BRA,302982.707120017
67311,1981,6-12m,UP,Lines_Longlines,LatinAmerica,76,663,5474.25980984448,0,479.349,3957.88984251756,0,147630.168417959,0.0292161106674869,NA,0.0439091238009647,0.723,GAM,GAM,Data,Pequivalent,BRA,280513.940767631
67312,1982,6-12m,UP,Lines_Longlines,LatinAmerica,76,502,3716.16954047027,0,362.946,2686.79057776,0,111840.782214392,0.0292161106674869,NA,0.0469653485061345,0.723,GAM,GAM,Data,Pequivalent,BRA,216611.522172882
67313,1983,6-12m,UP,Lines_Longlines,LatinAmerica,76,480,1472.69029917047,0,347.04,1064.75508630025,0,107286.597190575,0.0292161106674869,NA,0.0400311347628692,0.723,GAM,GAM,Data,Pequivalent,BRA,212079.676277571
67314,1984,6-12m,UP,Lines_Longlines,LatinAmerica,76,458,1405.04071908852,0,331.134,1015.844439901,0,102369.29481934,0.0292161106674869,NA,0.0401285468381395,0.723,GAM,GAM,Data,Pequivalent,BRA,206535.882599543
67315,1985,6-12m,UP,Lines_Longlines,LatinAmerica,76,435,1334.2269543375,0,314.505,964.646087986015,0,97228.4787039586,0.0292161106674869,NA,0.040301452714449,0.723,GAM,GAM,Data,Pequivalent,BRA,200212.651069687
67316,1986,6-12m,UP,Lines_Longlines,LatinAmerica,76,413,2996.40021279745,0,298.599,2166.39735385255,0,92021.0299355053,0.0292161106674869,NA,0.0475661185060678,0.723,GAM,GAM,Data,Pequivalent,BRA,193146.632066831
67317,1987,6-12m,UP,Lines_Longlines,LatinAmerica,76,391,2835.50319013776,0,282.693,2050.0688064696,0,87119.3641964561,0.0292161106674869,NA,0.0475797538266357,0.723,GAM,GAM,Data,Pequivalent,BRA,186387.49492121
67318,1988,6-12m,UP,Lines_Longlines,LatinAmerica,76,369,2662.28836103831,0,266.787,1924.8344850307,0,82219.4358609829,0.0292161106674869,NA,0.0477346466700658,0.723,GAM,GAM,Data,Pequivalent,BRA,179299.298720085
67319,1989,6-12m,UP,Lines_Longlines,LatinAmerica,76,348,2503.66573677416,0,251.604,1810.15032768772,0,77541.2838660807,0.0292161106674869,NA,0.0478207410932243,0.723,GAM,GAM,Data,Pequivalent,BRA,172361.041626605
67320,1991,6-12m,UP,Lines_Longlines,LatinAmerica,76,307,2201.01269308116,0,221.961,1591.33217709768,0,68406.7562168471,0.0292161106674869,NA,0.047926834329506,0.723,GAM,GAM,Data,Pequivalent,BRA,157982.567665728
67321,1992,6-12m,UP,Lines_Longlines,LatinAmerica,76,228,701.972818391826,0,164.844,507.52634769729,0,50961.1336655232,0.0292161106674869,NA,0.0368798991901482,0.723,GAM,GAM,Data,Pequivalent,BRA,120121.701162346
67322,1993,6-12m,UP,Lines_Longlines,LatinAmerica,76,214,658.819014563444,0,154.722,476.32614752937,0,47831.9412474647,0.0292161106674869,NA,0.0369486126444094,0.723,GAM,GAM,Data,Pequivalent,BRA,115072.784679724
67323,1994,6-12m,UP,Lines_Longlines,LatinAmerica,76,318,2521.65842998615,0,229.914,1823.15904487999,0,70823.7097166367,0.0292161106674869,NA,0.0450016908197281,0.723,GAM,GAM,Data,Pequivalent,BRA,173674.201688439
67324,1995,6-12m,UP,Lines_Longlines,LatinAmerica,76,298,2365.31020411754,0,215.454,1710.11927757698,0,66369.0714658815,0.0292161106674869,NA,0.0449754920748526,0.723,GAM,GAM,Data,Pequivalent,BRA,165891.603869209
67325,1996,6-12m,UP,Lines_Longlines,LatinAmerica,76,279,2211.23637664448,0,201.717,1598.72390031396,0,62137.9469592734,0.0292161106674869,NA,0.0450161861021686,0.723,GAM,GAM,Data,Pequivalent,BRA,158313.368097697
67326,1997,6-12m,UP,Lines_Longlines,LatinAmerica,76,261,2059.43694756695,0,188.703,1488.97291309091,0,58130.3361968122,0.0292161106674869,NA,0.0451386515378344,0.723,GAM,GAM,Data,Pequivalent,BRA,150961.272309784
67327,1998,6-12m,UP,Lines_Longlines,LatinAmerica,76,245,1936.82192816001,0,177.135,1400.32225405969,0,54566.2781154928,0.0292161106674869,NA,0.0450866424318651,0.723,GAM,GAM,Data,Pequivalent,BRA,144440.528610543
67328,1999,6-12m,UP,Lines_Longlines,LatinAmerica,76,230,707.319946411219,0,166.29,511.392321255311,0,51408.1611538172,0.0292161106674869,NA,0.0379130706588768,0.723,GAM,GAM,Data,Pequivalent,BRA,138889.376732301
67329,2000,6-12m,UP,Lines_Longlines,LatinAmerica,76,215,661.165498133562,0,155.445,478.022655150565,0,48055.4549916117,0.0292161106674869,NA,0.0379470466487613,0.723,GAM,GAM,Data,Pequivalent,BRA,132510.982896569
67330,2001,6-12m,UP,Lines_Longlines,LatinAmerica,76,194,596.516562500886,0,140.262,431.281474688141,0,43361.6663645241,0,NA,0.0380529440495169,0.723,Data,GAM,Data,Pequivalent,BRA,122035.832406294
67331,2002,6-12m,UP,Lines_Longlines,LatinAmerica,76,192,590.351733382546,0,138.816,426.824303235581,0,42914.63887623,0.0292161106674869,NA,0.0380761483947389,0.723,GAM,GAM,Data,Pequivalent,BRA,123270.480557236
67332,2003,6-12m,UP,Lines_Longlines,LatinAmerica,76,182,559.691128010635,0,131.586,404.656685551689,0,40679.5014347598,0.0292161106674869,NA,0.0379360055049551,0.723,GAM,GAM,Data,Pequivalent,BRA,119261.830472263
67333,2004,6-12m,UP,Lines_Longlines,LatinAmerica,76,163,501.207021496298,0,117.849,362.372676541823,0,36432.7402959661,0,NA,0.0380347230685167,0.723,Data,Data,Data,Pequivalent,BRA,109015.916340095
67334,2005,6-12m,UP,Lines_Longlines,LatinAmerica,76,223,689.586239662079,0,161.229,498.570851275683,0,49843.564944788,0,NA,0.0329476037288578,0.723,Data,Data,Data,Pequivalent,BRA,152222.689446332
67335,2006,6-12m,UP,Lines_Longlines,LatinAmerica,76,430,4008.17169426202,0,310.89,2897.90813495144,0,95683.5087034882,0.0292161106674869,NA,0.0408838785666043,0.723,GAM,Data,Data,Pequivalent,BRA,297858.097165414
67336,2007,6-12m,UP,Lines_Longlines,LatinAmerica,76,194,1771.55638422835,0,140.262,1280.8352657971,0,43174.0267782989,0.0292161106674869,NA,0.0413710598377275,0.723,GAM,Data,Data,Pequivalent,BRA,136992.533996757
67337,2008,6-12m,UP,Lines_Longlines,LatinAmerica,76,170,1556.83933901857,0,122.91,1125.59484211042,0,37832.2831652602,0.0292161106674869,NA,0.0413026803063442,0.723,GAM,Data,Data,Pequivalent,BRA,122359.845036846
67338,2009,6-12m,UP,Lines_Longlines,LatinAmerica,76,164,1493.92172288631,0,118.572,1080.1054056468,0,36498.1503146826,0.0292161106674869,NA,0.0414301033288383,0.723,GAM,Data,Data,Pequivalent,BRA,120323.164781584
67339,2010,6-12m,UP,Lines_Longlines,LatinAmerica,76,136,1233.1536647751,0,98.328,891.570099632399,0,30267.5639357843,0.0292161106674869,NA,0.0415412497308968,0.723,GAM,Data,Data,Pequivalent,BRA,101708.648528162
67340,2011,6-12m,UP,Lines_Longlines,LatinAmerica,76,130,1182.5538550826,0,93.99,854.986437224717,0,28931.6936816305,0.0292161106674869,NA,0.0414636539655831,0.723,GAM,Data,Data,Pequivalent,BRA,99096.0394833198
67341,2012,6-12m,UP,Lines_Longlines,LatinAmerica,76,123,1117.36184055479,0,88.929,807.852610721116,0,27374.047086906,0.0292161106674869,NA,0.0414962775800035,0.723,GAM,Data,Data,Pequivalent,BRA,95570.4153594388
67342,2013,6-12m,UP,Lines_Longlines,LatinAmerica,76,118,1069.03642925783,0,85.314,772.91333835341,0,26261.6905768993,0.0292161106674869,NA,0.0415616867313178,0.723,GAM,Data,Data,Pequivalent,BRA,93456.4258404824
67343,2014,6-12m,UP,Lines_Longlines,LatinAmerica,76,112,1018.43661956532,0,80.976,736.329675945727,0,24925.8203227456,0.0292161106674869,NA,0.0414726020879194,0.723,GAM,Data,Data,Pequivalent,BRA,90414.4764964089
67344,2015,6-12m,UP,Lines_Longlines,LatinAmerica,76,96,296.729498779272,0,69.408,214.535427617414,0,21457.319438115,0.0292161106674869,NA,0.0333491720336986,0.723,GAM,GAM,Data,Pequivalent,BRA,79439.4449533183
67345,2016,6-12m,UP,Lines_Longlines,LatinAmerica,76,91,281.235655873527,0,65.793,203.33337919656,0,20339.7507173799,0.0292161106674869,NA,0.0334742920793807,0.723,GAM,GAM,Data,Pequivalent,BRA,76856.1424763352
67346,2017,6-12m,UP,Lines_Longlines,LatinAmerica,76,85,772.260766289408,0,61.455,558.344534027242,0,18917.0102844181,0.0292161106674869,NA,0.041493155320117,0.723,GAM,GAM,Data,Pequivalent,BRA,72859.7171658451
67347,1950,Less than 6m,UP,Lines_Longlines,LatinAmerica,76,1855,1582.98143379871,0,1341.165,1144.49557663646,0,417767.599499848,0.0292161106674869,NA,0.0101157154074537,0.723,GAM,AIC,Data,Pequivalent,BRA,426389.9669881
67348,1951,Less than 6m,UP,Lines_Longlines,LatinAmerica,76,1933,1649.5421541931,0,1397.559,1192.61897748161,0,435334.107726795,0.0292161106674869,NA,0.0101128640184265,0.723,GAM,GAM,Data,Pequivalent,BRA,453489.399449984
67349,1952,Less than 6m,UP,Lines_Longlines,LatinAmerica,76,2015,1719.51624486413,0,1456.845,1243.21024503676,0,453801.462529484,0.0292161106674869,NA,0.010110104423983,0.723,GAM,GAM,Data,Pequivalent,BRA,482483.602925511
67350,1953,Less than 6m,UP,Lines_Longlines,LatinAmerica,76,2100,1792.05208368758,0,1518.3,1295.65365650612,0,472944.452263979,0.0292161106674869,NA,0.0101109390913489,0.723,GAM,GAM,Data,Pequivalent,BRA,513214.626594368
67351,1954,Less than 6m,UP,Lines_Longlines,LatinAmerica,76,2188,1867.14622977356,0,1581.924,1349.94672412628,0,492763.076930279,0.0292161106674869,NA,0.0101082891520903,0.723,GAM,GAM,Data,Pequivalent,BRA,545756.944521723
67352,1955,Less than 6m,UP,Lines_Longlines,LatinAmerica,76,2281,1946.50880915028,0,1649.163,1407.32586901565,0,513707.759816254,0.0292161106674869,NA,0.0101089034456982,0.723,GAM,GAM,Data,Pequivalent,BRA,580696.837278177
67353,1956,Less than 6m,UP,Lines_Longlines,LatinAmerica,76,2377,2028.42969578953,0,1718.571,1466.55467005583,0,535328.077634037,0.0292161106674869,NA,0.0101063246704019,0.723,GAM,GAM,Data,Pequivalent,BRA,617626.013537776
67354,1957,Less than 6m,UP,Lines_Longlines,LatinAmerica,76,2478,2114.61901571952,0,1791.594,1528.86954836522,0,558074.453671494,0.0292161106674869,NA,0.0101067660423512,0.723,GAM,GAM,Data,Pequivalent,BRA,657158.186323309
67355,1958,Less than 6m,UP,Lines_Longlines,LatinAmerica,76,2565,2188.85981923634,0,1854.495,1582.54564930788,0,577667.866693859,0,NA,0.0101046728117701,0.723,Data,GAM,Data,Pequivalent,BRA,694269.700690989
67356,1959,Less than 6m,UP,Lines_Longlines,LatinAmerica,76,2753,2349.2916631281,0,1990.419,1698.53787244162,0,620007.655753682,0,NA,0.0101058917766577,0.723,Data,GAM,Data,Pequivalent,BRA,760535.125042667
67357,1960,Less than 6m,UP,Lines_Longlines,LatinAmerica,76,2809,2397.078847001,0,2030.907,1733.08800638172,0,632619.507814055,0,NA,0.0101046788760549,0.723,Data,AIC,Data,Pequivalent,BRA,792021.601857697
67358,1961,Less than 6m,UP,Lines_Longlines,LatinAmerica,76,2775,2368.06347920465,0,2006.325,1712.10989546496,0,624962.311920257,0,NA,0.0101027851956075,0.723,Data,GAM,Data,Pequivalent,BRA,798583.803045326
67359,1962,Less than 6m,UP,Lines_Longlines,LatinAmerica,76,3080,2628.33640368799,0,2226.84,1900.28721986642,0,693651.863320502,0,NA,0.010101796842107,0.723,Data,GAM,Data,Pequivalent,BRA,904649.71151139
67360,1963,Less than 6m,UP,Lines_Longlines,LatinAmerica,76,3272,2792.18161785639,0,2365.656,2018.74730971017,0,736892.498956063,0,NA,0.0101029183328906,0.723,Data,GAM,Data,Pequivalent,BRA,980878.57835888
67361,1964,Less than 6m,UP,Lines_Longlines,LatinAmerica,76,3293,2810.10181180873,0,2380.839,2031.70360993771,0,741621.943478709,0,NA,0.0101025493081106,0.723,Data,GAM,Data,Pequivalent,BRA,1007548.37783435
67362,1965,Less than 6m,UP,Lines_Longlines,LatinAmerica,76,3467,2958.58513928731,0,2506.641,2139.05705570472,0,780808.769523432,0,NA,0.0101017641076741,0.723,Data,GAM,Data,Pequivalent,BRA,1082680.31724179
67363,1966,Less than 6m,UP,Lines_Longlines,LatinAmerica,76,3524,3007.22566572937,0,2547.852,2174.22415632233,0,793645.833227741,0.0292161106674869,NA,0.0101008467955472,0.723,GAM,GAM,Data,Pequivalent,BRA,1123193.34626024
67364,1967,Less than 6m,UP,Lines_Longlines,LatinAmerica,76,3597,3069.52139372291,0,2600.631,2219.26396766166,0,810086.283235012,0.0292161106674869,NA,0.0101017389979278,0.723,GAM,GAM,Data,Pequivalent,BRA,1170122.37123943
67365,1968,Less than 6m,UP,Lines_Longlines,LatinAmerica,76,3648,3113.04186475001,0,2637.504,2250.72926821426,0,821572.077075708,0.0292161106674869,NA,0.0101009464944304,0.723,GAM,GAM,Data,Pequivalent,BRA,1211205.67459
67366,1969,Less than 6m,UP,Lines_Longlines,LatinAmerica,76,3677,3137.78879925562,0,2658.471,2268.62130186181,0,828103.214749833,0.0292161106674869,NA,0.0101005056595343,0.723,GAM,GAM,Data,Pequivalent,BRA,1246031.20730164
67367,1970,Less than 6m,UP,Lines_Longlines,LatinAmerica,76,3683,3142.90885467057,0,2662.809,2272.32310192682,0,829454.484613446,0.0292161106674869,NA,0.0101004153190545,0.723,GAM,AIC,Data,Pequivalent,BRA,1273823.42460037
67368,1971,Less than 6m,UP,Lines_Longlines,LatinAmerica,76,3667,3129.25537356403,0,2651.241,2262.45163508679,0,825851.09831048,0.0292161106674869,NA,0.0101006568839524,0.723,GAM,GAM,Data,Pequivalent,BRA,1294465.98990818
67369,1972,Less than 6m,UP,Lines_Longlines,LatinAmerica,76,3630,3097.68169850515,0,2624.49,2239.62386801922,0,817518.267484876,0.0292161106674869,NA,0.0101012236587947,0.723,GAM,GAM,Data,Pequivalent,BRA,1307851.94330247
67370,1973,Less than 6m,UP,Lines_Longlines,LatinAmerica,76,4705,3133.63813395956,0,3401.715,2265.62037085276,0,1059620.78471525,0.0292161106674869,NA,0.417229956315952,0.723,GAM,GAM,Data,Pequivalent,BRA,1727880.1241674
67371,1974,Less than 6m,UP,Lines_Longlines,LatinAmerica,76,4609,3069.69992761309,0,3332.307,2219.39304766426,0,1038000.46689746,0.0292161106674869,NA,0.417229956315952,0.723,GAM,GAM,Data,Pequivalent,BRA,1725292.41710704
67372,1975,Less than 6m,UP,Lines_Longlines,LatinAmerica,76,4495,2993.77330757666,0,3249.885,2164.49810137793,0,1012326.33948885,0.0292161106674869,NA,0.417229956315952,0.723,GAM,GAM,Data,Pequivalent,BRA,1715093.20256101
67373,1976,Less than 6m,UP,Lines_Longlines,LatinAmerica,76,3318,2214.51124924656,0,2398.914,1601.09163320526,0,747252.234577087,0.0292161106674869,NA,0.413980171426115,0.723,GAM,GAM,Data,Pequivalent,BRA,1290435.89667344
67374,1977,Less than 6m,UP,Lines_Longlines,LatinAmerica,76,3212,2143.91281307232,0,2322.276,1550.04896385129,0,723379.800319952,0.0292161106674869,NA,0.413873156938527,0.723,GAM,GAM,Data,Pequivalent,BRA,1273320.15854349
67375,1978,Less than 6m,UP,Lines_Longlines,LatinAmerica,76,3098,2067.8074625591,0,2239.854,1495.02479543023,0,697705.672911336,0.0292161106674869,NA,0.413883469886726,0.723,GAM,GAM,Data,Pequivalent,BRA,1251830.46266976
67376,1979,Less than 6m,UP,Lines_Longlines,LatinAmerica,76,2982,1990.54879655712,0,2155.986,1439.1667799108,0,671581.12221485,0.0292161106674869,NA,0.413753583557005,0.723,GAM,GAM,Data,Pequivalent,BRA,1228213.21419209
67377,1980,Less than 6m,UP,Lines_Longlines,LatinAmerica,76,2863,1911.11333113001,0,2069.949,1381.734938407,0,644780.936586558,0.0292161106674869,NA,0.413753922781452,0.723,GAM,AIC,Data,Pequivalent,BRA,1201958.57101744
67378,1981,Less than 6m,UP,Lines_Longlines,LatinAmerica,76,2751,1837.76987039675,0,1988.973,1328.70761629685,0,619557.232465812,0.0292161106674869,NA,0.41256089341709,0.723,GAM,GAM,Data,Pequivalent,BRA,1177228.49382681
67379,1982,Less than 6m,UP,Lines_Longlines,LatinAmerica,76,3451,2298.44531355886,0,2495.073,1661.77596170306,0,777205.383220474,0.0292161106674869,NA,0.417229956315952,0.723,GAM,GAM,Data,Pequivalent,BRA,1505279.53906497
67380,1983,Less than 6m,UP,Lines_Longlines,LatinAmerica,76,3295,2811.76376537851,0,2382.285,2032.90520236866,0,742072.366766578,0.0292161106674869,NA,0.0100450508117196,0.723,GAM,GAM,Data,Pequivalent,BRA,1466897.743423
67381,1984,Less than 6m,UP,Lines_Longlines,LatinAmerica,76,3143,2682.05569486636,0,2272.389,1939.12626738838,0,707840.196888421,0.0292161106674869,NA,0.0100450508117196,0.723,GAM,GAM,Data,Pequivalent,BRA,1428107.91128127
67382,1985,Less than 6m,UP,Lines_Longlines,LatinAmerica,76,2993,2554.05430949252,0,2163.939,1846.58126576309,0,674058.450298137,0.0292161106674869,NA,0.0100450508117196,0.723,GAM,GAM,Data,Pequivalent,BRA,1388019.55053751
67383,1986,Less than 6m,UP,Lines_Longlines,LatinAmerica,76,2848,1896.83345494513,0,2059.104,1371.41058792533,0,641402.761927529,0.0292161106674869,NA,0.417229956315952,0.723,GAM,GAM,Data,Pequivalent,BRA,1346265.99323538
67384,1987,Less than 6m,UP,Lines_Longlines,LatinAmerica,76,2708,1803.59023735653,0,1957.884,1303.99574160877,0,609873.131776597,0.0292161106674869,NA,0.417229956315952,0.723,GAM,GAM,Data,Pequivalent,BRA,1304792.87010473
67385,1988,Less than 6m,UP,Lines_Longlines,LatinAmerica,76,2572,1713.01111169904,0,1859.556,1238.50703375841,0,579244.348201406,0.0292161106674869,NA,0.417229956315952,0.723,GAM,GAM,Data,Pequivalent,BRA,1263181.92690702
67386,1989,Less than 6m,UP,Lines_Longlines,LatinAmerica,76,2442,1626.4281239382,0,1765.566,1175.90753360732,0,549966.834489826,0.0292161106674869,NA,0.417229956315952,0.723,GAM,GAM,Data,Pequivalent,BRA,1222482.42131852
67387,1990,Less than 6m,UP,Lines_Longlines,LatinAmerica,76,2317,1543.17525109124,0,1675.191,1115.71570653897,0,521815.378997923,0.0292161106674869,NA,0.417229956315952,0.723,GAM,AIC,Data,Pequivalent,BRA,1182292.73601956
67388,1991,Less than 6m,UP,Lines_Longlines,LatinAmerica,76,2197,1463.25249315816,0,1588.431,1057.93155255335,0,494789.981725696,0.0292161106674869,NA,0.417229956315952,0.723,GAM,GAM,Data,Pequivalent,BRA,1142696.9511683
67389,1992,Less than 6m,UP,Lines_Longlines,LatinAmerica,76,1591,1357.70243643065,0,1150.293,981.618861539361,0,358311.725500948,0.0292161106674869,NA,0.0101365949610057,0.723,GAM,GAM,Data,Pequivalent,BRA,844585.096871736
67390,1993,Less than 6m,UP,Lines_Longlines,LatinAmerica,76,1510,1288.58168832878,0,1091.73,931.644560661709,0,340069.582342194,0.0292161106674869,NA,0.0101415054762957,0.723,GAM,GAM,Data,Pequivalent,BRA,818130.161653457
67391,1994,Less than 6m,UP,Lines_Longlines,LatinAmerica,76,1433,957.806813376786,0,1036.059,692.494326071416,0,322728.285759182,0.0292161106674869,NA,0.411739166282463,0.723,GAM,GAM,Data,Pequivalent,BRA,791395.672660424
67392,1995,Less than 6m,UP,Lines_Longlines,LatinAmerica,76,1360,909.008405157359,0,983.28,657.213076928771,0,306287.83575191,0.0292161106674869,NA,0.411748906314477,0.723,GAM,GAM,Data,Pequivalent,BRA,765576.181740519
67393,1996,Less than 6m,UP,Lines_Longlines,LatinAmerica,76,1292,863.718842328613,0,934.116,624.468723003587,0,290973.443964315,0.0292161106674869,NA,0.411461504504716,0.723,GAM,GAM,Data,Pequivalent,BRA,741334.211945708
67394,1997,Less than 6m,UP,Lines_Longlines,LatinAmerica,76,1228,820.914640954168,0,887.844,593.521285409863,0,276559.89875246,0.0292161106674869,NA,0.411497904892809,0.723,GAM,GAM,Data,Pequivalent,BRA,718210.78144437
67395,1998,Less than 6m,UP,Lines_Longlines,LatinAmerica,76,1170,782.285307953178,0,845.91,565.592277650148,0,263497.623404216,0.0292161106674869,NA,0.411214855574418,0.723,GAM,GAM,Data,Pequivalent,BRA,697495.547187057
67396,1999,Less than 6m,UP,Lines_Longlines,LatinAmerica,76,1115,951.504491731249,0,806.145,687.937747521693,0,251110.982987779,0.0292161106674869,NA,0.0101495503411337,0.723,GAM,GAM,Data,Pequivalent,BRA,678426.287480981
67397,2000,Less than 6m,UP,Lines_Longlines,LatinAmerica,76,1065,908.837363273305,0,769.995,657.089413646599,0,239850.400791017,0.0292161106674869,NA,0.0101544562737301,0.723,GAM,GAM,Data,Pequivalent,BRA,661377.82614901
67398,2001,Less than 6m,UP,Lines_Longlines,LatinAmerica,76,972,829.474783896586,0,702.756,599.710268757231,0,218905.717905042,0,NA,0.0101574319084145,0.723,Data,GAM,Data,Pequivalent,BRA,616081.985375342
67399,2002,Less than 6m,UP,Lines_Longlines,LatinAmerica,76,976,832.888154173222,0,705.648,602.178135467239,0,219806.564480782,0.0292161106674869,NA,0.0101569713444201,0.723,GAM,GAM,Data,Pequivalent,BRA,631385.036498331
67400,2003,Less than 6m,UP,Lines_Longlines,LatinAmerica,76,945,806.446577643901,0,683.235,583.060875636541,0,212825.003518791,0.0292161106674869,NA,0.010214583040846,0.723,GAM,GAM,Data,Pequivalent,BRA,623948.145741738
67401,2004,Less than 6m,UP,Lines_Longlines,LatinAmerica,76,863,736.469046082986,0,623.949,532.467120317999,0,194357.648716102,0,NA,0.0102138151544815,0.723,Data,Data,Data,Pequivalent,BRA,581566.936781809
67402,2005,Less than 6m,UP,Lines_Longlines,LatinAmerica,76,950,810.70124737509,0,686.85,586.13700185219,0,213951.061738467,0,NA,0.0101600343351776,0.723,Data,Data,Data,Pequivalent,BRA,653408.440263125
67403,2006,Less than 6m,UP,Lines_Longlines,LatinAmerica,76,842,564.365961033164,0,608.766,408.036589826977,0,189628.204193462,0.0292161106674869,NA,0.407420874848262,0.723,GAM,Data,Data,Pequivalent,BRA,590303.353579885
67404,2007,Less than 6m,UP,Lines_Longlines,LatinAmerica,76,1051,699.990154897235,0,759.873,506.092881990701,0,236697.437775924,0.0292161106674869,NA,0.417229956315951,0.723,GAM,Data,Data,Pequivalent,BRA,751048.355020758
67405,2008,Less than 6m,UP,Lines_Longlines,LatinAmerica,76,1012,674.015258568984,0,731.676,487.313031945375,0,227914.18366245,0.0292161106674869,NA,0.417229956315952,0.723,GAM,Data,Data,Pequivalent,BRA,737136.16682391
67406,2009,Less than 6m,UP,Lines_Longlines,LatinAmerica,76,975,649.372408206284,0,704.925,469.496251133143,0,219581.352836848,0.0292161106674869,NA,0.417229956315952,0.723,GAM,Data,Data,Pequivalent,BRA,723892.117067714
67407,2010,Less than 6m,UP,Lines_Longlines,LatinAmerica,76,1107,737.287441932673,0,800.361,533.058820517323,0,249309.289836297,0.0292161106674869,NA,0.417229956315952,0.723,GAM,Data,Data,Pequivalent,BRA,837758.565194173
67408,2011,Less than 6m,UP,Lines_Longlines,LatinAmerica,76,1119,745.279717725981,0,809.037,538.837235915884,0,252011.82956352,0.0292161106674869,NA,0.417229956315951,0.723,GAM,Data,Data,Pequivalent,BRA,863183.970060712
67409,2012,Less than 6m,UP,Lines_Longlines,LatinAmerica,76,1067,710.646522621646,0,771.441,513.79743585545,0,240300.824078888,0.0292161106674869,NA,0.417229956315952,0.723,GAM,Data,Data,Pequivalent,BRA,838957.041884394
67410,2013,Less than 6m,UP,Lines_Longlines,LatinAmerica,76,709,472.210294787954,0,512.607,341.408043131691,0,159675.055550077,0.0292161106674869,NA,0.417229956315952,0.723,GAM,Data,Data,Pequivalent,BRA,568229.221340274
67411,2014,Less than 6m,UP,Lines_Longlines,LatinAmerica,76,1083,721.302890346057,0,783.009,521.501989720199,0,243904.210381852,0.0292161106674869,NA,0.417229956315951,0.723,GAM,Data,Data,Pequivalent,BRA,884724.001513465
67412,2015,Less than 6m,UP,Lines_Longlines,LatinAmerica,76,1044,890.88964220187,0,754.812,644.113211311952,0,235120.956268378,0.0292161106674869,NA,0.0100450508117196,0.723,GAM,GAM,Data,Pequivalent,BRA,870466.523869498
67413,2016,Less than 6m,UP,Lines_Longlines,LatinAmerica,76,1006,858.462624573832,0,727.338,620.668477566881,0,226562.913798839,0.0292161106674869,NA,0.0100450508117196,0.723,GAM,GAM,Data,Pequivalent,BRA,856094.640722337
67414,2017,Less than 6m,UP,Lines_Longlines,LatinAmerica,76,970,646.042293292406,0,701.31,467.08857805041,0,218455.294617171,0.0292161106674869,NA,0.417229956315952,0.723,GAM,GAM,Data,Pequivalent,BRA,841390.406828657
111898,1950,6-12m,APW,Others_Multiple_Gears,LatinAmerica,76,3,9.49774847568639,65.1915644579715,2.169,6.86687214792126,47.1335011031134,9664.14417859307,0.0513454323196739,0.041416401377216,0.0389562111743512,0.723,GAM,AIC,Data,AIC,BRA,9732.75182974406
111899,1951,6-12m,APW,Others_Multiple_Gears,LatinAmerica,76,3,9.49774847568639,65.0216264764395,2.169,6.86687214792126,47.0106359424658,9638.95218989639,0.0513454323196739,0.0415246456650595,0.0389562111743512,0.723,GAM,GAM,Data,AIC,BRA,9776.29559598496
111900,1952,6-12m,APW,Others_Multiple_Gears,LatinAmerica,76,3,9.49774847568639,64.8521183739864,2.169,6.86687214792126,46.8880815843922,9613.82392744146,0.0513454323196739,0.0416331812698816,0.0389562111743512,0.723,GAM,GAM,Data,AIC,BRA,9820.0321899073
111901,1953,6-12m,APW,Others_Multiple_Gears,LatinAmerica,76,3,9.49774847568639,64.6828787872389,2.169,6.86687214792126,46.7657213631737,9588.73547035884,0.0513454323196739,0.041742112451134,0.0389562111743512,0.723,GAM,GAM,Data,AIC,BRA,9863.9380095058
111902,1954,6-12m,APW,Others_Multiple_Gears,LatinAmerica,76,4,12.6636646342485,86.0180249237164,2.892,9.15582953056166,62.191032019847,12751.505531924,0.0513454323196739,0.0418516933304688,0.0389562111743512,0.723,GAM,GAM,Data,AIC,BRA,13210.605063903
111903,1955,6-12m,APW,Others_Multiple_Gears,LatinAmerica,76,4,12.6636646342485,85.7909263413352,2.892,9.15582953056166,62.0268397447853,12717.8399271616,0.0513454323196739,0.0419624796412237,0.0389562111743512,0.723,GAM,GAM,Data,AIC,BRA,13269.2644453115
111904,1956,6-12m,APW,Others_Multiple_Gears,LatinAmerica,76,5,15.8295807928106,106.951302650704,3.615,11.4447869132021,77.325791816459,15854.7017163715,0.0513454323196739,0.0420752238492757,0.0389562111743512,0.723,GAM,GAM,Data,AIC,BRA,16659.5712337807
111905,1957,6-12m,APW,Others_Multiple_Gears,LatinAmerica,76,5,15.8295807928106,106.657311634652,3.615,11.4447869132021,77.1132363118534,15811.1198267519,0.0513454323196739,0.0421912003127781,0.0389562111743512,0.723,GAM,GAM,Data,AIC,BRA,16731.7213482797
111906,1958,6-12m,APW,Others_Multiple_Gears,LatinAmerica,76,5,15.8295807928106,106.352595731117,3.615,11.4447869132021,76.8929267135976,15765.9480556837,0,0.0423120843366814,0.0389562111743512,0.723,Data,GAM,Data,AIC,BRA,16802.3618633539
111907,1959,6-12m,APW,Others_Multiple_Gears,LatinAmerica,76,5,15.8295807928106,106.031747368473,3.615,11.4447869132021,76.660953347406,15718.3847725835,0,0.0424401192254425,0.0389562111743512,0.723,Data,GAM,Data,AIC,BRA,16870.5952872022
111908,1960,6-12m,APW,Others_Multiple_Gears,LatinAmerica,76,8,25.327329268497,169.102666774664,5.784,18.3116590611233,122.261228078082,25068.1597578243,0,0.0425776845352433,0.0389562111743512,0.723,Data,AIC,Data,AIC,BRA,27096.7493682998
111909,1961,6-12m,APW,Others_Multiple_Gears,LatinAmerica,76,8,25.327329268497,168.51161742353,5.784,18.3116590611233,121.833899397212,24980.5412723114,0,0.042727024463268,0.0389562111743512,0.723,Data,GAM,Data,AIC,BRA,27193.7333069171
111910,1962,6-12m,APW,Others_Multiple_Gears,LatinAmerica,76,8,25.327329268497,167.87148323034,5.784,18.3116590611233,121.371082375536,24885.6463393846,0,0.0428899528463732,0.0389562111743512,0.723,Data,GAM,Data,AIC,BRA,27282.7512740038
111911,1963,6-12m,APW,Others_Multiple_Gears,LatinAmerica,76,10,31.6591615856213,208.972959451726,7.23,22.8895738264042,151.087449683598,30978.6216416196,0,0.0430677730918533,0.0389562111743512,0.723,Data,GAM,Data,AIC,BRA,34203.7385772083
111912,1964,6-12m,APW,Others_Multiple_Gears,LatinAmerica,76,10,31.6591615856213,208.036676249705,7.23,22.8895738264042,150.410516928537,30839.8249133687,0,0.0432616025320331,0.0389562111743512,0.723,Data,GAM,Data,AIC,BRA,34292.2231311981
111913,1965,6-12m,APW,Others_Multiple_Gears,LatinAmerica,76,10,31.6591615856213,207.029062407208,7.23,22.8895738264042,149.682012120411,30690.4539704991,0,0.0434721574611481,0.0389562111743512,0.723,Data,GAM,Data,AIC,BRA,34368.3987748917
111914,1966,6-12m,APW,Others_Multiple_Gears,LatinAmerica,76,11,34.8250777441834,226.544711698898,7.953,25.1785312090446,163.791826558303,33583.4977264184,0.0513454323196739,0.0436999827793736,0.0389562111743512,0.723,GAM,GAM,Data,AIC,BRA,37875.1325524202
111915,1967,6-12m,APW,Others_Multiple_Gears,LatinAmerica,76,11,34.8250777441834,225.27879532358,7.953,25.1785312090446,162.876569018948,33395.8354349727,0.0513454323196739,0.0439455474971806,0.0389562111743512,0.723,GAM,GAM,Data,AIC,BRA,37930.8693785146
111916,1968,6-12m,APW,Others_Multiple_Gears,LatinAmerica,76,12,37.9909939027456,244.292968935097,8.676,27.4674885916851,176.623816540075,36214.5393078789,0.0513454323196739,0.0442092134173101,0.0389562111743512,0.723,GAM,GAM,Data,AIC,BRA,41424.3496206307
111917,1969,6-12m,APW,Others_Multiple_Gears,LatinAmerica,76,15,47.488742378432,303.430036844016,10.845,34.3343607396063,219.379916638224,44981.1512970649,0.0513454323196739,0.0444913105518948,0.0389562111743512,0.723,GAM,GAM,Data,AIC,BRA,51817.3918816457
111918,1970,6-12m,APW,Others_Multiple_Gears,LatinAmerica,76,16,50.6546585369941,321.485270566422,11.568,36.6233181222467,232.433850619523,47657.6997634546,0.0513454323196739,0.044792098793916,0.0389562111743512,0.723,GAM,AIC,Data,AIC,BRA,55290.4734690671
111919,1971,6-12m,APW,Others_Multiple_Gears,LatinAmerica,76,17,53.8205746955562,339.156424457235,12.291,38.9122755048871,245.210094882581,50277.3113715334,0.0513454323196739,0.045111927407789,0.0389562111743512,0.723,GAM,GAM,Data,AIC,BRA,58743.7309969049
111920,1972,6-12m,APW,Others_Multiple_Gears,LatinAmerica,76,19,60.1524070126805,376.226006648419,13.737,43.490190270168,272.011402806807,55772.5896320629,0.0513454323196739,0.0454514034059848,0.0389562111743512,0.723,GAM,GAM,Data,AIC,BRA,65626.9982692734
111921,1973,6-12m,APW,Others_Multiple_Gears,LatinAmerica,76,23,73.4136320520616,451.855194653966,16.629,53.0780559736405,326.691305734817,66984.0306071715,0.0513454323196739,0.0458111364988339,0.0481846034889077,0.723,GAM,GAM,Data,AIC,BRA,79378.9328509431
111922,1974,6-12m,APW,Others_Multiple_Gears,LatinAmerica,76,24,76.6055290978034,467.620451903333,17.352,55.3857975377119,338.08958672611,69321.1078093717,0.0513454323196739,0.0461913073136184,0.0481846034889077,0.723,GAM,GAM,Data,AIC,BRA,82731.6570627734
111923,1975,6-12m,APW,Others_Multiple_Gears,LatinAmerica,76,26,82.9893231892871,502.23854548036,18.798,60.0012806658546,363.1184683823,74452.971882554,0.0513454323196739,0.0465914060371837,0.0481846034889077,0.723,GAM,GAM,Data,AIC,BRA,89487.1167686626
111924,1976,6-12m,APW,Others_Multiple_Gears,LatinAmerica,76,24,76.6055290978034,459.475018012447,17.352,55.3857975377119,332.200438022999,68113.6103643692,0.0513454323196739,0.0470101728129534,0.0481846034889077,0.723,GAM,GAM,Data,AIC,BRA,82448.8547611749
111925,1977,6-12m,APW,Others_Multiple_Gears,LatinAmerica,76,26,82.9893231892871,493.191245509204,18.798,60.0012806658546,356.577270503154,73111.7797808578,0.0513454323196739,0.0474460976610408,0.0481846034889077,0.723,GAM,GAM,Data,AIC,BRA,89127.2141905403
111926,1978,6-12m,APW,Others_Multiple_Gears,LatinAmerica,76,25,79.7974261435453,469.75542542715,18.075,57.6935391017832,339.633172583829,69637.6010876539,0.0513454323196739,0.0478972647937821,0.0481846034889077,0.723,GAM,GAM,Data,AIC,BRA,85494.6673860042
111927,1979,6-12m,APW,Others_Multiple_Gears,LatinAmerica,76,27,86.1812202350289,502.471084023726,19.521,62.3090222299259,363.286593749154,74487.4439193711,0.0513454323196739,0.0483609918513293,0.0481846034889077,0.723,GAM,GAM,Data,AIC,BRA,92098.0734975974
111928,1980,6-12m,APW,Others_Multiple_Gears,LatinAmerica,76,29,92.5650143265125,534.470105744196,20.967,66.9245053580685,386.421886453054,79231.0508883359,0.0513454323196739,0.0488334141039719,0.0481846034889077,0.723,GAM,AIC,Data,AIC,BRA,98658.6434618416
111929,1981,6-12m,APW,Others_Multiple_Gears,LatinAmerica,76,35,111.716396600963,638.839048774178,25.305,80.7709547424962,461.880632263731,94702.9378049231,0.0513454323196739,0.0493081943886227,0.0481846034889077,0.723,GAM,GAM,Data,AIC,BRA,118761.431606773
111930,1982,6-12m,APW,Others_Multiple_Gears,LatinAmerica,76,43,137.251572966898,777.45557120036,31.089,99.2328872550673,562.10037797786,115251.762938969,0.0513454323196739,0.04977776407242,0.0481846034889077,0.723,GAM,GAM,Data,AIC,BRA,145556.565297628
111931,1983,6-12m,APW,Others_Multiple_Gears,LatinAmerica,76,47,148.79805945242,842.083329235729,33.981,107.5809969841,608.826247037432,124832.327185064,0.0513454323196739,0.0502325583839682,0.0389562111743512,0.723,GAM,GAM,Data,AIC,BRA,158775.517813299
111932,1984,6-12m,APW,Others_Multiple_Gears,LatinAmerica,76,51,161.461724086669,905.998169608172,36.873,116.736826514662,655.036676626708,134307.206912936,0.0513454323196739,0.0506623540087845,0.0389562111743512,0.723,GAM,GAM,Data,AIC,BRA,172039.44684174
111933,1985,6-12m,APW,Others_Multiple_Gears,LatinAmerica,76,55,174.125388720917,969.501558887763,39.765,125.892656045223,700.949627075853,143721.092205149,0.0513454323196739,0.0510571639067685,0.0389562111743512,0.723,GAM,GAM,Data,AIC,BRA,185405.015404512
111934,1986,6-12m,APW,Others_Multiple_Gears,LatinAmerica,76,59,188.321925698767,1032.92850494284,42.657,136.156752280209,746.807309073673,153123.645381785,0.0513454323196739,0.0514072365569369,0.0481846034889077,0.723,GAM,GAM,Data,AIC,BRA,198936.960408304
111935,1987,6-12m,APW,Others_Multiple_Gears,LatinAmerica,76,75,239.392278430636,1305.50629179368,54.225,173.08061730535,943.881048966831,193531.189730663,0.0513454323196739,0.0517040786584487,0.0481846034889077,0.723,GAM,GAM,Data,AIC,BRA,253219.084257473
111936,1988,6-12m,APW,Others_Multiple_Gears,LatinAmerica,76,69,220.240896156185,1195.60012482799,49.887,159.234167920922,864.418890250637,177238.452280596,0.0513454323196739,0.0519404428875702,0.0481846034889077,0.723,GAM,GAM,Data,AIC,BRA,233547.738093641
111937,1989,6-12m,APW,Others_Multiple_Gears,LatinAmerica,76,87,277.695042979537,1502.54709332846,62.901,200.773516074205,1086.34154847648,222740.961438556,0.0513454323196739,0.052111511411299,0.0481846034889077,0.723,GAM,GAM,Data,AIC,BRA,295590.21652018
111938,1990,6-12m,APW,Others_Multiple_Gears,LatinAmerica,76,112,357.492469123083,1930.52453571994,80.976,258.467055175989,1395.76923932552,286185.300331869,0.0513454323196739,0.0522137886024893,0.0481846034889077,0.723,GAM,AIC,Data,AIC,BRA,382480.71071426
111939,1991,6-12m,APW,Others_Multiple_Gears,LatinAmerica,76,119,379.835748443275,2049.89365066644,86.037,274.621246124488,1482.07310943184,303880.84647968,0.0513454323196739,0.0522466128743707,0.0481846034889077,0.723,GAM,GAM,Data,AIC,BRA,409013.64015216
111940,1992,6-12m,APW,Others_Multiple_Gears,LatinAmerica,76,106,335.587112807586,1827.17954556531,76.638,242.629482559885,1321.05081144372,270865.20649314,0.0513454323196739,0.052211617753462,0.0389562111743512,0.723,GAM,GAM,Data,AIC,BRA,367163.867001096
111941,1993,6-12m,APW,Others_Multiple_Gears,LatinAmerica,76,113,357.748525917521,1951.53619918819,81.699,258.652184238368,1410.96067201306,289300.116594947,0.0513454323196739,0.0521127919852605,0.0389562111743512,0.723,GAM,GAM,Data,AIC,BRA,394936.770913639
111942,1994,6-12m,APW,Others_Multiple_Gears,LatinAmerica,76,103,328.765395711406,1784.1522414171,74.469,237.697381099347,1289.94207054456,264486.742126441,0.0513454323196739,0.0519574495091134,0.0481846034889077,0.723,GAM,GAM,Data,AIC,BRA,363626.159043664
111943,1995,6-12m,APW,Others_Multiple_Gears,LatinAmerica,76,103,328.765395711406,1791.14695318076,74.469,237.697381099347,1294.99924714969,265523.653934492,0.0513454323196739,0.0517545474621059,0.0481846034889077,0.723,GAM,GAM,Data,AIC,BRA,367643.317545924
111944,1996,6-12m,APW,Others_Multiple_Gears,LatinAmerica,76,117,373.451954351792,2043.99634183835,84.591,270.005762996346,1477.80935514913,303006.616151657,0.0513454323196739,0.0515167262507399,0.0481846034889077,0.723,GAM,GAM,Data,AIC,BRA,422520.535113545
111945,1997,6-12m,APW,Others_Multiple_Gears,LatinAmerica,76,126,402.179027763468,2212.29117872131,91.098,290.775437072987,1599.48652221551,327955.021388938,0.0513454323196739,0.0512590752477459,0.0481846034889077,0.723,GAM,GAM,Data,AIC,BRA,460555.787028292
111946,1998,6-12m,APW,Others_Multiple_Gears,LatinAmerica,76,131,418.138512992177,2311.88088607884,94.713,302.314144893344,1671.489880635,342718.423657455,0.0513454323196739,0.0509974370695062,0.0481846034889077,0.723,GAM,GAM,Data,AIC,BRA,484705.178430948
111947,1999,6-12m,APW,Others_Multiple_Gears,LatinAmerica,76,121,383.075855186018,2145.91717891119,87.483,276.963843299491,1551.49812035279,318115.590333583,0.0513454323196739,0.0507475316709354,0.0389562111743512,0.723,GAM,GAM,Data,AIC,BRA,453103.493681845
111948,2000,6-12m,APW,Others_Multiple_Gears,LatinAmerica,76,126,398.905435978828,2244.41495389813,91.098,288.408630212693,1622.71201166835,332717.122090933,0.0513454323196739,0.0505254163464939,0.0389562111743512,0.723,GAM,GAM,Data,AIC,BRA,477265.297130017
111949,2001,6-12m,APW,Others_Multiple_Gears,LatinAmerica,76,130,411.569100613077,2323.72573044351,93.99,297.564459743255,1680.05370311066,344474.330033762,0.0513454323196739,0.0503501762136401,0.0389562111743512,0.723,GAM,GAM,Data,AIC,BRA,497638.324952898
111950,2002,6-12m,APW,Others_Multiple_Gears,LatinAmerica,76,135,427.398681405888,2418.08630684792,97.605,309.009246656457,1748.27639985105,358462.554165663,0.0513454323196739,0.0502463454906126,0.0389562111743512,0.723,GAM,GAM,Data,AIC,BRA,521522.439518335
111951,2003,6-12m,APW,Others_Multiple_Gears,LatinAmerica,76,162,512.878417687065,2902.11818978381,117.126,370.811095987748,2098.23145121369,430216.529432571,0.0513454323196739,0.0502391668655167,0.0389562111743512,0.723,GAM,GAM,Data,AIC,BRA,630359.853907618
111952,2004,6-12m,APW,Others_Multiple_Gears,LatinAmerica,76,168,531.873914638438,3002.96642146084,121.464,384.544840283591,2171.14472271619,445166.49817755,0,0.0503502133488547,0.0389562111743512,0.723,Data,Data,Data,AIC,BRA,656895.332613651
111953,2005,6-12m,APW,Others_Multiple_Gears,LatinAmerica,76,143,452.726010674385,2543.79426767998,103.389,327.32090571758,1839.16325553263,377097.785088233,0,0.0505937141360802,0.0389562111743512,0.723,Data,Data,Data,AIC,BRA,560402.331621629
111954,2006,6-12m,APW,Others_Multiple_Gears,LatinAmerica,76,175,558.581983004817,3089.54175501148,126.525,403.854773712483,2233.7386888733,458000.620394122,0.0513454323196739,0.0509784338549633,0.0481846034889077,0.723,GAM,Data,Data,AIC,BRA,685463.394692227
111955,2007,6-12m,APW,Others_Multiple_Gears,LatinAmerica,76,216,689.449761880231,3774.13567109815,156.168,498.472177839407,2728.70009020396,559486.362665494,0.0513454323196739,0.0515084821906883,0.0481846034889077,0.723,GAM,Data,Data,AIC,BRA,843295.835179371
111956,2008,6-12m,APW,Others_Multiple_Gears,LatinAmerica,76,222,708.601144154682,3828.57240741351,160.506,512.318627223835,2768.05785055997,567556.186924779,0.0513454323196739,0.0521865538217626,0.0481846034889077,0.723,GAM,Data,Data,AIC,BRA,861532.294711033
111957,2009,6-12m,APW,Others_Multiple_Gears,LatinAmerica,76,226,721.368732337649,3836.96782710258,163.398,521.54959348012,2774.12773899517,568800.742826905,0.0513454323196739,0.0530106086799258,0.0481846034889077,0.723,GAM,Data,Data,AIC,BRA,869551.089274544
111958,2010,6-12m,APW,Others_Multiple_Gears,LatinAmerica,76,229,730.944423474874,3818.38163405253,165.567,528.472818172334,2760.68992141998,566045.483755271,0.0513454323196739,0.0539757467304969,0.0481846034889077,0.723,GAM,Data,Data,AIC,BRA,871482.212676905
111959,2011,6-12m,APW,Others_Multiple_Gears,LatinAmerica,76,230,734.136320520616,3758.74001531033,166.29,530.780559736405,2717.56903106937,557204.076015456,0.0513454323196739,0.0550716461252535,0.0481846034889077,0.723,GAM,Data,Data,AIC,BRA,863960.190479364
111960,2012,6-12m,APW,Others_Multiple_Gears,LatinAmerica,76,229,730.944423474874,3661.64510925236,165.567,528.472818172334,2647.36941398946,542810.508704213,0.0513454323196739,0.056286175708077,0.0481846034889077,0.723,GAM,Data,Data,AIC,BRA,847617.555240197
111961,2013,6-12m,APW,Others_Multiple_Gears,LatinAmerica,76,227,724.560629383391,3546.44543374739,164.121,523.857335044192,2564.08004859936,525733.049639321,0.0513454323196739,0.057606976849528,0.0481846034889077,0.723,GAM,Data,Data,AIC,BRA,826778.595188272
111962,2014,6-12m,APW,Others_Multiple_Gears,LatinAmerica,76,224,714.984938246165,3415.56730872354,161.952,516.934110351977,2469.45516420712,506331.381945492,0.0513454323196739,0.0590238697639198,0.0481846034889077,0.723,GAM,Data,Data,AIC,BRA,801919.990203172
111963,2015,6-12m,APW,Others_Multiple_Gears,LatinAmerica,76,184,582.528573175432,2735.89454008199,133.032,421.168158405837,1978.05175247928,405575.161642632,0.0513454323196739,0.0605286488838994,0.0389562111743512,0.723,GAM,Data,Data,AIC,BRA,646903.935729627
111964,2016,6-12m,APW,Others_Multiple_Gears,LatinAmerica,76,154,487.551088418568,2231.40717043041,111.342,352.499436926625,1613.30738422119,330788.819005691,0.0513454323196739,0.0621132717671001,0.0389562111743512,0.723,GAM,Data,Data,AIC,BRA,531363.249453897
111965,2017,6-12m,APW,Others_Multiple_Gears,LatinAmerica,76,157,501.127836181464,2215.75910311857,113.511,362.315425559198,1601.99383155473,328469.114303476,0.0513454323196739,0.0637704702650787,0.0481846034889077,0.723,GAM,Data,Data,AIC,BRA,531382.785638573
111966,1950,Less than 6m,APW,Others_Multiple_Gears,LatinAmerica,76,26,47.5637870557429,145.614555584283,18.798,34.3886180413021,105.279323687437,21586.2293130809,0.0513454323196739,0.0538591456328376,0.344161307589919,0.723,GAM,AIC,Data,AIC,BRA,21739.4741801906
111967,1951,Less than 6m,APW,Others_Multiple_Gears,LatinAmerica,76,27,49.380409782454,150.203984512039,19.521,35.7020362727143,108.597480802204,22266.576582302,0.0513454323196739,0.0535484564329438,0.344287328651887,0.723,GAM,GAM,Data,AIC,BRA,22583.8483572311
111968,1952,Less than 6m,APW,Others_Multiple_Gears,LatinAmerica,76,28,51.1970325091651,154.813169919291,20.244,37.0154545041264,111.929921851647,22949.8525964904,0.0513454323196739,0.0532403103475402,0.34440440651094,0.723,GAM,GAM,Data,AIC,BRA,23442.1072147866
111969,1953,Less than 6m,APW,Others_Multiple_Gears,LatinAmerica,76,31,56.7574327430499,173.842309989136,22.413,41.035623873225,125.687990122146,25770.7751308498,0.0513454323196739,0.0549973606243589,0.343759288651986,0.723,GAM,GAM,Data,AIC,BRA,26510.4120489522
111970,1954,Less than 6m,APW,Others_Multiple_Gears,LatinAmerica,76,32,58.574055469761,178.328601304653,23.136,42.3490421046372,128.931578743264,26435.833048401,0.0513454323196739,0.0547110816463136,0.343877998008282,0.723,GAM,GAM,Data,AIC,BRA,27387.6170200748
111971,1955,Less than 6m,APW,Others_Multiple_Gears,LatinAmerica,76,34,62.2073009231832,187.907786217741,24.582,44.9758785674614,135.857329435427,27855.8729704858,0.0513454323196739,0.0541230921741336,0.344094616900467,0.723,GAM,GAM,Data,AIC,BRA,29063.6575800082
111972,1956,Less than 6m,APW,Others_Multiple_Gears,LatinAmerica,76,37,67.7677011570679,206.380578957172,26.751,48.9960479365601,149.213158586035,30594.3213249537,0.0513454323196739,0.0556306010069873,0.34357973032954,0.723,GAM,GAM,Data,AIC,BRA,32147.4528237853
111973,1957,Less than 6m,APW,Others_Multiple_Gears,LatinAmerica,76,38,69.584323883779,210.82487890983,27.474,50.3094661679722,152.426387451807,31253.1543484057,0.0513454323196739,0.0553642634060232,0.343684344095162,0.723,GAM,GAM,Data,AIC,BRA,33072.8674212902
111974,1958,Less than 6m,APW,Others_Multiple_Gears,LatinAmerica,76,40,73.2175693372012,220.389542437828,28.92,52.9363026307965,159.34163918255,32671.0415876956,0,0.0548077364740371,0.343877998008282,0.723,Data,GAM,Data,AIC,BRA,34818.7537641447
111975,1959,Less than 6m,APW,Others_Multiple_Gears,LatinAmerica,76,39,71.4009466104901,214.780076629181,28.197,51.6228843993843,155.285995402898,31839.4817564446,0,0.0551093314409612,0.343783634577182,0.723,Data,GAM,Data,AIC,BRA,34173.4229463672
111976,1960,Less than 6m,APW,Others_Multiple_Gears,LatinAmerica,76,50,91.6048607118151,276.636846793932,36.15,66.2303142946423,200.008440232013,41009.2685266277,0,0.0561978343267464,0.343436691405975,0.723,Data,AIC,Data,AIC,BRA,44327.8597941957
111977,1961,Less than 6m,APW,Others_Multiple_Gears,LatinAmerica,76,51,93.4214834385262,281.091763411107,36.873,67.5437325260544,203.22934494623,41669.6753883122,0,0.0559592363939765,0.343517393677354,0.723,Data,GAM,Data,AIC,BRA,45361.4686384543
111978,1962,Less than 6m,APW,Others_Multiple_Gears,LatinAmerica,76,54,98.8713516186595,295.806575029844,39.042,71.4839872202908,213.868153746577,43851.0321670101,0,0.0552374457573607,0.343741706995857,0.723,Data,GAM,Data,AIC,BRA,48074.9741198188
111979,1963,Less than 6m,APW,Others_Multiple_Gears,LatinAmerica,76,56,102.615129125833,308.45864876125,40.488,74.1907383579773,223.015603054384,45726.6040406889,0,0.0564749050700007,0.343352723549178,0.723,Data,GAM,Data,AIC,BRA,50487.1013541153
111980,1964,Less than 6m,APW,Others_Multiple_Gears,LatinAmerica,76,54,98.9818836724109,297.841641566123,39.042,71.5639018951531,215.339506852307,44152.7150086959,0,0.0569533131097407,0.343197303920036,0.723,Data,GAM,Data,AIC,BRA,49095.4393930445
111981,1965,Less than 6m,APW,Others_Multiple_Gears,LatinAmerica,76,56,102.615129125833,307.724149803102,40.488,74.1907383579773,222.484560307643,45617.7202627097,0,0.130624448808238,0.343352723549178,0.723,Data,GAM,Data,AIC,BRA,51084.5490489422
111982,1966,Less than 6m,APW,Others_Multiple_Gears,LatinAmerica,76,64,117.148110939522,348.385918731544,46.272,84.6980842092746,251.883019242906,51645.5123666165,0.0513454323196739,0.130989055524849,0.343877998008282,0.723,GAM,GAM,Data,AIC,BRA,58245.2918560805
111983,1967,Less than 6m,APW,Others_Multiple_Gears,LatinAmerica,76,68,124.525133900118,371.516745488402,49.164,90.0316718097852,268.606606988115,55074.4781631414,0.0513454323196739,0.13060573218932,0.343661571393191,0.723,GAM,GAM,Data,AIC,BRA,62553.3935620101
111984,1968,Less than 6m,APW,Others_Multiple_Gears,LatinAmerica,76,72,131.791624806962,392.183279395182,52.056,95.2853447354335,283.548511002717,58138.1316435801,0.0513454323196739,0.130489586437653,0.343877998008282,0.723,GAM,GAM,Data,AIC,BRA,66501.8618908664
111985,1969,Less than 6m,APW,Others_Multiple_Gears,LatinAmerica,76,78,142.912425274732,428.610666375962,56.394,103.325683473631,309.88551178982,63538.2094413543,0.0513454323196739,0.12973126436458,0.343406545768004,0.723,GAM,GAM,Data,AIC,BRA,73194.7538722864
111986,1970,Less than 6m,APW,Others_Multiple_Gears,LatinAmerica,76,83,152.106070962039,457.645572396063,60.009,109.972689305554,330.877748842354,67842.4092304399,0.0513454323196739,0.133609401363361,0.343302154470788,0.723,GAM,AIC,Data,AIC,BRA,78707.9306439721
111987,1971,Less than 6m,APW,Others_Multiple_Gears,LatinAmerica,76,88,161.299716649345,487.143972873102,63.624,116.619695137476,352.205092387253,72215.3184805586,0.0513454323196739,0.132848566045898,0.343209663214308,0.723,GAM,GAM,Data,AIC,BRA,84375.9764982112
111988,1972,Less than 6m,APW,Others_Multiple_Gears,LatinAmerica,76,93,170.493362336653,517.229180642453,67.239,123.2667009694,373.956697604494,76675.2173638471,0.0513454323196739,0.131928293081688,0.343127146913212,0.723,GAM,GAM,Data,AIC,BRA,90222.8924715475
111989,1973,Less than 6m,APW,Others_Multiple_Gears,LatinAmerica,76,128,399.594629654491,706.358319798952,92.544,288.906917240197,510.697065214642,104712.146441687,0.0513454323196739,0.131563888791412,0.0208461886522094,0.723,GAM,GAM,Data,AIC,BRA,124088.359057075
111990,1974,Less than 6m,APW,Others_Multiple_Gears,LatinAmerica,76,137,427.466415390355,762.363975621239,99.051,309.058218327226,551.189154374156,113014.550858322,0.0513454323196739,0.130127876650668,0.0214093220426361,0.723,GAM,GAM,Data,AIC,BRA,134877.836782782
111991,1975,Less than 6m,APW,Others_Multiple_Gears,LatinAmerica,76,144,449.287145033625,806.74103596289,104.112,324.834605859311,583.273769001169,119593.106119722,0.0513454323196739,0.128608586438989,0.02145851258282,0.723,GAM,GAM,Data,AIC,BRA,143742.311172542
111992,1976,Less than 6m,APW,Others_Multiple_Gears,LatinAmerica,76,117,364.387721187647,667.699649653578,84.591,263.452322418669,482.746846699537,98981.2982078119,0.0513454323196739,0.12630532463626,0.0233942816157033,0.723,GAM,GAM,Data,AIC,BRA,119812.980641494
111993,1977,Less than 6m,APW,Others_Multiple_Gears,LatinAmerica,76,123,383.054516120783,708.795744488965,88.929,276.948415155326,512.459323265522,105073.47576128,0.0513454323196739,0.121855920219075,0.0234496590827272,0.723,GAM,GAM,Data,AIC,BRA,128090.250408212
111994,1978,Less than 6m,APW,Others_Multiple_Gears,LatinAmerica,76,126,392.773133578866,729.863930514196,91.098,283.97497557752,527.691621761764,108196.671055366,0.0513454323196739,0.119796382363528,0.0224221514815771,0.723,GAM,GAM,Data,AIC,BRA,132833.961246138
111995,1979,Less than 6m,APW,Others_Multiple_Gears,LatinAmerica,76,132,411.439928512001,774.843986599178,95.436,297.471068314176,560.212202311206,114864.615762334,0.0513454323196739,0.117662667760307,0.0225178134238665,0.723,GAM,GAM,Data,AIC,BRA,142021.38331131
111996,1980,Less than 6m,APW,Others_Multiple_Gears,LatinAmerica,76,138,429.849910117458,825.637134547021,99.774,310.781485014922,596.935648277496,122394.306284932,0.0513454323196739,0.136046427726808,0.0232462351348116,0.723,GAM,AIC,Data,AIC,BRA,152405.60474886
111997,1981,Less than 6m,APW,Others_Multiple_Gears,LatinAmerica,76,188,586.262578985841,1135.37950223208,135.924,423.867844606763,820.879380113794,168311.211706906,0.0513454323196739,0.13016997684234,0.0220193373422371,0.723,GAM,GAM,Data,AIC,BRA,211069.275368813
111998,1982,Less than 6m,APW,Others_Multiple_Gears,LatinAmerica,76,282,881.191561772502,1711.49899246391,203.886,637.101499161519,1237.4137715514,253716.461051511,0.0513454323196739,0.127114713511601,0.0198315339865248,0.723,GAM,GAM,Data,AIC,BRA,320429.776416378
111999,1983,Less than 6m,APW,Others_Multiple_Gears,LatinAmerica,76,291,532.505835354231,1810.78797632011,210.393,385.001718961109,1309.19970687944,268435.283391646,0.0513454323196739,0.126252571905509,0.344017177743872,0.723,GAM,GAM,Data,AIC,BRA,341425.591278793
112000,1984,Less than 6m,APW,Others_Multiple_Gears,LatinAmerica,76,299,547.370413329174,1912.98958080391,216.177,395.748808836992,1383.09146692122,283585.879166222,0.0513454323196739,0.120720934831861,0.343816452497766,0.723,GAM,GAM,Data,AIC,BRA,363256.439511186
112001,1985,Less than 6m,APW,Others_Multiple_Gears,LatinAmerica,76,307,562.345523357869,2029.16989505096,221.961,406.575813387739,1467.08983412184,300808.710324409,0.0513454323196739,0.113972986643242,0.343530539901556,0.723,GAM,GAM,Data,AIC,BRA,388053.296254523
112002,1986,Less than 6m,APW,Others_Multiple_Gears,LatinAmerica,76,270,851.048745081198,1683.51229880795,195.21,615.308242693706,1217.17939203815,249567.650621479,0.0513454323196739,0.107893526708039,0.010582711509845,0.723,GAM,GAM,Data,AIC,BRA,324236.206022199
112003,1987,Less than 6m,APW,Others_Multiple_Gears,LatinAmerica,76,329,1022.49253330158,2379.79882713112,237.867,739.26210157704,1720.5945520158,352786.732035996,0.0513454323196739,0.0963006217704493,0.025655591217185,0.723,GAM,GAM,Data,AIC,BRA,461591.402133502
112004,1988,Less than 6m,APW,Others_Multiple_Gears,LatinAmerica,76,274,863.407670594062,1818.34356349392,198.102,624.243745839507,1314.6623964061,269555.340632313,0.0513454323196739,0.135617935439088,0.0108889401823717,0.723,GAM,GAM,Data,AIC,BRA,355194.029769971
112005,1989,Less than 6m,APW,Others_Multiple_Gears,LatinAmerica,76,343,1063.30904598367,2734.70800329094,247.989,768.772440246191,1977.19388637935,405399.266759341,0.0513454323196739,0.112882252740881,0.0283816813079587,0.723,GAM,GAM,Data,AIC,BRA,537988.416071248
112006,1990,Less than 6m,APW,Others_Multiple_Gears,LatinAmerica,76,365,1126.78890307007,3149.7681526685,263.895,814.668376919658,2277.28237437933,466928.717075863,0.0513454323196739,0.104293390521996,0.032901259659603,0.723,GAM,AIC,Data,AIC,BRA,624040.533713555
112007,1991,Less than 6m,APW,Others_Multiple_Gears,LatinAmerica,76,373,1149.45224747438,3427.19674069614,269.679,831.053974923973,2477.86324352331,508055.35510418,0.0513454323196739,0.0979517738254532,0.0348176291428584,0.723,GAM,GAM,Data,AIC,BRA,683825.823829454
112008,1992,Less than 6m,APW,Others_Multiple_Gears,LatinAmerica,76,273,506.549081552269,2777.30309418754,197.379,366.23498596229,2007.99013709759,411713.658861259,0.0513454323196739,0.0884671178000741,0.337293974696639,0.723,GAM,GAM,Data,AIC,BRA,558087.10554524
112009,1993,Less than 6m,APW,Others_Multiple_Gears,LatinAmerica,76,281,522.187383903471,3076.60914337094,203.163,377.541478562209,2224.38841065719,456083.460949659,0.0513454323196739,0.082200886825327,0.336562155003993,0.723,GAM,GAM,Data,AIC,BRA,622620.313654313
112010,1994,Less than 6m,APW,Others_Multiple_Gears,LatinAmerica,76,272,832.188908389088,3129.79084796445,196.656,601.672580765311,2262.8387830783,463967.236483016,0.0513454323196739,0.0782160891547155,0.0426648066100657,0.723,GAM,GAM,Data,AIC,BRA,637879.323432281
112011,1995,Less than 6m,APW,Others_Multiple_Gears,LatinAmerica,76,281,857.492560848178,3509.37162996982,203.163,619.967121493233,2537.27568846818,520237.145561329,0.0513454323196739,0.07206418318318,0.0455099888348932,0.723,GAM,GAM,Data,AIC,BRA,720318.91423118
112012,1996,Less than 6m,APW,Others_Multiple_Gears,LatinAmerica,76,286,871.207727777437,3851.41381991623,206.778,629.883187183087,2784.57219179943,570942.249301167,0.0513454323196739,0.066832600191895,0.0474505854116922,0.723,GAM,GAM,Data,AIC,BRA,796137.152902696
112013,1997,Less than 6m,APW,Others_Multiple_Gears,LatinAmerica,76,292,887.563202761476,4255.31150811637,211.116,641.708195596547,3076.59022036814,630816.951260238,0.0513454323196739,0.0617581108924101,0.0498274676449848,0.723,GAM,GAM,Data,AIC,BRA,885872.691407574
112014,1998,Less than 6m,APW,Others_Multiple_Gears,LatinAmerica,76,298,903.918677745514,4690.91685075292,215.454,653.533204010007,3391.53288309436,695392.067246586,0.0513454323196739,0.0571743240251535,0.0521183354195351,0.723,GAM,GAM,Data,AIC,BRA,983489.98118383
112015,1999,Less than 6m,APW,Others_Multiple_Gears,LatinAmerica,76,310,580.506577719417,5313.3350390533,224.13,419.706255691138,3841.54123323554,787660.739752389,0.0513454323196739,0.0525093934316838,0.332898267403949,0.723,GAM,GAM,Data,AIC,BRA,1121893.56278826
112016,2000,Less than 6m,APW,Others_Multiple_Gears,LatinAmerica,76,319,598.293098958586,5887.45303703765,230.637,432.565910547058,4256.62854577822,872769.283383414,0.0513454323196739,0.0487647201929033,0.332154845111025,0.723,GAM,GAM,Data,AIC,BRA,1251941.85601934
112017,2001,Less than 6m,APW,Others_Multiple_Gears,LatinAmerica,76,328,616.190152251505,6499.51368490953,237.144,445.505480077838,4699.14839418959,963502.530794441,0.0513454323196739,0.0454187827445292,0.331369102509366,0.723,GAM,GAM,Data,AIC,BRA,1391905.70590682
112018,2002,Less than 6m,APW,Others_Multiple_Gears,LatinAmerica,76,337,634.087205544426,7113.82351596328,243.651,458.44504960862,5143.29440204145,1054569.2021804,0.0513454323196739,0.0426353000351218,0.33062771493362,0.723,GAM,GAM,Data,AIC,BRA,1534278.81537622
112019,2003,Less than 6m,APW,Others_Multiple_Gears,LatinAmerica,76,381,719.324144099783,8714.34785683556,275.463,520.071356184143,6300.47350049211,1291834.53121709,0.0513454323196739,0.0393488997264469,0.329013166792474,0.723,GAM,GAM,Data,AIC,BRA,1892815.75825285
112020,2004,Less than 6m,APW,Others_Multiple_Gears,LatinAmerica,76,404,763.980300211676,9655.89067343766,292.092,552.357757053042,6981.20895689543,1431410.95656622,0,0.0376557701714899,0.328250507253892,0.723,Data,Data,Data,AIC,BRA,2112214.5989642
112021,2005,Less than 6m,APW,Others_Multiple_Gears,LatinAmerica,76,357,674.398814013699,8493.43942803905,258.111,487.590342531904,6140.75670647223,1259086.56874823,0,0.0378291977852111,0.328742262563076,0.723,Data,Data,Data,AIC,BRA,1871119.57890416
112022,2006,Less than 6m,APW,Others_Multiple_Gears,LatinAmerica,76,410,1218.63736612907,10166.696782804,296.43,881.074815711321,7350.52177396731,1507134.00339393,0.0513454323196739,0.0362949744526785,0.0747443704953559,0.723,GAM,Data,Data,AIC,BRA,2255641.46470695
112023,2007,Less than 6m,APW,Others_Multiple_Gears,LatinAmerica,76,534,1591.74833724845,12754.1498934531,386.082,1150.83404783063,9221.25037296658,1890703.87358446,0.0513454323196739,0.0376818528882666,0.0715299504764663,0.723,GAM,Data,Data,AIC,BRA,2849797.25789054
112024,2008,Less than 6m,APW,Others_Multiple_Gears,LatinAmerica,76,537,1598.64200810208,12737.5406649785,388.251,1155.8181718578,9209.24190077945,1888241.68418913,0.0513454323196739,0.037942960317985,0.0729677517768363,0.723,GAM,Data,Data,AIC,BRA,2866291.00100726
112025,2009,Less than 6m,APW,Others_Multiple_Gears,LatinAmerica,76,539,1602.63855757325,12603.3713948981,389.697,1158.70767712546,9112.2375185113,1868352.12974793,0.0513454323196739,0.0384897012712306,0.0743398014520358,0.723,GAM,Data,Data,AIC,BRA,2856233.31203195
112026,2010,Less than 6m,APW,Others_Multiple_Gears,LatinAmerica,76,539,1601.09767760719,12337.9094585333,389.697,1157.59362091,8920.3085385196,1828999.45508384,0.0513454323196739,0.039317844050516,0.0754222356371785,0.723,GAM,Data,Data,AIC,BRA,2815922.99178286
112027,2011,Less than 6m,APW,Others_Multiple_Gears,LatinAmerica,76,537,1593.50574154853,12018.6226369821,388.251,1152.10465113959,8689.46416653807,1781667.65834831,0.0513454323196739,0.0402125946206891,0.0765886333986274,0.723,GAM,Data,Data,AIC,BRA,2762524.53227717
112028,2012,Less than 6m,APW,Others_Multiple_Gears,LatinAmerica,76,569,1693.66121228984,12120.8315702206,411.387,1224.51705648555,8763.36122526946,1796819.34055397,0.0513454323196739,0.0422495764447523,0.0731298424539212,0.723,GAM,Data,Data,AIC,BRA,2805796.11526751
112029,2013,Less than 6m,APW,Others_Multiple_Gears,LatinAmerica,76,570,1694.76064037855,12013.8036350653,412.11,1225.31194299369,8685.98002815218,1780953.27866271,0.0513454323196739,0.0427008810517498,0.0743742679723764,0.723,GAM,Data,Data,AIC,BRA,2800763.71618425
112030,2014,Less than 6m,APW,Others_Multiple_Gears,LatinAmerica,76,577,1712.98598343434,12172.0516588491,417.171,1238.48886602302,8800.39334934789,1804412.32172357,0.0513454323196739,0.0426633089108252,0.0760732607644496,0.723,GAM,Data,Data,AIC,BRA,2857800.96386524
112031,2015,Less than 6m,APW,Others_Multiple_Gears,LatinAmerica,76,436,828.96521479902,9346.2283612603,315.228,599.341850299691,6757.3231051912,1385505.91875281,0.0513454323196739,0.0419848504479605,0.325704305091994,0.723,GAM,Data,Data,AIC,BRA,2209921.40689237
112032,2016,Less than 6m,APW,Others_Multiple_Gears,LatinAmerica,76,377,715.815743020488,8355.60952464852,272.571,517.534782203813,6041.10568632088,1238654.35378971,0.0513454323196739,0.0406074504797151,0.326342451624561,0.723,GAM,Data,Data,AIC,BRA,1989714.78044001
112033,2017,Less than 6m,APW,Others_Multiple_Gears,LatinAmerica,76,371,1098.45885903825,8812.16886977789,268.233,794.185755084651,6371.19809284941,1306335.73824642,0.0513454323196739,0.0378907854506896,0.0791071727130639,0.723,GAM,Data,Data,AIC,BRA,2113332.1013776
122727,1950,6-12m,APW,Others_Others,LatinAmerica,76,11,34.8804092910009,267.941064695104,7.953,25.2185359173937,193.72138977456,39720.1862251457,0.0513454323196739,0.036926066394209,0.0339932017634359,0.723,GAM,AIC,Data,AIC,BRA,40002.167601854
122728,1951,6-12m,APW,Others_Others,LatinAmerica,76,12,38.046325449563,287.144493807279,8.676,27.5074933000341,207.605469022663,42566.945759243,0.0513454323196739,0.0375322462233705,0.0344061843971975,0.723,GAM,GAM,Data,AIC,BRA,43173.4732325808
122729,1952,6-12m,APW,Others_Others,LatinAmerica,76,13,41.2122416081251,306.283768430309,9.399,29.7964506826745,221.443164575113,45404.1948875392,0.0513454323196739,0.0382574131881825,0.0347557165442876,0.723,GAM,GAM,Data,AIC,BRA,46378.0758538522
122730,1953,6-12m,APW,Others_Others,LatinAmerica,76,14,44.3781577666873,325.350165709659,10.122,32.0854080653149,235.228169808084,48230.6405144541,0.0513454323196739,0.0389308571912501,0.0350553777851437,0.723,GAM,GAM,Data,AIC,BRA,49614.8892274667
122731,1954,6-12m,APW,Others_Others,LatinAmerica,76,15,47.5440739252494,344.334515998821,10.845,34.3743654479553,248.953855067148,51044.9233109601,0.0513454323196739,0.0397040935134101,0.0353151306931121,0.723,GAM,GAM,Data,AIC,BRA,52882.7220197709
122732,1955,6-12m,APW,Others_Others,LatinAmerica,76,17,53.9035720157824,394.705599498109,12.291,38.9722825674107,285.372148437133,58512.0460501742,0.0513454323196739,0.0387630680169089,0.034138947871732,0.723,GAM,GAM,Data,AIC,BRA,61049.0316533877
122733,1956,6-12m,APW,Others_Others,LatinAmerica,76,18,57.0694881743446,412.59402757884,13.014,41.2612399500511,298.305481939502,61163.8668729746,0.0513454323196739,0.0392637772656669,0.0344061843971976,0.723,GAM,GAM,Data,AIC,BRA,64268.8721195946
122734,1957,6-12m,APW,Others_Others,LatinAmerica,76,19,60.2354043329067,430.367559610393,13.737,43.5501973326915,311.155745598314,63798.6552469598,0.0513454323196739,0.0397334780890094,0.0346453295221488,0.723,GAM,GAM,Data,AIC,BRA,67513.3281945648
122735,1958,6-12m,APW,Others_Others,LatinAmerica,76,20,63.4013204914688,447.99958057183,14.46,45.8391547153319,323.903696753433,66412.4657015494,0,0.0401786090447332,0.0348605914405846,0.723,Data,GAM,Data,AIC,BRA,70778.2543120032
122736,1959,6-12m,APW,Others_Others,LatinAmerica,76,20,63.4013204914688,444.251386020841,14.46,45.8391547153319,321.193752093068,65856.8249088895,0,0.0405176000940052,0.0348605914405846,0.723,Data,GAM,Data,AIC,BRA,70684.3518601177
122737,1960,6-12m,APW,Others_Others,LatinAmerica,76,17,53.9312377891911,382.909294444913,12.291,38.9922849215852,276.843419883672,56763.3352506008,0,0.0399572437179405,0.0325364883322951,0.723,Data,AIC,Data,AIC,BRA,61356.7921799378
122738,1961,6-12m,APW,Others_Others,LatinAmerica,76,18,57.0971539477532,399.475011352858,13.014,41.2812423042256,288.820433208116,59219.0743934057,0,0.0405532249567683,0.0328924483561127,0.723,Data,GAM,Data,AIC,BRA,64465.6854381983
122739,1962,6-12m,APW,Others_Others,LatinAmerica,76,29,91.9222316919366,625.645647347965,20.967,66.4597735132702,452.341803032579,92747.1182959255,0,0.0417169049455307,0.0351897273459783,0.723,Data,GAM,Data,AIC,BRA,101680.966021111
122740,1963,6-12m,APW,Others_Others,LatinAmerica,76,21,66.6225681968484,456.264184377039,15.183,48.1681168063214,329.879005304599,67637.6291627512,0,0.0414233697212179,0.0324602217426498,0.723,Data,GAM,Data,AIC,BRA,74679.2356557524
122741,1964,6-12m,APW,Others_Others,LatinAmerica,76,20,63.4566520382863,429.58363353151,14.46,45.879159423681,310.588967043282,63682.444281405,0,0.0419010376443489,0.0321361302999549,0.723,Data,GAM,Data,AIC,BRA,70811.4457514761
122742,1965,6-12m,APW,Others_Others,LatinAmerica,76,21,66.6225681968484,444.432237108,15.183,48.1681168063214,321.324507429084,65883.6346809157,0,0.0425261680452923,0.0324602217426498,0.723,Data,GAM,Data,AIC,BRA,73779.1311796673
122743,1966,6-12m,APW,Others_Others,LatinAmerica,76,35,110.945394416718,726.744670948822,25.305,80.2135201632873,525.436397095998,107734.264999907,0.0513454323196739,0.0433439710797937,0.0350553777851437,0.723,GAM,GAM,Data,AIC,BRA,121501.625606411
122744,1967,6-12m,APW,Others_Others,LatinAmerica,76,37,117.277226733842,760.032976874989,26.751,84.791434928568,549.503842280617,112668.998360064,0.0513454323196739,0.0438138883616852,0.0352659849388544,0.723,GAM,GAM,Data,AIC,BRA,127969.041772443
122745,1968,6-12m,APW,Others_Others,LatinAmerica,76,39,123.609059050966,792.71369374737,28.197,89.3693496938486,573.132000579348,117513.661351977,0.0513454323196739,0.0442782813982599,0.0354550155318774,0.723,GAM,GAM,Data,AIC,BRA,134419.1334773
122746,1969,6-12m,APW,Others_Others,LatinAmerica,76,29,92.0052290121629,580.183241059261,20.967,66.5197805757938,419.472483285846,86007.6689096006,0.0513454323196739,0.0449857875114565,0.0323708104857963,0.723,GAM,GAM,Data,AIC,BRA,99079.1243932972
122747,1970,6-12m,APW,Others_Others,LatinAmerica,76,31,98.3370613292871,611.952384642642,22.413,71.0976953410746,442.44157409663,90717.19822636,0.0513454323196739,0.0455917824657103,0.0327948383379341,0.723,GAM,AIC,Data,AIC,BRA,105246.305772586
122748,1971,6-12m,APW,Others_Others,LatinAmerica,76,32,101.502977487849,623.274426872881,23.136,73.386652723715,450.627410629093,92395.6032380958,0.0513454323196739,0.0462075752802768,0.0329870138810021,0.723,GAM,GAM,Data,AIC,BRA,107954.508979344
122749,1972,6-12m,APW,Others_Others,LatinAmerica,76,35,111.028391736944,671.261685383627,25.305,80.2735272258108,485.322198532362,99509.3423980485,0.0513454323196739,0.0469265573857351,0.0327195433505765,0.723,GAM,GAM,Data,AIC,BRA,117091.558495232
122750,1973,6-12m,APW,Others_Others,LatinAmerica,76,31,99.3364311654628,586.339213908503,22.413,71.8202397326296,423.923251655848,86920.2441740421,0.0513454323196739,0.0475833772297442,0.0391130606237311,0.723,GAM,GAM,Data,AIC,BRA,103004.196121638
122751,1974,6-12m,APW,Others_Others,LatinAmerica,76,33,105.775599935156,613.285563604055,23.859,76.4757587531178,443.405462485732,90914.8316748911,0.0513454323196739,0.0484276848544484,0.0384482538803986,0.723,GAM,GAM,Data,AIC,BRA,108502.805476372
122752,1975,6-12m,APW,Others_Others,LatinAmerica,76,34,108.967496980898,623.695260153489,24.582,78.7835003171891,450.931673090973,92457.9885103737,0.0513454323196739,0.049062421914942,0.0387334529205964,0.723,GAM,GAM,Data,AIC,BRA,111127.851646742
122753,1976,6-12m,APW,Others_Others,LatinAmerica,76,43,137.805319748993,778.138057561381,31.089,99.6332461785222,562.593815616878,115352.936252537,0.0513454323196739,0.0497341051808757,0.0388429084177891,0.723,GAM,GAM,Data,AIC,BRA,139630.206598704
122754,1977,6-12m,APW,Others_Others,LatinAmerica,76,46,147.436385564428,819.406248325506,33.258,106.596506763081,592.430717539341,121470.62569365,0.0513454323196739,0.0505243889518818,0.038579994704724,0.723,GAM,GAM,Data,AIC,BRA,148079.263102434
122755,1978,6-12m,APW,Others_Others,LatinAmerica,76,71,227.178437029763,1283.02963562741,51.333,164.250009972519,927.63042655862,190199.199654195,0.0513454323196739,0.0498039937859677,0.0425179773200498,0.723,GAM,GAM,Data,AIC,BRA,233509.153927511
122756,1979,6-12m,APW,Others_Others,LatinAmerica,76,76,243.193296936683,1355.69451967941,54.948,175.828753685222,980.167137728216,200971.205542349,0.0513454323196739,0.0504538441419494,0.0423617916691021,0.723,GAM,GAM,Data,AIC,BRA,248485.649191764
122757,1980,6-12m,APW,Others_Others,LatinAmerica,76,81,259.208156843601,1426.68168040264,58.563,187.407497397924,1031.49085493111,211494.501949824,0.0513454323196739,0.0510975931081039,0.0422249054981543,0.723,GAM,AIC,Data,AIC,BRA,263353.324587535
122758,1981,6-12m,APW,Others_Others,LatinAmerica,76,98,313.63653065584,1704.04875103306,70.854,226.759211664172,1232.02724699691,252612.020500779,0.0513454323196739,0.0517590825652903,0.0420277858810488,0.723,GAM,GAM,Data,AIC,BRA,316786.003593148
122759,1982,6-12m,APW,Others_Others,LatinAmerica,76,100,319.964950069115,1727.68700669074,72.3,231.33465889997,1249.1177058374,256116.208699138,0.0513454323196739,0.0520927689167432,0.0425518946987948,0.723,GAM,GAM,Data,AIC,BRA,323460.524200728
122760,1983,6-12m,APW,Others_Others,LatinAmerica,76,108,342.36159749925,1842.30133698152,78.084,247.527434991958,1331.98386663764,273106.894872609,0.0513454323196739,0.0527600984968374,0.0349110892720749,0.723,GAM,GAM,Data,AIC,BRA,347367.461855418
122761,1984,6-12m,APW,Others_Others,LatinAmerica,76,116,367.716592541156,1961.8641251867,83.868,265.859096407255,1418.42776250999,290831.15158,0.0513454323196739,0.053214694463137,0.0349546231955283,0.723,GAM,GAM,Data,AIC,BRA,372537.197312159
122762,1985,6-12m,APW,Others_Others,LatinAmerica,76,124,393.09925335647,2075.50297146572,89.652,284.210760176728,1500.58864836972,307677.229808993,0.0513454323196739,0.0537700988793035,0.0347726313739518,0.723,GAM,GAM,Data,AIC,BRA,396913.916093313
122763,1986,6-12m,APW,Others_Others,LatinAmerica,76,133,425.629800647852,2213.09317634006,96.159,307.730345868397,1600.06636649386,328073.911320218,0.0513454323196739,0.0540871940141064,0.0421355191704994,0.723,GAM,GAM,Data,AIC,BRA,426230.883836255
122764,1987,6-12m,APW,Others_Others,LatinAmerica,76,168,537.789194674491,2764.43602206207,121.464,388.821587749657,1998.68724395088,409806.215141955,0.0513454323196739,0.054694700399402,0.041482091037451,0.723,GAM,GAM,Data,AIC,BRA,536196.541062371
122765,1988,6-12m,APW,Others_Others,LatinAmerica,76,152,486.497343229784,2498.57580471149,109.896,351.737579155134,1806.47030680641,370394.498408504,0.0513454323196739,0.0547511905550516,0.0418338911858476,0.723,GAM,GAM,Data,AIC,BRA,488070.14613671
122766,1989,6-12m,APW,Others_Others,LatinAmerica,76,192,614.671597163342,3133.11581168072,138.816,444.407564749096,2265.24273184516,464460.136584583,0.0513454323196739,0.0551527649746544,0.041273260210145,0.723,GAM,GAM,Data,AIC,BRA,616365.626920853
122767,1990,6-12m,APW,Others_Others,LatinAmerica,76,243,778.01209327827,3954.85382421063,175.689,562.502743440189,2859.35931490428,586276.428249731,0.0513454323196739,0.0552991361301834,0.0410696219406782,0.723,GAM,AIC,Data,AIC,BRA,783546.271216376
122768,1991,6-12m,APW,Others_Others,LatinAmerica,76,152,488.047834219651,2341.83783920118,109.896,352.858584140808,1693.14875774245,347159.309783332,0.0513454323196739,0.0584156587232631,0.034468440917828,0.723,GAM,GAM,Data,AIC,BRA,467265.030527967
122769,1992,6-12m,APW,Others_Others,LatinAmerica,76,170,539.644367172816,2660.43087600915,122.91,390.162877465946,1923.49152335461,394388.258307692,0.0513454323196739,0.0575094814075802,0.0306157057182425,0.723,GAM,GAM,Data,AIC,BRA,534602.13622434
122770,1993,6-12m,APW,Others_Others,LatinAmerica,76,180,571.414191852072,2825.3869145848,130.14,413.132460709048,2042.75473924481,418841.712572505,0.0513454323196739,0.0573372797770626,0.03047351953488,0.723,GAM,GAM,Data,AIC,BRA,571779.90605142
122771,1994,6-12m,APW,Others_Others,LatinAmerica,76,167,535.981664583987,2632.00403888993,120.741,387.514743494223,1902.93892011742,390174.200020464,0.0513454323196739,0.0571047755927422,0.0354549199659777,0.723,GAM,GAM,Data,AIC,BRA,536425.926572717
122772,1995,6-12m,APW,Others_Others,LatinAmerica,76,178,571.314030799985,2823.01108453596,128.694,413.060044268389,2041.0370141195,418489.514181093,0.0513454323196739,0.056747917455072,0.0353408596297173,0.723,GAM,GAM,Data,AIC,BRA,579439.424969939
122773,1996,6-12m,APW,Others_Others,LatinAmerica,76,185,593.878808833016,2949.14433133201,133.755,429.374378786271,2132.23135155304,437187.790451743,0.0513454323196739,0.0564570537396517,0.0349617959590403,0.723,GAM,GAM,Data,AIC,BRA,609626.355730546
122774,1997,6-12m,APW,Others_Others,LatinAmerica,76,196,629.266549727223,3144.60128706341,141.708,454.959715452782,2273.54673054685,466162.769294518,0.0513454323196739,0.0560961418942659,0.0346825147046152,0.723,GAM,GAM,Data,AIC,BRA,654644.530784936
122775,1998,6-12m,APW,Others_Others,LatinAmerica,76,205,658.215121851738,3312.66519536739,148.215,475.889533098807,2395.05693625063,491076.941159724,0.0513454323196739,0.0556953356644717,0.0344940232595136,0.723,GAM,GAM,Data,AIC,BRA,694527.985533848
122776,1999,6-12m,APW,Others_Others,LatinAmerica,76,218,692.2446555722,3549.08567870987,157.614,500.492885978701,2565.98894570724,526124.445492393,0.0513454323196739,0.0552818437652711,0.0295784681588748,0.723,GAM,GAM,Data,AIC,BRA,749377.998462908
122777,2000,6-12m,APW,Others_Others,LatinAmerica,76,230,730.401644115397,3764.61570565499,166.29,528.080388695432,2721.81715518856,558075.101570859,0.0513454323196739,0.0549856920824764,0.0293573446616838,0.723,GAM,GAM,Data,AIC,BRA,800529.523392805
122778,2001,6-12m,APW,Others_Others,LatinAmerica,76,240,762.199134568062,3947.26870449816,173.52,551.069974292709,2853.87527335217,585151.993039093,0.0513454323196739,0.0547213823456848,0.0291899873047395,0.723,GAM,GAM,Data,AIC,BRA,845328.758256919
122779,2002,6-12m,APW,Others_Others,LatinAmerica,76,251,797.190206952698,4139.30719494107,181.473,576.368519626801,2992.71910194239,613620.210896881,0.0513454323196739,0.0545743500931962,0.0289671988775758,0.723,GAM,GAM,Data,AIC,BRA,892747.947047214
122780,2003,6-12m,APW,Others_Others,LatinAmerica,76,313,994.306981985812,5146.41280556761,226.299,718.883947975742,3720.85645842538,762915.812330707,0.0513454323196739,0.0547371558875426,0.0283359299483793,0.723,GAM,GAM,Data,AIC,BRA,1117835.94330717
122781,2004,6-12m,APW,Others_Others,LatinAmerica,76,341,1083.22929215964,5608.33288153537,246.543,783.174778231419,4054.82467335007,831391.883587089,0,0.0547221440814301,0.0284086947305363,0.723,Data,Data,Data,AIC,BRA,1226816.14662613
122782,2005,6-12m,APW,Others_Others,LatinAmerica,76,312,991.113400053841,5113.00048029955,225.576,716.574988238927,3696.69934725657,757962.694064298,0,0.054918829184923,0.0283890410873724,0.723,Data,Data,Data,AIC,BRA,1126402.95921244
122783,2006,6-12m,APW,Others_Others,LatinAmerica,76,356,1143.68018048595,5813.50969980909,257.388,826.880770491343,4203.16751296197,861807.756720192,0.0513454323196739,0.0551130068658045,0.0332140203953394,0.723,GAM,Data,Data,AIC,BRA,1289818.49409979
122784,2007,6-12m,APW,Others_Others,LatinAmerica,76,612,1969.55502335296,9679.14796370516,442.476,1423.98828188419,6998.02397775883,1434858.66959808,0.0513454323196739,0.0569058353137476,0.0291643394722301,0.723,GAM,Data,Data,AIC,BRA,2162716.41435256
122785,2008,6-12m,APW,Others_Others,LatinAmerica,76,873,2811.00172870121,13539.3226117014,631.179,2032.35424985097,9788.93024826013,2007099.64376332,0.0513454323196739,0.0580309682052302,0.0279426311591501,0.723,GAM,Data,Data,AIC,BRA,3046713.61468973
122786,2009,6-12m,APW,Others_Others,LatinAmerica,76,696,2240.33235974933,10671.4813643075,503.208,1619.76029609877,7715.48102639429,1581964.40538444,0.0513454323196739,0.0586985047919494,0.0287050536463386,0.723,GAM,Data,Data,AIC,BRA,2418419.61221596
122787,2010,6-12m,APW,Others_Others,LatinAmerica,76,632,2033.66983765885,9554.08461667682,456.936,1470.34329262735,6907.60317785734,1416318.99767597,0.0513454323196739,0.0595347459040869,0.0294474793638088,0.723,GAM,Data,Data,AIC,BRA,2180561.19052906
122788,2011,6-12m,APW,Others_Others,LatinAmerica,76,728,2341.03332357962,10874.1710988669,526.344,1692.56709294807,7862.02570448074,1612011.58763247,0.0513454323196739,0.0602528683835292,0.0309727194283529,0.723,GAM,Data,Data,AIC,BRA,2499468.14507376
122789,2012,6-12m,APW,Others_Others,LatinAmerica,76,791,2543.11958166912,11585.6412332698,571.893,1838.67545754677,8376.41861165409,1717481.52097125,0.0513454323196739,0.0614467499611223,0.0314292774901701,0.723,GAM,Data,Data,AIC,BRA,2681907.34083437
122790,2013,6-12m,APW,Others_Others,LatinAmerica,76,907,2914.37638318295,13072.4389154639,655.761,2107.09412504127,9451.37333588041,1937887.75427134,0.0513454323196739,0.0624443537490441,0.0327686121292527,0.723,GAM,Data,Data,AIC,BRA,3047562.09678696
122791,2014,6-12m,APW,Others_Others,LatinAmerica,76,949,3049.48817799008,13338.1048688197,686.127,2204.77995268683,9643.44982015667,1977270.67287317,0.0513454323196739,0.064034584253166,0.0326495578019709,0.723,GAM,Data,Data,AIC,BRA,3131571.40789304
122792,2015,6-12m,APW,Others_Others,LatinAmerica,76,792,2515.42867186974,10905.0253804609,572.616,1818.65492976182,7884.33335007324,1616585.49574973,0.0513454323196739,0.0653643595618916,0.0289773112683264,0.723,GAM,Data,Data,AIC,BRA,2578499.91456184
122793,2016,6-12m,APW,Others_Others,LatinAmerica,76,698,2216.5599273881,9399.45039613439,504.654,1602.5728275016,6795.80263640516,1393395.67293769,0.0513454323196739,0.0668336948996882,0.0294280954278215,0.723,GAM,Data,Data,AIC,BRA,2238283.79318478
122794,2017,6-12m,APW,Others_Others,LatinAmerica,76,717,2302.71072474031,9392.80998896013,518.391,1664.85985398725,6791.00162201817,1392411.28403907,0.0513454323196739,0.0687014855786986,0.0339287748291155,0.723,GAM,Data,Data,AIC,BRA,2252581.30718391
122795,1950,Less than 6m,APW,Others_Others,LatinAmerica,76,39,71.2904145567387,215.999993119175,28.197,51.542969724522,156.167995025164,32020.3249214027,0.0513454323196739,0.0528972731105249,0.34453956616488,0.723,GAM,AIC,Data,AIC,BRA,32247.6434755707
122796,1951,Less than 6m,APW,Others_Others,LatinAmerica,76,41,74.9236600101609,225.501318818326,29.643,54.1698061873463,163.037453505649,33428.8228184513,0.0513454323196739,0.0524937961476493,0.344687338405495,0.723,GAM,GAM,Data,AIC,BRA,33905.1430965236
122797,1952,Less than 6m,APW,Others_Others,LatinAmerica,76,43,78.5569054635831,235.034511769682,31.089,56.7966426501706,169.92995200948,34842.0447886596,0.0513454323196739,0.0521029435171967,0.344821441756833,0.723,GAM,GAM,Data,AIC,BRA,35589.3767109885
122798,1953,Less than 6m,APW,Others_Others,LatinAmerica,76,46,84.1173056974678,253.945828310399,33.258,60.8168120192692,183.602833868418,37645.5008979899,0.0513454323196739,0.0533644866700226,0.344358586746833,0.723,GAM,GAM,Data,AIC,BRA,38725.9496669242
122799,1954,Less than 6m,APW,Others_Others,LatinAmerica,76,49,89.5671738776011,268.435327628473,35.427,64.7570667135056,194.078741875386,39793.4568743458,0.0513454323196739,0.0528044491870511,0.344555017748082,0.723,GAM,GAM,Data,AIC,BRA,41226.1627913922
122800,1955,Less than 6m,APW,Others_Others,LatinAmerica,76,51,93.2004193310233,277.914169391639,36.873,67.3839031763298,200.931944470155,41198.6217021414,0.0513454323196739,0.0524414811123531,0.344673209251934,0.723,GAM,GAM,Data,AIC,BRA,42984.9258426759
122801,1956,Less than 6m,APW,Others_Others,LatinAmerica,76,54,98.760819564908,296.29198745603,39.042,71.4040725454285,214.21910693071,43922.9907971142,0.0513454323196739,0.0535674744417162,0.344287328651887,0.723,GAM,GAM,Data,AIC,BRA,46152.7568966893
122802,1957,Less than 6m,APW,Others_Others,LatinAmerica,76,57,104.210687745041,310.787175690864,41.211,75.3443272396649,224.699128024494,46071.790111289,0.0513454323196739,0.0530403277307155,0.344459884051503,0.723,GAM,GAM,Data,AIC,BRA,48754.317379484
122803,1958,Less than 6m,APW,Others_Others,LatinAmerica,76,60,109.660555925175,325.350345478927,43.38,79.2845819339012,235.228299781264,48230.6671638549,0,0.0525384241805901,0.344615288267199,0.723,Data,GAM,Data,AIC,BRA,51401.2300266283
122804,1959,Less than 6m,APW,Others_Others,LatinAmerica,76,58,106.027310471752,314.599558057092,41.934,76.657745471077,227.455480475277,46636.9462500853,0,0.0528301941010976,0.344513460539203,0.723,Data,GAM,Data,AIC,BRA,50055.5913982039
122805,1960,Less than 6m,APW,Others_Others,LatinAmerica,76,75,137.241492987096,410.110202576334,54.225,99.2255994296703,296.50967646269,60795.6590666703,0,0.0543564533003619,0.34402527791961,0.723,Data,AIC,Data,AIC,BRA,65715.4235621938
122806,1961,Less than 6m,APW,Others_Others,LatinAmerica,76,77,140.874738440518,419.505837050446,55.671,101.852435892494,303.302720187472,62188.4890587425,0,0.0540472634496557,0.344117133795879,0.723,Data,GAM,Data,AIC,BRA,67698.1802671362
122807,1962,Less than 6m,APW,Others_Others,LatinAmerica,76,82,149.957852074073,444.278560314397,59.286,108.419527049555,321.213399107309,65860.853287301,0,0.0533301015136895,0.34432730014303,0.723,Data,GAM,Data,AIC,BRA,72204.8868824167
122808,1963,Less than 6m,APW,Others_Others,LatinAmerica,76,83,151.885006854535,451.756601842509,60.009,109.812859955829,326.620023132134,66969.414986994,0,0.0543283253172392,0.344011078391503,0.723,Data,GAM,Data,AIC,BRA,73941.4551551998
122809,1964,Less than 6m,APW,Others_Others,LatinAmerica,76,81,148.251761401113,441.083998851241,58.563,107.186023493005,318.903731169447,65387.2843091056,0,0.0545680271685992,0.343923445281503,0.723,Data,GAM,Data,AIC,BRA,72707.1359766033
122810,1965,Less than 6m,APW,Others_Others,LatinAmerica,76,84,153.701629581246,456.04664642722,60.732,111.126278187241,329.72172536688,67605.3808476686,0,0.131278877666924,0.344053341323099,0.723,Data,GAM,Data,AIC,BRA,75707.211451956
122811,1966,Less than 6m,APW,Others_Others,LatinAmerica,76,96,175.50110230178,517.15501379048,69.408,126.887296964187,373.903074970517,76664.2227028554,0.0513454323196739,0.131536543664018,0.344492251773534,0.723,GAM,GAM,Data,AIC,BRA,86461.1429265971
122812,1967,Less than 6m,APW,Others_Others,LatinAmerica,76,102,186.511370715798,550.610879505353,73.746,134.847721027522,398.09166588237,81623.7955030545,0.0513454323196739,0.131210866554651,0.344383741630887,0.723,GAM,GAM,Data,AIC,BRA,92708.0123937459
122813,1968,Less than 6m,APW,Others_Others,LatinAmerica,76,109,199.338261856528,589.446429262321,78.807,144.121563322269,426.169768356658,87380.864768484,0.0513454323196739,0.130839895815644,0.344317398337958,0.723,GAM,GAM,Data,AIC,BRA,99951.4438538012
122814,1969,Less than 6m,APW,Others_Others,LatinAmerica,76,116,212.275685051008,631.268706783469,83.868,153.475320291879,456.407275004448,93580.6932770036,0.0513454323196739,0.130181542441306,0.344004958160205,0.723,GAM,GAM,Data,AIC,BRA,107803.09788129
122815,1970,Less than 6m,APW,Others_Others,LatinAmerica,76,124,226.919198918448,676.109495382876,89.652,164.062580818038,488.827165161819,100227.992658595,0.0513454323196739,0.134285000841834,0.343996765187754,0.723,GAM,AIC,Data,AIC,BRA,116280.33237973
122816,1971,Less than 6m,APW,Others_Others,LatinAmerica,76,131,239.746090059177,716.475803550253,94.713,173.336423112785,518.012005966833,106211.984994576,0.0513454323196739,0.133558983451279,0.343962307683208,0.723,GAM,GAM,Data,AIC,BRA,124097.492585916
122817,1972,Less than 6m,APW,Others_Others,LatinAmerica,76,139,254.389603926617,762.827147599131,100.497,183.923683638944,551.524027714172,113083.212514337,0.0513454323196739,0.132691504645874,0.343957454537187,0.723,GAM,GAM,Data,AIC,BRA,133063.783498693
122818,1973,Less than 6m,APW,Others_Others,LatinAmerica,76,46,141.999236734099,270.290857404164,33.258,102.665448158754,195.42028990321,40068.524782733,0.0513454323196739,0.1281576569159,0.0329549364238153,0.723,GAM,GAM,Data,AIC,BRA,47482.9106181674
122819,1974,Less than 6m,APW,Others_Others,LatinAmerica,76,48,148.050292826692,284.94666750005,34.704,107.040361713699,206.016440602536,42241.1350429461,0.0513454323196739,0.126736621875692,0.0338536934505479,0.723,GAM,GAM,Data,AIC,BRA,50412.9147492196
122820,1975,Less than 6m,APW,Others_Others,LatinAmerica,76,51,157.255283629421,305.438906741467,36.873,113.695570064072,220.832329574081,45278.9506900755,0.0513454323196739,0.125228093527061,0.034185697125701,0.723,GAM,GAM,Data,AIC,BRA,54422.0417951476
122821,1976,Less than 6m,APW,Others_Others,LatinAmerica,76,174,543.134746354655,979.773319654577,125.802,392.686421614415,708.376110110259,145243.801129898,0.0513454323196739,0.126978156618819,0.0209728189554934,0.723,GAM,GAM,Data,AIC,BRA,175811.926577662
122822,1977,Less than 6m,APW,Others_Others,LatinAmerica,76,183,571.006532090518,1042.41191125993,132.309,412.837722701444,753.66381184093,154529.486869323,0.0513454323196739,0.122316941953057,0.0213882103490789,0.723,GAM,GAM,Data,AIC,BRA,188379.803039105
122823,1978,Less than 6m,APW,Others_Others,LatinAmerica,76,190,593.340888389143,1088.44531978574,137.37,428.98546230535,786.945966205091,161353.582911876,0.0513454323196739,0.120217804914888,0.0204984425976184,0.723,GAM,GAM,Data,AIC,BRA,198095.148125896
122824,1979,Less than 6m,APW,Others_Others,LatinAmerica,76,198,618.315552742549,1148.60975335913,143.154,447.042144632863,830.444851678653,170272.493898458,0.0513454323196739,0.118103658876204,0.0205124885664689,0.723,GAM,GAM,Data,AIC,BRA,210529.021168375
122825,1980,Less than 6m,APW,Others_Others,LatinAmerica,76,207,646.187338478413,1221.09540027672,149.661,467.193445719892,882.851974400071,181017.929270572,0.0513454323196739,0.137523445576878,0.0208994064371763,0.723,GAM,AIC,Data,AIC,BRA,225403.842860493
122826,1981,Less than 6m,APW,Others_Others,LatinAmerica,76,277,866.449141532535,1638.87063575034,200.271,626.442729328023,1184.9034696475,242949.870058182,0.0513454323196739,0.132039468913432,0.0187426619355316,0.723,GAM,GAM,Data,AIC,BRA,304669.264180834
122827,1982,Less than 6m,APW,Others_Others,LatinAmerica,76,94,291.590409526856,599.362625056847,67.962,210.819866087917,433.3391779161,88850.8639418164,0.0513454323196739,0.123009023500157,0.0276864074894132,0.723,GAM,GAM,Data,AIC,BRA,112213.69850929
122828,1983,Less than 6m,APW,Others_Others,LatinAmerica,76,98,180.350200346468,643.490244958856,70.854,130.393194850497,465.243447105253,95392.4415912697,0.0513454323196739,0.121507652591003,0.341262893170535,0.723,GAM,GAM,Data,AIC,BRA,121330.625252823
122829,1984,Less than 6m,APW,Others_Others,LatinAmerica,76,101,186.021132634104,685.58511187053,73.023,134.493278894457,495.678035882393,101632.679364293,0.0513454323196739,0.115952389094684,0.340871759031705,0.723,GAM,GAM,Data,AIC,BRA,130185.344038994
122830,1985,Less than 6m,APW,Others_Others,LatinAmerica,76,104,191.69206492174,731.893514067021,75.192,138.593362938418,529.159010670456,108497.541087249,0.0513454323196739,0.109546164411582,0.340503767167623,0.723,GAM,GAM,Data,AIC,BRA,139965.456482332
122831,1986,Less than 6m,APW,Others_Others,LatinAmerica,76,112,345.022661049487,836.1822889445,80.976,249.451383938779,604.559794906873,123957.543696552,0.0513454323196739,0.0986430911230167,0.0351987730769356,0.723,GAM,GAM,Data,AIC,BRA,161044.604843276
122832,1987,Less than 6m,APW,Others_Others,LatinAmerica,76,118,362.662202671913,928.885765792114,85.314,262.204772531793,671.584408667698,137700.115662129,0.0513454323196739,0.0927162792175548,0.037724653587879,0.723,GAM,GAM,Data,AIC,BRA,180168.877371335
122833,1988,Less than 6m,APW,Others_Others,LatinAmerica,76,122,374.250688201745,1013.46928438802,88.206,270.583247569862,732.738292612535,150238.966748767,0.0513454323196739,0.108340727924777,0.0397748478151316,0.723,GAM,GAM,Data,AIC,BRA,197970.420110364
122834,1989,Less than 6m,APW,Others_Others,LatinAmerica,76,127,388.736295114035,1120.39143375598,91.821,281.056341367447,810.043006605571,166089.346716918,0.0513454323196739,0.102017916735424,0.0421656972280432,0.723,GAM,GAM,Data,AIC,BRA,220410.227381064
122835,1990,Less than 6m,APW,Others_Others,LatinAmerica,76,143,435.090237233364,1384.47357142608,103.389,314.570241519722,1000.97439214105,205237.476918338,0.0513454323196739,0.0929595209733274,0.0487465999399669,0.723,GAM,AIC,Data,AIC,BRA,274295.625756799
122836,1991,Less than 6m,APW,Others_Others,LatinAmerica,76,149,452.216152200434,1548.54468615976,107.727,326.952278040914,1119.59780809351,229559.748081979,0.0513454323196739,0.0865974364179021,0.0514922180787082,0.723,GAM,GAM,Data,AIC,BRA,308979.882355638
122837,1992,Less than 6m,APW,Others_Others,LatinAmerica,76,382,706.108407516298,3709.28208488045,276.186,510.516378634283,2681.81094736857,549872.321141598,0.0513454323196739,0.092686399182574,0.339126115945085,0.723,GAM,GAM,Data,AIC,BRA,745364.27325276
122838,1993,Less than 6m,APW,Others_Others,LatinAmerica,76,390,721.857241921253,4061.38463855966,281.97,521.902785909066,2936.38109367863,602068.795834278,0.0513454323196739,0.0864237276783714,0.338483087886638,0.723,GAM,GAM,Data,AIC,BRA,821911.546021153
122839,1994,Less than 6m,APW,Others_Others,LatinAmerica,76,379,1166.06453578609,4138.2150061712,274.017,843.064659373344,2991.92944946178,613458.302376505,0.0513454323196739,0.0824268433349471,0.0365650057438277,0.723,GAM,GAM,Data,AIC,BRA,843405.171968786
122840,1995,Less than 6m,APW,Others_Others,LatinAmerica,76,379,1164.7804691477,4422.72172637509,274.017,842.136279193791,3197.62780816919,655634.218642508,0.0513454323196739,0.0771244543751951,0.0377632833581,0.723,GAM,GAM,Data,AIC,BRA,907789.327491814
122841,1996,Less than 6m,APW,Others_Others,LatinAmerica,76,394,1206.95322324619,5024.95733467032,284.862,872.627180406994,3633.04415296664,744910.980083016,0.0513454323196739,0.0705677633426645,0.0413035324519293,0.723,GAM,GAM,Data,AIC,BRA,1038723.80713661
122842,1997,Less than 6m,APW,Others_Others,LatinAmerica,76,400,1222.79507157487,5511.16324384749,289.2,884.080836748633,3984.57102530174,816987.237890902,0.0513454323196739,0.065321962727541,0.0435695680462837,0.723,GAM,GAM,Data,AIC,BRA,1147316.47878225
122843,1998,Less than 6m,APW,Others_Others,LatinAmerica,76,406,1238.63691990356,6033.49373376407,293.538,895.534493090271,4362.21596951142,894418.684818106,0.0513454323196739,0.0605619258300017,0.0457776396132201,0.723,GAM,GAM,Data,AIC,BRA,1264972.46220426
122844,1999,Less than 6m,APW,Others_Others,LatinAmerica,76,406,756.339276182452,6456.9129487349,293.538,546.833296679913,4668.34806193533,957187.301823807,0.0513454323196739,0.0565905104964429,0.335379554060887,0.723,GAM,GAM,Data,AIC,BRA,1363356.35141136
122845,2000,Less than 6m,APW,Others_Others,LatinAmerica,76,409,762.894464900099,6966.85487312322,295.707,551.572698122771,5037.03607326809,1032782.23992619,0.0513454323196739,0.0528358931976692,0.334772537930897,0.723,GAM,GAM,Data,AIC,BRA,1481472.067056
122846,2001,Less than 6m,APW,Others_Others,LatinAmerica,76,411,767.522498837284,7456.72691752308,297.153,554.918766659356,5391.21356136919,1105401.9738673,0.0513454323196739,0.0496062151787732,0.334212952636898,0.723,GAM,GAM,Data,AIC,BRA,1596898.05223233
122847,2002,Less than 6m,APW,Others_Others,LatinAmerica,76,412,770.333910047758,7918.08050875288,297.876,556.951416964529,5724.77220782833,1173794.06815169,0.0513454323196739,0.0468295314236962,0.333627232734231,0.723,GAM,GAM,Data,AIC,BRA,1707737.49949823
122848,2003,Less than 6m,APW,Others_Others,LatinAmerica,76,447,838.558051740208,9317.70923089204,323.181,606.27747140817,6736.70377393494,1381278.17870671,0.0513454323196739,0.0431758482724713,0.332042751534853,0.723,GAM,GAM,Data,AIC,BRA,2023869.96167661
122849,2004,Less than 6m,APW,Others_Others,LatinAmerica,76,452,848.525421803774,9713.22360206452,326.796,613.483879964129,7022.66066429265,1439910.11888942,0,0.0418810496562168,0.331713292485694,0.723,Data,Data,Data,AIC,BRA,2124756.10890282
122850,2005,Less than 6m,APW,Others_Others,LatinAmerica,76,403,755.752818367382,8596.86443313685,291.369,546.409287679617,6215.53298515794,1274418.52418214,0,0.0421898010397794,0.332208086460344,0.723,Data,Data,Data,AIC,BRA,1893904.28863527
122851,2006,Less than 6m,APW,Others_Others,LatinAmerica,76,450,1351.21508772642,10101.6360388078,325.35,976.928508426204,7303.48285605804,1497489.2523349,0.0513454323196739,0.040092515553332,0.0633479789027275,0.723,GAM,Data,Data,AIC,BRA,2241206.71613348
122852,2007,Less than 6m,APW,Others_Others,LatinAmerica,76,231,682.589332387027,5972.34396070044,167.013,493.512087315821,4318.00468358642,885353.704888744,0.0513454323196739,0.0348104532103367,0.0813522312933511,0.723,GAM,Data,Data,AIC,BRA,1334465.21991402
122853,2008,Less than 6m,APW,Others_Others,LatinAmerica,76,234,690.767069879047,5981.5215537302,169.182,499.424591522551,4324.64008334694,886714.211926572,0.0513454323196739,0.0352084328557949,0.0824779042982217,0.723,GAM,Data,Data,AIC,BRA,1346004.05625608
122854,2009,Less than 6m,APW,Others_Others,LatinAmerica,76,236,696.047685988608,5914.40505139674,170.628,503.242476969764,4276.11485215984,876764.710626732,0.0513454323196739,0.035912318847665,0.0834924990573739,0.723,GAM,Data,Data,AIC,BRA,1340349.3556881
122855,2010,Less than 6m,APW,Others_Others,LatinAmerica,76,238,701.328302098169,5813.7904952768,172.074,507.060362416976,4203.37052808513,861849.382472044,0.0513454323196739,0.0368434328987291,0.0844918151363022,0.723,GAM,Data,Data,AIC,BRA,1326901.1561546
122856,2011,Less than 6m,APW,Others_Others,LatinAmerica,76,238,700.814675442815,5642.59436281476,172.074,506.689010345155,4079.59572431507,836470.882650986,0.0513454323196739,0.0379612614742606,0.0853235737337234,0.723,GAM,Data,Data,AIC,BRA,1296971.02769496
122857,2012,Less than 6m,APW,Others_Others,LatinAmerica,76,185,546.753615517184,4135.88762818731,133.755,395.302864018924,2990.24675517942,613113.286628205,0.0513454323196739,0.0402573800277486,0.0811635288207855,0.723,GAM,Data,Data,AIC,BRA,957397.79677012
122858,2013,Less than 6m,APW,Others_Others,LatinAmerica,76,235,691.096057984731,5253.20381299832,169.905,499.66244992296,3798.06635679779,778746.751523046,0.0513454323196739,0.0402611449182065,0.0867776498723392,0.723,GAM,Data,Data,AIC,BRA,1224673.14100449
122859,2014,Less than 6m,APW,Others_Others,LatinAmerica,76,244,716.656523771498,5345.12737163512,176.412,518.142666686793,3864.52708969219,792373.706658447,0.0513454323196739,0.0410841472488284,0.0882169239937184,0.723,GAM,Data,Data,AIC,BRA,1254949.50093612
122860,2015,Less than 6m,APW,Others_Others,LatinAmerica,76,235,450.228604118662,5090.98438484931,169.905,325.515280777793,3680.78171024605,754698.978544508,0.0513454323196739,0.0415440284259015,0.322133958715912,0.723,GAM,Data,Data,AIC,BRA,1203766.36856712
122861,2016,Less than 6m,APW,Others_Others,LatinAmerica,76,214,409.8688857827,4574.16697867675,154.722,296.335204420892,3307.12272558329,678084.80355446,0.0513454323196739,0.0421060273701938,0.322277781351008,0.723,GAM,Data,Data,AIC,BRA,1089242.81571865
122862,2017,Less than 6m,APW,Others_Others,LatinAmerica,76,212,619.839626290004,4552.37876298487,153.276,448.144049807673,3291.36984563806,674854.869442718,0.0513454323196739,0.0419121540482053,0.0934139365639779,0.723,GAM,Data,Data,AIC,BRA,1091750.31931589
122863,1950,6-12m,UP,Others_Others,LatinAmerica,76,368,1137.59936217037,0,266.064,822.484338849176,0,82253.0578461075,0.0292161106674869,NA,0.0332415824848708,0.723,GAM,AIC,Data,Pequivalent,BRA,82836.9884036946
122864,1951,6-12m,UP,Others_Others,LatinAmerica,76,384,1186.91799511709,0,277.632,858.141710469655,0,85829.2777524601,0.0292161106674869,NA,0.0333491720336987,0.723,GAM,GAM,Data,Pequivalent,BRA,87052.2411115897
122865,1952,6-12m,UP,Others_Others,LatinAmerica,76,402,1242.40145718215,0,290.646,898.256253542694,0,89852.5251471066,0.0292161106674869,NA,0.0334600001614283,0.723,GAM,GAM,Data,Pequivalent,BRA,91779.7846047992
122866,1953,6-12m,UP,Others_Others,LatinAmerica,76,420,1297.88491924721,0,303.66,938.370796615734,0,93875.7725417532,0.0292161106674869,NA,0.0335613526752118,0.723,GAM,GAM,Data,Pequivalent,BRA,96570.0643018852
122867,1954,6-12m,UP,Others_Others,LatinAmerica,76,439,1356.36902576155,0,317.397,980.654805625598,0,98122.5336805467,0.0292161106674869,NA,0.0337135013324993,0.723,GAM,GAM,Data,Pequivalent,BRA,101655.293728099
122868,1955,6-12m,UP,Others_Others,LatinAmerica,76,458,1414.85313227588,0,331.134,1022.93881463546,0,102369.29481934,0.0292161106674869,NA,0.0338530716124614,0.723,GAM,GAM,Data,Pequivalent,BRA,106807.858238317
122869,1956,6-12m,UP,Others_Others,LatinAmerica,76,478,1476.50142345928,0,345.594,1067.51052916106,0,106839.569702281,0.0292161106674869,NA,0.0339356504049755,0.723,GAM,GAM,Data,Pequivalent,BRA,112263.318092179
122870,1957,6-12m,UP,Others_Others,LatinAmerica,76,498,1537.9861744229,0,360.054,1111.96400410775,0,111309.844585222,0.0292161106674869,NA,0.0341071768744486,0.723,GAM,GAM,Data,Pequivalent,BRA,117790.853736313
122871,1958,6-12m,UP,Others_Others,LatinAmerica,76,515,1590.30545181889,0,372.345,1149.79084166506,0,115109.578235721,0,NA,0.0342101894311314,0.723,Data,GAM,Data,Pequivalent,BRA,122676.592655484
122872,1959,6-12m,UP,Others_Others,LatinAmerica,76,551,1701.10883572923,0,398.373,1229.90168823223,0,123156.073025014,0,NA,0.0344023317380885,0.723,Data,GAM,Data,Pequivalent,BRA,132183.827742285
122873,1960,6-12m,UP,Others_Others,LatinAmerica,76,560,1728.60525643207,0,404.88,1249.78160040039,0,125167.696722338,0,NA,0.0345528561185089,0.723,Data,AIC,Data,Pequivalent,BRA,135296.636843634
122874,1961,6-12m,UP,Others_Others,LatinAmerica,76,552,1703.61885951913,0,399.096,1231.71643543233,0,123379.586769161,0,NA,0.0347070126370674,0.723,Data,GAM,Data,Pequivalent,BRA,134310.603663223
122875,1962,6-12m,UP,Others_Others,LatinAmerica,76,609,1879.07117906214,0,440.307,1358.56846246193,0,136119.870185542,0,NA,0.0349295164384727,0.723,Data,GAM,Data,Pequivalent,BRA,149231.589610932
122876,1963,6-12m,UP,Others_Others,LatinAmerica,76,644,1986.71037830341,0,465.612,1436.39160351337,0,143942.851230688,0,NA,0.0350895489641901,0.723,Data,GAM,Data,Pequivalent,BRA,158928.428466226
122877,1964,6-12m,UP,Others_Others,LatinAmerica,76,644,1986.21975764404,0,465.612,1436.03688477664,0,143942.851230688,0,NA,0.0353118161885595,0.723,Data,GAM,Data,Pequivalent,BRA,160056.692488025
122878,1965,6-12m,UP,Others_Others,LatinAmerica,76,674,2078.20157375977,0,487.302,1502.53973782832,0,150648.263555099,0,NA,0.0355473941512801,0.723,Data,GAM,Data,Pequivalent,BRA,168701.955389239
122879,1966,6-12m,UP,Others_Others,LatinAmerica,76,682,2102.37026957376,0,493.086,1520.01370490183,0,152436.373508275,0.0292161106674869,NA,0.0357608134682793,0.723,GAM,GAM,Data,Pequivalent,BRA,171916.216097241
122880,1967,6-12m,UP,Others_Others,LatinAmerica,76,693,2135.70443895537,0,501.039,1544.11430936473,0,154895.024693893,0.0292161106674869,NA,0.0360032672621479,0.723,GAM,GAM,Data,Pequivalent,BRA,175929.210110226
122881,1968,6-12m,UP,Others_Others,LatinAmerica,76,701,2159.87313476937,0,506.823,1561.58827643825,0,156683.134647069,0.0292161106674869,NA,0.0362059035010176,0.723,GAM,GAM,Data,Pequivalent,BRA,179223.512802342
122882,1969,6-12m,UP,Others_Others,LatinAmerica,76,706,2174.71281679595,0,510.438,1572.31736654347,0,157800.703367804,0.0292161106674869,NA,0.0364403754007234,0.723,GAM,GAM,Data,Pequivalent,BRA,181783.272544702
122883,1970,6-12m,UP,Others_Others,LatinAmerica,76,707,2177.22284058586,0,511.161,1574.13211374358,0,158024.217111952,0.0292161106674869,NA,0.0366764305155131,0.723,GAM,AIC,Data,Pequivalent,BRA,183333.098891996
122884,1971,6-12m,UP,Others_Others,LatinAmerica,76,706,2173.56803525743,0,510.438,1571.48968949112,0,157800.703367804,0.0292161106674869,NA,0.0369150082043178,0.723,GAM,GAM,Data,Pequivalent,BRA,184373.464230411
122885,1972,6-12m,UP,Others_Others,LatinAmerica,76,701,2157.58357169231,0,506.823,1559.93292233354,0,156683.134647069,0.0292161106674869,NA,0.0371619529303951,0.723,GAM,GAM,Data,Pequivalent,BRA,184367.336610029
122886,1973,6-12m,UP,Others_Others,LatinAmerica,76,161,1265.37801178416,0,116.403,914.868302519945,0,35858.8823466124,0.0292161106674869,NA,0.045248239774345,0.723,GAM,GAM,Data,Pequivalent,BRA,42494.3048081801
122887,1974,6-12m,UP,Others_Others,LatinAmerica,76,158,1233.91920371803,0,114.234,892.123584288139,0,35191.8159213236,0.0292161106674869,NA,0.0454259682739146,0.723,GAM,GAM,Data,Pequivalent,BRA,41999.8661046439
122888,1975,6-12m,UP,Others_Others,LatinAmerica,76,153,1185.59379242107,0,110.619,857.18431192043,0,34079.4594113169,0.0292161106674869,NA,0.0456451231702003,0.723,GAM,GAM,Data,Pequivalent,BRA,40961.0588622859
122889,1976,6-12m,UP,Others_Others,LatinAmerica,76,659,5181.85266814804,0,476.457,3746.47947907103,0,146776.073723622,0.0292161106674869,NA,0.0452350914172499,0.723,GAM,GAM,Data,Pequivalent,BRA,177666.682475325
122890,1977,6-12m,UP,Others_Others,LatinAmerica,76,643,5022.28422942184,0,464.889,3631.11149787199,0,143217.227853031,0.0292161106674869,NA,0.0454220555306245,0.723,GAM,GAM,Data,Pequivalent,BRA,174589.547414828
122891,1978,6-12m,UP,Others_Others,LatinAmerica,76,625,4845.84918746482,0,451.875,3503.54896253706,0,139213.091897722,0.0292161106674869,NA,0.0456291790719095,0.723,GAM,GAM,Data,Pequivalent,BRA,170913.081462869
122892,1979,6-12m,UP,Others_Others,LatinAmerica,76,605,4664.8653487167,0,437.415,3372.69764712218,0,134761.92845412,0.0292161106674869,NA,0.0457859059934458,0.723,GAM,GAM,Data,Pequivalent,BRA,166622.900966774
122893,1980,6-12m,UP,Others_Others,LatinAmerica,76,583,4467.01490673776,0,421.509,3229.6517775714,0,129865.474925798,0.0292161106674869,NA,0.0459651041644813,0.723,GAM,AIC,Data,Pequivalent,BRA,161708.71703777
122894,1981,6-12m,UP,Others_Others,LatinAmerica,76,680,5131.07258293641,0,491.64,3709.76547746303,0,151483.761579319,0.0292161106674869,NA,0.0464055423753809,0.723,GAM,GAM,Data,Pequivalent,BRA,189966.951473007
122895,1982,6-12m,UP,Others_Others,LatinAmerica,76,101,833.286753497588,0,73.023,602.466322778756,0,22489.7553836183,0.0292161106674869,NA,0.0439297954449891,0.723,GAM,GAM,Data,Pequivalent,BRA,28403.3099758898
122896,1983,6-12m,UP,Others_Others,LatinAmerica,76,97,298.748901909811,0,70.131,215.995456080793,0,21680.833182262,0.0292161106674869,NA,0.0365703429335353,0.723,GAM,GAM,Data,Pequivalent,BRA,27576.0741849671
122897,1984,6-12m,UP,Others_Others,LatinAmerica,76,92,283.255059004066,0,66.516,204.79340765994,0,20563.2644615269,0.0292161106674869,NA,0.0368707666375429,0.723,GAM,GAM,Data,Pequivalent,BRA,26340.303878963
122898,1985,6-12m,UP,Others_Others,LatinAmerica,76,88,270.925400767386,0,63.624,195.87906475482,0,19669.2094849388,0.0292161106674869,NA,0.0369180918693099,0.723,GAM,GAM,Data,Pequivalent,BRA,25373.938032312
122899,1986,6-12m,UP,Others_Others,LatinAmerica,76,82,666.895119584771,0,59.286,482.16517145979,0,18260.3682805863,0.0292161106674869,NA,0.0443127982288399,0.723,GAM,GAM,Data,Pequivalent,BRA,23723.7178661642
122900,1987,6-12m,UP,Others_Others,LatinAmerica,76,78,633.161913123099,0,56.394,457.776063188001,0,17369.7881111505,0.0292161106674869,NA,0.0443638422078863,0.723,GAM,GAM,Data,Pequivalent,BRA,22726.8888563806
122901,1988,6-12m,UP,Others_Others,LatinAmerica,76,74,599.428706661428,0,53.502,433.386954916212,0,16479.2079417147,0.0292161106674869,NA,0.0444206312474032,0.723,GAM,GAM,Data,Pequivalent,BRA,21714.7108363888
122902,1989,6-12m,UP,Others_Others,LatinAmerica,76,70,565.695500199756,0,50.61,408.997846644424,0,15588.6277722789,0.0292161106674869,NA,0.0444841931051381,0.723,GAM,GAM,Data,Pequivalent,BRA,20687.0161136999
122903,1991,6-12m,UP,Others_Others,LatinAmerica,76,62,498.229087276412,0,44.826,360.219630100846,0,13807.4674334073,0.0292161106674869,NA,0.0446371380180227,0.723,GAM,GAM,Data,Pequivalent,BRA,18584.3977389275
122904,1992,6-12m,UP,Others_Others,LatinAmerica,76,479,1465.92822966604,0,346.317,1059.86611004855,0,107063.083446428,0.0292161106674869,NA,0.0423110328325335,0.723,GAM,GAM,Data,Pequivalent,BRA,145126.412654433
122905,1993,6-12m,UP,Others_Others,LatinAmerica,76,448,1370.94576910103,0,323.904,991.193791060046,0,100134.15737787,0.0292161106674869,NA,0.0423839953315911,0.723,GAM,GAM,Data,Pequivalent,BRA,136697.700776747
122906,1994,6-12m,UP,Others_Others,LatinAmerica,76,328,2371.95312378506,0,237.144,1714.9221084966,0,73083.1708081733,0.0292161106674869,NA,0.0476646770510504,0.723,GAM,GAM,Data,Pequivalent,BRA,100477.447293005
122907,1995,6-12m,UP,Others_Others,LatinAmerica,76,307,2213.3304995209,0,221.961,1600.23795115361,0,68405.018813271,0.0292161106674869,NA,0.0477570504642603,0.723,GAM,GAM,Data,Pequivalent,BRA,94713.4000329282
122908,1996,6-12m,UP,Others_Others,LatinAmerica,76,287,2069.30008009204,0,207.501,1496.10395790655,0,63948.6431589397,0.0292161106674869,NA,0.0477546974903879,0.723,GAM,GAM,Data,Pequivalent,BRA,89171.6995175341
122909,1997,6-12m,UP,Others_Others,LatinAmerica,76,269,1942.13626389403,0,194.487,1404.16451879538,0,59937.5575893262,0.0292161106674869,NA,0.0477138040622433,0.723,GAM,GAM,Data,Pequivalent,BRA,84171.8748235542
122910,1998,6-12m,UP,Others_Others,LatinAmerica,76,252,1817.24684609155,0,182.196,1313.86946972419,0,56149.9857638598,0.0292161106674869,NA,0.0477496822991478,0.723,GAM,GAM,Data,Pequivalent,BRA,79412.6810520384
122911,1999,6-12m,UP,Others_Others,LatinAmerica,76,237,726.689055358252,0,171.351,525.396187024016,0,52972.7573628464,0.0292161106674869,NA,0.04059362325391,0.723,GAM,GAM,Data,Pequivalent,BRA,75451.0063650047
122912,2000,6-12m,UP,Others_Others,LatinAmerica,76,223,683.698791749661,0,161.229,494.314226435005,0,49843.564944788,0.0292161106674869,NA,0.0406776861906086,0.723,GAM,GAM,Data,Pequivalent,BRA,71497.985086839
122913,2001,6-12m,UP,Others_Others,LatinAmerica,76,200,613.212107438223,0,144.6,443.352353677835,0,44702.7488294062,0,NA,0.0406343735541693,0.723,Data,GAM,Data,Pequivalent,BRA,64578.980518158
122914,2002,6-12m,UP,Others_Others,LatinAmerica,76,198,607.047278319883,0,143.154,438.895182225275,0,44255.7213411122,0.0292161106674869,NA,0.040683155252496,0.723,GAM,GAM,Data,Pequivalent,BRA,64387.0649479162
122915,2003,6-12m,UP,Others_Others,LatinAmerica,76,188,576.386672947972,0,135.924,416.727564541384,0,42020.5838996419,0.0292161106674869,NA,0.0406857501709283,0.723,GAM,GAM,Data,Pequivalent,BRA,61569.2036822184
122916,2004,6-12m,UP,Others_Others,LatinAmerica,76,169,518.066106653425,0,122.187,374.561795110426,0,37773.8227608483,0,NA,0.0408058543564495,0.723,Data,Data,Data,Pequivalent,BRA,55739.7018152969
122917,2005,6-12m,UP,Others_Others,LatinAmerica,76,185,567.221199380356,0,133.755,410.100927151997,0,41350.0426672008,0,NA,0.0406343735541693,0.723,Data,Data,Data,Pequivalent,BRA,61450.0037912746
122918,2006,6-12m,UP,Others_Others,LatinAmerica,76,194,1426.65780391532,0,140.262,1031.47359223078,0,43222.6740784313,0.0292161106674869,NA,0.0471615032544701,0.723,GAM,Data,Data,Pequivalent,BRA,64688.9099756719
122919,2007,6-12m,UP,Others_Others,LatinAmerica,76,28,223.814638791952,0,20.244,161.817983846582,0,6235.7985896268,0.0292161106674869,NA,0.0447821021434663,0.723,GAM,Data,Data,Pequivalent,BRA,9399.01904775059
122920,2008,6-12m,UP,Others_Others,LatinAmerica,76,24,190.081432330281,0,17.352,137.428875574793,0,5345.218420191,0.0292161106674869,NA,0.0450354158347693,0.723,GAM,Data,Data,Pequivalent,BRA,8113.87206653633
122921,2009,6-12m,UP,Others_Others,LatinAmerica,76,24,190.081432330281,0,17.352,137.428875574793,0,5345.218420191,0.0292161106674869,NA,0.0450354158347693,0.723,GAM,Data,Data,Pequivalent,BRA,8171.47403251877
122922,2010,6-12m,UP,Others_Others,LatinAmerica,76,20,156.348225868608,0,14.46,113.039767303004,0,4454.63825075519,0.0292161106674869,NA,0.0453980378728838,0.723,GAM,Data,Data,Pequivalent,BRA,6858.34992214468
122923,2011,6-12m,UP,Others_Others,LatinAmerica,76,18,139.481622637772,0,13.014,100.84521316711,0,4009.34816603729,0.0292161106674869,NA,0.0456451231702003,0.723,GAM,Data,Data,Pequivalent,BRA,6216.60421079113
122924,2012,6-12m,UP,Others_Others,LatinAmerica,76,18,139.481622637772,0,13.014,100.84521316711,0,4009.34816603729,0.0292161106674869,NA,0.0456451231702003,0.723,GAM,Data,Data,Pequivalent,BRA,6260.73710090079
122925,2013,6-12m,UP,Others_Others,LatinAmerica,76,17,137.20722424223,0,12.291,99.2008231271324,0,3785.83442189025,0.0292161106674869,NA,0.0445189041074062,0.723,GAM,Data,Data,Pequivalent,BRA,5953.68099284075
122926,2014,6-12m,UP,Others_Others,LatinAmerica,76,16,122.615019406936,0,11.568,88.6506590312148,0,3564.05808131938,0.0292161106674869,NA,0.045960185289511,0.723,GAM,Data,Data,Pequivalent,BRA,5644.70132321929
122927,2015,6-12m,UP,Others_Others,LatinAmerica,76,15,45.9909080578667,0,10.845,33.2514265258376,0,3352.70616220547,0.0292161106674869,NA,0.0406343735541693,0.723,GAM,GAM,Data,Pequivalent,BRA,5347.66183138892
122928,2016,6-12m,UP,Others_Others,LatinAmerica,76,14,42.9902636085914,0,10.122,31.0819605890116,0,3129.19241805844,0.0292161106674869,NA,0.0392567222110353,0.723,GAM,GAM,Data,Pequivalent,BRA,5026.58420083245
122929,2017,6-12m,UP,Others_Others,LatinAmerica,76,14,105.7484161761,0,10.122,76.4561048953206,0,3118.76799660147,0.0292161106674869,NA,0.0463757506210992,0.723,GAM,GAM,Data,Pequivalent,BRA,5045.40473861224
122930,1950,Less than 6m,UP,Others_Others,LatinAmerica,76,3429,2929.24287944331,0,2479.167,2117.84260183751,0,772250.727053896,0.0292161106674869,NA,0.0139062410535063,0.723,GAM,AIC,Data,Pequivalent,BRA,777733.086123018
122931,1951,Less than 6m,UP,Others_Others,LatinAmerica,76,3541,3024.89294676662,0,2560.143,2186.99760051227,0,797474.431174642,0.0292161106674869,NA,0.0138745421681891,0.723,GAM,GAM,Data,Pequivalent,BRA,808837.476917402
122932,1952,Less than 6m,UP,Others_Others,LatinAmerica,76,3658,3124.81144738067,0,2644.734,2259.23867645622,0,823824.193515064,0.0292161106674869,NA,0.0138415849230874,0.723,GAM,GAM,Data,Pequivalent,BRA,841494.514586491
122933,1953,Less than 6m,UP,Others_Others,LatinAmerica,76,3778,3227.29169614715,0,2731.494,2333.33189631439,0,850849.590787291,0.0292161106674869,NA,0.013809606587539,0.723,GAM,GAM,Data,Pequivalent,BRA,875269.491465608
122934,1954,Less than 6m,UP,Others_Others,LatinAmerica,76,3903,3334.04209864931,0,2821.869,2410.51243732345,0,879001.046279194,0.0292161106674869,NA,0.0137785414340761,0.723,GAM,GAM,Data,Pequivalent,BRA,910648.208878582
122935,1955,Less than 6m,UP,Others_Others,LatinAmerica,76,4033,3445.06265488714,0,2915.859,2490.7802994834,0,908278.559990773,0.0292161106674869,NA,0.0137484200895081,0.723,GAM,GAM,Data,Pequivalent,BRA,947660.017074467
122936,1956,Less than 6m,UP,Others_Others,LatinAmerica,76,4170,3562.06177044393,0,3014.91,2575.37066003096,0,939132.5552099,0.0292161106674869,NA,0.0137192450798415,0.723,GAM,GAM,Data,Pequivalent,BRA,986807.950182137
122937,1957,Less than 6m,UP,Others_Others,LatinAmerica,76,4313,3684.18438230555,0,3118.299,2663.66530840691,0,971337.820292638,0.0292161106674869,NA,0.0136902276707034,0.723,GAM,GAM,Data,Pequivalent,BRA,1027893.90772206
122938,1958,Less than 6m,UP,Others_Others,LatinAmerica,76,4432,3785.80612716803,0,3204.336,2737.13782994249,0,998138.00592093,0,NA,0.0136629662782699,0.723,Data,GAM,Data,Pequivalent,BRA,1063753.09025605
122939,1959,Less than 6m,UP,Others_Others,LatinAmerica,76,4724,4035.20409476016,0,3415.452,2917.4525605116,0,1063899.80595002,0,NA,0.0136380277365711,0.723,Data,GAM,Data,Pequivalent,BRA,1141887.242996
122940,1960,Less than 6m,UP,Others_Others,LatinAmerica,76,4790,4091.55395188869,0,3463.17,2958.19350721552,0,1078763.77444974,0,NA,0.0136143649717213,0.723,Data,AIC,Data,Pequivalent,BRA,1166060.5288245
122941,1961,Less than 6m,UP,Others_Others,LatinAmerica,76,4704,4018.07014602418,0,3400.992,2905.06471557548,0,1059395.57307131,0,NA,0.0135930302491414,0.723,Data,GAM,Data,Pequivalent,BRA,1153254.46180631
122942,1962,Less than 6m,UP,Others_Others,LatinAmerica,76,5195,4437.44844759352,0,3755.985,3208.27522761011,0,1169974.49024351,0,NA,0.013572819016695,0.723,Data,GAM,Data,Pequivalent,BRA,1282672.05034275
122943,1963,Less than 6m,UP,Others_Others,LatinAmerica,76,5494,4692.82497450459,0,3972.162,3392.91245656682,0,1237312.77178014,0,NA,0.0135556444839784,0.723,Data,GAM,Data,Pequivalent,BRA,1366126.71389327
122944,1964,Less than 6m,UP,Others_Others,LatinAmerica,76,5507,4703.90982567893,0,3981.561,3400.92680396587,0,1240240.5231513,0,NA,0.0135407660446341,0.723,Data,GAM,Data,Pequivalent,BRA,1379080.61656413
122945,1965,Less than 6m,UP,Others_Others,LatinAmerica,76,5780,4937.08052089749,0,4178.94,3569.50921660889,0,1301723.30194562,0,NA,0.0135279759801434,0.723,Data,GAM,Data,Pequivalent,BRA,1457721.85640655
122946,1966,Less than 6m,UP,Others_Others,LatinAmerica,76,5860,5005.40126022346,0,4236.78,3618.90511114156,0,1319740.23346044,0.0292161106674869,NA,0.0135189243651675,0.723,GAM,GAM,Data,Pequivalent,BRA,1488389.82420093
122947,1967,Less than 6m,UP,Others_Others,LatinAmerica,76,5971,5100.20314631245,0,4317.033,3687.4468747839,0,1344738.72593725,0.0292161106674869,NA,0.013511620943187,0.723,GAM,GAM,Data,Pequivalent,BRA,1527349.39244372
122948,1968,Less than 6m,UP,Others_Others,LatinAmerica,76,6050,5167.67742484903,0,4374.15,3736.23077816585,0,1362530.44580813,0.0292161106674869,NA,0.013508447889444,0.723,GAM,GAM,Data,Pequivalent,BRA,1558543.57489038
122949,1969,Less than 6m,UP,Others_Others,LatinAmerica,76,6098,5208.67571795742,0,4408.854,3765.87254408321,0,1373340.60471702,0.0292161106674869,NA,0.0135074352169627,0.723,GAM,GAM,Data,Pequivalent,BRA,1582061.06890469
122950,1970,Less than 6m,UP,Others_Others,LatinAmerica,76,6112,5220.63799793013,0,4418.976,3774.52127250348,0,1376493.56773211,0.0292161106674869,NA,0.013510215022786,0.723,GAM,AIC,Data,Pequivalent,BRA,1596950.36614828
122951,1971,Less than 6m,UP,Others_Others,LatinAmerica,76,6095,5206.12601291961,0,4406.685,3764.02910734088,0,1372664.96978521,0.0292161106674869,NA,0.0135162930458367,0.723,GAM,GAM,Data,Pequivalent,BRA,1603814.11683028
122952,1972,Less than 6m,UP,Others_Others,LatinAmerica,76,6047,5165.13976292582,0,4371.981,3734.39604859537,0,1361854.81087632,0.0292161106674869,NA,0.0135257905460696,0.723,GAM,GAM,Data,Pequivalent,BRA,1602479.71101922
122953,1973,Less than 6m,UP,Others_Others,LatinAmerica,76,2956,2180.91701304912,0,2137.188,1576.80300043451,0,665725.619472534,0.0292161106674869,NA,0.266579401160491,0.723,GAM,GAM,Data,Pequivalent,BRA,788913.249415676
122954,1974,Less than 6m,UP,Others_Others,LatinAmerica,76,2905,2144.26888377553,0,2100.315,1550.30640296971,0,654239.825631836,0.0292161106674869,NA,0.265940895764171,0.723,GAM,GAM,Data,Pequivalent,BRA,780806.115214222
122955,1975,Less than 6m,UP,Others_Others,LatinAmerica,76,2844,2100.42433324377,0,2056.212,1518.60679293525,0,640501.915351788,0.0292161106674869,NA,0.265154921085766,0.723,GAM,GAM,Data,Pequivalent,BRA,769837.230675652
122956,1976,Less than 6m,UP,Others_Others,LatinAmerica,76,5615,4228.18944138586,0,4059.645,3056.98096612198,0,1264563.3806963,0.0292161106674869,NA,0.238315945286248,0.723,GAM,GAM,Data,Pequivalent,BRA,1530704.39158324
122957,1977,Less than 6m,UP,Others_Others,LatinAmerica,76,5463,4116.23011939583,0,3949.749,2976.03437632318,0,1230331.21081815,0.0292161106674869,NA,0.237484272565819,0.723,GAM,GAM,Data,Pequivalent,BRA,1499840.29496443
122958,1978,Less than 6m,UP,Others_Others,LatinAmerica,76,5298,3994.54011576889,0,3830.454,2888.05250370091,0,1193171.28956884,0.0292161106674869,NA,0.236581854708418,0.723,GAM,GAM,Data,Pequivalent,BRA,1464866.40755784
122959,1979,Less than 6m,UP,Others_Others,LatinAmerica,76,5127,3868.1390523381,0,3706.821,2796.66453484045,0,1154660.09845591,0.0292161106674869,NA,0.235687775878683,0.723,GAM,GAM,Data,Pequivalent,BRA,1427649.61471151
122960,1980,Less than 6m,UP,Others_Others,LatinAmerica,76,4948,3735.51615266109,0,3577.404,2700.77817837397,0,1114347.21419151,0.0292161106674869,NA,0.234799817852911,0.723,GAM,AIC,Data,Pequivalent,BRA,1387587.10461332
122961,1981,Less than 6m,UP,Others_Others,LatinAmerica,76,4574,3438.16632836639,0,3307.002,2485.7942554089,0,1030118.05935973,0.0292161106674869,NA,0.240759168341381,0.723,GAM,GAM,Data,Pequivalent,BRA,1291810.98590157
122962,1982,Less than 6m,UP,Others_Others,LatinAmerica,76,1297,863.831808660052,0,937.731,624.550397661218,0,292099.50218399,0.0292161106674869,NA,0.417229956315952,0.723,GAM,GAM,Data,Pequivalent,BRA,368905.422171834
122963,1983,Less than 6m,UP,Others_Others,LatinAmerica,76,1239,1057.29144318785,0,895.797,764.421713424816,0,279037.226835748,0.0292161106674869,NA,0.0100450508117196,0.723,GAM,GAM,Data,Pequivalent,BRA,354910.31192867
122964,1984,Less than 6m,UP,Others_Others,LatinAmerica,76,1181,1007.79757417664,0,853.863,728.637646129711,0,265974.951487504,0.0292161106674869,NA,0.0100450508117196,0.723,GAM,GAM,Data,Pequivalent,BRA,340697.901322088
122965,1985,Less than 6m,UP,Others_Others,LatinAmerica,76,1125,960.010390303739,0,813.375,694.087512189603,0,253363.099427131,0.0292161106674869,NA,0.0100450508117196,0.723,GAM,GAM,Data,Pequivalent,BRA,326846.871474994
122966,1986,Less than 6m,UP,Others_Others,LatinAmerica,76,1071,713.310614552749,0,774.333,515.723574321638,0,241201.670654629,0.0292161106674869,NA,0.417229956315952,0.723,GAM,GAM,Data,Pequivalent,BRA,313367.194764713
122967,1987,Less than 6m,UP,Others_Others,LatinAmerica,76,1018,678.011396465638,0,736.014,490.202239644656,0,229265.453526062,0.0292161106674869,NA,0.417229956315952,0.723,GAM,GAM,Data,Pequivalent,BRA,299974.325970599
122968,1988,Less than 6m,UP,Others_Others,LatinAmerica,76,967,644.044224344079,0,699.141,465.643974200769,0,217779.659685365,0.0292161106674869,NA,0.417229956315952,0.723,GAM,GAM,Data,Pequivalent,BRA,286969.031086987
122969,1989,Less than 6m,UP,Others_Others,LatinAmerica,76,918,611.409098188071,0,663.714,442.048777989975,0,206744.289132539,0.0292161106674869,NA,0.417229956315952,0.723,GAM,GAM,Data,Pequivalent,BRA,274361.701567207
122970,1990,Less than 6m,UP,Others_Others,LatinAmerica,76,871,580.106017997614,0,629.733,419.416651012275,0,196159.341867583,0.0292161106674869,NA,0.417229956315952,0.723,GAM,AIC,Data,Pequivalent,BRA,262162.886786117
122971,1991,Less than 6m,UP,Others_Others,LatinAmerica,76,826,550.134983772708,0,597.198,397.747593267668,0,186024.817890498,0.0292161106674869,NA,0.417229956315952,0.723,GAM,GAM,Data,Pequivalent,BRA,250383.295970985
122972,1992,Less than 6m,UP,Others_Others,LatinAmerica,76,2832,2419.17112369595,0,2047.536,1749.06072243217,0,637799.375624565,0.0292161106674869,NA,0.0137852951991112,0.723,GAM,GAM,Data,Pequivalent,BRA,864551.369136925
122973,1993,Less than 6m,UP,Others_Others,LatinAmerica,76,2710,2314.97558756644,0,1959.33,1673.72734981054,0,610323.555064468,0.0292161106674869,NA,0.0138167331103996,0.723,GAM,GAM,Data,Pequivalent,BRA,833180.493968399
122974,1994,Less than 6m,UP,Others_Others,LatinAmerica,76,2593,1969.17739040433,0,1874.739,1423.71525326233,0,583973.792724046,0.0292161106674869,NA,0.226765644272687,0.723,GAM,GAM,Data,Pequivalent,BRA,802868.777176324
122975,1995,Less than 6m,UP,Others_Others,LatinAmerica,76,2484,1888.35928334887,0,1795.932,1365.28376186123,0,559425.723535106,0.0292161106674869,NA,0.225356819003644,0.723,GAM,GAM,Data,Pequivalent,BRA,774579.311008264
122976,1996,Less than 6m,UP,Others_Others,LatinAmerica,76,2381,1811.89477514368,0,1721.463,1309.99992242888,0,536228.924209778,0.0292161106674869,NA,0.223981198631003,0.723,GAM,GAM,Data,Pequivalent,BRA,747731.96334128
122977,1997,Less than 6m,UP,Others_Others,LatinAmerica,76,2285,1740.62861924832,0,1652.055,1258.47449171654,0,514608.606391996,0.0292161106674869,NA,0.222588898687316,0.723,GAM,GAM,Data,Pequivalent,BRA,722678.282907952
122978,1998,Less than 6m,UP,Others_Others,LatinAmerica,76,2196,1674.5608156628,0,1587.708,1210.70746972421,0,494564.770081761,0.0292161106674869,NA,0.221190756002146,0.723,GAM,GAM,Data,Pequivalent,BRA,699460.806833477
122979,1999,Less than 6m,UP,Others_Others,LatinAmerica,76,2112,1804.23801774879,0,1526.976,1304.46408683238,0,475646.991991201,0.0292161106674869,NA,0.0140060906052399,0.723,GAM,GAM,Data,Pequivalent,BRA,677481.143267696
122980,2000,Less than 6m,UP,Others_Others,LatinAmerica,76,2034,1737.61880222631,0,1470.582,1256.29839400962,0,458080.483764254,0.0292161106674869,NA,0.0140363554993208,0.723,GAM,GAM,Data,Pequivalent,BRA,657092.477896154
122981,2001,Less than 6m,UP,Others_Others,LatinAmerica,76,1873,1600.0912925513,0,1354.179,1156.86600451459,0,421821.409090681,0,NA,0.0140648169067535,0.723,Data,GAM,Data,Pequivalent,BRA,609376.319647923
122982,2002,Less than 6m,UP,Others_Others,LatinAmerica,76,1897,1620.60592310998,0,1371.531,1171.69808240852,0,427226.488545127,0.0292161106674869,NA,0.014090625585815,0.723,GAM,GAM,Data,Pequivalent,BRA,621566.180187223
122983,2003,Less than 6m,UP,Others_Others,LatinAmerica,76,2350,2008.00796362652,0,1699.05,1451.78975770198,0,529247.363247785,0.0292161106674869,NA,0.0148173112626701,0.723,GAM,GAM,Data,Pequivalent,BRA,775461.349701939
122984,2004,Less than 6m,UP,Others_Others,LatinAmerica,76,2164,1849.08667414951,0,1564.572,1336.8896654101,0,487357.997475833,0,NA,0.0148376096298884,0.723,Data,Data,Data,Pequivalent,BRA,719153.833822698
122985,2005,Less than 6m,UP,Others_Others,LatinAmerica,76,1885,1610.3864576194,0,1362.855,1164.30940885883,0,424523.948817904,0,NA,0.0141626067180215,0.723,Data,Data,Data,Pequivalent,BRA,630882.01563186
122986,2006,Less than 6m,UP,Others_Others,LatinAmerica,76,2144,1682.4654740374,0,1550.112,1216.42253772904,0,482853.764597128,0.0292161106674869,NA,0.182956553167318,0.723,GAM,Data,Data,Pequivalent,BRA,722659.677482211
122987,2007,Less than 6m,UP,Others_Others,LatinAmerica,76,395,263.079078196392,0,285.585,190.206173535991,0,88958.5993544153,0.0292161106674869,NA,0.417229956315952,0.723,GAM,Data,Data,Pequivalent,BRA,134084.441274971
122988,2008,Less than 6m,UP,Others_Others,LatinAmerica,76,380,253.088733454757,0,274.74,182.983154287789,0,85580.4246953863,0.0292161106674869,NA,0.417229956315952,0.723,GAM,Data,Data,Pequivalent,BRA,129908.370957346
122989,2009,Less than 6m,UP,Others_Others,LatinAmerica,76,367,244.430434678673,0,265.341,176.723204272681,0,82652.6733242285,0.0292161106674869,NA,0.417229956315952,0.723,GAM,Data,Data,Pequivalent,BRA,126354.831682081
122990,2010,Less than 6m,UP,Others_Others,LatinAmerica,76,429,285.723859610765,0,310.167,206.578350498583,0,96615.795248213,0.0292161106674869,NA,0.417229956315952,0.723,GAM,Data,Data,Pequivalent,BRA,148749.436995517
122991,2011,Less than 6m,UP,Others_Others,LatinAmerica,76,514,342.335813146697,0,371.622,247.508792905062,0,115758.784982707,0.0292161106674869,NA,0.417229956315952,0.723,GAM,Data,Data,Pequivalent,BRA,179487.168576536
122992,2012,Less than 6m,UP,Others_Others,LatinAmerica,76,493,328.349330508408,0,356.439,237.396565957579,0,111029.340460067,0.0292161106674869,NA,0.417229956315952,0.723,GAM,Data,Data,Pequivalent,BRA,173376.190422975
122993,2013,Less than 6m,UP,Others_Others,LatinAmerica,76,536,356.988318767762,0,387.528,258.102554469092,0,120713.441149282,0.0292161106674869,NA,0.417229956315951,0.723,GAM,Data,Data,Pequivalent,BRA,189836.437641148
122994,2014,Less than 6m,UP,Others_Others,LatinAmerica,76,479,319.025008749549,0,346.317,230.655081325924,0,107876.377444974,0.0292161106674869,NA,0.417229956315952,0.723,GAM,Data,Data,Pequivalent,BRA,170852.976190087
122995,2015,Less than 6m,UP,Others_Others,LatinAmerica,76,950,811.515017833453,0,686.85,586.725357893587,0,213951.061738466,0.0292161106674869,NA,0.0137820969141416,0.723,GAM,GAM,Data,Pequivalent,BRA,341258.037922206
122996,2016,Less than 6m,UP,Others_Others,LatinAmerica,76,760,649.082292718009,0,549.48,469.28649763512,0,171160.849390773,0.0292161106674869,NA,0.0130609442134611,0.723,GAM,GAM,Data,Pequivalent,BRA,274944.556424096
122997,2017,Less than 6m,UP,Others_Others,LatinAmerica,76,735,544.218418241598,0,531.405,393.469916388675,0,165530.558292393,0.0292161106674869,NA,0.261594928157661,0.723,GAM,GAM,Data,Pequivalent,BRA,267788.006066387
151378,1950,6-12m,APW,Lines_Handlines_and_poles,LatinAmerica,76,54,171.263796069852,1332.42746616414,39.042,123.823724558503,963.345058036671,197522.045184683,0.0513454323196739,0.0364500535518704,0.0333968640182561,0.723,GAM,AIC,Data,AIC,BRA,201598.731990104
151379,1951,6-12m,APW,Lines_Handlines_and_poles,LatinAmerica,76,58,183.955126477508,1419.43270595362,41.934,132.999556443239,1026.24984640447,210419.897669274,0.0513454323196739,0.0366787850112144,0.0333098841744136,0.723,GAM,GAM,Data,AIC,BRA,219195.306162988
151380,1952,6-12m,APW,Lines_Handlines_and_poles,LatinAmerica,76,62,196.618791111756,1491.82464592059,44.826,142.1553859738,1078.58921900059,221151.441712214,0.0513454323196739,0.037474744932594,0.0336735482532039,0.723,GAM,GAM,Data,AIC,BRA,235129.132891562
151381,1953,6-12m,APW,Lines_Handlines_and_poles,LatinAmerica,76,67,212.476037677976,1597.31304681487,48.441,153.620175241177,1154.85733284715,236789.279581081,0.0513454323196739,0.0380201273448864,0.0336604295441602,0.723,GAM,GAM,Data,AIC,BRA,256951.363146394
151382,1954,6-12m,APW,Lines_Handlines_and_poles,LatinAmerica,76,72,228.333284244196,1700.69290637109,52.056,165.084964508554,1229.6009713063,252114.542538347,0.0513454323196739,0.0388079638096537,0.0336491329663457,0.723,GAM,GAM,Data,AIC,BRA,279228.028330313
151383,1955,6-12m,APW,Lines_Handlines_and_poles,LatinAmerica,76,76,240.996948878444,1770.46702570673,54.948,174.240794039115,1280.04765958597,262458.014961512,0.0513454323196739,0.0386338740043444,0.033928003960052,0.723,GAM,GAM,Data,AIC,BRA,296683.350200847
151384,1956,6-12m,APW,Lines_Handlines_and_poles,LatinAmerica,76,82,260.020111603226,1891.84805365307,59.286,187.994540689132,1367.80614279117,280451.811618678,0.0513454323196739,0.0390094753421109,0.0339629878088456,0.723,GAM,GAM,Data,AIC,BRA,323566.690477059
151385,1957,6-12m,APW,Lines_Handlines_and_poles,LatinAmerica,76,87,275.849692396036,1981.18609943653,62.901,199.439327602334,1432.39754989261,293695.484511997,0.0513454323196739,0.0395217794139932,0.0342495229577314,0.723,GAM,GAM,Data,AIC,BRA,345839.86180249
151386,1958,6-12m,APW,Lines_Handlines_and_poles,LatinAmerica,76,93,294.872855120818,2098.6340013847,67.239,213.193074252351,1517.31238300114,311106.225722728,0,0.0398830858285789,0.0342596296732324,0.723,Data,GAM,Data,AIC,BRA,373902.788555294
151387,1959,6-12m,APW,Lines_Handlines_and_poles,LatinAmerica,76,91,288.513357030285,2030.39978484096,65.793,208.595157132896,1467.97904444001,300991.031953797,0,0.0403368837070751,0.0344561127729371,0.723,Data,GAM,Data,AIC,BRA,369211.976657665
151388,1960,6-12m,APW,Lines_Handlines_and_poles,LatinAmerica,76,131,415.343663786631,2898.66986995326,94.713,300.293468917734,2095.73831597621,429705.342743105,0,0.0406738280968509,0.0343715022663463,0.723,Data,AIC,Data,AIC,BRA,537978.847763005
151389,1961,6-12m,APW,Lines_Handlines_and_poles,LatinAmerica,76,134,424.841412262318,2934.35088866866,96.882,307.160341065656,2121.53569250744,434994.777230094,0,0.0410993792411504,0.0344739979524674,0.723,Data,GAM,Data,AIC,BRA,555841.171346645
151390,1962,6-12m,APW,Lines_Handlines_and_poles,LatinAmerica,76,127,402.624667605565,2750.51739947156,91.821,291.097634678824,1988.62407981794,407742.887216011,0,0.0415558178333865,0.0346566286227574,0.723,Data,GAM,Data,AIC,BRA,531771.778893574
151391,1963,6-12m,APW,Lines_Handlines_and_poles,LatinAmerica,76,145,459.69415577991,3110.24437188073,104.835,332.358874628875,2248.70668086977,461069.622894095,0,0.0419581178829006,0.0346255368118453,0.723,Data,GAM,Data,AIC,BRA,613730.38383417
151392,1964,6-12m,APW,Lines_Handlines_and_poles,LatinAmerica,76,141,447.002825372252,2992.76237166208,101.943,323.183042744138,2163.76719471168,443653.826879036,0,0.042402297356313,0.034696216187384,0.723,Data,GAM,Data,AIC,BRA,602736.606599354
151393,1965,6-12m,APW,Lines_Handlines_and_poles,LatinAmerica,76,146,462.832406165063,3065.17761777784,105.558,334.62782965734,2216.12341765337,454388.825877904,0,0.0428686413596029,0.0348419145739381,0.723,Data,GAM,Data,AIC,BRA,630061.876037691
151394,1966,6-12m,APW,Lines_Handlines_and_poles,LatinAmerica,76,148,469.136572708778,3072.92259177586,107.004,339.185742068447,2221.72303385395,455536.958247464,0.0513454323196739,0.0433463570987718,0.0350817021268752,0.723,GAM,GAM,Data,AIC,BRA,644690.69080636
151395,1967,6-12m,APW,Lines_Handlines_and_poles,LatinAmerica,76,156,494.491567750684,3204.88184295901,112.788,357.517403483744,2317.12957245936,475098.894515388,0.0513454323196739,0.04380816731464,0.0351053269137604,0.723,GAM,GAM,Data,AIC,BRA,686252.633242401
151396,1968,6-12m,APW,Lines_Handlines_and_poles,LatinAmerica,76,164,519.84656279259,3332.97368110453,118.572,375.849064899042,2409.73997143857,494087.516773983,0.0513454323196739,0.0442847781357476,0.0351266471500448,0.723,GAM,GAM,Data,AIC,BRA,728410.34981473
151397,1969,6-12m,APW,Lines_Handlines_and_poles,LatinAmerica,76,195,618.12829257506,3918.79782494885,140.985,446.906755531768,2833.29082743802,580931.405802945,0.0513454323196739,0.0447841424435542,0.0350353985808149,0.723,GAM,GAM,Data,AIC,BRA,874116.472486778
151398,1970,6-12m,APW,Lines_Handlines_and_poles,LatinAmerica,76,205,649.81511993409,4073.76795980168,148.215,469.816331712347,2945.33423493662,603904.52723431,0.0513454323196739,0.0452897665798771,0.03509338770852,0.723,GAM,AIC,Data,AIC,BRA,927438.150354664
151399,1971,6-12m,APW,Lines_Handlines_and_poles,LatinAmerica,76,215,681.50194729312,4224.45553810388,155.445,492.725907892926,3054.28135404911,626242.792848021,0.0513454323196739,0.0458047192720251,0.0351459843601344,0.723,GAM,GAM,Data,AIC,BRA,981593.411239994
151400,1972,6-12m,APW,Lines_Handlines_and_poles,LatinAmerica,76,226,716.382356584121,4387.96445583787,163.398,517.944443810319,3172.49830157078,650481.722663637,0.0513454323196739,0.0463540673692994,0.0350898557740144,0.723,GAM,GAM,Data,AIC,BRA,1040629.69465586
151401,1973,6-12m,APW,Lines_Handlines_and_poles,LatinAmerica,76,271,867.163711846202,5197.6562037134,195.933,626.959363664804,3757.90543528479,770512.248955588,0.0513454323196739,0.0469249966601772,0.0423949152110436,0.723,GAM,GAM,Data,AIC,BRA,1256442.7006362
151402,1974,6-12m,APW,Lines_Handlines_and_poles,LatinAmerica,76,284,908.769122797265,5381.33432232059,205.332,657.040075782423,3890.70471503778,797741.106483882,0.0513454323196739,0.0474975135701618,0.0423766655866236,0.723,GAM,GAM,Data,AIC,BRA,1325949.96411228
151403,1975,6-12m,APW,Lines_Handlines_and_poles,LatinAmerica,76,298,953.56643079407,5578.63096050237,215.454,689.428529464113,4033.35018444321,826988.803991889,0.0513454323196739,0.0480763115357335,0.0423795106194317,0.723,GAM,GAM,Data,AIC,BRA,1401092.53409006
151404,1976,6-12m,APW,Lines_Handlines_and_poles,LatinAmerica,76,272,870.300234213735,5036.04907523957,196.656,629.22706933653,3641.06348139821,746555.24465841,0.0513454323196739,0.0486095342485031,0.0425636995094238,0.723,GAM,GAM,Data,AIC,BRA,1289232.25917453
151405,1977,6-12m,APW,Lines_Handlines_and_poles,LatinAmerica,76,285,911.905645164797,5212.81524892638,206.055,659.307781454148,3768.86542497377,772759.459921704,0.0513454323196739,0.0492056571643947,0.0425378119240174,0.723,GAM,GAM,Data,AIC,BRA,1360240.08078229
151406,1978,6-12m,APW,Lines_Handlines_and_poles,LatinAmerica,76,265,847.846205537122,4795.53472821928,191.595,612.992806603339,3467.17160850254,710900.856764058,0.0513454323196739,0.0497337655791644,0.0427185095625367,0.723,GAM,GAM,Data,AIC,BRA,1275505.39287126
151407,1979,6-12m,APW,Lines_Handlines_and_poles,LatinAmerica,76,279,892.643513533927,4989.52809225377,201.717,645.381260285029,3607.42881069948,739658.869480998,0.0513454323196739,0.0503254005904551,0.042704393331472,0.723,GAM,GAM,Data,AIC,BRA,1352716.39931581
151408,1980,6-12m,APW,Lines_Handlines_and_poles,LatinAmerica,76,294,940.632718576474,5197.92568885458,212.562,680.077455530791,3758.10027304186,770552.198039186,0.0513454323196739,0.0509049216627619,0.0427102658400055,0.723,GAM,AIC,Data,AIC,BRA,1436413.15413673
151409,1981,6-12m,APW,Lines_Handlines_and_poles,LatinAmerica,76,249,795.446860528225,4477.1230499943,180.027,575.108080161907,3236.95996514588,663698.793244047,0.0513454323196739,0.0500544652218762,0.0462425475098296,0.723,GAM,GAM,Data,AIC,BRA,1261102.42893254
151410,1982,6-12m,APW,Lines_Handlines_and_poles,LatinAmerica,76,312,996.757873122797,5549.24531841499,225.576,720.655942267783,4012.10436521404,822632.610299124,0.0513454323196739,0.0506014753156028,0.0461181673988833,0.723,GAM,GAM,Data,AIC,BRA,1593262.30001112
151411,1983,6-12m,APW,Lines_Handlines_and_poles,LatinAmerica,76,332,1051.58214856398,5844.04731908551,240.036,760.293893411761,4225.24621169882,866334.72210309,0.0513454323196739,0.0511289494566854,0.0374746282107778,0.723,GAM,GAM,Data,AIC,BRA,1712534.39127421
151412,1984,6-12m,APW,Lines_Handlines_and_poles,LatinAmerica,76,353,1118.0940536672,6160.46296113973,255.219,808.382000801383,4454.01472090402,913240.88873061,0.0513454323196739,0.0515707994681658,0.0374853491386394,0.723,GAM,GAM,Data,AIC,BRA,1842515.50538505
151413,1985,6-12m,APW,Lines_Handlines_and_poles,LatinAmerica,76,402,1273.27927698356,6964.28399950613,290.646,920.580917259113,5035.17733164293,1032401.12783743,0.0513454323196739,0.0519507820223382,0.0375286579829035,0.723,GAM,GAM,Data,AIC,BRA,2125917.93605067
151414,1986,6-12m,APW,Lines_Handlines_and_poles,LatinAmerica,76,428,1367.40555317631,7360.42978473224,309.444,988.634214946473,5321.59073436141,1091126.67025995,0.0513454323196739,0.0523339005011665,0.0460192830917875,0.723,GAM,GAM,Data,AIC,BRA,2290209.54956396
151415,1987,6-12m,APW,Lines_Handlines_and_poles,LatinAmerica,76,534,1706.18963745062,9118.17478977709,386.082,1233.5751078768,6592.44037300884,1351698.74425744,0.0513454323196739,0.0527079169987866,0.0458456258812312,0.723,GAM,GAM,Data,AIC,BRA,2891891.4314177
151416,1988,6-12m,APW,Lines_Handlines_and_poles,LatinAmerica,76,484,1546.3732864507,8234.41718712886,349.932,1118.02788610385,5953.48362629417,1220688.5290259,0.0513454323196739,0.0528999187314536,0.045936889255616,0.723,GAM,GAM,Data,AIC,BRA,2662005.58198988
151417,1989,6-12m,APW,Lines_Handlines_and_poles,LatinAmerica,76,603,1926.76278167606,10209.1918693618,435.969,1393.04949115179,7381.24572154862,1513433.57062769,0.0513454323196739,0.0531579783144896,0.0457125085494014,0.723,GAM,GAM,Data,AIC,BRA,3364104.56030853
151418,1990,6-12m,APW,Lines_Handlines_and_poles,LatinAmerica,76,772,2467.13475193599,13013.3524623896,558.156,1783.73842564972,9408.65383030765,1929128.6455391,0.0513454323196739,0.053391314959621,0.0453669177153926,0.723,GAM,AIC,Data,AIC,BRA,4370884.56236783
151419,1991,6-12m,APW,Lines_Handlines_and_poles,LatinAmerica,76,815,2604.60782361573,13730.7684643075,589.245,1883.13145647417,9927.34559969436,2035480.0076549,0.0513454323196739,0.0534201710491804,0.0453179359873032,0.723,GAM,GAM,Data,AIC,BRA,4700856.69640891
151420,1992,6-12m,APW,Lines_Handlines_and_poles,LatinAmerica,76,711,2252.26668008788,12011.8984422807,514.053,1628.38880970354,8684.60257376895,1780670.84859817,0.0513454323196739,0.0532721786714093,0.0371499742283405,0.723,GAM,GAM,Data,AIC,BRA,4197261.6415423
151421,1993,6-12m,APW,Lines_Handlines_and_poles,LatinAmerica,76,747,2366.35032488975,12642.8989830349,540.081,1710.87128489529,9140.81596473421,1874211.78833969,0.0513454323196739,0.0531760952058651,0.0370907431400757,0.723,GAM,GAM,Data,AIC,BRA,4508927.79885334
151422,1994,6-12m,APW,Lines_Handlines_and_poles,LatinAmerica,76,669,2137.81560944249,11371.858885921,483.687,1545.64068562692,8221.85397452086,1685789.94484793,0.0513454323196739,0.0529464888757492,0.0455350413888916,0.723,GAM,GAM,Data,AIC,BRA,4133901.26071138
151423,1995,6-12m,APW,Lines_Handlines_and_poles,LatinAmerica,76,711,2272.09678407648,12134.767468153,514.053,1642.7259748873,8773.43687947462,1798885.22941546,0.0513454323196739,0.0527327780840781,0.045464996925747,0.723,GAM,GAM,Data,AIC,BRA,4496370.81389289
151424,1996,6-12m,APW,Lines_Handlines_and_poles,LatinAmerica,76,720,2300.98998152279,12341.9865592481,520.56,1663.61575664098,8923.25628233639,1829603.85366617,0.0513454323196739,0.0525037032644021,0.0453313055772637,0.723,GAM,GAM,Data,AIC,BRA,4661414.8444309
151425,1997,6-12m,APW,Lines_Handlines_and_poles,LatinAmerica,76,759,2425.69546501955,13079.1368830687,548.757,1753.77782120914,9456.21596645866,1938880.67605769,0.0513454323196739,0.052228217053397,0.0452657111045972,0.723,GAM,GAM,Data,AIC,BRA,5035166.02284118
151426,1998,6-12m,APW,Lines_Handlines_and_poles,LatinAmerica,76,792,2531.24956624188,13719.9636098235,572.616,1830.09343639288,9919.53368990239,2033878.2717182,0.0513454323196739,0.0519534905682719,0.045183999269037,0.723,GAM,GAM,Data,AIC,BRA,5383809.61359841
151427,1999,6-12m,APW,Lines_Handlines_and_poles,LatinAmerica,76,846,2680.10801386831,14737.311140006,611.658,1937.71809402679,10655.0759542243,2184692.15834853,0.0513454323196739,0.0516647842178687,0.0369215835928622,0.723,GAM,GAM,Data,AIC,BRA,5902380.58344639
151428,2000,6-12m,APW,Lines_Handlines_and_poles,LatinAmerica,76,880,2787.88749212647,15396.2840878839,636.24,2015.64265680744,11131.5133955401,2282379.79065242,0.0513454323196739,0.0514409837775895,0.0368450064711742,0.723,GAM,GAM,Data,AIC,BRA,6293570.40642755
151429,2001,6-12m,APW,Lines_Handlines_and_poles,LatinAmerica,76,913,2892.47338845265,16032.804235689,660.099,2091.25825985127,11591.7174624031,2376738.96936077,0.0513454323196739,0.051251171530611,0.0368016451861831,0.723,GAM,GAM,Data,AIC,BRA,6689026.11122248
151430,2002,6-12m,APW,Lines_Handlines_and_poles,LatinAmerica,76,946,2997.08695055225,16646.1056116386,683.958,2166.89386524927,12035.1343572147,2467656.14509334,0.0513454323196739,0.0511470982981582,0.0367324504382362,0.723,GAM,GAM,Data,AIC,BRA,7088237.64620238
151431,2003,6-12m,APW,Lines_Handlines_and_poles,LatinAmerica,76,1149,3640.45957507558,20198.3112466948,830.727,2632.05227277964,14603.3790313604,2994243.09993358,0.0513454323196739,0.0511973494897608,0.0365310498462584,0.723,GAM,GAM,Data,AIC,BRA,8778350.28410371
151432,2004,6-12m,APW,Lines_Handlines_and_poles,LatinAmerica,76,1204,3814.83395575717,21111.7585220998,870.492,2758.12495001244,15263.8014114782,3129654.57904831,0,0.0513268470206159,0.0364376992319076,0.723,Data,Data,Data,AIC,BRA,9364713.13964551
151433,2005,6-12m,APW,Lines_Handlines_and_poles,LatinAmerica,76,1011,3203.25882168651,17655.7224158659,730.953,2315.95612807935,12765.087306671,2617324.01151606,0,0.051535699223632,0.0364972819030073,0.723,Data,Data,Data,AIC,BRA,7993330.74644169
151434,2006,6-12m,APW,Lines_Handlines_and_poles,LatinAmerica,76,1237,3955.18773100239,21402.5968204593,894.351,2859.60072951473,15474.0775011921,3172769.10270443,0.0513454323196739,0.0520170523857069,0.0441811970831779,0.723,GAM,Data,Data,AIC,BRA,9876675.51579144
151435,2007,6-12m,APW,Lines_Handlines_and_poles,LatinAmerica,76,1551,4960.93200809252,26452.1160240309,1121.373,3586.75384185089,19124.8798853743,3921321.1894909,0.0513454323196739,0.0527708255449914,0.0433580031445329,0.723,GAM,Data,Data,AIC,BRA,12442474.4794375
151436,2008,6-12m,APW,Lines_Handlines_and_poles,LatinAmerica,76,1607,5141.22873364393,26979.9090323496,1161.861,3717.10837442456,19506.4742303888,3999562.41243524,0.0513454323196739,0.053606555836265,0.0428261616961967,0.723,GAM,Data,Data,AIC,BRA,12935667.5319599
151437,2009,6-12m,APW,Lines_Handlines_and_poles,LatinAmerica,76,1258,4016.18172903813,21310.702038938,909.534,2903.69939009457,15407.6375741522,3159146.41355338,0.0513454323196739,0.0531282356597774,0.0477358515378315,0.723,GAM,Data,Data,AIC,BRA,10414733.1086589
151438,2010,6-12m,APW,Lines_Handlines_and_poles,LatinAmerica,76,1262,4029.00469189931,20992.9204374345,912.426,2912.9703922432,15177.8814762651,3112037.75402405,0.0513454323196739,0.0541039539203249,0.0477053280692756,0.723,GAM,Data,Data,AIC,BRA,10457437.3676697
151439,2011,6-12m,APW,Lines_Handlines_and_poles,LatinAmerica,76,1263,4032.25196362326,20588.0884853168,913.149,2915.31816969962,14885.187974884,3052024.55468001,0.0513454323196739,0.0552115365547745,0.0476737880784079,0.723,GAM,Data,Data,AIC,BRA,10453710.3531779
151440,2012,6-12m,APW,Lines_Handlines_and_poles,LatinAmerica,76,1262,4029.06006657751,20127.6761870621,912.426,2913.01042813554,14552.3098832459,2983771.99978389,0.0513454323196739,0.0564297631502081,0.0476733834008472,0.723,GAM,Data,Data,AIC,BRA,10417178.3022033
151441,2013,6-12m,APW,Lines_Handlines_and_poles,LatinAmerica,76,1263,4032.30733830146,19678.5143586715,913.149,2915.35820559196,14227.5658813195,2917187.23985096,0.0513454323196739,0.0577635069031064,0.0476418695685845,0.723,GAM,Data,Data,AIC,BRA,10381277.3265918
151442,2014,6-12m,APW,Lines_Handlines_and_poles,LatinAmerica,76,1264,4035.55461002541,19218.1735594288,913.872,2917.70598304837,13894.7394834671,2848945.28412923,0.0513454323196739,0.059193970565526,0.0476104064525115,0.723,GAM,Data,Data,AIC,BRA,10334099.0625854
151443,2015,6-12m,APW,Lines_Handlines_and_poles,LatinAmerica,76,1356,4298.57079723881,19555.5060004186,980.388,3107.86668640366,14138.6308383026,2898952.20408808,0.0513454323196739,0.0624069763254338,0.0348887448975179,0.723,GAM,Data,Data,AIC,BRA,10732522.0516541
151444,2016,6-12m,APW,Lines_Handlines_and_poles,LatinAmerica,76,1146,3632.84309919169,16107.4578228646,828.558,2626.54556071559,11645.6920059311,2387805.78507401,0.0513454323196739,0.0640324507655035,0.0349058014645186,0.723,GAM,Data,Data,AIC,BRA,9022605.25084281
151445,2017,6-12m,APW,Lines_Handlines_and_poles,LatinAmerica,76,1163,3721.75608352797,15920.8126793199,840.849,2690.82964839072,11510.7475671483,2360137.08909399,0.0513454323196739,0.0657441313507566,0.0422006271670599,0.723,GAM,Data,Data,AIC,BRA,9090174.3033703
151446,1950,Less than 6m,APW,Lines_Handlines_and_poles,LatinAmerica,76,28,51.3075645629166,160.541583332689,20.244,37.0953691789887,116.071564749534,23799.0454882696,0.0513454323196739,0.0558501414942605,0.343352723549178,0.723,GAM,AIC,Data,AIC,BRA,24290.2375201915
151447,1951,Less than 6m,APW,Lines_Handlines_and_poles,LatinAmerica,76,30,54.9408100163388,169.996771986656,21.69,39.7222056418129,122.907666146352,25200.7039259442,0.0513454323196739,0.0552272691477492,0.343632729025028,0.723,GAM,GAM,Data,AIC,BRA,26251.6809187517
151448,1952,Less than 6m,APW,Lines_Handlines_and_poles,LatinAmerica,76,32,58.6845875235124,183.954545006604,23.136,42.4289567794995,132.999136039775,27269.8355996261,0.0513454323196739,0.0570015016970862,0.342959509718221,0.723,GAM,GAM,Data,AIC,BRA,28993.4026610571
151449,1953,Less than 6m,APW,Lines_Handlines_and_poles,LatinAmerica,76,34,62.3178329769346,193.295443498297,24.582,45.0557932423237,139.752605649269,28654.5514065234,0.0513454323196739,0.0564028505306588,0.34322929397118,0.723,GAM,GAM,Data,AIC,BRA,31094.4230975348
151450,1954,Less than 6m,APW,Lines_Handlines_and_poles,LatinAmerica,76,35,64.1344557036457,197.619320521008,25.305,46.3692114737358,142.878768736689,29295.5326639209,0.0513454323196739,0.0561498959493772,0.343352723549178,0.723,GAM,GAM,Data,AIC,BRA,32446.1006583494
151451,1955,Less than 6m,APW,Lines_Handlines_and_poles,LatinAmerica,76,38,69.6948559375304,216.051952732138,27.474,50.3893808428345,156.205561825336,32028.0275313235,0.0513454323196739,0.0574313738233006,0.342911264062815,0.723,GAM,GAM,Data,AIC,BRA,36204.5811773417
151452,1956,Less than 6m,APW,Lines_Handlines_and_poles,LatinAmerica,76,40,73.3281013909526,225.36551892437,28.92,53.0162173056587,162.93927018232,33408.6915366584,0.0513454323196739,0.0568737974311907,0.343142930477213,0.723,GAM,GAM,Data,AIC,BRA,38544.7314149763
151453,1957,Less than 6m,APW,Lines_Handlines_and_poles,LatinAmerica,76,41,75.1447241176637,229.668128674629,29.643,54.3296355370708,166.050057031756,34046.5200857421,0.0513454323196739,0.0566331985957986,0.343250362885587,0.723,GAM,GAM,Data,AIC,BRA,40091.3341275009
151454,1958,Less than 6m,APW,Lines_Handlines_and_poles,LatinAmerica,76,44,80.7051243515485,247.662464859426,31.812,58.3498049061696,179.059962093365,36714.0409641537,0,0.0577888968977275,0.34287618232036,0.723,Data,GAM,Data,AIC,BRA,44124.7431283002
151455,1959,Less than 6m,APW,Lines_Handlines_and_poles,LatinAmerica,76,43,78.8885016248374,241.797803103704,31.089,57.0363866747574,174.819811643978,35844.6503115867,0,0.0581805888731449,0.342767705682113,0.723,Data,GAM,Data,AIC,BRA,43968.9983726001
151456,1960,Less than 6m,APW,Lines_Handlines_and_poles,LatinAmerica,76,55,100.909038452874,308.499590072613,39.765,72.9572348014275,223.045203622499,45732.6732727922,0,0.0583193279927939,0.342742917811732,0.723,Data,AIC,Data,AIC,BRA,57256.0041151909
151457,1961,Less than 6m,APW,Lines_Handlines_and_poles,LatinAmerica,76,57,104.652815960047,320.942941050687,41.211,75.663985939114,232.041746379647,47577.3036159477,0,0.059426803816776,0.342397238225426,0.723,Data,GAM,Data,AIC,BRA,60794.808479769
151458,1962,Less than 6m,APW,Lines_Handlines_and_poles,LatinAmerica,76,59,108.175529359718,327.26847872985,42.657,78.210907727076,236.615110121681,48515.0155522513,0,0.057385377366283,0.34306830196616,0.723,Data,GAM,Data,AIC,BRA,63272.5105259838
151459,1963,Less than 6m,APW,Lines_Handlines_and_poles,LatinAmerica,76,62,113.846461647354,347.765306403318,44.826,82.310991771037,251.434316529599,51553.5113988708,0,0.0596923653143624,0.342339271258068,0.723,Data,GAM,Data,AIC,BRA,68622.9470946858
151460,1964,Less than 6m,APW,Lines_Handlines_and_poles,LatinAmerica,76,59,108.286061413469,328.994900209838,42.657,78.2908224019383,237.863312851713,48770.944156425,0,0.0589668414328209,0.342571362578223,0.723,Data,GAM,Data,AIC,BRA,66258.9424468216
151461,1965,Less than 6m,APW,Lines_Handlines_and_poles,LatinAmerica,76,62,113.846461647354,346.629856864971,44.826,82.310991771037,250.613386513374,51385.1898048527,0,0.129701943307615,0.342339271258068,0.723,Data,GAM,Data,AIC,BRA,71251.4200287527
151462,1966,Less than 6m,APW,Lines_Handlines_and_poles,LatinAmerica,76,70,128.379443461043,387.148945957817,50.61,92.818337622334,279.908687927502,57391.8307289399,0.0513454323196739,0.130166301726841,0.342933318032757,0.723,GAM,GAM,Data,AIC,BRA,81222.7818827869
151463,1967,Less than 6m,APW,Lines_Handlines_and_poles,LatinAmerica,76,75,137.573089148349,415.288514350692,54.225,99.4653434542567,300.25359587555,61563.3036538985,0.0513454323196739,0.129940279971693,0.342849523578433,0.723,GAM,GAM,Data,AIC,BRA,88924.6001859956
151464,1968,Less than 6m,APW,Lines_Handlines_and_poles,LatinAmerica,76,79,144.839580055195,435.903221411372,57.117,104.719016379906,315.158029080422,64619.2742060748,0.0513454323196739,0.129870128823516,0.343087193097379,0.723,GAM,GAM,Data,AIC,BRA,95265.2041009821
151465,1969,Less than 6m,APW,Lines_Handlines_and_poles,LatinAmerica,76,86,157.887535303426,480.060472054449,62.178,114.152688024377,347.083721295367,71165.2443832454,0.0513454323196739,0.129010440243763,0.342427093717698,0.723,GAM,GAM,Data,AIC,BRA,107080.994008168
151466,1970,Less than 6m,APW,Lines_Handlines_and_poles,LatinAmerica,76,91,167.081180990733,509.138964620595,65.793,120.7996938563,368.10747142069,75475.9055399745,0.0513454323196739,0.132738085270721,0.342385953148167,0.723,GAM,AIC,Data,AIC,BRA,115911.093680505
151467,1971,Less than 6m,APW,Lines_Handlines_and_poles,LatinAmerica,76,97,178.091449404751,543.899552050963,70.131,128.760117919635,393.239376132846,80628.8932225487,0.0513454323196739,0.132103075283101,0.342402531921565,0.723,GAM,GAM,Data,AIC,BRA,126380.361174127
151468,1972,Less than 6m,APW,Lines_Handlines_and_poles,LatinAmerica,76,103,189.101717818769,579.351277861598,74.469,136.72054198297,418.870973893935,85884.3368134875,0.0513454323196739,0.131289552905462,0.342417180128205,0.723,GAM,GAM,Data,AIC,BRA,137396.314269934
151469,1973,Less than 6m,APW,Lines_Handlines_and_poles,LatinAmerica,76,141,439.054900920187,789.608172012023,101.943,317.436693365295,570.886708364693,117053.291823348,0.0513454323196739,0.130747697474315,0.0235875384388513,0.723,GAM,GAM,Data,AIC,BRA,190873.998818625
151470,1974,Less than 6m,APW,Lines_Handlines_and_poles,LatinAmerica,76,149,464.029565273593,838.265189476571,107.727,335.493375692807,606.065731991561,124266.317557388,0.0513454323196739,0.129538292125785,0.0234399954891768,0.723,GAM,GAM,Data,AIC,BRA,206546.858330803
151471,1975,Less than 6m,APW,Lines_Handlines_and_poles,LatinAmerica,76,158,491.901351009457,896.436310342527,114.234,355.644676779837,648.123452377647,132889.735383806,0.0513454323196739,0.127950717398057,0.023782394596328,0.723,GAM,GAM,Data,AIC,BRA,225143.091665459
151472,1976,Less than 6m,APW,Lines_Handlines_and_poles,LatinAmerica,76,128,397.79693636075,739.640698535523,92.544,287.607184988822,534.760225041183,109646.001141925,0.0513454323196739,0.125687182708692,0.0256872638800794,0.723,GAM,GAM,Data,AIC,BRA,189348.561641057
151473,1977,Less than 6m,APW,Lines_Handlines_and_poles,LatinAmerica,76,135,419.360852676343,789.737607905149,97.605,303.197896484996,570.980290515423,117072.47969134,0.0513454323196739,0.121264782300807,0.0261763543305758,0.723,GAM,GAM,Data,AIC,BRA,206075.353964435
151474,1978,Less than 6m,APW,Lines_Handlines_and_poles,LatinAmerica,76,139,432.233404844562,817.310498779106,100.497,312.504751702618,590.915490617294,121159.947066024,0.0513454323196739,0.119235156973219,0.0250628893917361,0.723,GAM,GAM,Data,AIC,BRA,217386.382942566
151475,1979,Less than 6m,APW,Lines_Handlines_and_poles,LatinAmerica,76,146,453.797321160155,872.152013903602,105.558,328.095463198792,630.565906052304,129289.776646617,0.0513454323196739,0.117019314359845,0.0255445346932408,0.723,GAM,GAM,Data,AIC,BRA,236450.083072045
151476,1980,Less than 6m,APW,Lines_Handlines_and_poles,LatinAmerica,76,153,475.361237475747,930.270362353539,110.619,343.686174694965,672.585471981609,137905.371371361,0.0513454323196739,0.134383530661178,0.0259824820313584,0.723,GAM,AIC,Data,AIC,BRA,257074.199474102
151477,1981,Less than 6m,APW,Lines_Handlines_and_poles,LatinAmerica,76,206,640.978897146858,1262.26274742505,148.938,463.427742637178,912.615966388309,187120.669427208,0.0513454323196739,0.128872425596892,0.0243871031701695,0.723,GAM,GAM,Data,AIC,BRA,355550.338678053
151478,1982,Less than 6m,APW,Lines_Handlines_and_poles,LatinAmerica,76,309,963.522852341706,1902.853281742,223.407,696.627022243053,1375.76292269947,282083.251389361,0.0513454323196739,0.125883133220713,0.0220953578400874,0.723,GAM,GAM,Data,AIC,BRA,546334.541417956
151479,1983,Less than 6m,APW,Lines_Handlines_and_poles,LatinAmerica,76,319,584.587124293407,2012.91618432338,230.637,422.656490864133,1455.3384012658,298399.223679712,0.0513454323196739,0.124995972493264,0.343313250234561,0.723,GAM,GAM,Data,AIC,BRA,589863.155479325
151480,1984,Less than 6m,APW,Lines_Handlines_and_poles,LatinAmerica,76,329,603.306011829275,2140.53475798966,237.867,436.190246552566,1547.60663002652,317317.688147187,0.0513454323196739,0.119340382081718,0.342995736907395,0.723,GAM,GAM,Data,AIC,BRA,640206.508226764
151481,1985,Less than 6m,APW,Lines_Handlines_and_poles,LatinAmerica,76,338,620.208276638432,2274.37348429048,244.374,448.410584009586,1644.37202914202,337158.242034864,0.0513454323196739,0.112682404025637,0.342683011998632,0.723,GAM,GAM,Data,AIC,BRA,694275.446531767
151482,1986,Less than 6m,APW,Lines_Handlines_and_poles,LatinAmerica,76,344,1070.05836728128,2390.12936339098,248.712,773.652199544369,1728.06352973168,354318.153972064,0.0513454323196739,0.102136266848862,0.0247026503046533,0.723,GAM,GAM,Data,AIC,BRA,743692.590354676
151483,1987,Less than 6m,APW,Lines_Handlines_and_poles,LatinAmerica,76,367,1136.9489724055,2722.14492697131,265.341,822.014107049174,1968.11078220025,403536.888062204,0.0513454323196739,0.0952052102593508,0.0291034667603358,0.723,GAM,GAM,Data,AIC,BRA,863346.861721869
151484,1988,Less than 6m,APW,Lines_Handlines_and_poles,LatinAmerica,76,360,1117.18274938364,2733.69007007096,260.28,807.723127804375,1976.45792066131,405248.366048739,0.0513454323196739,0.118521116767121,0.0272487589031922,0.723,GAM,GAM,Data,AIC,BRA,883741.746450976
151485,1989,Less than 6m,APW,Lines_Handlines_and_poles,LatinAmerica,76,386,1192.50790532755,3166.60115758846,279.078,862.183215551821,2289.45263693646,469424.079594895,0.0513454323196739,0.109707532686107,0.0320927194993416,0.723,GAM,GAM,Data,AIC,BRA,1043449.62179533
151486,1990,Less than 6m,APW,Lines_Handlines_and_poles,LatinAmerica,76,415,1276.01079876348,3702.58850251736,300.045,922.555807505997,2676.97148732005,548880.049433348,0.0513454323196739,0.100875374010928,0.0372588187382769,0.723,GAM,AIC,Data,AIC,BRA,1243613.9705911
151487,1991,Less than 6m,APW,Lines_Handlines_and_poles,LatinAmerica,76,428,1313.41656340776,4075.30372153268,309.444,949.60017534381,2946.44459066813,604132.19200836,0.0513454323196739,0.0945205624711402,0.0393834685435806,0.723,GAM,GAM,Data,AIC,BRA,1395218.25301081
151488,1992,Less than 6m,APW,Lines_Handlines_and_poles,LatinAmerica,76,319,593.871816808528,3374.87796707079,230.637,429.369323552566,2440.03677019218,500299.502398903,0.0513454323196739,0.0850697426103338,0.335698055668744,0.723,GAM,GAM,Data,AIC,BRA,1179267.86545349
151489,1993,Less than 6m,APW,Lines_Handlines_and_poles,LatinAmerica,76,329,613.474960774408,3753.08182194172,237.867,443.542396639897,2713.47815726386,556365.292701095,0.0513454323196739,0.0788951624419443,0.334927061832509,0.723,GAM,GAM,Data,AIC,BRA,1338488.50497278
151490,1994,Less than 6m,APW,Lines_Handlines_and_poles,LatinAmerica,76,318,968.281438586609,3818.13016328084,229.914,700.067480098118,2760.50810805205,566008.205162336,0.0513454323196739,0.0749581569409027,0.0479087316095403,0.723,GAM,GAM,Data,AIC,BRA,1387967.72400053
151491,1995,Less than 6m,APW,Lines_Handlines_and_poles,LatinAmerica,76,330,1002.27645519307,4300.23615217923,238.59,724.645877104592,3109.07073802558,637476.681564384,0.0513454323196739,0.0690659743999152,0.0506963692335145,0.723,GAM,GAM,Data,AIC,BRA,1593393.2296808
151492,1996,Less than 6m,APW,Lines_Handlines_and_poles,LatinAmerica,76,337,1021.52905155957,4747.39514590332,243.651,738.565504277569,3432.3666904881,703764.536780532,0.0513454323196739,0.063887666958106,0.0528605640583718,0.723,GAM,GAM,Data,AIC,BRA,1793032.11028947
151493,1997,Less than 6m,APW,Lines_Handlines_and_poles,LatinAmerica,76,346,1046.57589069098,5276.63334935613,250.158,756.67436896958,3815.00591158448,782219.998702832,0.0513454323196739,0.0590149019995861,0.0552159247157741,0.723,GAM,GAM,Data,AIC,BRA,2031382.13119113
151494,1998,Less than 6m,APW,Lines_Handlines_and_poles,LatinAmerica,76,356,1074.51985120485,5871.35895465539,257.388,776.877852421109,4244.99252421585,870383.460403745,0.0513454323196739,0.0545699900950453,0.0575864873909205,0.723,GAM,GAM,Data,AIC,BRA,2303962.29056524
151495,1999,Less than 6m,APW,Lines_Handlines_and_poles,LatinAmerica,76,370,695.030544009655,6618.04914574864,267.51,502.507083318981,4784.84953237627,981074.494181873,0.0513454323196739,0.0503169427525203,0.33141149141214,0.723,GAM,GAM,Data,AIC,BRA,2650567.96365805
151496,2000,Less than 6m,APW,Lines_Handlines_and_poles,LatinAmerica,76,382,718.709061643963,7363.13792413391,276.186,519.626651568585,5323.54871914882,1091528.13093743,0.0513454323196739,0.0466920494417385,0.33065975641603,0.723,GAM,GAM,Data,AIC,BRA,3009844.88680882
151497,2001,Less than 6m,APW,Lines_Handlines_and_poles,LatinAmerica,76,394,742.38757927827,8137.76915932288,284.862,536.746219818189,5883.60710219044,1206361.20795208,0.0513454323196739,0.0435745955749752,0.329955974728565,0.723,GAM,GAM,Data,AIC,BRA,3395148.44649837
151498,2002,Less than 6m,APW,Lines_Handlines_and_poles,LatinAmerica,76,406,766.066096912578,8914.35472560103,293.538,553.865788067794,6445.07846660954,1321483.99940411,0.0513454323196739,0.0409900672844678,0.329295699749371,0.723,GAM,GAM,Data,AIC,BRA,3795906.75631835
151499,2003,Less than 6m,APW,Lines_Handlines_and_poles,LatinAmerica,76,464,878.393734448162,11011.8399417001,335.472,635.078670006021,7961.56027784919,1632419.92661164,0.0513454323196739,0.0379228178225342,0.327739459628831,0.723,GAM,GAM,Data,AIC,BRA,4785835.16711309
151500,2004,Less than 6m,APW,Lines_Handlines_and_poles,LatinAmerica,76,488,924.866513286766,12020.5283772834,352.824,668.678489106332,8690.8420167759,1781950.16957798,0,0.036537495375828,0.327209953244539,0.723,Data,Data,Data,AIC,BRA,5332042.80081123
151501,2005,Less than 6m,APW,Lines_Handlines_and_poles,LatinAmerica,76,430,814.196856557453,10569.0948206083,310.89,588.664327291038,7641.45555529981,1566786.39380451,0,0.0366161915063343,0.327642064094078,0.723,Data,Data,Data,AIC,BRA,4784979.54383942
151502,2006,Less than 6m,APW,Lines_Handlines_and_poles,LatinAmerica,76,498,1475.6385544068,12700.9670273548,360.054,1066.88667483612,9182.79916077751,1882819.92586703,0.0513454323196739,0.035288651567608,0.0782212672447305,0.723,GAM,Data,Data,AIC,BRA,5861126.62487924
151503,2007,Less than 6m,APW,Lines_Handlines_and_poles,LatinAmerica,76,645,1916.15375730573,15897.5302673519,466.335,1385.37916653205,11493.9143832954,2356685.65196474,0.0513454323196739,0.0365151058206914,0.0753144583009559,0.723,GAM,Data,Data,AIC,BRA,7477837.10225348
151504,2008,Less than 6m,APW,Lines_Handlines_and_poles,LatinAmerica,76,651,1931.73879230675,15904.5186992693,470.673,1396.64714683778,11498.9670195717,2357721.63283426,0.0513454323196739,0.0368385872643172,0.0766196030162836,0.723,GAM,Data,Data,AIC,BRA,7625510.00090125
151505,2009,Less than 6m,APW,Lines_Handlines_and_poles,LatinAmerica,76,655,1941.52958454284,15736.5839132826,473.565,1403.72588962447,11377.5501693033,2332826.60235185,0.0513454323196739,0.0374604808291606,0.0778261679060602,0.723,GAM,Data,Data,AIC,BRA,7690611.09293329
151506,2010,Less than 6m,APW,Lines_Handlines_and_poles,LatinAmerica,76,657,1945.52613401401,15433.3658661078,475.011,1406.61539489213,11158.323521196,2287876.87688027,0.0513454323196739,0.03831309418372,0.0789464215864731,0.723,GAM,Data,Data,AIC,BRA,7687994.5026304
151507,2011,Less than 6m,APW,Lines_Handlines_and_poles,LatinAmerica,76,656,1940.83131933781,15019.1495967622,474.288,1403.22104388124,10858.8451584591,2226472.52523818,0.0513454323196739,0.0393098155255925,0.0799551718520473,0.723,GAM,Data,Data,AIC,BRA,7626052.30434941
151508,2012,Less than 6m,APW,Lines_Handlines_and_poles,LatinAmerica,76,618,1828.94301351067,13691.8711976294,446.814,1322.32579876821,9899.22287588608,2029713.78933423,0.0513454323196739,0.0406226433167367,0.079622731551894,0.723,GAM,Data,Data,AIC,BRA,7086295.61758301
151509,2013,Less than 6m,APW,Lines_Handlines_and_poles,LatinAmerica,76,611,1806.86547053972,13263.8746700723,441.753,1306.36373520022,9589.78138646227,1966266.62121304,0.0513454323196739,0.0414584737626296,0.0804741298925156,0.723,GAM,Data,Data,AIC,BRA,6997274.22840228
151510,2014,Less than 6m,APW,Lines_Handlines_and_poles,LatinAmerica,76,613,1811.11883333857,13155.3896531385,443.199,1309.43891650378,9511.34671921911,1950184.55824089,0.0513454323196739,0.0419371842679235,0.0815113216800897,0.723,GAM,Data,Data,AIC,BRA,7073986.47754146
151511,2015,Less than 6m,APW,Lines_Handlines_and_poles,LatinAmerica,76,461,878.802065116856,9918.11167742211,333.303,635.373893079487,7170.79474277618,1470283.18812304,0.0513454323196739,0.0418325598152409,0.324473215942799,0.723,GAM,Data,Data,AIC,BRA,5443293.17208274
151512,2016,Less than 6m,APW,Lines_Handlines_and_poles,LatinAmerica,76,377,717.363191773008,8281.89786564372,272.571,518.653587651885,5987.81215686041,1227727.17162759,0.0513454323196739,0.0409688703609276,0.325328348671929,0.723,GAM,Data,Data,AIC,BRA,4639111.64575143
151513,2017,Less than 6m,APW,Lines_Handlines_and_poles,LatinAmerica,76,373,1100.91452854336,8646.3857301982,269.679,795.961204136846,6251.3368829333,1281759.67266801,0.0513454323196739,0.0388254711824319,0.0826631181731769,0.723,GAM,Data,Data,AIC,BRA,4936755.11199047
151514,1950,6-12m,UP,Lines_Handlines_and_poles,LatinAmerica,76,2811,8715.77364451121,0,2032.353,6301.5043449816,0,628297.134797305,0.0292161106674869,NA,0.0305502679225357,0.723,GAM,AIC,Data,Pequivalent,BRA,641264.652609897
151515,1951,6-12m,UP,Lines_Handlines_and_poles,LatinAmerica,76,2897,8981.3519172592,0,2094.531,6493.5174361784,0,647519.31679395,0.0292161106674869,NA,0.0306572203197969,0.723,GAM,GAM,Data,Pequivalent,BRA,674523.638036272
151516,1952,6-12m,UP,Lines_Handlines_and_poles,LatinAmerica,76,2985,9252.93147890575,0,2158.155,6689.86945924886,0,667188.526278889,0.0292161106674869,NA,0.0307772363228925,0.723,GAM,GAM,Data,Pequivalent,BRA,709357.616864634
151517,1953,6-12m,UP,Lines_Handlines_and_poles,LatinAmerica,76,3073,9524.3475003325,0,2221.779,6886.1032427404,0,686857.735763827,0.0292161106674869,NA,0.0309057866416495,0.723,GAM,GAM,Data,Pequivalent,BRA,745342.153176861
151518,1954,6-12m,UP,Lines_Handlines_and_poles,LatinAmerica,76,3161,9795.76352175925,0,2285.403,7082.33702623194,0,706526.945248766,0.0292161106674869,NA,0.0310272133470215,0.723,GAM,GAM,Data,Pequivalent,BRA,782509.901641414
151519,1955,6-12m,UP,Lines_Handlines_and_poles,LatinAmerica,76,3249,10067.0160029662,0,2349.027,7278.45257014457,0,726196.154733705,0.0292161106674869,NA,0.0311566462362026,0.723,GAM,GAM,Data,Pequivalent,BRA,820894.374747759
151520,1956,6-12m,UP,Lines_Handlines_and_poles,LatinAmerica,76,3336,10334.9407592843,0,2411.928,7472.16216896257,0,745641.850474496,0.0292161106674869,NA,0.0312991973274176,0.723,GAM,GAM,Data,Pequivalent,BRA,860272.088979276
151521,1957,6-12m,UP,Lines_Handlines_and_poles,LatinAmerica,76,3422,10599.7013309334,0,2474.106,7663.58406226483,0,764864.032471141,0.0292161106674869,NA,0.0314401790626524,0.723,GAM,GAM,Data,Pequivalent,BRA,900662.370506105
151522,1958,6-12m,UP,Lines_Handlines_and_poles,LatinAmerica,76,3481,10780.6643187156,0,2516.763,7794.42030243135,0,778051.343375816,0,NA,0.0315890180639974,0.723,Data,GAM,Data,Pequivalent,BRA,935100.434752107
151523,1959,6-12m,UP,Lines_Handlines_and_poles,LatinAmerica,76,3666,11351.6469431511,0,2650.518,8207.24073989823,0,819401.386043017,0,NA,0.0317439972619431,0.723,Data,GAM,Data,Pequivalent,BRA,1005122.3235894
151524,1960,6-12m,UP,Lines_Handlines_and_poles,LatinAmerica,76,3666,11349.357380074,0,2650.518,8205.58538579352,0,819401.386043017,0,NA,0.0319248480941123,0.723,Data,AIC,Data,Pequivalent,BRA,1025867.19239926
151525,1961,6-12m,UP,Lines_Handlines_and_poles,LatinAmerica,76,3543,10966.3771941311,0,2561.589,7928.69071135676,0,791909.195512932,0,NA,0.0321040426434178,0.723,Data,GAM,Data,Pequivalent,BRA,1011910.39036603
151526,1962,6-12m,UP,Lines_Handlines_and_poles,LatinAmerica,76,3843,11892.4098836404,0,2778.489,8598.212345872,0,858963.318757041,0,NA,0.0322951673885058,0.723,Data,GAM,Data,Pequivalent,BRA,1120246.27857647
151527,1963,6-12m,UP,Lines_Handlines_and_poles,LatinAmerica,76,3984,12325.9673250547,0,2880.432,8911.67437601458,0,890478.756681773,0,NA,0.0324971992882586,0.723,Data,GAM,Data,Pequivalent,BRA,1185317.44881404
151528,1964,6-12m,UP,Lines_Handlines_and_poles,LatinAmerica,76,3911,12097.2714072901,0,2827.653,8746.32722747072,0,874162.25335904,0,NA,0.0327081037278054,0.723,Data,GAM,Data,Pequivalent,BRA,1187614.21244436
151529,1965,6-12m,UP,Lines_Handlines_and_poles,LatinAmerica,76,4017,12422.0448679246,0,2904.291,8981.13843950949,0,897854.710238626,0,NA,0.0329320227114682,0.723,Data,GAM,Data,Pequivalent,BRA,1244977.84920053
151530,1966,6-12m,UP,Lines_Handlines_and_poles,LatinAmerica,76,3981,12307.6435991789,0,2878.263,8898.42632220636,0,889808.215449332,0.0292161106674869,NA,0.0331563723462903,0.723,GAM,GAM,Data,Pequivalent,BRA,1259285.47117263
151531,1967,6-12m,UP,Lines_Handlines_and_poles,LatinAmerica,76,3965,12255.0541618364,0,2866.695,8860.40415900772,0,886231.995542979,0.0292161106674869,NA,0.033385250830604,0.723,GAM,GAM,Data,Pequivalent,BRA,1280110.40990822
151532,1968,6-12m,UP,Lines_Handlines_and_poles,LatinAmerica,76,3928,12137.4887084216,0,2839.944,8775.40433618885,0,877961.987009539,0.0292161106674869,NA,0.033622447018105,0.723,GAM,GAM,Data,Pequivalent,BRA,1294338.70796253
151533,1969,6-12m,UP,Lines_Handlines_and_poles,LatinAmerica,76,3870,11955.1107791544,0,2798.01,8643.54509332864,0,864998.189849012,0.0292161106674869,NA,0.0338597813449495,0.723,GAM,GAM,Data,Pequivalent,BRA,1301546.37684495
151534,1970,6-12m,UP,Lines_Handlines_and_poles,LatinAmerica,76,3796,11723.4142169405,0,2744.508,8476.02847884795,0,848458.172782131,0.0292161106674869,NA,0.0340972063315419,0.723,GAM,AIC,Data,Pequivalent,BRA,1303008.07980704
151535,1971,6-12m,UP,Lines_Handlines_and_poles,LatinAmerica,76,3706,11442.3990217798,0,2679.438,8272.85449274679,0,828341.935808897,0.0292161106674869,NA,0.0343377975080998,0.723,GAM,GAM,Data,Pequivalent,BRA,1298370.20997241
151536,1972,6-12m,UP,Lines_Handlines_and_poles,LatinAmerica,76,3602,11118.3935630105,0,2604.246,8038.59854605661,0,805096.506417607,0.0292161106674869,NA,0.0345724612781213,0.723,GAM,GAM,Data,Pequivalent,BRA,1287979.81934242
151537,1973,6-12m,UP,Lines_Handlines_and_poles,LatinAmerica,76,4487,38191.2818319134,0,3244.101,27612.2967644734,0,998958.789062695,0.0292161106674869,NA,0.0431163164621871,0.723,GAM,GAM,Data,Pequivalent,BRA,1628961.09757569
151538,1974,6-12m,UP,Lines_Handlines_and_poles,LatinAmerica,76,4326,36568.6874333764,0,3127.698,26439.1610143311,0,963150.291419792,0.0292161106674869,NA,0.0432935654195031,0.723,GAM,GAM,Data,Pequivalent,BRA,1600881.64438673
151539,1975,6-12m,UP,Lines_Handlines_and_poles,LatinAmerica,76,4152,34854.9368234987,0,3001.896,25200.1193233895,0,924444.802120857,0.0292161106674869,NA,0.0434738723408633,0.723,GAM,GAM,Data,Pequivalent,BRA,1566203.44093872
151540,1976,6-12m,UP,Lines_Handlines_and_poles,LatinAmerica,76,3083,26277.019525228,0,2229.009,18998.2851167399,0,686375.574012184,0.0292161106674869,NA,0.0430811691179917,0.723,GAM,GAM,Data,Pequivalent,BRA,1185307.50169846
151541,1977,6-12m,UP,Lines_Handlines_and_poles,LatinAmerica,76,2934,24841.8493911544,0,2121.282,17960.6571098046,0,653226.655052555,0.0292161106674869,NA,0.0432518374110997,0.723,GAM,GAM,Data,Pequivalent,BRA,1149833.97049304
151542,1978,6-12m,UP,Lines_Handlines_and_poles,LatinAmerica,76,2782,23412.1738683338,0,2011.386,16927.0017068053,0,619405.457456908,0.0292161106674869,NA,0.0434093001892503,0.723,GAM,GAM,Data,Pequivalent,BRA,1111343.43677179
151543,1979,6-12m,UP,Lines_Handlines_and_poles,LatinAmerica,76,2627,21975.6751503266,0,1899.321,15888.4131336862,0,584913.71862882,0.0292161106674869,NA,0.0435655108615033,0.723,GAM,GAM,Data,Pequivalent,BRA,1069712.55536918
151544,1980,6-12m,UP,Lines_Handlines_and_poles,LatinAmerica,76,2471,20561.5376468034,0,1786.533,14865.9917186388,0,550194.991249433,0.0292161106674869,NA,0.043704306143819,0.723,GAM,AIC,Data,Pequivalent,BRA,1025637.62037395
151545,1981,6-12m,UP,Lines_Handlines_and_poles,LatinAmerica,76,31,193.684414659325,0,22.413,140.033831798692,0,6911.55203279638,0.0292161106674869,NA,0.0524265971985311,0.723,GAM,GAM,Data,Pequivalent,BRA,13132.7269914866
151546,1982,6-12m,UP,Lines_Handlines_and_poles,LatinAmerica,76,29,213.771230747743,0,20.967,154.556599830618,0,6461.04973735,0.0292161106674869,NA,0.0470908311913794,0.723,GAM,GAM,Data,Pequivalent,BRA,12513.6626437327
151547,1983,6-12m,UP,Lines_Handlines_and_poles,LatinAmerica,76,29,88.9811716664581,0,20.967,64.3333871148492,0,6481.89858026391,0.0292161106674869,NA,0.039968776627394,0.723,GAM,GAM,Data,Pequivalent,BRA,12813.1471084366
151548,1984,6-12m,UP,Lines_Handlines_and_poles,LatinAmerica,76,27,82.8163425481181,0,19.521,59.8762156622894,0,6034.87109196985,0.0292161106674869,NA,0.0402768016512103,0.723,GAM,GAM,Data,Pequivalent,BRA,12175.696135781
151549,1985,6-12m,UP,Lines_Handlines_and_poles,LatinAmerica,76,25,76.6515134297779,0,18.075,55.4190442097294,0,5587.84360367578,0.0292161106674869,NA,0.0406343735541693,0.723,GAM,GAM,Data,Pequivalent,BRA,11506.4741994073
151550,1986,6-12m,UP,Lines_Handlines_and_poles,LatinAmerica,76,24,177.763625890529,0,17.352,128.523101518852,0,5346.95582376716,0.0292161106674869,NA,0.0469490349580075,0.723,GAM,GAM,Data,Pequivalent,BRA,11222.940124606
151551,1987,6-12m,UP,Lines_Handlines_and_poles,LatinAmerica,76,23,163.171421055235,0,16.629,117.972937422935,0,5125.17948319628,0.0292161106674869,NA,0.048249407816753,0.723,GAM,GAM,Data,Pequivalent,BRA,10965.0635505142
151552,1988,6-12m,UP,Lines_Handlines_and_poles,LatinAmerica,76,22,160.897022659693,0,15.906,116.328547382958,0,4901.66573904926,0.0292161106674869,NA,0.0473258219839231,0.723,GAM,GAM,Data,Pequivalent,BRA,10689.2636804002
151553,1989,6-12m,UP,Lines_Handlines_and_poles,LatinAmerica,76,20,144.030419428857,0,14.46,104.133993247064,0,4456.37565433135,0.0292161106674869,NA,0.0477908558856562,0.723,GAM,GAM,Data,Pequivalent,BRA,9905.76259978576
151554,1991,6-12m,UP,Lines_Handlines_and_poles,LatinAmerica,76,18,127.163816198021,0,13.014,91.9394391111691,0,4011.08556961345,0.0292161106674869,NA,0.0483792510161403,0.723,GAM,GAM,Data,Pequivalent,BRA,9263.43584259038
151555,1992,6-12m,UP,Lines_Handlines_and_poles,LatinAmerica,76,8,24.0051555942029,0,5.784,17.3557274946087,0,1788.10995317625,0.0292161106674869,NA,0.0603719983888491,0.723,GAM,GAM,Data,Pequivalent,BRA,4214.79653201213
151556,1993,6-12m,UP,Lines_Handlines_and_poles,LatinAmerica,76,7,21.0045111449275,0,5.061,15.1862615577826,0,1564.59620902922,0.0292161106674869,NA,0.0603719983888491,0.723,GAM,GAM,Data,Pequivalent,BRA,3764.06305027135
151557,1994,6-12m,UP,Lines_Handlines_and_poles,LatinAmerica,76,15,83.3872016921403,0,10.845,60.2889468234174,0,3345.75654790083,0.0292161106674869,NA,0.0567637640425848,0.723,GAM,GAM,Data,Pequivalent,BRA,8204.47841302569
151558,1995,6-12m,UP,Lines_Handlines_and_poles,LatinAmerica,76,14,81.1128032965979,0,10.122,58.6445567834403,0,3122.2428037538,0.0292161106674869,NA,0.055170462279097,0.723,GAM,GAM,Data,Pequivalent,BRA,7804.14513784602
151559,1996,6-12m,UP,Lines_Handlines_and_poles,LatinAmerica,76,13,78.8384049010555,0,9.399,57.0001667434631,0,2898.72905960677,0.0292161106674869,NA,0.0534852306248653,0.723,GAM,GAM,Data,Pequivalent,BRA,7385.30291208036
151560,1997,6-12m,UP,Lines_Handlines_and_poles,LatinAmerica,76,13,78.8384049010555,0,9.399,57.0001667434631,0,2898.72905960677,0.0292161106674869,NA,0.0534852306248653,0.723,GAM,GAM,Data,Pequivalent,BRA,7527.83925828352
151561,1998,6-12m,UP,Lines_Handlines_and_poles,LatinAmerica,76,11,61.9718016702196,0,7.953,44.8056126075688,0,2453.43897488886,0.0292161106674869,NA,0.0562424092931229,0.723,GAM,GAM,Data,Pequivalent,BRA,6494.41440181421
151562,1999,6-12m,UP,Lines_Handlines_and_poles,LatinAmerica,76,11,33.4977096013971,0,7.953,24.2188440418101,0,2458.65118561734,0.0292161106674869,NA,0.0468225453090098,0.723,GAM,GAM,Data,Pequivalent,BRA,6642.53540893615
151563,2000,6-12m,UP,Lines_Handlines_and_poles,LatinAmerica,76,10,30.4970651521217,0,7.23,22.049378104984,0,2235.13744147032,0.0292161106674869,NA,0.0454893976447366,0.723,GAM,GAM,Data,Pequivalent,BRA,6163.30153007301
151564,2001,6-12m,UP,Lines_Handlines_and_poles,LatinAmerica,76,9,27.4964207028465,0,6.507,19.879912168158,0,2011.62369732328,0,NA,0.0438652810443902,0.723,Data,GAM,Data,Pequivalent,BRA,5661.45614256003
151565,2002,6-12m,UP,Lines_Handlines_and_poles,LatinAmerica,76,9,27.4964207028465,0,6.507,19.879912168158,0,2011.62369732328,0.0292161106674869,NA,0.0438652810443902,0.723,GAM,GAM,Data,Pequivalent,BRA,5778.30377612045
151566,2003,6-12m,UP,Lines_Handlines_and_poles,LatinAmerica,76,8,24.3322360337817,0,5.784,17.5922066524242,0,1788.10995317625,0.0292161106674869,NA,0.0479364884506181,0.723,GAM,GAM,Data,Pequivalent,BRA,5242.27826251703
151567,2004,6-12m,UP,Lines_Handlines_and_poles,LatinAmerica,76,7,21.3315915845063,0,5.061,15.4227407155981,0,1564.59620902922,0,NA,0.0461872263891241,0.723,Data,Data,Data,Pequivalent,BRA,4681.66511889979
151568,2005,6-12m,UP,Lines_Handlines_and_poles,LatinAmerica,76,9,27.4964207028465,0,6.507,19.879912168158,0,2011.62369732328,0,NA,0.0438652810443902,0.723,Data,Data,Data,Pequivalent,BRA,6143.51661442595
151569,2006,6-12m,UP,Lines_Handlines_and_poles,LatinAmerica,76,17,112.571611362728,0,12.291,81.389275015252,0,3789.30922904257,0.0292161106674869,NA,0.0504495215765503,0.723,GAM,Data,Data,Pequivalent,BRA,11795.9348672256
151570,2007,6-12m,UP,Lines_Handlines_and_poles,LatinAmerica,76,8,55.1486064835926,0,5.784,39.8724424876374,0,1782.89774244777,0.0292161106674869,NA,0.0491476004163988,0.723,GAM,Data,Data,Pequivalent,BRA,5657.19016317896
151571,2008,6-12m,UP,Lines_Handlines_and_poles,LatinAmerica,76,7,52.8742080880502,0,5.061,38.2280524476603,0,1559.38399830074,0.0292161106674869,NA,0.0463757506210992,0.723,GAM,Data,Data,Pequivalent,BRA,5043.4699791057
151572,2009,6-12m,UP,Lines_Handlines_and_poles,LatinAmerica,76,7,52.8742080880502,0,5.061,38.2280524476603,0,1559.38399830074,0.0292161106674869,NA,0.0463757506210992,0.723,GAM,Data,Data,Pequivalent,BRA,5140.80894970245
151573,2010,6-12m,UP,Lines_Handlines_and_poles,LatinAmerica,76,6,38.2820032527566,0,4.338,27.677888351743,0,1337.60765772987,0.0292161106674869,NA,0.0516998765150454,0.723,GAM,Data,Data,Pequivalent,BRA,4494.78747008716
151574,2011,6-12m,UP,Lines_Handlines_and_poles,LatinAmerica,76,5,36.0076048572142,0,3.615,26.0334983117659,0,1114.09391358284,0.0292161106674869,NA,0.0477908558856562,0.723,GAM,Data,Data,Pequivalent,BRA,3815.96375460828
151575,2012,6-12m,UP,Lines_Handlines_and_poles,LatinAmerica,76,5,36.0076048572142,0,3.615,26.0334983117659,0,1114.09391358284,0.0292161106674869,NA,0.0477908558856562,0.723,GAM,Data,Data,Pequivalent,BRA,3889.61185507222
151576,2013,6-12m,UP,Lines_Handlines_and_poles,LatinAmerica,76,5,36.0076048572142,0,3.615,26.0334983117659,0,1114.09391358284,0.0292161106674869,NA,0.0477908558856562,0.723,GAM,Data,Data,Pequivalent,BRA,3964.68136387512
151577,2014,6-12m,UP,Lines_Handlines_and_poles,LatinAmerica,76,5,36.0076048572142,0,3.615,26.0334983117659,0,1114.09391358284,0.0292161106674869,NA,0.0477908558856562,0.723,GAM,Data,Data,Pequivalent,BRA,4041.19971419791
151578,2015,6-12m,UP,Lines_Handlines_and_poles,LatinAmerica,76,151,464.381587006048,0,109.173,335.747887405373,0,33750.5753662017,0.0292161106674869,NA,0.0378923391684956,0.723,GAM,GAM,Data,Pequivalent,BRA,124951.626957824
151579,2016,6-12m,UP,Lines_Handlines_and_poles,LatinAmerica,76,145,445.887099651027,0,104.835,322.376373047692,0,32409.4929013195,0.0292161106674869,NA,0.0379778448298166,0.723,GAM,GAM,Data,Pequivalent,BRA,122463.084165589
151580,2017,6-12m,UP,Lines_Handlines_and_poles,LatinAmerica,76,123,969.548163277779,0,88.929,700.983322049834,0,27394.8959298199,0.0292161106674869,NA,0.0451669868670828,0.723,GAM,GAM,Data,Pequivalent,BRA,105512.675587988
151581,1950,Less than 6m,UP,Lines_Handlines_and_poles,LatinAmerica,76,1123,958.303705165421,0,811.929,692.853578834599,0,252912.676139261,0.0292161106674869,NA,0.0100450508117196,0.723,GAM,AIC,Data,Pequivalent,BRA,258132.578397647
151582,1951,Less than 6m,UP,Lines_Handlines_and_poles,LatinAmerica,76,1171,999.264148485047,0,846.633,722.467979354689,0,263722.835048152,0.0292161106674869,NA,0.0100450508117196,0.723,GAM,GAM,Data,Pequivalent,BRA,274721.203701982
151583,1952,Less than 6m,UP,Lines_Handlines_and_poles,LatinAmerica,76,1220,1041.07793437383,0,882.06,752.699346552279,0,274758.205600978,0.0292161106674869,NA,0.0100450508117196,0.723,GAM,GAM,Data,Pequivalent,BRA,292124.067279962
151584,1953,Less than 6m,UP,Lines_Handlines_and_poles,LatinAmerica,76,1272,1085.45174797009,0,919.656,784.781613782375,0,286469.21108561,0.0292161106674869,NA,0.0100450508117196,0.723,GAM,GAM,Data,Pequivalent,BRA,310861.430965731
151585,1954,Less than 6m,UP,Lines_Handlines_and_poles,LatinAmerica,76,1326,1131.53224670467,0,958.698,818.097814367476,0,298630.639858112,0.0292161106674869,NA,0.0100450508117196,0.723,GAM,GAM,Data,Pequivalent,BRA,330746.66747523
151586,1955,Less than 6m,UP,Lines_Handlines_and_poles,LatinAmerica,76,1382,1179.31943057757,0,999.186,852.647948307583,0,311242.491918485,0.0292161106674869,NA,0.0100450508117196,0.723,GAM,GAM,Data,Pequivalent,BRA,351829.473528471
151587,1956,Less than 6m,UP,Lines_Handlines_and_poles,LatinAmerica,76,1441,1229.66664215794,0,1041.843,889.048982280191,0,324529.978910663,0.0292161106674869,NA,0.0100450508117196,0.723,GAM,GAM,Data,Pequivalent,BRA,374421.155030683
151588,1957,Less than 6m,UP,Lines_Handlines_and_poles,LatinAmerica,76,1502,1281.72053887664,0,1085.946,926.683949607811,0,338267.889190713,0.0292161106674869,NA,0.0100450508117196,0.723,GAM,GAM,Data,Pequivalent,BRA,398325.906318649
151589,1958,Less than 6m,UP,Lines_Handlines_and_poles,LatinAmerica,76,1555,1326.94769504206,0,1124.265,959.383183515409,0,350204.10631928,0,NA,0.0100450508117196,0.723,Data,GAM,Data,Pequivalent,BRA,420892.547592394
151590,1959,Less than 6m,UP,Lines_Handlines_and_poles,LatinAmerica,76,1669,1424.22874792617,0,1206.687,1029.71738475062,0,375878.233727895,0,NA,0.0100450508117196,0.723,Data,GAM,Data,Pequivalent,BRA,461072.692951765
151591,1960,Less than 6m,UP,Lines_Handlines_and_poles,LatinAmerica,76,1703,1453.24239527757,0,1231.269,1050.69425178568,0,383535.429621693,0,NA,0.0100450508117196,0.723,Data,AIC,Data,Pequivalent,BRA,480175.431813335
151592,1961,Less than 6m,UP,Lines_Handlines_and_poles,LatinAmerica,76,1682,1435.32220132523,0,1216.086,1037.73795155814,0,378805.985099053,0,NA,0.0100450508117196,0.723,Data,GAM,Data,Pequivalent,BRA,484042.506926933
151593,1962,Less than 6m,UP,Lines_Handlines_and_poles,LatinAmerica,76,1868,1594.04391918879,0,1350.564,1152.4937535735,0,420695.350871006,0,NA,0.0100450508117196,0.723,Data,GAM,Data,Pequivalent,BRA,548664.175682882
151594,1963,Less than 6m,UP,Lines_Handlines_and_poles,LatinAmerica,76,1984,1693.03165721122,0,1434.432,1224.06188816371,0,446819.901567492,0,NA,0.0100450508117196,0.723,Data,GAM,Data,Pequivalent,BRA,594762.560960888
151595,1964,Less than 6m,UP,Lines_Handlines_and_poles,LatinAmerica,76,1997,1704.12511061028,0,1443.831,1232.08245497123,0,449747.65293865,0,NA,0.0100450508117196,0.723,Data,GAM,Data,Pequivalent,BRA,611015.520964224
151596,1965,Less than 6m,UP,Lines_Handlines_and_poles,LatinAmerica,76,2103,1794.57942294112,0,1520.469,1297.48092278643,0,473620.087195784,0,NA,0.0100450508117196,0.723,Data,GAM,Data,Pequivalent,BRA,656728.210891115
151597,1966,Less than 6m,UP,Lines_Handlines_and_poles,LatinAmerica,76,2137,1823.59307029252,0,1545.051,1318.45778982149,0,481277.283089582,0.0292161106674869,NA,0.0100450508117196,0.723,GAM,GAM,Data,Pequivalent,BRA,681119.23409709
151598,1967,Less than 6m,UP,Lines_Handlines_and_poles,LatinAmerica,76,2182,1861.99348590467,0,1577.586,1346.22129030908,0,491411.807066667,0.0292161106674869,NA,0.0100450508117196,0.723,GAM,GAM,Data,Pequivalent,BRA,709815.683637597
151599,1968,Less than 6m,UP,Lines_Handlines_and_poles,LatinAmerica,76,2213,1888.4471055486,0,1599.999,1365.34725731164,0,498393.368028659,0.0292161106674869,NA,0.0100450508117196,0.723,GAM,GAM,Data,Pequivalent,BRA,734758.266959343
151600,1969,Less than 6m,UP,Lines_Handlines_and_poles,LatinAmerica,76,2230,1902.9539292243,0,1612.29,1375.83569082917,0,502221.965975558,0.0292161106674869,NA,0.0100450508117196,0.723,GAM,GAM,Data,Pequivalent,BRA,755683.870623515
151601,1970,Less than 6m,UP,Lines_Handlines_and_poles,LatinAmerica,76,2234,1906.36729950094,0,1615.182,1378.30355753918,0,503122.812551299,0.0292161106674869,NA,0.0100450508117196,0.723,GAM,AIC,Data,Pequivalent,BRA,772664.005038615
151602,1971,Less than 6m,UP,Lines_Handlines_and_poles,LatinAmerica,76,2224,1897.83387380935,0,1607.952,1372.13389076416,0,500870.696111947,0.0292161106674869,NA,0.0100450508117196,0.723,GAM,GAM,Data,Pequivalent,BRA,785081.091234198
151603,1972,Less than 6m,UP,Lines_Handlines_and_poles,LatinAmerica,76,2201,1878.20699471869,0,1591.323,1357.94365718161,0,495690.828301437,0.0292161106674869,NA,0.0100450508117196,0.723,GAM,GAM,Data,Pequivalent,BRA,792997.831186983
151604,1973,Less than 6m,UP,Lines_Handlines_and_poles,LatinAmerica,76,2890,1924.8064202217,0,2089.47,1391.63504182029,0,650861.650972809,0.0292161106674869,NA,0.417229956315952,0.723,GAM,GAM,Data,Pequivalent,BRA,1061333.38126329
151605,1974,Less than 6m,UP,Lines_Handlines_and_poles,LatinAmerica,76,2831,1885.51106423794,0,2046.813,1363.22449944403,0,637574.16398063,0.0292161106674869,NA,0.417229956315952,0.723,GAM,GAM,Data,Pequivalent,BRA,1059731.57579303
151606,1975,Less than 6m,UP,Lines_Handlines_and_poles,LatinAmerica,76,2761,1838.88945544364,0,1996.203,1329.51707628575,0,621809.348905164,0.0292161106674869,NA,0.417229956315952,0.723,GAM,GAM,Data,Pequivalent,BRA,1053475.49105026
151607,1976,Less than 6m,UP,Lines_Handlines_and_poles,LatinAmerica,76,2012,1340.03824134466,0,1454.676,968.847648492189,0,453125.827597679,0.0292161106674869,NA,0.417229956315952,0.723,GAM,GAM,Data,Pequivalent,BRA,782506.637765811
151608,1977,Less than 6m,UP,Lines_Handlines_and_poles,LatinAmerica,76,1947,1296.74674746424,0,1407.681,937.547898416645,0,438487.070741888,0.0292161106674869,NA,0.417229956315952,0.723,GAM,GAM,Data,Pequivalent,BRA,771841.328980129
151609,1978,Less than 6m,UP,Lines_Handlines_and_poles,LatinAmerica,76,1879,1251.4571846355,0,1358.517,904.803544491466,0,423172.678954293,0.0292161106674869,NA,0.417229956315951,0.723,GAM,GAM,Data,Pequivalent,BRA,759260.632458515
151610,1979,Less than 6m,UP,Lines_Handlines_and_poles,LatinAmerica,76,1807,1203.50352987565,0,1306.461,870.133052100095,0,406957.440590957,0.0292161106674869,NA,0.417229956315952,0.723,GAM,GAM,Data,Pequivalent,BRA,744259.315239805
151611,1980,Less than 6m,UP,Lines_Handlines_and_poles,LatinAmerica,76,1735,1155.5498751158,0,1254.405,835.462559708723,0,390742.20222762,0.0292161106674869,NA,0.417229956315952,0.723,GAM,AIC,Data,Pequivalent,BRA,728396.130183465
151612,1981,Less than 6m,UP,Lines_Handlines_and_poles,LatinAmerica,76,1662,1106.93019737317,0,1201.626,800.310532700802,0,374301.752220348,0.0292161106674869,NA,0.417229956315951,0.723,GAM,GAM,Data,Pequivalent,BRA,711215.469552946
151613,1982,Less than 6m,UP,Lines_Handlines_and_poles,LatinAmerica,76,2120,1411.96872348443,0,1532.76,1020.85338707924,0,477448.685142683,0.0292161106674869,NA,0.417229956315952,0.723,GAM,GAM,Data,Pequivalent,BRA,924715.335502092
151614,1983,Less than 6m,UP,Lines_Handlines_and_poles,LatinAmerica,76,2024,1727.16535997757,0,1463.352,1248.74055526378,0,455828.367324901,0.0292161106674869,NA,0.0100450508117196,0.723,GAM,GAM,Data,Pequivalent,BRA,901062.528888663
151615,1984,Less than 6m,UP,Lines_Handlines_and_poles,LatinAmerica,76,1930,1646.95115847664,0,1395.39,1190.74568757861,0,434658.47279499,0.0292161106674869,NA,0.0100450508117196,0.723,GAM,GAM,Data,Pequivalent,BRA,876948.224235717
151616,1985,Less than 6m,UP,Lines_Handlines_and_poles,LatinAmerica,76,1839,1569.29698468318,0,1329.597,1134.60171992594,0,414164.213196884,0.0292161106674869,NA,0.0100450508117196,0.723,GAM,GAM,Data,Pequivalent,BRA,852845.958382388
151617,1986,Less than 6m,UP,Lines_Handlines_and_poles,LatinAmerica,76,1750,1165.54021985743,0,1265.25,842.685578956922,0,394120.376886649,0.0292161106674869,NA,0.417229956315952,0.723,GAM,GAM,Data,Pequivalent,BRA,827235.073090561
151618,1987,Less than 6m,UP,Lines_Handlines_and_poles,LatinAmerica,76,1663,1107.59622035595,0,1202.349,800.792067317352,0,374526.963864284,0.0292161106674869,NA,0.417229956315952,0.723,GAM,GAM,Data,Pequivalent,BRA,801281.58898972
151619,1988,Less than 6m,UP,Lines_Handlines_and_poles,LatinAmerica,76,1580,1052.31631278557,0,1142.34,760.824694143967,0,355834.39741766,0.0292161106674869,NA,0.417229956315952,0.723,GAM,GAM,Data,Pequivalent,BRA,775982.676715822
151620,1989,Less than 6m,UP,Lines_Handlines_and_poles,LatinAmerica,76,1500,999.034474163514,0,1084.5,722.301924820221,0,337817.465902842,0.0292161106674869,NA,0.417229956315952,0.723,GAM,GAM,Data,Pequivalent,BRA,750910.578205478
151621,1990,Less than 6m,UP,Lines_Handlines_and_poles,LatinAmerica,76,1423,947.750704489787,0,1028.829,685.223759346116,0,320476.169319829,0.0292161106674869,NA,0.417229956315952,0.723,GAM,AIC,Data,Pequivalent,BRA,726112.457210116
151622,1991,Less than 6m,UP,Lines_Handlines_and_poles,LatinAmerica,76,1350,899.131026747163,0,976.05,650.071732338199,0,304035.719312557,0.0292161106674869,NA,0.417229956315952,0.723,GAM,GAM,Data,Pequivalent,BRA,702157.889884934
151623,1992,Less than 6m,UP,Lines_Handlines_and_poles,LatinAmerica,76,960,819.208866392524,0,694.08,592.288010401795,0,216203.178177818,0.0292161106674869,NA,0.0100450508117196,0.723,GAM,GAM,Data,Pequivalent,BRA,509617.657446174
151624,1993,Less than 6m,UP,Lines_Handlines_and_poles,LatinAmerica,76,911,777.395080503739,0,658.653,562.056643204203,0,205167.807624992,0.0292161106674869,NA,0.0100450508117196,0.723,GAM,GAM,Data,Pequivalent,BRA,493587.137262448
151625,1994,Less than 6m,UP,Lines_Handlines_and_poles,LatinAmerica,76,864,575.443857118184,0,624.672,416.045908696447,0,194582.860360037,0.0292161106674869,NA,0.417229956315952,0.723,GAM,GAM,Data,Pequivalent,BRA,477156.916384233
151626,1995,Less than 6m,UP,Lines_Handlines_and_poles,LatinAmerica,76,820,546.138845876054,0,592.86,394.858385568387,0,184673.548026887,0.0292161106674869,NA,0.417229956315952,0.723,GAM,GAM,Data,Pequivalent,BRA,461597.40369649
151627,1996,Less than 6m,UP,Lines_Handlines_and_poles,LatinAmerica,76,779,518.831903582252,0,563.217,375.115466289968,0,175439.870625543,0.0292161106674869,NA,0.417229956315952,0.723,GAM,GAM,Data,Pequivalent,BRA,446980.921908442
151628,1997,Less than 6m,UP,Lines_Handlines_and_poles,LatinAmerica,76,740,492.857007254,0,535.02,356.335616244642,0,166656.616512069,0.0292161106674869,NA,0.417229956315951,0.723,GAM,GAM,Data,Pequivalent,BRA,432798.027906217
151629,1998,Less than 6m,UP,Lines_Handlines_and_poles,LatinAmerica,76,705,469.546202856852,0,509.715,339.481904665504,0,158774.208974336,0.0292161106674869,NA,0.417229956315952,0.723,GAM,GAM,Data,Pequivalent,BRA,420285.778433228
151630,1999,Less than 6m,UP,Lines_Handlines_and_poles,LatinAmerica,76,672,573.446206474767,0,485.856,414.601607281257,0,151342.224724473,0.0292161106674869,NA,0.0100450508117196,0.723,GAM,GAM,Data,Pequivalent,BRA,408881.134697057
151631,2000,Less than 6m,UP,Lines_Handlines_and_poles,LatinAmerica,76,641,546.992586830841,0,463.443,395.475640278698,0,144360.663762481,0.0292161106674869,NA,0.0100450508117196,0.723,GAM,GAM,Data,Pequivalent,BRA,398068.719776072
151632,2001,Less than 6m,UP,Lines_Handlines_and_poles,LatinAmerica,76,585,499.205402957944,0,422.955,360.925506338593,0,131748.811702109,0,NA,0.0100450508117196,0.723,Data,GAM,Data,Pequivalent,BRA,370790.083790716
151633,2002,Less than 6m,UP,Lines_Handlines_and_poles,LatinAmerica,76,588,501.765430665421,0,425.124,362.776406371099,0,132424.446633914,0.0292161106674869,NA,0.0100450508117196,0.723,GAM,GAM,Data,Pequivalent,BRA,380383.608054323
151634,2003,Less than 6m,UP,Lines_Handlines_and_poles,LatinAmerica,76,564,481.285209005608,0,407.772,347.969206111055,0,127019.367179469,0.0292161106674869,NA,0.0100450508117196,0.723,GAM,GAM,Data,Pequivalent,BRA,372388.099680784
151635,2004,Less than 6m,UP,Lines_Handlines_and_poles,LatinAmerica,76,515,439.471423116823,0,372.345,317.737838913463,0,115983.996626643,0,NA,0.0100450508117196,0.723,Data,Data,Data,Pequivalent,BRA,347053.270501312
151636,2005,Less than 6m,UP,Lines_Handlines_and_poles,LatinAmerica,76,571,487.25860698972,0,412.833,352.287972853568,0,128595.848687015,0,NA,0.0100450508117196,0.723,Data,Data,Data,Pequivalent,BRA,392732.862516045
151637,2006,Less than 6m,UP,Lines_Handlines_and_poles,LatinAmerica,76,503,335.009560336165,0,363.669,242.211912123047,0,113281.456899419,0.0292161106674869,NA,0.417229956315952,0.723,GAM,Data,Data,Pequivalent,BRA,352639.651841663
151638,2007,Less than 6m,UP,Lines_Handlines_and_poles,LatinAmerica,76,645,429.584823890311,0,466.335,310.589827672695,0,145261.510338222,0.0292161106674869,NA,0.417229956315952,0.723,GAM,Data,Data,Pequivalent,BRA,460919.304460885
151639,2008,Less than 6m,UP,Lines_Handlines_and_poles,LatinAmerica,76,622,414.26629528647,0,449.706,299.514531492118,0,140081.642527712,0.0292161106674869,NA,0.417229956315952,0.723,GAM,Data,Data,Pequivalent,BRA,453061.952336437
151640,2009,Less than 6m,UP,Lines_Handlines_and_poles,LatinAmerica,76,599,398.94776668263,0,433.077,288.439235311541,0,134901.774717202,0.0292161106674869,NA,0.417229956315952,0.723,GAM,Data,Data,Pequivalent,BRA,444729.618588267
151641,2010,Less than 6m,UP,Lines_Handlines_and_poles,LatinAmerica,76,596,396.949697734303,0,430.908,286.994631461901,0,134226.139785396,0.0292161106674869,NA,0.417229956315952,0.723,GAM,Data,Data,Pequivalent,BRA,451042.55181186
151642,2011,Less than 6m,UP,Lines_Handlines_and_poles,LatinAmerica,76,580,386.293330009892,0,419.34,279.290077597152,0,130622.753482432,0.0292161106674869,NA,0.417229956315952,0.723,GAM,Data,Data,Pequivalent,BRA,447405.453650771
151643,2012,Less than 6m,UP,Lines_Handlines_and_poles,LatinAmerica,76,558,371.640824388827,0,403.434,268.696316033122,0,125668.097315857,0.0292161106674869,NA,0.417229956315952,0.723,GAM,Data,Data,Pequivalent,BRA,438742.295568408
151644,2013,Less than 6m,UP,Lines_Handlines_and_poles,LatinAmerica,76,502,334.343537353389,0,362.946,241.7303775065,0,113056.245255484,0.0292161106674869,NA,0.417229956315952,0.723,GAM,Data,Data,Pequivalent,BRA,402328.72935517
151645,2014,Less than 6m,UP,Lines_Handlines_and_poles,LatinAmerica,76,528,351.660134905557,0,381.744,254.250277536718,0,118911.7479978,0.0292161106674869,NA,0.417229956315952,0.723,GAM,Data,Data,Pequivalent,BRA,431333.5852254
151646,2015,Less than 6m,UP,Lines_Handlines_and_poles,LatinAmerica,76,509,434.351367701869,0,368.007,314.036038848451,0,114632.726763031,0.0292161106674869,NA,0.0100450508117196,0.723,GAM,GAM,Data,Pequivalent,BRA,424394.119396144
151647,2016,Less than 6m,UP,Lines_Handlines_and_poles,LatinAmerica,76,490,418.137858887851,0,354.27,302.313671975916,0,110353.705528262,0.0292161106674869,NA,0.0100450508117196,0.723,GAM,GAM,Data,Pequivalent,BRA,416984.46715104
151648,2017,Less than 6m,UP,Lines_Handlines_and_poles,LatinAmerica,76,473,315.028870852895,0,341.979,227.765873626643,0,106525.107581363,0.0292161106674869,NA,0.417229956315952,0.723,GAM,GAM,Data,Pequivalent,BRA,410286.249927789
173147,1950,12-24m,APW,Seine_Purse_Seine,LatinAmerica,76,18,498.475876086572,3210.71763075779,13.014,360.398058410592,2321.34884703788,460833.33629375,0.0513454323196739,0.00179007872353678,0.00608898761483909,0.723,GAM,AIC,Data,AIC,BRA,471063.836359471
173148,1951,12-24m,APW,Seine_Purse_Seine,LatinAmerica,76,19,520.541271519646,3360.20170535643,13.737,376.351339308704,2429.4258329727,482200.131757128,0.0513454323196739,0.00182581003462927,0.00600033198403336,0.723,GAM,GAM,Data,AIC,BRA,503847.46512008
173149,1952,12-24m,APW,Seine_Purse_Seine,LatinAmerica,76,20,581.251948528765,3618.8342949898,14.46,420.245158786297,2616.41719527763,518958.606217869,0.0513454323196739,0.00178800750828041,0.00563459918451012,0.723,GAM,GAM,Data,AIC,BRA,554294.218021465
173150,1953,12-24m,APW,Seine_Purse_Seine,LatinAmerica,76,21,603.317343961839,3767.98608447733,15.183,436.19843968441,2724.25393907711,540280.217832373,0.0513454323196739,0.00180827457358806,0.00557472579490332,0.723,GAM,GAM,Data,AIC,BRA,589878.50754776
173151,1954,12-24m,APW,Seine_Purse_Seine,LatinAmerica,76,22,625.382739394912,3916.77097428372,15.906,452.151720582522,2831.82541440713,561550.148999178,0.0513454323196739,0.00183528309028337,0.00551907743401691,0.723,GAM,GAM,Data,AIC,BRA,626711.883769875
173152,1955,12-24m,APW,Seine_Purse_Seine,LatinAmerica,76,23,686.093416404031,4172.43093219673,16.629,496.045540060115,3016.66756397824,597887.379469899,0.0513454323196739,0.00181373473097334,0.00525181701665334,0.723,GAM,GAM,Data,AIC,BRA,682078.948686532
173153,1956,12-24m,APW,Seine_Purse_Seine,LatinAmerica,76,24,708.158811837105,4318.64625320015,17.352,511.998820958227,3122.38124106371,618791.903335217,0.0513454323196739,0.00184199857823319,0.00521273480228212,0.723,GAM,GAM,Data,AIC,BRA,721598.727724838
173154,1957,12-24m,APW,Seine_Purse_Seine,LatinAmerica,76,24,708.158811837105,4300.52514527917,17.352,511.998820958227,3109.27968003684,616159.410016769,0.0513454323196739,0.00186243420437961,0.00521273480228212,0.723,GAM,GAM,Data,AIC,BRA,734480.209716657
173155,1958,12-24m,APW,Seine_Purse_Seine,LatinAmerica,76,25,730.224207270179,4442.88460072486,18.075,527.95210185634,3212.20556632407,636514.847894123,0,0.00188900595959062,0.00517601450499313,0.723,Data,GAM,Data,AIC,BRA,775588.620427218
173156,1959,12-24m,APW,Seine_Purse_Seine,LatinAmerica,76,24,708.158811837105,4257.58381183024,17.352,511.998820958227,3078.23309595327,609940.695288512,0,0.00191264568128906,0.00521273480228212,0.723,Data,GAM,Data,AIC,BRA,759707.43492692
173157,1960,12-24m,APW,Seine_Purse_Seine,LatinAmerica,76,31,935.028114208414,5513.11651073653,22.413,676.025326572684,3985.98323726251,789694.209702104,0,0.00192574747250841,0.00519223233700473,0.723,Data,AIC,Data,AIC,BRA,1005434.06736499
173158,1961,12-24m,APW,Seine_Purse_Seine,LatinAmerica,76,31,935.028114208414,5473.13660466292,22.413,676.025326572684,3957.07776517129,783932.902384125,0,0.00196132709918657,0.00519223233700473,0.723,Data,GAM,Data,AIC,BRA,1020256.59790951
173159,1962,12-24m,APW,Seine_Purse_Seine,LatinAmerica,76,33,1017.80418665061,5844.2247046494,23.859,735.872426948389,4225.37446146151,836828.281574947,0,0.00194067155621872,0.005005669653173,0.723,Data,GAM,Data,AIC,BRA,1113275.74020445
173160,1963,12-24m,APW,Seine_Purse_Seine,LatinAmerica,76,33,1017.80418665061,5788.20857144267,23.859,735.872426948389,4184.87479715305,828785.733877425,0,0.0019827977079414,0.005005669653173,0.723,Data,GAM,Data,AIC,BRA,1127053.51941293
173161,1964,12-24m,APW,Seine_Purse_Seine,LatinAmerica,76,31,935.028114208414,5320.11910902014,22.413,676.025326572684,3846.44611582156,761945.387978306,0,0.0020702471019385,0.00519223233700473,0.723,Data,GAM,Data,AIC,BRA,1059161.03157987
173162,1965,12-24m,APW,Seine_Purse_Seine,LatinAmerica,76,32,995.738791217533,5494.35171641723,23.136,719.919146050276,3972.41629096966,786679.367428689,0,0.0020894498381118,0.00502800992531996,0.723,Data,GAM,Data,AIC,BRA,1117819.76852902
173163,1966,12-24m,APW,Seine_Purse_Seine,LatinAmerica,76,36,1122.64565452587,6133.64155714169,26.028,811.672808222206,4434.62284581344,878045.328234115,0.0513454323196739,0.00211390232604642,0.00483047062288683,0.723,GAM,GAM,Data,AIC,BRA,1275343.31476039
173164,1967,12-24m,APW,Seine_Purse_Seine,LatinAmerica,76,38,1205.42172696807,6427.03801089801,27.474,871.519908597911,4646.74848187926,919890.018306264,0.0513454323196739,0.0021542640190171,0.00469778754339369,0.723,GAM,GAM,Data,AIC,BRA,1365784.64997405
173165,1968,12-24m,APW,Seine_Purse_Seine,LatinAmerica,76,40,1244.67348902192,6566.85276930789,28.92,899.898932562845,4747.8345522096,940263.465000278,0.0513454323196739,0.00230441805426223,0.00502800992531996,0.723,GAM,GAM,Data,AIC,BRA,1427025.58322213
173166,1969,12-24m,APW,Seine_Purse_Seine,LatinAmerica,76,42,1327.44956146411,6821.49662723732,30.366,959.746032938551,4931.94206149259,976585.291759174,0.0513454323196739,0.00236370372360713,0.00489520593822457,0.723,GAM,GAM,Data,AIC,BRA,1515054.49196553
173167,1970,12-24m,APW,Seine_Purse_Seine,LatinAmerica,76,44,1410.2256339063,7055.45544124196,31.812,1019.59313331426,5101.09428401794,1009967.48677833,0.0513454323196739,0.00243381680781312,0.00477799235339123,0.723,GAM,AIC,Data,AIC,BRA,1601626.8615181
173168,1971,12-24m,APW,Seine_Purse_Seine,LatinAmerica,76,44,1410.2256339063,6925.89332035701,31.812,1019.59313331426,5007.42087061812,991467.478524859,0.0513454323196739,0.00253312557081331,0.00477799235339123,0.723,GAM,GAM,Data,AIC,BRA,1607193.9940408
173169,1972,12-24m,APW,Seine_Purse_Seine,LatinAmerica,76,48,1532.25346840234,7368.72407307632,34.704,1107.81925765489,5327.58750483418,1055075.85187154,0.0513454323196739,0.00268979487697592,0.00494263596331961,0.723,GAM,GAM,Data,AIC,BRA,1748273.55090994
173170,1973,12-24m,APW,Seine_Purse_Seine,LatinAmerica,76,50,810.12849250612,7566.09381303433,36.15,585.722900081925,5470.28582682382,1099603.62134817,0.0513454323196739,0.00359170772941833,0.00982262425724492,0.723,GAM,GAM,Data,AIC,BRA,1862506.26454648
173171,1974,12-24m,APW,Seine_Purse_Seine,LatinAmerica,76,53,856.164466309832,7918.53019337642,38.319,619.006909142009,5725.09732981115,1150329.16861635,0.0513454323196739,0.00364915913814303,0.00980434755904349,0.723,GAM,GAM,Data,AIC,BRA,1991680.12509125
173172,1975,12-24m,APW,Seine_Purse_Seine,LatinAmerica,76,56,899.203815607893,8176.72804189614,40.488,650.124358684507,5911.77437429091,1187808.78267567,0.0513454323196739,0.00379472101670961,0.00998228629988778,0.723,GAM,GAM,Data,AIC,BRA,2102228.24132043
173173,1976,12-24m,APW,Seine_Purse_Seine,LatinAmerica,76,58,945.104967179909,8385.13736984761,41.934,683.310891271074,6062.45431839982,1217020.87974236,0.0513454323196739,0.00378027263290028,0.00975494878053443,0.723,GAM,GAM,Data,AIC,BRA,2201746.12071261
173174,1977,12-24m,APW,Seine_Purse_Seine,LatinAmerica,76,61,991.140940983621,8749.75785240036,44.103,716.594900331158,6326.07492728546,1269562.63861937,0.0513454323196739,0.0038087081943146,0.00974230441022309,0.723,GAM,GAM,Data,AIC,BRA,2347789.84862648
173175,1978,12-24m,APW,Seine_Purse_Seine,LatinAmerica,76,66,1057.26568829939,9322.18772041791,47.718,764.403092640456,6739.94172186215,1352991.43783981,0.0513454323196739,0.00393789085067632,0.00998126461096613,0.723,GAM,GAM,Data,AIC,BRA,2557619.95711329
173176,1979,12-24m,APW,Seine_Purse_Seine,LatinAmerica,76,70,1123.25561338345,9765.50464018345,50.61,812.113808476238,7060.45985485263,1417128.58398875,0.0513454323196739,0.00401203025437901,0.0100213118970394,0.723,GAM,GAM,Data,AIC,BRA,2738331.98017188
173177,1980,12-24m,APW,Seine_Purse_Seine,LatinAmerica,76,75,1192.37698520487,10445.2197881012,54.225,862.088560303121,7551.89390679717,1515732.94089568,0.0513454323196739,0.00401959909146543,0.0100705708922674,0.723,GAM,AIC,Data,AIC,BRA,2993887.01143113
173178,1981,12-24m,APW,Seine_Purse_Seine,LatinAmerica,76,80,1281.31748607494,11072.8314077469,57.84,926.392542432184,8005.65710780099,1606392.59078635,0.0513454323196739,0.00402362073334069,0.0100156547077101,0.723,GAM,GAM,Data,AIC,BRA,3243398.30971403
173179,1982,12-24m,APW,Seine_Purse_Seine,LatinAmerica,76,86,1370.39280917672,11841.9189825624,62.178,990.794001034771,8561.70742439258,1718163.41284861,0.0513454323196739,0.00406290975008238,0.0101078724042438,0.723,GAM,GAM,Data,AIC,BRA,3546083.33117251
173180,1983,12-24m,APW,Seine_Purse_Seine,LatinAmerica,76,93,3036.95603208151,12785.8221871725,67.239,2195.71921119493,9244.14944132573,1831423.15596351,0.0513454323196739,0.00345285352052303,0.00492124855730293,0.723,GAM,GAM,Data,AIC,BRA,3863750.26533096
173181,1984,12-24m,APW,Seine_Purse_Seine,LatinAmerica,76,100,3263.82533445282,13746.4048668237,72.3,2359.74571680939,9938.6507187135,1969108.46176568,0.0513454323196739,0.00331996131987432,0.00493563624499829,0.723,GAM,GAM,Data,AIC,BRA,4246448.50561851
173182,1985,12-24m,APW,Seine_Purse_Seine,LatinAmerica,76,108,3551.40531383325,14849.8151684309,78.084,2567.66604190144,10736.4163667755,2127152.85343207,0.0513454323196739,0.00311955456872664,0.00490628174471132,0.723,GAM,GAM,Data,AIC,BRA,4689114.0814231
173183,1986,12-24m,APW,Seine_Purse_Seine,LatinAmerica,76,115,1818.63122695953,15851.7343089177,83.145,1314.87037709174,11460.8039053475,2300381.80918697,0.0513454323196739,0.0036783022371769,0.0102306233411595,0.723,GAM,GAM,Data,AIC,BRA,5183557.27328906
173184,1987,12-24m,APW,Seine_Purse_Seine,LatinAmerica,76,125,1973.69647514538,17237.4442643335,90.375,1426.98255153011,12462.6722031131,2501889.14373399,0.0513454323196739,0.00365210453844196,0.0102994050633721,0.723,GAM,GAM,Data,AIC,BRA,5762778.35133785
173185,1988,12-24m,APW,Seine_Purse_Seine,LatinAmerica,76,135,2128.76172333122,18660.6460744885,97.605,1539.09472596847,13491.6471118552,2708902.99599709,0.0513454323196739,0.00361871064520107,0.0103581662607803,0.723,GAM,GAM,Data,AIC,BRA,6378127.3077532
173186,1989,12-24m,APW,Seine_Purse_Seine,LatinAmerica,76,145,2264.0078424684,20177.6787284477,104.835,1636.87767010466,14588.4617206677,2929995.35499504,0.0513454323196739,0.00370398026513352,0.0104674292075438,0.723,GAM,GAM,Data,AIC,BRA,7051841.43716669
173187,1990,12-24m,APW,Seine_Purse_Seine,LatinAmerica,76,155,2419.07309065425,21690.5549968712,112.065,1748.98984454302,15682.2712627379,3150176.96041427,0.0513454323196739,0.00357821774303834,0.0105083679797641,0.723,GAM,AIC,Data,AIC,BRA,7750084.43619363
173188,1991,12-24m,APW,Seine_Purse_Seine,LatinAmerica,76,168,2617.17768813814,23625.9986031412,121.464,1892.21946852388,17081.5969900711,3432155.95733062,0.0513454323196739,0.00365300127794402,0.0105933405501353,0.723,GAM,GAM,Data,AIC,BRA,8631263.47349708
173189,1992,12-24m,APW,Seine_Purse_Seine,LatinAmerica,76,180,5965.52788670374,25542.3020569949,130.14,4313.0766620868,18467.0843872073,3660446.89670692,0.0513454323196739,0.00284627316699222,0.00514329800618564,0.723,GAM,GAM,Data,AIC,BRA,9409734.01243004
173190,1993,12-24m,APW,Seine_Purse_Seine,LatinAmerica,76,191,6353.07030514714,27351.0854083803,138.093,4593.26983062138,19774.834750259,3919762.115863,0.0513454323196739,0.00282346871899768,0.00515416064230004,0.723,GAM,GAM,Data,AIC,BRA,10300037.9368487
173191,1994,12-24m,APW,Seine_Purse_Seine,LatinAmerica,76,205,3171.58357802914,29635.7367976029,148.215,2293.05492691507,21426.6377046669,4307759.82116957,0.0513454323196739,0.00348401147108255,0.0107526371622445,0.723,GAM,GAM,Data,AIC,BRA,11570882.1680851
173192,1995,12-24m,APW,Seine_Purse_Seine,LatinAmerica,76,217,3346.73759972703,31651.7511768559,156.891,2419.69128460264,22884.2161008668,4602033.50061315,0.0513454323196739,0.0034498888895375,0.0108420096820568,0.723,GAM,GAM,Data,AIC,BRA,12635738.8685593
173193,1996,12-24m,APW,Seine_Purse_Seine,LatinAmerica,76,232,3567.92759522864,34212.5979974555,167.736,2579.61165135031,24735.7083521603,4975393.51538806,0.0513454323196739,0.00340989073705498,0.0109039156905153,0.723,GAM,GAM,Data,AIC,BRA,13964139.501784
173194,1997,12-24m,APW,Seine_Purse_Seine,LatinAmerica,76,244,3743.08161692653,36360.0010045654,176.412,2706.24800903788,26288.2807263008,5288852.57015539,0.0513454323196739,0.00339058045724622,0.010976745876366,0.723,GAM,GAM,Data,AIC,BRA,15173441.0087597
173195,1998,12-24m,APW,Seine_Purse_Seine,LatinAmerica,76,258,3964.13679019645,38909.6922892096,186.534,2866.07089931203,28131.7075250986,5660055.97014446,0.0513454323196739,0.00377421804163287,0.010976581444942,0.723,GAM,GAM,Data,AIC,BRA,16598896.6922334
173196,1999,12-24m,APW,Seine_Purse_Seine,LatinAmerica,76,270,8974.54606513975,41159.6721557027,195.21,6488.59680509604,29758.4429685731,5900763.52411343,0.0513454323196739,0.00247203084321365,0.00544233460026339,0.723,GAM,GAM,Data,AIC,BRA,17688971.5427065
173197,2000,12-24m,APW,Seine_Purse_Seine,LatinAmerica,76,283,9401.34024563701,43614.5506027431,204.609,6797.16899759556,31533.3200857833,6252917.26990048,0.0513454323196739,0.00244293478576756,0.00547795888123425,0.723,GAM,GAM,Data,AIC,BRA,19160768.8705845
173198,2001,12-24m,APW,Seine_Purse_Seine,LatinAmerica,76,295,9762.54472031283,45844.4295127554,213.285,7058.31983278618,33145.5225377222,6573348.69838411,0.0513454323196739,0.00236392203601129,0.00557489156100494,0.723,GAM,GAM,Data,AIC,BRA,20589831.7175573
173199,2002,12-24m,APW,Seine_Purse_Seine,LatinAmerica,76,305,10045.8521513588,47824.3046521788,220.515,7263.15110543239,34576.9722635253,6857772.49235927,0.0513454323196739,0.00323063917829995,0.00564324364017319,0.723,GAM,GAM,Data,AIC,BRA,21957610.4461668
173200,2003,12-24m,APW,Seine_Purse_Seine,LatinAmerica,76,315,10329.1595824047,49789.4803220416,227.745,7467.98237807861,35997.7942728361,7140111.97950837,0.0513454323196739,0.00294627454066091,0.00570784620771829,0.723,GAM,GAM,Data,AIC,BRA,23369149.2490638
173201,2004,12-24m,APW,Seine_Purse_Seine,LatinAmerica,76,331,10817.2709203889,52703.056651897,239.313,7820.88687544117,38104.3099593215,7558397.86647252,0,0.00154396011182586,0.00575917438139288,0.723,Data,Data,Data,AIC,BRA,25287360.7894813
173202,2005,12-24m,APW,Seine_Purse_Seine,LatinAmerica,76,327,10608.1944651162,52361.8241190185,236.421,7669.72459827899,37857.5988380504,7510375.96730952,0,0.00272459292047667,0.00586096345524936,0.723,Data,Data,Data,AIC,BRA,25684511.5334551
173203,2006,12-24m,APW,Seine_Purse_Seine,LatinAmerica,76,338,5337.39943001248,54414.9627481755,244.374,3858.93978789902,39342.0180669309,7911571.24836195,0.0513454323196739,0.00406469135988841,0.0108851021356795,0.723,GAM,Data,Data,AIC,BRA,27657202.701237
173204,2007,12-24m,APW,Seine_Purse_Seine,LatinAmerica,76,343,5468.97481348553,55596.2847616436,247.989,3954.06879015004,40196.1138826683,8080628.93275456,0.0513454323196739,0.00315900628993199,0.0107745629926441,0.723,GAM,Data,Data,AIC,BRA,28875302.986631
173205,2008,12-24m,APW,Seine_Purse_Seine,LatinAmerica,76,345,5554.51422315487,56253.0189690938,249.435,4015.91378334097,40670.9327146548,8173718.87951796,0.0513454323196739,0.00358841418733847,0.0106790514408738,0.723,GAM,Data,Data,AIC,BRA,29856366.9121532
173206,2009,12-24m,APW,Seine_Purse_Seine,LatinAmerica,76,347,5640.0536328242,56931.924809285,250.881,4077.75877653189,41161.781637113,8270187.46284038,0.0513454323196739,0.0034655273345592,0.0105864370252964,0.723,GAM,Data,Data,AIC,BRA,30879374.38547
173207,2010,12-24m,APW,Seine_Purse_Seine,LatinAmerica,76,347,5705.50426898149,57386.6595400986,250.881,4125.07958647362,41490.5548474913,8333475.78895586,0.0513454323196739,0.0032264005067667,0.0104528703601865,0.723,GAM,Data,Data,AIC,BRA,31806449.6021553
173208,2011,12-24m,APW,Seine_Purse_Seine,LatinAmerica,76,345,5747.86950712105,57508.9504891755,249.435,4155.70965364852,41578.9712036739,8348441.15849148,0.0513454323196739,0.00177143175393105,0.0103090100332202,0.723,GAM,Data,Data,AIC,BRA,32570939.269259
173209,2012,12-24m,APW,Seine_Purse_Seine,LatinAmerica,76,343,5790.23474526063,57647.8515304129,247.989,4186.33972082344,41679.3966564885,8366029.55381083,0.0513454323196739,0.00171638340234122,0.0101672548633948,0.723,GAM,Data,Data,AIC,BRA,33364157.5491343
173210,2013,12-24m,APW,Seine_Purse_Seine,LatinAmerica,76,339,5789.69545633384,57496.3986150162,245.097,4185.94981492937,41569.8961986567,8341865.68813732,0.0513454323196739,0.00160694850991089,0.0100347195166461,0.723,GAM,Data,Data,AIC,BRA,34006335.7618613
173211,2014,12-24m,APW,Seine_Purse_Seine,LatinAmerica,76,334,5789.02134517536,57174.5914217727,241.482,4185.46243256178,41337.2295979417,8292426.75770494,0.0513454323196739,0.00157759310643433,0.00986901560834239,0.723,GAM,Data,Data,AIC,BRA,34555260.1131021
173212,2015,12-24m,APW,Seine_Purse_Seine,LatinAmerica,76,330,9528.89539272629,57001.9152851421,238.59,6889.39136894111,41212.3847511578,8183460.33236367,0.0513454323196739,0.00131739445524307,0.00693763934379127,0.723,GAM,Data,Data,AIC,BRA,34858233.9507073
173213,2016,12-24m,APW,Seine_Purse_Seine,LatinAmerica,76,325,9263.98728925674,56598.1708237183,234.975,6697.86281013262,40920.4775055483,8126159.28964294,0.0513454323196739,0.00128588786522511,0.00706100141047478,0.723,GAM,Data,Data,AIC,BRA,35382588.8985329
173214,2017,12-24m,APW,Seine_Purse_Seine,LatinAmerica,76,320,5741.50232682299,56161.5690411623,231.36,4151.10618229302,40604.8144167603,8140423.38105635,0.0513454323196739,0.00132976245383389,0.00950450442062704,0.723,GAM,Data,Data,AIC,BRA,36231569.2931231
173215,1950,6-12m,APW,Seine_Purse_Seine,LatinAmerica,76,9,28.603908520694,252.541822894784,6.507,20.6806258604618,182.587737952929,37437.3679765478,0.0513454323196739,0.0320630676395412,0.0268521450854408,0.723,GAM,AIC,Data,AIC,BRA,38268.4775456272
173216,1951,6-12m,APW,Seine_Purse_Seine,LatinAmerica,76,9,28.603908520694,248.389712738725,6.507,20.6806258604618,179.585762310098,36821.8498258916,0.0513454323196739,0.0324598592803767,0.0268521450854408,0.723,GAM,GAM,Data,AIC,BRA,38474.8872386294
173217,1952,6-12m,APW,Seine_Purse_Seine,LatinAmerica,76,10,31.7698246792562,265.860804285271,7.23,22.9695832431022,192.217361498251,39411.8037419702,0.0513454323196739,0.0340139425077232,0.0280583355130577,0.723,GAM,GAM,Data,AIC,BRA,42095.3322176905
173218,1953,6-12m,APW,Seine_Purse_Seine,LatinAmerica,76,10,31.7698246792562,261.832843447786,7.23,22.9695832431022,189.305145812749,38814.6897656015,0.0513454323196739,0.0349058624772692,0.0280583355130577,0.723,GAM,GAM,Data,AIC,BRA,42377.9189282958
173219,1954,6-12m,APW,Seine_Purse_Seine,LatinAmerica,76,10,31.7698246792562,257.87614794031,7.23,22.9695832431022,186.444454960844,38228.1403220814,0.0513454323196739,0.0362571679242601,0.0280583355130577,0.723,GAM,GAM,Data,AIC,BRA,42664.0966563181
173220,1955,6-12m,APW,Seine_Purse_Seine,LatinAmerica,76,11,34.9357408378183,275.359768760814,7.953,25.2585406257426,199.085112814069,40819.9516059191,0.0513454323196739,0.0359529645327363,0.0290459132721857,0.723,GAM,GAM,Data,AIC,BRA,46568.0170427517
173221,1956,6-12m,APW,Seine_Purse_Seine,LatinAmerica,76,11,34.9357408378183,271.47507140961,7.953,25.2585406257426,196.276476629148,40244.075331061,0.0513454323196739,0.0364674367653542,0.0290459132721857,0.723,GAM,GAM,Data,AIC,BRA,46930.2739755215
173222,1957,6-12m,APW,Seine_Purse_Seine,LatinAmerica,76,13,41.2952389283513,318.572362222819,9.399,29.856457745198,230.327817887098,47225.8836773448,0.0513454323196739,0.0367263497635639,0.0284760805309513,0.723,GAM,GAM,Data,AIC,BRA,56294.647754299
173223,1958,6-12m,APW,Seine_Purse_Seine,LatinAmerica,76,13,41.2952389283513,313.823446609659,9.399,29.856457745198,226.894351898783,46521.8937430776,0,0.0372821091808118,0.0284760805309513,0.723,Data,GAM,Data,AIC,BRA,56686.5824218086
173224,1959,6-12m,APW,Seine_Purse_Seine,LatinAmerica,76,13,41.2952389283513,309.064118664405,9.399,29.856457745198,223.453357794365,45816.3602612758,0,0.0378562223611093,0.0284760805309513,0.723,Data,GAM,Data,AIC,BRA,57066.2521793487
173225,1960,6-12m,APW,Seine_Purse_Seine,LatinAmerica,76,18,57.1801512679794,421.738466080138,13.014,41.3412493667491,304.91691097594,62519.4590089141,0,0.0384124316441216,0.028360029019327,0.723,Data,AIC,Data,AIC,BRA,79599.4109979656
173226,1961,6-12m,APW,Seine_Purse_Seine,LatinAmerica,76,18,57.1801512679794,414.946859612314,13.014,41.3412493667491,300.006579499703,61512.6559868509,0,0.0390411437626873,0.028360029019327,0.723,Data,GAM,Data,AIC,BRA,80056.2049821592
173227,1962,6-12m,APW,Seine_Purse_Seine,LatinAmerica,76,17,53.9865693360086,382.796060946089,12.291,39.0322896299342,276.761552064022,56746.5492619903,0,0.0399690633236552,0.0293364963991608,0.723,Data,GAM,Data,AIC,BRA,75492.8556128541
173228,1963,6-12m,APW,Seine_Purse_Seine,LatinAmerica,76,19,60.3460674265416,422.052562413426,13.737,43.6302067493896,305.144002624907,62566.0213559923,0,0.0405162804893707,0.0289159330862241,0.723,Data,GAM,Data,AIC,BRA,85082.6114429289
173229,1964,6-12m,APW,Seine_Purse_Seine,LatinAmerica,76,18,57.1524854945708,391.408588717858,13.014,41.3212470125747,282.988409643011,58023.2897547296,0,0.0413889742508373,0.029869372794369,0.723,Data,GAM,Data,AIC,BRA,80656.7090002873
173230,1965,6-12m,APW,Seine_Purse_Seine,LatinAmerica,76,19,60.3460674265416,407.876534098974,13.737,43.6302067493896,294.894734153558,60464.5350264382,0,0.0419244515690881,0.0289159330862241,0.723,Data,GAM,Data,AIC,BRA,85916.137305577
173231,1966,6-12m,APW,Seine_Purse_Seine,LatinAmerica,76,18,57.1524854945708,378.929029680774,13.014,41.3212470125747,273.9656884592,56173.2918474483,0.0513454323196739,0.0427520689392617,0.029869372794369,0.723,GAM,GAM,Data,AIC,BRA,81590.5852717276
173232,1967,6-12m,APW,Seine_Purse_Seine,LatinAmerica,76,20,63.5119835851037,414.398800785359,14.46,45.91916413203,299.610332967815,61431.4105133593,0.0513454323196739,0.0434364191351106,0.0294164162524137,0.723,GAM,GAM,Data,AIC,BRA,91208.8139187379
173233,1968,6-12m,APW,Seine_Purse_Seine,LatinAmerica,76,20,63.5119835851037,407.50186477002,14.46,45.91916413203,294.623848228724,60408.9932022094,0.0513454323196739,0.0441715770065461,0.0294164162524137,0.723,GAM,GAM,Data,AIC,BRA,91681.9401849447
173234,1969,6-12m,APW,Seine_Purse_Seine,LatinAmerica,76,24,76.203313992761,481.27704410579,17.352,55.0949960167662,347.963302888486,71345.5917610935,0.0513454323196739,0.0448805947936549,0.029869372794369,0.723,GAM,GAM,Data,AIC,BRA,110684.095072609
173235,1970,6-12m,APW,Seine_Purse_Seine,LatinAmerica,76,24,76.203313992761,473.850173145208,17.352,55.0949960167662,342.593675183985,70244.6157014508,0.0513454323196739,0.0455840289276013,0.029869372794369,0.723,GAM,AIC,Data,AIC,BRA,111395.331886711
173236,1971,6-12m,APW,Seine_Purse_Seine,LatinAmerica,76,26,82.5628120832939,505.093420343658,18.798,59.6929131362215,365.182542908465,74876.1849549837,0.0513454323196739,0.0463280633988044,0.0295209330097792,0.723,GAM,GAM,Data,AIC,BRA,121376.199787597
173237,1972,6-12m,APW,Seine_Purse_Seine,LatinAmerica,76,26,82.5628120832939,497.752608779812,18.798,59.6929131362215,359.875136147804,73787.9665339237,0.0513454323196739,0.0470113055908689,0.0295209330097792,0.723,GAM,GAM,Data,AIC,BRA,122267.560230724
173238,1973,6-12m,APW,Seine_Purse_Seine,LatinAmerica,76,31,99.5579298783009,584.535658836319,22.413,71.9803833020115,422.619281338659,86652.8811126317,0.0513454323196739,0.0477301933222393,0.0339610373136026,0.723,GAM,GAM,Data,AIC,BRA,146772.46489549
173239,1974,6-12m,APW,Seine_Purse_Seine,LatinAmerica,76,33,105.997098647994,613.124129928504,23.859,76.6359023224997,443.288745938308,90890.9003836455,0.0513454323196739,0.0484404357131781,0.0336105976790143,0.723,GAM,GAM,Data,AIC,BRA,157368.52092823
173240,1975,6-12m,APW,Seine_Purse_Seine,LatinAmerica,76,34,109.188995693736,625.259981713021,24.582,78.9436438865711,452.062966778514,92689.946354558,0.0513454323196739,0.0489396425406363,0.0340366362719482,0.723,GAM,GAM,Data,AIC,BRA,164046.120684589
173241,1976,6-12m,APW,Seine_Purse_Seine,LatinAmerica,76,31,99.5579298783009,563.591621517443,22.413,71.9803833020115,407.476742357111,83548.0899020765,0.0513454323196739,0.0495039296802898,0.0339610373136026,0.723,GAM,GAM,Data,AIC,BRA,151149.159309236
173242,1977,6-12m,APW,Seine_Purse_Seine,LatinAmerica,76,31,99.5579298783009,558.03959182212,22.413,71.9803833020115,403.462624887393,82725.0445294805,0.0513454323196739,0.0499964525973874,0.0339610373136026,0.723,GAM,GAM,Data,AIC,BRA,152982.620837598
173243,1978,6-12m,APW,Seine_Purse_Seine,LatinAmerica,76,29,93.1187611086078,518.844846296011,20.967,67.3248642815234,375.124823872016,76914.7272751402,0.0513454323196739,0.0503040556080026,0.0343599427981192,0.723,GAM,GAM,Data,AIC,BRA,145395.333608989
173244,1979,6-12m,APW,Seine_Purse_Seine,LatinAmerica,76,29,93.1187611086078,514.965893455074,20.967,67.3248642815234,372.320340968019,76339.7025794076,0.0513454323196739,0.0506829681959841,0.0343599427981192,0.723,GAM,GAM,Data,AIC,BRA,147511.98394546
173245,1980,6-12m,APW,Seine_Purse_Seine,LatinAmerica,76,31,99.5579298783009,545.316476285718,22.413,71.9803833020115,394.263812354574,80838.9412588042,0.0513454323196739,0.0511629507144799,0.0339610373136026,0.723,GAM,AIC,Data,AIC,BRA,159673.679790558
173246,1991,6-12m,APW,Seine_Purse_Seine,LatinAmerica,76,1,3.24727172395134,13.9263692332306,0.723,2.34777745641682,10.0687649556257,2064.47630568875,0.0513454323196739,0.0646256023323333,0.00854100770423963,0.723,GAM,GAM,Data,AIC,BRA,5191.79173403599
173247,1996,6-12m,APW,Seine_Purse_Seine,LatinAmerica,76,1,3.24727172395134,14.5545927334532,0.723,2.34777745641682,10.5229705462867,2157.60557069428,0.0513454323196739,0.061836151411601,0.00854100770423963,0.723,GAM,GAM,Data,AIC,BRA,6055.62255243067
173248,1997,6-12m,APW,Seine_Purse_Seine,LatinAmerica,76,1,3.24727172395134,14.6880825500447,0.723,2.34777745641682,10.6194836836823,2177.39440142169,0.0513454323196739,0.0612741654285747,0.00854100770423963,0.723,GAM,GAM,Data,AIC,BRA,6246.83049196905
173249,1998,6-12m,APW,Seine_Purse_Seine,LatinAmerica,76,1,3.24727172395134,14.8137231608996,0.723,2.34777745641682,10.7103218453304,2196.01964823213,0.0513454323196739,0.060754476793216,0.00854100770423963,0.723,GAM,GAM,Data,AIC,BRA,6440.13124029046
173250,1999,6-12m,APW,Seine_Purse_Seine,LatinAmerica,76,1,3.19358193197086,14.9273901567919,0.723,2.30895973681493,10.7925030833605,2212.86989942313,0.0513454323196739,0.0602918521286526,0.0118531333051416,0.723,GAM,GAM,Data,AIC,BRA,6633.61487350721
173251,2000,6-12m,APW,Seine_Purse_Seine,LatinAmerica,76,1,3.19358193197086,15.0247174109009,0.723,2.30895973681493,10.8628706880814,2227.29791053218,0.0513454323196739,0.059901293008481,0.0118531333051416,0.723,GAM,GAM,Data,AIC,BRA,6825.09277310846
173252,2001,6-12m,APW,Seine_Purse_Seine,LatinAmerica,76,1,3.19358193197086,15.0982065242234,0.723,2.30895973681493,10.9160033170135,2238.19210202169,0.0513454323196739,0.0596097290466951,0.0118531333051416,0.723,GAM,GAM,Data,AIC,BRA,7010.73392676112
173253,2002,6-12m,APW,Seine_Purse_Seine,LatinAmerica,76,1,3.19358193197086,15.136656185057,0.723,2.30895973681493,10.9438024217962,2243.89196624496,0.0513454323196739,0.059458310276512,0.0118531333051416,0.723,GAM,GAM,Data,AIC,BRA,7184.62237307899
173254,2003,6-12m,APW,Seine_Purse_Seine,LatinAmerica,76,1,3.19358193197086,15.1268956096397,0.723,2.30895973681493,10.9367455257695,2242.44503658646,0.0513454323196739,0.0594966755390623,0.0118531333051416,0.723,GAM,GAM,Data,AIC,BRA,7339.38527759892
173255,2004,6-12m,APW,Seine_Purse_Seine,LatinAmerica,76,1,3.19358193197086,15.0600543474191,0.723,2.30895973681493,10.888419293184,2232.53633750016,0,0.0597607405151389,0.0118531333051416,0.723,Data,Data,Data,AIC,BRA,7469.16910691038
173256,2005,6-12m,APW,Seine_Purse_Seine,LatinAmerica,76,1,3.19358193197086,14.9323984271202,0.723,2.30895973681493,10.7961240628079,2213.61233668384,0,0.0602716304679778,0.0118531333051416,0.723,Data,Data,Data,AIC,BRA,7570.26703318585
173257,2006,6-12m,APW,Seine_Purse_Seine,LatinAmerica,76,7,22.7309020676594,103.212775926996,5.061,16.4344421949177,74.6228369952181,15300.4941041777,0.0513454323196739,0.0610389551430731,0.00854100770423963,0.723,GAM,Data,Data,AIC,BRA,53487.335648521
173258,2007,6-12m,APW,Seine_Purse_Seine,LatinAmerica,76,2,6.49454344790268,29.0014638787894,1.446,4.69555491283364,20.9680583843647,4299.24225082173,0.0513454323196739,0.0620658325222145,0.00854100770423963,0.723,GAM,Data,Data,AIC,BRA,15362.9035114083
173259,2008,6-12m,APW,Seine_Purse_Seine,LatinAmerica,76,2,6.49454344790268,28.4155861943582,1.446,4.69555491283364,20.544468818521,4212.39042481572,0.0513454323196739,0.0633455170584297,0.00854100770423963,0.723,GAM,Data,Data,AIC,BRA,15386.7139247583
173260,2009,6-12m,APW,Seine_Purse_Seine,LatinAmerica,76,2,6.49454344790268,27.7486448557526,1.446,4.69555491283364,20.0622702307091,4113.52154034365,0.0513454323196739,0.0648680326321176,0.00854100770423963,0.723,GAM,Data,Data,AIC,BRA,15359.1405585069
173261,2010,6-12m,APW,Seine_Purse_Seine,LatinAmerica,76,2,6.49454344790268,27.0204836376952,1.446,4.69555491283364,19.5358096700536,4005.57728321352,0.0513454323196739,0.0666161281246977,0.00854100770423963,0.723,GAM,Data,Data,AIC,BRA,15288.1216928611
173262,2011,6-12m,APW,Seine_Purse_Seine,LatinAmerica,76,2,6.49454344790268,26.2514286614676,1.446,4.69555491283364,18.9797829222411,3891.57084337238,0.0513454323196739,0.0685676967609034,0.00854100770423963,0.723,GAM,Data,Data,AIC,BRA,15182.7287508132
173263,2012,6-12m,APW,Seine_Purse_Seine,LatinAmerica,76,2,6.49454344790268,25.461655418318,1.446,4.69555491283364,18.4087768674439,3774.49308103223,0.0513454323196739,0.070694539315186,0.00854100770423963,0.723,GAM,Data,Data,AIC,BRA,15052.8731716364
173264,2013,6-12m,APW,Seine_Purse_Seine,LatinAmerica,76,2,6.49454344790268,24.6669176130144,1.446,4.69555491283364,17.8341814342094,3656.67936082946,0.0513454323196739,0.0729722305899424,0.00854100770423963,0.723,GAM,Data,Data,AIC,BRA,14906.7691529329
173265,2014,6-12m,APW,Seine_Purse_Seine,LatinAmerica,76,2,6.49454344790268,23.8783890619088,1.446,4.69555491283364,17.2640752917601,3539.78611443813,0.0513454323196739,0.0753819696686065,0.00854100770423963,0.723,GAM,Data,Data,AIC,BRA,14750.5951518359
173266,2015,6-12m,APW,Seine_Purse_Seine,LatinAmerica,76,370,1177.66910923177,4541.39051995018,267.51,851.45476597457,3283.42534592398,673225.947574689,0.0513454323196739,0.0733255593275101,0.0222722469802288,0.723,GAM,Data,Data,AIC,BRA,2867670.47546339
173267,2016,6-12m,APW,Seine_Purse_Seine,LatinAmerica,76,315,1002.52008689473,3754.99938023643,227.745,724.822022824889,2714.86455191094,556649.555856688,0.0513454323196739,0.0754993466822222,0.0225519304283344,0.723,GAM,Data,Data,AIC,BRA,2423740.62498761
173268,2017,6-12m,APW,Seine_Purse_Seine,LatinAmerica,76,316,1019.38215402706,3644.04325284875,228.468,737.013297361565,2634.64327180965,540201.169911538,0.0513454323196739,0.0780451768177196,0.0236851512853968,0.723,GAM,Data,Data,AIC,BRA,2404338.84132157
173269,1950,Less than 6m,APW,Seine_Purse_Seine,LatinAmerica,76,2,3.85430956092508,19.7707082629057,1.446,2.78666581254883,14.2942220740808,2930.85427162591,0.0513454323196739,0.0910437793155447,0.319404889454886,0.723,GAM,AIC,Data,AIC,BRA,2995.919236456
173270,1951,Less than 6m,APW,Seine_Purse_Seine,LatinAmerica,76,2,3.85430956092508,19.4021033740818,1.446,2.78666581254883,14.0277207394611,2876.2114536456,0.0513454323196739,0.0927734465328393,0.319404889454886,0.723,GAM,GAM,Data,AIC,BRA,3005.33275424028
173271,1952,Less than 6m,APW,Seine_Purse_Seine,LatinAmerica,76,2,3.85430956092508,19.0412744247392,1.446,2.78666581254883,13.7668414090864,2822.72135842776,0.0513454323196739,0.0945314877486018,0.319404889454886,0.723,GAM,GAM,Data,AIC,BRA,3014.91893441178
173272,1953,Less than 6m,APW,Seine_Purse_Seine,LatinAmerica,76,3,5.78146434138762,28.0342081214297,2.169,4.17999871882325,20.2687324717937,4155.85408128755,0.0513454323196739,0.0963109066004288,0.319404889454886,0.723,GAM,GAM,Data,AIC,BRA,4537.36583747501
173273,1954,Less than 6m,APW,Seine_Purse_Seine,LatinAmerica,76,3,5.78146434138762,27.5224403172924,2.169,4.17999871882325,19.8987243494024,4079.98847066344,0.0513454323196739,0.098101766008866,0.319404889454886,0.723,GAM,GAM,Data,AIC,BRA,4553.42637655074
173274,1955,Less than 6m,APW,Seine_Purse_Seine,LatinAmerica,76,3,5.78146434138762,27.0293897882567,2.169,4.17999871882325,19.5422488169096,4006.89755100919,0.0513454323196739,0.0998912672890991,0.319404889454886,0.723,GAM,GAM,Data,AIC,BRA,4571.12921752947
173275,1956,Less than 6m,APW,Seine_Purse_Seine,LatinAmerica,76,3,5.78146434138762,26.5577619594552,2.169,4.17999871882325,19.2012618966861,3936.98238063292,0.0513454323196739,0.101665193178627,0.319404889454886,0.723,GAM,GAM,Data,AIC,BRA,4591.0773260406
173276,1957,Less than 6m,APW,Seine_Purse_Seine,LatinAmerica,76,3,5.78146434138762,26.1101066633078,2.169,4.17999871882325,18.8776071175715,3870.62095242899,0.0513454323196739,0.103408233249168,0.319404889454886,0.723,GAM,GAM,Data,AIC,BRA,4613.89446084474
173277,1958,Less than 6m,APW,Seine_Purse_Seine,LatinAmerica,76,4,7.70861912185016,34.2515466586842,2.892,5.57333162509767,24.7638682342287,5077.52633337603,0,0.105104742739763,0.319404889454886,0.723,Data,GAM,Data,AIC,BRA,6186.9281716128
173278,1959,Less than 6m,APW,Seine_Purse_Seine,LatinAmerica,76,3,5.78146434138762,25.2953041487294,2.169,4.17999871882325,18.2885048995314,3749.83279458317,0,0.106739179103155,0.319404889454886,0.723,Data,GAM,Data,AIC,BRA,4670.57842800619
173279,1960,Less than 6m,APW,Seine_Purse_Seine,LatinAmerica,76,5,9.6357739023127,41.5528785078078,3.615,6.96666453137208,30.042731161145,6159.89219270703,0,0.108295746566738,0.319404889454886,0.723,Data,AIC,Data,AIC,BRA,7842.73885480256
173280,1961,Less than 6m,APW,Seine_Purse_Seine,LatinAmerica,76,5,9.6357739023127,40.9989426084791,3.615,6.96666453137208,29.6422355059304,6077.77548878497,0,0.109758928247806,0.319404889454886,0.723,Data,GAM,Data,AIC,BRA,7909.97612702208
173281,1962,Less than 6m,APW,Seine_Purse_Seine,LatinAmerica,76,5,9.6357739023127,40.4992978637481,3.615,6.96666453137208,29.2809923554899,6003.70702776085,0,0.111113037444238,0.319404889454886,0.723,Data,GAM,Data,AIC,BRA,7987.04051053572
173282,1963,Less than 6m,APW,Seine_Purse_Seine,LatinAmerica,76,6,11.5629286827752,48.0671810267758,4.338,8.35999743764647,34.7525718823589,7125.58705353316,0,0.112342764535992,0.319404889454886,0.723,Data,GAM,Data,AIC,BRA,9689.98094235476
173283,1964,Less than 6m,APW,Seine_Purse_Seine,LatinAmerica,76,5,9.6357739023127,39.6709538906285,3.615,6.96666453137208,28.6820996629244,5880.91145363625,0,0.11343311815507,0.319404889454886,0.723,Data,GAM,Data,AIC,BRA,8174.90641736203
173284,1965,Less than 6m,APW,Seine_Purse_Seine,LatinAmerica,76,6,11.5629286827752,47.2150744780202,4.338,8.35999743764647,34.1364988476086,6999.26886173694,0,0.114370252714815,0.319404889454886,0.723,Data,GAM,Data,AIC,BRA,9945.50184336487
173285,1966,Less than 6m,APW,Seine_Purse_Seine,LatinAmerica,76,6,11.5629286827752,46.8988236865266,4.338,8.35999743764647,33.9078495253587,6952.38713292739,0.0513454323196739,0.115141480649788,0.319404889454886,0.723,GAM,GAM,Data,AIC,BRA,10098.2035511052
173286,1967,Less than 6m,APW,Seine_Purse_Seine,LatinAmerica,76,6,11.5629286827752,46.6581864221921,4.338,8.35999743764647,33.7338687832449,6916.71452349385,0.0513454323196739,0.115735317081068,0.319404889454886,0.723,GAM,GAM,Data,AIC,BRA,10269.4260579478
173287,1968,Less than 6m,APW,Seine_Purse_Seine,LatinAmerica,76,6,11.5629286827752,46.4950286054593,4.338,8.35999743764647,33.6159056817471,6892.52764168053,0.0513454323196739,0.116141449139058,0.319404889454886,0.723,GAM,GAM,Data,AIC,BRA,10460.6992017295
173288,1969,Less than 6m,APW,Seine_Purse_Seine,LatinAmerica,76,8,15.4172382437003,61.8819398198134,5.784,11.1466632501953,44.7406424897251,9173.51797647448,0.0513454323196739,0.116350586632624,0.319404889454886,0.723,GAM,GAM,Data,AIC,BRA,14231.6085800845
173289,1970,Less than 6m,APW,Seine_Purse_Seine,LatinAmerica,76,8,15.4172382437003,61.8796121477114,5.784,11.1466632501953,44.7389595827953,9173.17291712546,0.0513454323196739,0.116354963292482,0.319404889454886,0.723,GAM,AIC,Data,AIC,BRA,14547.0030884698
173290,1971,Less than 6m,APW,Seine_Purse_Seine,LatinAmerica,76,9,17.3443930241629,69.7384560245404,6.507,12.5399961564698,50.4209037057427,10338.1856136944,0.0513454323196739,0.116148255377918,0.319404889454886,0.723,GAM,GAM,Data,AIC,BRA,16758.4617624874
173291,1972,Less than 6m,APW,Seine_Purse_Seine,LatinAmerica,76,9,17.3443930241629,69.9932558970699,6.507,12.5399961564698,50.6051240135815,10375.9577200288,0.0513454323196739,0.115725435203523,0.319404889454886,0.723,GAM,GAM,Data,AIC,BRA,17193.0884543595
173292,1973,Less than 6m,APW,Seine_Purse_Seine,LatinAmerica,76,11,31.8683352070383,86.0254058964012,7.953,23.0408063546887,62.1963684630981,12752.59970392,0.0513454323196739,0.115082281761302,0.103935773110038,0.723,GAM,GAM,Data,AIC,BRA,21600.3261326874
173293,1974,Less than 6m,APW,Seine_Purse_Seine,LatinAmerica,76,12,34.7654565894964,94.5594017766097,8.676,25.1354251142059,68.3664474844888,14017.6984523788,0.0513454323196739,0.11421392053129,0.103935773110038,0.723,GAM,GAM,Data,AIC,BRA,24270.2455686721
173294,1975,Less than 6m,APW,Seine_Purse_Seine,LatinAmerica,76,13,37.6625779719544,103.434369777205,9.399,27.230043873723,74.7830493489192,15333.3436750586,0.0513454323196739,0.113115205566598,0.103935773110038,0.723,GAM,GAM,Data,AIC,BRA,27137.5229563206
173295,1976,Less than 6m,APW,Seine_Purse_Seine,LatinAmerica,76,12,34.7654565894964,96.6190989578647,8.676,25.1354251142059,69.8556085465362,14323.0325962883,0.0513454323196739,0.111779142182953,0.103935773110038,0.723,GAM,GAM,Data,AIC,BRA,25912.1942611157
173296,1977,Less than 6m,APW,Seine_Purse_Seine,LatinAmerica,76,13,37.6625779719544,106.171237781455,9.399,27.230043873723,76.761804915992,15739.0631452197,0.0513454323196739,0.110199336887109,0.103935773110038,0.723,GAM,GAM,Data,AIC,BRA,29106.0965053466
173297,1978,Less than 6m,APW,Seine_Purse_Seine,LatinAmerica,76,12,34.7654565894964,99.6593530807089,8.676,25.1354251142059,72.0537122773525,14773.7267072061,0.0513454323196739,0.10836915619203,0.103935773110038,0.723,GAM,GAM,Data,AIC,BRA,27927.4333972257
173298,1979,Less than 6m,APW,Seine_Purse_Seine,LatinAmerica,76,13,37.6625779719544,110.083114482785,9.399,27.230043873723,79.5900917710536,16318.9685480867,0.0513454323196739,0.10628333014533,0.103935773110038,0.723,GAM,GAM,Data,AIC,BRA,31533.3089484839
173299,1980,Less than 6m,APW,Seine_Purse_Seine,LatinAmerica,76,14,40.5596993544124,121.225603806162,10.122,29.3246626332402,87.6461115518551,17970.7562329637,0.0513454323196739,0.103938438781854,0.103935773110038,0.723,GAM,AIC,Data,AIC,BRA,35495.9717637805
173300,1981,Less than 6m,APW,Seine_Purse_Seine,LatinAmerica,76,17,49.2510635017865,150.986430388006,12.291,35.6085189117916,109.163189170528,22382.5681192465,0.0513454323196739,0.101333609654072,0.103935773110038,0.723,GAM,GAM,Data,AIC,BRA,45191.6822957249
173301,1982,Less than 6m,APW,Seine_Purse_Seine,LatinAmerica,76,22,63.7366704140767,201.072808615832,15.906,46.0816127093775,145.375640629247,29807.4855085096,0.0513454323196739,0.0984717930599441,0.103935773110038,0.723,GAM,GAM,Data,AIC,BRA,61519.077123548
173302,1983,Less than 6m,APW,Seine_Purse_Seine,LatinAmerica,76,24,46.251714731101,226.507976422096,17.352,33.439989750586,163.765266953175,33578.0520063409,0.0513454323196739,0.0953608801826413,0.319404889454886,0.723,GAM,GAM,Data,AIC,BRA,70839.5582562904
173303,1984,Less than 6m,APW,Seine_Purse_Seine,LatinAmerica,76,26,50.106024292026,254.306580876307,18.798,36.2266555631348,183.86365797357,37698.9796699557,0.0513454323196739,0.0920149212000989,0.319404889454886,0.723,GAM,GAM,Data,AIC,BRA,81299.1153058566
173304,1985,Less than 6m,APW,Seine_Purse_Seine,LatinAmerica,76,28,53.9603338529511,284.888438622491,20.244,39.0133213756836,205.974341124061,42232.5030631376,0.0513454323196739,0.0884556780255752,0.319404889454886,0.723,GAM,GAM,Data,AIC,BRA,93097.693702446
173305,1986,Less than 6m,APW,Seine_Purse_Seine,LatinAmerica,76,2,5.79424276491606,21.2490184250214,1.446,4.18923751903431,15.3630403212905,3150.00229585497,0.0513454323196739,0.0847097952477859,0.103935773110038,0.723,GAM,GAM,Data,AIC,BRA,7098.04661397805
173306,1987,Less than 6m,APW,Seine_Purse_Seine,LatinAmerica,76,39,112.987733915863,434.347077122193,28.197,81.6901316211689,314.032936759346,64388.5878757444,0.0513454323196739,0.0808109501566311,0.103935773110038,0.723,GAM,GAM,Data,AIC,BRA,148310.791952102
173307,1988,Less than 6m,APW,Seine_Purse_Seine,LatinAmerica,76,3,8.69136414737409,35.1576225872685,2.169,6.28385627855147,25.4189611305951,5211.84506745452,0.0513454323196739,0.0767970016544222,0.103935773110038,0.723,GAM,GAM,Data,AIC,BRA,12271.3184627251
173308,1989,Less than 6m,APW,Seine_Purse_Seine,LatinAmerica,76,47,136.164704975527,581.759469885626,33.981,98.447081697306,420.612096727308,86241.3326169088,0.0513454323196739,0.0727104622952094,0.103935773110038,0.723,GAM,GAM,Data,AIC,BRA,207563.538251897
173309,1990,Less than 6m,APW,Seine_Purse_Seine,LatinAmerica,76,62,179.621525712398,813.48279966516,44.826,129.866363090064,588.148064157911,120592.520338087,0.0513454323196739,0.0685939518610202,0.103935773110038,0.723,GAM,AIC,Data,AIC,BRA,296682.448871274
173310,1991,Less than 6m,APW,Seine_Purse_Seine,LatinAmerica,76,68,197.004254007146,948.942537771342,49.164,142.434075647167,686.08545480868,140673.376662628,0.0513454323196739,0.0644928407822589,0.103935773110038,0.723,GAM,GAM,Data,AIC,BRA,353768.591164482
173311,1992,Less than 6m,APW,Seine_Purse_Seine,LatinAmerica,76,62,119.483596388677,923.031885110007,44.826,86.3866401890135,667.352052934535,136832.323220169,0.0513454323196739,0.060452949567771,0.319404889454886,0.723,GAM,GAM,Data,AIC,BRA,351748.243353286
173312,1993,Less than 6m,APW,Seine_Purse_Seine,LatinAmerica,76,67,129.11937029099,1066.90171738144,48.441,93.3533047203858,771.369941666781,158159.910824199,0.0513454323196739,0.0565187955156709,0.319404889454886,0.723,GAM,GAM,Data,AIC,BRA,415599.986281103
173313,1994,Less than 6m,APW,Seine_Purse_Seine,LatinAmerica,76,63,182.518647094856,1075.18287868477,45.549,131.960981849581,777.357221289089,159387.528806173,0.0513454323196739,0.0527352147472426,0.103935773110038,0.723,GAM,GAM,Data,AIC,BRA,428123.75606813
173314,1995,Less than 6m,APW,Seine_Purse_Seine,LatinAmerica,76,69,199.901375389604,1263.71062164487,49.887,144.528694406684,913.662779449241,187335.305558879,0.0513454323196739,0.0491409971051518,0.103935773110038,0.723,GAM,GAM,Data,AIC,BRA,514363.922294
173315,1996,Less than 6m,APW,Seine_Purse_Seine,LatinAmerica,76,74,214.386982301894,1454.90338595923,53.502,155.001788204269,1051.89514804852,215678.151072718,0.0513454323196739,0.0457762354825301,0.103935773110038,0.723,GAM,GAM,Data,AIC,BRA,605330.97125914
173316,1997,Less than 6m,APW,Seine_Purse_Seine,LatinAmerica,76,81,234.6668319791,1708.13021262421,58.563,169.664119520889,1234.9781437273,253217.065549233,0.0513454323196739,0.0426782451719552,0.103935773110038,0.723,GAM,GAM,Data,AIC,BRA,726466.49827292
173317,1998,Less than 6m,APW,Seine_Purse_Seine,LatinAmerica,76,87,252.049560273849,1963.98116107507,62.901,182.231832077993,1419.95837945728,291144.985742849,0.0513454323196739,0.0398679995266039,0.103935773110038,0.723,GAM,GAM,Data,AIC,BRA,853822.924419593
173318,1999,Less than 6m,APW,Seine_Purse_Seine,LatinAmerica,76,94,181.152549363479,2264.78015555632,67.962,130.973293189795,1637.43605246722,335736.105400924,0.0513454323196739,0.0373546190752536,0.319404889454886,0.723,GAM,GAM,Data,AIC,BRA,1006450.50255397
173319,2000,Less than 6m,APW,Seine_Purse_Seine,LatinAmerica,76,100,192.715478046254,2561.23343836715,72.3,139.333290627442,1851.77177593945,379683.006984305,0.0513454323196739,0.0351393194590562,0.319404889454886,0.723,GAM,GAM,Data,AIC,BRA,1163459.87431089
173320,2001,Less than 6m,APW,Seine_Purse_Seine,LatinAmerica,76,107,206.205561509492,2897.31512075596,77.361,149.086620971363,2094.75883230656,429504.511674279,0.0513454323196739,0.0332376686643853,0.319404889454886,0.723,GAM,GAM,Data,AIC,BRA,1345345.58002057
173321,2002,Less than 6m,APW,Seine_Purse_Seine,LatinAmerica,76,114,219.69564497273,3237.6387039557,82.422,158.839951315284,2340.81278295997,479954.845283592,0.0513454323196739,0.0316897620091596,0.319404889454886,0.723,GAM,GAM,Data,AIC,BRA,1536747.03210543
173322,2003,Less than 6m,APW,Seine_Purse_Seine,LatinAmerica,76,140,269.801669264756,4126.82736352635,101.22,195.066606878419,2983.69618382955,611770.172611726,0.0513454323196739,0.0305319289858381,0.319404889454886,0.723,GAM,GAM,Data,AIC,BRA,2002286.31020341
173323,2004,Less than 6m,APW,Seine_Purse_Seine,LatinAmerica,76,151,291.000371849844,4563.82223401123,109.173,210.393268847437,3299.64347519012,676551.275332371,0,0.0297776716602205,0.319404889454886,0.723,Data,Data,Data,AIC,BRA,2263468.59402596
173324,2005,Less than 6m,APW,Seine_Purse_Seine,LatinAmerica,76,130,250.53012146013,3977.8789354927,93.99,181.133277815674,2876.00647036122,589689.722546441,0,0.029412659836393,0.319404889454886,0.723,Data,Data,Data,AIC,BRA,2016662.35429886
173325,2006,Less than 6m,APW,Seine_Purse_Seine,LatinAmerica,76,161,466.436542575743,4926.84006435017,116.403,337.233620282262,3562.10536652517,730365.8551935,0.0513454323196739,0.0294103315933622,0.103935773110038,0.723,GAM,Data,Data,AIC,BRA,2553206.67273662
173326,2007,Less than 6m,APW,Seine_Purse_Seine,LatinAmerica,76,199,576.527155109148,6021.12014210213,143.877,416.829133143914,4353.26986273984,892584.395752913,0.0513454323196739,0.0297452958541152,0.103935773110038,0.723,GAM,Data,Data,AIC,BRA,3189559.26363995
173327,2008,Less than 6m,APW,Seine_Purse_Seine,LatinAmerica,76,205,593.909883403896,6069.47976577721,148.215,429.396845701017,4388.23387065692,899753.33516255,0.0513454323196739,0.0303979924342617,0.103935773110038,0.723,GAM,Data,Data,AIC,BRA,3286553.66070419
173328,2009,Less than 6m,APW,Seine_Purse_Seine,LatinAmerica,76,210,608.395490316186,6029.78011998298,151.83,439.869939498602,4359.53102674769,893868.170356572,0.0513454323196739,0.0313444265361593,0.103935773110038,0.723,GAM,Data,Data,AIC,BRA,3337541.01798991
173329,2010,Less than 6m,APW,Seine_Purse_Seine,LatinAmerica,76,214,619.983975846018,5915.40722318605,154.722,448.248414536671,4276.83942236351,876913.274827391,0.0513454323196739,0.0325590433140569,0.103935773110038,0.723,GAM,Data,Data,AIC,BRA,3346922.53119907
173330,2011,Less than 6m,APW,Seine_Purse_Seine,LatinAmerica,76,216,625.778218610934,5717.43851613103,156.168,452.437652055705,4133.70804716274,847565.948317643,0.0513454323196739,0.0340012401447824,0.103935773110038,0.723,GAM,Data,Data,AIC,BRA,3306727.38841392
173331,2012,Less than 6m,APW,Seine_Purse_Seine,LatinAmerica,76,218,631.57246137585,5507.66597337234,157.614,456.62688957474,3982.0424987482,816468.794647756,0.0513454323196739,0.0356230753550704,0.103935773110038,0.723,GAM,Data,Data,AIC,BRA,3256119.68298283
173332,2013,Less than 6m,APW,Seine_Purse_Seine,LatinAmerica,76,220,637.366704140767,5296.63882818228,159.06,460.816127093774,3829.46987277579,785185.655890922,0.0513454323196739,0.0373821977338694,0.103935773110038,0.723,GAM,Data,Data,AIC,BRA,3200877.12363853
173333,2014,Less than 6m,APW,Seine_Purse_Seine,LatinAmerica,76,220,637.366704140767,5044.70904685664,159.06,460.816127093774,3647.32464087735,747839.018333513,0.0513454323196739,0.0392490425435683,0.103935773110038,0.723,GAM,Data,Data,AIC,BRA,3116309.92426077
173334,2015,Less than 6m,APW,Seine_Purse_Seine,LatinAmerica,76,184,354.596479605107,4018.55845487386,133.032,256.373254754492,2905.4177628738,595720.146017393,0.0513454323196739,0.0412088070534732,0.319404889454886,0.723,GAM,Data,Data,AIC,BRA,2537527.08214398
173335,2016,Less than 6m,APW,Seine_Purse_Seine,LatinAmerica,76,157,302.563300532619,3266.97136797903,113.511,218.753266285084,2362.02029904884,484303.185388951,0.0513454323196739,0.0432510677580286,0.319404889454886,0.723,GAM,Data,Data,AIC,BRA,2108733.03120054
173336,2017,Less than 6m,APW,Seine_Purse_Seine,LatinAmerica,76,157,454.848057045911,3113.85360397996,113.511,328.855145244194,2251.31615567751,461604.663580277,0.0513454323196739,0.0453778558566139,0.103935773110038,0.723,GAM,Data,Data,AIC,BRA,2054519.84149346
173337,1950,12-24m,I,Seine_Purse_Seine,LatinAmerica,76,8,373.285554191193,1991.35333981778,5.784,269.885455680233,1439.74846468825,284523.441837138,0.14914754311586,0.0015089332204579,0.00126695615618626,0.723,GAM,AIC,Data,AIC,BRA,287368.676255509
173338,1951,12-24m,I,Seine_Purse_Seine,LatinAmerica,76,9,396.605833377133,2274.1363363587,6.507,286.746017531667,1644.20057118734,325027.366491116,0.14914754311586,0.00142053396313704,0.00122557220192838,0.723,GAM,GAM,Data,AIC,BRA,331560.416557587
173339,1952,12-24m,I,Seine_Purse_Seine,LatinAmerica,76,10,419.832183765645,2451.49852966047,7.23,303.538668862561,1772.43343694452,350431.52799246,0.14914754311586,0.00160554345205633,0.00117617590730435,0.723,GAM,GAM,Data,AIC,BRA,361049.953722159
173340,1953,12-24m,I,Seine_Purse_Seine,LatinAmerica,76,12,528.776468237035,2996.99137571929,8.676,382.305386535377,2166.82476464504,428329.386126237,0.14914754311586,0.00148879066999167,0.00122223738261125,0.723,GAM,GAM,Data,AIC,BRA,445721.276803801
173341,1954,12-24m,I,Seine_Purse_Seine,LatinAmerica,76,13,552.096747422975,3279.7898274458,9.399,399.165948386811,2371.28804524331,468835.524476513,0.14914754311586,0.00142984135840749,0.00119439758197122,0.723,GAM,GAM,Data,AIC,BRA,492750.84806872
173342,1955,12-24m,I,Seine_Purse_Seine,LatinAmerica,76,15,661.041031894364,3825.317762587,10.845,477.932666059625,2765.7047423504,546738.408533229,0.14914754311586,0.00141273251655762,0.00122823977307093,0.723,GAM,GAM,Data,AIC,BRA,580373.837765544
173343,1956,12-24m,I,Seine_Purse_Seine,LatinAmerica,76,17,707.587661468816,4285.55576119807,12.291,511.585879241954,3098.45681534621,612659.787989096,0.14914754311586,0.00149254742396742,0.00117692407755389,0.723,GAM,GAM,Data,AIC,BRA,656854.217517496
173344,1957,12-24m,I,Seine_Purse_Seine,LatinAmerica,76,19,816.531945940206,4831.17426142815,13.737,590.352596914769,3492.93899101255,690575.64397687,0.14914754311586,0.00143165549684809,0.00120665312304043,0.723,GAM,GAM,Data,AIC,BRA,747794.466823783
173345,1958,12-24m,I,Seine_Purse_Seine,LatinAmerica,76,21,925.382301614168,5271.50630291746,15.183,669.051404067043,3811.29905700932,753410.979409714,0,0.00151054039611191,0.00122366663924619,0.723,Data,GAM,Data,AIC,BRA,823994.492459105
173346,1959,12-24m,I,Seine_Purse_Seine,LatinAmerica,76,25,1080.87321566001,6277.64629378361,18.075,781.471334922188,4538.73827040555,897288.820334451,0,0.0015079884533189,0.00120801715478103,0.723,Data,GAM,Data,AIC,BRA,991165.083825554
173347,1960,12-24m,I,Seine_Purse_Seine,LatinAmerica,76,27,1189.8175001314,6823.65638822721,19.521,860.238052595002,4933.50356868827,975260.765629977,0,0.00146225390406377,0.00122557220192838,0.723,Data,AIC,Data,AIC,BRA,1088067.56595795
173348,1961,12-24m,I,Seine_Purse_Seine,LatinAmerica,76,32,1430.93241946269,8093.04584577032,23.136,1034.56413927153,5851.27214649194,1156609.83114826,0,0.00145604232966673,0.00123760030755126,0.723,Data,GAM,Data,AIC,BRA,1303296.90783457
173349,1962,12-24m,I,Seine_Purse_Seine,LatinAmerica,76,37,1672.04733879399,9362.88527645781,26.751,1208.89022594805,6769.366054879,1338023.34777768,0,0.00145185166570973,0.00124615942560461,0.723,Data,GAM,Data,AIC,BRA,1522795.38116863
173350,1963,12-24m,I,Seine_Purse_Seine,LatinAmerica,76,51,2309.67416270498,12803.8802259617,36.873,1669.8944196357,9257.2054033703,1829713.95480113,0,0.00150143385289307,0.00124563741183879,0.723,Data,GAM,Data,AIC,BRA,2103209.00864493
173351,1964,12-24m,I,Seine_Purse_Seine,LatinAmerica,76,62,2877.43407785559,15502.949975566,44.826,2080.38483828959,11208.6328323342,2215136.21201851,0,0.00152315308701824,0.00126376581370386,0.723,Data,GAM,Data,AIC,BRA,2571704.37406939
173352,1965,12-24m,I,Seine_Purse_Seine,LatinAmerica,76,70,3313.02335814629,17479.9217205143,50.61,2395.31588793977,12637.9834039318,2497364.88213388,0,0.00152897890976295,0.00127845998999931,0.723,Data,GAM,Data,AIC,BRA,2928356.72937258
173353,1966,12-24m,I,Seine_Purse_Seine,LatinAmerica,76,74,3593.12172439115,18451.4942135805,53.502,2597.8270067348,13340.4303164187,2635821.80976878,0.14914754311586,0.00152795670255503,0.00129730613705534,0.723,GAM,GAM,Data,AIC,BRA,3121615.4496186
173354,1967,12-24m,I,Seine_Purse_Seine,LatinAmerica,76,84,4137.56136035583,20873.4436998871,60.732,2991.45686353726,15091.4997950184,2981551.23395872,0.14914754311586,0.00154537321011342,0.00130696127796407,0.723,GAM,GAM,Data,AIC,BRA,3566374.98213018
173355,1968,12-24m,I,Seine_Purse_Seine,LatinAmerica,76,92,4573.0567118491,22752.6109426883,66.516,3306.3200026669,16450.1377115636,3249771.04839942,0.14914754311586,0.00157213019867922,0.00131233715508337,0.723,GAM,GAM,Data,AIC,BRA,3926077.4904636
173356,1969,12-24m,I,Seine_Purse_Seine,LatinAmerica,76,100,5070.94971823932,24717.7245738052,72.3,3666.29664628702,17870.9148668612,3530066.39315678,0.14914754311586,0.00157232267616396,0.00132653371837934,0.723,GAM,GAM,Data,AIC,BRA,4307351.85328495
173357,1970,12-24m,I,Seine_Purse_Seine,LatinAmerica,76,108,5568.7487958321,26582.6738667543,78.084,4026.20537938661,19219.2732056634,3796014.87528169,0.14914754311586,0.00159416102963681,0.00133724367361419,0.723,GAM,AIC,Data,AIC,BRA,4678178.13773617
173358,1971,12-24m,I,Seine_Purse_Seine,LatinAmerica,76,114,5957.69751775093,28007.734591819,82.422,4307.41530533393,20249.5921098852,3999191.54213481,0.14914754311586,0.00160400266433773,0.00134610287893904,0.723,GAM,GAM,Data,AIC,BRA,4977857.13867694
173359,1972,12-24m,I,Seine_Purse_Seine,LatinAmerica,76,120,6346.64623966976,29435.5097071958,86.76,4588.62523128123,21281.8735183026,4202756.99990542,0.14914754311586,0.00162222883399982,0.00135387622680211,0.723,GAM,GAM,Data,AIC,BRA,5283550.67538609
173360,1973,12-24m,I,Seine_Purse_Seine,LatinAmerica,76,123,6284.39297256993,30138.962649878,88.929,4543.61611916806,21790.4699958618,4302810.2957808,0.14914754311586,0.0016256201943681,0.00167940448499336,0.723,GAM,GAM,Data,AIC,BRA,5463427.31861274
173361,1974,12-24m,I,Seine_Purse_Seine,LatinAmerica,76,126,6468.2987845975,30864.3724973995,91.098,4676.58002126399,22314.9413156199,4406243.39956471,0.14914754311586,0.00162774291593725,0.00168413181749365,0.723,GAM,GAM,Data,AIC,BRA,5650707.51343529
173362,1975,12-24m,I,Seine_Purse_Seine,LatinAmerica,76,128,6628.94723130019,31308.870763345,92.544,4792.72884823004,22636.3135618984,4469440.62752241,0.14914754311586,0.00162982044123989,0.00169274089522638,0.723,GAM,GAM,Data,AIC,BRA,5789079.1832867
173363,1976,12-24m,I,Seine_Purse_Seine,LatinAmerica,76,128,6686.04839482394,31309.3555144104,92.544,4834.01298945771,22636.6640369187,4469275.21068757,0.14914754311586,0.00162753666620066,0.0017013649537128,0.723,GAM,GAM,Data,AIC,BRA,5846761.64073929
173364,1977,12-24m,I,Seine_Purse_Seine,LatinAmerica,76,127,6662.79102949906,31047.981390538,91.821,4817.19791432782,22447.690545359,4431837.74821873,0.14914754311586,0.00162741466833577,0.00170553160160532,0.723,GAM,GAM,Data,AIC,BRA,5855763.33968524
173365,1978,12-24m,I,Seine_Purse_Seine,LatinAmerica,76,126,6639.53366417418,30787.4973978302,91.098,4800.38283919793,22259.3606186312,4394527.78212012,0.14914754311586,0.0016297210501771,0.00170972743987691,0.723,GAM,GAM,Data,AIC,BRA,5864530.5413158
173366,1979,12-24m,I,Seine_Purse_Seine,LatinAmerica,76,124,6535.91777000067,30265.2505786487,89.652,4725.46854771048,21881.776168363,4319959.52772016,0.14914754311586,0.00163368060378354,0.00170960826246842,0.723,GAM,GAM,Data,AIC,BRA,5822668.8286162
173367,1980,12-24m,I,Seine_Purse_Seine,LatinAmerica,76,121,6409.11312149686,29558.2155097244,87.483,4633.78878684223,21370.5898135308,4218923.45369853,0.14914754311586,0.0016310138578183,0.0017145503779626,0.723,GAM,AIC,Data,AIC,BRA,5743351.96100872
173368,1981,12-24m,I,Seine_Purse_Seine,LatinAmerica,76,118,6225.20730946928,28870.949261285,85.314,4500.82488474629,20873.696315909,4120953.78117516,0.14914754311586,0.00161944146374196,0.00171067672944276,0.723,GAM,GAM,Data,AIC,BRA,5666082.62095532
173369,1982,12-24m,I,Seine_Purse_Seine,LatinAmerica,76,114,6018.04413211683,27900.5172027394,82.422,4351.04590752046,20172.0739375806,3982425.35237077,0.14914754311586,0.00162011365971661,0.00171120039127468,0.723,GAM,GAM,Data,AIC,BRA,5530369.86078597
173370,1983,12-24m,I,Seine_Purse_Seine,LatinAmerica,76,109,6090.31102621928,26741.6607300527,78.807,4403.29487195654,19334.2207078281,3816908.28433877,0.14914754311586,0.00160346594062048,0.00138891506765371,0.723,GAM,GAM,Data,AIC,BRA,5353522.48844297
173371,1984,12-24m,I,Seine_Purse_Seine,LatinAmerica,76,104,5786.89238078848,25506.8142711141,75.192,4183.92319131007,18441.4267180155,3640741.77371094,0.14914754311586,0.00160754297350295,0.00138588736661329,0.723,GAM,GAM,Data,AIC,BRA,5157499.06031271
173372,1985,12-24m,I,Seine_Purse_Seine,LatinAmerica,76,99,5545.87139025461,24344.3949226443,71.577,4009.66501515408,17600.9975290718,3474714.38343881,0.14914754311586,0.00159120794988964,0.00139070501086998,0.723,GAM,GAM,Data,AIC,BRA,4971526.5882936
173373,1986,12-24m,I,Seine_Purse_Seine,LatinAmerica,76,95,5005.55422167402,23390.1014704283,68.685,3619.01570227031,16911.0433631197,3338732.38879935,0.14914754311586,0.00158686563583213,0.0017097663433483,0.723,GAM,GAM,Data,AIC,BRA,4824743.58682487
173374,1987,12-24m,I,Seine_Purse_Seine,LatinAmerica,76,90,4775.20228999126,22223.3525119878,65.07,3452.47125566368,16067.4838661672,3172084.85446558,0.14914754311586,0.00156718554534408,0.00171718641578988,0.723,GAM,GAM,Data,AIC,BRA,4629769.78772344
173375,1988,12-24m,I,Seine_Purse_Seine,LatinAmerica,76,86,4510.93794911505,21266.0926968998,62.178,3261.40813721018,15375.3850198585,3035677.97806261,0.14914754311586,0.00156466569886904,0.00170571097143778,0.723,GAM,GAM,Data,AIC,BRA,4474992.1025181
173376,1989,12-24m,I,Seine_Purse_Seine,LatinAmerica,76,81,4223.41624291397,20024.7093942445,58.563,3053.5299436268,14477.8648920388,2858575.1741335,0.14914754311586,0.00156973776701384,0.00169933343593659,0.723,GAM,GAM,Data,AIC,BRA,4256058.26288412
173377,1990,12-24m,I,Seine_Purse_Seine,LatinAmerica,76,77,4016.32167655609,19133.062109932,55.671,2903.80057215005,13833.2039054809,2731331.34376131,0.14914754311586,0.0015355826779045,0.00170065674878782,0.723,GAM,GAM,Data,AIC,BRA,4107274.31409656
173378,1991,12-24m,I,Seine_Purse_Seine,LatinAmerica,76,72,3728.799970355,17887.4823104769,52.056,2695.92237856667,12932.6497104748,2553627.46200126,0.14914754311586,0.00154045141156693,0.00169304352577478,0.723,GAM,GAM,Data,AIC,BRA,3878450.3357567
173379,1992,12-24m,I,Seine_Purse_Seine,LatinAmerica,76,69,3725.64130406208,17185.5119253938,49.887,2693.63866283688,12425.1251220597,2453551.6683532,0,0.00152926053637563,0.00136761007849571,0.723,Data,GAM,Data,AIC,BRA,3763719.73510494
173380,1993,12-24m,I,Seine_Purse_Seine,LatinAmerica,76,66,3531.16694310267,16481.4766525357,47.718,2553.03369986323,11916.1076197833,2353180.11414006,0.14914754311586,0.00151157733355614,0.00136180895214495,0.723,GAM,GAM,Data,AIC,BRA,3645848.44720547
173381,1994,12-24m,I,Seine_Purse_Seine,LatinAmerica,76,62,3153.82516894741,15492.4828584023,44.826,2280.21559714898,11201.0651066249,2211993.02781774,0.14914754311586,0.00144688008309687,0.00167508421356139,0.723,GAM,GAM,Data,AIC,BRA,3461374.33773623
173382,1995,12-24m,I,Seine_Purse_Seine,LatinAmerica,76,59,2969.91935691983,14784.1049142039,42.657,2147.25169505304,10688.9078529694,2110999.45872069,0.14914754311586,0.00144054226737021,0.00166452085532785,0.723,GAM,GAM,Data,AIC,BRA,3336370.79959768
173383,1996,12-24m,I,Seine_Purse_Seine,LatinAmerica,76,42,2060.90811866138,10503.1792326311,30.366,1490.03656979218,7593.79858519229,1499942.24923622,0,0.00143340283186118,0.00163637347140335,0.723,Data,GAM,Data,AIC,BRA,2394319.49438396
173384,1997,12-24m,I,Seine_Purse_Seine,LatinAmerica,76,69,3373.59066775617,17336.0818838622,49.887,2439.10605278771,12533.9872020324,2475822.83916822,0,0.00140713830535754,0.00163346300889478,0.723,Data,Data,Data,AIC,BRA,3991613.67738981
173385,1998,12-24m,I,Seine_Purse_Seine,LatinAmerica,76,53,2544.93795834636,13312.7883795332,38.319,1839.99014388442,9625.14599840248,1901432.2717149,0.14914754311586,0.001400302346456,0.00161327482375333,0.723,GAM,Data,Data,AIC,BRA,3126793.15901033
173386,1999,12-24m,I,Seine_Purse_Seine,LatinAmerica,76,50,2473.07720422272,12597.9522501625,36.15,1788.03481865303,9108.31947686751,1799513.6758347,0.14914754311586,0.00142024595330793,0.00130677646823845,0.723,GAM,GAM,Data,AIC,BRA,2988785.98317438
173387,2000,12-24m,I,Seine_Purse_Seine,LatinAmerica,76,46,2255.28256407737,11598.4092962774,33.258,1630.56929382794,8385.64992120857,1656815.59918774,0.14914754311586,0.00141543701784869,0.00130013712962098,0.723,GAM,GAM,Data,AIC,BRA,2779298.64002432
173388,2001,12-24m,I,Seine_Purse_Seine,LatinAmerica,76,44,2084.03455350647,11084.4132144178,31.812,1506.75698218518,8014.03075402408,1583663.97392244,0.14914754311586,0.00141115675329226,0.00127322945215377,0.723,GAM,GAM,Data,AIC,BRA,2683153.08139744
173389,2002,12-24m,I,Seine_Purse_Seine,LatinAmerica,76,42,1975.18419783251,10627.7705601737,30.366,1428.0581750329,7683.87811500561,1518492.41658743,0.14914754311586,0.00136702323871628,0.00126892749910509,0.723,GAM,GAM,Data,AIC,BRA,2598462.26881032
173390,2003,12-24m,I,Seine_Purse_Seine,LatinAmerica,76,38,1757.38955768716,9624.01525083057,27.474,1270.59265020781,6958.1630263505,1375190.99062253,0.14914754311586,0.00135447606124604,0.00125571649126012,0.723,GAM,GAM,Data,AIC,BRA,2376775.59738286
173391,2004,12-24m,I,Seine_Purse_Seine,LatinAmerica,76,43,1936.10682212151,10877.022341988,31.089,1399.80523239385,7864.0871532573,1554428.4060339,0,0.00137747257058246,0.00123333298175797,0.723,Data,Data,Data,AIC,BRA,2713421.48386554
173392,2005,12-24m,I,Seine_Purse_Seine,LatinAmerica,76,25,1080.68535806515,6312.65104029215,18.075,781.335513881106,4564.04670213122,902302.663572755,0,0.0013667598651625,0.00119822379387882,0.723,Data,GAM,Data,AIC,BRA,1590816.72530653
173393,2006,12-24m,I,Seine_Purse_Seine,LatinAmerica,76,31,1291.37246135765,7903.80647006325,22.413,933.662289561581,5714.45207785573,1129739.31163581,0.14914754311586,0.00133839649767686,0.00144617817795843,0.723,GAM,GAM,Data,AIC,BRA,2011719.95538726
173394,2007,12-24m,I,Seine_Purse_Seine,LatinAmerica,76,29,1187.75656718413,7367.97684448237,20.967,858.74799807413,5327.04725856075,1053225.54787454,0.14914754311586,0.00132839506567364,0.00142253122289173,0.723,GAM,GAM,Data,AIC,BRA,1894227.08288882
173395,2008,12-24m,I,Seine_Purse_Seine,LatinAmerica,76,25,980.593389831681,6358.68982812744,18.075,708.969020848305,4597.33274573614,909131.79759469,0,0.00132353958446106,0.00136487050515849,0.723,Data,GAM,Data,AIC,BRA,1651425.08853729
173396,2009,12-24m,I,Seine_Purse_Seine,LatinAmerica,76,25,980.593389831681,6368.62058959326,18.075,708.969020848305,4604.51268627593,910554.212729577,0.14914754311586,0.00133334413069677,0.00136487050515849,0.723,GAM,GAM,Data,AIC,BRA,1670548.9744247
173397,2010,12-24m,I,Seine_Purse_Seine,LatinAmerica,76,22,853.788741327862,5619.68307957893,15.906,617.289259980044,4063.03086653557,803516.316330043,0.14914754311586,0.00134113830786143,0.00135076892206522,0.723,GAM,GAM,Data,AIC,BRA,1488913.5350836
173398,2011,12-24m,I,Seine_Purse_Seine,LatinAmerica,76,20,750.241458148923,5151.31247737993,14.46,542.424574241671,3724.39892114569,736664.927017428,0.14914754311586,0.0014174564621468,0.00130620262542011,0.723,GAM,GAM,Data,AIC,BRA,1378688.47458372
173399,2012,12-24m,I,Seine_Purse_Seine,LatinAmerica,76,18,646.625563975409,4614.45950229915,13.014,467.510282754221,3336.25422016229,660004.585592207,0.14914754311586,0.00146059945831204,0.00124033681282955,0.723,GAM,GAM,Data,AIC,BRA,1247568.72327644
173400,2013,12-24m,I,Seine_Purse_Seine,LatinAmerica,76,17,623.436809645105,4404.97134121279,12.291,450.744813373411,3184.79427969685,629998.917654833,0.14914754311586,0.00138461921903073,0.00127495786661336,0.723,GAM,GAM,Data,AIC,BRA,1202759.2415976
173401,2014,12-24m,I,Seine_Purse_Seine,LatinAmerica,76,15,519.82091547159,3866.92475930885,10.845,375.83052188596,2795.7866009803,553167.612057709,0.14914754311586,0.00143385050775403,0.00118679678945952,0.723,GAM,GAM,Data,AIC,BRA,1066637.91523941
173402,2015,12-24m,I,Seine_Purse_Seine,LatinAmerica,76,15,536.245722100487,3874.45474593903,10.845,387.705657078652,2801.23078131392,554246.156435712,0.14914754311586,0.00142369042893097,0.00102313038253275,0.723,GAM,GAM,Data,AIC,BRA,1079404.7797868
173403,2016,12-24m,I,Seine_Purse_Seine,LatinAmerica,76,13,489.699092526036,3376.36785209638,9.399,354.052443896324,2441.11395706569,482903.557106486,0.14914754311586,0.00137889680132897,0.00107778272429201,0.723,GAM,GAM,Data,AIC,BRA,949868.367476938
173404,2017,12-24m,I,Seine_Purse_Seine,LatinAmerica,76,12,393.016266967771,3119.74784922638,8.676,284.150761017698,2255.57769499067,446381.892089777,0.14914754311586,0.00139454909534388,0.00109870794755481,0.723,GAM,GAM,Data,AIC,BRA,886810.778673257
173405,1950,24-50m,I,Seine_Purse_Seine,LatinAmerica,76,3,569.924290089964,1401.7828626649,2.169,412.055261735044,1013.48900970672,202509.794955007,0.14914754311586,0.000829005393966364,0.000226529238550612,0.723,GAM,AIC,Data,AIC,BRA,204534.892904557
173406,1951,24-50m,I,Seine_Purse_Seine,LatinAmerica,76,3,569.924290089964,1401.7828626649,2.169,412.055261735044,1013.48900970672,202509.794955007,0.14914754311586,0.000829005393966364,0.000226529238550612,0.723,GAM,GAM,Data,AIC,BRA,206580.241833603
173407,1952,24-50m,I,Seine_Purse_Seine,LatinAmerica,76,3,569.924290089964,1401.7828626649,2.169,412.055261735044,1013.48900970672,202509.794955007,0.14914754311586,0.000829005393966364,0.000226529238550612,0.723,GAM,GAM,Data,AIC,BRA,208646.044251939
173408,1953,24-50m,I,Seine_Purse_Seine,LatinAmerica,76,3,569.924290089964,1401.7828626649,2.169,412.055261735044,1013.48900970672,202509.794955007,0.14914754311586,0.000829005393966364,0.000226529238550612,0.723,GAM,GAM,Data,AIC,BRA,210732.504694458
173409,1954,24-50m,I,Seine_Purse_Seine,LatinAmerica,76,4,704.120324023835,1825.98579526957,2.892,509.078994269233,1320.1877299799,263123.556559457,0.14914754311586,0.000887661239538922,0.000275033636426906,0.723,GAM,GAM,Data,AIC,BRA,276545.502362045
173410,1955,24-50m,I,Seine_Purse_Seine,LatinAmerica,76,4,704.120324023835,1825.98579526957,2.892,509.078994269233,1320.1877299799,263123.556559457,0.14914754311586,0.000887661239538922,0.000275033636426906,0.723,GAM,GAM,Data,AIC,BRA,279310.957385666
173411,1956,24-50m,I,Seine_Purse_Seine,LatinAmerica,76,4,704.120324023835,1825.98579526957,2.892,509.078994269233,1320.1877299799,263123.556559457,0.14914754311586,0.000887661239538922,0.000275033636426906,0.723,GAM,GAM,Data,AIC,BRA,282104.066959522
173412,1957,24-50m,I,Seine_Purse_Seine,LatinAmerica,76,5,838.316357957706,2250.18872787424,3.615,606.102726803421,1626.88645025308,323737.318163906,0.14914754311586,0.000924201623063289,0.000308009057058365,0.723,GAM,GAM,Data,AIC,BRA,350561.125835837
173413,1958,24-50m,I,Seine_Purse_Seine,LatinAmerica,76,5,838.316357957706,2250.18872787424,3.615,606.102726803421,1626.88645025308,323737.318163906,0,0.000924201623063289,0.000308009057058365,0.723,Data,GAM,Data,AIC,BRA,354066.737094195
173414,1959,24-50m,I,Seine_Purse_Seine,LatinAmerica,76,6,972.512391891577,2674.3916604789,4.338,703.12645933761,1933.58517052624,384351.079768356,0,0.000949150183236874,0.00033188398559751,0.723,Data,GAM,Data,AIC,BRA,424562.706637813
173415,1960,24-50m,I,Seine_Purse_Seine,LatinAmerica,76,7,1106.70842582545,3098.59459308357,5.061,800.150191871799,2240.28389079942,444964.841372805,0,0.000967267741759891,0.000349968914448132,0.723,Data,AIC,Data,AIC,BRA,496433.188898592
173416,1961,24-50m,I,Seine_Purse_Seine,LatinAmerica,76,9,1542.43668198154,4076.1745231438,6.507,1115.18172107265,2947.07418023297,586860.874723364,0,0.000907832789763743,0.000292955820753056,0.723,Data,GAM,Data,AIC,BRA,661289.522843429
173417,1962,24-50m,I,Seine_Purse_Seine,LatinAmerica,76,10,1676.63271591541,4500.37745574847,7.23,1212.20545360684,3253.77290050614,647474.636327814,0,0.000924201623063288,0.000308009057058365,0.723,Data,GAM,Data,AIC,BRA,736886.532855673
173418,1963,24-50m,I,Seine_Purse_Seine,LatinAmerica,76,13,2079.22081771702,5772.98625356248,9.399,1503.27665120941,4173.86906132567,829315.921141162,0,0.000958874607722496,0.000341510064255867,0.723,Data,GAM,Data,AIC,BRA,953277.265979171
173419,1964,24-50m,I,Seine_Purse_Seine,LatinAmerica,76,16,2649.14510780699,7174.76911622738,11.568,1915.33191294445,5187.35807103239,1031825.71609617,0,0.000933501186601617,0.000316773644468628,0.723,Data,GAM,Data,AIC,BRA,1197917.62374007
173420,1965,24-50m,I,Seine_Purse_Seine,LatinAmerica,76,18,2917.53717567474,8023.17498143672,13.014,2109.37937801283,5800.75551157875,1153053.23930507,0,0.000949150183236874,0.000331883985597511,0.723,Data,GAM,Data,AIC,BRA,1352045.60486922
173421,1966,24-50m,I,Seine_Purse_Seine,LatinAmerica,76,20,3185.92924354248,8871.58084664605,14.46,2303.42684308121,6414.15295212509,1274280.76251396,0.14914754311586,0.000961806094251994,0.000344448447397787,0.723,GAM,GAM,Data,AIC,BRA,1509136.35385857
173422,1967,24-50m,I,Seine_Purse_Seine,LatinAmerica,76,22,3454.32131141022,9719.98671185539,15.906,2497.47430814959,7027.55039267145,1395508.28572287,0.14914754311586,0.000972252671149054,0.000355060455109278,0.723,GAM,GAM,Data,AIC,BRA,1669233.71326724
173423,1968,24-50m,I,Seine_Purse_Seine,LatinAmerica,76,26,4158.44163543405,11545.972507125,18.798,3006.55330241882,8347.73812265135,1658631.84228233,0.14914754311586,0.000958874607722495,0.000341510064255867,0.723,GAM,GAM,Data,AIC,BRA,2003807.97415193
173424,1969,24-50m,I,Seine_Purse_Seine,LatinAmerica,76,28,4426.83370330179,12394.3783723343,20.244,3200.60076748719,8961.13556319773,1779859.36549122,0.14914754311586,0.000967267741759892,0.000349968914448132,0.723,GAM,GAM,Data,AIC,BRA,2171766.6702805
173425,1970,24-50m,I,Seine_Purse_Seine,LatinAmerica,76,30,4695.22577116954,13242.7842375436,21.69,3394.64823255558,9574.53300374405,1901086.88870012,0.14914754311586,0.000974585454795618,0.000357460702179279,0.723,GAM,AIC,Data,AIC,BRA,2342884.15953423
173426,1971,24-50m,I,Seine_Purse_Seine,LatinAmerica,76,34,5399.34609519337,15068.7700328132,24.582,3903.72722682481,10894.7207337239,2164210.44525958,0.14914754311586,0.000964052253878884,0.000346711516773743,0.723,GAM,GAM,Data,AIC,BRA,2693827.0650532
173427,1972,24-50m,I,Seine_Purse_Seine,LatinAmerica,76,35,5533.54212912724,15492.9729654179,25.305,4000.75095935899,11201.4194539971,2224824.20686403,0.14914754311586,0.000967267741759892,0.000349968914448132,0.723,GAM,GAM,Data,AIC,BRA,2796966.71519584
173428,1973,24-50m,I,Seine_Purse_Seine,LatinAmerica,76,37,5735.68626455169,16341.3788306272,26.751,4146.90116927087,11814.8168945435,2346051.73007293,0.14914754311586,0.000973197895870435,0.000405202218993539,0.723,GAM,GAM,Data,AIC,BRA,2978863.16892184
173429,1974,24-50m,I,Seine_Purse_Seine,LatinAmerica,76,39,6169.34427281892,17318.9587606875,28.197,4460.43590924808,12521.607183977,2487947.76342348,0.14914754311586,0.000958874607722496,0.000388492069969973,0.723,GAM,GAM,Data,AIC,BRA,3190623.81374584
173430,1975,24-50m,I,Seine_Purse_Seine,LatinAmerica,76,40,6301.47005886394,17743.1616932921,28.92,4555.96285255863,12828.3059042502,2548561.52502794,0.14914754311586,0.000961806094251994,0.000391872028097478,0.723,GAM,GAM,Data,AIC,BRA,3301044.96321351
173431,1976,24-50m,I,Seine_Purse_Seine,LatinAmerica,76,41,6433.59584490896,18167.3646258968,29.643,4651.48979586918,13135.0046245234,2609175.28663238,0.14914754311586,0.000964600681984302,0.000395113158845967,0.723,GAM,GAM,Data,AIC,BRA,3413355.69207434
173432,1977,24-50m,I,Seine_Purse_Seine,LatinAmerica,76,41,6433.59584490896,18167.3646258968,29.643,4651.48979586918,13135.0046245234,2609175.28663238,0.14914754311586,0.000964600681984302,0.000395113158845967,0.723,GAM,GAM,Data,AIC,BRA,3447489.24899508
173433,1978,24-50m,I,Seine_Purse_Seine,LatinAmerica,76,41,6433.59584490896,18167.3646258968,29.643,4651.48979586918,13135.0046245234,2609175.28663238,0.14914754311586,0.000964600681984302,0.000395113158845967,0.723,GAM,GAM,Data,AIC,BRA,3481964.14148503
173434,1979,24-50m,I,Seine_Purse_Seine,LatinAmerica,76,40,6301.47005886394,17743.1616932921,28.92,4555.96285255863,12828.3059042502,2548561.52502794,0.14914754311586,0.000961806094251994,0.000391872028097478,0.723,GAM,GAM,Data,AIC,BRA,3435085.364659
173435,1980,24-50m,I,Seine_Purse_Seine,LatinAmerica,76,39,6169.34427281892,17318.9587606875,28.197,4460.43590924808,12521.607183977,2487947.76342348,0.14914754311586,0.000958874607722495,0.000388492069969973,0.723,GAM,AIC,Data,AIC,BRA,3386920.81588228
173436,1981,24-50m,I,Seine_Purse_Seine,LatinAmerica,76,38,6037.21848677391,16894.7558280828,27.474,4364.90896593754,12214.9084637038,2427334.00181903,0.14914754311586,0.000955795910402221,0.000384964169665,0.723,GAM,GAM,Data,AIC,BRA,3337449.46759357
173437,1982,24-50m,I,Seine_Purse_Seine,LatinAmerica,76,37,5905.09270072889,16470.5528954781,26.751,4269.38202262699,11908.2097434306,2366720.24021459,0.14914754311586,0.000952558627946384,0.000381278396613735,0.723,GAM,GAM,Data,AIC,BRA,3286650.00025751
173438,1983,24-50m,I,Seine_Purse_Seine,LatinAmerica,76,35,5700.87831741559,15622.1470302688,25.305,4121.73502349147,11294.8123028843,2245492.71700568,0.14914754311586,0.000945556633082051,0.000328373168136577,0.723,GAM,GAM,Data,AIC,BRA,3149485.09699581
173439,1984,24-50m,I,Seine_Purse_Seine,LatinAmerica,76,34,5566.68228348172,15197.9440976641,24.582,4024.71129095728,10988.1135826111,2184878.95540124,0.14914754311586,0.000941762477568457,0.000324693080092151,0.723,GAM,GAM,Data,AIC,BRA,3095114.08931734
173440,1985,24-50m,I,Seine_Purse_Seine,LatinAmerica,76,32,5298.29021561398,14349.5382324548,23.136,3830.66382588891,10374.7161420648,2063651.43219234,0.14914754311586,0.000933501186601617,0.000316773644468628,0.723,GAM,GAM,Data,AIC,BRA,2952616.19574064
173441,1986,24-50m,I,Seine_Purse_Seine,LatinAmerica,76,29,4678.67997619154,12947.7553697899,20.967,3382.68562278648,9361.2271323581,1861141.63723733,0.14914754311586,0.000944814376197279,0.00037255905731005,0.723,GAM,GAM,Data,AIC,BRA,2689503.12057287
173442,1987,24-50m,I,Seine_Purse_Seine,LatinAmerica,76,27,4414.42840410151,12099.3495045805,19.521,3191.63173616539,8747.82969181172,1739914.11402843,0.14914754311586,0.000935230682310471,0.000361955706379861,0.723,GAM,GAM,Data,AIC,BRA,2539466.05085997
173443,1988,24-50m,I,Seine_Purse_Seine,LatinAmerica,76,25,4150.17683201147,11250.9436393712,18.075,3000.57784954429,8134.43225126536,1618686.59081953,0.14914754311586,0.000924201623063288,0.000350002074598451,0.723,GAM,GAM,Data,AIC,BRA,2386158.79639258
173444,1989,24-50m,I,Seine_Purse_Seine,LatinAmerica,76,23,3716.51882374423,10273.363709311,16.629,2687.04310956708,7427.64196183182,1476790.55746898,0.14914754311586,0.00094368566640794,0.000371299606309134,0.723,GAM,GAM,Data,AIC,BRA,2198755.06914746
173445,1990,24-50m,I,Seine_Purse_Seine,LatinAmerica,76,21,3452.2672516542,9424.95784410161,15.183,2495.98922294599,6814.24452128546,1355563.03426007,0.14914754311586,0.000931280935498723,0.000357644653782137,0.723,GAM,GAM,Data,AIC,BRA,2038445.18698634
173446,1991,24-50m,I,Seine_Purse_Seine,LatinAmerica,76,19,3188.01567956416,8576.55197889228,13.737,2304.93533632489,6200.84708073912,1234335.51105118,0.14914754311586,0.000916422014027699,0.000341726009332165,0.723,GAM,GAM,Data,AIC,BRA,1874709.23167512
173447,1992,24-50m,I,Seine_Purse_Seine,LatinAmerica,76,17,2783.34114174086,7598.97204883205,12.291,2012.35564547864,5494.05679130557,1092439.47770062,0,0.000941762477568458,0.000324693080092151,0.723,Data,GAM,Data,AIC,BRA,1675789.45846665
173448,1993,24-50m,I,Seine_Purse_Seine,LatinAmerica,76,15,2514.94907387312,6750.56618362271,10.845,1818.30818041026,4880.65935075922,971211.954491719,0.14914754311586,0.000924201623063288,0.000308009057058365,0.723,GAM,GAM,Data,AIC,BRA,1504726.12568588
173449,1994,24-50m,I,Seine_Purse_Seine,LatinAmerica,76,14,2357.98031316187,6326.36325101804,10.122,1704.81976641603,4573.96063048604,910598.19288727,0.14914754311586,0.000913654928442416,0.000338812742063848,0.723,GAM,GAM,Data,AIC,BRA,1424923.66712319
173450,1995,24-50m,I,Seine_Purse_Seine,LatinAmerica,76,13,2225.85452711685,5902.16031841337,9.399,1609.29282310548,4267.26191021287,849984.431282821,0.14914754311586,0.000901592199506616,0.00032629502140824,0.723,GAM,GAM,Data,AIC,BRA,1343374.68677668
173451,1996,24-50m,I,Seine_Purse_Seine,LatinAmerica,76,8,1395.81916071455,3651.97159053913,5.784,1009.17725319662,2640.37545995979,526247.113118914,0,0.000887661239538922,0.000312197426866709,0.723,Data,GAM,Data,AIC,BRA,840034.822971018
173452,1997,24-50m,I,Seine_Purse_Seine,LatinAmerica,76,13,2225.85452711685,5902.16031841337,9.399,1609.29282310548,4267.26191021287,849984.431282821,0,0.000901592199506616,0.00032629502140824,0.723,Data,Data,Data,AIC,BRA,1370376.51798089
173453,1998,24-50m,I,Seine_Purse_Seine,LatinAmerica,76,9,1527.94494675957,4076.1745231438,6.507,1104.70419650717,2947.07418023297,586860.874723364,0.14914754311586,0.000907832789763743,0.000332734288942973,0.723,GAM,Data,Data,AIC,BRA,965058.075258632
173454,1999,24-50m,I,Seine_Purse_Seine,LatinAmerica,76,8,1408.24064804767,3651.97159053913,5.784,1018.15798853847,2640.37545995979,526247.113118914,0.14914754311586,0.000887661239538922,0.000275033636426906,0.723,GAM,GAM,Data,AIC,BRA,874036.14459681
173455,2000,24-50m,I,Seine_Purse_Seine,LatinAmerica,76,6,972.512391891577,2674.3916604789,4.338,703.12645933761,1933.58517052624,384351.079768356,0.14914754311586,0.000949150183236874,0.00033188398559751,0.723,GAM,GAM,Data,AIC,BRA,644746.726078493
173456,2001,24-50m,I,Seine_Purse_Seine,LatinAmerica,76,5,838.316357957706,2250.18872787424,3.615,606.102726803421,1626.88645025308,323737.318163907,0.14914754311586,0.000924201623063288,0.000308009057058365,0.723,GAM,GAM,Data,AIC,BRA,548498.164445441
173457,2002,24-50m,I,Seine_Purse_Seine,LatinAmerica,76,4,704.120324023835,1825.98579526956,2.892,509.078994269233,1320.18772997989,263123.556559456,0.14914754311586,0.000887661239538921,0.000275033636426906,0.723,GAM,GAM,Data,AIC,BRA,450260.156907117
173458,2003,24-50m,I,Seine_Purse_Seine,LatinAmerica,76,4,704.120324023835,1825.98579526956,2.892,509.078994269233,1320.18772997989,263123.556559456,0.14914754311586,0.000887661239538921,0.000275033636426906,0.723,GAM,GAM,Data,AIC,BRA,454762.758476188
173459,2004,24-50m,I,Seine_Purse_Seine,LatinAmerica,76,4,704.120324023835,1825.98579526957,2.892,509.078994269233,1320.1877299799,263123.556559457,0,0.000887661239538922,0.000275033636426906,0.723,Data,Data,Data,AIC,BRA,459310.386060952
173460,2005,24-50m,I,Seine_Purse_Seine,LatinAmerica,76,1,134.196033933871,424.202932604669,0.723,97.0237325341887,306.698720273176,60613.7616044495,0,0.00108149007191844,0.00048102954938742,0.723,Data,GAM,Data,AIC,BRA,106865.899478003
173461,2006,24-50m,I,Seine_Purse_Seine,LatinAmerica,76,2,264.251572090036,848.405865209338,1.446,191.053886621096,613.397440546351,121227.523208899,0.14914754311586,0.00108149007191844,0.00054969228363172,0.723,GAM,GAM,Data,AIC,BRA,215869.116945567
173462,2007,24-50m,I,Seine_Purse_Seine,LatinAmerica,76,1,132.125786045018,424.202932604669,0.723,95.526943310548,306.698720273176,60613.7616044495,0.14914754311586,0.00108149007191844,0.00054969228363172,0.723,GAM,GAM,Data,AIC,BRA,109013.904057511
173463,2008,24-50m,I,Seine_Purse_Seine,LatinAmerica,76,1,132.125786045018,424.202932604669,0.723,95.526943310548,306.698720273176,60613.7616044495,0,0.00108149007191844,0.00054969228363172,0.723,Data,GAM,Data,AIC,BRA,110104.043098086
173464,2009,24-50m,I,Seine_Purse_Seine,LatinAmerica,76,1,132.125786045018,424.202932604669,0.723,95.526943310548,306.698720273176,60613.7616044495,0.14914754311586,0.00108149007191844,0.00054969228363172,0.723,GAM,GAM,Data,AIC,BRA,111205.083529067
173465,2010,24-50m,I,Seine_Purse_Seine,LatinAmerica,76,1,132.125786045018,424.202932604669,0.723,95.526943310548,306.698720273176,60613.7616044495,0.14914754311586,0.00108149007191844,0.00054969228363172,0.723,GAM,GAM,Data,AIC,BRA,112317.134364358
173466,2011,24-50m,I,Seine_Purse_Seine,LatinAmerica,76,1,132.125786045018,424.202932604668,0.723,95.526943310548,306.698720273175,60613.7616044494,0.14914754311586,0.00108149007191844,0.00054969228363172,0.723,GAM,GAM,Data,AIC,BRA,113440.305708001
173467,1950,Over 50m,I,Seine_Purse_Seine,LatinAmerica,76,1,1033.97165569995,2332.35811590819,0.723,747.561507071064,1686.29491780162,330446.203928108,0.14914754311586,0.000218222419162991,0.000321752119307743,0.723,GAM,AIC,Data,AIC,BRA,333750.665967389
173468,1951,Over 50m,I,Seine_Purse_Seine,LatinAmerica,76,1,1033.97165569995,2327.86491717615,0.723,747.561507071064,1683.04633511836,329809.611950928,0.14914754311586,0.00021905182516404,0.000321752119307743,0.723,GAM,GAM,Data,AIC,BRA,336438.785151142
173469,1952,Over 50m,I,Seine_Purse_Seine,LatinAmerica,76,1,1033.97165569995,2323.36872912221,0.723,747.561507071064,1679.79559115536,329172.596449561,0.14914754311586,0.000220243401815897,0.000321752119307743,0.723,GAM,GAM,Data,AIC,BRA,339146.855294579
173470,1953,Over 50m,I,Seine_Purse_Seine,LatinAmerica,76,1,1033.97165569995,2318.85530430694,0.723,747.561507071064,1676.53238501392,328533.138860803,0.14914754311586,0.000221095552198561,0.000321752119307743,0.723,GAM,GAM,Data,AIC,BRA,341872.901716438
173471,1954,Over 50m,I,Seine_Purse_Seine,LatinAmerica,76,1,1033.97165569995,2314.31353272637,0.723,747.561507071064,1673.24868416117,327889.665130215,0.14914754311586,0.000221907374579451,0.000321752119307743,0.723,GAM,GAM,Data,AIC,BRA,344615.333375779
173472,1955,Over 50m,I,Seine_Purse_Seine,LatinAmerica,76,1,1033.97165569995,2309.74227707199,0.723,747.561507071064,1669.94366632305,327242.01412505,0.14914754311586,0.000223184561550784,0.000321752119307743,0.723,GAM,GAM,Data,AIC,BRA,347373.992116998
173473,1956,Over 50m,I,Seine_Purse_Seine,LatinAmerica,76,1,1033.97165569995,2305.15321845671,0.723,747.561507071064,1666.6257769442,326591.840813893,0.14914754311586,0.00022368775903144,0.000321752119307743,0.723,GAM,GAM,Data,AIC,BRA,350150.65824628
173474,1957,Over 50m,I,Seine_Purse_Seine,LatinAmerica,76,1,1033.97165569995,2300.56935992122,0.723,747.561507071064,1663.31164722304,325942.404244927,0.14914754311586,0.000224574576533954,0.000321752119307743,0.723,GAM,GAM,Data,AIC,BRA,352948.918085158
173475,1958,Over 50m,I,Seine_Purse_Seine,LatinAmerica,76,1,1033.97165569995,2296.02122968435,0.723,747.561507071064,1660.02334906179,325298.02962617,0,0.000225475401277985,0.000321752119307743,0.723,Data,GAM,Data,AIC,BRA,355773.664235383
173476,1959,Over 50m,I,Seine_Purse_Seine,LatinAmerica,76,2,2067.9433113999,4583.10100371742,1.446,1495.12301414213,3313.58202568769,649329.242609816,0,0.000226411121603715,0.000321752119307743,0.723,Data,GAM,Data,AIC,BRA,717263.448063303
173477,1960,Over 50m,I,Seine_Purse_Seine,LatinAmerica,76,2,2067.9433113999,4574.41546875884,1.446,1495.12301414213,3307.30238391264,648098.68455933,0,0.000227282019051063,0.000321752119307743,0.723,Data,AIC,Data,AIC,BRA,723063.187878274
173478,1961,Over 50m,I,Seine_Purse_Seine,LatinAmerica,76,2,2067.9433113999,4566.10786959934,1.446,1495.12301414213,3301.29598972032,646921.672081147,0,0.000228125657760574,0.000321752119307743,0.723,Data,GAM,Data,AIC,BRA,728967.532635863
173479,1962,Over 50m,I,Seine_Purse_Seine,LatinAmerica,76,3,3101.91496709985,6837.45970537755,2.169,2242.68452121319,4943.48336698797,968724.566241676,0,0.000228909977625,0.000321752119307743,0.723,Data,GAM,Data,AIC,BRA,1102498.91943031
173480,1963,Over 50m,I,Seine_Purse_Seine,LatinAmerica,76,4,4135.8866227998,9102.25010495584,2.892,2990.24602828425,6580.92682588307,1289597.84257473,0,0.000229076727523617,0.000321752119307743,0.723,Data,GAM,Data,AIC,BRA,1482359.46548652
173481,1964,Over 50m,I,Seine_Purse_Seine,LatinAmerica,76,5,5169.85827849975,11361.655042436,3.615,3737.80753535532,8214.47659568123,1609708.11193448,0,0.000229733709284514,0.000321752119307743,0.723,Data,GAM,Data,AIC,BRA,1868821.14516319
173482,1965,Over 50m,I,Seine_Purse_Seine,LatinAmerica,76,5,5169.85827849975,11347.5123204635,3.615,3737.80753535532,8204.25140769511,1607704.38499514,0,0.000230306822971346,0.000321752119307743,0.723,Data,GAM,Data,AIC,BRA,1885159.82919549
173483,1966,Over 50m,I,Seine_Purse_Seine,LatinAmerica,76,6,6203.8299341997,13602.6483537071,4.338,4485.36904242638,9834.71475973023,1927209.84020123,0.14914754311586,0.000230933037660346,0.000321752119307743,0.723,GAM,GAM,Data,AIC,BRA,2282403.15393584
173484,1967,Over 50m,I,Seine_Purse_Seine,LatinAmerica,76,7,7237.80158989965,15856.2607726258,5.061,5232.93054949745,11464.0765386085,2246499.43122826,0.14914754311586,0.000230853538273922,0.000321752119307743,0.723,GAM,GAM,Data,AIC,BRA,2687144.62379521
173485,1968,Over 50m,I,Seine_Purse_Seine,LatinAmerica,76,8,8271.7732455996,18109.9566887338,5.784,5980.49205656851,13093.4986859545,2565800.85205496,0.14914754311586,0.000229004961989259,0.000321752119307743,0.723,GAM,GAM,Data,AIC,BRA,3099766.97442324
173486,1969,Over 50m,I,Seine_Purse_Seine,LatinAmerica,76,8,8271.7732455996,18102.569810257,5.784,5980.49205656851,13088.1579728158,2564754.28637754,0.14914754311586,0.000226129974952718,0.000321752119307743,0.723,GAM,GAM,Data,AIC,BRA,3129487.63515173
173487,1970,Over 50m,I,Seine_Purse_Seine,LatinAmerica,76,9,9305.74490129955,20361.6960238614,6.507,6728.05356363957,14721.5062252518,2884825.06641269,0.14914754311586,0.000226209617012695,0.000321752119307743,0.723,GAM,AIC,Data,AIC,BRA,3555235.16115929
173488,1971,Over 50m,I,Seine_Purse_Seine,LatinAmerica,76,10,10339.7165569995,22625.0112243837,7.23,7475.61507071064,16357.8831152294,3205489.33799441,0.14914754311586,0.000225689148258295,0.000321752119307743,0.723,GAM,GAM,Data,AIC,BRA,3989923.41726412
173489,1972,Over 50m,I,Seine_Purse_Seine,LatinAmerica,76,10,10339.7165569995,22630.7250825006,7.23,7475.61507071064,16362.0142346479,3206298.87179268,0.14914754311586,0.000223849135830331,0.000321752119307743,0.723,GAM,GAM,Data,AIC,BRA,4030840.36739005
173490,1973,Over 50m,I,Seine_Purse_Seine,LatinAmerica,76,11,11176.7359368154,24905.0737289563,7.953,8080.78008231753,18006.3683060354,3528526.35114255,0.14914754311586,0.000223452411290844,0.000355253574231577,0.723,GAM,GAM,Data,AIC,BRA,4480292.16630359
173491,1974,Over 50m,I,Seine_Purse_Seine,LatinAmerica,76,11,11176.7359368154,24920.8648933476,7.953,8080.78008231753,18017.7853178903,3530763.6277825,0.14914754311586,0.000222502149738849,0.000355253574231577,0.723,GAM,GAM,Data,AIC,BRA,4527964.2431114
173492,1975,Over 50m,I,Seine_Purse_Seine,LatinAmerica,76,12,12192.8028401622,27207.8008088611,8.676,8815.39645343727,19671.2399848066,3854774.45903258,0.14914754311586,0.000222069327046006,0.000355253574231577,0.723,GAM,GAM,Data,AIC,BRA,4992927.84865143
173493,1976,Over 50m,I,Seine_Purse_Seine,LatinAmerica,76,12,12192.8028401622,27232.4925803512,8.676,8815.39645343727,19689.0921355939,3858272.76493231,0.14914754311586,0.000221541323694141,0.000355253574231577,0.723,GAM,GAM,Data,AIC,BRA,5047440.61130326
173494,1977,Over 50m,I,Seine_Purse_Seine,LatinAmerica,76,12,12192.8028401622,27259.543068257,8.676,8815.39645343727,19708.6496383498,3862105.25145397,0.14914754311586,0.000221180929218062,0.000355253574231577,0.723,GAM,GAM,Data,AIC,BRA,5102978.86120939
173495,1978,Over 50m,I,Seine_Purse_Seine,LatinAmerica,76,11,11176.7359368154,25014.0891366157,7.953,8080.78008231753,18085.1864457731,3543971.5468803,0.14914754311586,0.000220263701033047,0.000355253574231577,0.723,GAM,GAM,Data,AIC,BRA,4729456.81645155
173496,1979,Over 50m,I,Seine_Purse_Seine,LatinAmerica,76,11,11176.7359368154,25040.9852535837,7.953,8080.78008231753,18104.632338341,3547782.16227931,0.14914754311586,0.000219635780144102,0.000355253574231577,0.723,GAM,GAM,Data,AIC,BRA,4781887.53261914
173497,1980,Over 50m,I,Seine_Purse_Seine,LatinAmerica,76,11,11176.7359368154,25068.0923912367,7.953,8080.78008231753,18124.2307988641,3551622.67488143,0.14914754311586,0.000219197072175432,0.000355253574231577,0.723,GAM,AIC,Data,AIC,BRA,4834934.61742264
173498,1981,Over 50m,I,Seine_Purse_Seine,LatinAmerica,76,10,10160.6690334685,22813.7077526213,7.23,7346.16371119773,16494.3107051452,3232223.67652725,0.14914754311586,0.000218399436857778,0.000355253574231577,0.723,GAM,GAM,Data,AIC,BRA,4444128.07643497
173499,1982,Over 50m,I,Seine_Purse_Seine,LatinAmerica,76,9,9144.60213012165,20554.1989876364,6.507,6611.54734007795,14860.6858680611,2912098.69698877,0.14914754311586,0.000217979264455366,0.000355253574231577,0.723,GAM,GAM,Data,AIC,BRA,4044013.74551148
173500,1983,Over 50m,I,Seine_Purse_Seine,LatinAmerica,76,9,9305.74490129955,20575.8637773326,6.507,6728.05356363957,14876.3495110115,2915168.14308505,0.14914754311586,0.000218257640436162,0.000321752119307743,0.723,GAM,GAM,Data,AIC,BRA,4088759.02929954
173501,1984,Over 50m,I,Seine_Purse_Seine,LatinAmerica,76,8,8271.7732455996,18308.8520546371,5.784,5980.49205656851,13237.3000355026,2593980.15187747,0.14914754311586,0.0002160189437125,0.000321752119307743,0.723,GAM,GAM,Data,AIC,BRA,3674649.5706949
173502,1985,Over 50m,I,Seine_Purse_Seine,LatinAmerica,76,7,7237.80158989965,16037.1957430759,5.061,5232.93054949745,11594.8925222439,2272134.11988747,0.14914754311586,0.000213904077446967,0.000321752119307743,0.723,GAM,GAM,Data,AIC,BRA,3250907.54020778
173503,1986,Over 50m,I,Seine_Purse_Seine,LatinAmerica,76,6,6096.4014200811,13761.0579869585,4.338,4407.69822671863,9949.244924571,1949653.16124036,0.14914754311586,0.000213285671614955,0.000355253574231577,0.723,GAM,GAM,Data,AIC,BRA,2817409.57070536
173504,1987,Over 50m,I,Seine_Purse_Seine,LatinAmerica,76,6,6096.4014200811,13776.6521130158,4.338,4407.69822671863,9960.51947771042,1951862.52168294,0.14914754311586,0.000212361024492663,0.000355253574231577,0.723,GAM,GAM,Data,AIC,BRA,2848812.23147475
173505,1988,Over 50m,I,Seine_Purse_Seine,LatinAmerica,76,5,5080.33451673425,11494.4216542686,3.615,3673.08185559886,8310.4668560362,1628518.35491957,0.14914754311586,0.000211688538064037,0.000355253574231577,0.723,GAM,GAM,Data,AIC,BRA,2400652.1211192
173506,1989,Over 50m,I,Seine_Purse_Seine,LatinAmerica,76,4,4064.2676133874,9207.53676699088,2.892,2938.46548447909,6657.0490825344,1304514.75329974,0.14914754311586,0.000211242939909814,0.000355253574231577,0.723,GAM,GAM,Data,AIC,BRA,1942258.10294409
173507,1990,Over 50m,I,Seine_Purse_Seine,LatinAmerica,76,4,4064.2676133874,9220.55078166064,2.892,2938.46548447909,6666.45821514064,1306358.56609854,0.14914754311586,0.00021076060832136,0.000355253574231577,0.723,GAM,GAM,Data,AIC,BRA,1964453.34096581
173508,1991,Over 50m,I,Seine_Purse_Seine,LatinAmerica,76,3,3048.20071004055,6925.94906073204,2.169,2203.84911335932,5007.46117090927,981261.651076757,0.14914754311586,0.000211015940985921,0.000355253574231577,0.723,GAM,GAM,Data,AIC,BRA,1490340.55934739
173509,1992,Over 50m,I,Seine_Purse_Seine,LatinAmerica,76,3,3101.91496709985,6937.19178852966,2.169,2242.68452121319,5015.58966310694,982854.509693612,0,0.000210480558809907,0.000321752119307743,0.723,Data,GAM,Data,AIC,BRA,1507687.3915411
173510,1993,Over 50m,I,Seine_Purse_Seine,LatinAmerica,76,3,3101.91496709985,6949.01003464272,2.169,2242.68452121319,5024.13425504669,984528.907179364,0.14914754311586,0.000210895173866315,0.000321752119307743,0.723,GAM,GAM,Data,AIC,BRA,1525358.45679645
173511,1994,Over 50m,I,Seine_Purse_Seine,LatinAmerica,76,2,2032.1338066937,4640.82253343258,1.446,1469.23274223955,3355.31469167176,657507.172169261,0.14914754311586,0.000210651582871644,0.000355253574231577,0.723,GAM,GAM,Data,AIC,BRA,1028881.38615404
173512,1995,Over 50m,I,Seine_Purse_Seine,LatinAmerica,76,2,2032.1338066937,4649.1258481135,1.446,1469.23274223955,3361.31798818606,658683.577626731,0.14914754311586,0.000209288499310804,0.000355253574231577,0.723,GAM,GAM,Data,AIC,BRA,1041029.473262
173513,1996,Over 50m,I,Seine_Purse_Seine,LatinAmerica,76,1,1016.06690334685,2328.74115847092,0.723,734.616371119773,1683.67985757447,329933.756955765,0,0.000187725004290166,0.000355253574231577,0.723,Data,GAM,Data,AIC,BRA,526664.827620386
173514,1997,Over 50m,I,Seine_Purse_Seine,LatinAmerica,76,2,2032.1338066937,4665.80612162824,1.446,1469.23274223955,3373.37782593722,661046.822372825,0,0.000188221703428337,0.000355253574231577,0.723,Data,Data,Data,AIC,BRA,1065764.2767626
173515,1998,Over 50m,I,Seine_Purse_Seine,LatinAmerica,76,1,1016.06690334685,2337.01467200138,0.723,734.616371119773,1689.661607857,331105.940215549,0.14914754311586,0.000195157894115981,0.000355253574231577,0.723,GAM,Data,Data,AIC,BRA,544484.17867649
173516,1999,Over 50m,I,Seine_Purse_Seine,LatinAmerica,76,1,1033.97165569995,2341.05519001139,0.723,747.561507071064,1692.58290237824,331678.396833254,0.14914754311586,0.000212080996819629,0.000321752119307743,0.723,GAM,GAM,Data,AIC,BRA,550879.805299152
173517,2000,Over 50m,I,Seine_Purse_Seine,LatinAmerica,76,1,1033.97165569995,2345.03010793042,0.723,747.561507071064,1695.45676803369,332241.55929459,0.14914754311586,0.000210791776968314,0.000321752119307743,0.723,GAM,GAM,Data,AIC,BRA,557333.305142536
173518,2001,Over 50m,I,Seine_Purse_Seine,LatinAmerica,76,1,1033.97165569995,2348.98252138937,0.723,747.561507071064,1698.31436296451,332801.533346154,0.14914754311586,0.000196235792449014,0.000321752119307743,0.723,GAM,GAM,Data,AIC,BRA,563855.384977811
173519,2002,Over 50m,I,Seine_Purse_Seine,LatinAmerica,76,1,1033.97165569995,2352.94479054045,0.723,747.561507071064,1701.17908356075,333362.903742486,0.14914754311586,0.000195258276625552,0.000321752119307743,0.723,GAM,GAM,Data,AIC,BRA,570454.562521038
173520,1950,12-24m,UP,Seine_Purse_Seine,LatinAmerica,76,68,176.448372,0,49.164,127.572172956,0,15198.9346019981,0.0292161106674869,NA,0,0.723,GAM,AIC,Data,Pequivalent,BRA,15536.3509501625
173521,1951,12-24m,UP,Seine_Purse_Seine,LatinAmerica,76,74,192.017346,0,53.502,138.828541158,0,16540.0170668803,0.0292161106674869,NA,0,0.723,GAM,GAM,Data,Pequivalent,BRA,17282.545406661
173522,1952,12-24m,UP,Seine_Purse_Seine,LatinAmerica,76,81,210.181149,0,58.563,151.960970727,0,18104.6132759095,0.0292161106674869,NA,0,0.723,GAM,GAM,Data,Pequivalent,BRA,19337.3466363486
173523,1953,12-24m,UP,Seine_Purse_Seine,LatinAmerica,76,88,228.344952,0,63.624,165.093400296,0,19669.2094849388,0.0292161106674869,NA,0,0.723,GAM,GAM,Data,Pequivalent,BRA,21474.8635109563
173524,1954,12-24m,UP,Seine_Purse_Seine,LatinAmerica,76,96,249.103584,0,69.408,180.101891232,0,21457.319438115,0.0292161106674869,NA,0,0.723,GAM,GAM,Data,Pequivalent,BRA,23947.205979163
173525,1955,12-24m,UP,Seine_Purse_Seine,LatinAmerica,76,104,269.862216,0,75.192,195.110382168,0,23245.4293912913,0.0292161106674869,NA,0,0.723,GAM,GAM,Data,Pequivalent,BRA,26518.7367812256
173526,1956,12-24m,UP,Seine_Purse_Seine,LatinAmerica,76,112,290.620848,0,80.976,210.118873104,0,25033.5393444675,0.0292161106674869,NA,0,0.723,GAM,GAM,Data,Pequivalent,BRA,29192.6414099048
173527,1957,12-24m,UP,Seine_Purse_Seine,LatinAmerica,76,121,313.974309,0,87.483,227.003425407,0,27045.1630417908,0.0292161106674869,NA,0,0.723,GAM,GAM,Data,Pequivalent,BRA,32238.6328924443
173528,1958,12-24m,UP,Seine_Purse_Seine,LatinAmerica,76,129,334.732941,0,93.267,242.011916343,0,28833.272994967,0,NA,0,0.723,Data,GAM,Data,Pequivalent,BRA,35133.1292562206
173529,1959,12-24m,UP,Seine_Purse_Seine,LatinAmerica,76,141,365.870889,0,101.943,264.524652747,0,31515.4379247314,0,NA,0,0.723,Data,GAM,Data,Pequivalent,BRA,39253.8367932165
173530,1960,12-24m,UP,Seine_Purse_Seine,LatinAmerica,76,146,378.845034,0,105.558,273.904959582,0,32633.0066454666,0,NA,0,0.723,Data,AIC,Data,Pequivalent,BRA,41548.1539547787
173531,1961,12-24m,UP,Seine_Purse_Seine,LatinAmerica,76,145,376.250205,0,104.835,272.028898215,0,32409.4929013195,0,NA,0,0.723,Data,GAM,Data,Pequivalent,BRA,42179.6289796118
173532,1962,12-24m,UP,Seine_Purse_Seine,LatinAmerica,76,161,417.767469,0,116.403,302.045880087,0,35985.712807672,0,NA,0,0.723,Data,GAM,Data,Pequivalent,BRA,47873.6461766651
173533,1963,12-24m,UP,Seine_Purse_Seine,LatinAmerica,76,170,441.12093,0,122.91,318.93043239,0,37997.3365049953,0,NA,0,0.723,Data,GAM,Data,Pequivalent,BRA,51672.0185758
173534,1964,12-24m,UP,Seine_Purse_Seine,LatinAmerica,76,170,441.12093,0,122.91,318.93043239,0,37997.3365049953,0,NA,0,0.723,Data,GAM,Data,Pequivalent,BRA,52819.1373881827
173535,1965,12-24m,UP,Seine_Purse_Seine,LatinAmerica,76,176,456.689904,0,127.248,330.186800592,0,39338.4189698775,0,NA,0,0.723,Data,GAM,Data,Pequivalent,BRA,55897.3124348428
173536,1966,12-24m,UP,Seine_Purse_Seine,LatinAmerica,76,175,454.095075,0,126.525,328.310739225,0,39114.9052257305,0.0292161106674869,NA,0,0.723,GAM,GAM,Data,Pequivalent,BRA,56813.6191641131
173537,1967,12-24m,UP,Seine_Purse_Seine,LatinAmerica,76,175,454.095075,0,126.525,328.310739225,0,39114.9052257305,0.0292161106674869,NA,0,0.723,GAM,GAM,Data,Pequivalent,BRA,58074.9177394662
173538,1968,12-24m,UP,Seine_Purse_Seine,LatinAmerica,76,173,448.905417,0,125.079,324.558616491,0,38667.8777374364,0.0292161106674869,NA,0,0.723,GAM,GAM,Data,Pequivalent,BRA,58685.7331314162
173539,1969,12-24m,UP,Seine_Purse_Seine,LatinAmerica,76,169,438.526101,0,122.187,317.054371023,0,37773.8227608483,0.0292161106674869,NA,0,0.723,GAM,GAM,Data,Pequivalent,BRA,58601.5377616867
173540,1970,12-24m,UP,Seine_Purse_Seine,LatinAmerica,76,164,425.551956,0,118.572,307.674064188,0,36656.2540401131,0.0292161106674869,NA,0,0.723,GAM,AIC,Data,Pequivalent,BRA,58130.2288260317
173541,1971,12-24m,UP,Seine_Purse_Seine,LatinAmerica,76,158,409.982982,0,114.234,296.417695986,0,35315.1715752309,0.0292161106674869,NA,0,0.723,GAM,GAM,Data,Pequivalent,BRA,57246.7911289219
173542,1972,12-24m,UP,Seine_Purse_Seine,LatinAmerica,76,152,394.414008,0,109.896,285.161327784,0,33974.0891103488,0.0292161106674869,NA,0,0.723,GAM,GAM,Data,Pequivalent,BRA,56295.479896086
173543,1973,12-24m,UP,Seine_Purse_Seine,LatinAmerica,76,144,4560.68195970057,0,104.112,3297.37305686351,0,31098.4356198165,0.0292161106674869,NA,0.00599135279270463,0.723,GAM,GAM,Data,Pequivalent,BRA,52674.4638113228
173544,1974,12-24m,UP,Seine_Purse_Seine,LatinAmerica,76,137,4338.98214221512,0,99.051,3137.08408882153,0,29586.7061105199,0.0292161106674869,NA,0.00599135279270463,0.723,GAM,GAM,Data,Pequivalent,BRA,51226.4281693541
173545,1975,12-24m,UP,Seine_Purse_Seine,LatinAmerica,76,129,4085.61092223176,0,93.267,2953.89669677356,0,27859.0152427523,0.0292161106674869,NA,0.00599135279270463,0.723,GAM,GAM,Data,Pequivalent,BRA,49305.9232031976
173546,1976,12-24m,UP,Seine_Purse_Seine,LatinAmerica,76,121,3832.23970224839,0,87.483,2770.70930472559,0,26131.3243749847,0.0292161106674869,NA,0.00599135279270463,0.723,GAM,GAM,Data,Pequivalent,BRA,47274.9013836847
173547,1977,12-24m,UP,Seine_Purse_Seine,LatinAmerica,76,113,3578.86848226503,0,81.699,2587.52191267762,0,24403.6335072171,0.0292161106674869,NA,0.00599135279270463,0.723,GAM,GAM,Data,Pequivalent,BRA,45129.4022641941
173548,1978,12-24m,UP,Seine_Purse_Seine,LatinAmerica,76,105,3325.49726228166,0,75.915,2404.33452062964,0,22675.9426394496,0.0292161106674869,NA,0.00599135279270463,0.723,GAM,GAM,Data,Pequivalent,BRA,42865.3440214003
173549,1979,12-24m,UP,Seine_Purse_Seine,LatinAmerica,76,97,3072.1260422983,0,70.131,2221.14712858167,0,20948.2517716819,0.0292161106674869,NA,0.00599135279270463,0.723,GAM,GAM,Data,Pequivalent,BRA,40478.5200180142
173550,1980,12-24m,UP,Seine_Purse_Seine,LatinAmerica,76,90,2850.42622481285,0,65.07,2060.85816053969,0,19436.5222623853,0.0292161106674869,NA,0.00599135279270463,0.723,GAM,AIC,Data,Pequivalent,BRA,38391.163758941
173551,1981,12-24m,UP,Seine_Purse_Seine,LatinAmerica,76,84,2660.39780982533,0,60.732,1923.46761650371,0,18140.7541115596,0.0292161106674869,NA,0.00599135279270463,0.723,GAM,GAM,Data,Pequivalent,BRA,36627.2177547634
173552,1982,12-24m,UP,Seine_Purse_Seine,LatinAmerica,76,77,2438.69799233989,0,55.671,1763.17864846174,0,16629.024602263,0.0292161106674869,NA,0.00599135279270463,0.723,GAM,GAM,Data,Pequivalent,BRA,34320.3134898428
173553,1983,12-24m,UP,Seine_Purse_Seine,LatinAmerica,76,71,184.232859,0,51.333,133.200357057,0,15869.4758344392,0.0292161106674869,NA,0,0.723,GAM,GAM,Data,Pequivalent,BRA,33479.805727213
173554,1984,12-24m,UP,Seine_Purse_Seine,LatinAmerica,76,66,171.258714,0,47.718,123.820050222,0,14751.9071137041,0.0292161106674869,NA,0,0.723,GAM,GAM,Data,Pequivalent,BRA,31812.9829485575
173555,1985,12-24m,UP,Seine_Purse_Seine,LatinAmerica,76,61,158.284569,0,44.103,114.439743387,0,13634.3383929689,0.0292161106674869,NA,0,0.723,GAM,GAM,Data,Pequivalent,BRA,30055.6530510748
173556,1986,12-24m,UP,Seine_Purse_Seine,LatinAmerica,76,56,1773.59853988355,0,40.488,1282.31174433581,0,12093.8360743731,0.0292161106674869,NA,0.00599135279270463,0.723,GAM,GAM,Data,Pequivalent,BRA,27251.6030577718
173557,1987,12-24m,UP,Seine_Purse_Seine,LatinAmerica,76,51,1615.24152739395,0,36.873,1167.81962430583,0,11014.0292820183,0.0292161106674869,NA,0.00599135279270463,0.723,GAM,GAM,Data,Pequivalent,BRA,25369.3932308636
173558,1988,12-24m,UP,Seine_Purse_Seine,LatinAmerica,76,47,1488.55591740227,0,33.981,1076.22592828184,0,10150.1838481345,0.0292161106674869,NA,0.00599135279270463,0.723,GAM,GAM,Data,Pequivalent,BRA,23898.6648381896
173559,1989,12-24m,UP,Seine_Purse_Seine,LatinAmerica,76,43,1361.87030741059,0,31.089,984.632232257856,0,9286.33841425079,0.0292161106674869,NA,0.00599135279270463,0.723,GAM,GAM,Data,Pequivalent,BRA,22350.1330531213
173560,1990,12-24m,UP,Seine_Purse_Seine,LatinAmerica,76,39,1235.1846974189,0,28.197,893.038536233865,0,8422.49298036697,0.0292161106674869,NA,0.00599135279270463,0.723,GAM,AIC,Data,Pequivalent,BRA,20721.0682388167
173561,1991,12-24m,UP,Seine_Purse_Seine,LatinAmerica,76,35,1108.49908742722,0,25.305,801.44484020988,0,7558.64754648316,0.0292161106674869,NA,0.00599135279270463,0.723,GAM,GAM,Data,Pequivalent,BRA,19008.6579071831
173562,1992,12-24m,UP,Seine_Purse_Seine,LatinAmerica,76,32,83.034528,0,23.136,60.033963744,0,7152.439812705,0.0292161106674869,NA,0,0.723,GAM,GAM,Data,Pequivalent,BRA,18386.4315141457
173563,1993,12-24m,UP,Seine_Purse_Seine,LatinAmerica,76,29,75.250041,0,20.967,54.405779643,0,6481.89858026391,0.0292161106674869,NA,0,0.723,GAM,GAM,Data,Pequivalent,BRA,17032.6155787198
173564,1994,12-24m,UP,Seine_Purse_Seine,LatinAmerica,76,26,823.456464945936,0,18.798,595.359024155912,0,5614.99532024465,0.0292161106674869,NA,0.00599135279270463,0.723,GAM,GAM,Data,Pequivalent,BRA,15082.1893332159
173565,1995,12-24m,UP,Seine_Purse_Seine,LatinAmerica,76,24,760.113659950094,0,17.352,549.562176143918,0,5183.07260330275,0.0292161106674869,NA,0.00599135279270463,0.723,GAM,GAM,Data,Pequivalent,BRA,14231.0897874585
173566,1996,12-24m,UP,Seine_Purse_Seine,LatinAmerica,76,21,665.099452456333,0,15.183,480.866904125929,0,4535.18852788991,0.0292161106674869,NA,0.00599135279270463,0.723,GAM,GAM,Data,Pequivalent,BRA,12728.6424831475
173567,1997,12-24m,UP,Seine_Purse_Seine,LatinAmerica,76,19,601.756647460491,0,13.737,435.070056113935,0,4103.26581094801,0.0292161106674869,NA,0.00599135279270463,0.723,GAM,GAM,Data,Pequivalent,BRA,11772.0546942474
173568,1998,12-24m,UP,Seine_Purse_Seine,LatinAmerica,76,18,570.085244962571,0,13.014,412.171632107939,0,3887.30445247706,0.0292161106674869,NA,0.00599135279270463,0.723,GAM,GAM,Data,Pequivalent,BRA,11400.0577659091
173569,1999,12-24m,UP,Seine_Purse_Seine,LatinAmerica,76,16,41.517264,0,11.568,30.016981872,0,3576.2199063525,0.0292161106674869,NA,0,0.723,GAM,GAM,Data,Pequivalent,BRA,10720.5875808139
173570,2000,12-24m,UP,Seine_Purse_Seine,LatinAmerica,76,14,36.327606,0,10.122,26.264859138,0,3129.19241805844,0.0292161106674869,NA,0,0.723,GAM,GAM,Data,Pequivalent,BRA,9588.76154696948
173571,2001,12-24m,UP,Seine_Purse_Seine,LatinAmerica,76,12,31.137948,0,8.676,22.512736404,0,2682.16492976438,0,NA,0,0.723,Data,GAM,Data,Pequivalent,BRA,8401.39890283902
173572,2002,12-24m,UP,Seine_Purse_Seine,LatinAmerica,76,12,31.137948,0,8.676,22.512736404,0,2682.16492976438,0.0292161106674869,NA,0,0.723,GAM,GAM,Data,Pequivalent,BRA,8587.90995848207
173573,2003,12-24m,UP,Seine_Purse_Seine,LatinAmerica,76,11,28.543119,0,7.953,20.636675037,0,2458.65118561735,0.0292161106674869,NA,0,0.723,GAM,GAM,Data,Pequivalent,BRA,8047.01476293034
173574,2004,12-24m,UP,Seine_Purse_Seine,LatinAmerica,76,9,23.353461,0,6.507,16.884552303,0,2011.62369732328,0,NA,0,0.723,Data,Data,Data,Pequivalent,BRA,6730.08421963694
173575,2005,12-24m,UP,Seine_Purse_Seine,LatinAmerica,76,10,25.94829,0,7.23,18.76061367,0,2235.13744147031,0,NA,0,0.723,Data,Data,Data,Pequivalent,BRA,7643.88009923652
173576,2006,12-24m,UP,Seine_Purse_Seine,LatinAmerica,76,8,253.371219983365,0,5.784,183.187392047973,0,1727.69086776758,0.0292161106674869,NA,0.00599135279270463,0.723,GAM,Data,Data,Pequivalent,BRA,6039.64687100773
173577,2007,12-24m,UP,Seine_Purse_Seine,LatinAmerica,76,8,253.371219983365,0,5.784,183.187392047973,0,1727.69086776758,0.0292161106674869,NA,0.00599135279270463,0.723,GAM,Data,Data,Pequivalent,BRA,6173.7270315441
173578,2008,12-24m,UP,Seine_Purse_Seine,LatinAmerica,76,7,221.699817485444,0,5.061,160.288968041976,0,1511.72950929664,0.0292161106674869,NA,0.00599135279270463,0.723,GAM,Data,Data,Pequivalent,BRA,5521.93580018886
173579,2009,12-24m,UP,Seine_Purse_Seine,LatinAmerica,76,6,190.028414987524,0,4.338,137.39054403598,0,1295.76815082569,0.0292161106674869,NA,0.00599135279270463,0.723,GAM,Data,Data,Pequivalent,BRA,4838.16237853119
173580,2010,12-24m,UP,Seine_Purse_Seine,LatinAmerica,76,6,190.028414987524,0,4.338,137.39054403598,0,1295.76815082569,0.0292161106674869,NA,0.00599135279270463,0.723,GAM,Data,Data,Pequivalent,BRA,4945.56958333458
173581,2011,12-24m,UP,Seine_Purse_Seine,LatinAmerica,76,5,158.357012489603,0,3.615,114.492120029983,0,1079.80679235474,0.0292161106674869,NA,0.00599135279270463,0.723,GAM,Data,Data,Pequivalent,BRA,4212.80102340383
173582,2012,12-24m,UP,Seine_Purse_Seine,LatinAmerica,76,5,158.357012489603,0,3.615,114.492120029983,0,1079.80679235474,0.0292161106674869,NA,0.00599135279270463,0.723,GAM,Data,Data,Pequivalent,BRA,4306.3252061234
173583,2013,12-24m,UP,Seine_Purse_Seine,LatinAmerica,76,4,126.685609991682,0,2.892,91.5936960239861,0,863.845433883791,0.0292161106674869,NA,0.00599135279270463,0.723,GAM,Data,Data,Pequivalent,BRA,3521.54050055947
173584,2014,12-24m,UP,Seine_Purse_Seine,LatinAmerica,76,4,126.685609991682,0,2.892,91.5936960239861,0,863.845433883791,0.0292161106674869,NA,0.00599135279270463,0.723,GAM,Data,Data,Pequivalent,BRA,3599.71869967188
173585,2015,12-24m,UP,Seine_Purse_Seine,LatinAmerica,76,4,10.379316,0,2.892,7.504245468,0,894.054976588124,0.0292161106674869,NA,0,0.723,GAM,GAM,Data,Pequivalent,BRA,3808.31289857323
173586,2016,12-24m,UP,Seine_Purse_Seine,LatinAmerica,76,3,7.784487,0,2.169,5.628184101,0,670.541232441094,0.0292161106674869,NA,0,0.723,GAM,GAM,Data,Pequivalent,BRA,2919.64308369117
173587,2017,12-24m,UP,Seine_Purse_Seine,LatinAmerica,76,3,95.0142074937618,0,2.169,68.6952720179898,0,647.884075412844,0.0292161106674869,NA,0.00599135279270463,0.723,GAM,GAM,Data,Pequivalent,BRA,2883.61620439272
173588,1950,6-12m,UP,Seine_Purse_Seine,LatinAmerica,76,930,2879.56521739151,0,672.39,2081.92565217406,0,207867.782056739,0.0292161106674869,NA,0.0317903281270767,0.723,GAM,AIC,Data,Pequivalent,BRA,212482.446818399
173589,1951,6-12m,UP,Seine_Purse_Seine,LatinAmerica,76,959,2968.87346949755,0,693.357,2146.49551844673,0,214349.680637003,0.0292161106674869,NA,0.0319366774668824,0.723,GAM,GAM,Data,Pequivalent,BRA,223972.446553891
173590,1952,6-12m,UP,Seine_Purse_Seine,LatinAmerica,76,988,3058.34526182337,0,714.324,2211.1836242983,0,220831.579217267,0.0292161106674869,NA,0.0320265237340934,0.723,GAM,GAM,Data,Pequivalent,BRA,235867.882428549
173591,1953,6-12m,UP,Seine_Purse_Seine,LatinAmerica,76,1017,3147.65351392941,0,735.291,2275.75349057096,0,227313.477797531,0.0292161106674869,NA,0.032157859172883,0.723,GAM,GAM,Data,Pequivalent,BRA,248181.093075483
173592,1954,6-12m,UP,Seine_Purse_Seine,LatinAmerica,76,1047,3239.96241048472,0,756.981,2342.49282278045,0,234018.890121942,0.0292161106674869,NA,0.0323079626788953,0.723,GAM,GAM,Data,Pequivalent,BRA,261174.215210247
173593,1955,6-12m,UP,Seine_Purse_Seine,LatinAmerica,76,1076,3329.27066259076,0,777.948,2407.06268905312,0,240500.788702205,0.0292161106674869,NA,0.0324245839075439,0.723,GAM,GAM,Data,Pequivalent,BRA,274366.930544217
173594,1956,6-12m,UP,Seine_Purse_Seine,LatinAmerica,76,1105,3418.41537447701,0,798.915,2471.51431574688,0,246982.68728247,0.0292161106674869,NA,0.0325780379775802,0.723,GAM,GAM,Data,Pequivalent,BRA,288016.685338793
173595,1957,6-12m,UP,Seine_Purse_Seine,LatinAmerica,76,1134,3507.56008636325,0,819.882,2535.96594244063,0,253464.585862734,0.0292161106674869,NA,0.032723691970911,0.723,GAM,GAM,Data,Pequivalent,BRA,302137.270248198
173596,1958,6-12m,UP,Seine_Purse_Seine,LatinAmerica,76,1154,3568.88129710708,0,834.342,2580.30117780842,0,257934.860745674,0,NA,0.0328596148364004,0.723,Data,GAM,Data,Pequivalent,BRA,314291.714431617
173597,1959,6-12m,UP,Seine_Purse_Seine,LatinAmerica,76,1215,3756.82681510656,0,878.445,2716.18578732204,0,271569.199138643,0,NA,0.0330278612752198,0.723,Data,GAM,Data,Pequivalent,BRA,338251.146835164
173598,1960,6-12m,UP,Seine_Purse_Seine,LatinAmerica,76,1216,3759.17329867668,0,879.168,2717.88229494324,0,271792.71288279,0,NA,0.0332059137461572,0.723,Data,AIC,Data,Pequivalent,BRA,346044.898691855
173599,1961,6-12m,UP,Seine_Purse_Seine,LatinAmerica,76,1175,3631.73129032207,0,849.525,2625.74172290286,0,262628.649372761,0,NA,0.0333773968116581,0.723,Data,GAM,Data,Pequivalent,BRA,341800.441731337
173600,1962,6-12m,UP,Seine_Purse_Seine,LatinAmerica,76,1275,3939.97274623908,0,921.825,2848.60029553085,0,284980.023787465,0,NA,0.0335693426106075,0.723,Data,GAM,Data,Pequivalent,BRA,379123.595498435
173601,1963,6-12m,UP,Seine_Purse_Seine,LatinAmerica,76,1322,4084.27383975081,0,955.806,2952.92998613984,0,295485.169762375,0,NA,0.0337754538902801,0.723,Data,GAM,Data,Pequivalent,BRA,401825.932689456
173602,1964,6-12m,UP,Seine_Purse_Seine,LatinAmerica,76,1298,4009.1511087922,0,938.454,2898.61625165676,0,290120.839902846,0,NA,0.0339940888751149,0.723,Data,GAM,Data,Pequivalent,BRA,403289.648999183
173603,1965,6-12m,UP,Seine_Purse_Seine,LatinAmerica,76,1334,4119.30033182337,0,964.482,2978.2541399083,0,298167.33469214,0,NA,0.034221970239156,0.723,Data,GAM,Data,Pequivalent,BRA,423676.22038682
173604,1966,6-12m,UP,Seine_Purse_Seine,LatinAmerica,76,1323,4084.33076024387,0,956.529,2952.97113965632,0,295708.683506523,0.0292161106674869,NA,0.034442580995192,0.723,GAM,GAM,Data,Pequivalent,BRA,429510.960880696
173605,1967,6-12m,UP,Seine_Purse_Seine,LatinAmerica,76,1318,4067.85567601939,0,952.914,2941.05965376202,0,294591.114785787,0.0292161106674869,NA,0.0346722935692233,0.723,GAM,GAM,Data,Pequivalent,BRA,437387.094746379
173606,1968,6-12m,UP,Seine_Purse_Seine,LatinAmerica,76,1306,4029.72191977083,0,944.238,2913.48894799431,0,291908.949856023,0.0292161106674869,NA,0.0349171660939304,0.723,GAM,GAM,Data,Pequivalent,BRA,443026.401558553
173607,1969,6-12m,UP,Seine_Purse_Seine,LatinAmerica,76,1288,3973.09367616724,0,931.224,2872.54672786891,0,287885.702461376,0.0292161106674869,NA,0.0351636258403816,0.723,GAM,GAM,Data,Pequivalent,BRA,446620.003769541
173608,1970,6-12m,UP,Seine_Purse_Seine,LatinAmerica,76,1263,3894.97030075935,0,913.149,2816.06352744901,0,282297.858857701,0.0292161106674869,NA,0.0353960236577574,0.723,GAM,AIC,Data,Pequivalent,BRA,447673.652483404
173609,1971,6-12m,UP,Seine_Purse_Seine,LatinAmerica,76,1234,3804.51726711479,0,892.182,2750.66598412399,0,275815.960277437,0.0292161106674869,NA,0.0356373096776583,0.723,GAM,GAM,Data,Pequivalent,BRA,447104.685146138
173610,1972,6-12m,UP,Seine_Purse_Seine,LatinAmerica,76,1200,3698.73393078428,0,867.6,2674.18463195703,0,268216.492976437,0.0292161106674869,NA,0.0358706855830052,0.723,GAM,GAM,Data,Pequivalent,BRA,444437.999179625
173611,1973,6-12m,UP,Seine_Purse_Seine,LatinAmerica,76,1501,12258.0570154505,0,1085.223,8862.57522217068,0,334246.674197011,0.0292161106674869,NA,0.0442017331367033,0.723,GAM,GAM,Data,Pequivalent,BRA,566146.302639944
173612,1974,6-12m,UP,Seine_Purse_Seine,LatinAmerica,76,1448,11731.0262879749,0,1046.904,8481.53200620587,0,322457.780075232,0.0292161106674869,NA,0.0444167998843129,0.723,GAM,GAM,Data,Pequivalent,BRA,558303.457200325
173613,1975,6-12m,UP,Seine_Purse_Seine,LatinAmerica,76,1391,11194.8979669172,0,1005.693,8093.91123008116,0,309774.830976865,0.0292161106674869,NA,0.0445960801339619,0.723,GAM,GAM,Data,Pequivalent,BRA,548251.038069351
173614,1976,6-12m,UP,Seine_Purse_Seine,LatinAmerica,76,1028,8423.07793185466,0,743.244,6089.88534473092,0,228913.851616526,0.0292161106674869,NA,0.0441132757512173,0.723,GAM,GAM,Data,Pequivalent,BRA,414134.377777286
173615,1977,6-12m,UP,Seine_Purse_Seine,LatinAmerica,76,979,7966.73383016005,0,707.817,5759.94855920572,0,218010.325453453,0.0292161106674869,NA,0.0442970782953707,0.723,GAM,GAM,Data,Pequivalent,BRA,403164.37600274
173616,1978,6-12m,UP,Seine_Purse_Seine,LatinAmerica,76,928,7505.84093167435,0,670.944,5426.72299360056,0,206659.771802087,0.0292161106674869,NA,0.0444613504135132,0.723,GAM,GAM,Data,Pequivalent,BRA,390658.168197569
173617,1979,6-12m,UP,Seine_Purse_Seine,LatinAmerica,76,877,7044.94803318866,0,634.071,5093.4974279954,0,195309.218150721,0.0292161106674869,NA,0.0446471164737869,0.723,GAM,GAM,Data,Pequivalent,BRA,377397.98923478
173618,1980,6-12m,UP,Seine_Purse_Seine,LatinAmerica,76,825,6594.09854274717,0,596.475,4767.5332464062,0,183733.413351632,0.0292161106674869,NA,0.0447839276480808,0.723,GAM,AIC,Data,Pequivalent,BRA,362911.608607189
173619,2015,6-12m,UP,Seine_Purse_Seine,LatinAmerica,76,175,538.03245598655,0,126.525,388.997465678276,0,39114.9052257305,0.0292161106674869,NA,0.0381576161407101,0.723,GAM,GAM,Data,Pequivalent,BRA,166613.689312579
173620,2016,6-12m,UP,Seine_Purse_Seine,LatinAmerica,76,168,516.537324182254,0,121.464,373.45648538377,0,37550.3090167013,0.0292161106674869,NA,0.038111878052207,0.723,GAM,GAM,Data,Pequivalent,BRA,163500.012686706
173621,2017,6-12m,UP,Seine_Purse_Seine,LatinAmerica,76,142,1111.30418431109,0,102.666,803.47292525692,0,31627.7578400043,0.0292161106674869,NA,0.045367025789346,0.723,GAM,GAM,Data,Pequivalent,BRA,140769.496391664
173622,1950,Less than 6m,UP,Seine_Purse_Seine,LatinAmerica,76,129,110.081191421495,0,93.267,79.5887013977409,0,29052.3020676444,0.0292161106674869,NA,0.0100450508117196,0.723,GAM,AIC,Data,Pequivalent,BRA,29697.2631735461
173623,1951,Less than 6m,UP,Seine_Purse_Seine,LatinAmerica,76,135,115.201246836449,0,97.605,83.2905014627526,0,30403.5719312557,0.0292161106674869,NA,0.0100450508117196,0.723,GAM,GAM,Data,Pequivalent,BRA,31768.4746213941
173624,1952,Less than 6m,UP,Seine_Purse_Seine,LatinAmerica,76,140,119.467959682243,0,101.22,86.3753348502617,0,31529.6301509319,0.0292161106674869,NA,0.0100450508117196,0.723,GAM,GAM,Data,Pequivalent,BRA,33676.4656749516
173625,1953,Less than 6m,UP,Seine_Purse_Seine,LatinAmerica,76,146,124.588015097196,0,105.558,90.0771349152727,0,32880.9000145433,0.0292161106674869,NA,0.0100450508117196,0.723,GAM,GAM,Data,Pequivalent,BRA,35899.4010649185
173626,1954,Less than 6m,UP,Seine_Purse_Seine,LatinAmerica,76,152,129.70807051215,0,109.896,93.7789349802844,0,34232.1698781547,0.0292161106674869,NA,0.0100450508117196,0.723,GAM,GAM,Data,Pequivalent,BRA,38204.4376768567
173627,1955,Less than 6m,UP,Seine_Purse_Seine,LatinAmerica,76,159,135.681468496262,0,114.957,98.0977017227974,0,35808.6513857013,0.0292161106674869,NA,0.0100450508117196,0.723,GAM,GAM,Data,Pequivalent,BRA,40851.050096921
173628,1956,Less than 6m,UP,Seine_Purse_Seine,LatinAmerica,76,166,141.654866480374,0,120.018,102.41646846531,0,37385.1328932479,0.0292161106674869,NA,0.0100450508117196,0.723,GAM,GAM,Data,Pequivalent,BRA,43596.3434333714
173629,1957,Less than 6m,UP,Seine_Purse_Seine,LatinAmerica,76,173,147.628264464486,0,125.079,106.735235207823,0,38961.6144007945,0.0292161106674869,NA,0.0100450508117196,0.723,GAM,GAM,Data,Pequivalent,BRA,46443.3947624305
173630,1958,Less than 6m,UP,Seine_Purse_Seine,LatinAmerica,76,179,152.748319879439,0,129.417,110.437035272834,0,40312.8842644058,0,NA,0.0100450508117196,0.723,Data,GAM,Data,Pequivalent,BRA,49120.9504311098
173631,1959,Less than 6m,UP,Seine_Purse_Seine,LatinAmerica,76,192,163.841773278505,0,138.816,118.457602080359,0,43240.6356355638,0,NA,0.0100450508117196,0.723,Data,GAM,Data,Pequivalent,BRA,53858.0760999478
173632,1960,Less than 6m,UP,Seine_Purse_Seine,LatinAmerica,76,196,167.25514355514,0,141.708,120.925468790366,0,44141.4822113047,0,NA,0.0100450508117196,0.723,Data,AIC,Data,Pequivalent,BRA,56200.6780016451
173633,1961,Less than 6m,UP,Seine_Purse_Seine,LatinAmerica,76,193,164.695115847664,0,139.539,119.074568757861,0,43465.847279499,0,NA,0.0100450508117196,0.723,Data,GAM,Data,Pequivalent,BRA,56569.0218330783
173634,1962,Less than 6m,UP,Seine_Purse_Seine,LatinAmerica,76,215,183.468652369159,0,155.445,132.647835662902,0,48420.503446074,0,NA,0.0100450508117196,0.723,Data,GAM,Data,Pequivalent,BRA,64416.2882659125
173635,1963,Less than 6m,UP,Seine_Purse_Seine,LatinAmerica,76,228,194.562105768224,0,164.844,140.668402470426,0,51348.2548172319,0,NA,0.0100450508117196,0.723,Data,GAM,Data,Pequivalent,BRA,69827.735857278
173636,1964,Less than 6m,UP,Seine_Purse_Seine,LatinAmerica,76,230,196.268790906542,0,166.29,141.90233582543,0,51798.6781051024,0,NA,0.0100450508117196,0.723,Data,GAM,Data,Pequivalent,BRA,72004.0336248299
173637,1965,Less than 6m,UP,Seine_Purse_Seine,LatinAmerica,76,242,206.508901736449,0,174.966,149.305935955453,0,54501.2178323251,0,NA,0.0100450508117196,0.723,Data,GAM,Data,Pequivalent,BRA,77442.6548150211
173638,1966,Less than 6m,UP,Seine_Purse_Seine,LatinAmerica,76,246,209.922272013084,0,177.858,151.77380266546,0,55402.064408066,0.0292161106674869,NA,0.0100450508117196,0.723,GAM,GAM,Data,Pequivalent,BRA,80470.3928085957
173639,1967,Less than 6m,UP,Seine_Purse_Seine,LatinAmerica,76,251,214.188984858879,0,181.473,154.85863605297,0,56528.1226277422,0.0292161106674869,NA,0.0100450508117196,0.723,GAM,GAM,Data,Pequivalent,BRA,83928.7747887232
173640,1968,Less than 6m,UP,Seine_Purse_Seine,LatinAmerica,76,254,216.749012566355,0,183.642,156.709536085475,0,57203.7575595479,0.0292161106674869,NA,0.0100450508117196,0.723,GAM,GAM,Data,Pequivalent,BRA,86817.395902846
173641,1969,Less than 6m,UP,Seine_Purse_Seine,LatinAmerica,76,256,218.455697704673,0,185.088,157.943469440479,0,57654.1808474183,0.0292161106674869,NA,0.0100450508117196,0.723,GAM,GAM,Data,Pequivalent,BRA,89443.5195886756
173642,1970,Less than 6m,UP,Seine_Purse_Seine,LatinAmerica,76,257,219.309040273832,0,185.811,158.560436117981,0,57879.3924913536,0.0292161106674869,NA,0.0100450508117196,0.723,GAM,AIC,Data,Pequivalent,BRA,91786.3109021519
173643,1971,Less than 6m,UP,Seine_Purse_Seine,LatinAmerica,76,256,218.455697704673,0,185.088,157.943469440479,0,57654.1808474183,0.0292161106674869,NA,0.0100450508117196,0.723,GAM,GAM,Data,Pequivalent,BRA,93458.893202607
173644,1972,Less than 6m,UP,Seine_Purse_Seine,LatinAmerica,76,253,215.895669997196,0,182.919,156.092569407973,0,56978.5459156126,0.0292161106674869,NA,0.0100450508117196,0.723,GAM,GAM,Data,Pequivalent,BRA,94414.145311802
173645,1973,Less than 6m,UP,Seine_Purse_Seine,LatinAmerica,76,332,221.119630281524,0,240.036,159.869492693542,0,74770.2657864956,0.0292161106674869,NA,0.417229956315952,0.723,GAM,GAM,Data,Pequivalent,BRA,126645.716443179
173646,1974,Less than 6m,UP,Seine_Purse_Seine,LatinAmerica,76,325,216.457469402095,0,234.975,156.498750377715,0,73193.7842789494,0.0292161106674869,NA,0.417229956315952,0.723,GAM,GAM,Data,Pequivalent,BRA,126727.730988467
173647,1975,Less than 6m,UP,Seine_Purse_Seine,LatinAmerica,76,317,211.129285539889,0,229.191,152.64647344534,0,71392.0911274673,0.0292161106674869,NA,0.417229956315952,0.723,GAM,GAM,Data,Pequivalent,BRA,126352.382945853
173648,1976,Less than 6m,UP,Seine_Purse_Seine,LatinAmerica,76,231,153.851309021181,0,167.013,111.234496422314,0,52023.8897490377,0.0292161106674869,NA,0.417229956315952,0.723,GAM,GAM,Data,Pequivalent,BRA,94117.8572577757
173649,1977,Less than 6m,UP,Seine_Purse_Seine,LatinAmerica,76,224,149.189148141751,0,161.952,107.863754106486,0,50447.4082414911,0.0292161106674869,NA,0.417229956315952,0.723,GAM,GAM,Data,Pequivalent,BRA,93291.9017589317
173650,1978,Less than 6m,UP,Seine_Purse_Seine,LatinAmerica,76,216,143.860964279546,0,156.168,104.011477174112,0,48645.7150900092,0.0292161106674869,NA,0.417229956315952,0.723,GAM,GAM,Data,Pequivalent,BRA,91957.161193052
173651,1979,Less than 6m,UP,Seine_Purse_Seine,LatinAmerica,76,208,138.532780417341,0,150.384,100.159200241738,0,46844.0219385274,0.0292161106674869,NA,0.417229956315952,0.723,GAM,GAM,Data,Pequivalent,BRA,90517.1801651845
173652,1980,Less than 6m,UP,Seine_Purse_Seine,LatinAmerica,76,199,132.53857357236,0,143.877,95.8253886928163,0,44817.1171431104,0.0292161106674869,NA,0.417229956315952,0.723,GAM,AIC,Data,Pequivalent,BRA,88523.1040932957
173653,1981,Less than 6m,UP,Seine_Purse_Seine,LatinAmerica,76,191,127.210389710154,0,138.093,91.9731117604413,0,43015.4239916285,0.0292161106674869,NA,0.417229956315952,0.723,GAM,GAM,Data,Pequivalent,BRA,86850.5957175669
173654,1982,Less than 6m,UP,Seine_Purse_Seine,LatinAmerica,76,244,162.509607797265,0,176.412,117.494446437423,0,54951.6411201956,0.0292161106674869,NA,0.417229956315952,0.723,GAM,GAM,Data,Pequivalent,BRA,113413.600324447
173655,1983,Less than 6m,UP,Seine_Purse_Seine,LatinAmerica,76,233,198.828818614019,0,168.459,143.753235857936,0,52474.3130369081,0.0292161106674869,NA,0.0100450508117196,0.723,GAM,GAM,Data,Pequivalent,BRA,110704.967478009
173656,1984,Less than 6m,UP,Seine_Purse_Seine,LatinAmerica,76,222,189.442050353271,0,160.506,136.966602405415,0,49996.9849536206,0.0292161106674869,NA,0.0100450508117196,0.723,GAM,GAM,Data,Pequivalent,BRA,107820.176574406
173657,1985,Less than 6m,UP,Seine_Purse_Seine,LatinAmerica,76,211,180.055282092523,0,152.553,130.179968952894,0,47519.6568703331,0.0292161106674869,NA,0.0100450508117196,0.723,GAM,GAM,Data,Pequivalent,BRA,104752.741118512
173658,1986,Less than 6m,UP,Seine_Purse_Seine,LatinAmerica,76,201,133.870619537911,0,145.323,96.7884579259097,0,45267.5404309808,0.0292161106674869,NA,0.417229956315952,0.723,GAM,GAM,Data,Pequivalent,BRA,102003.453299715
173659,1987,Less than 6m,UP,Seine_Purse_Seine,LatinAmerica,76,191,127.210389710154,0,138.093,91.9731117604413,0,43015.4239916285,0.0292161106674869,NA,0.417229956315952,0.723,GAM,GAM,Data,Pequivalent,BRA,99080.4707608308
173660,1988,Less than 6m,UP,Seine_Purse_Seine,LatinAmerica,76,182,121.216182865173,0,131.586,87.6393002115201,0,40988.5191962114,0.0292161106674869,NA,0.417229956315952,0.723,GAM,GAM,Data,Pequivalent,BRA,96507.6984949383
173661,1989,Less than 6m,UP,Seine_Purse_Seine,LatinAmerica,76,172,114.555953037416,0,124.356,82.8239540460518,0,38736.4027568592,0.0292161106674869,NA,0.417229956315952,0.723,GAM,GAM,Data,Pequivalent,BRA,93229.8304234206
173662,1990,Less than 6m,UP,Seine_Purse_Seine,LatinAmerica,76,164,109.227769175211,0,118.572,78.9716771136775,0,36934.7096053774,0.0292161106674869,NA,0.417229956315952,0.723,GAM,AIC,Data,Pequivalent,BRA,90866.9962560844
173663,1991,Less than 6m,UP,Seine_Purse_Seine,LatinAmerica,76,155,103.23356233023,0,112.065,74.6378655647563,0,34907.8048099603,0.0292161106674869,NA,0.417229956315952,0.723,GAM,GAM,Data,Pequivalent,BRA,87786.9375232333
173664,1992,Less than 6m,UP,Seine_Purse_Seine,LatinAmerica,76,110,93.8676826074767,0,79.53,67.8663345252056,0,24773.280832875,0.0292161106674869,NA,0.0100450508117196,0.723,GAM,GAM,Data,Pequivalent,BRA,63683.4763160476
173665,1993,Less than 6m,UP,Seine_Purse_Seine,LatinAmerica,76,105,89.6009697616823,0,75.915,64.7815011376963,0,23647.2226131989,0.0292161106674869,NA,0.0100450508117196,0.723,GAM,GAM,Data,Pequivalent,BRA,62138.2836043429
173666,1994,Less than 6m,UP,Seine_Purse_Seine,LatinAmerica,76,99,65.9362752947919,0,71.577,47.6719270381345,0,22295.9527495876,0.0292161106674869,NA,0.417229956315952,0.723,GAM,GAM,Data,Pequivalent,BRA,59888.1675860533
173667,1995,Less than 6m,UP,Seine_Purse_Seine,LatinAmerica,76,94,62.6061603809135,0,67.962,45.2642539554005,0,21169.8945299115,0.0292161106674869,NA,0.417229956315952,0.723,GAM,GAM,Data,Pequivalent,BRA,58125.8826384607
173668,1996,Less than 6m,UP,Seine_Purse_Seine,LatinAmerica,76,90,59.9420684498108,0,65.07,43.3381154892132,0,20269.0479541705,0.0292161106674869,NA,0.417229956315952,0.723,GAM,GAM,Data,Pequivalent,BRA,56887.9250103518
173669,1997,Less than 6m,UP,Seine_Purse_Seine,LatinAmerica,76,85,56.6119535359325,0,61.455,40.9304424064792,0,19142.9897344944,0.0292161106674869,NA,0.417229956315952,0.723,GAM,GAM,Data,Pequivalent,BRA,54920.2348930495
173670,1998,Less than 6m,UP,Seine_Purse_Seine,LatinAmerica,76,81,53.9478616048298,0,58.563,39.0043039402919,0,18242.1431587535,0.0292161106674869,NA,0.417229956315952,0.723,GAM,GAM,Data,Pequivalent,BRA,53497.6069731963
173671,1999,Less than 6m,UP,Seine_Purse_Seine,LatinAmerica,76,77,65.7073778252337,0,55.671,47.506434167644,0,17341.2965830125,0.0292161106674869,NA,0.0100450508117196,0.723,GAM,GAM,Data,Pequivalent,BRA,51984.7474851368
173672,2000,Less than 6m,UP,Seine_Purse_Seine,LatinAmerica,76,74,63.147350117757,0,53.502,45.6555341351383,0,16665.6616512069,0.0292161106674869,NA,0.0100450508117196,0.723,GAM,GAM,Data,Pequivalent,BRA,51068.4656762172
173673,2001,Less than 6m,UP,Seine_Purse_Seine,LatinAmerica,76,67,57.1739521336449,0,48.441,41.3367673926253,0,15089.1801436603,0,NA,0.0100450508117196,0.723,Data,GAM,Data,Pequivalent,BRA,47264.1410290994
173674,2002,Less than 6m,UP,Seine_Purse_Seine,LatinAmerica,76,68,58.0272947028038,0,49.164,41.9537340701271,0,15314.3917875955,0.0292161106674869,NA,0.0100450508117196,0.723,GAM,GAM,Data,Pequivalent,BRA,49034.5005563625
173675,2003,Less than 6m,UP,Seine_Purse_Seine,LatinAmerica,76,65,55.4672669953271,0,46.995,40.1028340376215,0,14638.7568557898,0.0292161106674869,NA,0.0100450508117196,0.723,GAM,GAM,Data,Pequivalent,BRA,47911.7547127409
173676,2004,Less than 6m,UP,Seine_Purse_Seine,LatinAmerica,76,59,50.3472115803739,0,42.657,36.4010339726103,0,13287.4869921784,0,NA,0.0100450508117196,0.723,Data,Data,Data,Pequivalent,BRA,44454.5899134532
173677,2005,Less than 6m,UP,Seine_Purse_Seine,LatinAmerica,76,66,56.320609564486,0,47.718,40.7198007151234,0,14863.968499725,0,NA,0.0100450508117196,0.723,Data,Data,Data,Pequivalent,BRA,50832.8440581204
173678,2006,Less than 6m,UP,Seine_Purse_Seine,LatinAmerica,76,58,38.6293330009892,0,41.934,27.9290077597152,0,13062.2753482432,0.0292161106674869,NA,0.417229956315952,0.723,GAM,Data,Data,Pequivalent,BRA,45662.9897784882
173679,2007,Less than 6m,UP,Seine_Purse_Seine,LatinAmerica,76,74,49.2857007254,0,53.502,35.6335616244642,0,16665.6616512069,0.0292161106674869,NA,0.417229956315952,0.723,GAM,Data,Data,Pequivalent,BRA,59553.0414347628
173680,2008,Less than 6m,UP,Seine_Purse_Seine,LatinAmerica,76,71,47.287631777073,0,51.333,34.1889577748238,0,15990.0267194012,0.0292161106674869,NA,0.417229956315951,0.723,GAM,Data,Data,Pequivalent,BRA,58407.2087267247
173681,2009,Less than 6m,UP,Seine_Purse_Seine,LatinAmerica,76,69,45.9555858115216,0,49.887,33.2258885417301,0,15539.6034315307,0.0292161106674869,NA,0.417229956315951,0.723,GAM,Data,Data,Pequivalent,BRA,58022.0502038253
173682,2010,Less than 6m,UP,Seine_Purse_Seine,LatinAmerica,76,66,43.9575168631946,0,47.718,31.7812846920897,0,14863.968499725,0.0292161106674869,NA,0.417229956315952,0.723,GAM,Data,Data,Pequivalent,BRA,56731.4379914653
173683,2011,Less than 6m,UP,Seine_Purse_Seine,LatinAmerica,76,64,42.6254708976433,0,46.272,30.8182154589961,0,14413.5452118546,0.0292161106674869,NA,0.417229956315952,0.723,GAM,Data,Data,Pequivalent,BRA,56233.5766447283
173684,2012,Less than 6m,UP,Seine_Purse_Seine,LatinAmerica,76,62,41.2934249320919,0,44.826,29.8551462259024,0,13963.1219239841,0.0292161106674869,NA,0.417229956315952,0.723,GAM,Data,Data,Pequivalent,BRA,55685.650732296
173685,2013,Less than 6m,UP,Seine_Purse_Seine,LatinAmerica,76,59,39.2953559837649,0,42.657,28.410542376262,0,13287.4869921784,0.0292161106674869,NA,0.417229956315952,0.723,GAM,Data,Data,Pequivalent,BRA,54167.588040881
173686,2014,Less than 6m,UP,Seine_Purse_Seine,LatinAmerica,76,57,37.9633100182135,0,41.211,27.4474731431684,0,12837.063704308,0.0292161106674869,NA,0.417229956315952,0.723,GAM,Data,Data,Pequivalent,BRA,53493.1556650366
173687,2015,Less than 6m,UP,Seine_Purse_Seine,LatinAmerica,76,55,46.9338413037383,0,39.765,33.9331672626028,0,12386.6404164376,0.0292161106674869,NA,0.0100450508117196,0.723,GAM,GAM,Data,Pequivalent,BRA,52762.0825376148
173688,2016,Less than 6m,UP,Seine_Purse_Seine,LatinAmerica,76,53,45.2271561654206,0,38.319,32.6992339075991,0,11936.2171285671,0.0292161106674869,NA,0.0100450508117196,0.723,GAM,GAM,Data,Pequivalent,BRA,51972.1861964969
173689,2017,Less than 6m,UP,Seine_Purse_Seine,LatinAmerica,76,51,33.9671721215595,0,36.873,24.5582654438875,0,11485.7938406966,0.0292161106674869,NA,0.417229956315952,0.723,GAM,GAM,Data,Pequivalent,BRA,51121.2151930755
198611,1950,12-24m,APW,Seine_Danish_and_Other,LatinAmerica,76,2,44.1307908661474,326.031447241344,1.446,31.9065617962246,235.720736355492,46698.5403486948,0.0513454323196739,0.00192554548439644,0.00399752657907531,0.723,GAM,AIC,Data,AIC,BRA,47735.2479444358
198612,1951,12-24m,APW,Seine_Danish_and_Other,LatinAmerica,76,2,44.1307908661474,325.924023635572,1.446,31.9065617962246,235.643069088519,46683.1537176474,0.0513454323196739,0.00192681500190621,0.00399752657907531,0.723,GAM,GAM,Data,AIC,BRA,48778.8930681891
198613,1952,12-24m,APW,Seine_Danish_and_Other,LatinAmerica,76,3,104.841467875266,601.616412319523,2.169,75.8003812738172,434.968666107015,85924.9151194525,0.0513454323196739,0.00150614062696394,0.00312963306179369,0.723,GAM,GAM,Data,AIC,BRA,91775.4962805312
198614,1953,12-24m,APW,Seine_Danish_and_Other,LatinAmerica,76,3,104.841467875266,600.50713228678,2.169,75.8003812738172,434.166656643342,85766.9235772211,0.0513454323196739,0.00151095748628182,0.00312963306179369,0.723,GAM,GAM,Data,AIC,BRA,93640.4169667204
198615,1954,12-24m,APW,Seine_Danish_and_Other,LatinAmerica,76,3,104.841467875266,599.370654004159,2.169,75.8003812738172,433.344982845007,85605.0587572111,0.0513454323196739,0.0015159231440701,0.00312963306179369,0.723,GAM,GAM,Data,AIC,BRA,95538.5867666133
198616,1955,12-24m,APW,Seine_Danish_and_Other,LatinAmerica,76,3,104.841467875266,598.158721079247,2.169,75.8003812738172,432.468755340296,85432.4507289741,0.0513454323196739,0.00152124804497846,0.00312963306179369,0.723,GAM,GAM,Data,AIC,BRA,97462.6295483902
198617,1956,12-24m,APW,Seine_Danish_and_Other,LatinAmerica,76,3,104.841467875266,596.804307461341,2.169,75.8003812738172,431.48951429455,85239.5578043779,0.0513454323196739,0.00152722997361435,0.00312963306179369,0.723,GAM,GAM,Data,AIC,BRA,99401.3595393569
198618,1957,12-24m,APW,Seine_Danish_and_Other,LatinAmerica,76,3,104.841467875266,595.218450536529,2.169,75.8003812738172,430.34293973791,85013.7156909726,0.0513454323196739,0.0015342732701612,0.00312963306179369,0.723,GAM,GAM,Data,AIC,BRA,101338.859253644
198619,1958,12-24m,APW,Seine_Danish_and_Other,LatinAmerica,76,4,126.90686330834,755.856642532132,2.892,91.7536621719295,546.484352550731,108024.035080094,0,0.00162750585497985,0.00328053438543677,0.723,Data,GAM,Data,AIC,BRA,131626.485411834
198620,1959,12-24m,APW,Seine_Danish_and_Other,LatinAmerica,76,3,104.841467875266,590.954864476963,2.169,75.8003812738172,427.260367016844,84406.5920288895,0,0.00155345102730508,0.00312963306179369,0.723,Data,GAM,Data,AIC,BRA,105132.049749294
198621,1960,12-24m,APW,Seine_Danish_and_Other,LatinAmerica,76,4,126.90686330834,750.4567197357,2.892,91.7536621719295,542.580208368911,107255.013679147,0,0.0016475369079952,0.00328053438543677,0.723,Data,AIC,Data,AIC,BRA,136556.458593501
198622,1961,12-24m,APW,Seine_Danish_and_Other,LatinAmerica,76,4,126.90686330834,746.811675935929,2.892,91.7536621719295,539.944841701677,106735.955398464,0,0.00166132407111759,0.00328053438543677,0.723,Data,GAM,Data,AIC,BRA,138912.47885919
198623,1962,12-24m,APW,Seine_Danish_and_Other,LatinAmerica,76,4,126.90686330834,742.39917778862,2.892,91.7536621719295,536.754605541172,106107.638616622,0,0.00167834552729107,0.00328053438543677,0.723,Data,GAM,Data,AIC,BRA,141160.453731255
198624,1963,12-24m,APW,Seine_Danish_and_Other,LatinAmerica,76,4,126.90686330834,737.135878784872,2.892,91.7536621719295,532.949240361462,105358.198124056,0,0.0016991674795843,0.00328053438543677,0.723,Data,GAM,Data,AIC,BRA,143275.062710338
198625,1964,12-24m,APW,Seine_Danish_and_Other,LatinAmerica,76,4,126.90686330834,730.967980894185,2.892,91.7536621719295,528.489850186496,104479.974810749,0,0.00172434633460785,0.00328053438543677,0.723,Data,GAM,Data,AIC,BRA,145234.97306495
198626,1965,12-24m,APW,Seine_Danish_and_Other,LatinAmerica,76,4,126.90686330834,723.878161376504,2.892,91.7536621719295,523.363910675212,103470.501940398,0,0.00175441317634178,0.00328053438543677,0.723,Data,GAM,Data,AIC,BRA,147024.794747882
198627,1966,12-24m,APW,Seine_Danish_and_Other,LatinAmerica,76,5,148.972258741413,877.667479486636,3.615,107.706943070042,634.553587668838,125505.047481965,0.0513454323196739,0.0018203239851681,0.00338673346175287,0.723,GAM,GAM,Data,AIC,BRA,182293.576570493
198628,1967,12-24m,APW,Seine_Danish_and_Other,LatinAmerica,76,6,209.682935750532,1090.89479343958,4.338,151.600762547634,788.716935656819,155855.188614869,0.0513454323196739,0.00179327349097878,0.00312963306179369,0.723,GAM,GAM,Data,AIC,BRA,231402.254609668
198629,1968,12-24m,APW,Seine_Danish_and_Other,LatinAmerica,76,6,209.682935750532,1072.19159865949,4.338,151.600762547634,775.194525830808,153192.475387513,0.0513454323196739,0.00185298024810154,0.00312963306179369,0.723,GAM,GAM,Data,AIC,BRA,232498.219565558
198630,1969,12-24m,APW,Seine_Danish_and_Other,LatinAmerica,76,6,209.682935750532,1052.47260325478,4.338,151.600762547634,760.937692153207,150385.144448102,0.0513454323196739,0.00192091986069437,0.00312963306179369,0.723,GAM,GAM,Data,AIC,BRA,233304.444111132
198631,1970,12-24m,APW,Seine_Danish_and_Other,LatinAmerica,76,6,209.682935750532,1032.17207929325,4.338,151.600762547634,746.260413329018,147495.013279885,0.0513454323196739,0.00199694880375137,0.00312963306179369,0.723,GAM,AIC,Data,AIC,BRA,233900.574326984
198632,1971,12-24m,APW,Seine_Danish_and_Other,LatinAmerica,76,6,209.682935750532,1011.77939512596,4.338,151.600762547634,731.516502676072,144591.742969405,0.0513454323196739,0.00208045995468633,0.00312963306179369,0.723,GAM,GAM,Data,AIC,BRA,234386.89207847
198633,1972,12-24m,APW,Seine_Danish_and_Other,LatinAmerica,76,6,209.682935750532,991.86766254368,4.338,151.600762547634,717.120320019081,141756.916675473,0.0513454323196739,0.00216997983515634,0.00312963306179369,0.723,GAM,GAM,Data,AIC,BRA,234892.939349016
198634,1973,12-24m,APW,Seine_Danish_and_Other,LatinAmerica,76,7,115.022523393432,1133.65726384439,5.061,83.1612844134512,819.634201759495,164403.491680651,0.0513454323196739,0.00299231568783619,0.00864841690452616,0.723,GAM,GAM,Data,AIC,BRA,278466.282962135
198635,1974,12-24m,APW,Seine_Danish_and_Other,LatinAmerica,76,7,115.022523393432,1116.15233014065,5.061,83.1612844134512,806.978134691689,161794.016155061,0.0513454323196739,0.00304075382169475,0.00864841690452616,0.723,GAM,GAM,Data,AIC,BRA,280130.188059414
198636,1975,12-24m,APW,Seine_Danish_and_Other,LatinAmerica,76,7,115.022523393432,1100.54593656805,5.061,83.1612844134512,795.694712138702,159467.986276142,0.0513454323196739,0.00308536680793702,0.00864841690452616,0.723,GAM,GAM,Data,AIC,BRA,282232.383886776
198637,1976,12-24m,APW,Seine_Danish_and_Other,LatinAmerica,76,8,115.157345625129,1229.97790952391,5.784,83.2587608869681,889.274028585788,178805.834883745,0.0513454323196739,0.00349367974573756,0.0103160447557876,0.723,GAM,GAM,Data,AIC,BRA,323482.579361667
198638,1977,12-24m,APW,Seine_Danish_and_Other,LatinAmerica,76,9,138.107921411136,1373.14963918495,6.507,99.8520271802512,992.787189130718,199213.656928642,0.0513454323196739,0.0033632881928759,0.00948271921628186,0.723,GAM,GAM,Data,AIC,BRA,368403.879586006
198639,1978,12-24m,APW,Seine_Danish_and_Other,LatinAmerica,76,9,138.107921411136,1359.15597927985,6.507,99.8520271802512,982.669773019329,197128.049555396,0.0513454323196739,0.00339901957966835,0.00948271921628186,0.723,GAM,GAM,Data,AIC,BRA,372639.92923316
198640,1979,12-24m,APW,Seine_Danish_and_Other,LatinAmerica,76,9,138.107921411136,1348.03989080264,6.507,99.8520271802512,974.632841050312,195471.355660186,0.0513454323196739,0.00342794345095865,0.00948271921628186,0.723,GAM,GAM,Data,AIC,BRA,377711.289193844
198641,1980,12-24m,APW,Seine_Danish_and_Other,LatinAmerica,76,10,161.058497197144,1499.36405123035,7.23,116.445293473535,1084.04020903955,217096.843952732,0.0513454323196739,0.0032961592663031,0.00888688876435824,0.723,GAM,AIC,Data,AIC,BRA,428811.305604203
198642,1981,12-24m,APW,Seine_Danish_and_Other,LatinAmerica,76,11,161.193319428841,1618.44267844321,7.953,116.542769947052,1170.13405651444,234884.726405599,0.0513454323196739,0.00360999427263174,0.0100780513151005,0.723,GAM,GAM,Data,AIC,BRA,474245.66632783
198643,1982,12-24m,APW,Seine_Danish_and_Other,LatinAmerica,76,12,184.143895214848,1773.10809159251,8.676,133.136036240335,1281.95715022138,257006.122361206,0.0513454323196739,0.00347563209114204,0.00948271921628186,0.723,GAM,GAM,Data,AIC,BRA,530429.829723453
198644,1983,12-24m,APW,Seine_Danish_and_Other,LatinAmerica,76,12,419.365871501064,1770.57474241082,8.676,303.201525095269,1280.12553876302,253165.251309263,0.0513454323196739,0.0028542830005899,0.00312963306179369,0.723,GAM,GAM,Data,AIC,BRA,534102.29292647
198645,1984,12-24m,APW,Seine_Danish_and_Other,LatinAmerica,76,13,441.431266934137,1930.11033064549,9.399,319.154805993381,1395.46976905669,276017.399116397,0.0513454323196739,0.00278694206149483,0.00317301561098561,0.723,GAM,GAM,Data,AIC,BRA,595240.787778407
198646,1985,12-24m,APW,Seine_Danish_and_Other,LatinAmerica,76,15,524.20733937633,2214.55468058484,10.845,379.001906369087,1601.12303406284,316649.885354859,0.0513454323196739,0.00274236934772366,0.00312963306179369,0.723,GAM,GAM,Data,AIC,BRA,698025.73609264
198647,1986,12-24m,APW,Seine_Danish_and_Other,LatinAmerica,76,15,230.17986901856,2218.84585368237,10.845,166.420045300419,1604.22555221235,321581.150672392,0.0513454323196739,0.00335375588361948,0.00948271921628186,0.723,GAM,GAM,Data,AIC,BRA,724633.756823912
198648,1987,12-24m,APW,Seine_Danish_and_Other,LatinAmerica,76,17,253.265267036265,2510.06046005748,12.291,183.110788067219,1814.77371262156,364068.487582682,0.0513454323196739,0.0034372551633764,0.00986162453675507,0.723,GAM,GAM,Data,AIC,BRA,838584.716633179
198649,1988,12-24m,APW,Seine_Danish_and_Other,LatinAmerica,76,18,276.215842822272,2682.62057263114,13.014,199.704054360502,1939.53467401231,388819.983385469,0.0513454323196739,0.00332147964898572,0.00948271921628186,0.723,GAM,GAM,Data,AIC,BRA,915478.833127501
198650,1989,12-24m,APW,Seine_Danish_and_Other,LatinAmerica,76,19,276.350665053969,2823.60142094832,13.737,199.801530834019,2041.46382734563,409832.839208241,0.0513454323196739,0.00349694694083646,0.0101772249244724,0.723,GAM,GAM,Data,AIC,BRA,986375.692682707
198651,1990,12-24m,APW,Seine_Danish_and_Other,LatinAmerica,76,20,299.301240839977,3006.78924165791,14.46,216.394797127303,2173.90862171867,436142.646004643,0.0513454323196739,0.00334946818538815,0.00980334453979135,0.723,GAM,AIC,Data,AIC,BRA,1073000.77907889
198652,1991,12-24m,APW,Seine_Danish_and_Other,LatinAmerica,76,22,322.386638857681,3324.76940687037,15.906,233.085539894103,2403.80828116728,482565.578901836,0.0513454323196739,0.00345989113815588,0.0100780513151005,0.723,GAM,GAM,Data,AIC,BRA,1213566.83860656
198653,1992,12-24m,APW,Seine_Danish_and_Other,LatinAmerica,76,23,816.666347569053,3521.15360789272,16.629,590.449769292425,2545.79405850644,503405.530980341,0.0513454323196739,0.00257241902024295,0.00310618356652598,0.723,GAM,GAM,Data,AIC,BRA,1294080.28051783
198654,1993,12-24m,APW,Seine_Danish_and_Other,LatinAmerica,76,25,899.442420011245,3857.0769877147,18.075,650.29686966813,2788.66666211773,551384.368073958,0.0513454323196739,0.00259702395154831,0.00308705020551173,0.723,GAM,GAM,Data,AIC,BRA,1448883.8202613
198655,1994,12-24m,APW,Seine_Danish_and_Other,LatinAmerica,76,27,391.508010679097,4203.74775064801,19.521,283.060291720987,3039.30962371851,610482.998099983,0.0513454323196739,0.00336098246294811,0.0102180570986766,0.723,GAM,GAM,Data,AIC,BRA,1639791.24414516
198656,1995,12-24m,APW,Seine_Danish_and_Other,LatinAmerica,76,28,414.458586465104,4423.04790185452,20.244,299.65355801427,3197.86363304082,642053.648610263,0.0513454323196739,0.00325776783719115,0.00994579832867077,0.723,GAM,GAM,Data,AIC,BRA,1762877.70229489
198657,1996,12-24m,APW,Seine_Danish_and_Other,LatinAmerica,76,30,437.543984482809,4790.70256327529,21.69,316.344300781071,3463.67795324803,695749.103578601,0.0513454323196739,0.00306835258185009,0.0101406888872708,0.723,GAM,GAM,Data,AIC,BRA,1952717.41030418
198658,1997,12-24m,APW,Seine_Danish_and_Other,LatinAmerica,76,32,460.629382500513,5170.43507435943,23.136,333.035043547871,3738.22455876187,751212.126124315,0.0513454323196739,0.00307578433844944,0.0103160447557876,0.723,GAM,GAM,Data,AIC,BRA,2155188.24350162
198659,1998,12-24m,APW,Seine_Danish_and_Other,LatinAmerica,76,33,483.579958286521,5414.2150763444,23.859,349.628309841155,3914.477500197,786330.647281439,0.0513454323196739,0.00341841388278352,0.0100780513151005,0.723,GAM,GAM,Data,AIC,BRA,2306023.34129012
198660,1999,12-24m,APW,Seine_Danish_and_Other,LatinAmerica,76,35,1274.67750064616,5811.82670779695,25.305,921.591832967174,4201.95070973719,830706.671556783,0.0513454323196739,0.00225315879079738,0.0030695381322357,0.723,GAM,GAM,Data,AIC,BRA,2490244.96803779
198661,2000,12-24m,APW,Seine_Danish_and_Other,LatinAmerica,76,36,1335.38817765528,6038.26735263016,26.028,965.485652444767,4365.66729595161,862978.71567551,0.0513454323196739,0.00223784080170405,0.00304358880601971,0.723,GAM,GAM,Data,AIC,BRA,2644419.39618936
198662,2001,12-24m,APW,Seine_Danish_and_Other,LatinAmerica,76,37,1357.45357308835,6289.83941046809,26.751,981.43893334288,4547.55389376843,898990.137966302,0.0513454323196739,0.00213176745715155,0.00305909505580852,0.723,GAM,GAM,Data,AIC,BRA,2815924.8057265
198663,2002,12-24m,APW,Seine_Danish_and_Other,LatinAmerica,76,38,1379.51896852143,6539.42983007117,27.474,997.392214240992,4728.00776714146,934724.334236256,0.0513454323196739,0.00276138124072562,0.00307410526090192,0.723,GAM,GAM,Data,AIC,BRA,2992854.14157147
198664,2003,12-24m,APW,Seine_Danish_and_Other,LatinAmerica,76,40,1462.29504096362,6942.35771048629,28.92,1057.2393146167,5019.32462468159,992288.935300694,0.0513454323196739,0.00282890034721668,0.00306415238547272,0.723,GAM,GAM,Data,AIC,BRA,3247700.91754685
198665,2004,12-24m,APW,Seine_Danish_and_Other,LatinAmerica,76,41,1484.36043639669,7187.92594955648,29.643,1073.19259551481,5196.87046152934,1027459.07814938,0,0.00125235475593503,0.00307802723026369,0.723,Data,Data,Data,AIC,BRA,3437465.03751024
198666,2005,12-24m,APW,Seine_Danish_and_Other,LatinAmerica,76,41,1484.36043639669,7243.39001314044,29.643,1073.19259551481,5236.97097950054,1035404.6818846,0,0.0026452891618747,0.00307802723026369,0.723,Data,Data,Data,AIC,BRA,3540949.69538326
198667,2006,12-24m,APW,Seine_Danish_and_Other,LatinAmerica,76,42,621.687879697657,7485.39688231526,30.366,449.480337021406,5411.94194591393,1086469.93700122,0.0513454323196739,0.0038123694137798,0.00994579832867076,0.723,GAM,Data,Data,AIC,BRA,3798072.2581073
198668,2007,12-24m,APW,Seine_Danish_and_Other,LatinAmerica,76,42,621.687879697657,7537.36736137067,30.366,449.480337021406,5449.51660227099,1093888.68350637,0.0513454323196739,0.00310312382696605,0.00994579832867076,0.723,GAM,Data,Data,AIC,BRA,3908899.59590385
198669,2008,12-24m,APW,Seine_Danish_and_Other,LatinAmerica,76,43,644.638455483664,7785.61439545143,31.089,466.073603314689,5628.99920791138,1129443.57652971,0.0513454323196739,0.00332515118564136,0.00978044752074396,0.723,GAM,Data,Data,AIC,BRA,4125549.49888787
198670,2009,12-24m,APW,Seine_Danish_and_Other,LatinAmerica,76,42,644.503633251967,7688.74676282626,30.366,465.976126841172,5558.96390952339,1114650.73283019,0.0513454323196739,0.00317371372256226,0.00948271921628186,0.723,GAM,Data,Data,AIC,BRA,4161902.91244989
198671,2010,12-24m,APW,Seine_Danish_and_Other,LatinAmerica,76,42,644.503633251967,7751.32102907607,30.366,465.976126841172,5604.205104022,1123694.28866355,0.0513454323196739,0.00295971782123434,0.00948271921628186,0.723,GAM,Data,Data,AIC,BRA,4288813.77539648
198672,2011,12-24m,APW,Seine_Danish_and_Other,LatinAmerica,76,41,644.36881102027,7660.93194505166,29.643,465.878650367655,5538.85379627235,1109913.57184542,0.0513454323196739,0.00161039333691904,0.00918486632355986,0.723,GAM,Data,Data,AIC,BRA,4330260.80634624
198673,2012,12-24m,APW,Seine_Danish_and_Other,LatinAmerica,76,40,644.233988788573,7571.46218669062,28.92,465.781173894138,5474.16716097732,1096296.3618531,0.0513454323196739,0.00153265632579442,0.00888688876435824,0.723,GAM,Data,Data,AIC,BRA,4372086.46014742
198674,2013,12-24m,APW,Seine_Danish_and_Other,LatinAmerica,76,40,644.233988788573,7644.15968522409,28.92,465.781173894138,5526.72745241702,1106929.58659277,0.0513454323196739,0.00143772626187543,0.00888688876435824,0.723,GAM,Data,Data,AIC,BRA,4512494.03834712
198675,2014,12-24m,APW,Seine_Danish_and_Other,LatinAmerica,76,39,644.099166556876,7553.42923360336,28.197,465.683697420622,5461.12933589523,1093179.86229242,0.0513454323196739,0.00141762854734456,0.00858878646039182,0.723,GAM,Data,Data,AIC,BRA,4555375.11462743
198676,2015,12-24m,APW,Seine_Danish_and_Other,LatinAmerica,76,39,1285.64851922637,7628.32914917786,28.197,929.523879400664,5515.28197485559,1090944.9633564,0.0513454323196739,0.0011359820734847,0.00321900623042991,0.723,GAM,Data,Data,AIC,BRA,4646984.67586257
198677,2016,12-24m,APW,Seine_Danish_and_Other,LatinAmerica,76,38,1224.93784221725,7528.43174673329,27.474,885.630059923071,5443.05615288817,1076747.04103646,0.0513454323196739,0.00108010547235364,0.00325470333388492,0.723,GAM,Data,Data,AIC,BRA,4688327.72565289
198678,2017,12-24m,APW,Seine_Danish_and_Other,LatinAmerica,76,37,643.829522093482,7419.27157663868,26.751,465.488744473588,5364.13334990977,1072695.95968456,0.0513454323196739,0.00114899962211424,0.00799220730469576,0.723,GAM,Data,Data,AIC,BRA,4774377.96223332
198679,1950,6-12m,APW,Seine_Danish_and_Other,LatinAmerica,76,31,98.4477244229221,832.625471986355,22.413,71.1777047577727,601.988216246135,123430.273148803,0.0513454323196739,0.0334688925972738,0.0292849373769724,0.723,GAM,AIC,Data,AIC,BRA,126170.425212706
198680,1951,6-12m,APW,Seine_Danish_and_Other,LatinAmerica,76,33,104.779556740046,864.056824699199,23.859,75.7556195230536,624.713084257521,128089.727586976,0.0513454323196739,0.0342274689494235,0.029869372794369,0.723,GAM,GAM,Data,AIC,BRA,133840.039233182
198681,1952,6-12m,APW,Seine_Danish_and_Other,LatinAmerica,76,36,114.304970989141,929.772953346043,26.028,82.6424940251492,672.225845269189,137831.634341055,0.0513454323196739,0.0349609525347567,0.029869372794369,0.723,GAM,GAM,Data,AIC,BRA,147216.516038702
198682,1953,6-12m,APW,Seine_Danish_and_Other,LatinAmerica,76,39,123.830385238237,993.606178133976,28.197,89.5293685272451,718.377266790865,147294.415191065,0.0513454323196739,0.0357586800801467,0.029869372794369,0.723,GAM,GAM,Data,AIC,BRA,160816.196735122
198683,1954,6-12m,APW,Seine_Danish_and_Other,LatinAmerica,76,42,133.355799487332,1055.55771944322,30.366,96.4162430293407,763.168231157445,156478.251048917,0.0513454323196739,0.0369476988736873,0.029869372794369,0.723,GAM,GAM,Data,AIC,BRA,174635.835568135
198684,1955,6-12m,APW,Seine_Danish_and_Other,LatinAmerica,76,46,146.047129894989,1137.06646566253,33.258,105.592074914077,822.099054674006,168561.290961045,0.0513454323196739,0.0364094811079296,0.0300663514578875,0.723,GAM,GAM,Data,AIC,BRA,192297.265464762
198685,1956,6-12m,APW,Seine_Danish_and_Other,LatinAmerica,76,48,152.378962212113,1164.57919562829,34.704,110.169989679358,841.990758439252,172639.839947352,0.0513454323196739,0.0370949439610191,0.0304357535080803,0.723,GAM,GAM,Data,AIC,BRA,201322.428734402
198686,1957,6-12m,APW,Seine_Danish_and_Other,LatinAmerica,76,53,168.263874551742,1272.62956392004,38.319,121.654781300909,920.111174714185,188657.469626951,0.0513454323196739,0.0374814489245963,0.0302113139095854,0.723,GAM,GAM,Data,AIC,BRA,224885.274173522
198687,1958,6-12m,APW,Seine_Danish_and_Other,LatinAmerica,76,57,180.955204959398,1347.95477721891,41.211,130.830613185645,974.571303929268,199823.848707682,0,0.0380576565823981,0.0303463113018391,0.723,Data,GAM,Data,AIC,BRA,243483.877336711
198688,1959,6-12m,APW,Seine_Danish_and_Other,LatinAmerica,76,56,177.761623027428,1301.59381762628,40.488,128.52165344883,941.052330143797,192951.195758082,0,0.0387217573696798,0.0306785510626443,0.723,Data,GAM,Data,AIC,BRA,240329.033835194
198689,1960,6-12m,APW,Seine_Danish_and_Other,LatinAmerica,76,82,260.296769337313,1880.59063162001,59.286,188.194564230877,1359.66702666127,278782.98605035,0,0.0392429903452333,0.0306430173529038,0.723,Data,AIC,Data,AIC,BRA,354944.873766389
198690,1961,6-12m,APW,Seine_Danish_and_Other,LatinAmerica,76,85,269.822183586408,1922.54110409946,61.455,195.081438732973,1389.99721826391,285001.818467892,0,0.0397910868261168,0.0306157057182426,0.723,Data,GAM,Data,AIC,BRA,370918.20591247
198691,1962,6-12m,APW,Seine_Danish_and_Other,LatinAmerica,76,82,260.269103563905,1823.35182693888,59.286,188.174561876703,1318.28337087681,270297.776872629,0,0.040474909400178,0.0309746967864795,0.723,Data,GAM,Data,AIC,BRA,359591.046632835
198692,1963,6-12m,APW,Seine_Danish_and_Other,LatinAmerica,76,95,301.564342492256,2086.2847380562,68.685,218.031019621901,1508.38386561463,309275.543144416,0,0.0409819419374465,0.0306325444139226,0.723,Data,GAM,Data,AIC,BRA,420579.258451391
198693,1964,6-12m,APW,Seine_Danish_and_Other,LatinAmerica,76,93,295.204844401722,2010.39866290201,67.239,213.433102502445,1453.51823327815,298026.020640467,0,0.0416335334600645,0.0307464367078748,0.723,Data,GAM,Data,AIC,BRA,414278.441000536
198694,1965,6-12m,APW,Seine_Danish_and_Other,LatinAmerica,76,98,311.062090967942,2084.97780669725,70.854,224.897891769822,1507.43895424211,309081.800699523,0,0.0423026085537645,0.0308866933301083,0.723,Data,GAM,Data,AIC,BRA,439184.960505261
198695,1966,6-12m,APW,Seine_Danish_and_Other,LatinAmerica,76,101,320.559839443628,2114.43176484066,73.023,231.764763917743,1528.7341659798,313448.121718123,0.0513454323196739,0.042990273562623,0.0311257820785233,0.723,GAM,GAM,Data,AIC,BRA,455277.140829821
198696,1967,6-12m,APW,Seine_Danish_and_Other,LatinAmerica,76,108,342.776584100381,2225.94575187197,78.084,247.827470304575,1609.35877860343,329979.206031878,0.0513454323196739,0.0436668323647407,0.0311282759600971,0.723,GAM,GAM,Data,AIC,BRA,489928.714781331
198697,1968,6-12m,APW,Seine_Danish_and_Other,LatinAmerica,76,115,364.993328757133,2332.96714736949,83.145,263.890176691407,1686.73524754814,345844.298469552,0.0513454323196739,0.0443641052196986,0.0311304662419841,0.723,GAM,GAM,Data,AIC,BRA,524883.375881688
198698,1969,6-12m,APW,Seine_Danish_and_Other,LatinAmerica,76,141,447.556140840427,2813.55336529873,101.943,323.583089827629,2034.19908311098,417087.480604061,0.0513454323196739,0.045103107538366,0.0308335479837678,0.723,GAM,GAM,Data,AIC,BRA,647061.005694112
198699,1970,6-12m,APW,Seine_Danish_and_Other,LatinAmerica,76,150,476.104717814304,2945.2509270586,108.45,344.223710979742,2129.41642026337,436610.623443149,0.0513454323196739,0.0458365019970721,0.0309570054366392,0.723,GAM,AIC,Data,AIC,BRA,692385.954681917
198700,1971,6-12m,APW,Seine_Danish_and_Other,LatinAmerica,76,161,511.040458652122,3108.20970357364,116.403,369.482251605484,2247.23561568374,460767.999086799,0.0513454323196739,0.0466184761708333,0.0308263593802573,0.723,GAM,GAM,Data,AIC,BRA,746916.643075684
198701,1972,6-12m,APW,Seine_Danish_and_Other,LatinAmerica,76,171,542.78261755797,3247.14689713384,123.633,392.431832494412,2347.68720662777,481364.361231176,0.0513454323196739,0.0473954535705924,0.0308233956673995,0.723,GAM,GAM,Data,AIC,BRA,797626.615753105
198702,1973,6-12m,APW,Seine_Danish_and_Other,LatinAmerica,76,213,683.528799504834,3970.7036874544,153.999,494.191322041995,2870.81876602953,588626.047634881,0.0513454323196739,0.0482785962109649,0.0357543842654347,0.723,GAM,GAM,Data,AIC,BRA,997013.541889811
198703,1974,6-12m,APW,Seine_Danish_and_Other,LatinAmerica,76,227,728.492231536267,4159.38865743882,164.121,526.699883400721,3007.23799932827,616597.132075393,0.0513454323196739,0.049117795143914,0.0356380311771288,0.723,GAM,GAM,Data,AIC,BRA,1067576.38304519
198704,1975,6-12m,APW,Seine_Danish_and_Other,LatinAmerica,76,243,779.894832337393,4375.62082294962,175.689,563.863963779935,3163.57385499257,648651.874754456,0.0513454323196739,0.0499814789373302,0.03547458001357,0.723,GAM,GAM,Data,AIC,BRA,1148008.25670153
198705,1976,6-12m,APW,Seine_Danish_and_Other,LatinAmerica,76,224,718.805791042623,3977.32618844416,161.952,519.696586923816,2875.60683424513,589607.782080435,0.0513454323196739,0.050687318677994,0.035827144051359,0.723,GAM,GAM,Data,AIC,BRA,1066675.73954227
198706,1977,6-12m,APW,Seine_Danish_and_Other,LatinAmerica,76,241,773.40028888949,4209.02929745763,174.243,559.168408867101,3043.12818206187,623955.972229761,0.0513454323196739,0.0515320718083416,0.0357007517102749,0.723,GAM,GAM,Data,AIC,BRA,1153875.71517068
198707,1978,6-12m,APW,Seine_Danish_and_Other,LatinAmerica,76,227,728.436856858058,3907.84885477865,164.121,526.659847508376,2825.37472200496,579308.305832698,0.0513454323196739,0.0522794016841708,0.0358138031249887,0.723,GAM,GAM,Data,AIC,BRA,1095092.28431246
198708,1979,6-12m,APW,Seine_Danish_and_Other,LatinAmerica,76,245,786.223251750668,4154.11361786213,177.135,568.439411015733,3003.42414571432,615815.148341136,0.0513454323196739,0.0530799155448902,0.0357406213529301,0.723,GAM,GAM,Data,AIC,BRA,1189945.87621006
198709,1980,6-12m,APW,Seine_Danish_and_Other,LatinAmerica,76,264,847.256918367229,4407.99304255327,190.872,612.566751979507,3186.97896976601,653450.805417216,0.0513454323196739,0.0539020814475636,0.0355734550150094,0.723,GAM,AIC,Data,AIC,BRA,1290700.90526089
198710,1981,6-12m,APW,Seine_Danish_and_Other,LatinAmerica,76,201,644.838412208466,3335.60575795261,145.323,466.218172026721,2411.64296299974,494477.701767403,0.0513454323196739,0.0542330278596941,0.0364060276686512,0.723,GAM,GAM,Data,AIC,BRA,998378.697276359
198711,1982,6-12m,APW,Seine_Danish_and_Other,LatinAmerica,76,250,802.238111657586,4078.16990051746,180.75,580.018154728435,2948.51683807413,604557.080829189,0.0513454323196739,0.055171806346629,0.0358285691852997,0.723,GAM,GAM,Data,AIC,BRA,1247733.34773576
198712,1983,6-12m,APW,Seine_Danish_and_Other,LatinAmerica,76,268,850.789455460984,4314.99871188737,193.764,615.120776298291,3119.74406869457,639665.116627276,0.0513454323196739,0.0558980468141321,0.0304103887794219,0.723,GAM,GAM,Data,AIC,BRA,1349500.39047166
198713,1984,6-12m,APW,Seine_Danish_and_Other,LatinAmerica,76,288,914.329104819496,4581.33915538549,208.224,661.059942784496,3312.30820934371,679148.023165216,0.0513454323196739,0.0565773436998881,0.0302469370867769,0.723,GAM,GAM,Data,AIC,BRA,1464605.51262761
198714,1985,6-12m,APW,Seine_Danish_and_Other,LatinAmerica,76,309,981.034670336571,4866.40255031893,223.407,709.288066653341,3518.40904388059,721406.462145493,0.0513454323196739,0.0571469370082783,0.03013329161798,0.723,GAM,GAM,Data,AIC,BRA,1590274.62206965
198715,1986,6-12m,APW,Seine_Danish_and_Other,LatinAmerica,76,332,1065.80103378933,5177.86098301159,240.036,770.574147429685,3743.59349071738,767577.760904875,0.0513454323196739,0.0577072271697432,0.0348981761070001,0.723,GAM,GAM,Data,AIC,BRA,1729618.65263559
198716,1987,6-12m,APW,Seine_Danish_and_Other,LatinAmerica,76,425,1364.80707149349,6546.98282033767,307.275,986.755512689793,4733.46857910414,970539.462222991,0.0513454323196739,0.0584238588211648,0.0341303858510409,0.723,GAM,GAM,Data,AIC,BRA,2235512.23923149
198717,1988,6-12m,APW,Seine_Danish_and_Other,LatinAmerica,76,381,1223.31148259487,5869.40461539138,275.463,884.454201916089,4243.57953692797,870093.744754515,0.0513454323196739,0.058421598521392,0.0345042294961357,0.723,GAM,GAM,Data,AIC,BRA,2048640.6054128
198718,1989,6-12m,APW,Seine_Danish_and_Other,LatinAmerica,76,488,1567.5024510433,7441.79741868886,352.824,1133.30427210431,5380.41953371205,1103188.79137279,0.0513454323196739,0.0590179999924509,0.0335660822212634,0.723,GAM,GAM,Data,AIC,BRA,2655127.90617842
198719,1990,6-12m,APW,Seine_Danish_and_Other,LatinAmerica,76,133,425.74055000427,2172.93303045651,96.159,307.810417653088,1571.03058102005,322120.480945001,0.0513454323196739,0.0550868334745008,0.041532341664723,0.723,GAM,AIC,Data,AIC,BRA,792482.758055204
198720,1991,6-12m,APW,Seine_Danish_and_Other,LatinAmerica,76,695,2233.87335668923,10483.1479581294,502.485,1615.09043688631,7579.31597372756,1554045.4375535,0.0513454323196739,0.0596671918109237,0.03204877930366,0.723,GAM,GAM,Data,AIC,BRA,3908148.63545497
198721,1992,6-12m,APW,Seine_Danish_and_Other,LatinAmerica,76,120,380.435588722221,1969.86905232837,86.76,275.054930646166,1424.21532483341,292017.819988397,0.0513454323196739,0.0548259793575339,0.0346333713963539,0.723,GAM,GAM,Data,AIC,BRA,750676.103361185
198722,1993,6-12m,APW,Seine_Danish_and_Other,LatinAmerica,76,126,399.486417220412,2069.82865626583,91.098,288.828679650358,1496.4861184802,306836.056558091,0.0513454323196739,0.0547871436878181,0.0344061843971976,0.723,GAM,GAM,Data,AIC,BRA,806279.291835433
198723,1994,6-12m,APW,Seine_Danish_and_Other,LatinAmerica,76,556,1786.48956389108,8583.04734930163,401.988,1291.63195469325,6205.54323354508,1272370.24858972,0.0513454323196739,0.0583009716287673,0.0328359320279371,0.723,GAM,GAM,Data,AIC,BRA,3417657.16562433
198724,1995,6-12m,APW,Seine_Danish_and_Other,LatinAmerica,76,593,1905.47574943488,9217.88256001679,428.739,1377.65896684142,6664.52909089214,1366479.64843322,0.0513454323196739,0.0578983293099179,0.0327134132439534,0.723,GAM,GAM,Data,AIC,BRA,3751924.01456931
198725,1996,6-12m,APW,Seine_Danish_and_Other,LatinAmerica,76,614,1973.50233160322,9581.44152698246,443.922,1426.84218574913,6927.38222400832,1420374.44760531,0.0513454323196739,0.0576739938811727,0.0320725468600644,0.723,GAM,GAM,Data,AIC,BRA,3986480.038169
198726,1997,6-12m,APW,Seine_Danish_and_Other,LatinAmerica,76,651,2092.59926650345,10238.7128351614,470.673,1512.94926968199,7402.58937982168,1517809.82501198,0.0513454323196739,0.0572239899128654,0.031882206098585,0.723,GAM,GAM,Data,AIC,BRA,4354516.88940886
198727,1998,6-12m,APW,Seine_Danish_and_Other,LatinAmerica,76,686,2205.36778199039,10868.3981341815,495.978,1594.48090637905,7857.85185101323,1611155.79035991,0.0513454323196739,0.0568068994508265,0.0316067237607658,0.723,GAM,GAM,Data,AIC,BRA,4724937.11375707
198728,1999,6-12m,APW,Seine_Danish_and_Other,LatinAmerica,76,734,2332.19285550086,11732.020388311,530.682,1686.17543452712,8482.25074074884,1739181.09622796,0.0513454323196739,0.0563074370939705,0.0276736993219355,0.723,GAM,GAM,Data,AIC,BRA,5213617.6603369
198729,2000,6-12m,APW,Seine_Danish_and_Other,LatinAmerica,76,771,2449.91273460924,12400.2502085615,557.433,1771.28690712248,8965.38090078997,1838240.9881178,0.0513454323196739,0.0559585482816234,0.0274738971178644,0.723,GAM,GAM,Data,AIC,BRA,5632908.4779848
198730,2001,6-12m,APW,Seine_Danish_and_Other,LatinAmerica,76,808,2567.66027949103,13060.1490148153,584.184,1856.41838207201,9442.48773771148,1936065.87175025,0.0513454323196739,0.0556808348185822,0.0272588314762202,0.723,GAM,GAM,Data,AIC,BRA,6064377.8875207
198731,2002,6-12m,APW,Seine_Danish_and_Other,LatinAmerica,76,847,2691.76732246336,13737.3330471141,612.381,1946.14777414101,9932.09179306351,2036453.15617868,0.0513454323196739,0.0554911202476918,0.0270585695569704,0.723,GAM,GAM,Data,AIC,BRA,6520432.85849147
198732,2003,6-12m,APW,Seine_Danish_and_Other,LatinAmerica,76,1067,3391.64410170288,17256.3968193651,771.441,2452.15868553118,12476.3749004009,2558127.08671645,0.0513454323196739,0.0556489289190635,0.0264002054683572,0.723,GAM,GAM,Data,AIC,BRA,8372593.29533173
198733,2004,6-12m,APW,Seine_Danish_and_Other,LatinAmerica,76,1257,3996.07307803761,20266.1733414144,908.811,2889.16083542119,14652.4433258426,3004303.12952613,0,0.0558220824889601,0.0260250482146467,0.723,Data,Data,Data,AIC,BRA,10051190.5432084
198734,2005,6-12m,APW,Seine_Danish_and_Other,LatinAmerica,76,1561,4962.82745089226,25048.1612275428,1128.603,3588.1242469951,18109.8205675134,3713195.77194192,0,0.0560879494202225,0.0258232555795392,0.723,Data,Data,Data,AIC,BRA,12698647.8500602
198735,2006,6-12m,APW,Seine_Danish_and_Other,LatinAmerica,76,209,669.875216470515,3512.5395831656,151.107,484.319781508182,2539.56611862873,520706.770070106,0.0513454323196739,0.0535509979450477,0.038575834238898,0.723,GAM,Data,Data,AIC,BRA,1820282.24680616
198736,2007,6-12m,APW,Seine_Danish_and_Other,LatinAmerica,76,2440,7861.43411620301,38026.1239760264,1764.12,5683.81686601478,27492.8876346671,5637078.16667432,0.0513454323196739,0.057749772271938,0.0265364256872853,0.723,GAM,Data,Data,AIC,BRA,20143523.6510182
198737,2008,6-12m,APW,Seine_Danish_and_Other,LatinAmerica,76,2680,8636.40473037279,41131.3749202661,1937.64,6244.12062005953,29737.9840673524,6097407.55262106,0.0513454323196739,0.058641365737851,0.0260791293441059,0.723,GAM,Data,Data,AIC,BRA,22272167.6372022
198738,2009,6-12m,APW,Seine_Danish_and_Other,LatinAmerica,76,2996,9656.6728792512,45146.9389754384,2166.108,6981.77449169862,32641.236879242,6692683.8020901,0.0513454323196739,0.0597249793937734,0.0256151465964283,0.723,GAM,Data,Data,AIC,BRA,24989262.9032779
198739,2010,6-12m,APW,Seine_Danish_and_Other,LatinAmerica,76,3507,11306.2827868255,51734.6591789464,2535.561,8174.44245487481,37404.1585863782,7669262.26564233,0.0513454323196739,0.0610093900315954,0.0250937610829143,0.723,GAM,Data,Data,AIC,BRA,29271340.0645071
198740,2011,6-12m,APW,Seine_Danish_and_Other,LatinAmerica,76,3646,11756.4906882123,52569.8782877022,2636.058,8499.94276757749,38008.0220020087,7793077.02534081,0.0513454323196739,0.0624197754851496,0.0246859117776812,0.723,GAM,Data,Data,AIC,BRA,30404219.6254634
198741,2012,6-12m,APW,Seine_Danish_and_Other,LatinAmerica,76,3788,12216.5511541274,53287.5128557509,2738.724,8832.56648443411,38526.8717947079,7899460.78819154,0.0513454323196739,0.063977465212698,0.0242747151332502,0.723,GAM,Data,Data,AIC,BRA,31503457.2368175
198742,2013,6-12m,APW,Seine_Danish_and_Other,LatinAmerica,76,3933,12686.3534352144,53912.6201326694,2843.559,9172.23353365998,38978.82435592,7992128.09724382,0.0513454323196739,0.0656562413640708,0.0238815758110259,0.723,GAM,Data,Data,AIC,BRA,32580600.2742495
198743,2014,6-12m,APW,Seine_Danish_and_Other,LatinAmerica,76,4080,13162.6502597492,54449.012461653,2949.84,9516.59613779869,39366.6360097751,8071644.10282964,0.0513454323196739,0.0674392396480304,0.0235091252383833,0.723,GAM,Data,Data,AIC,BRA,33635239.6787234
198744,2015,6-12m,APW,Seine_Danish_and_Other,LatinAmerica,76,4204,13380.8615602163,54761.425646225,3039.492,9674.36290803639,39592.5107422207,8117956.93615555,0.0513454323196739,0.0690924305813946,0.0222736033663165,0.723,GAM,Data,Data,AIC,BRA,34579215.9538144
198745,2016,6-12m,APW,Seine_Danish_and_Other,LatinAmerica,76,3548,11292.2902722743,45100.3623483887,2565.204,8164.32586685428,32607.561977885,6685779.17811147,0.0513454323196739,0.0708020919063431,0.0224380417386701,0.723,GAM,Data,Data,AIC,BRA,29110944.9979639
198746,2017,6-12m,APW,Seine_Danish_and_Other,LatinAmerica,76,3523,11366.8775842094,43454.4420532212,2547.129,8218.25249338337,31417.5616044789,6441784.25068147,0.0513454323196739,0.0729660732064321,0.023268899182079,0.723,GAM,Data,Data,AIC,BRA,28671230.1712774
198747,1950,Less than 6m,APW,Seine_Danish_and_Other,LatinAmerica,76,20,36.7745827492278,120.208194397064,14.46,26.5880233276917,86.910524549077,17819.9331732637,0.0513454323196739,0.0597090195547508,0.341679423513979,0.723,GAM,AIC,Data,AIC,BRA,18215.5356897102
198748,1951,Less than 6m,APW,Seine_Danish_and_Other,LatinAmerica,76,21,38.5912054759389,124.583960942562,15.183,27.9014415591038,90.0742037614724,18468.6066502566,0.0513454323196739,0.0592753722439334,0.341957508081856,0.723,GAM,GAM,Data,AIC,BRA,19297.7148536295
198749,1952,Less than 6m,APW,Seine_Danish_and_Other,LatinAmerica,76,22,40.40782820265,128.983454812649,15.906,29.2148597905159,93.2550378295454,19120.7975192266,0.0513454323196739,0.0588482986747852,0.342210588843866,0.723,GAM,GAM,Data,AIC,BRA,20422.7223171187
198750,1953,Less than 6m,APW,Seine_Danish_and_Other,LatinAmerica,76,23,42.2244509293611,133.408720114402,16.629,30.528278021928,96.4545046427124,19776.8088032054,0.0513454323196739,0.0584271030631965,0.342441893016538,0.723,GAM,GAM,Data,AIC,BRA,21592.3405593052
198751,1954,Less than 6m,APW,Seine_Danish_and_Other,LatinAmerica,76,24,44.0410736560722,137.862311528959,17.352,31.8416962533402,99.6744512354375,20437.0192138725,0.0513454323196739,0.0580110408798288,0.342654115346648,0.723,GAM,GAM,Data,AIC,BRA,22808.5111062555
198752,1955,Less than 6m,APW,Seine_Danish_and_Other,LatinAmerica,76,26,47.7848511632458,151.357002863807,18.798,34.5484473910267,109.431113070532,22437.5026167468,0.0513454323196739,0.0601168438290075,0.341904005540236,0.723,GAM,GAM,Data,AIC,BRA,25597.0417197148
198753,1956,Less than 6m,APW,Seine_Danish_and_Other,LatinAmerica,76,27,49.6014738899569,155.718815720272,19.521,35.8618656224388,112.584703765757,23084.1075674854,0.0513454323196739,0.0597197548795327,0.342112137216094,0.723,GAM,GAM,Data,AIC,BRA,26919.3287138681
198754,1957,Less than 6m,APW,Seine_Danish_and_Other,LatinAmerica,76,29,53.2347193433791,165.195414963198,20.967,38.4887020852631,119.436285018392,24488.9399590355,0.0513454323196739,0.0588159142815875,0.342485785890339,0.723,GAM,GAM,Data,AIC,BRA,29191.5395017038
198755,1958,Less than 6m,APW,Seine_Danish_and_Other,LatinAmerica,76,30,55.0513420700902,169.65379697655,21.69,39.8021203166752,122.659695214046,25149.8605388454,0,0.0584343452494295,0.342654115346648,0.723,Data,GAM,Data,AIC,BRA,30644.918502364
198756,1959,Less than 6m,APW,Seine_Danish_and_Other,LatinAmerica,76,29,53.2347193433791,164.009124752328,20.967,38.4887020852631,118.578597195933,24313.0816293448,0,0.0590127270651554,0.342485785890339,0.723,Data,GAM,Data,AIC,BRA,30282.991481756
198757,1960,Less than 6m,APW,Seine_Danish_and_Other,LatinAmerica,76,37,67.9887652645708,210.589948666513,26.751,49.1558772862847,152.256532885889,31218.3277606069,0,0.0605488107273116,0.341995111514986,0.723,Data,AIC,Data,AIC,BRA,39746.993039902
198758,1961,Less than 6m,APW,Seine_Danish_and_Other,LatinAmerica,76,38,69.8053879912819,215.000577754969,27.474,50.4692955176968,155.445417716842,31872.1693393992,0,0.0602028079410184,0.342140632269096,0.723,Data,GAM,Data,AIC,BRA,41480.3243483172
198759,1962,Less than 6m,APW,Seine_Danish_and_Other,LatinAmerica,76,40,73.4386334447041,224.583047108815,28.92,53.0961319805211,162.373543059674,33292.6961543712,0,0.0594393956808915,0.34241007563775,0.723,Data,GAM,Data,AIC,BRA,44290.9874949534
198760,1963,Less than 6m,APW,Seine_Danish_and_Other,LatinAmerica,76,42,77.1824109518777,237.184335494076,30.366,55.8028831182076,171.484274562217,35160.7394940842,0,0.0608779205939003,0.341957508081856,0.723,Data,GAM,Data,AIC,BRA,47814.5720566054
198761,1964,Less than 6m,APW,Seine_Danish_and_Other,LatinAmerica,76,40,73.4386334447041,223.672983408985,28.92,53.0961319805211,161.715567004696,33157.7862641117,0,0.0594794242797612,0.34241007563775,0.723,Data,GAM,Data,AIC,BRA,46091.8008803557
198762,1965,Less than 6m,APW,Seine_Danish_and_Other,LatinAmerica,76,42,77.1824109518777,236.332690629761,30.366,55.8028831182076,170.868535325317,35034.4897434281,0,0.129361610029846,0.341957508081856,0.723,Data,GAM,Data,AIC,BRA,49781.7113769429
198763,1966,Less than 6m,APW,Seine_Danish_and_Other,LatinAmerica,76,47,86.2655245854332,261.608764894491,33.981,62.3699742752682,189.143137018717,38781.4718567452,0.0513454323196739,0.129839123675115,0.34255023872378,0.723,GAM,GAM,Data,AIC,BRA,56329.313850504
198764,1967,Less than 6m,APW,Seine_Danish_and_Other,LatinAmerica,76,50,91.7153927655665,276.859009567128,36.15,66.3102289695046,200.169063917034,41042.2024359323,0.0513454323196739,0.129940279971693,0.342849523578433,0.723,GAM,GAM,Data,AIC,BRA,60936.4260646441
198765,1968,Less than 6m,APW,Seine_Danish_and_Other,LatinAmerica,76,52,95.3486382189887,287.190076322005,37.596,68.9370654323288,207.638425180809,42573.7030137742,0.0513454323196739,0.129825897514099,0.34303003980792,0.723,GAM,GAM,Data,AIC,BRA,64613.5531525079
198766,1969,Less than 6m,APW,Seine_Danish_and_Other,LatinAmerica,76,57,104.652815960047,318.331245055584,41.211,75.663985939114,230.153490175187,47190.1399260258,0.0513454323196739,0.1289887764255,0.342397238225426,0.723,GAM,GAM,Data,AIC,BRA,73209.8200481993
198767,1970,Less than 6m,APW,Seine_Danish_and_Other,LatinAmerica,76,60,110.10268414018,334.269342068087,43.38,79.6042406333504,241.676734315227,49552.8392835559,0.0513454323196739,0.132990820890922,0.342654115346648,0.723,GAM,AIC,Data,AIC,BRA,78581.8944669172
198768,1971,Less than 6m,APW,Seine_Danish_and_Other,LatinAmerica,76,64,117.479707100776,358.299414933047,46.272,84.9378282338612,259.050476996593,53115.1113462057,0.0513454323196739,0.132193649572133,0.342501561827662,0.723,GAM,GAM,Data,AIC,BRA,86100.946120231
198769,1972,Less than 6m,APW,Seine_Danish_and_Other,LatinAmerica,76,67,122.92957528091,375.011158642822,48.441,88.8780829280979,271.133067698761,55592.4978306348,0.0513454323196739,0.131566755912461,0.34272701050913,0.723,GAM,GAM,Data,AIC,BRA,92117.4467351473
198770,1973,Less than 6m,APW,Seine_Danish_and_Other,LatinAmerica,76,93,289.720541455107,519.461934494964,67.239,209.467951472043,375.570978639859,77006.2058180341,0.0513454323196739,0.1308903921524,0.0231014119596091,0.723,GAM,GAM,Data,AIC,BRA,130432.946891534
198771,1974,Less than 6m,APW,Seine_Danish_and_Other,LatinAmerica,76,98,305.490215005784,548.336859453645,70.854,220.869425449182,396.447549384985,81286.6896546609,0.0513454323196739,0.129831920108007,0.0224221514815771,0.723,GAM,GAM,Data,AIC,BRA,140739.788780965
198772,1975,Less than 6m,APW,Seine_Danish_and_Other,LatinAmerica,76,104,324.157009938919,586.111570860351,75.192,234.365518185839,423.758665732034,86886.4978564488,0.0513454323196739,0.128298990516374,0.0225435714771043,0.723,GAM,GAM,Data,AIC,BRA,153774.961296213
198773,1976,Less than 6m,APW,Seine_Danish_and_Other,LatinAmerica,76,84,261.335129063889,482.35834358392,60.732,188.945298313192,348.745082411174,71505.886028362,0.0513454323196739,0.125996722600153,0.0245306624947363,0.723,GAM,GAM,Data,AIC,BRA,129363.275348565
198774,1977,Less than 6m,APW,Seine_Danish_and_Other,LatinAmerica,76,88,273.694054576753,511.10561069247,63.624,197.880801458993,369.529356530656,75767.4455780897,0.0513454323196739,0.121546080624035,0.0248668718350463,0.723,GAM,GAM,Data,AIC,BRA,140116.000718205
198775,1978,Less than 6m,APW,Seine_Danish_and_Other,LatinAmerica,76,91,283.412672034836,530.055054230931,65.793,204.907361881187,383.229804208963,78576.553719341,0.0513454323196739,0.119587499193157,0.0233942816157033,0.723,GAM,GAM,Data,AIC,BRA,148536.758129555
198776,1979,Less than 6m,APW,Seine_Danish_and_Other,LatinAmerica,76,95,295.7715975477,561.676168208055,68.685,213.842865026987,406.091869614424,83264.1387942423,0.0513454323196739,0.117396982203121,0.0237528790775746,0.723,GAM,GAM,Data,AIC,BRA,160892.142489981
198777,1980,Less than 6m,APW,Seine_Danish_and_Other,LatinAmerica,76,99,308.130523060566,595.25546595521,71.577,222.778368172789,430.369701885617,88242.0094365953,0.0513454323196739,0.135531460155269,0.0240827102927505,0.723,GAM,AIC,Data,AIC,BRA,174296.275278343
198778,1981,Less than 6m,APW,Seine_Danish_and_Other,LatinAmerica,76,122,382.982341342775,704.225167779077,88.206,276.896232790827,509.154796304273,104395.923187247,0.0513454323196739,0.134336568679411,0.014919932431999,0.723,GAM,GAM,Data,AIC,BRA,210781.326276415
198779,1982,Less than 6m,APW,Seine_Danish_and_Other,LatinAmerica,76,186,584.320536136084,1086.92991055273,134.478,422.463747626389,785.850325329626,161128.935237914,0.0513454323196739,0.130403759367016,0.0141370164361243,0.723,GAM,GAM,Data,AIC,BRA,332550.808115181
198780,1983,Less than 6m,APW,Seine_Danish_and_Other,LatinAmerica,76,190,346.153106558872,1131.6746933882,137.37,250.268696042064,818.200803319666,167762.002509074,0.0513454323196739,0.130309199861979,0.346174788951464,0.723,GAM,GAM,Data,AIC,BRA,353927.206607735
198781,1984,Less than 6m,APW,Seine_Danish_and_Other,LatinAmerica,76,195,355.346752246178,1190.31016743199,140.985,256.915701873987,860.594251053332,176454.257095243,0.0513454323196739,0.124715585040897,0.346058483408199,0.723,GAM,GAM,Data,AIC,BRA,380529.529429895
198782,1985,Less than 6m,APW,Seine_Danish_and_Other,LatinAmerica,76,199,362.723775206775,1248.31819606059,143.877,262.249289474498,902.534055751809,185053.497761483,0.0513454323196739,0.117882268884432,0.345939836528602,0.723,GAM,GAM,Data,AIC,BRA,407933.525214191
198783,1986,Less than 6m,APW,Seine_Danish_and_Other,LatinAmerica,76,202,634.013051515218,1305.9643466425,146.046,458.391436245503,944.212222622526,193599.092811953,0.0513454323196739,0.105897656356078,0.0150967836092047,0.723,GAM,GAM,Data,AIC,BRA,436245.836078074
198784,1987,Less than 6m,APW,Seine_Danish_and_Other,LatinAmerica,76,207,648.755471755186,1396.85124637964,149.661,469.050206079,1009.92345113248,207072.371299866,0.0513454323196739,0.0994791267405262,0.0166586262105076,0.723,GAM,GAM,Data,AIC,BRA,476964.44963428
198785,1988,Less than 6m,APW,Seine_Danish_and_Other,LatinAmerica,76,206,646.115163700405,1427.43311446288,148.938,467.141263355393,1032.03414175666,211605.896225438,0.0513454323196739,0.129883493749381,0.0158431580604656,0.723,GAM,GAM,Data,AIC,BRA,498227.270297761
198786,1989,Less than 6m,APW,Seine_Danish_and_Other,LatinAmerica,76,211,660.600770612696,1541.27672296771,152.553,477.614357152979,1114.34307070565,228482.328867443,0.0513454323196739,0.123209542563097,0.0177748466842924,0.723,GAM,GAM,Data,AIC,BRA,549905.702622013
198787,1990,Less than 6m,APW,Seine_Danish_and_Other,LatinAmerica,76,216,674.829564197309,1674.42759627932,156.168,487.901774914654,1210.61115210995,248220.913880518,0.0513454323196739,0.116099376546331,0.0200308442001712,0.723,GAM,AIC,Data,AIC,BRA,610674.595610711
198788,1991,Less than 6m,APW,Seine_Danish_and_Other,LatinAmerica,76,217,677.469872252089,1767.69789643159,156.891,489.81071763826,1278.04557912004,262047.513007976,0.0513454323196739,0.110482679418382,0.020795428226933,0.723,GAM,GAM,Data,AIC,BRA,659003.016024256
198789,1992,Less than 6m,APW,Seine_Danish_and_Other,LatinAmerica,76,150,275.25671035045,1324.2329551891,108.45,199.010601583376,957.420426601717,196307.272442316,0.0513454323196739,0.101945809059496,0.342654115346648,0.723,GAM,GAM,Data,AIC,BRA,504637.622266736
198790,1993,Less than 6m,APW,Seine_Danish_and_Other,LatinAmerica,76,151,277.294397184665,1413.92095560694,109.173,200.483849164513,1022.26485090382,209602.823397939,0.0513454323196739,0.0961156983076638,0.342298642297054,0.723,GAM,GAM,Data,AIC,BRA,550777.564774244
198791,1994,Less than 6m,APW,Seine_Danish_and_Other,LatinAmerica,76,147,457.208069197967,1436.10444036961,106.281,330.56143403013,1038.30351038723,212891.353085982,0.0513454323196739,0.0921242190198579,0.024832555124379,0.723,GAM,GAM,Data,AIC,BRA,571838.000126313
198792,1995,Less than 6m,APW,Seine_Danish_and_Other,LatinAmerica,76,146,453.797321160155,1511.54024635543,105.558,328.095463198792,1092.84359811497,224074.126675429,0.0513454323196739,0.0869311950620085,0.0255445346932408,0.723,GAM,GAM,Data,AIC,BRA,615237.188406815
198793,1996,Less than 6m,APW,Seine_Danish_and_Other,LatinAmerica,76,144,447.232638412206,1582.51174616057,104.112,323.349197572025,1144.15599247409,234595.101473175,0.0513454323196739,0.0818951267277675,0.0263824201856874,0.723,GAM,GAM,Data,AIC,BRA,658424.044907146
198794,1997,Less than 6m,APW,Seine_Danish_and_Other,LatinAmerica,76,145,449.61613313931,1707.30017167549,104.835,325.072464259721,1234.37802412138,253094.018411627,0.0513454323196739,0.0764364709645241,0.0281122148194642,0.723,GAM,GAM,Data,AIC,BRA,726113.482479986
198795,1998,Less than 6m,APW,Seine_Danish_and_Other,LatinAmerica,76,144,445.94857177382,1807.28633336788,104.112,322.420817392472,1306.66801902498,267916.19196266,0.0513454323196739,0.0717097217010934,0.0294829015658919,0.723,GAM,GAM,Data,AIC,BRA,785701.275044329
198796,1999,Less than 6m,APW,Seine_Danish_and_Other,LatinAmerica,76,139,255.826520625386,1813.2797192399,100.497,184.962574412154,1311.00123701045,268804.664967821,0.0513454323196739,0.0689910104175434,0.341217986578526,0.723,GAM,GAM,Data,AIC,BRA,805807.256930697
198797,2000,Less than 6m,APW,Seine_Danish_and_Other,LatinAmerica,76,134,246.632874938079,1823.31071820309,96.882,178.315568580231,1318.25364926084,270291.682821153,0.0513454323196739,0.066143416366714,0.341200785758511,0.723,GAM,GAM,Data,AIC,BRA,828252.83601743
198798,2001,Less than 6m,APW,Seine_Danish_and_Other,LatinAmerica,76,131,241.183006757946,1859.94743737225,94.713,174.375313885995,1344.74199722014,275722.792493473,0.0513454323196739,0.0633888881110373,0.341056483018293,0.723,GAM,GAM,Data,AIC,BRA,863652.022527141
198799,2002,Less than 6m,APW,Seine_Danish_and_Other,LatinAmerica,76,127,233.80598379735,1856.828736717,91.821,169.041726285484,1342.48717664639,275260.469292108,0.0513454323196739,0.0615565656324825,0.341082727737351,0.723,GAM,GAM,Data,AIC,BRA,881344.804406866
198800,2003,Less than 6m,APW,Seine_Danish_and_Other,LatinAmerica,76,128,236.175266792818,2002.21623887894,92.544,170.754717891207,1447.60234070948,296813.039695052,0.0513454323196739,0.05753624297069,0.339998172563184,0.723,GAM,GAM,Data,AIC,BRA,971450.902115904
198801,2004,Less than 6m,APW,Seine_Danish_and_Other,LatinAmerica,76,124,228.577179724719,1928.58927284063,89.652,165.261300940972,1394.37004426378,285898.412608823,0,0.0578661312554248,0.340458732601174,0.723,Data,Data,Data,AIC,BRA,956501.15758637
198802,2005,Less than 6m,APW,Seine_Danish_and_Other,LatinAmerica,76,113,208.152201515892,1738.61146954765,81.699,150.49404169599,1257.01609248295,257735.675650127,0,0.0584949551876935,0.34080296140333,0.723,Data,Data,Data,AIC,BRA,881422.576264178
198803,2006,Less than 6m,APW,Seine_Danish_and_Other,LatinAmerica,76,117,360.792334600164,1894.60164252309,84.591,260.852857915919,1369.79698754419,280860.009827598,0.0513454323196739,0.0555789658557297,0.0340948725033128,0.723,GAM,Data,Data,AIC,BRA,981828.005920008
198804,2007,Less than 6m,APW,Seine_Danish_and_Other,LatinAmerica,76,163,503.818824644973,2526.28438857503,117.849,364.261010218316,1826.50361293975,374502.081217236,0.0513454323196739,0.0580694717757989,0.0315623810051215,0.723,GAM,Data,Data,AIC,BRA,1338244.97502143
198805,2008,Less than 6m,APW,Seine_Danish_and_Other,LatinAmerica,76,159,490.946272476754,2473.64831512411,114.957,354.954155000693,1788.44773183473,366699.191271979,0.0513454323196739,0.0578497756229424,0.0326839062756149,0.723,GAM,Data,Data,AIC,BRA,1339452.18356369
198806,2009,Less than 6m,APW,Seine_Danish_and_Other,LatinAmerica,76,155,478.073720308535,2421.45036930675,112.065,345.647299783071,1750.70861700878,358961.250352787,0.0513454323196739,0.0576101008586596,0.033865827639594,0.723,GAM,Data,Data,AIC,BRA,1340295.95935099
198807,2010,Less than 6m,APW,Seine_Danish_and_Other,LatinAmerica,76,152,468.355102850451,2388.81655967605,109.896,338.620739360876,1727.11437264578,354123.540995911,0.0513454323196739,0.0572668501672443,0.0349436596836791,0.723,GAM,Data,Data,AIC,BRA,1351586.40222491
198808,2011,Less than 6m,APW,Seine_Danish_and_Other,LatinAmerica,76,147,452.585429299775,2337.70979980334,106.281,327.219265383737,1690.16418525781,346547.359936028,0.0513454323196739,0.0565938509609404,0.0358147787800312,0.723,GAM,Data,Data,AIC,BRA,1352033.60724626
198809,2012,Less than 6m,APW,Seine_Danish_and_Other,LatinAmerica,76,144,442.866811841691,2357.02201769887,104.112,320.192704961543,1704.12691879628,349410.246564115,0.0513454323196739,0.0549846369812561,0.036997412552617,0.723,GAM,Data,Data,AIC,BRA,1393466.09292537
198810,2013,Less than 6m,APW,Seine_Danish_and_Other,LatinAmerica,76,142,435.788502438388,2457.88709051941,102.666,315.075087262955,1777.05236644553,364362.711878096,0.0513454323196739,0.0519958790999602,0.0393114444370769,0.723,GAM,Data,Data,AIC,BRA,1485356.05612173
198811,2014,Less than 6m,APW,Seine_Danish_and_Other,LatinAmerica,76,141,431.864127745221,2634.72265272586,101.943,312.237764359795,1904.9044779208,390577.213451646,0.0513454323196739,0.0481644623462401,0.0414699498402898,0.723,GAM,Data,Data,AIC,BRA,1627569.05781916
198812,2015,Less than 6m,APW,Seine_Danish_and_Other,LatinAmerica,76,226,429.126121266951,4835.75513460528,163.398,310.258185676006,3496.25096231962,716863.220291727,0.0513454323196739,0.0420616830956645,0.326324464786436,0.723,GAM,Data,Data,AIC,BRA,3053547.62272903
198813,2016,Less than 6m,APW,Seine_Danish_and_Other,LatinAmerica,76,202,383.206002697103,4492.94595275303,146.046,277.057939950006,3248.39992384044,666044.415946242,0.0513454323196739,0.0404634290979181,0.326752849488217,0.723,GAM,Data,Data,AIC,BRA,2900063.2300705
198814,2017,Less than 6m,APW,Seine_Danish_and_Other,LatinAmerica,76,199,589.88144814837,4768.65928458532,143.877,426.484287011271,3447.74066275519,706916.780537299,0.0513454323196739,0.037557726252102,0.077802920856462,0.723,GAM,Data,Data,AIC,BRA,3146360.22225971
198815,1950,6-12m,UP,Seine_Danish_and_Other,LatinAmerica,76,3249,10075.8471748348,0,2349.027,7284.8375074056,0,726196.154733705,0.0292161106674869,NA,0.0303714263268366,0.723,GAM,AIC,Data,Pequivalent,BRA,742317.709368793
198816,1951,6-12m,UP,Seine_Danish_and_Other,LatinAmerica,76,3429,10632.6442781229,0,2479.167,7687.40181308287,0,766428.628680171,0.0292161106674869,NA,0.0304911011390412,0.723,GAM,GAM,Data,Pequivalent,BRA,800835.786478929
198817,1952,6-12m,UP,Seine_Danish_and_Other,LatinAmerica,76,3619,11220.2655270027,0,2616.537,8112.25197602296,0,808896.240068106,0.0292161106674869,NA,0.0306132389649997,0.723,GAM,GAM,Data,Pequivalent,BRA,863973.549098097
198818,1953,6-12m,UP,Seine_Danish_and_Other,LatinAmerica,76,3817,11832.5460923558,0,2759.691,8554.93082477328,0,853151.961409219,0.0292161106674869,NA,0.0307338648375408,0.723,GAM,GAM,Data,Pequivalent,BRA,931472.204787727
198819,1954,6-12m,UP,Seine_Danish_and_Other,LatinAmerica,76,4026,12478.65144775,0,2910.798,9022.06499672323,0,899866.333935948,0.0292161106674869,NA,0.0308620436365937,0.723,GAM,GAM,Data,Pequivalent,BRA,1004285.95075115
198820,1955,6-12m,UP,Seine_Danish_and_Other,LatinAmerica,76,4244,13152.4167640667,0,3068.412,9509.19732042025,0,948592.330160001,0.0292161106674869,NA,0.0309934079514639,0.723,GAM,GAM,Data,Pequivalent,BRA,1082168.45095693
198821,1956,6-12m,UP,Seine_Danish_and_Other,LatinAmerica,76,4471,13853.6785010863,0,3232.533,10016.2095562854,0,999329.950081377,0.0292161106674869,NA,0.0311372816479393,0.723,GAM,GAM,Data,Pequivalent,BRA,1165359.81914004
198822,1957,6-12m,UP,Seine_Danish_and_Other,LatinAmerica,76,4707,14582.6001990286,0,3403.161,10543.2199438977,0,1052079.19370008,0.0292161106674869,NA,0.0312809974726503,0.723,GAM,GAM,Data,Pequivalent,BRA,1254109.46301435
198823,1958,6-12m,UP,Seine_Danish_and_Other,LatinAmerica,76,4918,15233.7256020025,0,3555.714,11013.9836102478,0,1099240.5937151,0,NA,0.0314319640049746,0.723,Data,GAM,Data,Pequivalent,BRA,1339416.50916351
198824,1959,6-12m,UP,Seine_Danish_and_Other,LatinAmerica,76,5321,16478.9641634141,0,3847.083,11914.2910901484,0,1189316.63260635,0,NA,0.0315990274698961,0.723,Data,GAM,Data,Pequivalent,BRA,1481345.14593407
198825,1960,6-12m,UP,Seine_Danish_and_Other,LatinAmerica,76,5468,16930.8525519637,0,3953.364,12241.0063950698,0,1222173.15299597,0,NA,0.0317772173911368,0.723,Data,AIC,Data,Pequivalent,BRA,1556063.73852555
198826,1961,6-12m,UP,Seine_Danish_and_Other,LatinAmerica,76,5433,16818.9613070079,0,3928.059,12160.1090249667,0,1214350.17195082,0,NA,0.0319647886281894,0.723,Data,GAM,Data,Pequivalent,BRA,1580427.06376711
198827,1962,6-12m,UP,Seine_Danish_and_Other,LatinAmerica,76,6062,18761.9703403305,0,4382.826,13564.904556059,0,1354940.3170193,0,NA,0.0321649928389063,0.723,Data,GAM,Data,Pequivalent,BRA,1802546.8516953
198828,1963,6-12m,UP,Seine_Danish_and_Other,LatinAmerica,76,6466,20007.7564428946,0,4674.918,14465.6079082128,0,1445239.8696547,0,NA,0.0323711658704278,0.723,Data,GAM,Data,Pequivalent,BRA,1965360.42418307
198829,1964,6-12m,UP,Seine_Danish_and_Other,LatinAmerica,76,6535,20216.2727718727,0,4724.805,14616.365214064,0,1460662.31800085,0,NA,0.0325926213247548,0.723,Data,GAM,Data,Pequivalent,BRA,2030429.78136338
198830,1965,6-12m,UP,Seine_Danish_and_Other,LatinAmerica,76,6911,21374.1158645821,0,4996.653,15453.4857700929,0,1544703.48580013,0,NA,0.0328162717124778,0.723,Data,GAM,Data,Pequivalent,BRA,2194922.3081659
198831,1966,6-12m,UP,Seine_Danish_and_Other,LatinAmerica,76,7056,21816.8957000571,0,5101.488,15773.6155911413,0,1577112.97870145,0.0292161106674869,NA,0.0330495955438437,0.723,GAM,GAM,Data,Pequivalent,BRA,2290725.12469704
198832,1967,6-12m,UP,Seine_Danish_and_Other,LatinAmerica,76,7243,22389.1369470173,0,5236.689,16187.3460126935,0,1618910.04885695,0.0292161106674869,NA,0.0332884237730888,0.723,GAM,GAM,Data,Pequivalent,BRA,2403637.88106831
198833,1968,6-12m,UP,Seine_Danish_and_Other,LatinAmerica,76,7395,22852.7577534175,0,5346.585,16522.5438557209,0,1652884.1379673,0.0292161106674869,NA,0.0335333431046875,0.723,GAM,GAM,Data,Pequivalent,BRA,2508560.67344985
198834,1969,6-12m,UP,Seine_Danish_and_Other,LatinAmerica,76,7514,23214.0864885958,0,5432.622,16783.7845312548,0,1679482.27352079,0.0292161106674869,NA,0.0337816401225916,0.723,GAM,GAM,Data,Pequivalent,BRA,2605514.52509653
198835,1970,6-12m,UP,Seine_Danish_and_Other,LatinAmerica,76,7602,23479.4515218903,0,5496.246,16975.6434503267,0,1699151.48300573,0.0292161106674869,NA,0.0340306159663892,0.723,GAM,AIC,Data,Pequivalent,BRA,2694548.77765544
198836,1971,6-12m,UP,Seine_Danish_and_Other,LatinAmerica,76,7660,23652.0170379702,0,5538.18,17100.4083184525,0,1712115.28016625,0.0292161106674869,NA,0.0342803723053977,0.723,GAM,GAM,Data,Pequivalent,BRA,2775382.40536418
198837,1972,6-12m,UP,Seine_Danish_and_Other,LatinAmerica,76,7687,23728.7823923861,0,5557.701,17155.9096696951,0,1718150.15125823,0.0292161106674869,NA,0.0345305546259501,0.723,GAM,GAM,Data,Pequivalent,BRA,2846995.74974482
198838,1973,6-12m,UP,Seine_Danish_and_Other,LatinAmerica,76,9910,84300.7695887374,0,7164.93,60949.4564126571,0,2206309.86296621,0.0292161106674869,NA,0.0431311298167725,0.723,GAM,GAM,Data,Pequivalent,BRA,3737042.93213139
198839,1974,6-12m,UP,Seine_Danish_and_Other,LatinAmerica,76,9870,83335.2293956935,0,7136.01,60251.3708530864,0,2197492.66885424,0.0292161106674869,NA,0.043324050075351,0.723,GAM,GAM,Data,Pequivalent,BRA,3804739.19378671
198840,1975,6-12m,UP,Seine_Danish_and_Other,LatinAmerica,76,9792,82073.859354143,0,7079.616,59339.4003130454,0,2180211.48832548,0.0292161106674869,NA,0.0435143093739406,0.723,GAM,GAM,Data,Pequivalent,BRA,3858619.5266924
198841,1976,6-12m,UP,Seine_Danish_and_Other,LatinAmerica,76,7494,63852.0060472491,0,5418.162,46165.0003721611,0,1668409.86504845,0.0292161106674869,NA,0.0430895446767444,0.723,GAM,GAM,Data,Pequivalent,BRA,3018366.41365325
198842,1977,6-12m,UP,Seine_Danish_and_Other,LatinAmerica,76,7377,62428.0276296341,0,5333.571,45135.4639762254,0,1642422.0729194,0.0292161106674869,NA,0.04326516388647,0.723,GAM,GAM,Data,Pequivalent,BRA,3037315.17662935
198843,1978,6-12m,UP,Seine_Danish_and_Other,LatinAmerica,76,7233,60807.1445845021,0,5229.459,43963.565534595,0,1610418.52113773,0.0292161106674869,NA,0.0434361525389602,0.723,GAM,GAM,Data,Pequivalent,BRA,3044245.83465427
198844,1979,6-12m,UP,Seine_Danish_and_Other,LatinAmerica,76,7066,59035.4079247546,0,5108.718,42682.5999295976,0,1573288.05246928,0.0292161106674869,NA,0.0435982353719006,0.723,GAM,GAM,Data,Pequivalent,BRA,3040080.50982419
198845,1980,6-12m,UP,Seine_Danish_and_Other,LatinAmerica,76,6876,57112.8176503917,0,4971.348,41292.5671612332,0,1531030.66691406,0.0292161106674869,NA,0.0437518679055014,0.723,GAM,AIC,Data,Pequivalent,BRA,3024103.19397565
198846,1981,6-12m,UP,Seine_Danish_and_Other,LatinAmerica,76,4568,36700.2864261461,0,3302.664,26534.3070861036,0,1017299.68922496,0.0292161106674869,NA,0.0446430317219568,0.723,GAM,GAM,Data,Pequivalent,BRA,2053986.12482998
198847,1982,6-12m,UP,Seine_Danish_and_Other,LatinAmerica,76,6233,47582.2162640208,0,4506.459,34401.942358887,0,1388449.3287699,0.0292161106674869,NA,0.0460705515733979,0.723,GAM,GAM,Data,Pequivalent,BRA,2865592.9838278
198848,1983,6-12m,UP,Seine_Danish_and_Other,LatinAmerica,76,5961,18307.9576280881,0,4309.803,13236.6533651077,0,1332365.42886045,0.0292161106674869,NA,0.0390929129332814,0.723,GAM,GAM,Data,Pequivalent,BRA,2810889.04140728
198849,1984,6-12m,UP,Seine_Danish_and_Other,LatinAmerica,76,5684,17454.7011859673,0,4109.532,12619.7489574543,0,1270452.12173173,0.0292161106674869,NA,0.0392228428147565,0.723,GAM,GAM,Data,Pequivalent,BRA,2739772.65272122
198850,1985,6-12m,UP,Seine_Danish_and_Other,LatinAmerica,76,5405,16595.6069951676,0,3907.815,11998.6238575062,0,1208091.7871147,0.0292161106674869,NA,0.0393496230782783,0.723,GAM,GAM,Data,Pequivalent,BRA,2663127.94657474
198851,1986,6-12m,UP,Seine_Danish_and_Other,LatinAmerica,76,5126,38449.7951820091,0,3706.098,27799.2019165926,0,1141952.59971954,0.0292161106674869,NA,0.0465785097332432,0.723,GAM,GAM,Data,Pequivalent,BRA,2573214.8812808
198852,1987,6-12m,UP,Seine_Danish_and_Other,LatinAmerica,76,4850,36257.699806991,0,3506.55,26214.3169604545,0,1080483.45658913,0.0292161106674869,NA,0.0466764942980097,0.723,GAM,GAM,Data,Pequivalent,BRA,2488754.0234167
198853,1988,6-12m,UP,Seine_Danish_and_Other,LatinAmerica,76,4579,34126.2476497096,0,3310.617,24673.27705074,0,1020124.93256515,0.0292161106674869,NA,0.0467669478177786,0.723,GAM,GAM,Data,Pequivalent,BRA,2401889.87916076
198854,1989,6-12m,UP,Seine_Danish_and_Other,LatinAmerica,76,4314,32057.7131085604,0,3119.022,23177.7265774892,0,961100.541391749,0.0292161106674869,NA,0.0468525895430614,0.723,GAM,GAM,Data,Pequivalent,BRA,2313153.36780838
198855,1991,6-12m,UP,Seine_Danish_and_Other,LatinAmerica,76,3809,28174.5888891868,0,2753.907,20370.2277668821,0,848611.804191406,0.0292161106674869,NA,0.0469888418333224,0.723,GAM,GAM,Data,Pequivalent,BRA,2134108.16983751
198856,1994,6-12m,UP,Seine_Danish_and_Other,LatinAmerica,76,2197,16957.443328005,0,1588.431,12260.2315261476,0,489372.677018576,0.0292161106674869,NA,0.0457567517930531,0.723,GAM,GAM,Data,Pequivalent,BRA,1314482.19425681
198857,1995,6-12m,UP,Seine_Danish_and_Other,LatinAmerica,76,2056,15848.4135420895,0,1486.488,11458.4029909307,0,457968.43292272,0.0292161106674869,NA,0.0457938139028112,0.723,GAM,GAM,Data,Pequivalent,BRA,1257437.50619891
198858,1996,6-12m,UP,Seine_Danish_and_Other,LatinAmerica,76,1925,14823.7167723281,0,1391.775,10717.5472263932,0,428790.639250452,0.0292161106674869,NA,0.0458223345737744,0.723,GAM,GAM,Data,Pequivalent,BRA,1203461.04987144
198859,1997,6-12m,UP,Seine_Danish_and_Other,LatinAmerica,76,1803,13868.7608138856,0,1303.569,10027.1140684393,0,401617.519661203,0.0292161106674869,NA,0.0458540352085148,0.723,GAM,GAM,Data,Pequivalent,BRA,1152219.62832755
198860,1998,6-12m,UP,Seine_Danish_and_Other,LatinAmerica,76,1689,12981.2712683665,0,1221.147,9385.45912702899,0,376225.560410825,0.0292161106674869,NA,0.04587724566975,0.723,GAM,GAM,Data,Pequivalent,BRA,1103333.4728804
198861,1999,6-12m,UP,Seine_Danish_and_Other,LatinAmerica,76,1585,4869.84544507486,0,1145.955,3520.89825678912,0,354269.284473044,0.0292161106674869,NA,0.0387493102116347,0.723,GAM,GAM,Data,Pequivalent,BRA,1062008.20722437
198862,2000,6-12m,UP,Seine_Danish_and_Other,LatinAmerica,76,1490,4577.91553316255,0,1077.27,3309.83293047652,0,333035.478779076,0.0292161106674869,NA,0.0387584736765745,0.723,GAM,GAM,Data,Pequivalent,BRA,1020518.19321318
198863,2001,6-12m,UP,Seine_Danish_and_Other,LatinAmerica,76,1339,4113.86102659608,0,968.097,2974.32152222897,0,299284.903412875,0,NA,0.0387844109930951,0.723,Data,GAM,Data,Pequivalent,BRA,937456.094241787
198864,2002,6-12m,UP,Seine_Danish_and_Other,LatinAmerica,76,1325,4070.87076298749,0,957.975,2943.23956163996,0,296155.710994817,0.0292161106674869,NA,0.0387794231698635,0.723,GAM,GAM,Data,Pequivalent,BRA,948248.391249062
198865,2003,6-12m,UP,Seine_Danish_and_Other,LatinAmerica,76,1254,3852.59172005568,0,906.642,2785.42381360026,0,280286.235160377,0.0292161106674869,NA,0.0388126822236011,0.723,GAM,GAM,Data,Pequivalent,BRA,917359.682974055
198866,2004,6-12m,UP,Seine_Danish_and_Other,LatinAmerica,76,1129,3468.51645180784,0,816.267,2507.73739465707,0,252347.017141998,0,NA,0.0388244028955765,0.723,Data,Data,Data,Pequivalent,BRA,844251.675996678
198867,2005,6-12m,UP,Seine_Danish_and_Other,LatinAmerica,76,2012,6176.95997964217,0,1454.676,4465.94206528129,0,449709.653223827,0,NA,0.0394550315905719,0.723,Data,Data,Data,Pequivalent,BRA,1537948.67596639
198868,2007,6-12m,UP,Seine_Danish_and_Other,LatinAmerica,76,2306,16761.9117212881,0,1667.238,12118.8621744913,0,513798.221659345,0.0292161106674869,NA,0.0475096336717146,0.723,GAM,Data,Data,Pequivalent,BRA,1836005.51985109
198869,2008,6-12m,UP,Seine_Danish_and_Other,LatinAmerica,76,2295,16860.0714033347,0,1659.285,12189.831624611,0,511322.196437966,0.0292161106674869,NA,0.047191745316152,0.723,GAM,Data,Data,Pequivalent,BRA,1867720.59722224
198870,2009,6-12m,UP,Seine_Danish_and_Other,LatinAmerica,76,2598,18916.4906319963,0,1878.354,13676.6227269333,0,578854.009117563,0.0292161106674869,NA,0.0474586010281806,0.723,GAM,Data,Data,Pequivalent,BRA,2161335.48875233
198871,2010,6-12m,UP,Seine_Danish_and_Other,LatinAmerica,76,2959,21523.630386551,0,2139.357,15561.5847694764,0,659290.547236098,0.0292161106674869,NA,0.047488417891106,0.723,GAM,Data,Data,Pequivalent,BRA,2516319.97198971
198872,2011,6-12m,UP,Seine_Danish_and_Other,LatinAmerica,76,2824,20526.7894425268,0,2041.752,14840.8687669469,0,629213.486376514,0.0292161106674869,NA,0.0475101817976099,0.723,GAM,Data,Data,Pequivalent,BRA,2454838.43787088
198873,2012,6-12m,UP,Seine_Danish_and_Other,LatinAmerica,76,2695,19568.2305017552,0,1948.485,14147.830652769,0,600474.033174659,0.0292161106674869,NA,0.0475423169559779,0.723,GAM,Data,Data,Pequivalent,BRA,2394721.42886198
198874,2013,6-12m,UP,Seine_Danish_and_Other,LatinAmerica,76,2573,18674.8635755115,0,1860.279,13501.9263650948,0,573292.22656753,0.0292161106674869,NA,0.0475544669222024,0.723,GAM,Data,Data,Pequivalent,BRA,2337075.26291684
198875,2014,6-12m,UP,Seine_Danish_and_Other,LatinAmerica,76,2457,17819.7786525205,0,1776.411,12883.6999657723,0,547448.027618129,0.0292161106674869,NA,0.0475767145567504,0.723,GAM,Data,Data,Pequivalent,BRA,2281263.31959124
198876,2015,6-12m,UP,Seine_Danish_and_Other,LatinAmerica,76,2120,6510.84199335126,0,1532.76,4707.33876119296,0,473849.137591707,0.0292161106674869,NA,0.0391334581447154,0.723,GAM,GAM,Data,Pequivalent,BRA,2018405.83624382
198877,2016,6-12m,UP,Seine_Danish_and_Other,LatinAmerica,76,2023,6212.74725232061,0,1462.629,4491.8162634278,0,452168.304409445,0.0292161106674869,NA,0.0391615381138251,0.723,GAM,GAM,Data,Pequivalent,BRA,1968812.65276908
198878,2017,6-12m,UP,Seine_Danish_and_Other,LatinAmerica,76,1908,14452.4712257305,0,1379.484,10449.1366962032,0,425037.815496509,0.0292161106674869,NA,0.0462946603591475,0.723,GAM,GAM,Data,Pequivalent,BRA,1891767.33733486
198879,1950,Less than 6m,UP,Seine_Danish_and_Other,LatinAmerica,76,3868,3304.89769560509,0,2796.564,2389.44103392248,0,871118.638741462,0.0292161106674869,NA,0.0146012278258927,0.723,GAM,AIC,Data,Pequivalent,BRA,890457.472521523
198880,1951,Less than 6m,UP,Seine_Danish_and_Other,LatinAmerica,76,3988,3407.39858971089,0,2883.324,2463.54918036097,0,898144.036013689,0.0292161106674869,NA,0.0145699511663755,0.723,GAM,GAM,Data,Pequivalent,BRA,938464.272519406
198881,1952,Less than 6m,UP,Seine_Danish_and_Other,LatinAmerica,76,4112,3513.31629498322,0,2972.976,2540.12768127287,0,926070.279861658,0.0292161106674869,NA,0.0145396669819647,0.723,GAM,GAM,Data,Pequivalent,BRA,989125.906110009
198882,1953,Less than 6m,UP,Seine_Danish_and_Other,LatinAmerica,76,4240,3622.65081142205,0,3065.52,2619.17653665814,0,954897.370285366,0.0292161106674869,NA,0.0145103739101112,0.723,GAM,GAM,Data,Pequivalent,BRA,1042557.94873462
198883,1954,Less than 6m,UP,Seine_Danish_and_Other,LatinAmerica,76,4373,3736.25548159659,0,3161.679,2701.31271319433,0,984850.518928751,0.0292161106674869,NA,0.0144810519132965,0.723,GAM,GAM,Data,Pequivalent,BRA,1099131.61816378
198884,1955,Less than 6m,UP,Seine_Danish_and_Other,LatinAmerica,76,4512,3854.98364807596,0,3262.176,2787.15317755892,0,1016154.93743575,0.0292161106674869,NA,0.0144508255284425,0.723,GAM,GAM,Data,Pequivalent,BRA,1159244.8933164
198885,1956,Less than 6m,UP,Seine_Danish_and_Other,LatinAmerica,76,4657,3978.83875175005,0,3367.011,2876.70041751529,0,1048810.62580636,0.0292161106674869,NA,0.0144230124678071,0.723,GAM,GAM,Data,Pequivalent,BRA,1223061.2733085
198886,1957,Less than 6m,UP,Seine_Danish_and_Other,LatinAmerica,76,4809,4108.67241474308,0,3476.907,2970.57015585925,0,1083042.79568451,0.0292161106674869,NA,0.0143950838990026,0.723,GAM,GAM,Data,Pequivalent,BRA,1291018.99082386
198887,1958,Less than 6m,UP,Seine_Danish_and_Other,LatinAmerica,76,4935,4216.29336426384,0,3568.005,3048.38010236276,0,1111419.46282035,0,NA,0.0143695366920445,0.723,Data,GAM,Data,Pequivalent,BRA,1354256.37082417
198888,1959,Less than 6m,UP,Seine_Danish_and_Other,LatinAmerica,76,5253,4487.95049734173,0,3797.919,3244.78820957807,0,1183036.76559175,0,NA,0.0143445586141562,0.723,Data,GAM,Data,Pequivalent,BRA,1473523.300797
198889,1960,Less than 6m,UP,Seine_Danish_and_Other,LatinAmerica,76,5320,4545.16401970908,0,3846.36,3286.15358624966,0,1198125.94573541,0,NA,0.0143218846658299,0.723,Data,AIC,Data,Pequivalent,BRA,1525446.97433036
198890,1961,Less than 6m,UP,Seine_Danish_and_Other,LatinAmerica,76,5218,4457.9940442841,0,3772.614,3223.1296940174,0,1175154.35805402,0,NA,0.0143009615944688,0.723,Data,GAM,Data,Pequivalent,BRA,1529415.31567359
198891,1962,Less than 6m,UP,Seine_Danish_and_Other,LatinAmerica,76,5758,4919.31688555794,0,4163.034,3556.66610825839,0,1296768.64577904,0,NA,0.0142820994936858,0.723,Data,GAM,Data,Pequivalent,BRA,1725158.08295406
198892,1963,Less than 6m,UP,Seine_Danish_and_Other,LatinAmerica,76,6081,5195.24589281647,0,4396.563,3756.16278050631,0,1369512.00677012,0,NA,0.0142651986343328,0.723,Data,GAM,Data,Pequivalent,BRA,1862379.21819345
198893,1964,Less than 6m,UP,Seine_Danish_and_Other,LatinAmerica,76,6092,5204.62233840755,0,4404.516,3762.94195066866,0,1371989.33485341,0,NA,0.0142504315876951,0.723,Data,GAM,Data,Pequivalent,BRA,1907167.70801071
198894,1965,Less than 6m,UP,Seine_Danish_and_Other,LatinAmerica,76,6389,5458.34207308367,0,4619.247,3946.38131883949,0,1438877.19310217,0,NA,0.0142382564817998,0.723,Data,GAM,Data,Pequivalent,BRA,2044550.08931062
198895,1966,Less than 6m,UP,Seine_Danish_and_Other,LatinAmerica,76,6474,5530.94672970487,0,4680.702,3998.87448557662,0,1458020.18283667,0.0292161106674869,NA,0.0142292792948072,0.723,GAM,GAM,Data,Pequivalent,BRA,2117745.21562135
198896,1967,Less than 6m,UP,Seine_Danish_and_Other,LatinAmerica,76,6595,5634.30956860454,0,4768.185,4073.60581810108,0,1485270.79175283,0.0292161106674869,NA,0.0142220057977871,0.723,GAM,GAM,Data,Pequivalent,BRA,2205220.19813399
198897,1968,Less than 6m,UP,Seine_Danish_and_Other,LatinAmerica,76,6681,5707.77617001962,0,4830.363,4126.72217092418,0,1504638.99313126,0.0292161106674869,NA,0.0142183265463495,0.723,GAM,GAM,Data,Pequivalent,BRA,2283570.95286187
198898,1969,Less than 6m,UP,Seine_Danish_and_Other,LatinAmerica,76,6733,5752.20159696418,0,4867.959,4158.8417546051,0,1516349.99861589,0.0292161106674869,NA,0.0142185064801547,0.723,GAM,GAM,Data,Pequivalent,BRA,2352434.44293185
198899,1970,Less than 6m,UP,Seine_Danish_and_Other,LatinAmerica,76,6750,5766.72906597922,0,4880.25,4169.34511470298,0,1520178.59656279,0.0292161106674869,NA,0.014220924502685,0.723,GAM,AIC,Data,Pequivalent,BRA,2410729.95560127
198900,1971,Less than 6m,UP,Seine_Danish_and_Other,LatinAmerica,76,6733,5752.21536052374,0,4867.959,4158.85170565866,0,1516349.99861589,0.0292161106674869,NA,0.0142271394052267,0.723,GAM,GAM,Data,Pequivalent,BRA,2458041.90598888
198901,1972,Less than 6m,UP,Seine_Danish_and_Other,LatinAmerica,76,6684,5710.36716573607,0,4832.532,4128.59546082718,0,1505314.62806306,0.0292161106674869,NA,0.0142360220465843,0.723,GAM,GAM,Data,Pequivalent,BRA,2494324.69274341
198902,1973,Less than 6m,UP,Seine_Danish_and_Other,LatinAmerica,76,8808,6775.88982873461,0,6368.184,4898.96834617512,0,1983664.15978149,0.0292161106674869,NA,0.209343942085685,0.723,GAM,GAM,Data,Pequivalent,BRA,3359926.11575761
198903,1974,Less than 6m,UP,Seine_Danish_and_Other,LatinAmerica,76,8669,6671.87388361344,0,6267.687,4823.76481785252,0,1952359.74127449,0.0292161106674869,NA,0.208758118236217,0.723,GAM,GAM,Data,Pequivalent,BRA,3380315.99981235
198904,1975,Less than 6m,UP,Seine_Danish_and_Other,LatinAmerica,76,8499,6544.3515383974,0,6144.777,4731.56616226132,0,1914073.7618055,0.0292161106674869,NA,0.208079491649625,0.723,GAM,GAM,Data,Pequivalent,BRA,3387599.06200883
198905,1976,Less than 6m,UP,Seine_Danish_and_Other,LatinAmerica,76,6227,4797.54658835058,0,4502.121,3468.62618337747,0,1402392.90678467,0.0292161106674869,NA,0.207334686358442,0.723,GAM,GAM,Data,Pequivalent,BRA,2537107.7798449
198906,1977,Less than 6m,UP,Seine_Danish_and_Other,LatinAmerica,76,6064,4674.68640401396,0,4384.272,3379.79827010209,0,1365683.40882322,0.0292161106674869,NA,0.206555142131096,0.723,GAM,GAM,Data,Pequivalent,BRA,2525545.05475964
198907,1978,Less than 6m,UP,Seine_Danish_and_Other,LatinAmerica,76,5889,4542.58283054643,0,4257.747,3284.28738648507,0,1326271.37113456,0.0292161106674869,NA,0.20572969104202,0.723,GAM,GAM,Data,Pequivalent,BRA,2507109.82530502
198908,1979,Less than 6m,UP,Seine_Danish_and_Other,LatinAmerica,76,5702,4401.05713747117,0,4122.546,3181.96431039166,0,1284156.79371867,0.0292161106674869,NA,0.204903266619342,0.723,GAM,GAM,Data,Pequivalent,BRA,2481389.23702828
198909,1980,Less than 6m,UP,Seine_Danish_and_Other,LatinAmerica,76,5510,4255.48640757482,0,3983.73,3076.71667267659,0,1240916.1580831,0.0292161106674869,NA,0.204079438742225,0.723,GAM,AIC,Data,Pequivalent,BRA,2451066.85203043
198910,1981,Less than 6m,UP,Seine_Danish_and_Other,LatinAmerica,76,2139,1424.62316015717,0,1546.497,1030.00254479363,0,481727.706377452,0.0292161106674869,NA,0.417229956315952,0.723,GAM,GAM,Data,Pequivalent,BRA,972635.729004584
198911,1982,Less than 6m,UP,Seine_Danish_and_Other,LatinAmerica,76,2728,1816.91069701204,0,1972.344,1313.6264339397,0,614377.364655302,0.0292161106674869,NA,0.417229956315952,0.723,GAM,GAM,Data,Pequivalent,BRA,1268001.23641431
198912,1983,Less than 6m,UP,Seine_Danish_and_Other,LatinAmerica,76,2605,2222.95739265888,0,1883.415,1607.19819489237,0,586676.332451269,0.0292161106674869,NA,0.0100450508117196,0.723,GAM,GAM,Data,Pequivalent,BRA,1237710.04412109
198913,1984,Less than 6m,UP,Seine_Danish_and_Other,LatinAmerica,76,2484,2119.70294179066,0,1795.932,1532.54522691465,0,559425.723535106,0.0292161106674869,NA,0.0100450508117196,0.723,GAM,GAM,Data,Pequivalent,BRA,1206420.35410282
198914,1985,Less than 6m,UP,Seine_Danish_and_Other,LatinAmerica,76,2366,2019.00851862991,0,1710.618,1459.74315896942,0,532850.74955075,0.0292161106674869,NA,0.0100450508117196,0.723,GAM,GAM,Data,Pequivalent,BRA,1174620.78429573
198915,1986,Less than 6m,UP,Seine_Danish_and_Other,LatinAmerica,76,2252,1499.88375721082,0,1628.196,1084.41595646342,0,507176.622142133,0.0292161106674869,NA,0.417229956315951,0.723,GAM,GAM,Data,Pequivalent,BRA,1142844.66085054
198916,1987,Less than 6m,UP,Seine_Danish_and_Other,LatinAmerica,76,2140,1425.28918313995,0,1547.22,1030.48407941018,0,481952.918021387,0.0292161106674869,NA,0.417229956315952,0.723,GAM,GAM,Data,Pequivalent,BRA,1110116.26925748
198917,1988,Less than 6m,UP,Seine_Danish_and_Other,LatinAmerica,76,2033,1354.02472398295,0,1469.859,978.959875439673,0,457855.272120318,0.0292161106674869,NA,0.417229956315952,0.723,GAM,GAM,Data,Pequivalent,BRA,1078022.80791324
198918,1989,Less than 6m,UP,Seine_Danish_and_Other,LatinAmerica,76,1930,1285.42435675705,0,1395.39,929.361809935347,0,434658.47279499,0.0292161106674869,NA,0.417229956315952,0.723,GAM,GAM,Data,Pequivalent,BRA,1046125.42277443
198919,1990,Less than 6m,UP,Seine_Danish_and_Other,LatinAmerica,76,1831,1219.48808146226,0,1323.813,881.689882897214,0,412362.520045402,0.0292161106674869,NA,0.417229956315952,0.723,GAM,AIC,Data,Pequivalent,BRA,1014496.76917616
198920,1991,Less than 6m,UP,Seine_Danish_and_Other,LatinAmerica,76,1737,1156.88192108135,0,1255.851,836.425628941816,0,391192.625515491,0.0292161106674869,NA,0.417229956315951,0.723,GAM,GAM,Data,Pequivalent,BRA,983780.067599073
198921,1992,Less than 6m,UP,Seine_Danish_and_Other,LatinAmerica,76,1236,1054.73141548037,0,893.628,762.570813392308,0,278361.591903942,0.0292161106674869,NA,0.0100450508117196,0.723,GAM,GAM,Data,Pequivalent,BRA,715570.697514865
198922,1993,Less than 6m,UP,Seine_Danish_and_Other,LatinAmerica,76,1172,1000.11749105421,0,847.356,723.084946032194,0,263948.046692087,0.0292161106674869,NA,0.0100450508117196,0.723,GAM,GAM,Data,Pequivalent,BRA,693581.603659904
198923,1994,Less than 6m,UP,Seine_Danish_and_Other,LatinAmerica,76,1112,740.617556846552,0,803.976,535.466493600057,0,250435.348055974,0.0292161106674869,NA,0.417229956315952,0.723,GAM,GAM,Data,Pequivalent,BRA,672683.256118094
198924,1995,Less than 6m,UP,Seine_Danish_and_Other,LatinAmerica,76,1055,702.654246828338,0,762.765,508.019020456888,0,237598.284351665,0.0292161106674869,NA,0.417229956315952,0.723,GAM,GAM,Data,Pequivalent,BRA,652370.278548677
198925,1996,Less than 6m,UP,Seine_Danish_and_Other,LatinAmerica,76,1002,667.355028741227,0,724.446,482.497685779907,0,225662.067223098,0.0292161106674869,NA,0.417229956315952,0.723,GAM,GAM,Data,Pequivalent,BRA,633352.231781917
198926,1997,Less than 6m,UP,Seine_Danish_and_Other,LatinAmerica,76,953,634.719902585219,0,689.019,458.902489569113,0,214626.696670272,0.0292161106674869,NA,0.417229956315952,0.723,GAM,GAM,Data,Pequivalent,BRA,615752.75121266
198927,1998,Less than 6m,UP,Seine_Danish_and_Other,LatinAmerica,76,907,604.082845377538,0,655.761,436.75189720796,0,204266.961049251,0.0292161106674869,NA,0.417229956315952,0.723,GAM,GAM,Data,Pequivalent,BRA,599041.105243072
198928,1999,Less than 6m,UP,Seine_Danish_and_Other,LatinAmerica,76,864,737.287979753271,0,624.672,533.059209361615,0,194582.860360037,0.0292161106674869,NA,0.0100450508117196,0.723,GAM,GAM,Data,Pequivalent,BRA,583309.37437868
198929,2000,Less than 6m,UP,Seine_Danish_and_Other,LatinAmerica,76,825,704.007619556075,0,596.475,508.997508939042,0,185799.606246563,0.0292161106674869,NA,0.0100450508117196,0.723,GAM,GAM,Data,Pequivalent,BRA,569344.380849718
198930,2001,Less than 6m,UP,Seine_Danish_and_Other,LatinAmerica,76,753,642.566954576636,0,544.419,464.575908158908,0,169584.367883226,0,NA,0.0100450508117196,0.723,Data,GAM,Data,Pequivalent,BRA,531192.510371815
198931,2002,Less than 6m,UP,Seine_Danish_and_Other,LatinAmerica,76,756,645.126982284113,0,546.588,466.426808191414,0,170260.002815032,0.0292161106674869,NA,0.0100450508117196,0.723,GAM,GAM,Data,Pequivalent,BRA,545148.270891323
198932,2003,Less than 6m,UP,Seine_Danish_and_Other,LatinAmerica,76,726,619.526705209346,0,524.898,447.917807866357,0,163503.653496976,0.0292161106674869,NA,0.0100450508117196,0.723,GAM,GAM,Data,Pequivalent,BRA,535137.444945386
198933,2004,Less than 6m,UP,Seine_Danish_and_Other,LatinAmerica,76,663,565.766123352337,0,479.349,409.04890718374,0,149315.319929056,0,NA,0.0100450508117196,0.723,Data,Data,Data,Pequivalent,BRA,499549.035807111
198934,2005,Less than 6m,UP,Seine_Danish_and_Other,LatinAmerica,76,735,627.206788331776,0,531.405,453.470507963874,0,165530.558292392,0,NA,0.0100450508117196,0.723,Data,Data,Data,Pequivalent,BRA,566093.036101795
198935,2006,Less than 6m,UP,Seine_Danish_and_Other,LatinAmerica,76,647,430.916869855862,0,467.781,311.552896905788,0,145711.933626092,0.0292161106674869,NA,0.417229956315952,0.723,GAM,Data,Data,Pequivalent,BRA,509378.523908307
198936,2007,Less than 6m,UP,Seine_Danish_and_Other,LatinAmerica,76,831,553.465098686587,0,600.813,400.155266350402,0,187150.876110175,0.0292161106674869,NA,0.417229956315951,0.723,GAM,Data,Data,Pequivalent,BRA,668764.559895783
198937,2008,Less than 6m,UP,Seine_Danish_and_Other,LatinAmerica,76,800,532.818386220541,0,578.4,385.227693237451,0,180169.315148183,0.0292161106674869,NA,0.417229956315952,0.723,GAM,Data,Data,Pequivalent,BRA,658109.394103942
198938,2009,Less than 6m,UP,Seine_Danish_and_Other,LatinAmerica,76,771,513.503719720046,0,557.433,371.263189357593,0,173638.177474061,0.0292161106674869,NA,0.417229956315952,0.723,GAM,Data,Data,Pequivalent,BRA,648333.343581876
198939,2010,Less than 6m,UP,Seine_Danish_and_Other,LatinAmerica,76,743,494.855076202327,0,537.189,357.780220094282,0,167332.251443874,0.0292161106674869,NA,0.417229956315952,0.723,GAM,Data,Data,Pequivalent,BRA,638658.461025132
198940,2011,Less than 6m,UP,Seine_Danish_and_Other,LatinAmerica,76,716,476.872455667384,0,517.668,344.778785447519,0,161251.537057623,0.0292161106674869,NA,0.417229956315952,0.723,GAM,Data,Data,Pequivalent,BRA,629113.138712896
198941,2012,Less than 6m,UP,Seine_Danish_and_Other,LatinAmerica,76,690,459.555858115216,0,498.87,332.258885417301,0,155396.034315307,0.0292161106674869,NA,0.417229956315952,0.723,GAM,Data,Data,Pequivalent,BRA,619727.403311037
198942,2013,Less than 6m,UP,Seine_Danish_and_Other,LatinAmerica,76,665,442.905283545824,0,480.795,320.220520003631,0,149765.743216926,0.0292161106674869,NA,0.417229956315952,0.723,GAM,Data,Data,Pequivalent,BRA,610532.983850608
198943,2014,Less than 6m,UP,Seine_Danish_and_Other,LatinAmerica,76,641,426.920731959208,0,463.443,308.663689206507,0,144360.663762481,0.0292161106674869,NA,0.417229956315952,0.723,GAM,Data,Data,Pequivalent,BRA,601563.382127867
198944,2015,Less than 6m,UP,Seine_Danish_and_Other,LatinAmerica,76,2710,2316.15753324275,0,1959.33,1674.58189653451,0,610323.555064468,0.0292161106674869,NA,0.0156580991268275,0.723,GAM,GAM,Data,Pequivalent,BRA,2599731.70321701
198945,2016,Less than 6m,UP,Seine_Danish_and_Other,LatinAmerica,76,1947,1663.7840237162,0,1407.681,1202.91584914681,0,438487.070741888,0.0292161106674869,NA,0.0150949759115161,0.723,GAM,GAM,Data,Pequivalent,BRA,1909242.38725621
198946,2017,Less than 6m,UP,Seine_Danish_and_Other,LatinAmerica,76,1884,1488.92422416027,0,1362.132,1076.49221406787,0,424298.737173969,0.0292161106674869,NA,0.173696934440416,0.723,GAM,GAM,Data,Pequivalent,BRA,1888477.83183832
219431,1950,12-24m,APW,Pots_and_Traps,LatinAmerica,76,6,103.118199724667,872.864483990034,4.338,74.5544584009342,631.081021924795,128389.58632422,0.0513454323196739,0.00260631009274771,0.0295122575683576,0.723,GAM,AIC,Data,AIC,BRA,129386.370450383
219432,1951,12-24m,APW,Pots_and_Traps,LatinAmerica,76,6,103.118199724667,849.387623307144,4.338,74.5544584009342,614.107251651065,124936.376248024,0.0513454323196739,0.00284619443335384,0.0295122575683576,0.723,GAM,GAM,Data,AIC,BRA,126883.855442971
219433,1952,12-24m,APW,Pots_and_Traps,LatinAmerica,76,6,103.118199724667,826.453057893984,4.338,74.5544584009342,597.52556085735,121562.932351601,0.0513454323196739,0.00304865041517038,0.0295122575683576,0.723,GAM,GAM,Data,AIC,BRA,124416.322287694
219434,1953,12-24m,APW,Pots_and_Traps,LatinAmerica,76,6,103.118199724667,803.930712530724,4.338,74.5544584009342,581.241905159713,118250.121878408,0.0513454323196739,0.00319794402550728,0.0295122575683576,0.723,GAM,GAM,Data,AIC,BRA,121965.364947154
219435,1954,12-24m,APW,Pots_and_Traps,LatinAmerica,76,7,120.304566345445,911.965022347568,5.061,86.9802014677567,659.350711157292,134140.88224341,0.0513454323196739,0.00343432140728213,0.0295122575683576,0.723,GAM,GAM,Data,AIC,BRA,139429.545472586
219436,1955,12-24m,APW,Pots_and_Traps,LatinAmerica,76,7,120.304566345445,886.199870096548,5.061,86.9802014677567,640.722506079804,130351.087493179,0.0513454323196739,0.00377430587917278,0.0295122575683576,0.723,GAM,GAM,Data,AIC,BRA,136542.246097313
219437,1956,12-24m,APW,Pots_and_Traps,LatinAmerica,76,7,120.304566345445,860.517111976067,5.061,86.9802014677567,622.153871958696,126573.412090829,0.0513454323196739,0.00406641345610355,0.0295122575683576,0.723,GAM,GAM,Data,AIC,BRA,133614.503513329
219438,1957,12-24m,APW,Pots_and_Traps,LatinAmerica,76,7,120.304566345445,834.854584776898,5.061,86.9802014677567,603.599864793697,122798.712453522,0.0513454323196739,0.00432016966653777,0.0295122575683576,0.723,GAM,GAM,Data,AIC,BRA,130636.235934646
219439,1958,12-24m,APW,Pots_and_Traps,LatinAmerica,76,8,137.490932966222,924.783392286928,5.784,99.4059445345785,668.618392623449,136026.335534329,0,0.00462336505595872,0.0295122575683576,0.723,Data,GAM,Data,AIC,BRA,145831.577745552
219440,1959,12-24m,APW,Pots_and_Traps,LatinAmerica,76,7,120.304566345445,783.531751098166,5.061,86.9802014677567,566.493456043974,115249.639824426,0,0.00492853633885715,0.0295122575683576,0.723,Data,GAM,Data,AIC,BRA,124516.493861453
219441,1960,12-24m,APW,Pots_and_Traps,LatinAmerica,76,9,154.677299587,974.490479298873,6.507,111.831687601401,704.556616533085,143337.74807992,0,0.00522992182993547,0.0295122575683576,0.723,Data,AIC,Data,AIC,BRA,156065.394428676
219442,1961,12-24m,APW,Pots_and_Traps,LatinAmerica,76,9,154.677299587,941.766400279566,6.507,111.831687601401,680.897107402126,138524.365194957,0,0.00562080488755115,0.0295122575683576,0.723,Data,GAM,Data,AIC,BRA,151995.572119461
219443,1962,12-24m,APW,Pots_and_Traps,LatinAmerica,76,9,154.677299587,909.358419351816,6.507,111.831687601401,657.466137191363,133757.477159947,0,0.0057038998602486,0.0295122575683576,0.723,Data,GAM,Data,AIC,BRA,147904.561174585
219444,1963,12-24m,APW,Pots_and_Traps,LatinAmerica,76,9,154.677299587,877.442480192965,6.507,111.831687601401,634.390913179514,129062.963520187,0,0.00612412666697792,0.0295122575683576,0.723,Data,GAM,Data,AIC,BRA,143821.515964438
219445,1964,12-24m,APW,Pots_and_Traps,LatinAmerica,76,9,154.677299587,846.20069864807,6.507,111.831687601401,611.803105122555,124467.611684762,0,0.0066284749954386,0.0295122575683576,0.723,Data,GAM,Data,AIC,BRA,139777.515259573
219446,1965,12-24m,APW,Pots_and_Traps,LatinAmerica,76,9,154.677299587,815.851819167512,6.507,111.831687601401,589.860865258111,120003.596762192,0,0.00708401999773945,0.0295122575683576,0.723,Data,GAM,Data,AIC,BRA,135810.6892674
219447,1966,12-24m,APW,Pots_and_Traps,LatinAmerica,76,10,171.863666207778,874.026100307468,7.23,124.257430668223,631.920870522299,128560.448400978,0.0513454323196739,0.00767086211433092,0.0295122575683576,0.723,GAM,GAM,Data,AIC,BRA,146624.248612114
219448,1967,12-24m,APW,Pots_and_Traps,LatinAmerica,76,10,171.863666207778,843.042054028857,7.23,124.257430668223,609.519405062864,124003.006830922,0.0513454323196739,0.00824517625707256,0.0295122575683576,0.723,GAM,GAM,Data,AIC,BRA,142524.448039229
219449,1968,12-24m,APW,Pots_and_Traps,LatinAmerica,76,11,189.050032828556,895.172515106245,7.953,136.683173735046,647.209728421815,131670.873327244,0.0513454323196739,0.00884847491401203,0.0295122575683576,0.723,GAM,GAM,Data,AIC,BRA,152512.5555907
219450,1969,12-24m,APW,Pots_and_Traps,LatinAmerica,76,12,206.236399449334,943.795351018354,8.676,149.108916801868,682.36403878627,138822.803441447,0.0513454323196739,0.00947329362709956,0.0295122575683576,0.723,GAM,GAM,Data,AIC,BRA,162044.921010661
219451,1970,12-24m,APW,Pots_and_Traps,LatinAmerica,76,12,206.236399449334,913.619833922338,8.676,149.108916801868,660.54713992585,134384.288381964,0.0513454323196739,0.0101095300556507,0.0295122575683576,0.723,GAM,AIC,Data,AIC,BRA,158081.788043721
219452,1971,12-24m,APW,Pots_and_Traps,LatinAmerica,76,12,206.236399449334,886.215829107215,8.676,149.108916801868,640.734044444516,130353.434903132,0.0513454323196739,0.0107447533537608,0.0295122575683576,0.723,GAM,GAM,Data,AIC,BRA,154530.622432928
219453,1972,12-24m,APW,Pots_and_Traps,LatinAmerica,76,13,223.422766070111,933.526830398289,9.399,161.53465986869,674.939898377963,137312.407339012,0.0513454323196739,0.011364277761216,0.0295122575683576,0.723,GAM,GAM,Data,AIC,BRA,164044.089019596
219454,1973,12-24m,APW,Pots_and_Traps,LatinAmerica,76,14,279.35531792499,980.265075432604,10.122,201.973894859768,708.731649537773,144187.133090306,0.0513454323196739,0.0119530410191146,0.0133858214657837,0.723,GAM,GAM,Data,AIC,BRA,173594.532382482
219455,1974,12-24m,APW,Pots_and_Traps,LatinAmerica,76,15,299.309269205346,1027.25523314677,10.845,216.400601635465,742.705533565115,151098.912663067,0.0513454323196739,0.0126422628038327,0.0133858214657837,0.723,GAM,GAM,Data,AIC,BRA,183328.339704722
219456,1975,12-24m,APW,Pots_and_Traps,LatinAmerica,76,15,299.309269205346,1008.11337769289,10.845,216.400601635465,728.86597207196,148283.338254578,0.0513454323196739,0.0129609605179303,0.0133858214657837,0.723,GAM,GAM,Data,AIC,BRA,181308.99536384
219457,1976,12-24m,APW,Pots_and_Traps,LatinAmerica,76,16,319.263220485702,1059.08216868401,11.568,230.827308411163,765.716407958539,155780.334765287,0.0513454323196739,0.0132040216531225,0.0133858214657837,0.723,GAM,GAM,Data,AIC,BRA,191954.527646058
219458,1977,12-24m,APW,Pots_and_Traps,LatinAmerica,76,17,339.217171766059,1112.5012385372,12.291,245.254015186861,804.338395462396,163637.742651703,0.0513454323196739,0.0135252619832344,0.0133858214657837,0.723,GAM,GAM,Data,AIC,BRA,203201.981237251
219459,1978,12-24m,APW,Pots_and_Traps,LatinAmerica,76,19,379.125074326772,1234.11496166424,13.737,274.107428738256,892.265117283245,181525.898132902,0.0513454323196739,0.0137234348734049,0.0133858214657837,0.723,GAM,GAM,Data,AIC,BRA,227165.190336327
219460,1979,12-24m,APW,Pots_and_Traps,LatinAmerica,76,20,399.079025607128,1294.55301917484,14.46,288.534135513954,935.961832863409,190415.728506747,0.0513454323196739,0.013823108153903,0.0133858214657837,0.723,GAM,GAM,Data,AIC,BRA,240140.128179147
219461,1980,12-24m,APW,Pots_and_Traps,LatinAmerica,76,22,438.986928167841,1424.74168318309,15.906,317.387549065349,1030.08823694137,209565.171544817,0.0513454323196739,0.0138837491366382,0.0133858214657837,0.723,GAM,AIC,Data,AIC,BRA,266342.06177732
219462,1981,12-24m,APW,Pots_and_Traps,LatinAmerica,76,23,458.940879448197,1496.13094278967,16.629,331.814255841046,1081.70267163693,220065.813599794,0.0513454323196739,0.0135215040878747,0.0133858214657837,0.723,GAM,GAM,Data,AIC,BRA,281859.036194937
219463,1982,12-24m,APW,Pots_and_Traps,LatinAmerica,76,25,498.84878200891,1639.71536181989,18.075,360.667669392442,1185.51420659578,241185.637467096,0.0513454323196739,0.0133004679932291,0.0133858214657837,0.723,GAM,GAM,Data,AIC,BRA,311307.478315958
219464,1983,12-24m,APW,Pots_and_Traps,LatinAmerica,76,28,481.218265381778,1858.42014738102,20.244,347.920805871025,1343.63776655648,273354.911690471,0.0513454323196739,0.0128381074248945,0.0295122575683576,0.723,GAM,GAM,Data,AIC,BRA,355568.86369786
219465,1984,12-24m,APW,Pots_and_Traps,LatinAmerica,76,30,515.590998623334,2021.66149593905,21.69,372.77229200467,1461.66126156393,297366.072181924,0.0513454323196739,0.0104370002661804,0.0295122575683576,0.723,GAM,GAM,Data,AIC,BRA,389804.626311984
219466,1985,12-24m,APW,Pots_and_Traps,LatinAmerica,76,33,567.150098485667,2264.47704727276,23.859,410.049521205137,1637.21690517821,333081.797544371,0.0513454323196739,0.00856637586341418,0.0295122575683576,0.723,GAM,GAM,Data,AIC,BRA,440012.691385364
219467,1986,12-24m,APW,Pots_and_Traps,LatinAmerica,76,36,718.34224609283,2521.6700892483,26.028,519.361443925116,1823.16747452652,370912.307171435,0.0513454323196739,0.00789361182675004,0.0133858214657837,0.723,GAM,GAM,Data,AIC,BRA,493792.259517061
219468,1987,12-24m,APW,Pots_and_Traps,LatinAmerica,76,40,798.158051214256,2865.4841741202,28.92,577.068271027907,2071.7450578889,421483.90097413,0.0513454323196739,0.00724197013710194,0.0133858214657837,0.723,GAM,GAM,Data,AIC,BRA,565474.148908837
219469,1988,12-24m,APW,Pots_and_Traps,LatinAmerica,76,44,877.973856335682,3227.72897429863,31.812,634.775098130698,2333.64804841791,474766.467622288,0.0513454323196739,0.00666941014755764,0.0133858214657837,0.723,GAM,GAM,Data,AIC,BRA,641904.666338757
219470,1989,12-24m,APW,Pots_and_Traps,LatinAmerica,76,48,957.789661457107,3608.05573298416,34.704,692.481925233488,2608.62429494755,530708.708498506,0.0513454323196739,0.00732582659558443,0.0133858214657837,0.723,GAM,GAM,Data,AIC,BRA,723111.785857564
219471,1990,12-24m,APW,Pots_and_Traps,LatinAmerica,76,53,1057.55941785889,4082.35040582912,38.319,764.615459111977,2951.53934341445,600472.684418325,0.0513454323196739,0.00611719350138334,0.0133858214657837,0.723,GAM,AIC,Data,AIC,BRA,824520.034364594
219472,1991,12-24m,APW,Pots_and_Traps,LatinAmerica,76,58,1157.32917426067,4575.62674511379,41.934,836.748992990464,3308.17813671727,673028.67255383,0.0513454323196739,0.00614865885311701,0.0133858214657837,0.723,GAM,GAM,Data,AIC,BRA,931322.839958209
219473,1992,12-24m,APW,Pots_and_Traps,LatinAmerica,76,63,1082.741097109,5085.73222280856,45.549,782.821813209807,3676.98439709059,748060.057681989,0.0513454323196739,0.00546976302798601,0.0295122575683576,0.723,GAM,GAM,Data,AIC,BRA,1043186.32262391
219474,1993,12-24m,APW,Pots_and_Traps,LatinAmerica,76,69,1185.85929683367,5692.6420436429,49.887,857.376271610743,4115.78019755382,837330.388027927,0.0513454323196739,0.00504656868549277,0.0295122575683576,0.723,GAM,GAM,Data,AIC,BRA,1176741.31397992
219475,1994,12-24m,APW,Pots_and_Traps,LatinAmerica,76,75,1496.54634602673,6314.66119581526,54.225,1082.00300817733,4565.50004457443,928823.149044037,0.0513454323196739,0.00496070100610561,0.0133858214657837,0.723,GAM,GAM,Data,AIC,BRA,1315454.7393966
219476,1995,12-24m,APW,Pots_and_Traps,LatinAmerica,76,81,1616.27005370887,6948.64951878474,58.563,1168.56324883151,5023.87360208137,1022076.45469849,0.0513454323196739,0.00477463095394717,0.0133858214657837,0.723,GAM,GAM,Data,AIC,BRA,1458763.85377717
219477,1996,12-24m,APW,Pots_and_Traps,LatinAmerica,76,88,1755.94771267136,7678.77456243753,63.624,1269.55019626139,5551.75400864233,1129470.50502235,0.0513454323196739,0.00634620467993683,0.0133858214657837,0.723,GAM,GAM,Data,AIC,BRA,1624558.05089458
219478,1997,12-24m,APW,Pots_and_Traps,LatinAmerica,76,96,1915.57932291421,8505.94073150249,69.408,1384.96385046697,6149.7951488763,1251138.32885473,0.0513454323196739,0.00618720723112248,0.0133858214657837,0.723,GAM,GAM,Data,AIC,BRA,1813528.56323106
219479,1998,12-24m,APW,Pots_and_Traps,LatinAmerica,76,103,2055.25698187671,9250.83894723834,74.469,1485.95079789686,6688.35655885332,1360705.36420345,0.0513454323196739,0.00649552297045914,0.0133858214657837,0.723,GAM,GAM,Data,AIC,BRA,1987659.08781009
219480,1999,12-24m,APW,Pots_and_Traps,LatinAmerica,76,111,1907.68669490634,10088.4365754127,80.253,1379.25748041728,7293.93964402338,1483907.5507512,0.0513454323196739,0.00413745779572601,0.0295122575683576,0.723,GAM,GAM,Data,AIC,BRA,2184456.3809096
219481,2000,12-24m,APW,Pots_and_Traps,LatinAmerica,76,118,2027.99126125178,10835.1848620718,85.314,1466.23768188504,7833.83865527791,1593746.71292472,0.0513454323196739,0.00418693337981826,0.0295122575683576,0.723,GAM,GAM,Data,AIC,BRA,2364365.23601664
219482,2001,12-24m,APW,Pots_and_Traps,LatinAmerica,76,126,2165.482194218,11671.0266611037,91.098,1565.64362641961,8438.15227597797,1716690.63466575,0.0513454323196739,0.00412801319026841,0.0295122575683576,0.723,GAM,GAM,Data,AIC,BRA,2566528.14768966
219483,2002,12-24m,APW,Pots_and_Traps,LatinAmerica,76,134,2302.97312718423,12502.5837318406,96.882,1665.0495709542,9039.36803812075,1839004.31597039,0.0513454323196739,0.00682240631173096,0.0295122575683576,0.723,GAM,GAM,Data,AIC,BRA,2770738.07591668
219484,2003,12-24m,APW,Pots_and_Traps,LatinAmerica,76,141,2423.27769352967,13233.989819163,101.943,1752.02977242195,9568.17463925485,1946586.79493331,0.0513454323196739,0.0037694799077314,0.0295122575683576,0.723,GAM,GAM,Data,AIC,BRA,2955597.07424512
219485,2004,12-24m,APW,Pots_and_Traps,LatinAmerica,76,151,2595.14135973745,14240.0839031121,109.173,1876.28720309018,10295.58066195,2094573.11538824,0,0.00369998055499287,0.0295122575683576,0.723,Data,Data,Data,AIC,BRA,3204982.85497692
219486,2005,12-24m,APW,Pots_and_Traps,LatinAmerica,76,152,2612.32772635823,14388.2545368093,109.896,1888.712946157,10402.7080301131,2116367.52530489,0,0.00323726018753957,0.0295122575683576,0.723,Data,Data,Data,AIC,BRA,3263472.85913596
219487,2006,12-24m,APW,Pots_and_Traps,LatinAmerica,76,161,3212.58615613738,15285.1487918314,116.403,2322.69979088733,11051.1625764941,2248291.6492565,0.0513454323196739,0.0058142932446935,0.0133858214657837,0.723,GAM,Data,Data,AIC,BRA,3493818.13221456
219488,2007,12-24m,APW,Pots_and_Traps,LatinAmerica,76,166,3312.35591253916,15797.0700744306,120.018,2394.83332476581,11421.2816638133,2323590.12102274,0.0513454323196739,0.00366529895387995,0.0133858214657837,0.723,GAM,Data,Data,AIC,BRA,3638864.62484146
219489,2008,12-24m,APW,Pots_and_Traps,LatinAmerica,76,171,3412.12566894094,16305.4124420449,123.633,2466.9668586443,11788.8131955985,2398362.17039143,0.0513454323196739,0.00553164974435574,0.0133858214657837,0.723,GAM,Data,Data,AIC,BRA,3785121.92748748
219490,2009,12-24m,APW,Pots_and_Traps,LatinAmerica,76,175,3491.94147406237,16717.9105130029,126.525,2524.67368574709,12087.0493009011,2459036.48772388,0.0513454323196739,0.00539160962065698,0.0133858214657837,0.723,GAM,Data,Data,AIC,BRA,3911008.96884988
219491,2010,12-24m,APW,Pots_and_Traps,LatinAmerica,76,178,3551.80332790344,17037.8946569466,128.694,2567.95380607419,12318.3978369724,2506102.93689757,0.0513454323196739,0.00520043894082995,0.0133858214657837,0.723,GAM,Data,Data,AIC,BRA,4016811.71556052
219492,2011,12-24m,APW,Pots_and_Traps,LatinAmerica,76,180,3591.71123046415,17268.7458511729,130.14,2596.80721962558,12485.303250398,2540058.82566702,0.0513454323196739,0.0028972775280255,0.0133858214657837,0.723,GAM,Data,Data,AIC,BRA,4102844.66625539
219493,2012,12-24m,APW,Pots_and_Traps,LatinAmerica,76,182,3631.61913302486,17509.8280586889,131.586,2625.66063317697,12659.6056864321,2575519.59358786,0.0513454323196739,0.00286916623640921,0.0133858214657837,0.723,GAM,Data,Data,AIC,BRA,4192421.01311521
219494,2013,12-24m,APW,Pots_and_Traps,LatinAmerica,76,182,3631.61913302486,17571.1298982615,131.586,2625.66063317697,12703.9269164431,2584536.4776151,0.0513454323196739,0.00284685476229338,0.0133858214657837,0.723,GAM,Data,Data,AIC,BRA,4239761.50774059
219495,2014,12-24m,APW,Pots_and_Traps,LatinAmerica,76,183,3651.57308430522,17743.3456285242,132.309,2640.08733995267,12828.438889423,2609867.67939098,0.0513454323196739,0.00265641510633101,0.0133858214657837,0.723,GAM,Data,Data,AIC,BRA,4314554.71940738
219496,2015,12-24m,APW,Pots_and_Traps,LatinAmerica,76,183,3145.10509160234,17833.4630874989,132.309,2273.91098122849,12893.5938122617,2623123.05120478,0.0513454323196739,0.00264188612773907,0.0295122575683576,0.723,GAM,Data,Data,AIC,BRA,4370135.33774999
219497,2016,12-24m,APW,Pots_and_Traps,LatinAmerica,76,183,3145.10509160234,17937.7328606208,132.309,2273.91098122849,12968.9808582288,2638460.08608567,0.0513454323196739,0.0026413271800287,0.0295122575683576,0.723,GAM,Data,Data,AIC,BRA,4429813.90626377
219498,2017,12-24m,APW,Pots_and_Traps,LatinAmerica,76,183,3651.57308430522,18054.2837529561,132.309,2640.08733995267,13053.2471533873,2655603.55007935,0.0513454323196739,0.00238053192174085,0.0133858214657837,0.723,GAM,Data,Data,AIC,BRA,4493212.15115962
219499,1950,6-12m,APW,Pots_and_Traps,LatinAmerica,76,9,28.5485769738766,224.457980372529,6.507,20.6406211521128,162.283119809338,33274.1559800177,0.0513454323196739,0.0360626791578922,0.0328924483561127,0.723,GAM,AIC,Data,AIC,BRA,33532.4880725333
219500,1951,6-12m,APW,Pots_and_Traps,LatinAmerica,76,9,28.5485769738766,222.104872812388,6.507,20.6406211521128,160.581823043356,32925.3260214484,0.0513454323196739,0.0363685500176391,0.0328924483561127,0.723,GAM,GAM,Data,AIC,BRA,33438.5583508889
219501,1952,6-12m,APW,Pots_and_Traps,LatinAmerica,76,10,31.7144931324387,241.417406569188,7.23,22.9295785347532,174.544784949523,35788.259473521,0.0513454323196739,0.0373544015532899,0.0334977667071827,0.723,GAM,GAM,Data,AIC,BRA,36628.3005735224
219502,1953,6-12m,APW,Pots_and_Traps,LatinAmerica,76,11,34.8804092910009,260.656400080831,7.953,25.2185359173937,188.454577258441,38640.2911542056,0.0513454323196739,0.0382360297071562,0.0339932017634359,0.723,GAM,GAM,Data,AIC,BRA,39854.3116694031
219503,1954,6-12m,APW,Pots_and_Traps,LatinAmerica,76,11,34.8804092910009,258.308548815781,7.953,25.2185359173937,186.75708079381,38292.240400646,0.0513454323196739,0.0389910888578368,0.0339932017634359,0.723,GAM,GAM,Data,AIC,BRA,39801.9573518302
219504,1955,6-12m,APW,Pots_and_Traps,LatinAmerica,76,12,38.046325449563,277.430112372815,8.676,27.5074933000341,200.581971245545,41126.8640006738,0.0513454323196739,0.0389287230129035,0.0344061843971975,0.723,GAM,GAM,Data,AIC,BRA,43080.2265910101
219505,1956,6-12m,APW,Pots_and_Traps,LatinAmerica,76,13,41.2122416081251,296.449507959309,9.399,29.7964506826745,214.332994254581,43946.3419908987,0.0513454323196739,0.0394670919865583,0.0347557165442876,0.723,GAM,GAM,Data,AIC,BRA,46391.011898512
219506,1957,6-12m,APW,Pots_and_Traps,LatinAmerica,76,15,47.5717396986582,345.039072635374,10.845,34.3943678021299,249.463249515375,51149.368371824,0.0513454323196739,0.0391260036055869,0.0334977667071827,0.723,GAM,GAM,Data,AIC,BRA,54413.9333468888
219507,1958,6-12m,APW,Pots_and_Traps,LatinAmerica,76,16,50.7376558572203,362.917077133878,11.568,36.6833251847703,262.389046767794,53799.6439793448,0,0.0396784855475069,0.0338383614242081,0.723,Data,GAM,Data,AIC,BRA,57677.7058121723
219508,1959,6-12m,APW,Pots_and_Traps,LatinAmerica,76,16,50.7376558572203,359.426645558176,11.568,36.6833251847703,259.865464738562,53282.2145500382,0,0.0400638076724593,0.0338383614242081,0.723,Data,GAM,Data,AIC,BRA,57566.4665941832
219509,1960,6-12m,APW,Pots_and_Traps,LatinAmerica,76,22,69.7608185820017,488.600352594294,15.906,50.4370718347872,353.258054925675,72431.2154868877,0,0.0405239167243107,0.0339932017634359,0.723,Data,AIC,Data,AIC,BRA,78862.7306158517
219510,1961,6-12m,APW,Pots_and_Traps,LatinAmerica,76,22,69.7608185820017,483.733700159412,15.906,50.4370718347872,349.739465215255,71709.7719812923,0,0.0409316117390107,0.0339932017634359,0.723,Data,GAM,Data,AIC,BRA,78683.398429675
219511,1962,6-12m,APW,Pots_and_Traps,LatinAmerica,76,21,66.5672366500309,453.499037029515,15.183,48.1281120979723,327.879803772339,67227.7174991224,0,0.0416759429607564,0.0350553777851437,0.723,Data,GAM,Data,AIC,BRA,74338.1698474058
219512,1963,6-12m,APW,Pots_and_Traps,LatinAmerica,76,24,76.092650899126,515.476177362065,17.352,55.0149866000681,372.689276232773,76415.3482137804,0,0.0419030033755147,0.0344061843971976,0.723,Data,GAM,Data,AIC,BRA,85153.5632167419
219513,1964,6-12m,APW,Pots_and_Traps,LatinAmerica,76,24,76.092650899126,510.101794310288,17.352,55.0149866000681,368.803597286339,75618.6375792804,0,0.042344489356689,0.0344061843971976,0.723,Data,GAM,Data,AIC,BRA,84919.9653233163
219514,1965,6-12m,APW,Pots_and_Traps,LatinAmerica,76,25,79.2585670576881,525.316981277088,18.075,57.3039439827085,379.804177463334,77874.1711252838,0,0.0428312824483623,0.0345879313531474,0.723,Data,GAM,Data,AIC,BRA,88131.8988930869
219515,1966,6-12m,APW,Pots_and_Traps,LatinAmerica,76,26,82.4244832162503,540.216704979402,18.798,59.592901365349,390.576677700108,80082.9396872533,0.0513454323196739,0.0433159504034445,0.0347557165442876,0.723,GAM,GAM,Data,AIC,BRA,91335.2512715991
219516,1967,6-12m,APW,Pots_and_Traps,LatinAmerica,76,28,88.7563155333745,575.274725634045,20.244,64.1708161306298,415.923626633414,85280.0195401376,0.0513454323196739,0.0438051575657623,0.0350553777851437,0.723,GAM,GAM,Data,AIC,BRA,98017.6854123014
219517,1968,6-12m,APW,Pots_and_Traps,LatinAmerica,76,29,91.9222316919366,589.406946669662,20.967,66.4597735132702,426.141222442165,87375.0117801231,0.0513454323196739,0.0442817990990323,0.0351897273459783,0.723,GAM,GAM,Data,AIC,BRA,101205.27041873
219518,1969,6-12m,APW,Pots_and_Traps,LatinAmerica,76,34,107.779478258156,683.209767479113,24.582,77.9245627806469,493.960661887399,101280.552967828,0.0513454323196739,0.0447885868390128,0.0349407946413176,0.723,GAM,GAM,Data,AIC,BRA,118222.646414932
219519,1970,6-12m,APW,Pots_and_Traps,LatinAmerica,76,36,114.11131057528,715.594901928548,26.028,82.5024775459277,517.37511409434,106081.398156384,0.0513454323196739,0.04527701345088,0.0351636029154703,0.723,GAM,AIC,Data,AIC,BRA,124787.92945701
219520,1971,6-12m,APW,Pots_and_Traps,LatinAmerica,76,38,120.470808665813,745.231212400603,27.474,87.1003946653829,538.802166565636,110474.751494424,0.0513454323196739,0.0458917976473799,0.0346453295221488,0.723,GAM,GAM,Data,AIC,BRA,130964.95787965
219521,1972,6-12m,APW,Pots_and_Traps,LatinAmerica,76,40,126.802640982937,775.83611096034,28.92,91.6783094306636,560.929508224326,115011.690509643,0.0513454323196739,0.046401552456019,0.0348605914405846,0.723,GAM,GAM,Data,AIC,BRA,137401.916999949
219522,1973,6-12m,APW,Pots_and_Traps,LatinAmerica,76,49,156.845952667025,936.932379413459,35.427,113.399623778259,677.402110315931,138892.963768056,0.0513454323196739,0.0470684981851173,0.0416184906660615,0.723,GAM,GAM,Data,AIC,BRA,167220.601310047
219523,1974,6-12m,APW,Pots_and_Traps,LatinAmerica,76,51,163.229746758509,964.262915524789,36.873,118.015106906402,697.162087924422,142944.503927495,0.0513454323196739,0.0476011254410001,0.0418752864589541,0.723,GAM,GAM,Data,AIC,BRA,173434.594022385
219524,1975,6-12m,APW,Pots_and_Traps,LatinAmerica,76,55,176.052709619685,1025.57961596615,39.765,127.286109055032,741.494062343529,152034.229546873,0.0513454323196739,0.0482653898628516,0.0416036099265329,0.723,GAM,GAM,Data,AIC,BRA,185895.284962726
219525,1976,6-12m,APW,Pots_and_Traps,LatinAmerica,76,50,160.037849712767,921.564330378633,36.15,115.70736534233,666.291010863752,136614.76960519,0.0513454323196739,0.0488300149176904,0.0417494494121261,0.723,GAM,GAM,Data,AIC,BRA,168338.472301722
219526,1977,6-12m,APW,Pots_and_Traps,LatinAmerica,76,53,169.613540849992,967.161933084559,38.319,122.630590034544,699.258077620136,143374.260812559,0.0513454323196739,0.0493195589779583,0.0421127520561892,0.723,GAM,GAM,Data,AIC,BRA,178039.206502309
219527,1978,6-12m,APW,Pots_and_Traps,LatinAmerica,76,50,159.982475034557,904.249891091003,36.15,115.667329449985,653.772671258795,134048.038172398,0.0513454323196739,0.049765004611398,0.0425518946987948,0.723,GAM,GAM,Data,AIC,BRA,167750.433513072
219528,1979,6-12m,APW,Pots_and_Traps,LatinAmerica,76,54,172.805437895734,962.932921791458,39.042,124.938331598615,696.200502455224,142747.342664341,0.0513454323196739,0.0504708052868145,0.0422249054981543,0.723,GAM,GAM,Data,AIC,BRA,180023.811233812
219529,1980,6-12m,APW,Pots_and_Traps,LatinAmerica,76,57,182.38112903296,1007.17463554655,41.211,131.86155629083,728.187261500155,149305.833843256,0.0513454323196739,0.0509345630732269,0.0425378119240175,0.723,GAM,AIC,Data,AIC,BRA,189756.834726187
219530,1981,6-12m,APW,Pots_and_Traps,LatinAmerica,76,61,195.148717215927,1069.10778437607,44.103,141.092522547115,772.964928103901,158486.943158536,0.0513454323196739,0.0513512302522794,0.0429072527806325,0.723,GAM,GAM,Data,AIC,BRA,202989.1709095
219531,1982,6-12m,APW,Pots_and_Traps,LatinAmerica,76,88,281.496061485584,1529.31092154533,63.624,203.521652454077,1105.69179627727,226708.491544781,0.0513454323196739,0.0517880300756437,0.0431540933054715,0.723,GAM,GAM,Data,AIC,BRA,292621.27528323
219532,1983,6-12m,APW,Pots_and_Traps,LatinAmerica,76,72,228.277952697378,1222.16282203152,52.056,165.044959800204,883.623720328789,181176.166272912,0.0513454323196739,0.0530207586353245,0.0344061843971976,0.723,GAM,GAM,Data,AIC,BRA,235666.530271604
219533,1984,6-12m,APW,Pots_and_Traps,LatinAmerica,76,78,247.301115422159,1312.10717364966,56.394,178.798706450221,948.653486548706,194509.71930719,0.0513454323196739,0.053501727152925,0.0344061843971975,0.723,GAM,GAM,Data,AIC,BRA,254974.57693224
219534,1985,6-12m,APW,Pots_and_Traps,LatinAmerica,76,82,259.992445829817,1366.62452793997,59.286,187.974538334958,988.0695337006,202591.494556449,0.0513454323196739,0.0540016650449301,0.034295373459982,0.723,GAM,GAM,Data,AIC,BRA,267630.442218
219535,1986,6-12m,APW,Pots_and_Traps,LatinAmerica,76,87,278.52566315268,1439.48882417401,62.901,201.374054459388,1040.75041987781,213393.061755092,0.0513454323196739,0.0543943090665739,0.0412516591686168,0.723,GAM,GAM,Data,AIC,BRA,284088.287425329
219536,1987,6-12m,APW,Pots_and_Traps,LatinAmerica,76,111,355.463440319741,1816.639927887,80.253,257.000067351173,1313.4306678623,269302.789857225,0.0513454323196739,0.0549916350876409,0.0405793091786356,0.723,GAM,GAM,Data,AIC,BRA,361303.873152291
219537,1988,6-12m,APW,Pots_and_Traps,LatinAmerica,76,100,320.186448781952,1635.44111289447,72.3,231.494802469351,1182.4239246227,242441.469874531,0.0513454323196739,0.0550310245293482,0.0409475592413868,0.723,GAM,GAM,Data,AIC,BRA,327791.285694379
219538,1989,6-12m,APW,Pots_and_Traps,LatinAmerica,76,125,400.316122994755,2031.70230858333,90.375,289.428556925208,1468.92076910575,301184.121003692,0.0513454323196739,0.0553722853612566,0.0404666913550117,0.723,GAM,GAM,Data,AIC,BRA,410375.379418771
219539,1990,6-12m,APW,Pots_and_Traps,LatinAmerica,76,87,277.695042979537,1499.60388042531,62.901,200.773516074205,1084.2136055475,222304.652936362,0.0513454323196739,0.0522137886024893,0.0481846034889077,0.723,GAM,AIC,Data,AIC,BRA,305250.588136336
219540,1991,6-12m,APW,Pots_and_Traps,LatinAmerica,76,170,544.72673554807,2736.64892346998,122.91,393.837429801255,1978.59717166879,405686.993133225,0.0513454323196739,0.0559077924420067,0.0392041849953747,0.723,GAM,GAM,Data,AIC,BRA,561381.079271511
219541,1992,6-12m,APW,Pots_and_Traps,LatinAmerica,76,76,240.609628050722,1310.05325908456,54.948,173.960761080672,947.168506318137,194205.242391308,0.0513454323196739,0.052211617753462,0.0389562111743512,0.723,GAM,GAM,Data,AIC,BRA,270823.512850352
219542,1993,6-12m,APW,Pots_and_Traps,LatinAmerica,76,80,253.27329268497,1381.61854809783,57.84,183.116590611233,998.910210274731,204814.24183713,0.0513454323196739,0.0521127919852605,0.0389562111743512,0.723,GAM,GAM,Data,AIC,BRA,287835.463166287
219543,1994,6-12m,APW,Pots_and_Traps,LatinAmerica,76,138,442.087657980446,2256.01262778954,99.774,319.629376719862,1631.09712989184,334436.387360216,0.0513454323196739,0.0550528833350072,0.0397399608172566,0.723,GAM,GAM,Data,AIC,BRA,473648.757820544
219544,1995,6-12m,APW,Pots_and_Traps,LatinAmerica,76,145,464.541686657058,2382.15516548636,104.835,335.863639453053,1722.29818464664,353136.0409349,0.0513454323196739,0.0547823256397138,0.0395939011449161,0.723,GAM,GAM,Data,AIC,BRA,504015.222749431
219545,1996,6-12m,APW,Pots_and_Traps,LatinAmerica,76,153,490.242987057621,2524.72645220067,110.619,354.44567964266,1825.37722494109,374271.129224166,0.0513454323196739,0.054540562158714,0.0392565003749837,0.723,GAM,GAM,Data,AIC,BRA,538327.626524866
219546,1997,6-12m,APW,Pots_and_Traps,LatinAmerica,76,161,515.888912779974,2674.68669073961,116.403,372.987683939921,1933.79847740474,396501.572355054,0.0513454323196739,0.0541745694931961,0.0392012606029176,0.723,GAM,GAM,Data,AIC,BRA,574730.155929393
219547,1998,6-12m,APW,Pots_and_Traps,LatinAmerica,76,169,541.590213180537,2822.63827911898,122.187,391.569724129528,2040.76747580302,418434.248667368,0.0513454323196739,0.0538857568556303,0.038914481069263,0.723,GAM,GAM,Data,AIC,BRA,611230.512419973
219548,1999,6-12m,APW,Pots_and_Traps,LatinAmerica,76,177,561.529122548664,2971.94354958205,127.971,405.985555602684,2148.71518634782,440567.597857187,0.0513454323196739,0.0536012872863627,0.0324821964795763,0.723,GAM,GAM,Data,AIC,BRA,648558.395618346
219549,2000,6-12m,APW,Pots_and_Traps,LatinAmerica,76,185,586.939449137387,3121.36453388634,133.755,424.357221726331,2256.74655799982,462718.100727155,0.0513454323196739,0.0533420554351895,0.0323200658343161,0.723,GAM,GAM,Data,AIC,BRA,686454.492776486
219550,2001,6-12m,APW,Pots_and_Traps,LatinAmerica,76,193,612.34977572611,3269.21351754364,139.539,442.728887849978,2363.64137318405,484635.566684637,0.0513454323196739,0.0531320450829751,0.0321713908734031,0.723,GAM,GAM,Data,AIC,BRA,724551.528476085
219551,2002,6-12m,APW,Pots_and_Traps,LatinAmerica,76,201,637.760102314833,3413.13488216752,145.323,461.100553973624,2467.69651980712,505970.793560528,0.0513454323196739,0.0530011283600721,0.0320345632491254,0.723,GAM,GAM,Data,AIC,BRA,762321.507810157
219552,2003,6-12m,APW,Pots_and_Traps,LatinAmerica,76,248,787.000814141793,4202.37712279103,179.304,569.001588624516,3038.31865977792,622969.838891597,0.0513454323196739,0.0531127962765418,0.0315874191968667,0.723,GAM,GAM,Data,AIC,BRA,945885.299316457
219553,2004,6-12m,APW,Pots_and_Traps,LatinAmerica,76,266,844.153299636364,4497.87407473847,192.318,610.322835637091,3251.96295603591,666774.971836302,0,0.0532251450400865,0.0314711007246887,0.723,Data,Data,Data,AIC,BRA,1020256.74690614
219554,2005,6-12m,APW,Pots_and_Traps,LatinAmerica,76,227,720.322914398128,3830.40351642842,164.121,520.793467109846,2769.38174237775,567827.63464465,0,0.0533364172008946,0.0317464530461181,0.723,Data,Data,Data,AIC,BRA,875599.371174071
219555,2006,6-12m,APW,Pots_and_Traps,LatinAmerica,76,1025,3297.38832257458,16511.887380225,741.075,2384.01175722142,11938.0945759027,2447759.33251397,0.0513454323196739,0.055868840354665,0.030069552734912,0.723,GAM,Data,Data,AIC,BRA,3803788.50851615
219556,2007,6-12m,APW,Pots_and_Traps,LatinAmerica,76,409,1312.85072391027,6697.50706266846,295.707,949.191073387123,4842.2976063093,992853.514544835,0.0513454323196739,0.0549607483136182,0.0351430909524052,0.723,GAM,Data,Data,AIC,BRA,1554860.94515521
219557,2008,6-12m,APW,Pots_and_Traps,LatinAmerica,76,401,1286.87255011866,6497.89568869849,289.923,930.408853735788,4697.97858292901,963262.675396061,0.0513454323196739,0.0555410577962491,0.0356801088115367,0.723,GAM,Data,Data,AIC,BRA,1520231.89807769
219558,2009,6-12m,APW,Pots_and_Traps,LatinAmerica,76,420,1347.85084205701,6697.11328978584,303.66,974.496158807217,4842.01290851516,992795.140766837,0.0513454323196739,0.0564422287101682,0.0356727649434493,0.723,GAM,Data,Data,AIC,BRA,1579004.91479233
219559,2010,6-12m,APW,Pots_and_Traps,LatinAmerica,76,406,1302.49978727811,6379.82096546362,293.538,941.707346202072,4612.6105580302,945759.012787613,0.0513454323196739,0.0572743344959127,0.0364231506754196,0.723,GAM,Data,Data,AIC,BRA,1515873.84010855
219560,2011,6-12m,APW,Pots_and_Traps,LatinAmerica,76,424,1360.34155684893,6520.87328665365,306.552,983.526945601775,4714.59138625059,966668.926210299,0.0513454323196739,0.0585197692433353,0.0362608153789468,0.723,GAM,Data,Data,AIC,BRA,1561417.55768009
219561,2012,6-12m,APW,Pots_and_Traps,LatinAmerica,76,441,1414.99142937401,6625.92493995575,318.843,1023.03880343741,4790.54373158801,982242.019633539,0.0513454323196739,0.0599010709594079,0.0360844883793719,0.723,GAM,Data,Data,AIC,BRA,1598889.82919356
219562,2013,6-12m,APW,Pots_and_Traps,LatinAmerica,76,458,1469.64130189909,6713.93114167405,331.134,1062.55066127304,4854.17221543034,995288.256966351,0.0513454323196739,0.0613947315368537,0.0359212751212753,0.723,GAM,Data,Data,AIC,BRA,1632704.69484184
219563,2014,6-12m,APW,Pots_and_Traps,LatinAmerica,76,474,1521.15465205663,6768.57551390631,342.702,1099.79481343694,4893.68009655426,1003388.86164108,0.0513454323196739,0.063026555458166,0.03565953770215,0.723,GAM,Data,Data,AIC,BRA,1658772.27515402
219564,2015,6-12m,APW,Pots_and_Traps,LatinAmerica,76,430,1365.16182491212,5973.5926213304,310.89,987.011999411463,4318.90746522188,885538.809149678,0.0513454323196739,0.0647851342621035,0.0302065421225169,0.723,GAM,Data,Data,AIC,BRA,1475311.8200218
219565,2016,6-12m,APW,Pots_and_Traps,LatinAmerica,76,376,1193.59370533477,5102.22022522405,271.848,862.968248957042,3688.90522283699,756364.604799255,0.0513454323196739,0.0663240677709358,0.0305442328520316,0.723,GAM,Data,Data,AIC,BRA,1269890.13865137
219566,2017,6-12m,APW,Pots_and_Traps,LatinAmerica,76,386,1238.77259571969,5094.83148452484,279.078,895.632586705337,3683.56316331146,755269.281255341,0.0513454323196739,0.0681867498572231,0.0356102561900358,0.723,GAM,Data,Data,AIC,BRA,1277895.98407213
219567,1950,Less than 6m,APW,Pots_and_Traps,LatinAmerica,76,180,327.986879291761,951.094375682084,130.14,237.134513727943,687.641233618146,140992.369955568,0.0513454323196739,0.0487172208843938,0.346096577417954,0.723,GAM,AIC,Data,AIC,BRA,142086.998891648
219568,1951,Less than 6m,APW,Pots_and_Traps,LatinAmerica,76,191,348.080261339334,1010.31260564606,138.093,251.662028948339,730.456013882104,149771.013590389,0.0513454323196739,0.0487933824736714,0.346026576755837,0.723,GAM,GAM,Data,AIC,BRA,152105.609340104
219569,1952,Less than 6m,APW,Pots_and_Traps,LatinAmerica,76,202,368.173643386908,1069.28662261193,146.046,266.189544168734,773.094228148429,158513.454540958,0.0513454323196739,0.0488579770455204,0.345964216782144,0.723,GAM,GAM,Data,AIC,BRA,162234.166826956
219570,1953,Less than 6m,APW,Pots_and_Traps,LatinAmerica,76,213,388.267025434482,1128.03077808843,153.999,280.71705938913,815.566252557934,167221.820307214,0.0513454323196739,0.0489129847636743,0.345908311246731,0.723,GAM,GAM,Data,AIC,BRA,172475.681351673
219571,1954,Less than 6m,APW,Pots_and_Traps,LatinAmerica,76,224,408.249875428304,1182.44644032507,161.952,295.164659934663,854.908776355026,175288.520497659,0.0513454323196739,0.0485551663524769,0.345990473124785,0.723,GAM,GAM,Data,AIC,BRA,182199.478121827
219572,1955,Less than 6m,APW,Pots_and_Traps,LatinAmerica,76,237,431.976502929299,1251.07956783849,171.351,312.319011617883,904.53052754723,185462.849726176,0.0513454323196739,0.0485637562951058,0.345952430040142,0.723,GAM,GAM,Data,AIC,BRA,194271.598006773
219573,1956,Less than 6m,APW,Pots_and_Traps,LatinAmerica,76,250,455.703130430296,1319.5538348683,180.75,329.473363301104,954.037422609779,195613.629119208,0.0513454323196739,0.0485659858490219,0.345918348456037,0.723,GAM,GAM,Data,AIC,BRA,206495.325546314
219574,1957,Less than 6m,APW,Pots_and_Traps,LatinAmerica,76,265,483.063003384713,1398.03564294521,191.595,349.254551447148,1010.77976984939,207247.948911317,0.0513454323196739,0.0485213499909107,0.345900420647799,0.723,GAM,GAM,Data,AIC,BRA,220475.373153424
219575,1958,Less than 6m,APW,Pots_and_Traps,LatinAmerica,76,280,510.422876339131,1476.42986681248,202.44,369.035739593191,1067.45879370542,218869.285023148,0,0.0484734885470588,0.345884414785377,0.723,Data,GAM,Data,AIC,BRA,234646.129586513
219576,1959,Less than 6m,APW,Pots_and_Traps,LatinAmerica,76,271,494.073271798731,1429.56756165296,195.933,357.214975510482,1033.57734707509,211922.311478822,0,0.0485621666903052,0.345828077748963,0.723,Data,GAM,Data,AIC,BRA,228962.305101843
219577,1960,Less than 6m,APW,Pots_and_Traps,LatinAmerica,76,345,629.277077951612,1827.07410244583,249.435,454.967327359016,1320.97457606833,270849.575367889,0,0.0492264770942846,0.345601816982881,0.723,Data,AIC,Data,AIC,BRA,294899.608629686
219578,1961,Less than 6m,APW,Pots_and_Traps,LatinAmerica,76,352,641.99343703859,1861.2105268351,254.496,464.161254978901,1345.65521090178,275910.035717055,0,0.0490048229602931,0.345641136336636,0.723,Data,GAM,Data,AIC,BRA,302741.713873173
219579,1962,Less than 6m,APW,Pots_and_Traps,LatinAmerica,76,376,685.481850425905,1979.13468803222,271.848,495.603377857929,1430.9143794473,293391.378670303,0,0.0482116809195248,0.345843808861402,0.723,Data,GAM,Data,AIC,BRA,324422.410141208
219580,1963,Less than 6m,APW,Pots_and_Traps,LatinAmerica,76,383,698.529805674137,2022.86593163406,276.909,505.037049502401,1462.53206857142,299874.19660528,0,0.0488047451486606,0.345643116404044,0.723,Data,GAM,Data,AIC,BRA,334165.281642889
219581,1964,Less than 6m,APW,Pots_and_Traps,LatinAmerica,76,373,680.363578407026,1971.40051159898,269.679,491.90286718828,1425.32256988606,292244.84695604,0,0.0488788215768232,0.345591216446067,0.723,Data,GAM,Data,AIC,BRA,328191.872584396
219582,1965,Less than 6m,APW,Pots_and_Traps,LatinAmerica,76,388,707.723451361444,2050.57781469639,280.524,511.684055334324,1482.56776002549,303982.268494663,0,0.132766030468891,0.3455916262521,0.723,Data,GAM,Data,AIC,BRA,344023.366992404
219583,1966,Less than 6m,APW,Pots_and_Traps,LatinAmerica,76,444,809.454324057266,2336.92531267426,321.012,585.235476293403,1689.59700106349,346431.065799129,0.0513454323196739,0.132776129960107,0.345842386353541,0.723,GAM,GAM,Data,AIC,BRA,395107.479403477
219584,1967,Less than 6m,APW,Pots_and_Traps,LatinAmerica,76,472,860.540824512679,2486.87520058611,341.256,622.171016122667,1798.01077002376,368659.974529771,0.0513454323196739,0.132453091185539,0.345819723783831,0.723,GAM,GAM,Data,AIC,BRA,423724.075140002
219585,1968,Less than 6m,APW,Pots_and_Traps,LatinAmerica,76,501,913.443947694804,2643.1035062872,362.223,660.419974183343,1910.96383504564,391819.610038226,0.0513454323196739,0.132058066812862,0.345803155651817,0.723,GAM,GAM,Data,AIC,BRA,453839.247416285
219586,1969,Less than 6m,APW,Pots_and_Traps,LatinAmerica,76,536,977.688935452201,2842.07320026169,387.528,706.869100331942,2054.8189237892,421315.325100866,0.0513454323196739,0.131409756353189,0.345587063375883,0.723,GAM,GAM,Data,AIC,BRA,491792.46409144
219587,1970,Less than 6m,APW,Pots_and_Traps,LatinAmerica,76,568,1036.04192681446,3017.27832266618,410.664,749.058313086854,2181.49222728765,447288.126610126,0.0513454323196739,0.135890809754967,0.345594855663099,0.723,GAM,AIC,Data,AIC,BRA,526163.494829689
219588,1971,Less than 6m,APW,Pots_and_Traps,LatinAmerica,76,602,1098.02816363014,3205.45247874144,435.246,793.874362304592,2317.54214213006,475183.486847552,0.0513454323196739,0.13516637581042,0.345608385320014,0.723,GAM,GAM,Data,AIC,BRA,563317.721907125
219589,1972,Less than 6m,APW,Pots_and_Traps,LatinAmerica,76,639,1165.57480067971,3415.13458233939,461.997,842.71058089143,2469.14230303138,506267.23361279,0.0513454323196739,0.134238826772913,0.34558325390356,0.723,GAM,GAM,Data,AIC,BRA,604826.240744859
219590,1973,Less than 6m,APW,Pots_and_Traps,LatinAmerica,76,894,2806.26333782181,4776.27309552128,646.362,2028.92839324517,3453.24544806189,708045.468999455,0.0513454323196739,0.133406672254259,0.0149886560757078,0.723,GAM,GAM,Data,AIC,BRA,852453.47113958
219591,1974,Less than 6m,APW,Pots_and_Traps,LatinAmerica,76,944,2963.18963334554,5069.08307375769,682.512,2142.38610490883,3664.94706232681,751452.278916275,0.0513454323196739,0.13209385461253,0.0149971252463418,0.723,GAM,GAM,Data,AIC,BRA,911737.194087191
219592,1975,Less than 6m,APW,Pots_and_Traps,LatinAmerica,76,997,3129.32091967201,5388.81312705786,720.831,2262.49902492287,3896.11189086283,798849.781323421,0.0513454323196739,0.130520446830262,0.0150768711715603,0.723,GAM,GAM,Data,AIC,BRA,976769.561592342
219593,1976,Less than 6m,APW,Pots_and_Traps,LatinAmerica,76,796,2496.40729624551,4355.69927327036,575.508,1804.90247518551,3149.17057457447,645698.659411917,0.0513454323196739,0.128446154983485,0.0159421961983365,0.723,GAM,GAM,Data,AIC,BRA,795638.174457989
219594,1977,Less than 6m,APW,Pots_and_Traps,LatinAmerica,76,837,2624.69136605035,4623.37547182169,605.151,1897.65185765441,3342.70046612708,685379.581284033,0.0513454323196739,0.123567737980759,0.0160639652508665,0.723,GAM,GAM,Data,AIC,BRA,851090.259249695
219595,1978,Less than 6m,APW,Pots_and_Traps,LatinAmerica,76,871,2732.43877285031,4847.68905053162,629.733,1975.55323277077,3504.87918353436,718632.330836721,0.0513454323196739,0.121336428155275,0.0156232743987583,0.723,GAM,GAM,Data,AIC,BRA,899311.072940357
219596,1979,Less than 6m,APW,Pots_and_Traps,LatinAmerica,76,910,2854.41497323488,5129.34327331733,657.93,2063.74202564882,3708.51518660843,760385.386468106,0.0513454323196739,0.119198458655277,0.0157621296904711,0.723,GAM,GAM,Data,AIC,BRA,958949.376734553
219597,1980,Less than 6m,APW,Pots_and_Traps,LatinAmerica,76,947,2969.8264908715,5419.24153484514,684.681,2147.18455290009,3918.11162969303,803360.556949471,0.0513454323196739,0.140772860960155,0.0159944412208354,0.723,GAM,AIC,Data,AIC,BRA,1021012.72607094
219598,1981,Less than 6m,APW,Pots_and_Traps,LatinAmerica,76,95,285.499064440607,711.808739532108,68.685,206.415823590559,514.637718681714,105520.128924897,0.0513454323196739,0.112690600014983,0.0624017969647093,0.723,GAM,GAM,Data,AIC,BRA,135149.57798954
219599,1982,Less than 6m,APW,Pots_and_Traps,LatinAmerica,76,131,395.702140745675,979.093194155384,94.713,286.092647759123,707.884379374343,145142.9777958,0.0513454323196739,0.111089209978263,0.0567381251198353,0.723,GAM,GAM,Data,AIC,BRA,187341.563483621
219600,1983,Less than 6m,APW,Pots_and_Traps,LatinAmerica,76,137,256.946153483275,1059.07772262668,99.051,185.772068968408,765.71319345909,157000.064239887,0.0513454323196739,0.108565365260757,0.332156770498475,0.723,GAM,GAM,Data,AIC,BRA,204219.247779529
219601,1984,Less than 6m,APW,Pots_and_Traps,LatinAmerica,76,143,268.398550112299,1146.77107431093,103.389,194.052151731192,829.115486726804,169999.923979824,0.0513454323196739,0.103940558882601,0.33180340213661,0.723,GAM,GAM,Data,AIC,BRA,222845.721281478
219602,1985,Less than 6m,APW,Pots_and_Traps,LatinAmerica,76,147,275.996637180399,1223.08969666097,106.281,199.545568681428,884.293850685881,181313.568253199,0.0513454323196739,0.0989993777864298,0.33164757076195,0.723,GAM,GAM,Data,AIC,BRA,239521.558187659
219603,1986,Less than 6m,APW,Pots_and_Traps,LatinAmerica,76,164,492.334399677499,1446.14321370927,118.572,355.957770966832,1045.5615435118,214379.523430372,0.0513454323196739,0.091457069078551,0.0635932711558917,0.723,GAM,GAM,Data,AIC,BRA,285401.555090342
219604,1987,Less than 6m,APW,Pots_and_Traps,LatinAmerica,76,168,504.179698535009,1547.57807202628,121.464,364.521922040811,1118.898946075,229416.455028212,0.0513454323196739,0.0868098973344607,0.0639531055751154,0.723,GAM,GAM,Data,AIC,BRA,307791.292509469
219605,1988,Less than 6m,APW,Pots_and_Traps,LatinAmerica,76,171,512.871062682383,1654.51986620342,123.633,370.805778319363,1196.21786326507,245269.747187072,0.0513454323196739,0.0930179220834321,0.0646306714360394,0.723,GAM,GAM,Data,AIC,BRA,331615.238160341
219606,1989,Less than 6m,APW,Pots_and_Traps,LatinAmerica,76,174,521.562426829757,1774.62942183343,125.802,377.089634597914,1283.05707198557,263075.057927596,0.0513454323196739,0.0882437753332249,0.0652856552575826,0.723,GAM,GAM,Data,AIC,BRA,358450.260766998
219607,1990,Less than 6m,APW,Pots_and_Traps,LatinAmerica,76,198,591.09334000875,2185.04001876108,143.154,427.360484826326,1579.78393356426,323915.248128712,0.0513454323196739,0.0815545703831269,0.0698321080880563,0.723,GAM,AIC,Data,AIC,BRA,444773.956332444
219608,1991,Less than 6m,APW,Pots_and_Traps,LatinAmerica,76,199,593.73364806353,2332.54438178168,143.877,429.269427549932,1686.42958802815,345781.626747706,0.0513454323196739,0.0767831049213293,0.0704830598507118,0.723,GAM,GAM,Data,AIC,BRA,478485.300494068
219609,1992,Less than 6m,APW,Pots_and_Traps,LatinAmerica,76,156,295.772735387092,2002.53146060322,112.788,213.843687684868,1447.83024601613,296859.768872621,0.0513454323196739,0.0701112580561941,0.327020959647876,0.723,GAM,GAM,Data,AIC,BRA,413977.524190794
219610,1993,Less than 6m,APW,Pots_and_Traps,LatinAmerica,76,157,297.699890167555,2148.55399624806,113.511,215.237020591143,1553.40453928735,318506.478067725,0.0513454323196739,0.0657651612418151,0.326971657157127,0.723,GAM,GAM,Data,AIC,BRA,447612.718792227
219611,1994,Less than 6m,APW,Pots_and_Traps,LatinAmerica,76,141,419.537088016708,2028.29453967346,101.943,303.32531463608,1466.45695218392,300678.945673938,0.0513454323196739,0.0625648777915802,0.0735516782445528,0.723,GAM,GAM,Data,AIC,BRA,425839.455584889
219612,1995,Less than 6m,APW,Pots_and_Traps,LatinAmerica,76,135,401.897546394283,2065.63794355779,97.605,290.571926043067,1493.45623319228,306214.815878284,0.0513454323196739,0.0588196011691826,0.0729557210786319,0.723,GAM,GAM,Data,AIC,BRA,437046.664015019
219613,1996,Less than 6m,APW,Pots_and_Traps,LatinAmerica,76,137,407.434975831522,2255.97567806518,99.051,294.57548752619,1631.07041524113,334430.909849952,0.0513454323196739,0.0546548445529995,0.0741043648209382,0.723,GAM,GAM,Data,AIC,BRA,481024.006070868
219614,1997,Less than 6m,APW,Pots_and_Traps,LatinAmerica,76,144,427.45801218105,2566.94939818197,104.112,309.052142806899,1855.90441488557,380530.353726615,0.0513454323196739,0.0504879449870685,0.076195244229818,0.723,GAM,GAM,Data,AIC,BRA,551579.829139552
219615,1998,Less than 6m,APW,Pots_and_Traps,LatinAmerica,76,151,447.481048530579,2906.12209817541,109.173,323.528798087609,2101.12627698082,430810.077820251,0.0513454323196739,0.0467633483415317,0.0780990061974387,0.723,GAM,GAM,Data,AIC,BRA,629308.584228937
219616,1999,Less than 6m,APW,Pots_and_Traps,LatinAmerica,76,131,248.257058198038,2620.85323215549,94.713,179.489853077181,1894.87688684842,388521.179343859,0.0513454323196739,0.0449853500201667,0.327241321848865,0.723,GAM,GAM,Data,AIC,BRA,571941.000574176
219617,2000,Less than 6m,APW,Pots_and_Traps,LatinAmerica,76,127,240.65897112994,2685.87639719553,91.821,173.996436126946,1941.88863517237,398160.359613885,0.0513454323196739,0.0425559419336448,0.327276001013727,0.723,GAM,GAM,Data,AIC,BRA,590681.383055765
219618,2001,Less than 6m,APW,Pots_and_Traps,LatinAmerica,76,123,233.060884061841,2735.06458899369,88.929,168.503019176711,1977.45169784244,405452.127826137,0.0513454323196739,0.0404743640956318,0.327312941350087,0.723,GAM,GAM,Data,AIC,BRA,606168.79803102
219619,2002,Less than 6m,APW,Pots_and_Traps,LatinAmerica,76,119,225.462796993742,2760.94844867268,86.037,163.009602226475,1996.16572839035,409289.209416617,0.0513454323196739,0.0387910176488402,0.327352371462105,0.723,GAM,GAM,Data,AIC,BRA,616656.082176762
219620,2003,Less than 6m,APW,Pots_and_Traps,LatinAmerica,76,131,248.699186413043,3227.74159023177,94.713,179.80951177663,2333.65716973757,478487.674879334,0.0513454323196739,0.0365270876568326,0.326403969363482,0.723,GAM,GAM,Data,AIC,BRA,726511.027207579
219621,2004,Less than 6m,APW,Pots_and_Traps,LatinAmerica,76,114,216.048087198932,2806.88451632065,82.422,156.202767044828,2029.37750529983,416098.875428448,0,0.0365529822846049,0.327224766304131,0.723,Data,Data,Data,AIC,BRA,636688.092636082
219622,2005,Less than 6m,APW,Pots_and_Traps,LatinAmerica,76,101,191.216139160422,2477.9590201079,73.023,138.249268612985,1791.56437153802,367338.219876694,0,0.0366834153682014,0.327704802607533,0.723,Data,Data,Data,AIC,BRA,566441.459886891
219623,2006,Less than 6m,APW,Pots_and_Traps,LatinAmerica,76,116,343.770480195452,2954.79432532043,83.868,248.546057181312,2136.31629720667,438025.358271541,0.0513454323196739,0.0353324084540736,0.0780655078855895,0.723,GAM,Data,Data,AIC,BRA,680686.128779145
219624,2007,Less than 6m,APW,Pots_and_Traps,LatinAmerica,76,150,445.61118045883,3697.55489066581,108.45,322.176883471734,2673.33218595138,548133.855488213,0.0513454323196739,0.0365106141739225,0.0753295458857487,0.723,GAM,Data,Data,AIC,BRA,858406.514284926
219625,2008,Less than 6m,APW,Pots_and_Traps,LatinAmerica,76,152,451.148609896069,3705.18045458199,109.896,326.180444954858,2678.84546866278,549264.286238599,0.0513454323196739,0.0369212786467193,0.0763377563468751,0.723,GAM,Data,Data,AIC,BRA,866855.022770881
219626,2009,Less than 6m,APW,Pots_and_Traps,LatinAmerica,76,153,453.532104623172,3674.85945438971,110.619,327.903711642553,2656.92338552376,544769.432956066,0.0513454323196739,0.0374708207780611,0.0777900797597464,0.723,GAM,Data,Data,AIC,BRA,866436.162652694
219627,2010,Less than 6m,APW,Pots_and_Traps,LatinAmerica,76,153,453.018477967817,3597.26101360013,110.619,327.532359570732,2600.8197128329,533266.065517969,0.0513454323196739,0.0382791238888139,0.0790692029517439,0.723,GAM,Data,Data,AIC,BRA,854725.218164889
219628,2011,Less than 6m,APW,Pots_and_Traps,LatinAmerica,76,153,452.76166464014,3497.22713227691,110.619,327.346683534821,2528.49521663621,518436.817901506,0.0513454323196739,0.0393740511530197,0.0797098528550435,0.723,GAM,Data,Data,AIC,BRA,837408.059854301
219629,2012,Less than 6m,APW,Pots_and_Traps,LatinAmerica,76,152,449.350916602327,3391.83322405988,109.896,324.880712703482,2452.2954209953,502812.987839697,0.0513454323196739,0.0403321717086833,0.0808454175946992,0.723,GAM,Data,Data,AIC,BRA,818477.072018624
219630,2013,Less than 6m,APW,Pots_and_Traps,LatinAmerica,76,215,631.612750369506,4832.37661436576,155.445,456.656018517153,3493.80829218644,716362.380850665,0.0513454323196739,0.0400424088273172,0.0879778548661539,0.723,GAM,Data,Data,AIC,BRA,1175145.20465451
219631,2014,Less than 6m,APW,Pots_and_Traps,LatinAmerica,76,140,413.815020029799,2999.81585977655,101.22,299.188259481545,2168.86686661844,444699.451825561,0.0513454323196739,0.0420025781213737,0.0810116920437955,0.723,GAM,Data,Data,AIC,BRA,735163.753221227
219632,2015,Less than 6m,APW,Pots_and_Traps,LatinAmerica,76,1100,2052.00357750541,22964.4917612447,795.3,1483.59858653641,16603.3275433799,3404307.92256656,0.0513454323196739,0.0431100331020931,0.334723756854498,0.723,GAM,Data,Data,AIC,BRA,5671593.00672432
219633,2016,Less than 6m,APW,Pots_and_Traps,LatinAmerica,76,1120,2093.8626347272,26380.6122114393,809.76,1513.86268490777,19073.1826288706,3910721.30344814,0.0513454323196739,0.0382098789793403,0.333683996835926,0.723,GAM,Data,Data,AIC,BRA,6565863.05962942
219634,2017,Less than 6m,APW,Pots_and_Traps,LatinAmerica,76,1090,3300.39370374019,30389.611433655,788.07,2386.18464780416,21971.6890665326,4505024.36731062,0.0513454323196739,0.0322807681217533,0.0540845933720247,0.723,GAM,Data,Data,AIC,BRA,7622384.08209139
219635,1950,12-24m,I,Pots_and_Traps,LatinAmerica,76,18,793.117737956839,4442.9172520202,13.014,573.424124542795,3212.22917321061,634964.334782884,0.14914754311586,0.00156568708357883,0.00121890216835204,0.723,GAM,AIC,Data,AIC,BRA,639894.036542284
219636,1951,12-24m,I,Pots_and_Traps,LatinAmerica,76,20,902.062022428229,4988.374262847,14.46,652.19084221561,3606.59459203838,712857.060120293,0.14914754311586,0.0014949977771967,0.00124074262034619,0.723,GAM,GAM,Data,AIC,BRA,723968.910289531
219637,1952,12-24m,I,Pots_and_Traps,LatinAmerica,76,24,1057.55293647407,5994.02667701993,17.352,764.610773070753,4333.68128748541,856665.063855784,0.14914754311586,0.00148952186924908,0.00122223738261125,0.723,GAM,GAM,Data,AIC,BRA,876773.1628011
219638,1953,12-24m,I,Pots_and_Traps,LatinAmerica,76,26,1104.09956604852,6454.16420871234,18.798,798.263986253082,4666.36072289902,922572.053109433,0.14914754311586,0.00152839104602877,0.00118960358485403,0.723,GAM,GAM,Data,AIC,BRA,951557.895756244
219639,1954,12-24m,I,Pots_and_Traps,LatinAmerica,76,30,1321.9881349913,7545.17594368986,21.69,955.797421598712,5455.16220728777,1078371.49958017,0.14914754311586,0.0014446975271167,0.00122423832159009,0.723,GAM,GAM,Data,AIC,BRA,1120887.57373922
219640,1955,12-24m,I,Pots_and_Traps,LatinAmerica,76,34,1477.47904903714,8550.90465858318,24.582,1068.21735245385,6182.30406815564,1222190.43211502,0.14914754311586,0.0015043570959985,0.00121272952894863,0.723,GAM,GAM,Data,AIC,BRA,1280239.62031282
219641,1956,12-24m,I,Pots_and_Traps,LatinAmerica,76,39,1656.29024226893,9839.5319825203,28.197,1197.49784516044,7113.98162336218,1406529.84885715,0.14914754311586,0.0014848991892516,0.00119439758197122,0.723,GAM,GAM,Data,AIC,BRA,1484773.02086844
219642,1957,12-24m,I,Pots_and_Traps,LatinAmerica,76,45,1920.72544078616,11391.0177868459,32.535,1388.68449368839,8235.70585988958,1628284.48796014,0.14914754311586,0.00146125057404667,0.00119960761386089,0.723,GAM,GAM,Data,AIC,BRA,1732208.36186205
219643,1958,12-24m,I,Pots_and_Traps,LatinAmerica,76,48,2052.89607564606,12114.4038438286,34.704,1484.2438626921,8758.71397908808,1731662.56696948,0,0.00147935522919774,0.00120042031067873,0.723,Data,GAM,Data,AIC,BRA,1856486.71098944
219644,1959,12-24m,I,Pots_and_Traps,LatinAmerica,76,59,2558.44619349458,14934.967491572,42.657,1849.75659789658,10797.9814964065,2134721.63809015,0,0.00145603051046029,0.0012128068607368,0.723,Data,GAM,Data,AIC,BRA,2306367.76088933
219645,1960,12-24m,I,Pots_and_Traps,LatinAmerica,76,64,2799.56111282587,16204.6710216135,46.272,2024.08268457311,11715.9771486266,2316115.6892298,0,0.00145132063890601,0.00122005418261135,0.723,Data,AIC,Data,AIC,BRA,2521774.7133892
219646,1961,12-24m,I,Pots_and_Traps,LatinAmerica,76,75,3305.01730187697,18921.3760358073,54.225,2389.52750925705,13680.1548738887,2704298.75182303,0,0.0014735349519693,0.00122503865737486,0.723,Data,GAM,Data,AIC,BRA,2967286.19103789
219647,1962,12-24m,I,Pots_and_Traps,LatinAmerica,76,87,3896.09749621351,21902.0231111458,62.901,2816.87848976237,15835.1627093584,3130052.24155904,0,0.0014859492823947,0.0012374672063384,0.723,Data,GAM,Data,AIC,BRA,3461107.46906299
219648,1963,12-24m,I,Pots_and_Traps,LatinAmerica,76,117,5342.69308340384,29414.8981348756,84.591,3862.76709930098,21266.9713515151,4203327.47713582,0,0.00149139813450657,0.00125258524766901,0.723,Data,GAM,Data,AIC,BRA,4683984.57131425
219649,1964,12-24m,I,Pots_and_Traps,LatinAmerica,76,145,6742.64811222229,36365.7054060185,104.835,4874.93458513672,26292.4050085514,5196095.92772311,0,0.00150369159227876,0.00126608993152564,0.723,Data,GAM,Data,AIC,BRA,5835231.89684887
219650,1965,12-24m,I,Pots_and_Traps,LatinAmerica,76,163,7722.67702847766,40761.7790728292,117.849,5583.49549158935,29470.7662696555,5823646.15614854,0,0.00151961702326377,0.00127963625304447,0.723,Data,GAM,Data,AIC,BRA,6590747.44303966
219651,1966,12-24m,I,Pots_and_Traps,LatinAmerica,76,176,8461.49709660431,43788.0362539205,127.248,6117.66240084492,31658.7502115845,6255462.83048235,0.14914754311586,0.00154325714617454,0.00128931270598818,0.723,GAM,GAM,Data,AIC,BRA,7134406.79966939
219652,1967,12-24m,I,Pots_and_Traps,LatinAmerica,76,198,9721.62437910454,49159.8598079557,143.154,7028.73442609258,35542.578641152,7022068.3282404,0.14914754311586,0.00155119248807594,0.00130438544920485,0.723,GAM,GAM,Data,AIC,BRA,8070904.39299449
219653,1968,12-24m,I,Pots_and_Traps,LatinAmerica,76,217,10849.4870979475,53709.1116243882,156.891,7844.17917181601,38831.6877044327,7671089.06064754,0.14914754311586,0.00156632282542937,0.00131677639668025,0.723,GAM,GAM,Data,AIC,BRA,8885316.60221887
219654,1969,12-24m,I,Pots_and_Traps,LatinAmerica,76,236,11977.3498167903,58264.6796273666,170.628,8659.62391753942,42125.3633705861,8321014.48091459,0.14914754311586,0.00157974442332507,0.00132683372479536,0.723,GAM,GAM,Data,AIC,BRA,9712944.13354139
219655,1970,12-24m,I,Pots_and_Traps,LatinAmerica,76,252,13035.3456268729,62081.2456354727,182.196,9424.55488822909,44884.7405944468,8865090.25150117,0.14914754311586,0.00158810928581685,0.00133970840451996,0.723,GAM,AIC,Data,AIC,BRA,10428371.7613104
219656,1971,12-24m,I,Pots_and_Traps,LatinAmerica,76,268,14031.0377108559,65924.2501370837,193.764,10144.4402649488,47663.2328491115,9413187.7424587,0.14914754311586,0.0015959018947645,0.00134765113911883,0.723,GAM,GAM,Data,AIC,BRA,11159090.3761079
219657,1972,12-24m,I,Pots_and_Traps,LatinAmerica,76,280,14808.8412258961,68682.8559834569,202.44,10706.7922063229,49657.7048760393,9806432.99977933,0.14914754311586,0.00162222883399982,0.00135387622680211,0.723,GAM,GAM,Data,AIC,BRA,11715528.1096253
219658,1973,12-24m,I,Pots_and_Traps,LatinAmerica,76,290,14790.4111214985,71085.1093776807,209.67,10693.4672408434,51394.5340800631,10148636.7409951,0.14914754311586,0.00162355314108945,0.00167762362208984,0.723,GAM,GAM,Data,AIC,BRA,12218481.7161828
219659,1974,12-24m,I,Pots_and_Traps,LatinAmerica,76,297,15238.5126634077,72704.2754059237,214.731,11017.4446556437,52565.1911184828,10379380.8899153,0.14914754311586,0.00163204137794744,0.00168343852888173,0.723,GAM,GAM,Data,AIC,BRA,12593304.8238023
219660,1975,12-24m,I,Pots_and_Traps,LatinAmerica,76,301,15559.8095568131,73600.4011860374,217.623,11249.7423095759,53213.090057505,10506796.4911484,0.14914754311586,0.00163221865827643,0.00169078829721023,0.723,GAM,GAM,Data,AIC,BRA,12846869.6397427
219661,1976,12-24m,I,Pots_and_Traps,LatinAmerica,76,302,15697.200638191,73792.0677325014,218.346,11349.0760614121,53351.6649705985,10533779.8128908,0.14914754311586,0.00163508609884257,0.00169610869094384,0.723,GAM,GAM,Data,AIC,BRA,12979858.6667411
219662,1977,12-24m,I,Pots_and_Traps,LatinAmerica,76,302,15811.4029652384,73803.0715344637,218.346,11431.6443438674,53359.6207194173,10534886.2244915,0.14914754311586,0.00163010236643963,0.00170337794686911,0.723,GAM,GAM,Data,AIC,BRA,13082004.9105793
219663,1978,12-24m,I,Pots_and_Traps,LatinAmerica,76,298,15661.3409514097,72843.5956967812,215.454,11323.1495078692,52665.9196887728,10397692.2413931,0.14914754311586,0.00162760839235077,0.00170712557394542,0.723,GAM,GAM,Data,AIC,BRA,13011882.93995
219664,1979,12-24m,I,Pots_and_Traps,LatinAmerica,76,292,15407.6630434075,71339.5719544294,211.116,11139.7403803836,51578.5105230525,10182735.7471773,0.14914754311586,0.00162730715954033,0.00171090335084098,0.723,GAM,GAM,Data,AIC,BRA,12841814.5219285
219665,1980,12-24m,I,Pots_and_Traps,LatinAmerica,76,285,15073.6952175512,69670.8866290013,206.055,10898.2816422895,50372.0510327679,9944429.09030585,0.14914754311586,0.00162663203746844,0.00171322774227955,0.723,GAM,AIC,Data,AIC,BRA,12638644.711743
219666,1981,12-24m,I,Pots_and_Traps,LatinAmerica,76,277,14659.3688628463,67739.1955174674,200.271,10598.7236878379,48975.4383591289,9668686.11199847,0.14914754311586,0.00162216943334219,0.00171372979608199,0.723,GAM,GAM,Data,AIC,BRA,12383597.9074662
219667,1982,12-24m,I,Pots_and_Traps,LatinAmerica,76,268,14221.8537538111,65619.9250517075,193.764,10282.4002640054,47443.2058123845,9366075.53513265,0.14914754311586,0.00161648083980132,0.00171655145629615,0.723,GAM,GAM,Data,AIC,BRA,12089150.0305723
219668,1983,12-24m,I,Pots_and_Traps,LatinAmerica,76,257,14335.0603171113,62973.2685036866,185.811,10364.2486092715,45529.6731281654,8988395.43986788,0.14914754311586,0.00161160322466516,0.00138748849912107,0.723,GAM,GAM,Data,AIC,BRA,11691736.3337513
219669,1984,12-24m,I,Pots_and_Traps,LatinAmerica,76,245,13681.7703254727,60135.586057382,177.135,9891.91994531675,43478.0287194872,8583354.08637443,0.14914754311586,0.0016019912913123,0.00138844525415563,0.723,GAM,GAM,Data,AIC,BRA,11251556.3984572
219670,1985,12-24m,I,Pots_and_Traps,LatinAmerica,76,236,13160.6509686939,58028.8644224801,170.628,9515.1506503657,41954.8689774531,8282775.76850389,0.14914754311586,0.00159234394699515,0.00138771768622689,0.723,GAM,GAM,Data,AIC,BRA,10941836.1642995
219671,1986,12-24m,I,Pots_and_Traps,LatinAmerica,76,223,11805.8049435455,54920.4825475819,161.229,8535.59697418337,39707.5088819017,7839196.10823785,0.14914754311586,0.00158435788607728,0.00171461186651188,0.723,GAM,GAM,Data,AIC,BRA,10436252.138959
219672,1987,12-24m,I,Pots_and_Traps,LatinAmerica,76,213,11230.8301421379,52543.900464942,153.999,8119.89019276568,37989.2400361531,7500199.65354047,0.14914754311586,0.00157436475876339,0.00171067277404199,0.723,GAM,GAM,Data,AIC,BRA,10062469.7786321
219673,1988,12-24m,I,Pots_and_Traps,LatinAmerica,76,201,10609.4092210751,49688.3551011487,145.323,7670.60286683729,35924.6807381305,7092599.73650922,0.14914754311586,0.00156561329368241,0.00171198899875429,0.723,GAM,GAM,Data,AIC,BRA,9589499.63366069
219674,1989,12-24m,I,Pots_and_Traps,LatinAmerica,76,191,10034.4344196675,47302.7094884898,138.093,7254.89608541959,34199.8589601781,6752305.08304644,0.14914754311586,0.00155713265762324,0.00170742996140368,0.723,GAM,GAM,Data,AIC,BRA,9200285.03219966
219675,1990,12-24m,I,Pots_and_Traps,LatinAmerica,76,181,9459.45961825989,44912.2552110742,130.863,6839.1893040019,32471.5605176067,6411321.66895316,0.14914754311586,0.00154421831634876,0.00170231669966793,0.723,GAM,GAM,Data,AIC,BRA,8803503.14007789
219676,1991,12-24m,I,Pots_and_Traps,LatinAmerica,76,171,8884.48481685229,42516.49804626,123.633,6423.48252258421,30739.428087446,6069578.70511938,0.14914754311586,0.00153485808437912,0.00169654161077806,0.723,GAM,GAM,Data,AIC,BRA,8398954.61741941
219677,1992,12-24m,I,Pots_and_Traps,LatinAmerica,76,164,8866.90080467022,40856.7382690587,118.572,6410.76928177657,29539.4217685294,5833020.18203478,0,0.00152748011243229,0.00136857658159775,0.723,Data,GAM,Data,AIC,BRA,8134275.86595552
219678,1993,12-24m,I,Pots_and_Traps,LatinAmerica,76,154,8260.15744260605,38450.0797150331,111.342,5972.09383100417,27799.4076339689,5489715.77690982,0.14914754311586,0.00151232097781511,0.00136347892788807,0.723,GAM,GAM,Data,AIC,BRA,7714965.8594281
219679,1994,12-24m,I,Pots_and_Traps,LatinAmerica,76,146,7389.91234431226,36497.9941643587,105.558,5342.90662493776,26388.0497808313,5211286.48631797,0.14914754311586,0.00144496146475107,0.00166998193652036,0.723,GAM,GAM,Data,AIC,BRA,7380534.72702091
219680,1995,12-24m,I,Pots_and_Traps,LatinAmerica,76,139,6941.74219140848,34824.2384249914,100.497,5018.87960438833,25177.9243812688,4972723.27623322,0.14914754311586,0.00144243407104053,0.00165607330438689,0.723,GAM,GAM,Data,AIC,BRA,7097344.76012887
219681,1996,12-24m,I,Pots_and_Traps,LatinAmerica,76,98,4846.92166355365,24576.7554775814,70.854,3504.32436274929,17768.9942102914,3509640.08354303,0,0.00141704312621168,0.0016456791732348,0.723,Data,GAM,Data,AIC,BRA,5048041.56293512
219682,1997,12-24m,I,Pots_and_Traps,LatinAmerica,76,163,7956.24799043361,40948.5271173161,117.849,5752.3672970835,29605.7851058195,5848046.19051748,0,0.00140793933512113,0.00163161800145127,0.723,Data,Data,Data,AIC,BRA,8476759.57246569
219683,1998,12-24m,I,Pots_and_Traps,LatinAmerica,76,122,5861.42746257878,30686.1406433781,88.206,4237.81205544446,22186.0796851624,4382828.31744358,0.14914754311586,0.00139295021181355,0.00161428280269499,0.723,GAM,Data,Data,AIC,BRA,6402244.57450996
219684,1999,12-24m,I,Pots_and_Traps,LatinAmerica,76,117,5778.25559331585,29462.8166303512,84.591,4177.67879396736,21301.6164237439,4208547.05337024,0.14914754311586,0.00142363004977643,0.00130547133196108,0.723,GAM,GAM,Data,AIC,BRA,6195390.9867491
219685,2000,12-24m,I,Pots_and_Traps,LatinAmerica,76,111,5389.21294259959,27954.6123726991,80.253,3896.40095749951,20211.1847454615,3993461.46900591,0.14914754311586,0.00142321191897505,0.00129240432289789,0.723,GAM,GAM,Data,AIC,BRA,5924405.2973526
219686,2001,12-24m,I,Pots_and_Traps,LatinAmerica,76,104,4976.94394149483,26239.9962627363,75.192,3598.33046970076,18971.5172979584,3748810.84637566,0.14914754311586,0.00140153987488023,0.00128171219971305,0.723,GAM,GAM,Data,AIC,BRA,5604637.41299595
219687,2002,12-24m,I,Pots_and_Traps,LatinAmerica,76,98,4587.90129077858,24727.4531530457,70.854,3317.05263323291,17877.948629652,3533103.79417838,0.14914754311586,0.00138270255515944,0.00126434822322275,0.723,GAM,GAM,Data,AIC,BRA,5323155.10283629
219688,2003,12-24m,I,Pots_and_Traps,LatinAmerica,76,91,4175.63228967382,23007.2472925848,65.793,3018.98214543417,16634.2397925388,3287652.53347661,0.14914754311586,0.00136406952100972,0.00124883422356941,0.723,GAM,GAM,Data,AIC,BRA,4991802.18132062
219689,2004,12-24m,I,Pots_and_Traps,LatinAmerica,76,102,4556.38709772846,25800.6941552217,73.746,3294.26787165768,18653.9018742253,3687297.2782237,0,0.00137819261432264,0.00122684217641005,0.723,Data,Data,Data,AIC,BRA,5642068.29118952
219690,2005,12-24m,I,Pots_and_Traps,LatinAmerica,76,60,2643.60055479289,15223.7929294189,43.38,1911.32320111526,11006.8022879698,2175856.19188626,0,0.00134065759340513,0.00121623371253922,0.723,Data,GAM,Data,AIC,BRA,3355205.34250344
219691,2006,12-24m,I,Pots_and_Traps,LatinAmerica,76,73,3009.60498788194,18563.8728824553,52.779,2175.94440623864,13421.6800940152,2653562.11565783,0.14914754311586,0.00135326211346392,0.00143189223995673,0.723,GAM,GAM,Data,AIC,BRA,4123603.55370659
219692,2007,12-24m,I,Pots_and_Traps,LatinAmerica,76,68,2779.1844452046,17286.2146757089,49.164,2009.35035388293,12497.9332105375,2471028.690405,0.14914754311586,0.00132570865013881,0.00141997932722134,0.723,GAM,GAM,Data,AIC,BRA,3869761.19717935
219693,2008,12-24m,I,Pots_and_Traps,LatinAmerica,76,61,2445.21661934834,15533.814323752,44.103,1767.89161578885,11230.9477560727,2220731.25909377,0,0.00131636793930504,0.00139457376803499,0.723,Data,GAM,Data,AIC,BRA,3504782.84206794
219694,2009,12-24m,I,Pots_and_Traps,LatinAmerica,76,57,2238.05344199588,14536.4765577347,41.211,1618.11263856302,10509.8725512422,2078349.0386487,0.14914754311586,0.00132749775241687,0.00136672212129979,0.723,GAM,GAM,Data,AIC,BRA,3305539.29196854
219695,2010,12-24m,I,Pots_and_Traps,LatinAmerica,76,52,2007.70151031312,13324.058259566,37.596,1451.56819195639,9633.2941216662,1905160.13684244,0.14914754311586,0.00132451633987256,0.00134501144764504,0.723,GAM,GAM,Data,AIC,BRA,3053613.41907257
219696,2011,12-24m,I,Pots_and_Traps,LatinAmerica,76,48,1800.53833296067,12322.7176732751,34.704,1301.78921473057,8909.32487777788,1762204.57948267,0.14914754311586,0.0014407514834709,0.00130468963928313,0.723,GAM,GAM,Data,AIC,BRA,2846411.10935007
219697,2012,12-24m,I,Pots_and_Traps,LatinAmerica,76,45,1673.73368445685,11581.9948148639,32.535,1210.1094538623,8373.78225114657,1656343.29424314,0.14914754311586,0.00142702597861688,0.00129293688159737,0.723,GAM,GAM,Data,AIC,BRA,2696189.32389633
219698,2013,12-24m,I,Pots_and_Traps,LatinAmerica,76,40,1443.31314177952,10293.276192714,28.92,1043.51540150659,7442.03868733219,1472225.6498625,0.14914754311586,0.00143663193670583,0.00124781406731187,0.723,GAM,GAM,Data,AIC,BRA,2415089.00921187
219699,2014,12-24m,I,Pots_and_Traps,LatinAmerica,76,37,1316.5084932757,9547.34759997085,26.751,951.83564063833,6902.73231477892,1365618.73043094,0.14914754311586,0.00142319169781439,0.00122739409017273,0.723,GAM,GAM,Data,AIC,BRA,2257599.79512327
219700,2015,12-24m,I,Pots_and_Traps,LatinAmerica,76,34,1227.98235824682,8798.56758775566,24.582,887.831245012449,6361.36436594734,1258603.39295138,0.14914754311586,0.00140861312458558,0.00103474818564093,0.723,GAM,GAM,Data,AIC,BRA,2096839.17085881
219701,2016,12-24m,I,Pots_and_Traps,LatinAmerica,76,31,1095.81172338691,8046.85659059171,22.413,792.271876008739,5817.87731499781,1151168.24100285,0.14914754311586,0.00139203542125926,0.00101334126244613,0.723,GAM,GAM,Data,AIC,BRA,1932741.41584951
219702,2017,12-24m,I,Pots_and_Traps,LatinAmerica,76,28,936.094547764242,7292.1900651841,20.244,676.796358033547,5272.2534171281,1043309.75916972,0.14914754311586,0.0013785993132497,0.00113294074217443,0.723,GAM,GAM,Data,AIC,BRA,1765252.98257894
219703,1950,24-50m,I,Pots_and_Traps,LatinAmerica,76,5,838.316357957706,2250.18872787422,3.615,606.102726803421,1626.88645025306,323737.318163904,0.14914754311586,0.000924201623063302,0.000308009057058365,0.723,GAM,AIC,Data,AIC,BRA,326250.732444852
219704,1951,24-50m,I,Pots_and_Traps,LatinAmerica,76,6,972.512391891577,2674.39166047889,4.338,703.12645933761,1933.58517052624,384351.079768353,0.14914754311586,0.000949150183236889,0.00033188398559751,0.723,GAM,GAM,Data,AIC,BRA,390342.255067999
219705,1952,24-50m,I,Pots_and_Traps,LatinAmerica,76,7,1274.0446141138,3227.76865793445,5.061,921.134256004277,2333.67673968661,465633.351514462,0.14914754311586,0.000862187679370174,0.000253335939015331,0.723,GAM,GAM,Data,AIC,BRA,476562.945704226
219706,1953,24-50m,I,Pots_and_Traps,LatinAmerica,76,8,1408.24064804767,3651.97159053911,5.784,1018.15798853847,2640.37545995978,526247.113118911,0.14914754311586,0.000887661239538935,0.000275033636426906,0.723,GAM,GAM,Data,AIC,BRA,542781.01522747
219707,1954,24-50m,I,Pots_and_Traps,LatinAmerica,76,8,1408.24064804767,3651.97159053911,5.784,1018.15798853847,2640.37545995978,526247.113118911,0.14914754311586,0.000887661239538935,0.000275033636426906,0.723,GAM,GAM,Data,AIC,BRA,546995.029116377
219708,1955,24-50m,I,Pots_and_Traps,LatinAmerica,76,9,1542.43668198154,4076.17452314378,6.507,1115.18172107265,2947.07418023295,586860.87472336,0.14914754311586,0.000907832789763756,0.000292955820753056,0.723,GAM,GAM,Data,AIC,BRA,614734.433922959
219709,1956,24-50m,I,Pots_and_Traps,LatinAmerica,76,10,1676.63271591541,4500.37745574844,7.23,1212.20545360684,3253.77290050612,647474.636327809,0.14914754311586,0.000924201623063302,0.000308009057058365,0.723,GAM,GAM,Data,AIC,BRA,683492.691248085
219710,1957,24-50m,I,Pots_and_Traps,LatinAmerica,76,12,2112.36097207151,5477.95738580867,8.676,1527.2369828077,3960.56318993967,789370.669678366,0.14914754311586,0.000887661239538935,0.000275033636426906,0.723,GAM,GAM,Data,AIC,BRA,839751.581947753
219711,1958,24-50m,I,Pots_and_Traps,LatinAmerica,76,13,2246.55700600538,5902.16031841333,9.399,1624.26071534189,4267.26191021284,849984.431282815,0,0.000901592199506629,0.000287338614423009,0.723,Data,GAM,Data,AIC,BRA,911254.208137119
219712,1959,24-50m,I,Pots_and_Traps,LatinAmerica,76,15,2514.94907387312,6750.56618362266,10.845,1818.30818041026,4880.65935075918,971211.954491712,0,0.000924201623063295,0.000308009057058365,0.723,Data,GAM,Data,AIC,BRA,1049303.99395493
219713,1960,24-50m,I,Pots_and_Traps,LatinAmerica,76,16,2649.14510780699,7174.76911622733,11.568,1915.33191294445,5187.35807103236,1031825.71609616,0,0.000933501186601631,0.000316773644468628,0.723,Data,AIC,Data,AIC,BRA,1123446.47185619
219714,1961,24-50m,I,Pots_and_Traps,LatinAmerica,76,19,3219.06939789696,8576.55197889222,13.737,2327.3871746795,6200.84708073907,1234335.51105117,0,0.000916422014027705,0.000300796207321415,0.723,Data,GAM,Data,AIC,BRA,1354372.07689453
219715,1962,24-50m,I,Pots_and_Traps,LatinAmerica,76,22,3621.65749969857,9849.16077670621,15.906,2618.45837228207,7120.94324155859,1416176.79586451,0,0.000937750436567697,0.000320831177240506,0.723,Data,GAM,Data,AIC,BRA,1565961.11100016
219716,1963,24-50m,I,Pots_and_Traps,LatinAmerica,76,30,4862.56195945789,13371.9583023944,21.69,3515.63229668805,9667.92585263115,1921755.39884176,0,0.000949150183236889,0.000331883985597511,0.723,Data,GAM,Data,AIC,BRA,2141511.1449152
219717,1964,24-50m,I,Pots_and_Traps,LatinAmerica,76,37,5969.27038528333,16470.552895478,26.751,4315.78248855985,11908.2097434306,2366720.24021457,0,0.000952558627946391,0.000335236948664618,0.723,Data,GAM,Data,AIC,BRA,2657834.19488744
219718,1965,24-50m,I,Pots_and_Traps,LatinAmerica,76,43,6941.78277717491,19144.9445559568,31.089,5018.90894789746,13841.7949139568,2751071.31998292,0,0.0009520824961885,0.000334767213693504,0.723,Data,GAM,Data,AIC,BRA,3113447.44883822
219719,1966,24-50m,I,Pots_and_Traps,LatinAmerica,76,48,7780.09913513262,21395.1332838311,34.704,5625.01167470088,15468.6813642099,3074808.63814683,0.14914754311586,0.000949150183236889,0.00033188398559751,0.723,GAM,GAM,Data,AIC,BRA,3506844.53735063
219720,1967,24-50m,I,Pots_and_Traps,LatinAmerica,76,54,8585.27533873585,23940.3508794591,39.042,6207.15406990602,17308.8736858489,3438491.20777353,0.14914754311586,0.000963219894034845,0.000345871709240431,0.723,GAM,GAM,Data,AIC,BRA,3952074.01820403
219721,1968,24-50m,I,Pots_and_Traps,LatinAmerica,76,60,9557.78773062742,26614.742539938,43.38,6910.28052924363,19242.4588563752,3822842.28754188,0.14914754311586,0.000961806094252001,0.000344448447397787,0.723,GAM,GAM,Data,AIC,BRA,4427945.468579
219722,1969,24-50m,I,Pots_and_Traps,LatinAmerica,76,67,10664.4961564529,29713.3371330216,48.441,7710.43072111542,21482.7427471746,4267807.12891468,0.14914754311586,0.00096237565099218,0.000345021334040483,0.723,GAM,GAM,Data,AIC,BRA,4981720.95613536
219723,1970,24-50m,I,Pots_and_Traps,LatinAmerica,76,72,11335.4763261222,31834.3517960449,52.056,8195.54938378637,23016.2363485405,4570875.93693692,0.14914754311586,0.00097031184001782,0.000353072060166531,0.723,GAM,AIC,Data,AIC,BRA,5376910.12645184
219724,1971,24-50m,I,Pots_and_Traps,LatinAmerica,76,78,12307.9887180138,34508.7434565238,56.394,8898.67584312398,24949.8215190667,4955227.01670528,0.14914754311586,0.000968671833667309,0.000351397890198489,0.723,GAM,GAM,Data,AIC,BRA,5874293.34529586
219725,1972,24-50m,I,Pots_and_Traps,LatinAmerica,76,84,13280.5011099054,37183.1351170027,60.732,9601.80230246158,26883.406689593,5339578.09647363,0.14914754311586,0.000967267741759899,0.000349968914448132,0.723,GAM,GAM,Data,AIC,BRA,6379075.58071154
219726,1973,24-50m,I,Pots_and_Traps,LatinAmerica,76,87,13527.820620043,38455.7439148166,62.901,9780.6143082911,27803.5028504124,5521419.38128698,0.14914754311586,0.000971047680137598,0.000402662005383084,0.723,GAM,GAM,Data,AIC,BRA,6647529.4642399
219727,1974,24-50m,I,Pots_and_Traps,LatinAmerica,76,91,14225.7302004003,40281.7297100862,65.793,10285.2029348894,29123.6905803923,5784542.93784644,0.14914754311586,0.000967267741759899,0.000398223843324605,0.723,GAM,GAM,Data,AIC,BRA,7018387.0555759
219728,1975,24-50m,I,Pots_and_Traps,LatinAmerica,76,94,14791.5139947125,41683.5125727511,67.962,10694.2646181771,30137.1795900991,5987052.73280145,0.14914754311586,0.000962618090669423,0.000392811851896616,0.723,GAM,GAM,Data,AIC,BRA,7320488.79497797
219729,1976,24-50m,I,Pots_and_Traps,LatinAmerica,76,96,15055.7655668026,42531.9184379604,69.408,10885.3185047983,30750.5770306454,6108280.25601034,0.14914754311586,0.0009649892906953,0.000395565341948798,0.723,GAM,GAM,Data,AIC,BRA,7526701.3197707
219730,1977,24-50m,I,Pots_and_Traps,LatinAmerica,76,97,15357.2977890248,43085.295435416,70.131,11103.326301465,31150.6685998058,6189562.52775645,0.14914754311586,0.00095827099297449,0.000387798630758425,0.723,GAM,GAM,Data,AIC,BRA,7686071.3686878
219731,1978,24-50m,I,Pots_and_Traps,LatinAmerica,76,96,15225.1720029798,42661.0925028113,69.408,11007.7993581544,30843.9698795326,6128948.76615201,0.14914754311586,0.000957045757248578,0.000386393699100681,0.723,GAM,GAM,Data,AIC,BRA,7669890.78332599
219732,1979,24-50m,I,Pots_and_Traps,LatinAmerica,76,95,15093.0462169347,42236.8895702067,68.685,10912.2724148438,30537.2711592594,6068335.00454756,0.14914754311586,0.000955795910402229,0.000384964169664999,0.723,GAM,GAM,Data,AIC,BRA,7652995.67033623
219733,1980,24-50m,I,Pots_and_Traps,LatinAmerica,76,93,14828.7946448447,41388.4837049973,67.239,10721.2185282227,29923.873718713,5947107.48133866,0.14914754311586,0.000953219356387517,0.00038202868744101,0.723,GAM,AIC,Data,AIC,BRA,7558340.23618911
219734,1981,24-50m,I,Pots_and_Traps,LatinAmerica,76,91,14564.5430727547,40540.077839788,65.793,10530.1646416017,29310.4762781667,5825879.95812976,0.14914754311586,0.000950534960274093,0.000378986685460286,0.723,GAM,GAM,Data,AIC,BRA,7461753.75050345
219735,1982,24-50m,I,Pots_and_Traps,LatinAmerica,76,88,14168.1657146196,39267.469041974,63.624,10243.58381167,28390.3801173472,5644038.67331641,0.14914754311586,0.000946290871432533,0.000374210920171753,0.723,GAM,GAM,Data,AIC,BRA,7284975.44613361
219736,1983,24-50m,I,Pots_and_Traps,LatinAmerica,76,83,13480.9774525482,37017.2803140998,60.009,9746.74669819236,26763.4936670942,5320301.35515251,0.14914754311586,0.000947633622095627,0.000330399320022637,0.723,GAM,GAM,Data,AIC,BRA,6920429.91173262
219737,1984,24-50m,I,Pots_and_Traps,LatinAmerica,76,79,12944.1933168127,35320.4685836811,57.117,9358.6517680556,25536.6987860015,5077846.30873471,0.14914754311586,0.00094120309601941,0.000324152818946345,0.723,GAM,GAM,Data,AIC,BRA,6656334.2896599
219738,1985,24-50m,I,Pots_and_Traps,LatinAmerica,76,74,12105.876958855,33070.2798558069,53.502,8752.54904125218,23909.8123357484,4754108.99057081,0.14914754311586,0.000942359920907796,0.000325270753625151,0.723,GAM,GAM,Data,AIC,BRA,6280344.07014317
219739,1986,24-50m,I,Pots_and_Traps,LatinAmerica,76,70,11451.0886934549,31373.4681253882,50.61,8279.13712536791,22683.0174546557,4511653.944153,0.14914754311586,0.000934835165552537,0.000361522475208523,0.723,GAM,GAM,Data,AIC,BRA,6006324.81632019
219740,1987,24-50m,I,Pots_and_Traps,LatinAmerica,76,64,10488.9275410076,28699.0764649093,46.272,7583.4946121485,20749.4322841294,4127302.86438464,0.14914754311586,0.000933501186601632,0.000360063818558779,0.723,GAM,GAM,Data,AIC,BRA,5537300.63979398
219741,1988,24-50m,I,Pots_and_Traps,LatinAmerica,76,59,9658.8921746053,26448.8877370351,42.657,6983.37904223963,19122.5458338763,3803565.54622075,0.14914754311586,0.000934292364410541,0.000360928472929465,0.723,GAM,GAM,Data,AIC,BRA,5142584.06890446
219742,1989,24-50m,I,Pots_and_Traps,LatinAmerica,76,55,9130.38903042523,24752.0760066165,39.765,6601.27126899744,17895.7509527837,3561110.49980295,0.14914754311586,0.000924201623063302,0.000350002074598451,0.723,GAM,GAM,Data,AIC,BRA,4852155.11242338
219743,1990,24-50m,I,Pots_and_Traps,LatinAmerica,76,50,8300.35366402294,22501.8872787422,36.15,6001.15569908859,16268.8645025306,3237373.18163904,0.14914754311586,0.000924201623063302,0.000350002074598451,0.723,GAM,GAM,Data,AIC,BRA,4445296.37440836
219744,1991,24-50m,I,Pots_and_Traps,LatinAmerica,76,45,7470.31829762065,20251.6985508679,32.535,5401.04012917973,14641.9780522775,2913635.86347514,0.14914754311586,0.000924201623063302,0.00035000207459845,0.723,GAM,GAM,Data,AIC,BRA,4031827.6733726
219745,1992,24-50m,I,Pots_and_Traps,LatinAmerica,76,41,6840.72689759552,18425.7127555984,29.643,4945.84554696156,13321.7903222976,2650512.30691568,0,0.000927822770432427,0.000311403237853392,0.723,Data,GAM,Data,AIC,BRA,3696198.13025254
219746,1993,24-50m,I,Pots_and_Traps,LatinAmerica,76,36,6002.41053963781,16175.5240277242,26.028,4339.74282015814,11694.9038720446,2326774.98875178,0.14914754311586,0.000928326510835398,0.000311877280284103,0.723,GAM,GAM,Data,AIC,BRA,3269930.59937538
219747,1994,24-50m,I,Pots_and_Traps,LatinAmerica,76,33,5545.99599272602,14902.9152299102,23.859,4009.75510274091,10774.8077112251,2144933.70393844,0.14914754311586,0.00091524737213456,0.000340487381162459,0.723,GAM,GAM,Data,AIC,BRA,3037783.03699831
219748,1995,24-50m,I,Pots_and_Traps,LatinAmerica,76,29,4848.08641236874,13076.9294346407,20.967,3505.1664761426,9454.6199812452,1881810.14737898,0.14914754311586,0.000919099338035102,0.000344559880794582,0.723,GAM,GAM,Data,AIC,BRA,2685823.16914575
219749,1996,24-50m,I,Pots_and_Traps,LatinAmerica,76,19,3188.01567956416,8576.55197889222,13.737,2304.93533632489,6200.84708073907,1234335.51105117,0,0.000916422014027705,0.000341726009332165,0.723,Data,GAM,Data,AIC,BRA,1775389.16073206
219750,1997,24-50m,I,Pots_and_Traps,LatinAmerica,76,29,4848.08641236874,13076.9294346407,20.967,3505.1664761426,9454.6199812452,1881810.14737898,0,0.000919099338035102,0.000344559880794582,0.723,Data,Data,Data,AIC,BRA,2727689.15646104
219751,1998,24-50m,I,Pots_and_Traps,LatinAmerica,76,20,3320.14146560918,9000.75491149688,14.46,2400.46227963544,6507.54580101224,1294949.27265562,0.14914754311586,0.000924201623063302,0.00035000207459845,0.723,GAM,Data,Data,AIC,BRA,1891605.45534688
219752,1999,24-50m,I,Pots_and_Traps,LatinAmerica,76,17,2950.67733002921,7728.14611368289,12.291,2133.33970961112,5587.44964019273,1113107.98784227,0.14914754311586,0.000898300629362732,0.000284402276719951,0.723,GAM,GAM,Data,AIC,BRA,1638603.3250202
219753,2000,24-50m,I,Pots_and_Traps,LatinAmerica,76,14,2380.75303993925,6326.363251018,10.122,1721.28444787607,4573.96063048601,910598.192887264,0.14914754311586,0.00091365492844243,0.000298256401713467,0.723,GAM,GAM,Data,AIC,BRA,1350896.40893516
219754,2001,24-50m,I,Pots_and_Traps,LatinAmerica,76,13,2246.55700600538,5902.16031841333,9.399,1624.26071534189,4267.26191021284,849984.431282816,0.14914754311586,0.000901592199506629,0.000287338614423009,0.723,GAM,GAM,Data,AIC,BRA,1270764.18076347
219755,2002,24-50m,I,Pots_and_Traps,LatinAmerica,76,10,1676.63271591541,4500.37745574844,7.23,1212.20545360684,3253.77290050612,647474.636327809,0.14914754311586,0.000924201623063302,0.000308009057058365,0.723,GAM,GAM,Data,AIC,BRA,975518.443586215
219756,2003,24-50m,I,Pots_and_Traps,LatinAmerica,76,9,1542.43668198154,4076.17452314378,6.507,1115.18172107265,2947.07418023295,586860.87472336,0.14914754311586,0.000907832789763756,0.000292955820753056,0.723,GAM,GAM,Data,AIC,BRA,891059.308958642
219757,2004,24-50m,I,Pots_and_Traps,LatinAmerica,76,9,1542.43668198154,4076.17452314378,6.507,1115.18172107265,2947.07418023295,586860.87472336,0,0.000907832789763756,0.000292955820753056,0.723,Data,Data,Data,AIC,BRA,897977.267027271
219758,2005,24-50m,I,Pots_and_Traps,LatinAmerica,76,3,402.588101801613,1272.608797814,2.169,291.071197602566,920.096160819522,181841.284813346,0,0.00108149007191845,0.00048102954938742,0.723,Data,GAM,Data,AIC,BRA,280402.194119509
219759,2006,24-50m,I,Pots_and_Traps,LatinAmerica,76,4,528.503144180072,1696.81173041866,2.892,382.107773242192,1226.79488109269,242455.046417796,0.14914754311586,0.00108149007191846,0.00054969228363172,0.723,GAM,GAM,Data,AIC,BRA,376772.220677663
219760,2007,24-50m,I,Pots_and_Traps,LatinAmerica,76,3,396.377358135054,1272.608797814,2.169,286.580829931644,920.096160819522,181841.284813346,0.14914754311586,0.00108149007191845,0.00054969228363172,0.723,GAM,GAM,Data,AIC,BRA,284773.038349705
219761,2008,24-50m,I,Pots_and_Traps,LatinAmerica,76,2,264.251572090036,848.40586520933,1.446,191.053886621096,613.397440546346,121227.523208898,0,0.00108149007191846,0.00054969228363172,0.723,Data,GAM,Data,AIC,BRA,191322.62924165
219762,2009,24-50m,I,Pots_and_Traps,LatinAmerica,76,2,264.251572090036,848.405865209332,1.446,191.053886621096,613.397440546347,121227.523208898,0.14914754311586,0.00108149007191845,0.00054969228363172,0.723,GAM,GAM,Data,AIC,BRA,192808.009522588
219763,2010,24-50m,I,Pots_and_Traps,LatinAmerica,76,2,264.251572090036,848.405865209332,1.446,191.053886621096,613.397440546347,121227.523208898,0.14914754311586,0.00108149007191845,0.00054969228363172,0.723,GAM,GAM,Data,AIC,BRA,194304.921918612
219764,2011,24-50m,I,Pots_and_Traps,LatinAmerica,76,1,132.125786045018,424.202932604666,0.723,95.526943310548,306.698720273173,60613.7616044491,0.14914754311586,0.00108149007191845,0.00054969228363172,0.723,GAM,GAM,Data,AIC,BRA,97906.7279810672
219765,2012,24-50m,I,Pots_and_Traps,LatinAmerica,76,1,132.125786045018,424.202932604666,0.723,95.526943310548,306.698720273173,60613.7616044491,0.14914754311586,0.00108149007191845,0.00054969228363172,0.723,GAM,GAM,Data,AIC,BRA,98666.8509403361
219766,2013,24-50m,I,Pots_and_Traps,LatinAmerica,76,1,132.125786045018,424.202932604666,0.723,95.526943310548,306.698720273173,60613.7616044491,0.14914754311586,0.00108149007191845,0.00054969228363172,0.723,GAM,GAM,Data,AIC,BRA,99432.8753011237
219767,2014,24-50m,I,Pots_and_Traps,LatinAmerica,76,1,132.125786045018,424.202932604666,0.723,95.526943310548,306.698720273173,60613.7616044491,0.14914754311586,0.00108149007191845,0.00054969228363172,0.723,GAM,GAM,Data,AIC,BRA,100204.846880412
219768,2015,24-50m,I,Pots_and_Traps,LatinAmerica,76,1,134.196033933871,424.202932604666,0.723,97.0237325341887,306.698720273173,60613.7616044491,0.14914754311586,0.00108149007191845,0.00048102954938742,0.723,GAM,GAM,Data,AIC,BRA,100982.811850894
219769,1950,Over 50m,I,Pots_and_Traps,LatinAmerica,76,1,1033.97165569995,2332.02382133402,0.723,747.561507071064,1686.0532228245,330398.841401626,0.14914754311586,0.000218284987820084,0.000321752119307743,0.723,GAM,AIC,Data,AIC,BRA,332963.974056389
219770,1951,Over 50m,I,Pots_and_Traps,LatinAmerica,76,2,2067.9433113999,4655.06063218654,1.446,1495.12301414213,3365.60883707087,659524.411997188,0.14914754311586,0.000219114810591787,0.000321752119307743,0.723,GAM,GAM,Data,AIC,BRA,669804.925243182
219771,1952,Over 50m,I,Pots_and_Traps,LatinAmerica,76,2,2067.9433113999,4646.07239338246,1.446,1495.12301414213,3359.11034041552,658250.967163589,0.14914754311586,0.00022030646008057,0.000321752119307743,0.723,GAM,GAM,Data,AIC,BRA,673701.784684967
219772,1953,Over 50m,I,Pots_and_Traps,LatinAmerica,76,2,2067.9433113999,4637.06092002526,1.446,1495.12301414213,3352.59504517826,656974.230481355,0.14914754311586,0.000221157510979136,0.000321752119307743,0.723,GAM,GAM,Data,AIC,BRA,677615.384311627
219773,1954,Over 50m,I,Pots_and_Traps,LatinAmerica,76,2,2067.9433113999,4628.01077646242,1.446,1495.12301414213,3346.05179138233,655692.015042419,0.14914754311586,0.00022196647909938,0.000321752119307743,0.723,GAM,GAM,Data,AIC,BRA,681543.44968057
219774,1955,Over 50m,I,Pots_and_Traps,LatinAmerica,76,2,2067.9433113999,4618.92477843924,1.446,1495.12301414213,3339.48261481157,654404.719778806,0.14914754311586,0.000223238661096314,0.000321752119307743,0.723,GAM,GAM,Data,AIC,BRA,685486.34318035
219775,1956,Over 50m,I,Pots_and_Traps,LatinAmerica,76,3,3101.91496709985,6914.74319941416,2.169,2242.68452121319,4999.35933317644,979674.015666492,0.14914754311586,0.000223734115266294,0.000321752119307743,0.723,GAM,GAM,Data,AIC,BRA,1034171.82997528
219776,1957,Over 50m,I,Pots_and_Traps,LatinAmerica,76,3,3101.91496709985,6901.15363662801,2.169,2242.68452121319,4989.53407928205,977748.659776634,0.14914754311586,0.000224610662916238,0.000321752119307743,0.723,GAM,GAM,Data,AIC,BRA,1040152.63720056
219777,1958,Over 50m,I,Pots_and_Traps,LatinAmerica,76,3,3101.91496709985,6887.70841951644,2.169,2242.68452121319,4979.81318731039,975843.754639978,0,0.000225498662020848,0.000321752119307743,0.723,Data,GAM,Data,AIC,BRA,1046185.90079108
219778,1959,Over 50m,I,Pots_and_Traps,LatinAmerica,76,4,4135.8866227998,9166.03610005836,2.892,2990.24602828425,6627.04410034219,1298634.9796257,0,0.000226419317865378,0.000321752119307743,0.723,Data,GAM,Data,AIC,BRA,1403054.05479073
219779,1960,Over 50m,I,Pots_and_Traps,LatinAmerica,76,4,4135.8866227998,9149.0033929702,2.892,2990.24602828425,6614.72945311745,1296221.80243755,0,0.000227273450761745,0.000321752119307743,0.723,Data,AIC,Data,AIC,BRA,1411319.55520658
219780,1961,Over 50m,I,Pots_and_Traps,LatinAmerica,76,5,5169.85827849975,11415.9246957193,3.615,3737.80753535532,8253.71355500505,1617396.98303606,0,0.000228099479771843,0.000321752119307743,0.723,Data,GAM,Data,AIC,BRA,1774685.48175527
219781,1962,Over 50m,I,Pots_and_Traps,LatinAmerica,76,6,6203.8299341997,13676.2232897006,4.338,4485.36904242638,9887.90943845353,1937633.86476995,0,0.000228866331558985,0.000321752119307743,0.723,Data,GAM,Data,AIC,BRA,2142570.96179465
219782,1963,Over 50m,I,Pots_and_Traps,LatinAmerica,76,8,8271.7732455996,18206.8840648348,5.784,5980.49205656851,13163.5771788756,2579533.4273704,0,0.000229016744724494,0.000321752119307743,0.723,Data,GAM,Data,AIC,BRA,2874507.12339582
219783,1964,Over 50m,I,Pots_and_Traps,LatinAmerica,76,11,11373.6882126994,24999.7047283858,7.953,8223.17657778167,18074.7865186229,3541933.57806972,0,0.00022965903015653,0.000321752119307743,0.723,Data,GAM,Data,AIC,BRA,3977602.4305096
219784,1965,Over 50m,I,Pots_and_Traps,LatinAmerica,76,12,12407.6598683994,27239.1749503576,8.676,8970.73808485277,19693.9234891085,3859219.51654253,0,0.000230219822943844,0.000321752119307743,0.723,Data,GAM,Data,AIC,BRA,4367562.94575475
219785,1966,Over 50m,I,Pots_and_Traps,LatinAmerica,76,14,14475.6031797993,31746.148102557,10.122,10465.8610989949,22952.4650781487,4497763.04002297,0.14914754311586,0.000230836512904649,0.000321752119307743,0.723,GAM,GAM,Data,AIC,BRA,5129735.73428894
219786,1967,Over 50m,I,Pots_and_Traps,LatinAmerica,76,16,16543.5464911992,36250.9000386606,11.568,11960.984113137,26209.4007279516,5135991.86379157,0.14914754311586,0.000230751425394117,0.000321752119307743,0.723,GAM,GAM,Data,AIC,BRA,5903118.19227861
219787,1968,Over 50m,I,Pots_and_Traps,LatinAmerica,76,18,18611.4898025991,40756.5878633676,13.014,13456.1071272791,29467.0130252148,5774353.28333702,0.14914754311586,0.000228901751907267,0.000321752119307743,0.723,GAM,GAM,Data,AIC,BRA,6688353.72525065
219788,1969,Over 50m,I,Pots_and_Traps,LatinAmerica,76,20,20679.433113999,45266.3422954258,14.46,14951.2301414213,32727.5654795928,6413290.85581238,0.14914754311586,0.000226030896510203,0.000321752119307743,0.723,GAM,GAM,Data,AIC,BRA,7486098.7127871
219789,1970,Over 50m,I,Pots_and_Traps,LatinAmerica,76,21,21713.4047696989,47520.2410370986,15.183,15698.7916484923,34357.1342698223,6732621.01276562,0.14914754311586,0.000226118067243314,0.000321752119307743,0.723,GAM,AIC,Data,AIC,BRA,7919860.13196436
219790,1971,Over 50m,I,Pots_and_Traps,LatinAmerica,76,23,23781.3480810988,52046.6453336885,16.629,17193.9146626344,37629.7245762568,7373917.52167228,0.14914754311586,0.000225610065511159,0.000321752119307743,0.723,GAM,GAM,Data,AIC,BRA,8741588.3228537
219791,1972,Over 50m,I,Pots_and_Traps,LatinAmerica,76,25,25849.2913924987,56584.611695221,18.075,18689.0376767766,40910.6742556448,8016852.13256842,0.14914754311586,0.000223787434368455,0.000321752119307743,0.723,GAM,GAM,Data,AIC,BRA,9577555.52012929
219792,1973,Over 50m,I,Pots_and_Traps,LatinAmerica,76,26,26417.7394870181,58871.8704295558,18.798,19100.0256491141,42564.3623205688,8340908.70047161,0.14914754311586,0.00022341193316301,0.000355253574231577,0.723,GAM,GAM,Data,AIC,BRA,10042062.1068628
219793,1974,Over 50m,I,Pots_and_Traps,LatinAmerica,76,27,27433.806390365,61171.513438174,19.521,19834.6420202339,44227.0042157998,8666719.860175,0.14914754311586,0.000222486743716107,0.000355253574231577,0.723,GAM,GAM,Data,AIC,BRA,10515332.8680451
219794,1975,Over 50m,I,Pots_and_Traps,LatinAmerica,76,27,27433.806390365,61215.8478109074,19.521,19834.6420202339,44259.057967286,8673001.11049985,0.14914754311586,0.000222081690295682,0.000355253574231577,0.723,GAM,GAM,Data,AIC,BRA,10604651.4506875
219795,1976,Over 50m,I,Pots_and_Traps,LatinAmerica,76,28,28449.8732937118,63536.5032671345,20.244,20569.2583913536,45936.8918621382,9001789.29311425,0.14914754311586,0.000221583024164413,0.000355253574231577,0.723,GAM,GAM,Data,AIC,BRA,11092120.2880489
219796,1977,Over 50m,I,Pots_and_Traps,LatinAmerica,76,27,27433.806390365,61324.1323551527,19.521,19834.6420202339,44337.3476927754,8688342.7582279,0.14914754311586,0.000221251912531717,0.000355253574231577,0.723,GAM,GAM,Data,AIC,BRA,10789005.2351676
219797,1978,Over 50m,I,Pots_and_Traps,LatinAmerica,76,27,27433.806390365,61384.4289656662,19.521,19834.6420202339,44380.9421421767,8696885.52270224,0.14914754311586,0.00022036267528235,0.000355253574231577,0.723,GAM,GAM,Data,AIC,BRA,10883458.9191867
219798,1979,Over 50m,I,Pots_and_Traps,LatinAmerica,76,26,26417.7394870181,59170.9778781098,18.798,19100.0256491141,42780.6170058734,8383285.94960292,0.14914754311586,0.000219760557597328,0.000355253574231577,0.723,GAM,GAM,Data,AIC,BRA,10572463.6209805
219799,1980,Over 50m,I,Pots_and_Traps,LatinAmerica,76,25,25401.6725836713,56953.7679886153,18.075,18365.4092779943,41177.5742557689,8069153.83314183,0.14914754311586,0.000219344649898764,0.000355253574231577,0.723,GAM,AIC,Data,AIC,BRA,10255306.5133619
219800,1981,Over 50m,I,Pots_and_Traps,LatinAmerica,76,24,24385.6056803244,54732.0524588645,17.352,17630.7929068745,39571.273927759,7754383.36200074,0.14914754311586,0.000218565834925405,0.000355253574231577,0.723,GAM,GAM,Data,AIC,BRA,9931769.88714086
219801,1982,Over 50m,I,Pots_and_Traps,LatinAmerica,76,22,22353.4718736307,50222.707770532,15.906,16161.560164635,36311.0177180946,7115503.84161342,0.14914754311586,0.000218160635814752,0.000355253574231577,0.723,GAM,GAM,Data,AIC,BRA,9184251.52153758
219802,1983,Over 50m,I,Pots_and_Traps,LatinAmerica,76,20,20679.433113999,45703.9818492188,14.46,14951.2301414213,33043.9788769852,6475295.1973641,0.14914754311586,0.000218450228376634,0.000321752119307743,0.723,GAM,GAM,Data,AIC,BRA,8422798.55590107
219803,1984,Over 50m,I,Pots_and_Traps,LatinAmerica,76,19,19645.461458299,43463.735511426,13.737,14203.6686343502,31424.280774761,6157899.2995651,0.14914754311586,0.00021621568618943,0.000321752119307743,0.723,GAM,GAM,Data,AIC,BRA,8072130.14491205
219804,1985,Over 50m,I,Pots_and_Traps,LatinAmerica,76,17,17577.5181468991,38929.6007488094,12.291,12708.545620208,28146.1013413892,5515507.5458349,0.14914754311586,0.00021410055176723,0.000321752119307743,0.723,GAM,GAM,Data,AIC,BRA,7286178.16251518
219805,1986,Over 50m,I,Pots_and_Traps,LatinAmerica,76,15,15241.0035502028,34387.1420534408,10.845,11019.2455667966,24861.9037046377,4871936.46549919,0.14914754311586,0.000213478028093044,0.000355253574231577,0.723,GAM,GAM,Data,AIC,BRA,6485965.7363984
219806,1987,Over 50m,I,Pots_and_Traps,LatinAmerica,76,13,13208.8697435091,29836.5751244642,9.399,9550.01282455708,21571.8438149876,4227216.61860056,0.14914754311586,0.000212543809018976,0.000355253574231577,0.723,GAM,GAM,Data,AIC,BRA,5671347.622369
219807,1988,Over 50m,I,Pots_and_Traps,LatinAmerica,76,12,12192.8028401622,27575.682042889,8.676,8815.39645343727,19937.2181170087,3906895.51044906,0.14914754311586,0.000211856381519573,0.000355253574231577,0.723,GAM,GAM,Data,AIC,BRA,5282290.62093403
219808,1989,Over 50m,I,Pots_and_Traps,LatinAmerica,76,11,11176.7359368154,25311.9554173765,7.953,8080.78008231753,18300.5437667632,3586172.94857941,0.14914754311586,0.00021138935828742,0.000355253574231577,0.723,GAM,GAM,Data,AIC,BRA,4886303.69864873
219809,1990,Over 50m,I,Pots_and_Traps,LatinAmerica,76,9,9144.60213012165,20740.525294598,6.507,6611.54734007795,14995.3997879944,2938497.2249024,0.14914754311586,0.000210876752385073,0.000355253574231577,0.723,GAM,GAM,Data,AIC,BRA,4034904.32741964
219810,1991,Over 50m,I,Pots_and_Traps,LatinAmerica,76,8,8128.5352267748,18465.8920190174,5.784,5876.93096895818,13350.8399297496,2616229.41957804,0.14914754311586,0.000211091493319155,0.000355253574231577,0.723,GAM,GAM,Data,AIC,BRA,3620282.92758769
219811,1992,Over 50m,I,Pots_and_Traps,LatinAmerica,76,7,7237.80158989965,16186.0367445924,5.061,5232.93054949745,11702.5045663403,2293221.76659339,0,0.000210499911440713,0.000321752119307743,0.723,Data,GAM,Data,AIC,BRA,3197948.55651903
219812,1993,Over 50m,I,Pots_and_Traps,LatinAmerica,76,6,6203.8299341997,13899.8717142163,4.338,4485.36904242638,10049.6072493784,1969320.1535914,0.14914754311586,0.000210838989611149,0.000321752119307743,0.723,GAM,GAM,Data,AIC,BRA,2767581.85098495
219813,1994,Over 50m,I,Pots_and_Traps,LatinAmerica,76,5,5080.33451673425,11606.3478042718,3.615,3673.08185559886,8391.38946248851,1644375.94176979,0.14914754311586,0.000210495833969379,0.000355253574231577,0.723,GAM,GAM,Data,AIC,BRA,2328863.28056867
219814,1995,Over 50m,I,Pots_and_Traps,LatinAmerica,76,4,4064.2676133874,9304.52883351244,2.892,2938.46548447909,6727.17434662949,1318256.49389034,0.14914754311586,0.000209006208928866,0.000355253574231577,0.723,GAM,GAM,Data,AIC,BRA,1881488.33138079
219815,1996,Over 50m,I,Pots_and_Traps,LatinAmerica,76,3,3048.20071004055,6993.62015696187,2.169,2203.84911335932,5056.38737348343,990849.22543435,0,0.000187328126060974,0.000355253574231577,0.723,Data,GAM,Data,AIC,BRA,1425174.07868936
219816,1997,Over 50m,I,Pots_and_Traps,LatinAmerica,76,4,4064.2676133874,9345.88114379376,2.892,2938.46548447909,6757.07206696289,1324115.24853994,0,0.000187647404118542,0.000355253574231577,0.723,Data,Data,Data,AIC,BRA,1919308.81570474
219817,1998,Over 50m,I,Pots_and_Traps,LatinAmerica,76,3,3048.20071004055,7025.7098322663,2.169,2203.84911335932,5079.58820872853,995395.659070463,0.14914754311586,0.000194343979909869,0.000355253574231577,0.723,GAM,Data,Data,AIC,BRA,1454030.59307871
219818,1999,Over 50m,I,Pots_and_Traps,LatinAmerica,76,2,2067.9433113999,4694.98149318588,1.446,1495.12301414213,3394.47161957339,665180.360320389,0.14914754311586,0.000210919766768335,0.000321752119307743,0.723,GAM,GAM,Data,AIC,BRA,979210.249197828
219819,2000,Over 50m,I,Pots_and_Traps,LatinAmerica,76,2,2067.9433113999,4706.4624877147,1.446,1495.12301414213,3402.77237861773,666806.976333381,0.14914754311586,0.000209325096073067,0.000321752119307743,0.723,GAM,GAM,Data,AIC,BRA,989225.716477123
219820,2001,Over 50m,I,Pots_and_Traps,LatinAmerica,76,2,2067.9433113999,4718.27782463338,1.446,1495.12301414213,3411.31486720993,668480.961647334,0.14914754311586,0.000194549789771304,0.000321752119307743,0.723,GAM,GAM,Data,AIC,BRA,999408.495402311
219821,2002,Over 50m,I,Pots_and_Traps,LatinAmerica,76,1,1033.97165569995,2365.22187717942,0.723,747.561507071064,1710.05541720072,335102.309302667,0.14914754311586,0.000193236494857253,0.000321752119307743,0.723,GAM,GAM,Data,AIC,BRA,504882.299432003
219822,2003,Over 50m,I,Pots_and_Traps,LatinAmerica,76,1,1033.97165569995,2371.41586116491,0.723,747.561507071064,1714.53366762223,335979.86686179,0.14914754311586,0.000206740907245482,0.000321752119307743,0.723,GAM,GAM,Data,AIC,BRA,510134.515494847
219823,2004,Over 50m,I,Pots_and_Traps,LatinAmerica,76,1,1033.97165569995,2377.66197572022,0.723,747.561507071064,1719.04960844572,336864.810228773,0,0.000188412245631324,0.000321752119307743,0.723,Data,Data,Data,AIC,BRA,515449.15443458
219824,1950,12-24m,UP,Pots_and_Traps,LatinAmerica,76,159,412.577811,0,114.957,298.293757353,0,35538.685319378,0.0292161106674869,NA,0,0.723,GAM,AIC,Data,Pequivalent,BRA,35814.5986422981
219825,1951,12-24m,UP,Pots_and_Traps,LatinAmerica,76,174,451.500246,0,125.802,326.434677858,0,38891.3914815834,0.0292161106674869,NA,0,0.723,GAM,GAM,Data,Pequivalent,BRA,39497.6214527695
219826,1952,12-24m,UP,Pots_and_Traps,LatinAmerica,76,190,493.01751,0,137.37,356.45165973,0,42467.6113879359,0.0292161106674869,NA,0,0.723,GAM,GAM,Data,Pequivalent,BRA,43464.4337958865
219827,1953,12-24m,UP,Pots_and_Traps,LatinAmerica,76,207,537.129603,0,149.661,388.344702969,0,46267.3450384355,0.0292161106674869,NA,0,0.723,GAM,GAM,Data,Pequivalent,BRA,47720.9962502295
219828,1954,12-24m,UP,Pots_and_Traps,LatinAmerica,76,225,583.836525,0,162.675,422.113807575,0,50290.5924330821,0.0292161106674869,NA,0,0.723,GAM,GAM,Data,Pequivalent,BRA,52273.3586302785
219829,1955,12-24m,UP,Pots_and_Traps,LatinAmerica,76,244,633.138276,0,176.412,457.758973548,0,54537.3535718756,0.0292161106674869,NA,0,0.723,GAM,GAM,Data,Pequivalent,BRA,57127.6611197961
219830,1956,12-24m,UP,Pots_and_Traps,LatinAmerica,76,263,682.440027,0,190.149,493.404139521,0,58784.1147106692,0.0292161106674869,NA,0,0.723,GAM,GAM,Data,Pequivalent,BRA,62054.1879356175
219831,1957,12-24m,UP,Pots_and_Traps,LatinAmerica,76,283,734.336607,0,204.609,530.925366861,0,63254.3895936099,0.0292161106674869,NA,0,0.723,GAM,GAM,Data,Pequivalent,BRA,67291.5472626018
219832,1958,12-24m,UP,Pots_and_Traps,LatinAmerica,76,301,781.043529,0,217.623,564.694471467,0,67277.6369882565,0,NA,0,0.723,Data,GAM,Data,Pequivalent,BRA,72127.2385266449
219833,1959,12-24m,UP,Pots_and_Traps,LatinAmerica,76,330,856.29357,0,238.59,619.10025111,0,73759.5355685206,0,NA,0,0.723,Data,GAM,Data,Pequivalent,BRA,79690.3033435321
219834,1960,12-24m,UP,Pots_and_Traps,LatinAmerica,76,342,887.431518,0,247.266,641.612987514,0,76441.7004982846,0,NA,0,0.723,Data,AIC,Data,Pequivalent,BRA,83229.3258326606
219835,1961,12-24m,UP,Pots_and_Traps,LatinAmerica,76,340,882.24186,0,245.82,637.86086478,0,75994.6730099907,0,NA,0,0.723,Data,GAM,Data,Pequivalent,BRA,83384.9971875229
219836,1962,12-24m,UP,Pots_and_Traps,LatinAmerica,76,378,980.845362,0,273.294,709.151196726,0,84488.1952875777,0,NA,0,0.723,Data,GAM,Data,Pequivalent,BRA,93424.2310319509
219837,1963,12-24m,UP,Pots_and_Traps,LatinAmerica,76,399,1035.336771,0,288.477,748.548485433,0,89181.9839146658,0,NA,0,0.723,Data,GAM,Data,Pequivalent,BRA,99380.0837473964
219838,1964,12-24m,UP,Pots_and_Traps,LatinAmerica,76,398,1032.741942,0,287.754,746.672424066,0,88958.4701705185,0,NA,0,0.723,Data,GAM,Data,Pequivalent,BRA,99900.6388362331
219839,1965,12-24m,UP,Pots_and_Traps,LatinAmerica,76,412,1069.069548,0,297.876,772.937283204,0,92087.662588577,0,NA,0,0.723,Data,GAM,Data,Pequivalent,BRA,104217.617359938
219840,1966,12-24m,UP,Pots_and_Traps,LatinAmerica,76,410,1063.87989,0,296.43,769.18516047,0,91640.6351002831,0.0292161106674869,NA,0,0.723,GAM,GAM,Data,Pequivalent,BRA,104516.897934324
219841,1967,12-24m,UP,Pots_and_Traps,LatinAmerica,76,409,1061.285061,0,295.707,767.309099103,0,91417.1213561358,0.0292161106674869,NA,0,0.723,GAM,GAM,Data,Pequivalent,BRA,105071.442181912
219842,1968,12-24m,UP,Pots_and_Traps,LatinAmerica,76,404,1048.310916,0,292.092,757.928792268,0,90299.5526354008,0.0292161106674869,NA,0,0.723,GAM,GAM,Data,Pequivalent,BRA,104592.725734374
219843,1969,12-24m,UP,Pots_and_Traps,LatinAmerica,76,396,1027.552284,0,286.308,742.920301332,0,88511.4426822246,0.0292161106674869,NA,0,0.723,GAM,GAM,Data,Pequivalent,BRA,103317.534168875
219844,1970,12-24m,UP,Pots_and_Traps,LatinAmerica,76,385,999.009165,0,278.355,722.283626295,0,86052.7914966073,0.0292161106674869,NA,0,0.723,GAM,AIC,Data,Pequivalent,BRA,101227.452328891
219845,1971,12-24m,UP,Pots_and_Traps,LatinAmerica,76,371,962.681559,0,268.233,696.018767157,0,82923.5990785488,0.0292161106674869,NA,0,0.723,GAM,GAM,Data,Pequivalent,BRA,98303.7799464907
219846,1972,12-24m,UP,Pots_and_Traps,LatinAmerica,76,355,921.164295,0,256.665,666.001785285,0,79347.3791721965,0.0292161106674869,NA,0,0.723,GAM,GAM,Data,Pequivalent,BRA,94794.5548741199
219847,1973,12-24m,UP,Pots_and_Traps,LatinAmerica,76,338,10704.9340442972,0,244.374,7739.66731402688,0,72994.9391631807,0.0292161106674869,NA,0.00599135279270463,0.723,GAM,GAM,Data,Pequivalent,BRA,87882.4764646912
219848,1974,12-24m,UP,Pots_and_Traps,LatinAmerica,76,320,10134.8487993346,0,231.36,7327.49568191892,0,69107.6347107034,0.0292161106674869,NA,0.00599135279270463,0.723,GAM,GAM,Data,Pequivalent,BRA,83848.3064446991
219849,1975,12-24m,UP,Pots_and_Traps,LatinAmerica,76,301,9533.0921518741,0,217.623,6892.42562580497,0,65004.3688997554,0.0292161106674869,NA,0.00599135279270463,0.723,GAM,GAM,Data,Pequivalent,BRA,79482.1384398612
219850,1976,12-24m,UP,Pots_and_Traps,LatinAmerica,76,283,8963.00690691153,0,204.609,6480.25399369704,0,61117.0644472783,0.0292161106674869,NA,0.00599135279270463,0.723,GAM,GAM,Data,Pequivalent,BRA,75309.2311347709
219851,1977,12-24m,UP,Pots_and_Traps,LatinAmerica,76,264,8361.25025945104,0,190.872,6045.1839375831,0,57013.7986363303,0.0292161106674869,NA,0.00599135279270463,0.723,GAM,GAM,Data,Pequivalent,BRA,70798.5618294852
219852,1978,12-24m,UP,Pots_and_Traps,LatinAmerica,76,246,7791.16501448847,0,177.858,5633.01230547516,0,53126.4941838532,0.0292161106674869,NA,0.00599135279270463,0.723,GAM,GAM,Data,Pequivalent,BRA,66483.57224676
219853,1979,12-24m,UP,Pots_and_Traps,LatinAmerica,76,228,7221.0797695259,0,164.844,5220.84067336723,0,49239.1897313762,0.0292161106674869,NA,0.00599135279270463,0.723,GAM,GAM,Data,Pequivalent,BRA,62097.3142620991
219854,1980,12-24m,UP,Pots_and_Traps,LatinAmerica,76,212,6714.33732955917,0,153.276,4854.46588927128,0,45783.807995841,0.0292161106674869,NA,0.00599135279270463,0.723,GAM,AIC,Data,Pequivalent,BRA,58187.8836437353
219855,1981,12-24m,UP,Pots_and_Traps,LatinAmerica,76,196,6207.59488959244,0,141.708,4488.09110517533,0,42328.4262603058,0.0292161106674869,NA,0.00599135279270463,0.723,GAM,GAM,Data,Pequivalent,BRA,54214.0064111686
219856,1982,12-24m,UP,Pots_and_Traps,LatinAmerica,76,181,5732.52385212363,0,130.863,4144.61474508538,0,39089.0058832416,0.0292161106674869,NA,0.00599135279270463,0.723,GAM,GAM,Data,Pequivalent,BRA,50453.667055733
219857,1983,12-24m,UP,Pots_and_Traps,LatinAmerica,76,167,433.336443,0,120.741,313.302248289,0,37326.7952725543,0.0292161106674869,NA,0,0.723,GAM,GAM,Data,Pequivalent,BRA,48553.1651817305
219858,1984,12-24m,UP,Pots_and_Traps,LatinAmerica,76,154,399.603666,0,111.342,288.913450518,0,34421.1165986429,0.0292161106674869,NA,0,0.723,GAM,GAM,Data,Pequivalent,BRA,45121.1881521124
219859,1985,12-24m,UP,Pots_and_Traps,LatinAmerica,76,142,368.465718,0,102.666,266.400714114,0,31738.9516688784,0.0292161106674869,NA,0,0.723,GAM,GAM,Data,Pequivalent,BRA,41928.264013625
219860,1986,12-24m,UP,Pots_and_Traps,LatinAmerica,76,130,4117.28232472968,0,93.99,2976.79512077956,0,28074.9766012232,0.0292161106674869,NA,0.00599135279270463,0.723,GAM,GAM,Data,Pequivalent,BRA,37375.9669435802
219861,1987,12-24m,UP,Pots_and_Traps,LatinAmerica,76,120,3800.56829975047,0,86.76,2747.81088071959,0,25915.3630165138,0.0292161106674869,NA,0.00599135279270463,0.723,GAM,GAM,Data,Pequivalent,BRA,34768.7487269559
219862,1988,12-24m,UP,Pots_and_Traps,LatinAmerica,76,109,3452.18287227335,0,78.807,2495.92821665363,0,23539.7880733334,0.0292161106674869,NA,0.00599135279270463,0.723,GAM,GAM,Data,Pequivalent,BRA,31826.805049171
219863,1989,12-24m,UP,Pots_and_Traps,LatinAmerica,76,100,3167.14024979206,0,72.3,2289.84240059966,0,21596.1358470948,0.0292161106674869,NA,0.00599135279270463,0.723,GAM,GAM,Data,Pequivalent,BRA,29425.596584231
219864,1990,12-24m,UP,Pots_and_Traps,LatinAmerica,76,91,2882.09762731077,0,65.793,2083.75658454569,0,19652.4836208563,0.0292161106674869,NA,0.00599135279270463,0.723,GAM,AIC,Data,Pequivalent,BRA,26985.1849899128
219865,1991,12-24m,UP,Pots_and_Traps,LatinAmerica,76,83,2628.72640732741,0,60.009,1900.56919249772,0,17924.7927530887,0.0292161106674869,NA,0.00599135279270463,0.723,GAM,GAM,Data,Pequivalent,BRA,24803.9490340342
219866,1992,12-24m,UP,Pots_and_Traps,LatinAmerica,76,75,194.612175,0,54.225,140.704602525,0,16763.5308110274,0.0292161106674869,NA,0,0.723,GAM,GAM,Data,Pequivalent,BRA,23377.1150877065
219867,1993,12-24m,UP,Pots_and_Traps,LatinAmerica,76,68,176.448372,0,49.164,127.572172956,0,15198.9346019981,0.0292161106674869,NA,0,0.723,GAM,GAM,Data,Pequivalent,BRA,21359.8055562908
219868,1994,12-24m,UP,Pots_and_Traps,LatinAmerica,76,61,1931.95555237316,0,44.103,1396.80386436579,0,13173.6428667278,0.0292161106674869,NA,0.00599135279270463,0.723,GAM,GAM,Data,Pequivalent,BRA,18657.2987139597
219869,1995,12-24m,UP,Pots_and_Traps,LatinAmerica,76,56,1773.59853988355,0,40.488,1282.31174433581,0,12093.8360743731,0.0292161106674869,NA,0.00599135279270463,0.723,GAM,GAM,Data,Pequivalent,BRA,17260.9894667873
219870,1996,12-24m,UP,Pots_and_Traps,LatinAmerica,76,50,1583.57012489603,0,36.15,1144.92120029983,0,10798.0679235474,0.0292161106674869,NA,0.00599135279270463,0.723,GAM,GAM,Data,Pequivalent,BRA,15531.2494671636
219871,1997,12-24m,UP,Pots_and_Traps,LatinAmerica,76,45,1425.21311240643,0,32.535,1030.42908026985,0,9718.26113119266,0.0292161106674869,NA,0.00599135279270463,0.723,GAM,GAM,Data,Pequivalent,BRA,14086.6471275715
219872,1998,12-24m,UP,Pots_and_Traps,LatinAmerica,76,41,1298.52750241474,0,29.643,938.835384245857,0,8854.41569730884,0.0292161106674869,NA,0.00599135279270463,0.723,GAM,GAM,Data,Pequivalent,BRA,12934.1445187195
219873,1999,12-24m,UP,Pots_and_Traps,LatinAmerica,76,37,96.008673,0,26.751,69.414270579,0,8270.00853344015,0.0292161106674869,NA,0,0.723,GAM,GAM,Data,Pequivalent,BRA,12174.257690046
219874,2000,12-24m,UP,Pots_and_Traps,LatinAmerica,76,34,88.224186,0,24.582,63.786086478,0,7599.46730099907,0.0292161106674869,NA,0,0.723,GAM,GAM,Data,Pequivalent,BRA,11274.0099496451
219875,2001,12-24m,UP,Pots_and_Traps,LatinAmerica,76,29,75.250041,0,20.967,54.405779643,0,6481.89858026391,0,NA,0,0.723,Data,GAM,Data,Pequivalent,BRA,9690.72401327342
219876,2002,12-24m,UP,Pots_and_Traps,LatinAmerica,76,28,72.655212,0,20.244,52.529718276,0,6258.38483611688,0.0292161106674869,NA,0,0.723,GAM,GAM,Data,Pequivalent,BRA,9429.20307939496
219877,2003,12-24m,UP,Pots_and_Traps,LatinAmerica,76,25,64.870725,0,18.075,46.901534175,0,5587.84360367578,0.0292161106674869,NA,0,0.723,GAM,GAM,Data,Pequivalent,BRA,8484.29376452708
219878,2004,12-24m,UP,Pots_and_Traps,LatinAmerica,76,22,57.086238,0,15.906,41.273350074,0,4917.30237123469,0,NA,0,0.723,Data,Data,Data,Pequivalent,BRA,7524.14402570205
219879,2005,12-24m,UP,Pots_and_Traps,LatinAmerica,76,23,59.681067,0,16.629,43.149411441,0,5140.81611538172,0,NA,0,0.723,Data,Data,Data,Pequivalent,BRA,7927.22136668587
219880,2006,12-24m,UP,Pots_and_Traps,LatinAmerica,76,19,601.756647460491,0,13.737,435.070056113935,0,4103.26581094801,0.0292161106674869,NA,0.00599135279270463,0.723,GAM,Data,Data,Pequivalent,BRA,6376.42562802166
219881,2007,12-24m,UP,Pots_and_Traps,LatinAmerica,76,18,570.085244962571,0,13.014,412.171632107939,0,3887.30445247706,0.0292161106674869,NA,0.00599135279270463,0.723,GAM,Data,Data,Pequivalent,BRA,6087.72370399015
219882,2008,12-24m,UP,Pots_and_Traps,LatinAmerica,76,16,506.74243996673,0,11.568,366.374784095946,0,3455.38173553517,0.0292161106674869,NA,0.00599135279270463,0.723,GAM,Data,Data,Pequivalent,BRA,5453.32199468412
219883,2009,12-24m,UP,Pots_and_Traps,LatinAmerica,76,15,475.071037468809,0,10.845,343.476360089949,0,3239.42037706422,0.0292161106674869,NA,0.00599135279270463,0.723,GAM,Data,Data,Pequivalent,BRA,5152.18143847072
219884,2010,12-24m,UP,Pots_and_Traps,LatinAmerica,76,13,411.728232472968,0,9.399,297.679512077956,0,2807.49766012232,0.0292161106674869,NA,0.00599135279270463,0.723,GAM,Data,Data,Pequivalent,BRA,4499.89077725143
219885,2011,12-24m,UP,Pots_and_Traps,LatinAmerica,76,12,380.056829975047,0,8.676,274.781088071959,0,2591.53630165138,0.0292161106674869,NA,0.00599135279270463,0.723,GAM,Data,Data,Pequivalent,BRA,4185.99395620117
219886,2012,12-24m,UP,Pots_and_Traps,LatinAmerica,76,11,348.385427477127,0,7.953,251.882664065963,0,2375.57494318043,0.0292161106674869,NA,0.00599135279270463,0.723,GAM,Data,Data,Pequivalent,BRA,3866.95187053325
219887,2013,12-24m,UP,Pots_and_Traps,LatinAmerica,76,10,316.714024979206,0,7.23,228.984240059966,0,2159.61358470948,0.0292161106674869,NA,0.00599135279270463,0.723,GAM,Data,Data,Pequivalent,BRA,3542.70354755988
219888,2014,12-24m,UP,Pots_and_Traps,LatinAmerica,76,10,316.714024979206,0,7.23,228.984240059966,0,2159.61358470948,0.0292161106674869,NA,0.00599135279270463,0.723,GAM,Data,Data,Pequivalent,BRA,3570.20819775005
219889,2015,12-24m,UP,Pots_and_Traps,LatinAmerica,76,9,23.353461,0,6.507,16.884552303,0,2011.62369732328,0.0292161106674869,NA,0,0.723,GAM,GAM,Data,Pequivalent,BRA,3351.37453879264
219890,2016,12-24m,UP,Pots_and_Traps,LatinAmerica,76,8,20.758632,0,5.784,15.008490936,0,1788.10995317625,0.0292161106674869,NA,0,0.723,GAM,GAM,Data,Pequivalent,BRA,3002.12778593143
219891,2017,12-24m,UP,Pots_and_Traps,LatinAmerica,76,7,221.699817485444,0,5.061,160.288968041976,0,1511.72950929664,0.0292161106674869,NA,0.00599135279270463,0.723,GAM,GAM,Data,Pequivalent,BRA,2557.80701913705
219892,1950,6-12m,UP,Pots_and_Traps,LatinAmerica,76,412,1277.64118870816,0,297.876,923.734579436002,0,92087.6625885769,0.0292161106674869,NA,0.0304130033595696,0.723,GAM,AIC,Data,Pequivalent,BRA,92802.6078026843
219893,1951,6-12m,UP,Pots_and_Traps,LatinAmerica,76,429,1330.12400632395,0,310.167,961.679656572215,0,95887.3962390765,0.0292161106674869,NA,0.0305714138066358,0.723,GAM,GAM,Data,Pequivalent,BRA,97382.0666852767
219894,1952,6-12m,UP,Pots_and_Traps,LatinAmerica,76,447,1385.7710086088,0,323.181,1001.91243922416,0,99910.6436337231,0.0292161106674869,NA,0.0306763332935826,0.723,GAM,GAM,Data,Pequivalent,BRA,102255.79950927
219895,1953,6-12m,UP,Pots_and_Traps,LatinAmerica,76,465,1441.41801089365,0,336.195,1042.14522187611,0,103933.89102837,0.0292161106674869,NA,0.0307731517926331,0.723,GAM,GAM,Data,Pequivalent,BRA,107199.33940269
219896,1954,6-12m,UP,Pots_and_Traps,LatinAmerica,76,483,1497.0650131785,0,349.209,1082.37800452806,0,107957.138423016,0.0292161106674869,NA,0.0308627726627356,0.723,GAM,GAM,Data,Pequivalent,BRA,112213.476526331
219897,1955,6-12m,UP,Pots_and_Traps,LatinAmerica,76,502,1555.71265991263,0,362.946,1124.78025311683,0,112203.89956181,0.0292161106674869,NA,0.0310027264191752,0.723,GAM,GAM,Data,Pequivalent,BRA,117533.13886122
219898,1956,6-12m,UP,Pots_and_Traps,LatinAmerica,76,521,1614.36030664675,0,376.683,1167.1825017056,0,116450.660700603,0.0292161106674869,NA,0.0311325114934029,0.723,GAM,GAM,Data,Pequivalent,BRA,122928.63845801
219899,1957,6-12m,UP,Pots_and_Traps,LatinAmerica,76,541,1676.00859783015,0,391.143,1211.7542162312,0,120920.935583544,0.0292161106674869,NA,0.0313053301695549,0.723,GAM,GAM,Data,Pequivalent,BRA,128638.611551476
219900,1958,6-12m,UP,Pots_and_Traps,LatinAmerica,76,557,1725.32723077688,0,402.711,1247.41158785168,0,124497.155489897,0,NA,0.0314346930433566,0.723,Data,GAM,Data,Pequivalent,BRA,133471.335080868
219901,1959,6-12m,UP,Pots_and_Traps,LatinAmerica,76,594,1839.62187979585,0,429.462,1330.0466190924,0,132767.164023336,0,NA,0.0315877361936558,0.723,Data,GAM,Data,Pequivalent,BRA,143442.546018357
219902,1960,6-12m,UP,Pots_and_Traps,LatinAmerica,76,601,1860.95347138036,0,434.523,1345.469359808,0,134331.760232366,0,NA,0.0317550860855156,0.723,Data,AIC,Data,Pequivalent,BRA,146259.721711781
219903,1961,6-12m,UP,Pots_and_Traps,LatinAmerica,76,588,1820.30969134188,0,425.124,1316.08390684018,0,131426.081558454,0,NA,0.0319472618057869,0.723,Data,GAM,Data,Pequivalent,BRA,144206.995136068
219904,1962,6-12m,UP,Pots_and_Traps,LatinAmerica,76,647,2002.58100088239,0,467.781,1447.86606363797,0,144613.39246313,0,NA,0.0321168797897333,0.723,Data,GAM,Data,Pequivalent,BRA,159908.670575853
219905,1963,6-12m,UP,Pots_and_Traps,LatinAmerica,76,680,2104.2189112251,0,491.64,1521.35027281575,0,151989.346019981,0,NA,0.0323312686560026,0.723,Data,GAM,Data,Pequivalent,BRA,169369.566286289
219906,1964,6-12m,UP,Pots_and_Traps,LatinAmerica,76,677,2094.39927677833,0,489.471,1514.25067711074,0,151318.80478754,0,NA,0.0325609811550856,0.723,Data,GAM,Data,Pequivalent,BRA,169931.488673693
219907,1965,6-12m,UP,Pots_and_Traps,LatinAmerica,76,705,2180.5433442153,0,509.715,1576.53283786767,0,157577.189623657,0,NA,0.0327577026215956,0.723,Data,GAM,Data,Pequivalent,BRA,178333.544268826
219908,1966,6-12m,UP,Pots_and_Traps,LatinAmerica,76,709,2192.38238179262,0,512.607,1585.09246203607,0,158471.244600245,0.0292161106674869,NA,0.0329758299750808,0.723,GAM,GAM,Data,Pequivalent,BRA,180737.757647403
219909,1967,6-12m,UP,Pots_and_Traps,LatinAmerica,76,717,2216.55107760661,0,518.391,1602.56642910958,0,160259.354553422,0.0292161106674869,NA,0.0332062951263302,0.723,GAM,GAM,Data,Pequivalent,BRA,184196.1468079
219910,1968,6-12m,UP,Pots_and_Traps,LatinAmerica,76,722,2231.3907596332,0,522.006,1613.2955192148,0,161376.923274156,0.0292161106674869,NA,0.0334547600254339,0.723,GAM,GAM,Data,Pequivalent,BRA,186920.66331737
219911,1969,6-12m,UP,Pots_and_Traps,LatinAmerica,76,723,2233.9007834231,0,522.729,1615.1102664149,0,161600.437018303,0.0292161106674869,NA,0.033688180666604,0.723,GAM,GAM,Data,Pequivalent,BRA,188632.770717415
219912,1970,6-12m,UP,Pots_and_Traps,LatinAmerica,76,720,2224.08114897633,0,520.56,1608.01067070989,0,160929.895785862,0.0292161106674869,NA,0.0339104900333708,0.723,GAM,AIC,Data,Pequivalent,BRA,189308.482277405
219913,1971,6-12m,UP,Pots_and_Traps,LatinAmerica,76,715,2207.93314519142,0,516.945,1596.3356639734,0,159812.327065127,0.0292161106674869,NA,0.0341966140198958,0.723,GAM,GAM,Data,Pequivalent,BRA,189453.37644674
219914,1972,6-12m,UP,Pots_and_Traps,LatinAmerica,76,706,2179.61902338964,0,510.438,1575.86455391071,0,157800.703367804,0.0292161106674869,NA,0.0344118819294723,0.723,GAM,GAM,Data,Pequivalent,BRA,188521.002087685
219915,1973,6-12m,UP,Pots_and_Traps,LatinAmerica,76,897,7657.05509732806,0,648.531,5536.05083536819,0,199699.572469158,0.0292161106674869,NA,0.0430418017562317,0.723,GAM,GAM,Data,Pequivalent,BRA,240428.900670721
219916,1974,6-12m,UP,Pots_and_Traps,LatinAmerica,76,881,7472.85104572237,0,636.963,5402.87130605727,0,196144.20140572,0.0292161106674869,NA,0.043205091101475,0.723,GAM,GAM,Data,Pequivalent,BRA,237981.797172844
219917,1975,6-12m,UP,Pots_and_Traps,LatinAmerica,76,862,7257.18818605054,0,623.226,5246.94705851454,0,191921.763916993,0.0292161106674869,NA,0.0433987395316965,0.723,GAM,GAM,Data,Pequivalent,BRA,234666.568839347
219918,1976,6-12m,UP,Pots_and_Traps,LatinAmerica,76,650,5567.87069509995,0,469.95,4025.57051255726,0,144707.115708285,0.0292161106674869,NA,0.0429530773602691,0.723,GAM,GAM,Data,Pequivalent,BRA,178309.965020033
219919,1977,6-12m,UP,Pots_and_Traps,LatinAmerica,76,631,5364.52564186787,0,456.213,3878.55203907047,0,140482.940815982,0.0292161106674869,NA,0.0431462856947037,0.723,GAM,GAM,Data,Pequivalent,BRA,174448.824832563
219920,1978,6-12m,UP,Pots_and_Traps,LatinAmerica,76,610,5156.63179184471,0,441.03,3728.24478550373,0,135811.738435384,0.0292161106674869,NA,0.0432927653284953,0.723,GAM,GAM,Data,Pequivalent,BRA,169957.563790671
219921,1979,6-12m,UP,Pots_and_Traps,LatinAmerica,76,587,4931.87133859072,0,424.401,3565.74297780109,0,130695.245970069,0.0292161106674869,NA,0.0434518831884539,0.723,GAM,GAM,Data,Pequivalent,BRA,164824.478344211
219922,1980,6-12m,UP,Pots_and_Traps,LatinAmerica,76,563,4704.83648694119,0,407.049,3401.59678005848,0,125355.239760606,0.0292161106674869,NA,0.0435923765986196,0.723,GAM,AIC,Data,Pequivalent,BRA,159317.374954597
219923,1981,6-12m,UP,Pots_and_Traps,LatinAmerica,76,547,4459.04340313674,0,395.481,3223.88838046786,0,121808.555715048,0.0292161106674869,NA,0.0442502843123222,0.723,GAM,GAM,Data,Pequivalent,BRA,156011.701920125
219924,1982,6-12m,UP,Pots_and_Traps,LatinAmerica,76,745,5771.62073623671,0,538.635,4172.88179229914,0,165942.658805829,0.0292161106674869,NA,0.0456518164977142,0.723,GAM,GAM,Data,Pequivalent,BRA,214188.503098306
219925,1983,6-12m,UP,Pots_and_Traps,LatinAmerica,76,713,2190.97466156699,0,515.499,1584.07468031293,0,159365.299576833,0.0292161106674869,NA,0.0386205178668571,0.723,GAM,GAM,Data,Pequivalent,BRA,207295.848949543
219926,1984,6-12m,UP,Pots_and_Traps,LatinAmerica,76,680,2089.17321100448,0,491.64,1510.47223155624,0,151989.346019982,0.0292161106674869,NA,0.0387917002823428,0.723,GAM,GAM,Data,Pequivalent,BRA,199236.41521712
219927,1985,6-12m,UP,Pots_and_Traps,LatinAmerica,76,647,1987.53530066177,0,467.781,1436.98802237846,0,144613.392463129,0.0292161106674869,NA,0.0389060598612373,0.723,GAM,GAM,Data,Pequivalent,BRA,191039.34378039
219928,1986,6-12m,UP,Pots_and_Traps,LatinAmerica,76,613,4670.7427294413,0,443.199,3376.94699338606,0,136551.775810871,0.0292161106674869,NA,0.0461248366347312,0.723,GAM,GAM,Data,Pequivalent,BRA,181790.166071658
219929,1987,6-12m,UP,Pots_and_Traps,LatinAmerica,76,580,4398.60267935238,0,419.34,3180.18973717177,0,129203.620711239,0.0292161106674869,NA,0.0462599080344597,0.723,GAM,GAM,Data,Pequivalent,BRA,173343.056018912
219930,1988,6-12m,UP,Pots_and_Traps,LatinAmerica,76,547,4138.78043570321,0,395.481,2992.33825501342,0,121853.728208029,0.0292161106674869,NA,0.0463265046637558,0.723,GAM,GAM,Data,Pequivalent,BRA,164751.476950847
219931,1989,6-12m,UP,Pots_and_Traps,LatinAmerica,76,516,3895.82479528488,0,373.068,2816.68132699097,0,114949.125789537,0.0292161106674869,NA,0.0463888298928516,0.723,GAM,GAM,Data,Pequivalent,BRA,156622.769329725
219932,1991,6-12m,UP,Pots_and_Traps,LatinAmerica,76,456,3426.78011767906,0,329.688,2477.56202508196,0,101585.211037271,0.0292161106674869,NA,0.0465244457501932,0.723,GAM,GAM,Data,Pequivalent,BRA,140571.466118954
219933,1994,6-12m,UP,Pots_and_Traps,LatinAmerica,76,263,2063.98574435804,0,190.149,1492.26169317086,0,58577.3636851062,0.0292161106674869,NA,0.0452895026860928,0.723,GAM,GAM,Data,Pequivalent,BRA,82960.7560494576
219934,1995,6-12m,UP,Pots_and_Traps,LatinAmerica,76,246,1926.77852011581,0,177.858,1393.06087004373,0,54791.529263216,0.0292161106674869,NA,0.0453443775411333,0.723,GAM,GAM,Data,Pequivalent,BRA,78201.4907152246
219935,1996,6-12m,UP,Pots_and_Traps,LatinAmerica,76,231,1806.43789910441,0,167.013,1306.05460105249,0,51450.9849260436,0.0292161106674869,NA,0.0453884986968576,0.723,GAM,GAM,Data,Pequivalent,BRA,74003.8021501107
219936,1997,6-12m,UP,Pots_and_Traps,LatinAmerica,76,216,1686.09727809302,0,156.168,1219.04833206125,0,48110.4405888713,0.0292161106674869,NA,0.0454389179082737,0.723,GAM,GAM,Data,Pequivalent,BRA,69736.220356558
219937,1998,6-12m,UP,Pots_and_Traps,LatinAmerica,76,202,1580.34886191692,0,146.046,1142.59222716593,0,44991.6725922698,0.0292161106674869,NA,0.0453762301195261,0.723,GAM,GAM,Data,Pequivalent,BRA,65721.8742987406
219938,1999,6-12m,UP,Pots_and_Traps,LatinAmerica,76,190,584.023364044417,0,137.37,422.248892204113,0,42467.6113879359,0.0292161106674869,NA,0.0383526568351357,0.723,GAM,GAM,Data,Pequivalent,BRA,62516.4584083445
219939,2000,6-12m,UP,Pots_and_Traps,LatinAmerica,76,178,547.197929554165,0,128.694,395.624103067661,0,39785.4464581715,0.0292161106674869,NA,0.0382532185708035,0.723,GAM,GAM,Data,Pequivalent,BRA,59022.757971671
219940,2001,6-12m,UP,Pots_and_Traps,LatinAmerica,76,160,491.878007708894,0,115.68,355.62779957353,0,35762.199063525,0,NA,0.0382262319632116,0.723,Data,GAM,Data,Pequivalent,BRA,53466.0635215085
219941,2002,6-12m,UP,Pots_and_Traps,LatinAmerica,76,159,488.713823039829,0,114.957,353.340094057796,0,35538.685319378,0.0292161106674869,NA,0.0383924204012526,0.723,GAM,GAM,Data,Pequivalent,BRA,53544.40320085
219942,2003,6-12m,UP,Pots_and_Traps,LatinAmerica,76,150,461.053862117193,0,108.45,333.341942310731,0,33527.0616220548,0.0292161106674869,NA,0.0383863761135305,0.723,GAM,GAM,Data,Pequivalent,BRA,50905.7625871626
219943,2004,6-12m,UP,Pots_and_Traps,LatinAmerica,76,135,414.899413839537,0,97.605,299.972276205985,0,30174.3554598493,0,NA,0.038493170442288,0.723,Data,Data,Data,Pequivalent,BRA,46170.8837940808
219944,2005,6-12m,UP,Pots_and_Traps,LatinAmerica,76,150,461.217402336983,0,108.45,333.460181889639,0,33527.0616220547,0,NA,0.0380661445974142,0.723,Data,Data,Data,Pequivalent,BRA,51699.2697827339
219945,2006,6-12m,UP,Pots_and_Traps,LatinAmerica,76,379,2931.38847378876,0,274.017,2119.39386654927,0,84419.8252309301,0.0292161106674869,NA,0.0456978372314298,0.723,GAM,Data,Data,Pequivalent,BRA,131187.391194441
219946,2007,6-12m,UP,Pots_and_Traps,LatinAmerica,76,208,1532.40622009142,0,150.384,1107.92969712609,0,46341.4420750327,0.0292161106674869,NA,0.0471072799712469,0.723,GAM,Data,Data,Pequivalent,BRA,72573.1413235449
219947,2008,6-12m,UP,Pots_and_Traps,LatinAmerica,76,181,1335.50159257451,0,130.863,965.56765143137,0,40325.6824224007,0.0292161106674869,NA,0.0470625202413341,0.723,GAM,Data,Data,Pequivalent,BRA,63642.4417722591
219948,2009,6-12m,UP,Pots_and_Traps,LatinAmerica,76,175,1284.901782882,0,126.525,928.983989023687,0,38989.812168247,0.0292161106674869,NA,0.0472085345656806,0.723,GAM,Data,Data,Pequivalent,BRA,62011.8919930841
219949,2010,6-12m,UP,Pots_and_Traps,LatinAmerica,76,146,1071.13055213426,0,105.558,774.427389193068,0,32528.7624308971,0.0292161106674869,NA,0.0472320252551558,0.723,GAM,Data,Data,Pequivalent,BRA,52137.4888881721
219950,2011,6-12m,UP,Pots_and_Traps,LatinAmerica,76,139,1018.25634404621,0,100.497,736.199336745408,0,30969.3784325963,0.0292161106674869,NA,0.0472764883645156,0.723,GAM,Data,Data,Pequivalent,BRA,50023.4671085052
219951,2012,6-12m,UP,Pots_and_Traps,LatinAmerica,76,132,965.382135958157,0,95.436,697.971284297748,0,29409.9944342955,0.0292161106674869,NA,0.047325821983923,0.723,GAM,Data,Data,Pequivalent,BRA,47873.4772466547
219952,2013,6-12m,UP,Pots_and_Traps,LatinAmerica,76,127,929.374531100943,0,91.821,671.937785985982,0,28295.9005207127,0.0292161106674869,NA,0.0473078047514527,0.723,GAM,Data,Data,Pequivalent,BRA,46417.5572268478
219953,2014,6-12m,UP,Pots_and_Traps,LatinAmerica,76,120,876.500323012893,0,86.76,633.709733538322,0,26736.5165224119,0.0292161106674869,NA,0.0473640302002561,0.723,GAM,Data,Data,Pequivalent,BRA,44200.0046413097
219954,2015,6-12m,UP,Pots_and_Traps,LatinAmerica,76,93,285.765082793974,0,67.239,206.608154860043,0,20786.778205674,0.0292161106674869,NA,0.0386654725907677,0.723,GAM,GAM,Data,Pequivalent,BRA,34630.8702341908
219955,2016,6-12m,UP,Pots_and_Traps,LatinAmerica,76,89,273.435424557293,0,64.347,197.693811954923,0,19892.7232290858,0.0292161106674869,NA,0.0387932896740079,0.723,GAM,GAM,Data,Pequivalent,BRA,33398.6716184872
219956,2017,6-12m,UP,Pots_and_Traps,LatinAmerica,76,83,632.21609866106,0,60.009,457.092239331946,0,18489.0942354619,0.0292161106674869,NA,0.0461339604263914,0.723,GAM,GAM,Data,Pequivalent,BRA,31283.0666611476
219957,1950,Less than 6m,UP,Pots_and_Traps,LatinAmerica,76,1251,1067.53155401776,0,904.473,771.82531355484,0,281739.76656297,0.0292161106674869,NA,0.0100450508117196,0.723,GAM,AIC,Data,Pequivalent,BRA,283927.122524299
219958,1951,Less than 6m,UP,Pots_and_Traps,LatinAmerica,76,1304,1112.75871018318,0,942.792,804.524547462439,0,293675.983691537,0.0292161106674869,NA,0.0100450508117196,0.723,GAM,GAM,Data,Pequivalent,BRA,298253.736668457
219959,1952,Less than 6m,UP,Pots_and_Traps,LatinAmerica,76,1360,1160.54589405608,0,983.28,839.074681402546,0,306287.83575191,0.0292161106674869,NA,0.0100450508117196,0.723,GAM,GAM,Data,Pequivalent,BRA,313477.187071229
219960,1953,Less than 6m,UP,Pots_and_Traps,LatinAmerica,76,1417,1209.18642049813,0,1024.491,874.241782020148,0,319124.899456218,0.0292161106674869,NA,0.0100450508117196,0.723,GAM,GAM,Data,Pequivalent,BRA,329151.329466905
219961,1954,Less than 6m,UP,Pots_and_Traps,LatinAmerica,76,1477,1260.38697464766,0,1067.871,911.259782670258,0,332637.598092332,0.0292161106674869,NA,0.0100450508117196,0.723,GAM,GAM,Data,Pequivalent,BRA,345752.229547344
219962,1955,Less than 6m,UP,Pots_and_Traps,LatinAmerica,76,1540,1314.14755650467,0,1113.42,950.128683352876,0,346825.931660251,0.0292161106674869,NA,0.0100450508117196,0.723,GAM,GAM,Data,Pequivalent,BRA,363298.785030558
219963,1956,Less than 6m,UP,Pots_and_Traps,LatinAmerica,76,1605,1369.6148235,0,1160.415,990.2315173905,0,361464.688516041,0.0292161106674869,NA,0.0100450508117196,0.723,GAM,GAM,Data,Pequivalent,BRA,381572.433703638
219964,1957,Less than 6m,UP,Pots_and_Traps,LatinAmerica,76,1673,1427.6421182028,0,1209.579,1032.18525146062,0,376779.080303636,0.0292161106674869,NA,0.0100450508117196,0.723,GAM,GAM,Data,Pequivalent,BRA,400826.68495742
219965,1958,Less than 6m,UP,Pots_and_Traps,LatinAmerica,76,1732,1477.98932978318,0,1252.236,1068.58628543324,0,390066.567295815,0,NA,0.0100450508117196,0.723,Data,GAM,Data,Pequivalent,BRA,418183.89586908
219966,1959,Less than 6m,UP,Pots_and_Traps,LatinAmerica,76,1859,1586.36383606636,0,1344.057,1146.94105347598,0,418668.446075588,0,NA,0.0100450508117196,0.723,Data,GAM,Data,Pequivalent,BRA,452332.233533856
219967,1960,Less than 6m,UP,Pots_and_Traps,LatinAmerica,76,1898,1619.64419626355,0,1372.254,1171.00275389855,0,427451.700189062,0,NA,0.0100450508117196,0.723,Data,AIC,Data,Pequivalent,BRA,465407.187449455
219968,1961,Less than 6m,UP,Pots_and_Traps,LatinAmerica,76,1875,1600.0173171729,0,1355.625,1156.81252031601,0,422271.832378552,0,NA,0.0100450508117196,0.723,Data,GAM,Data,Pequivalent,BRA,463336.891397988
219969,1962,Less than 6m,UP,Pots_and_Traps,LatinAmerica,76,2081,1775.80588641963,0,1504.563,1283.90765588139,0,468665.431029209,0,NA,0.0100450508117196,0.723,Data,GAM,Data,Pequivalent,BRA,518234.61675479
219970,1963,Less than 6m,UP,Pots_and_Traps,LatinAmerica,76,2211,1886.74042041028,0,1598.553,1364.11332395663,0,497942.944740789,0,NA,0.0100450508117196,0.723,Data,GAM,Data,Pequivalent,BRA,554883.501998737
219971,1964,Less than 6m,UP,Pots_and_Traps,LatinAmerica,76,2225,1898.68721637851,0,1608.675,1372.75085744166,0,501095.907755882,0,NA,0.0100450508117196,0.723,Data,GAM,Data,Pequivalent,BRA,562732.263797685
219972,1965,Less than 6m,UP,Pots_and_Traps,LatinAmerica,76,2343,1999.38163953925,0,1693.989,1445.55292538688,0,527670.881740239,0,NA,0.0100450508117196,0.723,Data,GAM,Data,Pequivalent,BRA,597176.652108954
219973,1966,Less than 6m,UP,Pots_and_Traps,LatinAmerica,76,2381,2031.80865716729,0,1721.463,1468.99765913195,0,536228.924209778,0.0292161106674869,NA,0.0100450508117196,0.723,GAM,GAM,Data,Pequivalent,BRA,611573.497714581
219974,1967,Less than 6m,UP,Pots_and_Traps,LatinAmerica,76,2431,2074.47578562523,0,1757.613,1499.84599300704,0,547489.506406539,0.0292161106674869,NA,0.0100450508117196,0.723,GAM,GAM,Data,Pequivalent,BRA,629264.093686507
219975,1968,Less than 6m,UP,Pots_and_Traps,LatinAmerica,76,2465,2103.48943297664,0,1782.195,1520.82286004211,0,555146.702300337,0.0292161106674869,NA,0.0100450508117196,0.723,GAM,GAM,Data,Pequivalent,BRA,643018.764561164
219976,1969,Less than 6m,UP,Pots_and_Traps,LatinAmerica,76,2485,2120.55628435981,0,1796.655,1533.16219359214,0,559650.935179041,0.0292161106674869,NA,0.0100450508117196,0.723,GAM,GAM,Data,Pequivalent,BRA,653268.694598011
219977,1970,Less than 6m,UP,Pots_and_Traps,LatinAmerica,76,2489,2123.96965463645,0,1799.547,1535.63006030215,0,560551.781754782,0.0292161106674869,NA,0.0100450508117196,0.723,GAM,AIC,Data,Pequivalent,BRA,659400.209785109
219978,1971,Less than 6m,UP,Pots_and_Traps,LatinAmerica,76,2478,2114.5828863757,0,1791.594,1528.84342684963,0,558074.453671495,0.0292161106674869,NA,0.0100450508117196,0.723,GAM,GAM,Data,Pequivalent,BRA,661582.817160578
219979,1972,Less than 6m,UP,Pots_and_Traps,LatinAmerica,76,2453,2093.24932214673,0,1773.519,1513.41925991209,0,552444.162573114,0.0292161106674869,NA,0.0100450508117196,0.723,GAM,GAM,Data,Pequivalent,BRA,659992.794094381
219980,1973,Less than 6m,UP,Pots_and_Traps,LatinAmerica,76,3220,2144.59400453768,0,2328.06,1550.54146528074,0,725181.493471436,0.0292161106674869,NA,0.417229956315952,0.723,GAM,GAM,Data,Pequivalent,BRA,873084.439322054
219981,1974,Less than 6m,UP,Pots_and_Traps,LatinAmerica,76,3155,2101.30251065726,0,2281.065,1519.2417152052,0,710542.736615644,0.0292161106674869,NA,0.417229956315952,0.723,GAM,GAM,Data,Pequivalent,BRA,862101.638570133
219982,1975,Less than 6m,UP,Pots_and_Traps,LatinAmerica,76,3077,2049.35271800075,0,2224.671,1481.68201511454,0,692976.228388696,0.0292161106674869,NA,0.417229956315952,0.723,GAM,GAM,Data,Pequivalent,BRA,847315.856650528
219983,1976,Less than 6m,UP,Pots_and_Traps,LatinAmerica,76,2242,1493.22352738307,0,1620.966,1079.60061029796,0,504924.505702781,0.0292161106674869,NA,0.417229956315952,0.723,GAM,GAM,Data,Pequivalent,BRA,622174.455685495
219984,1977,Less than 6m,UP,Pots_and_Traps,LatinAmerica,76,2169,1444.60384964044,0,1568.187,1044.44858329004,0,488484.05569551,0.0292161106674869,NA,0.417229956315952,0.723,GAM,GAM,Data,Pequivalent,BRA,606589.447591003
219985,1978,Less than 6m,UP,Pots_and_Traps,LatinAmerica,76,2093,1393.98610294949,0,1513.239,1007.85195243248,0,471367.970756432,0.0292161106674869,NA,0.417229956315952,0.723,GAM,GAM,Data,Pequivalent,BRA,589879.438122581
219986,1979,Less than 6m,UP,Pots_and_Traps,LatinAmerica,76,2014,1341.37028731021,0,1456.122,969.810717725282,0,453576.250885549,0.0292161106674869,NA,0.417229956315952,0.723,GAM,GAM,Data,Pequivalent,BRA,572021.333956208
219987,1980,Less than 6m,UP,Pots_and_Traps,LatinAmerica,76,1933,1287.42242570538,0,1397.559,930.80641378499,0,435334.107726795,0.0292161106674869,NA,0.417229956315952,0.723,GAM,AIC,Data,Pequivalent,BRA,553277.927621424
219988,1981,Less than 6m,UP,Pots_and_Traps,LatinAmerica,76,1852,1233.47456410055,0,1338.996,891.802109844698,0,417091.964568042,0.0292161106674869,NA,0.417229956315952,0.723,GAM,GAM,Data,Pequivalent,BRA,534209.004182699
219989,1982,Less than 6m,UP,Pots_and_Traps,LatinAmerica,76,2362,1573.14628531615,0,1707.726,1137.38476428358,0,531949.902975008,0.0292161106674869,NA,0.417229956315952,0.723,GAM,GAM,Data,Pequivalent,BRA,686607.978089742
219990,1983,Less than 6m,UP,Pots_and_Traps,LatinAmerica,76,2255,1924.28749345327,0,1630.365,1391.25985776671,0,507852.257073939,0.0292161106674869,NA,0.0100450508117196,0.723,GAM,GAM,Data,Pequivalent,BRA,660593.398002107
219991,1984,Less than 6m,UP,Pots_and_Traps,LatinAmerica,76,2151,1835.53986626075,0,1555.173,1327.09532330652,0,484430.246104675,0.0292161106674869,NA,0.0100450508117196,0.723,GAM,GAM,Data,Pequivalent,BRA,635019.152223694
219992,1985,Less than 6m,UP,Pots_and_Traps,LatinAmerica,76,2049,1748.49892420654,0,1481.427,1264.16472220133,0,461458.658423282,0.0292161106674869,NA,0.0100450508117196,0.723,GAM,GAM,Data,Pequivalent,BRA,609603.009689712
219993,1986,Less than 6m,UP,Pots_and_Traps,LatinAmerica,76,1949,1298.07879342979,0,1409.127,938.510967649738,0,438937.494029759,0.0292161106674869,NA,0.417229956315951,0.723,GAM,GAM,Data,Pequivalent,BRA,584353.586475987
219994,1987,Less than 6m,UP,Pots_and_Traps,LatinAmerica,76,1853,1234.14058708333,0,1339.719,892.283644461248,0,417317.176211978,0.0292161106674869,NA,0.417229956315952,0.723,GAM,GAM,Data,Pequivalent,BRA,559883.958789666
219995,1988,Less than 6m,UP,Pots_and_Traps,LatinAmerica,76,1760,1172.20044968519,0,1272.48,847.500925122392,0,396372.493326001,0.0292161106674869,NA,0.417229956315952,0.723,GAM,GAM,Data,Pequivalent,BRA,535912.644270211
219996,1989,Less than 6m,UP,Pots_and_Traps,LatinAmerica,76,1671,1112.92440421815,0,1208.133,804.644344249722,0,376328.657015766,0.0292161106674869,NA,0.417229956315952,0.723,GAM,GAM,Data,Pequivalent,BRA,512762.807329768
219997,1990,Less than 6m,UP,Pots_and_Traps,LatinAmerica,76,1586,1056.31245068222,0,1146.678,763.713901843245,0,357185.667281272,0.0292161106674869,NA,0.417229956315952,0.723,GAM,AIC,Data,Pequivalent,BRA,490458.177871292
219998,1991,Less than 6m,UP,Pots_and_Traps,LatinAmerica,76,1504,1001.69856609462,0,1087.392,724.22806328641,0,338718.312478582,0.0292161106674869,NA,0.417229956315952,0.723,GAM,GAM,Data,Pequivalent,BRA,468711.235624474
219999,1992,Less than 6m,UP,Pots_and_Traps,LatinAmerica,76,1070,913.076549,0,773.61,660.154344927,0,240976.459010694,0.0292161106674869,NA,0.0100450508117196,0.723,GAM,GAM,Data,Pequivalent,BRA,336047.010574602
220000,1993,Less than 6m,UP,Pots_and_Traps,LatinAmerica,76,1015,866.142707696262,0,733.845,626.221177664397,0,228589.818594256,0.0292161106674869,NA,0.0100450508117196,0.723,GAM,GAM,Data,Pequivalent,BRA,321248.443077005
220001,1994,Less than 6m,UP,Pots_and_Traps,LatinAmerica,76,963,641.380132412976,0,696.249,463.717835734582,0,216878.813109624,0.0292161106674869,NA,0.417229956315952,0.723,GAM,GAM,Data,Pequivalent,BRA,307156.70994354
220002,1995,Less than 6m,UP,Pots_and_Traps,LatinAmerica,76,914,608.745006256968,0,660.822,440.122639523788,0,205843.442556798,0.0292161106674869,NA,0.417229956315952,0.723,GAM,GAM,Data,Pequivalent,BRA,293791.107464163
220003,1996,Less than 6m,UP,Pots_and_Traps,LatinAmerica,76,868,578.107949049287,0,627.564,417.972047162634,0,195483.706935778,0.0292161106674869,NA,0.417229956315952,0.723,GAM,GAM,Data,Pequivalent,BRA,281171.246623169
220004,1997,Less than 6m,UP,Pots_and_Traps,LatinAmerica,76,825,549.468960789933,0,596.475,397.266058651122,0,185799.606246563,0.0292161106674869,NA,0.417229956315952,0.723,GAM,GAM,Data,Pequivalent,BRA,269317.057270292
220005,1998,Less than 6m,UP,Pots_and_Traps,LatinAmerica,76,785,522.828041478906,0,567.555,378.004673989249,0,176791.140489154,0.0292161106674869,NA,0.417229956315952,0.723,GAM,GAM,Data,Pequivalent,BRA,258248.792341085
220006,1999,Less than 6m,UP,Pots_and_Traps,LatinAmerica,76,748,638.300241730841,0,540.804,461.491074771398,0,168458.30966355,0.0292161106674869,NA,0.0100450508117196,0.723,GAM,GAM,Data,Pequivalent,BRA,247987.032127102
220007,2000,Less than 6m,UP,Pots_and_Traps,LatinAmerica,76,714,609.28659437944,0,516.222,440.514207736335,0,160801.113769752,0.0292161106674869,NA,0.0100450508117196,0.723,GAM,GAM,Data,Pequivalent,BRA,238552.688596457
220008,2001,Less than 6m,UP,Pots_and_Traps,LatinAmerica,76,652,556.379355091589,0,471.396,402.262273731219,0,146837.991845769,0,NA,0.0100450508117196,0.723,Data,GAM,Data,Pequivalent,BRA,219529.268472865
220009,2002,Less than 6m,UP,Pots_and_Traps,LatinAmerica,76,655,558.939382799066,0,473.565,404.113173763725,0,147513.626777574,0.0292161106674869,NA,0.0100450508117196,0.723,GAM,GAM,Data,Pequivalent,BRA,222251.58412068
220010,2003,Less than 6m,UP,Pots_and_Traps,LatinAmerica,76,629,536.752476000935,0,454.767,388.072040148676,0,141658.124035258,0.0292161106674869,NA,0.0100450508117196,0.723,GAM,GAM,Data,Pequivalent,BRA,215086.395341547
220011,2004,Less than 6m,UP,Pots_and_Traps,LatinAmerica,76,574,489.818634697197,0,415.002,354.138872886073,0,129271.483618821,0,NA,0.0100450508117196,0.723,Data,Data,Data,Pequivalent,BRA,197803.020382488
220012,2005,Less than 6m,UP,Pots_and_Traps,LatinAmerica,76,636,542.725873985047,0,459.828,392.390806891189,0,143234.605542805,0,NA,0.0100450508117196,0.723,Data,Data,Data,Pequivalent,BRA,220870.071993119
220013,2006,Less than 6m,UP,Pots_and_Traps,LatinAmerica,76,560,372.972870354379,0,404.88,269.659385266216,0,126118.520603728,0.0292161106674869,NA,0.417229956315952,0.723,GAM,Data,Data,Pequivalent,BRA,195986.661356455
220014,2007,Less than 6m,UP,Pots_and_Traps,LatinAmerica,76,719,478.870524615711,0,519.837,346.223389297159,0,161927.171989429,0.0292161106674869,NA,0.417229956315952,0.723,GAM,Data,Data,Pequivalent,BRA,253586.487832716
220015,2008,Less than 6m,UP,Pots_and_Traps,LatinAmerica,76,693,461.553927063543,0,501.039,333.703489266942,0,156071.669247113,0.0292161106674869,NA,0.417229956315952,0.723,GAM,Data,Data,Pequivalent,BRA,246314.049153972
220016,2009,Less than 6m,UP,Pots_and_Traps,LatinAmerica,76,667,444.237329511376,0,482.241,321.183589236725,0,150216.166504797,0.0292161106674869,NA,0.417229956315952,0.723,GAM,Data,Data,Pequivalent,BRA,238913.402627182
220017,2010,Less than 6m,UP,Pots_and_Traps,LatinAmerica,76,643,428.25277792476,0,464.889,309.626758439601,0,144811.087050351,0.0292161106674869,NA,0.417229956315952,0.723,GAM,Data,Data,Pequivalent,BRA,232104.939682563
220018,2011,Less than 6m,UP,Pots_and_Traps,LatinAmerica,76,620,412.934249320919,0,448.26,298.551462259024,0,139631.219239841,0.0292161106674869,NA,0.417229956315952,0.723,GAM,Data,Data,Pequivalent,BRA,225540.132107169
220019,2012,Less than 6m,UP,Pots_and_Traps,LatinAmerica,76,597,397.615720717079,0,431.631,287.476166078448,0,134451.351429331,0.0292161106674869,NA,0.417229956315951,0.723,GAM,Data,Data,Pequivalent,BRA,218859.399236341
220020,2013,Less than 6m,UP,Pots_and_Traps,LatinAmerica,76,576,383.629238078789,0,416.448,277.363939130964,0,129721.906906691,0.0292161106674869,NA,0.417229956315952,0.723,GAM,Data,Data,Pequivalent,BRA,212800.226414759
220021,2014,Less than 6m,UP,Pots_and_Traps,LatinAmerica,76,555,369.6427554405,0,401.265,267.251712183482,0,124992.462384051,0.0292161106674869,NA,0.417229956315952,0.723,GAM,Data,Data,Pequivalent,BRA,206633.777922144
220022,2015,Less than 6m,UP,Pots_and_Traps,LatinAmerica,76,535,456.5382745,0,386.805,330.0771724635,0,120488.229505347,0.0292161106674869,NA,0.0100450508117196,0.723,GAM,GAM,Data,Pequivalent,BRA,200733.956915368
220023,2016,Less than 6m,UP,Pots_and_Traps,LatinAmerica,76,515,439.471423116823,0,372.345,317.737838913463,0,115983.996626643,0.0292161106674869,NA,0.0100450508117196,0.723,GAM,GAM,Data,Pequivalent,BRA,194730.071480062
220024,2017,Less than 6m,UP,Pots_and_Traps,LatinAmerica,76,497,331.013422439511,0,359.331,239.322704423766,0,111930.187035808,0.0292161106674869,NA,0.417229956315952,0.723,GAM,GAM,Data,Pequivalent,BRA,189382.965863197
243534,1950,12-24m,APW,Trawl_Midwater_or_Unsp,LatinAmerica,76,31,828.46337818255,5426.520226772,22.413,598.979022425984,3923.37412395616,781649.801729045,0.0513454323196739,0.00188321083670941,0.00874136820450575,0.723,GAM,AIC,Data,AIC,BRA,789415.788801563
243535,1951,12-24m,APW,Trawl_Midwater_or_Unsp,LatinAmerica,76,32,845.649744803328,5526.2723986004,23.136,611.404765492806,3995.49494418809,796334.326976571,0.0513454323196739,0.00196576489842118,0.0091635005611232,0.723,GAM,GAM,Data,AIC,BRA,812236.701331545
243536,1952,12-24m,APW,Trawl_Midwater_or_Unsp,LatinAmerica,76,33,829.069858660357,5535.31217117902,23.859,599.417507811438,4002.03069976243,797711.785574522,0.0513454323196739,0.00205958261365158,0.00937656160646932,0.723,GAM,GAM,Data,AIC,BRA,821725.505428776
243537,1953,12-24m,APW,Trawl_Midwater_or_Unsp,LatinAmerica,76,34,889.780535669476,5762.82568726636,24.582,643.311327289031,4166.52297189358,829898.861145361,0.0513454323196739,0.00204423674070298,0.00890728174279382,0.723,GAM,GAM,Data,AIC,BRA,863375.088604823
243538,1954,12-24m,APW,Trawl_Midwater_or_Unsp,LatinAmerica,76,35,911.845931102549,5881.19843487994,25.305,659.264608187143,4252.1064684182,846698.837708142,0.0513454323196739,0.00209275294634465,0.00878847253887926,0.723,GAM,GAM,Data,AIC,BRA,889604.343756858
243539,1955,12-24m,APW,Trawl_Midwater_or_Unsp,LatinAmerica,76,38,973.163088589475,6288.27562187958,27.474,703.59691305019,4546.42327461894,905340.994781176,0.0513454323196739,0.00218735212586258,0.00893720231992086,0.723,GAM,GAM,Data,AIC,BRA,960668.838468702
243540,1956,12-24m,APW,Trawl_Midwater_or_Unsp,LatinAmerica,76,40,1051.06013221937,6630.75313272264,28.92,759.916475594604,4794.03451495847,954462.722343291,0.0513454323196739,0.00223369049104679,0.00890174112711317,0.723,GAM,GAM,Data,AIC,BRA,1022855.00570709
243541,1957,12-24m,APW,Trawl_Midwater_or_Unsp,LatinAmerica,76,42,1133.83620466156,7005.21935969562,30.366,819.763575970309,5064.77359705993,1007681.75964651,0.0513454323196739,0.00222998194740906,0.0084634566139105,0.723,GAM,GAM,Data,AIC,BRA,1090616.55878936
243542,1958,12-24m,APW,Trawl_Midwater_or_Unsp,LatinAmerica,76,43,1194.54688167068,7211.25092005762,31.089,863.657395447902,5213.73441520166,1036780.36004934,0,0.00224285723266372,0.00816031165429621,0.723,Data,GAM,Data,AIC,BRA,1133258.6374877
243543,1959,12-24m,APW,Trawl_Midwater_or_Unsp,LatinAmerica,76,43,1194.54688167068,7145.05876843424,31.089,863.657395447902,5165.87748957796,1027130.87151498,0,0.00229796794066561,0.00816031165429621,0.723,Data,GAM,Data,AIC,BRA,1133865.77090041
243544,1960,12-24m,APW,Trawl_Midwater_or_Unsp,LatinAmerica,76,51,1399.95726908672,8364.39456240707,36.873,1012.1691055497,6047.45726862031,1202217.59173362,0,0.00234771988411065,0.00811098194628128,0.723,Data,AIC,Data,AIC,BRA,1340332.43487526
243545,1961,12-24m,APW,Trawl_Midwater_or_Unsp,LatinAmerica,76,52,1460.66794609584,8535.35893291925,37.596,1056.06292502729,6171.06450850062,1226291.40866059,0,0.00237849505359857,0.00787771750626136,0.723,Data,GAM,Data,AIC,BRA,1380755.30511696
243546,1962,12-24m,APW,Trawl_Midwater_or_Unsp,LatinAmerica,76,54,1499.91970814969,8700.61589102868,39.042,1084.44194899223,6290.54528921374,1250180.19162982,0,0.00242151459620983,0.00806852851331717,0.723,Data,GAM,Data,AIC,BRA,1421638.69105069
243547,1963,12-24m,APW,Trawl_Midwater_or_Unsp,LatinAmerica,76,53,1477.85431271662,8429.28606631094,38.319,1068.48866809412,6094.37382594281,1211142.32885077,0,0.00250916434162566,0.00812931141100533,0.723,Data,GAM,Data,AIC,BRA,1390930.37138425
243548,1964,12-24m,APW,Trawl_Midwater_or_Unsp,LatinAmerica,76,50,1421.41618404199,7962.58990857463,36.15,1027.68390106236,5756.95250389946,1143408.49957201,0,0.00252254253128316,0.00767636818068871,0.723,Data,GAM,Data,AIC,BRA,1326188.35419667
243549,1965,12-24m,APW,Trawl_Midwater_or_Unsp,LatinAmerica,76,52,1460.66794609584,8098.24768881705,37.596,1056.06292502729,5855.03307901473,1163066.32450362,0,0.00264304052419866,0.00787771750626136,0.723,Data,GAM,Data,AIC,BRA,1362391.29864685
243550,1966,12-24m,APW,Trawl_Midwater_or_Unsp,LatinAmerica,76,59,1677.77919084256,9015.65983536301,42.657,1213.03435497917,6518.32206096746,1294950.55618037,0.0513454323196739,0.00280103063132129,0.00805122127955112,0.723,GAM,GAM,Data,AIC,BRA,1531948.45377177
243551,1967,12-24m,APW,Trawl_Midwater_or_Unsp,LatinAmerica,76,61,1717.03095289641,9103.53601750709,44.103,1241.41337894411,6581.85654065763,1307735.34162492,0.0513454323196739,0.0029510489922213,0.00821393870798128,0.723,GAM,GAM,Data,AIC,BRA,1562443.82901961
243552,1968,12-24m,APW,Trawl_Midwater_or_Unsp,LatinAmerica,76,65,1882.5830977808,9685.65008336511,46.995,1361.10757969551,7002.72501027297,1390613.92537969,0.0513454323196739,0.00298135373138916,0.00774648601847357,0.723,GAM,GAM,Data,AIC,BRA,1677972.01186759
243553,1969,12-24m,APW,Trawl_Midwater_or_Unsp,LatinAmerica,76,66,1904.64849321387,9661.08202728136,47.718,1377.06086059363,6984.96230572442,1387010.42641777,0.0513454323196739,0.00309567873224438,0.00770305423944053,0.723,GAM,GAM,Data,AIC,BRA,1690251.96933806
243554,1970,12-24m,APW,Trawl_Midwater_or_Unsp,LatinAmerica,76,70,2026.67632770991,10067.6597159938,50.61,1465.28698493427,7278.91797466354,1445300.61240357,0.0513454323196739,0.00322266041587177,0.00765141144679158,0.723,GAM,AIC,Data,AIC,BRA,1778785.16090745
243555,1971,12-24m,APW,Trawl_Midwater_or_Unsp,LatinAmerica,76,75,2165.89052882674,10527.9337493801,54.225,1565.93885234173,7611.6961008018,1511583.12460812,0.0513454323196739,0.0034078109304389,0.00777946369374965,0.723,GAM,GAM,Data,AIC,BRA,1878844.90807383
243556,1972,12-24m,APW,Trawl_Midwater_or_Unsp,LatinAmerica,76,78,2265.8529678897,10736.5911222991,56.394,1638.21169578425,7762.55538142226,1541549.24063313,0.0513454323196739,0.00356816573581121,0.0077659864875508,0.723,GAM,GAM,Data,AIC,BRA,1935128.83903628
243557,1973,12-24m,APW,Trawl_Midwater_or_Unsp,LatinAmerica,76,80,1356.44013527303,10866.9882659805,57.84,980.706217802404,7856.8325163039,1581068.4990078,0.0513454323196739,0.00440501373802896,0.0105910633800637,0.723,GAM,GAM,Data,AIC,BRA,2010623.52986313
243558,1974,12-24m,APW,Trawl_Midwater_or_Unsp,LatinAmerica,76,85,1442.38401163746,11296.6602753034,61.455,1042.84364041388,8167.48537904437,1643087.37556134,0.0513454323196739,0.00458675936466611,0.0106330142267093,0.723,GAM,GAM,Data,AIC,BRA,2134978.64703901
243559,1975,12-24m,APW,Trawl_Midwater_or_Unsp,LatinAmerica,76,91,1551.27846378789,11888.4034680485,65.793,1121.57432931865,8595.31570739904,1728331.85404296,0.0513454323196739,0.00467347743815336,0.0105908169813962,0.723,GAM,GAM,Data,AIC,BRA,2253153.72677939
243560,1976,12-24m,APW,Trawl_Midwater_or_Unsp,LatinAmerica,76,96,1617.40321110366,12405.4482694609,69.408,1169.38252162795,8969.13909882021,1803550.33513058,0.0513454323196739,0.00475323587641895,0.0107123307390062,0.723,GAM,GAM,Data,AIC,BRA,2358971.90740382
243561,1977,12-24m,APW,Trawl_Midwater_or_Unsp,LatinAmerica,76,102,1723.30103874844,12917.3104379822,73.746,1245.94665101512,9339.21544666115,1877683.67618818,0.0513454323196739,0.00491470692322792,0.0107723514463332,0.723,GAM,GAM,Data,AIC,BRA,2483525.64240401
243562,1978,12-24m,APW,Trawl_Midwater_or_Unsp,LatinAmerica,76,108,1835.19211540452,13635.214623352,78.084,1326.84389943747,9858.26017268353,1980914.56679079,0.0513454323196739,0.0048963318750325,0.0106315797316142,0.723,GAM,GAM,Data,AIC,BRA,2660857.53737769
243563,1979,12-24m,APW,Trawl_Midwater_or_Unsp,LatinAmerica,76,116,1944.35621201835,14541.7928564908,83.868,1405.76954128926,10513.7162352428,2113140.65081578,0.0513454323196739,0.004973958688748,0.0107952539459954,0.723,GAM,GAM,Data,AIC,BRA,2858422.81514718
243564,1980,12-24m,APW,Trawl_Midwater_or_Unsp,LatinAmerica,76,124,2073.33943768084,15396.5544950595,89.652,1499.02441344325,11131.708899928,2237452.80197464,0.0513454323196739,0.0050625215660232,0.0108725763213921,0.723,GAM,AIC,Data,AIC,BRA,3049447.51884363
243565,1981,12-24m,APW,Trawl_Midwater_or_Unsp,LatinAmerica,76,135,2268.17776619569,16658.961837982,97.605,1639.89252495948,12044.429408861,2420510.61331013,0.0513454323196739,0.00505104628651863,0.0108482256092419,0.723,GAM,GAM,Data,AIC,BRA,3321073.61436633
243566,1982,12-24m,APW,Trawl_Midwater_or_Unsp,LatinAmerica,76,143,2397.16099185817,17564.8854116403,103.389,1733.14739711346,12699.412152616,2552381.80866136,0.0513454323196739,0.00507978529886848,0.0109122526290592,0.723,GAM,GAM,Data,AIC,BRA,3526614.60977122
243567,1983,12-24m,APW,Trawl_Midwater_or_Unsp,LatinAmerica,76,153,4499.27600224394,18821.059968481,110.619,3252.97654962237,13607.6263572117,2703939.16278061,0.0513454323196739,0.0044812622769359,0.00787038666100755,0.723,GAM,GAM,Data,AIC,BRA,3790408.03794226
243568,1984,12-24m,APW,Trawl_Midwater_or_Unsp,LatinAmerica,76,167,4933.49849173737,20400.1625004095,120.741,3566.91940952612,14749.3174877961,2931435.95665812,0.0513454323196739,0.00418601684843197,0.00798904186270124,0.723,GAM,GAM,Data,AIC,BRA,4150384.27900928
243569,1985,12-24m,APW,Trawl_Midwater_or_Unsp,LatinAmerica,76,180,5273.24405145794,22025.6846728891,130.14,3812.55544920409,15924.5700184988,3165624.9950412,0.0513454323196739,0.00378485499455399,0.00811314868269368,0.723,GAM,GAM,Data,AIC,BRA,4526977.22877257
243570,1986,12-24m,APW,Trawl_Midwater_or_Unsp,LatinAmerica,76,196,3260.00084670316,24069.7503980342,141.708,2356.98061216638,17402.4295377787,3499559.9835554,0.0513454323196739,0.00423039967653363,0.0111349897840695,0.723,GAM,GAM,Data,AIC,BRA,5024888.2571273
243571,1987,12-24m,APW,Trawl_Midwater_or_Unsp,LatinAmerica,76,211,3517.83247579644,25992.9274882304,152.553,2543.39288000083,18792.8865739906,3779483.65825564,0.0513454323196739,0.00412364713799156,0.0111467260622639,0.723,GAM,GAM,Data,AIC,BRA,5444413.07453524
243572,1988,12-24m,APW,Trawl_Midwater_or_Unsp,LatinAmerica,76,226,3755.84497584105,28032.7437851499,163.398,2715.47591753308,20267.6737566634,4076837.79906708,0.0513454323196739,0.00402615979140694,0.0111960583021925,0.723,GAM,GAM,Data,AIC,BRA,5903254.01809539
243573,1989,12-24m,APW,Trawl_Midwater_or_Unsp,LatinAmerica,76,247,4119.57443257911,30765.6319724482,178.581,2978.45231475469,22243.5519160801,4474875.89140993,0.0513454323196739,0.00418887362388032,0.0112149313473348,0.723,GAM,GAM,Data,AIC,BRA,6530778.20539952
243574,1990,12-24m,APW,Trawl_Midwater_or_Unsp,LatinAmerica,76,268,4463.4847602685,33639.7203299848,193.764,3227.09948167413,24321.517798579,4893947.30127914,0.0513454323196739,0.00392504708811408,0.0112640543939074,0.723,GAM,AIC,Data,AIC,BRA,7194104.44187345
243575,1991,12-24m,APW,Trawl_Midwater_or_Unsp,LatinAmerica,76,287,4761.49393638588,36279.6507248598,207.501,3442.56011600699,26230.1874740736,5279807.01315181,0.0513454323196739,0.00401092415519666,0.0113640353039751,0.723,GAM,GAM,Data,AIC,BRA,7818419.08272963
243576,1992,12-24m,APW,Trawl_Midwater_or_Unsp,LatinAmerica,76,310,9090.91871718782,39499.734955595,224.13,6572.73423252679,28558.3083728952,5683146.23069722,0.0513454323196739,0.00323803416196518,0.00853455242773384,0.723,GAM,GAM,Data,AIC,BRA,8499303.04294825
243577,1993,12-24m,APW,Trawl_Midwater_or_Unsp,LatinAmerica,76,334,9803.5696089149,42951.4198885275,241.482,7087.98082724547,31053.8765794054,6180615.00324256,0.0513454323196739,0.00316473582799847,0.00859634546186191,0.723,GAM,GAM,Data,AIC,BRA,9335116.91453941
243578,1994,12-24m,APW,Trawl_Midwater_or_Unsp,LatinAmerica,76,357,5910.08682486226,46285.9436915159,258.111,4272.99277437541,33464.737288966,6741126.51476097,0.0513454323196739,0.00372554176149908,0.0115530608537408,0.723,GAM,GAM,Data,AIC,BRA,10275010.9416719
243579,1995,12-24m,APW,Trawl_Midwater_or_Unsp,LatinAmerica,76,383,6336.94440441043,50192.504464998,276.909,4581.61080438874,36289.1807281936,7311429.80961063,0.0513454323196739,0.00366253302929163,0.0115942250281566,0.723,GAM,GAM,Data,AIC,BRA,11252917.7201082
243580,1996,12-24m,APW,Trawl_Midwater_or_Unsp,LatinAmerica,76,408,6737.85478366694,53951.7664796425,294.984,4871.4690085912,39007.1271647815,7861276.79304623,0.0513454323196739,0.00390428374857745,0.0116785071852813,0.723,GAM,GAM,Data,AIC,BRA,12228488.7965435
243581,1997,12-24m,APW,Trawl_Midwater_or_Unsp,LatinAmerica,76,433,7161.58091647776,57835.5307496914,313.059,5177.82300261342,41815.0887320269,8428355.6874531,0.0513454323196739,0.00386130819813622,0.0117058897028564,0.723,GAM,GAM,Data,AIC,BRA,13218389.1912461
243582,1998,12-24m,APW,Trawl_Midwater_or_Unsp,LatinAmerica,76,459,7582.44524701463,61863.0861938956,331.857,5482.10791359157,44727.0113181865,9017448.08868902,0.0513454323196739,0.00425903026612062,0.0117793006760841,0.723,GAM,GAM,Data,AIC,BRA,14281348.2866765
243583,1999,12-24m,APW,Trawl_Midwater_or_Unsp,LatinAmerica,76,485,14059.4485368332,65985.0059388319,350.655,10164.9812921304,47707.1592937755,9503469.79243631,0.0513454323196739,0.00276915884479919,0.00923631868076024,0.723,GAM,GAM,Data,AIC,BRA,15200621.4844106
243584,2000,12-24m,APW,Trawl_Midwater_or_Unsp,LatinAmerica,76,511,14719.4235410252,70088.9521421386,369.453,10642.1432201612,50674.3123987662,10096189.071713,0.0513454323196739,0.00275898883548518,0.0093937732527547,0.723,GAM,GAM,Data,AIC,BRA,16309107.9485245
243585,2001,12-24m,APW,Trawl_Midwater_or_Unsp,LatinAmerica,76,535,15340.1467831633,73934.3523381396,386.805,11090.926124227,53454.5367404749,10651534.2246051,0.0513454323196739,0.00268601736214808,0.00952330468093067,0.723,GAM,GAM,Data,AIC,BRA,17377147.42642
243586,2002,12-24m,APW,Trawl_Midwater_or_Unsp,LatinAmerica,76,560,16021.5807023105,77924.2123872965,404.88,11583.6028477705,56339.2055560154,11227436.0044047,0.0513454323196739,0.00389955054304081,0.00961569025890959,0.723,GAM,GAM,Data,AIC,BRA,18327219.7014256
243587,2003,12-24m,APW,Trawl_Midwater_or_Unsp,LatinAmerica,76,581,16498.8171949973,81245.7294149608,420.063,11928.644831983,58740.6623670167,11708017.4490421,0.0513454323196739,0.00310743203963695,0.00978766601626834,0.723,GAM,GAM,Data,AIC,BRA,19174770.3410509
243588,2004,12-24m,APW,Trawl_Midwater_or_Unsp,LatinAmerica,76,613,17271.6684565385,86062.0182932726,443.199,12487.4162940773,62222.8392260361,12404231.3154471,0,0.00196381598986661,0.0099644999970808,0.723,Data,Data,Data,AIC,BRA,20382031.9807181
243589,2005,12-24m,APW,Trawl_Midwater_or_Unsp,LatinAmerica,76,607,16979.8159288236,85568.3028282984,438.861,12276.4069165394,61865.8829448597,12334773.4958427,0,0.00282519832644805,0.010114321804795,0.723,Data,Data,Data,AIC,BRA,20334786.3338398
243590,2006,12-24m,APW,Trawl_Midwater_or_Unsp,LatinAmerica,76,633,10754.4172759713,89619.9962041284,457.659,7775.44369052727,64795.2572555848,13060702.981108,0.0513454323196739,0.00441226966455888,0.0117653413335055,0.723,GAM,Data,Data,AIC,BRA,21782534.5317999
243591,2007,12-24m,APW,Trawl_Midwater_or_Unsp,LatinAmerica,76,645,11045.4894474555,91568.992003354,466.335,7985.88887051035,66204.3812184249,13341885.2526746,0.0513454323196739,0.003265462343496,0.0117061956419066,0.723,GAM,Data,Data,AIC,BRA,22460652.0320261
243592,2008,12-24m,APW,Trawl_Midwater_or_Unsp,LatinAmerica,76,655,11296.653716379,93345.6494114643,473.565,8167.48063694203,67488.9045244887,13597796.2239606,0.0513454323196739,0.00398598762662456,0.0116439552821592,0.723,GAM,Data,Data,AIC,BRA,23106650.0740014
243593,2009,12-24m,APW,Trawl_Midwater_or_Unsp,LatinAmerica,76,660,11484.6898624924,94457.4923197444,477.18,8303.430770582,68292.7669471752,13756104.7752597,0.0513454323196739,0.00385623913580028,0.0115573446928714,0.723,GAM,Data,Data,AIC,BRA,23595394.0354279
243594,2010,12-24m,APW,Trawl_Midwater_or_Unsp,LatinAmerica,76,663,11649.6406105881,95253.4346562337,479.349,8422.69016145516,68868.233256457,13868543.926973,0.0513454323196739,0.00363095848392749,0.0114692321173873,0.723,GAM,Data,Data,AIC,BRA,24011866.8316617
243595,2011,12-24m,APW,Trawl_Midwater_or_Unsp,LatinAmerica,76,666,11797.7688541407,96253.8019812974,481.518,8529.78688154374,69591.498832478,14010860.0321682,0.0513454323196739,0.00200257282519683,0.0113812215316537,0.723,GAM,Data,Data,AIC,BRA,24486299.3539448
243596,2012,12-24m,APW,Trawl_Midwater_or_Unsp,LatinAmerica,76,664,11856.9565968233,96435.9448464859,480.072,8572.57961950325,69723.1881240093,14035019.3002897,0.0513454323196739,0.00195912902057433,0.0113105156388723,0.723,GAM,Data,Data,AIC,BRA,24759089.7816886
243597,2013,12-24m,APW,Trawl_Midwater_or_Unsp,LatinAmerica,76,661,11919.0061417798,96585.5468249685,477.903,8617.44144050682,69831.3503544522,14053482.1250514,0.0513454323196739,0.00186645259297777,0.0112094018764557,0.723,GAM,Data,Data,AIC,BRA,25024701.5387889
243598,2014,12-24m,APW,Trawl_Midwater_or_Unsp,LatinAmerica,76,658,11958.2399331821,96709.6849469675,475.734,8645.80747169063,69921.1022166575,14069564.123466,0.0513454323196739,0.001811535762369,0.0111365136203553,0.723,GAM,Data,Data,AIC,BRA,25288839.7517503
243599,2015,12-24m,APW,Trawl_Midwater_or_Unsp,LatinAmerica,76,650,16269.0512110318,96058.9675257001,469.95,11762.524025576,69450.6335210812,13864557.1034833,0.0513454323196739,0.00160814156178852,0.0120653323319336,0.723,GAM,Data,Data,AIC,BRA,25167950.3386706
243600,2016,12-24m,APW,Trawl_Midwater_or_Unsp,LatinAmerica,76,644,15904.7871489771,95794.0586734214,465.612,11499.1611087105,69259.1044208837,13827895.9182469,0.0513454323196739,0.00158249014255857,0.0122844336028045,0.723,GAM,Data,Data,AIC,BRA,25350792.2212409
243601,2017,12-24m,APW,Trawl_Midwater_or_Unsp,LatinAmerica,76,636,11824.3725717702,95246.2241323296,459.828,8549.02136938984,68863.0200476743,13851382.7122893,0.0513454323196739,0.00156480197908555,0.0109148227766384,0.723,GAM,Data,Data,AIC,BRA,25632552.9457097
243602,1950,6-12m,APW,Trawl_Midwater_or_Unsp,LatinAmerica,76,4,12.6636646342485,86.922085943962,2.892,9.15582953056166,62.8446681374845,12885.5255714574,0.0513454323196739,0.041416401377216,0.0389562111743512,0.723,GAM,AIC,Data,AIC,BRA,13013.5481523999
243603,1951,6-12m,APW,Trawl_Midwater_or_Unsp,LatinAmerica,76,4,12.6636646342485,86.695501968586,2.892,9.15582953056166,62.6808479232877,12851.9362531952,0.0513454323196739,0.0415246456650595,0.0389562111743512,0.723,GAM,GAM,Data,AIC,BRA,13108.5826070709
243604,1952,6-12m,APW,Trawl_Midwater_or_Unsp,LatinAmerica,76,4,12.6636646342485,86.4694911653152,2.892,9.15582953056166,62.5174421125229,12818.4319032553,0.0513454323196739,0.0416331812698816,0.0389562111743512,0.723,GAM,GAM,Data,AIC,BRA,13204.3084043451
243605,1953,6-12m,APW,Trawl_Midwater_or_Unsp,LatinAmerica,76,4,12.6636646342485,86.2438383829852,2.892,9.15582953056166,62.3542951508983,12784.9806271451,0.0513454323196739,0.041742112451134,0.0389562111743512,0.723,GAM,GAM,Data,AIC,BRA,13300.697589268
243606,1954,6-12m,APW,Trawl_Midwater_or_Unsp,LatinAmerica,76,5,15.8295807928106,107.522531154645,3.615,11.4447869132021,77.7387900248083,15939.3819149051,0.0513454323196739,0.0418516933304688,0.0389562111743512,0.723,GAM,GAM,Data,AIC,BRA,16747.0920672113
243607,1955,6-12m,APW,Trawl_Midwater_or_Unsp,LatinAmerica,76,5,15.8295807928106,107.238657926669,3.615,11.4447869132021,77.5335496809817,15897.299908952,0.0513454323196739,0.0419624796412237,0.0389562111743512,0.723,GAM,GAM,Data,AIC,BRA,16868.8270235822
243608,1956,6-12m,APW,Trawl_Midwater_or_Unsp,LatinAmerica,76,6,18.9954969513728,128.341563180845,4.338,13.7337442958425,92.7909501797509,19025.6420596458,0.0513454323196739,0.0420752238492757,0.0389562111743512,0.723,GAM,GAM,Data,AIC,BRA,20388.9295641876
243609,1957,6-12m,APW,Trawl_Midwater_or_Unsp,LatinAmerica,76,6,18.9954969513728,127.988773961582,4.338,13.7337442958425,92.5358835742238,18973.3437921022,0.0513454323196739,0.0421912003127781,0.0389562111743512,0.723,GAM,GAM,Data,AIC,BRA,20534.8987586406
243610,1958,6-12m,APW,Trawl_Midwater_or_Unsp,LatinAmerica,76,7,22.1614131099349,148.893634023564,5.061,16.0227016784829,107.650097399037,22072.3272779572,0,0.0423120843366814,0.0389562111743512,0.723,Data,GAM,Data,AIC,BRA,24126.2821915435
243611,1959,6-12m,APW,Trawl_Midwater_or_Unsp,LatinAmerica,76,7,22.1614131099349,148.444446315862,5.061,16.0227016784829,107.325334686368,22005.7386816169,0,0.0424401192254425,0.0389562111743512,0.723,Data,GAM,Data,AIC,BRA,24292.4777615357
243612,1960,6-12m,APW,Trawl_Midwater_or_Unsp,LatinAmerica,76,10,31.6591615856213,211.37833346833,7.23,22.8895738264042,152.826535097603,31335.1996972803,0,0.0425776845352433,0.0389562111743512,0.723,Data,AIC,Data,AIC,BRA,34935.0939433469
243613,1961,6-12m,APW,Trawl_Midwater_or_Unsp,LatinAmerica,76,10,31.6591615856213,210.639521779412,7.23,22.8895738264042,152.292374246515,31225.6765903892,0,0.042727024463268,0.0389562111743512,0.723,Data,GAM,Data,AIC,BRA,35158.8686861457
243614,1962,6-12m,APW,Trawl_Midwater_or_Unsp,LatinAmerica,76,10,31.6591615856213,209.839354037925,7.23,22.8895738264042,151.71385296942,31107.0579242308,0,0.0428899528463732,0.0389562111743512,0.723,Data,GAM,Data,AIC,BRA,35373.2985100246
243615,1963,6-12m,APW,Trawl_Midwater_or_Unsp,LatinAmerica,76,11,34.8250777441834,229.870255396899,7.953,25.1785312090446,166.196194651958,34076.4838057817,0,0.0430677730918533,0.0389562111743512,0.723,Data,GAM,Data,AIC,BRA,39134.9679937455
243616,1964,6-12m,APW,Trawl_Midwater_or_Unsp,LatinAmerica,76,11,34.8250777441834,228.840343874676,7.953,25.1785312090446,165.451568621391,33923.8074047056,0,0.0432616025320331,0.0389562111743512,0.723,Data,GAM,Data,AIC,BRA,39346.706209523
243617,1965,6-12m,APW,Trawl_Midwater_or_Unsp,LatinAmerica,76,11,34.8250777441834,227.731968647929,7.953,25.1785312090446,164.650213332453,33759.4993675489,0,0.0434721574611481,0.0389562111743512,0.723,Data,GAM,Data,AIC,BRA,39545.1636901721
243618,1966,6-12m,APW,Trawl_Midwater_or_Unsp,LatinAmerica,76,12,37.9909939027456,247.139685489707,8.676,27.4674885916851,178.681992609058,36636.5429742747,0.0513454323196739,0.0436999827793736,0.0389562111743512,0.723,GAM,GAM,Data,AIC,BRA,43341.6512260762
243619,1967,6-12m,APW,Trawl_Midwater_or_Unsp,LatinAmerica,76,12,37.9909939027456,245.758685807542,8.676,27.4674885916851,177.683529838853,36431.8204745156,0.0513454323196739,0.0439455474971806,0.0389562111743512,0.723,GAM,GAM,Data,AIC,BRA,43527.6705221014
243620,1968,6-12m,APW,Trawl_Midwater_or_Unsp,LatinAmerica,76,13,41.1569100613077,264.650716346355,9.399,29.7564459743255,191.342467918415,39232.4175835356,0.0513454323196739,0.0442092134173101,0.0389562111743512,0.723,GAM,GAM,Data,AIC,BRA,47339.4501965025
243621,1969,6-12m,APW,Trawl_Midwater_or_Unsp,LatinAmerica,76,16,50.6546585369941,323.65870596695,11.568,36.6233181222467,234.005244414105,47979.8947168692,0.0513454323196739,0.0444913105518948,0.0389562111743512,0.723,GAM,GAM,Data,AIC,BRA,58469.7201904048
243622,1970,6-12m,APW,Trawl_Midwater_or_Unsp,LatinAmerica,76,17,53.8205746955562,341.578099976824,12.291,38.9122755048871,246.960966283244,50636.3059986705,0.0513454323196739,0.044792098793916,0.0389562111743512,0.723,GAM,AIC,Data,AIC,BRA,62319.9830821447
243623,1971,6-12m,APW,Trawl_Midwater_or_Unsp,LatinAmerica,76,18,56.9864908541183,359.106802366484,13.014,41.2012328875275,259.634218110968,53234.8002757412,0.0513454323196739,0.045111927407789,0.0389562111743512,0.723,GAM,GAM,Data,AIC,BRA,66168.9931583048
243624,1972,6-12m,APW,Trawl_Midwater_or_Unsp,LatinAmerica,76,19,60.1524070126805,376.226006648419,13.737,43.490190270168,272.011402806807,55772.5896320629,0.0513454323196739,0.0454514034059848,0.0389562111743512,0.723,GAM,GAM,Data,AIC,BRA,70012.1305112601
243625,1973,6-12m,APW,Trawl_Midwater_or_Unsp,LatinAmerica,76,23,73.4136320520616,451.855194653966,16.629,53.0780559736405,326.691305734817,66984.0306071715,0.0513454323196739,0.0458111364988339,0.0481846034889077,0.723,GAM,GAM,Data,AIC,BRA,85182.6901543922
243626,1974,6-12m,APW,Trawl_Midwater_or_Unsp,LatinAmerica,76,24,76.6055290978034,467.620451903333,17.352,55.3857975377119,338.08958672611,69321.1078093717,0.0513454323196739,0.0461913073136184,0.0481846034889077,0.723,GAM,GAM,Data,AIC,BRA,90073.7764548495
243627,1975,6-12m,APW,Trawl_Midwater_or_Unsp,LatinAmerica,76,26,82.9893231892871,502.23854548036,18.798,60.0012806658546,363.1184683823,74452.971882554,0.0513454323196739,0.0465914060371837,0.0481846034889077,0.723,GAM,GAM,Data,AIC,BRA,97061.2158044552
243628,1976,6-12m,APW,Trawl_Midwater_or_Unsp,LatinAmerica,76,24,76.6055290978034,459.475018012447,17.352,55.3857975377119,332.200438022999,68113.6103643692,0.0513454323196739,0.0470101728129534,0.0481846034889077,0.723,GAM,GAM,Data,AIC,BRA,89089.8857834002
243629,1977,6-12m,APW,Trawl_Midwater_or_Unsp,LatinAmerica,76,25,79.7974261435453,474.222351451157,18.075,57.6935391017832,342.862760099187,70299.7882508251,0.0513454323196739,0.0474460976610408,0.0481846034889077,0.723,GAM,GAM,Data,AIC,BRA,92982.2892910951
243630,1978,6-12m,APW,Trawl_Midwater_or_Unsp,LatinAmerica,76,24,76.6055290978034,450.965208410064,17.352,55.3857975377119,326.047845680476,66852.0970441478,0.0513454323196739,0.0478972647937821,0.0481846034889077,0.723,GAM,GAM,Data,AIC,BRA,89798.8784027214
243631,1979,6-12m,APW,Trawl_Midwater_or_Unsp,LatinAmerica,76,25,79.7974261435453,465.251003725672,18.075,57.6935391017832,336.376475693661,68969.8554808994,0.0513454323196739,0.0483609918513293,0.0481846034889077,0.723,GAM,GAM,Data,AIC,BRA,93294.7877311899
243632,1980,6-12m,APW,Trawl_Midwater_or_Unsp,LatinAmerica,76,27,86.1812202350289,497.610098451493,19.521,62.3090222299259,359.772101180429,73766.8404822437,0.0513454323196739,0.0488334141039719,0.0481846034889077,0.723,GAM,AIC,Data,AIC,BRA,100537.588316047
243633,1981,6-12m,APW,Trawl_Midwater_or_Unsp,LatinAmerica,76,32,102.140705463738,584.081416022106,23.136,73.8477300502826,422.290863783983,86585.5431359298,0.0513454323196739,0.0493081943886227,0.0481846034889077,0.723,GAM,GAM,Data,AIC,BRA,118800.124698098
243634,1982,6-12m,APW,Trawl_Midwater_or_Unsp,LatinAmerica,76,39,124.483984783931,705.134122716605,28.197,90.0019209987821,509.811970724105,104530.668712089,0.0513454323196739,0.04977776407242,0.0481846034889077,0.723,GAM,GAM,Data,AIC,BRA,144429.560733528
243635,1983,6-12m,APW,Trawl_Midwater_or_Unsp,LatinAmerica,76,42,132.968478659609,752.499996338311,30.366,96.1362100708973,544.057497352599,111552.292378143,0.0513454323196739,0.0502325583839682,0.0389562111743512,0.723,GAM,GAM,Data,AIC,BRA,156375.081030366
243636,1984,6-12m,APW,Trawl_Midwater_or_Unsp,LatinAmerica,76,44,139.300310976734,781.645479661952,31.812,100.714124836179,565.129681795591,115872.884395474,0.0513454323196739,0.0506623540087845,0.0389562111743512,0.723,GAM,GAM,Data,AIC,BRA,164055.092749387
243637,1985,6-12m,APW,Trawl_Midwater_or_Unsp,LatinAmerica,76,47,148.79805945242,828.48315032227,33.981,107.5809969841,598.993317683001,122816.206066219,0.0513454323196739,0.0510571639067685,0.0389562111743512,0.723,GAM,GAM,Data,AIC,BRA,175632.353502685
243638,1986,6-12m,APW,Trawl_Midwater_or_Unsp,LatinAmerica,76,51,162.786749332832,892.870402577711,36.873,117.694819767638,645.545301063685,132361.117194424,0.0513454323196739,0.0514072365569369,0.0481846034889077,0.723,GAM,GAM,Data,AIC,BRA,190052.414193741
243639,1987,6-12m,APW,Trawl_Midwater_or_Unsp,LatinAmerica,76,17,54.2622497776108,295.914759473233,12.291,39.2316065892126,213.946371099147,43867.0696722837,0.0513454323196739,0.0517040786584487,0.0481846034889077,0.723,GAM,GAM,Data,AIC,BRA,63191.2899381494
243640,1988,6-12m,APW,Trawl_Midwater_or_Unsp,LatinAmerica,76,58,185.130028653025,1004.99720637715,41.934,133.849010716137,726.612980210679,148983.046844559,0.0513454323196739,0.0519404428875702,0.0481846034889077,0.723,GAM,GAM,Data,AIC,BRA,215727.191823647
243641,1989,6-12m,APW,Trawl_Midwater_or_Unsp,LatinAmerica,76,19,60.6460438690944,328.142468657939,13.737,43.8470897173552,237.24700483969,48644.5777854317,0.0513454323196739,0.052111511411299,0.0481846034889077,0.723,GAM,GAM,Data,AIC,BRA,70993.4657677988
243642,1990,6-12m,APW,Trawl_Midwater_or_Unsp,LatinAmerica,76,25,79.7974261435453,430.92065529463,18.075,57.6935391017832,311.555633778018,63880.6473955063,0.0513454323196739,0.0522137886024893,0.0481846034889077,0.723,GAM,AIC,Data,AIC,BRA,93904.5765894632
243643,1991,6-12m,APW,Trawl_Midwater_or_Unsp,LatinAmerica,76,26,82.9893231892871,447.875923675021,18.798,60.0012806658546,323.81429281704,66394.134524972,0.0513454323196739,0.0522466128743707,0.0481846034889077,0.723,GAM,GAM,Data,AIC,BRA,98317.4511981796
243644,1992,6-12m,APW,Trawl_Midwater_or_Unsp,LatinAmerica,76,84,265.936957319219,1447.95360214609,60.732,192.272420141795,1046.87045435162,214647.899485129,0.0513454323196739,0.052211617753462,0.0389562111743512,0.723,GAM,GAM,Data,AIC,BRA,321011.895735189
243645,1993,6-12m,APW,Trawl_Midwater_or_Unsp,LatinAmerica,76,89,281.76653811203,1537.05063475884,64.347,203.717207054998,1111.28760893064,227855.844043808,0.0513454323196739,0.0521127919852605,0.0389562111743512,0.723,GAM,GAM,Data,AIC,BRA,344150.37058514
243646,1994,6-12m,APW,Trawl_Midwater_or_Unsp,LatinAmerica,76,80,255.351763659345,1385.74931372202,57.84,184.619325125706,1001.89675382102,205426.595826362,0.0513454323196739,0.0519574495091134,0.0481846034889077,0.723,GAM,GAM,Data,AIC,BRA,313116.882646301
243647,1995,6-12m,APW,Trawl_Midwater_or_Unsp,LatinAmerica,76,84,268.119351842312,1460.74120453577,60.732,193.850291381992,1056.11589087936,216543.562432013,0.0513454323196739,0.051754547462106,0.0481846034889077,0.723,GAM,GAM,Data,AIC,BRA,333279.119723414
243648,1996,6-12m,APW,Trawl_Midwater_or_Unsp,LatinAmerica,76,87,277.695042979537,1519.89471572595,62.901,200.773516074205,1098.88387946986,225312.612010207,0.0513454323196739,0.0515167262507399,0.0481846034889077,0.723,GAM,GAM,Data,AIC,BRA,350481.585144532
243649,1997,6-12m,APW,Trawl_Midwater_or_Unsp,LatinAmerica,76,91,290.462631162505,1597.76585129873,65.793,210.004482330491,1155.18471048898,236856.404336455,0.0513454323196739,0.0512590752477459,0.0481846034889077,0.723,GAM,GAM,Data,AIC,BRA,371467.490345618
243650,1998,6-12m,APW,Trawl_Midwater_or_Unsp,LatinAmerica,76,95,303.230219345472,1676.55484104954,68.685,219.235448586776,1212.14915007882,248536.261430979,0.0513454323196739,0.0509974370695063,0.0481846034889077,0.723,GAM,GAM,Data,AIC,BRA,393618.335969852
243651,1999,6-12m,APW,Trawl_Midwater_or_Unsp,LatinAmerica,76,99,313.425699697651,1755.75041910916,71.577,226.606780881402,1269.40755301592,260276.392091113,0.0513454323196739,0.0507475316709353,0.0389562111743512,0.723,GAM,GAM,Data,AIC,BRA,416307.201886818
243652,2000,6-12m,APW,Trawl_Midwater_or_Unsp,LatinAmerica,76,102,322.923448173337,1816.90734363182,73.746,233.473653029323,1313.62400944581,269342.43216885,0.0513454323196739,0.0505254163464939,0.0389562111743512,0.723,GAM,GAM,Data,AIC,BRA,435088.405155492
243653,2001,6-12m,APW,Trawl_Midwater_or_Unsp,LatinAmerica,76,106,335.587112807586,1894.73021097701,76.638,242.629482559885,1369.88994253638,280879.069104452,0.0513454323196739,0.0503501762136401,0.0389562111743512,0.723,GAM,GAM,Data,AIC,BRA,458232.296859998
243654,2002,6-12m,APW,Trawl_Midwater_or_Unsp,LatinAmerica,76,110,348.250777441834,1970.29254632053,79.53,251.785312090446,1424.52151098974,292080.59969054,0.0513454323196739,0.0502463454906126,0.0389562111743512,0.723,GAM,GAM,Data,AIC,BRA,476780.746641761
243655,2003,6-12m,APW,Trawl_Midwater_or_Unsp,LatinAmerica,76,36,113.972981708237,644.915153285291,26.028,82.4024657750553,466.273655825265,95603.6732072382,0.0513454323196739,0.0502391668655167,0.0389562111743512,0.723,GAM,GAM,Data,AIC,BRA,156574.628069046
243656,2004,6-12m,APW,Trawl_Midwater_or_Unsp,LatinAmerica,76,39,123.470730183923,697.117204981981,28.197,89.2693379229763,504.015739201972,103342.222791217,0,0.0503502133488547,0.0389562111743512,0.723,Data,Data,Data,AIC,BRA,169806.934127877
243657,2005,6-12m,APW,Trawl_Midwater_or_Unsp,LatinAmerica,76,120,379.909939027456,2134.65253231886,86.76,274.674885916851,1543.35378086654,316445.693780336,0,0.0505937141360802,0.0389562111743512,0.723,Data,Data,Data,AIC,BRA,521684.129137485
243658,2006,6-12m,APW,Trawl_Midwater_or_Unsp,LatinAmerica,76,43,137.251572966898,759.144545517106,31.089,99.2328872550673,548.861506408868,112537.295296841,0.0513454323196739,0.0509784338549633,0.0481846034889077,0.723,GAM,Data,Data,AIC,BRA,187688.788609971
243659,2007,6-12m,APW,Trawl_Midwater_or_Unsp,LatinAmerica,76,55,175.5543375158,961.006768103695,39.765,126.925786023923,694.807893338971,142461.805308343,0.0513454323196739,0.0515084821906883,0.0481846034889077,0.723,GAM,Data,Data,AIC,BRA,239830.052221704
243660,2008,6-12m,APW,Trawl_Midwater_or_Unsp,LatinAmerica,76,58,185.130028653025,1000.25765599092,41.934,133.849010716137,723.186285281435,148280.4452326,0.0513454323196739,0.0521865538217626,0.0481846034889077,0.723,GAM,Data,Data,AIC,BRA,251972.033142357
243661,2009,6-12m,APW,Trawl_Midwater_or_Unsp,LatinAmerica,76,61,194.70571979025,1035.64175864273,44.103,140.772235408351,748.768991498694,153525.864214341,0.0513454323196739,0.0530106086799258,0.0481846034889077,0.723,GAM,Data,Data,AIC,BRA,263337.864893413
243662,2010,6-12m,APW,Trawl_Midwater_or_Unsp,LatinAmerica,76,65,207.473307973218,1083.82011446906,46.995,150.003201664637,783.60194276113,160667.932070274,0.0513454323196739,0.0539757467304969,0.0481846034889077,0.723,GAM,Data,Data,AIC,BRA,278178.95009775
243663,2011,6-12m,APW,Trawl_Midwater_or_Unsp,LatinAmerica,76,68,217.048999110443,1111.27965670044,49.164,156.92642635685,803.455191794418,164738.596387179,0.0513454323196739,0.0550716461252535,0.0481846034889077,0.723,GAM,Data,Data,AIC,BRA,287907.992587441
243664,2012,6-12m,APW,Trawl_Midwater_or_Unsp,LatinAmerica,76,70,223.432793201927,1119.28016440029,50.61,161.541909484993,809.23955886141,165924.609647576,0.0513454323196739,0.056286175708077,0.0481846034889077,0.723,GAM,Data,Data,AIC,BRA,292706.566293868
243665,2013,6-12m,APW,Trawl_Midwater_or_Unsp,LatinAmerica,76,73,233.008484339152,1140.48685754872,52.779,168.465134177207,824.571998007725,169068.337549209,0.0513454323196739,0.057606976849528,0.0481846034889077,0.723,GAM,Data,Data,AIC,BRA,301055.969558341
243666,2014,6-12m,APW,Trawl_Midwater_or_Unsp,LatinAmerica,76,75,239.392278430636,1143.60512568869,54.225,173.08061730535,826.826505872923,169530.596633535,0.0513454323196739,0.0590238697639198,0.0481846034889077,0.723,GAM,Data,Data,AIC,BRA,304716.766892131
243667,2015,6-12m,APW,Trawl_Midwater_or_Unsp,LatinAmerica,76,64,202.618634147976,951.615492202432,46.272,146.493272488987,688.018000862358,141069.621440916,0.0513454323196739,0.0605286488838994,0.0389562111743512,0.723,GAM,Data,Data,AIC,BRA,256079.81562051
243668,2016,6-12m,APW,Trawl_Midwater_or_Unsp,LatinAmerica,76,175,554.035327748373,2535.68996639819,126.525,400.567541962074,1833.30384570589,375896.38523374,0.0513454323196739,0.0621132717671001,0.0389562111743512,0.723,GAM,Data,Data,AIC,BRA,689133.85052324
243669,2017,6-12m,APW,Trawl_Midwater_or_Unsp,LatinAmerica,76,178,568.157674142042,2512.13452455481,128.694,410.777998404696,1816.27326125313,372404.473541521,0.0513454323196739,0.0637704702650787,0.0481846034889077,0.723,GAM,Data,Data,AIC,BRA,689149.782628056
243670,1950,Less than 6m,APW,Trawl_Midwater_or_Unsp,LatinAmerica,76,9,17.3443930241629,88.9681871830756,6.507,12.5399961564698,64.3239993333637,13188.8442223166,0.0513454323196739,0.0910437793155447,0.319404889454886,0.723,GAM,AIC,Data,AIC,BRA,13319.8803890314
243671,1951,Less than 6m,APW,Trawl_Midwater_or_Unsp,LatinAmerica,76,10,19.2715478046254,97.0105168704091,7.23,13.9333290627442,70.1386036973058,14381.0572682281,0.0513454323196739,0.0927734465328393,0.319404889454886,0.723,GAM,GAM,Data,AIC,BRA,14668.2393581525
243672,1952,Less than 6m,APW,Trawl_Midwater_or_Unsp,LatinAmerica,76,11,21.1987025850879,104.727009336066,7.953,15.3266619690186,75.7176277499757,15524.9674713527,0.0513454323196739,0.0945314877486018,0.319404889454886,0.723,GAM,GAM,Data,AIC,BRA,15992.3194979182
243673,1953,Less than 6m,APW,Trawl_Midwater_or_Unsp,LatinAmerica,76,11,21.1987025850879,102.792096445242,7.953,15.3266619690186,74.31868572991,15238.1316313877,0.0513454323196739,0.0963109066004288,0.319404889454886,0.723,GAM,GAM,Data,AIC,BRA,15852.8031105671
243674,1954,Less than 6m,APW,Trawl_Midwater_or_Unsp,LatinAmerica,76,12,23.1258573655505,110.08976126917,8.676,16.719994875293,79.5948973976099,16319.9538826537,0.0513454323196739,0.098101766008866,0.319404889454886,0.723,GAM,GAM,Data,AIC,BRA,17146.9490890276
243675,1955,Less than 6m,APW,Trawl_Midwater_or_Unsp,LatinAmerica,76,13,25.053012146013,117.127355749113,9.399,18.1133277815674,84.6830782066087,17363.2227210398,0.0513454323196739,0.0998912672890991,0.319404889454886,0.723,GAM,GAM,Data,AIC,BRA,18424.3363546421
243676,1956,Less than 6m,APW,Trawl_Midwater_or_Unsp,LatinAmerica,76,14,26.9801669264756,123.936222477458,10.122,19.5066606878419,89.6058888512021,18372.5844429536,0.0513454323196739,0.101665193178627,0.319404889454886,0.723,GAM,GAM,Data,AIC,BRA,19689.076928132
243677,1957,Less than 6m,APW,Trawl_Midwater_or_Unsp,LatinAmerica,76,15,28.9073217069381,130.550533316539,10.845,20.8999935941162,94.3880355878577,19353.104762145,0.0513454323196739,0.103408233249168,0.319404889454886,0.723,GAM,GAM,Data,AIC,BRA,20945.9150327229
243678,1958,Less than 6m,APW,Trawl_Midwater_or_Unsp,LatinAmerica,76,16,30.8344764874006,137.006186634737,11.568,22.2933265003906,99.0554729369148,20310.1053335041,0,0.105104742739763,0.319404889454886,0.723,Data,GAM,Data,AIC,BRA,22200.0755264917
243679,1959,Less than 6m,APW,Trawl_Midwater_or_Unsp,LatinAmerica,76,15,28.9073217069381,126.476520743647,10.845,20.8999935941162,91.4425244976568,18749.1639729158,0,0.106739179103155,0.319404889454886,0.723,Data,GAM,Data,AIC,BRA,20697.4942059059
243680,1960,Less than 6m,APW,Trawl_Midwater_or_Unsp,LatinAmerica,76,22,42.3974051701759,182.832665434355,15.906,30.6533239380372,132.188017109039,27103.5256479109,0,0.108295746566738,0.319404889454886,0.723,Data,AIC,Data,AIC,BRA,30217.2707961986
243681,1961,Less than 6m,APW,Trawl_Midwater_or_Unsp,LatinAmerica,76,22,42.3974051701759,180.395347477308,15.906,30.6533239380372,130.425836226094,26742.2121506538,0,0.109758928247806,0.319404889454886,0.723,Data,GAM,Data,AIC,BRA,30110.6662224022
243682,1962,Less than 6m,APW,Trawl_Midwater_or_Unsp,LatinAmerica,76,21,40.4702503897133,170.097051027742,15.183,29.2599910317627,122.980167893057,25215.5695165955,0,0.111113037444238,0.319404889454886,0.723,Data,GAM,Data,AIC,BRA,28673.8099688952
243683,1963,Less than 6m,APW,Trawl_Midwater_or_Unsp,LatinAmerica,76,24,46.251714731101,192.268724107103,17.352,33.439989750586,139.010287529435,28502.3482141326,0,0.112342764535992,0.319404889454886,0.723,Data,GAM,Data,AIC,BRA,32733.3797543224
243684,1964,Less than 6m,APW,Trawl_Midwater_or_Unsp,LatinAmerica,76,24,46.251714731101,190.420578675017,17.352,33.439989750586,137.674078382037,28228.374977454,0,0.11343311815507,0.319404889454886,0.723,Data,GAM,Data,AIC,BRA,32740.8289924459
243685,1965,Less than 6m,APW,Trawl_Midwater_or_Unsp,LatinAmerica,76,25,48.1788695115635,196.729476991751,18.075,34.8333226568604,142.235411865036,29163.6202572373,0,0.114370252714815,0.319404889454886,0.723,Data,GAM,Data,AIC,BRA,34161.6480835333
243686,1966,Less than 6m,APW,Trawl_Midwater_or_Unsp,LatinAmerica,76,25,48.1788695115635,195.411765360527,18.075,34.8333226568604,141.282706355661,28968.2797205308,0.0513454323196739,0.115141480649788,0.319404889454886,0.723,GAM,GAM,Data,AIC,BRA,34269.9658411621
243687,1967,Less than 6m,APW,Trawl_Midwater_or_Unsp,LatinAmerica,76,27,52.0331790724886,209.961838899865,19.521,37.6199884694093,151.802409524602,31125.2153557224,0.0513454323196739,0.115735317081068,0.319404889454886,0.723,GAM,GAM,Data,AIC,BRA,37187.4943740743
243688,1968,Less than 6m,APW,Trawl_Midwater_or_Unsp,LatinAmerica,76,28,53.9603338529511,216.97680015881,20.244,39.0133213756836,156.87422651482,32165.1289945091,0.0513454323196739,0.116141449139058,0.319404889454886,0.723,GAM,GAM,Data,AIC,BRA,38811.7688352362
243689,1969,Less than 6m,APW,Trawl_Midwater_or_Unsp,LatinAmerica,76,34,65.5232625357264,262.998244234207,24.582,47.3733188133302,190.147730581332,38987.4514000165,0.0513454323196739,0.116350586632624,0.319404889454886,0.723,GAM,GAM,Data,AIC,BRA,47511.2625350237
243690,1970,Less than 6m,APW,Trawl_Midwater_or_Unsp,LatinAmerica,76,36,69.3775720966514,278.458254664701,26.028,50.159984625879,201.325318122579,41279.2781270645,0.0513454323196739,0.116354963292482,0.319404889454886,0.723,GAM,AIC,Data,AIC,BRA,50803.9412391052
243691,1971,Less than 6m,APW,Trawl_Midwater_or_Unsp,LatinAmerica,76,38,73.2318816575765,294.451258770282,27.474,52.9466504384278,212.888260090914,43650.1170355984,0.0513454323196739,0.116148255377918,0.319404889454886,0.723,GAM,GAM,Data,AIC,BRA,54255.5674206951
243692,1972,Less than 6m,APW,Trawl_Midwater_or_Unsp,LatinAmerica,76,41,79.0133459989641,318.858165753319,29.643,57.126649157251,230.53445383965,47268.2518356866,0.0513454323196739,0.115725435203523,0.319404889454886,0.723,GAM,GAM,Data,AIC,BRA,59336.5134807493
243693,1973,Less than 6m,APW,Trawl_Midwater_or_Unsp,LatinAmerica,76,49,141.958947740443,383.204080811242,35.427,102.63631921634,277.056550426528,56807.0350447346,0.0513454323196739,0.115082281761302,0.103935773110038,0.723,GAM,GAM,Data,AIC,BRA,72240.7418744857
243694,1974,Less than 6m,APW,Trawl_Midwater_or_Unsp,LatinAmerica,76,53,153.547433270276,417.637357846693,38.319,111.01479425441,301.951809723159,61911.5014980067,0.0513454323196739,0.11421392053129,0.103935773110038,0.723,GAM,GAM,Data,AIC,BRA,80445.9553827502
243695,1975,Less than 6m,APW,Trawl_Midwater_or_Unsp,LatinAmerica,76,56,162.23879741765,445.563439040266,40.488,117.298650532961,322.142366426112,66051.3266002526,0.0513454323196739,0.113115205566598,0.103935773110038,0.723,GAM,GAM,Data,AIC,BRA,86108.3433369289
243696,1976,Less than 6m,APW,Trawl_Midwater_or_Unsp,LatinAmerica,76,53,153.547433270276,426.734353730569,38.319,111.01479425441,308.528937747201,63260.0606336066,0.0513454323196739,0.111779142182953,0.103935773110038,0.723,GAM,GAM,Data,AIC,BRA,82741.6363095493
243697,1977,Less than 6m,APW,Trawl_Midwater_or_Unsp,LatinAmerica,76,56,162.23879741765,457.353024289346,40.488,117.298650532961,330.666236561197,67799.0412409462,0.0513454323196739,0.110199336887109,0.103935773110038,0.723,GAM,GAM,Data,AIC,BRA,89674.6664987366
243698,1978,Less than 6m,APW,Trawl_Midwater_or_Unsp,LatinAmerica,76,54,156.444554652734,448.46708886319,39.042,113.109413013927,324.241705248086,66481.7701824275,0.0513454323196739,0.10836915619203,0.103935773110038,0.723,GAM,GAM,Data,AIC,BRA,89301.4379588872
243699,1979,Less than 6m,APW,Trawl_Midwater_or_Unsp,LatinAmerica,76,58,168.033040182566,491.140049230889,41.934,121.487888051995,355.094255593933,72807.7058299249,0.0513454323196739,0.10628333014533,0.103935773110038,0.723,GAM,GAM,Data,AIC,BRA,98486.2069557171
243700,1980,Less than 6m,APW,Trawl_Midwater_or_Unsp,LatinAmerica,76,63,182.518647094856,545.515217127728,45.549,131.960981849581,394.407501983347,80868.4030483366,0.0513454323196739,0.103938438781854,0.103935773110038,0.723,GAM,AIC,Data,AIC,BRA,110216.381239845
243701,1981,Less than 6m,APW,Trawl_Midwater_or_Unsp,LatinAmerica,76,77,223.078346449268,683.879714110382,55.671,161.285644482821,494.445033301806,101379.867363646,0.0513454323196739,0.101333609654072,0.103935773110038,0.723,GAM,GAM,Data,AIC,BRA,139098.750766859
243702,1982,Less than 6m,APW,Trawl_Midwater_or_Unsp,LatinAmerica,76,95,275.226531333513,868.26894629564,68.685,198.98878215413,627.758448171748,128714.141968564,0.0513454323196739,0.0984717930599441,0.103935773110038,0.723,GAM,GAM,Data,AIC,BRA,177843.758331977
243703,1983,Less than 6m,APW,Trawl_Midwater_or_Unsp,LatinAmerica,76,104,200.424097168104,981.534564495749,75.192,144.906622252539,709.649490130427,145504.892027477,0.0513454323196739,0.0953608801826413,0.319404889454886,0.723,GAM,GAM,Data,AIC,BRA,203970.163194688
243704,1984,Less than 6m,APW,Trawl_Midwater_or_Unsp,LatinAmerica,76,113,217.768490192267,1105.2555245778,81.699,157.446618409009,799.099744269749,163845.565488653,0.0513454323196739,0.0920149212000989,0.319404889454886,0.723,GAM,GAM,Data,AIC,BRA,231975.751557856
243705,1985,Less than 6m,APW,Trawl_Midwater_or_Unsp,LatinAmerica,76,123,237.040037996892,1251.47421252023,88.929,171.379947471753,904.815855652126,185521.35274164,0.0513454323196739,0.0884556780255753,0.319404889454886,0.723,GAM,GAM,Data,AIC,BRA,265303.357355364
243706,1986,Less than 6m,APW,Trawl_Midwater_or_Unsp,LatinAmerica,76,157,454.848057045911,1668.04794636418,113.511,328.855145244194,1205.9986652213,247275.180224615,0.0513454323196739,0.084709795247786,0.103935773110038,0.723,GAM,GAM,Data,AIC,BRA,355053.251045392
243707,1987,Less than 6m,APW,Trawl_Midwater_or_Unsp,LatinAmerica,76,1,2.89712138245803,11.1371045415947,0.723,2.09461875951716,8.05212658357297,1650.98943271139,0.0513454323196739,0.0808109501566311,0.103935773110038,0.723,GAM,GAM,Data,AIC,BRA,2378.2794863365
243708,1988,Less than 6m,APW,Trawl_Midwater_or_Unsp,LatinAmerica,76,189,547.555941284568,2214.93022299792,136.647,395.882945548743,1601.3945512275,328346.239249635,0.0513454323196739,0.0767970016544222,0.103935773110038,0.723,GAM,GAM,Data,AIC,BRA,475444.781399071
243709,1989,Less than 6m,APW,Trawl_Midwater_or_Unsp,LatinAmerica,76,1,2.89712138245803,12.3778610613963,0.723,2.09461875951716,8.94919354738952,1834.92197057252,0.0513454323196739,0.0727104622952094,0.103935773110038,0.723,GAM,GAM,Data,AIC,BRA,2677.94430612645
243710,1990,Less than 6m,APW,Trawl_Midwater_or_Unsp,LatinAmerica,76,1,2.89712138245803,13.12069031718,0.723,2.09461875951716,9.48625909932114,1945.0406506143,0.0513454323196739,0.0685939518610201,0.103935773110038,0.723,GAM,AIC,Data,AIC,BRA,2859.21051510944
243711,1991,Less than 6m,APW,Trawl_Midwater_or_Unsp,LatinAmerica,76,2,5.79424276491606,27.9100746403336,1.446,4.18923751903431,20.1789839649612,4137.45225478318,0.0513454323196739,0.0644928407822589,0.103935773110038,0.723,GAM,GAM,Data,AIC,BRA,6126.80266193461
243712,1992,Less than 6m,APW,Trawl_Midwater_or_Unsp,LatinAmerica,76,271,522.258945505348,4034.54259459374,195.933,377.593217600367,2916.97429589127,598089.670849449,0.0513454323196739,0.060452949567771,0.319404889454886,0.723,GAM,GAM,Data,AIC,BRA,894459.715280457
243713,1993,Less than 6m,APW,Trawl_Midwater_or_Unsp,LatinAmerica,76,296,570.437815016912,4713.47624395385,214.008,412.426540257227,3407.84332437863,698736.322447209,0.0513454323196739,0.0565187955156709,0.319404889454886,0.723,GAM,GAM,Data,AIC,BRA,1055361.84652465
243714,1994,Less than 6m,APW,Trawl_Midwater_or_Unsp,LatinAmerica,76,277,802.502622940874,4727.39138723305,200.271,580.209396386252,3417.9039729695,700799.134592218,0.0513454323196739,0.0527352147472426,0.103935773110038,0.723,GAM,GAM,Data,AIC,BRA,1068177.36769691
243715,1995,Less than 6m,APW,Trawl_Midwater_or_Unsp,LatinAmerica,76,302,874.930657502325,5531.0233005326,218.346,632.574865374181,3998.92984628507,819931.337373643,0.0513454323196739,0.0491409971051518,0.103935773110038,0.723,GAM,GAM,Data,AIC,BRA,1261944.66962889
243716,1996,Less than 6m,APW,Trawl_Midwater_or_Unsp,LatinAmerica,76,328,950.255813446234,6448.76095398145,237.144,687.034953121627,4662.45416972859,955978.831781773,0.0513454323196739,0.0457762354825301,0.103935773110038,0.723,GAM,GAM,Data,AIC,BRA,1487058.24027425
243717,1997,Less than 6m,APW,Trawl_Midwater_or_Unsp,LatinAmerica,76,355,1028.4780907726,7486.24969730365,256.665,743.58965962859,5412.55853115054,1109778.49716021,0.0513454323196739,0.0426782451719552,0.103935773110038,0.723,GAM,GAM,Data,AIC,BRA,1740491.81542939
243718,1998,Less than 6m,APW,Trawl_Midwater_or_Unsp,LatinAmerica,76,383,1109.59748948143,8646.03200795119,276.909,802.238984895074,6251.08114174871,1281707.23608633,0.0513454323196739,0.0398679995266039,0.103935773110038,0.723,GAM,GAM,Data,AIC,BRA,2029898.84278486
243719,1999,Less than 6m,APW,Trawl_Midwater_or_Unsp,LatinAmerica,76,412,793.987769550566,9926.48323499152,297.876,574.053157385059,7176.84737889887,1471524.20665086,0.0513454323196739,0.0373546190752536,0.319404889454886,0.723,GAM,GAM,Data,AIC,BRA,2353675.33742779
243720,2000,Less than 6m,APW,Trawl_Midwater_or_Unsp,LatinAmerica,76,442,851.802412964443,11320.6517975828,319.566,615.853144573292,8184.83124965236,1678198.89087063,0.0513454323196739,0.0351393194590562,0.319404889454886,0.723,GAM,GAM,Data,AIC,BRA,2710916.63160181
243721,2001,Less than 6m,APW,Trawl_Midwater_or_Unsp,LatinAmerica,76,471,907.689901597856,12753.602073608,340.533,656.25979885525,9220.85429921858,1890622.66353818,0.0513454323196739,0.0332376686643853,0.319404889454886,0.723,GAM,GAM,Data,AIC,BRA,3084403.43515413
243722,2002,Less than 6m,APW,Trawl_Midwater_or_Unsp,LatinAmerica,76,500,963.57739023127,14200.1697541917,361.5,696.666453137208,10266.7227322806,2105065.11089295,0.0513454323196739,0.0316897620091596,0.319404889454886,0.723,GAM,GAM,Data,AIC,BRA,3436224.50914041
243723,2003,Less than 6m,APW,Trawl_Midwater_or_Unsp,LatinAmerica,76,3,5.78146434138762,88.4320149327075,2.169,4.17999871882325,63.9363467963475,13109.3608416799,0.0513454323196739,0.0305319289858381,0.319404889454886,0.723,GAM,GAM,Data,AIC,BRA,21469.8162649
243724,2004,Less than 6m,APW,Trawl_Midwater_or_Unsp,LatinAmerica,76,4,7.70861912185016,120.89595321884,2.892,5.57333162509767,87.4077741772213,17921.8880882748,0,0.0297776716602205,0.319404889454886,0.723,Data,Data,Data,AIC,BRA,29448.378289687
243725,2005,Less than 6m,APW,Trawl_Midwater_or_Unsp,LatinAmerica,76,571,1100.40537964411,17472.0682474333,412.833,795.593089482692,12632.3053428943,2590098.70441552,0,0.029412659836393,0.319404889454886,0.723,Data,Data,Data,AIC,BRA,4269969.26661008
243726,2006,Less than 6m,APW,Trawl_Midwater_or_Unsp,LatinAmerica,76,4,11.5884855298321,122.405964331681,2.892,8.37847503806861,88.4995122118054,18145.7355327579,0.0513454323196739,0.0294103315933622,0.103935773110038,0.723,GAM,Data,Data,AIC,BRA,30263.3105904745
243727,2007,Less than 6m,APW,Trawl_Midwater_or_Unsp,LatinAmerica,76,5,14.4856069122901,151.284425680958,3.615,10.4730937975857,109.378639767333,22426.7436118823,0.0513454323196739,0.0297452958541152,0.103935773110038,0.723,GAM,Data,Data,AIC,BRA,37754.7306799819
243728,2008,Less than 6m,APW,Trawl_Midwater_or_Unsp,LatinAmerica,76,5,14.4856069122901,148.036091848225,3.615,10.4730937975857,107.030094406267,21945.2032966475,0.0513454323196739,0.0303979924342617,0.103935773110038,0.723,GAM,Data,Data,AIC,BRA,37291.3467025585
243729,2009,Less than 6m,APW,Trawl_Midwater_or_Unsp,LatinAmerica,76,5,14.4856069122901,143.566193332928,3.615,10.4730937975857,103.798357779707,21282.5754846804,0.0513454323196739,0.0313444265361593,0.103935773110038,0.723,GAM,Data,Data,AIC,BRA,36505.301671802
243730,2010,Less than 6m,APW,Trawl_Midwater_or_Unsp,LatinAmerica,76,5,14.4856069122901,138.210449139861,3.615,10.4730937975857,99.9261547281195,20488.6279165279,0.0513454323196739,0.0325590433140569,0.103935773110038,0.723,GAM,Data,Data,AIC,BRA,35473.8181373387
243731,2011,Less than 6m,APW,Trawl_Midwater_or_Unsp,LatinAmerica,76,5,14.4856069122901,132.348113799329,3.615,10.4730937975857,95.6876862769149,19619.5821369825,0.0513454323196739,0.0340012401447824,0.103935773110038,0.723,GAM,Data,Data,AIC,BRA,34288.4705366026
243732,2012,Less than 6m,APW,Trawl_Midwater_or_Unsp,LatinAmerica,76,5,14.4856069122901,126.322614068173,3.615,10.4730937975857,91.3312499712891,18726.3485010953,0.0513454323196739,0.0356230753550704,0.103935773110038,0.723,GAM,Data,Data,AIC,BRA,33035.0342882847
243733,2013,Less than 6m,APW,Trawl_Midwater_or_Unsp,LatinAmerica,76,6,17.3827282947482,144.453786223153,4.338,12.5677125571029,104.44008743934,21414.1542515707,0.0513454323196739,0.0373821977338694,0.103935773110038,0.723,GAM,Data,Data,AIC,BRA,38131.675415582
243734,2014,Less than 6m,APW,Trawl_Midwater_or_Unsp,LatinAmerica,76,5,14.4856069122901,114.652478337651,3.615,10.4730937975857,82.8937418381217,16996.3413257617,0.0513454323196739,0.0392490425435683,0.103935773110038,0.723,GAM,Data,Data,AIC,BRA,30549.4717804629
243735,2015,Less than 6m,APW,Trawl_Midwater_or_Unsp,LatinAmerica,76,5,9.6357739023127,109.199958012876,3.615,6.96666453137208,78.9515696433093,16188.0474461248,0.0513454323196739,0.0412088070534732,0.319404889454886,0.723,GAM,Data,Data,AIC,BRA,29385.7186467033
243736,2016,Less than 6m,APW,Trawl_Midwater_or_Unsp,LatinAmerica,76,693,1335.51826286054,14420.4532357291,501.039,965.57970404817,10425.9876894321,2137720.42977416,0.0513454323196739,0.0432510677580286,0.319404889454886,0.723,GAM,Data,Data,AIC,BRA,3919099.96739238
243737,2017,Less than 6m,APW,Trawl_Midwater_or_Unsp,LatinAmerica,76,691,2001.9108752785,13704.9225500009,499.593,1447.38156282636,9908.65900365065,2031648.55117179,0.0513454323196739,0.0453778558566139,0.103935773110038,0.723,GAM,Data,Data,AIC,BRA,3759649.13660077
243738,1950,12-24m,I,Trawl_Midwater_or_Unsp,LatinAmerica,76,30,1321.89420619387,7439.99597307212,21.69,955.729511078171,5379.11708853114,1063306.23166406,0.14914754311586,0.00153706354696748,0.00122023630145326,0.723,GAM,AIC,Data,AIC,BRA,1073870.58213273
243739,1951,12-24m,I,Trawl_Midwater_or_Unsp,LatinAmerica,76,35,1500.70539942566,8728.42343361541,25.305,1085.01000378475,6310.65014250394,1247617.02132485,0.14914754311586,0.00150069365047917,0.00119910935684343,0.723,GAM,GAM,Data,AIC,BRA,1272531.27185085
243740,1952,12-24m,I,Trawl_Midwater_or_Unsp,LatinAmerica,76,40,1741.82031875695,9996.74360258339,28.92,1259.33609046128,7227.64562466779,1428812.92917662,0.14914754311586,0.00148667639981371,0.0012126538038707,0.723,GAM,GAM,Data,AIC,BRA,1471824.84654559
243741,1953,12-24m,I,Trawl_Midwater_or_Unsp,LatinAmerica,76,46,2006.25551727418,11547.8814682539,33.258,1450.52273898923,8349.11830154756,1650517.73189892,0.14914754311586,0.00145926933133661,0.00121523545565485,0.723,GAM,GAM,Data,AIC,BRA,1717095.85316862
243742,1954,12-24m,I,Trawl_Midwater_or_Unsp,LatinAmerica,76,51,2185.06671050596,12836.3531940332,36.873,1579.80323169581,9280.683359286,1834834.86181286,0.14914754311586,0.00144292946033141,0.00120113469044854,0.723,GAM,GAM,Data,AIC,BRA,1927813.04337621
243743,1955,12-24m,I,Trawl_Midwater_or_Unsp,LatinAmerica,76,59,2558.35226469716,14827.7044503082,42.657,1849.68868737604,10720.4303175728,2119358.00521742,0.14914754311586,0.00150928907276749,0.00121073860725649,0.723,GAM,GAM,Data,AIC,BRA,2248877.72111068
243744,1956,12-24m,I,Trawl_Midwater_or_Unsp,LatinAmerica,76,67,2869.33409278884,16839.3195063918,48.441,2074.52854908633,12174.8280031213,2407018.44761224,0.14914754311586,0.00150864868320429,0.00120034949493678,0.723,GAM,GAM,Data,AIC,BRA,2579494.00257874
243745,1957,12-24m,I,Trawl_Midwater_or_Unsp,LatinAmerica,76,79,3398.2044898233,19942.2392693527,57.117,2456.90184614224,14418.238991742,2850520.29979208,0.14914754311586,0.00147814029284289,0.00120531278983939,0.723,GAM,GAM,Data,AIC,BRA,3085125.44794798
243746,1958,12-24m,I,Trawl_Midwater_or_Unsp,LatinAmerica,76,83,3553.69540386914,20948.7619750767,60.009,2569.32177699739,15145.9549079804,2994452.95820568,0,0.001478934833938,0.00120135599270888,0.723,Data,GAM,Data,AIC,BRA,3273103.74520954
243747,1959,12-24m,I,Trawl_Midwater_or_Unsp,LatinAmerica,76,101,4346.90707062341,25498.6791606782,73.023,3142.81381206073,18435.5450331703,3644743.24009562,0,0.00147395032481649,0.00120577490007575,0.723,Data,GAM,Data,AIC,BRA,4023488.84477551
243748,1960,12-24m,I,Trawl_Midwater_or_Unsp,LatinAmerica,76,110,4805.81663010005,27755.0324622142,79.53,3474.60542356234,20066.8884701809,3966988.63560169,0,0.00147362994944079,0.00121804253749735,0.723,Data,AIC,Data,AIC,BRA,4422729.7734108
243749,1961,12-24m,I,Trawl_Midwater_or_Unsp,LatinAmerica,76,129,5684.65230213977,32569.9900344711,93.267,4110.00361444706,23548.1027949226,4655006.66135527,0,0.00146859284255615,0.00122526200283669,0.723,Data,GAM,Data,AIC,BRA,5241352.17585957
243750,1962,12-24m,I,Trawl_Midwater_or_Unsp,LatinAmerica,76,148,6625.69777148157,37261.7199005227,107.004,4790.37948878118,26940.2234880779,5325139.53425967,0,0.00148545582379034,0.00123722986639828,0.723,Data,GAM,Data,AIC,BRA,6055466.60220065
243751,1963,12-24m,I,Trawl_Midwater_or_Unsp,LatinAmerica,76,202,9192.15002124548,50754.6985114783,146.046,6645.92446536048,36695.6470237988,7252850.73513771,0,0.0014956176498083,0.00124967565690104,0.723,Data,GAM,Data,AIC,BRA,8329500.27945281
243752,1964,12-24m,I,Trawl_Midwater_or_Unsp,LatinAmerica,76,248,11509.8302402198,62116.3858009288,179.304,8321.60726367891,44910.1469340715,8875525.02513989,0,0.00151234105791698,0.00126422511973634,0.723,Data,GAM,Data,AIC,BRA,10294324.3207721
243753,1965,12-24m,I,Trawl_Midwater_or_Unsp,LatinAmerica,76,280,13252.0934325852,69919.6868820571,202.44,9581.26355175908,50551.9336157273,9989459.52853552,0,0.00152897890976295,0.00127845998999931,0.723,Data,GAM,Data,AIC,BRA,11701441.6573965
243754,1966,12-24m,I,Trawl_Midwater_or_Unsp,LatinAmerica,76,303,14597.7507915734,75453.3162965207,219.069,10554.1738223076,54552.7476823845,10779006.1545433,0.14914754311586,0.00153722827726905,0.00129112060793426,0.723,GAM,GAM,Data,AIC,BRA,12751746.9550003
243755,1967,12-24m,I,Trawl_Midwater_or_Unsp,LatinAmerica,76,338,16596.7920709978,83955.6317819845,244.374,11999.4806673314,60699.9217783748,11992358.2075886,0.14914754311586,0.00154843739174108,0.0013045527056602,0.723,GAM,GAM,Data,AIC,BRA,14328117.8388568
243756,1968,12-24m,I,Trawl_Midwater_or_Unsp,LatinAmerica,76,373,18658.0431477242,92344.084658901,269.679,13489.7651958046,66764.7732083854,13189166.5010599,0.14914754311586,0.00156462314211076,0.00131718778079296,0.723,GAM,GAM,Data,AIC,BRA,15914591.2785229
243757,1969,12-24m,I,Trawl_Midwater_or_Unsp,LatinAmerica,76,405,20587.1235895906,100018.590421052,292.815,14884.490355274,72313.4408744206,14283948.6857925,0.14914754311586,0.00157759510461616,0.00132804767469748,0.723,GAM,GAM,Data,AIC,BRA,17406842.757801
243758,1970,12-24m,I,Trawl_Midwater_or_Unsp,LatinAmerica,76,434,22383.9394677998,106876.210275867,313.782,16183.5882352192,77271.5000294515,15261960.5050622,0.14914754311586,0.00159096566043017,0.00133754785651695,0.723,GAM,AIC,Data,AIC,BRA,18783461.8208684
243759,1971,12-24m,I,Trawl_Midwater_or_Unsp,LatinAmerica,76,459,24025.3583607606,112839.161869225,331.857,17370.3340948299,81582.7140314499,16112060.940317,0.14914754311586,0.0015997798570415,0.00134734931800078,0.723,GAM,GAM,Data,AIC,BRA,20026727.7157767
243760,1972,12-24m,I,Trawl_Midwater_or_Unsp,LatinAmerica,76,481,25472.2089639645,118004.747521883,347.763,18416.4070809463,85317.4324583213,16848421.7674639,0.14914754311586,0.0016210898247365,0.00135479632399864,0.723,GAM,GAM,Data,AIC,BRA,21150065.1390644
243761,1973,12-24m,I,Trawl_Midwater_or_Unsp,LatinAmerica,76,498,25334.0800237636,122030.216681459,360.054,18316.5398571811,88227.8466606949,17422184.5638652,0.14914754311586,0.00162605582177338,0.00167490021278038,0.723,GAM,GAM,Data,AIC,BRA,22155557.6167057
243762,1974,12-24m,I,Trawl_Midwater_or_Unsp,LatinAmerica,76,509,26160.6482335965,124609.90499281,368.007,18914.1486728903,90092.9613098016,17789333.1844509,0.14914754311586,0.0016313132852895,0.00168522602112856,0.723,GAM,GAM,Data,AIC,BRA,23114928.0669811
243763,1975,12-24m,I,Trawl_Midwater_or_Unsp,LatinAmerica,76,517,26746.1408568835,126409.092286661,373.791,19337.4598395268,91393.7737232561,18045392.6638123,0.14914754311586,0.00163248589154071,0.00169156276256713,0.723,GAM,GAM,Data,AIC,BRA,23525021.3299925
243764,1976,12-24m,I,Trawl_Midwater_or_Unsp,LatinAmerica,76,519,27020.9916306338,126878.245453482,375.237,19536.1769489482,91732.9714628672,18111651.5944899,0.14914754311586,0.00163163485910677,0.00169790344927657,0.723,GAM,GAM,Data,AIC,BRA,23689317.9391048
243765,1977,12-24m,I,Trawl_Midwater_or_Unsp,LatinAmerica,76,518,27111.8679813617,126543.812269336,374.514,19601.8805505245,91491.1762707298,18063279.947547,0.14914754311586,0.00163244444372998,0.00170298977261752,0.723,GAM,GAM,Data,AIC,BRA,23891467.7187401
243766,1978,12-24m,I,Trawl_Midwater_or_Unsp,LatinAmerica,76,512,26915.2912368833,125057.167856504,370.176,19459.7555642666,90416.3323602522,17850577.9016973,0.14914754311586,0.00163250608116524,0.00170723394744743,0.723,GAM,GAM,Data,AIC,BRA,23977735.1091059
243767,1979,12-24m,I,Trawl_Midwater_or_Unsp,LatinAmerica,76,502,26454.5187625232,122697.546741143,362.946,19126.6170653043,88710.3262938465,17513541.1226869,0.14914754311586,0.00162480347118022,0.0017096979956164,0.723,GAM,GAM,Data,AIC,BRA,23690380.2403217
243768,1980,12-24m,I,Trawl_Midwater_or_Unsp,LatinAmerica,76,490,25890.1303939896,119792.498548981,354.27,18718.5642748545,86609.9764509134,17098615.9058865,0.14914754311586,0.00162638716400669,0.00171222940772043,0.723,GAM,AIC,Data,AIC,BRA,23303880.1103867
243769,1981,12-24m,I,Trawl_Midwater_or_Unsp,LatinAmerica,76,475,25141.8362134285,116175.622253393,343.425,18177.5475823088,83994.9748892034,16582202.9425064,0.14914754311586,0.00162125206374582,0.00171391688128619,0.723,GAM,GAM,Data,AIC,BRA,22751693.9432522
243770,1982,12-24m,I,Trawl_Midwater_or_Unsp,LatinAmerica,76,460,24393.6106438618,112652.903583356,332.58,17636.5804955121,81448.0492907662,16079276.480852,0.14914754311586,0.00161536090779936,0.0017158928598968,0.723,GAM,GAM,Data,AIC,BRA,22216664.9047164
243771,1983,12-24m,I,Trawl_Midwater_or_Unsp,LatinAmerica,76,442,24687.8891006965,108413.596843816,319.566,17849.3438198035,78383.030518079,15474180.4872572,0.14914754311586,0.00160498557721763,0.00138863108092791,0.723,GAM,GAM,Data,AIC,BRA,21691855.6847826
243772,1984,12-24m,I,Trawl_Midwater_or_Unsp,LatinAmerica,76,423,23622.2361791556,103812.420749995,305.829,17078.8767575295,75056.3802022466,14817487.6230937,0.14914754311586,0.00160281796915967,0.00138842021797766,0.723,GAM,GAM,Data,AIC,BRA,20978888.3654861
243773,1985,12-24m,I,Trawl_Midwater_or_Unsp,LatinAmerica,76,405,22579.9974655982,99583.0769759353,292.815,16325.3381676275,71998.5646536012,14214053.5066192,0.14914754311586,0.00159239948888642,0.00138757094291307,0.723,GAM,GAM,Data,AIC,BRA,20326695.8827454
243774,1986,12-24m,I,Trawl_Midwater_or_Unsp,LatinAmerica,76,384,20343.6510020906,94611.2406541111,277.632,14708.4596745115,68403.9269929223,13504504.6265664,0.14914754311586,0.00158157585080852,0.00171541563434536,0.723,GAM,GAM,Data,AIC,BRA,19390616.830466
243775,1987,12-24m,I,Trawl_Midwater_or_Unsp,LatinAmerica,76,364,19250.8025627992,89821.7675650253,263.172,13918.3302529038,64941.1379495133,12821076.223094,0.14914754311586,0.00157188450448004,0.00171379553846255,0.723,GAM,GAM,Data,AIC,BRA,18468987.123718
243776,1988,12-24m,I,Trawl_Midwater_or_Unsp,LatinAmerica,76,346,18204.4002431629,85499.3320629237,250.158,13161.7813758068,61816.0170814938,12204543.126147,0.14914754311586,0.00156865229264174,0.00170865544990025,0.723,GAM,GAM,Data,AIC,BRA,17672157.1471233
243777,1989,12-24m,I,Trawl_Midwater_or_Unsp,LatinAmerica,76,328,17215.167698045,81239.1763342816,237.144,12446.5662456865,58735.9244896856,11596695.7136041,0.14914754311586,0.00155670862714536,0.00170646633419067,0.723,GAM,GAM,Data,AIC,BRA,16924591.7560393
243778,1990,12-24m,I,Trawl_Midwater_or_Unsp,LatinAmerica,76,310,16168.7653784087,76900.6956943442,224.13,11690.0173685895,55599.2029870109,10977864.4195876,0.14914754311586,0.00154626357651724,0.00170020478462549,0.723,GAM,GAM,Data,AIC,BRA,16137464.9789542
243779,1991,12-24m,I,Trawl_Midwater_or_Unsp,LatinAmerica,76,294,15225.978952946,73098.9211280507,212.562,11008.38278298,52850.5199755807,10435672.4258276,0.14914754311586,0.00153532614480154,0.00169324116054843,0.723,GAM,GAM,Data,AIC,BRA,15453303.5453696
243780,1992,12-24m,I,Trawl_Midwater_or_Unsp,LatinAmerica,76,280,15120.3598563937,69746.5090197351,202.44,10932.0201761726,50426.7260212685,9957609.22330765,0,0.00152848456904674,0.00136772412011791,0.723,Data,GAM,Data,AIC,BRA,14891881.1757841
243781,1993,12-24m,I,Trawl_Midwater_or_Unsp,LatinAmerica,76,265,14210.1978488986,66103.0258886784,191.595,10273.9730447537,47792.4877175145,9437854.97529247,0.14914754311586,0.00151827798089437,0.00136303907934924,0.723,GAM,GAM,Data,AIC,BRA,14254807.9067537
243782,1994,12-24m,I,Trawl_Midwater_or_Unsp,LatinAmerica,76,251,12685.0041607697,62733.727802119,181.473,9171.25800823649,45356.485200932,8957373.13940749,0.14914754311586,0.00144628622377447,0.00166830724638403,0.723,GAM,GAM,Data,AIC,BRA,13653075.1669647
243783,1995,12-24m,I,Trawl_Midwater_or_Unsp,LatinAmerica,76,239,11949.3123016648,59817.4969939617,172.797,8639.35279410366,43248.0503266343,8541550.74819344,0.14914754311586,0.00144811569641302,0.00165701035739967,0.723,GAM,GAM,Data,AIC,BRA,13146179.3759145
243784,1996,12-24m,I,Trawl_Midwater_or_Unsp,LatinAmerica,76,169,8324.05961448876,42358.1611734997,122.187,6018.29510127537,30624.9505284403,6049013.24561294,0,0.00142058334922168,0.00164107636983134,0.723,Data,GAM,Data,AIC,BRA,9409449.9724971
243785,1997,12-24m,I,Trawl_Midwater_or_Unsp,LatinAmerica,76,280,13644.3560738588,70291.8208915119,202.44,9864.86944139989,50820.9865045631,10038769.0501123,0,0.00141194524090502,0.00162959920242706,0.723,Data,Data,Data,AIC,BRA,15744038.484631
243786,1998,12-24m,I,Trawl_Midwater_or_Unsp,LatinAmerica,76,210,10076.2045502065,52786.5517115668,151.83,7285.09588979929,38164.6768874628,7539417.51435432,0.14914754311586,0.00139650895962743,0.00161265418227966,0.723,GAM,Data,Data,AIC,BRA,11940523.1216381
243787,1999,12-24m,I,Trawl_Midwater_or_Unsp,LatinAmerica,76,200,9892.21488809345,50311.787024816,144.6,7152.07136409156,36375.422018942,7186592.89651345,0.14914754311586,0.00142947649207994,0.00130624246300476,0.723,GAM,GAM,Data,AIC,BRA,11494820.3938522
243788,2000,12-24m,I,Trawl_Midwater_or_Unsp,LatinAmerica,76,190,9223.16779992977,47912.0963034417,137.37,6668.35031934922,34640.4456273883,6844521.36593128,0.14914754311586,0.00141575624640741,0.00129271424529983,0.723,GAM,GAM,Data,AIC,BRA,11056452.7882812
243789,2001,12-24m,I,Trawl_Midwater_or_Unsp,LatinAmerica,76,179,8530.7065037827,45145.8763596203,129.417,6167.70080223489,32640.4686080055,6449950.66746745,0.14914754311586,0.00140405454453401,0.00127840194321671,0.723,GAM,GAM,Data,AIC,BRA,10522591.5138881
243790,2002,12-24m,I,Trawl_Midwater_or_Unsp,LatinAmerica,76,167,7815.01885724714,42170.9962526856,120.741,5650.25863378968,30489.6302906917,6025492.89789821,0.14914754311586,0.00137846944987177,0.00126432141834506,0.723,GAM,GAM,Data,AIC,BRA,9835774.80253161
243791,2003,12-24m,I,Trawl_Midwater_or_Unsp,LatinAmerica,76,156,7184.95521599702,39454.2329108423,112.788,5194.72262116585,28525.410394539,5637771.17944731,0.14914754311586,0.00136205560011751,0.00125193277109903,0.723,GAM,GAM,Data,AIC,BRA,9233242.78186331
243792,2004,12-24m,I,Trawl_Midwater_or_Unsp,LatinAmerica,76,176,7899.91820253187,44543.6641548011,127.248,5711.64086043054,32205.0691839212,6365807.50624134,0,0.0013748046467607,0.00123100154786743,0.723,Data,Data,Data,AIC,BRA,10459986.5058732
243793,2005,12-24m,I,Trawl_Midwater_or_Unsp,LatinAmerica,76,101,4470.85702124044,25642.3960496811,73.023,3232.42962635684,18539.4523439194,3664858.57706967,0,0.00133723024389535,0.00122035034062412,0.723,Data,GAM,Data,AIC,BRA,6041790.40122378
243794,2006,12-24m,I,Trawl_Midwater_or_Unsp,LatinAmerica,76,126,5211.86735409121,32033.6805802681,91.098,3768.18009700794,23160.3510595339,4578893.8687866,0.14914754311586,0.00135438065170994,0.00143606385908812,0.723,GAM,GAM,Data,AIC,BRA,7636642.06731923
243795,2007,12-24m,I,Trawl_Midwater_or_Unsp,LatinAmerica,76,116,4693.92510521279,29492.00480058,83.868,3393.70785106885,21322.7194708193,4216015.65974911,0.14914754311586,0.00132561132641256,0.00140695999892727,0.723,GAM,GAM,Data,AIC,BRA,7097532.23789827
243796,2008,12-24m,I,Trawl_Midwater_or_Unsp,LatinAmerica,76,104,4129.60534767376,26525.7889302087,75.192,2985.70466636813,19178.1453965409,3792329.19824963,0,0.00130892128633523,0.00138255335391559,0.723,Data,GAM,Data,AIC,BRA,6444281.28691644
243797,2009,12-24m,I,Trawl_Midwater_or_Unsp,LatinAmerica,76,97,3795.63752181749,24786.3740201743,70.131,2744.24592827404,17920.548416586,3543891.71385057,0.14914754311586,0.00131738089561836,0.00136289363507973,0.723,GAM,GAM,Data,AIC,BRA,6078720.88598666
243798,2010,12-24m,I,Trawl_Midwater_or_Unsp,LatinAmerica,76,90,3461.66969596121,23044.3445498157,65.07,2502.78719017995,16661.0611095167,3295079.73750655,0.14914754311586,0.00132873459349708,0.00133944053667087,0.723,GAM,GAM,Data,AIC,BRA,5705070.1409851
243799,2011,12-24m,I,Trawl_Midwater_or_Unsp,LatinAmerica,76,83,3127.70187010494,21298.7965926633,60.009,2261.32845208587,15399.0299364956,3045763.79690113,0.14914754311586,0.00144315016429761,0.00131097891723891,0.723,GAM,GAM,Data,AIC,BRA,5322976.88515181
243800,2012,12-24m,I,Trawl_Midwater_or_Unsp,LatinAmerica,76,76,2793.73404424867,19548.8676268956,54.948,2019.86971399179,14133.8312942455,2795820.35023969,0.14914754311586,0.00143311457874618,0.00127571259484562,0.723,GAM,GAM,Data,AIC,BRA,4932089.1966018
243801,2013,12-24m,I,Trawl_Midwater_or_Unsp,LatinAmerica,76,70,2540.12474724103,18056.5604219771,50.61,1836.51019225526,13054.8931850894,2582542.05363548,0.14914754311586,0.00141850520244233,0.00125733128472781,0.723,GAM,GAM,Data,AIC,BRA,4598671.24236744
243802,2014,12-24m,I,Trawl_Midwater_or_Unsp,LatinAmerica,76,64,2286.51545023338,16558.7286549344,46.272,1653.15067051874,11971.9608175176,2368472.4561017,0.14914754311586,0.00140316491674874,0.00123487244157904,0.723,GAM,GAM,Data,AIC,BRA,4257126.9353606
243803,2015,12-24m,I,Trawl_Midwater_or_Unsp,LatinAmerica,76,58,2098.53018762493,15055.1446411999,41.934,1517.23732565283,10884.8695755875,2153578.94564018,0.14914754311586,0.00138621220896824,0.00103841362192186,0.723,GAM,GAM,Data,AIC,BRA,3909332.80808957
243804,2016,12-24m,I,Trawl_Midwater_or_Unsp,LatinAmerica,76,53,1857.41526829364,13768.517523261,38.319,1342.9112389763,9954.6381693177,1969760.87418299,0.14914754311586,0.00138739665486655,0.00100485185828987,0.723,GAM,GAM,Data,AIC,BRA,3611178.37031519
243805,2017,12-24m,I,Trawl_Midwater_or_Unsp,LatinAmerica,76,48,1629.23484238941,12517.3266478732,34.704,1177.93679104755,9050.0271664123,1790783.60123982,0.14914754311586,0.00136667361223133,0.001157714417766,0.723,GAM,GAM,Data,AIC,BRA,3313918.6481623
243806,1950,24-50m,I,Trawl_Midwater_or_Unsp,LatinAmerica,76,10,1676.63271591541,4500.37745574849,7.23,1212.20545360684,3253.77290050616,647474.636327816,0.14914754311586,0.000924201623063281,0.000308009057058365,0.723,GAM,AIC,Data,AIC,BRA,653907.542271606
243807,1951,24-50m,I,Trawl_Midwater_or_Unsp,LatinAmerica,76,10,1676.63271591541,4500.37745574849,7.23,1212.20545360684,3253.77290050616,647474.636327816,0.14914754311586,0.000924201623063281,0.000308009057058365,0.723,GAM,GAM,Data,AIC,BRA,660404.361574407
243808,1952,24-50m,I,Trawl_Midwater_or_Unsp,LatinAmerica,76,12,2112.36097207151,5477.95738580872,8.676,1527.2369828077,3960.5631899397,789370.669678374,0.14914754311586,0.000887661239538916,0.000275033636426906,0.723,GAM,GAM,Data,AIC,BRA,813133.294808914
243809,1953,24-50m,I,Trawl_Midwater_or_Unsp,LatinAmerica,76,13,2246.55700600538,5902.16031841339,9.399,1624.26071534189,4267.26191021288,849984.431282824,0.14914754311586,0.00090159219950661,0.000287338614423009,0.723,GAM,GAM,Data,AIC,BRA,884270.864836131
243810,1954,24-50m,I,Trawl_Midwater_or_Unsp,LatinAmerica,76,14,2380.75303993925,6326.36325101806,10.122,1721.28444787607,4573.96063048606,910598.192887274,0.14914754311586,0.000913654928442409,0.000298256401713467,0.723,GAM,GAM,Data,AIC,BRA,956741.72649437
243811,1955,24-50m,I,Trawl_Midwater_or_Unsp,LatinAmerica,76,16,2816.48129609534,7303.94318107829,11.568,2036.31597707693,5280.7509199196,1052494.22623783,0.14914754311586,0.000887661239538915,0.000275033636426906,0.723,GAM,GAM,Data,AIC,BRA,1116815.00301364
243812,1956,24-50m,I,Trawl_Midwater_or_Unsp,LatinAmerica,76,18,3084.87336396308,8152.34904628763,13.014,2230.36344214531,5894.14836046596,1173721.74944673,0.14914754311586,0.000907832789763736,0.000292955820753055,0.723,GAM,GAM,Data,AIC,BRA,1257825.09743432
243813,1957,24-50m,I,Trawl_Midwater_or_Unsp,LatinAmerica,76,20,3353.26543183083,9000.75491149698,14.46,2424.41090721369,6507.54580101232,1294949.27265563,0.14914754311586,0.000924201623063281,0.000308009057058365,0.723,GAM,GAM,Data,AIC,BRA,1401526.9265625
243814,1958,24-50m,I,Trawl_Midwater_or_Unsp,LatinAmerica,76,21,3487.4614657647,9424.95784410165,15.183,2521.43463974788,6814.24452128549,1355563.03426008,0,0.000931280935498716,0.000314666812015022,0.723,Data,GAM,Data,AIC,BRA,1481705.84284714
243815,1959,24-50m,I,Trawl_Midwater_or_Unsp,LatinAmerica,76,25,4191.58178978853,11250.9436393712,18.075,3030.51363401711,8134.43225126539,1618686.59081954,0,0.000924201623063281,0.000308009057058365,0.723,Data,GAM,Data,AIC,BRA,1786893.34538124
243816,1960,24-50m,I,Trawl_Midwater_or_Unsp,LatinAmerica,76,28,4761.50607987849,12652.7265020361,20.244,3442.56889575215,9147.92126097211,1821196.38577455,0,0.000913654928442409,0.000298256401713467,0.723,Data,AIC,Data,AIC,BRA,2030421.61661538
243817,1961,24-50m,I,Trawl_Midwater_or_Unsp,LatinAmerica,76,32,5298.29021561398,14349.5382324548,23.136,3830.66382588891,10374.7161420648,2063651.43219235,0,0.000933501186601609,0.000316773644468628,0.723,Data,GAM,Data,AIC,BRA,2323589.3546902
243818,1962,24-50m,I,Trawl_Midwater_or_Unsp,LatinAmerica,76,38,6270.80260750555,17023.9298929337,27.474,4533.79028522651,12308.3013125911,2448002.5119607,0,0.000935959581717157,0.000319117043697294,0.723,Data,GAM,Data,AIC,BRA,2783738.78429126
243819,1963,24-50m,I,Trawl_Midwater_or_Unsp,LatinAmerica,76,52,8484.21945915645,23221.1190791009,37.596,6134.09066897011,16788.86909419,3337932.19470632,0,0.000944315018429516,0.000327165874936703,0.723,Data,GAM,Data,AIC,BRA,3833431.59316692
243820,1964,24-50m,I,Trawl_Midwater_or_Unsp,LatinAmerica,76,64,10429.2442429396,28569.9024000588,46.272,7540.34358764533,20656.0394352425,4106634.35424304,0,0.000945220245493762,0.000328045789334538,0.723,Data,GAM,Data,AIC,BRA,4763101.42663768
243821,1965,24-50m,I,Trawl_Midwater_or_Unsp,LatinAmerica,76,74,11938.5407705667,32941.1057909563,53.502,8631.56497711969,23816.4194868614,4733440.48042919,0,0.000952558627946369,0.000335236948664618,0.723,Data,GAM,Data,AIC,BRA,5544652.08676019
243822,1966,24-50m,I,Trawl_Midwater_or_Unsp,LatinAmerica,76,81,13045.2491963921,36039.7003840399,58.563,9431.7151689915,26056.7033776608,5178405.321802,0.14914754311586,0.000953823277209429,0.000336486751594109,0.723,GAM,GAM,Data,AIC,BRA,6126141.2552597
243823,1967,24-50m,I,Trawl_Midwater_or_Unsp,LatinAmerica,76,92,14688.741757953,40835.1067075421,66.516,10619.960291,29523.782149553,5865825.2095926,0.14914754311586,0.000960148360718085,0.000342784711320243,0.723,GAM,GAM,Data,AIC,BRA,7008315.91004314
243824,1968,24-50m,I,Trawl_Midwater_or_Unsp,LatinAmerica,76,103,16332.2343195139,45630.5130310444,74.469,11808.2054130086,32990.8609214451,6553245.09738321,0.14914754311586,0.000965144011641425,0.000347815159233796,0.723,GAM,GAM,Data,AIC,BRA,7907415.32184438
243825,1969,24-50m,I,Trawl_Midwater_or_Unsp,LatinAmerica,76,115,18277.2591032972,50979.2963520023,83.145,13214.4583316839,36858.0312624977,7321947.25691992,0.14914754311586,0.000963465928012779,0.00034611979958593,0.723,GAM,GAM,Data,AIC,BRA,8922741.70019156
243826,1970,24-50m,I,Trawl_Midwater_or_Unsp,LatinAmerica,76,125,19786.5556309242,55350.4997428999,90.375,14305.6797211582,40018.4113141166,7948753.38310609,0.14914754311586,0.000966392348626176,0.000349080037286196,0.723,GAM,AIC,Data,AIC,BRA,9782826.10845109
243827,1971,24-50m,I,Trawl_Midwater_or_Unsp,LatinAmerica,76,134,21161.6561246174,59297.5002011928,96.882,15299.8773780984,42872.0926454624,8514945.74768778,0.14914754311586,0.000968084866381627,0.000350800031696713,0.723,GAM,GAM,Data,AIC,BRA,10583779.4826637
243828,1972,24-50m,I,Trawl_Midwater_or_Unsp,LatinAmerica,76,143,22536.7566183105,63244.5006594857,103.389,16294.0750350385,45725.7739768082,9081138.11226951,0.14914754311586,0.000969566128825175,0.000352310132092478,0.723,GAM,GAM,Data,AIC,BRA,11399682.7276868
243829,1973,24-50m,I,Trawl_Midwater_or_Unsp,LatinAmerica,76,150,23376.403066474,66343.0952525694,108.45,16901.1394170607,47966.0578676077,9526102.95364227,0.14914754311586,0.000969458781260124,0.000400792187994187,0.723,GAM,GAM,Data,AIC,BRA,12114216.9099641
243830,1974,24-50m,I,Trawl_Midwater_or_Unsp,LatinAmerica,76,157,24640.0964411435,69570.8639105038,113.511,17814.7897269468,50299.7346072942,9991736.3051568,0.14914754311586,0.000964481894656733,0.000394975010791114,0.723,GAM,GAM,Data,AIC,BRA,12982963.6424943
243831,1975,24-50m,I,Trawl_Midwater_or_Unsp,LatinAmerica,76,161,25168.5995853236,71267.6756409225,116.403,18196.897500189,51526.529488387,10234191.3515745,0.14914754311586,0.000967267741759884,0.000398223843324606,0.723,GAM,GAM,Data,AIC,BRA,13341885.8944437
243832,1976,24-50m,I,Trawl_Midwater_or_Unsp,LatinAmerica,76,164,25734.3833796358,72669.4585035873,118.572,18605.9591834767,52540.0184980936,10436701.1465296,0.14914754311586,0.000964600681984294,0.000395113158845967,0.723,GAM,GAM,Data,AIC,BRA,13650788.8530042
243833,1977,24-50m,I,Trawl_Midwater_or_Unsp,LatinAmerica,76,166,26168.041387903,73647.0384336476,120.018,18919.4939234539,53246.8087875272,10578597.1798802,0.14914754311586,0.000961346512120858,0.00039134079166784,0.723,GAM,GAM,Data,AIC,BRA,13991822.8453844
243834,1978,24-50m,I,Trawl_Midwater_or_Unsp,LatinAmerica,76,166,26337.4478240803,73776.2124984985,120.018,19041.97477681,53340.2016364144,10599265.6900218,0.14914754311586,0.000956759542267115,0.000386066014292565,0.723,GAM,GAM,Data,AIC,BRA,14237431.7776128
243835,1979,24-50m,I,Trawl_Midwater_or_Unsp,LatinAmerica,76,164,26073.1962519903,72927.8066332892,118.572,18850.920890189,52726.8041958681,10478038.1668129,0.14914754311586,0.000955308489262614,0.000384407663759312,0.723,GAM,GAM,Data,AIC,BRA,14173530.4474117
243836,1980,24-50m,I,Trawl_Midwater_or_Unsp,LatinAmerica,76,160,25544.6931078102,71230.9949028705,115.68,18468.8131169468,51500.0093147754,10235583.1203951,0.14914754311586,0.000952302685540441,0.000380988032099675,0.723,GAM,AIC,Data,AIC,BRA,13950181.8866794
243837,1981,24-50m,I,Trawl_Midwater_or_Unsp,LatinAmerica,76,156,25016.1899636301,69534.1831724518,112.788,18086.7053437045,50273.2144336827,9993128.0739773,0.14914754311586,0.000949150183236867,0.000377423911124385,0.723,GAM,GAM,Data,AIC,BRA,13711121.0291633
243838,1982,24-50m,I,Trawl_Midwater_or_Unsp,LatinAmerica,76,150,24054.0288111829,66859.7915119729,108.45,17391.0628304852,48339.6292631564,9608776.99420896,0.14914754311586,0.000949150183236867,0.000377423911124385,0.723,GAM,GAM,Data,AIC,BRA,13276404.4998359
243839,1983,24-50m,I,Trawl_Midwater_or_Unsp,LatinAmerica,76,143,23373.4375597524,63890.3709837402,103.389,16898.9953557009,46192.7382212442,9184480.66297779,0.14914754311586,0.000942999447592288,0.000325889865065693,0.723,GAM,GAM,Data,AIC,BRA,12874893.713761
243840,1984,24-50m,I,Trawl_Midwater_or_Unsp,LatinAmerica,76,136,22266.7291339269,60791.7763906566,98.328,16098.8451638292,43952.4543304447,8739515.82160498,0.14914754311586,0.000941762477568451,0.000324693080092151,0.723,GAM,GAM,Data,AIC,BRA,12373577.184846
243841,1985,24-50m,I,Trawl_Midwater_or_Unsp,LatinAmerica,76,128,21025.8246741676,57268.9788649684,92.544,15201.6712394232,41405.4717193722,8233937.21862772,0.14914754311586,0.000939347499481729,0.000322364861639425,0.723,GAM,GAM,Data,AIC,BRA,11774877.425551
243842,1986,24-50m,I,Trawl_Midwater_or_Unsp,LatinAmerica,76,120,19582.0359213007,53746.1813392801,86.76,14157.8119711004,38858.4891082995,7728358.61565047,0.14914754311586,0.000936615941551883,0.000363475763412041,0.723,GAM,GAM,Data,AIC,BRA,11096863.2162712
243843,1987,24-50m,I,Trawl_Midwater_or_Unsp,LatinAmerica,76,111,18223.4974107183,49799.1808809872,80.253,13175.5886279493,36004.8077769537,7162166.25106876,0.14914754311586,0.00093224057712905,0.000358688955685885,0.723,GAM,GAM,Data,AIC,BRA,10317227.1942858
243844,1988,24-50m,I,Trawl_Midwater_or_Unsp,LatinAmerica,76,102,16695.5524639587,45723.0063578433,73.746,12070.8844314422,33057.7335967207,6575305.3763454,0.14914754311586,0.000934416514560771,0.000361064277016538,0.723,GAM,GAM,Data,AIC,BRA,9521030.70963421
243845,1989,24-50m,I,Trawl_Midwater_or_Unsp,LatinAmerica,76,94,15469.1397394214,42200.2088321551,67.962,11184.1880316017,30510.7509856481,6069726.77336814,0.14914754311586,0.000930525972929375,0.000356824490396216,0.723,GAM,GAM,Data,AIC,BRA,8858355.02171949
243846,1990,24-50m,I,Trawl_Midwater_or_Unsp,LatinAmerica,76,86,14242.727014884,38677.4113064668,62.178,10297.4916317611,27963.7683745755,5564148.17039088,0.14914754311586,0.000925926718384178,0.000351854544691182,0.723,GAM,GAM,Data,AIC,BRA,8179299.98089448
243847,1991,24-50m,I,Trawl_Midwater_or_Unsp,LatinAmerica,76,77,12714.7820681245,34601.236783323,55.671,9192.78743525398,25016.6941943425,4977287.29566752,0.14914754311586,0.000928058261002961,0.000354152240239144,0.723,GAM,GAM,Data,AIC,BRA,7370443.25213782
243848,1992,24-50m,I,Trawl_Midwater_or_Unsp,LatinAmerica,76,70,11736.4290114079,31502.6421902394,50.61,8485.4381752479,22776.4103035431,4532322.45429471,0,0.000924201623063274,0.000308009057058365,0.723,Data,GAM,Data,AIC,BRA,6778214.12008323
243849,1993,24-50m,I,Trawl_Midwater_or_Unsp,LatinAmerica,76,63,10629.7205855824,28404.0475971559,45.549,7685.2879833761,20536.1264127437,4087357.6129219,0.14914754311586,0.000919503544661527,0.000303640425978572,0.723,GAM,GAM,Data,AIC,BRA,6173489.39678992
243850,1994,24-50m,I,Trawl_Midwater_or_Unsp,LatinAmerica,76,55,9130.38903042523,24752.0760066167,39.765,6601.27126899744,17895.7509527838,3561110.49980299,0.14914754311586,0.000924201623063281,0.000350002074598451,0.723,GAM,GAM,Data,AIC,BRA,5427942.83267889
243851,1995,24-50m,I,Trawl_Midwater_or_Unsp,LatinAmerica,76,50,8300.35366402294,22501.8872787424,36.15,6001.15569908859,16268.8645025308,3237373.18163908,0.14914754311586,0.000924201623063281,0.000350002074598451,0.723,GAM,GAM,Data,AIC,BRA,4982595.05881923
243852,1996,24-50m,I,Trawl_Midwater_or_Unsp,LatinAmerica,76,33,5545.99599272602,14902.9152299103,23.859,4009.75510274091,10774.8077112252,2144933.70393846,0,0.000915247372134539,0.000340487381162459,0.723,Data,GAM,Data,AIC,BRA,3336518.79439499
243853,1997,24-50m,I,Trawl_Midwater_or_Unsp,LatinAmerica,76,49,8168.22787797792,22077.6843461378,35.427,5905.62875577804,15962.1657822576,3176759.42003463,0,0.000921179466381307,0.000346771970562648,0.723,Data,Data,Data,AIC,BRA,4982186.79160469
243854,1998,24-50m,I,Trawl_Midwater_or_Unsp,LatinAmerica,76,34,5678.12177877104,15327.118162515,24.582,4105.28204605146,11081.5064314984,2205547.46554291,0.14914754311586,0.000919848409330489,0.000345355427896956,0.723,GAM,Data,Data,AIC,BRA,3493027.20774456
243855,1999,24-50m,I,Trawl_Midwater_or_Unsp,LatinAmerica,76,29,4895.70211381236,13076.9294346408,20.967,3539.59262828634,9454.61998124529,1881810.147379,0.14914754311586,0.000919099338035081,0.000303266394347262,0.723,GAM,GAM,Data,AIC,BRA,3009919.99559964
243856,2000,24-50m,I,Trawl_Midwater_or_Unsp,LatinAmerica,76,25,4191.58178978853,11250.9436393712,18.075,3030.51363401711,8134.43225126539,1618686.59081954,0.14914754311586,0.000924201623063281,0.000308009057058365,0.723,GAM,GAM,Data,AIC,BRA,2614782.08827025
243857,2001,24-50m,I,Trawl_Midwater_or_Unsp,LatinAmerica,76,21,3487.4614657647,9424.95784410165,15.183,2521.43463974788,6814.24452128549,1355563.03426008,0.14914754311586,0.000931280935498716,0.000314666812015022,0.723,GAM,GAM,Data,AIC,BRA,2211495.3766687
243858,2002,24-50m,I,Trawl_Midwater_or_Unsp,LatinAmerica,76,18,3084.87336396308,8152.34904628763,13.014,2230.36344214531,5894.14836046596,1173721.74944673,0.14914754311586,0.000907832789763736,0.000292955820753055,0.723,GAM,GAM,Data,AIC,BRA,1915936.67173989
243859,2003,24-50m,I,Trawl_Midwater_or_Unsp,LatinAmerica,76,14,2380.75303993925,6326.36325101806,10.122,1721.28444787607,4573.96063048606,910598.192887274,0.14914754311586,0.000913654928442409,0.000298256401713467,0.723,GAM,GAM,Data,AIC,BRA,1491329.44989059
243860,2004,24-50m,I,Trawl_Midwater_or_Unsp,LatinAmerica,76,14,2380.75303993925,6326.36325101806,10.122,1721.28444787607,4573.96063048606,910598.192887274,0,0.000913654928442409,0.000298256401713467,0.723,Data,Data,Data,AIC,BRA,1496250.83707523
243861,2005,24-50m,I,Trawl_Midwater_or_Unsp,LatinAmerica,76,6,805.176203603226,2545.21759562803,4.338,582.142395205132,1840.19232163907,363682.569626699,0,0.00108149007191843,0.00048102954938742,0.723,Data,GAM,Data,AIC,BRA,599557.612403121
243862,2006,24-50m,I,Trawl_Midwater_or_Unsp,LatinAmerica,76,6,792.754716270108,2545.21759562803,4.338,573.161659863288,1840.19232163907,363682.569626699,0.14914754311586,0.00108149007191843,0.00054969228363172,0.723,GAM,GAM,Data,AIC,BRA,606546.840776196
243863,2007,24-50m,I,Trawl_Midwater_or_Unsp,LatinAmerica,76,5,660.62893022509,2121.01466302335,3.615,477.63471655274,1533.49360136588,303068.808022249,0.14914754311586,0.00108149007191843,0.00054969228363172,0.723,GAM,GAM,Data,AIC,BRA,510206.98423291
243864,2008,24-50m,I,Trawl_Midwater_or_Unsp,LatinAmerica,76,4,528.503144180072,1696.81173041868,2.892,382.107773242192,1226.79488109271,242455.046417799,0,0.00108149007191843,0.00054969228363172,0.723,Data,GAM,Data,AIC,BRA,412002.343907759
243865,2009,24-50m,I,Trawl_Midwater_or_Unsp,LatinAmerica,76,4,528.503144180072,1696.81173041868,2.892,382.107773242192,1226.79488109271,242455.046417799,0.14914754311586,0.00108149007191843,0.00054969228363172,0.723,GAM,GAM,Data,AIC,BRA,415875.165940492
243866,2010,24-50m,I,Trawl_Midwater_or_Unsp,LatinAmerica,76,3,396.377358135054,1272.60879781401,2.169,286.580829931644,920.096160819529,181841.284813349,0.14914754311586,0.00108149007191843,0.00054969228363172,0.723,GAM,GAM,Data,AIC,BRA,314838.294375249
243867,2011,24-50m,I,Trawl_Midwater_or_Unsp,LatinAmerica,76,2,264.251572090036,848.405865209342,1.446,191.053886621096,613.397440546354,121227.5232089,0.14914754311586,0.00108149007191843,0.00054969228363172,0.723,GAM,GAM,Data,AIC,BRA,211865.182894919
243868,2012,24-50m,I,Trawl_Midwater_or_Unsp,LatinAmerica,76,2,264.251572090036,848.405865209342,1.446,191.053886621096,613.397440546354,121227.5232089,0.14914754311586,0.00108149007191843,0.00054969228363172,0.723,GAM,GAM,Data,AIC,BRA,213856.715614131
243869,2013,24-50m,I,Trawl_Midwater_or_Unsp,LatinAmerica,76,2,264.251572090036,848.405865209342,1.446,191.053886621096,613.397440546354,121227.5232089,0.14914754311586,0.00108149007191843,0.00054969228363172,0.723,GAM,GAM,Data,AIC,BRA,215866.968740904
243870,2014,24-50m,I,Trawl_Midwater_or_Unsp,LatinAmerica,76,1,132.125786045018,424.202932604671,0.723,95.526943310548,306.698720273177,60613.7616044498,0.14914754311586,0.00108149007191843,0.00054969228363172,0.723,GAM,GAM,Data,AIC,BRA,108948.059123534
243871,2015,24-50m,I,Trawl_Midwater_or_Unsp,LatinAmerica,76,1,134.196033933871,424.202932604671,0.723,97.0237325341887,306.698720273177,60613.7616044498,0.14914754311586,0.00108149007191843,0.00048102954938742,0.723,GAM,GAM,Data,AIC,BRA,110030.499388801
243872,2016,24-50m,I,Trawl_Midwater_or_Unsp,LatinAmerica,76,1,134.196033933871,424.202932604671,0.723,97.0237325341887,306.698720273177,60613.7616044498,0.14914754311586,0.00108149007191843,0.00048102954938742,0.723,GAM,GAM,Data,AIC,BRA,111123.694108413
243873,2017,24-50m,I,Trawl_Midwater_or_Unsp,LatinAmerica,76,1,132.125786045018,424.202932604671,0.723,95.526943310548,306.698720273177,60613.7616044498,0.14914754311586,0.00108149007191843,0.00054969228363172,0.723,GAM,GAM,Data,AIC,BRA,112168.256833032
243874,1950,Over 50m,I,Trawl_Midwater_or_Unsp,LatinAmerica,76,2,2067.9433113999,4664.04764266804,1.446,1495.12301414213,3372.10644564899,660797.682803253,0.14914754311586,0.000218284987820084,0.000321752119307743,0.723,GAM,AIC,Data,AIC,BRA,667362.958264014
243875,1951,Over 50m,I,Trawl_Midwater_or_Unsp,LatinAmerica,76,3,3101.91496709985,6982.59094827981,2.169,2242.68452121319,5048.4132556063,989286.617995783,0.14914754311586,0.000219114810591787,0.000321752119307743,0.723,GAM,GAM,Data,AIC,BRA,1009042.14731406
243876,1952,Over 50m,I,Trawl_Midwater_or_Unsp,LatinAmerica,76,3,3101.91496709985,6969.10859007369,2.169,2242.68452121319,5038.66551062328,987376.450745383,0.14914754311586,0.00022030646008057,0.000321752119307743,0.723,GAM,GAM,Data,AIC,BRA,1017099.69403658
243877,1953,Over 50m,I,Trawl_Midwater_or_Unsp,LatinAmerica,76,3,3101.91496709985,6955.59138003789,2.169,2242.68452121319,5028.89256776739,985461.345722034,0.14914754311586,0.000221157510979136,0.000321752119307743,0.723,GAM,GAM,Data,AIC,BRA,1025212.6090463
243878,1954,Over 50m,I,Trawl_Midwater_or_Unsp,LatinAmerica,76,4,4135.8866227998,9256.02155292484,2.892,2990.24602828425,6692.10358276466,1311384.03008484,0.14914754311586,0.00022196647909938,0.000321752119307743,0.723,GAM,GAM,Data,AIC,BRA,1377836.93273355
243879,1955,Over 50m,I,Trawl_Midwater_or_Unsp,LatinAmerica,76,4,4135.8866227998,9237.84955687848,2.892,2990.24602828425,6678.96522962314,1308809.43955761,0.14914754311586,0.000223238661096314,0.000321752119307743,0.723,GAM,GAM,Data,AIC,BRA,1388794.33420618
243880,1956,Over 50m,I,Trawl_Midwater_or_Unsp,LatinAmerica,76,5,5169.85827849975,11524.5719990236,3.615,3737.80753535532,8332.26555529406,1632790.02611082,0.14914754311586,0.000223734115266294,0.000321752119307743,0.723,GAM,GAM,Data,AIC,BRA,1749788.03506941
243881,1957,Over 50m,I,Trawl_Midwater_or_Unsp,LatinAmerica,76,6,6203.8299341997,13802.307273256,4.338,4485.36904242638,9979.06815856409,1955497.31955326,0.14914754311586,0.000224610662916238,0.000321752119307743,0.723,GAM,GAM,Data,AIC,BRA,2116439.77570967
243882,1958,Over 50m,I,Trawl_Midwater_or_Unsp,LatinAmerica,76,6,6203.8299341997,13775.4168390329,4.338,4485.36904242638,9959.62637462079,1951687.50927996,0,0.000225498662020848,0.000321752119307743,0.723,Data,GAM,Data,AIC,BRA,2133303.07246861
243883,1959,Over 50m,I,Trawl_Midwater_or_Unsp,LatinAmerica,76,7,7237.80158989965,16040.5631751021,5.061,5232.93054949745,11597.3271755988,2272611.21434498,0,0.000226419317865378,0.000321752119307743,0.723,Data,GAM,Data,AIC,BRA,2508770.92488657
243884,1960,Over 50m,I,Trawl_Midwater_or_Unsp,LatinAmerica,76,8,8271.7732455996,18298.0067859404,5.784,5980.49205656851,13229.4589062349,2592443.60487512,0,0.000227273450761745,0.000321752119307743,0.723,Data,AIC,Data,AIC,BRA,2890272.33762936
243885,1961,Over 50m,I,Trawl_Midwater_or_Unsp,LatinAmerica,76,9,9305.74490129955,20548.6644522947,6.507,6728.05356363957,14856.6843990091,2911314.56946491,0,0.000228099479771843,0.000321752119307743,0.723,Data,GAM,Data,AIC,BRA,3278024.30014868
243886,1962,Over 50m,I,Trawl_Midwater_or_Unsp,LatinAmerica,76,11,11373.6882126994,25073.0760311178,7.953,8223.17657778167,18127.8339704982,3552328.75207825,0,0.000228866331558985,0.000321752119307743,0.723,Data,GAM,Data,AIC,BRA,4039520.08766237
243887,1963,Over 50m,I,Trawl_Midwater_or_Unsp,LatinAmerica,76,15,15509.5748354992,34137.9076215653,10.845,11213.4226060659,24681.7072103917,4836625.17631949,0,0.000229016744724494,0.000321752119307743,0.723,Data,GAM,Data,AIC,BRA,5554598.07859906
243888,1964,Over 50m,I,Trawl_Midwater_or_Unsp,LatinAmerica,76,18,18611.4898025991,40908.6077373585,13.014,13456.1071272791,29576.9233941102,5795891.30956862,0,0.00022965903015653,0.000321752119307743,0.723,Data,GAM,Data,AIC,BRA,6722394.97941176
243889,1965,Over 50m,I,Trawl_Midwater_or_Unsp,LatinAmerica,76,21,21713.4047696989,47668.5561631257,15.183,15698.7916484923,34464.3661059399,6753634.15394943,0,0.000230219822943844,0.000321752119307743,0.723,Data,GAM,Data,AIC,BRA,7911064.23746882
243890,1966,Over 50m,I,Trawl_Midwater_or_Unsp,LatinAmerica,76,24,24815.3197367988,54421.968175812,17.352,17941.4761697055,39347.0829911121,7710450.92575366,0.14914754311586,0.000230836512904649,0.000321752119307743,0.723,GAM,GAM,Data,AIC,BRA,9121594.11586533
243891,1967,Over 50m,I,Trawl_Midwater_or_Unsp,LatinAmerica,76,27,27917.2347038986,61173.3938152398,19.521,20184.1606909187,44228.3637284184,8666986.27014829,0.14914754311586,0.000230751425394117,0.000321752119307743,0.723,GAM,GAM,Data,AIC,BRA,10355060.9844074
243892,1968,Over 50m,I,Trawl_Midwater_or_Unsp,LatinAmerica,76,30,31019.1496709985,67927.646438946,21.69,22426.8452121319,49111.688375358,9623922.13889506,0.14914754311586,0.000228901751907267,0.000321752119307743,0.723,GAM,GAM,Data,AIC,BRA,11612620.6553336
243893,1969,Over 50m,I,Trawl_Midwater_or_Unsp,LatinAmerica,76,34,35155.0362937983,76952.7819022239,24.582,25417.0912404162,55636.8613153079,10902594.4548811,0.14914754311586,0.000226030896510203,0.000321752119307743,0.723,GAM,GAM,Data,AIC,BRA,13286224.3839445
243894,1970,Over 50m,I,Trawl_Midwater_or_Unsp,LatinAmerica,76,37,38256.9512608981,83726.1389701261,26.751,27659.7757616293,60533.9984754012,11862237.0224918,0.14914754311586,0.000226118067243314,0.000321752119307743,0.723,GAM,AIC,Data,AIC,BRA,14599295.821016
243895,1971,Over 50m,I,Trawl_Midwater_or_Unsp,LatinAmerica,76,40,41358.866227998,90515.904928154,28.92,29902.4602828426,65442.9992630553,12824204.385517,0.14914754311586,0.000225610065511159,0.000321752119307743,0.723,GAM,GAM,Data,AIC,BRA,15940037.1157711
243896,1972,Over 50m,I,Trawl_Midwater_or_Unsp,LatinAmerica,76,42,43426.8095393979,95062.1476479713,30.366,31397.5832969847,68729.9327494833,13468311.5827149,0.14914754311586,0.000223787434368455,0.000321752119307743,0.723,GAM,GAM,Data,AIC,BRA,16906964.4159622
243897,1973,Over 50m,I,Trawl_Midwater_or_Unsp,LatinAmerica,76,44,44706.9437472614,99629.3191884791,31.812,32323.12032927,72031.9977732704,14115383.9546442,0.14914754311586,0.00022341193316301,0.000355253574231577,0.723,GAM,GAM,Data,AIC,BRA,17950343.7897033
243898,1974,Over 50m,I,Trawl_Midwater_or_Unsp,LatinAmerica,76,46,46739.0775539551,104218.134005778,33.258,33792.3530715095,75349.7108861775,14765522.7247426,0.14914754311586,0.000222486743716107,0.000355253574231577,0.723,GAM,GAM,Data,AIC,BRA,19185879.0947894
243899,1975,Over 50m,I,Trawl_Midwater_or_Unsp,LatinAmerica,76,47,47755.144457302,106560.920263431,33.981,34526.9694426293,77043.5453504606,15097446.3775368,0.14914754311586,0.000222081690295682,0.000355253574231577,0.723,GAM,GAM,Data,AIC,BRA,19681907.4362519
243900,1976,Over 50m,I,Trawl_Midwater_or_Unsp,LatinAmerica,76,47,47755.144457302,106650.559055547,33.981,34526.9694426293,77108.3541971605,15110146.3134418,0.14914754311586,0.000221583024164413,0.000355253574231577,0.723,GAM,GAM,Data,AIC,BRA,19763468.740444
243901,1977,Over 50m,I,Trawl_Midwater_or_Unsp,LatinAmerica,76,47,47755.144457302,106749.415581192,33.981,34526.9694426293,77179.8274652018,15124152.2087671,0.14914754311586,0.000221251912531717,0.000355253574231577,0.723,GAM,GAM,Data,AIC,BRA,20004018.9444188
243902,1978,Over 50m,I,Trawl_Midwater_or_Unsp,LatinAmerica,76,46,46739.0775539551,104580.878978542,33.258,33792.3530715095,75611.9755014859,14816916.0757149,0.14914754311586,0.00022036267528235,0.000355253574231577,0.723,GAM,GAM,Data,AIC,BRA,19902777.9802896
243903,1979,Over 50m,I,Trawl_Midwater_or_Unsp,LatinAmerica,76,45,45723.0106506083,102411.307865959,32.535,33057.7367003898,74043.3755870883,14509533.3743127,0.14914754311586,0.000219760557597328,0.000355253574231577,0.723,GAM,GAM,Data,AIC,BRA,19626891.006173
243904,1980,Over 50m,I,Trawl_Midwater_or_Unsp,LatinAmerica,76,43,43690.8768439145,97960.4809404182,31.089,31588.5039581502,70825.4277199224,13878944.593004,0.14914754311586,0.000219344649898764,0.000355253574231577,0.723,GAM,AIC,Data,AIC,BRA,18915756.8445477
243905,1981,Over 50m,I,Trawl_Midwater_or_Unsp,LatinAmerica,76,40,40642.676133874,91220.0874314408,28.92,29384.6548447909,65952.1232129317,12923972.2700012,0.14914754311586,0.000218565834925405,0.000355253574231577,0.723,GAM,GAM,Data,AIC,BRA,17732400.3715094
243906,1982,Over 50m,I,Trawl_Midwater_or_Unsp,LatinAmerica,76,38,38610.5423271803,86748.313421828,27.474,27915.4221025514,62719.0306039816,12290415.7264232,0.14914754311586,0.000218160635814752,0.000355253574231577,0.723,GAM,GAM,Data,AIC,BRA,16981612.8268436
243907,1983,Over 50m,I,Trawl_Midwater_or_Unsp,LatinAmerica,76,35,36189.0079494982,79981.9682361329,25.305,26164.6527474872,57826.9630347241,11331766.5953872,0.14914754311586,0.000218450228376634,0.000321752119307743,0.723,GAM,GAM,Data,AIC,BRA,15884979.8762008
243908,1984,Over 50m,I,Trawl_Midwater_or_Unsp,LatinAmerica,76,32,33087.0929823984,73202.0808613491,23.136,23921.968226274,52925.1044627554,10371198.8203202,0.14914754311586,0.00021621568618943,0.000321752119307743,0.723,GAM,GAM,Data,AIC,BRA,14683745.8415458
243909,1985,Over 50m,I,Trawl_Midwater_or_Unsp,LatinAmerica,76,29,29985.1780152985,66409.3189244396,20.967,21679.2837050608,48013.9375823698,9408806.98995363,0.14914754311586,0.00021410055176723,0.000321752119307743,0.723,GAM,GAM,Data,AIC,BRA,13454990.7396349
243910,1986,Over 50m,I,Trawl_Midwater_or_Unsp,LatinAmerica,76,26,26417.7394870181,59604.3795592973,18.798,19100.0256491141,43093.9664213719,8444689.87353196,0.14914754311586,0.000213478028093044,0.000355253574231577,0.723,GAM,GAM,Data,AIC,BRA,12125416.6752364
243911,1987,Over 50m,I,Trawl_Midwater_or_Unsp,LatinAmerica,76,23,23369.5387769776,52787.7867586674,16.629,16896.1765357548,38165.5698265165,7478921.70983173,0.14914754311586,0.000212543809018976,0.000355253574231577,0.723,GAM,GAM,Data,AIC,BRA,10773519.03652
243912,1988,Over 50m,I,Trawl_Midwater_or_Unsp,LatinAmerica,76,21,21337.4049702838,48257.4435750557,15.183,15426.9437935152,34890.1317047653,6837067.14328585,0.14914754311586,0.000211856381519573,0.000355253574231577,0.723,GAM,GAM,Data,AIC,BRA,9900061.29133373
243913,1989,Over 50m,I,Trawl_Midwater_or_Unsp,LatinAmerica,76,18,18289.2042602433,41419.5634102525,13.014,13223.0946801559,29946.3443456126,5868283.0067663,0.14914754311586,0.00021138935828742,0.000355253574231577,0.723,GAM,GAM,Data,AIC,BRA,8564361.49151627
243914,1990,Over 50m,I,Trawl_Midwater_or_Unsp,LatinAmerica,76,16,16257.0704535496,36872.0449681742,11.568,11753.8619379164,26658.4885119899,5223995.06649316,0.14914754311586,0.000210876752385073,0.000355253574231577,0.723,GAM,GAM,Data,AIC,BRA,7679274.78548054
243915,1991,Over 50m,I,Trawl_Midwater_or_Unsp,LatinAmerica,76,14,14224.9366468559,32315.3110332804,10.122,10284.6291956768,23363.9698770617,4578401.48426158,0.14914754311586,0.000211091493319155,0.000355253574231577,0.723,GAM,GAM,Data,AIC,BRA,6779767.03386737
243916,1992,Over 50m,I,Trawl_Midwater_or_Unsp,LatinAmerica,76,12,12407.6598683994,27747.4915621584,8.676,8970.73808485277,20061.4363994405,3931237.3141601,0,0.000210499911440713,0.000321752119307743,0.723,Data,GAM,Data,AIC,BRA,5879274.59728473
243917,1993,Over 50m,I,Trawl_Midwater_or_Unsp,LatinAmerica,76,10,10339.7165569995,23166.4528570272,7.23,7475.61507071064,16749.3454156307,3282200.25598566,0.14914754311586,0.000210838989611149,0.000321752119307743,0.723,GAM,GAM,Data,AIC,BRA,4957390.66589371
243918,1994,Over 50m,I,Trawl_Midwater_or_Unsp,LatinAmerica,76,9,9144.60213012165,20891.4260476892,6.507,6611.54734007795,15104.5010324793,2959876.69518562,0.14914754311586,0.000210495833969379,0.000355253574231577,0.723,GAM,GAM,Data,AIC,BRA,4511525.68675835
243919,1995,Over 50m,I,Trawl_Midwater_or_Unsp,LatinAmerica,76,8,8128.5352267748,18609.0576670249,5.784,5876.93096895818,13454.348693259,2636512.98778068,0.14914754311586,0.000209006208928866,0.000355253574231577,0.723,GAM,GAM,Data,AIC,BRA,4057819.67304049
243920,1996,Over 50m,I,Trawl_Midwater_or_Unsp,LatinAmerica,76,5,5080.33451673425,11656.0335949365,3.615,3673.08185559886,8427.31228913909,1651415.37572391,0,0.000187328126060974,0.000355253574231577,0.723,Data,GAM,Data,AIC,BRA,2568833.91236682
243921,1997,Over 50m,I,Trawl_Midwater_or_Unsp,LatinAmerica,76,7,7112.46832342795,16355.2920016391,5.061,5142.31459783841,11824.8761171851,2317201.6849449,0,0.000187647404118542,0.000355253574231577,0.723,Data,Data,Data,AIC,BRA,3634122.10424507
243922,1998,Over 50m,I,Trawl_Midwater_or_Unsp,LatinAmerica,76,5,5080.33451673425,11709.5163871105,3.615,3673.08185559886,8465.98034788089,1658992.76511744,0.14914754311586,0.000194343979909869,0.000355253574231577,0.723,GAM,Data,Data,AIC,BRA,2627423.32982625
243923,1999,Over 50m,I,Trawl_Midwater_or_Unsp,LatinAmerica,76,4,4135.8866227998,9389.96298637176,2.892,2990.24602828425,6788.94323914678,1330360.72064078,0.14914754311586,0.000210919766768335,0.000321752119307743,0.723,GAM,GAM,Data,AIC,BRA,2127886.99221025
243924,2000,Over 50m,I,Trawl_Midwater_or_Unsp,LatinAmerica,76,4,4135.8866227998,9412.9249754294,2.892,2990.24602828425,6805.54475723546,1333613.95266676,0.14914754311586,0.000209325096073067,0.000321752119307743,0.723,GAM,GAM,Data,AIC,BRA,2154283.5381955
243925,2001,Over 50m,I,Trawl_Midwater_or_Unsp,LatinAmerica,76,3,3101.91496709985,7077.41673695007,2.169,2242.68452121319,5116.9723008149,1002721.442471,0.14914754311586,0.000194549789771304,0.000321752119307743,0.723,GAM,GAM,Data,AIC,BRA,1635861.83605368
243926,2002,Over 50m,I,Trawl_Midwater_or_Unsp,LatinAmerica,76,2,2067.9433113999,4730.44375435884,1.446,1495.12301414213,3420.11083440144,670204.618605334,0.14914754311586,0.000193236494857253,0.000321752119307743,0.723,GAM,GAM,Data,AIC,BRA,1094015.34644876
243927,2003,Over 50m,I,Trawl_Midwater_or_Unsp,LatinAmerica,76,2,2067.9433113999,4742.83172232982,1.446,1495.12301414213,3429.06733524446,671959.73372358,0.14914754311586,0.000206740907245482,0.000321752119307743,0.723,GAM,GAM,Data,AIC,BRA,1100500.0315948
243928,2004,Over 50m,I,Trawl_Midwater_or_Unsp,LatinAmerica,76,2,2067.9433113999,4755.32395144044,1.446,1495.12301414213,3438.09921689144,673729.620457546,0,0.000188412245631324,0.000321752119307743,0.723,Data,Data,Data,AIC,BRA,1107039.87383904
243929,1950,12-24m,UP,Trawl_Midwater_or_Unsp,LatinAmerica,76,275,713.577975,0,198.825,515.916875925,0,61466.2796404336,0.0292161106674869,NA,0,0.723,GAM,AIC,Data,Pequivalent,BRA,62076.9704280823
243930,1951,12-24m,UP,Trawl_Midwater_or_Unsp,LatinAmerica,76,301,781.043529,0,217.623,564.694471467,0,67277.6369882565,0.0292161106674869,NA,0,0.723,GAM,GAM,Data,Pequivalent,BRA,68621.1357335226
243931,1952,12-24m,UP,Trawl_Midwater_or_Unsp,LatinAmerica,76,327,848.509083,0,236.421,613.472067009,0,73088.9943360795,0.0292161106674869,NA,0,0.723,GAM,GAM,Data,Pequivalent,BRA,75289.2108380229
243932,1953,12-24m,UP,Trawl_Midwater_or_Unsp,LatinAmerica,76,357,926.353953,0,258.111,669.753908019,0,79794.4066604903,0.0292161106674869,NA,0,0.723,GAM,GAM,Data,Pequivalent,BRA,83013.1310526081
243933,1954,12-24m,UP,Trawl_Midwater_or_Unsp,LatinAmerica,76,389,1009.388481,0,281.247,729.787871763,0,86946.846473195,0.0292161106674869,NA,0,0.723,GAM,GAM,Data,Pequivalent,BRA,91352.7795879377
243934,1955,12-24m,UP,Trawl_Midwater_or_Unsp,LatinAmerica,76,421,1092.423009,0,304.383,789.821835507,0,94099.2862859005,0.0292161106674869,NA,0,0.723,GAM,GAM,Data,Pequivalent,BRA,99849.9488900969
243935,1956,12-24m,UP,Trawl_Midwater_or_Unsp,LatinAmerica,76,456,1183.242024,0,329.688,855.483983352,0,101922.267331046,0.0292161106674869,NA,0,0.723,GAM,GAM,Data,Pequivalent,BRA,109225.534839779
243936,1957,12-24m,UP,Trawl_Midwater_or_Unsp,LatinAmerica,76,490,1271.46621,0,354.27,919.27006983,0,109521.734632046,0.0292161106674869,NA,0,0.723,GAM,GAM,Data,Pequivalent,BRA,118535.654926357
243937,1958,12-24m,UP,Trawl_Midwater_or_Unsp,LatinAmerica,76,521,1351.905909,0,376.683,977.427972207,0,116450.660700603,0,NA,0,0.723,Data,GAM,Data,Pequivalent,BRA,127287.053425499
243938,1959,12-24m,UP,Trawl_Midwater_or_Unsp,LatinAmerica,76,571,1481.647359,0,412.833,1071.231040557,0,127626.347907955,0,NA,0,0.723,Data,GAM,Data,Pequivalent,BRA,140888.713766741
243939,1960,12-24m,UP,Trawl_Midwater_or_Unsp,LatinAmerica,76,591,1533.543939,0,427.293,1108.752267897,0,132096.622790895,0,NA,0,0.723,Data,AIC,Data,Pequivalent,BRA,147272.331798776
243940,1961,12-24m,UP,Trawl_Midwater_or_Unsp,LatinAmerica,76,588,1525.759452,0,425.124,1103.124083796,0,131426.081558454,0,NA,0,0.723,Data,GAM,Data,Pequivalent,BRA,147980.535508094
243941,1962,12-24m,UP,Trawl_Midwater_or_Unsp,LatinAmerica,76,654,1697.018166,0,472.842,1226.944134018,0,146177.988672158,0,NA,0,0.723,Data,GAM,Data,Pequivalent,BRA,166225.865573338
243942,1963,12-24m,UP,Trawl_Midwater_or_Unsp,LatinAmerica,76,692,1795.621668,0,500.316,1298.234465964,0,154671.510949746,0,NA,0,0.723,Data,GAM,Data,Pequivalent,BRA,177631.725886447
243943,1964,12-24m,UP,Trawl_Midwater_or_Unsp,LatinAmerica,76,687,1782.647523,0,496.701,1288.854159129,0,153553.94222901,0,NA,0,0.723,Data,GAM,Data,Pequivalent,BRA,178100.346465263
243944,1965,12-24m,UP,Trawl_Midwater_or_Unsp,LatinAmerica,76,713,1850.113077,0,515.499,1337.631754671,0,159365.299576833,0,NA,0,0.723,Data,GAM,Data,Pequivalent,BRA,186677.142030046
243945,1966,12-24m,UP,Trawl_Midwater_or_Unsp,LatinAmerica,76,711,1844.923419,0,514.053,1333.879631937,0,158918.272088539,0.0292161106674869,NA,0,0.723,GAM,GAM,Data,Pequivalent,BRA,188003.009103467
243946,1967,12-24m,UP,Trawl_Midwater_or_Unsp,LatinAmerica,76,708,1837.138932,0,511.884,1328.251447836,0,158247.730856098,0.0292161106674869,NA,0,0.723,GAM,GAM,Data,Pequivalent,BRA,189069.747266479
243947,1968,12-24m,UP,Trawl_Midwater_or_Unsp,LatinAmerica,76,699,1813.785471,0,505.377,1311.366895533,0,156236.107158775,0.0292161106674869,NA,0,0.723,GAM,GAM,Data,Pequivalent,BRA,188520.918905648
243948,1969,12-24m,UP,Trawl_Midwater_or_Unsp,LatinAmerica,76,685,1777.457865,0,495.255,1285.102036395,0,153106.914740716,0.0292161106674869,NA,0,0.723,GAM,GAM,Data,Pequivalent,BRA,186580.619172521
243949,1970,12-24m,UP,Trawl_Midwater_or_Unsp,LatinAmerica,76,665,1725.561285,0,480.795,1247.580809055,0,148636.639857776,0.0292161106674869,NA,0,0.723,GAM,AIC,Data,Pequivalent,BRA,182932.634966829
243950,1971,12-24m,UP,Trawl_Midwater_or_Unsp,LatinAmerica,76,642,1665.880218,0,464.166,1204.431397614,0,143495.823742394,0.0292161106674869,NA,0,0.723,GAM,GAM,Data,Pequivalent,BRA,178360.285570238
243951,1972,12-24m,UP,Trawl_Midwater_or_Unsp,LatinAmerica,76,614,1593.225006,0,443.922,1151.901679338,0,137237.438906277,0.0292161106674869,NA,0,0.723,GAM,GAM,Data,Pequivalent,BRA,172276.122502543
243952,1973,12-24m,UP,Trawl_Midwater_or_Unsp,LatinAmerica,76,585,18527.7704612836,0,422.955,13395.578043508,0,126337.394705505,0.0292161106674869,NA,0.00599135279270463,0.723,GAM,GAM,Data,Pequivalent,BRA,160661.564414131
243953,1974,12-24m,UP,Trawl_Midwater_or_Unsp,LatinAmerica,76,554,17545.956983848,0,400.542,12685.7268993221,0,119642.592592905,0.0292161106674869,NA,0.00599135279270463,0.723,GAM,GAM,Data,Pequivalent,BRA,155460.010381355
243954,1975,12-24m,UP,Trawl_Midwater_or_Unsp,LatinAmerica,76,521,16500.8007014166,0,376.683,11930.0789071242,0,112515.867763364,0.0292161106674869,NA,0.00599135279270463,0.723,GAM,GAM,Data,Pequivalent,BRA,146682.216253673
243955,1976,12-24m,UP,Trawl_Midwater_or_Unsp,LatinAmerica,76,489,15487.3158214832,0,353.547,11197.3293389324,0,105605.104292294,0.0292161106674869,NA,0.00599135279270463,0.723,GAM,GAM,Data,Pequivalent,BRA,138127.264568934
243956,1977,12-24m,UP,Trawl_Midwater_or_Unsp,LatinAmerica,76,456,14442.1595390518,0,329.688,10441.6813467345,0,98478.379462752,0.0292161106674869,NA,0.00599135279270463,0.723,GAM,GAM,Data,Pequivalent,BRA,130252.812931003
243957,1978,12-24m,UP,Trawl_Midwater_or_Unsp,LatinAmerica,76,426,13492.0174641142,0,307.998,9754.72862655457,0,91999.538708624,0.0292161106674869,NA,0.00599135279270463,0.723,GAM,GAM,Data,Pequivalent,BRA,123578.103827416
243958,1979,12-24m,UP,Trawl_Midwater_or_Unsp,LatinAmerica,76,396,12541.8753891766,0,286.308,9067.77590637468,0,85520.6979544952,0.0292161106674869,NA,0.00599135279270463,0.723,GAM,GAM,Data,Pequivalent,BRA,115682.935779059
243959,1980,12-24m,UP,Trawl_Midwater_or_Unsp,LatinAmerica,76,366,11591.7333142389,0,264.618,8380.82318619472,0,79041.8572003672,0.0292161106674869,NA,0.00599135279270463,0.723,GAM,AIC,Data,Pequivalent,BRA,107726.963050005
243960,1981,12-24m,UP,Trawl_Midwater_or_Unsp,LatinAmerica,76,339,10736.6054467951,0,245.097,7762.56573803286,0,73210.9005216511,0.0292161106674869,NA,0.00599135279270463,0.723,GAM,GAM,Data,Pequivalent,BRA,100449.379841369
243961,1982,12-24m,UP,Trawl_Midwater_or_Unsp,LatinAmerica,76,315,9976.49178684499,0,227.745,7213.00356188893,0,68027.8279183487,0.0292161106674869,NA,0.00599135279270463,0.723,GAM,GAM,Data,Pequivalent,BRA,93993.747719772
243962,1983,12-24m,UP,Trawl_Midwater_or_Unsp,LatinAmerica,76,290,752.50041,0,209.67,544.05779643,0,64818.9858026391,0.0292161106674869,NA,0,0.723,GAM,GAM,Data,Pequivalent,BRA,90863.8804376543
243963,1984,12-24m,UP,Trawl_Midwater_or_Unsp,LatinAmerica,76,267,692.819343,0,193.041,500.908384989,0,59678.1696872574,0.0292161106674869,NA,0,0.723,GAM,GAM,Data,Pequivalent,BRA,84493.5181706676
243964,1985,12-24m,UP,Trawl_Midwater_or_Unsp,LatinAmerica,76,246,638.327934,0,177.858,461.511096282,0,54984.3810601697,0.0292161106674869,NA,0,0.723,GAM,GAM,Data,Pequivalent,BRA,78629.9834590175
243965,1986,12-24m,UP,Trawl_Midwater_or_Unsp,LatinAmerica,76,225,7126.06556203213,0,162.675,5152.14540134923,0,48591.3056559634,0.0292161106674869,NA,0.00599135279270463,0.723,GAM,GAM,Data,Pequivalent,BRA,69770.4518100792
243966,1987,12-24m,UP,Trawl_Midwater_or_Unsp,LatinAmerica,76,207,6555.98031706956,0,149.661,4739.97376924129,0,44704.0012034862,0.0292161106674869,NA,0.00599135279270463,0.723,GAM,GAM,Data,Pequivalent,BRA,64396.9046154392
243967,1988,12-24m,UP,Trawl_Midwater_or_Unsp,LatinAmerica,76,190,6017.56647460491,0,137.37,4350.70056113935,0,41032.6581094801,0.0292161106674869,NA,0.00599135279270463,0.723,GAM,GAM,Data,Pequivalent,BRA,59415.2173317645
243968,1989,12-24m,UP,Trawl_Midwater_or_Unsp,LatinAmerica,76,173,5479.15263214026,0,125.079,3961.42735303741,0,37361.315015474,0.0292161106674869,NA,0.00599135279270463,0.723,GAM,GAM,Data,Pequivalent,BRA,54526.3081589611
243969,1990,12-24m,UP,Trawl_Midwater_or_Unsp,LatinAmerica,76,157,4972.41019217353,0,113.511,3595.05256894146,0,33905.9332799388,0.0292161106674869,NA,0.00599135279270463,0.723,GAM,AIC,Data,Pequivalent,BRA,49841.7351472743
243970,1991,12-24m,UP,Trawl_Midwater_or_Unsp,LatinAmerica,76,143,4529.01055720265,0,103.389,3274.47463285752,0,30882.4742613456,0.0292161106674869,NA,0.00599135279270463,0.723,GAM,GAM,Data,Pequivalent,BRA,45731.2408361447
243971,1992,12-24m,UP,Trawl_Midwater_or_Unsp,LatinAmerica,76,131,339.922599,0,94.713,245.764039077,0,29280.3004832611,0.0292161106674869,NA,0,0.723,GAM,GAM,Data,Pequivalent,BRA,43789.5026616778
243972,1993,12-24m,UP,Trawl_Midwater_or_Unsp,LatinAmerica,76,118,306.189822,0,85.314,221.375241306,0,26374.6218093497,0.0292161106674869,NA,0,0.723,GAM,GAM,Data,Pequivalent,BRA,39835.8703847223
243973,1994,12-24m,UP,Trawl_Midwater_or_Unsp,LatinAmerica,76,107,3388.8400672775,0,77.361,2450.13136864163,0,23107.8653563914,0.0292161106674869,NA,0.00599135279270463,0.723,GAM,GAM,Data,Pequivalent,BRA,35221.645648646
243974,1995,12-24m,UP,Trawl_Midwater_or_Unsp,LatinAmerica,76,96,3040.45463980038,0,69.408,2198.24870457567,0,20732.290413211,0.0292161106674869,NA,0.00599135279270463,0.723,GAM,GAM,Data,Pequivalent,BRA,31908.7735565195
243975,1996,12-24m,UP,Trawl_Midwater_or_Unsp,LatinAmerica,76,88,2787.08341981701,0,63.624,2015.0613125277,0,19004.5995454434,0.0292161106674869,NA,0.00599135279270463,0.723,GAM,GAM,Data,Pequivalent,BRA,29562.3139525909
243976,1997,12-24m,UP,Trawl_Midwater_or_Unsp,LatinAmerica,76,80,2533.71219983365,0,57.84,1831.87392047973,0,17276.9086776758,0.0292161106674869,NA,0.00599135279270463,0.723,GAM,GAM,Data,Pequivalent,BRA,27095.7837319448
243977,1998,12-24m,UP,Trawl_Midwater_or_Unsp,LatinAmerica,76,70,2216.99817485444,0,50.61,1602.88968041976,0,15117.2950929664,0.0292161106674869,NA,0.00599135279270463,0.723,GAM,GAM,Data,Pequivalent,BRA,23941.957220239
243978,1999,12-24m,UP,Trawl_Midwater_or_Unsp,LatinAmerica,76,64,166.069056,0,46.272,120.067927488,0,14304.87962541,0.0292161106674869,NA,0,0.723,GAM,GAM,Data,Pequivalent,BRA,22880.3863552
243979,2000,12-24m,UP,Trawl_Midwater_or_Unsp,LatinAmerica,76,58,150.500082,0,41.934,108.811559286,0,12963.7971605278,0.0292161106674869,NA,0,0.723,GAM,GAM,Data,Pequivalent,BRA,20941.3636979315
243980,2001,12-24m,UP,Trawl_Midwater_or_Unsp,LatinAmerica,76,51,132.336279,0,36.873,95.679129717,0,11399.2009514986,0,NA,0,0.723,Data,GAM,Data,Pequivalent,BRA,18596.9073844779
243981,2002,12-24m,UP,Trawl_Midwater_or_Unsp,LatinAmerica,76,48,124.551792,0,34.704,90.050945616,0,10728.6597190575,0.0292161106674869,NA,0,0.723,GAM,GAM,Data,Pequivalent,BRA,17513.0371436419
243982,2003,12-24m,UP,Trawl_Midwater_or_Unsp,LatinAmerica,76,44,114.172476,0,31.812,82.546700148,0,9834.6047424694,0.0292161106674869,NA,0,0.723,GAM,GAM,Data,Pequivalent,BRA,16106.5943190313
243983,2004,12-24m,UP,Trawl_Midwater_or_Unsp,LatinAmerica,76,38,98.603502,0,27.474,71.290331946,0,8493.52227758716,0,NA,0,0.723,Data,Data,Data,Pequivalent,BRA,13956.1443420634
243984,2005,12-24m,UP,Trawl_Midwater_or_Unsp,LatinAmerica,76,40,103.79316,0,28.92,75.04245468,0,8940.54976588124,0,NA,0,0.723,Data,Data,Data,Pequivalent,BRA,14739.1574930445
243985,2006,12-24m,UP,Trawl_Midwater_or_Unsp,LatinAmerica,76,33,1045.15628243138,0,23.859,755.647992197888,0,7126.72482954128,0.0292161106674869,NA,0.00599135279270463,0.723,GAM,Data,Data,Pequivalent,BRA,11885.8938850893
243986,2007,12-24m,UP,Trawl_Midwater_or_Unsp,LatinAmerica,76,30,950.142074937618,0,21.69,686.952720179898,0,6478.84075412844,0.0292161106674869,NA,0.00599135279270463,0.723,GAM,Data,Data,Pequivalent,BRA,10906.928443281
243987,2008,12-24m,UP,Trawl_Midwater_or_Unsp,LatinAmerica,76,28,886.799269941777,0,20.244,641.155872167905,0,6046.91803718654,0.0292161106674869,NA,0.00599135279270463,0.723,GAM,Data,Data,Pequivalent,BRA,10275.4899992713
243988,2009,12-24m,UP,Trawl_Midwater_or_Unsp,LatinAmerica,76,25,791.785062448015,0,18.075,572.460600149915,0,5399.0339617737,0.0292161106674869,NA,0.00599135279270463,0.723,GAM,Data,Data,Pequivalent,BRA,9260.78536184329
243989,2010,12-24m,UP,Trawl_Midwater_or_Unsp,LatinAmerica,76,24,760.113659950094,0,17.352,549.562176143918,0,5183.07260330275,0.0292161106674869,NA,0.00599135279270463,0.723,GAM,Data,Data,Pequivalent,BRA,8973.92327447483
243990,2011,12-24m,UP,Trawl_Midwater_or_Unsp,LatinAmerica,76,22,696.770854954253,0,15.906,503.765328131925,0,4751.14988636086,0.0292161106674869,NA,0.00599135279270463,0.723,GAM,Data,Data,Pequivalent,BRA,8303.42164048366
243991,2012,12-24m,UP,Trawl_Midwater_or_Unsp,LatinAmerica,76,19,601.756647460491,0,13.737,435.070056113935,0,4103.26581094801,0.0292161106674869,NA,0.00599135279270463,0.723,GAM,Data,Data,Pequivalent,BRA,7238.54555791726
243992,2013,12-24m,UP,Trawl_Midwater_or_Unsp,LatinAmerica,76,19,601.756647460491,0,13.737,435.070056113935,0,4103.26581094801,0.0292161106674869,NA,0.00599135279270463,0.723,GAM,Data,Data,Pequivalent,BRA,7306.58788616169
243993,2014,12-24m,UP,Trawl_Midwater_or_Unsp,LatinAmerica,76,16,506.74243996673,0,11.568,366.374784095946,0,3455.38173553517,0.0292161106674869,NA,0.00599135279270463,0.723,GAM,Data,Data,Pequivalent,BRA,6210.75352614031
243994,2015,12-24m,UP,Trawl_Midwater_or_Unsp,LatinAmerica,76,14,36.327606,0,10.122,26.264859138,0,3129.19241805844,0.0292161106674869,NA,0,0.723,GAM,GAM,Data,Pequivalent,BRA,5680.33719288826
243995,2016,12-24m,UP,Trawl_Midwater_or_Unsp,LatinAmerica,76,14,36.327606,0,10.122,26.264859138,0,3129.19241805844,0.0292161106674869,NA,0,0.723,GAM,GAM,Data,Pequivalent,BRA,5736.77349608943
243996,2017,12-24m,UP,Trawl_Midwater_or_Unsp,LatinAmerica,76,13,411.728232472968,0,9.399,297.679512077956,0,2807.49766012232,0.0292161106674869,NA,0.00599135279270463,0.723,GAM,GAM,Data,Pequivalent,BRA,5195.38979701959
243997,1950,Less than 6m,UP,Trawl_Midwater_or_Unsp,LatinAmerica,76,6,5.13037808461538,0,4.338,3.70926335517692,0,1351.26986361137,0.0292161106674869,NA,0.01731291952296,0.723,GAM,AIC,Data,Pequivalent,BRA,1364.69524191899
243998,1951,Less than 6m,UP,Trawl_Midwater_or_Unsp,LatinAmerica,76,6,5.13037808461538,0,4.338,3.70926335517692,0,1351.26986361137,0.0292161106674869,NA,0.01731291952296,0.723,GAM,GAM,Data,Pequivalent,BRA,1378.25400644912
243999,1952,Less than 6m,UP,Trawl_Midwater_or_Unsp,LatinAmerica,76,6,5.13037808461538,0,4.338,3.70926335517692,0,1351.26986361137,0.0292161106674869,NA,0.01731291952296,0.723,GAM,GAM,Data,Pequivalent,BRA,1391.94748244445
244000,1953,Less than 6m,UP,Trawl_Midwater_or_Unsp,LatinAmerica,76,6,5.13037808461538,0,4.338,3.70926335517692,0,1351.26986361137,0.0292161106674869,NA,0.01731291952296,0.723,GAM,GAM,Data,Pequivalent,BRA,1405.77700831445
244001,1954,Less than 6m,UP,Trawl_Midwater_or_Unsp,LatinAmerica,76,7,5.98544109871795,0,5.061,4.32747391437308,0,1576.48150754659,0.0292161106674869,NA,0.01731291952296,0.723,GAM,GAM,Data,Pequivalent,BRA,1656.36792506054
244002,1955,Less than 6m,UP,Trawl_Midwater_or_Unsp,LatinAmerica,76,7,5.98544109871795,0,5.061,4.32747391437308,0,1576.48150754659,0.0292161106674869,NA,0.01731291952296,0.723,GAM,GAM,Data,Pequivalent,BRA,1672.82456825919
244003,1956,Less than 6m,UP,Trawl_Midwater_or_Unsp,LatinAmerica,76,7,5.98544109871795,0,5.061,4.32747391437308,0,1576.48150754659,0.0292161106674869,NA,0.01731291952296,0.723,GAM,GAM,Data,Pequivalent,BRA,1689.44471444609
244004,1957,Less than 6m,UP,Trawl_Midwater_or_Unsp,LatinAmerica,76,7,5.98544109871795,0,5.061,4.32747391437308,0,1576.48150754659,0.0292161106674869,NA,0.01731291952296,0.723,GAM,GAM,Data,Pequivalent,BRA,1706.22998808538
244005,1958,Less than 6m,UP,Trawl_Midwater_or_Unsp,LatinAmerica,76,7,5.98544109871795,0,5.061,4.32747391437308,0,1576.48150754659,0,NA,0.01731291952296,0.723,Data,GAM,Data,Pequivalent,BRA,1723.18202978091
244006,1959,Less than 6m,UP,Trawl_Midwater_or_Unsp,LatinAmerica,76,8,6.84050411282051,0,5.784,4.94568447356923,0,1801.69315148183,0,NA,0.01731291952296,0.723,Data,GAM,Data,Pequivalent,BRA,1988.91713878462
244007,1960,Less than 6m,UP,Trawl_Midwater_or_Unsp,LatinAmerica,76,8,6.84050411282051,0,5.784,4.94568447356923,0,1801.69315148183,0,NA,0.01731291952296,0.723,Data,AIC,Data,Pequivalent,BRA,2008.6777844778
244008,1961,Less than 6m,UP,Trawl_Midwater_or_Unsp,LatinAmerica,76,7,5.98544109871795,0,5.061,4.32747391437308,0,1576.48150754659,0,NA,0.01731291952296,0.723,Data,GAM,Data,Pequivalent,BRA,1775.05541471685
244009,1962,Less than 6m,UP,Trawl_Midwater_or_Unsp,LatinAmerica,76,8,6.84050411282051,0,5.784,4.94568447356923,0,1801.69315148183,0,NA,0.01731291952296,0.723,Data,GAM,Data,Pequivalent,BRA,2048.79001498853
244010,1963,Less than 6m,UP,Trawl_Midwater_or_Unsp,LatinAmerica,76,9,7.69556712692308,0,6.507,5.56389503276539,0,2026.90479541705,0,NA,0.01731291952296,0.723,Data,GAM,Data,Pequivalent,BRA,2327.78871045248
244011,1964,Less than 6m,UP,Trawl_Midwater_or_Unsp,LatinAmerica,76,9,7.69556712692308,0,6.507,5.56389503276539,0,2026.90479541705,0,NA,0.01731291952296,0.723,Data,GAM,Data,Pequivalent,BRA,2350.91617366291
244012,1965,Less than 6m,UP,Trawl_Midwater_or_Unsp,LatinAmerica,76,9,7.69556712692308,0,6.507,5.56389503276539,0,2026.90479541705,0,NA,0.01731291952296,0.723,Data,GAM,Data,Pequivalent,BRA,2374.27341698704
244013,1966,Less than 6m,UP,Trawl_Midwater_or_Unsp,LatinAmerica,76,9,7.69556712692308,0,6.507,5.56389503276539,0,2026.90479541705,0.0292161106674869,NA,0.01731291952296,0.723,GAM,GAM,Data,Pequivalent,BRA,2397.86272337739
244014,1967,Less than 6m,UP,Trawl_Midwater_or_Unsp,LatinAmerica,76,9,7.69556712692308,0,6.507,5.56389503276539,0,2026.90479541705,0.0292161106674869,NA,0.01731291952296,0.723,GAM,GAM,Data,Pequivalent,BRA,2421.6863984685
244015,1968,Less than 6m,UP,Trawl_Midwater_or_Unsp,LatinAmerica,76,9,7.69556712692308,0,6.507,5.56389503276539,0,2026.90479541705,0.0292161106674869,NA,0.01731291952296,0.723,GAM,GAM,Data,Pequivalent,BRA,2445.74677080225
244016,1969,Less than 6m,UP,Trawl_Midwater_or_Unsp,LatinAmerica,76,9,7.69556712692308,0,6.507,5.56389503276539,0,2026.90479541705,0.0292161106674869,NA,0.01731291952296,0.723,GAM,GAM,Data,Pequivalent,BRA,2470.04619205546
244017,1970,Less than 6m,UP,Trawl_Midwater_or_Unsp,LatinAmerica,76,9,7.69556712692308,0,6.507,5.56389503276539,0,2026.90479541705,0.0292161106674869,NA,0.01731291952296,0.723,GAM,AIC,Data,Pequivalent,BRA,2494.58703726976
244018,1971,Less than 6m,UP,Trawl_Midwater_or_Unsp,LatinAmerica,76,9,7.69556712692308,0,6.507,5.56389503276539,0,2026.90479541705,0.0292161106674869,NA,0.01731291952296,0.723,GAM,GAM,Data,Pequivalent,BRA,2519.37170508373
244019,1972,Less than 6m,UP,Trawl_Midwater_or_Unsp,LatinAmerica,76,9,7.69556712692308,0,6.507,5.56389503276539,0,2026.90479541705,0.0292161106674869,NA,0.01731291952296,0.723,GAM,GAM,Data,Pequivalent,BRA,2544.40261796731
244020,1973,Less than 6m,UP,Trawl_Midwater_or_Unsp,LatinAmerica,76,12,10.1370415149346,0,8.676,7.32908101529772,0,2702.53972722274,0.0292161106674869,NA,0.0895656167030847,0.723,GAM,GAM,Data,Pequivalent,BRA,3436.78339638916
244021,1974,Less than 6m,UP,Trawl_Midwater_or_Unsp,LatinAmerica,76,12,10.1370415149346,0,8.676,7.32908101529772,0,2702.53972722274,0.0292161106674869,NA,0.0895656167030847,0.723,GAM,GAM,Data,Pequivalent,BRA,3511.59938066225
244022,1975,Less than 6m,UP,Trawl_Midwater_or_Unsp,LatinAmerica,76,12,10.1370415149346,0,8.676,7.32908101529772,0,2702.53972722274,0.0292161106674869,NA,0.0895656167030847,0.723,GAM,GAM,Data,Pequivalent,BRA,3523.18765861844
244023,1976,Less than 6m,UP,Trawl_Midwater_or_Unsp,LatinAmerica,76,9,7.60278113620098,0,6.507,5.49681076147331,0,2026.90479541705,0.0292161106674869,NA,0.0895656167030847,0.723,GAM,GAM,Data,Pequivalent,BRA,2651.1106334189
244024,1977,Less than 6m,UP,Trawl_Midwater_or_Unsp,LatinAmerica,76,9,7.60278113620098,0,6.507,5.49681076147331,0,2026.90479541705,0.0292161106674869,NA,0.0895656167030847,0.723,GAM,GAM,Data,Pequivalent,BRA,2680.89353812192
244025,1978,Less than 6m,UP,Trawl_Midwater_or_Unsp,LatinAmerica,76,8,6.7580276766231,0,5.784,4.8860540101985,0,1801.69315148183,0.0292161106674869,NA,0.0895656167030847,0.723,GAM,GAM,Data,Pequivalent,BRA,2420.11890998856
244026,1979,Less than 6m,UP,Trawl_Midwater_or_Unsp,LatinAmerica,76,8,6.7580276766231,0,5.784,4.8860540101985,0,1801.69315148183,0.0292161106674869,NA,0.0895656167030847,0.723,GAM,GAM,Data,Pequivalent,BRA,2437.13110535351
244027,1980,Less than 6m,UP,Trawl_Midwater_or_Unsp,LatinAmerica,76,8,6.7580276766231,0,5.784,4.8860540101985,0,1801.69315148183,0.0292161106674869,NA,0.0895656167030847,0.723,GAM,AIC,Data,Pequivalent,BRA,2455.54619326719
244028,1981,Less than 6m,UP,Trawl_Midwater_or_Unsp,LatinAmerica,76,10,8.44753459577887,0,7.23,6.10756751274812,0,2252.11643935228,0.0292161106674869,NA,0.0895656167030847,0.723,GAM,GAM,Data,Pequivalent,BRA,3090.02755124676
244029,1982,Less than 6m,UP,Trawl_Midwater_or_Unsp,LatinAmerica,76,15,12.6713018936683,0,10.845,9.16135126912218,0,3378.17465902842,0.0292161106674869,NA,0.0895656167030847,0.723,GAM,GAM,Data,Pequivalent,BRA,4667.60892373574
244030,1983,Less than 6m,UP,Trawl_Midwater_or_Unsp,LatinAmerica,76,14,11.9708821974359,0,10.122,8.65494782874616,0,3152.96301509319,0.0292161106674869,NA,0.01731291952296,0.723,GAM,GAM,Data,Pequivalent,BRA,4419.8540116021
244031,1984,Less than 6m,UP,Trawl_Midwater_or_Unsp,LatinAmerica,76,14,11.9708821974359,0,10.122,8.65494782874616,0,3152.96301509319,0.0292161106674869,NA,0.01731291952296,0.723,GAM,GAM,Data,Pequivalent,BRA,4464.0266148126
244032,1985,Less than 6m,UP,Trawl_Midwater_or_Unsp,LatinAmerica,76,13,11.1158191833333,0,9.399,8.03673726954998,0,2927.75137115796,0.0292161106674869,NA,0.01731291952296,0.723,GAM,GAM,Data,Pequivalent,BRA,4186.80791613071
244033,1986,Less than 6m,UP,Trawl_Midwater_or_Unsp,LatinAmerica,76,13,10.9817949745125,0,9.399,7.93983776657254,0,2927.75137115796,0.0292161106674869,NA,0.0895656167030847,0.723,GAM,GAM,Data,Pequivalent,BRA,4203.84949932294
244034,1988,Less than 6m,UP,Trawl_Midwater_or_Unsp,LatinAmerica,76,12,10.1370415149346,0,8.676,7.32908101529772,0,2702.53972722274,0.0292161106674869,NA,0.0895656167030847,0.723,GAM,GAM,Data,Pequivalent,BRA,3913.2728085088
244035,1992,Less than 6m,UP,Trawl_Midwater_or_Unsp,LatinAmerica,76,7,5.98544109871795,0,5.061,4.32747391437308,0,1576.48150754659,0.0292161106674869,NA,0.01731291952296,0.723,GAM,GAM,Data,Pequivalent,BRA,2357.67188285045
244036,1993,Less than 6m,UP,Trawl_Midwater_or_Unsp,LatinAmerica,76,7,5.98544109871795,0,5.061,4.32747391437308,0,1576.48150754659,0.0292161106674869,NA,0.01731291952296,0.723,GAM,GAM,Data,Pequivalent,BRA,2381.09624670618
244037,1994,Less than 6m,UP,Trawl_Midwater_or_Unsp,LatinAmerica,76,6,5.06852075746732,0,4.338,3.66454050764887,0,1351.26986361137,0.0292161106674869,NA,0.0895656167030847,0.723,GAM,GAM,Data,Pequivalent,BRA,2059.64279165448
244038,1995,Less than 6m,UP,Trawl_Midwater_or_Unsp,LatinAmerica,76,6,5.06852075746732,0,4.338,3.66454050764887,0,1351.26986361137,0.0292161106674869,NA,0.0895656167030847,0.723,GAM,GAM,Data,Pequivalent,BRA,2079.72024471782
244039,1996,Less than 6m,UP,Trawl_Midwater_or_Unsp,LatinAmerica,76,6,5.06852075746732,0,4.338,3.66454050764887,0,1351.26986361137,0.0292161106674869,NA,0.0895656167030847,0.723,GAM,GAM,Data,Pequivalent,BRA,2101.94715480505
244040,1997,Less than 6m,UP,Trawl_Midwater_or_Unsp,LatinAmerica,76,6,5.06852075746732,0,4.338,3.66454050764887,0,1351.26986361137,0.0292161106674869,NA,0.0895656167030847,0.723,GAM,GAM,Data,Pequivalent,BRA,2119.22842627618
244041,1998,Less than 6m,UP,Trawl_Midwater_or_Unsp,LatinAmerica,76,6,5.06852075746732,0,4.338,3.66454050764887,0,1351.26986361137,0.0292161106674869,NA,0.0895656167030847,0.723,GAM,GAM,Data,Pequivalent,BRA,2140.06838317485
244042,1999,Less than 6m,UP,Trawl_Midwater_or_Unsp,LatinAmerica,76,5,4.27531507051282,0,3.615,3.09105279598077,0,1126.05821967614,0.0292161106674869,NA,0.01731291952296,0.723,GAM,GAM,Data,Pequivalent,BRA,1801.10897814705
244043,2000,Less than 6m,UP,Trawl_Midwater_or_Unsp,LatinAmerica,76,5,4.27531507051282,0,3.615,3.09105279598077,0,1126.05821967614,0.0292161106674869,NA,0.01731291952296,0.723,GAM,GAM,Data,Pequivalent,BRA,1819.00367857369
244044,2001,Less than 6m,UP,Trawl_Midwater_or_Unsp,LatinAmerica,76,5,4.27531507051282,0,3.615,3.09105279598077,0,1126.05821967614,0,NA,0.01731291952296,0.723,Data,GAM,Data,Pequivalent,BRA,1837.07616963225
244045,2002,Less than 6m,UP,Trawl_Midwater_or_Unsp,LatinAmerica,76,5,4.27531507051282,0,3.615,3.09105279598077,0,1126.05821967614,0.0292161106674869,NA,0.01731291952296,0.723,GAM,GAM,Data,Pequivalent,BRA,1838.13262266686
244046,2005,Less than 6m,UP,Trawl_Midwater_or_Unsp,LatinAmerica,76,5,4.27531507051282,0,3.615,3.09105279598077,0,1126.05821967614,0,NA,0.01731291952296,0.723,Data,Data,Data,Pequivalent,BRA,1856.39025348102
244047,2016,Less than 6m,UP,Trawl_Midwater_or_Unsp,LatinAmerica,76,3,2.56518904230769,0,2.169,1.85463167758846,0,675.634931805683,0.0292161106674869,NA,0.01731291952296,0.723,GAM,GAM,Data,Pequivalent,BRA,1238.64692610368
244048,2017,Less than 6m,UP,Trawl_Midwater_or_Unsp,LatinAmerica,76,3,2.53426037873366,0,2.169,1.83227025382444,0,675.634931805683,0.0292161106674869,NA,0.0895656167030847,0.723,GAM,GAM,Data,Pequivalent,BRA,1250.29020720906
