,SAUP,FGroup,NomActive,EffActive,NV,P,GT,Year,Sector,NomActiveHours,EffActiveHours,Country
105,76,demersal30-90cm,155995.177364896,158923.532259255,35.6300719688266,769.680317076733,126.23431205579,1950,APW,1435901.41698244,1462964.46240417,BRA
147,76,demersal<30cm,748149.649385923,756895.939345587,60.6439656571429,3736.2282469846,573.58164576564,1950,APW,6493338.45128973,6568760.37775184,BRA
240,76,demersal>=90cm,118232.728299586,120857.494867837,47.2569882214368,576.891516339222,109.126453307321,1950,APW,1216322.76775563,1243325.13319981,BRA
272,76,demersalmollusc,183446.951211348,187031.472999734,60.0462108022514,901.516090506809,171.806984398048,1950,APW,1567208.56015177,1597733.18965256,BRA
353,76,lobsterscrab,302626.28397922,309344.587483558,140.971105219858,1480.85941483109,332.296840529752,1950,APW,2839433.30779582,2902468.72722888,BRA
386,76,pelagic30-90cm,238364.090059403,242358.773528602,49.7121389719467,1178.27406079835,193.218512819254,1950,APW,2319257.72514257,2358905.06928424,BRA
434,76,pelagic<30cm,2080178.35426379,2126358.31372845,426.362754011002,10262.5075768653,1569.9559054917,1950,APW,20475888.8970939,20930453.6306094,BRA
469,76,pelagic>=90cm,57584.6372425847,58863.01618937,18.2318927946894,282.76817761711,50.4984734589574,1950,APW,577395.577810844,590213.759638245,BRA
517,76,rays<90cm,21939.4613418387,22142.2210444832,0.864079804484168,110.021131122564,16.8588143281069,1950,APW,192554.00664347,194333.548653263,BRA
555,76,reef-associated30-90cm,149324.407916958,152639.409772715,55.7007383630055,729.220980151609,132.83656365236,1950,APW,1414342.38925889,1445740.79030044,BRA
576,76,reef-associated>=90cm,29371.4378171372,30023.4837366777,11.9450541853561,143.248969714316,27.269029140911,1950,APW,277011.708441409,283161.368368809,BRA
757,76,demersal30-90cm,2904508.94407716,2968953.3251416,9350.31129838167,14098.0259748098,15747.745970277,1950,UP,23821937.1278449,24350476.0025695,BRA
807,76,demersal<30cm,7421567.85721447,7585673.14820193,23890.9433836588,36021.8103587448,39918.8000935912,1950,UP,60721675.7617618,62064052.269379,BRA
932,76,demersal>=90cm,325201.71032497,332421.188294184,1047.74297369588,1579.74501454786,2011.26660540325,1950,UP,2659874.62371255,2718923.84035897,BRA
969,76,demersalmollusc,871938.798138764,891255.278501392,2801.62643678429,4224.18045956768,3086.41575012458,1950,UP,7112389.3585686,7269935.17304096,BRA
1062,76,lobsterscrab,409343.554806464,418430.981723167,1317.23340488208,1986.07192469933,1993.74377151473,1950,UP,3340998.57989676,3415168.74837047,BRA
1103,76,pelagic30-90cm,446985.028179185,456830.137862057,1439.51089037265,2170.4370342202,2579.95215821284,1950,UP,3674907.18919002,3755816.78314078,BRA
1162,76,pelagic<30cm,4847350.47706262,4954961.65765341,15610.3208200842,23536.6183406911,27898.2653743898,1950,UP,39351349.9313965,40224949.8998735,BRA
1202,76,pelagic>=90cm,178478.66750791,182440.893926586,575.257318875126,867.350012732158,1171.45200097734,1950,UP,1456972.51345553,1489317.30325425,BRA
1256,76,rays<90cm,1823.53394172173,1840.38664352807,5.89764938604767,8.89224022404601,15.1590849754074,1950,UP,15764.1193359447,15909.807878576,BRA
1299,76,reef-associated30-90cm,625748.406857038,639640.021489265,2016.51148256411,3040.41548484182,4006.65690262935,1950,UP,5102751.53906393,5216032.62323115,BRA
1327,76,reef-associated>=90cm,329991.841064971,337317.659936614,1063.63134131513,1603.70086074865,2175.78200684356,1950,UP,2699134.8391575,2759055.6325868,BRA
1460,76,benthopelagic>=90cm,17572.9779706053,17761.2003649998,0.216548922980855,88.9785011575912,27.8028275743551,1950,I,157594.874246785,159276.733498494,BRA
1530,76,demersal30-90cm,4812659.97000259,4864207.88547118,59.3056188268378,24368.2813139734,7614.27889705447,1950,I,34632709.6847321,35002257.8048864,BRA
1578,76,demersal<30cm,1173935.49271714,1186509.39736059,14.4662143788108,5944.07053672936,1857.32470284921,1950,I,8505684.00208304,8596445.11213101,BRA
1652,76,demersal>=90cm,552991.182643195,558914.215418302,6.8144195718905,2799.99933234199,874.906832916145,1950,I,3989038.67269007,4031603.91670475,BRA
1727,76,flatfish<90cm,29552.9625691773,29869.5013701435,0.364176306711004,149.637603744246,46.7567832837786,1950,I,247401.246374962,250041.362642153,BRA
1787,76,lobsterscrab,106532.091930175,107673.146420569,1.31277748193651,539.411469187838,168.548175956542,1950,I,766446.792018984,774625.159318613,BRA
1826,76,pelagic30-90cm,26867.5690040058,27155.3448253806,0.331084642606586,136.040460741683,42.5081275131611,1950,I,293259.089025442,296389.286331105,BRA
1884,76,pelagic<30cm,846178.860808918,855242.197229976,10.4273232040606,4284.51722138147,1338.76938806202,1950,I,6743188.31698203,6815150.39219355,BRA
1926,76,pelagic>=90cm,448027.06393706,452825.836624809,5.5209639666158,2268.52709278066,708.839402639824,1950,I,4292674.48226818,4338488.19454671,BRA
1963,76,rays<90cm,220597.283007389,222960.078253249,2.71838410812664,1116.96581161527,349.014733478004,1950,I,1703972.41296791,1722156.74563821,BRA
2012,76,reef-associated>=90cm,857.424808255471,866.60859888521,0.0105659051684564,4.34145962178538,1.35656199773181,1950,I,6343.08951762886,6410.7770685325,BRA
2047,76,shrimp,3263852.83094822,3298811.62938409,40.2199226842545,16526.0966799431,5163.85655514474,1950,I,24382600.297944,24642792.8116771,BRA
2189,76,demersal30-90cm,365845.666281686,381178.8404276,88.8128546931943,1798.90490667735,284.494395614245,1951,APW,3589818.05196063,3741142.92375605,BRA
2235,76,demersal<30cm,1746928.80111361,1808788.81404292,323.330573946785,8634.30159683209,1344.78638472646,1951,APW,17611367.001627,18250483.2812449,BRA
2344,76,demersal>=90cm,175553.724923684,183434.830208087,70.0853978300117,856.535471125007,162.195418486595,1951,APW,1803215.47091357,1884166.93453481,BRA
2375,76,demersalmollusc,189882.824964255,197362.800260786,63.3771642673526,933.067631682676,180.409460714625,1951,APW,1873296.10623413,1947776.23292322,BRA
2459,76,lobsterscrab,299798.06118247,313256.847575445,145.144912535034,1466.81271558619,338.023504247329,1951,APW,2897862.03168833,3027955.28821899,BRA
2492,76,pelagic30-90cm,160161.595347777,164968.978900138,25.8595417656243,794.519533466668,127.466097016497,1951,APW,1557316.49485359,1605213.36093527,BRA
2543,76,pelagic<30cm,1055947.66633555,1103352.15596873,157.313486953086,5241.84658436484,796.901679726191,1951,APW,10309835.3098279,10772673.0968184,BRA
2580,76,pelagic>=90cm,40355.5558383767,42167.23134974,11.9456604347074,198.477987906528,34.9762534098927,1951,APW,409080.692056916,427445.486112517,BRA
2632,76,rays<90cm,22682.3904626517,23103.5791595734,0.915979693743455,113.700527871476,17.4750000080125,1951,APW,209964.17433165,213862.993423606,BRA
2671,76,reef-associated30-90cm,121208.682705572,126650.084704884,47.1098251050986,591.524951129419,110.21846307801,1951,APW,1194020.07331104,1247623.02541899,BRA
2695,76,reef-associated>=90cm,75484.1293234104,78872.8262636655,30.5866027753618,368.147580063369,70.0769460821569,1951,APW,752970.988177566,786773.994274464,BRA
2884,76,demersal30-90cm,2822523.29409331,2949121.21813228,9086.69280834324,13700.5525430274,15392.9630062162,1951,UP,23156810.6757673,24195412.7050686,BRA
2936,76,demersal<30cm,6238228.63290719,6516901.7448959,20082.3239704617,30279.326103198,33743.9988121312,1951,UP,50533476.5238505,52790108.6054831,BRA
3061,76,demersal>=90cm,496592.516704243,518885.965101844,1600.06038541131,2412.50715136052,3108.42149850958,1951,UP,4067197.02764512,4249785.05305566,BRA
3096,76,demersalmollusc,902336.797207284,942756.096411214,2899.33974835063,4371.50868860594,3204.66417112872,1951,UP,7357695.60983613,7687234.03122179,BRA
3190,76,lobsterscrab,428430.259214857,447663.710292948,1378.68212011822,2078.72184360286,2092.51916055762,1951,UP,3519366.66699927,3677361.0316822,BRA
3230,76,pelagic30-90cm,508993.276066329,531629.397935354,1639.2732499679,2471.63074258911,2955.06789199968,1951,UP,4137313.48526858,4321176.85920795,BRA
3289,76,pelagic<30cm,6610342.19871611,6907099.23338832,21286.3155188858,32094.6564789976,37605.1026393457,1951,UP,54167484.3103925,56599216.5167415,BRA
3330,76,pelagic>=90cm,187993.037585432,196432.578942869,605.919454161726,913.581155837355,1232.60136817642,1951,UP,1535817.91648455,1604765.14447843,BRA
3387,76,rays<90cm,2002.73887374216,2039.92767788936,6.47732004770073,9.76624449877367,16.6744205951571,1951,UP,17384.4607797267,17707.2723632129,BRA
3429,76,reef-associated30-90cm,604773.136093922,631923.119728885,1948.77227383743,2938.28101106157,3829.09740947659,1951,UP,4929591.17099514,5150894.51870004,BRA
3458,76,reef-associated>=90cm,246983.652670702,258071.450272663,796.06415041429,1200.27373549563,1623.89130406723,1951,UP,2023373.51281643,2114208.49618754,BRA
3595,76,benthopelagic>=90cm,19281.821534516,19694.2041633107,0.234415291435136,97.6446759584282,30.5460240158438,1951,I,171527.845855633,175189.044463182,BRA
3667,76,demersal30-90cm,5661526.53764977,5782610.28445281,68.8289947562902,28670.4201265044,8968.92055949257,1951,I,43658784.8734328,44590639.42039,BRA
3718,76,demersal<30cm,1321293.33128672,1349551.99016859,16.0633869974595,6691.13439041912,2093.17660975185,1951,I,11152043.2279976,11390082.5781886,BRA
3797,76,demersal>=90cm,608338.853676422,621349.469671801,7.39577064441771,3080.67628018563,963.722913880674,1951,I,4579716.65669322,4677464.15388362,BRA
3875,76,flatfish<90cm,32276.5962676262,32966.8997015399,0.392396937554154,163.451247484668,51.1321859802368,1951,I,267052.899968728,272752.990631015,BRA
3935,76,lobsterscrab,116284.395006542,118771.383303511,1.41370670276257,588.873413702648,184.216305299751,1951,I,949958.744693069,970234.841684098,BRA
3976,76,pelagic30-90cm,36977.3198213155,37768.1581934267,0.449545142137499,187.256084976214,58.5790142949684,1951,I,402267.931914901,410855.128974861,BRA
4040,76,pelagic<30cm,984520.734439391,1005576.79741789,11.969134475932,4985.69120747238,1559.66561273521,1951,I,7781222.27477795,7947306.42084084,BRA
4085,76,pelagic>=90cm,499284.637869466,509962.898277219,6.06996355016283,2528.41706830002,790.960569352942,1951,I,4784933.86147449,4887070.0998991,BRA
4130,76,rays<90cm,244373.913263777,249600.367443957,2.97093207684389,1237.52890932114,387.134141348562,1951,I,2034593.73778165,2078021.17130825,BRA
4181,76,reef-associated>=90cm,1063.43145169203,1086.17518764077,0.0129284773859896,5.38530134814236,1.68467499838852,1951,I,9246.38459146612,9443.74352749457,BRA
4216,76,shrimp,3558253.1213142,3634353.90740735,43.2588249476186,18019.2764665329,5636.94073734425,1951,I,27515876.1200784,28103179.9743113,BRA
4282,76,benthopelagic30-90cm,17.1849208289084,17.7897039733484,0.00185361620554857,0.0857155358732548,0.0135412950974953,1952,APW,159.312765914224,164.978224515184,BRA
4364,76,demersal30-90cm,495708.067883208,527005.809680419,119.785156163342,2438.72313531061,389.893411332006,1952,APW,4894026.18926024,5203819.98589166,BRA
4410,76,demersal<30cm,1467204.3181816,1542194.9274669,254.692996112098,7260.4778545964,1125.05194230599,1952,APW,14101373.8301991,14828014.8332061,BRA
4522,76,demersal>=90cm,132420.62069266,141437.069387265,51.5931373103396,646.67374656737,122.547536485113,1952,APW,1359583.28601193,1452156.57920635,BRA
4554,76,demersalmollusc,211274.29326595,223379.523006914,67.2797911989635,1039.65336334949,199.523564624231,1952,APW,2073892.64474799,2194066.14114402,BRA
4640,76,lobsterscrab,313340.062938873,334675.218949127,156.354252519952,1532.81467370343,360.766879432259,1952,APW,3011120.58852514,3216146.16654835,BRA
4673,76,pelagic30-90cm,131047.265726191,137398.044852623,25.3121141570905,648.6305178261,105.628031560572,1952,APW,1262174.95630347,1324459.59578787,BRA
4725,76,pelagic<30cm,1399878.26462165,1495195.22119255,236.809594953791,6938.29917110362,1093.47534464366,1952,APW,13727079.8327105,14661749.3002827,BRA
4763,76,pelagic>=90cm,44850.7050634273,47904.5653988188,13.2477349445061,220.70863900966,39.7064696983958,1952,APW,447568.62193597,478043.328185586,BRA
4812,76,rays<90cm,22747.4113369532,23383.9376965664,0.955657899642912,114.012151030521,17.1805833024661,1952,APW,212168.005719662,218104.968229666,BRA
4847,76,rays>=90cm,18.9069068530969,20.1942679508091,0.0079344919103389,0.0924027678144818,0.0191530309113946,1952,APW,173.63906440436,185.462054716532,BRA
4852,76,reef-associated30-90cm,175242.609926442,187174.784788978,68.383323960264,855.250152210735,160.511825344828,1952,APW,1730344.73281263,1848162.97309708,BRA
4875,76,reef-associated>=90cm,75409.979859044,80544.6047452869,30.7904526718943,367.785941847307,70.671496753651,1952,APW,755447.511390733,806885.525291381,BRA
4971,76,benthopelagic30-90cm,11.2080644638796,11.9049309968982,0.036143024913133,0.0544950096069784,0.0764161247829032,1952,UP,91.8493184116361,97.5312763605459,BRA
5066,76,demersal30-90cm,2906841.63871194,3104576.94151301,9358.75482185831,14110.7567823192,16031.9645615968,1952,UP,23904183.1269234,25530162.233888,BRA
5118,76,demersal<30cm,6956104.19431305,7427585.81304087,22393.8592653783,33764.5667106486,37788.7308441819,1952,UP,56724433.0874079,60568250.8134822,BRA
5242,76,demersal>=90cm,574351.712285727,613459.010827258,1850.37728245568,2789.92497242024,3527.01484057744,1952,UP,4708471.73001513,5029069.0324716,BRA
5277,76,demersalmollusc,937260.847074676,1000811.68664232,3011.67069059123,4540.87679742569,3356.37625031798,1952,UP,7643922.02316945,8162085.654348,BRA
5372,76,lobsterscrab,448638.691016689,479186.257693296,1443.74282614602,2176.81777797865,2197.30458414804,1952,UP,3678510.65250572,3928978.46029417,BRA
5412,76,pelagic30-90cm,359790.314178881,383945.602798736,1158.67069711162,1746.99740606046,2061.85734845815,1952,UP,2966026.43553372,3165015.51809753,BRA
5471,76,pelagic<30cm,6445828.22319931,6884721.19292494,20757.4273374882,31297.2200000213,36923.621082489,1952,UP,52823824.9599005,56420570.731914,BRA
5513,76,pelagic>=90cm,172993.544530236,184772.581742083,557.571411891656,840.683908462006,1133.02110978445,1952,UP,1409841.96305928,1505837.34248684,BRA
5566,76,rays<90cm,2322.20886647958,2387.18976185033,7.51064314161306,11.324247794436,19.3462846970294,1952,UP,20146.1426449617,20709.8793553984,BRA
5604,76,rays>=90cm,277.282110832273,296.162100317094,0.890940241007601,1.34332411605402,0.983547790903911,1952,UP,2267.31172220764,2421.69175540057,BRA
5609,76,reef-associated30-90cm,714476.860557408,763125.204924029,2302.33522774405,3471.36911356878,4541.57083309132,1952,UP,5828350.4652249,6225199.70720092,BRA
5637,76,reef-associated>=90cm,242137.487502414,258624.49852597,780.429712927429,1176.70075500786,1587.5182071567,1952,UP,1986418.28458587,2121672.43499921,BRA
5739,76,benthopelagic30-90cm,0.0887568097021958,0.0916049792923792,1.09453003541296e-06,0.000449446635973061,0.000139431944608486,1952,I,0.712608626835553,0.735433624124218,BRA
5777,76,benthopelagic>=90cm,19589.6300667715,20218.2532544044,0.241575137306673,99.1979473238025,30.774204520594,1952,I,174182.969656169,179761.937166911,BRA
5845,76,demersal30-90cm,6060720.38734958,6255206.41675704,74.739510381812,30690.2692740682,9521.0500712211,1952,I,46817886.6007947,48317459.5515177,BRA
5897,76,demersal<30cm,1242754.04424153,1282633.51139185,15.3253776540328,6293.05657109995,1952.29654648538,1952,I,10098099.8686495,10421534.3113747,BRA
5979,76,demersal>=90cm,976944.811247208,1008294.56922091,12.0474749198253,4947.05206755006,1534.72522575356,1952,I,7582580.95020487,7825449.36881124,BRA
6021,76,demersalmollusc,68.8438262191361,71.052996343289,0.00084896737278436,0.348611291973231,0.108149770099109,1952,I,540.197116417963,557.49973290092,BRA
6058,76,flatfish<90cm,31198.0927615806,32199.2267520135,0.384728221865153,157.980868031594,49.0104450173302,1952,I,261448.295881666,269822.284925961,BRA
6120,76,lobsterscrab,112398.774600919,116005.605140078,1.38607770104735,569.16479199035,176.572138710269,1952,I,939712.706587098,969811.376358962,BRA
6162,76,pelagic30-90cm,53603.4045367073,55323.5157850048,0.661025745096896,271.436861313078,84.2079267750375,1952,I,580292.883197951,598880.592870184,BRA
6227,76,pelagic<30cm,1121168.80164545,1157146.64826954,13.8260143901785,5677.37335251505,1761.29298441789,1952,I,8820359.81205866,9102878.5313163,BRA
6272,76,pelagic>=90cm,497257.862488002,513214.66317935,6.13207783903593,2518.01382064387,781.164070353533,1952,I,4818817.23501886,4973166.68705772,BRA
6312,76,rays<90cm,236870.747046263,244471.832087567,2.92103950133785,1199.46583003124,372.110590639089,1952,I,1993574.77070075,2057428.47277483,BRA
6369,76,reef-associated>=90cm,1555.48668361331,1605.40161278964,0.0191819298216342,7.87667176858429,2.44358189345153,1952,I,13717.4835377164,14156.8433335608,BRA
6407,76,shrimp,4127225.69893841,4259666.67746142,50.896066516737,20899.4409838904,6483.63891144753,1952,I,32145605.9552962,33175239.0821581,BRA
6473,76,benthopelagic30-90cm,20.1847027118295,21.1759322015234,0.00242723491447278,0.100644054303806,0.0164224417653869,1953,APW,188.444433308557,197.812858418564,BRA
6559,76,demersal30-90cm,605223.240952045,658559.924784656,154.511299166429,2973.17551979737,477.327564565959,1953,APW,5972283.20321853,6500116.340048,BRA
6605,76,demersal<30cm,1282010.4792741,1364956.37131811,202.037325825473,6357.36163709565,1001.87642321691,1953,APW,12322988.8065854,13140693.7260586,BRA
6720,76,demersal>=90cm,109057.824469335,119069.446948243,43.3090517985572,532.374456703452,101.922758356487,1953,APW,1114903.45488869,1217252.75944422,BRA
6753,76,demersalmollusc,225321.026288513,243600.0967378,72.308118875105,1107.33536780395,213.34929186779,1953,APW,2209483.60707685,2390022.36953825,BRA
6839,76,lobsterscrab,315247.406533118,344187.448543142,161.741785221133,1541.90405195483,370.083231376084,1953,APW,3044860.68732629,3324382.08664552,BRA
6873,76,pelagic30-90cm,234080.593902395,249720.879023773,46.4941645990377,1158.34540908016,191.555237715468,1953,APW,2267217.25294396,2420466.91485227,BRA
6928,76,pelagic<30cm,1581193.86538679,1726349.11787093,280.771867738913,7830.92828915265,1238.26084888362,1953,APW,15819654.4234713,17271915.2640413,BRA
6965,76,pelagic>=90cm,68652.6560180275,74955.0417255297,21.0569972762092,337.580902975944,61.3544817980357,1953,APW,682444.246920645,745093.343363911,BRA
7016,76,rays<90cm,25375.3646023195,26326.5031217858,1.04784941945199,127.278668272865,19.7518097872039,1953,APW,234509.820618904,243299.894262353,BRA
7052,76,rays>=90cm,26.0849116296162,28.4795338302894,0.0101427905642332,0.127546797925512,0.0257553417819794,1953,APW,237.197109413883,258.972052423201,BRA
7057,76,reef-associated30-90cm,180509.853606406,197080.847176321,70.6377784187816,880.988314615124,166.230865365743,1953,APW,1790296.6451891,1954647.75180712,BRA
7079,76,reef-associated>=90cm,86861.4896737793,94835.4653770445,35.6321916354301,423.636697021337,81.907216266695,1953,APW,867048.136996459,946644.063844329,BRA
7178,76,benthopelagic30-90cm,16.5642645635198,18.0159973096914,0.0534012617751236,0.0805162899467972,0.110547600958058,1953,UP,135.578994988628,147.430908527571,BRA
7276,76,demersal30-90cm,2628637.44002869,2869754.21816852,8463.0381580618,12760.2309667286,14492.5585536208,1953,UP,21564314.2872353,23542252.3094886,BRA
7328,76,demersal<30cm,8491090.94791807,9266960.28027621,27336.1842033003,41216.4068823051,46339.3049418339,1953,UP,69196327.0211893,75517271.7670121,BRA
7455,76,demersal>=90cm,380690.969002814,415638.798572415,1226.54783034797,1849.33983690844,2362.0713971134,1953,UP,3108160.16399462,3393492.52155182,BRA
7491,76,demersalmollusc,966444.50401909,1054980.08609635,3105.41751662373,4682.22451797601,3456.0424344938,1953,UP,7894921.51184561,8618088.59289467,BRA
7586,76,lobsterscrab,469295.886419924,512377.740185142,1510.24965480939,2277.09411831406,2304.5831618307,1953,UP,3850225.82571056,4203680.58801782,BRA
7627,76,pelagic30-90cm,499379.068439252,544830.339104242,1608.38510072767,2425.05882467041,2922.25749557509,1953,UP,4098826.52424105,4471703.12381583,BRA
7687,76,pelagic<30cm,5852632.90921758,6389910.73847773,18848.8770970671,28419.5841646944,34023.2159537571,1953,UP,47959160.9436522,52361862.1355143,BRA
7728,76,pelagic>=90cm,200619.307543201,219036.370040787,646.606879586285,974.928031056671,1312.59592712434,1953,UP,1631265.0414309,1781016.88030459,BRA
7783,76,rays<90cm,1817.56815479584,1885.69561270135,5.87856430673662,8.86346450361571,15.1513421145591,1953,UP,15685.4969789793,16273.4325853239,BRA
7821,76,rays>=90cm,462.515110616885,504.974482063348,1.48613729752963,2.24073846892485,1.64618416797894,1953,UP,3779.26171891197,4126.20190190979,BRA
7826,76,reef-associated30-90cm,687143.652697323,750224.159511557,2214.26262917792,3338.57676659428,4369.04011769429,1953,UP,5598467.84236152,6112413.05235229,BRA
7852,76,reef-associated>=90cm,321339.25931574,350838.539789885,1035.68282743174,1561.56120762784,2100.2906449612,1953,UP,2634502.94802232,2876353.07719472,BRA
7956,76,benthopelagic30-90cm,1.18086960129968,1.23162553325257,1.48130799508974e-05,0.00597917363274649,0.00182532974159343,1953,I,9.34632927365204,9.74763050976459,BRA
7995,76,benthopelagic>=90cm,23859.4995237057,24885.0243851488,0.299298647068277,120.80935124899,36.8808326103246,1953,I,214625.429246569,223839.802359803,BRA
8071,76,demersal30-90cm,6607637.21715709,6891645.53153345,82.8876095011214,33456.8780330163,10213.7583361125,1953,I,51262215.9892933,53463235.7493478,BRA
8124,76,demersal<30cm,1854406.51005915,1934112.28835505,23.262070481565,9389.53674235978,2866.44973508504,1953,I,14581858.0687403,15207952.6143877,BRA
8209,76,demersal>=90cm,760114.348258109,792785.451057387,9.53503638350847,3848.73627365378,1174.94711131557,1953,I,5896173.62183397,6149332.77178864,BRA
8251,76,demersalmollusc,91.5013179056582,95.4342116477852,0.00114781203297739,0.463304556896813,0.141438205187405,1953,I,720.308699507711,751.236095741448,BRA
8289,76,flatfish<90cm,40582.9455878662,42327.2747012912,0.509081118672491,205.486260236599,62.7311072293415,1953,I,342657.550893747,357369.239412819,BRA
8351,76,lobsterscrab,146210.177879091,152494.558331499,1.83409163228028,740.315475520461,226.00445122191,1953,I,1213063.39700727,1265144.96455717,BRA
8393,76,pelagic30-90cm,37678.3381228763,39297.8219030989,0.472645103588764,190.779172892635,58.2413088742436,1953,I,403444.223339786,420764.861826593,BRA
8457,76,pelagic<30cm,1204317.81183321,1256081.59069565,15.1072193012171,6097.90047777902,1861.57482405375,1953,I,9441785.69747145,9847180.23705211,BRA
8502,76,pelagic>=90cm,620938.3343757,647627.397936847,7.78918280355496,3144.03733686976,959.815722399828,1953,I,6050931.78538009,6310717.14002227,BRA
8548,76,rays<90cm,309479.610153739,322781.60896587,3.88217818744278,1567.00818013038,478.37825294903,1953,I,2610193.18298598,2722258.54541433,BRA
8605,76,reef-associated>=90cm,1196.01776146982,1247.4247890102,0.015003101700515,6.05587429450815,1.84874501730088,1953,I,10403.1793164466,10849.8188384815,BRA
8644,76,shrimp,4473969.03706469,4666268.39658302,56.1224211131671,22653.3375663996,6915.63974323174,1953,I,35578534.0946384,37106144.7018915,BRA
8713,76,benthopelagic30-90cm,19.6630699120558,20.8314717118974,0.00212680612236188,0.098151824317982,0.0159414838417432,1954,APW,182.723748142811,193.699489434264,BRA
8800,76,demersal30-90cm,311748.665588987,343962.425921213,72.6418449163046,1536.29288828042,252.046982410916,1954,APW,3044987.24031476,3361821.44414637,BRA
8847,76,demersal<30cm,2207225.27983781,2416835.72040618,445.10329504236,10900.9337285786,1747.96423092085,1954,APW,21844057.0092073,23941848.7429056,BRA
8963,76,demersal>=90cm,176069.772224522,196500.737863618,68.8491097631135,859.760747705303,164.059701135322,1954,APW,1788031.61872073,1995513.07395381,BRA
8996,76,demersalmollusc,233479.502440242,257434.063637298,76.6510929381694,1147.26664366894,224.047292266706,1954,APW,2300603.3619295,2538542.57086512,BRA
9081,76,lobsterscrab,342148.268126847,381850.821388867,172.161598398648,1673.7522221584,400.834068400047,1954,APW,3277968.88204261,3658341.21256188,BRA
9116,76,pelagic30-90cm,136151.189818991,146640.17886337,23.6382931670125,675.527057756394,111.883020040658,1954,APW,1304346.50345443,1406768.83204792,BRA
9171,76,pelagic<30cm,1201593.29408663,1341025.01478169,175.397207598285,5973.27161888154,949.843007899452,1954,APW,11694985.0609487,13052059.7871276,BRA
9209,76,pelagic>=90cm,63585.4889380461,70963.8874173814,17.1874929764521,313.541128396892,55.7221063778788,1954,APW,631825.596288311,705142.025818342,BRA
9260,76,rays<90cm,24588.503475136,25745.9074836653,1.05173306821205,123.352325359073,19.2305623337115,1954,APW,226155.191162298,236800.528934303,BRA
9297,76,rays>=90cm,26.8787427360286,29.997725979567,0.0106745414157294,0.131406571136595,0.0269359168318878,1954,APW,248.471120124578,277.303467968474,BRA
9302,76,reef-associated30-90cm,176844.511494464,197365.377127201,70.501283632317,862.824547151254,164.832803470793,1954,APW,1739173.23172095,1940985.20710316,BRA
9325,76,reef-associated>=90cm,84149.704083629,93914.3541479247,34.3272471515884,410.41090622779,79.2700947801357,1954,APW,843904.015731781,941829.819407636,BRA
9423,76,benthopelagic30-90cm,12.5838434969173,13.9226612781499,0.0405770362861029,0.0611804348846962,0.0851685685799036,1954,UP,102.963039739831,113.864724067315,BRA
9522,76,demersal30-90cm,3751813.4533806,4186674.03306163,12079.0652376861,18212.3321928111,20652.9787103945,1954,UP,30805878.2389163,34376279.7160647,BRA
9575,76,demersal<30cm,4720253.23070716,5263439.48644392,15197.1732441836,22913.6909246292,25954.3243849273,1954,UP,38282845.5293808,42685878.0968495,BRA
9703,76,demersal>=90cm,716281.864814251,799398.517849196,2307.52485117031,3479.19382052539,4366.64671699831,1954,UP,5862215.20642295,6542460.97455334,BRA
9739,76,demersalmollusc,1001911.41203585,1117833.08378771,3219.4552020592,4854.16598602689,3601.15922822965,1954,UP,8182309.65809887,9128853.6860469,BRA
9834,76,lobsterscrab,490867.430448281,547827.211097348,1579.6973994904,2381.80465437656,2415.66351242958,1954,UP,4038140.54160071,4506722.45437831,BRA
9876,76,pelagic30-90cm,479900.228101544,534948.173848861,1545.46012021693,2330.18305193988,2749.23903686253,1954,UP,3941492.77016453,4393328.66052497,BRA
9936,76,pelagic<30cm,8790135.02274836,9810133.76724479,28306.5247220991,42679.4475663949,50282.0505890742,1954,UP,71373227.9479051,79655308.110396,BRA
9978,76,pelagic>=90cm,172084.705275258,192053.247609767,554.635321273046,836.256988278855,1124.7731173101,1954,UP,1402103.98551092,1564802.77240935,BRA
10033,76,rays<90cm,2771.35017399119,2901.80023589346,8.96330486142255,13.514513124108,23.0760220220739,1954,UP,23848.9621936928,24971.5552978301,BRA
10072,76,rays>=90cm,469.511423529465,523.993073843985,1.5086387311746,2.2746652319891,1.67660047477202,1954,UP,3834.56855905341,4279.52817637417,BRA
10077,76,reef-associated30-90cm,866154.951210945,966662.731863704,2790.90192471847,4208.01046855388,5444.86725517011,1954,UP,7047799.03051353,7865618.79596456,BRA
10104,76,reef-associated>=90cm,272830.267960141,304489.227698504,879.318456473895,1325.80125344535,1777.38701157251,1954,UP,2238564.28282537,2498325.11153247,BRA
10211,76,benthopelagic30-90cm,1.75440262619273,1.84899077665554,2.19919783587378e-05,0.00888269623728072,0.00270532402528535,1954,I,14.0046016844842,14.7594940879625,BRA
10249,76,benthopelagic>=90cm,25035.1541020038,26384.9177695371,0.313823382956136,126.755207625403,38.604709579038,1954,I,225020.647368613,237150.748400268,BRA
10327,76,demersal30-90cm,7819745.05843841,8241344.53117376,98.0229176179608,39592.0634009897,12058.2036656595,1954,I,61193612.0607194,64492109.0032091,BRA
10382,76,demersal<30cm,1660645.42116796,1750178.67688571,20.8167028586348,8407.99518527716,2560.74853530927,1954,I,13855570.1712282,14602446.3400329,BRA
10468,76,demersal>=90cm,1255021.76682926,1322685.93122496,15.7320851689274,6354.28661555995,1935.26872758242,1954,I,9759447.10392285,10285505.3405756,BRA
10510,76,demersalmollusc,92.3457706841595,97.3245683225516,0.00115758273504995,0.467554834641966,0.14239902992365,1954,I,726.335896938731,765.487367978861,BRA
10549,76,flatfish<90cm,40328.8118913458,42503.1290464923,0.505534103236489,204.188354653036,62.1878365273752,1954,I,339808.433002566,358125.754201743,BRA
10609,76,lobsterscrab,96863.0437454739,102085.388958195,1.2142081469832,490.426189156286,149.364755555324,1954,I,810602.33362239,854297.605460224,BRA
10652,76,pelagic30-90cm,54724.6584936939,57675.1238853585,0.685990483207598,277.075803940917,84.3865206242925,1954,I,597982.895555128,630219.613957318,BRA
10716,76,pelagic<30cm,1448707.9445651,1526814.64766242,18.1600011817967,7334.93692723957,2233.93669705051,1954,I,11538354.2802926,12160307.1948639,BRA
10762,76,pelagic>=90cm,823858.108700392,868276.199269983,10.3273156496172,4171.2667394299,1270.40572193516,1954,I,7966870.04323747,8396339.29613072,BRA
10810,76,rays<90cm,553052.900970888,582870.600870512,6.93268879549247,2800.15593292416,852.818661983659,1954,I,4619718.66809007,4868743.21949493,BRA
10869,76,reef-associated>=90cm,1928.87854829562,2032.87352164253,0.0241790878886263,9.76608331936844,2.97436939540263,1954,I,16928.7689956615,17841.3322390939,BRA
10908,76,shrimp,4445951.48384543,4685653.77431506,55.7313739485851,22510.2470362742,6855.74632922305,1954,I,35222601.8842437,37121203.7174971,BRA
10981,76,benthopelagic30-90cm,22.9483073524137,24.4644788651912,0.00193037594717463,0.114768777827519,0.0183611230779674,1955,APW,213.365405529275,227.56603796207,BRA
11072,76,demersal30-90cm,637956.112041619,718623.038154788,148.841335194909,3142.70781493584,514.452365767006,1955,APW,6220291.02385658,7011671.01584931,BRA
11120,76,demersal<30cm,1285253.09263174,1415348.81566219,213.742378047601,6370.49015741774,1019.08057739479,1955,APW,12285850.971284,13544621.9401596,BRA
11241,76,demersal>=90cm,201869.250368045,230295.488399929,78.8361880555029,985.990850766932,189.267756372737,1955,APW,2052190.99970428,2341170.47398343,BRA
11274,76,demersalmollusc,236927.865149832,265430.284785821,74.5124670347983,1165.54955490484,225.839892641125,1955,APW,2331467.08670037,2614730.34418653,BRA
11366,76,lobsterscrab,353001.6781356,402709.643613465,183.045408032484,1726.56833951577,422.096557969,1955,APW,3392818.53015371,3870578.59990827,BRA
11403,76,pelagic30-90cm,261831.257805457,287304.540546486,45.6730206773904,1298.22237039359,212.70237522709,1955,APW,2537623.82501028,2789304.7365766,BRA
11463,76,pelagic<30cm,1844708.93648831,2104471.80395108,347.074735839889,9130.79113185969,1481.72671602801,1955,APW,17886447.8412602,20405129.7254677,BRA
11506,76,pelagic>=90cm,63270.2419207321,72179.6471614737,17.123760725572,312.08823632533,56.2226070240495,1955,APW,629398.0753085,718026.826209938,BRA
11557,76,rays<90cm,30840.4899472986,32590.61811701,1.33035130864723,154.716095046634,24.0899464187365,1955,APW,286488.594076465,302746.174927193,BRA
11594,76,rays>=90cm,17529.5376710645,19997.9612151064,7.04285692274059,85.6849755536676,17.6739561954473,1955,APW,163920.682855897,187003.189680069,BRA
11599,76,reef-associated30-90cm,208218.053885937,237538.299299769,81.9184603721514,1016.27047618084,193.908636451236,1955,APW,2059544.75361176,2349559.74745926,BRA
11622,76,reef-associated>=90cm,74331.295799255,84798.2644126309,30.6801074123666,362.525035616769,70.7943393299016,1955,APW,735629.873248453,839217.665060235,BRA
11725,76,benthopelagic30-90cm,10.8518333854159,12.1723646702547,0.0350023326793165,0.0527751194099117,0.0749988016293331,1955,UP,89.340827047548,100.124418552444,BRA
11827,76,demersal30-90cm,3336563.53458761,3805246.4349591,10742.9260816109,16197.7549314563,18581.075381927,1955,UP,27367584.6186011,31211382.9246191,BRA
11880,76,demersal<30cm,6329168.61740114,7215695.00311506,20377.1809174692,30723.8996329032,34848.4057580862,1955,UP,52294675.1596728,59617920.9081204,BRA
12013,76,demersal>=90cm,872738.04589674,995632.738312309,2811.45037535027,4238.99260182247,5289.36508339774,1955,UP,7121260.81392995,8124041.84479441,BRA
12049,76,demersalmollusc,852947.57740357,972466.846416055,2740.88404496939,4132.59550691198,3088.5825789354,1955,UP,6971210.93679251,7947786.53150261,BRA
12153,76,lobsterscrab,513547.658378905,585862.921605872,1652.71515947954,2491.89791695355,2532.57161507088,1955,UP,4236091.97034366,4832597.67120896,BRA
12197,76,pelagic30-90cm,525886.193298889,598531.761321657,1693.61810774588,2553.56974890689,3021.90588707634,1955,UP,4300153.46367173,4893513.66184851,BRA
12262,76,pelagic<30cm,8171665.90051367,9322359.82532652,26316.1969340879,39678.5108105647,47123.0212826439,1955,UP,66730910.8529594,76127630.5243916,BRA
12310,76,pelagic>=90cm,145927.966104713,166476.826777839,470.332273962803,709.148220152479,953.825360495006,1955,UP,1195824.75071861,1364214.92874905,BRA
12365,76,rays<90cm,3875.77787759625,4095.71952102399,12.5354514620802,18.9004531163536,32.308168987248,1955,UP,33506.7161280784,35408.1466134722,BRA
12404,76,rays>=90cm,186829.98402004,213138.466305302,600.332067045964,905.156716674249,669.233428505396,1955,UP,1530863.65944491,1746432.37384001,BRA
12409,76,reef-associated30-90cm,882849.062618595,1007167.53883262,2844.731440732,4289.17246313919,5560.23131378376,1955,UP,7199728.98902004,8213559.52355567,BRA
12436,76,reef-associated>=90cm,238357.669258506,271922.027528596,768.197143751341,1158.25697570685,1547.30084767108,1955,UP,1954741.70571156,2229998.84822386,BRA
12546,76,benthopelagic30-90cm,2.29810792893853,2.44717924918455,2.90238659936352e-05,0.0116363223686858,0.0035188154295686,1955,I,18.2226539730397,19.405152012305,BRA
12584,76,benthopelagic>=90cm,25621.2395972081,27283.2120246126,0.323582463336986,129.731506377143,39.230713268098,1955,I,231411.041387011,246427.738245779,BRA
12658,76,demersal30-90cm,9172433.41709856,9767421.46885083,115.842896228278,46444.0293698322,14044.6407361229,1955,I,71612336.4937933,76259395.7548041,BRA
12712,76,demersal<30cm,1088606.02956226,1159220.61472214,13.7485081201003,5512.08693593974,1666.85108445468,1955,I,8890577.49041725,9467504.68939036,BRA
12802,76,demersal>=90cm,1907995.79935061,2031761.7240278,24.0969598074313,9661.01457628101,2921.48378836501,1955,I,14823572.8748063,15785502.9787282,BRA
12844,76,demersalmollusc,89.4502841490518,95.2526539100924,0.00112970893470344,0.452925787001519,0.136964428902328,1955,I,709.337565111011,755.367723003914,BRA
12886,76,flatfish<90cm,38466.0532747585,40961.2299695147,0.485805545288854,194.770398082598,58.8984268638535,1955,I,327211.522782009,348444.893823879,BRA
12955,76,lobsterscrab,92388.896506004,98381.8851749844,1.16682202681779,467.805262535069,141.463971492541,1955,I,772267.543099793,822381.520878381,BRA
13000,76,pelagic30-90cm,69885.7641006534,74419.0425379713,0.8826195787319,353.8620922964,107.007639601224,1955,I,777365.463259047,827808.928599046,BRA
13064,76,pelagic<30cm,1708835.07692006,1819682.04706948,21.5816670980546,8652.57700892418,2616.53300070712,1955,I,13429309.8531588,14300761.8888982,BRA
13112,76,pelagic>=90cm,827360.917134727,881029.320904692,10.4491229871788,4189.28903460076,1266.8379602086,1955,I,8048969.53019065,8571278.29798567,BRA
13160,76,rays<90cm,528440.767384805,562719.12388578,6.67392241461632,2675.72599381158,809.137596398964,1955,I,4458364.76726759,4747677.01003173,BRA
13220,76,reef-associated>=90cm,2871.95753035505,3058.25274101484,0.0362712775369682,14.5419730864521,4.39748209543269,1955,I,25090.3838430913,26718.5425216091,BRA
13266,76,shrimp,5088709.67090594,5418798.89754249,64.267663719827,25766.3556291984,7791.72722094451,1955,I,40453119.3145806,43078191.0222858,BRA
13340,76,benthopelagic30-90cm,24.8954243586364,26.7503154629067,0.00182903292888868,0.124627126024165,0.0202240556118497,1956,APW,231.005052783326,248.333095274239,BRA
13430,76,demersal30-90cm,689036.655480091,790026.854326325,158.071177100462,3397.06929842377,563.213864615653,1956,APW,6774070.55690347,7774343.59089741,BRA
13479,76,demersal<30cm,1055221.66773318,1185066.30730956,185.682219283486,5226.14529584503,848.687691921638,1956,APW,10385549.1633033,11683001.4313946,BRA
13602,76,demersal>=90cm,213629.44810289,249122.099246497,83.8747932565897,1043.25605118829,201.052309011269,1956,APW,2173571.50085057,2534691.26079219,BRA
13635,76,demersalmollusc,352570.962285824,395781.263606953,88.3644222753396,1743.15310196263,326.250954780328,1956,APW,3398349.20772054,3820900.52375263,BRA
13729,76,lobsterscrab,363567.462343548,423970.993891835,193.841937338814,1777.97601043832,443.122624520268,1956,APW,3483860.29603185,4062672.99820467,BRA
13763,76,pelagic30-90cm,269808.797095042,297489.391149741,38.6565980157727,1341.78951259408,220.984397513061,1956,APW,2576068.59585462,2845364.19986906,BRA
13822,76,pelagic<30cm,2080670.01353154,2426355.00963598,414.668557287685,10288.4303988672,1679.37004152424,1956,APW,20723458.665407,24166478.789421,BRA
13864,76,pelagic>=90cm,85228.4205985415,99388.3719848679,21.4363515693039,421.100756481263,75.2751845216703,1956,APW,850487.75101127,991788.799703843,BRA
13912,76,rays<90cm,73712.0642712922,78614.9465664499,3.22386857937028,369.833118476708,58.9449872247046,1956,APW,688375.098411382,734161.661517349,BRA
13949,76,rays>=90cm,8180.81980821678,9539.99096228869,3.36290334856104,39.9814988340996,8.36376164683172,1956,APW,74331.6211076195,86681.1652380751,BRA
13954,76,reef-associated30-90cm,211701.521186585,246873.864254324,83.9855026922982,1033.20856373887,198.710761039152,1956,APW,2080888.30467712,2426609.56793268,BRA
13976,76,reef-associated>=90cm,77268.8535309157,90106.3929572144,32.0138402193885,376.851951485055,74.0152564715594,1956,APW,773084.83608719,901526.07223381,BRA
14078,76,benthopelagic30-90cm,9.28599203980307,10.5781106868051,0.0299558730644939,0.0451662691310005,0.0647595946371965,1956,UP,77.0081866447733,87.6389940283866,BRA
14179,76,demersal30-90cm,5158290.82268479,6013762.80737804,16608.441757187,25041.5452300999,28732.773201987,1956,UP,42105338.1789602,49087556.5385514,BRA
14233,76,demersal<30cm,4610245.34252922,5371700.44283255,14843.3800944282,22380.255742014,25490.6834783168,1956,UP,37356085.9567152,43523522.7538433,BRA
14366,76,demersal>=90cm,953194.892871302,1111559.82853436,3070.57919418298,4629.69668665412,5759.92060332639,1956,UP,7786433.29736426,9080080.60643381,BRA
14402,76,demersalmollusc,975249.441877355,1135553.16947198,3134.12758136157,4725.51240706293,3585.84767815519,1956,UP,7994621.29809901,9307982.36954821,BRA
14508,76,lobsterscrab,536685.146611365,625850.656571671,1727.20092292581,2604.20457651907,2650.74744380621,1956,UP,4409287.21891871,5141851.45312333,BRA
14548,76,pelagic30-90cm,590073.555841621,686084.718731606,1900.28941744153,2865.18049633104,3375.17957982629,1956,UP,4823777.51665023,5607684.59562514,BRA
14611,76,pelagic<30cm,8568788.19359678,9992416.87765495,27595.3821358823,41607.215174088,49495.301861278,1956,UP,69715254.1767897,81297829.602875,BRA
14657,76,pelagic>=90cm,234988.210483636,274029.431867775,757.378503704818,1141.9450622827,1535.89021390361,1956,UP,1916942.21524483,2235425.27978642,BRA
14709,76,rays<90cm,7129.48696398809,7603.69747151974,23.059151086551,34.7676671504536,59.461322914618,1956,UP,61729.3396708081,65835.2033385232,BRA
14749,76,rays>=90cm,111956.984496025,130557.651347413,359.750706742496,542.417749127745,402.21036122027,1956,UP,914386.657461618,1066303.94663621,BRA
14754,76,reef-associated30-90cm,875353.596795086,1020785.88674505,2820.43840756815,4252.54439786716,5470.77685599179,1956,UP,7126321.09453803,8310296.57540876,BRA
14780,76,reef-associated>=90cm,262933.143329756,306617.169165934,847.379171615475,1277.64447521822,1700.15663280373,1956,UP,2158366.73201555,2516960.35353958,BRA
14889,76,benthopelagic30-90cm,6.71762939777802,7.22615375050201,8.45757162726176e-05,0.0340161180385892,0.0102984074776976,1956,I,53.6812705848022,57.7497465874675,BRA
14929,76,benthopelagic>=90cm,27314.599895722,29382.3143243389,0.343893911689261,138.313175558188,41.8744267002084,1956,I,244323.171755357,262839.819291281,BRA
15008,76,demersal30-90cm,10310170.7219808,11090650.3498989,129.806219139288,52207.7005904658,15805.9239312467,1956,I,80760529.8131777,86881429.0156652,BRA
15064,76,demersal<30cm,853732.543546178,918360.072604245,10.7485895842282,4323.05285913175,1308.80777872591,1956,I,6731862.16982734,7242079.20948155,BRA
15156,76,demersal>=90cm,2363583.43624226,2542506.63456901,29.757783624742,11968.4978733517,3623.47249194943,1956,I,18468082.0665714,19867790.4241993,BRA
15199,76,demersalmollusc,49137.9967784452,52857.7417251041,0.618652954435566,248.820498961774,75.3306089838184,1956,I,386683.068196908,415989.804172026,BRA
15244,76,flatfish<90cm,57243.9477043509,61577.3129035907,0.72070779626056,289.866672720902,87.7573715642027,1956,I,478730.448961763,515013.109331251,BRA
15314,76,lobsterscrab,183320.288430978,197197.629006863,2.30802323011169,928.280528872135,281.037687166209,1956,I,1534357.74527221,1650646.03313742,BRA
15361,76,pelagic30-90cm,81215.7051370393,87363.73168633,1.02251494207507,411.252668008536,124.507080632703,1956,I,881435.619681622,948232.080475807,BRA
15426,76,pelagic<30cm,2041223.98124364,2195744.57807352,25.6992415127319,10336.163515086,3129.28193375007,1956,I,16146659.9960311,17370415.0314994,BRA
15477,76,pelagic>=90cm,1075505.29989509,1156921.02024746,13.5407337480854,5446.04548212507,1648.79471118286,1956,I,10478542.3861704,11272666.1833328,BRA
15526,76,rays<90cm,831040.416178071,893950.151845271,10.4628931261083,4208.14653766133,1274.01979619001,1956,I,7029820.06185423,7562601.53854477,BRA
15591,76,reef-associated>=90cm,4219.52470858365,4538.94260799101,0.0531242948109807,21.366443734065,6.46870826568385,1956,I,37199.0092642832,40018.2657181742,BRA
15639,76,shrimp,5609523.52075121,6034164.29036907,70.6245375597165,28404.992732292,8599.63471511734,1956,I,44084208.9094174,47425372.4104799,BRA
15714,76,benthopelagic30-90cm,28.3934655648129,30.7974855054247,0.0019887321394895,0.142262768524794,0.0234805536386537,1957,APW,261.091838401843,283.336809929308,BRA
15808,76,demersal30-90cm,1316433.86675177,1548119.35362471,316.11017901633,6482.12487940859,1077.91853229606,1957,APW,12934995.081138,15226557.1513333,BRA
15985,76,demersal>=90cm,231961.618924851,276505.098752778,89.1888018654289,1133.43000901563,217.859724126402,1957,APW,2343048.06209696,2792982.47182227,BRA
16019,76,demersalmollusc,571571.268693293,637695.799345837,98.2721112660475,2843.6627023944,510.310606234825,1957,APW,5434034.44026577,6072011.56554672,BRA
16120,76,lobsterscrab,380709.073409907,453816.456477606,207.235929230957,1861.46193049232,470.027918684455,1957,APW,3682204.68218777,4389296.70346076,BRA
16157,76,pelagic30-90cm,599462.661327932,668370.510301532,78.1328806465634,2985.1973285922,494.360997595761,1957,APW,5776959.73863906,6456983.17072031,BRA
16221,76,pelagic<30cm,2054731.65616206,2449300.80299884,425.551437790995,10153.3047310182,1671.60588120143,1957,APW,20131971.1771749,23997904.0680701,BRA
16264,76,pelagic>=90cm,105817.028574984,126137.022458576,23.1790291310123,524.06396044282,91.8785750820206,1957,APW,1044099.5101469,1244597.44460753,BRA
16314,76,rays<90cm,86702.1147322918,93323.5953279184,3.77549104584388,435.305647719527,70.8197635090233,1957,APW,804210.938390688,865628.899645574,BRA
16353,76,rays>=90cm,15734.8221804776,18756.3726319736,6.62286497513168,76.8921001047947,16.3627703099976,1957,APW,143253.639310125,170762.567823661,BRA
16358,76,reef-associated30-90cm,257399.408573437,306827.695100552,101.220811902691,1256.34323164903,241.214437962497,1957,APW,2542097.78898161,3030255.62349303,BRA
16385,76,reef-associated>=90cm,95892.3870905918,114306.556770125,39.5914743968587,467.681757348594,91.8977377139533,1957,APW,955296.480870643,1138741.61167539,BRA
16490,76,benthopelagic30-90cm,9.64257188891253,11.1307317511257,0.0311118071818339,0.0469091404313655,0.0680783804446615,1957,UP,80.1614924387895,92.4165716307557,BRA
16594,76,demersal30-90cm,6437091.16316408,7670321.11298798,20725.8289599707,31249.5772282689,35835.0188307073,1957,UP,52883258.2178423,63013392.8529252,BRA
16786,76,demersal>=90cm,1046580.31734298,1247554.64003459,3371.25411369145,5083.04232295801,6278.47495583391,1957,UP,8556950.53635848,10200137.6953873,BRA
16823,76,demersalmollusc,939005.910579548,1114789.65616048,3018.1585474332,4550.65892888209,3567.41166866015,1957,UP,7686155.44190111,9123031.94803121,BRA
16935,76,lobsterscrab,560942.762469894,668660.335491291,1805.29352906065,2721.94948945263,2774.80724024357,1957,UP,4600677.31758501,5484143.20405582,BRA
16978,76,pelagic30-90cm,1004340.73491686,1192582.11978674,3234.50932204928,4876.86398696776,5766.19976058019,1957,UP,8253810.58507444,9798866.56253684,BRA
17044,76,pelagic<30cm,11968463.595366,14266761.9914648,38541.6392395781,58111.5445007018,68482.124758335,1957,UP,98282795.1325741,117155993.736341,BRA
17091,76,pelagic>=90cm,267193.903224092,318503.021920419,861.190683609076,1298.46892144504,1749.22708227593,1957,UP,2177696.76771295,2595878.84668606,BRA
17144,76,rays<90cm,8815.04682933865,9488.25603202337,28.511033483799,42.9877977103114,73.5508518788096,1957,UP,76160.7752091216,81977.2088307487,BRA
17185,76,rays>=90cm,208539.604647372,248585.366165977,670.106207635071,1010.35937945249,750.989073237463,1957,UP,1696646.9747501,2022453.28979991,BRA
17190,76,reef-associated30-90cm,1004824.72266442,1197780.73828486,3237.48829602432,4881.35556496321,6245.67230805595,1957,UP,8194848.78705246,9768501.71864904,BRA
17220,76,reef-associated>=90cm,294404.346503853,350938.673736656,948.77895565718,1430.53102023704,1895.82427036665,1957,UP,2410241.19640225,2873078.67188635,BRA
17332,76,benthopelagic30-90cm,29.0648146762122,31.5884508935568,0.000367423119813885,0.147179108311987,0.0443601751475576,1957,I,232.595381685926,252.825271472983,BRA
17372,76,benthopelagic>=90cm,30045.1896244757,32653.9497193876,0.379816538663831,152.143554578177,45.8564724713056,1957,I,269855.70980853,293327.719359138,BRA
17453,76,demersal30-90cm,11078935.6919407,12040896.1817386,140.054466594684,56101.7812895335,16909.2262661234,1957,I,86210238.0925678,93708399.3185805,BRA
17609,76,demersal>=90cm,3119886.31486803,3390779.42689749,39.44007130421,15798.5554345496,4761.7266757006,1957,I,23826357.0703622,25898672.4235135,BRA
17654,76,demersalmollusc,169999.825193572,184760.549477559,2.14905434066155,860.849207673129,259.462243425659,1957,I,1380947.017226,1501057.27117745,BRA
17702,76,flatfish<90cm,58324.0388947303,63388.191497672,0.737303869629936,295.342672344841,89.0170678707517,1957,I,493465.395790518,536386.097272816,BRA
17774,76,lobsterscrab,229316.621372943,249227.697269446,2.89890816055968,1161.21902825722,349.994507161799,1957,I,1895283.92197992,2060131.81049657,BRA
17824,76,pelagic30-90cm,337955.093230993,367299.017237219,4.27226239338632,1711.34513759488,515.803981368781,1957,I,3051153.23263551,3316529.26473348,BRA
17890,76,pelagic<30cm,3328064.12047109,3617032.8698552,42.0717529324189,16852.7312185804,5079.45806402231,1957,I,26682730.6377481,29003447.1452444,BRA
17944,76,pelagic>=90cm,957571.627509512,1040715.54109732,12.1051504626575,4848.9742615512,1461.49375407577,1957,I,9276047.70466402,10082858.3153529,BRA
17997,76,rays<90cm,915137.873233236,994597.353931225,11.5687237709585,4634.09719502637,1396.72923405959,1957,I,7673523.7372703,8340954.98455605,BRA
18068,76,reef-associated>=90cm,82555.9939370951,89724.1558049584,1.04363235030463,418.049029688669,126.001090711497,1957,I,727038.726225638,790276.533372805,BRA
18118,76,shrimp,6572671.74883831,7143362.89739263,83.0884898587449,33282.853443175,10031.5406519519,1957,I,52153500.9230028,56689569.0335931,BRA
18195,76,benthopelagic30-90cm,45.2230812074675,49.4480145230599,0.00290303686990302,0.226793205179106,0.038113007641973,1958,APW,418.362135593439,457.619775922645,BRA
18293,76,demersal30-90cm,1212226.74676064,1449357.04520588,294.326387676757,5970.17209606846,1008.87478255778,1958,APW,11842474.0922036,14174555.3214165,BRA
18472,76,demersal>=90cm,231815.123456526,282465.008303654,91.4212796290835,1132.14850442503,220.279846125004,1958,APW,2349001.27839464,2862240.63259387,BRA
18507,76,demersalmollusc,499961.258952929,569743.402232518,100.343949510244,2483.7066985431,462.998987756663,1958,APW,4781570.3791778,5460387.50051176,BRA
18610,76,lobsterscrab,408073.868925726,497234.982152604,219.457819998407,1995.4276900698,504.356998300234,1958,APW,3923664.20254037,4780955.724656,BRA
18651,76,pelagic30-90cm,621596.324702848,698450.643139304,75.1930366478613,3099.82427043005,523.217893304668,1958,APW,5919399.21229616,6666072.248082,BRA
18719,76,pelagic<30cm,2455388.08824765,2991872.17121161,525.09429986393,12127.0268595147,2008.72471617203,1958,APW,24050409.7341684,29305245.8527028,BRA
18763,76,pelagic>=90cm,89925.9616349497,109574.117172272,23.5806780200959,443.941943242314,80.0881120343069,1958,APW,898366.955576378,1094653.47119252,BRA
18813,76,rays<90cm,124716.795604736,135482.105304999,5.51467868716389,626.429960670925,104.239356546017,1958,APW,1153875.58409554,1253475.86614359,BRA
18854,76,rays>=90cm,13253.1492122675,16148.8640019414,5.72889649326695,64.7582749522898,14.0388455424537,1958,APW,121232.966055527,147721.469820208,BRA
18859,76,reef-associated30-90cm,242719.847393037,295752.333527942,95.8335891726356,1184.71794145188,228.795053297472,1958,APW,2387782.14772453,2909494.83419192,BRA
18891,76,reef-associated>=90cm,94151.9324615272,114723.431275776,39.1454812636851,459.193295394493,90.8976559979684,1958,APW,933181.39940573,1137074.61274151,BRA
19001,76,benthopelagic30-90cm,11.3328871620676,13.2061364453035,0.0365751706946784,0.0551465817588259,0.0814788133447154,1958,UP,94.8676306712337,110.388889679035,BRA
19108,76,demersal30-90cm,7091924.69302409,8638078.0625847,22834.7135797187,34429.2692404727,39623.0878245323,1958,UP,57842297.6631596,70451169.1641715,BRA
19301,76,demersal>=90cm,1084156.54354753,1321036.70592934,3492.24307327144,5265.46464456769,6488.34965361044,1958,UP,8837170.78952801,10768027.0520097,BRA
19339,76,demersalmollusc,964475.581742542,1171176.79945488,3099.84615809413,4673.82424607503,3624.96915956096,1958,UP,7888418.1113214,9577187.69740449,BRA
19451,76,lobsterscrab,581830.355691942,708955.972333976,1872.53458499635,2823.33286834817,2880.63786362176,1958,UP,4784702.79136585,5830124.85786816,BRA
19497,76,pelagic30-90cm,1120695.63791413,1359139.71865069,3609.30520885317,5441.96625776891,6448.5935663359,1958,UP,9173155.33100105,11121732.7196999,BRA
19566,76,pelagic<30cm,11948508.9140494,14559169.4765169,38478.7385367051,58016.705332824,68759.261496009,1958,UP,97527286.640959,118836275.304694,BRA
19612,76,pelagic>=90cm,235680.706016973,287175.191978274,759.594999856986,1145.28700666607,1535.37065669525,1958,UP,1924987.66320526,2345583.18786166,BRA
19665,76,rays<90cm,15186.060501186,16496.8915214147,49.1174833566239,74.0573799183374,126.752873304362,1958,UP,131988.430821445,143381.413841534,BRA
19707,76,rays>=90cm,206527.203669455,251651.865631464,663.64583285204,1000.61868434709,745.299632192846,1958,UP,1680849.10584927,2048102.166768,BRA
19712,76,reef-associated30-90cm,947131.462297239,1154072.66089183,3051.51338825832,4600.95002586616,5859.54027842587,1958,UP,7713756.41626112,9399154.97178586,BRA
19747,76,reef-associated>=90cm,264035.737797967,321725.587862911,850.884578866486,1282.92978828427,1692.51220984761,1958,UP,2159080.30170407,2630823.33134951,BRA
19862,76,benthopelagic30-90cm,4.86744037824886,5.3454542195495,6.21036858597702e-05,0.0246487304115484,0.00736755709268397,1958,I,39.2400725471613,43.1011329924701,BRA
19904,76,benthopelagic>=90cm,37275.2840300862,40935.9558247358,0.475595456717442,188.76213279926,56.4213964417317,1958,I,331464.102877609,364079.646066618,BRA
19988,76,demersal30-90cm,12315730.4775261,13525214.1437859,157.136440772397,62366.8903513192,18641.5940165918,1958,I,96544963.5923318,106044725.922542,BRA
20150,76,demersal>=90cm,2824746.28798465,3102154.47768805,36.0409460558535,14304.5223614233,4275.65166325905,1958,I,22169201.6819386,24350632.5406011,BRA
20197,76,demersalmollusc,55176.4413978498,60595.1215772206,0.703996375332056,279.413639078512,83.5173213392376,1958,I,443139.283578684,486742.22917684,BRA
20245,76,flatfish<90cm,68447.8988336315,75169.9211919604,0.87332693912822,346.620333168642,103.605542819708,1958,I,580337.403311292,637442.005755258,BRA
20319,76,lobsterscrab,274000.482803696,300909.086325275,3.49597295233599,1387.53913934785,414.73835190673,1958,I,2330225.83251201,2559519.33042008,BRA
20369,76,pelagic30-90cm,95441.3428034328,104814.294364634,1.21773636878763,483.315201844207,144.463925074248,1958,I,1021852.19093532,1122396.61273394,BRA
20437,76,pelagic<30cm,2644273.75421376,2903958.38442528,33.7382964756535,13390.6089930159,4002.48104525619,1958,I,21119701.9876406,23197809.5854166,BRA
20491,76,pelagic>=90cm,1236331.9134808,1357747.63122158,15.7743624588255,6260.78794324042,1871.36261571509,1958,I,11560993.1928646,12698558.1762993,BRA
20543,76,rays<90cm,983727.107870134,1080335.4147178,12.5513770136587,4981.59656742352,1489.00963702437,1958,I,8355075.61996344,9177208.3051206,BRA
20620,76,reef-associated>=90cm,96944.7607147266,106465.357550448,1.2369184822648,490.928513957279,146.739559994219,1958,I,859141.035074391,943679.24384606,BRA
20672,76,shrimp,7814166.15342254,8581567.35185341,99.7009685453596,39570.9572052432,11827.8419031753,1958,I,62498731.8632166,68648382.3336522,BRA
20756,76,benthopelagic30-90cm,3359.09307113229,4091.41813326271,0.833070047466581,16.5826544994772,2.97057187090222,1959,APW,34320.0066623192,41830.7589328904,BRA
20787,76,benthopelagic>=90cm,16960.9649955211,20658.6713350331,4.20639488537152,83.7302856879896,14.9992168874525,1959,APW,196237.891657182,239480.152982126,BRA
20825,76,cephalopods,13.4422772537361,16.3728648607352,0.00333374464853817,0.0663597687425044,0.0118875094691429,1959,APW,157.219433020018,191.911367059805,BRA
20855,76,demersal30-90cm,1817228.12689344,2213406.99802064,450.680671797649,8971.01257300033,1607.04292570922,1959,APW,18423527.2376903,22455762.100794,BRA
20909,76,demersal<30cm,340595.651547506,414849.840520246,84.4692390455108,1681.40027502507,301.201497074801,1959,APW,3678257.95268141,4486638.26827027,BRA
21038,76,demersal>=90cm,605573.104598486,737595.752396128,150.184827960808,2989.50024756161,535.530987740336,1959,APW,6127727.30059298,7468772.26233918,BRA
21073,76,demersalmollusc,83802.5966302664,102072.629786348,20.7834173314722,413.703781541941,74.1097763553545,1959,APW,937335.21148823,1143616.6140719,BRA
21120,76,flatfish<90cm,9966.53714561818,12139.3691511124,2.47174561619957,49.2012690753704,8.81378225256967,1959,APW,113510.034909689,138510.076837547,BRA
21181,76,lobsterscrab,265613.398723891,323520.501803229,65.8733062755193,1311.23941141216,234.89188125352,1959,APW,3051771.59077549,3724428.8611509,BRA
21222,76,pelagic30-90cm,159442.455372158,194202.940885375,39.5424392990392,787.111013001366,141.000937731226,1959,APW,1834598.78602255,2239026.75904727,BRA
21289,76,pelagic<30cm,1091167.97445018,1329056.48714168,270.614519163298,5386.71038224686,964.960726806674,1959,APW,10986986.3638485,13389734.0160717,BRA
21332,76,pelagic>=90cm,268581.768795137,327136.014347403,66.609475278219,1325.89320464614,237.516922134896,1959,APW,3254109.59856636,3973614.06668497,BRA
21384,76,rays<90cm,165208.066072774,201225.528134464,40.9723364404177,815.573793937229,146.099683316161,1959,APW,1855467.11483016,2263997.62514594,BRA
21424,76,rays>=90cm,4572.94539851154,5569.90572445903,1.13411083275402,22.5750141430078,4.04402696809206,1959,APW,43621.6576642804,53145.5548632746,BRA
21429,76,reef-associated30-90cm,84718.4182410074,103188.112169739,21.0105451712119,418.224868940378,74.9196717223544,1959,APW,888648.514014654,1083503.02437218,BRA
21460,76,reef-associated>=90cm,70753.1067623705,86178.184963079,17.5470857046148,349.28306520829,62.5696234895906,1959,APW,826110.010258641,1008334.98160081,BRA
21494,76,shrimp,799253.711600161,973501.197933804,198.2184814058,3945.63290633167,706.810005890466,1959,APW,8100357.49086236,9872484.42515005,BRA
21575,76,benthopelagic30-90cm,13781.9162453272,17155.6239122872,44.37853459101,66.9121822175419,77.7722994218977,1959,UP,112338.130939789,139832.720866583,BRA
21608,76,benthopelagic>=90cm,42260.3068014638,52605.3066205219,136.080531461025,205.176791016092,238.477812208376,1959,UP,343990.403027979,428181.404007635,BRA
21651,76,cephalopods,40.5612469875552,50.4903299617586,0.130609464638274,0.196927734945583,0.228889901047777,1959,UP,331.735236033667,412.927145618419,BRA
21683,76,demersal30-90cm,9616770.41200888,11970882.2418054,30966.5340280848,46690.103371567,54268.0955711066,1959,UP,78446662.4652258,97646356.645871,BRA
21742,76,demersal<30cm,1403426.07342876,1746974.04017422,4519.10978393159,6813.73326339537,7919.62966951036,1959,UP,11447953.3041412,14249823.6733416,BRA
21879,76,demersal>=90cm,2905886.47610873,3617225.25580038,9357.11560003594,14108.2852291171,16398.1168571241,1959,UP,23791885.9667778,29614930.6431947,BRA
21917,76,demersalmollusc,269341.976780204,335274.832264335,867.296101687168,1307.67442700579,1519.91526375283,1959,UP,2204914.06265632,2744565.49739255,BRA
21967,76,flatfish<90cm,29699.9338714191,36970.2504824482,95.6354340863427,144.195288353108,167.598765566561,1959,UP,242879.088616403,302323.536277939,BRA
22036,76,lobsterscrab,790363.898209056,983838.934307931,2545.01558214363,3837.27286059092,4460.07773154289,1959,UP,6455290.83789869,8035215.26781201,BRA
22081,76,pelagic30-90cm,497832.639105675,619698.260802747,1603.04870540595,2417.0128209111,2809.30375582913,1959,UP,4081723.78212916,5080724.38137556,BRA
22149,76,pelagic<30cm,5399923.34300214,6721783.26864635,17388.0526191323,26217.0113542973,30472.1380983322,1959,UP,44155654.5230764,54962708.4236282,BRA
22194,76,pelagic>=90cm,677629.075583454,843507.489510552,2182.0032015396,3289.93728986838,3823.90738886754,1959,UP,5529152.92524149,6882405.33653453,BRA
22247,76,rays<90cm,524875.029283539,653360.421225328,1690.12670142402,2548.30554588268,2961.90581990782,1959,UP,4283676.16327244,5332100.01029258,BRA
22288,76,rays>=90cm,44657.5911250371,55589.4278075876,143.799919925184,216.815776671703,252.005852206122,1959,UP,363669.722135169,452677.097653067,BRA
22293,76,reef-associated30-90cm,357126.819571934,444548.733028664,1149.96816361615,1733.87607358814,2015.29115755261,1959,UP,2915217.29525627,3628712.98517278,BRA
22327,76,reef-associated>=90cm,153079.074882773,190551.661378738,492.923110176954,743.209780840292,863.835727564133,1959,UP,1257615.66089532,1565417.52447361,BRA
22362,76,shrimp,3391791.39139702,4222075.97724081,10921.7563732937,16467.3881037404,19140.1116486818,1959,UP,27796441.3761348,34599610.5237603,BRA
22451,76,benthopelagic30-90cm,19380.6282531759,21527.6325130865,0.247998538628569,98.1426796225182,29.3472095050616,1959,I,162923.455557948,180952.736877232,BRA
22493,76,benthopelagic>=90cm,102034.593552085,113338.081971181,1.30565582084938,516.698854886459,154.506373819236,1959,I,928496.842213454,1031238.55842681,BRA
22543,76,cephalopods,81.6613211206641,90.7078392224323,0.00104495520144371,0.413529467239206,0.123656048095114,1959,I,743.167305931477,825.400489738199,BRA
22583,76,demersal30-90cm,10454875.3627645,11613076.3068961,133.782753460768,52943.0454894061,15831.345280052,1959,I,86799869.5488385,96405144.1912697,BRA
22645,76,demersal<30cm,2205066.64291091,2449346.00340795,28.2164900888029,11166.3639720268,3339.03276492211,1959,I,19410903.4279063,21558780.8471169,BRA
22750,76,demersal>=90cm,3461569.63714872,3845045.583328,44.2949629991087,17529.2418517987,5241.69846460558,1959,I,28707622.2761322,31884410.0194251,BRA
22797,76,demersalmollusc,495179.982203295,550036.48723113,6.33642575154467,2507.57043136094,749.828668637273,1959,I,4378077.40712183,4862534.58169612,BRA
22844,76,flatfish<90cm,58650.2986331169,65147.6339808345,0.750501385256107,297.0026251637,88.8114966674756,1959,I,525100.576618134,583205.350690399,BRA
22921,76,lobsterscrab,1557518.97323983,1730062.39271796,19.9303358076872,7887.21003260671,2358.48059302657,1959,I,13970305.5665055,15516172.9079835,BRA
22974,76,pelagic30-90cm,1066614.4781661,1184775.03510933,13.6486200761794,5401.29048676432,1615.12610132971,1959,I,9948736.18838814,11049614.0036089,BRA
23042,76,pelagic<30cm,6201622.16677898,6888643.71409383,79.3572434493034,31404.7516676535,9390.83618044595,1959,I,51617299.5521258,57329324.0033393,BRA
23095,76,pelagic>=90cm,1957191.09038964,2174010.56360961,25.0446231098802,9911.13268542681,2963.68601785097,1959,I,19125382.5394903,21241679.5193255,BRA
23149,76,rays<90cm,979287.73442788,1087774.15241334,12.5311689519249,4959.07155963676,1482.89115979936,1959,I,8685087.93614075,9646130.92438499,BRA
23198,76,rays>=90cm,26415.3580009057,29341.6762509715,0.338016399468453,133.766252751491,39.9995828451408,1959,I,209618.327168912,232814.838728885,BRA
23202,76,reef-associated30-90cm,482937.339235146,536437.592738943,6.17976635302621,2445.57420652963,731.290187666045,1959,I,4092360.92104149,4545216.35415743,BRA
23228,76,reef-associated>=90cm,404911.401633099,449767.868246879,5.18133027305752,2050.45416726726,613.139036541164,1959,I,3644765.97543648,4048073.18060052,BRA
23281,76,shrimp,4596835.66781864,5106077.45461668,58.8220625793125,23278.1808892166,6960.78050935769,1959,I,38313946.4455886,42553799.2345555,BRA
23365,76,benthopelagic30-90cm,8.44370187516225,10.504635120739,0.00212959766807056,0.0416768801601951,0.0075381654569606,1960,APW,87.0449065338161,108.376664130034,BRA
23397,76,benthopelagic>=90cm,89164.9802706745,110928.310489803,22.488422360878,440.105329649106,79.6025705531031,1960,APW,1074014.3849928,1339262.61261734,BRA
23437,76,cephalopods,4064.10165129944,5056.06493119739,1.02501266948659,20.0598126253484,3.6282511076711,1960,APW,47900.3556396,59727.8722565117,BRA
23471,76,demersal30-90cm,1911789.30629631,2378417.59305217,482.17501147299,9436.31300442173,1706.76136163708,1960,APW,19302054.6837095,24029798.2089714,BRA
23529,76,demersal<30cm,515744.206114563,641626.715505584,130.076555863878,2545.63813234329,460.433731157243,1960,APW,5877964.7828476,7326700.5542549,BRA
23656,76,demersal>=90cm,688876.269443841,857016.739912361,173.742431777716,3400.19272959723,614.998418373418,1960,APW,6970783.04114195,8678567.65035435,BRA
23691,76,demersalmollusc,105774.792242729,131592.234532853,26.6776058926685,522.088937464416,94.4310797432084,1960,APW,1173011.26162928,1461763.00822238,BRA
23737,76,flatfish<90cm,15658.1300725619,19479.9562463441,3.94915853044998,77.2862448503218,13.9788894703621,1960,APW,177188.759065348,220844.055771659,BRA
23799,76,lobsterscrab,326110.152697061,405706.906034658,82.2486903239289,1609.63212035683,291.136793383992,1960,APW,3658163.78903381,4559377.21544962,BRA
23841,76,pelagic30-90cm,100072.852883236,124498.569534064,25.239511921211,493.94499694168,89.3406392050545,1960,APW,1197755.59787989,1493890.0786545,BRA
23907,76,pelagic<30cm,1396591.39936512,1737470.51707827,352.236238477833,6893.37132511929,1246.81534235008,1960,APW,14672661.0219768,18272530.8418015,BRA
23951,76,pelagic>=90cm,428641.958031269,533264.607529868,108.108378026202,2115.71414773065,382.672677127552,1960,APW,4998852.79070653,6232769.33340499,BRA
24004,76,rays<90cm,227728.917496177,283312.843123354,57.4358236259701,1124.03670141619,203.306356003684,1960,APW,2529432.78634129,3152137.8036786,BRA
24045,76,rays>=90cm,7636.85388320359,9500.85219723736,1.92610142583385,37.6943962253618,6.81784707624042,1960,APW,72468.2695084838,90175.3193593543,BRA
24050,76,reef-associated30-90cm,193346.831845223,240538.800435315,48.7642704958133,954.331744453247,172.611542967393,1960,APW,2150496.67150423,2679870.95419549,BRA
24082,76,reef-associated>=90cm,80522.825500081,100176.784220373,20.3087726149889,397.448914959789,71.8872350843051,1960,APW,934259.678918698,1164725.48336923,BRA
24119,76,shrimp,1126475.29814661,1401424.65408022,284.109884922484,5560.11767094441,1005.66757402777,1960,APW,11599984.3573658,14442953.4485847,BRA
24203,76,benthopelagic30-90cm,26.8331246959665,34.1408500312711,0.0864048561954223,0.130277791628564,0.15160461975662,1960,UP,219.31714958574,279.035072638825,BRA
24238,76,benthopelagic>=90cm,109112.585777184,138828.275489772,351.351450493033,529.753685975697,616.47580238384,1960,UP,885640.492755704,1126790.33731318,BRA
24283,76,cephalopods,9389.72744642061,11946.9230741861,30.2356903608821,45.5881664761044,53.051073077109,1960,UP,77058.5581008159,98041.0170183704,BRA
24319,76,demersal30-90cm,9169910.31101208,11667241.0043818,29527.8612060793,44520.929943363,51809.1270269493,1960,UP,74943506.4444375,95349886.3787013,BRA
24383,76,demersal<30cm,1305919.0456439,1661572.65676222,4205.16613775828,6340.38157090747,7378.31924500137,1960,UP,10546668.1345986,13418390.1768349,BRA
24519,76,demersal>=90cm,3157590.49499773,4017527.7673155,10167.6996524122,15330.4514929446,17840.088016779,1960,UP,25746038.5724315,32756415.8355901,BRA
24557,76,demersalmollusc,287913.649752939,366323.968957986,927.105500588284,1397.8526502048,1626.68492350786,1960,UP,2346623.76518922,2985585.13342437,BRA
24607,76,flatfish<90cm,40818.9696178944,51935.5958706153,131.440420742711,198.180617375958,230.623322400769,1960,UP,334527.696206087,425616.64920698,BRA
24677,76,lobsterscrab,923242.232102592,1174677.7516928,2972.91549911652,4482.44326739298,5216.23139783666,1960,UP,7520487.55837242,9568236.63954825,BRA
24724,76,pelagic30-90cm,211048.746972372,268525.701024843,679.594226874108,1024.66503596091,1192.4054837962,1960,UP,1724295.29147527,2193804.04963765,BRA
24791,76,pelagic<30cm,4691090.45741287,5968660.66119144,15105.6949559589,22775.7636147923,26504.2179432384,1960,UP,38017362.3018457,48369042.725858,BRA
24837,76,pelagic>=90cm,1010966.50131967,1286292.82274315,3255.39482094107,4908.35430814287,5711.86523209085,1960,UP,8264131.38910111,10514375.0073333,BRA
24891,76,rays<90cm,604533.573389997,769172.070037701,1946.64755096223,2935.0774387603,3415.55758273944,1960,UP,4924663.08886813,6265597.56677112,BRA
24934,76,rays>=90cm,59715.8030802539,75978.787433814,192.289770058688,289.926836280497,337.388646384666,1960,UP,487276.338841243,619956.586914699,BRA
24939,76,reef-associated30-90cm,560179.7647201,712738.958081036,1803.82465935849,2719.73478637443,3164.96275361138,1960,UP,4576285.08150332,5822362.45455966,BRA
24974,76,reef-associated>=90cm,146921.508427721,186934.069081897,473.099273809883,713.320192022888,830.092643761385,1960,UP,1208924.70206732,1538105.5558472,BRA
25010,76,shrimp,4227308.08359676,5378571.93127238,13612.2777796292,20524.0488353317,23883.8913421108,1960,UP,34719376.5261293,44173165.2749265,BRA
25110,76,benthopelagic30-90cm,42.1850747258347,47.3471841313454,0.000540221974506634,0.213645421154041,0.0640430914687049,1960,I,355.9209606562,399.456167947826,BRA
25155,76,benthopelagic>=90cm,492971.798399295,553295.84366192,6.31299577014282,2496.64527491241,748.403035470818,1960,I,4619179.2703302,5184175.11134246,BRA
25207,76,cephalopods,22188.1275952047,24903.2476440435,0.284141113367423,112.37130419954,33.6848113778202,1960,I,204920.15858851,229985.063165442,BRA
25252,76,demersal30-90cm,9677585.52716776,10861813.7310314,123.931139056195,49011.9277764322,14691.9852374484,1960,I,80214020.5293711,90025541.5268681,BRA
25317,76,demersal<30cm,2626819.6535285,2948258.70580439,33.6390467274186,13303.4727287117,3987.89506563779,1960,I,23375265.0555499,26234431.3651824,BRA
25418,76,demersal>=90cm,3455447.89123236,3878284.64512007,44.2504581238334,17500.0429605988,5245.87349439995,1960,I,28608364.1036866,32107643.366655,BRA
25465,76,demersalmollusc,548398.263573117,615504.742647879,7.02278696171295,2777.35143869429,832.548487434192,1960,I,4818065.16645374,5407390.40615832,BRA
25512,76,flatfish<90cm,82611.0082634235,92719.9642277512,1.05791639081107,418.381708865156,125.415550237162,1960,I,738153.402150416,828441.039853264,BRA
25590,76,lobsterscrab,1668743.96294672,1872945.06872884,21.3699315330836,8451.31860211399,2533.3965377901,1960,I,14665364.0986382,16459167.0531221,BRA
25644,76,pelagic30-90cm,640584.401398329,718971.527294698,8.20332244071207,3244.22618926029,972.500479821469,1960,I,6197918.03676324,6956023.74380746,BRA
25712,76,pelagic<30cm,7013008.25176303,7871177.07314429,89.8085683057606,35517.2323681366,10646.7685990227,1960,I,59719577.8104983,67024283.6225234,BRA
25766,76,pelagic>=90cm,2567438.23138575,2881610.8890956,32.8786083655702,13002.7367687812,3897.74541260183,1960,I,24266171.1186016,27234314.0266343,BRA
25821,76,rays<90cm,1192608.89577371,1338546.23588701,15.2725469061333,6039.94259736581,1810.55411409883,1960,I,10505234.6081427,11790188.1300311,BRA
25876,76,rays>=90cm,38705.139612121,43441.4158077152,0.495657933065358,196.021363171685,58.7600428018208,1960,I,306282.337323279,343745.726177386,BRA
25880,76,reef-associated30-90cm,974603.518661989,1093863.94484414,12.4807705245158,4935.85896329429,1479.5901796321,1960,I,8536007.59795387,9580097.78883101,BRA
25911,76,reef-associated>=90cm,410671.705688325,460924.841146505,5.25906096321521,2079.83819130462,623.459500354981,1960,I,3688204.44738414,4139329.43607391,BRA
25966,76,shrimp,5736882.80748602,6438894.52350888,73.4665086624884,29054.3219724609,8709.42419262949,1960,I,48290737.8796959,54197510.502165,BRA
26057,76,benthopelagic30-90cm,7.6780821170661,9.74352642037149,0.00196213257908307,0.0378970296194199,0.00693706349596775,1961,APW,78.5177452938393,99.7171221259214,BRA
26091,76,benthopelagic>=90cm,164163.704162038,208324.600386023,41.9520066766846,810.26963038521,148.320117204019,1961,APW,1972090.12531107,2508871.8347528,BRA
26132,76,cephalopods,3814.51596035404,4840.64073214683,0.974798904873261,18.8274652614063,3.44637358912094,1961,APW,44947.4620006952,57180.5412189464,BRA
26168,76,demersal30-90cm,1922699.30693604,2439915.49060427,491.345480863546,9489.94703016222,1737.1378649653,1961,APW,19202813.3350567,24383969.6741162,BRA
26221,76,demersal<30cm,380707.787844079,483120.17672421,97.2898104305444,1879.07528107865,343.965336319294,1961,APW,4411051.83104802,5609388.74415059,BRA
26349,76,demersal>=90cm,755917.540558288,959263.318072756,193.174598918788,3731.01368122941,682.963257831419,1961,APW,7394641.1899212,9388440.83500351,BRA
26384,76,demersalmollusc,109707.751158863,139219.710812936,28.0357971489106,541.489115609517,99.1197572760094,1961,APW,1219645.83000293,1550566.24092929,BRA
26433,76,flatfish<90cm,14445.2869637743,18331.1448139558,3.69149062665352,71.2982043667379,13.0511593074063,1961,APW,163715.279940903,208198.336048285,BRA
26495,76,lobsterscrab,484831.867345806,615254.178959862,123.898701237177,2393.00483598676,438.040307119252,1961,APW,5374769.00609313,6833532.7758425,BRA
26541,76,pelagic30-90cm,98377.5897057254,124841.676587392,25.1403763166615,485.566365939001,88.8830799102803,1961,APW,1183440.83037087,1506185.72874349,BRA
26607,76,pelagic<30cm,1328201.17013523,1685494.24133094,339.421583119825,6555.657821539,1200.0152788373,1961,APW,13442619.321067,17070863.3512773,BRA
26650,76,pelagic>=90cm,397782.799575859,504788.4560419,101.653326774383,1963.35312748418,359.392423288639,1961,APW,4679035.37991154,5952992.44095823,BRA
26704,76,rays<90cm,67953.2154875171,86232.986357382,17.3654326599541,335.399515243696,61.3949894524196,1961,APW,785771.123733121,999398.041171735,BRA
26745,76,rays>=90cm,81522.8941306202,103452.979626424,20.8331617291887,402.375943161895,73.6550461868811,1961,APW,764262.51422287,969980.529068347,BRA
26750,76,reef-associated30-90cm,201740.904673464,256010.264644923,51.5548538760291,995.740983658589,182.270708246679,1961,APW,2212771.34645862,2812770.37812106,BRA
26782,76,reef-associated>=90cm,77153.5631657268,97908.2757476828,19.7165799442716,380.810054380168,69.7074032890547,1961,APW,895216.590997255,1138609.33505113,BRA
26794,76,shark>=90cm,5.19004452086486,6.58619367974072,0.00132631499455385,0.0256167188543277,0.00468914864925885,1961,APW,52.5636545993889,66.7516269065418,BRA
26820,76,shrimp,1221604.07005482,1550221.96302854,312.180712324936,6029.52207598446,1103.70596090227,1961,APW,12395128.1505019,15740890.5668553,BRA
26905,76,benthopelagic30-90cm,24.4383824520125,31.7821579628644,0.0786939517697009,0.118651597867302,0.138158538504891,1961,UP,198.949917439323,258.723469742531,BRA
26940,76,benthopelagic>=90cm,158990.983851705,206768.045036057,511.96632345088,771.922377331716,898.830436406289,1961,UP,1290880.26170457,1678718.08239548,BRA
26985,76,cephalopods,7549.60121702157,9818.26922903621,24.310445064004,36.6543182397398,42.6804790573424,1961,UP,61801.5316709294,80369.6164726287,BRA
27023,76,demersal30-90cm,8190665.78760161,10651974.7939024,26374.7348956878,39766.7720113752,46304.6364389742,1961,UP,66801033.5817437,86871107.3124652,BRA
27081,76,demersal<30cm,675376.540703387,878328.340396371,2174.77768935247,3279.04295114052,3818.13468985893,1961,UP,5476528.29997655,7121917.7186569,BRA
27215,76,demersal>=90cm,3770041.34236223,4902945.1807936,12139.8972353508,18304.0522495886,21313.3337685731,1961,UP,30793428.1787794,40045197.1519946,BRA
27253,76,demersalmollusc,289427.412563238,376400.842524275,931.984221533662,1405.2085908165,1636.23220159958,1961,UP,2363003.17822986,3072957.78297332,BRA
27305,76,flatfish<90cm,36608.1363226804,47608.943579557,117.881734595671,177.737371864084,206.958321470774,1961,UP,299029.417492611,388871.650927773,BRA
27374,76,lobsterscrab,1318473.3600602,1714676.84825479,4245.61155837336,6401.3635609394,7453.78106923558,1961,UP,10788750.6484789,14030193.2046727,BRA
27424,76,pelagic30-90cm,188404.834005636,245020.807211455,606.681761754533,914.730532783344,1065.11699637189,1961,UP,1534450.83738857,1995469.12792298,BRA
27491,76,pelagic<30cm,4798164.36553989,6240020.92187642,15450.5526667457,23295.7262993638,27125.6650292191,1961,UP,39143128.8348616,50903522.1021656,BRA
27536,76,pelagic>=90cm,891706.955019274,1159666.4123191,2871.38251677598,4329.35589129838,5041.12454750309,1961,UP,7289831.15461919,9480035.44183731,BRA
27591,76,rays<90cm,154305.532341165,200674.607373898,496.878717063112,749.173886937683,872.34197571529,1961,UP,1255823.58864769,1633129.57761467,BRA
27633,76,rays>=90cm,576921.411345517,750287.27713654,1857.74266396232,2801.03020052244,3261.53415350579,1961,UP,4688942.87945964,6097708.90487353,BRA
27638,76,reef-associated30-90cm,572278.864096888,744249.636540002,1842.79321344163,2778.49001602758,3235.28824528867,1961,UP,4671988.85982574,6075668.70355928,BRA
27672,76,reef-associated>=90cm,133734.093540644,173921.416209738,430.636697323044,649.296814921806,756.044592891219,1961,UP,1096939.80186328,1426512.57725446,BRA
27683,76,shark>=90cm,17.5432728583889,22.8150562037313,0.0564910329442474,0.0851749235268432,0.0991781245533264,1961,UP,143.805482352955,187.011412977264,BRA
27711,76,shrimp,4290573.31934562,5579897.90259069,13816.0604745403,20831.3042447394,24256.0791538825,1961,UP,35103384.0244154,45650070.2348703,BRA
27804,76,benthopelagic30-90cm,44.9412273900348,50.9680291948871,0.000573382373397196,0.227638225762228,0.0686356505156534,1961,I,376.648331776514,427.193023287519,BRA
27851,76,benthopelagic>=90cm,1049339.41009959,1190060.10283468,13.3879904133533,5315.15882876,1602.58402377029,1961,I,9773453.94884159,11085147.3761063,BRA
27904,76,cephalopods,24552.6015596644,27845.2055223772,0.313254216071494,124.3648867972,37.4975023551067,1961,I,225992.19540856,256322.214648379,BRA
27951,76,demersal30-90cm,11397998.9548796,12926517.0809378,145.421299601104,57733.6314562658,17407.3811125675,1961,I,93611251.7897797,106173427.301387,BRA
28013,76,demersal<30cm,2284513.31546177,2590875.86433793,29.1469490921697,11571.6144854828,3488.98031105307,1961,I,20706138.5073629,23485018.8346751,BRA
28113,76,demersal>=90cm,4432778.18017646,5027231.8052397,56.5555731630167,22453.0974949882,6769.87771934927,1961,I,35805862.0615725,40610804.6362428,BRA
28159,76,demersalmollusc,668301.200751655,757923.116235167,8.52651676167055,3385.10780521331,1020.65053221384,1961,I,5869520.3987573,6657231.98984485,BRA
28208,76,flatfish<90cm,88313.1952945422,100156.354809839,1.1267433592947,447.327771308275,134.87467877882,1961,I,783147.561255121,888250.473379333,BRA
28284,76,lobsterscrab,2937534.81157808,3331470.2052554,37.4785198361762,14879.3268777232,4486.29519962211,1961,I,25664798.8327066,29109126.888739,BRA
28340,76,pelagic30-90cm,699780.108758687,793623.474135969,8.92814021597404,3544.55611545777,1068.72610678224,1961,I,6639441.40955591,7530515.11685306,BRA
28409,76,pelagic<30cm,7839823.44387468,8891175.72829725,100.024339216436,39710.6087816479,11973.2239915976,1961,I,65211085.4078644,73962128.0425804,BRA
28463,76,pelagic>=90cm,2819388.04958125,3197479.48082602,35.9711450995005,14280.884849269,4305.85776306538,1961,I,26682507.0651897,30263489.3736562,BRA
28520,76,rays<90cm,413689.094168003,469166.488181773,5.27804976495106,2095.43568083476,631.798945832713,1961,I,3722585.41691597,4222180.88373609,BRA
28576,76,rays>=90cm,479887.118968198,544241.937977085,6.12263685743797,2430.74474535359,732.898643346098,1961,I,3757534.93194242,4261766.73280709,BRA
28580,76,reef-associated30-90cm,1192885.47922834,1352856.28502769,15.2194220539393,6042.25451326407,1821.81207796004,1961,I,10333222.6299,11719962.5167046,BRA
28612,76,reef-associated>=90cm,459244.704770929,520831.291883056,5.85927074279325,2326.18590670564,701.372901640225,1961,I,4130719.24511504,4685086.59971385,BRA
28629,76,shark>=90cm,30.3551768289732,34.425929790652,0.000387286336975914,0.153756339053133,0.0463593771058474,1961,I,252.35558371328,286.220609298494,BRA
28668,76,shrimp,7186364.62850316,8150085.42182963,91.6871889374005,36400.681261225,10975.2412153605,1961,I,59861316.9080903,67894450.5318793,BRA
28758,76,benthopelagic30-90cm,5.48577639447723,7.10999147970616,0.00142420833552845,0.0270749018498041,0.00501845415788346,1962,APW,55.1507411851087,71.5263948441839,BRA
28791,76,benthopelagic>=90cm,625672.490691122,810920.051786823,162.436073305912,3087.98974975335,572.372712009049,1962,APW,7614159.79113688,9896478.28288073,BRA
28832,76,cephalopods,10.9312312781879,14.1677231556246,0.00283794846608366,0.053950797967705,0.0100000217132502,1962,APW,125.355972003263,162.845402339405,BRA
28868,76,demersal30-90cm,2578795.96444641,3342319.48527349,669.502809463619,12727.5781233717,2359.11353279692,1962,APW,25773200.1362863,33427095.008473,BRA
28924,76,demersal<30cm,142341.96169257,184486.217093666,36.9545883317668,702.524923512155,130.216136810921,1962,APW,1738695.5423461,2260231.77986675,BRA
29055,76,demersal>=90cm,709930.551501834,920125.030513962,184.311013863622,3503.84314268448,649.452998408694,1962,APW,6923005.24969663,8976890.07075251,BRA
29092,76,demersalmollusc,106032.110961321,137425.835706541,27.5278840050465,523.318631815811,96.9994490950646,1962,APW,1150581.74892824,1493680.18994847,BRA
29143,76,flatfish<90cm,13136.0704790935,17025.365685193,3.41036522947761,64.8327225425413,12.0170351056278,1962,APW,148587.677116521,192986.982744534,BRA
29202,76,lobsterscrab,374311.217022076,485136.354894942,97.17806870534,1847.40294415868,342.424398722847,1962,APW,4208532.97294469,5466226.82567184,BRA
29248,76,pelagic30-90cm,63888.6019539617,82804.5809523547,16.5866548151135,315.320476599476,58.4460606961677,1962,APW,756350.931456213,983045.981931285,BRA
29316,76,pelagic<30cm,1234700.36470204,1600267.39001967,320.550898330271,6093.83044155425,1129.51872869212,1962,APW,12259645.5919054,15898160.4368425,BRA
29363,76,pelagic>=90cm,408837.263111977,529884.787181441,106.141664575485,2017.80531602476,374.009240520186,1962,APW,4593628.54388989,5966154.66950313,BRA
29417,76,rays<90cm,53328.3730433923,69117.7056262869,13.8450253796405,263.200750838692,48.7854364064497,1962,APW,589644.767400781,765676.839803868,BRA
29457,76,rays>=90cm,79173.7132257618,102615.270104444,20.5549505161001,390.759732173938,72.4290641399284,1962,APW,737394.528815803,955741.232289379,BRA
29462,76,reef-associated30-90cm,146917.958275984,190417.063409602,38.1426011140612,725.109631573843,134.402313466537,1962,APW,1640972.63058634,2131005.5229493,BRA
29497,76,reef-associated>=90cm,60482.8718117523,78390.4906664901,15.702464700843,298.511587082931,55.3304578418468,1962,APW,695162.81750926,903029.166077072,BRA
29511,76,shark>=90cm,3.80260623887096,4.9284724740638,0.000987226440287421,0.0187676608172607,0.00347866987605755,1962,APW,38.5756877745402,50.0356997830281,BRA
29537,76,shrimp,1152686.86965101,1493971.54252198,299.25868828046,5689.05504256029,1054.49179801814,1962,APW,11346507.8929965,14712678.2429915,BRA
29620,76,benthopelagic30-90cm,19.1797574491699,25.4954569962979,0.0617607558925501,0.0931204013440451,0.108437064338035,1962,UP,156.126112677854,207.527101582138,BRA
29655,76,benthopelagic>=90cm,544598.230549504,723928.902856679,1753.66129971254,2644.10047595369,3079.00835143419,1962,UP,4437948.70231914,5899043.84015376,BRA
29700,76,cephalopods,27.3367190915998,36.3384233542495,0.088026996128284,0.132723589439832,0.154554278112358,1962,UP,223.624915526267,297.248700844637,BRA
29737,76,demersal30-90cm,10817960.4651946,14380205.0969084,34834.9251713325,52522.7090547244,61161.7679774877,1962,UP,88223256.3143616,117268785.873894,BRA
29797,76,demersal<30cm,187052.126416006,248646.493979086,602.326736893191,908.164200213565,1057.54118739476,1962,UP,1535115.26211866,2040519.7668146,BRA
29931,76,demersal>=90cm,3281585.98635258,4362178.95958465,10567.0382735891,15932.5583185293,18553.18304603,1962,UP,26839114.0939368,35675324.3632643,BRA
29971,76,demersalmollusc,312959.38548676,416013.736117962,1007.76082609777,1519.46152907028,1769.3861410478,1962,UP,2554905.98699914,3396053.11025951,BRA
30021,76,flatfish<90cm,33909.1816604434,45075.1311686115,109.190989333258,164.633813218805,191.713170675302,1962,UP,277605.692003988,369001.462177927,BRA
30086,76,lobsterscrab,1040089.78637022,1382580.80118935,3349.19414766249,5049.78118713535,5880.38109349719,1962,UP,8487338.48169259,11281605.7640283,BRA
30136,76,pelagic30-90cm,133685.258199038,177706.457471394,430.480031874473,649.060601014822,755.819617781625,1962,UP,1089346.78439744,1447989.57473174,BRA
30205,76,pelagic<30cm,4796854.30758007,6376409.76641792,15446.3552903482,23289.3976628521,27120.0926575717,1962,UP,39339717.8635702,52291506.8222834,BRA
30254,76,pelagic>=90cm,1213086.21349422,1612543.19669628,3906.26011339246,5889.70300405954,6858.45522962796,1962,UP,9901834.4246716,13161796.5391854,BRA
30309,76,rays<90cm,181096.712026689,240730.022049742,583.149701140138,879.249831532257,1023.87091523384,1962,UP,1481503.59318162,1969256.95480643,BRA
30350,76,rays>=90cm,577457.464245041,767608.348847385,1859.4713505677,2803.63664515163,3264.78540559061,1962,UP,4694958.42423655,6240662.94348942,BRA
30355,76,reef-associated30-90cm,396172.746773129,526628.413066645,1275.71625290784,1923.4740209232,2239.8515593675,1962,UP,3233631.21923277,4298232.82919057,BRA
30392,76,reef-associated>=90cm,101921.613659838,135483.367031325,328.197888742982,494.843670197069,576.236722865673,1962,UP,837667.423953361,1113453.09816145,BRA
30404,76,shark>=90cm,13.1176834826739,17.4372035730845,0.0422402655297512,0.0636881855178838,0.0741637683138818,1962,UP,107.045347765702,142.287672900071,BRA
30432,76,shrimp,5149721.69050559,6845472.79865993,16582.6238983878,25002.6180936281,29115.1076209514,1962,UP,42348414.4144908,56290801.0929435,BRA
30520,76,benthopelagic30-90cm,34.7720543409108,39.8776736217169,0.000441576837534684,0.176143498729084,0.0535949379297759,1962,I,287.421534915598,329.591841281937,BRA
30567,76,benthopelagic>=90cm,4517799.31495383,5181152.79597328,57.3723805488974,22885.647482598,6963.38420187204,1962,I,42333870.1353393,48545084.3714067,BRA
30621,76,cephalopods,73.246752822448,84.0016547273015,0.000930174247224938,0.371043343778246,0.112896843326799,1962,I,656.157445615537,752.428386451415,BRA
30670,76,demersal30-90cm,16502741.4844039,18925857.3084753,209.571408231748,83597.3220099474,25436.0411627207,1962,I,135343118.68964,155200457.760534,BRA
30734,76,demersal<30cm,914381.320067761,1048640.94280895,11.6118998221299,4631.94734801036,1409.35619197858,1962,I,8385698.27817421,9616044.13979988,BRA
30833,76,demersal>=90cm,4501847.50518221,5162858.76429165,57.1698055257813,22804.8409948166,6938.79732396729,1962,I,36242513.3655177,41559930.3991284,BRA
30880,76,demersalmollusc,689967.160328995,791275.803251312,8.7620223318932,3495.14090933452,1063.46167439147,1962,I,5957470.45612815,6831545.84506127,BRA
30928,76,flatfish<90cm,87474.2058633118,100318.140468104,1.11085134091526,443.114821984611,134.825931989437,1962,I,777582.185227503,891668.638169643,BRA
31004,76,lobsterscrab,2438745.27951687,2796828.95205464,30.9700835482329,12353.8610008939,3758.8921436966,1962,I,21335591.6021364,24465924.3701706,BRA
31061,76,pelagic30-90cm,522803.287249443,599567.07340024,6.6391769658755,2648.34511243811,805.808292340394,1962,I,5019533.03793866,5756009.83855807,BRA
31133,76,pelagic<30cm,7995895.69450549,9169941.92211507,101.541378585814,40504.5105846952,12324.251228832,1962,I,65333071.6015011,74918658.9392204,BRA
31191,76,pelagic>=90cm,2899513.41516403,3325252.18378203,36.8214644928566,14687.9569596787,4469.0842821281,1962,I,26341514.5974628,30206354.9272608,BRA
31247,76,rays<90cm,349170.674875708,400439.79209436,4.43418386672831,1768.78086417346,538.184499063203,1962,I,3049348.24125825,3496746.07698511,BRA
31303,76,rays>=90cm,501652.921910083,575311.17647468,6.37058451092039,2541.20449561553,773.208765535288,1962,I,3912888.07217274,4486972.52758986,BRA
31307,76,reef-associated30-90cm,943726.51971951,1082294.93065228,11.9845600144786,4780.60023135413,1454.58659851288,1962,I,8246222.68803033,9456105.03258425,BRA
31342,76,reef-associated>=90cm,390394.326415656,447716.358082908,4.95769074671225,1977.60597819878,601.723426727963,1962,I,3482282.36131974,3993202.84380536,BRA
31359,76,shark>=90cm,24.0769099758612,27.6121493548691,0.00030575719399585,0.121965504831956,0.0371102749077116,1962,I,199.876744260316,229.202531533511,BRA
31398,76,shrimp,7413925.65649242,8502520.57835515,94.1508319587375,37556.4466697452,11427.2479123612,1962,I,60336959.9861698,69189515.2366663,BRA
31488,76,benthopelagic30-90cm,3220.14664408409,4260.67782936363,0.850195838346173,15.8905338238501,2.98062283544892,1963,APW,32415.9823760309,42920.3464684976,BRA
31522,76,benthopelagic>=90cm,688510.509698302,910990.022564576,181.783264771035,3397.60910036103,637.29710925542,1963,APW,8232665.11720981,10921872.8837505,BRA
31564,76,cephalopods,3012.84176011205,3986.3861834595,0.795462383909971,14.8675415086836,2.78873788753751,1963,APW,34844.7859629751,46222.0111510586,BRA
31601,76,demersal30-90cm,1902873.42451441,2517751.98710549,502.404158951536,9390.15450439281,1761.33220283505,1963,APW,18744362.3779359,24815272.5532639,BRA
31658,76,demersal<30cm,248844.48712695,329254.008108294,65.7009045657598,1227.97877756096,230.334715398381,1963,APW,2772847.02011859,3675875.44125422,BRA
31789,76,demersal>=90cm,756473.561061056,1000914.0844669,199.727138083785,3732.9879777286,700.204872549606,1963,APW,7383174.00970761,9773272.036954,BRA
31827,76,demersalmollusc,105375.003609005,139424.998694028,27.8215247428806,519.996523174954,97.5369064696271,1963,APW,1127558.70599547,1494337.30556733,BRA
31879,76,flatfish<90cm,14532.6305051749,19228.5828688848,3.8369625179715,71.7145155535864,13.4516514713529,1963,APW,163187.063118772,216396.943404404,BRA
31942,76,lobsterscrab,386656.469875695,511597.399393578,102.086568685272,1908.04282906122,357.895844806584,1963,APW,4242250.91594513,5623881.48282078,BRA
31990,76,pelagic30-90cm,94791.6381133795,125421.813214849,25.0272627745295,467.770539092094,87.7407622691393,1963,APW,1138360.22450543,1511176.68020112,BRA
32055,76,pelagic<30cm,1404019.43961268,1857702.50846908,370.694759106337,6928.44794366631,1299.58441824753,1963,APW,14288271.4602535,18922151.8436669,BRA
32102,76,pelagic>=90cm,402416.375082252,532449.828220014,106.247561118322,1985.81360611746,372.483482742102,1963,APW,4603494.51099604,6105851.55107684,BRA
32153,76,rays<90cm,107496.346279363,142231.814247189,28.3816100151949,530.464763035154,99.5004575447608,1963,APW,1212950.08083137,1608587.6450672,BRA
32195,76,rays>=90cm,85371.742107765,112958.051000862,22.5401846172845,421.285955425892,79.0215453373667,1963,APW,789606.88082137,1044713.41607127,BRA
32200,76,reef-associated30-90cm,131573.601333341,174089.191608832,34.7385820131313,649.279363147729,121.78677682176,1963,APW,1499145.96891062,1988309.94062104,BRA
32233,76,reef-associated>=90cm,60159.1743435302,79598.5054994927,15.8834628724677,296.868900823821,55.6843611887993,1963,APW,686842.329279304,910900.877121225,BRA
32248,76,shark>=90cm,10865.9874430681,14377.1315129011,2.86888093142911,53.6206452929152,10.0577439111386,1963,APW,107635.058676078,142490.259103524,BRA
32273,76,shrimp,1302368.64983078,1723205.1348303,343.856516010809,6426.829386568,1205.49470782332,1963,APW,13158226.987382,17423196.2763714,BRA
32351,76,benthopelagic30-90cm,11773.9067841231,15997.4679833921,37.9131237934861,57.1638940105938,66.5427489689796,1963,UP,95926.9800704099,130331.556030224,BRA
32387,76,benthopelagic>=90cm,768666.24590976,1044403.85713241,2475.17999516942,3731.97755140706,4344.28146751382,1963,UP,6258594.99140632,8503261.96558936,BRA
32433,76,cephalopods,8465.02108152497,11501.6116751532,27.2581903409582,41.098810851319,47.8418746787276,1963,UP,69139.793079247,93937.1131124235,BRA
32472,76,demersal30-90cm,9800103.13716414,13315617.2411808,31557.2842762157,47580.8130043272,55387.3760751873,1963,UP,79948074.0780668,108621771.061946,BRA
32532,76,demersal<30cm,574421.418388859,780479.106734741,1849.69277779353,2788.89290362607,3246.46533619571,1963,UP,4723115.77453959,6417096.58534118,BRA
32666,76,demersal>=90cm,3186043.94133,4328948.48580232,10259.3710459826,15468.6699593102,18006.6078387804,1963,UP,26102976.8083485,35464954.1345769,BRA
32707,76,demersalmollusc,385094.128690499,523235.923918299,1240.04050999245,1869.6835604517,2176.44172021432,1963,UP,3137881.07346746,4263294.07530977,BRA
32759,76,flatfish<90cm,47077.8626161303,63965.7348862026,151.595291692384,228.569326917277,266.070595894784,1963,UP,383342.826889945,520830.080836111,BRA
32829,76,lobsterscrab,1312246.43095911,1782978.29688079,4225.56100508643,6371.13213740409,7416.44098613908,1963,UP,10725688.5291935,14572507.5326126,BRA
32880,76,pelagic30-90cm,264843.101342083,359848.189052723,852.820518383359,1285.84872057685,1496.81735484242,1963,UP,2159920.22562208,2934584.40149418,BRA
32946,76,pelagic<30cm,5768258.92099918,7837461.18433988,18574.3541676095,28005.6694546201,32600.5473294321,1963,UP,46820981.541732,63613435.2975649,BRA
32996,76,pelagic>=90cm,1145118.97569523,1555898.52091934,3687.39436109243,5559.70596305664,6471.8844761075,1963,UP,9365739.37750496,12724808.5128806,BRA
33048,76,rays<90cm,357588.114396037,485862.892935943,1151.46847148968,1736.13817788567,2020.98560544349,1963,UP,2904174.09203048,3945763.61582914,BRA
33091,76,rays>=90cm,701965.721660139,953776.377169885,2260.39782648635,3408.13757470553,3967.30920821013,1963,UP,5724418.15166762,7777501.35673979,BRA
33096,76,reef-associated30-90cm,377910.148782318,513474.891265191,1216.90739669517,1834.80437603355,2135.83992334321,1963,UP,3082443.56167982,4187974.54093656,BRA
33130,76,reef-associated>=90cm,134055.098406526,182143.632023719,431.670441614859,650.855453282845,757.641021356339,1963,UP,1103730.00415967,1499591.311308,BRA
33142,76,shark>=90cm,43064.1424641046,58512.2043968231,138.670722831234,209.082178125851,243.386199168615,1963,UP,353171.817703686,479839.034917654,BRA
33168,76,shrimp,5507351.48615283,7482960.47254455,17734.2068777304,26738.9289218816,31125.9732344059,1963,UP,45042865.493402,61197710.7069409,BRA
33258,76,benthopelagic30-90cm,28186.4445255672,32661.8508746055,0.358153100109384,142.797734516133,43.6688079770534,1963,I,232977.554483324,269948.933190323,BRA
33310,76,benthopelagic>=90cm,6753078.55737716,7825323.43110807,85.8084821025566,34212.3433882631,10462.4366691076,1963,I,62962230.2633063,72953453.8055019,BRA
33363,76,cephalopods,28631.861664598,33177.990757336,0.363812825267023,145.05430001912,44.3588856310967,1963,I,259243.079476631,300381.408329036,BRA
33411,76,demersal30-90cm,16695838.1763522,19346781.2603295,212.146877778825,84584.2002267606,25866.5952237341,1963,I,135466249.510202,156963430.03118,BRA
33473,76,demersal<30cm,2335291.83947788,2706086.38633094,29.6735550030256,11831.0198297259,3618.03032007235,1963,I,20716169.739467,24003557.6138781,BRA
33572,76,demersal>=90cm,6612027.98094924,7661877.03087526,84.0162127308715,33497.7551134691,10243.9092655716,1963,I,53341229.8616492,61805977.2429731,BRA
33619,76,demersalmollusc,945700.182479021,1095857.20555138,12.0166079060323,4791.09181248465,1465.158176835,1963,I,8070221.137561,9350869.39848207,BRA
33668,76,flatfish<90cm,133167.521921239,154311.684767014,1.6921027682904,674.651264519418,206.314313189936,1963,I,1172028.2999366,1358013.48195482,BRA
33747,76,lobsterscrab,3502529.80700769,4058656.85317556,44.5051488302278,17744.4629833412,5426.41344627155,1963,I,30291977.0373403,35098930.6745269,BRA
33804,76,pelagic30-90cm,1197917.31423655,1388121.03960866,15.2214231695437,6068.87039106566,1855.9141476795,1963,I,11781754.388929,13651372.3595244,BRA
33880,76,pelagic<30cm,12295554.1464482,14247825.9571778,156.234349852772,62291.5485186729,19049.3055094506,1963,I,102065825.36691,118262660.174835,BRA
33939,76,pelagic>=90cm,3921291.34032708,4543908.78840607,49.8261726020929,19865.9862640185,6075.19399644394,1963,I,35763802.9894433,41439065.8588293,BRA
33996,76,rays<90cm,952252.205899825,1103449.55057748,12.099861666471,4824.28557341249,1475.30912199464,1963,I,8319924.0988266,9640183.2363805,BRA
34053,76,rays>=90cm,745048.307587683,863346.091584299,9.46701031595999,3774.55235022975,1154.29143424468,1963,I,5777905.85616441,6694804.48321154,BRA
34057,76,reef-associated30-90cm,1156667.98669528,1340322.19844553,14.697285599694,5859.89367823959,1792.00722384068,1963,I,10146938.8801141,11757121.9170097,BRA
34093,76,reef-associated>=90cm,531734.441674403,616162.532422542,6.75652221931982,2693.86490255736,823.807671350773,1963,I,4704472.00845171,5451011.74258393,BRA
34112,76,shark>=90cm,94758.9699196178,109804.673723158,1.20406171871371,480.066445320191,146.808557488324,1963,I,775162.979724952,898174.268645671,BRA
34151,76,shrimp,11431041.7009227,13246047.3699784,145.249359810227,57911.768778448,17709.9301957893,1963,I,94737430.4459317,109771358.359209,BRA
34242,76,benthopelagic30-90cm,2983.18234360289,4028.59871145905,0.802269196974033,14.7191910306563,2.79523495147005,1964,APW,29895.3762588509,40400.8937145844,BRA
34280,76,benthopelagic>=90cm,636536.807401067,859602.621204556,171.184263815838,3140.70874221679,596.433515289494,1964,APW,7643202.22650248,10351381.2517056,BRA
34323,76,cephalopods,5874.63343590412,7933.32018102343,1.57986904798032,28.9857748600513,5.50451793277968,1964,APW,66988.0424998578,90688.7928921537,BRA
34361,76,demersal30-90cm,1844338.32633002,2490662.03441458,495.999123615817,9100.07000028896,1728.14074310561,1964,APW,18203838.1813596,24599301.5422136,BRA
34421,76,demersal<30cm,299524.629145367,404489.030854194,80.55135624334,1477.87152341902,280.653884268459,1964,APW,3502282.64318642,4742880.94679235,BRA
34555,76,demersal>=90cm,638265.001851783,861936.438294964,171.649028290314,3149.23575174162,598.052829489961,1964,APW,6165978.30081224,8331008.25058582,BRA
34592,76,demersalmollusc,118388.182320528,159875.737992081,31.8382120238738,584.134012151415,110.929452828446,1964,APW,1269922.36518577,1717929.43232181,BRA
34649,76,flatfish<90cm,14255.3434124064,19250.9379206326,3.83369891437743,70.336673634707,13.357223783861,1964,APW,161386.105908635,218461.892495819,BRA
34714,76,lobsterscrab,389511.243501655,526010.251111376,104.751515845666,1921.87058695348,364.971133648987,1964,APW,4240508.66014744,5737677.98996417,BRA
34762,76,pelagic30-90cm,120224.672744999,162355.801932355,32.3321006060619,593.195360158428,112.650240105673,1964,APW,1481771.71178763,2008671.7804434,BRA
34833,76,pelagic<30cm,1427541.27128353,1927804.02390749,383.909616459026,7043.5696702304,1337.60286719131,1964,APW,14647112.6241131,19801109.5851667,BRA
34883,76,pelagic>=90cm,378259.145129241,510815.005302308,101.725481602447,1866.35209483232,354.427943516678,1964,APW,4269326.9474618,5779393.04361051,BRA
34938,76,rays<90cm,108196.562651944,146112.601470245,29.0973730185366,533.847982155505,101.37992878718,1964,APW,1239984.65968825,1678837.88468265,BRA
34983,76,rays>=90cm,104453.408315832,141057.708742151,28.0907240519314,515.37904617222,97.8726018376606,1964,APW,952430.04314525,1285948.18726496,BRA
34988,76,reef-associated30-90cm,133158.193188031,179821.701696464,35.8103207967014,657.010084225871,124.76891882655,1964,APW,1498805.66562121,2028792.67610173,BRA
35026,76,reef-associated>=90cm,65328.7698884707,88222.3638653083,17.5689092120416,322.335859170058,61.212906184023,1964,APW,741948.288088225,1004363.61042126,BRA
35043,76,shark>=90cm,19781.0515786015,26713.0566362279,5.31973125923645,97.6008314064555,18.5347995465004,1964,APW,196111.157373613,265001.505130444,BRA
35067,76,shrimp,1056976.56732438,1427379.87381043,284.253405999836,5215.18238492424,990.384597242449,1964,APW,10337075.7917082,13966360.8975951,BRA
35152,76,benthopelagic30-90cm,11810.1634514422,16402.1834486,38.0297487024956,57.3397363910299,66.7007132591671,1964,UP,96351.3170150173,133807.523121679,BRA
35193,76,benthopelagic>=90cm,780494.308327713,1083965.59272141,2513.25923908414,3789.39191470251,4408.02765128719,1964,UP,6341301.96800389,8806448.13151701,BRA
35240,76,cephalopods,15754.4032307444,21880.0199486088,50.7305422390094,76.4894856843458,88.9767475940271,1964,UP,128996.255332358,179143.296933769,BRA
35281,76,demersal30-90cm,9880804.0968946,13722651.8568761,31817.0445589898,47972.4691852726,55804.1964064848,1964,UP,80511830.8810667,111810435.647895,BRA
35344,76,demersal<30cm,823373.349594061,1143516.83465319,2651.33346393867,3997.57471699999,4650.19725783785,1964,UP,6794050.06446351,9435235.80305604,BRA
35481,76,demersal>=90cm,3793071.2798569,5267890.76388534,12214.0178818605,18415.8084004181,21422.2742004829,1964,UP,30819553.7701555,42800484.4598682,BRA
35521,76,demersalmollusc,396176.787833195,550217.986299215,1275.72355327719,1923.48502812857,2237.50284522716,1964,UP,3234824.2647773,4492350.03276856,BRA
35577,76,flatfish<90cm,40101.1744984097,55693.2868314293,129.129253385838,194.695931530796,226.480941823681,1964,UP,327739.438747984,455147.040565056,BRA
35650,76,lobsterscrab,1368305.28921008,1900328.85316017,4406.06148347594,6643.28355050639,7727.83028125304,1964,UP,11172241.9020126,15515408.4356845,BRA
35703,76,pelagic30-90cm,272771.676462754,378830.580568966,878.348411661499,1324.33865861557,1540.54306291101,1964,UP,2229711.2746848,3096504.0536761,BRA
35776,76,pelagic<30cm,5295271.664319,7354175.71530114,17051.2331631537,25709.1684293212,29906.3089485017,1964,UP,43235508.3251826,60043153.9274875,BRA
35831,76,pelagic>=90cm,1158753.13294676,1609298.76511673,3731.2853996795,5625.88311826739,6544.33452819022,1964,UP,9459154.69177832,13136367.7123789,BRA
35888,76,rays<90cm,298793.888754357,414970.732354348,962.142187945925,1450.67956822675,1687.50970969517,1964,UP,2444529.37526736,3394832.6484935,BRA
35935,76,rays>=90cm,813089.973049929,1129235.08239452,2618.22010124946,3947.6477111059,4592.11943757512,1964,UP,6622401.36652116,9196826.1361009,BRA
35940,76,reef-associated30-90cm,391104.20147351,543173.080242452,1259.38938607251,1898.85702311569,2208.85420461767,1964,UP,3186880.5180462,4425766.2318495,BRA
35980,76,reef-associated>=90cm,156763.876526885,217716.704047279,504.79325323973,761.107108520995,885.361360205249,1964,UP,1288103.77709381,1788852.84551934,BRA
35994,76,shark>=90cm,90374.1842809482,125513.415262062,291.012696947711,438.777322983715,510.409748056326,1964,UP,738776.121181404,1025972.87802175,BRA
36020,76,shrimp,4849096.55148668,6734519.08811181,15614.5106750963,23542.9356367582,27386.4286448323,1964,UP,39608739.5674886,55006500.0793818,BRA
36119,76,benthopelagic30-90cm,33747.6567839483,39521.8598232989,0.426911479583912,170.995143432558,52.8125325589297,1964,I,276955.175421939,324310.99860959,BRA
36175,76,benthopelagic>=90cm,7979251.07966567,9344495.96558205,100.938382365315,40429.8642595178,12486.9249482576,1964,I,74087963.6446918,86755768.8004558,BRA
36229,76,cephalopods,70464.0674965632,82520.4255219057,0.891378014925366,357.032590604846,110.270940667706,1964,I,627968.846054812,735341.410452946,BRA
36277,76,demersal30-90cm,20873268.1321587,24444671.2983547,264.049081662168,105762.231168073,32665.0872354857,1964,I,168857691.158108,197730091.744489,BRA
36339,76,demersal<30cm,3535137.88126698,4139997.76914649,44.7198735333426,17912.1001772377,5532.22363407227,1964,I,31656018.5366132,37068648.1254018,BRA
36446,76,demersal>=90cm,7190888.39373469,8421244.91550905,90.9655097936223,36435.3294264575,11253.196921286,1964,I,57082104.508979,66842341.7723594,BRA
36493,76,demersalmollusc,1374476.05609533,1609648.0525225,17.3872695967268,6964.29775439775,2150.95115873438,1964,I,11729544.2446762,13735119.4542718,BRA
36546,76,flatfish<90cm,166884.881777471,195438.781022987,2.11111166194191,845.584761008864,261.162228503459,1964,I,1470023.77552587,1721374.03364648,BRA
36629,76,lobsterscrab,4485045.75293385,5252434.28553664,56.7363100390792,22725.164201305,7018.75766876268,1964,I,38411915.2234984,44979759.1505005,BRA
36689,76,pelagic30-90cm,1858351.51035921,2176314.2953903,23.5083460150571,9416.03398115411,2908.17967822474,1964,I,18092420.85727,21185933.3623966,BRA
36770,76,pelagic<30cm,16539033.4019871,19368851.7075678,209.220547243694,83801.2075005396,25882.3374205679,1964,I,138749449.899146,162473786.530329,BRA
36833,76,pelagic>=90cm,4699760.83702832,5503886.98667842,59.4524788927151,23813.0985973704,7354.77054936736,1964,I,42288271.6232555,49518941.6124686,BRA
36893,76,rays<90cm,1258553.1252368,1473890.78045389,15.9208320823434,6376.93080574772,1969.54053222817,1964,I,11130151.415092,13033219.7525934,BRA
36952,76,rays>=90cm,1182907.17989429,1385301.86101668,14.9639027566293,5993.64229014071,1851.16034432569,1964,I,9058792.26359893,10607721.9811364,BRA
36956,76,reef-associated30-90cm,1509093.76403553,1767298.7663782,19.0901980472224,7646.38879334498,2361.61769861048,1964,I,13133587.1032373,15379221.5396646,BRA
36996,76,reef-associated>=90cm,742959.545126928,870079.460179131,9.39851796857164,3764.48281422589,1162.67554272528,1964,I,6518938.79151898,7633575.69506228,BRA
37018,76,shark>=90cm,222805.329905759,260927.182968377,2.81851133126644,1128.92665670628,348.673503920063,1964,I,1813830.25698757,2123971.96331024,BRA
37053,76,shrimp,12007869.487777,14062408.472108,151.900837515796,60842.3683613638,18791.408314554,1964,I,96918128.2129818,113489868.49446,BRA
37152,76,benthopelagic30-90cm,2855.92660661392,3936.50224947667,0.780786128309483,14.0894828726057,2.71156972122431,1965,APW,28674.1796771911,39554.8995763638,BRA
37193,76,benthopelagic>=90cm,553186.651593412,762491.757783577,151.23654190897,2729.10159348263,525.225042958864,1965,APW,6703981.80517786,9269930.83747173,BRA
37235,76,cephalopods,5397.12473660726,7439.1945567363,1.47552815865082,26.6262782669697,5.1243193657579,1965,APW,61525.3178475033,85032.7475478441,BRA
37275,76,demersal30-90cm,1777416.01444301,2449923.65101651,485.93047352769,8768.73811637674,1687.57398583751,1965,APW,17526477.4308065,24173931.5098821,BRA
37337,76,demersal<30cm,260467.009800783,359017.96902649,71.2094728427994,1284.99292137555,247.301333135806,1965,APW,2768798.58423761,3822094.25800111,BRA
37472,76,demersal>=90cm,554248.068602883,763954.775227982,151.526724323121,2734.33800843146,526.232809131078,1965,APW,5552466.71108088,7660144.69975623,BRA
37511,76,demersalmollusc,96719.1361498908,133314.034100091,26.4421920622976,477.156033730432,91.8303294068052,1965,APW,1040812.30240187,1437304.13737583,BRA
37569,76,flatfish<90cm,23680.3165040559,32640.0611873768,6.47399782526852,116.824925762836,22.4833611174402,1965,APW,268128.803816979,370541.966993188,BRA
37637,76,lobsterscrab,414032.294645441,570686.60498953,113.192920148108,2042.59483090463,393.104441539092,1965,APW,4502618.2859234,6218888.15580594,BRA
37689,76,pelagic30-90cm,93888.9592407925,129413.024269068,25.6684456830425,463.193584907399,89.1432078278938,1965,APW,1071966.96409706,1481944.40857199,BRA
37762,76,pelagic<30cm,1655606.81427903,2282026.41257138,452.62887061946,8167.80228158966,1571.92180550267,1965,APW,16697868.0854542,23035483.9469829,BRA
37812,76,pelagic>=90cm,314552.391662214,433567.233306694,85.9959578329702,1551.81877734474,298.652892197819,1965,APW,3566567.10557408,4928780.95001213,BRA
37869,76,rays<90cm,47552.3021688004,65544.311965781,13.0003963745415,234.595435824117,45.1487032043534,1965,APW,522271.732394129,721463.972948908,BRA
37918,76,rays>=90cm,110777.099628479,152691.004337479,30.2855201264513,546.509859279232,105.177713062371,1965,APW,1015307.67185764,1399198.06912865,BRA
37924,76,reef-associated30-90cm,125716.604984084,173283.05887495,34.369854268109,620.21270036259,119.362079802929,1965,APW,1400480.30659315,1934895.92173119,BRA
37964,76,reef-associated>=90cm,60980.9067049794,84053.7974131945,16.6716630380899,300.844369944947,57.8985397632734,1965,APW,692898.285488591,957516.699747927,BRA
37979,76,shark>=90cm,17069.5036427348,23527.9643851714,4.66665762016104,84.2110153185407,16.2067012250167,1965,APW,170535.622055726,235239.068109576,BRA
38004,76,shrimp,1441357.76886845,1986713.5543019,394.05499751196,7110.82194855385,1368.50228379957,1965,APW,14633658.3557307,20190861.7708746,BRA
38088,76,benthopelagic30-90cm,11510.2095554203,16339.7433236882,37.0637011993662,55.8831685445266,64.9471852612617,1965,UP,93727.9445506889,133047.530822308,BRA
38131,76,benthopelagic>=90cm,673607.580751041,956244.533808637,2169.06477491781,3270.42924689887,3800.87922203175,1965,UP,5484518.61074541,7785315.46906296,BRA
38176,76,cephalopods,16959.7363515658,24075.8204694468,54.6115687579688,82.3411424824126,95.6965321529354,1965,UP,138668.061961618,196840.583715346,BRA
38220,76,demersal30-90cm,9251256.50249674,13132963.0398618,29789.7101765418,44915.7353641939,52200.8801902451,1965,UP,75599258.9206342,107313804.017226,BRA
38284,76,demersal<30cm,923201.811460188,1310565.24753885,2972.77611862077,4482.23311504759,5209.23262028724,1965,UP,7508316.93102678,10658106.7129076,BRA
38423,76,demersal>=90cm,2657211.87891956,3772143.31756061,8556.41303744143,12901.0178809692,14993.5091405304,1965,UP,21776614.4029299,30912125.301369,BRA
38465,76,demersalmollusc,353451.598322989,501755.277880699,1138.13952435928,1716.04132368854,1994.37606471397,1965,UP,2891296.79386592,4104223.3251152,BRA
38523,76,flatfish<90cm,76447.4711876793,108523.832771011,246.166346138591,371.159786154557,431.36035448139,1965,UP,624925.504296871,887087.444189199,BRA
38596,76,lobsterscrab,1485417.74396415,2108679.65070163,4783.15178828329,7211.8452531465,8381.57645550204,1965,UP,12132831.6868166,17222659.6892404,BRA
38652,76,pelagic30-90cm,322424.243707056,457709.250048074,1038.22921473766,1565.40054871877,1819.30198472392,1965,UP,2634618.97530145,3739864.42695246,BRA
38725,76,pelagic<30cm,7132320.14807579,10124948.634584,22966.5829760688,34628.0966501386,40244.6294109016,1965,UP,58439216.5026946,82955044.4454114,BRA
38779,76,pelagic>=90cm,911889.694520341,1294506.71390793,2936.35028986656,4427.3117051027,5145.4031868567,1965,UP,7444477.13349943,10567498.331728,BRA
38839,76,rays<90cm,168387.240931852,239040.33046165,542.219005973255,817.536163910346,950.137117815001,1965,UP,1379627.94905522,1958395.54129338,BRA
38889,76,rays>=90cm,880369.019151099,1249760.37436973,2834.85145199896,4274.27581068085,4967.54550903517,1965,UP,7214527.81745126,10241092.7847819,BRA
38895,76,reef-associated30-90cm,403673.661744235,573049.863920857,1299.85817451054,1959.8742462179,2277.75766967237,1965,UP,3290694.60953203,4671166.96408425,BRA
38936,76,reef-associated>=90cm,153636.916601712,218100.962474024,494.721902559651,745.921928160878,866.907351899734,1965,UP,1263536.48515103,1793604.98015017,BRA
38949,76,shark>=90cm,79426.2522219801,112752.471466388,255.758234944965,385.622053048619,448.168340709266,1965,UP,649901.977827392,922541.848084877,BRA
38977,76,shrimp,6402380.44203417,9088735.75061683,20616.1247130792,31084.1695458005,36125.892120362,1965,UP,52323888.8757135,74274211.2959395,BRA
39075,76,benthopelagic30-90cm,36077.6648727549,42675.9159108578,0.454122475444475,182.824677531613,57.0385634699942,1965,I,295486.331152471,349547.932753249,BRA
39137,76,benthopelagic>=90cm,7711402.61788779,9121742.51954623,97.0661836993996,39077.7701911757,12191.6795118089,1965,I,71558088.015294,84650198.5671896,BRA
39193,76,cephalopods,72805.158566687,86120.5079604518,0.916424578753695,368.942382622007,115.104502259097,1965,I,646551.086061175,764843.00461497,BRA
39243,76,demersal30-90cm,22440646.8250282,26544821.0206469,282.468450291883,113718.668706989,35478.5228686935,1965,I,181077343.232539,214207005.158451,BRA
39307,76,demersal<30cm,3514052.14232109,4156737.81163467,44.2326315558448,17807.5674247502,5555.69455128499,1965,I,30274824.0111453,35813846.4257139,BRA
39417,76,demersal>=90cm,6983203.35029671,8260362.74844209,87.9000789866457,35387.5979822578,11040.4010050155,1965,I,56801418.1333958,67193724.7541383,BRA
39467,76,demersalmollusc,1253899.38252386,1483225.28073804,15.7832801418379,6354.17372702892,1982.40711441069,1965,I,10668726.1980436,12620658.953115,BRA
39521,76,flatfish<90cm,311647.603177454,368644.893008726,3.92281988095522,1579.28382436541,492.712919663844,1965,I,2728312.18636631,3227480.21677574,BRA
39607,76,lobsterscrab,5396795.12459508,6383816.01851606,67.931391072336,27348.4254548688,8532.2994804255,1965,I,46255708.0273075,54718582.7165768,BRA
39667,76,pelagic30-90cm,1614045.4904884,1909238.5793627,20.3165680541068,8179.22521761488,2551.79586809135,1965,I,15368704.2163265,18180505.668531,BRA
39749,76,pelagic<30cm,20879454.3485706,24698101.7531734,262.817162034876,105807.277765257,33010.2872866131,1965,I,171572283.329087,202962806.134482,BRA
39812,76,pelagic>=90cm,4330828.55148515,5122894.61469819,54.5136884402758,21946.6070257754,6847.01296724157,1965,I,38849618.4527537,45957456.4493718,BRA
39875,76,rays<90cm,614010.1768328,726306.615667795,7.72876577336306,3111.51547575239,970.746265480949,1965,I,5281918.02223872,6248289.14166967,BRA
39936,76,rays>=90cm,1397936.78541617,1653605.71183108,17.5963304650433,7084.08770092813,2210.12935130995,1965,I,10739733.5510697,12704671.8764246,BRA
39941,76,reef-associated30-90cm,1595790.30652173,1887644.70130417,20.0867835222676,8086.71651080811,2522.93453593441,1965,I,13774791.2123605,16295003.765073,BRA
39989,76,reef-associated>=90cm,778085.506902227,920389.714277009,9.79404065501888,3942.97226256591,1230.14834044985,1965,I,6812127.99239932,8058461.88599854,BRA
40006,76,shark>=90cm,215073.706025239,254408.577310696,2.70720968576203,1089.8926271497,340.030189734137,1965,I,1754536.22870958,2075543.0381392,BRA
40048,76,shrimp,18327521.3756185,21679445.2700569,230.695068686186,92875.2788538039,28975.6971499654,1965,I,151021355.513435,178651970.613169,BRA
40150,76,benthopelagic30-90cm,3160.06316662755,4448.08487746728,0.878307698454587,15.588501123709,3.04301454456018,1966,APW,31504.0099324077,44377.201644061,BRA
40190,76,benthopelagic>=90cm,600112.198129676,844714.125171434,166.795135337851,2960.33629127721,577.884064648451,1966,APW,7137352.77772069,10077688.5410882,BRA
40232,76,cephalopods,9003.66222121797,12673.4978562988,2.50247714244901,44.4148079491523,8.67016690768021,1966,APW,103357.777387526,145906.055641983,BRA
40272,76,demersal30-90cm,1993533.58742591,2806085.23797823,554.0825624801,9834.04410896803,1919.69317755137,1966,APW,19656421.4278088,27687093.3946918,BRA
40333,76,demersal<30cm,319453.571544845,449660.821861987,88.7888995858543,1575.85532200426,307.62102314559,1966,APW,3752237.17099596,5297322.54608681,BRA
40467,76,demersal>=90cm,622964.541972468,876880.939472898,173.146713919198,3073.06624915743,599.889958525921,1966,APW,6383796.39831108,8997144.99412344,BRA
40506,76,demersalmollusc,87104.0528894696,122607.112577831,24.2096933464348,429.681798986375,83.8777220126485,1966,APW,935546.177071652,1319393.93070357,BRA
40563,76,flatfish<90cm,20242.4594869127,28493.157629685,5.62618753661957,99.8554730774986,19.4926795409864,1966,APW,226940.950604739,320270.605728929,BRA
40632,76,lobsterscrab,663189.090324171,933500.758695407,184.326721602988,3271.49279448829,638.624591103923,1966,APW,7238443.93173593,10211168.8230093,BRA
40685,76,pelagic30-90cm,107938.992455127,151934.241409831,30.0005547477537,532.459959328744,103.940936192316,1966,APW,1263716.88574609,1784959.20205038,BRA
40757,76,pelagic<30cm,2095496.60732058,2949607.73830166,582.422155902449,10337.0247667569,2017.87949098443,1966,APW,20816683.6572318,29320588.2883503,BRA
40807,76,pelagic>=90cm,287958.640987092,405328.75729749,80.0352011587788,1420.49173130914,277.292663643385,1966,APW,3217086.72224213,4539885.80765504,BRA
40865,76,rays<90cm,54485.3113430194,76693.1787909877,15.1436429849408,268.774480860369,52.4671774389374,1966,APW,608091.96931504,858314.196150285,BRA
40914,76,rays>=90cm,141358.448402248,198975.255710257,39.289155604377,697.317178667626,136.122536735102,1966,APW,1292114.17107593,1818407.94651331,BRA
40920,76,reef-associated30-90cm,143111.476810219,201442.807382519,39.7763921769212,705.964817612361,137.810633036093,1966,APW,1588709.26061451,2241693.02151958,BRA
40963,76,reef-associated>=90cm,76386.2066761149,107520.740202711,21.2307760452063,376.810970483625,73.5568644240946,1966,APW,869293.827627702,1226901.38941862,BRA
40979,76,shark>=90cm,18729.4319133954,26363.4296103126,5.20565677640298,92.3917513775464,18.0356944524739,1966,APW,188180.225123357,265132.492971306,BRA
41005,76,shrimp,1340000.99082248,1886176.89861868,372.439765953222,6610.1865215245,1290.36740400021,1966,APW,13234412.9946243,18642286.4790864,BRA
41091,76,benthopelagic30-90cm,11057.8611582559,16045.46811423,35.6069106538337,53.6866779363125,62.3284873068529,1966,UP,90081.0019150662,130704.112558817,BRA
41134,76,benthopelagic>=90cm,733243.004050867,1063969.52114888,2361.08210793503,3559.9453134879,4132.98074706802,1966,UP,5955503.35782685,8641201.20443559,BRA
41180,76,cephalopods,22825.4265377869,33120.7498868184,73.4991072626934,110.819018773645,128.657277196121,1966,UP,187154.300739914,271554.369876154,BRA
41224,76,demersal30-90cm,8826583.05627528,12807780.3618765,28422.0745554203,42853.6689906408,49751.7161874644,1966,UP,71895415.5399012,104317488.865738,BRA
41289,76,demersal<30cm,832268.31209665,1207659.8243649,2679.94895257994,4040.72000802536,4691.1445336499,1966,UP,6855837.66837528,9947590.78980171,BRA
41427,76,demersal>=90cm,2466518.45262358,3579032.38414086,7942.32274322133,11975.1170587911,13902.72149978,1966,UP,20177847.1408619,29277320.0596779,BRA
41469,76,demersalmollusc,266410.399573913,386573.814816887,857.85588723892,1293.44084865186,1501.64276532435,1966,UP,2176470.68950741,3157978.98958723,BRA
41526,76,flatfish<90cm,59481.0332524118,86309.731040569,191.532142274644,288.784515363275,335.269431675173,1966,UP,487131.801323856,706810.738777313,BRA
41602,76,lobsterscrab,2125856.88651812,3084716.69157967,6845.37408616066,10321.1816798748,11982.5563073382,1966,UP,17368762.4616477,25201432.2821143,BRA
41659,76,pelagic30-90cm,301646.37068705,437702.839035794,971.317618876763,1464.51391656715,1700.25303423971,1966,UP,2474045.13893628,3589752.31150519,BRA
41733,76,pelagic<30cm,7770913.05675024,11275954.3537446,25022.7600935131,37728.3183952218,43801.3508117429,1966,UP,63639570.2898796,92338722.3787829,BRA
41788,76,pelagic>=90cm,868347.322446358,1260012.13751788,2796.12531612938,4215.88608952924,4894.50665824545,1966,UP,7091223.38794132,10289101.3736615,BRA
41847,76,rays<90cm,174669.298143513,253453.232391525,562.444581637779,848.031479197152,984.536971157986,1966,UP,1427190.88584591,2070801.67360285,BRA
41897,76,rays>=90cm,989765.547869991,1436195.59982033,3187.09856516304,4805.37994106403,5578.88985078421,1966,UP,8087444.9784085,11734582.895883,BRA
41903,76,reef-associated30-90cm,436464.184873226,633329.724542435,1405.43826803035,2119.06369492885,2460.16404234338,1966,UP,3557739.19617643,5162145.22606967,BRA
41946,76,reef-associated>=90cm,174267.513685955,252870.224555717,561.15081396629,846.080787968169,982.272282073489,1966,UP,1432602.83451459,2078658.35927196,BRA
41959,76,shark>=90cm,76839.8173565189,111498.129850975,247.428365405702,373.06260840728,433.113557153946,1966,UP,628143.624935343,911413.180770284,BRA
41987,76,shrimp,6158620.49223525,8936443.25259276,19831.0908845302,29900.5268891219,34713.539416383,1966,UP,50325229.3717942,73020044.168699,BRA
42088,76,benthopelagic30-90cm,38493.6114594919,46024.7044077012,0.481588650817062,195.090623998096,61.5453447536394,1966,I,313149.872940606,374401.988945215,BRA
42149,76,benthopelagic>=90cm,8031479.65913191,9602800.65322014,100.480815035407,40704.5823688673,12841.0966329643,1966,I,73444610.9465586,87810271.0683463,BRA
42206,76,cephalopods,116894.832169823,139764.752991949,1.46245629801177,592.438196508583,186.896798534516,1966,I,1039457.55559604,1242774.1061771,BRA
42256,76,demersal30-90cm,24249232.5021519,28993480.1051242,303.379047101099,122898.260800967,38770.780858705,1966,I,195126849.643837,233293613.460708,BRA
42322,76,demersal<30cm,4161876.91885423,4976128.44596495,52.068709955336,21092.9329391964,6654.19897176047,1966,I,37669928.3610499,45038124.7248579,BRA
42433,76,demersal>=90cm,7593239.2908462,9078820.63042864,94.9980458252903,38483.5232458493,12140.4179091846,1966,I,62315669.3356505,74504580.398069,BRA
42484,76,demersalmollusc,1087296.53370664,1300020.95594557,13.603027901315,5510.56009527755,1738.41937607834,1966,I,9225407.41027241,11029889.0895177,BRA
42536,76,flatfish<90cm,254279.05250126,304027.54599309,3.18125271134898,1288.71927421825,406.552967010838,1966,I,2204508.72656369,2635707.68014909,BRA
42623,76,lobsterscrab,8317294.51153215,9944533.82914974,104.05660810683,42153.1291741305,13298.0704777072,1966,I,71113486.9242579,85023203.6726842,BRA
42684,76,pelagic30-90cm,1710050.20575129,2044613.43734545,21.3942194611655,8666.75661386477,2734.10640022043,1966,I,16052233.5011943,19192034.6526074,BRA
42765,76,pelagic<30cm,25475698.2274385,30459898.0464987,318.723202962799,129114.148440147,40731.7102968463,1966,I,207142297.023562,247659348.365856,BRA
42829,76,pelagic>=90cm,3893061.79633031,4654720.91662719,48.7055983306513,19730.5429735653,6224.40507185227,1966,I,34732161.51489,41525745.2699358,BRA
42893,76,rays<90cm,694611.444683546,830508.887258055,8.69019496492978,3520.38104614155,1110.57651417976,1966,I,5973175.58337014,7141517.57186586,BRA
42954,76,rays>=90cm,1715642.11919171,2051299.38219215,21.4641791751843,8695.09715768678,2743.04700692046,1966,I,13099716.0612281,15662014.1985283,BRA
42959,76,reef-associated30-90cm,1757402.30219478,2101229.74741004,21.9866354848887,8906.74319066337,2809.81509550585,1966,I,15083640.8969726,18033982.9411987,BRA
43008,76,reef-associated>=90cm,941334.877902807,1125502.59280629,11.7769202895737,4770.8074602064,1505.04921187039,1966,I,8217717.72706033,9825094.62365435,BRA
43028,76,shark>=90cm,229902.197729833,274881.474925556,2.87627699835595,1165.1742071758,367.578137837023,1966,I,1873814.12328804,2240331.24205428,BRA
43071,76,shrimp,16412062.93235,19623005.3908267,205.329220746998,83178.4672097497,26240.3560744841,1966,I,132332978.539825,158217258.957844,BRA
43178,76,benthopelagic30-90cm,42624.5902767199,61292.9419981384,12.0398160438662,210.249521535059,41.6335842154116,1967,APW,425812.42345523,612797.964200808,BRA
43219,76,benthopelagic>=90cm,98786.7209836397,142052.480038582,27.9034693471144,487.274145885959,96.4899660204601,1967,APW,1173495.9340335,1692743.09328363,BRA
43263,76,cephalopods,10866.7268845492,15626.0425336701,3.06943461132494,53.6010812842107,10.6140794775183,1967,APW,123742.791499719,178449.644569716,BRA
43304,76,demersal30-90cm,2026559.65563532,2914134.83677435,572.425571656374,9996.18284172203,1979.44288831159,1967,APW,19868152.4005187,28588278.7113134,BRA
43368,76,demersal<30cm,194918.730670069,280287.561141354,55.0570843153247,961.453695989796,190.386941805883,1967,APW,2103973.53776593,3031766.67441559,BRA
43504,76,demersal>=90cm,888982.510338136,1278331.43004484,251.10354894206,4384.98402537635,868.313993633982,1967,APW,9085909.03598978,13081847.1825348,BRA
43544,76,demersalmollusc,139542.134626037,200657.599484339,39.4153145017677,688.303790104203,136.297831271459,1967,APW,1497367.68731533,2157497.81687772,BRA
43602,76,flatfish<90cm,18450.1509910029,26530.7895561421,5.21146179872031,91.0069843000134,18.0211917600652,1967,APW,203944.387546017,293959.061564955,BRA
43668,76,lobsterscrab,489618.856355621,704057.915137086,138.29859533804,2415.08785456961,478.235397858326,1967,APW,5262112.92716304,7582360.52036709,BRA
43724,76,pelagic30-90cm,142605.068767569,205062.011197443,40.2804762166162,703.41198078873,139.289553319691,1967,APW,1669779.761357,2409461.54510642,BRA
43797,76,pelagic<30cm,2669975.40531598,3839348.28680028,754.165905477539,13169.8873310849,2607.89945823861,1967,APW,26294843.0198761,37836028.7056486,BRA
43847,76,pelagic>=90cm,451684.789287172,649509.811390274,127.583672652924,2227.97474921793,441.183283910151,1967,APW,5066434.25873614,7304943.01340421,BRA
43907,76,rays<90cm,40361.0469001353,58038.0313470196,11.4004516374411,199.084395751769,39.4226673905819,1967,APW,434855.698624626,626556.223147207,BRA
43958,76,rays>=90cm,209174.626830563,300787.132182952,59.0838295860364,1031.77215130723,204.311393619047,1967,APW,1915345.82627946,2753870.13893846,BRA
43964,76,reef-associated30-90cm,220034.348354016,316403.101207679,62.1512854508591,1085.3386780348,214.918630607541,1967,APW,2431806.00982994,3505264.61383312,BRA
44009,76,reef-associated>=90cm,129314.029038188,185949.876114402,36.5262659747205,637.852764250475,126.307525380157,1967,APW,1445750.90963266,2084086.70282927,BRA
44027,76,shark>=90cm,23411.4720528957,33665.0273777035,6.61284519107569,115.479134593373,22.867163930332,1967,APW,234621.921359526,337673.042225129,BRA
44052,76,shrimp,1164384.13330293,1674351.08895506,328.893971258196,5743.42663051153,1137.31263006259,1967,APW,11492477.5452997,16537437.0022498,BRA
44140,76,benthopelagic30-90cm,143947.947524805,213505.834284724,463.517549535706,698.873250804558,810.495485909964,1967,UP,1178203.39393561,1747427.78773617,BRA
44186,76,benthopelagic>=90cm,127579.454411218,189227.83075433,410.810415130092,619.403538385813,718.333075762193,1967,UP,1037414.13433892,1538615.93577733,BRA
44234,76,cephalopods,28155.4029237672,41760.5314575646,90.6614063890434,136.6956480269,158.528324759596,1967,UP,230828.827978293,342349.018670839,BRA
44278,76,demersal30-90cm,8589737.31098737,12740431.9575516,27659.261962441,41703.5306255582,48364.3110959118,1967,UP,70047749.1616993,103889714.553594,BRA
44345,76,demersal<30cm,574711.957037699,852421.711949703,1850.59309698792,2790.2503689535,3235.901969337,1967,UP,4687802.78626683,6952608.1488843,BRA
44484,76,demersal>=90cm,3181012.72763759,4718127.54515,10242.974977482,15443.9486219952,17910.6163075242,1967,UP,26192116.9565027,38846361.8419523,BRA
44527,76,demersalmollusc,407816.506604261,604879.784497243,1313.18376574175,1979.96604052423,2296.20111551342,1967,UP,3328740.21892605,4936947.01580619,BRA
44585,76,flatfish<90cm,48300.7958139379,71640.4914706677,155.530293423899,234.502365385356,271.956479034268,1967,UP,395260.182341831,586221.847476405,BRA
44658,76,lobsterscrab,1479453.04512869,2194347.76331803,4763.89182286203,7182.80584642322,8330.02509109017,1967,UP,12095288.0062713,17938864.1191758,BRA
44718,76,pelagic30-90cm,350509.6195196,519881.318401276,1128.65353568464,1701.73872878403,1973.53605434146,1967,UP,2863842.63140385,4247444.77058506,BRA
44791,76,pelagic<30cm,9986282.36188167,14811809.2945296,32156.1870727848,48483.8147240538,56227.5247025155,1967,UP,81582979.2551273,120997978.502297,BRA
44846,76,pelagic>=90cm,1176779.27463549,1745417.32008182,3789.27143528362,5713.31214710246,6625.82764398301,1967,UP,9602867.88345448,14242280.3237195,BRA
44908,76,rays<90cm,121129.234850165,179660.764794845,390.040476994009,588.087455103283,682.015268337669,1967,UP,991934.790241869,1471167.20755174,BRA
44959,76,rays>=90cm,1356579.37540494,2012099.6255912,4368.23420306165,6586.24908771482,7638.18782379511,1967,UP,11074312.2738219,16424612.3163127,BRA
44965,76,reef-associated30-90cm,578539.296563455,858098.481452767,1862.91726741706,2808.83226096579,3257.45171326882,1967,UP,4724486.70633505,7007017.79597302,BRA
45011,76,reef-associated>=90cm,265733.659290642,394140.295849681,855.671905723626,1290.14792853951,1496.20703186676,1967,UP,2188327.89147192,3245578.97768431,BRA
45026,76,shark>=90cm,69409.2472234908,102948.874856117,223.500263403245,336.984771767026,390.807111336923,1967,UP,567528.151463585,841717.068499774,BRA
45054,76,shrimp,4375205.20502786,6489372.39834816,14088.317549654,21241.8025901198,24634.4885743772,1967,UP,35719457.9114739,52976519.3854866,BRA
45171,76,benthopelagic30-90cm,475402.090775346,574526.372248091,5.92830076370837,2409.69897915748,767.060072852973,1967,I,3883303.6134338,4692728.5062811,BRA
45236,76,benthopelagic>=90cm,3208731.11227565,3877771.43017755,40.013124621338,16264.2870859719,5177.27954610713,1967,I,29909987.2663989,36143850.5981462,BRA
45295,76,cephalopods,214934.315981457,259749.452576146,2.68024750901261,1089.45040809923,346.795976026218,1967,I,1927631.49004511,2329400.70913815,BRA
45345,76,demersal30-90cm,26647882.7403691,32204131.3994801,332.301154467565,135071.715253605,42996.2915031948,1967,I,217330817.556744,262630225.819682,BRA
45413,76,demersal<30cm,3841181.67652804,4642091.85568004,47.8998319703745,19470.0270450894,6197.73693429433,1967,I,33630009.4954179,40639473.4597115,BRA
45524,76,demersal>=90cm,9972608.75924617,12051959.4748832,124.359200918074,50548.757805208,16090.7790475335,1967,I,81216335.2515203,98144740.79354,BRA
45576,76,demersalmollusc,2674260.4664372,3231860.34315256,33.348234417056,13555.183792871,4314.91250883562,1967,I,23230510.7989402,28072428.2330005,BRA
45630,76,flatfish<90cm,374324.727549132,452373.752523494,4.6678582430827,1897.3621095722,603.972002555183,1967,I,3330583.5443352,4024765.58511212,BRA
45717,76,lobsterscrab,7701675.55527853,9307522.62740247,96.0404885929871,39037.9430033404,12426.6340581022,1967,I,66379636.9425697,80215164.5261562,BRA
45780,76,pelagic30-90cm,3208825.72151206,3877885.76602594,40.014304405818,16264.7666374606,5177.43219787114,1967,I,30413659.8997028,36752678.363432,BRA
45862,76,pelagic<30cm,28488068.9218323,34428007.8013967,355.248418176779,144399.176888658,45965.4272596532,1967,I,229485101.824952,277318428.425498,BRA
45926,76,pelagic>=90cm,6290578.99817089,7602203.69511799,78.4440056168097,31885.4335820855,10149.8333268891,1967,I,57147311.95649,69058552.170065,BRA
45992,76,rays<90cm,790242.553437445,955013.022096764,9.85438563262837,4005.54964156621,1275.05436423857,1967,I,6932613.64244663,8377565.39551413,BRA
46054,76,rays>=90cm,2389138.94984427,2887289.22376424,29.7927470993397,12109.9713278831,3854.86966187836,1967,I,18220456.5964317,22018326.5786352,BRA
46059,76,reef-associated30-90cm,2293535.91483874,2771752.36361276,28.600569874137,11625.3825127993,3700.61440633941,1967,I,19589237.8569487,23672266.1733133,BRA
46109,76,reef-associated>=90cm,1291727.9165048,1561061.19051922,16.1079468149364,6547.45846126654,2084.19973106222,1967,I,11137974.0709319,13459486.6166306,BRA
46129,76,shark>=90cm,250707.191900515,302981.194769661,3.12633803268937,1270.77452142632,404.515420978343,1967,I,2048125.49774123,2475030.47013008,BRA
46172,76,shrimp,20076206.3635396,24262219.7806005,250.351842843664,101761.46659489,32392.9082657426,1967,I,168000851.741505,203017749.118996,BRA
46281,76,benthopelagic30-90cm,39046.6765874859,57266.0533924486,11.2100817042204,192.579929583488,38.7023907945045,1968,APW,392572.477183348,576298.053903848,BRA
46323,76,benthopelagic>=90cm,117707.772981972,172630.815254893,33.7932410046039,580.539923327619,116.669909647551,1968,APW,1409978.49180761,2075302.76680815,BRA
46368,76,cephalopods,21904.6535247931,32125.475659455,6.28870309014385,108.034716447733,21.7115138860874,1968,APW,249708.071723203,367366.99191338,BRA
46409,76,demersal30-90cm,2250321.59364741,3300333.0320126,646.05469991891,11098.6852638749,2230.47986005976,1968,APW,21916443.8882321,32162405.7172487,BRA
46473,76,demersal<30cm,384755.781451151,564284.775280886,110.461225466264,1897.63246899352,381.363278915774,1968,APW,4191206.01127679,6161527.34970176,BRA
46609,76,demersal>=90cm,972936.138259478,1426913.0617602,279.32450482541,4798.56390787662,964.357480121174,1968,APW,9736796.89573427,14296208.3898642,BRA
46651,76,demersalmollusc,120238.939306562,176343.036589898,34.5199246505743,593.02374718037,119.178757949676,1968,APW,1248205.11891626,1833480.4384188,BRA
46709,76,flatfish<90cm,22409.221510354,32865.4776193275,6.43356172698067,110.523267987111,22.2116329504031,1968,APW,247477.495917199,363902.541008133,BRA
46778,76,lobsterscrab,551292.186291566,808527.909008536,158.272892633515,2718.99735635843,546.431284311942,1968,APW,5951548.34715173,8749087.52043835,BRA
46837,76,pelagic30-90cm,166707.275579256,244493.733617547,47.8607231973841,822.207629378561,165.237369518493,1968,APW,1951293.09682377,2872595.57548677,BRA
46910,76,pelagic<30cm,2467478.10049311,3618815.86339213,708.399114273589,12169.7107249853,2445.72163544315,1968,APW,24588025.0469229,36092557.8251365,BRA
46962,76,pelagic>=90cm,444943.240878806,652556.007722844,127.740707274191,2194.479671147,441.020048179564,1968,APW,5054242.22156861,7434999.07187582,BRA
47024,76,rays<90cm,34337.7343167888,50359.8948390694,9.85817080658746,169.355218797367,34.0349686239916,1968,APW,379246.190007025,557657.917537035,BRA
47075,76,rays>=90cm,183289.802197369,268813.751034827,52.6214735223179,903.993381394547,181.673683223618,1968,APW,1696537.12436273,2488145.49540558,BRA
47081,76,reef-associated30-90cm,246873.42196268,362065.80940674,70.8759739027077,1217.59059599056,244.696667901267,1968,APW,2753842.99173182,4049925.10887635,BRA
47127,76,reef-associated>=90cm,131849.033543125,193370.459524414,37.8531175458508,650.285243572397,130.686482641628,1968,APW,1474047.93914519,2167564.17183146,BRA
47145,76,shark>=90cm,18022.3894553862,26431.7275376624,5.17412686448478,88.8872189792668,17.8634808570791,1968,APW,178665.646953483,262233.762253265,BRA
47172,76,shrimp,1176465.90158017,1725410.84215801,337.756757592266,5802.38166943755,1166.09266290175,1968,APW,11468504.8163887,16829373.8431078,BRA
47263,76,benthopelagic30-90cm,117325.109991191,177877.325691018,377.789043944574,569.615233607356,659.922248102075,1968,UP,957414.831528104,1451454.50643097,BRA
47308,76,benthopelagic>=90cm,146310.185605945,221821.778295337,471.121528405755,710.338226483005,822.955517472403,1968,UP,1190836.54557942,1805323.56761811,BRA
47356,76,cephalopods,56299.5712070506,85356.1284929811,181.285670070099,273.335293761974,316.669974576877,1968,UP,459425.960167176,696496.484408722,BRA
47400,76,demersal30-90cm,9228420.24823793,13991265.0772939,29715.6854399057,44804.1238224417,51907.3865526753,1968,UP,75237034.9323489,114060356.970568,BRA
47466,76,demersal<30cm,1003412.29409607,1521279.59183417,3231.00631482252,4871.58229256243,5643.92479106012,1968,UP,8093659.83716332,12270057.4135679,BRA
47604,76,demersal>=90cm,3883458.37689975,5887735.29014529,12504.8084550499,18854.2508140694,21843.4108664969,1968,UP,31527642.4353111,47796272.0596232,BRA
47648,76,demersalmollusc,368663.431912826,558932.911749668,1187.10313154728,1789.86669526482,2073.63283784013,1968,UP,3010489.57652841,4563945.37374236,BRA
47707,76,flatfish<90cm,57933.1941342655,87832.8743277162,186.545966385907,281.26655847915,325.858665000945,1968,UP,474215.023208437,718917.359778284,BRA
47779,76,lobsterscrab,1764028.80571698,2674454.99455672,5680.20567849921,8564.38728533071,9922.18848354776,1968,UP,14369809.8853281,21784820.1935515,BRA
47843,76,pelagic30-90cm,420517.269309827,637548.835686906,1354.0734557732,2041.61788224047,2365.29675318032,1968,UP,3438181.75102605,5212334.7337604,BRA
47916,76,pelagic<30cm,8647543.59542639,13110594.3873944,27845.2517762861,41983.958639446,48640.1113153269,1968,UP,70738611.1334108,107240797.462085,BRA
47972,76,pelagic>=90cm,1068944.47128838,1620633.33142627,3442.02114848388,5189.74203196521,6012.5256958368,1968,UP,8748111.25502298,13262271.1547595,BRA
48036,76,rays<90cm,90630.4074966368,137405.321955372,291.831603678295,440.012037849381,509.7717126886,1968,UP,743981.076940315,1127887.82497118,BRA
48087,76,rays>=90cm,1070716.74454772,1623320.28588801,3447.72790145691,5198.34644620108,6022.49425715876,1968,UP,8710773.72743742,13205638.2656439,BRA
48093,76,reef-associated30-90cm,632666.202575342,959189.146957916,2037.19698046675,3071.60425251245,3558.57755200972,1968,UP,5163384.79965885,7827764.08323172,BRA
48140,76,reef-associated>=90cm,273309.708022307,414366.540564516,880.062360924023,1326.92288286773,1537.29373839705,1968,UP,2253234.5429354,3415946.92067549,BRA
48155,76,shark>=90cm,64844.8259093733,98311.6420562064,208.801549701457,314.82263823464,364.734738327664,1968,UP,528974.52565623,801932.721199899,BRA
48185,76,shrimp,4360986.5218978,6611718.66745321,14042.4579945985,21172.6573843899,24529.378491013,1968,UP,35625961.3157931,54009465.495818,BRA
48303,76,benthopelagic30-90cm,449153.40159988,548704.539913209,5.56847021859675,2276.89600437876,732.202456893352,1968,I,3658543.25964557,4469041.37793103,BRA
48368,76,benthopelagic>=90cm,3798900.68378785,4640895.61483652,47.0976402399023,19257.7897821505,6192.90515056859,1968,I,35234691.3639679,43040242.7971534,BRA
48427,76,cephalopods,475196.850169751,580520.303557396,5.89134914422508,2408.91821277741,774.658056608085,1968,I,4238597.5254712,5177582.99650441,BRA
48477,76,demersal30-90cm,31008501.7995848,37881279.8761707,384.434178120979,157191.582202781,50549.5474850346,1968,I,250178529.272256,305601634.049066,BRA
48546,76,demersal<30cm,9087531.30398945,11101707.4908951,112.664508932986,46067.4763722551,14814.3434385115,1968,I,79167842.8008864,96706089.5839262,BRA
48659,76,demersal>=90cm,12033859.0660486,14701064.4441223,149.192203789156,61003.3131824121,19617.3982935087,1968,I,96698391.2762226,118120380.426969,BRA
48711,76,demersalmollusc,2152118.3837551,2629117.6319512,26.681323316595,10909.7464952236,3508.34784396133,1968,I,18334391.6658401,22396078.4291213,BRA
48767,76,flatfish<90cm,456886.843291098,558152.035022922,5.66434712744663,2316.09918624071,744.809385809803,1968,I,4021100.25701715,4911903.45045093,BRA
48855,76,lobsterscrab,8760359.90002255,10702021.249965,108.608335222898,44408.9444324195,14280.9940194567,1968,I,74937143.9523478,91538184.8417558,BRA
48921,76,pelagic30-90cm,3673295.47743574,4487451.05287473,45.5404242678511,18621.0585641443,5988.14561771852,1968,I,34214090.4269481,41793674.4155557,BRA
49004,76,pelagic<30cm,27581877.112151,33695172.1546743,341.951904905821,139820.973338343,44963.5205150651,1968,I,222416463.545315,271689538.507735,BRA
49068,76,pelagic>=90cm,6609083.12938368,8073931.76771968,81.9374459752797,33503.4643315608,10774.018159297,1968,I,59321165.4996687,72462828.9102211,BRA
49135,76,rays<90cm,743179.034973361,907898.524213937,9.21371252804454,3767.40189263071,1211.51818817545,1968,I,6523999.93469223,7969278.24363382,BRA
49197,76,rays>=90cm,2228928.62470621,2722952.22781884,27.6335938275073,11299.1211055327,3633.56263013159,1968,I,17010051.8177714,20778352.1747444,BRA
49202,76,reef-associated30-90cm,2692800.30796769,3289637.2348479,33.38453692243,13650.6285824891,4389.75858669673,1968,I,23025340.1804736,28126240.3093402,BRA
49255,76,reef-associated>=90cm,1377798.52394839,1683176.17652081,17.0815361088322,6984.48223444977,2246.0643974767,1968,I,11848440.9040524,14473286.1342047,BRA
49275,76,shark>=90cm,195869.154580873,239281.933443373,2.42832749377002,992.920667766695,319.302660745511,1968,I,1583464.42445744,1934258.1246644,BRA
49318,76,shrimp,20512765.4327256,25059250.3118523,254.311161857678,103985.483547865,33439.5714115032,1968,I,171182677.961027,209105397.471949,BRA
49423,76,benthopelagic30-90cm,6655.42315874295,9973.35041035945,1.94410618428706,32.820315778195,6.69550429438693,1969,APW,66449.9462898606,99658.8233700883,BRA
49468,76,benthopelagic>=90cm,128236.634491541,192166.427396765,37.4590207445582,632.381553803454,129.008917458227,1969,APW,1507906.07428248,2267097.06060638,BRA
49513,76,cephalopods,7591.53410972993,11376.1406333828,2.21755222153894,37.4366198481262,7.63725281177793,1969,APW,85762.3727434646,128902.630026829,BRA
49553,76,demersal30-90cm,1998127.59765407,2994253.89200613,583.670208030415,9853.49498536158,2010.16097575271,1969,APW,19612576.4031849,29411051.8696753,BRA
49617,76,demersal<30cm,334521.090763644,501289.847131467,97.7164796011091,1649.64534507566,336.535686213831,1969,APW,3730752.79677188,5606678.51017034,BRA
49754,76,demersal>=90cm,948305.012544424,1421063.38852122,277.008027214043,4676.43742905623,954.01601557655,1969,APW,9308628.33670941,13959812.7802759,BRA
49796,76,demersalmollusc,91404.0089783221,136971.637822144,26.6998949405569,450.746461420812,91.9544738240399,1969,APW,944348.825894328,1417337.18456373,BRA
49854,76,flatfish<90cm,30088.4398151387,45088.4258476012,8.78909132071004,148.377056191959,30.2696422434114,1969,APW,331050.661487682,497350.436440224,BRA
49926,76,lobsterscrab,712945.812632448,1068370.5969381,208.257586383448,3515.79548666269,717.239405562808,1969,APW,7675304.6172427,11527712.7071217,BRA
49985,76,pelagic30-90cm,44266.59918883,66334.821190922,12.9306532714316,218.294724340053,44.5331871313644,1969,APW,543330.134383096,818085.914594136,BRA
50058,76,pelagic<30cm,3262629.09712122,4889147.16142114,953.041940904372,16089.2124633696,3282.27771694278,1969,APW,33168718.4307257,49763116.1484674,BRA
50112,76,pelagic>=90cm,496778.955914353,744438.104933683,145.113393601133,2449.79797920928,499.770721312609,1969,APW,5584313.89297777,8392243.67757512,BRA
50177,76,rays<90cm,37332.6623612156,55944.1097281581,10.9051908558206,184.100956214369,37.5574918676738,1969,APW,408167.275347716,613099.845750211,BRA
50230,76,rays>=90cm,176148.202893961,263963.343834681,51.4544007840191,868.650948985385,177.20902500027,1969,APW,1610817.8388574,2413426.52149797,BRA
50236,76,reef-associated30-90cm,213331.648642995,319683.848012171,62.3160041876789,1052.01606373418,214.616401624506,1969,APW,2336685.94202796,3510268.71288718,BRA
50282,76,reef-associated>=90cm,132882.936927172,199129.05038824,38.8162455345871,655.294163490501,133.683201447205,1969,APW,1485605.40219828,2232244.59543996,BRA
50301,76,shark>=90cm,4516.03280178113,6767.41005381054,1.31917191273593,22.2702026729039,4.54322982877453,1969,APW,44086.6690373717,66098.1771635,BRA
50327,76,shrimp,1118734.80856704,1676457.52884222,326.792032307556,5516.88883087695,1125.47219558847,1969,APW,10939055.9456278,16403663.188201,BRA
50421,76,benthopelagic30-90cm,20438.8423343263,31674.7532682007,65.8131635132686,99.2304597233094,114.864358646526,1969,UP,167316.989035774,259280.99483521,BRA
50470,76,benthopelagic>=90cm,185460.230069221,287413.882470263,597.182768333945,900.408329842233,1042.2689325002,1969,UP,1512670.50804999,2344090.46758937,BRA
50518,76,cephalopods,19012.358735767,29464.0842250908,61.219879961034,92.304890214166,106.847655890661,1969,UP,155204.055540721,240510.07502064,BRA
50560,76,demersal30-90cm,8038105.35572922,12456919.0231937,25882.7351109328,39024.9543837335,45173.3910030907,1969,UP,65651398.5416704,101735875.70041,BRA
50626,76,demersal<30cm,1099259.51830851,1703559.01036852,3539.62055377532,5336.89851767097,6177.73440839833,1969,UP,9013373.32176733,13967476.5951872,BRA
50764,76,demersal>=90cm,3960679.00884146,6137995.89661203,12753.4040807525,19229.0733709383,22258.641008805,1969,UP,32505632.0836831,50372032.7234654,BRA
50808,76,demersalmollusc,314281.54678241,487052.558469156,1011.98798294245,1525.8350673509,1766.23253485211,1969,UP,2570086.48957886,3982704.58132812,BRA
50868,76,flatfish<90cm,80771.7394304797,125174.6491144,260.085361364206,392.14632146151,453.929527645735,1969,UP,658230.110149118,1020017.49513709,BRA
50943,76,lobsterscrab,2125585.87782398,3294091.08055853,6844.39601081423,10319.7069769265,11945.5913701295,1969,UP,17353924.4324476,26892291.9931538,BRA
51007,76,pelagic30-90cm,97817.0978059508,151590.407506173,314.971491388464,474.901436456741,549.722827758944,1969,UP,800997.804024003,1241257.45089453,BRA
51080,76,pelagic<30cm,9740242.14877515,15094776.9833732,31363.6231793604,47288.8185362662,54739.2386114709,1969,UP,79471235.8646847,123151578.698117,BRA
51138,76,pelagic>=90cm,1254152.90296432,1943602.43658593,4038.37794349087,6088.90499220997,7048.22056392773,1969,UP,10246300.6029205,15878056.6561911,BRA
51205,76,rays<90cm,101900.48030435,157918.561078711,328.120001253088,494.726234550212,572.671050760762,1969,UP,838819.883692055,1299870.27815868,BRA
51259,76,rays>=90cm,1091099.30149203,1690912.85115613,3513.34461921593,5297.28071286111,6131.87476254809,1969,UP,8884267.35992935,13767376.0212756,BRA
51265,76,reef-associated30-90cm,561670.66656904,870439.69959498,1808.58205248899,2726.90779375203,3156.53596376481,1969,UP,4568055.5068112,7078821.96221474,BRA
51312,76,reef-associated>=90cm,279109.006080331,432544.503153173,898.73224494425,1355.07258841918,1568.56618645389,1969,UP,2291716.32309353,3551336.90300641,BRA
51328,76,shark>=90cm,16218.2044855833,25133.8905174351,52.2226908081141,78.7392877084938,91.1447735719392,1969,UP,132203.275705808,204867.05920952,BRA
51357,76,shrimp,4496683.47849733,6968659.83781229,14479.3408646602,21831.3719291287,25270.9353761474,1969,UP,36787928.8264334,57007983.5529986,BRA
51477,76,benthopelagic30-90cm,84449.630031466,104205.258997131,1.04236172556426,428.136292308202,138.895121468117,1969,I,686361.00549229,846974.502015408,BRA
51545,76,benthopelagic>=90cm,4341458.595111,5357072.81559783,53.5866204621562,22009.9956083624,7140.43884729938,1969,I,40151564.7672794,49547489.8502416,BRA
51606,76,cephalopods,177522.288579546,219050.764962526,2.19115748619556,899.988956804127,291.972621151411,1969,I,1583952.62985375,1954613.54227077,BRA
51654,76,demersal30-90cm,30813939.4993607,38022363.6865713,380.336434108931,156218.159910825,50679.9836551114,1969,I,250279420.894675,308846933.009443,BRA
51727,76,demersal<30cm,7630997.50487079,9416146.3005253,94.1893969694113,38687.0490389502,12550.775236872,1969,I,66980921.5436687,82655134.5201655,BRA
51840,76,demersal>=90cm,12879183.7339754,15892061.0566379,158.967755996132,65293.903238721,21182.5177738988,1969,I,102561642.137211,126561889.012715,BRA
51892,76,demersalmollusc,1759645.43126375,2171286.10083473,21.7193023513535,8920.91617734294,2894.10582172035,1969,I,14968286.4885725,18470999.8347874,BRA
51948,76,flatfish<90cm,681219.72455999,840580.092598133,8.40829459307501,3453.59579445947,1120.40865488673,1969,I,5996102.07661789,7399249.54174653,BRA
52041,76,lobsterscrab,11728188.6419298,14471809.2257377,144.761024364346,59458.6761218027,19289.4650386848,1969,I,99859260.49921,123227257.956024,BRA
52107,76,pelagic30-90cm,1286919.75310497,1587973.87425924,15.8844496300269,6524.32759489004,2116.60933695781,1969,I,12933421.7855951,15959920.8633907,BRA
52189,76,pelagic<30cm,38997467.1601802,48120295.6619765,481.345710414301,197706.384186045,64139.5105714957,1969,I,318137397.164131,392583995.998564,BRA
52255,76,pelagic>=90cm,7839848.10460792,9673854.12978642,96.7672397787405,39745.8638778605,12894.2738337086,1969,I,69656865.0271378,85957171.4763272,BRA
52322,76,rays<90cm,881210.749426744,1087355.79233272,10.8767836758549,4467.49503652206,1449.33582343739,1969,I,7673914.26121862,9469683.2686779,BRA
52385,76,rays>=90cm,2359223.06817629,2911125.25608122,29.1198887125847,11960.6091437064,3880.23694719128,1969,I,17918041.8674749,22111021.3175005,BRA
52390,76,reef-associated30-90cm,2531476.99247285,3123675.20790348,31.2460187820484,12833.8889491525,4163.54463876573,1969,I,21384330.8842253,26388445.7739289,BRA
52444,76,reef-associated>=90cm,1517913.55187906,1873004.94685265,18.7356059298839,7695.40233514028,2496.52706693667,1969,I,13007511.2223773,16051373.9759177,BRA
52465,76,shark>=90cm,56247.0199267164,69405.103102244,0.694256928382208,285.156850963553,92.510016468159,1969,I,449057.826620147,554140.708900536,BRA
52507,76,shrimp,21165252.5808785,26116522.0748551,261.242698091012,107301.982997055,34810.6951685772,1969,I,177720846.767682,219309233.51639,BRA
52614,76,benthopelagic30-90cm,7319.56380827294,11193.7262371041,2.17892179401119,36.0896855482288,7.47319211440738,1970,APW,71265.864183133,109042.778847585,BRA
52668,76,benthopelagic>=90cm,436603.633706032,667693.004370891,129.970200102814,2152.70858515579,445.767386964469,1970,APW,5166499.29518539,7928919.88538154,BRA
52716,76,cephalopods,15965.9969814978,24416.6188033391,4.7528322311751,78.7216049506895,16.3011028889349,1970,APW,179954.844527066,276057.203565748,BRA
52764,76,demersal30-90cm,2309931.34949064,3532551.91565898,687.631106430974,11389.2983550318,2358.41386153706,1970,APW,22538373.0534398,34490791.6460887,BRA
52837,76,demersal<30cm,730422.491789057,1117026.86453379,217.435564178879,3601.40559417306,745.753128028503,1970,APW,7446842.17246665,11406261.5905442,BRA
52974,76,demersal>=90cm,758827.429855098,1160466.21540519,225.891278239283,3741.45837732684,774.754249505912,1970,APW,7483567.81308806,11453585.7414408,BRA
53018,76,demersalmollusc,90676.0532302875,138669.863766159,26.9928692137476,447.0854184148,92.5792279043002,1970,APW,963712.058517595,1476794.28367518,BRA
53081,76,flatfish<90cm,77829.1052990383,119023.171437007,23.1685300089596,383.742530335974,79.4626389259377,1970,APW,855945.265076401,1312420.13900568,BRA
53158,76,lobsterscrab,658540.101306674,1007097.93688116,196.037279891684,3246.98380936231,672.362017876483,1970,APW,7017503.66398953,10755206.7175306,BRA
53234,76,pelagic30-90cm,39049.8323192599,59718.467389077,11.6245356856851,192.538272228776,39.8694384803895,1970,APW,519438.841299164,799402.94520631,BRA
53317,76,pelagic<30cm,2688665.61578863,4111745.95024865,800.374484122796,13256.6774687413,2745.09727690054,1970,APW,26843259.5103036,41092218.2715058,BRA
53382,76,pelagic>=90cm,457384.114528862,699472.358919757,136.15623027359,2255.16838167936,466.984023568312,1970,APW,5134358.90815627,7875734.66908261,BRA
53454,76,rays<90cm,51330.1721265136,78498.6523156216,15.2802043491162,253.0874543492,52.4075269531048,1970,APW,573370.165989451,879374.808561392,BRA
53511,76,rays>=90cm,153412.403690361,234611.855742698,45.6685177735259,756.411932924926,156.632334322337,1970,APW,1407783.97754268,2152527.0605672,BRA
53518,76,reef-associated30-90cm,169731.895172394,259569.069691999,50.5265798915433,836.876470337374,173.29435111039,1970,APW,1873200.07603448,2872629.00650775,BRA
53573,76,reef-associated>=90cm,107780.963685977,164828.210078376,32.0847385044269,531.422525904557,110.04314860824,1970,APW,1206851.5801486,1850925.53189307,BRA
53598,76,shark>=90cm,6605.52780140786,10101.7590388335,1.96636423486967,32.5690748079074,6.74416940271574,1970,APW,64376.323535157,98516.6408894122,BRA
53626,76,shrimp,1375075.14209405,2102886.87949557,409.338763072919,6779.91623316001,1403.9362150242,1970,APW,13345594.818204,20420845.6937302,BRA
53732,76,benthopelagic30-90cm,22974.3355372919,36394.0330687516,73.977255570761,111.539951697891,129.038678145217,1970,UP,187047.660138902,296286.618809561,BRA
53789,76,benthopelagic>=90cm,462687.532712014,732951.137528524,1489.85174353713,2246.33896228006,2598.75144238742,1970,UP,3774069.88250995,5978193.22547106,BRA
53839,76,cephalopods,37159.5386569992,58865.0529851969,119.653544872203,180.408836642514,208.711922962994,1970,UP,303776.466194534,481187.708582817,BRA
53889,76,demersal30-90cm,8449991.24252795,13385773.8872161,27208.9332335426,41024.5429518204,47460.5978703743,1970,UP,68916074.2163919,109164257.184838,BRA
53962,76,demersal<30cm,3027990.56749349,4796691.0149087,9750.11580699337,14700.8352468636,17007.1469371253,1970,UP,24505356.4687839,38816815.3213557,BRA
54101,76,demersal>=90cm,2559680.46188207,4054833.06465864,8242.15940438266,12427.1988026346,14376.8155008993,1970,UP,20983731.1407898,33238649.2963978,BRA
54147,76,demersalmollusc,243048.944281357,385017.938871085,782.616491263493,1179.99789205487,1365.11954584056,1970,UP,1981196.58282348,3138249.41983062,BRA
54214,76,flatfish<90cm,198471.37108965,314401.852054112,639.076909046877,963.574642183671,1114.74315910056,1970,UP,1624267.33836914,2572871.15721247,BRA
54295,76,lobsterscrab,1896237.94579619,3003862.56627567,6105.87753066631,9206.19830499547,10650.4946607558,1970,UP,15506647.0267331,24562817.4423202,BRA
54376,76,pelagic30-90cm,57909.306060518,91735.1100898638,186.467701205574,281.148553365731,325.255992462833,1970,UP,472706.260801809,748775.074637896,BRA
54459,76,pelagic<30cm,9234587.09236513,14628665.4284417,29735.3282889709,44833.740525833,51867.3939309992,1970,UP,75346935.3744246,119350860.647487,BRA
54526,76,pelagic>=90cm,1044069.03568385,1653927.3986427,3361.89752956862,5068.93483906901,5864.16473452777,1970,UP,8520748.72147192,13497017.9862976,BRA
54600,76,rays<90cm,140507.159864422,222579.765765226,452.432413461537,682.159525312339,789.178783839631,1970,UP,1146917.56610987,1816737.94810718,BRA
54659,76,rays>=90cm,763950.923132269,1210187.56404288,2459.91848566586,3708.96685683978,4290.84084407108,1970,UP,6253270.7143388,9905296.61795745,BRA
54666,76,reef-associated30-90cm,413040.663640823,654304.693464711,1329.98905172583,2005.30437961875,2319.90262220734,1970,UP,3368015.94746599,5334995.70678614,BRA
54722,76,reef-associated>=90cm,226502.237152935,358806.020557571,729.33616983235,1099.66395112903,1272.18257223182,1970,UP,1861909.35574985,2949304.92731106,BRA
54743,76,shark>=90cm,23135.3060087745,36649.0291121722,74.4955797542343,112.321460202666,129.942792078209,1970,UP,188586.397243167,298724.035594664,BRA
54774,76,shrimp,4742160.40499337,7512136.41484912,15269.7348599397,23023.0964311474,26635.0297365361,1970,UP,38515404.9264646,61008977.8044701,BRA
54902,76,benthopelagic30-90cm,113023.784628941,140968.320072444,1.3899695165274,573.04461107775,187.293337313858,1970,I,897502.342465993,1119434.31825709,BRA
54980,76,benthopelagic>=90cm,7407785.55293313,9239321.51345168,91.1011442180335,37558.3918470286,12275.5478669307,1970,I,66939218.124792,83491374.9200105,BRA
55047,76,cephalopods,262233.234472072,327069.020490273,3.22495130855164,1329.55503439433,434.550460331209,1970,I,2283372.83460654,2847989.53983432,BRA
55104,76,demersal30-90cm,35520569.960326,44302843.793117,436.832916333697,180093.696782499,58861.6468029359,1970,I,281166551.134245,350692692.645157,BRA
55181,76,demersal<30cm,11844806.7832072,14773372.8727382,145.667749596833,60054.6399915544,19628.1994940084,1970,I,97110969.1091571,121124172.992086,BRA
55293,76,demersal>=90cm,11679872.8354514,14567659.8751212,143.639387510272,59218.404412862,19354.8850795872,1970,I,93115084.4428298,116140311.058222,BRA
55349,76,demersalmollusc,1432898.70888798,1787175.36745969,17.6218265223067,7264.97423568194,2374.47703685927,1970,I,11977997.1820928,14939853.7262263,BRA
55413,76,flatfish<90cm,1244018.36624376,1551595.35494571,15.2989710330074,6307.32746384419,2061.48070743213,1970,I,10630212.7849004,13258785.660866,BRA
55510,76,lobsterscrab,10303703.2564604,12851239.6161283,126.715217339809,52241.053904215,17074.4146989039,1970,I,85806926.4427146,107024825.41951,BRA
55593,76,pelagic30-90cm,1279163.47101742,1595429.90176237,15.7311864684659,6485.51750554588,2119.72016547997,1970,I,13459398.6942379,16787480.9564156,BRA
55681,76,pelagic<30cm,41276854.3272728,51482339.1509462,507.623854938229,209278.772712662,68400.4683275603,1970,I,331378305.426264,413320440.106024,BRA
55754,76,pelagic>=90cm,7383112.96331653,9208548.75600502,90.7977200531689,37433.2987565119,12234.6625642075,1970,I,63969390.97647,79787311.869868,BRA
55830,76,rays<90cm,805946.122851531,1005212.05673897,9.91154690497087,4086.2468376485,1335.54489915192,1970,I,6900684.29451591,8607040.67348319,BRA
55895,76,rays>=90cm,2374790.49860138,2961944.94115459,29.2052368625921,12040.4824712771,3935.2994536904,1970,I,18050977.6422913,22514614.2035006,BRA
55903,76,reef-associated30-90cm,2629957.44922423,3280200.57633265,32.3432868239823,13334.2105698328,4358.14027353424,1970,I,22201364.7075469,27691186.9758005,BRA
55963,76,reef-associated>=90cm,1672442.77541626,2085945.44273787,20.5677458386032,8479.49237352648,2771.42895101705,1970,I,14325343.2308524,17867620.7460383,BRA
55989,76,shark>=90cm,101359.836169381,126420.521791278,1.24652596741638,513.906945226415,167.964840746345,1970,I,800489.735151355,998432.855689437,BRA
56035,76,shrimp,21341453.3916469,26618015.3354595,262.457762763534,108203.816557729,35365.2290265476,1970,I,168732424.553038,210456157.294212,BRA
56150,76,benthopelagic30-90cm,6796.07739951612,10605.3859513937,2.06037822440685,33.5025331335193,7.04106175790527,1971,APW,66045.4360982021,103121.619226416,BRA
56205,76,benthopelagic>=90cm,441220.587926645,688531.685203594,133.765588306686,2175.07931373115,457.125666148531,1971,APW,5234898.96087886,8200474.19212508,BRA
56256,76,cephalopods,10604.437577501,16548.3920643499,3.2149651898197,52.276556080403,10.9867053451086,1971,APW,118948.89529589,186209.156587121,BRA
56303,76,demersal30-90cm,2066396.08955767,3224643.68339448,626.47278064067,10186.6855522142,2140.88534128605,1971,APW,19865664.6615811,31016391.2222239,BRA
56377,76,demersal<30cm,734408.296376325,1146055.72760707,222.651799372568,3620.40289367968,760.882177514911,1971,APW,8100731.15967419,12674152.4766243,BRA
56514,76,demersal>=90cm,841138.328969142,1312609.62652709,255.009323002321,4146.5485278564,871.459604276233,1971,APW,8020270.00376668,12521365.182985,BRA
56557,76,demersalmollusc,126434.500865531,197303.032385453,38.331360442663,623.282491569183,130.992199851567,1971,APW,1340192.67998163,2095906.20493892,BRA
56621,76,flatfish<90cm,117401.349753569,183206.657628679,35.5927648153989,578.751885656698,121.633422558603,1971,APW,1316434.60338142,2060686.73509657,BRA
56693,76,lobsterscrab,685106.544214426,1069119.56590383,207.70490418466,3377.36069621116,709.803200431809,1971,APW,7351916.36576863,11500597.8227297,BRA
56767,76,pelagic30-90cm,40017.7965663792,62448.4025948593,12.1322627432085,197.275204000915,41.4603543301651,1971,APW,534691.988282735,840028.587777494,BRA
56849,76,pelagic<30cm,3121712.54088665,4871481.64730523,946.414845504638,15389.0651454064,3234.24374071656,1971,APW,30681608.7099807,47913846.2445785,BRA
56912,76,pelagic>=90cm,623269.259667413,972621.508236933,188.957590543678,3072.52225005534,645.736811272133,1971,APW,7006316.24067209,10968271.2356286,BRA
56984,76,rays<90cm,46387.7241614089,72388.7750562637,14.0634444140915,228.676952063084,48.059904475545,1971,APW,487237.817008794,761800.674098436,BRA
57043,76,rays>=90cm,143920.140179977,224589.648272106,43.6325111455496,709.481217106756,149.108159846112,1971,APW,1298957.77142746,2026245.10868577,BRA
57050,76,reef-associated30-90cm,170115.058931928,265467.232060309,51.5740687550125,838.613962634281,176.247350563529,1971,APW,1896407.56665148,2968685.45331121,BRA
57109,76,reef-associated>=90cm,90934.3059357903,141904.418384027,27.5687065916866,448.277648780796,94.2122972365999,1971,APW,1010701.9969302,1581792.20846992,BRA
57133,76,shark>=90cm,3136.89957948374,4895.18126052511,0.951019125559028,15.4639324893003,3.24997824025146,1971,APW,30969.8426128371,48367.8579864472,BRA
57163,76,shrimp,1276529.79627034,1992044.87707347,387.007686997382,6292.89210251148,1322.5460222077,1971,APW,12370439.7557561,19315939.8308903,BRA
57265,76,benthopelagic30-90cm,21786.3117327915,35277.8827423152,70.151752018625,105.772010211913,122.332567189931,1971,UP,177500.606176568,287402.862567159,BRA
57323,76,benthopelagic>=90cm,472123.254307893,764494.192944335,1520.23315670191,2292.1468437805,2651.02466346417,1971,UP,3827602.62050835,6197511.09778282,BRA
57376,76,cephalopods,23617.0461804751,38242.3328966059,76.0467025068505,114.660181145602,132.612345041961,1971,UP,192915.683475883,312362.659385564,BRA
57426,76,demersal30-90cm,7908510.38248942,12805999.7195356,25465.3410817616,38395.6243350104,44407.1667386441,1971,UP,64564539.3123388,104540708.375402,BRA
57497,76,demersal<30cm,1440905.3137812,2333212.21718509,4639.70375043127,6995.56003021244,8090.84384150969,1971,UP,11757967.5518547,19038098.8904722,BRA
57636,76,demersal>=90cm,3532282.43039926,5719712.76830705,11373.9215777468,17149.1447419806,19834.159312989,1971,UP,28968435.2296157,46904781.1040817,BRA
57681,76,demersalmollusc,320408.438559913,518827.209662653,1031.71264609688,1555.57512675873,1799.12907329584,1971,UP,2618356.58942138,4239555.79737396,BRA
57748,76,flatfish<90cm,257598.4894443,417121.053653864,829.465105131564,1250.63436116476,1446.44421251617,1971,UP,2101565.27917107,3402782.2570161,BRA
57824,76,lobsterscrab,1799694.79736838,2914188.63423109,5795.00305892389,8737.47419114821,10105.4867579565,1971,UP,14698593.9668097,23799467.5063423,BRA
57903,76,pelagic30-90cm,55615.8668972411,90057.0071280113,179.082652939539,270.013672509112,312.289287763773,1971,UP,451919.315283681,731731.24613813,BRA
57985,76,pelagic<30cm,9970613.81386582,16145098.3217616,32105.2978733895,48407.0860214452,55986.1072066514,1971,UP,81663477.6561594,132226859.840271,BRA
58050,76,pelagic>=90cm,1376235.24248181,2228494.02439419,4431.4666306992,6681.58841694536,7727.7141874663,1971,UP,11230810.8825906,18184546.8064336,BRA
58124,76,rays<90cm,128158.662455376,207523.25230469,412.669882717053,622.207169356347,719.625165474721,1971,UP,1040675.6831351,1685023.80847034,BRA
58185,76,rays>=90cm,759293.838518052,1229500.40056046,2444.9201738363,3686.35300121466,4263.51948217113,1971,UP,6205974.14709752,10048503.1583937,BRA
58192,76,reef-associated30-90cm,409696.13291762,663407.937714104,1319.21831799402,1989.06469742281,2300.48942300606,1971,UP,3336420.2707912,5402214.42884244,BRA
58250,76,reef-associated>=90cm,186029.885564614,301232.286125645,599.014764878232,903.170541071669,1044.5785295964,1971,UP,1529443.81854853,2476429.7521645,BRA
58271,76,shark>=90cm,9742.43840433959,15775.6211270591,31.3705748536257,47.2992999931112,54.7048768653567,1971,UP,79808.909136992,129224.085549525,BRA
58302,76,shrimp,4774602.7763458,7731362.65334608,15374.1832973732,23180.5796140037,26809.9264394264,1971,UP,39032988.1816391,63200908.3670765,BRA
58436,76,benthopelagic30-90cm,107260.697660357,135256.578707821,1.31388078409419,543.8605984322,178.98943598715,1971,I,848373.586605227,1069784.68926811,BRA
58517,76,benthopelagic>=90cm,7682781.22911095,9688047.22211198,94.1095745740171,38955.2006282751,12820.5084341855,1971,I,69225951.4660383,87293003.476393,BRA
58586,76,cephalopods,179373.947819523,226191.951204796,2.19722590238466,909.50762704509,299.327176228792,1971,I,1559764.16970075,1966840.2043835,BRA
58645,76,demersal30-90cm,32558594.3684654,41056642.1613157,398.823729762619,165086.905116126,54331.5918100716,1971,I,254448279.126685,320854861.852491,BRA
58723,76,demersal<30cm,12643633.1021306,15943720.2361513,154.877107238568,64108.9794796608,21098.8442844637,1971,I,109485796.394548,138060017.551336,BRA
58834,76,demersal>=90cm,13377771.1101062,16869474.006396,163.869868264667,67831.393607655,22323.9244009512,1971,I,103618095.278594,130660588.527631,BRA
58891,76,demersalmollusc,2032150.75114808,2562557.99201654,24.892657614168,10303.9300296507,3391.11645479528,1971,I,16869067.9475295,21271633.3674708,BRA
58956,76,flatfish<90cm,1905887.75167044,2403339.36208733,23.3460097517693,9663.71910473955,3180.41725596933,1971,I,16371444.1137712,20644153.7966796,BRA
59050,76,lobsterscrab,10974928.9882099,13839471.2964392,134.436458264217,55647.8894644071,18314.2231259674,1971,I,91499469.3464149,115379426.284573,BRA
59132,76,pelagic30-90cm,1189746.19565229,1500279.25852332,14.5736947317514,6032.55518623238,1985.36840774594,1971,I,12322948.2384819,15539098.3834095,BRA
59218,76,pelagic<30cm,49107633.0767148,61925109.4135887,601.539770477281,248998.070078394,81947.5142227584,1971,I,390928525.9434,492954315.220981,BRA
59290,76,pelagic>=90cm,10215373.9184586,12881666.4124914,125.132353103838,51796.5992547798,17046.7287267938,1971,I,88178277.3515997,111191534.926714,BRA
59365,76,rays<90cm,772698.034416723,974378.265190897,9.46509878709015,3917.93102759747,1289.42649437703,1971,I,6467968.6436777,8156009.13838558,BRA
59433,76,rays>=90cm,2269006.97966144,2861235.54878386,27.7940078200201,11504.8990051609,3786.36619376204,1971,I,16984918.9319393,21417663.5813103,BRA
59441,76,reef-associated30-90cm,2700477.92746121,3405323.78878407,33.079274460781,13692.6532617997,4506.37588301531,1971,I,22806332.8767439,28758446.726731,BRA
59503,76,reef-associated>=90cm,1443954.44784149,1820837.85286774,17.6875970743147,7321.50682628048,2409.57403641621,1971,I,12288965.8141126,15496205.5173567,BRA
59529,76,shark>=90cm,49753.8038537615,62739.9358175811,0.609454984397417,252.274450273187,83.0258005425174,1971,I,396914.814234333,500502.950627414,BRA
59575,76,shrimp,20303683.0080163,25603103.0818792,248.708236404023,102948.921944209,33881.4202157654,1971,I,159921966.553011,201658862.953641,BRA
59689,76,benthopelagic30-90cm,4554.43737510325,7259.88237470295,1.40217042850907,22.4486491668194,4.78273665583844,1972,APW,44656.7506586006,71233.4247203093,BRA
59744,76,benthopelagic>=90cm,579038.839883091,923001.794012018,178.268152874505,2854.06049088619,608.064192473442,1972,APW,6853862.66564426,10966499.7511244,BRA
59796,76,cephalopods,10475.338720477,16697.9410808366,3.22503285757351,51.6325474415499,11.0004337208859,1972,APW,118359.684299555,189303.059595391,BRA
59846,76,demersal30-90cm,2074950.10717448,3307520.22056786,638.812973215121,10227.3504185702,2178.96067489441,1972,APW,20205410.0003776,32231292.9748189,BRA
59920,76,demersal<30cm,725041.826276214,1155734.05494148,223.217957457076,3573.70367596189,761.385838457968,1972,APW,7628809.00384564,12185516.9106783,BRA
60058,76,demersal>=90cm,955501.388504111,1523092.12271207,294.169330043635,4709.6301216462,1003.39759648128,1972,APW,9240737.87507233,14739680.5312934,BRA
60102,76,demersalmollusc,121101.46870675,193038.644689859,37.2833973297901,596.904548396112,127.171895397181,1972,APW,1290889.1244755,2062542.7017984,BRA
60167,76,flatfish<90cm,24653.5978765055,39298.4261184619,7.59008040987858,121.516649335192,25.8894033556869,1972,APW,272072.124023981,434987.586631181,BRA
60239,76,lobsterscrab,668672.438224214,1065879.89885437,205.863566016383,3295.86109917183,702.19083448728,1972,APW,7192354.90976672,11493487.5249724,BRA
60315,76,pelagic30-90cm,42521.838533982,67780.8301416862,13.0911591592222,209.588530165235,44.6533213831947,1972,APW,527555.620167613,845611.504308498,BRA
60398,76,pelagic<30cm,3274468.91980416,5219581.96798346,1008.10772226665,16139.7331732267,3438.60750325852,1972,APW,31858615.7157551,50810324.7914841,BRA
60463,76,pelagic>=90cm,413873.145189698,659723.716600109,127.418742984885,2039.96504304135,434.619273323752,1972,APW,4629940.27678679,7403692.45552865,BRA
60536,76,rays<90cm,43243.2177009872,68930.7258299324,13.3132494971521,213.144180732499,45.4108609650658,1972,APW,470282.843722046,751606.366401248,BRA
60595,76,rays>=90cm,81584.5497673221,130047.728428899,25.117359991007,402.127152998345,85.6741205522451,1972,APW,733144.879619243,1168130.04149549,BRA
60602,76,reef-associated30-90cm,209128.578525471,333355.968309769,64.3842223339175,1030.78683565552,219.611520791738,1972,APW,2281498.24019944,3646618.8045335,BRA
60662,76,reef-associated>=90cm,120356.661764138,191851.404565584,37.0540943042205,593.233423211012,126.389753680748,1972,APW,1347329.17129823,2154282.81664957,BRA
60684,76,shark>=90cm,9642.2713486865,15370.011716287,2.96855717518389,47.5263899469098,10.1256073641496,1972,APW,94396.078614973,150565.588214035,BRA
60713,76,shrimp,1643449.34365694,2619697.65770721,505.967231655294,8100.49951303981,1725.83016749538,1972,APW,16069862.1199314,25635499.182863,BRA
60815,76,benthopelagic30-90cm,13569.6304733945,22460.6449434364,43.6941320938283,65.8802674636276,76.1964869424874,1972,UP,110955.039119261,183642.918226423,BRA
60874,76,benthopelagic>=90cm,627793.659150079,1039132.97444299,2021.49197241253,3047.92486854143,3525.20073746999,1972,UP,5104541.35093361,8448565.21780318,BRA
60928,76,cephalopods,22886.5251851383,37882.1012982099,73.6944794899788,111.113593215835,128.5129186714,1972,UP,187271.327673238,309955.106925921,BRA
60979,76,demersal30-90cm,7290673.3931859,12067626.0716143,23475.9264019321,35396.0643272321,40938.7492971917,1972,UP,59447140.616666,98391493.9458973,BRA
61053,76,demersal<30cm,1459664.52055173,2416057.43037175,4700.11136255411,7086.64021541776,8196.34026134315,1972,UP,11957634.0892773,19791222.8516953,BRA
61193,76,demersal>=90cm,3473704.85917839,5749725.582673,11185.3096714391,16864.7632417899,19505.6237871325,1972,UP,28400417.5801188,47005834.29477,BRA
61239,76,demersalmollusc,300455.660146835,497318.472823211,967.46549793925,1458.70584245046,1687.1252190737,1972,UP,2450719.1083801,4056207.99205851,BRA
61306,76,flatfish<90cm,61647.9678857566,102040.591369175,198.50610209303,299.29957347518,346.167022694383,1972,UP,501971.773562014,830817.73553426,BRA
61382,76,lobsterscrab,1644580.51991428,2722133.01689463,5295.53981716467,7984.40346108568,9234.68464061799,1972,UP,13444835.9334134,22252690.5568549,BRA
61463,76,pelagic30-90cm,77831.1753760413,128827.266083561,250.61593715219,377.868701792249,437.039324680701,1972,UP,632400.76683043,1046691.09014929,BRA
61547,76,pelagic<30cm,10288176.2654196,17029135.3671087,33127.8684137506,49948.8770462617,57770.3932326722,1972,UP,83803699.162079,138704212.923112,BRA
61614,76,pelagic>=90cm,894854.157968129,1481175.30228161,2881.42524290789,4344.49791270788,5024.8047134914,1972,UP,7315705.28306287,12108300.54401,BRA
61690,76,rays<90cm,100757.234359219,166774.80428536,324.437715244521,489.174230757093,565.774234402778,1972,UP,825373.356809004,1366085.06956684,BRA
61751,76,rays>=90cm,413149.586394827,683851.058931635,1330.33929242513,2005.83245855844,2319.92662782899,1972,UP,3354968.9640225,5552830.28930678,BRA
61758,76,reef-associated30-90cm,482632.534459611,798860.220689298,1554.07398564053,2343.17069423437,2710.08880323415,1972,UP,3927764.16124874,6500874.04452199,BRA
61817,76,reef-associated>=90cm,226246.077608904,374485.718603917,728.511068900248,1098.41989689368,1270.42194200617,1972,UP,1853752.46229727,3068167.76781473,BRA
61836,76,shark>=90cm,25926.2595770244,42913.5128043942,83.4824067522309,125.871439064953,145.581701963186,1972,UP,211426.746537136,349934.299000893,BRA
61868,76,shrimp,5795130.38021653,9592182.05139557,18660.2865001081,28135.2347938885,32540.943337547,1972,UP,47353303.8358288,78374925.8978677,BRA
62009,76,benthopelagic30-90cm,72894.8099388338,92863.1036444013,0.888267489198173,369.625095147471,122.50243282847,1972,I,578653.617283336,737228.243113898,BRA
62091,76,benthopelagic>=90cm,10048693.5920305,12801362.3371892,122.449428624677,50953.5497544843,16887.2024332667,1972,I,90240265.9481585,114969796.987048,BRA
62161,76,cephalopods,180452.633868621,229884.564565133,2.19892483621505,915.014690610606,303.257346822913,1972,I,1573542.561861,2004758.34373169,BRA
62224,76,demersal30-90cm,33084188.4877082,42147039.3722534,403.150911083998,167758.806531044,55599.2063262214,1972,I,260074448.292556,331345638.76398,BRA
62303,76,demersal<30cm,12242278.1159206,15595842.0424754,149.179587040823,62076.4800294551,20573.6026175445,1972,I,102139612.291817,130130129.599659,BRA
62418,76,demersal>=90cm,15219694.4787518,19388870.9909855,185.461212016989,77173.9582632087,25577.26129086,1972,I,118883581.067025,151462649.237526,BRA
62476,76,demersalmollusc,1976376.92449641,2517771.77735858,24.0833520233433,10021.5435005213,3321.37475411508,1972,I,16417663.6397679,20916787.6073265,BRA
62542,76,flatfish<90cm,409017.673146318,521061.109915092,4.98412852531229,2073.99122764108,687.369376123042,1972,I,3468933.11314381,4419566.71168477,BRA
62637,76,lobsterscrab,10817866.9596253,13781237.6700889,131.822272817081,54853.769528988,18179.8268173113,1972,I,90043312.0501773,114718926.995367,BRA
62722,76,pelagic30-90cm,1400298.60332004,1783886.59552488,17.0634881350608,7100.44384396294,2353.25376027392,1972,I,14482626.322805,18451375.0994166,BRA
62810,76,pelagic<30cm,52751368.7803926,67201709.2924463,642.807436327008,267484.471404384,88650.6325491803,1972,I,416702399.515042,530895757.514758,BRA
62885,76,pelagic>=90cm,7030215.5788119,8956023.59736585,85.6674425237281,35647.8616846114,11814.538132903,1972,I,60894263.4266162,77581786.8981283,BRA
62964,76,rays<90cm,709755.103723901,904180.445968111,8.64879659415303,3598.92971756814,1192.7697869239,1972,I,5998763.97134154,7642670.34438919,BRA
63036,76,rays>=90cm,1297998.1447213,1653562.66577328,15.8168949745933,6581.71258209508,2181.33404379027,1972,I,9658300.83302421,12305092.7486606,BRA
63044,76,reef-associated30-90cm,3345952.94756172,4262519.86416367,40.7724668765825,16966.2034600162,5622.99807832462,1972,I,28034050.9208061,35716539.1715999,BRA
63109,76,reef-associated>=90cm,1935441.71439634,2465623.06249921,23.5845316501795,9813.97480062595,3252.58161466097,1972,I,16486494.9933055,21004469.5567544,BRA
63137,76,shark>=90cm,153811.500711786,195945.545976246,1.87428646376476,779.926453379526,258.485934046639,1972,I,1220350.3036207,1554775.74826916,BRA
63182,76,shrimp,26447888.7416647,33692838.1520395,322.283571997293,134108.359714367,44446.6583663399,1972,I,209297573.10174,266653770.047594,BRA
63309,76,benthopelagic30-90cm,3934.04411149737,6337.72027347996,1.22584895559434,19.3051966822473,4.49746639472705,1973,APW,39402.6175541585,63534.8162345615,BRA
63366,76,benthopelagic>=90cm,633457.476116277,1020496.00232915,197.3854800563,3108.51145022117,724.17940180066,1973,APW,7707102.23290585,12466341.514991,BRA
63418,76,cephalopods,13105.1803194809,21112.3629131784,4.08357688734625,64.3099254745266,14.9820658877336,1973,APW,151767.167873665,245363.1521364,BRA
63471,76,demersal30-90cm,1899346.48112404,3059835.21247325,591.836754802301,9320.49980798965,2171.36532501847,1973,APW,18701209.8925764,30150615.6347924,BRA
63547,76,demersal<30cm,1317914.75046909,2123152.35824519,410.662507749564,6467.28982877541,1506.66264367173,1973,APW,15345742.3278625,24810892.7314075,BRA
63684,76,demersal>=90cm,922610.299981811,1486319.3794974,287.485559541125,4527.4462607479,1054.74384678872,1973,APW,9562639.19168228,15430456.4536913,BRA
63729,76,demersalmollusc,94972.397834333,152999.934448259,29.5934187304258,466.049888515,108.574066680708,1973,APW,1028780.26965484,1661374.41883528,BRA
63795,76,flatfish<90cm,22579.6898972917,36375.7381399794,7.03583602363421,110.803372340799,25.8134869966608,1973,APW,253338.477068885,409317.073403257,BRA
63875,76,lobsterscrab,620878.621218499,1000231.54635372,193.465906278784,3046.78431627029,709.799040121041,1973,APW,6800288.43058129,10984584.2473894,BRA
63954,76,pelagic30-90cm,55199.9788755359,88926.8181291423,17.2003247893553,270.878113932107,63.1055582871626,1973,APW,783710.465259984,1272352.21102808,BRA
64038,76,pelagic<30cm,3674073.62166981,5918909.45255617,1144.8420974076,18029.4658323991,4200.26369224512,1973,APW,36661927.5607038,59112217.3739868,BRA
64104,76,pelagic>=90cm,336124.986879189,541495.235790989,104.736615156607,1649.43727055738,384.263823707314,1973,APW,3868802.38153329,6254161.75291595,BRA
64179,76,rays<90cm,293039.114801501,472084.167376865,91.3110485410863,1438.00567215333,335.007319137223,1973,APW,3351891.88024552,5417480.5772142,BRA
64238,76,rays>=90cm,111464.187951848,179568.104405553,34.7322639285145,546.97863329712,127.427762709598,1973,APW,1035327.31792526,1668011.51493295,BRA
64245,76,reef-associated30-90cm,195978.733657338,315720.504973771,61.0670137811725,961.709602527219,224.046234288299,1973,APW,2237516.28914615,3616567.20104175,BRA
64306,76,reef-associated>=90cm,118726.644480717,191267.876109627,36.9952468790474,582.617062280753,135.730327006296,1973,APW,1382798.84064854,2235797.07758663,BRA
64329,76,shark>=90cm,12648.694519465,20376.9671658705,3.94133581802071,62.0698519262392,14.460203527512,1973,APW,129387.48695604,208691.320422498,BRA
64359,76,shrimp,1184858.53844997,1908799.6391281,369.202164673519,5814.35451081166,1354.5505104049,1973,APW,11745800.5549033,18937871.0186352,BRA
64463,76,benthopelagic30-90cm,10611.5200175952,17741.1972681494,34.2383400466561,51.6232018281223,150.134794177909,1973,UP,86642.3417934193,144847.234909976,BRA
64523,76,benthopelagic>=90cm,514788.171341492,860664.493299331,1660.97716756516,2504.3550428051,7283.36901984113,1973,UP,4168232.65065966,6968365.08158132,BRA
64577,76,cephalopods,26562.2639990125,44408.940916453,85.7038224212238,129.220800899327,375.810442969392,1973,UP,216885.196104945,362585.060617902,BRA
64631,76,demersal30-90cm,6952028.2478558,11622963.0019496,22430.8964945049,33820.409965659,98359.266945752,1973,UP,56668329.444701,94737118.088441,BRA
64707,76,demersal<30cm,3371406.68280009,5636590.32179522,10877.9296698191,16401.307950443,47699.6177336454,1973,UP,27476883.8235483,45935369.3229623,BRA
64845,76,demersal>=90cm,2664074.04656175,4454014.42193386,8595.70287427332,12960.2575279207,37692.0750271456,1973,UP,21736747.9467157,36339125.6237938,BRA
64892,76,demersalmollusc,229334.161347075,383419.39609384,739.952522117116,1115.67086314427,3244.68474400609,1973,UP,1870430.08166245,3126952.83705205,BRA
64961,76,flatfish<90cm,43484.338219874,72700.6330058774,140.303326592909,211.543752880334,615.228747415853,1973,UP,355807.792740567,594833.895428519,BRA
65045,76,lobsterscrab,1541833.95354123,2577762.68424781,4974.7665847393,7500.75439118367,21814.3039722487,1973,UP,12611176.5574231,21083165.8751401,BRA
65129,76,pelagic30-90cm,64816.1416652292,108364.867006465,209.130934603775,315.319271636503,917.03715133929,1973,UP,533459.952638782,891831.546727625,BRA
65213,76,pelagic<30cm,10734533.5095302,17946861.1714775,34635.2462165746,52221.6411008385,151875.223943121,1973,UP,87412417.4324634,146134488.8205,BRA
65280,76,pelagic>=90cm,638857.511773111,1068093.64952547,2061.29005959368,3107.93083507269,9038.73722897648,1973,UP,5224816.64651194,8734766.91229683,BRA
65355,76,rays<90cm,600547.207333697,1004043.38459306,1937.68088498791,2921.55785788437,8496.71217861919,1973,UP,4910362.79240653,8209064.51123998,BRA
65415,76,rays>=90cm,712503.872319824,1191221.59051545,2298.91192068577,3466.20758789469,10080.7068209199,1973,UP,5828774.39874644,9744450.75825651,BRA
65422,76,reef-associated30-90cm,376076.141185728,628754.504308273,1213.41926359285,1829.54510823906,5320.8318844539,1973,UP,3056914.94570426,5110492.49459348,BRA
65481,76,reef-associated>=90cm,187752.915764245,313900.507252549,605.78957246732,913.385325405302,2656.38149085406,1973,UP,1541216.39651869,2576584.69445516,BRA
65501,76,shark>=90cm,30791.0648047705,51478.99206636,99.3481561016993,149.793182341815,435.640715874604,1973,UP,252051.62036555,421375.992265281,BRA
65533,76,shrimp,4047056.85574921,6766196.9175208,13057.9321893126,19688.2286918187,57258.9079657503,1973,UP,33135512.0142883,55395438.3560964,BRA
65681,76,benthopelagic30-90cm,62785.9644997812,80855.1028862303,0.762802591659666,318.374340899814,103.480235003942,1973,I,506110.251644707,651758.087535631,BRA
65765,76,benthopelagic>=90cm,11137307.6689478,14342507.3521251,135.309972884371,56474.9306114754,18355.8733878802,1973,I,101634256.886132,130882214.854732,BRA
65835,76,cephalopods,224867.866770437,289582.467170576,2.73197669128851,1140.25737189774,370.614354396372,1973,I,1986833.68287446,2558598.94238713,BRA
65900,76,demersal30-90cm,30260201.7171164,38968768.6203189,367.638858108823,153443.080056785,49873.1334288065,1973,I,240065111.849952,309150800.358131,BRA
65981,76,demersal<30cm,21417719.6442912,27581513.46761,260.209302863578,108604.724473922,35299.4603124639,1973,I,186607021.532416,240308226.412279,BRA
66096,76,demersal>=90cm,14669145.7906761,18890771.2353827,178.219169136124,74384.1344140865,24176.8469405537,1973,I,119790664.020511,154263832.370794,BRA
66154,76,demersalmollusc,1549592.38157917,1995548.72561906,18.8263904855484,7857.65508388997,2553.94951855345,1973,I,13008697.5722278,16752312.9290622,BRA
66222,76,flatfish<90cm,374469.883679899,482238.366710739,4.54952950146232,1898.85754488702,617.179840651008,1973,I,3232956.49752638,4163328.57674624,BRA
66323,76,lobsterscrab,10108474.521229,13017586.8754816,122.810418282991,51257.9354134164,16660.2094484314,1973,I,85203528.4465186,109723203.495253,BRA
66410,76,pelagic30-90cm,2090411.37845038,2692009.72583197,25.3969375133571,10600.033783441,3445.2964515296,1973,I,22515069.7710285,28994379.7203347,BRA
66500,76,pelagic<30cm,58431192.7825442,75247073.7980657,709.895366637963,296292.214961472,96302.9493752443,1973,I,469581515.847607,604717173.169103,BRA
66576,76,pelagic>=90cm,5675737.64428955,7309155.0769421,68.9559747809478,28780.4646471147,9354.42610352589,1973,I,49891353.0821353,64248949.5504883,BRA
66657,76,rays<90cm,4848553.94517191,6243916.63343291,58.9063104253454,24585.9911352748,7991.10924986153,1973,I,42170185.7906487,54305805.67471,BRA
66729,76,rays>=90cm,1766702.2392931,2275140.51054953,21.4641131590549,8958.57323340356,2911.77756622147,1973,I,13413704.8869165,17273892.757806,BRA
66737,76,reef-associated30-90cm,3127246.27444531,4027234.76951185,37.9937073820572,15857.6041538933,5154.14841474531,1973,I,26853353.0705671,34581139.9069013,BRA
66802,76,reef-associated>=90cm,1907521.77134082,2456486.41871264,23.1749653353033,9672.6392839724,3143.86826333092,1973,I,16567475.028925,21335216.3851261,BRA
66828,76,shark>=90cm,200545.838830381,258260.816111097,2.43648221103476,1016.92551458767,330.52817929241,1973,I,1639182.01914461,2110903.67411524,BRA
66874,76,shrimp,18889368.3222895,24325529.3013766,229.491722009091,95783.9899018149,31132.3762984217,1973,I,151080837.978592,194558714.595454,BRA
67001,76,benthopelagic30-90cm,4193.22489097823,6822.18023136061,1.32160399950897,20.5781418463959,4.84664103032394,1974,APW,41751.7673690795,67984.588337093,BRA
67058,76,benthopelagic>=90cm,216429.0586107,352119.927629603,68.2132527843346,1062.11996340933,250.154471293404,1974,APW,2579235.81530701,4212220.11030285,BRA
67107,76,cephalopods,8225.10672667178,13381.8628789168,2.59235653440511,40.3644968547611,9.50679745940864,1974,APW,93592.8787717681,152767.365958351,BRA
67161,76,demersal30-90cm,1840861.6064105,2994995.49545855,580.195464070867,9033.98034715523,2127.71688252947,1974,APW,18209112.1913776,29649556.300317,BRA
67236,76,demersal<30cm,1591220.49026032,2588841.10788949,501.514566641347,7808.87307711976,1839.17503041166,1974,APW,18004130.8943754,29372276.0626275,BRA
67374,76,demersal>=90cm,1283871.38203088,2088798.52376755,404.645493018448,6300.56534024729,1483.93274379279,1974,APW,13334969.6883691,21733084.2588888,BRA
67421,76,demersalmollusc,136389.188221775,221898.812453354,42.9866037072074,669.326385899543,157.642256953697,1974,APW,1470055.06566327,2397229.83656287,BRA
67487,76,flatfish<90cm,47768.4556933977,77717.0370268641,15.0554725148628,234.422451120358,55.2120535716896,1974,APW,541863.945521628,884318.100865254,BRA
67564,76,lobsterscrab,522173.011680574,849550.999590244,164.576419966757,2562.55044317831,603.541476819883,1974,APW,5598270.0767702,9129594.96145553,BRA
67644,76,pelagic30-90cm,26004.5394415046,42308.1660335377,8.19600766112585,127.616599440875,30.0567394090973,1974,APW,333436.386540567,545683.249759678,BRA
67727,76,pelagic<30cm,3694982.65731743,6011563.48523215,1164.56998729867,18133.0310725387,4270.75938421997,1974,APW,37315790.1855417,60776200.1734227,BRA
67791,76,pelagic>=90cm,555255.005750906,903373.852365489,175.003071723296,2724.89946671997,641.77852682194,1974,APW,6433968.78425725,10505044.8954886,BRA
67866,76,rays<90cm,206062.441596111,335253.927951127,64.9459435261703,1011.24606064003,238.172459196543,1974,APW,2364216.25066811,3860390.51811745,BRA
67927,76,rays>=90cm,152843.16711265,248668.664401449,48.172503551693,750.073858395599,176.660204065519,1974,APW,1409326.90840999,2292742.39033115,BRA
67934,76,reef-associated30-90cm,202782.287469756,329917.271029916,63.9121175509111,995.148789769721,234.38116967883,1974,APW,2379698.39134396,3886495.98460016,BRA
67994,76,reef-associated>=90cm,159171.102440864,258963.918394229,50.1669171249774,781.128036066574,183.97420028474,1974,APW,1878009.90645524,3067030.52516693,BRA
68016,76,shark>=90cm,10534.0835237148,17138.4598344839,3.32009068868595,51.6957402974429,12.1755743491699,1974,APW,104826.619752658,170693.05587393,BRA
68045,76,shrimp,1386796.82973394,2256253.39987842,437.085127636729,6805.66929186083,1602.89671803023,1974,APW,13760047.3345131,22406281.0056531,BRA
68153,76,benthopelagic30-90cm,11565.9513071528,19530.8513667489,37.3170860455591,56.2652120967952,162.601954586368,1974,UP,94626.9778494995,159782.97637177,BRA
68213,76,benthopelagic>=90cm,223786.729872236,377897.61022791,722.039063862556,1088.66166615474,3146.14498378645,1974,UP,1821647.46439241,3075949.61726415,BRA
68264,76,cephalopods,15673.1952156726,26466.5515243896,50.5689466382578,76.2458382907874,220.344363295563,1974,UP,127975.298637672,216093.352642748,BRA
68319,76,demersal30-90cm,6299169.26218247,10637096.3638411,20324.0213562917,30643.7477694654,88557.9756563387,1974,UP,51477989.2782855,86923434.3884013,BRA
68394,76,demersal<30cm,3231558.39550057,5456973.23370698,10426.4957981939,15720.6539866351,45431.430369538,1974,UP,26483509.7769329,44718905.0556599,BRA
68532,76,demersal>=90cm,3400546.21167318,5742334.62187205,10971.7283267853,16542.7338196053,47807.1752158746,1974,UP,27839683.3033072,47008875.5468555,BRA
68581,76,demersalmollusc,304668.295380374,514478.319613439,983.000247202495,1482.12851701567,4283.23265538119,1974,UP,2492103.04673835,4208056.03540954,BRA
68648,76,flatfish<90cm,88716.8715760635,149811.804187993,286.241489556448,431.583487015401,1247.24169590221,1974,UP,726851.020468877,1227329.01611577,BRA
68729,76,lobsterscrab,1335577.69612613,2255324.16478811,4309.1887976431,6497.22278337905,18776.4532397575,1974,UP,10897052.3519704,18400269.4964016,BRA
68813,76,pelagic30-90cm,44890.5795470625,75804.5070065856,144.837685643441,218.380478378937,631.102084300928,1974,UP,366081.675223044,618148.924738903,BRA
68896,76,pelagic<30cm,10456436.7997323,17657268.9559115,33737.2812164826,50867.7253335678,147003.650326091,1974,UP,85439905.0468129,144269986.574912,BRA
68961,76,pelagic>=90cm,1060605.64166664,1790992.42215518,3422.00230135869,5159.55841371439,14910.7103947145,1974,UP,8680910.398931,14658208.4464773,BRA
69036,76,rays<90cm,426197.97461058,719699.493268726,1375.11096740915,2073.33740216065,5991.77896154321,1974,UP,3497415.22370254,5905586.4100501,BRA
69098,76,rays>=90cm,786926.558217178,1328844.05587822,2538.98752507847,3828.18399687609,11063.1450093434,1974,UP,6369476.20122162,10755181.076618,BRA
69105,76,reef-associated30-90cm,353063.296711399,596200.570796124,1139.14481161268,1717.55705566348,4963.60226784601,1974,UP,2870656.61601854,4847255.63436936,BRA
69163,76,reef-associated>=90cm,183400.00929423,309698.547664708,591.732901672908,892.191238528937,2578.36119057126,1974,UP,1513827.9961978,2556191.66809117,BRA
69181,76,shark>=90cm,30119.7033305576,50861.657060227,97.1800356930448,146.524176972655,423.443130880327,1974,UP,245593.168498767,414697.415054234,BRA
69213,76,shrimp,3982108.90718874,6724390.85442213,12848.1174428297,19371.8783959386,55983.1763500714,1974,UP,32565250.1951966,54988251.8166134,BRA
69358,76,benthopelagic30-90cm,66144.0451700337,85970.6484617042,0.801075410852245,335.405422811695,109.518435222086,1974,I,530518.658076605,689578.620807302,BRA
69437,76,benthopelagic>=90cm,3730231.41586087,4848364.09550391,45.1771078765,18915.3814527979,6176.35505405153,1974,I,33442412.8139049,43469260.4231936,BRA
69507,76,cephalopods,137860.136140006,179183.557197142,1.66963427946699,699.06576067508,228.262821705943,1974,I,1202416.41861665,1562928.82537961,BRA
69571,76,demersal30-90cm,29031504.1907447,37733664.9834617,351.602689062563,147213.916429286,48069.1028639153,1974,I,230953256.772662,300197642.044007,BRA
69652,76,demersal<30cm,25538294.9049264,33193370.1354183,309.296173689391,129500.434671892,42285.1987512679,1974,I,222837854.506944,289649480.851874,BRA
69766,76,demersal>=90cm,20265082.6932995,26339518.4826452,245.431911561471,102760.854912748,33554.0431570375,1974,I,165199950.917823,214730422.486248,BRA
69823,76,demersalmollusc,2198056.04253536,2856920.87392235,26.6208188934293,11145.9756417253,3639.44566272135,1974,I,18394352.4718545,23909385.0025712,BRA
69890,76,flatfish<90cm,778727.068265328,1012149.63284076,9.43122097459848,3948.79510188734,1289.38243438639,1974,I,6744001.41069426,8766008.78346359,BRA
69998,76,lobsterscrab,8345577.80556339,10847155.3846988,101.073908500835,42319.0333353097,13818.2450126827,1974,I,69237571.1672397,89996526.8774678,BRA
70083,76,pelagic30-90cm,822987.127475279,1069676.59511607,9.96725781699014,4173.23048129032,1362.66631678351,1974,I,8514113.31531415,11066827.6758554,BRA
70173,76,pelagic<30cm,58841320.8502005,76478940.7244587,712.631577853935,298374.525595258,97426.9016862943,1974,I,474553498.082921,616834104.89631,BRA
70249,76,pelagic>=90cm,9134254.78853206,11872237.4080062,110.625633626464,46318.2827954002,15124.102083389,1974,I,79964394.9663964,103939604.668345,BRA
70329,76,rays<90cm,3366124.30859059,4375116.29154706,40.767379838232,17069.055030687,5573.48233075539,1974,I,28950041.0746026,37629965.1799904,BRA
70401,76,rays>=90cm,2498962.81733376,3248024.11669255,30.2651230425057,12671.8237172205,4137.67402234057,1974,I,19011926.6159899,24712076.2447884,BRA
70409,76,reef-associated30-90cm,3229688.17095341,4197783.57480549,39.1149917096887,16377.2101289524,5347.57730388021,1974,I,28003610.8073968,36399772.1249534,BRA
70479,76,reef-associated>=90cm,2525536.36171522,3282563.051173,30.5869571989812,12806.5737293486,4181.67334218079,1974,I,22138847.8643362,28776599.7819429,BRA
70503,76,shark>=90cm,165365.193414254,214933.224514355,2.00275005730976,838.539319342588,273.804500108373,1974,I,1323350.17664569,1720116.71858021,BRA
70548,76,shrimp,21908196.8724792,28475154.2926046,265.331788606787,111092.812908044,36274.6402014484,1974,I,174814467.474801,227227349.182397,BRA
70678,76,benthopelagic30-90cm,2896.93513445502,4766.78421926859,0.923156112268,14.2171514367994,3.38282319868243,1975,APW,28923.0640514557,47635.4145316979,BRA
70737,76,benthopelagic>=90cm,220944.69330088,363555.146551772,70.4076669401355,1084.31981319,258.002612911316,1975,APW,2633414.98195112,4349847.49723302,BRA
70790,76,cephalopods,13803.0131816409,22712.2743032975,4.39855757721159,67.7403944442977,16.1181217512343,1975,APW,160533.344252537,265145.832428786,BRA
70845,76,demersal30-90cm,2142741.98604578,3525791.29700422,682.820038980114,10515.8334210794,2502.13310369828,1975,APW,21081671.1562679,34715887.6477613,BRA
70923,76,demersal<30cm,2816372.70519226,4634222.14982207,897.483566787596,13821.7790160218,3288.74844657254,1975,APW,30718396.5253592,50668991.6772498,BRA
71060,76,demersal>=90cm,1480380.52740656,2435903.53564531,471.747646712491,7265.19344251296,1728.67715656696,1975,APW,14974794.1534886,24672455.3679689,BRA
71109,76,demersalmollusc,103296.827124628,169970.559430846,32.9172359449223,506.944949061829,120.622273861584,1975,APW,1123569.98625258,1853440.75409916,BRA
71175,76,flatfish<90cm,69391.7507007004,114181.190408236,22.1128247016756,340.550610347747,81.0304729559216,1975,APW,777667.188871475,1283583.34257351,BRA
71256,76,lobsterscrab,468618.492721275,771091.906543995,149.333003950344,2299.81679529611,547.21746774884,1975,APW,4986287.27692539,8223412.32329085,BRA
71336,76,pelagic30-90cm,28250.1062518657,46484.3548177641,9.00236182317433,138.641709271135,32.9883516056126,1975,APW,354218.803890991,586165.026322839,BRA
71422,76,pelagic<30cm,2867136.41401305,4717751.68530959,913.660259017234,14070.9096669691,3348.02649177545,1975,APW,28538083.9376773,47002169.6427297,BRA
71488,76,pelagic>=90cm,405622.178702038,667434.136659038,129.258190522341,1990.6527668305,473.655105250223,1975,APW,4663063.22201378,7700364.62348976,BRA
71564,76,rays<90cm,197696.171903764,325300.688038344,62.9991425400963,970.224145167161,230.854736322072,1975,APW,2261820.29252173,3734681.61070335,BRA
71625,76,rays>=90cm,144252.286169377,237361.034814803,45.9683677767073,707.94011684365,168.446981885407,1975,APW,1306084.91435423,2148406.69340727,BRA
71632,76,reef-associated30-90cm,193912.675065294,319075.10403794,61.7934689333114,951.656056819785,226.436652974229,1975,APW,2294803.30987623,3791147.15856177,BRA
71701,76,reef-associated>=90cm,101316.897723437,166712.669355017,32.286298818706,497.228143256927,118.310261062112,1975,APW,1163053.72265164,1920316.84419152,BRA
71724,76,shark>=90cm,20821.509989514,34260.9139082536,6.63511722608351,102.184739017099,24.3137950126648,1975,APW,206368.735649782,339819.027275735,BRA
71752,76,shrimp,1328163.22613052,2185436.40540396,423.241095635589,6518.16379804372,1550.92922846422,1975,APW,13215128.707965,21764898.7909464,BRA
71859,76,benthopelagic30-90cm,7824.68949595824,13376.7580060368,25.2455547260827,38.0642392449968,109.315956720157,1975,UP,63697.1704716229,108887.911584276,BRA
71921,76,benthopelagic>=90cm,181074.798929598,309557.81280831,584.219188282532,880.862361536024,2529.73167729194,1975,UP,1475567.71521491,2522427.72135791,BRA
71976,76,cephalopods,24338.3276915201,41607.7749755126,78.5251074812596,118.397021191919,340.022128410526,1975,UP,198984.184927077,340156.317748302,BRA
72032,76,demersal30-90cm,7173431.60429135,12263395.0769583,23144.3382173174,34896.1089043098,100217.464117238,1975,UP,58415535.3563021,99859133.020769,BRA
72110,76,demersal<30cm,3684826.84846283,6299424.03101046,11888.7142942935,17925.3286419515,51479.4066264103,1975,UP,30056904.7474524,51381161.5502084,BRA
72247,76,demersal>=90cm,4427069.03880698,7568329.86647307,14283.4822714791,21536.0641638637,61849.0085380833,1975,UP,36011174.2070772,61559719.6763935,BRA
72298,76,demersalmollusc,231545.014472102,395839.557300962,747.056140365249,1126.3814150587,3234.83312582242,1975,UP,1888200.28406995,3227808.17324716,BRA
72366,76,flatfish<90cm,151449.90403794,258912.346285367,488.637516239428,736.748133444746,2115.85279692378,1975,UP,1239980.38565231,2119702.56695602,BRA
72450,76,lobsterscrab,1206449.65905887,2062495.27780396,3892.48556224078,5868.93428591417,16854.8795173088,1975,UP,9839915.63899387,16820968.8768543,BRA
72534,76,pelagic30-90cm,45466.1754118945,77727.0492661833,146.691932010791,221.176237003051,635.191781875182,1975,UP,369795.45615104,632151.146157523,BRA
72620,76,pelagic<30cm,8096493.36516699,13841422.3975616,26122.5019146472,39386.465195384,113113.232000939,1975,UP,66098648.382048,112993189.606722,BRA
72687,76,pelagic>=90cm,728751.057037524,1245841.9649329,2351.24022514051,3545.10611564192,10181.1220818452,1975,UP,5949858.23884107,10171064.4455029,BRA
72763,76,rays<90cm,310687.749420568,531138.627492614,1002.40202307988,1511.38173988154,4340.5081552035,1975,UP,2527704.66020437,4321013.87849716,BRA
72825,76,rays>=90cm,823347.396275291,1407559.86299061,2656.44557039385,4005.28254696321,11502.693925858,1975,UP,6670000.27991086,11402092.6191227,BRA
72832,76,reef-associated30-90cm,304345.79314637,520296.687450311,981.940354374252,1480.53045293563,4251.90693748751,1975,UP,2482969.63734623,4244545.0218102,BRA
72900,76,reef-associated>=90cm,136660.57812653,233629.14062059,440.921279467194,664.803497168138,1909.23637948165,1975,UP,1123051.96037025,1919820.48770954,BRA
72918,76,shark>=90cm,59172.6310435134,101159.025729831,190.914399359482,287.853107265107,826.679803398177,1975,UP,485360.902563836,829707.722233683,BRA
72949,76,shrimp,4015935.87018838,6865474.00136725,12957.0034491015,19536.0523678767,56105.2131210067,1975,UP,32758219.7887227,55998963.7284557,BRA
73104,76,benthopelagic30-90cm,44296.8173330936,58139.808958127,0.535719098412667,224.620933572593,73.5784379891698,1975,I,355228.573998635,466213.602519264,BRA
73189,76,benthopelagic>=90cm,3689914.50647034,4843032.46585018,44.6252753953341,18710.8711448489,6129.06664734203,1975,I,33266190.1168275,43659553.5047604,BRA
73261,76,cephalopods,226658.018877042,297489.858407814,2.74116825612425,1149.34071716796,376.486257721122,1975,I,1997595.17776947,2621704.00998183,BRA
73330,76,demersal30-90cm,32686166.8310666,42900768.2615595,395.301623898452,165745.481290336,54292.7741557303,1975,I,258901737.021455,339791039.366337,BRA
73413,76,demersal<30cm,45304558.5051801,59462474.6201717,547.906569762673,229731.001891305,75252.3284807132,1975,I,386722275.908448,507546341.769325,BRA
73527,76,demersal>=90cm,22800203.5156783,29925388.6941808,275.742258844389,115615.597410215,37871.8711979669,1975,I,183240050.797922,240490126.19438,BRA
73586,76,demersalmollusc,1617678.26681314,2123211.35130323,19.5639595527208,8202.94604416642,2687.01561888997,1975,I,13629393.7968827,17887642.2499939,BRA
73652,76,flatfish<90cm,1092318.18866979,1433673.4473089,13.2103331671361,5538.94266155389,1814.37563572853,1975,I,9346006.37662829,12265984.4397087,BRA
73761,76,lobsterscrab,7279830.49046295,9554816.337716,88.0411835826015,36914.668354658,12092.0325333176,1975,I,60222479.5382113,79037860.616963,BRA
73846,76,pelagic30-90cm,742691.028901867,974785.9357609,8.98199447176169,3766.0482696416,1233.63368081849,1975,I,7513390.38955144,9860824.58096807,BRA
73937,76,pelagic<30cm,43602364.3977438,57228335.7773781,527.320488245754,221099.491716228,72424.929332875,1975,I,348186057.218644,456970696.317031,BRA
74013,76,pelagic>=90cm,6746625.27527686,8854981.64951966,81.5926792803518,34210.8837391571,11206.3615252617,1975,I,59662332.9294276,78302684.6373327,BRA
74096,76,rays<90cm,3102130.2560679,4071562.502895,37.5167003860069,15730.3263785768,5152.73810676003,1975,I,26741454.1716201,35096287.2342962,BRA
74169,76,rays>=90cm,2243531.34638509,2944646.85554169,27.1329333010128,11376.5307727403,3726.57770885558,1975,I,16721883.871712,21946332.9042413,BRA
74177,76,reef-associated30-90cm,2963554.40642008,3889680.96129009,35.8407847400394,15027.6339823162,4922.55916447988,1975,I,25880973.3842726,33966964.302442,BRA
74254,76,reef-associated>=90cm,1566542.23554476,2056095.0375856,18.9455280215906,7943.64472695598,2602.077026634,1975,I,13531274.4522829,17758861.5831345,BRA
74278,76,shark>=90cm,316264.99602806,415099.493738956,3.82486166574002,1603.72105584846,525.326328151586,1975,I,2531030.97882261,3321808.62131239,BRA
74324,76,shrimp,20300228.8517382,26644158.6168893,245.5079383299,102938.69020265,33719.3328925164,1975,I,162291817.00654,212997052.363167,BRA
74455,76,benthopelagic30-90cm,7990.81295516656,13282.1443231248,2.57295977748864,39.2169201590917,9.41858253640836,1976,APW,79962.7129663513,133036.382760675,BRA
74514,76,benthopelagic>=90cm,1245637.99880715,2070470.64764889,401.082654070888,6113.28111675622,1468.204094887,1976,APW,14974662.1327379,24990740.0682663,BRA
74567,76,cephalopods,25523.4853425798,42424.5465200278,8.2183003827312,125.262910354386,30.0839294655829,1976,APW,293331.685261069,489283.043643067,BRA
74621,76,demersal30-90cm,2703176.74412027,4493157.81107175,870.395174194038,13266.5183310962,3186.17059588848,1976,APW,26771742.2091654,44540323.6197712,BRA
74700,76,demersal<30cm,1848249.47099844,3072117.48750395,595.117364694283,9070.74816353508,2178.48800718288,1976,APW,21810078.3423311,36397959.6542423,BRA
74837,76,demersal>=90cm,1725526.88972794,2868130.85369252,555.601952786859,8468.45629430902,2033.83779859178,1976,APW,17329142.3060501,28840457.1804569,BRA
74883,76,demersalmollusc,133387.613138217,221713.802908304,42.9494427344775,654.633189889777,157.220829811128,1976,APW,1429021.71530973,2380711.7834566,BRA
74948,76,flatfish<90cm,40768.1135700806,67763.8146778603,13.1269142462014,200.079749568022,48.0524127729968,1976,APW,462525.636185096,771311.610004205,BRA
75029,76,lobsterscrab,507332.106201966,843275.68322977,163.355732440498,2489.85964440606,597.980373516766,1976,APW,5387076.37197175,8974198.42495921,BRA
75110,76,pelagic30-90cm,57848.7813687541,96154.9053103406,18.6267140119082,283.907413797285,68.1849925669917,1976,APW,759152.363151625,1270055.79122305,BRA
75198,76,pelagic<30cm,2641673.67551547,4390928.83410691,850.591817188919,12964.6765855133,3113.67838124814,1976,APW,26735238.0901404,44490223.6251305,BRA
75264,76,pelagic>=90cm,385556.045250105,640862.333581974,124.145090363391,1892.21306120703,454.44580607426,1976,APW,4447835.54626039,7420244.3864383,BRA
75343,76,rays<90cm,71853.0786550455,119432.524088816,23.135954039398,352.637017611322,84.691527082989,1976,APW,819381.497041151,1366567.82331337,BRA
75404,76,rays>=90cm,189314.110488481,314673.53222005,60.9572010170711,929.106512400087,223.14007159805,1976,APW,1744628.798377,2899634.77505276,BRA
75411,76,reef-associated30-90cm,183602.309487122,305179.508812084,59.1180597036687,901.074415404235,216.407706635351,1976,APW,2090768.62505078,3487117.12741005,BRA
75479,76,reef-associated>=90cm,80829.0293901273,134352.141625794,26.0261180734783,396.688748681069,95.2712682576892,1976,APW,914607.318906446,1525187.93551733,BRA
75504,76,shark>=90cm,28279.5317065239,47005.5829893473,9.10571903201107,138.788899614299,33.3324162339025,1976,APW,278034.527505575,462432.585874265,BRA
75534,76,shrimp,1317497.98182012,2189914.64800162,424.220831242691,6465.95201923693,1552.90375997364,1976,APW,12949555.1790177,21541191.8279601,BRA
75646,76,benthopelagic30-90cm,18825.7766527773,32509.79095348,60.7382632193267,91.5787277241891,261.394383608687,1976,UP,153193.847910601,264532.492825791,BRA
75708,76,benthopelagic>=90cm,968532.600554353,1672536.16976313,3124.81068451913,4711.4647620704,13447.9966907222,1976,UP,7830407.27800612,13521388.075965,BRA
75763,76,cephalopods,41988.188889539,72508.415907121,135.467965859427,204.25318906456,583.002600958138,1976,UP,342780.234059853,591907.465935868,BRA
75818,76,demersal30-90cm,8047300.09032611,13896693.2680478,25963.2864081085,39146.4064128316,111736.109782998,1976,UP,65567588.3242796,113221010.804625,BRA
75897,76,demersal<30cm,1967036.99864016,3396829.93180089,6346.3204301818,9568.72850689524,27312.149361932,1976,UP,16236399.0133843,28036848.9697613,BRA
76034,76,demersal>=90cm,5244887.35823427,9057272.62867486,16921.7639620278,25513.9599381637,72824.8360420437,1976,UP,42939748.2927488,74147730.5693673,BRA
76082,76,demersalmollusc,278189.641357722,480399.149143677,897.532992838447,1353.2644039857,3862.64063205571,1976,UP,2272075.49844897,3923384.55153727,BRA
76151,76,flatfish<90cm,67021.5502020353,115737.938818311,216.233977095335,326.028955448156,930.588794644771,1976,UP,548848.722306685,947744.016683824,BRA
76235,76,lobsterscrab,1247765.29580946,2154736.54415147,4025.70891871468,6069.80314258479,17325.1200416376,1976,UP,10187738.2365432,17592023.3351844,BRA
76320,76,pelagic30-90cm,60556.5983333314,104573.765480216,195.375876229484,294.579943922425,840.823461721288,1976,UP,493627.691503358,852388.205472193,BRA
76408,76,pelagic<30cm,6721399.41921655,11607026.5818933,21685.48658875,32696.510677404,93326.086385642,1976,UP,55170349.4531562,95267413.9371299,BRA
76475,76,pelagic>=90cm,663296.643521926,1145431.37416121,2140.01721521471,3226.63249638105,9209.82015674484,1976,UP,5426429.8259119,9370287.03053594,BRA
76554,76,rays<90cm,132069.509690392,228067.730248453,426.100489279895,642.457301585975,1833.77444212526,1976,UP,1083997.16017052,1871831.58544706,BRA
76616,76,rays>=90cm,879727.934938038,1519181.48123536,2838.29707847822,4279.47098868658,12214.9511033611,1976,UP,7133887.39842149,12318657.9566714,BRA
76623,76,reef-associated30-90cm,323666.444858359,558931.971576801,1044.25639832344,1574.48809543627,4494.08236425053,1976,UP,2637302.31884698,4554049.52031136,BRA
76690,76,reef-associated>=90cm,124399.396864865,214822.392797226,401.354135367849,605.145737393,1727.27554695528,1976,UP,1022085.96646377,1764925.05529622,BRA
76711,76,shark>=90cm,75031.0030206584,129569.274522955,242.075155523877,364.991252325731,1041.79939812646,1976,UP,614223.838200109,1060632.73101329,BRA
76743,76,shrimp,4020824.31763612,6943466.95161365,12972.5264602682,19559.4573442086,55828.8198937205,1976,UP,32818485.3702324,56670430.7110196,BRA
76898,76,benthopelagic30-90cm,116589.464673606,154458.077233777,1.40755188370541,591.192973757449,194.230287677354,1976,I,936441.90548609,1240540.22261065,BRA
76985,76,benthopelagic>=90cm,20370742.6473279,26987221.786624,245.930258501441,103294.409636721,33936.3013259255,1976,I,184834794.849597,244857561.464136,BRA
77057,76,cephalopods,403483.217295379,534535.79286955,4.87113963630882,2045.95195425131,672.176183222557,1976,I,3559160.94649933,4714954.4429266,BRA
77125,76,demersal30-90cm,39653713.0391092,52533359.5822515,478.728147867957,201073.026604458,66060.4464787891,1976,I,315211047.13849,417571875.642044,BRA
77209,76,demersal<30cm,27850418.2206585,36896318.7245279,336.230282369122,141221.778608845,46396.9429663032,1976,I,244921275.759097,324456306.324327,BRA
77325,76,demersal>=90cm,25355126.5870114,33590548.7825383,306.105326832471,128568.843925443,42239.9531971246,1976,I,202035362.619542,267643760.05526,BRA
77383,76,demersalmollusc,1990220.76492242,2636650.51967809,24.0273766973591,10091.8598069065,3315.57532058757,1976,I,16606392.2519576,21999112.7079643,BRA
77452,76,flatfish<90cm,616559.823440577,816820.328447632,7.44355369784389,3126.40457300016,1027.1476261806,1976,I,5327880.29515511,7058042.36104276,BRA
77564,76,lobsterscrab,7483533.64416799,9914208.12187794,90.3466012740521,37946.9321837547,12467.0689295905,1976,I,61685167.7024204,81716645.163737,BRA
77650,76,pelagic30-90cm,2101502.29314008,2784076.6265588,25.3708473540165,10656.1377009293,3500.96293943805,1976,I,22468987.8432318,29765604.7606683,BRA
77742,76,pelagic<30cm,38646642.9258145,51199190.0346464,466.570073045675,195966.452209184,64382.7347029943,1976,I,312014157.861383,413336997.325403,BRA
77819,76,pelagic>=90cm,6043178.14612004,8006020.77935599,72.957593612352,30643.2872743049,10067.5325432909,1976,I,53266249.3318824,70563805.5027901,BRA
77906,76,rays<90cm,1102695.56732791,1460854.43981145,13.3125340895177,5591.46466126045,1837.01741715886,1976,I,9580450.34609816,12691580.5721422,BRA
77981,76,rays>=90cm,2836293.76048382,3757530.59627578,34.2417785044919,14382.0622849958,4725.07661458513,1976,I,21393049.5295842,28340153.4457613,BRA
77989,76,reef-associated30-90cm,2686267.60113163,3558775.48428363,32.4305547906474,13621.3210676214,4475.14301919826,1976,I,22973295.9399488,30433579.8006935,BRA
78063,76,reef-associated>=90cm,1185070.83750809,1569985.44816853,14.3070276060413,6009.16690458261,1974.24913418739,1976,I,10126390.9678989,13414809.2602441,BRA
78092,76,shark>=90cm,410952.100052082,544430.591451175,4.96130936153059,2083.82459583125,684.618844748828,1976,I,3268293.01587988,4329631.97935541,BRA
78137,76,shrimp,19373269.3111264,25665766.0784863,233.888042875467,98236.4978474901,32274.5771419841,1976,I,153262108.15727,203032057.359669,BRA
78275,76,benthopelagic30-90cm,9783.04588184266,16431.0678425,3.17149002183526,48.0151273237661,11.6135654332362,1977,APW,96384.128301206,161988.087362371,BRA
78336,76,benthopelagic>=90cm,1002715.0828267,1684105.31358156,325.062451749394,4921.31928571884,1190.33452014305,1977,APW,11993167.0849527,20221467.7909329,BRA
78389,76,cephalopods,21949.6801855647,36865.4801997372,7.11569714910525,107.728891549196,26.0567158891469,1977,APW,254363.848829462,428763.89283937,BRA
78442,76,demersal30-90cm,2638511.44396996,4431499.25521124,855.358629420304,12949.7974820465,3132.20705197347,1977,APW,25814273.0019989,43386479.0470226,BRA
78525,76,demersal<30cm,1062281.83318853,1784150.36378101,344.372936100318,5213.67251981687,1261.04688941204,1977,APW,11082263.9664106,18643639.4511793,BRA
78663,76,demersal>=90cm,1671864.82897915,2807972.56398761,541.988935450644,8205.50200838275,1984.68982169574,1977,APW,16702506.563965,28081761.7635388,BRA
78711,76,demersalmollusc,170293.853910909,286016.226496926,55.2062481338985,835.801158120197,202.157777767653,1977,APW,1852388.01776361,3119122.97337548,BRA
78776,76,flatfish<90cm,41053.5180115702,68951.2394982607,13.308822661926,201.490406793716,48.7350998298812,1977,APW,469440.150779227,791094.763084684,BRA
78858,76,lobsterscrab,573770.828249704,963674.045781187,186.006329582024,2816.06359673775,681.129899424017,1977,APW,6165676.38543259,10381144.1569204,BRA
78937,76,pelagic30-90cm,80567.3530970857,135316.511914337,26.1185074177489,395.424059522734,95.6424244837958,1977,APW,1150663.21811535,1948401.88976291,BRA
79026,76,pelagic<30cm,3542073.21209421,5949072.09410529,1148.27733452793,17384.4729262142,4204.83554046473,1977,APW,35286361.3197178,59319982.9358182,BRA
79093,76,pelagic>=90cm,556008.064353951,933840.680777439,180.247956460198,2728.88406386246,660.043519653344,1977,APW,6386861.24429166,10764865.6663593,BRA
79176,76,rays<90cm,97741.5979668465,164161.432607441,31.6860931057701,479.715144740029,116.030166601164,1977,APW,1080324.8303227,1819909.59969221,BRA
79237,76,rays>=90cm,163684.252656975,274915.102375979,53.0635325953702,803.361276962534,194.311444674948,1977,APW,1512270.87785208,2539570.62752939,BRA
79244,76,reef-associated30-90cm,251414.518827165,422262.050626359,81.5041294332235,1233.94086855248,298.457045027669,1977,APW,2850581.81234098,4803561.08392491,BRA
79315,76,reef-associated>=90cm,153015.858097154,256997.051402884,49.605028229335,751.000863925862,181.646871720422,1977,APW,1697088.77880298,2858251.97816725,BRA
79339,76,shark>=90cm,28508.5665436202,47881.4263602758,9.24197181756324,139.919864318592,33.8428447500789,1977,APW,282679.353928343,475153.297953786,BRA
79368,76,shrimp,1786701.37043686,3000845.72703714,579.216906143407,8769.11902767392,2121.01359084221,1977,APW,17835095.4589163,29986727.535773,BRA
79483,76,benthopelagic30-90cm,20165.4400431577,35172.8188196377,65.0591619560441,98.0936062860727,278.253025610696,1977,UP,164377.905024018,286695.337971199,BRA
79546,76,benthopelagic>=90cm,692444.896396403,1207771.25772653,2234.01446057587,3368.35778919472,9554.70781091933,1977,UP,5621930.33801288,9805329.03631941,BRA
79600,76,cephalopods,29626.6035428834,51675.1013826079,95.5834335367244,144.116884001015,408.802984548459,1977,UP,241504.304962741,421213.243539015,BRA
79655,76,demersal30-90cm,7114091.93243373,12408490.271981,22951.9840981322,34606.085044986,98163.8685015454,1977,UP,57825317.9787709,100854389.089698,BRA
79737,76,demersal<30cm,1692944.24251656,2952855.03248852,5461.89586841222,8235.22847179529,23360.1080195757,1977,UP,13546145.3629907,23626032.2457101,BRA
79874,76,demersal>=90cm,3984259.63308022,6949396.68585497,12854.2988493548,19381.1984738452,54976.846294971,1977,UP,32603292.9023901,56864216.2905323,BRA
79923,76,demersalmollusc,282231.077243667,492271.059987652,910.553765458485,1372.89660496292,3894.36833495051,1977,UP,2305677.08181091,4021386.93554684,BRA
79991,76,flatfish<90cm,61643.513563896,107519.405941477,198.87864206831,299.861274372674,850.588636881646,1977,UP,505128.839989289,881008.034680789,BRA
80074,76,lobsterscrab,1158775.63013008,2021151.29667137,3738.52349514835,5636.79642956491,15989.3770925689,1977,UP,9456302.84288212,16492959.7666422,BRA
80156,76,pelagic30-90cm,64139.9986419407,111873.807191739,206.932977935306,312.005280346293,885.036411136569,1977,UP,522278.256766132,910917.327327158,BRA
80244,76,pelagic<30cm,8132789.38027662,14185315.4088648,26238.5775025696,39561.4793314218,112220.375398371,1977,UP,66464066.9877947,115921583.828171,BRA
80311,76,pelagic>=90cm,795400.322844439,1387347.43127916,2566.17650361589,3869.17845293398,10975.3392898702,1977,UP,6506251.64328498,11347719.2836712,BRA
80394,76,rays<90cm,193370.577273241,337279.43773725,623.865766253001,940.639888529883,2668.22583961528,1977,UP,1589705.39968993,2772647.64668816,BRA
80455,76,rays>=90cm,610167.418260675,1064261.82648124,1968.5650697413,2968.12379830814,8419.40120804396,1977,UP,4979336.50710976,8684575.88179253,BRA
80462,76,reef-associated30-90cm,409603.7311147,714436.074368402,1321.4923861497,1992.49344657396,5651.92117008959,1977,UP,3322964.76148565,5795652.41058121,BRA
80532,76,reef-associated>=90cm,219099.233126795,382155.688831852,706.873366608129,1065.79543347049,3023.24295408569,1977,UP,1795258.59875963,3131156.67220589,BRA
80551,76,shark>=90cm,62110.1363236826,108333.295336004,200.384093257888,302.131133556736,857.027335687699,1977,UP,506924.875962158,884139.646190786,BRA
80581,76,shrimp,4547023.28731917,7930976.25994118,14669.9265592262,22118.7294284329,62742.14619225,1977,UP,37108812.5102583,64722352.6324007,BRA
80742,76,benthopelagic30-90cm,136950.05671556,183287.407674626,1.65520295720743,694.407935347997,228.449852049075,1977,I,1091764.08590901,1461064.02893889,BRA
80830,76,benthopelagic>=90cm,15473498.3670574,20708990.3529283,187.015477537863,78458.6754571103,25811.7338350415,1977,I,139868845.915841,187180435.494451,BRA
80902,76,cephalopods,329712.295594864,441271.171311362,3.98496196193443,1671.81262961,550.001416237819,1977,I,2914321.11529072,3900111.06827789,BRA
80972,76,demersal30-90cm,36847131.8393324,49314439.4171622,445.34104656669,186834.101114608,61465.6322093501,1977,I,291156828.500098,389643259.920842,BRA
81057,76,demersal<30cm,15515969.4217779,20765831.5818231,187.528790325422,78674.0257689525,25882.5808751958,1977,I,129982092.927719,173949747.183402,BRA
81176,76,demersal>=90cm,23285369.3653537,31164024.9743462,281.431152038521,118068.919813552,38842.9133510445,1977,I,186045962.921518,248977692.136415,BRA
81235,76,demersalmollusc,2438258.10285002,3263248.0601394,29.469224906234,12363.2352965155,4067.31998666094,1977,I,20499338.3314884,27433399.1407363,BRA
81302,76,flatfish<90cm,597388.773927603,799516.571026532,7.2201479058982,3029.07143707672,996.519317279212,1977,I,5191116.48198556,6947048.99046554,BRA
81414,76,lobsterscrab,8152086.4892756,10910362.767224,98.5275799665049,41335.3136432327,13598.7015780087,1977,I,67661192.8185338,90548102.1214332,BRA
81498,76,pelagic30-90cm,2842457.95621275,3804209.81716291,34.3544568559977,14412.7385415163,4741.57598124412,1977,I,30352936.86268,40620106.0585275,BRA
81592,76,pelagic<30cm,49270803.5540296,65941687.6052873,595.495771980577,249828.571009297,82189.8730983017,1977,I,394098417.063276,527405927.117807,BRA
81668,76,pelagic>=90cm,8240836.52002536,11029141.5648185,99.6002287617833,41785.3224062302,13746.7477481264,1977,I,72337164.2326599,96805753.6805209,BRA
81755,76,rays<90cm,1381269.66346527,1848625.27251066,16.6942729816983,7003.75478600852,2304.13084759726,1977,I,11620375.6204935,15551050.3963543,BRA
81830,76,rays>=90cm,2343161.11673805,3135974.80096628,28.3198656696696,11881.0441724842,3908.68629983659,1977,I,17768254.973389,23778524.1917338,BRA
81838,76,reef-associated30-90cm,3515577.65527911,4705081.03733948,42.4899023108561,17825.8051125038,5864.42396941553,1977,I,30003545.7660462,40152458.9346281,BRA
81917,76,reef-associated>=90cm,2147530.14606234,2874151.66386094,25.9554346577399,10889.0935176612,3582.3493316095,1977,I,18224628.006418,24389259.5366435,BRA
81946,76,shark>=90cm,395581.823695011,529427.798185216,4.78107289694241,2005.80535737769,659.880041408999,1977,I,3158990.77240086,4227549.92866824,BRA
81994,76,shrimp,24852635.3325226,33261578.806366,300.373409718461,126015.772487467,41457.3093353041,1977,I,198120638.998285,265136715.543724,BRA
82135,76,benthopelagic30-90cm,10111.7012006346,17166.7573220414,3.28754049984067,49.6307875809308,12.0464462457735,1978,APW,100593.279407436,170915.502140937,BRA
82199,76,benthopelagic>=90cm,911808.173928886,1547987.75552313,296.449256203185,4475.38518958421,1086.27103745924,1978,APW,10972423.2697463,18702832.99459,BRA
82252,76,cephalopods,22237.8922766134,37753.5384493324,7.23003677025902,109.149201101685,26.4928293087529,1978,APW,253020.218006796,430994.428736213,BRA
82307,76,demersal30-90cm,2962179.60242302,5028928.10716219,963.070923234604,14539.12686969,3528.95488532397,1978,APW,29004251.1997144,49276650.4568381,BRA
82389,76,demersal<30cm,1006203.972938,1708244.64421639,327.139444342624,4938.70365165065,1198.72826854502,1978,APW,11043285.9395648,18795934.1049743,BRA
82527,76,demersal>=90cm,1689684.20300342,2868597.29023898,549.35417286323,8293.39752967129,2012.98372251505,1978,APW,16838381.790228,28616135.5918751,BRA
82577,76,demersalmollusc,246285.841369903,418122.449107431,80.0730423076658,1208.83321556746,293.409495621908,1978,APW,2703758.82982455,4602879.96618467,BRA
82644,76,flatfish<90cm,42409.9781900779,71999.9324719409,13.7884336305834,208.158901959204,50.5245865571204,1978,APW,480453.908964539,818304.714121812,BRA
82725,76,lobsterscrab,646102.963192102,1096896.80837034,210.06254204068,3171.23679639433,769.72652384548,1978,APW,6910212.16934559,11759271.587754,BRA
82804,76,pelagic30-90cm,72866.5577336042,123706.43561212,23.690549679036,357.647499354824,86.8086441080088,1978,APW,1072791.6899386,1836558.41322776,BRA
82892,76,pelagic<30cm,3831090.08254403,6504087.9295153,1245.57317853805,18803.9593256791,4564.12030244587,1978,APW,38821465.0822452,65985560.4764931,BRA
82960,76,pelagic>=90cm,531782.396066918,902813.400067789,172.894365595236,2610.12253178716,633.532174414601,1978,APW,6147555.83379285,10474817.257948,BRA
83042,76,rays<90cm,130934.826103419,222289.63654306,42.5698440958255,642.661250796957,155.987534941752,1978,APW,1470568.0789161,2505054.64606169,BRA
83103,76,rays>=90cm,132973.482577233,225750.68827457,43.2326569687479,652.667492515808,158.416262327788,1978,APW,1226752.92491707,2082567.12512403,BRA
83111,76,reef-associated30-90cm,279104.551312569,473839.169571131,90.7431398459779,1369.91574654083,332.507647093704,1978,APW,3233242.54067114,5508923.66314495,BRA
83184,76,reef-associated>=90cm,145676.690167036,247317.077310273,47.3627542294087,715.018049061765,173.55006665439,1978,APW,1632379.58607412,2779385.5392904,BRA
83208,76,shark>=90cm,34473.7461481523,58526.4954298539,11.2081868712818,169.205867365869,41.0698577444215,1978,APW,341259.061282476,579804.431451992,BRA
83240,76,shrimp,1896504.03670535,3219717.82120592,616.595932283764,9308.52159537643,2259.37589330959,1978,APW,18862098.1828696,32054417.5453179,BRA
83359,76,benthopelagic30-90cm,19622.2122052441,34569.1302157386,63.3052553962269,95.4491360167275,269.07110876506,1978,UP,160047.925382366,281948.307849673,BRA
83425,76,benthopelagic>=90cm,642921.20859156,1132656.53973113,2074.19484020575,3127.38814793239,8816.10700337199,1978,UP,5219418.26128544,9194772.43117729,BRA
83479,76,cephalopods,31720.9797706584,55883.9476809674,102.338345177177,154.301670017831,434.976398620541,1978,UP,259041.161380181,456339.759655997,BRA
83535,76,demersal30-90cm,7634254.8605266,13449530.9506004,24629.6619693249,37135.6207417849,104685.31266663,1978,UP,62200088.0790217,109574682.744799,BRA
83616,76,demersal<30cm,1971439.61268097,3473153.38201369,6360.2659513413,9589.7550067908,27033.5187948719,1978,UP,15990787.4119012,28170115.3770543,BRA
83753,76,demersal>=90cm,3774577.00713807,6649802.9225378,12177.5546482848,18360.8305929771,51759.1803516585,1978,UP,30849333.4995536,54345727.8389066,BRA
83804,76,demersalmollusc,392576.354766421,691615.34823854,1266.53132384157,1909.6253516735,5383.23375300755,1978,UP,3207418.47313207,5650347.68402321,BRA
83873,76,flatfish<90cm,60079.1649318836,105843.543738054,193.82762963844,292.245559541049,823.840214997806,1978,UP,491804.147280849,866387.015861723,BRA
83955,76,lobsterscrab,1217687.38701976,2145242.00450237,3928.50766375102,5923.24697204329,16697.6328625716,1978,UP,9939920.02083973,17510652.3621829,BRA
84037,76,pelagic30-90cm,42968.2847251268,75698.7140019243,138.624443055151,209.012399327637,589.205941297119,1978,UP,356115.834867807,627353.371361454,BRA
84124,76,pelagic<30cm,6738486.76766053,11871425.305758,21739.731552635,32778.2990676992,92402.0231260439,1978,UP,54926921.8619822,96761934.3227388,BRA
84192,76,pelagic>=90cm,705011.600200712,1242043.3310996,2274.51109697412,3429.41700033925,9667.52632037776,1978,UP,5774856.83578085,10173289.16965,BRA
84274,76,rays<90cm,209966.75913473,369905.704901372,677.395554217369,1021.34996513218,2879.18549107778,1978,UP,1712654.32947906,3017095.78729345,BRA
84335,76,rays>=90cm,527849.490025912,929930.711387391,1702.9500255801,2567.64004195096,7238.17712583835,1978,UP,4320574.54370979,7611340.22904631,BRA
84343,76,reef-associated30-90cm,373015.074024868,657153.563090754,1203.42264576447,1814.47260708831,5114.99817167041,1978,UP,3048124.85331611,5369728.93918515,BRA
84415,76,reef-associated>=90cm,190454.224243372,335529.797004593,614.444140186941,926.434336996295,2611.61834099714,1978,UP,1564496.62216207,2756099.00509831,BRA
84435,76,shark>=90cm,66330.3506929116,116856.473998689,213.995228836321,322.653460226719,909.56008522562,1978,UP,541994.770081308,954804.865588184,BRA
84468,76,shrimp,4586566.02195145,8080312.06662559,14797.1966857893,22310.6222427839,62893.6427779946,1978,UP,37443894.8259885,65963015.1137631,BRA
84635,76,benthopelagic30-90cm,133747.905115372,180936.42209025,1.61878379163879,678.132182499848,223.303526038429,1978,I,1074226.11110874,1453295.19059702,BRA
84724,76,benthopelagic>=90cm,13236223.1750337,17906185.978859,160.201264608784,67110.6504583973,22099.0026263737,1978,I,119774746.040689,162040905.467135,BRA
84795,76,cephalopods,314911.197912997,426017.180436446,3.81144768246934,1596.67112356018,525.7710827119,1978,I,2751288.29193286,3722161.41882307,BRA
84868,76,demersal30-90cm,38945132.9803329,52685632.8195344,471.362523229041,197460.648097019,65022.218546467,1978,I,307714325.662743,416299603.570003,BRA
84954,76,demersal<30cm,13239972.8918647,17911258.659038,160.246648353853,67129.6623723128,22105.2630981867,1978,I,112048040.171215,151587352.198785,BRA
85074,76,demersal>=90cm,22325894.7306141,30202846.9831831,270.215795100317,113197.344712602,37274.9839409329,1978,I,177684545.427965,240385337.148039,BRA
85135,76,demersalmollusc,3326765.70937119,4500504.7672853,40.2646636167077,16867.4558993317,5554.31887000778,1978,I,28055677.8607729,37955932.027496,BRA
85203,76,flatfish<90cm,582709.034301801,788298.610698125,7.0526707626229,2954.46682961199,972.88239319933,1978,I,5044126.16500146,6824094.09545068,BRA
85315,76,lobsterscrab,8599956.50203049,11634166.219403,104.087388750327,43603.7279768609,14358.3602974863,1978,I,71180625.8399595,96298732.3227216,BRA
85402,76,pelagic30-90cm,2528726.364048,3420903.67966103,30.6057971381274,12821.2156049664,4221.92417138169,1978,I,27459182.339372,37148933.4055561,BRA
85495,76,pelagic<30cm,50205809.6070251,67919266.104418,607.653262066789,254554.829951282,83822.8778476338,1978,I,406022165.831655,549297998.489949,BRA
85574,76,pelagic>=90cm,7535116.7124854,10193632.9904643,91.1993708743031,38204.7489807114,12580.5195195965,1978,I,66577395.6996816,90071184.9281608,BRA
85662,76,rays<90cm,1763446.52385074,2385620.20315613,21.3434270074653,8941.07342398462,2944.22425843903,1978,I,14941887.0576604,20214577.2566641,BRA
85737,76,rays>=90cm,1741128.35323269,2355427.80548271,21.0733046991992,8827.91524227279,2906.9621705623,1978,I,13151297.0934068,17792084.3176833,BRA
85746,76,reef-associated30-90cm,3675762.20406184,4972633.11215093,44.4886540295419,18636.9472003373,6136.99826055413,1978,I,31781062.3812619,42995951.5025401,BRA
85826,76,reef-associated>=90cm,1929337.25900544,2610039.98790656,23.3512433767746,9782.17703745745,3221.19297854868,1978,I,16471351.3489739,22283736.6429698,BRA
85861,76,shark>=90cm,450497.319768309,609440.373139396,5.45247986343107,2284.12348142044,752.1436682567,1978,I,3595940.83489584,4864863.83186121,BRA
85910,76,shrimp,25100396.7172604,33956240.0708209,303.796275048608,127264.69841008,41907.2514600713,1978,I,199799477.727154,270304132.109029,BRA
86051,76,benthopelagic30-90cm,7242.86116153538,12409.8570157094,2.35785622286525,35.5508145273019,8.64765432315132,1979,APW,72352.8391307976,124085.685351693,BRA
86116,76,benthopelagic>=90cm,670696.230018378,1149165.2443913,218.33985839082,3292.04118999606,800.78149006078,1979,APW,7966552.27994143,13702206.5207566,BRA
86169,76,cephalopods,29018.3643266684,49719.8198455656,9.44669922226453,142.433558376524,34.6466373057212,1979,APW,332868.543049749,572367.402985103,BRA
86227,76,demersal30-90cm,2646267.34345906,4534092.06991142,861.47142448222,12988.9221150664,3159.52559661766,1979,APW,26012227.2382515,44605374.6678472,BRA
86311,76,demersal<30cm,2650799.99735126,4541858.28456232,862.946996389278,13011.170164111,3164.93738450499,1979,APW,28559859.1623941,49043905.8344683,BRA
86450,76,demersal>=90cm,1499277.15904803,2568848.79440604,488.077832202217,7359.04265175157,1790.07029344833,1979,APW,14936218.6949905,25620291.4026334,BRA
86498,76,demersalmollusc,56936.5427445472,97554.5904679248,18.535241615866,279.466971103426,67.9797015335785,1979,APW,620826.934509711,1066534.50683174,BRA
86565,76,flatfish<90cm,56845.536420655,97398.6609763559,18.5056152107077,279.020276238277,67.8710440234902,1979,APW,651121.922591696,1119520.20401061,BRA
86650,76,lobsterscrab,624308.344037983,1069684.63294689,203.238648518957,3064.35117998043,745.396415845401,1979,APW,6580727.17795068,11298407.8302584,BRA
86732,76,pelagic30-90cm,99361.3778745306,170244.943950002,32.346311493795,487.704767103137,118.633069141421,1979,APW,1378219.41346542,2379755.2035999,BRA
86823,76,pelagic<30cm,3346606.05654303,5734046.49335021,1089.46115868929,16426.4602841145,3995.69889393315,1979,APW,33378209.1722234,57246977.1851323,BRA
86891,76,pelagic>=90cm,485261.81246372,831443.482512163,157.973148802305,2381.85605210746,579.38103696401,1979,APW,5652799.54871934,9722901.92379977,BRA
86975,76,rays<90cm,108409.134946293,185747.294230613,35.2917372533234,532.114721483335,129.435688946787,1979,APW,1156267.15218116,1985906.85782267,BRA
87038,76,rays>=90cm,243171.024355882,416647.175211424,79.1624056666148,1193.57913844731,290.335395537391,1979,APW,2239293.96181869,3836221.90436222,BRA
87047,76,reef-associated30-90cm,141746.24084228,242866.809355583,46.1443686844916,695.746364021415,169.238711746832,1979,APW,1605159.73612575,2759532.52470559,BRA
87121,76,reef-associated>=90cm,115875.497769107,198540.097186421,37.7223527260027,568.762570147125,138.350194333266,1979,APW,1282867.68903139,2204262.50553167,BRA
87147,76,shark>=90cm,18790.7174353767,32195.8562167464,6.11716958601778,92.2322402007027,22.4352814771326,1979,APW,188108.105402928,322632.773502247,BRA
87177,76,shrimp,2590298.3539662,4438195.27781777,843.251162663938,12714.204276084,3092.70111079096,1979,APW,25944869.3850463,44503699.2319288,BRA
87296,76,benthopelagic30-90cm,13185.7673274196,23462.7014692263,42.5390089554376,64.1386189249362,179.64054631939,1979,UP,107732.364250945,191689.613309989,BRA
87362,76,benthopelagic>=90cm,398161.568972006,708487.098032277,1284.5212665826,1936.74986891735,5424.48232492522,1979,UP,3229447.48697008,5746188.00055954,BRA
87416,76,cephalopods,37894.6794226833,67429.6404976764,122.253189161764,184.328476486573,516.270365128381,1979,UP,309478.676185335,550659.368513316,BRA
87474,76,demersal30-90cm,6405270.8373493,11397513.2242379,20664.2409763677,31156.7173260833,87264.2694223073,1979,UP,52061611.3911172,92633775.6100571,BRA
87557,76,demersal<30cm,2566639.7998593,4567068.56033975,8280.31548864185,12484.7290227329,34967.4436105215,1979,UP,20819159.4410602,37043730.5681776,BRA
87694,76,demersal>=90cm,2723385.60238733,4845981.41217314,8785.9979364528,13247.1768233188,37102.9205505195,1979,UP,22128595.8918515,39373644.1049206,BRA
87743,76,demersalmollusc,86221.4463969498,153422.095720105,278.16165637975,419.401037216437,1174.66563392088,1979,UP,702064.042948746,1249190.6937593,BRA
87813,76,flatfish<90cm,78030.6459789631,138847.418324826,251.737063583669,379.559091453904,1063.07562748911,1979,UP,638189.221099976,1135538.57743275,BRA
87899,76,lobsterscrab,1079322.76878335,1920542.60359044,3482.0363340884,5250.0753308295,14704.5012200465,1979,UP,8801850.55205361,15661238.9471093,BRA
87982,76,pelagic30-90cm,77503.791688114,137909.935917368,250.037362773088,376.996350448572,1055.89785775809,1979,UP,634343.860884993,1128696.5214181,BRA
88072,76,pelagic<30cm,7022018.85618095,12494952.1740159,22653.9507023749,34156.722192706,95666.7346142585,1979,UP,57205567.22826,101786530.888305,BRA
88140,76,pelagic>=90cm,621808.181193844,1106442.98236626,2006.0344712241,3024.61866553855,8471.40394557691,1979,UP,5071335.06735334,9023489.43069515,BRA
88224,76,rays<90cm,180868.021089044,321835.830922819,583.503877915903,879.78384513085,2464.11371495125,1979,UP,1473901.28197608,2622529.71773228,BRA
88287,76,rays>=90cm,835992.66450919,1487561.9924794,2697.02161119168,4066.46148089044,11389.4152097433,1979,UP,6790356.76739476,12082151.3322677,BRA
88296,76,reef-associated30-90cm,193968.41678553,345146.622454925,625.767466830581,943.507196717117,2642.59117329785,1979,UP,1579107.32624502,2809723.68308356,BRA
88369,76,reef-associated>=90cm,150279.35510069,267406.481409825,484.820843088335,730.993506084823,2047.37917640607,1979,UP,1233479.27125234,2194748.22857631,BRA
88389,76,shark>=90cm,38306.8540513316,68163.0623774408,123.582918390723,186.333389115801,521.885758966245,1979,UP,311781.543057355,554756.410437525,BRA
88420,76,shrimp,5733836.76268582,10202766.1260676,18498.1068860809,27890.7068484355,78116.7711612607,1979,UP,46749133.3809984,83181287.5880366,BRA
88592,76,benthopelagic30-90cm,88329.8138361888,120626.59185469,1.07139735904943,447.82770947234,147.449871438663,1979,I,710253.589919645,969950.983508213,BRA
88682,76,benthopelagic>=90cm,8896347.19417371,12149193.9739542,107.908332136882,45104.032416801,14850.7643465369,1979,I,80072351.1889467,109349844.160203,BRA
88753,76,cephalopods,380587.44669636,519744.858538002,4.6163392355162,1929.55919531358,635.31855949143,1979,I,3348067.35791499,4572249.61281823,BRA
88827,76,demersal30-90cm,32158582.7553194,43916997.7610784,390.067850688762,163042.395650226,53682.6546664857,1979,I,254820981.771767,347993873.785609,BRA
88915,76,demersal<30cm,33521895.9214203,45778790.6675226,406.604171351982,169954.32477079,55958.4474293382,1979,I,283838303.571055,387620715.002996,BRA
89036,76,demersal>=90cm,18151011.800223,24787719.9927455,220.162878899532,92024.7160734965,30299.671653174,1979,I,144363545.436338,197148697.812479,BRA
89096,76,demersalmollusc,708237.288936406,967196.087894117,8.59057126910752,3590.72740100511,1182.26782856611,1979,I,5974861.50507022,8159504.9792313,BRA
89166,76,flatfish<90cm,708380.853868047,967392.14571676,8.59231264137976,3591.45526798132,1182.50748299047,1979,I,6135031.15830177,8378235.22146824,BRA
89279,76,lobsterscrab,7699375.76894548,10514563.7474094,93.3896552807796,39035.4475485252,12852.6475714616,1979,I,63657986.1039465,86933870.9195599,BRA
89365,76,pelagic30-90cm,3329000.37653433,4546210.98177828,40.3791433129005,16877.8643213334,5557.1347455775,1979,I,35867917.3509283,48982553.074641,BRA
89463,76,pelagic<30cm,40497791.1213829,55305341.5264138,491.21836184615,205321.762255882,67603.3814071709,1979,I,323982862.060632,442444094.562789,BRA
89541,76,pelagic>=90cm,6696381.69739118,9144836.45802163,81.2238286732622,33950.3180982197,11178.3391983122,1979,I,60476080.8085625,82588450.3231331,BRA
89629,76,rays<90cm,1357457.67295971,1853796.42031413,16.4652964006889,6882.24206511591,2266.01812760905,1979,I,11213839.6792525,15314063.1335159,BRA
89707,76,rays>=90cm,2997355.96129765,4093304.61055138,36.3564590662578,15196.4438316454,5003.5172944948,1979,I,22686762.0834982,30981983.8612297,BRA
89717,76,reef-associated30-90cm,1722008.52086734,2351641.08232973,20.8871195510429,8730.49651187994,2874.56662695007,1979,I,14690379.0955221,20061751.7574793,BRA
89801,76,reef-associated>=90cm,1409059.33599652,1924265.63639923,17.0911992878238,7143.85989899432,2352.1573172035,1979,I,11956586.6467969,16328382.0985045,BRA
89830,76,shark>=90cm,226355.865088856,309120.277327722,2.74558572614329,1147.61284085071,377.858185783819,1979,I,1817285.46107897,2481758.40289152,BRA
89878,76,shrimp,31266184.8420146,42698304.8400252,379.243501287222,158517.983154642,52192.9656037062,1979,I,250354857.649268,341894698.393168,BRA
90085,76,benthopelagic>=90cm,183658.389490838,317711.948883578,59.6062711810873,901.494727003614,218.995978362022,1980,APW,2173081.2726114,3773810.31226944,BRA
90139,76,cephalopods,29647.7518935972,51287.856003994,9.62216833207886,145.527204467415,35.3522561652251,1980,APW,340954.025839252,591947.578827778,BRA
90199,76,demersal30-90cm,2520715.86528821,4360604.23029258,818.097522543793,12373.0370669782,3005.72513252381,1980,APW,24837451.158763,43002556.2712367,BRA
90284,76,demersal<30cm,3399615.44686511,5881018.84195228,1103.34409878599,16687.1516606749,4053.7331994736,1980,APW,35594108.9960339,61722599.0867075,BRA
90424,76,demersal>=90cm,1506366.99762811,2605874.93921265,488.890924110715,7394.06410487853,1796.20607222131,1980,APW,14716221.0130247,25477249.4621775,BRA
90473,76,demersalmollusc,405471.907063215,701428.724098777,131.59577689713,1990.27546293398,483.488487685192,1980,APW,4527919.0319785,7857233.016406,BRA
90542,76,flatfish<90cm,33269.1207009998,57552.4875550808,10.7974824126346,163.30284158075,39.6704101422118,1980,APW,381353.08862709,661980.958808875,BRA
90626,76,lobsterscrab,818082.107640406,1415206.0327099,265.508284656073,4015.58953194794,975.488743203383,1980,APW,8867952.46291689,15381467.2454799,BRA
90710,76,pelagic30-90cm,126188.706947877,218294.737978788,40.9545042139289,619.402436427171,150.468592330041,1980,APW,1904695.09584967,3326064.91609769,BRA
90800,76,pelagic<30cm,3975523.7270123,6877286.65509719,1290.25494569614,19514.0210415388,4740.45160970944,1980,APW,39960636.2817499,69205020.3576575,BRA
90867,76,pelagic>=90cm,444297.276963751,768593.006500592,144.19653819866,2180.85138128071,529.784221249051,1980,APW,5271449.96191654,9159020.57364084,BRA
90951,76,rays<90cm,125287.733938662,216736.138388304,40.6620937138529,614.979973509837,149.394263701885,1980,APW,1359609.96329217,2358178.29876283,BRA
91014,76,rays>=90cm,296106.541426503,512236.803418574,96.1012826895253,1453.45108637461,353.080204606315,1980,APW,2645939.47444837,4574356.61199116,BRA
91022,76,reef-associated30-90cm,422880.308822927,731543.641611448,137.245668083672,2075.72531597608,504.24642847764,1980,APW,4787219.27135709,8308910.33953272,BRA
91095,76,reef-associated>=90cm,103790.580064618,179548.059631284,33.6851993449641,509.460313249488,123.760856713526,1980,APW,1192869.87190414,2070779.00149413,BRA
91120,76,shark>=90cm,27580.5813621959,47711.8430593799,8.95126880163074,135.380413247901,32.8873427233702,1980,APW,275752.516930693,477488.834687037,BRA
91150,76,shrimp,1874930.13084334,3243454.91399671,608.507970338129,9203.1713396887,2235.68419337007,1980,APW,18889745.4505493,32715698.6782757,BRA
91336,76,benthopelagic>=90cm,108709.737229897,195377.028273184,350.703177105627,528.776245250701,1471.1707323756,1980,UP,883471.982307841,1587734.09674811,BRA
91391,76,cephalopods,30692.8214625933,55162.2366081084,99.0166131898894,149.29329517942,415.366477561301,1980,UP,250508.67530338,450202.779313894,BRA
91451,76,demersal30-90cm,4643340.99669793,8345178.53056117,14979.6557458601,22585.72672713,62838.413088382,1980,UP,37832638.3147818,67991063.4637943,BRA
91535,76,demersal<30cm,6222296.46823945,11182933.7829088,20073.4469230651,30265.9416456347,84206.4444777299,1980,UP,50795080.5857297,91286604.5394029,BRA
91673,76,demersal>=90cm,2905319.51869786,5221544.16164991,9372.70948930334,14131.7970726189,39317.7387143235,1980,UP,23515752.4406825,42261358.8123752,BRA
91723,76,demersalmollusc,443041.895675391,796250.742419881,1429.27583456184,2155.00502580147,5995.69354818185,1980,UP,3608623.32906505,6485250.22924885,BRA
91795,76,flatfish<90cm,34290.411132465,61627.9534478003,110.622621623873,166.79237121494,464.052720066138,1980,UP,280452.497736189,504016.756134429,BRA
91880,76,lobsterscrab,1101685.3771088,1979988.36678582,3554.09342132611,5358.72012939594,14909.1270422362,1980,UP,8972850.50831128,16125589.5606429,BRA
91965,76,pelagic30-90cm,55865.4985827481,100403.472349626,180.224958157395,271.735994699099,756.028747366952,1980,UP,459590.56198697,825956.652918416,BRA
92054,76,pelagic<30cm,6522700.41963091,11722830.5097334,21042.5654477955,31727.1398558679,88271.8162874555,1980,UP,53426650.4893606,96016008.6082027,BRA
92121,76,pelagic>=90cm,432875.504951788,777979.34136184,1396.47853767458,2105.55457130161,5858.11160872017,1980,UP,3550957.89329549,6381632.44658472,BRA
92203,76,rays<90cm,169195.092978034,304083.47317173,545.832030966951,822.983738711152,2289.72008574036,1980,UP,1378762.75478808,2477848.59089519,BRA
92266,76,rays>=90cm,867228.467300717,1558614.02200615,2797.7234285427,4218.29565960607,11736.2176736537,1980,UP,7048178.33043906,12666649.9421086,BRA
92274,76,reef-associated30-90cm,468169.278312511,841410.573296315,1510.33805720847,2277.22740792107,6335.74284697427,1980,UP,3816471.16891822,6858786.63893165,BRA
92345,76,reef-associated>=90cm,85401.2570880919,153486.194023076,275.508827017671,415.401207043959,1155.73667214727,1980,UP,703572.520410422,1264431.59039256,BRA
92365,76,shark>=90cm,42053.4269953428,75579.9232379501,135.666508182766,204.552543250985,569.109746450822,1980,UP,342960.229726598,616352.383083051,BRA
92396,76,shrimp,3122635.9367965,5612113.0016177,10073.7833784181,15188.8482855246,42258.6855155773,1980,UP,25505339.4930657,45837035.7281828,BRA
92647,76,benthopelagic>=90cm,2194794.85669963,3026461.29027052,26.7507363476488,11126.5373450584,3658.7332384361,1980,I,19648261.0478948,27091408.5717959,BRA
92720,76,cephalopods,354196.28808078,488410.7285753,4.31703741643199,1795.60208772222,590.446860295877,1980,I,3123518.53210248,4306772.25619559,BRA
92797,76,demersal30-90cm,27939938.2438453,38527127.6217133,340.539307921743,141641.832875552,46576.0070562251,1980,I,222013100.738192,306117738.357412,BRA
92885,76,demersal<30cm,37839888.3273075,52178433.3971712,461.202500533656,191829.741773559,63079.2699095418,1980,I,306456004.844148,422548900.580987,BRA
93007,76,demersal>=90cm,16967742.1855906,23397273.2126772,206.807299659956,86018.1608832398,28285.3051737995,1980,I,133666544.579791,184303088.07484,BRA
93069,76,demersalmollusc,4670152.36090359,6439797.91404922,56.9210439547603,23675.3902042781,7785.16571571191,1980,I,40015248.0070066,55173894.5915709,BRA
93140,76,flatfish<90cm,382197.276671717,527022.040152369,4.65832082202373,1937.55341602272,637.12463856477,1980,I,3334244.44011016,4597326.58060859,BRA
93252,76,lobsterscrab,9256138.78753687,12763537.1717502,112.816251389881,46924.1002530138,15430.0264273735,1980,I,77502830.1440184,106862684.794659,BRA
93339,76,pelagic30-90cm,3938339.19862511,5430681.18471773,48.0015128650582,19965.455102671,6565.22976908792,1980,I,43270424.5676323,59662211.2982454,BRA
93437,76,pelagic<30cm,43961335.5584656,60619460.5979513,535.812307662963,222862.48773402,73283.7509268016,1980,I,354431676.42223,488699971.597713,BRA
93513,76,pelagic>=90cm,6782084.21101923,9351997.18978277,82.6618242077265,34381.8526004336,11305.7659366133,1980,I,64671853.8292876,89170927.0346802,BRA
93600,76,rays<90cm,1516245.17892319,2090791.00334267,18.4803946008694,7686.62208044461,2527.58776831049,1980,I,12954361.0621862,17861750.6973396,BRA
93679,76,rays>=90cm,3387596.14143697,4671246.86292805,41.2889117883944,17173.4569463831,5647.13853016357,1980,I,25521985.8892577,35190415.6666031,BRA
93688,76,reef-associated30-90cm,4716774.96434009,6504087.06805442,57.4892924945105,23911.7440196138,7862.88581257419,1980,I,40461601.5012449,55789340.339178,BRA
93768,76,reef-associated>=90cm,1162699.78165501,1603277.80550584,14.1712904126687,5894.31969105723,1938.2259460278,1980,I,10085042.0845439,13905473.6348355,BRA
93795,76,shark>=90cm,304523.210634436,419915.194425001,3.71160889800471,1543.7838598985,507.641609065411,1980,I,2451176.84364319,3379749.98153298,BRA
93844,76,shrimp,20828838.7515028,28721442.46661,253.867359023703,105592.033585903,34721.7711147473,1980,I,168103836.474162,231786070.501945,BRA
94050,76,benthopelagic>=90cm,219272.6692062,382576.719801338,70.7051954140651,1076.39713653832,260.465868458057,1981,APW,2555844.32205502,4475569.28809259,BRA
94105,76,cephalopods,31955.4772419845,55754.4253334562,10.3041490356443,156.867631175874,37.9587258273308,1981,APW,366326.023028634,641445.535557747,BRA
94168,76,demersal30-90cm,2546058.60313444,4442244.22649391,820.984994262987,12498.4577411948,3024.36855268494,1981,APW,24839626.2898283,43368015.6689023,BRA
94252,76,demersal<30cm,3814950.98983143,6656148.44374462,1230.14352954976,18727.3787305749,4531.63874133782,1981,APW,41565936.2990477,72719137.9096212,BRA
94391,76,demersal>=90cm,2153495.1075557,3757317.76030022,694.401600318794,10571.385735002,2558.05694088669,1981,APW,21033211.1202445,36724130.3293733,BRA
94441,76,demersalmollusc,255993.526969843,446645.558669237,82.5459571166049,1256.65775128391,304.085213005451,1981,APW,2801673.15155968,4902115.03890181,BRA
94515,76,flatfish<90cm,59904.0647501239,104517.816460371,19.3162632606588,294.065667178079,71.1578160004791,1981,APW,669128.136716149,1171026.09411207,BRA
94601,76,lobsterscrab,971575.813203614,1695160.13554892,313.287825522572,4769.41073891341,1154.09886181915,1981,APW,10539558.9240238,18437543.9419916,BRA
94688,76,pelagic30-90cm,221878.607010791,387123.438463978,71.5454886543376,1089.18953789419,263.561365292558,1981,APW,3179018.74912155,5594540.87301211,BRA
94778,76,pelagic<30cm,3332327.63616484,5814089.74024221,1074.5200373201,16358.207972569,3958.34836545109,1981,APW,33033330.2086515,57686429.5425292,BRA
94846,76,pelagic>=90cm,569883.824912297,994306.701296003,183.760918994639,2797.52747807458,676.943852206199,1981,APW,6927026.93146555,12146138.9563667,BRA
94930,76,rays<90cm,136994.855647608,239022.230600173,44.174443054629,672.500001360847,162.731106342238,1981,APW,1571668.27175085,2752439.79335575,BRA
94991,76,rays>=90cm,375731.58500511,655558.934168107,121.155888862922,1844.44510877997,446.317609712898,1981,APW,3498557.55404923,6104534.28825283,BRA
95000,76,reef-associated30-90cm,606847.508483372,1058799.21130006,195.679980679699,2978.98011098068,720.851640521099,1981,APW,6901632.85532893,12083691.6287683,BRA
95070,76,reef-associated>=90cm,101585.735004476,177242.049441525,32.7566553131093,498.6786299807,120.6699256532,1981,APW,1160368.25092068,2031797.88604655,BRA
95096,76,shark>=90cm,25162.5034269782,43902.361648321,8.11373222368412,123.521306759234,29.8896042603626,1981,APW,249595.405228107,435832.699231261,BRA
95128,76,shrimp,1874839.99571521,3271133.32596218,604.548340415791,9203.48354476231,2227.05287198672,1981,APW,18762594.4823399,32773707.4975889,BRA
95318,76,benthopelagic>=90cm,155650.153732047,282579.986681007,502.121613807623,757.078917276101,2091.7069875465,1981,UP,1267844.39951261,2301645.92846035,BRA
95373,76,cephalopods,35291.2552202721,64070.6237095559,113.848278331968,171.655887584113,474.262076673627,1981,UP,288878.308797392,524430.568228277,BRA
95435,76,demersal30-90cm,5171517.52536394,9388794.79652612,16683.1234239603,25154.1472648786,69497.5178928828,1981,UP,42167033.318458,76550080.2034209,BRA
95518,76,demersal<30cm,3090215.56933711,5610229.43753719,9968.92063055838,15030.740421953,41527.9095100344,1981,UP,24987284.6733379,45361863.6179305,BRA
95654,76,demersal>=90cm,3947866.4613209,7167278.83211055,12735.6705478621,19202.3354582276,53053.4642276115,1981,UP,32405798.3174305,58829612.7327835,BRA
95705,76,demersalmollusc,356916.232883078,647974.845614108,1151.39850846475,1736.03269043062,4796.4242912058,1981,UP,2911937.70230968,5286336.34385418,BRA
95782,76,flatfish<90cm,67725.0256458775,122953.536415574,218.478416866922,329.413032104962,910.123799936092,1981,UP,551155.071760924,1000567.20040959,BRA
95869,76,lobsterscrab,1326483.27536291,2408205.94967041,4279.18576977871,6451.98541612387,17825.9659204492,1981,UP,10830551.3834081,19661803.3395234,BRA
95956,76,pelagic30-90cm,121018.681353284,219707.186565555,390.401770412581,588.632198891699,1626.31141274748,1981,UP,1001934.51208396,1818919.10090697,BRA
96044,76,pelagic<30cm,5892906.0438404,10698462.3622507,19010.2959862391,28662.9651195899,79191.9086059859,1981,UP,48076816.2344747,87278721.9872849,BRA
96112,76,pelagic>=90cm,579876.101718893,1052754.38007243,1870.65876275851,2820.50457848816,7792.67392157351,1981,UP,4747686.11716443,8618969.14250374,BRA
96194,76,rays<90cm,167898.359855631,304816.379259371,541.633871762791,816.653921914905,2256.30469412965,1981,UP,1371001.69923791,2488919.15300073,BRA
96255,76,rays>=90cm,1070896.81273598,1944193.43523822,3454.67333593592,5208.81849494541,14391.2633070527,1981,UP,8714230.57286304,15819813.3994186,BRA
96264,76,reef-associated30-90cm,712571.647809357,1293660.6994547,2298.72966503806,3465.93279010737,9575.90506088573,1981,UP,5803251.7225299,10535227.84842,BRA
96332,76,reef-associated>=90cm,100087.368929519,181706.774461202,322.878134095293,486.822756581528,1345.02564845148,1981,UP,821209.695722301,1490827.59899307,BRA
96354,76,shark>=90cm,41299.8794162563,74979.1702452398,133.231876778295,200.881703245341,555.009065448964,1981,UP,337497.641517441,612693.928726202,BRA
96387,76,shrimp,3397837.76537518,6168711.86736419,10961.2984073487,16527.0080035934,45661.8951280952,1981,UP,27743237.6695096,50365120.9157278,BRA
96651,76,benthopelagic>=90cm,2342527.97334926,3259679.94201119,28.7018089536414,11874.5662027453,3896.48072951094,1981,I,20954999.1940134,29159188.3326827,BRA
96725,76,cephalopods,343278.182174927,477679.249808829,4.20601372313646,1740.1198818412,570.997160727062,1981,I,3041796.84408462,4232706.37497763,BRA
96804,76,demersal30-90cm,25298434.6686057,35203336.3066437,309.9689083526,128240.917810118,42080.5490028257,1981,I,200518821.956395,279025821.196514,BRA
96893,76,demersal<30cm,38284068.7039874,53273135.805734,469.075305998959,194066.714894323,63680.4075125204,1981,I,323328802.030349,449917402.324723,BRA
97014,76,demersal>=90cm,21250679.5374638,29570794.7270904,260.373814596237,107722.342653671,35347.6518738648,1981,I,168237772.923676,234106117.858334,BRA
97077,76,demersalmollusc,2598031.65400823,3615219.01451297,31.8323661604955,13169.746198693,4321.4767933075,1981,I,21967205.5382005,30567726.9411505,BRA
97153,76,flatfish<90cm,618081.75115361,860074.547531638,7.57304268771608,3133.13341666891,1028.0959971586,1981,I,5352471.91764638,7448049.4212089,BRA
97264,76,lobsterscrab,9805976.70595958,13645235.379855,120.147666632088,49707.7178596125,16310.9255059076,1981,I,82769378.9576938,115174967.660424,BRA
97352,76,pelagic30-90cm,5766625.16941623,8024387.58968892,70.6555378645918,29231.7415713698,9592.00662812873,1981,I,62986658.2020643,87646751.5945188,BRA
97450,76,pelagic<30cm,33211069.1835195,46213943.7829131,406.918411944795,168351.048171179,55242.1540115133,1981,I,266442445.54088,370759716.469825,BRA
97528,76,pelagic>=90cm,9061086.57004332,12608704.1355443,111.020905024221,45931.7769388034,15071.9007884992,1981,I,90022091.7815747,125266980.670865,BRA
97617,76,rays<90cm,1402125.51509474,1951088.93884487,17.1795338715791,7107.54895692698,2332.24751724563,1981,I,12186669.6210955,16957936.3005872,BRA
97697,76,rays>=90cm,3732319.07873416,5193605.27453623,45.7302155494416,18919.5904998442,6208.21161246613,1981,I,28628861.5988691,39837640.5429249,BRA
97707,76,reef-associated30-90cm,6028581.01446903,8388904.99290708,73.8651501742562,30559.6283926435,10027.7350009992,1981,I,51928967.9213221,72259971.0197436,BRA
97782,76,reef-associated>=90cm,1013030.13351489,1409654.03377877,12.4121452068956,5135.17598195395,1685.03959763221,1981,I,8761316.633151,12191508.3717267,BRA
97813,76,shark>=90cm,247590.098594714,344527.146489461,3.03359609341971,1255.06506234102,411.832882666788,1981,I,1991518.37207476,2771235.68729026,BRA
97863,76,shrimp,18500036.3960341,25743213.4227231,226.671577165927,93778.9898080974,30772.3263638696,1981,I,148696045.342919,206913329.985565,BRA
98076,76,benthopelagic>=90cm,315429.625039212,555512.159106842,100.998912604399,1548.44753097509,372.798843620245,1982,APW,3706210.37411891,6551503.37173951,BRA
98133,76,cephalopods,30636.4083942051,53954.6574682964,9.80961738623742,150.394468909045,36.2084494144056,1982,APW,353459.005119396,624803.871466065,BRA
98197,76,demersal30-90cm,2973490.53110903,5236699.45337186,952.096082427756,14596.8980266239,3514.29841561455,1982,APW,29099111.1324968,51283584.7674452,BRA
98281,76,demersal<30cm,3504178.36652175,6171309.02032426,1122.01954571185,17202.050501954,4141.50586748468,1982,APW,38650247.7196409,68255313.6240153,BRA
98418,76,demersal>=90cm,2145029.01918297,3777672.12463013,686.827048713099,10529.971267635,2535.159269786,1982,APW,21420710.4504632,37768082.8972705,BRA
98467,76,demersalmollusc,269905.969747704,475339.144164832,86.4224767935642,1324.9714017804,318.995507779703,1982,APW,2935304.64916759,5183423.01764308,BRA
98541,76,flatfish<90cm,36689.9460021567,64615.7161637491,11.7479283985177,180.111352228208,43.3629829170069,1982,APW,414031.924690919,731521.627683933,BRA
98627,76,lobsterscrab,1061444.16754988,1869339.7654507,339.868858860334,5210.64120184086,1254.49585840537,1982,APW,11556217.5918257,20409337.2763111,BRA
98716,76,pelagic30-90cm,501262.249087502,882787.322955903,160.501544777792,2460.70194539931,592.430044537109,1982,APW,7190860.87522525,12768646.7996475,BRA
98810,76,pelagic<30cm,3039037.66408641,5352136.38913525,973.08393083999,14918.6696300638,3591.76702806194,1982,APW,30440458.6536181,53661240.2558513,BRA
98879,76,pelagic>=90cm,771621.77236361,1358925.23324742,247.069247033838,3787.89984648564,911.961596548192,1982,APW,9459911.72289191,16745015.4012759,BRA
98967,76,rays<90cm,155773.254784432,274336.746542569,49.8777796921257,764.692637011891,184.104740457967,1982,APW,1695028.42984532,2993133.50104887,BRA
99029,76,rays>=90cm,473938.36102202,834666.440040854,151.752579038144,2326.56867555702,560.136584869982,1982,APW,4263447.30284547,7504934.49504592,BRA
99039,76,reef-associated30-90cm,684042.158496125,1204686.26350188,219.026713724452,3357.97054976851,808.453313930644,1982,APW,7795332.07768459,13776628.4446795,BRA
99111,76,reef-associated>=90cm,114217.215322716,201151.213628732,36.5717536736216,560.693577971075,134.990636306085,1982,APW,1317139.63533886,2328158.55224139,BRA
99140,76,shark>=90cm,39984.7445666624,70418.2804097776,12.8029056290941,196.285554957691,47.2570277286085,1982,APW,391887.127070303,690609.481706183,BRA
99176,76,shrimp,2247638.52515632,3958380.66841721,719.682074695183,11033.6824715502,2656.43102784155,1982,APW,22372638.866206,39441424.8492264,BRA
99373,76,benthopelagic>=90cm,165871.886847116,304129.572214523,535.08044312258,806.772923919712,2212.81808119746,1982,UP,1347716.44846118,2470957.78924841,BRA
99429,76,cephalopods,30534.0995897754,55984.9099368673,98.4989068937577,148.512718300503,407.340924068795,1982,UP,248970.561889346,456473.047435958,BRA
99492,76,demersal30-90cm,5043927.27103117,9248146.09864401,16271.0323645682,24532.8128222166,67288.638706269,1982,UP,41192479.2031115,75524037.5335239,BRA
99574,76,demersal<30cm,3673789.30155228,6735969.48780843,11851.1511792558,17868.6924771654,49010.2786403917,1982,UP,29554967.2236402,54187153.2034622,BRA
99709,76,demersal>=90cm,3608264.54311011,6615828.47335885,11639.7771034605,17549.9910868191,48136.143951247,1982,UP,29507746.8958058,54100775.3472888,BRA
99759,76,demersalmollusc,320622.131777939,587867.381468979,1034.28396220495,1559.452054502,4277.26761849778,1982,UP,2616525.62790569,4797248.35213024,BRA
99835,76,flatfish<90cm,37705.9028792796,69134.5612002786,121.63418168371,183.395161730976,503.016546354526,1982,UP,309243.153209251,566979.997143763,BRA
99921,76,lobsterscrab,1410973.76394127,2587049.89368627,4551.61197713929,6862.73877235204,18823.1310096703,1982,UP,11518090.2463768,21117753.6664909,BRA
100009,76,pelagic30-90cm,285932.060579488,524262.410703797,922.378448729177,1390.72539018454,3814.4838505847,1982,UP,2319791.0268426,4253196.49217107,BRA
100100,76,pelagic<30cm,3906495.629831,7162641.40561358,12601.8305597078,19000.5368689343,52114.7032696166,1982,UP,32044254.0121497,58751347.6595926,BRA
100168,76,pelagic>=90cm,625142.116283964,1146211.13928704,2016.62455859154,3040.58597636033,8339.72413605091,1982,UP,5123410.7915154,9393489.69204159,BRA
100253,76,rays<90cm,144766.649421336,265432.678173012,466.997779998344,704.120603314532,1931.26313013588,1982,UP,1186329.45694211,2175068.24715506,BRA
100315,76,rays>=90cm,1342340.56947433,2461209.49680101,4330.21050395211,6528.91847265846,17907.5281515032,1982,UP,10943930.0445774,20065054.1620204,BRA
100325,76,reef-associated30-90cm,707639.45977196,1297471.74324317,2282.74991563096,3441.83916209617,9440.28202317046,1982,UP,5772977.5745301,10584419.6009578,BRA
100396,76,reef-associated>=90cm,91645.5616363424,168034.05318172,295.636280883389,445.748578200981,1222.59992157267,1982,UP,752795.037117477,1380208.40347275,BRA
100419,76,shark>=90cm,61185.9081884547,112185.641802358,197.377527250966,297.597953397494,816.252148133408,1982,UP,502536.830149987,921373.408082437,BRA
100454,76,shrimp,3739394.36459905,6856257.74242937,12062.7843069269,18187.7844555846,49885.484635135,1982,UP,30561830.8305846,56033363.3422421,BRA
100717,76,benthopelagic>=90cm,2959560.49670625,4156077.42147801,36.5468787084205,15000.9808342932,4904.91182330839,1982,I,26738129.2463191,37550453.9565014,BRA
100790,76,cephalopods,280377.775671679,393731.347695087,3.46231562808518,1421.13724111857,464.673139277079,1982,I,2481319.6294005,3484712.59281914,BRA
100874,76,demersal30-90cm,25523694.7880332,35842636.681797,315.185777971809,129370.714591491,42300.6971743496,1982,I,203364399.024699,285600238.655139,BRA
100964,76,demersal<30cm,34155068.0388441,47963576.7754251,421.772465973478,173120.137809278,56605.5660075453,1982,I,299807612.934366,421043498.494,BRA
101087,76,demersal>=90cm,18347765.0065416,25765559.4346314,226.572000474716,92998.4271386105,30407.9506440318,1982,I,147359458.45989,206948267.402303,BRA
101149,76,demersalmollusc,2390028.27976705,3356289.753593,29.513866585107,12114.2204925716,3961.01988133625,1982,I,20293568.3969812,28499845.5138526,BRA
101225,76,flatfish<90cm,327358.22355986,459705.460721767,4.04246552958154,1659.26476010034,542.534346901495,1982,I,2852185.9205105,4005547.7866027,BRA
101341,76,lobsterscrab,9303279.77011277,13064490.8395317,114.883894999684,47155.0832236227,15418.4268207243,1982,I,78496088.3435183,110238218.057855,BRA
101434,76,pelagic30-90cm,9173916.38973918,12882827.303701,113.286418692953,46499.385328005,15204.0314824288,1982,I,98686673.2758085,138593176.675735,BRA
101533,76,pelagic<30cm,26128445.5327395,36691881.330958,322.65369496158,132435.985377799,43302.9571657117,1982,I,211933868.132779,297634891.943671,BRA
101612,76,pelagic>=90cm,10833745.2574226,15213706.2596047,133.78323380164,54912.4794546622,17954.8839305641,1982,I,108644158.713834,152577308.674785,BRA
101705,76,rays<90cm,1403635.46475417,1971109.4500494,17.3331463027362,7114.53904339683,2326.26033302911,1982,I,12015721.1977004,16874615.3820249,BRA
101787,76,rays>=90cm,4111378.29763309,5773562.16673532,50.7703911223487,20839.1438911156,6813.83200127084,1982,I,30973666.4662637,43498738.6857418,BRA
101799,76,reef-associated30-90cm,5913061.52587535,8303645.60104482,73.0189305547565,29971.2483391944,9799.78122511568,1982,I,51156615.6387109,71843250.9604822,BRA
101880,76,reef-associated>=90cm,992295.294047916,1393469.08827212,12.2536085323702,5029.59905855561,1644.54179105499,1982,I,8663967.33146073,12167489.8994485,BRA
101918,76,shark>=90cm,341769.809828264,479943.488754798,4.22043063485086,1732.3120688628,566.418825681094,1982,I,2732224.21420554,3837071.20856,BRA
101971,76,shrimp,19361509.4735935,27189149.3546048,239.090479525883,98136.7445806904,32088.040382961,1982,I,155876467.665077,218909324.004617,BRA
102186,76,benthopelagic>=90cm,323704.714033161,578153.77489057,102.813139654666,1595.05030914971,366.449133055657,1983,APW,3807365.3059728,6826648.93326598,BRA
102244,76,cephalopods,23363.4339804088,41728.3312988645,7.42055304265434,115.122983934773,26.4485185299056,1983,APW,261328.727581405,468294.330122726,BRA
102309,76,demersal30-90cm,3073961.3002702,5490257.79537051,976.333055271298,15146.8999670111,3479.87040255231,1983,APW,29667267.7244604,53018063.4776463,BRA
102395,76,demersal<30cm,4138597.14034971,7391753.82907579,1314.47627210515,20392.8777122618,4685.08881212156,1983,APW,43562975.9320023,77973811.8164665,BRA
102533,76,demersal>=90cm,2414932.84948449,4313198.05523026,767.01641201695,11899.5467818594,2733.8188500726,1983,APW,23318172.7313404,41676142.8810428,BRA
102583,76,demersalmollusc,335256.011473067,598785.004311225,106.481993104727,1651.96916066423,379.525751186365,1983,APW,3583031.94869031,6415363.14954783,BRA
102660,76,flatfish<90cm,45278.6064205304,80869.9907321472,14.3811179864552,223.109680020096,51.2575361107405,1983,APW,496267.606638777,888936.245421615,BRA
102746,76,lobsterscrab,888138.706301109,1586262.79882292,282.085261304832,4376.29066442414,1005.41525917931,1983,APW,9229082.57193388,16517796.6677438,BRA
102836,76,pelagic30-90cm,237319.469537985,423865.149997037,75.3759791149674,1169.3882629557,268.65692743824,1983,APW,3328103.65258028,5993587.24203662,BRA
102931,76,pelagic<30cm,3798988.46539359,6785194.7371024,1206.61181226716,18719.4608650694,4300.63563884123,1983,APW,36654535.2404779,65497951.1312786,BRA
102999,76,pelagic>=90cm,673823.253654675,1203484.04215574,214.015679343682,3320.25436288225,762.799973030983,1983,APW,8044867.47714324,14437062.7235975,BRA
103088,76,rays<90cm,155664.919168035,278025.795527387,49.4413531219564,767.036643826272,176.220092582469,1983,APW,1656866.71185797,2966589.26168761,BRA
103151,76,rays>=90cm,502822.332967097,898067.335140598,159.703397879881,2477.64979278116,569.218797283068,1983,APW,4586745.94608894,8190433.18324094,BRA
103161,76,reef-associated30-90cm,595094.04312685,1062869.49968061,189.010182154445,2932.3173136286,673.674762018078,1983,APW,6571625.23559599,11772890.6533805,BRA
103235,76,reef-associated>=90cm,142834.519852857,255110.022367953,45.3662390459798,703.815036271642,161.69547028944,1983,APW,1602020.70750207,2870472.47071116,BRA
103267,76,shark>=90cm,30087.4919927537,53737.8552689794,9.55620780917243,148.25568280005,34.0604720246185,1983,APW,293031.443935316,523732.983438064,BRA
103301,76,shrimp,2126160.70588862,3797435.70248896,675.298344776021,10476.6262096578,2406.91504829328,1983,APW,20618035.2323265,36849248.4806981,BRA
103494,76,benthopelagic>=90cm,147745.301670902,274870.326393441,475.73005575399,717.286779979003,826.266688038698,1983,UP,1200507.04245776,2233365.24012877,BRA
103551,76,cephalopods,19405.8558957111,36103.3067290337,62.4855667341923,94.2132421860462,108.527392060301,1983,UP,158514.978366339,294893.923679265,BRA
103615,76,demersal30-90cm,4275302.02583266,7953915.62358293,13766.1884886528,20756.1092560358,23909.6580757505,1983,UP,34915832.0250508,64955787.2349547,BRA
103699,76,demersal<30cm,5041249.70826967,9378910.44298316,16232.4891394989,24474.6988866651,28193.2261325396,1983,UP,41281404.7460673,76798031.885828,BRA
103834,76,demersal>=90cm,3390920.84189007,6308583.13627317,10918.5398312225,16462.5383300567,18963.7497892883,1983,UP,27717963.8502343,51565221.5268557,BRA
103885,76,demersalmollusc,323287.263552168,601454.49395991,1040.96351068277,1569.52321095181,1807.98640308271,1983,UP,2640922.31808473,4913049.45349289,BRA
103965,76,flatfish<90cm,40014.0480493794,74443.4802546543,128.842576340437,194.263691330071,223.778858500876,1983,UP,327409.439841843,609097.550208992,BRA
104050,76,lobsterscrab,992906.950960294,1847237.47288218,3197.09441719522,4820.45128757785,5552.83943802146,1983,UP,8105699.52305805,15079464.7108746,BRA
104140,76,pelagic30-90cm,138199.243596132,257110.519014744,444.992382956401,670.941744431297,772.880287929444,1983,UP,1132027.96087345,2105973.04088842,BRA
104230,76,pelagic<30cm,4645341.09491062,8642348.74832856,14957.6897071196,22552.6072111219,25979.1042956582,1983,UP,37936220.2603959,70574773.2933441,BRA
104297,76,pelagic>=90cm,501333.796003918,932698.248818827,1614.26151645453,2433.91904963109,2803.71294749339,1983,UP,4099323.43578508,7626194.35357734,BRA
104383,76,rays<90cm,158311.77349168,294528.5458113,509.753393021381,768.585809202598,885.359759539921,1983,UP,1293097.3262157,2405617.46628792,BRA
104445,76,rays>=90cm,930184.014878424,1730545.613864,2995.13073008084,4515.93850548474,5202.06095590181,1983,UP,7571801.67693584,14086215.1642279,BRA
104455,76,reef-associated30-90cm,524703.274572245,976175.612424127,1689.50968486679,2547.375232958,2934.40692855043,1983,UP,4289184.52310065,7979400.88847216,BRA
104527,76,reef-associated>=90cm,98618.327104317,183472.85127157,317.544461455736,478.780857973658,551.523720855139,1983,UP,810450.948369457,1507727.63610367,BRA
104551,76,shark>=90cm,37606.3745559638,69964.1635420449,121.090027648152,182.574708006732,210.313926751544,1983,UP,308182.112860602,573328.167497544,BRA
104585,76,shrimp,2925781.64221434,5443222.53131774,9420.82251031574,14204.3399643274,16362.4553884069,1983,UP,23921351.3607517,44502180.7653306,BRA
104852,76,benthopelagic>=90cm,2728424.87307116,3872331.0867644,34.0122541394308,13828.0427112941,4615.32021406347,1983,I,24541720.0879742,34828361.0694817,BRA
104926,76,cephalopods,197260.846999059,279963.475474448,2.45903272841054,999.745840353177,333.680426235541,1983,I,1726859.5917522,2450674.52792446,BRA
105007,76,demersal30-90cm,24291348.0151549,34475621.0760594,302.813359544995,123111.98346846,41090.5026661039,1983,I,191882303.736153,272310851.175206,BRA
105097,76,demersal<30cm,34031731.5410558,48299710.6805123,424.235944116862,172477.623237362,57567.0380559969,1983,I,286132906.278762,406066132.274771,BRA
105220,76,demersal>=90cm,18952988.8170551,26899127.2245546,236.265941829602,96056.4248829447,32060.2972314246,1983,I,149151565.094985,211669219.748005,BRA
105281,76,demersalmollusc,2689969.17192062,3817752.63437661,33.5328694609112,13633.1437850855,4550.26972408377,1983,I,22562099.4416891,32019051.8124268,BRA
105357,76,flatfish<90cm,366414.675272841,520035.919518865,4.56768635222446,1857.04133902523,619.815877727537,1983,I,3128524.26450877,4439848.88935133,BRA
105471,76,lobsterscrab,7147703.07747268,10144414.4931518,89.1025059856401,36225.5689788101,12090.8363001582,1983,I,58979498.4033358,83700912.9879757,BRA
105561,76,pelagic30-90cm,5358783.07735891,7605480.54758284,66.8020196209591,27159.0696909566,9064.75384527503,1983,I,58890209.6356596,83574204.0464156,BRA
105658,76,pelagic<30cm,30510864.2703254,43302701.6298383,380.345187371014,154633.370503492,51611.2464760201,1983,I,241989520.344169,343420928.158693,BRA
105737,76,pelagic>=90cm,8415807.20862021,11944177.8279471,104.910557147153,42652.4998651784,14235.9225320671,1983,I,83396324.7038729,118351994.778431,BRA
105829,76,rays<90cm,1243553.13058804,1764919.2005052,15.502001000979,6302.50294712309,2103.55650892617,1983,I,10392253.3290784,14748186.6377207,BRA
105908,76,rays>=90cm,3956927.82380823,5615890.24181864,49.3266411998584,20054.2692207385,6693.41829824902,1983,I,30049622.4185035,42645097.4697823,BRA
105920,76,reef-associated30-90cm,4705158.6700661,6677820.73315705,58.6540073110016,23846.408854884,7959.10275362956,1983,I,40071772.3307109,56867912.9562137,BRA
106000,76,reef-associated>=90cm,1134751.21513352,1610501.52029991,14.1456879003986,5751.07946875471,1919.51051056198,1983,I,9793986.6952822,13899149.9498745,BRA
106037,76,shark>=90cm,235497.952488925,334231.684842306,2.93569241668469,1193.53689287168,398.36114646956,1983,I,1872279.96603268,2657056.70089198,BRA
106090,76,shrimp,16775902.212147,23809285.8211978,209.126611873877,85022.6424042764,28377.603998941,1983,I,133029701.610747,188789824.414567,BRA
106305,76,benthopelagic>=90cm,243512.204415421,439384.823090283,76.1703757412749,1199.99307692326,274.976954536848,1984,APW,2857630.4382161,5176426.63221682,BRA
106363,76,cephalopods,43561.6722340354,78601.1431912297,13.6260478194521,214.665647767148,49.1903721795097,1984,APW,478983.996835161,866838.668105138,BRA
106427,76,demersal30-90cm,3053631.90989801,5509865.59270954,955.173029256797,15047.858320474,3448.19843784026,1984,APW,29391949.9400217,53062211.6992243,BRA
106515,76,demersal<30cm,4361849.52935674,7870367.27133943,1364.38220160503,21494.5663621843,4925.45374721492,1984,APW,47224600.2090625,85408757.4185938,BRA
106654,76,demersal>=90cm,2545056.90692918,4592210.81543035,796.09127332694,12541.6739420611,2873.90933473082,1984,APW,24629382.2401113,44468041.6780975,BRA
106707,76,demersalmollusc,342643.229603555,618253.344565867,107.17846198617,1688.49649390654,386.916918580073,1984,APW,3592726.08087258,6496105.86209613,BRA
106784,76,flatfish<90cm,40292.402407473,72702.1881559908,12.6034234639843,198.555156845813,45.4986727732093,1984,APW,442677.333292393,801110.321688541,BRA
106870,76,lobsterscrab,1050321.65307225,1895163.30333799,328.539570145027,5175.83385709547,1186.03603519276,1984,APW,11018901.7806409,19925192.7779139,BRA
106960,76,pelagic30-90cm,648156.645692701,1169510.96470154,202.742755173756,3194.02261361067,731.906398380544,1984,APW,8786857.4417362,15971590.6666297,BRA
107053,76,pelagic<30cm,3856424.56134376,6958396.30590501,1206.28577348148,19003.90490242,4354.72170203989,1984,APW,37589154.9222109,67869399.4400328,BRA
107121,76,pelagic>=90cm,649419.283481407,1171789.22374301,203.137707020304,3200.24471081006,733.332184388498,1984,APW,7622553.10209519,13815010.1418133,BRA
107208,76,rays<90cm,167519.101461844,302265.551481305,52.3998085961286,825.510008786594,189.164614797475,1984,APW,1785170.49954938,3228637.73581946,BRA
107268,76,rays>=90cm,406511.750802386,733495.448982582,127.156471997756,2003.23136912937,459.038032559502,1984,APW,3723368.62599135,6716910.13468465,BRA
107278,76,reef-associated30-90cm,770055.869536193,1389461.61987258,240.872711349951,3794.72443488352,869.556490347624,1984,APW,8471191.40432926,15330143.7365987,BRA
107358,76,reef-associated>=90cm,130654.237143533,235747.892025044,40.8685156429978,643.845266069136,147.536359885166,1984,APW,1485654.69388944,2689987.30955106,BRA
107390,76,shark>=90cm,20247.1276851061,36533.2022572063,6.3332814351478,99.7749295894013,22.8633038016907,1984,APW,196331.040683452,354443.572714716,BRA
107423,76,shrimp,2523488.16400653,4553292.9373055,789.344591957808,12435.3862828973,2849.55364686582,1984,APW,24706426.5858303,44612831.2646647,BRA
107614,76,benthopelagic>=90cm,130486.547935306,245316.594325948,420.151978607919,633.48837474613,727.920611400921,1984,UP,1061495.88458119,1995543.35764439,BRA
107670,76,cephalopods,40593.5654559967,76316.4892227035,130.706705901539,197.074351439043,226.451641592377,1984,UP,332034.619418774,624204.264311447,BRA
107732,76,demersal30-90cm,4402414.86755206,8276603.52125522,14175.2797244048,21372.92068441,24558.9186987904,1984,UP,35819752.5698627,67338803.1435355,BRA
107816,76,demersal<30cm,2889894.51503395,5433043.41793799,9305.1346492948,14029.9104274278,16121.3076409273,1984,UP,23854025.078512,44844157.3348919,BRA
107952,76,demersal>=90cm,3440413.65608878,6468027.35254078,11077.7442403647,16702.5803803977,19192.3845916581,1984,UP,28156973.9983985,52933352.0800086,BRA
108005,76,demersalmollusc,350819.653023332,659546.013470778,1129.5997456027,1703.16538631198,1957.05120842657,1984,UP,2861449.54728741,5379342.19863648,BRA
108085,76,flatfish<90cm,39023.6467420793,73365.0193711312,125.651744571478,189.452682613409,217.693833157969,1984,UP,318433.508312171,598634.635351178,BRA
108169,76,lobsterscrab,1186385.75452833,2230422.34975827,3820.02842472665,5759.68630751677,6618.26569449724,1984,UP,9687722.09323978,18212300.7097099,BRA
108258,76,pelagic30-90cm,373776.936632311,702706.038155635,1203.51961155362,1814.6188082329,2085.11866200836,1984,UP,3107361.06975484,5841662.3661151,BRA
108345,76,pelagic<30cm,4811620.30553326,9045915.65352937,15492.8751175342,23359.5384005327,26841.6756367051,1984,UP,39149433.1939123,73598382.2019654,BRA
108411,76,pelagic>=90cm,509553.664668839,957968.247461344,1640.70537388783,2473.79004184429,2842.55060001447,1984,UP,4167542.52220554,7834717.91334284,BRA
108494,76,rays<90cm,167358.233959164,314635.89647281,538.874652191209,812.493680833189,933.609708542001,1984,UP,1364672.13961387,2565496.04202117,BRA
108553,76,rays>=90cm,750896.568199618,1411696.39105711,2417.80232407851,3645.46579029021,4188.88458367153,1984,UP,6078449.63884746,11427076.5134735,BRA
108563,76,reef-associated30-90cm,697937.093370738,1312131.81365138,2247.27878362573,3388.35720578395,3893.44958361295,1984,UP,5693106.13671468,10702675.1956127,BRA
108642,76,reef-associated>=90cm,82156.7806051358,154455.933870121,264.535574536145,398.856175164703,458.312484429214,1984,UP,675971.242887582,1270785.46988787,BRA
108667,76,shark>=90cm,24581.223347932,46213.0548435527,79.148768893459,119.337352963567,137.1266188855,1984,UP,199822.535838952,375653.297806816,BRA
108700,76,shrimp,3241591.27494443,6094238.40502192,10437.5585802248,15737.3340075936,18083.2517995596,1984,UP,26593885.5818904,49994858.6073643,BRA
108963,76,benthopelagic>=90cm,1801768.6640695,2583178.96851514,22.6787612164143,9130.56738066599,3032.21353490959,1984,I,16314045.082441,23388724.6610732,BRA
109037,76,cephalopods,312344.119050418,447804.857171889,3.93145792495726,1582.82196922179,525.646873664106,1984,I,2709923.07412629,3885093.80345345,BRA
109119,76,demersal30-90cm,20636977.6289533,29587042.8029451,259.756481067017,104579.083059903,34730.164939601,1984,I,163661229.809113,234633307.518027,BRA
109211,76,demersal<30cm,30746769.4040949,44081357.2010147,387.007863660306,155811.040218568,51744.0291870035,1984,I,267326990.356916,383254669.714012,BRA
109336,76,demersal>=90cm,17079711.0408305,24487022.7953344,214.981365846092,86552.4279617464,28743.6073360155,1984,I,135566187.312702,194354790.70512,BRA
109401,76,demersalmollusc,2350399.02478841,3369745.2117625,29.5843408254619,11910.7836068207,3955.50876065563,1984,I,19635268.5827861,28150178.0081953,BRA
109477,76,flatfish<90cm,278411.491947242,399155.965431584,3.5043498489513,1410.86641002764,468.541334407531,1984,I,2389496.34450487,3425712.2210939,BRA
109595,76,lobsterscrab,7220989.69855936,10352665.7407021,90.890192723153,36592.7848078325,12152.2718959717,1984,I,60252122.2120214,86380680.1107731,BRA
109687,76,pelagic30-90cm,13531738.5335316,19400327.6249211,170.323234699723,68572.8711581138,22772.6908289983,1984,I,149193227.947157,213892252.388113,BRA
109785,76,pelagic<30cm,25895502.1809901,37126140.5234935,325.945234953401,131226.961726421,43579.7856696713,1984,I,207023691.391237,296800074.36983,BRA
109863,76,pelagic>=90cm,6656510.82220636,9543377.62805802,83.7851287358564,33732.2553079672,11202.3050532905,1984,I,65433908.5210688,93809772.6729766,BRA
109956,76,rays<90cm,1163816.98495498,1668553.58220418,14.6488991776489,5897.71018433313,1958.59861718743,1984,I,9857917.80982826,14132844.9367207,BRA
110037,76,rays>=90cm,2775449.9104539,3979136.71151247,34.934432506522,14064.753663673,4670.83091840101,1984,I,21385620.0070057,30659522.9853492,BRA
110048,76,reef-associated30-90cm,5192331.16893162,7444196.88310907,65.3555814822424,26312.4398520639,8738.22325925412,1984,I,44331563.0731346,63556145.5516489,BRA
110135,76,reef-associated>=90cm,885572.194871377,1269636.61568336,11.1466475957144,4487.68854568417,1490.33782692371,1984,I,7713872.38870754,11059032.2194964,BRA
110173,76,shark>=90cm,135225.455718303,193871.47761269,1.70207523405896,685.262852906184,227.572199067582,1984,I,1079301.53553549,1547343.52527842,BRA
110225,76,shrimp,16932303.2706479,24275685.6468287,213.125952502481,85805.4305225492,28495.5334046546,1984,I,135835997.732605,194741655.794406,BRA
110443,76,benthopelagic>=90cm,347764.581752485,634064.9062173,106.890013170018,1713.88386784571,391.174902911718,1985,APW,4073103.40100148,7454698.99642789,BRA
110500,76,cephalopods,49024.2814841088,89383.9628088286,15.0682570004115,241.605757391771,55.1438230231045,1985,APW,553602.748284892,1012841.1427337,BRA
110562,76,demersal30-90cm,3520214.95422041,6418263.62410051,1081.98431514145,17348.6316259821,3959.63193263199,1985,APW,34013620.8471952,62051545.8488932,BRA
110651,76,demersal<30cm,5277339.44715174,9621956.68337698,1622.05961333402,26008.2464351031,5936.0925585603,1985,APW,60320778.9440253,110347956.874109,BRA
110790,76,demersal>=90cm,2189237.59706022,3991547.16869742,672.890937894922,10789.1924519022,2462.51300280551,1985,APW,21538228.8618661,39309096.8245814,BRA
110842,76,demersalmollusc,296525.862345837,540643.449519349,91.1411195805909,1461.36472355106,333.540220885698,1985,APW,3133075.01808769,5725359.78630488,BRA
110920,76,flatfish<90cm,55444.2902666372,101089.301650682,17.0415310464859,273.245406916616,62.3652206120784,1985,APW,611059.632024742,1117457.77386513,BRA
111005,76,lobsterscrab,1148588.90921027,2094175.07478947,353.033891530113,5660.57645192592,1291.96352538736,1985,APW,12090661.5360038,22091506.8363775,BRA
111096,76,pelagic30-90cm,381251.681926924,695120.563249986,117.182713365747,1878.91792761306,428.842088838244,1985,APW,5192477.95408953,9537746.00672943,BRA
111190,76,pelagic<30cm,3644166.63425806,6644259.64124089,1120.08249249149,17959.5011508152,4099.05609756602,1985,APW,35368959.5597534,64522664.6047312,BRA
111260,76,pelagic>=90cm,725923.878955238,1323547.25116386,223.122241462709,3577.56163424046,816.538594702892,1985,APW,8971406.23884953,16446381.3338495,BRA
111350,76,rays<90cm,187833.25955356,342468.682414829,57.7330200973059,925.696319537356,211.27987415852,1985,APW,2045700.81592155,3740165.69471548,BRA
111412,76,rays>=90cm,498883.891360321,909594.548687657,153.338518399692,2458.64328397622,561.157944215229,1985,APW,4571373.95209115,8333614.42967531,BRA
111421,76,reef-associated30-90cm,890619.71098257,1623830.41042795,273.743669227823,4389.23005714493,1001.79287154328,1985,APW,9845285.65147022,18005083.5881255,BRA
111502,76,reef-associated>=90cm,128733.387668666,234714.308650509,39.5678980130253,634.435155146095,144.802757569567,1985,APW,1418492.47391568,2593783.00086575,BRA
111536,76,shark>=90cm,17278.6188400667,31503.3974396764,5.31081050884289,85.1540025709756,19.4354526074833,1985,APW,166361.369722248,303451.463779187,BRA
111570,76,shrimp,2968882.22626351,5413041.26164806,912.524957735352,14631.5053921978,3339.47813420955,1985,APW,28908577.9103382,52743518.6684573,BRA
111763,76,benthopelagic>=90cm,156718.935457386,297746.856431739,504.608707091586,760.8288572086,871.666799325601,1985,UP,1273329.19276362,2419070.99397727,BRA
111817,76,cephalopods,37646.0012140001,71522.8091996695,121.213814682465,182.761349153685,209.386117190273,1985,UP,308988.11987501,587017.262464947,BRA
111876,76,demersal30-90cm,4629292.83930578,8795091.58470545,14905.5471029894,22473.9886749082,25748.0109892388,1985,UP,37727129.3315318,71674042.4439473,BRA
111960,76,demersal<30cm,2711953.95965677,5152381.64372915,8732.03724413004,13165.8170463329,15083.8200950847,1985,UP,22537106.0940088,42816198.1053267,BRA
112096,76,demersal>=90cm,2952084.96612242,5608601.25815078,9505.21884054397,14331.5893807123,16419.4227471437,1985,UP,24137667.7579438,45856800.232171,BRA
112147,76,demersalmollusc,290912.006768879,552697.319318091,936.68790682271,1412.30061965556,1618.04530566485,1985,UP,2369211.21868386,4501030.06382487,BRA
112226,76,flatfish<90cm,46844.5032908622,88998.8408564263,150.831449760434,227.417636556,260.547955678568,1985,UP,381998.147161546,725720.600481483,BRA
112307,76,lobsterscrab,1101660.43891401,2093020.42273666,3547.16198213015,5348.2691821805,6127.40780767317,1985,UP,8986166.15279038,17071931.8505605,BRA
112395,76,pelagic30-90cm,192098.153566681,364963.054297757,618.523860075106,932.58557572171,1068.44512558189,1985,UP,1563434.94917351,2970214.15529214,BRA
112482,76,pelagic<30cm,3977441.84067927,7556654.21824115,12806.6961334285,19309.4249997667,22122.4320382864,1985,UP,32352288.8786304,61462889.7317323,BRA
112549,76,pelagic>=90cm,464244.731451012,882008.348264473,1494.79023085423,2253.78501624029,2582.11758513196,1985,UP,3784070.804508,7188983.64104625,BRA
112635,76,rays<90cm,147257.74718112,279771.753045887,474.145266476045,714.897297993635,819.043906766249,1985,UP,1197594.72527837,2275191.08611297,BRA
112695,76,rays>=90cm,887920.636361994,1686940.87581739,2858.95563932282,4310.61914173683,4938.59237171287,1985,UP,7249896.62796847,13773364.0904722,BRA
112704,76,reef-associated30-90cm,775816.246790159,1473956.21324426,2497.99829287302,3766.38206944508,4315.07056075084,1985,UP,6340568.84012673,12045827.5774107,BRA
112783,76,reef-associated>=90cm,97937.2817179245,186068.886148801,315.341633475963,475.459521914799,544.724711411313,1985,UP,801956.003466362,1523558.60365837,BRA
112808,76,shark>=90cm,21003.2149426395,39903.5458343289,67.6268321121531,101.965036808587,116.819356200747,1985,UP,171595.924793505,325998.384857036,BRA
112841,76,shrimp,3606498.90967426,6851907.90727386,11612.3220632314,17508.5954735676,20059.2567336691,1985,UP,29510513.5039776,56064155.1409227,BRA
113106,76,benthopelagic>=90cm,2253897.96186103,3263975.92887871,28.7451567412381,11420.4756489069,3765.41568037954,1985,I,20448103.3753361,29612603.8419574,BRA
113179,76,cephalopods,313320.952459336,453734.846983139,3.99594837084863,1587.59374576992,523.441454469258,1985,I,2766866.60423933,4006925.93957483,BRA
113258,76,demersal30-90cm,21112600.4239965,30574152.3112517,269.260196633661,106977.309136153,35271.213708567,1985,I,168491461.365007,244005156.544598,BRA
113351,76,demersal<30cm,31822067.6589712,46083036.8559674,405.843715272773,161242.059288731,53162.7050437772,1985,I,281343661.194944,407436756.594015,BRA
113479,76,demersal>=90cm,13093988.3897022,18962022.0791701,166.994582274328,66347.0920521127,21875.1292363661,1985,I,105068972.996458,152158363.422046,BRA
113544,76,demersalmollusc,1817287.4529226,2631699.66101526,23.1768312328623,9208.1751056866,3036.00375295679,1985,I,15313937.3270608,22177324.5449503,BRA
113621,76,flatfish<90cm,344364.981335257,498691.169186277,4.39186934465396,1744.89349128665,575.304349369358,1985,I,2983389.80873081,4320488.20063389,BRA
113737,76,lobsterscrab,7086657.14014413,10262522.4003255,90.3798990512675,35908.0121064319,11839.1384031153,1985,I,59735113.6644312,86507131.8937791,BRA
113830,76,pelagic30-90cm,8263540.98256178,11966823.3925345,105.389323208425,41871.2693129937,13805.2686136266,1985,I,93230107.045717,135014362.934832,BRA
113929,76,pelagic<30cm,21693756.8636869,31415752.3579975,276.671993100387,109922.022286437,36242.1075146722,1985,I,174071932.261428,252086650.789879,BRA
114009,76,pelagic>=90cm,7895700.46514936,11434136.1924853,100.698057894858,40007.4255441652,13190.7454739011,1985,I,81260159.9068294,117679687.89549,BRA
114105,76,rays<90cm,1172657.3920194,1698180.47007445,14.9555219924581,5941.84182988047,1959.06940169418,1985,I,10029655.4509847,14524746.5592678,BRA
114186,76,rays>=90cm,3049699.88014954,4416414.21552789,38.8944408984025,15452.7950275814,5094.9013413566,1985,I,23620865.7337543,34207133.2914585,BRA
114196,76,reef-associated30-90cm,5355201.94920686,7755120.48560665,68.2977322024956,27134.74810785,8946.52807374333,1985,I,46057313.1712088,66699308.6661646,BRA
114286,76,reef-associated>=90cm,772486.918553167,1118674.73603345,9.8519355934073,3914.18253697303,1290.53506646168,1985,I,6649913.55551888,9630273.68821102,BRA
114324,76,shark>=90cm,102746.174054027,148791.579996736,1.31037648009003,520.613709519256,171.650208407213,1985,I,819952.705340817,1187434.91909999,BRA
114375,76,shrimp,17729711.5514309,25675231.4031336,226.116419707843,89836.2492275697,29619.6788914263,1985,I,142383827.308849,206196767.932099,BRA
114593,76,benthopelagic>=90cm,438241.072029418,805356.122452756,131.72370448498,2151.57935167616,493.386302937888,1986,APW,5258974.84418038,9705144.41316857,BRA
114649,76,cephalopods,93703.214933786,172198.505929552,28.1647143114008,460.043376362665,105.494180578473,1986,APW,1082921.0918455,1997807.73026967,BRA
114713,76,demersal30-90cm,3235877.81528009,5946576.38540536,972.619501672003,15886.7991529471,3643.05833920697,1986,APW,32282993.6188458,59387021.6669763,BRA
114803,76,demersal<30cm,7186971.52689221,13207505.8466627,2160.21403280696,35285.0075569999,8091.33040532354,1986,APW,80527277.8896605,148456888.241505,BRA
114941,76,demersal>=90cm,1874058.16326953,3443958.84354802,563.292442086781,9200.83740498928,2109.87670412611,1986,APW,18855134.2568028,34698936.2411256,BRA
114995,76,demersalmollusc,260203.914308823,478177.032801517,78.2104318874743,1277.49178473759,292.946178449882,1986,APW,2802757.72179346,5163688.08152237,BRA
115075,76,flatfish<90cm,102191.786628609,187797.96390287,30.7161550156015,501.718693327428,115.050895530673,1986,APW,1162145.46582793,2143228.64229661,BRA
115162,76,lobsterscrab,1092205.71577205,2007147.70092536,328.288223362838,5362.27071313862,1229.641342508,1986,APW,11855936.0774315,21848238.6383539,BRA
115252,76,pelagic30-90cm,801920.359121479,1473689.96691082,241.0361035223,3937.09169791982,902.828480692951,1986,APW,10559700.7758228,19537173.138569,BRA
115349,76,pelagic<30cm,4165677.40866715,7655270.16830594,1252.092729278,20451.724108667,4689.85749413328,1986,APW,42383943.1393954,77987398.0081612,BRA
115419,76,pelagic>=90cm,916922.49665051,1685029.5274072,275.602712053228,4501.70382649155,1032.3016932393,1986,APW,11375271.7259645,21019400.6653318,BRA
115506,76,rays<90cm,204322.831900393,375484.303344395,61.4140527818327,1003.13917213897,230.033406431535,1986,APW,2240151.20270402,4129087.15316486,BRA
115570,76,rays>=90cm,430124.510820111,790440.308576828,129.284080318267,2111.73044973803,484.248409702358,1986,APW,4022354.18425138,7393302.90012962,BRA
115583,76,reef-associated30-90cm,339078.172309165,623124.347507404,101.917952965306,1664.73121920329,381.745428532825,1986,APW,3809285.07039901,7024046.21797688,BRA
115662,76,reef-associated>=90cm,188918.549202385,347175.835301031,56.7839318017997,927.510622703986,212.690755149251,1986,APW,2186349.48221332,4033180.90233513,BRA
115699,76,shark>=90cm,18606.5922581229,34193.3560076162,5.59265074980687,91.350542572941,20.9479173688488,1986,APW,185143.107129311,340547.594356104,BRA
115733,76,shrimp,2654469.7660499,4878122.14417574,797.863580901425,13032.3301552581,2988.48991507543,1986,APW,26555447.1183475,48855581.2405504,BRA
115926,76,benthopelagic>=90cm,138891.225351256,266524.551353007,447.975324511289,675.439304585196,1791.3629840057,1986,UP,1131003.41316904,2170250.38035958,BRA
115979,76,cephalopods,61701.7766658508,118402.28424769,199.010940791284,300.060749103878,795.804619673137,1986,UP,504245.998228979,967584.076327374,BRA
116041,76,demersal30-90cm,3389662.8958972,6504574.93108125,10932.9104983643,16484.2058480863,43718.5043519592,1986,UP,27602467.0205103,52965591.3981053,BRA
116126,76,demersal<30cm,5169703.91090201,9920374.8256699,16674.1979650385,25140.6898143508,66676.7551430177,1986,UP,41839575.4148335,80284684.7609884,BRA
116260,76,demersal>=90cm,2212838.91682775,4246315.0428146,7137.22000328048,10761.2152989597,28540.3035011575,1986,UP,18156707.510778,34840443.0797671,BRA
116313,76,demersalmollusc,205868.14101928,395049.534513628,664.000530245259,1001.15348291189,2655.20421808756,1986,UP,1677531.28630196,3218967.75307658,BRA
116394,76,flatfish<90cm,67119.7429372409,128799.060761656,216.485876248718,326.408758932136,865.683362571503,1986,UP,548924.0122931,1053315.64505054,BRA
116477,76,lobsterscrab,940218.07106915,1804226.28522392,3032.54935244023,4572.35680998072,12126.5533164316,1986,UP,7678624.67301102,14734302.8113217,BRA
116564,76,pelagic30-90cm,413228.959530665,792963.434273455,1332.81549482376,2009.56597764894,5329.66038819478,1986,UP,3380053.8913733,6485894.41943416,BRA
116654,76,pelagic<30cm,3924791.15595175,7531456.3562156,12658.8961057836,19086.5780204178,50620.372733729,1986,UP,31998292.933421,61400624.7654906,BRA
116721,76,pelagic>=90cm,487119.782418089,934755.821584964,1571.1405961949,2368.90304808007,6282.67440793219,1986,UP,3984575.32625489,7645896.74362968,BRA
116805,76,rays<90cm,154070.80810086,295653.328004177,496.935066143653,749.258847831046,1987.14311757083,1986,UP,1262283.36007948,2422163.55894258,BRA
116867,76,rays>=90cm,712520.681791245,1367287.63508193,2298.14146170287,3465.04592060823,9189.80426208617,1986,UP,5803357.34380628,11135895.6743456,BRA
116880,76,reef-associated30-90cm,267781.325982566,513857.499548451,863.693340610438,1302.2423277291,3453.73549668087,1986,UP,2177495.32862331,4178333.13880435,BRA
116958,76,reef-associated>=90cm,94092.5491051864,180558.378490062,303.483104226995,457.579705078762,1213.5677333935,1986,UP,771943.600735241,1481263.21004787,BRA
116986,76,shark>=90cm,17864.6408597141,34281.254112176,57.6200423473023,86.8771988182368,230.410929687707,1986,UP,146115.96443726,280377.993319869,BRA
117019,76,shrimp,2777743.21615445,5330335.03439193,8959.24429724653,13508.3907676004,35826.2112232639,1986,UP,22766532.9144977,43686107.5390395,BRA
117291,76,benthopelagic>=90cm,2512654.25735314,3671718.77558373,32.4411983830337,12730.1310685321,4060.32717355469,1986,I,23324070.5114413,34086799.2897471,BRA
117364,76,cephalopods,525380.909954102,767734.337410922,6.78325968509259,2661.79392769533,848.990018786227,1986,I,4747193.2975237,6937753.9499395,BRA
117445,76,demersal30-90cm,16896114.2293524,24690137.7970212,218.147877692584,85602.6045203392,27303.2995017755,1986,I,138808158.781286,202860156.114918,BRA
117541,76,demersal<30cm,37814609.1058017,55258143.7891071,488.229223017122,191584.229630248,61106.5706554376,1986,I,331752515.499704,484837464.857198,BRA
117669,76,demersal>=90cm,9670701.5186592,14131708.0275628,124.859656099449,48995.7173761221,15627.3836914244,1986,I,79101407.1790344,115602290.029623,BRA
117737,76,demersalmollusc,1374913.18669835,2009148.11404093,17.7516788545816,6965.87086078481,2221.79289366726,1986,I,11788646.8597733,17228438.3015639,BRA
117814,76,flatfish<90cm,550653.062566397,804664.303789873,7.1095516586351,2789.83295821334,889.82858926827,1986,I,4891995.19526433,7149374.38935983,BRA
117933,76,lobsterscrab,5846703.64761327,8543734.77584204,75.4875336962731,29621.7848258147,9447.98896491754,1986,I,50305768.0289606,73519057.9511697,BRA
118025,76,pelagic30-90cm,9205553.0531549,13451990.812499,118.854065157986,46639.085573371,14875.7263757801,1986,I,98938637.3499978,144592511.851608,BRA
118126,76,pelagic<30cm,21552335.5051781,31494231.5284568,278.264942219991,109192.920200217,34827.5268072203,1986,I,179563627.020365,262421756.560245,BRA
118208,76,pelagic>=90cm,8419555.62158627,12303419.9263114,108.705952447511,42656.9020739433,13605.5927231286,1986,I,87005792.1758267,127153616.726603,BRA
118303,76,rays<90cm,1142421.14254757,1669409.60796351,14.7499445313256,5787.9713603784,1846.09704863083,1986,I,10009906.6796855,14628916.161208,BRA
118386,76,rays>=90cm,2222780.38555513,3248128.72752313,28.6985999918951,11261.5118303172,3591.90508359918,1986,I,17374779.6446198,25392294.9745609,BRA
118400,76,reef-associated30-90cm,1769233.40512825,2585364.65691163,22.8427972983906,8963.65788177862,2858.99520404782,1986,I,15401725.0922818,22508754.5153354,BRA
118488,76,reef-associated>=90cm,987589.779468501,1443155.9476348,12.7508971292151,5003.53253846409,1595.89709016511,1986,I,8794428.02446921,12852555.2221714,BRA
118531,76,shark>=90cm,95892.020211414,140126.135543136,1.23807405731395,485.828076881358,154.956844640301,1986,I,787307.45160892,1150604.30776797,BRA
118582,76,shrimp,13752614.0985164,20096569.6936247,177.561748079602,69676.3510127654,22223.5560536053,1986,I,112971238.45181,165101022.080049,BRA
118807,76,benthopelagic>=90cm,490310.961679876,913272.045111468,144.129950595714,2407.27912247202,542.430332986936,1987,APW,5880948.66575309,11003178.1298976,BRA
118866,76,cephalopods,87346.2243262198,162694.435078231,25.6759648075739,428.843649603227,96.6310061355652,1987,APW,986633.303391106,1844384.03892894,BRA
118932,76,demersal30-90cm,3415277.89806064,6361427.89853082,1003.94213711155,16767.9856743838,3778.31717475957,1987,APW,33865649.8468484,63140862.2487413,BRA
119025,76,demersal<30cm,9673570.06806073,18018363.4673765,2843.6059663379,47494.3150053758,10701.8570729336,1987,APW,108561073.755843,202925170.274108,BRA
119165,76,demersal>=90cm,1813353.55693573,3377622.04169137,533.046533730871,8903.01971694814,2006.11051064751,1987,APW,17802164.8768017,33190136.2960609,BRA
119222,76,demersalmollusc,251964.254215998,469318.305579857,74.0664564944971,1237.06858746392,278.747702982056,1987,APW,2700917.86292996,5043999.65568901,BRA
119303,76,flatfish<90cm,110728.628170769,206247.39931458,32.5493675546334,543.644208855138,122.498926893402,1987,APW,1250570.55002217,2337720.53039391,BRA
119393,76,lobsterscrab,1229674.95560992,2290439.84185989,361.47058591882,6037.33360952098,1360.38768815591,1987,APW,13403673.808386,25041418.9537326,BRA
119485,76,pelagic30-90cm,485679.468242067,904645.24739645,142.76849435152,2384.53988486553,537.306518257014,1987,APW,5764001.57594593,10790040.1201864,BRA
119582,76,pelagic<30cm,3112322.30185952,5797131.15922764,914.886459132089,15280.5649582074,3443.15782126561,1987,APW,30739936.8852808,57308954.3268534,BRA
119655,76,pelagic>=90cm,953904.569314796,1776779.31954556,280.406169132584,4683.38408481561,1055.30329446114,1987,APW,11571724.9924588,21669361.9826649,BRA
119747,76,rays<90cm,207648.639572908,386774.338223299,61.039606498642,1019.49226903057,229.721400316879,1987,APW,2341677.23015053,4377791.89983359,BRA
119811,76,rays>=90cm,523913.858621177,975862.092672526,154.007730728202,2572.2592240472,579.605171001461,1987,APW,4938847.57671096,9200863.49403577,BRA
119823,76,reef-associated30-90cm,357769.362397726,666394.967299398,105.168524787564,1756.53979631498,395.799746579248,1987,APW,3958011.99306772,7396385.4796501,BRA
119906,76,reef-associated>=90cm,187201.758473823,348689.19149614,55.0291188836992,919.104242173376,207.101044277679,1987,APW,2142833.44275366,4006569.46512912,BRA
119940,76,shark>=90cm,21512.1907666834,40069.433465255,6.32364200421854,105.61837641534,23.798906638496,1987,APW,217674.037002277,405985.392534938,BRA
119975,76,shrimp,2863743.88971213,5334119.45323883,841.815291929923,14060.1198353623,3168.15587064124,1987,APW,28879424.795382,53860782.5774816,BRA
120171,76,benthopelagic>=90cm,138244.028823904,267949.147492829,445.866904946985,672.260313765018,1765.93822327566,1987,UP,1121145.08433426,2172958.71715306,BRA
120226,76,cephalopods,47769.5902313413,92588.5992144671,154.06726444702,232.296468719487,610.211855205675,1987,UP,391474.803393489,758742.714796995,BRA
120289,76,demersal30-90cm,3075792.15868713,5961602.05830778,9920.09522379391,14957.1234234564,39290.3692556301,1987,UP,25103585.1749601,48654819.4344004,BRA
120376,76,demersal<30cm,7290442.48920337,14130576.6798498,23513.2544675452,35452.3460938823,93128.5869328704,1987,UP,58913991.325253,114184674.259584,BRA
120512,76,demersal>=90cm,1661849.59827424,3221051.83787792,5359.82453038729,8081.32938449879,21228.5749474652,1987,UP,13586139.6777732,26332147.9112649,BRA
120567,76,demersalmollusc,168881.609167232,327331.918698774,544.67973063615,821.246346289017,2157.30466895326,1987,UP,1378628.15315001,2672005.3920842,BRA
120649,76,flatfish<90cm,61990.6847113721,120152.394734295,199.933371176641,301.451552802036,791.873041824379,1987,UP,506042.945189941,980793.497335041,BRA
120732,76,lobsterscrab,766905.446619508,1486441.49318783,2473.43600139712,3729.34802724287,9796.50009729394,1987,UP,6236396.13153202,12087139.3628031,BRA
120821,76,pelagic30-90cm,251004.149862296,486504.542329535,809.542693308717,1220.5961442117,3206.34334960872,1987,UP,2061483.34942061,3995494.05133359,BRA
120910,76,pelagic<30cm,2696943.63306355,5227305.31989993,8698.22675684784,13114.8389438168,34450.9335279394,1987,UP,22019847.9410966,42678040.3047162,BRA
120980,76,pelagic>=90cm,443414.434316131,859440.51740829,1430.10749266565,2156.25896667848,5664.20484828647,1987,UP,3626420.37246691,7028595.52463515,BRA
121066,76,rays<90cm,128811.11975609,249665.971252951,415.443732195921,626.389468828031,1645.44162880245,1987,UP,1056174.89122005,2047039.93512087,BRA
121128,76,rays>=90cm,674163.175554884,1306685.35702972,2174.32211048173,3278.35604751257,8611.80428959991,1987,UP,5518512.99776134,10695778.2079235,BRA
121140,76,reef-associated30-90cm,234528.463929061,454570.823110508,756.405041314451,1140.47731456533,2995.88186500279,1987,UP,1898914.32138247,3680398.95764363,BRA
121222,76,reef-associated>=90cm,85494.8827677728,165709.008537394,275.739495533864,415.74899982102,1092.11719781691,1987,UP,703030.235826376,1362588.88145069,BRA
121247,76,shark>=90cm,17111.6233636076,33166.314172871,55.1886878055959,83.2112995354095,218.58499073825,1987,UP,140047.326749016,271434.602687683,BRA
121280,76,shrimp,2291712.44513162,4441872.83310384,7391.26849551596,11144.2594702288,29274.4839545263,1987,UP,18686511.1841077,36217482.2693394,BRA
121561,76,benthopelagic>=90cm,2517813.66723431,3716308.49602542,32.9833165148242,12754.5955227207,4032.23468473496,1987,I,23540871.5665695,34743587.032841,BRA
121635,76,cephalopods,444070.981467748,655451.506496793,5.81732235685586,2249.54921236101,711.171933515411,1987,I,4001332.08886932,5905510.7044763,BRA
121717,76,demersal30-90cm,15896999.704581,23464069.5744346,208.25042762923,80530.1058991642,25458.7678294893,1987,I,130830895.804344,193092400.941993,BRA
121816,76,demersal<30cm,45370620.9802024,66967316.2922683,594.35436852956,229835.879734819,72660.2583682422,1987,I,398609129.559594,588302056.187027,BRA
121947,76,demersal>=90cm,8371207.3491759,12355953.6587573,109.662674884272,42406.3802516604,13406.3426002183,1987,I,68064055.4633116,100455240.497113,BRA
122014,76,demersalmollusc,1201982.23386867,1774133.18782421,15.7459469621652,6088.93240115395,1924.9535884696,1987,I,10361220.7186142,15292010.3548433,BRA
122091,76,flatfish<90cm,527656.210851361,778823.820398704,6.91228745002426,2672.9704552971,845.03222089019,1987,I,4685737.52621392,6915616.37930886,BRA
122214,76,lobsterscrab,5932713.84601835,8756722.21394528,77.718451179133,30053.6002495879,9501.13777513956,1987,I,51393688.7354773,75851320.9141177,BRA
122305,76,pelagic30-90cm,3415467.00310193,5041250.35410772,44.7425600532995,17301.8761128642,5469.81084966594,1987,I,33765407.4047377,49833897.9052153,BRA
122406,76,pelagic<30cm,14376276.7945341,21219473.1834253,188.328983192668,72826.5153308084,23023.3566060296,1987,I,117901874.002634,174010578.168763,BRA
122488,76,pelagic>=90cm,7223076.39530103,10661305.2922156,94.6221787804756,36590.2445644334,11567.6308976493,1987,I,73749313.7024162,108845613.646794,BRA
122583,76,rays<90cm,1046489.10534093,1544624.37144862,13.7089896047351,5301.24426253472,1675.93405447992,1987,I,9207181.89278337,13588759.225064,BRA
122667,76,rays>=90cm,2430751.94908923,3587804.86327784,31.8428094775986,12313.5632831613,3892.80686122854,1987,I,19329664.922523,28528534.7977084,BRA
122681,76,reef-associated30-90cm,1669021.82152326,2463486.49866214,21.8641576721281,8454.8346564133,2672.9093442876,1987,I,14520951.8683223,21431291.3675707,BRA
122771,76,reef-associated>=90cm,872581.897525692,1287936.26051556,11.4308081196532,4420.27514117574,1397.42469359927,1987,I,7767961.55524237,11464629.9489671,BRA
122810,76,shark>=90cm,99212.2989699196,146437.964957561,1.29967944080737,502.58395238221,158.886766826648,1987,I,826107.607911399,1219245.991599,BRA
122860,76,shrimp,13335516.2892995,19683304.2610525,174.695038152571,67554.2906808919,21356.59680473,1987,I,110943536.32036,163740710.566983,BRA
123086,76,benthopelagic>=90cm,529908.417141883,991941.264579938,152.283854325272,2601.68825798902,575.427779471708,1988,APW,6300856.94393639,11842992.5164837,BRA
123147,76,cephalopods,96644.1888478404,180909.296397081,27.7733832862443,474.493409039353,104.945966488898,1988,APW,1103014.06639673,2072232.15595743,BRA
123213,76,demersal30-90cm,3810446.15656166,7132815.13726459,1095.03719633266,18708.125220384,4137.76513023326,1988,APW,38243193.4723624,71668755.2962022,BRA
123306,76,demersal<30cm,10402927.7906356,19473352.4023529,2989.56930854206,51075.1937619395,11296.5437893152,1988,APW,104654854.552806,196165468.369215,BRA
123445,76,demersal>=90cm,1969431.68288897,3686600.34608511,565.970718333271,9669.30722089638,2138.60671664439,1988,APW,19338906.3623198,36235044.3832851,BRA
123504,76,demersalmollusc,281792.840512626,527491.048500981,80.9809742332125,1383.51666180606,305.998967447595,1988,APW,3021888.06454474,5670922.09188356,BRA
123588,76,flatfish<90cm,118518.049877284,221855.212085344,34.0594428368839,581.887376668952,128.698801645837,1988,APW,1340244.06209909,2517751.57857231,BRA
123678,76,lobsterscrab,1388033.85602188,2598275.50173347,398.889956625063,6814.82170896795,1507.26656487204,1988,APW,14938683.8999992,28038035.2836709,BRA
123770,76,pelagic30-90cm,557296.262085907,1043208.86605421,160.154509809919,2736.15420021128,605.168252147453,1988,APW,6683990.50803783,12573469.443766,BRA
123867,76,pelagic<30cm,2968690.02301058,5557122.77878858,853.135267107833,14575.3600520895,3223.70178057278,1988,APW,29849703.6029604,55937089.0026738,BRA
123937,76,pelagic>=90cm,1157718.6590264,2167146.0077128,332.702508429151,5684.04453261839,1257.16719279467,1988,APW,14285943.8091438,26887950.8561903,BRA
124028,76,rays<90cm,238411.63547443,446285.304276942,68.514183944953,1170.52821302083,258.891298125083,1988,APW,2669113.82489881,5013304.72076185,BRA
124091,76,rays>=90cm,554712.759558518,1038372.77989071,159.4120688337,2723.46999295477,602.36282563505,1988,APW,5095178.32876823,9536233.12949328,BRA
124103,76,reef-associated30-90cm,403872.881207112,756013.989502001,116.06405374611,1982.89232396812,438.565736463145,1988,APW,4544868.8507702,8536294.86821325,BRA
124184,76,reef-associated>=90cm,212228.140167943,397272.137840512,60.9896316714005,1041.97525917378,230.458629241874,1988,APW,2438382.4593118,4581346.15607684,BRA
124219,76,shark>=90cm,23818.7404460513,44586.5563830652,6.84497449552068,116.942730732257,25.8647805570042,1988,APW,237660.105210637,445314.533622858,BRA
124258,76,shrimp,2975025.58917389,5568982.39322113,854.955967446744,14606.465744246,3230.58157461099,1988,APW,29429685.0906988,55140355.7392734,BRA
124460,76,benthopelagic>=90cm,144241.566987886,282361.51853624,465.18650226197,701.389631076268,1823.74254863205,1988,UP,1167499.70880574,2285366.35024116,BRA
124517,76,cephalopods,42070.5901639333,82355.7035081407,135.679825830653,204.572623068634,531.926593216155,1988,UP,344051.282689187,673477.380457664,BRA
124581,76,demersal30-90cm,2837670.0449432,5554909.3075386,9151.63243402337,13798.4659172903,35878.5591976838,1988,UP,23141059.986504,45298398.5266218,BRA
124668,76,demersal<30cm,7356416.20849134,14400625.9429272,23724.822162385,35771.3394152917,93012.0874657362,1988,UP,60249101.6453231,117937085.383538,BRA
124803,76,demersal>=90cm,1620944.32294667,3173095.73133212,5227.62914809628,7882.0104662494,20494.682583209,1988,UP,13225875.3978098,25889525.4496372,BRA
124860,76,demersalmollusc,153994.953469684,301454.357551934,496.641677336834,748.816487904487,1947.06113350018,1988,UP,1254282.55373961,2455245.55668854,BRA
124944,76,flatfish<90cm,62781.6923504057,122898.928225207,202.474199916485,305.282512909007,793.790902342166,1988,UP,513211.484021825,1004606.94055639,BRA
125028,76,lobsterscrab,848904.714521958,1661781.89332291,2737.76154231138,4127.8875221001,10733.2697497529,1988,UP,6938380.96673272,13581818.3930211,BRA
125117,76,pelagic30-90cm,266807.481650324,522291.647607672,860.46790642993,1297.37914687813,3373.42533598464,1988,UP,2180385.71729149,4268085.1611592,BRA
125206,76,pelagic<30cm,1932320.67353711,3782633.61299125,6231.83395842277,9396.11037674779,24431.621920933,1988,UP,15852245.9032678,31030649.2998042,BRA
125273,76,pelagic>=90cm,464353.033193063,908998.91291609,1497.56251153288,2257.96495033766,5871.12579199629,1988,UP,3803823.37827398,7445956.63229795,BRA
125359,76,rays<90cm,112327.255310174,219887.339306653,362.261199026044,546.202969137387,1420.22857320612,1988,UP,911891.658947533,1785017.64940554,BRA
125420,76,rays>=90cm,685644.358455517,1342189.95447799,2211.23846312874,3334.01704979416,8669.0599378324,1988,UP,5576507.96376222,10915953.6651255,BRA
125432,76,reef-associated30-90cm,206634.337027556,404499.108011838,666.406407642135,1004.78096877316,2612.61604622735,1988,UP,1680804.60665209,3290157.28893944,BRA
125512,76,reef-associated>=90cm,78532.4448191542,153731.970863587,253.271190007049,381.87218601036,992.938194278063,1988,UP,646433.229345314,1265389.1355459,BRA
125540,76,shark>=90cm,15991.6387500088,31304.5919815519,51.5738607871498,77.7610077136477,202.192978208518,1988,UP,130537.773673433,255526.480917533,BRA
125575,76,shrimp,2233944.07707654,4373079.5158468,7204.58501086134,10862.7855671959,28245.248229806,1988,UP,18274590.3975164,35772350.2968604,BRA
125859,76,benthopelagic>=90cm,2298322.65449416,3423309.38089484,30.4851816005586,11641.5807625734,3646.84256722063,1988,I,21512359.6153806,32043987.3979453,BRA
125934,76,cephalopods,419932.094449032,625481.141847153,5.57002130843077,2127.06139530307,666.32343130077,1988,I,3834544.27034321,5711790.40348487,BRA
126018,76,demersal30-90cm,14933584.7698402,22243300.2315916,198.080562259484,75642.3528406169,23695.7298024968,1988,I,124407481.630998,185312617.781415,BRA
126117,76,demersal<30cm,43427159.1733418,64683955.9680684,576.0221834854,219969.454600733,68907.649818935,1988,I,360179216.474284,536509452.862156,BRA
126244,76,demersal>=90cm,7675155.41739665,11432003.0256946,101.804029235984,38876.5874461569,12178.483047828,1988,I,62625003.8295405,93283862.9253025,BRA
126313,76,demersalmollusc,1122468.7705643,1671896.61752692,14.8885380582648,5685.58588605427,1781.06711208076,1988,I,9701512.50601123,14451005.1348803,BRA
126390,76,flatfish<90cm,480282.247678306,715371.586639242,6.37051177795576,2432.75005980736,762.083488011886,1988,I,4284482.25998594,6382003.32241299,BRA
126511,76,lobsterscrab,5548612.80918263,8264556.86867373,73.5973553532006,28105.1157077706,8804.21090658673,1988,I,48016295.2083632,71523259.1386847,BRA
126600,76,pelagic30-90cm,3256467.12240079,4850447.96773489,43.1941056702876,16494.8228361076,5167.16958669993,1988,I,32716350.7607064,48732943.1043884,BRA
126701,76,pelagic<30cm,11561994.341509,17221378.2141273,153.359449543044,58564.401582126,18345.8893572361,1988,I,96574189.477044,143853192.290491,BRA
126780,76,pelagic>=90cm,7687512.09138596,11450408.0646484,101.967929395871,38939.1770994948,12198.0898878882,1988,I,79663138.0628191,118662981.821841,BRA
126875,76,rays<90cm,989927.000426824,1474478.0852835,13.1304907604237,5014.22857316667,1570.7576638721,1988,I,8809210.21336847,13121868.8872395,BRA
126959,76,rays>=90cm,2157713.26602394,3213874.27932163,28.6201246061125,10929.358939127,3423.73189900294,1988,I,16855599.2950776,25107485.4887527,BRA
126974,76,reef-associated30-90cm,1579934.84088848,2353283.92705876,20.9564137773926,8002.76628429046,2506.94723820454,1988,I,13970398.4377114,20809774.4201646,BRA
127065,76,reef-associated>=90cm,838134.72890848,1248386.28480457,11.1171028865542,4245.36264193641,1329.90265769367,1988,I,7531971.30010496,11219336.215994,BRA
127105,76,shark>=90cm,92640.3466434494,137986.094812988,1.22879082510102,469.246593907797,146.996227409925,1988,I,769556.571325536,1146301.91151942,BRA
127156,76,shrimp,11705220.0340145,17434710.2525077,155.259209455934,59289.8756417918,18573.1514220847,1988,I,96622881.9154944,143925773.31861,BRA
127385,76,benthopelagic>=90cm,624680.161321039,1185126.04001944,174.95813349382,3066.93719081029,664.05917214531,1989,APW,7395659.08111513,14092490.6781153,BRA
127446,76,cephalopods,113629.509232163,215574.783135235,31.8249371054718,557.876797464908,120.792563145301,1989,APW,1300641.34083338,2477551.59802316,BRA
127512,76,demersal30-90cm,4319810.48354023,8195425.76983081,1209.87671138609,21208.5932122518,4592.12562066638,1989,APW,43120724.1897532,81899770.524841,BRA
127604,76,demersal<30cm,9343207.99023492,17725677.5101179,2616.81150135956,45871.5256878485,9932.19145947588,1989,APW,103382923.188392,196883876.106913,BRA
127742,76,demersal>=90cm,2334537.4049601,4429020.22719391,653.84869287279,11461.6727630162,2481.70355402617,1989,APW,23209316.7402624,44082825.2293165,BRA
127801,76,demersalmollusc,350885.447894614,665690.231756984,98.2747121406254,1722.71139135642,373.004802255893,1989,APW,3739185.68949794,7112404.28468331,BRA
127885,76,flatfish<90cm,137111.628614919,260124.414896386,38.4017231666743,673.164891618115,145.754964263584,1989,APW,1554671.76215899,2960737.08768895,BRA
127972,76,lobsterscrab,1647962.18053234,3126468.57391135,461.555216616149,8090.8548301504,1751.84753589233,1989,APW,17924658.7383281,34110884.0224893,BRA
128063,76,pelagic30-90cm,630051.503574562,1195316.40297422,176.462519375141,3093.30839697612,669.769116707404,1989,APW,7609944.30737894,14517483.1924576,BRA
128159,76,pelagic<30cm,3787461.0424993,7185467.03569525,1060.77822813343,18594.9640299471,4026.21757524028,1989,APW,37302547.4465573,70832727.8386079,BRA
128229,76,pelagic>=90cm,1389876.67868965,2636835.85028133,389.271573753659,6823.75516376049,1477.49266549925,1989,APW,17079556.947946,32592990.6697474,BRA
128320,76,rays<90cm,266717.187683368,506008.520865871,74.7011738440991,1309.47789442293,283.530686288144,1989,APW,2997460.21058686,5707830.80818031,BRA
128384,76,rays>=90cm,616799.263737622,1170174.61763862,172.750880539708,3028.24504178409,655.681473205842,1989,APW,5729064.22060353,10870206.8100303,BRA
128397,76,reef-associated30-90cm,470232.244563921,892111.695545093,131.700926188421,2308.65785159795,499.875063073547,1989,APW,5334644.53090393,10159880.2996927,BRA
128479,76,reef-associated>=90cm,242014.012373144,459142.335345588,67.7823989073259,1188.19488948515,257.270255492363,1989,APW,2769542.19227527,5274924.315818,BRA
128513,76,shark>=90cm,26826.9296014434,50895.3138149998,7.51358826653448,131.709814404739,28.5180637474728,1989,APW,270367.844840098,513619.465564048,BRA
128550,76,shrimp,3500910.07867051,6641830.41962598,980.522082850502,17188.1099909608,3721.60281780155,1989,APW,35047107.7693921,66570105.9892389,BRA
128747,76,benthopelagic>=90cm,154838.680855995,306154.362635496,499.33521712591,752.877699633037,1936.46319513679,1989,UP,1254367.20120489,2480106.35740131,BRA
128804,76,cephalopods,52321.2373581201,103452.024953463,168.729391596994,254.403438510115,654.346510238257,1989,UP,427377.364555082,845002.059035107,BRA
128868,76,demersal30-90cm,3117153.08413995,6163382.49871616,10052.4255533494,15156.6458098022,38984.1361840202,1989,UP,25376040.8466808,50172969.663876,BRA
128954,76,demersal<30cm,4494547.69782049,8886832.270554,14494.349462078,21854.001292953,56210.2838095782,1989,UP,36581999.8957993,72329156.5739865,BRA
129089,76,demersal>=90cm,1588038.89362928,3139945.6042358,5121.22514458935,7721.57875896239,19860.5338986249,1989,UP,13021369.0653001,25745607.4890557,BRA
129146,76,demersalmollusc,200044.66104431,395537.764608147,645.118801743991,972.684366711844,2501.82397159658,1989,UP,1633406.93963907,3229539.94489054,BRA
129230,76,flatfish<90cm,64909.0494985326,128341.242437869,209.323498144045,315.609611252575,811.773806715132,1989,UP,530886.243886338,1049657.8992915,BRA
129311,76,lobsterscrab,967803.68664507,1913587.21995746,3121.04482765271,4705.78675347518,12103.6695026411,1989,UP,7905779.87889562,15631149.797347,BRA
129398,76,pelagic30-90cm,278077.281992545,549827.553174627,896.764162636267,1352.10519250977,3477.72545597342,1989,UP,2270357.49445261,4488904.84906298,BRA
129486,76,pelagic<30cm,2869487.14378372,5673685.68848047,9253.73413193719,13952.4107800148,35886.7449150076,1989,UP,23377123.1104007,46220757.3010761,BRA
129553,76,pelagic>=90cm,529302.773630439,1046562.47654769,1706.93468799252,2573.64795681054,6619.6336377499,1989,UP,4327922.86894913,8557084.41270823,BRA
129638,76,rays<90cm,131042.867196116,259104.154482348,422.596719259254,637.174457070486,1638.8649651858,1989,UP,1070547.63000204,2116665.57073328,BRA
129699,76,rays>=90cm,771008.715592643,1524474.89609014,2486.40586627366,3748.90347155742,9642.4872171535,1989,UP,6233941.78387295,12325601.7241699,BRA
129712,76,reef-associated30-90cm,219459.101845357,433924.915134811,707.727924730417,1067.08390208084,2744.62731929724,1989,UP,1786749.27571959,3532722.95352084,BRA
129792,76,reef-associated>=90cm,86833.2337167385,171690.776343228,280.026227115805,422.212362511384,1085.96482660272,1989,UP,713633.387775484,1410983.4027586,BRA
129817,76,shark>=90cm,18172.9325073858,35932.3816132935,58.6054153214432,88.3629048381763,227.276638845732,1989,UP,148213.117383382,293043.935743736,BRA
129852,76,shrimp,2581764.52308057,5104786.91544642,8325.86496845304,12553.4067093922,32288.3916978414,1989,UP,21057915.7574255,41635276.5829106,BRA
130112,76,benthopelagic>=90cm,2351023.57643415,3533680.88406889,31.7381558717728,11906.8882067031,3683.83926289767,1989,I,22069337.3572998,33175960.2614275,BRA
130189,76,cephalopods,419795.195971199,630968.687041974,5.66711686667278,2126.07585829546,657.780738906955,1989,I,3843986.02835516,5778507.53181686,BRA
130270,76,demersal30-90cm,14665316.2804819,22042547.0499805,197.977637776283,74273.3008796485,22979.2114627757,1989,I,122564305.783363,184245403.934005,BRA
130370,76,demersal<30cm,32024942.2895531,48134747.5696711,432.327697756217,162192.081563971,50180.1602420434,1989,I,279108336.258373,419572942.054986,BRA
130499,76,demersal>=90cm,7905114.88086104,11881698.5167097,106.716823594587,40035.8890872203,12386.5931706229,1989,I,65612611.2760891,98632540.996219,BRA
130564,76,demersalmollusc,1211073.11180494,1820290.50975569,16.3491457847806,6133.54638249815,1897.64097826421,1989,I,10497968.4211774,15781154.4395902,BRA
130640,76,flatfish<90cm,486927.776856105,731871.595948998,6.57338779375178,2466.07250640922,762.97136300889,1989,I,4405466.24234838,6622559.6284343,BRA
130751,76,lobsterscrab,5776721.04426522,8682638.88602916,77.9841064838318,29256.5214423326,9051.59438083904,1989,I,50637473.0389776,76121221.4225565,BRA
130835,76,pelagic30-90cm,3068515.05468342,4612098.78960826,41.4240886721077,15540.6632595819,4808.08289229506,1989,I,30877294.4500943,46416424.1479899,BRA
130934,76,pelagic<30cm,12900861.3634117,19390501.9264224,174.15799353791,65337.1219089608,20214.4717271689,1989,I,106728148.754113,160439620.323046,BRA
131015,76,pelagic>=90cm,8333816.77641708,12526054.3234635,112.504178396158,42207.0734154224,13058.3298944729,1989,I,87434147.8792791,131435729.996946,BRA
131111,76,rays<90cm,959385.790720045,1441994.56913005,12.9514378640216,4858.86210232269,1503.26992870104,1989,I,8572704.82952593,12886995.7528076,BRA
131195,76,rays>=90cm,2092894.30574867,3145702.43987848,28.2534834464505,10599.578318475,3279.37426655061,1989,I,16583346.0911247,24929047.1612228,BRA
131210,76,reef-associated30-90cm,1598219.37694759,2402186.56991694,21.5755112842319,8094.26993495515,2504.2638238674,1989,I,14267847.0639732,21448277.4459904,BRA
131295,76,reef-associated>=90cm,827257.709107459,1243400.86682815,11.1677459898555,4189.69216608863,1296.2372899582,1989,I,7464249.98300097,11220697.1600907,BRA
131329,76,shark>=90cm,90428.0035195246,135916.845166699,1.2207525690699,457.977597270809,141.692424172082,1989,I,758881.214892955,1140792.14036563,BRA
131375,76,shrimp,11972600.714028,17995289.6686466,161.626736312298,60635.8947967861,18759.9720527806,1989,I,100311586.808215,150793913.262323,BRA
131598,76,benthopelagic>=90cm,761923.488537799,1457964.00679628,207.743647627565,3740.72514118123,792.456956084988,1990,APW,9044907.52366595,17386051.2040284,BRA
131659,76,cephalopods,150333.109117392,287667.023553194,40.9893498718281,738.072587716885,156.357586873437,1990,APW,1707588.28944963,3280436.53093316,BRA
131731,76,demersal30-90cm,6192824.30290463,11850159.5893513,1688.51588008002,30404.1730085661,6440.9967279877,1990,APW,61494138.4454134,117794127.703864,BRA
131824,76,demersal<30cm,5928781.5291028,11344905.628489,1616.52281281737,29107.8336028822,6166.3726535878,1990,APW,64699387.9141924,124170177.098426,BRA
131962,76,demersal>=90cm,3151170.13735674,6029860.88324208,859.188079220197,15470.925275675,3277.45073189426,1990,APW,31163509.5692766,59704550.1845611,BRA
132022,76,demersalmollusc,452250.553645654,865395.330618346,123.309205017733,2220.36076008372,470.374128795486,1990,APW,4818271.41711148,9243810.44101767,BRA
132109,76,flatfish<90cm,191949.279300924,367300.843931587,52.3362831588014,942.390549332647,199.641491417246,1990,APW,2159011.05463031,4146898.10363079,BRA
132196,76,lobsterscrab,2507088.76558777,4797391.38779542,683.574890293532,12308.7555610145,2607.55832009501,1990,APW,27509082.9775508,52815294.5898208,BRA
132292,76,pelagic30-90cm,892116.759629497,1707092.8314543,243.24173298658,4379.91956124035,927.867617213274,1990,APW,10698255.2401067,20582674.5219613,BRA
132388,76,pelagic<30cm,2574818.95496879,4926995.18630875,702.041989429066,12641.2824171176,2678.00274203421,1990,APW,26032030.845226,49881245.6496193,BRA
132457,76,pelagic>=90cm,1890515.17455683,3617558.87601738,515.461885827154,9281.63752612611,1966.27604109814,1990,APW,23573756.7766889,45392477.1261296,BRA
132548,76,rays<90cm,393259.471361004,752514.082058819,107.224883172203,1930.73925880783,409.019026601215,1990,APW,4307262.85913532,8267454.56428781,BRA
132612,76,rays>=90cm,847485.707724766,1621689.9422647,231.072771588714,4160.79979337784,881.448012001774,1990,APW,7619131.02045259,14571553.9572927,BRA
132625,76,reef-associated30-90cm,642897.626338304,1230204.36219234,175.290432642957,3156.3580204945,668.661228727878,1990,APW,7214334.56424267,13857055.4928652,BRA
132711,76,reef-associated>=90cm,341109.952208622,652724.374772307,93.0059602833308,1674.70696642084,354.779657648171,1990,APW,3908929.97057278,7509671.70611881,BRA
132745,76,shark>=90cm,39146.2198080261,74907.494441164,10.6734844326122,192.191539991912,40.7149729047409,1990,APW,391670.03758316,750255.868440352,BRA
132783,76,shrimp,5127715.60130826,9812041.36145264,1398.10671155034,25174.9354826321,5333.20465665189,1990,APW,51679923.9041201,99024888.0371702,BRA
132983,76,benthopelagic>=90cm,158587.469322947,316535.275586659,511.394296253827,771.059897567675,1960.4509363869,1990,UP,1288904.47626972,2572524.12951899,BRA
133040,76,cephalopods,62318.1899740192,124385.019331623,200.95639990747,302.994034668143,770.374572531403,1990,UP,507620.875155602,1013160.87459558,BRA
133109,76,demersal30-90cm,3868409.29139681,7721215.34167833,12474.3931890802,18808.3918906616,47821.0961434978,1990,UP,31521584.649859,62913944.8836187,BRA
133196,76,demersal<30cm,2437789.36105732,4865745.89101441,7861.09760143947,11852.6490337055,30135.8389537484,1990,UP,19706495.4975631,39332155.4484341,BRA
133331,76,demersal>=90cm,2282523.85077953,4555841.13438574,7360.41556962452,11097.7406606688,28216.4539209194,1990,UP,18714065.0356103,37351456.2856764,BRA
133389,76,demersalmollusc,219733.135771746,438579.97724519,708.569679630918,1068.35306650468,2716.33082751146,1990,UP,1789278.39381079,3571221.41942738,BRA
133476,76,flatfish<90cm,81994.5339123031,163658.342612666,264.406369215423,398.66136454188,1013.61262319937,1990,UP,667556.134978932,1332375.44804168,BRA
133557,76,lobsterscrab,1162348.89661664,2320009.45528146,3748.2065797784,5651.39619788005,14368.9031202078,1990,UP,9476892.25401883,18914936.9873738,BRA
133649,76,pelagic30-90cm,318908.20718553,636530.09710845,1028.37783388233,1550.54703007601,3942.328458027,1990,UP,2616860.21803723,5222999.0038247,BRA
133737,76,pelagic<30cm,1419742.98915112,2833759.44046388,4578.22090167616,6902.85864615213,17550.7969475323,1990,UP,11605293.3237937,23163024.0417015,BRA
133803,76,pelagic>=90cm,588316.674997927,1174260.372826,1897.13470597278,2860.42394836058,7272.74343499991,1990,UP,4820458.13788706,9621170.66734503,BRA
133889,76,rays<90cm,150540.526996251,300473.8483006,485.445459150085,731.935277238941,1860.97500876933,1990,UP,1230418.15961273,2455793.5271978,BRA
133950,76,rays>=90cm,995791.79169978,1987567.05405736,3211.11273611805,4841.58754903382,12309.9319184466,1990,UP,8143917.0173915,16254455.5075862,BRA
133963,76,reef-associated30-90cm,284059.088588837,566972.423945175,916.000477992191,1381.10894060899,3511.52527113701,1990,UP,2303352.28958619,4597258.56832257,BRA
134047,76,reef-associated>=90cm,108231.655812776,216026.758899419,349.012766853907,526.227512179006,1337.95470657756,1990,UP,888920.991990792,1774200.58760637,BRA
134073,76,shark>=90cm,21048.6992854263,42012.4985756932,67.8753800920351,102.339787526991,260.203043784048,1990,UP,173067.903005286,345426.844501855,BRA
134109,76,shrimp,3062648.77546501,6112944.3474049,9876.07105333222,14890.7455373217,37860.3220375355,1990,UP,25113565.7441822,50124229.8394231,BRA
134366,76,benthopelagic>=90cm,2400802.89617436,3644819.58970577,32.9280821690091,12157.6457099204,3715.85942354906,1990,I,22715346.2444855,34485172.0517731,BRA
134445,76,cephalopods,465809.142663898,707176.041378,6.38878008234397,2358.85358767835,720.959348683342,1990,I,4275478.41722257,6490798.75977323,BRA
134531,76,demersal30-90cm,17776631.724226,26987894.6125439,243.814430179284,90020.7138050603,27513.9057090795,1990,I,148851051.395389,225978156.336263,BRA
134632,76,demersal<30cm,17540935.9925727,26630069.144527,240.581758129808,88827.1525987873,27149.1059968874,1990,I,156486403.709265,237569305.038706,BRA
134761,76,demersal>=90cm,8979254.94502595,13632008.0156285,123.154485158877,45470.8716549083,13897.7044542439,1990,I,74423042.7718196,112985304.30665,BRA
134827,76,demersalmollusc,1319126.14404465,2002653.70337914,18.0924032254398,6680.04371851756,2041.68668781972,1990,I,11522136.2404765,17492301.6729807,BRA
134906,76,flatfish<90cm,567683.129368613,861837.760178176,7.78602723263804,2874.74260105244,878.635521981216,1990,I,5126194.70284732,7782311.20126284,BRA
135017,76,lobsterscrab,7388721.01954256,11217311.9908397,101.339603198193,37416.4212098304,11435.9444801537,1990,I,65471495.0083812,99395324.5705179,BRA
135106,76,pelagic30-90cm,3736424.20307571,5672515.70402638,51.2467239077404,18921.2207946567,5783.07661470235,1990,I,37564126.5497462,57027763.4878084,BRA
135207,76,pelagic<30cm,7348044.26334135,11155557.8842931,100.781703350314,37210.4344579353,11372.9867471009,1990,I,62230669.8810734,94475437.689684,BRA
135292,76,pelagic>=90cm,9593503.12779178,14564539.3004972,131.579172860857,48581.4192954203,14848.4113623226,1990,I,101736591.714535,154450793.528489,BRA
135387,76,rays<90cm,1154075.66905018,1752079.52858592,15.8286623696986,5844.229498852,1786.22866423656,1990,I,10244729.0713614,15553003.0372647,BRA
135471,76,rays>=90cm,2427562.48945719,3685445.11959213,33.295101922205,12293.1560656404,3757.27677064938,1990,I,18962051.9181577,28787272.7561436,BRA
135486,76,reef-associated30-90cm,1835920.12574223,2787233.24188891,25.1804631077832,9297.08410301149,2841.55817663891,1990,I,16369367.7406874,24851091.8432774,BRA
135570,76,reef-associated>=90cm,976030.34185754,1481776.9987775,13.3866913220338,4942.60945675513,1510.6577675495,1990,I,8874038.83138638,13472083.9338985,BRA
135602,76,shark>=90cm,112137.420801817,170243.325151278,1.5380147251017,567.862957473598,173.56147498943,1990,I,945894.218651854,1436008.87158465,BRA
135648,76,shrimp,14742203.7141875,22381126.3217509,202.195897058673,74654.395838228,22817.3485972274,1990,I,124830150.783508,189510774.210323,BRA
135876,76,benthopelagic>=90cm,690326.429739416,1334191.94059949,182.921808474578,3389.0710351556,700.916657194163,1991,APW,8214950.10020312,15949871.9817602,BRA
135937,76,cephalopods,154742.46599733,299070.326888776,41.0034593905557,759.688731051575,157.116354408989,1991,APW,1761393.72090667,3417988.93970512,BRA
136009,76,demersal30-90cm,6011133.02989805,11617699.8255576,1592.82229021028,29510.9037731391,6103.34920952686,1991,APW,60440747.5605669,116967965.692825,BRA
136103,76,demersal<30cm,7168648.4116649,13854826.5339414,1899.53922563148,35193.5803795874,7278.62191688228,1991,APW,80871465.3816679,156885976.631317,BRA
136245,76,demersal>=90cm,3322954.08487297,6422263.97255747,880.51209470916,16313.6263585418,3373.93118507435,1991,APW,32436368.4937309,62741985.4591721,BRA
136306,76,demersalmollusc,470572.895515154,909474.905803447,124.691799934769,2310.21861747596,477.791906381398,1991,APW,5084343.22932066,9855478.68472288,BRA
136392,76,flatfish<90cm,197216.02121415,381158.847069409,52.2580473621307,968.207323914582,200.241492110819,1991,APW,2217161.10458882,4301395.86921774,BRA
136480,76,lobsterscrab,2671740.58342064,5163665.47796521,707.954379609525,13116.5753397832,2712.7274836168,1991,APW,29167126.0416619,56552440.9732779,BRA
136578,76,pelagic30-90cm,933044.852271268,1803293.15015228,247.237023548094,4580.66669202748,947.358598327266,1991,APW,11082547.788555,21532524.9731396,BRA
136674,76,pelagic<30cm,4589193.45780392,8869521.23152111,1216.0385733139,22530.069764879,4659.59580726971,1991,APW,45312503.1169589,87657021.8253016,BRA
136743,76,pelagic>=90cm,1822520.83197018,3522380.86336513,482.929223342094,8947.43746799521,1850.47993844516,1991,APW,22798045.4401627,44345175.0665587,BRA
136841,76,rays<90cm,366367.19539626,708076.843562608,97.0795076945559,1798.6338008489,371.987597229446,1991,APW,3995467.638235,7745325.37310952,BRA
136906,76,rays>=90cm,885360.736018258,1711134.19337673,234.601747822369,4346.56750319725,898.942964903041,1991,APW,8060538.29483977,15573990.8983506,BRA
136918,76,reef-associated30-90cm,669361.523592165,1293673.12571413,177.366554638501,3286.14645756812,679.630130556805,1991,APW,7501332.10188164,14551225.0670877,BRA
137003,76,reef-associated>=90cm,268491.977451772,518913.686336761,71.1446584696647,1318.12769257137,272.610885534232,1991,APW,3024515.7876486,5866862.66955242,BRA
137041,76,shark>=90cm,40684.0171108788,78629.8849386892,10.7803984685069,199.733079952192,41.3081464740551,1991,APW,407527.720457987,788586.55648853,BRA
137081,76,shrimp,4313460.49315303,8336612.90968024,1142.97520737984,21176.3933537227,4379.63285128917,1991,APW,42935294.0899417,83069337.6063993,BRA
137283,76,benthopelagic>=90cm,124344.343443593,250808.113785282,400.945951575956,604.530294172238,1518.50436328769,1991,UP,1011727.2370265,2040633.41623803,BRA
137341,76,cephalopods,58648.9469619894,118297.554642704,189.112405095209,285.136132275346,716.226242365494,1991,UP,481991.302502116,972168.320492562,BRA
137410,76,demersal30-90cm,3473919.29834331,7007050.92431506,11201.5861775344,16889.3043076847,42423.8165255714,1991,UP,28364437.1828166,57210527.1664967,BRA
137498,76,demersal<30cm,2349249.12232608,4738540.77205869,7575.10875649361,11421.4464741447,28689.242662013,1991,UP,19352536.6494837,39033754.1803539,BRA
137636,76,demersal>=90cm,1858700.54487687,3749082.3051691,5993.34427302253,9036.52515309019,22698.6190869317,1991,UP,15227192.6545311,30712978.1466235,BRA
137696,76,demersalmollusc,200389.530488525,404194.664367219,646.15219930795,974.242482290469,2447.17506222576,1991,UP,1634753.60979675,3297266.42687025,BRA
137782,76,flatfish<90cm,78111.8663112898,157555.135289849,251.870215405184,379.75985245302,953.909172973721,1991,UP,635682.55509615,1282158.85819448,BRA
137865,76,lobsterscrab,1175931.4446511,2371906.42859872,3791.76839899925,5717.07696927766,14360.5811103095,1991,UP,9594654.83829873,19352234.7724281,BRA
137959,76,pelagic30-90cm,312581.97103027,630491.845356454,1007.91457294616,1519.69334242847,3817.27928870244,1991,UP,2549045.80746948,5141375.61613615,BRA
138048,76,pelagic<30cm,2557618.33628951,5158830.81564074,8246.9912921845,12434.4841301028,31233.866340225,1991,UP,20851848.6293836,42057768.7638056,BRA
138114,76,pelagic>=90cm,503273.845368829,1015125.90262445,1622.7968659164,2446.78830869397,6146.02569732349,1991,UP,4125209.86192502,8320481.5562884,BRA
138206,76,rays<90cm,141867.743761065,286153.597616828,457.449819951139,689.724570449269,1732.50171214007,1991,UP,1169620.28191571,2359105.32448507,BRA
138268,76,rays>=90cm,812963.040482557,1639782.88930428,2621.3837383783,3952.41771683021,9927.97814501627,1991,UP,6594094.49505416,13300147.6189015,BRA
138280,76,reef-associated30-90cm,258298.065735556,520998.775395919,832.877161023021,1255.77892277883,3154.35932979243,1991,UP,2097469.09311981,4230551.41274956,BRA
138364,76,reef-associated>=90cm,89783.7842252365,181097.916852579,289.506090951439,436.505722628235,1096.44768972019,1991,UP,737773.158305978,1488076.24098274,BRA
138394,76,shark>=90cm,19938.6042277007,40217.0583668681,64.2916470808208,96.9363780076063,243.492037346794,1991,UP,163020.514453801,328809.380025416,BRA
138432,76,shrimp,2344523.92060541,4729009.82840661,7559.87243413416,11398.4737557474,28631.5380714258,1991,UP,19142050.9240771,38609152.4567586,BRA
138692,76,benthopelagic>=90cm,1850627.7780675,2834084.21758177,25.8009231016196,9370.79353248543,2823.40832167768,1991,I,17641070.6488481,27020318.8750891,BRA
138771,76,cephalopods,413199.034134963,632780.332836449,5.7607027365126,2092.2645183379,630.396671503589,1991,I,3833317.28373456,5871371.17022688,BRA
138864,76,demersal30-90cm,14928233.6099985,22861361.8426554,208.125162703861,75590.23841633,22775.2438939565,1991,I,126572993.486129,193866762.60984,BRA
138963,76,demersal<30cm,18101636.5208236,27721167.3703715,252.367838320756,91659.0037429714,27616.7427046011,1991,I,164954330.592488,252655328.733146,BRA
139093,76,demersal>=90cm,8053577.91321715,12333392.1220766,112.280679504768,40779.9000517273,12286.9326662768,1991,I,66930304.4558817,102514413.562504,BRA
139164,76,demersalmollusc,1174832.87250697,1799159.90764233,16.3791838423932,5948.85498527195,1792.38253533644,1991,I,10392912.0373569,15918462.2652304,BRA
139242,76,flatfish<90cm,501079.552166504,767362.117535575,6.9859077803005,2537.25415902155,764.471491337266,1991,I,4551673.75734104,6971655.86194819,BRA
139357,76,lobsterscrab,6766152.37744677,10361805.8120253,94.3317609587819,34260.9236118775,10322.7732527452,1991,I,60259731.023581,92297819.9493398,BRA
139446,76,pelagic30-90cm,3318577.43563133,5082128.37103686,46.2666573139328,16803.867498055,5062.98417160769,1991,I,33699645.9645627,51616503.3254101,BRA
139545,76,pelagic<30cm,11178149.1076002,17118415.8927447,155.842557299554,56601.4022938962,17053.9314201309,1991,I,93888892.8575598,143805712.007968,BRA
139628,76,pelagic>=90cm,8281244.48211693,12682044.7454927,115.454741683348,41932.7069190473,12634.2719274818,1991,I,88818220.3159687,136039838.248543,BRA
139728,76,rays<90cm,933625.397869228,1429770.50090414,13.0163382294505,4727.48271900088,1424.38460554517,1991,I,8296615.77116892,12707632.6286793,BRA
139809,76,rays>=90cm,2147570.24661342,3288827.18297407,29.9408100563906,10874.3841500844,3276.43828625951,1991,I,16984083.0735477,26013822.8678015,BRA
139824,76,reef-associated30-90cm,1637879.5671934,2508277.83236331,22.8348484031723,8293.52689781475,2498.8292376918,1991,I,14723437.3839463,22551403.5825365,BRA
139906,76,reef-associated>=90cm,657791.657015757,1007353.81566142,9.17074311792346,3330.77773841851,1003.55914914874,1991,I,5967114.82566388,9139627.28241435,BRA
139944,76,shark>=90cm,98680.5937417257,151121.212282388,1.37577660993024,499.676639773781,150.551943972993,1991,I,835895.534938007,1280306.98678409,BRA
139992,76,shrimp,10502537.1276819,16083771.7183797,146.423368337306,53180.3900044888,16023.1847141032,1991,I,88708621.7968265,135871313.509525,BRA
140226,76,benthopelagic>=90cm,529938.025416385,1038541.98402282,136.892666460281,2612.51916764699,551.473507807724,1992,APW,6275346.53090895,12352407.8040001,BRA
140288,76,cephalopods,158181.269785938,309994.531208927,40.8611097270408,779.811184437655,164.609398711841,1992,APW,1758288.42474953,3457954.10449306,BRA
140360,76,demersal30-90cm,6182309.4937927,12115733.6510845,1597.00340586624,30477.9073744875,6433.54456441586,1992,APW,59944006.0386094,117553089.601938,BRA
140455,76,demersal<30cm,8607697.90852376,16868870.0094004,2223.52551103794,42434.7276413388,8957.49527698648,1992,APW,98970364.448921,194748171.783972,BRA
140595,76,demersal>=90cm,3359434.96381831,6583626.92463549,867.803380660686,16561.5370373598,3495.95480017335,1992,APW,32667534.6920812,64074792.6711065,BRA
140657,76,demersalmollusc,480657.329082726,941964.517055483,124.162562933867,2369.57233690104,500.190155470483,1992,APW,5044864.13586084,9909243.28971558,BRA
140744,76,flatfish<90cm,202189.763707711,396239.839904152,52.2293071216683,996.766806407924,210.406298259304,1992,APW,2212250.00686998,4348951.68076809,BRA
140831,76,lobsterscrab,2592445.41164184,5080525.02773679,669.675977249472,12780.3875248832,2697.79652787671,1992,APW,27729603.3119131,54498023.65223,BRA
140932,76,pelagic30-90cm,898082.0422966,1760009.39975789,231.990986820542,4427.41686214328,934.578064624229,1992,APW,10349759.0475258,20372970.3297449,BRA
141028,76,pelagic<30cm,5025023.06282042,9847750.43708453,1298.05519344155,24772.649705919,5229.22863119875,1992,APW,49499678.4463631,97093736.2823226,BRA
141101,76,pelagic>=90cm,2032751.68377538,3983669.53387626,525.096869629228,10021.1769720755,2115.35811319231,1992,APW,24526877.8221123,48334056.6623397,BRA
141198,76,rays<90cm,343682.211868372,673528.580831091,88.7793895534528,1694.30447150863,357.648679392744,1992,APW,3578113.98810374,7027861.99812978,BRA
141267,76,rays>=90cm,364139.96422333,713620.504226608,94.0640004614054,1795.15828382434,378.937788518638,1992,APW,3166213.42133479,6199165.50388628,BRA
141279,76,reef-associated30-90cm,685529.411343246,1343461.01018701,177.084761905864,3379.56259264994,713.387775639954,1992,APW,7658578.57983436,15064723.2867237,BRA
141369,76,reef-associated>=90cm,272649.221811107,534322.222942013,70.4302714505476,1344.1219234379,283.729069328582,1992,APW,3015033.13435123,5928054.21903135,BRA
141409,76,shark>=90cm,601747.351754315,1179269.76098832,155.442326397199,2966.52894327359,626.201002702571,1992,APW,6781434.79490685,13339396.060753,BRA
141450,76,shrimp,4770999.53695662,9349929.77903349,1232.43627928302,23520.3498170197,4964.88216396095,1992,APW,46423394.9289172,91043622.2386591,BRA
141660,76,benthopelagic>=90cm,101886.06831853,209934.013454969,327.98948411809,494.529446026211,546.888678228602,1992,UP,829429.91448964,1708965.92738468,BRA
141718,76,cephalopods,55002.6417180011,113331.739236283,177.063345165301,266.969040887353,295.234888583569,1992,UP,450042.584260802,927273.144607767,BRA
141788,76,demersal30-90cm,3354800.80731718,6912493.62592177,10799.7040642582,16283.3625062861,18007.3940383885,1992,UP,27323784.9963825,56298205.3870593,BRA
141878,76,demersal<30cm,1927954.22515871,3972507.47746661,6206.42961446076,9357.80672143406,10348.5820513356,1992,UP,15672013.669513,32290762.929418,BRA
142015,76,demersal>=90cm,1887349.77491433,3888842.89658118,6075.71662387883,9160.72289420489,10130.6316044215,1992,UP,15411921.8469926,31754899.2315671,BRA
142076,76,demersalmollusc,197234.229165541,406396.811681551,634.932274275125,957.325527389132,1058.68416231901,1992,UP,1609443.22104787,3316114.71262915,BRA
142163,76,flatfish<90cm,71102.3066641258,146504.746431473,228.891047296714,345.112780442829,381.652243062132,1992,UP,581805.166364839,1198758.25609302,BRA
142245,76,lobsterscrab,1076160.53621319,2217405.2274034,3464.3533205866,5223.41358923545,5776.45229543498,1992,UP,8803208.84888988,18138235.3942183,BRA
142343,76,pelagic30-90cm,292365.67042061,602413.063932991,941.177405288645,1419.0697061562,1569.3163716542,1992,UP,2396270.98640472,4937306.6478158,BRA
142432,76,pelagic<30cm,2475896.77813925,5101531.11326282,7970.35473439546,12017.3825756372,13289.7454850633,1992,UP,20207105.7828917,41634944.5683222,BRA
142502,76,pelagic>=90cm,624081.094541843,1285905.43398868,2009.02870848541,3029.13325690751,3349.84841926004,1992,UP,5108122.79945465,10524839.6117645,BRA
142592,76,rays<90cm,159675.945881616,329008.791136655,514.025440181349,775.027031307927,857.084471206523,1992,UP,1302529.81280985,2683746.52012953,BRA
142659,76,rays>=90cm,340038.898733579,700642.707291174,1094.64605727088,1650.46361090662,1825.20953986892,1992,UP,2749342.91319052,5664766.50011709,BRA
142671,76,reef-associated30-90cm,240112.329733181,494746.199287211,772.964552065809,1165.44508357888,1288.8387666863,1992,UP,1951594.1370838,4021083.54027098,BRA
142760,76,reef-associated>=90cm,85632.4736430466,176443.837422002,275.666254645639,415.638570134601,459.645082953645,1992,UP,702983.277005684,1448436.16865827,BRA
142791,76,shark>=90cm,198246.883059944,408483.362863683,638.192188352651,962.240695651878,1064.11973323614,1992,UP,1619878.92324361,3337617.24233085,BRA
142830,76,shrimp,2475971.68881819,5101685.46507696,7970.59588527454,12017.7461733024,13290.1475793129,1992,UP,20226860.3975618,41675654.9704298,BRA
143090,76,benthopelagic>=90cm,1251340.06182201,1937835.89899836,17.747596056026,6335.45175433713,1931.82350075391,1992,I,11971641.1866849,18539135.1202201,BRA
143168,76,cephalopods,364229.508026218,564048.924558534,5.16582052901128,1844.0698464062,562.298886402283,1992,I,3339741.03807529,5171890.1358827,BRA
143259,76,demersal30-90cm,13063953.8055566,20230950.3544566,185.284386002964,66141.9318226585,20168.1810918697,1992,I,108940410.347715,168704666.982416,BRA
143362,76,demersal<30cm,18530708.886826,28696813.9280167,262.81867414709,93819.7502885117,28607.7781774811,1992,I,170496082.183463,264028381.161152,BRA
143491,76,demersal>=90cm,7334381.77873823,11358086.2160713,104.022598733228,37133.4885893669,11322.84621579,1992,I,60744381.0489562,94068497.7238586,BRA
143561,76,demersalmollusc,1044564.01277695,1617620.74476671,14.8149177981514,5288.55832972319,1612.60185739289,1992,I,9169724.18143028,14200166.369891,BRA
143640,76,flatfish<90cm,447487.907483355,692983.592506642,6.34666376013505,2265.60160183964,690.833517086337,1992,I,4036724.5018809,6251234.36062843,BRA
143752,76,lobsterscrab,5563721.47514464,8616026.55865174,78.9095501068909,28168.7528880234,8589.29416971099,1992,I,48902880.1824526,75730604.0103503,BRA
143844,76,pelagic30-90cm,2772338.59174059,4293267.2030264,39.319723676954,14036.1664510967,4279.94676025425,1992,I,27884870.1080328,43182178.6645929,BRA
143945,76,pelagic<30cm,10663032.1393717,16512862.5721142,151.232421078603,53986.2246363087,16461.6291802719,1992,I,89904338.9969576,139225442.001414,BRA
144030,76,pelagic>=90cm,7644933.75409756,11839009.6554439,108.427117681541,38705.7926473368,11802.2775250786,1992,I,81152974.7374331,125672473.434615,BRA
144130,76,rays<90cm,772567.047659029,1196403.92329242,10.957219629079,3911.45573195165,1192.69191813669,1992,I,6809028.31389203,10544408.0908676,BRA
144212,76,rays>=90cm,792514.406653495,1227294.57366719,11.2401304705195,4012.44788779446,1223.48672608631,1992,I,6132856.36267783,9497337.43852112,BRA
144227,76,reef-associated30-90cm,1454838.58032358,2252975.44145904,20.6337895173836,7365.7512591484,2245.98528011668,1992,I,13055524.3268892,20217658.3319378,BRA
144317,76,reef-associated>=90cm,579315.284300049,897132.593294015,8.2163545853945,2933.03486894604,894.349117958591,1992,I,5216690.04313678,8078518.7774031,BRA
144354,76,shark>=90cm,1355332.23286285,2098879.06256837,19.2225037177647,6861.95722040419,2092.36700610496,1992,I,12411728.2188638,19220674.0267607,BRA
144404,76,shrimp,10221874.0634017,15829681.4107096,144.975532509265,51752.6705516784,15780.5676809179,1992,I,85643277.2490192,132626800.798311,BRA
144642,76,benthopelagic>=90cm,429878.624858624,859018.243466459,107.679300060538,2119.25425863152,439.597905910922,1993,APW,5003282.17547541,10040819.7880797,BRA
144703,76,cephalopods,172609.840726128,344922.947109426,43.236638804879,850.947497472941,176.512438941988,1993,APW,1926336.03071167,3863891.24775227,BRA
144775,76,demersal30-90cm,6151469.76611194,12292364.5132631,1540.86739943475,30326.0682081207,6290.55056725951,1993,APW,59949844.6274732,119889661.859569,BRA
144871,76,demersal<30cm,11636517.4591227,23253030.5294659,2914.80427888837,57366.7490189729,11899.6116841319,1993,APW,124970148.472573,250506197.434184,BRA
145012,76,demersal>=90cm,3356735.29589293,6707700.01324935,840.820841625063,16548.3351800973,3432.62893626568,1993,APW,32485881.9197539,64979779.6473965,BRA
145075,76,demersalmollusc,526446.726083301,1051988.43526465,131.868419841658,2595.32435826874,538.349350205513,1993,APW,5541861.05072792,11101877.2321237,BRA
145161,76,flatfish<90cm,220274.049624141,440169.425152513,55.1759359815303,1085.92679593105,225.254305149824,1993,APW,2412385.78920668,4836100.99383205,BRA
145252,76,lobsterscrab,2749455.82522829,5494185.04875177,688.704815005204,13554.5142967985,2811.61926476906,1993,APW,29397367.5090989,58915916.7655019,BRA
145355,76,pelagic30-90cm,1013165.18684711,2024588.63692746,253.78539861404,4994.7927455781,1036.07220439564,1993,APW,11758620.478965,23611080.3479504,BRA
145452,76,pelagic<30cm,4472803.79231561,8937918.36779203,1120.38225167176,22050.4299045003,4573.93102831995,1993,APW,44276449.3424608,88561236.4420602,BRA
145527,76,pelagic>=90cm,2326326.37922769,4648653.56045806,582.716101108737,11468.5327463456,2378.923132338,1993,APW,27998508.3551531,56268156.0534459,BRA
145623,76,rays<90cm,363773.839452095,726922.313683211,91.1208656290326,1793.36494967883,371.998533541667,1993,APW,3768507.07150641,7547009.82147104,BRA
145694,76,rays>=90cm,292822.722099972,585142.051359521,73.3484847447721,1443.58375817948,299.443256757923,1993,APW,2665158.40174502,5323908.83343504,BRA
145707,76,reef-associated30-90cm,745139.135084447,1488997.29817659,186.648174330592,3673.45384018584,761.986254848389,1993,APW,8180235.87279242,16401627.3133649,BRA
145801,76,reef-associated>=90cm,325904.877634901,651249.490749056,81.6351571832225,1606.67514013681,333.273378692822,1993,APW,3632269.00060988,7284003.31318317,BRA
145843,76,shark>=90cm,671391.897430697,1341629.60207246,168.175399754826,3309.88808366231,686.571639269479,1993,APW,7262470.37342264,14555853.585206,BRA
145885,76,shrimp,4550365.63301828,9092908.71229297,1139.81053732103,22432.8012337807,4653.24649268551,1993,APW,44474882.3592763,88951441.1549895,BRA
146102,76,benthopelagic>=90cm,78279.6530540647,164875.718827473,251.986169015756,379.934682676481,417.207665308697,1993,UP,637275.439132246,1342211.72628712,BRA
146159,76,cephalopods,49176.4938151969,103577.487263459,158.301624990085,238.680868448849,262.096335027644,1993,UP,402333.374462721,847383.941790331,BRA
146229,76,demersal30-90cm,2541544.29721503,5353101.68845255,8181.35985345688,12335.5276677542,13545.688070275,1993,UP,20740294.2550574,43682638.7284292,BRA
146318,76,demersal<30cm,4483836.89794591,9444035.61859672,14433.698136405,21762.5536461894,23897.5397926839,1993,UP,36532621.8705304,76943975.6758311,BRA
146455,76,demersal>=90cm,1635123.25009792,3443961.62621227,5263.54458132557,7936.16232220427,8714.72888611504,1993,UP,13350585.2444588,28118637.4856288,BRA
146516,76,demersalmollusc,166761.718668783,351240.164790087,536.814420942915,809.387346431511,888.791206836551,1993,UP,1362078.08746615,2868772.10846247,BRA
146602,76,flatfish<90cm,59281.1527969805,124860.321922644,190.829034178673,287.724397054507,315.951213250198,1993,UP,484082.280489142,1019561.00159843,BRA
146689,76,lobsterscrab,905232.264982131,1906636.2020239,2913.98852221227,4393.59552484168,4824.6233229273,1993,UP,7421910.92693583,15631838.8703554,BRA
146789,76,pelagic30-90cm,260000.793159156,547624.012056135,836.95572544227,1261.92841933435,1385.72821493501,1993,UP,2129350.13599832,4484781.49167086,BRA
146879,76,pelagic<30cm,1498695.55216984,3156612.18243875,4824.37690994112,7274.00284527366,7987.60914151547,1993,UP,12223063.239968,25743879.1585773,BRA
146951,76,pelagic>=90cm,540254.025970318,1137904.51804599,1739.10508016145,2622.15318941128,2879.39601230765,1993,UP,4415169.03783338,9299112.62489128,BRA
147042,76,rays<90cm,135038.139096139,284422.699692129,434.694611106047,655.415175272678,719.713802270178,1993,UP,1097959.49618824,2312491.21426877,BRA
147112,76,rays>=90cm,179199.18754168,377436.456429205,576.851263356735,869.753298568003,955.079279769465,1993,UP,1457271.54306793,3069263.43468025,BRA
147125,76,reef-associated30-90cm,199839.439808596,420909.776717655,643.293281088555,969.931919569006,1065.08579006551,1993,UP,1626772.31421,3426262.06617905,BRA
147217,76,reef-associated>=90cm,75053.9565341978,158081.628515589,241.602488496793,364.278583858059,400.015645907198,1993,UP,616829.008001521,1299150.09699264,BRA
147248,76,shark>=90cm,197530.608178299,416046.823704387,635.861035099687,958.725875870721,1052.78039247513,1993,UP,1614312.11065505,3400021.03253361,BRA
147288,76,shrimp,1778349.53940136,3745630.53355383,5724.5972627802,8631.31914334969,9478.08313514121,1993,UP,14568367.1094599,30683515.2368934,BRA
147554,76,benthopelagic>=90cm,856817.58270047,1342277.04523135,12.3855335561817,4337.64548586974,1299.68729900394,1993,I,8150053.49738088,12764668.5102641,BRA
147630,76,cephalopods,336535.246467854,527210.861874891,4.86470944588753,1703.71222784262,510.482737904243,1993,I,3119842.88366076,4886337.11057804,BRA
147719,76,demersal30-90cm,11154330.3295265,17474199.7112883,161.23890940434,56468.8815666903,16919.7525247892,1993,I,94005299.6123487,147234108.557873,BRA
147823,76,demersal<30cm,20925087.2549011,32780914.9331331,302.477885134868,105933.412321654,31740.793705504,1993,I,184558725.904141,289058863.047975,BRA
147953,76,demersal>=90cm,6025812.63701591,9439943.97971988,87.10477717299,30505.7220012562,9140.41951126119,1993,I,50061438.3520472,78407620.246446,BRA
148024,76,demersalmollusc,969147.601497321,1518251.49856388,14.0092948389392,4906.31705470723,1470.07817528242,1993,I,8563093.89433928,13411694.387893,BRA
148104,76,flatfish<90cm,416208.808118464,652026.219396359,6.01641266870656,2107.06023565043,631.337769633798,1993,I,3787854.62206154,5932593.98702457,BRA
148218,76,lobsterscrab,5081119.98130448,7960003.21734247,73.4489852940287,25723.2082943526,7707.43649261126,1993,I,45124879.2384728,70675388.6804727,BRA
148312,76,pelagic30-90cm,2621956.27936633,4107515.76350872,37.9010983628303,13273.6734737586,3977.18644392867,1993,I,26592306.8338027,41649256.4814243,BRA
148414,76,pelagic<30cm,8045422.88712909,12603833.8598702,116.298798197101,40730.0141510616,12203.920825902,1993,I,68676247.4441815,107562965.359511,BRA
148499,76,pelagic>=90cm,7330604.02809211,11484009.7977171,105.965895203572,37111.2382765705,11119.6281935651,1993,I,78284756.880814,122610708.538225,BRA
148598,76,rays<90cm,666007.746706039,1043357.33579628,9.62732495463774,3371.66924953691,1010.25215507823,1993,I,5823226.66873282,9120464.04160259,BRA
148683,76,rays>=90cm,524996.599173638,822451.474063234,7.58897007628228,2657.79924978336,796.355520408097,1993,I,4215219.92210457,6602026.53942637,BRA
148699,76,reef-associated30-90cm,1351610.88739482,2117412.50980965,19.5379067128473,6842.54032915905,2050.22812207695,1993,I,12136337.8043543,19008125.739138,BRA
148787,76,reef-associated>=90cm,594850.636723372,931883.71846725,8.59872938045082,3011.43584264177,902.315537126465,1993,I,5431639.15818263,8507123.95445733,BRA
148826,76,shark>=90cm,1253768.54045547,1964134.21697358,18.1235687070683,6347.21270855774,1901.81326903317,1993,I,11301948.086971,17701307.1683299,BRA
148874,76,shrimp,8270697.24211324,12956745.1465661,119.55520088927,41870.4672751671,12545.6344226765,1993,I,69710205.5549413,109182277.859376,BRA
149112,76,benthopelagic>=90cm,329500.118081484,665378.155809781,79.5089446962403,1617.47137962181,309.459037427182,1994,APW,3902996.55813818,7917565.65960195,BRA
149175,76,cephalopods,189184.52471946,382030.971334751,45.6505509038521,928.681167044099,177.677814674789,1994,APW,2169122.14351873,4398695.70560581,BRA
149248,76,demersal30-90cm,5816926.69505913,11746447.859791,1403.63440715116,28554.5040208133,5463.12561682397,1994,APW,57767090.7520649,116779315.05099,BRA
149347,76,demersal<30cm,12726216.0479236,25698765.189244,3070.85780071416,62471.2681386952,11952.1734657069,1994,APW,142083782.992328,287960135.468963,BRA
149489,76,demersal>=90cm,3171171.41618501,6403725.13655996,765.20911197185,15566.8502804165,2978.29226794548,1994,APW,30704241.2578763,62051861.3734463,BRA
149552,76,demersalmollusc,555867.240197301,1122494.04131044,134.1317202453,2728.67687308734,522.057904228798,1994,APW,5962937.67771258,12075504.2318964,BRA
149639,76,flatfish<90cm,237960.448445872,480526.942644152,57.4202651141282,1168.11555966722,223.487055939657,1994,APW,2677762.66856716,5428293.03222689,BRA
149733,76,lobsterscrab,2919308.3252732,5895123.80456889,704.434115340802,14330.4885349187,2741.74816553114,1994,APW,32221179.6125149,65294325.7178487,BRA
149837,76,pelagic30-90cm,1122971.93944184,2267680.51690701,270.975058668812,5512.51690816201,1054.66977511513,1994,APW,13499640.3646114,27414398.1767366,BRA
149936,76,pelagic<30cm,7094030.12208568,14325374.7749041,1711.80165862911,34823.6314920257,6662.55218918366,1994,APW,70184192.2390545,141864942.512806,BRA
150008,76,pelagic>=90cm,2266993.11967833,4577866.9518777,547.029335311762,11128.3616838415,2129.10851976147,1994,APW,28052630.6558013,57004241.7205319,BRA
150106,76,rays<90cm,344904.096533474,696484.27751376,83.2259511664425,1693.08742013637,323.926104607786,1994,APW,3707081.71161085,7507768.79749851,BRA
150181,76,rays>=90cm,631606.188228026,1275437.96696692,152.407658552664,3100.46909421203,593.190206365148,1994,APW,5637474.47614807,11376656.6178595,BRA
150195,76,reef-associated30-90cm,776834.379843123,1568705.43791983,187.451470745181,3813.37458517018,729.585229972953,1994,APW,8676619.7978462,17586692.3173411,BRA
150294,76,reef-associated>=90cm,357059.529780391,721030.42882926,86.1590780964578,1752.75679293742,335.342211812856,1994,APW,4039671.16735671,8188983.66815648,BRA
150336,76,shark>=90cm,46490.162039474,93880.2039320464,11.2181559874333,228.213898588751,43.6625057324305,1994,APW,458833.596371024,927472.551388527,BRA
150378,76,shrimp,4783677.98000434,9659950.50580228,1154.30971670465,23482.4262492999,4492.72185901816,1994,APW,48263361.4648911,97594687.3939034,BRA
150596,76,benthopelagic>=90cm,47673.7401385649,101457.249866931,153.691302184243,231.729607833573,559.266830136684,1994,UP,388662.104924173,827109.823421243,BRA
150655,76,cephalopods,45316.623423557,96440.9331520061,146.092394771549,220.272278695998,531.615188171251,1994,UP,369654.927287431,786660.856435638,BRA
150725,76,demersal30-90cm,2395286.66981473,5097548.4083267,7721.96027243493,11642.8633254252,28099.4186569449,1994,UP,19541117.2898002,41585351.8231977,BRA
150819,76,demersal<30cm,3009624.49156343,6404956.33778019,9702.47154617098,14628.9991330498,35306.2953400802,1994,UP,24958507.8494764,53114189.8002644,BRA
150957,76,demersal>=90cm,1461492.80627664,3110287.5586047,4711.58192910187,7103.93507758606,17144.9617055053,1994,UP,11913994.258269,25354106.1611103,BRA
151018,76,demersalmollusc,161590.627441213,343890.381094627,520.938233082303,785.449864384404,1895.64061317983,1994,UP,1319467.65976143,2807952.91987165,BRA
151105,76,flatfish<90cm,60474.4117671178,128699.101169301,194.958294992171,293.950331608743,709.433169603937,1994,UP,493983.876934374,1051244.7820672,BRA
151193,76,lobsterscrab,862401.355108498,1835326.31416187,2780.2221283004,4191.90789800805,10116.9421735164,1994,UP,7043674.72279232,14989611.5631142,BRA
151294,76,pelagic30-90cm,249734.349183755,531474.144714637,805.097255105799,1213.89349001612,2929.66604756198,1994,UP,2048031.12871682,4358408.16890252,BRA
151386,76,pelagic<30cm,2758022.30593232,5869507.14205005,8891.35273255041,13406.0265775737,32354.7174608455,1994,UP,22482559.7151213,47845015.0258389,BRA
151456,76,pelagic>=90cm,449463.684260813,956529.720295057,1448.9876128408,2184.72565790862,5272.71678763794,1994,UP,3688017.98670326,7848465.72030917,BRA
151548,76,rays<90cm,86311.0290781959,183683.504126305,278.250760551495,419.535384928255,1012.52587898699,1994,UP,707441.046512511,1505502.72734473,BRA
151622,76,rays>=90cm,451730.277302083,961353.388332564,1456.29468870735,2195.74297509509,5299.30648464339,1994,UP,3669629.64215345,7809313.98633533,BRA
151635,76,reef-associated30-90cm,219693.367299121,467542.189796509,708.250697413385,1067.8721178555,2577.25139194695,1994,UP,1782536.74722291,3793404.43049558,BRA
151732,76,reef-associated>=90cm,74480.9195403615,158507.162269243,240.112680036574,362.032310156637,873.745329314061,1994,UP,610942.780144666,1300145.49646822,BRA
151764,76,shark>=90cm,17741.687366151,37757.1133067544,57.1959117603137,86.2377116566583,208.130036068154,1994,UP,144087.187576071,306631.036384389,BRA
151804,76,shrimp,1674039.34009572,3562620.15779568,5396.79255999543,8137.06830323868,19638.3726667606,1994,UP,13707520.7275766,29170922.7580806,BRA
152072,76,benthopelagic>=90cm,531235.528112989,839556.34004695,7.80114320919378,2689.13039329599,770.330973918098,1994,I,5146375.81666954,8134327.85133407,BRA
152149,76,cephalopods,304989.723701913,482001.000747539,4.47874508766856,1543.86725331239,442.257752844301,1994,I,2898896.93723958,4581972.75047839,BRA
152239,76,demersal30-90cm,8617279.66931063,13618614.3385889,126.543932430039,43620.9316582948,12495.695579255,1994,I,74102299.9861865,117124602.892547,BRA
152341,76,demersal<30cm,20962731.4470835,33129173.7087232,307.83571771914,106113.983869061,30397.517630223,1994,I,198101403.498457,313117255.239457,BRA
152470,76,demersal>=90cm,4637078.10318235,7328365.88442858,68.0950509534599,23473.0303292192,6724.10767413696,1994,I,39008637.875495,61656265.4762563,BRA
152541,76,demersalmollusc,849583.045973565,1342667.79026835,12.4760462337398,4300.61520672724,1231.9585204586,1994,I,7676257.07658094,12132991.5911443,BRA
152620,76,flatfish<90cm,363600.802973416,574629.035951011,5.33944321278559,1840.55831840877,527.248171195999,1994,I,3369684.39855412,5326092.10340052,BRA
152734,76,lobsterscrab,4367263.50288977,6901955.09989857,64.1328492078603,22107.220619957,6332.85646291055,1994,I,39750608.9288654,62829358.6709768,BRA
152826,76,pelagic30-90cm,2482928.96162661,3923982.19114676,36.4615756719197,12568.6618867947,3600.43141687705,1994,I,25898696.3889236,40935229.4928221,BRA
152927,76,pelagic<30cm,10376943.7615147,16399560.0148138,152.384432277858,52528.4047882377,15047.3392141061,1994,I,89056190.5078533,140760358.586632,BRA
153013,76,pelagic>=90cm,6669321.17908527,10540091.1335876,97.9383472543036,33760.3065612666,9671.01108148143,1994,I,73563408.5569587,116273543.646859,BRA
153109,76,rays<90cm,534447.881756591,844633.093624669,7.84831631695133,2705.39142509804,774.98912530273,1994,I,4855846.39935054,7675092.25351719,BRA
153200,76,rays>=90cm,969008.338908819,1531405.65989448,14.2297953030033,4905.14967019062,1405.1340656712,1994,I,7783361.87144088,12302201.7139249,BRA
153218,76,reef-associated30-90cm,1155340.74132956,1825882.48143574,16.9660689121135,5848.36995589953,1675.32988924333,1994,I,10540416.4995536,16660070.8314413,BRA
153308,76,reef-associated>=90cm,529018.672776775,836052.856462001,7.76858889940712,2677.90860418989,767.116369021006,1994,I,4893690.74704331,7734914.48730159,BRA
153347,76,shark>=90cm,67985.6877819094,107443.520226333,0.998363359555663,344.145618371706,98.5842970020466,1994,I,581285.991157184,918768.741159738,BRA
153395,76,shrimp,7084661.74402162,11196488.8820771,104.037583951001,35862.7731276622,10273.2857505564,1994,I,61533784.3225041,97259092.2405152,BRA
153487,76,bathydemersal30-90cm,53231.8270712319,108481.066503091,12.4482756948218,261.286874577276,48.6361561622957,1995,APW,606539.055407489,1241129.65331075,BRA
153564,76,benthopelagic30-90cm,162104.727631825,330352.999440761,37.908229944741,795.686339686253,148.109717090824,1995,APW,1798636.11470876,3678487.83917347,BRA
153639,76,benthopelagic>=90cm,289555.72073052,590085.201375578,67.712675648781,1421.27583155107,264.55746544808,1995,APW,3276219.97300383,6702401.76007591,BRA
153704,76,cephalopods,229488.075991262,467673.431534881,53.6658423313315,1126.43554481553,209.675649238193,1995,APW,2649108.86073266,5422342.70515285,BRA
153779,76,demersal30-90cm,8640484.93064325,17608432.2472302,2020.579500487,42411.5689160691,7894.52471436656,1995,APW,86875100.9317906,177273294.380683,BRA
153879,76,demersal<30cm,5572113.56076385,11355402.4914292,1303.04011009101,27350.5573110126,5091.0554870249,1995,APW,59868963.5545899,122301947.319554,BRA
154021,76,demersal>=90cm,4082032.43964827,8318768.24292909,954.58427785976,20036.5374769404,3729.61775158726,1995,APW,41923269.2017201,85603080.5308132,BRA
154087,76,demersalmollusc,1770049.11439849,3607180.63341792,413.926415486787,8688.23458436956,1617.23521207753,1995,APW,17979514.9851211,36698856.9567159,BRA
154176,76,flatfish<90cm,177803.833212286,362346.184912944,41.5794695992843,872.744942715008,162.453469553011,1995,APW,2015376.14838209,4123654.17708073,BRA
154268,76,lobsterscrab,3480070.47691967,7092030.79460312,813.815326611583,17081.8246949559,3179.62505673099,1995,APW,38453412.4248314,78647788.2531971,BRA
154375,76,pelagic30-90cm,1418521.24940022,2890802.48525595,331.721538843064,6962.77028555237,1296.05585232014,1995,APW,17024758.9304019,34901098.1488735,BRA
154474,76,pelagic<30cm,7592191.20828885,15472115.925468,1775.4357588011,37266.0496764903,6936.73348326422,1995,APW,75117620.5116375,153238865.047842,BRA
154547,76,pelagic>=90cm,3066809.25648499,6249846.32708273,717.17408979915,15053.3440169045,2802.04197610544,1995,APW,37667148.9039123,77229942.9663764,BRA
154651,76,rays<90cm,555972.555147544,1133015.69844948,130.014317110889,2728.97511278082,507.973697350695,1995,APW,6254834.9849657,12798186.9543783,BRA
154727,76,rays>=90cm,10942.6727067026,22300.0575206424,2.55894667130168,53.7117906404075,9.99795738522942,1995,APW,100663.852890491,205110.500353994,BRA
154743,76,reef-associated30-90cm,1797521.5428426,3663166.65721265,420.350849553665,8823.08220016912,1642.33585944358,1995,APW,20300992.1674605,41535628.397373,BRA
154843,76,reef-associated>=90cm,338627.710075658,690088.940350487,79.1881722806028,1662.14426366638,309.392915747221,1995,APW,3848094.75283363,7873505.31472789,BRA
154885,76,shark>=90cm,1130438.78021183,2303719.62115322,264.35338342538,5548.72586633653,1032.84444797895,1995,APW,12753793.4634308,26070132.8719239,BRA
154928,76,shrimp,6329413.22149022,12898702.4188973,1480.13481975975,31067.7406645887,5782.97508827125,1995,APW,62578808.1647467,127670176.030854,BRA
155002,76,bathydemersal30-90cm,10460.731810795,22485.1252967428,33.7210132229913,50.8431971026373,120.983368881997,1995,UP,85946.6630335652,184735.593920341,BRA
155071,76,benthopelagic30-90cm,35497.9655448821,76302.1380810517,114.430556788864,172.533823788366,410.550957404813,1995,UP,289263.310675773,621748.059939913,BRA
155142,76,benthopelagic>=90cm,59037.8292997054,126900.585261319,190.313207381689,286.946654009347,682.800745621617,1995,UP,481829.898850418,1035654.44838158,BRA
155202,76,cephalopods,45935.2412380382,98736.8449411474,148.075957323626,223.263015099253,531.263045062497,1995,UP,376826.941917282,809960.089355471,BRA
155274,76,demersal30-90cm,2831401.9887571,6086039.64179172,9127.25281838819,13761.7073064256,32746.5188339424,1995,UP,23078952.2723429,49606333.6146164,BRA
155368,76,demersal<30cm,1053914.25512663,2265366.7551338,3397.37765730208,5122.43035878099,12189.0226615311,1995,UP,8589961.54242458,18463422.7698435,BRA
155505,76,demersal>=90cm,1432088.07661438,3078243.51307965,4616.45149129689,6960.50120245916,16562.7838642944,1995,UP,11732752.2927198,25218616.3425395,BRA
155567,76,demersalmollusc,536934.811384332,1154130.20126382,1730.8526976947,2609.71057668347,6209.90801850593,1995,UP,4390044.10529498,9436048.10934825,BRA
155654,76,flatfish<90cm,38751.5640249378,83295.6802932562,124.918794070222,188.347569117694,448.180380682855,1995,UP,316218.209065234,679685.483956465,BRA
155739,76,lobsterscrab,897898.78195022,1930014.74286043,2894.44918832595,4364.13489750325,10384.6290603949,1995,UP,7348958.46658701,15795999.6319368,BRA
155842,76,pelagic30-90cm,313080.453922372,672959.919222959,1009.24011030296,1521.69193472025,3620.92525950674,1995,UP,2552023.83202467,5485368.70959825,BRA
155933,76,pelagic<30cm,2522015.37040425,5421019.54524164,8129.92008515372,12257.9688393329,29168.3145503081,1995,UP,20664974.3685155,44417717.5033525,BRA
156002,76,pelagic>=90cm,539997.862478134,1160714.16583534,1740.72669009839,2624.59818811586,6245.33367008448,1995,UP,4411240.92825824,9481608.57778976,BRA
156097,76,rays<90cm,137194.624804071,294896.990435768,442.257945315758,666.818868555393,1586.72148388025,1995,UP,1122172.72302007,2412020.3351547,BRA
156171,76,rays>=90cm,6561.06265652037,14102.8676176747,21.1501149823076,31.8892987490581,75.8818291099435,1995,UP,53616.0815805252,115243.43462244,BRA
156186,76,reef-associated30-90cm,418292.13550594,899110.238901954,1348.39845697153,2033.06134567609,4837.74870111188,1995,UP,3403691.80441274,7315957.69888965,BRA
156283,76,reef-associated>=90cm,57566.6417076278,123738.298153572,185.570715446779,279.796114059383,665.785757151761,1995,UP,472493.782015484,1015588.15618963,BRA
156317,76,shark>=90cm,92523.6053316728,198877.563866245,298.257308882392,449.700459548187,1070.07976847112,1995,UP,750260.688590084,1612623.72685026,BRA
156358,76,shrimp,2304575.52375582,4953637.12068229,7428.98519105097,11201.1271975556,26653.5186782292,1995,UP,18811067.8178842,40432869.7674958,BRA
156430,76,bathydemersal30-90cm,72439.2536999796,115699.448242812,1.08530964291604,366.662560660452,102.770801144251,1995,I,686119.440664159,1095816.70193097,BRA
156547,76,benthopelagic30-90cm,207439.643654258,331321.087512667,3.10793159898466,1049.98805260722,294.298150222827,1995,I,1911489.50595597,3052876.34046371,BRA
156630,76,benthopelagic>=90cm,391207.50605054,624833.778464324,5.86120448529558,1980.15769892065,555.012741806722,1995,I,3688017.35052917,5890212.50781716,BRA
156707,76,cephalopods,322047.350030189,514371.681145068,4.82502340389819,1630.09280168793,456.894052305717,1995,I,3096947.09401782,4946205.96802681,BRA
156793,76,demersal30-90cm,11109531.7091787,17744063.1057794,166.446798888771,56232.6243875578,15761.2815672904,1995,I,97410004.9932051,155574612.548771,BRA
156894,76,demersal<30cm,7504937.58829834,11986831.6377078,112.441538503391,37987.410045931,10647.382587367,1995,I,69515943.8922376,111025218.24461,BRA
157025,76,demersal>=90cm,5152847.35394533,8230090.25189716,77.2017191794014,26081.9391281299,7310.4321716548,1995,I,45257716.5640859,72281642.6798247,BRA
157099,76,demersalmollusc,2287240.7616001,3653164.28040003,34.2682223717596,11577.2252150562,3244.94736587127,1995,I,20139362.5690239,32164815.0235605,BRA
157184,76,flatfish<90cm,234870.535232945,375133.507690366,3.51891058652966,1188.8337810447,333.214822602122,1995,I,2202765.6931763,3518084.04194099,BRA
157297,76,lobsterscrab,4491858.09926045,7174363.03004853,67.2985523833362,22736.2391062112,6372.67547508456,1995,I,41184974.5231784,65777282.8717569,BRA
157392,76,pelagic30-90cm,3034123.37916565,4846079.75565298,45.4582728701745,15357.687865922,4304.56243708435,1995,I,32595163.8995537,52058715.7366335,BRA
157497,76,pelagic<30cm,9608626.9749469,15346828.9993257,143.959731477686,48635.5613995802,13631.9224960739,1995,I,82980752.1247744,132529306.269857,BRA
157585,76,pelagic>=90cm,6952064.10334474,11103786.1355807,104.158199099898,35188.9548250372,9863.01157195839,1995,I,75984571.28377,121357324.802098,BRA
157686,76,rays<90cm,735133.253422147,1174149.47644483,11.014017511441,3720.991414997,1042.94604849021,1995,I,6842360.53005608,10928072.8801619,BRA
157777,76,rays>=90cm,13823.9834703154,22079.565682131,0.207115642383398,69.9722445891937,19.6123204434615,1995,I,113346.665592791,181026.091659026,BRA
157795,76,reef-associated30-90cm,2305595.81977308,3682480.84558544,34.5432241230742,11670.1321996953,3270.98799905199,1995,I,21396939.0608885,34173491.1057097,BRA
157888,76,reef-associated>=90cm,440081.356964086,702894.737065837,6.59344921413555,2227.54030448306,624.350905258718,1995,I,4127916.9821255,6592784.6638922,BRA
157931,76,shark>=90cm,1918109.12451077,3063589.91900356,28.7377660959718,9708.80796387188,2721.25403478757,1995,I,19021466.5804106,30379673.324569,BRA
157981,76,shrimp,8123430.65672308,12974684.2604739,121.708012920953,41118.0090048683,11524.8492217892,1995,I,70108588.4516802,111971060.013043,BRA
158075,76,bathydemersal30-90cm,49967.4665632437,102821.323787561,11.3117276843634,245.245522179327,44.3798104069316,1996,APW,570974.078058549,1179567.07704519,BRA
158152,76,benthopelagic30-90cm,171832.503665365,353590.980528126,38.8997606337481,843.371797436552,152.617181917062,1996,APW,1907646.0746936,3939502.58341492,BRA
158228,76,benthopelagic>=90cm,318211.830743614,654805.294971464,72.037383979806,1561.81675722106,282.627511238133,1996,APW,3587231.20646827,7410084.99739754,BRA
158295,76,cephalopods,187383.176679429,385590.61739324,42.4201508104448,919.696117756993,166.428887163131,1996,APW,2174390.23162602,4494330.66395344,BRA
158370,76,demersal30-90cm,8606776.04007566,17710725.9353153,1948.41791073027,42242.9518526275,7644.31569469357,1996,APW,86179092.9138003,177551533.491959,BRA
158467,76,demersal<30cm,6267019.26860107,12896055.4080547,1418.73943657615,30759.1822989595,5566.20429424965,1996,APW,71059836.5211821,146764054.614865,BRA
158610,76,demersal>=90cm,4006393.85251709,8244218.64592148,906.97486530802,19663.7976666875,3558.37531536965,1996,APW,40143711.7157122,82729384.4289898,BRA
158676,76,demersalmollusc,1034290.16432032,2128326.51303756,234.144524229557,5076.40368583885,918.62975162434,1996,APW,10466150.496736,21569009.0237829,BRA
158764,76,flatfish<90cm,137729.5753799,283415.154685414,31.1794765261619,675.991078931897,122.327843759113,1996,APW,1555910.47731279,3214233.30759522,BRA
158857,76,lobsterscrab,2994554.53473763,6162090.70808207,677.91280532612,14697.5850704112,2659.68582450873,1996,APW,32884240.0151515,67906196.5454522,BRA
158963,76,pelagic30-90cm,1022224.63280617,2103498.47976283,231.413106844557,5017.18480243168,907.913458846532,1996,APW,12148737.8562498,25140918.9416525,BRA
159062,76,pelagic<30cm,11881508.4109098,24449356.9001844,2689.75789384028,58315.678879247,10552.8482208946,1996,APW,121032060.96831,249470043.255428,BRA
159135,76,pelagic>=90cm,3436691.42737074,7071904.70752338,778.004574484482,16867.6389187749,3052.38036794995,1996,APW,43203070.6963644,89485016.5087486,BRA
159238,76,rays<90cm,456469.943829703,939308.05626093,103.336511851424,2240.40195417937,405.424788506825,1996,APW,4909577.15804182,10132033.224197,BRA
159316,76,rays>=90cm,136214.908788779,280298.326182636,30.8365834961604,668.55693778734,120.982556099619,1996,APW,1279248.82666057,2633049.70315461,BRA
159333,76,reef-associated30-90cm,1838891.15892652,3784006.60002948,416.291588540564,9025.46904056219,1633.25552815147,1996,APW,20682874.010809,42725991.8628357,BRA
159434,76,reef-associated>=90cm,425380.489784793,875333.253442298,96.2984236272306,2087.81168062881,377.811940166361,1996,APW,5001214.35709079,10338887.568351,BRA
159477,76,shark>=90cm,1075512.27155314,2213151.93899,243.476461261088,5278.72607496478,955.242160245284,1996,APW,12437156.7184828,25692938.4344915,BRA
159523,76,shrimp,6234858.46498087,12829876.0191494,1411.45881424959,30601.3337302801,5537.63990094801,1996,APW,63195483.3028448,130237038.857826,BRA
159598,76,bathydemersal30-90cm,6431.50467518984,13962.7509127623,20.7309514491167,31.2573007128386,73.312673373758,1996,UP,52671.7104760281,114346.909353545,BRA
159668,76,benthopelagic30-90cm,33009.6693420428,71663.7573962402,106.401516758765,160.427957867441,376.276972321023,1996,UP,269555.528029538,585187.545623364,BRA
159740,76,benthopelagic>=90cm,63126.7913262019,137047.815048609,203.479358597121,306.798051027066,719.581819085689,1996,UP,515204.053179841,1118474.29621815,BRA
159802,76,cephalopods,33041.6126027338,71733.1059880387,106.504480873689,160.583203048093,376.641093309159,1996,UP,269960.228760535,586066.096306559,BRA
159874,76,demersal30-90cm,2554903.60738556,5546677.56266372,8235.33299232496,12416.906211144,29123.3269863346,1996,UP,20815957.9985398,45190071.8315274,BRA
159964,76,demersal<30cm,819250.831706303,1778587.72960478,2640.72718197169,3981.58298860775,9338.63406299877,1996,UP,6739042.31950318,14630032.8182948,BRA
160101,76,demersal>=90cm,1461030.92574044,3171887.7497907,4709.40514185184,7100.65300469957,16654.2805233375,1996,UP,11923247.7021694,25884590.8516521,BRA
160164,76,demersalmollusc,291911.249471791,633737.246702306,940.930349253312,1418.6972049322,3327.49413511377,1996,UP,2383230.75417475,5173838.64304067,BRA
160249,76,flatfish<90cm,29844.4949822046,64792.1863698881,96.1990712509634,145.045117961302,340.197173621823,1996,UP,243787.974494276,529247.841368674,BRA
160335,76,lobsterscrab,700427.806867119,1520623.78767831,2257.71970807825,3404.09961471938,7984.17129740032,1996,UP,5721233.8337873,12420426.7496756,BRA
160436,76,pelagic30-90cm,215611.42433893,468090.868938303,694.98977231379,1047.87782456,2457.75300283742,1996,UP,1766934.31910617,3835902.31999093,BRA
160527,76,pelagic<30cm,3504085.45245879,7607344.59829522,11294.8725154017,17029.957722569,39943.0436925345,1996,UP,28558990.1711066,61999693.3371098,BRA
160595,76,pelagic>=90cm,478961.526586633,1039822.06812718,1543.85772150111,2327.76701914731,5459.67883576262,1996,UP,3926503.31563474,8524191.25971817,BRA
160690,76,rays<90cm,114518.468984846,248618.781778169,369.132409980242,556.563106615103,1305.39516582114,1996,UP,933923.029923455,2027485.59423098,BRA
160765,76,rays>=90cm,66109.0003821445,143522.169701345,213.092044006237,321.291674208238,753.575997663212,1996,UP,536960.308357498,1165704.83370387,BRA
160781,76,reef-associated30-90cm,389982.892713247,846650.086751718,1257.04898357798,1895.32825769746,4445.41205810375,1996,UP,3172478.71722618,6887240.88780859,BRA
160879,76,reef-associated>=90cm,47952.1622487137,104103.80323441,154.566310321295,233.048910159524,546.606336471586,1996,UP,395836.709116091,859337.229090176,BRA
160912,76,shark>=90cm,131489.108016928,285461.918431625,423.834616011709,639.040908358934,1498.84335238663,1996,UP,1075532.76611007,2334912.24142416,BRA
160956,76,shrimp,1744340.35754295,3786950.51150405,5622.60887447623,8477.54512432987,19883.7226035967,1996,UP,14250111.9144059,30936065.3479169,BRA
161030,76,bathydemersal30-90cm,42539.1502507586,68561.9667266875,0.646287439203803,215.314075190012,59.1388076628771,1996,I,407231.908421221,656505.416732684,BRA
161143,76,benthopelagic30-90cm,137710.825461009,221953.776168672,2.09220861754874,697.030355637198,191.44844154214,1996,I,1273134.65192365,2052440.49505347,BRA
161228,76,benthopelagic>=90cm,260453.48741026,419782.793788964,3.9570093999956,1318.29858944476,362.087832180105,1996,I,2437973.10752718,3930298.0680664,BRA
161305,76,cephalopods,167828.227432021,270495.138646732,2.5497753174141,849.471119363983,233.318277492552,1996,I,1632796.59774877,2632260.00028323,BRA
161394,76,demersal30-90cm,6955977.05897389,11211212.8441133,105.68054542943,35208.0320990708,9670.34336542035,1996,I,61072913.8602777,98456178.6245257,BRA
161494,76,demersal<30cm,5121983.8182731,8255296.16959871,77.817111673405,25925.1819199189,7120.68798026401,1996,I,48530971.2453694,78237476.1933822,BRA
161624,76,demersal>=90cm,3176253.98158108,5119289.37265941,48.2560897412452,16076.7712702613,4415.69406529979,1996,I,27613538.4922621,44516110.9604209,BRA
161698,76,demersalmollusc,830986.047912896,1339331.82565934,12.6249782084008,4206.07819731843,1155.25401349969,1996,I,7331364.13580459,11818962.6507046,BRA
161781,76,flatfish<90cm,115793.562763165,186628.89010556,1.75922473094432,586.095014412351,160.978609033874,1996,I,1093811.27632604,1763352.51496816,BRA
161895,76,lobsterscrab,2499458.82288131,4028472.86884998,37.9736979350336,12651.1381104659,3474.79941927197,1996,I,23040550.6904473,37144103.1631784,BRA
161989,76,pelagic30-90cm,1558053.69047317,2511174.40416453,23.6711481969479,7886.16809416952,2166.03850773172,1996,I,17087372.8044161,27546614.5625236,BRA
162092,76,pelagic<30cm,9569058.67528193,15422815.8915492,145.380488100573,48434.2777644119,13303.1035452381,1996,I,84271167.8848109,135854426.389974,BRA
162181,76,pelagic>=90cm,5795060.17752083,9340118.94286133,88.0430046224321,29331.9921869176,8056.41267427741,1996,I,65383062.3974352,105404539.758576,BRA
162287,76,rays<90cm,386036.06677585,622189.014344854,5.86495638878972,1953.94120987054,536.675334824853,1996,I,3562556.3397881,5743252.02317299,BRA
162379,76,rays>=90cm,108472.060628165,174828.546591169,1.6479908478493,549.036858527558,150.800105137751,1996,I,905566.525838567,1459873.71519915,BRA
162398,76,reef-associated30-90cm,1475341.09293821,2377863.36417806,22.4145148947863,7467.51406982205,2051.04974166371,1996,I,13705429.2546742,22094762.3798206,BRA
162490,76,reef-associated>=90cm,349796.591205773,563780.472952236,5.31437844526683,1770.51325887138,486.294465369095,1996,I,3364045.63620777,5423239.48892555,BRA
162536,76,shark>=90cm,1078709.51931338,1738597.16837212,16.3885834289644,5459.94316248669,1499.64431378483,1996,I,10716842.4785332,17276839.5001673,BRA
162587,76,shrimp,4960847.60548978,7995586.80553785,75.3690065817695,25109.5827734728,6896.67308012747,1996,I,43704168.1941694,70455900.5807026,BRA
162681,76,bathydemersal30-90cm,63018.8913268208,130898.202739276,13.8271373950317,309.276998636575,54.447510470798,1997,APW,720578.090709038,1502880.9150893,BRA
162761,76,benthopelagic30-90cm,212922.149860906,442266.218166764,46.7177977680362,1044.95528349928,183.961995203849,1997,APW,2326159.0611768,4847202.91125216,BRA
162840,76,benthopelagic>=90cm,454684.14254533,944436.435172605,99.7634197928312,2231.44749095602,392.841243171892,1997,APW,5075884.17759646,10581922.2216138,BRA
162906,76,cephalopods,268459.544084271,557624.405776884,58.9034005979241,1317.51543547688,231.945588533276,1997,APW,3055457.1833066,6372692.30531309,BRA
162981,76,demersal30-90cm,8906454.85604837,18499832.4929123,1954.18821887168,43710.0934081088,7695.06228723506,1997,APW,88515185.4311472,184069657.973887,BRA
163080,76,demersal<30cm,6076502.86327822,12621664.504032,1333.26115713642,29821.5745817382,5250.02021311925,1997,APW,68874704.4043207,143632963.573282,BRA
163222,76,demersal>=90cm,4329016.44369217,8991914.33199503,949.840657174613,21245.4580612985,3740.21445289804,1997,APW,43973468.1278528,91502579.0711644,BRA
163289,76,demersalmollusc,1198497.19975384,2489430.17137885,262.965360063453,5881.84922029011,1035.48614485141,1997,APW,12061461.622822,25088506.5833775,BRA
163377,76,flatfish<90cm,176745.930857738,367123.638700253,38.7802803021163,867.413720965355,152.706207907405,1997,APW,1937383.81228562,4037354.76988209,BRA
163472,76,lobsterscrab,2956993.75768219,6142049.79241077,648.801622860687,14512.0000543998,2554.80452279813,1997,APW,31661601.5878254,65959848.2008766,BRA
163578,76,pelagic30-90cm,1193011.01893525,2478034.68037709,261.761622987864,5854.92476157898,1030.746155282,1997,APW,14706766.8858034,30745629.9890372,BRA
163679,76,pelagic<30cm,13629833.6557123,28310887.2848214,2990.55693715055,66890.9585078722,11776.0007366043,1997,APW,133137804.268362,276752632.708004,BRA
163753,76,pelagic>=90cm,3493170.30509954,7255756.25296874,766.445501276207,17143.386767704,3018.05415421901,1997,APW,43916728.3324283,91831009.5816063,BRA
163854,76,rays<90cm,455661.596773626,946466.731152905,99.9778855447263,2236.2445304416,393.68575103627,1997,APW,5078458.01482623,10585623.5892369,BRA
163952,76,reef-associated30-90cm,2220646.8140752,4612564.11785572,487.237841821394,10898.239674311,1918.61024711244,1997,APW,25052663.869399,52240249.2929447,BRA
164055,76,reef-associated>=90cm,369534.208124838,767569.258611123,81.080453183595,1813.55825810525,319.27279649923,1997,APW,4344090.59864774,9066554.29442431,BRA
164101,76,shark>=90cm,1224116.50702676,2542644.71081052,268.586558313215,6007.58076354158,1057.62089637794,1997,APW,13866398.1149793,28915228.0961396,BRA
164149,76,shrimp,6798207.11662329,14120735.4601082,1491.61214775967,33363.473220041,5873.5633930054,1997,APW,67941467.5867988,141313929.329704,BRA
164225,76,bathydemersal30-90cm,8867.61207486207,19444.2133786502,28.5812654080809,43.0936906010604,99.6165073076239,1997,UP,72754.2068192886,159525.836011111,BRA
164299,76,benthopelagic30-90cm,36491.3237018941,80015.3500783423,117.615452616904,177.335882530363,409.934284847609,1997,UP,298547.067265156,654614.381920928,BRA
164374,76,benthopelagic>=90cm,74174.2225617866,162643.493931742,239.071479850393,360.462430095821,833.254423116888,1997,UP,606175.342062997,1329140.39509076,BRA
164436,76,cephalopods,44178.547426116,96871.2992472191,142.392199689109,214.693272316485,496.290608493082,1997,UP,361041.387270514,791643.454722712,BRA
164508,76,demersal30-90cm,2291331.90303497,5024255.24118492,7385.2086340464,11135.1226531032,25740.2420556861,1997,UP,18679878.140079,40958730.813425,BRA
164600,76,demersal<30cm,937904.046828661,2056563.39736982,3022.96540076603,4557.90651037759,10536.1764301367,1997,UP,7668123.17628414,16813636.5633796,BRA
164737,76,demersal>=90cm,1085032.96996451,2379176.31181319,3497.17771021871,5272.90489309405,12188.9854753444,1997,UP,8848394.32728388,19401574.3897977,BRA
164801,76,demersalmollusc,287080.457255094,629487.80580203,925.291123812348,1395.11700535845,3224.98912070112,1997,UP,2345771.26046108,5143494.22734853,BRA
164886,76,flatfish<90cm,32083.3669678116,70349.9237405883,103.408134991758,155.914656378635,360.416415718309,1997,UP,260992.003416067,572268.086576702,BRA
164975,76,lobsterscrab,635691.456417498,1393895.02125452,2048.90178777928,3089.25229355156,7141.19675951125,1997,UP,5191116.40651191,11382385.8258304,BRA
165075,76,pelagic30-90cm,176699.493878126,387452.973118383,569.521432530962,858.701672362724,1984.99734478266,1997,UP,1443400.2300207,3164895.45879879,BRA
165166,76,pelagic<30cm,3476805.50325799,7623669.99263047,11206.1172750882,16896.1361156289,39057.5521232275,1997,UP,28312860.4017679,62080634.1401814,BRA
165235,76,pelagic>=90cm,447387.406700094,980996.476318332,1441.97762635296,2174.15628022322,5025.83677461692,1997,UP,3670637.03646373,8048492.16769181,BRA
165330,76,rays<90cm,81478.9197925802,178660.668614498,262.615302980729,395.960866398712,915.313541053961,1997,UP,671061.994143117,1471416.87189858,BRA
165425,76,reef-associated30-90cm,367346.197729837,805488.308712002,1183.99621965073,1785.18221758046,4126.67411267553,1997,UP,2991319.78864021,6558963.834792,BRA
165524,76,reef-associated>=90cm,39323.4905548366,86225.5063354778,126.743830338049,191.099285920241,441.75012970198,1997,UP,323401.434809069,709112.212652781,BRA
165560,76,shark>=90cm,188790.94286119,413966.166534932,608.493470283141,917.462154552935,2120.82961911,1997,UP,1545593.26930802,3388971.57166,BRA
165607,76,shrimp,1870858.78656274,4102274.3372335,6029.97865359617,9091.76100914001,21016.7535983535,1997,UP,15303167.5706086,33554746.5170303,BRA
165681,76,bathydemersal30-90cm,79335.7414672046,129274.834647962,1.23327164167144,401.513068975139,107.339024920094,1997,I,759990.914236083,1238187.17708403,BRA
165795,76,benthopelagic30-90cm,256203.846027533,417475.266744338,3.98268084408747,1296.63113496295,346.63659158894,1997,I,2367867.13606027,3857750.47213471,BRA
165884,76,benthopelagic>=90cm,556682.36547728,907094.575756376,8.65361011399261,2817.33353559843,753.175569995058,1997,I,5224522.75840214,8511849.25748038,BRA
165961,76,cephalopods,358932.663808336,584868.30658482,5.5795971318601,1816.53505388464,485.625790250978,1997,I,3483481.72793414,5675335.31612984,BRA
166049,76,demersal30-90cm,10833248.3128496,17652401.7856802,168.402509188689,54826.3707708592,14657.0800135423,1997,I,95199664.6316728,155099466.041692,BRA
166151,76,demersal<30cm,7484211.1321957,12195262.0432114,116.34183003677,37877.1096730467,10125.9269828351,1997,I,70905507.8293286,115520092.375661,BRA
166282,76,demersal>=90cm,5164202.62992109,8414888.78436444,80.2773697900015,26135.6963255487,6987.02078702641,1997,I,45606170.6249116,74301655.7900378,BRA
166358,76,demersalmollusc,1449911.35803878,2362580.1889322,22.538827112944,7337.90783752503,1961.68925271575,1997,I,12846412.8478842,20929416.0527458,BRA
166442,76,flatfish<90cm,223876.68541775,364799.281555554,3.4801561345619,1133.02546080345,302.89885328692,1997,I,2093156.28704582,3410190.22141527,BRA
166558,76,lobsterscrab,3640035.01987131,5931310.61239496,56.5842315415168,18421.9823874674,4924.86491563821,1997,I,33270754.7532217,54204919.3266627,BRA
166655,76,pelagic30-90cm,2560641.54105982,4172476.4361098,39.8050933749747,12959.2416316064,3464.47592351381,1997,I,28393760.4673826,46259992.5979641,BRA
166759,76,pelagic<30cm,16286215.7771938,26537822.8362317,253.168719377985,82423.4872928682,22034.7914928717,1997,I,141587995.813876,230675239.402806,BRA
166850,76,pelagic>=90cm,8515903.60499878,13876369.0873082,132.37945754366,43098.4387150769,11521.7778566037,1997,I,96347339.2152163,156971881.811876,BRA
166956,76,rays<90cm,571928.629050225,931937.832603057,8.89061280859443,2894.49389188132,773.803335430024,1997,I,5425735.49655935,8839673.63278742,BRA
167071,76,reef-associated30-90cm,2688983.39921323,4381605.03545682,41.8001635813261,13608.7714953494,3638.1188447981,1997,I,25226006.1815246,41098487.1696727,BRA
167166,76,reef-associated>=90cm,452646.848847949,737572.315536099,7.03638123312774,2290.81649811004,612.418444574269,1997,I,4354484.84937526,7094385.98339828,BRA
167213,76,shark>=90cm,1540247.48753961,2509779.77373452,23.9430994455823,7795.09316061436,2083.91149298666,1997,I,14691197.7955111,23935084.5334624,BRA
167266,76,shrimp,8125354.83998398,13239983.4421306,126.308389098655,41121.8966127968,10993.3763714073,1997,I,71337122.4091164,116222548.83209,BRA
167364,76,bathydemersal30-90cm,97858.0236882141,206137.644068948,20.8198544162499,480.222653389364,82.2728832433684,1998,APW,1109257.28892002,2346172.95407645,BRA
167436,76,benthopelagic30-90cm,241106.147289027,507889.402416849,51.2967122799664,1183.18998724648,202.706913112916,1998,APW,2605878.83000521,5505969.7606217,BRA
167513,76,benthopelagic>=90cm,623483.092287738,1313365.33190682,132.649595027407,3059.64389671078,524.185444613483,1998,APW,7013025.00775923,14831458.9825815,BRA
167581,76,cephalopods,192281.124520935,405039.633070451,40.908909342718,943.588970367234,161.657898978393,1998,APW,2201135.42851471,4656845.63868231,BRA
167658,76,demersal30-90cm,11167915.9096858,23525182.5861268,2376.03800495087,54804.7672418356,9389.28262680617,1998,APW,111230565.352622,234585478.350738,BRA
167757,76,demersal<30cm,5577192.55798316,11748340.0041318,1186.57962558656,27369.1835141839,4688.95339242371,1998,APW,63697885.3215167,134708496.842079,BRA
167898,76,demersal>=90cm,4789523.79376289,10089118.0288302,1018.99858949755,23503.8246024718,4026.73094166573,1998,APW,47115097.3745476,99353974.3589613,BRA
167963,76,demersalmollusc,1187346.61106157,2501142.20451972,252.614784687369,5826.71423933049,998.246494457287,1998,APW,11692833.0285025,24653676.9107759,BRA
168053,76,flatfish<90cm,236801.809247551,498822.326772923,50.3809397351684,1162.06713438826,199.088095894058,1998,APW,2658887.99144695,5622277.45269703,BRA
168147,76,lobsterscrab,3013155.42624596,6347203.19673407,641.066056145276,14786.5799791404,2533.2719304397,1998,APW,32901286.4096672,69540345.806076,BRA
168251,76,pelagic30-90cm,2404905.9447537,5065927.42193956,511.657498970892,11801.6925992811,2021.89394948749,1998,APW,27700801.4175031,58639683.569327,BRA
168349,76,pelagic<30cm,11258075.9224472,23715104.3924274,2395.22006349971,55247.213133609,9465.0835057078,1998,APW,111250672.188188,234581024.002037,BRA
168423,76,pelagic>=90cm,4083464.22124667,8601805.57998548,868.780375855479,20038.9497911328,3433.12037624526,1998,APW,51036632.6880748,108216081.311633,BRA
168528,76,rays<90cm,2994017.5056586,6306889.22232941,636.994354046243,14692.663684304,2517.1819681999,1998,APW,33026108.2479225,69816031.4468772,BRA
168626,76,reef-associated30-90cm,2453971.06585517,5169282.95773129,522.096384202245,12042.4718604615,2063.14482322845,1998,APW,27556709.9700213,58271023.9841019,BRA
168731,76,reef-associated>=90cm,563764.025932153,1187567.29122945,119.944021988664,2766.58209735759,473.977402508217,1998,APW,6671395.7748336,14123563.3815212,BRA
168824,76,shrimp,7082715.42806745,14919719.5786865,1506.88822976763,34757.2970296761,5954.70251183479,1998,APW,72016921.1805699,151957332.23263,BRA
168902,76,bathydemersal30-90cm,13193.9186305651,29395.1168555073,42.5222825590705,64.1133995324557,146.03862896586,1998,UP,107608.103980626,239737.481805229,BRA
168971,76,benthopelagic30-90cm,42396.2111505068,94455.7576786067,136.63747067528,206.016521722204,469.268056225836,1998,UP,347420.971271176,774011.166688241,BRA
169044,76,benthopelagic>=90cm,95057.2659874734,211780.860554477,306.357196583602,461.913146758339,1052.15388898144,1998,UP,776604.729750603,1730179.06617228,BRA
169107,76,cephalopods,28925.9456560188,64444.9595698553,93.2245581403039,140.560265879024,320.170645539675,1998,UP,237482.862912374,529082.789905025,BRA
169181,76,demersal30-90cm,2716152.80259351,6051396.19738812,8753.80697573288,13198.6405782782,30064.0956230867,1998,UP,22146099.1954059,49338749.6065999,BRA
169273,76,demersal<30cm,684733.29960513,1525537.32672882,2206.80630665425,3327.3344212583,7579.06085989859,1998,UP,5636793.66590443,12558089.9027843,BRA
169408,76,demersal>=90cm,1282383.67849516,2857060.06975321,4132.95569367749,6231.50554701724,14194.2329234759,1998,UP,10524031.0357717,23446248.8064057,BRA
169470,76,demersalmollusc,299074.872401209,666317.647466267,963.879389183221,1453.29885087791,3310.34968052865,1998,UP,2439820.04209143,5435615.45752833,BRA
169557,76,flatfish<90cm,36934.7092996262,82287.9181149084,119.035761023832,179.477366826888,408.816702482497,1998,UP,301569.593958435,671859.576691711,BRA
169645,76,lobsterscrab,564926.655367217,1258616.60317053,1820.68508509868,2745.15626299122,6252.96521269843,1998,UP,4620886.05977906,10294762.3663378,BRA
169744,76,pelagic30-90cm,430187.091688745,958426.392036944,1386.43700770422,2090.41435341673,4761.58257664989,1998,UP,3514296.35610854,7829418.33129559,BRA
169833,76,pelagic<30cm,2406450.28609847,5361400.91109565,7755.67607282209,11693.6986628222,26636.112461857,1998,UP,19586879.9218334,43637119.352822,BRA
169902,76,pelagic>=90cm,477172.319559527,1063106.15416195,1537.86428200886,2318.73035042648,5281.64476984863,1998,UP,3913129.44504734,8717973.96270834,BRA
170000,76,rays<90cm,493706.788878344,1099943.78150979,1591.15272466382,2399.07653620927,5464.65872480847,1998,UP,4017376.5042972,8950212.939148,BRA
170094,76,reef-associated30-90cm,376962.534536508,839845.845886823,1214.90118717355,1831.77949343402,4172.45954417784,1998,UP,3072112.5795782,6844283.72431986,BRA
170194,76,reef-associated>=90cm,52821.3625409593,117682.257093935,170.236376774258,256.675610579552,584.660219725787,1998,UP,435887.264373013,971104.118638949,BRA
170273,76,shrimp,1518482.5503824,3383071.64545758,4893.87162952459,7378.78420821815,16807.5244342271,1998,UP,12411063.376963,27650311.0999221,BRA
170348,76,bathydemersal30-90cm,80575.8992630318,133111.644018086,1.27687468648013,407.753247045093,106.139855721612,1998,I,774049.273122525,1278978.70732149,BRA
170454,76,benthopelagic30-90cm,190764.349995292,315143.318041319,3.0230152169531,965.360409780926,251.287305143575,1998,I,1767066.45720841,2919752.51090531,BRA
170543,76,benthopelagic>=90cm,502323.960313419,829840.793569311,7.96025555039549,2542.00359859118,661.694044507385,1998,I,4758602.91800614,7862747.33872182,BRA
170621,76,cephalopods,168670.42485452,278644.082845691,2.67289596299173,853.554400806549,222.183738838836,1998,I,1649508.47505811,2725523.90975554,BRA
170709,76,demersal30-90cm,8906766.40153867,14714006.6625085,141.144246114971,45072.5707577152,11732.576483191,1998,I,79008030.099147,130545511.722109,BRA
170811,76,demersal<30cm,4777318.77847529,7892145.94460108,75.7054835661014,24175.556983036,6292.99741636463,1998,I,46527042.0388127,76877862.1777714,BRA
170942,76,demersal>=90cm,3752951.77372678,6199888.36724735,59.4724869754081,18991.7616276959,4943.63405729046,1998,I,32869445.2085005,54310397.8200905,BRA
171015,76,demersalmollusc,939749.538328127,1552469.25142896,14.8920757707648,4755.58981242703,1237.89968619515,1998,I,8282783.712083,13685685.9095358,BRA
171097,76,flatfish<90cm,198901.201192049,328585.422316136,3.15195872755393,1006.53683507119,262.005698856225,1998,I,1904897.70847682,3147507.85373208,BRA
171210,76,lobsterscrab,2465806.24898644,4073519.83204296,39.0752769735437,12478.1791305381,3248.12160830513,1998,I,23026120.328629,38046530.201184,BRA
171307,76,pelagic30-90cm,3263344.24621169,5391055.16144699,51.7137469065773,16514.1093650721,4298.69093154231,1998,I,35401146.2216216,58493910.3725807,BRA
171414,76,pelagic<30cm,9019597.16223009,14900403.4410591,142.932258951326,45643.5492942166,11881.204556477,1998,I,79442104.5032701,131262569.681699,BRA
171507,76,pelagic>=90cm,6835830.09867089,11292813.2479419,108.326416383869,34592.6256421002,9004.6034490026,1998,I,78216248.7825709,129238383.667506,BRA
171613,76,rays<90cm,2462345.22012397,4067802.2012614,39.0204305469559,12460.6646408495,3243.56251424013,1998,I,23229151.8968347,38382027.5149225,BRA
171728,76,reef-associated30-90cm,1954817.5125356,3229364.80050361,30.9777119619435,9892.32754964368,2575.01375275129,1998,I,18497051.6008513,30563070.1344249,BRA
171822,76,reef-associated>=90cm,459578.71847693,759225.516956242,7.28287785101278,2325.69188114252,605.387210295087,1998,I,4482801.35629232,7407053.64816827,BRA
171919,76,shrimp,5575994.81556296,9211561.31950793,88.3619878531519,28217.2462528822,7345.06584029952,1998,I,49937972.4693292,82512978.9603394,BRA
172017,76,bathydemersal30-90cm,145843.684790042,313497.937757047,30.2850799161144,718.789411920603,131.381341370273,1999,APW,1657895.22962084,3578800.34157694,BRA
172099,76,benthopelagic30-90cm,276891.381071901,595191.194419608,57.4977080147002,1364.65691505996,249.433913518193,1999,APW,2888607.48202937,6224197.78355677,BRA
172178,76,benthopelagic>=90cm,603822.9302752,1297946.11048265,125.386476108943,2975.93639094836,543.945846156388,1999,APW,6653663.31726311,14355248.5637409,BRA
172246,76,cephalopods,395351.230628569,849826.275784209,82.096414608265,1948.48531820008,356.146891565073,1999,APW,4436600.23422801,9575226.06247457,BRA
172328,76,demersal30-90cm,12837803.7321925,27595469.7741351,2665.8261722923,63271.0110711962,11564.7645423377,1999,APW,125188160.081921,269334001.374449,BRA
172430,76,demersal<30cm,10126844.7819501,21768134.5592541,2102.88367275527,49910.0719781469,9122.63327148192,1999,APW,113926026.724826,245807687.309412,BRA
172572,76,demersal>=90cm,8111917.07705972,17436951.6141575,1684.47510980894,39979.5172054415,7307.51247956197,1999,APW,79470746.6950327,171004399.878751,BRA
172636,76,demersalmollusc,1814767.74606201,3900929.592649,376.844470830509,8944.06804684258,1634.80935836458,1999,APW,17402985.6090243,37429962.0396868,BRA
172726,76,flatfish<90cm,239938.308877954,515758.808003513,49.8242407257276,1182.5339999047,216.145230504029,1999,APW,2637722.25504026,5690640.64614134,BRA
172825,76,lobsterscrab,3300951.42074498,7095552.09421317,685.457020099227,16268.712175721,2973.61813149414,1999,APW,35083787.7985976,75635087.6171182,BRA
172932,76,pelagic30-90cm,2090813.39208399,4494302.83934997,434.166558257923,10304.5567636014,1883.48140272496,1999,APW,22566853.9610986,48679347.604439,BRA
173031,76,pelagic<30cm,4866983.42717651,10461812.3829915,1010.65042517706,23986.8881568905,4384.35721100897,1999,APW,46579322.8256738,100167535.4137,BRA
173104,76,pelagic>=90cm,4445818.91505643,9556499.23078899,923.193769609491,21911.1822912274,4004.95676854518,1999,APW,54146067.8627136,117116168.595698,BRA
173210,76,rays<90cm,764679.186296605,1643714.28419979,158.788982193648,3768.71513783635,688.85106241115,1999,APW,8150750.52352017,17571000.3621543,BRA
173312,76,reef-associated30-90cm,2631391.52380003,5656301.2469842,546.41997494506,12968.7916802705,2370.45401427502,1999,APW,28848776.0213845,62232904.8009687,BRA
173423,76,reef-associated>=90cm,631301.929159537,1357013.52566946,131.092610580415,3111.36641300707,568.69993638754,1999,APW,7336985.00132982,15846931.8849974,BRA
173470,76,shark>=90cm,1724427.39719855,3706738.71557592,358.084901714312,8498.82637370636,1553.42745807437,1999,APW,19245301.7983074,41528752.3525914,BRA
173519,76,shrimp,6718343.30464946,14441398.5026747,1395.09341236209,33111.3002251808,6052.13010368968,1999,APW,66229237.8362777,142525099.089406,BRA
173598,76,bathydemersal30-90cm,18326.2983822987,41735.7902154189,58.9779293730606,88.9245666490074,93.1366213377042,1999,UP,149714.374545976,340947.045552952,BRA
173674,76,benthopelagic30-90cm,47061.8807330482,107177.387404908,151.455150414776,228.358027495384,239.17457163678,1999,UP,385686.800176488,878331.133483358,BRA
173749,76,benthopelagic>=90cm,86317.3673498267,196576.715084989,277.787662790856,418.837144618385,438.676037573057,1999,UP,704236.992120497,1603769.96969087,BRA
173812,76,cephalopods,53407.3034047442,121628.272353385,171.876071343084,259.147876569891,271.422831283817,1999,UP,436095.505001579,993127.451699171,BRA
173891,76,demersal30-90cm,2683523.68056477,6111380.43448751,8636.15045448327,13021.2427741035,13638.0148174895,1999,UP,21832590.7637175,49719682.4486803,BRA
173985,76,demersal<30cm,1274628.71084982,2902803.13944693,4102.02652587972,6184.87178295555,6477.82815231534,1999,UP,10536167.5792276,23994219.512512,BRA
174121,76,demersal>=90cm,1721820.73897887,3921225.53346564,5541.1856676225,8354.77846463857,8750.51594339294,1999,UP,14059413.6833304,32017728.3556447,BRA
174182,76,demersalmollusc,419969.575849955,956426.756178007,1351.55149537656,2037.81537106788,2134.33976372851,1999,UP,3427263.14662151,7804960.25897164,BRA
174269,76,flatfish<90cm,33799.0115534951,76972.9067080842,108.772414084816,164.002702174838,171.770953139513,1999,UP,275735.305297905,627936.357413629,BRA
174360,76,lobsterscrab,568148.580211144,1293885.40229072,1828.42307475813,2756.82329478626,2887.4046506735,1999,UP,4637149.969184,10560255.0519024,BRA
174461,76,pelagic30-90cm,363188.600429099,827115.379218179,1168.81822932108,1762.2974498883,1845.77149442292,1999,UP,2978778.61682892,6783627.67017313,BRA
174552,76,pelagic<30cm,1021046.97440807,2325303.31194128,3285.94651724004,4954.41893575285,5189.09293299002,1999,UP,8314829.07605066,18935487.6209373,BRA
174621,76,pelagic>=90cm,509670.044705699,1160708.05032108,1640.2266989853,2473.06831494194,2590.20916121149,1999,UP,4202197.3719515,9569752.71795927,BRA
174719,76,rays<90cm,131047.344001156,298443.490519773,421.738249470646,635.880090605866,665.999570722728,1999,UP,1077129.36233098,2452965.8854653,BRA
174817,76,reef-associated30-90cm,396485.874486565,902945.643236472,1275.97594533718,1923.86557479745,2014.99255264073,1999,UP,3223740.83540963,7341472.66222934,BRA
174923,76,reef-associated>=90cm,64816.9001525094,147612.16317376,208.594582475412,314.510581316363,329.40787931397,1999,UP,535832.94343561,1220263.42864016,BRA
174961,76,shark>=90cm,238451.165825499,543041.896727364,767.386611502735,1157.03488755068,1211.83970028965,1999,UP,1947619.26091093,4435344.76063398,BRA
175008,76,shrimp,1382639.33890667,3148783.46889364,4449.62771954084,6708.97098144507,7026.75214972746,1999,UP,11284194.2551858,25697672.4682618,BRA
175086,76,bathydemersal30-90cm,109519.047345427,182977.454761998,1.7628688385916,554.186923638327,144.898197510243,1999,I,1061330.2240451,1773208.41349058,BRA
175202,76,benthopelagic30-90cm,195235.405914295,326186.891865026,3.14259867683616,987.927777052943,258.304460208978,1999,I,1781945.19148393,2977143.31908864,BRA
175293,76,benthopelagic>=90cm,435214.751343262,727129.110468761,7.0054163347365,2202.2682813175,575.80698999881,1999,I,4096842.43604831,6844740.46543176,BRA
175372,76,cephalopods,310239.143114765,518327.817403659,4.99375159996969,1569.86826020033,410.459127649897,1999,I,3030349.54563801,5062926.15540021,BRA
175462,76,demersal30-90cm,9104210.30134177,15210735.2002733,146.54554645275,46069.0119330887,12045.244132355,1999,I,80043106.1806366,133729363.729817,BRA
175567,76,demersal<30cm,7344737.87380156,12271120.6371572,118.224270929882,37165.7514000643,9717.38985039208,1999,I,70836021.2375184,118348464.974305,BRA
175700,76,demersal>=90cm,5654729.88228734,9447562.83319478,91.0211268428587,28613.9939437795,7481.43987014838,1999,I,49651095.6021474,82952925.8295513,BRA
175771,76,demersalmollusc,1275030.84311784,2130240.39262235,20.5234814952898,6451.89524213814,1686.91817008811,1999,I,11083254.3367328,18516950.4753012,BRA
175853,76,flatfish<90cm,176083.726091733,294189.483986774,2.83432445071554,891.016684593415,232.966001257359,1999,I,1663728.11891748,2779650.30161208,BRA
175974,76,lobsterscrab,2432818.6658348,4064598.6078377,39.159765537563,12310.5188080801,3218.71900909533,1999,I,22621721.0405078,37794816.8981248,BRA
176070,76,pelagic30-90cm,1796916.39263091,3002173.55714102,28.9239907660295,9092.73402028903,2377.39418557588,1999,I,17731684.6024804,29624973.3233683,BRA
176175,76,pelagic<30cm,3459655.85096184,5780172.83116815,55.688208030842,17506.5075835135,4577.26677651811,1999,I,30065735.2894545,50231225.9593002,BRA
176267,76,pelagic>=90cm,6405940.3134453,10702637.4162526,103.112954633658,32415.2596408358,8475.32212226812,1999,I,72919124.1144996,121829764.07906,BRA
176378,76,rays<90cm,558861.317597287,933709.924780117,8.99568820005487,2827.94310073622,739.396475232651,1999,I,5218364.14750352,8718483.23351037,BRA
176496,76,reef-associated30-90cm,1867897.5656257,3120764.38390053,30.0665362960735,9451.9120706071,2471.30519259613,1999,I,17476993.8021113,29199410.4085851,BRA
176596,76,reef-associated>=90cm,458764.978310811,766475.331003333,7.38449159396432,2321.43684742971,606.964907468564,1999,I,4456977.44826833,7446462.09791977,BRA
176638,76,shark>=90cm,1269779.67851945,2121467.08098351,20.4389563404313,6425.32336423345,1679.97066366271,1999,I,12133338.5575892,20271628.4628529,BRA
176693,76,shrimp,4711161.85858816,7871109.42571822,75.8330229797529,23839.3627451712,6233.06062310207,1999,I,41620565.2218176,69536245.0105202,BRA
176791,76,bathydemersal30-90cm,352485.859923719,772958.385117269,71.2357177063512,1737.05173416,310.751119824399,2000,APW,3980111.99874083,8763830.9412598,BRA
176870,76,benthopelagic30-90cm,213941.941367732,469148.514338257,43.236649958437,1054.30674678071,188.610964059143,2000,APW,2249762.87695934,4946225.02236537,BRA
176946,76,benthopelagic>=90cm,644478.28694261,1413262.06965042,130.246000013878,3175.99158787361,568.171300299157,2000,APW,7135417.64330967,15708932.7853481,BRA
177015,76,cephalopods,327606.110599311,718400.137407477,66.2076385662067,1614.44422951065,288.817162061714,2000,APW,3636477.20647002,8005770.22816703,BRA
177096,76,demersal30-90cm,15216228.6773297,33367328.688161,3075.12752667047,74985.6360679281,13414.609317967,2000,APW,147551359.55263,323812993.086194,BRA
177196,76,demersal<30cm,9232596.70998069,20245955.5255069,1865.86393301309,45498.2736877518,8139.44640824582,2000,APW,98254757.499904,216131416.266282,BRA
177340,76,demersal>=90cm,8219650.66821704,18024688.7296644,1661.15235026064,40506.4715234413,7246.43436836466,2000,APW,78671134.4415928,172618546.830033,BRA
177404,76,demersalmollusc,1324175.97957914,2903755.98898654,267.609674598703,6525.5445485352,1167.39198726394,2000,APW,13187392.6995735,28959959.8526252,BRA
177492,76,flatfish<90cm,268930.463370828,589731.618513547,54.3495690166646,1325.29040418201,237.088780427858,2000,APW,2921546.961962,6428237.72893831,BRA
177591,76,lobsterscrab,3262846.44894576,7155023.24719783,659.40576625278,16079.3204120744,2876.52159449568,2000,APW,34806248.6250733,76562424.4721559,BRA
177698,76,pelagic30-90cm,2778162.80036305,6092171.27809385,561.453503501606,13690.7974441692,2449.22505956447,2000,APW,30892695.1607842,68042223.3144237,BRA
177797,76,pelagic<30cm,4089117.65030867,8966934.9466135,826.391250612107,20151.1882127416,3604.96131448258,2000,APW,39115218.5396526,85813186.1096275,BRA
177871,76,pelagic>=90cm,4925719.9346931,10801501.4477014,995.464597769336,24273.9676320542,4342.5089051189,2000,APW,59922376.9863003,132240587.11301,BRA
177977,76,rays<90cm,842375.709244622,1847226.91577088,170.24012889318,4151.23088022394,742.637435207435,2000,APW,9014825.57486913,19832469.2729343,BRA
178075,76,reef-associated30-90cm,3654894.58888227,8014736.87428952,738.636832797864,18011.3352211174,3222.15077388094,2000,APW,39631096.6115324,87202013.5372594,BRA
178186,76,reef-associated>=90cm,520931.238283981,1142338.5005806,105.277728425328,2567.15123561306,459.252367409262,2000,APW,5957087.47536498,13121960.495014,BRA
178237,76,shark>=90cm,1967397.55859642,4314262.25184023,397.60169991122,9695.34307470273,1734.45537533316,2000,APW,21880473.3195939,48167334.6891695,BRA
178284,76,shrimp,8009888.59615948,17564706.1575648,1618.76043203213,39472.7631894178,7061.50837217668,2000,APW,78983056.2628549,173412773.955367,BRA
178362,76,bathydemersal30-90cm,31716.135763504,73833.2181260817,102.064901088563,153.889381940899,159.892901678943,2000,UP,259318.830178852,603664.186427287,BRA
178436,76,benthopelagic30-90cm,27374.4092976367,63725.945298506,88.0929000353242,132.822956719021,138.004634832683,2000,UP,223863.85457921,521129.053236044,BRA
178509,76,benthopelagic>=90cm,75430.2086015636,175596.897632897,242.740062579355,365.993772631185,380.271891175038,2000,UP,614303.150073521,1430025.57996754,BRA
178573,76,cephalopods,37734.050784713,87842.5550685863,121.431002494456,183.088816263297,190.231461898679,2000,UP,307404.855292236,715602.457013126,BRA
178650,76,demersal30-90cm,2696531.65902674,6277360.25754765,8677.64090534137,13083.800419003,13594.2245501122,2000,UP,21986742.1209402,51182559.5465616,BRA
178742,76,demersal<30cm,1596367.02673509,3716244.49375211,5137.2286932965,7745.70827060779,8047.88319587705,2000,UP,13188460.6619481,30701243.3966766,BRA
178879,76,demersal>=90cm,1523096.34565984,3545674.84370349,4901.43815209059,7390.19270877716,7678.49829058872,2000,UP,12543239.6118099,29199225.8569274,BRA
178939,76,demersalmollusc,219183.804284271,510246.448435464,705.349903635848,1063.49841683976,1104.98752841035,2000,UP,1789363.56107077,4165429.51132914,BRA
179024,76,flatfish<90cm,33844.0693202018,78786.9168875262,108.912750700725,164.214296120019,170.620610549199,2000,UP,276208.517968223,642981.13760813,BRA
179117,76,lobsterscrab,452104.694865609,1052471.99093684,1454.9067801706,2193.65034202895,2279.22884628076,2000,UP,3698183.90547849,8608942.06065516,BRA
179218,76,pelagic30-90cm,381383.050021478,887836.340839119,1227.31922853253,1850.50292028564,1922.69458592967,2000,UP,3124014.77198256,7272347.62212598,BRA
179308,76,pelagic<30cm,756692.829615579,1761534.48074648,2435.09421781484,3671.53781712107,3814.77154433512,2000,UP,6205745.78422396,14446260.7481585,BRA
179378,76,pelagic>=90cm,462527.821542354,1076736.39033336,1488.44918272646,2244.22423710042,2331.77572593026,2000,UP,3794205.14060223,8832475.43413949,BRA
179476,76,rays<90cm,112889.422521285,262799.649342293,363.286619451239,547.749057104746,569.117797652981,2000,UP,920454.70951209,2142710.667371,BRA
179569,76,reef-associated30-90cm,471507.162217361,1097639.74450077,1517.34537375896,2287.79275998156,2377.04394039359,2000,UP,3851647.87924014,8966187.10323375,BRA
179673,76,reef-associated>=90cm,44210.4199039406,102919.145023003,142.272443535568,214.51270877059,222.881260680559,2000,UP,363112.574523541,845284.447305625,BRA
179713,76,shark>=90cm,218516.346253456,508692.647091359,703.201973686126,1060.25985383828,1101.62262285907,2000,UP,1785652.25255166,4156790.4061909,BRA
179759,76,shrimp,1392696.88220932,3242112.89339979,4481.80290906095,6757.48344730034,7021.1058281541,2000,UP,11356815.8061808,26437335.9731329,BRA
179833,76,bathydemersal30-90cm,226147.532420705,381562.527528642,3.70490250642196,1144.27001071275,290.296649156027,2000,I,2200469.32929787,3712399.13310152,BRA
179946,76,benthopelagic30-90cm,126737.493719266,213835.092156599,2.07629971953282,641.271261037091,162.687911538617,2000,I,1169145.48447613,1972463.62030847,BRA
180034,76,benthopelagic>=90cm,391107.076812704,659886.947098661,6.40738182571516,1978.93867858684,502.048696462107,2000,I,3711275.09344274,6261273.91913696,BRA
180115,76,cephalopods,217482.566893036,366942.752055987,3.56294715471908,1100.42668378789,279.173775380623,2000,I,2122880.73858167,3581500.95600611,BRA
180206,76,demersal30-90cm,9069794.9224176,15302815.1035765,148.5875418631,45891.698317231,11642.5372690431,2000,I,80007215.1287229,134980268.762774,BRA
180312,76,demersal<30cm,5773684.7612886,9741524.60161529,94.5884260350655,29213.9129396349,7411.4509300383,2000,I,54149513.8836423,91355400.5929966,BRA
180445,76,demersal>=90cm,4813735.11055321,8121870.33824956,78.8618787277431,24356.7226560494,6179.20150425828,2000,I,41961065.2591903,70792570.4419337,BRA
180517,76,demersalmollusc,799894.146427866,1349604.07924592,13.1044093041872,4047.33526695902,1026.79250090403,2000,I,7188908.85029219,12128406.1314004,BRA
180602,76,flatfish<90cm,167323.467868133,282312.898271435,2.74120671957906,846.629739093421,214.786522441127,2000,I,1588830.80851121,2680509.52684392,BRA
180722,76,lobsterscrab,1988372.59231306,3354838.60412084,32.5748705816386,10060.8443662978,2552.39530868885,2000,I,18551355.7678097,31297929.4099336,BRA
180819,76,pelagic30-90cm,2247145.6123908,3791447.77929151,36.8142659905476,11370.1940783507,2884.57200686659,2000,I,23251335.347097,39227276.1926677,BRA
180926,76,pelagic<30cm,2419759.2417023,4082686.38791565,39.6421397286924,12243.5911804425,3106.14930046523,2000,I,21184712.5849625,35740769.5495516,BRA
181020,76,pelagic>=90cm,6349003.31287263,10712218.3709735,104.01368538209,32124.9319462877,8149.96461592477,2000,I,73255014.3260971,123588316.495376,BRA
181129,76,rays<90cm,545080.676067059,919675.568602962,8.92988192860836,2758.02023734777,699.698520201418,2000,I,5169574.46807642,8721562.41240648,BRA
181249,76,reef-associated30-90cm,2172169.26592125,3664945.56209921,35.5859525485037,10990.8258674329,2788.32783425461,2000,I,20312095.4737803,34268465.7949701,BRA
181348,76,reef-associated>=90cm,310227.56258406,523424.737920275,5.08235867920367,1569.70139166087,398.226860713468,2000,I,2990740.4799063,5045663.49368189,BRA
181393,76,shark>=90cm,1238602.12669242,2089804.62003857,20.2916214672886,6267.12683356879,1589.94459575814,2000,I,11944814.4220786,20152038.0579714,BRA
181446,76,shrimp,4746124.1375482,8007795.1879602,77.7542298373636,24014.6220459892,6092.4119704551,2000,I,42109576.0941069,71043084.8168585,BRA
181544,76,bathydemersal30-90cm,1196459.85726729,2677003.16368055,236.097775248314,5895.38447553448,1033.43825602055,2001,APW,13006846.2252232,29199054.3154281,BRA
181624,76,benthopelagic30-90cm,201929.888368727,451805.337823365,39.846884214642,994.980585269611,174.416275152625,2001,APW,2058858.18971284,4615432.15910378,BRA
181702,76,benthopelagic>=90cm,1005165.15105599,2248993.37245143,198.349534654247,4952.80722615995,868.208084383622,2001,APW,11375677.9842805,25557275.2800204,BRA
181772,76,cephalopods,337349.295244131,754797.685144728,66.5692355702098,1662.24030495864,291.384341254145,2001,APW,3694252.43353046,8296194.27299615,BRA
181858,76,demersal30-90cm,18665189.3559332,41762179.1930853,3683.20730090308,91970.0455418602,16121.9957519894,2001,APW,183764051.719286,411581174.820109,BRA
181958,76,demersal<30cm,9045136.32497267,20237919.7352915,1784.87940917743,44568.6129337677,7812.70667157841,2001,APW,97592831.003119,219025588.015906,BRA
182099,76,demersal>=90cm,7820710.2592322,17498343.9511389,1543.26305379244,38535.4289739707,6755.11269521632,2001,APW,75005726.9667094,167949464.977202,BRA
182164,76,demersalmollusc,1232808.79480206,2758331.60958367,243.27052177422,6074.48865587374,1064.83453094442,2001,APW,12079036.6404709,27054768.2805848,BRA
182255,76,flatfish<90cm,320420.27501531,716920.074429001,63.2286270333825,1578.82498397081,276.761955860148,2001,APW,3511056.21521193,7885254.46073509,BRA
182353,76,lobsterscrab,3398463.45096379,7603846.76061085,670.619791513831,16745.4416023984,2935.41159829235,2001,APW,36374052.0682675,81648477.3216127,BRA
182461,76,pelagic30-90cm,2116760.86775909,4736118.39572178,417.701044105287,10430.0358114045,1828.34521885744,2001,APW,22348936.5377623,50154634.7613969,BRA
182563,76,pelagic<30cm,8268274.94025533,18499741.5824703,1631.58112382835,40740.7397967907,7141.69521246797,2001,APW,80581832.6305583,180462237.824907,BRA
182636,76,pelagic>=90cm,4793128.17688743,10724320.7663987,945.829391742239,23617.4521624224,4140.04865597336,2001,APW,57895671.0147922,130346141.967737,BRA
182743,76,rays<90cm,874650.725058997,1956975.60923295,172.595084616885,4309.7160967899,755.47667934015,2001,APW,9477461.11319959,21278526.1851905,BRA
182844,76,reef-associated30-90cm,3093897.40259423,6922399.51431778,610.51968368367,15244.7360480693,2672.34367841329,2001,APW,32577680.8589347,73091634.8579603,BRA
182961,76,reef-associated>=90cm,365290.586176111,817314.554196291,72.0828987211605,1799.91701160805,315.518539151649,2001,APW,4101149.64873954,9213861.43514956,BRA
183010,76,shark>=90cm,1734382.29375914,3880570.55088269,342.246167725058,8545.92018876675,1498.06698657584,2001,APW,19314420.1558899,43385643.4068669,BRA
183059,76,shrimp,5481309.78998009,12264083.5459403,1081.62847169556,27008.3684338978,4734.46325479179,2001,APW,53646873.4156403,120146780.904936,BRA
183138,76,bathydemersal30-90cm,122747.05783595,292089.872890435,394.99265753631,595.554155161643,613.91959916894,2001,UP,1003215.84593676,2387204.75422916,BRA
183213,76,benthopelagic30-90cm,24670.435220648,58705.9634242435,79.3879783530515,119.698023434008,123.389219823302,2001,UP,202110.626936831,480932.971831214,BRA
183288,76,benthopelagic>=90cm,77325.0119336628,184003.212012956,248.827242755786,375.171779812136,386.741166501055,2001,UP,632318.905320421,1504636.02100142,BRA
183353,76,cephalopods,37888.7920017825,90160.4701154107,121.9238563227,183.831921583607,189.500851660471,2001,UP,309966.455754734,737581.558467131,BRA
183433,76,demersal30-90cm,2739044.82871857,6517852.8102145,8814.08169841908,13289.5203980979,13699.3369372652,2001,UP,22311592.7191571,53091577.7291704,BRA
183525,76,demersal<30cm,949429.71560845,2259270.48549797,3055.20778358152,4606.52028760029,4748.57418761453,2001,UP,7868376.70196556,18723246.2328418,BRA
183660,76,demersal>=90cm,1418200.88315155,3374762.0757352,4563.68523720583,6880.94235173962,7093.13390540951,2001,UP,11596233.0023976,27593842.9456753,BRA
183721,76,demersalmollusc,191420.84278168,455506.556510761,615.980771606173,928.75120848546,957.391640540744,2001,UP,1561885.9085485,3716588.45267975,BRA
183809,76,flatfish<90cm,37693.3123322178,89695.3051424782,121.294814490359,182.883477429333,188.523159791513,2001,UP,307247.513512636,731111.275541338,BRA
183899,76,lobsterscrab,419308.950377502,997790.905760639,1349.31101044984,2034.43725736822,2097.17436231951,2001,UP,3413611.55078875,8122863.25821009,BRA
184000,76,pelagic30-90cm,286142.240767269,680906.346822572,920.788539511176,1388.32818855801,1431.14085872366,2001,UP,2335137.86703095,5556582.69144544,BRA
184090,76,pelagic<30cm,1320311.92097487,3141824.72453793,4248.68443803949,6405.9967261858,6603.54211003718,2001,UP,10761492.9272759,25607527.5520421,BRA
184159,76,pelagic>=90cm,418567.830711177,996027.33152147,1346.92613188969,2030.84143271439,2093.46765116482,2001,UP,3436726.30459029,8177879.86339167,BRA
184258,76,rays<90cm,92366.8872387454,219796.977854312,297.231093779449,448.153173397454,461.973129049496,2001,UP,756905.061059328,1801095.65375637,BRA
184351,76,reef-associated30-90cm,393516.764260454,936415.615001624,1266.31330510638,1909.29663173107,1968.17470365697,2001,UP,3217786.6352368,7656892.07073179,BRA
184458,76,reef-associated>=90cm,31559.5975345006,75099.4687355002,101.556888781719,153.123421271905,157.845375766222,2001,UP,259424.542789635,617314.751357758,BRA
184496,76,shark>=90cm,182960.399563397,435374.018690361,588.755573628793,887.702142202407,915.07672072978,2001,UP,1495212.82160654,3557937.05544008,BRA
184543,76,shrimp,884292.761465071,2104270.07252157,2845.60097854265,4290.48351752545,4422.79161095813,2001,UP,7234737.4530192,17215437.6093424,BRA
184620,76,bathydemersal30-90cm,681724.510151008,1163727.16997324,11.3868187134268,3449.18500835866,846.762319583555,2001,I,6584943.5109598,11236919.6316497,BRA
184744,76,benthopelagic30-90cm,103691.266509258,177004.555841817,1.73195130338648,524.625939974247,128.793751790569,2001,I,946982.949046813,1615996.60051541,BRA
184839,76,benthopelagic>=90cm,565141.614908913,964716.160794005,9.43953902281675,2859.33387566136,701.956021248916,2001,I,5575571.73494123,9514464.56316145,BRA
184920,76,cephalopods,194078.48744955,331298.648632014,3.24168563673116,981.940064334242,241.062698739768,2001,I,1897997.89937621,3238852.59281708,BRA
185016,76,demersal30-90cm,9758183.11915313,16657553.977071,162.99056363047,49371.5253335193,12120.5291138277,2001,I,87824453.4565764,149869945.3115,BRA
185124,76,demersal<30cm,4908516.72326445,8379006.7543054,81.9867692115918,24834.6392759317,6096.81322061518,2001,I,47220783.5741683,80580755.5884333,BRA
185261,76,demersal>=90cm,3995040.66392965,6819671.72448153,66.7290131359054,20212.907355725,4962.19491751934,2001,I,35039166.6539121,59793241.1530751,BRA
185336,76,demersalmollusc,644132.390246824,1099556.12924052,10.758918956225,3258.98768601622,800.069571744581,2001,I,5768828.02388498,9844332.06324651,BRA
185424,76,flatfish<90cm,176250.929795119,300866.394975578,2.94391261538387,891.741540323875,218.919290592933,2001,I,1697182.94557459,2896167.20691964,BRA
185546,76,lobsterscrab,1811705.64065649,3092643.7976518,30.2608508056703,9166.32428827739,2250.29912793526,2001,I,17066589.9379236,29123434.2579387,BRA
185647,76,pelagic30-90cm,1280921.97379521,2186577.8350716,21.3951912898366,6480.82444316543,1591.01872616568,2001,I,12540468.5111612,21399927.4266719,BRA
185756,76,pelagic<30cm,4264745.15200493,7280066.55547772,71.2338770012674,21577.477153502,5297.19181806226,2001,I,37997698.7653707,64841962.2713158,BRA
185851,76,pelagic>=90cm,5328129.84449768,9095300.77452219,88.9955513077491,26957.6717700218,6618.00994241772,2001,I,61598015.9921531,105115190.123068,BRA
185965,76,rays<90cm,475701.038899235,812038.023436932,7.94561646395043,2406.80930111847,590.862891283457,2001,I,4541894.30061755,7750546.07758614,BRA
186092,76,reef-associated30-90cm,1604400.42580227,2738766.67073208,26.7982396412717,8117.46359956405,1992.80766037332,2001,I,14902351.6771359,25430322.1406105,BRA
186199,76,reef-associated>=90cm,192129.675180823,327971.959107837,3.20913469910156,972.080049091563,238.6421010166,2001,I,1857183.35286393,3169208.84928168,BRA
186243,76,shark>=90cm,938136.787555321,1601431.74049545,15.6696632866007,4746.5028691851,1165.24911527832,2001,I,9097989.56215905,15525329.6898189,BRA
186299,76,shrimp,2813674.76971838,4803039.5390422,46.9967032786151,14235.7868751997,3494.83367413724,2001,I,25111418.8996994,42851942.1098735,BRA
186399,76,bathydemersal30-90cm,936290.998652122,2120991.27253932,180.97587075629,4612.92471334672,794.542724736868,2002,APW,10459414.0717907,23786667.4655417,BRA
186487,76,benthopelagic30-90cm,205201.246402667,464844.854175466,39.6633891615534,1010.98686423676,174.135132849605,2002,APW,2075781.88197089,4710965.61636793,BRA
186566,76,benthopelagic>=90cm,1346961.28630629,3051287.61978567,260.354411198249,6636.21781526085,1143.04024291332,2002,APW,15549177.5763386,35381727.9331265,BRA
186636,76,cephalopods,845005.576617727,1914201.3068943,163.331293628225,4163.17908952149,717.077312748098,2002,APW,9414105.93119464,21410928.3226894,BRA
186723,76,demersal30-90cm,19987792.2297268,45278586.3984699,3863.44428012024,98475.987566344,16961.7724858446,2002,APW,195421528.515947,443066609.411251,BRA
186823,76,demersal<30cm,9621016.03050289,21794603.4545179,1859.64807542427,47400.8857059422,8164.45774082795,2002,APW,94696361.3794944,214833615.670154,BRA
186964,76,demersal>=90cm,8588267.966897,19455106.8313598,1660.02799966576,42312.7356840721,7288.06091376732,2002,APW,83296766.7460816,188879844.758464,BRA
187032,76,demersalmollusc,1339868.59148426,3035220.45280664,258.983462825068,6601.27347928424,1137.02133524708,2002,APW,13221620.9635318,29986849.7285075,BRA
187124,76,flatfish<90cm,489670.31810791,1109256.06742303,94.6484718219689,2412.51097686948,415.537465736957,2002,APW,5398138.21729585,12273673.1353703,BRA
187224,76,lobsterscrab,3609374.36357386,8176359.20401676,697.656678611206,17782.689596951,3062.9389212946,2002,APW,39009949.4115496,88665523.7488599,BRA
187331,76,pelagic30-90cm,2408646.21271989,5456335.26667271,465.567698844004,11866.934165083,2043.99308285208,2002,APW,26521665.0645585,60324910.5136102,BRA
187435,76,pelagic<30cm,6244154.7398151,14144958.914054,1206.93389427203,30763.7430614199,5298.83094870452,2002,APW,59258001.2214739,134297020.416666,BRA
187509,76,pelagic>=90cm,4754143.04429542,10769617.479897,918.929241421659,23422.7435395478,4034.39718382552,2002,APW,56769090.5943662,129351535.62127,BRA
187618,76,rays<90cm,1358860.9753036,3078244.12854796,262.654504418323,6694.84528208029,1153.13839758217,2002,APW,14797569.7592242,33645057.8682146,BRA
187726,76,reef-associated30-90cm,3781712.25755779,8566758.31027106,730.967903938531,18631.7650781305,3209.18599625156,2002,APW,38887249.6820772,88284642.7413135,BRA
187803,76,reef-associated<30cm,179427.85406579,406460.078193486,34.6816451020414,884.006343620074,152.263661904637,2002,APW,1725684.33923858,3911120.29681983,BRA
187846,76,reef-associated>=90cm,580716.879980726,1315504.94026806,112.246879622556,2861.07978286353,492.800179415175,2002,APW,6545067.03758551,14888891.9557768,BRA
187898,76,shark>=90cm,1683904.97766436,3814570.22074677,325.482323382762,8296.27423266684,1428.97288458129,2002,APW,18771660.0252672,42691603.2322818,BRA
187947,76,shrimp,6029612.46442374,13658953.714441,1165.46497578527,29706.7347534952,5116.7689569668,2002,APW,59827106.997691,135708727.470686,BRA
188028,76,bathydemersal30-90cm,74267.6357787975,178840.162589907,238.979152334399,360.323222354266,368.603639714428,2002,UP,608579.124530194,1465457.52102694,BRA
188108,76,benthopelagic30-90cm,26285.1385208472,63295.9215339472,84.5805855650736,127.527229223632,130.457872094378,2002,UP,214825.945006531,517300.258899285,BRA
188184,76,benthopelagic>=90cm,90801.7233168098,218655.06813478,292.182707059443,440.541417506304,450.665291226004,2002,UP,740892.899314176,1784067.64778163,BRA
188248,76,cephalopods,80003.9440251355,192653.478291735,257.437503241403,388.153986725089,397.073969703413,2002,UP,655435.304109672,1578287.40176659,BRA
188329,76,demersal30-90cm,2590015.74633854,6236886.79905225,8334.17896102508,12565.9422153764,12854.7141834642,2002,UP,21118251.6672806,50852675.4984921,BRA
188420,76,demersal<30cm,1622451.34190861,3906943.56617698,5220.74039825325,7871.6238843355,8052.51794561373,2002,UP,13236196.5267711,31872717.9192346,BRA
188553,76,demersal>=90cm,1365758.04465563,3288813.33306718,4394.75010053932,6626.22869903003,6778.50292324839,2002,UP,11187364.6054729,26939148.7539876,BRA
188616,76,demersalmollusc,177011.656580895,426252.877330365,569.589905473827,858.804913131536,878.540702196764,2002,UP,1443308.59835641,3475482.07851824,BRA
188705,76,flatfish<90cm,47618.900046089,114668.680876823,153.228579969953,231.031933757489,236.341169233732,2002,UP,388184.575538423,934747.097845964,BRA
188794,76,lobsterscrab,354498.17421243,853649.24370025,1140.70782365694,1719.91370280556,1759.43822523196,2002,UP,2893525.96863425,6967601.26396938,BRA
188893,76,pelagic30-90cm,253097.768630859,609472.021270506,814.420569213785,1227.95081070537,1256.16976685245,2002,UP,2068477.25619405,4980887.41110311,BRA
188984,76,pelagic<30cm,978583.975572323,2356478.90853145,3148.89745065863,4747.7818261603,4856.88835223635,2002,UP,7985952.52884232,19230147.8202643,BRA
189053,76,pelagic>=90cm,367300.739042973,884478.456881098,1181.90404673346,1782.02772280588,1822.97965811497,2002,UP,3006934.11528035,7240692.32796034,BRA
189154,76,rays<90cm,150589.452177118,362626.894329784,484.568267919244,730.612683331354,747.402547462464,2002,UP,1226490.06985058,2953383.28856338,BRA
189254,76,reef-associated30-90cm,455556.28567259,1097002.20485273,1465.89364060143,2210.21589143073,2261.00781629623,2002,UP,3714795.77957872,8945215.51930764,BRA
189323,76,reef-associated<30cm,23903.0237294951,57559.6705798694,76.9153924075034,115.969957087028,118.635007759162,2002,UP,195370.403405023,470451.378168849,BRA
189364,76,reef-associated>=90cm,45651.3166495966,109930.64214908,146.897270142863,221.485837638495,226.575698799896,2002,UP,375848.858822602,905043.969183964,BRA
189403,76,shark>=90cm,153499.127321135,369633.536865029,493.93105013513,744.729512457555,761.843788754507,2002,UP,1253756.44065443,3019041.81054688,BRA
189448,76,shrimp,832506.726305392,2004717.62334129,2678.84859506927,4039.06093291309,4131.88067972021,2002,UP,6804436.75815375,16385064.4066698,BRA
189525,76,bathydemersal30-90cm,454319.064472609,784781.920426493,7.6948458147335,2298.47372051233,547.127714076471,2002,I,4473072.27815388,7721908.62374174,BRA
189660,76,benthopelagic30-90cm,90155.612332491,155733.052201212,1.52697430172057,456.111842771724,108.57267049513,2002,I,821953.357308326,1418967.44161818,BRA
189756,76,benthopelagic>=90cm,691822.801504498,1195041.25892183,11.7174695164373,3500.04358799073,833.14889806029,2002,I,7006970.78332214,12096110.1611085,BRA
189838,76,cephalopods,423821.772274906,732101.490723406,7.17831023527104,2144.18298049115,510.400411459264,2002,I,4224415.61780379,7292673.10431943,BRA
189935,76,demersal30-90cm,9111863.95824675,15739656.675246,154.328518713886,46098.395358393,10973.2425695992,2002,I,82394587.7039057,142241539.84904,BRA
190044,76,demersal<30cm,4368070.95646779,7545320.85893273,73.9824390967455,22098.7783429891,5260.38386725049,2002,I,39457444.1296409,68116558.1716667,BRA
190183,76,demersal>=90cm,3755067.29438623,6486430.24927871,63.5999369469396,18997.4935454693,4522.15534332859,2002,I,33330692.843309,57540122.3617002,BRA
190261,76,demersalmollusc,601329.178376553,1038724.33344317,10.1847702932724,3042.22169386665,724.169167663184,2002,I,5442955.98486958,9396401.09651385,BRA
190352,76,flatfish<90cm,228028.631654165,393892.225653167,3.862142928033,1153.63377495483,274.610496756846,2002,I,2209857.15114,3814905.99088781,BRA
190472,76,lobsterscrab,1713368.4327013,2959639.32434652,29.0194864016387,8668.20836737472,2063.37666028357,2002,I,16359919.5051078,28242385.7891683,BRA
190574,76,pelagic30-90cm,1491889.6774588,2577061.22788331,25.2682793621356,7547.7114778867,1796.65405375373,2002,I,15650267.0497357,27017665.0981576,BRA
190685,76,pelagic<30cm,2874195.49797827,4964829.43149869,48.6805263697608,14541.0204772865,3461.33837558239,2002,I,25222612.8907306,43542977.8215446,BRA
190782,76,pelagic>=90cm,4331629.72524817,7482372.98450787,73.3652304487668,21914.4162528825,5216.49839315428,2002,I,50008593.231018,86331820.738024,BRA
190898,76,rays<90cm,628341.786454663,1085385.38753712,10.6422854416983,3178.88285261003,756.699932195763,2002,I,5992194.8228703,10344352.1158406,BRA
191025,76,reef-associated30-90cm,1680359.22411198,2902619.8590979,28.4604062519733,8501.20943554357,2023.62430505298,2002,I,15482675.359422,26728263.4577529,BRA
191091,76,reef-associated<30cm,80398.6310318202,138879.032369149,1.3617193683555,406.749694306404,96.8225255138274,2002,I,721169.483460648,1244987.26457093,BRA
191134,76,reef-associated>=90cm,264420.148445893,456754.224341684,4.47850955795134,1337.74435171979,318.436100723404,2002,I,2576490.83712784,4447830.07579883,BRA
191184,76,shark>=90cm,791886.138648472,1367888.72236537,13.412251908905,4006.28021506068,953.653251048424,2002,I,7734010.14088803,13351311.6320005,BRA
191241,76,shrimp,2660603.43759525,4595874.65842568,45.0628970417764,13460.4236542799,3204.11356403304,2002,I,23986906.9419181,41409598.3436443,BRA
191339,76,bathydemersal30-90cm,537966.692850601,1249722.55172744,102.387585122422,2650.14349615691,449.751664430651,2003,APW,5945280.6273202,13866116.2548252,BRA
191435,76,benthopelagic30-90cm,356965.519521737,829248.103765608,67.9388482623986,1758.49148745631,298.430811206073,2003,APW,3712437.87546782,8648011.976932,BRA
191518,76,benthopelagic>=90cm,1062001.97312375,2467081.7606925,202.123698118212,5231.65775759523,887.856369899251,2003,APW,12204262.252527,28488216.816036,BRA
191588,76,cephalopods,400894.29919837,931296.775851337,76.2995176648713,1974.89441964763,335.156210823815,2003,APW,4450099.61610514,10381685.7136209,BRA
191673,76,demersal30-90cm,19367670.4023066,44992031.6589346,3686.11854282562,95409.4490133006,16191.7868064012,2003,APW,188105083.791021,437352681.126592,BRA
191775,76,demersal<30cm,9798291.2215519,22761902.6804082,1864.84291654749,48268.5603018519,8191.58108491488,2003,APW,106356370.703888,247969153.460172,BRA
191916,76,demersal>=90cm,9827315.12595921,22829326.6089878,1870.36684121157,48411.5385057451,8215.84568993401,2003,APW,95158146.055997,221252015.605273,BRA
191983,76,demersalmollusc,1687062.74489055,3919128.05474451,321.087313945136,8310.84604381249,1410.42054758617,2003,APW,16611983.6352831,38641223.0061418,BRA
192076,76,flatfish<90cm,454355.580629838,1055489.90887808,86.4744440609897,2238.25657415403,379.850985846021,2003,APW,4923559.93561147,11479811.5424014,BRA
192176,76,lobsterscrab,3866131.10430371,8981208.86142861,735.814749866437,19045.4210967402,3232.16831483392,2003,APW,41900804.9677726,97693243.0482557,BRA
192285,76,pelagic30-90cm,2315851.14228135,5379833.80275273,440.76038370472,11408.3974423466,1936.10110004322,2003,APW,24738632.8785929,57674939.8944731,BRA
192390,76,pelagic<30cm,6748596.67952988,15677315.296662,1284.41505053204,33245.0871701252,5641.97120291354,2003,APW,65183315.6099275,151534727.049445,BRA
192466,76,pelagic>=90cm,5235809.71645197,12163038.2812953,996.496474879172,25792.7623616352,4377.24893736201,2003,APW,62471920.2872046,146045596.836989,BRA
192577,76,rays<90cm,1247032.39498497,2896916.34716164,237.339294771915,6143.15874009724,1042.54576109823,2003,APW,13274576.1501485,30946313.6437462,BRA
192682,76,reef-associated30-90cm,3802716.24346827,8833893.08379046,723.74542559766,18733.0253978314,3179.15213448407,2003,APW,40557067.8129685,94527708.7139601,BRA
192762,76,reef-associated<30cm,318061.237963493,738871.58293592,60.5344578185138,1566.84034972896,265.905999508933,2003,APW,3086093.7094125,7174938.02504859,BRA
192806,76,reef-associated>=90cm,1002218.59826214,2328202.09997032,190.745530168605,4937.15156571878,837.87618951519,2003,APW,11234676.2055129,26209397.9210598,BRA
192859,76,shark>=90cm,1913563.93283792,4445301.22927874,364.195762794276,9426.64123724695,1599.78038645474,2003,APW,21356897.8055692,49825540.1366997,BRA
192911,76,shrimp,7834118.70482394,18199035.2719609,1491.01516210795,38592.6099322213,6549.4908396129,2003,APW,77134149.9459053,179402008.337538,BRA
192993,76,bathydemersal30-90cm,41900.9207816131,102239.160623112,134.824017550381,203.282269519995,206.429181328329,2003,UP,342196.366012433,834949.242228498,BRA
193081,76,benthopelagic30-90cm,42130.4057172774,102799.108871511,135.562428077319,204.395615424388,207.559762387473,2003,UP,345312.265367041,842552.163846669,BRA
193161,76,benthopelagic>=90cm,73173.1165105232,178544.000290703,235.44813241813,354.999291534365,360.494859175939,2003,UP,597170.257030332,1457077.86254325,BRA
193226,76,cephalopods,36395.9313412996,88806.8663174524,117.110688605085,176.574819510887,179.308286555924,2003,UP,298477.861789722,728277.692006977,BRA
193305,76,demersal30-90cm,2640811.77753444,6443638.33687463,8497.30380144282,12811.8953354339,13010.2299211969,2003,UP,21502204.4678554,52464729.6087492,BRA
193397,76,demersal<30cm,1105386.47367344,2697167.10574308,3556.78688072886,5362.78121992121,5445.7997713489,2003,UP,9096261.23413482,22194626.0545794,BRA
193530,76,demersal>=90cm,1365023.53202211,3330687.19115062,4392.21747887676,6622.41011322644,6724.92835367187,2003,UP,11155463.9607562,27219006.3960767,BRA
193592,76,demersalmollusc,228385.521384124,557265.653575589,734.872956702614,1108.01209726267,1125.16468199565,2003,UP,1863875.15487144,4547800.28298981,BRA
193682,76,flatfish<90cm,44555.8329357638,108717.204186478,143.366691940081,216.162572816547,219.5088782003,2003,UP,363933.673489426,887987.491116712,BRA
193772,76,lobsterscrab,367974.28656601,897865.285239892,1184.02581004461,1785.22683279467,1812.86304235659,2003,UP,3007326.20575416,7337788.13329935,BRA
193875,76,pelagic30-90cm,256652.053122931,626236.607549715,825.825787813514,1245.14714384726,1264.42264809728,2003,UP,2096477.97444718,5115345.07871426,BRA
193967,76,pelagic<30cm,884438.097334602,2158048.24829223,2845.84432353553,4290.85042338783,4357.2749467712,2003,UP,7214056.72020221,17602084.5485004,BRA
194037,76,pelagic>=90cm,388807.121084728,948697.855857972,1251.05933566604,1886.29730577,1915.49813710455,2003,UP,3198754.54122168,7804878.50052336,BRA
194141,76,rays<90cm,142930.937623067,348754.605318106,459.906915722029,693.429281329492,704.163915485305,2003,UP,1165289.32699482,2843271.41838523,BRA
194239,76,reef-associated30-90cm,406505.216137431,991881.593806052,1308.00625314383,1972.15959379096,2002.68961654343,2003,UP,3316029.87384259,8091014.59251248,BRA
194311,76,reef-associated<30cm,41372.1581054723,100948.968160296,133.12262514663,200.716977998036,203.824177802951,2003,UP,338362.534573238,825594.782901787,BRA
194353,76,reef-associated>=90cm,69978.2569779721,170748.473347054,225.168076761771,339.499434145561,344.755056196408,2003,UP,574287.59812686,1401245.84653365,BRA
194394,76,shark>=90cm,167175.120834864,407910.941153446,537.917091199517,811.049908609725,823.605369253582,2003,UP,1365643.25300325,3332129.64506471,BRA
194444,76,shrimp,1014081.05998772,2474379.90485488,3262.99470462447,4919.81310926242,4995.97429146927,2003,UP,8267929.19806667,20173500.1073727,BRA
194522,76,bathydemersal30-90cm,223200.264167468,388202.269455214,3.84022053078978,1129.14477138444,259.980349823838,2003,I,2192649.78225832,3816577.91560662,BRA
194660,76,benthopelagic30-90cm,137120.284743852,238487.198590275,2.35919135053529,693.675937825494,159.715669372613,2003,I,1277447.51083646,2223531.17372593,BRA
194758,76,benthopelagic>=90cm,464627.472557681,808105.850460823,7.99404053548174,2350.49758223601,541.191173334274,2003,I,4708710.86792858,8196217.12562086,BRA
194839,76,cephalopods,177361.332033203,308476.658241002,3.05154938405939,897.250822968605,206.587843070908,2003,I,1782007.22846256,3101811.00651949,BRA
194935,76,demersal30-90cm,7433061.2289221,12927992.0381371,127.887816102704,37603.0120453642,8657.91922677678,2003,I,66989282.8301794,116600260.438687,BRA
195045,76,demersal<30cm,3951377.82349443,6872455.30052163,67.9845173987139,19989.5713645551,4602.50615145988,2003,I,38308928.5315733,66681457.1872186,BRA
195184,76,demersal>=90cm,3700157.90104458,6435519.68850003,63.6622111168024,18718.6783261445,4309.88892018175,2003,I,33147706.329034,57696279.5037308,BRA
195261,76,demersalmollusc,658024.704610174,1144473.03474338,11.3214918890727,3328.87220104223,766.45739437353,2003,I,5980496.37063014,10409593.286908,BRA
195352,76,flatfish<90cm,185363.854173851,322395.088256989,3.18923492819278,937.734673051418,215.90906190261,2003,I,1797150.00299169,3128167.79035174,BRA
195477,76,lobsterscrab,1569738.01008057,2730175.34381667,27.0077643355725,7941.12620402637,1828.40749994061,2003,I,15221843.4438225,26495446.0201253,BRA
195584,76,pelagic30-90cm,1152203.06599357,2003975.42879411,19.8239634086973,5828.86437161029,1342.06900373717,2003,I,11782966.3236806,20509406.9529427,BRA
195696,76,pelagic<30cm,2577218.67801865,4482441.55723105,44.3417399911154,13037.8564104909,3001.90600572541,2003,I,23193228.7560756,40369664.6464376,BRA
195792,76,pelagic>=90cm,4423948.29632853,7694376.0572734,76.1152193886583,22380.251682527,5152.94921344319,2003,I,51830615.6008391,90216078.4560541,BRA
195907,76,rays<90cm,521424.702960114,906890.741344517,8.97125214899385,2637.82831626196,607.347743014543,2003,I,5011242.05929536,8722744.46394818,BRA
196040,76,reef-associated30-90cm,1460345.2287892,2539913.35592107,25.1256321337929,7387.72055514384,1700.9884144193,2003,I,13804472.0819424,24028222.5317638,BRA
196110,76,reef-associated<30cm,122710.89903161,213425.596374826,2.11127399678743,620.780493026053,142.931831090931,2003,I,1108781.22691813,1929923.89482901,BRA
196154,76,reef-associated>=90cm,388412.166698436,675547.966570581,6.68273571506497,1964.93301119292,452.416718012166,2003,I,3791056.36522162,6598776.43442122,BRA
196205,76,shark>=90cm,779830.77258524,1356324.89879789,13.417198024356,3945.0752565805,908.335291700138,2003,I,7697406.14019376,13398303.6798641,BRA
196264,76,shrimp,2977108.25418167,5177951.67043366,51.2219476206092,15060.8523318435,3467.6914396699,2003,I,26972856.5167422,46948462.7442076,BRA
196363,76,bathydemersal30-90cm,508073.028330465,1197102.06175967,95.7612639611744,2502.60447767404,420.135498609584,2004,APW,5710868.66344781,13513659.8541578,BRA
196456,76,benthopelagic30-90cm,262379.516865193,618208.491867555,49.4531155395143,1292.39718926722,216.96674099257,2004,APW,2718582.14108514,6421420.56974351,BRA
196542,76,benthopelagic>=90cm,861053.313580997,2028780.58762547,162.290751621704,4241.27193912425,712.021782418867,2004,APW,9718760.90196561,22999289.8683985,BRA
196613,76,cephalopods,618195.732980728,1456568.92859229,116.517117549396,3045.0335348844,511.1981113573,2004,APW,6828169.93782954,16154061.6384084,BRA
196701,76,demersal30-90cm,20237347.9510673,47682458.2410475,3814.32178241083,99682.6731090457,16734.6578107016,2004,APW,197509923.560206,465816378.334043,BRA
196803,76,demersal<30cm,10615829.0547657,25012606.7319211,2000.86434743834,52290.1627232163,8778.43613885576,2004,APW,109605352.892261,258865233.98362,BRA
196945,76,demersal>=90cm,8958539.12877571,21107764.1666209,1688.49945259978,44126.8850872957,7407.99076867172,2004,APW,86829112.7334123,204792544.930009,BRA
197013,76,demersalmollusc,2341561.41869608,5517096.64901792,441.335927305291,11533.7791309916,1936.28281627468,2004,APW,23326742.3533186,55047802.5239002,BRA
197107,76,flatfish<90cm,365978.92226554,862305.412755723,68.9794620558126,1802.69457051423,302.63511033418,2004,APW,3961111.1246269,9366098.37890108,BRA
197205,76,lobsterscrab,4269965.98214747,10060729.0602788,804.800327357582,21032.4803533702,3530.91816908625,2004,APW,46570810.5828806,110158043.438414,BRA
197315,76,pelagic30-90cm,2386924.71209812,5623979.89026292,449.885970451758,11757.2241376334,1973.79460853451,2004,APW,25944275.1871544,61379135.1325336,BRA
197421,76,pelagic<30cm,11402920.1564674,26867120.4103114,2149.21475091874,56167.1205730165,9429.29712542489,2004,APW,110732939.086492,261106811.116079,BRA
197497,76,pelagic>=90cm,4535931.13512886,10687385.8895937,854.92926118938,22342.5392339684,3750.84994253323,2004,APW,55093195.4742258,130702012.593689,BRA
197611,76,rays<90cm,1535657.66301947,3618257.3213947,289.439727405924,7564.15619281296,1269.86527914463,2004,APW,16514205.727015,39049397.2539983,BRA
197720,76,reef-associated30-90cm,3719017.86887878,8762606.37803276,700.957996113971,18318.6869844074,3075.32842633577,2004,APW,39474726.3890927,93296365.6828499,BRA
197801,76,reef-associated<30cm,334473.906341339,788074.510080768,63.0414177632738,1647.5109856266,276.58299806726,2004,APW,3238723.32761368,7636314.88715546,BRA
197846,76,reef-associated>=90cm,505955.279303065,1192112.3032304,95.3621120433766,2492.17312646465,418.38429062594,2004,APW,5495935.97148742,12994284.5044233,BRA
197900,76,shark>=90cm,1687910.49199166,3976989.56126238,318.136238598563,8314.10470469575,1395.76611356754,2004,APW,18812798.6031668,44514558.176826,BRA
197952,76,shrimp,7728295.62194117,18209111.8934503,1456.62398071909,38067.1008886518,6390.67841329012,2004,APW,75906658.8649806,179063139.629206,BRA
198034,76,bathydemersal30-90cm,32762.0249365628,80997.3495311293,105.414122284684,158.939203910619,160.284325493064,2004,UP,268898.983156079,664784.537831208,BRA
198121,76,benthopelagic30-90cm,24821.5809564786,61366.239496525,79.8651846249374,120.417535993718,121.436644071209,2004,UP,203036.286717469,501955.502036717,BRA
198203,76,benthopelagic>=90cm,56065.9843313523,138611.582723837,180.396252666316,271.994265719072,274.296185875169,2004,UP,456434.596126227,1128417.64558595,BRA
198269,76,cephalopods,50013.7455775975,123648.670671452,160.922748286786,242.632893482119,244.686324816636,2004,UP,408865.425231579,1010815.71374381,BRA
198351,76,demersal30-90cm,2297554.85313551,5680230.50671484,7392.54453023452,11146.1834244195,11240.5149141678,2004,UP,18719494.0613856,46279156.6945372,BRA
198443,76,demersal<30cm,990542.82163438,2448912.82833733,3187.1412811072,4805.44434645878,4846.11339943676,2004,UP,8027695.31162617,19846420.718032,BRA
198577,76,demersal>=90cm,1056913.37458469,2613000.33166821,3400.69320893684,5127.42941513068,5170.82346643505,2004,UP,8607735.28490373,21280421.5615005,BRA
198640,76,demersalmollusc,255635.845868729,632006.904353805,822.526335564833,1240.17236150898,1250.66808923538,2004,UP,2088075.31678548,5162233.13683112,BRA
198730,76,flatfish<90cm,30181.7629781208,74618.1840145438,97.1119477353266,146.421516669072,147.660699559951,2004,UP,246183.468838478,608625.663240556,BRA
198817,76,lobsterscrab,357113.064693949,882888.398356458,1149.0364330043,1732.47124737987,1747.13335973628,2004,UP,2916962.50647586,7211445.19575089,BRA
198920,76,pelagic30-90cm,222048.292493898,548968.6060233,714.45601739758,1077.22825152073,1086.34496366271,2004,UP,1816227.42225351,4490160.25202868,BRA
199012,76,pelagic<30cm,1283799.85241598,3173930.35306941,4130.71642835503,6228.12927218818,6280.83867864928,2004,UP,10484721.0887469,25920795.4740992,BRA
199082,76,pelagic>=90cm,288991.580746671,714472.079263168,929.850761394044,1401.99184481684,1413.85707027592,2004,UP,2366744.77482495,5851175.30513635,BRA
199188,76,rays<90cm,143771.173592981,355444.574093461,462.593875179832,697.480571497331,703.383433389362,2004,UP,1175363.54767765,2905786.57149422,BRA
199288,76,reef-associated30-90cm,332586.694085624,822252.005558782,1070.12110846281,1613.4858724877,1627.14099731951,2004,UP,2714194.17708651,6710151.48188152,BRA
199360,76,reef-associated<30cm,36753.2640987141,90864.8651717397,118.256215345815,178.301998984413,179.810990228299,2004,UP,300336.471432109,742505.291061671,BRA
199402,76,reef-associated>=90cm,37813.674820633,93486.5119733741,121.668161516077,183.446395165248,184.99892405218,2004,UP,309164.802732137,764331.164023288,BRA
199446,76,shark>=90cm,126010.550444421,311535.096463725,405.447819523638,611.31803088348,616.491688840577,2004,UP,1029336.21479783,2544771.08005668,BRA
199496,76,shrimp,897384.365276279,2218597.75880137,2887.39738770011,4353.5024741304,4390.34668873014,2004,UP,7299014.82325344,18044942.8301572,BRA
199575,76,bathydemersal30-90cm,217065.452453567,381656.017930954,3.78331532103069,1098.03074294727,244.294470603712,2004,I,2150868.84929295,3784636.15095187,BRA
199714,76,benthopelagic30-90cm,103584.225199599,182127.291391977,1.80540837698973,523.983261582649,116.577986833003,2004,I,971867.571723276,1710053.13836599,BRA
199815,76,benthopelagic>=90cm,372532.951596064,655007.239738588,6.49301677181292,1884.46677713888,419.264047612856,2004,I,3741432.91319649,6583372.49338802,BRA
199896,76,cephalopods,277921.031963459,488655.532971673,4.84399007939291,1405.87013621059,312.783865906408,2004,I,2793590.39511182,4915535.19867502,BRA
199994,76,demersal30-90cm,8095117.7283254,14233266.3348896,141.092848175238,40949.3451537627,9110.58152074663,2004,I,73483057.9128481,129296276.497184,BRA
200102,76,demersal<30cm,4186627.93080434,7361151.79347157,72.9703110975491,21178.1567510761,4711.80486074513,2004,I,39288361.3158879,69129991.1368093,BRA
200239,76,demersal>=90cm,3471665.75191804,6104067.28241445,60.5089666746422,17561.5036006644,3907.15674646233,2004,I,31193851.9117418,54886931.4709471,BRA
200317,76,demersalmollusc,937108.451794049,1647673.89761235,16.3332152724679,4740.38534421178,1054.6607511311,2004,I,8618531.40239406,15164720.8961881,BRA
200409,76,flatfish<90cm,153362.607662943,269650.289710043,2.6730145063897,775.788390685958,172.600644763762,2004,I,1494544.29343861,2629765.9541296,BRA
200534,76,lobsterscrab,1754439.64345729,3084749.04897796,30.5787876785019,8874.87457532488,1974.51920174283,2004,I,16990949.2044813,29896914.2697804,BRA
200639,76,pelagic30-90cm,1271838.66905504,2236214.36021002,22.1673539852893,6433.6260925276,1431.38003232732,2004,I,13315178.7154626,23428690.6843057,BRA
200750,76,pelagic<30cm,4441187.50267597,7808731.96539007,77.4071255122379,22465.8523869642,4998.29676972724,2004,I,40268954.9890875,70854491.506046,BRA
200845,76,pelagic>=90cm,4691946.17048252,8249629.1857213,81.7776925419992,23734.3210594306,5280.51098349853,2004,I,56427063.4118611,99285784.5818481,BRA
200961,76,rays<90cm,619515.035471018,1089264.26943412,10.7977603013899,3133.83151015595,697.227937061086,2004,I,5943604.56060917,10458231.6391303,BRA
201093,76,reef-associated30-90cm,1468390.90060284,2581802.94264011,25.5931366724565,7427.89022067362,1652.58807261746,2004,I,13932160.0731305,24514484.1243082,BRA
201163,76,reef-associated<30cm,131900.628807413,231914.697544948,2.29894561377709,667.222461278575,148.446442870482,2004,I,1194213.30654141,2101257.37411458,BRA
201207,76,reef-associated>=90cm,198586.462202862,349165.274909664,3.46123805750288,1004.55433219399,223.497447910509,2004,I,1911962.15675376,3364215.63422005,BRA
201259,76,shark>=90cm,717007.200442105,1260680.17667202,12.4969878719056,3626.9979404871,806.949666430785,2004,I,7111951.73773555,12514060.927037,BRA
201321,76,shrimp,3020755.59877758,5311253.08030628,52.649884211257,15280.5638893522,3399.68374278455,2004,I,27447369.7420031,48294764.950414,BRA
201419,76,bathydemersal30-90cm,532056.935959185,1256556.26493987,99.853417465931,2620.5408126865,437.263125291699,2005,APW,5952429.3686877,14109362.3092736,BRA
201517,76,benthopelagic30-90cm,408939.799006122,965791.124399163,76.7474939406196,2014.15179617086,336.081126820031,2005,APW,4351885.27609822,10306070.6694961,BRA
201605,76,benthopelagic>=90cm,986486.152520286,2329779.52442459,185.138106384021,4858.74170434233,810.729057277233,2005,APW,11189067.3825414,26528303.6975557,BRA
201677,76,cephalopods,678121.102735965,1601515.29364928,127.265908942396,3339.9508690925,557.303800906238,2005,APW,7530994.25885137,17851041.5174879,BRA
201765,76,demersal30-90cm,16928710.8588888,39980453.6872425,3177.08410192087,83379.0046020382,13912.6106945161,2005,APW,166274048.249228,393055520.275629,BRA
201868,76,demersal<30cm,10966589.2258902,25899740.1696716,2058.14704807119,54013.7581151992,9012.72919233382,2005,APW,123142861.28914,291915198.345626,BRA
202011,76,demersal>=90cm,9249773.77938712,21845145.5215256,1735.94489656163,45557.9244602891,7601.78980417668,2005,APW,91422096.7217041,216194046.340703,BRA
202080,76,demersalmollusc,3565530.06798398,8420694.93310853,669.158389456735,17561.3105111925,2930.27816287653,2005,APW,35678949.7821131,84379334.9880575,BRA
202172,76,flatfish<90cm,431294.427833715,1018585.942031,80.9428834445519,2124.25508255986,354.452947964073,2005,APW,4725112.44610864,11196939.3959507,BRA
202271,76,lobsterscrab,4226341.53986866,9981330.15618648,793.175725401095,20816.0062298817,3473.35629962517,2005,APW,45790798.9422062,108496780.070376,BRA
202380,76,pelagic30-90cm,2752545.86068689,6500674.10463331,516.582140642128,13557.118193972,2262.13911370757,2005,APW,32733820.1457527,77755689.4027977,BRA
202489,76,pelagic<30cm,8638736.07533427,20402060.76264,1621.26881806973,42548.3795538327,7099.61750251588,2005,APW,83830584.8874794,198131062.050224,BRA
202564,76,pelagic>=90cm,5720823.40941297,13510840.6824039,1073.65157662902,28176.7799897436,4701.5741252055,2005,APW,69780155.3288003,165793654.467748,BRA
202677,76,rays<90cm,1779935.05569504,4203663.9206434,334.048080508804,8766.71675930954,1462.81330562181,2005,APW,19132894.4796653,45327270.0528382,BRA
202788,76,reef-associated30-90cm,4115304.78183678,9719095.18749456,772.336978634581,20269.1167215128,3382.1023819373,2005,APW,44138874.1455762,104560670.019321,BRA
202870,76,reef-associated<30cm,214722.085697183,507108.100221156,40.2978189235014,1057.57100589288,176.466171034569,2005,APW,2101382.10781327,4966993.6337521,BRA
202917,76,reef-associated>=90cm,480616.883310874,1135070.54404133,90.1994411629975,2367.18304538548,394.987878666785,2005,APW,5226497.62378631,12381991.394228,BRA
202972,76,shark>=90cm,1984650.59849814,4687139.61742396,372.467928415553,9775.00252470354,1631.05574734563,2005,APW,22065533.9736451,52299384.8801196,BRA
203025,76,shrimp,9027134.61528729,21319339.6959399,1694.16124542465,44461.3594564438,7418.81709932674,2005,APW,89584405.679893,211832947.989385,BRA
203102,76,bathydemersal30-90cm,37898.321929086,95006.7588684612,121.936416648625,183.850859541444,184.201402691282,2005,UP,310078.715771977,777317.421277333,BRA
203190,76,benthopelagic30-90cm,40925.2102588029,102594.82174368,131.675315305189,198.534782016843,198.913322579635,2005,UP,334980.104549484,839741.10293626,BRA
203272,76,benthopelagic>=90cm,72459.9236370615,181648.741743628,233.137062254866,351.514752233845,352.184975309058,2005,UP,591261.537693759,1482196.89729661,BRA
203338,76,cephalopods,62566.4407063789,156846.911495751,201.305155317163,303.519874147472,304.098586768057,2005,UP,510222.874992955,1279046.03532426,BRA
203419,76,demersal30-90cm,2199748.35857568,5514517.56269181,7077.6071002646,10671.3333444095,10691.6800689929,2005,UP,17948258.3839096,44993376.240872,BRA
203512,76,demersal<30cm,896235.458443143,2246759.79714878,2883.60367196422,4347.78246104434,4356.07225290337,2005,UP,7384725.59815724,18512327.1661119,BRA
203645,76,demersal>=90cm,1369229.25042534,3432501.14013535,4405.44329851217,6642.35147590497,6655.01625655652,2005,UP,11200251.5712336,28077223.4923867,BRA
203708,76,demersalmollusc,434240.993719928,1088592.50967224,1397.15396463262,2106.57295309605,2110.58949520079,2005,UP,3550653.88193409,8900915.87072621,BRA
203796,76,flatfish<90cm,41888.8439030846,105010.541084792,134.775770089589,203.209523925357,203.596977684189,2005,UP,342808.819091253,859366.395035755,BRA
203884,76,lobsterscrab,431520.708687779,1081773.06619961,1388.40155048342,2093.376412566,2097.36779320619,2005,UP,3524021.50616951,8834151.50560628,BRA
203985,76,pelagic30-90cm,242011.311100835,606694.679522232,778.662235211614,1174.03582269146,1176.27432305167,2005,UP,1979599.69019363,4962537.74452896,BRA
204080,76,pelagic<30cm,1152482.56655648,2889141.99171712,3708.06904534879,5590.87842634323,5601.53839355153,2005,UP,9421272.74395948,23617608.2915064,BRA
204149,76,pelagic>=90cm,409198.552519527,1025813.97353927,1316.58085773294,1985.08804016707,1988.87295047992,2005,UP,3360683.6924981,8424699.14085897,BRA
204252,76,rays<90cm,210334.85976955,527285.438683781,676.74445176176,1020.36825885113,1022.31376568392,2005,UP,1711865.67158959,4291368.89011694,BRA
204354,76,reef-associated30-90cm,459085.880748027,1150875.80008836,1477.09144845882,2227.09949893819,2231.34584554384,2005,UP,3742156.4423497,9380979.00565041,BRA
204428,76,reef-associated<30cm,27813.3136526447,69724.7964823919,89.4882841586955,134.926861176142,135.184122344419,2005,UP,227478.948584574,570253.015902591,BRA
204470,76,reef-associated>=90cm,43721.4083290679,109604.570521138,140.671976781808,212.099588913261,212.503993103497,2005,UP,358244.735470195,898061.902751427,BRA
204514,76,shark>=90cm,174735.34813492,438041.534322131,562.204370243364,847.669298049398,849.28552473716,2005,UP,1428819.44935369,3581819.58125399,BRA
204565,76,shrimp,1154247.61590361,2893566.7685721,3713.74802482974,5599.44096481687,5610.11725797118,2005,UP,9410727.57165861,23591167.0452105,BRA
204638,76,bathydemersal30-90cm,109291.499913087,194447.671994623,2.10092858709021,552.870877298966,102.928974804482,2005,I,1154549.60131611,2054306.2146087,BRA
204772,76,benthopelagic30-90cm,72018.0279494394,128131.994597462,1.38441446796103,364.316258129972,67.8254190872232,2005,I,713697.673167695,1269908.77206784,BRA
204873,76,benthopelagic>=90cm,197421.337009047,351245.242438826,3.79506302826586,998.691644606634,185.928236313263,2005,I,2089942.70936871,3718656.69500437,BRA
204955,76,cephalopods,150422.931570799,267627.298388335,2.89160490378782,760.941685396998,141.665894840676,2005,I,1619282.86896045,2881213.89151968,BRA
205053,76,demersal30-90cm,3078949.94621647,5477961.68691865,59.1871642842326,15575.426810667,2899.70548204023,2005,I,29483634.0365549,52461867.2481665,BRA
205165,76,demersal<30cm,2017497.45291763,3589461.97359252,38.7826873689818,10205.8768305863,1900.04661537818,2005,I,20992433.9958059,37352224.0628427,BRA
205303,76,demersal>=90cm,1566233.04849517,2786587.88948014,30.1079570528883,7923.07398347336,1475.05306556053,2005,I,14802612.7465563,26339170.9662374,BRA
205382,76,demersalmollusc,634831.056185178,1129469.54779888,12.2034624373602,3211.40805322319,597.873666654315,2005,I,6133664.57098129,10913943.484528,BRA
205473,76,flatfish<90cm,84277.3719918307,149943.397232798,1.62007786701875,426.332373758514,79.3710719061729,2005,I,872762.388089066,1552923.81698423,BRA
205597,76,lobsterscrab,794714.535757083,1413928.72731312,15.2769290207926,4020.20763678481,748.449353268521,2005,I,8069649.11035242,14358547.404169,BRA
205702,76,pelagic30-90cm,1191571.72381472,2120003.36617805,22.9057804140443,6027.78171069093,1122.20306277975,2005,I,14742120.2087501,26230466.5505065,BRA
205818,76,pelagic<30cm,1622931.39194639,2887463.62911962,31.1978786908203,8209.89283864692,1528.45065246515,2005,I,15136730.7605186,26933813.6321104,BRA
205914,76,pelagic>=90cm,3608662.41126089,6420407.85827078,69.3699146503165,18255.073402563,3398.58015217959,2005,I,46318472.1346468,82413670.2398145,BRA
206027,76,rays<90cm,331355.943875225,589537.081468889,6.36971013796437,1676.22414857705,312.065692442423,2005,I,3347466.19833568,5956242.27256704,BRA
206165,76,reef-associated30-90cm,729124.576214152,1297233.33060352,14.0160823754503,3688.40892871199,686.677785501677,2005,I,7219374.3126912,12845693.6698821,BRA
206237,76,reef-associated<30cm,37776.044399283,67209.8369630531,0.726175152219129,191.096972999045,35.5768703447102,2005,I,359058.835240213,638894.608256895,BRA
206282,76,reef-associated>=90cm,84348.9841854565,150070.807180947,1.62145448006635,426.694637030101,79.4385151170289,2005,I,848333.166207861,1509464.44080381,BRA
206332,76,shark>=90cm,381028.742979291,677913.214607542,7.32457857440737,1927.50301326826,358.846734806343,2005,I,3970218.44924632,7064279.95681121,BRA
206397,76,shrimp,1548815.49324856,2755599.1751498,29.7731365063322,7834.96412079185,1458.64949248705,2005,I,14772419.8496567,26285396.3284473,BRA
206494,76,bathydemersal30-90cm,539822.589735597,1300474.69728996,101.111791122806,2648.57895485725,404.843321395889,2006,APW,6096960.27988242,14750446.4944915,BRA
206588,76,benthopelagic30-90cm,346751.723934597,835351.931899488,64.9485378133589,1701.29841921486,260.048620207225,2006,APW,3731260.64603706,9018104.84706555,BRA
206672,76,benthopelagic>=90cm,1114668.38218838,2685323.01994833,208.783624053655,5468.99532336161,835.952512326608,2006,APW,12811922.0394548,31007648.1343238,BRA
206744,76,cephalopods,627139.792892425,1510828.64598114,117.466791774677,3076.99101295849,470.327403042647,2006,APW,7215695.30345978,17467197.6002408,BRA
206830,76,demersal30-90cm,20552895.2681598,49513526.7780918,3849.67226795926,100840.474081116,15413.7721223173,2006,APW,206343527.827702,497817448.619382,BRA
206937,76,demersal<30cm,12051992.7851492,29034190.0598942,2257.40567415385,59131.7500634275,9038.46723229734,2006,APW,136503250.399048,330335999.18927,BRA
207078,76,demersal>=90cm,8982641.90034105,21639884.5256397,1682.49908178741,44072.3244055331,6736.58837364537,2006,APW,90725909.6538536,218947961.066549,BRA
207146,76,demersalmollusc,3432596.99777833,8269393.73506144,642.944621524876,16841.651945827,2574.29754889433,2006,APW,34354759.1923269,82893612.0039262,BRA
207242,76,flatfish<90cm,402383.125437233,969372.314529997,75.3686105475484,1974.24764744421,301.769737082431,2006,APW,4489066.19646794,10860402.6697308,BRA
207339,76,lobsterscrab,3550992.01972012,8554616.57168968,665.120671501633,17422.5438340832,2663.0886347641,2006,APW,38683327.9245394,93531181.9220379,BRA
207443,76,pelagic30-90cm,2629811.70695106,6335421.39316895,492.578445329203,12902.8760090965,1972.24370808441,2006,APW,29303658.2673968,70908026.2970793,BRA
207554,76,pelagic<30cm,10942963.3643078,26362451.737382,2049.67825910794,53690.4216710815,8206.7436942381,2006,APW,108062488.54014,260608100.876787,BRA
207632,76,pelagic>=90cm,5050767.29448199,12167692.1145346,946.036971034681,24781.0229071712,3787.85446547789,2006,APW,61680519.5660735,149565828.75319,BRA
207742,76,rays<90cm,1467494.75573911,3535309.25628578,274.869977725055,7200.09832918943,1100.55685393874,2006,APW,16002922.7423645,38683189.0686654,BRA
207856,76,reef-associated30-90cm,4236704.35665913,10206551.0419487,793.558428463355,20786.9144610927,3177.34288289495,2006,APW,46743762.9800845,113040938.231684,BRA
207938,76,reef-associated<30cm,262141.939348748,631520.365586295,49.1006518066243,1286.17000649162,196.594984020745,2006,APW,2617318.61668632,6313567.67276526,BRA
207984,76,reef-associated>=90cm,434251.780744113,1046146.38929325,81.3377879773632,2130.60762824224,325.669834092409,2006,APW,4804040.73799465,11617651.8522327,BRA
208042,76,shark>=90cm,1544639.46275838,3721156.86884595,289.319612939808,7578.60017660183,1158.41200859814,2006,APW,17580270.7288346,42542453.5707439,BRA
208100,76,shrimp,8907129.53540405,21457969.3523951,1668.35519337689,43701.8314613575,6679.9574041216,2006,APW,89782977.703844,216645671.408328,BRA
208173,76,bathydemersal30-90cm,34367.3175155493,86838.6647038717,110.705320613314,166.917061448669,341.717969901421,2006,UP,281559.186808007,711426.4335194,BRA
208259,76,benthopelagic30-90cm,29846.4437626319,75415.409460849,96.1425087778376,144.959835323122,296.766431267992,2006,UP,243882.00978372,616225.922025856,BRA
208336,76,benthopelagic>=90cm,67563.9306454421,170719.216498076,217.639523381924,328.148182009154,671.795498972969,2006,UP,550582.555563969,1391177.40683648,BRA
208403,76,cephalopods,40685.3469419144,102802.93769949,131.05719919603,197.60281123167,404.538822543706,2006,UP,332234.232724156,839468.742002011,BRA
208482,76,demersal30-90cm,2199711.48535565,5558187.89277427,7085.79496007824,10683.6786724576,21871.9701589884,2006,UP,17913650.4545332,45263083.5368895,BRA
208579,76,demersal<30cm,908894.033268923,2296575.63965181,2927.76430139012,4414.36609455588,9037.23206688007,2006,UP,7342865.48367443,18553477.8385097,BRA
208711,76,demersal>=90cm,1064176.82069444,2688941.14520591,3427.96716883512,5168.55200269078,10581.2256839458,2006,UP,8697274.82472048,21975737.7671703,BRA
208773,76,demersalmollusc,396824.881935574,1002689.33858354,1278.26752152367,1927.32072185827,3945.67289111357,2006,UP,3229885.04978355,8161069.76974786,BRA
208864,76,flatfish<90cm,33458.0417756009,84541.1245752591,107.776326743736,162.500841460301,332.676942483579,2006,UP,273314.667916715,690594.477271414,BRA
208951,76,lobsterscrab,300035.126392153,758122.880215007,966.484650641454,1457.22696006458,2983.281841635,2006,UP,2443681.77939036,6174541.27223766,BRA
209048,76,pelagic30-90cm,240850.522678561,608576.382872269,775.836936384421,1169.77594994698,2394.80290023149,2006,UP,1975974.08692368,4992771.8868866,BRA
209145,76,pelagic<30cm,1128818.09453945,2852275.44975029,3636.19211809476,5482.50526580555,11223.9608889895,2006,UP,9212118.15057334,23276603.8763651,BRA
209217,76,pelagic>=90cm,298384.804906308,753952.880211428,961.168571808045,1449.21158869502,2966.87251589777,2006,UP,2440546.15101675,6166621.95424832,BRA
209319,76,rays<90cm,130429.327445658,329566.269711927,420.143949428627,633.476268670236,1296.8729657231,2006,UP,1065985.90990212,2693466.85654164,BRA
209422,76,reef-associated30-90cm,330354.944030903,834734.401513483,1064.1520094953,1604.48590343803,3284.75508075549,2006,UP,2693701.05577421,6806275.0025369,BRA
209494,76,reef-associated<30cm,27552.5057987487,69619.1319478598,88.7531878730609,133.818512352434,273.957557001232,2006,UP,225040.882175562,568619.285660501,BRA
209535,76,reef-associated>=90cm,30972.4859886375,78260.6709003622,99.7697591618013,150.428858599289,307.962791394726,2006,UP,253936.634278058,641631.493818786,BRA
209581,76,shark>=90cm,105054.565381658,265449.817974919,338.405793155283,510.234740821413,1044.56895115117,2006,UP,858446.256277248,2169068.6172055,BRA
209635,76,shrimp,954769.835277546,2412493.71754211,3075.54119341725,4637.17819094414,9493.38014776807,2006,UP,7788578.06348406,19679691.2993424,BRA
209705,76,bathydemersal30-90cm,129316.932841709,232779.973685698,2.49433566864878,654.115860277127,114.197137359915,2006,I,1361709.17124639,2451011.6210923,BRA
209846,76,benthopelagic30-90cm,75040.8117458666,135078.970709412,1.44742818460741,379.574306723812,66.2670053969785,2006,I,750739.087700992,1351281.52552991,BRA
209944,76,benthopelagic>=90cm,278656.585177354,501602.312547344,5.374880492739,1409.5114068185,246.075928607854,2006,I,2968727.66585672,5343582.81612748,BRA
210025,76,cephalopods,160984.153025464,289783.295053494,3.10515031678137,814.296205711372,142.161811541891,2006,I,1739055.24701768,3130222.61669632,BRA
210122,76,demersal30-90cm,4532629.25158116,8159065.44274131,87.4278299564896,22927.1188007872,4002.67214718098,2006,I,43929776.3478155,79070155.0098995,BRA
210230,76,demersal<30cm,3162535.21274392,5692795.57924361,61.0007074182683,15996.8566828975,2792.77013581319,2006,I,33546163.9470487,60381672.3671181,BRA
210365,76,demersal>=90cm,1877231.87111494,3379155.19613336,36.2090741834859,9495.48611562759,1657.74505419587,2006,I,18057791.10991,32502580.4846067,BRA
210444,76,demersalmollusc,771535.481575815,1388820.5136959,14.8817979906647,3902.61030922409,681.327196921762,2006,I,7452212.79399465,13413389.0415444,BRA
210534,76,flatfish<90cm,97112.3719234111,174809.399543663,1.87315649878701,491.217517368663,85.7579485701198,2006,I,1012268.31456834,1822032.14390826,BRA
210655,76,lobsterscrab,795648.465977341,1432225.6560166,15.3469024108563,4024.57953002953,702.620880056276,2006,I,8071891.68623473,14528927.9037136,BRA
210758,76,pelagic30-90cm,916884.055132246,1650458.61772621,17.6853607062513,4637.81802829592,809.681548163675,2006,I,10515403.814402,18927315.4823225,BRA
210876,76,pelagic<30cm,2339540.50612515,4211344.68228578,45.1263357739832,11833.9533515727,2066.00035019457,2006,I,22349936.5565925,40227998.9775012,BRA
210971,76,pelagic>=90cm,3702896.33322501,6665485.26993037,71.4234880019745,18730.1319888967,3269.95198465174,2006,I,47490693.7947892,85482129.4339293,BRA
211086,76,rays<90cm,332742.137987724,598960.278618078,6.41811219155008,1683.08902057481,293.837773617224,2006,I,3406176.6546913,6130925.77814955,BRA
211228,76,reef-associated30-90cm,918817.038691306,1653938.13005399,17.7226451494586,4647.59551973382,811.388526392725,2006,I,9290577.02115329,16722485.1971356,BRA
211296,76,reef-associated<30cm,56358.0422073443,101448.613833592,1.08706471615024,285.072406620687,49.7686338970466,2006,I,544859.630850973,980704.763180509,BRA
211345,76,reef-associated>=90cm,95517.0400171113,171937.684981557,1.84238486517514,483.147948446903,84.3491436067251,2006,I,973187.061713348,1751680.72343459,BRA
211398,76,shark>=90cm,374284.528877515,673739.632301043,7.21940452875849,1893.22033252068,330.523008987813,2006,I,3965038.93020317,7136885.35164534,BRA
211461,76,shrimp,1909783.14514781,3437749.87933762,36.8369409453701,9660.13821608519,1686.49041824283,2006,I,18472094.2952362,33248321.5822231,BRA
211555,76,bathydemersal30-90cm,550001.334004845,1341954.56942886,103.859304008062,2698.71701396033,415.613392812259,2007,APW,6265425.77389411,15358771.9774037,BRA
211653,76,benthopelagic30-90cm,646918.807486322,1578424.62569026,122.160680240573,3174.26646895893,488.849942409563,2007,APW,7011413.4892806,17167451.1369144,BRA
211745,76,benthopelagic>=90cm,1340693.96700269,3271174.60265854,253.16946285712,6578.44517015706,1013.10730337975,2007,APW,15129347.5157149,37071197.6544538,BRA
211819,76,cephalopods,781343.769488375,1906409.6338182,147.54476957211,3833.85565470574,590.429358825742,2007,APW,8951934.18444337,21948182.5087104,BRA
211908,76,demersal30-90cm,21410377.0170386,52239424.6973891,4043.02084023715,105055.288339861,16178.9415466447,2007,APW,214794381.00132,524845404.912426,BRA
212011,76,demersal<30cm,12144078.0145789,29630475.3744856,2293.22260226129,59587.9099386275,9176.78040790253,2007,APW,132658808.018367,324840179.389572,BRA
212155,76,demersal>=90cm,9277434.88033426,22636119.8791813,1751.90107746747,45522.0193288595,7010.57606376016,2007,APW,89018023.5895687,217351840.429868,BRA
212224,76,demersalmollusc,2746594.43451016,6701447.29453753,518.652171774784,13476.8420957976,2075.48847798973,2007,APW,28027147.8528075,68523838.0225669,BRA
212324,76,flatfish<90cm,442461.352233288,1079566.533233,83.5520302447308,2171.0456056482,334.349850483012,2007,APW,4959271.43139707,12153170.5042529,BRA
212424,76,lobsterscrab,3146414.14968531,7676972.00794179,594.151983828743,15438.6560063261,2377.61579671313,2007,APW,34067992.3420943,83414992.3057957,BRA
212532,76,pelagic30-90cm,3761821.05383391,9178510.37888875,710.362125140994,18458.3015599855,2842.65348949632,2007,APW,42795231.5323402,104972355.883786,BRA
212639,76,pelagic<30cm,11095660.6202833,27072429.7372158,2095.24508084581,54443.5917619509,8384.53449250853,2007,APW,113724386.32296,278038841.302368,BRA
212715,76,pelagic>=90cm,5241889.02856663,12789745.2231671,989.850228598952,25720.6196277337,3961.07999965095,2007,APW,65190555.4585301,160228612.157864,BRA
212826,76,rays<90cm,2807904.90782341,6851039.42228286,530.229712942461,13777.6770342506,2121.81828167057,2007,APW,31078973.1878176,76129477.1616001,BRA
212939,76,reef-associated30-90cm,4357561.02173326,10632063.1662841,822.858467623075,21381.4464468522,3292.8296872332,2007,APW,48648493.4888792,119203418.854554,BRA
213023,76,reef-associated<30cm,265473.522584368,647731.895667241,50.1305971158572,1302.61122629951,200.607425112426,2007,APW,2613213.55488889,6382315.10124267,BRA
213070,76,reef-associated>=90cm,372278.136764143,908325.700033129,70.2990080045902,1826.67437239705,281.315280389863,2007,APW,4135837.10661226,10131306.0795735,BRA
213131,76,shark>=90cm,579234.104103979,1413279.94081651,109.379463631342,2842.15480066037,437.703395165044,2007,APW,6551310.22160915,16056981.1168275,BRA
213192,76,shrimp,8054048.72810988,19651165.9606167,1520.88339360489,39519.1738455387,6086.11345247305,2007,APW,79746550.4227563,194831033.187857,BRA
213269,76,bathydemersal30-90cm,30915.6514035343,79145.5003045174,99.5820999025691,150.145913462315,304.220918261066,2007,UP,252338.922067887,645988.888905395,BRA
213358,76,benthopelagic30-90cm,49667.7742539934,127151.803823701,159.984377917199,241.218056112295,488.748423712845,2007,UP,405970.940600625,1039287.69498012,BRA
213441,76,benthopelagic>=90cm,71644.3609386458,183412.884188437,230.772944594411,347.95023003549,705.005791030829,2007,UP,584852.975759902,1497226.43164652,BRA
213508,76,cephalopods,50178.2144472834,128458.554373646,161.628551790782,243.697075819467,493.771335321374,2007,UP,409730.104770724,1048911.05322722,BRA
213589,76,demersal30-90cm,2204393.82722617,5643350.35502631,7100.55122119624,10705.927573686,21692.0130704768,2007,UP,17969295.2451644,46001476.1169709,BRA
213680,76,demersal<30cm,771054.802910596,1973936.02813051,2483.63702292945,3744.72872013565,7587.45132390289,2007,UP,6211696.87761912,15901956.3530224,BRA
213813,76,demersal>=90cm,1170141.86631355,2995617.40517168,3769.13242779331,5682.94735585166,11514.6088438858,2007,UP,9533739.04926381,24406414.1954831,BRA
213874,76,demersalmollusc,273538.619301219,700271.541900194,881.092549495843,1328.47616005616,2691.71653081092,2007,UP,2230115.2171173,5709104.98491763,BRA
213968,76,flatfish<90cm,32006.3099699747,81937.6367785514,103.095209456859,155.442839753668,314.95338338887,2007,UP,261255.47661535,668815.283286071,BRA
214057,76,lobsterscrab,244305.957426008,625434.572782284,786.931510568406,1186.50390584427,2404.05682334393,2007,UP,1997318.55500173,5113145.77726982,BRA
214154,76,pelagic30-90cm,316743.783762331,810878.765160019,1020.26027873157,1538.30770459096,3116.87059385864,2007,UP,2597569.28995622,6649794.65572436,BRA
214247,76,pelagic<30cm,992316.199113365,2540375.45623657,3196.3399245648,4819.31369372007,9764.74153363908,2007,UP,8090648.12473915,20712094.7559311,BRA
214315,76,pelagic>=90cm,284106.646625069,727326.181599045,915.133118106226,1379.80117001059,2795.7096485591,2007,UP,2335443.18638846,5978752.04379642,BRA
214417,76,rays<90cm,185964.64687112,476078.114074124,599.008890394874,903.161683760257,1829.95774201152,2007,UP,1513805.89464181,3875349.53165598,BRA
214519,76,reef-associated30-90cm,314572.169670723,805319.332447275,1013.26531399357,1527.76097610007,3095.50114495284,2007,UP,2570119.85441339,6579519.65003811,BRA
214591,76,reef-associated<30cm,26179.5008162858,67020.7353156591,84.3265319451985,127.144177321112,257.615525352841,2007,UP,214208.166461752,548374.040568648,BRA
214631,76,reef-associated>=90cm,25778.0180227097,65992.9207583503,83.0333196774963,125.194323507778,253.664793002632,2007,UP,210838.390192411,539747.404380001,BRA
214678,76,shark>=90cm,39233.5411196869,100439.683450451,126.374772451521,190.542835177112,386.07188799845,2007,UP,320181.97407343,819667.377586406,BRA
214733,76,shrimp,938944.209317446,2403740.68896258,3024.42393448968,4560.10562928014,9239.54232197768,2007,UP,7689305.51300946,19684663.2667705,BRA
214803,76,bathydemersal30-90cm,114789.696651593,208531.935946968,2.21708429612633,580.583581534793,98.9662631444652,2007,I,1214925.21346546,2207184.76309596,BRA
214940,76,benthopelagic30-90cm,118201.531271064,214730.022526886,2.28298154279969,597.839966217028,101.907786056411,2007,I,1187001.37397799,2156469.20381891,BRA
215044,76,benthopelagic>=90cm,275778.560180549,500991.279920064,5.3264738283995,1394.83341145244,237.763269287734,2007,I,2919569.39058839,5304056.94885737,BRA
215126,76,cephalopods,174128.840911683,316329.996147011,3.36317918723777,880.709236577677,150.12567498119,2007,I,1888678.56340706,3431206.98246126,BRA
215222,76,demersal30-90cm,4041605.7952702,7342156.1813186,78.0608451908684,20441.6427276724,3484.48192066336,2007,I,39401500.9567239,71582503.8075052,BRA
215330,76,demersal<30cm,2210069.68863765,4014908.34275957,42.6859809107732,11178.0953578548,1905.41786199837,2007,I,22437326.3594034,40762659.6564113,BRA
215467,76,demersal>=90cm,1619746.98313716,2942502.54152201,31.2843025529641,8192.35987271771,1396.46946404211,2007,I,15140095.6382108,27505877.7572865,BRA
215543,76,demersalmollusc,522889.697233699,949904.077034201,10.0992560322007,2644.67266682486,450.810838267356,2007,I,5146301.36540456,9349510.42393558,BRA
215635,76,flatfish<90cm,91639.1412630358,166475.634081514,1.76994718978518,463.492651302585,79.0069460336412,2007,I,963461.971774042,1750347.2433847,BRA
215756,76,lobsterscrab,601987.919831422,1093597.33496075,11.6269839754602,3044.73583197293,519.005595638528,2007,I,6124969.17484878,11127444.932413,BRA
215859,76,pelagic30-90cm,1275755.22239632,2317592.20627811,24.6403375196723,6452.51758464593,1099.8959900627,2007,I,14999288.5314564,27249462.9160898,BRA
215973,76,pelagic<30cm,2885279.27986128,5241523.33813837,55.7271912716601,14593.171921295,2487.55172968795,2007,I,32480775.0464763,59009199.9725521,BRA
216071,76,pelagic>=90cm,3543394.61609808,6437084.16933728,68.4382378165354,17921.7891240658,3054.9477368671,2007,I,45725198.2001312,83069329.3518649,BRA
216188,76,rays<90cm,580958.040535989,1055393.54515966,11.2208062740167,2938.37086197353,500.874625447317,2007,I,6103035.20545828,11087553.2512007,BRA
216330,76,reef-associated30-90cm,789463.674227785,1434173.91236953,15.2479496466056,3992.95111708465,680.638350005948,2007,I,8048824.06838478,14622559.918333,BRA
216396,76,reef-associated<30cm,48500.6906335158,88108.4557899796,0.936757589674817,245.306900325596,41.8150082449776,2007,I,463158.00089924,841443.1767951,BRA
216444,76,reef-associated>=90cm,66885.8701922642,121507.769473637,1.29185472879247,338.295502149123,57.6658430432599,2007,I,682060.701081783,1239121.83355884,BRA
216500,76,shark>=90cm,124299.998307935,225808.76194866,2.40076925277969,628.684806280374,107.165596741116,2007,I,1331373.02844918,2418738.37290224,BRA
216571,76,shrimp,1465548.32556313,2662378.57985729,28.3060611936479,7412.45356149269,1263.52665325733,2007,I,14038372.538387,25504219.4130079,BRA
216665,76,bathydemersal30-90cm,539842.602564816,1330304.05026376,103.244455235673,2649.07679250919,412.678650639151,2008,APW,6029617.93714759,14920721.2537682,BRA
216766,76,benthopelagic30-90cm,479863.57905867,1182501.08413622,91.7735161544693,2354.75204219752,366.828133526251,2008,APW,5141344.32701408,12710390.4874947,BRA
216856,76,benthopelagic>=90cm,1148665.12705524,2830591.47918001,219.681263997306,5636.64689668748,878.088488046831,2008,APW,13229622.0642664,32758762.4596956,BRA
216927,76,cephalopods,685844.548912194,1690088.51271546,131.167207797932,3365.5270428089,524.288749440294,2008,APW,7771463.13655329,19238766.3661367,BRA
217015,76,demersal30-90cm,22088824.0257647,54432258.4535372,4224.46948888757,108392.688577125,16885.6367575468,2008,APW,221287834.809121,546098099.360698,BRA
217117,76,demersal<30cm,8144115.73468355,20069090.6871611,1557.55545858892,39964.2189885686,6225.70852331862,2008,APW,94268049.3592273,233573710.893443,BRA
217258,76,demersal>=90cm,7851342.75499702,19347626.5440306,1501.56286620764,38527.5444795978,6001.90040290238,2008,APW,76925215.585744,189794286.063532,BRA
217327,76,demersalmollusc,4813405.09276521,11861406.0099063,920.559778480048,23619.9952793813,3679.57161814302,2008,APW,47453957.1257017,117069114.167185,BRA
217425,76,flatfish<90cm,441716.637444988,1088497.70112652,84.4779448396085,2167.56011393195,337.666988562234,2008,APW,4882935.41558252,12081346.6198161,BRA
217523,76,lobsterscrab,3769412.69477592,9288753.70552843,720.897088117171,18496.9908704482,2881.49941703692,2008,APW,40710187.5835096,100676887.143615,BRA
217628,76,pelagic30-90cm,2945203.0422987,7257699.77657276,563.267667679245,14452.4885429808,2251.43849629433,2008,APW,33371987.6385468,82651788.3051648,BRA
217735,76,pelagic<30cm,13482668.3030879,33224588.3647303,2578.5492613256,66161.180190519,10306.725211939,2008,APW,137565112.550647,339680450.545041,BRA
217812,76,pelagic>=90cm,5838122.17029847,14386559.2159341,1116.53607960554,28648.4132221006,4462.90894430847,2008,APW,69017147.2113453,171111219.258729,BRA
217923,76,rays<90cm,3522138.7256768,8679410.23938757,673.606144215544,17283.5858338321,2692.47267586979,2008,APW,38873801.0121813,96176571.2873282,BRA
218036,76,reef-associated30-90cm,4310364.88364349,10621792.0475018,824.353750823727,21151.5125450581,3295.02628264838,2008,APW,47983917.9068349,118731119.793455,BRA
218117,76,reef-associated<30cm,246455.004501511,607325.337308422,47.1343175936338,1209.38627244468,188.400689789461,2008,APW,2437624.73519469,6013915.2536074,BRA
218161,76,reef-associated>=90cm,1054006.84422692,2597330.34632525,201.577944997059,5172.14657924694,805.727669830893,2008,APW,12273237.4396988,30403996.405162,BRA
218220,76,shark>=90cm,429271.162606335,1057829.01083298,82.0977579781765,2106.48857491262,328.153138157361,2008,APW,4905713.9852122,12146883.9672883,BRA
218277,76,shrimp,8707932.78588738,21458473.6355626,1665.38500747513,42730.9414711383,6656.71426238532,2008,APW,88290932.8576688,217980966.826906,BRA
218353,76,bathydemersal30-90cm,30706.2872840406,79403.2397304779,98.9033342680601,149.122497744833,299.10107228095,2008,UP,251118.512168345,649356.04460653,BRA
218440,76,benthopelagic30-90cm,33040.8085083211,85440.066869908,106.422704189441,160.459903429303,321.840968999362,2008,UP,269476.573450436,696827.144196623,BRA
218519,76,benthopelagic>=90cm,61588.5456061628,159261.522116982,198.373461982684,299.099584013729,599.916227599481,2008,UP,500751.071333947,1294868.95859557,BRA
218583,76,cephalopods,43597.0702472559,112737.453029321,140.423867330048,211.725499390048,424.666464513917,2008,UP,356642.111879031,922224.728765372,BRA
218661,76,demersal30-90cm,2101386.97545822,5433966.41330638,6768.45678338694,10205.2088424139,20469.0033615185,2008,UP,17155362.4051714,44361268.1896602,BRA
218752,76,demersal<30cm,499206.650168268,1290896.0615034,1607.91833065706,2424.35504739821,4862.62774049909,2008,UP,4086914.26604738,10568166.6871672,BRA
218883,76,demersal>=90cm,897435.753461815,2320674.77307383,2890.59330057381,4358.32114393389,8741.66237294352,2008,UP,7316912.89328551,18920469.0110559,BRA
218944,76,demersalmollusc,470122.431278641,1215687.32058645,1514.23959326502,2283.10998818089,4579.32676777412,2008,UP,3836409.78774527,9920396.80217388,BRA
219037,76,flatfish<90cm,30992.0401253653,80142.1666203845,99.8237291214711,150.510232349211,301.884508144002,2008,UP,252832.635573548,653788.336131543,BRA
219123,76,lobsterscrab,294883.437163738,762537.653512714,949.804021767165,1432.07657398208,2872.37435896093,2008,UP,2408083.24716236,6226952.83517359,BRA
219217,76,pelagic30-90cm,215820.308696765,558088.692118171,695.145848647298,1048.11315022282,2102.24326875099,2008,UP,1770868.77776264,4579212.13409585,BRA
219309,76,pelagic<30cm,1220077.96076886,3154993.69600291,3929.80685912272,5925.2058469419,11884.4268913614,2008,UP,9940556.10524177,25704826.5234133,BRA
219377,76,pelagic>=90cm,354743.29744088,917328.976600778,1142.60947934219,1722.78094330593,3455.45196224991,2008,UP,2901138.45895376,7501923.56255706,BRA
219477,76,rays<90cm,234929.138337011,607502.122236174,756.694382597311,1140.9135717969,2288.37685704715,2008,UP,1913821.01711849,4948861.77299911,BRA
219579,76,reef-associated30-90cm,286361.7323126,740501.41816625,922.356059217036,1390.69163217225,2789.36689423361,2008,UP,2333704.6211419,6034619.6111085,BRA
219647,76,reef-associated<30cm,23455.5208073331,60653.5177776403,75.5489972910149,113.909761096821,228.473451039058,2008,UP,191525.719534163,495257.630751823,BRA
219683,76,reef-associated>=90cm,48401.0135574005,125159.946793498,155.897115743736,235.055445430306,471.460288265705,2008,UP,398376.167302699,1030143.73368723,BRA
219726,76,shark>=90cm,25909.2524932027,66998.6106729522,83.452337831238,125.82610234667,252.37454241961,2008,UP,211748.11244641,547549.842349785,BRA
219779,76,shrimp,858697.303608759,2220501.20301581,2765.81879366575,4170.19112523726,8364.32232585899,2008,UP,7010451.67585033,18128006.9517009,BRA
219848,76,bathydemersal30-90cm,105858.831514501,194081.235632824,2.04763010787521,535.362442778109,88.8309005667923,2008,I,1125009.03586803,2062581.1103263,BRA
219987,76,benthopelagic30-90cm,77541.5174903811,142164.364673871,1.49988757245905,392.152601974312,65.0685703917171,2008,I,777680.987277549,1425792.38955329,BRA
220084,76,benthopelagic>=90cm,223479.447746364,409726.488915704,4.32276872085155,1130.20804541761,187.531643014211,2008,I,2409817.89455621,4418138.61764171,BRA
220163,76,cephalopods,151478.929455809,277720.974060569,2.93006083880617,766.078073436565,127.112773945647,2008,I,1646936.6165021,3019478.43617843,BRA
220257,76,demersal30-90cm,3627330.23490203,6650335.39446966,70.1635422753933,18344.5854024378,3043.85573512931,2008,I,35217035.703991,64566531.2642653,BRA
220363,76,demersal<30cm,1307932.83036762,2397959.77539873,25.2993784668057,6614.64050790487,1097.54518862712,2008,I,13495605.921144,24742716.1532554,BRA
220500,76,demersal>=90cm,1212535.5767397,2223058.76246294,23.454106929774,6132.18565736582,1017.49306798562,2008,I,11473691.9662896,21035737.2844936,BRA
220578,76,demersalmollusc,768270.864205836,1408545.29086069,14.8606831385219,3885.39492352267,644.690591897224,2008,I,7383020.82412722,13535948.7593878,BRA
220672,76,flatfish<90cm,81741.2375647467,149864.117728799,1.58112286615999,413.391948430621,68.5927441521579,2008,I,860717.243903806,1578030.90286248,BRA
220797,76,lobsterscrab,626826.175806624,1149221.06155009,12.1247148832367,3170.06326138339,525.998000347409,2008,I,6355303.0355259,11651749.1777917,BRA
220902,76,pelagic30-90cm,940794.796734278,1724850.10475586,18.197818014471,4757.90440274794,789.463173235671,2008,I,11239911.5007871,20607158.2234339,BRA
221018,76,pelagic<30cm,3022745.88866792,5541892.43054648,58.4690516751507,15287.0062866041,2536.52185305066,2008,I,33579562.1428806,61564420.9198463,BRA
221116,76,pelagic>=90cm,3175298.78287002,5821582.40806198,61.4198862417398,16058.5157480676,2664.53583905604,2008,I,40492642.3891589,74238882.4236496,BRA
221232,76,rays<90cm,670933.669468428,1230087.59623669,12.9778872705822,3393.12916163725,563.010579531088,2008,I,7097402.67466905,13012311.749365,BRA
221373,76,reef-associated30-90cm,686301.632650059,1258263.16969408,13.2751501787139,3470.84993553711,575.906527745995,2008,I,7002075.8479921,12837537.5881808,BRA
221440,76,reef-associated<30cm,39771.5861635242,72917.0960538775,0.769302816791714,201.137809826926,33.3741244384666,2008,I,385011.508340456,705875.930536577,BRA
221487,76,reef-associated>=90cm,173238.398185313,317614.712894794,3.35095480357467,876.122763765353,145.372121564008,2008,I,1823114.07128867,3342480.52310794,BRA
221542,76,shark>=90cm,80800.9747284295,148140.242918533,1.56293533786958,408.636734324227,67.8037273708032,2008,I,868832.431853135,1592909.46973468,BRA
221607,76,shrimp,1379624.78847254,2529399.57701823,26.6861178612231,6977.20999095585,1157.70513098378,2008,I,13381467.719567,24533438.5439453,BRA
221701,76,bathydemersal30-90cm,553609.690978693,1378066.5638331,107.693670984236,2716.89162772917,429.78023230247,2009,APW,6158992.213934,15393248.2295366,BRA
221800,76,benthopelagic30-90cm,470954.675970912,1172318.51720121,91.6147942295522,2311.25436753693,365.6131988674,2009,APW,5040932.57381097,12589988.5841437,BRA
221886,76,benthopelagic>=90cm,1171432.83249684,2915975.72178758,227.87878192671,5748.91680351785,909.410877521306,2009,APW,13619797.6071788,34077340.840752,BRA
221959,76,cephalopods,697824.069912493,1737050.54997194,135.747688334685,3424.6372562978,541.737248752007,2009,APW,7971748.26907238,19941226.0190608,BRA
222049,76,demersal30-90cm,22183394.7919414,55219760.6603318,4315.33489923807,108867.096380284,17221.4914628453,2009,APW,220241312.458505,548942981.176926,BRA
222154,76,demersal<30cm,7888631.49350731,19636685.3267775,1534.57516806793,38714.2010123799,6124.13028723269,2009,APW,84929013.5931107,212126661.14698,BRA
222297,76,demersal>=90cm,8415817.07737285,20948975.9855187,1637.12855855515,41301.4138491562,6533.39686329226,2009,APW,83835428.6087086,208992559.727302,BRA
222367,76,demersalmollusc,4837899.97841363,12042686.9472508,941.11648878266,23742.4491683058,3755.77561314537,2009,APW,47388829.8333073,118078334.576285,BRA
222463,76,flatfish<90cm,449030.757701777,1117744.65549461,87.3499352878898,2203.66067659714,348.593145135985,2009,APW,5028575.04917543,12571696.012238,BRA
222562,76,lobsterscrab,3779183.18469743,9407288.33020419,735.164353359608,18546.6969265075,2933.86884929975,2009,APW,40783830.3741901,101882207.343117,BRA
222671,76,pelagic30-90cm,2969268.26072163,7391216.90936731,577.611635679256,14571.9632612916,2305.11283248184,2009,APW,33058543.5823905,82667145.5575577,BRA
222779,76,pelagic<30cm,14068358.1010541,35019498.796742,2736.71713720351,69041.7905674282,10921.5974924435,2009,APW,141433702.340727,352616867.414281,BRA
222856,76,pelagic>=90cm,5785716.12595903,14402027.4047568,1125.49512595364,28393.9460583625,4491.58759532357,2009,APW,67980162.785127,170220996.590742,BRA
222970,76,rays<90cm,3500574.93466065,8713765.94423403,680.966701653201,17179.4007352088,2717.57870775524,2009,APW,38370696.5963669,95878525.1834988,BRA
223086,76,reef-associated30-90cm,4250175.48387629,10579700.5005436,826.786466430293,20858.135933476,3299.51125594894,2009,APW,46780281.1679488,116915942.264615,BRA
223168,76,reef-associated<30cm,249312.75456607,620598.910393444,48.4988001473503,1223.52579191523,193.547358941551,2009,APW,2458068.20462477,6125068.91845737,BRA
223213,76,reef-associated>=90cm,1052253.86497165,2619310.84591037,204.694902153564,5164.03481111961,816.889440156302,2009,APW,11970740.4680368,29932346.956432,BRA
223275,76,shark>=90cm,376366.357200939,936865.631259767,73.2145323725799,1847.0532967558,292.182060871617,2009,APW,4262876.16397749,10660548.3825877,BRA
223337,76,shrimp,8811580.28590916,21934125.0061492,1714.11635964011,43243.6590181933,6840.63715636013,2009,APW,88236301.0016054,219993432.67433,BRA
223413,76,bathydemersal30-90cm,30281.5086284906,79129.2420988268,97.5312059183091,147.053657414468,292.208951004277,2009,UP,247728.230315666,647334.495285504,BRA
223499,76,benthopelagic30-90cm,35321.9611411424,92300.5537416692,113.765582414016,171.531201981452,340.848051498864,2009,UP,288207.505787462,753109.982014111,BRA
223576,76,benthopelagic>=90cm,54923.3557406297,143521.367003204,176.898092634129,266.719879720144,529.996585160365,2009,UP,448328.430232139,1171519.16224378,BRA
223641,76,cephalopods,41496.839075653,108436.256127081,133.653735898699,201.517765580313,400.434072326279,2009,UP,338483.003064789,884483.9451998,BRA
223719,76,demersal30-90cm,2063198.23887126,5391386.37194295,6645.18451687445,10019.3438417943,19909.3446925301,2009,UP,16833139.7258544,43986380.5788421,BRA
223811,76,demersal<30cm,579591.069523033,1514541.51843201,1866.75692560704,2814.62154424945,5592.90821717605,2009,UP,4787532.85683016,12510227.599776,BRA
223941,76,demersal>=90cm,749908.83874796,1959602.43531286,2415.31933792339,3641.72204292257,7236.43190330375,2009,UP,6139948.31280122,16044194.5656494,BRA
224003,76,demersalmollusc,464027.442413683,1212559.79289966,1494.54759975911,2253.41918676444,4477.74824723648,2009,UP,3785759.63968885,9892501.7728649,BRA
224092,76,flatfish<90cm,29127.8131558508,76114.4963844425,93.815363617005,141.451058783217,281.076079522396,2009,UP,237324.267341461,620147.801271139,BRA
224178,76,lobsterscrab,280707.596046423,733522.87691633,904.107872851442,1363.17774550413,2708.75778304135,2009,UP,2293067.39835669,5991974.5063991,BRA
224274,76,pelagic30-90cm,216105.149328433,564708.87530101,696.035196850396,1049.45407392769,2085.36040151154,2009,UP,1762987.13635286,4606830.54041338,BRA
224366,76,pelagic<30cm,1118734.27805157,2923387.88725043,3603.23868203383,5432.819390895,10795.5047369868,2009,UP,9113204.98577839,23813552.5991582,BRA
224434,76,pelagic>=90cm,331321.920043179,865784.223150567,1067.12736163276,1608.97202057142,3197.17329437976,2009,UP,2714228.87755062,7092506.70220114,BRA
224537,76,rays<90cm,225161.77328452,588374.928350459,725.20492768589,1093.43502920008,2172.75454750063,2009,UP,1829157.59529063,4779737.94150751,BRA
224640,76,reef-associated30-90cm,300824.860001781,786091.719156634,968.901904001428,1460.87159814872,2902.88432639132,2009,UP,2452847.24491568,6409491.70701861,BRA
224709,76,reef-associated<30cm,22689.3022341909,59289.8891389295,73.0780964546655,110.184235490197,218.946066598347,2009,UP,185312.462756483,484236.774708395,BRA
224747,76,reef-associated>=90cm,47579.9274283451,124332.101240816,153.246251913158,231.058578807733,459.134346748344,2009,UP,391287.83643081,1022468.03969555,BRA
224792,76,shark>=90cm,23601.9900136022,61674.8526208919,76.0176970156872,114.616447824349,227.753274386049,2009,UP,192066.771617362,501886.202000011,BRA
224847,76,shrimp,836916.355038649,2186963.59176812,2695.5546489146,4064.2496537516,8076.03257765288,2009,UP,6830141.0252023,17847720.8361809,BRA
224917,76,bathydemersal30-90cm,88669.4422514863,164462.060785267,1.71619375592888,448.392839394261,72.6522031262863,2009,I,934254.38476428,1732820.28385009,BRA
225058,76,benthopelagic30-90cm,68855.4959427663,127711.604715198,1.33269556227958,348.1956190286,56.4174460848285,2009,I,692207.795587152,1283880.03600254,BRA
225156,76,benthopelagic>=90cm,209602.023922482,388765.057315744,4.05683937500789,1059.93727109307,171.739535414091,2009,I,2275628.51871419,4220754.25525427,BRA
225237,76,cephalopods,132713.271896328,246153.552288298,2.56866044010276,671.118248856466,108.739959816365,2009,I,1462352.38719633,2712318.15240426,BRA
225333,76,demersal30-90cm,3330736.00607046,6177773.23935804,64.4662714811402,16843.2115632215,2729.07218911722,2009,I,32549715.2192808,60371901.199949,BRA
225441,76,demersal<30cm,1221568.77347306,2265737.92250218,23.6434181634544,6177.35577155689,1000.90471316352,2009,I,12530920.264671,23241872.6359722,BRA
225577,76,demersal>=90cm,1158926.76417084,2149550.95120768,22.4309844039367,5860.58115672715,949.578350117775,2009,I,11109588.1351733,20605607.8187667,BRA
225653,76,demersalmollusc,694360.680225696,1287884.36578063,13.4393251328463,3511.31516184665,568.93143682561,2009,I,6647943.91327413,12330332.0457318,BRA
225741,76,flatfish<90cm,75379.3495782308,139811.899765063,1.45896450668123,381.186119263189,61.7628314561003,2009,I,799226.436089665,1482375.6929023,BRA
225863,76,lobsterscrab,604312.974915787,1120865.93408407,11.6964551466984,3055.95257875596,495.149939941075,2009,I,6208700.37193014,11515660.865819,BRA
225969,76,pelagic30-90cm,888748.816300826,1648431.05062894,17.2017002745846,4494.31726568389,728.20531956207,2009,I,10662171.7328529,19775821.1138815,BRA
226086,76,pelagic<30cm,2850137.82911301,5286370.69316981,55.164311646253,14412.872816278,2335.28921848112,2009,I,31799658.1198194,58980739.662648,BRA
226183,76,pelagic>=90cm,3079141.86704981,5711122.16392357,59.5966762806775,15570.9242057521,2522.92599005048,2009,I,39618901.7251242,73483785.8932972,BRA
226304,76,rays<90cm,626793.035249444,1162561.43768907,12.1315558781106,3169.63208126342,513.569204438306,2009,I,6663238.72387369,12358729.7567601,BRA
226443,76,reef-associated30-90cm,613769.878039108,1138406.38248225,11.8794931548167,3103.77522808893,502.89854903588,2009,I,6222870.90582558,11541942.4120173,BRA
226511,76,reef-associated<30cm,36218.7636504551,67177.737423385,0.701012822975469,183.154803506221,29.6762098294546,2009,I,348659.931358202,646680.137223399,BRA
226558,76,reef-associated>=90cm,162058.015073356,300581.513190776,3.13662685255538,819.511792114852,132.783871538956,2009,I,1697308.48690714,3148104.47917218,BRA
226616,76,shark>=90cm,65712.4972071692,121882.042286738,1.2718629386839,332.301776781686,53.8421983245389,2009,I,710192.668267686,1317239.45868619,BRA
226681,76,shrimp,1238129.59165643,2296454.55066143,23.9639521832666,6261.1022359462,1014.47398681682,2009,I,11940494.5403214,22146742.5586596,BRA
226776,76,bathydemersal30-90cm,577391.131296405,1452077.73206073,114.650991402063,2833.87267109886,456.53777742049,2010,APW,6440538.25076289,16263807.5886842,BRA
226876,76,benthopelagic30-90cm,509169.946512742,1280508.65538174,101.104495714628,2499.03872462946,402.595923474456,2010,APW,5463837.45931047,13785638.5879871,BRA
226963,76,benthopelagic>=90cm,1223775.88265241,3077667.13396277,243.001858869923,6006.37045049837,967.628166148815,2010,APW,14025642.6333441,35440169.2409291,BRA
227036,76,cephalopods,665666.294150584,1674080.44621185,132.179551140565,3267.13282697894,526.336124617807,2010,APW,7363203.46177338,18593428.9932243,BRA
227127,76,demersal30-90cm,23607222.4509632,59369671.9239184,4687.62215341777,115865.760518571,18666.010412448,2010,APW,234840606.382291,591375669.306691,BRA
227230,76,demersal<30cm,8511991.67879189,21406760.3437346,1690.20310822651,41777.4006001595,6730.35235877643,2010,APW,93400788.6614935,235784496.293348,BRA
227372,76,demersal>=90cm,8527400.07464641,21445510.8324317,1693.26271161299,41853.0259943694,6742.53563353724,2010,APW,84577693.150562,213017894.437387,BRA
227441,76,demersalmollusc,3532372.85540031,8883544.76998268,701.413700214042,17337.1123255296,2793.01424115062,2010,APW,35778141.7032482,90156722.1039041,BRA
227532,76,flatfish<90cm,466600.732050762,1173451.57562929,92.6516422211652,2290.10629225369,368.936842993997,2010,APW,5182658.35988755,13089405.0453158,BRA
227630,76,lobsterscrab,3973775.89601734,9993626.81212414,789.061905168282,19503.5467335815,3142.02750475493,2010,APW,42576739.9451939,107440158.770345,BRA
227740,76,pelagic30-90cm,3143017.06569041,7904356.0685261,624.100376751411,15426.1291600702,2485.15425296402,2010,APW,35400476.5808313,89470103.867496,BRA
227846,76,pelagic<30cm,11826734.7240522,29742989.1193975,2348.40264712295,58046.3718720027,9351.28874067994,2010,APW,120892655.500254,304748911.48409,BRA
227922,76,pelagic>=90cm,5973634.82149719,15023060.8570011,1186.16846957934,29318.9824889692,4723.29728793143,2010,APW,70359407.5337832,178021797.285168,BRA
228037,76,rays<90cm,3992578.21436245,10040912.6575419,792.795430541427,19595.8297168547,3156.89432234591,2010,APW,44302147.8211788,111900250.21437,BRA
228154,76,reef-associated30-90cm,4490758.9705631,11293784.6595692,891.717832531896,22040.9327912551,3550.80119562753,2010,APW,49146622.4063594,124077237.258363,BRA
228235,76,reef-associated<30cm,264852.812660754,666076.859675393,52.591104887602,1299.91457606521,209.416646501336,2010,APW,2611643.01597222,6575173.19539586,BRA
228283,76,reef-associated>=90cm,1120815.00150317,2818731.38887351,222.557195868456,5501.03184817871,886.217958590571,2010,APW,12898403.1191487,32598038.8505444,BRA
228347,76,shark>=90cm,395381.062470809,994341.626279058,78.5097455378279,1940.55559026393,312.624115111168,2010,APW,4495116.69338838,11357891.0699211,BRA
228410,76,shrimp,9308980.81069786,23411103.8613369,1848.45907919116,45689.0743298894,7360.52422527476,2010,APW,92771796.2596371,233668996.193693,BRA
228485,76,bathydemersal30-90cm,27930.7545785517,73762.5415258777,89.9564835111642,135.632793462443,267.154016527413,2010,UP,228417.449094742,603220.631290983,BRA
228569,76,benthopelagic30-90cm,32127.1393433813,84844.8058665626,103.471765235553,156.010595519181,307.291888265385,2010,UP,262599.960422614,693492.155013969,BRA
228642,76,benthopelagic>=90cm,58390.5081381095,154203.935634514,188.058105188747,283.546500979421,558.497577725715,2010,UP,476786.766115063,1259131.35397312,BRA
228706,76,cephalopods,40140.4955915223,106007.339136217,129.280353656524,194.923754484808,383.938593299263,2010,UP,328629.466540665,867867.580481363,BRA
228784,76,demersal30-90cm,1995027.37293435,5268682.91465125,6425.37767724698,9687.92786690101,19082.1760386962,2010,UP,16257445.6582825,42933775.6077516,BRA
228873,76,demersal<30cm,494635.917910401,1306287.74573367,1593.07216954694,2401.9705985518,4731.1278976316,2010,UP,4081613.17225383,10779013.771839,BRA
229001,76,demersal>=90cm,840267.368827877,2219068.46489574,2706.24617377787,4080.36990797873,8037.04754585004,2010,UP,6867039.81768244,18134954.7431396,BRA
229061,76,demersalmollusc,302140.044011909,797923.932931375,973.10138223373,1467.20340372292,2889.93002622045,2010,UP,2464181.70551024,6507580.19467346,BRA
229144,76,flatfish<90cm,28832.7803752013,76144.7082910347,92.861634837268,140.013064615902,275.78177536252,2010,UP,235012.173408252,620636.244634347,BRA
229227,76,lobsterscrab,291714.535250754,770391.127802164,939.523982656831,1416.57674154071,2790.21139770824,2010,UP,2381621.15311427,6289549.33855235,BRA
229321,76,pelagic30-90cm,216882.324900363,572766.176141077,698.512144700322,1053.1887169799,2074.45108752732,2010,UP,1775302.33017053,4688342.16618391,BRA
229411,76,pelagic<30cm,1043449.20146245,2755652.90714064,3360.63319099061,5067.02851985194,9980.45521573835,2010,UP,8479921.67323499,22394354.6173761,BRA
229475,76,pelagic>=90cm,326004.066937587,860946.612002908,1049.96015734438,1583.08799551075,3118.18628607792,2010,UP,2670377.78943815,7052120.6048779,BRA
229574,76,rays<90cm,259314.250066647,684824.969013949,835.172497568084,1259.23973955814,2480.30690518104,2010,UP,2119342.98605771,5596907.41472671,BRA
229676,76,reef-associated30-90cm,295438.157289377,780224.869474917,951.516639123633,1434.65879003948,2825.82735576803,2010,UP,2405694.18427432,6353121.78058049,BRA
229744,76,reef-associated<30cm,22138.9031622936,58466.7972092698,71.3026879267861,107.50734541208,211.755714822684,2010,UP,180901.594265872,477737.414473613,BRA
229783,76,reef-associated>=90cm,47695.3159755107,125958.921565802,153.612137224732,231.610246069042,456.199462730823,2010,UP,393044.305999878,1037979.45110504,BRA
229829,76,shark>=90cm,22330.1359204719,58971.8252501903,71.9185906017204,108.435978869522,213.584831157342,2010,UP,182336.64932521,481527.193884653,BRA
229884,76,shrimp,837284.179586046,2211190.13780968,2696.63822662812,4065.88342895581,8008.51373070461,2010,UP,6814678.9883153,17996669.1892976,BRA
229951,76,bathydemersal30-90cm,92346.7380631109,172842.856470732,1.78760043782523,466.944746836117,73.6424673501782,2010,I,991581.220639814,1855807.88341784,BRA
230096,76,benthopelagic30-90cm,63774.8472648081,119365.632218658,1.23452053947911,322.473002676351,50.8576394355322,2010,I,645450.19180381,1207989.73016787,BRA
230190,76,benthopelagic>=90cm,188839.570973914,353445.844936422,3.65545883733323,954.85392890427,150.591263227556,2010,I,2046795.03931696,3830715.48251916,BRA
230272,76,cephalopods,112681.226283286,210902.360277391,2.18122495351191,569.764647713641,89.8583285299574,2010,I,1239452.72523084,2319713.64506251,BRA
230372,76,demersal30-90cm,3129145.84672187,5856736.44575632,60.572388402027,15822.3045649135,2495.35636758146,2010,I,30644350.0857443,57351924.5720642,BRA
230480,76,demersal<30cm,1309783.01139146,2451484.93378317,25.354102740687,6622.82512075805,1044.49442043416,2010,I,14122057.3237104,26430277.1329502,BRA
230615,76,demersal>=90cm,1008565.38795763,1887704.1706982,19.523287632058,5099.73952112632,804.286596484118,2010,I,9634531.96939327,18031278.8440071,BRA
230690,76,demersalmollusc,479264.003036718,897025.287800114,9.2773449244824,2423.36452006246,382.191991141331,2010,I,4691656.42065621,8780593.52413204,BRA
230776,76,flatfish<90cm,75131.7655481608,140622.064638153,1.45436189523758,379.898456394428,59.9142829231329,2010,I,809868.148726107,1515720.29664913,BRA
230897,76,lobsterscrab,533221.475648576,998016.009181102,10.3218257982841,2696.19666245434,425.220705511309,2010,I,5457465.14327091,10213913.5344733,BRA
231001,76,pelagic30-90cm,829530.050772967,1552608.64120532,16.0576140863527,4194.46000665901,661.513779060514,2010,I,9966145.357204,18652374.797302,BRA
231116,76,pelagic<30cm,2362446.54693268,4421726.39765794,45.7310195271806,11945.5438048872,1883.94735264102,2010,I,27335385.1133635,51159323.0607018,BRA
231213,76,pelagic>=90cm,2958674.30602729,5537669.53924056,57.2724884036738,14960.3272814496,2359.41280170092,2010,I,38282183.9717285,71648290.597173,BRA
231332,76,rays<90cm,584898.895338145,1094739.21805154,11.32217058577,2957.49987857442,466.431177825229,2010,I,6163553.09987321,11535451.2279258,BRA
231471,76,reef-associated30-90cm,559709.20960029,1047592.37423389,10.8345616653239,2830.13001498806,446.343509885691,2010,I,5690437.06523576,10649935.3166374,BRA
231542,76,reef-associated<30cm,33541.401854489,62778.5217773536,0.649277125515575,169.599725187578,26.7477947002344,2010,I,327189.575952898,612345.96216922,BRA
231591,76,reef-associated>=90cm,145138.979014472,271652.645716222,2.80952535924404,733.884977785021,115.741960652762,2010,I,1531052.69691303,2865457.26099659,BRA
231654,76,shark>=90cm,57676.9298875223,107952.327535473,1.11648020581829,291.639314928568,45.9948181731942,2010,I,622884.076213103,1165767.05593812,BRA
231724,76,shrimp,1125236.5076334,2106074.3049916,21.7817468801955,5689.6787824661,897.32668974177,2010,I,10856632.8333228,20318508.5331353,BRA
231817,76,bathydemersal30-90cm,535576.260371398,1359813.55891039,108.771204381105,2628.89611911398,431.994751513177,2011,APW,5986200.88103435,15262218.3050317,BRA
231920,76,benthopelagic30-90cm,476271.480781455,1209240.33645524,96.7268835647174,2337.7963888892,384.159633681899,2011,APW,5143899.46459971,13106553.1462139,BRA
232008,76,benthopelagic>=90cm,1234879.90257018,3135326.4873548,250.794115062971,6061.45421977328,996.051685131622,2011,APW,13893018.0629488,35429221.2784869,BRA
232081,76,cephalopods,602388.318558911,1529447.55754783,122.340192728715,2956.84560731081,485.88522540159,2011,APW,6704811.69343723,17095430.6536324,BRA
232167,76,demersal30-90cm,21993752.229411,55841538.7420818,4466.75309542977,107957.155981033,17740.1170145185,2011,APW,217576958.76321,553087685.014889,BRA
232270,76,demersal<30cm,8001796.46547901,20316343.5994234,1625.10010835629,39277.1174350601,6454.23319055728,2011,APW,86772681.245685,221085582.198869,BRA
232412,76,demersal>=90cm,8012947.24594929,20344655.1277675,1627.36474163317,39331.8514583402,6463.22738801311,2011,APW,78256245.428106,198911165.534344,BRA
232480,76,demersalmollusc,4779870.72812602,12135961.7796303,970.753064229769,23462.1743658377,3855.43426818435,2011,APW,47086911.7747502,119690414.86824,BRA
232570,76,flatfish<90cm,435654.467824675,1106114.84522685,88.4778969225383,2138.42626061272,351.398031426967,2011,APW,4753321.04402154,12113758.6324751,BRA
232671,76,lobsterscrab,3868455.18984611,9821902.51588477,785.651943949319,18988.4570845251,3120.28829903432,2011,APW,41472180.9462105,105660640.420017,BRA
232779,76,pelagic30-90cm,2850981.19999251,7238563.72808615,579.011210422264,13994.1479242001,2299.59579277364,2011,APW,31740915.379313,80968132.9629935,BRA
232885,76,pelagic<30cm,14449338.6034258,36686477.7326023,2934.54374044721,70925.1193321534,11654.807916968,2011,APW,147985440.961934,376486090.028583,BRA
232962,76,pelagic>=90cm,6223265.35439278,15800701.4794349,1263.8948322898,30547.1309109827,5019.6735167223,2011,APW,75365253.708514,192679224.095004,BRA
233077,76,rays<90cm,3623018.44589047,9198745.29817268,735.80572742561,17783.7216408266,2922.31950716928,2011,APW,40649519.593252,103675217.026034,BRA
233195,76,reef-associated30-90cm,4353539.48541559,11053518.349403,884.168638880614,21369.5115046397,3511.55633168044,2011,APW,47745202.3797761,121702366.82137,BRA
233278,76,reef-associated<30cm,248845.435851219,631811.793728122,50.5384942631851,1221.46713544556,200.718236000956,2011,APW,2455431.39346693,6241042.04790745,BRA
233327,76,reef-associated>=90cm,901817.216716877,2289689.38634444,183.151778844507,4426.60356068272,727.403981975892,2011,APW,10728267.6231618,27403416.2792403,BRA
233389,76,shark>=90cm,483111.902790488,1226607.98189588,98.1161179192827,2371.37285633788,389.677104534674,2011,APW,5451100.99515935,13904939.4776032,BRA
233454,76,shrimp,9362530.6678716,23771210.7311432,1901.45421324916,45956.3321958766,7551.79870481371,2011,APW,94400052.0745582,240105831.057683,BRA
233526,76,bathydemersal30-90cm,28053.7460829308,74826.0462591543,90.3493642657672,136.225163374699,266.057716013131,2011,UP,229831.975920555,613008.418888662,BRA
233615,76,benthopelagic30-90cm,30564.6383596449,81523.1961190611,98.435896462584,148.417713688676,289.870659294315,2011,UP,250150.329319201,667201.523392992,BRA
233690,76,benthopelagic>=90cm,64119.6418649095,171022.410843853,206.502506378928,311.356232524294,608.101513991301,2011,UP,522778.373740898,1394355.27195608,BRA
233754,76,cephalopods,36723.0398676314,97949.1249328756,118.269527931804,178.322071169936,348.276058511343,2011,UP,300744.688636742,802147.038476061,BRA
233828,76,demersal30-90cm,1855227.50851651,4948335.20497201,5974.91064000244,9008.73165736216,17594.7123832051,2011,UP,15124974.409827,40341352.319363,BRA
233917,76,demersal<30cm,530623.365417506,1415299.34610325,1708.91557898584,2576.63466514419,5032.35611560914,2011,UP,4342160.00944474,11581417.9411857,BRA
234044,76,demersal>=90cm,783300.929910075,2089250.80604304,2522.68416620552,3803.60244343548,7428.71400299864,2011,UP,6446174.94455167,17193258.9005411,BRA
234103,76,demersalmollusc,414118.256691922,1104552.37387508,1333.70142840667,2010.90175292587,3927.43832531622,2011,UP,3380900.91435379,9017544.49324542,BRA
234185,76,flatfish<90cm,28779.5441285504,76761.9231283535,92.6868557299451,139.749539657613,272.941080884742,2011,UP,234743.616785051,626108.552067802,BRA
234271,76,lobsterscrab,280543.798669564,748277.367126387,903.51405418618,1362.28240943455,2660.63726730195,2011,UP,2292548.3139499,6114689.05348286,BRA
234364,76,pelagic30-90cm,204453.480822584,545326.302186219,658.459015050508,992.798207599402,1939.00757416809,2011,UP,1673648.37217697,4463959.29078099,BRA
234453,76,pelagic<30cm,987334.914468474,2633458.21142394,3179.79215951836,4794.36363441133,9363.74313458744,2011,UP,8071749.41752894,21528985.682325,BRA
234519,76,pelagic>=90cm,306372.665613532,817169.128927385,986.698014759365,1487.70386326907,2905.59454773091,2011,UP,2503893.36536585,6678389.32659643,BRA
234618,76,rays<90cm,209589.157245535,559024.378744686,674.99887744595,1017.73635160655,1987.71359493386,2011,UP,1718583.94472467,4583811.78806996,BRA
234720,76,reef-associated30-90cm,286988.485597188,765466.887582822,924.269691065528,1393.57692985329,2721.75775649846,2011,UP,2350718.63758806,6269842.32695091,BRA
234789,76,reef-associated<30cm,20286.1319783166,54107.9628132944,65.3331331307492,98.5066890823653,192.390774655788,2011,UP,165849.29846609,442353.566537862,BRA
234830,76,reef-associated>=90cm,33563.9389530584,89523.0476998246,108.09538725058,162.981908150969,318.315597206046,2011,UP,276492.172169133,737460.970320005,BRA
234873,76,shark>=90cm,28038.2405882869,74784.6893987884,90.2994275628557,136.149870808252,265.910664119298,2011,UP,228829.400452766,610334.160113442,BRA
234930,76,shrimp,793131.177472713,2115470.42593574,2554.34327566042,3851.33678437788,7521.94266510414,2011,UP,6481946.1867933,17288658.6551484,BRA
234995,76,bathydemersal30-90cm,72136.2667284748,136390.516128206,1.39751301180261,364.722652621585,56.0309197895236,2011,I,778544.219899772,1471856.36902447,BRA
235143,76,benthopelagic30-90cm,49330.5729945383,93271.0080069799,0.955692895766849,249.416531432568,38.3168897419133,2011,I,497037.277773814,939643.720572935,BRA
235241,76,benthopelagic>=90cm,159860.300094591,302253.357806559,3.09701152533687,808.257418128444,124.169437348959,2011,I,1714964.00233076,3242179.99875084,BRA
235324,76,cephalopods,89334.7024192741,168908.188955596,1.73070238728016,451.678345930483,69.3895840841934,2011,I,989910.269049178,1871448.82821424,BRA
235419,76,demersal30-90cm,2492236.18418931,4712156.51836321,48.2826829533584,12600.8044674457,1935.81248470317,2011,I,24337075.1402329,46008334.3585881,BRA
235525,76,demersal<30cm,856073.135766718,1618606.86899984,16.5849079879871,4328.32580718608,664.943826170821,2011,I,8720354.48508236,16485793.0864305,BRA
235657,76,demersal>=90cm,808844.305688789,1529309.69848357,15.6699326564447,4089.53573712224,628.259438277417,2011,I,7673108.42620684,14505591.4787167,BRA
235733,76,demersalmollusc,523798.892414384,990364.549259103,10.1476802295889,2648.33945733169,406.854070188894,2011,I,5045376.04875395,9538052.41459172,BRA
235817,76,flatfish<90cm,56620.9499830508,107055.174076665,1.09693109902378,286.276848086744,43.9795965439758,2011,I,603823.285000424,1141537.23723056,BRA
235943,76,lobsterscrab,458757.50898938,867388.57257847,8.88761807549627,2319.48870071801,356.334009989445,2011,I,4724501.89166214,8931672.13575822,BRA
236046,76,pelagic30-90cm,779098.637487627,1473068.54236988,15.0936627683403,3939.14094262635,605.154872091054,2011,I,9597720.71944109,18144969.1023319,BRA
236158,76,pelagic<30cm,2279421.23946929,4309779.9958934,44.159768532631,11524.807126913,1770.511206464,2011,I,26044991.5316807,49237496.8276339,BRA
236253,76,pelagic>=90cm,3591715.75893882,6790980.29832065,69.5831616391666,18159.7989260209,2789.81913984231,2011,I,47425898.9092227,89661852.2632461,BRA
236369,76,rays<90cm,439339.046532812,830673.418925779,8.51141959471819,2221.3085001311,341.250968383823,2011,I,4666347.89687364,8821816.65712937,BRA
236512,76,reef-associated30-90cm,458294.054279225,866512.302846382,8.87863945742805,2317.14546285828,355.974027488708,2011,I,4669234.41139502,8827175.98493915,BRA
236579,76,reef-associated<30cm,27425.5376459623,51854.4056168877,0.531321448338627,138.664160116011,21.3024345411389,2011,I,267070.962209466,504887.082788754,BRA
236630,76,reef-associated>=90cm,106364.128917283,201106.310299654,2.06061750756333,537.779524805691,82.6169726564783,2011,I,1152338.27902103,2178530.80239214,BRA
236690,76,shark>=90cm,62445.0331838404,118066.968140243,1.2097624448094,315.723549037825,48.5033784566062,2011,I,676402.355035227,1278755.01962406,BRA
236761,76,shrimp,982281.562455085,1857233.47440137,19.0299737849187,4966.43856589373,762.974602550692,2011,I,9593012.32503832,18135284.0204834,BRA
236853,76,bathydemersal30-90cm,535230.619698049,1372441.06698297,111.324353826054,2627.42433870072,440.811788007492,2012,APW,6047009.65019645,15574951.3213216,BRA
236956,76,benthopelagic30-90cm,465745.498469389,1194266.96705516,96.8719179290394,2286.32483509469,383.58438097685,2012,APW,5044131.9964821,12980979.0678462,BRA
237046,76,benthopelagic>=90cm,1209335.18498378,3100983.4089005,251.533550347665,5936.57496737774,995.999080721154,2012,APW,13695821.928487,35279896.3479266,BRA
237120,76,cephalopods,610112.931181131,1564454.66950812,126.89936884212,2995.01841962197,502.48427907987,2012,APW,6885221.83713459,17735024.1842366,BRA
237210,76,demersal30-90cm,21807748.0628915,55919538.0802682,4535.86430251765,107053.307348184,17960.692199268,2012,APW,215564815.493957,553415709.216172,BRA
237313,76,demersal<30cm,8223119.60246451,21085764.9502598,1710.35333646488,40366.9442449893,6772.49753948457,2012,APW,88181720.0770849,226818630.061231,BRA
237457,76,demersal>=90cm,8077728.07622949,20712951.2620055,1680.11288101592,39653.2234289302,6652.75420589698,2012,APW,79157011.8859054,203215770.484594,BRA
237527,76,demersalmollusc,4752846.03930208,12187271.8961137,988.559874355698,23331.5189792478,3914.40714264635,2012,APW,46636703.2329317,119712622.791222,BRA
237619,76,flatfish<90cm,447522.02086454,1147538.2334445,93.0815576728046,2196.86655891878,368.575666133069,2012,APW,4955757.00992242,12759918.7274411,BRA
237721,76,lobsterscrab,3882011.67529963,9954274.007519,807.432208459477,19056.6301392786,3197.19471322509,2012,APW,41617341.5796353,107085705.335642,BRA
237831,76,pelagic30-90cm,2899875.59775233,7435875.70109939,603.154537903389,14235.3659232672,2388.31505560286,2012,APW,32525839.0814159,83812850.8853572,BRA
237940,76,pelagic<30cm,15953810.4531166,40908841.6000414,3318.28481853022,78316.5766995623,13139.4345774508,2012,APW,161171882.815225,414010940.488761,BRA
238017,76,pelagic>=90cm,5047248.16793195,12942179.3260488,1049.79352865079,24776.7265022475,4156.87445288312,2012,APW,61037230.4818105,157599912.92311,BRA
238129,76,rays<90cm,3588925.7833662,9202741.67839011,746.472322507083,17617.8839662174,2955.81144532492,2012,APW,39257973.6065855,101063636.916504,BRA
238252,76,reef-associated30-90cm,4332189.57499738,11108622.4589247,901.066170991171,21266.5342943853,3567.95774057052,2012,APW,47515794.8112961,122323109.367416,BRA
238333,76,reef-associated<30cm,246376.244526798,631759.214576281,51.2445947795533,1209.45050137935,202.913564499914,2012,APW,2430130.81178595,6238343.83528709,BRA
238380,76,reef-associated>=90cm,890880.550176986,2284400.42075518,185.297137223957,4373.29471495973,733.722312909085,2012,APW,10358489.3723679,26701497.7158364,BRA
238442,76,shark>=90cm,268776.024360311,689196.843522535,55.9035976916409,1319.4100674993,221.361849474632,2012,APW,3013155.79935185,7761041.21680182,BRA
238510,76,shrimp,9310999.17754025,23875311.2688323,1936.62494029089,45707.2987911136,7668.4667216971,2012,APW,92061972.4481874,236370710.242517,BRA
238584,76,bathydemersal30-90cm,25543.6960005201,68811.3879053709,82.2626954137446,124.032407017461,240.238082887455,2012,UP,208236.459516761,560954.826542949,BRA
238672,76,benthopelagic30-90cm,29642.1631272185,79852.1241898503,95.461684037003,143.933314967352,278.784105564645,2012,UP,242853.670784762,654208.124723501,BRA
238748,76,benthopelagic>=90cm,60168.3236272847,162085.622090424,193.77025470418,292.159051906417,565.882193339464,2012,UP,491183.130692515,1323166.7708366,BRA
238812,76,cephalopods,33016.5260168658,88942.2180325063,106.328717006736,160.31819330856,310.519938607714,2012,UP,270096.134399566,727594.805072398,BRA
238890,76,demersal30-90cm,1761360.35741414,4744875.24407974,5672.40741484133,8552.62937480787,16565.5680967436,2012,UP,14362906.8820404,38691311.0420645,BRA
238979,76,demersal<30cm,432029.438590652,1163831.00099514,1391.33765590658,2097.80335507085,4063.23047674261,2012,UP,3519912.45188266,9482064.98376892,BRA
239107,76,demersal>=90cm,706062.835679716,1902041.25787176,2273.85386959282,3428.42605913984,6640.51052119948,2012,UP,5787770.64587596,15591308.9322869,BRA
239168,76,demersalmollusc,402212.331614364,1083507.6008764,1295.31257052898,1953.02056606135,3782.8010268663,2012,UP,3286769.69480683,8854018.84414632,BRA
239251,76,flatfish<90cm,23498.6857408561,63302.3967928341,75.6768021230751,114.102460118768,221.004791657523,2012,UP,191897.990505003,516941.709740656,BRA
239335,76,lobsterscrab,260811.576392743,702592.39512586,839.935742608974,1266.42157021253,2452.92901646542,2012,UP,2126998.96290414,5729785.89533258,BRA
239430,76,pelagic30-90cm,192024.371590651,517288.630452709,618.408643442038,932.4118566835,1805.98637321972,2012,UP,1573862.35874537,4239728.68341911,BRA
239520,76,pelagic<30cm,1163973.31788978,3135592.41729092,3748.54063865084,5651.89987850741,10947.1518301931,2012,UP,9528730.62087818,25668840.7109658,BRA
239585,76,pelagic>=90cm,246321.92014555,663559.149638567,793.272245733329,1196.06421311126,2316.65401387954,2012,UP,2017221.07839921,5434064.6899325,BRA
239682,76,rays<90cm,229778.835201594,618994.234866371,739.995744246597,1115.73603174505,2161.06654478738,2012,UP,1877918.95447248,5058806.05547374,BRA
239788,76,reef-associated30-90cm,261284.372974249,703866.047496671,841.458369607679,1268.71732639569,2457.37566131801,2012,UP,2131251.19005457,5741240.79977337,BRA
239855,76,reef-associated<30cm,19430.0283955377,52341.9641742718,62.5738149933345,94.3462993870223,182.739129533085,2012,UP,158727.380790887,427585.546141874,BRA
239894,76,reef-associated>=90cm,31831.2860336654,85749.3359905617,102.511687719815,154.563028981257,299.372774104981,2012,UP,261556.465127698,704590.59376212,BRA
239940,76,shark>=90cm,14491.4372711865,39038.0433338096,46.6692326092014,70.3660052112745,136.291753090186,2012,UP,118256.536123185,318563.697748635,BRA
239997,76,shrimp,777802.792339106,2095299.35121515,2504.89021623375,3776.77343626221,7315.22375196805,2012,UP,6357884.78525523,17127099.636423,BRA
240063,76,bathydemersal30-90cm,63811.102988902,121521.052294221,1.23522522507829,322.603326791412,48.3007623266217,2012,I,692950.239996917,1319792.3186771,BRA
240204,76,benthopelagic30-90cm,44565.175602227,84869.3531563193,0.862671643107127,225.303642076557,33.7328749070783,2012,I,454410.474271667,865484.211513407,BRA
240303,76,benthopelagic>=90cm,152287.942152398,290015.218594475,2.94791813353581,769.906716345684,115.271846976107,2012,I,1667701.22812058,3176290.73343013,BRA
240386,76,cephalopods,82308.4179957213,156747.103544853,1.59328752180142,416.118327761485,62.3019999479243,2012,I,924764.879092246,1761302.47216262,BRA
240482,76,demersal30-90cm,2175681.03675171,4143339.27261268,42.1158070059938,10999.3701349303,1646.84588938948,2012,I,21353105.4385991,40670394.7954452,BRA
240590,76,demersal<30cm,901935.732695014,1717634.92879789,17.459246373129,4559.8250820091,682.705382264994,2012,I,9459262.6958375,18016263.3708915,BRA
240724,76,demersal>=90cm,722063.264209942,1375088.08937299,13.977359993442,3650.46207128728,546.553882879202,2012,I,6868782.68199962,13082824.4808242,BRA
240801,76,demersalmollusc,472600.911372401,900015.159981964,9.14838546551541,2389.28053445348,357.727467890865,2012,I,4551490.95197271,8669097.12321628,BRA
240887,76,flatfish<90cm,50389.4317901086,95960.9925048132,0.975414846462206,254.748743858027,38.1414496015034,2012,I,539627.901407465,1027778.72699519,BRA
241014,76,lobsterscrab,426063.637185886,811390.167384147,8.24753886846528,2154.00675341596,322.50184547524,2012,I,4429077.91501922,8435718.38712721,BRA
241122,76,pelagic30-90cm,681663.050893804,1298150.43737939,13.195311725207,3446.21480696503,515.973607505072,2012,I,8358794.78883256,15919942.4224534,BRA
241237,76,pelagic<30cm,2237482.10207573,4261032.43476325,43.312122870307,11311.8115179957,1693.62518684602,2012,I,25459427.7971222,48491230.0933375,BRA
241334,76,pelagic>=90cm,3156410.45065952,6011027.88496435,61.1003042845608,15957.5444461293,2389.19284954352,2012,I,41942380.0449922,79881541.3304463,BRA
241449,76,rays<90cm,482104.696993277,918114.048346712,9.33235526360343,2437.32786030742,364.921201723627,2012,I,5208697.64292464,9920487.93604222,BRA
241595,76,reef-associated30-90cm,415072.107330169,790458.037835745,8.03477001940863,2098.43798980129,314.181988172987,2012,I,4245339.50049387,8085783.26552843,BRA
241662,76,reef-associated<30cm,23656.9844012983,45052.0599691519,0.457940742488801,119.600218649075,17.906764299787,2012,I,231457.152611547,440847.455171932,BRA
241712,76,reef-associated>=90cm,93692.2462079798,178426.32108997,1.81365029735452,473.670394421973,70.9188010231701,2012,I,999397.703380027,1903453.74096318,BRA
241771,76,shark>=90cm,31286.9279138978,59582.427274632,0.605637589138271,158.174150850549,23.6821242435215,2012,I,339535.833699266,646680.153406929,BRA
241846,76,shrimp,859358.279956856,1636550.96976261,16.6350521314012,4344.57056898144,650.47708140744,2012,I,8237620.17087833,15689980.1002548,BRA
241939,76,bathydemersal30-90cm,514274.374116728,1331766.64496046,109.512518985977,2524.72810869156,432.169255312916,2013,APW,5758358.88980528,14977511.7149826,BRA
242043,76,benthopelagic30-90cm,457784.470571516,1185480.20117691,97.4832366692449,2247.40212373882,384.698098326409,2013,APW,4895773.51723109,12720362.8193352,BRA
242133,76,benthopelagic>=90cm,1195977.7854496,3097108.08653656,254.678332282853,5871.41589055713,1005.03710649838,2013,APW,13473716.7895815,35044296.2718664,BRA
242205,76,cephalopods,620957.122183914,1608032.64734997,132.23015194844,3048.46591542223,521.819850612589,2013,APW,6973359.58959422,18140780.1103351,BRA
242294,76,demersal30-90cm,21005577.6206674,54396114.2947852,4473.0475282687,103122.719947473,17651.9875277336,2013,APW,206411733.67287,535107178.295418,BRA
242398,76,demersal<30cm,7069100.50032022,18306166.3773722,1505.33458736831,34704.3477851242,5940.50190465475,2013,APW,74046930.4605357,192358747.019563,BRA
242542,76,demersal>=90cm,7843335.04895941,20311126.7626229,1670.20450890207,38505.2988455902,6591.12807847025,2013,APW,76004646.0045836,197007651.979375,BRA
242611,76,demersalmollusc,4914738.64529732,12727223.6882242,1046.57248405318,24127.9352601738,4130.08900947815,2013,APW,48441475.9185849,125587713.180632,BRA
242701,76,flatfish<90cm,426118.892160822,1103478.91306456,90.7401877610449,2091.94624276329,358.088004319088,2013,APW,4668386.80003987,12136402.7000263,BRA
242803,76,lobsterscrab,4036831.84084766,10453793.2814342,859.626000951946,19818.025808021,3392.3421004186,2013,APW,43292754.3091864,112512496.04729,BRA
242908,76,pelagic30-90cm,2935115.10049044,7600783.91358017,625.020153338482,14409.3658354661,2466.51704047135,2013,APW,33024747.6637854,85962332.909054,BRA
243017,76,pelagic<30cm,17548596.8708857,45443905.3445786,3736.89832650291,86151.358142464,14746.9219217908,2013,APW,176030875.799917,456650036.449328,BRA
243094,76,pelagic>=90cm,5206519.0295608,13482819.1504388,1108.70586358677,25560.3732247915,4375.28596606118,2013,APW,63270938.0676576,165008762.018989,BRA
243208,76,rays<90cm,3730384.80104676,9660216.99882311,794.369420119912,18313.5848050263,3134.82005450476,2013,APW,40871179.4013266,106258328.700807,BRA
243327,76,reef-associated30-90cm,4219408.40688695,10926594.1695208,898.504896461981,20714.3492716575,3545.76988635156,2013,APW,46074843.0126337,119773041.831675,BRA
243408,76,reef-associated<30cm,240143.016540652,621875.161480313,51.1374238769456,1178.93454249492,201.803616610721,2013,APW,2351874.4070262,6096359.09915801,BRA
243456,76,reef-associated>=90cm,873620.274476012,2262329.99438598,186.033684955443,4288.86558285284,734.144733723147,2013,APW,10175641.607695,26494584.3096154,BRA
243519,76,shark>=90cm,166310.088856148,430677.164187761,35.4150190638989,816.466417980228,139.758290261752,2013,APW,1891483.0399442,4921769.62077118,BRA
243588,76,shrimp,9596754.61941839,24851787.9662242,2043.58767490188,47113.36469268,8064.61007204195,2013,APW,96293947.0096082,249786802.90595,BRA
243661,76,bathydemersal30-90cm,23938.425385684,65128.7109118731,77.0904325688474,116.233875652145,223.358944512032,2013,UP,195401.614812015,531617.682508945,BRA
243750,76,benthopelagic30-90cm,25474.0827877578,69306.7378868283,82.0358076925687,123.690314772141,237.687489975361,2013,UP,208146.454626727,566291.827486971,BRA
243825,76,benthopelagic>=90cm,50418.9031100857,137173.523832285,162.36719783281,244.810776824107,470.436664094786,2013,UP,410612.355721509,1117128.61191599,BRA
243889,76,cephalopods,32217.696691138,87653.9296230565,103.75269610578,156.434171866448,300.609192609839,2013,UP,263197.606883947,716066.245239624,BRA
243965,76,demersal30-90cm,1611651.79315545,4384783.12737294,5190.10469080451,7825.43258806886,15037.6157846791,2013,UP,13152625.9248614,35783571.9873977,BRA
244054,76,demersal<30cm,567286.174630052,1543402.1526695,1826.86771949131,2754.47819222743,5293.09840393313,2013,UP,4608280.98253543,12537473.0829197,BRA
244180,76,demersal>=90cm,636187.492263679,1730860.34698714,2048.7550113813,3089.03098996013,5935.98636895939,2013,UP,5186363.2650433,14110230.9162789,BRA
244240,76,demersalmollusc,357566.04069338,972821.516913519,1151.49264435194,1736.17462476204,3336.29184693083,2013,UP,2920531.0940319,7945716.78910079,BRA
244321,76,flatfish<90cm,23166.1008768011,63027.4657857308,74.6032668712694,112.48382653729,216.15272336985,2013,UP,189663.637139548,516006.748247741,BRA
244408,76,lobsterscrab,228691.123363618,622194.560489678,736.468558007172,1110.41788119,2133.81653599974,2013,UP,1867010.56822134,5079465.49911041,BRA
244497,76,pelagic30-90cm,166590.146808217,453237.894198649,536.480836656597,808.884381366154,1554.37956998794,2013,UP,1361041.85135176,3702906.51346706,BRA
244588,76,pelagic<30cm,1310549.65884668,3565581.63252142,4220.44635249342,6363.42046847593,12228.1638752086,2013,UP,10724800.1103683,29178334.3753265,BRA
244655,76,pelagic>=90cm,220066.456610207,598729.632506983,708.693995559122,1068.54050509671,2053.34355451609,2013,UP,1809597.90299996,4923270.81525976,BRA
244752,76,rays<90cm,191238.712432203,520298.666954276,615.858178964627,928.566368196225,1784.36452149613,2013,UP,1556541.15023504,4234788.73326645,BRA
244852,76,reef-associated30-90cm,233845.129168735,636216.942860755,753.066330441127,1135.4433396406,2181.90630289512,2013,UP,1904543.04562703,5181577.04602889,BRA
244919,76,reef-associated<30cm,17049.8502373358,46387.1265259681,54.9067162461038,82.7861540784273,159.084672101156,2013,UP,139696.161272998,380063.186878354,BRA
244959,76,reef-associated>=90cm,26904.889667353,73199.5005113745,86.6435260154474,130.637648452015,251.037721215636,2013,UP,220955.711398596,601141.473655071,BRA
245005,76,shark>=90cm,7853.67896243368,21367.3196335168,25.2917014680901,38.1338174597442,73.2792326697729,2013,UP,64137.0319306368,174493.843143882,BRA
245061,76,shrimp,699236.065035539,1902395.11601669,2251.79433704796,3395.16557690719,6524.26493951794,2013,UP,5698523.0203807,15503633.0483142,BRA
245127,76,bathydemersal30-90cm,55814.415867137,107435.075928934,1.07899413055404,282.15166329411,41.3114009718223,2013,I,608814.209639602,1172020.89327744,BRA
245267,76,benthopelagic30-90cm,37540.6844598084,72260.6556514794,0.725729680402586,189.774745412517,27.7859804565102,2013,I,381096.10780725,733659.841497769,BRA
245369,76,benthopelagic>=90cm,129092.123455978,248484.587177885,2.49558543873914,652.583329689896,95.5483702828449,2013,I,1409541.89329292,2713484.64793806,BRA
245452,76,cephalopods,70897.3979299914,136467.74245392,1.37057559502393,358.398783511223,52.4751677186181,2013,I,793708.897415536,1527959.69626621,BRA
245548,76,demersal30-90cm,1874829.30837818,3608788.62512643,36.2438590120912,9477.59104047007,1387.6670410115,2013,I,18513337.9722846,35640970.442217,BRA
245658,76,demersal<30cm,607662.044863583,1169665.88138189,11.7472120702479,3071.83823417759,449.764993518414,2013,I,6110440.19185642,11763402.4903103,BRA
245793,76,demersal>=90cm,601085.817762571,1157007.54845936,11.6200816446591,3038.59425256597,444.897556487479,2013,I,5683772.11966006,10942295.8872119,BRA
245870,76,demersalmollusc,422998.24975476,814213.467509676,8.17732518793138,2138.33035577955,313.084890964286,2013,I,4087429.84883908,7868985.93134883,BRA
245954,76,flatfish<90cm,42752.6768103147,82293.0242648249,0.826486968055221,216.122281043314,31.6436703115179,2013,I,459159.287517359,883927.519971843,BRA
246080,76,lobsterscrab,369491.938067211,711221.17475662,7.14295090735322,1867.84656400589,273.48184823229,2013,I,3813302.8425972,7341069.78115657,BRA
246183,76,pelagic30-90cm,576514.692851639,1109711.51159409,11.1450771292823,2914.38290582125,426.711079432151,2013,I,7064927.11585188,13600441.641675,BRA
246296,76,pelagic<30cm,2089965.40041351,4022896.02056867,40.4028307933069,10565.141725348,1546.90141126342,2013,I,23751083.6297838,45724390.3269883,BRA
246392,76,pelagic>=90cm,3504857.4613728,6746368.68688225,67.7552666367043,17717.6692969273,2594.1429232283,2013,I,46878503.4710581,90243014.8727561,BRA
246507,76,rays<90cm,360050.219880967,693047.165506871,6.96042532956068,1820.11702228777,266.493499437538,2013,I,3837323.88064608,7387242.63314252,BRA
246652,76,reef-associated30-90cm,346244.526235349,666473.103554861,6.69353617233455,1750.32681908449,256.275125975637,2013,I,3535392.67650163,6806061.64031693,BRA
246716,76,reef-associated<30cm,20660.1251838041,39767.9001623335,0.399397780367377,104.440557048042,15.2917253067358,2013,I,200487.191679936,385971.046435093,BRA
246767,76,reef-associated>=90cm,79823.7505837105,153649.743917549,1.54313822012684,403.523062055891,59.082065380532,2013,I,857781.779551847,1651308.95102306,BRA
246825,76,shark>=90cm,17791.3084918482,34245.8224994561,0.343938338139686,89.9381854161665,13.1683520735882,2013,I,196096.576246604,377502.201842125,BRA
246901,76,shrimp,759762.426292183,1462438.20146673,14.6875889651196,3840.73234407754,562.34307478189,2013,I,7352015.55009508,14153826.878957,BRA
246995,76,bathydemersal30-90cm,612297.29805403,1601396.97904586,133.254299478223,3006.09991891101,524.12523419553,2014,APW,6879943.29752921,18073015.3934316,BRA
247096,76,benthopelagic30-90cm,531635.151471797,1390433.90886628,115.699791445302,2610.08564109096,455.078601779399,2014,APW,5693792.12207942,14941189.6368825,BRA
247186,76,benthopelagic>=90cm,1394909.24064414,3648233.38451769,303.574185756628,6848.36691018448,1194.03945560055,2014,APW,15785956.0591263,41477321.6127302,BRA
247263,76,cephalopods,600088.576893473,1569466.3968815,130.597314724337,2946.16067729195,513.674593864695,2014,APW,6705746.31482852,17616264.9122219,BRA
247354,76,demersal30-90cm,24867021.0489233,65036988.5873671,5411.81135457518,122085.709338097,21286.119132706,2014,APW,242967092.961946,636082763.197436,BRA
247459,76,demersal<30cm,6821568.85989526,17841071.321575,1484.57845993564,33490.7857045084,5839.24898515238,2014,APW,70809416.5791574,185663912.854844,BRA
247601,76,demersal>=90cm,9165256.9377915,23970732.5493755,1994.63544370493,44997.2231219325,7845.44118396271,2014,APW,88372121.9500806,231324736.45565,BRA
247670,76,demersalmollusc,4771663.52328691,12479766.8967351,1038.45743262659,23426.6872906528,4084.53421171938,2014,APW,46815005.8154579,122573295.855606,BRA
247759,76,flatfish<90cm,499444.309064549,1306242.26218134,108.694096387975,2452.04331580608,427.523306550639,2014,APW,5560471.94622963,14604842.731676,BRA
247863,76,lobsterscrab,3871873.55238229,10126464.1045099,842.636084677665,19009.1297296939,3314.31583785753,2014,APW,41419729.3023326,108701053.652693,BRA
247971,76,pelagic30-90cm,3305785.74624377,8645923.02502779,719.438359830778,16229.8972987525,2829.74583418359,2014,APW,36697077.9580611,96428625.8212364,BRA
248082,76,pelagic<30cm,10960547.1478072,28666118.8069448,2385.3445650028,53811.2776211141,9382.20593004913,2014,APW,111829541.246012,293074335.965672,BRA
248159,76,pelagic>=90cm,5364975.90440672,14031510.8906664,1167.5800434386,26339.5799433586,4592.40839586788,2014,APW,63454545.5230269,167019827.95361,BRA
248274,76,rays<90cm,3967293.7420168,10376025.2309535,863.402386548075,19477.5992546034,3395.99532492716,2014,APW,43729244.1301017,114839342.361331,BRA
248397,76,reef-associated30-90cm,4952472.93816674,12952654.2534029,1077.80699695662,24314.3788893844,4239.30670086775,2014,APW,54010838.248395,141799732.779054,BRA
248478,76,reef-associated<30cm,278261.933953591,727763.819688486,60.5581621840987,1366.13893243099,238.191646059261,2014,APW,2714450.49949057,7105754.98705219,BRA
248525,76,reef-associated>=90cm,990857.9911852,2591481.2931404,215.640486929165,4864.65992324421,848.172412870306,2014,APW,11447542.1119789,30094445.8486839,BRA
248587,76,shark>=90cm,390821.033205202,1022149.89991213,85.0544060322132,1918.75267122803,334.542004689918,2014,APW,4371503.37486962,11482960.1956689,BRA
248659,76,shrimp,9377790.47037258,24526590.8850288,2040.88912976517,46040.6656409316,8027.36945294656,2014,APW,92766634.1303947,242938936.999011,BRA
248734,76,bathydemersal30-90cm,23118.9526416109,63527.6003145128,74.4489665559963,112.251178683842,213.973330234817,2014,UP,189511.496930281,520744.945678381,BRA
248821,76,benthopelagic30-90cm,29567.6442609674,81247.6895459202,95.2154101809247,143.561993082004,273.658041858281,2014,UP,241638.224616471,663980.027448381,BRA
248897,76,benthopelagic>=90cm,57734.2124432117,158645.420898702,185.918995464578,280.321236761798,534.348674719963,2014,UP,470206.967384769,1292047.10768027,BRA
248965,76,cephalopods,30847.7139715335,84765.1394152189,99.3375634872883,149.777211220818,285.505498062225,2014,UP,252051.636849867,692594.284413139,BRA
249043,76,demersal30-90cm,1883294.93964347,5175027.17595766,6064.69350710273,9144.10267893359,17430.4993957465,2014,UP,15357347.2093965,42199326.1415428,BRA
249133,76,demersal<30cm,494962.3196933,1360086.19869853,1593.90582075941,2403.22754455843,4581.03520204043,2014,UP,4030097.72019765,11074008.6561145,BRA
249260,76,demersal>=90cm,741822.9120986,2038424.0668034,2388.8603445598,3601.82822935811,6865.80925212566,2014,UP,6058688.07905048,16648226.0173565,BRA
249320,76,demersalmollusc,357896.553777209,983448.929316022,1152.51884355299,1737.72188693654,3312.44752642642,2014,UP,2923876.0657442,8034305.20335648,BRA
249400,76,flatfish<90cm,24397.1873323975,67040.0078099231,78.5652106272696,118.45748711397,225.803802741473,2014,UP,198369.043550723,545083.646487375,BRA
249488,76,lobsterscrab,238760.536566963,656080.06439723,768.870263169799,1159.27187828525,2209.80543235911,2014,UP,1950521.69578187,5359695.83032638,BRA
249581,76,pelagic30-90cm,193132.036976087,530699.424110661,621.934772937977,937.728413922925,1787.49901725339,2014,UP,1579414.75030429,4339958.80658509,BRA
249672,76,pelagic<30cm,643150.679822359,1767286.77821778,2071.11040862553,3122.73756517126,5952.56605858021,2014,UP,5259511.64844486,14452228.0298299,BRA
249739,76,pelagic>=90cm,250880.187857953,689383.145860337,807.898653755678,1218.11732702768,2321.97669669875,2014,UP,2066802.02277916,5679219.46586864,BRA
249839,76,rays<90cm,210530.424215428,578507.722686808,677.962049337107,1022.20410385097,1948.52667780649,2014,UP,1722455.46652767,4733009.92497059,BRA
249942,76,reef-associated30-90cm,264452.015948706,726676.603044674,851.603426687892,1284.01363832249,2447.58832361675,2014,UP,2156766.42252873,5926420.20284881,BRA
250009,76,reef-associated<30cm,20641.4667153509,56719.8206478422,66.4708254296933,100.222056097433,191.043402462154,2014,UP,168604.617561611,463296.288141464,BRA
250048,76,reef-associated>=90cm,37008.4540723218,101693.978745944,119.176729250284,179.689913089223,342.525125919596,2014,UP,304566.558595667,836896.642749934,BRA
250092,76,shark>=90cm,18710.4055569797,51413.5386828414,60.2523124275773,90.8460305266372,173.170811374265,2014,UP,152745.544099927,419718.293341469,BRA
250153,76,shrimp,676188.878656904,1858071.05911529,2177.50189608748,3283.15040126548,6258.34519741818,2014,UP,5521528.61910333,15172203.9936527,BRA
250220,76,bathydemersal30-90cm,64993.9190599697,126245.445638514,1.25608806860391,328.529769461797,46.7574048577328,2014,I,722801.519609342,1404081.94559406,BRA
250363,76,benthopelagic30-90cm,41055.346540219,79746.6993032256,0.793445474398695,207.525622844609,29.5357086865971,2014,I,422214.685248713,820187.554127327,BRA
250466,76,benthopelagic>=90cm,139366.928955463,270709.018747111,2.69343869627867,704.468751885696,100.262240147986,2014,I,1531562.0941022,2975148.02289417,BRA
250551,76,cephalopods,68784.9571936588,133609.231444054,1.32935458085955,347.692621957775,49.4847231578409,2014,I,778733.706319981,1512737.06575231,BRA
250650,76,demersal30-90cm,1997574.78731177,3880127.90839317,38.6056094597273,10097.2951600703,1437.07925933432,2014,I,19753442.572066,38373034.0514442,BRA
250760,76,demersal<30cm,492074.66557966,955815.349220703,9.50995301155116,2487.32771894724,354.004415974855,2014,I,4906491.65705314,9531326.68612941,BRA
250894,76,demersal>=90cm,633054.78471761,1229657.85978418,12.2345686082217,3199.95078752004,455.427204487458,2014,I,5974331.52269685,11605865.1818913,BRA
250971,76,demersalmollusc,365429.153271564,709816.656255274,7.06237146464294,1847.16289177996,262.89411553366,2014,I,3562887.4981435,6921291.57390254,BRA
251052,76,flatfish<90cm,51474.0295316852,99984.150687107,0.994799440822417,260.189742362062,37.0310341841543,2014,I,571169.495877536,1109530.34202885,BRA
251178,76,lobsterscrab,322705.790640732,626829.970231178,6.23668951120187,1631.20581950696,232.158416066602,2014,I,3368126.09138389,6542854.97165319,BRA
251280,76,pelagic30-90cm,693862.237522763,1347771.43238543,13.4097480258573,3507.31890350029,499.17281531229,2014,I,8615174.94352848,16735353.3419193,BRA
251395,76,pelagic<30cm,1785737.7512751,3468651.5517741,34.5115960919758,9026.50617520572,1284.6811550026,2014,I,22131999.2073267,42993381.047907,BRA
251489,76,pelagic>=90cm,2699599.93764796,5243755.14053255,52.173115896499,13645.8757677965,1942.12457202415,2014,I,35913136.7568241,69762452.1794216,BRA
251604,76,rays<90cm,382693.052468009,743350.388011048,7.39601772127543,1934.42805296814,275.313971665222,2014,I,4167024.52257035,8094709.43346435,BRA
251749,76,reef-associated30-90cm,361981.152384641,703119.19263364,6.9957345724961,1829.734016081,260.413582342994,2014,I,3700797.09578206,7189103.14989183,BRA
251814,76,reef-associated<30cm,21175.0355200508,41130.7986086141,0.40923381531214,107.035083256462,15.2335745098604,2014,I,207472.733061633,403037.531367806,BRA
251861,76,reef-associated>=90cm,83712.071741985,162603.947496055,1.61783957690258,423.145857771521,60.2234683879884,2014,I,908669.878535033,1765149.0579168,BRA
251917,76,shark>=90cm,42252.9821240141,82073.009828511,0.816591266945109,213.579403689559,30.3973020890794,2014,I,474877.807223337,922476.820618129,BRA
251995,76,shrimp,676272.5091508,1313604.80373622,13.0698047164283,3418.40674847846,486.51855376412,2014,I,6529963.64364363,12685174.3785895,BRA
252085,76,bathydemersal30-90cm,594051.725855692,1588100.2123459,132.247779812887,2924.56501789894,530.177279091892,2015,APW,6515451.80138931,17486117.3700734,BRA
252194,76,benthopelagic30-90cm,527041.308876034,1408958.81303174,117.329922521705,2594.66727868905,470.372048337089,2015,APW,5499529.63712583,14742484.5332394,BRA
252288,76,benthopelagic>=90cm,1333443.64140008,3564743.67111455,296.851188887227,6564.65162416814,1190.06728008667,2015,APW,14818102.392355,39782337.0586958,BRA
252367,76,cephalopods,585720.678516857,1565828.51870035,130.393122270246,2883.55059348242,522.742014084073,2015,APW,6432484.08786562,17268610.3710966,BRA
252458,76,demersal30-90cm,25141344.1683005,67211275.1710759,5596.96538711362,123772.884510449,22438.0619796404,2015,APW,242866336.118899,649760782.208932,BRA
252564,76,demersal<30cm,6980892.77410681,18662276.0517257,1554.0861684353,34367.5035561059,6230.28361928752,2015,APW,75477998.6699862,202579168.090909,BRA
252708,76,demersal>=90cm,9394978.82729441,25115940.6179992,2091.50994302571,46252.2457663578,8384.79899137752,2015,APW,90527511.3675016,242210283.9141,BRA
252778,76,demersalmollusc,4839853.34514723,12938557.015519,1077.44802625349,23826.9921101403,4319.45597672968,2015,APW,46653951.27864,124816886.358774,BRA
252868,76,flatfish<90cm,489104.17224517,1307540.07773139,108.884358148227,2407.8996659697,436.514040692188,2015,APW,5340631.42664457,14331940.8923219,BRA
252973,76,lobsterscrab,4046298.9195197,10817118.9369884,900.786960588267,19920.2590564719,3611.22720155946,2015,APW,42606007.1920882,114261887.93632,BRA
253077,76,pelagic30-90cm,3232674.1299288,8642026.02019227,719.657831017717,15914.7179667538,2885.08609570598,2015,APW,35135920.6597199,94343464.9153225,BRA
253189,76,pelagic<30cm,10828186.4683255,28947387.0392323,2410.57059092502,53308.0436841356,9663.90330910513,2015,APW,107678258.210013,288310682.644297,BRA
253268,76,pelagic>=90cm,5019257.95495446,13418165.9225048,1117.38707583882,24710.2156124982,4479.57039731676,2015,APW,56359714.8988341,151442274.504744,BRA
253385,76,rays<90cm,3865840.26281844,10334692.207878,860.613259110704,19031.8463954274,3450.17206875829,2015,APW,41609093.3776402,111655006.908496,BRA
253507,76,reef-associated30-90cm,4832531.9498495,12918984.4616135,1075.81813742207,23790.9482849345,4312.92180256747,2015,APW,51672609.1313273,138624534.883043,BRA
253588,76,reef-associated<30cm,283655.070774333,758305.478333277,63.1472845037831,1396.45701044185,253.155520097397,2015,APW,2756123.9250209,7374400.48892467,BRA
253634,76,reef-associated>=90cm,961885.3884254,2571443.39983262,214.134900240348,4735.44009011166,858.460224653078,2015,APW,10936672.7343604,29380167.8041514,BRA
253696,76,shark>=90cm,346543.201937143,926426.620157813,77.1474386332631,1706.06040091239,309.281707121003,2015,APW,3762189.28359766,10097699.1701826,BRA
253770,76,shrimp,9372692.78672418,25056362.5303992,2086.54862525159,46142.5297739579,8364.90922111512,2015,APW,91161137.0762222,243955390.808507,BRA
253843,76,bathydemersal30-90cm,24936.80486768,70278.8880475578,80.2144364200914,120.944123903223,115.64769276125,2015,UP,205394.447789606,578852.856170569,BRA
253933,76,benthopelagic30-90cm,27423.9732042246,77288.4237922914,88.2149323720164,133.006952202974,127.182261089328,2015,UP,223585.964554908,630120.719711507,BRA
254009,76,benthopelagic>=90cm,56653.5035025603,159665.412280574,182.237815902849,274.770901225037,262.738029257476,2015,UP,462853.074160948,1304434.93492022,BRA
254078,76,cephalopods,29383.4023263373,82810.642883341,94.5178450173768,142.510232185388,136.269369814923,2015,UP,240129.712083656,676745.201176589,BRA
254157,76,demersal30-90cm,1802177.5136127,5079040.09327063,5797.08003292618,8740.60576960575,8357.83383241851,2015,UP,14686636.7564012,41390583.6090585,BRA
254248,76,demersal<30cm,391162.008874583,1102403.90362858,1258.25422532348,1897.14547307048,1814.06495588501,2015,UP,3187931.13527353,8984380.14432032,BRA
254375,76,demersal>=90cm,696570.255959684,1963129.73115885,2240.66358161318,3378.38306836483,3230.43563019809,2015,UP,5676917.12633464,15998960.4326784,BRA
254433,76,demersalmollusc,348275.717974356,981538.345553078,1120.30152156036,1689.14589542173,1615.17417496836,2015,UP,2843919.95572332,8014872.47428625,BRA
254513,76,flatfish<90cm,22514.100434266,63451.0296049191,72.4213020642688,109.193947137174,104.41208421182,2015,UP,184071.307151951,518758.68300424,BRA
254603,76,lobsterscrab,228057.987200134,642731.169283145,733.59610469058,1106.08691078949,1057.64873148016,2015,UP,1862022.78927452,5247642.47285383,BRA
254693,76,pelagic30-90cm,192808.692590321,543388.801935628,620.209393107632,935.126955117074,894.175519305742,2015,UP,1572163.51638104,4430746.96091304,BRA
254786,76,pelagic<30cm,686283.347967097,1934138.34838136,2207.57359548588,3328.49130871726,3182.72874949294,2015,UP,5603617.94496943,15792386.301308,BRA
254856,76,pelagic>=90cm,246431.901955329,694513.998114971,792.69963558555,1195.20085439739,1142.8601633258,2015,UP,2016485.356764,5682957.50757794,BRA
254956,76,rays<90cm,204841.499441233,577300.615821181,658.915427229456,993.486367656184,949.979234221653,2015,UP,1677479.82397584,4727555.4568325,BRA
255060,76,reef-associated30-90cm,265904.315325565,749392.703166564,855.33671649951,1289.64254361303,1233.16602611417,2015,UP,2169251.86888213,6113490.04937465,BRA
255128,76,reef-associated<30cm,19351.2719951275,54537.2947873547,62.2474044023532,93.8541505330152,89.7440538235276,2015,UP,157982.942219891,445235.152071182,BRA
255166,76,reef-associated>=90cm,31844.6612582001,89747.1586818274,102.434997962627,154.447399227944,147.683779891446,2015,UP,261741.079417645,737651.680422259,BRA
255210,76,shark>=90cm,19111.1696216982,53860.6191702606,61.4750650160543,92.6896480494139,88.6305476762509,2015,UP,156353.163303653,440642.082750296,BRA
255272,76,shrimp,685437.256839636,1931753.82703067,2204.85196682056,3324.38774570283,3178.8048912731,2015,UP,5580857.85054462,15728240.4582856,BRA
255338,76,bathydemersal30-90cm,48964.1899044147,96366.6698645624,0.945496483678188,247.485074894085,35.5061291681187,2015,I,532801.644271428,1048699.64933621,BRA
255487,76,benthopelagic30-90cm,36684.4790943988,72198.9088953482,0.708375775378502,185.418385841797,26.601560359389,2015,I,367719.7892474,723784.154886595,BRA
255595,76,benthopelagic>=90cm,134831.353495746,265362.268937389,2.60358786428742,681.492896811045,97.7722589197909,2015,I,1498309.36094389,2949060.921949,BRA
255682,76,cephalopods,65837.3725035095,129574.865900597,1.27131694240624,332.769052171978,47.7416302968058,2015,I,744325.999723768,1465029.05865491,BRA
255782,76,demersal30-90cm,1904192.48175025,3747650.85679204,36.7698781345298,9624.56889164676,1380.81533361362,2015,I,18700373.8738953,36808232.3644831,BRA
255892,76,demersal<30cm,525849.995967965,1034928.037381,10.1541416921323,2657.86130413346,381.317405972438,2015,I,5433046.34051413,10693770.8560738,BRA
256027,76,demersal>=90cm,600731.186385212,1182302.08707101,11.6000943847298,3036.34151701451,435.617114073553,2015,I,5687413.66367682,11194711.9882083,BRA
256105,76,demersalmollusc,340211.98103,669572.921024286,6.56947929490923,1719.57072647256,246.702959174326,2015,I,3273904.55999301,6444107.49990067,BRA
256187,76,flatfish<90cm,46514.9767363067,91546.3610376471,0.8982022786123,235.105748175435,33.7300949015075,2015,I,512088.76488457,1007927.20512814,BRA
256316,76,lobsterscrab,332124.893639798,653656.683418418,6.41331797159189,1678.69527377241,240.838649562935,2015,I,3478157.49938613,6846009.31620836,BRA
256415,76,pelagic30-90cm,660413.022925356,1299762.21150077,12.7525481820523,3337.99796869456,478.895089290169,2015,I,8314902.50051252,16365794.0126425,BRA
256529,76,pelagic<30cm,1508562.74444139,2969009.96927256,29.1302842559364,7624.89412199677,1093.92647497919,2015,I,18398577.3914296,36213882.6904747,BRA
256625,76,pelagic>=90cm,2364463.8918343,4653513.34752769,45.6577000431862,11950.9691572006,1714.57876706854,2015,I,31270478.3014923,61547610.0889704,BRA
256740,76,rays<90cm,351932.453247404,692640.041690149,6.79580112909532,1778.810794575,255.201999008843,2015,I,3801556.91624502,7482493.02494368,BRA
256886,76,reef-associated30-90cm,328653.467554323,646824.552177378,6.34628487733316,1661.14926420031,238.321362884057,2015,I,3327064.08818436,6548645.87287779,BRA
256951,76,reef-associated<30cm,19768.1522879143,38905.8005264796,0.381722203788623,99.9163400649061,14.3347734317655,2015,I,190141.48212357,374260.077983862,BRA
256997,76,reef-associated>=90cm,72396.1631376178,142483.254929023,1.39796691851811,365.919866970827,52.4977034166901,2015,I,771633.880608825,1518788.51428093,BRA
257055,76,shark>=90cm,37977.5691990241,74743.8460721059,0.733345291863694,191.954192969674,27.5392379635824,2015,I,423256.636013329,833079.040044111,BRA
257136,76,shrimp,616855.606766344,1214036.64039782,11.9114562759705,3117.84094329805,447.309654150927,2015,I,5892019.97874511,11597416.4564085,BRA
257227,76,bathydemersal30-90cm,582348.34034452,1573662.88098278,131.500487761271,2866.54584580087,521.916537779255,2016,APW,6466903.1655039,17546706.6170295,BRA
257334,76,benthopelagic30-90cm,527112.898610043,1424401.76293648,119.027733867105,2594.65544090804,472.413021557828,2016,APW,5563549.52115191,15078176.2903623,BRA
257425,76,benthopelagic>=90cm,1342427.9506579,3627603.77250211,303.134598428565,6607.95437824862,1203.12070918065,2016,APW,14867140.3574351,40328892.0666747,BRA
257504,76,cephalopods,578331.473225709,1562808.21849851,130.593436175817,2846.77325789284,518.316511413371,2016,APW,6306862.48091039,17107335.7839913,BRA
257595,76,demersal30-90cm,25518321.2285654,68957412.8066221,5762.31004010403,125611.137942423,22870.2186352458,2016,APW,247694373.452148,669901116.750568,BRA
257701,76,demersal<30cm,6946733.38497761,18771954.3693656,1568.64674488748,34194.5333180019,6225.85278601145,2016,APW,73668684.6101125,199712412.251456,BRA
257843,76,demersal>=90cm,9568475.30224597,25856610.8419522,2160.66412867705,47099.7704090213,8575.52972267438,2016,APW,92005973.3390795,248792905.002794,BRA
257912,76,demersalmollusc,4856876.98103066,13124596.5568065,1096.73480244517,23907.4443404488,4352.86621897064,2016,APW,46962162.8858954,127003585.628954,BRA
258003,76,flatfish<90cm,484930.945280188,1310414.70466948,109.502597358057,2387.01940125877,434.60839928371,2016,APW,5352324.20911924,14520546.5576368,BRA
258108,76,lobsterscrab,4071273.4944608,11001683.2412911,919.337127353017,20040.3973260428,3648.78685036579,2016,APW,42939810.2670673,116386225.326251,BRA
258212,76,pelagic30-90cm,3296901.25243214,8909119.78928064,744.475587479281,16228.6348812876,2954.77323083207,2016,APW,36004754.5485496,97699442.6649996,BRA
258324,76,pelagic<30cm,11071604.3566739,29918472.5051632,2500.08675622068,54498.7583483083,9922.67516393778,2016,APW,111381941.097029,301547216.99338,BRA
258403,76,pelagic>=90cm,4786392.58031701,12934128.6230853,1080.8186704134,23560.4926071615,4289.69616792156,2016,APW,54506229.8581643,148056917.310738,BRA
258520,76,rays<90cm,3819247.10369038,10320639.699639,862.426871035611,18799.8250543545,3422.91389394579,2016,APW,41542374.6620125,112674403.15926,BRA
258643,76,reef-associated30-90cm,4912719.99190508,13275499.4911626,1109.34475195357,24182.3254378077,4402.91425530145,2016,APW,53106547.6200717,144029264.432507,BRA
258725,76,reef-associated<30cm,283925.009376467,767242.245378606,64.1133057896937,1397.58972381648,254.461372372146,2016,APW,2739432.91344756,7407279.96028206,BRA
258771,76,reef-associated>=90cm,965492.855094251,2609023.09263395,218.018619748799,4752.53270453816,865.301149279975,2016,APW,11109399.5860781,30164275.3686564,BRA
258835,76,shark>=90cm,323314.33933898,873682.879230362,73.0078380546877,1591.47938117538,289.76316907224,2016,APW,3418929.12197707,9266420.09397949,BRA
258906,76,shrimp,9386343.8709302,25364442.4041537,2119.53690224671,46203.2484106601,8412.29854389765,2016,APW,90824014.5226005,245636026.796338,BRA
258980,76,bathydemersal30-90cm,23647.2148135403,68040.6505637361,76.0646815604819,114.687289244682,109.217855253836,2016,UP,193472.327438064,556675.692583851,BRA
259069,76,benthopelagic30-90cm,26479.5727886714,76190.2563746901,85.1753700344698,128.424021494111,122.299483081642,2016,UP,216494.060992964,622915.856703014,BRA
259144,76,benthopelagic>=90cm,53697.0868203014,154503.807295678,172.724434649828,260.427004884754,248.007247455386,2016,UP,437869.797555139,1259877.46353119,BRA
259213,76,cephalopods,29202.8852087274,84026.1030149808,93.9352977322827,141.631890652713,134.877469286358,2016,UP,239047.31235252,687808.179615988,BRA
259292,76,demersal30-90cm,1715958.81959693,4937366.00046034,5519.62936069763,8322.27672589965,7925.38755443492,2016,UP,13990949.9778464,40255989.9136889,BRA
259384,76,demersal<30cm,387548.058180243,1115100.53979793,1246.60429853176,1879.58017868904,1789.94304640049,2016,UP,3185987.57764557,9167008.22646575,BRA
259508,76,demersal>=90cm,700074.777142632,2014340.53251686,2251.8916249447,3395.31226371275,3233.38990573404,2016,UP,5740367.56804959,16516695.5063016,BRA
259566,76,demersalmollusc,331708.63283461,954432.534809598,1066.98872262031,1608.76298620494,1532.04111913569,2016,UP,2707248.89454302,7789534.78934796,BRA
259647,76,flatfish<90cm,23860.3588704871,68653.934640225,76.7502902017535,115.721022574488,110.202289866681,2016,UP,195152.343349076,561509.560278675,BRA
259736,76,lobsterscrab,220963.133327865,635782.076696017,710.75982967628,1071.65528728032,1020.54807310408,2016,UP,1803787.46897404,5190015.95031502,BRA
259827,76,pelagic30-90cm,179454.427647767,516348.166157203,577.241083200628,870.341053361328,828.834510027421,2016,UP,1463740.67643389,4211603.48609622,BRA
259919,76,pelagic<30cm,708074.343913909,2037357.86168807,2277.62338675584,3434.10958658412,3270.33698523612,2016,UP,5760879.21553941,16575705.6336296,BRA
259988,76,pelagic>=90cm,225711.110771964,649443.536479158,726.032384824508,1094.68263602952,1042.4772481603,2016,UP,1846215.54780736,5312094.80528011,BRA
260090,76,rays<90cm,178393.316226339,513295.006958378,573.827865068703,865.194739367494,823.933623620818,2016,UP,1456433.13033447,4190577.64104193,BRA
260197,76,reef-associated30-90cm,251675.190868134,724150.554407578,809.549598166486,1220.60655508051,1162.39585862257,2016,UP,2051805.7848299,5903635.79009746,BRA
260265,76,reef-associated<30cm,18656.2160190094,53679.9401113468,60.0104131416337,90.4813044434415,86.1662532697828,2016,UP,152697.13085801,439353.691267166,BRA
260303,76,reef-associated>=90cm,27690.6958011949,79675.0472193872,89.0711221137135,134.297880903915,127.893218281301,2016,UP,227725.816066563,655233.16301855,BRA
260347,76,shark>=90cm,17108.3533562215,49226.2408748894,55.0314893456309,82.9742819751312,79.0172405175329,2016,UP,139347.395799665,400942.568055144,BRA
260409,76,shrimp,642707.889740419,1849277.52740438,2067.36274673335,3117.0869902316,2968.43318867193,2016,UP,5237996.84689477,15071224.0457494,BRA
260473,76,bathydemersal30-90cm,51920.2060145196,103149.417115558,1.00155791051328,262.407086929945,36.7124825332021,2016,I,582266.36390349,1156870.10072924,BRA
260623,76,benthopelagic30-90cm,31682.7986329261,62943.9376774046,0.611171642676697,160.126307910435,22.4027268129287,2016,I,320792.539483509,637375.366614876,BRA
260729,76,benthopelagic>=90cm,115849.539469472,230157.262204239,2.23477585301804,585.508851137042,81.9165508138222,2016,I,1288949.55629168,2560936.98446538,BRA
260817,76,cephalopods,63291.1678733699,125740.007134705,1.22090751780666,319.876446279905,44.7528250255259,2016,I,726743.820634411,1443923.346303,BRA
260911,76,demersal30-90cm,1695191.77691761,3367822.60916373,32.70080888227,8567.57648157536,1198.66046916515,2016,I,16300903.9746663,32388307.8679868,BRA
261020,76,demersal<30cm,467489.037508051,928756.363435529,9.01801783035086,2362.71089659902,330.55884098723,2016,I,4852020.15386093,9640309.96732472,BRA
261152,76,demersal>=90cm,533559.948873141,1060018.86254227,10.2925475175794,2696.63629314446,377.277206834339,2016,I,5063650.01136826,10061004.0230901,BRA
261227,76,demersalmollusc,292995.281221306,582091.150931393,5.65197567914499,1480.81150155687,207.175297824122,2016,I,2838552.62147548,5639919.56821981,BRA
261308,76,flatfish<90cm,40842.7516089123,81141.935774998,0.787870158866386,206.421127622275,28.8796774926275,2016,I,453210.8390437,900459.168403546,BRA
261437,76,lobsterscrab,291677.610760994,579473.346605008,5.62655738106262,1474.1519350111,206.243580531914,2016,I,3056847.00882645,6073538.80134842,BRA
261536,76,pelagic30-90cm,578954.565571246,1150203.94869706,11.1682246563795,2926.06275433223,409.375482256523,2016,I,7282178.81506641,14468418.8445684,BRA
261651,76,pelagic<30cm,1556221.75894266,3091732.09545033,30.0200313678653,7865.21567859221,1100.39555942814,2016,I,19429686.5217167,38604297.0069001,BRA
261747,76,pelagic>=90cm,2171264.48807132,4313632.08161453,41.8844086103251,10973.6696558927,1535.28877699346,2016,I,28987141.539891,57592124.8472291,BRA
261861,76,rays<90cm,296269.418173674,588595.850047933,5.71513486159952,1497.35913889946,209.490421451356,2016,I,3212787.13177875,6383326.18415114,BRA
262003,76,reef-associated30-90cm,301933.465258836,599848.562627428,5.82439619931604,1525.9854909489,213.49543694808,2016,I,3063720.8113613,6087225.00864277,BRA
262066,76,reef-associated<30cm,17092.5696724309,33957.6579920591,0.329721310459267,86.3866259435758,12.0860588529093,2016,I,167023.340144191,331858.063086532,BRA
262115,76,reef-associated>=90cm,65170.6076915769,129473.873708686,1.25716253221728,329.375220757378,46.0817662373315,2016,I,694108.209127319,1379093.31984998,BRA
262171,76,shark>=90cm,28032.5260990985,55691.9733059235,0.540756680710598,141.677664200619,19.8216398541809,2016,I,313579.636728422,623035.638391011,BRA
262250,76,shrimp,545660.617425758,1084059.15443868,10.5259734078385,2757.79362337364,385.833520781818,2016,I,5229059.58237215,10389628.7280164,BRA
262340,76,bathydemersal30-90cm,615244.120547993,1680979.49288408,139.534347036752,3020.30101646395,542.651503959969,2017,APW,6764707.98612789,18548646.4964941,BRA
262456,76,benthopelagic30-90cm,538942.943916906,1472508.2390237,122.229614615436,2645.73015323189,475.353098489459,2017,APW,5741870.81957186,15736515.26975,BRA
262551,76,benthopelagic>=90cm,1409181.90698823,3850188.58110397,319.595540612013,6917.82888108644,1242.91261916444,2017,APW,15747939.3016224,43197070.097104,BRA
262632,76,cephalopods,623866.789207093,1704538.48130252,141.489925905757,3062.63064474312,550.256784354705,2017,APW,6965696.74232738,19110357.436573,BRA
262720,76,demersal30-90cm,25168967.9995072,68767043.2889363,5708.19842316903,123557.230524801,22199.2829962873,2017,APW,245270751.6345,670696994.775469,BRA
262826,76,demersal<30cm,7171847.13318832,19595031.5422096,1626.53972466215,35207.3859200451,6325.64131141888,2017,APW,77091389.7204467,211287728.876263,BRA
262969,76,demersal>=90cm,9880905.02728298,26996761.3832879,2240.94076078937,48506.4489062045,8715.0576305969,2017,APW,97446470.7164354,266574095.500663,BRA
263041,76,demersalmollusc,4883206.90001498,13341973.3447622,1107.48735778558,23972.199442947,4307.037610927,2017,APW,47703788.504969,130461111.976494,BRA
263133,76,flatfish<90cm,500803.534337281,1368303.15493433,113.57978375005,2458.49959924655,441.713755619578,2017,APW,5470889.66954631,15001004.2704964,BRA
263236,76,lobsterscrab,4271347.94559767,11670242.8576017,968.720751068911,20968.5165788676,3767.3718597052,2017,APW,45882421.5772525,125784261.754049,BRA
263338,76,pelagic30-90cm,3321801.21506899,9075876.60713378,753.368212300746,16307.0873029874,2929.86208967697,2017,APW,36644227.4243886,100540019.679758,BRA
263448,76,pelagic<30cm,11405218.4989618,31161514.2113406,2586.64757867156,55989.4712931197,10059.5174540029,2017,APW,115573513.808819,316339125.146051,BRA
263525,76,pelagic>=90cm,5388859.3365776,14723524.7454208,1222.16684883234,26454.5028362034,4753.0281472108,2017,APW,63350553.5457154,174098953.539071,BRA
263640,76,rays<90cm,3711681.31719256,10141113.0454831,841.791105463417,18221.0515807139,3273.74026119487,2017,APW,40512153.1060373,111093697.548451,BRA
263762,76,reef-associated30-90cm,5039948.32781126,13770224.6985385,1143.03554574542,24741.6603410046,4445.28512952499,2017,APW,54707613.1830243,150000192.613163,BRA
263844,76,reef-associated<30cm,288002.703657873,786885.437192826,65.3175997533154,1413.8369300044,254.021282111785,2017,APW,2810733.87108044,7685814.30254675,BRA
263897,76,reef-associated>=90cm,1012505.40478972,2766382.91177069,229.631256428095,4970.50032848999,893.03995296439,2017,APW,11807941.4857061,32425528.382627,BRA
263962,76,shark>=90cm,339518.475396396,927637.624733754,77.0011239426571,1666.73351617347,299.45871103821,2017,APW,3742188.45856447,10262413.8210935,BRA
264032,76,shrimp,9249038.35734458,25270365.5180943,2097.63650811556,45404.5459661892,8157.74488283091,2017,APW,90806076.5396914,248372786.093715,BRA
264104,76,bathydemersal30-90cm,23186.1471656467,67375.151490774,74.6580560871409,112.566435528996,209.461937159695,2017,UP,189099.070510952,549484.937959963,BRA
264193,76,benthopelagic30-90cm,27381.8307933343,79567.1218946118,88.1679152872029,132.936061720101,247.365432470666,2017,UP,223924.64321596,650681.344648577,BRA
264267,76,benthopelagic>=90cm,52613.1857408619,152885.312698884,169.411422428315,255.431777360956,475.303625337635,2017,UP,429705.257491858,1248639.55927578,BRA
264337,76,cephalopods,26125.5178854876,75916.4820586342,84.1226602102408,126.836787660678,236.015994658302,2017,UP,214022.473290415,621907.638293656,BRA
264413,76,demersal30-90cm,1690333.16916453,4911831.72989913,5442.77527645548,8206.39920681601,15270.3447247716,2017,UP,13767166.0561183,40004688.4318256,BRA
264503,76,demersal<30cm,354899.836144149,1031280.87876908,1142.75699549706,1723.00336227326,3206.1388485774,2017,UP,2874910.95314237,8353925.70114552,BRA
264624,76,demersal>=90cm,654237.724719339,1901107.82524636,2106.60772561599,3176.25900215851,5910.33517575683,2017,UP,5343512.14385915,15527203.3645509,BRA
264682,76,demersalmollusc,327339.948577834,951196.353014091,1054.01574767431,1589.20285265186,2957.16486439582,2017,UP,2669421.87576719,7756817.85263054,BRA
264762,76,flatfish<90cm,24090.0061764193,70001.6179468724,77.5684299512868,116.954581016755,217.627332556204,2017,UP,196879.285197466,572092.759668481,BRA
264846,76,lobsterscrab,218265.3600938,634243.438396355,702.801866103336,1059.65658760308,1971.79310618737,2017,UP,1781883.49878539,5177805.43521172,BRA
264932,76,pelagic30-90cm,170253.020502338,494727.432123917,548.204902818063,826.561460128583,1538.05318438234,2017,UP,1389918.55321099,4038831.78855035,BRA
265022,76,pelagic<30cm,631760.695120475,1835793.25342716,2034.23298717943,3067.1352617997,5707.27935416433,2017,UP,5175330.940354,15038502.8032482,BRA
265086,76,pelagic>=90cm,228892.506069114,665124.186495215,737.020662982473,1111.25032302367,2067.79795625645,2017,UP,1869900.3425518,5433565.53313805,BRA
265184,76,rays<90cm,187815.618871769,545761.470563181,604.755456246951,911.826126265242,1696.71239799855,2017,UP,1534025.90752933,4457579.74582178,BRA
265285,76,reef-associated30-90cm,245087.877475618,712185.286994839,789.168824476521,1189.87723840871,2214.10574269584,2017,UP,1998687.87887122,5807796.05608456,BRA
265351,76,reef-associated<30cm,17997.0110572828,52296.3706605868,57.9493372191763,87.3736964757912,162.583665678083,2017,UP,146959.139463562,427034.551151728,BRA
265396,76,reef-associated>=90cm,30124.7816381204,87537.6884306791,97.0000587455924,146.252814918593,272.145047358456,2017,UP,248302.297948062,721518.420022963,BRA
265441,76,shark>=90cm,15301.8094030786,44464.5554628043,49.2709433994445,74.2887608425376,138.235413443598,2017,UP,124780.686713737,362588.271508078,BRA
265499,76,shrimp,622407.970362915,1808615.7649511,2004.11775309035,3021.72871447985,5622.78753104246,2017,UP,5077221.63930228,14753413.0005765,BRA
265563,76,bathydemersal30-90cm,43143.7239985712,86585.1967054665,0.82925402561768,218.0384214647,29.1890399053878,2017,I,482355.06470219,968119.674708585,BRA
265720,76,benthopelagic30-90cm,26861.2112391063,53907.8003317964,0.516292185480638,135.750360756956,18.1730479916683,2017,I,273007.012693296,547954.145740598,BRA
265831,76,benthopelagic>=90cm,102320.662063291,205347.471909256,1.96667818759126,517.105005591122,69.2254078078975,2017,I,1147046.09140227,2302194.42385982,BRA
265920,76,cephalopods,47512.4830150553,95352.8649483428,0.913224778851659,240.117121016584,32.1447393545713,2017,I,541030.756388486,1085884.71415697,BRA
266016,76,demersal30-90cm,1293324.86888106,2595575.38843831,24.8586527668752,6536.1653264147,875.003539558196,2017,I,12702794.6724804,25496112.4967449,BRA
266123,76,demersal<30cm,438489.697779815,880005.553878241,8.42809366891858,2216.02570829562,296.661764431361,2017,I,4686641.66307138,9406464.38490402,BRA
266255,76,demersal>=90cm,439859.817307697,882755.248639934,8.45442837098196,2222.94997610075,297.588723710233,2017,I,4231711.86655861,8493606.87418117,BRA
266332,76,demersalmollusc,248493.294837847,498701.521802615,4.77622342210796,1255.82774803586,168.119022361858,2017,I,2407002.6988989,4831173.60876028,BRA
266415,76,flatfish<90cm,35211.8723258203,70666.7530996601,0.676798017648929,177.952674159344,23.8227174465551,2017,I,395824.312572866,794447.411908525,BRA
266543,76,lobsterscrab,275079.807864799,552058.029910505,5.28723570653513,1390.18984744201,186.10622229054,2017,I,2933279.29566189,5887346.60042753,BRA
266643,76,pelagic30-90cm,603478.032110617,1211120.8601174,11.5992904904462,3049.83866284653,408.285208804336,2017,I,7773427.14067487,15601626.6300466,BRA
266754,76,pelagic<30cm,1394758.07830443,2799141.83049129,26.8082734635823,7048.78535122992,943.628538137425,2017,I,17847028.9964173,35820880.8824626,BRA
266846,76,pelagic>=90cm,2363210.70666945,4742730.69011173,45.4226434406017,11943.1213700456,1598.83860800389,2017,I,31777223.3724147,63778099.9830623,BRA
266957,76,rays<90cm,289132.782043415,580260.962360528,5.55734417954931,1461.21033484572,195.613811948652,2017,I,3238733.78282347,6500346.23252769,BRA
267103,76,reef-associated30-90cm,247981.797244858,497674.99659183,4.76639206321927,1253.24275727887,167.772966837559,2017,I,2528393.24964114,5074744.28483664,BRA
267165,76,reef-associated<30cm,14650.8361286755,29402.7823864268,0.281599818294323,74.0419436843284,9.91207528594495,2017,I,145957.142966628,292952.713764352,BRA
267215,76,reef-associated>=90cm,58501.2593905184,117406.254770452,1.12443712222585,295.651860085793,39.5792350873632,2017,I,640936.770770079,1286407.79529608,BRA
267271,76,shark>=90cm,24644.2648302241,49458.6076570591,0.473680849127777,124.546425383168,16.6731650161068,2017,I,280413.439502078,562808.998992859,BRA
267349,76,shrimp,441630.261644368,886308.355691099,8.48845761008738,2231.89739307551,298.786524106988,2017,I,4316117.42916285,8662972.25018392,BRA
